Ticker,Group,Category,GICS Sector,GICS Industry,EPS Type,FYE,Metric,Year,-1yr,-6m,-6m chg,-3m,-3m chg,Current,Current chg,Price,PE,12m Rev,Return_YTD,Return_3m,Return_12m
HCA,Portfolio,,Health Care,Health Care Equipment & Servic,Adj,Dec,EPS,CY2025,24.934,26.268,+5.4%,27.684,+5.4%,27.69,+0.0%,488.0,17.6,+11.1%,+4.5%,+4.0%,+45.7%
HCA,Portfolio,,Health Care,Health Care Equipment & Servic,Adj,Dec,EPS,CY2026,27.923,28.183,+0.9%,29.519,+4.7%,30.33,+2.7%,488.0,16.1,+8.6%,+4.5%,+4.0%,+45.7%
HCA,Portfolio,,Health Care,Health Care Equipment & Servic,Adj,Dec,EPS,CY2027,31.151,31.37,+0.7%,32.72,+4.3%,33.345,+1.9%,488.0,14.6,+7.0%,+4.5%,+4.0%,+45.7%
HCA,Portfolio,,Health Care,Health Care Equipment & Servic,Adj,Dec,EPS,CY2028,34.97,35.702,+2.1%,36.226,+1.5%,37.341,+3.1%,488.0,13.1,+6.8%,+4.5%,+4.0%,+45.7%
UNH,Portfolio,,Health Care,Health Care Equipment & Servic,GAAP,Dec,EPS,CY2025,26.958,14.794,-45.1%,14.947,+1.0%,14.947,+0.0%,324.63,21.7,-44.6%,-1.7%,-1.9%,-28.5%
UNH,Portfolio,,Health Care,Health Care Equipment & Servic,GAAP,Dec,EPS,CY2026,31.016,16.214,-47.7%,16.385,+1.1%,16.832,+2.7%,324.63,19.3,-45.7%,-1.7%,-1.9%,-28.5%
UNH,Portfolio,,Health Care,Health Care Equipment & Servic,GAAP,Dec,EPS,CY2027,34.997,19.115,-45.4%,19.313,+1.0%,17.991,-6.8%,324.63,18.0,-48.6%,-1.7%,-1.9%,-28.5%
UNH,Portfolio,,Health Care,Health Care Equipment & Servic,GAAP,Dec,EPS,CY2028,38.81,23.479,-39.5%,23.538,+0.3%,22.47,-4.5%,324.63,14.4,-42.1%,-1.7%,-1.9%,-28.5%
TSM,Portfolio,,Information Technology,Semiconductors & Semiconductor,GAAP,Dec,EPS,CY2025,9.2,10.316,+12.1%,10.239,-0.7%,10.239,+0.0%,370.5,36.2,+11.3%,+21.9%,+8.2%,+144.2%
TSM,Portfolio,,Information Technology,Semiconductors & Semiconductor,GAAP,Dec,EPS,CY2026,10.8,12.312,+14.0%,13.556,+10.1%,14.921,+10.1%,370.5,24.8,+38.2%,+21.9%,+8.2%,+144.2%
TSM,Portfolio,,Information Technology,Semiconductors & Semiconductor,GAAP,Dec,EPS,CY2027,12.489,14.646,+17.3%,16.539,+12.9%,18.938,+14.5%,370.5,19.6,+51.6%,+21.9%,+8.2%,+144.2%
TSM,Portfolio,,Information Technology,Semiconductors & Semiconductor,GAAP,Dec,EPS,CY2028,13.793,16.167,+17.2%,19.095,+18.1%,22.534,+18.0%,370.5,16.4,+63.4%,+21.9%,+8.2%,+144.2%
AVGO,Portfolio,,Information Technology,Semiconductors & Semiconductor,GAAP,Oct,EPS,CY2025,4.652,4.228,-9.1%,4.247,+0.4%,4.247,+0.0%,406.54,95.7,-8.7%,+17.5%,+15.6%,+137.8%
AVGO,Portfolio,,Information Technology,Semiconductors & Semiconductor,GAAP,Oct,EPS,CY2026,5.89,6.533,+10.9%,8.062,+23.4%,9.122,+13.1%,406.54,44.6,+54.9%,+17.5%,+15.6%,+137.8%
AVGO,Portfolio,,Information Technology,Semiconductors & Semiconductor,GAAP,Oct,EPS,CY2027,6.86,9.232,+34.6%,11.822,+28.1%,15.612,+32.1%,406.54,26.0,+127.6%,+17.5%,+15.6%,+137.8%
AVGO,Portfolio,,Information Technology,Semiconductors & Semiconductor,GAAP,Oct,EPS,CY2028,,11.875,,15.367,+29.4%,19.048,+24.0%,406.54,21.3,,+17.5%,+15.6%,+137.8%
NVDA,Portfolio,,Information Technology,Semiconductors & Semiconductor,GAAP,Jan,EPS,CY2025,4.23,4.407,+4.2%,4.614,+4.7%,4.626,+0.3%,201.68,43.6,+9.4%,+8.1%,+8.3%,+98.7%
NVDA,Portfolio,,Information Technology,Semiconductors & Semiconductor,GAAP,Jan,EPS,CY2026,5.397,6.28,+16.4%,7.364,+17.3%,8.209,+11.5%,201.68,24.6,+52.1%,+8.1%,+8.3%,+98.7%
NVDA,Portfolio,,Information Technology,Semiconductors & Semiconductor,GAAP,Jan,EPS,CY2027,6.132,7.535,+22.9%,9.353,+24.1%,10.922,+16.8%,201.68,18.5,+78.1%,+8.1%,+8.3%,+98.7%
NVDA,Portfolio,,Information Technology,Semiconductors & Semiconductor,GAAP,Jan,EPS,CY2028,6.77,8.49,+25.4%,10.444,+23.0%,12.474,+19.4%,201.68,16.2,+84.3%,+8.1%,+8.3%,+98.7%
META,Portfolio,,Communication Services,Media & Entertainment,GAAP,Dec,EPS,CY2025,24.8,28.162,+13.6%,22.798,-19.0%,22.814,+0.1%,688.55,30.2,-8.0%,+4.3%,+11.0%,+37.3%
META,Portfolio,,Communication Services,Media & Entertainment,GAAP,Dec,EPS,CY2026,28.185,30.035,+6.6%,29.652,-1.3%,29.593,-0.2%,688.55,23.3,+5.0%,+4.3%,+11.0%,+37.3%
META,Portfolio,,Communication Services,Media & Entertainment,GAAP,Dec,EPS,CY2027,32.564,34.305,+5.3%,33.507,-2.3%,34.374,+2.6%,688.55,20.0,+5.6%,+4.3%,+11.0%,+37.3%
META,Portfolio,,Communication Services,Media & Entertainment,GAAP,Dec,EPS,CY2028,36.637,40.103,+9.5%,38.751,-3.4%,40.068,+3.4%,688.55,17.2,+9.4%,+4.3%,+11.0%,+37.3%
AMZN,Portfolio,,Consumer Discretionary,Consumer Discretionary Distrib,GAAP,Dec,EPS,CY2025,6.25,6.68,+6.9%,7.099,+6.3%,7.102,+0.0%,250.56,35.3,+13.6%,+8.6%,+4.8%,+45.2%
AMZN,Portfolio,,Consumer Discretionary,Consumer Discretionary Distrib,GAAP,Dec,EPS,CY2026,7.484,7.619,+1.8%,7.928,+4.1%,7.722,-2.6%,250.56,32.4,+3.2%,+8.6%,+4.8%,+45.2%
AMZN,Portfolio,,Consumer Discretionary,Consumer Discretionary Distrib,GAAP,Dec,EPS,CY2027,9.225,9.316,+1.0%,9.644,+3.5%,9.311,-3.5%,250.56,26.9,+0.9%,+8.6%,+4.8%,+45.2%
AMZN,Portfolio,,Consumer Discretionary,Consumer Discretionary Distrib,GAAP,Dec,EPS,CY2028,10.475,10.978,+4.8%,11.303,+3.0%,11.516,+1.9%,250.56,21.8,+9.9%,+8.6%,+4.8%,+45.2%
JPM,Portfolio,,Financials,Banks,GAAP,Dec,EPS,CY2025,18.507,20.248,+9.4%,19.774,-2.3%,19.774,+0.0%,310.29,15.7,+6.8%,-3.7%,-0.7%,+33.8%
JPM,Portfolio,,Financials,Banks,GAAP,Dec,EPS,CY2026,19.554,21.096,+7.9%,21.308,+1.0%,22.163,+4.0%,310.29,14.0,+13.3%,-3.7%,-0.7%,+33.8%
JPM,Portfolio,,Financials,Banks,GAAP,Dec,EPS,CY2027,21.247,22.71,+6.9%,23.08,+1.6%,23.378,+1.3%,310.29,13.3,+10.0%,-3.7%,-0.7%,+33.8%
JPM,Portfolio,,Financials,Banks,GAAP,Dec,EPS,CY2028,20.1,23.35,+16.2%,25.567,+9.5%,25.655,+0.3%,310.29,12.1,+27.6%,-3.7%,-0.7%,+33.8%
APO,Portfolio,,Financials,Financial Services,Adj,Dec,EPS,CY2025,8.021,7.706,-3.9%,7.957,+3.3%,7.955,-0.0%,124.62,15.7,-0.8%,-13.9%,-13.4%,-1.7%
APO,Portfolio,,Financials,Financial Services,Adj,Dec,EPS,CY2026,9.576,9.148,-4.5%,9.224,+0.8%,8.945,-3.0%,124.62,13.9,-6.6%,-13.9%,-13.4%,-1.7%
APO,Portfolio,,Financials,Financial Services,Adj,Dec,EPS,CY2027,11.171,10.784,-3.5%,10.888,+1.0%,10.633,-2.3%,124.62,11.7,-4.8%,-13.9%,-13.4%,-1.7%
APO,Portfolio,,Financials,Financial Services,Adj,Dec,EPS,CY2028,12.3,12.33,+0.2%,12.303,-0.2%,12.241,-0.5%,124.62,10.2,-0.5%,-13.9%,-13.4%,-1.7%
PGR,Portfolio,,Financials,Insurance,Adj,Dec,EPS,CY2025,15.494,17.943,+15.8%,17.902,-0.2%,17.902,+0.0%,202.58,11.3,+15.5%,-5.4%,+0.1%,-18.9%
PGR,Portfolio,,Financials,Insurance,Adj,Dec,EPS,CY2026,15.685,16.385,+4.5%,16.098,-1.8%,16.302,+1.3%,202.58,12.4,+3.9%,-5.4%,+0.1%,-18.9%
PGR,Portfolio,,Financials,Insurance,Adj,Dec,EPS,CY2027,16.871,16.487,-2.3%,16.121,-2.2%,16.213,+0.6%,202.58,12.5,-3.9%,-5.4%,+0.1%,-18.9%
PGR,Portfolio,,Financials,Insurance,Adj,Dec,EPS,CY2028,17.947,17.477,-2.6%,16.518,-5.5%,16.168,-2.1%,202.58,12.5,-9.9%,-5.4%,+0.1%,-18.9%
CVNA,Portfolio,,Consumer Discretionary,Consumer Discretionary Distrib,Adj,Dec,EPS,CY2025,3.386,5.282,+56.0%,5.132,-2.8%,5.14,+0.2%,387.53,75.4,+51.8%,-8.2%,-12.5%,+83.3%
CVNA,Portfolio,,Consumer Discretionary,Consumer Discretionary Distrib,Adj,Dec,EPS,CY2026,4.958,7.079,+42.8%,7.205,+1.8%,7.174,-0.4%,387.53,54.0,+44.7%,-8.2%,-12.5%,+83.3%
CVNA,Portfolio,,Consumer Discretionary,Consumer Discretionary Distrib,Adj,Dec,EPS,CY2027,6.896,9.963,+44.5%,10.186,+2.2%,9.837,-3.4%,387.53,39.4,+42.6%,-8.2%,-12.5%,+83.3%
CVNA,Portfolio,,Consumer Discretionary,Consumer Discretionary Distrib,Adj,Dec,EPS,CY2028,8.857,13.395,+51.2%,12.281,-8.3%,13.836,+12.7%,387.53,28.0,+56.2%,-8.2%,-12.5%,+83.3%
APP,Portfolio,,Information Technology,Software & Services,Adj,Dec,EPS,CY2025,6.636,9.041,+36.2%,9.377,+3.7%,9.378,+0.0%,477.2,50.9,+41.3%,-29.2%,-16.1%,+100.3%
APP,Portfolio,,Information Technology,Software & Services,Adj,Dec,EPS,CY2026,9.764,13.901,+42.4%,14.676,+5.6%,15.489,+5.5%,477.2,30.8,+58.6%,-29.2%,-16.1%,+100.3%
APP,Portfolio,,Information Technology,Software & Services,Adj,Dec,EPS,CY2027,12.856,17.838,+38.8%,18.941,+6.2%,20.412,+7.8%,477.2,23.4,+58.8%,-29.2%,-16.1%,+100.3%
APP,Portfolio,,Information Technology,Software & Services,Adj,Dec,EPS,CY2028,16.563,21.893,+32.2%,23.666,+8.1%,25.747,+8.8%,477.2,18.5,+55.4%,-29.2%,-16.1%,+100.3%
VEEV,Portfolio,,Health Care,Health Care Equipment & Servic,Adj,Jan,EPS,CY2025,7.298,7.807,+7.0%,7.937,+1.7%,7.941,+0.1%,167.95,21.1,+8.8%,-24.8%,-24.4%,-22.2%
VEEV,Portfolio,,Health Care,Health Care Equipment & Servic,Adj,Jan,EPS,CY2026,8.062,8.449,+4.8%,8.593,+1.7%,8.85,+3.0%,167.95,19.0,+9.8%,-24.8%,-24.4%,-22.2%
VEEV,Portfolio,,Health Care,Health Care Equipment & Servic,Adj,Jan,EPS,CY2027,9.127,9.778,+7.1%,9.613,-1.7%,9.849,+2.5%,167.95,17.1,+7.9%,-24.8%,-24.4%,-22.2%
VEEV,Portfolio,,Health Care,Health Care Equipment & Servic,Adj,Jan,EPS,CY2028,,11.533,,11.316,-1.9%,11.155,-1.4%,167.95,15.1,,-24.8%,-24.4%,-22.2%
FICO,Watchlist,,Information Technology,Software & Services,Adj,Sep,EPS,CY2025,29.099,29.52,+1.4%,29.52,+0.0%,29.52,+0.0%,1073.52,36.4,+1.4%,-36.5%,-31.5%,-43.8%
FICO,Watchlist,,Information Technology,Software & Services,Adj,Sep,EPS,CY2026,36.239,39.191,+8.1%,40.414,+3.1%,41.767,+3.3%,1073.52,25.7,+15.3%,-36.5%,-31.5%,-43.8%
FICO,Watchlist,,Information Technology,Software & Services,Adj,Sep,EPS,CY2027,45.437,49.662,+9.3%,51.415,+3.5%,52.71,+2.5%,1073.52,20.4,+16.0%,-36.5%,-31.5%,-43.8%
FICO,Watchlist,,Information Technology,Software & Services,Adj,Sep,EPS,CY2028,56.315,59.503,+5.7%,60.087,+1.0%,63.794,+6.2%,1073.52,16.8,+13.3%,-36.5%,-31.5%,-43.8%
GOOG,Watchlist,,Communication Services,Media & Entertainment,GAAP,Dec,EPS,CY2025,8.843,9.911,+12.1%,10.595,+6.9%,10.598,+0.0%,339.4,32.0,+19.8%,+8.2%,+2.7%,+121.3%
GOOG,Watchlist,,Communication Services,Media & Entertainment,GAAP,Dec,EPS,CY2026,10.074,10.761,+6.8%,11.239,+4.4%,11.675,+3.9%,339.4,29.1,+15.9%,+8.2%,+2.7%,+121.3%
GOOG,Watchlist,,Communication Services,Media & Entertainment,GAAP,Dec,EPS,CY2027,12.002,12.299,+2.5%,13.439,+9.3%,13.566,+0.9%,339.4,25.0,+13.0%,+8.2%,+2.7%,+121.3%
GOOG,Watchlist,,Communication Services,Media & Entertainment,GAAP,Dec,EPS,CY2028,12.853,14.181,+10.3%,14.698,+3.6%,15.735,+7.1%,339.4,21.6,+22.4%,+8.2%,+2.7%,+121.3%
MU,Watchlist,,Information Technology,Semiconductors & Semiconductor,GAAP,Aug,EPS,CY2025,6.577,7.42,+12.8%,7.42,+0.0%,7.42,+0.0%,455.07,61.3,+12.8%,+59.4%,+25.5%,+561.4%
MU,Watchlist,,Information Technology,Semiconductors & Semiconductor,GAAP,Aug,EPS,CY2026,10.971,15.93,+45.2%,30.235,+89.8%,57.091,+88.8%,455.07,8.0,+420.4%,+59.4%,+25.5%,+561.4%
MU,Watchlist,,Information Technology,Semiconductors & Semiconductor,GAAP,Aug,EPS,CY2027,11.726,18.962,+61.7%,39.529,+108.5%,99.676,+152.2%,455.07,4.6,+750.0%,+59.4%,+25.5%,+561.4%
MU,Watchlist,,Information Technology,Semiconductors & Semiconductor,GAAP,Aug,EPS,CY2028,13.91,19.628,+41.1%,41.268,+110.3%,92.821,+124.9%,455.07,4.9,+567.3%,+59.4%,+25.5%,+561.4%
HOOD,Watchlist,,Financials,Financial Services,Adj,Dec,EPS,CY2025,1.348,1.839,+36.4%,2.066,+12.3%,2.066,+0.0%,90.75,43.9,+53.3%,-19.8%,-16.5%,+120.4%
HOOD,Watchlist,,Financials,Financial Services,Adj,Dec,EPS,CY2026,1.638,2.244,+37.0%,2.507,+11.7%,2.155,-14.0%,90.75,42.1,+31.6%,-19.8%,-16.5%,+120.4%
HOOD,Watchlist,,Financials,Financial Services,Adj,Dec,EPS,CY2027,1.833,2.591,+41.4%,2.895,+11.7%,2.705,-6.6%,90.75,33.5,+47.6%,-19.8%,-16.5%,+120.4%
HOOD,Watchlist,,Financials,Financial Services,Adj,Dec,EPS,CY2028,1.785,2.63,+47.3%,3.504,+33.2%,3.141,-10.4%,90.75,28.9,+76.0%,-19.8%,-16.5%,+120.4%
TDG,Watchlist,,Industrials,Capital Goods,Adj,Sep,EPS,CY2025,37.357,36.644,-1.9%,36.616,-0.1%,36.616,+0.0%,1265.88,34.6,-2.0%,-4.8%,-12.7%,+1.1%
TDG,Watchlist,,Industrials,Capital Goods,Adj,Sep,EPS,CY2026,43.114,40.465,-6.1%,39.042,-3.5%,39.004,-0.1%,1265.88,32.5,-9.5%,-4.8%,-12.7%,+1.1%
TDG,Watchlist,,Industrials,Capital Goods,Adj,Sep,EPS,CY2027,48.809,46.481,-4.8%,46.298,-0.4%,45.588,-1.5%,1265.88,27.8,-6.6%,-4.8%,-12.7%,+1.1%
TDG,Watchlist,,Industrials,Capital Goods,Adj,Sep,EPS,CY2028,52.373,52.155,-0.4%,53.563,+2.7%,52.753,-1.5%,1265.88,24.0,+0.7%,-4.8%,-12.7%,+1.1%
GE,Watchlist,,Industrials,Capital Goods,GAAP,Dec,EPS,CY2025,5.453,6.206,+13.8%,6.898,+11.2%,6.907,+0.1%,304.13,44.0,+26.7%,-1.3%,-6.5%,+67.3%
GE,Watchlist,,Industrials,Capital Goods,GAAP,Dec,EPS,CY2026,6.429,7.077,+10.1%,7.582,+7.1%,7.903,+4.2%,304.13,38.5,+22.9%,-1.3%,-6.5%,+67.3%
GE,Watchlist,,Industrials,Capital Goods,GAAP,Dec,EPS,CY2027,7.348,8.191,+11.5%,8.65,+5.6%,9.071,+4.9%,304.13,33.5,+23.4%,-1.3%,-6.5%,+67.3%
GE,Watchlist,,Industrials,Capital Goods,GAAP,Dec,EPS,CY2028,8.269,9.326,+12.8%,9.708,+4.1%,10.332,+6.4%,304.13,29.4,+24.9%,-1.3%,-6.5%,+67.3%
LRCX,Watchlist,,Information Technology,Semiconductors & Semiconductor,GAAP,Jun,EPS,CY2025,3.751,4.012,+7.0%,4.012,+0.0%,4.012,+0.0%,267.6,66.7,+7.0%,+56.3%,+20.0%,+319.7%
LRCX,Watchlist,,Information Technology,Semiconductors & Semiconductor,GAAP,Jun,EPS,CY2026,3.871,4.461,+15.2%,4.845,+8.6%,5.311,+9.6%,267.6,50.4,+37.2%,+56.3%,+20.0%,+319.7%
LRCX,Watchlist,,Information Technology,Semiconductors & Semiconductor,GAAP,Jun,EPS,CY2027,4.713,5.115,+8.5%,5.883,+15.0%,7.208,+22.5%,267.6,37.1,+52.9%,+56.3%,+20.0%,+319.7%
LRCX,Watchlist,,Information Technology,Semiconductors & Semiconductor,GAAP,Jun,EPS,CY2028,5.495,5.823,+6.0%,6.629,+13.8%,8.731,+31.7%,267.6,30.6,+58.9%,+56.3%,+20.0%,+319.7%
DASH,Watchlist,,Consumer Discretionary,Consumer Services,Adj,Dec,EPS,CY2025,4.197,4.895,+16.6%,5.095,+4.1%,5.084,-0.2%,183.89,36.2,+21.1%,-18.8%,-10.4%,+1.5%
DASH,Watchlist,,Consumer Discretionary,Consumer Services,Adj,Dec,EPS,CY2026,5.59,5.899,+5.5%,5.753,-2.5%,5.443,-5.4%,183.89,33.8,-2.6%,-18.8%,-10.4%,+1.5%
DASH,Watchlist,,Consumer Discretionary,Consumer Services,Adj,Dec,EPS,CY2027,6.216,7.739,+24.5%,7.363,-4.9%,7.079,-3.9%,183.89,26.0,+13.9%,-18.8%,-10.4%,+1.5%
DASH,Watchlist,,Consumer Discretionary,Consumer Services,Adj,Dec,EPS,CY2028,,9.352,,9.195,-1.7%,8.323,-9.5%,183.89,22.1,,-18.8%,-10.4%,+1.5%
UBER,Watchlist,,Industrials,Transportation,Adj,Dec,EPS,CY2025,2.705,3.547,+31.1%,3.807,+7.3%,2.49,-34.6%,77.12,31.0,-7.9%,-5.6%,-9.1%,+2.5%
UBER,Watchlist,,Industrials,Transportation,Adj,Dec,EPS,CY2026,3.872,4.21,+8.7%,4.002,-4.9%,3.415,-14.7%,77.12,22.6,-11.8%,-5.6%,-9.1%,+2.5%
UBER,Watchlist,,Industrials,Transportation,Adj,Dec,EPS,CY2027,4.882,4.896,+0.3%,4.883,-0.3%,4.413,-9.6%,77.12,17.5,-9.6%,-5.6%,-9.1%,+2.5%
UBER,Watchlist,,Industrials,Transportation,Adj,Dec,EPS,CY2028,5.681,5.789,+1.9%,5.818,+0.5%,5.582,-4.1%,77.12,13.8,-1.7%,-5.6%,-9.1%,+2.5%
LLY,Watchlist,,Health Care,"Pharmaceuticals, Biotechnology",GAAP,Dec,EPS,CY2025,22.373,22.044,-1.5%,22.975,+4.2%,22.806,-0.7%,927.03,40.6,+1.9%,-13.7%,-10.7%,+10.4%
LLY,Watchlist,,Health Care,"Pharmaceuticals, Biotechnology",GAAP,Dec,EPS,CY2026,29.16,29.797,+2.2%,32.145,+7.9%,33.783,+5.1%,927.03,27.4,+15.9%,-13.7%,-10.7%,+10.4%
LLY,Watchlist,,Health Care,"Pharmaceuticals, Biotechnology",GAAP,Dec,EPS,CY2027,35.434,35.321,-0.3%,39.281,+11.2%,41.153,+4.8%,927.03,22.5,+16.1%,-13.7%,-10.7%,+10.4%
LLY,Watchlist,,Health Care,"Pharmaceuticals, Biotechnology",GAAP,Dec,EPS,CY2028,42.197,40.864,-3.2%,46.833,+14.6%,47.525,+1.5%,927.03,19.5,+12.6%,-13.7%,-10.7%,+10.4%
MSFT,Watchlist,,Information Technology,Software & Services,GAAP,Jun,EPS,CY2025,13.163,13.403,+1.8%,13.403,+0.0%,13.403,+0.0%,422.79,31.5,+1.8%,-12.6%,-8.1%,+15.0%
MSFT,Watchlist,,Information Technology,Software & Services,GAAP,Jun,EPS,CY2026,15.018,15.609,+3.9%,16.062,+2.9%,16.877,+5.1%,422.79,25.1,+12.4%,-12.6%,-8.1%,+15.0%
MSFT,Watchlist,,Information Technology,Software & Services,GAAP,Jun,EPS,CY2027,17.481,18.271,+4.5%,18.807,+2.9%,18.97,+0.9%,422.79,22.3,+8.5%,-12.6%,-8.1%,+15.0%
MSFT,Watchlist,,Information Technology,Software & Services,GAAP,Jun,EPS,CY2028,20.465,21.348,+4.3%,22.17,+3.9%,22.303,+0.6%,422.79,19.0,+9.0%,-12.6%,-8.1%,+15.0%
V,Watchlist,,Financials,Financial Services,GAAP,Sep,EPS,CY2025,11.087,10.729,-3.2%,10.723,-0.1%,10.723,+0.0%,317.02,29.6,-3.3%,-9.6%,-3.4%,-3.8%
V,Watchlist,,Financials,Financial Services,GAAP,Sep,EPS,CY2026,12.648,12.749,+0.8%,12.695,-0.4%,12.665,-0.2%,317.02,25.0,+0.1%,-9.6%,-3.4%,-3.8%
V,Watchlist,,Financials,Financial Services,GAAP,Sep,EPS,CY2027,14.301,14.445,+1.0%,14.375,-0.5%,14.478,+0.7%,317.02,21.9,+1.2%,-9.6%,-3.4%,-3.8%
V,Watchlist,,Financials,Financial Services,GAAP,Sep,EPS,CY2028,15.95,16.363,+2.6%,16.229,-0.8%,16.358,+0.8%,317.02,19.4,+2.6%,-9.6%,-3.4%,-3.8%
BX,Watchlist,,Financials,Financial Services,Adj,Dec,EPS,CY2025,5.042,5.03,-0.2%,5.313,+5.6%,5.343,+0.6%,129.08,24.2,+6.0%,-16.3%,-21.1%,-1.0%
BX,Watchlist,,Financials,Financial Services,Adj,Dec,EPS,CY2026,6.592,6.515,-1.2%,6.405,-1.7%,6.128,-4.3%,129.08,21.1,-7.0%,-16.3%,-21.1%,-1.0%
BX,Watchlist,,Financials,Financial Services,Adj,Dec,EPS,CY2027,7.745,8.107,+4.7%,7.944,-2.0%,7.654,-3.7%,129.08,16.9,-1.2%,-16.3%,-21.1%,-1.0%
BX,Watchlist,,Financials,Financial Services,Adj,Dec,EPS,CY2028,7.75,8.236,+6.3%,8.298,+0.8%,8.213,-1.0%,129.08,15.7,+6.0%,-16.3%,-21.1%,-1.0%
BKNG,Watchlist,,Consumer Discretionary,Consumer Services,Adj,Dec,EPS,CY2025,8.352,8.931,+6.9%,9.096,+1.8%,9.107,+0.1%,192.01,21.1,+9.0%,-10.4%,-6.2%,+5.0%
BKNG,Watchlist,,Consumer Discretionary,Consumer Services,Adj,Dec,EPS,CY2026,9.702,10.341,+6.6%,10.637,+2.9%,10.708,+0.7%,192.01,17.9,+10.4%,-10.4%,-6.2%,+5.0%
BKNG,Watchlist,,Consumer Discretionary,Consumer Services,Adj,Dec,EPS,CY2027,11.366,11.952,+5.2%,12.335,+3.2%,12.525,+1.5%,192.01,15.3,+10.2%,-10.4%,-6.2%,+5.0%
BKNG,Watchlist,,Consumer Discretionary,Consumer Services,Adj,Dec,EPS,CY2028,13.175,13.48,+2.3%,14.161,+5.1%,14.465,+2.1%,192.01,13.3,+9.8%,-10.4%,-6.2%,+5.0%
HLT,Watchlist,,Consumer Discretionary,Consumer Services,Adj,Dec,EPS,CY2025,7.962,8.006,+0.6%,8.056,+0.6%,8.057,+0.0%,341.03,42.3,+1.2%,+18.7%,+13.4%,+62.0%
HLT,Watchlist,,Consumer Discretionary,Consumer Services,Adj,Dec,EPS,CY2026,9.227,9.024,-2.2%,9.133,+1.2%,9.027,-1.2%,341.03,37.8,-2.2%,+18.7%,+13.4%,+62.0%
HLT,Watchlist,,Consumer Discretionary,Consumer Services,Adj,Dec,EPS,CY2027,10.752,10.49,-2.4%,10.457,-0.3%,10.412,-0.4%,341.03,32.8,-3.2%,+18.7%,+13.4%,+62.0%
HLT,Watchlist,,Consumer Discretionary,Consumer Services,Adj,Dec,EPS,CY2028,12.662,12.222,-3.5%,12.09,-1.1%,12.099,+0.1%,341.03,28.2,-4.4%,+18.7%,+13.4%,+62.0%
IBKR,Watchlist,,Financials,Financial Services,Adj,Dec,EPS,CY2025,1.822,2.097,+15.1%,2.141,+2.1%,2.141,+0.0%,81.71,38.2,+17.5%,+27.1%,+11.4%,+104.9%
IBKR,Watchlist,,Financials,Financial Services,Adj,Dec,EPS,CY2026,1.922,2.281,+18.7%,2.338,+2.5%,2.5,+6.9%,81.71,32.7,+30.1%,+27.1%,+11.4%,+104.9%
IBKR,Watchlist,,Financials,Financial Services,Adj,Dec,EPS,CY2027,1.968,2.44,+24.0%,2.613,+7.1%,2.814,+7.7%,81.71,29.0,+43.0%,+27.1%,+11.4%,+104.9%
IBKR,Watchlist,,Financials,Financial Services,Adj,Dec,EPS,CY2028,2.02,2.89,+43.1%,3.175,+9.9%,3.21,+1.1%,81.71,25.5,+58.9%,+27.1%,+11.4%,+104.9%
NET,Watchlist,,Information Technology,Software & Services,Adj,Dec,EPS,CY2025,0.824,0.862,+4.6%,0.914,+6.0%,0.914,+0.0%,200.99,219.9,+10.9%,+1.9%,+9.1%,+86.3%
NET,Watchlist,,Information Technology,Software & Services,Adj,Dec,EPS,CY2026,1.054,1.125,+6.7%,1.177,+4.6%,1.129,-4.1%,200.99,178.0,+7.1%,+1.9%,+9.1%,+86.3%
NET,Watchlist,,Information Technology,Software & Services,Adj,Dec,EPS,CY2027,1.403,1.492,+6.3%,1.55,+3.9%,1.483,-4.3%,200.99,135.5,+5.7%,+1.9%,+9.1%,+86.3%
NET,Watchlist,,Information Technology,Software & Services,Adj,Dec,EPS,CY2028,1.683,1.945,+15.6%,2.147,+10.4%,2.089,-2.7%,200.99,96.2,+24.1%,+1.9%,+9.1%,+86.3%
COST,Watchlist,,Consumer Staples,Consumer Staples Distribution,GAAP,Aug,EPS,CY2025,18.122,18.099,-0.1%,18.099,+0.0%,18.099,+0.0%,999.89,55.2,-0.1%,+16.0%,+3.8%,+0.5%
COST,Watchlist,,Consumer Staples,Consumer Staples Distribution,GAAP,Aug,EPS,CY2026,19.979,20.063,+0.4%,20.281,+1.1%,20.441,+0.8%,999.89,48.9,+2.3%,+16.0%,+3.8%,+0.5%
COST,Watchlist,,Consumer Staples,Consumer Staples Distribution,GAAP,Aug,EPS,CY2027,22.15,22.123,-0.1%,22.215,+0.4%,22.807,+2.7%,999.89,43.8,+3.0%,+16.0%,+3.8%,+0.5%
COST,Watchlist,,Consumer Staples,Consumer Staples Distribution,GAAP,Aug,EPS,CY2028,24.637,24.567,-0.3%,24.596,+0.1%,25.384,+3.2%,999.89,39.4,+3.0%,+16.0%,+3.8%,+0.5%
TSLA,Watchlist,,Consumer Discretionary,Automobiles & Components,GAAP,Dec,EPS,CY2025,2.201,1.332,-39.5%,1.265,-5.0%,1.266,+0.1%,400.62,316.4,-42.5%,-10.9%,-8.4%,+66.0%
TSLA,Watchlist,,Consumer Discretionary,Automobiles & Components,GAAP,Dec,EPS,CY2026,3.171,1.998,-37.0%,1.77,-11.4%,1.39,-21.5%,400.62,288.2,-56.2%,-10.9%,-8.4%,+66.0%
TSLA,Watchlist,,Consumer Discretionary,Automobiles & Components,GAAP,Dec,EPS,CY2027,3.993,2.882,-27.8%,2.387,-17.2%,2.055,-13.9%,400.62,194.9,-48.5%,-10.9%,-8.4%,+66.0%
TSLA,Watchlist,,Consumer Discretionary,Automobiles & Components,GAAP,Dec,EPS,CY2028,5.472,4.187,-23.5%,3.683,-12.0%,2.972,-19.3%,400.62,134.8,-45.7%,-10.9%,-8.4%,+66.0%
TMO,Watchlist,,Health Care,"Pharmaceuticals, Biotechnology",Adj,Dec,EPS,CY2025,23.203,22.504,-3.0%,22.747,+1.1%,22.749,+0.0%,526.6,23.1,-2.0%,-9.1%,-14.9%,+23.2%
TMO,Watchlist,,Health Care,"Pharmaceuticals, Biotechnology",Adj,Dec,EPS,CY2026,25.614,24.425,-4.6%,24.614,+0.8%,24.643,+0.1%,526.6,21.4,-3.8%,-9.1%,-14.9%,+23.2%
TMO,Watchlist,,Health Care,"Pharmaceuticals, Biotechnology",Adj,Dec,EPS,CY2027,28.703,26.907,-6.3%,27.271,+1.4%,26.954,-1.2%,526.6,19.5,-6.1%,-9.1%,-14.9%,+23.2%
TMO,Watchlist,,Health Care,"Pharmaceuticals, Biotechnology",Adj,Dec,EPS,CY2028,31.894,29.842,-6.4%,30.213,+1.2%,29.816,-1.3%,526.6,17.7,-6.5%,-9.1%,-14.9%,+23.2%
COF,Watchlist,,Financials,Financial Services,Adj,Dec,EPS,CY2025,15.292,17.756,+16.1%,19.717,+11.0%,19.712,-0.0%,206.47,10.5,+28.9%,-14.8%,-13.7%,+26.8%
COF,Watchlist,,Financials,Financial Services,Adj,Dec,EPS,CY2026,18.56,19.755,+6.4%,20.565,+4.1%,20.057,-2.5%,206.47,10.3,+8.1%,-14.8%,-13.7%,+26.8%
COF,Watchlist,,Financials,Financial Services,Adj,Dec,EPS,CY2027,22.252,24.189,+8.7%,24.815,+2.6%,23.8,-4.1%,206.47,8.7,+7.0%,-14.8%,-13.7%,+26.8%
COF,Watchlist,,Financials,Financial Services,Adj,Dec,EPS,CY2028,18.295,27.42,+49.9%,29.093,+6.1%,26.274,-9.7%,206.47,7.9,+43.6%,-14.8%,-13.7%,+26.8%
AON,Watchlist,,Financials,Insurance,Adj,Dec,EPS,CY2025,17.125,16.89,-1.4%,16.963,+0.4%,16.964,+0.0%,331.8,19.6,-0.9%,-6.0%,-3.5%,-9.7%
AON,Watchlist,,Financials,Insurance,Adj,Dec,EPS,CY2026,19.263,19.042,-1.1%,19.144,+0.5%,18.993,-0.8%,331.8,17.5,-1.4%,-6.0%,-3.5%,-9.7%
AON,Watchlist,,Financials,Insurance,Adj,Dec,EPS,CY2027,21.452,21.272,-0.8%,21.379,+0.5%,21.387,+0.0%,331.8,15.5,-0.3%,-6.0%,-3.5%,-9.7%
AON,Watchlist,,Financials,Insurance,Adj,Dec,EPS,CY2028,23.445,23.685,+1.0%,23.365,-1.4%,23.723,+1.5%,331.8,14.0,+1.2%,-6.0%,-3.5%,-9.7%
MC,Watchlist,,Consumer Discretionary,Consumer Durables & Apparel,GAAP,Dec,EPS,CY2025,24.61,21.658,-12.0%,21.49,-0.8%,21.493,+0.0%,499.4,23.2,-12.7%,-22.6%,-18.0%,+2.8%
MC,Watchlist,,Consumer Discretionary,Consumer Durables & Apparel,GAAP,Dec,EPS,CY2026,27.886,24.131,-13.5%,24.024,-0.4%,22.469,-6.5%,499.4,22.2,-19.4%,-22.6%,-18.0%,+2.8%
MC,Watchlist,,Consumer Discretionary,Consumer Durables & Apparel,GAAP,Dec,EPS,CY2027,31.211,27.02,-13.4%,27.096,+0.3%,25.802,-4.8%,499.4,19.4,-17.3%,-22.6%,-18.0%,+2.8%
MC,Watchlist,,Consumer Discretionary,Consumer Durables & Apparel,GAAP,Dec,EPS,CY2028,34.801,30.301,-12.9%,31.52,+4.0%,28.887,-8.4%,499.4,17.3,-17.0%,-22.6%,-18.0%,+2.8%
SPX,Indices,Indices,,,Adj,Dec,EPS,CY2025,,,,,,,,7126.06,,,+4.1%,+4.8%,+34.9%
SPX,Indices,Indices,,,Adj,Dec,EPS,CY2026,274.6802,296.6375,+8.0%,313.2105,+5.6%,340.7017,+8.8%,7126.06,20.9,+24.0%,+4.1%,+4.8%,+34.9%
SPX,Indices,Indices,,,Adj,Dec,EPS,CY2027,306.8455,332.7986,+8.5%,358.0669,+7.6%,390.0531,+8.9%,7126.06,18.3,+27.1%,+4.1%,+4.8%,+34.9%
SPX,Indices,Indices,,,Adj,Dec,EPS,CY2028,337.1996,364.8143,+8.2%,396.0031,+8.5%,430.2478,+8.6%,7126.06,16.6,+27.6%,+4.1%,+4.8%,+34.9%
QQQ,Indices,Indices,,,GAAP,Dec,EPS,CY2025,,,,,,,,648.85,,,+5.6%,+4.4%,+46.1%
QQQ,Indices,Indices,,,GAAP,Dec,EPS,CY2026,,,,,,,,648.85,,,+5.6%,+4.4%,+46.1%
QQQ,Indices,Indices,,,GAAP,Dec,EPS,CY2027,,,,,,,,648.85,,,+5.6%,+4.4%,+46.1%
QQQ,Indices,Indices,,,GAAP,Dec,EPS,CY2028,,,,,,,,648.85,,,+5.6%,+4.4%,+46.1%
IWM,Indices,Indices,,,Adj,Dec,EPS,CY2025,,,,,,,,275.78,,,+12.0%,+3.8%,+47.9%
IWM,Indices,Indices,,,Adj,Dec,EPS,CY2026,,,,,,,,275.78,,,+12.0%,+3.8%,+47.9%
IWM,Indices,Indices,,,Adj,Dec,EPS,CY2027,,,,,,,,275.78,,,+12.0%,+3.8%,+47.9%
IWM,Indices,Indices,,,Adj,Dec,EPS,CY2028,,,,,,,,275.78,,,+12.0%,+3.8%,+47.9%
SOX,Indices,Indices,,,Adj,Dec,EPS,CY2025,,,,,,,,9555.883,,,+34.9%,+22.6%,+149.3%
SOX,Indices,Indices,,,Adj,Dec,EPS,CY2026,217.8538,248.035,+13.9%,302.3492,+21.9%,438.3082,+45.0%,9555.883,21.8,+101.2%,+34.9%,+22.6%,+149.3%
SOX,Indices,Indices,,,Adj,Dec,EPS,CY2027,269.6254,308.8232,+14.5%,374.1131,+21.1%,548.6681,+46.7%,9555.883,17.4,+103.5%,+34.9%,+22.6%,+149.3%
SOX,Indices,Indices,,,Adj,Dec,EPS,CY2028,322.8737,355.5008,+10.1%,427.7773,+20.3%,619.5935,+44.8%,9555.883,15.4,+91.9%,+34.9%,+22.6%,+149.3%
IGV,Indices,Indices,,,Adj,Dec,EPS,CY2025,,,,,,,,85.08,,,-19.5%,-13.5%,-1.7%
IGV,Indices,Indices,,,Adj,Dec,EPS,CY2026,,,,,,,,85.08,,,-19.5%,-13.5%,-1.7%
IGV,Indices,Indices,,,Adj,Dec,EPS,CY2027,,,,,,,,85.08,,,-19.5%,-13.5%,-1.7%
IGV,Indices,Indices,,,Adj,Dec,EPS,CY2028,,,,,,,,85.08,,,-19.5%,-13.5%,-1.7%
AER,Extended,Uncategorized,Industrials,Capital Goods,Adj,Dec,EPS,CY2025,11.647,13.096,+12.4%,14.876,+13.6%,14.926,+0.3%,147.45,9.9,+28.2%,+2.6%,+3.2%,+51.5%
AER,Extended,Uncategorized,Industrials,Capital Goods,Adj,Dec,EPS,CY2026,12.914,13.666,+5.8%,14.658,+7.3%,15.571,+6.2%,147.45,9.5,+20.6%,+2.6%,+3.2%,+51.5%
AER,Extended,Uncategorized,Industrials,Capital Goods,Adj,Dec,EPS,CY2027,14.365,14.593,+1.6%,15.442,+5.8%,16.51,+6.9%,147.45,8.9,+14.9%,+2.6%,+3.2%,+51.5%
AER,Extended,Uncategorized,Industrials,Capital Goods,Adj,Dec,EPS,CY2028,,,,17.61,,17.285,-1.8%,147.45,8.5,,+2.6%,+3.2%,+51.5%
MA,Extended,Uncategorized,Financials,Financial Services,GAAP,Dec,EPS,CY2025,15.841,16.219,+2.4%,16.329,+0.7%,16.333,+0.0%,521.3,31.9,+3.1%,-8.7%,-3.4%,+0.8%
MA,Extended,Uncategorized,Financials,Financial Services,GAAP,Dec,EPS,CY2026,18.647,18.931,+1.5%,19.02,+0.5%,19.3,+1.5%,521.3,27.0,+3.5%,-8.7%,-3.4%,+0.8%
MA,Extended,Uncategorized,Financials,Financial Services,GAAP,Dec,EPS,CY2027,21.828,22.094,+1.2%,22.212,+0.5%,22.435,+1.0%,521.3,23.2,+2.8%,-8.7%,-3.4%,+0.8%
MA,Extended,Uncategorized,Financials,Financial Services,GAAP,Dec,EPS,CY2028,24.9,25.364,+1.9%,25.468,+0.4%,26.136,+2.6%,521.3,19.9,+5.0%,-8.7%,-3.4%,+0.8%
BRK/A,Extended,Uncategorized,Financials,Financial Services,GAAP,Dec,EPS,CY2025,32451.235,29384.553,-9.5%,38188.288,+30.0%,44704.805,+17.1%,711558.8,15.9,+37.8%,-5.7%,-3.9%,-8.6%
BRK/A,Extended,Uncategorized,Financials,Financial Services,GAAP,Dec,EPS,CY2026,33948.408,34868.037,+2.7%,34808.067,-0.2%,31471.947,-9.6%,711558.8,22.6,-7.3%,-5.7%,-3.9%,-8.6%
BRK/A,Extended,Uncategorized,Financials,Financial Services,GAAP,Dec,EPS,CY2027,33502.64,34049.48,+1.6%,35504.123,+4.3%,34820.208,-1.9%,711558.8,20.4,+3.9%,-5.7%,-3.9%,-8.6%
BRK/A,Extended,Uncategorized,Financials,Financial Services,GAAP,Dec,EPS,CY2028,,33858.54,,37302.41,+10.2%,35952.825,-3.6%,711558.8,19.8,,-5.7%,-3.9%,-8.6%
CSU,Extended,Uncategorized,Information Technology,Software & Services,Adj,Dec,EPS,CY2025,84.63,56.345,-33.4%,58.163,+3.2%,33.593,-42.2%,2630.05,78.3,-60.3%,-20.5%,-7.6%,-43.8%
CSU,Extended,Uncategorized,Information Technology,Software & Services,Adj,Dec,EPS,CY2026,102.703,91.502,-10.9%,87.447,-4.4%,84.389,-3.5%,2630.05,31.2,-17.8%,-20.5%,-7.6%,-43.8%
CSU,Extended,Uncategorized,Information Technology,Software & Services,Adj,Dec,EPS,CY2027,,81.635,,99.403,+21.8%,101.683,+2.3%,2630.05,25.9,,-20.5%,-7.6%,-43.8%
CSU,Extended,Uncategorized,Information Technology,Software & Services,Adj,Dec,EPS,CY2028,,,,,,90.94,,2630.05,28.9,,-20.5%,-7.6%,-43.8%
DHR,Extended,Uncategorized,Health Care,"Pharmaceuticals, Biotechnology",Adj,Dec,EPS,CY2025,7.648,7.772,+1.6%,7.721,-0.7%,7.734,+0.2%,194.75,25.2,+1.1%,-14.9%,-17.5%,+4.2%
DHR,Extended,Uncategorized,Health Care,"Pharmaceuticals, Biotechnology",Adj,Dec,EPS,CY2026,8.592,8.509,-1.0%,8.46,-0.6%,8.402,-0.7%,194.75,23.2,-2.2%,-14.9%,-17.5%,+4.2%
DHR,Extended,Uncategorized,Health Care,"Pharmaceuticals, Biotechnology",Adj,Dec,EPS,CY2027,9.498,9.364,-1.4%,9.258,-1.1%,9.095,-1.8%,194.75,21.4,-4.2%,-14.9%,-17.5%,+4.2%
DHR,Extended,Uncategorized,Health Care,"Pharmaceuticals, Biotechnology",Adj,Dec,EPS,CY2028,10.465,10.281,-1.8%,10.164,-1.1%,9.991,-1.7%,194.75,19.5,-4.5%,-14.9%,-17.5%,+4.2%
AAPL,Extended,Uncategorized,Information Technology,Technology Hardware & Equipmen,GAAP,Sep,EPS,CY2025,7.264,7.381,+1.6%,7.387,+0.1%,7.387,+0.0%,270.23,36.6,+1.7%,-0.6%,+5.8%,+37.2%
AAPL,Extended,Uncategorized,Information Technology,Technology Hardware & Equipmen,GAAP,Sep,EPS,CY2026,7.998,8.047,+0.6%,8.234,+2.3%,8.532,+3.6%,270.23,31.7,+6.7%,-0.6%,+5.8%,+37.2%
AAPL,Extended,Uncategorized,Information Technology,Technology Hardware & Equipmen,GAAP,Sep,EPS,CY2027,8.828,8.788,-0.5%,9.15,+4.1%,9.406,+2.8%,270.23,28.7,+6.5%,-0.6%,+5.8%,+37.2%
AAPL,Extended,Uncategorized,Information Technology,Technology Hardware & Equipmen,GAAP,Sep,EPS,CY2028,9.73,9.623,-1.1%,9.973,+3.6%,10.357,+3.9%,270.23,26.1,+6.4%,-0.6%,+5.8%,+37.2%
NFLX,Extended,Uncategorized,Communication Services,Media & Entertainment,GAAP,Dec,EPS,CY2025,2.502,2.62,+4.7%,2.525,-3.6%,2.525,+0.0%,97.31,38.5,+0.9%,+3.8%,+10.6%,+0.0%
NFLX,Extended,Uncategorized,Communication Services,Media & Entertainment,GAAP,Dec,EPS,CY2026,3.044,3.232,+6.2%,3.229,-0.1%,3.436,+6.4%,97.31,28.3,+12.9%,+3.8%,+10.6%,+0.0%
NFLX,Extended,Uncategorized,Communication Services,Media & Entertainment,GAAP,Dec,EPS,CY2027,3.693,3.931,+6.4%,3.893,-1.0%,3.829,-1.6%,97.31,25.4,+3.7%,+3.8%,+10.6%,+0.0%
NFLX,Extended,Uncategorized,Communication Services,Media & Entertainment,GAAP,Dec,EPS,CY2028,4.316,4.612,+6.9%,4.5,-2.4%,4.552,+1.2%,97.31,21.4,+5.5%,+3.8%,+10.6%,+0.0%
QCOM,Extended,Uncategorized,Information Technology,Semiconductors & Semiconductor,Adj,Sep,EPS,CY2025,11.688,11.916,+2.0%,11.92,+0.0%,11.92,+0.0%,136.2,11.4,+2.0%,-20.4%,-14.6%,-0.3%
QCOM,Extended,Uncategorized,Information Technology,Semiconductors & Semiconductor,Adj,Sep,EPS,CY2026,12.191,12.105,-0.7%,12.22,+1.0%,11.023,-9.8%,136.2,12.4,-9.6%,-20.4%,-14.6%,-0.3%
QCOM,Extended,Uncategorized,Information Technology,Semiconductors & Semiconductor,Adj,Sep,EPS,CY2027,12.03,12.681,+5.4%,12.405,-2.2%,10.975,-11.5%,136.2,12.4,-8.8%,-20.4%,-14.6%,-0.3%
QCOM,Extended,Uncategorized,Information Technology,Semiconductors & Semiconductor,Adj,Sep,EPS,CY2028,13.45,13.458,+0.1%,13.045,-3.1%,12.1,-7.2%,136.2,11.3,-10.0%,-20.4%,-14.6%,-0.3%
UMG,Extended,Uncategorized,Communication Services,Media & Entertainment,Adj,Dec,EPS,CY2025,1.029,0.998,-3.0%,1.012,+1.4%,1.023,+1.1%,20.61,20.1,-0.6%,-7.3%,-4.5%,-14.0%
UMG,Extended,Uncategorized,Communication Services,Media & Entertainment,Adj,Dec,EPS,CY2026,1.19,1.113,-6.5%,1.12,+0.6%,1.095,-2.2%,20.61,18.8,-8.0%,-7.3%,-4.5%,-14.0%
UMG,Extended,Uncategorized,Communication Services,Media & Entertainment,Adj,Dec,EPS,CY2027,1.258,1.221,-2.9%,1.231,+0.8%,1.208,-1.9%,20.61,17.1,-4.0%,-7.3%,-4.5%,-14.0%
UMG,Extended,Uncategorized,Communication Services,Media & Entertainment,Adj,Dec,EPS,CY2028,1.34,1.332,-0.6%,1.308,-1.8%,1.325,+1.3%,20.61,15.6,-1.1%,-7.3%,-4.5%,-14.0%
ASML,Extended,Uncategorized,Information Technology,Semiconductors & Semiconductor,GAAP,Dec,EPS,CY2025,23.443,24.477,+4.4%,24.84,+1.5%,24.885,+0.2%,1244.0,50.0,+6.2%,+35.0%,+6.6%,+120.5%
ASML,Extended,Uncategorized,Information Technology,Semiconductors & Semiconductor,GAAP,Dec,EPS,CY2026,27.085,25.769,-4.9%,27.041,+4.9%,30.945,+14.4%,1244.0,40.2,+14.3%,+35.0%,+6.6%,+120.5%
ASML,Extended,Uncategorized,Information Technology,Semiconductors & Semiconductor,GAAP,Dec,EPS,CY2027,32.632,31.457,-3.6%,34.155,+8.6%,40.399,+18.3%,1244.0,30.8,+23.8%,+35.0%,+6.6%,+120.5%
ASML,Extended,Uncategorized,Information Technology,Semiconductors & Semiconductor,GAAP,Dec,EPS,CY2028,38.994,36.327,-6.8%,38.604,+6.3%,46.464,+20.4%,1244.0,26.8,+19.2%,+35.0%,+6.6%,+120.5%
AMAT,Extended,Uncategorized,Information Technology,Semiconductors & Semiconductor,GAAP,Oct,EPS,CY2025,8.252,8.319,+0.8%,8.321,+0.0%,8.321,+0.0%,396.94,47.7,+0.8%,+54.5%,+21.4%,+188.8%
AMAT,Extended,Uncategorized,Information Technology,Semiconductors & Semiconductor,GAAP,Oct,EPS,CY2026,9.78,9.24,-5.5%,9.441,+2.2%,11.129,+17.9%,396.94,35.7,+13.8%,+54.5%,+21.4%,+188.8%
AMAT,Extended,Uncategorized,Information Technology,Semiconductors & Semiconductor,GAAP,Oct,EPS,CY2027,10.647,10.566,-0.8%,11.509,+8.9%,14.089,+22.4%,396.94,28.2,+32.3%,+54.5%,+21.4%,+188.8%
AMAT,Extended,Uncategorized,Information Technology,Semiconductors & Semiconductor,GAAP,Oct,EPS,CY2028,11.228,10.943,-2.5%,12.113,+10.7%,15.276,+26.1%,396.94,26.0,+36.1%,+54.5%,+21.4%,+188.8%
KLAC,Extended,Uncategorized,Information Technology,Semiconductors & Semiconductor,GAAP,Jun,EPS,CY2025,28.945,29.776,+2.9%,29.776,+0.0%,29.776,+0.0%,1791.44,60.2,+2.9%,+47.4%,+14.3%,+182.4%
KLAC,Extended,Uncategorized,Information Technology,Semiconductors & Semiconductor,GAAP,Jun,EPS,CY2026,30.999,34.174,+10.2%,34.802,+1.8%,35.822,+2.9%,1791.44,50.0,+15.6%,+47.4%,+14.3%,+182.4%
KLAC,Extended,Uncategorized,Information Technology,Semiconductors & Semiconductor,GAAP,Jun,EPS,CY2027,35.589,38.534,+8.3%,42.406,+10.0%,47.779,+12.7%,1791.44,37.5,+34.3%,+47.4%,+14.3%,+182.4%
KLAC,Extended,Uncategorized,Information Technology,Semiconductors & Semiconductor,GAAP,Jun,EPS,CY2028,37.523,42.643,+13.6%,44.284,+3.8%,53.693,+21.2%,1791.44,33.4,+43.1%,+47.4%,+14.3%,+182.4%
KKR,Extended,Uncategorized,Financials,Financial Services,Adj,Dec,EPS,CY2025,5.301,5.132,-3.2%,4.985,-2.9%,4.947,-0.8%,103.6,20.9,-6.7%,-18.7%,-21.2%,+0.2%
KKR,Extended,Uncategorized,Financials,Financial Services,Adj,Dec,EPS,CY2026,6.899,6.77,-1.9%,6.745,-0.4%,6.199,-8.1%,103.6,16.7,-10.1%,-18.7%,-21.2%,+0.2%
KKR,Extended,Uncategorized,Financials,Financial Services,Adj,Dec,EPS,CY2027,8.291,8.2,-1.1%,8.114,-1.0%,7.693,-5.2%,103.6,13.5,-7.2%,-18.7%,-21.2%,+0.2%
KKR,Extended,Uncategorized,Financials,Financial Services,Adj,Dec,EPS,CY2028,9.808,9.496,-3.2%,9.515,+0.2%,8.804,-7.5%,103.6,11.8,-10.2%,-18.7%,-21.2%,+0.2%
BAM,Extended,Uncategorized,Financials,Financial Services,Adj,Dec,EPS,CY2025,1.672,1.601,-4.2%,1.608,+0.4%,1.62,+0.7%,49.32,30.4,-3.1%,-5.9%,-6.6%,+1.5%
BAM,Extended,Uncategorized,Financials,Financial Services,Adj,Dec,EPS,CY2026,1.941,1.865,-3.9%,1.846,-1.0%,1.863,+0.9%,49.32,26.5,-4.0%,-5.9%,-6.6%,+1.5%
BAM,Extended,Uncategorized,Financials,Financial Services,Adj,Dec,EPS,CY2027,2.199,2.189,-0.5%,2.151,-1.7%,2.206,+2.6%,49.32,22.4,+0.3%,-5.9%,-6.6%,+1.5%
BAM,Extended,Uncategorized,Financials,Financial Services,Adj,Dec,EPS,CY2028,2.475,2.44,-1.4%,2.543,+4.2%,2.538,-0.2%,49.32,19.4,+2.5%,-5.9%,-6.6%,+1.5%
ARES,Extended,Uncategorized,Financials,Financial Services,Adj,Dec,EPS,CY2025,4.953,5.034,+1.6%,5.029,-0.1%,5.022,-0.1%,117.78,23.5,+1.4%,-27.1%,-30.6%,-16.6%
ARES,Extended,Uncategorized,Financials,Financial Services,Adj,Dec,EPS,CY2026,6.341,6.396,+0.9%,6.529,+2.1%,6.111,-6.4%,117.78,19.3,-3.6%,-27.1%,-30.6%,-16.6%
ARES,Extended,Uncategorized,Financials,Financial Services,Adj,Dec,EPS,CY2027,7.614,7.582,-0.4%,7.819,+3.1%,7.363,-5.8%,117.78,16.0,-3.3%,-27.1%,-30.6%,-16.6%
ARES,Extended,Uncategorized,Financials,Financial Services,Adj,Dec,EPS,CY2028,8.79,8.947,+1.8%,8.878,-0.8%,8.275,-6.8%,117.78,14.2,-5.9%,-27.1%,-30.6%,-16.6%
OWL,Extended,Uncategorized,Financials,Financial Services,Adj,Dec,EPS,CY2025,0.889,0.829,-6.7%,0.822,-0.8%,0.821,-0.1%,9.85,12.0,-7.6%,-34.1%,-38.2%,-43.4%
OWL,Extended,Uncategorized,Financials,Financial Services,Adj,Dec,EPS,CY2026,1.078,1.013,-6.0%,0.973,-3.9%,0.892,-8.3%,9.85,11.0,-17.3%,-34.1%,-38.2%,-43.4%
OWL,Extended,Uncategorized,Financials,Financial Services,Adj,Dec,EPS,CY2027,1.214,1.191,-1.9%,1.143,-4.0%,1.024,-10.4%,9.85,9.6,-15.7%,-34.1%,-38.2%,-43.4%
OWL,Extended,Uncategorized,Financials,Financial Services,Adj,Dec,EPS,CY2028,,1.485,,1.348,-9.2%,1.15,-14.7%,9.85,8.6,,-34.1%,-38.2%,-43.4%
CG,Extended,Uncategorized,Financials,Financial Services,Adj,Dec,EPS,CY2025,3.913,4.1,+4.8%,4.024,-1.9%,3.991,-0.8%,52.68,13.2,+2.0%,-10.9%,-19.7%,+47.0%
CG,Extended,Uncategorized,Financials,Financial Services,Adj,Dec,EPS,CY2026,4.561,4.886,+7.1%,4.719,-3.4%,4.316,-8.5%,52.68,12.2,-5.4%,-10.9%,-19.7%,+47.0%
CG,Extended,Uncategorized,Financials,Financial Services,Adj,Dec,EPS,CY2027,4.874,5.445,+11.7%,5.376,-1.3%,5.319,-1.1%,52.68,9.9,+9.1%,-10.9%,-19.7%,+47.0%
CG,Extended,Uncategorized,Financials,Financial Services,Adj,Dec,EPS,CY2028,5.315,5.8,+9.1%,5.94,+2.4%,5.912,-0.5%,52.68,8.9,+11.2%,-10.9%,-19.7%,+47.0%
BN,Extended,Uncategorized,Financials,Financial Services,Adj,Dec,EPS,CY2025,2.567,2.446,-4.7%,2.496,+2.0%,2.462,-1.4%,46.59,18.9,-4.1%,+1.5%,-1.6%,+40.6%
BN,Extended,Uncategorized,Financials,Financial Services,Adj,Dec,EPS,CY2026,3.101,2.927,-5.6%,2.938,+0.4%,2.764,-5.9%,46.59,16.9,-10.9%,+1.5%,-1.6%,+40.6%
BN,Extended,Uncategorized,Financials,Financial Services,Adj,Dec,EPS,CY2027,2.665,3.438,+29.0%,3.55,+3.3%,3.401,-4.2%,46.59,13.7,+27.6%,+1.5%,-1.6%,+40.6%
BN,Extended,Uncategorized,Financials,Financial Services,Adj,Dec,EPS,CY2028,,,,,,3.54,,46.59,13.2,,+1.5%,-1.6%,+40.6%
TPG,Extended,Uncategorized,Financials,Financial Services,Adj,Dec,EPS,CY2025,2.118,2.435,+15.0%,2.358,-3.2%,2.335,-1.0%,44.98,19.3,+10.2%,-29.5%,-33.0%,+3.4%
TPG,Extended,Uncategorized,Financials,Financial Services,Adj,Dec,EPS,CY2026,2.934,3.062,+4.4%,3.006,-1.8%,2.805,-6.7%,44.98,16.0,-4.4%,-29.5%,-33.0%,+3.4%
TPG,Extended,Uncategorized,Financials,Financial Services,Adj,Dec,EPS,CY2027,3.409,3.746,+9.9%,3.745,-0.0%,3.576,-4.5%,44.98,12.6,+4.9%,-29.5%,-33.0%,+3.4%
TPG,Extended,Uncategorized,Financials,Financial Services,Adj,Dec,EPS,CY2028,4.26,4.16,-2.3%,4.257,+2.3%,4.134,-2.9%,44.98,10.9,-3.0%,-29.5%,-33.0%,+3.4%
BEP,Extended,Uncategorized,Utilities,Utilities,Adj,Dec,EPS,CY2025,-0.604,-0.494,+18.2%,-0.798,-61.5%,-0.824,-3.3%,34.59,-42.0,-36.4%,+28.3%,+22.7%,+60.4%
BEP,Extended,Uncategorized,Utilities,Utilities,Adj,Dec,EPS,CY2026,-0.584,-0.509,+12.8%,-0.879,-72.7%,-0.847,+3.6%,34.59,-40.8,-45.0%,+28.3%,+22.7%,+60.4%
BEP,Extended,Uncategorized,Utilities,Utilities,Adj,Dec,EPS,CY2027,0.11,-0.466,-523.6%,-0.853,-83.0%,-0.881,-3.3%,34.59,-39.3,-900.9%,+28.3%,+22.7%,+60.4%
BEP,Extended,Uncategorized,Utilities,Utilities,Adj,Dec,EPS,CY2028,0.213,1.12,+425.8%,-0.33,-129.5%,-0.693,-110.0%,34.59,-49.9,-425.4%,+28.3%,+22.7%,+60.4%
BIP,Extended,Uncategorized,Utilities,Utilities,Adj,Dec,EPS,CY2025,1.04,0.472,-54.6%,0.467,-1.1%,0.703,+50.5%,36.56,52.0,-32.4%,+5.2%,+4.0%,+31.0%
BIP,Extended,Uncategorized,Utilities,Utilities,Adj,Dec,EPS,CY2026,0.968,0.863,-10.8%,0.898,+4.1%,0.797,-11.2%,36.56,45.9,-17.7%,+5.2%,+4.0%,+31.0%
BIP,Extended,Uncategorized,Utilities,Utilities,Adj,Dec,EPS,CY2027,1.635,1.33,-18.7%,1.138,-14.4%,1.055,-7.3%,36.56,34.7,-35.5%,+5.2%,+4.0%,+31.0%
BIP,Extended,Uncategorized,Utilities,Utilities,Adj,Dec,EPS,CY2028,,1.85,,2.23,+20.5%,1.77,-20.6%,36.56,20.7,,+5.2%,+4.0%,+31.0%
MAR,Extended,Uncategorized,Consumer Discretionary,Consumer Services,Adj,Dec,EPS,CY2025,10.126,10.046,-0.8%,10.089,+0.4%,10.089,+0.0%,377.93,37.5,-0.4%,+21.8%,+16.0%,+71.5%
MAR,Extended,Uncategorized,Consumer Discretionary,Consumer Services,Adj,Dec,EPS,CY2026,11.468,11.33,-1.2%,11.417,+0.8%,11.565,+1.3%,377.93,32.7,+0.8%,+21.8%,+16.0%,+71.5%
MAR,Extended,Uncategorized,Consumer Discretionary,Consumer Services,Adj,Dec,EPS,CY2027,12.74,12.799,+0.5%,12.778,-0.2%,13.002,+1.8%,377.93,29.1,+2.1%,+21.8%,+16.0%,+71.5%
MAR,Extended,Uncategorized,Consumer Discretionary,Consumer Services,Adj,Dec,EPS,CY2028,14.594,14.492,-0.7%,14.244,-1.7%,14.423,+1.3%,377.93,26.2,-1.2%,+21.8%,+16.0%,+71.5%
DPZ,Extended,Uncategorized,Consumer Discretionary,Consumer Services,Adj,Dec,EPS,CY2025,17.49,17.592,+0.6%,17.589,-0.0%,17.592,+0.0%,372.06,21.1,+0.6%,-10.7%,-7.1%,-20.3%
DPZ,Extended,Uncategorized,Consumer Discretionary,Consumer Services,Adj,Dec,EPS,CY2026,19.336,19.536,+1.0%,19.582,+0.2%,19.783,+1.0%,372.06,18.8,+2.3%,-10.7%,-7.1%,-20.3%
DPZ,Extended,Uncategorized,Consumer Discretionary,Consumer Services,Adj,Dec,EPS,CY2027,21.46,21.298,-0.8%,21.34,+0.2%,21.508,+0.8%,372.06,17.3,+0.2%,-10.7%,-7.1%,-20.3%
DPZ,Extended,Uncategorized,Consumer Discretionary,Consumer Services,Adj,Dec,EPS,CY2028,24.103,23.529,-2.4%,23.663,+0.6%,23.409,-1.1%,372.06,15.9,-2.9%,-10.7%,-7.1%,-20.3%
CMG,Extended,Uncategorized,Consumer Discretionary,Consumer Services,Adj,Dec,EPS,CY2025,1.266,1.197,-5.5%,1.158,-3.3%,1.156,-0.2%,35.83,31.0,-8.7%,-3.2%,-10.3%,-25.6%
CMG,Extended,Uncategorized,Consumer Discretionary,Consumer Services,Adj,Dec,EPS,CY2026,1.52,1.382,-9.1%,1.218,-11.9%,1.141,-6.3%,35.83,31.4,-24.9%,-3.2%,-10.3%,-25.6%
CMG,Extended,Uncategorized,Consumer Discretionary,Consumer Services,Adj,Dec,EPS,CY2027,1.806,1.614,-10.6%,1.431,-11.3%,1.362,-4.8%,35.83,26.3,-24.6%,-3.2%,-10.3%,-25.6%
CMG,Extended,Uncategorized,Consumer Discretionary,Consumer Services,Adj,Dec,EPS,CY2028,2.153,1.966,-8.7%,1.72,-12.5%,1.604,-6.7%,35.83,22.3,-25.5%,-3.2%,-10.3%,-25.6%
MCO,Extended,Uncategorized,Financials,Financial Services,Adj,Dec,EPS,CY2025,13.798,14.098,+2.2%,14.729,+4.5%,14.772,+0.3%,455.35,30.8,+7.1%,-10.9%,-15.5%,+7.2%
MCO,Extended,Uncategorized,Financials,Financial Services,Adj,Dec,EPS,CY2026,15.555,15.789,+1.5%,16.468,+4.3%,16.713,+1.5%,455.35,27.2,+7.4%,-10.9%,-15.5%,+7.2%
MCO,Extended,Uncategorized,Financials,Financial Services,Adj,Dec,EPS,CY2027,17.493,17.749,+1.5%,18.514,+4.3%,18.758,+1.3%,455.35,24.3,+7.2%,-10.9%,-15.5%,+7.2%
MCO,Extended,Uncategorized,Financials,Financial Services,Adj,Dec,EPS,CY2028,19.43,19.526,+0.5%,20.368,+4.3%,20.808,+2.2%,455.35,21.9,+7.1%,-10.9%,-15.5%,+7.2%
SPGI,Extended,Uncategorized,Financials,Financial Services,Adj,Dec,EPS,CY2025,17.098,17.368,+1.6%,17.849,+2.8%,17.859,+0.1%,442.57,24.8,+4.5%,-15.3%,-19.0%,-4.4%
SPGI,Extended,Uncategorized,Financials,Financial Services,Adj,Dec,EPS,CY2026,19.012,19.4,+2.0%,19.959,+2.9%,19.623,-1.7%,442.57,22.6,+3.2%,-15.3%,-19.0%,-4.4%
SPGI,Extended,Uncategorized,Financials,Financial Services,Adj,Dec,EPS,CY2027,21.285,21.775,+2.3%,22.37,+2.7%,22.04,-1.5%,442.57,20.1,+3.5%,-15.3%,-19.0%,-4.4%
SPGI,Extended,Uncategorized,Financials,Financial Services,Adj,Dec,EPS,CY2028,23.411,23.545,+0.6%,24.514,+4.1%,24.882,+1.5%,442.57,17.8,+6.3%,-15.3%,-19.0%,-4.4%
MSCI,Extended,Uncategorized,Financials,Financial Services,Adj,Dec,EPS,CY2025,16.867,17.061,+1.2%,17.195,+0.8%,17.202,+0.0%,568.55,33.1,+2.0%,-0.9%,-5.6%,+4.0%
MSCI,Extended,Uncategorized,Financials,Financial Services,Adj,Dec,EPS,CY2026,18.988,19.252,+1.4%,19.379,+0.7%,19.452,+0.4%,568.55,29.2,+2.4%,-0.9%,-5.6%,+4.0%
MSCI,Extended,Uncategorized,Financials,Financial Services,Adj,Dec,EPS,CY2027,21.314,21.521,+1.0%,21.799,+1.3%,22.094,+1.4%,568.55,25.7,+3.7%,-0.9%,-5.6%,+4.0%
MSCI,Extended,Uncategorized,Financials,Financial Services,Adj,Dec,EPS,CY2028,23.799,23.791,-0.0%,24.477,+2.9%,24.986,+2.1%,568.55,22.8,+5.0%,-0.9%,-5.6%,+4.0%
CSGP,Extended,Uncategorized,Real Estate,Real Estate Management & Devel,Adj,Dec,EPS,CY2025,0.949,0.819,-13.7%,0.844,+3.1%,0.842,-0.2%,39.72,47.2,-11.3%,-40.9%,-39.2%,-50.2%
CSGP,Extended,Uncategorized,Real Estate,Real Estate Management & Devel,Adj,Dec,EPS,CY2026,1.533,1.369,-10.7%,1.326,-3.1%,1.267,-4.4%,39.72,31.3,-17.4%,-40.9%,-39.2%,-50.2%
CSGP,Extended,Uncategorized,Real Estate,Real Estate Management & Devel,Adj,Dec,EPS,CY2027,2.177,1.941,-10.8%,1.872,-3.6%,1.724,-7.9%,39.72,23.0,-20.8%,-40.9%,-39.2%,-50.2%
CSGP,Extended,Uncategorized,Real Estate,Real Estate Management & Devel,Adj,Dec,EPS,CY2028,2.757,2.498,-9.4%,2.406,-3.7%,2.195,-8.8%,39.72,18.1,-20.4%,-40.9%,-39.2%,-50.2%
LPLA,Extended,Uncategorized,Financials,Financial Services,Adj,Dec,EPS,CY2025,18.364,18.859,+2.7%,19.786,+4.9%,19.786,+0.0%,317.41,16.0,+7.7%,-11.1%,-16.2%,+3.7%
LPLA,Extended,Uncategorized,Financials,Financial Services,Adj,Dec,EPS,CY2026,21.591,22.336,+3.5%,23.336,+4.5%,22.773,-2.4%,317.41,13.9,+5.5%,-11.1%,-16.2%,+3.7%
LPLA,Extended,Uncategorized,Financials,Financial Services,Adj,Dec,EPS,CY2027,27.249,27.689,+1.6%,28.929,+4.5%,28.208,-2.5%,317.41,11.3,+3.5%,-11.1%,-16.2%,+3.7%
LPLA,Extended,Uncategorized,Financials,Financial Services,Adj,Dec,EPS,CY2028,31.545,32.035,+1.6%,34.46,+7.6%,34.064,-1.1%,317.41,9.3,+8.0%,-11.1%,-16.2%,+3.7%
SCHW,Extended,Uncategorized,Financials,Financial Services,Adj,Dec,EPS,CY2025,4.251,4.786,+12.6%,4.87,+1.8%,4.87,+0.0%,92.28,18.9,+14.6%,-7.6%,-11.1%,+21.2%
SCHW,Extended,Uncategorized,Financials,Financial Services,Adj,Dec,EPS,CY2026,5.072,5.598,+10.4%,5.761,+2.9%,5.997,+4.1%,92.28,15.4,+18.2%,-7.6%,-11.1%,+21.2%
SCHW,Extended,Uncategorized,Financials,Financial Services,Adj,Dec,EPS,CY2027,5.785,6.572,+13.6%,6.756,+2.8%,7.02,+3.9%,92.28,13.1,+21.3%,-7.6%,-11.1%,+21.2%
SCHW,Extended,Uncategorized,Financials,Financial Services,Adj,Dec,EPS,CY2028,6.513,7.605,+16.8%,7.767,+2.1%,7.989,+2.9%,92.28,11.6,+22.7%,-7.6%,-11.1%,+21.2%
CRM,Extended,Uncategorized,Information Technology,Software & Services,Adj,Jan,EPS,CY2025,11.153,11.379,+2.0%,11.781,+3.5%,11.785,+0.0%,182.14,15.5,+5.7%,-31.2%,-19.8%,-26.3%
CRM,Extended,Uncategorized,Information Technology,Software & Services,Adj,Jan,EPS,CY2026,12.516,12.721,+1.6%,13.185,+3.6%,13.193,+0.1%,182.14,13.8,+5.4%,-31.2%,-19.8%,-26.3%
CRM,Extended,Uncategorized,Information Technology,Software & Services,Adj,Jan,EPS,CY2027,14.408,14.48,+0.5%,15.079,+4.1%,14.855,-1.5%,182.14,12.3,+3.1%,-31.2%,-19.8%,-26.3%
CRM,Extended,Uncategorized,Information Technology,Software & Services,Adj,Jan,EPS,CY2028,16.198,17.246,+6.5%,17.728,+2.8%,17.521,-1.2%,182.14,10.4,+8.2%,-31.2%,-19.8%,-26.3%
WDAY,Extended,Uncategorized,Information Technology,Software & Services,Adj,Jan,EPS,CY2025,8.523,8.905,+4.5%,9.097,+2.2%,9.104,+0.1%,123.83,13.6,+6.8%,-42.3%,-33.7%,-44.0%
WDAY,Extended,Uncategorized,Information Technology,Software & Services,Adj,Jan,EPS,CY2026,10.019,10.589,+5.7%,10.756,+1.6%,10.491,-2.5%,123.83,11.8,+4.7%,-42.3%,-33.7%,-44.0%
WDAY,Extended,Uncategorized,Information Technology,Software & Services,Adj,Jan,EPS,CY2027,11.379,12.779,+12.3%,13.088,+2.4%,12.372,-5.5%,123.83,10.0,+8.7%,-42.3%,-33.7%,-44.0%
WDAY,Extended,Uncategorized,Information Technology,Software & Services,Adj,Jan,EPS,CY2028,12.842,14.527,+13.1%,15.208,+4.7%,13.999,-7.9%,123.83,8.8,+9.0%,-42.3%,-33.7%,-44.0%
ADBE,Extended,Uncategorized,Information Technology,Software & Services,Adj,Nov,EPS,CY2025,20.4,20.836,+2.1%,20.832,-0.0%,20.832,+0.0%,244.45,11.7,+2.1%,-30.2%,-17.4%,-29.9%
ADBE,Extended,Uncategorized,Information Technology,Software & Services,Adj,Nov,EPS,CY2026,22.882,23.433,+2.4%,23.519,+0.4%,23.518,-0.0%,244.45,10.4,+2.8%,-30.2%,-17.4%,-29.9%
ADBE,Extended,Uncategorized,Information Technology,Software & Services,Adj,Nov,EPS,CY2027,25.705,26.264,+2.2%,26.54,+1.1%,26.449,-0.3%,244.45,9.2,+2.9%,-30.2%,-17.4%,-29.9%
ADBE,Extended,Uncategorized,Information Technology,Software & Services,Adj,Nov,EPS,CY2028,28.37,28.463,+0.3%,29.101,+2.2%,29.674,+2.0%,244.45,8.2,+4.6%,-30.2%,-17.4%,-29.9%
SHOP,Extended,Uncategorized,Information Technology,Software & Services,Adj,Dec,EPS,CY2025,1.478,1.47,-0.5%,1.453,-1.2%,1.451,-0.1%,131.15,90.4,-1.8%,-18.5%,-15.8%,+56.8%
SHOP,Extended,Uncategorized,Information Technology,Software & Services,Adj,Dec,EPS,CY2026,1.877,1.818,-3.1%,1.879,+3.4%,1.835,-2.3%,131.15,71.5,-2.2%,-18.5%,-15.8%,+56.8%
SHOP,Extended,Uncategorized,Information Technology,Software & Services,Adj,Dec,EPS,CY2027,2.531,2.378,-6.0%,2.466,+3.7%,2.387,-3.2%,131.15,54.9,-5.7%,-18.5%,-15.8%,+56.8%
SHOP,Extended,Uncategorized,Information Technology,Software & Services,Adj,Dec,EPS,CY2028,3.163,2.88,-8.9%,3.551,+23.3%,3.198,-9.9%,131.15,41.0,+1.1%,-18.5%,-15.8%,+56.8%
GWRE,Extended,Uncategorized,Information Technology,Software & Services,Adj,Jul,EPS,CY2025,1.991,2.419,+21.5%,2.419,+0.0%,2.419,+0.0%,140.36,58.0,+21.5%,-30.2%,-11.7%,-26.6%
GWRE,Extended,Uncategorized,Information Technology,Software & Services,Adj,Jul,EPS,CY2026,2.668,2.972,+11.4%,2.96,-0.4%,3.537,+19.5%,140.36,39.7,+32.6%,-30.2%,-11.7%,-26.6%
GWRE,Extended,Uncategorized,Information Technology,Software & Services,Adj,Jul,EPS,CY2027,3.541,3.751,+5.9%,3.872,+3.2%,4.267,+10.2%,140.36,32.9,+20.5%,-30.2%,-11.7%,-26.6%
GWRE,Extended,Uncategorized,Information Technology,Software & Services,Adj,Jul,EPS,CY2028,4.673,5.088,+8.9%,4.901,-3.7%,5.395,+10.1%,140.36,26.0,+15.5%,-30.2%,-11.7%,-26.6%
NOW,Extended,Uncategorized,Information Technology,Software & Services,Adj,Dec,EPS,CY2025,3.244,3.379,+4.2%,3.415,+1.1%,3.481,+1.9%,96.66,27.8,+7.3%,-36.9%,-24.1%,-37.4%
NOW,Extended,Uncategorized,Information Technology,Software & Services,Adj,Dec,EPS,CY2026,3.973,3.982,+0.2%,4.468,+12.2%,4.197,-6.1%,96.66,23.0,+5.6%,-36.9%,-24.1%,-37.4%
NOW,Extended,Uncategorized,Information Technology,Software & Services,Adj,Dec,EPS,CY2027,4.782,4.789,+0.1%,5.389,+12.5%,4.995,-7.3%,96.66,19.4,+4.5%,-36.9%,-24.1%,-37.4%
NOW,Extended,Uncategorized,Information Technology,Software & Services,Adj,Dec,EPS,CY2028,5.715,5.714,-0.0%,5.689,-0.4%,5.975,+5.0%,96.66,16.2,+4.5%,-36.9%,-24.1%,-37.4%
ELV,Extended,Uncategorized,Health Care,Health Care Equipment & Servic,Adj,Dec,EPS,CY2025,34.478,29.979,-13.0%,29.977,-0.0%,29.975,-0.0%,323.05,10.8,-13.1%,-7.8%,-13.8%,-23.9%
ELV,Extended,Uncategorized,Health Care,Health Care Equipment & Servic,Adj,Dec,EPS,CY2026,39.248,30.085,-23.3%,27.059,-10.1%,25.736,-4.9%,323.05,12.6,-34.4%,-7.8%,-13.8%,-23.9%
ELV,Extended,Uncategorized,Health Care,Health Care Equipment & Servic,Adj,Dec,EPS,CY2027,45.988,34.557,-24.9%,31.248,-9.6%,29.025,-7.1%,323.05,11.1,-36.9%,-7.8%,-13.8%,-23.9%
ELV,Extended,Uncategorized,Health Care,Health Care Equipment & Servic,Adj,Dec,EPS,CY2028,53.195,40.998,-22.9%,39.543,-3.5%,34.127,-13.7%,323.05,9.5,-35.8%,-7.8%,-13.8%,-23.9%
ISRG,Extended,Uncategorized,Health Care,Health Care Equipment & Servic,Adj,Dec,EPS,CY2025,8.061,8.128,+0.8%,8.648,+6.4%,8.646,-0.0%,469.21,54.3,+7.3%,-17.2%,-12.3%,-2.8%
ISRG,Extended,Uncategorized,Health Care,Health Care Equipment & Servic,Adj,Dec,EPS,CY2026,9.329,9.176,-1.6%,9.699,+5.7%,10.047,+3.6%,469.21,46.7,+7.7%,-17.2%,-12.3%,-2.8%
ISRG,Extended,Uncategorized,Health Care,Health Care Equipment & Servic,Adj,Dec,EPS,CY2027,10.961,10.737,-2.0%,11.188,+4.2%,11.404,+1.9%,469.21,41.1,+4.0%,-17.2%,-12.3%,-2.8%
ISRG,Extended,Uncategorized,Health Care,Health Care Equipment & Servic,Adj,Dec,EPS,CY2028,12.564,12.475,-0.7%,13.033,+4.5%,13.079,+0.4%,469.21,35.9,+4.1%,-17.2%,-12.3%,-2.8%
BLDR,Extended,Uncategorized,Industrials,Capital Goods,Adj,Dec,EPS,CY2025,9.477,6.743,-28.8%,7.056,+4.6%,7.053,-0.0%,88.5,12.5,-25.6%,-14.0%,-30.2%,-24.3%
BLDR,Extended,Uncategorized,Industrials,Capital Goods,Adj,Dec,EPS,CY2026,11.031,7.314,-33.7%,6.426,-12.1%,5.745,-10.6%,88.5,15.4,-47.9%,-14.0%,-30.2%,-24.3%
BLDR,Extended,Uncategorized,Industrials,Capital Goods,Adj,Dec,EPS,CY2027,13.176,9.151,-30.5%,8.138,-11.1%,7.518,-7.6%,88.5,11.8,-42.9%,-14.0%,-30.2%,-24.3%
BLDR,Extended,Uncategorized,Industrials,Capital Goods,Adj,Dec,EPS,CY2028,,9.2,,10.055,+9.3%,9.072,-9.8%,88.5,9.8,,-14.0%,-30.2%,-24.3%
FERG,Extended,Uncategorized,Industrials,Capital Goods,Adj,Jul,EPS,CY2025,8.891,9.41,+5.8%,9.41,+0.0%,9.41,+0.0%,260.49,27.7,+5.8%,+17.0%,+4.6%,+58.6%
FERG,Extended,Uncategorized,Industrials,Capital Goods,Adj,Jul,EPS,CY2026,,11.038,,10.939,-0.9%,11.072,+1.2%,260.49,23.5,,+17.0%,+4.6%,+58.6%
FERG,Extended,Uncategorized,Industrials,Capital Goods,Adj,Jul,EPS,CY2027,,11.879,,12.102,+1.9%,12.232,+1.1%,260.49,21.3,,+17.0%,+4.6%,+58.6%
FERG,Extended,Uncategorized,Industrials,Capital Goods,Adj,Jul,EPS,CY2028,,13.161,,13.314,+1.2%,13.535,+1.7%,260.49,19.2,,+17.0%,+4.6%,+58.6%
CRH,Extended,Uncategorized,Materials,Materials,Adj,Dec,EPS,CY2025,5.771,5.619,-2.6%,5.582,-0.7%,5.593,+0.2%,117.05,20.9,-3.1%,-6.2%,-4.8%,+38.1%
CRH,Extended,Uncategorized,Materials,Materials,Adj,Dec,EPS,CY2026,6.466,6.259,-3.2%,6.105,-2.5%,5.969,-2.2%,117.05,19.6,-7.7%,-6.2%,-4.8%,+38.1%
CRH,Extended,Uncategorized,Materials,Materials,Adj,Dec,EPS,CY2027,7.142,6.993,-2.1%,6.757,-3.4%,6.677,-1.2%,117.05,17.5,-6.5%,-6.2%,-4.8%,+38.1%
CRH,Extended,Uncategorized,Materials,Materials,Adj,Dec,EPS,CY2028,7.882,7.74,-1.8%,7.681,-0.8%,7.415,-3.5%,117.05,15.8,-5.9%,-6.2%,-4.8%,+38.1%
FND,Extended,Uncategorized,Consumer Discretionary,Consumer Discretionary Distrib,Adj,Dec,EPS,CY2025,1.959,1.803,-8.0%,1.903,+5.5%,1.905,+0.1%,54.07,28.4,-2.8%,-11.2%,-28.9%,-23.1%
FND,Extended,Uncategorized,Consumer Discretionary,Consumer Discretionary Distrib,Adj,Dec,EPS,CY2026,2.567,2.127,-17.1%,2.1,-1.3%,2.072,-1.3%,54.07,26.1,-19.3%,-11.2%,-28.9%,-23.1%
FND,Extended,Uncategorized,Consumer Discretionary,Consumer Discretionary Distrib,Adj,Dec,EPS,CY2027,3.23,2.566,-20.6%,2.54,-1.0%,2.419,-4.8%,54.07,22.4,-25.1%,-11.2%,-28.9%,-23.1%
FND,Extended,Uncategorized,Consumer Discretionary,Consumer Discretionary Distrib,Adj,Dec,EPS,CY2028,3.463,3.138,-9.4%,3.073,-2.1%,2.918,-5.0%,54.07,18.5,-15.7%,-11.2%,-28.9%,-23.1%
WMT,Extended,Uncategorized,Consumer Staples,Consumer Staples Distribution,GAAP,Jan,EPS,CY2025,2.609,2.737,+4.9%,2.885,+5.4%,2.879,-0.2%,127.5,44.3,+10.3%,+14.4%,+6.5%,+36.8%
WMT,Extended,Uncategorized,Consumer Staples,Consumer Staples Distribution,GAAP,Jan,EPS,CY2026,2.931,2.919,-0.4%,2.978,+2.0%,2.918,-2.0%,127.5,43.7,-0.4%,+14.4%,+6.5%,+36.8%
WMT,Extended,Uncategorized,Consumer Staples,Consumer Staples Distribution,GAAP,Jan,EPS,CY2027,3.258,3.268,+0.3%,3.313,+1.4%,3.272,-1.2%,127.5,39.0,+0.4%,+14.4%,+6.5%,+36.8%
WMT,Extended,Uncategorized,Consumer Staples,Consumer Staples Distribution,GAAP,Jan,EPS,CY2028,3.723,3.723,+0.0%,3.665,-1.6%,3.632,-0.9%,127.5,35.1,-2.4%,+14.4%,+6.5%,+36.8%
PM,Extended,Uncategorized,Consumer Staples,"Food, Beverage & Tobacco",GAAP,Dec,EPS,CY2025,6.976,7.427,+6.5%,7.432,+0.1%,7.412,-0.3%,157.79,21.3,+6.2%,-1.6%,-9.1%,-3.3%
PM,Extended,Uncategorized,Consumer Staples,"Food, Beverage & Tobacco",GAAP,Dec,EPS,CY2026,7.791,8.194,+5.2%,8.058,-1.7%,8.115,+0.7%,157.79,19.4,+4.2%,-1.6%,-9.1%,-3.3%
PM,Extended,Uncategorized,Consumer Staples,"Food, Beverage & Tobacco",GAAP,Dec,EPS,CY2027,8.573,8.983,+4.8%,8.77,-2.4%,8.868,+1.1%,157.79,17.8,+3.4%,-1.6%,-9.1%,-3.3%
PM,Extended,Uncategorized,Consumer Staples,"Food, Beverage & Tobacco",GAAP,Dec,EPS,CY2028,9.547,9.92,+3.9%,9.575,-3.5%,9.657,+0.9%,157.79,16.3,+1.2%,-1.6%,-9.1%,-3.3%
CP,Extended,Uncategorized,Industrials,Transportation,Adj,Dec,EPS,CY2025,4.796,4.685,-2.3%,4.62,-1.4%,4.618,-0.0%,81.48,17.6,-3.7%,+10.7%,+12.4%,+9.3%
CP,Extended,Uncategorized,Industrials,Transportation,Adj,Dec,EPS,CY2026,5.511,5.366,-2.6%,5.245,-2.3%,5.123,-2.3%,81.48,15.9,-7.0%,+10.7%,+12.4%,+9.3%
CP,Extended,Uncategorized,Industrials,Transportation,Adj,Dec,EPS,CY2027,6.226,6.037,-3.0%,5.944,-1.5%,5.857,-1.5%,81.48,13.9,-5.9%,+10.7%,+12.4%,+9.3%
CP,Extended,Uncategorized,Industrials,Transportation,Adj,Dec,EPS,CY2028,7.332,6.843,-6.7%,6.698,-2.1%,6.657,-0.6%,81.48,12.2,-9.2%,+10.7%,+12.4%,+9.3%
CNR,Extended,Uncategorized,Industrials,Transportation,Adj,Dec,EPS,CY2025,7.881,7.471,-5.2%,7.521,+0.7%,7.522,+0.0%,151.2,20.1,-4.6%,+11.4%,+8.6%,+10.1%
CNR,Extended,Uncategorized,Industrials,Transportation,Adj,Dec,EPS,CY2026,8.786,8.171,-7.0%,8.087,-1.0%,7.885,-2.5%,151.2,19.2,-10.3%,+11.4%,+8.6%,+10.1%
CNR,Extended,Uncategorized,Industrials,Transportation,Adj,Dec,EPS,CY2027,9.841,9.065,-7.9%,8.966,-1.1%,8.765,-2.2%,151.2,17.3,-10.9%,+11.4%,+8.6%,+10.1%
CNR,Extended,Uncategorized,Industrials,Transportation,Adj,Dec,EPS,CY2028,10.615,10.082,-5.0%,10.007,-0.7%,9.635,-3.7%,151.2,15.7,-9.2%,+11.4%,+8.6%,+10.1%
UNP,Extended,Uncategorized,Industrials,Transportation,Adj,Dec,EPS,CY2025,11.81,11.744,-0.6%,11.692,-0.4%,11.69,-0.0%,251.14,21.5,-1.0%,+8.6%,+9.4%,+14.0%
UNP,Extended,Uncategorized,Industrials,Transportation,Adj,Dec,EPS,CY2026,13.116,12.748,-2.8%,12.519,-1.8%,12.44,-0.6%,251.14,20.2,-5.2%,+8.6%,+9.4%,+14.0%
UNP,Extended,Uncategorized,Industrials,Transportation,Adj,Dec,EPS,CY2027,14.56,13.685,-6.0%,13.672,-0.1%,13.582,-0.7%,251.14,18.5,-6.7%,+8.6%,+9.4%,+14.0%
UNP,Extended,Uncategorized,Industrials,Transportation,Adj,Dec,EPS,CY2028,16.472,14.984,-9.0%,15.246,+1.7%,14.859,-2.5%,251.14,16.9,-9.8%,+8.6%,+9.4%,+14.0%
CSX,Extended,Uncategorized,Industrials,Transportation,Adj,Dec,EPS,CY2025,1.674,1.66,-0.8%,1.636,-1.4%,1.636,+0.0%,43.32,26.5,-2.3%,+19.5%,+19.5%,+56.5%
CSX,Extended,Uncategorized,Industrials,Transportation,Adj,Dec,EPS,CY2026,1.943,1.906,-1.9%,1.882,-1.3%,1.844,-2.0%,43.32,23.5,-5.1%,+19.5%,+19.5%,+56.5%
CSX,Extended,Uncategorized,Industrials,Transportation,Adj,Dec,EPS,CY2027,2.132,2.125,-0.3%,2.11,-0.7%,2.09,-0.9%,43.32,20.7,-2.0%,+19.5%,+19.5%,+56.5%
CSX,Extended,Uncategorized,Industrials,Transportation,Adj,Dec,EPS,CY2028,2.355,2.329,-1.1%,2.353,+1.0%,2.271,-3.5%,43.32,19.1,-3.6%,+19.5%,+19.5%,+56.5%
NVR,Extended,Uncategorized,Consumer Discretionary,Consumer Durables & Apparel,Adj,Dec,EPS,CY2025,485.951,423.388,-12.9%,422.926,-0.1%,422.926,+0.0%,7000.92,16.6,-13.0%,-4.0%,-7.4%,-2.6%
NVR,Extended,Uncategorized,Consumer Discretionary,Consumer Durables & Apparel,Adj,Dec,EPS,CY2026,518.897,438.8,-15.4%,403.957,-7.9%,390.076,-3.4%,7000.92,17.9,-24.8%,-4.0%,-7.4%,-2.6%
NVR,Extended,Uncategorized,Consumer Discretionary,Consumer Durables & Apparel,Adj,Dec,EPS,CY2027,601.57,528.0,-12.2%,469.155,-11.1%,451.056,-3.9%,7000.92,15.5,-25.0%,-4.0%,-7.4%,-2.6%
NVR,Extended,Uncategorized,Consumer Discretionary,Consumer Durables & Apparel,Adj,Dec,EPS,CY2028,,,,,,535.0,,7000.92,13.1,,-4.0%,-7.4%,-2.6%
PDD,Extended,Uncategorized,Consumer Discretionary,Consumer Discretionary Distrib,Adj,Dec,EPS,CY2025,86.328,69.451,-19.5%,75.303,+8.4%,75.449,+0.2%,104.79,1.4,-12.6%,-7.6%,-1.8%,+11.8%
PDD,Extended,Uncategorized,Consumer Discretionary,Consumer Discretionary Distrib,Adj,Dec,EPS,CY2026,104.38,84.806,-18.8%,87.334,+3.0%,83.369,-4.5%,104.79,1.3,-20.1%,-7.6%,-1.8%,+11.8%
PDD,Extended,Uncategorized,Consumer Discretionary,Consumer Discretionary Distrib,Adj,Dec,EPS,CY2027,121.461,101.362,-16.5%,101.835,+0.5%,96.679,-5.1%,104.79,1.1,-20.4%,-7.6%,-1.8%,+11.8%
PDD,Extended,Uncategorized,Consumer Discretionary,Consumer Discretionary Distrib,Adj,Dec,EPS,CY2028,119.793,102.559,-14.4%,103.153,+0.6%,107.828,+4.5%,104.79,1.0,-10.0%,-7.6%,-1.8%,+11.8%
MSI,Extended,Uncategorized,Information Technology,Technology Hardware & Equipmen,Adj,Dec,EPS,CY2025,14.696,14.938,+1.6%,15.157,+1.5%,15.155,-0.0%,441.96,29.2,+3.1%,+15.3%,+10.3%,+5.0%
MSI,Extended,Uncategorized,Information Technology,Technology Hardware & Equipmen,Adj,Dec,EPS,CY2026,15.93,16.138,+1.3%,16.273,+0.8%,16.804,+3.3%,441.96,26.3,+5.5%,+15.3%,+10.3%,+5.0%
MSI,Extended,Uncategorized,Information Technology,Technology Hardware & Equipmen,Adj,Dec,EPS,CY2027,17.54,18.066,+3.0%,17.551,-2.9%,18.252,+4.0%,441.96,24.2,+4.1%,+15.3%,+10.3%,+5.0%
MSI,Extended,Uncategorized,Information Technology,Technology Hardware & Equipmen,Adj,Dec,EPS,CY2028,19.505,20.03,+2.7%,19.497,-2.7%,20.102,+3.1%,441.96,22.0,+3.1%,+15.3%,+10.3%,+5.0%
TPL,Extended,Uncategorized,Energy,Energy,Adj,Dec,EPS,CY2025,,,,13.97,,6.92,-50.5%,422.58,61.1,,+47.1%,+25.2%,-2.4%
TPL,Extended,Uncategorized,Energy,Energy,Adj,Dec,EPS,CY2026,,,,7.885,,9.56,+21.2%,422.58,44.2,,+47.1%,+25.2%,-2.4%
TPL,Extended,Uncategorized,Energy,Energy,Adj,Dec,EPS,CY2027,,,,9.775,,10.605,+8.5%,422.58,39.8,,+47.1%,+25.2%,-2.4%
TPL,Extended,Uncategorized,Energy,Energy,Adj,Dec,EPS,CY2028,,,,11.56,,12.48,+8.0%,422.58,33.9,,+47.1%,+25.2%,-2.4%
APG,Extended,Uncategorized,Industrials,Capital Goods,Adj,Dec,EPS,CY2025,1.35,1.436,+6.4%,1.453,+1.2%,1.446,-0.5%,46.75,32.3,+7.1%,+22.2%,+9.2%,+101.6%
APG,Extended,Uncategorized,Industrials,Capital Goods,Adj,Dec,EPS,CY2026,1.546,1.642,+6.2%,1.662,+1.2%,1.661,-0.1%,46.75,28.1,+7.4%,+22.2%,+9.2%,+101.6%
APG,Extended,Uncategorized,Industrials,Capital Goods,Adj,Dec,EPS,CY2027,1.768,1.845,+4.4%,1.932,+4.7%,1.908,-1.2%,46.75,24.5,+7.9%,+22.2%,+9.2%,+101.6%
APG,Extended,Uncategorized,Industrials,Capital Goods,Adj,Dec,EPS,CY2028,2.015,2.22,+10.2%,2.475,+11.5%,2.143,-13.4%,46.75,21.8,+6.4%,+22.2%,+9.2%,+101.6%
CACC,Extended,Uncategorized,Financials,Financial Services,Adj,Dec,EPS,CY2025,41.155,38.593,-6.2%,39.568,+2.5%,39.568,+0.0%,527.56,13.3,-3.9%,+19.0%,+11.8%,+11.7%
CACC,Extended,Uncategorized,Financials,Financial Services,Adj,Dec,EPS,CY2026,49.64,47.298,-4.7%,44.428,-6.1%,46.323,+4.3%,527.56,11.4,-6.7%,+19.0%,+11.8%,+11.7%
CACC,Extended,Uncategorized,Financials,Financial Services,Adj,Dec,EPS,CY2027,62.21,56.525,-9.1%,51.828,-8.3%,54.21,+4.6%,527.56,9.7,-12.9%,+19.0%,+11.8%,+11.7%
CACC,Extended,Uncategorized,Financials,Financial Services,Adj,Dec,EPS,CY2028,,,,,,77.56,,527.56,6.8,,+19.0%,+11.8%,+11.7%
GL,Extended,Uncategorized,Financials,Insurance,Adj,Dec,EPS,CY2025,13.702,14.459,+5.5%,14.576,+0.8%,14.576,+0.0%,151.86,10.4,+6.4%,+8.6%,+9.3%,+25.2%
GL,Extended,Uncategorized,Financials,Insurance,Adj,Dec,EPS,CY2026,15.109,14.999,-0.7%,15.02,+0.1%,15.345,+2.2%,151.86,9.9,+1.6%,+8.6%,+9.3%,+25.2%
GL,Extended,Uncategorized,Financials,Insurance,Adj,Dec,EPS,CY2027,16.439,16.356,-0.5%,16.444,+0.5%,16.513,+0.4%,151.86,9.2,+0.5%,+8.6%,+9.3%,+25.2%
GL,Extended,Uncategorized,Financials,Insurance,Adj,Dec,EPS,CY2028,,18.025,,17.85,-1.0%,18.192,+1.9%,151.86,8.3,,+8.6%,+9.3%,+25.2%
LAD,Extended,Uncategorized,Consumer Discretionary,Consumer Discretionary Distrib,Adj,Dec,EPS,CY2025,34.787,34.921,+0.4%,35.304,+1.1%,35.255,-0.1%,283.04,8.0,+1.3%,-14.8%,-14.8%,-1.9%
LAD,Extended,Uncategorized,Consumer Discretionary,Consumer Discretionary Distrib,Adj,Dec,EPS,CY2026,40.416,37.346,-7.6%,38.115,+2.1%,34.398,-9.8%,283.04,8.2,-14.9%,-14.8%,-14.8%,-1.9%
LAD,Extended,Uncategorized,Consumer Discretionary,Consumer Discretionary Distrib,Adj,Dec,EPS,CY2027,47.422,42.974,-9.4%,43.357,+0.9%,40.597,-6.4%,283.04,7.0,-14.4%,-14.8%,-14.8%,-1.9%
LAD,Extended,Uncategorized,Consumer Discretionary,Consumer Discretionary Distrib,Adj,Dec,EPS,CY2028,48.51,47.94,-1.2%,46.868,-2.2%,46.181,-1.5%,283.04,6.1,-4.8%,-14.8%,-14.8%,-1.9%
CHTR,Extended,Uncategorized,Communication Services,Media & Entertainment,Adj,Dec,EPS,CY2025,37.631,36.885,-2.0%,36.023,-2.3%,36.229,+0.6%,236.62,6.5,-3.7%,+13.4%,+24.7%,-30.2%
CHTR,Extended,Uncategorized,Communication Services,Media & Entertainment,Adj,Dec,EPS,CY2026,43.419,43.131,-0.7%,41.766,-3.2%,42.898,+2.7%,236.62,5.5,-1.2%,+13.4%,+24.7%,-30.2%
CHTR,Extended,Uncategorized,Communication Services,Media & Entertainment,Adj,Dec,EPS,CY2027,50.977,49.348,-3.2%,47.245,-4.3%,47.892,+1.4%,236.62,4.9,-6.1%,+13.4%,+24.7%,-30.2%
CHTR,Extended,Uncategorized,Communication Services,Media & Entertainment,Adj,Dec,EPS,CY2028,57.638,58.261,+1.1%,53.318,-8.5%,59.825,+12.2%,236.62,4.0,+3.8%,+13.4%,+24.7%,-30.2%
ABG,Extended,Uncategorized,Consumer Discretionary,Consumer Discretionary Distrib,Adj,Dec,EPS,CY2025,26.641,27.777,+4.3%,28.141,+1.3%,28.123,-0.1%,211.44,7.5,+5.6%,-9.1%,-14.6%,-3.3%
ABG,Extended,Uncategorized,Consumer Discretionary,Consumer Discretionary Distrib,Adj,Dec,EPS,CY2026,27.4,27.708,+1.1%,27.946,+0.9%,26.402,-5.5%,211.44,8.0,-3.6%,-9.1%,-14.6%,-3.3%
ABG,Extended,Uncategorized,Consumer Discretionary,Consumer Discretionary Distrib,Adj,Dec,EPS,CY2027,39.965,32.123,-19.6%,32.188,+0.2%,29.596,-8.1%,211.44,7.1,-25.9%,-9.1%,-14.6%,-3.3%
ABG,Extended,Uncategorized,Consumer Discretionary,Consumer Discretionary Distrib,Adj,Dec,EPS,CY2028,51.82,42.86,-17.3%,38.735,-9.6%,33.123,-14.5%,211.44,6.4,-36.1%,-9.1%,-14.6%,-3.3%
ALRM,Extended,Uncategorized,Information Technology,Software & Services,Adj,Dec,EPS,CY2025,2.266,2.368,+4.5%,2.513,+6.1%,2.513,+0.0%,46.51,18.5,+10.9%,-8.8%,-8.3%,-7.7%
ALRM,Extended,Uncategorized,Information Technology,Software & Services,Adj,Dec,EPS,CY2026,2.403,2.501,+4.1%,2.677,+7.0%,2.79,+4.2%,46.51,16.7,+16.1%,-8.8%,-8.3%,-7.7%
ALRM,Extended,Uncategorized,Information Technology,Software & Services,Adj,Dec,EPS,CY2027,,2.755,,2.795,+1.5%,3.002,+7.4%,46.51,15.5,,-8.8%,-8.3%,-7.7%
ALRM,Extended,Uncategorized,Information Technology,Software & Services,Adj,Dec,EPS,CY2028,,,,,,,,46.51,,,-8.8%,-8.3%,-7.7%
OPTU,Extended,Uncategorized,Communication Services,Media & Entertainment,Adj,Dec,EPS,CY2025,-0.193,-0.393,-103.6%,-3.768,-858.8%,-3.768,+0.0%,1.67,-0.4,-1852.3%,+1.2%,-11.6%,-27.7%
OPTU,Extended,Uncategorized,Communication Services,Media & Entertainment,Adj,Dec,EPS,CY2026,-0.137,-0.164,-19.7%,-0.229,-39.6%,-0.431,-88.2%,1.67,-3.9,-214.6%,+1.2%,-11.6%,-27.7%
OPTU,Extended,Uncategorized,Communication Services,Media & Entertainment,Adj,Dec,EPS,CY2027,-0.237,-0.252,-6.3%,-0.269,-6.7%,-0.437,-62.5%,1.67,-3.8,-84.4%,+1.2%,-11.6%,-27.7%
OPTU,Extended,Uncategorized,Communication Services,Media & Entertainment,Adj,Dec,EPS,CY2028,-0.277,-0.453,-63.5%,-0.433,+4.4%,-0.445,-2.8%,1.67,-3.8,-60.6%,+1.2%,-11.6%,-27.7%
CMCSA,Extended,Uncategorized,Communication Services,Telecommunication Services,Adj,Dec,EPS,CY2025,4.282,4.274,-0.2%,4.21,-1.5%,4.212,+0.0%,29.63,7.0,-1.6%,+5.8%,+6.5%,-7.0%
CMCSA,Extended,Uncategorized,Communication Services,Telecommunication Services,Adj,Dec,EPS,CY2026,4.758,4.487,-5.7%,4.063,-9.4%,3.538,-12.9%,29.63,8.4,-25.6%,+5.8%,+6.5%,-7.0%
CMCSA,Extended,Uncategorized,Communication Services,Telecommunication Services,Adj,Dec,EPS,CY2027,5.171,4.865,-5.9%,4.328,-11.0%,3.778,-12.7%,29.63,7.8,-26.9%,+5.8%,+6.5%,-7.0%
CMCSA,Extended,Uncategorized,Communication Services,Telecommunication Services,Adj,Dec,EPS,CY2028,5.519,5.416,-1.9%,4.726,-12.7%,4.23,-10.5%,29.63,7.0,-23.4%,+5.8%,+6.5%,-7.0%
WRLD,Extended,Uncategorized,Financials,Financial Services,Adj,Mar,EPS,CY2025,14.74,11.655,-20.9%,8.495,-27.1%,7.07,-16.8%,141.38,20.0,-52.0%,+0.7%,+1.7%,+13.2%
WRLD,Extended,Uncategorized,Financials,Financial Services,Adj,Mar,EPS,CY2026,16.81,15.285,-9.1%,14.915,-2.4%,10.73,-28.1%,141.38,13.2,-36.2%,+0.7%,+1.7%,+13.2%
WRLD,Extended,Uncategorized,Financials,Financial Services,Adj,Mar,EPS,CY2027,,17.5,,16.33,-6.7%,13.63,-16.5%,141.38,10.4,,+0.7%,+1.7%,+13.2%
WRLD,Extended,Uncategorized,Financials,Financial Services,Adj,Mar,EPS,CY2028,,,,,,,,141.38,,,+0.7%,+1.7%,+13.2%
CARG,Extended,Uncategorized,Communication Services,Media & Entertainment,Adj,Dec,EPS,CY2025,1.908,2.18,+14.3%,2.206,+1.2%,2.206,+0.0%,36.86,16.7,+15.6%,-3.9%,+7.9%,+38.5%
CARG,Extended,Uncategorized,Communication Services,Media & Entertainment,Adj,Dec,EPS,CY2026,2.193,2.466,+12.4%,2.524,+2.4%,2.507,-0.7%,36.86,14.7,+14.3%,-3.9%,+7.9%,+38.5%
CARG,Extended,Uncategorized,Communication Services,Media & Entertainment,Adj,Dec,EPS,CY2027,2.543,2.958,+16.3%,2.997,+1.3%,3.03,+1.1%,36.86,12.2,+19.2%,-3.9%,+7.9%,+38.5%
CARG,Extended,Uncategorized,Communication Services,Media & Entertainment,Adj,Dec,EPS,CY2028,3.595,3.423,-4.8%,3.442,+0.6%,3.511,+2.0%,36.86,10.5,-2.3%,-3.9%,+7.9%,+38.5%
ARMK,Extended,Uncategorized,Consumer Discretionary,Consumer Services,Adj,Sep,EPS,CY2025,1.912,1.894,-0.9%,1.895,+0.1%,1.895,+0.0%,45.25,23.9,-0.9%,+22.8%,+14.2%,+40.7%
ARMK,Extended,Uncategorized,Consumer Discretionary,Consumer Services,Adj,Sep,EPS,CY2026,2.265,2.272,+0.3%,2.221,-2.2%,2.225,+0.2%,45.25,20.3,-1.8%,+22.8%,+14.2%,+40.7%
ARMK,Extended,Uncategorized,Consumer Discretionary,Consumer Services,Adj,Sep,EPS,CY2027,2.635,2.658,+0.9%,2.596,-2.3%,2.601,+0.2%,45.25,17.4,-1.3%,+22.8%,+14.2%,+40.7%
ARMK,Extended,Uncategorized,Consumer Discretionary,Consumer Services,Adj,Sep,EPS,CY2028,3.054,3.082,+0.9%,2.991,-3.0%,2.96,-1.0%,45.25,15.3,-3.1%,+22.8%,+14.2%,+40.7%
QSR,Extended,Uncategorized,Consumer Discretionary,Consumer Services,Adj,Dec,EPS,CY2025,3.737,3.64,-2.6%,3.673,+0.9%,3.673,+0.0%,78.32,21.3,-1.7%,+14.8%,+14.6%,+23.9%
QSR,Extended,Uncategorized,Consumer Discretionary,Consumer Services,Adj,Dec,EPS,CY2026,4.058,3.994,-1.6%,4.005,+0.3%,4.048,+1.1%,78.32,19.3,-0.2%,+14.8%,+14.6%,+23.9%
QSR,Extended,Uncategorized,Consumer Discretionary,Consumer Services,Adj,Dec,EPS,CY2027,4.443,4.353,-2.0%,4.334,-0.4%,4.393,+1.4%,78.32,17.8,-1.1%,+14.8%,+14.6%,+23.9%
QSR,Extended,Uncategorized,Consumer Discretionary,Consumer Services,Adj,Dec,EPS,CY2028,4.976,4.786,-3.8%,4.729,-1.2%,4.819,+1.9%,78.32,16.3,-3.2%,+14.8%,+14.6%,+23.9%
W,Extended,Uncategorized,Consumer Discretionary,Consumer Discretionary Distrib,Adj,Dec,EPS,CY2025,0.531,1.852,+248.8%,2.307,+24.6%,2.313,+0.3%,81.33,35.2,+335.6%,-19.0%,-29.3%,+205.6%
W,Extended,Uncategorized,Consumer Discretionary,Consumer Discretionary Distrib,Adj,Dec,EPS,CY2026,1.36,2.186,+60.7%,2.887,+32.1%,2.897,+0.3%,81.33,28.1,+113.0%,-19.0%,-29.3%,+205.6%
W,Extended,Uncategorized,Consumer Discretionary,Consumer Discretionary Distrib,Adj,Dec,EPS,CY2027,2.192,3.199,+45.9%,3.797,+18.7%,3.713,-2.2%,81.33,21.9,+69.4%,-19.0%,-29.3%,+205.6%
W,Extended,Uncategorized,Consumer Discretionary,Consumer Discretionary Distrib,Adj,Dec,EPS,CY2028,3.532,3.948,+11.8%,4.752,+20.4%,4.494,-5.4%,81.33,18.1,+27.2%,-19.0%,-29.3%,+205.6%
MO,Extended,Uncategorized,Consumer Staples,"Food, Beverage & Tobacco",Adj,Dec,EPS,CY2025,5.306,5.432,+2.4%,5.436,+0.1%,5.434,-0.0%,64.17,11.8,+2.4%,+11.3%,+3.9%,+10.3%
MO,Extended,Uncategorized,Consumer Staples,"Food, Beverage & Tobacco",Adj,Dec,EPS,CY2026,5.488,5.603,+2.1%,5.592,-0.2%,5.621,+0.5%,64.17,11.4,+2.4%,+11.3%,+3.9%,+10.3%
MO,Extended,Uncategorized,Consumer Staples,"Food, Beverage & Tobacco",Adj,Dec,EPS,CY2027,5.641,5.803,+2.9%,5.775,-0.5%,5.814,+0.7%,64.17,11.0,+3.1%,+11.3%,+3.9%,+10.3%
MO,Extended,Uncategorized,Consumer Staples,"Food, Beverage & Tobacco",Adj,Dec,EPS,CY2028,5.71,5.92,+3.7%,5.882,-0.6%,5.992,+1.9%,64.17,10.7,+4.9%,+11.3%,+3.9%,+10.3%
CI,Extended,Uncategorized,Health Care,Health Care Equipment & Servic,Adj,Dec,EPS,CY2025,29.607,29.649,+0.1%,29.637,-0.0%,29.637,+0.0%,278.64,9.4,+0.1%,+1.2%,+2.4%,-15.6%
CI,Extended,Uncategorized,Health Care,Health Care Equipment & Servic,Adj,Dec,EPS,CY2026,33.001,32.977,-0.1%,30.313,-8.1%,30.323,+0.0%,278.64,9.2,-8.1%,+1.2%,+2.4%,-15.6%
CI,Extended,Uncategorized,Health Care,Health Care Equipment & Servic,Adj,Dec,EPS,CY2027,36.8,37.106,+0.8%,33.466,-9.8%,33.421,-0.1%,278.64,8.3,-9.2%,+1.2%,+2.4%,-15.6%
CI,Extended,Uncategorized,Health Care,Health Care Equipment & Servic,Adj,Dec,EPS,CY2028,41.393,41.816,+1.0%,37.358,-10.7%,37.025,-0.9%,278.64,7.5,-10.6%,+1.2%,+2.4%,-15.6%
CVS,Extended,Uncategorized,Health Care,Health Care Equipment & Servic,Adj,Dec,EPS,CY2025,5.902,6.37,+7.9%,6.659,+4.5%,6.663,+0.1%,77.3,11.6,+12.9%,-2.6%,-1.7%,+14.9%
CVS,Extended,Uncategorized,Health Care,Health Care Equipment & Servic,Adj,Dec,EPS,CY2026,6.879,7.162,+4.1%,7.169,+0.1%,7.16,-0.1%,77.3,10.8,+4.1%,-2.6%,-1.7%,+14.9%
CVS,Extended,Uncategorized,Health Care,Health Care Equipment & Servic,Adj,Dec,EPS,CY2027,7.96,8.1,+1.8%,8.197,+1.2%,8.185,-0.1%,77.3,9.4,+2.8%,-2.6%,-1.7%,+14.9%
CVS,Extended,Uncategorized,Health Care,Health Care Equipment & Servic,Adj,Dec,EPS,CY2028,9.096,9.183,+1.0%,9.462,+3.0%,9.384,-0.8%,77.3,8.2,+3.2%,-2.6%,-1.7%,+14.9%
SSNC,Extended,Uncategorized,Industrials,Commercial & Professional Serv,Adj,Dec,EPS,CY2025,5.845,5.946,+1.7%,6.063,+2.0%,6.066,+0.0%,72.11,11.9,+3.8%,-17.5%,-15.9%,-5.5%
SSNC,Extended,Uncategorized,Industrials,Commercial & Professional Serv,Adj,Dec,EPS,CY2026,6.475,6.515,+0.6%,6.628,+1.7%,6.841,+3.2%,72.11,10.5,+5.7%,-17.5%,-15.9%,-5.5%
SSNC,Extended,Uncategorized,Industrials,Commercial & Professional Serv,Adj,Dec,EPS,CY2027,6.974,7.061,+1.2%,7.179,+1.7%,7.438,+3.6%,72.11,9.7,+6.7%,-17.5%,-15.9%,-5.5%
SSNC,Extended,Uncategorized,Industrials,Commercial & Professional Serv,Adj,Dec,EPS,CY2028,7.65,7.8,+2.0%,7.87,+0.9%,7.88,+0.1%,72.11,9.2,+3.0%,-17.5%,-15.9%,-5.5%
SPOT,Extended,Uncategorized,Communication Services,Media & Entertainment,Adj,Dec,EPS,CY2025,10.002,5.506,-45.0%,7.214,+31.0%,7.15,-0.9%,536.61,75.1,-28.5%,-7.6%,+6.4%,-6.6%
SPOT,Extended,Uncategorized,Communication Services,Media & Entertainment,Adj,Dec,EPS,CY2026,12.971,11.336,-12.6%,12.14,+7.1%,13.043,+7.4%,536.61,41.1,+0.6%,-7.6%,+6.4%,-6.6%
SPOT,Extended,Uncategorized,Communication Services,Media & Entertainment,Adj,Dec,EPS,CY2027,16.014,15.282,-4.6%,15.557,+1.8%,16.036,+3.1%,536.61,33.5,+0.1%,-7.6%,+6.4%,-6.6%
SPOT,Extended,Uncategorized,Communication Services,Media & Entertainment,Adj,Dec,EPS,CY2028,18.748,17.794,-5.1%,18.634,+4.7%,19.344,+3.8%,536.61,27.7,+3.2%,-7.6%,+6.4%,-6.6%
BABA,Extended,Uncategorized,Consumer Discretionary,Consumer Discretionary Distrib,GAAP,Mar,EPS,CY2025,62.793,47.474,-24.4%,45.939,-3.2%,36.942,-19.6%,141.01,3.8,-41.2%,-3.8%,-14.7%,+30.6%
BABA,Extended,Uncategorized,Consumer Discretionary,Consumer Discretionary Distrib,GAAP,Mar,EPS,CY2026,70.151,62.298,-11.2%,56.535,-9.3%,43.357,-23.3%,141.01,3.3,-38.2%,-3.8%,-14.7%,+30.6%
BABA,Extended,Uncategorized,Consumer Discretionary,Consumer Discretionary Distrib,GAAP,Mar,EPS,CY2027,77.253,73.935,-4.3%,74.176,+0.3%,59.175,-20.2%,141.01,2.4,-23.4%,-3.8%,-14.7%,+30.6%
BABA,Extended,Uncategorized,Consumer Discretionary,Consumer Discretionary Distrib,GAAP,Mar,EPS,CY2028,79.153,84.049,+6.2%,87.336,+3.9%,87.531,+0.2%,141.01,1.6,+10.6%,-3.8%,-14.7%,+30.6%
IAC,Extended,Uncategorized,Communication Services,Media & Entertainment,Adj,Dec,EPS,CY2025,0.345,0.62,+79.7%,0.394,-36.5%,0.394,+0.0%,44.36,112.6,+14.2%,+13.5%,+12.3%,+34.3%
IAC,Extended,Uncategorized,Communication Services,Media & Entertainment,Adj,Dec,EPS,CY2026,1.695,0.73,-56.9%,1.064,+45.8%,0.823,-22.7%,44.36,53.9,-51.4%,+13.5%,+12.3%,+34.3%
IAC,Extended,Uncategorized,Communication Services,Media & Entertainment,Adj,Dec,EPS,CY2027,2.384,2.354,-1.3%,1.449,-38.4%,1.5,+3.5%,44.36,29.6,-37.1%,+13.5%,+12.3%,+34.3%
IAC,Extended,Uncategorized,Communication Services,Media & Entertainment,Adj,Dec,EPS,CY2028,,3.85,,1.838,-52.3%,1.907,+3.8%,44.36,23.3,,+13.5%,+12.3%,+34.3%
PYPL,Extended,Uncategorized,Financials,Financial Services,Adj,Dec,EPS,CY2025,4.999,5.239,+4.8%,5.356,+2.2%,5.351,-0.1%,50.81,9.5,+7.0%,-13.0%,-10.7%,-16.7%
PYPL,Extended,Uncategorized,Financials,Financial Services,Adj,Dec,EPS,CY2026,5.564,5.813,+4.5%,5.771,-0.7%,5.316,-7.9%,50.81,9.6,-4.5%,-13.0%,-10.7%,-16.7%
PYPL,Extended,Uncategorized,Financials,Financial Services,Adj,Dec,EPS,CY2027,6.517,6.604,+1.3%,6.452,-2.3%,5.795,-10.2%,50.81,8.8,-11.1%,-13.0%,-10.7%,-16.7%
PYPL,Extended,Uncategorized,Financials,Financial Services,Adj,Dec,EPS,CY2028,6.98,7.496,+7.4%,7.204,-3.9%,6.476,-10.1%,50.81,7.8,-7.2%,-13.0%,-10.7%,-16.7%
THC,Extended,Healthcare providers,Health Care,Health Care Equipment & Servic,Adj,Dec,EPS,CY2025,12.155,15.859,+30.5%,16.113,+1.6%,16.112,-0.0%,196.64,12.2,+32.6%,-1.0%,-0.1%,+61.4%
THC,Extended,Healthcare providers,Health Care,Health Care Equipment & Servic,Adj,Dec,EPS,CY2026,13.234,15.953,+20.5%,16.263,+1.9%,17.398,+7.0%,196.64,11.3,+31.5%,-1.0%,-0.1%,+61.4%
THC,Extended,Healthcare providers,Health Care,Health Care Equipment & Servic,Adj,Dec,EPS,CY2027,15.108,17.509,+15.9%,18.06,+3.1%,17.567,-2.7%,196.64,11.2,+16.3%,-1.0%,-0.1%,+61.4%
THC,Extended,Healthcare providers,Health Care,Health Care Equipment & Servic,Adj,Dec,EPS,CY2028,20.053,21.243,+5.9%,21.167,-0.4%,19.588,-7.5%,196.64,10.0,-2.3%,-1.0%,-0.1%,+61.4%
UHS,Extended,Healthcare providers,Health Care,Health Care Equipment & Servic,Adj,Dec,EPS,CY2025,19.225,20.588,+7.1%,21.837,+6.1%,21.838,+0.0%,182.41,8.4,+13.6%,-16.3%,-8.7%,+4.4%
UHS,Extended,Healthcare providers,Health Care,Health Care Equipment & Servic,Adj,Dec,EPS,CY2026,21.343,22.147,+3.8%,23.421,+5.8%,23.451,+0.1%,182.41,7.8,+9.9%,-16.3%,-8.7%,+4.4%
UHS,Extended,Healthcare providers,Health Care,Health Care Equipment & Servic,Adj,Dec,EPS,CY2027,23.201,24.384,+5.1%,25.965,+6.5%,25.554,-1.6%,182.41,7.1,+10.1%,-16.3%,-8.7%,+4.4%
UHS,Extended,Healthcare providers,Health Care,Health Care Equipment & Servic,Adj,Dec,EPS,CY2028,25.5,27.087,+6.2%,28.03,+3.5%,27.975,-0.2%,182.41,6.5,+9.7%,-16.3%,-8.7%,+4.4%
CYH,Extended,Healthcare providers,Health Care,Health Care Equipment & Servic,Adj,Dec,EPS,CY2025,-0.284,-0.377,-32.7%,0.863,+328.9%,0.863,+0.0%,3.16,3.7,+403.9%,+1.3%,-1.3%,+31.1%
CYH,Extended,Healthcare providers,Health Care,Health Care Equipment & Servic,Adj,Dec,EPS,CY2026,0.156,-0.18,-215.4%,-0.36,-100.0%,-0.361,-0.3%,3.16,-8.8,-331.4%,+1.3%,-1.3%,+31.1%
CYH,Extended,Healthcare providers,Health Care,Health Care Equipment & Servic,Adj,Dec,EPS,CY2027,0.283,0.046,-83.7%,-0.162,-452.2%,-0.01,+93.8%,3.16,-316.0,-103.5%,+1.3%,-1.3%,+31.1%
CYH,Extended,Healthcare providers,Health Care,Health Care Equipment & Servic,Adj,Dec,EPS,CY2028,,,,,,0.051,,3.16,62.0,,+1.3%,-1.3%,+31.1%
DVA,Extended,Healthcare providers,Health Care,Health Care Equipment & Servic,Adj,Dec,EPS,CY2025,10.959,10.811,-1.4%,10.613,-1.8%,10.613,+0.0%,147.91,13.9,-3.2%,+30.2%,+41.2%,+5.6%
DVA,Extended,Healthcare providers,Health Care,Health Care Equipment & Servic,Adj,Dec,EPS,CY2026,12.824,12.721,-0.8%,12.711,-0.1%,14.114,+11.0%,147.91,10.5,+10.1%,+30.2%,+41.2%,+5.6%
DVA,Extended,Healthcare providers,Health Care,Health Care Equipment & Servic,Adj,Dec,EPS,CY2027,14.465,14.558,+0.6%,14.84,+1.9%,16.388,+10.4%,147.91,9.0,+13.3%,+30.2%,+41.2%,+5.6%
DVA,Extended,Healthcare providers,Health Care,Health Care Equipment & Servic,Adj,Dec,EPS,CY2028,15.77,16.045,+1.7%,15.96,-0.5%,18.63,+16.7%,147.91,7.9,+18.1%,+30.2%,+41.2%,+5.6%
LH,Extended,Healthcare providers,Health Care,Health Care Equipment & Servic,Adj,Dec,EPS,CY2025,16.026,16.321,+1.8%,16.334,+0.1%,16.339,+0.0%,270.68,16.6,+2.0%,+7.9%,-0.1%,+24.7%
LH,Extended,Healthcare providers,Health Care,Health Care Equipment & Servic,Adj,Dec,EPS,CY2026,17.659,17.593,-0.4%,17.511,-0.5%,17.865,+2.0%,270.68,15.2,+1.2%,+7.9%,-0.1%,+24.7%
LH,Extended,Healthcare providers,Health Care,Health Care Equipment & Servic,Adj,Dec,EPS,CY2027,19.637,19.238,-2.0%,19.153,-0.4%,19.349,+1.0%,270.68,14.0,-1.5%,+7.9%,-0.1%,+24.7%
LH,Extended,Healthcare providers,Health Care,Health Care Equipment & Servic,Adj,Dec,EPS,CY2028,21.54,21.087,-2.1%,20.848,-1.1%,21.036,+0.9%,270.68,12.9,-2.3%,+7.9%,-0.1%,+24.7%
DGX,Extended,Healthcare providers,Health Care,Health Care Equipment & Servic,Adj,Dec,EPS,CY2025,9.686,9.748,+0.6%,9.808,+0.6%,9.809,+0.0%,195.02,19.9,+1.3%,+12.4%,+2.9%,+19.1%
DGX,Extended,Healthcare providers,Health Care,Health Care Equipment & Servic,Adj,Dec,EPS,CY2026,10.516,10.357,-1.5%,10.387,+0.3%,10.625,+2.3%,195.02,18.4,+1.0%,+12.4%,+2.9%,+19.1%
DGX,Extended,Healthcare providers,Health Care,Health Care Equipment & Servic,Adj,Dec,EPS,CY2027,11.391,11.21,-1.6%,11.319,+1.0%,11.483,+1.4%,195.02,17.0,+0.8%,+12.4%,+2.9%,+19.1%
DGX,Extended,Healthcare providers,Health Care,Health Care Equipment & Servic,Adj,Dec,EPS,CY2028,12.66,12.472,-1.5%,12.52,+0.4%,12.583,+0.5%,195.02,15.5,-0.6%,+12.4%,+2.9%,+19.1%
IDXX,Extended,Healthcare providers,Health Care,Health Care Equipment & Servic,Adj,Dec,EPS,CY2025,11.986,12.597,+5.1%,12.92,+2.6%,12.901,-0.1%,589.25,45.7,+7.6%,-12.9%,-17.6%,+43.2%
IDXX,Extended,Healthcare providers,Health Care,Health Care Equipment & Servic,Adj,Dec,EPS,CY2026,13.516,14.149,+4.7%,14.509,+2.5%,14.529,+0.1%,589.25,40.6,+7.5%,-12.9%,-17.6%,+43.2%
IDXX,Extended,Healthcare providers,Health Care,Health Care Equipment & Servic,Adj,Dec,EPS,CY2027,15.225,15.946,+4.7%,16.51,+3.5%,16.384,-0.8%,589.25,36.0,+7.6%,-12.9%,-17.6%,+43.2%
IDXX,Extended,Healthcare providers,Health Care,Health Care Equipment & Servic,Adj,Dec,EPS,CY2028,17.002,18.062,+6.2%,18.83,+4.3%,18.542,-1.5%,589.25,31.8,+9.1%,-12.9%,-17.6%,+43.2%
ENSG,Extended,Healthcare providers,Health Care,Health Care Equipment & Servic,Adj,Dec,EPS,CY2025,6.239,6.402,+2.6%,6.503,+1.6%,6.513,+0.2%,200.11,30.7,+4.4%,+14.9%,+10.8%,+56.4%
ENSG,Extended,Healthcare providers,Health Care,Health Care Equipment & Servic,Adj,Dec,EPS,CY2026,6.876,7.132,+3.7%,7.212,+1.1%,7.51,+4.1%,200.11,26.6,+9.2%,+14.9%,+10.8%,+56.4%
ENSG,Extended,Healthcare providers,Health Care,Health Care Equipment & Servic,Adj,Dec,EPS,CY2027,7.578,7.782,+2.7%,7.95,+2.2%,8.15,+2.5%,200.11,24.6,+7.5%,+14.9%,+10.8%,+56.4%
ENSG,Extended,Healthcare providers,Health Care,Health Care Equipment & Servic,Adj,Dec,EPS,CY2028,,,,8.4,,8.893,+5.9%,200.11,22.5,,+14.9%,+10.8%,+56.4%
MD,Extended,Healthcare providers,Health Care,Health Care Equipment & Servic,Adj,Dec,EPS,CY2025,1.538,1.783,+15.9%,2.05,+15.0%,2.05,+0.0%,23.07,11.3,+33.3%,+7.9%,+5.5%,+80.0%
MD,Extended,Healthcare providers,Health Care,Health Care Equipment & Servic,Adj,Dec,EPS,CY2026,1.627,1.803,+10.8%,2.056,+14.0%,2.209,+7.4%,23.07,10.4,+35.8%,+7.9%,+5.5%,+80.0%
MD,Extended,Healthcare providers,Health Care,Health Care Equipment & Servic,Adj,Dec,EPS,CY2027,1.593,1.856,+16.5%,2.119,+14.2%,2.274,+7.3%,23.07,10.1,+42.7%,+7.9%,+5.5%,+80.0%
MD,Extended,Healthcare providers,Health Care,Health Care Equipment & Servic,Adj,Dec,EPS,CY2028,1.35,1.77,+31.1%,2.13,+20.3%,2.17,+1.9%,23.07,10.6,+60.7%,+7.9%,+5.5%,+80.0%
AMN,Extended,Healthcare providers,Health Care,Health Care Equipment & Servic,Adj,Dec,EPS,CY2025,0.954,1.139,+19.4%,1.372,+20.5%,1.372,+0.0%,20.19,14.7,+43.8%,+28.1%,+6.2%,+9.2%
AMN,Extended,Healthcare providers,Health Care,Health Care Equipment & Servic,Adj,Dec,EPS,CY2026,1.511,1.049,-30.6%,0.755,-28.0%,2.044,+170.7%,20.19,9.9,+35.3%,+28.1%,+6.2%,+9.2%
AMN,Extended,Healthcare providers,Health Care,Health Care Equipment & Servic,Adj,Dec,EPS,CY2027,1.973,1.438,-27.1%,1.13,-21.4%,1.071,-5.2%,20.19,18.9,-45.7%,+28.1%,+6.2%,+9.2%
AMN,Extended,Healthcare providers,Health Care,Health Care Equipment & Servic,Adj,Dec,EPS,CY2028,3.19,2.06,-35.4%,1.42,-31.1%,1.275,-10.2%,20.19,15.8,-60.0%,+28.1%,+6.2%,+9.2%
CCRN,Extended,Healthcare providers,Health Care,Health Care Equipment & Servic,Adj,Dec,EPS,CY2025,0.375,0.14,-62.7%,0.091,-35.0%,0.091,+0.0%,9.86,108.4,-75.7%,+21.7%,+7.6%,-30.9%
CCRN,Extended,Healthcare providers,Health Care,Health Care Equipment & Servic,Adj,Dec,EPS,CY2026,0.503,0.258,-48.7%,0.082,-68.2%,0.109,+32.9%,9.86,90.5,-78.3%,+21.7%,+7.6%,-30.9%
CCRN,Extended,Healthcare providers,Health Care,Health Care Equipment & Servic,Adj,Dec,EPS,CY2027,,0.28,,0.088,-68.6%,0.267,+203.4%,9.86,36.9,,+21.7%,+7.6%,-30.9%
CCRN,Extended,Healthcare providers,Health Care,Health Care Equipment & Servic,Adj,Dec,EPS,CY2028,,,,,,0.186,,9.86,53.0,,+21.7%,+7.6%,-30.9%
EVH,Extended,Healthcare providers,Health Care,Health Care Equipment & Servic,Adj,Dec,EPS,CY2025,0.469,0.215,-54.2%,0.081,-62.3%,0.073,-9.9%,2.84,38.9,-84.4%,-29.0%,-24.7%,-68.3%
EVH,Extended,Healthcare providers,Health Care,Health Care Equipment & Servic,Adj,Dec,EPS,CY2026,0.553,0.583,+5.4%,0.307,-47.3%,0.112,-63.5%,2.84,25.4,-79.7%,-29.0%,-24.7%,-68.3%
EVH,Extended,Healthcare providers,Health Care,Health Care Equipment & Servic,Adj,Dec,EPS,CY2027,0.87,0.819,-5.9%,0.501,-38.8%,0.398,-20.6%,2.84,7.1,-54.3%,-29.0%,-24.7%,-68.3%
EVH,Extended,Healthcare providers,Health Care,Health Care Equipment & Servic,Adj,Dec,EPS,CY2028,0.847,1.24,+46.4%,0.747,-39.8%,0.559,-25.2%,2.84,5.1,-34.0%,-29.0%,-24.7%,-68.3%
HUM,Extended,Managed Care,Health Care,Health Care Equipment & Servic,Adj,Dec,EPS,CY2025,16.369,17.064,+4.2%,17.064,+0.0%,17.064,+0.0%,205.14,12.0,+4.2%,-19.9%,-24.9%,-22.4%
HUM,Extended,Managed Care,Health Care,Health Care Equipment & Servic,Adj,Dec,EPS,CY2026,13.829,13.447,-2.8%,11.874,-11.7%,9.173,-22.7%,205.14,22.4,-33.7%,-19.9%,-24.9%,-22.4%
HUM,Extended,Managed Care,Health Care,Health Care Equipment & Servic,Adj,Dec,EPS,CY2027,21.613,20.701,-4.2%,19.171,-7.4%,14.99,-21.8%,205.14,13.7,-30.6%,-19.9%,-24.9%,-22.4%
HUM,Extended,Managed Care,Health Care,Health Care Equipment & Servic,Adj,Dec,EPS,CY2028,33.954,32.342,-4.7%,32.429,+0.3%,24.451,-24.6%,205.14,8.4,-28.0%,-19.9%,-24.9%,-22.4%
ALHC,Extended,Managed Care,Health Care,Health Care Equipment & Servic,Adj,Dec,EPS,CY2025,-0.403,-0.192,+52.4%,-0.079,+58.9%,-0.103,-30.4%,21.22,-206.0,+74.4%,+7.4%,-5.7%,+16.3%
ALHC,Extended,Managed Care,Health Care,Health Care Equipment & Servic,Adj,Dec,EPS,CY2026,-0.147,0.117,+179.6%,0.189,+61.5%,0.224,+18.5%,21.22,94.7,+252.4%,+7.4%,-5.7%,+16.3%
ALHC,Extended,Managed Care,Health Care,Health Care Equipment & Servic,Adj,Dec,EPS,CY2027,0.058,0.444,+665.5%,0.465,+4.7%,0.47,+1.1%,21.22,45.1,+710.3%,+7.4%,-5.7%,+16.3%
ALHC,Extended,Managed Care,Health Care,Health Care Equipment & Servic,Adj,Dec,EPS,CY2028,0.75,0.97,+29.3%,0.723,-25.5%,0.726,+0.4%,21.22,29.2,-3.2%,+7.4%,-5.7%,+16.3%
CNC,Extended,Managed Care,Health Care,Health Care Equipment & Servic,Adj,Dec,EPS,CY2025,7.297,1.673,-77.1%,2.036,+21.7%,2.036,+0.0%,38.17,18.7,-72.1%,-7.2%,-16.6%,-37.1%
CNC,Extended,Managed Care,Health Care,Health Care Equipment & Servic,Adj,Dec,EPS,CY2026,7.931,3.156,-60.2%,2.885,-8.6%,3.022,+4.7%,38.17,12.6,-61.9%,-7.2%,-16.6%,-37.1%
CNC,Extended,Managed Care,Health Care,Health Care Equipment & Servic,Adj,Dec,EPS,CY2027,9.184,4.527,-50.7%,4.058,-10.4%,3.971,-2.1%,38.17,9.6,-56.8%,-7.2%,-16.6%,-37.1%
CNC,Extended,Managed Care,Health Care,Health Care Equipment & Servic,Adj,Dec,EPS,CY2028,11.348,6.022,-46.9%,5.929,-1.5%,5.553,-6.3%,38.17,6.9,-51.1%,-7.2%,-16.6%,-37.1%
MOH,Extended,Managed Care,Health Care,Health Care Equipment & Servic,Adj,Dec,EPS,CY2025,24.453,18.649,-23.7%,13.93,-25.3%,13.93,+0.0%,148.97,10.7,-43.0%,-14.2%,-22.2%,-53.8%
MOH,Extended,Managed Care,Health Care,Health Care Equipment & Servic,Adj,Dec,EPS,CY2026,28.148,19.326,-31.3%,13.665,-29.3%,5.033,-63.2%,148.97,29.6,-82.1%,-14.2%,-22.2%,-53.8%
MOH,Extended,Managed Care,Health Care,Health Care Equipment & Servic,Adj,Dec,EPS,CY2027,32.045,23.026,-28.1%,16.035,-30.4%,8.199,-48.9%,148.97,18.2,-74.4%,-14.2%,-22.2%,-53.8%
MOH,Extended,Managed Care,Health Care,Health Care Equipment & Servic,Adj,Dec,EPS,CY2028,37.347,29.023,-22.3%,24.388,-16.0%,12.655,-48.1%,148.97,11.8,-66.1%,-14.2%,-22.2%,-53.8%
IQV,Extended,Clinical Labs,Health Care,"Pharmaceuticals, Biotechnology",Adj,Dec,EPS,CY2025,11.848,11.868,+0.2%,11.893,+0.2%,11.895,+0.0%,176.46,14.8,+0.4%,-21.7%,-25.8%,+22.6%
IQV,Extended,Clinical Labs,Health Care,"Pharmaceuticals, Biotechnology",Adj,Dec,EPS,CY2026,13.142,12.856,-2.2%,12.955,+0.8%,12.717,-1.8%,176.46,13.9,-3.2%,-21.7%,-25.8%,+22.6%
IQV,Extended,Clinical Labs,Health Care,"Pharmaceuticals, Biotechnology",Adj,Dec,EPS,CY2027,14.622,14.248,-2.6%,14.389,+1.0%,14.109,-1.9%,176.46,12.5,-3.5%,-21.7%,-25.8%,+22.6%
IQV,Extended,Clinical Labs,Health Care,"Pharmaceuticals, Biotechnology",Adj,Dec,EPS,CY2028,16.748,16.097,-3.9%,16.227,+0.8%,15.754,-2.9%,176.46,11.2,-5.9%,-21.7%,-25.8%,+22.6%
ICLR,Extended,Clinical Labs,Health Care,"Pharmaceuticals, Biotechnology",Adj,Dec,EPS,CY2025,13.695,13.212,-3.5%,13.072,-1.1%,12.962,-0.8%,119.68,9.2,-5.4%,-34.3%,-34.5%,-14.1%
ICLR,Extended,Clinical Labs,Health Care,"Pharmaceuticals, Biotechnology",Adj,Dec,EPS,CY2026,15.292,13.992,-8.5%,13.018,-7.0%,12.269,-5.8%,119.68,9.8,-19.8%,-34.3%,-34.5%,-14.1%
ICLR,Extended,Clinical Labs,Health Care,"Pharmaceuticals, Biotechnology",Adj,Dec,EPS,CY2027,17.155,15.495,-9.7%,14.296,-7.7%,13.365,-6.5%,119.68,9.0,-22.1%,-34.3%,-34.5%,-14.1%
ICLR,Extended,Clinical Labs,Health Care,"Pharmaceuticals, Biotechnology",Adj,Dec,EPS,CY2028,19.055,17.321,-9.1%,16.304,-5.9%,14.862,-8.8%,119.68,8.1,-22.0%,-34.3%,-34.5%,-14.1%
MEDP,Extended,Clinical Labs,Health Care,"Pharmaceuticals, Biotechnology",Adj,Dec,EPS,CY2025,12.32,14.216,+15.4%,14.791,+4.0%,14.79,-0.0%,520.6,35.2,+20.0%,-7.3%,-14.8%,+75.7%
MEDP,Extended,Clinical Labs,Health Care,"Pharmaceuticals, Biotechnology",Adj,Dec,EPS,CY2026,13.581,15.495,+14.1%,16.505,+6.5%,17.07,+3.4%,520.6,30.5,+25.7%,-7.3%,-14.8%,+75.7%
MEDP,Extended,Clinical Labs,Health Care,"Pharmaceuticals, Biotechnology",Adj,Dec,EPS,CY2027,15.398,17.02,+10.5%,18.38,+8.0%,19.016,+3.5%,520.6,27.4,+23.5%,-7.3%,-14.8%,+75.7%
MEDP,Extended,Clinical Labs,Health Care,"Pharmaceuticals, Biotechnology",Adj,Dec,EPS,CY2028,16.408,18.59,+13.3%,20.558,+10.6%,21.188,+3.1%,520.6,24.6,+29.1%,-7.3%,-14.8%,+75.7%
CRL,Extended,Clinical Labs,Health Care,"Pharmaceuticals, Biotechnology",Adj,Dec,EPS,CY2025,9.329,10.187,+9.2%,10.244,+0.6%,10.245,+0.0%,183.88,17.9,+9.8%,-7.8%,-16.3%,+73.4%
CRL,Extended,Clinical Labs,Health Care,"Pharmaceuticals, Biotechnology",Adj,Dec,EPS,CY2026,9.781,10.491,+7.3%,11.047,+5.3%,11.046,-0.0%,183.88,16.6,+12.9%,-7.8%,-16.3%,+73.4%
CRL,Extended,Clinical Labs,Health Care,"Pharmaceuticals, Biotechnology",Adj,Dec,EPS,CY2027,10.552,11.323,+7.3%,11.69,+3.2%,12.248,+4.8%,183.88,15.0,+16.1%,-7.8%,-16.3%,+73.4%
CRL,Extended,Clinical Labs,Health Care,"Pharmaceuticals, Biotechnology",Adj,Dec,EPS,CY2028,11.06,12.031,+8.8%,12.76,+6.1%,13.441,+5.3%,183.88,13.7,+21.5%,-7.8%,-16.3%,+73.4%
EHTH,Extended,Clinical Labs,Financials,Insurance,Adj,Dec,EPS,CY2025,,0.958,,1.173,+22.4%,1.173,+0.0%,1.84,1.6,,-60.0%,-49.7%,-68.9%
EHTH,Extended,Clinical Labs,Financials,Insurance,Adj,Dec,EPS,CY2026,,0.818,,0.778,-4.9%,0.136,-82.5%,1.84,13.5,,-60.0%,-49.7%,-68.9%
EHTH,Extended,Clinical Labs,Financials,Insurance,Adj,Dec,EPS,CY2027,,0.85,,1.627,+91.4%,0.402,-75.3%,1.84,4.6,,-60.0%,-49.7%,-68.9%
EHTH,Extended,Clinical Labs,Financials,Insurance,Adj,Dec,EPS,CY2028,,,,2.04,,0.485,-76.2%,1.84,3.8,,-60.0%,-49.7%,-68.9%
TMUS,Extended,Cable / Telco,Communication Services,Telecommunication Services,GAAP,Dec,EPS,CY2025,10.666,10.322,-3.2%,9.878,-4.3%,9.923,+0.5%,197.67,19.9,-7.0%,-2.6%,+6.1%,-24.6%
TMUS,Extended,Cable / Telco,Communication Services,Telecommunication Services,GAAP,Dec,EPS,CY2026,12.765,12.27,-3.9%,11.541,-5.9%,10.349,-10.3%,197.67,19.1,-18.9%,-2.6%,+6.1%,-24.6%
TMUS,Extended,Cable / Telco,Communication Services,Telecommunication Services,GAAP,Dec,EPS,CY2027,15.095,15.008,-0.6%,14.483,-3.5%,13.224,-8.7%,197.67,14.9,-12.4%,-2.6%,+6.1%,-24.6%
TMUS,Extended,Cable / Telco,Communication Services,Telecommunication Services,GAAP,Dec,EPS,CY2028,17.041,17.136,+0.6%,17.054,-0.5%,16.34,-4.2%,197.67,12.1,-4.1%,-2.6%,+6.1%,-24.6%
VZ,Extended,Cable / Telco,Communication Services,Telecommunication Services,Adj,Dec,EPS,CY2025,4.664,4.685,+0.5%,4.685,+0.0%,4.681,-0.1%,46.55,9.9,+0.4%,+14.3%,+19.6%,+5.7%
VZ,Extended,Cable / Telco,Communication Services,Telecommunication Services,Adj,Dec,EPS,CY2026,4.824,4.828,+0.1%,4.756,-1.5%,4.9,+3.0%,46.55,9.5,+1.6%,+14.3%,+19.6%,+5.7%
VZ,Extended,Cable / Telco,Communication Services,Telecommunication Services,Adj,Dec,EPS,CY2027,5.016,4.987,-0.6%,4.948,-0.8%,5.233,+5.8%,46.55,8.9,+4.3%,+14.3%,+19.6%,+5.7%
VZ,Extended,Cable / Telco,Communication Services,Telecommunication Services,Adj,Dec,EPS,CY2028,5.156,5.165,+0.2%,5.253,+1.7%,5.701,+8.5%,46.55,8.2,+10.6%,+14.3%,+19.6%,+5.7%
T,Extended,Cable / Telco,Communication Services,Telecommunication Services,Adj,Dec,EPS,CY2025,2.105,2.063,-2.0%,2.05,-0.6%,2.054,+0.2%,26.51,12.9,-2.4%,+6.7%,+12.9%,-2.4%
T,Extended,Cable / Telco,Communication Services,Telecommunication Services,Adj,Dec,EPS,CY2026,2.244,2.214,-1.3%,2.223,+0.4%,2.296,+3.3%,26.51,11.5,+2.3%,+6.7%,+12.9%,-2.4%
T,Extended,Cable / Telco,Communication Services,Telecommunication Services,Adj,Dec,EPS,CY2027,2.505,2.466,-1.6%,2.458,-0.3%,2.547,+3.6%,26.51,10.4,+1.7%,+6.7%,+12.9%,-2.4%
T,Extended,Cable / Telco,Communication Services,Telecommunication Services,Adj,Dec,EPS,CY2028,2.706,2.627,-2.9%,2.689,+2.4%,2.874,+6.9%,26.51,9.2,+6.2%,+6.7%,+12.9%,-2.4%
CABO,Extended,Cable / Telco,Communication Services,Media & Entertainment,Adj,Dec,EPS,CY2025,35.224,-61.025,-273.2%,-49.382,+19.1%,-23.302,+52.8%,107.52,-4.6,-166.2%,-4.7%,+24.8%,-57.8%
CABO,Extended,Cable / Telco,Communication Services,Media & Entertainment,Adj,Dec,EPS,CY2026,31.617,25.964,-17.9%,20.737,-20.1%,21.4,+3.2%,107.52,5.0,-32.3%,-4.7%,+24.8%,-57.8%
CABO,Extended,Cable / Telco,Communication Services,Media & Entertainment,Adj,Dec,EPS,CY2027,36.648,27.12,-26.0%,26.385,-2.7%,27.339,+3.6%,107.52,3.9,-25.4%,-4.7%,+24.8%,-57.8%
CABO,Extended,Cable / Telco,Communication Services,Media & Entertainment,Adj,Dec,EPS,CY2028,40.068,31.592,-21.2%,27.608,-12.6%,29.286,+6.1%,107.52,3.7,-26.9%,-4.7%,+24.8%,-57.8%
LBRDK,Extended,Cable / Telco,Communication Services,Media & Entertainment,Adj,Dec,EPS,CY2025,5.685,4.97,-12.6%,6.235,+25.5%,6.235,+0.0%,55.23,8.9,+9.7%,+13.6%,+25.0%,-24.6%
LBRDK,Extended,Cable / Telco,Communication Services,Media & Entertainment,Adj,Dec,EPS,CY2026,6.687,4.92,-26.4%,7.2,+46.3%,8.57,+19.0%,55.23,6.4,+28.2%,+13.6%,+25.0%,-24.6%
LBRDK,Extended,Cable / Telco,Communication Services,Media & Entertainment,Adj,Dec,EPS,CY2027,7.223,5.56,-23.0%,8.48,+52.5%,10.16,+19.8%,55.23,5.4,+40.7%,+13.6%,+25.0%,-24.6%
LBRDK,Extended,Cable / Telco,Communication Services,Media & Entertainment,Adj,Dec,EPS,CY2028,6.13,5.97,-2.6%,6.92,+15.9%,11.17,+61.4%,55.23,4.9,+82.2%,+13.6%,+25.0%,-24.6%
VOD,Extended,Cable / Telco,Communication Services,Telecommunication Services,Adj,Mar,EPS,CY2025,0.964,0.873,-9.4%,0.945,+8.2%,0.931,-1.5%,15.48,16.6,-3.4%,+17.2%,+14.9%,+66.3%
VOD,Extended,Cable / Telco,Communication Services,Telecommunication Services,Adj,Mar,EPS,CY2026,1.043,0.984,-5.7%,1.058,+7.5%,1.08,+2.1%,15.48,14.3,+3.5%,+17.2%,+14.9%,+66.3%
VOD,Extended,Cable / Telco,Communication Services,Telecommunication Services,Adj,Mar,EPS,CY2027,,1.112,,1.19,+7.0%,1.267,+6.5%,15.48,12.2,,+17.2%,+14.9%,+66.3%
VOD,Extended,Cable / Telco,Communication Services,Telecommunication Services,Adj,Mar,EPS,CY2028,,1.3,,1.38,+6.2%,1.514,+9.7%,15.48,10.2,,+17.2%,+14.9%,+66.3%
DTE,Extended,Cable / Telco,Communication Services,Telecommunication Services,Adj,Dec,EPS,CY2025,2.058,2.011,-2.3%,2.021,+0.5%,2.029,+0.4%,29.59,14.6,-1.4%,+7.0%,+9.4%,-6.8%
DTE,Extended,Cable / Telco,Communication Services,Telecommunication Services,Adj,Dec,EPS,CY2026,2.355,2.252,-4.4%,2.224,-1.2%,2.211,-0.6%,29.59,13.4,-6.1%,+7.0%,+9.4%,-6.8%
DTE,Extended,Cable / Telco,Communication Services,Telecommunication Services,Adj,Dec,EPS,CY2027,2.637,2.524,-4.3%,2.48,-1.7%,2.5,+0.8%,29.59,11.8,-5.2%,+7.0%,+9.4%,-6.8%
DTE,Extended,Cable / Telco,Communication Services,Telecommunication Services,Adj,Dec,EPS,CY2028,2.94,2.743,-6.7%,2.677,-2.4%,2.694,+0.6%,29.59,11.0,-8.4%,+7.0%,+9.4%,-6.8%
TEF,Extended,Cable / Telco,Communication Services,Telecommunication Services,Adj,Dec,EPS,CY2025,0.314,0.304,-3.2%,0.314,+3.3%,0.29,-7.6%,3.867,13.3,-7.6%,+10.7%,+15.9%,-10.7%
TEF,Extended,Cable / Telco,Communication Services,Telecommunication Services,Adj,Dec,EPS,CY2026,0.326,0.365,+12.0%,0.357,-2.2%,0.362,+1.4%,3.867,10.7,+11.0%,+10.7%,+15.9%,-10.7%
TEF,Extended,Cable / Telco,Communication Services,Telecommunication Services,Adj,Dec,EPS,CY2027,0.385,0.399,+3.6%,0.381,-4.5%,0.389,+2.1%,3.867,9.9,+1.0%,+10.7%,+15.9%,-10.7%
TEF,Extended,Cable / Telco,Communication Services,Telecommunication Services,Adj,Dec,EPS,CY2028,1.17,0.473,-59.6%,0.443,-6.3%,0.403,-9.0%,3.867,9.6,-65.6%,+10.7%,+15.9%,-10.7%
GOOGL,Extended,Internet,Communication Services,Media & Entertainment,GAAP,Dec,EPS,CY2025,8.843,9.911,+12.1%,10.595,+6.9%,10.598,+0.0%,341.68,32.2,+19.8%,+9.2%,+3.5%,+126.0%
GOOGL,Extended,Internet,Communication Services,Media & Entertainment,GAAP,Dec,EPS,CY2026,10.074,10.761,+6.8%,11.239,+4.4%,11.675,+3.9%,341.68,29.3,+15.9%,+9.2%,+3.5%,+126.0%
GOOGL,Extended,Internet,Communication Services,Media & Entertainment,GAAP,Dec,EPS,CY2027,12.002,12.299,+2.5%,13.439,+9.3%,13.566,+0.9%,341.68,25.2,+13.0%,+9.2%,+3.5%,+126.0%
GOOGL,Extended,Internet,Communication Services,Media & Entertainment,GAAP,Dec,EPS,CY2028,12.853,14.181,+10.3%,14.698,+3.6%,15.735,+7.1%,341.68,21.7,+22.4%,+9.2%,+3.5%,+126.0%
PINS,Extended,Internet,Communication Services,Media & Entertainment,Adj,Dec,EPS,CY2025,1.741,1.832,+5.2%,1.663,-9.2%,1.659,-0.2%,20.12,12.1,-4.7%,-22.3%,-22.3%,-20.3%
PINS,Extended,Internet,Communication Services,Media & Entertainment,Adj,Dec,EPS,CY2026,2.097,2.057,-1.9%,1.887,-8.3%,1.857,-1.6%,20.12,10.8,-11.4%,-22.3%,-22.3%,-20.3%
PINS,Extended,Internet,Communication Services,Media & Entertainment,Adj,Dec,EPS,CY2027,2.547,2.503,-1.7%,2.17,-13.3%,2.12,-2.3%,20.12,9.5,-16.8%,-22.3%,-22.3%,-20.3%
PINS,Extended,Internet,Communication Services,Media & Entertainment,Adj,Dec,EPS,CY2028,3.017,2.815,-6.7%,2.567,-8.8%,2.413,-6.0%,20.12,8.3,-20.0%,-22.3%,-22.3%,-20.3%
SNAP,Extended,Internet,Communication Services,Media & Entertainment,Adj,Dec,EPS,CY2025,0.347,0.266,-23.3%,0.329,+23.7%,0.329,+0.0%,6.03,18.3,-5.2%,-25.3%,-19.9%,-23.5%
SNAP,Extended,Internet,Communication Services,Media & Entertainment,Adj,Dec,EPS,CY2026,0.506,0.352,-30.4%,0.468,+33.0%,0.453,-3.2%,6.03,13.3,-10.5%,-25.3%,-19.9%,-23.5%
SNAP,Extended,Internet,Communication Services,Media & Entertainment,Adj,Dec,EPS,CY2027,0.64,0.485,-24.2%,0.538,+10.9%,0.637,+18.4%,6.03,9.5,-0.5%,-25.3%,-19.9%,-23.5%
SNAP,Extended,Internet,Communication Services,Media & Entertainment,Adj,Dec,EPS,CY2028,0.822,0.655,-20.3%,0.571,-12.8%,0.743,+30.1%,6.03,8.1,-9.6%,-25.3%,-19.9%,-23.5%
RDDT,Extended,Internet,Communication Services,Media & Entertainment,Adj,Dec,EPS,CY2025,2.731,4.058,+48.6%,4.369,+7.7%,4.37,+0.0%,163.8,37.5,+60.0%,-28.7%,-29.1%,+70.3%
RDDT,Extended,Internet,Communication Services,Media & Entertainment,Adj,Dec,EPS,CY2026,3.573,4.605,+28.9%,5.414,+17.6%,5.084,-6.1%,163.8,32.2,+42.3%,-28.7%,-29.1%,+70.3%
RDDT,Extended,Internet,Communication Services,Media & Entertainment,Adj,Dec,EPS,CY2027,4.809,6.421,+33.5%,7.298,+13.7%,6.721,-7.9%,163.8,24.4,+39.8%,-28.7%,-29.1%,+70.3%
RDDT,Extended,Internet,Communication Services,Media & Entertainment,Adj,Dec,EPS,CY2028,6.078,7.948,+30.8%,9.062,+14.0%,10.998,+21.4%,163.8,14.9,+80.9%,-28.7%,-29.1%,+70.3%
ABNB,Extended,Internet,Consumer Discretionary,Consumer Services,Adj,Dec,EPS,CY2025,4.335,4.246,-2.1%,4.125,-2.8%,4.122,-0.1%,141.55,34.3,-4.9%,+4.3%,+8.3%,+25.6%
ABNB,Extended,Internet,Consumer Discretionary,Consumer Services,Adj,Dec,EPS,CY2026,4.938,4.79,-3.0%,4.832,+0.9%,5.023,+4.0%,141.55,28.2,+1.7%,+4.3%,+8.3%,+25.6%
ABNB,Extended,Internet,Consumer Discretionary,Consumer Services,Adj,Dec,EPS,CY2027,5.795,5.61,-3.2%,5.704,+1.7%,5.839,+2.4%,141.55,24.2,+0.8%,+4.3%,+8.3%,+25.6%
ABNB,Extended,Internet,Consumer Discretionary,Consumer Services,Adj,Dec,EPS,CY2028,6.977,6.608,-5.3%,6.691,+1.3%,6.725,+0.5%,141.55,21.0,-3.6%,+4.3%,+8.3%,+25.6%
EBAY,Extended,Internet,Consumer Discretionary,Consumer Discretionary Distrib,Adj,Dec,EPS,CY2025,5.289,5.463,+3.3%,5.471,+0.1%,5.47,-0.0%,104.65,19.1,+3.4%,+20.1%,+12.5%,+57.9%
EBAY,Extended,Internet,Consumer Discretionary,Consumer Discretionary Distrib,Adj,Dec,EPS,CY2026,5.694,6.015,+5.6%,5.774,-4.0%,6.005,+4.0%,104.65,17.4,+5.5%,+20.1%,+12.5%,+57.9%
EBAY,Extended,Internet,Consumer Discretionary,Consumer Discretionary Distrib,Adj,Dec,EPS,CY2027,6.235,6.603,+5.9%,6.406,-3.0%,6.663,+4.0%,104.65,15.7,+6.9%,+20.1%,+12.5%,+57.9%
EBAY,Extended,Internet,Consumer Discretionary,Consumer Discretionary Distrib,Adj,Dec,EPS,CY2028,6.54,7.116,+8.8%,7.0,-1.6%,7.307,+4.4%,104.65,14.3,+11.7%,+20.1%,+12.5%,+57.9%
TTD,Extended,Internet,Communication Services,Media & Entertainment,Adj,Dec,EPS,CY2025,1.629,1.731,+6.3%,1.771,+2.3%,1.765,-0.3%,22.47,12.7,+8.3%,-40.8%,-36.7%,-55.3%
TTD,Extended,Internet,Communication Services,Media & Entertainment,Adj,Dec,EPS,CY2026,2.027,1.989,-1.9%,2.031,+2.1%,2.012,-0.9%,22.47,11.2,-0.7%,-40.8%,-36.7%,-55.3%
TTD,Extended,Internet,Communication Services,Media & Entertainment,Adj,Dec,EPS,CY2027,2.439,2.326,-4.6%,2.348,+0.9%,2.31,-1.6%,22.47,9.7,-5.3%,-40.8%,-36.7%,-55.3%
TTD,Extended,Internet,Communication Services,Media & Entertainment,Adj,Dec,EPS,CY2028,3.039,2.832,-6.8%,2.817,-0.5%,2.621,-7.0%,22.47,8.6,-13.8%,-40.8%,-36.7%,-55.3%
ROKU,Extended,Internet,Communication Services,Media & Entertainment,Adj,Dec,EPS,CY2025,-0.272,0.157,+157.7%,0.327,+108.3%,0.33,+0.9%,116.19,352.1,+221.3%,+7.1%,+12.1%,+98.8%
ROKU,Extended,Internet,Communication Services,Media & Entertainment,Adj,Dec,EPS,CY2026,0.64,0.85,+32.8%,1.292,+52.0%,2.087,+61.5%,116.19,55.7,+226.1%,+7.1%,+12.1%,+98.8%
ROKU,Extended,Internet,Communication Services,Media & Entertainment,Adj,Dec,EPS,CY2027,1.746,1.953,+11.9%,2.388,+22.3%,3.263,+36.6%,116.19,35.6,+86.9%,+7.1%,+12.1%,+98.8%
ROKU,Extended,Internet,Communication Services,Media & Entertainment,Adj,Dec,EPS,CY2028,2.725,3.233,+18.6%,3.706,+14.6%,4.448,+20.0%,116.19,26.1,+63.2%,+7.1%,+12.1%,+98.8%
ETSY,Extended,Internet,Consumer Discretionary,Consumer Discretionary Distrib,Adj,Dec,EPS,CY2025,4.501,4.065,-9.7%,4.002,-1.5%,4.003,+0.0%,61.9,15.5,-11.1%,+11.7%,+0.2%,+40.2%
ETSY,Extended,Internet,Consumer Discretionary,Consumer Discretionary Distrib,Adj,Dec,EPS,CY2026,4.852,4.994,+2.9%,4.582,-8.2%,5.766,+25.8%,61.9,10.7,+18.8%,+11.7%,+0.2%,+40.2%
ETSY,Extended,Internet,Consumer Discretionary,Consumer Discretionary Distrib,Adj,Dec,EPS,CY2027,5.2,5.496,+5.7%,5.701,+3.7%,5.905,+3.6%,61.9,10.5,+13.6%,+11.7%,+0.2%,+40.2%
ETSY,Extended,Internet,Consumer Discretionary,Consumer Discretionary Distrib,Adj,Dec,EPS,CY2028,6.115,6.354,+3.9%,6.462,+1.7%,6.739,+4.3%,61.9,9.2,+10.2%,+11.7%,+0.2%,+40.2%
MTCH,Extended,Internet,Communication Services,Media & Entertainment,Adj,Dec,EPS,CY2025,2.192,2.348,+7.1%,2.234,-4.9%,2.233,-0.0%,35.51,15.9,+1.9%,+10.0%,+13.3%,+22.4%
MTCH,Extended,Internet,Communication Services,Media & Entertainment,Adj,Dec,EPS,CY2026,2.571,2.842,+10.5%,2.805,-1.3%,2.823,+0.6%,35.51,12.6,+9.8%,+10.0%,+13.3%,+22.4%
MTCH,Extended,Internet,Communication Services,Media & Entertainment,Adj,Dec,EPS,CY2027,3.101,3.407,+9.9%,3.333,-2.2%,3.174,-4.8%,35.51,11.2,+2.4%,+10.0%,+13.3%,+22.4%
MTCH,Extended,Internet,Communication Services,Media & Entertainment,Adj,Dec,EPS,CY2028,,4.048,,4.144,+2.4%,3.752,-9.5%,35.51,9.5,,+10.0%,+13.3%,+22.4%
U,Extended,Internet,Information Technology,Software & Services,Adj,Dec,EPS,CY2025,0.414,0.803,+94.0%,0.843,+5.0%,0.847,+0.5%,25.92,30.6,+104.6%,-41.3%,-36.7%,+34.8%
U,Extended,Internet,Information Technology,Software & Services,Adj,Dec,EPS,CY2026,0.794,0.88,+10.8%,0.951,+8.1%,0.955,+0.4%,25.92,27.1,+20.3%,-41.3%,-36.7%,+34.8%
U,Extended,Internet,Information Technology,Software & Services,Adj,Dec,EPS,CY2027,1.538,1.016,-33.9%,1.228,+20.9%,1.192,-2.9%,25.92,21.7,-22.5%,-41.3%,-36.7%,+34.8%
U,Extended,Internet,Information Technology,Software & Services,Adj,Dec,EPS,CY2028,,1.31,,1.443,+10.2%,1.418,-1.7%,25.92,18.3,,-41.3%,-36.7%,+34.8%
ZG,Extended,Internet,Real Estate,Real Estate Management & Devel,Adj,Dec,EPS,CY2025,1.706,1.612,-5.5%,1.661,+3.0%,1.662,+0.1%,47.01,28.3,-2.6%,-31.1%,-30.5%,-23.5%
ZG,Extended,Internet,Real Estate,Real Estate Management & Devel,Adj,Dec,EPS,CY2026,2.273,2.16,-5.0%,2.113,-2.2%,2.184,+3.4%,47.01,21.5,-3.9%,-31.1%,-30.5%,-23.5%
ZG,Extended,Internet,Real Estate,Real Estate Management & Devel,Adj,Dec,EPS,CY2027,2.923,2.92,-0.1%,2.671,-8.5%,2.862,+7.2%,47.01,16.4,-2.1%,-31.1%,-30.5%,-23.5%
ZG,Extended,Internet,Real Estate,Real Estate Management & Devel,Adj,Dec,EPS,CY2028,4.082,4.123,+1.0%,3.927,-4.8%,3.701,-5.8%,47.01,12.7,-9.3%,-31.1%,-30.5%,-23.5%
RMV,Extended,Internet,Communication Services,Media & Entertainment,Adj,Dec,EPS,CY2025,0.29,0.288,-0.7%,0.291,+1.0%,0.29,-0.3%,464.0,16.0,+0.0%,-10.7%,-9.9%,-37.6%
RMV,Extended,Internet,Communication Services,Media & Entertainment,Adj,Dec,EPS,CY2026,0.326,0.325,-0.3%,0.309,-4.9%,0.307,-0.6%,464.0,15.1,-5.8%,-10.7%,-9.9%,-37.6%
RMV,Extended,Internet,Communication Services,Media & Entertainment,Adj,Dec,EPS,CY2027,0.371,0.368,-0.8%,0.339,-7.9%,0.34,+0.3%,464.0,13.6,-8.4%,-10.7%,-9.9%,-37.6%
RMV,Extended,Internet,Communication Services,Media & Entertainment,Adj,Dec,EPS,CY2028,0.423,0.414,-2.1%,0.376,-9.2%,0.384,+2.1%,464.0,12.1,-9.2%,-10.7%,-9.9%,-37.6%
YELP,Extended,Internet,Communication Services,Media & Entertainment,Adj,Dec,EPS,CY2025,2.986,3.618,+21.2%,4.01,+10.8%,4.01,+0.0%,27.94,7.0,+34.3%,-8.1%,-0.7%,-15.5%
YELP,Extended,Internet,Communication Services,Media & Entertainment,Adj,Dec,EPS,CY2026,3.366,3.607,+7.2%,3.837,+6.4%,3.227,-15.9%,27.94,8.7,-4.1%,-8.1%,-0.7%,-15.5%
YELP,Extended,Internet,Communication Services,Media & Entertainment,Adj,Dec,EPS,CY2027,3.879,4.208,+8.5%,4.344,+3.2%,3.704,-14.7%,27.94,7.5,-4.5%,-8.1%,-0.7%,-15.5%
YELP,Extended,Internet,Communication Services,Media & Entertainment,Adj,Dec,EPS,CY2028,,4.85,,4.87,+0.4%,4.623,-5.1%,27.94,6.0,,-8.1%,-0.7%,-15.5%
ANGI,Extended,Internet,Communication Services,Media & Entertainment,Adj,Dec,EPS,CY2025,0.679,1.275,+87.8%,1.103,-13.5%,1.063,-3.6%,7.4,7.0,+56.6%,-42.8%,-40.8%,-36.2%
ANGI,Extended,Internet,Communication Services,Media & Entertainment,Adj,Dec,EPS,CY2026,0.993,1.646,+65.8%,1.583,-3.8%,0.99,-37.5%,7.4,7.5,-0.3%,-42.8%,-40.8%,-36.2%
ANGI,Extended,Internet,Communication Services,Media & Entertainment,Adj,Dec,EPS,CY2027,2.0,1.894,-5.3%,1.768,-6.7%,1.398,-20.9%,7.4,5.3,-30.1%,-42.8%,-40.8%,-36.2%
ANGI,Extended,Internet,Communication Services,Media & Entertainment,Adj,Dec,EPS,CY2028,1.405,2.375,+69.0%,1.72,-27.6%,1.55,-9.9%,7.4,4.8,+10.3%,-42.8%,-40.8%,-36.2%
TREE,Extended,Internet,Financials,Financial Services,Adj,Dec,EPS,CY2025,3.521,4.266,+21.2%,4.816,+12.9%,4.816,+0.0%,47.96,10.0,+36.8%,-9.7%,-29.5%,+6.9%
TREE,Extended,Internet,Financials,Financial Services,Adj,Dec,EPS,CY2026,4.401,4.783,+8.7%,4.983,+4.2%,5.604,+12.5%,47.96,8.6,+27.3%,-9.7%,-29.5%,+6.9%
TREE,Extended,Internet,Financials,Financial Services,Adj,Dec,EPS,CY2027,,5.457,,5.305,-2.8%,6.638,+25.1%,47.96,7.2,,-9.7%,-29.5%,+6.9%
TREE,Extended,Internet,Financials,Financial Services,Adj,Dec,EPS,CY2028,,5.03,,4.81,-4.4%,6.49,+34.9%,47.96,7.4,,-9.7%,-29.5%,+6.9%
XYZ,Extended,Internet,Financials,Financial Services,Adj,Dec,EPS,CY2025,3.957,2.564,-35.2%,2.406,-6.2%,2.412,+0.2%,71.26,29.5,-39.0%,+9.5%,+8.1%,+32.2%
XYZ,Extended,Internet,Financials,Financial Services,Adj,Dec,EPS,CY2026,4.956,3.684,-25.7%,3.306,-10.3%,3.681,+11.3%,71.26,19.4,-25.7%,+9.5%,+8.1%,+32.2%
XYZ,Extended,Internet,Financials,Financial Services,Adj,Dec,EPS,CY2027,5.873,4.546,-22.6%,4.403,-3.1%,4.822,+9.5%,71.26,14.8,-17.9%,+9.5%,+8.1%,+32.2%
XYZ,Extended,Internet,Financials,Financial Services,Adj,Dec,EPS,CY2028,7.177,5.172,-27.9%,5.265,+1.8%,5.983,+13.6%,71.26,11.9,-16.6%,+9.5%,+8.1%,+32.2%
CRTO,Extended,Internet,Communication Services,Media & Entertainment,Adj,Dec,EPS,CY2025,4.515,4.425,-2.0%,4.688,+5.9%,4.695,+0.1%,19.48,4.1,+4.0%,-5.5%,-0.1%,-34.8%
CRTO,Extended,Internet,Communication Services,Media & Entertainment,Adj,Dec,EPS,CY2026,4.65,4.308,-7.4%,4.543,+5.5%,4.328,-4.7%,19.48,4.5,-6.9%,-5.5%,-0.1%,-34.8%
CRTO,Extended,Internet,Communication Services,Media & Entertainment,Adj,Dec,EPS,CY2027,5.388,4.626,-14.1%,5.081,+9.8%,4.799,-5.6%,19.48,4.1,-10.9%,-5.5%,-0.1%,-34.8%
CRTO,Extended,Internet,Communication Services,Media & Entertainment,Adj,Dec,EPS,CY2028,6.185,5.223,-15.6%,5.073,-2.9%,5.785,+14.0%,19.48,3.4,-6.5%,-5.5%,-0.1%,-34.8%
CARS,Extended,Internet,Communication Services,Media & Entertainment,Adj,Dec,EPS,CY2025,2.034,1.8,-11.5%,1.792,-0.4%,1.792,+0.0%,10.59,5.9,-11.9%,-13.2%,-11.5%,-6.2%
CARS,Extended,Internet,Communication Services,Media & Entertainment,Adj,Dec,EPS,CY2026,2.45,1.916,-21.8%,2.244,+17.1%,1.94,-13.5%,10.59,5.5,-20.8%,-13.2%,-11.5%,-6.2%
CARS,Extended,Internet,Communication Services,Media & Entertainment,Adj,Dec,EPS,CY2027,2.47,2.42,-2.0%,2.095,-13.4%,2.358,+12.6%,10.59,4.5,-4.5%,-13.2%,-11.5%,-6.2%
CARS,Extended,Internet,Communication Services,Media & Entertainment,Adj,Dec,EPS,CY2028,,,,,,2.12,,10.59,5.0,,-13.2%,-11.5%,-6.2%
OCDO,Extended,Internet,Consumer Staples,Consumer Staples Distribution,Adj,Nov,EPS,CY2025,-0.337,-0.279,+17.2%,-0.345,-23.7%,-0.339,+1.7%,203.8,-6.0,-0.6%,-13.6%,-27.7%,-31.6%
OCDO,Extended,Internet,Consumer Staples,Consumer Staples Distribution,Adj,Nov,EPS,CY2026,-0.231,-0.281,-21.6%,-0.292,-3.9%,-0.168,+42.5%,203.8,-12.1,+27.3%,-13.6%,-27.7%,-31.6%
OCDO,Extended,Internet,Consumer Staples,Consumer Staples Distribution,Adj,Nov,EPS,CY2027,-0.151,-0.191,-26.5%,-0.198,-3.7%,-0.221,-11.6%,203.8,-9.2,-46.4%,-13.6%,-27.7%,-31.6%
OCDO,Extended,Internet,Consumer Staples,Consumer Staples Distribution,Adj,Nov,EPS,CY2028,-0.046,-0.054,-17.4%,-0.147,-172.2%,-0.16,-8.8%,203.8,-12.7,-247.8%,-13.6%,-27.7%,-31.6%
VRSN,Extended,Internet,Information Technology,Software & Services,Adj,Dec,EPS,CY2025,,8.825,,8.868,+0.5%,8.868,+0.0%,274.05,30.9,,+12.8%,+9.9%,+11.1%
VRSN,Extended,Internet,Information Technology,Software & Services,Adj,Dec,EPS,CY2026,,9.49,,9.685,+2.1%,9.51,-1.8%,274.05,28.8,,+12.8%,+9.9%,+11.1%
VRSN,Extended,Internet,Information Technology,Software & Services,Adj,Dec,EPS,CY2027,,10.945,,10.513,-3.9%,10.4,-1.1%,274.05,26.4,,+12.8%,+9.9%,+11.1%
VRSN,Extended,Internet,Information Technology,Software & Services,Adj,Dec,EPS,CY2028,,13.08,,11.23,-14.1%,11.705,+4.2%,274.05,23.4,,+12.8%,+9.9%,+11.1%
CDLX,Extended,Internet,Communication Services,Media & Entertainment,Adj,Dec,EPS,CY2025,,-0.56,,-0.473,+15.5%,-0.46,+2.7%,1.01,-2.2,,-12.2%,-15.8%,-32.7%
CDLX,Extended,Internet,Communication Services,Media & Entertainment,Adj,Dec,EPS,CY2026,-0.355,-0.392,-10.4%,-0.26,+33.7%,-0.446,-71.5%,1.01,-2.3,-25.6%,-12.2%,-15.8%,-32.7%
CDLX,Extended,Internet,Communication Services,Media & Entertainment,Adj,Dec,EPS,CY2027,,-0.063,,-0.087,-38.1%,-0.267,-206.9%,1.01,-3.8,,-12.2%,-15.8%,-32.7%
CDLX,Extended,Internet,Communication Services,Media & Entertainment,Adj,Dec,EPS,CY2028,,,,,,,,1.01,,,-12.2%,-15.8%,-32.7%
DHER,Extended,Internet,Consumer Discretionary,Consumer Services,Adj,Dec,EPS,CY2025,-0.253,-0.364,-43.9%,-0.345,+5.2%,-0.285,+17.4%,21.19,-74.4,-12.6%,-6.7%,-16.6%,-10.2%
DHER,Extended,Internet,Consumer Discretionary,Consumer Services,Adj,Dec,EPS,CY2026,1.049,0.869,-17.2%,0.355,-59.1%,-0.334,-194.1%,21.19,-63.4,-131.8%,-6.7%,-16.6%,-10.2%
DHER,Extended,Internet,Consumer Discretionary,Consumer Services,Adj,Dec,EPS,CY2027,2.244,1.988,-11.4%,1.151,-42.1%,0.078,-93.2%,21.19,271.7,-96.5%,-6.7%,-16.6%,-10.2%
DHER,Extended,Internet,Consumer Discretionary,Consumer Services,Adj,Dec,EPS,CY2028,3.555,2.547,-28.4%,1.883,-26.1%,0.996,-47.1%,21.19,21.3,-72.0%,-6.7%,-16.6%,-10.2%
PTON,Extended,Internet,Consumer Discretionary,Consumer Durables & Apparel,Adj,Jun,EPS,CY2025,-0.363,-0.417,-14.9%,-0.417,+0.0%,-0.417,+0.0%,5.1,-12.2,-14.9%,-17.2%,-19.4%,-5.4%
PTON,Extended,Internet,Consumer Discretionary,Consumer Durables & Apparel,Adj,Jun,EPS,CY2026,-0.17,0.117,+168.8%,0.127,+8.5%,0.143,+12.6%,5.1,35.7,+184.1%,-17.2%,-19.4%,-5.4%
PTON,Extended,Internet,Consumer Discretionary,Consumer Durables & Apparel,Adj,Jun,EPS,CY2027,-0.126,0.161,+227.8%,0.271,+68.3%,0.304,+12.2%,5.1,16.8,+341.3%,-17.2%,-19.4%,-5.4%
PTON,Extended,Internet,Consumer Discretionary,Consumer Durables & Apparel,Adj,Jun,EPS,CY2028,-0.201,0.283,+240.8%,0.345,+21.9%,0.372,+7.8%,5.1,13.7,+285.1%,-17.2%,-19.4%,-5.4%
LYFT,Extended,Internet,Industrials,Transportation,Adj,Dec,EPS,CY2025,0.919,1.212,+31.9%,1.24,+2.3%,1.253,+1.0%,14.95,11.9,+36.3%,-22.8%,-18.4%,+34.0%
LYFT,Extended,Internet,Industrials,Transportation,Adj,Dec,EPS,CY2026,1.252,1.315,+5.0%,1.529,+16.3%,1.351,-11.6%,14.95,11.1,+7.9%,-22.8%,-18.4%,+34.0%
LYFT,Extended,Internet,Industrials,Transportation,Adj,Dec,EPS,CY2027,1.408,1.542,+9.5%,1.711,+11.0%,1.747,+2.1%,14.95,8.6,+24.1%,-22.8%,-18.4%,+34.0%
LYFT,Extended,Internet,Industrials,Transportation,Adj,Dec,EPS,CY2028,1.572,1.978,+25.8%,1.853,-6.3%,2.196,+18.5%,14.95,6.8,+39.7%,-22.8%,-18.4%,+34.0%
PRX,Extended,Internet,Consumer Discretionary,Consumer Discretionary Distrib,Adj,Mar,EPS,CY2025,3.618,3.727,+3.0%,3.968,+6.5%,4.013,+1.1%,44.33,11.0,+10.9%,-16.1%,-17.0%,+18.0%
PRX,Extended,Internet,Consumer Discretionary,Consumer Discretionary Distrib,Adj,Mar,EPS,CY2026,4.331,4.418,+2.0%,4.652,+5.3%,4.609,-0.9%,44.33,9.6,+6.4%,-16.1%,-17.0%,+18.0%
PRX,Extended,Internet,Consumer Discretionary,Consumer Discretionary Distrib,Adj,Mar,EPS,CY2027,4.125,5.065,+22.8%,5.386,+6.3%,5.372,-0.3%,44.33,8.3,+30.2%,-16.1%,-17.0%,+18.0%
PRX,Extended,Internet,Consumer Discretionary,Consumer Discretionary Distrib,Adj,Mar,EPS,CY2028,,5.85,,6.02,+2.9%,5.98,-0.7%,44.33,7.4,,-16.1%,-17.0%,+18.0%
AUTO,Extended,Internet,Communication Services,Media & Entertainment,Adj,Mar,EPS,CY2025,0.36,0.351,-2.5%,0.354,+0.9%,0.356,+0.6%,523.4,14.7,-1.1%,-10.7%,-10.2%,-34.4%
AUTO,Extended,Internet,Communication Services,Media & Entertainment,Adj,Mar,EPS,CY2026,0.4,0.392,-2.0%,0.39,-0.5%,0.389,-0.3%,523.4,13.5,-2.8%,-10.7%,-10.2%,-34.4%
AUTO,Extended,Internet,Communication Services,Media & Entertainment,Adj,Mar,EPS,CY2027,0.441,0.432,-2.0%,0.424,-1.9%,0.428,+0.9%,523.4,12.2,-2.9%,-10.7%,-10.2%,-34.4%
AUTO,Extended,Internet,Communication Services,Media & Entertainment,Adj,Mar,EPS,CY2028,0.483,0.438,-9.3%,0.462,+5.5%,0.462,+0.0%,523.4,11.3,-4.3%,-10.7%,-10.2%,-34.4%
DKNG,Extended,Internet,Consumer Discretionary,Consumer Services,Adj,Dec,EPS,CY2025,1.435,1.087,-24.3%,0.763,-29.8%,0.814,+6.7%,22.82,28.0,-43.3%,-33.8%,-30.0%,-32.1%
DKNG,Extended,Internet,Consumer Discretionary,Consumer Services,Adj,Dec,EPS,CY2026,2.248,1.879,-16.4%,1.338,-28.8%,0.918,-31.4%,22.82,24.9,-59.2%,-33.8%,-30.0%,-32.1%
DKNG,Extended,Internet,Consumer Discretionary,Consumer Services,Adj,Dec,EPS,CY2027,2.901,2.625,-9.5%,2.072,-21.1%,1.633,-21.2%,22.82,14.0,-43.7%,-33.8%,-30.0%,-32.1%
DKNG,Extended,Internet,Consumer Discretionary,Consumer Services,Adj,Dec,EPS,CY2028,3.61,3.32,-8.0%,2.728,-17.8%,2.289,-16.1%,22.82,10.0,-36.6%,-33.8%,-30.0%,-32.1%
FLUT,Extended,Internet,Consumer Discretionary,Consumer Services,Adj,Dec,EPS,CY2025,8.493,8.492,-0.0%,7.771,-8.5%,7.695,-1.0%,110.08,14.3,-9.4%,-48.8%,-41.6%,-51.6%
FLUT,Extended,Internet,Consumer Discretionary,Consumer Services,Adj,Dec,EPS,CY2026,11.965,12.088,+1.0%,9.815,-18.8%,6.062,-38.2%,110.08,18.2,-49.3%,-48.8%,-41.6%,-51.6%
FLUT,Extended,Internet,Consumer Discretionary,Consumer Services,Adj,Dec,EPS,CY2027,15.748,15.92,+1.1%,14.059,-11.7%,9.402,-33.1%,110.08,11.7,-40.3%,-48.8%,-41.6%,-51.6%
FLUT,Extended,Internet,Consumer Discretionary,Consumer Services,Adj,Dec,EPS,CY2028,18.27,20.396,+11.6%,18.768,-8.0%,12.405,-33.9%,110.08,8.9,-32.1%,-48.8%,-41.6%,-51.6%
FLTR,Extended,Internet,Consumer Discretionary,Consumer Services,Adj,Dec,EPS,CY2025,8.493,8.492,-0.0%,7.771,-8.5%,7.695,-1.0%,8264.0,10.7,-9.4%,-48.8%,-42.8%,-52.1%
FLTR,Extended,Internet,Consumer Discretionary,Consumer Services,Adj,Dec,EPS,CY2026,11.965,12.088,+1.0%,9.815,-18.8%,6.062,-38.2%,8264.0,13.6,-49.3%,-48.8%,-42.8%,-52.1%
FLTR,Extended,Internet,Consumer Discretionary,Consumer Services,Adj,Dec,EPS,CY2027,15.748,15.92,+1.1%,14.059,-11.7%,9.402,-33.1%,8264.0,8.8,-40.3%,-48.8%,-42.8%,-52.1%
FLTR,Extended,Internet,Consumer Discretionary,Consumer Services,Adj,Dec,EPS,CY2028,18.27,20.396,+11.6%,18.768,-8.0%,12.405,-33.9%,8264.0,6.7,-32.1%,-48.8%,-42.8%,-52.1%
WMG,Extended,Internet,Communication Services,Media & Entertainment,Adj,Sep,EPS,CY2025,1.475,0.995,-32.5%,0.982,-1.3%,0.982,+0.0%,30.25,30.8,-33.4%,-1.4%,-1.1%,+3.9%
WMG,Extended,Internet,Communication Services,Media & Entertainment,Adj,Sep,EPS,CY2026,1.484,1.43,-3.6%,1.471,+2.9%,1.408,-4.3%,30.25,21.5,-5.1%,-1.4%,-1.1%,+3.9%
WMG,Extended,Internet,Communication Services,Media & Entertainment,Adj,Sep,EPS,CY2027,1.684,1.699,+0.9%,1.733,+2.0%,1.752,+1.1%,30.25,17.3,+4.0%,-1.4%,-1.1%,+3.9%
WMG,Extended,Internet,Communication Services,Media & Entertainment,Adj,Sep,EPS,CY2028,1.888,1.902,+0.7%,1.925,+1.2%,1.984,+3.1%,30.25,15.2,+5.1%,-1.4%,-1.1%,+3.9%
SCOR,Extended,Internet,Communication Services,Media & Entertainment,Adj,Dec,EPS,CY2025,,2.615,,2.22,-15.1%,2.22,+0.0%,8.1,3.6,,+24.6%,-5.3%,+62.0%
SCOR,Extended,Internet,Communication Services,Media & Entertainment,Adj,Dec,EPS,CY2026,,4.425,,4.65,+5.1%,4.11,-11.6%,8.1,2.0,,+24.6%,-5.3%,+62.0%
SCOR,Extended,Internet,Communication Services,Media & Entertainment,Adj,Dec,EPS,CY2027,,5.08,,5.08,+0.0%,5.08,+0.0%,8.1,1.6,,+24.6%,-5.3%,+62.0%
SCOR,Extended,Internet,Communication Services,Media & Entertainment,Adj,Dec,EPS,CY2028,,,,,,,,8.1,,,+24.6%,-5.3%,+62.0%
ASM,Extended,Technology,Information Technology,Semiconductors & Semiconductor,Adj,Dec,EPS,CY2025,17.153,14.323,-16.5%,13.956,-2.6%,14.695,+5.3%,785.8,53.5,-14.3%,+51.8%,+14.0%,+100.6%
ASM,Extended,Technology,Information Technology,Semiconductors & Semiconductor,Adj,Dec,EPS,CY2026,21.194,16.187,-23.6%,16.13,-0.4%,18.925,+17.3%,785.8,41.5,-10.7%,+51.8%,+14.0%,+100.6%
ASM,Extended,Technology,Information Technology,Semiconductors & Semiconductor,Adj,Dec,EPS,CY2027,25.588,20.462,-20.0%,20.583,+0.6%,23.64,+14.9%,785.8,33.2,-7.6%,+51.8%,+14.0%,+100.6%
ASM,Extended,Technology,Information Technology,Semiconductors & Semiconductor,Adj,Dec,EPS,CY2028,28.555,23.864,-16.4%,23.116,-3.1%,27.36,+18.4%,785.8,28.7,-4.2%,+51.8%,+14.0%,+100.6%
ARM,Extended,Technology,Information Technology,Semiconductors & Semiconductor,Adj,Mar,EPS,CY2025,2.009,1.682,-16.3%,1.727,+2.7%,1.756,+1.7%,166.73,94.9,-12.6%,+52.5%,+57.6%,+65.5%
ARM,Extended,Technology,Information Technology,Semiconductors & Semiconductor,Adj,Mar,EPS,CY2026,2.601,2.252,-13.4%,2.275,+1.0%,2.15,-5.5%,166.73,77.5,-17.3%,+52.5%,+57.6%,+65.5%
ARM,Extended,Technology,Information Technology,Semiconductors & Semiconductor,Adj,Mar,EPS,CY2027,3.084,2.843,-7.8%,2.888,+1.6%,2.945,+2.0%,166.73,56.6,-4.5%,+52.5%,+57.6%,+65.5%
ARM,Extended,Technology,Information Technology,Semiconductors & Semiconductor,Adj,Mar,EPS,CY2028,3.716,3.417,-8.0%,3.373,-1.3%,3.565,+5.7%,166.73,46.8,-4.1%,+52.5%,+57.6%,+65.5%
MRVL,Extended,Technology,Information Technology,Semiconductors & Semiconductor,Adj,Jan,EPS,CY2025,2.856,2.804,-1.8%,2.84,+1.3%,2.837,-0.1%,139.69,49.2,-0.7%,+64.4%,+73.6%,+170.2%
MRVL,Extended,Technology,Information Technology,Semiconductors & Semiconductor,Adj,Jan,EPS,CY2026,3.661,3.386,-7.5%,3.585,+5.9%,3.861,+7.7%,139.69,36.2,+5.5%,+64.4%,+73.6%,+170.2%
MRVL,Extended,Technology,Information Technology,Semiconductors & Semiconductor,Adj,Jan,EPS,CY2027,4.545,4.121,-9.3%,4.731,+14.8%,5.437,+14.9%,139.69,25.7,+19.6%,+64.4%,+73.6%,+170.2%
MRVL,Extended,Technology,Information Technology,Semiconductors & Semiconductor,Adj,Jan,EPS,CY2028,,5.112,,6.132,+20.0%,7.442,+21.4%,139.69,18.8,,+64.4%,+73.6%,+170.2%
AMD,Extended,Technology,Information Technology,Semiconductors & Semiconductor,GAAP,Dec,EPS,CY2025,2.426,2.409,-0.7%,2.5,+3.8%,2.531,+1.2%,278.39,110.0,+4.3%,+30.0%,+20.1%,+218.2%
AMD,Extended,Technology,Information Technology,Semiconductors & Semiconductor,GAAP,Dec,EPS,CY2026,3.952,4.523,+14.4%,4.646,+2.7%,4.802,+3.4%,278.39,58.0,+21.5%,+30.0%,+20.1%,+218.2%
AMD,Extended,Technology,Information Technology,Semiconductors & Semiconductor,GAAP,Dec,EPS,CY2027,5.221,7.009,+34.2%,7.831,+11.7%,8.996,+14.9%,278.39,30.9,+72.3%,+30.0%,+20.1%,+218.2%
AMD,Extended,Technology,Information Technology,Semiconductors & Semiconductor,GAAP,Dec,EPS,CY2028,6.575,8.688,+32.1%,8.6,-1.0%,12.651,+47.1%,278.39,22.0,+92.4%,+30.0%,+20.1%,+218.2%
INTC,Extended,Technology,Information Technology,Semiconductors & Semiconductor,GAAP,Dec,EPS,CY2025,-0.499,-1.019,-104.2%,-0.034,+96.7%,-0.037,-8.8%,68.5,-1851.4,+92.6%,+85.6%,+45.9%,+261.9%
INTC,Extended,Technology,Information Technology,Semiconductors & Semiconductor,GAAP,Dec,EPS,CY2026,0.333,-0.13,-139.0%,0.052,+140.0%,-0.167,-421.2%,68.5,-410.2,-150.2%,+85.6%,+45.9%,+261.9%
INTC,Extended,Technology,Information Technology,Semiconductors & Semiconductor,GAAP,Dec,EPS,CY2027,1.36,0.459,-66.2%,0.399,-13.1%,0.313,-21.6%,68.5,218.8,-77.0%,+85.6%,+45.9%,+261.9%
INTC,Extended,Technology,Information Technology,Semiconductors & Semiconductor,GAAP,Dec,EPS,CY2028,2.3,1.123,-51.2%,1.74,+54.9%,1.104,-36.6%,68.5,62.0,-52.0%,+85.6%,+45.9%,+261.9%
TXN,Extended,Technology,Information Technology,Semiconductors & Semiconductor,GAAP,Dec,EPS,CY2025,5.36,5.589,+4.3%,5.482,-1.9%,5.487,+0.1%,229.82,41.9,+2.4%,+32.5%,+20.0%,+54.8%
TXN,Extended,Technology,Information Technology,Semiconductors & Semiconductor,GAAP,Dec,EPS,CY2026,6.748,6.571,-2.6%,6.09,-7.3%,6.454,+6.0%,229.82,35.6,-4.4%,+32.5%,+20.0%,+54.8%
TXN,Extended,Technology,Information Technology,Semiconductors & Semiconductor,GAAP,Dec,EPS,CY2027,8.223,7.923,-3.6%,7.466,-5.8%,7.788,+4.3%,229.82,29.5,-5.3%,+32.5%,+20.0%,+54.8%
TXN,Extended,Technology,Information Technology,Semiconductors & Semiconductor,GAAP,Dec,EPS,CY2028,,10.125,,9.623,-5.0%,9.755,+1.4%,229.82,23.6,,+32.5%,+20.0%,+54.8%
ADI,Extended,Technology,Information Technology,Semiconductors & Semiconductor,Adj,Oct,EPS,CY2025,7.272,7.769,+6.8%,7.791,+0.3%,7.791,+0.0%,371.45,47.7,+7.1%,+37.0%,+23.7%,+110.7%
ADI,Extended,Technology,Information Technology,Semiconductors & Semiconductor,Adj,Oct,EPS,CY2026,8.882,9.411,+6.0%,10.014,+6.4%,11.537,+15.2%,371.45,32.2,+29.9%,+37.0%,+23.7%,+110.7%
ADI,Extended,Technology,Information Technology,Semiconductors & Semiconductor,Adj,Oct,EPS,CY2027,10.537,10.971,+4.1%,11.473,+4.6%,13.125,+14.4%,371.45,28.3,+24.6%,+37.0%,+23.7%,+110.7%
ADI,Extended,Technology,Information Technology,Semiconductors & Semiconductor,Adj,Oct,EPS,CY2028,12.528,12.678,+1.2%,13.407,+5.8%,15.232,+13.6%,371.45,24.4,+21.6%,+37.0%,+23.7%,+110.7%
005930,Extended,Technology,Information Technology,Technology Hardware & Equipmen,GAAP,Dec,EPS,CY2025,4888.397,4934.515,+0.9%,6309.564,+27.9%,6342.644,+0.5%,218000.0,34.4,+29.7%,+81.1%,+47.1%,+294.2%
005930,Extended,Technology,Information Technology,Technology Hardware & Equipmen,GAAP,Dec,EPS,CY2026,6250.369,7554.841,+20.9%,15584.091,+106.3%,34034.093,+118.4%,218000.0,6.4,+444.5%,+81.1%,+47.1%,+294.2%
005930,Extended,Technology,Information Technology,Technology Hardware & Equipmen,GAAP,Dec,EPS,CY2027,6670.139,8700.467,+30.4%,18015.403,+107.1%,44631.056,+147.7%,218000.0,4.9,+569.1%,+81.1%,+47.1%,+294.2%
005930,Extended,Technology,Information Technology,Technology Hardware & Equipmen,GAAP,Dec,EPS,CY2028,5946.135,10302.695,+73.3%,20461.202,+98.6%,45657.471,+123.1%,218000.0,4.8,+667.9%,+81.1%,+47.1%,+294.2%
000660,Extended,Technology,Information Technology,Semiconductors & Semiconductor,GAAP,Dec,EPS,CY2025,37890.18,46385.061,+22.4%,56561.98,+21.9%,57400.366,+1.5%,1144000.0,19.9,+51.5%,+75.5%,+51.1%,+553.7%
000660,Extended,Technology,Information Technology,Semiconductors & Semiconductor,GAAP,Dec,EPS,CY2026,45566.766,60762.501,+33.3%,108450.973,+78.5%,216811.186,+99.9%,1144000.0,5.3,+375.8%,+75.5%,+51.1%,+553.7%
000660,Extended,Technology,Information Technology,Semiconductors & Semiconductor,GAAP,Dec,EPS,CY2027,48364.234,71770.44,+48.4%,128929.26,+79.6%,290705.524,+125.5%,1144000.0,3.9,+501.1%,+75.5%,+51.1%,+553.7%
000660,Extended,Technology,Information Technology,Semiconductors & Semiconductor,GAAP,Dec,EPS,CY2028,,122611.775,,191429.31,+56.1%,308836.747,+61.3%,1144000.0,3.7,,+75.5%,+51.1%,+553.7%
STX,Extended,Technology,Information Technology,Technology Hardware & Equipmen,Adj,Jun,EPS,CY2025,7.384,7.948,+7.6%,7.948,+0.0%,7.948,+0.0%,547.75,68.9,+7.6%,+98.9%,+67.9%,+622.8%
STX,Extended,Technology,Information Technology,Technology Hardware & Equipmen,Adj,Jun,EPS,CY2026,9.307,10.613,+14.0%,11.573,+9.0%,12.923,+11.7%,547.75,42.4,+38.9%,+98.9%,+67.9%,+622.8%
STX,Extended,Technology,Information Technology,Technology Hardware & Equipmen,Adj,Jun,EPS,CY2027,10.454,13.407,+28.2%,15.363,+14.6%,19.891,+29.5%,547.75,27.5,+90.3%,+98.9%,+67.9%,+622.8%
STX,Extended,Technology,Information Technology,Technology Hardware & Equipmen,Adj,Jun,EPS,CY2028,11.38,15.601,+37.1%,17.742,+13.7%,24.877,+40.2%,547.75,22.0,+118.6%,+98.9%,+67.9%,+622.8%
WDC,Extended,Technology,Information Technology,Technology Hardware & Equipmen,Adj,Jun,EPS,CY2025,4.643,5.253,+13.1%,5.253,+0.0%,5.253,+0.0%,372.52,70.9,+13.1%,+116.2%,+68.2%,+920.3%
WDC,Extended,Technology,Information Technology,Technology Hardware & Equipmen,Adj,Jun,EPS,CY2026,4.885,6.834,+39.9%,7.768,+13.7%,8.989,+15.7%,372.52,41.4,+84.0%,+116.2%,+68.2%,+920.3%
WDC,Extended,Technology,Information Technology,Technology Hardware & Equipmen,Adj,Jun,EPS,CY2027,5.136,7.799,+51.8%,9.854,+26.3%,13.944,+41.5%,372.52,26.7,+171.5%,+116.2%,+68.2%,+920.3%
WDC,Extended,Technology,Information Technology,Technology Hardware & Equipmen,Adj,Jun,EPS,CY2028,,9.527,,11.219,+17.8%,18.172,+62.0%,372.52,20.5,,+116.2%,+68.2%,+920.3%
SNDK,Extended,Technology,Information Technology,Technology Hardware & Equipmen,Adj,Jun,EPS,CY2025,2.118,2.699,+27.4%,2.699,+0.0%,2.699,+0.0%,920.99,341.2,+27.4%,+288.0%,+122.7%,+2843.4%
SNDK,Extended,Technology,Information Technology,Technology Hardware & Equipmen,Adj,Jun,EPS,CY2026,6.763,6.334,-6.3%,13.546,+113.9%,41.951,+209.7%,920.99,22.0,+520.3%,+288.0%,+122.7%,+2843.4%
SNDK,Extended,Technology,Information Technology,Technology Hardware & Equipmen,Adj,Jun,EPS,CY2027,8.95,10.461,+16.9%,26.291,+151.3%,104.108,+296.0%,920.99,8.8,+1063.2%,+288.0%,+122.7%,+2843.4%
SNDK,Extended,Technology,Information Technology,Technology Hardware & Equipmen,Adj,Jun,EPS,CY2028,8.44,10.694,+26.7%,24.027,+124.7%,95.126,+295.9%,920.99,9.7,+1027.1%,+288.0%,+122.7%,+2843.4%
CLS,Extended,Technology,Information Technology,Technology Hardware & Equipmen,Adj,Dec,EPS,CY2025,4.845,5.569,+14.9%,5.923,+6.4%,5.919,-0.1%,396.01,66.9,+22.2%,+34.0%,+26.3%,+371.2%
CLS,Extended,Technology,Information Technology,Technology Hardware & Equipmen,Adj,Dec,EPS,CY2026,5.872,7.1,+20.9%,8.396,+18.3%,8.92,+6.2%,396.01,44.4,+51.9%,+34.0%,+26.3%,+371.2%
CLS,Extended,Technology,Information Technology,Technology Hardware & Equipmen,Adj,Dec,EPS,CY2027,7.003,8.741,+24.8%,11.457,+31.1%,12.657,+10.5%,396.01,31.3,+80.7%,+34.0%,+26.3%,+371.2%
CLS,Extended,Technology,Information Technology,Technology Hardware & Equipmen,Adj,Dec,EPS,CY2028,9.1,13.635,+49.8%,14.957,+9.7%,16.548,+10.6%,396.01,23.9,+81.8%,+34.0%,+26.3%,+371.2%
QRVO,Extended,Technology,Information Technology,Semiconductors & Semiconductor,Adj,Mar,EPS,CY2025,5.586,6.117,+9.5%,6.38,+4.3%,6.526,+2.3%,81.9,12.5,+16.8%,-3.1%,+2.2%,+42.1%
QRVO,Extended,Technology,Information Technology,Semiconductors & Semiconductor,Adj,Mar,EPS,CY2026,6.735,6.948,+3.2%,6.888,-0.9%,6.762,-1.8%,81.9,12.1,+0.4%,-3.1%,+2.2%,+42.1%
QRVO,Extended,Technology,Information Technology,Semiconductors & Semiconductor,Adj,Mar,EPS,CY2027,7.585,7.915,+4.4%,8.086,+2.2%,7.996,-1.1%,81.9,10.2,+5.4%,-3.1%,+2.2%,+42.1%
QRVO,Extended,Technology,Information Technology,Semiconductors & Semiconductor,Adj,Mar,EPS,CY2028,,7.365,,8.02,+8.9%,8.323,+3.8%,81.9,9.8,,-3.1%,+2.2%,+42.1%
SWKS,Extended,Technology,Information Technology,Semiconductors & Semiconductor,Adj,Sep,EPS,CY2025,4.922,5.57,+13.2%,5.598,+0.5%,5.598,+0.0%,58.99,10.5,+13.7%,-7.0%,+2.1%,+5.4%
SWKS,Extended,Technology,Information Technology,Semiconductors & Semiconductor,Adj,Sep,EPS,CY2026,4.104,4.24,+3.3%,4.396,+3.7%,4.683,+6.5%,58.99,12.6,+14.1%,-7.0%,+2.1%,+5.4%
SWKS,Extended,Technology,Information Technology,Semiconductors & Semiconductor,Adj,Sep,EPS,CY2027,5.49,5.162,-6.0%,5.055,-2.1%,5.088,+0.7%,58.99,11.6,-7.3%,-7.0%,+2.1%,+5.4%
SWKS,Extended,Technology,Information Technology,Semiconductors & Semiconductor,Adj,Sep,EPS,CY2028,,6.12,,6.31,+3.1%,6.176,-2.1%,58.99,9.6,,-7.0%,+2.1%,+5.4%
DELL,Extended,Technology,Information Technology,Technology Hardware & Equipmen,Adj,Jan,EPS,CY2025,9.221,9.557,+3.6%,9.949,+4.1%,9.954,+0.1%,196.55,19.7,+7.9%,+56.1%,+63.1%,+131.8%
DELL,Extended,Technology,Information Technology,Technology Hardware & Equipmen,Adj,Jan,EPS,CY2026,10.385,11.252,+8.3%,11.567,+2.8%,13.04,+12.7%,196.55,15.1,+25.6%,+56.1%,+63.1%,+131.8%
DELL,Extended,Technology,Information Technology,Technology Hardware & Equipmen,Adj,Jan,EPS,CY2027,11.238,12.804,+13.9%,13.167,+2.8%,14.859,+12.9%,196.55,13.2,+32.2%,+56.1%,+63.1%,+131.8%
DELL,Extended,Technology,Information Technology,Technology Hardware & Equipmen,Adj,Jan,EPS,CY2028,,14.863,,14.44,-2.8%,16.646,+15.3%,196.55,11.8,,+56.1%,+63.1%,+131.8%
SMCI,Extended,Technology,Information Technology,Technology Hardware & Equipmen,Adj,Jun,EPS,CY2025,2.586,2.09,-19.2%,2.09,+0.0%,2.09,+0.0%,28.56,13.7,-19.2%,-2.4%,-12.5%,-9.3%
SMCI,Extended,Technology,Information Technology,Technology Hardware & Equipmen,Adj,Jun,EPS,CY2026,3.687,2.586,-29.9%,2.108,-18.5%,2.283,+8.3%,28.56,12.5,-38.1%,-2.4%,-12.5%,-9.3%
SMCI,Extended,Technology,Information Technology,Technology Hardware & Equipmen,Adj,Jun,EPS,CY2027,4.94,3.436,-30.4%,3.015,-12.3%,3.026,+0.4%,28.56,9.4,-38.7%,-2.4%,-12.5%,-9.3%
SMCI,Extended,Technology,Information Technology,Technology Hardware & Equipmen,Adj,Jun,EPS,CY2028,,3.946,,3.631,-8.0%,3.646,+0.4%,28.56,7.8,,-2.4%,-12.5%,-9.3%
IBM,Extended,Technology,Information Technology,Software & Services,GAAP,Dec,EPS,CY2025,8.847,9.087,+2.7%,9.029,-0.6%,9.025,-0.0%,253.47,28.1,+2.0%,-14.4%,-17.1%,+6.1%
IBM,Extended,Technology,Information Technology,Software & Services,GAAP,Dec,EPS,CY2026,9.65,9.953,+3.1%,10.517,+5.7%,10.316,-1.9%,253.47,24.6,+6.9%,-14.4%,-17.1%,+6.1%
IBM,Extended,Technology,Information Technology,Software & Services,GAAP,Dec,EPS,CY2027,9.783,10.22,+4.5%,10.813,+5.8%,11.415,+5.6%,253.47,22.2,+16.7%,-14.4%,-17.1%,+6.1%
IBM,Extended,Technology,Information Technology,Software & Services,GAAP,Dec,EPS,CY2028,,10.99,,11.123,+1.2%,12.495,+12.3%,253.47,20.3,,-14.4%,-17.1%,+6.1%
XRX,Extended,Technology,Information Technology,Technology Hardware & Equipmen,Adj,Dec,EPS,CY2025,0.918,-0.3,-132.7%,-0.39,-30.0%,-0.39,+0.0%,1.73,-4.4,-142.5%,-27.0%,-36.4%,-56.2%
XRX,Extended,Technology,Information Technology,Technology Hardware & Equipmen,Adj,Dec,EPS,CY2026,1.51,1.553,+2.8%,0.875,-43.7%,0.377,-56.9%,1.73,4.6,-75.0%,-27.0%,-36.4%,-56.2%
XRX,Extended,Technology,Information Technology,Technology Hardware & Equipmen,Adj,Dec,EPS,CY2027,1.29,1.825,+41.5%,1.345,-26.3%,1.005,-25.3%,1.73,1.7,-22.1%,-27.0%,-36.4%,-56.2%
XRX,Extended,Technology,Information Technology,Technology Hardware & Equipmen,Adj,Dec,EPS,CY2028,,,,,,1.05,,1.73,1.6,,-27.0%,-36.4%,-56.2%
HPE,Extended,Technology,Information Technology,Technology Hardware & Equipmen,Adj,Oct,EPS,CY2025,1.803,1.896,+5.2%,1.895,-0.1%,1.895,+0.0%,26.44,14.0,+5.1%,+10.1%,+23.3%,+74.6%
HPE,Extended,Technology,Information Technology,Technology Hardware & Equipmen,Adj,Oct,EPS,CY2026,2.058,2.409,+17.1%,2.357,-2.2%,2.418,+2.6%,26.44,10.9,+17.5%,+10.1%,+23.3%,+74.6%
HPE,Extended,Technology,Information Technology,Technology Hardware & Equipmen,Adj,Oct,EPS,CY2027,2.294,2.72,+18.6%,2.737,+0.6%,2.716,-0.8%,26.44,9.7,+18.4%,+10.1%,+23.3%,+74.6%
HPE,Extended,Technology,Information Technology,Technology Hardware & Equipmen,Adj,Oct,EPS,CY2028,,2.926,,3.098,+5.9%,3.058,-1.3%,26.44,8.6,,+10.1%,+23.3%,+74.6%
HPQ,Extended,Technology,Information Technology,Technology Hardware & Equipmen,Adj,Oct,EPS,CY2025,3.461,3.114,-10.0%,3.115,+0.0%,3.115,+0.0%,19.88,6.4,-10.0%,-10.8%,-2.4%,-16.6%
HPQ,Extended,Technology,Information Technology,Technology Hardware & Equipmen,Adj,Oct,EPS,CY2026,3.636,3.371,-7.3%,3.065,-9.1%,2.875,-6.2%,19.88,6.9,-20.9%,-10.8%,-2.4%,-16.6%
HPQ,Extended,Technology,Information Technology,Technology Hardware & Equipmen,Adj,Oct,EPS,CY2027,3.494,3.566,+2.1%,3.19,-10.5%,2.959,-7.2%,19.88,6.7,-15.3%,-10.8%,-2.4%,-16.6%
HPQ,Extended,Technology,Information Technology,Technology Hardware & Equipmen,Adj,Oct,EPS,CY2028,,3.755,,3.433,-8.6%,3.32,-3.3%,19.88,6.0,,-10.8%,-2.4%,-16.6%
FLEX,Extended,Technology,Information Technology,Technology Hardware & Equipmen,Adj,Mar,EPS,CY2025,2.844,3.035,+6.7%,3.152,+3.9%,3.246,+3.0%,81.83,25.2,+14.1%,+35.4%,+26.2%,+159.4%
FLEX,Extended,Technology,Information Technology,Technology Hardware & Equipmen,Adj,Mar,EPS,CY2026,3.218,3.34,+3.8%,3.542,+6.0%,3.651,+3.1%,81.83,22.4,+13.5%,+35.4%,+26.2%,+159.4%
FLEX,Extended,Technology,Information Technology,Technology Hardware & Equipmen,Adj,Mar,EPS,CY2027,,3.61,,3.92,+8.6%,4.063,+3.6%,81.83,20.1,,+35.4%,+26.2%,+159.4%
FLEX,Extended,Technology,Information Technology,Technology Hardware & Equipmen,Adj,Mar,EPS,CY2028,,,,,,,,81.83,,,+35.4%,+26.2%,+159.4%
CDW,Extended,Technology,Information Technology,Technology Hardware & Equipmen,Adj,Dec,EPS,CY2025,9.644,9.857,+2.2%,9.896,+0.4%,9.897,+0.0%,133.96,13.5,+2.6%,-1.6%,+1.7%,-11.6%
CDW,Extended,Technology,Information Technology,Technology Hardware & Equipmen,Adj,Dec,EPS,CY2026,10.289,10.512,+2.2%,10.603,+0.9%,10.575,-0.3%,133.96,12.7,+2.8%,-1.6%,+1.7%,-11.6%
CDW,Extended,Technology,Information Technology,Technology Hardware & Equipmen,Adj,Dec,EPS,CY2027,11.152,11.404,+2.3%,11.441,+0.3%,11.425,-0.1%,133.96,11.7,+2.4%,-1.6%,+1.7%,-11.6%
CDW,Extended,Technology,Information Technology,Technology Hardware & Equipmen,Adj,Dec,EPS,CY2028,,12.4,,12.82,+3.4%,12.665,-1.2%,133.96,10.6,,-1.6%,+1.7%,-11.6%
SNX,Extended,Technology,Information Technology,Technology Hardware & Equipmen,Adj,Nov,EPS,CY2025,11.798,13.091,+11.0%,13.094,+0.0%,13.094,+0.0%,214.32,16.4,+11.0%,+42.7%,+42.9%,+102.8%
SNX,Extended,Technology,Information Technology,Technology Hardware & Equipmen,Adj,Nov,EPS,CY2026,13.363,14.569,+9.0%,14.642,+0.5%,16.704,+14.1%,214.32,12.8,+25.0%,+42.7%,+42.9%,+102.8%
SNX,Extended,Technology,Information Technology,Technology Hardware & Equipmen,Adj,Nov,EPS,CY2027,15.148,16.069,+6.1%,16.115,+0.3%,18.035,+11.9%,214.32,11.9,+19.1%,+42.7%,+42.9%,+102.8%
SNX,Extended,Technology,Information Technology,Technology Hardware & Equipmen,Adj,Nov,EPS,CY2028,17.31,17.4,+0.5%,17.857,+2.6%,19.97,+11.8%,214.32,10.7,+15.4%,+42.7%,+42.9%,+102.8%
AVT,Extended,Technology,Information Technology,Technology Hardware & Equipmen,Adj,Jun,EPS,CY2025,3.405,3.367,-1.1%,3.367,+0.0%,3.367,+0.0%,73.85,21.9,-1.1%,+53.6%,+45.3%,+56.5%
AVT,Extended,Technology,Information Technology,Technology Hardware & Equipmen,Adj,Jun,EPS,CY2026,5.582,4.465,-20.0%,4.39,-1.7%,4.57,+4.1%,73.85,16.2,-18.1%,+53.6%,+45.3%,+56.5%
AVT,Extended,Technology,Information Technology,Technology Hardware & Equipmen,Adj,Jun,EPS,CY2027,6.54,6.228,-4.8%,6.22,-0.1%,6.542,+5.2%,73.85,11.3,+0.0%,+53.6%,+45.3%,+56.5%
AVT,Extended,Technology,Information Technology,Technology Hardware & Equipmen,Adj,Jun,EPS,CY2028,,7.205,,7.3,+1.3%,7.27,-0.4%,73.85,10.2,,+53.6%,+45.3%,+56.5%
ARW,Extended,Technology,Information Technology,Technology Hardware & Equipmen,Adj,Dec,EPS,CY2025,10.205,10.328,+1.2%,10.204,-1.2%,10.258,+0.5%,174.97,17.1,+0.5%,+58.8%,+48.0%,+71.2%
ARW,Extended,Technology,Information Technology,Technology Hardware & Equipmen,Adj,Dec,EPS,CY2026,15.025,14.264,-5.1%,11.876,-16.7%,13.762,+15.9%,174.97,12.7,-8.4%,+58.8%,+48.0%,+71.2%
ARW,Extended,Technology,Information Technology,Technology Hardware & Equipmen,Adj,Dec,EPS,CY2027,15.845,19.26,+21.6%,13.835,-28.2%,16.27,+17.6%,174.97,10.8,+2.7%,+58.8%,+48.0%,+71.2%
ARW,Extended,Technology,Information Technology,Technology Hardware & Equipmen,Adj,Dec,EPS,CY2028,,,,15.41,,17.27,+12.1%,174.97,10.1,,+58.8%,+48.0%,+71.2%
BA,Extended,Aerospace / defense,Industrials,Capital Goods,Adj,Dec,EPS,CY2025,-1.449,-6.894,-375.8%,-9.562,-38.7%,-9.499,+0.7%,223.38,-23.5,-555.6%,+2.9%,-9.8%,+38.0%
BA,Extended,Aerospace / defense,Industrials,Capital Goods,Adj,Dec,EPS,CY2026,3.632,3.084,-15.1%,1.964,-36.3%,-0.305,-115.5%,223.38,-732.4,-108.4%,+2.9%,-9.8%,+38.0%
BA,Extended,Aerospace / defense,Industrials,Capital Goods,Adj,Dec,EPS,CY2027,6.588,6.201,-5.9%,5.818,-6.2%,4.481,-23.0%,223.38,49.9,-32.0%,+2.9%,-9.8%,+38.0%
BA,Extended,Aerospace / defense,Industrials,Capital Goods,Adj,Dec,EPS,CY2028,7.691,8.2,+6.6%,8.101,-1.2%,7.995,-1.3%,223.38,27.9,+4.0%,+2.9%,-9.8%,+38.0%
AIR,Extended,Aerospace / defense,Industrials,Capital Goods,Adj,Dec,EPS,CY2025,6.547,6.519,-0.4%,6.372,-2.3%,6.357,-0.2%,179.48,28.2,-2.9%,-9.5%,-17.4%,+32.5%
AIR,Extended,Aerospace / defense,Industrials,Capital Goods,Adj,Dec,EPS,CY2026,8.068,7.994,-0.9%,7.786,-2.6%,7.32,-6.0%,179.48,24.5,-9.3%,-9.5%,-17.4%,+32.5%
AIR,Extended,Aerospace / defense,Industrials,Capital Goods,Adj,Dec,EPS,CY2027,9.561,9.508,-0.6%,9.361,-1.5%,8.574,-8.4%,179.48,20.9,-10.3%,-9.5%,-17.4%,+32.5%
AIR,Extended,Aerospace / defense,Industrials,Capital Goods,Adj,Dec,EPS,CY2028,11.323,11.358,+0.3%,11.472,+1.0%,10.395,-9.4%,179.48,17.3,-8.2%,-9.5%,-17.4%,+32.5%
SAF,Extended,Aerospace / defense,Industrials,Capital Goods,Adj,Dec,EPS,CY2025,7.869,8.193,+4.1%,8.278,+1.0%,8.421,+1.7%,315.3,37.4,+7.0%,+6.0%,-1.7%,+48.6%
SAF,Extended,Aerospace / defense,Industrials,Capital Goods,Adj,Dec,EPS,CY2026,9.99,10.536,+5.5%,10.529,-0.1%,10.009,-4.9%,315.3,31.5,+0.2%,+6.0%,-1.7%,+48.6%
SAF,Extended,Aerospace / defense,Industrials,Capital Goods,Adj,Dec,EPS,CY2027,11.313,12.024,+6.3%,12.136,+0.9%,12.342,+1.7%,315.3,25.5,+9.1%,+6.0%,-1.7%,+48.6%
SAF,Extended,Aerospace / defense,Industrials,Capital Goods,Adj,Dec,EPS,CY2028,12.642,13.52,+6.9%,13.519,-0.0%,14.108,+4.4%,315.3,22.3,+11.6%,+6.0%,-1.7%,+48.6%
RTX,Extended,Aerospace / defense,Industrials,Capital Goods,GAAP,Dec,EPS,CY2025,4.914,4.876,-0.8%,4.888,+0.2%,4.874,-0.3%,196.42,40.3,-0.8%,+7.1%,-2.7%,+52.4%
RTX,Extended,Aerospace / defense,Industrials,Capital Goods,GAAP,Dec,EPS,CY2026,5.665,5.628,-0.7%,5.58,-0.9%,5.748,+3.0%,196.42,34.2,+1.5%,+7.1%,-2.7%,+52.4%
RTX,Extended,Aerospace / defense,Industrials,Capital Goods,GAAP,Dec,EPS,CY2027,6.425,6.507,+1.3%,6.418,-1.4%,6.541,+1.9%,196.42,30.0,+1.8%,+7.1%,-2.7%,+52.4%
RTX,Extended,Aerospace / defense,Industrials,Capital Goods,GAAP,Dec,EPS,CY2028,6.923,6.952,+0.4%,6.97,+0.3%,7.322,+5.1%,196.42,26.8,+5.8%,+7.1%,-2.7%,+52.4%
LMT,Extended,Aerospace / defense,Industrials,Capital Goods,Adj,Dec,EPS,CY2025,27.322,22.138,-19.0%,21.903,-1.1%,21.683,-1.0%,592.19,27.3,-20.6%,+22.4%,+1.7%,+27.6%
LMT,Extended,Aerospace / defense,Industrials,Capital Goods,Adj,Dec,EPS,CY2026,29.772,29.03,-2.5%,29.045,+0.1%,29.81,+2.6%,592.19,19.9,+0.1%,+22.4%,+1.7%,+27.6%
LMT,Extended,Aerospace / defense,Industrials,Capital Goods,Adj,Dec,EPS,CY2027,31.621,31.365,-0.8%,31.063,-1.0%,32.013,+3.1%,592.19,18.5,+1.2%,+22.4%,+1.7%,+27.6%
LMT,Extended,Aerospace / defense,Industrials,Capital Goods,Adj,Dec,EPS,CY2028,32.606,33.044,+1.3%,32.585,-1.4%,34.12,+4.7%,592.19,17.4,+4.6%,+22.4%,+1.7%,+27.6%
GD,Extended,Aerospace / defense,Industrials,Capital Goods,Adj,Dec,EPS,CY2025,14.848,15.245,+2.7%,15.373,+0.8%,15.379,+0.0%,336.29,21.9,+3.6%,-0.1%,-8.5%,+21.8%
GD,Extended,Aerospace / defense,Industrials,Capital Goods,Adj,Dec,EPS,CY2026,16.75,17.078,+2.0%,17.215,+0.8%,16.27,-5.5%,336.29,20.7,-2.9%,-0.1%,-8.5%,+21.8%
GD,Extended,Aerospace / defense,Industrials,Capital Goods,Adj,Dec,EPS,CY2027,18.215,18.617,+2.2%,18.916,+1.6%,17.926,-5.2%,336.29,18.8,-1.6%,-0.1%,-8.5%,+21.8%
GD,Extended,Aerospace / defense,Industrials,Capital Goods,Adj,Dec,EPS,CY2028,19.831,20.238,+2.1%,20.558,+1.6%,19.509,-5.1%,336.29,17.2,-1.6%,-0.1%,-8.5%,+21.8%
NOC,Extended,Aerospace / defense,Industrials,Capital Goods,Adj,Dec,EPS,CY2025,28.118,25.373,-9.8%,26.014,+2.5%,26.05,+0.1%,665.26,25.5,-7.4%,+16.7%,-0.2%,+23.1%
NOC,Extended,Aerospace / defense,Industrials,Capital Goods,Adj,Dec,EPS,CY2026,29.023,28.956,-0.2%,28.96,+0.0%,28.031,-3.2%,665.26,23.7,-3.4%,+16.7%,-0.2%,+23.1%
NOC,Extended,Aerospace / defense,Industrials,Capital Goods,Adj,Dec,EPS,CY2027,31.273,31.366,+0.3%,31.579,+0.7%,30.054,-4.8%,665.26,22.1,-3.9%,+16.7%,-0.2%,+23.1%
NOC,Extended,Aerospace / defense,Industrials,Capital Goods,Adj,Dec,EPS,CY2028,33.61,33.621,+0.0%,33.704,+0.2%,32.504,-3.6%,665.26,20.5,-3.3%,+16.7%,-0.2%,+23.1%
MOG/A,Extended,Aerospace / defense,Industrials,Capital Goods,Adj,Sep,EPS,CY2025,8.138,8.243,+1.3%,8.243,+0.0%,8.243,+0.0%,322.75,39.2,+1.3%,+32.5%,+11.0%,+96.0%
MOG/A,Extended,Aerospace / defense,Industrials,Capital Goods,Adj,Sep,EPS,CY2026,9.498,9.683,+1.9%,9.935,+2.6%,10.193,+2.6%,322.75,31.7,+7.3%,+32.5%,+11.0%,+96.0%
MOG/A,Extended,Aerospace / defense,Industrials,Capital Goods,Adj,Sep,EPS,CY2027,10.747,10.7,-0.4%,11.145,+4.2%,11.587,+4.0%,322.75,27.9,+7.8%,+32.5%,+11.0%,+96.0%
MOG/A,Extended,Aerospace / defense,Industrials,Capital Goods,Adj,Sep,EPS,CY2028,14.6,15.01,+2.8%,14.3,-4.7%,12.35,-13.6%,322.75,26.1,-15.4%,+32.5%,+11.0%,+96.0%
HEI,Extended,Aerospace / defense,Industrials,Capital Goods,Adj,Oct,EPS,CY2025,4.448,4.773,+7.3%,4.782,+0.2%,4.782,+0.0%,291.57,61.0,+7.5%,-9.9%,-17.3%,+19.1%
HEI,Extended,Aerospace / defense,Industrials,Capital Goods,Adj,Oct,EPS,CY2026,4.962,5.366,+8.1%,5.502,+2.5%,5.637,+2.5%,291.57,51.7,+13.6%,-9.9%,-17.3%,+19.1%
HEI,Extended,Aerospace / defense,Industrials,Capital Goods,Adj,Oct,EPS,CY2027,5.586,5.989,+7.2%,6.184,+3.3%,6.308,+2.0%,291.57,46.2,+12.9%,-9.9%,-17.3%,+19.1%
HEI,Extended,Aerospace / defense,Industrials,Capital Goods,Adj,Oct,EPS,CY2028,6.243,6.695,+7.2%,7.036,+5.1%,7.12,+1.2%,291.57,41.0,+14.0%,-9.9%,-17.3%,+19.1%
RR/,Extended,Aerospace / defense,Industrials,Capital Goods,Adj,Dec,EPS,CY2025,0.239,0.289,+20.9%,0.287,-0.7%,0.295,+2.8%,1310.6,44.4,+23.4%,+14.0%,+2.0%,+83.5%
RR/,Extended,Aerospace / defense,Industrials,Capital Goods,Adj,Dec,EPS,CY2026,0.281,0.323,+14.9%,0.325,+0.6%,0.365,+12.3%,1310.6,35.9,+29.9%,+14.0%,+2.0%,+83.5%
RR/,Extended,Aerospace / defense,Industrials,Capital Goods,Adj,Dec,EPS,CY2027,0.326,0.367,+12.6%,0.37,+0.8%,0.426,+15.1%,1310.6,30.8,+30.7%,+14.0%,+2.0%,+83.5%
RR/,Extended,Aerospace / defense,Industrials,Capital Goods,Adj,Dec,EPS,CY2028,0.367,0.411,+12.0%,0.406,-1.2%,0.515,+26.8%,1310.6,25.4,+40.3%,+14.0%,+2.0%,+83.5%
CRS,Extended,Aerospace / defense,Industrials,Capital Goods,Adj,Jun,EPS,CY2025,7.13,7.263,+1.9%,7.263,+0.0%,7.263,+0.0%,445.69,61.4,+1.9%,+41.6%,+32.9%,+161.8%
CRS,Extended,Aerospace / defense,Industrials,Capital Goods,Adj,Jun,EPS,CY2026,8.76,9.622,+9.8%,10.132,+5.3%,10.271,+1.4%,445.69,43.4,+17.2%,+41.6%,+32.9%,+161.8%
CRS,Extended,Aerospace / defense,Industrials,Capital Goods,Adj,Jun,EPS,CY2027,10.812,11.003,+1.8%,11.96,+8.7%,12.143,+1.5%,445.69,36.7,+12.3%,+41.6%,+32.9%,+161.8%
CRS,Extended,Aerospace / defense,Industrials,Capital Goods,Adj,Jun,EPS,CY2028,12.61,12.173,-3.5%,13.485,+10.8%,14.3,+6.0%,445.69,31.2,+13.4%,+41.6%,+32.9%,+161.8%
HWM,Extended,Aerospace / defense,Industrials,Capital Goods,Adj,Dec,EPS,CY2025,3.268,3.632,+11.1%,3.697,+1.8%,3.697,+0.0%,255.69,69.2,+13.1%,+24.7%,+13.7%,+107.5%
HWM,Extended,Aerospace / defense,Industrials,Capital Goods,Adj,Dec,EPS,CY2026,3.915,4.321,+10.4%,4.464,+3.3%,4.641,+4.0%,255.69,55.1,+18.5%,+24.7%,+13.7%,+107.5%
HWM,Extended,Aerospace / defense,Industrials,Capital Goods,Adj,Dec,EPS,CY2027,4.545,5.056,+11.2%,5.23,+3.4%,5.572,+6.5%,255.69,45.9,+22.6%,+24.7%,+13.7%,+107.5%
HWM,Extended,Aerospace / defense,Industrials,Capital Goods,Adj,Dec,EPS,CY2028,5.109,5.773,+13.0%,6.065,+5.1%,6.467,+6.6%,255.69,39.5,+26.6%,+24.7%,+13.7%,+107.5%
WWD,Extended,Aerospace / defense,Industrials,Capital Goods,Adj,Sep,EPS,CY2025,6.108,6.64,+8.7%,6.685,+0.7%,6.685,+0.0%,394.83,59.1,+9.4%,+30.6%,+18.5%,+133.4%
WWD,Extended,Aerospace / defense,Industrials,Capital Goods,Adj,Sep,EPS,CY2026,7.249,7.831,+8.0%,8.038,+2.6%,8.764,+9.0%,394.83,45.1,+20.9%,+30.6%,+18.5%,+133.4%
WWD,Extended,Aerospace / defense,Industrials,Capital Goods,Adj,Sep,EPS,CY2027,8.382,9.078,+8.3%,9.477,+4.4%,10.228,+7.9%,394.83,38.6,+22.0%,+30.6%,+18.5%,+133.4%
WWD,Extended,Aerospace / defense,Industrials,Capital Goods,Adj,Sep,EPS,CY2028,8.12,9.607,+18.3%,11.147,+16.0%,12.039,+8.0%,394.83,32.8,+48.3%,+30.6%,+18.5%,+133.4%
HXL,Extended,Aerospace / defense,Industrials,Capital Goods,Adj,Dec,EPS,CY2025,2.117,1.845,-12.8%,1.699,-7.9%,1.696,-0.2%,88.76,52.3,-19.9%,+20.1%,+7.5%,+70.4%
HXL,Extended,Aerospace / defense,Industrials,Capital Goods,Adj,Dec,EPS,CY2026,2.788,2.538,-9.0%,2.248,-11.4%,2.222,-1.2%,88.76,39.9,-20.3%,+20.1%,+7.5%,+70.4%
HXL,Extended,Aerospace / defense,Industrials,Capital Goods,Adj,Dec,EPS,CY2027,3.334,3.254,-2.4%,3.283,+0.9%,3.17,-3.4%,88.76,28.0,-4.9%,+20.1%,+7.5%,+70.4%
HXL,Extended,Aerospace / defense,Industrials,Capital Goods,Adj,Dec,EPS,CY2028,4.11,4.04,-1.7%,3.961,-2.0%,3.828,-3.4%,88.76,23.2,-6.9%,+20.1%,+7.5%,+70.4%
AL,Extended,Aerospace / defense,Industrials,Capital Goods,Adj,Dec,EPS,CY2025,5.548,5.94,+7.1%,5.94,+0.0%,8.91,+50.0%,65.0,7.3,+60.6%,+1.2%,+1.1%,+53.2%
AL,Extended,Aerospace / defense,Industrials,Capital Goods,Adj,Dec,EPS,CY2026,7.302,7.08,-3.0%,7.195,+1.6%,7.2,+0.1%,65.0,9.0,-1.4%,+1.2%,+1.1%,+53.2%
AL,Extended,Aerospace / defense,Industrials,Capital Goods,Adj,Dec,EPS,CY2027,8.25,8.41,+1.9%,8.17,-2.9%,8.04,-1.6%,65.0,8.1,-2.5%,+1.2%,+1.1%,+53.2%
AL,Extended,Aerospace / defense,Industrials,Capital Goods,Adj,Dec,EPS,CY2028,,,,8.88,,8.55,-3.7%,65.0,7.6,,+1.2%,+1.1%,+53.2%
2588,Extended,Aerospace / defense,Industrials,Capital Goods,Adj,Dec,EPS,CY2025,1.033,1.018,-1.5%,1.036,+1.8%,1.045,+0.9%,82.1,78.6,+1.2%,+12.8%,+0.7%,+43.4%
2588,Extended,Aerospace / defense,Industrials,Capital Goods,Adj,Dec,EPS,CY2026,1.152,1.16,+0.7%,1.175,+1.3%,1.214,+3.3%,82.1,67.6,+5.4%,+12.8%,+0.7%,+43.4%
2588,Extended,Aerospace / defense,Industrials,Capital Goods,Adj,Dec,EPS,CY2027,1.24,1.281,+3.3%,1.286,+0.4%,1.347,+4.7%,82.1,61.0,+8.6%,+12.8%,+0.7%,+43.4%
2588,Extended,Aerospace / defense,Industrials,Capital Goods,Adj,Dec,EPS,CY2028,,,,,,1.498,,82.1,54.8,,+12.8%,+0.7%,+43.4%
FDS,Extended,Data / Information Svc,Financials,Financial Services,Adj,Aug,EPS,CY2025,17.077,17.095,+0.1%,17.095,+0.0%,17.095,+0.0%,232.73,13.6,+0.1%,-19.8%,-19.4%,-45.5%
FDS,Extended,Data / Information Svc,Financials,Financial Services,Adj,Aug,EPS,CY2026,18.351,17.32,-5.6%,17.531,+1.2%,17.703,+1.0%,232.73,13.1,-3.5%,-19.8%,-19.4%,-45.5%
FDS,Extended,Data / Information Svc,Financials,Financial Services,Adj,Aug,EPS,CY2027,19.926,18.784,-5.7%,19.037,+1.3%,19.464,+2.2%,232.73,12.0,-2.3%,-19.8%,-19.4%,-45.5%
FDS,Extended,Data / Information Svc,Financials,Financial Services,Adj,Aug,EPS,CY2028,21.971,20.246,-7.9%,20.814,+2.8%,21.417,+2.9%,232.73,10.9,-2.5%,-19.8%,-19.4%,-45.5%
EXPN,Extended,Data / Information Svc,Industrials,Commercial & Professional Serv,Adj,Mar,EPS,CY2025,1.751,1.759,+0.5%,1.781,+1.3%,1.782,+0.1%,2865.5,16.1,+1.8%,-14.8%,-13.1%,-16.8%
EXPN,Extended,Data / Information Svc,Industrials,Commercial & Professional Serv,Adj,Mar,EPS,CY2026,1.964,1.987,+1.2%,2.021,+1.7%,2.019,-0.1%,2865.5,14.2,+2.8%,-14.8%,-13.1%,-16.8%
EXPN,Extended,Data / Information Svc,Industrials,Commercial & Professional Serv,Adj,Mar,EPS,CY2027,2.25,2.238,-0.5%,2.292,+2.4%,2.293,+0.0%,2865.5,12.5,+1.9%,-14.8%,-13.1%,-16.8%
EXPN,Extended,Data / Information Svc,Industrials,Commercial & Professional Serv,Adj,Mar,EPS,CY2028,2.53,2.494,-1.4%,2.58,+3.4%,2.568,-0.5%,2865.5,11.2,+1.5%,-14.8%,-13.1%,-16.8%
EFX,Extended,Data / Information Svc,Industrials,Commercial & Professional Serv,Adj,Dec,EPS,CY2025,7.477,7.543,+0.9%,7.613,+0.9%,7.618,+0.1%,196.22,25.8,+1.9%,-9.6%,-10.6%,-11.3%
EFX,Extended,Data / Information Svc,Industrials,Commercial & Professional Serv,Adj,Dec,EPS,CY2026,9.27,8.969,-3.2%,8.752,-2.4%,8.569,-2.1%,196.22,22.9,-7.6%,-9.6%,-10.6%,-11.3%
EFX,Extended,Data / Information Svc,Industrials,Commercial & Professional Serv,Adj,Dec,EPS,CY2027,11.862,10.88,-8.3%,10.562,-2.9%,10.286,-2.6%,196.22,19.1,-13.3%,-9.6%,-10.6%,-11.3%
EFX,Extended,Data / Information Svc,Industrials,Commercial & Professional Serv,Adj,Dec,EPS,CY2028,14.135,12.834,-9.2%,12.531,-2.4%,12.327,-1.6%,196.22,15.9,-12.8%,-9.6%,-10.6%,-11.3%
TRU,Extended,Data / Information Svc,Industrials,Commercial & Professional Serv,Adj,Dec,EPS,CY2025,4.075,4.188,+2.8%,4.242,+1.3%,4.24,-0.0%,78.25,18.5,+4.0%,-8.7%,-9.2%,+7.4%
TRU,Extended,Data / Information Svc,Industrials,Commercial & Professional Serv,Adj,Dec,EPS,CY2026,4.776,4.832,+1.2%,4.854,+0.5%,4.759,-2.0%,78.25,16.4,-0.4%,-8.7%,-9.2%,+7.4%
TRU,Extended,Data / Information Svc,Industrials,Commercial & Professional Serv,Adj,Dec,EPS,CY2027,5.621,5.608,-0.2%,5.621,+0.2%,5.485,-2.4%,78.25,14.3,-2.4%,-8.7%,-9.2%,+7.4%
TRU,Extended,Data / Information Svc,Industrials,Commercial & Professional Serv,Adj,Dec,EPS,CY2028,6.54,6.29,-3.8%,6.449,+2.5%,6.39,-0.9%,78.25,12.2,-2.3%,-8.7%,-9.2%,+7.4%
ADP,Extended,Data / Information Svc,Industrials,Commercial & Professional Serv,Adj,Jun,EPS,CY2025,9.944,9.975,+0.3%,9.975,+0.0%,9.975,+0.0%,200.47,20.1,+0.3%,-22.1%,-23.0%,-31.6%
ADP,Extended,Data / Information Svc,Industrials,Commercial & Professional Serv,Adj,Jun,EPS,CY2026,10.865,10.915,+0.5%,10.913,-0.0%,10.963,+0.5%,200.47,18.3,+0.9%,-22.1%,-23.0%,-31.6%
ADP,Extended,Data / Information Svc,Industrials,Commercial & Professional Serv,Adj,Jun,EPS,CY2027,11.82,11.945,+1.1%,11.927,-0.2%,11.956,+0.2%,200.47,16.8,+1.2%,-22.1%,-23.0%,-31.6%
ADP,Extended,Data / Information Svc,Industrials,Commercial & Professional Serv,Adj,Jun,EPS,CY2028,12.63,13.055,+3.4%,13.021,-0.3%,12.953,-0.5%,200.47,15.5,+2.6%,-22.1%,-23.0%,-31.6%
PAYX,Extended,Data / Information Svc,Industrials,Commercial & Professional Serv,Adj,May,EPS,CY2025,4.993,4.996,+0.1%,4.996,+0.0%,4.996,+0.0%,91.96,18.4,+0.1%,-18.0%,-17.3%,-36.5%
PAYX,Extended,Data / Information Svc,Industrials,Commercial & Professional Serv,Adj,May,EPS,CY2026,5.294,5.438,+2.7%,5.485,+0.9%,5.5,+0.3%,91.96,16.7,+3.9%,-18.0%,-17.3%,-36.5%
PAYX,Extended,Data / Information Svc,Industrials,Commercial & Professional Serv,Adj,May,EPS,CY2027,5.673,5.863,+3.3%,5.914,+0.9%,5.917,+0.1%,91.96,15.5,+4.3%,-18.0%,-17.3%,-36.5%
PAYX,Extended,Data / Information Svc,Industrials,Commercial & Professional Serv,Adj,May,EPS,CY2028,5.75,6.206,+7.9%,6.255,+0.8%,6.264,+0.1%,91.96,14.7,+8.9%,-18.0%,-17.3%,-36.5%
PAYC,Extended,Data / Information Svc,Industrials,Commercial & Professional Serv,Adj,Dec,EPS,CY2025,8.688,9.277,+6.8%,9.255,-0.2%,9.269,+0.2%,126.93,13.7,+6.7%,-20.4%,-14.5%,-41.5%
PAYC,Extended,Data / Information Svc,Industrials,Commercial & Professional Serv,Adj,Dec,EPS,CY2026,9.675,10.087,+4.3%,10.066,-0.2%,10.495,+4.3%,126.93,12.1,+8.5%,-20.4%,-14.5%,-41.5%
PAYC,Extended,Data / Information Svc,Industrials,Commercial & Professional Serv,Adj,Dec,EPS,CY2027,11.039,11.231,+1.7%,11.255,+0.2%,11.652,+3.5%,126.93,10.9,+5.6%,-20.4%,-14.5%,-41.5%
PAYC,Extended,Data / Information Svc,Industrials,Commercial & Professional Serv,Adj,Dec,EPS,CY2028,11.99,13.02,+8.6%,12.918,-0.8%,12.755,-1.3%,126.93,10.0,+6.4%,-20.4%,-14.5%,-41.5%
MKTX,Extended,Data / Information Svc,Financials,Financial Services,Adj,Dec,EPS,CY2025,7.559,7.055,-6.7%,7.266,+3.0%,7.143,-1.7%,169.0,23.7,-5.5%,-6.8%,-4.0%,-24.9%
MKTX,Extended,Data / Information Svc,Financials,Financial Services,Adj,Dec,EPS,CY2026,8.568,8.104,-5.4%,8.154,+0.6%,8.231,+0.9%,169.0,20.5,-3.9%,-6.8%,-4.0%,-24.9%
MKTX,Extended,Data / Information Svc,Financials,Financial Services,Adj,Dec,EPS,CY2027,9.952,9.198,-7.6%,9.042,-1.7%,9.067,+0.3%,169.0,18.6,-8.9%,-6.8%,-4.0%,-24.9%
MKTX,Extended,Data / Information Svc,Financials,Financial Services,Adj,Dec,EPS,CY2028,11.18,10.403,-6.9%,10.3,-1.0%,10.248,-0.5%,169.0,16.5,-8.3%,-6.8%,-4.0%,-24.9%
VRSK,Extended,Data / Information Svc,Industrials,Commercial & Professional Serv,Adj,Dec,EPS,CY2025,7.022,7.003,-0.3%,6.941,-0.9%,6.948,+0.1%,178.07,25.6,-1.1%,-20.4%,-19.2%,-39.2%
VRSK,Extended,Data / Information Svc,Industrials,Commercial & Professional Serv,Adj,Dec,EPS,CY2026,7.88,7.873,-0.1%,7.698,-2.2%,7.654,-0.6%,178.07,23.3,-2.9%,-20.4%,-19.2%,-39.2%
VRSK,Extended,Data / Information Svc,Industrials,Commercial & Professional Serv,Adj,Dec,EPS,CY2027,8.773,8.838,+0.7%,8.612,-2.6%,8.64,+0.3%,178.07,20.6,-1.5%,-20.4%,-19.2%,-39.2%
VRSK,Extended,Data / Information Svc,Industrials,Commercial & Professional Serv,Adj,Dec,EPS,CY2028,9.902,9.867,-0.4%,10.73,+8.7%,9.72,-9.4%,178.07,18.3,-1.8%,-20.4%,-19.2%,-39.2%
EXPE,Extended,Travel / tourism,Consumer Discretionary,Consumer Services,Adj,Dec,EPS,CY2025,14.285,14.338,+0.4%,15.234,+6.2%,15.43,+1.3%,265.84,17.2,+8.0%,-6.2%,-6.8%,+75.9%
EXPE,Extended,Travel / tourism,Consumer Discretionary,Consumer Services,Adj,Dec,EPS,CY2026,16.921,16.971,+0.3%,18.348,+8.1%,19.462,+6.1%,265.84,13.7,+15.0%,-6.2%,-6.8%,+75.9%
EXPE,Extended,Travel / tourism,Consumer Discretionary,Consumer Services,Adj,Dec,EPS,CY2027,19.131,20.112,+5.1%,21.614,+7.5%,22.875,+5.8%,265.84,11.6,+19.6%,-6.2%,-6.8%,+75.9%
EXPE,Extended,Travel / tourism,Consumer Discretionary,Consumer Services,Adj,Dec,EPS,CY2028,23.378,23.56,+0.8%,25.721,+9.2%,26.684,+3.7%,265.84,10.0,+14.1%,-6.2%,-6.8%,+75.9%
TRIP,Extended,Travel / tourism,Communication Services,Media & Entertainment,Adj,Dec,EPS,CY2025,1.363,1.376,+1.0%,1.385,+0.7%,1.381,-0.3%,11.39,8.2,+1.3%,-21.8%,-14.2%,-2.8%
TRIP,Extended,Travel / tourism,Communication Services,Media & Entertainment,Adj,Dec,EPS,CY2026,1.606,1.806,+12.5%,1.756,-2.8%,1.44,-18.0%,11.39,7.9,-10.3%,-21.8%,-14.2%,-2.8%
TRIP,Extended,Travel / tourism,Communication Services,Media & Entertainment,Adj,Dec,EPS,CY2027,2.104,2.883,+37.0%,2.235,-22.5%,1.749,-21.7%,11.39,6.5,-16.9%,-21.8%,-14.2%,-2.8%
TRIP,Extended,Travel / tourism,Communication Services,Media & Entertainment,Adj,Dec,EPS,CY2028,3.096,4.597,+48.5%,3.267,-28.9%,2.54,-22.3%,11.39,4.5,-18.0%,-21.8%,-14.2%,-2.8%
UHAL,Extended,Travel / tourism,Industrials,Transportation,Adj,Mar,EPS,CY2025,,0.7,,0.64,-8.6%,0.423,-33.9%,52.63,124.4,,+4.4%,-8.5%,-13.2%
UHAL,Extended,Travel / tourism,Industrials,Transportation,Adj,Mar,EPS,CY2026,,0.72,,1.165,+61.8%,0.997,-14.4%,52.63,52.8,,+4.4%,-8.5%,-13.2%
UHAL,Extended,Travel / tourism,Industrials,Transportation,Adj,Mar,EPS,CY2027,,,,,,,,52.63,,,+4.4%,-8.5%,-13.2%
UHAL,Extended,Travel / tourism,Industrials,Transportation,Adj,Mar,EPS,CY2028,,,,,,,,52.63,,,+4.4%,-8.5%,-13.2%
MGM,Extended,Travel / tourism,Consumer Discretionary,Consumer Services,Adj,Dec,EPS,CY2025,2.245,2.323,+3.5%,2.221,-4.4%,2.219,-0.1%,38.59,17.4,-1.2%,+5.8%,+10.3%,+33.5%
MGM,Extended,Travel / tourism,Consumer Discretionary,Consumer Services,Adj,Dec,EPS,CY2026,2.73,2.456,-10.0%,1.962,-20.1%,1.873,-4.5%,38.59,20.6,-31.4%,+5.8%,+10.3%,+33.5%
MGM,Extended,Travel / tourism,Consumer Discretionary,Consumer Services,Adj,Dec,EPS,CY2027,3.196,3.045,-4.7%,2.459,-19.2%,2.386,-3.0%,38.59,16.2,-25.3%,+5.8%,+10.3%,+33.5%
MGM,Extended,Travel / tourism,Consumer Discretionary,Consumer Services,Adj,Dec,EPS,CY2028,3.6,3.555,-1.2%,3.123,-12.2%,2.792,-10.6%,38.59,13.8,-22.4%,+5.8%,+10.3%,+33.5%
WYNN,Extended,Travel / tourism,Consumer Discretionary,Consumer Services,Adj,Dec,EPS,CY2025,5.357,4.806,-10.3%,4.514,-6.1%,4.518,+0.1%,109.19,24.2,-15.7%,-9.3%,-4.5%,+46.0%
WYNN,Extended,Travel / tourism,Consumer Discretionary,Consumer Services,Adj,Dec,EPS,CY2026,5.591,5.909,+5.7%,5.832,-1.3%,5.102,-12.5%,109.19,21.4,-8.7%,-9.3%,-4.5%,+46.0%
WYNN,Extended,Travel / tourism,Consumer Discretionary,Consumer Services,Adj,Dec,EPS,CY2027,6.618,6.475,-2.2%,6.213,-4.0%,5.789,-6.8%,109.19,18.9,-12.5%,-9.3%,-4.5%,+46.0%
WYNN,Extended,Travel / tourism,Consumer Discretionary,Consumer Services,Adj,Dec,EPS,CY2028,7.92,8.725,+10.2%,7.883,-9.7%,6.881,-12.7%,109.19,15.9,-13.1%,-9.3%,-4.5%,+46.0%
H,Extended,Travel / tourism,Consumer Discretionary,Consumer Services,Adj,Dec,EPS,CY2025,2.9,2.266,-21.9%,1.407,-37.9%,1.329,-5.5%,172.48,129.8,-54.2%,+7.6%,+2.7%,+62.9%
H,Extended,Travel / tourism,Consumer Discretionary,Consumer Services,Adj,Dec,EPS,CY2026,4.008,3.763,-6.1%,3.618,-3.9%,3.26,-9.9%,172.48,52.9,-18.7%,+7.6%,+2.7%,+62.9%
H,Extended,Travel / tourism,Consumer Discretionary,Consumer Services,Adj,Dec,EPS,CY2027,5.092,4.969,-2.4%,4.655,-6.3%,4.632,-0.5%,172.48,37.2,-9.0%,+7.6%,+2.7%,+62.9%
H,Extended,Travel / tourism,Consumer Discretionary,Consumer Services,Adj,Dec,EPS,CY2028,7.523,7.153,-4.9%,6.435,-10.0%,5.698,-11.5%,172.48,30.3,-24.3%,+7.6%,+2.7%,+62.9%
IHG,Extended,Travel / tourism,Consumer Discretionary,Consumer Services,Adj,Dec,EPS,CY2025,4.951,5.103,+3.1%,4.991,-2.2%,4.984,-0.1%,147.35,0.3,+0.7%,+4.7%,+6.7%,+46.4%
IHG,Extended,Travel / tourism,Consumer Discretionary,Consumer Services,Adj,Dec,EPS,CY2026,5.617,5.654,+0.7%,5.627,-0.5%,5.684,+1.0%,147.35,0.3,+1.2%,+4.7%,+6.7%,+46.4%
IHG,Extended,Travel / tourism,Consumer Discretionary,Consumer Services,Adj,Dec,EPS,CY2027,6.312,6.352,+0.6%,6.324,-0.4%,6.435,+1.8%,147.35,0.2,+1.9%,+4.7%,+6.7%,+46.4%
IHG,Extended,Travel / tourism,Consumer Discretionary,Consumer Services,Adj,Dec,EPS,CY2028,6.949,7.641,+10.0%,7.19,-5.9%,7.328,+1.9%,147.35,0.2,+5.5%,+4.7%,+6.7%,+46.4%
AMS,Extended,Travel / tourism,Consumer Discretionary,Consumer Services,Adj,Dec,EPS,CY2025,3.268,3.138,-4.0%,3.126,-0.4%,3.123,-0.1%,54.5,17.5,-4.4%,-13.3%,-10.2%,-19.9%
AMS,Extended,Travel / tourism,Consumer Discretionary,Consumer Services,Adj,Dec,EPS,CY2026,3.687,3.49,-5.3%,3.483,-0.2%,3.383,-2.9%,54.5,16.1,-8.2%,-13.3%,-10.2%,-19.9%
AMS,Extended,Travel / tourism,Consumer Discretionary,Consumer Services,Adj,Dec,EPS,CY2027,4.145,3.893,-6.1%,3.86,-0.8%,3.771,-2.3%,54.5,14.5,-9.0%,-13.3%,-10.2%,-19.9%
AMS,Extended,Travel / tourism,Consumer Discretionary,Consumer Services,Adj,Dec,EPS,CY2028,4.578,4.335,-5.3%,4.229,-2.4%,4.203,-0.6%,54.5,13.0,-8.2%,-13.3%,-10.2%,-19.9%
SABR,Extended,Travel / tourism,Consumer Discretionary,Consumer Services,Adj,Dec,EPS,CY2025,0.149,0.013,-91.3%,-0.064,-592.3%,-0.065,-1.6%,1.89,-29.1,-143.6%,+39.0%,+47.7%,-6.9%
SABR,Extended,Travel / tourism,Consumer Discretionary,Consumer Services,Adj,Dec,EPS,CY2026,0.284,0.229,-19.4%,0.175,-23.6%,0.019,-89.1%,1.89,99.5,-93.3%,+39.0%,+47.7%,-6.9%
SABR,Extended,Travel / tourism,Consumer Discretionary,Consumer Services,Adj,Dec,EPS,CY2027,0.324,0.272,-16.0%,0.193,-29.0%,0.176,-8.8%,1.89,10.7,-45.7%,+39.0%,+47.7%,-6.9%
SABR,Extended,Travel / tourism,Consumer Discretionary,Consumer Services,Adj,Dec,EPS,CY2028,0.467,0.323,-30.8%,0.37,+14.6%,0.198,-46.5%,1.89,9.5,-57.6%,+39.0%,+47.7%,-6.9%
EFN,Extended,Travel / tourism,Industrials,Commercial & Professional Serv,Adj,Dec,EPS,CY2025,1.215,1.24,+2.1%,1.245,+0.4%,1.245,+0.0%,32.73,26.3,+2.5%,-9.2%,-5.1%,+8.8%
EFN,Extended,Travel / tourism,Industrials,Commercial & Professional Serv,Adj,Dec,EPS,CY2026,,1.422,,1.417,-0.4%,1.417,+0.0%,32.73,23.1,,-9.2%,-5.1%,+8.8%
EFN,Extended,Travel / tourism,Industrials,Commercial & Professional Serv,Adj,Dec,EPS,CY2027,,1.618,,1.56,-3.6%,1.568,+0.5%,32.73,20.9,,-9.2%,-5.1%,+8.8%
EFN,Extended,Travel / tourism,Industrials,Commercial & Professional Serv,Adj,Dec,EPS,CY2028,,,,,,,,32.73,,,-9.2%,-5.1%,+8.8%
CAR,Extended,Travel / tourism,Industrials,Transportation,Adj,Dec,EPS,CY2025,8.594,6.77,-21.2%,0.389,-94.3%,0.259,-33.4%,493.86,1906.8,-97.0%,+284.9%,+293.1%,+483.8%
CAR,Extended,Travel / tourism,Industrials,Transportation,Adj,Dec,EPS,CY2026,13.72,10.78,-21.4%,9.576,-11.2%,3.704,-61.3%,493.86,133.3,-73.0%,+284.9%,+293.1%,+483.8%
CAR,Extended,Travel / tourism,Industrials,Transportation,Adj,Dec,EPS,CY2027,10.5,11.12,+5.9%,10.512,-5.5%,7.77,-26.1%,493.86,63.6,-26.0%,+284.9%,+293.1%,+483.8%
CAR,Extended,Travel / tourism,Industrials,Transportation,Adj,Dec,EPS,CY2028,,21.83,,21.83,+0.0%,8.3,-62.0%,493.86,59.5,,+284.9%,+293.1%,+483.8%
HTZ,Extended,Travel / tourism,Industrials,Transportation,Adj,Dec,EPS,CY2025,-1.335,-1.998,-49.7%,-1.896,+5.1%,-1.896,+0.0%,7.43,-3.9,-42.0%,+44.6%,+33.0%,-9.8%
HTZ,Extended,Travel / tourism,Industrials,Transportation,Adj,Dec,EPS,CY2026,-0.149,-0.593,-298.0%,-0.484,+18.4%,-0.724,-49.6%,7.43,-10.3,-385.9%,+44.6%,+33.0%,-9.8%
HTZ,Extended,Travel / tourism,Industrials,Transportation,Adj,Dec,EPS,CY2027,,0.063,,0.173,+174.6%,0.136,-21.4%,7.43,54.6,,+44.6%,+33.0%,-9.8%
HTZ,Extended,Travel / tourism,Industrials,Transportation,Adj,Dec,EPS,CY2028,,0.22,,0.19,-13.6%,0.257,+35.3%,7.43,28.9,,+44.6%,+33.0%,-9.8%
DAL,Extended,Travel / tourism,Industrials,Transportation,Adj,Dec,EPS,CY2025,5.338,6.032,+13.0%,5.801,-3.8%,5.801,+0.0%,71.72,12.4,+8.7%,+3.3%,+1.8%,+75.6%
DAL,Extended,Travel / tourism,Industrials,Transportation,Adj,Dec,EPS,CY2026,6.62,7.085,+7.0%,7.126,+0.6%,5.564,-21.9%,71.72,12.9,-16.0%,+3.3%,+1.8%,+75.6%
DAL,Extended,Travel / tourism,Industrials,Transportation,Adj,Dec,EPS,CY2027,7.691,7.982,+3.8%,8.119,+1.7%,7.834,-3.5%,71.72,9.2,+1.9%,+3.3%,+1.8%,+75.6%
DAL,Extended,Travel / tourism,Industrials,Transportation,Adj,Dec,EPS,CY2028,8.62,8.757,+1.6%,8.923,+1.9%,9.019,+1.1%,71.72,8.0,+4.6%,+3.3%,+1.8%,+75.6%
UAL,Extended,Travel / tourism,Industrials,Transportation,Adj,Dec,EPS,CY2025,10.234,10.858,+6.1%,10.435,-3.9%,10.435,+0.0%,101.8,9.8,+2.0%,-9.0%,-10.3%,+53.5%
UAL,Extended,Travel / tourism,Industrials,Transportation,Adj,Dec,EPS,CY2026,12.389,12.969,+4.7%,13.036,+0.5%,9.396,-27.9%,101.8,10.8,-24.2%,-9.0%,-10.3%,+53.5%
UAL,Extended,Travel / tourism,Industrials,Transportation,Adj,Dec,EPS,CY2027,14.017,14.571,+4.0%,14.641,+0.5%,14.384,-1.8%,101.8,7.1,+2.6%,-9.0%,-10.3%,+53.5%
UAL,Extended,Travel / tourism,Industrials,Transportation,Adj,Dec,EPS,CY2028,14.338,15.593,+8.8%,15.424,-1.1%,16.903,+9.6%,101.8,6.0,+17.9%,-9.0%,-10.3%,+53.5%
AAL,Extended,Travel / tourism,Industrials,Transportation,Adj,Dec,EPS,CY2025,1.36,0.432,-68.2%,0.512,+18.5%,0.512,+0.0%,12.78,25.0,-62.4%,-16.6%,-16.9%,+35.1%
AAL,Extended,Travel / tourism,Industrials,Transportation,Adj,Dec,EPS,CY2026,2.222,1.776,-20.1%,2.019,+13.7%,-0.6,-129.7%,12.78,-21.3,-127.0%,-16.6%,-16.9%,+35.1%
AAL,Extended,Travel / tourism,Industrials,Transportation,Adj,Dec,EPS,CY2027,2.79,2.301,-17.5%,2.586,+12.4%,2.295,-11.3%,12.78,5.6,-17.7%,-16.6%,-16.9%,+35.1%
AAL,Extended,Travel / tourism,Industrials,Transportation,Adj,Dec,EPS,CY2028,3.785,3.255,-14.0%,2.994,-8.0%,3.158,+5.5%,12.78,4.0,-16.6%,-16.6%,-16.9%,+35.1%
LHA,Extended,Travel / tourism,Industrials,Transportation,Adj,Dec,EPS,CY2025,1.094,1.089,-0.5%,1.098,+0.8%,1.098,+0.0%,8.07,7.3,+0.4%,-4.0%,-3.6%,+31.3%
LHA,Extended,Travel / tourism,Industrials,Transportation,Adj,Dec,EPS,CY2026,1.346,1.212,-10.0%,1.286,+6.1%,1.094,-14.9%,8.07,7.4,-18.7%,-4.0%,-3.6%,+31.3%
LHA,Extended,Travel / tourism,Industrials,Transportation,Adj,Dec,EPS,CY2027,1.481,1.403,-5.3%,1.48,+5.5%,1.385,-6.4%,8.07,5.8,-6.5%,-4.0%,-3.6%,+31.3%
LHA,Extended,Travel / tourism,Industrials,Transportation,Adj,Dec,EPS,CY2028,1.618,1.674,+3.5%,1.668,-0.4%,1.623,-2.7%,8.07,5.0,+0.3%,-4.0%,-3.6%,+31.3%
RYAAY,Extended,Travel / tourism,Industrials,Transportation,Adj,Mar,EPS,CY2025,3.698,4.078,+10.3%,4.198,+2.9%,4.18,-0.4%,62.03,14.8,+13.0%,-14.1%,-9.2%,+35.8%
RYAAY,Extended,Travel / tourism,Industrials,Transportation,Adj,Mar,EPS,CY2026,4.101,4.667,+13.8%,4.845,+3.8%,4.692,-3.2%,62.03,13.2,+14.4%,-14.1%,-9.2%,+35.8%
RYAAY,Extended,Travel / tourism,Industrials,Transportation,Adj,Mar,EPS,CY2027,5.13,5.106,-0.5%,5.313,+4.1%,5.245,-1.3%,62.03,11.8,+2.2%,-14.1%,-9.2%,+35.8%
RYAAY,Extended,Travel / tourism,Industrials,Transportation,Adj,Mar,EPS,CY2028,5.535,5.05,-8.8%,5.7,+12.9%,6.012,+5.5%,62.03,10.3,+8.6%,-14.1%,-9.2%,+35.8%
LUV,Extended,Travel / tourism,Industrials,Transportation,Adj,Dec,EPS,CY2025,1.512,0.983,-35.0%,0.951,-3.3%,0.951,+0.0%,42.7,44.9,-37.1%,+3.3%,-1.0%,+72.6%
LUV,Extended,Travel / tourism,Industrials,Transportation,Adj,Dec,EPS,CY2026,2.672,2.434,-8.9%,3.206,+31.7%,2.8,-12.7%,42.7,15.3,+4.8%,+3.3%,-1.0%,+72.6%
LUV,Extended,Travel / tourism,Industrials,Transportation,Adj,Dec,EPS,CY2027,3.735,3.486,-6.7%,4.129,+18.4%,4.623,+12.0%,42.7,9.2,+23.8%,+3.3%,-1.0%,+72.6%
LUV,Extended,Travel / tourism,Industrials,Transportation,Adj,Dec,EPS,CY2028,3.895,4.283,+10.0%,4.266,-0.4%,5.108,+19.7%,42.7,8.4,+31.1%,+3.3%,-1.0%,+72.6%
ULCC,Extended,Travel / tourism,Industrials,Transportation,Adj,Dec,EPS,CY2025,0.253,-0.701,-377.1%,-0.716,-2.1%,-0.709,+1.0%,4.55,-6.4,-380.2%,-3.4%,-13.7%,+43.5%
ULCC,Extended,Travel / tourism,Industrials,Transportation,Adj,Dec,EPS,CY2026,0.518,0.175,-66.2%,0.105,-40.0%,-1.308,-1345.7%,4.55,-3.5,-352.5%,-3.4%,-13.7%,+43.5%
ULCC,Extended,Travel / tourism,Industrials,Transportation,Adj,Dec,EPS,CY2027,1.083,0.608,-43.9%,0.584,-3.9%,0.088,-84.9%,4.55,51.7,-91.9%,-3.4%,-13.7%,+43.5%
ULCC,Extended,Travel / tourism,Industrials,Transportation,Adj,Dec,EPS,CY2028,0.97,1.01,+4.1%,1.05,+4.0%,0.509,-51.5%,4.55,8.9,-47.5%,-3.4%,-13.7%,+43.5%
MTN,Extended,Travel / tourism,Consumer Discretionary,Consumer Services,Adj,Jul,EPS,CY2025,7.719,7.754,+0.5%,7.754,+0.0%,7.754,+0.0%,133.22,17.2,+0.5%,+0.3%,-5.9%,-3.8%
MTN,Extended,Travel / tourism,Consumer Discretionary,Consumer Services,Adj,Jul,EPS,CY2026,8.161,6.793,-16.8%,6.859,+1.0%,4.993,-27.2%,133.22,26.7,-38.8%,+0.3%,-5.9%,-3.8%
MTN,Extended,Travel / tourism,Consumer Discretionary,Consumer Services,Adj,Jul,EPS,CY2027,8.993,7.812,-13.1%,7.895,+1.1%,7.248,-8.2%,133.22,18.4,-19.4%,+0.3%,-5.9%,-3.8%
MTN,Extended,Travel / tourism,Consumer Discretionary,Consumer Services,Adj,Jul,EPS,CY2028,,8.75,,8.756,+0.1%,7.897,-9.8%,133.22,16.9,,+0.3%,-5.9%,-3.8%
RCL,Extended,Travel / tourism,Consumer Discretionary,Consumer Services,Adj,Dec,EPS,CY2025,14.87,15.682,+5.5%,15.65,-0.2%,15.651,+0.0%,285.48,18.2,+5.3%,+2.4%,+3.4%,+48.2%
RCL,Extended,Travel / tourism,Consumer Discretionary,Consumer Services,Adj,Dec,EPS,CY2026,17.413,18.207,+4.6%,17.726,-2.6%,17.363,-2.0%,285.48,16.4,-0.3%,+2.4%,+3.4%,+48.2%
RCL,Extended,Travel / tourism,Consumer Discretionary,Consumer Services,Adj,Dec,EPS,CY2027,20.076,20.988,+4.5%,20.376,-2.9%,20.083,-1.4%,285.48,14.2,+0.0%,+2.4%,+3.4%,+48.2%
RCL,Extended,Travel / tourism,Consumer Discretionary,Consumer Services,Adj,Dec,EPS,CY2028,22.884,23.758,+3.8%,23.392,-1.5%,22.749,-2.7%,285.48,12.5,-0.6%,+2.4%,+3.4%,+48.2%
CCL,Extended,Travel / tourism,Consumer Discretionary,Consumer Services,Adj,Nov,EPS,CY2025,1.831,2.146,+17.2%,2.135,-0.5%,2.135,+0.0%,29.22,13.7,+16.6%,-4.3%,+1.0%,+62.4%
CCL,Extended,Travel / tourism,Consumer Discretionary,Consumer Services,Adj,Nov,EPS,CY2026,2.107,2.413,+14.5%,2.551,+5.7%,2.235,-12.4%,29.22,13.1,+6.1%,-4.3%,+1.0%,+62.4%
CCL,Extended,Travel / tourism,Consumer Discretionary,Consumer Services,Adj,Nov,EPS,CY2027,2.46,2.759,+12.2%,2.83,+2.6%,2.615,-7.6%,29.22,11.2,+6.3%,-4.3%,+1.0%,+62.4%
CCL,Extended,Travel / tourism,Consumer Discretionary,Consumer Services,Adj,Nov,EPS,CY2028,2.875,3.165,+10.1%,3.183,+0.6%,3.002,-5.7%,29.22,9.7,+4.4%,-4.3%,+1.0%,+62.4%
PK,Extended,Travel / tourism,Real Estate,Equity Real Estate Investment,Adj,Dec,EPS,CY2025,0.804,-0.178,-122.1%,-0.319,-79.2%,-0.294,+7.8%,11.41,-38.8,-136.6%,+9.1%,-0.1%,+16.1%
PK,Extended,Travel / tourism,Real Estate,Equity Real Estate Investment,Adj,Dec,EPS,CY2026,0.719,0.538,-25.2%,0.361,-32.9%,0.441,+22.2%,11.41,25.9,-38.7%,+9.1%,-0.1%,+16.1%
PK,Extended,Travel / tourism,Real Estate,Equity Real Estate Investment,Adj,Dec,EPS,CY2027,0.91,0.297,-67.4%,0.371,+24.9%,0.575,+55.0%,11.41,19.8,-36.8%,+9.1%,-0.1%,+16.1%
PK,Extended,Travel / tourism,Real Estate,Equity Real Estate Investment,Adj,Dec,EPS,CY2028,1.08,0.33,-69.4%,0.53,+60.6%,0.918,+73.2%,11.41,12.4,-15.0%,+9.1%,-0.1%,+16.1%
ORCL,Extended,Software,Information Technology,Software & Services,GAAP,May,EPS,CY2025,4.347,4.347,+0.0%,4.347,+0.0%,4.347,+0.0%,175.06,40.3,+0.0%,-10.2%,-8.4%,+36.1%
ORCL,Extended,Software,Information Technology,Software & Services,GAAP,May,EPS,CY2026,4.866,5.086,+4.5%,5.911,+16.2%,5.839,-1.2%,175.06,30.0,+20.0%,-10.2%,-8.4%,+36.1%
ORCL,Extended,Software,Information Technology,Software & Services,GAAP,May,EPS,CY2027,6.245,6.358,+1.8%,6.431,+1.1%,6.261,-2.6%,175.06,28.0,+0.3%,-10.2%,-8.4%,+36.1%
ORCL,Extended,Software,Information Technology,Software & Services,GAAP,May,EPS,CY2028,7.614,9.459,+24.2%,9.045,-4.4%,8.788,-2.8%,175.06,19.9,+15.4%,-10.2%,-8.4%,+36.1%
INTU,Extended,Software,Information Technology,Software & Services,Adj,Jul,EPS,CY2025,19.326,20.096,+4.0%,20.096,+0.0%,20.096,+0.0%,393.25,19.6,+4.0%,-40.6%,-27.9%,-32.8%
INTU,Extended,Software,Information Technology,Software & Services,Adj,Jul,EPS,CY2026,22.146,23.102,+4.3%,23.16,+0.3%,23.202,+0.2%,393.25,16.9,+4.8%,-40.6%,-27.9%,-32.8%
INTU,Extended,Software,Information Technology,Software & Services,Adj,Jul,EPS,CY2027,25.21,26.266,+4.2%,26.396,+0.5%,26.363,-0.1%,393.25,14.9,+4.6%,-40.6%,-27.9%,-32.8%
INTU,Extended,Software,Information Technology,Software & Services,Adj,Jul,EPS,CY2028,28.282,29.943,+5.9%,29.956,+0.0%,29.733,-0.7%,393.25,13.2,+5.1%,-40.6%,-27.9%,-32.8%
SAP,Extended,Software,Information Technology,Software & Services,Adj,Dec,EPS,CY2025,6.239,6.049,-3.0%,6.051,+0.0%,6.036,-0.2%,156.24,25.9,-3.3%,-25.0%,-22.7%,-30.9%
SAP,Extended,Software,Information Technology,Software & Services,Adj,Dec,EPS,CY2026,7.498,7.216,-3.8%,7.172,-0.6%,7.228,+0.8%,156.24,21.6,-3.6%,-25.0%,-22.7%,-30.9%
SAP,Extended,Software,Information Technology,Software & Services,Adj,Dec,EPS,CY2027,8.975,8.673,-3.4%,8.569,-1.2%,8.408,-1.9%,156.24,18.6,-6.3%,-25.0%,-22.7%,-30.9%
SAP,Extended,Software,Information Technology,Software & Services,Adj,Dec,EPS,CY2028,10.824,10.218,-5.6%,10.364,+1.4%,9.753,-5.9%,156.24,16.0,-9.9%,-25.0%,-22.7%,-30.9%
CRWD,Extended,Software,Information Technology,Software & Services,Adj,Jan,EPS,CY2025,3.423,3.674,+7.3%,3.714,+1.1%,3.716,+0.1%,423.95,114.1,+8.6%,-9.6%,-6.6%,+12.9%
CRWD,Extended,Software,Information Technology,Software & Services,Adj,Jan,EPS,CY2026,4.57,4.769,+4.4%,4.793,+0.5%,4.867,+1.5%,423.95,87.1,+6.5%,-9.6%,-6.6%,+12.9%
CRWD,Extended,Software,Information Technology,Software & Services,Adj,Jan,EPS,CY2027,6.138,6.1,-0.6%,6.108,+0.1%,6.171,+1.0%,423.95,68.7,+0.5%,-9.6%,-6.6%,+12.9%
CRWD,Extended,Software,Information Technology,Software & Services,Adj,Jan,EPS,CY2028,8.592,7.857,-8.6%,7.851,-0.1%,8.073,+2.8%,423.95,52.5,-6.0%,-9.6%,-6.6%,+12.9%
PLTR,Extended,Software,Information Technology,Software & Services,GAAP,Dec,EPS,CY2025,0.315,0.426,+35.2%,0.571,+34.0%,0.566,-0.9%,146.39,258.6,+79.7%,-17.6%,-14.4%,+56.1%
PLTR,Extended,Software,Information Technology,Software & Services,GAAP,Dec,EPS,CY2026,0.412,0.561,+36.2%,0.774,+38.0%,1.111,+43.5%,146.39,131.8,+169.7%,-17.6%,-14.4%,+56.1%
PLTR,Extended,Software,Information Technology,Software & Services,GAAP,Dec,EPS,CY2027,,0.815,,1.089,+33.6%,1.593,+46.3%,146.39,91.9,,-17.6%,-14.4%,+56.1%
PLTR,Extended,Software,Information Technology,Software & Services,GAAP,Dec,EPS,CY2028,,1.423,,1.633,+14.8%,2.238,+37.0%,146.39,65.4,,-17.6%,-14.4%,+56.1%
PANW,Extended,Software,Information Technology,Software & Services,Adj,Jul,EPS,CY2025,3.228,3.275,+1.5%,3.275,+0.0%,3.275,+0.0%,167.85,51.3,+1.5%,-8.9%,-10.6%,+0.1%
PANW,Extended,Software,Information Technology,Software & Services,Adj,Jul,EPS,CY2026,3.678,3.814,+3.7%,3.863,+1.3%,3.694,-4.4%,167.85,45.4,+0.4%,-8.9%,-10.6%,+0.1%
PANW,Extended,Software,Information Technology,Software & Services,Adj,Jul,EPS,CY2027,4.268,4.307,+0.9%,4.334,+0.6%,3.977,-8.2%,167.85,42.2,-6.8%,-8.9%,-10.6%,+0.1%
PANW,Extended,Software,Information Technology,Software & Services,Adj,Jul,EPS,CY2028,5.152,4.892,-5.0%,4.886,-0.1%,4.635,-5.1%,167.85,36.2,-10.0%,-8.9%,-10.6%,+0.1%
FTNT,Extended,Software,Information Technology,Software & Services,Adj,Dec,EPS,CY2025,2.449,2.521,+2.9%,2.688,+6.6%,2.693,+0.2%,81.84,30.4,+10.0%,+3.1%,+8.6%,-14.9%
FTNT,Extended,Software,Information Technology,Software & Services,Adj,Dec,EPS,CY2026,2.811,2.789,-0.8%,2.925,+4.9%,2.982,+1.9%,81.84,27.4,+6.1%,+3.1%,+8.6%,-14.9%
FTNT,Extended,Software,Information Technology,Software & Services,Adj,Dec,EPS,CY2027,3.241,3.091,-4.6%,3.252,+5.2%,3.31,+1.8%,81.84,24.7,+2.1%,+3.1%,+8.6%,-14.9%
FTNT,Extended,Software,Information Technology,Software & Services,Adj,Dec,EPS,CY2028,3.61,3.346,-7.3%,3.472,+3.8%,3.723,+7.2%,81.84,22.0,+3.1%,+3.1%,+8.6%,-14.9%
TEAM,Extended,Software,Information Technology,Software & Services,Adj,Jun,EPS,CY2025,3.498,3.563,+1.9%,3.563,+0.0%,3.563,+0.0%,66.94,18.8,+1.9%,-58.7%,-43.5%,-67.0%
TEAM,Extended,Software,Information Technology,Software & Services,Adj,Jun,EPS,CY2026,4.227,4.303,+1.8%,4.88,+13.4%,4.748,-2.7%,66.94,14.1,+12.3%,-58.7%,-43.5%,-67.0%
TEAM,Extended,Software,Information Technology,Software & Services,Adj,Jun,EPS,CY2027,5.27,5.219,-1.0%,5.646,+8.2%,5.51,-2.4%,66.94,12.1,+4.6%,-58.7%,-43.5%,-67.0%
TEAM,Extended,Software,Information Technology,Software & Services,Adj,Jun,EPS,CY2028,6.456,6.591,+2.1%,6.835,+3.7%,6.585,-3.7%,66.94,10.2,+2.0%,-58.7%,-43.5%,-67.0%
TYL,Extended,Software,Information Technology,Software & Services,Adj,Dec,EPS,CY2025,10.999,11.369,+3.4%,11.414,+0.4%,11.413,-0.0%,342.61,30.0,+3.8%,-24.5%,-22.1%,-39.9%
TYL,Extended,Software,Information Technology,Software & Services,Adj,Dec,EPS,CY2026,12.318,12.611,+2.4%,12.555,-0.4%,12.539,-0.1%,342.61,27.3,+1.8%,-24.5%,-22.1%,-39.9%
TYL,Extended,Software,Information Technology,Software & Services,Adj,Dec,EPS,CY2027,13.628,14.393,+5.6%,14.321,-0.5%,14.186,-0.9%,342.61,24.2,+4.1%,-24.5%,-22.1%,-39.9%
TYL,Extended,Software,Information Technology,Software & Services,Adj,Dec,EPS,CY2028,15.365,15.773,+2.7%,15.892,+0.8%,16.006,+0.7%,342.61,21.4,+4.2%,-24.5%,-22.1%,-39.9%
BLKB,Extended,Software,Information Technology,Software & Services,Adj,Dec,EPS,CY2025,4.239,4.386,+3.5%,4.415,+0.7%,4.415,+0.0%,38.76,8.8,+4.2%,-38.8%,-30.1%,-37.5%
BLKB,Extended,Software,Information Technology,Software & Services,Adj,Dec,EPS,CY2026,4.478,4.72,+5.4%,4.87,+3.2%,5.193,+6.6%,38.76,7.5,+16.0%,-38.8%,-30.1%,-37.5%
BLKB,Extended,Software,Information Technology,Software & Services,Adj,Dec,EPS,CY2027,,4.925,,5.302,+7.7%,5.858,+10.5%,38.76,6.6,,-38.8%,-30.1%,-37.5%
BLKB,Extended,Software,Information Technology,Software & Services,Adj,Dec,EPS,CY2028,,5.19,,5.21,+0.4%,6.04,+15.9%,38.76,6.4,,-38.8%,-30.1%,-37.5%
TWLO,Extended,Software,Information Technology,Software & Services,Adj,Dec,EPS,CY2025,4.375,4.56,+4.2%,4.796,+5.2%,4.797,+0.0%,140.11,29.2,+9.6%,-1.5%,+17.7%,+64.9%
TWLO,Extended,Software,Information Technology,Software & Services,Adj,Dec,EPS,CY2026,5.103,5.203,+2.0%,5.437,+4.5%,5.42,-0.3%,140.11,25.9,+6.2%,-1.5%,+17.7%,+64.9%
TWLO,Extended,Software,Information Technology,Software & Services,Adj,Dec,EPS,CY2027,6.069,6.121,+0.9%,6.255,+2.2%,6.347,+1.5%,140.11,22.1,+4.6%,-1.5%,+17.7%,+64.9%
TWLO,Extended,Software,Information Technology,Software & Services,Adj,Dec,EPS,CY2028,7.163,6.772,-5.5%,6.958,+2.7%,7.177,+3.1%,140.11,19.5,+0.2%,-1.5%,+17.7%,+64.9%
DBX,Extended,Software,Information Technology,Software & Services,Adj,Dec,EPS,CY2025,2.555,2.707,+5.9%,2.793,+3.2%,2.793,+0.0%,24.27,8.7,+9.3%,-12.7%,-7.1%,-10.5%
DBX,Extended,Software,Information Technology,Software & Services,Adj,Dec,EPS,CY2026,2.823,2.915,+3.3%,2.97,+1.9%,2.935,-1.2%,24.27,8.3,+4.0%,-12.7%,-7.1%,-10.5%
DBX,Extended,Software,Information Technology,Software & Services,Adj,Dec,EPS,CY2027,,3.135,,3.08,-1.8%,3.293,+6.9%,24.27,7.4,,-12.7%,-7.1%,-10.5%
DBX,Extended,Software,Information Technology,Software & Services,Adj,Dec,EPS,CY2028,,2.8,,2.66,-5.0%,3.417,+28.5%,24.27,7.1,,-12.7%,-7.1%,-10.5%
BOX,Extended,Software,Information Technology,Software & Services,Adj,Jan,EPS,CY2025,1.19,1.287,+8.2%,1.323,+2.8%,1.323,+0.0%,23.75,18.0,+11.2%,-20.6%,-8.1%,-19.9%
BOX,Extended,Software,Information Technology,Software & Services,Adj,Jan,EPS,CY2026,1.491,1.461,-2.0%,1.528,+4.6%,1.648,+7.9%,23.75,14.4,+10.5%,-20.6%,-8.1%,-19.9%
BOX,Extended,Software,Information Technology,Software & Services,Adj,Jan,EPS,CY2027,2.09,1.948,-6.8%,1.65,-15.3%,1.834,+11.2%,23.75,12.9,-12.2%,-20.6%,-8.1%,-19.9%
BOX,Extended,Software,Information Technology,Software & Services,Adj,Jan,EPS,CY2028,,3.36,,3.41,+1.5%,2.283,-33.0%,23.75,10.4,,-20.6%,-8.1%,-19.9%
ZM,Extended,Software,Information Technology,Software & Services,Adj,Jan,EPS,CY2025,5.371,5.883,+9.5%,6.052,+2.9%,6.052,+0.0%,88.02,14.5,+12.7%,+2.0%,+8.7%,+23.1%
ZM,Extended,Software,Information Technology,Software & Services,Adj,Jan,EPS,CY2026,5.393,5.921,+9.8%,6.06,+2.3%,5.819,-4.0%,88.02,15.1,+7.9%,+2.0%,+8.7%,+23.1%
ZM,Extended,Software,Information Technology,Software & Services,Adj,Jan,EPS,CY2027,5.506,6.189,+12.4%,6.266,+1.2%,6.151,-1.8%,88.02,14.3,+11.7%,+2.0%,+8.7%,+23.1%
ZM,Extended,Software,Information Technology,Software & Services,Adj,Jan,EPS,CY2028,5.351,6.203,+15.9%,6.302,+1.6%,6.401,+1.6%,88.02,13.8,+19.6%,+2.0%,+8.7%,+23.1%
AXON,Extended,Software,Industrials,Capital Goods,Adj,Dec,EPS,CY2025,6.107,6.786,+11.1%,6.304,-7.1%,6.303,-0.0%,402.85,63.9,+3.2%,-29.1%,-36.7%,-28.0%
AXON,Extended,Software,Industrials,Capital Goods,Adj,Dec,EPS,CY2026,7.482,7.928,+6.0%,7.624,-3.8%,7.807,+2.4%,402.85,51.6,+4.3%,-29.1%,-36.7%,-28.0%
AXON,Extended,Software,Industrials,Capital Goods,Adj,Dec,EPS,CY2027,,9.835,,9.66,-1.8%,10.524,+8.9%,402.85,38.3,,-29.1%,-36.7%,-28.0%
AXON,Extended,Software,Industrials,Capital Goods,Adj,Dec,EPS,CY2028,,12.16,,11.98,-1.5%,13.977,+16.7%,402.85,28.8,,-29.1%,-36.7%,-28.0%
UPLD,Extended,Software,Information Technology,Software & Services,Adj,Dec,EPS,CY2025,0.747,0.717,-4.0%,0.833,+16.2%,0.833,+0.0%,0.681,0.8,+11.5%,-52.4%,-54.3%,-68.9%
UPLD,Extended,Software,Information Technology,Software & Services,Adj,Dec,EPS,CY2026,0.81,0.677,-16.4%,0.757,+11.8%,0.7,-7.5%,0.681,1.0,-13.6%,-52.4%,-54.3%,-68.9%
UPLD,Extended,Software,Information Technology,Software & Services,Adj,Dec,EPS,CY2027,,,,0.81,,0.86,+6.2%,0.681,0.8,,-52.4%,-54.3%,-68.9%
UPLD,Extended,Software,Information Technology,Software & Services,Adj,Dec,EPS,CY2028,,,,,,,,0.681,,,-52.4%,-54.3%,-68.9%
SNOW,Extended,Software,Information Technology,Software & Services,Adj,Jan,EPS,CY2025,1.16,1.199,+3.4%,1.213,+1.2%,1.209,-0.3%,143.98,119.1,+4.2%,-34.4%,-31.6%,+0.4%
SNOW,Extended,Software,Information Technology,Software & Services,Adj,Jan,EPS,CY2026,1.599,1.636,+2.3%,1.644,+0.5%,1.819,+10.6%,143.98,79.2,+13.8%,-34.4%,-31.6%,+0.4%
SNOW,Extended,Software,Information Technology,Software & Services,Adj,Jan,EPS,CY2027,2.243,2.366,+5.5%,2.285,-3.4%,2.462,+7.7%,143.98,58.5,+9.8%,-34.4%,-31.6%,+0.4%
SNOW,Extended,Software,Information Technology,Software & Services,Adj,Jan,EPS,CY2028,3.333,3.575,+7.3%,3.488,-2.4%,3.359,-3.7%,143.98,42.9,+0.8%,-34.4%,-31.6%,+0.4%
BILL,Extended,Software,Information Technology,Software & Services,Adj,Jun,EPS,CY2025,1.957,2.118,+8.2%,2.118,+0.0%,2.118,+0.0%,38.81,18.3,+8.2%,-28.8%,-16.7%,-4.4%
BILL,Extended,Software,Information Technology,Software & Services,Adj,Jun,EPS,CY2026,2.128,2.142,+0.7%,2.232,+4.2%,2.394,+7.3%,38.81,16.2,+12.5%,-28.8%,-16.7%,-4.4%
BILL,Extended,Software,Information Technology,Software & Services,Adj,Jun,EPS,CY2027,2.669,2.45,-8.2%,2.515,+2.7%,2.723,+8.3%,38.81,14.3,+2.0%,-28.8%,-16.7%,-4.4%
BILL,Extended,Software,Information Technology,Software & Services,Adj,Jun,EPS,CY2028,3.57,3.003,-15.9%,3.012,+0.3%,3.263,+8.3%,38.81,11.9,-8.6%,-28.8%,-16.7%,-4.4%
WIX,Extended,Software,Information Technology,Software & Services,Adj,Dec,EPS,CY2025,7.427,6.922,-6.8%,6.9,-0.3%,6.952,+0.8%,68.24,9.8,-6.4%,-34.3%,-14.9%,-57.3%
WIX,Extended,Software,Information Technology,Software & Services,Adj,Dec,EPS,CY2026,9.084,7.76,-14.6%,6.562,-15.4%,6.814,+3.8%,68.24,10.0,-25.0%,-34.3%,-14.9%,-57.3%
WIX,Extended,Software,Information Technology,Software & Services,Adj,Dec,EPS,CY2027,11.423,9.651,-15.5%,7.706,-20.2%,8.553,+11.0%,68.24,8.0,-25.1%,-34.3%,-14.9%,-57.3%
WIX,Extended,Software,Information Technology,Software & Services,Adj,Dec,EPS,CY2028,15.013,13.216,-12.0%,9.83,-25.6%,9.401,-4.4%,68.24,7.3,-37.4%,-34.3%,-14.9%,-57.3%
DOCU,Extended,Software,Information Technology,Software & Services,Adj,Jan,EPS,CY2025,3.505,3.684,+5.1%,3.784,+2.7%,3.793,+0.2%,45.74,12.1,+8.2%,-33.1%,-19.3%,-39.4%
DOCU,Extended,Software,Information Technology,Software & Services,Adj,Jan,EPS,CY2026,3.832,4.038,+5.4%,4.125,+2.2%,4.443,+7.7%,45.74,10.3,+15.9%,-33.1%,-19.3%,-39.4%
DOCU,Extended,Software,Information Technology,Software & Services,Adj,Jan,EPS,CY2027,4.245,4.467,+5.2%,4.526,+1.3%,5.06,+11.8%,45.74,9.0,+19.2%,-33.1%,-19.3%,-39.4%
DOCU,Extended,Software,Information Technology,Software & Services,Adj,Jan,EPS,CY2028,4.43,4.527,+2.2%,4.59,+1.4%,5.436,+18.4%,45.74,8.4,+22.7%,-33.1%,-19.3%,-39.4%
DDOG,Extended,Software,Information Technology,Software & Services,Adj,Dec,EPS,CY2025,1.701,1.839,+8.1%,2.016,+9.6%,2.016,+0.0%,126.61,62.8,+18.5%,-6.9%,+6.4%,+38.9%
DDOG,Extended,Software,Information Technology,Software & Services,Adj,Dec,EPS,CY2026,2.184,2.245,+2.8%,2.375,+5.8%,2.189,-7.8%,126.61,57.8,+0.2%,-6.9%,+6.4%,+38.9%
DDOG,Extended,Software,Information Technology,Software & Services,Adj,Dec,EPS,CY2027,2.77,2.846,+2.7%,2.943,+3.4%,2.706,-8.1%,126.61,46.8,-2.3%,-6.9%,+6.4%,+38.9%
DDOG,Extended,Software,Information Technology,Software & Services,Adj,Dec,EPS,CY2028,3.543,3.648,+3.0%,3.898,+6.9%,3.233,-17.1%,126.61,39.2,-8.7%,-6.9%,+6.4%,+38.9%
MDB,Extended,Software,Information Technology,Software & Services,Adj,Jan,EPS,CY2025,2.591,3.717,+43.5%,4.8,+29.1%,4.805,+0.1%,263.38,54.8,+85.4%,-37.2%,-34.1%,+65.4%
MDB,Extended,Software,Information Technology,Software & Services,Adj,Jan,EPS,CY2026,3.446,4.386,+27.3%,5.69,+29.7%,5.865,+3.1%,263.38,44.9,+70.2%,-37.2%,-34.1%,+65.4%
MDB,Extended,Software,Information Technology,Software & Services,Adj,Jan,EPS,CY2027,4.571,5.398,+18.1%,6.889,+27.6%,7.065,+2.6%,263.38,37.3,+54.6%,-37.2%,-34.1%,+65.4%
MDB,Extended,Software,Information Technology,Software & Services,Adj,Jan,EPS,CY2028,5.362,6.218,+16.0%,8.088,+30.1%,8.553,+5.7%,263.38,30.8,+59.5%,-37.2%,-34.1%,+65.4%
ESTC,Extended,Software,Information Technology,Software & Services,Adj,Apr,EPS,CY2025,1.952,1.952,+0.0%,1.952,+0.0%,1.952,+0.0%,47.56,24.4,+0.0%,-37.0%,-33.4%,-38.9%
ESTC,Extended,Software,Information Technology,Software & Services,Adj,Apr,EPS,CY2026,2.152,2.35,+9.2%,2.45,+4.3%,2.521,+2.9%,47.56,18.9,+17.1%,-37.0%,-33.4%,-38.9%
ESTC,Extended,Software,Information Technology,Software & Services,Adj,Apr,EPS,CY2027,2.53,2.734,+8.1%,2.814,+2.9%,2.943,+4.6%,47.56,16.2,+16.3%,-37.0%,-33.4%,-38.9%
ESTC,Extended,Software,Information Technology,Software & Services,Adj,Apr,EPS,CY2028,3.53,3.255,-7.8%,3.185,-2.2%,3.465,+8.8%,47.56,13.7,-1.8%,-37.0%,-33.4%,-38.9%
DT,Extended,Software,Information Technology,Software & Services,Adj,Mar,EPS,CY2025,1.534,1.605,+4.6%,1.638,+2.1%,1.68,+2.6%,35.6,21.2,+9.5%,-17.9%,-10.7%,-17.4%
DT,Extended,Software,Information Technology,Software & Services,Adj,Mar,EPS,CY2026,1.767,1.809,+2.4%,1.839,+1.7%,1.908,+3.8%,35.6,18.7,+8.0%,-17.9%,-10.7%,-17.4%
DT,Extended,Software,Information Technology,Software & Services,Adj,Mar,EPS,CY2027,1.992,2.063,+3.6%,2.11,+2.3%,2.207,+4.6%,35.6,16.1,+10.8%,-17.9%,-10.7%,-17.4%
DT,Extended,Software,Information Technology,Software & Services,Adj,Mar,EPS,CY2028,2.36,2.425,+2.8%,2.453,+1.2%,2.55,+4.0%,35.6,14.0,+8.1%,-17.9%,-10.7%,-17.4%
GTM,Extended,Software,Communication Services,Media & Entertainment,Adj,Dec,EPS,CY2025,0.956,0.974,+1.9%,1.046,+7.4%,1.046,+0.0%,6.21,5.9,+9.4%,-38.9%,-31.3%,-22.5%
GTM,Extended,Software,Communication Services,Media & Entertainment,Adj,Dec,EPS,CY2026,0.986,1.019,+3.3%,1.108,+8.7%,1.111,+0.3%,6.21,5.6,+12.7%,-38.9%,-31.3%,-22.5%
GTM,Extended,Software,Communication Services,Media & Entertainment,Adj,Dec,EPS,CY2027,1.052,1.091,+3.7%,1.199,+9.9%,1.163,-3.0%,6.21,5.3,+10.6%,-38.9%,-31.3%,-22.5%
GTM,Extended,Software,Communication Services,Media & Entertainment,Adj,Dec,EPS,CY2028,1.08,1.14,+5.6%,1.27,+11.4%,1.278,+0.6%,6.21,4.9,+18.3%,-38.9%,-31.3%,-22.5%
RAMP,Extended,Software,Information Technology,Software & Services,Adj,Mar,EPS,CY2025,1.857,2.237,+20.5%,2.207,-1.3%,2.229,+1.0%,28.78,12.9,+20.0%,-2.0%,+14.8%,+15.4%
RAMP,Extended,Software,Information Technology,Software & Services,Adj,Mar,EPS,CY2026,2.57,2.567,-0.1%,2.622,+2.1%,2.814,+7.3%,28.78,10.2,+9.5%,-2.0%,+14.8%,+15.4%
RAMP,Extended,Software,Information Technology,Software & Services,Adj,Mar,EPS,CY2027,,2.86,,3.07,+7.3%,3.473,+13.1%,28.78,8.3,,-2.0%,+14.8%,+15.4%
RAMP,Extended,Software,Information Technology,Software & Services,Adj,Mar,EPS,CY2028,,2.895,,2.97,+2.6%,3.17,+6.7%,28.78,9.1,,-2.0%,+14.8%,+15.4%
PAR,Extended,Software,Information Technology,Software & Services,Adj,Dec,EPS,CY2025,-0.396,-0.563,-42.2%,0.098,+117.4%,0.126,+28.6%,14.18,112.5,+131.8%,-60.9%,-61.7%,-74.9%
PAR,Extended,Software,Information Technology,Software & Services,Adj,Dec,EPS,CY2026,0.508,0.145,-71.5%,0.239,+64.8%,0.007,-97.1%,14.18,2025.7,-98.6%,-60.9%,-61.7%,-74.9%
PAR,Extended,Software,Information Technology,Software & Services,Adj,Dec,EPS,CY2027,0.02,0.867,+4235.0%,0.603,-30.4%,0.563,-6.6%,14.18,25.2,+2715.0%,-60.9%,-61.7%,-74.9%
PAR,Extended,Software,Information Technology,Software & Services,Adj,Dec,EPS,CY2028,,,,,,-0.24,,14.18,-59.1,,-60.9%,-61.7%,-74.9%
FSLY,Extended,Software,Information Technology,Software & Services,Adj,Dec,EPS,CY2025,-0.11,-0.065,+40.9%,0.056,+186.2%,0.052,-7.1%,24.56,472.3,+147.3%,+141.3%,+172.0%,+355.7%
FSLY,Extended,Software,Information Technology,Software & Services,Adj,Dec,EPS,CY2026,-0.099,0.046,+146.5%,0.03,-34.8%,0.274,+813.3%,24.56,89.6,+376.8%,+141.3%,+172.0%,+355.7%
FSLY,Extended,Software,Information Technology,Software & Services,Adj,Dec,EPS,CY2027,-0.21,0.145,+169.0%,0.195,+34.5%,0.37,+89.7%,24.56,66.4,+276.2%,+141.3%,+172.0%,+355.7%
FSLY,Extended,Software,Information Technology,Software & Services,Adj,Dec,EPS,CY2028,-0.45,0.15,+133.3%,0.2,+33.3%,0.46,+130.0%,24.56,53.4,+202.2%,+141.3%,+172.0%,+355.7%
ASAN,Extended,Software,Information Technology,Software & Services,Adj,Jan,EPS,CY2025,0.195,0.237,+21.5%,0.257,+8.4%,0.257,+0.0%,5.84,22.7,+31.8%,-57.4%,-46.6%,-60.6%
ASAN,Extended,Software,Information Technology,Software & Services,Adj,Jan,EPS,CY2026,0.347,0.336,-3.2%,0.361,+7.4%,0.366,+1.4%,5.84,16.0,+5.5%,-57.4%,-46.6%,-60.6%
ASAN,Extended,Software,Information Technology,Software & Services,Adj,Jan,EPS,CY2027,0.477,0.45,-5.7%,0.471,+4.7%,0.455,-3.4%,5.84,12.8,-4.6%,-57.4%,-46.6%,-60.6%
ASAN,Extended,Software,Information Technology,Software & Services,Adj,Jan,EPS,CY2028,,0.49,,0.54,+10.2%,0.562,+4.1%,5.84,10.4,,-57.4%,-46.6%,-60.6%
APPN,Extended,Software,Information Technology,Software & Services,Adj,Dec,EPS,CY2025,0.179,0.333,+86.0%,0.541,+62.5%,0.541,+0.0%,21.56,39.9,+202.2%,-39.1%,-24.7%,-18.8%
APPN,Extended,Software,Information Technology,Software & Services,Adj,Dec,EPS,CY2026,0.511,0.544,+6.5%,0.77,+41.5%,0.887,+15.2%,21.56,24.3,+73.6%,-39.1%,-24.7%,-18.8%
APPN,Extended,Software,Information Technology,Software & Services,Adj,Dec,EPS,CY2027,0.76,0.695,-8.6%,1.092,+57.1%,1.163,+6.5%,21.56,18.5,+53.0%,-39.1%,-24.7%,-18.8%
APPN,Extended,Software,Information Technology,Software & Services,Adj,Dec,EPS,CY2028,,,,1.27,,1.385,+9.1%,21.56,15.6,,-39.1%,-24.7%,-18.8%
BL,Extended,Software,Information Technology,Software & Services,Adj,Dec,EPS,CY2025,2.024,2.145,+6.0%,2.078,-3.1%,2.078,+0.0%,31.51,15.2,+2.7%,-43.0%,-40.2%,-29.1%
BL,Extended,Software,Information Technology,Software & Services,Adj,Dec,EPS,CY2026,2.218,2.338,+5.4%,2.349,+0.5%,2.409,+2.6%,31.51,13.1,+8.6%,-43.0%,-40.2%,-29.1%
BL,Extended,Software,Information Technology,Software & Services,Adj,Dec,EPS,CY2027,2.69,2.833,+5.3%,2.729,-3.7%,2.717,-0.4%,31.51,11.6,+1.0%,-43.0%,-40.2%,-29.1%
BL,Extended,Software,Information Technology,Software & Services,Adj,Dec,EPS,CY2028,,,,,,3.183,,31.51,9.9,,-43.0%,-40.2%,-29.1%
DSY,Extended,Software,Information Technology,Software & Services,Adj,Dec,EPS,CY2025,1.386,1.339,-3.4%,1.319,-1.5%,1.318,-0.1%,19.38,14.7,-4.9%,-18.7%,-19.9%,-41.0%
DSY,Extended,Software,Information Technology,Software & Services,Adj,Dec,EPS,CY2026,1.504,1.419,-5.7%,1.366,-3.7%,1.309,-4.2%,19.38,14.8,-13.0%,-18.7%,-19.9%,-41.0%
DSY,Extended,Software,Information Technology,Software & Services,Adj,Dec,EPS,CY2027,1.665,1.548,-7.0%,1.484,-4.1%,1.373,-7.5%,19.38,14.1,-17.5%,-18.7%,-19.9%,-41.0%
DSY,Extended,Software,Information Technology,Software & Services,Adj,Dec,EPS,CY2028,1.832,1.692,-7.6%,1.626,-3.9%,1.473,-9.4%,19.38,13.2,-19.6%,-18.7%,-19.9%,-41.0%
WK,Extended,Software,Information Technology,Software & Services,Adj,Dec,EPS,CY2025,1.059,1.353,+27.8%,1.639,+21.1%,1.635,-0.2%,57.34,35.1,+54.4%,-33.5%,-33.1%,-15.2%
WK,Extended,Software,Information Technology,Software & Services,Adj,Dec,EPS,CY2026,1.778,1.952,+9.8%,2.254,+15.5%,2.734,+21.3%,57.34,21.0,+53.8%,-33.5%,-33.1%,-15.2%
WK,Extended,Software,Information Technology,Software & Services,Adj,Dec,EPS,CY2027,3.53,3.148,-10.8%,3.16,+0.4%,3.367,+6.6%,57.34,17.0,-4.6%,-33.5%,-33.1%,-15.2%
WK,Extended,Software,Information Technology,Software & Services,Adj,Dec,EPS,CY2028,4.865,4.52,-7.1%,4.06,-10.2%,4.243,+4.5%,57.34,13.5,-12.8%,-33.5%,-33.1%,-15.2%
AXP,Extended,Payments,Financials,Financial Services,GAAP,Dec,EPS,CY2025,15.244,15.452,+1.4%,15.45,-0.0%,15.446,-0.0%,331.69,21.5,+1.3%,-10.3%,-9.1%,+32.0%
AXP,Extended,Payments,Financials,Financial Services,GAAP,Dec,EPS,CY2026,17.392,17.408,+0.1%,17.568,+0.9%,17.575,+0.0%,331.69,18.9,+1.1%,-10.3%,-9.1%,+32.0%
AXP,Extended,Payments,Financials,Financial Services,GAAP,Dec,EPS,CY2027,19.875,19.725,-0.8%,19.996,+1.4%,20.099,+0.5%,331.69,16.5,+1.1%,-10.3%,-9.1%,+32.0%
AXP,Extended,Payments,Financials,Financial Services,GAAP,Dec,EPS,CY2028,20.39,20.267,-0.6%,21.58,+6.5%,22.933,+6.3%,331.69,14.5,+12.5%,-10.3%,-9.1%,+32.0%
ADYEN,Extended,Payments,Financials,Financial Services,Adj,Dec,EPS,CY2025,36.359,33.921,-6.7%,33.71,-0.6%,33.737,+0.1%,984.9,29.2,-7.2%,-28.4%,-29.3%,-29.7%
ADYEN,Extended,Payments,Financials,Financial Services,Adj,Dec,EPS,CY2026,45.763,41.952,-8.3%,41.498,-1.1%,39.113,-5.7%,984.9,25.2,-14.5%,-28.4%,-29.3%,-29.7%
ADYEN,Extended,Payments,Financials,Financial Services,Adj,Dec,EPS,CY2027,58.222,52.823,-9.3%,50.94,-3.6%,47.869,-6.0%,984.9,20.6,-17.8%,-28.4%,-29.3%,-29.7%
ADYEN,Extended,Payments,Financials,Financial Services,Adj,Dec,EPS,CY2028,55.768,59.9,+7.4%,61.093,+2.0%,57.588,-5.7%,984.9,17.1,+3.3%,-28.4%,-29.3%,-29.7%
STNE,Extended,Payments,Financials,Financial Services,Adj,Dec,EPS,CY2025,8.784,9.298,+5.9%,9.384,+0.9%,9.25,-1.4%,15.1,1.6,+5.3%,+2.1%,+4.2%,+23.2%
STNE,Extended,Payments,Financials,Financial Services,Adj,Dec,EPS,CY2026,10.397,10.759,+3.5%,10.284,-4.4%,9.712,-5.6%,15.1,1.6,-6.6%,+2.1%,+4.2%,+23.2%
STNE,Extended,Payments,Financials,Financial Services,Adj,Dec,EPS,CY2027,11.98,12.16,+1.5%,11.48,-5.6%,11.122,-3.1%,15.1,1.4,-7.2%,+2.1%,+4.2%,+23.2%
STNE,Extended,Payments,Financials,Financial Services,Adj,Dec,EPS,CY2028,10.69,14.95,+39.9%,16.503,+10.4%,12.647,-23.4%,15.1,1.2,+18.3%,+2.1%,+4.2%,+23.2%
NU,Extended,Payments,Financials,Banks,Adj,Dec,EPS,CY2025,0.553,0.584,+5.6%,0.608,+4.1%,0.609,+0.2%,15.34,25.2,+10.1%,-8.4%,-7.6%,+39.5%
NU,Extended,Payments,Financials,Banks,Adj,Dec,EPS,CY2026,0.774,0.821,+6.1%,0.868,+5.7%,0.856,-1.4%,15.34,17.9,+10.6%,-8.4%,-7.6%,+39.5%
NU,Extended,Payments,Financials,Banks,Adj,Dec,EPS,CY2027,1.007,1.051,+4.4%,1.111,+5.7%,1.124,+1.2%,15.34,13.6,+11.6%,-8.4%,-7.6%,+39.5%
NU,Extended,Payments,Financials,Banks,Adj,Dec,EPS,CY2028,1.098,1.24,+12.9%,1.306,+5.3%,1.425,+9.1%,15.34,10.8,+29.8%,-8.4%,-7.6%,+39.5%
FISV,Extended,Payments,Financials,Financial Services,Adj,Dec,EPS,CY2025,10.228,10.16,-0.7%,8.558,-15.8%,8.557,-0.0%,63.97,7.5,-16.3%,-4.8%,-3.5%,-69.3%
FISV,Extended,Payments,Financials,Financial Services,Adj,Dec,EPS,CY2026,11.966,11.78,-1.6%,8.27,-29.8%,8.111,-1.9%,63.97,7.9,-32.2%,-4.8%,-3.5%,-69.3%
FISV,Extended,Payments,Financials,Financial Services,Adj,Dec,EPS,CY2027,13.148,13.698,+4.2%,9.159,-33.1%,9.018,-1.5%,63.97,7.1,-31.4%,-4.8%,-3.5%,-69.3%
FISV,Extended,Payments,Financials,Financial Services,Adj,Dec,EPS,CY2028,15.652,15.132,-3.3%,9.89,-34.6%,10.055,+1.7%,63.97,6.4,-35.8%,-4.8%,-3.5%,-69.3%
FIS,Extended,Payments,Financials,Financial Services,Adj,Dec,EPS,CY2025,5.732,5.747,+0.3%,5.768,+0.4%,5.771,+0.1%,48.5,8.4,+0.7%,-27.0%,-23.4%,-35.0%
FIS,Extended,Payments,Financials,Financial Services,Adj,Dec,EPS,CY2026,6.248,6.257,+0.1%,6.317,+1.0%,6.268,-0.8%,48.5,7.7,+0.3%,-27.0%,-23.4%,-35.0%
FIS,Extended,Payments,Financials,Financial Services,Adj,Dec,EPS,CY2027,6.797,6.798,+0.0%,6.903,+1.5%,6.893,-0.1%,48.5,7.0,+1.4%,-27.0%,-23.4%,-35.0%
FIS,Extended,Payments,Financials,Financial Services,Adj,Dec,EPS,CY2028,7.155,7.017,-1.9%,6.24,-11.1%,7.59,+21.6%,48.5,6.4,+6.1%,-27.0%,-23.4%,-35.0%
GPN,Extended,Payments,Financials,Financial Services,Adj,Dec,EPS,CY2025,12.056,12.216,+1.3%,12.233,+0.1%,12.222,-0.1%,72.37,5.9,+1.4%,-6.5%,-1.9%,+4.2%
GPN,Extended,Payments,Financials,Financial Services,Adj,Dec,EPS,CY2026,13.634,13.805,+1.3%,13.672,-1.0%,13.807,+1.0%,72.37,5.2,+1.3%,-6.5%,-1.9%,+4.2%
GPN,Extended,Payments,Financials,Financial Services,Adj,Dec,EPS,CY2027,15.503,16.064,+3.6%,15.702,-2.3%,16.108,+2.6%,72.37,4.5,+3.9%,-6.5%,-1.9%,+4.2%
GPN,Extended,Payments,Financials,Financial Services,Adj,Dec,EPS,CY2028,16.523,18.583,+12.5%,17.69,-4.8%,18.522,+4.7%,72.37,3.9,+12.1%,-6.5%,-1.9%,+4.2%
TOST,Extended,Payments,Financials,Financial Services,Adj,Dec,EPS,CY2025,0.58,0.544,-6.2%,0.593,+9.0%,0.58,-2.2%,29.08,50.1,+0.0%,-18.1%,-13.2%,-15.2%
TOST,Extended,Payments,Financials,Financial Services,Adj,Dec,EPS,CY2026,0.862,0.907,+5.2%,0.893,-1.5%,0.9,+0.8%,29.08,32.3,+4.4%,-18.1%,-13.2%,-15.2%
TOST,Extended,Payments,Financials,Financial Services,Adj,Dec,EPS,CY2027,1.297,1.178,-9.2%,1.193,+1.3%,1.194,+0.1%,29.08,24.4,-7.9%,-18.1%,-13.2%,-15.2%
TOST,Extended,Payments,Financials,Financial Services,Adj,Dec,EPS,CY2028,1.418,1.243,-12.3%,1.367,+10.0%,1.631,+19.3%,29.08,17.8,+15.0%,-18.1%,-13.2%,-15.2%
FOUR,Extended,Payments,Financials,Financial Services,Adj,Dec,EPS,CY2025,4.28,5.07,+18.5%,5.108,+0.7%,5.109,+0.0%,49.66,9.7,+19.4%,-21.1%,-22.9%,-35.3%
FOUR,Extended,Payments,Financials,Financial Services,Adj,Dec,EPS,CY2026,5.417,6.471,+19.5%,6.157,-4.9%,5.603,-9.0%,49.66,8.9,+3.4%,-21.1%,-22.9%,-35.3%
FOUR,Extended,Payments,Financials,Financial Services,Adj,Dec,EPS,CY2027,6.443,7.564,+17.4%,7.836,+3.6%,6.47,-17.4%,49.66,7.7,+0.4%,-21.1%,-22.9%,-35.3%
FOUR,Extended,Payments,Financials,Financial Services,Adj,Dec,EPS,CY2028,,8.15,,11.325,+39.0%,7.709,-31.9%,49.66,6.4,,-21.1%,-22.9%,-35.3%
CPAY,Extended,Payments,Financials,Financial Services,Adj,Dec,EPS,CY2025,21.079,21.043,-0.2%,21.267,+1.1%,21.283,+0.1%,334.64,15.7,+1.0%,+11.2%,+4.4%,+8.4%
CPAY,Extended,Payments,Financials,Financial Services,Adj,Dec,EPS,CY2026,24.583,24.295,-1.2%,24.774,+2.0%,25.983,+4.9%,334.64,12.9,+5.7%,+11.2%,+4.4%,+8.4%
CPAY,Extended,Payments,Financials,Financial Services,Adj,Dec,EPS,CY2027,28.846,27.918,-3.2%,28.785,+3.1%,29.795,+3.5%,334.64,11.2,+3.3%,+11.2%,+4.4%,+8.4%
CPAY,Extended,Payments,Financials,Financial Services,Adj,Dec,EPS,CY2028,,33.64,,33.98,+1.0%,34.637,+1.9%,334.64,9.7,,+11.2%,+4.4%,+8.4%
SEIC,Extended,Payments,Financials,Financial Services,Adj,Dec,EPS,CY2025,4.589,5.036,+9.7%,4.963,-1.4%,4.963,+0.0%,79.79,16.1,+8.1%,-2.7%,-7.2%,+11.3%
SEIC,Extended,Payments,Financials,Financial Services,Adj,Dec,EPS,CY2026,5.005,5.521,+10.3%,5.563,+0.8%,5.467,-1.7%,79.79,14.6,+9.2%,-2.7%,-7.2%,+11.3%
SEIC,Extended,Payments,Financials,Financial Services,Adj,Dec,EPS,CY2027,5.577,6.067,+8.8%,6.208,+2.3%,6.203,-0.1%,79.79,12.9,+11.2%,-2.7%,-7.2%,+11.3%
SEIC,Extended,Payments,Financials,Financial Services,Adj,Dec,EPS,CY2028,6.06,6.783,+11.9%,7.055,+4.0%,7.055,+0.0%,79.79,11.3,+16.4%,-2.7%,-7.2%,+11.3%
DBD,Extended,Payments,Information Technology,Technology Hardware & Equipmen,Adj,Dec,EPS,CY2025,3.847,3.557,-7.5%,3.807,+7.0%,3.807,+0.0%,88.77,23.3,-1.0%,+30.8%,+27.0%,+111.9%
DBD,Extended,Payments,Information Technology,Technology Hardware & Equipmen,Adj,Dec,EPS,CY2026,4.63,4.957,+7.1%,5.017,+1.2%,5.487,+9.4%,88.77,16.2,+18.5%,+30.8%,+27.0%,+111.9%
DBD,Extended,Payments,Information Technology,Technology Hardware & Equipmen,Adj,Dec,EPS,CY2027,5.47,6.255,+14.4%,6.475,+3.5%,6.717,+3.7%,88.77,13.2,+22.8%,+30.8%,+27.0%,+111.9%
DBD,Extended,Payments,Information Technology,Technology Hardware & Equipmen,Adj,Dec,EPS,CY2028,,7.84,,7.76,-1.0%,7.84,+1.0%,88.77,11.3,,+30.8%,+27.0%,+111.9%
JKHY,Extended,Payments,Financials,Financial Services,Adj,Jun,EPS,CY2025,5.803,5.978,+3.0%,5.978,+0.0%,5.978,+0.0%,154.06,25.8,+3.0%,-15.6%,-19.1%,-10.3%
JKHY,Extended,Payments,Financials,Financial Services,Adj,Jun,EPS,CY2026,6.268,6.394,+2.0%,6.458,+1.0%,6.572,+1.8%,154.06,23.4,+4.9%,-15.6%,-19.1%,-10.3%
JKHY,Extended,Payments,Financials,Financial Services,Adj,Jun,EPS,CY2027,6.791,6.917,+1.9%,6.931,+0.2%,7.119,+2.7%,154.06,21.6,+4.8%,-15.6%,-19.1%,-10.3%
JKHY,Extended,Payments,Financials,Financial Services,Adj,Jun,EPS,CY2028,,7.58,,7.516,-0.8%,7.707,+2.5%,154.06,20.0,,-15.6%,-19.1%,-10.3%
WU,Extended,Payments,Financials,Financial Services,Adj,Dec,EPS,CY2025,1.771,1.703,-3.8%,1.732,+1.7%,1.732,+0.0%,9.48,5.5,-2.2%,+1.8%,+2.3%,-3.4%
WU,Extended,Payments,Financials,Financial Services,Adj,Dec,EPS,CY2026,1.868,1.774,-5.0%,1.791,+1.0%,1.792,+0.1%,9.48,5.3,-4.1%,+1.8%,+2.3%,-3.4%
WU,Extended,Payments,Financials,Financial Services,Adj,Dec,EPS,CY2027,1.983,1.887,-4.8%,1.899,+0.6%,1.923,+1.3%,9.48,4.9,-3.0%,+1.8%,+2.3%,-3.4%
WU,Extended,Payments,Financials,Financial Services,Adj,Dec,EPS,CY2028,1.81,1.95,+7.7%,2.007,+2.9%,2.072,+3.2%,9.48,4.6,+14.5%,+1.8%,+2.3%,-3.4%
FCFS,Extended,Payments,Financials,Financial Services,Adj,Dec,EPS,CY2025,7.662,8.268,+7.9%,8.646,+4.6%,8.644,-0.0%,206.77,23.9,+12.8%,+29.7%,+20.8%,+70.3%
FCFS,Extended,Payments,Financials,Financial Services,Adj,Dec,EPS,CY2026,9.0,9.873,+9.7%,10.039,+1.7%,10.371,+3.3%,206.77,19.9,+15.2%,+29.7%,+20.8%,+70.3%
FCFS,Extended,Payments,Financials,Financial Services,Adj,Dec,EPS,CY2027,10.015,11.4,+13.8%,11.693,+2.6%,12.323,+5.4%,206.77,16.8,+23.0%,+29.7%,+20.8%,+70.3%
FCFS,Extended,Payments,Financials,Financial Services,Adj,Dec,EPS,CY2028,,11.62,,13.025,+12.1%,15.033,+15.4%,206.77,13.8,,+29.7%,+20.8%,+70.3%
EEFT,Extended,Payments,Financials,Financial Services,Adj,Dec,EPS,CY2025,9.793,9.827,+0.3%,9.745,-0.8%,9.742,-0.0%,74.4,7.6,-0.5%,-2.2%,-0.2%,-21.4%
EEFT,Extended,Payments,Financials,Financial Services,Adj,Dec,EPS,CY2026,11.57,11.258,-2.7%,11.084,-1.5%,10.845,-2.2%,74.4,6.9,-6.3%,-2.2%,-0.2%,-21.4%
EEFT,Extended,Payments,Financials,Financial Services,Adj,Dec,EPS,CY2027,13.905,12.257,-11.9%,12.311,+0.4%,12.164,-1.2%,74.4,6.1,-12.5%,-2.2%,-0.2%,-21.4%
EEFT,Extended,Payments,Financials,Financial Services,Adj,Dec,EPS,CY2028,,13.42,,13.32,-0.7%,12.98,-2.6%,74.4,5.7,,-2.2%,-0.2%,-21.4%
WEX,Extended,Payments,Financials,Financial Services,Adj,Dec,EPS,CY2025,15.062,15.655,+3.9%,15.93,+1.8%,15.95,+0.1%,173.5,10.9,+5.9%,+16.5%,+10.0%,+40.8%
WEX,Extended,Payments,Financials,Financial Services,Adj,Dec,EPS,CY2026,16.778,17.61,+5.0%,17.598,-0.1%,18.361,+4.3%,173.5,9.4,+9.4%,+16.5%,+10.0%,+40.8%
WEX,Extended,Payments,Financials,Financial Services,Adj,Dec,EPS,CY2027,18.512,19.727,+6.6%,19.631,-0.5%,19.793,+0.8%,173.5,8.8,+6.9%,+16.5%,+10.0%,+40.8%
WEX,Extended,Payments,Financials,Financial Services,Adj,Dec,EPS,CY2028,,21.4,,21.51,+0.5%,21.587,+0.4%,173.5,8.0,,+16.5%,+10.0%,+40.8%
EQT,Extended,Financials and related,Energy,Energy,Adj,Dec,EPS,CY2025,3.505,2.731,-22.1%,2.882,+5.5%,2.941,+2.0%,58.48,19.9,-16.1%,+9.1%,+15.7%,+14.7%
EQT,Extended,Financials and related,Energy,Energy,Adj,Dec,EPS,CY2026,4.867,4.515,-7.2%,4.388,-2.8%,4.615,+5.2%,58.48,12.7,-5.2%,+9.1%,+15.7%,+14.7%
EQT,Extended,Financials and related,Energy,Energy,Adj,Dec,EPS,CY2027,4.736,4.83,+2.0%,5.063,+4.8%,4.812,-5.0%,58.48,12.2,+1.6%,+9.1%,+15.7%,+14.7%
EQT,Extended,Financials and related,Energy,Energy,Adj,Dec,EPS,CY2028,5.23,5.194,-0.7%,5.592,+7.7%,5.284,-5.5%,58.48,11.1,+1.0%,+9.1%,+15.7%,+14.7%
HLNE,Extended,Financials and related,Financials,Financial Services,Adj,Mar,EPS,CY2025,4.788,5.08,+6.1%,5.668,+11.6%,5.698,+0.5%,106.78,18.7,+19.0%,-20.5%,-30.1%,-22.5%
HLNE,Extended,Financials and related,Financials,Financial Services,Adj,Mar,EPS,CY2026,5.844,6.03,+3.2%,6.272,+4.0%,5.97,-4.8%,106.78,17.9,+2.2%,-20.5%,-30.1%,-22.5%
HLNE,Extended,Financials and related,Financials,Financial Services,Adj,Mar,EPS,CY2027,6.65,7.37,+10.8%,7.616,+3.3%,7.114,-6.6%,106.78,15.0,+7.0%,-20.5%,-30.1%,-22.5%
HLNE,Extended,Financials and related,Financials,Financial Services,Adj,Mar,EPS,CY2028,,8.69,,8.03,-7.6%,6.36,-20.8%,106.78,16.8,,-20.5%,-30.1%,-22.5%
STEP,Extended,Financials and related,Financials,Financial Services,Adj,Mar,EPS,CY2025,1.893,1.935,+2.2%,2.062,+6.6%,2.089,+1.3%,54.97,26.3,+10.4%,-14.3%,-27.9%,+17.6%
STEP,Extended,Financials and related,Financials,Financial Services,Adj,Mar,EPS,CY2026,2.292,2.506,+9.3%,2.572,+2.6%,2.503,-2.7%,54.97,22.0,+9.2%,-14.3%,-27.9%,+17.6%
STEP,Extended,Financials and related,Financials,Financial Services,Adj,Mar,EPS,CY2027,,3.11,,3.22,+3.5%,3.275,+1.7%,54.97,16.8,,-14.3%,-27.9%,+17.6%
STEP,Extended,Financials and related,Financials,Financial Services,Adj,Mar,EPS,CY2028,,3.79,,3.65,-3.7%,3.52,-3.6%,54.97,15.6,,-14.3%,-27.9%,+17.6%
TROW,Extended,Financials and related,Financials,Financial Services,Adj,Dec,EPS,CY2025,8.331,9.401,+12.8%,9.718,+3.4%,9.722,+0.0%,96.98,10.0,+16.7%,-5.3%,-8.9%,+12.6%
TROW,Extended,Financials and related,Financials,Financial Services,Adj,Dec,EPS,CY2026,8.565,10.123,+18.2%,10.264,+1.4%,9.415,-8.3%,96.98,10.3,+9.9%,-5.3%,-8.9%,+12.6%
TROW,Extended,Financials and related,Financials,Financial Services,Adj,Dec,EPS,CY2027,8.545,10.311,+20.7%,10.432,+1.2%,9.488,-9.0%,96.98,10.2,+11.0%,-5.3%,-8.9%,+12.6%
TROW,Extended,Financials and related,Financials,Financial Services,Adj,Dec,EPS,CY2028,,10.88,,10.843,-0.3%,9.453,-12.8%,96.98,10.3,,-5.3%,-8.9%,+12.6%
SYF,Extended,Financials and related,Financials,Financial Services,Adj,Dec,EPS,CY2025,7.457,9.047,+21.3%,9.221,+1.9%,9.23,+0.1%,78.34,8.5,+23.8%,-6.1%,-2.3%,+63.7%
SYF,Extended,Financials and related,Financials,Financial Services,Adj,Dec,EPS,CY2026,8.454,9.149,+8.2%,9.346,+2.2%,9.222,-1.3%,78.34,8.5,+9.1%,-6.1%,-2.3%,+63.7%
SYF,Extended,Financials and related,Financials,Financial Services,Adj,Dec,EPS,CY2027,9.324,10.092,+8.2%,10.257,+1.6%,10.339,+0.8%,78.34,7.6,+10.9%,-6.1%,-2.3%,+63.7%
SYF,Extended,Financials and related,Financials,Financial Services,Adj,Dec,EPS,CY2028,,9.46,,9.295,-1.7%,11.383,+22.5%,78.34,6.9,,-6.1%,-2.3%,+63.7%
BFH,Extended,Financials and related,Financials,Financial Services,Adj,Dec,EPS,CY2025,6.605,8.182,+23.9%,10.166,+24.2%,10.173,+0.1%,90.58,8.9,+54.0%,+22.4%,+22.9%,+93.3%
BFH,Extended,Financials and related,Financials,Financial Services,Adj,Dec,EPS,CY2026,8.819,9.001,+2.1%,9.576,+6.4%,10.176,+6.3%,90.58,8.9,+15.4%,+22.4%,+22.9%,+93.3%
BFH,Extended,Financials and related,Financials,Financial Services,Adj,Dec,EPS,CY2027,10.824,9.964,-7.9%,11.07,+11.1%,11.897,+7.5%,90.58,7.6,+9.9%,+22.4%,+22.9%,+93.3%
BFH,Extended,Financials and related,Financials,Financial Services,Adj,Dec,EPS,CY2028,,9.135,,10.51,+15.1%,13.484,+28.3%,90.58,6.7,,+22.4%,+22.9%,+93.3%
ICE,Extended,Financials and related,Financials,Financial Services,Adj,Dec,EPS,CY2025,6.799,6.836,+0.5%,6.916,+1.2%,6.916,+0.0%,161.24,23.3,+1.7%,-0.4%,-7.3%,+1.6%
ICE,Extended,Financials and related,Financials,Financial Services,Adj,Dec,EPS,CY2026,7.564,7.578,+0.2%,7.507,-0.9%,7.98,+6.3%,161.24,20.2,+5.5%,-0.4%,-7.3%,+1.6%
ICE,Extended,Financials and related,Financials,Financial Services,Adj,Dec,EPS,CY2027,8.228,8.405,+2.2%,8.388,-0.2%,8.695,+3.7%,161.24,18.5,+5.7%,-0.4%,-7.3%,+1.6%
ICE,Extended,Financials and related,Financials,Financial Services,Adj,Dec,EPS,CY2028,9.44,9.158,-3.0%,9.238,+0.9%,9.611,+4.0%,161.24,16.8,+1.8%,-0.4%,-7.3%,+1.6%
CME,Extended,Financials and related,Financials,Financial Services,Adj,Dec,EPS,CY2025,10.927,11.038,+1.0%,11.163,+1.1%,11.164,+0.0%,287.65,25.8,+2.2%,+7.4%,+4.9%,+11.7%
CME,Extended,Financials and related,Financials,Financial Services,Adj,Dec,EPS,CY2026,11.447,11.508,+0.5%,11.625,+1.0%,12.239,+5.3%,287.65,23.5,+6.9%,+7.4%,+4.9%,+11.7%
CME,Extended,Financials and related,Financials,Financial Services,Adj,Dec,EPS,CY2027,12.202,12.132,-0.6%,12.281,+1.2%,12.871,+4.8%,287.65,22.3,+5.5%,+7.4%,+4.9%,+11.7%
CME,Extended,Financials and related,Financials,Financial Services,Adj,Dec,EPS,CY2028,13.243,12.586,-5.0%,13.02,+3.4%,13.712,+5.3%,287.65,21.0,+3.5%,+7.4%,+4.9%,+11.7%
SLM,Extended,Financials and related,Financials,Financial Services,Adj,Dec,EPS,CY2025,3.072,3.087,+0.5%,3.278,+6.2%,3.278,+0.0%,22.64,6.9,+6.7%,-16.3%,-15.7%,-15.5%
SLM,Extended,Financials and related,Financials,Financial Services,Adj,Dec,EPS,CY2026,3.425,3.448,+0.7%,2.782,-19.3%,2.772,-0.4%,22.64,8.2,-19.1%,-16.3%,-15.7%,-15.5%
SLM,Extended,Financials and related,Financials,Financial Services,Adj,Dec,EPS,CY2027,3.704,4.072,+9.9%,3.045,-25.2%,3.265,+7.2%,22.64,6.9,-11.9%,-16.3%,-15.7%,-15.5%
SLM,Extended,Financials and related,Financials,Financial Services,Adj,Dec,EPS,CY2028,,,,4.145,,3.883,-6.3%,22.64,5.8,,-16.3%,-15.7%,-15.5%
CBOE,Extended,Financials and related,Financials,Financial Services,Adj,Dec,EPS,CY2025,9.299,9.893,+6.4%,10.556,+6.7%,10.551,-0.0%,299.94,28.4,+13.5%,+19.5%,+9.6%,+38.2%
CBOE,Extended,Financials and related,Financials,Financial Services,Adj,Dec,EPS,CY2026,9.852,10.408,+5.6%,11.281,+8.4%,12.46,+10.5%,299.94,24.1,+26.5%,+19.5%,+9.6%,+38.2%
CBOE,Extended,Financials and related,Financials,Financial Services,Adj,Dec,EPS,CY2027,10.762,11.051,+2.7%,12.175,+10.2%,13.134,+7.9%,299.94,22.8,+22.0%,+19.5%,+9.6%,+38.2%
CBOE,Extended,Financials and related,Financials,Financial Services,Adj,Dec,EPS,CY2028,11.547,11.872,+2.8%,13.78,+16.1%,13.956,+1.3%,299.94,21.5,+20.9%,+19.5%,+9.6%,+38.2%
NDAQ,Extended,Financials and related,Financials,Financial Services,Adj,Dec,EPS,CY2025,3.167,3.379,+6.7%,3.431,+1.5%,3.431,+0.0%,88.61,25.8,+8.3%,-8.8%,-12.2%,+22.8%
NDAQ,Extended,Financials and related,Financials,Financial Services,Adj,Dec,EPS,CY2026,3.556,3.749,+5.4%,3.854,+2.8%,3.903,+1.3%,88.61,22.7,+9.8%,-8.8%,-12.2%,+22.8%
NDAQ,Extended,Financials and related,Financials,Financial Services,Adj,Dec,EPS,CY2027,3.967,4.194,+5.7%,4.309,+2.7%,4.396,+2.0%,88.61,20.2,+10.8%,-8.8%,-12.2%,+22.8%
NDAQ,Extended,Financials and related,Financials,Financial Services,Adj,Dec,EPS,CY2028,4.487,4.64,+3.4%,4.896,+5.5%,4.995,+2.0%,88.61,17.7,+11.3%,-8.8%,-12.2%,+22.8%
NAVI,Extended,Financials and related,Financials,Financial Services,Adj,Dec,EPS,CY2025,1.033,0.971,-6.0%,-0.063,-106.5%,-0.063,+0.0%,8.87,-140.8,-106.1%,-31.8%,-29.1%,-20.9%
NAVI,Extended,Financials and related,Financials,Financial Services,Adj,Dec,EPS,CY2026,1.329,1.283,-3.5%,1.192,-7.1%,0.694,-41.8%,8.87,12.8,-47.8%,-31.8%,-29.1%,-20.9%
NAVI,Extended,Financials and related,Financials,Financial Services,Adj,Dec,EPS,CY2027,1.5,1.497,-0.2%,1.411,-5.7%,0.943,-33.2%,8.87,9.4,-37.1%,-31.8%,-29.1%,-20.9%
NAVI,Extended,Financials and related,Financials,Financial Services,Adj,Dec,EPS,CY2028,,,,1.4,,1.245,-11.1%,8.87,7.1,,-31.8%,-29.1%,-20.9%
FG,Extended,Financials and related,Financials,Insurance,Adj,Dec,EPS,CY2025,4.707,3.685,-21.7%,3.91,+6.1%,3.91,+0.0%,27.11,6.9,-16.9%,-12.1%,-1.6%,-22.1%
FG,Extended,Financials and related,Financials,Insurance,Adj,Dec,EPS,CY2026,5.987,5.71,-4.6%,5.67,-0.7%,4.1,-27.7%,27.11,6.6,-31.5%,-12.1%,-1.6%,-22.1%
FG,Extended,Financials and related,Financials,Insurance,Adj,Dec,EPS,CY2027,6.915,6.51,-5.9%,6.625,+1.8%,6.05,-8.7%,27.11,4.5,-12.5%,-12.1%,-1.6%,-22.1%
FG,Extended,Financials and related,Financials,Insurance,Adj,Dec,EPS,CY2028,,,,7.67,,6.91,-9.9%,27.11,3.9,,-12.1%,-1.6%,-22.1%
BEN,Extended,Financials and related,Financials,Financial Services,Adj,Sep,EPS,CY2025,2.047,2.12,+3.6%,2.12,+0.0%,2.12,+0.0%,27.27,12.9,+3.6%,+14.1%,+4.9%,+54.9%
BEN,Extended,Financials and related,Financials,Financial Services,Adj,Sep,EPS,CY2026,2.237,2.513,+12.3%,2.495,-0.7%,2.592,+3.9%,27.27,10.5,+15.9%,+14.1%,+4.9%,+54.9%
BEN,Extended,Financials and related,Financials,Financial Services,Adj,Sep,EPS,CY2027,2.601,2.794,+7.4%,2.812,+0.6%,2.861,+1.7%,27.27,9.5,+10.0%,+14.1%,+4.9%,+54.9%
BEN,Extended,Financials and related,Financials,Financial Services,Adj,Sep,EPS,CY2028,2.047,2.933,+43.3%,3.008,+2.6%,3.113,+3.5%,27.27,8.8,+52.1%,+14.1%,+4.9%,+54.9%
ALLY,Extended,Financials and related,Financials,Financial Services,Adj,Dec,EPS,CY2025,3.444,3.727,+8.2%,3.755,+0.8%,3.755,+0.0%,45.36,12.1,+9.0%,+0.2%,+4.0%,+43.4%
ALLY,Extended,Financials and related,Financials,Financial Services,Adj,Dec,EPS,CY2026,5.466,5.412,-1.0%,5.384,-0.5%,5.181,-3.8%,45.36,8.8,-5.2%,+0.2%,+4.0%,+43.4%
ALLY,Extended,Financials and related,Financials,Financial Services,Adj,Dec,EPS,CY2027,6.178,6.204,+0.4%,6.348,+2.3%,6.369,+0.3%,45.36,7.1,+3.1%,+0.2%,+4.0%,+43.4%
ALLY,Extended,Financials and related,Financials,Financial Services,Adj,Dec,EPS,CY2028,5.67,5.67,+0.0%,5.67,+0.0%,7.064,+24.6%,45.36,6.4,+24.6%,+0.2%,+4.0%,+43.4%
RM,Extended,Financials and related,Financials,Financial Services,Adj,Dec,EPS,CY2025,4.99,4.468,-10.5%,4.422,-1.0%,4.433,+0.2%,39.99,9.0,-11.2%,+3.2%,+6.4%,+27.9%
RM,Extended,Financials and related,Financials,Financial Services,Adj,Dec,EPS,CY2026,6.903,6.28,-9.0%,6.124,-2.5%,5.498,-10.2%,39.99,7.3,-20.4%,+3.2%,+6.4%,+27.9%
RM,Extended,Financials and related,Financials,Financial Services,Adj,Dec,EPS,CY2027,,8.83,,8.247,-6.6%,7.273,-11.8%,39.99,5.5,,+3.2%,+6.4%,+27.9%
RM,Extended,Financials and related,Financials,Financial Services,Adj,Dec,EPS,CY2028,,,,,,8.1,,39.99,4.9,,+3.2%,+6.4%,+27.9%
OMF,Extended,Financials and related,Financials,Financial Services,Adj,Dec,EPS,CY2025,6.078,6.363,+4.7%,6.699,+5.3%,6.702,+0.0%,59.26,8.8,+10.3%,-12.3%,-9.4%,+33.4%
OMF,Extended,Financials and related,Financials,Financial Services,Adj,Dec,EPS,CY2026,8.238,7.958,-3.4%,8.031,+0.9%,7.373,-8.2%,59.26,8.0,-10.5%,-12.3%,-9.4%,+33.4%
OMF,Extended,Financials and related,Financials,Financial Services,Adj,Dec,EPS,CY2027,9.926,9.894,-0.3%,9.689,-2.1%,9.034,-6.8%,59.26,6.6,-9.0%,-12.3%,-9.4%,+33.4%
OMF,Extended,Financials and related,Financials,Financial Services,Adj,Dec,EPS,CY2028,,11.3,,11.51,+1.9%,10.873,-5.5%,59.26,5.5,,-12.3%,-9.4%,+33.4%
OPRT,Extended,Financials and related,Financials,Financial Services,Adj,Dec,EPS,CY2025,1.183,1.223,+3.4%,1.105,-9.6%,1.349,+22.1%,5.88,4.4,+14.0%,+11.2%,+16.9%,+27.5%
OPRT,Extended,Financials and related,Financials,Financial Services,Adj,Dec,EPS,CY2026,1.665,1.613,-3.1%,1.442,-10.6%,1.534,+6.4%,5.88,3.8,-7.9%,+11.2%,+16.9%,+27.5%
OPRT,Extended,Financials and related,Financials,Financial Services,Adj,Dec,EPS,CY2027,,1.68,,1.72,+2.4%,1.764,+2.6%,5.88,3.3,,+11.2%,+16.9%,+27.5%
OPRT,Extended,Financials and related,Financials,Financial Services,Adj,Dec,EPS,CY2028,,,,,,2.35,,5.88,2.5,,+11.2%,+16.9%,+27.5%
ENVA,Extended,Financials and related,Financials,Financial Services,Adj,Dec,EPS,CY2025,11.503,12.109,+5.3%,12.733,+5.2%,12.733,+0.0%,162.81,12.8,+10.7%,+3.6%,+3.8%,+78.3%
ENVA,Extended,Financials and related,Financials,Financial Services,Adj,Dec,EPS,CY2026,13.652,14.083,+3.2%,14.356,+1.9%,15.781,+9.9%,162.81,10.3,+15.6%,+3.6%,+3.8%,+78.3%
ENVA,Extended,Financials and related,Financials,Financial Services,Adj,Dec,EPS,CY2027,,16.995,,17.788,+4.7%,18.362,+3.2%,162.81,8.9,,+3.6%,+3.8%,+78.3%
ENVA,Extended,Financials and related,Financials,Financial Services,Adj,Dec,EPS,CY2028,,,,,,24.63,,162.81,6.6,,+3.6%,+3.8%,+78.3%
ECPG,Extended,Financials and related,Financials,Financial Services,Adj,Dec,EPS,CY2025,5.204,8.248,+58.5%,9.756,+18.3%,9.68,-0.8%,80.75,8.3,+86.0%,+48.6%,+43.6%,+165.5%
ECPG,Extended,Financials and related,Financials,Financial Services,Adj,Dec,EPS,CY2026,7.214,8.262,+14.5%,9.278,+12.3%,11.978,+29.1%,80.75,6.7,+66.0%,+48.6%,+43.6%,+165.5%
ECPG,Extended,Financials and related,Financials,Financial Services,Adj,Dec,EPS,CY2027,,10.25,,6.42,-37.4%,10.55,+64.3%,80.75,7.7,,+48.6%,+43.6%,+165.5%
ECPG,Extended,Financials and related,Financials,Financial Services,Adj,Dec,EPS,CY2028,,10.86,,10.88,+0.2%,13.01,+19.6%,80.75,6.2,,+48.6%,+43.6%,+165.5%
EQR,Extended,Financials and related,Real Estate,Equity Real Estate Investment,Adj,Dec,EPS,CY2025,1.466,2.687,+83.3%,2.964,+10.3%,2.845,-4.0%,62.68,22.0,+94.1%,-0.6%,+1.0%,-8.1%
EQR,Extended,Financials and related,Real Estate,Equity Real Estate Investment,Adj,Dec,EPS,CY2026,1.369,2.473,+80.6%,1.774,-28.3%,1.275,-28.1%,62.68,49.2,-6.9%,-0.6%,+1.0%,-8.1%
EQR,Extended,Financials and related,Real Estate,Equity Real Estate Investment,Adj,Dec,EPS,CY2027,1.874,2.135,+13.9%,1.565,-26.7%,1.508,-3.6%,62.68,41.6,-19.5%,-0.6%,+1.0%,-8.1%
EQR,Extended,Financials and related,Real Estate,Equity Real Estate Investment,Adj,Dec,EPS,CY2028,,3.15,,1.66,-47.3%,1.667,+0.4%,62.68,37.6,,-0.6%,+1.0%,-8.1%
MCD,Extended,Food / Restaurants,Consumer Discretionary,Consumer Services,GAAP,Dec,EPS,CY2025,12.293,12.19,-0.8%,11.984,-1.7%,12.006,+0.2%,311.36,25.9,-2.3%,+1.9%,+1.3%,+0.0%
MCD,Extended,Food / Restaurants,Consumer Discretionary,Consumer Services,GAAP,Dec,EPS,CY2026,13.33,13.309,-0.2%,13.198,-0.8%,13.164,-0.3%,311.36,23.7,-1.2%,+1.9%,+1.3%,+0.0%
MCD,Extended,Food / Restaurants,Consumer Discretionary,Consumer Services,GAAP,Dec,EPS,CY2027,14.689,14.451,-1.6%,14.365,-0.6%,14.304,-0.4%,311.36,21.8,-2.6%,+1.9%,+1.3%,+0.0%
MCD,Extended,Food / Restaurants,Consumer Discretionary,Consumer Services,GAAP,Dec,EPS,CY2028,16.053,15.657,-2.5%,15.483,-1.1%,15.453,-0.2%,311.36,20.1,-3.7%,+1.9%,+1.3%,+0.0%
YUM,Extended,Food / Restaurants,Consumer Discretionary,Consumer Services,Adj,Dec,EPS,CY2025,6.0,6.004,+0.1%,6.065,+1.0%,6.059,-0.1%,162.79,26.9,+1.0%,+7.6%,+1.6%,+13.6%
YUM,Extended,Food / Restaurants,Consumer Discretionary,Consumer Services,Adj,Dec,EPS,CY2026,6.701,6.636,-1.0%,6.657,+0.3%,6.673,+0.2%,162.79,24.4,-0.4%,+7.6%,+1.6%,+13.6%
YUM,Extended,Food / Restaurants,Consumer Discretionary,Consumer Services,Adj,Dec,EPS,CY2027,7.541,7.464,-1.0%,7.434,-0.4%,7.462,+0.4%,162.79,21.8,-1.0%,+7.6%,+1.6%,+13.6%
YUM,Extended,Food / Restaurants,Consumer Discretionary,Consumer Services,Adj,Dec,EPS,CY2028,8.47,8.54,+0.8%,8.424,-1.4%,8.407,-0.2%,162.79,19.4,-0.7%,+7.6%,+1.6%,+13.6%
WEN,Extended,Food / Restaurants,Consumer Discretionary,Consumer Services,Adj,Dec,EPS,CY2025,0.997,0.859,-13.8%,0.873,+1.6%,0.872,-0.1%,6.95,8.0,-12.5%,-16.6%,-16.5%,-45.2%
WEN,Extended,Food / Restaurants,Consumer Discretionary,Consumer Services,Adj,Dec,EPS,CY2026,1.122,0.928,-17.3%,0.865,-6.8%,0.58,-32.9%,6.95,12.0,-48.3%,-16.6%,-16.5%,-45.2%
WEN,Extended,Food / Restaurants,Consumer Discretionary,Consumer Services,Adj,Dec,EPS,CY2027,1.235,1.034,-16.3%,0.926,-10.4%,0.66,-28.7%,6.95,10.5,-46.6%,-16.6%,-16.5%,-45.2%
WEN,Extended,Food / Restaurants,Consumer Discretionary,Consumer Services,Adj,Dec,EPS,CY2028,1.439,1.223,-15.0%,1.034,-15.5%,0.741,-28.3%,6.95,9.4,-48.5%,-16.6%,-16.5%,-45.2%
YUMC,Extended,Food / Restaurants,Consumer Discretionary,Consumer Services,Adj,Dec,EPS,CY2025,2.568,2.523,-1.8%,2.494,-1.1%,2.494,+0.0%,48.55,19.5,-2.9%,+1.7%,+2.1%,+17.4%
YUMC,Extended,Food / Restaurants,Consumer Discretionary,Consumer Services,Adj,Dec,EPS,CY2026,2.909,2.856,-1.8%,2.844,-0.4%,2.895,+1.8%,48.55,16.8,-0.5%,+1.7%,+2.1%,+17.4%
YUMC,Extended,Food / Restaurants,Consumer Discretionary,Consumer Services,Adj,Dec,EPS,CY2027,3.272,3.187,-2.6%,3.176,-0.3%,3.225,+1.5%,48.55,15.1,-1.4%,+1.7%,+2.1%,+17.4%
YUMC,Extended,Food / Restaurants,Consumer Discretionary,Consumer Services,Adj,Dec,EPS,CY2028,3.805,3.737,-1.8%,3.52,-5.8%,3.576,+1.6%,48.55,13.6,-6.0%,+1.7%,+2.1%,+17.4%
SBUX,Extended,Food / Restaurants,Consumer Discretionary,Consumer Services,Adj,Sep,EPS,CY2025,2.915,2.151,-26.2%,2.147,-0.2%,2.147,+0.0%,100.0,46.6,-26.3%,+18.8%,+7.5%,+22.7%
SBUX,Extended,Food / Restaurants,Consumer Discretionary,Consumer Services,Adj,Sep,EPS,CY2026,3.595,2.631,-26.8%,2.353,-10.6%,2.293,-2.5%,100.0,43.6,-36.2%,+18.8%,+7.5%,+22.7%
SBUX,Extended,Food / Restaurants,Consumer Discretionary,Consumer Services,Adj,Sep,EPS,CY2027,4.268,3.256,-23.7%,2.979,-8.5%,2.946,-1.1%,100.0,33.9,-31.0%,+18.8%,+7.5%,+22.7%
SBUX,Extended,Food / Restaurants,Consumer Discretionary,Consumer Services,Adj,Sep,EPS,CY2028,4.985,3.844,-22.9%,3.534,-8.1%,3.605,+2.0%,100.0,27.7,-27.7%,+18.8%,+7.5%,+22.7%
WING,Extended,Food / Restaurants,Consumer Discretionary,Consumer Services,Adj,Dec,EPS,CY2025,3.738,3.946,+5.6%,3.919,-0.7%,3.919,+0.0%,196.34,50.1,+4.8%,-17.7%,-28.9%,-10.3%
WING,Extended,Food / Restaurants,Consumer Discretionary,Consumer Services,Adj,Dec,EPS,CY2026,4.826,5.063,+4.9%,4.767,-5.8%,4.611,-3.3%,196.34,42.6,-4.5%,-17.7%,-28.9%,-10.3%
WING,Extended,Food / Restaurants,Consumer Discretionary,Consumer Services,Adj,Dec,EPS,CY2027,6.233,6.577,+5.5%,6.087,-7.5%,5.805,-4.6%,196.34,33.8,-6.9%,-17.7%,-28.9%,-10.3%
WING,Extended,Food / Restaurants,Consumer Discretionary,Consumer Services,Adj,Dec,EPS,CY2028,7.585,8.28,+9.2%,7.693,-7.1%,7.213,-6.2%,196.34,27.2,-4.9%,-17.7%,-28.9%,-10.3%
CAVA,Extended,Food / Restaurants,Consumer Discretionary,Consumer Services,Adj,Dec,EPS,CY2025,0.537,0.553,+3.0%,0.529,-4.3%,0.528,-0.2%,94.78,179.5,-1.7%,+61.5%,+31.5%,+10.2%
CAVA,Extended,Food / Restaurants,Consumer Discretionary,Consumer Services,Adj,Dec,EPS,CY2026,0.692,0.676,-2.3%,0.584,-13.6%,0.519,-11.1%,94.78,182.6,-25.0%,+61.5%,+31.5%,+10.2%
CAVA,Extended,Food / Restaurants,Consumer Discretionary,Consumer Services,Adj,Dec,EPS,CY2027,0.96,0.894,-6.9%,0.748,-16.3%,0.715,-4.4%,94.78,132.6,-25.5%,+61.5%,+31.5%,+10.2%
CAVA,Extended,Food / Restaurants,Consumer Discretionary,Consumer Services,Adj,Dec,EPS,CY2028,,1.257,,1.02,-18.9%,0.995,-2.5%,94.78,95.3,,+61.5%,+31.5%,+10.2%
BROS,Extended,Food / Restaurants,Consumer Discretionary,Consumer Services,Adj,Dec,EPS,CY2025,0.606,0.675,+11.4%,0.672,-0.4%,0.661,-1.6%,53.44,80.8,+9.1%,-12.7%,-14.0%,-8.3%
BROS,Extended,Food / Restaurants,Consumer Discretionary,Consumer Services,Adj,Dec,EPS,CY2026,0.826,0.898,+8.7%,0.895,-0.3%,0.888,-0.8%,53.44,60.2,+7.5%,-12.7%,-14.0%,-8.3%
BROS,Extended,Food / Restaurants,Consumer Discretionary,Consumer Services,Adj,Dec,EPS,CY2027,1.071,1.162,+8.5%,1.166,+0.3%,1.18,+1.2%,53.44,45.3,+10.2%,-12.7%,-14.0%,-8.3%
BROS,Extended,Food / Restaurants,Consumer Discretionary,Consumer Services,Adj,Dec,EPS,CY2028,1.425,1.562,+9.6%,1.562,+0.0%,1.505,-3.6%,53.44,35.5,+5.6%,-12.7%,-14.0%,-8.3%
SHAK,Extended,Food / Restaurants,Consumer Discretionary,Consumer Services,Adj,Dec,EPS,CY2025,1.258,1.37,+8.9%,1.298,-5.3%,1.281,-1.3%,103.73,81.0,+1.8%,+27.8%,+4.7%,+24.6%
SHAK,Extended,Food / Restaurants,Consumer Discretionary,Consumer Services,Adj,Dec,EPS,CY2026,1.564,1.726,+10.4%,1.496,-13.3%,1.384,-7.5%,103.73,74.9,-11.5%,+27.8%,+4.7%,+24.6%
SHAK,Extended,Food / Restaurants,Consumer Discretionary,Consumer Services,Adj,Dec,EPS,CY2027,1.891,2.22,+17.4%,1.897,-14.5%,1.758,-7.3%,103.73,59.0,-7.0%,+27.8%,+4.7%,+24.6%
SHAK,Extended,Food / Restaurants,Consumer Discretionary,Consumer Services,Adj,Dec,EPS,CY2028,2.567,2.82,+9.9%,2.687,-4.7%,2.292,-14.7%,103.73,45.3,-10.7%,+27.8%,+4.7%,+24.6%
ARCO,Extended,Food / Restaurants,Consumer Discretionary,Consumer Services,Adj,Dec,EPS,CY2025,0.728,0.578,-20.6%,0.953,+64.9%,0.807,-15.3%,8.96,11.1,+10.9%,+22.1%,+19.0%,+20.1%
ARCO,Extended,Food / Restaurants,Consumer Discretionary,Consumer Services,Adj,Dec,EPS,CY2026,0.846,0.725,-14.3%,0.67,-7.6%,0.684,+2.1%,8.96,13.1,-19.1%,+22.1%,+19.0%,+20.1%
ARCO,Extended,Food / Restaurants,Consumer Discretionary,Consumer Services,Adj,Dec,EPS,CY2027,0.942,0.816,-13.4%,0.813,-0.4%,0.796,-2.1%,8.96,11.3,-15.5%,+22.1%,+19.0%,+20.1%
ARCO,Extended,Food / Restaurants,Consumer Discretionary,Consumer Services,Adj,Dec,EPS,CY2028,1.053,0.92,-12.6%,0.857,-6.8%,0.944,+10.2%,8.96,9.5,-10.4%,+22.1%,+19.0%,+20.1%
EAT,Extended,Food / Restaurants,Consumer Discretionary,Consumer Services,Adj,Dec,EPS,CY2025,0.325,0.163,-49.8%,0.145,-11.0%,0.077,-46.9%,11.42,148.3,-76.3%,-14.8%,-18.7%,-31.0%
EAT,Extended,Food / Restaurants,Consumer Discretionary,Consumer Services,Adj,Dec,EPS,CY2026,0.405,0.265,-34.6%,0.33,+24.5%,0.17,-48.5%,11.42,67.2,-58.0%,-14.8%,-18.7%,-31.0%
EAT,Extended,Food / Restaurants,Consumer Discretionary,Consumer Services,Adj,Dec,EPS,CY2027,0.36,0.345,-4.2%,0.46,+33.3%,0.215,-53.3%,11.42,53.1,-40.3%,-14.8%,-18.7%,-31.0%
EAT,Extended,Food / Restaurants,Consumer Discretionary,Consumer Services,Adj,Dec,EPS,CY2028,,,,,,0.18,,11.42,63.4,,-14.8%,-18.7%,-31.0%
DMP,Extended,Food / Restaurants,Consumer Discretionary,Consumer Services,Adj,Jun,EPS,CY2025,1.304,1.266,-2.9%,1.266,+0.0%,1.266,+0.0%,17.93,14.2,-2.9%,-14.6%,-25.4%,-30.3%
DMP,Extended,Food / Restaurants,Consumer Discretionary,Consumer Services,Adj,Jun,EPS,CY2026,1.532,1.253,-18.2%,1.26,+0.6%,1.261,+0.1%,17.93,14.2,-17.7%,-14.6%,-25.4%,-30.3%
DMP,Extended,Food / Restaurants,Consumer Discretionary,Consumer Services,Adj,Jun,EPS,CY2027,1.799,1.413,-21.5%,1.427,+1.0%,1.399,-2.0%,17.93,12.8,-22.2%,-14.6%,-25.4%,-30.3%
DMP,Extended,Food / Restaurants,Consumer Discretionary,Consumer Services,Adj,Jun,EPS,CY2028,,1.626,,1.613,-0.8%,1.565,-3.0%,17.93,11.5,,-14.6%,-25.4%,-30.3%
DOM,Extended,Food / Restaurants,Consumer Discretionary,Consumer Services,Adj,Dec,EPS,CY2025,0.208,0.183,-12.0%,0.176,-3.8%,0.176,+0.0%,191.3,10.9,-15.4%,+10.3%,+5.2%,-31.0%
DOM,Extended,Food / Restaurants,Consumer Discretionary,Consumer Services,Adj,Dec,EPS,CY2026,0.229,0.199,-13.1%,0.184,-7.5%,0.18,-2.2%,191.3,10.6,-21.4%,+10.3%,+5.2%,-31.0%
DOM,Extended,Food / Restaurants,Consumer Discretionary,Consumer Services,Adj,Dec,EPS,CY2027,0.253,0.217,-14.2%,0.197,-9.2%,0.189,-4.1%,191.3,10.1,-25.3%,+10.3%,+5.2%,-31.0%
DOM,Extended,Food / Restaurants,Consumer Discretionary,Consumer Services,Adj,Dec,EPS,CY2028,0.252,0.23,-8.7%,0.219,-4.8%,0.203,-7.3%,191.3,9.4,-19.4%,+10.3%,+5.2%,-31.0%
LW,Extended,Food / Restaurants,Consumer Staples,"Food, Beverage & Tobacco",Adj,May,EPS,CY2025,3.133,3.116,-0.5%,3.116,+0.0%,3.116,+0.0%,44.82,14.4,-0.5%,+7.0%,+3.4%,-16.3%
LW,Extended,Food / Restaurants,Consumer Staples,"Food, Beverage & Tobacco",Adj,May,EPS,CY2026,3.528,3.101,-12.1%,2.72,-12.3%,2.803,+3.1%,44.82,16.0,-20.5%,+7.0%,+3.4%,-16.3%
LW,Extended,Food / Restaurants,Consumer Staples,"Food, Beverage & Tobacco",Adj,May,EPS,CY2027,3.911,3.548,-9.3%,3.036,-14.4%,2.972,-2.1%,44.82,15.1,-24.0%,+7.0%,+3.4%,-16.3%
LW,Extended,Food / Restaurants,Consumer Staples,"Food, Beverage & Tobacco",Adj,May,EPS,CY2028,4.96,4.058,-18.2%,3.543,-12.7%,3.409,-3.8%,44.82,13.1,-31.3%,+7.0%,+3.4%,-16.3%
SYY,Extended,Food / Restaurants,Consumer Staples,Consumer Staples Distribution,Adj,Jun,EPS,CY2025,4.562,4.376,-4.1%,4.376,+0.0%,4.376,+0.0%,76.27,17.4,-4.1%,+3.5%,-3.2%,+6.3%
SYY,Extended,Food / Restaurants,Consumer Staples,Consumer Staples Distribution,Adj,Jun,EPS,CY2026,4.928,4.568,-7.3%,4.565,-0.1%,4.59,+0.5%,76.27,16.6,-6.9%,+3.5%,-3.2%,+6.3%
SYY,Extended,Food / Restaurants,Consumer Staples,Consumer Staples Distribution,Adj,Jun,EPS,CY2027,5.377,5.059,-5.9%,5.052,-0.1%,5.018,-0.7%,76.27,15.2,-6.7%,+3.5%,-3.2%,+6.3%
SYY,Extended,Food / Restaurants,Consumer Staples,Consumer Staples Distribution,Adj,Jun,EPS,CY2028,5.948,5.472,-8.0%,5.474,+0.0%,5.405,-1.3%,76.27,14.1,-9.1%,+3.5%,-3.2%,+6.3%
USFD,Extended,Food / Restaurants,Consumer Staples,Consumer Staples Distribution,Adj,Dec,EPS,CY2025,3.81,3.882,+1.9%,3.944,+1.6%,3.941,-0.1%,93.69,23.8,+3.4%,+24.4%,+9.3%,+50.7%
USFD,Extended,Food / Restaurants,Consumer Staples,Consumer Staples Distribution,Adj,Dec,EPS,CY2026,4.572,4.633,+1.3%,4.708,+1.6%,4.778,+1.5%,93.69,19.6,+4.5%,+24.4%,+9.3%,+50.7%
USFD,Extended,Food / Restaurants,Consumer Staples,Consumer Staples Distribution,Adj,Dec,EPS,CY2027,5.325,5.435,+2.1%,5.521,+1.6%,5.631,+2.0%,93.69,16.6,+5.7%,+24.4%,+9.3%,+50.7%
USFD,Extended,Food / Restaurants,Consumer Staples,Consumer Staples Distribution,Adj,Dec,EPS,CY2028,6.713,6.334,-5.6%,6.586,+4.0%,6.575,-0.2%,93.69,14.2,-2.1%,+24.4%,+9.3%,+50.7%
PZZA,Extended,Food / Restaurants,Consumer Discretionary,Consumer Services,Adj,Dec,EPS,CY2025,1.811,1.751,-3.3%,1.426,-18.6%,1.406,-1.4%,37.46,26.6,-22.4%,-2.7%,+3.6%,+20.2%
PZZA,Extended,Food / Restaurants,Consumer Discretionary,Consumer Services,Adj,Dec,EPS,CY2026,2.44,2.209,-9.5%,1.844,-16.5%,1.541,-16.4%,37.46,24.3,-36.8%,-2.7%,+3.6%,+20.2%
PZZA,Extended,Food / Restaurants,Consumer Discretionary,Consumer Services,Adj,Dec,EPS,CY2027,2.858,2.522,-11.8%,2.233,-11.5%,1.838,-17.7%,37.46,20.4,-35.7%,-2.7%,+3.6%,+20.2%
PZZA,Extended,Food / Restaurants,Consumer Discretionary,Consumer Services,Adj,Dec,EPS,CY2028,3.775,3.765,-0.3%,2.475,-34.3%,1.984,-19.8%,37.46,18.9,-47.4%,-2.7%,+3.6%,+20.2%
CASY,Extended,Food / Restaurants,Consumer Staples,Consumer Staples Distribution,Adj,Apr,EPS,CY2025,14.088,13.951,-1.0%,13.951,+0.0%,13.951,+0.0%,754.72,54.1,-1.0%,+36.5%,+17.8%,+64.0%
CASY,Extended,Food / Restaurants,Consumer Staples,Consumer Staples Distribution,Adj,Apr,EPS,CY2026,15.819,16.413,+3.8%,17.274,+5.2%,18.181,+5.3%,754.72,41.5,+14.9%,+36.5%,+17.8%,+64.0%
CASY,Extended,Food / Restaurants,Consumer Staples,Consumer Staples Distribution,Adj,Apr,EPS,CY2027,17.843,18.268,+2.4%,19.047,+4.3%,20.029,+5.2%,754.72,37.7,+12.3%,+36.5%,+17.8%,+64.0%
CASY,Extended,Food / Restaurants,Consumer Staples,Consumer Staples Distribution,Adj,Apr,EPS,CY2028,19.695,20.488,+4.0%,21.13,+3.1%,22.18,+5.0%,754.72,34.0,+12.6%,+36.5%,+17.8%,+64.0%
ACI,Extended,Food / Restaurants,Consumer Staples,Consumer Staples Distribution,Adj,Feb,EPS,CY2025,2.172,2.159,-0.6%,2.134,-1.2%,2.143,+0.4%,16.7,7.8,-1.3%,-2.7%,-3.6%,-23.1%
ACI,Extended,Food / Restaurants,Consumer Staples,Consumer Staples Distribution,Adj,Feb,EPS,CY2026,2.277,2.319,+1.8%,2.284,-1.5%,2.285,+0.0%,16.7,7.3,+0.4%,-2.7%,-3.6%,-23.1%
ACI,Extended,Food / Restaurants,Consumer Staples,Consumer Staples Distribution,Adj,Feb,EPS,CY2027,2.432,2.49,+2.4%,2.481,-0.4%,2.447,-1.4%,16.7,6.8,+0.6%,-2.7%,-3.6%,-23.1%
ACI,Extended,Food / Restaurants,Consumer Staples,Consumer Staples Distribution,Adj,Feb,EPS,CY2028,2.203,2.358,+7.0%,2.51,+6.4%,2.648,+5.5%,16.7,6.3,+20.2%,-2.7%,-3.6%,-23.1%
DIN,Extended,Food / Restaurants,Consumer Discretionary,Consumer Services,Adj,Dec,EPS,CY2025,5.217,4.2,-19.5%,4.019,-4.3%,3.984,-0.9%,29.65,7.4,-23.6%,-7.7%,-21.6%,+46.6%
DIN,Extended,Food / Restaurants,Consumer Discretionary,Consumer Services,Adj,Dec,EPS,CY2026,5.374,4.572,-14.9%,4.87,+6.5%,4.587,-5.8%,29.65,6.5,-14.6%,-7.7%,-21.6%,+46.6%
DIN,Extended,Food / Restaurants,Consumer Discretionary,Consumer Services,Adj,Dec,EPS,CY2027,,5.37,,5.093,-5.2%,5.097,+0.1%,29.65,5.8,,-7.7%,-21.6%,+46.6%
DIN,Extended,Food / Restaurants,Consumer Discretionary,Consumer Services,Adj,Dec,EPS,CY2028,,6.9,,6.75,-2.2%,5.925,-12.2%,29.65,5.0,,-7.7%,-21.6%,+46.6%
KR,Extended,Food / Restaurants,Consumer Staples,Consumer Staples Distribution,Adj,Jan,EPS,CY2025,4.747,4.796,+1.0%,4.796,+0.0%,4.805,+0.2%,68.19,14.2,+1.2%,+9.1%,+7.9%,-4.3%
KR,Extended,Food / Restaurants,Consumer Staples,Consumer Staples Distribution,Adj,Jan,EPS,CY2026,5.129,5.254,+2.4%,5.269,+0.3%,5.231,-0.7%,68.19,13.0,+2.0%,+9.1%,+7.9%,-4.3%
KR,Extended,Food / Restaurants,Consumer Staples,Consumer Staples Distribution,Adj,Jan,EPS,CY2027,5.417,5.579,+3.0%,5.568,-0.2%,5.624,+1.0%,68.19,12.1,+3.8%,+9.1%,+7.9%,-4.3%
KR,Extended,Food / Restaurants,Consumer Staples,Consumer Staples Distribution,Adj,Jan,EPS,CY2028,5.18,5.558,+7.3%,5.758,+3.6%,5.961,+3.5%,68.19,11.4,+15.1%,+9.1%,+7.9%,-4.3%
MRSH,Extended,Insurance Brokers / Consultants,Financials,Insurance,Adj,Dec,EPS,CY2025,9.557,9.6,+0.4%,9.602,+0.0%,9.602,+0.0%,175.8,18.3,+0.5%,-5.2%,-3.6%,-20.1%
MRSH,Extended,Insurance Brokers / Consultants,Financials,Insurance,Adj,Dec,EPS,CY2026,10.453,10.268,-1.8%,10.284,+0.2%,10.356,+0.7%,175.8,17.0,-0.9%,-5.2%,-3.6%,-20.1%
MRSH,Extended,Insurance Brokers / Consultants,Financials,Insurance,Adj,Dec,EPS,CY2027,11.497,11.181,-2.7%,11.193,+0.1%,11.275,+0.7%,175.8,15.6,-1.9%,-5.2%,-3.6%,-20.1%
MRSH,Extended,Insurance Brokers / Consultants,Financials,Insurance,Adj,Dec,EPS,CY2028,13.12,12.837,-2.2%,12.405,-3.4%,12.338,-0.5%,175.8,14.2,-6.0%,-5.2%,-3.6%,-20.1%
WTW,Extended,Insurance Brokers / Consultants,Financials,Insurance,Adj,Dec,EPS,CY2025,16.858,16.972,+0.7%,16.946,-0.2%,16.945,-0.0%,297.64,17.6,+0.5%,-9.4%,-9.6%,-7.3%
WTW,Extended,Insurance Brokers / Consultants,Financials,Insurance,Adj,Dec,EPS,CY2026,19.199,19.314,+0.6%,19.303,-0.1%,19.624,+1.7%,297.64,15.2,+2.2%,-9.4%,-9.6%,-7.3%
WTW,Extended,Insurance Brokers / Consultants,Financials,Insurance,Adj,Dec,EPS,CY2027,22.065,22.073,+0.0%,22.111,+0.2%,22.382,+1.2%,297.64,13.3,+1.4%,-9.4%,-9.6%,-7.3%
WTW,Extended,Insurance Brokers / Consultants,Financials,Insurance,Adj,Dec,EPS,CY2028,25.01,24.44,-2.3%,24.224,-0.9%,25.335,+4.6%,297.64,11.7,+1.3%,-9.4%,-9.6%,-7.3%
AJG,Extended,Insurance Brokers / Consultants,Financials,Insurance,Adj,Dec,EPS,CY2025,10.988,11.113,+1.1%,10.7,-3.7%,10.7,+0.0%,221.61,20.7,-2.6%,-14.4%,-14.3%,-32.7%
AJG,Extended,Insurance Brokers / Consultants,Financials,Insurance,Adj,Dec,EPS,CY2026,13.38,13.432,+0.4%,13.358,-0.6%,13.222,-1.0%,221.61,16.8,-1.2%,-14.4%,-14.3%,-32.7%
AJG,Extended,Insurance Brokers / Consultants,Financials,Insurance,Adj,Dec,EPS,CY2027,15.185,15.019,-1.1%,14.907,-0.7%,14.861,-0.3%,221.61,14.9,-2.1%,-14.4%,-14.3%,-32.7%
AJG,Extended,Insurance Brokers / Consultants,Financials,Insurance,Adj,Dec,EPS,CY2028,16.76,15.735,-6.1%,15.98,+1.6%,16.748,+4.8%,221.61,13.2,-0.1%,-14.4%,-14.3%,-32.7%
BRO,Extended,Insurance Brokers / Consultants,Financials,Insurance,Adj,Dec,EPS,CY2025,4.207,4.181,-0.6%,4.264,+2.0%,4.264,+0.0%,67.72,15.9,+1.4%,-15.0%,-15.4%,-42.2%
BRO,Extended,Insurance Brokers / Consultants,Financials,Insurance,Adj,Dec,EPS,CY2026,4.581,4.717,+3.0%,4.632,-1.8%,4.547,-1.8%,67.72,14.9,-0.7%,-15.0%,-15.4%,-42.2%
BRO,Extended,Insurance Brokers / Consultants,Financials,Insurance,Adj,Dec,EPS,CY2027,5.02,5.189,+3.4%,5.096,-1.8%,4.931,-3.2%,67.72,13.7,-1.8%,-15.0%,-15.4%,-42.2%
BRO,Extended,Insurance Brokers / Consultants,Financials,Insurance,Adj,Dec,EPS,CY2028,,,,5.37,,5.343,-0.5%,67.72,12.7,,-15.0%,-15.4%,-42.2%
ACN,Extended,Insurance Brokers / Consultants,Information Technology,Software & Services,Adj,Aug,EPS,CY2025,12.731,12.899,+1.3%,12.899,+0.0%,12.899,+0.0%,197.65,15.3,+1.3%,-26.3%,-30.9%,-30.0%
ACN,Extended,Insurance Brokers / Consultants,Information Technology,Software & Services,Adj,Aug,EPS,CY2026,13.66,13.812,+1.1%,13.817,+0.0%,13.875,+0.4%,197.65,14.2,+1.6%,-26.3%,-30.9%,-30.0%
ACN,Extended,Insurance Brokers / Consultants,Information Technology,Software & Services,Adj,Aug,EPS,CY2027,14.967,14.894,-0.5%,14.89,-0.0%,14.931,+0.3%,197.65,13.2,-0.2%,-26.3%,-30.9%,-30.0%
ACN,Extended,Insurance Brokers / Consultants,Information Technology,Software & Services,Adj,Aug,EPS,CY2028,17.09,16.228,-5.0%,16.167,-0.4%,16.234,+0.4%,197.65,12.2,-5.0%,-26.3%,-30.9%,-30.0%
CTSH,Extended,Insurance Brokers / Consultants,Information Technology,Software & Services,Adj,Dec,EPS,CY2025,4.988,5.172,+3.7%,5.25,+1.5%,5.248,-0.0%,61.3,11.7,+5.2%,-26.1%,-27.7%,-11.7%
CTSH,Extended,Insurance Brokers / Consultants,Information Technology,Software & Services,Adj,Dec,EPS,CY2026,5.366,5.551,+3.4%,5.63,+1.4%,5.653,+0.4%,61.3,10.8,+5.3%,-26.1%,-27.7%,-11.7%
CTSH,Extended,Insurance Brokers / Consultants,Information Technology,Software & Services,Adj,Dec,EPS,CY2027,5.826,5.995,+2.9%,6.113,+2.0%,6.124,+0.2%,61.3,10.0,+5.1%,-26.1%,-27.7%,-11.7%
CTSH,Extended,Insurance Brokers / Consultants,Information Technology,Software & Services,Adj,Dec,EPS,CY2028,,6.48,,6.625,+2.2%,6.672,+0.7%,61.3,9.2,,-26.1%,-27.7%,-11.7%
CNDT,Extended,Insurance Brokers / Consultants,Industrials,Commercial & Professional Serv,Adj,Dec,EPS,CY2025,-0.34,-0.285,+16.2%,-0.42,-47.4%,-0.42,+0.0%,1.63,-3.9,-23.5%,-15.1%,-19.3%,-20.5%
CNDT,Extended,Insurance Brokers / Consultants,Industrials,Commercial & Professional Serv,Adj,Dec,EPS,CY2026,,0.02,,0.005,-75.0%,-0.46,-9300.0%,1.63,-3.5,,-15.1%,-19.3%,-20.5%
CNDT,Extended,Insurance Brokers / Consultants,Industrials,Commercial & Professional Serv,Adj,Dec,EPS,CY2027,,,,0.16,,-0.12,-175.0%,1.63,-13.6,,-15.1%,-19.3%,-20.5%
CNDT,Extended,Insurance Brokers / Consultants,Industrials,Commercial & Professional Serv,Adj,Dec,EPS,CY2028,,,,,,,,1.63,,,-15.1%,-19.3%,-20.5%
TCS,Extended,Insurance Brokers / Consultants,Information Technology,Software & Services,GAAP,Mar,EPS,CY2025,143.611,141.76,-1.3%,139.904,-1.3%,140.162,+0.2%,2581.5,18.4,-2.4%,-18.3%,-18.4%,-20.6%
TCS,Extended,Insurance Brokers / Consultants,Information Technology,Software & Services,GAAP,Mar,EPS,CY2026,157.824,151.714,-3.9%,153.55,+1.2%,155.676,+1.4%,2581.5,16.6,-1.4%,-18.3%,-18.4%,-20.6%
TCS,Extended,Insurance Brokers / Consultants,Information Technology,Software & Services,GAAP,Mar,EPS,CY2027,169.189,162.906,-3.7%,166.021,+1.9%,165.57,-0.3%,2581.5,15.6,-2.1%,-18.3%,-18.4%,-20.6%
TCS,Extended,Insurance Brokers / Consultants,Information Technology,Software & Services,GAAP,Mar,EPS,CY2028,211.22,170.003,-19.5%,179.84,+5.8%,173.379,-3.6%,2581.5,14.9,-17.9%,-18.3%,-18.4%,-20.6%
DXC,Extended,Insurance Brokers / Consultants,Information Technology,Software & Services,Adj,Mar,EPS,CY2025,3.407,3.098,-9.1%,3.099,+0.0%,3.178,+2.5%,12.97,4.1,-6.7%,-11.5%,-11.0%,-9.7%
DXC,Extended,Insurance Brokers / Consultants,Information Technology,Software & Services,Adj,Mar,EPS,CY2026,3.484,3.142,-9.8%,3.137,-0.2%,3.289,+4.8%,12.97,3.9,-5.6%,-11.5%,-11.0%,-9.7%
DXC,Extended,Insurance Brokers / Consultants,Information Technology,Software & Services,Adj,Mar,EPS,CY2027,,3.374,,3.326,-1.4%,3.628,+9.1%,12.97,3.6,,-11.5%,-11.0%,-9.7%
DXC,Extended,Insurance Brokers / Consultants,Information Technology,Software & Services,Adj,Mar,EPS,CY2028,,,,2.84,,3.64,+28.2%,12.97,3.6,,-11.5%,-11.0%,-9.7%
RHI,Extended,Insurance Brokers / Consultants,Industrials,Commercial & Professional Serv,Adj,Dec,EPS,CY2025,2.534,1.479,-41.6%,1.327,-10.3%,1.327,+0.0%,27.44,20.7,-47.6%,+1.0%,-3.2%,-39.6%
RHI,Extended,Insurance Brokers / Consultants,Industrials,Commercial & Professional Serv,Adj,Dec,EPS,CY2026,3.5,2.194,-37.3%,1.672,-23.8%,1.465,-12.4%,27.44,18.7,-58.1%,+1.0%,-3.2%,-39.6%
RHI,Extended,Insurance Brokers / Consultants,Industrials,Commercial & Professional Serv,Adj,Dec,EPS,CY2027,4.68,3.255,-30.4%,2.428,-25.4%,2.271,-6.5%,27.44,12.1,-51.5%,+1.0%,-3.2%,-39.6%
RHI,Extended,Insurance Brokers / Consultants,Industrials,Commercial & Professional Serv,Adj,Dec,EPS,CY2028,4.81,4.33,-10.0%,2.82,-34.9%,2.866,+1.6%,27.44,9.6,-40.4%,+1.0%,-3.2%,-39.6%
MAN,Extended,Insurance Brokers / Consultants,Industrials,Commercial & Professional Serv,Adj,Dec,EPS,CY2025,3.342,2.905,-13.1%,2.871,-1.2%,2.87,-0.0%,31.13,10.8,-14.1%,+4.7%,+3.5%,-22.3%
MAN,Extended,Insurance Brokers / Consultants,Industrials,Commercial & Professional Serv,Adj,Dec,EPS,CY2026,4.776,3.873,-18.9%,3.81,-1.6%,3.64,-4.5%,31.13,8.6,-23.8%,+4.7%,+3.5%,-22.3%
MAN,Extended,Insurance Brokers / Consultants,Industrials,Commercial & Professional Serv,Adj,Dec,EPS,CY2027,5.855,5.537,-5.4%,5.289,-4.5%,4.754,-10.1%,31.13,6.5,-18.8%,+4.7%,+3.5%,-22.3%
MAN,Extended,Insurance Brokers / Consultants,Industrials,Commercial & Professional Serv,Adj,Dec,EPS,CY2028,5.6,6.42,+14.6%,5.885,-8.3%,6.29,+6.9%,31.13,4.9,+12.3%,+4.7%,+3.5%,-22.3%
FCN,Extended,Insurance Brokers / Consultants,Industrials,Commercial & Professional Serv,Adj,Dec,EPS,CY2025,8.093,8.187,+1.2%,8.513,+4.0%,8.513,+0.0%,179.5,21.1,+5.2%,+5.1%,+0.7%,+8.6%
FCN,Extended,Insurance Brokers / Consultants,Industrials,Commercial & Professional Serv,Adj,Dec,EPS,CY2026,8.833,9.243,+4.6%,9.48,+2.6%,9.28,-2.1%,179.5,19.3,+5.1%,+5.1%,+0.7%,+8.6%
FCN,Extended,Insurance Brokers / Consultants,Industrials,Commercial & Professional Serv,Adj,Dec,EPS,CY2027,10.13,10.555,+4.2%,11.115,+5.3%,11.067,-0.4%,179.5,16.2,+9.2%,+5.1%,+0.7%,+8.6%
FCN,Extended,Insurance Brokers / Consultants,Industrials,Commercial & Professional Serv,Adj,Dec,EPS,CY2028,,,,,,12.19,,179.5,14.7,,+5.1%,+0.7%,+8.6%
JLL,Extended,Insurance Brokers / Consultants,Real Estate,Real Estate Management & Devel,Adj,Dec,EPS,CY2025,16.7,16.839,+0.8%,17.383,+3.2%,17.431,+0.3%,346.43,19.9,+4.4%,+3.0%,-2.6%,+64.1%
JLL,Extended,Insurance Brokers / Consultants,Real Estate,Real Estate Management & Devel,Adj,Dec,EPS,CY2026,19.301,20.103,+4.2%,20.364,+1.3%,22.038,+8.2%,346.43,15.7,+14.2%,+3.0%,-2.6%,+64.1%
JLL,Extended,Insurance Brokers / Consultants,Real Estate,Real Estate Management & Devel,Adj,Dec,EPS,CY2027,21.763,22.862,+5.0%,23.144,+1.2%,24.951,+7.8%,346.43,13.9,+14.6%,+3.0%,-2.6%,+64.1%
JLL,Extended,Insurance Brokers / Consultants,Real Estate,Real Estate Management & Devel,Adj,Dec,EPS,CY2028,25.198,25.753,+2.2%,26.288,+2.1%,28.149,+7.1%,346.43,12.3,+11.7%,+3.0%,-2.6%,+64.1%
G,Extended,Insurance Brokers / Consultants,Industrials,Commercial & Professional Serv,Adj,Dec,EPS,CY2025,3.532,3.549,+0.5%,3.619,+2.0%,3.619,+0.0%,36.93,10.2,+2.5%,-21.1%,-19.6%,-22.4%
G,Extended,Insurance Brokers / Consultants,Industrials,Commercial & Professional Serv,Adj,Dec,EPS,CY2026,3.882,3.883,+0.0%,3.955,+1.9%,4.02,+1.6%,36.93,9.2,+3.6%,-21.1%,-19.6%,-22.4%
G,Extended,Insurance Brokers / Consultants,Industrials,Commercial & Professional Serv,Adj,Dec,EPS,CY2027,4.25,4.332,+1.9%,4.429,+2.2%,4.448,+0.4%,36.93,8.3,+4.7%,-21.1%,-19.6%,-22.4%
G,Extended,Insurance Brokers / Consultants,Industrials,Commercial & Professional Serv,Adj,Dec,EPS,CY2028,5.03,4.675,-7.1%,4.9,+4.8%,5.0,+2.0%,36.93,7.4,-0.6%,-21.1%,-19.6%,-22.4%
CBRE,Extended,Insurance Brokers / Consultants,Real Estate,Real Estate Management & Devel,Adj,Dec,EPS,CY2025,5.94,6.186,+4.1%,6.338,+2.5%,6.337,-0.0%,151.51,23.9,+6.7%,-5.8%,-11.7%,+28.8%
CBRE,Extended,Insurance Brokers / Consultants,Real Estate,Real Estate Management & Devel,Adj,Dec,EPS,CY2026,7.02,7.321,+4.3%,7.344,+0.3%,7.475,+1.8%,151.51,20.3,+6.5%,-5.8%,-11.7%,+28.8%
CBRE,Extended,Insurance Brokers / Consultants,Real Estate,Real Estate Management & Devel,Adj,Dec,EPS,CY2027,8.018,8.494,+5.9%,8.554,+0.7%,8.567,+0.2%,151.51,17.7,+6.8%,-5.8%,-11.7%,+28.8%
CBRE,Extended,Insurance Brokers / Consultants,Real Estate,Real Estate Management & Devel,Adj,Dec,EPS,CY2028,9.308,9.69,+4.1%,9.763,+0.8%,9.708,-0.6%,151.51,15.6,+4.3%,-5.8%,-11.7%,+28.8%
NSP,Extended,Insurance Brokers / Consultants,Industrials,Commercial & Professional Serv,Adj,Dec,EPS,CY2025,3.474,2.11,-39.3%,1.144,-45.8%,1.144,+0.0%,28.9,25.3,-67.1%,-25.4%,-38.0%,-63.4%
NSP,Extended,Insurance Brokers / Consultants,Industrials,Commercial & Professional Serv,Adj,Dec,EPS,CY2026,4.162,2.982,-28.4%,2.438,-18.2%,2.142,-12.1%,28.9,13.5,-48.5%,-25.4%,-38.0%,-63.4%
NSP,Extended,Insurance Brokers / Consultants,Industrials,Commercial & Professional Serv,Adj,Dec,EPS,CY2027,,3.96,,3.513,-11.3%,3.092,-12.0%,28.9,9.3,,-25.4%,-38.0%,-63.4%
NSP,Extended,Insurance Brokers / Consultants,Industrials,Commercial & Professional Serv,Adj,Dec,EPS,CY2028,,4.61,,4.38,-5.0%,3.92,-10.5%,28.9,7.4,,-25.4%,-38.0%,-63.4%
BAC,Extended,Banks,Financials,Banks,GAAP,Dec,EPS,CY2025,3.632,3.772,+3.9%,3.818,+1.2%,3.818,+0.0%,53.91,14.1,+5.1%,-2.0%,+1.8%,+44.1%
BAC,Extended,Banks,Financials,Banks,GAAP,Dec,EPS,CY2026,4.223,4.323,+2.4%,4.324,+0.0%,4.432,+2.5%,53.91,12.2,+4.9%,-2.0%,+1.8%,+44.1%
BAC,Extended,Banks,Financials,Banks,GAAP,Dec,EPS,CY2027,4.596,4.89,+6.4%,4.957,+1.4%,5.036,+1.6%,53.91,10.7,+9.6%,-2.0%,+1.8%,+44.1%
BAC,Extended,Banks,Financials,Banks,GAAP,Dec,EPS,CY2028,4.15,4.71,+13.5%,5.65,+20.0%,5.753,+1.8%,53.91,9.4,+38.6%,-2.0%,+1.8%,+44.1%
WFC,Extended,Banks,Financials,Banks,GAAP,Dec,EPS,CY2025,5.826,6.266,+7.6%,6.332,+1.1%,6.332,+0.0%,81.41,12.9,+8.7%,-12.7%,-7.9%,+25.8%
WFC,Extended,Banks,Financials,Banks,GAAP,Dec,EPS,CY2026,6.547,6.908,+5.5%,6.98,+1.0%,6.979,-0.0%,81.41,11.7,+6.6%,-12.7%,-7.9%,+25.8%
WFC,Extended,Banks,Financials,Banks,GAAP,Dec,EPS,CY2027,7.466,7.888,+5.7%,7.932,+0.6%,7.874,-0.7%,81.41,10.3,+5.5%,-12.7%,-7.9%,+25.8%
WFC,Extended,Banks,Financials,Banks,GAAP,Dec,EPS,CY2028,8.26,8.73,+5.7%,8.795,+0.7%,8.773,-0.3%,81.41,9.3,+6.2%,-12.7%,-7.9%,+25.8%
USB,Extended,Banks,Financials,Banks,Adj,Dec,EPS,CY2025,4.302,4.501,+4.6%,4.573,+1.6%,4.573,+0.0%,56.93,12.4,+6.3%,+6.7%,+4.7%,+49.0%
USB,Extended,Banks,Financials,Banks,Adj,Dec,EPS,CY2026,4.759,4.861,+2.1%,4.949,+1.8%,5.099,+3.0%,56.93,11.2,+7.1%,+6.7%,+4.7%,+49.0%
USB,Extended,Banks,Financials,Banks,Adj,Dec,EPS,CY2027,4.91,5.304,+8.0%,5.408,+2.0%,5.667,+4.8%,56.93,10.0,+15.4%,+6.7%,+4.7%,+49.0%
USB,Extended,Banks,Financials,Banks,Adj,Dec,EPS,CY2028,4.77,4.76,-0.2%,5.713,+20.0%,6.109,+6.9%,56.93,9.3,+28.1%,+6.7%,+4.7%,+49.0%
PNC,Extended,Banks,Financials,Banks,Adj,Dec,EPS,CY2025,15.0,15.855,+5.7%,16.078,+1.4%,16.078,+0.0%,224.81,14.0,+7.2%,+7.7%,+0.7%,+47.6%
PNC,Extended,Banks,Financials,Banks,Adj,Dec,EPS,CY2026,17.109,17.752,+3.8%,18.277,+3.0%,18.739,+2.5%,224.81,12.0,+9.5%,+7.7%,+0.7%,+47.6%
PNC,Extended,Banks,Financials,Banks,Adj,Dec,EPS,CY2027,18.745,19.568,+4.4%,20.337,+3.9%,20.982,+3.2%,224.81,10.7,+11.9%,+7.7%,+0.7%,+47.6%
PNC,Extended,Banks,Financials,Banks,Adj,Dec,EPS,CY2028,16.81,16.53,-1.7%,22.17,+34.1%,22.934,+3.4%,224.81,9.8,+36.4%,+7.7%,+0.7%,+47.6%
GS,Extended,Banks,Financials,Financial Services,GAAP,Dec,EPS,CY2025,44.571,48.286,+8.3%,49.193,+1.9%,49.193,+0.0%,925.95,18.8,+10.4%,+5.3%,-3.7%,+81.7%
GS,Extended,Banks,Financials,Financial Services,GAAP,Dec,EPS,CY2026,50.153,54.997,+9.7%,57.435,+4.4%,59.44,+3.5%,925.95,15.6,+18.5%,+5.3%,-3.7%,+81.7%
GS,Extended,Banks,Financials,Financial Services,GAAP,Dec,EPS,CY2027,55.044,61.612,+11.9%,64.053,+4.0%,65.41,+2.1%,925.95,14.2,+18.8%,+5.3%,-3.7%,+81.7%
GS,Extended,Banks,Financials,Financial Services,GAAP,Dec,EPS,CY2028,56.067,65.844,+17.4%,68.028,+3.3%,69.972,+2.9%,925.95,13.2,+24.8%,+5.3%,-3.7%,+81.7%
MS,Extended,Banks,Financials,Financial Services,GAAP,Dec,EPS,CY2025,8.565,9.663,+12.8%,9.922,+2.7%,9.922,+0.0%,188.82,19.0,+15.8%,+6.4%,-0.1%,+72.9%
MS,Extended,Banks,Financials,Financial Services,GAAP,Dec,EPS,CY2026,9.218,10.241,+11.1%,11.172,+9.1%,11.777,+5.4%,188.82,16.0,+27.8%,+6.4%,-0.1%,+72.9%
MS,Extended,Banks,Financials,Financial Services,GAAP,Dec,EPS,CY2027,10.039,11.293,+12.5%,12.06,+6.8%,12.658,+5.0%,188.82,14.9,+26.1%,+6.4%,-0.1%,+72.9%
MS,Extended,Banks,Financials,Financial Services,GAAP,Dec,EPS,CY2028,10.59,12.473,+17.8%,12.685,+1.7%,13.543,+6.8%,188.82,13.9,+27.9%,+6.4%,-0.1%,+72.9%
C,Extended,Banks,Financials,Banks,GAAP,Dec,EPS,CY2025,7.248,7.574,+4.5%,7.213,-4.8%,7.213,+0.0%,132.18,18.3,-0.5%,+13.3%,+12.0%,+109.0%
C,Extended,Banks,Financials,Banks,GAAP,Dec,EPS,CY2026,9.187,9.896,+7.7%,10.191,+3.0%,10.69,+4.9%,132.18,12.4,+16.4%,+13.3%,+12.0%,+109.0%
C,Extended,Banks,Financials,Banks,GAAP,Dec,EPS,CY2027,10.655,11.656,+9.4%,11.793,+1.2%,12.301,+4.3%,132.18,10.7,+15.4%,+13.3%,+12.0%,+109.0%
C,Extended,Banks,Financials,Banks,GAAP,Dec,EPS,CY2028,8.21,9.43,+14.9%,11.825,+25.4%,14.16,+19.7%,132.18,9.3,+72.5%,+13.3%,+12.0%,+109.0%
TFC,Extended,Banks,Financials,Banks,Adj,Dec,EPS,CY2025,3.9,3.906,+0.2%,3.966,+1.5%,3.966,+0.0%,50.57,12.8,+1.7%,+2.8%,+1.2%,+40.9%
TFC,Extended,Banks,Financials,Banks,Adj,Dec,EPS,CY2026,4.434,4.448,+0.3%,4.499,+1.1%,4.488,-0.2%,50.57,11.3,+1.2%,+2.8%,+1.2%,+40.9%
TFC,Extended,Banks,Financials,Banks,Adj,Dec,EPS,CY2027,4.73,5.009,+5.9%,5.071,+1.2%,5.114,+0.8%,50.57,9.9,+8.1%,+2.8%,+1.2%,+40.9%
TFC,Extended,Banks,Financials,Banks,Adj,Dec,EPS,CY2028,4.86,4.77,-1.9%,5.505,+15.4%,5.724,+4.0%,50.57,8.8,+17.8%,+2.8%,+1.2%,+40.9%
MTB,Extended,Banks,Financials,Banks,Adj,Dec,EPS,CY2025,15.936,16.67,+4.6%,16.715,+0.3%,16.715,+0.0%,218.79,13.1,+4.9%,+8.6%,+3.1%,+36.5%
MTB,Extended,Banks,Financials,Banks,Adj,Dec,EPS,CY2026,18.34,18.719,+2.1%,18.757,+0.2%,18.73,-0.1%,218.79,11.7,+2.1%,+8.6%,+3.1%,+36.5%
MTB,Extended,Banks,Financials,Banks,Adj,Dec,EPS,CY2027,20.014,20.763,+3.7%,21.094,+1.6%,20.951,-0.7%,218.79,10.4,+4.7%,+8.6%,+3.1%,+36.5%
MTB,Extended,Banks,Financials,Banks,Adj,Dec,EPS,CY2028,14.44,20.0,+38.5%,23.64,+18.2%,23.079,-2.4%,218.79,9.5,+59.8%,+8.6%,+3.1%,+36.5%
BK,Extended,Banks,Financials,Financial Services,Adj,Dec,EPS,CY2025,6.751,7.381,+9.3%,7.393,+0.2%,7.393,+0.0%,135.1,18.3,+9.5%,+16.4%,+11.3%,+77.0%
BK,Extended,Banks,Financials,Financial Services,Adj,Dec,EPS,CY2026,7.56,8.147,+7.8%,8.384,+2.9%,8.583,+2.4%,135.1,15.7,+13.5%,+16.4%,+11.3%,+77.0%
BK,Extended,Banks,Financials,Financial Services,Adj,Dec,EPS,CY2027,8.414,9.096,+8.1%,9.389,+3.2%,9.499,+1.2%,135.1,14.2,+12.9%,+16.4%,+11.3%,+77.0%
BK,Extended,Banks,Financials,Financial Services,Adj,Dec,EPS,CY2028,,10.34,,10.413,+0.7%,10.481,+0.7%,135.1,12.9,,+16.4%,+11.3%,+77.0%
STT,Extended,Banks,Financials,Financial Services,Adj,Dec,EPS,CY2025,9.41,10.12,+7.5%,10.201,+0.8%,10.201,+0.0%,145.43,14.3,+8.4%,+12.7%,+13.6%,+79.0%
STT,Extended,Banks,Financials,Financial Services,Adj,Dec,EPS,CY2026,10.339,11.326,+9.5%,11.644,+2.8%,11.917,+2.3%,145.43,12.2,+15.3%,+12.7%,+13.6%,+79.0%
STT,Extended,Banks,Financials,Financial Services,Adj,Dec,EPS,CY2027,11.533,12.702,+10.1%,13.027,+2.6%,13.311,+2.2%,145.43,10.9,+15.4%,+12.7%,+13.6%,+79.0%
STT,Extended,Banks,Financials,Financial Services,Adj,Dec,EPS,CY2028,12.0,13.92,+16.0%,14.207,+2.1%,15.095,+6.3%,145.43,9.6,+25.8%,+12.7%,+13.6%,+79.0%
CB,Extended,Insurance and reinsurance,Financials,Insurance,Adj,Dec,EPS,CY2025,20.997,22.31,+6.3%,24.033,+7.7%,24.264,+1.0%,330.83,13.6,+15.6%,+6.0%,+10.0%,+15.8%
CB,Extended,Insurance and reinsurance,Financials,Insurance,Adj,Dec,EPS,CY2026,25.535,25.622,+0.3%,26.428,+3.1%,26.907,+1.8%,330.83,12.3,+5.4%,+6.0%,+10.0%,+15.8%
CB,Extended,Insurance and reinsurance,Financials,Insurance,Adj,Dec,EPS,CY2027,27.87,27.699,-0.6%,28.547,+3.1%,29.179,+2.2%,330.83,11.3,+4.7%,+6.0%,+10.0%,+15.8%
CB,Extended,Insurance and reinsurance,Financials,Insurance,Adj,Dec,EPS,CY2028,27.437,26.733,-2.6%,30.464,+14.0%,31.646,+3.9%,330.83,10.5,+15.3%,+6.0%,+10.0%,+15.8%
CCC,Extended,Insurance and reinsurance,Information Technology,Software & Services,Adj,Dec,EPS,CY2025,0.367,0.353,-3.8%,0.355,+0.6%,0.355,+0.0%,5.64,15.9,-3.3%,-29.1%,-29.5%,-34.9%
CCC,Extended,Insurance and reinsurance,Information Technology,Software & Services,Adj,Dec,EPS,CY2026,0.432,0.405,-6.2%,0.419,+3.5%,0.418,-0.2%,5.64,13.5,-3.2%,-29.1%,-29.5%,-34.9%
CCC,Extended,Insurance and reinsurance,Information Technology,Software & Services,Adj,Dec,EPS,CY2027,0.463,0.474,+2.4%,0.469,-1.1%,0.476,+1.5%,5.64,11.8,+2.8%,-29.1%,-29.5%,-34.9%
CCC,Extended,Insurance and reinsurance,Information Technology,Software & Services,Adj,Dec,EPS,CY2028,,0.54,,0.55,+1.9%,0.54,-1.8%,5.64,10.4,,-29.1%,-29.5%,-34.9%
ALL,Extended,Insurance and reinsurance,Financials,Insurance,Adj,Dec,EPS,CY2025,17.463,24.124,+38.1%,29.64,+22.9%,29.659,+0.1%,216.16,7.3,+69.8%,+3.8%,+12.4%,+11.0%
ALL,Extended,Insurance and reinsurance,Financials,Insurance,Adj,Dec,EPS,CY2026,21.323,23.119,+8.4%,24.205,+4.7%,25.791,+6.6%,216.16,8.4,+21.0%,+3.8%,+12.4%,+11.0%
ALL,Extended,Insurance and reinsurance,Financials,Insurance,Adj,Dec,EPS,CY2027,22.958,23.388,+1.9%,24.455,+4.6%,25.643,+4.9%,216.16,8.4,+11.7%,+3.8%,+12.4%,+11.0%
ALL,Extended,Insurance and reinsurance,Financials,Insurance,Adj,Dec,EPS,CY2028,20.117,20.293,+0.9%,23.376,+15.2%,24.528,+4.9%,216.16,8.8,+21.9%,+3.8%,+12.4%,+11.0%
TRV,Extended,Insurance and reinsurance,Financials,Insurance,Adj,Dec,EPS,CY2025,18.229,24.24,+33.0%,25.385,+4.7%,25.409,+0.1%,300.81,11.8,+39.4%,+3.7%,+11.7%,+17.6%
TRV,Extended,Insurance and reinsurance,Financials,Insurance,Adj,Dec,EPS,CY2026,24.373,26.377,+8.2%,26.907,+2.0%,27.771,+3.2%,300.81,10.8,+13.9%,+3.7%,+11.7%,+17.6%
TRV,Extended,Insurance and reinsurance,Financials,Insurance,Adj,Dec,EPS,CY2027,26.399,27.764,+5.2%,28.09,+1.2%,28.45,+1.3%,300.81,10.6,+7.8%,+3.7%,+11.7%,+17.6%
TRV,Extended,Insurance and reinsurance,Financials,Insurance,Adj,Dec,EPS,CY2028,25.42,28.475,+12.0%,28.27,-0.7%,28.561,+1.0%,300.81,10.5,+12.4%,+3.7%,+11.7%,+17.6%
AIG,Extended,Insurance and reinsurance,Financials,Insurance,Adj,Dec,EPS,CY2025,6.148,6.516,+6.0%,7.039,+8.0%,7.011,-0.4%,78.68,11.2,+14.0%,-8.0%,+7.9%,-3.0%
AIG,Extended,Insurance and reinsurance,Financials,Insurance,Adj,Dec,EPS,CY2026,7.727,7.751,+0.3%,7.874,+1.6%,7.797,-1.0%,78.68,10.1,+0.9%,-8.0%,+7.9%,-3.0%
AIG,Extended,Insurance and reinsurance,Financials,Insurance,Adj,Dec,EPS,CY2027,8.795,8.723,-0.8%,8.757,+0.4%,8.83,+0.8%,78.68,8.9,+0.4%,-8.0%,+7.9%,-3.0%
AIG,Extended,Insurance and reinsurance,Financials,Insurance,Adj,Dec,EPS,CY2028,8.09,8.097,+0.1%,9.006,+11.2%,9.448,+4.9%,78.68,8.3,+16.8%,-8.0%,+7.9%,-3.0%
ACGL,Extended,Insurance and reinsurance,Financials,Insurance,Adj,Dec,EPS,CY2025,7.656,8.575,+12.0%,9.404,+9.7%,9.436,+0.3%,97.59,10.3,+23.2%,+1.7%,+7.7%,+5.4%
ACGL,Extended,Insurance and reinsurance,Financials,Insurance,Adj,Dec,EPS,CY2026,9.375,9.204,-1.8%,9.389,+2.0%,9.38,-0.1%,97.59,10.4,+0.1%,+1.7%,+7.7%,+5.4%
ACGL,Extended,Insurance and reinsurance,Financials,Insurance,Adj,Dec,EPS,CY2027,9.915,9.876,-0.4%,10.106,+2.3%,10.087,-0.2%,97.59,9.7,+1.7%,+1.7%,+7.7%,+5.4%
ACGL,Extended,Insurance and reinsurance,Financials,Insurance,Adj,Dec,EPS,CY2028,10.26,10.23,-0.3%,10.996,+7.5%,10.796,-1.8%,97.59,9.0,+5.2%,+1.7%,+7.7%,+5.4%
HIG,Extended,Insurance and reinsurance,Financials,Insurance,Adj,Dec,EPS,CY2025,10.976,11.972,+9.1%,12.617,+5.4%,12.624,+0.1%,139.84,11.1,+15.0%,+1.5%,+7.9%,+18.7%
HIG,Extended,Insurance and reinsurance,Financials,Insurance,Adj,Dec,EPS,CY2026,12.717,13.175,+3.6%,13.323,+1.1%,13.383,+0.5%,139.84,10.4,+5.2%,+1.5%,+7.9%,+18.7%
HIG,Extended,Insurance and reinsurance,Financials,Insurance,Adj,Dec,EPS,CY2027,13.979,14.354,+2.7%,14.357,+0.0%,14.499,+1.0%,139.84,9.6,+3.7%,+1.5%,+7.9%,+18.7%
HIG,Extended,Insurance and reinsurance,Financials,Insurance,Adj,Dec,EPS,CY2028,14.81,15.06,+1.7%,15.63,+3.8%,15.796,+1.1%,139.84,8.9,+6.7%,+1.5%,+7.9%,+18.7%
WRB,Extended,Insurance and reinsurance,Financials,Insurance,Adj,Dec,EPS,CY2025,4.314,4.312,-0.0%,4.3,-0.3%,4.302,+0.0%,66.83,15.5,-0.3%,-4.7%,-1.5%,-0.8%
WRB,Extended,Insurance and reinsurance,Financials,Insurance,Adj,Dec,EPS,CY2026,4.78,4.694,-1.8%,4.642,-1.1%,4.519,-2.6%,66.83,14.8,-5.5%,-4.7%,-1.5%,-0.8%
WRB,Extended,Insurance and reinsurance,Financials,Insurance,Adj,Dec,EPS,CY2027,5.183,5.097,-1.7%,4.928,-3.3%,4.823,-2.1%,66.83,13.9,-6.9%,-4.7%,-1.5%,-0.8%
WRB,Extended,Insurance and reinsurance,Financials,Insurance,Adj,Dec,EPS,CY2028,5.255,5.155,-1.9%,5.058,-1.9%,5.117,+1.2%,66.83,13.1,-2.6%,-4.7%,-1.5%,-0.8%
MKL,Extended,Insurance and reinsurance,Financials,Insurance,Adj,Dec,EPS,CY2025,112.171,118.398,+5.6%,127.152,+7.4%,120.76,-5.0%,1988.36,16.5,+7.7%,-7.5%,-3.5%,+12.4%
MKL,Extended,Insurance and reinsurance,Financials,Insurance,Adj,Dec,EPS,CY2026,125.616,125.09,-0.4%,125.21,+0.1%,143.398,+14.5%,1988.36,13.9,+14.2%,-7.5%,-3.5%,+12.4%
MKL,Extended,Insurance and reinsurance,Financials,Insurance,Adj,Dec,EPS,CY2027,137.79,138.67,+0.6%,138.128,-0.4%,145.858,+5.6%,1988.36,13.6,+5.9%,-7.5%,-3.5%,+12.4%
MKL,Extended,Insurance and reinsurance,Financials,Insurance,Adj,Dec,EPS,CY2028,,185.44,,155.22,-16.3%,171.79,+10.7%,1988.36,11.6,,-7.5%,-3.5%,+12.4%
MET,Extended,Insurance and reinsurance,Financials,Insurance,Adj,Dec,EPS,CY2025,9.199,8.684,-5.6%,8.696,+0.1%,8.693,-0.0%,78.08,9.0,-5.5%,-1.1%,+1.7%,+7.6%
MET,Extended,Insurance and reinsurance,Financials,Insurance,Adj,Dec,EPS,CY2026,10.363,10.135,-2.2%,9.861,-2.7%,9.787,-0.8%,78.08,8.0,-5.6%,-1.1%,+1.7%,+7.6%
MET,Extended,Insurance and reinsurance,Financials,Insurance,Adj,Dec,EPS,CY2027,11.369,11.298,-0.6%,11.039,-2.3%,10.942,-0.9%,78.08,7.1,-3.8%,-1.1%,+1.7%,+7.6%
MET,Extended,Insurance and reinsurance,Financials,Insurance,Adj,Dec,EPS,CY2028,12.65,12.65,+0.0%,12.56,-0.7%,12.244,-2.5%,78.08,6.4,-3.2%,-1.1%,+1.7%,+7.6%
PRU,Extended,Insurance and reinsurance,Financials,Insurance,Adj,Dec,EPS,CY2025,13.703,13.878,+1.3%,14.501,+4.5%,14.497,-0.0%,101.65,7.0,+5.8%,-9.9%,-9.0%,+2.2%
PRU,Extended,Insurance and reinsurance,Financials,Insurance,Adj,Dec,EPS,CY2026,14.807,14.752,-0.4%,14.935,+1.2%,13.894,-7.0%,101.65,7.3,-6.2%,-9.9%,-9.0%,+2.2%
PRU,Extended,Insurance and reinsurance,Financials,Insurance,Adj,Dec,EPS,CY2027,15.839,15.765,-0.5%,15.8,+0.2%,15.204,-3.8%,101.65,6.7,-4.0%,-9.9%,-9.0%,+2.2%
PRU,Extended,Insurance and reinsurance,Financials,Insurance,Adj,Dec,EPS,CY2028,17.1,16.725,-2.2%,16.778,+0.3%,16.252,-3.1%,101.65,6.3,-5.0%,-9.9%,-9.0%,+2.2%
LNC,Extended,Insurance and reinsurance,Financials,Insurance,Adj,Dec,EPS,CY2025,7.297,7.784,+6.7%,7.913,+1.7%,7.909,-0.1%,36.89,4.7,+8.4%,-17.2%,-9.8%,+21.9%
LNC,Extended,Insurance and reinsurance,Financials,Insurance,Adj,Dec,EPS,CY2026,7.947,7.946,-0.0%,8.041,+1.2%,7.698,-4.3%,36.89,4.8,-3.1%,-17.2%,-9.8%,+21.9%
LNC,Extended,Insurance and reinsurance,Financials,Insurance,Adj,Dec,EPS,CY2027,8.58,8.613,+0.4%,8.68,+0.8%,8.438,-2.8%,36.89,4.4,-1.7%,-17.2%,-9.8%,+21.9%
LNC,Extended,Insurance and reinsurance,Financials,Insurance,Adj,Dec,EPS,CY2028,10.0,9.35,-6.5%,9.184,-1.8%,9.195,+0.1%,36.89,4.0,-8.0%,-17.2%,-9.8%,+21.9%
PRI,Extended,Insurance and reinsurance,Financials,Insurance,Adj,Dec,EPS,CY2025,20.804,21.614,+3.9%,22.296,+3.2%,22.301,+0.0%,272.89,12.2,+7.2%,+5.6%,+2.6%,+7.2%
PRI,Extended,Insurance and reinsurance,Financials,Insurance,Adj,Dec,EPS,CY2026,22.8,23.599,+3.5%,23.913,+1.3%,23.904,-0.0%,272.89,11.4,+4.8%,+5.6%,+2.6%,+7.2%
PRI,Extended,Insurance and reinsurance,Financials,Insurance,Adj,Dec,EPS,CY2027,24.56,25.574,+4.1%,26.111,+2.1%,26.163,+0.2%,272.89,10.4,+6.5%,+5.6%,+2.6%,+7.2%
PRI,Extended,Insurance and reinsurance,Financials,Insurance,Adj,Dec,EPS,CY2028,27.5,28.21,+2.6%,28.725,+1.8%,28.7,-0.1%,272.89,9.5,+4.4%,+5.6%,+2.6%,+7.2%
AFL,Extended,Insurance and reinsurance,Financials,Insurance,Adj,Dec,EPS,CY2025,6.789,6.909,+1.8%,7.617,+10.2%,7.614,-0.0%,114.52,15.0,+12.2%,+3.9%,+4.6%,+6.6%
AFL,Extended,Insurance and reinsurance,Financials,Insurance,Adj,Dec,EPS,CY2026,7.202,7.336,+1.9%,7.325,-0.1%,7.244,-1.1%,114.52,15.8,+0.6%,+3.9%,+4.6%,+6.6%
AFL,Extended,Insurance and reinsurance,Financials,Insurance,Adj,Dec,EPS,CY2027,7.527,7.753,+3.0%,7.761,+0.1%,7.723,-0.5%,114.52,14.8,+2.6%,+3.9%,+4.6%,+6.6%
AFL,Extended,Insurance and reinsurance,Financials,Insurance,Adj,Dec,EPS,CY2028,8.25,8.175,-0.9%,7.947,-2.8%,8.099,+1.9%,114.52,14.1,-1.8%,+3.9%,+4.6%,+6.6%
DIS,Extended,Media content,Communication Services,Media & Entertainment,Adj,Sep,EPS,CY2025,5.434,5.881,+8.2%,5.874,-0.1%,5.874,+0.0%,106.29,18.1,+8.1%,-6.6%,-4.4%,+25.3%
DIS,Extended,Media content,Communication Services,Media & Entertainment,Adj,Sep,EPS,CY2026,6.024,6.486,+7.7%,6.598,+1.7%,6.59,-0.1%,106.29,16.1,+9.4%,-6.6%,-4.4%,+25.3%
DIS,Extended,Media content,Communication Services,Media & Entertainment,Adj,Sep,EPS,CY2027,6.755,7.204,+6.6%,7.313,+1.5%,7.288,-0.3%,106.29,14.6,+7.9%,-6.6%,-4.4%,+25.3%
DIS,Extended,Media content,Communication Services,Media & Entertainment,Adj,Sep,EPS,CY2028,7.375,7.883,+6.9%,8.136,+3.2%,8.096,-0.5%,106.29,13.1,+9.8%,-6.6%,-4.4%,+25.3%
FOXA,Extended,Media content,Communication Services,Media & Entertainment,Adj,Jun,EPS,CY2025,4.314,4.488,+4.0%,4.488,+0.0%,4.488,+0.0%,65.07,14.5,+4.0%,-10.9%,-9.6%,+35.6%
FOXA,Extended,Media content,Communication Services,Media & Entertainment,Adj,Jun,EPS,CY2026,3.985,4.199,+5.4%,4.48,+6.7%,4.643,+3.6%,65.07,14.0,+16.5%,-10.9%,-9.6%,+35.6%
FOXA,Extended,Media content,Communication Services,Media & Entertainment,Adj,Jun,EPS,CY2027,4.566,4.807,+5.3%,5.035,+4.7%,5.116,+1.6%,65.07,12.7,+12.0%,-10.9%,-9.6%,+35.6%
FOXA,Extended,Media content,Communication Services,Media & Entertainment,Adj,Jun,EPS,CY2028,4.24,4.699,+10.8%,5.016,+6.7%,5.091,+1.5%,65.07,12.8,+20.1%,-10.9%,-9.6%,+35.6%
AMCX,Extended,Media content,Communication Services,Media & Entertainment,Adj,Dec,EPS,CY2025,2.913,2.251,-22.7%,2.053,-8.8%,2.017,-1.8%,8.77,4.3,-30.8%,-7.9%,+5.9%,+43.8%
AMCX,Extended,Media content,Communication Services,Media & Entertainment,Adj,Dec,EPS,CY2026,2.647,1.991,-24.8%,1.897,-4.7%,1.577,-16.9%,8.77,5.6,-40.4%,-7.9%,+5.9%,+43.8%
AMCX,Extended,Media content,Communication Services,Media & Entertainment,Adj,Dec,EPS,CY2027,2.42,1.851,-23.5%,1.42,-23.3%,1.381,-2.7%,8.77,6.4,-42.9%,-7.9%,+5.9%,+43.8%
AMCX,Extended,Media content,Communication Services,Media & Entertainment,Adj,Dec,EPS,CY2028,,2.198,,1.628,-25.9%,1.026,-37.0%,8.77,8.5,,-7.9%,+5.9%,+43.8%
TTWO,Extended,Media content,Communication Services,Media & Entertainment,Adj,Mar,EPS,CY2025,7.457,2.903,-61.1%,3.33,+14.7%,3.892,+16.9%,212.04,54.5,-47.8%,-17.2%,-11.7%,-0.3%
TTWO,Extended,Media content,Communication Services,Media & Entertainment,Adj,Mar,EPS,CY2026,9.114,9.108,-0.1%,8.023,-11.9%,8.026,+0.0%,212.04,26.4,-11.9%,-17.2%,-11.7%,-0.3%
TTWO,Extended,Media content,Communication Services,Media & Entertainment,Adj,Mar,EPS,CY2027,9.283,10.372,+11.7%,10.663,+2.8%,10.511,-1.4%,212.04,20.2,+13.2%,-17.2%,-11.7%,-0.3%
TTWO,Extended,Media content,Communication Services,Media & Entertainment,Adj,Mar,EPS,CY2028,11.019,13.354,+21.2%,11.839,-11.3%,11.35,-4.1%,212.04,18.7,+3.0%,-17.2%,-11.7%,-0.3%
RBLX,Extended,Media content,Communication Services,Media & Entertainment,Adj,Dec,EPS,CY2025,-1.452,-1.619,-11.5%,-1.546,+4.5%,-1.376,+11.0%,60.34,-43.9,+5.2%,-25.5%,-30.9%,+1.1%
RBLX,Extended,Media content,Communication Services,Media & Entertainment,Adj,Dec,EPS,CY2026,-0.823,-1.171,-42.3%,-1.529,-30.6%,-1.619,-5.9%,60.34,-37.3,-96.7%,-25.5%,-30.9%,+1.1%
RBLX,Extended,Media content,Communication Services,Media & Entertainment,Adj,Dec,EPS,CY2027,-0.783,-0.738,+5.7%,-1.08,-46.3%,-0.879,+18.6%,60.34,-68.6,-12.3%,-25.5%,-30.9%,+1.1%
RBLX,Extended,Media content,Communication Services,Media & Entertainment,Adj,Dec,EPS,CY2028,-0.436,0.298,+168.3%,0.084,-71.8%,-0.391,-565.5%,60.34,-154.3,+10.3%,-25.5%,-30.9%,+1.1%
EA,Extended,Media content,Communication Services,Media & Entertainment,Adj,Mar,EPS,CY2025,7.505,8.354,+11.3%,8.601,+3.0%,8.636,+0.4%,203.83,23.6,+15.1%,-0.2%,-0.2%,+40.0%
EA,Extended,Media content,Communication Services,Media & Entertainment,Adj,Mar,EPS,CY2026,8.609,9.142,+6.2%,9.244,+1.1%,9.29,+0.5%,203.83,21.9,+7.9%,-0.2%,-0.2%,+40.0%
EA,Extended,Media content,Communication Services,Media & Entertainment,Adj,Mar,EPS,CY2027,9.571,10.047,+5.0%,9.984,-0.6%,10.046,+0.6%,203.83,20.3,+5.0%,-0.2%,-0.2%,+40.0%
EA,Extended,Media content,Communication Services,Media & Entertainment,Adj,Mar,EPS,CY2028,10.631,11.15,+4.9%,11.064,-0.8%,11.06,-0.0%,203.83,18.4,+4.0%,-0.2%,-0.2%,+40.0%
SBGI,Extended,Media content,Communication Services,Media & Entertainment,Adj,Dec,EPS,CY2025,,-2.882,,-2.923,-1.4%,-3.196,-9.3%,16.79,-5.3,,+9.7%,+10.1%,+18.7%
SBGI,Extended,Media content,Communication Services,Media & Entertainment,Adj,Dec,EPS,CY2026,,1.343,,0.902,-32.8%,1.248,+38.4%,16.79,13.5,,+9.7%,+10.1%,+18.7%
SBGI,Extended,Media content,Communication Services,Media & Entertainment,Adj,Dec,EPS,CY2027,,-1.037,,-1.522,-46.8%,-1.302,+14.5%,16.79,-12.9,,+9.7%,+10.1%,+18.7%
SBGI,Extended,Media content,Communication Services,Media & Entertainment,Adj,Dec,EPS,CY2028,,3.303,,2.723,-17.6%,3.03,+11.3%,16.79,5.5,,+9.7%,+10.1%,+18.7%
TGNA,Extended,Media content,Communication Services,Media & Entertainment,Adj,Dec,EPS,CY2025,1.69,1.598,-5.4%,1.594,-0.3%,1.603,+0.6%,20.03,12.5,-5.1%,+3.2%,+6.3%,+24.5%
TGNA,Extended,Media content,Communication Services,Media & Entertainment,Adj,Dec,EPS,CY2026,3.563,3.233,-9.3%,3.043,-5.9%,3.15,+3.5%,20.03,6.4,-11.6%,+3.2%,+6.3%,+24.5%
TGNA,Extended,Media content,Communication Services,Media & Entertainment,Adj,Dec,EPS,CY2027,2.183,1.973,-9.6%,1.753,-11.2%,1.54,-12.2%,20.03,13.0,-29.5%,+3.2%,+6.3%,+24.5%
TGNA,Extended,Media content,Communication Services,Media & Entertainment,Adj,Dec,EPS,CY2028,4.253,3.87,-9.0%,3.575,-7.6%,3.55,-0.7%,20.03,5.6,-16.5%,+3.2%,+6.3%,+24.5%
NYT,Extended,Media content,Communication Services,Media & Entertainment,Adj,Dec,EPS,CY2025,2.123,2.337,+10.1%,2.41,+3.1%,2.428,+0.7%,79.48,32.7,+14.4%,+14.5%,+11.2%,+61.3%
NYT,Extended,Media content,Communication Services,Media & Entertainment,Adj,Dec,EPS,CY2026,2.332,2.536,+8.7%,2.624,+3.5%,2.723,+3.8%,79.48,29.2,+16.8%,+14.5%,+11.2%,+61.3%
NYT,Extended,Media content,Communication Services,Media & Entertainment,Adj,Dec,EPS,CY2027,2.563,2.872,+12.1%,2.972,+3.5%,3.06,+3.0%,79.48,26.0,+19.4%,+14.5%,+11.2%,+61.3%
NYT,Extended,Media content,Communication Services,Media & Entertainment,Adj,Dec,EPS,CY2028,2.735,3.095,+13.2%,3.15,+1.8%,3.433,+9.0%,79.48,23.2,+25.5%,+14.5%,+11.2%,+61.3%
NXST,Extended,Media content,Communication Services,Media & Entertainment,Adj,Dec,EPS,CY2025,14.119,13.3,-5.8%,12.573,-5.5%,12.144,-3.4%,200.78,16.5,-14.0%,-1.1%,-7.2%,+36.1%
NXST,Extended,Media content,Communication Services,Media & Entertainment,Adj,Dec,EPS,CY2026,26.223,25.591,-2.4%,24.733,-3.4%,25.129,+1.6%,200.78,8.0,-4.2%,-1.1%,-7.2%,+36.1%
NXST,Extended,Media content,Communication Services,Media & Entertainment,Adj,Dec,EPS,CY2027,18.117,18.478,+2.0%,17.65,-4.5%,17.427,-1.3%,200.78,11.5,-3.8%,-1.1%,-7.2%,+36.1%
NXST,Extended,Media content,Communication Services,Media & Entertainment,Adj,Dec,EPS,CY2028,,32.263,,30.17,-6.5%,29.644,-1.7%,200.78,6.8,,-1.1%,-7.2%,+36.1%
FWONA,Extended,Media content,Communication Services,Media & Entertainment,Adj,Dec,EPS,CY2025,1.249,2.327,+86.3%,2.242,-3.7%,2.227,-0.7%,83.26,37.4,+78.3%,-6.8%,+1.5%,+10.8%
FWONA,Extended,Media content,Communication Services,Media & Entertainment,Adj,Dec,EPS,CY2026,1.715,2.112,+23.1%,1.733,-17.9%,1.589,-8.3%,83.26,52.4,-7.3%,-6.8%,+1.5%,+10.8%
FWONA,Extended,Media content,Communication Services,Media & Entertainment,Adj,Dec,EPS,CY2027,2.141,2.612,+22.0%,2.211,-15.4%,2.157,-2.4%,83.26,38.6,+0.7%,-6.8%,+1.5%,+10.8%
FWONA,Extended,Media content,Communication Services,Media & Entertainment,Adj,Dec,EPS,CY2028,2.885,3.403,+18.0%,3.09,-9.2%,2.647,-14.3%,83.26,31.5,-8.2%,-6.8%,+1.5%,+10.8%
FWONK,Extended,Media content,Communication Services,Media & Entertainment,Adj,Dec,EPS,CY2025,1.249,2.327,+86.3%,2.242,-3.7%,2.227,-0.7%,90.48,40.6,+78.3%,-8.2%,+1.3%,+9.3%
FWONK,Extended,Media content,Communication Services,Media & Entertainment,Adj,Dec,EPS,CY2026,1.715,2.112,+23.1%,1.733,-17.9%,1.589,-8.3%,90.48,56.9,-7.3%,-8.2%,+1.3%,+9.3%
FWONK,Extended,Media content,Communication Services,Media & Entertainment,Adj,Dec,EPS,CY2027,2.141,2.612,+22.0%,2.211,-15.4%,2.157,-2.4%,90.48,41.9,+0.7%,-8.2%,+1.3%,+9.3%
FWONK,Extended,Media content,Communication Services,Media & Entertainment,Adj,Dec,EPS,CY2028,2.885,3.403,+18.0%,3.09,-9.2%,2.647,-14.3%,90.48,34.2,-8.2%,-8.2%,+1.3%,+9.3%
LYV,Extended,Media content,Communication Services,Media & Entertainment,Adj,Dec,EPS,CY2025,2.986,0.919,-69.2%,-0.19,-120.7%,-0.213,-12.1%,156.56,-735.0,-107.1%,+9.9%,+8.4%,+23.1%
LYV,Extended,Media content,Communication Services,Media & Entertainment,Adj,Dec,EPS,CY2026,3.232,2.861,-11.5%,2.212,-22.7%,1.479,-33.1%,156.56,105.9,-54.2%,+9.9%,+8.4%,+23.1%
LYV,Extended,Media content,Communication Services,Media & Entertainment,Adj,Dec,EPS,CY2027,3.772,3.6,-4.6%,2.974,-17.4%,2.401,-19.3%,156.56,65.2,-36.3%,+9.9%,+8.4%,+23.1%
LYV,Extended,Media content,Communication Services,Media & Entertainment,Adj,Dec,EPS,CY2028,5.273,3.493,-33.8%,3.249,-7.0%,3.407,+4.9%,156.56,46.0,-35.4%,+9.9%,+8.4%,+23.1%
SIRI,Extended,Media content,Communication Services,Media & Entertainment,Adj,Dec,EPS,CY2025,3.029,2.746,-9.3%,2.798,+1.9%,2.798,+0.0%,25.48,9.1,-7.6%,+27.4%,+24.6%,+25.4%
SIRI,Extended,Media content,Communication Services,Media & Entertainment,Adj,Dec,EPS,CY2026,3.047,3.065,+0.6%,3.098,+1.1%,3.14,+1.4%,25.48,8.1,+3.1%,+27.4%,+24.6%,+25.4%
SIRI,Extended,Media content,Communication Services,Media & Entertainment,Adj,Dec,EPS,CY2027,3.129,3.187,+1.9%,3.272,+2.7%,3.312,+1.2%,25.48,7.7,+5.8%,+27.4%,+24.6%,+25.4%
SIRI,Extended,Media content,Communication Services,Media & Entertainment,Adj,Dec,EPS,CY2028,3.556,3.518,-1.1%,3.74,+6.3%,3.581,-4.3%,25.48,7.1,+0.7%,+27.4%,+24.6%,+25.4%
LBTYA,Extended,Media content,Communication Services,Telecommunication Services,Adj,Dec,EPS,CY2025,-2.086,-10.81,-418.2%,-11.008,-1.8%,-12.843,-16.7%,12.56,-1.0,-515.7%,+12.7%,+22.7%,+18.2%
LBTYA,Extended,Media content,Communication Services,Telecommunication Services,Adj,Dec,EPS,CY2026,-1.83,-1.996,-9.1%,-1.675,+16.1%,-1.575,+6.0%,12.56,-8.0,+13.9%,+12.7%,+22.7%,+18.2%
LBTYA,Extended,Media content,Communication Services,Telecommunication Services,Adj,Dec,EPS,CY2027,-1.706,-1.976,-15.8%,-1.62,+18.0%,-1.47,+9.3%,12.56,-8.5,+13.8%,+12.7%,+22.7%,+18.2%
LBTYA,Extended,Media content,Communication Services,Telecommunication Services,Adj,Dec,EPS,CY2028,-1.233,-2.3,-86.5%,-1.795,+22.0%,-1.204,+32.9%,12.56,-10.4,+2.4%,+12.7%,+22.7%,+18.2%
BATRK,Extended,Media content,Communication Services,Media & Entertainment,Adj,Dec,EPS,CY2025,-0.54,-0.303,+43.9%,-0.263,+13.2%,-0.263,+0.0%,47.63,-181.1,+51.3%,+20.7%,+18.9%,+23.1%
BATRK,Extended,Media content,Communication Services,Media & Entertainment,Adj,Dec,EPS,CY2026,,-0.292,,-0.206,+29.5%,-0.017,+91.7%,47.63,-2801.8,,+20.7%,+18.9%,+23.1%
BATRK,Extended,Media content,Communication Services,Media & Entertainment,Adj,Dec,EPS,CY2027,,-0.091,,-0.08,+12.1%,0.113,+241.2%,47.63,421.5,,+20.7%,+18.9%,+23.1%
BATRK,Extended,Media content,Communication Services,Media & Entertainment,Adj,Dec,EPS,CY2028,,,,,,-0.155,,47.63,-307.3,,+20.7%,+18.9%,+23.1%
LAMR,Extended,Media content,Real Estate,Equity Real Estate Investment,Adj,Dec,EPS,CY2025,5.77,5.955,+3.2%,5.867,-1.5%,5.857,-0.2%,135.04,23.1,+1.5%,+6.7%,+2.1%,+24.1%
LAMR,Extended,Media content,Real Estate,Equity Real Estate Investment,Adj,Dec,EPS,CY2026,5.733,5.86,+2.2%,5.833,-0.5%,5.682,-2.6%,135.04,23.8,-0.9%,+6.7%,+2.1%,+24.1%
LAMR,Extended,Media content,Real Estate,Equity Real Estate Investment,Adj,Dec,EPS,CY2027,6.038,6.507,+7.8%,6.318,-2.9%,6.088,-3.6%,135.04,22.2,+0.8%,+6.7%,+2.1%,+24.1%
LAMR,Extended,Media content,Real Estate,Equity Real Estate Investment,Adj,Dec,EPS,CY2028,,6.815,,6.74,-1.1%,6.897,+2.3%,135.04,19.6,,+6.7%,+2.1%,+24.1%
OUT,Extended,Media content,Real Estate,Equity Real Estate Investment,Adj,Dec,EPS,CY2025,0.779,0.697,-10.5%,0.77,+10.5%,0.772,+0.3%,30.01,38.9,-0.9%,+24.5%,+19.1%,+107.7%
OUT,Extended,Media content,Real Estate,Equity Real Estate Investment,Adj,Dec,EPS,CY2026,0.873,0.945,+8.2%,1.112,+17.7%,1.24,+11.5%,30.01,24.2,+42.0%,+24.5%,+19.1%,+107.7%
OUT,Extended,Media content,Real Estate,Equity Real Estate Investment,Adj,Dec,EPS,CY2027,1.03,1.127,+9.4%,1.244,+10.4%,1.326,+6.6%,30.01,22.6,+28.7%,+24.5%,+19.1%,+107.7%
OUT,Extended,Media content,Real Estate,Equity Real Estate Investment,Adj,Dec,EPS,CY2028,,1.23,,1.383,+12.4%,1.468,+6.1%,30.01,20.4,,+24.5%,+19.1%,+107.7%
TV,Extended,Media content,Communication Services,Telecommunication Services,Adj,Dec,EPS,CY2025,-0.878,0.475,+154.1%,-0.085,-117.9%,-0.75,-782.4%,3.28,-4.4,+14.6%,+12.7%,+9.7%,+75.4%
TV,Extended,Media content,Communication Services,Telecommunication Services,Adj,Dec,EPS,CY2026,4.944,0.183,-96.3%,1.208,+560.1%,3.075,+154.6%,3.28,1.1,-37.8%,+12.7%,+9.7%,+75.4%
TV,Extended,Media content,Communication Services,Telecommunication Services,Adj,Dec,EPS,CY2027,12.767,1.821,-85.7%,2.819,+54.8%,3.535,+25.4%,3.28,0.9,-72.3%,+12.7%,+9.7%,+75.4%
TV,Extended,Media content,Communication Services,Telecommunication Services,Adj,Dec,EPS,CY2028,,-0.083,,1.785,+2250.6%,8.128,+355.4%,3.28,0.4,,+12.7%,+9.7%,+75.4%
LUMN,Extended,Media content,Communication Services,Telecommunication Services,Adj,Dec,EPS,CY2025,-0.99,-0.804,+18.8%,-0.629,+21.8%,-0.617,+1.9%,8.57,-13.9,+37.7%,+10.3%,+1.4%,+160.5%
LUMN,Extended,Media content,Communication Services,Telecommunication Services,Adj,Dec,EPS,CY2026,-0.779,-0.481,+38.3%,-0.369,+23.3%,-0.365,+1.1%,8.57,-23.5,+53.1%,+10.3%,+1.4%,+160.5%
LUMN,Extended,Media content,Communication Services,Telecommunication Services,Adj,Dec,EPS,CY2027,-0.469,-0.37,+21.1%,-0.195,+47.3%,-0.205,-5.1%,8.57,-41.8,+56.3%,+10.3%,+1.4%,+160.5%
LUMN,Extended,Media content,Communication Services,Telecommunication Services,Adj,Dec,EPS,CY2028,,-0.327,,-0.282,+13.8%,-0.205,+27.3%,8.57,-41.8,,+10.3%,+1.4%,+160.5%
WPP,Extended,Media content,Communication Services,Media & Entertainment,Adj,Dec,EPS,CY2025,0.852,0.667,-21.7%,0.619,-7.2%,0.619,+0.0%,271.25,4.4,-27.3%,-19.6%,-14.1%,-49.5%
WPP,Extended,Media content,Communication Services,Media & Entertainment,Adj,Dec,EPS,CY2026,0.867,0.691,-20.3%,0.588,-14.9%,0.537,-8.7%,271.25,5.1,-38.1%,-19.6%,-14.1%,-49.5%
WPP,Extended,Media content,Communication Services,Media & Entertainment,Adj,Dec,EPS,CY2027,0.917,0.745,-18.8%,0.651,-12.6%,0.573,-12.0%,271.25,4.7,-37.5%,-19.6%,-14.1%,-49.5%
WPP,Extended,Media content,Communication Services,Media & Entertainment,Adj,Dec,EPS,CY2028,0.958,0.791,-17.4%,0.737,-6.8%,0.633,-14.1%,271.25,4.3,-33.9%,-19.6%,-14.1%,-49.5%
BCE,Extended,Media content,Communication Services,Telecommunication Services,Adj,Dec,EPS,CY2025,2.749,2.692,-2.1%,2.723,+1.2%,2.719,-0.1%,33.01,12.1,-1.1%,+0.8%,-1.7%,+8.3%
BCE,Extended,Media content,Communication Services,Telecommunication Services,Adj,Dec,EPS,CY2026,2.677,2.698,+0.8%,2.629,-2.6%,2.548,-3.1%,33.01,13.0,-4.8%,+0.8%,-1.7%,+8.3%
BCE,Extended,Media content,Communication Services,Telecommunication Services,Adj,Dec,EPS,CY2027,2.75,2.726,-0.9%,2.722,-0.1%,2.701,-0.8%,33.01,12.2,-1.8%,+0.8%,-1.7%,+8.3%
BCE,Extended,Media content,Communication Services,Telecommunication Services,Adj,Dec,EPS,CY2028,3.175,2.808,-11.6%,2.863,+2.0%,2.912,+1.7%,33.01,11.3,-8.3%,+0.8%,-1.7%,+8.3%
OMC,Extended,Media content,Communication Services,Media & Entertainment,Adj,Dec,EPS,CY2025,8.159,8.439,+3.4%,8.615,+2.1%,8.575,-0.5%,78.67,9.2,+5.1%,-2.6%,-1.4%,+7.4%
OMC,Extended,Media content,Communication Services,Media & Entertainment,Adj,Dec,EPS,CY2026,8.852,9.163,+3.5%,9.708,+5.9%,10.785,+11.1%,78.67,7.3,+21.8%,-2.6%,-1.4%,+7.4%
OMC,Extended,Media content,Communication Services,Media & Entertainment,Adj,Dec,EPS,CY2027,9.506,10.05,+5.7%,11.115,+10.6%,12.163,+9.4%,78.67,6.5,+28.0%,-2.6%,-1.4%,+7.4%
OMC,Extended,Media content,Communication Services,Media & Entertainment,Adj,Dec,EPS,CY2028,10.348,10.962,+5.9%,12.184,+11.1%,13.156,+8.0%,78.67,6.0,+27.1%,-2.6%,-1.4%,+7.4%
AMT,Extended,Telco infrastructure,Real Estate,Equity Real Estate Investment,Adj,Dec,EPS,CY2025,6.434,5.304,-17.6%,5.288,-0.3%,5.292,+0.1%,182.36,34.5,-17.7%,+3.9%,-0.7%,-18.1%
AMT,Extended,Telco infrastructure,Real Estate,Equity Real Estate Investment,Adj,Dec,EPS,CY2026,7.175,7.359,+2.6%,6.922,-5.9%,6.542,-5.5%,182.36,27.9,-8.8%,+3.9%,-0.7%,-18.1%
AMT,Extended,Telco infrastructure,Real Estate,Equity Real Estate Investment,Adj,Dec,EPS,CY2027,7.705,7.539,-2.2%,7.355,-2.4%,6.928,-5.8%,182.36,26.3,-10.1%,+3.9%,-0.7%,-18.1%
AMT,Extended,Telco infrastructure,Real Estate,Equity Real Estate Investment,Adj,Dec,EPS,CY2028,8.602,8.448,-1.8%,8.316,-1.6%,7.888,-5.1%,182.36,23.1,-8.3%,+3.9%,-0.7%,-18.1%
SBAC,Extended,Telco infrastructure,Real Estate,Equity Real Estate Investment,Adj,Dec,EPS,CY2025,8.718,8.448,-3.1%,9.24,+9.4%,9.12,-1.3%,223.14,24.5,+4.6%,+15.4%,+15.0%,-2.6%
SBAC,Extended,Telco infrastructure,Real Estate,Equity Real Estate Investment,Adj,Dec,EPS,CY2026,9.204,9.129,-0.8%,8.724,-4.4%,7.838,-10.2%,223.14,28.5,-14.8%,+15.4%,+15.0%,-2.6%
SBAC,Extended,Telco infrastructure,Real Estate,Equity Real Estate Investment,Adj,Dec,EPS,CY2027,10.021,9.273,-7.5%,8.913,-3.9%,8.558,-4.0%,223.14,26.1,-14.6%,+15.4%,+15.0%,-2.6%
SBAC,Extended,Telco infrastructure,Real Estate,Equity Real Estate Investment,Adj,Dec,EPS,CY2028,,10.59,,9.686,-8.5%,9.592,-1.0%,223.14,23.3,,+15.4%,+15.0%,-2.6%
CCI,Extended,Telco infrastructure,Real Estate,Equity Real Estate Investment,Adj,Dec,EPS,CY2025,0.948,0.59,-37.8%,0.985,+66.9%,0.984,-0.1%,88.71,90.2,+3.8%,-0.2%,-2.4%,-14.4%
CCI,Extended,Telco infrastructure,Real Estate,Equity Real Estate Investment,Adj,Dec,EPS,CY2026,2.4,2.488,+3.7%,3.24,+30.2%,2.596,-19.9%,88.71,34.2,+8.2%,-0.2%,-2.4%,-14.4%
CCI,Extended,Telco infrastructure,Real Estate,Equity Real Estate Investment,Adj,Dec,EPS,CY2027,3.246,3.079,-5.1%,3.83,+24.4%,3.372,-12.0%,88.71,26.3,+3.9%,-0.2%,-2.4%,-14.4%
CCI,Extended,Telco infrastructure,Real Estate,Equity Real Estate Investment,Adj,Dec,EPS,CY2028,4.143,4.515,+9.0%,4.95,+9.6%,3.768,-23.9%,88.71,23.5,-9.1%,-0.2%,-2.4%,-14.4%
EQIX,Extended,Telco infrastructure,Real Estate,Equity Real Estate Investment,Adj,Dec,EPS,CY2025,13.233,14.531,+9.8%,14.777,+1.7%,14.766,-0.1%,1088.62,73.7,+11.6%,+42.1%,+35.8%,+37.8%
EQIX,Extended,Telco infrastructure,Real Estate,Equity Real Estate Investment,Adj,Dec,EPS,CY2026,15.298,15.523,+1.5%,14.964,-3.6%,16.463,+10.0%,1088.62,66.1,+7.6%,+42.1%,+35.8%,+37.8%
EQIX,Extended,Telco infrastructure,Real Estate,Equity Real Estate Investment,Adj,Dec,EPS,CY2027,17.591,15.931,-9.4%,16.104,+1.1%,17.989,+11.7%,1088.62,60.5,+2.3%,+42.1%,+35.8%,+37.8%
EQIX,Extended,Telco infrastructure,Real Estate,Equity Real Estate Investment,Adj,Dec,EPS,CY2028,21.265,17.136,-19.4%,17.726,+3.4%,20.24,+14.2%,1088.62,53.8,-4.8%,+42.1%,+35.8%,+37.8%
ERICB,Extended,Telco infrastructure,Information Technology,Technology Hardware & Equipmen,GAAP,Dec,EPS,CY2025,5.846,7.486,+28.1%,7.606,+1.6%,7.606,+0.0%,105.7,13.9,+30.1%,+16.7%,+20.8%,+34.5%
ERICB,Extended,Telco infrastructure,Information Technology,Technology Hardware & Equipmen,GAAP,Dec,EPS,CY2026,5.809,6.049,+4.1%,5.998,-0.8%,6.244,+4.1%,105.7,16.9,+7.5%,+16.7%,+20.8%,+34.5%
ERICB,Extended,Telco infrastructure,Information Technology,Technology Hardware & Equipmen,GAAP,Dec,EPS,CY2027,6.393,6.494,+1.6%,6.327,-2.6%,6.962,+10.0%,105.7,15.2,+8.9%,+16.7%,+20.8%,+34.5%
ERICB,Extended,Telco infrastructure,Information Technology,Technology Hardware & Equipmen,GAAP,Dec,EPS,CY2028,6.33,6.678,+5.5%,6.387,-4.4%,7.577,+18.6%,105.7,14.0,+19.7%,+16.7%,+20.8%,+34.5%
GDS,Extended,Telco infrastructure,Information Technology,Software & Services,Adj,Dec,EPS,CY2025,-1.375,-0.559,+59.3%,0.715,+227.9%,0.806,+12.7%,44.7,55.5,+158.6%,+28.1%,+9.9%,+108.2%
GDS,Extended,Telco infrastructure,Information Technology,Software & Services,Adj,Dec,EPS,CY2026,-0.014,-0.024,-71.4%,-0.222,-825.0%,0.55,+347.7%,44.7,81.3,+4028.6%,+28.1%,+9.9%,+108.2%
GDS,Extended,Telco infrastructure,Information Technology,Software & Services,Adj,Dec,EPS,CY2027,0.622,1.336,+114.8%,0.551,-58.8%,1.098,+99.3%,44.7,40.7,+76.5%,+28.1%,+9.9%,+108.2%
GDS,Extended,Telco infrastructure,Information Technology,Software & Services,Adj,Dec,EPS,CY2028,16.15,0.363,-97.8%,12.548,+3356.7%,0.638,-94.9%,44.7,70.1,-96.0%,+28.1%,+9.9%,+108.2%
NOK,Extended,Telco infrastructure,Information Technology,Technology Hardware & Equipmen,Adj,Dec,EPS,CY2025,0.323,0.264,-18.3%,0.274,+3.8%,0.27,-1.5%,10.31,38.2,-16.4%,+59.4%,+57.4%,+101.8%
NOK,Extended,Telco infrastructure,Information Technology,Technology Hardware & Equipmen,Adj,Dec,EPS,CY2026,0.362,0.329,-9.1%,0.329,+0.0%,0.317,-3.6%,10.31,32.5,-12.4%,+59.4%,+57.4%,+101.8%
NOK,Extended,Telco infrastructure,Information Technology,Technology Hardware & Equipmen,Adj,Dec,EPS,CY2027,0.389,0.363,-6.7%,0.375,+3.3%,0.368,-1.9%,10.31,28.0,-5.4%,+59.4%,+57.4%,+101.8%
NOK,Extended,Telco infrastructure,Information Technology,Technology Hardware & Equipmen,Adj,Dec,EPS,CY2028,0.393,0.386,-1.8%,0.419,+8.5%,0.406,-3.1%,10.31,25.4,+3.3%,+59.4%,+57.4%,+101.8%
BDC,Extended,Telco infrastructure,Information Technology,Technology Hardware & Equipmen,Adj,Dec,EPS,CY2025,7.017,7.307,+4.1%,7.422,+1.6%,7.422,+0.0%,130.98,17.6,+5.8%,+12.4%,+12.9%,+39.3%
BDC,Extended,Telco infrastructure,Information Technology,Technology Hardware & Equipmen,Adj,Dec,EPS,CY2026,7.848,7.794,-0.7%,7.777,-0.2%,7.922,+1.9%,130.98,16.5,+0.9%,+12.4%,+12.9%,+39.3%
BDC,Extended,Telco infrastructure,Information Technology,Technology Hardware & Equipmen,Adj,Dec,EPS,CY2027,8.325,8.522,+2.4%,8.582,+0.7%,8.872,+3.4%,130.98,14.8,+6.6%,+12.4%,+12.9%,+39.3%
BDC,Extended,Telco infrastructure,Information Technology,Technology Hardware & Equipmen,Adj,Dec,EPS,CY2028,,10.08,,10.08,+0.0%,9.41,-6.6%,130.98,13.9,,+12.4%,+12.9%,+39.3%
HLIT,Extended,Telco infrastructure,Information Technology,Technology Hardware & Equipmen,Adj,Dec,EPS,CY2025,,0.384,,0.432,+12.5%,0.432,+0.0%,10.5,24.3,,+6.2%,+4.3%,+18.0%
HLIT,Extended,Telco infrastructure,Information Technology,Technology Hardware & Equipmen,Adj,Dec,EPS,CY2026,,0.739,,0.73,-1.2%,0.61,-16.4%,10.5,17.2,,+6.2%,+4.3%,+18.0%
HLIT,Extended,Telco infrastructure,Information Technology,Technology Hardware & Equipmen,Adj,Dec,EPS,CY2027,,1.115,,1.013,-9.1%,0.845,-16.6%,10.5,12.4,,+6.2%,+4.3%,+18.0%
HLIT,Extended,Telco infrastructure,Information Technology,Technology Hardware & Equipmen,Adj,Dec,EPS,CY2028,,1.79,,1.81,+1.1%,1.34,-26.0%,10.5,7.8,,+6.2%,+4.3%,+18.0%
VISN,Extended,Telco infrastructure,Information Technology,Technology Hardware & Equipmen,Adj,Dec,EPS,CY2025,0.779,1.287,+65.2%,1.687,+31.1%,1.53,-9.3%,19.09,12.5,+96.4%,+5.3%,+2.7%,+473.3%
VISN,Extended,Telco infrastructure,Information Technology,Technology Hardware & Equipmen,Adj,Dec,EPS,CY2026,1.051,1.227,+16.7%,1.488,+21.3%,0.8,-46.2%,19.09,23.9,-23.9%,+5.3%,+2.7%,+473.3%
VISN,Extended,Telco infrastructure,Information Technology,Technology Hardware & Equipmen,Adj,Dec,EPS,CY2027,,1.96,,2.77,+41.3%,0.997,-64.0%,19.09,19.1,,+5.3%,+2.7%,+473.3%
VISN,Extended,Telco infrastructure,Information Technology,Technology Hardware & Equipmen,Adj,Dec,EPS,CY2028,,1.28,,1.28,+0.0%,1.28,+0.0%,19.09,14.9,,+5.3%,+2.7%,+473.3%
ANET,Extended,Telco infrastructure,Information Technology,Technology Hardware & Equipmen,GAAP,Dec,EPS,CY2025,2.416,2.735,+13.2%,2.785,+1.8%,2.785,+0.0%,164.23,59.0,+15.3%,+25.3%,+26.5%,+130.7%
ANET,Extended,Telco infrastructure,Information Technology,Technology Hardware & Equipmen,GAAP,Dec,EPS,CY2026,2.827,3.171,+12.2%,3.243,+2.3%,3.412,+5.2%,164.23,48.1,+20.7%,+25.3%,+26.5%,+130.7%
ANET,Extended,Telco infrastructure,Information Technology,Technology Hardware & Equipmen,GAAP,Dec,EPS,CY2027,3.541,3.845,+8.6%,3.893,+1.2%,4.154,+6.7%,164.23,39.5,+17.3%,+25.3%,+26.5%,+130.7%
ANET,Extended,Telco infrastructure,Information Technology,Technology Hardware & Equipmen,GAAP,Dec,EPS,CY2028,,4.813,,4.696,-2.4%,5.019,+6.9%,164.23,32.7,,+25.3%,+26.5%,+130.7%
VRT,Extended,Telco infrastructure,Industrials,Capital Goods,Adj,Dec,EPS,CY2025,3.564,3.828,+7.4%,4.116,+7.5%,4.116,+0.0%,307.34,74.7,+15.5%,+89.7%,+73.7%,+319.8%
VRT,Extended,Telco infrastructure,Industrials,Capital Goods,Adj,Dec,EPS,CY2026,4.264,4.725,+10.8%,5.312,+12.4%,6.079,+14.4%,307.34,50.6,+42.6%,+89.7%,+73.7%,+319.8%
VRT,Extended,Telco infrastructure,Industrials,Capital Goods,Adj,Dec,EPS,CY2027,5.121,5.722,+11.7%,6.623,+15.7%,8.096,+22.2%,307.34,38.0,+58.1%,+89.7%,+73.7%,+319.8%
VRT,Extended,Telco infrastructure,Industrials,Capital Goods,Adj,Dec,EPS,CY2028,5.786,6.71,+16.0%,7.869,+17.3%,10.044,+27.6%,307.34,30.6,+73.6%,+89.7%,+73.7%,+319.8%
MTZ,Extended,Telco infrastructure,Industrials,Capital Goods,Adj,Dec,EPS,CY2025,5.611,6.331,+12.8%,6.421,+1.4%,6.437,+0.2%,370.89,57.6,+14.7%,+70.6%,+53.1%,+218.7%
MTZ,Extended,Telco infrastructure,Industrials,Capital Goods,Adj,Dec,EPS,CY2026,6.862,8.021,+16.9%,8.068,+0.6%,8.524,+5.7%,370.89,43.5,+24.2%,+70.6%,+53.1%,+218.7%
MTZ,Extended,Telco infrastructure,Industrials,Capital Goods,Adj,Dec,EPS,CY2027,6.778,9.709,+43.2%,9.857,+1.5%,10.874,+10.3%,370.89,34.1,+60.4%,+70.6%,+53.1%,+218.7%
MTZ,Extended,Telco infrastructure,Industrials,Capital Goods,Adj,Dec,EPS,CY2028,6.32,10.985,+73.8%,11.04,+0.5%,12.652,+14.6%,370.89,29.3,+100.2%,+70.6%,+53.1%,+218.7%
DY,Extended,Telco infrastructure,Industrials,Capital Goods,Adj,Jan,EPS,CY2025,9.29,10.252,+10.4%,10.934,+6.7%,10.918,-0.1%,399.45,36.6,+17.5%,+18.2%,+7.8%,+158.5%
DY,Extended,Telco infrastructure,Industrials,Capital Goods,Adj,Jan,EPS,CY2026,10.719,11.524,+7.5%,13.31,+15.5%,13.433,+0.9%,399.45,29.7,+25.3%,+18.2%,+7.8%,+158.5%
DY,Extended,Telco infrastructure,Industrials,Capital Goods,Adj,Jan,EPS,CY2027,12.677,13.48,+6.3%,16.557,+22.8%,16.588,+0.2%,399.45,24.1,+30.9%,+18.2%,+7.8%,+158.5%
DY,Extended,Telco infrastructure,Industrials,Capital Goods,Adj,Jan,EPS,CY2028,15.13,16.89,+11.6%,18.095,+7.1%,19.538,+8.0%,399.45,20.4,+29.1%,+18.2%,+7.8%,+158.5%
GLW,Extended,Telco infrastructure,Information Technology,Technology Hardware & Equipmen,Adj,Dec,EPS,CY2025,2.335,2.488,+6.6%,2.523,+1.4%,2.521,-0.1%,164.38,65.2,+8.0%,+87.7%,+74.5%,+295.9%
GLW,Extended,Telco infrastructure,Information Technology,Technology Hardware & Equipmen,Adj,Dec,EPS,CY2026,2.71,2.901,+7.0%,3.078,+6.1%,3.122,+1.4%,164.38,52.7,+15.2%,+87.7%,+74.5%,+295.9%
GLW,Extended,Telco infrastructure,Information Technology,Technology Hardware & Equipmen,Adj,Dec,EPS,CY2027,2.98,3.323,+11.5%,3.662,+10.2%,3.904,+6.6%,164.38,42.1,+31.0%,+87.7%,+74.5%,+295.9%
GLW,Extended,Telco infrastructure,Information Technology,Technology Hardware & Equipmen,Adj,Dec,EPS,CY2028,3.353,3.45,+2.9%,3.898,+13.0%,4.681,+20.1%,164.38,35.1,+39.6%,+87.7%,+74.5%,+295.9%
APH,Extended,Telco infrastructure,Information Technology,Technology Hardware & Equipmen,Adj,Dec,EPS,CY2025,2.291,3.046,+33.0%,3.316,+8.9%,3.323,+0.2%,151.06,45.5,+45.0%,+11.8%,-2.2%,+132.2%
APH,Extended,Telco infrastructure,Information Technology,Technology Hardware & Equipmen,Adj,Dec,EPS,CY2026,2.562,3.512,+37.1%,4.238,+20.7%,4.411,+4.1%,151.06,34.2,+72.2%,+11.8%,-2.2%,+132.2%
APH,Extended,Telco infrastructure,Information Technology,Technology Hardware & Equipmen,Adj,Dec,EPS,CY2027,2.798,3.927,+40.4%,4.936,+25.7%,5.187,+5.1%,151.06,29.1,+85.4%,+11.8%,-2.2%,+132.2%
APH,Extended,Telco infrastructure,Information Technology,Technology Hardware & Equipmen,Adj,Dec,EPS,CY2028,,4.15,,5.953,+43.4%,5.748,-3.4%,151.06,26.3,,+11.8%,-2.2%,+132.2%
UI,Extended,Telco infrastructure,Information Technology,Technology Hardware & Equipmen,Adj,Jun,EPS,CY2025,,9.65,,9.65,+0.0%,9.65,+0.0%,1084.5,112.4,,+96.0%,+97.0%,+264.3%
UI,Extended,Telco infrastructure,Information Technology,Technology Hardware & Equipmen,Adj,Jun,EPS,CY2026,,11.89,,13.27,+11.6%,15.075,+13.6%,1084.5,71.9,,+96.0%,+97.0%,+264.3%
UI,Extended,Telco infrastructure,Information Technology,Technology Hardware & Equipmen,Adj,Jun,EPS,CY2027,,12.455,,14.82,+19.0%,17.055,+15.1%,1084.5,63.6,,+96.0%,+97.0%,+264.3%
UI,Extended,Telco infrastructure,Information Technology,Technology Hardware & Equipmen,Adj,Jun,EPS,CY2028,,13.415,,14.73,+9.8%,19.075,+29.5%,1084.5,56.9,,+96.0%,+97.0%,+264.3%
CALX,Extended,Telco infrastructure,Information Technology,Technology Hardware & Equipmen,Adj,Dec,EPS,CY2025,0.698,1.18,+69.1%,1.343,+13.8%,1.343,+0.0%,50.15,37.3,+92.4%,-5.3%,-13.7%,+48.2%
CALX,Extended,Telco infrastructure,Information Technology,Technology Hardware & Equipmen,Adj,Dec,EPS,CY2026,1.34,1.666,+24.3%,1.804,+8.3%,1.783,-1.2%,50.15,28.1,+33.1%,-5.3%,-13.7%,+48.2%
CALX,Extended,Telco infrastructure,Information Technology,Technology Hardware & Equipmen,Adj,Dec,EPS,CY2027,,2.393,,2.643,+10.4%,2.437,-7.8%,50.15,20.6,,-5.3%,-13.7%,+48.2%
CALX,Extended,Telco infrastructure,Information Technology,Technology Hardware & Equipmen,Adj,Dec,EPS,CY2028,,,,,,1.72,,50.15,29.2,,-5.3%,-13.7%,+48.2%
PRY,Extended,Telco infrastructure,Industrials,Capital Goods,Adj,Dec,EPS,CY2025,3.774,3.822,+1.3%,4.133,+8.1%,4.191,+1.4%,121.65,29.0,+11.0%,+40.8%,+27.0%,+170.9%
PRY,Extended,Telco infrastructure,Industrials,Capital Goods,Adj,Dec,EPS,CY2026,4.242,4.62,+8.9%,4.613,-0.2%,4.658,+1.0%,121.65,26.1,+9.8%,+40.8%,+27.0%,+170.9%
PRY,Extended,Telco infrastructure,Industrials,Capital Goods,Adj,Dec,EPS,CY2027,4.675,5.13,+9.7%,5.192,+1.2%,5.447,+4.9%,121.65,22.3,+16.5%,+40.8%,+27.0%,+170.9%
PRY,Extended,Telco infrastructure,Industrials,Capital Goods,Adj,Dec,EPS,CY2028,5.1,5.666,+11.1%,5.613,-0.9%,6.077,+8.3%,121.65,20.0,+19.2%,+40.8%,+27.0%,+170.9%
NTCT,Extended,Telco infrastructure,Information Technology,Technology Hardware & Equipmen,Adj,Mar,EPS,CY2025,2.17,2.325,+7.1%,2.415,+3.9%,2.415,+0.0%,33.55,13.9,+11.3%,+24.0%,+23.5%,+69.1%
NTCT,Extended,Telco infrastructure,Information Technology,Technology Hardware & Equipmen,Adj,Mar,EPS,CY2026,2.18,2.4,+10.1%,2.48,+3.3%,2.515,+1.4%,33.55,13.3,+15.4%,+24.0%,+23.5%,+69.1%
NTCT,Extended,Telco infrastructure,Information Technology,Technology Hardware & Equipmen,Adj,Mar,EPS,CY2027,,2.48,,2.605,+5.0%,2.6,-0.2%,33.55,12.9,,+24.0%,+23.5%,+69.1%
NTCT,Extended,Telco infrastructure,Information Technology,Technology Hardware & Equipmen,Adj,Mar,EPS,CY2028,,,,,,,,33.55,,,+24.0%,+23.5%,+69.1%
DOX,Extended,Telco infrastructure,Information Technology,Software & Services,Adj,Sep,EPS,CY2025,6.97,7.002,+0.5%,7.002,+0.0%,7.002,+0.0%,67.63,9.7,+0.5%,-16.0%,-19.3%,-18.7%
DOX,Extended,Telco infrastructure,Information Technology,Software & Services,Adj,Sep,EPS,CY2026,7.562,7.656,+1.2%,7.446,-2.7%,7.448,+0.0%,67.63,9.1,-1.5%,-16.0%,-19.3%,-18.7%
DOX,Extended,Telco infrastructure,Information Technology,Software & Services,Adj,Sep,EPS,CY2027,8.113,8.3,+2.3%,8.066,-2.8%,8.092,+0.3%,67.63,8.4,-0.3%,-16.0%,-19.3%,-18.7%
DOX,Extended,Telco infrastructure,Information Technology,Software & Services,Adj,Sep,EPS,CY2028,,9.155,,8.763,-4.3%,8.853,+1.0%,67.63,7.6,,-16.0%,-19.3%,-18.7%
MCK,Extended,Drug distributors / PBMs,Health Care,Health Care Equipment & Servic,Adj,Mar,EPS,CY2025,36.809,38.331,+4.1%,38.68,+0.9%,39.002,+0.8%,866.38,22.2,+6.0%,+5.6%,+3.1%,+24.3%
MCK,Extended,Drug distributors / PBMs,Health Care,Health Care Equipment & Servic,Adj,Mar,EPS,CY2026,41.438,43.423,+4.8%,43.825,+0.9%,44.135,+0.7%,866.38,19.6,+6.5%,+5.6%,+3.1%,+24.3%
MCK,Extended,Drug distributors / PBMs,Health Care,Health Care Equipment & Servic,Adj,Mar,EPS,CY2027,45.908,49.392,+7.6%,49.722,+0.7%,49.866,+0.3%,866.38,17.4,+8.6%,+5.6%,+3.1%,+24.3%
MCK,Extended,Drug distributors / PBMs,Health Care,Health Care Equipment & Servic,Adj,Mar,EPS,CY2028,51.003,55.69,+9.2%,55.894,+0.4%,55.983,+0.2%,866.38,15.5,+9.8%,+5.6%,+3.1%,+24.3%
CAH,Extended,Drug distributors / PBMs,Health Care,Health Care Equipment & Servic,Adj,Jun,EPS,CY2025,7.958,8.198,+3.0%,8.198,+0.0%,8.198,+0.0%,213.99,26.1,+3.0%,+4.1%,+0.7%,+58.9%
CAH,Extended,Drug distributors / PBMs,Health Care,Health Care Equipment & Servic,Adj,Jun,EPS,CY2026,8.972,9.435,+5.2%,9.927,+5.2%,10.317,+3.9%,213.99,20.7,+15.0%,+4.1%,+0.7%,+58.9%
CAH,Extended,Drug distributors / PBMs,Health Care,Health Care Equipment & Servic,Adj,Jun,EPS,CY2027,9.888,10.629,+7.5%,11.175,+5.1%,11.591,+3.7%,213.99,18.5,+17.2%,+4.1%,+0.7%,+58.9%
CAH,Extended,Drug distributors / PBMs,Health Care,Health Care Equipment & Servic,Adj,Jun,EPS,CY2028,10.89,11.911,+9.4%,12.565,+5.5%,13.041,+3.8%,213.99,16.4,+19.8%,+4.1%,+0.7%,+58.9%
COR,Extended,Drug distributors / PBMs,Health Care,Health Care Equipment & Servic,Adj,Sep,EPS,CY2025,15.442,15.944,+3.3%,15.945,+0.0%,15.945,+0.0%,327.56,20.5,+3.3%,-3.0%,-7.7%,+14.2%
COR,Extended,Drug distributors / PBMs,Health Care,Health Care Equipment & Servic,Adj,Sep,EPS,CY2026,16.955,17.49,+3.2%,17.583,+0.5%,17.624,+0.2%,327.56,18.6,+3.9%,-3.0%,-7.7%,+14.2%
COR,Extended,Drug distributors / PBMs,Health Care,Health Care Equipment & Servic,Adj,Sep,EPS,CY2027,18.621,19.271,+3.5%,19.528,+1.3%,19.578,+0.3%,327.56,16.7,+5.1%,-3.0%,-7.7%,+14.2%
COR,Extended,Drug distributors / PBMs,Health Care,Health Care Equipment & Servic,Adj,Sep,EPS,CY2028,20.727,21.168,+2.1%,21.676,+2.4%,21.697,+0.1%,327.56,15.1,+4.7%,-3.0%,-7.7%,+14.2%
AZO,Extended,Autos,Consumer Discretionary,Consumer Discretionary Distrib,Adj,Aug,EPS,CY2025,150.093,146.727,-2.2%,146.727,+0.0%,146.727,+0.0%,3572.38,24.3,-2.2%,+5.3%,+1.4%,-0.9%
AZO,Extended,Autos,Consumer Discretionary,Consumer Discretionary Distrib,Adj,Aug,EPS,CY2026,169.39,154.613,-8.7%,147.851,-4.4%,148.637,+0.5%,3572.38,24.0,-12.3%,+5.3%,+1.4%,-0.9%
AZO,Extended,Autos,Consumer Discretionary,Consumer Discretionary Distrib,Adj,Aug,EPS,CY2027,188.037,181.222,-3.6%,174.2,-3.9%,174.604,+0.2%,3572.38,20.5,-7.1%,+5.3%,+1.4%,-0.9%
AZO,Extended,Autos,Consumer Discretionary,Consumer Discretionary Distrib,Adj,Aug,EPS,CY2028,212.843,202.608,-4.8%,195.552,-3.5%,193.781,-0.9%,3572.38,18.4,-9.0%,+5.3%,+1.4%,-0.9%
AAP,Extended,Autos,Consumer Discretionary,Consumer Discretionary Distrib,Adj,Dec,EPS,CY2025,1.531,1.666,+8.8%,1.822,+9.4%,1.815,-0.4%,57.49,31.7,+18.5%,+46.3%,+33.1%,+80.4%
AAP,Extended,Autos,Consumer Discretionary,Consumer Discretionary Distrib,Adj,Dec,EPS,CY2026,2.819,2.641,-6.3%,2.651,+0.4%,2.767,+4.4%,57.49,20.8,-1.8%,+46.3%,+33.1%,+80.4%
AAP,Extended,Autos,Consumer Discretionary,Consumer Discretionary Distrib,Adj,Dec,EPS,CY2027,4.345,3.825,-12.0%,4.038,+5.6%,3.908,-3.2%,57.49,14.7,-10.1%,+46.3%,+33.1%,+80.4%
AAP,Extended,Autos,Consumer Discretionary,Consumer Discretionary Distrib,Adj,Dec,EPS,CY2028,4.497,4.75,+5.6%,4.694,-1.2%,4.658,-0.8%,57.49,12.3,+3.6%,+46.3%,+33.1%,+80.4%
ORLY,Extended,Autos,Consumer Discretionary,Consumer Discretionary Distrib,Adj,Dec,EPS,CY2025,2.942,2.944,+0.1%,2.974,+1.0%,2.976,+0.1%,93.71,31.5,+1.2%,+2.7%,-1.0%,+1.1%
ORLY,Extended,Autos,Consumer Discretionary,Consumer Discretionary Distrib,Adj,Dec,EPS,CY2026,3.298,3.305,+0.2%,3.317,+0.4%,3.217,-3.0%,93.71,29.1,-2.5%,+2.7%,-1.0%,+1.1%
ORLY,Extended,Autos,Consumer Discretionary,Consumer Discretionary Distrib,Adj,Dec,EPS,CY2027,3.673,3.652,-0.6%,3.652,+0.0%,3.567,-2.3%,93.71,26.3,-2.9%,+2.7%,-1.0%,+1.1%
ORLY,Extended,Autos,Consumer Discretionary,Consumer Discretionary Distrib,Adj,Dec,EPS,CY2028,4.023,3.997,-0.6%,3.944,-1.3%,3.924,-0.5%,93.71,23.9,-2.5%,+2.7%,-1.0%,+1.1%
KMX,Extended,Autos,Consumer Discretionary,Consumer Discretionary Distrib,Adj,Feb,EPS,CY2025,3.774,3.264,-13.5%,2.671,-18.2%,2.693,+0.8%,40.88,15.2,-28.6%,+5.8%,-16.3%,-36.7%
KMX,Extended,Autos,Consumer Discretionary,Consumer Discretionary Distrib,Adj,Feb,EPS,CY2026,4.328,3.8,-12.2%,2.523,-33.6%,2.356,-6.6%,40.88,17.4,-45.6%,+5.8%,-16.3%,-36.7%
KMX,Extended,Autos,Consumer Discretionary,Consumer Discretionary Distrib,Adj,Feb,EPS,CY2027,5.338,4.498,-15.7%,3.327,-26.0%,2.908,-12.6%,40.88,14.1,-45.5%,+5.8%,-16.3%,-36.7%
KMX,Extended,Autos,Consumer Discretionary,Consumer Discretionary Distrib,Adj,Feb,EPS,CY2028,9.48,7.2,-24.1%,4.876,-32.3%,4.243,-13.0%,40.88,9.6,-55.2%,+5.8%,-16.3%,-36.7%
MNRO,Extended,Autos,Consumer Discretionary,Consumer Discretionary Distrib,Adj,Mar,EPS,CY2025,0.834,0.606,-27.3%,0.558,-7.9%,0.478,-14.3%,17.87,37.4,-42.7%,-10.8%,-15.5%,+28.0%
MNRO,Extended,Autos,Consumer Discretionary,Consumer Discretionary Distrib,Adj,Mar,EPS,CY2026,0.87,0.815,-6.3%,0.69,-15.3%,0.664,-3.8%,17.87,26.9,-23.7%,-10.8%,-15.5%,+28.0%
MNRO,Extended,Autos,Consumer Discretionary,Consumer Discretionary Distrib,Adj,Mar,EPS,CY2027,,0.95,,0.9,-5.3%,0.933,+3.7%,17.87,19.2,,-10.8%,-15.5%,+28.0%
MNRO,Extended,Autos,Consumer Discretionary,Consumer Discretionary Distrib,Adj,Mar,EPS,CY2028,,,,,,1.21,,17.87,14.8,,-10.8%,-15.5%,+28.0%
AN,Extended,Autos,Consumer Discretionary,Consumer Discretionary Distrib,Adj,Dec,EPS,CY2025,18.105,19.814,+9.4%,19.865,+0.3%,19.989,+0.6%,207.99,10.4,+10.4%,+0.7%,-3.2%,+25.5%
AN,Extended,Autos,Consumer Discretionary,Consumer Discretionary Distrib,Adj,Dec,EPS,CY2026,20.014,20.898,+4.4%,21.058,+0.8%,21.289,+1.1%,207.99,9.8,+6.4%,+0.7%,-3.2%,+25.5%
AN,Extended,Autos,Consumer Discretionary,Consumer Discretionary Distrib,Adj,Dec,EPS,CY2027,22.568,23.308,+3.3%,23.456,+0.6%,23.696,+1.0%,207.99,8.8,+5.0%,+0.7%,-3.2%,+25.5%
AN,Extended,Autos,Consumer Discretionary,Consumer Discretionary Distrib,Adj,Dec,EPS,CY2028,24.993,25.613,+2.5%,26.49,+3.4%,24.898,-6.0%,207.99,8.4,-0.4%,+0.7%,-3.2%,+25.5%
GPI,Extended,Autos,Consumer Discretionary,Consumer Discretionary Distrib,Adj,Dec,EPS,CY2025,40.937,42.501,+3.8%,40.491,-4.7%,40.471,-0.0%,349.94,8.6,-1.1%,-11.0%,-11.4%,-10.6%
GPI,Extended,Autos,Consumer Discretionary,Consumer Discretionary Distrib,Adj,Dec,EPS,CY2026,44.417,44.89,+1.1%,43.665,-2.7%,41.803,-4.3%,349.94,8.4,-5.9%,-11.0%,-11.4%,-10.6%
GPI,Extended,Autos,Consumer Discretionary,Consumer Discretionary Distrib,Adj,Dec,EPS,CY2027,50.92,48.735,-4.3%,48.673,-0.1%,46.875,-3.7%,349.94,7.5,-7.9%,-11.0%,-11.4%,-10.6%
GPI,Extended,Autos,Consumer Discretionary,Consumer Discretionary Distrib,Adj,Dec,EPS,CY2028,,55.32,,55.73,+0.7%,56.138,+0.7%,349.94,6.2,,-11.0%,-11.4%,-10.6%
SAH,Extended,Autos,Consumer Discretionary,Consumer Discretionary Distrib,Adj,Dec,EPS,CY2025,6.242,6.77,+8.5%,6.075,-10.3%,6.049,-0.4%,70.7,11.7,-3.1%,+14.3%,+12.4%,+20.4%
SAH,Extended,Autos,Consumer Discretionary,Consumer Discretionary Distrib,Adj,Dec,EPS,CY2026,7.198,7.458,+3.6%,7.078,-5.1%,6.361,-10.1%,70.7,11.1,-11.6%,+14.3%,+12.4%,+20.4%
SAH,Extended,Autos,Consumer Discretionary,Consumer Discretionary Distrib,Adj,Dec,EPS,CY2027,7.925,8.568,+8.1%,7.808,-8.9%,7.104,-9.0%,70.7,10.0,-10.4%,+14.3%,+12.4%,+20.4%
SAH,Extended,Autos,Consumer Discretionary,Consumer Discretionary Distrib,Adj,Dec,EPS,CY2028,9.24,10.565,+14.3%,8.95,-15.3%,7.622,-14.8%,70.7,9.3,-17.5%,+14.3%,+12.4%,+20.4%
CPRT,Extended,Autos,Industrials,Commercial & Professional Serv,Adj,Jul,EPS,CY2025,1.562,1.55,-0.8%,1.55,+0.0%,1.55,+0.0%,33.45,21.6,-0.8%,-14.6%,-18.5%,-44.0%
CPRT,Extended,Autos,Industrials,Commercial & Professional Serv,Adj,Jul,EPS,CY2026,1.785,1.728,-3.2%,1.658,-4.1%,1.575,-5.0%,33.45,21.2,-11.8%,-14.6%,-18.5%,-44.0%
CPRT,Extended,Autos,Industrials,Commercial & Professional Serv,Adj,Jul,EPS,CY2027,2.073,1.935,-6.7%,1.808,-6.6%,1.679,-7.1%,33.45,19.9,-19.0%,-14.6%,-18.5%,-44.0%
CPRT,Extended,Autos,Industrials,Commercial & Professional Serv,Adj,Jul,EPS,CY2028,,2.22,,1.915,-13.7%,1.837,-4.1%,33.45,18.2,,-14.6%,-18.5%,-44.0%
LKQ,Extended,Autos,Consumer Discretionary,Consumer Discretionary Distrib,Adj,Dec,EPS,CY2025,3.541,3.12,-11.9%,3.099,-0.7%,3.106,+0.2%,31.12,10.0,-12.3%,+3.0%,-7.1%,-26.0%
LKQ,Extended,Autos,Consumer Discretionary,Consumer Discretionary Distrib,Adj,Dec,EPS,CY2026,3.857,3.418,-11.4%,3.282,-4.0%,3.02,-8.0%,31.12,10.3,-21.7%,+3.0%,-7.1%,-26.0%
LKQ,Extended,Autos,Consumer Discretionary,Consumer Discretionary Distrib,Adj,Dec,EPS,CY2027,4.083,3.685,-9.7%,3.468,-5.9%,3.31,-4.6%,31.12,9.4,-18.9%,+3.0%,-7.1%,-26.0%
LKQ,Extended,Autos,Consumer Discretionary,Consumer Discretionary Distrib,Adj,Dec,EPS,CY2028,4.31,4.04,-6.3%,3.39,-16.1%,3.54,+4.4%,31.12,8.8,-17.9%,+3.0%,-7.1%,-26.0%
WAB,Extended,Auto / Truck Supply Chain,Industrials,Capital Goods,Adj,Dec,EPS,CY2025,8.553,8.974,+4.9%,8.966,-0.1%,8.968,+0.0%,263.37,29.4,+4.9%,+23.4%,+14.7%,+54.1%
WAB,Extended,Auto / Truck Supply Chain,Industrials,Capital Goods,Adj,Dec,EPS,CY2026,9.66,10.074,+4.3%,10.219,+1.4%,10.445,+2.2%,263.37,25.2,+8.1%,+23.4%,+14.7%,+54.1%
WAB,Extended,Auto / Truck Supply Chain,Industrials,Capital Goods,Adj,Dec,EPS,CY2027,10.775,11.225,+4.2%,11.36,+1.2%,11.919,+4.9%,263.37,22.1,+10.6%,+23.4%,+14.7%,+54.1%
WAB,Extended,Auto / Truck Supply Chain,Industrials,Capital Goods,Adj,Dec,EPS,CY2028,11.16,12.087,+8.3%,13.003,+7.6%,13.29,+2.2%,263.37,19.8,+19.1%,+23.4%,+14.7%,+54.1%
ALSN,Extended,Auto / Truck Supply Chain,Industrials,Capital Goods,Adj,Dec,EPS,CY2025,8.888,7.988,-10.1%,7.675,-3.9%,7.72,+0.6%,128.5,16.6,-13.1%,+31.3%,+16.6%,+44.7%
ALSN,Extended,Auto / Truck Supply Chain,Industrials,Capital Goods,Adj,Dec,EPS,CY2026,9.994,9.119,-8.8%,8.599,-5.7%,8.867,+3.1%,128.5,14.5,-11.3%,+31.3%,+16.6%,+44.7%
ALSN,Extended,Auto / Truck Supply Chain,Industrials,Capital Goods,Adj,Dec,EPS,CY2027,10.398,10.828,+4.1%,10.388,-4.1%,10.863,+4.6%,128.5,11.8,+4.5%,+31.3%,+16.6%,+44.7%
ALSN,Extended,Auto / Truck Supply Chain,Industrials,Capital Goods,Adj,Dec,EPS,CY2028,,14.79,,10.24,-30.8%,12.938,+26.3%,128.5,9.9,,+31.3%,+16.6%,+44.7%
GNTX,Extended,Auto / Truck Supply Chain,Consumer Discretionary,Automobiles & Components,Adj,Dec,EPS,CY2025,1.872,1.771,-5.4%,1.786,+0.8%,1.791,+0.3%,22.63,12.6,-4.3%,-2.8%,-5.4%,+5.0%
GNTX,Extended,Auto / Truck Supply Chain,Consumer Discretionary,Automobiles & Components,Adj,Dec,EPS,CY2026,2.076,1.99,-4.1%,1.964,-1.3%,1.949,-0.8%,22.63,11.6,-6.1%,-2.8%,-5.4%,+5.0%
GNTX,Extended,Auto / Truck Supply Chain,Consumer Discretionary,Automobiles & Components,Adj,Dec,EPS,CY2027,2.23,2.287,+2.6%,2.227,-2.6%,2.158,-3.1%,22.63,10.5,-3.2%,-2.8%,-5.4%,+5.0%
GNTX,Extended,Auto / Truck Supply Chain,Consumer Discretionary,Automobiles & Components,Adj,Dec,EPS,CY2028,,3.04,,2.96,-2.6%,2.492,-15.8%,22.63,9.1,,-2.8%,-5.4%,+5.0%
TEL,Extended,Auto / Truck Supply Chain,Information Technology,Technology Hardware & Equipmen,Adj,Sep,EPS,CY2025,8.04,8.604,+7.0%,8.609,+0.1%,8.609,+0.0%,246.14,28.6,+7.1%,+8.2%,+2.1%,+90.5%
TEL,Extended,Auto / Truck Supply Chain,Information Technology,Technology Hardware & Equipmen,Adj,Sep,EPS,CY2026,8.832,9.641,+9.2%,10.765,+11.7%,11.082,+2.9%,246.14,22.2,+25.5%,+8.2%,+2.1%,+90.5%
TEL,Extended,Auto / Truck Supply Chain,Information Technology,Technology Hardware & Equipmen,Adj,Sep,EPS,CY2027,9.752,10.714,+9.9%,12.09,+12.8%,12.369,+2.3%,246.14,19.9,+26.8%,+8.2%,+2.1%,+90.5%
TEL,Extended,Auto / Truck Supply Chain,Information Technology,Technology Hardware & Equipmen,Adj,Sep,EPS,CY2028,10.968,12.1,+10.3%,13.55,+12.0%,13.699,+1.1%,246.14,18.0,+24.9%,+8.2%,+2.1%,+90.5%
GT,Extended,Auto / Truck Supply Chain,Consumer Discretionary,Automobiles & Components,Adj,Dec,EPS,CY2025,1.473,0.541,-63.3%,0.626,+15.7%,0.624,-0.3%,7.06,11.3,-57.6%,-19.4%,-22.3%,-27.6%
GT,Extended,Auto / Truck Supply Chain,Consumer Discretionary,Automobiles & Components,Adj,Dec,EPS,CY2026,1.993,1.236,-38.0%,1.055,-14.6%,0.58,-45.0%,7.06,12.2,-70.9%,-19.4%,-22.3%,-27.6%
GT,Extended,Auto / Truck Supply Chain,Consumer Discretionary,Automobiles & Components,Adj,Dec,EPS,CY2027,2.208,1.554,-29.6%,1.48,-4.8%,1.104,-25.4%,7.06,6.4,-50.0%,-19.4%,-22.3%,-27.6%
GT,Extended,Auto / Truck Supply Chain,Consumer Discretionary,Automobiles & Components,Adj,Dec,EPS,CY2028,,1.8,,1.76,-2.2%,1.434,-18.5%,7.06,4.9,,-19.4%,-22.3%,-27.6%
TEN,Extended,Auto / Truck Supply Chain,Energy,Energy,Adj,Dec,EPS,CY2025,3.23,3.24,+0.3%,3.42,+5.6%,3.517,+2.8%,39.4,11.2,+8.9%,+75.7%,+54.4%,+142.9%
TEN,Extended,Auto / Truck Supply Chain,Energy,Energy,Adj,Dec,EPS,CY2026,3.635,6.14,+68.9%,4.46,-27.4%,5.39,+20.9%,39.4,7.3,+48.3%,+75.7%,+54.4%,+142.9%
TEN,Extended,Auto / Truck Supply Chain,Energy,Energy,Adj,Dec,EPS,CY2027,,8.12,,3.13,-61.5%,3.62,+15.7%,39.4,10.9,,+75.7%,+54.4%,+142.9%
TEN,Extended,Auto / Truck Supply Chain,Energy,Energy,Adj,Dec,EPS,CY2028,,9.67,,9.67,+0.0%,9.67,+0.0%,39.4,4.1,,+75.7%,+54.4%,+142.9%
LEA,Extended,Auto / Truck Supply Chain,Consumer Discretionary,Automobiles & Components,Adj,Dec,EPS,CY2025,11.915,12.278,+3.0%,12.205,-0.6%,12.247,+0.3%,125.39,10.2,+2.8%,+9.4%,+3.6%,+57.9%
LEA,Extended,Auto / Truck Supply Chain,Consumer Discretionary,Automobiles & Components,Adj,Dec,EPS,CY2026,14.357,13.926,-3.0%,14.088,+1.2%,14.391,+2.2%,125.39,8.7,+0.2%,+9.4%,+3.6%,+57.9%
LEA,Extended,Auto / Truck Supply Chain,Consumer Discretionary,Automobiles & Components,Adj,Dec,EPS,CY2027,16.694,16.37,-1.9%,16.438,+0.4%,16.917,+2.9%,125.39,7.4,+1.3%,+9.4%,+3.6%,+57.9%
LEA,Extended,Auto / Truck Supply Chain,Consumer Discretionary,Automobiles & Components,Adj,Dec,EPS,CY2028,21.35,19.477,-8.8%,19.137,-1.7%,19.09,-0.2%,125.39,6.6,-10.6%,+9.4%,+3.6%,+57.9%
ADNT,Extended,Auto / Truck Supply Chain,Consumer Discretionary,Automobiles & Components,Adj,Sep,EPS,CY2025,1.551,1.955,+26.0%,1.968,+0.7%,1.968,+0.0%,21.79,11.1,+26.9%,+13.7%,-1.1%,+90.6%
ADNT,Extended,Auto / Truck Supply Chain,Consumer Discretionary,Automobiles & Components,Adj,Sep,EPS,CY2026,2.383,2.587,+8.6%,1.986,-23.2%,2.082,+4.8%,21.79,10.5,-12.6%,+13.7%,-1.1%,+90.6%
ADNT,Extended,Auto / Truck Supply Chain,Consumer Discretionary,Automobiles & Components,Adj,Sep,EPS,CY2027,3.288,3.785,+15.1%,3.058,-19.2%,3.225,+5.5%,21.79,6.8,-1.9%,+13.7%,-1.1%,+90.6%
ADNT,Extended,Auto / Truck Supply Chain,Consumer Discretionary,Automobiles & Components,Adj,Sep,EPS,CY2028,6.307,6.15,-2.5%,4.243,-31.0%,4.516,+6.4%,21.79,4.8,-28.4%,+13.7%,-1.1%,+90.6%
JCI,Extended,Auto / Truck Supply Chain,Industrials,Capital Goods,Adj,Sep,EPS,CY2025,3.569,3.724,+4.3%,3.725,+0.0%,3.725,+0.0%,140.87,37.8,+4.4%,+17.6%,+22.9%,+83.4%
JCI,Extended,Auto / Truck Supply Chain,Industrials,Capital Goods,Adj,Sep,EPS,CY2026,4.169,4.434,+6.4%,4.612,+4.0%,4.746,+2.9%,140.87,29.7,+13.8%,+17.6%,+22.9%,+83.4%
JCI,Extended,Auto / Truck Supply Chain,Industrials,Capital Goods,Adj,Sep,EPS,CY2027,4.814,5.158,+7.1%,5.361,+3.9%,5.549,+3.5%,140.87,25.4,+15.3%,+17.6%,+22.9%,+83.4%
JCI,Extended,Auto / Truck Supply Chain,Industrials,Capital Goods,Adj,Sep,EPS,CY2028,5.648,5.835,+3.3%,6.101,+4.6%,6.283,+3.0%,140.87,22.4,+11.2%,+17.6%,+22.9%,+83.4%
LNR,Extended,Auto / Truck Supply Chain,Consumer Discretionary,Automobiles & Components,Adj,Dec,EPS,CY2025,9.922,10.1,+1.8%,10.07,-0.3%,10.072,+0.0%,82.51,8.2,+1.5%,-0.5%,-6.0%,+71.4%
LNR,Extended,Auto / Truck Supply Chain,Consumer Discretionary,Automobiles & Components,Adj,Dec,EPS,CY2026,11.33,10.966,-3.2%,11.256,+2.6%,11.51,+2.3%,82.51,7.2,+1.6%,-0.5%,-6.0%,+71.4%
LNR,Extended,Auto / Truck Supply Chain,Consumer Discretionary,Automobiles & Components,Adj,Dec,EPS,CY2027,,13.2,,13.47,+2.0%,12.862,-4.5%,82.51,6.4,,-0.5%,-6.0%,+71.4%
LNR,Extended,Auto / Truck Supply Chain,Consumer Discretionary,Automobiles & Components,Adj,Dec,EPS,CY2028,,,,,,,,82.51,,,-0.5%,-6.0%,+71.4%
CON,Extended,Auto / Truck Supply Chain,Consumer Discretionary,Automobiles & Components,Adj,Dec,EPS,CY2025,7.79,5.976,-23.3%,2.888,-51.7%,2.87,-0.6%,67.68,23.6,-63.2%,-0.4%,+2.4%,+40.0%
CON,Extended,Auto / Truck Supply Chain,Consumer Discretionary,Automobiles & Components,Adj,Dec,EPS,CY2026,9.561,7.275,-23.9%,6.663,-8.4%,6.375,-4.3%,67.68,10.6,-33.3%,-0.4%,+2.4%,+40.0%
CON,Extended,Auto / Truck Supply Chain,Consumer Discretionary,Automobiles & Components,Adj,Dec,EPS,CY2027,10.943,8.3,-24.2%,7.633,-8.0%,7.354,-3.7%,67.68,9.2,-32.8%,-0.4%,+2.4%,+40.0%
CON,Extended,Auto / Truck Supply Chain,Consumer Discretionary,Automobiles & Components,Adj,Dec,EPS,CY2028,10.965,8.45,-22.9%,8.083,-4.3%,7.864,-2.7%,67.68,8.6,-28.3%,-0.4%,+2.4%,+40.0%
PCAR,Extended,Auto / Truck Supply Chain,Industrials,Capital Goods,Adj,Dec,EPS,CY2025,6.914,5.138,-25.7%,4.972,-3.2%,4.977,+0.1%,126.25,25.4,-28.0%,+15.3%,+4.0%,+45.0%
PCAR,Extended,Auto / Truck Supply Chain,Industrials,Capital Goods,Adj,Dec,EPS,CY2026,7.909,6.112,-22.7%,5.68,-7.1%,5.719,+0.7%,126.25,22.1,-27.7%,+15.3%,+4.0%,+45.0%
PCAR,Extended,Auto / Truck Supply Chain,Industrials,Capital Goods,Adj,Dec,EPS,CY2027,7.712,6.897,-10.6%,6.864,-0.5%,6.876,+0.2%,126.25,18.4,-10.8%,+15.3%,+4.0%,+45.0%
PCAR,Extended,Auto / Truck Supply Chain,Industrials,Capital Goods,Adj,Dec,EPS,CY2028,8.268,7.786,-5.8%,7.622,-2.1%,7.625,+0.0%,126.25,16.6,-7.8%,+15.3%,+4.0%,+45.0%
HOG,Extended,Auto / Truck Supply Chain,Consumer Discretionary,Automobiles & Components,Adj,Dec,EPS,CY2025,3.15,4.238,+34.5%,4.048,-4.5%,4.041,-0.2%,23.49,5.8,+28.3%,+14.6%,+14.6%,+4.4%
HOG,Extended,Auto / Truck Supply Chain,Consumer Discretionary,Automobiles & Components,Adj,Dec,EPS,CY2026,3.984,2.619,-34.3%,2.067,-21.1%,0.329,-84.1%,23.49,71.4,-91.7%,+14.6%,+14.6%,+4.4%
HOG,Extended,Auto / Truck Supply Chain,Consumer Discretionary,Automobiles & Components,Adj,Dec,EPS,CY2027,4.36,3.585,-17.8%,2.908,-18.9%,1.616,-44.4%,23.49,14.5,-62.9%,+14.6%,+14.6%,+4.4%
HOG,Extended,Auto / Truck Supply Chain,Consumer Discretionary,Automobiles & Components,Adj,Dec,EPS,CY2028,4.51,4.88,+8.2%,5.04,+3.3%,2.222,-55.9%,23.49,10.6,-50.7%,+14.6%,+14.6%,+4.4%
GM,Extended,Auto / Truck Supply Chain,Consumer Discretionary,Automobiles & Components,Adj,Dec,EPS,CY2025,11.229,9.484,-15.5%,10.265,+8.2%,10.286,+0.2%,81.32,7.9,-8.4%,+0.0%,+0.6%,+82.5%
GM,Extended,Auto / Truck Supply Chain,Consumer Discretionary,Automobiles & Components,Adj,Dec,EPS,CY2026,10.31,10.185,-1.2%,11.747,+15.3%,12.195,+3.8%,81.32,6.7,+18.3%,+0.0%,+0.6%,+82.5%
GM,Extended,Auto / Truck Supply Chain,Consumer Discretionary,Automobiles & Components,Adj,Dec,EPS,CY2027,9.391,10.668,+13.6%,12.605,+18.2%,13.733,+8.9%,81.32,5.9,+46.2%,+0.0%,+0.6%,+82.5%
GM,Extended,Auto / Truck Supply Chain,Consumer Discretionary,Automobiles & Components,Adj,Dec,EPS,CY2028,9.65,11.744,+21.7%,12.073,+2.8%,12.923,+7.0%,81.32,6.3,+33.9%,+0.0%,+0.6%,+82.5%
BC,Extended,Auto / Truck Supply Chain,Consumer Discretionary,Consumer Durables & Apparel,Adj,Dec,EPS,CY2025,3.94,3.216,-18.4%,3.256,+1.2%,3.26,+0.1%,81.23,24.9,-17.3%,+9.4%,-8.4%,+85.5%
BC,Extended,Auto / Truck Supply Chain,Consumer Discretionary,Consumer Durables & Apparel,Adj,Dec,EPS,CY2026,5.146,4.207,-18.2%,4.193,-0.3%,4.258,+1.6%,81.23,19.1,-17.3%,+9.4%,-8.4%,+85.5%
BC,Extended,Auto / Truck Supply Chain,Consumer Discretionary,Consumer Durables & Apparel,Adj,Dec,EPS,CY2027,6.465,5.602,-13.3%,5.448,-2.7%,5.453,+0.1%,81.23,14.9,-15.7%,+9.4%,-8.4%,+85.5%
BC,Extended,Auto / Truck Supply Chain,Consumer Discretionary,Consumer Durables & Apparel,Adj,Dec,EPS,CY2028,,9.49,,7.34,-22.7%,6.623,-9.8%,81.23,12.3,,+9.4%,-8.4%,+85.5%
F,Extended,Auto / Truck Supply Chain,Consumer Discretionary,Automobiles & Components,Adj,Dec,EPS,CY2025,1.165,1.129,-3.1%,1.109,-1.8%,1.141,+2.9%,12.87,11.3,-2.1%,-1.9%,-5.4%,+33.6%
F,Extended,Auto / Truck Supply Chain,Consumer Discretionary,Automobiles & Components,Adj,Dec,EPS,CY2026,1.362,1.352,-0.7%,1.529,+13.1%,1.517,-0.8%,12.87,8.5,+11.4%,-1.9%,-5.4%,+33.6%
F,Extended,Auto / Truck Supply Chain,Consumer Discretionary,Automobiles & Components,Adj,Dec,EPS,CY2027,1.455,1.514,+4.1%,1.758,+16.1%,1.849,+5.2%,12.87,7.0,+27.1%,-1.9%,-5.4%,+33.6%
F,Extended,Auto / Truck Supply Chain,Consumer Discretionary,Automobiles & Components,Adj,Dec,EPS,CY2028,1.649,1.75,+6.1%,1.824,+4.2%,1.969,+7.9%,12.87,6.5,+19.4%,-1.9%,-5.4%,+33.6%
STLA,Extended,Auto / Truck Supply Chain,Consumer Discretionary,Automobiles & Components,Adj,Dec,EPS,CY2025,2.055,0.54,-73.7%,0.455,-15.7%,-0.673,-247.9%,8.62,-12.8,-132.7%,-20.8%,-10.2%,-8.6%
STLA,Extended,Auto / Truck Supply Chain,Consumer Discretionary,Automobiles & Components,Adj,Dec,EPS,CY2026,2.45,1.662,-32.2%,1.517,-8.7%,0.804,-47.0%,8.62,10.7,-67.2%,-20.8%,-10.2%,-8.6%
STLA,Extended,Auto / Truck Supply Chain,Consumer Discretionary,Automobiles & Components,Adj,Dec,EPS,CY2027,2.8,2.244,-19.9%,2.146,-4.4%,1.503,-30.0%,8.62,5.7,-46.3%,-20.8%,-10.2%,-8.6%
STLA,Extended,Auto / Truck Supply Chain,Consumer Discretionary,Automobiles & Components,Adj,Dec,EPS,CY2028,3.006,2.563,-14.7%,2.487,-3.0%,1.882,-24.3%,8.62,4.6,-37.4%,-20.8%,-10.2%,-8.6%
EXO,Extended,Auto / Truck Supply Chain,Financials,Financial Services,Adj,Dec,EPS,CY2025,8.06,6.393,-20.7%,3.988,-37.6%,14.0,+251.1%,71.9,5.1,+73.7%,-0.8%,+0.3%,-8.2%
EXO,Extended,Auto / Truck Supply Chain,Financials,Financial Services,Adj,Dec,EPS,CY2026,1.23,2.39,+94.3%,2.447,+2.4%,2.31,-5.6%,71.9,31.1,+87.8%,-0.8%,+0.3%,-8.2%
EXO,Extended,Auto / Truck Supply Chain,Financials,Financial Services,Adj,Dec,EPS,CY2027,3.5,3.147,-10.1%,3.19,+1.4%,2.27,-28.8%,71.9,31.7,-35.1%,-0.8%,+0.3%,-8.2%
EXO,Extended,Auto / Truck Supply Chain,Financials,Financial Services,Adj,Dec,EPS,CY2028,,3.18,,3.18,+0.0%,1.71,-46.2%,71.9,42.0,,-0.8%,+0.3%,-8.2%
VOW,Extended,Auto / Truck Supply Chain,Consumer Discretionary,Automobiles & Components,Adj,Dec,EPS,CY2025,22.074,12.18,-44.8%,10.764,-11.6%,11.133,+3.4%,94.6,8.5,-49.6%,-10.0%,-6.4%,+3.5%
VOW,Extended,Auto / Truck Supply Chain,Consumer Discretionary,Automobiles & Components,Adj,Dec,EPS,CY2026,25.529,23.766,-6.9%,22.172,-6.7%,20.114,-9.3%,94.6,4.7,-21.2%,-10.0%,-6.4%,+3.5%
VOW,Extended,Auto / Truck Supply Chain,Consumer Discretionary,Automobiles & Components,Adj,Dec,EPS,CY2027,29.968,28.406,-5.2%,27.171,-4.3%,23.594,-13.2%,94.6,4.0,-21.3%,-10.0%,-6.4%,+3.5%
VOW,Extended,Auto / Truck Supply Chain,Consumer Discretionary,Automobiles & Components,Adj,Dec,EPS,CY2028,34.673,33.018,-4.8%,31.37,-5.0%,27.921,-11.0%,94.6,3.4,-19.5%,-10.0%,-6.4%,+3.5%
BMW,Extended,Auto / Truck Supply Chain,Consumer Discretionary,Automobiles & Components,Adj,Dec,EPS,CY2025,11.18,10.578,-5.4%,10.614,+0.3%,10.683,+0.7%,84.22,7.9,-4.4%,-9.6%,-5.1%,+19.9%
BMW,Extended,Auto / Truck Supply Chain,Consumer Discretionary,Automobiles & Components,Adj,Dec,EPS,CY2026,11.773,11.369,-3.4%,11.245,-1.1%,10.469,-6.9%,84.22,8.0,-11.1%,-9.6%,-5.1%,+19.9%
BMW,Extended,Auto / Truck Supply Chain,Consumer Discretionary,Automobiles & Components,Adj,Dec,EPS,CY2027,13.127,12.949,-1.4%,12.884,-0.5%,11.898,-7.7%,84.22,7.1,-9.4%,-9.6%,-5.1%,+19.9%
BMW,Extended,Auto / Truck Supply Chain,Consumer Discretionary,Automobiles & Components,Adj,Dec,EPS,CY2028,13.983,14.34,+2.6%,14.77,+3.0%,13.498,-8.6%,84.22,6.2,-3.5%,-9.6%,-5.1%,+19.9%
005380,Extended,Auto / Truck Supply Chain,Consumer Discretionary,Automobiles & Components,GAAP,Dec,EPS,CY2025,50365.044,45135.275,-10.4%,45414.513,+0.6%,45332.066,-0.2%,539000.0,11.9,-10.0%,+81.5%,+13.7%,+187.9%
005380,Extended,Auto / Truck Supply Chain,Consumer Discretionary,Automobiles & Components,GAAP,Dec,EPS,CY2026,50688.237,45156.062,-10.9%,49775.128,+10.2%,46466.468,-6.6%,539000.0,11.6,-8.3%,+81.5%,+13.7%,+187.9%
005380,Extended,Auto / Truck Supply Chain,Consumer Discretionary,Automobiles & Components,GAAP,Dec,EPS,CY2027,48977.933,47573.108,-2.9%,53394.228,+12.2%,50978.453,-4.5%,539000.0,10.6,+4.1%,+81.5%,+13.7%,+187.9%
005380,Extended,Auto / Truck Supply Chain,Consumer Discretionary,Automobiles & Components,GAAP,Dec,EPS,CY2028,,64983.0,,64696.0,-0.4%,51468.352,-20.4%,539000.0,10.5,,+81.5%,+13.7%,+187.9%
ECL,Extended,Recurring services,Materials,Materials,Adj,Dec,EPS,CY2025,7.495,7.536,+0.5%,7.53,-0.1%,7.523,-0.1%,274.8,36.5,+0.4%,+4.7%,-0.8%,+15.1%
ECL,Extended,Recurring services,Materials,Materials,Adj,Dec,EPS,CY2026,8.442,8.541,+1.2%,8.459,-1.0%,8.512,+0.6%,274.8,32.3,+0.8%,+4.7%,-0.8%,+15.1%
ECL,Extended,Recurring services,Materials,Materials,Adj,Dec,EPS,CY2027,9.623,9.692,+0.7%,9.62,-0.7%,9.644,+0.2%,274.8,28.5,+0.2%,+4.7%,-0.8%,+15.1%
ECL,Extended,Recurring services,Materials,Materials,Adj,Dec,EPS,CY2028,10.253,10.393,+1.4%,10.622,+2.2%,10.761,+1.3%,274.8,25.5,+5.0%,+4.7%,-0.8%,+15.1%
CLH,Extended,Recurring services,Industrials,Commercial & Professional Serv,Adj,Dec,EPS,CY2025,7.487,7.554,+0.9%,7.252,-4.0%,7.251,-0.0%,300.7,41.5,-3.2%,+28.2%,+13.9%,+45.3%
CLH,Extended,Recurring services,Industrials,Commercial & Professional Serv,Adj,Dec,EPS,CY2026,8.988,8.789,-2.2%,8.027,-8.7%,8.373,+4.3%,300.7,35.9,-6.8%,+28.2%,+13.9%,+45.3%
CLH,Extended,Recurring services,Industrials,Commercial & Professional Serv,Adj,Dec,EPS,CY2027,10.773,10.194,-5.4%,9.189,-9.9%,9.365,+1.9%,300.7,32.1,-13.1%,+28.2%,+13.9%,+45.3%
CLH,Extended,Recurring services,Industrials,Commercial & Professional Serv,Adj,Dec,EPS,CY2028,11.855,12.075,+1.9%,10.477,-13.2%,10.688,+2.0%,300.7,28.1,-9.8%,+28.2%,+13.9%,+45.3%
PSA,Extended,Recurring services,Real Estate,Equity Real Estate Investment,Adj,Dec,EPS,CY2025,10.131,9.115,-10.0%,8.982,-1.5%,8.978,-0.0%,309.22,34.4,-11.4%,+19.2%,+5.2%,+4.5%
PSA,Extended,Recurring services,Real Estate,Equity Real Estate Investment,Adj,Dec,EPS,CY2026,10.797,10.949,+1.4%,10.241,-6.5%,9.758,-4.7%,309.22,31.7,-9.6%,+19.2%,+5.2%,+4.5%
PSA,Extended,Recurring services,Real Estate,Equity Real Estate Investment,Adj,Dec,EPS,CY2027,11.392,11.642,+2.2%,10.67,-8.3%,10.089,-5.4%,309.22,30.6,-11.4%,+19.2%,+5.2%,+4.5%
PSA,Extended,Recurring services,Real Estate,Equity Real Estate Investment,Adj,Dec,EPS,CY2028,12.372,13.213,+6.8%,11.486,-13.1%,10.755,-6.4%,309.22,28.8,-13.1%,+19.2%,+5.2%,+4.5%
EXR,Extended,Recurring services,Real Estate,Equity Real Estate Investment,Adj,Dec,EPS,CY2025,4.708,4.785,+1.6%,4.487,-6.2%,4.535,+1.1%,145.36,32.1,-3.7%,+11.6%,-2.4%,+3.0%
EXR,Extended,Recurring services,Real Estate,Equity Real Estate Investment,Adj,Dec,EPS,CY2026,5.051,4.921,-2.6%,4.901,-0.4%,4.697,-4.2%,145.36,30.9,-7.0%,+11.6%,-2.4%,+3.0%
EXR,Extended,Recurring services,Real Estate,Equity Real Estate Investment,Adj,Dec,EPS,CY2027,5.13,5.208,+1.5%,5.15,-1.1%,4.892,-5.0%,145.36,29.7,-4.6%,+11.6%,-2.4%,+3.0%
EXR,Extended,Recurring services,Real Estate,Equity Real Estate Investment,Adj,Dec,EPS,CY2028,5.656,5.688,+0.6%,5.667,-0.4%,5.219,-7.9%,145.36,27.9,-7.7%,+11.6%,-2.4%,+3.0%
SCI,Extended,Recurring services,Consumer Discretionary,Consumer Services,Adj,Dec,EPS,CY2025,3.83,3.828,-0.1%,3.852,+0.6%,3.852,+0.0%,82.98,21.5,+0.6%,+6.4%,+0.0%,+6.9%
SCI,Extended,Recurring services,Consumer Discretionary,Consumer Services,Adj,Dec,EPS,CY2026,4.227,4.22,-0.2%,4.255,+0.8%,4.2,-1.3%,82.98,19.8,-0.6%,+6.4%,+0.0%,+6.9%
SCI,Extended,Recurring services,Consumer Discretionary,Consumer Services,Adj,Dec,EPS,CY2027,,4.66,,4.682,+0.5%,4.628,-1.2%,82.98,17.9,,+6.4%,+0.0%,+6.9%
SCI,Extended,Recurring services,Consumer Discretionary,Consumer Services,Adj,Dec,EPS,CY2028,,,,,,5.21,,82.98,15.9,,+6.4%,+0.0%,+6.9%
ADT,Extended,Recurring services,Consumer Discretionary,Consumer Services,Adj,Dec,EPS,CY2025,0.845,0.875,+3.6%,0.882,+0.8%,0.882,+0.0%,7.27,8.2,+4.4%,-9.9%,-11.9%,-7.6%
ADT,Extended,Recurring services,Consumer Discretionary,Consumer Services,Adj,Dec,EPS,CY2026,0.95,0.985,+3.7%,0.946,-4.0%,0.895,-5.4%,7.27,8.1,-5.8%,-9.9%,-11.9%,-7.6%
ADT,Extended,Recurring services,Consumer Discretionary,Consumer Services,Adj,Dec,EPS,CY2027,,1.115,,1.052,-5.7%,0.968,-8.0%,7.27,7.5,,-9.9%,-11.9%,-7.6%
ADT,Extended,Recurring services,Consumer Discretionary,Consumer Services,Adj,Dec,EPS,CY2028,,1.37,,1.33,-2.9%,1.056,-20.6%,7.27,6.9,,-9.9%,-11.9%,-7.6%
IRM,Extended,Recurring services,Real Estate,Equity Real Estate Investment,Adj,Dec,EPS,CY2025,1.86,1.522,-18.2%,1.965,+29.1%,1.965,+0.0%,118.07,60.1,+5.6%,+42.3%,+23.1%,+40.2%
IRM,Extended,Recurring services,Real Estate,Equity Real Estate Investment,Adj,Dec,EPS,CY2026,2.292,2.098,-8.5%,2.314,+10.3%,2.391,+3.3%,118.07,49.4,+4.3%,+42.3%,+23.1%,+40.2%
IRM,Extended,Recurring services,Real Estate,Equity Real Estate Investment,Adj,Dec,EPS,CY2027,2.629,2.534,-3.6%,2.676,+5.6%,2.701,+0.9%,118.07,43.7,+2.7%,+42.3%,+23.1%,+40.2%
IRM,Extended,Recurring services,Real Estate,Equity Real Estate Investment,Adj,Dec,EPS,CY2028,,2.697,,3.13,+16.1%,3.198,+2.2%,118.07,36.9,,+42.3%,+23.1%,+40.2%
SECUB,Extended,Recurring services,Industrials,Commercial & Professional Serv,Adj,Dec,EPS,CY2025,12.426,12.099,-2.6%,12.154,+0.5%,12.154,+0.0%,172.0,14.2,-2.2%,+16.8%,+18.5%,+19.9%
SECUB,Extended,Recurring services,Industrials,Commercial & Professional Serv,Adj,Dec,EPS,CY2026,13.678,12.924,-5.5%,12.945,+0.2%,13.055,+0.8%,172.0,13.2,-4.6%,+16.8%,+18.5%,+19.9%
SECUB,Extended,Recurring services,Industrials,Commercial & Professional Serv,Adj,Dec,EPS,CY2027,14.831,13.954,-5.9%,14.023,+0.5%,14.114,+0.6%,172.0,12.2,-4.8%,+16.8%,+18.5%,+19.9%
SECUB,Extended,Recurring services,Industrials,Commercial & Professional Serv,Adj,Dec,EPS,CY2028,16.072,15.875,-1.2%,15.458,-2.6%,15.137,-2.1%,172.0,11.4,-5.8%,+16.8%,+18.5%,+19.9%
CTAS,Extended,Recurring services,Industrials,Commercial & Professional Serv,Adj,May,EPS,CY2025,4.405,4.388,-0.4%,4.388,+0.0%,4.388,+0.0%,179.17,40.8,-0.4%,-4.7%,-8.3%,-12.9%
CTAS,Extended,Recurring services,Industrials,Commercial & Professional Serv,Adj,May,EPS,CY2026,4.847,4.855,+0.2%,4.877,+0.5%,4.894,+0.3%,179.17,36.6,+1.0%,-4.7%,-8.3%,-12.9%
CTAS,Extended,Recurring services,Industrials,Commercial & Professional Serv,Adj,May,EPS,CY2027,5.362,5.379,+0.3%,5.412,+0.6%,5.435,+0.4%,179.17,33.0,+1.4%,-4.7%,-8.3%,-12.9%
CTAS,Extended,Recurring services,Industrials,Commercial & Professional Serv,Adj,May,EPS,CY2028,5.188,5.985,+15.4%,5.977,-0.1%,6.033,+0.9%,179.17,29.7,+16.3%,-4.7%,-8.3%,-12.9%
ROL,Extended,Recurring services,Industrials,Commercial & Professional Serv,Adj,Dec,EPS,CY2025,1.106,1.113,+0.6%,1.139,+2.3%,1.139,+0.0%,55.0,48.3,+3.0%,-8.4%,-12.3%,-1.4%
ROL,Extended,Recurring services,Industrials,Commercial & Professional Serv,Adj,Dec,EPS,CY2026,1.245,1.239,-0.5%,1.274,+2.8%,1.243,-2.4%,55.0,44.2,-0.2%,-8.4%,-12.3%,-1.4%
ROL,Extended,Recurring services,Industrials,Commercial & Professional Serv,Adj,Dec,EPS,CY2027,1.386,1.388,+0.1%,1.419,+2.2%,1.396,-1.6%,55.0,39.4,+0.7%,-8.4%,-12.3%,-1.4%
ROL,Extended,Recurring services,Industrials,Commercial & Professional Serv,Adj,Dec,EPS,CY2028,1.505,1.516,+0.7%,1.576,+4.0%,1.784,+13.2%,55.0,30.8,+18.5%,-8.4%,-12.3%,-1.4%
TRUP,Extended,Recurring services,Financials,Insurance,Adj,Dec,EPS,CY2025,1.805,0.32,-82.3%,0.45,+40.6%,0.45,+0.0%,28.2,62.7,-75.1%,-24.5%,-13.1%,-18.8%
TRUP,Extended,Recurring services,Financials,Insurance,Adj,Dec,EPS,CY2026,2.225,0.36,-83.8%,0.475,+31.9%,0.26,-45.3%,28.2,108.5,-88.3%,-24.5%,-13.1%,-18.8%
TRUP,Extended,Recurring services,Financials,Insurance,Adj,Dec,EPS,CY2027,,,,0.86,,4.52,+425.6%,28.2,6.2,,-24.5%,-13.1%,-18.8%
TRUP,Extended,Recurring services,Financials,Insurance,Adj,Dec,EPS,CY2028,,,,,,,,28.2,,,-24.5%,-13.1%,-18.8%
WAT,Extended,Instruments,Health Care,"Pharmaceuticals, Biotechnology",Adj,Dec,EPS,CY2025,12.864,12.992,+1.0%,13.116,+1.0%,13.117,+0.0%,327.77,25.0,+2.0%,-13.7%,-15.4%,+2.1%
WAT,Extended,Instruments,Health Care,"Pharmaceuticals, Biotechnology",Adj,Dec,EPS,CY2026,14.199,14.163,-0.3%,14.225,+0.4%,14.376,+1.1%,327.77,22.8,+1.2%,-13.7%,-15.4%,+2.1%
WAT,Extended,Instruments,Health Care,"Pharmaceuticals, Biotechnology",Adj,Dec,EPS,CY2027,15.799,15.649,-0.9%,15.684,+0.2%,16.336,+4.2%,327.77,20.1,+3.4%,-13.7%,-15.4%,+2.1%
WAT,Extended,Instruments,Health Care,"Pharmaceuticals, Biotechnology",Adj,Dec,EPS,CY2028,17.8,16.971,-4.7%,17.349,+2.2%,18.216,+5.0%,327.77,18.0,+2.3%,-13.7%,-15.4%,+2.1%
QGEN,Extended,Instruments,Health Care,"Pharmaceuticals, Biotechnology",Adj,Dec,EPS,CY2025,2.39,2.457,+2.8%,2.474,+0.7%,2.434,-1.6%,41.24,16.9,+1.8%,-8.4%,-13.3%,+1.1%
QGEN,Extended,Instruments,Health Care,"Pharmaceuticals, Biotechnology",Adj,Dec,EPS,CY2026,2.6,2.683,+3.2%,2.666,-0.6%,2.512,-5.8%,41.24,16.4,-3.4%,-8.4%,-13.3%,+1.1%
QGEN,Extended,Instruments,Health Care,"Pharmaceuticals, Biotechnology",Adj,Dec,EPS,CY2027,2.85,2.926,+2.7%,2.94,+0.5%,2.758,-6.2%,41.24,15.0,-3.2%,-8.4%,-13.3%,+1.1%
QGEN,Extended,Instruments,Health Care,"Pharmaceuticals, Biotechnology",Adj,Dec,EPS,CY2028,3.097,3.198,+3.3%,3.215,+0.5%,3.021,-6.0%,41.24,13.7,-2.5%,-8.4%,-13.3%,+1.1%
BRKR,Extended,Instruments,Health Care,"Pharmaceuticals, Biotechnology",Adj,Dec,EPS,CY2025,2.597,1.933,-25.6%,1.88,-2.7%,1.884,+0.2%,40.7,21.6,-27.5%,-13.6%,-15.9%,+12.2%
BRKR,Extended,Instruments,Health Care,"Pharmaceuticals, Biotechnology",Adj,Dec,EPS,CY2026,2.984,2.206,-26.1%,2.136,-3.2%,2.116,-0.9%,40.7,19.2,-29.1%,-13.6%,-15.9%,+12.2%
BRKR,Extended,Instruments,Health Care,"Pharmaceuticals, Biotechnology",Adj,Dec,EPS,CY2027,3.429,2.446,-28.7%,2.404,-1.7%,2.425,+0.9%,40.7,16.8,-29.3%,-13.6%,-15.9%,+12.2%
BRKR,Extended,Instruments,Health Care,"Pharmaceuticals, Biotechnology",Adj,Dec,EPS,CY2028,3.757,2.663,-29.1%,2.756,+3.5%,2.756,+0.0%,40.7,14.8,-26.6%,-13.6%,-15.9%,+12.2%
MTD,Extended,Instruments,Health Care,"Pharmaceuticals, Biotechnology",Adj,Dec,EPS,CY2025,42.528,42.018,-1.2%,42.191,+0.4%,42.192,+0.0%,1340.58,31.8,-0.8%,-3.8%,-8.2%,+33.4%
MTD,Extended,Instruments,Health Care,"Pharmaceuticals, Biotechnology",Adj,Dec,EPS,CY2026,46.949,45.928,-2.2%,45.749,-0.4%,46.512,+1.7%,1340.58,28.8,-0.9%,-3.8%,-8.2%,+33.4%
MTD,Extended,Instruments,Health Care,"Pharmaceuticals, Biotechnology",Adj,Dec,EPS,CY2027,52.951,51.148,-3.4%,50.466,-1.3%,51.153,+1.4%,1340.58,26.2,-3.4%,-3.8%,-8.2%,+33.4%
MTD,Extended,Instruments,Health Care,"Pharmaceuticals, Biotechnology",Adj,Dec,EPS,CY2028,57.652,55.963,-2.9%,55.983,+0.0%,56.731,+1.3%,1340.58,23.6,-1.6%,-3.8%,-8.2%,+33.4%
KEYS,Extended,Instruments,Information Technology,Technology Hardware & Equipmen,Adj,Oct,EPS,CY2025,7.002,7.071,+1.0%,7.075,+0.1%,7.075,+0.0%,334.34,47.3,+1.0%,+64.5%,+56.1%,+146.8%
KEYS,Extended,Instruments,Information Technology,Technology Hardware & Equipmen,Adj,Oct,EPS,CY2026,7.944,7.857,-1.1%,8.099,+3.1%,8.909,+10.0%,334.34,37.5,+12.1%,+64.5%,+56.1%,+146.8%
KEYS,Extended,Instruments,Information Technology,Technology Hardware & Equipmen,Adj,Oct,EPS,CY2027,9.016,8.82,-2.2%,9.276,+5.2%,10.334,+11.4%,334.34,32.4,+14.6%,+64.5%,+56.1%,+146.8%
KEYS,Extended,Instruments,Information Technology,Technology Hardware & Equipmen,Adj,Oct,EPS,CY2028,,9.995,,10.239,+2.4%,11.456,+11.9%,334.34,29.2,,+64.5%,+56.1%,+146.8%
A,Extended,Instruments,Health Care,"Pharmaceuticals, Biotechnology",Adj,Oct,EPS,CY2025,5.55,5.574,+0.4%,5.574,+0.0%,5.574,+0.0%,121.87,21.9,+0.4%,-10.4%,-12.7%,+18.9%
A,Extended,Instruments,Health Care,"Pharmaceuticals, Biotechnology",Adj,Oct,EPS,CY2026,6.064,6.023,-0.7%,5.938,-1.4%,5.972,+0.6%,121.87,20.4,-1.5%,-10.4%,-12.7%,+18.9%
A,Extended,Instruments,Health Care,"Pharmaceuticals, Biotechnology",Adj,Oct,EPS,CY2027,6.699,6.651,-0.7%,6.538,-1.7%,6.572,+0.5%,121.87,18.5,-1.9%,-10.4%,-12.7%,+18.9%
A,Extended,Instruments,Health Care,"Pharmaceuticals, Biotechnology",Adj,Oct,EPS,CY2028,7.473,7.381,-1.2%,7.285,-1.3%,7.334,+0.7%,121.87,16.6,-1.9%,-10.4%,-12.7%,+18.9%
ILMN,Extended,Instruments,Health Care,"Pharmaceuticals, Biotechnology",Adj,Dec,EPS,CY2025,4.463,4.503,+0.9%,4.741,+5.3%,4.761,+0.4%,134.5,28.3,+6.7%,+2.5%,-5.0%,+88.9%
ILMN,Extended,Instruments,Health Care,"Pharmaceuticals, Biotechnology",Adj,Dec,EPS,CY2026,5.063,4.872,-3.8%,5.075,+4.2%,5.122,+0.9%,134.5,26.3,+1.2%,+2.5%,-5.0%,+88.9%
ILMN,Extended,Instruments,Health Care,"Pharmaceuticals, Biotechnology",Adj,Dec,EPS,CY2027,5.719,5.554,-2.9%,5.775,+4.0%,5.834,+1.0%,134.5,23.1,+2.0%,+2.5%,-5.0%,+88.9%
ILMN,Extended,Instruments,Health Care,"Pharmaceuticals, Biotechnology",Adj,Dec,EPS,CY2028,6.462,6.293,-2.6%,6.561,+4.3%,6.649,+1.3%,134.5,20.2,+2.9%,+2.5%,-5.0%,+88.9%
ABBV,Extended,Instruments,Health Care,"Pharmaceuticals, Biotechnology",GAAP,Dec,EPS,CY2025,7.292,5.537,-24.1%,4.505,-18.6%,4.258,-5.5%,208.38,48.9,-41.6%,-8.8%,-2.8%,+20.5%
ABBV,Extended,Instruments,Health Care,"Pharmaceuticals, Biotechnology",GAAP,Dec,EPS,CY2026,9.544,9.949,+4.2%,9.575,-3.8%,9.584,+0.1%,208.38,21.7,+0.4%,-8.8%,-2.8%,+20.5%
ABBV,Extended,Instruments,Health Care,"Pharmaceuticals, Biotechnology",GAAP,Dec,EPS,CY2027,10.923,11.624,+6.4%,11.744,+1.0%,11.649,-0.8%,208.38,17.9,+6.6%,-8.8%,-2.8%,+20.5%
ABBV,Extended,Instruments,Health Care,"Pharmaceuticals, Biotechnology",GAAP,Dec,EPS,CY2028,12.676,13.69,+8.0%,13.68,-0.1%,13.753,+0.5%,208.38,15.2,+8.5%,-8.8%,-2.8%,+20.5%
TGT,Extended,Retailers,Consumer Staples,Consumer Staples Distribution,Adj,Jan,EPS,CY2025,8.862,7.399,-16.5%,7.263,-1.8%,7.263,+0.0%,127.84,17.6,-18.0%,+30.8%,+14.9%,+37.3%
TGT,Extended,Retailers,Consumer Staples,Consumer Staples Distribution,Adj,Jan,EPS,CY2026,9.366,7.939,-15.2%,7.731,-2.6%,8.041,+4.0%,127.84,15.9,-14.1%,+30.8%,+14.9%,+37.3%
TGT,Extended,Retailers,Consumer Staples,Consumer Staples Distribution,Adj,Jan,EPS,CY2027,10.067,8.418,-16.4%,8.178,-2.9%,8.538,+4.4%,127.84,15.0,-15.2%,+30.8%,+14.9%,+37.3%
TGT,Extended,Retailers,Consumer Staples,Consumer Staples Distribution,Adj,Jan,EPS,CY2028,11.347,8.898,-21.6%,8.527,-4.2%,9.256,+8.5%,127.84,13.8,-18.4%,+30.8%,+14.9%,+37.3%
BJ,Extended,Retailers,Consumer Staples,Consumer Staples Distribution,Adj,Jan,EPS,CY2025,4.273,4.33,+1.3%,4.359,+0.7%,4.366,+0.2%,92.07,21.1,+2.2%,+2.3%,-1.4%,-22.3%
BJ,Extended,Retailers,Consumer Staples,Consumer Staples Distribution,Adj,Jan,EPS,CY2026,4.68,4.69,+0.2%,4.658,-0.7%,4.537,-2.6%,92.07,20.3,-3.1%,+2.3%,-1.4%,-22.3%
BJ,Extended,Retailers,Consumer Staples,Consumer Staples Distribution,Adj,Jan,EPS,CY2027,5.108,5.096,-0.2%,5.05,-0.9%,4.897,-3.0%,92.07,18.8,-4.1%,+2.3%,-1.4%,-22.3%
BJ,Extended,Retailers,Consumer Staples,Consumer Staples Distribution,Adj,Jan,EPS,CY2028,5.723,5.66,-1.1%,5.706,+0.8%,5.35,-6.2%,92.07,17.2,-6.5%,+2.3%,-1.4%,-22.3%
KSS,Extended,Retailers,Consumer Discretionary,Consumer Discretionary Distrib,Adj,Jan,EPS,CY2025,0.339,0.701,+106.8%,1.395,+99.0%,1.386,-0.6%,14.52,10.5,+308.8%,-28.9%,-22.0%,+124.1%
KSS,Extended,Retailers,Consumer Discretionary,Consumer Discretionary Distrib,Adj,Jan,EPS,CY2026,0.613,0.714,+16.5%,1.345,+88.4%,1.362,+1.3%,14.52,10.7,+122.2%,-28.9%,-22.0%,+124.1%
KSS,Extended,Retailers,Consumer Discretionary,Consumer Discretionary Distrib,Adj,Jan,EPS,CY2027,0.78,0.788,+1.0%,1.376,+74.6%,1.42,+3.2%,14.52,10.2,+82.1%,-28.9%,-22.0%,+124.1%
KSS,Extended,Retailers,Consumer Discretionary,Consumer Discretionary Distrib,Adj,Jan,EPS,CY2028,2.84,1.537,-45.9%,2.215,+44.1%,1.534,-30.7%,14.52,9.5,-46.0%,-28.9%,-22.0%,+124.1%
TJX,Extended,Retailers,Consumer Discretionary,Consumer Discretionary Distrib,Adj,Jan,EPS,CY2025,4.527,4.607,+1.8%,4.679,+1.6%,4.678,-0.0%,160.68,34.3,+3.3%,+4.6%,+2.1%,+25.9%
TJX,Extended,Retailers,Consumer Discretionary,Consumer Discretionary Distrib,Adj,Jan,EPS,CY2026,4.963,5.066,+2.1%,5.195,+2.5%,5.117,-1.5%,160.68,31.4,+3.1%,+4.6%,+2.1%,+25.9%
TJX,Extended,Retailers,Consumer Discretionary,Consumer Discretionary Distrib,Adj,Jan,EPS,CY2027,5.453,5.567,+2.1%,5.735,+3.0%,5.667,-1.2%,160.68,28.4,+3.9%,+4.6%,+2.1%,+25.9%
TJX,Extended,Retailers,Consumer Discretionary,Consumer Discretionary Distrib,Adj,Jan,EPS,CY2028,5.809,5.933,+2.1%,6.113,+3.0%,6.111,-0.0%,160.68,26.3,+5.2%,+4.6%,+2.1%,+25.9%
SIG,Extended,Retailers,Consumer Discretionary,Consumer Discretionary Distrib,Adj,Jan,EPS,CY2025,8.381,9.141,+9.1%,9.301,+1.8%,9.486,+2.0%,94.58,10.0,+13.2%,+14.1%,-0.6%,+70.8%
SIG,Extended,Retailers,Consumer Discretionary,Consumer Discretionary Distrib,Adj,Jan,EPS,CY2026,9.318,9.994,+7.3%,10.477,+4.8%,10.464,-0.1%,94.58,9.0,+12.3%,+14.1%,-0.6%,+70.8%
SIG,Extended,Retailers,Consumer Discretionary,Consumer Discretionary Distrib,Adj,Jan,EPS,CY2027,9.7,10.903,+12.4%,12.139,+11.3%,12.164,+0.2%,94.58,7.8,+25.4%,+14.1%,-0.6%,+70.8%
SIG,Extended,Retailers,Consumer Discretionary,Consumer Discretionary Distrib,Adj,Jan,EPS,CY2028,10.33,9.72,-5.9%,11.55,+18.8%,12.944,+12.1%,94.58,7.3,+25.3%,+14.1%,-0.6%,+70.8%
ROST,Extended,Retailers,Consumer Discretionary,Consumer Discretionary Distrib,Adj,Jan,EPS,CY2025,6.461,6.21,-3.9%,6.475,+4.3%,6.512,+0.6%,227.82,35.0,+0.8%,+26.5%,+18.4%,+63.2%
ROST,Extended,Retailers,Consumer Discretionary,Consumer Discretionary Distrib,Adj,Jan,EPS,CY2026,7.03,6.836,-2.8%,7.177,+5.0%,7.346,+2.4%,227.82,31.0,+4.5%,+26.5%,+18.4%,+63.2%
ROST,Extended,Retailers,Consumer Discretionary,Consumer Discretionary Distrib,Adj,Jan,EPS,CY2027,7.675,7.475,-2.6%,7.784,+4.1%,8.123,+4.4%,227.82,28.0,+5.8%,+26.5%,+18.4%,+63.2%
ROST,Extended,Retailers,Consumer Discretionary,Consumer Discretionary Distrib,Adj,Jan,EPS,CY2028,8.892,8.788,-1.2%,8.886,+1.1%,8.928,+0.5%,227.82,25.5,+0.4%,+26.5%,+18.4%,+63.2%
M,Extended,Retailers,Consumer Discretionary,Consumer Discretionary Distrib,Adj,Jan,EPS,CY2025,1.993,1.94,-2.7%,2.219,+14.4%,2.206,-0.6%,19.54,8.9,+10.7%,-11.4%,-10.1%,+75.6%
M,Extended,Retailers,Consumer Discretionary,Consumer Discretionary Distrib,Adj,Jan,EPS,CY2026,2.051,1.999,-2.5%,2.236,+11.9%,2.137,-4.4%,19.54,9.1,+4.2%,-11.4%,-10.1%,+75.6%
M,Extended,Retailers,Consumer Discretionary,Consumer Discretionary Distrib,Adj,Jan,EPS,CY2027,2.173,2.003,-7.8%,2.216,+10.6%,2.205,-0.5%,19.54,8.9,+1.5%,-11.4%,-10.1%,+75.6%
M,Extended,Retailers,Consumer Discretionary,Consumer Discretionary Distrib,Adj,Jan,EPS,CY2028,2.93,2.265,-22.7%,2.5,+10.4%,2.256,-9.8%,19.54,8.7,-23.0%,-11.4%,-10.1%,+75.6%
DKS,Extended,Retailers,Consumer Discretionary,Consumer Discretionary Distrib,Adj,Jan,EPS,CY2025,14.479,14.512,+0.2%,13.447,-7.3%,13.291,-1.2%,224.36,16.9,-8.2%,+13.3%,+4.2%,+20.9%
DKS,Extended,Retailers,Consumer Discretionary,Consumer Discretionary Distrib,Adj,Jan,EPS,CY2026,15.423,15.265,-1.0%,14.829,-2.9%,14.232,-4.0%,224.36,15.8,-7.7%,+13.3%,+4.2%,+20.9%
DKS,Extended,Retailers,Consumer Discretionary,Consumer Discretionary Distrib,Adj,Jan,EPS,CY2027,16.459,16.284,-1.1%,16.7,+2.6%,16.028,-4.0%,224.36,14.0,-2.6%,+13.3%,+4.2%,+20.9%
DKS,Extended,Retailers,Consumer Discretionary,Consumer Discretionary Distrib,Adj,Jan,EPS,CY2028,17.69,17.75,+0.3%,17.57,-1.0%,17.361,-1.2%,224.36,12.9,-1.9%,+13.3%,+4.2%,+20.9%
ZAL,Extended,Retailers,Consumer Discretionary,Consumer Discretionary Distrib,Adj,Dec,EPS,CY2025,1.178,1.282,+8.8%,1.191,-7.1%,1.091,-8.4%,23.55,21.6,-7.4%,-7.1%,-8.4%,-31.2%
ZAL,Extended,Retailers,Consumer Discretionary,Consumer Discretionary Distrib,Adj,Dec,EPS,CY2026,1.554,1.509,-2.9%,1.473,-2.4%,1.344,-8.8%,23.55,17.5,-13.5%,-7.1%,-8.4%,-31.2%
ZAL,Extended,Retailers,Consumer Discretionary,Consumer Discretionary Distrib,Adj,Dec,EPS,CY2027,1.886,1.891,+0.3%,1.924,+1.7%,1.81,-5.9%,23.55,13.0,-4.0%,-7.1%,-8.4%,-31.2%
ZAL,Extended,Retailers,Consumer Discretionary,Consumer Discretionary Distrib,Adj,Dec,EPS,CY2028,2.205,2.301,+4.4%,2.297,-0.2%,2.193,-4.5%,23.55,10.7,-0.5%,-7.1%,-8.4%,-31.2%
CHWY,Extended,Retailers,Consumer Discretionary,Consumer Discretionary Distrib,Adj,Jan,EPS,CY2025,1.218,1.274,+4.6%,1.261,-1.0%,1.267,+0.5%,27.52,21.7,+4.0%,-16.7%,-18.4%,-21.9%
CHWY,Extended,Retailers,Consumer Discretionary,Consumer Discretionary Distrib,Adj,Jan,EPS,CY2026,1.51,1.541,+2.1%,1.519,-1.4%,1.591,+4.7%,27.52,17.3,+5.4%,-16.7%,-18.4%,-21.9%
CHWY,Extended,Retailers,Consumer Discretionary,Consumer Discretionary Distrib,Adj,Jan,EPS,CY2027,1.82,1.859,+2.1%,1.838,-1.1%,1.915,+4.2%,27.52,14.4,+5.2%,-16.7%,-18.4%,-21.9%
CHWY,Extended,Retailers,Consumer Discretionary,Consumer Discretionary Distrib,Adj,Jan,EPS,CY2028,1.878,2.054,+9.4%,2.231,+8.6%,2.345,+5.1%,27.52,11.7,+24.9%,-16.7%,-18.4%,-21.9%
SFIX,Extended,Retailers,Consumer Discretionary,Consumer Discretionary Distrib,Adj,Jul,EPS,CY2025,-0.297,-0.254,+14.5%,-0.254,+0.0%,-0.254,+0.0%,3.85,-15.2,+14.5%,-26.7%,-26.8%,+25.8%
SFIX,Extended,Retailers,Consumer Discretionary,Consumer Discretionary Distrib,Adj,Jul,EPS,CY2026,-0.396,-0.243,+38.6%,-0.198,+18.5%,-0.178,+10.1%,3.85,-21.6,+55.1%,-26.7%,-26.8%,+25.8%
SFIX,Extended,Retailers,Consumer Discretionary,Consumer Discretionary Distrib,Adj,Jul,EPS,CY2027,-0.248,-0.13,+47.6%,-0.095,+26.9%,-0.094,+1.1%,3.85,-41.0,+62.1%,-26.7%,-26.8%,+25.8%
SFIX,Extended,Retailers,Consumer Discretionary,Consumer Discretionary Distrib,Adj,Jul,EPS,CY2028,-0.029,-0.097,-234.5%,-0.065,+33.0%,-0.032,+50.8%,3.85,-120.3,-10.3%,-26.7%,-26.8%,+25.8%
LEVI,Extended,Retailers,Consumer Discretionary,Consumer Durables & Apparel,Adj,Nov,EPS,CY2025,1.233,1.324,+7.4%,1.328,+0.3%,1.329,+0.1%,22.9,17.2,+7.8%,+10.4%,+5.2%,+56.3%
LEVI,Extended,Retailers,Consumer Discretionary,Consumer Durables & Apparel,Adj,Nov,EPS,CY2026,1.37,1.473,+7.5%,1.476,+0.2%,1.501,+1.7%,22.9,15.3,+9.6%,+10.4%,+5.2%,+56.3%
LEVI,Extended,Retailers,Consumer Discretionary,Consumer Durables & Apparel,Adj,Nov,EPS,CY2027,1.504,1.615,+7.4%,1.618,+0.2%,1.679,+3.8%,22.9,13.6,+11.6%,+10.4%,+5.2%,+56.3%
LEVI,Extended,Retailers,Consumer Discretionary,Consumer Durables & Apparel,Adj,Nov,EPS,CY2028,1.675,1.747,+4.3%,1.747,+0.0%,1.9,+8.8%,22.9,12.1,+13.4%,+10.4%,+5.2%,+56.3%
DG,Extended,Retailers,Consumer Staples,Consumer Staples Distribution,Adj,Jan,EPS,CY2025,5.624,6.188,+10.0%,6.521,+5.4%,6.543,+0.3%,126.68,19.4,+16.3%,-4.6%,-14.8%,+36.1%
DG,Extended,Retailers,Consumer Staples,Consumer Staples Distribution,Adj,Jan,EPS,CY2026,6.156,6.67,+8.3%,7.148,+7.2%,7.391,+3.4%,126.68,17.1,+20.1%,-4.6%,-14.8%,+36.1%
DG,Extended,Retailers,Consumer Staples,Consumer Staples Distribution,Adj,Jan,EPS,CY2027,6.896,7.35,+6.6%,7.76,+5.6%,7.988,+2.9%,126.68,15.9,+15.8%,-4.6%,-14.8%,+36.1%
DG,Extended,Retailers,Consumer Staples,Consumer Staples Distribution,Adj,Jan,EPS,CY2028,8.149,8.084,-0.8%,8.475,+4.8%,8.853,+4.5%,126.68,14.3,+8.6%,-4.6%,-14.8%,+36.1%
DLTR,Extended,Retailers,Consumer Staples,Consumer Staples Distribution,Adj,Jan,EPS,CY2025,5.446,5.554,+2.0%,5.828,+4.9%,5.794,-0.6%,105.93,18.3,+6.4%,-13.9%,-24.3%,+33.9%
DLTR,Extended,Retailers,Consumer Staples,Consumer Staples Distribution,Adj,Jan,EPS,CY2026,6.147,6.424,+4.5%,6.705,+4.4%,6.78,+1.1%,105.93,15.6,+10.3%,-13.9%,-24.3%,+33.9%
DLTR,Extended,Retailers,Consumer Staples,Consumer Staples Distribution,Adj,Jan,EPS,CY2027,6.743,7.21,+6.9%,7.503,+4.1%,7.416,-1.2%,105.93,14.3,+10.0%,-13.9%,-24.3%,+33.9%
DLTR,Extended,Retailers,Consumer Staples,Consumer Staples Distribution,Adj,Jan,EPS,CY2028,7.18,7.886,+9.8%,8.226,+4.3%,8.171,-0.7%,105.93,13.0,+13.8%,-13.9%,-24.3%,+33.9%
FIVE,Extended,Retailers,Consumer Discretionary,Consumer Discretionary Distrib,Adj,Jan,EPS,CY2025,4.441,5.13,+15.5%,6.32,+23.2%,6.32,+0.0%,236.26,37.4,+42.3%,+25.4%,+20.1%,+250.0%
FIVE,Extended,Retailers,Consumer Discretionary,Consumer Discretionary Distrib,Adj,Jan,EPS,CY2026,4.856,5.641,+16.2%,6.801,+20.6%,8.177,+20.2%,236.26,28.9,+68.4%,+25.4%,+20.1%,+250.0%
FIVE,Extended,Retailers,Consumer Discretionary,Consumer Discretionary Distrib,Adj,Jan,EPS,CY2027,5.608,6.325,+12.8%,7.619,+20.5%,9.063,+19.0%,236.26,26.1,+61.6%,+25.4%,+20.1%,+250.0%
FIVE,Extended,Retailers,Consumer Discretionary,Consumer Discretionary Distrib,Adj,Jan,EPS,CY2028,6.17,6.377,+3.4%,8.387,+31.5%,10.138,+20.9%,236.26,23.3,+64.3%,+25.4%,+20.1%,+250.0%
BURL,Extended,Retailers,Consumer Discretionary,Consumer Discretionary Distrib,Adj,Jan,EPS,CY2025,9.401,9.592,+2.0%,9.809,+2.3%,9.799,-0.1%,347.26,35.4,+4.2%,+20.2%,+13.4%,+53.3%
BURL,Extended,Retailers,Consumer Discretionary,Consumer Discretionary Distrib,Adj,Jan,EPS,CY2026,11.195,11.234,+0.3%,11.107,-1.1%,11.543,+3.9%,347.26,30.1,+3.1%,+20.2%,+13.4%,+53.3%
BURL,Extended,Retailers,Consumer Discretionary,Consumer Discretionary Distrib,Adj,Jan,EPS,CY2027,13.519,13.378,-1.0%,13.233,-1.1%,13.493,+2.0%,347.26,25.7,-0.2%,+20.2%,+13.4%,+53.3%
BURL,Extended,Retailers,Consumer Discretionary,Consumer Discretionary Distrib,Adj,Jan,EPS,CY2028,16.437,15.944,-3.0%,15.456,-3.1%,15.966,+3.3%,347.26,21.7,-2.9%,+20.2%,+13.4%,+53.3%
BBY,Extended,Retailers,Consumer Discretionary,Consumer Discretionary Distrib,Adj,Jan,EPS,CY2025,6.233,6.203,-0.5%,6.328,+2.0%,6.307,-0.3%,65.73,10.4,+1.2%,-1.8%,-3.0%,+6.1%
BBY,Extended,Retailers,Consumer Discretionary,Consumer Discretionary Distrib,Adj,Jan,EPS,CY2026,6.796,6.689,-1.6%,6.738,+0.7%,6.512,-3.4%,65.73,10.1,-4.2%,-1.8%,-3.0%,+6.1%
BBY,Extended,Retailers,Consumer Discretionary,Consumer Discretionary Distrib,Adj,Jan,EPS,CY2027,7.482,7.346,-1.8%,7.306,-0.5%,7.004,-4.1%,65.73,9.4,-6.4%,-1.8%,-3.0%,+6.1%
BBY,Extended,Retailers,Consumer Discretionary,Consumer Discretionary Distrib,Adj,Jan,EPS,CY2028,8.462,8.243,-2.6%,7.91,-4.0%,7.609,-3.8%,65.73,8.6,-10.1%,-1.8%,-3.0%,+6.1%
HD,Extended,Retailers,Consumer Discretionary,Consumer Discretionary Distrib,GAAP,Jan,EPS,CY2025,14.883,14.85,-0.2%,14.265,-3.9%,14.339,+0.5%,349.4,24.4,-3.7%,+1.5%,-8.1%,-1.6%
HD,Extended,Retailers,Consumer Discretionary,Consumer Discretionary Distrib,GAAP,Jan,EPS,CY2026,16.876,16.059,-4.8%,14.959,-6.8%,14.845,-0.8%,349.4,23.5,-12.0%,+1.5%,-8.1%,-1.6%
HD,Extended,Retailers,Consumer Discretionary,Consumer Discretionary Distrib,GAAP,Jan,EPS,CY2027,17.675,17.538,-0.8%,16.202,-7.6%,15.946,-1.6%,349.4,21.9,-9.8%,+1.5%,-8.1%,-1.6%
HD,Extended,Retailers,Consumer Discretionary,Consumer Discretionary Distrib,GAAP,Jan,EPS,CY2028,19.519,18.618,-4.6%,17.527,-5.9%,17.387,-0.8%,349.4,20.1,-10.9%,+1.5%,-8.1%,-1.6%
LOW,Extended,Retailers,Consumer Discretionary,Consumer Discretionary Distrib,Adj,Jan,EPS,CY2025,12.474,12.295,-1.4%,12.246,-0.4%,12.253,+0.1%,251.72,20.5,-1.8%,+4.4%,-9.3%,+14.9%
LOW,Extended,Retailers,Consumer Discretionary,Consumer Discretionary Distrib,Adj,Jan,EPS,CY2026,13.563,13.29,-2.0%,13.03,-2.0%,12.711,-2.4%,251.72,19.8,-6.3%,+4.4%,-9.3%,+14.9%
LOW,Extended,Retailers,Consumer Discretionary,Consumer Discretionary Distrib,Adj,Jan,EPS,CY2027,14.912,14.448,-3.1%,14.047,-2.8%,13.705,-2.4%,251.72,18.4,-8.1%,+4.4%,-9.3%,+14.9%
LOW,Extended,Retailers,Consumer Discretionary,Consumer Discretionary Distrib,Adj,Jan,EPS,CY2028,16.585,15.944,-3.9%,15.418,-3.3%,15.016,-2.6%,251.72,16.8,-9.5%,+4.4%,-9.3%,+14.9%
SBH,Extended,Retailers,Consumer Discretionary,Consumer Discretionary Distrib,Adj,Sep,EPS,CY2025,1.815,1.816,+0.1%,1.828,+0.7%,1.828,+0.0%,14.53,7.9,+0.7%,+1.9%,-6.0%,+79.4%
SBH,Extended,Retailers,Consumer Discretionary,Consumer Discretionary Distrib,Adj,Sep,EPS,CY2026,2.0,2.008,+0.4%,2.058,+2.5%,2.068,+0.5%,14.53,7.0,+3.4%,+1.9%,-6.0%,+79.4%
SBH,Extended,Retailers,Consumer Discretionary,Consumer Discretionary Distrib,Adj,Sep,EPS,CY2027,2.2,2.17,-1.4%,2.228,+2.7%,2.26,+1.4%,14.53,6.4,+2.7%,+1.9%,-6.0%,+79.4%
SBH,Extended,Retailers,Consumer Discretionary,Consumer Discretionary Distrib,Adj,Sep,EPS,CY2028,,,,2.68,,2.45,-8.6%,14.53,5.9,,+1.9%,-6.0%,+79.4%
ULTA,Extended,Retailers,Consumer Discretionary,Consumer Discretionary Distrib,Adj,Jan,EPS,CY2025,22.925,24.589,+7.3%,25.508,+3.7%,25.649,+0.6%,553.36,21.6,+11.9%,-8.5%,-16.6%,+54.7%
ULTA,Extended,Retailers,Consumer Discretionary,Consumer Discretionary Distrib,Adj,Jan,EPS,CY2026,25.566,27.347,+7.0%,28.42,+3.9%,28.485,+0.2%,553.36,19.4,+11.4%,-8.5%,-16.6%,+54.7%
ULTA,Extended,Retailers,Consumer Discretionary,Consumer Discretionary Distrib,Adj,Jan,EPS,CY2027,28.658,30.158,+5.2%,31.38,+4.1%,31.474,+0.3%,553.36,17.6,+9.8%,-8.5%,-16.6%,+54.7%
ULTA,Extended,Retailers,Consumer Discretionary,Consumer Discretionary Distrib,Adj,Jan,EPS,CY2028,32.18,31.673,-1.6%,33.386,+5.4%,34.46,+3.2%,553.36,16.1,+7.1%,-8.5%,-16.6%,+54.7%
TPR,Extended,Luxury / fashion,Consumer Discretionary,Consumer Durables & Apparel,Adj,Jun,EPS,CY2025,4.917,5.093,+3.6%,5.093,+0.0%,5.093,+0.0%,155.85,30.6,+3.6%,+22.0%,+19.3%,+144.9%
TPR,Extended,Luxury / fashion,Consumer Discretionary,Consumer Durables & Apparel,Adj,Jun,EPS,CY2026,5.282,5.477,+3.7%,5.613,+2.5%,6.49,+15.6%,155.85,24.0,+22.9%,+22.0%,+19.3%,+144.9%
TPR,Extended,Luxury / fashion,Consumer Discretionary,Consumer Durables & Apparel,Adj,Jun,EPS,CY2027,5.878,6.09,+3.6%,6.23,+2.3%,7.198,+15.5%,155.85,21.7,+22.5%,+22.0%,+19.3%,+144.9%
TPR,Extended,Luxury / fashion,Consumer Discretionary,Consumer Durables & Apparel,Adj,Jun,EPS,CY2028,6.918,6.84,-1.1%,7.045,+3.0%,8.01,+13.7%,155.85,19.5,+15.8%,+22.0%,+19.3%,+144.9%
CPRI,Extended,Luxury / fashion,Consumer Discretionary,Consumer Durables & Apparel,Adj,Mar,EPS,CY2025,1.115,1.349,+21.0%,1.374,+1.9%,1.398,+1.7%,20.9,14.9,+25.4%,-14.3%,-15.9%,+52.7%
CPRI,Extended,Luxury / fashion,Consumer Discretionary,Consumer Durables & Apparel,Adj,Mar,EPS,CY2026,1.835,1.804,-1.7%,1.882,+4.3%,1.838,-2.3%,20.9,11.4,+0.2%,-14.3%,-15.9%,+52.7%
CPRI,Extended,Luxury / fashion,Consumer Discretionary,Consumer Durables & Apparel,Adj,Mar,EPS,CY2027,2.973,2.393,-19.5%,2.413,+0.8%,2.312,-4.2%,20.9,9.0,-22.2%,-14.3%,-15.9%,+52.7%
CPRI,Extended,Luxury / fashion,Consumer Discretionary,Consumer Durables & Apparel,Adj,Mar,EPS,CY2028,3.287,3.685,+12.1%,3.725,+1.1%,2.85,-23.5%,20.9,7.3,-13.3%,-14.3%,-15.9%,+52.7%
FOSL,Extended,Luxury / fashion,Consumer Discretionary,Consumer Durables & Apparel,Adj,Dec,EPS,CY2025,,-3.83,,-6.84,-78.6%,-3.975,+41.9%,5.6,-1.4,,+48.9%,+36.6%,+504.9%
FOSL,Extended,Luxury / fashion,Consumer Discretionary,Consumer Durables & Apparel,Adj,Dec,EPS,CY2026,,-0.2,,-0.3,-50.0%,-0.63,-110.0%,5.6,-8.9,,+48.9%,+36.6%,+504.9%
FOSL,Extended,Luxury / fashion,Consumer Discretionary,Consumer Durables & Apparel,Adj,Dec,EPS,CY2027,,0.34,,0.25,-26.5%,-0.2,-180.0%,5.6,-28.0,,+48.9%,+36.6%,+504.9%
FOSL,Extended,Luxury / fashion,Consumer Discretionary,Consumer Durables & Apparel,Adj,Dec,EPS,CY2028,,0.38,,0.38,+0.0%,1.03,+171.1%,5.6,5.4,,+48.9%,+36.6%,+504.9%
RMS,Extended,Luxury / fashion,Consumer Discretionary,Consumer Durables & Apparel,Adj,Dec,EPS,CY2025,46.072,42.868,-7.0%,42.505,-0.8%,42.481,-0.1%,1741.0,41.0,-7.8%,-18.0%,-20.5%,-23.6%
RMS,Extended,Luxury / fashion,Consumer Discretionary,Consumer Durables & Apparel,Adj,Dec,EPS,CY2026,53.319,49.238,-7.7%,47.937,-2.6%,45.382,-5.3%,1741.0,38.4,-14.9%,-18.0%,-20.5%,-23.6%
RMS,Extended,Luxury / fashion,Consumer Discretionary,Consumer Durables & Apparel,Adj,Dec,EPS,CY2027,60.234,54.84,-9.0%,53.805,-1.9%,52.326,-2.7%,1741.0,33.3,-13.1%,-18.0%,-20.5%,-23.6%
RMS,Extended,Luxury / fashion,Consumer Discretionary,Consumer Durables & Apparel,Adj,Dec,EPS,CY2028,65.897,60.174,-8.7%,59.731,-0.7%,58.027,-2.9%,1741.0,30.0,-11.9%,-18.0%,-20.5%,-23.6%
UHR,Extended,Luxury / fashion,Consumer Discretionary,Consumer Durables & Apparel,Adj,Dec,EPS,CY2025,6.397,2.027,-68.3%,2.097,+3.5%,1.93,-8.0%,189.65,98.3,-69.8%,+12.7%,+11.0%,+41.6%
UHR,Extended,Luxury / fashion,Consumer Discretionary,Consumer Durables & Apparel,Adj,Dec,EPS,CY2026,9.308,4.707,-49.4%,5.027,+6.8%,4.397,-12.5%,189.65,43.1,-52.8%,+12.7%,+11.0%,+41.6%
UHR,Extended,Luxury / fashion,Consumer Discretionary,Consumer Durables & Apparel,Adj,Dec,EPS,CY2027,11.51,7.659,-33.5%,7.639,-0.3%,7.118,-6.8%,189.65,26.6,-38.2%,+12.7%,+11.0%,+41.6%
UHR,Extended,Luxury / fashion,Consumer Discretionary,Consumer Durables & Apparel,Adj,Dec,EPS,CY2028,14.393,10.333,-28.2%,10.495,+1.6%,9.203,-12.3%,189.65,20.6,-36.1%,+12.7%,+11.0%,+41.6%
KER,Extended,Luxury / fashion,Consumer Discretionary,Consumer Durables & Apparel,Adj,Dec,EPS,CY2025,9.694,6.132,-36.7%,5.935,-3.2%,5.965,+0.5%,253.6,42.5,-38.5%,-15.7%,-12.2%,+54.2%
KER,Extended,Luxury / fashion,Consumer Discretionary,Consumer Durables & Apparel,Adj,Dec,EPS,CY2026,11.783,8.569,-27.3%,8.808,+2.8%,7.022,-20.3%,253.6,36.1,-40.4%,-15.7%,-12.2%,+54.2%
KER,Extended,Luxury / fashion,Consumer Discretionary,Consumer Durables & Apparel,Adj,Dec,EPS,CY2027,14.153,11.373,-19.6%,12.114,+6.5%,10.379,-14.3%,253.6,24.4,-26.7%,-15.7%,-12.2%,+54.2%
KER,Extended,Luxury / fashion,Consumer Discretionary,Consumer Durables & Apparel,Adj,Dec,EPS,CY2028,17.206,14.666,-14.8%,14.888,+1.5%,13.608,-8.6%,253.6,18.6,-20.9%,-15.7%,-12.2%,+54.2%
CFR,Extended,Luxury / fashion,Consumer Discretionary,Consumer Durables & Apparel,Adj,Mar,EPS,CY2025,6.927,6.001,-13.4%,6.141,+2.3%,6.137,-0.1%,160.0,26.1,-11.4%,-7.0%,-0.8%,+16.9%
CFR,Extended,Luxury / fashion,Consumer Discretionary,Consumer Durables & Apparel,Adj,Mar,EPS,CY2026,7.836,6.813,-13.1%,7.004,+2.8%,6.957,-0.7%,160.0,23.0,-11.2%,-7.0%,-0.8%,+16.9%
CFR,Extended,Luxury / fashion,Consumer Discretionary,Consumer Durables & Apparel,Adj,Mar,EPS,CY2027,8.774,7.68,-12.5%,8.003,+4.2%,7.929,-0.9%,160.0,20.2,-9.6%,-7.0%,-0.8%,+16.9%
CFR,Extended,Luxury / fashion,Consumer Discretionary,Consumer Durables & Apparel,Adj,Mar,EPS,CY2028,9.538,8.928,-6.4%,9.039,+1.2%,8.989,-0.6%,160.0,17.8,-5.8%,-7.0%,-0.8%,+16.9%
DECK,Extended,Apparel,Consumer Discretionary,Consumer Durables & Apparel,Adj,Mar,EPS,CY2025,6.545,6.322,-3.4%,6.405,+1.3%,6.884,+7.5%,112.5,16.3,+5.2%,+8.5%,+11.7%,+6.5%
DECK,Extended,Apparel,Consumer Discretionary,Consumer Durables & Apparel,Adj,Mar,EPS,CY2026,7.392,6.933,-6.2%,6.848,-1.2%,7.341,+7.2%,112.5,15.3,-0.7%,+8.5%,+11.7%,+6.5%
DECK,Extended,Apparel,Consumer Discretionary,Consumer Durables & Apparel,Adj,Mar,EPS,CY2027,,7.686,,7.616,-0.9%,8.099,+6.3%,112.5,13.9,,+8.5%,+11.7%,+6.5%
DECK,Extended,Apparel,Consumer Discretionary,Consumer Durables & Apparel,Adj,Mar,EPS,CY2028,,8.037,,8.053,+0.2%,8.902,+10.5%,112.5,12.6,,+8.5%,+11.7%,+6.5%
PVH,Extended,Apparel,Consumer Discretionary,Consumer Durables & Apparel,Adj,Jan,EPS,CY2025,12.755,10.918,-14.4%,10.893,-0.2%,11.054,+1.5%,94.17,8.5,-13.3%,+40.5%,+45.7%,+36.6%
PVH,Extended,Apparel,Consumer Discretionary,Consumer Durables & Apparel,Adj,Jan,EPS,CY2026,14.333,12.037,-16.0%,12.001,-0.3%,12.115,+0.9%,94.17,7.8,-15.5%,+40.5%,+45.7%,+36.6%
PVH,Extended,Apparel,Consumer Discretionary,Consumer Durables & Apparel,Adj,Jan,EPS,CY2027,16.183,13.817,-14.6%,13.588,-1.7%,13.739,+1.1%,94.17,6.9,-15.1%,+40.5%,+45.7%,+36.6%
PVH,Extended,Apparel,Consumer Discretionary,Consumer Durables & Apparel,Adj,Jan,EPS,CY2028,18.32,17.678,-3.5%,17.123,-3.1%,15.75,-8.0%,94.17,6.0,-14.0%,+40.5%,+45.7%,+36.6%
VFC,Extended,Apparel,Consumer Discretionary,Consumer Durables & Apparel,Adj,Mar,EPS,CY2025,0.977,0.74,-24.3%,0.708,-4.3%,0.836,+18.1%,21.0,25.1,-14.4%,+16.2%,+11.6%,+101.0%
VFC,Extended,Apparel,Consumer Discretionary,Consumer Durables & Apparel,Adj,Mar,EPS,CY2026,1.326,1.038,-21.7%,1.007,-3.0%,1.048,+4.1%,21.0,20.0,-21.0%,+16.2%,+11.6%,+101.0%
VFC,Extended,Apparel,Consumer Discretionary,Consumer Durables & Apparel,Adj,Mar,EPS,CY2027,1.928,1.328,-31.1%,1.266,-4.7%,1.297,+2.4%,21.0,16.2,-32.7%,+16.2%,+11.6%,+101.0%
VFC,Extended,Apparel,Consumer Discretionary,Consumer Durables & Apparel,Adj,Mar,EPS,CY2028,,1.645,,1.645,+0.0%,1.688,+2.6%,21.0,12.4,,+16.2%,+11.6%,+101.0%
KTB,Extended,Apparel,Consumer Discretionary,Consumer Durables & Apparel,Adj,Dec,EPS,CY2025,4.955,5.455,+10.1%,5.492,+0.7%,5.496,+0.1%,77.29,14.1,+10.9%,+26.5%,+30.1%,+40.5%
KTB,Extended,Apparel,Consumer Discretionary,Consumer Durables & Apparel,Adj,Dec,EPS,CY2026,5.23,5.945,+13.7%,5.986,+0.7%,6.371,+6.4%,77.29,12.1,+21.8%,+26.5%,+30.1%,+40.5%
KTB,Extended,Apparel,Consumer Discretionary,Consumer Durables & Apparel,Adj,Dec,EPS,CY2027,5.564,6.611,+18.8%,6.68,+1.0%,7.01,+4.9%,77.29,11.0,+26.0%,+26.5%,+30.1%,+40.5%
KTB,Extended,Apparel,Consumer Discretionary,Consumer Durables & Apparel,Adj,Dec,EPS,CY2028,,7.175,,7.28,+1.5%,7.49,+2.9%,77.29,10.3,,+26.5%,+30.1%,+40.5%
ONON,Extended,Apparel,Consumer Discretionary,Consumer Durables & Apparel,Adj,Dec,EPS,CY2025,1.042,0.602,-42.2%,0.746,+23.9%,0.749,+0.4%,36.95,49.3,-28.1%,-20.5%,-18.0%,-13.1%
ONON,Extended,Apparel,Consumer Discretionary,Consumer Durables & Apparel,Adj,Dec,EPS,CY2026,1.333,1.219,-8.6%,1.31,+7.5%,1.267,-3.3%,36.95,29.2,-5.0%,-20.5%,-18.0%,-13.1%
ONON,Extended,Apparel,Consumer Discretionary,Consumer Durables & Apparel,Adj,Dec,EPS,CY2027,1.633,1.631,-0.1%,1.707,+4.7%,1.58,-7.4%,36.95,23.4,-3.2%,-20.5%,-18.0%,-13.1%
ONON,Extended,Apparel,Consumer Discretionary,Consumer Durables & Apparel,Adj,Dec,EPS,CY2028,2.165,2.11,-2.5%,2.18,+3.3%,2.015,-7.6%,36.95,18.3,-6.9%,-20.5%,-18.0%,-13.1%
GIL,Extended,Apparel,Consumer Discretionary,Consumer Durables & Apparel,Adj,Dec,EPS,CY2025,3.486,3.468,-0.5%,3.482,+0.4%,3.497,+0.4%,59.88,17.1,+0.3%,-4.1%,-5.3%,+45.6%
GIL,Extended,Apparel,Consumer Discretionary,Consumer Durables & Apparel,Adj,Dec,EPS,CY2026,3.889,3.999,+2.8%,4.518,+13.0%,4.312,-4.6%,59.88,13.9,+10.9%,-4.1%,-5.3%,+45.6%
GIL,Extended,Apparel,Consumer Discretionary,Consumer Durables & Apparel,Adj,Dec,EPS,CY2027,4.359,4.603,+5.6%,5.436,+18.1%,5.326,-2.0%,59.88,11.2,+22.2%,-4.1%,-5.3%,+45.6%
GIL,Extended,Apparel,Consumer Discretionary,Consumer Durables & Apparel,Adj,Dec,EPS,CY2028,4.915,4.64,-5.6%,6.31,+36.0%,6.289,-0.3%,59.88,9.5,+28.0%,-4.1%,-5.3%,+45.6%
CRI,Extended,Apparel,Consumer Discretionary,Consumer Durables & Apparel,Adj,Dec,EPS,CY2025,3.673,2.785,-24.2%,3.105,+11.5%,3.31,+6.6%,38.51,11.6,-9.9%,+18.7%,+6.3%,+5.9%
CRI,Extended,Apparel,Consumer Discretionary,Consumer Durables & Apparel,Adj,Dec,EPS,CY2026,3.476,2.138,-38.5%,2.6,+21.6%,3.086,+18.7%,38.51,12.5,-11.2%,+18.7%,+6.3%,+5.9%
CRI,Extended,Apparel,Consumer Discretionary,Consumer Durables & Apparel,Adj,Dec,EPS,CY2027,3.62,2.323,-35.8%,2.923,+25.8%,3.56,+21.8%,38.51,10.8,-1.7%,+18.7%,+6.3%,+5.9%
CRI,Extended,Apparel,Consumer Discretionary,Consumer Durables & Apparel,Adj,Dec,EPS,CY2028,,2.33,,2.95,+26.6%,3.758,+27.4%,38.51,10.2,,+18.7%,+6.3%,+5.9%
LULU,Extended,Apparel,Consumer Discretionary,Consumer Durables & Apparel,Adj,Jan,EPS,CY2025,15.011,12.852,-14.4%,13.028,+1.4%,13.04,+0.1%,167.28,12.8,-13.1%,-19.5%,-17.1%,-33.4%
LULU,Extended,Apparel,Consumer Discretionary,Consumer Durables & Apparel,Adj,Jan,EPS,CY2026,16.21,12.836,-20.8%,12.667,-1.3%,12.371,-2.3%,167.28,13.5,-23.7%,-19.5%,-17.1%,-33.4%
LULU,Extended,Apparel,Consumer Discretionary,Consumer Durables & Apparel,Adj,Jan,EPS,CY2027,18.326,13.512,-26.3%,13.719,+1.5%,13.297,-3.1%,167.28,12.6,-27.4%,-19.5%,-17.1%,-33.4%
LULU,Extended,Apparel,Consumer Discretionary,Consumer Durables & Apparel,Adj,Jan,EPS,CY2028,21.784,15.724,-27.8%,15.627,-0.6%,14.491,-7.3%,167.28,11.5,-33.5%,-19.5%,-17.1%,-33.4%
LB,Extended,Apparel,Real Estate,Real Estate Management & Devel,Adj,Dec,EPS,CY2025,2.21,1.71,-22.6%,1.463,-14.4%,1.42,-2.9%,67.23,47.3,-35.7%,+37.2%,+10.8%,-2.6%
LB,Extended,Apparel,Real Estate,Real Estate Management & Devel,Adj,Dec,EPS,CY2026,2.56,2.59,+1.2%,2.604,+0.5%,2.484,-4.6%,67.23,27.1,-3.0%,+37.2%,+10.8%,-2.6%
LB,Extended,Apparel,Real Estate,Real Estate Management & Devel,Adj,Dec,EPS,CY2027,3.138,3.707,+18.1%,3.736,+0.8%,3.293,-11.9%,67.23,20.4,+4.9%,+37.2%,+10.8%,-2.6%
LB,Extended,Apparel,Real Estate,Real Estate Management & Devel,Adj,Dec,EPS,CY2028,8.62,7.66,-11.1%,5.66,-26.1%,4.68,-17.3%,67.23,14.4,-45.7%,+37.2%,+10.8%,-2.6%
RL,Extended,Apparel,Consumer Discretionary,Consumer Durables & Apparel,Adj,Mar,EPS,CY2025,13.497,14.898,+10.4%,15.497,+4.0%,16.274,+5.0%,386.88,23.8,+20.6%,+9.4%,+6.6%,+87.4%
RL,Extended,Apparel,Consumer Discretionary,Consumer Durables & Apparel,Adj,Mar,EPS,CY2026,15.006,16.149,+7.6%,16.92,+4.8%,18.001,+6.4%,386.88,21.5,+20.0%,+9.4%,+6.6%,+87.4%
RL,Extended,Apparel,Consumer Discretionary,Consumer Durables & Apparel,Adj,Mar,EPS,CY2027,16.29,18.089,+11.0%,18.899,+4.5%,19.859,+5.1%,386.88,19.5,+21.9%,+9.4%,+6.6%,+87.4%
RL,Extended,Apparel,Consumer Discretionary,Consumer Durables & Apparel,Adj,Mar,EPS,CY2028,17.68,19.65,+11.1%,20.167,+2.6%,20.878,+3.5%,386.88,18.5,+18.1%,+9.4%,+6.6%,+87.4%
NKE,Extended,Apparel,Consumer Discretionary,Consumer Durables & Apparel,Adj,May,EPS,CY2025,2.151,2.162,+0.5%,2.162,+0.0%,2.162,+0.0%,46.03,21.3,+0.5%,-27.8%,-28.5%,-17.4%
NKE,Extended,Apparel,Consumer Discretionary,Consumer Durables & Apparel,Adj,May,EPS,CY2026,1.995,1.676,-16.0%,1.58,-5.7%,1.513,-4.2%,46.03,30.4,-24.2%,-27.8%,-28.5%,-17.4%
NKE,Extended,Apparel,Consumer Discretionary,Consumer Durables & Apparel,Adj,May,EPS,CY2027,2.614,2.51,-4.0%,2.371,-5.5%,1.924,-18.9%,46.03,23.9,-26.4%,-27.8%,-28.5%,-17.4%
NKE,Extended,Apparel,Consumer Discretionary,Consumer Durables & Apparel,Adj,May,EPS,CY2028,3.388,3.053,-9.9%,2.866,-6.1%,2.478,-13.5%,46.03,18.6,-26.9%,-27.8%,-28.5%,-17.4%
AS,Extended,Apparel,Consumer Discretionary,Consumer Durables & Apparel,Adj,Dec,EPS,CY2025,0.677,0.846,+25.0%,0.931,+10.0%,0.931,+0.0%,37.11,39.9,+37.5%,-0.6%,+0.2%,+67.5%
AS,Extended,Apparel,Consumer Discretionary,Consumer Durables & Apparel,Adj,Dec,EPS,CY2026,0.914,1.119,+22.4%,1.175,+5.0%,1.194,+1.6%,37.11,31.1,+30.6%,-0.6%,+0.2%,+67.5%
AS,Extended,Apparel,Consumer Discretionary,Consumer Durables & Apparel,Adj,Dec,EPS,CY2027,1.158,1.394,+20.4%,1.479,+6.1%,1.478,-0.1%,37.11,25.1,+27.6%,-0.6%,+0.2%,+67.5%
AS,Extended,Apparel,Consumer Discretionary,Consumer Durables & Apparel,Adj,Dec,EPS,CY2028,1.44,1.808,+25.6%,1.773,-1.9%,1.857,+4.7%,37.11,20.0,+29.0%,-0.6%,+0.2%,+67.5%
GOOS,Extended,Apparel,Consumer Discretionary,Consumer Durables & Apparel,Adj,Mar,EPS,CY2025,1.079,1.038,-3.8%,0.964,-7.1%,0.797,-17.3%,11.93,15.0,-26.1%,-7.9%,-7.3%,+48.9%
GOOS,Extended,Apparel,Consumer Discretionary,Consumer Durables & Apparel,Adj,Mar,EPS,CY2026,1.01,1.157,+14.6%,1.143,-1.2%,1.002,-12.3%,11.93,11.9,-0.8%,-7.9%,-7.3%,+48.9%
GOOS,Extended,Apparel,Consumer Discretionary,Consumer Durables & Apparel,Adj,Mar,EPS,CY2027,,1.073,,1.296,+20.8%,1.193,-7.9%,11.93,10.0,,-7.9%,-7.3%,+48.9%
GOOS,Extended,Apparel,Consumer Discretionary,Consumer Durables & Apparel,Adj,Mar,EPS,CY2028,,1.98,,2.17,+9.6%,2.11,-2.8%,11.93,5.7,,-7.9%,-7.3%,+48.9%
GAP,Extended,Apparel,Consumer Discretionary,Consumer Discretionary Distrib,Adj,Jan,EPS,CY2025,2.394,2.078,-13.2%,2.147,+3.3%,2.155,+0.4%,27.02,12.5,-10.0%,+5.5%,+1.1%,+41.2%
GAP,Extended,Apparel,Consumer Discretionary,Consumer Discretionary Distrib,Adj,Jan,EPS,CY2026,2.431,2.172,-10.7%,2.307,+6.2%,2.337,+1.3%,27.02,11.6,-3.9%,+5.5%,+1.1%,+41.2%
GAP,Extended,Apparel,Consumer Discretionary,Consumer Discretionary Distrib,Adj,Jan,EPS,CY2027,2.526,2.407,-4.7%,2.548,+5.9%,2.609,+2.4%,27.02,10.4,+3.3%,+5.5%,+1.1%,+41.2%
GAP,Extended,Apparel,Consumer Discretionary,Consumer Discretionary Distrib,Adj,Jan,EPS,CY2028,2.897,2.72,-6.1%,2.865,+5.3%,2.907,+1.5%,27.02,9.3,+0.3%,+5.5%,+1.1%,+41.2%
CROX,Extended,Apparel,Consumer Discretionary,Consumer Durables & Apparel,Adj,Dec,EPS,CY2025,12.934,11.408,-11.8%,12.136,+6.4%,12.14,+0.0%,105.87,8.7,-6.1%,+23.8%,+27.4%,+16.7%
CROX,Extended,Apparel,Consumer Discretionary,Consumer Durables & Apparel,Adj,Dec,EPS,CY2026,13.665,11.161,-18.3%,12.002,+7.5%,13.347,+11.2%,105.87,7.9,-2.3%,+23.8%,+27.4%,+16.7%
CROX,Extended,Apparel,Consumer Discretionary,Consumer Durables & Apparel,Adj,Dec,EPS,CY2027,13.753,11.56,-15.9%,12.061,+4.3%,14.247,+18.1%,105.87,7.4,+3.6%,+23.8%,+27.4%,+16.7%
CROX,Extended,Apparel,Consumer Discretionary,Consumer Durables & Apparel,Adj,Dec,EPS,CY2028,15.2,13.605,-10.5%,13.84,+1.7%,14.513,+4.9%,105.87,7.3,-4.5%,+23.8%,+27.4%,+16.7%
SN,Extended,Apparel,Consumer Discretionary,Consumer Durables & Apparel,Adj,Dec,EPS,CY2025,4.889,5.107,+4.5%,5.152,+0.9%,5.157,+0.1%,119.6,23.2,+5.5%,+6.9%,-5.9%,+61.2%
SN,Extended,Apparel,Consumer Discretionary,Consumer Durables & Apparel,Adj,Dec,EPS,CY2026,5.638,5.913,+4.9%,5.959,+0.8%,6.048,+1.5%,119.6,19.8,+7.3%,+6.9%,-5.9%,+61.2%
SN,Extended,Apparel,Consumer Discretionary,Consumer Durables & Apparel,Adj,Dec,EPS,CY2027,6.406,6.811,+6.3%,6.759,-0.8%,6.917,+2.3%,119.6,17.3,+8.0%,+6.9%,-5.9%,+61.2%
SN,Extended,Apparel,Consumer Discretionary,Consumer Durables & Apparel,Adj,Dec,EPS,CY2028,7.16,7.78,+8.7%,7.74,-0.5%,7.838,+1.3%,119.6,15.3,+9.5%,+6.9%,-5.9%,+61.2%
ANF,Extended,Apparel,Consumer Discretionary,Consumer Discretionary Distrib,Adj,Jan,EPS,CY2025,10.771,9.821,-8.8%,9.787,-0.3%,9.726,-0.6%,94.36,9.7,-9.7%,-25.0%,-9.4%,+29.3%
ANF,Extended,Apparel,Consumer Discretionary,Consumer Discretionary Distrib,Adj,Jan,EPS,CY2026,10.999,10.155,-7.7%,10.286,+1.3%,10.728,+4.3%,94.36,8.8,-2.5%,-25.0%,-9.4%,+29.3%
ANF,Extended,Apparel,Consumer Discretionary,Consumer Discretionary Distrib,Adj,Jan,EPS,CY2027,10.976,10.416,-5.1%,10.738,+3.1%,11.835,+10.2%,94.36,8.0,+7.8%,-25.0%,-9.4%,+29.3%
ANF,Extended,Apparel,Consumer Discretionary,Consumer Discretionary Distrib,Adj,Jan,EPS,CY2028,10.97,9.17,-16.4%,10.09,+10.0%,13.165,+30.5%,94.36,7.2,+20.0%,-25.0%,-9.4%,+29.3%
AEO,Extended,Apparel,Consumer Discretionary,Consumer Discretionary Distrib,Adj,Jan,EPS,CY2025,1.472,1.162,-21.1%,1.381,+18.8%,1.378,-0.2%,19.42,14.1,-6.4%,-26.4%,-23.7%,+80.8%
AEO,Extended,Apparel,Consumer Discretionary,Consumer Discretionary Distrib,Adj,Jan,EPS,CY2026,1.606,1.388,-13.6%,1.685,+21.4%,1.757,+4.3%,19.42,11.1,+9.4%,-26.4%,-23.7%,+80.8%
AEO,Extended,Apparel,Consumer Discretionary,Consumer Discretionary Distrib,Adj,Jan,EPS,CY2027,1.65,1.494,-9.5%,1.864,+24.8%,1.972,+5.8%,19.42,9.8,+19.5%,-26.4%,-23.7%,+80.8%
AEO,Extended,Apparel,Consumer Discretionary,Consumer Discretionary Distrib,Adj,Jan,EPS,CY2028,,1.7,,1.96,+15.3%,2.249,+14.7%,19.42,8.6,,-26.4%,-23.7%,+80.8%
URBN,Extended,Apparel,Consumer Discretionary,Consumer Discretionary Distrib,Adj,Jan,EPS,CY2025,4.459,5.227,+17.2%,5.283,+1.1%,5.271,-0.2%,74.18,14.1,+18.2%,-1.4%,+6.8%,+49.9%
URBN,Extended,Apparel,Consumer Discretionary,Consumer Discretionary Distrib,Adj,Jan,EPS,CY2026,4.78,5.644,+18.1%,5.802,+2.8%,5.888,+1.5%,74.18,12.6,+23.2%,-1.4%,+6.8%,+49.9%
URBN,Extended,Apparel,Consumer Discretionary,Consumer Discretionary Distrib,Adj,Jan,EPS,CY2027,4.416,6.183,+40.0%,6.39,+3.3%,6.439,+0.8%,74.18,11.5,+45.8%,-1.4%,+6.8%,+49.9%
URBN,Extended,Apparel,Consumer Discretionary,Consumer Discretionary Distrib,Adj,Jan,EPS,CY2028,,5.535,,5.835,+5.4%,6.798,+16.5%,74.18,10.9,,-1.4%,+6.8%,+49.9%
BALL,Extended,Packaging,Materials,Materials,Adj,Dec,EPS,CY2025,3.476,3.584,+3.1%,3.567,-0.5%,3.567,+0.0%,64.48,18.1,+2.6%,+21.7%,+15.0%,+36.1%
BALL,Extended,Packaging,Materials,Materials,Adj,Dec,EPS,CY2026,3.926,4.01,+2.1%,3.978,-0.8%,3.961,-0.4%,64.48,16.3,+0.9%,+21.7%,+15.0%,+36.1%
BALL,Extended,Packaging,Materials,Materials,Adj,Dec,EPS,CY2027,4.325,4.426,+2.3%,4.477,+1.2%,4.494,+0.4%,64.48,14.3,+3.9%,+21.7%,+15.0%,+36.1%
BALL,Extended,Packaging,Materials,Materials,Adj,Dec,EPS,CY2028,4.81,4.85,+0.8%,4.94,+1.9%,5.048,+2.2%,64.48,12.8,+4.9%,+21.7%,+15.0%,+36.1%
CCK,Extended,Packaging,Materials,Materials,Adj,Dec,EPS,CY2025,6.795,7.409,+9.0%,7.758,+4.7%,7.758,+0.0%,107.15,13.8,+14.2%,+4.1%,+2.8%,+25.9%
CCK,Extended,Packaging,Materials,Materials,Adj,Dec,EPS,CY2026,7.448,7.933,+6.5%,8.218,+3.6%,8.075,-1.7%,107.15,13.3,+8.4%,+4.1%,+2.8%,+25.9%
CCK,Extended,Packaging,Materials,Materials,Adj,Dec,EPS,CY2027,8.161,8.648,+6.0%,8.978,+3.8%,8.835,-1.6%,107.15,12.1,+8.3%,+4.1%,+2.8%,+25.9%
CCK,Extended,Packaging,Materials,Materials,Adj,Dec,EPS,CY2028,8.6,8.97,+4.3%,9.633,+7.4%,9.544,-0.9%,107.15,11.2,+11.0%,+4.1%,+2.8%,+25.9%
SLGN,Extended,Packaging,Materials,Materials,Adj,Dec,EPS,CY2025,4.039,3.925,-2.8%,3.691,-6.0%,3.691,+0.0%,41.99,11.4,-8.6%,+4.0%,-2.0%,-14.8%
SLGN,Extended,Packaging,Materials,Materials,Adj,Dec,EPS,CY2026,4.406,4.271,-3.1%,3.81,-10.8%,3.772,-1.0%,41.99,11.1,-14.4%,+4.0%,-2.0%,-14.8%
SLGN,Extended,Packaging,Materials,Materials,Adj,Dec,EPS,CY2027,4.688,4.536,-3.2%,4.147,-8.6%,4.055,-2.2%,41.99,10.4,-13.5%,+4.0%,-2.0%,-14.8%
SLGN,Extended,Packaging,Materials,Materials,Adj,Dec,EPS,CY2028,4.915,4.835,-1.6%,4.623,-4.4%,4.419,-4.4%,41.99,9.5,-10.1%,+4.0%,-2.0%,-14.8%
OI,Extended,Packaging,Materials,Materials,Adj,Dec,EPS,CY2025,1.288,1.474,+14.4%,1.604,+8.8%,1.604,+0.0%,10.89,6.8,+24.5%,-26.2%,-29.3%,-0.5%
OI,Extended,Packaging,Materials,Materials,Adj,Dec,EPS,CY2026,1.764,1.876,+6.3%,1.931,+2.9%,1.684,-12.8%,10.89,6.5,-4.5%,-26.2%,-29.3%,-0.5%
OI,Extended,Packaging,Materials,Materials,Adj,Dec,EPS,CY2027,2.151,2.29,+6.5%,2.363,+3.2%,2.138,-9.5%,10.89,5.1,-0.6%,-26.2%,-29.3%,-0.5%
OI,Extended,Packaging,Materials,Materials,Adj,Dec,EPS,CY2028,2.69,2.81,+4.5%,2.617,-6.9%,2.578,-1.5%,10.89,4.2,-4.2%,-26.2%,-29.3%,-0.5%
AA,Extended,Packaging,Materials,Materials,Adj,Dec,EPS,CY2025,3.435,2.979,-13.3%,3.974,+33.4%,3.992,+0.5%,65.62,16.4,+16.2%,+23.5%,+9.2%,+181.4%
AA,Extended,Packaging,Materials,Materials,Adj,Dec,EPS,CY2026,2.886,3.055,+5.9%,4.173,+36.6%,6.433,+54.2%,65.62,10.2,+122.9%,+23.5%,+9.2%,+181.4%
AA,Extended,Packaging,Materials,Materials,Adj,Dec,EPS,CY2027,3.677,3.808,+3.6%,4.697,+23.3%,6.471,+37.8%,65.62,10.1,+76.0%,+23.5%,+9.2%,+181.4%
AA,Extended,Packaging,Materials,Materials,Adj,Dec,EPS,CY2028,3.403,3.217,-5.5%,4.54,+41.1%,6.583,+45.0%,65.62,10.0,+93.4%,+23.5%,+9.2%,+181.4%
PKG,Extended,Packaging,Materials,Materials,Adj,Dec,EPS,CY2025,10.588,10.267,-3.0%,9.939,-3.2%,9.933,-0.1%,213.39,21.5,-6.2%,+3.5%,-3.6%,+14.0%
PKG,Extended,Packaging,Materials,Materials,Adj,Dec,EPS,CY2026,11.69,12.093,+3.4%,11.284,-6.7%,10.629,-5.8%,213.39,20.1,-9.1%,+3.5%,-3.6%,+14.0%
PKG,Extended,Packaging,Materials,Materials,Adj,Dec,EPS,CY2027,12.115,12.899,+6.5%,12.476,-3.3%,12.115,-2.9%,213.39,17.6,+0.0%,+3.5%,-3.6%,+14.0%
PKG,Extended,Packaging,Materials,Materials,Adj,Dec,EPS,CY2028,13.255,14.533,+9.6%,13.87,-4.6%,13.096,-5.6%,213.39,16.3,-1.2%,+3.5%,-3.6%,+14.0%
GPK,Extended,Packaging,Materials,Materials,Adj,Dec,EPS,CY2025,2.488,2.019,-18.9%,1.875,-7.1%,1.865,-0.5%,9.84,5.3,-25.0%,-34.7%,-35.6%,-59.8%
GPK,Extended,Packaging,Materials,Materials,Adj,Dec,EPS,CY2026,2.727,2.159,-20.8%,1.747,-19.1%,0.838,-52.0%,9.84,11.7,-69.3%,-34.7%,-35.6%,-59.8%
GPK,Extended,Packaging,Materials,Materials,Adj,Dec,EPS,CY2027,2.868,2.483,-13.4%,2.011,-19.0%,1.184,-41.1%,9.84,8.3,-58.7%,-34.7%,-35.6%,-59.8%
GPK,Extended,Packaging,Materials,Materials,Adj,Dec,EPS,CY2028,3.26,2.89,-11.3%,2.113,-26.9%,1.268,-40.0%,9.84,7.8,-61.1%,-34.7%,-35.6%,-59.8%
SEE,Extended,Packaging,Materials,Materials,Adj,Dec,EPS,CY2025,3.058,3.179,+4.0%,3.298,+3.7%,3.298,+0.0%,42.15,12.8,+7.8%,+1.7%,+0.9%,+59.7%
SEE,Extended,Packaging,Materials,Materials,Adj,Dec,EPS,CY2026,3.288,3.339,+1.6%,3.378,+1.2%,3.26,-3.5%,42.15,12.9,-0.9%,+1.7%,+0.9%,+59.7%
SEE,Extended,Packaging,Materials,Materials,Adj,Dec,EPS,CY2027,3.587,3.58,-0.2%,3.625,+1.3%,3.47,-4.3%,42.15,12.1,-3.3%,+1.7%,+0.9%,+59.7%
SEE,Extended,Packaging,Materials,Materials,Adj,Dec,EPS,CY2028,3.815,3.8,-0.4%,3.783,-0.4%,3.783,+0.0%,42.15,11.1,-0.8%,+1.7%,+0.9%,+59.7%
IP,Extended,Packaging,Materials,Materials,Adj,Dec,EPS,CY2025,2.578,1.564,-39.3%,0.153,-90.2%,0.165,+7.8%,37.13,225.0,-93.6%,-5.7%,-14.3%,-19.8%
IP,Extended,Packaging,Materials,Materials,Adj,Dec,EPS,CY2026,3.52,2.954,-16.1%,2.135,-27.7%,1.579,-26.0%,37.13,23.5,-55.1%,-5.7%,-14.3%,-19.8%
IP,Extended,Packaging,Materials,Materials,Adj,Dec,EPS,CY2027,4.123,3.865,-6.3%,3.068,-20.6%,2.871,-6.4%,37.13,12.9,-30.4%,-5.7%,-14.3%,-19.8%
IP,Extended,Packaging,Materials,Materials,Adj,Dec,EPS,CY2028,4.767,4.295,-9.9%,3.4,-20.8%,3.316,-2.5%,37.13,11.2,-30.4%,-5.7%,-14.3%,-19.8%
MHK,Extended,Housing,Consumer Discretionary,Consumer Durables & Apparel,Adj,Dec,EPS,CY2025,9.468,9.048,-4.4%,8.941,-1.2%,8.938,-0.0%,108.83,12.2,-5.6%,-0.4%,-11.4%,+6.0%
MHK,Extended,Housing,Consumer Discretionary,Consumer Durables & Apparel,Adj,Dec,EPS,CY2026,11.325,10.571,-6.7%,9.962,-5.8%,9.396,-5.7%,108.83,11.6,-17.0%,-0.4%,-11.4%,+6.0%
MHK,Extended,Housing,Consumer Discretionary,Consumer Durables & Apparel,Adj,Dec,EPS,CY2027,12.6,12.203,-3.2%,11.548,-5.4%,10.805,-6.4%,108.83,10.1,-14.2%,-0.4%,-11.4%,+6.0%
MHK,Extended,Housing,Consumer Discretionary,Consumer Durables & Apparel,Adj,Dec,EPS,CY2028,,14.23,,12.575,-11.6%,12.661,+0.7%,108.83,8.6,,-0.4%,-11.4%,+6.0%
JELD,Extended,Housing,Industrials,Capital Goods,Adj,Dec,EPS,CY2025,0.441,0.079,-82.1%,-0.704,-991.1%,-0.726,-3.1%,1.28,-1.8,-264.6%,-48.0%,-59.4%,-75.2%
JELD,Extended,Housing,Industrials,Capital Goods,Adj,Dec,EPS,CY2026,0.826,0.356,-56.9%,-0.31,-187.1%,-0.562,-81.3%,1.28,-2.3,-168.0%,-48.0%,-59.4%,-75.2%
JELD,Extended,Housing,Industrials,Capital Goods,Adj,Dec,EPS,CY2027,1.42,0.68,-52.1%,0.007,-99.0%,-0.39,-5671.4%,1.28,-3.3,-127.5%,-48.0%,-59.4%,-75.2%
JELD,Extended,Housing,Industrials,Capital Goods,Adj,Dec,EPS,CY2028,,,,,,0.111,,1.28,11.5,,-48.0%,-59.4%,-75.2%
AMWD,Extended,Housing,Industrials,Capital Goods,Adj,Apr,EPS,CY2025,6.496,6.474,-0.3%,6.474,+0.0%,6.474,+0.0%,43.25,6.7,-0.3%,-19.8%,-31.3%,-23.2%
AMWD,Extended,Housing,Industrials,Capital Goods,Adj,Apr,EPS,CY2026,6.546,4.41,-32.6%,3.148,-28.6%,2.387,-24.2%,43.25,18.1,-63.5%,-19.8%,-31.3%,-23.2%
AMWD,Extended,Housing,Industrials,Capital Goods,Adj,Apr,EPS,CY2027,,5.69,,3.622,-36.3%,1.94,-46.4%,43.25,22.3,,-19.8%,-31.3%,-23.2%
AMWD,Extended,Housing,Industrials,Capital Goods,Adj,Apr,EPS,CY2028,,,,2.48,,2.375,-4.2%,43.25,18.2,,-19.8%,-31.3%,-23.2%
MAS,Extended,Housing,Industrials,Capital Goods,Adj,Dec,EPS,CY2025,4.248,4.043,-4.8%,3.935,-2.7%,3.933,-0.1%,66.58,16.9,-7.4%,+4.9%,-5.5%,+8.1%
MAS,Extended,Housing,Industrials,Capital Goods,Adj,Dec,EPS,CY2026,4.676,4.365,-6.7%,4.202,-3.7%,4.18,-0.5%,66.58,15.9,-10.6%,+4.9%,-5.5%,+8.1%
MAS,Extended,Housing,Industrials,Capital Goods,Adj,Dec,EPS,CY2027,5.231,4.817,-7.9%,4.653,-3.4%,4.6,-1.1%,66.58,14.5,-12.1%,+4.9%,-5.5%,+8.1%
MAS,Extended,Housing,Industrials,Capital Goods,Adj,Dec,EPS,CY2028,6.04,5.74,-5.0%,5.415,-5.7%,5.104,-5.7%,66.58,13.0,-15.5%,+4.9%,-5.5%,+8.1%
FBIN,Extended,Housing,Industrials,Capital Goods,Adj,Dec,EPS,CY2025,4.13,3.805,-7.9%,3.742,-1.7%,3.74,-0.1%,40.43,10.8,-9.4%,-19.2%,-34.3%,-21.4%
FBIN,Extended,Housing,Industrials,Capital Goods,Adj,Dec,EPS,CY2026,4.598,4.213,-8.4%,4.088,-3.0%,3.443,-15.8%,40.43,11.7,-25.1%,-19.2%,-34.3%,-21.4%
FBIN,Extended,Housing,Industrials,Capital Goods,Adj,Dec,EPS,CY2027,5.282,4.766,-9.8%,4.626,-2.9%,3.896,-15.8%,40.43,10.4,-26.2%,-19.2%,-34.3%,-21.4%
FBIN,Extended,Housing,Industrials,Capital Goods,Adj,Dec,EPS,CY2028,6.12,5.76,-5.9%,5.76,+0.0%,4.416,-23.3%,40.43,9.2,-27.8%,-19.2%,-34.3%,-21.4%
TOL,Extended,Housing,Consumer Discretionary,Consumer Durables & Apparel,Adj,Oct,EPS,CY2025,13.681,13.806,+0.9%,13.796,-0.1%,13.796,+0.0%,146.68,10.6,+0.8%,+8.5%,+0.0%,+56.2%
TOL,Extended,Housing,Consumer Discretionary,Consumer Durables & Apparel,Adj,Oct,EPS,CY2026,14.53,13.871,-4.5%,12.833,-7.5%,12.77,-0.5%,146.68,11.5,-12.1%,+8.5%,+0.0%,+56.2%
TOL,Extended,Housing,Consumer Discretionary,Consumer Durables & Apparel,Adj,Oct,EPS,CY2027,16.583,15.39,-7.2%,14.255,-7.4%,14.178,-0.5%,146.68,10.3,-14.5%,+8.5%,+0.0%,+56.2%
TOL,Extended,Housing,Consumer Discretionary,Consumer Durables & Apparel,Adj,Oct,EPS,CY2028,20.485,19.02,-7.2%,16.4,-13.8%,15.828,-3.5%,146.68,9.3,-22.7%,+8.5%,+0.0%,+56.2%
KBH,Extended,Housing,Consumer Discretionary,Consumer Durables & Apparel,Adj,Nov,EPS,CY2025,7.129,6.416,-10.0%,6.416,+0.0%,6.416,+0.0%,54.28,8.5,-10.0%,-3.8%,-11.5%,+5.1%
KBH,Extended,Housing,Consumer Discretionary,Consumer Durables & Apparel,Adj,Nov,EPS,CY2026,7.518,6.076,-19.2%,4.215,-30.6%,3.26,-22.7%,54.28,16.7,-56.6%,-3.8%,-11.5%,+5.1%
KBH,Extended,Housing,Consumer Discretionary,Consumer Durables & Apparel,Adj,Nov,EPS,CY2027,8.953,7.201,-19.6%,5.461,-24.2%,4.556,-16.6%,54.28,11.9,-49.1%,-3.8%,-11.5%,+5.1%
KBH,Extended,Housing,Consumer Discretionary,Consumer Durables & Apparel,Adj,Nov,EPS,CY2028,11.19,9.91,-11.4%,7.062,-28.7%,5.688,-19.5%,54.28,9.5,-49.2%,-3.8%,-11.5%,+5.1%
LEN,Extended,Housing,Consumer Discretionary,Consumer Durables & Apparel,Adj,Nov,EPS,CY2025,10.032,8.307,-17.2%,8.293,-0.2%,8.293,+0.0%,92.79,11.2,-17.3%,-9.7%,-21.8%,-11.4%
LEN,Extended,Housing,Consumer Discretionary,Consumer Durables & Apparel,Adj,Nov,EPS,CY2026,11.836,8.887,-24.9%,7.129,-19.8%,6.147,-13.8%,92.79,15.1,-48.1%,-9.7%,-21.8%,-11.4%
LEN,Extended,Housing,Consumer Discretionary,Consumer Durables & Apparel,Adj,Nov,EPS,CY2027,14.496,10.332,-28.7%,8.581,-16.9%,7.555,-12.0%,92.79,12.3,-47.9%,-9.7%,-21.8%,-11.4%
LEN,Extended,Housing,Consumer Discretionary,Consumer Durables & Apparel,Adj,Nov,EPS,CY2028,18.08,14.027,-22.4%,11.778,-16.0%,10.7,-9.2%,92.79,8.7,-40.8%,-9.7%,-21.8%,-11.4%
LGIH,Extended,Housing,Consumer Discretionary,Consumer Durables & Apparel,Adj,Dec,EPS,CY2025,7.372,3.705,-49.7%,3.345,-9.7%,3.333,-0.4%,43.56,13.1,-54.8%,+1.4%,-19.0%,-22.6%
LGIH,Extended,Housing,Consumer Discretionary,Consumer Durables & Apparel,Adj,Dec,EPS,CY2026,9.668,5.173,-46.5%,4.533,-12.4%,2.438,-46.2%,43.56,17.9,-74.8%,+1.4%,-19.0%,-22.6%
LGIH,Extended,Housing,Consumer Discretionary,Consumer Durables & Apparel,Adj,Dec,EPS,CY2027,,7.8,,5.213,-33.2%,3.245,-37.8%,43.56,13.4,,+1.4%,-19.0%,-22.6%
LGIH,Extended,Housing,Consumer Discretionary,Consumer Durables & Apparel,Adj,Dec,EPS,CY2028,,,,,,,,43.56,,,+1.4%,-19.0%,-22.6%
WMS,Extended,Housing,Industrials,Capital Goods,Adj,Mar,EPS,CY2025,6.301,5.699,-9.6%,5.947,+4.4%,6.123,+3.0%,153.37,25.0,-2.8%,+5.9%,-3.7%,+46.9%
WMS,Extended,Housing,Industrials,Capital Goods,Adj,Mar,EPS,CY2026,7.003,6.382,-8.9%,6.433,+0.8%,6.779,+5.4%,153.37,22.6,-3.2%,+5.9%,-3.7%,+46.9%
WMS,Extended,Housing,Industrials,Capital Goods,Adj,Mar,EPS,CY2027,7.873,7.264,-7.7%,7.326,+0.9%,7.653,+4.5%,153.37,20.0,-2.8%,+5.9%,-3.7%,+46.9%
WMS,Extended,Housing,Industrials,Capital Goods,Adj,Mar,EPS,CY2028,8.6,7.88,-8.4%,7.945,+0.8%,8.365,+5.3%,153.37,18.3,-2.7%,+5.9%,-3.7%,+46.9%
POOL,Extended,Housing,Consumer Discretionary,Consumer Discretionary Distrib,Adj,Dec,EPS,CY2025,11.253,10.874,-3.4%,10.887,+0.1%,10.887,+0.0%,227.62,20.9,-3.3%,-0.5%,-15.1%,-25.7%
POOL,Extended,Housing,Consumer Discretionary,Consumer Discretionary Distrib,Adj,Dec,EPS,CY2026,12.408,11.723,-5.5%,11.614,-0.9%,11.018,-5.1%,227.62,20.7,-11.2%,-0.5%,-15.1%,-25.7%
POOL,Extended,Housing,Consumer Discretionary,Consumer Discretionary Distrib,Adj,Dec,EPS,CY2027,13.706,12.811,-6.5%,12.725,-0.7%,11.91,-6.4%,227.62,19.1,-13.1%,-0.5%,-15.1%,-25.7%
POOL,Extended,Housing,Consumer Discretionary,Consumer Discretionary Distrib,Adj,Dec,EPS,CY2028,,15.08,,13.593,-9.9%,13.118,-3.5%,227.62,17.4,,-0.5%,-15.1%,-25.7%
ALLE,Extended,Housing,Industrials,Capital Goods,Adj,Dec,EPS,CY2025,7.746,8.134,+5.0%,8.185,+0.6%,8.185,+0.0%,144.32,17.6,+5.7%,-9.4%,-12.5%,+14.2%
ALLE,Extended,Housing,Industrials,Capital Goods,Adj,Dec,EPS,CY2026,8.38,8.781,+4.8%,8.861,+0.9%,8.813,-0.5%,144.32,16.4,+5.2%,-9.4%,-12.5%,+14.2%
ALLE,Extended,Housing,Industrials,Capital Goods,Adj,Dec,EPS,CY2027,9.229,9.442,+2.3%,9.66,+2.3%,9.527,-1.4%,144.32,15.1,+3.2%,-9.4%,-12.5%,+14.2%
ALLE,Extended,Housing,Industrials,Capital Goods,Adj,Dec,EPS,CY2028,10.02,10.93,+9.1%,11.117,+1.7%,10.331,-7.1%,144.32,14.0,+3.1%,-9.4%,-12.5%,+14.2%
FDX,Extended,Transportation,Industrials,Transportation,Adj,May,EPS,CY2025,18.165,17.973,-1.1%,17.973,+0.0%,17.973,+0.0%,392.38,21.8,-1.1%,+35.8%,+27.3%,+89.1%
FDX,Extended,Transportation,Industrials,Transportation,Adj,May,EPS,CY2026,20.212,18.05,-10.7%,18.572,+2.9%,19.64,+5.8%,392.38,20.0,-2.8%,+35.8%,+27.3%,+89.1%
FDX,Extended,Transportation,Industrials,Transportation,Adj,May,EPS,CY2027,23.031,20.771,-9.8%,21.356,+2.8%,22.455,+5.1%,392.38,17.5,-2.5%,+35.8%,+27.3%,+89.1%
FDX,Extended,Transportation,Industrials,Transportation,Adj,May,EPS,CY2028,25.117,23.289,-7.3%,23.749,+2.0%,25.789,+8.6%,392.38,15.2,+2.7%,+35.8%,+27.3%,+89.1%
UPS,Extended,Transportation,Industrials,Transportation,Adj,Dec,EPS,CY2025,7.589,6.463,-14.8%,6.899,+6.7%,6.891,-0.1%,106.44,15.4,-9.2%,+7.3%,-0.4%,+10.4%
UPS,Extended,Transportation,Industrials,Transportation,Adj,Dec,EPS,CY2026,8.457,7.134,-15.6%,7.113,-0.3%,7.023,-1.3%,106.44,15.2,-17.0%,+7.3%,-0.4%,+10.4%
UPS,Extended,Transportation,Industrials,Transportation,Adj,Dec,EPS,CY2027,8.854,7.783,-12.1%,8.067,+3.6%,7.925,-1.8%,106.44,13.4,-10.5%,+7.3%,-0.4%,+10.4%
UPS,Extended,Transportation,Industrials,Transportation,Adj,Dec,EPS,CY2028,8.943,8.422,-5.8%,8.406,-0.2%,8.459,+0.6%,106.44,12.6,-5.4%,+7.3%,-0.4%,+10.4%
XPO,Extended,Transportation,Industrials,Transportation,Adj,Dec,EPS,CY2025,3.76,3.657,-2.7%,3.62,-1.0%,3.617,-0.1%,225.02,62.2,-3.8%,+65.6%,+49.6%,+132.6%
XPO,Extended,Transportation,Industrials,Transportation,Adj,Dec,EPS,CY2026,4.911,4.495,-8.5%,4.291,-4.5%,4.513,+5.2%,225.02,49.9,-8.1%,+65.6%,+49.6%,+132.6%
XPO,Extended,Transportation,Industrials,Transportation,Adj,Dec,EPS,CY2027,5.696,5.456,-4.2%,5.488,+0.6%,5.798,+5.6%,225.02,38.8,+1.8%,+65.6%,+49.6%,+132.6%
XPO,Extended,Transportation,Industrials,Transportation,Adj,Dec,EPS,CY2028,7.31,6.76,-7.5%,6.806,+0.7%,7.191,+5.7%,225.02,31.3,-1.6%,+65.6%,+49.6%,+132.6%
EXPD,Extended,Transportation,Industrials,Transportation,Adj,Dec,EPS,CY2025,5.476,5.507,+0.6%,5.894,+7.0%,5.912,+0.3%,147.3,24.9,+8.0%,-1.1%,-9.3%,+38.1%
EXPD,Extended,Transportation,Industrials,Transportation,Adj,Dec,EPS,CY2026,5.686,5.572,-2.0%,5.96,+7.0%,6.045,+1.4%,147.3,24.4,+6.3%,-1.1%,-9.3%,+38.1%
EXPD,Extended,Transportation,Industrials,Transportation,Adj,Dec,EPS,CY2027,6.05,5.975,-1.2%,6.361,+6.5%,6.485,+1.9%,147.3,22.7,+7.2%,-1.1%,-9.3%,+38.1%
EXPD,Extended,Transportation,Industrials,Transportation,Adj,Dec,EPS,CY2028,6.54,6.563,+0.4%,6.573,+0.2%,6.997,+6.5%,147.3,21.1,+7.0%,-1.1%,-9.3%,+38.1%
CHRW,Extended,Transportation,Industrials,Transportation,Adj,Dec,EPS,CY2025,4.755,4.923,+3.5%,4.984,+1.2%,4.981,-0.1%,182.24,36.6,+4.8%,+13.4%,+3.7%,+100.0%
CHRW,Extended,Transportation,Industrials,Transportation,Adj,Dec,EPS,CY2026,5.546,5.557,+0.2%,5.988,+7.8%,6.021,+0.6%,182.24,30.3,+8.6%,+13.4%,+3.7%,+100.0%
CHRW,Extended,Transportation,Industrials,Transportation,Adj,Dec,EPS,CY2027,5.792,6.213,+7.3%,6.915,+11.3%,7.116,+2.9%,182.24,25.6,+22.9%,+13.4%,+3.7%,+100.0%
CHRW,Extended,Transportation,Industrials,Transportation,Adj,Dec,EPS,CY2028,6.228,7.354,+18.1%,7.64,+3.9%,7.883,+3.2%,182.24,23.1,+26.6%,+13.4%,+3.7%,+100.0%
KNX,Extended,Transportation,Industrials,Transportation,Adj,Dec,EPS,CY2025,1.681,1.397,-16.9%,1.292,-7.5%,1.292,+0.0%,64.42,49.9,-23.1%,+23.2%,+13.7%,+63.5%
KNX,Extended,Transportation,Industrials,Transportation,Adj,Dec,EPS,CY2026,2.877,2.115,-26.5%,1.996,-5.6%,1.878,-5.9%,64.42,34.3,-34.7%,+23.2%,+13.7%,+63.5%
KNX,Extended,Transportation,Industrials,Transportation,Adj,Dec,EPS,CY2027,4.033,3.201,-20.6%,3.01,-6.0%,3.063,+1.8%,64.42,21.0,-24.1%,+23.2%,+13.7%,+63.5%
KNX,Extended,Transportation,Industrials,Transportation,Adj,Dec,EPS,CY2028,4.41,4.03,-8.6%,4.028,-0.0%,4.16,+3.3%,64.42,15.5,-5.7%,+23.2%,+13.7%,+63.5%
JBHT,Extended,Transportation,Industrials,Transportation,Adj,Dec,EPS,CY2025,5.64,5.959,+5.7%,6.03,+1.2%,6.03,+0.0%,245.08,40.6,+6.9%,+26.1%,+19.9%,+89.6%
JBHT,Extended,Transportation,Industrials,Transportation,Adj,Dec,EPS,CY2026,7.0,6.997,-0.0%,7.166,+2.4%,7.31,+2.0%,245.08,33.5,+4.4%,+26.1%,+19.9%,+89.6%
JBHT,Extended,Transportation,Industrials,Transportation,Adj,Dec,EPS,CY2027,8.458,8.154,-3.6%,8.727,+7.0%,9.013,+3.3%,245.08,27.2,+6.6%,+26.1%,+19.9%,+89.6%
JBHT,Extended,Transportation,Industrials,Transportation,Adj,Dec,EPS,CY2028,10.738,9.722,-9.5%,9.551,-1.8%,10.065,+5.4%,245.08,24.3,-6.3%,+26.1%,+19.9%,+89.6%
WERN,Extended,Transportation,Industrials,Transportation,Adj,Dec,EPS,CY2025,1.012,0.335,-66.9%,0.076,-77.3%,0.08,+5.3%,32.58,407.2,-92.1%,+8.6%,-1.7%,+15.1%
WERN,Extended,Transportation,Industrials,Transportation,Adj,Dec,EPS,CY2026,1.82,1.05,-42.3%,0.787,-25.0%,0.753,-4.3%,32.58,43.3,-58.6%,+8.6%,-1.7%,+15.1%
WERN,Extended,Transportation,Industrials,Transportation,Adj,Dec,EPS,CY2027,2.587,1.973,-23.7%,1.639,-16.9%,1.787,+9.0%,32.58,18.2,-30.9%,+8.6%,-1.7%,+15.1%
WERN,Extended,Transportation,Industrials,Transportation,Adj,Dec,EPS,CY2028,2.6,2.985,+14.8%,1.95,-34.7%,2.458,+26.1%,32.58,13.3,-5.5%,+8.6%,-1.7%,+15.1%
NOVOB,Extended,Pharma / Med Devices,Health Care,"Pharmaceuticals, Biotechnology",GAAP,Dec,EPS,CY2025,26.808,23.803,-11.2%,23.376,-1.8%,23.284,-0.4%,260.4,11.2,-13.1%,-19.9%,-33.0%,-38.2%
NOVOB,Extended,Pharma / Med Devices,Health Care,"Pharmaceuticals, Biotechnology",GAAP,Dec,EPS,CY2026,32.623,25.721,-21.2%,22.343,-13.1%,21.049,-5.8%,260.4,12.4,-35.5%,-19.9%,-33.0%,-38.2%
NOVOB,Extended,Pharma / Med Devices,Health Care,"Pharmaceuticals, Biotechnology",GAAP,Dec,EPS,CY2027,37.02,27.903,-24.6%,23.623,-15.3%,21.528,-8.9%,260.4,12.1,-41.8%,-19.9%,-33.0%,-38.2%
NOVOB,Extended,Pharma / Med Devices,Health Care,"Pharmaceuticals, Biotechnology",GAAP,Dec,EPS,CY2028,41.788,31.047,-25.7%,25.682,-17.3%,23.383,-9.0%,260.4,11.1,-44.0%,-19.9%,-33.0%,-38.2%
BIIB,Extended,Pharma / Med Devices,Health Care,"Pharmaceuticals, Biotechnology",Adj,Dec,EPS,CY2025,15.327,15.644,+2.1%,14.859,-5.0%,14.874,+0.1%,177.35,11.9,-3.0%,+0.8%,+7.9%,+49.5%
BIIB,Extended,Pharma / Med Devices,Health Care,"Pharmaceuticals, Biotechnology",Adj,Dec,EPS,CY2026,15.628,15.823,+1.2%,15.279,-3.4%,15.296,+0.1%,177.35,11.6,-2.1%,+0.8%,+7.9%,+49.5%
BIIB,Extended,Pharma / Med Devices,Health Care,"Pharmaceuticals, Biotechnology",Adj,Dec,EPS,CY2027,16.464,16.28,-1.1%,15.728,-3.4%,16.038,+2.0%,177.35,11.1,-2.6%,+0.8%,+7.9%,+49.5%
BIIB,Extended,Pharma / Med Devices,Health Care,"Pharmaceuticals, Biotechnology",Adj,Dec,EPS,CY2028,17.303,16.654,-3.8%,16.485,-1.0%,16.996,+3.1%,177.35,10.4,-1.8%,+0.8%,+7.9%,+49.5%
REGN,Extended,Pharma / Med Devices,Health Care,"Pharmaceuticals, Biotechnology",Adj,Dec,EPS,CY2025,40.958,40.27,-1.7%,43.417,+7.8%,43.529,+0.3%,750.57,17.2,+6.3%,-2.8%,+2.4%,+33.3%
REGN,Extended,Pharma / Med Devices,Health Care,"Pharmaceuticals, Biotechnology",Adj,Dec,EPS,CY2026,45.276,41.286,-8.8%,44.753,+8.4%,45.141,+0.9%,750.57,16.6,-0.3%,-2.8%,+2.4%,+33.3%
REGN,Extended,Pharma / Med Devices,Health Care,"Pharmaceuticals, Biotechnology",Adj,Dec,EPS,CY2027,53.49,48.856,-8.7%,52.062,+6.6%,52.185,+0.2%,750.57,14.4,-2.4%,-2.8%,+2.4%,+33.3%
REGN,Extended,Pharma / Med Devices,Health Care,"Pharmaceuticals, Biotechnology",Adj,Dec,EPS,CY2028,59.742,53.713,-10.1%,57.328,+6.7%,59.894,+4.5%,750.57,12.5,+0.3%,-2.8%,+2.4%,+33.3%
VRTX,Extended,Pharma / Med Devices,Health Care,"Pharmaceuticals, Biotechnology",Adj,Dec,EPS,CY2025,17.939,18.066,+0.7%,18.169,+0.6%,18.293,+0.7%,441.2,24.1,+2.0%,-2.7%,-0.0%,-9.8%
VRTX,Extended,Pharma / Med Devices,Health Care,"Pharmaceuticals, Biotechnology",Adj,Dec,EPS,CY2026,19.745,19.642,-0.5%,19.582,-0.3%,19.062,-2.7%,441.2,23.1,-3.5%,-2.7%,-0.0%,-9.8%
VRTX,Extended,Pharma / Med Devices,Health Care,"Pharmaceuticals, Biotechnology",Adj,Dec,EPS,CY2027,22.492,22.223,-1.2%,22.563,+1.5%,21.559,-4.4%,441.2,20.5,-4.1%,-2.7%,-0.0%,-9.8%
VRTX,Extended,Pharma / Med Devices,Health Care,"Pharmaceuticals, Biotechnology",Adj,Dec,EPS,CY2028,25.386,24.549,-3.3%,24.685,+0.6%,24.293,-1.6%,441.2,18.2,-4.3%,-2.7%,-0.0%,-9.8%
MRK,Extended,Pharma / Med Devices,Health Care,"Pharmaceuticals, Biotechnology",GAAP,Dec,EPS,CY2025,8.241,8.067,-2.1%,8.095,+0.3%,8.076,-0.2%,119.07,14.7,-2.0%,+13.1%,+9.4%,+52.7%
MRK,Extended,Pharma / Med Devices,Health Care,"Pharmaceuticals, Biotechnology",GAAP,Dec,EPS,CY2026,9.199,8.897,-3.3%,6.389,-28.2%,3.927,-38.5%,119.07,30.3,-57.3%,+13.1%,+9.4%,+52.7%
MRK,Extended,Pharma / Med Devices,Health Care,"Pharmaceuticals, Biotechnology",GAAP,Dec,EPS,CY2027,10.119,9.758,-3.6%,9.182,-5.9%,8.667,-5.6%,119.07,13.7,-14.3%,+13.1%,+9.4%,+52.7%
MRK,Extended,Pharma / Med Devices,Health Care,"Pharmaceuticals, Biotechnology",GAAP,Dec,EPS,CY2028,10.014,10.279,+2.6%,10.033,-2.4%,9.631,-4.0%,119.07,12.4,-3.8%,+13.1%,+9.4%,+52.7%
JNJ,Extended,Pharma / Med Devices,Health Care,"Pharmaceuticals, Biotechnology",GAAP,Dec,EPS,CY2025,10.418,10.816,+3.8%,10.726,-0.8%,10.726,+0.0%,234.18,21.8,+3.0%,+13.2%,+7.1%,+48.7%
JNJ,Extended,Pharma / Med Devices,Health Care,"Pharmaceuticals, Biotechnology",GAAP,Dec,EPS,CY2026,9.778,10.254,+4.9%,10.649,+3.9%,10.711,+0.6%,234.18,21.9,+9.5%,+13.2%,+7.1%,+48.7%
JNJ,Extended,Pharma / Med Devices,Health Care,"Pharmaceuticals, Biotechnology",GAAP,Dec,EPS,CY2027,10.291,10.921,+6.1%,11.302,+3.5%,11.594,+2.6%,234.18,20.2,+12.7%,+13.2%,+7.1%,+48.7%
JNJ,Extended,Pharma / Med Devices,Health Care,"Pharmaceuticals, Biotechnology",GAAP,Dec,EPS,CY2028,10.844,11.81,+8.9%,12.21,+3.4%,12.657,+3.7%,234.18,18.5,+16.7%,+13.2%,+7.1%,+48.7%
ABT,Extended,Pharma / Med Devices,Health Care,Health Care Equipment & Servic,Adj,Dec,EPS,CY2025,5.152,5.156,+0.1%,5.152,-0.1%,5.152,+0.0%,96.81,18.8,+0.0%,-22.7%,-20.5%,-26.1%
ABT,Extended,Pharma / Med Devices,Health Care,Health Care Equipment & Servic,Adj,Dec,EPS,CY2026,5.675,5.681,+0.1%,5.685,+0.1%,5.516,-3.0%,96.81,17.6,-2.8%,-22.7%,-20.5%,-26.1%
ABT,Extended,Pharma / Med Devices,Health Care,Health Care Equipment & Servic,Adj,Dec,EPS,CY2027,6.273,6.297,+0.4%,6.263,-0.5%,6.093,-2.7%,96.81,15.9,-2.9%,-22.7%,-20.5%,-26.1%
ABT,Extended,Pharma / Med Devices,Health Care,Health Care Equipment & Servic,Adj,Dec,EPS,CY2028,6.871,6.865,-0.1%,6.849,-0.2%,6.72,-1.9%,96.81,14.4,-2.2%,-22.7%,-20.5%,-26.1%
PFE,Extended,Pharma / Med Devices,Health Care,"Pharmaceuticals, Biotechnology",Adj,Dec,EPS,CY2025,2.956,3.027,+2.4%,3.132,+3.5%,3.128,-0.1%,27.56,8.8,+5.8%,+10.7%,+7.4%,+24.5%
PFE,Extended,Pharma / Med Devices,Health Care,"Pharmaceuticals, Biotechnology",Adj,Dec,EPS,CY2026,3.03,3.141,+3.7%,2.98,-5.1%,2.964,-0.5%,27.56,9.3,-2.2%,+10.7%,+7.4%,+24.5%
PFE,Extended,Pharma / Med Devices,Health Care,"Pharmaceuticals, Biotechnology",Adj,Dec,EPS,CY2027,2.987,3.099,+3.7%,2.865,-7.6%,2.824,-1.4%,27.56,9.8,-5.5%,+10.7%,+7.4%,+24.5%
PFE,Extended,Pharma / Med Devices,Health Care,"Pharmaceuticals, Biotechnology",Adj,Dec,EPS,CY2028,2.819,2.736,-2.9%,2.513,-8.2%,2.431,-3.3%,27.56,11.3,-13.8%,+10.7%,+7.4%,+24.5%
GSK,Extended,Pharma / Med Devices,Health Care,"Pharmaceuticals, Biotechnology",Adj,Dec,EPS,CY2025,3.345,3.227,-3.5%,3.383,+4.8%,3.401,+0.5%,58.35,17.2,+1.7%,+19.0%,+21.0%,+62.4%
GSK,Extended,Pharma / Med Devices,Health Care,"Pharmaceuticals, Biotechnology",Adj,Dec,EPS,CY2026,3.703,3.531,-4.6%,3.633,+2.9%,3.59,-1.2%,58.35,16.3,-3.1%,+19.0%,+21.0%,+62.4%
GSK,Extended,Pharma / Med Devices,Health Care,"Pharmaceuticals, Biotechnology",Adj,Dec,EPS,CY2027,3.964,3.84,-3.1%,3.919,+2.1%,3.874,-1.1%,58.35,15.1,-2.3%,+19.0%,+21.0%,+62.4%
GSK,Extended,Pharma / Med Devices,Health Care,"Pharmaceuticals, Biotechnology",Adj,Dec,EPS,CY2028,4.006,4.075,+1.7%,4.252,+4.3%,4.092,-3.8%,58.35,14.3,+2.1%,+19.0%,+21.0%,+62.4%
BHC,Extended,Pharma / Med Devices,Health Care,"Pharmaceuticals, Biotechnology",Adj,Dec,EPS,CY2025,4.378,3.662,-16.4%,3.853,+5.2%,3.843,-0.3%,5.9,1.5,-12.2%,-15.1%,-15.5%,+15.7%
BHC,Extended,Pharma / Med Devices,Health Care,"Pharmaceuticals, Biotechnology",Adj,Dec,EPS,CY2026,4.482,4.144,-7.5%,4.181,+0.9%,4.373,+4.6%,5.9,1.3,-2.4%,-15.1%,-15.5%,+15.7%
BHC,Extended,Pharma / Med Devices,Health Care,"Pharmaceuticals, Biotechnology",Adj,Dec,EPS,CY2027,5.257,4.227,-19.6%,3.792,-10.3%,4.152,+9.5%,5.9,1.4,-21.0%,-15.1%,-15.5%,+15.7%
BHC,Extended,Pharma / Med Devices,Health Care,"Pharmaceuticals, Biotechnology",Adj,Dec,EPS,CY2028,,3.627,,3.202,-11.7%,3.33,+4.0%,5.9,1.8,,-15.1%,-15.5%,+15.7%
TEVA,Extended,Pharma / Med Devices,Health Care,"Pharmaceuticals, Biotechnology",Adj,Dec,EPS,CY2025,2.574,2.58,+0.2%,2.607,+1.0%,2.607,+0.0%,32.4,12.4,+1.3%,+3.8%,+2.0%,+137.4%
TEVA,Extended,Pharma / Med Devices,Health Care,"Pharmaceuticals, Biotechnology",Adj,Dec,EPS,CY2026,2.719,2.785,+2.4%,2.766,-0.7%,2.706,-2.2%,32.4,12.0,-0.5%,+3.8%,+2.0%,+137.4%
TEVA,Extended,Pharma / Med Devices,Health Care,"Pharmaceuticals, Biotechnology",Adj,Dec,EPS,CY2027,3.001,3.236,+7.8%,3.117,-3.7%,3.137,+0.6%,32.4,10.3,+4.5%,+3.8%,+2.0%,+137.4%
TEVA,Extended,Pharma / Med Devices,Health Care,"Pharmaceuticals, Biotechnology",Adj,Dec,EPS,CY2028,3.368,3.498,+3.9%,3.407,-2.6%,3.423,+0.5%,32.4,9.5,+1.6%,+3.8%,+2.0%,+137.4%
BMY,Extended,Pharma / Med Devices,Health Care,"Pharmaceuticals, Biotechnology",Adj,Dec,EPS,CY2025,6.743,6.345,-5.9%,6.323,-0.3%,6.016,-4.9%,60.17,10.0,-10.8%,+11.5%,+8.9%,+22.2%
BMY,Extended,Pharma / Med Devices,Health Care,"Pharmaceuticals, Biotechnology",Adj,Dec,EPS,CY2026,6.069,6.024,-0.7%,6.029,+0.1%,6.261,+3.8%,60.17,9.6,+3.2%,+11.5%,+8.9%,+22.2%
BMY,Extended,Pharma / Med Devices,Health Care,"Pharmaceuticals, Biotechnology",Adj,Dec,EPS,CY2027,6.043,5.833,-3.5%,5.803,-0.5%,6.113,+5.3%,60.17,9.8,+1.2%,+11.5%,+8.9%,+22.2%
BMY,Extended,Pharma / Med Devices,Health Care,"Pharmaceuticals, Biotechnology",Adj,Dec,EPS,CY2028,5.775,5.517,-4.5%,5.369,-2.7%,5.396,+0.5%,60.17,11.2,-6.6%,+11.5%,+8.9%,+22.2%
ALGN,Extended,Pharma / Med Devices,Health Care,Health Care Equipment & Servic,Adj,Dec,EPS,CY2025,9.959,10.055,+1.0%,10.183,+1.3%,10.185,+0.0%,190.07,18.7,+2.3%,+21.7%,+10.8%,+10.9%
ALGN,Extended,Pharma / Med Devices,Health Care,Health Care Equipment & Servic,Adj,Dec,EPS,CY2026,11.015,10.793,-2.0%,10.966,+1.6%,11.297,+3.0%,190.07,16.8,+2.6%,+21.7%,+10.8%,+10.9%
ALGN,Extended,Pharma / Med Devices,Health Care,Health Care Equipment & Servic,Adj,Dec,EPS,CY2027,12.347,11.71,-5.2%,11.921,+1.8%,12.321,+3.4%,190.07,15.4,-0.2%,+21.7%,+10.8%,+10.9%
ALGN,Extended,Pharma / Med Devices,Health Care,Health Care Equipment & Servic,Adj,Dec,EPS,CY2028,13.773,12.64,-8.2%,13.106,+3.7%,13.612,+3.9%,190.07,14.0,-1.2%,+21.7%,+10.8%,+10.9%
ZBH,Extended,Pharma / Med Devices,Health Care,Health Care Equipment & Servic,Adj,Dec,EPS,CY2025,8.2,8.16,-0.5%,8.172,+0.1%,8.173,+0.0%,94.78,11.6,-0.3%,+5.4%,+8.6%,-3.2%
ZBH,Extended,Pharma / Med Devices,Health Care,Health Care Equipment & Servic,Adj,Dec,EPS,CY2026,8.852,8.595,-2.9%,8.482,-1.3%,8.396,-1.0%,94.78,11.3,-5.2%,+5.4%,+8.6%,-3.2%
ZBH,Extended,Pharma / Med Devices,Health Care,Health Care Equipment & Servic,Adj,Dec,EPS,CY2027,9.525,9.291,-2.5%,8.973,-3.4%,8.999,+0.3%,94.78,10.5,-5.5%,+5.4%,+8.6%,-3.2%
ZBH,Extended,Pharma / Med Devices,Health Care,Health Care Equipment & Servic,Adj,Dec,EPS,CY2028,10.217,9.959,-2.5%,9.722,-2.4%,9.592,-1.3%,94.78,9.9,-6.1%,+5.4%,+8.6%,-3.2%
XRAY,Extended,Pharma / Med Devices,Health Care,Health Care Equipment & Servic,Adj,Dec,EPS,CY2025,1.802,1.879,+4.3%,1.603,-14.7%,1.601,-0.1%,12.51,7.8,-11.2%,+9.4%,+2.5%,-2.5%
XRAY,Extended,Pharma / Med Devices,Health Care,Health Care Equipment & Servic,Adj,Dec,EPS,CY2026,2.014,2.02,+0.3%,1.525,-24.5%,1.429,-6.3%,12.51,8.8,-29.0%,+9.4%,+2.5%,-2.5%
XRAY,Extended,Pharma / Med Devices,Health Care,Health Care Equipment & Servic,Adj,Dec,EPS,CY2027,2.242,2.192,-2.2%,1.729,-21.1%,1.553,-10.2%,12.51,8.1,-30.7%,+9.4%,+2.5%,-2.5%
XRAY,Extended,Pharma / Med Devices,Health Care,Health Care Equipment & Servic,Adj,Dec,EPS,CY2028,2.423,2.493,+2.9%,1.897,-23.9%,1.703,-10.2%,12.51,7.3,-29.7%,+9.4%,+2.5%,-2.5%
SYK,Extended,Pharma / Med Devices,Health Care,Health Care Equipment & Servic,Adj,Dec,EPS,CY2025,13.45,13.496,+0.3%,13.554,+0.4%,13.558,+0.0%,343.32,25.3,+0.8%,-2.3%,-5.6%,-0.9%
SYK,Extended,Pharma / Med Devices,Health Care,Health Care Equipment & Servic,Adj,Dec,EPS,CY2026,14.864,14.945,+0.5%,14.94,-0.0%,14.997,+0.4%,343.32,22.9,+0.9%,-2.3%,-5.6%,-0.9%
SYK,Extended,Pharma / Med Devices,Health Care,Health Care Equipment & Servic,Adj,Dec,EPS,CY2027,16.511,16.72,+1.3%,16.738,+0.1%,16.789,+0.3%,343.32,20.4,+1.7%,-2.3%,-5.6%,-0.9%
SYK,Extended,Pharma / Med Devices,Health Care,Health Care Equipment & Servic,Adj,Dec,EPS,CY2028,18.026,18.403,+2.1%,18.466,+0.3%,18.671,+1.1%,343.32,18.4,+3.6%,-2.3%,-5.6%,-0.9%
GILD,Extended,Pharma / Med Devices,Health Care,"Pharmaceuticals, Biotechnology",Adj,Dec,EPS,CY2025,7.962,7.992,+0.4%,8.143,+1.9%,8.089,-0.7%,137.64,17.0,+1.6%,+12.1%,+10.2%,+31.7%
GILD,Extended,Pharma / Med Devices,Health Care,"Pharmaceuticals, Biotechnology",Adj,Dec,EPS,CY2026,8.369,8.605,+2.8%,8.779,+2.0%,8.547,-2.6%,137.64,16.1,+2.1%,+12.1%,+10.2%,+31.7%
GILD,Extended,Pharma / Med Devices,Health Care,"Pharmaceuticals, Biotechnology",Adj,Dec,EPS,CY2027,8.952,9.367,+4.6%,9.386,+0.2%,9.644,+2.7%,137.64,14.3,+7.7%,+12.1%,+10.2%,+31.7%
GILD,Extended,Pharma / Med Devices,Health Care,"Pharmaceuticals, Biotechnology",Adj,Dec,EPS,CY2028,9.491,10.19,+7.4%,10.079,-1.1%,10.454,+3.7%,137.64,13.2,+10.1%,+12.1%,+10.2%,+31.7%
GRF,Extended,Pharma / Med Devices,Health Care,"Pharmaceuticals, Biotechnology",Adj,Dec,EPS,CY2025,0.789,0.815,+3.3%,0.739,-9.3%,0.736,-0.4%,9.646,13.1,-6.7%,-9.9%,-11.4%,+19.6%
GRF,Extended,Pharma / Med Devices,Health Care,"Pharmaceuticals, Biotechnology",Adj,Dec,EPS,CY2026,1.046,1.004,-4.0%,0.935,-6.9%,0.922,-1.4%,9.646,10.5,-11.9%,-9.9%,-11.4%,+19.6%
GRF,Extended,Pharma / Med Devices,Health Care,"Pharmaceuticals, Biotechnology",Adj,Dec,EPS,CY2027,1.236,1.254,+1.5%,1.21,-3.5%,1.178,-2.6%,9.646,8.2,-4.7%,-9.9%,-11.4%,+19.6%
GRF,Extended,Pharma / Med Devices,Health Care,"Pharmaceuticals, Biotechnology",Adj,Dec,EPS,CY2028,1.423,1.52,+6.8%,1.402,-7.8%,1.359,-3.1%,9.646,7.1,-4.5%,-9.9%,-11.4%,+19.6%
CSL,Extended,Pharma / Med Devices,Health Care,"Pharmaceuticals, Biotechnology",Adj,Jun,EPS,CY2025,6.497,6.534,+0.6%,6.534,+0.0%,6.534,+0.0%,137.13,21.0,+0.6%,-20.6%,-22.3%,-42.7%
CSL,Extended,Pharma / Med Devices,Health Care,"Pharmaceuticals, Biotechnology",Adj,Jun,EPS,CY2026,7.346,7.108,-3.2%,6.976,-1.9%,6.928,-0.7%,137.13,19.8,-5.7%,-20.6%,-22.3%,-42.7%
CSL,Extended,Pharma / Med Devices,Health Care,"Pharmaceuticals, Biotechnology",Adj,Jun,EPS,CY2027,8.466,8.046,-5.0%,7.581,-5.8%,7.351,-3.0%,137.13,18.7,-13.2%,-20.6%,-22.3%,-42.7%
CSL,Extended,Pharma / Med Devices,Health Care,"Pharmaceuticals, Biotechnology",Adj,Jun,EPS,CY2028,9.46,9.02,-4.7%,8.322,-7.7%,7.89,-5.2%,137.13,17.4,-16.6%,-20.6%,-22.3%,-42.7%
PRGO,Extended,Pharma / Med Devices,Health Care,"Pharmaceuticals, Biotechnology",Adj,Dec,EPS,CY2025,2.979,2.986,+0.2%,2.778,-7.0%,2.773,-0.2%,11.8,4.3,-6.9%,-15.2%,-21.5%,-53.4%
PRGO,Extended,Pharma / Med Devices,Health Care,"Pharmaceuticals, Biotechnology",Adj,Dec,EPS,CY2026,3.227,3.132,-2.9%,2.712,-13.4%,2.118,-21.9%,11.8,5.6,-34.4%,-15.2%,-21.5%,-53.4%
PRGO,Extended,Pharma / Med Devices,Health Care,"Pharmaceuticals, Biotechnology",Adj,Dec,EPS,CY2027,3.581,3.378,-5.7%,2.888,-14.5%,2.398,-17.0%,11.8,4.9,-33.0%,-15.2%,-21.5%,-53.4%
PRGO,Extended,Pharma / Med Devices,Health Care,"Pharmaceuticals, Biotechnology",Adj,Dec,EPS,CY2028,,3.683,,2.953,-19.8%,2.775,-6.0%,11.8,4.3,,-15.2%,-21.5%,-53.4%
DXCM,Extended,Pharma / Med Devices,Health Care,Health Care Equipment & Servic,Adj,Dec,EPS,CY2025,2.018,2.047,+1.4%,2.067,+1.0%,2.07,+0.1%,63.98,30.9,+2.6%,-3.6%,-8.0%,-6.7%
DXCM,Extended,Pharma / Med Devices,Health Care,Health Care Equipment & Servic,Adj,Dec,EPS,CY2026,2.483,2.527,+1.8%,2.456,-2.8%,2.486,+1.2%,63.98,25.7,+0.1%,-3.6%,-8.0%,-6.7%
DXCM,Extended,Pharma / Med Devices,Health Care,Health Care Equipment & Servic,Adj,Dec,EPS,CY2027,2.95,3.048,+3.3%,2.966,-2.7%,2.981,+0.5%,63.98,21.5,+1.1%,-3.6%,-8.0%,-6.7%
DXCM,Extended,Pharma / Med Devices,Health Care,Health Care Equipment & Servic,Adj,Dec,EPS,CY2028,3.511,3.701,+5.4%,3.574,-3.4%,3.547,-0.8%,63.98,18.0,+1.0%,-3.6%,-8.0%,-6.7%
PODD,Extended,Pharma / Med Devices,Health Care,Health Care Equipment & Servic,Adj,Dec,EPS,CY2025,4.177,4.663,+11.6%,4.768,+2.3%,4.77,+0.0%,203.73,42.7,+14.2%,-28.3%,-29.2%,-17.5%
PODD,Extended,Pharma / Med Devices,Health Care,Health Care Equipment & Servic,Adj,Dec,EPS,CY2026,5.266,5.817,+10.5%,6.186,+6.3%,6.344,+2.6%,203.73,32.1,+20.5%,-28.3%,-29.2%,-17.5%
PODD,Extended,Pharma / Med Devices,Health Care,Health Care Equipment & Servic,Adj,Dec,EPS,CY2027,6.406,7.285,+13.7%,7.747,+6.3%,8.046,+3.9%,203.73,25.3,+25.6%,-28.3%,-29.2%,-17.5%
PODD,Extended,Pharma / Med Devices,Health Care,Health Care Equipment & Servic,Adj,Dec,EPS,CY2028,7.738,8.735,+12.9%,9.753,+11.7%,10.168,+4.3%,203.73,20.0,+31.4%,-28.3%,-29.2%,-17.5%
MASI,Extended,Pharma / Med Devices,Health Care,Health Care Equipment & Servic,Adj,Dec,EPS,CY2025,5.253,5.148,-2.0%,5.512,+7.1%,5.33,-3.3%,178.39,33.5,+1.5%,+37.2%,+25.6%,+17.2%
MASI,Extended,Pharma / Med Devices,Health Care,Health Care Equipment & Servic,Adj,Dec,EPS,CY2026,5.888,5.693,-3.3%,5.897,+3.6%,5.857,-0.7%,178.39,30.5,-0.5%,+37.2%,+25.6%,+17.2%
MASI,Extended,Pharma / Med Devices,Health Care,Health Care Equipment & Servic,Adj,Dec,EPS,CY2027,6.569,6.508,-0.9%,6.523,+0.2%,6.527,+0.1%,178.39,27.3,-0.6%,+37.2%,+25.6%,+17.2%
MASI,Extended,Pharma / Med Devices,Health Care,Health Care Equipment & Servic,Adj,Dec,EPS,CY2028,,6.94,,7.395,+6.6%,7.93,+7.2%,178.39,22.5,,+37.2%,+25.6%,+17.2%
UTHR,Extended,Pharma / Med Devices,Health Care,"Pharmaceuticals, Biotechnology",Adj,Dec,EPS,CY2025,28.063,27.342,-2.6%,27.994,+2.4%,27.958,-0.1%,588.38,21.0,-0.4%,+20.8%,+26.6%,+106.6%
UTHR,Extended,Pharma / Med Devices,Health Care,"Pharmaceuticals, Biotechnology",Adj,Dec,EPS,CY2026,28.642,29.36,+2.5%,29.398,+0.1%,29.83,+1.5%,588.38,19.7,+4.1%,+20.8%,+26.6%,+106.6%
UTHR,Extended,Pharma / Med Devices,Health Care,"Pharmaceuticals, Biotechnology",Adj,Dec,EPS,CY2027,30.18,31.118,+3.1%,31.575,+1.5%,33.38,+5.7%,588.38,17.6,+10.6%,+20.8%,+26.6%,+106.6%
UTHR,Extended,Pharma / Med Devices,Health Care,"Pharmaceuticals, Biotechnology",Adj,Dec,EPS,CY2028,39.113,38.596,-1.3%,37.475,-2.9%,40.481,+8.0%,588.38,14.5,+3.5%,+20.8%,+26.6%,+106.6%
HOLX,Extended,Pharma / Med Devices,Health Care,Health Care Equipment & Servic,Adj,Sep,EPS,CY2025,4.255,4.242,-0.3%,4.239,-0.1%,4.239,+0.0%,76.01,17.9,-0.4%,+2.0%,+1.4%,+32.1%
HOLX,Extended,Pharma / Med Devices,Health Care,Health Care Equipment & Servic,Adj,Sep,EPS,CY2026,4.615,4.511,-2.3%,4.546,+0.8%,4.488,-1.3%,76.01,16.9,-2.8%,+2.0%,+1.4%,+32.1%
HOLX,Extended,Pharma / Med Devices,Health Care,Health Care Equipment & Servic,Adj,Sep,EPS,CY2027,5.022,4.966,-1.1%,5.013,+0.9%,4.913,-2.0%,76.01,15.5,-2.2%,+2.0%,+1.4%,+32.1%
HOLX,Extended,Pharma / Med Devices,Health Care,Health Care Equipment & Servic,Adj,Sep,EPS,CY2028,5.434,5.39,-0.8%,5.473,+1.5%,5.323,-2.7%,76.01,14.3,-2.0%,+2.0%,+1.4%,+32.1%
MDT,Extended,Pharma / Med Devices,Health Care,Health Care Equipment & Servic,Adj,Apr,EPS,CY2025,5.454,5.455,+0.0%,5.455,+0.0%,5.455,+0.0%,86.19,15.8,+0.0%,-10.3%,-10.9%,+4.3%
MDT,Extended,Pharma / Med Devices,Health Care,Health Care Equipment & Servic,Adj,Apr,EPS,CY2026,5.833,5.626,-3.5%,5.645,+0.3%,5.577,-1.2%,86.19,15.5,-4.4%,-10.3%,-10.9%,+4.3%
MDT,Extended,Pharma / Med Devices,Health Care,Health Care Equipment & Servic,Adj,Apr,EPS,CY2027,6.274,6.077,-3.1%,6.121,+0.7%,6.07,-0.8%,86.19,14.2,-3.3%,-10.3%,-10.9%,+4.3%
MDT,Extended,Pharma / Med Devices,Health Care,Health Care Equipment & Servic,Adj,Apr,EPS,CY2028,6.725,6.515,-3.1%,6.555,+0.6%,6.528,-0.4%,86.19,13.2,-2.9%,-10.3%,-10.9%,+4.3%
COO,Extended,Pharma / Med Devices,Health Care,Health Care Equipment & Servic,Adj,Oct,EPS,CY2025,3.986,4.096,+2.8%,4.095,-0.0%,4.095,+0.0%,70.06,17.1,+2.7%,-14.5%,-14.9%,-11.9%
COO,Extended,Pharma / Med Devices,Health Care,Health Care Equipment & Servic,Adj,Oct,EPS,CY2026,4.43,4.402,-0.6%,4.517,+2.6%,4.609,+2.0%,70.06,15.2,+4.0%,-14.5%,-14.9%,-11.9%
COO,Extended,Pharma / Med Devices,Health Care,Health Care Equipment & Servic,Adj,Oct,EPS,CY2027,4.912,4.816,-2.0%,4.945,+2.7%,5.019,+1.5%,70.06,14.0,+2.2%,-14.5%,-14.9%,-11.9%
COO,Extended,Pharma / Med Devices,Health Care,Health Care Equipment & Servic,Adj,Oct,EPS,CY2028,5.406,5.336,-1.3%,5.421,+1.6%,5.463,+0.8%,70.06,12.8,+1.1%,-14.5%,-14.9%,-11.9%
ELAN,Extended,Pharma / Med Devices,Health Care,"Pharmaceuticals, Biotechnology",Adj,Dec,EPS,CY2025,0.818,0.896,+9.5%,0.862,-3.8%,0.862,+0.0%,23.68,27.5,+5.4%,+4.6%,-3.5%,+180.6%
ELAN,Extended,Pharma / Med Devices,Health Care,"Pharmaceuticals, Biotechnology",Adj,Dec,EPS,CY2026,0.959,1.004,+4.7%,1.034,+3.0%,1.035,+0.1%,23.68,22.9,+7.9%,+4.6%,-3.5%,+180.6%
ELAN,Extended,Pharma / Med Devices,Health Care,"Pharmaceuticals, Biotechnology",Adj,Dec,EPS,CY2027,1.092,1.144,+4.8%,1.072,-6.3%,1.175,+9.6%,23.68,20.2,+7.6%,+4.6%,-3.5%,+180.6%
ELAN,Extended,Pharma / Med Devices,Health Care,"Pharmaceuticals, Biotechnology",Adj,Dec,EPS,CY2028,1.291,1.314,+1.8%,1.21,-7.9%,1.333,+10.2%,23.68,17.8,+3.3%,+4.6%,-3.5%,+180.6%
XOM,Extended,Energy,Energy,Energy,GAAP,Dec,EPS,CY2025,6.98,6.832,-2.1%,6.92,+1.3%,6.913,-0.1%,146.44,21.2,-1.0%,+21.7%,+12.7%,+37.0%
XOM,Extended,Energy,Energy,Energy,GAAP,Dec,EPS,CY2026,8.398,7.498,-10.7%,7.163,-4.5%,9.879,+37.9%,146.44,14.8,+17.6%,+21.7%,+12.7%,+37.0%
XOM,Extended,Energy,Energy,Energy,GAAP,Dec,EPS,CY2027,9.965,9.075,-8.9%,8.591,-5.3%,9.97,+16.1%,146.44,14.7,+0.1%,+21.7%,+12.7%,+37.0%
XOM,Extended,Energy,Energy,Energy,GAAP,Dec,EPS,CY2028,10.519,9.852,-6.3%,9.572,-2.8%,10.793,+12.8%,146.44,13.6,+2.6%,+21.7%,+12.7%,+37.0%
CVX,Extended,Energy,Energy,Energy,GAAP,Dec,EPS,CY2025,8.702,7.27,-16.5%,7.143,-1.7%,7.125,-0.3%,183.99,25.8,-18.1%,+20.7%,+10.7%,+33.5%
CVX,Extended,Energy,Energy,Energy,GAAP,Dec,EPS,CY2026,11.197,8.187,-26.9%,7.002,-14.5%,11.636,+66.2%,183.99,15.8,+3.9%,+20.7%,+10.7%,+33.5%
CVX,Extended,Energy,Energy,Energy,GAAP,Dec,EPS,CY2027,12.938,10.216,-21.0%,9.611,-5.9%,11.706,+21.8%,183.99,15.7,-9.5%,+20.7%,+10.7%,+33.5%
CVX,Extended,Energy,Energy,Energy,GAAP,Dec,EPS,CY2028,13.595,10.987,-19.2%,11.116,+1.2%,12.347,+11.1%,183.99,14.9,-9.2%,+20.7%,+10.7%,+33.5%
PSX,Extended,Energy,Energy,Energy,Adj,Dec,EPS,CY2025,4.921,5.672,+15.3%,6.304,+11.1%,6.149,-2.5%,156.37,25.4,+25.0%,+21.2%,+13.1%,+57.8%
PSX,Extended,Energy,Energy,Energy,Adj,Dec,EPS,CY2026,10.771,11.06,+2.7%,11.399,+3.1%,13.469,+18.2%,156.37,11.6,+25.0%,+21.2%,+13.1%,+57.8%
PSX,Extended,Energy,Energy,Energy,Adj,Dec,EPS,CY2027,11.821,12.037,+1.8%,12.187,+1.2%,14.971,+22.8%,156.37,10.4,+26.6%,+21.2%,+13.1%,+57.8%
PSX,Extended,Energy,Energy,Energy,Adj,Dec,EPS,CY2028,13.104,13.492,+3.0%,13.267,-1.7%,14.515,+9.4%,156.37,10.8,+10.8%,+21.2%,+13.1%,+57.8%
VLO,Extended,Energy,Energy,Energy,Adj,Dec,EPS,CY2025,6.848,8.486,+23.9%,9.916,+16.9%,10.083,+1.7%,223.65,22.2,+47.2%,+37.4%,+21.9%,+103.2%
VLO,Extended,Energy,Energy,Energy,Adj,Dec,EPS,CY2026,10.613,11.601,+9.3%,12.252,+5.6%,21.326,+74.1%,223.65,10.5,+100.9%,+37.4%,+21.9%,+103.2%
VLO,Extended,Energy,Energy,Energy,Adj,Dec,EPS,CY2027,12.969,12.141,-6.4%,12.478,+2.8%,17.936,+43.7%,223.65,12.5,+38.3%,+37.4%,+21.9%,+103.2%
VLO,Extended,Energy,Energy,Energy,Adj,Dec,EPS,CY2028,14.05,12.407,-11.7%,12.703,+2.4%,16.111,+26.8%,223.65,13.9,+14.7%,+37.4%,+21.9%,+103.2%
MPC,Extended,Energy,Energy,Energy,Adj,Dec,EPS,CY2025,6.976,9.992,+43.2%,9.949,-0.4%,9.713,-2.4%,213.69,22.0,+39.2%,+31.4%,+21.7%,+67.3%
MPC,Extended,Energy,Energy,Energy,Adj,Dec,EPS,CY2026,11.659,13.414,+15.1%,13.234,-1.3%,21.071,+59.2%,213.69,10.1,+80.7%,+31.4%,+21.7%,+67.3%
MPC,Extended,Energy,Energy,Energy,Adj,Dec,EPS,CY2027,13.45,13.587,+1.0%,13.355,-1.7%,19.077,+42.8%,213.69,11.2,+41.8%,+31.4%,+21.7%,+67.3%
MPC,Extended,Energy,Energy,Energy,Adj,Dec,EPS,CY2028,14.21,14.685,+3.3%,14.706,+0.1%,17.603,+19.7%,213.69,12.1,+23.9%,+31.4%,+21.7%,+67.3%
KMI,Extended,Energy,Energy,Energy,Adj,Dec,EPS,CY2025,1.27,1.277,+0.6%,1.277,+0.0%,1.276,-0.1%,32.02,25.1,+0.5%,+16.5%,+14.5%,+18.2%
KMI,Extended,Energy,Energy,Energy,Adj,Dec,EPS,CY2026,1.341,1.343,+0.1%,1.355,+0.9%,1.38,+1.8%,32.02,23.2,+2.9%,+16.5%,+14.5%,+18.2%
KMI,Extended,Energy,Energy,Energy,Adj,Dec,EPS,CY2027,1.457,1.459,+0.1%,1.459,+0.0%,1.452,-0.5%,32.02,22.1,-0.3%,+16.5%,+14.5%,+18.2%
KMI,Extended,Energy,Energy,Energy,Adj,Dec,EPS,CY2028,1.538,1.6,+4.0%,1.504,-6.0%,1.561,+3.8%,32.02,20.5,+1.5%,+16.5%,+14.5%,+18.2%
HAL,Extended,Energy,Energy,Energy,Adj,Dec,EPS,CY2025,2.6,2.094,-19.5%,2.264,+8.1%,2.265,+0.0%,37.15,16.4,-12.9%,+31.5%,+14.1%,+64.9%
HAL,Extended,Energy,Energy,Energy,Adj,Dec,EPS,CY2026,2.911,2.099,-27.9%,2.202,+4.9%,2.214,+0.5%,37.15,16.8,-23.9%,+31.5%,+14.1%,+64.9%
HAL,Extended,Energy,Energy,Energy,Adj,Dec,EPS,CY2027,3.199,2.475,-22.6%,2.632,+6.3%,2.747,+4.4%,37.15,13.5,-14.1%,+31.5%,+14.1%,+64.9%
HAL,Extended,Energy,Energy,Energy,Adj,Dec,EPS,CY2028,3.467,2.794,-19.4%,3.083,+10.3%,3.235,+4.9%,37.15,11.5,-6.7%,+31.5%,+14.1%,+64.9%
LNG,Extended,Energy,Energy,Energy,Adj,Dec,EPS,CY2025,12.219,14.641,+19.8%,17.566,+20.0%,17.54,-0.1%,251.07,14.3,+43.5%,+29.2%,+21.5%,+8.5%
LNG,Extended,Energy,Energy,Energy,Adj,Dec,EPS,CY2026,14.199,14.517,+2.2%,14.196,-2.2%,14.9,+5.0%,251.07,16.9,+4.9%,+29.2%,+21.5%,+8.5%
LNG,Extended,Energy,Energy,Energy,Adj,Dec,EPS,CY2027,14.346,14.258,-0.6%,13.888,-2.6%,16.582,+19.4%,251.07,15.1,+15.6%,+29.2%,+21.5%,+8.5%
LNG,Extended,Energy,Energy,Energy,Adj,Dec,EPS,CY2028,14.287,14.562,+1.9%,14.81,+1.7%,16.468,+11.2%,251.07,15.2,+15.3%,+29.2%,+21.5%,+8.5%
OII,Extended,Energy,Energy,Energy,Adj,Dec,EPS,CY2025,1.598,1.77,+10.8%,1.83,+3.4%,1.743,-4.8%,37.45,21.5,+9.1%,+55.8%,+37.3%,+109.2%
OII,Extended,Energy,Energy,Energy,Adj,Dec,EPS,CY2026,1.754,1.73,-1.4%,1.73,+0.0%,1.824,+5.4%,37.45,20.5,+4.0%,+55.8%,+37.3%,+109.2%
OII,Extended,Energy,Energy,Energy,Adj,Dec,EPS,CY2027,2.0,1.97,-1.5%,2.045,+3.8%,2.1,+2.7%,37.45,17.8,+5.0%,+55.8%,+37.3%,+109.2%
OII,Extended,Energy,Energy,Energy,Adj,Dec,EPS,CY2028,2.41,2.34,-2.9%,2.58,+10.3%,2.43,-5.8%,37.45,15.4,+0.8%,+55.8%,+37.3%,+109.2%
NOV,Extended,Energy,Energy,Energy,Adj,Dec,EPS,CY2025,1.344,1.012,-24.7%,0.938,-7.3%,0.937,-0.1%,19.1,20.4,-30.3%,+22.2%,+6.1%,+55.1%
NOV,Extended,Energy,Energy,Energy,Adj,Dec,EPS,CY2026,1.546,1.07,-30.8%,1.138,+6.4%,0.894,-21.4%,19.1,21.4,-42.2%,+22.2%,+6.1%,+55.1%
NOV,Extended,Energy,Energy,Energy,Adj,Dec,EPS,CY2027,1.652,1.284,-22.3%,1.361,+6.0%,1.341,-1.5%,19.1,14.2,-18.8%,+22.2%,+6.1%,+55.1%
NOV,Extended,Energy,Energy,Energy,Adj,Dec,EPS,CY2028,1.87,1.405,-24.9%,1.52,+8.2%,1.628,+7.1%,19.1,11.7,-12.9%,+22.2%,+6.1%,+55.1%
AR,Extended,Energy,Energy,Energy,Adj,Dec,EPS,CY2025,3.392,1.974,-41.8%,1.816,-8.0%,1.809,-0.4%,36.68,20.3,-46.7%,+6.4%,+13.4%,+6.6%
AR,Extended,Energy,Energy,Energy,Adj,Dec,EPS,CY2026,3.95,3.181,-19.5%,3.474,+9.2%,4.182,+20.4%,36.68,8.8,+5.9%,+6.4%,+13.4%,+6.6%
AR,Extended,Energy,Energy,Energy,Adj,Dec,EPS,CY2027,3.711,3.595,-3.1%,4.31,+19.9%,4.608,+6.9%,36.68,8.0,+24.2%,+6.4%,+13.4%,+6.6%
AR,Extended,Energy,Energy,Energy,Adj,Dec,EPS,CY2028,3.317,3.429,+3.4%,4.664,+36.0%,5.141,+10.2%,36.68,7.1,+55.0%,+6.4%,+13.4%,+6.6%
SLB,Extended,Energy,Energy,Energy,Adj,Dec,EPS,CY2025,3.343,2.86,-14.4%,2.866,+0.2%,2.866,+0.0%,52.66,18.4,-14.3%,+37.2%,+12.7%,+50.0%
SLB,Extended,Energy,Energy,Energy,Adj,Dec,EPS,CY2026,3.63,2.953,-18.7%,2.916,-1.3%,2.726,-6.5%,52.66,19.3,-24.9%,+37.2%,+12.7%,+50.0%
SLB,Extended,Energy,Energy,Energy,Adj,Dec,EPS,CY2027,4.005,3.333,-16.8%,3.327,-0.2%,3.347,+0.6%,52.66,15.7,-16.4%,+37.2%,+12.7%,+50.0%
SLB,Extended,Energy,Energy,Energy,Adj,Dec,EPS,CY2028,4.366,3.654,-16.3%,3.711,+1.6%,3.813,+2.7%,52.66,13.8,-12.7%,+37.2%,+12.7%,+50.0%
CLB,Extended,Energy,Energy,Energy,Adj,Dec,EPS,CY2025,0.783,0.75,-4.2%,0.813,+8.4%,0.813,+0.0%,16.5,20.3,+3.8%,+2.9%,-15.1%,+30.7%
CLB,Extended,Energy,Energy,Energy,Adj,Dec,EPS,CY2026,0.985,0.813,-17.5%,0.807,-0.7%,0.668,-17.2%,16.5,24.7,-32.2%,+2.9%,-15.1%,+30.7%
CLB,Extended,Energy,Energy,Energy,Adj,Dec,EPS,CY2027,1.215,1.01,-16.9%,0.9,-10.9%,0.836,-7.1%,16.5,19.7,-31.2%,+2.9%,-15.1%,+30.7%
CLB,Extended,Energy,Energy,Energy,Adj,Dec,EPS,CY2028,,,,,,,,16.5,,,+2.9%,-15.1%,+30.7%
KO,Extended,Cons. staples,Consumer Staples,"Food, Beverage & Tobacco",GAAP,Dec,EPS,CY2025,2.959,2.977,+0.6%,2.989,+0.4%,2.99,+0.0%,75.74,25.3,+1.0%,+8.3%,+7.5%,+3.8%
KO,Extended,Cons. staples,Consumer Staples,"Food, Beverage & Tobacco",GAAP,Dec,EPS,CY2026,3.19,3.186,-0.1%,3.223,+1.2%,3.227,+0.1%,75.74,23.5,+1.2%,+8.3%,+7.5%,+3.8%
KO,Extended,Cons. staples,Consumer Staples,"Food, Beverage & Tobacco",GAAP,Dec,EPS,CY2027,3.434,3.412,-0.6%,3.439,+0.8%,3.453,+0.4%,75.74,21.9,+0.6%,+8.3%,+7.5%,+3.8%
KO,Extended,Cons. staples,Consumer Staples,"Food, Beverage & Tobacco",GAAP,Dec,EPS,CY2028,3.69,3.69,+0.0%,3.694,+0.1%,3.682,-0.3%,75.74,20.6,-0.2%,+8.3%,+7.5%,+3.8%
PEP,Extended,Cons. staples,Consumer Staples,"Food, Beverage & Tobacco",GAAP,Dec,EPS,CY2025,7.994,6.271,-21.6%,6.297,+0.4%,6.297,+0.0%,157.67,25.0,-21.2%,+9.9%,+7.8%,+10.4%
PEP,Extended,Cons. staples,Consumer Staples,"Food, Beverage & Tobacco",GAAP,Dec,EPS,CY2026,8.558,8.337,-2.6%,8.181,-1.9%,8.215,+0.4%,157.67,19.2,-4.0%,+9.9%,+7.8%,+10.4%
PEP,Extended,Cons. staples,Consumer Staples,"Food, Beverage & Tobacco",GAAP,Dec,EPS,CY2027,8.975,8.656,-3.6%,8.522,-1.5%,8.72,+2.3%,157.67,18.1,-2.8%,+9.9%,+7.8%,+10.4%
PEP,Extended,Cons. staples,Consumer Staples,"Food, Beverage & Tobacco",GAAP,Dec,EPS,CY2028,9.31,9.145,-1.8%,9.115,-0.3%,9.09,-0.3%,157.67,17.3,-2.4%,+9.9%,+7.8%,+10.4%
ABI,Extended,Cons. staples,Consumer Staples,"Food, Beverage & Tobacco",Adj,Dec,EPS,CY2025,3.668,3.686,+0.5%,3.671,-0.4%,3.672,+0.0%,64.58,17.6,+0.1%,+17.6%,+9.3%,+11.8%
ABI,Extended,Cons. staples,Consumer Staples,"Food, Beverage & Tobacco",Adj,Dec,EPS,CY2026,4.129,4.162,+0.8%,4.15,-0.3%,4.251,+2.4%,64.58,15.2,+3.0%,+17.6%,+9.3%,+11.8%
ABI,Extended,Cons. staples,Consumer Staples,"Food, Beverage & Tobacco",Adj,Dec,EPS,CY2027,4.634,4.66,+0.6%,4.7,+0.9%,4.731,+0.7%,64.58,13.7,+2.1%,+17.6%,+9.3%,+11.8%
ABI,Extended,Cons. staples,Consumer Staples,"Food, Beverage & Tobacco",Adj,Dec,EPS,CY2028,5.455,5.319,-2.5%,5.326,+0.1%,5.298,-0.5%,64.58,12.2,-2.9%,+17.6%,+9.3%,+11.8%
TAP,Extended,Cons. staples,Consumer Staples,"Food, Beverage & Tobacco",Adj,Dec,EPS,CY2025,6.326,5.414,-14.4%,5.382,-0.6%,5.36,-0.4%,44.59,8.3,-15.3%,-4.5%,-8.9%,-24.1%
TAP,Extended,Cons. staples,Consumer Staples,"Food, Beverage & Tobacco",Adj,Dec,EPS,CY2026,6.715,5.68,-15.4%,5.524,-2.7%,4.712,-14.7%,44.59,9.5,-29.8%,-4.5%,-8.9%,-24.1%
TAP,Extended,Cons. staples,Consumer Staples,"Food, Beverage & Tobacco",Adj,Dec,EPS,CY2027,7.058,5.957,-15.6%,5.732,-3.8%,5.01,-12.6%,44.59,8.9,-29.0%,-4.5%,-8.9%,-24.1%
TAP,Extended,Cons. staples,Consumer Staples,"Food, Beverage & Tobacco",Adj,Dec,EPS,CY2028,7.381,6.156,-16.6%,6.081,-1.2%,5.367,-11.7%,44.59,8.3,-27.3%,-4.5%,-8.9%,-24.1%
STZ,Extended,Cons. staples,Consumer Staples,"Food, Beverage & Tobacco",Adj,Feb,EPS,CY2025,12.817,11.537,-10.0%,11.61,+0.6%,11.638,+0.2%,162.28,13.9,-9.2%,+17.6%,+3.6%,-13.0%
STZ,Extended,Cons. staples,Consumer Staples,"Food, Beverage & Tobacco",Adj,Feb,EPS,CY2026,14.107,12.423,-11.9%,12.38,-0.3%,11.84,-4.4%,162.28,13.7,-16.1%,+17.6%,+3.6%,-13.0%
STZ,Extended,Cons. staples,Consumer Staples,"Food, Beverage & Tobacco",Adj,Feb,EPS,CY2027,15.132,13.073,-13.6%,13.019,-0.4%,12.424,-4.6%,162.28,13.1,-17.9%,+17.6%,+3.6%,-13.0%
STZ,Extended,Cons. staples,Consumer Staples,"Food, Beverage & Tobacco",Adj,Feb,EPS,CY2028,17.309,14.052,-18.8%,13.884,-1.2%,13.079,-5.8%,162.28,12.4,-24.4%,+17.6%,+3.6%,-13.0%
MNST,Extended,Cons. staples,Consumer Staples,"Food, Beverage & Tobacco",Adj,Dec,EPS,CY2025,1.834,1.91,+4.1%,1.99,+4.2%,1.998,+0.4%,76.72,38.4,+8.9%,+0.1%,-1.9%,+31.3%
MNST,Extended,Cons. staples,Consumer Staples,"Food, Beverage & Tobacco",Adj,Dec,EPS,CY2026,2.042,2.137,+4.7%,2.253,+5.4%,2.254,+0.0%,76.72,34.0,+10.4%,+0.1%,-1.9%,+31.3%
MNST,Extended,Cons. staples,Consumer Staples,"Food, Beverage & Tobacco",Adj,Dec,EPS,CY2027,2.27,2.369,+4.4%,2.528,+6.7%,2.54,+0.5%,76.72,30.2,+11.9%,+0.1%,-1.9%,+31.3%
MNST,Extended,Cons. staples,Consumer Staples,"Food, Beverage & Tobacco",Adj,Dec,EPS,CY2028,2.563,2.688,+4.9%,2.851,+6.1%,2.868,+0.6%,76.72,26.8,+11.9%,+0.1%,-1.9%,+31.3%
OR,Extended,Cons. staples,Consumer Staples,Household & Personal Products,Adj,Dec,EPS,CY2025,13.118,12.83,-2.2%,12.812,-0.1%,12.862,+0.4%,356.75,27.7,-2.0%,-2.7%,-7.3%,+4.4%
OR,Extended,Cons. staples,Consumer Staples,Household & Personal Products,Adj,Dec,EPS,CY2026,14.213,13.853,-2.5%,13.716,-1.0%,13.622,-0.7%,356.75,26.2,-4.2%,-2.7%,-7.3%,+4.4%
OR,Extended,Cons. staples,Consumer Staples,Household & Personal Products,Adj,Dec,EPS,CY2027,15.281,14.754,-3.4%,14.731,-0.2%,14.734,+0.0%,356.75,24.2,-3.6%,-2.7%,-7.3%,+4.4%
OR,Extended,Cons. staples,Consumer Staples,Household & Personal Products,Adj,Dec,EPS,CY2028,16.255,15.678,-3.5%,15.739,+0.4%,15.882,+0.9%,356.75,22.5,-2.3%,-2.7%,-7.3%,+4.4%
EL,Extended,Cons. staples,Consumer Staples,Household & Personal Products,Adj,Jun,EPS,CY2025,1.396,1.478,+5.9%,1.478,+0.0%,1.478,+0.0%,76.2,51.6,+5.9%,-27.2%,-33.8%,+39.9%
EL,Extended,Cons. staples,Consumer Staples,Household & Personal Products,Adj,Jun,EPS,CY2026,2.3,2.053,-10.7%,2.157,+5.1%,2.215,+2.7%,76.2,34.4,-3.7%,-27.2%,-33.8%,+39.9%
EL,Extended,Cons. staples,Consumer Staples,Household & Personal Products,Adj,Jun,EPS,CY2027,3.035,2.918,-3.9%,3.002,+2.9%,3.013,+0.4%,76.2,25.3,-0.7%,-27.2%,-33.8%,+39.9%
EL,Extended,Cons. staples,Consumer Staples,Household & Personal Products,Adj,Jun,EPS,CY2028,3.73,3.755,+0.7%,3.729,-0.7%,3.661,-1.8%,76.2,20.8,-1.8%,-27.2%,-33.8%,+39.9%
NESN,Extended,Cons. staples,Consumer Staples,"Food, Beverage & Tobacco",GAAP,Dec,EPS,CY2025,4.088,3.949,-3.4%,3.974,+0.6%,3.974,+0.0%,79.02,19.9,-2.8%,+0.4%,+5.0%,-10.2%
NESN,Extended,Cons. staples,Consumer Staples,"Food, Beverage & Tobacco",GAAP,Dec,EPS,CY2026,4.437,4.151,-6.4%,4.116,-0.8%,3.949,-4.1%,79.02,20.0,-11.0%,+0.4%,+5.0%,-10.2%
NESN,Extended,Cons. staples,Consumer Staples,"Food, Beverage & Tobacco",GAAP,Dec,EPS,CY2027,4.769,4.457,-6.5%,4.416,-0.9%,4.238,-4.0%,79.02,18.6,-11.1%,+0.4%,+5.0%,-10.2%
NESN,Extended,Cons. staples,Consumer Staples,"Food, Beverage & Tobacco",GAAP,Dec,EPS,CY2028,5.143,4.843,-5.8%,4.759,-1.7%,4.595,-3.4%,79.02,17.2,-10.7%,+0.4%,+5.0%,-10.2%
PG,Extended,Cons. staples,Consumer Staples,Household & Personal Products,GAAP,Jun,EPS,CY2025,6.647,6.431,-3.2%,6.431,+0.0%,6.431,+0.0%,146.93,22.8,-3.2%,+2.5%,+1.7%,-13.9%
PG,Extended,Cons. staples,Consumer Staples,Household & Personal Products,GAAP,Jun,EPS,CY2026,7.313,6.876,-6.0%,6.942,+1.0%,6.782,-2.3%,146.93,21.7,-7.3%,+2.5%,+1.7%,-13.9%
PG,Extended,Cons. staples,Consumer Staples,Household & Personal Products,GAAP,Jun,EPS,CY2027,7.81,7.216,-7.6%,7.22,+0.1%,7.182,-0.5%,146.93,20.5,-8.0%,+2.5%,+1.7%,-13.9%
PG,Extended,Cons. staples,Consumer Staples,Household & Personal Products,GAAP,Jun,EPS,CY2028,8.348,7.6,-9.0%,7.645,+0.6%,7.593,-0.7%,146.93,19.4,-9.0%,+2.5%,+1.7%,-13.9%
UNA,Extended,Cons. staples,Consumer Staples,Household & Personal Products,Adj,Dec,EPS,CY2025,3.498,3.374,-3.5%,2.991,-11.4%,3.009,+0.6%,49.75,16.5,-14.0%,-10.7%,-9.5%,-17.1%
UNA,Extended,Cons. staples,Consumer Staples,Household & Personal Products,Adj,Dec,EPS,CY2026,3.712,3.545,-4.5%,3.171,-10.6%,3.177,+0.2%,49.75,15.7,-14.4%,-10.7%,-9.5%,-17.1%
UNA,Extended,Cons. staples,Consumer Staples,Household & Personal Products,Adj,Dec,EPS,CY2027,3.927,3.801,-3.2%,3.304,-13.1%,3.335,+0.9%,49.75,14.9,-15.1%,-10.7%,-9.5%,-17.1%
UNA,Extended,Cons. staples,Consumer Staples,Household & Personal Products,Adj,Dec,EPS,CY2028,4.353,4.107,-5.7%,3.523,-14.2%,3.584,+1.7%,49.75,13.9,-17.7%,-10.7%,-9.5%,-17.1%
MDLZ,Extended,Cons. staples,Consumer Staples,"Food, Beverage & Tobacco",Adj,Dec,EPS,CY2025,2.908,3.015,+3.7%,2.894,-4.0%,2.892,-0.1%,57.25,19.8,-0.6%,+6.4%,+0.0%,-15.0%
MDLZ,Extended,Cons. staples,Consumer Staples,"Food, Beverage & Tobacco",Adj,Dec,EPS,CY2026,3.229,3.289,+1.9%,3.145,-4.4%,3.027,-3.8%,57.25,18.9,-6.3%,+6.4%,+0.0%,-15.0%
MDLZ,Extended,Cons. staples,Consumer Staples,"Food, Beverage & Tobacco",Adj,Dec,EPS,CY2027,3.553,3.612,+1.7%,3.449,-4.5%,3.364,-2.5%,57.25,17.0,-5.3%,+6.4%,+0.0%,-15.0%
MDLZ,Extended,Cons. staples,Consumer Staples,"Food, Beverage & Tobacco",Adj,Dec,EPS,CY2028,4.033,3.963,-1.7%,3.791,-4.3%,3.641,-4.0%,57.25,15.7,-9.7%,+6.4%,+0.0%,-15.0%
MKC,Extended,Cons. staples,Consumer Staples,"Food, Beverage & Tobacco",Adj,Nov,EPS,CY2025,3.048,3.019,-1.0%,3.018,-0.0%,3.018,+0.0%,54.33,18.0,-1.0%,-20.2%,-19.0%,-27.9%
MKC,Extended,Cons. staples,Consumer Staples,"Food, Beverage & Tobacco",Adj,Nov,EPS,CY2026,3.313,3.198,-3.5%,3.227,+0.9%,3.093,-4.2%,54.33,17.6,-6.6%,-20.2%,-19.0%,-27.9%
MKC,Extended,Cons. staples,Consumer Staples,"Food, Beverage & Tobacco",Adj,Nov,EPS,CY2027,3.6,3.476,-3.4%,3.53,+1.6%,3.353,-5.0%,54.33,16.2,-6.9%,-20.2%,-19.0%,-27.9%
MKC,Extended,Cons. staples,Consumer Staples,"Food, Beverage & Tobacco",Adj,Nov,EPS,CY2028,4.02,3.776,-6.1%,3.956,+4.8%,3.642,-7.9%,54.33,14.9,-9.4%,-20.2%,-19.0%,-27.9%
GIS,Extended,Cons. staples,Consumer Staples,"Food, Beverage & Tobacco",Adj,May,EPS,CY2025,4.192,4.187,-0.1%,4.187,+0.0%,4.187,+0.0%,35.5,8.5,-0.1%,-23.7%,-20.2%,-38.3%
GIS,Extended,Cons. staples,Consumer Staples,"Food, Beverage & Tobacco",Adj,May,EPS,CY2026,4.07,3.651,-10.3%,3.658,+0.2%,3.424,-6.4%,35.5,10.4,-15.9%,-23.7%,-20.2%,-38.3%
GIS,Extended,Cons. staples,Consumer Staples,"Food, Beverage & Tobacco",Adj,May,EPS,CY2027,4.287,3.787,-11.7%,3.729,-1.5%,3.289,-11.8%,35.5,10.8,-23.3%,-23.7%,-20.2%,-38.3%
GIS,Extended,Cons. staples,Consumer Staples,"Food, Beverage & Tobacco",Adj,May,EPS,CY2028,4.672,4.013,-14.1%,3.937,-1.9%,3.43,-12.9%,35.5,10.3,-26.6%,-23.7%,-20.2%,-38.3%
CPB,Extended,Cons. staples,Consumer Staples,"Food, Beverage & Tobacco",Adj,Jul,EPS,CY2025,2.985,2.929,-1.9%,2.929,+0.0%,2.929,+0.0%,20.99,7.2,-1.9%,-24.7%,-19.5%,-44.1%
CPB,Extended,Cons. staples,Consumer Staples,"Food, Beverage & Tobacco",Adj,Jul,EPS,CY2026,3.098,2.475,-20.1%,2.436,-1.6%,2.189,-10.1%,20.99,9.6,-29.3%,-24.7%,-19.5%,-44.1%
CPB,Extended,Cons. staples,Consumer Staples,"Food, Beverage & Tobacco",Adj,Jul,EPS,CY2027,3.329,2.661,-20.1%,2.592,-2.6%,2.216,-14.5%,20.99,9.5,-33.4%,-24.7%,-19.5%,-44.1%
CPB,Extended,Cons. staples,Consumer Staples,"Food, Beverage & Tobacco",Adj,Jul,EPS,CY2028,3.637,2.878,-20.9%,2.801,-2.7%,2.431,-13.2%,20.99,8.6,-33.2%,-24.7%,-19.5%,-44.1%
HSY,Extended,Cons. staples,Consumer Staples,"Food, Beverage & Tobacco",Adj,Dec,EPS,CY2025,6.09,5.956,-2.2%,5.993,+0.6%,6.0,+0.1%,192.63,32.1,-1.5%,+5.9%,-2.6%,+15.6%
HSY,Extended,Cons. staples,Consumer Staples,"Food, Beverage & Tobacco",Adj,Dec,EPS,CY2026,6.648,6.9,+3.8%,6.989,+1.3%,8.396,+20.1%,192.63,22.9,+26.3%,+5.9%,-2.6%,+15.6%
HSY,Extended,Cons. staples,Consumer Staples,"Food, Beverage & Tobacco",Adj,Dec,EPS,CY2027,7.547,8.096,+7.3%,8.183,+1.1%,9.859,+20.5%,192.63,19.5,+30.6%,+5.9%,-2.6%,+15.6%
HSY,Extended,Cons. staples,Consumer Staples,"Food, Beverage & Tobacco",Adj,Dec,EPS,CY2028,8.578,9.111,+6.2%,8.908,-2.2%,10.624,+19.3%,192.63,18.1,+23.9%,+5.9%,-2.6%,+15.6%
ENR,Extended,Cons. staples,Consumer Staples,Household & Personal Products,Adj,Sep,EPS,CY2025,3.549,3.601,+1.5%,3.593,-0.2%,3.593,+0.0%,20.48,5.7,+1.2%,+3.0%,-1.0%,-23.4%
ENR,Extended,Cons. staples,Consumer Staples,Household & Personal Products,Adj,Sep,EPS,CY2026,3.77,3.758,-0.3%,3.419,-9.0%,3.334,-2.5%,20.48,6.1,-11.6%,+3.0%,-1.0%,-23.4%
ENR,Extended,Cons. staples,Consumer Staples,Household & Personal Products,Adj,Sep,EPS,CY2027,3.963,4.023,+1.5%,3.796,-5.6%,3.696,-2.6%,20.48,5.5,-6.7%,+3.0%,-1.0%,-23.4%
ENR,Extended,Cons. staples,Consumer Staples,Household & Personal Products,Adj,Sep,EPS,CY2028,4.11,4.237,+3.1%,3.982,-6.0%,3.871,-2.8%,20.48,5.3,-5.8%,+3.0%,-1.0%,-23.4%
NWL,Extended,Cons. staples,Consumer Discretionary,Consumer Durables & Apparel,Adj,Dec,EPS,CY2025,0.679,0.676,-0.4%,0.57,-15.7%,0.576,+1.1%,4.33,7.5,-15.2%,+16.4%,+2.6%,-7.9%
NWL,Extended,Cons. staples,Consumer Discretionary,Consumer Durables & Apparel,Adj,Dec,EPS,CY2026,0.759,0.735,-3.2%,0.577,-21.5%,0.563,-2.4%,4.33,7.7,-25.8%,+16.4%,+2.6%,-7.9%
NWL,Extended,Cons. staples,Consumer Discretionary,Consumer Durables & Apparel,Adj,Dec,EPS,CY2027,0.838,0.854,+1.9%,0.679,-20.5%,0.659,-2.9%,4.33,6.6,-21.4%,+16.4%,+2.6%,-7.9%
NWL,Extended,Cons. staples,Consumer Discretionary,Consumer Durables & Apparel,Adj,Dec,EPS,CY2028,0.64,0.935,+46.1%,0.81,-13.4%,0.774,-4.4%,4.33,5.6,+20.9%,+16.4%,+2.6%,-7.9%
HRL,Extended,Cons. staples,Consumer Staples,"Food, Beverage & Tobacco",Adj,Oct,EPS,CY2025,1.608,1.438,-10.6%,1.364,-5.1%,1.364,+0.0%,21.19,15.5,-15.2%,-10.6%,-12.5%,-30.7%
HRL,Extended,Cons. staples,Consumer Staples,"Food, Beverage & Tobacco",Adj,Oct,EPS,CY2026,1.776,1.547,-12.9%,1.453,-6.1%,1.449,-0.3%,21.19,14.6,-18.4%,-10.6%,-12.5%,-30.7%
HRL,Extended,Cons. staples,Consumer Staples,"Food, Beverage & Tobacco",Adj,Oct,EPS,CY2027,1.9,1.699,-10.6%,1.565,-7.9%,1.556,-0.6%,21.19,13.6,-18.1%,-10.6%,-12.5%,-30.7%
HRL,Extended,Cons. staples,Consumer Staples,"Food, Beverage & Tobacco",Adj,Oct,EPS,CY2028,2.125,1.843,-13.3%,1.653,-10.3%,1.653,+0.0%,21.19,12.8,-22.2%,-10.6%,-12.5%,-30.7%
HLF,Extended,Cons. staples,Consumer Staples,Household & Personal Products,Adj,Dec,EPS,CY2025,1.977,2.09,+5.7%,2.022,-3.3%,2.032,+0.5%,17.02,8.4,+2.8%,+32.0%,+0.3%,+164.3%
HLF,Extended,Cons. staples,Consumer Staples,Household & Personal Products,Adj,Dec,EPS,CY2026,2.448,2.503,+2.2%,2.568,+2.6%,2.493,-2.9%,17.02,6.8,+1.8%,+32.0%,+0.3%,+164.3%
HLF,Extended,Cons. staples,Consumer Staples,Household & Personal Products,Adj,Dec,EPS,CY2027,,3.11,,3.05,-1.9%,3.004,-1.5%,17.02,5.7,,+32.0%,+0.3%,+164.3%
HLF,Extended,Cons. staples,Consumer Staples,Household & Personal Products,Adj,Dec,EPS,CY2028,,2.97,,3.39,+14.1%,3.08,-9.1%,17.02,5.5,,+32.0%,+0.3%,+164.3%
IFF,Extended,Cons. staples,Materials,Materials,Adj,Dec,EPS,CY2025,4.221,4.239,+0.4%,4.254,+0.4%,4.245,-0.2%,75.88,17.9,+0.6%,+12.6%,+5.9%,+4.7%
IFF,Extended,Cons. staples,Materials,Materials,Adj,Dec,EPS,CY2026,4.484,4.411,-1.6%,4.451,+0.9%,4.427,-0.5%,75.88,17.1,-1.3%,+12.6%,+5.9%,+4.7%
IFF,Extended,Cons. staples,Materials,Materials,Adj,Dec,EPS,CY2027,4.939,4.791,-3.0%,4.809,+0.4%,4.78,-0.6%,75.88,15.9,-3.2%,+12.6%,+5.9%,+4.7%
IFF,Extended,Cons. staples,Materials,Materials,Adj,Dec,EPS,CY2028,5.32,5.276,-0.8%,5.163,-2.1%,5.182,+0.4%,75.88,14.6,-2.6%,+12.6%,+5.9%,+4.7%
KHC,Extended,Cons. staples,Consumer Staples,"Food, Beverage & Tobacco",Adj,Dec,EPS,CY2025,2.675,2.582,-3.5%,2.53,-2.0%,2.53,+0.0%,22.47,8.9,-5.4%,-7.3%,-4.5%,-23.7%
KHC,Extended,Cons. staples,Consumer Staples,"Food, Beverage & Tobacco",Adj,Dec,EPS,CY2026,2.788,2.645,-5.1%,2.505,-5.3%,2.063,-17.6%,22.47,10.9,-26.0%,-7.3%,-4.5%,-23.7%
KHC,Extended,Cons. staples,Consumer Staples,"Food, Beverage & Tobacco",Adj,Dec,EPS,CY2027,2.914,2.779,-4.6%,2.584,-7.0%,2.146,-17.0%,22.47,10.5,-26.4%,-7.3%,-4.5%,-23.7%
KHC,Extended,Cons. staples,Consumer Staples,"Food, Beverage & Tobacco",Adj,Dec,EPS,CY2028,3.253,2.995,-7.9%,2.788,-6.9%,2.269,-18.6%,22.47,9.9,-30.2%,-7.3%,-4.5%,-23.7%
BATS,Extended,Cons. staples,Consumer Staples,"Food, Beverage & Tobacco",Adj,Dec,EPS,CY2025,3.476,3.392,-2.4%,3.383,-0.3%,3.395,+0.4%,4142.0,12.2,-2.3%,-1.7%,-4.3%,+30.9%
BATS,Extended,Cons. staples,Consumer Staples,"Food, Beverage & Tobacco",Adj,Dec,EPS,CY2026,3.739,3.617,-3.3%,3.592,-0.7%,3.622,+0.8%,4142.0,11.4,-3.1%,-1.7%,-4.3%,+30.9%
BATS,Extended,Cons. staples,Consumer Staples,"Food, Beverage & Tobacco",Adj,Dec,EPS,CY2027,4.011,3.86,-3.8%,3.845,-0.4%,3.882,+1.0%,4142.0,10.7,-3.2%,-1.7%,-4.3%,+30.9%
BATS,Extended,Cons. staples,Consumer Staples,"Food, Beverage & Tobacco",Adj,Dec,EPS,CY2028,,4.241,,4.227,-0.3%,4.172,-1.3%,4142.0,9.9,,-1.7%,-4.3%,+30.9%
POST,Extended,Cons. staples,Consumer Staples,"Food, Beverage & Tobacco",Adj,Sep,EPS,CY2025,6.404,7.017,+9.6%,7.048,+0.4%,7.048,+0.0%,101.59,14.4,+10.1%,+2.6%,+2.3%,-11.7%
POST,Extended,Cons. staples,Consumer Staples,"Food, Beverage & Tobacco",Adj,Sep,EPS,CY2026,7.363,7.787,+5.8%,7.069,-9.2%,7.404,+4.7%,101.59,13.7,+0.6%,+2.6%,+2.3%,-11.7%
POST,Extended,Cons. staples,Consumer Staples,"Food, Beverage & Tobacco",Adj,Sep,EPS,CY2027,7.983,8.854,+10.9%,8.409,-5.0%,8.221,-2.2%,101.59,12.4,+3.0%,+2.6%,+2.3%,-11.7%
POST,Extended,Cons. staples,Consumer Staples,"Food, Beverage & Tobacco",Adj,Sep,EPS,CY2028,,10.74,,9.664,-10.0%,9.417,-2.6%,101.59,10.8,,+2.6%,+2.3%,-11.7%
DGE,Extended,Cons. staples,Consumer Staples,"Food, Beverage & Tobacco",Adj,Jun,EPS,CY2025,1.615,1.609,-0.4%,1.609,+0.0%,1.609,+0.0%,1520.2,9.4,-0.4%,-5.2%,-8.2%,-26.6%
DGE,Extended,Cons. staples,Consumer Staples,"Food, Beverage & Tobacco",Adj,Jun,EPS,CY2026,1.712,1.689,-1.3%,1.614,-4.4%,1.603,-0.7%,1520.2,9.5,-6.4%,-5.2%,-8.2%,-26.6%
DGE,Extended,Cons. staples,Consumer Staples,"Food, Beverage & Tobacco",Adj,Jun,EPS,CY2027,1.836,1.81,-1.4%,1.68,-7.2%,1.616,-3.8%,1520.2,9.4,-12.0%,-5.2%,-8.2%,-26.6%
DGE,Extended,Cons. staples,Consumer Staples,"Food, Beverage & Tobacco",Adj,Jun,EPS,CY2028,2.005,1.938,-3.3%,1.797,-7.3%,1.73,-3.7%,1520.2,8.8,-13.7%,-5.2%,-8.2%,-26.6%
SGI,Extended,Bedding / furniture / household goods,Consumer Discretionary,Consumer Durables & Apparel,Adj,Dec,EPS,CY2025,2.772,2.558,-7.7%,2.69,+5.2%,2.693,+0.1%,85.01,31.6,-2.8%,-4.8%,-9.6%,+42.0%
SGI,Extended,Bedding / furniture / household goods,Consumer Discretionary,Consumer Durables & Apparel,Adj,Dec,EPS,CY2026,3.363,3.159,-6.1%,3.333,+5.5%,3.257,-2.3%,85.01,26.1,-3.2%,-4.8%,-9.6%,+42.0%
SGI,Extended,Bedding / furniture / household goods,Consumer Discretionary,Consumer Durables & Apparel,Adj,Dec,EPS,CY2027,3.6,3.806,+5.7%,4.034,+6.0%,4.04,+0.1%,85.01,21.0,+12.2%,-4.8%,-9.6%,+42.0%
SGI,Extended,Bedding / furniture / household goods,Consumer Discretionary,Consumer Durables & Apparel,Adj,Dec,EPS,CY2028,4.62,4.6,-0.4%,4.8,+4.3%,5.004,+4.2%,85.01,17.0,+8.3%,-4.8%,-9.6%,+42.0%
WSM,Extended,Bedding / furniture / household goods,Consumer Discretionary,Consumer Discretionary Distrib,Adj,Jan,EPS,CY2025,8.471,8.613,+1.7%,8.74,+1.5%,8.742,+0.0%,198.69,22.7,+3.2%,+11.3%,-6.1%,+42.7%
WSM,Extended,Bedding / furniture / household goods,Consumer Discretionary,Consumer Discretionary Distrib,Adj,Jan,EPS,CY2026,9.135,9.14,+0.1%,9.134,-0.1%,9.362,+2.5%,198.69,21.2,+2.5%,+11.3%,-6.1%,+42.7%
WSM,Extended,Bedding / furniture / household goods,Consumer Discretionary,Consumer Discretionary Distrib,Adj,Jan,EPS,CY2027,9.84,9.953,+1.1%,9.964,+0.1%,10.135,+1.7%,198.69,19.6,+3.0%,+11.3%,-6.1%,+42.7%
WSM,Extended,Bedding / furniture / household goods,Consumer Discretionary,Consumer Discretionary Distrib,Adj,Jan,EPS,CY2028,10.66,10.908,+2.3%,10.876,-0.3%,11.15,+2.5%,198.69,17.8,+4.6%,+11.3%,-6.1%,+42.7%
RH,Extended,Bedding / furniture / household goods,Consumer Discretionary,Consumer Discretionary Distrib,Adj,Jan,EPS,CY2025,10.006,8.963,-10.4%,7.08,-21.0%,7.069,-0.2%,141.04,20.0,-29.4%,-21.3%,-39.4%,-12.5%
RH,Extended,Bedding / furniture / household goods,Consumer Discretionary,Consumer Discretionary Distrib,Adj,Jan,EPS,CY2026,14.713,12.675,-13.9%,10.202,-19.5%,5.343,-47.6%,141.04,26.4,-63.7%,-21.3%,-39.4%,-12.5%
RH,Extended,Bedding / furniture / household goods,Consumer Discretionary,Consumer Discretionary Distrib,Adj,Jan,EPS,CY2027,19.086,17.306,-9.3%,14.018,-19.0%,9.583,-31.6%,141.04,14.7,-49.8%,-21.3%,-39.4%,-12.5%
RH,Extended,Bedding / furniture / household goods,Consumer Discretionary,Consumer Discretionary Distrib,Adj,Jan,EPS,CY2028,26.837,24.553,-8.5%,20.718,-15.6%,13.627,-34.2%,141.04,10.4,-49.2%,-21.3%,-39.4%,-12.5%
WHR,Extended,Bedding / furniture / household goods,Consumer Discretionary,Consumer Durables & Apparel,Adj,Dec,EPS,CY2025,9.433,6.421,-31.9%,6.671,+3.9%,6.664,-0.1%,56.83,8.5,-29.4%,-21.2%,-34.8%,-27.9%
WHR,Extended,Bedding / furniture / household goods,Consumer Discretionary,Consumer Durables & Apparel,Adj,Dec,EPS,CY2026,11.488,8.122,-29.3%,7.161,-11.8%,5.471,-23.6%,56.83,10.4,-52.4%,-21.2%,-34.8%,-27.9%
WHR,Extended,Bedding / furniture / household goods,Consumer Discretionary,Consumer Durables & Apparel,Adj,Dec,EPS,CY2027,11.722,10.048,-14.3%,8.973,-10.7%,6.578,-26.7%,56.83,8.6,-43.9%,-21.2%,-34.8%,-27.9%
WHR,Extended,Bedding / furniture / household goods,Consumer Discretionary,Consumer Durables & Apparel,Adj,Dec,EPS,CY2028,,16.78,,16.78,+0.0%,7.76,-53.8%,56.83,7.3,,-21.2%,-34.8%,-27.9%
SNBR,Extended,Bedding / furniture / household goods,Consumer Discretionary,Consumer Discretionary Distrib,Adj,Dec,EPS,CY2025,-0.52,-0.962,-85.0%,-2.883,-199.7%,-3.763,-30.5%,2.53,-0.7,-623.7%,-70.1%,-78.3%,-52.1%
SNBR,Extended,Bedding / furniture / household goods,Consumer Discretionary,Consumer Discretionary Distrib,Adj,Dec,EPS,CY2026,0.158,0.46,+191.1%,-0.847,-284.1%,-0.482,+43.1%,2.53,-5.2,-405.1%,-70.1%,-78.3%,-52.1%
SNBR,Extended,Bedding / furniture / household goods,Consumer Discretionary,Consumer Discretionary Distrib,Adj,Dec,EPS,CY2027,,1.003,,0.293,-70.8%,0.341,+16.4%,2.53,7.4,,-70.1%,-78.3%,-52.1%
SNBR,Extended,Bedding / furniture / household goods,Consumer Discretionary,Consumer Discretionary Distrib,Adj,Dec,EPS,CY2028,,1.16,,0.07,-94.0%,0.59,+742.9%,2.53,4.3,,-70.1%,-78.3%,-52.1%
HVT,Extended,Bedding / furniture / household goods,Consumer Discretionary,Consumer Discretionary Distrib,Adj,Dec,EPS,CY2025,,1.125,,1.155,+2.7%,1.155,+0.0%,23.28,20.2,,-0.3%,-11.6%,+31.5%
HVT,Extended,Bedding / furniture / household goods,Consumer Discretionary,Consumer Discretionary Distrib,Adj,Dec,EPS,CY2026,,2.445,,2.09,-14.5%,1.875,-10.3%,23.28,12.4,,-0.3%,-11.6%,+31.5%
HVT,Extended,Bedding / furniture / household goods,Consumer Discretionary,Consumer Discretionary Distrib,Adj,Dec,EPS,CY2027,,,,3.19,,2.775,-13.0%,23.28,8.4,,-0.3%,-11.6%,+31.5%
HVT,Extended,Bedding / furniture / household goods,Consumer Discretionary,Consumer Discretionary Distrib,Adj,Dec,EPS,CY2028,,,,,,,,23.28,,,-0.3%,-11.6%,+31.5%
LEG,Extended,Bedding / furniture / household goods,Consumer Discretionary,Consumer Durables & Apparel,Adj,Dec,EPS,CY2025,1.084,1.054,-2.8%,1.048,-0.6%,1.048,+0.0%,12.03,11.5,-3.3%,+9.4%,-4.1%,+75.1%
LEG,Extended,Bedding / furniture / household goods,Consumer Discretionary,Consumer Durables & Apparel,Adj,Dec,EPS,CY2026,1.158,1.116,-3.6%,1.082,-3.0%,1.076,-0.6%,12.03,11.2,-7.1%,+9.4%,-4.1%,+75.1%
LEG,Extended,Bedding / furniture / household goods,Consumer Discretionary,Consumer Durables & Apparel,Adj,Dec,EPS,CY2027,1.278,1.205,-5.7%,1.168,-3.1%,1.178,+0.9%,12.03,10.2,-7.8%,+9.4%,-4.1%,+75.1%
LEG,Extended,Bedding / furniture / household goods,Consumer Discretionary,Consumer Durables & Apparel,Adj,Dec,EPS,CY2028,,1.45,,1.37,-5.5%,1.32,-3.6%,12.03,9.1,,+9.4%,-4.1%,+75.1%
CULP,Extended,Bedding / furniture / household goods,Consumer Discretionary,Consumer Durables & Apparel,Adj,Apr,EPS,CY2025,-1.5,-0.98,+34.7%,-0.98,+0.0%,-0.98,+0.0%,3.07,-3.1,+34.7%,-13.8%,-20.7%,-19.4%
CULP,Extended,Bedding / furniture / household goods,Consumer Discretionary,Consumer Durables & Apparel,Adj,Apr,EPS,CY2026,0.14,-0.52,-471.4%,-0.52,+0.0%,-0.94,-80.8%,3.07,-3.3,-771.4%,-13.8%,-20.7%,-19.4%
CULP,Extended,Bedding / furniture / household goods,Consumer Discretionary,Consumer Durables & Apparel,Adj,Apr,EPS,CY2027,0.36,-0.002,-100.6%,-0.002,+0.0%,-0.15,-7400.0%,3.07,-20.5,-141.7%,-13.8%,-20.7%,-19.4%
CULP,Extended,Bedding / furniture / household goods,Consumer Discretionary,Consumer Durables & Apparel,Adj,Apr,EPS,CY2028,0.62,0.62,+0.0%,0.62,+0.0%,0.62,+0.0%,3.07,5.0,+0.0%,-13.8%,-20.7%,-19.4%
AWI,Extended,Bedding / furniture / household goods,Industrials,Capital Goods,Adj,Dec,EPS,CY2025,6.861,7.299,+6.4%,7.478,+2.5%,7.478,+0.0%,179.52,24.0,+9.0%,-6.1%,-8.5%,+33.9%
AWI,Extended,Bedding / furniture / household goods,Industrials,Capital Goods,Adj,Dec,EPS,CY2026,7.698,8.348,+8.4%,8.434,+1.0%,8.302,-1.6%,179.52,21.6,+7.8%,-6.1%,-8.5%,+33.9%
AWI,Extended,Bedding / furniture / household goods,Industrials,Capital Goods,Adj,Dec,EPS,CY2027,8.72,9.337,+7.1%,9.43,+1.0%,9.267,-1.7%,179.52,19.4,+6.3%,-6.1%,-8.5%,+33.9%
AWI,Extended,Bedding / furniture / household goods,Industrials,Capital Goods,Adj,Dec,EPS,CY2028,,,,,,10.453,,179.52,17.2,,-6.1%,-8.5%,+33.9%
REZI,Extended,Bedding / furniture / household goods,Industrials,Capital Goods,Adj,Dec,EPS,CY2025,2.193,-0.81,-136.9%,2.65,+427.2%,2.65,+0.0%,40.28,15.2,+20.8%,+14.7%,+6.3%,+155.4%
REZI,Extended,Bedding / furniture / household goods,Industrials,Capital Goods,Adj,Dec,EPS,CY2026,2.44,2.575,+5.5%,2.925,+13.6%,3.08,+5.3%,40.28,13.1,+26.2%,+14.7%,+6.3%,+155.4%
REZI,Extended,Bedding / furniture / household goods,Industrials,Capital Goods,Adj,Dec,EPS,CY2027,2.55,3.19,+25.1%,3.14,-1.6%,3.325,+5.9%,40.28,12.1,+30.4%,+14.7%,+6.3%,+155.4%
REZI,Extended,Bedding / furniture / household goods,Industrials,Capital Goods,Adj,Dec,EPS,CY2028,,,,,,3.57,,40.28,11.3,,+14.7%,+6.3%,+155.4%
INVH,Extended,Bedding / furniture / household goods,Real Estate,Equity Real Estate Investment,Adj,Dec,EPS,CY2025,0.792,0.847,+6.9%,0.915,+8.0%,0.893,-2.4%,27.03,30.3,+12.8%,-2.7%,-2.2%,-19.6%
INVH,Extended,Bedding / furniture / household goods,Real Estate,Equity Real Estate Investment,Adj,Dec,EPS,CY2026,0.866,0.816,-5.8%,0.869,+6.5%,0.712,-18.1%,27.03,38.0,-17.8%,-2.7%,-2.2%,-19.6%
INVH,Extended,Bedding / furniture / household goods,Real Estate,Equity Real Estate Investment,Adj,Dec,EPS,CY2027,0.954,0.865,-9.3%,0.821,-5.1%,0.748,-8.9%,27.03,36.1,-21.6%,-2.7%,-2.2%,-19.6%
INVH,Extended,Bedding / furniture / household goods,Real Estate,Equity Real Estate Investment,Adj,Dec,EPS,CY2028,0.852,0.872,+2.3%,0.815,-6.5%,0.778,-4.5%,27.03,34.7,-8.7%,-2.7%,-2.2%,-19.6%
AMH,Extended,Bedding / furniture / household goods,Real Estate,Equity Real Estate Investment,Adj,Dec,EPS,CY2025,0.666,1.048,+57.4%,1.053,+0.5%,1.05,-0.3%,30.69,29.2,+57.7%,-4.4%,-5.2%,-16.7%
AMH,Extended,Bedding / furniture / household goods,Real Estate,Equity Real Estate Investment,Adj,Dec,EPS,CY2026,0.716,0.973,+35.9%,0.855,-12.1%,0.818,-4.3%,30.69,37.5,+14.2%,-4.4%,-5.2%,-16.7%
AMH,Extended,Bedding / furniture / household goods,Real Estate,Equity Real Estate Investment,Adj,Dec,EPS,CY2027,0.744,0.861,+15.7%,0.816,-5.2%,0.82,+0.5%,30.69,37.4,+10.2%,-4.4%,-5.2%,-16.7%
AMH,Extended,Bedding / furniture / household goods,Real Estate,Equity Real Estate Investment,Adj,Dec,EPS,CY2028,0.927,0.933,+0.6%,0.668,-28.4%,0.746,+11.7%,30.69,41.1,-19.5%,-4.4%,-5.2%,-16.7%
HON,Extended,Industrial / Cyclical,Industrials,Capital Goods,Adj,Dec,EPS,CY2025,10.397,10.55,+1.5%,10.125,-4.0%,9.994,-1.3%,233.55,23.4,-3.9%,+19.7%,+6.5%,+26.1%
HON,Extended,Industrial / Cyclical,Industrials,Capital Goods,Adj,Dec,EPS,CY2026,11.395,11.338,-0.5%,10.494,-7.4%,10.5,+0.1%,233.55,22.2,-7.9%,+19.7%,+6.5%,+26.1%
HON,Extended,Industrial / Cyclical,Industrials,Capital Goods,Adj,Dec,EPS,CY2027,12.568,12.312,-2.0%,11.463,-6.9%,11.467,+0.0%,233.55,20.4,-8.8%,+19.7%,+6.5%,+26.1%
HON,Extended,Industrial / Cyclical,Industrials,Capital Goods,Adj,Dec,EPS,CY2028,13.376,13.214,-1.2%,12.745,-3.5%,12.582,-1.3%,233.55,18.6,-5.9%,+19.7%,+6.5%,+26.1%
GEV,Extended,Industrial / Cyclical,Industrials,Capital Goods,GAAP,Dec,EPS,CY2025,7.179,8.004,+11.5%,7.637,-4.6%,7.637,+0.0%,1002.75,131.3,+6.4%,+53.4%,+47.1%,+209.9%
GEV,Extended,Industrial / Cyclical,Industrials,Capital Goods,GAAP,Dec,EPS,CY2026,11.39,12.669,+11.2%,13.89,+9.6%,14.413,+3.8%,1002.75,69.6,+26.5%,+53.4%,+47.1%,+209.9%
GEV,Extended,Industrial / Cyclical,Industrials,Capital Goods,GAAP,Dec,EPS,CY2027,15.832,18.012,+13.8%,21.297,+18.2%,21.956,+3.1%,1002.75,45.7,+38.7%,+53.4%,+47.1%,+209.9%
GEV,Extended,Industrial / Cyclical,Industrials,Capital Goods,GAAP,Dec,EPS,CY2028,19.787,23.472,+18.6%,28.75,+22.5%,30.087,+4.7%,1002.75,33.3,+52.1%,+53.4%,+47.1%,+209.9%
ETN,Extended,Industrial / Cyclical,Industrials,Capital Goods,Adj,Dec,EPS,CY2025,12.026,12.104,+0.6%,12.069,-0.3%,12.063,-0.0%,406.21,33.7,+0.3%,+27.5%,+18.2%,+51.4%
ETN,Extended,Industrial / Cyclical,Industrials,Capital Goods,Adj,Dec,EPS,CY2026,13.49,13.753,+1.9%,13.517,-1.7%,13.259,-1.9%,406.21,30.6,-1.7%,+27.5%,+18.2%,+51.4%
ETN,Extended,Industrial / Cyclical,Industrials,Capital Goods,Adj,Dec,EPS,CY2027,14.913,15.457,+3.6%,15.458,+0.0%,15.308,-1.0%,406.21,26.5,+2.6%,+27.5%,+18.2%,+51.4%
ETN,Extended,Industrial / Cyclical,Industrials,Capital Goods,Adj,Dec,EPS,CY2028,16.584,17.726,+6.9%,17.948,+1.3%,17.451,-2.8%,406.21,23.3,+5.2%,+27.5%,+18.2%,+51.4%
PH,Extended,Industrial / Cyclical,Industrials,Capital Goods,Adj,Jun,EPS,CY2025,26.727,26.732,+0.0%,26.732,+0.0%,26.732,+0.0%,988.8,37.0,+0.0%,+12.5%,+4.7%,+76.3%
PH,Extended,Industrial / Cyclical,Industrials,Capital Goods,Adj,Jun,EPS,CY2026,29.002,29.106,+0.4%,30.336,+4.2%,30.991,+2.2%,988.8,31.9,+6.9%,+12.5%,+4.7%,+76.3%
PH,Extended,Industrial / Cyclical,Industrials,Capital Goods,Adj,Jun,EPS,CY2027,31.445,31.792,+1.1%,33.282,+4.7%,33.881,+1.8%,988.8,29.2,+7.7%,+12.5%,+4.7%,+76.3%
PH,Extended,Industrial / Cyclical,Industrials,Capital Goods,Adj,Jun,EPS,CY2028,33.723,34.315,+1.8%,36.471,+6.3%,37.154,+1.9%,988.8,26.6,+10.2%,+12.5%,+4.7%,+76.3%
ROP,Extended,Industrial / Cyclical,Information Technology,Software & Services,Adj,Dec,EPS,CY2025,19.954,20.003,+0.2%,19.944,-0.3%,19.944,+0.0%,362.44,18.2,-0.1%,-18.6%,-12.9%,-35.0%
ROP,Extended,Industrial / Cyclical,Information Technology,Software & Services,Adj,Dec,EPS,CY2026,21.584,21.872,+1.3%,21.681,-0.9%,21.506,-0.8%,362.44,16.9,-0.4%,-18.6%,-12.9%,-35.0%
ROP,Extended,Industrial / Cyclical,Information Technology,Software & Services,Adj,Dec,EPS,CY2027,24.494,23.91,-2.4%,23.73,-0.8%,23.35,-1.6%,362.44,15.5,-4.7%,-18.6%,-12.9%,-35.0%
ROP,Extended,Industrial / Cyclical,Information Technology,Software & Services,Adj,Dec,EPS,CY2028,27.53,26.982,-2.0%,26.937,-0.2%,25.856,-4.0%,362.44,14.0,-6.1%,-18.6%,-12.9%,-35.0%
AME,Extended,Industrial / Cyclical,Industrials,Capital Goods,Adj,Dec,EPS,CY2025,7.082,7.184,+1.4%,7.361,+2.5%,7.36,-0.0%,236.26,32.1,+3.9%,+15.1%,+9.6%,+49.7%
AME,Extended,Industrial / Cyclical,Industrials,Capital Goods,Adj,Dec,EPS,CY2026,7.668,7.801,+1.7%,7.985,+2.4%,8.059,+0.9%,236.26,29.3,+5.1%,+15.1%,+9.6%,+49.7%
AME,Extended,Industrial / Cyclical,Industrials,Capital Goods,Adj,Dec,EPS,CY2027,8.333,8.427,+1.1%,8.612,+2.2%,8.713,+1.2%,236.26,27.1,+4.6%,+15.1%,+9.6%,+49.7%
AME,Extended,Industrial / Cyclical,Industrials,Capital Goods,Adj,Dec,EPS,CY2028,9.218,9.21,-0.1%,9.452,+2.6%,9.421,-0.3%,236.26,25.1,+2.2%,+15.1%,+9.6%,+49.7%
FTV,Extended,Industrial / Cyclical,Industrials,Capital Goods,Adj,Dec,EPS,CY2025,4.047,2.528,-37.5%,2.649,+4.8%,2.65,+0.0%,60.52,22.8,-34.5%,+9.6%,+10.1%,+22.8%
FTV,Extended,Industrial / Cyclical,Industrials,Capital Goods,Adj,Dec,EPS,CY2026,4.354,2.753,-36.8%,2.856,+3.7%,2.961,+3.7%,60.52,20.4,-32.0%,+9.6%,+10.1%,+22.8%
FTV,Extended,Industrial / Cyclical,Industrials,Capital Goods,Adj,Dec,EPS,CY2027,4.776,3.018,-36.8%,3.096,+2.6%,3.194,+3.2%,60.52,18.9,-33.1%,+9.6%,+10.1%,+22.8%
FTV,Extended,Industrial / Cyclical,Industrials,Capital Goods,Adj,Dec,EPS,CY2028,5.223,3.34,-36.1%,3.452,+3.4%,3.495,+1.2%,60.52,17.3,-33.1%,+9.6%,+10.1%,+22.8%
EMN,Extended,Industrial / Cyclical,Materials,Materials,Adj,Dec,EPS,CY2025,8.346,5.784,-30.7%,5.392,-6.8%,5.392,+0.0%,73.78,13.7,-35.4%,+15.6%,+7.4%,-3.9%
EMN,Extended,Industrial / Cyclical,Materials,Materials,Adj,Dec,EPS,CY2026,9.128,6.783,-25.7%,6.086,-10.3%,5.906,-3.0%,73.78,12.5,-35.3%,+15.6%,+7.4%,-3.9%
EMN,Extended,Industrial / Cyclical,Materials,Materials,Adj,Dec,EPS,CY2027,10.041,7.791,-22.4%,6.963,-10.6%,6.693,-3.9%,73.78,11.0,-33.3%,+15.6%,+7.4%,-3.9%
EMN,Extended,Industrial / Cyclical,Materials,Materials,Adj,Dec,EPS,CY2028,10.766,8.3,-22.9%,7.518,-9.4%,7.558,+0.5%,73.78,9.8,-29.8%,+15.6%,+7.4%,-3.9%
NDSN,Extended,Industrial / Cyclical,Industrials,Capital Goods,Adj,Oct,EPS,CY2025,9.86,10.175,+3.2%,10.134,-0.4%,10.134,+0.0%,281.89,27.8,+2.8%,+17.2%,+3.7%,+55.9%
NDSN,Extended,Industrial / Cyclical,Industrials,Capital Goods,Adj,Oct,EPS,CY2026,10.696,11.095,+3.7%,11.279,+1.7%,11.448,+1.5%,281.89,24.6,+7.0%,+17.2%,+3.7%,+55.9%
NDSN,Extended,Industrial / Cyclical,Industrials,Capital Goods,Adj,Oct,EPS,CY2027,11.7,12.104,+3.5%,12.173,+0.6%,12.336,+1.3%,281.89,22.9,+5.4%,+17.2%,+3.7%,+55.9%
NDSN,Extended,Industrial / Cyclical,Industrials,Capital Goods,Adj,Oct,EPS,CY2028,,13.56,,13.21,-2.6%,13.333,+0.9%,281.89,21.1,,+17.2%,+3.7%,+55.9%
IEX,Extended,Industrial / Cyclical,Industrials,Capital Goods,Adj,Dec,EPS,CY2025,8.119,7.883,-2.9%,7.897,+0.2%,7.894,-0.0%,205.92,26.1,-2.8%,+15.7%,+4.6%,+25.6%
IEX,Extended,Industrial / Cyclical,Industrials,Capital Goods,Adj,Dec,EPS,CY2026,8.846,8.555,-3.3%,8.338,-2.5%,8.262,-0.9%,205.92,24.9,-6.6%,+15.7%,+4.6%,+25.6%
IEX,Extended,Industrial / Cyclical,Industrials,Capital Goods,Adj,Dec,EPS,CY2027,9.2,9.074,-1.4%,9.178,+1.1%,8.998,-2.0%,205.92,22.9,-2.2%,+15.7%,+4.6%,+25.6%
IEX,Extended,Industrial / Cyclical,Industrials,Capital Goods,Adj,Dec,EPS,CY2028,10.035,9.853,-1.8%,9.943,+0.9%,9.989,+0.5%,205.92,20.6,-0.5%,+15.7%,+4.6%,+25.6%
TDY,Extended,Industrial / Cyclical,Information Technology,Technology Hardware & Equipmen,Adj,Dec,EPS,CY2025,21.545,21.495,-0.2%,21.527,+0.1%,21.542,+0.1%,635.83,29.5,-0.0%,+24.5%,+9.3%,+37.6%
TDY,Extended,Industrial / Cyclical,Information Technology,Technology Hardware & Equipmen,Adj,Dec,EPS,CY2026,23.682,23.864,+0.8%,23.597,-1.1%,23.823,+1.0%,635.83,26.7,+0.6%,+24.5%,+9.3%,+37.6%
TDY,Extended,Industrial / Cyclical,Information Technology,Technology Hardware & Equipmen,Adj,Dec,EPS,CY2027,25.356,25.83,+1.9%,25.289,-2.1%,25.728,+1.7%,635.83,24.7,+1.5%,+24.5%,+9.3%,+37.6%
TDY,Extended,Industrial / Cyclical,Information Technology,Technology Hardware & Equipmen,Adj,Dec,EPS,CY2028,,,,,,28.037,,635.83,22.7,,+24.5%,+9.3%,+37.6%
SWK,Extended,Industrial / Cyclical,Industrials,Capital Goods,Adj,Dec,EPS,CY2025,4.819,4.624,-4.0%,4.552,-1.6%,4.552,+0.0%,71.34,15.7,-5.5%,-4.0%,-15.7%,+24.7%
SWK,Extended,Industrial / Cyclical,Industrials,Capital Goods,Adj,Dec,EPS,CY2026,6.007,5.784,-3.7%,5.658,-2.2%,5.238,-7.4%,71.34,13.6,-12.8%,-4.0%,-15.7%,+24.7%
SWK,Extended,Industrial / Cyclical,Industrials,Capital Goods,Adj,Dec,EPS,CY2027,7.107,6.824,-4.0%,6.614,-3.1%,6.279,-5.1%,71.34,11.4,-11.7%,-4.0%,-15.7%,+24.7%
SWK,Extended,Industrial / Cyclical,Industrials,Capital Goods,Adj,Dec,EPS,CY2028,7.398,6.95,-6.1%,7.25,+4.3%,7.03,-3.0%,71.34,10.1,-5.0%,-4.0%,-15.7%,+24.7%
CAT,Extended,Industrial / Cyclical,Industrials,Capital Goods,GAAP,Dec,EPS,CY2025,19.066,17.796,-6.7%,18.295,+2.8%,18.295,+0.0%,794.65,43.4,-4.0%,+38.7%,+22.8%,+170.1%
CAT,Extended,Industrial / Cyclical,Industrials,Capital Goods,GAAP,Dec,EPS,CY2026,21.386,21.602,+1.0%,22.677,+5.0%,23.117,+1.9%,794.65,34.4,+8.1%,+38.7%,+22.8%,+170.1%
CAT,Extended,Industrial / Cyclical,Industrials,Capital Goods,GAAP,Dec,EPS,CY2027,23.733,25.701,+8.3%,27.602,+7.4%,28.077,+1.7%,794.65,28.3,+18.3%,+38.7%,+22.8%,+170.1%
CAT,Extended,Industrial / Cyclical,Industrials,Capital Goods,GAAP,Dec,EPS,CY2028,26.972,30.176,+11.9%,31.703,+5.1%,33.777,+6.5%,794.65,23.5,+25.2%,+38.7%,+22.8%,+170.1%
MMM,Extended,Industrial / Cyclical,Industrials,Capital Goods,Adj,Dec,EPS,CY2025,7.745,7.935,+2.5%,8.033,+1.2%,8.032,-0.0%,154.55,19.2,+3.7%,-3.5%,-7.9%,+18.7%
MMM,Extended,Industrial / Cyclical,Industrials,Capital Goods,Adj,Dec,EPS,CY2026,8.397,8.529,+1.6%,8.639,+1.3%,8.659,+0.2%,154.55,17.8,+3.1%,-3.5%,-7.9%,+18.7%
MMM,Extended,Industrial / Cyclical,Industrials,Capital Goods,Adj,Dec,EPS,CY2027,9.16,9.267,+1.2%,9.391,+1.3%,9.419,+0.3%,154.55,16.4,+2.8%,-3.5%,-7.9%,+18.7%
MMM,Extended,Industrial / Cyclical,Industrials,Capital Goods,Adj,Dec,EPS,CY2028,9.76,10.05,+3.0%,10.146,+1.0%,10.075,-0.7%,154.55,15.3,+3.2%,-3.5%,-7.9%,+18.7%
PPG,Extended,Industrial / Cyclical,Materials,Materials,Adj,Dec,EPS,CY2025,7.804,7.81,+0.1%,7.645,-2.1%,7.645,+0.0%,114.85,15.0,-2.0%,+12.1%,+4.2%,+14.8%
PPG,Extended,Industrial / Cyclical,Materials,Materials,Adj,Dec,EPS,CY2026,8.483,8.49,+0.1%,8.085,-4.8%,7.992,-1.2%,114.85,14.4,-5.8%,+12.1%,+4.2%,+14.8%
PPG,Extended,Industrial / Cyclical,Materials,Materials,Adj,Dec,EPS,CY2027,9.28,9.244,-0.4%,8.784,-5.0%,8.651,-1.5%,114.85,13.3,-6.8%,+12.1%,+4.2%,+14.8%
PPG,Extended,Industrial / Cyclical,Materials,Materials,Adj,Dec,EPS,CY2028,9.712,9.864,+1.6%,9.643,-2.2%,9.45,-2.0%,114.85,12.2,-2.7%,+12.1%,+4.2%,+14.8%
AXTA,Extended,Industrial / Cyclical,Materials,Materials,Adj,Dec,EPS,CY2025,2.497,2.491,-0.2%,2.492,+0.0%,2.491,-0.0%,30.0,12.0,-0.2%,-7.1%,-10.6%,-3.9%
AXTA,Extended,Industrial / Cyclical,Materials,Materials,Adj,Dec,EPS,CY2026,2.781,2.701,-2.9%,2.691,-0.4%,2.571,-4.5%,30.0,11.7,-7.6%,-7.1%,-10.6%,-3.9%
AXTA,Extended,Industrial / Cyclical,Materials,Materials,Adj,Dec,EPS,CY2027,3.081,2.951,-4.2%,2.928,-0.8%,2.808,-4.1%,30.0,10.7,-8.9%,-7.1%,-10.6%,-3.9%
AXTA,Extended,Industrial / Cyclical,Materials,Materials,Adj,Dec,EPS,CY2028,3.123,3.177,+1.7%,3.15,-0.8%,3.017,-4.2%,30.0,9.9,-3.4%,-7.1%,-10.6%,-3.9%
SHW,Extended,Industrial / Cyclical,Materials,Materials,Adj,Dec,EPS,CY2025,11.881,11.295,-4.9%,11.376,+0.7%,11.376,+0.0%,345.55,30.4,-4.3%,+6.6%,-3.4%,+3.7%
SHW,Extended,Industrial / Cyclical,Materials,Materials,Adj,Dec,EPS,CY2026,13.358,12.608,-5.6%,12.42,-1.5%,11.796,-5.0%,345.55,29.3,-11.7%,+6.6%,-3.4%,+3.7%
SHW,Extended,Industrial / Cyclical,Materials,Materials,Adj,Dec,EPS,CY2027,15.079,14.177,-6.0%,13.912,-1.9%,13.324,-4.2%,345.55,25.9,-11.6%,+6.6%,-3.4%,+3.7%
SHW,Extended,Industrial / Cyclical,Materials,Materials,Adj,Dec,EPS,CY2028,16.207,15.29,-5.7%,15.702,+2.7%,15.098,-3.8%,345.55,22.9,-6.8%,+6.6%,-3.4%,+3.7%
AVY,Extended,Industrial / Cyclical,Materials,Materials,Adj,Dec,EPS,CY2025,9.91,9.511,-4.0%,9.495,-0.2%,9.493,-0.0%,172.48,18.2,-4.2%,-5.2%,-8.6%,+1.0%
AVY,Extended,Industrial / Cyclical,Materials,Materials,Adj,Dec,EPS,CY2026,11.036,10.517,-4.7%,10.363,-1.5%,10.124,-2.3%,172.48,17.0,-8.3%,-5.2%,-8.6%,+1.0%
AVY,Extended,Industrial / Cyclical,Materials,Materials,Adj,Dec,EPS,CY2027,12.279,11.638,-5.2%,11.504,-1.2%,11.258,-2.1%,172.48,15.3,-8.3%,-5.2%,-8.6%,+1.0%
AVY,Extended,Industrial / Cyclical,Materials,Materials,Adj,Dec,EPS,CY2028,,12.657,,12.887,+1.8%,12.451,-3.4%,172.48,13.9,,-5.2%,-8.6%,+1.0%
SNA,Extended,Industrial / Cyclical,Industrials,Capital Goods,Adj,Dec,EPS,CY2025,19.307,19.17,-0.7%,19.221,+0.3%,19.186,-0.2%,380.27,19.8,-0.6%,+10.4%,+5.2%,+24.5%
SNA,Extended,Industrial / Cyclical,Industrials,Capital Goods,Adj,Dec,EPS,CY2026,20.643,20.443,-1.0%,20.433,-0.0%,20.073,-1.8%,380.27,18.9,-2.8%,+10.4%,+5.2%,+24.5%
SNA,Extended,Industrial / Cyclical,Industrials,Capital Goods,Adj,Dec,EPS,CY2027,22.28,22.11,-0.8%,22.11,+0.0%,21.33,-3.5%,380.27,17.8,-4.3%,+10.4%,+5.2%,+24.5%
SNA,Extended,Industrial / Cyclical,Industrials,Capital Goods,Adj,Dec,EPS,CY2028,22.71,26.36,+16.1%,26.36,+0.0%,24.42,-7.4%,380.27,15.6,+7.5%,+10.4%,+5.2%,+24.5%
ST,Extended,Industrial / Cyclical,Industrials,Capital Goods,Adj,Dec,EPS,CY2025,3.092,3.352,+8.4%,3.401,+1.5%,3.403,+0.1%,40.67,12.0,+10.1%,+22.2%,+16.0%,+108.9%
ST,Extended,Industrial / Cyclical,Industrials,Capital Goods,Adj,Dec,EPS,CY2026,3.382,3.594,+6.3%,3.639,+1.3%,3.635,-0.1%,40.67,11.2,+7.5%,+22.2%,+16.0%,+108.9%
ST,Extended,Industrial / Cyclical,Industrials,Capital Goods,Adj,Dec,EPS,CY2027,3.666,3.914,+6.8%,3.958,+1.1%,3.922,-0.9%,40.67,10.4,+7.0%,+22.2%,+16.0%,+108.9%
ST,Extended,Industrial / Cyclical,Industrials,Capital Goods,Adj,Dec,EPS,CY2028,,4.13,,4.243,+2.7%,4.288,+1.1%,40.67,9.5,,+22.2%,+16.0%,+108.9%
ZBRA,Extended,Industrial / Cyclical,Information Technology,Technology Hardware & Equipmen,Adj,Dec,EPS,CY2025,15.124,15.648,+3.5%,15.841,+1.2%,15.841,+0.0%,234.43,14.8,+4.7%,-3.5%,-6.7%,+3.4%
ZBRA,Extended,Industrial / Cyclical,Information Technology,Technology Hardware & Equipmen,Adj,Dec,EPS,CY2026,16.923,17.652,+4.3%,17.716,+0.4%,17.857,+0.8%,234.43,13.1,+5.5%,-3.5%,-6.7%,+3.4%
ZBRA,Extended,Industrial / Cyclical,Information Technology,Technology Hardware & Equipmen,Adj,Dec,EPS,CY2027,18.929,20.141,+6.4%,19.785,-1.8%,19.946,+0.8%,234.43,11.8,+5.4%,-3.5%,-6.7%,+3.4%
ZBRA,Extended,Industrial / Cyclical,Information Technology,Technology Hardware & Equipmen,Adj,Dec,EPS,CY2028,21.557,23.592,+9.4%,23.298,-1.2%,22.13,-5.0%,234.43,10.6,+2.7%,-3.5%,-6.7%,+3.4%
LIN,Extended,Industrial / Cyclical,Materials,Materials,GAAP,Dec,EPS,CY2025,15.356,15.349,-0.0%,15.571,+1.4%,15.598,+0.2%,492.23,31.6,+1.6%,+15.4%,+12.1%,+8.9%
LIN,Extended,Industrial / Cyclical,Materials,Materials,GAAP,Dec,EPS,CY2026,16.911,16.601,-1.8%,16.693,+0.6%,16.573,-0.7%,492.23,29.7,-2.0%,+15.4%,+12.1%,+8.9%
LIN,Extended,Industrial / Cyclical,Materials,Materials,GAAP,Dec,EPS,CY2027,18.738,18.574,-0.9%,18.608,+0.2%,18.374,-1.3%,492.23,26.8,-1.9%,+15.4%,+12.1%,+8.9%
LIN,Extended,Industrial / Cyclical,Materials,Materials,GAAP,Dec,EPS,CY2028,20.883,20.696,-0.9%,20.953,+1.2%,20.136,-3.9%,492.23,24.4,-3.6%,+15.4%,+12.1%,+8.9%
APD,Extended,Industrial / Cyclical,Materials,Materials,Adj,Sep,EPS,CY2025,12.54,11.994,-4.4%,11.994,+0.0%,11.994,+0.0%,291.81,24.3,-4.4%,+18.1%,+9.1%,+11.0%
APD,Extended,Industrial / Cyclical,Materials,Materials,Adj,Sep,EPS,CY2026,13.777,12.957,-6.0%,12.983,+0.2%,13.091,+0.8%,291.81,22.3,-5.0%,+18.1%,+9.1%,+11.0%
APD,Extended,Industrial / Cyclical,Materials,Materials,Adj,Sep,EPS,CY2027,15.408,14.003,-9.1%,13.916,-0.6%,14.103,+1.3%,291.81,20.7,-8.5%,+18.1%,+9.1%,+11.0%
APD,Extended,Industrial / Cyclical,Materials,Materials,Adj,Sep,EPS,CY2028,16.853,15.432,-8.4%,15.422,-0.1%,15.404,-0.1%,291.81,18.9,-8.6%,+18.1%,+9.1%,+11.0%
URI,Extended,Industrial / Cyclical,Industrials,Capital Goods,Adj,Dec,EPS,CY2025,44.215,43.535,-1.5%,42.569,-2.2%,42.596,+0.1%,796.15,18.7,-3.7%,-1.6%,-13.6%,+34.6%
URI,Extended,Industrial / Cyclical,Industrials,Capital Goods,Adj,Dec,EPS,CY2026,48.702,48.073,-1.3%,47.327,-1.6%,46.007,-2.8%,796.15,17.3,-5.5%,-1.6%,-13.6%,+34.6%
URI,Extended,Industrial / Cyclical,Industrials,Capital Goods,Adj,Dec,EPS,CY2027,54.631,55.323,+1.3%,53.934,-2.5%,52.53,-2.6%,796.15,15.2,-3.8%,-1.6%,-13.6%,+34.6%
URI,Extended,Industrial / Cyclical,Industrials,Capital Goods,Adj,Dec,EPS,CY2028,60.498,67.854,+12.2%,63.884,-5.9%,60.347,-5.5%,796.15,13.2,-0.2%,-1.6%,-13.6%,+34.6%
WSC,Extended,Industrial / Cyclical,Industrials,Capital Goods,Adj,Dec,EPS,CY2025,1.587,1.185,-25.3%,1.1,-7.2%,1.114,+1.3%,20.23,18.2,-29.8%,+7.4%,-10.1%,-13.3%
WSC,Extended,Industrial / Cyclical,Industrials,Capital Goods,Adj,Dec,EPS,CY2026,1.935,1.456,-24.8%,1.048,-28.0%,1.032,-1.5%,20.23,19.6,-46.7%,+7.4%,-10.1%,-13.3%
WSC,Extended,Industrial / Cyclical,Industrials,Capital Goods,Adj,Dec,EPS,CY2027,2.36,1.865,-21.0%,1.424,-23.6%,1.274,-10.5%,20.23,15.9,-46.0%,+7.4%,-10.1%,-13.3%
WSC,Extended,Industrial / Cyclical,Industrials,Capital Goods,Adj,Dec,EPS,CY2028,2.838,2.253,-20.6%,1.968,-12.6%,1.628,-17.3%,20.23,12.4,-42.6%,+7.4%,-10.1%,-13.3%
FLR,Extended,Industrial / Cyclical,Industrials,Capital Goods,Adj,Dec,EPS,CY2025,2.529,2.06,-18.5%,2.192,+6.4%,2.192,+0.0%,48.56,22.2,-13.3%,+22.5%,+10.4%,+43.0%
FLR,Extended,Industrial / Cyclical,Industrials,Capital Goods,Adj,Dec,EPS,CY2026,2.902,2.357,-18.8%,2.364,+0.3%,2.76,+16.8%,48.56,17.6,-4.9%,+22.5%,+10.4%,+43.0%
FLR,Extended,Industrial / Cyclical,Industrials,Capital Goods,Adj,Dec,EPS,CY2027,3.332,2.706,-18.8%,2.789,+3.1%,3.25,+16.5%,48.56,14.9,-2.5%,+22.5%,+10.4%,+43.0%
FLR,Extended,Industrial / Cyclical,Industrials,Capital Goods,Adj,Dec,EPS,CY2028,3.735,3.25,-13.0%,3.358,+3.3%,3.783,+12.7%,48.56,12.8,+1.3%,+22.5%,+10.4%,+43.0%
J,Extended,Industrial / Cyclical,Industrials,Commercial & Professional Serv,Adj,Sep,EPS,CY2025,6.021,6.038,+0.3%,6.038,+0.0%,6.038,+0.0%,128.93,21.4,+0.3%,-2.7%,-7.9%,+11.1%
J,Extended,Industrial / Cyclical,Industrials,Commercial & Professional Serv,Adj,Sep,EPS,CY2026,6.886,6.98,+1.4%,7.063,+1.2%,7.111,+0.7%,128.93,18.1,+3.3%,-2.7%,-7.9%,+11.1%
J,Extended,Industrial / Cyclical,Industrials,Commercial & Professional Serv,Adj,Sep,EPS,CY2027,7.754,7.885,+1.7%,8.029,+1.8%,8.026,-0.0%,128.93,16.1,+3.5%,-2.7%,-7.9%,+11.1%
J,Extended,Industrial / Cyclical,Industrials,Commercial & Professional Serv,Adj,Sep,EPS,CY2028,9.088,9.093,+0.1%,8.984,-1.2%,8.963,-0.2%,128.93,14.4,-1.4%,-2.7%,-7.9%,+11.1%
ACM,Extended,Industrial / Cyclical,Industrials,Capital Goods,Adj,Sep,EPS,CY2025,5.132,5.239,+2.1%,5.239,+0.0%,5.239,+0.0%,86.61,16.5,+2.1%,-9.1%,-11.8%,-8.2%
ACM,Extended,Industrial / Cyclical,Industrials,Capital Goods,Adj,Sep,EPS,CY2026,5.649,5.732,+1.5%,5.423,-5.4%,5.958,+9.9%,86.61,14.5,+5.5%,-9.1%,-11.8%,-8.2%
ACM,Extended,Industrial / Cyclical,Industrials,Capital Goods,Adj,Sep,EPS,CY2027,6.36,6.366,+0.1%,6.236,-2.0%,6.63,+6.3%,86.61,13.1,+4.2%,-9.1%,-11.8%,-8.2%
ACM,Extended,Industrial / Cyclical,Industrials,Capital Goods,Adj,Sep,EPS,CY2028,7.795,7.74,-0.7%,7.151,-7.6%,7.623,+6.6%,86.61,11.4,-2.2%,-9.1%,-11.8%,-8.2%
DE,Extended,Industrial / Cyclical,Industrials,Capital Goods,Adj,Oct,EPS,CY2025,18.859,18.415,-2.4%,18.412,-0.0%,18.412,+0.0%,590.46,32.1,-2.4%,+26.8%,+14.8%,+30.6%
DE,Extended,Industrial / Cyclical,Industrials,Capital Goods,Adj,Oct,EPS,CY2026,22.02,20.439,-7.2%,16.54,-19.1%,17.868,+8.0%,590.46,33.0,-18.9%,+26.8%,+14.8%,+30.6%
DE,Extended,Industrial / Cyclical,Industrials,Capital Goods,Adj,Oct,EPS,CY2027,26.045,25.63,-1.6%,21.95,-14.4%,22.989,+4.7%,590.46,25.7,-11.7%,+26.8%,+14.8%,+30.6%
DE,Extended,Industrial / Cyclical,Industrials,Capital Goods,Adj,Oct,EPS,CY2028,35.475,32.259,-9.1%,27.121,-15.9%,28.922,+6.6%,590.46,20.4,-18.5%,+26.8%,+14.8%,+30.6%
DOW,Extended,Industrial / Cyclical,Materials,Materials,Adj,Dec,EPS,CY2025,1.234,-1.14,-192.4%,-1.018,+10.7%,-1.022,-0.4%,35.6,-34.8,-182.8%,+52.3%,+29.1%,+26.5%
DOW,Extended,Industrial / Cyclical,Materials,Materials,Adj,Dec,EPS,CY2026,2.02,-0.14,-106.9%,-0.225,-60.7%,1.324,+688.4%,35.6,26.9,-34.5%,+52.3%,+29.1%,+26.5%
DOW,Extended,Industrial / Cyclical,Materials,Materials,Adj,Dec,EPS,CY2027,2.795,0.865,-69.1%,0.464,-46.4%,1.324,+185.3%,35.6,26.9,-52.6%,+52.3%,+29.1%,+26.5%
DOW,Extended,Industrial / Cyclical,Materials,Materials,Adj,Dec,EPS,CY2028,3.925,2.216,-43.5%,1.713,-22.7%,1.887,+10.2%,35.6,18.9,-51.9%,+52.3%,+29.1%,+26.5%
FMC,Extended,Industrial / Cyclical,Materials,Materials,Adj,Dec,EPS,CY2025,3.403,3.486,+2.4%,2.944,-15.5%,2.938,-0.2%,17.17,5.8,-13.7%,+23.8%,+11.9%,-54.6%
FMC,Extended,Industrial / Cyclical,Materials,Materials,Adj,Dec,EPS,CY2026,4.068,3.882,-4.6%,2.401,-38.2%,1.746,-27.3%,17.17,9.8,-57.1%,+23.8%,+11.9%,-54.6%
FMC,Extended,Industrial / Cyclical,Materials,Materials,Adj,Dec,EPS,CY2027,4.617,4.445,-3.7%,2.869,-35.5%,2.282,-20.5%,17.17,7.5,-50.6%,+23.8%,+11.9%,-54.6%
FMC,Extended,Industrial / Cyclical,Materials,Materials,Adj,Dec,EPS,CY2028,5.264,4.994,-5.1%,3.232,-35.3%,2.594,-19.7%,17.17,6.6,-50.7%,+23.8%,+11.9%,-54.6%
MWA,Extended,Industrial / Cyclical,Industrials,Capital Goods,Adj,Sep,EPS,CY2025,1.22,1.255,+2.9%,1.255,+0.0%,1.255,+0.0%,29.07,23.2,+2.9%,+22.0%,+10.5%,+16.2%
MWA,Extended,Industrial / Cyclical,Industrials,Capital Goods,Adj,Sep,EPS,CY2026,1.34,1.373,+2.5%,1.39,+1.2%,1.446,+4.0%,29.07,20.1,+7.9%,+22.0%,+10.5%,+16.2%
MWA,Extended,Industrial / Cyclical,Industrials,Capital Goods,Adj,Sep,EPS,CY2027,1.398,1.39,-0.6%,1.502,+8.1%,1.55,+3.2%,29.07,18.8,+10.9%,+22.0%,+10.5%,+16.2%
MWA,Extended,Industrial / Cyclical,Industrials,Capital Goods,Adj,Sep,EPS,CY2028,,1.61,,1.56,-3.1%,1.643,+5.3%,29.07,17.7,,+22.0%,+10.5%,+16.2%
BNR,Extended,Industrial / Cyclical,Industrials,Capital Goods,Adj,Dec,EPS,CY2025,4.821,3.399,-29.5%,3.081,-9.4%,2.773,-10.0%,59.06,21.3,-42.5%,+19.2%,+17.6%,+6.4%
BNR,Extended,Industrial / Cyclical,Industrials,Capital Goods,Adj,Dec,EPS,CY2026,5.306,4.034,-24.0%,3.578,-11.3%,3.414,-4.6%,59.06,17.3,-35.7%,+19.2%,+17.6%,+6.4%
BNR,Extended,Industrial / Cyclical,Industrials,Capital Goods,Adj,Dec,EPS,CY2027,5.716,4.599,-19.5%,4.119,-10.4%,3.848,-6.6%,59.06,15.3,-32.7%,+19.2%,+17.6%,+6.4%
BNR,Extended,Industrial / Cyclical,Industrials,Capital Goods,Adj,Dec,EPS,CY2028,6.208,5.214,-16.0%,4.677,-10.3%,4.253,-9.1%,59.06,13.9,-31.5%,+19.2%,+17.6%,+6.4%
MIDD,Extended,Industrial / Cyclical,Industrials,Capital Goods,Adj,Dec,EPS,CY2025,9.82,8.908,-9.3%,9.052,+1.6%,9.05,-0.0%,144.1,15.9,-7.8%,-3.1%,-3.0%,+13.5%
MIDD,Extended,Industrial / Cyclical,Industrials,Capital Goods,Adj,Dec,EPS,CY2026,10.637,9.557,-10.2%,9.459,-1.0%,9.292,-1.8%,144.1,15.5,-12.6%,-3.1%,-3.0%,+13.5%
MIDD,Extended,Industrial / Cyclical,Industrials,Capital Goods,Adj,Dec,EPS,CY2027,11.968,10.492,-12.3%,8.616,-17.9%,10.446,+21.2%,144.1,13.8,-12.7%,-3.1%,-3.0%,+13.5%
MIDD,Extended,Industrial / Cyclical,Industrials,Capital Goods,Adj,Dec,EPS,CY2028,,11.64,,7.56,-35.1%,11.857,+56.8%,144.1,12.2,,-3.1%,-3.0%,+13.5%
LECO,Extended,Industrial / Cyclical,Industrials,Capital Goods,Adj,Dec,EPS,CY2025,9.263,9.694,+4.7%,9.745,+0.5%,9.722,-0.2%,261.4,26.9,+5.0%,+9.1%,-0.9%,+47.4%
LECO,Extended,Industrial / Cyclical,Industrials,Capital Goods,Adj,Dec,EPS,CY2026,10.087,10.684,+5.9%,10.769,+0.8%,10.815,+0.4%,261.4,24.2,+7.2%,+9.1%,-0.9%,+47.4%
LECO,Extended,Industrial / Cyclical,Industrials,Capital Goods,Adj,Dec,EPS,CY2027,10.499,11.496,+9.5%,11.571,+0.7%,11.829,+2.2%,261.4,22.1,+12.7%,+9.1%,-0.9%,+47.4%
LECO,Extended,Industrial / Cyclical,Industrials,Capital Goods,Adj,Dec,EPS,CY2028,12.1,12.485,+3.2%,12.883,+3.2%,12.539,-2.7%,261.4,20.8,+3.6%,+9.1%,-0.9%,+47.4%
GWW,Extended,Distributors,Industrials,Capital Goods,Adj,Dec,EPS,CY2025,40.456,39.52,-2.3%,39.509,-0.0%,39.507,-0.0%,1162.94,29.4,-2.3%,+15.3%,+8.8%,+16.0%
GWW,Extended,Distributors,Industrials,Capital Goods,Adj,Dec,EPS,CY2026,44.775,43.855,-2.1%,43.82,-0.1%,43.63,-0.4%,1162.94,26.7,-2.6%,+15.3%,+8.8%,+16.0%
GWW,Extended,Distributors,Industrials,Capital Goods,Adj,Dec,EPS,CY2027,49.672,48.249,-2.9%,48.571,+0.7%,48.553,-0.0%,1162.94,24.0,-2.3%,+15.3%,+8.8%,+16.0%
GWW,Extended,Distributors,Industrials,Capital Goods,Adj,Dec,EPS,CY2028,55.65,54.136,-2.7%,53.17,-1.8%,53.214,+0.1%,1162.94,21.9,-4.4%,+15.3%,+8.8%,+16.0%
FAST,Extended,Distributors,Industrials,Capital Goods,Adj,Dec,EPS,CY2025,1.088,1.098,+0.9%,1.098,+0.0%,1.098,+0.0%,45.78,41.7,+0.9%,+14.1%,+4.7%,+12.2%
FAST,Extended,Distributors,Industrials,Capital Goods,Adj,Dec,EPS,CY2026,1.193,1.214,+1.8%,1.214,+0.0%,1.236,+1.8%,45.78,37.0,+3.6%,+14.1%,+4.7%,+12.2%
FAST,Extended,Distributors,Industrials,Capital Goods,Adj,Dec,EPS,CY2027,1.307,1.323,+1.2%,1.329,+0.5%,1.364,+2.6%,45.78,33.6,+4.4%,+14.1%,+4.7%,+12.2%
FAST,Extended,Distributors,Industrials,Capital Goods,Adj,Dec,EPS,CY2028,1.485,1.46,-1.7%,1.439,-1.4%,1.476,+2.6%,45.78,31.0,-0.6%,+14.1%,+4.7%,+12.2%
WSO,Extended,Distributors,Industrials,Capital Goods,Adj,Dec,EPS,CY2025,14.645,13.079,-10.7%,12.316,-5.8%,12.338,+0.2%,430.26,34.9,-15.8%,+27.7%,+12.8%,-15.1%
WSO,Extended,Distributors,Industrials,Capital Goods,Adj,Dec,EPS,CY2026,16.213,14.218,-12.3%,13.013,-8.5%,12.556,-3.5%,430.26,34.3,-22.6%,+27.7%,+12.8%,-15.1%
WSO,Extended,Distributors,Industrials,Capital Goods,Adj,Dec,EPS,CY2027,17.741,15.916,-10.3%,14.114,-11.3%,13.776,-2.4%,430.26,31.2,-22.3%,+27.7%,+12.8%,-15.1%
WSO,Extended,Distributors,Industrials,Capital Goods,Adj,Dec,EPS,CY2028,19.79,18.38,-7.1%,16.238,-11.7%,15.612,-3.9%,430.26,27.6,-21.1%,+27.7%,+12.8%,-15.1%
WCC,Extended,Distributors,Industrials,Capital Goods,Adj,Dec,EPS,CY2025,13.454,13.248,-1.5%,13.431,+1.4%,13.435,+0.0%,319.06,23.7,-0.1%,+30.4%,+13.3%,+111.1%
WCC,Extended,Distributors,Industrials,Capital Goods,Adj,Dec,EPS,CY2026,16.0,16.165,+1.0%,16.385,+1.4%,15.673,-4.3%,319.06,20.4,-2.0%,+30.4%,+13.3%,+111.1%
WCC,Extended,Distributors,Industrials,Capital Goods,Adj,Dec,EPS,CY2027,18.633,18.654,+0.1%,19.186,+2.9%,18.293,-4.7%,319.06,17.4,-1.8%,+30.4%,+13.3%,+111.1%
WCC,Extended,Distributors,Industrials,Capital Goods,Adj,Dec,EPS,CY2028,20.95,20.877,-0.3%,22.09,+5.8%,21.183,-4.1%,319.06,15.1,+1.1%,+30.4%,+13.3%,+111.1%
MSM,Extended,Distributors,Industrials,Capital Goods,Adj,Aug,EPS,CY2025,3.526,3.678,+4.3%,3.678,+0.0%,3.678,+0.0%,97.52,26.5,+4.3%,+16.0%,+15.1%,+26.1%
MSM,Extended,Distributors,Industrials,Capital Goods,Adj,Aug,EPS,CY2026,3.921,4.124,+5.2%,4.311,+4.5%,4.34,+0.7%,97.52,22.5,+10.7%,+16.0%,+15.1%,+26.1%
MSM,Extended,Distributors,Industrials,Capital Goods,Adj,Aug,EPS,CY2027,4.66,4.699,+0.8%,4.887,+4.0%,4.91,+0.5%,97.52,19.9,+5.4%,+16.0%,+15.1%,+26.1%
MSM,Extended,Distributors,Industrials,Capital Goods,Adj,Aug,EPS,CY2028,6.117,5.678,-7.2%,5.533,-2.6%,5.637,+1.9%,97.52,17.3,-7.8%,+16.0%,+15.1%,+26.1%
SITE,Extended,Distributors,Industrials,Capital Goods,Adj,Dec,EPS,CY2025,3.701,3.645,-1.5%,3.613,-0.9%,3.611,-0.1%,144.35,40.0,-2.4%,+15.9%,-2.2%,+28.7%
SITE,Extended,Distributors,Industrials,Capital Goods,Adj,Dec,EPS,CY2026,4.692,4.427,-5.6%,4.417,-0.2%,4.361,-1.3%,144.35,33.1,-7.1%,+15.9%,-2.2%,+28.7%
SITE,Extended,Distributors,Industrials,Capital Goods,Adj,Dec,EPS,CY2027,5.883,5.181,-11.9%,5.174,-0.1%,5.136,-0.7%,144.35,28.1,-12.7%,+15.9%,-2.2%,+28.7%
SITE,Extended,Distributors,Industrials,Capital Goods,Adj,Dec,EPS,CY2028,,5.97,,6.215,+4.1%,5.994,-3.6%,144.35,24.1,,+15.9%,-2.2%,+28.7%
GPC,Extended,Distributors,Consumer Discretionary,Consumer Discretionary Distrib,Adj,Dec,EPS,CY2025,7.901,7.666,-3.0%,7.626,-0.5%,7.633,+0.1%,113.79,14.9,-3.4%,-7.5%,-16.9%,-0.3%
GPC,Extended,Distributors,Consumer Discretionary,Consumer Discretionary Distrib,Adj,Dec,EPS,CY2026,8.759,8.447,-3.6%,8.413,-0.4%,7.815,-7.1%,113.79,14.6,-10.8%,-7.5%,-16.9%,-0.3%
GPC,Extended,Distributors,Consumer Discretionary,Consumer Discretionary Distrib,Adj,Dec,EPS,CY2027,9.556,9.134,-4.4%,9.161,+0.3%,8.438,-7.9%,113.79,13.5,-11.7%,-7.5%,-16.9%,-0.3%
GPC,Extended,Distributors,Consumer Discretionary,Consumer Discretionary Distrib,Adj,Dec,EPS,CY2028,10.16,9.54,-6.1%,9.953,+4.3%,9.375,-5.8%,113.79,12.1,-7.7%,-7.5%,-16.9%,-0.3%
DNOW,Extended,Distributors,Industrials,Capital Goods,Adj,Dec,EPS,CY2025,0.907,0.923,+1.8%,0.855,-7.4%,0.855,+0.0%,11.95,14.0,-5.7%,-9.8%,-16.7%,-24.7%
DNOW,Extended,Distributors,Industrials,Capital Goods,Adj,Dec,EPS,CY2026,1.007,0.945,-6.2%,1.058,+12.0%,0.693,-34.5%,11.95,17.2,-31.2%,-9.8%,-16.7%,-24.7%
DNOW,Extended,Distributors,Industrials,Capital Goods,Adj,Dec,EPS,CY2027,1.12,1.047,-6.5%,1.28,+22.3%,1.065,-16.8%,11.95,11.2,-4.9%,-9.8%,-16.7%,-24.7%
DNOW,Extended,Distributors,Industrials,Capital Goods,Adj,Dec,EPS,CY2028,1.21,1.14,-5.8%,1.325,+16.2%,1.2,-9.4%,11.95,10.0,-0.8%,-9.8%,-16.7%,-24.7%
TCEHY,Extended,China equities,Communication Services,Media & Entertainment,GAAP,Dec,EPS,CY2025,22.741,23.53,+3.5%,24.294,+3.2%,24.188,-0.4%,66.7,2.8,+6.4%,-12.9%,-15.1%,+15.0%
TCEHY,Extended,China equities,Communication Services,Media & Entertainment,GAAP,Dec,EPS,CY2026,25.693,27.142,+5.6%,27.792,+2.4%,26.758,-3.7%,66.7,2.5,+4.1%,-12.9%,-15.1%,+15.0%
TCEHY,Extended,China equities,Communication Services,Media & Entertainment,GAAP,Dec,EPS,CY2027,28.706,30.951,+7.8%,31.441,+1.6%,30.54,-2.9%,66.7,2.2,+6.4%,-12.9%,-15.1%,+15.0%
TCEHY,Extended,China equities,Communication Services,Media & Entertainment,GAAP,Dec,EPS,CY2028,31.346,34.522,+10.1%,33.27,-3.6%,34.206,+2.8%,66.7,1.9,+9.1%,-12.9%,-15.1%,+15.0%
BIDU,Extended,China equities,Communication Services,Media & Entertainment,Adj,Dec,EPS,CY2025,73.691,52.759,-28.4%,53.263,+1.0%,51.981,-2.4%,126.13,2.4,-29.5%,-3.5%,-15.6%,+52.7%
BIDU,Extended,China equities,Communication Services,Media & Entertainment,Adj,Dec,EPS,CY2026,79.551,58.832,-26.0%,56.454,-4.0%,54.458,-3.5%,126.13,2.3,-31.5%,-3.5%,-15.6%,+52.7%
BIDU,Extended,China equities,Communication Services,Media & Entertainment,Adj,Dec,EPS,CY2027,89.697,70.687,-21.2%,65.72,-7.0%,63.0,-4.1%,126.13,2.0,-29.8%,-3.5%,-15.6%,+52.7%
BIDU,Extended,China equities,Communication Services,Media & Entertainment,Adj,Dec,EPS,CY2028,91.142,93.063,+2.1%,72.298,-22.3%,77.509,+7.2%,126.13,1.6,-15.0%,-3.5%,-15.6%,+52.7%
JD,Extended,China equities,Consumer Discretionary,Consumer Discretionary Distrib,Adj,Dec,EPS,CY2025,33.877,18.618,-45.0%,17.796,-4.4%,17.531,-1.5%,31.6,1.8,-48.3%,+10.1%,+9.3%,-9.0%
JD,Extended,China equities,Consumer Discretionary,Consumer Discretionary Distrib,Adj,Dec,EPS,CY2026,36.757,25.234,-31.3%,21.511,-14.8%,20.649,-4.0%,31.6,1.5,-43.8%,+10.1%,+9.3%,-9.0%
JD,Extended,China equities,Consumer Discretionary,Consumer Discretionary Distrib,Adj,Dec,EPS,CY2027,39.053,33.017,-15.5%,30.789,-6.7%,27.588,-10.4%,31.6,1.1,-29.4%,+10.1%,+9.3%,-9.0%
JD,Extended,China equities,Consumer Discretionary,Consumer Discretionary Distrib,Adj,Dec,EPS,CY2028,38.953,38.539,-1.1%,36.6,-5.0%,32.561,-11.0%,31.6,1.0,-16.4%,+10.1%,+9.3%,-9.0%
700,Extended,China equities,Communication Services,Media & Entertainment,GAAP,Dec,EPS,CY2025,22.741,23.53,+3.5%,24.294,+3.2%,24.188,-0.4%,510.5,21.1,+6.4%,-14.8%,-16.3%,+11.5%
700,Extended,China equities,Communication Services,Media & Entertainment,GAAP,Dec,EPS,CY2026,25.693,27.142,+5.6%,27.792,+2.4%,26.758,-3.7%,510.5,19.1,+4.1%,-14.8%,-16.3%,+11.5%
700,Extended,China equities,Communication Services,Media & Entertainment,GAAP,Dec,EPS,CY2027,28.706,30.951,+7.8%,31.441,+1.6%,30.54,-2.9%,510.5,16.7,+6.4%,-14.8%,-16.3%,+11.5%
700,Extended,China equities,Communication Services,Media & Entertainment,GAAP,Dec,EPS,CY2028,31.346,34.522,+10.1%,33.27,-3.6%,34.206,+2.8%,510.5,14.9,+9.1%,-14.8%,-16.3%,+11.5%
TCOM,Extended,China equities,Consumer Discretionary,Consumer Services,Adj,Dec,EPS,CY2025,25.96,26.69,+2.8%,45.531,+70.6%,45.003,-1.2%,55.19,1.2,+73.4%,-23.3%,-10.7%,+0.6%
TCOM,Extended,China equities,Consumer Discretionary,Consumer Services,Adj,Dec,EPS,CY2026,29.589,29.666,+0.3%,29.375,-1.0%,27.506,-6.4%,55.19,2.0,-7.0%,-23.3%,-10.7%,+0.6%
TCOM,Extended,China equities,Consumer Discretionary,Consumer Services,Adj,Dec,EPS,CY2027,33.7,34.31,+1.8%,33.232,-3.1%,31.39,-5.5%,55.19,1.8,-6.9%,-23.3%,-10.7%,+0.6%
TCOM,Extended,China equities,Consumer Discretionary,Consumer Services,Adj,Dec,EPS,CY2028,37.036,36.704,-0.9%,37.057,+1.0%,35.435,-4.4%,55.19,1.6,-4.3%,-23.3%,-10.7%,+0.6%
3988,Extended,China equities,Financials,Banks,GAAP,Dec,EPS,CY2025,0.771,0.734,-4.8%,0.721,-1.8%,0.727,+0.8%,5.11,7.0,-5.7%,+14.6%,+13.8%,+15.1%
3988,Extended,China equities,Financials,Banks,GAAP,Dec,EPS,CY2026,0.797,0.74,-7.2%,0.73,-1.4%,0.741,+1.5%,5.11,6.9,-7.0%,+14.6%,+13.8%,+15.1%
3988,Extended,China equities,Financials,Banks,GAAP,Dec,EPS,CY2027,0.839,0.766,-8.7%,0.755,-1.4%,0.765,+1.3%,5.11,6.7,-8.8%,+14.6%,+13.8%,+15.1%
3988,Extended,China equities,Financials,Banks,GAAP,Dec,EPS,CY2028,0.82,0.79,-3.7%,0.805,+1.9%,0.814,+1.1%,5.11,6.3,-0.7%,+14.6%,+13.8%,+15.1%
3690,Extended,China equities,Consumer Discretionary,Consumer Services,GAAP,Dec,EPS,CY2025,6.866,-1.783,-126.0%,-3.798,-113.0%,-3.845,-1.2%,86.5,-22.5,-156.0%,-16.3%,-12.2%,-36.6%
3690,Extended,China equities,Consumer Discretionary,Consumer Services,GAAP,Dec,EPS,CY2026,8.753,3.046,-65.2%,-0.348,-111.4%,-1.861,-434.8%,86.5,-46.5,-121.3%,-16.3%,-12.2%,-36.6%
3690,Extended,China equities,Consumer Discretionary,Consumer Services,GAAP,Dec,EPS,CY2027,10.796,6.306,-41.6%,4.613,-26.8%,3.261,-29.3%,86.5,26.5,-69.8%,-16.3%,-12.2%,-36.6%
3690,Extended,China equities,Consumer Discretionary,Consumer Services,GAAP,Dec,EPS,CY2028,12.16,8.398,-30.9%,7.474,-11.0%,5.816,-22.2%,86.5,14.9,-52.2%,-16.3%,-12.2%,-36.6%
1398,Extended,China equities,Financials,Banks,GAAP,Dec,EPS,CY2025,0.989,0.992,+0.3%,0.993,+0.1%,1.007,+1.4%,7.03,7.0,+1.8%,+11.8%,+10.9%,+31.4%
1398,Extended,China equities,Financials,Banks,GAAP,Dec,EPS,CY2026,1.015,1.007,-0.8%,1.004,-0.3%,1.019,+1.5%,7.03,6.9,+0.4%,+11.8%,+10.9%,+31.4%
1398,Extended,China equities,Financials,Banks,GAAP,Dec,EPS,CY2027,1.06,1.033,-2.5%,1.025,-0.8%,1.06,+3.4%,7.03,6.6,+0.0%,+11.8%,+10.9%,+31.4%
1398,Extended,China equities,Financials,Banks,GAAP,Dec,EPS,CY2028,,,,,,1.118,,7.03,6.3,,+11.8%,+10.9%,+31.4%
VIPS,Extended,China equities,Consumer Discretionary,Consumer Discretionary Distrib,Adj,Dec,EPS,CY2025,17.334,16.76,-3.3%,16.599,-1.0%,16.633,+0.2%,15.59,0.9,-4.0%,-11.9%,-6.7%,+25.1%
VIPS,Extended,China equities,Consumer Discretionary,Consumer Discretionary Distrib,Adj,Dec,EPS,CY2026,18.149,17.798,-1.9%,17.617,-1.0%,17.267,-2.0%,15.59,0.9,-4.9%,-11.9%,-6.7%,+25.1%
VIPS,Extended,China equities,Consumer Discretionary,Consumer Discretionary Distrib,Adj,Dec,EPS,CY2027,18.891,18.527,-1.9%,18.709,+1.0%,18.14,-3.0%,15.59,0.9,-4.0%,-11.9%,-6.7%,+25.1%
VIPS,Extended,China equities,Consumer Discretionary,Consumer Discretionary Distrib,Adj,Dec,EPS,CY2028,,21.38,,20.977,-1.9%,18.767,-10.5%,15.59,0.8,,-11.9%,-6.7%,+25.1%
2199,Extended,China equities,Consumer Discretionary,Consumer Durables & Apparel,Adj,Mar,EPS,CY2025,,0.18,,0.27,+50.0%,0.36,+33.3%,2.01,5.6,,-20.2%,-14.5%,+14.9%
2199,Extended,China equities,Consumer Discretionary,Consumer Durables & Apparel,Adj,Mar,EPS,CY2026,,0.345,,0.385,+11.6%,0.47,+22.1%,2.01,4.3,,-20.2%,-14.5%,+14.9%
2199,Extended,China equities,Consumer Discretionary,Consumer Durables & Apparel,Adj,Mar,EPS,CY2027,,,,0.5,,0.5,+0.0%,2.01,4.0,,-20.2%,-14.5%,+14.9%
2199,Extended,China equities,Consumer Discretionary,Consumer Durables & Apparel,Adj,Mar,EPS,CY2028,,,,,,,,2.01,,,-20.2%,-14.5%,+14.9%
600104,Extended,China equities,Consumer Discretionary,Automobiles & Components,Adj,Dec,EPS,CY2025,0.943,1.069,+13.4%,0.992,-7.2%,0.956,-3.6%,13.92,14.6,+1.4%,-8.5%,-8.7%,-9.3%
600104,Extended,China equities,Consumer Discretionary,Automobiles & Components,Adj,Dec,EPS,CY2026,1.151,1.289,+12.0%,1.188,-7.8%,1.083,-8.8%,13.92,12.9,-5.9%,-8.5%,-8.7%,-9.3%
600104,Extended,China equities,Consumer Discretionary,Automobiles & Components,Adj,Dec,EPS,CY2027,0.915,1.494,+63.3%,1.417,-5.2%,1.221,-13.8%,13.92,11.4,+33.4%,-8.5%,-8.7%,-9.3%
600104,Extended,China equities,Consumer Discretionary,Automobiles & Components,Adj,Dec,EPS,CY2028,0.62,0.71,+14.5%,1.85,+160.6%,1.315,-28.9%,13.92,10.6,+112.1%,-8.5%,-8.7%,-9.3%
175,Extended,China equities,Consumer Discretionary,Automobiles & Components,GAAP,Dec,EPS,CY2025,1.379,1.577,+14.4%,1.632,+3.5%,1.601,-1.9%,24.72,15.4,+16.1%,+38.1%,+45.2%,+59.5%
175,Extended,China equities,Consumer Discretionary,Automobiles & Components,GAAP,Dec,EPS,CY2026,1.747,1.907,+9.2%,1.941,+1.8%,1.888,-2.7%,24.72,13.1,+8.1%,+38.1%,+45.2%,+59.5%
175,Extended,China equities,Consumer Discretionary,Automobiles & Components,GAAP,Dec,EPS,CY2027,2.099,2.313,+10.2%,2.539,+9.8%,2.289,-9.8%,24.72,10.8,+9.1%,+38.1%,+45.2%,+59.5%
175,Extended,China equities,Consumer Discretionary,Automobiles & Components,GAAP,Dec,EPS,CY2028,2.06,2.34,+13.6%,2.29,-2.1%,2.717,+18.6%,24.72,9.1,+31.9%,+38.1%,+45.2%,+59.5%
2333,Extended,China equities,Consumer Discretionary,Automobiles & Components,Adj,Dec,EPS,CY2025,1.671,1.585,-5.1%,1.493,-5.8%,1.354,-9.3%,13.17,9.7,-19.0%,-13.9%,-4.6%,+9.8%
2333,Extended,China equities,Consumer Discretionary,Automobiles & Components,Adj,Dec,EPS,CY2026,1.885,1.857,-1.5%,1.78,-4.1%,1.545,-13.2%,13.17,8.5,-18.0%,-13.9%,-4.6%,+9.8%
2333,Extended,China equities,Consumer Discretionary,Automobiles & Components,Adj,Dec,EPS,CY2027,1.912,2.083,+8.9%,2.027,-2.7%,1.797,-11.3%,13.17,7.3,-6.0%,-13.9%,-4.6%,+9.8%
2333,Extended,China equities,Consumer Discretionary,Automobiles & Components,Adj,Dec,EPS,CY2028,14.177,1.61,-88.6%,1.295,-19.6%,1.956,+51.0%,13.17,6.7,-86.2%,-13.9%,-4.6%,+9.8%
NRG,Extended,Utilities,Utilities,Utilities,Adj,Dec,EPS,CY2025,7.344,7.838,+6.7%,7.927,+1.1%,7.908,-0.2%,167.73,21.2,+7.7%,+5.3%,+10.3%,+71.4%
NRG,Extended,Utilities,Utilities,Utilities,Adj,Dec,EPS,CY2026,8.157,8.917,+9.3%,8.468,-5.0%,9.294,+9.8%,167.73,18.0,+13.9%,+5.3%,+10.3%,+71.4%
NRG,Extended,Utilities,Utilities,Utilities,Adj,Dec,EPS,CY2027,8.73,10.609,+21.5%,10.379,-2.2%,11.282,+8.7%,167.73,14.9,+29.2%,+5.3%,+10.3%,+71.4%
NRG,Extended,Utilities,Utilities,Utilities,Adj,Dec,EPS,CY2028,9.263,12.603,+36.1%,11.308,-10.3%,12.895,+14.0%,167.73,13.0,+39.2%,+5.3%,+10.3%,+71.4%
CEG,Extended,Utilities,Utilities,Utilities,Adj,Dec,EPS,CY2025,9.544,9.453,-1.0%,9.418,-0.4%,9.29,-1.4%,296.21,31.9,-2.7%,-16.2%,-3.7%,+43.3%
CEG,Extended,Utilities,Utilities,Utilities,Adj,Dec,EPS,CY2026,11.234,11.779,+4.9%,11.432,-2.9%,11.74,+2.7%,296.21,25.2,+4.5%,-16.2%,-3.7%,+43.3%
CEG,Extended,Utilities,Utilities,Utilities,Adj,Dec,EPS,CY2027,12.807,13.453,+5.0%,13.179,-2.0%,13.686,+3.8%,296.21,21.6,+6.9%,-16.2%,-3.7%,+43.3%
CEG,Extended,Utilities,Utilities,Utilities,Adj,Dec,EPS,CY2028,15.18,16.891,+11.3%,15.867,-6.1%,16.981,+7.0%,296.21,17.4,+11.9%,-16.2%,-3.7%,+43.3%
VST,Extended,Utilities,Utilities,Utilities,Adj,Dec,EPS,CY2025,6.251,5.581,-10.7%,4.562,-18.3%,4.74,+3.9%,163.46,34.5,-24.2%,+1.3%,-1.9%,+41.6%
VST,Extended,Utilities,Utilities,Utilities,Adj,Dec,EPS,CY2026,8.097,8.72,+7.7%,8.761,+0.5%,8.699,-0.7%,163.46,18.8,+7.4%,+1.3%,-1.9%,+41.6%
VST,Extended,Utilities,Utilities,Utilities,Adj,Dec,EPS,CY2027,9.083,10.317,+13.6%,10.952,+6.2%,10.968,+0.1%,163.46,14.9,+20.8%,+1.3%,-1.9%,+41.6%
VST,Extended,Utilities,Utilities,Utilities,Adj,Dec,EPS,CY2028,11.099,12.489,+12.5%,13.607,+9.0%,12.866,-5.4%,163.46,12.7,+15.9%,+1.3%,-1.9%,+41.6%
AI,Extended,Technology,Information Technology,Software & Services,Adj,Apr,EPS,CY2025,-0.441,-0.441,+0.0%,-0.441,+0.0%,-0.441,+0.0%,9.24,-21.0,+0.0%,-31.5%,-29.1%,-52.2%
AI,Extended,Technology,Information Technology,Software & Services,Adj,Apr,EPS,CY2026,-0.411,-1.252,-204.6%,-1.342,-7.2%,-1.389,-3.5%,9.24,-6.7,-238.0%,-31.5%,-29.1%,-52.2%
AI,Extended,Technology,Information Technology,Software & Services,Adj,Apr,EPS,CY2027,-0.26,-0.891,-242.7%,-1.058,-18.7%,-0.781,+26.2%,9.24,-11.8,-200.4%,-31.5%,-29.1%,-52.2%
AI,Extended,Technology,Information Technology,Software & Services,Adj,Apr,EPS,CY2028,,-0.641,,-0.725,-13.1%,-0.511,+29.5%,9.24,-18.1,,-31.5%,-29.1%,-52.2%
PATH,Extended,Software,Information Technology,Software & Services,Adj,Jan,EPS,CY2025,0.543,0.662,+21.9%,0.671,+1.4%,0.672,+0.1%,10.41,15.5,+23.8%,-36.5%,-27.4%,-0.4%
PATH,Extended,Software,Information Technology,Software & Services,Adj,Jan,EPS,CY2026,0.593,0.743,+25.3%,0.76,+2.3%,0.799,+5.1%,10.41,13.0,+34.7%,-36.5%,-27.4%,-0.4%
PATH,Extended,Software,Information Technology,Software & Services,Adj,Jan,EPS,CY2027,0.62,0.81,+30.6%,0.822,+1.5%,0.895,+8.9%,10.41,11.6,+44.4%,-36.5%,-27.4%,-0.4%
PATH,Extended,Software,Information Technology,Software & Services,Adj,Jan,EPS,CY2028,,0.885,,0.863,-2.5%,0.992,+14.9%,10.41,10.5,,-36.5%,-27.4%,-0.4%
ON,Extended,Technology,Information Technology,Semiconductors & Semiconductor,Adj,Dec,EPS,CY2025,2.473,2.291,-7.4%,2.326,+1.5%,2.343,+0.7%,83.01,35.4,-5.3%,+53.3%,+37.6%,+139.6%
ON,Extended,Technology,Information Technology,Semiconductors & Semiconductor,Adj,Dec,EPS,CY2026,3.602,2.932,-18.6%,2.939,+0.2%,2.953,+0.5%,83.01,28.1,-18.0%,+53.3%,+37.6%,+139.6%
ON,Extended,Technology,Information Technology,Semiconductors & Semiconductor,Adj,Dec,EPS,CY2027,5.342,4.131,-22.7%,4.047,-2.0%,4.079,+0.8%,83.01,20.4,-23.6%,+53.3%,+37.6%,+139.6%
ON,Extended,Technology,Information Technology,Semiconductors & Semiconductor,Adj,Dec,EPS,CY2028,7.48,5.46,-27.0%,5.315,-2.7%,5.289,-0.5%,83.01,15.7,-29.3%,+53.3%,+37.6%,+139.6%
MCHP,Extended,Technology,Information Technology,Semiconductors & Semiconductor,Adj,Mar,EPS,CY2025,1.227,1.457,+18.7%,1.503,+3.2%,1.57,+4.5%,78.76,50.2,+28.0%,+23.6%,+5.4%,+104.3%
MCHP,Extended,Technology,Information Technology,Semiconductors & Semiconductor,Adj,Mar,EPS,CY2026,2.459,2.585,+5.1%,2.549,-1.4%,2.665,+4.6%,78.76,29.6,+8.4%,+23.6%,+5.4%,+104.3%
MCHP,Extended,Technology,Information Technology,Semiconductors & Semiconductor,Adj,Mar,EPS,CY2027,,3.436,,3.553,+3.4%,3.646,+2.6%,78.76,21.6,,+23.6%,+5.4%,+104.3%
MCHP,Extended,Technology,Information Technology,Semiconductors & Semiconductor,Adj,Mar,EPS,CY2028,,3.94,,3.865,-1.9%,4.125,+6.7%,78.76,19.1,,+23.6%,+5.4%,+104.3%
NXPI,Extended,Technology,Information Technology,Semiconductors & Semiconductor,Adj,Dec,EPS,CY2025,11.886,11.804,-0.7%,11.774,-0.3%,11.774,+0.0%,216.03,18.3,-0.9%,-0.5%,-8.9%,+26.5%
NXPI,Extended,Technology,Information Technology,Semiconductors & Semiconductor,Adj,Dec,EPS,CY2026,14.229,14.15,-0.6%,13.78,-2.6%,13.932,+1.1%,216.03,15.5,-2.1%,-0.5%,-8.9%,+26.5%
NXPI,Extended,Technology,Information Technology,Semiconductors & Semiconductor,Adj,Dec,EPS,CY2027,16.709,16.746,+0.2%,16.405,-2.0%,16.686,+1.7%,216.03,12.9,-0.1%,-0.5%,-8.9%,+26.5%
NXPI,Extended,Technology,Information Technology,Semiconductors & Semiconductor,Adj,Dec,EPS,CY2028,21.425,21.335,-0.4%,19.48,-8.7%,19.382,-0.5%,216.03,11.1,-9.5%,-0.5%,-8.9%,+26.5%
HIMS,Extended,Healthcare providers,Health Care,Health Care Equipment & Servic,Adj,Dec,EPS,CY2025,1.076,0.977,-9.2%,0.791,-19.0%,0.799,+1.0%,28.82,36.1,-25.7%,-11.2%,-8.2%,+5.8%
HIMS,Extended,Healthcare providers,Health Care,Health Care Equipment & Servic,Adj,Dec,EPS,CY2026,1.265,0.907,-28.3%,0.858,-5.4%,0.773,-9.9%,28.82,37.3,-38.9%,-11.2%,-8.2%,+5.8%
HIMS,Extended,Healthcare providers,Health Care,Health Care Equipment & Servic,Adj,Dec,EPS,CY2027,1.593,1.019,-36.0%,1.133,+11.2%,1.103,-2.6%,28.82,26.1,-30.8%,-11.2%,-8.2%,+5.8%
HIMS,Extended,Healthcare providers,Health Care,Health Care Equipment & Servic,Adj,Dec,EPS,CY2028,2.035,1.7,-16.5%,1.388,-18.4%,1.418,+2.2%,28.82,20.3,-30.3%,-11.2%,-8.2%,+5.8%
DOCS,Extended,Healthcare providers,Health Care,Health Care Equipment & Servic,Adj,Mar,EPS,CY2025,1.418,1.505,+6.1%,1.574,+4.6%,1.544,-1.9%,24.71,16.0,+8.9%,-44.2%,-40.1%,-53.6%
DOCS,Extended,Healthcare providers,Health Care,Health Care Equipment & Servic,Adj,Mar,EPS,CY2026,1.611,1.649,+2.4%,1.717,+4.1%,1.608,-6.3%,24.71,15.4,-0.2%,-44.2%,-40.1%,-53.6%
DOCS,Extended,Healthcare providers,Health Care,Health Care Equipment & Servic,Adj,Mar,EPS,CY2027,1.847,1.848,+0.1%,1.881,+1.8%,1.785,-5.1%,24.71,13.8,-3.4%,-44.2%,-40.1%,-53.6%
DOCS,Extended,Healthcare providers,Health Care,Health Care Equipment & Servic,Adj,Mar,EPS,CY2028,2.36,2.12,-10.2%,2.02,-4.7%,2.1,+4.0%,24.71,11.8,-11.0%,-44.2%,-40.1%,-53.6%
COIN,Extended,Financials and related,Financials,Financial Services,Adj,Dec,EPS,CY2025,7.509,6.148,-18.1%,4.638,-24.6%,4.406,-5.0%,206.33,46.8,-41.3%,-8.8%,-14.4%,+17.9%
COIN,Extended,Financials and related,Financials,Financial Services,Adj,Dec,EPS,CY2026,7.543,6.726,-10.8%,6.426,-4.5%,3.117,-51.5%,206.33,66.2,-58.7%,-8.8%,-14.4%,+17.9%
COIN,Extended,Financials and related,Financials,Financial Services,Adj,Dec,EPS,CY2027,8.496,7.495,-11.8%,6.901,-7.9%,5.224,-24.3%,206.33,39.5,-38.5%,-8.8%,-14.4%,+17.9%
COIN,Extended,Financials and related,Financials,Financial Services,Adj,Dec,EPS,CY2028,9.363,10.024,+7.1%,7.63,-23.9%,6.125,-19.7%,206.33,33.7,-34.6%,-8.8%,-14.4%,+17.9%
SOFI,Extended,Financials and related,Financials,Financial Services,Adj,Dec,EPS,CY2025,0.262,0.321,+22.5%,0.368,+14.6%,0.366,-0.5%,19.43,53.1,+39.7%,-25.8%,-25.6%,+77.0%
SOFI,Extended,Financials and related,Financials,Financial Services,Adj,Dec,EPS,CY2026,0.488,0.562,+15.2%,0.578,+2.8%,0.604,+4.5%,19.43,32.2,+23.8%,-25.8%,-25.6%,+77.0%
SOFI,Extended,Financials and related,Financials,Financial Services,Adj,Dec,EPS,CY2027,0.676,0.76,+12.4%,0.806,+6.1%,0.82,+1.7%,19.43,23.7,+21.3%,-25.8%,-25.6%,+77.0%
SOFI,Extended,Financials and related,Financials,Financial Services,Adj,Dec,EPS,CY2028,,0.955,,0.935,-2.1%,1.005,+7.5%,19.43,19.3,,-25.8%,-25.6%,+77.0%
CPNG,Extended,Retailers,Consumer Discretionary,Consumer Discretionary Distrib,Adj,Dec,EPS,CY2025,0.338,0.181,-46.4%,0.172,-5.0%,0.168,-2.3%,21.55,128.3,-50.3%,-8.6%,+2.0%,+0.7%
CPNG,Extended,Retailers,Consumer Discretionary,Consumer Discretionary Distrib,Adj,Dec,EPS,CY2026,0.768,0.585,-23.8%,0.406,-30.6%,0.091,-77.6%,21.55,236.8,-88.2%,-8.6%,+2.0%,+0.7%
CPNG,Extended,Retailers,Consumer Discretionary,Consumer Discretionary Distrib,Adj,Dec,EPS,CY2027,0.991,1.013,+2.2%,0.863,-14.8%,0.524,-39.3%,21.55,41.1,-47.1%,-8.6%,+2.0%,+0.7%
CPNG,Extended,Retailers,Consumer Discretionary,Consumer Discretionary Distrib,Adj,Dec,EPS,CY2028,,1.47,,1.24,-15.6%,0.837,-32.5%,21.55,25.7,,-8.6%,+2.0%,+0.7%
MELI,Extended,Retailers,Consumer Discretionary,Consumer Discretionary Distrib,Adj,Dec,EPS,CY2025,47.283,44.654,-5.6%,41.052,-8.1%,40.854,-0.5%,1855.83,45.4,-13.6%,-7.9%,-10.6%,-11.6%
MELI,Extended,Retailers,Consumer Discretionary,Consumer Discretionary Distrib,Adj,Dec,EPS,CY2026,66.037,64.506,-2.3%,59.892,-7.2%,50.037,-16.5%,1855.83,37.1,-24.2%,-7.9%,-10.6%,-11.6%
MELI,Extended,Retailers,Consumer Discretionary,Consumer Discretionary Distrib,Adj,Dec,EPS,CY2027,85.313,88.188,+3.4%,82.864,-6.0%,69.204,-16.5%,1855.83,26.8,-18.9%,-7.9%,-10.6%,-11.6%
MELI,Extended,Retailers,Consumer Discretionary,Consumer Discretionary Distrib,Adj,Dec,EPS,CY2028,111.421,114.316,+2.6%,108.929,-4.7%,96.174,-11.7%,1855.83,19.3,-13.7%,-7.9%,-10.6%,-11.6%
SE,Extended,Internet,Consumer Discretionary,Consumer Discretionary Distrib,Adj,Dec,EPS,CY2025,3.599,3.844,+6.8%,3.641,-5.3%,3.587,-1.5%,91.33,25.5,-0.3%,-28.4%,-24.8%,-24.5%
SE,Extended,Internet,Consumer Discretionary,Consumer Discretionary Distrib,Adj,Dec,EPS,CY2026,4.999,5.629,+12.6%,4.969,-11.7%,3.641,-26.7%,91.33,25.1,-27.2%,-28.4%,-24.8%,-24.5%
SE,Extended,Internet,Consumer Discretionary,Consumer Discretionary Distrib,Adj,Dec,EPS,CY2027,6.405,7.4,+15.5%,6.684,-9.7%,4.841,-27.6%,91.33,18.9,-24.4%,-28.4%,-24.8%,-24.5%
SE,Extended,Internet,Consumer Discretionary,Consumer Discretionary Distrib,Adj,Dec,EPS,CY2028,9.455,11.835,+25.2%,8.93,-24.5%,5.905,-33.9%,91.33,15.5,-37.5%,-28.4%,-24.8%,-24.5%
GTLB,Extended,Software,Information Technology,Software & Services,Adj,Jan,EPS,CY2025,0.711,0.835,+17.4%,0.895,+7.2%,0.894,-0.1%,21.42,24.0,+25.7%,-42.9%,-37.3%,-50.1%
GTLB,Extended,Software,Information Technology,Software & Services,Adj,Jan,EPS,CY2026,0.966,1.028,+6.4%,1.059,+3.0%,0.797,-24.7%,21.42,26.9,-17.5%,-42.9%,-37.3%,-50.1%
GTLB,Extended,Software,Information Technology,Software & Services,Adj,Jan,EPS,CY2027,1.368,1.289,-5.8%,1.312,+1.8%,0.993,-24.3%,21.42,21.6,-27.4%,-42.9%,-37.3%,-50.1%
GTLB,Extended,Software,Information Technology,Software & Services,Adj,Jan,EPS,CY2028,1.56,1.405,-9.9%,1.773,+26.2%,1.143,-35.5%,21.42,18.7,-26.7%,-42.9%,-37.3%,-50.1%
CFLT,Extended,Software,Information Technology,Software & Services,Adj,Dec,EPS,CY2025,0.355,0.364,+2.5%,0.399,+9.6%,0.4,+0.3%,30.99,77.5,+12.7%,+2.5%,+1.5%,+46.5%
CFLT,Extended,Software,Information Technology,Software & Services,Adj,Dec,EPS,CY2026,0.489,0.466,-4.7%,0.484,+3.9%,0.533,+10.1%,30.99,58.1,+9.0%,+2.5%,+1.5%,+46.5%
CFLT,Extended,Software,Information Technology,Software & Services,Adj,Dec,EPS,CY2027,0.719,0.626,-12.9%,0.634,+1.3%,0.73,+15.1%,30.99,42.5,+1.5%,+2.5%,+1.5%,+46.5%
CFLT,Extended,Software,Information Technology,Software & Services,Adj,Dec,EPS,CY2028,0.925,0.755,-18.4%,0.776,+2.8%,0.81,+4.4%,30.99,38.3,-12.4%,+2.5%,+1.5%,+46.5%
IONQ,Extended,Technology,Information Technology,Technology Hardware & Equipmen,Adj,Dec,EPS,CY2025,-0.496,-0.964,-94.4%,-0.839,+13.0%,-0.833,+0.7%,46.09,-55.3,-67.9%,+2.7%,-9.3%,+79.1%
IONQ,Extended,Technology,Information Technology,Technology Hardware & Equipmen,Adj,Dec,EPS,CY2026,-0.426,-1.392,-226.8%,-1.102,+20.8%,-1.121,-1.7%,46.09,-41.1,-163.1%,+2.7%,-9.3%,+79.1%
IONQ,Extended,Technology,Information Technology,Technology Hardware & Equipmen,Adj,Dec,EPS,CY2027,,-0.814,,-0.74,+9.1%,-0.809,-9.3%,46.09,-57.0,,+2.7%,-9.3%,+79.1%
IONQ,Extended,Technology,Information Technology,Technology Hardware & Equipmen,Adj,Dec,EPS,CY2028,,-0.883,,-0.623,+29.4%,-0.47,+24.6%,46.09,-98.1,,+2.7%,-9.3%,+79.1%
ZS,Extended,Software,Information Technology,Software & Services,Adj,Jul,EPS,CY2025,3.088,3.188,+3.2%,3.188,+0.0%,3.188,+0.0%,134.68,42.2,+3.2%,-40.1%,-37.1%,-33.0%
ZS,Extended,Software,Information Technology,Software & Services,Adj,Jul,EPS,CY2026,3.627,3.666,+1.1%,3.816,+4.1%,4.011,+5.1%,134.68,33.6,+10.6%,-40.1%,-37.1%,-33.0%
ZS,Extended,Software,Information Technology,Software & Services,Adj,Jul,EPS,CY2027,4.378,4.452,+1.7%,4.506,+1.2%,4.583,+1.7%,134.68,29.4,+4.7%,-40.1%,-37.1%,-33.0%
ZS,Extended,Software,Information Technology,Software & Services,Adj,Jul,EPS,CY2028,5.007,5.464,+9.1%,5.504,+0.7%,5.533,+0.5%,134.68,24.3,+10.5%,-40.1%,-37.1%,-33.0%
S,Extended,Software,Information Technology,Software & Services,Adj,Jan,EPS,CY2025,0.185,0.189,+2.2%,0.193,+2.1%,0.195,+1.0%,14.02,71.9,+5.4%,-6.5%,+0.9%,-16.6%
S,Extended,Software,Information Technology,Software & Services,Adj,Jan,EPS,CY2026,0.35,0.331,-5.4%,0.303,-8.5%,0.348,+14.9%,14.02,40.3,-0.6%,-6.5%,+0.9%,-16.6%
S,Extended,Software,Information Technology,Software & Services,Adj,Jan,EPS,CY2027,0.506,0.484,-4.3%,0.438,-9.5%,0.474,+8.2%,14.02,29.6,-6.3%,-6.5%,+0.9%,-16.6%
S,Extended,Software,Information Technology,Software & Services,Adj,Jan,EPS,CY2028,0.74,0.778,+5.1%,0.678,-12.9%,0.672,-0.9%,14.02,20.9,-9.2%,-6.5%,+0.9%,-16.6%
AFRM,Extended,Payments,Financials,Financial Services,Adj,Jun,EPS,CY2025,0.207,0.065,-68.6%,0.065,+0.0%,0.065,+0.0%,64.5,992.3,-68.6%,-13.3%,-13.7%,+53.2%
AFRM,Extended,Payments,Financials,Financial Services,Adj,Jun,EPS,CY2026,1.228,1.014,-17.4%,1.135,+11.9%,1.081,-4.8%,64.5,59.7,-12.0%,-13.3%,-13.7%,+53.2%
AFRM,Extended,Payments,Financials,Financial Services,Adj,Jun,EPS,CY2027,2.194,1.836,-16.3%,1.934,+5.3%,2.087,+7.9%,64.5,30.9,-4.9%,-13.3%,-13.7%,+53.2%
AFRM,Extended,Payments,Financials,Financial Services,Adj,Jun,EPS,CY2028,2.28,2.524,+10.7%,2.511,-0.5%,2.505,-0.2%,64.5,25.7,+9.9%,-13.3%,-13.7%,+53.2%
GRAB,Extended,Internet,Industrials,Transportation,Adj,Dec,EPS,CY2025,0.045,0.041,-8.9%,0.039,-4.9%,0.039,+0.0%,4.21,107.9,-13.3%,-15.6%,-3.9%,+2.4%
GRAB,Extended,Internet,Industrials,Transportation,Adj,Dec,EPS,CY2026,0.103,0.101,-1.9%,0.101,+0.0%,0.099,-2.0%,4.21,42.5,-3.9%,-15.6%,-3.9%,+2.4%
GRAB,Extended,Internet,Industrials,Transportation,Adj,Dec,EPS,CY2027,0.152,0.157,+3.3%,0.151,-3.8%,0.156,+3.3%,4.21,27.0,+2.6%,-15.6%,-3.9%,+2.4%
GRAB,Extended,Internet,Industrials,Transportation,Adj,Dec,EPS,CY2028,0.23,0.23,+0.0%,0.23,+0.0%,0.213,-7.4%,4.21,19.8,-7.4%,-15.6%,-3.9%,+2.4%
GLBE,Extended,Internet,Consumer Discretionary,Consumer Discretionary Distrib,Adj,Dec,EPS,CY2025,0.367,0.338,-7.9%,0.342,+1.2%,0.342,+0.0%,33.91,99.2,-6.8%,-13.7%,-9.6%,+4.5%
GLBE,Extended,Internet,Consumer Discretionary,Consumer Discretionary Distrib,Adj,Dec,EPS,CY2026,0.907,0.997,+9.9%,1.044,+4.7%,1.255,+20.2%,33.91,27.0,+38.4%,-13.7%,-9.6%,+4.5%
GLBE,Extended,Internet,Consumer Discretionary,Consumer Discretionary Distrib,Adj,Dec,EPS,CY2027,1.34,1.343,+0.2%,1.442,+7.4%,1.658,+15.0%,33.91,20.5,+23.7%,-13.7%,-9.6%,+4.5%
GLBE,Extended,Internet,Consumer Discretionary,Consumer Discretionary Distrib,Adj,Dec,EPS,CY2028,,1.96,,1.985,+1.3%,2.184,+10.0%,33.91,15.5,,-13.7%,-9.6%,+4.5%
DUOL,Extended,Internet,Consumer Discretionary,Consumer Services,Adj,Dec,EPS,CY2025,2.54,3.188,+25.5%,8.453,+165.2%,8.448,-0.1%,100.51,11.9,+232.6%,-42.7%,-33.1%,-69.2%
DUOL,Extended,Internet,Consumer Discretionary,Consumer Services,Adj,Dec,EPS,CY2026,4.006,5.142,+28.4%,4.658,-9.4%,3.3,-29.2%,100.51,30.5,-17.6%,-42.7%,-33.1%,-69.2%
DUOL,Extended,Internet,Consumer Discretionary,Consumer Services,Adj,Dec,EPS,CY2027,5.88,6.704,+14.0%,5.484,-18.2%,3.728,-32.0%,100.51,27.0,-36.6%,-42.7%,-33.1%,-69.2%
DUOL,Extended,Internet,Consumer Discretionary,Consumer Services,Adj,Dec,EPS,CY2028,7.135,7.478,+4.8%,7.112,-4.9%,3.932,-44.7%,100.51,25.6,-44.9%,-42.7%,-33.1%,-69.2%
INSP,Extended,Pharma / Med Devices,Health Care,Health Care Equipment & Servic,Adj,Dec,EPS,CY2025,2.154,0.791,-63.3%,1.442,+82.3%,1.492,+3.5%,57.59,38.6,-30.7%,-37.6%,-37.6%,-61.7%
INSP,Extended,Pharma / Med Devices,Health Care,Health Care Equipment & Servic,Adj,Dec,EPS,CY2026,3.162,1.544,-51.2%,1.759,+13.9%,1.828,+3.9%,57.59,31.5,-42.2%,-37.6%,-37.6%,-61.7%
INSP,Extended,Pharma / Med Devices,Health Care,Health Care Equipment & Servic,Adj,Dec,EPS,CY2027,4.313,2.615,-39.4%,2.472,-5.5%,2.554,+3.3%,57.59,22.5,-40.8%,-37.6%,-37.6%,-61.7%
INSP,Extended,Pharma / Med Devices,Health Care,Health Care Equipment & Servic,Adj,Dec,EPS,CY2028,5.334,3.666,-31.3%,3.49,-4.8%,3.367,-3.5%,57.59,17.1,-36.9%,-37.6%,-37.6%,-61.7%
GDRX,Extended,Healthcare providers,Health Care,Health Care Equipment & Servic,Adj,Dec,EPS,CY2025,0.4,0.373,-6.8%,0.361,-3.2%,0.361,+0.0%,2.27,6.3,-9.8%,-16.2%,-15.3%,-49.4%
GDRX,Extended,Healthcare providers,Health Care,Health Care Equipment & Servic,Adj,Dec,EPS,CY2026,0.469,0.459,-2.1%,0.433,-5.7%,0.315,-27.3%,2.27,7.2,-32.8%,-16.2%,-15.3%,-49.4%
GDRX,Extended,Healthcare providers,Health Care,Health Care Equipment & Servic,Adj,Dec,EPS,CY2027,0.523,0.526,+0.6%,0.511,-2.9%,0.366,-28.4%,2.27,6.2,-30.0%,-16.2%,-15.3%,-49.4%
GDRX,Extended,Healthcare providers,Health Care,Health Care Equipment & Servic,Adj,Dec,EPS,CY2028,0.63,0.677,+7.5%,0.511,-24.5%,0.44,-13.9%,2.27,5.2,-30.2%,-16.2%,-15.3%,-49.4%
OSCR,Extended,Managed Care,Financials,Insurance,Adj,Dec,EPS,CY2025,,-1.267,,-1.204,+5.0%,-1.214,-0.8%,15.79,-13.0,,+9.9%,-4.6%,+31.3%
OSCR,Extended,Managed Care,Financials,Insurance,Adj,Dec,EPS,CY2026,,-0.349,,-0.051,+85.4%,0.843,+1752.9%,15.79,18.7,,+9.9%,-4.6%,+31.3%
OSCR,Extended,Managed Care,Financials,Insurance,Adj,Dec,EPS,CY2027,,1.005,,1.03,+2.5%,1.211,+17.6%,15.79,13.0,,+9.9%,-4.6%,+31.3%
OSCR,Extended,Managed Care,Financials,Insurance,Adj,Dec,EPS,CY2028,,1.38,,1.387,+0.5%,2.01,+44.9%,15.79,7.9,,+9.9%,-4.6%,+31.3%
FSLR,Extended,Energy,Information Technology,Semiconductors & Semiconductor,Adj,Dec,EPS,CY2025,17.99,15.147,-15.8%,14.548,-4.0%,14.547,-0.0%,190.44,13.1,-19.1%,-27.1%,-21.9%,+48.8%
FSLR,Extended,Energy,Information Technology,Semiconductors & Semiconductor,Adj,Dec,EPS,CY2026,25.676,22.599,-12.0%,22.802,+0.9%,17.254,-24.3%,190.44,11.0,-32.8%,-27.1%,-21.9%,+48.8%
FSLR,Extended,Energy,Information Technology,Semiconductors & Semiconductor,Adj,Dec,EPS,CY2027,29.947,27.614,-7.8%,28.931,+4.8%,24.031,-16.9%,190.44,7.9,-19.8%,-27.1%,-21.9%,+48.8%
FSLR,Extended,Energy,Information Technology,Semiconductors & Semiconductor,Adj,Dec,EPS,CY2028,31.515,28.353,-10.0%,33.736,+19.0%,28.935,-14.2%,190.44,6.6,-8.2%,-27.1%,-21.9%,+48.8%
ENPH,Extended,Energy,Information Technology,Semiconductors & Semiconductor,Adj,Dec,EPS,CY2025,3.279,2.703,-17.6%,2.813,+4.1%,2.809,-0.1%,32.48,11.6,-14.3%,+1.3%,-7.1%,-38.2%
ENPH,Extended,Energy,Information Technology,Semiconductors & Semiconductor,Adj,Dec,EPS,CY2026,3.92,2.408,-38.6%,2.153,-10.6%,2.233,+3.7%,32.48,14.5,-43.0%,+1.3%,-7.1%,-38.2%
ENPH,Extended,Energy,Information Technology,Semiconductors & Semiconductor,Adj,Dec,EPS,CY2027,4.487,2.883,-35.7%,2.459,-14.7%,2.656,+8.0%,32.48,12.2,-40.8%,+1.3%,-7.1%,-38.2%
ENPH,Extended,Energy,Information Technology,Semiconductors & Semiconductor,Adj,Dec,EPS,CY2028,4.817,3.474,-27.9%,3.107,-10.6%,3.12,+0.4%,32.48,10.4,-35.2%,+1.3%,-7.1%,-38.2%
RUN,Extended,Energy,Industrials,Capital Goods,Adj,Dec,EPS,CY2025,-0.622,1.529,+345.8%,1.419,-7.2%,1.489,+4.9%,12.4,8.3,+339.4%,-32.6%,-32.0%,+81.0%
RUN,Extended,Energy,Industrials,Capital Goods,Adj,Dec,EPS,CY2026,-0.469,0.902,+292.3%,0.48,-46.8%,0.43,-10.4%,12.4,28.8,+191.7%,-32.6%,-32.0%,+81.0%
RUN,Extended,Energy,Industrials,Capital Goods,Adj,Dec,EPS,CY2027,-0.589,1.312,+322.8%,0.572,-56.4%,0.643,+12.4%,12.4,19.3,+209.2%,-32.6%,-32.0%,+81.0%
RUN,Extended,Energy,Industrials,Capital Goods,Adj,Dec,EPS,CY2028,-0.229,1.445,+731.0%,1.297,-10.2%,0.783,-39.6%,12.4,15.8,+441.9%,-32.6%,-32.0%,+81.0%
PLUG,Extended,Energy,Industrials,Capital Goods,Adj,Dec,EPS,CY2025,-0.622,-0.594,+4.5%,-0.734,-23.6%,-0.733,+0.1%,2.78,-3.8,-17.8%,+41.1%,+17.8%,+208.8%
PLUG,Extended,Energy,Industrials,Capital Goods,Adj,Dec,EPS,CY2026,-0.414,-0.318,+23.2%,-0.307,+3.5%,-0.308,-0.3%,2.78,-9.0,+25.6%,+41.1%,+17.8%,+208.8%
PLUG,Extended,Energy,Industrials,Capital Goods,Adj,Dec,EPS,CY2027,-0.308,-0.245,+20.5%,-0.21,+14.3%,-0.204,+2.9%,2.78,-13.6,+33.8%,+41.1%,+17.8%,+208.8%
PLUG,Extended,Energy,Industrials,Capital Goods,Adj,Dec,EPS,CY2028,-0.251,-0.164,+34.7%,-0.113,+31.1%,-0.134,-18.6%,2.78,-20.7,+46.6%,+41.1%,+17.8%,+208.8%
GFS,Extended,Technology,Information Technology,Semiconductors & Semiconductor,Adj,Dec,EPS,CY2025,1.664,1.601,-3.8%,1.638,+2.3%,1.636,-0.1%,54.75,33.5,-1.7%,+56.8%,+32.8%,+72.7%
GFS,Extended,Technology,Information Technology,Semiconductors & Semiconductor,Adj,Dec,EPS,CY2026,2.369,2.005,-15.4%,1.898,-5.3%,1.814,-4.4%,54.75,30.2,-23.4%,+56.8%,+32.8%,+72.7%
GFS,Extended,Technology,Information Technology,Semiconductors & Semiconductor,Adj,Dec,EPS,CY2027,3.105,2.587,-16.7%,2.32,-10.3%,2.348,+1.2%,54.75,23.3,-24.4%,+56.8%,+32.8%,+72.7%
GFS,Extended,Technology,Information Technology,Semiconductors & Semiconductor,Adj,Dec,EPS,CY2028,,45.413,,30.678,-32.4%,3.016,-90.2%,54.75,18.2,,+56.8%,+32.8%,+72.7%
2454,Extended,Technology,Information Technology,Semiconductors & Semiconductor,GAAP,Dec,EPS,CY2025,72.64,66.837,-8.0%,66.43,-0.6%,66.537,+0.2%,1925.0,28.9,-8.4%,+34.6%,+29.6%,+41.0%
2454,Extended,Technology,Information Technology,Semiconductors & Semiconductor,GAAP,Dec,EPS,CY2026,86.447,76.412,-11.6%,70.26,-8.1%,63.386,-9.8%,1925.0,30.4,-26.7%,+34.6%,+29.6%,+41.0%
2454,Extended,Technology,Information Technology,Semiconductors & Semiconductor,GAAP,Dec,EPS,CY2027,106.345,90.075,-15.3%,90.8,+0.8%,98.88,+8.9%,1925.0,19.5,-7.0%,+34.6%,+29.6%,+41.0%
2454,Extended,Technology,Information Technology,Semiconductors & Semiconductor,GAAP,Dec,EPS,CY2028,,109.29,,98.185,-10.2%,139.945,+42.5%,1925.0,13.8,,+34.6%,+29.6%,+41.0%
AMG,Extended,Financials and related,Financials,Financial Services,Adj,Dec,EPS,CY2025,22.068,24.488,+11.0%,25.53,+4.3%,25.53,+0.0%,294.98,11.6,+15.7%,+2.3%,-9.5%,+89.0%
AMG,Extended,Financials and related,Financials,Financial Services,Adj,Dec,EPS,CY2026,24.965,28.81,+15.4%,30.232,+4.9%,33.322,+10.2%,294.98,8.9,+33.5%,+2.3%,-9.5%,+89.0%
AMG,Extended,Financials and related,Financials,Financial Services,Adj,Dec,EPS,CY2027,28.868,33.698,+16.7%,35.967,+6.7%,37.803,+5.1%,294.98,7.8,+31.0%,+2.3%,-9.5%,+89.0%
AMG,Extended,Financials and related,Financials,Financial Services,Adj,Dec,EPS,CY2028,,32.96,,38.8,+17.7%,42.993,+10.8%,294.98,6.9,,+2.3%,-9.5%,+89.0%
AB,Extended,Financials and related,Financials,Financial Services,Adj,Dec,EPS,CY2025,3.283,3.309,+0.8%,3.32,+0.3%,3.32,+0.0%,38.89,11.7,+1.1%,+1.1%,-3.2%,+5.4%
AB,Extended,Financials and related,Financials,Financial Services,Adj,Dec,EPS,CY2026,3.682,3.773,+2.5%,3.748,-0.7%,3.494,-6.8%,38.89,11.1,-5.1%,+1.1%,-3.2%,+5.4%
AB,Extended,Financials and related,Financials,Financial Services,Adj,Dec,EPS,CY2027,4.13,4.177,+1.1%,4.096,-1.9%,3.368,-17.8%,38.89,11.5,-18.5%,+1.1%,-3.2%,+5.4%
AB,Extended,Financials and related,Financials,Financial Services,Adj,Dec,EPS,CY2028,,4.28,,4.28,+0.0%,4.113,-3.9%,38.89,9.5,,+1.1%,-3.2%,+5.4%
BLK,Extended,Financials and related,Financials,Financial Services,Adj,Dec,EPS,CY2025,45.097,47.879,+6.2%,47.182,-1.5%,47.182,+0.0%,1052.14,22.3,+4.6%,-1.7%,-9.5%,+20.1%
BLK,Extended,Financials and related,Financials,Financial Services,Adj,Dec,EPS,CY2026,50.161,53.953,+7.6%,54.29,+0.6%,53.281,-1.9%,1052.14,19.7,+6.2%,-1.7%,-9.5%,+20.1%
BLK,Extended,Financials and related,Financials,Financial Services,Adj,Dec,EPS,CY2027,57.113,61.349,+7.4%,61.916,+0.9%,60.642,-2.1%,1052.14,17.4,+6.2%,-1.7%,-9.5%,+20.1%
BLK,Extended,Financials and related,Financials,Financial Services,Adj,Dec,EPS,CY2028,65.57,65.315,-0.4%,70.746,+8.3%,69.264,-2.1%,1052.14,15.2,+5.6%,-1.7%,-9.5%,+20.1%
FHI,Extended,Financials and related,Financials,Financial Services,Adj,Dec,EPS,CY2025,3.99,4.659,+16.8%,4.936,+5.9%,4.942,+0.1%,56.69,11.5,+23.9%,+8.9%,+4.3%,+50.9%
FHI,Extended,Financials and related,Financials,Financial Services,Adj,Dec,EPS,CY2026,4.35,4.849,+11.5%,5.178,+6.8%,5.079,-1.9%,56.69,11.2,+16.8%,+8.9%,+4.3%,+50.9%
FHI,Extended,Financials and related,Financials,Financial Services,Adj,Dec,EPS,CY2027,4.78,5.446,+13.9%,5.732,+5.3%,5.717,-0.3%,56.69,9.9,+19.6%,+8.9%,+4.3%,+50.9%
FHI,Extended,Financials and related,Financials,Financial Services,Adj,Dec,EPS,CY2028,,5.61,,5.815,+3.7%,6.477,+11.4%,56.69,8.8,,+8.9%,+4.3%,+50.9%
JHG,Extended,Financials and related,Financials,Financial Services,Adj,Dec,EPS,CY2025,3.296,3.76,+14.1%,3.978,+5.8%,4.015,+0.9%,51.56,12.8,+21.8%,+8.4%,+7.8%,+67.8%
JHG,Extended,Financials and related,Financials,Financial Services,Adj,Dec,EPS,CY2026,3.617,4.375,+21.0%,4.294,-1.9%,4.264,-0.7%,51.56,12.1,+17.9%,+8.4%,+7.8%,+67.8%
JHG,Extended,Financials and related,Financials,Financial Services,Adj,Dec,EPS,CY2027,3.9,4.613,+18.3%,4.572,-0.9%,4.601,+0.6%,51.56,11.2,+18.0%,+8.4%,+7.8%,+67.8%
JHG,Extended,Financials and related,Financials,Financial Services,Adj,Dec,EPS,CY2028,,5.09,,5.127,+0.7%,4.843,-5.5%,51.56,10.6,,+8.4%,+7.8%,+67.8%
IVZ,Extended,Financials and related,Financials,Financial Services,Adj,Dec,EPS,CY2025,1.704,1.818,+6.7%,1.979,+8.9%,1.993,+0.7%,24.81,12.4,+17.0%,-5.6%,-15.7%,+93.8%
IVZ,Extended,Financials and related,Financials,Financial Services,Adj,Dec,EPS,CY2026,1.875,2.383,+27.1%,2.591,+8.7%,2.575,-0.6%,24.81,9.6,+37.3%,-5.6%,-15.7%,+93.8%
IVZ,Extended,Financials and related,Financials,Financial Services,Adj,Dec,EPS,CY2027,2.216,2.758,+24.5%,2.957,+7.2%,2.897,-2.0%,24.81,8.6,+30.7%,-5.6%,-15.7%,+93.8%
IVZ,Extended,Financials and related,Financials,Financial Services,Adj,Dec,EPS,CY2028,,2.81,,3.37,+19.9%,3.141,-6.8%,24.81,7.9,,-5.6%,-15.7%,+93.8%
IR,Extended,Industrial / Cyclical,Industrials,Capital Goods,Adj,Dec,EPS,CY2025,3.388,3.374,-0.4%,3.281,-2.8%,3.28,-0.0%,85.8,26.2,-3.2%,+8.3%,-2.7%,+19.1%
IR,Extended,Industrial / Cyclical,Industrials,Capital Goods,Adj,Dec,EPS,CY2026,3.71,3.699,-0.3%,3.531,-4.5%,3.516,-0.4%,85.8,24.4,-5.2%,+8.3%,-2.7%,+19.1%
IR,Extended,Industrial / Cyclical,Industrials,Capital Goods,Adj,Dec,EPS,CY2027,4.057,4.044,-0.3%,3.917,-3.1%,3.871,-1.2%,85.8,22.2,-4.6%,+8.3%,-2.7%,+19.1%
IR,Extended,Industrial / Cyclical,Industrials,Capital Goods,Adj,Dec,EPS,CY2028,4.52,4.477,-1.0%,4.358,-2.7%,4.256,-2.3%,85.8,20.2,-5.8%,+8.3%,-2.7%,+19.1%
HCA,Portfolio,,Health Care,Health Care Equipment & Servic,,Dec,Revenue,CY2025,74604.96,75045.391,+0.6%,75752.773,+0.9%,75765.818,+0.0%,488.0,,+1.6%,+4.5%,+4.0%,+45.7%
HCA,Portfolio,,Health Care,Health Care Equipment & Servic,,Dec,Revenue,CY2026,78458.435,78239.125,-0.3%,79109.261,+1.1%,78668.44,-0.6%,488.0,,+0.3%,+4.5%,+4.0%,+45.7%
HCA,Portfolio,,Health Care,Health Care Equipment & Servic,,Dec,Revenue,CY2027,82679.714,82356.158,-0.4%,83106.15,+0.9%,82456.458,-0.8%,488.0,,-0.3%,+4.5%,+4.0%,+45.7%
HCA,Portfolio,,Health Care,Health Care Equipment & Servic,,Dec,Revenue,CY2028,89529.667,88332.25,-1.3%,88098.0,-0.3%,87039.333,-1.2%,488.0,,-2.8%,+4.5%,+4.0%,+45.7%
UNH,Portfolio,,Health Care,Health Care Equipment & Servic,,Dec,Revenue,CY2025,452924.682,447589.87,-1.2%,448006.833,+0.1%,448006.833,+0.0%,324.63,,-1.1%,-1.7%,-1.9%,-28.5%
UNH,Portfolio,,Health Care,Health Care Equipment & Servic,,Dec,Revenue,CY2026,489910.762,465655.174,-5.0%,455449.792,-2.2%,440232.917,-3.3%,324.63,,-10.1%,-1.7%,-1.9%,-28.5%
UNH,Portfolio,,Health Care,Health Care Equipment & Servic,,Dec,Revenue,CY2027,528996.75,490797.5,-7.2%,479580.435,-2.3%,455960.042,-4.9%,324.63,,-13.8%,-1.7%,-1.9%,-28.5%
UNH,Portfolio,,Health Care,Health Care Equipment & Servic,,Dec,Revenue,CY2028,572786.0,515135.2,-10.1%,510956.364,-0.8%,483440.375,-5.4%,324.63,,-15.6%,-1.7%,-1.9%,-28.5%
TSM,Portfolio,,Information Technology,Semiconductors & Semiconductor,,Dec,Revenue,CY2025,113209.173,122712.626,+8.4%,119941.697,-2.3%,119941.697,+0.0%,370.5,,+5.9%,+21.9%,+8.2%,+144.2%
TSM,Portfolio,,Information Technology,Semiconductors & Semiconductor,,Dec,Revenue,CY2026,132816.708,148408.662,+11.7%,156249.945,+5.3%,162913.196,+4.3%,370.5,,+22.7%,+21.9%,+8.2%,+144.2%
TSM,Portfolio,,Information Technology,Semiconductors & Semiconductor,,Dec,Revenue,CY2027,156011.704,178185.834,+14.2%,191755.723,+7.6%,205401.499,+7.1%,370.5,,+31.7%,+21.9%,+8.2%,+144.2%
TSM,Portfolio,,Information Technology,Semiconductors & Semiconductor,,Dec,Revenue,CY2028,175013.976,200505.057,+14.6%,224277.108,+11.9%,246076.885,+9.7%,370.5,,+40.6%,+21.9%,+8.2%,+144.2%
AVGO,Portfolio,,Information Technology,Semiconductors & Semiconductor,,Oct,Revenue,CY2025,62428.605,63357.114,+1.5%,63377.959,+0.0%,63377.959,+0.0%,406.54,,+1.5%,+17.5%,+15.6%,+137.8%
AVGO,Portfolio,,Information Technology,Semiconductors & Semiconductor,,Oct,Revenue,CY2026,72206.282,86421.261,+19.7%,97472.725,+12.8%,104173.234,+6.9%,406.54,,+44.3%,+17.5%,+15.6%,+137.8%
AVGO,Portfolio,,Information Technology,Semiconductors & Semiconductor,,Oct,Revenue,CY2027,81912.056,111059.303,+35.6%,134011.348,+20.7%,160918.021,+20.1%,406.54,,+96.5%,+17.5%,+15.6%,+137.8%
AVGO,Portfolio,,Information Technology,Semiconductors & Semiconductor,,Oct,Revenue,CY2028,,121257.25,,158839.15,+31.0%,194657.074,+22.5%,406.54,,,+17.5%,+15.6%,+137.8%
NVDA,Portfolio,,Information Technology,Semiconductors & Semiconductor,,Jan,Revenue,CY2025,199703.512,206769.567,+3.5%,213494.106,+3.3%,213762.537,+0.1%,201.68,,+7.0%,+8.1%,+8.3%,+98.7%
NVDA,Portfolio,,Information Technology,Semiconductors & Semiconductor,,Jan,Revenue,CY2026,242728.15,279124.0,+15.0%,330367.971,+18.4%,366867.493,+11.0%,201.68,,+51.1%,+8.1%,+8.3%,+98.7%
NVDA,Portfolio,,Information Technology,Semiconductors & Semiconductor,,Jan,Revenue,CY2027,272206.632,330942.721,+21.6%,421297.0,+27.3%,482607.313,+14.6%,201.68,,+77.3%,+8.1%,+8.3%,+98.7%
NVDA,Portfolio,,Information Technology,Semiconductors & Semiconductor,,Jan,Revenue,CY2028,291242.333,355186.429,+22.0%,519723.2,+46.3%,577743.545,+11.2%,201.68,,+98.4%,+8.1%,+8.3%,+98.7%
META,Portfolio,,Communication Services,Media & Entertainment,,Dec,Revenue,CY2025,186892.057,196127.139,+4.9%,199334.971,+1.6%,199441.536,+0.1%,688.55,,+6.7%,+4.3%,+11.0%,+37.3%
META,Portfolio,,Communication Services,Media & Entertainment,,Dec,Revenue,CY2026,211962.433,228119.671,+7.6%,235496.328,+3.2%,250250.03,+6.3%,688.55,,+18.1%,+4.3%,+11.0%,+37.3%
META,Portfolio,,Communication Services,Media & Entertainment,,Dec,Revenue,CY2027,238949.313,262603.898,+9.9%,272540.113,+3.8%,296644.871,+8.8%,688.55,,+24.1%,+4.3%,+11.0%,+37.3%
META,Portfolio,,Communication Services,Media & Entertainment,,Dec,Revenue,CY2028,261738.739,299186.85,+14.3%,310110.48,+3.7%,345418.146,+11.4%,688.55,,+32.0%,+4.3%,+11.0%,+37.3%
AMZN,Portfolio,,Consumer Discretionary,Consumer Discretionary Distrib,,Dec,Revenue,CY2025,695920.169,708873.076,+1.9%,714785.043,+0.8%,714794.275,+0.0%,250.56,,+2.7%,+8.6%,+4.8%,+45.2%
AMZN,Portfolio,,Consumer Discretionary,Consumer Discretionary Distrib,,Dec,Revenue,CY2026,765483.271,782942.0,+2.3%,796361.03,+1.7%,806462.631,+1.3%,250.56,,+5.4%,+8.6%,+4.8%,+45.2%
AMZN,Portfolio,,Consumer Discretionary,Consumer Discretionary Distrib,,Dec,Revenue,CY2027,841265.891,867611.095,+3.1%,886300.706,+2.2%,902118.778,+1.8%,250.56,,+7.2%,+8.6%,+4.8%,+45.2%
AMZN,Portfolio,,Consumer Discretionary,Consumer Discretionary Distrib,,Dec,Revenue,CY2028,909609.636,953647.571,+4.8%,979896.783,+2.8%,1010671.622,+3.1%,250.56,,+11.1%,+8.6%,+4.8%,+45.2%
JPM,Portfolio,,Financials,Banks,,Dec,Revenue,CY2025,176315.091,184253.0,+4.5%,184149.563,-0.1%,184149.563,+0.0%,310.29,,+4.4%,-3.7%,-0.7%,+33.8%
JPM,Portfolio,,Financials,Banks,,Dec,Revenue,CY2026,180461.0,190885.846,+5.8%,194225.133,+1.7%,197145.214,+1.5%,310.29,,+9.2%,-3.7%,-0.7%,+33.8%
JPM,Portfolio,,Financials,Banks,,Dec,Revenue,CY2027,188390.25,198143.7,+5.2%,203006.615,+2.5%,205044.385,+1.0%,310.29,,+8.8%,-3.7%,-0.7%,+33.8%
JPM,Portfolio,,Financials,Banks,,Dec,Revenue,CY2028,,,,215342.667,,212425.143,-1.4%,310.29,,,-3.7%,-0.7%,+33.8%
APO,Portfolio,,Financials,Financial Services,,Dec,Revenue,CY2025,18782.167,4364.0,-76.8%,19455.0,+345.8%,19560.714,+0.5%,124.62,,+4.1%,-13.9%,-13.4%,-1.7%
APO,Portfolio,,Financials,Financial Services,,Dec,Revenue,CY2026,19024.0,15779.714,-17.1%,22382.143,+41.8%,22891.833,+2.3%,124.62,,+20.3%,-13.9%,-13.4%,-1.7%
APO,Portfolio,,Financials,Financial Services,,Dec,Revenue,CY2027,24743.25,23383.5,-5.5%,25826.571,+10.4%,26472.0,+2.5%,124.62,,+7.0%,-13.9%,-13.4%,-1.7%
APO,Portfolio,,Financials,Financial Services,,Dec,Revenue,CY2028,,,,28846.0,,30111.0,+4.4%,124.62,,,-13.9%,-13.4%,-1.7%
PGR,Portfolio,,Financials,Insurance,,Dec,Revenue,CY2025,87626.579,87032.294,-0.7%,86689.5,-0.4%,86689.5,+0.0%,202.58,,-1.1%,-5.4%,+0.1%,-18.9%
PGR,Portfolio,,Financials,Insurance,,Dec,Revenue,CY2026,97571.778,94243.111,-3.4%,93394.684,-0.9%,92152.316,-1.3%,202.58,,-5.6%,-5.4%,+0.1%,-18.9%
PGR,Portfolio,,Financials,Insurance,,Dec,Revenue,CY2027,106557.727,101412.222,-4.8%,100310.333,-1.1%,98128.368,-2.2%,202.58,,-7.9%,-5.4%,+0.1%,-18.9%
PGR,Portfolio,,Financials,Insurance,,Dec,Revenue,CY2028,112760.667,108294.0,-4.0%,103702.833,-4.2%,103245.5,-0.4%,202.58,,-8.4%,-5.4%,+0.1%,-18.9%
CVNA,Portfolio,,Consumer Discretionary,Consumer Discretionary Distrib,,Dec,Revenue,CY2025,16677.048,19062.25,+14.3%,19952.88,+4.7%,19984.231,+0.2%,387.53,,+19.8%,-8.2%,-12.5%,+83.3%
CVNA,Portfolio,,Consumer Discretionary,Consumer Discretionary Distrib,,Dec,Revenue,CY2026,19749.952,23982.0,+21.4%,25509.625,+6.4%,26900.542,+5.5%,387.53,,+36.2%,-8.2%,-12.5%,+83.3%
CVNA,Portfolio,,Consumer Discretionary,Consumer Discretionary Distrib,,Dec,Revenue,CY2027,23608.786,30320.882,+28.4%,31652.95,+4.4%,33027.826,+4.3%,387.53,,+39.9%,-8.2%,-12.5%,+83.3%
CVNA,Portfolio,,Consumer Discretionary,Consumer Discretionary Distrib,,Dec,Revenue,CY2028,26989.667,37996.3,+40.8%,37108.417,-2.3%,41069.765,+10.7%,387.53,,+52.2%,-8.2%,-12.5%,+83.3%
APP,Portfolio,,Information Technology,Software & Services,,Dec,Revenue,CY2025,5680.036,5629.556,-0.9%,5677.091,+0.8%,5677.333,+0.0%,477.2,,-0.0%,-29.2%,-16.1%,+100.3%
APP,Portfolio,,Information Technology,Software & Services,,Dec,Revenue,CY2026,6907.56,7664.75,+11.0%,7797.938,+1.7%,8027.97,+2.9%,477.2,,+16.2%,-29.2%,-16.1%,+100.3%
APP,Portfolio,,Information Technology,Software & Services,,Dec,Revenue,CY2027,8416.105,9505.65,+12.9%,9936.667,+4.5%,10409.484,+4.8%,477.2,,+23.7%,-29.2%,-16.1%,+100.3%
APP,Portfolio,,Information Technology,Software & Services,,Dec,Revenue,CY2028,10638.375,11983.9,+12.6%,12589.818,+5.1%,12989.6,+3.2%,477.2,,+22.1%,-29.2%,-16.1%,+100.3%
VEEV,Portfolio,,Health Care,Health Care Equipment & Servic,,Jan,Revenue,CY2025,3047.379,3142.385,+3.1%,3169.607,+0.9%,3169.607,+0.0%,167.95,,+4.0%,-24.8%,-24.4%,-22.2%
VEEV,Portfolio,,Health Care,Health Care Equipment & Servic,,Jan,Revenue,CY2026,3418.407,3518.31,+2.9%,3573.966,+1.6%,3595.0,+0.6%,167.95,,+5.2%,-24.8%,-24.4%,-22.2%
VEEV,Portfolio,,Health Care,Health Care Equipment & Servic,,Jan,Revenue,CY2027,3863.214,3983.737,+3.1%,4005.577,+0.5%,4035.815,+0.8%,167.95,,+4.5%,-24.8%,-24.4%,-22.2%
VEEV,Portfolio,,Health Care,Health Care Equipment & Servic,,Jan,Revenue,CY2028,,4628.429,,4618.875,-0.2%,4553.0,-1.4%,167.95,,,-24.8%,-24.4%,-22.2%
GOOG,Watchlist,,Communication Services,Media & Entertainment,,Dec,Revenue,CY2025,327810.231,335633.414,+2.4%,340749.677,+1.5%,340854.848,+0.0%,339.4,,+4.0%,+8.2%,+2.7%,+121.3%
GOOG,Watchlist,,Communication Services,Media & Entertainment,,Dec,Revenue,CY2026,365162.32,378312.538,+3.6%,391190.6,+3.4%,405306.563,+3.6%,339.4,,+11.0%,+8.2%,+2.7%,+121.3%
GOOG,Watchlist,,Communication Services,Media & Entertainment,,Dec,Revenue,CY2027,409363.462,424114.889,+3.6%,445905.704,+5.1%,473234.857,+6.1%,339.4,,+15.6%,+8.2%,+2.7%,+121.3%
GOOG,Watchlist,,Communication Services,Media & Entertainment,,Dec,Revenue,CY2028,444663.714,472677.5,+6.3%,509695.9,+7.8%,548600.333,+7.6%,339.4,,+23.4%,+8.2%,+2.7%,+121.3%
MU,Watchlist,,Information Technology,Semiconductors & Semiconductor,,Aug,Revenue,CY2025,35438.563,37177.154,+4.9%,37177.154,+0.0%,37177.154,+0.0%,455.07,,+4.9%,+59.4%,+25.5%,+561.4%
MU,Watchlist,,Information Technology,Semiconductors & Semiconductor,,Aug,Revenue,CY2026,45388.824,53534.326,+17.9%,73416.595,+37.1%,109365.927,+49.0%,455.07,,+141.0%,+59.4%,+25.5%,+561.4%
MU,Watchlist,,Information Technology,Semiconductors & Semiconductor,,Aug,Revenue,CY2027,48417.545,61119.065,+26.2%,92610.154,+51.5%,174500.231,+88.4%,455.07,,+260.4%,+59.4%,+25.5%,+561.4%
MU,Watchlist,,Information Technology,Semiconductors & Semiconductor,,Aug,Revenue,CY2028,56386.5,59676.0,+5.8%,90987.158,+52.5%,167871.375,+84.5%,455.07,,+197.7%,+59.4%,+25.5%,+561.4%
LRCX,Watchlist,,Information Technology,Semiconductors & Semiconductor,,Jun,Revenue,CY2025,17795.13,18262.032,+2.6%,18262.032,+0.0%,18262.032,+0.0%,267.6,,+2.6%,+56.3%,+20.0%,+319.7%
LRCX,Watchlist,,Information Technology,Semiconductors & Semiconductor,,Jun,Revenue,CY2026,18151.96,20089.1,+10.7%,21370.355,+6.4%,22464.71,+5.1%,267.6,,+23.8%,+56.3%,+20.0%,+319.7%
LRCX,Watchlist,,Information Technology,Semiconductors & Semiconductor,,Jun,Revenue,CY2027,20373.882,22245.458,+9.2%,24490.774,+10.1%,28436.065,+16.1%,267.6,,+39.6%,+56.3%,+20.0%,+319.7%
LRCX,Watchlist,,Information Technology,Semiconductors & Semiconductor,,Jun,Revenue,CY2028,23628.0,24415.0,+3.3%,26900.706,+10.2%,32668.737,+21.4%,267.6,,+38.3%,+56.3%,+20.0%,+319.7%
DASH,Watchlist,,Consumer Discretionary,Consumer Services,,Dec,Revenue,CY2025,12959.881,13292.318,+2.6%,13748.727,+3.4%,13745.267,-0.0%,183.89,,+6.1%,-18.8%,-10.4%,+1.5%
DASH,Watchlist,,Consumer Discretionary,Consumer Services,,Dec,Revenue,CY2026,15283.146,16402.023,+7.3%,17797.756,+8.5%,17818.0,+0.1%,183.89,,+16.6%,-18.8%,-10.4%,+1.5%
DASH,Watchlist,,Consumer Discretionary,Consumer Services,,Dec,Revenue,CY2027,17760.179,19564.367,+10.2%,21100.694,+7.9%,21317.395,+1.0%,183.89,,+20.0%,-18.8%,-10.4%,+1.5%
DASH,Watchlist,,Consumer Discretionary,Consumer Services,,Dec,Revenue,CY2028,20241.929,22561.737,+11.5%,24650.65,+9.3%,24928.833,+1.1%,183.89,,+23.2%,-18.8%,-10.4%,+1.5%
MSFT,Watchlist,,Information Technology,Software & Services,,Jun,Revenue,CY2025,276921.719,279004.862,+0.8%,279004.862,+0.0%,279004.862,+0.0%,422.79,,+0.8%,-12.6%,-8.1%,+15.0%
MSFT,Watchlist,,Information Technology,Software & Services,,Jun,Revenue,CY2026,313294.632,322837.898,+3.0%,326438.051,+1.1%,327619.143,+0.4%,422.79,,+4.6%,-12.6%,-8.1%,+15.0%
MSFT,Watchlist,,Information Technology,Software & Services,,Jun,Revenue,CY2027,351099.6,369591.268,+5.3%,375496.81,+1.6%,378377.429,+0.8%,422.79,,+7.8%,-12.6%,-8.1%,+15.0%
MSFT,Watchlist,,Information Technology,Software & Services,,Jun,Revenue,CY2028,408137.778,425513.036,+4.3%,434858.629,+2.2%,440994.543,+1.4%,422.79,,+8.1%,-12.6%,-8.1%,+15.0%
BX,Watchlist,,Financials,Financial Services,,Dec,Revenue,CY2025,12139.143,12529.5,+3.2%,12803.1,+2.2%,12722.909,-0.6%,129.08,,+4.8%,-16.3%,-21.1%,-1.0%
BX,Watchlist,,Financials,Financial Services,,Dec,Revenue,CY2026,15690.077,16002.0,+2.0%,15782.833,-1.4%,15215.583,-3.6%,129.08,,-3.0%,-16.3%,-21.1%,-1.0%
BX,Watchlist,,Financials,Financial Services,,Dec,Revenue,CY2027,19130.125,19787.556,+3.4%,19441.4,-1.7%,18836.923,-3.1%,129.08,,-1.5%,-16.3%,-21.1%,-1.0%
BX,Watchlist,,Financials,Financial Services,,Dec,Revenue,CY2028,20075.333,20767.0,+3.4%,20344.25,-2.0%,19445.143,-4.4%,129.08,,-3.1%,-16.3%,-21.1%,-1.0%
BKNG,Watchlist,,Consumer Discretionary,Consumer Services,,Dec,Revenue,CY2025,25096.8,26381.029,+5.1%,26692.556,+1.2%,26703.583,+0.0%,192.01,,+6.4%,-10.4%,-6.2%,+5.0%
BKNG,Watchlist,,Consumer Discretionary,Consumer Services,,Dec,Revenue,CY2026,27210.389,28658.229,+5.3%,29149.139,+1.7%,29944.919,+2.7%,192.01,,+10.0%,-10.4%,-6.2%,+5.0%
BKNG,Watchlist,,Consumer Discretionary,Consumer Services,,Dec,Revenue,CY2027,29378.864,31066.292,+5.7%,31578.286,+1.6%,32486.135,+2.9%,192.01,,+10.6%,-10.4%,-6.2%,+5.0%
BKNG,Watchlist,,Consumer Discretionary,Consumer Services,,Dec,Revenue,CY2028,31351.917,33623.231,+7.2%,34107.765,+1.4%,34998.045,+2.6%,192.01,,+11.6%,-10.4%,-6.2%,+5.0%
COST,Watchlist,,Consumer Staples,Consumer Staples Distribution,,Aug,Revenue,CY2025,274528.971,275078.688,+0.2%,275078.688,+0.0%,275078.688,+0.0%,999.89,,+0.2%,+16.0%,+3.8%,+0.5%
COST,Watchlist,,Consumer Staples,Consumer Staples Distribution,,Aug,Revenue,CY2026,294042.938,296934.063,+1.0%,297092.345,+0.1%,299076.967,+0.7%,999.89,,+1.7%,+16.0%,+3.8%,+0.5%
COST,Watchlist,,Consumer Staples,Consumer Staples Distribution,,Aug,Revenue,CY2027,313546.958,319358.379,+1.9%,319355.517,-0.0%,322184.467,+0.9%,999.89,,+2.8%,+16.0%,+3.8%,+0.5%
COST,Watchlist,,Consumer Staples,Consumer Staples Distribution,,Aug,Revenue,CY2028,333253.143,343508.813,+3.1%,343528.5,+0.0%,347887.389,+1.3%,999.89,,+4.4%,+16.0%,+3.8%,+0.5%
QCOM,Extended,Uncategorized,Information Technology,Semiconductors & Semiconductor,,Sep,Revenue,CY2025,43415.625,43676.03,+0.6%,43685.212,+0.0%,43685.212,+0.0%,136.2,,+0.6%,-20.4%,-14.6%,-0.3%
QCOM,Extended,Uncategorized,Information Technology,Semiconductors & Semiconductor,,Sep,Revenue,CY2026,44997.094,44588.939,-0.9%,45526.212,+2.1%,43685.939,-4.0%,136.2,,-2.9%,-20.4%,-14.6%,-0.3%
QCOM,Extended,Uncategorized,Information Technology,Semiconductors & Semiconductor,,Sep,Revenue,CY2027,45601.533,46055.625,+1.0%,46267.818,+0.5%,44062.667,-4.8%,136.2,,-3.4%,-20.4%,-14.6%,-0.3%
QCOM,Extended,Uncategorized,Information Technology,Semiconductors & Semiconductor,,Sep,Revenue,CY2028,49825.333,47413.667,-4.8%,48668.2,+2.6%,47257.941,-2.9%,136.2,,-5.2%,-20.4%,-14.6%,-0.3%
ASML,Extended,Uncategorized,Information Technology,Semiconductors & Semiconductor,,Dec,Revenue,CY2025,32321.175,32466.943,+0.5%,32491.485,+0.1%,32503.385,+0.0%,1244.0,,+0.6%,+35.0%,+6.6%,+120.5%
ASML,Extended,Uncategorized,Information Technology,Semiconductors & Semiconductor,,Dec,Revenue,CY2026,35443.35,33911.262,-4.3%,34813.949,+2.7%,39089.37,+12.3%,1244.0,,+10.3%,+35.0%,+6.6%,+120.5%
ASML,Extended,Uncategorized,Information Technology,Semiconductors & Semiconductor,,Dec,Revenue,CY2027,39792.407,38484.429,-3.3%,40429.811,+5.1%,46945.174,+16.1%,1244.0,,+18.0%,+35.0%,+6.6%,+120.5%
ASML,Extended,Uncategorized,Information Technology,Semiconductors & Semiconductor,,Dec,Revenue,CY2028,44036.9,42170.25,-4.2%,44165.667,+4.7%,51680.967,+17.0%,1244.0,,+17.4%,+35.0%,+6.6%,+120.5%
AMAT,Extended,Uncategorized,Information Technology,Semiconductors & Semiconductor,,Oct,Revenue,CY2025,28759.419,28225.5,-1.9%,28239.903,+0.1%,28239.903,+0.0%,396.94,,-1.8%,+54.5%,+21.4%,+188.8%
AMAT,Extended,Uncategorized,Information Technology,Semiconductors & Semiconductor,,Oct,Revenue,CY2026,30504.533,28903.0,-5.3%,28952.471,+0.2%,31491.182,+8.8%,396.94,,+3.2%,+54.5%,+21.4%,+188.8%
AMAT,Extended,Uncategorized,Information Technology,Semiconductors & Semiconductor,,Oct,Revenue,CY2027,32736.938,31691.095,-3.2%,33035.813,+4.2%,37719.485,+14.2%,396.94,,+15.2%,+54.5%,+21.4%,+188.8%
AMAT,Extended,Uncategorized,Information Technology,Semiconductors & Semiconductor,,Oct,Revenue,CY2028,34409.25,32933.75,-4.3%,34955.625,+6.1%,40996.133,+17.3%,396.94,,+19.1%,+54.5%,+21.4%,+188.8%
KKR,Extended,Uncategorized,Financials,Financial Services,,Dec,Revenue,CY2025,7400.0,8265.0,+11.7%,8100.0,-2.0%,7829.8,-3.3%,103.6,,+5.8%,-18.7%,-21.2%,+0.2%
KKR,Extended,Uncategorized,Financials,Financial Services,,Dec,Revenue,CY2026,9182.833,10633.2,+15.8%,13290.222,+25.0%,10822.714,-18.6%,103.6,,+17.9%,-18.7%,-21.2%,+0.2%
KKR,Extended,Uncategorized,Financials,Financial Services,,Dec,Revenue,CY2027,11997.571,12908.833,+7.6%,15020.5,+16.4%,13296.333,-11.5%,103.6,,+10.8%,-18.7%,-21.2%,+0.2%
KKR,Extended,Uncategorized,Financials,Financial Services,,Dec,Revenue,CY2028,16998.0,22984.333,+35.2%,27804.0,+21.0%,14057.8,-49.4%,103.6,,-17.3%,-18.7%,-21.2%,+0.2%
BAM,Extended,Uncategorized,Financials,Financial Services,,Dec,Revenue,CY2025,5327.333,5289.583,-0.7%,5372.0,+1.6%,5392.286,+0.4%,49.32,,+1.2%,-5.9%,-6.6%,+1.5%
BAM,Extended,Uncategorized,Financials,Financial Services,,Dec,Revenue,CY2026,6106.833,6013.917,-1.5%,6042.154,+0.5%,6197.667,+2.6%,49.32,,+1.5%,-5.9%,-6.6%,+1.5%
BAM,Extended,Uncategorized,Financials,Financial Services,,Dec,Revenue,CY2027,6774.0,6971.875,+2.9%,6911.083,-0.9%,7126.5,+3.1%,49.32,,+5.2%,-5.9%,-6.6%,+1.5%
BAM,Extended,Uncategorized,Financials,Financial Services,,Dec,Revenue,CY2028,7644.5,7433.0,-2.8%,7872.0,+5.9%,7862.333,-0.1%,49.32,,+2.8%,-5.9%,-6.6%,+1.5%
ARES,Extended,Uncategorized,Financials,Financial Services,,Dec,Revenue,CY2025,4572.333,4313.7,-5.7%,4316.4,+0.1%,4433.4,+2.7%,117.78,,-3.0%,-27.1%,-30.6%,-16.6%
ARES,Extended,Uncategorized,Financials,Financial Services,,Dec,Revenue,CY2026,5872.286,5236.4,-10.8%,5472.625,+4.5%,5468.75,-0.1%,117.78,,-6.9%,-27.1%,-30.6%,-16.6%
ARES,Extended,Uncategorized,Financials,Financial Services,,Dec,Revenue,CY2027,6950.0,6411.167,-7.8%,6449.5,+0.6%,6409.0,-0.6%,117.78,,-7.8%,-27.1%,-30.6%,-16.6%
ARES,Extended,Uncategorized,Financials,Financial Services,,Dec,Revenue,CY2028,,,,6904.0,,7001.333,+1.4%,117.78,,,-27.1%,-30.6%,-16.6%
OWL,Extended,Uncategorized,Financials,Financial Services,,Dec,Revenue,CY2025,2756.333,2666.867,-3.2%,2661.438,-0.2%,2657.0,-0.2%,9.85,,-3.6%,-34.1%,-38.2%,-43.4%
OWL,Extended,Uncategorized,Financials,Financial Services,,Dec,Revenue,CY2026,3348.429,3204.2,-4.3%,3118.688,-2.7%,2891.769,-7.3%,9.85,,-13.6%,-34.1%,-38.2%,-43.4%
OWL,Extended,Uncategorized,Financials,Financial Services,,Dec,Revenue,CY2027,3812.75,3726.667,-2.3%,3624.467,-2.7%,3287.769,-9.3%,9.85,,-13.8%,-34.1%,-38.2%,-43.4%
OWL,Extended,Uncategorized,Financials,Financial Services,,Dec,Revenue,CY2028,,4346.5,,4139.333,-4.8%,3618.8,-12.6%,9.85,,,-34.1%,-38.2%,-43.4%
CG,Extended,Uncategorized,Financials,Financial Services,,Dec,Revenue,CY2025,4038.5,4142.545,+2.6%,3872.125,-6.5%,3851.0,-0.5%,52.68,,-4.6%,-10.9%,-19.7%,+47.0%
CG,Extended,Uncategorized,Financials,Financial Services,,Dec,Revenue,CY2026,4722.909,4710.583,-0.3%,4683.8,-0.6%,4296.333,-8.3%,52.68,,-9.0%,-10.9%,-19.7%,+47.0%
CG,Extended,Uncategorized,Financials,Financial Services,,Dec,Revenue,CY2027,5005.143,5156.6,+3.0%,4976.1,-3.5%,5135.889,+3.2%,52.68,,+2.6%,-10.9%,-19.7%,+47.0%
CG,Extended,Uncategorized,Financials,Financial Services,,Dec,Revenue,CY2028,5494.0,5727.0,+4.2%,5578.5,-2.6%,5718.333,+2.5%,52.68,,+4.1%,-10.9%,-19.7%,+47.0%
BN,Extended,Uncategorized,Financials,Financial Services,,Dec,Revenue,CY2025,6673.0,54489.5,+716.6%,65025.5,+19.3%,65025.5,+0.0%,46.59,,+874.5%,+1.5%,-1.6%,+40.6%
BN,Extended,Uncategorized,Financials,Financial Services,,Dec,Revenue,CY2026,48370.5,39372.5,-18.6%,7480.0,-81.0%,7851.0,+5.0%,46.59,,-83.8%,+1.5%,-1.6%,+40.6%
BN,Extended,Uncategorized,Financials,Financial Services,,Dec,Revenue,CY2027,8543.0,8669.0,+1.5%,8669.0,+0.0%,8849.0,+2.1%,46.59,,+3.6%,+1.5%,-1.6%,+40.6%
BN,Extended,Uncategorized,Financials,Financial Services,,Dec,Revenue,CY2028,,,,,,10604.0,,46.59,,,+1.5%,-1.6%,+40.6%
CRM,Extended,Uncategorized,Information Technology,Software & Services,,Jan,Revenue,CY2025,40795.76,41248.06,+1.1%,41490.08,+0.6%,41490.314,+0.0%,182.14,,+1.7%,-31.2%,-19.8%,-26.3%
CRM,Extended,Uncategorized,Information Technology,Software & Services,,Jan,Revenue,CY2026,44559.8,44977.12,+0.9%,46035.388,+2.4%,46121.941,+0.2%,182.14,,+3.5%,-31.2%,-19.8%,-26.3%
CRM,Extended,Uncategorized,Information Technology,Software & Services,,Jan,Revenue,CY2027,49201.85,49165.345,-0.1%,50434.629,+2.6%,50517.304,+0.2%,182.14,,+2.7%,-31.2%,-19.8%,-26.3%
CRM,Extended,Uncategorized,Information Technology,Software & Services,,Jan,Revenue,CY2028,54790.167,54700.778,-0.2%,55092.667,+0.7%,55666.722,+1.0%,182.14,,+1.6%,-31.2%,-19.8%,-26.3%
WDAY,Extended,Uncategorized,Information Technology,Software & Services,,Jan,Revenue,CY2025,9497.0,9516.148,+0.2%,9543.897,+0.3%,9543.892,-0.0%,123.83,,+0.5%,-42.3%,-33.7%,-44.0%
WDAY,Extended,Uncategorized,Information Technology,Software & Services,,Jan,Revenue,CY2026,10763.714,10712.324,-0.5%,10711.057,-0.0%,10652.405,-0.5%,123.83,,-1.0%,-42.3%,-33.7%,-44.0%
WDAY,Extended,Uncategorized,Information Technology,Software & Services,,Jan,Revenue,CY2027,12163.0,12039.609,-1.0%,12007.333,-0.3%,11859.541,-1.2%,123.83,,-2.5%,-42.3%,-33.7%,-44.0%
WDAY,Extended,Uncategorized,Information Technology,Software & Services,,Jan,Revenue,CY2028,13749.0,13478.0,-2.0%,13485.571,+0.1%,13073.133,-3.1%,123.83,,-4.9%,-42.3%,-33.7%,-44.0%
SHOP,Extended,Uncategorized,Information Technology,Software & Services,,Dec,Revenue,CY2025,10885.98,11288.38,+3.7%,11473.34,+1.6%,11475.0,+0.0%,131.15,,+5.4%,-18.5%,-15.8%,+56.8%
SHOP,Extended,Uncategorized,Information Technology,Software & Services,,Dec,Revenue,CY2026,13255.49,13852.039,+4.5%,14224.208,+2.7%,14663.32,+3.1%,131.15,,+10.6%,-18.5%,-15.8%,+56.8%
SHOP,Extended,Uncategorized,Information Technology,Software & Services,,Dec,Revenue,CY2027,16607.125,17040.033,+2.6%,17370.784,+1.9%,18140.872,+4.4%,131.15,,+9.2%,-18.5%,-15.8%,+56.8%
SHOP,Extended,Uncategorized,Information Technology,Software & Services,,Dec,Revenue,CY2028,21505.909,20981.182,-2.4%,21160.333,+0.9%,22593.522,+6.8%,131.15,,+5.1%,-18.5%,-15.8%,+56.8%
GWRE,Extended,Uncategorized,Information Technology,Software & Services,,Jul,Revenue,CY2025,1172.933,1183.867,+0.9%,1183.867,+0.0%,1183.867,+0.0%,140.36,,+0.9%,-30.2%,-11.7%,-26.6%
GWRE,Extended,Uncategorized,Information Technology,Software & Services,,Jul,Revenue,CY2026,1337.933,1399.857,+4.6%,1415.143,+1.1%,1445.643,+2.2%,140.36,,+8.1%,-30.2%,-11.7%,-26.6%
GWRE,Extended,Uncategorized,Information Technology,Software & Services,,Jul,Revenue,CY2027,1536.167,1608.077,+4.7%,1633.929,+1.6%,1677.0,+2.6%,140.36,,+9.2%,-30.2%,-11.7%,-26.6%
GWRE,Extended,Uncategorized,Information Technology,Software & Services,,Jul,Revenue,CY2028,1763.0,1875.167,+6.4%,1882.333,+0.4%,1932.462,+2.7%,140.36,,+9.6%,-30.2%,-11.7%,-26.6%
NOW,Extended,Uncategorized,Information Technology,Software & Services,,Dec,Revenue,CY2025,13011.8,13180.295,+1.3%,13243.07,+0.5%,13242.163,-0.0%,96.66,,+1.8%,-36.9%,-24.1%,-37.4%
NOW,Extended,Uncategorized,Information Technology,Software & Services,,Dec,Revenue,CY2026,15544.85,15620.907,+0.5%,15708.214,+0.6%,15989.395,+1.8%,96.66,,+2.9%,-36.9%,-24.1%,-37.4%
NOW,Extended,Uncategorized,Information Technology,Software & Services,,Dec,Revenue,CY2027,18612.381,18563.375,-0.3%,18599.974,+0.2%,18938.558,+1.8%,96.66,,+1.8%,-36.9%,-24.1%,-37.4%
NOW,Extended,Uncategorized,Information Technology,Software & Services,,Dec,Revenue,CY2028,22153.5,21946.909,-0.9%,21859.778,-0.4%,22471.174,+2.8%,96.66,,+1.4%,-36.9%,-24.1%,-37.4%
ELV,Extended,Uncategorized,Health Care,Health Care Equipment & Servic,,Dec,Revenue,CY2025,192652.611,196792.429,+2.1%,197455.933,+0.3%,197455.933,+0.0%,323.05,,+2.5%,-7.8%,-13.8%,-23.9%
ELV,Extended,Uncategorized,Health Care,Health Care Equipment & Servic,,Dec,Revenue,CY2026,208000.056,198240.526,-4.7%,204789.941,+3.3%,191573.5,-6.5%,323.05,,-7.9%,-7.8%,-13.8%,-23.9%
ELV,Extended,Uncategorized,Health Care,Health Care Equipment & Servic,,Dec,Revenue,CY2027,226434.75,219209.333,-3.2%,204225.278,-6.8%,197393.238,-3.3%,323.05,,-12.8%,-7.8%,-13.8%,-23.9%
ELV,Extended,Uncategorized,Health Care,Health Care Equipment & Servic,,Dec,Revenue,CY2028,246982.6,226403.0,-8.3%,191887.167,-15.2%,207434.286,+8.1%,323.05,,-16.0%,-7.8%,-13.8%,-23.9%
WMT,Extended,Uncategorized,Consumer Staples,Consumer Staples Distribution,,Jan,Revenue,CY2025,705298.6,709657.667,+0.6%,712972.791,+0.5%,712992.0,+0.0%,127.5,,+1.1%,+14.4%,+6.5%,+36.8%
WMT,Extended,Uncategorized,Consumer Staples,Consumer Staples Distribution,,Jan,Revenue,CY2026,736766.763,743606.944,+0.9%,748120.714,+0.6%,748356.625,+0.0%,127.5,,+1.6%,+14.4%,+6.5%,+36.8%
WMT,Extended,Uncategorized,Consumer Staples,Consumer Staples Distribution,,Jan,Revenue,CY2027,771085.5,777771.792,+0.9%,783364.719,+0.7%,784094.184,+0.1%,127.5,,+1.7%,+14.4%,+6.5%,+36.8%
WMT,Extended,Uncategorized,Consumer Staples,Consumer Staples Distribution,,Jan,Revenue,CY2028,804470.0,821442.0,+2.1%,828338.417,+0.8%,823369.571,-0.6%,127.5,,+2.3%,+14.4%,+6.5%,+36.8%
LAD,Extended,Uncategorized,Consumer Discretionary,Consumer Discretionary Distrib,,Dec,Revenue,CY2025,38518.077,37567.533,-2.5%,37798.4,+0.6%,37722.143,-0.2%,283.04,,-2.1%,-14.8%,-14.8%,-1.9%
LAD,Extended,Uncategorized,Consumer Discretionary,Consumer Discretionary Distrib,,Dec,Revenue,CY2026,41460.067,39265.333,-5.3%,39436.2,+0.4%,38607.8,-2.1%,283.04,,-6.9%,-14.8%,-14.8%,-1.9%
LAD,Extended,Uncategorized,Consumer Discretionary,Consumer Discretionary Distrib,,Dec,Revenue,CY2027,45825.833,42095.0,-8.1%,41794.0,-0.7%,40194.467,-3.8%,283.04,,-12.3%,-14.8%,-14.8%,-1.9%
LAD,Extended,Uncategorized,Consumer Discretionary,Consumer Discretionary Distrib,,Dec,Revenue,CY2028,44371.333,43088.667,-2.9%,42231.0,-2.0%,42688.556,+1.1%,283.04,,-3.8%,-14.8%,-14.8%,-1.9%
CI,Extended,Uncategorized,Health Care,Health Care Equipment & Servic,,Dec,Revenue,CY2025,252437.864,266664.905,+5.6%,270646.75,+1.5%,270646.75,+0.0%,278.64,,+7.2%,+1.2%,+2.4%,-15.6%
CI,Extended,Uncategorized,Health Care,Health Care Equipment & Servic,,Dec,Revenue,CY2026,263937.304,278951.19,+5.7%,284105.0,+1.8%,283250.1,-0.3%,278.64,,+7.3%,+1.2%,+2.4%,-15.6%
CI,Extended,Uncategorized,Health Care,Health Care Equipment & Servic,,Dec,Revenue,CY2027,277464.714,296475.611,+6.9%,301317.684,+1.6%,299580.35,-0.6%,278.64,,+8.0%,+1.2%,+2.4%,-15.6%
CI,Extended,Uncategorized,Health Care,Health Care Equipment & Servic,,Dec,Revenue,CY2028,295688.857,318339.429,+7.7%,320313.857,+0.6%,317066.688,-1.0%,278.64,,+7.2%,+1.2%,+2.4%,-15.6%
THC,Extended,Healthcare providers,Health Care,Health Care Equipment & Servic,,Dec,Revenue,CY2025,20850.619,21113.478,+1.3%,21240.227,+0.6%,21243.318,+0.0%,196.64,,+1.9%,-1.0%,-0.1%,+61.4%
THC,Extended,Healthcare providers,Health Care,Health Care Equipment & Servic,,Dec,Revenue,CY2026,21899.905,22019.227,+0.5%,22161.952,+0.6%,22023.348,-0.6%,196.64,,+0.6%,-1.0%,-0.1%,+61.4%
THC,Extended,Healthcare providers,Health Care,Health Care Equipment & Servic,,Dec,Revenue,CY2027,22986.455,23124.176,+0.6%,23231.389,+0.5%,22386.818,-3.6%,196.64,,-2.6%,-1.0%,-0.1%,+61.4%
THC,Extended,Healthcare providers,Health Care,Health Care Equipment & Servic,,Dec,Revenue,CY2028,23694.333,24127.0,+1.8%,24062.25,-0.3%,23558.7,-2.1%,196.64,,-0.6%,-1.0%,-0.1%,+61.4%
UHS,Extended,Healthcare providers,Health Care,Health Care Equipment & Servic,,Dec,Revenue,CY2025,17141.053,17225.7,+0.5%,17386.333,+0.9%,17386.333,+0.0%,182.41,,+1.4%,-16.3%,-8.7%,+4.4%
UHS,Extended,Healthcare providers,Health Care,Health Care Equipment & Servic,,Dec,Revenue,CY2026,18091.111,18085.895,-0.0%,18261.167,+1.0%,18490.238,+1.3%,182.41,,+2.2%,-16.3%,-8.7%,+4.4%
UHS,Extended,Healthcare providers,Health Care,Health Care Equipment & Servic,,Dec,Revenue,CY2027,18985.0,19000.6,+0.1%,19211.625,+1.1%,19441.15,+1.2%,182.41,,+2.4%,-16.3%,-8.7%,+4.4%
UHS,Extended,Healthcare providers,Health Care,Health Care Equipment & Servic,,Dec,Revenue,CY2028,19616.5,19824.0,+1.1%,19968.667,+0.7%,20472.8,+2.5%,182.41,,+4.4%,-16.3%,-8.7%,+4.4%
CYH,Extended,Healthcare providers,Health Care,Health Care Equipment & Servic,,Dec,Revenue,CY2025,12423.667,12417.909,-0.0%,12517.3,+0.8%,12517.3,+0.0%,3.16,,+0.8%,+1.3%,-1.3%,+31.1%
CYH,Extended,Healthcare providers,Health Care,Health Care Equipment & Servic,,Dec,Revenue,CY2026,12934.556,12729.222,-1.6%,12669.4,-0.5%,11789.0,-6.9%,3.16,,-8.9%,+1.3%,-1.3%,+31.1%
CYH,Extended,Healthcare providers,Health Care,Health Care Equipment & Servic,,Dec,Revenue,CY2027,13519.8,13232.833,-2.1%,13110.75,-0.9%,11938.333,-8.9%,3.16,,-11.7%,+1.3%,-1.3%,+31.1%
CYH,Extended,Healthcare providers,Health Care,Health Care Equipment & Servic,,Dec,Revenue,CY2028,14386.0,14135.0,-1.7%,13973.5,-1.1%,12494.5,-10.6%,3.16,,-13.1%,+1.3%,-1.3%,+31.1%
DVA,Extended,Healthcare providers,Health Care,Health Care Equipment & Servic,,Dec,Revenue,CY2025,13494.625,13443.0,-0.4%,13516.375,+0.5%,13516.375,+0.0%,147.91,,+0.2%,+30.2%,+41.2%,+5.6%
DVA,Extended,Healthcare providers,Health Care,Health Care Equipment & Servic,,Dec,Revenue,CY2026,14025.5,13928.125,-0.7%,13919.875,-0.1%,14029.625,+0.8%,147.91,,+0.0%,+30.2%,+41.2%,+5.6%
DVA,Extended,Healthcare providers,Health Care,Health Care Equipment & Servic,,Dec,Revenue,CY2027,14716.0,14442.333,-1.9%,14420.143,-0.2%,14459.5,+0.3%,147.91,,-1.7%,+30.2%,+41.2%,+5.6%
DVA,Extended,Healthcare providers,Health Care,Health Care Equipment & Servic,,Dec,Revenue,CY2028,15675.333,15333.5,-2.2%,15043.0,-1.9%,15022.75,-0.1%,147.91,,-4.2%,+30.2%,+41.2%,+5.6%
DGX,Extended,Healthcare providers,Health Care,Health Care Equipment & Servic,,Dec,Revenue,CY2025,10776.222,10865.278,+0.8%,10983.556,+1.1%,10984.556,+0.0%,195.02,,+1.9%,+12.4%,+2.9%,+19.1%
DGX,Extended,Healthcare providers,Health Care,Health Care Equipment & Servic,,Dec,Revenue,CY2026,11211.667,11244.333,+0.3%,11367.214,+1.1%,11759.941,+3.5%,195.02,,+4.9%,+12.4%,+2.9%,+19.1%
DGX,Extended,Healthcare providers,Health Care,Health Care Equipment & Servic,,Dec,Revenue,CY2027,11644.133,11695.286,+0.4%,11841.933,+1.3%,12220.765,+3.2%,195.02,,+5.0%,+12.4%,+2.9%,+19.1%
DGX,Extended,Healthcare providers,Health Care,Health Care Equipment & Servic,,Dec,Revenue,CY2028,12046.6,12078.4,+0.3%,12331.714,+2.1%,12789.417,+3.7%,195.02,,+6.2%,+12.4%,+2.9%,+19.1%
HUM,Extended,Managed Care,Health Care,Health Care Equipment & Servic,,Dec,Revenue,CY2025,126316.789,128330.5,+1.6%,129144.714,+0.6%,129144.714,+0.0%,205.14,,+2.2%,-19.9%,-24.9%,-22.4%
HUM,Extended,Managed Care,Health Care,Health Care Equipment & Servic,,Dec,Revenue,CY2026,130176.278,134920.75,+3.6%,145211.526,+7.6%,162467.952,+11.9%,205.14,,+24.8%,-19.9%,-24.9%,-22.4%
HUM,Extended,Managed Care,Health Care,Health Care Equipment & Servic,,Dec,Revenue,CY2027,140581.417,143781.235,+2.3%,155871.684,+8.4%,171418.095,+10.0%,205.14,,+21.9%,-19.9%,-24.9%,-22.4%
HUM,Extended,Managed Care,Health Care,Health Care Equipment & Servic,,Dec,Revenue,CY2028,151836.833,157754.625,+3.9%,169868.857,+7.7%,182943.214,+7.7%,205.14,,+20.5%,-19.9%,-24.9%,-22.4%
CNC,Extended,Managed Care,Health Care,Health Care Equipment & Servic,,Dec,Revenue,CY2025,172539.813,189175.765,+9.6%,192953.625,+2.0%,192953.625,+0.0%,38.17,,+11.8%,-7.2%,-16.6%,-37.1%
CNC,Extended,Managed Care,Health Care,Health Care Equipment & Servic,,Dec,Revenue,CY2026,177532.938,190799.778,+7.5%,192753.278,+1.0%,188789.429,-2.1%,38.17,,+6.3%,-7.2%,-16.6%,-37.1%
CNC,Extended,Managed Care,Health Care,Health Care Equipment & Servic,,Dec,Revenue,CY2027,184855.5,195603.813,+5.8%,196123.529,+0.3%,191979.944,-2.1%,38.17,,+3.9%,-7.2%,-16.6%,-37.1%
CNC,Extended,Managed Care,Health Care,Health Care Equipment & Servic,,Dec,Revenue,CY2028,196493.667,203364.333,+3.5%,196705.0,-3.3%,200089.231,+1.7%,38.17,,+1.8%,-7.2%,-16.6%,-37.1%
MOH,Extended,Managed Care,Health Care,Health Care Equipment & Servic,,Dec,Revenue,CY2025,43952.563,44463.235,+1.2%,44898.111,+1.0%,44926.294,+0.1%,148.97,,+2.2%,-14.2%,-22.2%,-53.8%
MOH,Extended,Managed Care,Health Care,Health Care Equipment & Servic,,Dec,Revenue,CY2026,47389.133,47226.625,-0.3%,46578.353,-1.4%,44363.706,-4.8%,148.97,,-6.4%,-14.2%,-22.2%,-53.8%
MOH,Extended,Managed Care,Health Care,Health Care Equipment & Servic,,Dec,Revenue,CY2027,50691.667,50023.615,-1.3%,50160.375,+0.3%,46882.438,-6.5%,148.97,,-7.5%,-14.2%,-22.2%,-53.8%
MOH,Extended,Managed Care,Health Care,Health Care Equipment & Servic,,Dec,Revenue,CY2028,53576.667,51174.25,-4.5%,52417.8,+2.4%,49270.091,-6.0%,148.97,,-8.0%,-14.2%,-22.2%,-53.8%
PINS,Extended,Internet,Communication Services,Media & Entertainment,,Dec,Revenue,CY2025,4162.865,4237.921,+1.8%,4232.429,-0.1%,4232.914,+0.0%,20.12,,+1.7%,-22.3%,-22.3%,-20.3%
PINS,Extended,Internet,Communication Services,Media & Entertainment,,Dec,Revenue,CY2026,4761.444,4867.027,+2.2%,4830.789,-0.7%,4763.6,-1.4%,20.12,,+0.0%,-22.3%,-22.3%,-20.3%
PINS,Extended,Internet,Communication Services,Media & Entertainment,,Dec,Revenue,CY2027,5427.435,5561.32,+2.5%,5515.933,-0.8%,5339.758,-3.2%,20.12,,-1.6%,-22.3%,-22.3%,-20.3%
PINS,Extended,Internet,Communication Services,Media & Entertainment,,Dec,Revenue,CY2028,6177.583,6297.154,+1.9%,6223.2,-1.2%,5923.136,-4.8%,20.12,,-4.1%,-22.3%,-22.3%,-20.3%
SNAP,Extended,Internet,Communication Services,Media & Entertainment,,Dec,Revenue,CY2025,6011.0,5887.349,-2.1%,5916.093,+0.5%,5916.818,+0.0%,6.03,,-1.6%,-25.3%,-19.9%,-23.5%
SNAP,Extended,Internet,Communication Services,Media & Entertainment,,Dec,Revenue,CY2026,6725.463,6514.476,-3.1%,6744.778,+3.5%,6693.182,-0.8%,6.03,,-0.5%,-25.3%,-19.9%,-23.5%
SNAP,Extended,Internet,Communication Services,Media & Entertainment,,Dec,Revenue,CY2027,7503.167,7216.03,-3.8%,7329.763,+1.6%,7349.571,+0.3%,6.03,,-2.0%,-25.3%,-19.9%,-23.5%
SNAP,Extended,Internet,Communication Services,Media & Entertainment,,Dec,Revenue,CY2028,8295.778,7864.833,-5.2%,7938.7,+0.9%,7991.357,+0.7%,6.03,,-3.7%,-25.3%,-19.9%,-23.5%
RDDT,Extended,Internet,Communication Services,Media & Entertainment,,Dec,Revenue,CY2025,1775.296,2080.036,+17.2%,2142.839,+3.0%,2142.813,-0.0%,163.8,,+20.7%,-28.7%,-29.1%,+70.3%
RDDT,Extended,Internet,Communication Services,Media & Entertainment,,Dec,Revenue,CY2026,2288.0,2806.0,+22.6%,2972.355,+5.9%,3151.5,+6.0%,163.8,,+37.7%,-28.7%,-29.1%,+70.3%
RDDT,Extended,Internet,Communication Services,Media & Entertainment,,Dec,Revenue,CY2027,2854.842,3602.333,+26.2%,3882.464,+7.8%,4099.867,+5.6%,163.8,,+43.6%,-28.7%,-29.1%,+70.3%
RDDT,Extended,Internet,Communication Services,Media & Entertainment,,Dec,Revenue,CY2028,3461.111,4391.909,+26.9%,4958.615,+12.9%,5208.722,+5.0%,163.8,,+50.5%,-28.7%,-29.1%,+70.3%
EBAY,Extended,Internet,Consumer Discretionary,Consumer Discretionary Distrib,,Dec,Revenue,CY2025,10461.71,10853.194,+3.7%,11007.656,+1.4%,11009.469,+0.0%,104.65,,+5.2%,+20.1%,+12.5%,+57.9%
EBAY,Extended,Internet,Consumer Discretionary,Consumer Discretionary Distrib,,Dec,Revenue,CY2026,10861.75,11431.935,+5.2%,11529.969,+0.9%,12046.625,+4.5%,104.65,,+10.9%,+20.1%,+12.5%,+57.9%
EBAY,Extended,Internet,Consumer Discretionary,Consumer Discretionary Distrib,,Dec,Revenue,CY2027,11314.682,12026.652,+6.3%,12098.52,+0.6%,12661.581,+4.7%,104.65,,+11.9%,+20.1%,+12.5%,+57.9%
EBAY,Extended,Internet,Consumer Discretionary,Consumer Discretionary Distrib,,Dec,Revenue,CY2028,11629.333,12485.429,+7.4%,12606.357,+1.0%,13235.476,+5.0%,104.65,,+13.8%,+20.1%,+12.5%,+57.9%
TTD,Extended,Internet,Communication Services,Media & Entertainment,,Dec,Revenue,CY2025,2868.947,2862.971,-0.2%,2892.167,+1.0%,2892.519,+0.0%,22.47,,+0.8%,-40.8%,-36.7%,-55.3%
TTD,Extended,Internet,Communication Services,Media & Entertainment,,Dec,Revenue,CY2026,3426.711,3257.579,-4.9%,3354.974,+3.0%,3261.846,-2.8%,22.47,,-4.8%,-40.8%,-36.7%,-55.3%
TTD,Extended,Internet,Communication Services,Media & Entertainment,,Dec,Revenue,CY2027,4035.174,3876.917,-3.9%,3880.871,+0.1%,3668.205,-5.5%,22.47,,-9.1%,-40.8%,-36.7%,-55.3%
TTD,Extended,Internet,Communication Services,Media & Entertainment,,Dec,Revenue,CY2028,4738.357,4465.588,-5.8%,4460.235,-0.1%,4052.696,-9.1%,22.47,,-14.5%,-40.8%,-36.7%,-55.3%
U,Extended,Internet,Information Technology,Software & Services,,Dec,Revenue,CY2025,1767.214,1808.071,+2.3%,1839.103,+1.7%,1840.655,+0.1%,25.92,,+4.2%,-41.3%,-36.7%,+34.8%
U,Extended,Internet,Information Technology,Software & Services,,Dec,Revenue,CY2026,1937.654,2016.778,+4.1%,2067.857,+2.5%,2106.414,+1.9%,25.92,,+8.7%,-41.3%,-36.7%,+34.8%
U,Extended,Internet,Information Technology,Software & Services,,Dec,Revenue,CY2027,2385.706,2277.8,-4.5%,2383.5,+4.6%,2380.036,-0.1%,25.92,,-0.2%,-41.3%,-36.7%,+34.8%
U,Extended,Internet,Information Technology,Software & Services,,Dec,Revenue,CY2028,,2465.167,,2713.667,+10.1%,2715.765,+0.1%,25.92,,,-41.3%,-36.7%,+34.8%
ARM,Extended,Technology,Information Technology,Semiconductors & Semiconductor,,Mar,Revenue,CY2025,4917.333,4750.447,-3.4%,4855.524,+2.2%,4899.561,+0.9%,166.73,,-0.4%,+52.5%,+57.6%,+65.5%
ARM,Extended,Technology,Information Technology,Semiconductors & Semiconductor,,Mar,Revenue,CY2026,5991.3,5776.769,-3.6%,5917.071,+2.4%,5961.907,+0.8%,166.73,,-0.5%,+52.5%,+57.6%,+65.5%
ARM,Extended,Technology,Information Technology,Semiconductors & Semiconductor,,Mar,Revenue,CY2027,6921.5,6883.5,-0.5%,7046.133,+2.4%,7546.559,+7.1%,166.73,,+9.0%,+52.5%,+57.6%,+65.5%
ARM,Extended,Technology,Information Technology,Semiconductors & Semiconductor,,Mar,Revenue,CY2028,8063.714,8327.0,+3.3%,8301.111,-0.3%,9489.733,+14.3%,166.73,,+17.7%,+52.5%,+57.6%,+65.5%
MRVL,Extended,Technology,Information Technology,Semiconductors & Semiconductor,,Jan,Revenue,CY2025,8341.025,8137.243,-2.4%,8179.108,+0.5%,8178.444,-0.0%,139.69,,-1.9%,+64.4%,+73.6%,+170.2%
MRVL,Extended,Technology,Information Technology,Semiconductors & Semiconductor,,Jan,Revenue,CY2026,9975.605,9429.75,-5.5%,9990.804,+5.9%,10855.341,+8.7%,139.69,,+8.8%,+64.4%,+73.6%,+170.2%
MRVL,Extended,Technology,Information Technology,Semiconductors & Semiconductor,,Jan,Revenue,CY2027,11629.4,11067.053,-4.8%,12781.944,+15.5%,14825.721,+16.0%,139.69,,+27.5%,+64.4%,+73.6%,+170.2%
MRVL,Extended,Technology,Information Technology,Semiconductors & Semiconductor,,Jan,Revenue,CY2028,,13199.4,,16348.2,+23.9%,19162.333,+17.2%,139.69,,,+64.4%,+73.6%,+170.2%
AMD,Extended,Technology,Information Technology,Semiconductors & Semiconductor,,Dec,Revenue,CY2025,31509.54,33100.553,+5.0%,34062.579,+2.9%,34078.737,+0.0%,278.39,,+8.2%,+30.0%,+20.1%,+218.2%
AMD,Extended,Technology,Information Technology,Semiconductors & Semiconductor,,Dec,Revenue,CY2026,37774.52,41716.607,+10.4%,45115.07,+8.1%,47054.627,+4.3%,278.39,,+24.6%,+30.0%,+20.1%,+218.2%
AMD,Extended,Technology,Information Technology,Semiconductors & Semiconductor,,Dec,Revenue,CY2027,43702.619,57220.667,+30.9%,63394.755,+10.8%,68216.52,+7.6%,278.39,,+56.1%,+30.0%,+20.1%,+218.2%
AMD,Extended,Technology,Information Technology,Semiconductors & Semiconductor,,Dec,Revenue,CY2028,46591.5,66084.5,+41.8%,83230.583,+25.9%,87241.64,+4.8%,278.39,,+87.2%,+30.0%,+20.1%,+218.2%
INTC,Extended,Technology,Information Technology,Semiconductors & Semiconductor,,Dec,Revenue,CY2025,53260.077,52081.341,-2.2%,52578.304,+1.0%,52601.63,+0.0%,68.5,,-1.2%,+85.6%,+45.9%,+261.9%
INTC,Extended,Technology,Information Technology,Semiconductors & Semiconductor,,Dec,Revenue,CY2026,57137.216,53741.386,-5.9%,54069.587,+0.6%,54365.571,+0.5%,68.5,,-4.9%,+85.6%,+45.9%,+261.9%
INTC,Extended,Technology,Information Technology,Semiconductors & Semiconductor,,Dec,Revenue,CY2027,59272.267,56044.565,-5.4%,56871.297,+1.5%,58854.894,+3.5%,68.5,,-0.7%,+85.6%,+45.9%,+261.9%
INTC,Extended,Technology,Information Technology,Semiconductors & Semiconductor,,Dec,Revenue,CY2028,55719.0,63293.0,+13.6%,65097.833,+2.9%,62916.778,-3.4%,68.5,,+12.9%,+85.6%,+45.9%,+261.9%
TXN,Extended,Technology,Information Technology,Semiconductors & Semiconductor,,Dec,Revenue,CY2025,17022.848,17656.568,+3.7%,17687.514,+0.2%,17687.114,-0.0%,229.82,,+3.9%,+32.5%,+20.0%,+54.8%
TXN,Extended,Technology,Information Technology,Semiconductors & Semiconductor,,Dec,Revenue,CY2026,18787.452,19461.526,+3.6%,19113.972,-1.8%,19570.865,+2.4%,229.82,,+4.2%,+32.5%,+20.0%,+54.8%
TXN,Extended,Technology,Information Technology,Semiconductors & Semiconductor,,Dec,Revenue,CY2027,21269.0,21319.273,+0.2%,21111.742,-1.0%,21651.306,+2.6%,229.82,,+1.8%,+32.5%,+20.0%,+54.8%
TXN,Extended,Technology,Information Technology,Semiconductors & Semiconductor,,Dec,Revenue,CY2028,,24315.0,,23968.5,-1.4%,24378.824,+1.7%,229.82,,,+32.5%,+20.0%,+54.8%
ADI,Extended,Technology,Information Technology,Semiconductors & Semiconductor,,Oct,Revenue,CY2025,10351.481,10956.333,+5.8%,10957.516,+0.0%,10957.516,+0.0%,371.45,,+5.9%,+37.0%,+23.7%,+110.7%
ADI,Extended,Technology,Information Technology,Semiconductors & Semiconductor,,Oct,Revenue,CY2026,11685.889,12429.742,+6.4%,13083.594,+5.3%,14042.586,+7.3%,371.45,,+20.2%,+37.0%,+23.7%,+110.7%
ADI,Extended,Technology,Information Technology,Semiconductors & Semiconductor,,Oct,Revenue,CY2027,12734.636,13526.059,+6.2%,14293.857,+5.7%,15469.138,+8.2%,371.45,,+21.5%,+37.0%,+23.7%,+110.7%
ADI,Extended,Technology,Information Technology,Semiconductors & Semiconductor,,Oct,Revenue,CY2028,14221.75,14730.6,+3.6%,15802.583,+7.3%,15870.846,+0.4%,371.45,,+11.6%,+37.0%,+23.7%,+110.7%
005930,Extended,Technology,Information Technology,Technology Hardware & Equipmen,,Dec,Revenue,CY2025,323286439.077,321026604.282,-0.7%,330979584.077,+3.1%,331545634.105,+0.2%,218000.0,,+2.6%,+81.1%,+47.1%,+294.2%
005930,Extended,Technology,Information Technology,Technology Hardware & Equipmen,,Dec,Revenue,CY2026,343030995.692,359059433.538,+4.7%,432130303.641,+20.4%,589655245.024,+36.5%,218000.0,,+71.9%,+81.1%,+47.1%,+294.2%
005930,Extended,Technology,Information Technology,Technology Hardware & Equipmen,,Dec,Revenue,CY2027,355440484.909,384244301.281,+8.1%,473858261.324,+23.3%,704825699.692,+48.7%,218000.0,,+98.3%,+81.1%,+47.1%,+294.2%
005930,Extended,Technology,Information Technology,Technology Hardware & Equipmen,,Dec,Revenue,CY2028,353507369.0,382049806.4,+8.1%,525510915.167,+37.6%,754199802.172,+43.5%,218000.0,,+113.3%,+81.1%,+47.1%,+294.2%
000660,Extended,Technology,Information Technology,Semiconductors & Semiconductor,,Dec,Revenue,CY2025,85046776.2,90829743.436,+6.8%,94865877.575,+4.4%,95644767.921,+0.8%,1144000.0,,+12.5%,+75.5%,+51.1%,+553.7%
000660,Extended,Technology,Information Technology,Semiconductors & Semiconductor,,Dec,Revenue,CY2026,101287855.257,114655215.667,+13.2%,162865557.561,+42.0%,264440953.705,+62.4%,1144000.0,,+161.1%,+75.5%,+51.1%,+553.7%
000660,Extended,Technology,Information Technology,Semiconductors & Semiconductor,,Dec,Revenue,CY2027,111807768.5,132179922.313,+18.2%,194227927.111,+46.9%,355577171.167,+83.1%,1144000.0,,+218.0%,+75.5%,+51.1%,+553.7%
000660,Extended,Technology,Information Technology,Semiconductors & Semiconductor,,Dec,Revenue,CY2028,,288791109.0,,229359488.333,-20.6%,398123658.815,+73.6%,1144000.0,,,+75.5%,+51.1%,+553.7%
INTU,Extended,Software,Information Technology,Software & Services,,Jul,Revenue,CY2025,18343.095,18749.655,+2.2%,18749.655,+0.0%,18749.655,+0.0%,393.25,,+2.2%,-40.6%,-27.9%,-32.8%
INTU,Extended,Software,Information Technology,Software & Services,,Jul,Revenue,CY2026,20592.111,21120.37,+2.6%,21219.107,+0.5%,21243.621,+0.1%,393.25,,+3.2%,-40.6%,-27.9%,-32.8%
INTU,Extended,Software,Information Technology,Software & Services,,Jul,Revenue,CY2027,23105.278,23789.556,+3.0%,23905.69,+0.5%,23866.931,-0.2%,393.25,,+3.3%,-40.6%,-27.9%,-32.8%
INTU,Extended,Software,Information Technology,Software & Services,,Jul,Revenue,CY2028,26163.333,26948.0,+3.0%,26947.176,-0.0%,26683.048,-1.0%,393.25,,+2.0%,-40.6%,-27.9%,-32.8%
DDOG,Extended,Software,Information Technology,Software & Services,,Dec,Revenue,CY2025,3192.488,3321.032,+4.0%,3389.659,+2.1%,3390.395,+0.0%,126.61,,+6.2%,-6.9%,+6.4%,+38.9%
DDOG,Extended,Software,Information Technology,Software & Services,,Dec,Revenue,CY2026,3835.256,3990.159,+4.0%,4103.5,+2.8%,4091.077,-0.3%,126.61,,+6.7%,-6.9%,+6.4%,+38.9%
DDOG,Extended,Software,Information Technology,Software & Services,,Dec,Revenue,CY2027,4689.7,4833.179,+3.1%,4963.108,+2.7%,4929.63,-0.7%,126.61,,+5.1%,-6.9%,+6.4%,+38.9%
DDOG,Extended,Software,Information Technology,Software & Services,,Dec,Revenue,CY2028,5503.143,5797.25,+5.3%,5939.2,+2.4%,5918.444,-0.3%,126.61,,+7.5%,-6.9%,+6.4%,+38.9%
BAC,Extended,Banks,Financials,Banks,,Dec,Revenue,CY2025,108117.316,109539.632,+1.3%,110692.65,+1.1%,110692.65,+0.0%,53.91,,+2.4%,-2.0%,+1.8%,+44.1%
BAC,Extended,Banks,Financials,Banks,,Dec,Revenue,CY2026,113915.412,116149.211,+2.0%,118926.25,+2.4%,120852.762,+1.6%,53.91,,+6.1%,-2.0%,+1.8%,+44.1%
BAC,Extended,Banks,Financials,Banks,,Dec,Revenue,CY2027,117582.375,121822.688,+3.6%,125469.222,+3.0%,127178.238,+1.4%,53.91,,+8.2%,-2.0%,+1.8%,+44.1%
BAC,Extended,Banks,Financials,Banks,,Dec,Revenue,CY2028,118171.0,123832.0,+4.8%,130459.0,+5.4%,132995.667,+1.9%,53.91,,+12.5%,-2.0%,+1.8%,+44.1%
WFC,Extended,Banks,Financials,Banks,,Dec,Revenue,CY2025,83366.632,83869.652,+0.6%,84048.739,+0.2%,84048.739,+0.0%,81.41,,+0.8%,-12.7%,-7.9%,+25.8%
WFC,Extended,Banks,Financials,Banks,,Dec,Revenue,CY2026,87233.474,87999.826,+0.9%,88260.522,+0.3%,87884.375,-0.4%,81.41,,+0.7%,-12.7%,-7.9%,+25.8%
WFC,Extended,Banks,Financials,Banks,,Dec,Revenue,CY2027,90993.111,91690.632,+0.8%,92538.0,+0.9%,92206.917,-0.4%,81.41,,+1.3%,-12.7%,-7.9%,+25.8%
WFC,Extended,Banks,Financials,Banks,,Dec,Revenue,CY2028,93139.5,96317.0,+3.4%,96691.143,+0.4%,96463.0,-0.2%,81.41,,+3.6%,-12.7%,-7.9%,+25.8%
GS,Extended,Banks,Financials,Financial Services,,Dec,Revenue,CY2025,55164.522,58795.174,+6.6%,58336.087,-0.8%,58336.087,+0.0%,925.95,,+5.7%,+5.3%,-3.7%,+81.7%
GS,Extended,Banks,Financials,Financial Services,,Dec,Revenue,CY2026,57845.773,61545.261,+6.4%,63804.304,+3.7%,63736.826,-0.1%,925.95,,+10.2%,+5.3%,-3.7%,+81.7%
GS,Extended,Banks,Financials,Financial Services,,Dec,Revenue,CY2027,59294.727,64137.944,+8.2%,66157.091,+3.1%,66373.739,+0.3%,925.95,,+11.9%,+5.3%,-3.7%,+81.7%
GS,Extended,Banks,Financials,Financial Services,,Dec,Revenue,CY2028,60672.5,65893.0,+8.6%,66327.167,+0.7%,67662.733,+2.0%,925.95,,+11.5%,+5.3%,-3.7%,+81.7%
MS,Extended,Banks,Financials,Financial Services,,Dec,Revenue,CY2025,65449.45,69688.565,+6.5%,70344.273,+0.9%,70344.273,+0.0%,188.82,,+7.5%,+6.4%,-0.1%,+72.9%
MS,Extended,Banks,Financials,Financial Services,,Dec,Revenue,CY2026,68035.85,73484.783,+8.0%,76168.652,+3.7%,77103.409,+1.2%,188.82,,+13.3%,+6.4%,-0.1%,+72.9%
MS,Extended,Banks,Financials,Financial Services,,Dec,Revenue,CY2027,70043.8,77488.944,+10.6%,80175.364,+3.5%,81228.409,+1.3%,188.82,,+16.0%,+6.4%,-0.1%,+72.9%
MS,Extended,Banks,Financials,Financial Services,,Dec,Revenue,CY2028,73125.0,81300.2,+11.2%,83607.333,+2.8%,85235.286,+1.9%,188.82,,+16.6%,+6.4%,-0.1%,+72.9%
C,Extended,Banks,Financials,Banks,,Dec,Revenue,CY2025,83449.158,85935.842,+3.0%,85704.947,-0.3%,85704.947,+0.0%,132.18,,+2.7%,+13.3%,+12.0%,+109.0%
C,Extended,Banks,Financials,Banks,,Dec,Revenue,CY2026,86178.368,88555.158,+2.8%,90500.65,+2.2%,93014.286,+2.8%,132.18,,+7.9%,+13.3%,+12.0%,+109.0%
C,Extended,Banks,Financials,Banks,,Dec,Revenue,CY2027,88193.25,91149.0,+3.4%,93554.105,+2.6%,96313.0,+2.9%,132.18,,+9.2%,+13.3%,+12.0%,+109.0%
C,Extended,Banks,Financials,Banks,,Dec,Revenue,CY2028,84343.0,88022.0,+4.4%,94911.167,+7.8%,100380.222,+5.8%,132.18,,+19.0%,+13.3%,+12.0%,+109.0%
CB,Extended,Insurance and reinsurance,Financials,Insurance,,Dec,Revenue,CY2025,60329.625,59192.714,-1.9%,59693.0,+0.8%,59647.286,-0.1%,330.83,,-1.1%,+6.0%,+10.0%,+15.8%
CB,Extended,Insurance and reinsurance,Financials,Insurance,,Dec,Revenue,CY2026,63849.0,63403.0,-0.7%,64259.0,+1.4%,64003.0,-0.4%,330.83,,+0.2%,+6.0%,+10.0%,+15.8%
CB,Extended,Insurance and reinsurance,Financials,Insurance,,Dec,Revenue,CY2027,67376.4,67153.8,-0.3%,68139.833,+1.5%,67694.833,-0.7%,330.83,,+0.5%,+6.0%,+10.0%,+15.8%
CB,Extended,Insurance and reinsurance,Financials,Insurance,,Dec,Revenue,CY2028,,,,,,71236.4,,330.83,,,+6.0%,+10.0%,+15.8%
ALL,Extended,Insurance and reinsurance,Financials,Insurance,,Dec,Revenue,CY2025,66912.667,66841.333,-0.1%,67813.222,+1.5%,67813.222,+0.0%,216.16,,+1.3%,+3.8%,+12.4%,+11.0%
ALL,Extended,Insurance and reinsurance,Financials,Insurance,,Dec,Revenue,CY2026,71812.111,71067.333,-1.0%,71432.333,+0.5%,70904.556,-0.7%,216.16,,-1.3%,+3.8%,+12.4%,+11.0%
ALL,Extended,Insurance and reinsurance,Financials,Insurance,,Dec,Revenue,CY2027,76844.8,76049.333,-1.0%,75231.556,-1.1%,74555.222,-0.9%,216.16,,-3.0%,+3.8%,+12.4%,+11.0%
ALL,Extended,Insurance and reinsurance,Financials,Insurance,,Dec,Revenue,CY2028,,76298.0,,77666.333,+1.8%,78038.571,+0.5%,216.16,,,+3.8%,+12.4%,+11.0%
TRV,Extended,Insurance and reinsurance,Financials,Insurance,,Dec,Revenue,CY2025,49377.789,48828.619,-1.1%,48813.158,-0.0%,48813.158,+0.0%,300.81,,-1.1%,+3.7%,+11.7%,+17.6%
TRV,Extended,Insurance and reinsurance,Financials,Insurance,,Dec,Revenue,CY2026,52675.263,50641.81,-3.9%,50238.278,-0.8%,49542.286,-1.4%,300.81,,-5.9%,+3.7%,+11.7%,+17.6%
TRV,Extended,Insurance and reinsurance,Financials,Insurance,,Dec,Revenue,CY2027,55405.1,52425.824,-5.4%,52095.313,-0.6%,51010.35,-2.1%,300.81,,-7.9%,+3.7%,+11.7%,+17.6%
TRV,Extended,Insurance and reinsurance,Financials,Insurance,,Dec,Revenue,CY2028,56608.0,54388.0,-3.9%,52565.4,-3.4%,52460.0,-0.2%,300.81,,-7.3%,+3.7%,+11.7%,+17.6%
AIG,Extended,Insurance and reinsurance,Financials,Insurance,,Dec,Revenue,CY2025,27411.727,27606.222,+0.7%,27551.5,-0.2%,27551.5,+0.0%,78.68,,+0.5%,-8.0%,+7.9%,-3.0%
AIG,Extended,Insurance and reinsurance,Financials,Insurance,,Dec,Revenue,CY2026,28484.333,28225.182,-0.9%,28606.364,+1.4%,28741.929,+0.5%,78.68,,+0.9%,-8.0%,+7.9%,-3.0%
AIG,Extended,Insurance and reinsurance,Financials,Insurance,,Dec,Revenue,CY2027,30344.0,29511.2,-2.7%,30514.727,+3.4%,30767.929,+0.8%,78.68,,+1.4%,-8.0%,+7.9%,-3.0%
AIG,Extended,Insurance and reinsurance,Financials,Insurance,,Dec,Revenue,CY2028,,32411.0,,32762.5,+1.1%,32160.889,-1.8%,78.68,,,-8.0%,+7.9%,-3.0%
ACGL,Extended,Insurance and reinsurance,Financials,Insurance,,Dec,Revenue,CY2025,18895.8,19574.7,+3.6%,19600.833,+0.1%,19606.538,+0.0%,97.59,,+3.8%,+1.7%,+7.7%,+5.4%
ACGL,Extended,Insurance and reinsurance,Financials,Insurance,,Dec,Revenue,CY2026,20255.1,20005.077,-1.2%,19546.583,-2.3%,18698.846,-4.3%,97.59,,-7.7%,+1.7%,+7.7%,+5.4%
ACGL,Extended,Insurance and reinsurance,Financials,Insurance,,Dec,Revenue,CY2027,21838.167,21223.0,-2.8%,20415.909,-3.8%,19253.385,-5.7%,97.59,,-11.8%,+1.7%,+7.7%,+5.4%
ACGL,Extended,Insurance and reinsurance,Financials,Insurance,,Dec,Revenue,CY2028,,,,21018.0,,19919.222,-5.2%,97.59,,,+1.7%,+7.7%,+5.4%
KMX,Extended,Autos,Consumer Discretionary,Consumer Discretionary Distrib,,Feb,Revenue,CY2025,27443.375,26029.944,-5.2%,25561.75,-1.8%,25640.375,+0.3%,40.88,,-6.6%,+5.8%,-16.3%,-36.7%
KMX,Extended,Autos,Consumer Discretionary,Consumer Discretionary Distrib,,Feb,Revenue,CY2026,28958.8,26611.444,-8.1%,25654.067,-3.6%,25941.278,+1.1%,40.88,,-10.4%,+5.8%,-16.3%,-36.7%
KMX,Extended,Autos,Consumer Discretionary,Consumer Discretionary Distrib,,Feb,Revenue,CY2027,30491.0,27459.375,-9.9%,26030.556,-5.2%,26525.118,+1.9%,40.88,,-13.0%,+5.8%,-16.3%,-36.7%
KMX,Extended,Autos,Consumer Discretionary,Consumer Discretionary Distrib,,Feb,Revenue,CY2028,30501.0,28964.0,-5.0%,26817.6,-7.4%,26686.667,-0.5%,40.88,,-12.5%,+5.8%,-16.3%,-36.7%
AN,Extended,Autos,Consumer Discretionary,Consumer Discretionary Distrib,,Dec,Revenue,CY2025,26951.0,27581.333,+2.3%,27694.727,+0.4%,27863.636,+0.6%,207.99,,+3.4%,+0.7%,-3.2%,+25.5%
AN,Extended,Autos,Consumer Discretionary,Consumer Discretionary Distrib,,Dec,Revenue,CY2026,27530.667,28192.917,+2.4%,28533.417,+1.2%,27963.0,-2.0%,207.99,,+1.6%,+0.7%,-3.2%,+25.5%
AN,Extended,Autos,Consumer Discretionary,Consumer Discretionary Distrib,,Dec,Revenue,CY2027,28849.25,29211.0,+1.3%,29457.286,+0.8%,28822.308,-2.2%,207.99,,-0.1%,+0.7%,-3.2%,+25.5%
AN,Extended,Autos,Consumer Discretionary,Consumer Discretionary Distrib,,Dec,Revenue,CY2028,30549.667,30890.333,+1.1%,30722.0,-0.5%,30439.286,-0.9%,207.99,,-0.4%,+0.7%,-3.2%,+25.5%
GPI,Extended,Autos,Consumer Discretionary,Consumer Discretionary Distrib,,Dec,Revenue,CY2025,22265.556,22471.6,+0.9%,22637.0,+0.7%,22609.5,-0.1%,349.94,,+1.5%,-11.0%,-11.4%,-10.6%
GPI,Extended,Autos,Consumer Discretionary,Consumer Discretionary Distrib,,Dec,Revenue,CY2026,22969.222,23283.6,+1.4%,23489.111,+0.9%,23004.0,-2.1%,349.94,,+0.2%,-11.0%,-11.4%,-10.6%
GPI,Extended,Autos,Consumer Discretionary,Consumer Discretionary Distrib,,Dec,Revenue,CY2027,23506.5,24084.0,+2.5%,24289.25,+0.9%,23783.364,-2.1%,349.94,,+1.2%,-11.0%,-11.4%,-10.6%
GPI,Extended,Autos,Consumer Discretionary,Consumer Discretionary Distrib,,Dec,Revenue,CY2028,,25635.0,,25980.0,+1.3%,24805.8,-4.5%,349.94,,,-11.0%,-11.4%,-10.6%
SAH,Extended,Autos,Consumer Discretionary,Consumer Discretionary Distrib,,Dec,Revenue,CY2025,14602.714,14772.667,+1.2%,15194.4,+2.9%,15179.6,-0.1%,70.7,,+4.0%,+14.3%,+12.4%,+20.4%
SAH,Extended,Autos,Consumer Discretionary,Consumer Discretionary Distrib,,Dec,Revenue,CY2026,15146.667,15291.889,+1.0%,15700.3,+2.7%,15692.182,-0.1%,70.7,,+3.6%,+14.3%,+12.4%,+20.4%
SAH,Extended,Autos,Consumer Discretionary,Consumer Discretionary Distrib,,Dec,Revenue,CY2027,16804.0,16258.25,-3.2%,16392.6,+0.8%,16343.909,-0.3%,70.7,,-2.7%,+14.3%,+12.4%,+20.4%
SAH,Extended,Autos,Consumer Discretionary,Consumer Discretionary Distrib,,Dec,Revenue,CY2028,18450.5,18461.0,+0.1%,17728.333,-4.0%,17172.4,-3.1%,70.7,,-6.9%,+14.3%,+12.4%,+20.4%
CPRT,Extended,Autos,Industrials,Commercial & Professional Serv,,Jul,Revenue,CY2025,4700.1,4670.5,-0.6%,4670.5,+0.0%,4670.5,+0.0%,33.45,,-0.6%,-14.6%,-18.5%,-44.0%
CPRT,Extended,Autos,Industrials,Commercial & Professional Serv,,Jul,Revenue,CY2026,5153.444,4897.3,-5.0%,4760.6,-2.8%,4607.3,-3.2%,33.45,,-10.6%,-14.6%,-18.5%,-44.0%
CPRT,Extended,Autos,Industrials,Commercial & Professional Serv,,Jul,Revenue,CY2027,5834.667,5255.2,-9.9%,5070.9,-3.5%,4823.7,-4.9%,33.45,,-17.3%,-14.6%,-18.5%,-44.0%
CPRT,Extended,Autos,Industrials,Commercial & Professional Serv,,Jul,Revenue,CY2028,,6027.0,,5866.667,-2.7%,5262.333,-10.3%,33.45,,,-14.6%,-18.5%,-44.0%
GFS,Extended,Technology,Information Technology,Semiconductors & Semiconductor,,Dec,Revenue,CY2025,6968.944,6768.632,-2.9%,6763.95,-0.1%,6764.45,+0.0%,54.75,,-2.9%,+56.8%,+32.8%,+72.7%
GFS,Extended,Technology,Information Technology,Semiconductors & Semiconductor,,Dec,Revenue,CY2026,7713.824,7294.1,-5.4%,7167.35,-1.7%,7234.1,+0.9%,54.75,,-6.2%,+56.8%,+32.8%,+72.7%
GFS,Extended,Technology,Information Technology,Semiconductors & Semiconductor,,Dec,Revenue,CY2027,8551.375,7988.455,-6.6%,7795.118,-2.4%,7945.579,+1.9%,54.75,,-7.1%,+56.8%,+32.8%,+72.7%
GFS,Extended,Technology,Information Technology,Semiconductors & Semiconductor,,Dec,Revenue,CY2028,,8936.0,,8577.25,-4.0%,8750.5,+2.0%,54.75,,,+56.8%,+32.8%,+72.7%
2454,Extended,Technology,Information Technology,Semiconductors & Semiconductor,,Dec,Revenue,CY2025,611638.3,582550.69,-4.8%,592438.069,+1.7%,593911.133,+0.2%,1925.0,,-2.9%,+34.6%,+29.6%,+41.0%
2454,Extended,Technology,Information Technology,Semiconductors & Semiconductor,,Dec,Revenue,CY2026,716352.76,649995.862,-9.3%,649692.103,-0.0%,629767.9,-3.1%,1925.0,,-12.1%,+34.6%,+29.6%,+41.0%
2454,Extended,Technology,Information Technology,Semiconductors & Semiconductor,,Dec,Revenue,CY2027,788071.5,773443.667,-1.9%,798506.909,+3.2%,865006.556,+8.3%,1925.0,,+9.8%,+34.6%,+29.6%,+41.0%
2454,Extended,Technology,Information Technology,Semiconductors & Semiconductor,,Dec,Revenue,CY2028,,882531.0,,875136.5,-0.8%,1055134.182,+20.6%,1925.0,,,+34.6%,+29.6%,+41.0%
