Ticker,Group,Category,GICS Sector,GICS Industry,EPS Type,FYE,Metric,Year,-1yr,-6m,-6m chg,-3m,-3m chg,Current,Current chg,Price,PE,12m Rev,Return_YTD,Return_3m,Return_12m
HCA,Portfolio,,Health Care,Health Care Equipment & Servic,Adj,Dec,EPS,CY2025,25.231,27.343,+8.4%,27.69,+1.3%,27.69,+0.0%,434.45,15.7,+9.7%,-6.9%,-11.0%,+25.9%
HCA,Portfolio,,Health Care,Health Care Equipment & Servic,Adj,Dec,EPS,CY2026,28.0,29.582,+5.7%,30.147,+1.9%,30.192,+0.1%,434.45,14.4,+7.8%,-6.9%,-11.0%,+25.9%
HCA,Portfolio,,Health Care,Health Care Equipment & Servic,Adj,Dec,EPS,CY2027,31.647,32.812,+3.7%,33.236,+1.3%,33.178,-0.2%,434.45,13.1,+4.8%,-6.9%,-11.0%,+25.9%
HCA,Portfolio,,Health Care,Health Care Equipment & Servic,Adj,Dec,EPS,CY2028,35.838,36.79,+2.7%,37.441,+1.8%,37.227,-0.6%,434.45,11.7,+3.9%,-6.9%,-11.0%,+25.9%
UNH,Portfolio,,Health Care,Health Care Equipment & Servic,GAAP,Dec,EPS,CY2025,24.781,14.918,-39.8%,14.947,+0.2%,14.947,+0.0%,370.48,24.8,-39.7%,+12.2%,+29.1%,-10.0%
UNH,Portfolio,,Health Care,Health Care Equipment & Servic,GAAP,Dec,EPS,CY2026,28.764,16.392,-43.0%,16.612,+1.3%,17.183,+3.4%,370.48,21.6,-40.3%,+12.2%,+29.1%,-10.0%
UNH,Portfolio,,Health Care,Health Care Equipment & Servic,GAAP,Dec,EPS,CY2027,32.755,19.375,-40.8%,18.51,-4.5%,18.604,+0.5%,370.48,19.9,-43.2%,+12.2%,+29.1%,-10.0%
UNH,Portfolio,,Health Care,Health Care Equipment & Servic,GAAP,Dec,EPS,CY2028,37.36,23.577,-36.9%,22.445,-4.8%,22.819,+1.7%,370.48,16.2,-38.9%,+12.2%,+29.1%,-10.0%
TSM,Portfolio,,Information Technology,Semiconductors & Semiconductor,GAAP,Dec,EPS,CY2025,9.276,10.406,+12.2%,10.239,-1.6%,10.239,+0.0%,396.06,38.7,+10.4%,+30.3%,+19.8%,+137.6%
TSM,Portfolio,,Information Technology,Semiconductors & Semiconductor,GAAP,Dec,EPS,CY2026,10.851,12.408,+14.3%,14.201,+14.5%,15.524,+9.3%,396.06,25.5,+43.1%,+30.3%,+19.8%,+137.6%
TSM,Portfolio,,Information Technology,Semiconductors & Semiconductor,GAAP,Dec,EPS,CY2027,12.501,14.89,+19.1%,17.568,+18.0%,19.391,+10.4%,396.06,20.4,+55.1%,+30.3%,+19.8%,+137.6%
TSM,Portfolio,,Information Technology,Semiconductors & Semiconductor,GAAP,Dec,EPS,CY2028,13.793,16.458,+19.3%,20.292,+23.3%,23.134,+14.0%,396.06,17.1,+67.7%,+30.3%,+19.8%,+137.6%
AVGO,Portfolio,,Information Technology,Semiconductors & Semiconductor,GAAP,Oct,EPS,CY2025,4.646,4.258,-8.4%,4.247,-0.3%,4.247,+0.0%,417.43,98.3,-8.6%,+20.6%,+26.0%,+116.9%
AVGO,Portfolio,,Information Technology,Semiconductors & Semiconductor,GAAP,Oct,EPS,CY2026,6.026,6.527,+8.3%,8.175,+25.2%,9.122,+11.6%,417.43,45.8,+51.4%,+20.6%,+26.0%,+116.9%
AVGO,Portfolio,,Information Technology,Semiconductors & Semiconductor,GAAP,Oct,EPS,CY2027,6.86,9.175,+33.7%,11.974,+30.5%,15.612,+30.4%,417.43,26.7,+127.6%,+20.6%,+26.0%,+116.9%
AVGO,Portfolio,,Information Technology,Semiconductors & Semiconductor,GAAP,Oct,EPS,CY2028,,12.468,,15.592,+25.1%,19.048,+22.2%,417.43,21.9,,+20.6%,+26.0%,+116.9%
NVDA,Portfolio,,Information Technology,Semiconductors & Semiconductor,GAAP,Jan,EPS,CY2025,4.196,4.411,+5.1%,4.614,+4.6%,4.626,+0.3%,199.57,43.1,+10.2%,+7.0%,+4.4%,+83.2%
NVDA,Portfolio,,Information Technology,Semiconductors & Semiconductor,GAAP,Jan,EPS,CY2026,5.369,6.396,+19.1%,7.371,+15.2%,8.209,+11.4%,199.57,24.3,+52.9%,+7.0%,+4.4%,+83.2%
NVDA,Portfolio,,Information Technology,Semiconductors & Semiconductor,GAAP,Jan,EPS,CY2027,6.089,7.866,+29.2%,9.353,+18.9%,10.922,+16.8%,199.57,18.3,+79.4%,+7.0%,+4.4%,+83.2%
NVDA,Portfolio,,Information Technology,Semiconductors & Semiconductor,GAAP,Jan,EPS,CY2028,6.77,8.868,+31.0%,10.444,+17.8%,11.961,+14.5%,199.57,16.7,+76.7%,+7.0%,+4.4%,+83.2%
META,Portfolio,,Communication Services,Media & Entertainment,GAAP,Dec,EPS,CY2025,24.928,24.346,-2.3%,22.814,-6.3%,22.814,+0.0%,611.91,26.8,-8.5%,-7.3%,-14.6%,+11.5%
META,Portfolio,,Communication Services,Media & Entertainment,GAAP,Dec,EPS,CY2026,28.174,29.723,+5.5%,29.7,-0.1%,30.964,+4.3%,611.91,19.8,+9.9%,-7.3%,-14.6%,+11.5%
META,Portfolio,,Communication Services,Media & Entertainment,GAAP,Dec,EPS,CY2027,32.671,33.635,+3.0%,34.326,+2.1%,34.768,+1.3%,611.91,17.6,+6.4%,-7.3%,-14.6%,+11.5%
META,Portfolio,,Communication Services,Media & Entertainment,GAAP,Dec,EPS,CY2028,37.516,38.81,+3.4%,40.469,+4.3%,40.233,-0.6%,611.91,15.2,+7.2%,-7.3%,-14.6%,+11.5%
AMZN,Portfolio,,Consumer Discretionary,Consumer Discretionary Distrib,GAAP,Dec,EPS,CY2025,6.171,7.024,+13.8%,7.099,+1.1%,7.102,+0.0%,265.06,37.3,+15.1%,+14.8%,+10.8%,+43.7%
AMZN,Portfolio,,Consumer Discretionary,Consumer Discretionary Distrib,GAAP,Dec,EPS,CY2026,7.366,7.809,+6.0%,7.939,+1.7%,8.358,+5.3%,265.06,31.7,+13.5%,+14.8%,+10.8%,+43.7%
AMZN,Portfolio,,Consumer Discretionary,Consumer Discretionary Distrib,GAAP,Dec,EPS,CY2027,9.097,9.518,+4.6%,9.662,+1.5%,9.749,+0.9%,265.06,27.2,+7.2%,+14.8%,+10.8%,+43.7%
AMZN,Portfolio,,Consumer Discretionary,Consumer Discretionary Distrib,GAAP,Dec,EPS,CY2028,10.411,11.299,+8.5%,11.368,+0.6%,12.256,+7.8%,265.06,21.6,+17.7%,+14.8%,+10.8%,+43.7%
JPM,Portfolio,,Financials,Banks,GAAP,Dec,EPS,CY2025,18.507,20.296,+9.7%,19.774,-2.6%,19.774,+0.0%,313.23,15.8,+6.8%,-2.8%,+2.4%,+28.0%
JPM,Portfolio,,Financials,Banks,GAAP,Dec,EPS,CY2026,19.559,21.18,+8.3%,21.315,+0.6%,22.264,+4.5%,313.23,14.1,+13.8%,-2.8%,+2.4%,+28.0%
JPM,Portfolio,,Financials,Banks,GAAP,Dec,EPS,CY2027,21.246,22.851,+7.6%,23.045,+0.8%,23.451,+1.8%,313.23,13.4,+10.4%,-2.8%,+2.4%,+28.0%
JPM,Portfolio,,Financials,Banks,GAAP,Dec,EPS,CY2028,20.1,23.35,+16.2%,25.586,+9.6%,25.8,+0.8%,313.23,12.1,+28.4%,-2.8%,+2.4%,+28.0%
APO,Portfolio,,Financials,Financial Services,Adj,Dec,EPS,CY2025,8.021,7.71,-3.9%,7.961,+3.3%,7.955,-0.1%,128.72,16.2,-0.8%,-11.1%,-4.3%,-5.7%
APO,Portfolio,,Financials,Financial Services,Adj,Dec,EPS,CY2026,9.576,9.135,-4.6%,9.204,+0.8%,8.856,-3.8%,128.72,14.5,-7.5%,-11.1%,-4.3%,-5.7%
APO,Portfolio,,Financials,Financial Services,Adj,Dec,EPS,CY2027,11.171,10.805,-3.3%,10.887,+0.8%,10.618,-2.5%,128.72,12.1,-5.0%,-11.1%,-4.3%,-5.7%
APO,Portfolio,,Financials,Financial Services,Adj,Dec,EPS,CY2028,,12.33,,12.303,-0.2%,12.248,-0.4%,128.72,10.5,,-11.1%,-4.3%,-5.7%
PGR,Portfolio,,Financials,Insurance,Adj,Dec,EPS,CY2025,15.618,17.836,+14.2%,17.902,+0.4%,17.902,+0.0%,201.28,11.2,+14.6%,-6.0%,-3.2%,-24.1%
PGR,Portfolio,,Financials,Insurance,Adj,Dec,EPS,CY2026,15.751,16.371,+3.9%,16.105,-1.6%,16.338,+1.4%,201.28,12.3,+3.7%,-6.0%,-3.2%,-24.1%
PGR,Portfolio,,Financials,Insurance,Adj,Dec,EPS,CY2027,16.973,16.46,-3.0%,16.294,-1.0%,16.243,-0.3%,201.28,12.4,-4.3%,-6.0%,-3.2%,-24.1%
PGR,Portfolio,,Financials,Insurance,Adj,Dec,EPS,CY2028,17.983,17.377,-3.4%,16.397,-5.6%,16.259,-0.8%,201.28,12.4,-9.6%,-6.0%,-3.2%,-24.1%
CVNA,Portfolio,,Consumer Discretionary,Consumer Discretionary Distrib,Adj,Dec,EPS,CY2025,3.451,5.159,+49.5%,5.183,+0.5%,5.14,-0.8%,395.8,77.0,+48.9%,-6.2%,-1.3%,+62.0%
CVNA,Portfolio,,Consumer Discretionary,Consumer Discretionary Distrib,Adj,Dec,EPS,CY2026,5.031,7.23,+43.7%,7.169,-0.8%,7.591,+5.9%,395.8,52.1,+50.9%,-6.2%,-1.3%,+62.0%
CVNA,Portfolio,,Consumer Discretionary,Consumer Discretionary Distrib,Adj,Dec,EPS,CY2027,6.818,9.644,+41.4%,10.144,+5.2%,10.354,+2.1%,395.8,38.2,+51.9%,-6.2%,-1.3%,+62.0%
CVNA,Portfolio,,Consumer Discretionary,Consumer Discretionary Distrib,Adj,Dec,EPS,CY2028,9.237,13.013,+40.9%,12.396,-4.7%,13.965,+12.7%,395.8,28.3,+51.2%,-6.2%,-1.3%,+62.0%
APP,Portfolio,,Information Technology,Software & Services,Adj,Dec,EPS,CY2025,6.588,9.046,+37.3%,9.377,+3.7%,9.378,+0.0%,446.35,47.6,+42.3%,-33.8%,-5.7%,+65.7%
APP,Portfolio,,Information Technology,Software & Services,Adj,Dec,EPS,CY2026,9.671,13.906,+43.8%,14.732,+5.9%,15.509,+5.3%,446.35,28.8,+60.4%,-33.8%,-5.7%,+65.7%
APP,Portfolio,,Information Technology,Software & Services,Adj,Dec,EPS,CY2027,12.591,17.897,+42.1%,19.063,+6.5%,20.445,+7.2%,446.35,21.8,+62.4%,-33.8%,-5.7%,+65.7%
APP,Portfolio,,Information Technology,Software & Services,Adj,Dec,EPS,CY2028,16.27,22.229,+36.6%,24.043,+8.2%,26.028,+8.3%,446.35,17.1,+60.0%,-33.8%,-5.7%,+65.7%
VEEV,Portfolio,,Health Care,Health Care Equipment & Servic,Adj,Jan,EPS,CY2025,7.296,7.807,+7.0%,7.94,+1.7%,7.941,+0.0%,155.97,19.6,+8.8%,-30.1%,-23.5%,-33.3%
VEEV,Portfolio,,Health Care,Health Care Equipment & Servic,Adj,Jan,EPS,CY2026,8.057,8.449,+4.9%,8.593,+1.7%,8.869,+3.2%,155.97,17.6,+10.1%,-30.1%,-23.5%,-33.3%
VEEV,Portfolio,,Health Care,Health Care Equipment & Servic,Adj,Jan,EPS,CY2027,9.127,9.778,+7.1%,9.613,-1.7%,9.849,+2.5%,155.97,15.8,+7.9%,-30.1%,-23.5%,-33.3%
VEEV,Portfolio,,Health Care,Health Care Equipment & Servic,Adj,Jan,EPS,CY2028,,11.533,,11.316,-1.9%,11.155,-1.4%,155.97,14.0,,-30.1%,-23.5%,-33.3%
FICO,Watchlist,,Information Technology,Software & Services,Adj,Sep,EPS,CY2025,29.161,29.52,+1.2%,29.52,+0.0%,29.52,+0.0%,1025.0,34.7,+1.2%,-39.4%,-29.9%,-48.5%
FICO,Watchlist,,Information Technology,Software & Services,Adj,Sep,EPS,CY2026,36.17,39.191,+8.4%,41.185,+5.1%,43.039,+4.5%,1025.0,23.8,+19.0%,-39.4%,-29.9%,-48.5%
FICO,Watchlist,,Information Technology,Software & Services,Adj,Sep,EPS,CY2027,45.409,49.662,+9.4%,52.423,+5.6%,53.765,+2.6%,1025.0,19.1,+18.4%,-39.4%,-29.9%,-48.5%
FICO,Watchlist,,Information Technology,Software & Services,Adj,Sep,EPS,CY2028,55.758,59.503,+6.7%,61.461,+3.3%,64.766,+5.4%,1025.0,15.8,+16.2%,-39.4%,-29.9%,-48.5%
GOOG,Watchlist,,Communication Services,Media & Entertainment,GAAP,Dec,EPS,CY2025,9.5,10.413,+9.6%,10.601,+1.8%,10.598,-0.0%,381.94,36.0,+11.6%,+21.7%,+12.8%,+137.4%
GOOG,Watchlist,,Communication Services,Media & Entertainment,GAAP,Dec,EPS,CY2026,10.217,11.058,+8.2%,11.147,+0.8%,12.942,+16.1%,381.94,29.5,+26.7%,+21.7%,+12.8%,+137.4%
GOOG,Watchlist,,Communication Services,Media & Entertainment,GAAP,Dec,EPS,CY2027,11.691,13.04,+11.5%,13.456,+3.2%,14.178,+5.4%,381.94,26.9,+21.3%,+21.7%,+12.8%,+137.4%
GOOG,Watchlist,,Communication Services,Media & Entertainment,GAAP,Dec,EPS,CY2028,13.278,14.507,+9.3%,14.705,+1.4%,16.427,+11.7%,381.94,23.3,+23.7%,+21.7%,+12.8%,+137.4%
MU,Watchlist,,Information Technology,Semiconductors & Semiconductor,GAAP,Aug,EPS,CY2025,6.587,7.42,+12.6%,7.42,+0.0%,7.42,+0.0%,517.16,69.7,+12.6%,+81.2%,+24.7%,+572.1%
MU,Watchlist,,Information Technology,Semiconductors & Semiconductor,GAAP,Aug,EPS,CY2026,10.841,16.836,+55.3%,31.921,+89.6%,58.288,+82.6%,517.16,8.9,+437.7%,+81.2%,+24.7%,+572.1%
MU,Watchlist,,Information Technology,Semiconductors & Semiconductor,GAAP,Aug,EPS,CY2027,11.542,19.874,+72.2%,42.211,+112.4%,99.676,+136.1%,517.16,5.2,+763.6%,+81.2%,+24.7%,+572.1%
MU,Watchlist,,Information Technology,Semiconductors & Semiconductor,GAAP,Aug,EPS,CY2028,,19.726,,44.537,+125.8%,94.073,+111.2%,517.16,5.5,,+81.2%,+24.7%,+572.1%
HOOD,Watchlist,,Financials,Financial Services,Adj,Dec,EPS,CY2025,1.333,1.874,+40.6%,2.061,+10.0%,2.066,+0.2%,72.89,35.3,+55.0%,-35.6%,-26.7%,+48.4%
HOOD,Watchlist,,Financials,Financial Services,Adj,Dec,EPS,CY2026,1.62,2.283,+40.9%,2.518,+10.3%,1.963,-22.0%,72.89,37.1,+21.2%,-35.6%,-26.7%,+48.4%
HOOD,Watchlist,,Financials,Financial Services,Adj,Dec,EPS,CY2027,1.873,2.599,+38.8%,2.913,+12.1%,2.584,-11.3%,72.89,28.2,+38.0%,-35.6%,-26.7%,+48.4%
HOOD,Watchlist,,Financials,Financial Services,Adj,Dec,EPS,CY2028,1.73,2.63,+52.0%,3.577,+36.0%,3.093,-13.5%,72.89,23.6,+78.8%,-35.6%,-26.7%,+48.4%
TDG,Watchlist,,Industrials,Capital Goods,Adj,Sep,EPS,CY2025,37.357,36.644,-1.9%,36.616,-0.1%,36.616,+0.0%,1159.98,31.7,-2.0%,-12.8%,-18.7%,-12.3%
TDG,Watchlist,,Industrials,Capital Goods,Adj,Sep,EPS,CY2026,43.114,40.465,-6.1%,39.223,-3.1%,39.004,-0.6%,1159.98,29.7,-9.5%,-12.8%,-18.7%,-12.3%
TDG,Watchlist,,Industrials,Capital Goods,Adj,Sep,EPS,CY2027,48.809,46.481,-4.8%,46.234,-0.5%,45.588,-1.4%,1159.98,25.4,-6.6%,-12.8%,-18.7%,-12.3%
TDG,Watchlist,,Industrials,Capital Goods,Adj,Sep,EPS,CY2028,52.373,52.155,-0.4%,53.638,+2.8%,52.753,-1.6%,1159.98,22.0,+0.7%,-12.8%,-18.7%,-12.3%
GE,Watchlist,,Industrials,Capital Goods,GAAP,Dec,EPS,CY2025,5.817,6.776,+16.5%,6.907,+1.9%,6.907,+0.0%,289.93,42.0,+18.7%,-5.9%,-5.5%,+43.9%
GE,Watchlist,,Industrials,Capital Goods,GAAP,Dec,EPS,CY2026,6.543,7.629,+16.6%,7.878,+3.3%,7.905,+0.3%,289.93,36.7,+20.8%,-5.9%,-5.5%,+43.9%
GE,Watchlist,,Industrials,Capital Goods,GAAP,Dec,EPS,CY2027,7.59,8.708,+14.7%,8.724,+0.2%,8.923,+2.3%,289.93,32.5,+17.6%,-5.9%,-5.5%,+43.9%
GE,Watchlist,,Industrials,Capital Goods,GAAP,Dec,EPS,CY2028,8.986,9.868,+9.8%,9.818,-0.5%,10.245,+4.3%,289.93,28.3,+14.0%,-5.9%,-5.5%,+43.9%
LRCX,Watchlist,,Information Technology,Semiconductors & Semiconductor,GAAP,Jun,EPS,CY2025,3.979,4.012,+0.8%,4.012,+0.0%,4.012,+0.0%,257.86,64.3,+0.8%,+50.6%,+10.5%,+259.8%
LRCX,Watchlist,,Information Technology,Semiconductors & Semiconductor,GAAP,Jun,EPS,CY2026,3.964,4.79,+20.8%,5.24,+9.4%,5.63,+7.4%,257.86,45.8,+42.0%,+50.6%,+10.5%,+259.8%
LRCX,Watchlist,,Information Technology,Semiconductors & Semiconductor,GAAP,Jun,EPS,CY2027,4.684,5.598,+19.5%,6.812,+21.7%,7.947,+16.7%,257.86,32.4,+69.7%,+50.6%,+10.5%,+259.8%
LRCX,Watchlist,,Information Technology,Semiconductors & Semiconductor,GAAP,Jun,EPS,CY2028,5.415,6.224,+14.9%,7.836,+25.9%,9.414,+20.1%,257.86,27.4,+73.9%,+50.6%,+10.5%,+259.8%
DASH,Watchlist,,Consumer Discretionary,Consumer Services,Adj,Dec,EPS,CY2025,3.918,5.24,+33.7%,5.084,-3.0%,5.084,+0.0%,168.65,33.2,+29.8%,-25.5%,-17.6%,-12.6%
DASH,Watchlist,,Consumer Discretionary,Consumer Services,Adj,Dec,EPS,CY2026,5.378,5.866,+9.1%,5.721,-2.5%,5.443,-4.9%,168.65,31.0,+1.2%,-25.5%,-17.6%,-12.6%
DASH,Watchlist,,Consumer Discretionary,Consumer Services,Adj,Dec,EPS,CY2027,5.898,7.705,+30.6%,7.126,-7.5%,6.864,-3.7%,168.65,24.6,+16.4%,-25.5%,-17.6%,-12.6%
DASH,Watchlist,,Consumer Discretionary,Consumer Services,Adj,Dec,EPS,CY2028,6.56,9.352,+42.6%,9.308,-0.5%,8.323,-10.6%,168.65,20.3,+26.9%,-25.5%,-17.6%,-12.6%
UBER,Watchlist,,Industrials,Transportation,Adj,Dec,EPS,CY2025,2.611,3.518,+34.7%,2.469,-29.8%,2.49,+0.9%,74.61,30.0,-4.6%,-8.7%,-6.8%,-7.9%
UBER,Watchlist,,Industrials,Transportation,Adj,Dec,EPS,CY2026,3.804,4.198,+10.4%,3.772,-10.1%,3.338,-11.5%,74.61,22.4,-12.3%,-8.7%,-6.8%,-7.9%
UBER,Watchlist,,Industrials,Transportation,Adj,Dec,EPS,CY2027,4.835,4.839,+0.1%,4.573,-5.5%,4.411,-3.5%,74.61,16.9,-8.8%,-8.7%,-6.8%,-7.9%
UBER,Watchlist,,Industrials,Transportation,Adj,Dec,EPS,CY2028,5.691,5.789,+1.7%,5.442,-6.0%,5.497,+1.0%,74.61,13.6,-3.4%,-8.7%,-6.8%,-7.9%
LLY,Watchlist,,Health Care,"Pharmaceuticals, Biotechnology",GAAP,Dec,EPS,CY2025,21.751,22.179,+2.0%,22.823,+2.9%,22.806,-0.1%,934.6,41.0,+4.9%,-13.0%,-9.9%,+4.0%
LLY,Watchlist,,Health Care,"Pharmaceuticals, Biotechnology",GAAP,Dec,EPS,CY2026,29.143,30.18,+3.6%,32.051,+6.2%,33.832,+5.6%,934.6,27.6,+16.1%,-13.0%,-9.9%,+4.0%
LLY,Watchlist,,Health Care,"Pharmaceuticals, Biotechnology",GAAP,Dec,EPS,CY2027,35.57,35.631,+0.2%,39.183,+10.0%,41.275,+5.3%,934.6,22.6,+16.0%,-13.0%,-9.9%,+4.0%
LLY,Watchlist,,Health Care,"Pharmaceuticals, Biotechnology",GAAP,Dec,EPS,CY2028,42.112,41.591,-1.2%,46.37,+11.5%,47.733,+2.9%,934.6,19.6,+13.3%,-13.0%,-9.9%,+4.0%
MSFT,Watchlist,,Information Technology,Software & Services,GAAP,Jun,EPS,CY2025,13.234,13.403,+1.3%,13.403,+0.0%,13.403,+0.0%,407.78,30.4,+1.3%,-15.7%,-5.2%,+3.2%
MSFT,Watchlist,,Information Technology,Software & Services,GAAP,Jun,EPS,CY2026,15.052,15.977,+6.1%,16.572,+3.7%,17.203,+3.8%,407.78,23.7,+14.3%,-15.7%,-5.2%,+3.2%
MSFT,Watchlist,,Information Technology,Software & Services,GAAP,Jun,EPS,CY2027,17.447,18.731,+7.4%,19.009,+1.5%,19.226,+1.1%,407.78,21.2,+10.2%,-15.7%,-5.2%,+3.2%
MSFT,Watchlist,,Information Technology,Software & Services,GAAP,Jun,EPS,CY2028,20.575,22.036,+7.1%,22.318,+1.3%,22.669,+1.6%,407.78,18.0,+10.2%,-15.7%,-5.2%,+3.2%
V,Watchlist,,Financials,Financial Services,GAAP,Sep,EPS,CY2025,10.878,10.723,-1.4%,10.723,+0.0%,10.723,+0.0%,329.84,30.8,-1.4%,-6.0%,+2.5%,-4.5%
V,Watchlist,,Financials,Financial Services,GAAP,Sep,EPS,CY2026,12.653,12.685,+0.3%,12.658,-0.2%,12.753,+0.8%,329.84,25.9,+0.8%,-6.0%,+2.5%,-4.5%
V,Watchlist,,Financials,Financial Services,GAAP,Sep,EPS,CY2027,14.268,14.369,+0.7%,14.46,+0.6%,14.667,+1.4%,329.84,22.5,+2.8%,-6.0%,+2.5%,-4.5%
V,Watchlist,,Financials,Financial Services,GAAP,Sep,EPS,CY2028,15.985,16.214,+1.4%,16.391,+1.1%,16.607,+1.3%,329.84,19.9,+3.9%,-6.0%,+2.5%,-4.5%
BX,Watchlist,,Financials,Financial Services,Adj,Dec,EPS,CY2025,4.916,5.277,+7.3%,5.343,+1.3%,5.343,+0.0%,125.58,23.5,+8.7%,-18.5%,-11.8%,-4.7%
BX,Watchlist,,Financials,Financial Services,Adj,Dec,EPS,CY2026,6.45,6.44,-0.2%,6.397,-0.7%,5.963,-6.8%,125.58,21.1,-7.6%,-18.5%,-11.8%,-4.7%
BX,Watchlist,,Financials,Financial Services,Adj,Dec,EPS,CY2027,7.659,8.025,+4.8%,7.992,-0.4%,7.565,-5.3%,125.58,16.6,-1.2%,-18.5%,-11.8%,-4.7%
BX,Watchlist,,Financials,Financial Services,Adj,Dec,EPS,CY2028,7.77,8.218,+5.8%,8.619,+4.9%,8.271,-4.0%,125.58,15.2,+6.4%,-18.5%,-11.8%,-4.7%
BKNG,Watchlist,,Consumer Discretionary,Consumer Services,Adj,Dec,EPS,CY2025,8.549,9.11,+6.6%,9.097,-0.1%,9.107,+0.1%,168.36,18.5,+6.5%,-21.4%,-15.9%,-17.5%
BKNG,Watchlist,,Consumer Discretionary,Consumer Services,Adj,Dec,EPS,CY2026,9.844,10.58,+7.5%,10.645,+0.6%,10.539,-1.0%,168.36,16.0,+7.1%,-21.4%,-15.9%,-17.5%
BKNG,Watchlist,,Consumer Discretionary,Consumer Services,Adj,Dec,EPS,CY2027,11.618,12.352,+6.3%,12.35,-0.0%,12.403,+0.4%,168.36,13.6,+6.8%,-21.4%,-15.9%,-17.5%
BKNG,Watchlist,,Consumer Discretionary,Consumer Services,Adj,Dec,EPS,CY2028,13.4,14.095,+5.2%,14.183,+0.6%,14.315,+0.9%,168.36,11.8,+6.8%,-21.4%,-15.9%,-17.5%
HLT,Watchlist,,Consumer Discretionary,Consumer Services,Adj,Dec,EPS,CY2025,7.907,8.07,+2.1%,8.057,-0.2%,8.057,+0.0%,324.07,40.2,+1.9%,+12.8%,+8.6%,+43.7%
HLT,Watchlist,,Consumer Discretionary,Consumer Services,Adj,Dec,EPS,CY2026,9.086,9.114,+0.3%,9.143,+0.3%,9.02,-1.3%,324.07,35.9,-0.7%,+12.8%,+8.6%,+43.7%
HLT,Watchlist,,Consumer Discretionary,Consumer Services,Adj,Dec,EPS,CY2027,10.526,10.511,-0.1%,10.472,-0.4%,10.404,-0.6%,324.07,31.1,-1.2%,+12.8%,+8.6%,+43.7%
HLT,Watchlist,,Consumer Discretionary,Consumer Services,Adj,Dec,EPS,CY2028,12.694,12.26,-3.4%,12.141,-1.0%,12.038,-0.8%,324.07,26.9,-5.2%,+12.8%,+8.6%,+43.7%
IBKR,Watchlist,,Financials,Financial Services,Adj,Dec,EPS,CY2025,1.816,2.113,+16.4%,2.141,+1.3%,2.141,+0.0%,79.5,37.1,+17.9%,+23.6%,+6.2%,+85.0%
IBKR,Watchlist,,Financials,Financial Services,Adj,Dec,EPS,CY2026,1.927,2.299,+19.3%,2.459,+7.0%,2.493,+1.4%,79.5,31.9,+29.4%,+23.6%,+6.2%,+85.0%
IBKR,Watchlist,,Financials,Financial Services,Adj,Dec,EPS,CY2027,2.05,2.48,+21.0%,2.725,+9.9%,2.844,+4.4%,79.5,28.0,+38.7%,+23.6%,+6.2%,+85.0%
IBKR,Watchlist,,Financials,Financial Services,Adj,Dec,EPS,CY2028,2.305,2.89,+25.4%,3.107,+7.5%,3.238,+4.2%,79.5,24.6,+40.5%,+23.6%,+6.2%,+85.0%
NET,Watchlist,,Information Technology,Software & Services,Adj,Dec,EPS,CY2025,0.824,0.906,+10.0%,0.914,+0.9%,0.914,+0.0%,204.97,224.3,+10.9%,+4.0%,+15.6%,+69.7%
NET,Watchlist,,Information Technology,Software & Services,Adj,Dec,EPS,CY2026,1.054,1.172,+11.2%,1.182,+0.9%,1.13,-4.4%,204.97,181.4,+7.2%,+4.0%,+15.6%,+69.7%
NET,Watchlist,,Information Technology,Software & Services,Adj,Dec,EPS,CY2027,1.403,1.593,+13.5%,1.546,-3.0%,1.483,-4.1%,204.97,138.2,+5.7%,+4.0%,+15.6%,+69.7%
NET,Watchlist,,Information Technology,Software & Services,Adj,Dec,EPS,CY2028,1.683,2.212,+31.4%,2.147,-2.9%,2.089,-2.7%,204.97,98.1,+24.1%,+4.0%,+15.6%,+69.7%
COST,Watchlist,,Consumer Staples,Consumer Staples Distribution,GAAP,Aug,EPS,CY2025,18.122,18.099,-0.1%,18.099,+0.0%,18.099,+0.0%,1014.53,56.1,-0.1%,+17.6%,+7.9%,+2.0%
COST,Watchlist,,Consumer Staples,Consumer Staples Distribution,GAAP,Aug,EPS,CY2026,19.983,20.089,+0.5%,20.285,+1.0%,20.441,+0.8%,1014.53,49.6,+2.3%,+17.6%,+7.9%,+2.0%
COST,Watchlist,,Consumer Staples,Consumer Staples Distribution,GAAP,Aug,EPS,CY2027,22.143,22.111,-0.1%,22.212,+0.5%,22.807,+2.7%,1014.53,44.5,+3.0%,+17.6%,+7.9%,+2.0%
COST,Watchlist,,Consumer Staples,Consumer Staples Distribution,GAAP,Aug,EPS,CY2028,24.637,24.521,-0.5%,24.594,+0.3%,25.384,+3.2%,1014.53,40.0,+3.0%,+17.6%,+7.9%,+2.0%
TSLA,Watchlist,,Consumer Discretionary,Automobiles & Components,GAAP,Dec,EPS,CY2025,1.58,1.255,-20.6%,1.266,+0.9%,1.266,+0.0%,381.63,301.4,-19.9%,-15.1%,-11.3%,+35.3%
TSLA,Watchlist,,Consumer Discretionary,Automobiles & Components,GAAP,Dec,EPS,CY2026,2.584,1.852,-28.3%,1.589,-14.2%,1.34,-15.7%,381.63,284.8,-48.1%,-15.1%,-11.3%,+35.3%
TSLA,Watchlist,,Consumer Discretionary,Automobiles & Components,GAAP,Dec,EPS,CY2027,3.52,2.791,-20.7%,2.221,-20.4%,1.93,-13.1%,381.63,197.7,-45.2%,-15.1%,-11.3%,+35.3%
TSLA,Watchlist,,Consumer Discretionary,Automobiles & Components,GAAP,Dec,EPS,CY2028,4.827,4.022,-16.7%,3.364,-16.4%,2.712,-19.4%,381.63,140.7,-43.8%,-15.1%,-11.3%,+35.3%
TMO,Watchlist,,Health Care,"Pharmaceuticals, Biotechnology",Adj,Dec,EPS,CY2025,22.311,22.745,+1.9%,22.749,+0.0%,22.749,+0.0%,478.96,21.1,+2.0%,-17.3%,-17.2%,+11.6%
TMO,Watchlist,,Health Care,"Pharmaceuticals, Biotechnology",Adj,Dec,EPS,CY2026,24.691,24.62,-0.3%,24.633,+0.1%,24.849,+0.9%,478.96,19.3,+0.6%,-17.3%,-17.2%,+11.6%
TMO,Watchlist,,Health Care,"Pharmaceuticals, Biotechnology",Adj,Dec,EPS,CY2027,27.577,27.08,-1.8%,26.977,-0.4%,27.287,+1.1%,478.96,17.6,-1.1%,-17.3%,-17.2%,+11.6%
TMO,Watchlist,,Health Care,"Pharmaceuticals, Biotechnology",Adj,Dec,EPS,CY2028,30.744,30.148,-1.9%,29.748,-1.3%,30.105,+1.2%,478.96,15.9,-2.1%,-17.3%,-17.2%,+11.6%
COF,Watchlist,,Financials,Financial Services,Adj,Dec,EPS,CY2025,15.261,19.551,+28.1%,19.712,+0.8%,19.712,+0.0%,191.3,9.7,+29.2%,-21.1%,-12.6%,+6.1%
COF,Watchlist,,Financials,Financial Services,Adj,Dec,EPS,CY2026,18.576,20.468,+10.2%,20.176,-1.4%,19.066,-5.5%,191.3,10.0,+2.6%,-21.1%,-12.6%,+6.1%
COF,Watchlist,,Financials,Financial Services,Adj,Dec,EPS,CY2027,22.038,24.817,+12.6%,24.582,-0.9%,23.442,-4.6%,191.3,8.2,+6.4%,-21.1%,-12.6%,+6.1%
COF,Watchlist,,Financials,Financial Services,Adj,Dec,EPS,CY2028,20.945,29.295,+39.9%,27.994,-4.4%,26.683,-4.7%,191.3,7.2,+27.4%,-21.1%,-12.6%,+6.1%
AON,Watchlist,,Financials,Insurance,Adj,Dec,EPS,CY2025,16.924,16.919,-0.0%,16.964,+0.3%,16.964,+0.0%,311.65,18.4,+0.2%,-11.7%,-10.9%,-12.2%
AON,Watchlist,,Financials,Insurance,Adj,Dec,EPS,CY2026,19.044,19.059,+0.1%,19.05,-0.0%,18.993,-0.3%,311.65,16.4,-0.3%,-11.7%,-10.9%,-12.2%
AON,Watchlist,,Financials,Insurance,Adj,Dec,EPS,CY2027,21.17,21.315,+0.7%,21.404,+0.4%,21.387,-0.1%,311.65,14.6,+1.0%,-11.7%,-10.9%,-12.2%
AON,Watchlist,,Financials,Insurance,Adj,Dec,EPS,CY2028,23.445,23.685,+1.0%,23.461,-0.9%,23.723,+1.1%,311.65,13.1,+1.2%,-11.7%,-10.9%,-12.2%
MC,Watchlist,,Consumer Discretionary,Consumer Durables & Apparel,GAAP,Dec,EPS,CY2025,24.174,21.662,-10.4%,21.493,-0.8%,21.493,+0.0%,451.4,21.0,-11.1%,-30.0%,-17.5%,-7.5%
MC,Watchlist,,Consumer Discretionary,Consumer Durables & Apparel,GAAP,Dec,EPS,CY2026,27.351,24.104,-11.9%,23.563,-2.2%,22.411,-4.9%,451.4,20.1,-18.1%,-30.0%,-17.5%,-7.5%
MC,Watchlist,,Consumer Discretionary,Consumer Durables & Apparel,GAAP,Dec,EPS,CY2027,30.41,27.012,-11.2%,27.006,-0.0%,25.764,-4.6%,451.4,17.5,-15.3%,-30.0%,-17.5%,-7.5%
MC,Watchlist,,Consumer Discretionary,Consumer Durables & Apparel,GAAP,Dec,EPS,CY2028,34.371,30.318,-11.8%,30.529,+0.7%,28.762,-5.8%,451.4,15.7,-16.3%,-30.0%,-17.5%,-7.5%
SPX,Indices,Indices,,,Adj,Dec,EPS,CY2025,,,,,,,,7209.01,,,+5.3%,+3.9%,+29.4%
SPX,Indices,Indices,,,Adj,Dec,EPS,CY2026,274.1217,298.8565,+9.0%,317.2712,+6.2%,344.807,+8.7%,7209.01,20.9,+25.8%,+5.3%,+3.9%,+29.4%
SPX,Indices,Indices,,,Adj,Dec,EPS,CY2027,305.7379,336.6553,+10.1%,363.5557,+8.0%,393.8017,+8.3%,7209.01,18.3,+28.8%,+5.3%,+3.9%,+29.4%
SPX,Indices,Indices,,,Adj,Dec,EPS,CY2028,335.3759,371.026,+10.6%,408.2396,+10.0%,436.091,+6.8%,7209.01,16.5,+30.0%,+5.3%,+3.9%,+29.4%
QQQ,Indices,Indices,,,GAAP,Dec,EPS,CY2025,,,,,,,,667.74,,,+8.7%,+7.4%,+40.4%
QQQ,Indices,Indices,,,GAAP,Dec,EPS,CY2026,,,,,,,,667.74,,,+8.7%,+7.4%,+40.4%
QQQ,Indices,Indices,,,GAAP,Dec,EPS,CY2027,,,,,,,,667.74,,,+8.7%,+7.4%,+40.4%
QQQ,Indices,Indices,,,GAAP,Dec,EPS,CY2028,,,,,,,,667.74,,,+8.7%,+7.4%,+40.4%
IWM,Indices,Indices,,,Adj,Dec,EPS,CY2025,,,,,,,,277.97,,,+12.9%,+7.1%,+42.7%
IWM,Indices,Indices,,,Adj,Dec,EPS,CY2026,,,,,,,,277.97,,,+12.9%,+7.1%,+42.7%
IWM,Indices,Indices,,,Adj,Dec,EPS,CY2027,,,,,,,,277.97,,,+12.9%,+7.1%,+42.7%
IWM,Indices,Indices,,,Adj,Dec,EPS,CY2028,,,,,,,,277.97,,,+12.9%,+7.1%,+42.7%
SOX,Indices,Indices,,,Adj,Dec,EPS,CY2025,,,,,,,,10503.7,,,+48.3%,+31.3%,+148.3%
SOX,Indices,Indices,,,Adj,Dec,EPS,CY2026,214.6247,252.1574,+17.5%,313.3649,+24.3%,451.5551,+44.1%,10503.7,23.3,+110.4%,+48.3%,+31.3%,+148.3%
SOX,Indices,Indices,,,Adj,Dec,EPS,CY2027,265.5096,314.7032,+18.5%,388.543,+23.5%,560.6446,+44.3%,10503.7,18.7,+111.2%,+48.3%,+31.3%,+148.3%
SOX,Indices,Indices,,,Adj,Dec,EPS,CY2028,319.2997,361.3515,+13.2%,447.7666,+23.9%,646.418,+44.4%,10503.7,16.2,+102.4%,+48.3%,+31.3%,+148.3%
IGV,Indices,Indices,,,Adj,Dec,EPS,CY2025,,,,,,,,83.91,,,-20.6%,-7.1%,-12.7%
IGV,Indices,Indices,,,Adj,Dec,EPS,CY2026,,,,,,,,83.91,,,-20.6%,-7.1%,-12.7%
IGV,Indices,Indices,,,Adj,Dec,EPS,CY2027,,,,,,,,83.91,,,-20.6%,-7.1%,-12.7%
IGV,Indices,Indices,,,Adj,Dec,EPS,CY2028,,,,,,,,83.91,,,-20.6%,-7.1%,-12.7%
AER,Extended,Uncategorized,Industrials,Capital Goods,Adj,Dec,EPS,CY2025,11.932,14.31,+19.9%,14.926,+4.3%,14.926,+0.0%,142.21,9.5,+25.1%,-1.1%,-1.0%,+34.2%
AER,Extended,Uncategorized,Industrials,Capital Goods,Adj,Dec,EPS,CY2026,13.024,14.181,+8.9%,14.658,+3.4%,17.186,+17.2%,142.21,8.3,+32.0%,-1.1%,-1.0%,+34.2%
AER,Extended,Uncategorized,Industrials,Capital Goods,Adj,Dec,EPS,CY2027,14.445,14.82,+2.6%,15.342,+3.5%,17.025,+11.0%,142.21,8.4,+17.9%,-1.1%,-1.0%,+34.2%
AER,Extended,Uncategorized,Industrials,Capital Goods,Adj,Dec,EPS,CY2028,,,,17.61,,18.07,+2.6%,142.21,7.9,,-1.1%,-1.0%,+34.2%
MA,Extended,Uncategorized,Financials,Financial Services,GAAP,Dec,EPS,CY2025,15.841,16.318,+3.0%,16.333,+0.1%,16.333,+0.0%,502.92,30.8,+3.1%,-11.9%,-6.7%,-8.2%
MA,Extended,Uncategorized,Financials,Financial Services,GAAP,Dec,EPS,CY2026,18.649,18.969,+1.7%,19.176,+1.1%,19.434,+1.3%,502.92,25.9,+4.2%,-11.9%,-6.7%,-8.2%
MA,Extended,Uncategorized,Financials,Financial Services,GAAP,Dec,EPS,CY2027,21.83,22.138,+1.4%,22.307,+0.8%,22.507,+0.9%,502.92,22.3,+3.1%,-11.9%,-6.7%,-8.2%
MA,Extended,Uncategorized,Financials,Financial Services,GAAP,Dec,EPS,CY2028,24.9,25.264,+1.5%,25.986,+2.9%,26.269,+1.1%,502.92,19.1,+5.5%,-11.9%,-6.7%,-8.2%
BRK/A,Extended,Uncategorized,Financials,Financial Services,GAAP,Dec,EPS,CY2025,32754.113,29880.18,-8.8%,40470.363,+35.4%,44704.805,+10.5%,711900.0,15.9,+36.5%,-5.7%,-1.5%,-11.1%
BRK/A,Extended,Uncategorized,Financials,Financial Services,GAAP,Dec,EPS,CY2026,34773.728,34380.548,-1.1%,34808.067,+1.2%,31377.347,-9.9%,711900.0,22.7,-9.8%,-5.7%,-1.5%,-11.1%
BRK/A,Extended,Uncategorized,Financials,Financial Services,GAAP,Dec,EPS,CY2027,31974.31,33515.14,+4.8%,35504.123,+5.9%,34817.258,-1.9%,711900.0,20.4,+8.9%,-5.7%,-1.5%,-11.1%
BRK/A,Extended,Uncategorized,Financials,Financial Services,GAAP,Dec,EPS,CY2028,33858.54,37302.41,+10.2%,37302.41,+0.0%,35728.045,-4.2%,711900.0,19.9,+5.5%,-5.7%,-1.5%,-11.1%
CSU,Extended,Uncategorized,Information Technology,Software & Services,Adj,Dec,EPS,CY2025,84.63,55.822,-34.0%,34.203,-38.7%,33.593,-1.8%,2473.89,73.6,-60.3%,-25.3%,-1.6%,-50.2%
CSU,Extended,Uncategorized,Information Technology,Software & Services,Adj,Dec,EPS,CY2026,102.703,94.525,-8.0%,87.44,-7.5%,84.389,-3.5%,2473.89,29.3,-17.8%,-25.3%,-1.6%,-50.2%
CSU,Extended,Uncategorized,Information Technology,Software & Services,Adj,Dec,EPS,CY2027,,105.127,,99.373,-5.5%,101.683,+2.3%,2473.89,24.3,,-25.3%,-1.6%,-50.2%
CSU,Extended,Uncategorized,Information Technology,Software & Services,Adj,Dec,EPS,CY2028,,,,,,90.94,,2473.89,27.2,,-25.3%,-1.6%,-50.2%
DHR,Extended,Uncategorized,Health Care,"Pharmaceuticals, Biotechnology",Adj,Dec,EPS,CY2025,7.699,7.717,+0.2%,7.734,+0.2%,7.734,+0.0%,178.95,23.1,+0.5%,-21.8%,-18.2%,-10.2%
DHR,Extended,Uncategorized,Health Care,"Pharmaceuticals, Biotechnology",Adj,Dec,EPS,CY2026,8.575,8.42,-1.8%,8.426,+0.1%,8.436,+0.1%,178.95,21.2,-1.6%,-21.8%,-18.2%,-10.2%
DHR,Extended,Uncategorized,Health Care,"Pharmaceuticals, Biotechnology",Adj,Dec,EPS,CY2027,9.471,9.241,-2.4%,9.133,-1.2%,9.101,-0.4%,178.95,19.7,-3.9%,-21.8%,-18.2%,-10.2%
DHR,Extended,Uncategorized,Health Care,"Pharmaceuticals, Biotechnology",Adj,Dec,EPS,CY2028,10.487,10.113,-3.6%,10.041,-0.7%,9.976,-0.6%,178.95,17.9,-4.9%,-21.8%,-18.2%,-10.2%
AAPL,Extended,Uncategorized,Information Technology,Technology Hardware & Equipmen,GAAP,Sep,EPS,CY2025,7.27,7.387,+1.6%,7.387,+0.0%,7.387,+0.0%,271.35,36.7,+1.6%,-0.2%,+4.6%,+27.7%
AAPL,Extended,Uncategorized,Information Technology,Technology Hardware & Equipmen,GAAP,Sep,EPS,CY2026,7.971,8.21,+3.0%,8.444,+2.9%,8.555,+1.3%,271.35,31.7,+7.3%,-0.2%,+4.6%,+27.7%
AAPL,Extended,Uncategorized,Information Technology,Technology Hardware & Equipmen,GAAP,Sep,EPS,CY2027,8.797,9.037,+2.7%,9.267,+2.5%,9.407,+1.5%,271.35,28.8,+6.9%,-0.2%,+4.6%,+27.7%
AAPL,Extended,Uncategorized,Information Technology,Technology Hardware & Equipmen,GAAP,Sep,EPS,CY2028,9.662,9.956,+3.0%,10.199,+2.4%,10.455,+2.5%,271.35,26.0,+8.2%,-0.2%,+4.6%,+27.7%
NFLX,Extended,Uncategorized,Communication Services,Media & Entertainment,GAAP,Dec,EPS,CY2025,2.544,2.531,-0.5%,2.525,-0.2%,2.525,+0.0%,93.61,37.1,-0.7%,-0.2%,+12.1%,-17.3%
NFLX,Extended,Uncategorized,Communication Services,Media & Entertainment,GAAP,Dec,EPS,CY2026,3.086,3.244,+5.1%,3.141,-3.2%,3.565,+13.5%,93.61,26.3,+15.5%,-0.2%,+12.1%,-17.3%
NFLX,Extended,Uncategorized,Communication Services,Media & Entertainment,GAAP,Dec,EPS,CY2027,3.742,3.909,+4.5%,3.799,-2.8%,3.829,+0.8%,93.61,24.4,+2.3%,-0.2%,+12.1%,-17.3%
NFLX,Extended,Uncategorized,Communication Services,Media & Entertainment,GAAP,Dec,EPS,CY2028,4.358,4.588,+5.3%,4.474,-2.5%,4.59,+2.6%,93.61,20.4,+5.3%,-0.2%,+12.1%,-17.3%
QCOM,Extended,Uncategorized,Information Technology,Semiconductors & Semiconductor,Adj,Sep,EPS,CY2025,11.741,11.916,+1.5%,11.92,+0.0%,11.92,+0.0%,179.58,15.1,+1.5%,+5.0%,+18.5%,+21.0%
QCOM,Extended,Uncategorized,Information Technology,Semiconductors & Semiconductor,Adj,Sep,EPS,CY2026,12.083,12.096,+0.1%,12.195,+0.8%,10.776,-11.6%,179.58,16.7,-10.8%,+5.0%,+18.5%,+21.0%
QCOM,Extended,Uncategorized,Information Technology,Semiconductors & Semiconductor,Adj,Sep,EPS,CY2027,12.208,12.704,+4.1%,12.347,-2.8%,10.621,-14.0%,179.58,16.9,-13.0%,+5.0%,+18.5%,+21.0%
QCOM,Extended,Uncategorized,Information Technology,Semiconductors & Semiconductor,Adj,Sep,EPS,CY2028,13.843,13.497,-2.5%,12.992,-3.7%,11.934,-8.1%,179.58,15.0,-13.8%,+5.0%,+18.5%,+21.0%
UMG,Extended,Uncategorized,Communication Services,Media & Entertainment,Adj,Dec,EPS,CY2025,1.033,1.001,-3.1%,1.024,+2.3%,1.023,-0.1%,17.815,17.4,-1.0%,-19.9%,-13.9%,-31.1%
UMG,Extended,Uncategorized,Communication Services,Media & Entertainment,Adj,Dec,EPS,CY2026,1.181,1.128,-4.5%,1.126,-0.2%,1.043,-7.4%,17.815,17.1,-11.7%,-19.9%,-13.9%,-31.1%
UMG,Extended,Uncategorized,Communication Services,Media & Entertainment,Adj,Dec,EPS,CY2027,1.308,1.236,-5.5%,1.232,-0.3%,1.159,-5.9%,17.815,15.4,-11.4%,-19.9%,-13.9%,-31.1%
UMG,Extended,Uncategorized,Communication Services,Media & Entertainment,Adj,Dec,EPS,CY2028,1.387,1.31,-5.6%,1.308,-0.2%,1.264,-3.4%,17.815,14.1,-8.9%,-19.9%,-13.9%,-31.1%
ASML,Extended,Uncategorized,Information Technology,Semiconductors & Semiconductor,GAAP,Dec,EPS,CY2025,23.236,24.474,+5.3%,24.885,+1.7%,24.885,+0.0%,1222.4,49.1,+7.1%,+32.7%,+0.6%,+109.9%
ASML,Extended,Uncategorized,Information Technology,Semiconductors & Semiconductor,GAAP,Dec,EPS,CY2026,26.915,25.886,-3.8%,28.876,+11.6%,31.329,+8.5%,1222.4,39.0,+16.4%,+32.7%,+0.6%,+109.9%
ASML,Extended,Uncategorized,Information Technology,Semiconductors & Semiconductor,GAAP,Dec,EPS,CY2027,32.63,31.625,-3.1%,37.164,+17.5%,41.048,+10.5%,1222.4,29.8,+25.8%,+32.7%,+0.6%,+109.9%
ASML,Extended,Uncategorized,Information Technology,Semiconductors & Semiconductor,GAAP,Dec,EPS,CY2028,39.891,36.327,-8.9%,42.572,+17.2%,47.188,+10.8%,1222.4,25.9,+18.3%,+32.7%,+0.6%,+109.9%
AMAT,Extended,Uncategorized,Information Technology,Semiconductors & Semiconductor,GAAP,Oct,EPS,CY2025,8.252,8.317,+0.8%,8.321,+0.0%,8.321,+0.0%,394.49,47.4,+0.8%,+53.5%,+22.4%,+161.8%
AMAT,Extended,Uncategorized,Information Technology,Semiconductors & Semiconductor,GAAP,Oct,EPS,CY2026,9.767,9.242,-5.4%,9.518,+3.0%,11.181,+17.5%,394.49,35.3,+14.5%,+53.5%,+22.4%,+161.8%
AMAT,Extended,Uncategorized,Information Technology,Semiconductors & Semiconductor,GAAP,Oct,EPS,CY2027,10.647,10.566,-0.8%,11.789,+11.6%,14.089,+19.5%,394.49,28.0,+32.3%,+53.5%,+22.4%,+161.8%
AMAT,Extended,Uncategorized,Information Technology,Semiconductors & Semiconductor,GAAP,Oct,EPS,CY2028,11.228,10.943,-2.5%,12.491,+14.1%,15.276,+22.3%,394.49,25.8,+36.1%,+53.5%,+22.4%,+161.8%
KLAC,Extended,Uncategorized,Information Technology,Semiconductors & Semiconductor,GAAP,Jun,EPS,CY2025,29.227,29.776,+1.9%,29.776,+0.0%,29.776,+0.0%,1750.35,58.8,+1.9%,+44.1%,+22.6%,+149.1%
KLAC,Extended,Uncategorized,Information Technology,Semiconductors & Semiconductor,GAAP,Jun,EPS,CY2026,31.201,34.647,+11.0%,35.588,+2.7%,36.015,+1.2%,1750.35,48.6,+15.4%,+44.1%,+22.6%,+149.1%
KLAC,Extended,Uncategorized,Information Technology,Semiconductors & Semiconductor,GAAP,Jun,EPS,CY2027,35.781,40.228,+12.4%,45.761,+13.8%,49.081,+7.3%,1750.35,35.7,+37.2%,+44.1%,+22.6%,+149.1%
KLAC,Extended,Uncategorized,Information Technology,Semiconductors & Semiconductor,GAAP,Jun,EPS,CY2028,38.2,43.707,+14.4%,50.636,+15.9%,57.575,+13.7%,1750.35,30.4,+50.7%,+44.1%,+22.6%,+149.1%
KKR,Extended,Uncategorized,Financials,Financial Services,Adj,Dec,EPS,CY2025,5.294,5.133,-3.0%,4.955,-3.5%,4.947,-0.2%,104.34,21.1,-6.6%,-18.2%,-8.7%,-8.7%
KKR,Extended,Uncategorized,Financials,Financial Services,Adj,Dec,EPS,CY2026,6.896,6.747,-2.2%,6.742,-0.1%,6.115,-9.3%,104.34,17.1,-11.3%,-18.2%,-8.7%,-8.7%
KKR,Extended,Uncategorized,Financials,Financial Services,Adj,Dec,EPS,CY2027,8.284,8.181,-1.2%,8.141,-0.5%,7.839,-3.7%,104.34,13.3,-5.4%,-18.2%,-8.7%,-8.7%
KKR,Extended,Uncategorized,Financials,Financial Services,Adj,Dec,EPS,CY2028,9.798,9.496,-3.1%,9.568,+0.8%,9.737,+1.8%,104.34,10.7,-0.6%,-18.2%,-8.7%,-8.7%
BAM,Extended,Uncategorized,Financials,Financial Services,Adj,Dec,EPS,CY2025,1.666,1.6,-4.0%,1.62,+1.3%,1.62,+0.0%,48.01,29.6,-2.8%,-8.4%,-3.4%,-10.0%
BAM,Extended,Uncategorized,Financials,Financial Services,Adj,Dec,EPS,CY2026,1.927,1.857,-3.6%,1.847,-0.5%,1.852,+0.3%,48.01,25.9,-3.9%,-8.4%,-3.4%,-10.0%
BAM,Extended,Uncategorized,Financials,Financial Services,Adj,Dec,EPS,CY2027,2.196,2.186,-0.5%,2.15,-1.6%,2.202,+2.4%,48.01,21.8,+0.3%,-8.4%,-3.4%,-10.0%
BAM,Extended,Uncategorized,Financials,Financial Services,Adj,Dec,EPS,CY2028,2.48,2.44,-1.6%,2.553,+4.6%,2.56,+0.3%,48.01,18.8,+3.2%,-8.4%,-3.4%,-10.0%
ARES,Extended,Uncategorized,Financials,Financial Services,Adj,Dec,EPS,CY2025,4.978,5.039,+1.2%,5.027,-0.2%,5.022,-0.1%,117.4,23.4,+0.9%,-27.4%,-21.6%,-23.0%
ARES,Extended,Uncategorized,Financials,Financial Services,Adj,Dec,EPS,CY2026,6.398,6.401,+0.0%,6.538,+2.1%,6.059,-7.3%,117.4,19.4,-5.3%,-27.4%,-21.6%,-23.0%
ARES,Extended,Uncategorized,Financials,Financial Services,Adj,Dec,EPS,CY2027,7.614,7.61,-0.1%,7.829,+2.9%,7.393,-5.6%,117.4,15.9,-2.9%,-27.4%,-21.6%,-23.0%
ARES,Extended,Uncategorized,Financials,Financial Services,Adj,Dec,EPS,CY2028,8.79,8.947,+1.8%,8.878,-0.8%,8.37,-5.7%,117.4,14.0,-4.8%,-27.4%,-21.6%,-23.0%
OWL,Extended,Uncategorized,Financials,Financial Services,Adj,Dec,EPS,CY2025,0.888,0.826,-7.0%,0.821,-0.6%,0.821,+0.0%,9.75,11.9,-7.5%,-34.7%,-28.5%,-47.4%
OWL,Extended,Uncategorized,Financials,Financial Services,Adj,Dec,EPS,CY2026,1.075,0.997,-7.3%,0.966,-3.1%,0.886,-8.3%,9.75,11.0,-17.6%,-34.7%,-28.5%,-47.4%
OWL,Extended,Uncategorized,Financials,Financial Services,Adj,Dec,EPS,CY2027,1.214,1.185,-2.4%,1.139,-3.9%,1.014,-11.0%,9.75,9.6,-16.5%,-34.7%,-28.5%,-47.4%
OWL,Extended,Uncategorized,Financials,Financial Services,Adj,Dec,EPS,CY2028,,1.485,,1.348,-9.2%,1.144,-15.1%,9.75,8.5,,-34.7%,-28.5%,-47.4%
CG,Extended,Uncategorized,Financials,Financial Services,Adj,Dec,EPS,CY2025,3.913,4.076,+4.2%,4.002,-1.8%,3.991,-0.3%,50.07,12.5,+2.0%,-15.3%,-14.8%,+29.6%
CG,Extended,Uncategorized,Financials,Financial Services,Adj,Dec,EPS,CY2026,4.561,4.781,+4.8%,4.692,-1.9%,4.263,-9.1%,50.07,11.7,-6.5%,-15.3%,-14.8%,+29.6%
CG,Extended,Uncategorized,Financials,Financial Services,Adj,Dec,EPS,CY2027,4.874,5.391,+10.6%,5.376,-0.3%,5.334,-0.8%,50.07,9.4,+9.4%,-15.3%,-14.8%,+29.6%
CG,Extended,Uncategorized,Financials,Financial Services,Adj,Dec,EPS,CY2028,5.315,5.8,+9.1%,5.94,+2.4%,6.043,+1.7%,50.07,8.3,+13.7%,-15.3%,-14.8%,+29.6%
BN,Extended,Uncategorized,Financials,Financial Services,Adj,Dec,EPS,CY2025,2.564,2.464,-3.9%,2.462,-0.1%,2.462,+0.0%,45.12,18.3,-4.0%,-1.7%,-0.9%,+26.1%
BN,Extended,Uncategorized,Financials,Financial Services,Adj,Dec,EPS,CY2026,3.104,2.933,-5.5%,2.863,-2.4%,2.807,-2.0%,45.12,16.1,-9.6%,-1.7%,-0.9%,+26.1%
BN,Extended,Uncategorized,Financials,Financial Services,Adj,Dec,EPS,CY2027,2.665,3.645,+36.8%,3.429,-5.9%,3.542,+3.3%,45.12,12.7,+32.9%,-1.7%,-0.9%,+26.1%
BN,Extended,Uncategorized,Financials,Financial Services,Adj,Dec,EPS,CY2028,,,,,,3.71,,45.12,12.2,,-1.7%,-0.9%,+26.1%
TPG,Extended,Uncategorized,Financials,Financial Services,Adj,Dec,EPS,CY2025,2.118,2.432,+14.8%,2.335,-4.0%,2.335,+0.0%,43.62,18.7,+10.2%,-31.7%,-26.0%,-6.1%
TPG,Extended,Uncategorized,Financials,Financial Services,Adj,Dec,EPS,CY2026,2.934,3.024,+3.1%,2.989,-1.2%,2.796,-6.5%,43.62,15.6,-4.7%,-31.7%,-26.0%,-6.1%
TPG,Extended,Uncategorized,Financials,Financial Services,Adj,Dec,EPS,CY2027,3.409,3.719,+9.1%,3.738,+0.5%,3.581,-4.2%,43.62,12.2,+5.0%,-31.7%,-26.0%,-6.1%
TPG,Extended,Uncategorized,Financials,Financial Services,Adj,Dec,EPS,CY2028,4.26,4.16,-2.3%,4.257,+2.3%,4.15,-2.5%,43.62,10.5,-2.6%,-31.7%,-26.0%,-6.1%
BEP,Extended,Uncategorized,Utilities,Utilities,Adj,Dec,EPS,CY2025,-0.599,-0.497,+17.0%,-0.824,-65.8%,-0.824,+0.0%,33.11,-40.2,-37.6%,+22.8%,+11.0%,+43.7%
BEP,Extended,Uncategorized,Utilities,Utilities,Adj,Dec,EPS,CY2026,-0.576,-0.472,+18.1%,-0.91,-92.8%,-1.128,-24.0%,33.11,-29.4,-95.8%,+22.8%,+11.0%,+43.7%
BEP,Extended,Uncategorized,Utilities,Utilities,Adj,Dec,EPS,CY2027,0.074,-0.427,-677.0%,-0.893,-109.1%,-0.782,+12.4%,33.11,-42.3,-1156.8%,+22.8%,+11.0%,+43.7%
BEP,Extended,Uncategorized,Utilities,Utilities,Adj,Dec,EPS,CY2028,0.117,0.683,+483.8%,-0.397,-158.1%,-0.719,-81.1%,33.11,-46.1,-714.5%,+22.8%,+11.0%,+43.7%
BIP,Extended,Uncategorized,Utilities,Utilities,Adj,Dec,EPS,CY2025,1.08,0.616,-43.0%,0.703,+14.1%,0.703,+0.0%,35.85,51.0,-34.9%,+3.2%,-0.8%,+19.5%
BIP,Extended,Uncategorized,Utilities,Utilities,Adj,Dec,EPS,CY2026,0.838,0.847,+1.1%,1.078,+27.3%,0.745,-30.9%,35.85,48.1,-11.1%,+3.2%,-0.8%,+19.5%
BIP,Extended,Uncategorized,Utilities,Utilities,Adj,Dec,EPS,CY2027,1.553,1.314,-15.4%,0.917,-30.2%,1.078,+17.6%,35.85,33.3,-30.6%,+3.2%,-0.8%,+19.5%
BIP,Extended,Uncategorized,Utilities,Utilities,Adj,Dec,EPS,CY2028,,1.85,,2.225,+20.3%,1.723,-22.6%,35.85,20.8,,+3.2%,-0.8%,+19.5%
MAR,Extended,Uncategorized,Consumer Discretionary,Consumer Services,Adj,Dec,EPS,CY2025,10.092,10.01,-0.8%,10.088,+0.8%,10.089,+0.0%,361.69,35.8,-0.0%,+16.6%,+14.7%,+51.6%
MAR,Extended,Uncategorized,Consumer Discretionary,Consumer Services,Adj,Dec,EPS,CY2026,11.423,11.316,-0.9%,11.43,+1.0%,11.577,+1.3%,361.69,31.2,+1.3%,+16.6%,+14.7%,+51.6%
MAR,Extended,Uncategorized,Consumer Discretionary,Consumer Services,Adj,Dec,EPS,CY2027,12.696,12.748,+0.4%,12.787,+0.3%,13.001,+1.7%,361.69,27.8,+2.4%,+16.6%,+14.7%,+51.6%
MAR,Extended,Uncategorized,Consumer Discretionary,Consumer Services,Adj,Dec,EPS,CY2028,14.82,14.492,-2.2%,14.284,-1.4%,14.442,+1.1%,361.69,25.0,-2.6%,+16.6%,+14.7%,+51.6%
DPZ,Extended,Uncategorized,Consumer Discretionary,Consumer Services,Adj,Dec,EPS,CY2025,17.598,17.592,-0.0%,17.594,+0.0%,17.592,-0.0%,339.42,19.3,-0.0%,-18.6%,-17.3%,-30.8%
DPZ,Extended,Uncategorized,Consumer Discretionary,Consumer Services,Adj,Dec,EPS,CY2026,19.279,19.56,+1.5%,19.571,+0.1%,19.274,-1.5%,339.42,17.6,-0.0%,-18.6%,-17.3%,-30.8%
DPZ,Extended,Uncategorized,Consumer Discretionary,Consumer Services,Adj,Dec,EPS,CY2027,21.267,21.355,+0.4%,21.303,-0.2%,21.031,-1.3%,339.42,16.1,-1.1%,-18.6%,-17.3%,-30.8%
DPZ,Extended,Uncategorized,Consumer Discretionary,Consumer Services,Adj,Dec,EPS,CY2028,23.7,23.613,-0.4%,23.636,+0.1%,22.977,-2.8%,339.42,14.8,-3.1%,-18.6%,-17.3%,-30.8%
CMG,Extended,Uncategorized,Consumer Discretionary,Consumer Services,Adj,Dec,EPS,CY2025,1.216,1.167,-4.0%,1.156,-0.9%,1.156,+0.0%,33.99,29.4,-4.9%,-8.1%,-12.6%,-32.7%
CMG,Extended,Uncategorized,Consumer Discretionary,Consumer Services,Adj,Dec,EPS,CY2026,1.439,1.247,-13.3%,1.222,-2.0%,1.136,-7.0%,33.99,29.9,-21.1%,-8.1%,-12.6%,-32.7%
CMG,Extended,Uncategorized,Consumer Discretionary,Consumer Services,Adj,Dec,EPS,CY2027,1.718,1.467,-14.6%,1.439,-1.9%,1.359,-5.6%,33.99,25.0,-20.9%,-8.1%,-12.6%,-32.7%
CMG,Extended,Uncategorized,Consumer Discretionary,Consumer Services,Adj,Dec,EPS,CY2028,2.092,1.784,-14.7%,1.721,-3.5%,1.59,-7.6%,33.99,21.4,-24.0%,-8.1%,-12.6%,-32.7%
MCO,Extended,Uncategorized,Financials,Financial Services,Adj,Dec,EPS,CY2025,13.7,14.666,+7.1%,14.782,+0.8%,14.772,-0.1%,461.85,31.3,+7.8%,-9.6%,-10.4%,+1.9%
MCO,Extended,Uncategorized,Financials,Financial Services,Adj,Dec,EPS,CY2026,15.428,16.341,+5.9%,16.563,+1.4%,16.68,+0.7%,461.85,27.7,+8.1%,-9.6%,-10.4%,+1.9%
MCO,Extended,Uncategorized,Financials,Financial Services,Adj,Dec,EPS,CY2027,17.258,18.302,+6.0%,18.574,+1.5%,18.625,+0.3%,461.85,24.8,+7.9%,-9.6%,-10.4%,+1.9%
MCO,Extended,Uncategorized,Financials,Financial Services,Adj,Dec,EPS,CY2028,19.14,20.23,+5.7%,20.448,+1.1%,20.54,+0.4%,461.85,22.5,+7.3%,-9.6%,-10.4%,+1.9%
SPGI,Extended,Uncategorized,Financials,Financial Services,Adj,Dec,EPS,CY2025,16.961,17.646,+4.0%,17.858,+1.2%,17.859,+0.0%,431.23,24.1,+5.3%,-17.5%,-18.3%,-13.8%
SPGI,Extended,Uncategorized,Financials,Financial Services,Adj,Dec,EPS,CY2026,18.927,19.657,+3.9%,19.981,+1.6%,19.632,-1.7%,431.23,22.0,+3.7%,-17.5%,-18.3%,-13.8%
SPGI,Extended,Uncategorized,Financials,Financial Services,Adj,Dec,EPS,CY2027,21.156,22.069,+4.3%,22.389,+1.4%,22.17,-1.0%,431.23,19.5,+4.8%,-17.5%,-18.3%,-13.8%
SPGI,Extended,Uncategorized,Financials,Financial Services,Adj,Dec,EPS,CY2028,23.207,23.917,+3.1%,24.514,+2.5%,25.064,+2.2%,431.23,17.2,+8.0%,-17.5%,-18.3%,-13.8%
MSCI,Extended,Uncategorized,Financials,Financial Services,Adj,Dec,EPS,CY2025,16.764,17.172,+2.4%,17.202,+0.2%,17.202,+0.0%,591.41,34.4,+2.6%,+3.1%,-2.9%,+8.5%
MSCI,Extended,Uncategorized,Financials,Financial Services,Adj,Dec,EPS,CY2026,18.719,19.378,+3.5%,19.429,+0.3%,19.639,+1.1%,591.41,30.1,+4.9%,+3.1%,-2.9%,+8.5%
MSCI,Extended,Uncategorized,Financials,Financial Services,Adj,Dec,EPS,CY2027,21.05,21.765,+3.4%,21.963,+0.9%,22.464,+2.3%,591.41,26.3,+6.7%,+3.1%,-2.9%,+8.5%
MSCI,Extended,Uncategorized,Financials,Financial Services,Adj,Dec,EPS,CY2028,23.381,24.346,+4.1%,24.991,+2.6%,25.479,+2.0%,591.41,23.2,+9.0%,+3.1%,-2.9%,+8.5%
CSGP,Extended,Uncategorized,Real Estate,Real Estate Management & Devel,Adj,Dec,EPS,CY2025,0.888,0.834,-6.1%,0.841,+0.8%,0.842,+0.1%,34.61,41.1,-5.2%,-48.5%,-43.7%,-53.3%
CSGP,Extended,Uncategorized,Real Estate,Real Estate Management & Devel,Adj,Dec,EPS,CY2026,1.422,1.347,-5.3%,1.319,-2.1%,1.35,+2.4%,34.61,25.6,-5.1%,-48.5%,-43.7%,-53.3%
CSGP,Extended,Uncategorized,Real Estate,Real Estate Management & Devel,Adj,Dec,EPS,CY2027,2.055,1.981,-3.6%,1.872,-5.5%,1.773,-5.3%,34.61,19.5,-13.7%,-48.5%,-43.7%,-53.3%
CSGP,Extended,Uncategorized,Real Estate,Real Estate Management & Devel,Adj,Dec,EPS,CY2028,2.707,2.637,-2.6%,2.365,-10.3%,2.216,-6.3%,34.61,15.6,-18.1%,-48.5%,-43.7%,-53.3%
LPLA,Extended,Uncategorized,Financials,Financial Services,Adj,Dec,EPS,CY2025,18.436,19.54,+6.0%,19.786,+1.3%,19.786,+0.0%,334.13,16.9,+7.3%,-6.5%,-8.3%,+4.5%
LPLA,Extended,Uncategorized,Financials,Financial Services,Adj,Dec,EPS,CY2026,21.591,22.951,+6.3%,23.864,+4.0%,22.731,-4.7%,334.13,14.7,+5.3%,-6.5%,-8.3%,+4.5%
LPLA,Extended,Uncategorized,Financials,Financial Services,Adj,Dec,EPS,CY2027,27.249,28.269,+3.7%,29.027,+2.7%,28.154,-3.0%,334.13,11.9,+3.3%,-6.5%,-8.3%,+4.5%
LPLA,Extended,Uncategorized,Financials,Financial Services,Adj,Dec,EPS,CY2028,31.545,32.713,+3.7%,33.877,+3.6%,34.036,+0.5%,334.13,9.8,+7.9%,-6.5%,-8.3%,+4.5%
SCHW,Extended,Uncategorized,Financials,Financial Services,Adj,Dec,EPS,CY2025,4.268,4.794,+12.3%,4.87,+1.6%,4.87,+0.0%,91.64,18.8,+14.1%,-8.3%,-11.8%,+12.6%
SCHW,Extended,Uncategorized,Financials,Financial Services,Adj,Dec,EPS,CY2026,5.059,5.609,+10.9%,5.847,+4.2%,6.002,+2.7%,91.64,15.3,+18.6%,-8.3%,-11.8%,+12.6%
SCHW,Extended,Uncategorized,Financials,Financial Services,Adj,Dec,EPS,CY2027,5.806,6.597,+13.6%,6.77,+2.6%,7.0,+3.4%,91.64,13.1,+20.6%,-8.3%,-11.8%,+12.6%
SCHW,Extended,Uncategorized,Financials,Financial Services,Adj,Dec,EPS,CY2028,6.553,7.605,+16.1%,7.744,+1.8%,7.995,+3.2%,91.64,11.5,+22.0%,-8.3%,-11.8%,+12.6%
CRM,Extended,Uncategorized,Information Technology,Software & Services,Adj,Jan,EPS,CY2025,11.155,11.38,+2.0%,11.784,+3.6%,11.785,+0.0%,176.53,15.0,+5.6%,-33.4%,-16.8%,-34.3%
CRM,Extended,Uncategorized,Information Technology,Software & Services,Adj,Jan,EPS,CY2026,12.509,12.73,+1.8%,13.184,+3.6%,13.193,+0.1%,176.53,13.4,+5.5%,-33.4%,-16.8%,-34.3%
CRM,Extended,Uncategorized,Information Technology,Software & Services,Adj,Jan,EPS,CY2027,14.387,14.48,+0.6%,15.079,+4.1%,14.855,-1.5%,176.53,11.9,+3.3%,-33.4%,-16.8%,-34.3%
CRM,Extended,Uncategorized,Information Technology,Software & Services,Adj,Jan,EPS,CY2028,16.198,17.246,+6.5%,17.728,+2.8%,17.521,-1.2%,176.53,10.1,+8.2%,-33.4%,-16.8%,-34.3%
WDAY,Extended,Uncategorized,Information Technology,Software & Services,Adj,Jan,EPS,CY2025,8.518,8.905,+4.5%,9.097,+2.2%,9.104,+0.1%,122.4,13.4,+6.9%,-43.0%,-30.3%,-50.0%
WDAY,Extended,Uncategorized,Information Technology,Software & Services,Adj,Jan,EPS,CY2026,10.008,10.589,+5.8%,10.756,+1.6%,10.433,-3.0%,122.4,11.7,+4.2%,-43.0%,-30.3%,-50.0%
WDAY,Extended,Uncategorized,Information Technology,Software & Services,Adj,Jan,EPS,CY2027,11.379,12.779,+12.3%,13.088,+2.4%,12.295,-6.1%,122.4,10.0,+8.0%,-43.0%,-30.3%,-50.0%
WDAY,Extended,Uncategorized,Information Technology,Software & Services,Adj,Jan,EPS,CY2028,12.842,14.527,+13.1%,15.208,+4.7%,13.999,-7.9%,122.4,8.7,+9.0%,-43.0%,-30.3%,-50.0%
ADBE,Extended,Uncategorized,Information Technology,Software & Services,Adj,Nov,EPS,CY2025,20.398,20.836,+2.1%,20.832,-0.0%,20.832,+0.0%,246.1,11.8,+2.1%,-29.7%,-16.1%,-34.4%
ADBE,Extended,Uncategorized,Information Technology,Software & Services,Adj,Nov,EPS,CY2026,22.87,23.433,+2.5%,23.518,+0.4%,23.516,-0.0%,246.1,10.5,+2.8%,-29.7%,-16.1%,-34.4%
ADBE,Extended,Uncategorized,Information Technology,Software & Services,Adj,Nov,EPS,CY2027,25.678,26.263,+2.3%,26.54,+1.1%,26.465,-0.3%,246.1,9.3,+3.1%,-29.7%,-16.1%,-34.4%
ADBE,Extended,Uncategorized,Information Technology,Software & Services,Adj,Nov,EPS,CY2028,28.37,28.463,+0.3%,29.101,+2.2%,29.662,+1.9%,246.1,8.3,+4.6%,-29.7%,-16.1%,-34.4%
SHOP,Extended,Uncategorized,Information Technology,Software & Services,Adj,Dec,EPS,CY2025,1.459,1.463,+0.3%,1.449,-1.0%,1.451,+0.1%,121.13,83.5,-0.5%,-24.7%,-7.7%,+27.5%
SHOP,Extended,Uncategorized,Information Technology,Software & Services,Adj,Dec,EPS,CY2026,1.867,1.819,-2.6%,1.883,+3.5%,1.836,-2.5%,121.13,66.0,-1.7%,-24.7%,-7.7%,+27.5%
SHOP,Extended,Uncategorized,Information Technology,Software & Services,Adj,Dec,EPS,CY2027,2.491,2.382,-4.4%,2.477,+4.0%,2.388,-3.6%,121.13,50.7,-4.1%,-24.7%,-7.7%,+27.5%
SHOP,Extended,Uncategorized,Information Technology,Software & Services,Adj,Dec,EPS,CY2028,3.171,2.88,-9.2%,3.467,+20.4%,3.202,-7.6%,121.13,37.8,+1.0%,-24.7%,-7.7%,+27.5%
GWRE,Extended,Uncategorized,Information Technology,Software & Services,Adj,Jul,EPS,CY2025,1.991,2.419,+21.5%,2.419,+0.0%,2.419,+0.0%,138.39,57.2,+21.5%,-31.2%,-1.7%,-32.4%
GWRE,Extended,Uncategorized,Information Technology,Software & Services,Adj,Jul,EPS,CY2026,2.668,2.972,+11.4%,2.96,-0.4%,3.537,+19.5%,138.39,39.1,+32.6%,-31.2%,-1.7%,-32.4%
GWRE,Extended,Uncategorized,Information Technology,Software & Services,Adj,Jul,EPS,CY2027,3.541,3.797,+7.2%,3.872,+2.0%,4.267,+10.2%,138.39,32.4,+20.5%,-31.2%,-1.7%,-32.4%
GWRE,Extended,Uncategorized,Information Technology,Software & Services,Adj,Jul,EPS,CY2028,,5.217,,4.901,-6.1%,5.395,+10.1%,138.39,25.7,,-31.2%,-1.7%,-32.4%
NOW,Extended,Uncategorized,Information Technology,Software & Services,Adj,Dec,EPS,CY2025,3.314,3.464,+4.5%,3.481,+0.5%,3.481,+0.0%,88.31,25.4,+5.0%,-42.4%,-24.5%,-53.8%
NOW,Extended,Uncategorized,Information Technology,Software & Services,Adj,Dec,EPS,CY2026,3.973,4.06,+2.2%,4.188,+3.2%,4.162,-0.6%,88.31,21.2,+4.8%,-42.4%,-24.5%,-53.8%
NOW,Extended,Uncategorized,Information Technology,Software & Services,Adj,Dec,EPS,CY2027,4.8,4.841,+0.9%,5.007,+3.4%,5.042,+0.7%,88.31,17.5,+5.0%,-42.4%,-24.5%,-53.8%
NOW,Extended,Uncategorized,Information Technology,Software & Services,Adj,Dec,EPS,CY2028,5.72,5.712,-0.1%,6.019,+5.4%,6.004,-0.2%,88.31,14.7,+5.0%,-42.4%,-24.5%,-53.8%
ELV,Extended,Uncategorized,Health Care,Health Care Equipment & Servic,Adj,Dec,EPS,CY2025,34.421,29.976,-12.9%,29.975,-0.0%,29.975,+0.0%,376.42,12.6,-12.9%,+7.4%,+8.9%,-10.5%
ELV,Extended,Uncategorized,Health Care,Health Care Equipment & Servic,Adj,Dec,EPS,CY2026,39.261,27.516,-29.9%,26.372,-4.2%,26.904,+2.0%,376.42,14.0,-31.5%,+7.4%,+8.9%,-10.5%
ELV,Extended,Uncategorized,Health Care,Health Care Equipment & Servic,Adj,Dec,EPS,CY2027,45.452,31.479,-30.7%,29.647,-5.8%,29.152,-1.7%,376.42,12.9,-35.9%,+7.4%,+8.9%,-10.5%
ELV,Extended,Uncategorized,Health Care,Health Care Equipment & Servic,Adj,Dec,EPS,CY2028,52.898,40.177,-24.0%,35.013,-12.9%,33.908,-3.2%,376.42,11.1,-35.9%,+7.4%,+8.9%,-10.5%
ISRG,Extended,Uncategorized,Health Care,Health Care Equipment & Servic,Adj,Dec,EPS,CY2025,7.768,8.634,+11.1%,8.646,+0.1%,8.646,+0.0%,457.61,52.9,+11.3%,-19.2%,-9.2%,-11.3%
ISRG,Extended,Uncategorized,Health Care,Health Care Equipment & Servic,Adj,Dec,EPS,CY2026,9.021,9.705,+7.6%,10.006,+3.1%,10.312,+3.1%,457.61,44.4,+14.3%,-19.2%,-9.2%,-11.3%
ISRG,Extended,Uncategorized,Health Care,Health Care Equipment & Servic,Adj,Dec,EPS,CY2027,10.556,11.224,+6.3%,11.49,+2.4%,11.698,+1.8%,457.61,39.1,+10.8%,-19.2%,-9.2%,-11.3%
ISRG,Extended,Uncategorized,Health Care,Health Care Equipment & Servic,Adj,Dec,EPS,CY2028,12.289,13.033,+6.1%,13.153,+0.9%,13.376,+1.7%,457.61,34.2,+8.8%,-19.2%,-9.2%,-11.3%
BLDR,Extended,Uncategorized,Industrials,Capital Goods,Adj,Dec,EPS,CY2025,9.458,7.028,-25.7%,7.054,+0.4%,7.053,-0.0%,79.09,11.2,-25.4%,-23.1%,-30.9%,-33.9%
BLDR,Extended,Uncategorized,Industrials,Capital Goods,Adj,Dec,EPS,CY2026,10.812,6.578,-39.2%,6.386,-2.9%,5.531,-13.4%,79.09,14.3,-48.8%,-23.1%,-30.9%,-33.9%
BLDR,Extended,Uncategorized,Industrials,Capital Goods,Adj,Dec,EPS,CY2027,12.867,8.606,-33.1%,8.136,-5.5%,7.276,-10.6%,79.09,10.9,-43.5%,-23.1%,-30.9%,-33.9%
BLDR,Extended,Uncategorized,Industrials,Capital Goods,Adj,Dec,EPS,CY2028,10.57,10.26,-2.9%,10.055,-2.0%,9.072,-9.8%,79.09,8.7,-14.2%,-23.1%,-30.9%,-33.9%
FERG,Extended,Uncategorized,Industrials,Capital Goods,Adj,Jul,EPS,CY2025,8.92,9.41,+5.5%,9.41,+0.0%,9.41,+0.0%,267.71,28.4,+5.5%,+20.2%,+6.0%,+57.8%
FERG,Extended,Uncategorized,Industrials,Capital Goods,Adj,Jul,EPS,CY2026,,11.036,,10.983,-0.5%,11.104,+1.1%,267.71,24.1,,+20.2%,+6.0%,+57.8%
FERG,Extended,Uncategorized,Industrials,Capital Goods,Adj,Jul,EPS,CY2027,,12.026,,12.094,+0.6%,12.288,+1.6%,267.71,21.8,,+20.2%,+6.0%,+57.8%
FERG,Extended,Uncategorized,Industrials,Capital Goods,Adj,Jul,EPS,CY2028,,13.264,,13.314,+0.4%,13.662,+2.6%,267.71,19.6,,+20.2%,+6.0%,+57.8%
CRH,Extended,Uncategorized,Materials,Materials,Adj,Dec,EPS,CY2025,5.754,5.614,-2.4%,5.588,-0.5%,5.593,+0.1%,118.42,21.2,-2.8%,-5.1%,-3.3%,+24.1%
CRH,Extended,Uncategorized,Materials,Materials,Adj,Dec,EPS,CY2026,6.435,6.277,-2.5%,6.098,-2.9%,5.958,-2.3%,118.42,19.9,-7.4%,-5.1%,-3.3%,+24.1%
CRH,Extended,Uncategorized,Materials,Materials,Adj,Dec,EPS,CY2027,7.098,7.004,-1.3%,6.75,-3.6%,6.711,-0.6%,118.42,17.6,-5.5%,-5.1%,-3.3%,+24.1%
CRH,Extended,Uncategorized,Materials,Materials,Adj,Dec,EPS,CY2028,7.882,7.74,-1.8%,7.716,-0.3%,7.537,-2.3%,118.42,15.7,-4.4%,-5.1%,-3.3%,+24.1%
FND,Extended,Uncategorized,Consumer Discretionary,Consumer Discretionary Distrib,Adj,Dec,EPS,CY2025,1.944,1.898,-2.4%,1.914,+0.8%,1.905,-0.5%,48.4,25.4,-2.0%,-20.5%,-26.6%,-32.3%
FND,Extended,Uncategorized,Consumer Discretionary,Consumer Discretionary Distrib,Adj,Dec,EPS,CY2026,2.534,2.09,-17.5%,2.115,+1.2%,2.069,-2.2%,48.4,23.4,-18.4%,-20.5%,-26.6%,-32.3%
FND,Extended,Uncategorized,Consumer Discretionary,Consumer Discretionary Distrib,Adj,Dec,EPS,CY2027,3.146,2.532,-19.5%,2.54,+0.3%,2.408,-5.2%,48.4,20.1,-23.5%,-20.5%,-26.6%,-32.3%
FND,Extended,Uncategorized,Consumer Discretionary,Consumer Discretionary Distrib,Adj,Dec,EPS,CY2028,3.393,3.053,-10.0%,3.073,+0.7%,2.892,-5.9%,48.4,16.7,-14.8%,-20.5%,-26.6%,-32.3%
WMT,Extended,Uncategorized,Consumer Staples,Consumer Staples Distribution,GAAP,Jan,EPS,CY2025,2.609,2.737,+4.9%,2.884,+5.4%,2.879,-0.2%,131.93,45.8,+10.3%,+18.4%,+10.7%,+35.7%
WMT,Extended,Uncategorized,Consumer Staples,Consumer Staples Distribution,GAAP,Jan,EPS,CY2026,2.937,2.915,-0.7%,2.977,+2.1%,2.918,-2.0%,131.93,45.2,-0.6%,+18.4%,+10.7%,+35.7%
WMT,Extended,Uncategorized,Consumer Staples,Consumer Staples Distribution,GAAP,Jan,EPS,CY2027,3.258,3.253,-0.2%,3.312,+1.8%,3.272,-1.2%,131.93,40.3,+0.4%,+18.4%,+10.7%,+35.7%
WMT,Extended,Uncategorized,Consumer Staples,Consumer Staples Distribution,GAAP,Jan,EPS,CY2028,3.723,3.673,-1.3%,3.663,-0.3%,3.632,-0.8%,131.93,36.3,-2.4%,+18.4%,+10.7%,+35.7%
PM,Extended,Uncategorized,Consumer Staples,"Food, Beverage & Tobacco",GAAP,Dec,EPS,CY2025,7.288,7.4,+1.5%,7.431,+0.4%,7.412,-0.3%,165.07,22.3,+1.7%,+2.9%,-8.0%,-3.7%
PM,Extended,Uncategorized,Consumer Staples,"Food, Beverage & Tobacco",GAAP,Dec,EPS,CY2026,8.061,8.115,+0.7%,8.043,-0.9%,8.029,-0.2%,165.07,20.6,-0.4%,+2.9%,-8.0%,-3.7%
PM,Extended,Uncategorized,Consumer Staples,"Food, Beverage & Tobacco",GAAP,Dec,EPS,CY2027,8.848,8.887,+0.4%,8.746,-1.6%,8.841,+1.1%,165.07,18.7,-0.1%,+2.9%,-8.0%,-3.7%
PM,Extended,Uncategorized,Consumer Staples,"Food, Beverage & Tobacco",GAAP,Dec,EPS,CY2028,9.77,9.758,-0.1%,9.575,-1.9%,11.564,+20.8%,165.07,14.3,+18.4%,+2.9%,-8.0%,-3.7%
CP,Extended,Uncategorized,Industrials,Transportation,Adj,Dec,EPS,CY2025,4.759,4.668,-1.9%,4.618,-1.1%,4.618,+0.0%,86.96,18.8,-3.0%,+18.1%,+17.0%,+20.0%
CP,Extended,Uncategorized,Industrials,Transportation,Adj,Dec,EPS,CY2026,5.492,5.326,-3.0%,5.194,-2.5%,5.111,-1.6%,86.96,17.0,-6.9%,+18.1%,+17.0%,+20.0%
CP,Extended,Uncategorized,Industrials,Transportation,Adj,Dec,EPS,CY2027,6.18,5.991,-3.1%,5.886,-1.8%,5.88,-0.1%,86.96,14.8,-4.9%,+18.1%,+17.0%,+20.0%
CP,Extended,Uncategorized,Industrials,Transportation,Adj,Dec,EPS,CY2028,7.27,6.798,-6.5%,6.686,-1.6%,6.688,+0.0%,86.96,13.0,-8.0%,+18.1%,+17.0%,+20.0%
CNR,Extended,Uncategorized,Industrials,Transportation,Adj,Dec,EPS,CY2025,7.874,7.504,-4.7%,7.522,+0.2%,7.522,+0.0%,152.57,20.3,-4.5%,+12.4%,+16.5%,+14.3%
CNR,Extended,Uncategorized,Industrials,Transportation,Adj,Dec,EPS,CY2026,8.774,8.165,-6.9%,7.966,-2.4%,7.866,-1.3%,152.57,19.4,-10.3%,+12.4%,+16.5%,+14.3%
CNR,Extended,Uncategorized,Industrials,Transportation,Adj,Dec,EPS,CY2027,9.841,9.058,-8.0%,8.843,-2.4%,8.738,-1.2%,152.57,17.5,-11.2%,+12.4%,+16.5%,+14.3%
CNR,Extended,Uncategorized,Industrials,Transportation,Adj,Dec,EPS,CY2028,10.615,10.072,-5.1%,9.885,-1.9%,9.627,-2.6%,152.57,15.8,-9.3%,+12.4%,+16.5%,+14.3%
UNP,Extended,Uncategorized,Industrials,Transportation,Adj,Dec,EPS,CY2025,11.597,11.752,+1.3%,11.69,-0.5%,11.69,+0.0%,269.48,23.1,+0.8%,+16.5%,+14.6%,+25.0%
UNP,Extended,Uncategorized,Industrials,Transportation,Adj,Dec,EPS,CY2026,12.824,12.665,-1.2%,12.451,-1.7%,12.535,+0.7%,269.48,21.5,-2.3%,+16.5%,+14.6%,+25.0%
UNP,Extended,Uncategorized,Industrials,Transportation,Adj,Dec,EPS,CY2027,14.146,13.596,-3.9%,13.586,-0.1%,13.686,+0.7%,269.48,19.7,-3.3%,+16.5%,+14.6%,+25.0%
UNP,Extended,Uncategorized,Industrials,Transportation,Adj,Dec,EPS,CY2028,16.108,14.965,-7.1%,14.918,-0.3%,14.98,+0.4%,269.48,18.0,-7.0%,+16.5%,+14.6%,+25.0%
CSX,Extended,Uncategorized,Industrials,Transportation,Adj,Dec,EPS,CY2025,1.651,1.656,+0.3%,1.636,-1.2%,1.636,+0.0%,45.43,27.8,-0.9%,+25.3%,+20.3%,+61.8%
CSX,Extended,Uncategorized,Industrials,Transportation,Adj,Dec,EPS,CY2026,1.923,1.907,-0.8%,1.85,-3.0%,1.905,+3.0%,45.43,23.8,-0.9%,+25.3%,+20.3%,+61.8%
CSX,Extended,Uncategorized,Industrials,Transportation,Adj,Dec,EPS,CY2027,2.105,2.127,+1.0%,2.087,-1.9%,2.157,+3.4%,45.43,21.1,+2.5%,+25.3%,+20.3%,+61.8%
CSX,Extended,Uncategorized,Industrials,Transportation,Adj,Dec,EPS,CY2028,2.355,2.335,-0.8%,2.281,-2.3%,2.371,+3.9%,45.43,19.2,+0.7%,+25.3%,+20.3%,+61.8%
NVR,Extended,Uncategorized,Consumer Discretionary,Consumer Durables & Apparel,Adj,Dec,EPS,CY2025,426.173,423.643,-0.6%,422.926,-0.2%,422.926,+0.0%,6315.87,14.9,-0.8%,-13.4%,-17.3%,-11.4%
NVR,Extended,Uncategorized,Consumer Discretionary,Consumer Durables & Apparel,Adj,Dec,EPS,CY2026,453.53,412.306,-9.1%,427.019,+3.6%,367.785,-13.9%,6315.87,17.2,-18.9%,-13.4%,-17.3%,-11.4%
NVR,Extended,Uncategorized,Consumer Discretionary,Consumer Durables & Apparel,Adj,Dec,EPS,CY2027,575.57,478.745,-16.8%,474.641,-0.9%,415.375,-12.5%,6315.87,15.2,-27.8%,-13.4%,-17.3%,-11.4%
NVR,Extended,Uncategorized,Consumer Discretionary,Consumer Durables & Apparel,Adj,Dec,EPS,CY2028,,,,,,514.0,,6315.87,12.3,,-13.4%,-17.3%,-11.4%
PDD,Extended,Uncategorized,Consumer Discretionary,Consumer Discretionary Distrib,Adj,Dec,EPS,CY2025,87.742,69.451,-20.8%,75.475,+8.7%,75.449,-0.0%,99.88,1.3,-14.0%,-11.9%,-1.2%,-5.4%
PDD,Extended,Uncategorized,Consumer Discretionary,Consumer Discretionary Distrib,Adj,Dec,EPS,CY2026,106.81,84.806,-20.6%,86.827,+2.4%,82.347,-5.2%,99.88,1.2,-22.9%,-11.9%,-1.2%,-5.4%
PDD,Extended,Uncategorized,Consumer Discretionary,Consumer Discretionary Distrib,Adj,Dec,EPS,CY2027,121.491,101.362,-16.6%,101.171,-0.2%,96.402,-4.7%,99.88,1.0,-20.7%,-11.9%,-1.2%,-5.4%
PDD,Extended,Uncategorized,Consumer Discretionary,Consumer Discretionary Distrib,Adj,Dec,EPS,CY2028,119.793,102.559,-14.4%,102.616,+0.1%,106.709,+4.0%,99.88,0.9,-10.9%,-11.9%,-1.2%,-5.4%
MSI,Extended,Uncategorized,Information Technology,Technology Hardware & Equipmen,Adj,Dec,EPS,CY2025,14.696,15.13,+3.0%,15.157,+0.2%,15.155,-0.0%,439.03,29.0,+3.1%,+14.5%,+9.1%,-0.3%
MSI,Extended,Uncategorized,Information Technology,Technology Hardware & Equipmen,Adj,Dec,EPS,CY2026,15.93,16.242,+2.0%,16.273,+0.2%,16.794,+3.2%,439.03,26.1,+5.4%,+14.5%,+9.1%,-0.3%
MSI,Extended,Uncategorized,Information Technology,Technology Hardware & Equipmen,Adj,Dec,EPS,CY2027,,17.693,,17.551,-0.8%,18.253,+4.0%,439.03,24.1,,+14.5%,+9.1%,-0.3%
MSI,Extended,Uncategorized,Information Technology,Technology Hardware & Equipmen,Adj,Dec,EPS,CY2028,,20.325,,19.497,-4.1%,20.098,+3.1%,439.03,21.8,,+14.5%,+9.1%,-0.3%
TPL,Extended,Uncategorized,Energy,Energy,Adj,Dec,EPS,CY2025,,7.26,,6.92,-4.7%,6.92,+0.0%,443.67,64.1,,+54.5%,+27.4%,+3.3%
TPL,Extended,Uncategorized,Energy,Energy,Adj,Dec,EPS,CY2026,,8.2,,8.08,-1.5%,9.56,+18.3%,443.67,46.4,,+54.5%,+27.4%,+3.3%
TPL,Extended,Uncategorized,Energy,Energy,Adj,Dec,EPS,CY2027,,10.22,,9.275,-9.2%,10.605,+14.3%,443.67,41.8,,+54.5%,+27.4%,+3.3%
TPL,Extended,Uncategorized,Energy,Energy,Adj,Dec,EPS,CY2028,,11.05,,12.09,+9.4%,12.48,+3.2%,443.67,35.6,,+54.5%,+27.4%,+3.3%
APG,Extended,Uncategorized,Industrials,Capital Goods,Adj,Dec,EPS,CY2025,1.35,1.451,+7.5%,1.453,+0.1%,1.446,-0.5%,45.72,31.6,+7.1%,+19.5%,+10.0%,+81.3%
APG,Extended,Uncategorized,Industrials,Capital Goods,Adj,Dec,EPS,CY2026,1.546,1.665,+7.7%,1.658,-0.4%,1.662,+0.2%,45.72,27.5,+7.5%,+19.5%,+10.0%,+81.3%
APG,Extended,Uncategorized,Industrials,Capital Goods,Adj,Dec,EPS,CY2027,1.768,1.886,+6.7%,1.926,+2.1%,1.907,-1.0%,45.72,24.0,+7.9%,+19.5%,+10.0%,+81.3%
APG,Extended,Uncategorized,Industrials,Capital Goods,Adj,Dec,EPS,CY2028,2.015,2.24,+11.2%,2.475,+10.5%,2.143,-13.4%,45.72,21.3,+6.4%,+19.5%,+10.0%,+81.3%
CACC,Extended,Uncategorized,Financials,Financial Services,Adj,Dec,EPS,CY2025,40.225,39.543,-1.7%,39.568,+0.1%,39.568,+0.0%,504.91,12.8,-1.6%,+13.9%,+1.3%,+3.6%
CACC,Extended,Uncategorized,Financials,Financial Services,Adj,Dec,EPS,CY2026,47.925,44.383,-7.4%,46.408,+4.6%,46.323,-0.2%,504.91,10.9,-3.3%,+13.9%,+1.3%,+3.6%
CACC,Extended,Uncategorized,Financials,Financial Services,Adj,Dec,EPS,CY2027,62.21,52.103,-16.2%,54.188,+4.0%,54.485,+0.5%,504.91,9.3,-12.4%,+13.9%,+1.3%,+3.6%
CACC,Extended,Uncategorized,Financials,Financial Services,Adj,Dec,EPS,CY2028,,,,,,77.56,,504.91,6.5,,+13.9%,+1.3%,+3.6%
GL,Extended,Uncategorized,Financials,Insurance,Adj,Dec,EPS,CY2025,13.689,14.567,+6.4%,14.576,+0.1%,14.576,+0.0%,154.3,10.6,+6.5%,+10.3%,+10.0%,+25.1%
GL,Extended,Uncategorized,Financials,Insurance,Adj,Dec,EPS,CY2026,15.109,15.014,-0.6%,15.02,+0.0%,15.537,+3.4%,154.3,9.9,+2.8%,+10.3%,+10.0%,+25.1%
GL,Extended,Uncategorized,Financials,Insurance,Adj,Dec,EPS,CY2027,16.439,16.44,+0.0%,16.449,+0.1%,16.596,+0.9%,154.3,9.3,+1.0%,+10.3%,+10.0%,+25.1%
GL,Extended,Uncategorized,Financials,Insurance,Adj,Dec,EPS,CY2028,,17.85,,17.9,+0.3%,18.169,+1.5%,154.3,8.5,,+10.3%,+10.0%,+25.1%
LAD,Extended,Uncategorized,Consumer Discretionary,Consumer Discretionary Distrib,Adj,Dec,EPS,CY2025,33.684,35.216,+4.5%,35.255,+0.1%,35.255,+0.0%,290.12,8.2,+4.7%,-12.7%,-10.3%,-0.9%
LAD,Extended,Uncategorized,Consumer Discretionary,Consumer Discretionary Distrib,Adj,Dec,EPS,CY2026,37.641,37.852,+0.6%,37.951,+0.3%,34.219,-9.8%,290.12,8.5,-9.1%,-12.7%,-10.3%,-0.9%
LAD,Extended,Uncategorized,Consumer Discretionary,Consumer Discretionary Distrib,Adj,Dec,EPS,CY2027,45.414,42.996,-5.3%,43.118,+0.3%,40.697,-5.6%,290.12,7.1,-10.4%,-12.7%,-10.3%,-0.9%
LAD,Extended,Uncategorized,Consumer Discretionary,Consumer Discretionary Distrib,Adj,Dec,EPS,CY2028,47.653,46.497,-2.4%,46.405,-0.2%,46.958,+1.2%,290.12,6.2,-1.5%,-12.7%,-10.3%,-0.9%
CHTR,Extended,Uncategorized,Communication Services,Media & Entertainment,Adj,Dec,EPS,CY2025,37.403,36.455,-2.5%,36.229,-0.6%,36.229,+0.0%,165.17,4.6,-3.1%,-20.9%,-19.9%,-57.8%
CHTR,Extended,Uncategorized,Communication Services,Media & Entertainment,Adj,Dec,EPS,CY2026,44.011,42.881,-2.6%,42.119,-1.8%,41.218,-2.1%,165.17,4.0,-6.3%,-20.9%,-19.9%,-57.8%
CHTR,Extended,Uncategorized,Communication Services,Media & Entertainment,Adj,Dec,EPS,CY2027,51.882,49.279,-5.0%,48.271,-2.0%,45.642,-5.4%,165.17,3.6,-12.0%,-20.9%,-19.9%,-57.8%
CHTR,Extended,Uncategorized,Communication Services,Media & Entertainment,Adj,Dec,EPS,CY2028,57.948,56.848,-1.9%,58.605,+3.1%,53.114,-9.4%,165.17,3.1,-8.3%,-20.9%,-19.9%,-57.8%
ABG,Extended,Uncategorized,Consumer Discretionary,Consumer Discretionary Distrib,Adj,Dec,EPS,CY2025,26.664,27.986,+5.0%,28.123,+0.5%,28.123,+0.0%,203.69,7.2,+5.5%,-12.4%,-13.1%,-6.6%
ABG,Extended,Uncategorized,Consumer Discretionary,Consumer Discretionary Distrib,Adj,Dec,EPS,CY2026,26.449,27.896,+5.5%,28.016,+0.4%,26.072,-6.9%,203.69,7.8,-1.4%,-12.4%,-13.1%,-6.6%
ABG,Extended,Uncategorized,Consumer Discretionary,Consumer Discretionary Distrib,Adj,Dec,EPS,CY2027,33.583,32.608,-2.9%,31.596,-3.1%,29.545,-6.5%,203.69,6.9,-12.0%,-12.4%,-13.1%,-6.6%
ABG,Extended,Uncategorized,Consumer Discretionary,Consumer Discretionary Distrib,Adj,Dec,EPS,CY2028,43.46,43.38,-0.2%,38.735,-10.7%,33.69,-13.0%,203.69,6.0,-22.5%,-12.4%,-13.1%,-6.6%
ALRM,Extended,Uncategorized,Information Technology,Software & Services,Adj,Dec,EPS,CY2025,2.266,2.361,+4.2%,2.513,+6.4%,2.513,+0.0%,44.41,17.7,+10.9%,-13.0%,-9.0%,-17.1%
ALRM,Extended,Uncategorized,Information Technology,Software & Services,Adj,Dec,EPS,CY2026,2.403,2.501,+4.1%,2.677,+7.0%,2.788,+4.1%,44.41,15.9,+16.0%,-13.0%,-9.0%,-17.1%
ALRM,Extended,Uncategorized,Information Technology,Software & Services,Adj,Dec,EPS,CY2027,,2.755,,2.795,+1.5%,3.002,+7.4%,44.41,14.8,,-13.0%,-9.0%,-17.1%
ALRM,Extended,Uncategorized,Information Technology,Software & Services,Adj,Dec,EPS,CY2028,,,,,,,,44.41,,,-13.0%,-9.0%,-17.1%
OPTU,Extended,Uncategorized,Communication Services,Media & Entertainment,Adj,Dec,EPS,CY2025,-0.193,-0.394,-104.1%,-3.77,-856.9%,-3.768,+0.1%,1.58,-0.4,-1852.3%,-4.2%,+3.3%,-36.3%
OPTU,Extended,Uncategorized,Communication Services,Media & Entertainment,Adj,Dec,EPS,CY2026,-0.137,-0.165,-20.4%,-0.235,-42.4%,-0.536,-128.1%,1.58,-2.9,-291.2%,-4.2%,+3.3%,-36.3%
OPTU,Extended,Uncategorized,Communication Services,Media & Entertainment,Adj,Dec,EPS,CY2027,-0.237,-0.251,-5.9%,-0.276,-10.0%,-0.437,-58.3%,1.58,-3.6,-84.4%,-4.2%,+3.3%,-36.3%
OPTU,Extended,Uncategorized,Communication Services,Media & Entertainment,Adj,Dec,EPS,CY2028,-0.277,-0.453,-63.5%,-0.442,+2.4%,-0.445,-0.7%,1.58,-3.6,-60.6%,-4.2%,+3.3%,-36.3%
CMCSA,Extended,Uncategorized,Communication Services,Telecommunication Services,Adj,Dec,EPS,CY2025,4.251,4.281,+0.7%,4.212,-1.6%,4.212,+0.0%,27.04,6.4,-0.9%,-3.4%,-9.1%,-15.6%
CMCSA,Extended,Uncategorized,Communication Services,Telecommunication Services,Adj,Dec,EPS,CY2026,4.654,4.237,-9.0%,3.777,-10.9%,3.498,-7.4%,27.04,7.7,-24.8%,-3.4%,-9.1%,-15.6%
CMCSA,Extended,Uncategorized,Communication Services,Telecommunication Services,Adj,Dec,EPS,CY2027,5.057,4.578,-9.5%,3.933,-14.1%,3.751,-4.6%,27.04,7.2,-25.8%,-3.4%,-9.1%,-15.6%
CMCSA,Extended,Uncategorized,Communication Services,Telecommunication Services,Adj,Dec,EPS,CY2028,5.519,5.193,-5.9%,4.446,-14.4%,4.144,-6.8%,27.04,6.5,-24.9%,-3.4%,-9.1%,-15.6%
WRLD,Extended,Uncategorized,Financials,Financial Services,Adj,Mar,EPS,CY2025,13.79,8.55,-38.0%,7.07,-17.3%,7.07,+0.0%,147.16,20.8,-48.7%,+4.8%,+21.4%,+14.0%
WRLD,Extended,Uncategorized,Financials,Financial Services,Adj,Mar,EPS,CY2026,14.55,15.035,+3.3%,10.73,-28.6%,10.73,+0.0%,147.16,13.7,-26.3%,+4.8%,+21.4%,+14.0%
WRLD,Extended,Uncategorized,Financials,Financial Services,Adj,Mar,EPS,CY2027,,16.5,,13.63,-17.4%,13.63,+0.0%,147.16,10.8,,+4.8%,+21.4%,+14.0%
WRLD,Extended,Uncategorized,Financials,Financial Services,Adj,Mar,EPS,CY2028,,,,,,,,147.16,,,+4.8%,+21.4%,+14.0%
CARG,Extended,Uncategorized,Communication Services,Media & Entertainment,Adj,Dec,EPS,CY2025,1.908,2.178,+14.2%,2.206,+1.3%,2.206,+0.0%,36.46,16.5,+15.6%,-4.9%,+12.5%,+30.4%
CARG,Extended,Uncategorized,Communication Services,Media & Entertainment,Adj,Dec,EPS,CY2026,2.193,2.465,+12.4%,2.514,+2.0%,2.504,-0.4%,36.46,14.6,+14.2%,-4.9%,+12.5%,+30.4%
CARG,Extended,Uncategorized,Communication Services,Media & Entertainment,Adj,Dec,EPS,CY2027,2.543,2.929,+15.2%,2.986,+1.9%,3.029,+1.4%,36.46,12.0,+19.1%,-4.9%,+12.5%,+30.4%
CARG,Extended,Uncategorized,Communication Services,Media & Entertainment,Adj,Dec,EPS,CY2028,3.595,3.423,-4.8%,3.426,+0.1%,3.511,+2.5%,36.46,10.4,-2.3%,-4.9%,+12.5%,+30.4%
ARMK,Extended,Uncategorized,Consumer Discretionary,Consumer Services,Adj,Sep,EPS,CY2025,1.912,1.894,-0.9%,1.895,+0.1%,1.895,+0.0%,45.69,24.1,-0.9%,+24.0%,+18.7%,+36.7%
ARMK,Extended,Uncategorized,Consumer Discretionary,Consumer Services,Adj,Sep,EPS,CY2026,2.264,2.272,+0.4%,2.221,-2.2%,2.224,+0.1%,45.69,20.5,-1.8%,+24.0%,+18.7%,+36.7%
ARMK,Extended,Uncategorized,Consumer Discretionary,Consumer Services,Adj,Sep,EPS,CY2027,2.634,2.658,+0.9%,2.596,-2.3%,2.6,+0.2%,45.69,17.6,-1.3%,+24.0%,+18.7%,+36.7%
ARMK,Extended,Uncategorized,Consumer Discretionary,Consumer Services,Adj,Sep,EPS,CY2028,,3.082,,2.991,-3.0%,2.958,-1.1%,45.69,15.4,,+24.0%,+18.7%,+36.7%
QSR,Extended,Uncategorized,Consumer Discretionary,Consumer Services,Adj,Dec,EPS,CY2025,3.727,3.661,-1.8%,3.673,+0.3%,3.673,+0.0%,80.68,22.0,-1.4%,+18.2%,+20.4%,+25.3%
QSR,Extended,Uncategorized,Consumer Discretionary,Consumer Services,Adj,Dec,EPS,CY2026,4.053,4.007,-1.1%,4.008,+0.0%,4.05,+1.0%,80.68,19.9,-0.1%,+18.2%,+20.4%,+25.3%
QSR,Extended,Uncategorized,Consumer Discretionary,Consumer Services,Adj,Dec,EPS,CY2027,4.447,4.364,-1.9%,4.341,-0.5%,4.396,+1.3%,80.68,18.4,-1.1%,+18.2%,+20.4%,+25.3%
QSR,Extended,Uncategorized,Consumer Discretionary,Consumer Services,Adj,Dec,EPS,CY2028,5.001,4.79,-4.2%,4.75,-0.8%,4.849,+2.1%,80.68,16.6,-3.0%,+18.2%,+20.4%,+25.3%
W,Extended,Uncategorized,Consumer Discretionary,Consumer Discretionary Distrib,Adj,Dec,EPS,CY2025,0.456,2.293,+402.9%,2.365,+3.1%,2.313,-2.2%,63.93,27.6,+407.2%,-36.3%,-38.2%,+112.0%
W,Extended,Uncategorized,Consumer Discretionary,Consumer Discretionary Distrib,Adj,Dec,EPS,CY2026,1.276,2.894,+126.8%,2.918,+0.8%,2.765,-5.2%,63.93,23.1,+116.7%,-36.3%,-38.2%,+112.0%
W,Extended,Uncategorized,Consumer Discretionary,Consumer Discretionary Distrib,Adj,Dec,EPS,CY2027,2.189,3.821,+74.6%,3.837,+0.4%,3.706,-3.4%,63.93,17.3,+69.3%,-36.3%,-38.2%,+112.0%
W,Extended,Uncategorized,Consumer Discretionary,Consumer Discretionary Distrib,Adj,Dec,EPS,CY2028,3.488,4.769,+36.7%,4.752,-0.4%,4.459,-6.2%,63.93,14.3,+27.8%,-36.3%,-38.2%,+112.0%
MO,Extended,Uncategorized,Consumer Staples,"Food, Beverage & Tobacco",Adj,Dec,EPS,CY2025,5.358,5.427,+1.3%,5.434,+0.1%,5.434,+0.0%,72.65,13.4,+1.4%,+26.0%,+17.2%,+22.8%
MO,Extended,Uncategorized,Consumer Staples,"Food, Beverage & Tobacco",Adj,Dec,EPS,CY2026,5.514,5.601,+1.6%,5.603,+0.0%,5.629,+0.5%,72.65,12.9,+2.1%,+26.0%,+17.2%,+22.8%
MO,Extended,Uncategorized,Consumer Staples,"Food, Beverage & Tobacco",Adj,Dec,EPS,CY2027,5.663,5.797,+2.4%,5.799,+0.0%,5.823,+0.4%,72.65,12.5,+2.8%,+26.0%,+17.2%,+22.8%
MO,Extended,Uncategorized,Consumer Staples,"Food, Beverage & Tobacco",Adj,Dec,EPS,CY2028,5.733,5.958,+3.9%,6.001,+0.7%,5.996,-0.1%,72.65,12.1,+4.6%,+26.0%,+17.2%,+22.8%
CI,Extended,Uncategorized,Health Care,Health Care Equipment & Servic,Adj,Dec,EPS,CY2025,29.605,29.623,+0.1%,29.637,+0.0%,29.637,+0.0%,290.58,9.8,+0.1%,+5.6%,+6.0%,-14.5%
CI,Extended,Uncategorized,Health Care,Health Care Equipment & Servic,Adj,Dec,EPS,CY2026,33.001,31.684,-4.0%,30.313,-4.3%,30.33,+0.1%,290.58,9.6,-8.1%,+5.6%,+6.0%,-14.5%
CI,Extended,Uncategorized,Health Care,Health Care Equipment & Servic,Adj,Dec,EPS,CY2027,36.8,35.118,-4.6%,33.466,-4.7%,33.402,-0.2%,290.58,8.7,-9.2%,+5.6%,+6.0%,-14.5%
CI,Extended,Uncategorized,Health Care,Health Care Equipment & Servic,Adj,Dec,EPS,CY2028,41.393,40.39,-2.4%,37.358,-7.5%,37.026,-0.9%,290.58,7.8,-10.6%,+5.6%,+6.0%,-14.5%
CVS,Extended,Uncategorized,Health Care,Health Care Equipment & Servic,Adj,Dec,EPS,CY2025,5.912,6.529,+10.4%,6.661,+2.0%,6.663,+0.0%,83.29,12.5,+12.7%,+5.0%,+11.8%,+24.9%
CVS,Extended,Uncategorized,Health Care,Health Care Equipment & Servic,Adj,Dec,EPS,CY2026,6.883,7.175,+4.2%,7.17,-0.1%,7.12,-0.7%,83.29,11.7,+3.4%,+5.0%,+11.8%,+24.9%
CVS,Extended,Uncategorized,Health Care,Health Care Equipment & Servic,Adj,Dec,EPS,CY2027,7.968,8.099,+1.6%,8.182,+1.0%,8.135,-0.6%,83.29,10.2,+2.1%,+5.0%,+11.8%,+24.9%
CVS,Extended,Uncategorized,Health Care,Health Care Equipment & Servic,Adj,Dec,EPS,CY2028,9.096,9.259,+1.8%,9.384,+1.4%,9.32,-0.7%,83.29,8.9,+2.5%,+5.0%,+11.8%,+24.9%
SSNC,Extended,Uncategorized,Industrials,Commercial & Professional Serv,Adj,Dec,EPS,CY2025,5.848,6.063,+3.7%,6.066,+0.0%,6.066,+0.0%,69.3,11.4,+3.7%,-20.7%,-15.4%,-8.3%
SSNC,Extended,Uncategorized,Industrials,Commercial & Professional Serv,Adj,Dec,EPS,CY2026,6.443,6.638,+3.0%,6.617,-0.3%,6.892,+4.2%,69.3,10.1,+7.0%,-20.7%,-15.4%,-8.3%
SSNC,Extended,Uncategorized,Industrials,Commercial & Professional Serv,Adj,Dec,EPS,CY2027,6.947,7.193,+3.5%,7.168,-0.3%,7.496,+4.6%,69.3,9.2,+7.9%,-20.7%,-15.4%,-8.3%
SSNC,Extended,Uncategorized,Industrials,Commercial & Professional Serv,Adj,Dec,EPS,CY2028,7.625,7.98,+4.7%,7.795,-2.3%,7.896,+1.3%,69.3,8.8,+3.6%,-20.7%,-15.4%,-8.3%
SPOT,Extended,Uncategorized,Communication Services,Media & Entertainment,Adj,Dec,EPS,CY2025,8.896,5.535,-37.8%,7.14,+29.0%,7.15,+0.1%,446.55,62.5,-19.6%,-23.1%,-10.8%,-27.3%
SPOT,Extended,Uncategorized,Communication Services,Media & Entertainment,Adj,Dec,EPS,CY2026,12.705,11.303,-11.0%,12.018,+6.3%,12.887,+7.2%,446.55,34.7,+1.4%,-23.1%,-10.8%,-27.3%
SPOT,Extended,Uncategorized,Communication Services,Media & Entertainment,Adj,Dec,EPS,CY2027,15.815,15.319,-3.1%,15.492,+1.1%,15.835,+2.2%,446.55,28.2,+0.1%,-23.1%,-10.8%,-27.3%
SPOT,Extended,Uncategorized,Communication Services,Media & Entertainment,Adj,Dec,EPS,CY2028,19.027,18.075,-5.0%,18.449,+2.1%,19.124,+3.7%,446.55,23.4,+0.5%,-23.1%,-10.8%,-27.3%
BABA,Extended,Uncategorized,Consumer Discretionary,Consumer Discretionary Distrib,GAAP,Mar,EPS,CY2025,62.747,45.749,-27.1%,45.995,+0.5%,37.887,-17.6%,131.88,3.5,-39.6%,-10.0%,-22.2%,+11.3%
BABA,Extended,Uncategorized,Consumer Discretionary,Consumer Discretionary Distrib,GAAP,Mar,EPS,CY2026,70.151,60.296,-14.0%,56.49,-6.3%,43.071,-23.8%,131.88,3.1,-38.6%,-10.0%,-22.2%,+11.3%
BABA,Extended,Uncategorized,Consumer Discretionary,Consumer Discretionary Distrib,GAAP,Mar,EPS,CY2027,77.253,73.284,-5.1%,74.575,+1.8%,61.306,-17.8%,131.88,2.2,-20.6%,-10.0%,-22.2%,+11.3%
BABA,Extended,Uncategorized,Consumer Discretionary,Consumer Discretionary Distrib,GAAP,Mar,EPS,CY2028,79.153,83.94,+6.0%,89.666,+6.8%,87.838,-2.0%,131.88,1.5,+11.0%,-10.0%,-22.2%,+11.3%
IAC,Extended,Uncategorized,Communication Services,Media & Entertainment,Adj,Dec,EPS,CY2025,0.009,0.62,+6788.9%,0.394,-36.5%,0.394,+0.0%,44.56,113.1,+4277.8%,+14.0%,+20.6%,+27.5%
IAC,Extended,Uncategorized,Communication Services,Media & Entertainment,Adj,Dec,EPS,CY2026,1.593,0.779,-51.1%,1.029,+32.1%,0.393,-61.8%,44.56,113.4,-75.3%,+14.0%,+20.6%,+27.5%
IAC,Extended,Uncategorized,Communication Services,Media & Entertainment,Adj,Dec,EPS,CY2027,2.203,2.354,+6.9%,1.449,-38.4%,1.667,+15.0%,44.56,26.7,-24.3%,+14.0%,+20.6%,+27.5%
IAC,Extended,Uncategorized,Communication Services,Media & Entertainment,Adj,Dec,EPS,CY2028,,3.85,,1.752,-54.5%,1.743,-0.5%,44.56,25.6,,+14.0%,+20.6%,+27.5%
PYPL,Extended,Uncategorized,Financials,Financial Services,Adj,Dec,EPS,CY2025,5.065,5.343,+5.5%,5.351,+0.1%,5.351,+0.0%,50.14,9.4,+5.6%,-14.1%,-4.8%,-23.8%
PYPL,Extended,Uncategorized,Financials,Financial Services,Adj,Dec,EPS,CY2026,5.614,5.847,+4.2%,5.764,-1.4%,5.314,-7.8%,50.14,9.4,-5.3%,-14.1%,-4.8%,-23.8%
PYPL,Extended,Uncategorized,Financials,Financial Services,Adj,Dec,EPS,CY2027,6.554,6.633,+1.2%,6.474,-2.4%,5.774,-10.8%,50.14,8.7,-11.9%,-14.1%,-4.8%,-23.8%
PYPL,Extended,Uncategorized,Financials,Financial Services,Adj,Dec,EPS,CY2028,6.952,7.48,+7.6%,7.21,-3.6%,6.382,-11.5%,50.14,7.9,-8.2%,-14.1%,-4.8%,-23.8%
THC,Extended,Healthcare providers,Health Care,Health Care Equipment & Servic,Adj,Dec,EPS,CY2025,12.44,16.014,+28.7%,16.113,+0.6%,16.112,-0.0%,177.12,11.0,+29.5%,-10.9%,-6.4%,+23.9%
THC,Extended,Healthcare providers,Health Care,Health Care Equipment & Servic,Adj,Dec,EPS,CY2026,13.562,16.409,+21.0%,16.232,-1.1%,17.453,+7.5%,177.12,10.1,+28.7%,-10.9%,-6.4%,+23.9%
THC,Extended,Healthcare providers,Health Care,Health Care Equipment & Servic,Adj,Dec,EPS,CY2027,15.295,18.151,+18.7%,18.06,-0.5%,17.573,-2.7%,177.12,10.1,+14.9%,-10.9%,-6.4%,+23.9%
THC,Extended,Healthcare providers,Health Care,Health Care Equipment & Servic,Adj,Dec,EPS,CY2028,19.643,22.053,+12.3%,21.167,-4.0%,19.492,-7.9%,177.12,9.1,-0.8%,-10.9%,-6.4%,+23.9%
UHS,Extended,Healthcare providers,Health Care,Health Care Equipment & Servic,Adj,Dec,EPS,CY2025,19.5,21.263,+9.0%,21.838,+2.7%,21.838,+0.0%,168.27,7.7,+12.0%,-22.8%,-16.4%,-5.0%
UHS,Extended,Healthcare providers,Health Care,Health Care Equipment & Servic,Adj,Dec,EPS,CY2026,21.461,22.991,+7.1%,23.364,+1.6%,23.409,+0.2%,168.27,7.2,+9.1%,-22.8%,-16.4%,-5.0%
UHS,Extended,Healthcare providers,Health Care,Health Care Equipment & Servic,Adj,Dec,EPS,CY2027,23.676,25.377,+7.2%,25.922,+2.1%,25.5,-1.6%,168.27,6.6,+7.7%,-22.8%,-16.4%,-5.0%
UHS,Extended,Healthcare providers,Health Care,Health Care Equipment & Servic,Adj,Dec,EPS,CY2028,26.537,27.62,+4.1%,27.783,+0.6%,28.194,+1.5%,168.27,6.0,+6.2%,-22.8%,-16.4%,-5.0%
CYH,Extended,Healthcare providers,Health Care,Health Care Equipment & Servic,Adj,Dec,EPS,CY2025,-0.311,0.865,+378.1%,0.863,-0.2%,0.863,+0.0%,2.84,3.3,+377.5%,-9.0%,-11.5%,+4.0%
CYH,Extended,Healthcare providers,Health Care,Health Care Equipment & Servic,Adj,Dec,EPS,CY2026,0.064,-0.217,-439.1%,-0.36,-65.9%,-0.604,-67.8%,2.84,-4.7,-1043.7%,-9.0%,-11.5%,+4.0%
CYH,Extended,Healthcare providers,Health Care,Health Care Equipment & Servic,Adj,Dec,EPS,CY2027,0.295,-0.025,-108.5%,-0.162,-548.0%,0.031,+119.1%,2.84,91.6,-89.5%,-9.0%,-11.5%,+4.0%
CYH,Extended,Healthcare providers,Health Care,Health Care Equipment & Servic,Adj,Dec,EPS,CY2028,,,,,,-0.006,,2.84,-473.3,,-9.0%,-11.5%,+4.0%
DVA,Extended,Healthcare providers,Health Care,Health Care Equipment & Servic,Adj,Dec,EPS,CY2025,10.959,10.701,-2.4%,10.613,-0.8%,10.613,+0.0%,155.14,14.6,-3.2%,+36.6%,+41.9%,+9.6%
DVA,Extended,Healthcare providers,Health Care,Health Care Equipment & Servic,Adj,Dec,EPS,CY2026,12.824,12.594,-1.8%,12.711,+0.9%,14.114,+11.0%,155.14,11.0,+10.1%,+36.6%,+41.9%,+9.6%
DVA,Extended,Healthcare providers,Health Care,Health Care Equipment & Servic,Adj,Dec,EPS,CY2027,14.465,14.282,-1.3%,14.84,+3.9%,16.388,+10.4%,155.14,9.5,+13.3%,+36.6%,+41.9%,+9.6%
DVA,Extended,Healthcare providers,Health Care,Health Care Equipment & Servic,Adj,Dec,EPS,CY2028,15.77,15.73,-0.3%,15.96,+1.5%,18.63,+16.7%,155.14,8.3,+18.1%,+36.6%,+41.9%,+9.6%
LH,Extended,Healthcare providers,Health Care,Health Care Equipment & Servic,Adj,Dec,EPS,CY2025,16.059,16.33,+1.7%,16.334,+0.0%,16.339,+0.0%,256.8,15.7,+1.7%,+2.4%,-5.4%,+6.6%
LH,Extended,Healthcare providers,Health Care,Health Care Equipment & Servic,Adj,Dec,EPS,CY2026,17.656,17.534,-0.7%,17.533,-0.0%,17.858,+1.9%,256.8,14.4,+1.1%,+2.4%,-5.4%,+6.6%
LH,Extended,Healthcare providers,Health Care,Health Care Equipment & Servic,Adj,Dec,EPS,CY2027,19.396,19.174,-1.1%,19.131,-0.2%,19.349,+1.1%,256.8,13.3,-0.2%,+2.4%,-5.4%,+6.6%
LH,Extended,Healthcare providers,Health Care,Health Care Equipment & Servic,Adj,Dec,EPS,CY2028,21.325,21.03,-1.4%,20.82,-1.0%,21.025,+1.0%,256.8,12.2,-1.4%,+2.4%,-5.4%,+6.6%
DGX,Extended,Healthcare providers,Health Care,Health Care Equipment & Servic,Adj,Dec,EPS,CY2025,9.702,9.808,+1.1%,9.808,+0.0%,9.809,+0.0%,194.2,19.8,+1.1%,+11.9%,+3.8%,+9.0%
DGX,Extended,Healthcare providers,Health Care,Health Care Equipment & Servic,Adj,Dec,EPS,CY2026,10.543,10.379,-1.6%,10.431,+0.5%,10.743,+3.0%,194.2,18.1,+1.9%,+11.9%,+3.8%,+9.0%
DGX,Extended,Healthcare providers,Health Care,Health Care Equipment & Servic,Adj,Dec,EPS,CY2027,11.412,11.304,-0.9%,11.357,+0.5%,11.593,+2.1%,194.2,16.8,+1.6%,+11.9%,+3.8%,+9.0%
DGX,Extended,Healthcare providers,Health Care,Health Care Equipment & Servic,Adj,Dec,EPS,CY2028,12.7,12.62,-0.6%,12.625,+0.0%,12.779,+1.2%,194.2,15.2,+0.6%,+11.9%,+3.8%,+9.0%
IDXX,Extended,Healthcare providers,Health Care,Health Care Equipment & Servic,Adj,Dec,EPS,CY2025,11.994,12.597,+5.0%,12.901,+2.4%,12.901,+0.0%,560.8,43.5,+7.6%,-17.1%,-16.4%,+29.6%
IDXX,Extended,Healthcare providers,Health Care,Health Care Equipment & Servic,Adj,Dec,EPS,CY2026,13.512,14.163,+4.8%,14.501,+2.4%,14.528,+0.2%,560.8,38.6,+7.5%,-17.1%,-16.4%,+29.6%
IDXX,Extended,Healthcare providers,Health Care,Health Care Equipment & Servic,Adj,Dec,EPS,CY2027,15.224,15.985,+5.0%,16.462,+3.0%,16.382,-0.5%,560.8,34.2,+7.6%,-17.1%,-16.4%,+29.6%
IDXX,Extended,Healthcare providers,Health Care,Health Care Equipment & Servic,Adj,Dec,EPS,CY2028,17.004,18.062,+6.2%,18.747,+3.8%,18.542,-1.1%,560.8,30.2,+9.0%,-17.1%,-16.4%,+29.6%
ENSG,Extended,Healthcare providers,Health Care,Health Care Equipment & Servic,Adj,Dec,EPS,CY2025,6.256,6.402,+2.3%,6.513,+1.7%,6.513,+0.0%,186.69,28.7,+4.1%,+7.2%,+8.8%,+44.7%
ENSG,Extended,Healthcare providers,Health Care,Health Care Equipment & Servic,Adj,Dec,EPS,CY2026,6.89,7.132,+3.5%,7.215,+1.2%,7.51,+4.1%,186.69,24.9,+9.0%,+7.2%,+8.8%,+44.7%
ENSG,Extended,Healthcare providers,Health Care,Health Care Equipment & Servic,Adj,Dec,EPS,CY2027,7.594,7.782,+2.5%,7.952,+2.2%,8.15,+2.5%,186.69,22.9,+7.3%,+7.2%,+8.8%,+44.7%
ENSG,Extended,Healthcare providers,Health Care,Health Care Equipment & Servic,Adj,Dec,EPS,CY2028,,,,8.52,,8.893,+4.4%,186.69,21.0,,+7.2%,+8.8%,+44.7%
MD,Extended,Healthcare providers,Health Care,Health Care Equipment & Servic,Adj,Dec,EPS,CY2025,1.538,1.784,+16.0%,2.05,+14.9%,2.05,+0.0%,22.51,11.0,+33.3%,+5.2%,+5.3%,+74.8%
MD,Extended,Healthcare providers,Health Care,Health Care Equipment & Servic,Adj,Dec,EPS,CY2026,1.627,1.806,+11.0%,2.056,+13.8%,2.209,+7.4%,22.51,10.2,+35.8%,+5.2%,+5.3%,+74.8%
MD,Extended,Healthcare providers,Health Care,Health Care Equipment & Servic,Adj,Dec,EPS,CY2027,1.593,1.856,+16.5%,2.119,+14.2%,2.274,+7.3%,22.51,9.9,+42.7%,+5.2%,+5.3%,+74.8%
MD,Extended,Healthcare providers,Health Care,Health Care Equipment & Servic,Adj,Dec,EPS,CY2028,1.35,1.77,+31.1%,2.13,+20.3%,2.17,+1.9%,22.51,10.4,+60.7%,+5.2%,+5.3%,+74.8%
AMN,Extended,Healthcare providers,Health Care,Health Care Equipment & Servic,Adj,Dec,EPS,CY2025,0.954,1.139,+19.4%,1.372,+20.5%,1.372,+0.0%,20.47,14.9,+43.8%,+29.9%,-3.9%,+0.2%
AMN,Extended,Healthcare providers,Health Care,Health Care Equipment & Servic,Adj,Dec,EPS,CY2026,1.511,1.049,-30.6%,0.755,-28.0%,2.044,+170.7%,20.47,10.0,+35.3%,+29.9%,-3.9%,+0.2%
AMN,Extended,Healthcare providers,Health Care,Health Care Equipment & Servic,Adj,Dec,EPS,CY2027,1.973,1.438,-27.1%,1.13,-21.4%,1.086,-3.9%,20.47,18.8,-45.0%,+29.9%,-3.9%,+0.2%
AMN,Extended,Healthcare providers,Health Care,Health Care Equipment & Servic,Adj,Dec,EPS,CY2028,3.19,2.06,-35.4%,1.42,-31.1%,1.275,-10.2%,20.47,16.1,-60.0%,+29.9%,-3.9%,+0.2%
CCRN,Extended,Healthcare providers,Health Care,Health Care Equipment & Servic,Adj,Dec,EPS,CY2025,0.375,0.157,-58.1%,0.091,-42.0%,0.091,+0.0%,10.12,111.2,-75.7%,+24.9%,+8.6%,-25.3%
CCRN,Extended,Healthcare providers,Health Care,Health Care Equipment & Servic,Adj,Dec,EPS,CY2026,0.503,0.258,-48.7%,0.082,-68.2%,0.097,+18.3%,10.12,104.3,-80.7%,+24.9%,+8.6%,-25.3%
CCRN,Extended,Healthcare providers,Health Care,Health Care Equipment & Servic,Adj,Dec,EPS,CY2027,,0.28,,0.088,-68.6%,0.267,+203.4%,10.12,37.9,,+24.9%,+8.6%,-25.3%
CCRN,Extended,Healthcare providers,Health Care,Health Care Equipment & Servic,Adj,Dec,EPS,CY2028,,,,,,0.186,,10.12,54.4,,+24.9%,+8.6%,-25.3%
EVH,Extended,Healthcare providers,Health Care,Health Care Equipment & Servic,Adj,Dec,EPS,CY2025,0.466,0.205,-56.0%,0.081,-60.5%,0.073,-9.9%,3.75,51.4,-84.3%,-6.2%,+16.8%,-62.0%
EVH,Extended,Healthcare providers,Health Care,Health Care Equipment & Servic,Adj,Dec,EPS,CY2026,0.549,0.583,+6.2%,0.307,-47.3%,0.172,-44.0%,3.75,21.8,-68.7%,-6.2%,+16.8%,-62.0%
EVH,Extended,Healthcare providers,Health Care,Health Care Equipment & Servic,Adj,Dec,EPS,CY2027,0.864,0.819,-5.2%,0.501,-38.8%,0.398,-20.6%,3.75,9.4,-53.9%,-6.2%,+16.8%,-62.0%
EVH,Extended,Healthcare providers,Health Care,Health Care Equipment & Servic,Adj,Dec,EPS,CY2028,0.847,1.24,+46.4%,0.747,-39.8%,0.559,-25.2%,3.75,6.7,-34.0%,-6.2%,+16.8%,-62.0%
HUM,Extended,Managed Care,Health Care,Health Care Equipment & Servic,Adj,Dec,EPS,CY2025,16.34,17.064,+4.4%,17.064,+0.0%,17.064,+0.0%,236.44,13.9,+4.4%,-7.7%,+21.1%,-9.8%
HUM,Extended,Managed Care,Health Care,Health Care Equipment & Servic,Adj,Dec,EPS,CY2026,14.221,13.447,-5.4%,11.781,-12.4%,9.111,-22.7%,236.44,26.0,-35.9%,-7.7%,+21.1%,-9.8%
HUM,Extended,Managed Care,Health Care,Health Care Equipment & Servic,Adj,Dec,EPS,CY2027,21.707,20.701,-4.6%,19.062,-7.9%,15.207,-20.2%,236.44,15.5,-29.9%,-7.7%,+21.1%,-9.8%
HUM,Extended,Managed Care,Health Care,Health Care Equipment & Servic,Adj,Dec,EPS,CY2028,33.118,32.342,-2.3%,31.069,-3.9%,24.484,-21.2%,236.44,9.7,-26.1%,-7.7%,+21.1%,-9.8%
ALHC,Extended,Managed Care,Health Care,Health Care Equipment & Servic,Adj,Dec,EPS,CY2025,-0.392,-0.087,+77.8%,-0.109,-25.3%,-0.103,+5.5%,22.54,-218.8,+73.7%,+14.1%,+0.0%,+27.2%
ALHC,Extended,Managed Care,Health Care,Health Care Equipment & Servic,Adj,Dec,EPS,CY2026,-0.192,0.183,+195.3%,0.157,-14.2%,0.137,-12.7%,22.54,164.5,+171.4%,+14.1%,+0.0%,+27.2%
ALHC,Extended,Managed Care,Health Care,Health Care Equipment & Servic,Adj,Dec,EPS,CY2027,-0.046,0.507,+1202.2%,0.464,-8.5%,0.471,+1.5%,22.54,47.9,+1123.9%,+14.1%,+0.0%,+27.2%
ALHC,Extended,Managed Care,Health Care,Health Care Equipment & Servic,Adj,Dec,EPS,CY2028,0.48,1.015,+111.5%,0.723,-28.8%,0.723,+0.0%,22.54,31.2,+50.6%,+14.1%,+0.0%,+27.2%
CNC,Extended,Managed Care,Health Care,Health Care Equipment & Servic,Adj,Dec,EPS,CY2025,7.303,1.846,-74.7%,2.036,+10.3%,2.036,+0.0%,53.69,26.4,-72.1%,+30.5%,+23.9%,-10.3%
CNC,Extended,Managed Care,Health Care,Health Care Equipment & Servic,Adj,Dec,EPS,CY2026,7.984,2.832,-64.5%,2.88,+1.7%,3.404,+18.2%,53.69,15.8,-57.4%,+30.5%,+23.9%,-10.3%
CNC,Extended,Managed Care,Health Care,Health Care Equipment & Servic,Adj,Dec,EPS,CY2027,9.123,4.282,-53.1%,4.058,-5.2%,4.382,+8.0%,53.69,12.3,-52.0%,+30.5%,+23.9%,-10.3%
CNC,Extended,Managed Care,Health Care,Health Care Equipment & Servic,Adj,Dec,EPS,CY2028,11.095,5.864,-47.1%,5.929,+1.1%,5.905,-0.4%,53.69,9.1,-46.8%,+30.5%,+23.9%,-10.3%
MOH,Extended,Managed Care,Health Care,Health Care Equipment & Servic,Adj,Dec,EPS,CY2025,24.463,13.918,-43.1%,13.93,+0.1%,13.93,+0.0%,194.62,14.0,-43.1%,+12.1%,+8.4%,-40.5%
MOH,Extended,Managed Care,Health Care,Health Care Equipment & Servic,Adj,Dec,EPS,CY2026,28.327,16.274,-42.5%,13.726,-15.7%,5.17,-62.3%,194.62,37.6,-81.7%,+12.1%,+8.4%,-40.5%
MOH,Extended,Managed Care,Health Care,Health Care Equipment & Servic,Adj,Dec,EPS,CY2027,32.484,18.91,-41.8%,16.052,-15.1%,8.865,-44.8%,194.62,22.0,-72.7%,+12.1%,+8.4%,-40.5%
MOH,Extended,Managed Care,Health Care,Health Care Equipment & Servic,Adj,Dec,EPS,CY2028,37.755,27.225,-27.9%,24.388,-10.4%,12.629,-48.2%,194.62,15.4,-66.6%,+12.1%,+8.4%,-40.5%
IQV,Extended,Clinical Labs,Health Care,"Pharmaceuticals, Biotechnology",Adj,Dec,EPS,CY2025,11.832,11.886,+0.5%,11.895,+0.1%,11.895,+0.0%,158.37,13.3,+0.5%,-29.7%,-31.2%,+2.1%
IQV,Extended,Clinical Labs,Health Care,"Pharmaceuticals, Biotechnology",Adj,Dec,EPS,CY2026,13.122,12.935,-1.4%,12.974,+0.3%,12.716,-2.0%,158.37,12.5,-3.1%,-29.7%,-31.2%,+2.1%
IQV,Extended,Clinical Labs,Health Care,"Pharmaceuticals, Biotechnology",Adj,Dec,EPS,CY2027,14.589,14.387,-1.4%,14.382,-0.0%,14.114,-1.9%,158.37,11.2,-3.3%,-29.7%,-31.2%,+2.1%
IQV,Extended,Clinical Labs,Health Care,"Pharmaceuticals, Biotechnology",Adj,Dec,EPS,CY2028,16.723,16.198,-3.1%,16.213,+0.1%,15.754,-2.8%,158.37,10.1,-5.8%,-29.7%,-31.2%,+2.1%
ICLR,Extended,Clinical Labs,Health Care,"Pharmaceuticals, Biotechnology",Adj,Dec,EPS,CY2025,13.471,13.081,-2.9%,13.073,-0.1%,12.945,-1.0%,118.33,9.1,-3.9%,-35.1%,-34.4%,-21.9%
ICLR,Extended,Clinical Labs,Health Care,"Pharmaceuticals, Biotechnology",Adj,Dec,EPS,CY2026,15.184,13.51,-11.0%,12.99,-3.8%,11.754,-9.5%,118.33,10.1,-22.6%,-35.1%,-34.4%,-21.9%
ICLR,Extended,Clinical Labs,Health Care,"Pharmaceuticals, Biotechnology",Adj,Dec,EPS,CY2027,16.991,14.933,-12.1%,14.386,-3.7%,12.871,-10.5%,118.33,9.2,-24.2%,-35.1%,-34.4%,-21.9%
ICLR,Extended,Clinical Labs,Health Care,"Pharmaceuticals, Biotechnology",Adj,Dec,EPS,CY2028,18.884,16.88,-10.6%,16.454,-2.5%,14.275,-13.2%,118.33,8.3,-24.4%,-35.1%,-34.4%,-21.9%
MEDP,Extended,Clinical Labs,Health Care,"Pharmaceuticals, Biotechnology",Adj,Dec,EPS,CY2025,12.644,14.783,+16.9%,14.79,+0.0%,14.79,+0.0%,418.66,28.3,+17.0%,-25.5%,-28.1%,+35.8%
MEDP,Extended,Clinical Labs,Health Care,"Pharmaceuticals, Biotechnology",Adj,Dec,EPS,CY2026,13.241,16.476,+24.4%,16.505,+0.2%,17.018,+3.1%,418.66,24.6,+28.5%,-25.5%,-28.1%,+35.8%
MEDP,Extended,Clinical Labs,Health Care,"Pharmaceuticals, Biotechnology",Adj,Dec,EPS,CY2027,14.524,18.196,+25.3%,18.376,+1.0%,18.482,+0.6%,418.66,22.7,+27.3%,-25.5%,-28.1%,+35.8%
MEDP,Extended,Clinical Labs,Health Care,"Pharmaceuticals, Biotechnology",Adj,Dec,EPS,CY2028,16.688,19.62,+17.6%,20.547,+4.7%,21.13,+2.8%,418.66,19.8,+26.6%,-25.5%,-28.1%,+35.8%
CRL,Extended,Clinical Labs,Health Care,"Pharmaceuticals, Biotechnology",Adj,Dec,EPS,CY2025,9.324,10.187,+9.3%,10.244,+0.6%,10.245,+0.0%,166.97,16.3,+9.9%,-16.3%,-20.7%,+40.8%
CRL,Extended,Clinical Labs,Health Care,"Pharmaceuticals, Biotechnology",Adj,Dec,EPS,CY2026,9.777,10.491,+7.3%,11.039,+5.2%,11.046,+0.1%,166.97,15.1,+13.0%,-16.3%,-20.7%,+40.8%
CRL,Extended,Clinical Labs,Health Care,"Pharmaceuticals, Biotechnology",Adj,Dec,EPS,CY2027,10.546,11.323,+7.4%,11.728,+3.6%,12.248,+4.4%,166.97,13.6,+16.1%,-16.3%,-20.7%,+40.8%
CRL,Extended,Clinical Labs,Health Care,"Pharmaceuticals, Biotechnology",Adj,Dec,EPS,CY2028,11.06,12.031,+8.8%,12.733,+5.8%,13.441,+5.6%,166.97,12.4,+21.5%,-16.3%,-20.7%,+40.8%
EHTH,Extended,Clinical Labs,Financials,Insurance,Adj,Dec,EPS,CY2025,,0.958,,1.173,+22.4%,1.173,+0.0%,2.06,1.8,,-55.2%,-27.2%,-62.9%
EHTH,Extended,Clinical Labs,Financials,Insurance,Adj,Dec,EPS,CY2026,,0.818,,0.778,-4.9%,-1.0,-228.5%,2.06,-2.1,,-55.2%,-27.2%,-62.9%
EHTH,Extended,Clinical Labs,Financials,Insurance,Adj,Dec,EPS,CY2027,,0.85,,1.627,+91.4%,0.402,-75.3%,2.06,5.1,,-55.2%,-27.2%,-62.9%
EHTH,Extended,Clinical Labs,Financials,Insurance,Adj,Dec,EPS,CY2028,,,,2.04,,0.485,-76.2%,2.06,4.2,,-55.2%,-27.2%,-62.9%
TMUS,Extended,Cable / Telco,Communication Services,Telecommunication Services,GAAP,Dec,EPS,CY2025,10.719,10.062,-6.1%,9.885,-1.8%,9.923,+0.4%,195.5,19.7,-7.4%,-3.7%,-0.9%,-20.8%
TMUS,Extended,Cable / Telco,Communication Services,Telecommunication Services,GAAP,Dec,EPS,CY2026,12.656,11.83,-6.5%,11.555,-2.3%,10.324,-10.7%,195.5,18.9,-18.4%,-3.7%,-0.9%,-20.8%
TMUS,Extended,Cable / Telco,Communication Services,Telecommunication Services,GAAP,Dec,EPS,CY2027,14.864,14.823,-0.3%,14.438,-2.6%,13.326,-7.7%,195.5,14.7,-10.3%,-3.7%,-0.9%,-20.8%
TMUS,Extended,Cable / Telco,Communication Services,Telecommunication Services,GAAP,Dec,EPS,CY2028,16.968,17.323,+2.1%,17.11,-1.2%,16.434,-4.0%,195.5,11.9,-3.1%,-3.7%,-0.9%,-20.8%
VZ,Extended,Cable / Telco,Communication Services,Telecommunication Services,GAAP,Dec,EPS,CY2025,4.615,4.599,-0.3%,4.462,-3.0%,4.462,+0.0%,48.03,10.8,-3.3%,+17.9%,+7.9%,+9.0%
VZ,Extended,Cable / Telco,Communication Services,Telecommunication Services,GAAP,Dec,EPS,CY2026,4.738,4.779,+0.9%,4.726,-1.1%,4.819,+2.0%,48.03,10.0,+1.7%,+17.9%,+7.9%,+9.0%
VZ,Extended,Cable / Telco,Communication Services,Telecommunication Services,GAAP,Dec,EPS,CY2027,4.938,4.938,+0.0%,4.937,-0.0%,5.183,+5.0%,48.03,9.3,+5.0%,+17.9%,+7.9%,+9.0%
VZ,Extended,Cable / Telco,Communication Services,Telecommunication Services,GAAP,Dec,EPS,CY2028,5.138,5.114,-0.5%,5.282,+3.3%,5.641,+6.8%,48.03,8.5,+9.8%,+17.9%,+7.9%,+9.0%
T,Extended,Cable / Telco,Communication Services,Telecommunication Services,Adj,Dec,EPS,CY2025,2.093,2.066,-1.3%,2.054,-0.6%,2.054,+0.0%,26.13,12.7,-1.9%,+5.2%,-0.3%,-5.7%
T,Extended,Cable / Telco,Communication Services,Telecommunication Services,Adj,Dec,EPS,CY2026,2.239,2.232,-0.3%,2.296,+2.9%,2.31,+0.6%,26.13,11.3,+3.2%,+5.2%,-0.3%,-5.7%
T,Extended,Cable / Telco,Communication Services,Telecommunication Services,Adj,Dec,EPS,CY2027,2.502,2.475,-1.1%,2.546,+2.9%,2.544,-0.1%,26.13,10.3,+1.7%,+5.2%,-0.3%,-5.7%
T,Extended,Cable / Telco,Communication Services,Telecommunication Services,Adj,Dec,EPS,CY2028,2.702,2.691,-0.4%,2.822,+4.9%,2.858,+1.3%,26.13,9.1,+5.8%,+5.2%,-0.3%,-5.7%
CABO,Extended,Cable / Telco,Communication Services,Media & Entertainment,Adj,Dec,EPS,CY2025,35.224,-61.025,-273.2%,-48.957,+19.8%,-23.302,+52.4%,91.49,-3.9,-166.2%,-18.9%,+13.0%,-65.8%
CABO,Extended,Cable / Telco,Communication Services,Media & Entertainment,Adj,Dec,EPS,CY2026,31.617,25.964,-17.9%,22.515,-13.3%,17.388,-22.8%,91.49,5.3,-45.0%,-18.9%,+13.0%,-65.8%
CABO,Extended,Cable / Telco,Communication Services,Media & Entertainment,Adj,Dec,EPS,CY2027,36.648,27.12,-26.0%,26.505,-2.3%,27.339,+3.1%,91.49,3.3,-25.4%,-18.9%,+13.0%,-65.8%
CABO,Extended,Cable / Telco,Communication Services,Media & Entertainment,Adj,Dec,EPS,CY2028,40.068,31.592,-21.2%,27.515,-12.9%,29.286,+6.4%,91.49,3.1,-26.9%,-18.9%,+13.0%,-65.8%
LBRDK,Extended,Cable / Telco,Communication Services,Media & Entertainment,Adj,Dec,EPS,CY2025,5.685,4.97,-12.6%,6.235,+25.5%,6.235,+0.0%,38.49,6.2,+9.7%,-20.8%,-20.0%,-54.5%
LBRDK,Extended,Cable / Telco,Communication Services,Media & Entertainment,Adj,Dec,EPS,CY2026,6.687,4.92,-26.4%,7.2,+46.3%,8.57,+19.0%,38.49,4.5,+28.2%,-20.8%,-20.0%,-54.5%
LBRDK,Extended,Cable / Telco,Communication Services,Media & Entertainment,Adj,Dec,EPS,CY2027,7.223,5.56,-23.0%,8.48,+52.5%,10.16,+19.8%,38.49,3.8,+40.7%,-20.8%,-20.0%,-54.5%
LBRDK,Extended,Cable / Telco,Communication Services,Media & Entertainment,Adj,Dec,EPS,CY2028,6.13,5.97,-2.6%,6.92,+15.9%,11.17,+61.4%,38.49,3.4,+82.2%,-20.8%,-20.0%,-54.5%
VOD,Extended,Cable / Telco,Communication Services,Telecommunication Services,Adj,Mar,EPS,CY2025,0.983,0.889,-9.6%,0.95,+6.9%,0.929,-2.2%,15.8,17.0,-5.5%,+19.6%,+7.8%,+61.9%
VOD,Extended,Cable / Telco,Communication Services,Telecommunication Services,Adj,Mar,EPS,CY2026,1.071,0.984,-8.1%,1.042,+5.9%,1.075,+3.2%,15.8,14.7,+0.4%,+19.6%,+7.8%,+61.9%
VOD,Extended,Cable / Telco,Communication Services,Telecommunication Services,Adj,Mar,EPS,CY2027,1.1,1.112,+1.1%,1.209,+8.7%,1.258,+4.1%,15.8,12.6,+14.4%,+19.6%,+7.8%,+61.9%
VOD,Extended,Cable / Telco,Communication Services,Telecommunication Services,Adj,Mar,EPS,CY2028,1.175,1.3,+10.6%,1.417,+9.0%,1.5,+5.9%,15.8,10.5,+27.7%,+19.6%,+7.8%,+61.9%
DTE,Extended,Cable / Telco,Communication Services,Telecommunication Services,Adj,Dec,EPS,CY2025,2.023,2.017,-0.3%,2.024,+0.3%,2.029,+0.2%,27.57,13.6,+0.3%,-0.3%,-2.1%,-12.8%
DTE,Extended,Cable / Telco,Communication Services,Telecommunication Services,Adj,Dec,EPS,CY2026,2.336,2.257,-3.4%,2.224,-1.5%,2.203,-0.9%,27.57,12.5,-5.7%,-0.3%,-2.1%,-12.8%
DTE,Extended,Cable / Telco,Communication Services,Telecommunication Services,Adj,Dec,EPS,CY2027,2.622,2.528,-3.6%,2.466,-2.5%,2.495,+1.2%,27.57,11.1,-4.8%,-0.3%,-2.1%,-12.8%
DTE,Extended,Cable / Telco,Communication Services,Telecommunication Services,Adj,Dec,EPS,CY2028,2.918,2.74,-6.1%,2.716,-0.9%,2.703,-0.5%,27.57,10.2,-7.4%,-0.3%,-2.1%,-12.8%
TEF,Extended,Cable / Telco,Communication Services,Telecommunication Services,Adj,Dec,EPS,CY2025,0.298,0.3,+0.7%,0.299,-0.3%,0.29,-3.0%,3.858,13.3,-2.7%,+10.4%,+13.0%,-14.6%
TEF,Extended,Cable / Telco,Communication Services,Telecommunication Services,Adj,Dec,EPS,CY2026,0.334,0.36,+7.8%,0.358,-0.6%,0.367,+2.5%,3.858,10.5,+9.9%,+10.4%,+13.0%,-14.6%
TEF,Extended,Cable / Telco,Communication Services,Telecommunication Services,Adj,Dec,EPS,CY2027,0.411,0.401,-2.4%,0.381,-5.0%,0.397,+4.2%,3.858,9.7,-3.4%,+10.4%,+13.0%,-14.6%
TEF,Extended,Cable / Telco,Communication Services,Telecommunication Services,Adj,Dec,EPS,CY2028,0.98,0.462,-52.9%,0.443,-4.1%,0.402,-9.3%,3.858,9.6,-59.0%,+10.4%,+13.0%,-14.6%
GOOGL,Extended,Internet,Communication Services,Media & Entertainment,GAAP,Dec,EPS,CY2025,9.5,10.413,+9.6%,10.601,+1.8%,10.598,-0.0%,384.8,36.3,+11.6%,+22.9%,+13.8%,+142.3%
GOOGL,Extended,Internet,Communication Services,Media & Entertainment,GAAP,Dec,EPS,CY2026,10.217,11.058,+8.2%,11.147,+0.8%,12.942,+16.1%,384.8,29.7,+26.7%,+22.9%,+13.8%,+142.3%
GOOGL,Extended,Internet,Communication Services,Media & Entertainment,GAAP,Dec,EPS,CY2027,11.691,13.04,+11.5%,13.456,+3.2%,14.178,+5.4%,384.8,27.1,+21.3%,+22.9%,+13.8%,+142.3%
GOOGL,Extended,Internet,Communication Services,Media & Entertainment,GAAP,Dec,EPS,CY2028,13.278,14.507,+9.3%,14.705,+1.4%,16.427,+11.7%,384.8,23.4,+23.7%,+22.9%,+13.8%,+142.3%
PINS,Extended,Internet,Communication Services,Media & Entertainment,Adj,Dec,EPS,CY2025,1.723,1.799,+4.4%,1.65,-8.3%,1.659,+0.5%,19.66,11.9,-3.7%,-24.1%,-11.2%,-22.4%
PINS,Extended,Internet,Communication Services,Media & Entertainment,Adj,Dec,EPS,CY2026,2.067,2.029,-1.8%,1.885,-7.1%,1.888,+0.2%,19.66,10.4,-8.7%,-24.1%,-11.2%,-22.4%
PINS,Extended,Internet,Communication Services,Media & Entertainment,Adj,Dec,EPS,CY2027,2.52,2.471,-1.9%,2.17,-12.2%,2.152,-0.8%,19.66,9.1,-14.6%,-24.1%,-11.2%,-22.4%
PINS,Extended,Internet,Communication Services,Media & Entertainment,Adj,Dec,EPS,CY2028,2.986,2.795,-6.4%,2.549,-8.8%,2.419,-5.1%,19.66,8.1,-19.0%,-24.1%,-11.2%,-22.4%
SNAP,Extended,Internet,Communication Services,Media & Entertainment,Adj,Dec,EPS,CY2025,0.284,0.263,-7.4%,0.329,+25.1%,0.329,+0.0%,6.07,18.4,+15.8%,-24.8%,-12.4%,-23.7%
SNAP,Extended,Internet,Communication Services,Media & Entertainment,Adj,Dec,EPS,CY2026,0.396,0.361,-8.8%,0.48,+33.0%,0.553,+15.2%,6.07,11.0,+39.6%,-24.8%,-12.4%,-23.7%
SNAP,Extended,Internet,Communication Services,Media & Entertainment,Adj,Dec,EPS,CY2027,0.549,0.494,-10.0%,0.538,+8.9%,0.669,+24.3%,6.07,9.1,+21.9%,-24.8%,-12.4%,-23.7%
SNAP,Extended,Internet,Communication Services,Media & Entertainment,Adj,Dec,EPS,CY2028,0.723,0.655,-9.4%,0.628,-4.1%,0.757,+20.5%,6.07,8.0,+4.7%,-24.8%,-12.4%,-23.7%
RDDT,Extended,Internet,Communication Services,Media & Entertainment,Adj,Dec,EPS,CY2025,2.444,4.349,+77.9%,4.37,+0.5%,4.37,+0.0%,147.23,33.7,+78.8%,-36.0%,-18.3%,+26.3%
RDDT,Extended,Internet,Communication Services,Media & Entertainment,Adj,Dec,EPS,CY2026,3.372,5.081,+50.7%,5.339,+5.1%,5.847,+9.5%,147.23,25.2,+73.4%,-36.0%,-18.3%,+26.3%
RDDT,Extended,Internet,Communication Services,Media & Entertainment,Adj,Dec,EPS,CY2027,4.716,6.713,+42.3%,7.227,+7.7%,7.648,+5.8%,147.23,19.3,+62.2%,-36.0%,-18.3%,+26.3%
RDDT,Extended,Internet,Communication Services,Media & Entertainment,Adj,Dec,EPS,CY2028,6.078,9.022,+48.4%,8.9,-1.4%,11.227,+26.1%,147.23,13.1,+84.7%,-36.0%,-18.3%,+26.3%
ABNB,Extended,Internet,Consumer Discretionary,Consumer Services,Adj,Dec,EPS,CY2025,4.318,4.242,-1.8%,4.12,-2.9%,4.122,+0.0%,140.36,34.1,-4.5%,+3.4%,+8.5%,+15.1%
ABNB,Extended,Internet,Consumer Discretionary,Consumer Services,Adj,Dec,EPS,CY2026,4.925,4.786,-2.8%,4.835,+1.0%,5.019,+3.8%,140.36,28.0,+1.9%,+3.4%,+8.5%,+15.1%
ABNB,Extended,Internet,Consumer Discretionary,Consumer Services,Adj,Dec,EPS,CY2027,5.766,5.602,-2.8%,5.707,+1.9%,5.857,+2.6%,140.36,24.0,+1.6%,+3.4%,+8.5%,+15.1%
ABNB,Extended,Internet,Consumer Discretionary,Consumer Services,Adj,Dec,EPS,CY2028,6.941,6.582,-5.2%,6.688,+1.6%,6.84,+2.3%,140.36,20.5,-1.5%,+3.4%,+8.5%,+15.1%
EBAY,Extended,Internet,Consumer Discretionary,Consumer Discretionary Distrib,Adj,Dec,EPS,CY2025,5.312,5.452,+2.6%,5.471,+0.3%,5.47,-0.0%,103.48,18.9,+3.0%,+18.8%,+13.4%,+51.8%
EBAY,Extended,Internet,Consumer Discretionary,Consumer Discretionary Distrib,Adj,Dec,EPS,CY2026,5.706,5.904,+3.5%,5.813,-1.5%,6.078,+4.6%,103.48,17.0,+6.5%,+18.8%,+13.4%,+51.8%
EBAY,Extended,Internet,Consumer Discretionary,Consumer Discretionary Distrib,Adj,Dec,EPS,CY2027,6.231,6.525,+4.7%,6.402,-1.9%,6.725,+5.0%,103.48,15.4,+7.9%,+18.8%,+13.4%,+51.8%
EBAY,Extended,Internet,Consumer Discretionary,Consumer Discretionary Distrib,Adj,Dec,EPS,CY2028,6.504,7.181,+10.4%,6.994,-2.6%,7.348,+5.1%,103.48,14.1,+13.0%,+18.8%,+13.4%,+51.8%
TTD,Extended,Internet,Communication Services,Media & Entertainment,Adj,Dec,EPS,CY2025,1.575,1.732,+10.0%,1.771,+2.3%,1.765,-0.3%,23.59,13.4,+12.1%,-37.9%,-22.2%,-56.0%
TTD,Extended,Internet,Communication Services,Media & Entertainment,Adj,Dec,EPS,CY2026,1.961,1.995,+1.7%,2.024,+1.5%,1.88,-7.1%,23.59,12.5,-4.1%,-37.9%,-22.2%,-56.0%
TTD,Extended,Internet,Communication Services,Media & Entertainment,Adj,Dec,EPS,CY2027,2.302,2.325,+1.0%,2.381,+2.4%,2.153,-9.6%,23.59,11.0,-6.5%,-37.9%,-22.2%,-56.0%
TTD,Extended,Internet,Communication Services,Media & Entertainment,Adj,Dec,EPS,CY2028,2.98,2.826,-5.2%,2.789,-1.3%,2.512,-9.9%,23.59,9.4,-15.7%,-37.9%,-22.2%,-56.0%
ROKU,Extended,Internet,Communication Services,Media & Entertainment,Adj,Dec,EPS,CY2025,-0.318,0.297,+193.4%,0.327,+10.1%,0.33,+0.9%,116.56,353.2,+203.8%,+7.4%,+22.4%,+71.0%
ROKU,Extended,Internet,Communication Services,Media & Entertainment,Adj,Dec,EPS,CY2026,0.601,1.128,+87.7%,1.294,+14.7%,2.108,+62.9%,116.56,55.3,+250.7%,+7.4%,+22.4%,+71.0%
ROKU,Extended,Internet,Communication Services,Media & Entertainment,Adj,Dec,EPS,CY2027,1.729,2.173,+25.7%,2.391,+10.0%,3.268,+36.7%,116.56,35.7,+89.0%,+7.4%,+22.4%,+71.0%
ROKU,Extended,Internet,Communication Services,Media & Entertainment,Adj,Dec,EPS,CY2028,2.725,3.535,+29.7%,3.706,+4.8%,4.496,+21.3%,116.56,25.9,+65.0%,+7.4%,+22.4%,+71.0%
ETSY,Extended,Internet,Consumer Discretionary,Consumer Discretionary Distrib,Adj,Dec,EPS,CY2025,4.664,4.192,-10.1%,4.002,-4.5%,4.003,+0.0%,64.34,16.1,-14.2%,+16.1%,+21.5%,+48.0%
ETSY,Extended,Internet,Consumer Discretionary,Consumer Discretionary Distrib,Adj,Dec,EPS,CY2026,5.169,4.768,-7.8%,4.582,-3.9%,5.459,+19.1%,64.34,11.8,+5.6%,+16.1%,+21.5%,+48.0%
ETSY,Extended,Internet,Consumer Discretionary,Consumer Discretionary Distrib,Adj,Dec,EPS,CY2027,5.275,5.646,+7.0%,5.751,+1.9%,6.288,+9.3%,64.34,10.2,+19.2%,+16.1%,+21.5%,+48.0%
ETSY,Extended,Internet,Consumer Discretionary,Consumer Discretionary Distrib,Adj,Dec,EPS,CY2028,6.217,6.35,+2.1%,6.462,+1.8%,7.341,+13.6%,64.34,8.8,+18.1%,+16.1%,+21.5%,+48.0%
MTCH,Extended,Internet,Communication Services,Media & Entertainment,Adj,Dec,EPS,CY2025,2.181,2.351,+7.8%,2.233,-5.0%,2.233,+0.0%,37.42,16.8,+2.4%,+15.9%,+20.1%,+26.2%
MTCH,Extended,Internet,Communication Services,Media & Entertainment,Adj,Dec,EPS,CY2026,2.539,2.837,+11.7%,2.832,-0.2%,2.714,-4.2%,37.42,13.8,+6.9%,+15.9%,+20.1%,+26.2%
MTCH,Extended,Internet,Communication Services,Media & Entertainment,Adj,Dec,EPS,CY2027,3.079,3.422,+11.1%,3.311,-3.2%,3.194,-3.5%,37.42,11.7,+3.7%,+15.9%,+20.1%,+26.2%
MTCH,Extended,Internet,Communication Services,Media & Entertainment,Adj,Dec,EPS,CY2028,,4.01,,4.168,+3.9%,3.753,-10.0%,37.42,10.0,,+15.9%,+20.1%,+26.2%
U,Extended,Internet,Information Technology,Software & Services,Adj,Dec,EPS,CY2025,0.39,0.803,+105.9%,0.843,+5.0%,0.847,+0.5%,26.42,31.2,+117.2%,-40.2%,-9.2%,+25.4%
U,Extended,Internet,Information Technology,Software & Services,Adj,Dec,EPS,CY2026,0.781,0.88,+12.7%,0.951,+8.1%,0.96,+0.9%,26.42,27.5,+22.9%,-40.2%,-9.2%,+25.4%
U,Extended,Internet,Information Technology,Software & Services,Adj,Dec,EPS,CY2027,1.309,1.029,-21.4%,1.228,+19.3%,1.198,-2.4%,26.42,22.1,-8.5%,-40.2%,-9.2%,+25.4%
U,Extended,Internet,Information Technology,Software & Services,Adj,Dec,EPS,CY2028,2.703,1.3,-51.9%,1.443,+11.0%,1.428,-1.0%,26.42,18.5,-47.2%,-40.2%,-9.2%,+25.4%
ZG,Extended,Internet,Real Estate,Real Estate Management & Devel,Adj,Dec,EPS,CY2025,1.691,1.653,-2.2%,1.662,+0.5%,1.662,+0.0%,44.61,26.8,-1.7%,-34.6%,-28.3%,-32.4%
ZG,Extended,Internet,Real Estate,Real Estate Management & Devel,Adj,Dec,EPS,CY2026,2.241,2.094,-6.6%,2.124,+1.4%,2.196,+3.4%,44.61,20.3,-2.0%,-34.6%,-28.3%,-32.4%
ZG,Extended,Internet,Real Estate,Real Estate Management & Devel,Adj,Dec,EPS,CY2027,2.865,2.744,-4.2%,2.71,-1.2%,2.893,+6.8%,44.61,15.4,+1.0%,-34.6%,-28.3%,-32.4%
ZG,Extended,Internet,Real Estate,Real Estate Management & Devel,Adj,Dec,EPS,CY2028,3.798,3.96,+4.3%,3.873,-2.2%,3.738,-3.5%,44.61,11.9,-1.6%,-34.6%,-28.3%,-32.4%
RMV,Extended,Internet,Communication Services,Media & Entertainment,Adj,Dec,EPS,CY2025,0.29,0.288,-0.7%,0.291,+1.0%,0.29,-0.3%,433.4,14.9,+0.0%,-16.6%,-12.3%,-41.3%
RMV,Extended,Internet,Communication Services,Media & Entertainment,Adj,Dec,EPS,CY2026,0.325,0.325,+0.0%,0.309,-4.9%,0.306,-1.0%,433.4,14.2,-5.8%,-16.6%,-12.3%,-41.3%
RMV,Extended,Internet,Communication Services,Media & Entertainment,Adj,Dec,EPS,CY2027,0.371,0.368,-0.8%,0.34,-7.6%,0.34,+0.0%,433.4,12.7,-8.4%,-16.6%,-12.3%,-41.3%
RMV,Extended,Internet,Communication Services,Media & Entertainment,Adj,Dec,EPS,CY2028,0.411,0.414,+0.7%,0.378,-8.7%,0.384,+1.6%,433.4,11.3,-6.6%,-16.6%,-12.3%,-41.3%
YELP,Extended,Internet,Communication Services,Media & Entertainment,Adj,Dec,EPS,CY2025,2.994,3.618,+20.8%,4.01,+10.8%,4.01,+0.0%,27.6,6.9,+33.9%,-9.2%,+0.8%,-21.3%
YELP,Extended,Internet,Communication Services,Media & Entertainment,Adj,Dec,EPS,CY2026,3.375,3.607,+6.9%,3.837,+6.4%,3.393,-11.6%,27.6,8.1,+0.5%,-9.2%,+0.8%,-21.3%
YELP,Extended,Internet,Communication Services,Media & Entertainment,Adj,Dec,EPS,CY2027,3.89,4.208,+8.2%,4.344,+3.2%,3.743,-13.8%,27.6,7.4,-3.8%,-9.2%,+0.8%,-21.3%
YELP,Extended,Internet,Communication Services,Media & Entertainment,Adj,Dec,EPS,CY2028,,4.85,,4.87,+0.4%,4.623,-5.1%,27.6,6.0,,-9.2%,+0.8%,-21.3%
ANGI,Extended,Internet,Communication Services,Media & Entertainment,Adj,Dec,EPS,CY2025,0.674,1.275,+89.2%,1.103,-13.5%,1.063,-3.6%,7.34,6.9,+57.7%,-43.2%,-43.5%,-36.0%
ANGI,Extended,Internet,Communication Services,Media & Entertainment,Adj,Dec,EPS,CY2026,1.004,1.633,+62.6%,1.581,-3.2%,0.99,-37.4%,7.34,7.4,-1.4%,-43.2%,-43.5%,-36.0%
ANGI,Extended,Internet,Communication Services,Media & Entertainment,Adj,Dec,EPS,CY2027,1.977,1.88,-4.9%,1.847,-1.8%,1.398,-24.3%,7.34,5.3,-29.3%,-43.2%,-43.5%,-36.0%
ANGI,Extended,Internet,Communication Services,Media & Entertainment,Adj,Dec,EPS,CY2028,1.405,2.375,+69.0%,1.72,-27.6%,1.55,-9.9%,7.34,4.7,+10.3%,-43.2%,-43.5%,-36.0%
TREE,Extended,Internet,Financials,Financial Services,Adj,Dec,EPS,CY2025,3.521,4.816,+36.8%,4.816,+0.0%,4.816,+0.0%,49.59,10.3,+36.8%,-6.6%,-12.5%,-3.9%
TREE,Extended,Internet,Financials,Financial Services,Adj,Dec,EPS,CY2026,4.401,4.983,+13.2%,4.983,+0.0%,5.604,+12.5%,49.59,8.8,+27.3%,-6.6%,-12.5%,-3.9%
TREE,Extended,Internet,Financials,Financial Services,Adj,Dec,EPS,CY2027,,5.305,,5.305,+0.0%,6.638,+25.1%,49.59,7.5,,-6.6%,-12.5%,-3.9%
TREE,Extended,Internet,Financials,Financial Services,Adj,Dec,EPS,CY2028,,4.81,,4.81,+0.0%,6.49,+34.9%,49.59,7.6,,-6.6%,-12.5%,-3.9%
XYZ,Extended,Internet,Financials,Financial Services,Adj,Dec,EPS,CY2025,3.956,2.576,-34.9%,2.422,-6.0%,2.412,-0.4%,70.51,29.2,-39.0%,+8.3%,+16.7%,+20.6%
XYZ,Extended,Internet,Financials,Financial Services,Adj,Dec,EPS,CY2026,4.957,3.697,-25.4%,3.304,-10.6%,3.701,+12.0%,70.51,19.1,-25.3%,+8.3%,+16.7%,+20.6%
XYZ,Extended,Internet,Financials,Financial Services,Adj,Dec,EPS,CY2027,5.873,4.621,-21.3%,4.409,-4.6%,4.859,+10.2%,70.51,14.5,-17.3%,+8.3%,+16.7%,+20.6%
XYZ,Extended,Internet,Financials,Financial Services,Adj,Dec,EPS,CY2028,7.177,5.174,-27.9%,5.331,+3.0%,5.986,+12.3%,70.51,11.8,-16.6%,+8.3%,+16.7%,+20.6%
CRTO,Extended,Internet,Communication Services,Media & Entertainment,Adj,Dec,EPS,CY2025,4.463,4.675,+4.8%,4.688,+0.3%,4.695,+0.1%,18.94,4.0,+5.2%,-8.1%,-1.2%,-44.4%
CRTO,Extended,Internet,Communication Services,Media & Entertainment,Adj,Dec,EPS,CY2026,4.666,4.407,-5.6%,4.543,+3.1%,4.328,-4.7%,18.94,4.4,-7.2%,-8.1%,-1.2%,-44.4%
CRTO,Extended,Internet,Communication Services,Media & Entertainment,Adj,Dec,EPS,CY2027,5.553,5.082,-8.5%,5.081,-0.0%,4.43,-12.8%,18.94,4.3,-20.2%,-8.1%,-1.2%,-44.4%
CRTO,Extended,Internet,Communication Services,Media & Entertainment,Adj,Dec,EPS,CY2028,6.397,5.073,-20.7%,5.073,+0.0%,5.371,+5.9%,18.94,3.5,-16.0%,-8.1%,-1.2%,-44.4%
CARS,Extended,Internet,Communication Services,Media & Entertainment,Adj,Dec,EPS,CY2025,2.034,1.8,-11.5%,1.792,-0.4%,1.792,+0.0%,10.99,6.1,-11.9%,-9.9%,-3.3%,-5.6%
CARS,Extended,Internet,Communication Services,Media & Entertainment,Adj,Dec,EPS,CY2026,2.45,1.965,-19.8%,2.244,+14.2%,1.785,-20.5%,10.99,6.2,-27.1%,-9.9%,-3.3%,-5.6%
CARS,Extended,Internet,Communication Services,Media & Entertainment,Adj,Dec,EPS,CY2027,2.47,2.42,-2.0%,2.095,-13.4%,2.104,+0.4%,10.99,5.2,-14.8%,-9.9%,-3.3%,-5.6%
CARS,Extended,Internet,Communication Services,Media & Entertainment,Adj,Dec,EPS,CY2028,,,,,,2.12,,10.99,5.2,,-9.9%,-3.3%,-5.6%
OCDO,Extended,Internet,Consumer Staples,Consumer Staples Distribution,Adj,Nov,EPS,CY2025,-0.337,-0.279,+17.2%,-0.345,-23.7%,-0.339,+1.7%,197.0,-5.8,-0.6%,-16.5%,-9.7%,-30.0%
OCDO,Extended,Internet,Consumer Staples,Consumer Staples Distribution,Adj,Nov,EPS,CY2026,-0.231,-0.281,-21.6%,-0.292,-3.9%,-0.168,+42.5%,197.0,-11.7,+27.3%,-16.5%,-9.7%,-30.0%
OCDO,Extended,Internet,Consumer Staples,Consumer Staples Distribution,Adj,Nov,EPS,CY2027,-0.151,-0.191,-26.5%,-0.198,-3.7%,-0.221,-11.6%,197.0,-8.9,-46.4%,-16.5%,-9.7%,-30.0%
OCDO,Extended,Internet,Consumer Staples,Consumer Staples Distribution,Adj,Nov,EPS,CY2028,-0.046,-0.055,-19.6%,-0.147,-167.3%,-0.16,-8.8%,197.0,-12.3,-247.8%,-16.5%,-9.7%,-30.0%
VRSN,Extended,Internet,Information Technology,Software & Services,Adj,Dec,EPS,CY2025,8.803,9.06,+2.9%,8.868,-2.1%,8.868,+0.0%,268.66,30.3,+0.7%,+10.6%,+10.0%,-4.8%
VRSN,Extended,Internet,Information Technology,Software & Services,Adj,Dec,EPS,CY2026,9.383,9.483,+1.1%,9.685,+2.1%,9.698,+0.1%,268.66,27.7,+3.4%,+10.6%,+10.0%,-4.8%
VRSN,Extended,Internet,Information Technology,Software & Services,Adj,Dec,EPS,CY2027,10.77,10.455,-2.9%,10.513,+0.6%,10.653,+1.3%,268.66,25.2,-1.1%,+10.6%,+10.0%,-4.8%
VRSN,Extended,Internet,Information Technology,Software & Services,Adj,Dec,EPS,CY2028,12.56,11.23,-10.6%,11.23,+0.0%,11.68,+4.0%,268.66,23.0,-7.0%,+10.6%,+10.0%,-4.8%
CDLX,Extended,Internet,Communication Services,Media & Entertainment,Adj,Dec,EPS,CY2025,-0.622,-0.56,+10.0%,-0.46,+17.9%,-0.46,+0.0%,0.8974,-2.0,+26.0%,-22.0%,-7.3%,-37.7%
CDLX,Extended,Internet,Communication Services,Media & Entertainment,Adj,Dec,EPS,CY2026,-0.355,-0.392,-10.4%,-0.111,+71.7%,-0.345,-210.8%,0.8974,-2.6,+2.8%,-22.0%,-7.3%,-37.7%
CDLX,Extended,Internet,Communication Services,Media & Entertainment,Adj,Dec,EPS,CY2027,,-0.063,,-0.087,-38.1%,-0.267,-206.9%,0.8974,-3.4,,-22.0%,-7.3%,-37.7%
CDLX,Extended,Internet,Communication Services,Media & Entertainment,Adj,Dec,EPS,CY2028,,,,0.016,,-0.004,-125.0%,0.8974,-224.3,,-22.0%,-7.3%,-37.7%
DHER,Extended,Internet,Consumer Discretionary,Consumer Services,Adj,Dec,EPS,CY2025,-0.102,-0.284,-178.4%,-0.304,-7.0%,-0.285,+6.3%,20.49,-71.9,-179.4%,-9.8%,-13.2%,-17.3%
DHER,Extended,Internet,Consumer Discretionary,Consumer Services,Adj,Dec,EPS,CY2026,0.838,0.787,-6.1%,0.35,-55.5%,-1.923,-649.4%,20.49,-10.7,-329.5%,-9.8%,-13.2%,-17.3%
DHER,Extended,Internet,Consumer Discretionary,Consumer Services,Adj,Dec,EPS,CY2027,1.969,2.155,+9.4%,1.144,-46.9%,-0.435,-138.0%,20.49,-47.1,-122.1%,-9.8%,-13.2%,-17.3%
DHER,Extended,Internet,Consumer Discretionary,Consumer Services,Adj,Dec,EPS,CY2028,3.593,3.52,-2.0%,1.883,-46.5%,0.78,-58.6%,20.49,26.3,-78.3%,-9.8%,-13.2%,-17.3%
PTON,Extended,Internet,Consumer Discretionary,Consumer Durables & Apparel,Adj,Jun,EPS,CY2025,-0.363,-0.417,-14.9%,-0.417,+0.0%,-0.417,+0.0%,5.45,-13.1,-14.9%,-11.5%,-2.5%,-20.9%
PTON,Extended,Internet,Consumer Discretionary,Consumer Durables & Apparel,Adj,Jun,EPS,CY2026,-0.17,0.117,+168.8%,0.135,+15.4%,0.143,+5.9%,5.45,38.1,+184.1%,-11.5%,-2.5%,-20.9%
PTON,Extended,Internet,Consumer Discretionary,Consumer Durables & Apparel,Adj,Jun,EPS,CY2027,-0.126,0.161,+227.8%,0.287,+78.3%,0.304,+5.9%,5.45,17.9,+341.3%,-11.5%,-2.5%,-20.9%
PTON,Extended,Internet,Consumer Discretionary,Consumer Durables & Apparel,Adj,Jun,EPS,CY2028,-0.201,0.283,+240.8%,0.346,+22.3%,0.372,+7.5%,5.45,14.7,+285.1%,-11.5%,-2.5%,-20.9%
LYFT,Extended,Internet,Industrials,Transportation,Adj,Dec,EPS,CY2025,0.908,1.262,+39.0%,1.23,-2.5%,1.234,+0.3%,14.15,11.5,+35.9%,-26.9%,-16.1%,+14.1%
LYFT,Extended,Internet,Industrials,Transportation,Adj,Dec,EPS,CY2026,1.253,1.299,+3.7%,1.478,+13.8%,1.285,-13.1%,14.15,11.0,+2.6%,-26.9%,-16.1%,+14.1%
LYFT,Extended,Internet,Industrials,Transportation,Adj,Dec,EPS,CY2027,1.412,1.551,+9.8%,1.712,+10.4%,1.687,-1.5%,14.15,8.4,+19.5%,-26.9%,-16.1%,+14.1%
LYFT,Extended,Internet,Industrials,Transportation,Adj,Dec,EPS,CY2028,1.572,1.992,+26.7%,1.855,-6.9%,2.21,+19.1%,14.15,6.4,+40.6%,-26.9%,-16.1%,+14.1%
PRX,Extended,Internet,Consumer Discretionary,Consumer Discretionary Distrib,Adj,Mar,EPS,CY2025,3.619,3.728,+3.0%,4.019,+7.8%,4.005,-0.3%,41.07,10.3,+10.7%,-22.3%,-15.2%,+0.7%
PRX,Extended,Internet,Consumer Discretionary,Consumer Discretionary Distrib,Adj,Mar,EPS,CY2026,4.333,4.418,+2.0%,4.692,+6.2%,4.676,-0.3%,41.07,8.8,+7.9%,-22.3%,-15.2%,+0.7%
PRX,Extended,Internet,Consumer Discretionary,Consumer Discretionary Distrib,Adj,Mar,EPS,CY2027,4.585,5.064,+10.4%,5.449,+7.6%,5.47,+0.4%,41.07,7.5,+19.3%,-22.3%,-15.2%,+0.7%
PRX,Extended,Internet,Consumer Discretionary,Consumer Discretionary Distrib,Adj,Mar,EPS,CY2028,5.22,5.85,+12.1%,6.02,+2.9%,6.218,+3.3%,41.07,6.6,+19.1%,-22.3%,-15.2%,+0.7%
AUTO,Extended,Internet,Communication Services,Media & Entertainment,Adj,Mar,EPS,CY2025,0.36,0.348,-3.3%,0.356,+2.3%,0.357,+0.3%,496.0,13.9,-0.8%,-15.4%,-7.8%,-40.9%
AUTO,Extended,Internet,Communication Services,Media & Entertainment,Adj,Mar,EPS,CY2026,0.399,0.392,-1.8%,0.391,-0.3%,0.389,-0.5%,496.0,12.8,-2.5%,-15.4%,-7.8%,-40.9%
AUTO,Extended,Internet,Communication Services,Media & Entertainment,Adj,Mar,EPS,CY2027,0.436,0.432,-0.9%,0.428,-0.9%,0.429,+0.2%,496.0,11.6,-1.6%,-15.4%,-7.8%,-40.9%
AUTO,Extended,Internet,Communication Services,Media & Entertainment,Adj,Mar,EPS,CY2028,0.458,0.438,-4.4%,0.462,+5.5%,0.467,+1.1%,496.0,10.6,+2.0%,-15.4%,-7.8%,-40.9%
DKNG,Extended,Internet,Consumer Discretionary,Consumer Services,Adj,Dec,EPS,CY2025,1.479,1.095,-26.0%,0.785,-28.3%,0.814,+3.7%,23.32,28.6,-45.0%,-32.3%,-15.2%,-29.9%
DKNG,Extended,Internet,Consumer Discretionary,Consumer Services,Adj,Dec,EPS,CY2026,2.3,1.829,-20.5%,1.312,-28.3%,0.885,-32.5%,23.32,26.4,-61.5%,-32.3%,-15.2%,-29.9%
DKNG,Extended,Internet,Consumer Discretionary,Consumer Services,Adj,Dec,EPS,CY2027,2.91,2.556,-12.2%,2.044,-20.0%,1.489,-27.2%,23.32,15.7,-48.8%,-32.3%,-15.2%,-29.9%
DKNG,Extended,Internet,Consumer Discretionary,Consumer Services,Adj,Dec,EPS,CY2028,3.61,3.286,-9.0%,2.674,-18.6%,2.32,-13.2%,23.32,10.1,-35.7%,-32.3%,-15.2%,-29.9%
FLUT,Extended,Internet,Consumer Discretionary,Consumer Services,Adj,Dec,EPS,CY2025,8.875,8.318,-6.3%,7.693,-7.5%,7.695,+0.0%,107.93,14.0,-13.3%,-49.8%,-34.6%,-55.2%
FLUT,Extended,Internet,Consumer Discretionary,Consumer Services,Adj,Dec,EPS,CY2026,12.604,11.852,-6.0%,9.394,-20.7%,6.208,-33.9%,107.93,17.4,-50.7%,-49.8%,-34.6%,-55.2%
FLUT,Extended,Internet,Consumer Discretionary,Consumer Services,Adj,Dec,EPS,CY2027,16.642,15.666,-5.9%,13.355,-14.8%,9.479,-29.0%,107.93,11.4,-43.0%,-49.8%,-34.6%,-55.2%
FLUT,Extended,Internet,Consumer Discretionary,Consumer Services,Adj,Dec,EPS,CY2028,19.607,20.097,+2.5%,17.34,-13.7%,12.643,-27.1%,107.93,8.5,-35.5%,-49.8%,-34.6%,-55.2%
FLTR,Extended,Internet,Consumer Discretionary,Consumer Services,Adj,Dec,EPS,CY2025,8.875,8.318,-6.3%,7.693,-7.5%,7.695,+0.0%,7930.0,10.3,-13.3%,-50.8%,-33.7%,-55.8%
FLTR,Extended,Internet,Consumer Discretionary,Consumer Services,Adj,Dec,EPS,CY2026,12.604,11.852,-6.0%,9.394,-20.7%,6.208,-33.9%,7930.0,12.8,-50.7%,-50.8%,-33.7%,-55.8%
FLTR,Extended,Internet,Consumer Discretionary,Consumer Services,Adj,Dec,EPS,CY2027,16.642,15.666,-5.9%,13.355,-14.8%,9.479,-29.0%,7930.0,8.4,-43.0%,-50.8%,-33.7%,-55.8%
FLTR,Extended,Internet,Consumer Discretionary,Consumer Services,Adj,Dec,EPS,CY2028,19.607,20.097,+2.5%,17.34,-13.7%,12.643,-27.1%,7930.0,6.3,-35.5%,-50.8%,-33.7%,-55.8%
WMG,Extended,Internet,Communication Services,Media & Entertainment,Adj,Sep,EPS,CY2025,1.464,0.982,-32.9%,0.982,+0.0%,0.982,+0.0%,28.27,28.8,-32.9%,-7.8%,-5.7%,-7.2%
WMG,Extended,Internet,Communication Services,Media & Entertainment,Adj,Sep,EPS,CY2026,1.468,1.428,-2.7%,1.476,+3.4%,1.421,-3.7%,28.27,19.9,-3.2%,-7.8%,-5.7%,-7.2%
WMG,Extended,Internet,Communication Services,Media & Entertainment,Adj,Sep,EPS,CY2027,1.672,1.699,+1.6%,1.742,+2.5%,1.764,+1.3%,28.27,16.0,+5.5%,-7.8%,-5.7%,-7.2%
WMG,Extended,Internet,Communication Services,Media & Entertainment,Adj,Sep,EPS,CY2028,1.891,1.921,+1.6%,1.954,+1.7%,1.994,+2.0%,28.27,14.2,+5.4%,-7.8%,-5.7%,-7.2%
SCOR,Extended,Internet,Communication Services,Media & Entertainment,Adj,Dec,EPS,CY2025,,2.615,,2.22,-15.1%,2.22,+0.0%,7.27,3.3,,+11.8%,-14.0%,+45.1%
SCOR,Extended,Internet,Communication Services,Media & Entertainment,Adj,Dec,EPS,CY2026,,4.425,,4.65,+5.1%,4.11,-11.6%,7.27,1.8,,+11.8%,-14.0%,+45.1%
SCOR,Extended,Internet,Communication Services,Media & Entertainment,Adj,Dec,EPS,CY2027,,5.08,,5.08,+0.0%,5.08,+0.0%,7.27,1.4,,+11.8%,-14.0%,+45.1%
SCOR,Extended,Internet,Communication Services,Media & Entertainment,Adj,Dec,EPS,CY2028,,,,,,,,7.27,,,+11.8%,-14.0%,+45.1%
ASM,Extended,Technology,Information Technology,Semiconductors & Semiconductor,Adj,Dec,EPS,CY2025,15.978,13.983,-12.5%,14.655,+4.8%,14.695,+0.3%,830.6,56.5,-8.0%,+60.5%,+17.0%,+95.3%
ASM,Extended,Technology,Information Technology,Semiconductors & Semiconductor,Adj,Dec,EPS,CY2026,20.226,16.28,-19.5%,16.962,+4.2%,21.707,+28.0%,830.6,38.3,+7.3%,+60.5%,+17.0%,+95.3%
ASM,Extended,Technology,Information Technology,Semiconductors & Semiconductor,Adj,Dec,EPS,CY2027,24.553,20.463,-16.7%,21.672,+5.9%,26.763,+23.5%,830.6,31.0,+9.0%,+60.5%,+17.0%,+95.3%
ASM,Extended,Technology,Information Technology,Semiconductors & Semiconductor,Adj,Dec,EPS,CY2028,28.317,23.82,-15.9%,23.99,+0.7%,30.61,+27.6%,830.6,27.1,+8.1%,+60.5%,+17.0%,+95.3%
ARM,Extended,Technology,Information Technology,Semiconductors & Semiconductor,GAAP,Mar,EPS,CY2025,1.358,0.88,-35.2%,0.912,+3.6%,0.927,+1.6%,210.32,226.9,-31.7%,+92.4%,+99.6%,+84.4%
ARM,Extended,Technology,Information Technology,Semiconductors & Semiconductor,GAAP,Mar,EPS,CY2026,1.828,1.395,-23.7%,1.392,-0.2%,1.217,-12.6%,210.32,172.8,-33.4%,+92.4%,+99.6%,+84.4%
ARM,Extended,Technology,Information Technology,Semiconductors & Semiconductor,GAAP,Mar,EPS,CY2027,2.432,1.863,-23.4%,2.011,+7.9%,1.945,-3.3%,210.32,108.1,-20.0%,+92.4%,+99.6%,+84.4%
ARM,Extended,Technology,Information Technology,Semiconductors & Semiconductor,GAAP,Mar,EPS,CY2028,2.818,2.583,-8.3%,2.266,-12.3%,2.607,+15.0%,210.32,80.7,-7.5%,+92.4%,+99.6%,+84.4%
MRVL,Extended,Technology,Information Technology,Semiconductors & Semiconductor,Adj,Jan,EPS,CY2025,2.827,2.804,-0.8%,2.84,+1.3%,2.837,-0.1%,165.15,58.2,+0.4%,+94.3%,+109.3%,+182.9%
MRVL,Extended,Technology,Information Technology,Semiconductors & Semiconductor,Adj,Jan,EPS,CY2026,3.612,3.386,-6.3%,3.585,+5.9%,3.817,+6.5%,165.15,43.3,+5.7%,+94.3%,+109.3%,+182.9%
MRVL,Extended,Technology,Information Technology,Semiconductors & Semiconductor,Adj,Jan,EPS,CY2027,4.545,4.121,-9.3%,4.731,+14.8%,5.467,+15.6%,165.15,30.2,+20.3%,+94.3%,+109.3%,+182.9%
MRVL,Extended,Technology,Information Technology,Semiconductors & Semiconductor,Adj,Jan,EPS,CY2028,,5.112,,6.187,+21.0%,7.442,+20.3%,165.15,22.2,,+94.3%,+109.3%,+182.9%
AMD,Extended,Technology,Information Technology,Semiconductors & Semiconductor,GAAP,Dec,EPS,CY2025,2.294,2.466,+7.5%,2.531,+2.6%,2.531,+0.0%,354.49,140.1,+10.3%,+65.5%,+49.7%,+264.1%
AMD,Extended,Technology,Information Technology,Semiconductors & Semiconductor,GAAP,Dec,EPS,CY2026,3.857,4.684,+21.4%,4.797,+2.4%,4.923,+2.6%,354.49,72.0,+27.6%,+65.5%,+49.7%,+264.1%
AMD,Extended,Technology,Information Technology,Semiconductors & Semiconductor,GAAP,Dec,EPS,CY2027,5.0,6.987,+39.7%,8.206,+17.4%,9.13,+11.3%,354.49,38.8,+82.6%,+65.5%,+49.7%,+264.1%
AMD,Extended,Technology,Information Technology,Semiconductors & Semiconductor,GAAP,Dec,EPS,CY2028,6.35,8.688,+36.8%,9.308,+7.1%,12.847,+38.0%,354.49,27.6,+102.3%,+65.5%,+49.7%,+264.1%
INTC,Extended,Technology,Information Technology,Semiconductors & Semiconductor,GAAP,Dec,EPS,CY2025,-0.629,-0.028,+95.5%,-0.037,-32.1%,-0.037,+0.0%,94.48,-2553.5,+94.1%,+156.0%,+103.3%,+370.0%
INTC,Extended,Technology,Information Technology,Semiconductors & Semiconductor,GAAP,Dec,EPS,CY2026,0.074,0.215,+190.5%,-0.278,-229.3%,-0.498,-79.1%,94.48,-189.7,-773.0%,+156.0%,+103.3%,+370.0%
INTC,Extended,Technology,Information Technology,Semiconductors & Semiconductor,GAAP,Dec,EPS,CY2027,0.802,0.587,-26.8%,0.275,-53.2%,0.823,+199.3%,94.48,114.8,+2.6%,+156.0%,+103.3%,+370.0%
INTC,Extended,Technology,Information Technology,Semiconductors & Semiconductor,GAAP,Dec,EPS,CY2028,1.96,1.88,-4.1%,0.749,-60.2%,1.555,+107.6%,94.48,60.8,-20.7%,+156.0%,+103.3%,+370.0%
TXN,Extended,Technology,Information Technology,Semiconductors & Semiconductor,GAAP,Dec,EPS,CY2025,5.556,5.481,-1.3%,5.487,+0.1%,5.487,+0.0%,281.08,51.2,-1.2%,+62.0%,+30.4%,+75.6%
TXN,Extended,Technology,Information Technology,Semiconductors & Semiconductor,GAAP,Dec,EPS,CY2026,6.672,6.07,-9.0%,6.391,+5.3%,7.693,+20.4%,281.08,36.5,+15.3%,+62.0%,+30.4%,+75.6%
TXN,Extended,Technology,Information Technology,Semiconductors & Semiconductor,GAAP,Dec,EPS,CY2027,8.205,7.525,-8.3%,7.615,+1.2%,8.906,+17.0%,281.08,31.6,+8.5%,+62.0%,+30.4%,+75.6%
TXN,Extended,Technology,Information Technology,Semiconductors & Semiconductor,GAAP,Dec,EPS,CY2028,10.567,9.922,-6.1%,9.274,-6.5%,10.465,+12.8%,281.08,26.9,-1.0%,+62.0%,+30.4%,+75.6%
ADI,Extended,Technology,Information Technology,Semiconductors & Semiconductor,Adj,Oct,EPS,CY2025,7.247,7.767,+7.2%,7.791,+0.3%,7.791,+0.0%,402.26,51.6,+7.5%,+48.3%,+29.4%,+106.4%
ADI,Extended,Technology,Information Technology,Semiconductors & Semiconductor,Adj,Oct,EPS,CY2026,8.797,9.417,+7.0%,10.021,+6.4%,11.565,+15.4%,402.26,34.8,+31.5%,+48.3%,+29.4%,+106.4%
ADI,Extended,Technology,Information Technology,Semiconductors & Semiconductor,Adj,Oct,EPS,CY2027,10.537,10.962,+4.0%,11.498,+4.9%,13.197,+14.8%,402.26,30.5,+25.2%,+48.3%,+29.4%,+106.4%
ADI,Extended,Technology,Information Technology,Semiconductors & Semiconductor,Adj,Oct,EPS,CY2028,12.528,12.678,+1.2%,13.433,+6.0%,15.347,+14.2%,402.26,26.2,+22.5%,+48.3%,+29.4%,+106.4%
005930,Extended,Technology,Information Technology,Technology Hardware & Equipmen,GAAP,Dec,EPS,CY2025,4747.125,5541.041,+16.7%,6342.644,+14.5%,6342.644,+0.0%,222500.0,35.1,+33.6%,+84.8%,+38.4%,+300.9%
005930,Extended,Technology,Information Technology,Technology Hardware & Equipmen,GAAP,Dec,EPS,CY2026,5939.765,9431.768,+58.8%,20065.555,+112.7%,37652.228,+87.6%,222500.0,5.9,+533.9%,+84.8%,+38.4%,+300.9%
005930,Extended,Technology,Information Technology,Technology Hardware & Equipmen,GAAP,Dec,EPS,CY2027,6734.108,10480.735,+55.6%,24434.591,+133.1%,49100.055,+100.9%,222500.0,4.5,+629.1%,+84.8%,+38.4%,+300.9%
005930,Extended,Technology,Information Technology,Technology Hardware & Equipmen,GAAP,Dec,EPS,CY2028,5946.135,14107.56,+137.3%,30071.004,+113.2%,52059.627,+73.1%,222500.0,4.3,+775.5%,+84.8%,+38.4%,+300.9%
000660,Extended,Technology,Information Technology,Semiconductors & Semiconductor,GAAP,Dec,EPS,CY2025,41073.042,51532.487,+25.5%,57400.366,+11.4%,57400.366,+0.0%,1294000.0,22.5,+39.8%,+98.5%,+43.1%,+629.0%
000660,Extended,Technology,Information Technology,Semiconductors & Semiconductor,GAAP,Dec,EPS,CY2026,45901.919,74494.808,+62.3%,144865.302,+94.5%,272375.425,+88.0%,1294000.0,4.8,+493.4%,+98.5%,+43.1%,+629.0%
000660,Extended,Technology,Information Technology,Semiconductors & Semiconductor,GAAP,Dec,EPS,CY2027,49734.848,82564.831,+66.0%,175049.266,+112.0%,363341.948,+107.6%,1294000.0,3.6,+630.6%,+98.5%,+43.1%,+629.0%
000660,Extended,Technology,Information Technology,Semiconductors & Semiconductor,GAAP,Dec,EPS,CY2028,34178.05,24610.79,-28.0%,213186.112,+766.2%,397762.912,+86.6%,1294000.0,3.3,+1063.8%,+98.5%,+43.1%,+629.0%
STX,Extended,Technology,Information Technology,Technology Hardware & Equipmen,Adj,Jun,EPS,CY2025,7.83,7.948,+1.5%,7.948,+0.0%,7.948,+0.0%,673.64,84.8,+1.5%,+144.6%,+65.2%,+640.0%
STX,Extended,Technology,Information Technology,Technology Hardware & Equipmen,Adj,Jun,EPS,CY2026,9.214,11.349,+23.2%,12.963,+14.2%,14.87,+14.7%,673.64,45.3,+61.4%,+144.6%,+65.2%,+640.0%
STX,Extended,Technology,Information Technology,Technology Hardware & Equipmen,Adj,Jun,EPS,CY2027,10.138,14.487,+42.9%,18.829,+30.0%,26.229,+39.3%,673.64,25.7,+158.7%,+144.6%,+65.2%,+640.0%
STX,Extended,Technology,Information Technology,Technology Hardware & Equipmen,Adj,Jun,EPS,CY2028,9.525,16.215,+70.2%,21.312,+31.4%,36.651,+72.0%,673.64,18.4,+284.8%,+144.6%,+65.2%,+640.0%
WDC,Extended,Technology,Information Technology,Technology Hardware & Equipmen,Adj,Jun,EPS,CY2025,4.957,5.253,+6.0%,5.253,+0.0%,5.253,+0.0%,434.52,82.7,+6.0%,+152.2%,+73.6%,+890.7%
WDC,Extended,Technology,Information Technology,Technology Hardware & Equipmen,Adj,Jun,EPS,CY2026,5.236,7.321,+39.8%,8.599,+17.5%,9.046,+5.2%,434.52,48.0,+72.8%,+152.2%,+73.6%,+890.7%
WDC,Extended,Technology,Information Technology,Technology Hardware & Equipmen,Adj,Jun,EPS,CY2027,5.274,8.606,+63.2%,12.117,+40.8%,14.14,+16.7%,434.52,30.7,+168.1%,+152.2%,+73.6%,+890.7%
WDC,Extended,Technology,Information Technology,Technology Hardware & Equipmen,Adj,Jun,EPS,CY2028,,10.56,,15.669,+48.4%,19.251,+22.9%,434.52,22.6,,+152.2%,+73.6%,+890.7%
SNDK,Extended,Technology,Information Technology,Technology Hardware & Equipmen,Adj,Jun,EPS,CY2025,1.807,2.699,+49.4%,2.699,+0.0%,2.699,+0.0%,1096.51,406.3,+49.4%,+361.9%,+90.3%,+3314.9%
SNDK,Extended,Technology,Information Technology,Technology Hardware & Equipmen,Adj,Jun,EPS,CY2026,5.829,6.857,+17.6%,31.039,+352.7%,45.638,+47.0%,1096.51,24.0,+682.9%,+361.9%,+90.3%,+3314.9%
SNDK,Extended,Technology,Information Technology,Technology Hardware & Equipmen,Adj,Jun,EPS,CY2027,7.366,11.383,+54.5%,71.825,+531.0%,122.557,+70.6%,1096.51,8.9,+1563.8%,+361.9%,+90.3%,+3314.9%
SNDK,Extended,Technology,Information Technology,Technology Hardware & Equipmen,Adj,Jun,EPS,CY2028,8.44,12.563,+48.9%,72.397,+476.3%,111.871,+54.5%,1096.51,9.8,+1225.5%,+361.9%,+90.3%,+3314.9%
CLS,Extended,Technology,Information Technology,Technology Hardware & Equipmen,Adj,Dec,EPS,CY2025,5.062,5.866,+15.9%,5.919,+0.9%,5.919,+0.0%,409.59,69.2,+16.9%,+38.6%,+45.8%,+379.9%
CLS,Extended,Technology,Information Technology,Technology Hardware & Equipmen,Adj,Dec,EPS,CY2026,6.123,8.364,+36.6%,8.846,+5.8%,9.952,+12.5%,409.59,41.2,+62.5%,+38.6%,+45.8%,+379.9%
CLS,Extended,Technology,Information Technology,Technology Hardware & Equipmen,Adj,Dec,EPS,CY2027,7.197,10.643,+47.9%,12.759,+19.9%,14.558,+14.1%,409.59,28.1,+102.3%,+38.6%,+45.8%,+379.9%
CLS,Extended,Technology,Information Technology,Technology Hardware & Equipmen,Adj,Dec,EPS,CY2028,9.35,14.957,+60.0%,15.776,+5.5%,18.406,+16.7%,409.59,22.3,+96.9%,+38.6%,+45.8%,+379.9%
QRVO,Extended,Technology,Information Technology,Semiconductors & Semiconductor,Adj,Mar,EPS,CY2025,5.606,6.205,+10.7%,6.523,+5.1%,6.526,+0.0%,94.22,14.4,+16.4%,+11.5%,+20.6%,+31.5%
QRVO,Extended,Technology,Information Technology,Semiconductors & Semiconductor,Adj,Mar,EPS,CY2026,6.602,6.947,+5.2%,6.765,-2.6%,6.734,-0.5%,94.22,14.0,+2.0%,+11.5%,+20.6%,+31.5%
QRVO,Extended,Technology,Information Technology,Semiconductors & Semiconductor,Adj,Mar,EPS,CY2027,7.755,7.78,+0.3%,8.02,+3.1%,7.952,-0.8%,94.22,11.8,+2.5%,+11.5%,+20.6%,+31.5%
QRVO,Extended,Technology,Information Technology,Semiconductors & Semiconductor,Adj,Mar,EPS,CY2028,7.08,7.285,+2.9%,8.323,+14.2%,8.323,+0.0%,94.22,11.3,+17.6%,+11.5%,+20.6%,+31.5%
SWKS,Extended,Technology,Information Technology,Semiconductors & Semiconductor,Adj,Sep,EPS,CY2025,4.907,5.598,+14.1%,5.598,+0.0%,5.598,+0.0%,70.17,12.5,+14.1%,+10.7%,+25.8%,+9.2%
SWKS,Extended,Technology,Information Technology,Semiconductors & Semiconductor,Adj,Sep,EPS,CY2026,4.08,4.346,+6.5%,4.419,+1.7%,4.682,+6.0%,70.17,15.0,+14.8%,+10.7%,+25.8%,+9.2%
SWKS,Extended,Technology,Information Technology,Semiconductors & Semiconductor,Adj,Sep,EPS,CY2027,5.354,5.356,+0.0%,5.076,-5.2%,5.08,+0.1%,70.17,13.8,-5.1%,+10.7%,+25.8%,+9.2%
SWKS,Extended,Technology,Information Technology,Semiconductors & Semiconductor,Adj,Sep,EPS,CY2028,,5.913,,6.387,+8.0%,6.176,-3.3%,70.17,11.4,,+10.7%,+25.8%,+9.2%
DELL,Extended,Technology,Information Technology,Technology Hardware & Equipmen,Adj,Jan,EPS,CY2025,9.189,9.557,+4.0%,9.955,+4.2%,9.954,-0.0%,208.95,21.0,+8.3%,+66.0%,+82.6%,+127.7%
DELL,Extended,Technology,Information Technology,Technology Hardware & Equipmen,Adj,Jan,EPS,CY2026,10.343,11.283,+9.1%,11.571,+2.6%,13.053,+12.8%,208.95,16.0,+26.2%,+66.0%,+82.6%,+127.7%
DELL,Extended,Technology,Information Technology,Technology Hardware & Equipmen,Adj,Jan,EPS,CY2027,11.238,12.829,+14.2%,13.161,+2.6%,14.918,+13.4%,208.95,14.0,+32.7%,+66.0%,+82.6%,+127.7%
DELL,Extended,Technology,Information Technology,Technology Hardware & Equipmen,Adj,Jan,EPS,CY2028,,14.863,,14.44,-2.8%,16.805,+16.4%,208.95,12.4,,+66.0%,+82.6%,+127.7%
SMCI,Extended,Technology,Information Technology,Technology Hardware & Equipmen,Adj,Jun,EPS,CY2025,2.416,2.09,-13.5%,2.09,+0.0%,2.09,+0.0%,27.4,13.1,-13.5%,-6.4%,-5.9%,-14.0%
SMCI,Extended,Technology,Information Technology,Technology Hardware & Equipmen,Adj,Jun,EPS,CY2026,3.426,2.633,-23.1%,2.101,-20.2%,2.283,+8.7%,27.4,12.0,-33.4%,-6.4%,-5.9%,-14.0%
SMCI,Extended,Technology,Information Technology,Technology Hardware & Equipmen,Adj,Jun,EPS,CY2027,4.516,3.443,-23.8%,3.044,-11.6%,3.026,-0.6%,27.4,9.1,-33.0%,-6.4%,-5.9%,-14.0%
SMCI,Extended,Technology,Information Technology,Technology Hardware & Equipmen,Adj,Jun,EPS,CY2028,,3.78,,3.525,-6.7%,3.646,+3.4%,27.4,7.5,,-6.4%,-5.9%,-14.0%
IBM,Extended,Technology,Information Technology,Software & Services,GAAP,Dec,EPS,CY2025,8.944,9.078,+1.5%,9.025,-0.6%,9.025,+0.0%,230.98,25.6,+0.9%,-22.0%,-24.7%,-4.5%
IBM,Extended,Technology,Information Technology,Software & Services,GAAP,Dec,EPS,CY2026,9.715,10.338,+6.4%,10.606,+2.6%,10.47,-1.3%,230.98,22.1,+7.8%,-22.0%,-24.7%,-4.5%
IBM,Extended,Technology,Information Technology,Software & Services,GAAP,Dec,EPS,CY2027,9.878,10.723,+8.6%,11.303,+5.4%,11.652,+3.1%,230.98,19.8,+18.0%,-22.0%,-24.7%,-4.5%
IBM,Extended,Technology,Information Technology,Software & Services,GAAP,Dec,EPS,CY2028,11.03,10.98,-0.5%,12.668,+15.4%,12.678,+0.1%,230.98,18.2,+14.9%,-22.0%,-24.7%,-4.5%
XRX,Extended,Technology,Information Technology,Technology Hardware & Equipmen,Adj,Dec,EPS,CY2025,0.845,-0.3,-135.5%,-0.39,-30.0%,-0.39,+0.0%,2.25,-5.8,-146.2%,-5.1%,+2.7%,-49.0%
XRX,Extended,Technology,Information Technology,Technology Hardware & Equipmen,Adj,Dec,EPS,CY2026,1.477,1.553,+5.1%,0.835,-46.2%,0.64,-23.4%,2.25,3.5,-56.7%,-5.1%,+2.7%,-49.0%
XRX,Extended,Technology,Information Technology,Technology Hardware & Equipmen,Adj,Dec,EPS,CY2027,1.29,1.825,+41.5%,1.28,-29.9%,1.005,-21.5%,2.25,2.2,-22.1%,-5.1%,+2.7%,-49.0%
XRX,Extended,Technology,Information Technology,Technology Hardware & Equipmen,Adj,Dec,EPS,CY2028,,,,1.05,,1.05,+0.0%,2.25,2.1,,-5.1%,+2.7%,-49.0%
HPE,Extended,Technology,Information Technology,Technology Hardware & Equipmen,Adj,Oct,EPS,CY2025,1.8,1.898,+5.4%,1.895,-0.2%,1.895,+0.0%,28.77,15.2,+5.3%,+19.8%,+33.7%,+77.4%
HPE,Extended,Technology,Information Technology,Technology Hardware & Equipmen,Adj,Oct,EPS,CY2026,2.053,2.399,+16.9%,2.356,-1.8%,2.418,+2.6%,28.77,11.9,+17.8%,+19.8%,+33.7%,+77.4%
HPE,Extended,Technology,Information Technology,Technology Hardware & Equipmen,Adj,Oct,EPS,CY2027,2.294,2.719,+18.5%,2.737,+0.7%,2.716,-0.8%,28.77,10.6,+18.4%,+19.8%,+33.7%,+77.4%
HPE,Extended,Technology,Information Technology,Technology Hardware & Equipmen,Adj,Oct,EPS,CY2028,,2.954,,3.097,+4.8%,3.058,-1.3%,28.77,9.4,,+19.8%,+33.7%,+77.4%
HPQ,Extended,Technology,Information Technology,Technology Hardware & Equipmen,Adj,Oct,EPS,CY2025,3.451,3.116,-9.7%,3.115,-0.0%,3.115,+0.0%,20.86,6.7,-9.7%,-6.4%,+7.3%,-18.4%
HPQ,Extended,Technology,Information Technology,Technology Hardware & Equipmen,Adj,Oct,EPS,CY2026,3.618,3.368,-6.9%,3.055,-9.3%,2.875,-5.9%,20.86,7.3,-20.5%,-6.4%,+7.3%,-18.4%
HPQ,Extended,Technology,Information Technology,Technology Hardware & Equipmen,Adj,Oct,EPS,CY2027,3.494,3.566,+2.1%,3.182,-10.8%,2.959,-7.0%,20.86,7.0,-15.3%,-6.4%,+7.3%,-18.4%
HPQ,Extended,Technology,Information Technology,Technology Hardware & Equipmen,Adj,Oct,EPS,CY2028,,3.755,,3.411,-9.2%,3.32,-2.7%,20.86,6.3,,-6.4%,+7.3%,-18.4%
FLEX,Extended,Technology,Information Technology,Technology Hardware & Equipmen,Adj,Mar,EPS,CY2025,2.844,3.15,+10.8%,3.152,+0.1%,3.246,+3.0%,91.55,28.2,+14.1%,+51.5%,+45.2%,+166.6%
FLEX,Extended,Technology,Information Technology,Technology Hardware & Equipmen,Adj,Mar,EPS,CY2026,3.218,3.552,+10.4%,3.542,-0.3%,3.655,+3.2%,91.55,25.0,+13.6%,+51.5%,+45.2%,+166.6%
FLEX,Extended,Technology,Information Technology,Technology Hardware & Equipmen,Adj,Mar,EPS,CY2027,,3.81,,3.92,+2.9%,4.07,+3.8%,91.55,22.5,,+51.5%,+45.2%,+166.6%
FLEX,Extended,Technology,Information Technology,Technology Hardware & Equipmen,Adj,Mar,EPS,CY2028,,,,,,,,91.55,,,+51.5%,+45.2%,+166.6%
CDW,Extended,Technology,Information Technology,Technology Hardware & Equipmen,Adj,Dec,EPS,CY2025,9.644,9.858,+2.2%,9.897,+0.4%,9.897,+0.0%,136.91,13.8,+2.6%,+0.5%,+8.3%,-14.7%
CDW,Extended,Technology,Information Technology,Technology Hardware & Equipmen,Adj,Dec,EPS,CY2026,10.289,10.513,+2.2%,10.548,+0.3%,10.58,+0.3%,136.91,12.9,+2.8%,+0.5%,+8.3%,-14.7%
CDW,Extended,Technology,Information Technology,Technology Hardware & Equipmen,Adj,Dec,EPS,CY2027,11.152,11.415,+2.4%,11.4,-0.1%,11.304,-0.8%,136.91,12.1,+1.4%,+0.5%,+8.3%,-14.7%
CDW,Extended,Technology,Information Technology,Technology Hardware & Equipmen,Adj,Dec,EPS,CY2028,,12.4,,12.82,+3.4%,12.655,-1.3%,136.91,10.8,,+0.5%,+8.3%,-14.7%
SNX,Extended,Technology,Information Technology,Technology Hardware & Equipmen,Adj,Nov,EPS,CY2025,11.799,13.091,+11.0%,13.094,+0.0%,13.094,+0.0%,228.18,17.4,+11.0%,+51.9%,+43.8%,+105.9%
SNX,Extended,Technology,Information Technology,Technology Hardware & Equipmen,Adj,Nov,EPS,CY2026,13.364,14.569,+9.0%,14.633,+0.4%,16.741,+14.4%,228.18,13.6,+25.3%,+51.9%,+43.8%,+105.9%
SNX,Extended,Technology,Information Technology,Technology Hardware & Equipmen,Adj,Nov,EPS,CY2027,15.148,16.069,+6.1%,16.111,+0.3%,18.126,+12.5%,228.18,12.6,+19.7%,+51.9%,+43.8%,+105.9%
SNX,Extended,Technology,Information Technology,Technology Hardware & Equipmen,Adj,Nov,EPS,CY2028,17.31,17.4,+0.5%,17.84,+2.5%,20.26,+13.6%,228.18,11.3,+17.0%,+51.9%,+43.8%,+105.9%
AVT,Extended,Technology,Information Technology,Technology Hardware & Equipmen,Adj,Jun,EPS,CY2025,3.382,3.367,-0.4%,3.367,+0.0%,3.367,+0.0%,82.51,24.5,-0.4%,+71.6%,+32.2%,+75.6%
AVT,Extended,Technology,Information Technology,Technology Hardware & Equipmen,Adj,Jun,EPS,CY2026,5.355,4.43,-17.3%,4.512,+1.9%,4.9,+8.6%,82.51,16.8,-8.5%,+71.6%,+32.2%,+75.6%
AVT,Extended,Technology,Information Technology,Technology Hardware & Equipmen,Adj,Jun,EPS,CY2027,6.655,6.176,-7.2%,6.413,+3.8%,7.338,+14.4%,82.51,11.2,+10.3%,+71.6%,+32.2%,+75.6%
AVT,Extended,Technology,Information Technology,Technology Hardware & Equipmen,Adj,Jun,EPS,CY2028,7.56,7.345,-2.8%,7.395,+0.7%,8.02,+8.5%,82.51,10.3,+6.1%,+71.6%,+32.2%,+75.6%
ARW,Extended,Technology,Information Technology,Technology Hardware & Equipmen,Adj,Dec,EPS,CY2025,10.243,10.202,-0.4%,10.258,+0.5%,10.258,+0.0%,187.83,18.3,+0.1%,+70.5%,+41.8%,+68.7%
ARW,Extended,Technology,Information Technology,Technology Hardware & Equipmen,Adj,Dec,EPS,CY2026,14.798,11.846,-19.9%,12.01,+1.4%,14.172,+18.0%,187.83,13.3,-4.2%,+70.5%,+41.8%,+68.7%
ARW,Extended,Technology,Information Technology,Technology Hardware & Equipmen,Adj,Dec,EPS,CY2027,15.845,14.3,-9.8%,14.757,+3.2%,16.64,+12.8%,187.83,11.3,+5.0%,+70.5%,+41.8%,+68.7%
ARW,Extended,Technology,Information Technology,Technology Hardware & Equipmen,Adj,Dec,EPS,CY2028,,15.41,,15.41,+0.0%,18.05,+17.1%,187.83,10.4,,+70.5%,+41.8%,+68.7%
BA,Extended,Aerospace / defense,Industrials,Capital Goods,Adj,Dec,EPS,CY2025,-1.496,-8.966,-499.3%,-9.499,-5.9%,-9.499,+0.0%,229.03,-24.1,-535.0%,+5.5%,-2.0%,+25.0%
BA,Extended,Aerospace / defense,Industrials,Capital Goods,Adj,Dec,EPS,CY2026,3.529,2.391,-32.2%,0.849,-64.5%,-0.24,-128.3%,229.03,-954.3,-106.8%,+5.5%,-2.0%,+25.0%
BA,Extended,Aerospace / defense,Industrials,Capital Goods,Adj,Dec,EPS,CY2027,6.405,6.157,-3.9%,5.348,-13.1%,4.413,-17.5%,229.03,51.9,-31.1%,+5.5%,-2.0%,+25.0%
BA,Extended,Aerospace / defense,Industrials,Capital Goods,Adj,Dec,EPS,CY2028,8.441,8.339,-1.2%,8.572,+2.8%,8.352,-2.6%,229.03,27.4,-1.1%,+5.5%,-2.0%,+25.0%
AIR,Extended,Aerospace / defense,Industrials,Capital Goods,Adj,Dec,EPS,CY2025,6.506,6.545,+0.6%,6.367,-2.7%,6.357,-0.2%,174.88,27.5,-2.3%,-11.9%,-9.6%,+18.9%
AIR,Extended,Aerospace / defense,Industrials,Capital Goods,Adj,Dec,EPS,CY2026,7.978,7.991,+0.2%,7.775,-2.7%,7.235,-6.9%,174.88,24.2,-9.3%,-11.9%,-9.6%,+18.9%
AIR,Extended,Aerospace / defense,Industrials,Capital Goods,Adj,Dec,EPS,CY2027,9.425,9.573,+1.6%,9.426,-1.5%,8.684,-7.9%,174.88,20.1,-7.9%,-11.9%,-9.6%,+18.9%
AIR,Extended,Aerospace / defense,Industrials,Capital Goods,Adj,Dec,EPS,CY2028,11.211,11.536,+2.9%,11.498,-0.3%,10.762,-6.4%,174.88,16.2,-4.0%,-11.9%,-9.6%,+18.9%
SAF,Extended,Aerospace / defense,Industrials,Capital Goods,Adj,Dec,EPS,CY2025,7.988,8.236,+3.1%,8.31,+0.9%,8.421,+1.3%,273.0,32.4,+5.4%,-8.2%,-9.3%,+17.2%
SAF,Extended,Aerospace / defense,Industrials,Capital Goods,Adj,Dec,EPS,CY2026,10.012,10.603,+5.9%,10.505,-0.9%,9.97,-5.1%,273.0,27.4,-0.4%,-8.2%,-9.3%,+17.2%
SAF,Extended,Aerospace / defense,Industrials,Capital Goods,Adj,Dec,EPS,CY2027,11.376,12.134,+6.7%,12.147,+0.1%,12.257,+0.9%,273.0,22.3,+7.7%,-8.2%,-9.3%,+17.2%
SAF,Extended,Aerospace / defense,Industrials,Capital Goods,Adj,Dec,EPS,CY2028,12.683,13.678,+7.8%,13.469,-1.5%,13.881,+3.1%,273.0,19.7,+9.4%,-8.2%,-9.3%,+17.2%
RTX,Extended,Aerospace / defense,Industrials,Capital Goods,GAAP,Dec,EPS,CY2025,4.942,5.109,+3.4%,4.874,-4.6%,4.874,+0.0%,176.07,36.1,-1.4%,-4.0%,-12.4%,+39.6%
RTX,Extended,Aerospace / defense,Industrials,Capital Goods,GAAP,Dec,EPS,CY2026,5.677,5.801,+2.2%,5.666,-2.3%,5.751,+1.5%,176.07,30.6,+1.3%,-4.0%,-12.4%,+39.6%
RTX,Extended,Aerospace / defense,Industrials,Capital Goods,GAAP,Dec,EPS,CY2027,6.319,6.644,+5.1%,6.486,-2.4%,6.472,-0.2%,176.07,27.2,+2.4%,-4.0%,-12.4%,+39.6%
RTX,Extended,Aerospace / defense,Industrials,Capital Goods,GAAP,Dec,EPS,CY2028,6.84,7.127,+4.2%,7.181,+0.8%,7.248,+0.9%,176.07,24.3,+6.0%,-4.0%,-12.4%,+39.6%
LMT,Extended,Aerospace / defense,Industrials,Capital Goods,Adj,Dec,EPS,CY2025,27.474,22.469,-18.2%,21.683,-3.5%,21.683,+0.0%,517.97,23.9,-21.1%,+7.1%,-18.3%,+8.4%
LMT,Extended,Aerospace / defense,Industrials,Capital Goods,Adj,Dec,EPS,CY2026,29.747,29.268,-1.6%,29.375,+0.4%,29.787,+1.4%,517.97,17.4,+0.1%,+7.1%,-18.3%,+8.4%
LMT,Extended,Aerospace / defense,Industrials,Capital Goods,Adj,Dec,EPS,CY2027,31.776,31.212,-1.8%,31.587,+1.2%,32.105,+1.6%,517.97,16.1,+1.0%,+7.1%,-18.3%,+8.4%
LMT,Extended,Aerospace / defense,Industrials,Capital Goods,Adj,Dec,EPS,CY2028,32.693,32.78,+0.3%,33.2,+1.3%,34.331,+3.4%,517.97,15.1,+5.0%,+7.1%,-18.3%,+8.4%
GD,Extended,Aerospace / defense,Industrials,Capital Goods,Adj,Dec,EPS,CY2025,14.956,15.342,+2.6%,15.379,+0.2%,15.379,+0.0%,344.3,22.4,+2.8%,+2.3%,-1.9%,+26.5%
GD,Extended,Aerospace / defense,Industrials,Capital Goods,Adj,Dec,EPS,CY2026,16.72,17.201,+2.9%,16.433,-4.5%,16.406,-0.2%,344.3,21.0,-1.9%,+2.3%,-1.9%,+26.5%
GD,Extended,Aerospace / defense,Industrials,Capital Goods,Adj,Dec,EPS,CY2027,18.141,18.823,+3.8%,18.204,-3.3%,18.023,-1.0%,344.3,19.1,-0.7%,+2.3%,-1.9%,+26.5%
GD,Extended,Aerospace / defense,Industrials,Capital Goods,Adj,Dec,EPS,CY2028,19.864,20.714,+4.3%,19.779,-4.5%,19.549,-1.2%,344.3,17.6,-1.6%,+2.3%,-1.9%,+26.5%
NOC,Extended,Aerospace / defense,Industrials,Capital Goods,Adj,Dec,EPS,CY2025,25.352,26.012,+2.6%,26.05,+0.1%,26.05,+0.0%,579.48,22.2,+2.8%,+1.6%,-16.3%,+19.1%
NOC,Extended,Aerospace / defense,Industrials,Capital Goods,Adj,Dec,EPS,CY2026,28.7,28.67,-0.1%,28.244,-1.5%,27.976,-0.9%,579.48,20.7,-2.5%,+1.6%,-16.3%,+19.1%
NOC,Extended,Aerospace / defense,Industrials,Capital Goods,Adj,Dec,EPS,CY2027,30.957,31.071,+0.4%,30.452,-2.0%,30.159,-1.0%,579.48,19.2,-2.6%,+1.6%,-16.3%,+19.1%
NOC,Extended,Aerospace / defense,Industrials,Capital Goods,Adj,Dec,EPS,CY2028,32.864,33.094,+0.7%,32.861,-0.7%,32.721,-0.4%,579.48,17.7,-0.4%,+1.6%,-16.3%,+19.1%
MOG/A,Extended,Aerospace / defense,Industrials,Capital Goods,Adj,Sep,EPS,CY2025,8.208,8.243,+0.4%,8.243,+0.0%,8.243,+0.0%,301.31,36.6,+0.4%,+23.7%,-1.3%,+80.2%
MOG/A,Extended,Aerospace / defense,Industrials,Capital Goods,Adj,Sep,EPS,CY2026,9.525,9.683,+1.7%,10.02,+3.5%,10.363,+3.4%,301.31,29.1,+8.8%,+23.7%,-1.3%,+80.2%
MOG/A,Extended,Aerospace / defense,Industrials,Capital Goods,Adj,Sep,EPS,CY2027,10.883,10.7,-1.7%,11.26,+5.2%,11.615,+3.2%,301.31,25.9,+6.7%,+23.7%,-1.3%,+80.2%
MOG/A,Extended,Aerospace / defense,Industrials,Capital Goods,Adj,Sep,EPS,CY2028,15.01,15.01,+0.0%,14.3,-4.7%,12.35,-13.6%,301.31,24.4,-17.7%,+23.7%,-1.3%,+80.2%
HEI,Extended,Aerospace / defense,Industrials,Capital Goods,Adj,Oct,EPS,CY2025,4.448,4.773,+7.3%,4.782,+0.2%,4.782,+0.0%,269.92,56.4,+7.5%,-16.6%,-18.4%,+7.6%
HEI,Extended,Aerospace / defense,Industrials,Capital Goods,Adj,Oct,EPS,CY2026,4.962,5.366,+8.1%,5.53,+3.1%,5.637,+1.9%,269.92,47.9,+13.6%,-16.6%,-18.4%,+7.6%
HEI,Extended,Aerospace / defense,Industrials,Capital Goods,Adj,Oct,EPS,CY2027,5.586,5.989,+7.2%,6.234,+4.1%,6.308,+1.2%,269.92,42.8,+12.9%,-16.6%,-18.4%,+7.6%
HEI,Extended,Aerospace / defense,Industrials,Capital Goods,Adj,Oct,EPS,CY2028,6.243,6.695,+7.2%,7.03,+5.0%,7.12,+1.3%,269.92,37.9,+14.0%,-16.6%,-18.4%,+7.6%
RR/,Extended,Aerospace / defense,Industrials,Capital Goods,Adj,Dec,EPS,CY2025,0.237,0.289,+21.9%,0.29,+0.3%,0.295,+1.7%,1182.0,40.1,+24.5%,+2.8%,-2.4%,+56.7%
RR/,Extended,Aerospace / defense,Industrials,Capital Goods,Adj,Dec,EPS,CY2026,0.278,0.323,+16.2%,0.325,+0.6%,0.373,+14.8%,1182.0,31.7,+34.2%,+2.8%,-2.4%,+56.7%
RR/,Extended,Aerospace / defense,Industrials,Capital Goods,Adj,Dec,EPS,CY2027,0.32,0.367,+14.7%,0.372,+1.4%,0.434,+16.7%,1182.0,27.2,+35.6%,+2.8%,-2.4%,+56.7%
RR/,Extended,Aerospace / defense,Industrials,Capital Goods,Adj,Dec,EPS,CY2028,0.358,0.411,+14.8%,0.408,-0.7%,0.51,+25.0%,1182.0,23.2,+42.5%,+2.8%,-2.4%,+56.7%
CRS,Extended,Aerospace / defense,Industrials,Capital Goods,Adj,Jun,EPS,CY2025,7.183,7.263,+1.1%,7.263,+0.0%,7.263,+0.0%,428.2,59.0,+1.1%,+36.0%,+34.7%,+118.9%
CRS,Extended,Aerospace / defense,Industrials,Capital Goods,Adj,Jun,EPS,CY2026,8.881,9.869,+11.1%,10.283,+4.2%,10.409,+1.2%,428.2,41.1,+17.2%,+36.0%,+34.7%,+118.9%
CRS,Extended,Aerospace / defense,Industrials,Capital Goods,Adj,Jun,EPS,CY2027,10.998,11.089,+0.8%,12.137,+9.5%,12.374,+2.0%,428.2,34.6,+12.5%,+36.0%,+34.7%,+118.9%
CRS,Extended,Aerospace / defense,Industrials,Capital Goods,Adj,Jun,EPS,CY2028,10.17,12.31,+21.0%,13.915,+13.0%,14.554,+4.6%,428.2,29.4,+43.1%,+36.0%,+34.7%,+118.9%
HWM,Extended,Aerospace / defense,Industrials,Capital Goods,Adj,Dec,EPS,CY2025,3.265,3.652,+11.9%,3.697,+1.2%,3.697,+0.0%,243.04,65.7,+13.2%,+18.5%,+16.8%,+75.4%
HWM,Extended,Aerospace / defense,Industrials,Capital Goods,Adj,Dec,EPS,CY2026,3.915,4.368,+11.6%,4.464,+2.2%,4.64,+3.9%,243.04,52.4,+18.5%,+18.5%,+16.8%,+75.4%
HWM,Extended,Aerospace / defense,Industrials,Capital Goods,Adj,Dec,EPS,CY2027,4.477,5.119,+14.3%,5.229,+2.1%,5.57,+6.5%,243.04,43.6,+24.4%,+18.5%,+16.8%,+75.4%
HWM,Extended,Aerospace / defense,Industrials,Capital Goods,Adj,Dec,EPS,CY2028,4.943,5.817,+17.7%,6.065,+4.3%,6.465,+6.6%,243.04,37.6,+30.8%,+18.5%,+16.8%,+75.4%
WWD,Extended,Aerospace / defense,Industrials,Capital Goods,Adj,Sep,EPS,CY2025,6.26,6.64,+6.1%,6.685,+0.7%,6.685,+0.0%,362.99,54.3,+6.8%,+20.1%,+14.2%,+93.5%
WWD,Extended,Aerospace / defense,Industrials,Capital Goods,Adj,Sep,EPS,CY2026,7.321,7.831,+7.0%,8.038,+2.6%,8.837,+9.9%,362.99,41.1,+20.7%,+20.1%,+14.2%,+93.5%
WWD,Extended,Aerospace / defense,Industrials,Capital Goods,Adj,Sep,EPS,CY2027,8.464,9.078,+7.3%,9.477,+4.4%,10.258,+8.2%,362.99,35.4,+21.2%,+20.1%,+14.2%,+93.5%
WWD,Extended,Aerospace / defense,Industrials,Capital Goods,Adj,Sep,EPS,CY2028,8.395,9.607,+14.4%,11.147,+16.0%,12.126,+8.8%,362.99,29.9,+44.4%,+20.1%,+14.2%,+93.5%
HXL,Extended,Aerospace / defense,Industrials,Capital Goods,Adj,Dec,EPS,CY2025,1.93,1.719,-10.9%,1.696,-1.3%,1.696,+0.0%,93.87,55.3,-12.1%,+27.0%,+13.4%,+93.7%
HXL,Extended,Aerospace / defense,Industrials,Capital Goods,Adj,Dec,EPS,CY2026,2.582,2.371,-8.2%,2.25,-5.1%,2.279,+1.3%,93.87,41.2,-11.7%,+27.0%,+13.4%,+93.7%
HXL,Extended,Aerospace / defense,Industrials,Capital Goods,Adj,Dec,EPS,CY2027,3.228,3.396,+5.2%,3.248,-4.4%,3.188,-1.8%,93.87,29.4,-1.2%,+27.0%,+13.4%,+93.7%
HXL,Extended,Aerospace / defense,Industrials,Capital Goods,Adj,Dec,EPS,CY2028,4.044,4.092,+1.2%,3.875,-5.3%,3.848,-0.7%,93.87,24.4,-4.8%,+27.0%,+13.4%,+93.7%
AL,Extended,Aerospace / defense,Industrials,Capital Goods,Adj,Dec,EPS,CY2025,5.548,5.945,+7.2%,5.94,-0.1%,8.91,+50.0%,65.0,7.3,+60.6%,+1.2%,+0.6%,+39.0%
AL,Extended,Aerospace / defense,Industrials,Capital Goods,Adj,Dec,EPS,CY2026,7.383,7.13,-3.4%,7.195,+0.9%,7.2,+0.1%,65.0,9.0,-2.5%,+1.2%,+0.6%,+39.0%
AL,Extended,Aerospace / defense,Industrials,Capital Goods,Adj,Dec,EPS,CY2027,8.25,8.43,+2.2%,8.17,-3.1%,8.04,-1.6%,65.0,8.1,-2.5%,+1.2%,+0.6%,+39.0%
AL,Extended,Aerospace / defense,Industrials,Capital Goods,Adj,Dec,EPS,CY2028,,,,8.88,,8.55,-3.7%,65.0,7.6,,+1.2%,+0.6%,+39.0%
2588,Extended,Aerospace / defense,Industrials,Capital Goods,Adj,Dec,EPS,CY2025,1.033,1.018,-1.5%,1.036,+1.8%,1.045,+0.9%,79.8,76.4,+1.2%,+9.6%,-1.6%,+37.0%
2588,Extended,Aerospace / defense,Industrials,Capital Goods,Adj,Dec,EPS,CY2026,1.152,1.16,+0.7%,1.175,+1.3%,1.2,+2.1%,79.8,66.5,+4.2%,+9.6%,-1.6%,+37.0%
2588,Extended,Aerospace / defense,Industrials,Capital Goods,Adj,Dec,EPS,CY2027,1.24,1.281,+3.3%,1.286,+0.4%,1.37,+6.5%,79.8,58.2,+10.5%,+9.6%,-1.6%,+37.0%
2588,Extended,Aerospace / defense,Industrials,Capital Goods,Adj,Dec,EPS,CY2028,,,,,,1.506,,79.8,53.0,,+9.6%,-1.6%,+37.0%
FDS,Extended,Data / Information Svc,Financials,Financial Services,Adj,Aug,EPS,CY2025,17.089,17.095,+0.0%,17.095,+0.0%,17.095,+0.0%,227.58,13.3,+0.0%,-21.6%,-10.5%,-47.3%
FDS,Extended,Data / Information Svc,Financials,Financial Services,Adj,Aug,EPS,CY2026,18.357,17.321,-5.6%,17.531,+1.2%,17.709,+1.0%,227.58,12.9,-3.5%,-21.6%,-10.5%,-47.3%
FDS,Extended,Data / Information Svc,Financials,Financial Services,Adj,Aug,EPS,CY2027,19.95,18.781,-5.9%,19.037,+1.4%,19.495,+2.4%,227.58,11.7,-2.3%,-21.6%,-10.5%,-47.3%
FDS,Extended,Data / Information Svc,Financials,Financial Services,Adj,Aug,EPS,CY2028,21.931,20.25,-7.7%,20.814,+2.8%,21.417,+2.9%,227.58,10.6,-2.3%,-21.6%,-10.5%,-47.3%
EXPN,Extended,Data / Information Svc,Industrials,Commercial & Professional Serv,Adj,Mar,EPS,CY2025,1.749,1.759,+0.6%,1.782,+1.3%,1.782,+0.0%,2689.0,15.1,+1.9%,-20.0%,-2.5%,-27.6%
EXPN,Extended,Data / Information Svc,Industrials,Commercial & Professional Serv,Adj,Mar,EPS,CY2026,1.964,1.987,+1.2%,2.023,+1.8%,2.02,-0.1%,2689.0,13.3,+2.9%,-20.0%,-2.5%,-27.6%
EXPN,Extended,Data / Information Svc,Industrials,Commercial & Professional Serv,Adj,Mar,EPS,CY2027,2.25,2.238,-0.5%,2.295,+2.5%,2.294,-0.0%,2689.0,11.7,+2.0%,-20.0%,-2.5%,-27.6%
EXPN,Extended,Data / Information Svc,Industrials,Commercial & Professional Serv,Adj,Mar,EPS,CY2028,2.53,2.494,-1.4%,2.565,+2.8%,2.568,+0.1%,2689.0,10.5,+1.5%,-20.0%,-2.5%,-27.6%
EFX,Extended,Data / Information Svc,Industrials,Commercial & Professional Serv,Adj,Dec,EPS,CY2025,7.606,7.587,-0.2%,7.613,+0.3%,7.618,+0.1%,173.94,22.8,+0.2%,-19.8%,-13.6%,-33.1%
EFX,Extended,Data / Information Svc,Industrials,Commercial & Professional Serv,Adj,Dec,EPS,CY2026,9.316,8.892,-4.6%,8.731,-1.8%,8.607,-1.4%,173.94,20.2,-7.6%,-19.8%,-13.6%,-33.1%
EFX,Extended,Data / Information Svc,Industrials,Commercial & Professional Serv,Adj,Dec,EPS,CY2027,11.949,10.71,-10.4%,10.551,-1.5%,10.284,-2.5%,173.94,16.9,-13.9%,-19.8%,-13.6%,-33.1%
EFX,Extended,Data / Information Svc,Industrials,Commercial & Professional Serv,Adj,Dec,EPS,CY2028,13.875,12.601,-9.2%,12.588,-0.1%,12.394,-1.5%,173.94,14.0,-10.7%,-19.8%,-13.6%,-33.1%
TRU,Extended,Data / Information Svc,Industrials,Commercial & Professional Serv,Adj,Dec,EPS,CY2025,4.087,4.228,+3.4%,4.24,+0.3%,4.24,+0.0%,71.0,16.7,+3.7%,-17.2%,-10.1%,-14.4%
TRU,Extended,Data / Information Svc,Industrials,Commercial & Professional Serv,Adj,Dec,EPS,CY2026,4.787,4.83,+0.9%,4.851,+0.4%,4.76,-1.9%,71.0,14.9,-0.6%,-17.2%,-10.1%,-14.4%
TRU,Extended,Data / Information Svc,Industrials,Commercial & Professional Serv,Adj,Dec,EPS,CY2027,5.672,5.59,-1.4%,5.62,+0.5%,5.531,-1.6%,71.0,12.8,-2.5%,-17.2%,-10.1%,-14.4%
TRU,Extended,Data / Information Svc,Industrials,Commercial & Professional Serv,Adj,Dec,EPS,CY2028,6.448,6.331,-1.8%,6.418,+1.4%,6.448,+0.5%,71.0,11.0,+0.0%,-17.2%,-10.1%,-14.4%
ADP,Extended,Data / Information Svc,Industrials,Commercial & Professional Serv,Adj,Jun,EPS,CY2025,9.977,9.975,-0.0%,9.975,+0.0%,9.975,+0.0%,211.94,21.2,-0.0%,-17.6%,-14.1%,-29.5%
ADP,Extended,Data / Information Svc,Industrials,Commercial & Professional Serv,Adj,Jun,EPS,CY2026,10.869,10.913,+0.4%,10.962,+0.4%,11.047,+0.8%,211.94,19.2,+1.6%,-17.6%,-14.1%,-29.5%
ADP,Extended,Data / Information Svc,Industrials,Commercial & Professional Serv,Adj,Jun,EPS,CY2027,11.815,11.944,+1.1%,11.933,-0.1%,12.127,+1.6%,211.94,17.5,+2.6%,-17.6%,-14.1%,-29.5%
ADP,Extended,Data / Information Svc,Industrials,Commercial & Professional Serv,Adj,Jun,EPS,CY2028,12.65,13.033,+3.0%,12.951,-0.6%,13.117,+1.3%,211.94,16.2,+3.7%,-17.6%,-14.1%,-29.5%
PAYX,Extended,Data / Information Svc,Industrials,Commercial & Professional Serv,Adj,May,EPS,CY2025,4.993,4.996,+0.1%,4.996,+0.0%,4.996,+0.0%,92.63,18.5,+0.1%,-17.4%,-10.2%,-37.0%
PAYX,Extended,Data / Information Svc,Industrials,Commercial & Professional Serv,Adj,May,EPS,CY2026,5.314,5.435,+2.3%,5.483,+0.9%,5.499,+0.3%,92.63,16.8,+3.5%,-17.4%,-10.2%,-37.0%
PAYX,Extended,Data / Information Svc,Industrials,Commercial & Professional Serv,Adj,May,EPS,CY2027,5.684,5.862,+3.1%,5.933,+1.2%,5.915,-0.3%,92.63,15.7,+4.1%,-17.4%,-10.2%,-37.0%
PAYX,Extended,Data / Information Svc,Industrials,Commercial & Professional Serv,Adj,May,EPS,CY2028,5.75,6.19,+7.7%,6.247,+0.9%,6.262,+0.2%,92.63,14.8,+8.9%,-17.4%,-10.2%,-37.0%
PAYC,Extended,Data / Information Svc,Industrials,Commercial & Professional Serv,Adj,Dec,EPS,CY2025,8.681,9.276,+6.9%,9.269,-0.1%,9.269,+0.0%,126.76,13.7,+6.8%,-20.5%,-5.9%,-44.0%
PAYC,Extended,Data / Information Svc,Industrials,Commercial & Professional Serv,Adj,Dec,EPS,CY2026,9.671,10.085,+4.3%,10.045,-0.4%,10.464,+4.2%,126.76,12.1,+8.2%,-20.5%,-5.9%,-44.0%
PAYC,Extended,Data / Information Svc,Industrials,Commercial & Professional Serv,Adj,Dec,EPS,CY2027,11.023,11.217,+1.8%,11.215,-0.0%,11.645,+3.8%,126.76,10.9,+5.6%,-20.5%,-5.9%,-44.0%
PAYC,Extended,Data / Information Svc,Industrials,Commercial & Professional Serv,Adj,Dec,EPS,CY2028,11.99,12.93,+7.8%,12.726,-1.6%,12.721,-0.0%,126.76,10.0,+6.1%,-20.5%,-5.9%,-44.0%
MKTX,Extended,Data / Information Svc,Financials,Financial Services,Adj,Dec,EPS,CY2025,7.548,7.135,-5.5%,7.143,+0.1%,7.143,+0.0%,157.19,22.0,-5.4%,-13.3%,-7.1%,-29.1%
MKTX,Extended,Data / Information Svc,Financials,Financial Services,Adj,Dec,EPS,CY2026,8.555,8.088,-5.5%,8.153,+0.8%,8.197,+0.5%,157.19,19.2,-4.2%,-13.3%,-7.1%,-29.1%
MKTX,Extended,Data / Information Svc,Financials,Financial Services,Adj,Dec,EPS,CY2027,9.952,9.16,-8.0%,9.041,-1.3%,9.026,-0.2%,157.19,17.4,-9.3%,-13.3%,-7.1%,-29.1%
MKTX,Extended,Data / Information Svc,Financials,Financial Services,Adj,Dec,EPS,CY2028,11.18,10.403,-6.9%,10.268,-1.3%,10.225,-0.4%,157.19,15.4,-8.5%,-13.3%,-7.1%,-29.1%
VRSK,Extended,Data / Information Svc,Industrials,Commercial & Professional Serv,Adj,Dec,EPS,CY2025,7.022,6.959,-0.9%,6.941,-0.3%,6.948,+0.1%,184.49,26.6,-1.1%,-17.5%,-15.2%,-37.8%
VRSK,Extended,Data / Information Svc,Industrials,Commercial & Professional Serv,Adj,Dec,EPS,CY2026,7.88,7.736,-1.8%,7.698,-0.5%,7.671,-0.4%,184.49,24.1,-2.7%,-17.5%,-15.2%,-37.8%
VRSK,Extended,Data / Information Svc,Industrials,Commercial & Professional Serv,Adj,Dec,EPS,CY2027,8.773,8.662,-1.3%,8.612,-0.6%,8.658,+0.5%,184.49,21.3,-1.3%,-17.5%,-15.2%,-37.8%
VRSK,Extended,Data / Information Svc,Industrials,Commercial & Professional Serv,Adj,Dec,EPS,CY2028,9.902,9.817,-0.9%,10.73,+9.3%,9.724,-9.4%,184.49,19.0,-1.8%,-17.5%,-15.2%,-37.8%
EXPE,Extended,Travel / tourism,Consumer Discretionary,Consumer Services,Adj,Dec,EPS,CY2025,14.199,14.274,+0.5%,15.234,+6.7%,15.43,+1.3%,248.37,16.1,+8.7%,-12.3%,-6.2%,+58.3%
EXPE,Extended,Travel / tourism,Consumer Discretionary,Consumer Services,Adj,Dec,EPS,CY2026,16.813,16.876,+0.4%,18.343,+8.7%,19.488,+6.2%,248.37,12.7,+15.9%,-12.3%,-6.2%,+58.3%
EXPE,Extended,Travel / tourism,Consumer Discretionary,Consumer Services,Adj,Dec,EPS,CY2027,19.22,18.938,-1.5%,21.601,+14.1%,23.019,+6.6%,248.37,10.8,+19.8%,-12.3%,-6.2%,+58.3%
EXPE,Extended,Travel / tourism,Consumer Discretionary,Consumer Services,Adj,Dec,EPS,CY2028,23.287,21.217,-8.9%,25.661,+20.9%,27.189,+6.0%,248.37,9.1,+16.8%,-12.3%,-6.2%,+58.3%
TRIP,Extended,Travel / tourism,Communication Services,Media & Entertainment,Adj,Dec,EPS,CY2025,1.355,1.391,+2.7%,1.385,-0.4%,1.381,-0.3%,11.13,8.1,+1.9%,-23.6%,-16.3%,-10.6%
TRIP,Extended,Travel / tourism,Communication Services,Media & Entertainment,Adj,Dec,EPS,CY2026,1.581,1.803,+14.0%,1.755,-2.7%,1.396,-20.5%,11.13,8.0,-11.7%,-23.6%,-16.3%,-10.6%
TRIP,Extended,Travel / tourism,Communication Services,Media & Entertainment,Adj,Dec,EPS,CY2027,2.051,2.746,+33.9%,2.235,-18.6%,1.68,-24.8%,11.13,6.6,-18.1%,-23.6%,-16.3%,-10.6%
TRIP,Extended,Travel / tourism,Communication Services,Media & Entertainment,Adj,Dec,EPS,CY2028,2.872,4.186,+45.8%,3.267,-22.0%,2.301,-29.6%,11.13,4.8,-19.9%,-23.6%,-16.3%,-10.6%
UHAL,Extended,Travel / tourism,Industrials,Transportation,Adj,Mar,EPS,CY2025,,0.7,,0.64,-8.6%,0.423,-33.9%,51.36,121.4,,+1.9%,-9.2%,-16.3%
UHAL,Extended,Travel / tourism,Industrials,Transportation,Adj,Mar,EPS,CY2026,,0.72,,1.165,+61.8%,0.997,-14.4%,51.36,51.5,,+1.9%,-9.2%,-16.3%
UHAL,Extended,Travel / tourism,Industrials,Transportation,Adj,Mar,EPS,CY2027,,,,,,,,51.36,,,+1.9%,-9.2%,-16.3%
UHAL,Extended,Travel / tourism,Industrials,Transportation,Adj,Mar,EPS,CY2028,,,,,,,,51.36,,,+1.9%,-9.2%,-16.3%
MGM,Extended,Travel / tourism,Consumer Discretionary,Consumer Services,Adj,Dec,EPS,CY2025,2.184,2.105,-3.6%,2.219,+5.4%,2.219,+0.0%,38.94,17.5,+1.6%,+6.7%,+16.1%,+23.8%
MGM,Extended,Travel / tourism,Consumer Discretionary,Consumer Services,Adj,Dec,EPS,CY2026,2.589,2.12,-18.1%,1.96,-7.5%,1.836,-6.3%,38.94,21.2,-29.1%,+6.7%,+16.1%,+23.8%
MGM,Extended,Travel / tourism,Consumer Discretionary,Consumer Services,Adj,Dec,EPS,CY2027,3.005,2.819,-6.2%,2.446,-13.2%,2.279,-6.8%,38.94,17.1,-24.2%,+6.7%,+16.1%,+23.8%
MGM,Extended,Travel / tourism,Consumer Discretionary,Consumer Services,Adj,Dec,EPS,CY2028,3.493,3.515,+0.6%,3.123,-11.2%,2.829,-9.4%,38.94,13.8,-19.0%,+6.7%,+16.1%,+23.8%
WYNN,Extended,Travel / tourism,Consumer Discretionary,Consumer Services,Adj,Dec,EPS,CY2025,5.254,4.806,-8.5%,4.518,-6.0%,4.518,+0.0%,107.11,23.7,-14.0%,-11.0%,-0.3%,+33.4%
WYNN,Extended,Travel / tourism,Consumer Discretionary,Consumer Services,Adj,Dec,EPS,CY2026,5.49,5.914,+7.7%,5.811,-1.7%,5.501,-5.3%,107.11,19.5,+0.2%,-11.0%,-0.3%,+33.4%
WYNN,Extended,Travel / tourism,Consumer Discretionary,Consumer Services,Adj,Dec,EPS,CY2027,5.402,6.485,+20.0%,6.182,-4.7%,5.743,-7.1%,107.11,18.7,+6.3%,-11.0%,-0.3%,+33.4%
WYNN,Extended,Travel / tourism,Consumer Discretionary,Consumer Services,Adj,Dec,EPS,CY2028,7.92,8.725,+10.2%,7.883,-9.7%,6.881,-12.7%,107.11,15.6,-13.1%,-11.0%,-0.3%,+33.4%
H,Extended,Travel / tourism,Consumer Discretionary,Consumer Services,Adj,Dec,EPS,CY2025,2.897,2.315,-20.1%,1.399,-39.6%,1.329,-5.0%,167.57,126.1,-54.1%,+4.5%,+7.2%,+48.7%
H,Extended,Travel / tourism,Consumer Discretionary,Consumer Services,Adj,Dec,EPS,CY2026,3.975,3.809,-4.2%,3.578,-6.1%,3.23,-9.7%,167.57,51.9,-18.7%,+4.5%,+7.2%,+48.7%
H,Extended,Travel / tourism,Consumer Discretionary,Consumer Services,Adj,Dec,EPS,CY2027,5.013,5.058,+0.9%,4.613,-8.8%,4.567,-1.0%,167.57,36.7,-8.9%,+4.5%,+7.2%,+48.7%
H,Extended,Travel / tourism,Consumer Discretionary,Consumer Services,Adj,Dec,EPS,CY2028,7.725,7.153,-7.4%,6.248,-12.7%,5.603,-10.3%,167.57,29.9,-27.5%,+4.5%,+7.2%,+48.7%
IHG,Extended,Travel / tourism,Consumer Discretionary,Consumer Services,Adj,Dec,EPS,CY2025,4.947,5.029,+1.7%,4.976,-1.1%,4.984,+0.2%,143.1,0.3,+0.7%,+1.7%,+6.2%,+35.0%
IHG,Extended,Travel / tourism,Consumer Discretionary,Consumer Services,Adj,Dec,EPS,CY2026,5.611,5.629,+0.3%,5.618,-0.2%,5.684,+1.2%,143.1,0.3,+1.3%,+1.7%,+6.2%,+35.0%
IHG,Extended,Travel / tourism,Consumer Discretionary,Consumer Services,Adj,Dec,EPS,CY2027,6.31,6.325,+0.2%,6.321,-0.1%,6.435,+1.8%,143.1,0.2,+2.0%,+1.7%,+6.2%,+35.0%
IHG,Extended,Travel / tourism,Consumer Discretionary,Consumer Services,Adj,Dec,EPS,CY2028,6.96,7.24,+4.0%,7.358,+1.6%,7.33,-0.4%,143.1,0.2,+5.3%,+1.7%,+6.2%,+35.0%
AMS,Extended,Travel / tourism,Consumer Discretionary,Consumer Services,Adj,Dec,EPS,CY2025,3.266,3.138,-3.9%,3.131,-0.2%,3.123,-0.3%,49.0,15.7,-4.4%,-22.0%,-13.5%,-29.2%
AMS,Extended,Travel / tourism,Consumer Discretionary,Consumer Services,Adj,Dec,EPS,CY2026,3.685,3.488,-5.3%,3.471,-0.5%,3.388,-2.4%,49.0,14.5,-8.1%,-22.0%,-13.5%,-29.2%
AMS,Extended,Travel / tourism,Consumer Discretionary,Consumer Services,Adj,Dec,EPS,CY2027,4.143,3.889,-6.1%,3.843,-1.2%,3.79,-1.4%,49.0,12.9,-8.5%,-22.0%,-13.5%,-29.2%
AMS,Extended,Travel / tourism,Consumer Discretionary,Consumer Services,Adj,Dec,EPS,CY2028,4.578,4.335,-5.3%,4.194,-3.3%,4.211,+0.4%,49.0,11.6,-8.0%,-22.0%,-13.5%,-29.2%
SABR,Extended,Travel / tourism,Consumer Discretionary,Consumer Services,Adj,Dec,EPS,CY2025,0.149,0.013,-91.3%,-0.064,-592.3%,-0.065,-1.6%,1.83,-28.2,-143.6%,+34.6%,+40.8%,-22.8%
SABR,Extended,Travel / tourism,Consumer Discretionary,Consumer Services,Adj,Dec,EPS,CY2026,0.284,0.254,-10.6%,0.154,-39.4%,0.007,-95.5%,1.83,261.4,-97.5%,+34.6%,+40.8%,-22.8%
SABR,Extended,Travel / tourism,Consumer Discretionary,Consumer Services,Adj,Dec,EPS,CY2027,0.324,0.292,-9.9%,0.193,-33.9%,0.176,-8.8%,1.83,10.4,-45.7%,+34.6%,+40.8%,-22.8%
SABR,Extended,Travel / tourism,Consumer Discretionary,Consumer Services,Adj,Dec,EPS,CY2028,0.467,0.323,-30.8%,0.37,+14.6%,0.196,-47.0%,1.83,9.3,-58.0%,+34.6%,+40.8%,-22.8%
EFN,Extended,Travel / tourism,Industrials,Commercial & Professional Serv,Adj,Dec,EPS,CY2025,1.206,1.24,+2.8%,1.245,+0.4%,1.245,+0.0%,32.43,26.0,+3.2%,-10.0%,-6.0%,+7.4%
EFN,Extended,Travel / tourism,Industrials,Commercial & Professional Serv,Adj,Dec,EPS,CY2026,1.374,1.423,+3.6%,1.417,-0.4%,1.417,+0.0%,32.43,22.9,+3.1%,-10.0%,-6.0%,+7.4%
EFN,Extended,Travel / tourism,Industrials,Commercial & Professional Serv,Adj,Dec,EPS,CY2027,1.56,1.618,+3.7%,1.561,-3.5%,1.568,+0.4%,32.43,20.7,+0.5%,-10.0%,-6.0%,+7.4%
EFN,Extended,Travel / tourism,Industrials,Commercial & Professional Serv,Adj,Dec,EPS,CY2028,,,,,,,,32.43,,,-10.0%,-6.0%,+7.4%
CAR,Extended,Travel / tourism,Industrials,Transportation,Adj,Dec,EPS,CY2025,9.021,2.763,-69.4%,0.389,-85.9%,0.259,-33.4%,180.67,697.6,-97.1%,+40.8%,+57.1%,+95.0%
CAR,Extended,Travel / tourism,Industrials,Transportation,Adj,Dec,EPS,CY2026,14.45,9.988,-30.9%,9.576,-4.1%,4.235,-55.8%,180.67,42.7,-70.7%,+40.8%,+57.1%,+95.0%
CAR,Extended,Travel / tourism,Industrials,Transportation,Adj,Dec,EPS,CY2027,10.003,11.51,+15.1%,10.512,-8.7%,8.113,-22.8%,180.67,22.3,-18.9%,+40.8%,+57.1%,+95.0%
CAR,Extended,Travel / tourism,Industrials,Transportation,Adj,Dec,EPS,CY2028,,20.41,,20.41,+0.0%,8.587,-57.9%,180.67,21.0,,+40.8%,+57.1%,+95.0%
HTZ,Extended,Travel / tourism,Industrials,Transportation,Adj,Dec,EPS,CY2025,-1.275,-1.998,-56.7%,-1.896,+5.1%,-1.896,+0.0%,6.36,-3.4,-48.7%,+23.7%,+29.8%,-6.7%
HTZ,Extended,Travel / tourism,Industrials,Transportation,Adj,Dec,EPS,CY2026,-0.104,-0.593,-470.2%,-0.484,+18.4%,-0.687,-41.9%,6.36,-9.3,-560.6%,+23.7%,+29.8%,-6.7%
HTZ,Extended,Travel / tourism,Industrials,Transportation,Adj,Dec,EPS,CY2027,,0.063,,0.173,+174.6%,0.172,-0.6%,6.36,37.0,,+23.7%,+29.8%,-6.7%
HTZ,Extended,Travel / tourism,Industrials,Transportation,Adj,Dec,EPS,CY2028,,0.22,,0.19,-13.6%,0.438,+130.5%,6.36,14.5,,+23.7%,+29.8%,-6.7%
DAL,Extended,Travel / tourism,Industrials,Transportation,Adj,Dec,EPS,CY2025,5.267,6.032,+14.5%,5.801,-3.8%,5.801,+0.0%,67.99,11.7,+10.1%,-2.0%,+3.2%,+63.3%
DAL,Extended,Travel / tourism,Industrials,Transportation,Adj,Dec,EPS,CY2026,6.562,7.085,+8.0%,7.146,+0.9%,5.453,-23.7%,67.99,12.5,-16.9%,-2.0%,+3.2%,+63.3%
DAL,Extended,Travel / tourism,Industrials,Transportation,Adj,Dec,EPS,CY2027,7.605,7.982,+5.0%,8.145,+2.0%,7.808,-4.1%,67.99,8.7,+2.7%,-2.0%,+3.2%,+63.3%
DAL,Extended,Travel / tourism,Industrials,Transportation,Adj,Dec,EPS,CY2028,8.62,8.757,+1.6%,8.809,+0.6%,8.957,+1.7%,67.99,7.6,+3.9%,-2.0%,+3.2%,+63.3%
UAL,Extended,Travel / tourism,Industrials,Transportation,Adj,Dec,EPS,CY2025,10.103,10.858,+7.5%,10.435,-3.9%,10.435,+0.0%,90.0,8.6,+3.3%,-19.5%,-12.0%,+30.8%
UAL,Extended,Travel / tourism,Industrials,Transportation,Adj,Dec,EPS,CY2026,12.239,13.03,+6.5%,13.375,+2.6%,9.252,-30.8%,90.0,9.7,-24.4%,-19.5%,-12.0%,+30.8%
UAL,Extended,Travel / tourism,Industrials,Transportation,Adj,Dec,EPS,CY2027,13.909,14.568,+4.7%,15.311,+5.1%,14.018,-8.4%,90.0,6.4,+0.8%,-19.5%,-12.0%,+30.8%
UAL,Extended,Travel / tourism,Industrials,Transportation,Adj,Dec,EPS,CY2028,13.68,15.583,+13.9%,16.402,+5.3%,16.502,+0.6%,90.0,5.5,+20.6%,-19.5%,-12.0%,+30.8%
AAL,Extended,Travel / tourism,Industrials,Transportation,Adj,Dec,EPS,CY2025,0.943,0.756,-19.8%,0.512,-32.3%,0.512,+0.0%,11.71,22.9,-45.7%,-23.6%,-12.0%,+17.7%
AAL,Extended,Travel / tourism,Industrials,Transportation,Adj,Dec,EPS,CY2026,1.978,1.877,-5.1%,2.112,+12.5%,-0.037,-101.8%,11.71,-316.5,-101.9%,-23.6%,-12.0%,+17.7%
AAL,Extended,Travel / tourism,Industrials,Transportation,Adj,Dec,EPS,CY2027,2.683,2.477,-7.7%,2.803,+13.2%,2.227,-20.5%,11.71,5.3,-17.0%,-23.6%,-12.0%,+17.7%
AAL,Extended,Travel / tourism,Industrials,Transportation,Adj,Dec,EPS,CY2028,3.705,3.355,-9.4%,3.271,-2.5%,3.153,-3.6%,11.71,3.7,-14.9%,-23.6%,-12.0%,+17.7%
LHA,Extended,Travel / tourism,Industrials,Transportation,Adj,Dec,EPS,CY2025,1.038,1.127,+8.6%,1.092,-3.1%,1.098,+0.5%,7.33,6.7,+5.8%,-12.8%,-15.7%,+16.1%
LHA,Extended,Travel / tourism,Industrials,Transportation,Adj,Dec,EPS,CY2026,1.309,1.263,-3.5%,1.294,+2.5%,1.043,-19.4%,7.33,7.0,-20.3%,-12.8%,-15.7%,+16.1%
LHA,Extended,Travel / tourism,Industrials,Transportation,Adj,Dec,EPS,CY2027,1.507,1.453,-3.6%,1.482,+2.0%,1.362,-8.1%,7.33,5.4,-9.6%,-12.8%,-15.7%,+16.1%
LHA,Extended,Travel / tourism,Industrials,Transportation,Adj,Dec,EPS,CY2028,1.675,1.649,-1.6%,1.668,+1.2%,1.613,-3.3%,7.33,4.5,-3.7%,-12.8%,-15.7%,+16.1%
RYAAY,Extended,Travel / tourism,Industrials,Transportation,Adj,Mar,EPS,CY2025,3.715,4.074,+9.7%,4.194,+2.9%,4.185,-0.2%,54.65,13.1,+12.7%,-24.3%,-22.6%,+14.2%
RYAAY,Extended,Travel / tourism,Industrials,Transportation,Adj,Mar,EPS,CY2026,4.149,4.6,+10.9%,4.9,+6.5%,4.558,-7.0%,54.65,12.0,+9.9%,-24.3%,-22.6%,+14.2%
RYAAY,Extended,Travel / tourism,Industrials,Transportation,Adj,Mar,EPS,CY2027,5.082,5.02,-1.2%,5.326,+6.1%,5.149,-3.3%,54.65,10.6,+1.3%,-24.3%,-22.6%,+14.2%
RYAAY,Extended,Travel / tourism,Industrials,Transportation,Adj,Mar,EPS,CY2028,5.535,5.05,-8.8%,5.823,+15.3%,6.06,+4.1%,54.65,9.0,+9.5%,-24.3%,-22.6%,+14.2%
LUV,Extended,Travel / tourism,Industrials,Transportation,Adj,Dec,EPS,CY2025,1.153,1.074,-6.9%,0.951,-11.5%,0.951,+0.0%,37.92,39.9,-17.5%,-8.3%,-20.2%,+35.6%
LUV,Extended,Travel / tourism,Industrials,Transportation,Adj,Dec,EPS,CY2026,2.557,2.549,-0.3%,3.865,+51.6%,2.694,-30.3%,37.92,14.1,+5.4%,-8.3%,-20.2%,+35.6%
LUV,Extended,Travel / tourism,Industrials,Transportation,Adj,Dec,EPS,CY2027,3.473,3.491,+0.5%,4.734,+35.6%,4.58,-3.3%,37.92,8.3,+31.9%,-8.3%,-20.2%,+35.6%
LUV,Extended,Travel / tourism,Industrials,Transportation,Adj,Dec,EPS,CY2028,3.4,3.843,+13.0%,5.137,+33.7%,5.038,-1.9%,37.92,7.5,+48.2%,-8.3%,-20.2%,+35.6%
ULCC,Extended,Travel / tourism,Industrials,Transportation,Adj,Dec,EPS,CY2025,0.22,-0.701,-418.6%,-0.716,-2.1%,-0.709,+1.0%,3.63,-5.1,-422.3%,-22.9%,-21.8%,+21.8%
ULCC,Extended,Travel / tourism,Industrials,Transportation,Adj,Dec,EPS,CY2026,0.518,0.175,-66.2%,0.105,-40.0%,-1.236,-1277.1%,3.63,-2.9,-338.6%,-22.9%,-21.8%,+21.8%
ULCC,Extended,Travel / tourism,Industrials,Transportation,Adj,Dec,EPS,CY2027,1.083,0.608,-43.9%,0.584,-3.9%,0.09,-84.6%,3.63,40.3,-91.7%,-22.9%,-21.8%,+21.8%
ULCC,Extended,Travel / tourism,Industrials,Transportation,Adj,Dec,EPS,CY2028,0.97,1.01,+4.1%,1.05,+4.0%,0.518,-50.7%,3.63,7.0,-46.6%,-22.9%,-21.8%,+21.8%
MTN,Extended,Travel / tourism,Consumer Discretionary,Consumer Services,Adj,Jul,EPS,CY2025,7.663,7.754,+1.2%,7.754,+0.0%,7.754,+0.0%,127.18,16.4,+1.2%,-4.2%,-4.4%,-8.6%
MTN,Extended,Travel / tourism,Consumer Discretionary,Consumer Services,Adj,Jul,EPS,CY2026,8.088,6.793,-16.0%,6.823,+0.4%,4.728,-30.7%,127.18,26.9,-41.5%,-4.2%,-4.4%,-8.6%
MTN,Extended,Travel / tourism,Consumer Discretionary,Consumer Services,Adj,Jul,EPS,CY2027,8.883,7.812,-12.1%,7.877,+0.8%,6.95,-11.8%,127.18,18.3,-21.8%,-4.2%,-4.4%,-8.6%
MTN,Extended,Travel / tourism,Consumer Discretionary,Consumer Services,Adj,Jul,EPS,CY2028,,8.75,,8.712,-0.4%,7.521,-13.7%,127.18,16.9,,-4.2%,-4.4%,-8.6%
RCL,Extended,Travel / tourism,Consumer Discretionary,Consumer Services,Adj,Dec,EPS,CY2025,15.146,15.649,+3.3%,15.651,+0.0%,15.651,+0.0%,263.76,16.9,+3.3%,-5.4%,-18.8%,+22.7%
RCL,Extended,Travel / tourism,Consumer Discretionary,Consumer Services,Adj,Dec,EPS,CY2026,17.544,17.904,+2.1%,17.919,+0.1%,17.172,-4.2%,263.76,15.4,-2.1%,-5.4%,-18.8%,+22.7%
RCL,Extended,Travel / tourism,Consumer Discretionary,Consumer Services,Adj,Dec,EPS,CY2027,20.046,20.537,+2.4%,20.576,+0.2%,19.938,-3.1%,263.76,13.2,-0.5%,-5.4%,-18.8%,+22.7%
RCL,Extended,Travel / tourism,Consumer Discretionary,Consumer Services,Adj,Dec,EPS,CY2028,22.98,23.144,+0.7%,23.671,+2.3%,22.77,-3.8%,263.76,11.6,-0.9%,-5.4%,-18.8%,+22.7%
CCL,Extended,Travel / tourism,Consumer Discretionary,Consumer Services,Adj,Nov,EPS,CY2025,1.842,2.147,+16.6%,2.135,-0.6%,2.135,+0.0%,26.51,12.4,+15.9%,-13.2%,-11.7%,+44.5%
CCL,Extended,Travel / tourism,Consumer Discretionary,Consumer Services,Adj,Nov,EPS,CY2026,2.106,2.418,+14.8%,2.555,+5.7%,2.264,-11.4%,26.51,11.7,+7.5%,-13.2%,-11.7%,+44.5%
CCL,Extended,Travel / tourism,Consumer Discretionary,Consumer Services,Adj,Nov,EPS,CY2027,2.457,2.759,+12.3%,2.831,+2.6%,2.651,-6.4%,26.51,10.0,+7.9%,-13.2%,-11.7%,+44.5%
CCL,Extended,Travel / tourism,Consumer Discretionary,Consumer Services,Adj,Nov,EPS,CY2028,,3.165,,3.189,+0.8%,3.002,-5.9%,26.51,8.8,,-13.2%,-11.7%,+44.5%
PK,Extended,Travel / tourism,Real Estate,Equity Real Estate Investment,Adj,Dec,EPS,CY2025,0.802,-0.329,-141.0%,-0.319,+3.0%,-0.294,+7.8%,11.47,-39.0,-136.7%,+9.7%,+4.9%,+15.4%
PK,Extended,Travel / tourism,Real Estate,Equity Real Estate Investment,Adj,Dec,EPS,CY2026,0.793,0.51,-35.7%,0.358,-29.8%,0.403,+12.6%,11.47,28.5,-49.2%,+9.7%,+4.9%,+15.4%
PK,Extended,Travel / tourism,Real Estate,Equity Real Estate Investment,Adj,Dec,EPS,CY2027,0.885,0.223,-74.8%,0.367,+64.6%,0.576,+56.9%,11.47,19.9,-34.9%,+9.7%,+4.9%,+15.4%
PK,Extended,Travel / tourism,Real Estate,Equity Real Estate Investment,Adj,Dec,EPS,CY2028,1.073,0.33,-69.2%,0.53,+60.6%,0.918,+73.2%,11.47,12.5,-14.4%,+9.7%,+4.9%,+15.4%
ORCL,Extended,Software,Information Technology,Software & Services,GAAP,May,EPS,CY2025,4.347,4.347,+0.0%,4.347,+0.0%,4.347,+0.0%,161.39,37.1,+0.0%,-17.2%,-1.9%,+14.7%
ORCL,Extended,Software,Information Technology,Software & Services,GAAP,May,EPS,CY2026,4.866,5.086,+4.5%,5.909,+16.2%,5.848,-1.0%,161.39,27.6,+20.2%,-17.2%,-1.9%,+14.7%
ORCL,Extended,Software,Information Technology,Software & Services,GAAP,May,EPS,CY2027,6.245,6.345,+1.6%,6.436,+1.4%,6.261,-2.7%,161.39,25.8,+0.3%,-17.2%,-1.9%,+14.7%
ORCL,Extended,Software,Information Technology,Software & Services,GAAP,May,EPS,CY2028,7.614,9.352,+22.8%,9.052,-3.2%,8.791,-2.9%,161.39,18.4,+15.5%,-17.2%,-1.9%,+14.7%
INTU,Extended,Software,Information Technology,Software & Services,Adj,Jul,EPS,CY2025,19.351,20.096,+3.8%,20.096,+0.0%,20.096,+0.0%,388.5,19.3,+3.8%,-41.4%,-22.1%,-38.1%
INTU,Extended,Software,Information Technology,Software & Services,Adj,Jul,EPS,CY2026,22.143,23.102,+4.3%,23.16,+0.3%,23.198,+0.2%,388.5,16.7,+4.8%,-41.4%,-22.1%,-38.1%
INTU,Extended,Software,Information Technology,Software & Services,Adj,Jul,EPS,CY2027,25.212,26.266,+4.2%,26.395,+0.5%,26.41,+0.1%,388.5,14.7,+4.8%,-41.4%,-22.1%,-38.1%
INTU,Extended,Software,Information Technology,Software & Services,Adj,Jul,EPS,CY2028,28.288,29.943,+5.9%,29.915,-0.1%,29.866,-0.2%,388.5,13.0,+5.6%,-41.4%,-22.1%,-38.1%
SAP,Extended,Software,Information Technology,Software & Services,Adj,Dec,EPS,CY2025,6.194,6.087,-1.7%,6.036,-0.8%,6.036,+0.0%,145.5,24.1,-2.6%,-30.2%,-14.7%,-43.0%
SAP,Extended,Software,Information Technology,Software & Services,Adj,Dec,EPS,CY2026,7.331,7.234,-1.3%,7.203,-0.4%,7.232,+0.4%,145.5,20.1,-1.4%,-30.2%,-14.7%,-43.0%
SAP,Extended,Software,Information Technology,Software & Services,Adj,Dec,EPS,CY2027,8.695,8.643,-0.6%,8.443,-2.3%,8.432,-0.1%,145.5,17.3,-3.0%,-30.2%,-14.7%,-43.0%
SAP,Extended,Software,Information Technology,Software & Services,Adj,Dec,EPS,CY2028,10.276,10.124,-1.5%,9.991,-1.3%,9.795,-2.0%,145.5,14.9,-4.7%,-30.2%,-14.7%,-43.0%
CRWD,Extended,Software,Information Technology,Software & Services,Adj,Jan,EPS,CY2025,3.435,3.674,+7.0%,3.717,+1.2%,3.716,-0.0%,445.75,120.0,+8.2%,-4.9%,+1.0%,+3.9%
CRWD,Extended,Software,Information Technology,Software & Services,Adj,Jan,EPS,CY2026,4.587,4.769,+4.0%,4.793,+0.5%,4.864,+1.5%,445.75,91.6,+6.0%,-4.9%,+1.0%,+3.9%
CRWD,Extended,Software,Information Technology,Software & Services,Adj,Jan,EPS,CY2027,6.188,6.1,-1.4%,6.139,+0.6%,6.187,+0.8%,445.75,72.0,-0.0%,-4.9%,+1.0%,+3.9%
CRWD,Extended,Software,Information Technology,Software & Services,Adj,Jan,EPS,CY2028,8.592,7.857,-8.6%,7.97,+1.4%,8.073,+1.3%,445.75,55.2,-6.0%,-4.9%,+1.0%,+3.9%
PLTR,Extended,Software,Information Technology,Software & Services,GAAP,Dec,EPS,CY2025,0.316,0.426,+34.8%,0.566,+32.9%,0.566,+0.0%,139.11,245.8,+79.1%,-21.7%,-5.1%,+17.5%
PLTR,Extended,Software,Information Technology,Software & Services,GAAP,Dec,EPS,CY2026,0.412,0.561,+36.2%,0.777,+38.5%,1.117,+43.8%,139.11,124.5,+171.1%,-21.7%,-5.1%,+17.5%
PLTR,Extended,Software,Information Technology,Software & Services,GAAP,Dec,EPS,CY2027,0.67,0.815,+21.6%,1.096,+34.5%,1.604,+46.4%,139.11,86.7,+139.4%,-21.7%,-5.1%,+17.5%
PLTR,Extended,Software,Information Technology,Software & Services,GAAP,Dec,EPS,CY2028,,1.423,,1.658,+16.5%,2.278,+37.4%,139.11,61.1,,-21.7%,-5.1%,+17.5%
PANW,Extended,Software,Information Technology,Software & Services,Adj,Jul,EPS,CY2025,3.228,3.275,+1.5%,3.275,+0.0%,3.275,+0.0%,179.32,54.8,+1.5%,-2.6%,+1.3%,-4.1%
PANW,Extended,Software,Information Technology,Software & Services,Adj,Jul,EPS,CY2026,3.674,3.813,+3.8%,3.867,+1.4%,3.697,-4.4%,179.32,48.5,+0.6%,-2.6%,+1.3%,-4.1%
PANW,Extended,Software,Information Technology,Software & Services,Adj,Jul,EPS,CY2027,4.268,4.307,+0.9%,4.334,+0.6%,3.982,-8.1%,179.32,45.0,-6.7%,-2.6%,+1.3%,-4.1%
PANW,Extended,Software,Information Technology,Software & Services,Adj,Jul,EPS,CY2028,5.152,4.892,-5.0%,4.886,-0.1%,4.637,-5.1%,179.32,38.7,-10.0%,-2.6%,+1.3%,-4.1%
FTNT,Extended,Software,Information Technology,Software & Services,Adj,Dec,EPS,CY2025,2.449,2.521,+2.9%,2.693,+6.8%,2.693,+0.0%,84.31,31.3,+10.0%,+6.2%,+3.8%,-18.7%
FTNT,Extended,Software,Information Technology,Software & Services,Adj,Dec,EPS,CY2026,2.809,2.789,-0.7%,2.941,+5.4%,2.979,+1.3%,84.31,28.3,+6.1%,+6.2%,+3.8%,-18.7%
FTNT,Extended,Software,Information Technology,Software & Services,Adj,Dec,EPS,CY2027,3.251,3.091,-4.9%,3.263,+5.6%,3.309,+1.4%,84.31,25.5,+1.8%,+6.2%,+3.8%,-18.7%
FTNT,Extended,Software,Information Technology,Software & Services,Adj,Dec,EPS,CY2028,3.61,3.346,-7.3%,3.472,+3.8%,3.721,+7.2%,84.31,22.7,+3.1%,+6.2%,+3.8%,-18.7%
TEAM,Extended,Software,Information Technology,Software & Services,Adj,Jun,EPS,CY2025,3.498,3.563,+1.9%,3.563,+0.0%,3.563,+0.0%,68.59,19.3,+1.9%,-57.7%,-42.0%,-70.0%
TEAM,Extended,Software,Information Technology,Software & Services,Adj,Jun,EPS,CY2026,4.223,4.843,+14.7%,4.895,+1.1%,4.715,-3.7%,68.59,14.5,+11.7%,-57.7%,-42.0%,-70.0%
TEAM,Extended,Software,Information Technology,Software & Services,Adj,Jun,EPS,CY2027,5.265,5.609,+6.5%,5.643,+0.6%,5.521,-2.2%,68.59,12.4,+4.9%,-57.7%,-42.0%,-70.0%
TEAM,Extended,Software,Information Technology,Software & Services,Adj,Jun,EPS,CY2028,6.456,6.794,+5.2%,6.83,+0.5%,6.585,-3.6%,68.59,10.4,+2.0%,-57.7%,-42.0%,-70.0%
TYL,Extended,Software,Information Technology,Software & Services,Adj,Dec,EPS,CY2025,11.179,11.415,+2.1%,11.414,-0.0%,11.413,-0.0%,341.14,29.9,+2.1%,-24.9%,-7.7%,-37.2%
TYL,Extended,Software,Information Technology,Software & Services,Adj,Dec,EPS,CY2026,12.379,12.569,+1.5%,12.555,-0.1%,12.582,+0.2%,341.14,27.1,+1.6%,-24.9%,-7.7%,-37.2%
TYL,Extended,Software,Information Technology,Software & Services,Adj,Dec,EPS,CY2027,13.994,14.322,+2.3%,14.321,-0.0%,14.181,-1.0%,341.14,24.1,+1.3%,-24.9%,-7.7%,-37.2%
TYL,Extended,Software,Information Technology,Software & Services,Adj,Dec,EPS,CY2028,15.763,15.897,+0.9%,15.892,-0.0%,16.02,+0.8%,341.14,21.3,+1.6%,-24.9%,-7.7%,-37.2%
BLKB,Extended,Software,Information Technology,Software & Services,Adj,Dec,EPS,CY2025,4.263,4.47,+4.9%,4.415,-1.2%,4.415,+0.0%,37.17,8.4,+3.6%,-41.3%,-30.8%,-38.6%
BLKB,Extended,Software,Information Technology,Software & Services,Adj,Dec,EPS,CY2026,4.557,4.923,+8.0%,4.87,-1.1%,5.194,+6.7%,37.17,7.2,+14.0%,-41.3%,-30.8%,-38.6%
BLKB,Extended,Software,Information Technology,Software & Services,Adj,Dec,EPS,CY2027,4.43,5.193,+17.2%,5.302,+2.1%,5.866,+10.6%,37.17,6.3,+32.4%,-41.3%,-30.8%,-38.6%
BLKB,Extended,Software,Information Technology,Software & Services,Adj,Dec,EPS,CY2028,5.16,5.21,+1.0%,5.21,+0.0%,6.06,+16.3%,37.17,6.1,+17.4%,-41.3%,-30.8%,-38.6%
TWLO,Extended,Software,Information Technology,Software & Services,Adj,Dec,EPS,CY2025,4.343,4.803,+10.6%,4.797,-0.1%,4.797,+0.0%,148.06,30.9,+10.5%,+4.1%,+22.9%,+53.1%
TWLO,Extended,Software,Information Technology,Software & Services,Adj,Dec,EPS,CY2026,5.102,5.435,+6.5%,5.435,+0.0%,5.397,-0.7%,148.06,27.4,+5.8%,+4.1%,+22.9%,+53.1%
TWLO,Extended,Software,Information Technology,Software & Services,Adj,Dec,EPS,CY2027,6.061,6.258,+3.3%,6.253,-0.1%,6.338,+1.4%,148.06,23.4,+4.6%,+4.1%,+22.9%,+53.1%
TWLO,Extended,Software,Information Technology,Software & Services,Adj,Dec,EPS,CY2028,,6.843,,6.958,+1.7%,7.177,+3.1%,148.06,20.6,,+4.1%,+22.9%,+53.1%
DBX,Extended,Software,Information Technology,Software & Services,Adj,Dec,EPS,CY2025,2.567,2.707,+5.5%,2.793,+3.2%,2.793,+0.0%,24.29,8.7,+8.8%,-12.6%,-4.7%,-14.9%
DBX,Extended,Software,Information Technology,Software & Services,Adj,Dec,EPS,CY2026,2.802,2.915,+4.0%,2.97,+1.9%,2.935,-1.2%,24.29,8.3,+4.7%,-12.6%,-4.7%,-14.9%
DBX,Extended,Software,Information Technology,Software & Services,Adj,Dec,EPS,CY2027,2.91,3.135,+7.7%,3.08,-1.8%,3.293,+6.9%,24.29,7.4,+13.2%,-12.6%,-4.7%,-14.9%
DBX,Extended,Software,Information Technology,Software & Services,Adj,Dec,EPS,CY2028,2.94,2.8,-4.8%,2.66,-5.0%,3.417,+28.5%,24.29,7.1,+16.2%,-12.6%,-4.7%,-14.9%
BOX,Extended,Software,Information Technology,Software & Services,Adj,Jan,EPS,CY2025,1.19,1.287,+8.2%,1.323,+2.8%,1.323,+0.0%,24.2,18.3,+11.2%,-19.1%,-4.5%,-22.5%
BOX,Extended,Software,Information Technology,Software & Services,Adj,Jan,EPS,CY2026,1.491,1.461,-2.0%,1.528,+4.6%,1.648,+7.9%,24.2,14.7,+10.5%,-19.1%,-4.5%,-22.5%
BOX,Extended,Software,Information Technology,Software & Services,Adj,Jan,EPS,CY2027,2.093,1.948,-6.9%,1.65,-15.3%,1.834,+11.2%,24.2,13.2,-12.4%,-19.1%,-4.5%,-22.5%
BOX,Extended,Software,Information Technology,Software & Services,Adj,Jan,EPS,CY2028,3.23,3.36,+4.0%,3.41,+1.5%,2.283,-33.0%,24.2,10.6,-29.3%,-19.1%,-4.5%,-22.5%
ZM,Extended,Software,Information Technology,Software & Services,Adj,Jan,EPS,CY2025,5.371,5.883,+9.5%,6.052,+2.9%,6.052,+0.0%,97.15,16.1,+12.7%,+12.6%,+5.5%,+25.3%
ZM,Extended,Software,Information Technology,Software & Services,Adj,Jan,EPS,CY2026,5.39,5.921,+9.9%,6.06,+2.3%,5.81,-4.1%,97.15,16.7,+7.8%,+12.6%,+5.5%,+25.3%
ZM,Extended,Software,Information Technology,Software & Services,Adj,Jan,EPS,CY2027,5.504,6.189,+12.4%,6.266,+1.2%,6.151,-1.8%,97.15,15.8,+11.8%,+12.6%,+5.5%,+25.3%
ZM,Extended,Software,Information Technology,Software & Services,Adj,Jan,EPS,CY2028,5.351,6.203,+15.9%,6.302,+1.6%,6.401,+1.6%,97.15,15.2,+19.6%,+12.6%,+5.5%,+25.3%
AXON,Extended,Software,Industrials,Capital Goods,Adj,Dec,EPS,CY2025,6.106,6.786,+11.1%,6.303,-7.1%,6.303,+0.0%,401.76,63.7,+3.2%,-29.3%,-16.9%,-34.5%
AXON,Extended,Software,Industrials,Capital Goods,Adj,Dec,EPS,CY2026,7.477,7.928,+6.0%,7.671,-3.2%,7.807,+1.8%,401.76,51.5,+4.4%,-29.3%,-16.9%,-34.5%
AXON,Extended,Software,Industrials,Capital Goods,Adj,Dec,EPS,CY2027,8.8,9.835,+11.8%,9.702,-1.4%,10.524,+8.5%,401.76,38.2,+19.6%,-29.3%,-16.9%,-34.5%
AXON,Extended,Software,Industrials,Capital Goods,Adj,Dec,EPS,CY2028,,12.16,,12.22,+0.5%,13.977,+14.4%,401.76,28.7,,-29.3%,-16.9%,-34.5%
UPLD,Extended,Software,Information Technology,Software & Services,Adj,Dec,EPS,CY2025,0.747,0.717,-4.0%,0.833,+16.2%,0.833,+0.0%,0.625,0.8,+11.5%,-56.3%,-53.0%,-74.1%
UPLD,Extended,Software,Information Technology,Software & Services,Adj,Dec,EPS,CY2026,0.81,0.677,-16.4%,0.757,+11.8%,0.7,-7.5%,0.625,0.9,-13.6%,-56.3%,-53.0%,-74.1%
UPLD,Extended,Software,Information Technology,Software & Services,Adj,Dec,EPS,CY2027,,,,0.81,,0.86,+6.2%,0.625,0.7,,-56.3%,-53.0%,-74.1%
UPLD,Extended,Software,Information Technology,Software & Services,Adj,Dec,EPS,CY2028,,,,,,,,0.625,,,-56.3%,-53.0%,-74.1%
SNOW,Extended,Software,Information Technology,Software & Services,Adj,Jan,EPS,CY2025,1.159,1.2,+3.5%,1.21,+0.8%,1.209,-0.1%,136.47,112.9,+4.3%,-37.8%,-29.2%,-14.4%
SNOW,Extended,Software,Information Technology,Software & Services,Adj,Jan,EPS,CY2026,1.597,1.636,+2.4%,1.641,+0.3%,1.807,+10.1%,136.47,75.5,+13.1%,-37.8%,-29.2%,-14.4%
SNOW,Extended,Software,Information Technology,Software & Services,Adj,Jan,EPS,CY2027,2.241,2.366,+5.6%,2.285,-3.4%,2.461,+7.7%,136.47,55.5,+9.8%,-37.8%,-29.2%,-14.4%
SNOW,Extended,Software,Information Technology,Software & Services,Adj,Jan,EPS,CY2028,3.328,3.575,+7.4%,3.488,-2.4%,3.357,-3.8%,136.47,40.7,+0.9%,-37.8%,-29.2%,-14.4%
BILL,Extended,Software,Information Technology,Software & Services,Adj,Jun,EPS,CY2025,1.963,2.118,+7.9%,2.118,+0.0%,2.118,+0.0%,38.0,17.9,+7.9%,-30.3%,-12.0%,-16.6%
BILL,Extended,Software,Information Technology,Software & Services,Adj,Jun,EPS,CY2026,2.142,2.145,+0.1%,2.232,+4.1%,2.394,+7.3%,38.0,15.9,+11.8%,-30.3%,-12.0%,-16.6%
BILL,Extended,Software,Information Technology,Software & Services,Adj,Jun,EPS,CY2027,2.752,2.567,-6.7%,2.592,+1.0%,2.729,+5.3%,38.0,13.9,-0.8%,-30.3%,-12.0%,-16.6%
BILL,Extended,Software,Information Technology,Software & Services,Adj,Jun,EPS,CY2028,3.908,3.252,-16.8%,3.211,-1.3%,3.269,+1.8%,38.0,11.6,-16.4%,-30.3%,-12.0%,-16.6%
WIX,Extended,Software,Information Technology,Software & Services,Adj,Dec,EPS,CY2025,7.415,6.922,-6.6%,6.946,+0.3%,6.952,+0.1%,74.69,10.7,-6.2%,-28.1%,-14.0%,-56.0%
WIX,Extended,Software,Information Technology,Software & Services,Adj,Dec,EPS,CY2026,9.064,7.76,-14.4%,6.507,-16.1%,6.889,+5.9%,74.69,10.8,-24.0%,-28.1%,-14.0%,-56.0%
WIX,Extended,Software,Information Technology,Software & Services,Adj,Dec,EPS,CY2027,11.407,9.651,-15.4%,7.706,-20.2%,8.702,+12.9%,74.69,8.6,-23.7%,-28.1%,-14.0%,-56.0%
WIX,Extended,Software,Information Technology,Software & Services,Adj,Dec,EPS,CY2028,15.013,13.216,-12.0%,9.83,-25.6%,9.593,-2.4%,74.69,7.8,-36.1%,-28.1%,-14.0%,-56.0%
DOCU,Extended,Software,Information Technology,Software & Services,Adj,Jan,EPS,CY2025,3.504,3.684,+5.1%,3.784,+2.7%,3.793,+0.2%,45.99,12.1,+8.2%,-32.8%,-12.5%,-43.7%
DOCU,Extended,Software,Information Technology,Software & Services,Adj,Jan,EPS,CY2026,3.83,4.039,+5.5%,4.125,+2.1%,4.441,+7.7%,45.99,10.4,+16.0%,-32.8%,-12.5%,-43.7%
DOCU,Extended,Software,Information Technology,Software & Services,Adj,Jan,EPS,CY2027,4.239,4.467,+5.4%,4.526,+1.3%,5.06,+11.8%,45.99,9.1,+19.4%,-32.8%,-12.5%,-43.7%
DOCU,Extended,Software,Information Technology,Software & Services,Adj,Jan,EPS,CY2028,4.43,4.527,+2.2%,4.59,+1.4%,5.436,+18.4%,45.99,8.5,+22.7%,-32.8%,-12.5%,-43.7%
DDOG,Extended,Software,Information Technology,Software & Services,Adj,Dec,EPS,CY2025,1.701,1.839,+8.1%,2.016,+9.6%,2.016,+0.0%,132.19,65.6,+18.5%,-2.8%,+2.2%,+29.4%
DDOG,Extended,Software,Information Technology,Software & Services,Adj,Dec,EPS,CY2026,2.183,2.245,+2.8%,2.397,+6.8%,2.202,-8.1%,132.19,60.0,+0.9%,-2.8%,+2.2%,+29.4%
DDOG,Extended,Software,Information Technology,Software & Services,Adj,Dec,EPS,CY2027,2.77,2.846,+2.7%,2.946,+3.5%,2.712,-7.9%,132.19,48.7,-2.1%,-2.8%,+2.2%,+29.4%
DDOG,Extended,Software,Information Technology,Software & Services,Adj,Dec,EPS,CY2028,3.543,3.648,+3.0%,3.898,+6.9%,3.337,-14.4%,132.19,39.6,-5.8%,-2.8%,+2.2%,+29.4%
MDB,Extended,Software,Information Technology,Software & Services,Adj,Jan,EPS,CY2025,2.589,3.729,+44.0%,4.8,+28.7%,4.805,+0.1%,250.83,52.2,+85.6%,-40.2%,-32.5%,+45.7%
MDB,Extended,Software,Information Technology,Software & Services,Adj,Jan,EPS,CY2026,3.446,4.4,+27.7%,5.703,+29.6%,5.865,+2.8%,250.83,42.8,+70.2%,-40.2%,-32.5%,+45.7%
MDB,Extended,Software,Information Technology,Software & Services,Adj,Jan,EPS,CY2027,4.571,5.454,+19.3%,6.901,+26.5%,7.065,+2.4%,250.83,35.5,+54.6%,-40.2%,-32.5%,+45.7%
MDB,Extended,Software,Information Technology,Software & Services,Adj,Jan,EPS,CY2028,5.362,6.492,+21.1%,8.158,+25.7%,8.553,+4.8%,250.83,29.3,+59.5%,-40.2%,-32.5%,+45.7%
ESTC,Extended,Software,Information Technology,Software & Services,Adj,Apr,EPS,CY2025,1.952,1.952,+0.0%,1.952,+0.0%,1.952,+0.0%,46.43,23.8,+0.0%,-38.5%,-29.6%,-46.1%
ESTC,Extended,Software,Information Technology,Software & Services,Adj,Apr,EPS,CY2026,2.152,2.35,+9.2%,2.45,+4.3%,2.524,+3.0%,46.43,18.4,+17.3%,-38.5%,-29.6%,-46.1%
ESTC,Extended,Software,Information Technology,Software & Services,Adj,Apr,EPS,CY2027,2.53,2.734,+8.1%,2.814,+2.9%,2.94,+4.5%,46.43,15.8,+16.2%,-38.5%,-29.6%,-46.1%
ESTC,Extended,Software,Information Technology,Software & Services,Adj,Apr,EPS,CY2028,3.53,3.255,-7.8%,3.185,-2.2%,3.47,+8.9%,46.43,13.4,-1.7%,-38.5%,-29.6%,-46.1%
DT,Extended,Software,Information Technology,Software & Services,Adj,Mar,EPS,CY2025,1.534,1.605,+4.6%,1.634,+1.8%,1.685,+3.1%,36.21,21.5,+9.8%,-16.5%,-4.9%,-22.9%
DT,Extended,Software,Information Technology,Software & Services,Adj,Mar,EPS,CY2026,1.765,1.809,+2.5%,1.839,+1.7%,1.908,+3.8%,36.21,19.0,+8.1%,-16.5%,-4.9%,-22.9%
DT,Extended,Software,Information Technology,Software & Services,Adj,Mar,EPS,CY2027,1.99,2.063,+3.7%,2.11,+2.3%,2.202,+4.4%,36.21,16.4,+10.7%,-16.5%,-4.9%,-22.9%
DT,Extended,Software,Information Technology,Software & Services,Adj,Mar,EPS,CY2028,2.36,2.425,+2.8%,2.424,-0.0%,2.516,+3.8%,36.21,14.4,+6.6%,-16.5%,-4.9%,-22.9%
GTM,Extended,Software,Communication Services,Media & Entertainment,Adj,Dec,EPS,CY2025,0.955,0.974,+2.0%,1.046,+7.4%,1.046,+0.0%,6.25,6.0,+9.5%,-38.5%,-22.4%,-27.0%
GTM,Extended,Software,Communication Services,Media & Entertainment,Adj,Dec,EPS,CY2026,0.984,1.019,+3.6%,1.108,+8.7%,1.111,+0.3%,6.25,5.6,+12.9%,-38.5%,-22.4%,-27.0%
GTM,Extended,Software,Communication Services,Media & Entertainment,Adj,Dec,EPS,CY2027,1.049,1.091,+4.0%,1.198,+9.8%,1.163,-2.9%,6.25,5.4,+10.9%,-38.5%,-22.4%,-27.0%
GTM,Extended,Software,Communication Services,Media & Entertainment,Adj,Dec,EPS,CY2028,1.08,1.14,+5.6%,1.258,+10.4%,1.278,+1.6%,6.25,4.9,+18.3%,-38.5%,-22.4%,-27.0%
RAMP,Extended,Software,Information Technology,Software & Services,Adj,Mar,EPS,CY2025,1.857,2.237,+20.5%,2.207,-1.3%,2.229,+1.0%,29.23,13.1,+20.0%,-0.5%,+20.0%,+11.7%
RAMP,Extended,Software,Information Technology,Software & Services,Adj,Mar,EPS,CY2026,2.57,2.567,-0.1%,2.622,+2.1%,2.814,+7.3%,29.23,10.4,+9.5%,-0.5%,+20.0%,+11.7%
RAMP,Extended,Software,Information Technology,Software & Services,Adj,Mar,EPS,CY2027,,2.86,,3.07,+7.3%,3.473,+13.1%,29.23,8.4,,-0.5%,+20.0%,+11.7%
RAMP,Extended,Software,Information Technology,Software & Services,Adj,Mar,EPS,CY2028,,2.895,,2.97,+2.6%,3.17,+6.7%,29.23,9.2,,-0.5%,+20.0%,+11.7%
PAR,Extended,Software,Information Technology,Software & Services,Adj,Dec,EPS,CY2025,-0.396,-0.897,-126.5%,0.126,+114.0%,0.126,+0.0%,13.44,106.7,+131.8%,-63.0%,-48.7%,-77.0%
PAR,Extended,Software,Information Technology,Software & Services,Adj,Dec,EPS,CY2026,0.508,-0.028,-105.5%,0.044,+257.1%,-0.107,-343.2%,13.44,-125.6,-121.1%,-63.0%,-48.7%,-77.0%
PAR,Extended,Software,Information Technology,Software & Services,Adj,Dec,EPS,CY2027,0.02,0.867,+4235.0%,0.603,-30.4%,0.563,-6.6%,13.44,23.9,+2715.0%,-63.0%,-48.7%,-77.0%
PAR,Extended,Software,Information Technology,Software & Services,Adj,Dec,EPS,CY2028,,,,,,-0.24,,13.44,-56.0,,-63.0%,-48.7%,-77.0%
FSLY,Extended,Software,Information Technology,Software & Services,Adj,Dec,EPS,CY2025,-0.11,-0.065,+40.9%,0.053,+181.5%,0.052,-1.9%,25.255,485.7,+147.3%,+148.1%,+173.0%,+339.2%
FSLY,Extended,Software,Information Technology,Software & Services,Adj,Dec,EPS,CY2026,-0.099,0.046,+146.5%,0.132,+187.0%,0.274,+107.6%,25.255,92.2,+376.8%,+148.1%,+173.0%,+339.2%
FSLY,Extended,Software,Information Technology,Software & Services,Adj,Dec,EPS,CY2027,-0.21,0.145,+169.0%,0.195,+34.5%,0.37,+89.7%,25.255,68.3,+276.2%,+148.1%,+173.0%,+339.2%
FSLY,Extended,Software,Information Technology,Software & Services,Adj,Dec,EPS,CY2028,,0.15,,0.2,+33.3%,0.46,+130.0%,25.255,54.9,,+148.1%,+173.0%,+339.2%
ASAN,Extended,Software,Information Technology,Software & Services,Adj,Jan,EPS,CY2025,0.192,0.237,+23.4%,0.257,+8.4%,0.257,+0.0%,6.32,24.6,+33.9%,-53.9%,-38.3%,-60.8%
ASAN,Extended,Software,Information Technology,Software & Services,Adj,Jan,EPS,CY2026,0.344,0.336,-2.3%,0.361,+7.4%,0.366,+1.4%,6.32,17.3,+6.4%,-53.9%,-38.3%,-60.8%
ASAN,Extended,Software,Information Technology,Software & Services,Adj,Jan,EPS,CY2027,0.477,0.45,-5.7%,0.471,+4.7%,0.455,-3.4%,6.32,13.9,-4.6%,-53.9%,-38.3%,-60.8%
ASAN,Extended,Software,Information Technology,Software & Services,Adj,Jan,EPS,CY2028,,0.49,,0.54,+10.2%,0.562,+4.1%,6.32,11.2,,-53.9%,-38.3%,-60.8%
APPN,Extended,Software,Information Technology,Software & Services,Adj,Dec,EPS,CY2025,0.174,0.333,+91.4%,0.541,+62.5%,0.541,+0.0%,20.79,38.4,+210.9%,-41.3%,-25.5%,-33.0%
APPN,Extended,Software,Information Technology,Software & Services,Adj,Dec,EPS,CY2026,0.549,0.544,-0.9%,0.77,+41.5%,0.887,+15.2%,20.79,23.4,+61.6%,-41.3%,-25.5%,-33.0%
APPN,Extended,Software,Information Technology,Software & Services,Adj,Dec,EPS,CY2027,0.76,0.695,-8.6%,1.092,+57.1%,1.163,+6.5%,20.79,17.9,+53.0%,-41.3%,-25.5%,-33.0%
APPN,Extended,Software,Information Technology,Software & Services,Adj,Dec,EPS,CY2028,,,,1.27,,1.385,+9.1%,20.79,15.0,,-41.3%,-25.5%,-33.0%
BL,Extended,Software,Information Technology,Software & Services,Adj,Dec,EPS,CY2025,2.022,2.145,+6.1%,2.078,-3.1%,2.078,+0.0%,31.25,15.0,+2.8%,-43.5%,-32.8%,-33.8%
BL,Extended,Software,Information Technology,Software & Services,Adj,Dec,EPS,CY2026,2.216,2.338,+5.5%,2.349,+0.5%,2.396,+2.0%,31.25,13.0,+8.1%,-43.5%,-32.8%,-33.8%
BL,Extended,Software,Information Technology,Software & Services,Adj,Dec,EPS,CY2027,2.69,2.833,+5.3%,2.729,-3.7%,2.736,+0.3%,31.25,11.4,+1.7%,-43.5%,-32.8%,-33.8%
BL,Extended,Software,Information Technology,Software & Services,Adj,Dec,EPS,CY2028,,,,,,3.183,,31.25,9.8,,-43.5%,-32.8%,-33.8%
DSY,Extended,Software,Information Technology,Software & Services,Adj,Dec,EPS,CY2025,1.364,1.323,-3.0%,1.319,-0.3%,1.318,-0.1%,19.095,14.5,-3.4%,-19.9%,-17.8%,-41.9%
DSY,Extended,Software,Information Technology,Software & Services,Adj,Dec,EPS,CY2026,1.455,1.382,-5.0%,1.365,-1.2%,1.328,-2.7%,19.095,14.4,-8.7%,-19.9%,-17.8%,-41.9%
DSY,Extended,Software,Information Technology,Software & Services,Adj,Dec,EPS,CY2027,1.609,1.498,-6.9%,1.484,-0.9%,1.378,-7.1%,19.095,13.9,-14.4%,-19.9%,-17.8%,-41.9%
DSY,Extended,Software,Information Technology,Software & Services,Adj,Dec,EPS,CY2028,1.772,1.636,-7.7%,1.625,-0.7%,1.475,-9.2%,19.095,12.9,-16.8%,-19.9%,-17.8%,-41.9%
WK,Extended,Software,Information Technology,Software & Services,Adj,Dec,EPS,CY2025,1.059,1.353,+27.8%,1.635,+20.8%,1.635,+0.0%,53.48,32.7,+54.4%,-38.0%,-30.6%,-28.9%
WK,Extended,Software,Information Technology,Software & Services,Adj,Dec,EPS,CY2026,1.79,1.961,+9.6%,2.254,+14.9%,2.734,+21.3%,53.48,19.6,+52.7%,-38.0%,-30.6%,-28.9%
WK,Extended,Software,Information Technology,Software & Services,Adj,Dec,EPS,CY2027,3.48,3.148,-9.5%,3.16,+0.4%,3.367,+6.6%,53.48,15.9,-3.2%,-38.0%,-30.6%,-28.9%
WK,Extended,Software,Information Technology,Software & Services,Adj,Dec,EPS,CY2028,,4.52,,4.06,-10.2%,4.243,+4.5%,53.48,12.6,,-38.0%,-30.6%,-28.9%
AXP,Extended,Payments,Financials,Financial Services,GAAP,Dec,EPS,CY2025,15.205,15.466,+1.7%,15.446,-0.1%,15.446,+0.0%,323.05,20.9,+1.6%,-12.7%,-8.3%,+21.3%
AXP,Extended,Payments,Financials,Financial Services,GAAP,Dec,EPS,CY2026,17.313,17.442,+0.7%,17.626,+1.1%,17.638,+0.1%,323.05,18.3,+1.9%,-12.7%,-8.3%,+21.3%
AXP,Extended,Payments,Financials,Financial Services,GAAP,Dec,EPS,CY2027,19.778,19.82,+0.2%,20.11,+1.5%,20.12,+0.0%,323.05,16.1,+1.7%,-12.7%,-8.3%,+21.3%
AXP,Extended,Payments,Financials,Financial Services,GAAP,Dec,EPS,CY2028,20.32,20.267,-0.3%,22.676,+11.9%,22.804,+0.6%,323.05,14.2,+12.2%,-12.7%,-8.3%,+21.3%
ADYEN,Extended,Payments,Financials,Financial Services,Adj,Dec,EPS,CY2025,35.951,33.716,-6.2%,33.815,+0.3%,33.737,-0.2%,958.5,28.4,-6.2%,-30.3%,-23.5%,-32.4%
ADYEN,Extended,Payments,Financials,Financial Services,Adj,Dec,EPS,CY2026,45.327,41.499,-8.4%,41.491,-0.0%,38.84,-6.4%,958.5,24.7,-14.3%,-30.3%,-23.5%,-32.4%
ADYEN,Extended,Payments,Financials,Financial Services,Adj,Dec,EPS,CY2027,57.57,52.153,-9.4%,50.948,-2.3%,47.474,-6.8%,958.5,20.2,-17.5%,-30.3%,-23.5%,-32.4%
ADYEN,Extended,Payments,Financials,Financial Services,Adj,Dec,EPS,CY2028,54.541,60.077,+10.2%,61.188,+1.8%,58.247,-4.8%,958.5,16.5,+6.8%,-30.3%,-23.5%,-32.4%
STNE,Extended,Payments,Financials,Financial Services,Adj,Dec,EPS,CY2025,8.572,9.391,+9.6%,9.384,-0.1%,9.25,-1.4%,10.98,1.2,+7.9%,-10.1%,-17.7%,-5.5%
STNE,Extended,Payments,Financials,Financial Services,Adj,Dec,EPS,CY2026,9.997,10.801,+8.0%,10.413,-3.6%,9.7,-6.8%,10.98,1.1,-3.0%,-10.1%,-17.7%,-5.5%
STNE,Extended,Payments,Financials,Financial Services,Adj,Dec,EPS,CY2027,11.451,12.531,+9.4%,11.553,-7.8%,11.16,-3.4%,10.98,1.0,-2.5%,-10.1%,-17.7%,-5.5%
STNE,Extended,Payments,Financials,Financial Services,Adj,Dec,EPS,CY2028,11.74,17.275,+47.1%,16.503,-4.5%,13.019,-21.1%,10.98,0.8,+10.9%,-10.1%,-17.7%,-5.5%
NU,Extended,Payments,Financials,Banks,Adj,Dec,EPS,CY2025,0.553,0.588,+6.3%,0.609,+3.6%,0.609,+0.0%,14.48,23.8,+10.1%,-13.5%,-18.4%,+16.5%
NU,Extended,Payments,Financials,Banks,Adj,Dec,EPS,CY2026,0.771,0.825,+7.0%,0.874,+5.9%,0.859,-1.7%,14.48,16.9,+11.4%,-13.5%,-18.4%,+16.5%
NU,Extended,Payments,Financials,Banks,Adj,Dec,EPS,CY2027,0.997,1.058,+6.1%,1.147,+8.4%,1.128,-1.7%,14.48,12.8,+13.1%,-13.5%,-18.4%,+16.5%
NU,Extended,Payments,Financials,Banks,Adj,Dec,EPS,CY2028,1.098,1.246,+13.5%,1.308,+5.0%,1.432,+9.5%,14.48,10.1,+30.4%,-13.5%,-18.4%,+16.5%
FISV,Extended,Payments,Financials,Financial Services,Adj,Dec,EPS,CY2025,10.216,8.552,-16.3%,8.557,+0.1%,8.557,+0.0%,62.65,7.3,-16.2%,-6.7%,-1.7%,-66.1%
FISV,Extended,Payments,Financials,Financial Services,Adj,Dec,EPS,CY2026,11.922,9.0,-24.5%,8.18,-9.1%,8.111,-0.8%,62.65,7.7,-32.0%,-6.7%,-1.7%,-66.1%
FISV,Extended,Payments,Financials,Financial Services,Adj,Dec,EPS,CY2027,13.171,10.143,-23.0%,9.145,-9.8%,9.021,-1.4%,62.65,6.9,-31.5%,-6.7%,-1.7%,-66.1%
FISV,Extended,Payments,Financials,Financial Services,Adj,Dec,EPS,CY2028,15.42,11.947,-22.5%,9.97,-16.5%,10.05,+0.8%,62.65,6.2,-34.8%,-6.7%,-1.7%,-66.1%
FIS,Extended,Payments,Financials,Financial Services,Adj,Dec,EPS,CY2025,5.736,5.751,+0.3%,5.771,+0.3%,5.771,+0.0%,46.53,8.1,+0.6%,-30.0%,-15.8%,-41.0%
FIS,Extended,Payments,Financials,Financial Services,Adj,Dec,EPS,CY2026,6.191,6.268,+1.2%,6.299,+0.5%,6.268,-0.5%,46.53,7.4,+1.2%,-30.0%,-15.8%,-41.0%
FIS,Extended,Payments,Financials,Financial Services,Adj,Dec,EPS,CY2027,6.799,6.817,+0.3%,6.9,+1.2%,6.88,-0.3%,46.53,6.8,+1.2%,-30.0%,-15.8%,-41.0%
FIS,Extended,Payments,Financials,Financial Services,Adj,Dec,EPS,CY2028,7.187,7.135,-0.7%,6.681,-6.4%,7.558,+13.1%,46.53,6.2,+5.2%,-30.0%,-15.8%,-41.0%
GPN,Extended,Payments,Financials,Financial Services,Adj,Dec,EPS,CY2025,12.055,12.212,+1.3%,12.222,+0.1%,12.222,+0.0%,71.96,5.9,+1.4%,-7.0%,+0.3%,-5.7%
GPN,Extended,Payments,Financials,Financial Services,Adj,Dec,EPS,CY2026,13.612,13.748,+1.0%,13.68,-0.5%,13.783,+0.8%,71.96,5.2,+1.3%,-7.0%,+0.3%,-5.7%
GPN,Extended,Payments,Financials,Financial Services,Adj,Dec,EPS,CY2027,15.445,15.805,+2.3%,15.908,+0.7%,16.106,+1.2%,71.96,4.5,+4.3%,-7.0%,+0.3%,-5.7%
GPN,Extended,Payments,Financials,Financial Services,Adj,Dec,EPS,CY2028,16.508,18.583,+12.6%,17.544,-5.6%,18.555,+5.8%,71.96,3.9,+12.4%,-7.0%,+0.3%,-5.7%
TOST,Extended,Payments,Financials,Financial Services,Adj,Dec,EPS,CY2025,0.585,0.521,-10.9%,0.577,+10.7%,0.58,+0.5%,28.52,49.2,-0.9%,-19.7%,-8.3%,-19.8%
TOST,Extended,Payments,Financials,Financial Services,Adj,Dec,EPS,CY2026,0.868,0.913,+5.2%,0.866,-5.1%,0.812,-6.2%,28.52,35.1,-6.5%,-19.7%,-8.3%,-19.8%
TOST,Extended,Payments,Financials,Financial Services,Adj,Dec,EPS,CY2027,1.279,1.191,-6.9%,1.192,+0.1%,1.21,+1.5%,28.52,23.6,-5.4%,-19.7%,-8.3%,-19.8%
TOST,Extended,Payments,Financials,Financial Services,Adj,Dec,EPS,CY2028,1.418,1.243,-12.3%,1.368,+10.1%,1.629,+19.1%,28.52,17.5,+14.9%,-19.7%,-8.3%,-19.8%
FOUR,Extended,Payments,Financials,Financial Services,Adj,Dec,EPS,CY2025,4.945,4.855,-1.8%,5.228,+7.7%,5.109,-2.3%,44.28,8.7,+3.3%,-29.7%,-25.0%,-45.9%
FOUR,Extended,Payments,Financials,Financial Services,Adj,Dec,EPS,CY2026,5.932,6.311,+6.4%,6.184,-2.0%,5.589,-9.6%,44.28,7.9,-5.8%,-29.7%,-25.0%,-45.9%
FOUR,Extended,Payments,Financials,Financial Services,Adj,Dec,EPS,CY2027,6.582,7.486,+13.7%,7.816,+4.4%,6.35,-18.8%,44.28,7.0,-3.5%,-29.7%,-25.0%,-45.9%
FOUR,Extended,Payments,Financials,Financial Services,Adj,Dec,EPS,CY2028,8.15,8.99,+10.3%,10.88,+21.0%,7.501,-31.1%,44.28,5.9,-8.0%,-29.7%,-25.0%,-45.9%
CPAY,Extended,Payments,Financials,Financial Services,Adj,Dec,EPS,CY2025,21.063,21.069,+0.0%,21.283,+1.0%,21.283,+0.0%,306.47,14.4,+1.0%,+1.8%,-2.6%,-5.8%
CPAY,Extended,Payments,Financials,Financial Services,Adj,Dec,EPS,CY2026,24.491,24.347,-0.6%,24.752,+1.7%,26.047,+5.2%,306.47,11.8,+6.4%,+1.8%,-2.6%,-5.8%
CPAY,Extended,Payments,Financials,Financial Services,Adj,Dec,EPS,CY2027,28.598,27.997,-2.1%,28.719,+2.6%,29.84,+3.9%,306.47,10.3,+4.3%,+1.8%,-2.6%,-5.8%
CPAY,Extended,Payments,Financials,Financial Services,Adj,Dec,EPS,CY2028,33.93,33.64,-0.9%,33.07,-1.7%,34.948,+5.7%,306.47,8.8,+3.0%,+1.8%,-2.6%,-5.8%
SEIC,Extended,Payments,Financials,Financial Services,Adj,Dec,EPS,CY2025,4.66,5.043,+8.2%,4.963,-1.6%,4.963,+0.0%,90.68,18.3,+6.5%,+10.6%,+3.2%,+15.8%
SEIC,Extended,Payments,Financials,Financial Services,Adj,Dec,EPS,CY2026,5.054,5.496,+8.7%,5.698,+3.7%,5.891,+3.4%,90.68,15.4,+16.6%,+10.6%,+3.2%,+15.8%
SEIC,Extended,Payments,Financials,Financial Services,Adj,Dec,EPS,CY2027,5.628,6.076,+8.0%,6.403,+5.4%,6.616,+3.3%,90.68,13.7,+17.6%,+10.6%,+3.2%,+15.8%
SEIC,Extended,Payments,Financials,Financial Services,Adj,Dec,EPS,CY2028,6.237,6.833,+9.6%,7.105,+4.0%,7.553,+6.3%,90.68,12.0,+21.1%,+10.6%,+3.2%,+15.8%
DBD,Extended,Payments,Information Technology,Technology Hardware & Equipmen,Adj,Dec,EPS,CY2025,3.847,3.547,-7.8%,3.807,+7.3%,3.807,+0.0%,76.81,20.2,-1.0%,+13.1%,+11.3%,+73.3%
DBD,Extended,Payments,Information Technology,Technology Hardware & Equipmen,Adj,Dec,EPS,CY2026,4.63,4.95,+6.9%,5.017,+1.4%,5.487,+9.4%,76.81,14.0,+18.5%,+13.1%,+11.3%,+73.3%
DBD,Extended,Payments,Information Technology,Technology Hardware & Equipmen,Adj,Dec,EPS,CY2027,5.47,6.26,+14.4%,6.475,+3.4%,6.717,+3.7%,76.81,11.4,+22.8%,+13.1%,+11.3%,+73.3%
DBD,Extended,Payments,Information Technology,Technology Hardware & Equipmen,Adj,Dec,EPS,CY2028,,7.85,,7.76,-1.1%,7.75,-0.1%,76.81,9.9,,+13.1%,+11.3%,+73.3%
JKHY,Extended,Payments,Financials,Financial Services,Adj,Jun,EPS,CY2025,5.811,5.978,+2.9%,5.978,+0.0%,5.978,+0.0%,153.75,25.7,+2.9%,-15.7%,-14.2%,-11.3%
JKHY,Extended,Payments,Financials,Financial Services,Adj,Jun,EPS,CY2026,6.268,6.376,+1.7%,6.444,+1.1%,6.586,+2.2%,153.75,23.3,+5.1%,-15.7%,-14.2%,-11.3%
JKHY,Extended,Payments,Financials,Financial Services,Adj,Jun,EPS,CY2027,6.791,6.898,+1.6%,6.949,+0.7%,7.105,+2.2%,153.75,21.6,+4.6%,-15.7%,-14.2%,-11.3%
JKHY,Extended,Payments,Financials,Financial Services,Adj,Jun,EPS,CY2028,,7.543,,7.499,-0.6%,7.702,+2.7%,153.75,20.0,,-15.7%,-14.2%,-11.3%
WU,Extended,Payments,Financials,Financial Services,Adj,Dec,EPS,CY2025,1.766,1.726,-2.3%,1.732,+0.3%,1.732,+0.0%,9.09,5.2,-1.9%,-2.4%,-3.0%,-8.3%
WU,Extended,Payments,Financials,Financial Services,Adj,Dec,EPS,CY2026,1.84,1.765,-4.1%,1.784,+1.1%,1.739,-2.5%,9.09,5.2,-5.5%,-2.4%,-3.0%,-8.3%
WU,Extended,Payments,Financials,Financial Services,Adj,Dec,EPS,CY2027,1.968,1.914,-2.7%,1.906,-0.4%,1.899,-0.4%,9.09,4.8,-3.5%,-2.4%,-3.0%,-8.3%
WU,Extended,Payments,Financials,Financial Services,Adj,Dec,EPS,CY2028,1.87,1.855,-0.8%,2.023,+9.1%,2.032,+0.4%,9.09,4.5,+8.7%,-2.4%,-3.0%,-8.3%
FCFS,Extended,Payments,Financials,Financial Services,Adj,Dec,EPS,CY2025,7.85,8.659,+10.3%,8.644,-0.2%,8.644,+0.0%,218.22,25.2,+10.1%,+36.9%,+28.0%,+62.9%
FCFS,Extended,Payments,Financials,Financial Services,Adj,Dec,EPS,CY2026,9.288,10.075,+8.5%,10.09,+0.1%,10.767,+6.7%,218.22,20.3,+15.9%,+36.9%,+28.0%,+62.9%
FCFS,Extended,Payments,Financials,Financial Services,Adj,Dec,EPS,CY2027,10.98,11.67,+6.3%,11.756,+0.7%,12.403,+5.5%,218.22,17.6,+13.0%,+36.9%,+28.0%,+62.9%
FCFS,Extended,Payments,Financials,Financial Services,Adj,Dec,EPS,CY2028,11.36,13.025,+14.7%,13.26,+1.8%,14.863,+12.1%,218.22,14.7,+30.8%,+36.9%,+28.0%,+62.9%
EEFT,Extended,Payments,Financials,Financial Services,Adj,Dec,EPS,CY2025,9.823,9.754,-0.7%,9.745,-0.1%,9.742,-0.0%,72.38,7.4,-0.8%,-4.9%,-0.1%,-27.0%
EEFT,Extended,Payments,Financials,Financial Services,Adj,Dec,EPS,CY2026,11.203,11.105,-0.9%,11.064,-0.4%,10.927,-1.2%,72.38,6.6,-2.5%,-4.9%,-0.1%,-27.0%
EEFT,Extended,Payments,Financials,Financial Services,Adj,Dec,EPS,CY2027,12.472,12.341,-1.1%,12.306,-0.3%,12.201,-0.9%,72.38,5.9,-2.2%,-4.9%,-0.1%,-27.0%
EEFT,Extended,Payments,Financials,Financial Services,Adj,Dec,EPS,CY2028,13.695,13.26,-3.2%,13.295,+0.3%,13.355,+0.5%,72.38,5.4,-2.5%,-4.9%,-0.1%,-27.0%
WEX,Extended,Payments,Financials,Financial Services,Adj,Dec,EPS,CY2025,15.151,15.904,+5.0%,15.942,+0.2%,15.95,+0.1%,150.33,9.4,+5.3%,+0.9%,-2.3%,+15.3%
WEX,Extended,Payments,Financials,Financial Services,Adj,Dec,EPS,CY2026,16.899,17.764,+5.1%,17.629,-0.8%,19.327,+9.6%,150.33,7.8,+14.4%,+0.9%,-2.3%,+15.3%
WEX,Extended,Payments,Financials,Financial Services,Adj,Dec,EPS,CY2027,18.814,19.836,+5.4%,19.674,-0.8%,20.309,+3.2%,150.33,7.4,+7.9%,+0.9%,-2.3%,+15.3%
WEX,Extended,Payments,Financials,Financial Services,Adj,Dec,EPS,CY2028,21.04,21.51,+2.2%,21.75,+1.1%,21.921,+0.8%,150.33,6.9,+4.2%,+0.9%,-2.3%,+15.3%
EQT,Extended,Financials and related,Energy,Energy,Adj,Dec,EPS,CY2025,3.462,2.83,-18.3%,2.92,+3.2%,2.941,+0.7%,60.08,20.4,-15.0%,+12.1%,+4.1%,+21.5%
EQT,Extended,Financials and related,Energy,Energy,Adj,Dec,EPS,CY2026,4.782,4.63,-3.2%,4.388,-5.2%,4.676,+6.6%,60.08,12.8,-2.2%,+12.1%,+4.1%,+21.5%
EQT,Extended,Financials and related,Energy,Energy,Adj,Dec,EPS,CY2027,4.808,4.957,+3.1%,4.848,-2.2%,4.835,-0.3%,60.08,12.4,+0.6%,+12.1%,+4.1%,+21.5%
EQT,Extended,Financials and related,Energy,Energy,Adj,Dec,EPS,CY2028,5.258,5.463,+3.9%,5.345,-2.2%,5.506,+3.0%,60.08,10.9,+4.7%,+12.1%,+4.1%,+21.5%
HLNE,Extended,Financials and related,Financials,Financial Services,Adj,Mar,EPS,CY2025,4.765,5.055,+6.1%,5.656,+11.9%,5.723,+1.2%,91.99,16.1,+20.1%,-31.5%,-34.9%,-40.5%
HLNE,Extended,Financials and related,Financials,Financial Services,Adj,Mar,EPS,CY2026,5.844,6.018,+3.0%,6.25,+3.9%,6.006,-3.9%,91.99,15.3,+2.8%,-31.5%,-34.9%,-40.5%
HLNE,Extended,Financials and related,Financials,Financial Services,Adj,Mar,EPS,CY2027,6.65,7.3,+9.8%,7.575,+3.8%,7.148,-5.6%,91.99,12.9,+7.5%,-31.5%,-34.9%,-40.5%
HLNE,Extended,Financials and related,Financials,Financial Services,Adj,Mar,EPS,CY2028,,8.69,,8.03,-7.6%,6.36,-20.8%,91.99,14.5,,-31.5%,-34.9%,-40.5%
STEP,Extended,Financials and related,Financials,Financial Services,Adj,Mar,EPS,CY2025,1.88,1.957,+4.1%,2.053,+4.9%,2.084,+1.5%,52.9,25.4,+10.9%,-17.6%,-25.2%,+6.5%
STEP,Extended,Financials and related,Financials,Financial Services,Adj,Mar,EPS,CY2026,2.292,2.485,+8.4%,2.526,+1.6%,2.499,-1.1%,52.9,21.2,+9.0%,-17.6%,-25.2%,+6.5%
STEP,Extended,Financials and related,Financials,Financial Services,Adj,Mar,EPS,CY2027,,3.018,,3.136,+3.9%,3.271,+4.3%,52.9,16.2,,-17.6%,-25.2%,+6.5%
STEP,Extended,Financials and related,Financials,Financial Services,Adj,Mar,EPS,CY2028,,3.79,,3.67,-3.2%,3.52,-4.1%,52.9,15.0,,-17.6%,-25.2%,+6.5%
TROW,Extended,Financials and related,Financials,Financial Services,Adj,Dec,EPS,CY2025,8.315,9.507,+14.3%,9.719,+2.2%,9.722,+0.0%,102.88,10.6,+16.9%,+0.5%,-2.6%,+16.2%
TROW,Extended,Financials and related,Financials,Financial Services,Adj,Dec,EPS,CY2026,8.551,10.156,+18.8%,10.259,+1.0%,9.394,-8.4%,102.88,11.0,+9.9%,+0.5%,-2.6%,+16.2%
TROW,Extended,Financials and related,Financials,Financial Services,Adj,Dec,EPS,CY2027,8.51,10.393,+22.1%,10.428,+0.3%,9.458,-9.3%,102.88,10.9,+11.1%,+0.5%,-2.6%,+16.2%
TROW,Extended,Financials and related,Financials,Financial Services,Adj,Dec,EPS,CY2028,,10.69,,10.843,+1.4%,9.22,-15.0%,102.88,11.2,,+0.5%,-2.6%,+16.2%
SYF,Extended,Financials and related,Financials,Financial Services,Adj,Dec,EPS,CY2025,7.614,9.167,+20.4%,9.23,+0.7%,9.23,+0.0%,76.2,8.3,+21.2%,-8.7%,+4.9%,+46.7%
SYF,Extended,Financials and related,Financials,Financial Services,Adj,Dec,EPS,CY2026,8.551,9.137,+6.9%,9.251,+1.2%,9.298,+0.5%,76.2,8.2,+8.7%,-8.7%,+4.9%,+46.7%
SYF,Extended,Financials and related,Financials,Financial Services,Adj,Dec,EPS,CY2027,9.709,10.038,+3.4%,10.25,+2.1%,10.433,+1.8%,76.2,7.3,+7.5%,-8.7%,+4.9%,+46.7%
SYF,Extended,Financials and related,Financials,Financial Services,Adj,Dec,EPS,CY2028,6.67,8.835,+32.5%,11.411,+29.2%,11.638,+2.0%,76.2,6.5,+74.5%,-8.7%,+4.9%,+46.7%
BFH,Extended,Financials and related,Financials,Financial Services,Adj,Dec,EPS,CY2025,7.112,9.566,+34.5%,10.173,+6.3%,10.173,+0.0%,84.78,8.3,+43.0%,+14.5%,+16.9%,+78.7%
BFH,Extended,Financials and related,Financials,Financial Services,Adj,Dec,EPS,CY2026,8.978,9.218,+2.7%,9.733,+5.6%,10.774,+10.7%,84.78,7.9,+20.0%,+14.5%,+16.9%,+78.7%
BFH,Extended,Financials and related,Financials,Financial Services,Adj,Dec,EPS,CY2027,10.647,10.71,+0.6%,11.203,+4.6%,12.316,+9.9%,84.78,6.9,+15.7%,+14.5%,+16.9%,+78.7%
BFH,Extended,Financials and related,Financials,Financial Services,Adj,Dec,EPS,CY2028,6.65,9.54,+43.5%,12.19,+27.8%,13.123,+7.7%,84.78,6.5,+97.3%,+14.5%,+16.9%,+78.7%
ICE,Extended,Financials and related,Financials,Financial Services,Adj,Dec,EPS,CY2025,6.808,6.899,+1.3%,6.916,+0.2%,6.916,+0.0%,158.09,22.9,+1.6%,-2.4%,-9.0%,-5.9%
ICE,Extended,Financials and related,Financials,Financial Services,Adj,Dec,EPS,CY2026,7.574,7.527,-0.6%,7.51,-0.2%,8.019,+6.8%,158.09,19.7,+5.9%,-2.4%,-9.0%,-5.9%
ICE,Extended,Financials and related,Financials,Financial Services,Adj,Dec,EPS,CY2027,8.228,8.381,+1.9%,8.39,+0.1%,8.73,+4.1%,158.09,18.1,+6.1%,-2.4%,-9.0%,-5.9%
ICE,Extended,Financials and related,Financials,Financial Services,Adj,Dec,EPS,CY2028,9.44,9.17,-2.9%,9.238,+0.7%,9.647,+4.4%,158.09,16.4,+2.2%,-2.4%,-9.0%,-5.9%
CME,Extended,Financials and related,Financials,Financial Services,Adj,Dec,EPS,CY2025,11.143,11.113,-0.3%,11.164,+0.5%,11.164,+0.0%,287.82,25.8,+0.2%,+7.5%,+1.5%,+5.9%
CME,Extended,Financials and related,Financials,Financial Services,Adj,Dec,EPS,CY2026,11.597,11.536,-0.5%,11.634,+0.8%,12.239,+5.2%,287.82,23.5,+5.5%,+7.5%,+1.5%,+5.9%
CME,Extended,Financials and related,Financials,Financial Services,Adj,Dec,EPS,CY2027,12.298,12.188,-0.9%,12.299,+0.9%,12.797,+4.0%,287.82,22.5,+4.1%,+7.5%,+1.5%,+5.9%
CME,Extended,Financials and related,Financials,Financial Services,Adj,Dec,EPS,CY2028,13.207,12.64,-4.3%,13.014,+3.0%,13.585,+4.4%,287.82,21.2,+2.9%,+7.5%,+1.5%,+5.9%
SLM,Extended,Financials and related,Financials,Financial Services,Adj,Dec,EPS,CY2025,3.105,3.219,+3.7%,3.278,+1.8%,3.278,+0.0%,23.08,7.0,+5.6%,-14.7%,-15.0%,-20.2%
SLM,Extended,Financials and related,Financials,Financial Services,Adj,Dec,EPS,CY2026,3.474,3.429,-1.3%,2.742,-20.0%,3.15,+14.9%,23.08,7.3,-9.3%,-14.7%,-15.0%,-20.2%
SLM,Extended,Financials and related,Financials,Financial Services,Adj,Dec,EPS,CY2027,3.818,3.85,+0.8%,3.193,-17.1%,3.384,+6.0%,23.08,6.8,-11.4%,-14.7%,-15.0%,-20.2%
SLM,Extended,Financials and related,Financials,Financial Services,Adj,Dec,EPS,CY2028,,,,3.888,,3.98,+2.4%,23.08,5.8,,-14.7%,-15.0%,-20.2%
CBOE,Extended,Financials and related,Financials,Financial Services,Adj,Dec,EPS,CY2025,9.35,10.046,+7.4%,10.551,+5.0%,10.551,+0.0%,300.09,28.4,+12.8%,+19.6%,+13.2%,+35.3%
CBOE,Extended,Financials and related,Financials,Financial Services,Adj,Dec,EPS,CY2026,9.89,10.557,+6.7%,11.282,+6.9%,12.542,+11.2%,300.09,23.9,+26.8%,+19.6%,+13.2%,+35.3%
CBOE,Extended,Financials and related,Financials,Financial Services,Adj,Dec,EPS,CY2027,10.762,11.17,+3.8%,12.155,+8.8%,13.202,+8.6%,300.09,22.7,+22.7%,+19.6%,+13.2%,+35.3%
CBOE,Extended,Financials and related,Financials,Financial Services,Adj,Dec,EPS,CY2028,11.547,11.962,+3.6%,13.78,+15.2%,14.089,+2.2%,300.09,21.3,+22.0%,+19.6%,+13.2%,+35.3%
NDAQ,Extended,Financials and related,Financials,Financial Services,Adj,Dec,EPS,CY2025,3.184,3.42,+7.4%,3.431,+0.3%,3.431,+0.0%,91.91,26.8,+7.8%,-5.4%,-5.1%,+20.6%
NDAQ,Extended,Financials and related,Financials,Financial Services,Adj,Dec,EPS,CY2026,3.557,3.785,+6.4%,3.882,+2.6%,3.93,+1.2%,91.91,23.4,+10.5%,-5.4%,-5.1%,+20.6%
NDAQ,Extended,Financials and related,Financials,Financial Services,Adj,Dec,EPS,CY2027,3.979,4.218,+6.0%,4.368,+3.6%,4.429,+1.4%,91.91,20.8,+11.3%,-5.4%,-5.1%,+20.6%
NDAQ,Extended,Financials and related,Financials,Financial Services,Adj,Dec,EPS,CY2028,4.507,4.68,+3.8%,5.028,+7.4%,5.06,+0.6%,91.91,18.2,+12.3%,-5.4%,-5.1%,+20.6%
NAVI,Extended,Financials and related,Financials,Financial Services,Adj,Dec,EPS,CY2025,1.083,-0.07,-106.5%,-0.063,+10.0%,-0.063,+0.0%,9.24,-146.7,-105.8%,-28.9%,-5.8%,-25.4%
NAVI,Extended,Financials and related,Financials,Financial Services,Adj,Dec,EPS,CY2026,1.34,1.188,-11.3%,0.761,-35.9%,0.716,-5.9%,9.24,12.9,-46.6%,-28.9%,-5.8%,-25.4%
NAVI,Extended,Financials and related,Financials,Financial Services,Adj,Dec,EPS,CY2027,1.42,1.448,+2.0%,1.04,-28.2%,0.936,-10.0%,9.24,9.9,-34.1%,-28.9%,-5.8%,-25.4%
NAVI,Extended,Financials and related,Financials,Financial Services,Adj,Dec,EPS,CY2028,,,,1.27,,1.175,-7.5%,9.24,7.9,,-28.9%,-5.8%,-25.4%
FG,Extended,Financials and related,Financials,Insurance,Adj,Dec,EPS,CY2025,4.707,3.685,-21.7%,3.91,+6.1%,3.91,+0.0%,28.64,7.3,-16.9%,-7.2%,-2.9%,-17.7%
FG,Extended,Financials and related,Financials,Insurance,Adj,Dec,EPS,CY2026,5.987,5.71,-4.6%,5.67,-0.7%,4.1,-27.7%,28.64,7.0,-31.5%,-7.2%,-2.9%,-17.7%
FG,Extended,Financials and related,Financials,Insurance,Adj,Dec,EPS,CY2027,6.915,6.51,-5.9%,6.625,+1.8%,6.05,-8.7%,28.64,4.7,-12.5%,-7.2%,-2.9%,-17.7%
FG,Extended,Financials and related,Financials,Insurance,Adj,Dec,EPS,CY2028,,,,7.67,,6.91,-9.9%,28.64,4.1,,-7.2%,-2.9%,-17.7%
BEN,Extended,Financials and related,Financials,Financial Services,Adj,Sep,EPS,CY2025,2.045,2.12,+3.7%,2.12,+0.0%,2.12,+0.0%,29.97,14.1,+3.7%,+25.4%,+12.6%,+59.8%
BEN,Extended,Financials and related,Financials,Financial Services,Adj,Sep,EPS,CY2026,2.228,2.514,+12.8%,2.552,+1.5%,2.68,+5.0%,29.97,11.2,+20.3%,+25.4%,+12.6%,+59.8%
BEN,Extended,Financials and related,Financials,Financial Services,Adj,Sep,EPS,CY2027,2.594,2.797,+7.8%,2.858,+2.2%,2.915,+2.0%,29.97,10.3,+12.4%,+25.4%,+12.6%,+59.8%
BEN,Extended,Financials and related,Financials,Financial Services,Adj,Sep,EPS,CY2028,2.047,2.933,+43.3%,3.092,+5.4%,3.081,-0.4%,29.97,9.7,+50.5%,+25.4%,+12.6%,+59.8%
ALLY,Extended,Financials and related,Financials,Financial Services,Adj,Dec,EPS,CY2025,3.366,3.764,+11.8%,3.755,-0.2%,3.755,+0.0%,44.39,11.8,+11.6%,-2.0%,+5.0%,+35.9%
ALLY,Extended,Financials and related,Financials,Financial Services,Adj,Dec,EPS,CY2026,5.413,5.425,+0.2%,5.275,-2.8%,5.227,-0.9%,44.39,8.5,-3.4%,-2.0%,+5.0%,+35.9%
ALLY,Extended,Financials and related,Financials,Financial Services,Adj,Dec,EPS,CY2027,6.147,6.266,+1.9%,6.368,+1.6%,6.414,+0.7%,44.39,6.9,+4.3%,-2.0%,+5.0%,+35.9%
ALLY,Extended,Financials and related,Financials,Financial Services,Adj,Dec,EPS,CY2028,5.67,5.67,+0.0%,7.188,+26.8%,7.122,-0.9%,44.39,6.2,+25.6%,-2.0%,+5.0%,+35.9%
RM,Extended,Financials and related,Financials,Financial Services,Adj,Dec,EPS,CY2025,4.475,4.468,-0.2%,4.433,-0.8%,4.433,+0.0%,37.35,8.4,-0.9%,-3.6%,+0.8%,+13.4%
RM,Extended,Financials and related,Financials,Financial Services,Adj,Dec,EPS,CY2026,6.563,6.28,-4.3%,6.273,-0.1%,5.56,-11.4%,37.35,6.7,-15.3%,-3.6%,+0.8%,+13.4%
RM,Extended,Financials and related,Financials,Financial Services,Adj,Dec,EPS,CY2027,11.76,8.83,-24.9%,8.14,-7.8%,7.323,-10.0%,37.35,5.1,-37.7%,-3.6%,+0.8%,+13.4%
RM,Extended,Financials and related,Financials,Financial Services,Adj,Dec,EPS,CY2028,,,,,,7.38,,37.35,5.1,,-3.6%,+0.8%,+13.4%
OMF,Extended,Financials and related,Financials,Financial Services,Adj,Dec,EPS,CY2025,6.13,6.558,+7.0%,6.702,+2.2%,6.702,+0.0%,58.77,8.8,+9.3%,-13.0%,-10.3%,+24.9%
OMF,Extended,Financials and related,Financials,Financial Services,Adj,Dec,EPS,CY2026,8.038,8.072,+0.4%,8.026,-0.6%,7.383,-8.0%,58.77,8.0,-8.1%,-13.0%,-10.3%,+24.9%
OMF,Extended,Financials and related,Financials,Financial Services,Adj,Dec,EPS,CY2027,10.04,10.115,+0.7%,9.689,-4.2%,9.017,-6.9%,58.77,6.5,-10.2%,-13.0%,-10.3%,+24.9%
OMF,Extended,Financials and related,Financials,Financial Services,Adj,Dec,EPS,CY2028,11.3,12.58,+11.3%,11.51,-8.5%,10.873,-5.5%,58.77,5.4,-3.8%,-13.0%,-10.3%,+24.9%
OPRT,Extended,Financials and related,Financials,Financial Services,Adj,Dec,EPS,CY2025,1.183,1.223,+3.4%,1.349,+10.3%,1.349,+0.0%,6.09,4.5,+14.0%,+15.1%,+12.4%,+18.9%
OPRT,Extended,Financials and related,Financials,Financial Services,Adj,Dec,EPS,CY2026,1.665,1.613,-3.1%,1.541,-4.5%,1.534,-0.5%,6.09,4.0,-7.9%,+15.1%,+12.4%,+18.9%
OPRT,Extended,Financials and related,Financials,Financial Services,Adj,Dec,EPS,CY2027,,1.68,,1.765,+5.1%,1.863,+5.6%,6.09,3.3,,+15.1%,+12.4%,+18.9%
OPRT,Extended,Financials and related,Financials,Financial Services,Adj,Dec,EPS,CY2028,,,,,,2.35,,6.09,2.6,,+15.1%,+12.4%,+18.9%
ENVA,Extended,Financials and related,Financials,Financial Services,Adj,Dec,EPS,CY2025,11.766,12.74,+8.3%,12.733,-0.1%,12.733,+0.0%,169.41,13.3,+8.2%,+7.8%,+2.6%,+84.6%
ENVA,Extended,Financials and related,Financials,Financial Services,Adj,Dec,EPS,CY2026,13.659,14.361,+5.1%,15.729,+9.5%,16.411,+4.3%,169.41,10.3,+20.1%,+7.8%,+2.6%,+84.6%
ENVA,Extended,Financials and related,Financials,Financial Services,Adj,Dec,EPS,CY2027,15.51,17.473,+12.7%,18.348,+5.0%,19.957,+8.8%,169.41,8.5,+28.7%,+7.8%,+2.6%,+84.6%
ENVA,Extended,Financials and related,Financials,Financial Services,Adj,Dec,EPS,CY2028,,,,24.63,,26.48,+7.5%,169.41,6.4,,+7.8%,+2.6%,+84.6%
ECPG,Extended,Financials and related,Financials,Financial Services,Adj,Dec,EPS,CY2025,,8.248,,9.68,+17.4%,9.68,+0.0%,82.77,8.6,,+52.3%,+49.9%,+140.6%
ECPG,Extended,Financials and related,Financials,Financial Services,Adj,Dec,EPS,CY2026,,8.262,,8.993,+8.8%,11.978,+33.2%,82.77,6.9,,+52.3%,+49.9%,+140.6%
ECPG,Extended,Financials and related,Financials,Financial Services,Adj,Dec,EPS,CY2027,,10.25,,7.83,-23.6%,10.55,+34.7%,82.77,7.8,,+52.3%,+49.9%,+140.6%
ECPG,Extended,Financials and related,Financials,Financial Services,Adj,Dec,EPS,CY2028,,10.86,,10.88,+0.2%,13.01,+19.6%,82.77,6.4,,+52.3%,+49.9%,+140.6%
EQR,Extended,Financials and related,Real Estate,Equity Real Estate Investment,Adj,Dec,EPS,CY2025,1.431,2.35,+64.2%,2.845,+21.1%,2.845,+0.0%,65.38,23.0,+98.8%,+3.7%,+4.9%,-6.9%
EQR,Extended,Financials and related,Real Estate,Equity Real Estate Investment,Adj,Dec,EPS,CY2026,1.361,2.158,+58.6%,1.734,-19.6%,1.275,-26.5%,65.38,51.3,-6.3%,+3.7%,+4.9%,-6.9%
EQR,Extended,Financials and related,Real Estate,Equity Real Estate Investment,Adj,Dec,EPS,CY2027,1.827,2.135,+16.9%,1.571,-26.4%,1.507,-4.1%,65.38,43.4,-17.5%,+3.7%,+4.9%,-6.9%
EQR,Extended,Financials and related,Real Estate,Equity Real Estate Investment,Adj,Dec,EPS,CY2028,2.527,3.15,+24.7%,1.66,-47.3%,1.667,+0.4%,65.38,39.2,-34.0%,+3.7%,+4.9%,-6.9%
MCD,Extended,Food / Restaurants,Consumer Discretionary,Consumer Services,GAAP,Dec,EPS,CY2025,12.286,12.169,-1.0%,11.99,-1.5%,12.006,+0.1%,293.59,24.5,-2.3%,-3.9%,-6.8%,-8.2%
MCD,Extended,Food / Restaurants,Consumer Discretionary,Consumer Services,GAAP,Dec,EPS,CY2026,13.323,13.282,-0.3%,13.191,-0.7%,13.142,-0.4%,293.59,22.3,-1.4%,-3.9%,-6.8%,-8.2%
MCD,Extended,Food / Restaurants,Consumer Discretionary,Consumer Services,GAAP,Dec,EPS,CY2027,14.686,14.431,-1.7%,14.354,-0.5%,14.284,-0.5%,293.59,20.6,-2.7%,-3.9%,-6.8%,-8.2%
MCD,Extended,Food / Restaurants,Consumer Discretionary,Consumer Services,GAAP,Dec,EPS,CY2028,16.047,15.642,-2.5%,15.545,-0.6%,15.436,-0.7%,293.59,19.0,-3.8%,-3.9%,-6.8%,-8.2%
YUM,Extended,Food / Restaurants,Consumer Discretionary,Consumer Services,Adj,Dec,EPS,CY2025,6.022,6.005,-0.3%,6.062,+0.9%,6.059,-0.0%,159.65,26.3,+0.6%,+5.5%,+2.7%,+6.1%
YUM,Extended,Food / Restaurants,Consumer Discretionary,Consumer Services,Adj,Dec,EPS,CY2026,6.711,6.648,-0.9%,6.682,+0.5%,6.728,+0.7%,159.65,23.7,+0.3%,+5.5%,+2.7%,+6.1%
YUM,Extended,Food / Restaurants,Consumer Discretionary,Consumer Services,Adj,Dec,EPS,CY2027,7.508,7.467,-0.5%,7.451,-0.2%,7.482,+0.4%,159.65,21.3,-0.3%,+5.5%,+2.7%,+6.1%
YUM,Extended,Food / Restaurants,Consumer Discretionary,Consumer Services,Adj,Dec,EPS,CY2028,8.544,8.538,-0.1%,8.432,-1.2%,8.387,-0.5%,159.65,19.0,-1.8%,+5.5%,+2.7%,+6.1%
WEN,Extended,Food / Restaurants,Consumer Discretionary,Consumer Services,Adj,Dec,EPS,CY2025,0.993,0.856,-13.8%,0.873,+2.0%,0.872,-0.1%,6.96,8.0,-12.2%,-16.4%,-10.7%,-44.3%
WEN,Extended,Food / Restaurants,Consumer Discretionary,Consumer Services,Adj,Dec,EPS,CY2026,1.12,0.921,-17.8%,0.863,-6.3%,0.575,-33.4%,6.96,12.1,-48.7%,-16.4%,-10.7%,-44.3%
WEN,Extended,Food / Restaurants,Consumer Discretionary,Consumer Services,Adj,Dec,EPS,CY2027,1.231,1.025,-16.7%,0.927,-9.6%,0.645,-30.4%,6.96,10.8,-47.6%,-16.4%,-10.7%,-44.3%
WEN,Extended,Food / Restaurants,Consumer Discretionary,Consumer Services,Adj,Dec,EPS,CY2028,1.44,1.193,-17.2%,1.039,-12.9%,0.731,-29.6%,6.96,9.5,-49.2%,-16.4%,-10.7%,-44.3%
YUMC,Extended,Food / Restaurants,Consumer Discretionary,Consumer Services,Adj,Dec,EPS,CY2025,2.562,2.515,-1.8%,2.494,-0.8%,2.494,+0.0%,48.45,19.4,-2.7%,+1.5%,-2.0%,+11.9%
YUMC,Extended,Food / Restaurants,Consumer Discretionary,Consumer Services,Adj,Dec,EPS,CY2026,2.898,2.849,-1.7%,2.845,-0.1%,2.899,+1.9%,48.45,16.7,+0.0%,+1.5%,-2.0%,+11.9%
YUMC,Extended,Food / Restaurants,Consumer Discretionary,Consumer Services,Adj,Dec,EPS,CY2027,3.26,3.178,-2.5%,3.177,-0.0%,3.237,+1.9%,48.45,15.0,-0.7%,+1.5%,-2.0%,+11.9%
YUMC,Extended,Food / Restaurants,Consumer Discretionary,Consumer Services,Adj,Dec,EPS,CY2028,3.79,3.737,-1.4%,3.515,-5.9%,3.56,+1.3%,48.45,13.6,-6.1%,+1.5%,-2.0%,+11.9%
SBUX,Extended,Food / Restaurants,Consumer Discretionary,Consumer Services,Adj,Sep,EPS,CY2025,2.568,2.147,-16.4%,2.147,+0.0%,2.147,+0.0%,105.33,49.1,-16.4%,+25.1%,+14.6%,+31.6%
SBUX,Extended,Food / Restaurants,Consumer Discretionary,Consumer Services,Adj,Sep,EPS,CY2026,3.156,2.464,-21.9%,2.301,-6.6%,2.354,+2.3%,105.33,44.7,-25.4%,+25.1%,+14.6%,+31.6%
SBUX,Extended,Food / Restaurants,Consumer Discretionary,Consumer Services,Adj,Sep,EPS,CY2027,3.736,3.063,-18.0%,2.965,-3.2%,3.002,+1.2%,105.33,35.1,-19.6%,+25.1%,+14.6%,+31.6%
SBUX,Extended,Food / Restaurants,Consumer Discretionary,Consumer Services,Adj,Sep,EPS,CY2028,4.321,3.642,-15.7%,3.603,-1.1%,3.665,+1.7%,105.33,28.7,-15.2%,+25.1%,+14.6%,+31.6%
WING,Extended,Food / Restaurants,Consumer Discretionary,Consumer Services,Adj,Dec,EPS,CY2025,3.83,3.914,+2.2%,3.914,+0.0%,3.919,+0.1%,164.06,41.9,+2.3%,-31.2%,-38.2%,-37.8%
WING,Extended,Food / Restaurants,Consumer Discretionary,Consumer Services,Adj,Dec,EPS,CY2026,4.889,5.022,+2.7%,4.751,-5.4%,4.565,-3.9%,164.06,35.9,-6.6%,-31.2%,-38.2%,-37.8%
WING,Extended,Food / Restaurants,Consumer Discretionary,Consumer Services,Adj,Dec,EPS,CY2027,6.289,6.521,+3.7%,6.065,-7.0%,5.631,-7.2%,164.06,29.1,-10.5%,-31.2%,-38.2%,-37.8%
WING,Extended,Food / Restaurants,Consumer Discretionary,Consumer Services,Adj,Dec,EPS,CY2028,7.632,8.236,+7.9%,7.64,-7.2%,7.009,-8.3%,164.06,23.4,-8.2%,-31.2%,-38.2%,-37.8%
CAVA,Extended,Food / Restaurants,Consumer Discretionary,Consumer Services,Adj,Dec,EPS,CY2025,0.538,0.556,+3.3%,0.527,-5.2%,0.528,+0.2%,93.41,176.9,-1.9%,+59.2%,+54.1%,+1.1%
CAVA,Extended,Food / Restaurants,Consumer Discretionary,Consumer Services,Adj,Dec,EPS,CY2026,0.695,0.668,-3.9%,0.577,-13.6%,0.529,-8.3%,93.41,176.6,-23.9%,+59.2%,+54.1%,+1.1%
CAVA,Extended,Food / Restaurants,Consumer Discretionary,Consumer Services,Adj,Dec,EPS,CY2027,0.974,0.89,-8.6%,0.742,-16.6%,0.723,-2.6%,93.41,129.2,-25.8%,+59.2%,+54.1%,+1.1%
CAVA,Extended,Food / Restaurants,Consumer Discretionary,Consumer Services,Adj,Dec,EPS,CY2028,1.313,1.253,-4.6%,1.022,-18.4%,1.002,-2.0%,93.41,93.2,-23.7%,+59.2%,+54.1%,+1.1%
BROS,Extended,Food / Restaurants,Consumer Discretionary,Consumer Services,Adj,Dec,EPS,CY2025,0.608,0.679,+11.7%,0.66,-2.8%,0.661,+0.2%,57.51,87.0,+8.7%,-6.1%,+5.7%,-3.7%
BROS,Extended,Food / Restaurants,Consumer Discretionary,Consumer Services,Adj,Dec,EPS,CY2026,0.827,0.908,+9.8%,0.861,-5.2%,0.901,+4.6%,57.51,63.8,+8.9%,-6.1%,+5.7%,-3.7%
BROS,Extended,Food / Restaurants,Consumer Discretionary,Consumer Services,Adj,Dec,EPS,CY2027,1.071,1.164,+8.7%,1.125,-3.4%,1.182,+5.1%,57.51,48.7,+10.4%,-6.1%,+5.7%,-3.7%
BROS,Extended,Food / Restaurants,Consumer Discretionary,Consumer Services,Adj,Dec,EPS,CY2028,1.423,1.562,+9.8%,1.444,-7.6%,1.505,+4.2%,57.51,38.2,+5.8%,-6.1%,+5.7%,-3.7%
SHAK,Extended,Food / Restaurants,Consumer Discretionary,Consumer Services,Adj,Dec,EPS,CY2025,1.252,1.328,+6.1%,1.281,-3.5%,1.281,+0.0%,102.46,80.0,+2.3%,+26.2%,+15.7%,+16.8%
SHAK,Extended,Food / Restaurants,Consumer Discretionary,Consumer Services,Adj,Dec,EPS,CY2026,1.549,1.648,+6.4%,1.406,-14.7%,1.391,-1.1%,102.46,73.7,-10.2%,+26.2%,+15.7%,+16.8%
SHAK,Extended,Food / Restaurants,Consumer Discretionary,Consumer Services,Adj,Dec,EPS,CY2027,1.991,2.104,+5.7%,1.785,-15.2%,1.775,-0.6%,102.46,57.7,-10.8%,+26.2%,+15.7%,+16.8%
SHAK,Extended,Food / Restaurants,Consumer Discretionary,Consumer Services,Adj,Dec,EPS,CY2028,2.506,2.8,+11.7%,2.491,-11.0%,2.284,-8.3%,102.46,44.9,-8.9%,+26.2%,+15.7%,+16.8%
ARCO,Extended,Food / Restaurants,Consumer Discretionary,Consumer Services,Adj,Dec,EPS,CY2025,0.688,0.573,-16.7%,0.825,+44.0%,0.807,-2.2%,8.92,11.1,+17.3%,+21.5%,+9.0%,+16.6%
ARCO,Extended,Food / Restaurants,Consumer Discretionary,Consumer Services,Adj,Dec,EPS,CY2026,0.84,0.707,-15.8%,0.67,-5.2%,0.717,+7.0%,8.92,12.4,-14.6%,+21.5%,+9.0%,+16.6%
ARCO,Extended,Food / Restaurants,Consumer Discretionary,Consumer Services,Adj,Dec,EPS,CY2027,1.063,0.816,-23.2%,0.788,-3.4%,0.853,+8.2%,8.92,10.5,-19.8%,+21.5%,+9.0%,+16.6%
ARCO,Extended,Food / Restaurants,Consumer Discretionary,Consumer Services,Adj,Dec,EPS,CY2028,1.053,0.92,-12.6%,0.945,+2.7%,1.018,+7.7%,8.92,8.8,-3.3%,+21.5%,+9.0%,+16.6%
EAT,Extended,Food / Restaurants,Consumer Discretionary,Consumer Services,Adj,Dec,EPS,CY2025,0.325,0.165,-49.2%,0.145,-12.1%,0.077,-46.9%,11.18,145.2,-76.3%,-16.6%,-17.7%,-36.4%
EAT,Extended,Food / Restaurants,Consumer Discretionary,Consumer Services,Adj,Dec,EPS,CY2026,0.405,0.285,-29.6%,0.27,-5.3%,0.177,-34.4%,11.18,63.2,-56.3%,-16.6%,-17.7%,-36.4%
EAT,Extended,Food / Restaurants,Consumer Discretionary,Consumer Services,Adj,Dec,EPS,CY2027,0.36,0.36,+0.0%,0.345,-4.2%,0.213,-38.3%,11.18,52.5,-40.8%,-16.6%,-17.7%,-36.4%
EAT,Extended,Food / Restaurants,Consumer Discretionary,Consumer Services,Adj,Dec,EPS,CY2028,,,,,,0.205,,11.18,54.5,,-16.6%,-17.7%,-36.4%
DMP,Extended,Food / Restaurants,Consumer Discretionary,Consumer Services,Adj,Jun,EPS,CY2025,1.304,1.266,-2.9%,1.266,+0.0%,1.266,+0.0%,16.47,13.0,-2.9%,-21.6%,-27.9%,-35.4%
DMP,Extended,Food / Restaurants,Consumer Discretionary,Consumer Services,Adj,Jun,EPS,CY2026,1.532,1.247,-18.6%,1.266,+1.5%,1.26,-0.5%,16.47,13.1,-17.8%,-21.6%,-27.9%,-35.4%
DMP,Extended,Food / Restaurants,Consumer Discretionary,Consumer Services,Adj,Jun,EPS,CY2027,1.799,1.411,-21.6%,1.434,+1.6%,1.393,-2.9%,16.47,11.8,-22.6%,-21.6%,-27.9%,-35.4%
DMP,Extended,Food / Restaurants,Consumer Discretionary,Consumer Services,Adj,Jun,EPS,CY2028,2.338,1.628,-30.4%,1.618,-0.6%,1.549,-4.3%,16.47,10.6,-33.7%,-21.6%,-27.9%,-35.4%
DOM,Extended,Food / Restaurants,Consumer Discretionary,Consumer Services,Adj,Dec,EPS,CY2025,0.207,0.184,-11.1%,0.175,-4.9%,0.176,+0.6%,193.9,11.0,-15.0%,+11.8%,+6.5%,-27.9%
DOM,Extended,Food / Restaurants,Consumer Discretionary,Consumer Services,Adj,Dec,EPS,CY2026,0.228,0.198,-13.2%,0.183,-7.6%,0.181,-1.1%,193.9,10.7,-20.6%,+11.8%,+6.5%,-27.9%
DOM,Extended,Food / Restaurants,Consumer Discretionary,Consumer Services,Adj,Dec,EPS,CY2027,0.252,0.217,-13.9%,0.196,-9.7%,0.194,-1.0%,193.9,10.0,-23.0%,+11.8%,+6.5%,-27.9%
DOM,Extended,Food / Restaurants,Consumer Discretionary,Consumer Services,Adj,Dec,EPS,CY2028,0.252,0.23,-8.7%,0.219,-4.8%,0.203,-7.3%,193.9,9.6,-19.4%,+11.8%,+6.5%,-27.9%
LW,Extended,Food / Restaurants,Consumer Staples,"Food, Beverage & Tobacco",Adj,May,EPS,CY2025,3.133,3.116,-0.5%,3.116,+0.0%,3.116,+0.0%,43.55,14.0,-0.5%,+4.0%,-5.2%,-17.5%
LW,Extended,Food / Restaurants,Consumer Staples,"Food, Beverage & Tobacco",Adj,May,EPS,CY2026,3.528,3.078,-12.8%,2.72,-11.6%,2.8,+2.9%,43.55,15.6,-20.6%,+4.0%,-5.2%,-17.5%
LW,Extended,Food / Restaurants,Consumer Staples,"Food, Beverage & Tobacco",Adj,May,EPS,CY2027,3.911,3.55,-9.2%,3.036,-14.5%,2.968,-2.2%,43.55,14.7,-24.1%,+4.0%,-5.2%,-17.5%
LW,Extended,Food / Restaurants,Consumer Staples,"Food, Beverage & Tobacco",Adj,May,EPS,CY2028,4.96,4.06,-18.1%,3.543,-12.7%,3.414,-3.6%,43.55,12.8,-31.2%,+4.0%,-5.2%,-17.5%
SYY,Extended,Food / Restaurants,Consumer Staples,Consumer Staples Distribution,Adj,Jun,EPS,CY2025,4.409,4.376,-0.7%,4.376,+0.0%,4.376,+0.0%,74.71,17.1,-0.7%,+1.4%,-10.9%,+4.6%
SYY,Extended,Food / Restaurants,Consumer Staples,Consumer Staples Distribution,Adj,Jun,EPS,CY2026,4.697,4.574,-2.6%,4.591,+0.4%,4.589,-0.0%,74.71,16.3,-2.3%,+1.4%,-10.9%,+4.6%
SYY,Extended,Food / Restaurants,Consumer Staples,Consumer Staples Distribution,Adj,Jun,EPS,CY2027,5.163,5.026,-2.7%,5.094,+1.4%,4.964,-2.6%,74.71,15.1,-3.9%,+1.4%,-10.9%,+4.6%
SYY,Extended,Food / Restaurants,Consumer Staples,Consumer Staples Distribution,Adj,Jun,EPS,CY2028,5.622,5.444,-3.2%,5.524,+1.5%,5.335,-3.4%,74.71,14.0,-5.1%,+1.4%,-10.9%,+4.6%
USFD,Extended,Food / Restaurants,Consumer Staples,Consumer Staples Distribution,Adj,Dec,EPS,CY2025,3.792,3.897,+2.8%,3.941,+1.1%,3.941,+0.0%,93.49,23.7,+3.9%,+24.1%,+11.8%,+42.4%
USFD,Extended,Food / Restaurants,Consumer Staples,Consumer Staples Distribution,Adj,Dec,EPS,CY2026,4.548,4.644,+2.1%,4.708,+1.4%,4.777,+1.5%,93.49,19.6,+5.0%,+24.1%,+11.8%,+42.4%
USFD,Extended,Food / Restaurants,Consumer Staples,Consumer Staples Distribution,Adj,Dec,EPS,CY2027,5.297,5.486,+3.6%,5.523,+0.7%,5.638,+2.1%,93.49,16.6,+6.4%,+24.1%,+11.8%,+42.4%
USFD,Extended,Food / Restaurants,Consumer Staples,Consumer Staples Distribution,Adj,Dec,EPS,CY2028,6.717,6.527,-2.8%,6.56,+0.5%,6.587,+0.4%,93.49,14.2,-1.9%,+24.1%,+11.8%,+42.4%
PZZA,Extended,Food / Restaurants,Consumer Discretionary,Consumer Services,Adj,Dec,EPS,CY2025,1.802,1.748,-3.0%,1.428,-18.3%,1.406,-1.5%,36.19,25.7,-22.0%,-6.0%,+2.9%,+4.8%
PZZA,Extended,Food / Restaurants,Consumer Discretionary,Consumer Services,Adj,Dec,EPS,CY2026,2.394,2.203,-8.0%,1.863,-15.4%,1.508,-19.1%,36.19,24.0,-37.0%,-6.0%,+2.9%,+4.8%
PZZA,Extended,Food / Restaurants,Consumer Discretionary,Consumer Services,Adj,Dec,EPS,CY2027,2.858,2.516,-12.0%,2.239,-11.0%,1.803,-19.5%,36.19,20.1,-36.9%,-6.0%,+2.9%,+4.8%
PZZA,Extended,Food / Restaurants,Consumer Discretionary,Consumer Services,Adj,Dec,EPS,CY2028,3.775,3.765,-0.3%,2.475,-34.3%,1.974,-20.2%,36.19,18.3,-47.7%,-6.0%,+2.9%,+4.8%
CASY,Extended,Food / Restaurants,Consumer Staples,Consumer Staples Distribution,Adj,Apr,EPS,CY2025,14.088,13.951,-1.0%,13.951,+0.0%,13.951,+0.0%,822.15,58.9,-1.0%,+48.7%,+35.6%,+77.7%
CASY,Extended,Food / Restaurants,Consumer Staples,Consumer Staples Distribution,Adj,Apr,EPS,CY2026,15.819,16.386,+3.6%,17.379,+6.1%,18.202,+4.7%,822.15,45.2,+15.1%,+48.7%,+35.6%,+77.7%
CASY,Extended,Food / Restaurants,Consumer Staples,Consumer Staples Distribution,Adj,Apr,EPS,CY2027,17.843,18.269,+2.4%,19.274,+5.5%,20.049,+4.0%,822.15,41.0,+12.4%,+48.7%,+35.6%,+77.7%
CASY,Extended,Food / Restaurants,Consumer Staples,Consumer Staples Distribution,Adj,Apr,EPS,CY2028,,20.486,,21.282,+3.9%,22.18,+4.2%,822.15,37.1,,+48.7%,+35.6%,+77.7%
ACI,Extended,Food / Restaurants,Consumer Staples,Consumer Staples Distribution,Adj,Feb,EPS,CY2025,2.128,2.15,+1.0%,2.141,-0.4%,2.143,+0.1%,16.85,7.9,+0.7%,-1.9%,+1.2%,-23.3%
ACI,Extended,Food / Restaurants,Consumer Staples,Consumer Staples Distribution,Adj,Feb,EPS,CY2026,2.256,2.321,+2.9%,2.286,-1.5%,2.29,+0.2%,16.85,7.4,+1.5%,-1.9%,+1.2%,-23.3%
ACI,Extended,Food / Restaurants,Consumer Staples,Consumer Staples Distribution,Adj,Feb,EPS,CY2027,2.434,2.486,+2.1%,2.487,+0.0%,2.449,-1.5%,16.85,6.9,+0.6%,-1.9%,+1.2%,-23.3%
ACI,Extended,Food / Restaurants,Consumer Staples,Consumer Staples Distribution,Adj,Feb,EPS,CY2028,2.207,2.466,+11.7%,2.63,+6.7%,2.63,+0.0%,16.85,6.4,+19.2%,-1.9%,+1.2%,-23.3%
DIN,Extended,Food / Restaurants,Consumer Discretionary,Consumer Services,Adj,Dec,EPS,CY2025,5.217,4.182,-19.8%,4.01,-4.1%,3.984,-0.6%,27.78,7.0,-23.6%,-13.6%,-19.2%,+39.5%
DIN,Extended,Food / Restaurants,Consumer Discretionary,Consumer Services,Adj,Dec,EPS,CY2026,5.375,4.545,-15.4%,4.834,+6.4%,4.718,-2.4%,27.78,5.9,-12.2%,-13.6%,-19.2%,+39.5%
DIN,Extended,Food / Restaurants,Consumer Discretionary,Consumer Services,Adj,Dec,EPS,CY2027,6.4,5.37,-16.1%,5.185,-3.4%,5.242,+1.1%,27.78,5.3,-18.1%,-13.6%,-19.2%,+39.5%
DIN,Extended,Food / Restaurants,Consumer Discretionary,Consumer Services,Adj,Dec,EPS,CY2028,7.0,6.75,-3.6%,6.74,-0.1%,5.925,-12.1%,27.78,4.7,-15.4%,-13.6%,-19.2%,+39.5%
KR,Extended,Food / Restaurants,Consumer Staples,Consumer Staples Distribution,Adj,Jan,EPS,CY2025,4.747,4.8,+1.1%,4.796,-0.1%,4.805,+0.2%,68.07,14.2,+1.2%,+8.9%,+8.3%,-5.7%
KR,Extended,Food / Restaurants,Consumer Staples,Consumer Staples Distribution,Adj,Jan,EPS,CY2026,5.115,5.254,+2.7%,5.269,+0.3%,5.231,-0.7%,68.07,13.0,+2.3%,+8.9%,+8.3%,-5.7%
KR,Extended,Food / Restaurants,Consumer Staples,Consumer Staples Distribution,Adj,Jan,EPS,CY2027,5.389,5.586,+3.7%,5.577,-0.2%,5.624,+0.8%,68.07,12.1,+4.4%,+8.9%,+8.3%,-5.7%
KR,Extended,Food / Restaurants,Consumer Staples,Consumer Staples Distribution,Adj,Jan,EPS,CY2028,5.18,5.558,+7.3%,5.809,+4.5%,5.961,+2.6%,68.07,11.4,+15.1%,+8.9%,+8.3%,-5.7%
MRSH,Extended,Insurance Brokers / Consultants,Financials,Insurance,Adj,Dec,EPS,CY2025,9.586,9.605,+0.2%,9.602,-0.0%,9.602,+0.0%,167.71,17.5,+0.2%,-9.6%,-10.9%,-25.6%
MRSH,Extended,Insurance Brokers / Consultants,Financials,Insurance,Adj,Dec,EPS,CY2026,10.407,10.327,-0.8%,10.348,+0.2%,10.376,+0.3%,167.71,16.2,-0.3%,-9.6%,-10.9%,-25.6%
MRSH,Extended,Insurance Brokers / Consultants,Financials,Insurance,Adj,Dec,EPS,CY2027,11.375,11.233,-1.2%,11.274,+0.4%,11.279,+0.0%,167.71,14.9,-0.8%,-9.6%,-10.9%,-25.6%
MRSH,Extended,Insurance Brokers / Consultants,Financials,Insurance,Adj,Dec,EPS,CY2028,13.013,12.837,-1.4%,12.379,-3.6%,12.275,-0.8%,167.71,13.7,-5.7%,-9.6%,-10.9%,-25.6%
WTW,Extended,Insurance Brokers / Consultants,Financials,Insurance,Adj,Dec,EPS,CY2025,16.783,16.98,+1.2%,16.945,-0.2%,16.945,+0.0%,256.2,15.1,+1.0%,-22.0%,-19.3%,-16.8%
WTW,Extended,Insurance Brokers / Consultants,Financials,Insurance,Adj,Dec,EPS,CY2026,19.125,19.344,+1.1%,19.304,-0.2%,19.617,+1.6%,256.2,13.1,+2.6%,-22.0%,-19.3%,-16.8%
WTW,Extended,Insurance Brokers / Consultants,Financials,Insurance,Adj,Dec,EPS,CY2027,21.768,22.143,+1.7%,22.113,-0.1%,22.311,+0.9%,256.2,11.5,+2.5%,-22.0%,-19.3%,-16.8%
WTW,Extended,Insurance Brokers / Consultants,Financials,Insurance,Adj,Dec,EPS,CY2028,24.59,24.635,+0.2%,24.224,-1.7%,25.271,+4.3%,256.2,10.1,+2.8%,-22.0%,-19.3%,-16.8%
AJG,Extended,Insurance Brokers / Consultants,Financials,Insurance,Adj,Dec,EPS,CY2025,11.162,10.943,-2.0%,10.7,-2.2%,10.7,+0.0%,206.4,19.3,-4.1%,-20.2%,-17.2%,-35.6%
AJG,Extended,Insurance Brokers / Consultants,Financials,Insurance,Adj,Dec,EPS,CY2026,13.562,13.503,-0.4%,13.308,-1.4%,13.222,-0.6%,206.4,15.6,-2.5%,-20.2%,-17.2%,-35.6%
AJG,Extended,Insurance Brokers / Consultants,Financials,Insurance,Adj,Dec,EPS,CY2027,15.181,15.135,-0.3%,14.918,-1.4%,14.861,-0.4%,206.4,13.9,-2.1%,-20.2%,-17.2%,-35.6%
AJG,Extended,Insurance Brokers / Consultants,Financials,Insurance,Adj,Dec,EPS,CY2028,16.76,15.735,-6.1%,16.474,+4.7%,16.748,+1.7%,206.4,12.3,-0.1%,-20.2%,-17.2%,-35.6%
BRO,Extended,Insurance Brokers / Consultants,Financials,Insurance,Adj,Dec,EPS,CY2025,4.193,4.237,+1.0%,4.264,+0.6%,4.264,+0.0%,60.15,14.1,+1.7%,-24.5%,-16.6%,-45.6%
BRO,Extended,Insurance Brokers / Consultants,Financials,Insurance,Adj,Dec,EPS,CY2026,4.52,4.712,+4.2%,4.531,-3.8%,4.521,-0.2%,60.15,13.3,+0.0%,-24.5%,-16.6%,-45.6%
BRO,Extended,Insurance Brokers / Consultants,Financials,Insurance,Adj,Dec,EPS,CY2027,4.942,5.209,+5.4%,4.997,-4.1%,4.892,-2.1%,60.15,12.3,-1.0%,-24.5%,-16.6%,-45.6%
BRO,Extended,Insurance Brokers / Consultants,Financials,Insurance,Adj,Dec,EPS,CY2028,,,,5.443,,5.222,-4.1%,60.15,11.5,,-24.5%,-16.6%,-45.6%
ACN,Extended,Insurance Brokers / Consultants,Information Technology,Software & Services,Adj,Aug,EPS,CY2025,12.72,12.899,+1.4%,12.899,+0.0%,12.899,+0.0%,178.71,13.9,+1.4%,-33.4%,-32.2%,-40.3%
ACN,Extended,Insurance Brokers / Consultants,Information Technology,Software & Services,Adj,Aug,EPS,CY2026,13.637,13.808,+1.3%,13.82,+0.1%,13.887,+0.5%,178.71,12.9,+1.8%,-33.4%,-32.2%,-40.3%
ACN,Extended,Insurance Brokers / Consultants,Information Technology,Software & Services,Adj,Aug,EPS,CY2027,14.889,14.906,+0.1%,14.906,+0.0%,14.972,+0.4%,178.71,11.9,+0.6%,-33.4%,-32.2%,-40.3%
ACN,Extended,Insurance Brokers / Consultants,Information Technology,Software & Services,Adj,Aug,EPS,CY2028,17.014,16.118,-5.3%,16.222,+0.6%,16.317,+0.6%,178.71,11.0,-4.1%,-33.4%,-32.2%,-40.3%
CTSH,Extended,Insurance Brokers / Consultants,Information Technology,Software & Services,Adj,Dec,EPS,CY2025,5.022,5.243,+4.4%,5.248,+0.1%,5.248,+0.0%,52.9,10.1,+4.5%,-36.3%,-35.5%,-28.1%
CTSH,Extended,Insurance Brokers / Consultants,Information Technology,Software & Services,Adj,Dec,EPS,CY2026,5.399,5.622,+4.1%,5.633,+0.2%,5.685,+0.9%,52.9,9.3,+5.3%,-36.3%,-35.5%,-28.1%
CTSH,Extended,Insurance Brokers / Consultants,Information Technology,Software & Services,Adj,Dec,EPS,CY2027,5.851,6.106,+4.4%,6.118,+0.2%,6.142,+0.4%,52.9,8.6,+5.0%,-36.3%,-35.5%,-28.1%
CTSH,Extended,Insurance Brokers / Consultants,Information Technology,Software & Services,Adj,Dec,EPS,CY2028,,6.445,,6.625,+2.8%,6.684,+0.9%,52.9,7.9,,-36.3%,-35.5%,-28.1%
CNDT,Extended,Insurance Brokers / Consultants,Industrials,Commercial & Professional Serv,Adj,Dec,EPS,CY2025,-0.34,-0.285,+16.2%,-0.42,-47.4%,-0.42,+0.0%,1.71,-4.1,-23.5%,-10.9%,+23.0%,-19.0%
CNDT,Extended,Insurance Brokers / Consultants,Industrials,Commercial & Professional Serv,Adj,Dec,EPS,CY2026,,0.02,,0.005,-75.0%,-0.46,-9300.0%,1.71,-3.7,,-10.9%,+23.0%,-19.0%
CNDT,Extended,Insurance Brokers / Consultants,Industrials,Commercial & Professional Serv,Adj,Dec,EPS,CY2027,,,,0.16,,-0.06,-137.5%,1.71,-28.5,,-10.9%,+23.0%,-19.0%
CNDT,Extended,Insurance Brokers / Consultants,Industrials,Commercial & Professional Serv,Adj,Dec,EPS,CY2028,,,,,,,,1.71,,,-10.9%,+23.0%,-19.0%
TCS,Extended,Insurance Brokers / Consultants,Information Technology,Software & Services,GAAP,Mar,EPS,CY2025,143.386,141.759,-1.1%,139.872,-1.3%,140.162,+0.2%,2473.9,17.7,-2.2%,-21.7%,-22.4%,-27.3%
TCS,Extended,Insurance Brokers / Consultants,Information Technology,Software & Services,GAAP,Mar,EPS,CY2026,157.145,151.713,-3.5%,153.718,+1.3%,155.332,+1.0%,2473.9,15.9,-1.2%,-21.7%,-22.4%,-27.3%
TCS,Extended,Insurance Brokers / Consultants,Information Technology,Software & Services,GAAP,Mar,EPS,CY2027,168.186,162.904,-3.1%,166.22,+2.0%,165.153,-0.6%,2473.9,15.0,-1.8%,-21.7%,-22.4%,-27.3%
TCS,Extended,Insurance Brokers / Consultants,Information Technology,Software & Services,GAAP,Mar,EPS,CY2028,211.22,170.003,-19.5%,180.863,+6.4%,173.379,-4.1%,2473.9,14.3,-17.9%,-21.7%,-22.4%,-27.3%
DXC,Extended,Insurance Brokers / Consultants,Information Technology,Software & Services,Adj,Mar,EPS,CY2025,3.403,3.117,-8.4%,3.168,+1.6%,3.178,+0.3%,11.32,3.6,-6.6%,-22.7%,-21.6%,-27.1%
DXC,Extended,Insurance Brokers / Consultants,Information Technology,Software & Services,Adj,Mar,EPS,CY2026,3.483,3.144,-9.7%,3.278,+4.3%,3.289,+0.3%,11.32,3.4,-5.6%,-22.7%,-21.6%,-27.1%
DXC,Extended,Insurance Brokers / Consultants,Information Technology,Software & Services,Adj,Mar,EPS,CY2027,,3.36,,3.468,+3.2%,3.628,+4.6%,11.32,3.1,,-22.7%,-21.6%,-27.1%
DXC,Extended,Insurance Brokers / Consultants,Information Technology,Software & Services,Adj,Mar,EPS,CY2028,,2.84,,2.84,+0.0%,3.64,+28.2%,11.32,3.1,,-22.7%,-21.6%,-27.1%
RHI,Extended,Insurance Brokers / Consultants,Industrials,Commercial & Professional Serv,Adj,Dec,EPS,CY2025,1.872,1.315,-29.8%,1.327,+0.9%,1.327,+0.0%,26.61,20.1,-29.1%,-2.0%,-23.1%,-39.9%
RHI,Extended,Insurance Brokers / Consultants,Industrials,Commercial & Professional Serv,Adj,Dec,EPS,CY2026,2.888,1.786,-38.2%,1.549,-13.3%,1.32,-14.8%,26.61,20.2,-54.3%,-2.0%,-23.1%,-39.9%
RHI,Extended,Insurance Brokers / Consultants,Industrials,Commercial & Professional Serv,Adj,Dec,EPS,CY2027,4.142,2.626,-36.6%,2.387,-9.1%,2.073,-13.2%,26.61,12.8,-50.0%,-2.0%,-23.1%,-39.9%
RHI,Extended,Insurance Brokers / Consultants,Industrials,Commercial & Professional Serv,Adj,Dec,EPS,CY2028,3.1,3.355,+8.2%,2.895,-13.7%,2.64,-8.8%,26.61,10.1,-14.8%,-2.0%,-23.1%,-39.9%
MAN,Extended,Insurance Brokers / Consultants,Industrials,Commercial & Professional Serv,Adj,Dec,EPS,CY2025,2.923,2.904,-0.7%,2.87,-1.2%,2.87,+0.0%,30.27,10.5,-1.8%,+1.8%,-16.7%,-29.7%
MAN,Extended,Insurance Brokers / Consultants,Industrials,Commercial & Professional Serv,Adj,Dec,EPS,CY2026,4.439,3.863,-13.0%,3.793,-1.8%,3.676,-3.1%,30.27,8.2,-17.2%,+1.8%,-16.7%,-29.7%
MAN,Extended,Insurance Brokers / Consultants,Industrials,Commercial & Professional Serv,Adj,Dec,EPS,CY2027,5.768,5.537,-4.0%,5.121,-7.5%,4.79,-6.5%,30.27,6.3,-17.0%,+1.8%,-16.7%,-29.7%
MAN,Extended,Insurance Brokers / Consultants,Industrials,Commercial & Professional Serv,Adj,Dec,EPS,CY2028,5.6,6.42,+14.6%,5.85,-8.9%,6.382,+9.1%,30.27,4.7,+14.0%,+1.8%,-16.7%,-29.7%
FCN,Extended,Insurance Brokers / Consultants,Industrials,Commercial & Professional Serv,Adj,Dec,EPS,CY2025,8.305,8.507,+2.4%,8.513,+0.1%,8.513,+0.0%,179.3,21.1,+2.5%,+5.0%,+2.7%,+7.8%
FCN,Extended,Insurance Brokers / Consultants,Industrials,Commercial & Professional Serv,Adj,Dec,EPS,CY2026,9.02,9.467,+5.0%,9.48,+0.1%,9.28,-2.1%,179.3,19.3,+2.9%,+5.0%,+2.7%,+7.8%
FCN,Extended,Insurance Brokers / Consultants,Industrials,Commercial & Professional Serv,Adj,Dec,EPS,CY2027,10.63,11.08,+4.2%,11.115,+0.3%,11.067,-0.4%,179.3,16.2,+4.1%,+5.0%,+2.7%,+7.8%
FCN,Extended,Insurance Brokers / Consultants,Industrials,Commercial & Professional Serv,Adj,Dec,EPS,CY2028,,,,,,12.19,,179.3,14.7,,+5.0%,+2.7%,+7.8%
JLL,Extended,Insurance Brokers / Consultants,Real Estate,Real Estate Management & Devel,Adj,Dec,EPS,CY2025,16.377,16.825,+2.7%,17.398,+3.4%,17.431,+0.2%,318.13,18.3,+6.4%,-5.5%,-11.1%,+39.9%
JLL,Extended,Insurance Brokers / Consultants,Real Estate,Real Estate Management & Devel,Adj,Dec,EPS,CY2026,19.591,20.094,+2.6%,20.427,+1.7%,22.318,+9.3%,318.13,14.3,+13.9%,-5.5%,-11.1%,+39.9%
JLL,Extended,Insurance Brokers / Consultants,Real Estate,Real Estate Management & Devel,Adj,Dec,EPS,CY2027,21.763,22.84,+4.9%,23.212,+1.6%,25.229,+8.7%,318.13,12.6,+15.9%,-5.5%,-11.1%,+39.9%
JLL,Extended,Insurance Brokers / Consultants,Real Estate,Real Estate Management & Devel,Adj,Dec,EPS,CY2028,25.198,25.665,+1.9%,26.288,+2.4%,28.401,+8.0%,318.13,11.2,+12.7%,-5.5%,-11.1%,+39.9%
G,Extended,Insurance Brokers / Consultants,Industrials,Commercial & Professional Serv,Adj,Dec,EPS,CY2025,3.532,3.548,+0.5%,3.619,+2.0%,3.619,+0.0%,34.75,9.6,+2.5%,-25.7%,-21.2%,-30.9%
G,Extended,Insurance Brokers / Consultants,Industrials,Commercial & Professional Serv,Adj,Dec,EPS,CY2026,3.882,3.884,+0.1%,3.955,+1.8%,4.02,+1.6%,34.75,8.6,+3.6%,-25.7%,-21.2%,-30.9%
G,Extended,Insurance Brokers / Consultants,Industrials,Commercial & Professional Serv,Adj,Dec,EPS,CY2027,4.25,4.333,+2.0%,4.429,+2.2%,4.448,+0.4%,34.75,7.8,+4.7%,-25.7%,-21.2%,-30.9%
G,Extended,Insurance Brokers / Consultants,Industrials,Commercial & Professional Serv,Adj,Dec,EPS,CY2028,5.03,4.675,-7.1%,4.9,+4.8%,5.0,+2.0%,34.75,7.0,-0.6%,-25.7%,-21.2%,-30.9%
CBRE,Extended,Insurance Brokers / Consultants,Real Estate,Real Estate Management & Devel,Adj,Dec,EPS,CY2025,5.939,6.326,+6.5%,6.33,+0.1%,6.337,+0.1%,142.73,22.5,+6.7%,-11.2%,-16.2%,+16.8%
CBRE,Extended,Insurance Brokers / Consultants,Real Estate,Real Estate Management & Devel,Adj,Dec,EPS,CY2026,7.012,7.347,+4.8%,7.351,+0.1%,7.671,+4.4%,142.73,18.6,+9.4%,-11.2%,-16.2%,+16.8%
CBRE,Extended,Insurance Brokers / Consultants,Real Estate,Real Estate Management & Devel,Adj,Dec,EPS,CY2027,8.069,8.499,+5.3%,8.565,+0.8%,8.931,+4.3%,142.73,16.0,+10.7%,-11.2%,-16.2%,+16.8%
CBRE,Extended,Insurance Brokers / Consultants,Real Estate,Real Estate Management & Devel,Adj,Dec,EPS,CY2028,9.206,9.74,+5.8%,9.763,+0.2%,10.119,+3.6%,142.73,14.1,+9.9%,-11.2%,-16.2%,+16.8%
NSP,Extended,Insurance Brokers / Consultants,Industrials,Commercial & Professional Serv,Adj,Dec,EPS,CY2025,2.478,2.11,-14.9%,1.144,-45.8%,1.144,+0.0%,35.57,31.1,-53.8%,-8.1%,-16.8%,-45.3%
NSP,Extended,Insurance Brokers / Consultants,Industrials,Commercial & Professional Serv,Adj,Dec,EPS,CY2026,3.663,2.982,-18.6%,2.438,-18.2%,2.142,-12.1%,35.57,16.6,-41.5%,-8.1%,-16.8%,-45.3%
NSP,Extended,Insurance Brokers / Consultants,Industrials,Commercial & Professional Serv,Adj,Dec,EPS,CY2027,4.28,3.96,-7.5%,3.513,-11.3%,3.092,-12.0%,35.57,11.5,-27.8%,-8.1%,-16.8%,-45.3%
NSP,Extended,Insurance Brokers / Consultants,Industrials,Commercial & Professional Serv,Adj,Dec,EPS,CY2028,,4.61,,4.38,-5.0%,3.92,-10.5%,35.57,9.1,,-8.1%,-16.8%,-45.3%
BAC,Extended,Banks,Financials,Banks,GAAP,Dec,EPS,CY2025,3.634,3.804,+4.7%,3.818,+0.4%,3.818,+0.0%,53.46,14.0,+5.1%,-2.8%,+0.5%,+34.1%
BAC,Extended,Banks,Financials,Banks,GAAP,Dec,EPS,CY2026,4.211,4.343,+3.1%,4.329,-0.3%,4.477,+3.4%,53.46,11.9,+6.3%,-2.8%,+0.5%,+34.1%
BAC,Extended,Banks,Financials,Banks,GAAP,Dec,EPS,CY2027,4.619,4.909,+6.3%,4.952,+0.9%,5.059,+2.2%,53.46,10.6,+9.5%,-2.8%,+0.5%,+34.1%
BAC,Extended,Banks,Financials,Banks,GAAP,Dec,EPS,CY2028,4.15,4.71,+13.5%,5.638,+19.7%,5.811,+3.1%,53.46,9.2,+40.0%,-2.8%,+0.5%,+34.1%
WFC,Extended,Banks,Financials,Banks,GAAP,Dec,EPS,CY2025,5.819,6.309,+8.4%,6.332,+0.4%,6.332,+0.0%,82.23,13.0,+8.8%,-11.8%,-9.1%,+15.8%
WFC,Extended,Banks,Financials,Banks,GAAP,Dec,EPS,CY2026,6.538,6.954,+6.4%,6.971,+0.2%,6.977,+0.1%,82.23,11.8,+6.7%,-11.8%,-9.1%,+15.8%
WFC,Extended,Banks,Financials,Banks,GAAP,Dec,EPS,CY2027,7.466,7.942,+6.4%,7.909,-0.4%,7.861,-0.6%,82.23,10.5,+5.3%,-11.8%,-9.1%,+15.8%
WFC,Extended,Banks,Financials,Banks,GAAP,Dec,EPS,CY2028,8.26,8.73,+5.7%,8.852,+1.4%,8.854,+0.0%,82.23,9.3,+7.2%,-11.8%,-9.1%,+15.8%
USB,Extended,Banks,Financials,Banks,Adj,Dec,EPS,CY2025,4.312,4.534,+5.1%,4.573,+0.9%,4.573,+0.0%,56.66,12.4,+6.1%,+6.2%,+1.0%,+40.5%
USB,Extended,Banks,Financials,Banks,Adj,Dec,EPS,CY2026,4.748,4.888,+2.9%,5.03,+2.9%,5.112,+1.6%,56.66,11.1,+7.7%,+6.2%,+1.0%,+40.5%
USB,Extended,Banks,Financials,Banks,Adj,Dec,EPS,CY2027,4.89,5.369,+9.8%,5.55,+3.4%,5.692,+2.6%,56.66,10.0,+16.4%,+6.2%,+1.0%,+40.5%
USB,Extended,Banks,Financials,Banks,Adj,Dec,EPS,CY2028,4.77,5.16,+8.2%,5.842,+13.2%,6.248,+6.9%,56.66,9.1,+31.0%,+6.2%,+1.0%,+40.5%
PNC,Extended,Banks,Financials,Banks,Adj,Dec,EPS,CY2025,14.909,15.896,+6.6%,16.078,+1.1%,16.078,+0.0%,223.0,13.9,+7.8%,+6.8%,-0.1%,+38.8%
PNC,Extended,Banks,Financials,Banks,Adj,Dec,EPS,CY2026,17.07,17.774,+4.1%,18.453,+3.8%,18.708,+1.4%,223.0,11.9,+9.6%,+6.8%,-0.1%,+38.8%
PNC,Extended,Banks,Financials,Banks,Adj,Dec,EPS,CY2027,18.72,19.644,+4.9%,20.576,+4.7%,21.027,+2.2%,223.0,10.6,+12.3%,+6.8%,-0.1%,+38.8%
PNC,Extended,Banks,Financials,Banks,Adj,Dec,EPS,CY2028,16.81,16.53,-1.7%,22.402,+35.5%,22.938,+2.4%,223.0,9.7,+36.5%,+6.8%,-0.1%,+38.8%
GS,Extended,Banks,Financials,Financial Services,GAAP,Dec,EPS,CY2025,44.811,48.378,+8.0%,49.193,+1.7%,49.193,+0.0%,923.77,18.8,+9.8%,+5.1%,-1.2%,+68.7%
GS,Extended,Banks,Financials,Financial Services,GAAP,Dec,EPS,CY2026,49.982,54.995,+10.0%,57.91,+5.3%,59.377,+2.5%,923.77,15.6,+18.8%,+5.1%,-1.2%,+68.7%
GS,Extended,Banks,Financials,Financial Services,GAAP,Dec,EPS,CY2027,55.178,61.627,+11.7%,64.435,+4.6%,65.371,+1.5%,923.77,14.1,+18.5%,+5.1%,-1.2%,+68.7%
GS,Extended,Banks,Financials,Financial Services,GAAP,Dec,EPS,CY2028,56.067,65.844,+17.4%,68.372,+3.8%,70.26,+2.8%,923.77,13.1,+25.3%,+5.1%,-1.2%,+68.7%
MS,Extended,Banks,Financials,Financial Services,GAAP,Dec,EPS,CY2025,8.602,9.7,+12.8%,9.922,+2.3%,9.922,+0.0%,190.59,19.2,+15.3%,+7.4%,+4.3%,+65.1%
MS,Extended,Banks,Financials,Financial Services,GAAP,Dec,EPS,CY2026,9.215,10.283,+11.6%,11.316,+10.0%,11.851,+4.7%,190.59,16.1,+28.6%,+7.4%,+4.3%,+65.1%
MS,Extended,Banks,Financials,Financial Services,GAAP,Dec,EPS,CY2027,9.922,11.343,+14.3%,12.177,+7.4%,12.721,+4.5%,190.59,15.0,+28.2%,+7.4%,+4.3%,+65.1%
MS,Extended,Banks,Financials,Financial Services,GAAP,Dec,EPS,CY2028,10.59,12.473,+17.8%,12.685,+1.7%,13.653,+7.6%,190.59,14.0,+28.9%,+7.4%,+4.3%,+65.1%
C,Extended,Banks,Financials,Banks,GAAP,Dec,EPS,CY2025,7.301,7.576,+3.8%,7.213,-4.8%,7.213,+0.0%,127.98,17.7,-1.2%,+9.7%,+10.6%,+87.2%
C,Extended,Banks,Financials,Banks,GAAP,Dec,EPS,CY2026,9.224,9.904,+7.4%,10.245,+3.4%,10.807,+5.5%,127.98,11.8,+17.2%,+9.7%,+10.6%,+87.2%
C,Extended,Banks,Financials,Banks,GAAP,Dec,EPS,CY2027,10.817,11.663,+7.8%,11.804,+1.2%,12.397,+5.0%,127.98,10.3,+14.6%,+9.7%,+10.6%,+87.2%
C,Extended,Banks,Financials,Banks,GAAP,Dec,EPS,CY2028,8.21,9.43,+14.9%,12.336,+30.8%,14.17,+14.9%,127.98,9.0,+72.6%,+9.7%,+10.6%,+87.2%
TFC,Extended,Banks,Financials,Banks,Adj,Dec,EPS,CY2025,3.846,3.917,+1.8%,3.966,+1.3%,3.966,+0.0%,51.5,13.0,+3.1%,+4.7%,+0.2%,+34.3%
TFC,Extended,Banks,Financials,Banks,Adj,Dec,EPS,CY2026,4.342,4.449,+2.5%,4.513,+1.4%,4.529,+0.4%,51.5,11.4,+4.3%,+4.7%,+0.2%,+34.3%
TFC,Extended,Banks,Financials,Banks,Adj,Dec,EPS,CY2027,4.618,5.043,+9.2%,5.034,-0.2%,5.132,+1.9%,51.5,10.0,+11.1%,+4.7%,+0.2%,+34.3%
TFC,Extended,Banks,Financials,Banks,Adj,Dec,EPS,CY2028,4.86,4.77,-1.9%,5.355,+12.3%,5.715,+6.7%,51.5,9.0,+17.6%,+4.7%,+0.2%,+34.3%
MTB,Extended,Banks,Financials,Banks,Adj,Dec,EPS,CY2025,15.897,16.733,+5.3%,16.715,-0.1%,16.715,+0.0%,218.63,13.1,+5.1%,+8.5%,-1.3%,+28.8%
MTB,Extended,Banks,Financials,Banks,Adj,Dec,EPS,CY2026,18.312,18.723,+2.2%,18.742,+0.1%,18.687,-0.3%,218.63,11.7,+2.0%,+8.5%,-1.3%,+28.8%
MTB,Extended,Banks,Financials,Banks,Adj,Dec,EPS,CY2027,20.014,20.957,+4.7%,21.073,+0.6%,20.836,-1.1%,218.63,10.5,+4.1%,+8.5%,-1.3%,+28.8%
MTB,Extended,Banks,Financials,Banks,Adj,Dec,EPS,CY2028,14.44,20.0,+38.5%,23.718,+18.6%,23.09,-2.6%,218.63,9.5,+59.9%,+8.5%,-1.3%,+28.8%
BK,Extended,Banks,Financials,Financial Services,Adj,Dec,EPS,CY2025,6.751,7.389,+9.5%,7.393,+0.1%,7.393,+0.0%,134.37,18.2,+9.5%,+15.7%,+12.0%,+67.1%
BK,Extended,Banks,Financials,Financial Services,Adj,Dec,EPS,CY2026,7.56,8.149,+7.8%,8.329,+2.2%,8.775,+5.4%,134.37,15.3,+16.1%,+15.7%,+12.0%,+67.1%
BK,Extended,Banks,Financials,Financial Services,Adj,Dec,EPS,CY2027,8.414,9.096,+8.1%,9.328,+2.6%,9.609,+3.0%,134.37,14.0,+14.2%,+15.7%,+12.0%,+67.1%
BK,Extended,Banks,Financials,Financial Services,Adj,Dec,EPS,CY2028,,10.34,,10.413,+0.7%,10.631,+2.1%,134.37,12.6,,+15.7%,+12.0%,+67.1%
STT,Extended,Banks,Financials,Financial Services,Adj,Dec,EPS,CY2025,9.394,10.092,+7.4%,10.201,+1.1%,10.201,+0.0%,152.84,15.0,+8.6%,+18.5%,+16.8%,+73.5%
STT,Extended,Banks,Financials,Financial Services,Adj,Dec,EPS,CY2026,10.352,11.342,+9.6%,11.619,+2.4%,12.368,+6.4%,152.84,12.4,+19.5%,+18.5%,+16.8%,+73.5%
STT,Extended,Banks,Financials,Financial Services,Adj,Dec,EPS,CY2027,11.601,12.731,+9.7%,12.987,+2.0%,13.756,+5.9%,152.84,11.1,+18.6%,+18.5%,+16.8%,+73.5%
STT,Extended,Banks,Financials,Financial Services,Adj,Dec,EPS,CY2028,12.0,13.92,+16.0%,14.647,+5.2%,15.714,+7.3%,152.84,9.7,+31.0%,+18.5%,+16.8%,+73.5%
CB,Extended,Insurance and reinsurance,Financials,Insurance,Adj,Dec,EPS,CY2025,21.31,23.464,+10.1%,24.247,+3.3%,24.264,+0.1%,327.0,13.5,+13.9%,+4.8%,+5.6%,+14.3%
CB,Extended,Insurance and reinsurance,Financials,Insurance,Adj,Dec,EPS,CY2026,25.499,26.191,+2.7%,26.51,+1.2%,27.113,+2.3%,327.0,12.1,+6.3%,+4.8%,+5.6%,+14.3%
CB,Extended,Insurance and reinsurance,Financials,Insurance,Adj,Dec,EPS,CY2027,27.733,28.451,+2.6%,28.652,+0.7%,29.26,+2.1%,327.0,11.2,+5.5%,+4.8%,+5.6%,+14.3%
CB,Extended,Insurance and reinsurance,Financials,Insurance,Adj,Dec,EPS,CY2028,27.41,28.618,+4.4%,30.584,+6.9%,31.521,+3.1%,327.0,10.4,+15.0%,+4.8%,+5.6%,+14.3%
CCC,Extended,Insurance and reinsurance,Information Technology,Software & Services,Adj,Dec,EPS,CY2025,0.367,0.358,-2.5%,0.355,-0.8%,0.355,+0.0%,5.24,14.8,-3.3%,-34.1%,-30.9%,-43.4%
CCC,Extended,Insurance and reinsurance,Information Technology,Software & Services,Adj,Dec,EPS,CY2026,0.432,0.412,-4.6%,0.419,+1.7%,0.426,+1.7%,5.24,12.3,-1.4%,-34.1%,-30.9%,-43.4%
CCC,Extended,Insurance and reinsurance,Information Technology,Software & Services,Adj,Dec,EPS,CY2027,0.463,0.467,+0.9%,0.469,+0.4%,0.488,+4.1%,5.24,10.7,+5.4%,-34.1%,-30.9%,-43.4%
CCC,Extended,Insurance and reinsurance,Information Technology,Software & Services,Adj,Dec,EPS,CY2028,,0.55,,0.55,+0.0%,0.577,+4.9%,5.24,9.1,,-34.1%,-30.9%,-43.4%
ALL,Extended,Insurance and reinsurance,Financials,Insurance,Adj,Dec,EPS,CY2025,17.392,24.195,+39.1%,29.659,+22.6%,29.659,+0.0%,217.26,7.3,+70.5%,+4.4%,+9.2%,+9.5%
ALL,Extended,Insurance and reinsurance,Financials,Insurance,Adj,Dec,EPS,CY2026,21.369,23.002,+7.6%,24.23,+5.3%,26.5,+9.4%,217.26,8.2,+24.0%,+4.4%,+9.2%,+9.5%
ALL,Extended,Insurance and reinsurance,Financials,Insurance,Adj,Dec,EPS,CY2027,23.018,23.389,+1.6%,24.495,+4.7%,25.709,+5.0%,217.26,8.5,+11.7%,+4.4%,+9.2%,+9.5%
ALL,Extended,Insurance and reinsurance,Financials,Insurance,Adj,Dec,EPS,CY2028,20.117,20.293,+0.9%,23.376,+15.2%,24.659,+5.5%,217.26,8.8,+22.6%,+4.4%,+9.2%,+9.5%
TRV,Extended,Insurance and reinsurance,Financials,Insurance,Adj,Dec,EPS,CY2025,18.76,24.842,+32.4%,25.409,+2.3%,25.409,+0.0%,305.14,12.0,+35.4%,+5.2%,+7.3%,+15.5%
TRV,Extended,Insurance and reinsurance,Financials,Insurance,Adj,Dec,EPS,CY2026,24.751,26.682,+7.8%,27.263,+2.2%,28.186,+3.4%,305.14,10.8,+13.9%,+5.2%,+7.3%,+15.5%
TRV,Extended,Insurance and reinsurance,Financials,Insurance,Adj,Dec,EPS,CY2027,26.361,27.905,+5.9%,28.236,+1.2%,28.641,+1.4%,305.14,10.7,+8.6%,+5.2%,+7.3%,+15.5%
TRV,Extended,Insurance and reinsurance,Financials,Insurance,Adj,Dec,EPS,CY2028,25.42,28.825,+13.4%,27.956,-3.0%,28.625,+2.4%,305.14,10.7,+12.6%,+5.2%,+7.3%,+15.5%
AIG,Extended,Insurance and reinsurance,Financials,Insurance,Adj,Dec,EPS,CY2025,6.148,6.516,+6.0%,7.011,+7.6%,7.011,+0.0%,74.8,10.7,+14.0%,-12.6%,-0.1%,-8.2%
AIG,Extended,Insurance and reinsurance,Financials,Insurance,Adj,Dec,EPS,CY2026,7.727,7.764,+0.5%,7.847,+1.1%,7.794,-0.7%,74.8,9.6,+0.9%,-12.6%,-0.1%,-8.2%
AIG,Extended,Insurance and reinsurance,Financials,Insurance,Adj,Dec,EPS,CY2027,8.795,8.739,-0.6%,8.757,+0.2%,8.832,+0.9%,74.8,8.5,+0.4%,-12.6%,-0.1%,-8.2%
AIG,Extended,Insurance and reinsurance,Financials,Insurance,Adj,Dec,EPS,CY2028,8.09,8.097,+0.1%,9.006,+11.2%,9.453,+5.0%,74.8,7.9,+16.8%,-12.6%,-0.1%,-8.2%
ACGL,Extended,Insurance and reinsurance,Financials,Insurance,Adj,Dec,EPS,CY2025,7.696,8.917,+15.9%,9.437,+5.8%,9.436,-0.0%,94.46,10.0,+22.6%,-1.5%,-1.6%,+4.2%
ACGL,Extended,Insurance and reinsurance,Financials,Insurance,Adj,Dec,EPS,CY2026,9.314,9.284,-0.3%,9.406,+1.3%,9.356,-0.5%,94.46,10.1,+0.5%,-1.5%,-1.6%,+4.2%
ACGL,Extended,Insurance and reinsurance,Financials,Insurance,Adj,Dec,EPS,CY2027,9.886,9.946,+0.6%,10.146,+2.0%,10.051,-0.9%,94.46,9.4,+1.7%,-1.5%,-1.6%,+4.2%
ACGL,Extended,Insurance and reinsurance,Financials,Insurance,Adj,Dec,EPS,CY2028,10.26,11.1,+8.2%,10.996,-0.9%,10.738,-2.3%,94.46,8.8,+4.7%,-1.5%,-1.6%,+4.2%
HIG,Extended,Insurance and reinsurance,Financials,Insurance,Adj,Dec,EPS,CY2025,11.035,12.307,+11.5%,12.624,+2.6%,12.624,+0.0%,136.81,10.8,+14.4%,-0.7%,+1.3%,+11.5%
HIG,Extended,Insurance and reinsurance,Financials,Insurance,Adj,Dec,EPS,CY2026,12.868,13.186,+2.5%,13.316,+1.0%,13.128,-1.4%,136.81,10.4,+2.0%,-0.7%,+1.3%,+11.5%
HIG,Extended,Insurance and reinsurance,Financials,Insurance,Adj,Dec,EPS,CY2027,14.154,14.305,+1.1%,14.42,+0.8%,14.445,+0.2%,136.81,9.5,+2.1%,-0.7%,+1.3%,+11.5%
HIG,Extended,Insurance and reinsurance,Financials,Insurance,Adj,Dec,EPS,CY2028,14.95,15.06,+0.7%,15.852,+5.3%,15.647,-1.3%,136.81,8.7,+4.7%,-0.7%,+1.3%,+11.5%
WRB,Extended,Insurance and reinsurance,Financials,Insurance,Adj,Dec,EPS,CY2025,4.322,4.31,-0.3%,4.302,-0.2%,4.302,+0.0%,66.83,15.5,-0.5%,-4.7%,-2.6%,-4.8%
WRB,Extended,Insurance and reinsurance,Financials,Insurance,Adj,Dec,EPS,CY2026,4.795,4.664,-2.7%,4.574,-1.9%,4.657,+1.8%,66.83,14.4,-2.9%,-4.7%,-2.6%,-4.8%
WRB,Extended,Insurance and reinsurance,Financials,Insurance,Adj,Dec,EPS,CY2027,5.214,4.993,-4.2%,4.849,-2.9%,4.814,-0.7%,66.83,13.9,-7.7%,-4.7%,-2.6%,-4.8%
WRB,Extended,Insurance and reinsurance,Financials,Insurance,Adj,Dec,EPS,CY2028,5.31,5.095,-4.0%,5.08,-0.3%,5.161,+1.6%,66.83,12.9,-2.8%,-4.7%,-2.6%,-4.8%
MKL,Extended,Insurance and reinsurance,Financials,Insurance,Adj,Dec,EPS,CY2025,112.171,120.558,+7.5%,120.76,+0.2%,120.76,+0.0%,1772.47,14.7,+7.7%,-17.5%,-13.1%,-2.5%
MKL,Extended,Insurance and reinsurance,Financials,Insurance,Adj,Dec,EPS,CY2026,125.616,126.323,+0.6%,127.28,+0.8%,136.257,+7.1%,1772.47,13.0,+8.5%,-17.5%,-13.1%,-2.5%
MKL,Extended,Insurance and reinsurance,Financials,Insurance,Adj,Dec,EPS,CY2027,137.79,138.67,+0.6%,137.003,-1.2%,143.982,+5.1%,1772.47,12.3,+4.5%,-17.5%,-13.1%,-2.5%
MKL,Extended,Insurance and reinsurance,Financials,Insurance,Adj,Dec,EPS,CY2028,,185.44,,155.22,-16.3%,170.94,+10.1%,1772.47,10.4,,-17.5%,-13.1%,-2.5%
MET,Extended,Insurance and reinsurance,Financials,Insurance,Adj,Dec,EPS,CY2025,9.177,8.694,-5.3%,8.693,-0.0%,8.693,+0.0%,80.1,9.2,-5.3%,+1.5%,+1.5%,+6.3%
MET,Extended,Insurance and reinsurance,Financials,Insurance,Adj,Dec,EPS,CY2026,10.343,10.134,-2.0%,9.848,-2.8%,9.807,-0.4%,80.1,8.2,-5.2%,+1.5%,+1.5%,+6.3%
MET,Extended,Insurance and reinsurance,Financials,Insurance,Adj,Dec,EPS,CY2027,11.358,11.299,-0.5%,11.025,-2.4%,10.955,-0.6%,80.1,7.3,-3.5%,+1.5%,+1.5%,+6.3%
MET,Extended,Insurance and reinsurance,Financials,Insurance,Adj,Dec,EPS,CY2028,12.65,12.625,-0.2%,12.544,-0.6%,12.281,-2.1%,80.1,6.5,-2.9%,+1.5%,+1.5%,+6.3%
PRU,Extended,Insurance and reinsurance,Financials,Insurance,Adj,Dec,EPS,CY2025,13.699,14.252,+4.0%,14.496,+1.7%,14.497,+0.0%,98.11,6.8,+5.8%,-13.1%,-11.7%,-4.5%
PRU,Extended,Insurance and reinsurance,Financials,Insurance,Adj,Dec,EPS,CY2026,14.821,14.861,+0.3%,14.923,+0.4%,13.474,-9.7%,98.11,7.3,-9.1%,-13.1%,-11.7%,-4.5%
PRU,Extended,Insurance and reinsurance,Financials,Insurance,Adj,Dec,EPS,CY2027,15.888,15.844,-0.3%,15.781,-0.4%,14.668,-7.1%,98.11,6.7,-7.7%,-13.1%,-11.7%,-4.5%
PRU,Extended,Insurance and reinsurance,Financials,Insurance,Adj,Dec,EPS,CY2028,17.1,16.8,-1.8%,16.738,-0.4%,15.993,-4.5%,98.11,6.1,-6.5%,-13.1%,-11.7%,-4.5%
LNC,Extended,Insurance and reinsurance,Financials,Insurance,Adj,Dec,EPS,CY2025,7.297,7.884,+8.0%,7.909,+0.3%,7.909,+0.0%,37.81,4.8,+8.4%,-15.1%,-9.1%,+18.6%
LNC,Extended,Insurance and reinsurance,Financials,Insurance,Adj,Dec,EPS,CY2026,7.947,8.004,+0.7%,8.041,+0.5%,7.698,-4.3%,37.81,4.9,-3.1%,-15.1%,-9.1%,+18.6%
LNC,Extended,Insurance and reinsurance,Financials,Insurance,Adj,Dec,EPS,CY2027,8.58,8.7,+1.4%,8.68,-0.2%,8.438,-2.8%,37.81,4.5,-1.7%,-15.1%,-9.1%,+18.6%
LNC,Extended,Insurance and reinsurance,Financials,Insurance,Adj,Dec,EPS,CY2028,10.0,9.325,-6.8%,9.184,-1.5%,9.195,+0.1%,37.81,4.1,-8.0%,-15.1%,-9.1%,+18.6%
PRI,Extended,Insurance and reinsurance,Financials,Insurance,Adj,Dec,EPS,CY2025,20.804,21.626,+4.0%,22.301,+3.1%,22.301,+0.0%,281.27,12.6,+7.2%,+8.9%,+6.9%,+7.3%
PRI,Extended,Insurance and reinsurance,Financials,Insurance,Adj,Dec,EPS,CY2026,22.8,23.627,+3.6%,23.913,+1.2%,23.904,-0.0%,281.27,11.8,+4.8%,+8.9%,+6.9%,+7.3%
PRI,Extended,Insurance and reinsurance,Financials,Insurance,Adj,Dec,EPS,CY2027,24.56,25.61,+4.3%,26.124,+2.0%,26.163,+0.1%,281.27,10.8,+6.5%,+8.9%,+6.9%,+7.3%
PRI,Extended,Insurance and reinsurance,Financials,Insurance,Adj,Dec,EPS,CY2028,27.5,28.335,+3.0%,28.85,+1.8%,28.7,-0.5%,281.27,9.8,+4.4%,+8.9%,+6.9%,+7.3%
AFL,Extended,Insurance and reinsurance,Financials,Insurance,Adj,Dec,EPS,CY2025,6.778,6.909,+1.9%,7.614,+10.2%,7.614,+0.0%,113.67,14.9,+12.3%,+3.1%,+2.5%,+4.6%
AFL,Extended,Insurance and reinsurance,Financials,Insurance,Adj,Dec,EPS,CY2026,7.2,7.336,+1.9%,7.296,-0.5%,7.211,-1.2%,113.67,15.8,+0.2%,+3.1%,+2.5%,+4.6%
AFL,Extended,Insurance and reinsurance,Financials,Insurance,Adj,Dec,EPS,CY2027,7.537,7.753,+2.9%,7.729,-0.3%,7.729,+0.0%,113.67,14.7,+2.5%,+3.1%,+2.5%,+4.6%
AFL,Extended,Insurance and reinsurance,Financials,Insurance,Adj,Dec,EPS,CY2028,8.25,8.175,-0.9%,7.913,-3.2%,8.102,+2.4%,113.67,14.0,-1.8%,+3.1%,+2.5%,+4.6%
DIS,Extended,Media content,Communication Services,Media & Entertainment,Adj,Sep,EPS,CY2025,5.455,5.877,+7.7%,5.874,-0.1%,5.874,+0.0%,103.75,17.7,+7.7%,-8.8%,-8.0%,+14.1%
DIS,Extended,Media content,Communication Services,Media & Entertainment,Adj,Sep,EPS,CY2026,5.953,6.441,+8.2%,6.596,+2.4%,6.588,-0.1%,103.75,15.7,+10.7%,-8.8%,-8.0%,+14.1%
DIS,Extended,Media content,Communication Services,Media & Entertainment,Adj,Sep,EPS,CY2027,6.728,7.15,+6.3%,7.311,+2.3%,7.281,-0.4%,103.75,14.2,+8.2%,-8.8%,-8.0%,+14.1%
DIS,Extended,Media content,Communication Services,Media & Entertainment,Adj,Sep,EPS,CY2028,7.359,7.706,+4.7%,8.141,+5.6%,8.079,-0.8%,103.75,12.8,+9.8%,-8.8%,-8.0%,+14.1%
FOXA,Extended,Media content,Communication Services,Media & Entertainment,Adj,Jun,EPS,CY2025,4.325,4.488,+3.8%,4.488,+0.0%,4.488,+0.0%,63.49,14.1,+3.8%,-13.1%,-12.8%,+27.5%
FOXA,Extended,Media content,Communication Services,Media & Entertainment,Adj,Jun,EPS,CY2026,4.01,4.363,+8.8%,4.472,+2.5%,4.643,+3.8%,63.49,13.7,+15.8%,-13.1%,-12.8%,+27.5%
FOXA,Extended,Media content,Communication Services,Media & Entertainment,Adj,Jun,EPS,CY2027,4.569,4.96,+8.6%,5.049,+1.8%,5.116,+1.3%,63.49,12.4,+12.0%,-13.1%,-12.8%,+27.5%
FOXA,Extended,Media content,Communication Services,Media & Entertainment,Adj,Jun,EPS,CY2028,4.273,4.919,+15.1%,5.017,+2.0%,5.091,+1.5%,63.49,12.5,+19.1%,-13.1%,-12.8%,+27.5%
AMCX,Extended,Media content,Communication Services,Media & Entertainment,Adj,Dec,EPS,CY2025,2.913,2.251,-22.7%,2.017,-10.4%,2.017,+0.0%,8.49,4.2,-30.8%,-10.8%,+10.1%,+32.7%
AMCX,Extended,Media content,Communication Services,Media & Entertainment,Adj,Dec,EPS,CY2026,2.647,1.991,-24.8%,1.789,-10.1%,1.577,-11.9%,8.49,5.4,-40.4%,-10.8%,+10.1%,+32.7%
AMCX,Extended,Media content,Communication Services,Media & Entertainment,Adj,Dec,EPS,CY2027,2.42,1.851,-23.5%,1.318,-28.8%,1.381,+4.8%,8.49,6.1,-42.9%,-10.8%,+10.1%,+32.7%
AMCX,Extended,Media content,Communication Services,Media & Entertainment,Adj,Dec,EPS,CY2028,,2.198,,1.46,-33.6%,1.026,-29.7%,8.49,8.3,,-10.8%,+10.1%,+32.7%
TTWO,Extended,Media content,Communication Services,Media & Entertainment,Adj,Mar,EPS,CY2025,7.39,2.917,-60.5%,3.331,+14.2%,3.908,+17.3%,213.76,54.7,-47.1%,-16.5%,-3.0%,-8.4%
TTWO,Extended,Media content,Communication Services,Media & Entertainment,Adj,Mar,EPS,CY2026,9.159,9.194,+0.4%,7.995,-13.0%,8.115,+1.5%,213.76,26.3,-11.4%,-16.5%,-3.0%,-8.4%
TTWO,Extended,Media content,Communication Services,Media & Entertainment,Adj,Mar,EPS,CY2027,9.086,10.381,+14.3%,10.56,+1.7%,10.546,-0.1%,213.76,20.3,+16.1%,-16.5%,-3.0%,-8.4%
TTWO,Extended,Media content,Communication Services,Media & Entertainment,Adj,Mar,EPS,CY2028,11.019,13.354,+21.2%,11.839,-11.3%,11.35,-4.1%,213.76,18.8,+3.0%,-16.5%,-3.0%,-8.4%
RBLX,Extended,Media content,Communication Services,Media & Entertainment,Adj,Dec,EPS,CY2025,-1.443,-1.582,-9.6%,-1.548,+2.1%,-1.376,+11.1%,55.26,-40.2,+4.6%,-31.8%,-16.0%,-17.6%
RBLX,Extended,Media content,Communication Services,Media & Entertainment,Adj,Dec,EPS,CY2026,-0.809,-1.461,-80.6%,-1.331,+8.9%,-1.459,-9.6%,55.26,-37.9,-80.3%,-31.8%,-16.0%,-17.6%
RBLX,Extended,Media content,Communication Services,Media & Entertainment,Adj,Dec,EPS,CY2027,-0.786,-1.151,-46.4%,-0.867,+24.7%,-1.023,-18.0%,55.26,-54.0,-30.2%,-31.8%,-16.0%,-17.6%
RBLX,Extended,Media content,Communication Services,Media & Entertainment,Adj,Dec,EPS,CY2028,-0.431,0.08,+118.6%,0.4,+400.0%,-0.467,-216.8%,55.26,-118.3,-8.4%,-31.8%,-16.0%,-17.6%
EA,Extended,Media content,Communication Services,Media & Entertainment,Adj,Mar,EPS,CY2025,7.511,8.545,+13.8%,8.552,+0.1%,8.636,+1.0%,202.37,23.4,+15.0%,-1.0%,-0.8%,+39.5%
EA,Extended,Media content,Communication Services,Media & Entertainment,Adj,Mar,EPS,CY2026,8.593,9.209,+7.2%,9.232,+0.2%,9.29,+0.6%,202.37,21.8,+8.1%,-1.0%,-0.8%,+39.5%
EA,Extended,Media content,Communication Services,Media & Entertainment,Adj,Mar,EPS,CY2027,9.391,10.076,+7.3%,10.064,-0.1%,10.046,-0.2%,202.37,20.1,+7.0%,-1.0%,-0.8%,+39.5%
EA,Extended,Media content,Communication Services,Media & Entertainment,Adj,Mar,EPS,CY2028,10.631,11.064,+4.1%,11.064,+0.0%,11.06,-0.0%,202.37,18.3,+4.0%,-1.0%,-0.8%,+39.5%
SBGI,Extended,Media content,Communication Services,Media & Entertainment,Adj,Dec,EPS,CY2025,-1.23,-2.863,-132.8%,-3.196,-11.6%,-3.196,+0.0%,15.55,-4.9,-159.8%,+1.6%,+7.2%,+8.0%
SBGI,Extended,Media content,Communication Services,Media & Entertainment,Adj,Dec,EPS,CY2026,2.523,1.373,-45.6%,1.048,-23.7%,1.248,+19.1%,15.55,12.5,-50.5%,+1.6%,+7.2%,+8.0%
SBGI,Extended,Media content,Communication Services,Media & Entertainment,Adj,Dec,EPS,CY2027,,-1.33,,-1.522,-14.4%,-1.302,+14.5%,15.55,-11.9,,+1.6%,+7.2%,+8.0%
SBGI,Extended,Media content,Communication Services,Media & Entertainment,Adj,Dec,EPS,CY2028,,3.303,,2.723,-17.6%,3.03,+11.3%,15.55,5.1,,+1.6%,+7.2%,+8.0%
TGNA,Extended,Media content,Communication Services,Media & Entertainment,Adj,Dec,EPS,CY2025,1.656,1.604,-3.1%,1.603,-0.1%,1.603,+0.0%,20.03,12.5,-3.2%,+3.2%,+4.5%,+23.4%
TGNA,Extended,Media content,Communication Services,Media & Entertainment,Adj,Dec,EPS,CY2026,3.503,3.233,-7.7%,3.043,-5.9%,3.15,+3.5%,20.03,6.4,-10.1%,+3.2%,+4.5%,+23.4%
TGNA,Extended,Media content,Communication Services,Media & Entertainment,Adj,Dec,EPS,CY2027,2.02,1.973,-2.3%,1.753,-11.2%,1.54,-12.2%,20.03,13.0,-23.8%,+3.2%,+4.5%,+23.4%
TGNA,Extended,Media content,Communication Services,Media & Entertainment,Adj,Dec,EPS,CY2028,4.023,3.87,-3.8%,3.575,-7.6%,3.55,-0.7%,20.03,5.6,-11.8%,+3.2%,+4.5%,+23.4%
NYT,Extended,Media content,Communication Services,Media & Entertainment,Adj,Dec,EPS,CY2025,2.123,2.337,+10.1%,2.428,+3.9%,2.428,+0.0%,79.03,32.5,+14.4%,+13.8%,+7.8%,+51.8%
NYT,Extended,Media content,Communication Services,Media & Entertainment,Adj,Dec,EPS,CY2026,2.332,2.536,+8.7%,2.625,+3.5%,2.734,+4.2%,79.03,28.9,+17.2%,+13.8%,+7.8%,+51.8%
NYT,Extended,Media content,Communication Services,Media & Entertainment,Adj,Dec,EPS,CY2027,2.563,2.872,+12.1%,2.954,+2.9%,3.085,+4.4%,79.03,25.6,+20.4%,+13.8%,+7.8%,+51.8%
NYT,Extended,Media content,Communication Services,Media & Entertainment,Adj,Dec,EPS,CY2028,2.735,3.095,+13.2%,3.155,+1.9%,3.433,+8.8%,79.03,23.0,+25.5%,+13.8%,+7.8%,+51.8%
NXST,Extended,Media content,Communication Services,Media & Entertainment,Adj,Dec,EPS,CY2025,13.725,13.169,-4.1%,12.144,-7.8%,12.144,+0.0%,208.14,17.1,-11.5%,+2.5%,-2.0%,+39.1%
NXST,Extended,Media content,Communication Services,Media & Entertainment,Adj,Dec,EPS,CY2026,25.764,25.554,-0.8%,24.901,-2.6%,24.009,-3.6%,208.14,8.7,-6.8%,+2.5%,-2.0%,+39.1%
NXST,Extended,Media content,Communication Services,Media & Entertainment,Adj,Dec,EPS,CY2027,17.764,18.275,+2.9%,17.75,-2.9%,16.516,-7.0%,208.14,12.6,-7.0%,+2.5%,-2.0%,+39.1%
NXST,Extended,Media content,Communication Services,Media & Entertainment,Adj,Dec,EPS,CY2028,,32.205,,30.307,-5.9%,29.644,-2.2%,208.14,7.0,,+2.5%,-2.0%,+39.1%
FWONA,Extended,Media content,Communication Services,Media & Entertainment,Adj,Dec,EPS,CY2025,1.257,2.395,+90.5%,2.242,-6.4%,2.227,-0.7%,79.2,35.6,+77.2%,-11.4%,-0.6%,-1.7%
FWONA,Extended,Media content,Communication Services,Media & Entertainment,Adj,Dec,EPS,CY2026,1.72,2.107,+22.5%,1.743,-17.3%,1.582,-9.2%,79.2,50.1,-8.0%,-11.4%,-0.6%,-1.7%
FWONA,Extended,Media content,Communication Services,Media & Entertainment,Adj,Dec,EPS,CY2027,2.147,2.611,+21.6%,2.219,-15.0%,2.155,-2.9%,79.2,36.8,+0.4%,-11.4%,-0.6%,-1.7%
FWONA,Extended,Media content,Communication Services,Media & Entertainment,Adj,Dec,EPS,CY2028,,3.403,,2.948,-13.4%,2.645,-10.3%,79.2,29.9,,-11.4%,-0.6%,-1.7%
FWONK,Extended,Media content,Communication Services,Media & Entertainment,Adj,Dec,EPS,CY2025,1.257,2.395,+90.5%,2.242,-6.4%,2.227,-0.7%,85.95,38.6,+77.2%,-12.7%,-1.2%,-3.1%
FWONK,Extended,Media content,Communication Services,Media & Entertainment,Adj,Dec,EPS,CY2026,1.72,2.107,+22.5%,1.743,-17.3%,1.582,-9.2%,85.95,54.3,-8.0%,-12.7%,-1.2%,-3.1%
FWONK,Extended,Media content,Communication Services,Media & Entertainment,Adj,Dec,EPS,CY2027,2.147,2.611,+21.6%,2.219,-15.0%,2.155,-2.9%,85.95,39.9,+0.4%,-12.7%,-1.2%,-3.1%
FWONK,Extended,Media content,Communication Services,Media & Entertainment,Adj,Dec,EPS,CY2028,,3.403,,2.948,-13.4%,2.645,-10.3%,85.95,32.5,,-12.7%,-1.2%,-3.1%
LYV,Extended,Media content,Communication Services,Media & Entertainment,Adj,Dec,EPS,CY2025,2.883,0.629,-78.2%,-0.198,-131.5%,-0.213,-7.6%,157.94,-741.5,-107.4%,+10.8%,+8.6%,+19.2%
LYV,Extended,Media content,Communication Services,Media & Entertainment,Adj,Dec,EPS,CY2026,3.14,2.789,-11.2%,2.146,-23.1%,1.288,-40.0%,157.94,122.6,-59.0%,+10.8%,+8.6%,+19.2%
LYV,Extended,Media content,Communication Services,Media & Entertainment,Adj,Dec,EPS,CY2027,3.687,3.697,+0.3%,2.891,-21.8%,2.332,-19.3%,157.94,67.7,-36.8%,+10.8%,+8.6%,+19.2%
LYV,Extended,Media content,Communication Services,Media & Entertainment,Adj,Dec,EPS,CY2028,5.264,3.765,-28.5%,3.219,-14.5%,3.041,-5.5%,157.94,51.9,-42.2%,+10.8%,+8.6%,+19.2%
SIRI,Extended,Media content,Communication Services,Media & Entertainment,Adj,Dec,EPS,CY2025,3.023,2.792,-7.6%,2.798,+0.2%,2.798,+0.0%,26.94,9.6,-7.4%,+34.7%,+32.4%,+25.8%
SIRI,Extended,Media content,Communication Services,Media & Entertainment,Adj,Dec,EPS,CY2026,3.043,3.108,+2.1%,3.098,-0.3%,3.142,+1.4%,26.94,8.6,+3.3%,+34.7%,+32.4%,+25.8%
SIRI,Extended,Media content,Communication Services,Media & Entertainment,Adj,Dec,EPS,CY2027,3.134,3.229,+3.0%,3.27,+1.3%,3.31,+1.2%,26.94,8.1,+5.6%,+34.7%,+32.4%,+25.8%
SIRI,Extended,Media content,Communication Services,Media & Entertainment,Adj,Dec,EPS,CY2028,,3.693,,3.69,-0.1%,3.575,-3.1%,26.94,7.5,,+34.7%,+32.4%,+25.8%
LBTYA,Extended,Media content,Communication Services,Telecommunication Services,Adj,Dec,EPS,CY2025,-2.084,-7.502,-260.0%,-12.854,-71.3%,-12.843,+0.1%,11.58,-0.9,-516.3%,+3.9%,+4.4%,+5.8%
LBTYA,Extended,Media content,Communication Services,Telecommunication Services,Adj,Dec,EPS,CY2026,-1.67,-2.001,-19.8%,-1.668,+16.6%,-1.507,+9.7%,11.58,-7.7,+9.8%,+3.9%,+4.4%,+5.8%
LBTYA,Extended,Media content,Communication Services,Telecommunication Services,Adj,Dec,EPS,CY2027,-1.44,-2.002,-39.0%,-1.615,+19.3%,-1.531,+5.2%,11.58,-7.6,-6.3%,+3.9%,+4.4%,+5.8%
LBTYA,Extended,Media content,Communication Services,Telecommunication Services,Adj,Dec,EPS,CY2028,-0.897,-2.3,-156.4%,-1.8,+21.7%,-1.108,+38.4%,11.58,-10.5,-23.5%,+3.9%,+4.4%,+5.8%
BATRK,Extended,Media content,Communication Services,Media & Entertainment,Adj,Dec,EPS,CY2025,-0.54,-0.303,+43.9%,-0.263,+13.2%,-0.263,+0.0%,49.41,-187.9,+51.3%,+25.2%,+23.7%,+24.0%
BATRK,Extended,Media content,Communication Services,Media & Entertainment,Adj,Dec,EPS,CY2026,,-0.292,,-0.206,+29.5%,-0.017,+91.7%,49.41,-2906.5,,+25.2%,+23.7%,+24.0%
BATRK,Extended,Media content,Communication Services,Media & Entertainment,Adj,Dec,EPS,CY2027,,-0.091,,-0.08,+12.1%,0.113,+241.2%,49.41,437.3,,+25.2%,+23.7%,+24.0%
BATRK,Extended,Media content,Communication Services,Media & Entertainment,Adj,Dec,EPS,CY2028,,,,,,-0.155,,49.41,-318.8,,+25.2%,+23.7%,+24.0%
LAMR,Extended,Media content,Real Estate,Equity Real Estate Investment,Adj,Dec,EPS,CY2025,5.753,5.953,+3.5%,5.867,-1.4%,5.857,-0.2%,137.84,23.5,+1.8%,+8.9%,+7.4%,+21.4%
LAMR,Extended,Media content,Real Estate,Equity Real Estate Investment,Adj,Dec,EPS,CY2026,5.727,5.87,+2.5%,5.833,-0.6%,5.682,-2.6%,137.84,24.3,-0.8%,+8.9%,+7.4%,+21.4%
LAMR,Extended,Media content,Real Estate,Equity Real Estate Investment,Adj,Dec,EPS,CY2027,6.09,6.383,+4.8%,6.318,-1.0%,6.088,-3.6%,137.84,22.6,-0.0%,+8.9%,+7.4%,+21.4%
LAMR,Extended,Media content,Real Estate,Equity Real Estate Investment,Adj,Dec,EPS,CY2028,,6.85,,6.74,-1.6%,6.897,+2.3%,137.84,20.0,,+8.9%,+7.4%,+21.4%
OUT,Extended,Media content,Real Estate,Equity Real Estate Investment,Adj,Dec,EPS,CY2025,0.753,0.702,-6.8%,0.77,+9.7%,0.772,+0.3%,30.85,40.0,+2.5%,+28.0%,+26.9%,+103.9%
OUT,Extended,Media content,Real Estate,Equity Real Estate Investment,Adj,Dec,EPS,CY2026,0.844,0.948,+12.3%,1.122,+18.4%,1.24,+10.5%,30.85,24.9,+46.9%,+28.0%,+26.9%,+103.9%
OUT,Extended,Media content,Real Estate,Equity Real Estate Investment,Adj,Dec,EPS,CY2027,1.005,1.127,+12.1%,1.272,+12.9%,1.326,+4.2%,30.85,23.3,+31.9%,+28.0%,+26.9%,+103.9%
OUT,Extended,Media content,Real Estate,Equity Real Estate Investment,Adj,Dec,EPS,CY2028,,1.22,,1.457,+19.4%,1.468,+0.8%,30.85,21.0,,+28.0%,+26.9%,+103.9%
TV,Extended,Media content,Communication Services,Telecommunication Services,Adj,Dec,EPS,CY2025,-1.552,0.268,+117.3%,-0.73,-372.4%,-0.75,-2.7%,2.85,-3.8,+51.7%,-2.1%,-12.8%,+56.6%
TV,Extended,Media content,Communication Services,Telecommunication Services,Adj,Dec,EPS,CY2026,3.112,0.738,-76.3%,0.541,-26.7%,3.125,+477.6%,2.85,0.9,+0.4%,-2.1%,-12.8%,+56.6%
TV,Extended,Media content,Communication Services,Telecommunication Services,Adj,Dec,EPS,CY2027,10.467,2.712,-74.1%,2.169,-20.0%,3.418,+57.6%,2.85,0.8,-67.3%,-2.1%,-12.8%,+56.6%
TV,Extended,Media content,Communication Services,Telecommunication Services,Adj,Dec,EPS,CY2028,,1.413,,0.935,-33.8%,7.902,+745.1%,2.85,0.4,,-2.1%,-12.8%,+56.6%
LUMN,Extended,Media content,Communication Services,Telecommunication Services,Adj,Dec,EPS,CY2025,-0.966,-0.796,+17.6%,-0.636,+20.1%,-0.617,+3.0%,8.84,-14.3,+36.1%,+13.8%,+0.2%,+149.7%
LUMN,Extended,Media content,Communication Services,Telecommunication Services,Adj,Dec,EPS,CY2026,-0.728,-0.538,+26.1%,-0.389,+27.7%,-0.492,-26.5%,8.84,-18.0,+32.4%,+13.8%,+0.2%,+149.7%
LUMN,Extended,Media content,Communication Services,Telecommunication Services,Adj,Dec,EPS,CY2027,-0.504,-0.346,+31.3%,-0.194,+43.9%,-0.252,-29.9%,8.84,-35.1,+50.0%,+13.8%,+0.2%,+149.7%
LUMN,Extended,Media content,Communication Services,Telecommunication Services,Adj,Dec,EPS,CY2028,-0.233,-0.282,-21.0%,0.19,+167.4%,-0.215,-213.2%,8.84,-41.1,+7.7%,+13.8%,+0.2%,+149.7%
WPP,Extended,Media content,Communication Services,Media & Entertainment,Adj,Dec,EPS,CY2025,0.819,0.624,-23.8%,0.619,-0.8%,0.619,+0.0%,267.2,4.3,-24.4%,-20.8%,-11.5%,-53.6%
WPP,Extended,Media content,Communication Services,Media & Entertainment,Adj,Dec,EPS,CY2026,0.831,0.62,-25.4%,0.584,-5.8%,0.537,-8.0%,267.2,5.0,-35.4%,-20.8%,-11.5%,-53.6%
WPP,Extended,Media content,Communication Services,Media & Entertainment,Adj,Dec,EPS,CY2027,0.881,0.672,-23.7%,0.647,-3.7%,0.572,-11.6%,267.2,4.7,-35.1%,-20.8%,-11.5%,-53.6%
WPP,Extended,Media content,Communication Services,Media & Entertainment,Adj,Dec,EPS,CY2028,0.928,0.743,-19.9%,0.716,-3.6%,0.622,-13.1%,267.2,4.3,-33.0%,-20.8%,-11.5%,-53.6%
BCE,Extended,Media content,Communication Services,Telecommunication Services,Adj,Dec,EPS,CY2025,2.749,2.696,-1.9%,2.721,+0.9%,2.719,-0.1%,32.28,11.9,-1.1%,-1.4%,-8.2%,+5.4%
BCE,Extended,Media content,Communication Services,Telecommunication Services,Adj,Dec,EPS,CY2026,2.676,2.693,+0.6%,2.652,-1.5%,2.555,-3.7%,32.28,12.6,-4.5%,-1.4%,-8.2%,+5.4%
BCE,Extended,Media content,Communication Services,Telecommunication Services,Adj,Dec,EPS,CY2027,2.75,2.722,-1.0%,2.73,+0.3%,2.701,-1.1%,32.28,12.0,-1.8%,-1.4%,-8.2%,+5.4%
BCE,Extended,Media content,Communication Services,Telecommunication Services,Adj,Dec,EPS,CY2028,3.175,2.855,-10.1%,2.893,+1.3%,2.912,+0.7%,32.28,11.1,-8.3%,-1.4%,-8.2%,+5.4%
OMC,Extended,Media content,Communication Services,Media & Entertainment,Adj,Dec,EPS,CY2025,8.176,8.6,+5.2%,8.61,+0.1%,8.575,-0.4%,76.72,8.9,+4.9%,-5.0%,-0.4%,+0.7%
OMC,Extended,Media content,Communication Services,Media & Entertainment,Adj,Dec,EPS,CY2026,8.84,9.246,+4.6%,9.796,+5.9%,10.829,+10.5%,76.72,7.1,+22.5%,-5.0%,-0.4%,+0.7%
OMC,Extended,Media content,Communication Services,Media & Entertainment,Adj,Dec,EPS,CY2027,9.506,10.121,+6.5%,11.345,+12.1%,12.153,+7.1%,76.72,6.3,+27.8%,-5.0%,-0.4%,+0.7%
OMC,Extended,Media content,Communication Services,Media & Entertainment,Adj,Dec,EPS,CY2028,10.348,10.592,+2.4%,11.915,+12.5%,13.178,+10.6%,76.72,5.8,+27.3%,-5.0%,-0.4%,+0.7%
AMT,Extended,Telco infrastructure,Real Estate,Equity Real Estate Investment,Adj,Dec,EPS,CY2025,6.244,5.299,-15.1%,5.292,-0.1%,5.292,+0.0%,182.71,34.5,-15.2%,+4.1%,+1.9%,-18.9%
AMT,Extended,Telco infrastructure,Real Estate,Equity Real Estate Investment,Adj,Dec,EPS,CY2026,7.085,7.256,+2.4%,6.905,-4.8%,6.547,-5.2%,182.71,27.9,-7.6%,+4.1%,+1.9%,-18.9%
AMT,Extended,Telco infrastructure,Real Estate,Equity Real Estate Investment,Adj,Dec,EPS,CY2027,7.708,7.408,-3.9%,7.326,-1.1%,6.964,-4.9%,182.71,26.2,-9.7%,+4.1%,+1.9%,-18.9%
AMT,Extended,Telco infrastructure,Real Estate,Equity Real Estate Investment,Adj,Dec,EPS,CY2028,8.646,8.307,-3.9%,8.298,-0.1%,7.722,-6.9%,182.71,23.7,-10.7%,+4.1%,+1.9%,-18.9%
SBAC,Extended,Telco infrastructure,Real Estate,Equity Real Estate Investment,Adj,Dec,EPS,CY2025,8.442,8.448,+0.1%,9.12,+8.0%,9.12,+0.0%,221.2,24.3,+8.0%,+14.4%,+20.1%,-9.1%
SBAC,Extended,Telco infrastructure,Real Estate,Equity Real Estate Investment,Adj,Dec,EPS,CY2026,9.288,9.129,-1.7%,8.68,-4.9%,7.811,-10.0%,221.2,28.3,-15.9%,+14.4%,+20.1%,-9.1%
SBAC,Extended,Telco infrastructure,Real Estate,Equity Real Estate Investment,Adj,Dec,EPS,CY2027,9.802,9.273,-5.4%,8.884,-4.2%,8.477,-4.6%,221.2,26.1,-13.5%,+14.4%,+20.1%,-9.1%
SBAC,Extended,Telco infrastructure,Real Estate,Equity Real Estate Investment,Adj,Dec,EPS,CY2028,11.237,10.59,-5.8%,9.686,-8.5%,9.589,-1.0%,221.2,23.1,-14.7%,+14.4%,+20.1%,-9.1%
CCI,Extended,Telco infrastructure,Real Estate,Equity Real Estate Investment,Adj,Dec,EPS,CY2025,0.991,0.985,-0.6%,0.984,-0.1%,0.984,+0.0%,88.78,90.2,-0.7%,-0.1%,+2.3%,-16.1%
CCI,Extended,Telco infrastructure,Real Estate,Equity Real Estate Investment,Adj,Dec,EPS,CY2026,2.427,3.225,+32.9%,3.112,-3.5%,2.432,-21.9%,88.78,36.5,+0.2%,-0.1%,+2.3%,-16.1%
CCI,Extended,Telco infrastructure,Real Estate,Equity Real Estate Investment,Adj,Dec,EPS,CY2027,3.367,3.838,+14.0%,3.592,-6.4%,3.076,-14.4%,88.78,28.9,-8.6%,-0.1%,+2.3%,-16.1%
CCI,Extended,Telco infrastructure,Real Estate,Equity Real Estate Investment,Adj,Dec,EPS,CY2028,4.133,4.36,+5.5%,4.95,+13.5%,3.402,-31.3%,88.78,26.1,-17.7%,-0.1%,+2.3%,-16.1%
EQIX,Extended,Telco infrastructure,Real Estate,Equity Real Estate Investment,Adj,Dec,EPS,CY2025,13.478,14.73,+9.3%,14.754,+0.2%,14.766,+0.1%,1082.83,73.3,+9.6%,+41.3%,+31.9%,+25.8%
EQIX,Extended,Telco infrastructure,Real Estate,Equity Real Estate Investment,Adj,Dec,EPS,CY2026,15.336,14.995,-2.2%,15.023,+0.2%,16.902,+12.5%,1082.83,64.1,+10.2%,+41.3%,+31.9%,+25.8%
EQIX,Extended,Telco infrastructure,Real Estate,Equity Real Estate Investment,Adj,Dec,EPS,CY2027,17.478,16.095,-7.9%,16.177,+0.5%,18.604,+15.0%,1082.83,58.2,+6.4%,+41.3%,+31.9%,+25.8%
EQIX,Extended,Telco infrastructure,Real Estate,Equity Real Estate Investment,Adj,Dec,EPS,CY2028,20.251,17.259,-14.8%,17.746,+2.8%,21.09,+18.8%,1082.83,51.3,+4.1%,+41.3%,+31.9%,+25.8%
ERICB,Extended,Telco infrastructure,Information Technology,Technology Hardware & Equipmen,GAAP,Dec,EPS,CY2025,6.022,7.59,+26.0%,7.606,+0.2%,7.606,+0.0%,108.35,14.2,+26.3%,+19.6%,+12.1%,+33.1%
ERICB,Extended,Telco infrastructure,Information Technology,Technology Hardware & Equipmen,GAAP,Dec,EPS,CY2026,5.886,5.939,+0.9%,6.266,+5.5%,5.588,-10.8%,108.35,19.4,-5.1%,+19.6%,+12.1%,+33.1%
ERICB,Extended,Telco infrastructure,Information Technology,Technology Hardware & Equipmen,GAAP,Dec,EPS,CY2027,6.414,6.497,+1.3%,6.756,+4.0%,6.783,+0.4%,108.35,16.0,+5.8%,+19.6%,+12.1%,+33.1%
ERICB,Extended,Telco infrastructure,Information Technology,Technology Hardware & Equipmen,GAAP,Dec,EPS,CY2028,6.725,6.678,-0.7%,7.115,+6.5%,7.372,+3.6%,108.35,14.7,+9.6%,+19.6%,+12.1%,+33.1%
GDS,Extended,Telco infrastructure,Information Technology,Software & Services,Adj,Dec,EPS,CY2025,-0.431,-0.725,-68.2%,0.809,+211.6%,0.806,-0.4%,42.28,52.5,+287.0%,+21.1%,-5.4%,+67.7%
GDS,Extended,Telco infrastructure,Information Technology,Software & Services,Adj,Dec,EPS,CY2026,-0.761,-0.035,+95.4%,0.011,+131.4%,0.547,+4872.7%,42.28,77.3,+171.9%,+21.1%,-5.4%,+67.7%
GDS,Extended,Telco infrastructure,Information Technology,Software & Services,Adj,Dec,EPS,CY2027,0.022,1.164,+5190.9%,0.198,-83.0%,1.1,+455.6%,42.28,38.4,+4900.0%,+21.1%,-5.4%,+67.7%
GDS,Extended,Telco infrastructure,Information Technology,Software & Services,Adj,Dec,EPS,CY2028,,0.363,,12.548,+3356.7%,0.806,-93.6%,42.28,52.5,,+21.1%,-5.4%,+67.7%
NOK,Extended,Telco infrastructure,Information Technology,Technology Hardware & Equipmen,Adj,Dec,EPS,CY2025,0.302,0.27,-10.6%,0.27,+0.0%,0.27,+0.0%,12.91,47.8,-10.6%,+99.5%,+100.8%,+158.7%
NOK,Extended,Telco infrastructure,Information Technology,Technology Hardware & Equipmen,Adj,Dec,EPS,CY2026,0.36,0.334,-7.2%,0.318,-4.8%,0.33,+3.8%,12.91,39.1,-8.3%,+99.5%,+100.8%,+158.7%
NOK,Extended,Telco infrastructure,Information Technology,Technology Hardware & Equipmen,Adj,Dec,EPS,CY2027,0.393,0.367,-6.6%,0.361,-1.6%,0.386,+6.9%,12.91,33.4,-1.8%,+99.5%,+100.8%,+158.7%
NOK,Extended,Telco infrastructure,Information Technology,Technology Hardware & Equipmen,Adj,Dec,EPS,CY2028,0.412,0.4,-2.9%,0.397,-0.8%,0.439,+10.6%,12.91,29.4,+6.6%,+99.5%,+100.8%,+158.7%
BDC,Extended,Telco infrastructure,Information Technology,Technology Hardware & Equipmen,Adj,Dec,EPS,CY2025,7.017,7.37,+5.0%,7.422,+0.7%,7.422,+0.0%,112.48,15.2,+5.8%,-3.5%,-4.3%,+9.1%
BDC,Extended,Telco infrastructure,Information Technology,Technology Hardware & Equipmen,Adj,Dec,EPS,CY2026,7.848,7.793,-0.7%,7.777,-0.2%,7.922,+1.9%,112.48,14.2,+0.9%,-3.5%,-4.3%,+9.1%
BDC,Extended,Telco infrastructure,Information Technology,Technology Hardware & Equipmen,Adj,Dec,EPS,CY2027,8.325,8.574,+3.0%,8.582,+0.1%,8.872,+3.4%,112.48,12.7,+6.6%,-3.5%,-4.3%,+9.1%
BDC,Extended,Telco infrastructure,Information Technology,Technology Hardware & Equipmen,Adj,Dec,EPS,CY2028,,10.08,,10.08,+0.0%,9.41,-6.6%,112.48,12.0,,-3.5%,-4.3%,+9.1%
HLIT,Extended,Telco infrastructure,Information Technology,Technology Hardware & Equipmen,Adj,Dec,EPS,CY2025,0.5,0.384,-23.2%,0.432,+12.5%,0.432,+0.0%,11.43,26.5,-13.6%,+15.6%,+17.6%,+27.3%
HLIT,Extended,Telco infrastructure,Information Technology,Technology Hardware & Equipmen,Adj,Dec,EPS,CY2026,0.953,0.739,-22.5%,0.73,-1.2%,0.622,-14.8%,11.43,18.4,-34.7%,+15.6%,+17.6%,+27.3%
HLIT,Extended,Telco infrastructure,Information Technology,Technology Hardware & Equipmen,Adj,Dec,EPS,CY2027,1.235,1.115,-9.7%,1.013,-9.1%,0.845,-16.6%,11.43,13.5,-31.6%,+15.6%,+17.6%,+27.3%
HLIT,Extended,Telco infrastructure,Information Technology,Technology Hardware & Equipmen,Adj,Dec,EPS,CY2028,1.82,1.79,-1.6%,1.81,+1.1%,1.34,-26.0%,11.43,8.5,-26.4%,+15.6%,+17.6%,+27.3%
VISN,Extended,Telco infrastructure,Information Technology,Technology Hardware & Equipmen,Adj,Dec,EPS,CY2025,0.779,1.374,+76.4%,1.687,+22.8%,1.53,-9.3%,12.795,8.4,+96.4%,+44.6%,+45.7%,+601.1%
VISN,Extended,Telco infrastructure,Information Technology,Technology Hardware & Equipmen,Adj,Dec,EPS,CY2026,1.051,1.726,+64.2%,1.488,-13.8%,0.907,-39.0%,12.795,14.1,-13.7%,+44.6%,+45.7%,+601.1%
VISN,Extended,Telco infrastructure,Information Technology,Technology Hardware & Equipmen,Adj,Dec,EPS,CY2027,,2.77,,2.77,+0.0%,0.975,-64.8%,12.795,13.1,,+44.6%,+45.7%,+601.1%
VISN,Extended,Telco infrastructure,Information Technology,Technology Hardware & Equipmen,Adj,Dec,EPS,CY2028,,1.28,,1.28,+0.0%,1.28,+0.0%,12.795,10.0,,+44.6%,+45.7%,+601.1%
ANET,Extended,Telco infrastructure,Information Technology,Technology Hardware & Equipmen,GAAP,Dec,EPS,CY2025,2.399,2.737,+14.1%,2.785,+1.8%,2.785,+0.0%,172.71,62.0,+16.1%,+31.8%,+21.8%,+109.9%
ANET,Extended,Telco infrastructure,Information Technology,Technology Hardware & Equipmen,GAAP,Dec,EPS,CY2026,2.812,3.182,+13.2%,3.243,+1.9%,3.42,+5.5%,172.71,50.5,+21.6%,+31.8%,+21.8%,+109.9%
ANET,Extended,Telco infrastructure,Information Technology,Technology Hardware & Equipmen,GAAP,Dec,EPS,CY2027,3.541,3.839,+8.4%,3.893,+1.4%,4.172,+7.2%,172.71,41.4,+17.8%,+31.8%,+21.8%,+109.9%
ANET,Extended,Telco infrastructure,Information Technology,Technology Hardware & Equipmen,GAAP,Dec,EPS,CY2028,,4.813,,4.696,-2.4%,5.019,+6.9%,172.71,34.4,,+31.8%,+21.8%,+109.9%
VRT,Extended,Telco infrastructure,Industrials,Capital Goods,Adj,Dec,EPS,CY2025,3.571,4.13,+15.7%,4.116,-0.3%,4.116,+0.0%,328.49,79.8,+15.3%,+102.8%,+76.4%,+284.7%
VRT,Extended,Telco infrastructure,Industrials,Capital Goods,Adj,Dec,EPS,CY2026,4.277,5.238,+22.5%,5.29,+1.0%,6.357,+20.2%,328.49,51.7,+48.6%,+102.8%,+76.4%,+284.7%
VRT,Extended,Telco infrastructure,Industrials,Capital Goods,Adj,Dec,EPS,CY2027,5.162,6.463,+25.2%,6.616,+2.4%,8.503,+28.5%,328.49,38.6,+64.7%,+102.8%,+76.4%,+284.7%
VRT,Extended,Telco infrastructure,Industrials,Capital Goods,Adj,Dec,EPS,CY2028,5.856,7.65,+30.6%,7.86,+2.7%,10.748,+36.7%,328.49,30.6,+83.5%,+102.8%,+76.4%,+284.7%
MTZ,Extended,Telco infrastructure,Industrials,Capital Goods,Adj,Dec,EPS,CY2025,5.612,6.392,+13.9%,6.424,+0.5%,6.437,+0.2%,394.05,61.2,+14.7%,+81.3%,+63.9%,+209.5%
MTZ,Extended,Telco infrastructure,Industrials,Capital Goods,Adj,Dec,EPS,CY2026,6.855,8.187,+19.4%,8.191,+0.0%,8.517,+4.0%,394.05,46.3,+24.2%,+81.3%,+63.9%,+209.5%
MTZ,Extended,Telco infrastructure,Industrials,Capital Goods,Adj,Dec,EPS,CY2027,6.778,9.789,+44.4%,9.899,+1.1%,10.923,+10.3%,394.05,36.1,+61.2%,+81.3%,+63.9%,+209.5%
MTZ,Extended,Telco infrastructure,Industrials,Capital Goods,Adj,Dec,EPS,CY2028,6.32,11.073,+75.2%,11.14,+0.6%,12.765,+14.6%,394.05,30.9,+102.0%,+81.3%,+63.9%,+209.5%
DY,Extended,Telco infrastructure,Industrials,Capital Goods,Adj,Jan,EPS,CY2025,9.29,10.252,+10.4%,10.918,+6.5%,10.918,+0.0%,414.1,37.9,+17.5%,+22.6%,+13.6%,+147.2%
DY,Extended,Telco infrastructure,Industrials,Capital Goods,Adj,Jan,EPS,CY2026,10.72,11.533,+7.6%,13.168,+14.2%,13.743,+4.4%,414.1,30.1,+28.2%,+22.6%,+13.6%,+147.2%
DY,Extended,Telco infrastructure,Industrials,Capital Goods,Adj,Jan,EPS,CY2027,12.703,13.48,+6.1%,16.259,+20.6%,16.588,+2.0%,414.1,25.0,+30.6%,+22.6%,+13.6%,+147.2%
DY,Extended,Telco infrastructure,Industrials,Capital Goods,Adj,Jan,EPS,CY2028,15.13,16.89,+11.6%,18.095,+7.1%,19.538,+8.0%,414.1,21.2,+29.1%,+22.6%,+13.6%,+147.2%
GLW,Extended,Telco infrastructure,Information Technology,Technology Hardware & Equipmen,Adj,Dec,EPS,CY2025,2.363,2.519,+6.6%,2.521,+0.1%,2.521,+0.0%,164.24,65.1,+6.7%,+87.6%,+59.1%,+270.1%
GLW,Extended,Telco infrastructure,Information Technology,Technology Hardware & Equipmen,Adj,Dec,EPS,CY2026,2.709,3.039,+12.2%,3.077,+1.3%,3.157,+2.6%,164.24,52.0,+16.5%,+87.6%,+59.1%,+270.1%
GLW,Extended,Telco infrastructure,Information Technology,Technology Hardware & Equipmen,Adj,Dec,EPS,CY2027,2.972,3.58,+20.5%,3.784,+5.7%,4.073,+7.6%,164.24,40.3,+37.0%,+87.6%,+59.1%,+270.1%
GLW,Extended,Telco infrastructure,Information Technology,Technology Hardware & Equipmen,Adj,Dec,EPS,CY2028,3.278,3.885,+18.5%,4.501,+15.9%,4.937,+9.7%,164.24,33.3,+50.6%,+87.6%,+59.1%,+270.1%
APH,Extended,Telco infrastructure,Information Technology,Technology Hardware & Equipmen,Adj,Dec,EPS,CY2025,2.636,3.279,+24.4%,3.323,+1.3%,3.323,+0.0%,147.27,44.3,+26.1%,+9.0%,+2.2%,+91.4%
APH,Extended,Telco infrastructure,Information Technology,Technology Hardware & Equipmen,Adj,Dec,EPS,CY2026,2.869,4.001,+39.5%,4.385,+9.6%,4.749,+8.3%,147.27,31.0,+65.5%,+9.0%,+2.2%,+91.4%
APH,Extended,Telco infrastructure,Information Technology,Technology Hardware & Equipmen,Adj,Dec,EPS,CY2027,3.127,4.47,+42.9%,5.142,+15.0%,5.534,+7.6%,147.27,26.6,+77.0%,+9.0%,+2.2%,+91.4%
APH,Extended,Telco infrastructure,Information Technology,Technology Hardware & Equipmen,Adj,Dec,EPS,CY2028,3.44,5.33,+54.9%,5.692,+6.8%,6.067,+6.6%,147.27,24.3,+76.4%,+9.0%,+2.2%,+91.4%
UI,Extended,Telco infrastructure,Information Technology,Technology Hardware & Equipmen,Adj,Jun,EPS,CY2025,,9.65,,9.65,+0.0%,9.65,+0.0%,1012.01,104.9,,+82.9%,+83.5%,+210.0%
UI,Extended,Telco infrastructure,Information Technology,Technology Hardware & Equipmen,Adj,Jun,EPS,CY2026,,11.89,,13.27,+11.6%,15.125,+14.0%,1012.01,66.9,,+82.9%,+83.5%,+210.0%
UI,Extended,Telco infrastructure,Information Technology,Technology Hardware & Equipmen,Adj,Jun,EPS,CY2027,,12.455,,14.82,+19.0%,17.115,+15.5%,1012.01,59.1,,+82.9%,+83.5%,+210.0%
UI,Extended,Telco infrastructure,Information Technology,Technology Hardware & Equipmen,Adj,Jun,EPS,CY2028,,13.415,,14.73,+9.8%,19.13,+29.9%,1012.01,52.9,,+82.9%,+83.5%,+210.0%
CALX,Extended,Telco infrastructure,Information Technology,Technology Hardware & Equipmen,Adj,Dec,EPS,CY2025,0.875,1.343,+53.5%,1.343,+0.0%,1.343,+0.0%,43.56,32.4,+53.5%,-17.7%,-2.5%,+6.5%
CALX,Extended,Telco infrastructure,Information Technology,Technology Hardware & Equipmen,Adj,Dec,EPS,CY2026,1.427,1.769,+24.0%,1.757,-0.7%,1.777,+1.1%,43.56,24.5,+24.5%,-17.7%,-2.5%,+6.5%
CALX,Extended,Telco infrastructure,Information Technology,Technology Hardware & Equipmen,Adj,Dec,EPS,CY2027,,2.453,,2.43,-0.9%,2.503,+3.0%,43.56,17.4,,-17.7%,-2.5%,+6.5%
CALX,Extended,Telco infrastructure,Information Technology,Technology Hardware & Equipmen,Adj,Dec,EPS,CY2028,,,,1.72,,3.142,+82.7%,43.56,13.9,,-17.7%,-2.5%,+6.5%
PRY,Extended,Telco infrastructure,Industrials,Capital Goods,Adj,Dec,EPS,CY2025,3.718,3.94,+6.0%,4.165,+5.7%,4.191,+0.6%,127.95,30.5,+12.7%,+48.1%,+27.4%,+166.9%
PRY,Extended,Telco infrastructure,Industrials,Capital Goods,Adj,Dec,EPS,CY2026,4.194,4.627,+10.3%,4.595,-0.7%,4.676,+1.8%,127.95,27.4,+11.5%,+48.1%,+27.4%,+166.9%
PRY,Extended,Telco infrastructure,Industrials,Capital Goods,Adj,Dec,EPS,CY2027,4.636,5.155,+11.2%,5.184,+0.6%,5.468,+5.5%,127.95,23.4,+17.9%,+48.1%,+27.4%,+166.9%
PRY,Extended,Telco infrastructure,Industrials,Capital Goods,Adj,Dec,EPS,CY2028,5.082,5.678,+11.7%,5.612,-1.2%,6.109,+8.9%,127.95,20.9,+20.2%,+48.1%,+27.4%,+166.9%
NTCT,Extended,Telco infrastructure,Information Technology,Technology Hardware & Equipmen,Adj,Mar,EPS,CY2025,2.17,2.325,+7.1%,2.415,+3.9%,2.415,+0.0%,33.7,14.0,+11.3%,+24.5%,+21.2%,+60.3%
NTCT,Extended,Telco infrastructure,Information Technology,Technology Hardware & Equipmen,Adj,Mar,EPS,CY2026,2.18,2.4,+10.1%,2.48,+3.3%,2.515,+1.4%,33.7,13.4,+15.4%,+24.5%,+21.2%,+60.3%
NTCT,Extended,Telco infrastructure,Information Technology,Technology Hardware & Equipmen,Adj,Mar,EPS,CY2027,,2.48,,2.605,+5.0%,2.6,-0.2%,33.7,13.0,,+24.5%,+21.2%,+60.3%
NTCT,Extended,Telco infrastructure,Information Technology,Technology Hardware & Equipmen,Adj,Mar,EPS,CY2028,,,,,,,,33.7,,,+24.5%,+21.2%,+60.3%
DOX,Extended,Telco infrastructure,Information Technology,Software & Services,Adj,Sep,EPS,CY2025,,7.002,,7.002,+0.0%,7.002,+0.0%,64.67,9.2,,-19.7%,-21.1%,-27.0%
DOX,Extended,Telco infrastructure,Information Technology,Software & Services,Adj,Sep,EPS,CY2026,,7.656,,7.446,-2.7%,7.458,+0.2%,64.67,8.7,,-19.7%,-21.1%,-27.0%
DOX,Extended,Telco infrastructure,Information Technology,Software & Services,Adj,Sep,EPS,CY2027,,8.3,,8.066,-2.8%,8.098,+0.4%,64.67,8.0,,-19.7%,-21.1%,-27.0%
DOX,Extended,Telco infrastructure,Information Technology,Software & Services,Adj,Sep,EPS,CY2028,,9.155,,8.763,-4.3%,8.995,+2.6%,64.67,7.2,,-19.7%,-21.1%,-27.0%
MCK,Extended,Drug distributors / PBMs,Health Care,Health Care Equipment & Servic,Adj,Mar,EPS,CY2025,36.795,38.331,+4.2%,38.688,+0.9%,38.984,+0.8%,815.2,20.9,+5.9%,-0.6%,-1.9%,+14.4%
MCK,Extended,Drug distributors / PBMs,Health Care,Health Care Equipment & Servic,Adj,Mar,EPS,CY2026,41.433,43.432,+4.8%,43.812,+0.9%,44.087,+0.6%,815.2,18.5,+6.4%,-0.6%,-1.9%,+14.4%
MCK,Extended,Drug distributors / PBMs,Health Care,Health Care Equipment & Servic,Adj,Mar,EPS,CY2027,45.908,49.419,+7.6%,49.701,+0.6%,49.893,+0.4%,815.2,16.3,+8.7%,-0.6%,-1.9%,+14.4%
MCK,Extended,Drug distributors / PBMs,Health Care,Health Care Equipment & Servic,Adj,Mar,EPS,CY2028,51.003,55.69,+9.2%,55.91,+0.4%,56.157,+0.4%,815.2,14.5,+10.1%,-0.6%,-1.9%,+14.4%
CAH,Extended,Drug distributors / PBMs,Health Care,Health Care Equipment & Servic,Adj,Jun,EPS,CY2025,7.967,8.198,+2.9%,8.198,+0.0%,8.198,+0.0%,192.88,23.5,+2.9%,-6.1%,-10.2%,+36.5%
CAH,Extended,Drug distributors / PBMs,Health Care,Health Care Equipment & Servic,Adj,Jun,EPS,CY2026,8.984,9.642,+7.3%,9.992,+3.6%,10.32,+3.3%,192.88,18.7,+14.9%,-6.1%,-10.2%,+36.5%
CAH,Extended,Drug distributors / PBMs,Health Care,Health Care Equipment & Servic,Adj,Jun,EPS,CY2027,9.891,10.861,+9.8%,11.275,+3.8%,11.593,+2.8%,192.88,16.6,+17.2%,-6.1%,-10.2%,+36.5%
CAH,Extended,Drug distributors / PBMs,Health Care,Health Care Equipment & Servic,Adj,Jun,EPS,CY2028,10.89,12.249,+12.5%,12.681,+3.5%,13.041,+2.8%,192.88,14.8,+19.8%,-6.1%,-10.2%,+36.5%
COR,Extended,Drug distributors / PBMs,Health Care,Health Care Equipment & Servic,Adj,Sep,EPS,CY2025,15.455,15.945,+3.2%,15.945,+0.0%,15.945,+0.0%,308.01,19.3,+3.2%,-8.8%,-14.3%,+5.2%
COR,Extended,Drug distributors / PBMs,Health Care,Health Care Equipment & Servic,Adj,Sep,EPS,CY2026,16.965,17.496,+3.1%,17.571,+0.4%,17.62,+0.3%,308.01,17.5,+3.9%,-8.8%,-14.3%,+5.2%
COR,Extended,Drug distributors / PBMs,Health Care,Health Care Equipment & Servic,Adj,Sep,EPS,CY2027,18.635,19.292,+3.5%,19.501,+1.1%,19.575,+0.4%,308.01,15.7,+5.0%,-8.8%,-14.3%,+5.2%
COR,Extended,Drug distributors / PBMs,Health Care,Health Care Equipment & Servic,Adj,Sep,EPS,CY2028,20.727,21.168,+2.1%,21.654,+2.3%,21.708,+0.2%,308.01,14.2,+4.7%,-8.8%,-14.3%,+5.2%
AZO,Extended,Autos,Consumer Discretionary,Consumer Discretionary Distrib,Adj,Aug,EPS,CY2025,150.093,146.727,-2.2%,146.727,+0.0%,146.727,+0.0%,3704.03,25.2,-2.2%,+9.2%,-0.0%,-1.6%
AZO,Extended,Autos,Consumer Discretionary,Consumer Discretionary Distrib,Adj,Aug,EPS,CY2026,169.39,154.127,-9.0%,147.88,-4.1%,148.687,+0.5%,3704.03,24.9,-12.2%,+9.2%,-0.0%,-1.6%
AZO,Extended,Autos,Consumer Discretionary,Consumer Discretionary Distrib,Adj,Aug,EPS,CY2027,188.037,181.222,-3.6%,173.828,-4.1%,174.736,+0.5%,3704.03,21.2,-7.1%,+9.2%,-0.0%,-1.6%
AZO,Extended,Autos,Consumer Discretionary,Consumer Discretionary Distrib,Adj,Aug,EPS,CY2028,212.843,202.608,-4.8%,194.406,-4.0%,194.159,-0.1%,3704.03,19.1,-8.8%,+9.2%,-0.0%,-1.6%
AAP,Extended,Autos,Consumer Discretionary,Consumer Discretionary Distrib,Adj,Dec,EPS,CY2025,1.531,1.804,+17.8%,1.823,+1.1%,1.815,-0.4%,59.51,32.8,+18.5%,+51.4%,+24.0%,+81.9%
AAP,Extended,Autos,Consumer Discretionary,Consumer Discretionary Distrib,Adj,Dec,EPS,CY2026,2.819,2.68,-4.9%,2.711,+1.2%,2.777,+2.4%,59.51,21.4,-1.5%,+51.4%,+24.0%,+81.9%
AAP,Extended,Autos,Consumer Discretionary,Consumer Discretionary Distrib,Adj,Dec,EPS,CY2027,4.345,3.999,-8.0%,4.062,+1.6%,3.919,-3.5%,59.51,15.2,-9.8%,+51.4%,+24.0%,+81.9%
AAP,Extended,Autos,Consumer Discretionary,Consumer Discretionary Distrib,Adj,Dec,EPS,CY2028,,4.485,,4.694,+4.7%,4.686,-0.2%,59.51,12.7,,+51.4%,+24.0%,+81.9%
ORLY,Extended,Autos,Consumer Discretionary,Consumer Discretionary Distrib,Adj,Dec,EPS,CY2025,2.927,2.974,+1.6%,2.975,+0.0%,2.976,+0.0%,99.4,33.4,+1.7%,+9.0%,+1.0%,+5.4%
ORLY,Extended,Autos,Consumer Discretionary,Consumer Discretionary Distrib,Adj,Dec,EPS,CY2026,3.279,3.309,+0.9%,3.307,-0.1%,3.222,-2.6%,99.4,30.9,-1.7%,+9.0%,+1.0%,+5.4%
ORLY,Extended,Autos,Consumer Discretionary,Consumer Discretionary Distrib,Adj,Dec,EPS,CY2027,3.645,3.656,+0.3%,3.652,-0.1%,3.574,-2.1%,99.4,27.8,-1.9%,+9.0%,+1.0%,+5.4%
ORLY,Extended,Autos,Consumer Discretionary,Consumer Discretionary Distrib,Adj,Dec,EPS,CY2028,3.953,3.958,+0.1%,3.949,-0.2%,3.949,+0.0%,99.4,25.2,-0.1%,+9.0%,+1.0%,+5.4%
KMX,Extended,Autos,Consumer Discretionary,Consumer Discretionary Distrib,Adj,Feb,EPS,CY2025,3.774,3.262,-13.6%,2.666,-18.3%,2.693,+1.0%,39.31,14.6,-28.6%,+1.7%,-11.7%,-39.2%
KMX,Extended,Autos,Consumer Discretionary,Consumer Discretionary Distrib,Adj,Feb,EPS,CY2026,4.328,3.8,-12.2%,2.525,-33.6%,2.318,-8.2%,39.31,17.0,-46.4%,+1.7%,-11.7%,-39.2%
KMX,Extended,Autos,Consumer Discretionary,Consumer Discretionary Distrib,Adj,Feb,EPS,CY2027,5.338,4.498,-15.7%,3.238,-28.0%,2.77,-14.5%,39.31,14.2,-48.1%,+1.7%,-11.7%,-39.2%
KMX,Extended,Autos,Consumer Discretionary,Consumer Discretionary Distrib,Adj,Feb,EPS,CY2028,9.48,7.2,-24.1%,4.933,-31.5%,3.841,-22.1%,39.31,10.2,-59.5%,+1.7%,-11.7%,-39.2%
MNRO,Extended,Autos,Consumer Discretionary,Consumer Discretionary Distrib,Adj,Mar,EPS,CY2025,0.84,0.558,-33.6%,0.55,-1.4%,0.474,-13.8%,17.56,37.0,-43.6%,-12.4%,-6.2%,+26.0%
MNRO,Extended,Autos,Consumer Discretionary,Consumer Discretionary Distrib,Adj,Mar,EPS,CY2026,0.88,0.698,-20.7%,0.668,-4.3%,0.66,-1.2%,17.56,26.6,-25.0%,-12.4%,-6.2%,+26.0%
MNRO,Extended,Autos,Consumer Discretionary,Consumer Discretionary Distrib,Adj,Mar,EPS,CY2027,0.85,0.92,+8.2%,0.9,-2.2%,0.927,+3.0%,17.56,18.9,+9.1%,-12.4%,-6.2%,+26.0%
MNRO,Extended,Autos,Consumer Discretionary,Consumer Discretionary Distrib,Adj,Mar,EPS,CY2028,,,,,,1.21,,17.56,14.5,,-12.4%,-6.2%,+26.0%
AN,Extended,Autos,Consumer Discretionary,Consumer Discretionary Distrib,Adj,Dec,EPS,CY2025,18.141,20.02,+10.4%,19.989,-0.2%,19.989,+0.0%,212.38,10.6,+10.2%,+2.9%,+3.6%,+22.0%
AN,Extended,Autos,Consumer Discretionary,Consumer Discretionary Distrib,Adj,Dec,EPS,CY2026,19.699,21.072,+7.0%,21.052,-0.1%,21.289,+1.1%,212.38,10.0,+8.1%,+2.9%,+3.6%,+22.0%
AN,Extended,Autos,Consumer Discretionary,Consumer Discretionary Distrib,Adj,Dec,EPS,CY2027,22.342,22.757,+1.9%,23.065,+1.4%,23.696,+2.7%,212.38,9.0,+6.1%,+2.9%,+3.6%,+22.0%
AN,Extended,Autos,Consumer Discretionary,Consumer Discretionary Distrib,Adj,Dec,EPS,CY2028,24.97,25.323,+1.4%,25.323,+0.0%,24.898,-1.7%,212.38,8.5,-0.3%,+2.9%,+3.6%,+22.0%
GPI,Extended,Autos,Consumer Discretionary,Consumer Discretionary Distrib,Adj,Dec,EPS,CY2025,40.565,42.552,+4.9%,40.471,-4.9%,40.471,+0.0%,356.87,8.8,-0.2%,-9.3%,+0.7%,-11.6%
GPI,Extended,Autos,Consumer Discretionary,Consumer Discretionary Distrib,Adj,Dec,EPS,CY2026,43.303,44.701,+3.2%,43.413,-2.9%,41.803,-3.7%,356.87,8.5,-3.5%,-9.3%,+0.7%,-11.6%
GPI,Extended,Autos,Consumer Discretionary,Consumer Discretionary Distrib,Adj,Dec,EPS,CY2027,49.92,49.195,-1.5%,48.156,-2.1%,46.875,-2.7%,356.87,7.6,-6.1%,-9.3%,+0.7%,-11.6%
GPI,Extended,Autos,Consumer Discretionary,Consumer Discretionary Distrib,Adj,Dec,EPS,CY2028,56.48,55.73,-1.3%,55.465,-0.5%,51.464,-7.2%,356.87,6.9,-8.9%,-9.3%,+0.7%,-11.6%
SAH,Extended,Autos,Consumer Discretionary,Consumer Discretionary Distrib,Adj,Dec,EPS,CY2025,6.187,6.262,+1.2%,6.049,-3.4%,6.049,+0.0%,78.75,13.0,-2.2%,+27.3%,+31.3%,+29.7%
SAH,Extended,Autos,Consumer Discretionary,Consumer Discretionary Distrib,Adj,Dec,EPS,CY2026,7.036,7.244,+3.0%,7.054,-2.6%,6.361,-9.8%,78.75,12.4,-9.6%,+27.3%,+31.3%,+29.7%
SAH,Extended,Autos,Consumer Discretionary,Consumer Discretionary Distrib,Adj,Dec,EPS,CY2027,8.223,8.06,-2.0%,7.788,-3.4%,7.104,-8.8%,78.75,11.1,-13.6%,+27.3%,+31.3%,+29.7%
SAH,Extended,Autos,Consumer Discretionary,Consumer Discretionary Distrib,Adj,Dec,EPS,CY2028,9.735,9.35,-4.0%,8.917,-4.6%,7.622,-14.5%,78.75,10.3,-21.7%,+27.3%,+31.3%,+29.7%
CPRT,Extended,Autos,Industrials,Commercial & Professional Serv,Adj,Jul,EPS,CY2025,1.562,1.55,-0.8%,1.55,+0.0%,1.55,+0.0%,33.11,21.4,-0.8%,-15.4%,-18.4%,-45.7%
CPRT,Extended,Autos,Industrials,Commercial & Professional Serv,Adj,Jul,EPS,CY2026,1.785,1.728,-3.2%,1.658,-4.1%,1.575,-5.0%,33.11,21.0,-11.8%,-15.4%,-18.4%,-45.7%
CPRT,Extended,Autos,Industrials,Commercial & Professional Serv,Adj,Jul,EPS,CY2027,,1.935,,1.808,-6.6%,1.679,-7.1%,33.11,19.7,,-15.4%,-18.4%,-45.7%
CPRT,Extended,Autos,Industrials,Commercial & Professional Serv,Adj,Jul,EPS,CY2028,,2.22,,1.915,-13.7%,1.837,-4.1%,33.11,18.0,,-15.4%,-18.4%,-45.7%
LKQ,Extended,Autos,Consumer Discretionary,Consumer Discretionary Distrib,Adj,Dec,EPS,CY2025,3.513,3.094,-11.9%,3.099,+0.2%,3.106,+0.2%,31.58,10.2,-11.6%,+4.6%,-3.9%,-17.4%
LKQ,Extended,Autos,Consumer Discretionary,Consumer Discretionary Distrib,Adj,Dec,EPS,CY2026,3.782,3.359,-11.2%,3.282,-2.3%,3.01,-8.3%,31.58,10.5,-20.4%,+4.6%,-3.9%,-17.4%
LKQ,Extended,Autos,Consumer Discretionary,Consumer Discretionary Distrib,Adj,Dec,EPS,CY2027,4.018,3.625,-9.8%,3.468,-4.3%,3.303,-4.8%,31.58,9.6,-17.8%,+4.6%,-3.9%,-17.4%
LKQ,Extended,Autos,Consumer Discretionary,Consumer Discretionary Distrib,Adj,Dec,EPS,CY2028,4.04,4.04,+0.0%,3.39,-16.1%,3.505,+3.4%,31.58,9.0,-13.2%,+4.6%,-3.9%,-17.4%
WAB,Extended,Auto / Truck Supply Chain,Industrials,Capital Goods,Adj,Dec,EPS,CY2025,8.693,8.974,+3.2%,8.968,-0.1%,8.968,+0.0%,269.89,30.1,+3.2%,+26.4%,+17.3%,+46.1%
WAB,Extended,Auto / Truck Supply Chain,Industrials,Capital Goods,Adj,Dec,EPS,CY2026,9.687,10.174,+5.0%,10.228,+0.5%,10.578,+3.4%,269.89,25.5,+9.2%,+26.4%,+17.3%,+46.1%
WAB,Extended,Auto / Truck Supply Chain,Industrials,Capital Goods,Adj,Dec,EPS,CY2027,10.69,11.258,+5.3%,11.442,+1.6%,12.129,+6.0%,269.89,22.3,+13.5%,+26.4%,+17.3%,+46.1%
WAB,Extended,Auto / Truck Supply Chain,Industrials,Capital Goods,Adj,Dec,EPS,CY2028,11.31,14.48,+28.0%,13.003,-10.2%,13.555,+4.2%,269.89,19.9,+19.8%,+26.4%,+17.3%,+46.1%
ALSN,Extended,Auto / Truck Supply Chain,Industrials,Capital Goods,Adj,Dec,EPS,CY2025,8.842,7.794,-11.9%,7.72,-0.9%,7.72,+0.0%,134.35,17.4,-12.7%,+37.2%,+23.6%,+45.7%
ALSN,Extended,Auto / Truck Supply Chain,Industrials,Capital Goods,Adj,Dec,EPS,CY2026,9.969,8.728,-12.4%,9.837,+12.7%,8.917,-9.4%,134.35,15.1,-10.6%,+37.2%,+23.6%,+45.7%
ALSN,Extended,Auto / Truck Supply Chain,Industrials,Capital Goods,Adj,Dec,EPS,CY2027,10.398,10.277,-1.2%,11.606,+12.9%,10.901,-6.1%,134.35,12.3,+4.8%,+37.2%,+23.6%,+45.7%
ALSN,Extended,Auto / Truck Supply Chain,Industrials,Capital Goods,Adj,Dec,EPS,CY2028,,14.39,,10.24,-28.8%,12.938,+26.3%,134.35,10.4,,+37.2%,+23.6%,+45.7%
GNTX,Extended,Auto / Truck Supply Chain,Consumer Discretionary,Automobiles & Components,Adj,Dec,EPS,CY2025,1.703,1.777,+4.3%,1.791,+0.8%,1.791,+0.0%,23.11,12.9,+5.2%,-0.7%,+0.4%,+6.1%
GNTX,Extended,Auto / Truck Supply Chain,Consumer Discretionary,Automobiles & Components,Adj,Dec,EPS,CY2026,1.922,1.949,+1.4%,1.97,+1.1%,1.97,+0.0%,23.11,11.7,+2.5%,-0.7%,+0.4%,+6.1%
GNTX,Extended,Auto / Truck Supply Chain,Consumer Discretionary,Automobiles & Components,Adj,Dec,EPS,CY2027,2.114,2.227,+5.3%,2.235,+0.4%,2.199,-1.6%,23.11,10.5,+4.0%,-0.7%,+0.4%,+6.1%
GNTX,Extended,Auto / Truck Supply Chain,Consumer Discretionary,Automobiles & Components,Adj,Dec,EPS,CY2028,3.13,2.96,-5.4%,2.96,+0.0%,2.544,-14.1%,23.11,9.1,-18.7%,-0.7%,+0.4%,+6.1%
TEL,Extended,Auto / Truck Supply Chain,Information Technology,Technology Hardware & Equipmen,Adj,Sep,EPS,CY2025,8.219,8.609,+4.7%,8.609,+0.0%,8.609,+0.0%,211.66,24.6,+4.7%,-7.0%,-5.0%,+44.6%
TEL,Extended,Auto / Truck Supply Chain,Information Technology,Technology Hardware & Equipmen,Adj,Sep,EPS,CY2026,8.993,10.542,+17.2%,11.046,+4.8%,11.239,+1.7%,211.66,18.8,+25.0%,-7.0%,-5.0%,+44.6%
TEL,Extended,Auto / Truck Supply Chain,Information Technology,Technology Hardware & Equipmen,Adj,Sep,EPS,CY2027,9.927,11.619,+17.0%,12.339,+6.2%,12.604,+2.1%,211.66,16.8,+27.0%,-7.0%,-5.0%,+44.6%
TEL,Extended,Auto / Truck Supply Chain,Information Technology,Technology Hardware & Equipmen,Adj,Sep,EPS,CY2028,11.092,13.082,+17.9%,13.621,+4.1%,13.863,+1.8%,211.66,15.3,+25.0%,-7.0%,-5.0%,+44.6%
GT,Extended,Auto / Truck Supply Chain,Consumer Discretionary,Automobiles & Components,Adj,Dec,EPS,CY2025,1.466,0.541,-63.1%,0.624,+15.3%,0.624,+0.0%,7.08,11.3,-57.4%,-19.2%,-24.8%,-34.9%
GT,Extended,Auto / Truck Supply Chain,Consumer Discretionary,Automobiles & Components,Adj,Dec,EPS,CY2026,2.024,1.236,-38.9%,1.059,-14.3%,0.482,-54.5%,7.08,14.7,-76.2%,-19.2%,-24.8%,-34.9%
GT,Extended,Auto / Truck Supply Chain,Consumer Discretionary,Automobiles & Components,Adj,Dec,EPS,CY2027,2.208,1.554,-29.6%,1.438,-7.5%,1.059,-26.4%,7.08,6.7,-52.0%,-19.2%,-24.8%,-34.9%
GT,Extended,Auto / Truck Supply Chain,Consumer Discretionary,Automobiles & Components,Adj,Dec,EPS,CY2028,,1.8,,1.55,-13.9%,1.477,-4.7%,7.08,4.8,,-19.2%,-24.8%,-34.9%
TEN,Extended,Auto / Truck Supply Chain,Energy,Energy,Adj,Dec,EPS,CY2025,2.925,3.265,+11.6%,3.42,+4.7%,3.517,+2.8%,40.68,11.6,+20.2%,+81.4%,+49.7%,+143.3%
TEN,Extended,Auto / Truck Supply Chain,Energy,Energy,Adj,Dec,EPS,CY2026,4.737,6.115,+29.1%,4.46,-27.1%,7.69,+72.4%,40.68,5.3,+62.3%,+81.4%,+49.7%,+143.3%
TEN,Extended,Auto / Truck Supply Chain,Energy,Energy,Adj,Dec,EPS,CY2027,8.43,7.99,-5.2%,3.13,-60.8%,5.17,+65.2%,40.68,7.9,-38.7%,+81.4%,+49.7%,+143.3%
TEN,Extended,Auto / Truck Supply Chain,Energy,Energy,Adj,Dec,EPS,CY2028,,9.67,,9.67,+0.0%,9.67,+0.0%,40.68,4.2,,+81.4%,+49.7%,+143.3%
LEA,Extended,Auto / Truck Supply Chain,Consumer Discretionary,Automobiles & Components,Adj,Dec,EPS,CY2025,11.359,12.268,+8.0%,12.247,-0.2%,12.247,+0.0%,127.13,10.4,+7.8%,+10.9%,+8.6%,+48.3%
LEA,Extended,Auto / Truck Supply Chain,Consumer Discretionary,Automobiles & Components,Adj,Dec,EPS,CY2026,13.659,13.943,+2.1%,14.098,+1.1%,14.355,+1.8%,127.13,8.9,+5.1%,+10.9%,+8.6%,+48.3%
LEA,Extended,Auto / Truck Supply Chain,Consumer Discretionary,Automobiles & Components,Adj,Dec,EPS,CY2027,16.34,16.316,-0.1%,16.413,+0.6%,16.888,+2.9%,127.13,7.5,+3.4%,+10.9%,+8.6%,+48.3%
LEA,Extended,Auto / Truck Supply Chain,Consumer Discretionary,Automobiles & Components,Adj,Dec,EPS,CY2028,21.43,19.61,-8.5%,18.238,-7.0%,19.134,+4.9%,127.13,6.6,-10.7%,+10.9%,+8.6%,+48.3%
ADNT,Extended,Auto / Truck Supply Chain,Consumer Discretionary,Automobiles & Components,Adj,Sep,EPS,CY2025,1.458,1.955,+34.1%,1.968,+0.7%,1.968,+0.0%,21.05,10.7,+35.0%,+9.8%,+1.2%,+66.4%
ADNT,Extended,Auto / Truck Supply Chain,Consumer Discretionary,Automobiles & Components,Adj,Sep,EPS,CY2026,2.198,2.587,+17.7%,2.001,-22.7%,2.081,+4.0%,21.05,10.1,-5.3%,+9.8%,+1.2%,+66.4%
ADNT,Extended,Auto / Truck Supply Chain,Consumer Discretionary,Automobiles & Components,Adj,Sep,EPS,CY2027,3.133,3.785,+20.8%,3.046,-19.5%,3.196,+4.9%,21.05,6.6,+2.0%,+9.8%,+1.2%,+66.4%
ADNT,Extended,Auto / Truck Supply Chain,Consumer Discretionary,Automobiles & Components,Adj,Sep,EPS,CY2028,6.307,6.15,-2.5%,4.42,-28.1%,4.518,+2.2%,21.05,4.7,-28.4%,+9.8%,+1.2%,+66.4%
JCI,Extended,Auto / Truck Supply Chain,Industrials,Capital Goods,Adj,Sep,EPS,CY2025,3.571,3.725,+4.3%,3.725,+0.0%,3.725,+0.0%,146.03,39.2,+4.3%,+21.9%,+22.4%,+74.1%
JCI,Extended,Auto / Truck Supply Chain,Industrials,Capital Goods,Adj,Sep,EPS,CY2026,4.171,4.447,+6.6%,4.613,+3.7%,4.755,+3.1%,146.03,30.7,+14.0%,+21.9%,+22.4%,+74.1%
JCI,Extended,Auto / Truck Supply Chain,Industrials,Capital Goods,Adj,Sep,EPS,CY2027,4.814,5.158,+7.1%,5.362,+4.0%,5.555,+3.6%,146.03,26.3,+15.4%,+21.9%,+22.4%,+74.1%
JCI,Extended,Auto / Truck Supply Chain,Industrials,Capital Goods,Adj,Sep,EPS,CY2028,5.648,5.835,+3.3%,6.051,+3.7%,6.303,+4.2%,146.03,23.2,+11.6%,+21.9%,+22.4%,+74.1%
LNR,Extended,Auto / Truck Supply Chain,Consumer Discretionary,Automobiles & Components,Adj,Dec,EPS,CY2025,9.482,10.124,+6.8%,10.068,-0.6%,10.072,+0.0%,90.89,9.0,+6.2%,+9.6%,+5.3%,+79.7%
LNR,Extended,Auto / Truck Supply Chain,Consumer Discretionary,Automobiles & Components,Adj,Dec,EPS,CY2026,10.85,11.058,+1.9%,11.236,+1.6%,11.534,+2.7%,90.89,7.9,+6.3%,+9.6%,+5.3%,+79.7%
LNR,Extended,Auto / Truck Supply Chain,Consumer Discretionary,Automobiles & Components,Adj,Dec,EPS,CY2027,,13.87,,13.47,-2.9%,12.862,-4.5%,90.89,7.1,,+9.6%,+5.3%,+79.7%
LNR,Extended,Auto / Truck Supply Chain,Consumer Discretionary,Automobiles & Components,Adj,Dec,EPS,CY2028,,,,,,,,90.89,,,+9.6%,+5.3%,+79.7%
CON,Extended,Auto / Truck Supply Chain,Consumer Discretionary,Automobiles & Components,Adj,Dec,EPS,CY2025,7.622,5.769,-24.3%,3.085,-46.5%,2.87,-7.0%,64.18,22.4,-62.3%,-5.6%,-3.7%,+25.3%
CON,Extended,Auto / Truck Supply Chain,Consumer Discretionary,Automobiles & Components,Adj,Dec,EPS,CY2026,9.539,7.237,-24.1%,6.649,-8.1%,6.345,-4.6%,64.18,10.1,-33.5%,-5.6%,-3.7%,+25.3%
CON,Extended,Auto / Truck Supply Chain,Consumer Discretionary,Automobiles & Components,Adj,Dec,EPS,CY2027,11.025,8.246,-25.2%,7.651,-7.2%,7.317,-4.4%,64.18,8.8,-33.6%,-5.6%,-3.7%,+25.3%
CON,Extended,Auto / Truck Supply Chain,Consumer Discretionary,Automobiles & Components,Adj,Dec,EPS,CY2028,12.21,8.483,-30.5%,7.99,-5.8%,7.897,-1.2%,64.18,8.1,-35.3%,-5.6%,-3.7%,+25.3%
PCAR,Extended,Auto / Truck Supply Chain,Industrials,Capital Goods,Adj,Dec,EPS,CY2025,6.251,5.022,-19.7%,4.977,-0.9%,4.977,+0.0%,118.8,23.9,-20.4%,+8.5%,-3.3%,+33.4%
PCAR,Extended,Auto / Truck Supply Chain,Industrials,Capital Goods,Adj,Dec,EPS,CY2026,7.381,5.815,-21.2%,5.742,-1.3%,5.727,-0.3%,118.8,20.7,-22.4%,+8.5%,-3.3%,+33.4%
PCAR,Extended,Auto / Truck Supply Chain,Industrials,Capital Goods,Adj,Dec,EPS,CY2027,7.283,6.835,-6.2%,6.775,-0.9%,6.805,+0.4%,118.8,17.5,-6.6%,+8.5%,-3.3%,+33.4%
PCAR,Extended,Auto / Truck Supply Chain,Industrials,Capital Goods,Adj,Dec,EPS,CY2028,8.296,7.438,-10.3%,7.601,+2.2%,7.805,+2.7%,118.8,15.2,-5.9%,+8.5%,-3.3%,+33.4%
HOG,Extended,Auto / Truck Supply Chain,Consumer Discretionary,Automobiles & Components,Adj,Dec,EPS,CY2025,3.15,4.238,+34.5%,4.041,-4.6%,4.041,+0.0%,23.89,5.9,+28.3%,+16.6%,+20.7%,+6.6%
HOG,Extended,Auto / Truck Supply Chain,Consumer Discretionary,Automobiles & Components,Adj,Dec,EPS,CY2026,3.984,2.569,-35.5%,1.984,-22.8%,0.325,-83.6%,23.89,73.5,-91.8%,+16.6%,+20.7%,+6.6%
HOG,Extended,Auto / Truck Supply Chain,Consumer Discretionary,Automobiles & Components,Adj,Dec,EPS,CY2027,4.36,3.283,-24.7%,2.896,-11.8%,1.612,-44.3%,23.89,14.8,-63.0%,+16.6%,+20.7%,+6.6%
HOG,Extended,Auto / Truck Supply Chain,Consumer Discretionary,Automobiles & Components,Adj,Dec,EPS,CY2028,4.51,4.88,+8.2%,5.04,+3.3%,2.176,-56.8%,23.89,11.0,-51.8%,+16.6%,+20.7%,+6.6%
GM,Extended,Auto / Truck Supply Chain,Consumer Discretionary,Automobiles & Components,Adj,Dec,EPS,CY2025,10.334,10.142,-1.9%,10.286,+1.4%,10.286,+0.0%,76.89,7.5,-0.5%,-5.4%,-8.5%,+70.0%
GM,Extended,Auto / Truck Supply Chain,Consumer Discretionary,Automobiles & Components,Adj,Dec,EPS,CY2026,9.993,11.448,+14.6%,12.159,+6.2%,12.538,+3.1%,76.89,6.1,+25.5%,-5.4%,-8.5%,+70.0%
GM,Extended,Auto / Truck Supply Chain,Consumer Discretionary,Automobiles & Components,Adj,Dec,EPS,CY2027,9.449,11.627,+23.1%,12.951,+11.4%,13.883,+7.2%,76.89,5.5,+46.9%,-5.4%,-8.5%,+70.0%
GM,Extended,Auto / Truck Supply Chain,Consumer Discretionary,Automobiles & Components,Adj,Dec,EPS,CY2028,10.176,11.212,+10.2%,12.855,+14.7%,13.293,+3.4%,76.89,5.8,+30.6%,-5.4%,-8.5%,+70.0%
BC,Extended,Auto / Truck Supply Chain,Consumer Discretionary,Consumer Durables & Apparel,Adj,Dec,EPS,CY2025,3.127,3.256,+4.1%,3.26,+0.1%,3.26,+0.0%,79.45,24.4,+4.3%,+7.0%,-1.0%,+72.5%
BC,Extended,Auto / Truck Supply Chain,Consumer Discretionary,Consumer Durables & Apparel,Adj,Dec,EPS,CY2026,4.153,4.125,-0.7%,4.218,+2.3%,4.264,+1.1%,79.45,18.6,+2.7%,+7.0%,-1.0%,+72.5%
BC,Extended,Auto / Truck Supply Chain,Consumer Discretionary,Consumer Durables & Apparel,Adj,Dec,EPS,CY2027,5.732,5.107,-10.9%,5.376,+5.3%,5.479,+1.9%,79.45,14.5,-4.4%,+7.0%,-1.0%,+72.5%
BC,Extended,Auto / Truck Supply Chain,Consumer Discretionary,Consumer Durables & Apparel,Adj,Dec,EPS,CY2028,10.21,7.34,-28.1%,7.003,-4.6%,6.623,-5.4%,79.45,12.0,-35.1%,+7.0%,-1.0%,+72.5%
F,Extended,Auto / Truck Supply Chain,Consumer Discretionary,Automobiles & Components,Adj,Dec,EPS,CY2025,1.082,1.079,-0.3%,1.141,+5.7%,1.141,+0.0%,12.08,10.6,+5.5%,-7.9%,-13.0%,+20.7%
F,Extended,Auto / Truck Supply Chain,Consumer Discretionary,Automobiles & Components,Adj,Dec,EPS,CY2026,1.336,1.416,+6.0%,1.55,+9.5%,1.562,+0.8%,12.08,7.7,+16.9%,-7.9%,-13.0%,+20.7%
F,Extended,Auto / Truck Supply Chain,Consumer Discretionary,Automobiles & Components,Adj,Dec,EPS,CY2027,1.439,1.555,+8.1%,1.782,+14.6%,1.837,+3.1%,12.08,6.6,+27.7%,-7.9%,-13.0%,+20.7%
F,Extended,Auto / Truck Supply Chain,Consumer Discretionary,Automobiles & Components,Adj,Dec,EPS,CY2028,1.661,1.796,+8.1%,1.863,+3.7%,1.957,+5.0%,12.08,6.2,+17.8%,-7.9%,-13.0%,+20.7%
STLA,Extended,Auto / Truck Supply Chain,Consumer Discretionary,Automobiles & Components,Adj,Dec,EPS,CY2025,1.853,0.502,-72.9%,0.424,-15.5%,-0.673,-258.7%,7.28,-10.8,-136.3%,-33.1%,-26.2%,-21.6%
STLA,Extended,Auto / Truck Supply Chain,Consumer Discretionary,Automobiles & Components,Adj,Dec,EPS,CY2026,2.345,1.654,-29.5%,1.521,-8.0%,0.83,-45.4%,7.28,8.8,-64.6%,-33.1%,-26.2%,-21.6%
STLA,Extended,Auto / Truck Supply Chain,Consumer Discretionary,Automobiles & Components,Adj,Dec,EPS,CY2027,2.726,2.239,-17.9%,2.137,-4.6%,1.52,-28.9%,7.28,4.8,-44.2%,-33.1%,-26.2%,-21.6%
STLA,Extended,Auto / Truck Supply Chain,Consumer Discretionary,Automobiles & Components,Adj,Dec,EPS,CY2028,3.106,2.535,-18.4%,2.47,-2.6%,1.881,-23.8%,7.28,3.9,-39.4%,-33.1%,-26.2%,-21.6%
EXO,Extended,Auto / Truck Supply Chain,Financials,Financial Services,Adj,Dec,EPS,CY2025,-3.897,6.393,+264.0%,4.443,-30.5%,14.0,+215.1%,66.8,4.8,+459.3%,-7.8%,-3.3%,-19.4%
EXO,Extended,Auto / Truck Supply Chain,Financials,Financial Services,Adj,Dec,EPS,CY2026,1.235,2.39,+93.5%,2.94,+23.0%,2.027,-31.1%,66.8,33.0,+64.1%,-7.8%,-3.3%,-19.4%
EXO,Extended,Auto / Truck Supply Chain,Financials,Financial Services,Adj,Dec,EPS,CY2027,3.3,3.147,-4.6%,3.405,+8.2%,2.433,-28.5%,66.8,27.5,-26.3%,-7.8%,-3.3%,-19.4%
EXO,Extended,Auto / Truck Supply Chain,Financials,Financial Services,Adj,Dec,EPS,CY2028,,3.18,,3.18,+0.0%,1.71,-46.2%,66.8,39.1,,-7.8%,-3.3%,-19.4%
VOW,Extended,Auto / Truck Supply Chain,Consumer Discretionary,Automobiles & Components,Adj,Dec,EPS,CY2025,22.251,11.699,-47.4%,10.674,-8.8%,11.133,+4.3%,87.95,7.9,-50.0%,-16.3%,-14.5%,-10.1%
VOW,Extended,Auto / Truck Supply Chain,Consumer Discretionary,Automobiles & Components,Adj,Dec,EPS,CY2026,25.721,22.279,-13.4%,22.1,-0.8%,19.901,-10.0%,87.95,4.4,-22.6%,-16.3%,-14.5%,-10.1%
VOW,Extended,Auto / Truck Supply Chain,Consumer Discretionary,Automobiles & Components,Adj,Dec,EPS,CY2027,29.625,26.651,-10.0%,26.988,+1.3%,23.78,-11.9%,87.95,3.7,-19.7%,-16.3%,-14.5%,-10.1%
VOW,Extended,Auto / Truck Supply Chain,Consumer Discretionary,Automobiles & Components,Adj,Dec,EPS,CY2028,34.396,27.168,-21.0%,31.087,+14.4%,27.866,-10.4%,87.95,3.2,-19.0%,-16.3%,-14.5%,-10.1%
BMW,Extended,Auto / Truck Supply Chain,Consumer Discretionary,Automobiles & Components,Adj,Dec,EPS,CY2025,11.021,10.578,-4.0%,10.566,-0.1%,10.683,+1.1%,77.92,7.3,-3.1%,-16.3%,-10.9%,+4.9%
BMW,Extended,Auto / Truck Supply Chain,Consumer Discretionary,Automobiles & Components,Adj,Dec,EPS,CY2026,11.668,11.369,-2.6%,11.146,-2.0%,10.428,-6.4%,77.92,7.5,-10.6%,-16.3%,-10.9%,+4.9%
BMW,Extended,Auto / Truck Supply Chain,Consumer Discretionary,Automobiles & Components,Adj,Dec,EPS,CY2027,12.941,12.947,+0.0%,12.805,-1.1%,11.906,-7.0%,77.92,6.5,-8.0%,-16.3%,-10.9%,+4.9%
BMW,Extended,Auto / Truck Supply Chain,Consumer Discretionary,Automobiles & Components,Adj,Dec,EPS,CY2028,13.814,14.34,+3.8%,14.63,+2.0%,13.556,-7.3%,77.92,5.7,-1.9%,-16.3%,-10.9%,+4.9%
005380,Extended,Auto / Truck Supply Chain,Consumer Discretionary,Automobiles & Components,GAAP,Dec,EPS,CY2025,49302.803,44644.489,-9.4%,45332.066,+1.5%,45332.066,+0.0%,535000.0,11.8,-8.1%,+80.1%,+7.1%,+180.7%
005380,Extended,Auto / Truck Supply Chain,Consumer Discretionary,Automobiles & Components,GAAP,Dec,EPS,CY2026,49656.569,46320.374,-6.7%,47668.7,+2.9%,45218.07,-5.1%,535000.0,11.8,-8.9%,+80.1%,+7.1%,+180.7%
005380,Extended,Auto / Truck Supply Chain,Consumer Discretionary,Automobiles & Components,GAAP,Dec,EPS,CY2027,48695.244,49220.376,+1.1%,51731.878,+5.1%,49418.133,-4.5%,535000.0,10.8,+1.5%,+80.1%,+7.1%,+180.7%
005380,Extended,Auto / Truck Supply Chain,Consumer Discretionary,Automobiles & Components,GAAP,Dec,EPS,CY2028,,75007.0,,59216.943,-21.1%,50844.238,-14.1%,535000.0,10.5,,+80.1%,+7.1%,+180.7%
ECL,Extended,Recurring services,Materials,Materials,Adj,Dec,EPS,CY2025,7.494,7.533,+0.5%,7.523,-0.1%,7.523,+0.0%,260.6,34.6,+0.4%,-0.7%,-7.6%,+3.6%
ECL,Extended,Recurring services,Materials,Materials,Adj,Dec,EPS,CY2026,8.438,8.484,+0.5%,8.454,-0.4%,8.377,-0.9%,260.6,31.1,-0.7%,-0.7%,-7.6%,+3.6%
ECL,Extended,Recurring services,Materials,Materials,Adj,Dec,EPS,CY2027,9.601,9.61,+0.1%,9.624,+0.1%,9.576,-0.5%,260.6,27.2,-0.3%,-0.7%,-7.6%,+3.6%
ECL,Extended,Recurring services,Materials,Materials,Adj,Dec,EPS,CY2028,10.197,10.432,+2.3%,10.622,+1.8%,10.749,+1.2%,260.6,24.2,+5.4%,-0.7%,-7.6%,+3.6%
CLH,Extended,Recurring services,Industrials,Commercial & Professional Serv,Adj,Dec,EPS,CY2025,7.461,7.27,-2.6%,7.251,-0.3%,7.251,+0.0%,312.68,43.1,-2.8%,+33.4%,+20.3%,+46.2%
CLH,Extended,Recurring services,Industrials,Commercial & Professional Serv,Adj,Dec,EPS,CY2026,8.923,8.019,-10.1%,8.042,+0.3%,8.338,+3.7%,312.68,37.5,-6.6%,+33.4%,+20.3%,+46.2%
CLH,Extended,Recurring services,Industrials,Commercial & Professional Serv,Adj,Dec,EPS,CY2027,10.923,9.184,-15.9%,9.222,+0.4%,9.374,+1.6%,312.68,33.4,-14.2%,+33.4%,+20.3%,+46.2%
CLH,Extended,Recurring services,Industrials,Commercial & Professional Serv,Adj,Dec,EPS,CY2028,12.01,11.16,-7.1%,10.477,-6.1%,10.688,+2.0%,312.68,29.3,-11.0%,+33.4%,+20.3%,+46.2%
PSA,Extended,Recurring services,Real Estate,Equity Real Estate Investment,Adj,Dec,EPS,CY2025,10.135,9.09,-10.3%,8.978,-1.2%,8.978,+0.0%,302.45,33.7,-11.4%,+16.6%,+9.5%,+0.7%
PSA,Extended,Recurring services,Real Estate,Equity Real Estate Investment,Adj,Dec,EPS,CY2026,10.771,10.484,-2.7%,10.159,-3.1%,9.716,-4.4%,302.45,31.1,-9.8%,+16.6%,+9.5%,+0.7%
PSA,Extended,Recurring services,Real Estate,Equity Real Estate Investment,Adj,Dec,EPS,CY2027,11.394,11.095,-2.6%,10.57,-4.7%,10.068,-4.7%,302.45,30.0,-11.6%,+16.6%,+9.5%,+0.7%
PSA,Extended,Recurring services,Real Estate,Equity Real Estate Investment,Adj,Dec,EPS,CY2028,12.372,11.998,-3.0%,11.301,-5.8%,10.666,-5.6%,302.45,28.4,-13.8%,+16.6%,+9.5%,+0.7%
EXR,Extended,Recurring services,Real Estate,Equity Real Estate Investment,Adj,Dec,EPS,CY2025,4.696,4.785,+1.9%,4.496,-6.0%,4.535,+0.9%,143.33,31.6,-3.4%,+10.1%,+3.9%,-2.2%
EXR,Extended,Recurring services,Real Estate,Equity Real Estate Investment,Adj,Dec,EPS,CY2026,5.089,4.919,-3.3%,4.882,-0.8%,4.658,-4.6%,143.33,30.8,-8.5%,+10.1%,+3.9%,-2.2%
EXR,Extended,Recurring services,Real Estate,Equity Real Estate Investment,Adj,Dec,EPS,CY2027,5.111,5.204,+1.8%,5.114,-1.7%,4.871,-4.8%,143.33,29.4,-4.7%,+10.1%,+3.9%,-2.2%
EXR,Extended,Recurring services,Real Estate,Equity Real Estate Investment,Adj,Dec,EPS,CY2028,5.656,5.688,+0.6%,5.535,-2.7%,5.127,-7.4%,143.33,28.0,-9.4%,+10.1%,+3.9%,-2.2%
SCI,Extended,Recurring services,Consumer Discretionary,Consumer Services,Adj,Dec,EPS,CY2025,3.83,3.854,+0.6%,3.852,-0.1%,3.852,+0.0%,81.03,21.0,+0.6%,+3.9%,+0.7%,+1.4%
SCI,Extended,Recurring services,Consumer Discretionary,Consumer Services,Adj,Dec,EPS,CY2026,4.227,4.244,+0.4%,4.255,+0.3%,4.195,-1.4%,81.03,19.3,-0.8%,+3.9%,+0.7%,+1.4%
SCI,Extended,Recurring services,Consumer Discretionary,Consumer Services,Adj,Dec,EPS,CY2027,,4.675,,4.682,+0.1%,4.628,-1.2%,81.03,17.5,,+3.9%,+0.7%,+1.4%
SCI,Extended,Recurring services,Consumer Discretionary,Consumer Services,Adj,Dec,EPS,CY2028,,,,,,5.21,,81.03,15.6,,+3.9%,+0.7%,+1.4%
ADT,Extended,Recurring services,Consumer Discretionary,Consumer Services,Adj,Dec,EPS,CY2025,0.835,0.883,+5.7%,0.882,-0.1%,0.882,+0.0%,7.53,8.5,+5.6%,-6.7%,-5.9%,-6.1%
ADT,Extended,Recurring services,Consumer Discretionary,Consumer Services,Adj,Dec,EPS,CY2026,0.94,1.017,+8.2%,0.946,-7.0%,0.895,-5.4%,7.53,8.4,-4.8%,-6.7%,-5.9%,-6.1%
ADT,Extended,Recurring services,Consumer Discretionary,Consumer Services,Adj,Dec,EPS,CY2027,0.99,1.183,+19.5%,1.052,-11.1%,0.968,-8.0%,7.53,7.8,-2.2%,-6.7%,-5.9%,-6.1%
ADT,Extended,Recurring services,Consumer Discretionary,Consumer Services,Adj,Dec,EPS,CY2028,,1.37,,1.33,-2.9%,1.056,-20.6%,7.53,7.1,,-6.7%,-5.9%,-6.1%
IRM,Extended,Recurring services,Real Estate,Equity Real Estate Investment,Adj,Dec,EPS,CY2025,1.86,1.522,-18.2%,1.965,+29.1%,1.965,+0.0%,125.99,64.1,+5.6%,+51.9%,+36.8%,+40.5%
IRM,Extended,Recurring services,Real Estate,Equity Real Estate Investment,Adj,Dec,EPS,CY2026,2.292,2.098,-8.5%,2.314,+10.3%,2.249,-2.8%,125.99,56.0,-1.9%,+51.9%,+36.8%,+40.5%
IRM,Extended,Recurring services,Real Estate,Equity Real Estate Investment,Adj,Dec,EPS,CY2027,2.629,2.534,-3.6%,2.676,+5.6%,2.549,-4.7%,125.99,49.4,-3.0%,+51.9%,+36.8%,+40.5%
IRM,Extended,Recurring services,Real Estate,Equity Real Estate Investment,Adj,Dec,EPS,CY2028,,2.697,,3.13,+16.1%,2.983,-4.7%,125.99,42.2,,+51.9%,+36.8%,+40.5%
SECUB,Extended,Recurring services,Industrials,Commercial & Professional Serv,Adj,Dec,EPS,CY2025,12.426,12.032,-3.2%,12.154,+1.0%,12.154,+0.0%,154.1,12.7,-2.2%,+4.7%,+4.8%,+0.4%
SECUB,Extended,Recurring services,Industrials,Commercial & Professional Serv,Adj,Dec,EPS,CY2026,13.678,12.829,-6.2%,12.945,+0.9%,13.044,+0.8%,154.1,11.8,-4.6%,+4.7%,+4.8%,+0.4%
SECUB,Extended,Recurring services,Industrials,Commercial & Professional Serv,Adj,Dec,EPS,CY2027,14.831,13.833,-6.7%,14.023,+1.4%,14.086,+0.4%,154.1,10.9,-5.0%,+4.7%,+4.8%,+0.4%
SECUB,Extended,Recurring services,Industrials,Commercial & Professional Serv,Adj,Dec,EPS,CY2028,16.072,15.625,-2.8%,15.458,-1.1%,15.098,-2.3%,154.1,10.2,-6.1%,+4.7%,+4.8%,+0.4%
CTAS,Extended,Recurring services,Industrials,Commercial & Professional Serv,Adj,May,EPS,CY2025,4.389,4.388,-0.0%,4.388,+0.0%,4.388,+0.0%,174.71,39.8,-0.0%,-7.1%,-8.7%,-17.5%
CTAS,Extended,Recurring services,Industrials,Commercial & Professional Serv,Adj,May,EPS,CY2026,4.849,4.882,+0.7%,4.877,-0.1%,4.894,+0.3%,174.71,35.7,+0.9%,-7.1%,-8.7%,-17.5%
CTAS,Extended,Recurring services,Industrials,Commercial & Professional Serv,Adj,May,EPS,CY2027,5.373,5.375,+0.0%,5.446,+1.3%,5.463,+0.3%,174.71,32.0,+1.7%,-7.1%,-8.7%,-17.5%
CTAS,Extended,Recurring services,Industrials,Commercial & Professional Serv,Adj,May,EPS,CY2028,6.085,5.985,-1.6%,5.977,-0.1%,6.033,+0.9%,174.71,29.0,-0.9%,-7.1%,-8.7%,-17.5%
ROL,Extended,Recurring services,Industrials,Commercial & Professional Serv,Adj,Dec,EPS,CY2025,1.098,1.128,+2.7%,1.139,+1.0%,1.139,+0.0%,55.73,48.9,+3.7%,-7.1%,-12.0%,-2.5%
ROL,Extended,Recurring services,Industrials,Commercial & Professional Serv,Adj,Dec,EPS,CY2026,1.245,1.261,+1.3%,1.275,+1.1%,1.242,-2.6%,55.73,44.9,-0.2%,-7.1%,-12.0%,-2.5%
ROL,Extended,Recurring services,Industrials,Commercial & Professional Serv,Adj,Dec,EPS,CY2027,1.383,1.397,+1.0%,1.407,+0.7%,1.386,-1.5%,55.73,40.2,+0.2%,-7.1%,-12.0%,-2.5%
ROL,Extended,Recurring services,Industrials,Commercial & Professional Serv,Adj,Dec,EPS,CY2028,1.498,1.524,+1.7%,1.576,+3.4%,1.539,-2.3%,55.73,36.2,+2.7%,-7.1%,-12.0%,-2.5%
TRUP,Extended,Recurring services,Financials,Insurance,Adj,Dec,EPS,CY2025,,0.32,,0.45,+40.6%,0.45,+0.0%,23.99,53.3,,-35.8%,-25.0%,-34.5%
TRUP,Extended,Recurring services,Financials,Insurance,Adj,Dec,EPS,CY2026,,0.36,,0.475,+31.9%,0.151,-68.2%,23.99,158.9,,-35.8%,-25.0%,-34.5%
TRUP,Extended,Recurring services,Financials,Insurance,Adj,Dec,EPS,CY2027,,,,0.86,,0.045,-94.8%,23.99,533.1,,-35.8%,-25.0%,-34.5%
TRUP,Extended,Recurring services,Financials,Insurance,Adj,Dec,EPS,CY2028,,,,,,,,23.99,,,-35.8%,-25.0%,-34.5%
WAT,Extended,Instruments,Health Care,"Pharmaceuticals, Biotechnology",Adj,Dec,EPS,CY2025,12.862,12.994,+1.0%,13.118,+1.0%,13.117,-0.0%,309.23,23.6,+2.0%,-18.6%,-16.6%,-11.1%
WAT,Extended,Instruments,Health Care,"Pharmaceuticals, Biotechnology",Adj,Dec,EPS,CY2026,14.196,14.168,-0.2%,14.242,+0.5%,14.38,+1.0%,309.23,21.5,+1.3%,-18.6%,-16.6%,-11.1%
WAT,Extended,Instruments,Health Care,"Pharmaceuticals, Biotechnology",Adj,Dec,EPS,CY2027,15.799,15.649,-0.9%,15.697,+0.3%,16.342,+4.1%,309.23,18.9,+3.4%,-18.6%,-16.6%,-11.1%
WAT,Extended,Instruments,Health Care,"Pharmaceuticals, Biotechnology",Adj,Dec,EPS,CY2028,17.8,16.971,-4.7%,17.349,+2.2%,18.216,+5.0%,309.23,17.0,+2.3%,-18.6%,-16.6%,-11.1%
QGEN,Extended,Instruments,Health Care,"Pharmaceuticals, Biotechnology",Adj,Dec,EPS,CY2025,2.393,2.457,+2.7%,2.44,-0.7%,2.434,-0.2%,34.58,14.2,+1.7%,-23.2%,-35.6%,-19.2%
QGEN,Extended,Instruments,Health Care,"Pharmaceuticals, Biotechnology",Adj,Dec,EPS,CY2026,2.603,2.683,+3.1%,2.601,-3.1%,2.476,-4.8%,34.58,14.0,-4.9%,-23.2%,-35.6%,-19.2%
QGEN,Extended,Instruments,Health Care,"Pharmaceuticals, Biotechnology",Adj,Dec,EPS,CY2027,2.849,2.926,+2.7%,2.866,-2.1%,2.694,-6.0%,34.58,12.8,-5.4%,-23.2%,-35.6%,-19.2%
QGEN,Extended,Instruments,Health Care,"Pharmaceuticals, Biotechnology",Adj,Dec,EPS,CY2028,3.097,3.198,+3.3%,3.181,-0.5%,2.921,-8.2%,34.58,11.8,-5.7%,-23.2%,-35.6%,-19.2%
BRKR,Extended,Instruments,Health Care,"Pharmaceuticals, Biotechnology",Adj,Dec,EPS,CY2025,2.593,1.93,-25.6%,1.884,-2.4%,1.884,+0.0%,36.71,19.5,-27.3%,-22.1%,-17.1%,-8.4%
BRKR,Extended,Instruments,Health Care,"Pharmaceuticals, Biotechnology",Adj,Dec,EPS,CY2026,2.975,2.199,-26.1%,2.142,-2.6%,2.116,-1.2%,36.71,17.3,-28.9%,-22.1%,-17.1%,-8.4%
BRKR,Extended,Instruments,Health Care,"Pharmaceuticals, Biotechnology",Adj,Dec,EPS,CY2027,3.429,2.446,-28.7%,2.411,-1.4%,2.425,+0.6%,36.71,15.1,-29.3%,-22.1%,-17.1%,-8.4%
BRKR,Extended,Instruments,Health Care,"Pharmaceuticals, Biotechnology",Adj,Dec,EPS,CY2028,3.757,2.663,-29.1%,2.762,+3.7%,2.756,-0.2%,36.71,13.3,-26.6%,-22.1%,-17.1%,-8.4%
MTD,Extended,Instruments,Health Care,"Pharmaceuticals, Biotechnology",Adj,Dec,EPS,CY2025,42.42,42.01,-1.0%,42.191,+0.4%,42.192,+0.0%,1276.61,30.3,-0.5%,-8.4%,-7.0%,+19.2%
MTD,Extended,Instruments,Health Care,"Pharmaceuticals, Biotechnology",Adj,Dec,EPS,CY2026,46.816,45.904,-1.9%,45.775,-0.3%,46.498,+1.6%,1276.61,27.5,-0.7%,-8.4%,-7.0%,+19.2%
MTD,Extended,Instruments,Health Care,"Pharmaceuticals, Biotechnology",Adj,Dec,EPS,CY2027,52.669,51.096,-3.0%,50.51,-1.1%,51.153,+1.3%,1276.61,25.0,-2.9%,-8.4%,-7.0%,+19.2%
MTD,Extended,Instruments,Health Care,"Pharmaceuticals, Biotechnology",Adj,Dec,EPS,CY2028,57.087,55.863,-2.1%,55.983,+0.2%,56.746,+1.4%,1276.61,22.5,-0.6%,-8.4%,-7.0%,+19.2%
KEYS,Extended,Instruments,Information Technology,Technology Hardware & Equipmen,Adj,Oct,EPS,CY2025,7.002,7.07,+1.0%,7.075,+0.1%,7.075,+0.0%,349.91,49.5,+1.0%,+72.2%,+61.7%,+140.7%
KEYS,Extended,Instruments,Information Technology,Technology Hardware & Equipmen,Adj,Oct,EPS,CY2026,7.944,7.797,-1.9%,8.099,+3.9%,8.909,+10.0%,349.91,39.3,+12.1%,+72.2%,+61.7%,+140.7%
KEYS,Extended,Instruments,Information Technology,Technology Hardware & Equipmen,Adj,Oct,EPS,CY2027,9.016,8.773,-2.7%,9.276,+5.7%,10.334,+11.4%,349.91,33.9,+14.6%,+72.2%,+61.7%,+140.7%
KEYS,Extended,Instruments,Information Technology,Technology Hardware & Equipmen,Adj,Oct,EPS,CY2028,,9.743,,10.239,+5.1%,11.456,+11.9%,349.91,30.5,,+72.2%,+61.7%,+140.7%
A,Extended,Instruments,Health Care,"Pharmaceuticals, Biotechnology",Adj,Oct,EPS,CY2025,5.55,5.574,+0.4%,5.574,+0.0%,5.574,+0.0%,115.55,20.7,+0.4%,-15.1%,-13.7%,+7.4%
A,Extended,Instruments,Health Care,"Pharmaceuticals, Biotechnology",Adj,Oct,EPS,CY2026,6.064,6.023,-0.7%,5.937,-1.4%,5.972,+0.6%,115.55,19.3,-1.5%,-15.1%,-13.7%,+7.4%
A,Extended,Instruments,Health Care,"Pharmaceuticals, Biotechnology",Adj,Oct,EPS,CY2027,6.699,6.651,-0.7%,6.54,-1.7%,6.572,+0.5%,115.55,17.6,-1.9%,-15.1%,-13.7%,+7.4%
A,Extended,Instruments,Health Care,"Pharmaceuticals, Biotechnology",Adj,Oct,EPS,CY2028,7.473,7.381,-1.2%,7.291,-1.2%,7.334,+0.6%,115.55,15.8,-1.9%,-15.1%,-13.7%,+7.4%
ILMN,Extended,Instruments,Health Care,"Pharmaceuticals, Biotechnology",Adj,Dec,EPS,CY2025,4.456,4.661,+4.6%,4.761,+2.1%,4.761,+0.0%,126.74,26.6,+6.8%,-3.4%,-12.5%,+63.3%
ILMN,Extended,Instruments,Health Care,"Pharmaceuticals, Biotechnology",Adj,Dec,EPS,CY2026,5.053,4.98,-1.4%,5.074,+1.9%,5.119,+0.9%,126.74,24.8,+1.3%,-3.4%,-12.5%,+63.3%
ILMN,Extended,Instruments,Health Care,"Pharmaceuticals, Biotechnology",Adj,Dec,EPS,CY2027,5.707,5.706,-0.0%,5.775,+1.2%,5.812,+0.6%,126.74,21.8,+1.8%,-3.4%,-12.5%,+63.3%
ILMN,Extended,Instruments,Health Care,"Pharmaceuticals, Biotechnology",Adj,Dec,EPS,CY2028,6.433,6.381,-0.8%,6.536,+2.4%,6.615,+1.2%,126.74,19.2,+2.8%,-3.4%,-12.5%,+63.3%
ABBV,Extended,Instruments,Health Care,"Pharmaceuticals, Biotechnology",GAAP,Dec,EPS,CY2025,8.106,4.555,-43.8%,4.299,-5.6%,4.258,-1.0%,211.32,49.6,-47.5%,-7.5%,-5.2%,+8.3%
ABBV,Extended,Instruments,Health Care,"Pharmaceuticals, Biotechnology",GAAP,Dec,EPS,CY2026,9.502,9.884,+4.0%,9.566,-3.2%,9.22,-3.6%,211.32,22.9,-3.0%,-7.5%,-5.2%,+8.3%
ABBV,Extended,Instruments,Health Care,"Pharmaceuticals, Biotechnology",GAAP,Dec,EPS,CY2027,11.125,11.574,+4.0%,11.697,+1.1%,11.744,+0.4%,211.32,18.0,+5.6%,-7.5%,-5.2%,+8.3%
ABBV,Extended,Instruments,Health Care,"Pharmaceuticals, Biotechnology",GAAP,Dec,EPS,CY2028,12.908,13.615,+5.5%,13.649,+0.2%,13.827,+1.3%,211.32,15.3,+7.1%,-7.5%,-5.2%,+8.3%
TGT,Extended,Retailers,Consumer Staples,Consumer Staples Distribution,Adj,Jan,EPS,CY2025,8.854,7.389,-16.5%,7.267,-1.7%,7.263,-0.1%,129.75,17.9,-18.0%,+32.7%,+23.0%,+34.2%
TGT,Extended,Retailers,Consumer Staples,Consumer Staples Distribution,Adj,Jan,EPS,CY2026,9.353,7.926,-15.3%,7.673,-3.2%,8.03,+4.7%,129.75,16.2,-14.1%,+32.7%,+23.0%,+34.2%
TGT,Extended,Retailers,Consumer Staples,Consumer Staples Distribution,Adj,Jan,EPS,CY2027,10.067,8.398,-16.6%,8.132,-3.2%,8.531,+4.9%,129.75,15.2,-15.3%,+32.7%,+23.0%,+34.2%
TGT,Extended,Retailers,Consumer Staples,Consumer Staples Distribution,Adj,Jan,EPS,CY2028,,8.834,,8.58,-2.9%,9.212,+7.4%,129.75,14.1,,+32.7%,+23.0%,+34.2%
BJ,Extended,Retailers,Consumer Staples,Consumer Staples Distribution,Adj,Jan,EPS,CY2025,4.273,4.328,+1.3%,4.356,+0.6%,4.366,+0.2%,93.89,21.5,+2.2%,+4.3%,+1.6%,-20.1%
BJ,Extended,Retailers,Consumer Staples,Consumer Staples Distribution,Adj,Jan,EPS,CY2026,4.68,4.689,+0.2%,4.646,-0.9%,4.537,-2.3%,93.89,20.7,-3.1%,+4.3%,+1.6%,-20.1%
BJ,Extended,Retailers,Consumer Staples,Consumer Staples Distribution,Adj,Jan,EPS,CY2027,5.108,5.093,-0.3%,5.023,-1.4%,4.897,-2.5%,93.89,19.2,-4.1%,+4.3%,+1.6%,-20.1%
BJ,Extended,Retailers,Consumer Staples,Consumer Staples Distribution,Adj,Jan,EPS,CY2028,5.723,5.66,-1.1%,5.576,-1.5%,5.35,-4.1%,93.89,17.5,-6.5%,+4.3%,+1.6%,-20.1%
KSS,Extended,Retailers,Consumer Discretionary,Consumer Discretionary Distrib,Adj,Jan,EPS,CY2025,0.311,0.704,+126.4%,1.391,+97.6%,1.386,-0.4%,14.17,10.2,+345.7%,-30.6%,-18.9%,+111.5%
KSS,Extended,Retailers,Consumer Discretionary,Consumer Discretionary Distrib,Adj,Jan,EPS,CY2026,0.571,0.712,+24.7%,1.345,+88.9%,1.362,+1.3%,14.17,10.4,+138.5%,-30.6%,-18.9%,+111.5%
KSS,Extended,Retailers,Consumer Discretionary,Consumer Discretionary Distrib,Adj,Jan,EPS,CY2027,0.713,0.799,+12.1%,1.375,+72.1%,1.42,+3.3%,14.17,10.0,+99.2%,-30.6%,-18.9%,+111.5%
KSS,Extended,Retailers,Consumer Discretionary,Consumer Discretionary Distrib,Adj,Jan,EPS,CY2028,1.845,1.537,-16.7%,2.215,+44.1%,1.534,-30.7%,14.17,9.2,-16.9%,-30.6%,-18.9%,+111.5%
TJX,Extended,Retailers,Consumer Discretionary,Consumer Discretionary Distrib,Adj,Jan,EPS,CY2025,4.501,4.598,+2.2%,4.675,+1.7%,4.678,+0.1%,156.75,33.5,+3.9%,+2.0%,+4.6%,+21.8%
TJX,Extended,Retailers,Consumer Discretionary,Consumer Discretionary Distrib,Adj,Jan,EPS,CY2026,4.941,5.075,+2.7%,5.188,+2.2%,5.149,-0.8%,156.75,30.4,+4.2%,+2.0%,+4.6%,+21.8%
TJX,Extended,Retailers,Consumer Discretionary,Consumer Discretionary Distrib,Adj,Jan,EPS,CY2027,5.419,5.575,+2.9%,5.715,+2.5%,5.67,-0.8%,156.75,27.6,+4.6%,+2.0%,+4.6%,+21.8%
TJX,Extended,Retailers,Consumer Discretionary,Consumer Discretionary Distrib,Adj,Jan,EPS,CY2028,5.767,5.948,+3.1%,6.074,+2.1%,6.12,+0.8%,156.75,25.6,+6.1%,+2.0%,+4.6%,+21.8%
SIG,Extended,Retailers,Consumer Discretionary,Consumer Discretionary Distrib,Adj,Jan,EPS,CY2025,8.186,9.144,+11.7%,9.301,+1.7%,9.486,+2.0%,89.03,9.4,+15.9%,+7.4%,-3.5%,+50.1%
SIG,Extended,Retailers,Consumer Discretionary,Consumer Discretionary Distrib,Adj,Jan,EPS,CY2026,8.6,10.116,+17.6%,10.477,+3.6%,10.464,-0.1%,89.03,8.5,+21.7%,+7.4%,-3.5%,+50.1%
SIG,Extended,Retailers,Consumer Discretionary,Consumer Discretionary Distrib,Adj,Jan,EPS,CY2027,8.45,11.09,+31.2%,11.891,+7.2%,12.164,+2.3%,89.03,7.3,+44.0%,+7.4%,-3.5%,+50.1%
SIG,Extended,Retailers,Consumer Discretionary,Consumer Discretionary Distrib,Adj,Jan,EPS,CY2028,6.26,10.63,+69.8%,11.55,+8.7%,12.944,+12.1%,89.03,6.9,+106.8%,+7.4%,-3.5%,+50.1%
ROST,Extended,Retailers,Consumer Discretionary,Consumer Discretionary Distrib,Adj,Jan,EPS,CY2025,6.428,6.254,-2.7%,6.477,+3.6%,6.512,+0.5%,227.79,35.0,+1.3%,+26.5%,+20.7%,+63.9%
ROST,Extended,Retailers,Consumer Discretionary,Consumer Discretionary Distrib,Adj,Jan,EPS,CY2026,6.965,6.853,-1.6%,7.183,+4.8%,7.446,+3.7%,227.79,30.6,+6.9%,+26.5%,+20.7%,+63.9%
ROST,Extended,Retailers,Consumer Discretionary,Consumer Discretionary Distrib,Adj,Jan,EPS,CY2027,7.579,7.499,-1.1%,7.793,+3.9%,8.153,+4.6%,227.79,27.9,+7.6%,+26.5%,+20.7%,+63.9%
ROST,Extended,Retailers,Consumer Discretionary,Consumer Discretionary Distrib,Adj,Jan,EPS,CY2028,8.863,8.8,-0.7%,8.92,+1.4%,8.93,+0.1%,227.79,25.5,+0.8%,+26.5%,+20.7%,+63.9%
M,Extended,Retailers,Consumer Discretionary,Consumer Discretionary Distrib,Adj,Jan,EPS,CY2025,1.961,1.944,-0.9%,2.214,+13.9%,2.206,-0.4%,19.55,8.9,+12.5%,-11.3%,-2.3%,+71.2%
M,Extended,Retailers,Consumer Discretionary,Consumer Discretionary Distrib,Adj,Jan,EPS,CY2026,2.002,2.003,+0.0%,2.238,+11.7%,2.142,-4.3%,19.55,9.1,+7.0%,-11.3%,-2.3%,+71.2%
M,Extended,Retailers,Consumer Discretionary,Consumer Discretionary Distrib,Adj,Jan,EPS,CY2027,2.073,2.01,-3.0%,2.218,+10.3%,2.205,-0.6%,19.55,8.9,+6.4%,-11.3%,-2.3%,+71.2%
M,Extended,Retailers,Consumer Discretionary,Consumer Discretionary Distrib,Adj,Jan,EPS,CY2028,,2.265,,2.5,+10.4%,2.244,-10.2%,19.55,8.7,,-11.3%,-2.3%,+71.2%
DKS,Extended,Retailers,Consumer Discretionary,Consumer Discretionary Distrib,Adj,Jan,EPS,CY2025,14.292,14.54,+1.7%,13.447,-7.5%,13.291,-1.2%,226.92,17.1,-7.0%,+14.6%,+12.3%,+20.9%
DKS,Extended,Retailers,Consumer Discretionary,Consumer Discretionary Distrib,Adj,Jan,EPS,CY2026,15.207,15.294,+0.6%,14.817,-3.1%,14.23,-4.0%,226.92,15.9,-6.4%,+14.6%,+12.3%,+20.9%
DKS,Extended,Retailers,Consumer Discretionary,Consumer Discretionary Distrib,Adj,Jan,EPS,CY2027,16.231,16.465,+1.4%,16.634,+1.0%,16.081,-3.3%,226.92,14.1,-0.9%,+14.6%,+12.3%,+20.9%
DKS,Extended,Retailers,Consumer Discretionary,Consumer Discretionary Distrib,Adj,Jan,EPS,CY2028,16.886,18.09,+7.1%,17.546,-3.0%,17.19,-2.0%,226.92,13.2,+1.8%,+14.6%,+12.3%,+20.9%
ZAL,Extended,Retailers,Consumer Discretionary,Consumer Discretionary Distrib,Adj,Dec,EPS,CY2025,1.196,1.282,+7.2%,1.164,-9.2%,1.091,-6.3%,21.03,19.3,-8.8%,-17.0%,-13.6%,-34.2%
ZAL,Extended,Retailers,Consumer Discretionary,Consumer Discretionary Distrib,Adj,Dec,EPS,CY2026,1.554,1.509,-2.9%,1.445,-4.2%,1.266,-12.4%,21.03,16.6,-18.5%,-17.0%,-13.6%,-34.2%
ZAL,Extended,Retailers,Consumer Discretionary,Consumer Discretionary Distrib,Adj,Dec,EPS,CY2027,1.876,1.891,+0.8%,1.829,-3.3%,1.761,-3.7%,21.03,11.9,-6.1%,-17.0%,-13.6%,-34.2%
ZAL,Extended,Retailers,Consumer Discretionary,Consumer Discretionary Distrib,Adj,Dec,EPS,CY2028,2.205,2.301,+4.4%,2.17,-5.7%,2.191,+1.0%,21.03,9.6,-0.6%,-17.0%,-13.6%,-34.2%
CHWY,Extended,Retailers,Consumer Discretionary,Consumer Discretionary Distrib,Adj,Jan,EPS,CY2025,1.218,1.276,+4.8%,1.263,-1.0%,1.267,+0.3%,25.42,20.1,+4.0%,-23.1%,-12.7%,-32.2%
CHWY,Extended,Retailers,Consumer Discretionary,Consumer Discretionary Distrib,Adj,Jan,EPS,CY2026,1.51,1.54,+2.0%,1.52,-1.3%,1.56,+2.6%,25.42,16.3,+3.3%,-23.1%,-12.7%,-32.2%
CHWY,Extended,Retailers,Consumer Discretionary,Consumer Discretionary Distrib,Adj,Jan,EPS,CY2027,1.82,1.852,+1.8%,1.838,-0.8%,1.963,+6.8%,25.42,12.9,+7.9%,-23.1%,-12.7%,-32.2%
CHWY,Extended,Retailers,Consumer Discretionary,Consumer Discretionary Distrib,Adj,Jan,EPS,CY2028,1.878,2.054,+9.4%,2.231,+8.6%,2.339,+4.8%,25.42,10.9,+24.5%,-23.1%,-12.7%,-32.2%
SFIX,Extended,Retailers,Consumer Discretionary,Consumer Discretionary Distrib,Adj,Jul,EPS,CY2025,-0.297,-0.254,+14.5%,-0.254,+0.0%,-0.254,+0.0%,3.64,-14.3,+14.5%,-30.7%,-24.2%,+11.3%
SFIX,Extended,Retailers,Consumer Discretionary,Consumer Discretionary Distrib,Adj,Jul,EPS,CY2026,-0.396,-0.243,+38.6%,-0.198,+18.5%,-0.178,+10.1%,3.64,-20.4,+55.1%,-30.7%,-24.2%,+11.3%
SFIX,Extended,Retailers,Consumer Discretionary,Consumer Discretionary Distrib,Adj,Jul,EPS,CY2027,-0.248,-0.13,+47.6%,-0.095,+26.9%,-0.094,+1.1%,3.64,-38.7,+62.1%,-30.7%,-24.2%,+11.3%
SFIX,Extended,Retailers,Consumer Discretionary,Consumer Discretionary Distrib,Adj,Jul,EPS,CY2028,-0.029,-0.097,-234.5%,-0.065,+33.0%,-0.032,+50.8%,3.64,-113.8,-10.3%,-30.7%,-24.2%,+11.3%
LEVI,Extended,Retailers,Consumer Discretionary,Consumer Durables & Apparel,Adj,Nov,EPS,CY2025,1.221,1.324,+8.4%,1.329,+0.4%,1.329,+0.0%,22.28,16.8,+8.8%,+7.4%,+12.1%,+39.2%
LEVI,Extended,Retailers,Consumer Discretionary,Consumer Durables & Apparel,Adj,Nov,EPS,CY2026,1.356,1.473,+8.6%,1.463,-0.7%,1.501,+2.6%,22.28,14.8,+10.7%,+7.4%,+12.1%,+39.2%
LEVI,Extended,Retailers,Consumer Discretionary,Consumer Durables & Apparel,Adj,Nov,EPS,CY2027,1.49,1.615,+8.4%,1.632,+1.1%,1.679,+2.9%,22.28,13.3,+12.7%,+7.4%,+12.1%,+39.2%
LEVI,Extended,Retailers,Consumer Discretionary,Consumer Durables & Apparel,Adj,Nov,EPS,CY2028,1.675,1.747,+4.3%,1.816,+3.9%,1.9,+4.6%,22.28,11.7,+13.4%,+7.4%,+12.1%,+39.2%
DG,Extended,Retailers,Consumer Staples,Consumer Staples Distribution,Adj,Jan,EPS,CY2025,5.624,6.156,+9.5%,6.533,+6.1%,6.543,+0.2%,115.88,17.7,+16.3%,-12.7%,-19.2%,+23.7%
DG,Extended,Retailers,Consumer Staples,Consumer Staples Distribution,Adj,Jan,EPS,CY2026,6.156,6.683,+8.6%,7.156,+7.1%,7.369,+3.0%,115.88,15.7,+19.7%,-12.7%,-19.2%,+23.7%
DG,Extended,Retailers,Consumer Staples,Consumer Staples Distribution,Adj,Jan,EPS,CY2027,6.896,7.375,+6.9%,7.79,+5.6%,8.0,+2.7%,115.88,14.5,+16.0%,-12.7%,-19.2%,+23.7%
DG,Extended,Retailers,Consumer Staples,Consumer Staples Distribution,Adj,Jan,EPS,CY2028,8.149,8.177,+0.3%,8.51,+4.1%,8.849,+4.0%,115.88,13.1,+8.6%,-12.7%,-19.2%,+23.7%
DLTR,Extended,Retailers,Consumer Staples,Consumer Staples Distribution,Adj,Jan,EPS,CY2025,5.446,5.555,+2.0%,5.831,+5.0%,5.794,-0.6%,97.11,16.8,+6.4%,-21.1%,-17.4%,+18.8%
DLTR,Extended,Retailers,Consumer Staples,Consumer Staples Distribution,Adj,Jan,EPS,CY2026,6.147,6.457,+5.0%,6.685,+3.5%,6.754,+1.0%,97.11,14.4,+9.9%,-21.1%,-17.4%,+18.8%
DLTR,Extended,Retailers,Consumer Staples,Consumer Staples Distribution,Adj,Jan,EPS,CY2027,6.743,7.219,+7.1%,7.447,+3.2%,7.417,-0.4%,97.11,13.1,+10.0%,-21.1%,-17.4%,+18.8%
DLTR,Extended,Retailers,Consumer Staples,Consumer Staples Distribution,Adj,Jan,EPS,CY2028,7.18,7.888,+9.9%,8.071,+2.3%,8.173,+1.3%,97.11,11.9,+13.8%,-21.1%,-17.4%,+18.8%
FIVE,Extended,Retailers,Consumer Discretionary,Consumer Discretionary Distrib,Adj,Jan,EPS,CY2025,4.414,5.134,+16.3%,6.305,+22.8%,6.32,+0.2%,235.66,37.3,+43.2%,+25.1%,+23.0%,+210.5%
FIVE,Extended,Retailers,Consumer Discretionary,Consumer Discretionary Distrib,Adj,Jan,EPS,CY2026,4.822,5.656,+17.3%,6.816,+20.5%,8.184,+20.1%,235.66,28.8,+69.7%,+25.1%,+23.0%,+210.5%
FIVE,Extended,Retailers,Consumer Discretionary,Consumer Discretionary Distrib,Adj,Jan,EPS,CY2027,5.488,6.385,+16.3%,7.683,+20.3%,9.077,+18.1%,235.66,26.0,+65.4%,+25.1%,+23.0%,+210.5%
FIVE,Extended,Retailers,Consumer Discretionary,Consumer Discretionary Distrib,Adj,Jan,EPS,CY2028,4.57,6.41,+40.3%,8.427,+31.5%,10.165,+20.6%,235.66,23.2,+122.4%,+25.1%,+23.0%,+210.5%
BURL,Extended,Retailers,Consumer Discretionary,Consumer Discretionary Distrib,Adj,Jan,EPS,CY2025,9.216,9.568,+3.8%,9.847,+2.9%,9.799,-0.5%,320.01,32.7,+6.3%,+10.8%,+8.2%,+42.2%
BURL,Extended,Retailers,Consumer Discretionary,Consumer Discretionary Distrib,Adj,Jan,EPS,CY2026,11.08,11.223,+1.3%,11.112,-1.0%,11.457,+3.1%,320.01,27.9,+3.4%,+10.8%,+8.2%,+42.2%
BURL,Extended,Retailers,Consumer Discretionary,Consumer Discretionary Distrib,Adj,Jan,EPS,CY2027,13.411,13.353,-0.4%,13.241,-0.8%,13.493,+1.9%,320.01,23.7,+0.6%,+10.8%,+8.2%,+42.2%
BURL,Extended,Retailers,Consumer Discretionary,Consumer Discretionary Distrib,Adj,Jan,EPS,CY2028,16.387,15.954,-2.6%,15.456,-3.1%,15.966,+3.3%,320.01,20.0,-2.6%,+10.8%,+8.2%,+42.2%
BBY,Extended,Retailers,Consumer Discretionary,Consumer Discretionary Distrib,Adj,Jan,EPS,CY2025,6.233,6.203,-0.5%,6.323,+1.9%,6.307,-0.3%,60.49,9.6,+1.2%,-9.6%,-7.1%,-9.3%
BBY,Extended,Retailers,Consumer Discretionary,Consumer Discretionary Distrib,Adj,Jan,EPS,CY2026,6.796,6.689,-1.6%,6.73,+0.6%,6.505,-3.3%,60.49,9.3,-4.3%,-9.6%,-7.1%,-9.3%
BBY,Extended,Retailers,Consumer Discretionary,Consumer Discretionary Distrib,Adj,Jan,EPS,CY2027,7.482,7.346,-1.8%,7.306,-0.5%,6.98,-4.5%,60.49,8.7,-6.7%,-9.6%,-7.1%,-9.3%
BBY,Extended,Retailers,Consumer Discretionary,Consumer Discretionary Distrib,Adj,Jan,EPS,CY2028,8.462,8.243,-2.6%,7.91,-4.0%,7.609,-3.8%,60.49,7.9,-10.1%,-9.6%,-7.1%,-9.3%
HD,Extended,Retailers,Consumer Discretionary,Consumer Discretionary Distrib,GAAP,Jan,EPS,CY2025,14.857,14.85,-0.0%,14.281,-3.8%,14.339,+0.4%,328.8,22.9,-3.5%,-4.4%,-12.2%,-8.8%
HD,Extended,Retailers,Consumer Discretionary,Consumer Discretionary Distrib,GAAP,Jan,EPS,CY2026,16.816,16.059,-4.5%,14.974,-6.8%,14.914,-0.4%,328.8,22.0,-11.3%,-4.4%,-12.2%,-8.8%
HD,Extended,Retailers,Consumer Discretionary,Consumer Discretionary Distrib,GAAP,Jan,EPS,CY2027,17.677,17.538,-0.8%,16.263,-7.3%,15.967,-1.8%,328.8,20.6,-9.7%,-4.4%,-12.2%,-8.8%
HD,Extended,Retailers,Consumer Discretionary,Consumer Discretionary Distrib,GAAP,Jan,EPS,CY2028,19.519,18.618,-4.6%,17.528,-5.9%,17.421,-0.6%,328.8,18.9,-10.7%,-4.4%,-12.2%,-8.8%
LOW,Extended,Retailers,Consumer Discretionary,Consumer Discretionary Distrib,Adj,Jan,EPS,CY2025,12.388,12.296,-0.7%,12.239,-0.5%,12.253,+0.1%,238.79,19.5,-1.1%,-1.0%,-10.6%,+6.8%
LOW,Extended,Retailers,Consumer Discretionary,Consumer Discretionary Distrib,Adj,Jan,EPS,CY2026,13.483,13.283,-1.5%,13.023,-2.0%,12.745,-2.1%,238.79,18.7,-5.5%,-1.0%,-10.6%,+6.8%
LOW,Extended,Retailers,Consumer Discretionary,Consumer Discretionary Distrib,Adj,Jan,EPS,CY2027,14.892,14.435,-3.1%,14.072,-2.5%,13.705,-2.6%,238.79,17.4,-8.0%,-1.0%,-10.6%,+6.8%
LOW,Extended,Retailers,Consumer Discretionary,Consumer Discretionary Distrib,Adj,Jan,EPS,CY2028,16.585,15.903,-4.1%,15.515,-2.4%,15.016,-3.2%,238.79,15.9,-9.5%,-1.0%,-10.6%,+6.8%
SBH,Extended,Retailers,Consumer Discretionary,Consumer Discretionary Distrib,Adj,Sep,EPS,CY2025,1.815,1.824,+0.5%,1.828,+0.2%,1.828,+0.0%,14.18,7.8,+0.7%,-0.6%,-6.8%,+74.2%
SBH,Extended,Retailers,Consumer Discretionary,Consumer Discretionary Distrib,Adj,Sep,EPS,CY2026,2.0,2.014,+0.7%,2.068,+2.7%,2.074,+0.3%,14.18,6.8,+3.7%,-0.6%,-6.8%,+74.2%
SBH,Extended,Retailers,Consumer Discretionary,Consumer Discretionary Distrib,Adj,Sep,EPS,CY2027,2.2,2.158,-1.9%,2.242,+3.9%,2.268,+1.2%,14.18,6.3,+3.1%,-0.6%,-6.8%,+74.2%
SBH,Extended,Retailers,Consumer Discretionary,Consumer Discretionary Distrib,Adj,Sep,EPS,CY2028,,,,2.68,,2.45,-8.6%,14.18,5.8,,-0.6%,-6.8%,+74.2%
ULTA,Extended,Retailers,Consumer Discretionary,Consumer Discretionary Distrib,Adj,Jan,EPS,CY2025,22.86,24.603,+7.6%,25.519,+3.7%,25.649,+0.5%,537.48,21.0,+12.2%,-11.2%,-17.0%,+35.9%
ULTA,Extended,Retailers,Consumer Discretionary,Consumer Discretionary Distrib,Adj,Jan,EPS,CY2026,25.409,27.348,+7.6%,28.554,+4.4%,28.525,-0.1%,537.48,18.8,+12.3%,-11.2%,-17.0%,+35.9%
ULTA,Extended,Retailers,Consumer Discretionary,Consumer Discretionary Distrib,Adj,Jan,EPS,CY2027,28.458,30.158,+6.0%,31.455,+4.3%,31.533,+0.2%,537.48,17.0,+10.8%,-11.2%,-17.0%,+35.9%
ULTA,Extended,Retailers,Consumer Discretionary,Consumer Discretionary Distrib,Adj,Jan,EPS,CY2028,31.726,31.673,-0.2%,33.386,+5.4%,34.529,+3.4%,537.48,15.6,+8.8%,-11.2%,-17.0%,+35.9%
TPR,Extended,Luxury / fashion,Consumer Discretionary,Consumer Durables & Apparel,Adj,Jun,EPS,CY2025,4.91,5.093,+3.7%,5.093,+0.0%,5.093,+0.0%,145.04,28.5,+3.7%,+13.5%,+14.3%,+105.3%
TPR,Extended,Luxury / fashion,Consumer Discretionary,Consumer Durables & Apparel,Adj,Jun,EPS,CY2026,5.249,5.488,+4.6%,5.649,+2.9%,6.512,+15.3%,145.04,22.3,+24.1%,+13.5%,+14.3%,+105.3%
TPR,Extended,Luxury / fashion,Consumer Discretionary,Consumer Durables & Apparel,Adj,Jun,EPS,CY2027,5.821,6.104,+4.9%,6.3,+3.2%,7.215,+14.5%,145.04,20.1,+23.9%,+13.5%,+14.3%,+105.3%
TPR,Extended,Luxury / fashion,Consumer Discretionary,Consumer Durables & Apparel,Adj,Jun,EPS,CY2028,6.82,6.845,+0.4%,7.16,+4.6%,8.031,+12.2%,145.04,18.1,+17.8%,+13.5%,+14.3%,+105.3%
CPRI,Extended,Luxury / fashion,Consumer Discretionary,Consumer Durables & Apparel,Adj,Mar,EPS,CY2025,1.074,1.349,+25.6%,1.384,+2.6%,1.399,+1.1%,19.51,13.9,+30.3%,-20.0%,-13.6%,+29.7%
CPRI,Extended,Luxury / fashion,Consumer Discretionary,Consumer Durables & Apparel,Adj,Mar,EPS,CY2026,1.786,1.806,+1.1%,1.892,+4.8%,1.841,-2.7%,19.51,10.6,+3.1%,-20.0%,-13.6%,+29.7%
CPRI,Extended,Luxury / fashion,Consumer Discretionary,Consumer Durables & Apparel,Adj,Mar,EPS,CY2027,2.973,2.339,-21.3%,2.405,+2.8%,2.308,-4.0%,19.51,8.5,-22.4%,-20.0%,-13.6%,+29.7%
CPRI,Extended,Luxury / fashion,Consumer Discretionary,Consumer Durables & Apparel,Adj,Mar,EPS,CY2028,3.287,3.705,+12.7%,3.725,+0.5%,2.85,-23.5%,19.51,6.8,-13.3%,-20.0%,-13.6%,+29.7%
FOSL,Extended,Luxury / fashion,Consumer Discretionary,Consumer Durables & Apparel,Adj,Dec,EPS,CY2025,,-3.83,,-6.84,-78.6%,-3.975,+41.9%,4.43,-1.1,,+17.8%,+27.7%,+338.6%
FOSL,Extended,Luxury / fashion,Consumer Discretionary,Consumer Durables & Apparel,Adj,Dec,EPS,CY2026,,-0.2,,-0.3,-50.0%,-0.63,-110.0%,4.43,-7.0,,+17.8%,+27.7%,+338.6%
FOSL,Extended,Luxury / fashion,Consumer Discretionary,Consumer Durables & Apparel,Adj,Dec,EPS,CY2027,,0.34,,0.25,-26.5%,-0.2,-180.0%,4.43,-22.1,,+17.8%,+27.7%,+338.6%
FOSL,Extended,Luxury / fashion,Consumer Discretionary,Consumer Durables & Apparel,Adj,Dec,EPS,CY2028,,0.38,,0.38,+0.0%,1.03,+171.1%,4.43,4.3,,+17.8%,+27.7%,+338.6%
RMS,Extended,Luxury / fashion,Consumer Discretionary,Consumer Durables & Apparel,Adj,Dec,EPS,CY2025,45.346,42.728,-5.8%,42.481,-0.6%,42.481,+0.0%,1623.5,38.2,-6.3%,-23.5%,-20.0%,-31.8%
RMS,Extended,Luxury / fashion,Consumer Discretionary,Consumer Durables & Apparel,Adj,Dec,EPS,CY2026,52.802,48.929,-7.3%,47.696,-2.5%,45.328,-5.0%,1623.5,35.8,-14.2%,-23.5%,-20.0%,-31.8%
RMS,Extended,Luxury / fashion,Consumer Discretionary,Consumer Durables & Apparel,Adj,Dec,EPS,CY2027,59.378,54.381,-8.4%,53.582,-1.5%,52.077,-2.8%,1623.5,31.2,-12.3%,-23.5%,-20.0%,-31.8%
RMS,Extended,Luxury / fashion,Consumer Discretionary,Consumer Durables & Apparel,Adj,Dec,EPS,CY2028,64.804,59.994,-7.4%,59.533,-0.8%,57.221,-3.9%,1623.5,28.4,-11.7%,-23.5%,-20.0%,-31.8%
UHR,Extended,Luxury / fashion,Consumer Discretionary,Consumer Durables & Apparel,Adj,Dec,EPS,CY2025,5.924,2.027,-65.8%,1.93,-4.8%,1.93,+0.0%,180.75,93.7,-67.4%,+7.4%,-1.2%,+27.2%
UHR,Extended,Luxury / fashion,Consumer Discretionary,Consumer Durables & Apparel,Adj,Dec,EPS,CY2026,9.021,4.706,-47.8%,4.582,-2.6%,4.397,-4.0%,180.75,41.1,-51.3%,+7.4%,-1.2%,+27.2%
UHR,Extended,Luxury / fashion,Consumer Discretionary,Consumer Durables & Apparel,Adj,Dec,EPS,CY2027,11.185,7.658,-31.5%,7.689,+0.4%,7.118,-7.4%,180.75,25.4,-36.4%,+7.4%,-1.2%,+27.2%
UHR,Extended,Luxury / fashion,Consumer Discretionary,Consumer Durables & Apparel,Adj,Dec,EPS,CY2028,14.393,10.333,-28.2%,10.113,-2.1%,9.203,-9.0%,180.75,19.6,-36.1%,+7.4%,-1.2%,+27.2%
KER,Extended,Luxury / fashion,Consumer Discretionary,Consumer Durables & Apparel,Adj,Dec,EPS,CY2025,7.79,6.228,-20.1%,5.923,-4.9%,5.965,+0.7%,232.65,39.0,-23.4%,-22.7%,-11.9%,+30.5%
KER,Extended,Luxury / fashion,Consumer Discretionary,Consumer Durables & Apparel,Adj,Dec,EPS,CY2026,10.06,8.754,-13.0%,8.679,-0.9%,7.005,-19.3%,232.65,33.2,-30.4%,-22.7%,-11.9%,+30.5%
KER,Extended,Luxury / fashion,Consumer Discretionary,Consumer Durables & Apparel,Adj,Dec,EPS,CY2027,12.695,11.94,-5.9%,12.017,+0.6%,10.366,-13.7%,232.65,22.4,-18.3%,-22.7%,-11.9%,+30.5%
KER,Extended,Luxury / fashion,Consumer Discretionary,Consumer Durables & Apparel,Adj,Dec,EPS,CY2028,17.033,15.11,-11.3%,15.331,+1.5%,13.607,-11.2%,232.65,17.1,-20.1%,-22.7%,-11.9%,+30.5%
CFR,Extended,Luxury / fashion,Consumer Discretionary,Consumer Durables & Apparel,Adj,Mar,EPS,CY2025,6.851,6.02,-12.1%,6.142,+2.0%,6.122,-0.3%,148.5,24.3,-10.6%,-13.7%,-0.7%,+2.2%
CFR,Extended,Luxury / fashion,Consumer Discretionary,Consumer Durables & Apparel,Adj,Mar,EPS,CY2026,7.759,6.797,-12.4%,7.044,+3.6%,6.95,-1.3%,148.5,21.4,-10.4%,-13.7%,-0.7%,+2.2%
CFR,Extended,Luxury / fashion,Consumer Discretionary,Consumer Durables & Apparel,Adj,Mar,EPS,CY2027,8.591,7.683,-10.6%,8.006,+4.2%,7.941,-0.8%,148.5,18.7,-7.6%,-13.7%,-0.7%,+2.2%
CFR,Extended,Luxury / fashion,Consumer Discretionary,Consumer Durables & Apparel,Adj,Mar,EPS,CY2028,9.298,8.928,-4.0%,9.026,+1.1%,9.013,-0.1%,148.5,16.5,-3.1%,-13.7%,-0.7%,+2.2%
DECK,Extended,Apparel,Consumer Discretionary,Consumer Durables & Apparel,Adj,Mar,EPS,CY2025,6.429,6.402,-0.4%,6.798,+6.2%,6.886,+1.3%,102.2,14.8,+7.1%,-1.4%,-14.4%,-7.8%
DECK,Extended,Apparel,Consumer Discretionary,Consumer Durables & Apparel,Adj,Mar,EPS,CY2026,7.204,6.841,-5.0%,7.248,+5.9%,7.345,+1.3%,102.2,13.9,+2.0%,-1.4%,-14.4%,-7.8%
DECK,Extended,Apparel,Consumer Discretionary,Consumer Durables & Apparel,Adj,Mar,EPS,CY2027,7.652,7.615,-0.5%,7.997,+5.0%,8.099,+1.3%,102.2,12.6,+5.8%,-1.4%,-14.4%,-7.8%
DECK,Extended,Apparel,Consumer Discretionary,Consumer Durables & Apparel,Adj,Mar,EPS,CY2028,8.252,8.078,-2.1%,8.464,+4.8%,8.902,+5.2%,102.2,11.5,+7.9%,-1.4%,-14.4%,-7.8%
PVH,Extended,Apparel,Consumer Discretionary,Consumer Durables & Apparel,Adj,Jan,EPS,CY2025,12.305,10.906,-11.4%,10.898,-0.1%,11.054,+1.4%,91.44,8.3,-10.2%,+36.4%,+46.6%,+32.6%
PVH,Extended,Apparel,Consumer Discretionary,Consumer Durables & Apparel,Adj,Jan,EPS,CY2026,13.913,12.016,-13.6%,12.012,-0.0%,12.112,+0.8%,91.44,7.5,-12.9%,+36.4%,+46.6%,+32.6%
PVH,Extended,Apparel,Consumer Discretionary,Consumer Durables & Apparel,Adj,Jan,EPS,CY2027,15.773,13.756,-12.8%,13.588,-1.2%,13.725,+1.0%,91.44,6.7,-13.0%,+36.4%,+46.6%,+32.6%
PVH,Extended,Apparel,Consumer Discretionary,Consumer Durables & Apparel,Adj,Jan,EPS,CY2028,17.978,17.678,-1.7%,17.123,-3.1%,15.75,-8.0%,91.44,5.8,-12.4%,+36.4%,+46.6%,+32.6%
VFC,Extended,Apparel,Consumer Discretionary,Consumer Durables & Apparel,Adj,Mar,EPS,CY2025,0.951,0.714,-24.9%,0.81,+13.4%,0.836,+3.2%,18.93,22.6,-12.1%,+4.7%,-3.4%,+59.3%
VFC,Extended,Apparel,Consumer Discretionary,Consumer Durables & Apparel,Adj,Mar,EPS,CY2026,1.274,1.005,-21.1%,1.037,+3.2%,1.047,+1.0%,18.93,18.1,-17.8%,+4.7%,-3.4%,+59.3%
VFC,Extended,Apparel,Consumer Discretionary,Consumer Durables & Apparel,Adj,Mar,EPS,CY2027,1.869,1.278,-31.6%,1.309,+2.4%,1.293,-1.2%,18.93,14.6,-30.8%,+4.7%,-3.4%,+59.3%
VFC,Extended,Apparel,Consumer Discretionary,Consumer Durables & Apparel,Adj,Mar,EPS,CY2028,2.258,1.625,-28.0%,1.645,+1.2%,1.688,+2.6%,18.93,11.2,-25.2%,+4.7%,-3.4%,+59.3%
KTB,Extended,Apparel,Consumer Discretionary,Consumer Durables & Apparel,Adj,Dec,EPS,CY2025,4.878,5.455,+11.8%,5.493,+0.7%,5.496,+0.1%,73.36,13.3,+12.7%,+20.1%,+22.8%,+22.0%
KTB,Extended,Apparel,Consumer Discretionary,Consumer Durables & Apparel,Adj,Dec,EPS,CY2026,5.058,5.945,+17.5%,5.971,+0.4%,6.499,+8.8%,73.36,11.3,+28.5%,+20.1%,+22.8%,+22.0%
KTB,Extended,Apparel,Consumer Discretionary,Consumer Durables & Apparel,Adj,Dec,EPS,CY2027,5.36,6.611,+23.3%,6.646,+0.5%,7.023,+5.7%,73.36,10.4,+31.0%,+20.1%,+22.8%,+22.0%
KTB,Extended,Apparel,Consumer Discretionary,Consumer Durables & Apparel,Adj,Dec,EPS,CY2028,6.095,7.175,+17.7%,7.235,+0.8%,7.514,+3.9%,73.36,9.8,+23.3%,+20.1%,+22.8%,+22.0%
ONON,Extended,Apparel,Consumer Discretionary,Consumer Durables & Apparel,Adj,Dec,EPS,CY2025,1.023,0.597,-41.6%,0.747,+25.1%,0.749,+0.3%,35.61,47.5,-26.8%,-23.4%,-21.3%,-26.0%
ONON,Extended,Apparel,Consumer Discretionary,Consumer Durables & Apparel,Adj,Dec,EPS,CY2026,1.316,1.199,-8.9%,1.31,+9.3%,1.267,-3.3%,35.61,28.1,-3.7%,-23.4%,-21.3%,-26.0%
ONON,Extended,Apparel,Consumer Discretionary,Consumer Durables & Apparel,Adj,Dec,EPS,CY2027,1.607,1.531,-4.7%,1.709,+11.6%,1.578,-7.7%,35.61,22.6,-1.8%,-23.4%,-21.3%,-26.0%
ONON,Extended,Apparel,Consumer Discretionary,Consumer Durables & Apparel,Adj,Dec,EPS,CY2028,2.165,2.11,-2.5%,2.18,+3.3%,2.018,-7.4%,35.61,17.6,-6.8%,-23.4%,-21.3%,-26.0%
GIL,Extended,Apparel,Consumer Discretionary,Consumer Durables & Apparel,Adj,Dec,EPS,CY2025,3.478,3.468,-0.3%,3.487,+0.5%,3.497,+0.3%,61.99,17.7,+0.5%,-0.8%,-4.6%,+34.4%
GIL,Extended,Apparel,Consumer Discretionary,Consumer Durables & Apparel,Adj,Dec,EPS,CY2026,3.868,4.469,+15.5%,4.518,+1.1%,4.312,-4.6%,61.99,14.4,+11.5%,-0.8%,-4.6%,+34.4%
GIL,Extended,Apparel,Consumer Discretionary,Consumer Durables & Apparel,Adj,Dec,EPS,CY2027,4.315,5.258,+21.9%,5.422,+3.1%,5.323,-1.8%,61.99,11.6,+23.4%,-0.8%,-4.6%,+34.4%
GIL,Extended,Apparel,Consumer Discretionary,Consumer Durables & Apparel,Adj,Dec,EPS,CY2028,4.817,5.998,+24.5%,6.31,+5.2%,6.325,+0.2%,61.99,9.8,+31.3%,-0.8%,-4.6%,+34.4%
CRI,Extended,Apparel,Consumer Discretionary,Consumer Durables & Apparel,Adj,Dec,EPS,CY2025,3.361,2.96,-11.9%,3.18,+7.4%,3.31,+4.1%,36.12,10.9,-1.5%,+11.4%,+4.4%,+9.3%
CRI,Extended,Apparel,Consumer Discretionary,Consumer Durables & Apparel,Adj,Dec,EPS,CY2026,2.704,2.38,-12.0%,2.78,+16.8%,3.12,+12.2%,36.12,11.6,+15.4%,+11.4%,+4.4%,+9.3%
CRI,Extended,Apparel,Consumer Discretionary,Consumer Durables & Apparel,Adj,Dec,EPS,CY2027,2.798,2.593,-7.3%,3.233,+24.7%,3.581,+10.8%,36.12,10.1,+28.0%,+11.4%,+4.4%,+9.3%
CRI,Extended,Apparel,Consumer Discretionary,Consumer Durables & Apparel,Adj,Dec,EPS,CY2028,4.15,2.615,-37.0%,2.95,+12.8%,3.788,+28.4%,36.12,9.5,-8.7%,+11.4%,+4.4%,+9.3%
LULU,Extended,Apparel,Consumer Discretionary,Consumer Durables & Apparel,Adj,Jan,EPS,CY2025,14.916,12.906,-13.5%,13.057,+1.2%,13.04,-0.1%,137.7,10.6,-12.6%,-33.7%,-21.1%,-49.1%
LULU,Extended,Apparel,Consumer Discretionary,Consumer Durables & Apparel,Adj,Jan,EPS,CY2026,16.113,12.85,-20.3%,12.64,-1.6%,12.356,-2.2%,137.7,11.1,-23.3%,-33.7%,-21.1%,-49.1%
LULU,Extended,Apparel,Consumer Discretionary,Consumer Durables & Apparel,Adj,Jan,EPS,CY2027,17.74,13.629,-23.2%,13.717,+0.6%,13.238,-3.5%,137.7,10.4,-25.4%,-33.7%,-21.1%,-49.1%
LULU,Extended,Apparel,Consumer Discretionary,Consumer Durables & Apparel,Adj,Jan,EPS,CY2028,20.472,15.724,-23.2%,15.627,-0.6%,14.491,-7.3%,137.7,9.5,-29.2%,-33.7%,-21.1%,-49.1%
LB,Extended,Apparel,Real Estate,Real Estate Management & Devel,Adj,Dec,EPS,CY2025,2.133,1.71,-19.8%,1.42,-17.0%,1.42,+0.0%,68.73,48.4,-33.4%,+40.3%,+19.6%,-5.1%
LB,Extended,Apparel,Real Estate,Real Estate Management & Devel,Adj,Dec,EPS,CY2026,2.665,2.59,-2.8%,2.489,-3.9%,2.452,-1.5%,68.73,28.0,-8.0%,+40.3%,+19.6%,-5.1%
LB,Extended,Apparel,Real Estate,Real Estate Management & Devel,Adj,Dec,EPS,CY2027,3.073,3.707,+20.6%,3.566,-3.8%,3.311,-7.2%,68.73,20.8,+7.7%,+40.3%,+19.6%,-5.1%
LB,Extended,Apparel,Real Estate,Real Estate Management & Devel,Adj,Dec,EPS,CY2028,8.55,7.66,-10.4%,5.66,-26.1%,3.78,-33.2%,68.73,18.2,-55.8%,+40.3%,+19.6%,-5.1%
RL,Extended,Apparel,Consumer Discretionary,Consumer Durables & Apparel,Adj,Mar,EPS,CY2025,13.426,14.915,+11.1%,15.544,+4.2%,16.277,+4.7%,358.64,22.0,+21.2%,+1.4%,+1.5%,+59.4%
RL,Extended,Apparel,Consumer Discretionary,Consumer Durables & Apparel,Adj,Mar,EPS,CY2026,14.886,16.164,+8.6%,16.983,+5.1%,17.996,+6.0%,358.64,19.9,+20.9%,+1.4%,+1.5%,+59.4%
RL,Extended,Apparel,Consumer Discretionary,Consumer Durables & Apparel,Adj,Mar,EPS,CY2027,16.13,18.11,+12.3%,18.955,+4.7%,19.859,+4.8%,358.64,18.1,+23.1%,+1.4%,+1.5%,+59.4%
RL,Extended,Apparel,Consumer Discretionary,Consumer Durables & Apparel,Adj,Mar,EPS,CY2028,17.477,19.65,+12.4%,20.167,+2.6%,20.878,+3.5%,358.64,17.2,+19.5%,+1.4%,+1.5%,+59.4%
NKE,Extended,Apparel,Consumer Discretionary,Consumer Durables & Apparel,Adj,May,EPS,CY2025,2.154,2.162,+0.4%,2.162,+0.0%,2.162,+0.0%,44.36,20.5,+0.4%,-30.4%,-28.2%,-21.3%
NKE,Extended,Apparel,Consumer Discretionary,Consumer Durables & Apparel,Adj,May,EPS,CY2026,1.957,1.676,-14.4%,1.578,-5.8%,1.495,-5.3%,44.36,29.7,-23.6%,-30.4%,-28.2%,-21.3%
NKE,Extended,Apparel,Consumer Discretionary,Consumer Durables & Apparel,Adj,May,EPS,CY2027,2.549,2.51,-1.5%,2.361,-5.9%,1.854,-21.5%,44.36,23.9,-27.3%,-30.4%,-28.2%,-21.3%
NKE,Extended,Apparel,Consumer Discretionary,Consumer Durables & Apparel,Adj,May,EPS,CY2028,3.281,3.053,-6.9%,2.853,-6.6%,2.382,-16.5%,44.36,18.6,-27.4%,-30.4%,-28.2%,-21.3%
AS,Extended,Apparel,Consumer Discretionary,Consumer Durables & Apparel,Adj,Dec,EPS,CY2025,0.669,0.838,+25.3%,0.923,+10.1%,0.931,+0.9%,35.07,37.7,+39.2%,-6.1%,-4.3%,+44.6%
AS,Extended,Apparel,Consumer Discretionary,Consumer Durables & Apparel,Adj,Dec,EPS,CY2026,0.903,1.109,+22.8%,1.176,+6.0%,1.199,+2.0%,35.07,29.2,+32.8%,-6.1%,-4.3%,+44.6%
AS,Extended,Apparel,Consumer Discretionary,Consumer Durables & Apparel,Adj,Dec,EPS,CY2027,1.149,1.383,+20.4%,1.488,+7.6%,1.481,-0.5%,35.07,23.7,+28.9%,-6.1%,-4.3%,+44.6%
AS,Extended,Apparel,Consumer Discretionary,Consumer Durables & Apparel,Adj,Dec,EPS,CY2028,1.44,1.808,+25.6%,1.768,-2.2%,1.858,+5.1%,35.07,18.9,+29.0%,-6.1%,-4.3%,+44.6%
GOOS,Extended,Apparel,Consumer Discretionary,Consumer Durables & Apparel,Adj,Mar,EPS,CY2025,1.066,1.038,-2.6%,0.956,-7.9%,0.8,-16.3%,11.38,14.2,-25.0%,-12.1%,-6.4%,+36.1%
GOOS,Extended,Apparel,Consumer Discretionary,Consumer Durables & Apparel,Adj,Mar,EPS,CY2026,0.99,1.157,+16.9%,1.132,-2.2%,1.005,-11.2%,11.38,11.3,+1.5%,-12.1%,-6.4%,+36.1%
GOOS,Extended,Apparel,Consumer Discretionary,Consumer Durables & Apparel,Adj,Mar,EPS,CY2027,1.445,1.073,-25.7%,1.293,+20.5%,1.2,-7.2%,11.38,9.5,-17.0%,-12.1%,-6.4%,+36.1%
GOOS,Extended,Apparel,Consumer Discretionary,Consumer Durables & Apparel,Adj,Mar,EPS,CY2028,1.77,1.98,+11.9%,2.17,+9.6%,2.11,-2.8%,11.38,5.4,+19.2%,-12.1%,-6.4%,+36.1%
GAP,Extended,Apparel,Consumer Discretionary,Consumer Discretionary Distrib,Adj,Jan,EPS,CY2025,2.347,2.078,-11.5%,2.151,+3.5%,2.155,+0.2%,24.59,11.4,-8.2%,-3.9%,-12.1%,+12.3%
GAP,Extended,Apparel,Consumer Discretionary,Consumer Discretionary Distrib,Adj,Jan,EPS,CY2026,2.38,2.172,-8.7%,2.316,+6.6%,2.337,+0.9%,24.59,10.5,-1.8%,-3.9%,-12.1%,+12.3%
GAP,Extended,Apparel,Consumer Discretionary,Consumer Discretionary Distrib,Adj,Jan,EPS,CY2027,2.382,2.407,+1.0%,2.559,+6.3%,2.609,+2.0%,24.59,9.4,+9.5%,-3.9%,-12.1%,+12.3%
GAP,Extended,Apparel,Consumer Discretionary,Consumer Discretionary Distrib,Adj,Jan,EPS,CY2028,2.603,2.72,+4.5%,2.865,+5.3%,2.907,+1.5%,24.59,8.5,+11.7%,-3.9%,-12.1%,+12.3%
CROX,Extended,Apparel,Consumer Discretionary,Consumer Durables & Apparel,Adj,Dec,EPS,CY2025,12.837,12.016,-6.4%,12.136,+1.0%,12.14,+0.0%,101.98,8.4,-5.4%,+19.2%,+21.5%,+5.8%
CROX,Extended,Apparel,Consumer Discretionary,Consumer Durables & Apparel,Adj,Dec,EPS,CY2026,13.316,11.975,-10.1%,11.951,-0.2%,13.463,+12.7%,101.98,7.6,+1.1%,+19.2%,+21.5%,+5.8%
CROX,Extended,Apparel,Consumer Discretionary,Consumer Durables & Apparel,Adj,Dec,EPS,CY2027,13.517,12.109,-10.4%,12.242,+1.1%,14.296,+16.8%,101.98,7.1,+5.8%,+19.2%,+21.5%,+5.8%
CROX,Extended,Apparel,Consumer Discretionary,Consumer Durables & Apparel,Adj,Dec,EPS,CY2028,15.08,12.895,-14.5%,13.84,+7.3%,14.428,+4.2%,101.98,7.1,-4.3%,+19.2%,+21.5%,+5.8%
SN,Extended,Apparel,Consumer Discretionary,Consumer Durables & Apparel,Adj,Dec,EPS,CY2025,4.755,5.11,+7.5%,5.154,+0.9%,5.157,+0.1%,115.53,22.4,+8.5%,+3.2%,-2.3%,+43.5%
SN,Extended,Apparel,Consumer Discretionary,Consumer Durables & Apparel,Adj,Dec,EPS,CY2026,5.546,5.91,+6.6%,5.979,+1.2%,6.048,+1.2%,115.53,19.1,+9.1%,+3.2%,-2.3%,+43.5%
SN,Extended,Apparel,Consumer Discretionary,Consumer Durables & Apparel,Adj,Dec,EPS,CY2027,6.182,6.814,+10.2%,6.759,-0.8%,6.918,+2.4%,115.53,16.7,+11.9%,+3.2%,-2.3%,+43.5%
SN,Extended,Apparel,Consumer Discretionary,Consumer Durables & Apparel,Adj,Dec,EPS,CY2028,7.16,7.78,+8.7%,7.74,-0.5%,7.836,+1.2%,115.53,14.7,+9.4%,+3.2%,-2.3%,+43.5%
ANF,Extended,Apparel,Consumer Discretionary,Consumer Discretionary Distrib,Adj,Jan,EPS,CY2025,10.786,9.821,-8.9%,9.788,-0.3%,9.726,-0.6%,85.35,8.8,-9.8%,-32.2%,-12.6%,+22.9%
ANF,Extended,Apparel,Consumer Discretionary,Consumer Discretionary Distrib,Adj,Jan,EPS,CY2026,10.904,10.155,-6.9%,10.363,+2.0%,10.716,+3.4%,85.35,8.0,-1.7%,-32.2%,-12.6%,+22.9%
ANF,Extended,Apparel,Consumer Discretionary,Consumer Discretionary Distrib,Adj,Jan,EPS,CY2027,10.88,10.416,-4.3%,10.9,+4.6%,11.796,+8.2%,85.35,7.2,+8.4%,-32.2%,-12.6%,+22.9%
ANF,Extended,Apparel,Consumer Discretionary,Consumer Discretionary Distrib,Adj,Jan,EPS,CY2028,10.97,9.17,-16.4%,10.09,+10.0%,13.165,+30.5%,85.35,6.5,+20.0%,-32.2%,-12.6%,+22.9%
AEO,Extended,Apparel,Consumer Discretionary,Consumer Discretionary Distrib,Adj,Jan,EPS,CY2025,1.472,1.162,-21.1%,1.378,+18.6%,1.378,+0.0%,17.42,12.6,-6.4%,-33.9%,-25.3%,+65.4%
AEO,Extended,Apparel,Consumer Discretionary,Consumer Discretionary Distrib,Adj,Jan,EPS,CY2026,1.606,1.388,-13.6%,1.682,+21.2%,1.755,+4.3%,17.42,9.9,+9.3%,-33.9%,-25.3%,+65.4%
AEO,Extended,Apparel,Consumer Discretionary,Consumer Discretionary Distrib,Adj,Jan,EPS,CY2027,1.65,1.494,-9.5%,1.861,+24.6%,1.969,+5.8%,17.42,8.8,+19.3%,-33.9%,-25.3%,+65.4%
AEO,Extended,Apparel,Consumer Discretionary,Consumer Discretionary Distrib,Adj,Jan,EPS,CY2028,,1.7,,1.96,+15.3%,2.249,+14.7%,17.42,7.7,,-33.9%,-25.3%,+65.4%
URBN,Extended,Apparel,Consumer Discretionary,Consumer Discretionary Distrib,Adj,Jan,EPS,CY2025,4.418,5.227,+18.3%,5.282,+1.1%,5.271,-0.2%,70.34,13.3,+19.3%,-6.5%,-0.7%,+33.3%
URBN,Extended,Apparel,Consumer Discretionary,Consumer Discretionary Distrib,Adj,Jan,EPS,CY2026,4.712,5.644,+19.8%,5.797,+2.7%,5.888,+1.6%,70.34,11.9,+25.0%,-6.5%,-0.7%,+33.3%
URBN,Extended,Apparel,Consumer Discretionary,Consumer Discretionary Distrib,Adj,Jan,EPS,CY2027,4.416,6.183,+40.0%,6.389,+3.3%,6.43,+0.6%,70.34,10.9,+45.6%,-6.5%,-0.7%,+33.3%
URBN,Extended,Apparel,Consumer Discretionary,Consumer Discretionary Distrib,Adj,Jan,EPS,CY2028,4.087,5.535,+35.4%,5.835,+5.4%,6.767,+16.0%,70.34,10.4,+65.6%,-6.5%,-0.7%,+33.3%
BALL,Extended,Packaging,Materials,Materials,Adj,Dec,EPS,CY2025,3.47,3.584,+3.3%,3.567,-0.5%,3.567,+0.0%,61.08,17.1,+2.8%,+15.3%,+7.4%,+17.6%
BALL,Extended,Packaging,Materials,Materials,Adj,Dec,EPS,CY2026,3.917,4.01,+2.4%,3.978,-0.8%,3.961,-0.4%,61.08,15.4,+1.1%,+15.3%,+7.4%,+17.6%
BALL,Extended,Packaging,Materials,Materials,Adj,Dec,EPS,CY2027,4.31,4.426,+2.7%,4.477,+1.2%,4.498,+0.5%,61.08,13.6,+4.4%,+15.3%,+7.4%,+17.6%
BALL,Extended,Packaging,Materials,Materials,Adj,Dec,EPS,CY2028,4.81,4.85,+0.8%,4.94,+1.9%,5.053,+2.3%,61.08,12.1,+5.1%,+15.3%,+7.4%,+17.6%
CCK,Extended,Packaging,Materials,Materials,Adj,Dec,EPS,CY2025,7.044,7.763,+10.2%,7.758,-0.1%,7.758,+0.0%,98.31,12.7,+10.1%,-4.5%,-6.1%,+2.1%
CCK,Extended,Packaging,Materials,Materials,Adj,Dec,EPS,CY2026,7.628,8.285,+8.6%,8.218,-0.8%,8.12,-1.2%,98.31,12.1,+6.4%,-4.5%,-6.1%,+2.1%
CCK,Extended,Packaging,Materials,Materials,Adj,Dec,EPS,CY2027,8.33,9.065,+8.8%,8.978,-1.0%,8.808,-1.9%,98.31,11.2,+5.7%,-4.5%,-6.1%,+2.1%
CCK,Extended,Packaging,Materials,Materials,Adj,Dec,EPS,CY2028,8.83,9.84,+11.4%,9.633,-2.1%,9.499,-1.4%,98.31,10.3,+7.6%,-4.5%,-6.1%,+2.1%
SLGN,Extended,Packaging,Materials,Materials,Adj,Dec,EPS,CY2025,4.094,3.746,-8.5%,3.691,-1.5%,3.691,+0.0%,40.55,11.0,-9.8%,+0.4%,-6.0%,-21.5%
SLGN,Extended,Packaging,Materials,Materials,Adj,Dec,EPS,CY2026,4.422,3.94,-10.9%,3.81,-3.3%,3.785,-0.7%,40.55,10.7,-14.4%,+0.4%,-6.0%,-21.5%
SLGN,Extended,Packaging,Materials,Materials,Adj,Dec,EPS,CY2027,4.705,4.294,-8.7%,4.147,-3.4%,4.06,-2.1%,40.55,10.0,-13.7%,+0.4%,-6.0%,-21.5%
SLGN,Extended,Packaging,Materials,Materials,Adj,Dec,EPS,CY2028,4.915,4.78,-2.7%,4.623,-3.3%,4.419,-4.4%,40.55,9.2,-10.1%,+0.4%,-6.0%,-21.5%
OI,Extended,Packaging,Materials,Materials,Adj,Dec,EPS,CY2025,1.325,1.472,+11.1%,1.604,+9.0%,1.604,+0.0%,9.11,5.7,+21.1%,-38.3%,-40.4%,-28.0%
OI,Extended,Packaging,Materials,Materials,Adj,Dec,EPS,CY2026,1.777,1.863,+4.8%,1.931,+3.7%,1.419,-26.5%,9.11,6.4,-20.1%,-38.3%,-40.4%,-28.0%
OI,Extended,Packaging,Materials,Materials,Adj,Dec,EPS,CY2027,2.19,2.317,+5.8%,2.363,+2.0%,1.951,-17.4%,9.11,4.7,-10.9%,-38.3%,-40.4%,-28.0%
OI,Extended,Packaging,Materials,Materials,Adj,Dec,EPS,CY2028,2.81,2.78,-1.1%,2.617,-5.9%,2.4,-8.3%,9.11,3.8,-14.6%,-38.3%,-40.4%,-28.0%
AA,Extended,Packaging,Materials,Materials,Adj,Dec,EPS,CY2025,3.654,3.794,+3.8%,3.992,+5.2%,3.992,+0.0%,63.79,16.0,+9.3%,+20.0%,+12.3%,+160.0%
AA,Extended,Packaging,Materials,Materials,Adj,Dec,EPS,CY2026,2.652,3.359,+26.7%,4.356,+29.7%,6.882,+58.0%,63.79,9.3,+159.5%,+20.0%,+12.3%,+160.0%
AA,Extended,Packaging,Materials,Materials,Adj,Dec,EPS,CY2027,3.733,4.02,+7.7%,5.177,+28.8%,6.616,+27.8%,63.79,9.6,+77.2%,+20.0%,+12.3%,+160.0%
AA,Extended,Packaging,Materials,Materials,Adj,Dec,EPS,CY2028,3.297,3.4,+3.1%,5.303,+56.0%,6.46,+21.8%,63.79,9.9,+95.9%,+20.0%,+12.3%,+160.0%
PKG,Extended,Packaging,Materials,Materials,Adj,Dec,EPS,CY2025,10.381,9.944,-4.2%,9.933,-0.1%,9.933,+0.0%,213.45,21.5,-4.3%,+3.5%,-4.1%,+15.0%
PKG,Extended,Packaging,Materials,Materials,Adj,Dec,EPS,CY2026,11.406,11.557,+1.3%,11.041,-4.5%,10.406,-5.8%,213.45,20.5,-8.8%,+3.5%,-4.1%,+15.0%
PKG,Extended,Packaging,Materials,Materials,Adj,Dec,EPS,CY2027,11.983,12.468,+4.0%,12.603,+1.1%,12.274,-2.6%,213.45,17.4,+2.4%,+3.5%,-4.1%,+15.0%
PKG,Extended,Packaging,Materials,Materials,Adj,Dec,EPS,CY2028,13.08,14.057,+7.5%,13.962,-0.7%,13.229,-5.2%,213.45,16.1,+1.1%,+3.5%,-4.1%,+15.0%
GPK,Extended,Packaging,Materials,Materials,Adj,Dec,EPS,CY2025,2.485,2.019,-18.8%,1.864,-7.7%,1.865,+0.1%,9.53,5.1,-24.9%,-36.7%,-34.9%,-62.3%
GPK,Extended,Packaging,Materials,Materials,Adj,Dec,EPS,CY2026,2.733,2.159,-21.0%,1.738,-19.5%,0.85,-51.1%,9.53,11.2,-68.9%,-36.7%,-34.9%,-62.3%
GPK,Extended,Packaging,Materials,Materials,Adj,Dec,EPS,CY2027,2.882,2.483,-13.8%,1.996,-19.6%,1.179,-40.9%,9.53,8.1,-59.1%,-36.7%,-34.9%,-62.3%
GPK,Extended,Packaging,Materials,Materials,Adj,Dec,EPS,CY2028,3.26,2.89,-11.3%,2.113,-26.9%,1.268,-40.0%,9.53,7.5,-61.1%,-36.7%,-34.9%,-62.3%
SEE,Extended,Packaging,Materials,Materials,Adj,Dec,EPS,CY2025,3.048,3.179,+4.3%,3.298,+3.7%,3.298,+0.0%,42.15,12.8,+8.2%,+1.7%,+0.6%,+52.9%
SEE,Extended,Packaging,Materials,Materials,Adj,Dec,EPS,CY2026,3.274,3.339,+2.0%,3.379,+1.2%,3.26,-3.5%,42.15,12.9,-0.4%,+1.7%,+0.6%,+52.9%
SEE,Extended,Packaging,Materials,Materials,Adj,Dec,EPS,CY2027,3.561,3.58,+0.5%,3.626,+1.3%,3.47,-4.3%,42.15,12.1,-2.6%,+1.7%,+0.6%,+52.9%
SEE,Extended,Packaging,Materials,Materials,Adj,Dec,EPS,CY2028,3.815,3.8,-0.4%,3.783,-0.4%,3.783,+0.0%,42.15,11.1,-0.8%,+1.7%,+0.6%,+52.9%
IP,Extended,Packaging,Materials,Materials,Adj,Dec,EPS,CY2025,2.538,0.76,-70.1%,0.165,-78.3%,0.165,+0.0%,30.42,184.4,-93.5%,-22.8%,-24.6%,-33.4%
IP,Extended,Packaging,Materials,Materials,Adj,Dec,EPS,CY2026,3.535,2.488,-29.6%,1.882,-24.4%,1.523,-19.1%,30.42,20.0,-56.9%,-22.8%,-24.6%,-33.4%
IP,Extended,Packaging,Materials,Materials,Adj,Dec,EPS,CY2027,4.239,3.404,-19.7%,3.092,-9.2%,2.768,-10.5%,30.42,11.0,-34.7%,-22.8%,-24.6%,-33.4%
IP,Extended,Packaging,Materials,Materials,Adj,Dec,EPS,CY2028,4.767,3.3,-30.8%,3.307,+0.2%,3.295,-0.4%,30.42,9.2,-30.9%,-22.8%,-24.6%,-33.4%
MHK,Extended,Housing,Consumer Discretionary,Consumer Durables & Apparel,Adj,Dec,EPS,CY2025,9.5,8.942,-5.9%,8.938,-0.0%,8.938,+0.0%,105.56,11.8,-5.9%,-3.4%,-10.8%,-0.7%
MHK,Extended,Housing,Consumer Discretionary,Consumer Durables & Apparel,Adj,Dec,EPS,CY2026,11.258,10.069,-10.6%,9.869,-2.0%,9.084,-8.0%,105.56,11.6,-19.3%,-3.4%,-10.8%,-0.7%
MHK,Extended,Housing,Consumer Discretionary,Consumer Durables & Apparel,Adj,Dec,EPS,CY2027,12.55,11.734,-6.5%,11.403,-2.8%,10.49,-8.0%,105.56,10.1,-16.4%,-3.4%,-10.8%,-0.7%
MHK,Extended,Housing,Consumer Discretionary,Consumer Durables & Apparel,Adj,Dec,EPS,CY2028,,12.65,,12.325,-2.6%,12.417,+0.7%,105.56,8.5,,-3.4%,-10.8%,-0.7%
JELD,Extended,Housing,Industrials,Capital Goods,Adj,Dec,EPS,CY2025,0.441,0.079,-82.1%,-0.704,-991.1%,-0.726,-3.1%,1.37,-1.9,-264.6%,-44.3%,-49.6%,-75.2%
JELD,Extended,Housing,Industrials,Capital Goods,Adj,Dec,EPS,CY2026,0.826,0.356,-56.9%,-0.291,-181.7%,-0.562,-93.1%,1.37,-2.4,-168.0%,-44.3%,-49.6%,-75.2%
JELD,Extended,Housing,Industrials,Capital Goods,Adj,Dec,EPS,CY2027,1.42,0.68,-52.1%,0.007,-99.0%,-0.39,-5671.4%,1.37,-3.5,-127.5%,-44.3%,-49.6%,-75.2%
JELD,Extended,Housing,Industrials,Capital Goods,Adj,Dec,EPS,CY2028,,,,,,0.111,,1.37,12.3,,-44.3%,-49.6%,-75.2%
AMWD,Extended,Housing,Industrials,Capital Goods,Adj,Apr,EPS,CY2025,6.474,6.474,+0.0%,6.474,+0.0%,6.474,+0.0%,43.68,6.7,+0.0%,-19.0%,-26.5%,-26.0%
AMWD,Extended,Housing,Industrials,Capital Goods,Adj,Apr,EPS,CY2026,6.182,4.41,-28.7%,3.29,-25.4%,2.387,-27.4%,43.68,18.3,-61.4%,-19.0%,-26.5%,-26.0%
AMWD,Extended,Housing,Industrials,Capital Goods,Adj,Apr,EPS,CY2027,7.603,5.69,-25.2%,3.622,-36.3%,1.81,-50.0%,43.68,24.1,-76.2%,-19.0%,-26.5%,-26.0%
AMWD,Extended,Housing,Industrials,Capital Goods,Adj,Apr,EPS,CY2028,,,,2.48,,2.375,-4.2%,43.68,18.4,,-19.0%,-26.5%,-26.0%
MAS,Extended,Housing,Industrials,Capital Goods,Adj,Dec,EPS,CY2025,3.527,3.95,+12.0%,3.933,-0.4%,3.933,+0.0%,71.82,18.3,+11.5%,+13.2%,+8.7%,+18.5%
MAS,Extended,Housing,Industrials,Capital Goods,Adj,Dec,EPS,CY2026,3.985,4.245,+6.5%,4.192,-1.2%,4.266,+1.8%,71.82,16.8,+7.1%,+13.2%,+8.7%,+18.5%
MAS,Extended,Housing,Industrials,Capital Goods,Adj,Dec,EPS,CY2027,4.702,4.725,+0.5%,4.637,-1.9%,4.697,+1.3%,71.82,15.3,-0.1%,+13.2%,+8.7%,+18.5%
MAS,Extended,Housing,Industrials,Capital Goods,Adj,Dec,EPS,CY2028,5.72,5.465,-4.5%,5.415,-0.9%,5.261,-2.8%,71.82,13.7,-8.0%,+13.2%,+8.7%,+18.5%
FBIN,Extended,Housing,Industrials,Capital Goods,Adj,Dec,EPS,CY2025,4.139,3.769,-8.9%,3.74,-0.8%,3.74,+0.0%,40.54,10.8,-9.6%,-19.0%,-25.1%,-24.7%
FBIN,Extended,Housing,Industrials,Capital Goods,Adj,Dec,EPS,CY2026,4.539,4.162,-8.3%,4.067,-2.3%,3.387,-16.7%,40.54,12.0,-25.4%,-19.0%,-25.1%,-24.7%
FBIN,Extended,Housing,Industrials,Capital Goods,Adj,Dec,EPS,CY2027,5.282,4.729,-10.5%,4.601,-2.7%,3.832,-16.7%,40.54,10.6,-27.5%,-19.0%,-25.1%,-24.7%
FBIN,Extended,Housing,Industrials,Capital Goods,Adj,Dec,EPS,CY2028,6.12,5.76,-5.9%,5.76,+0.0%,4.406,-23.5%,40.54,9.2,-28.0%,-19.0%,-25.1%,-24.7%
TOL,Extended,Housing,Consumer Discretionary,Consumer Durables & Apparel,Adj,Oct,EPS,CY2025,13.651,13.806,+1.1%,13.796,-0.1%,13.796,+0.0%,142.14,10.3,+1.1%,+5.1%,-1.6%,+40.9%
TOL,Extended,Housing,Consumer Discretionary,Consumer Durables & Apparel,Adj,Oct,EPS,CY2026,14.39,13.871,-3.6%,12.833,-7.5%,12.77,-0.5%,142.14,11.1,-11.3%,+5.1%,-1.6%,+40.9%
TOL,Extended,Housing,Consumer Discretionary,Consumer Durables & Apparel,Adj,Oct,EPS,CY2027,16.17,15.39,-4.8%,14.255,-7.4%,14.183,-0.5%,142.14,10.0,-12.3%,+5.1%,-1.6%,+40.9%
TOL,Extended,Housing,Consumer Discretionary,Consumer Durables & Apparel,Adj,Oct,EPS,CY2028,19.685,18.197,-7.6%,16.4,-9.9%,15.828,-3.5%,142.14,9.0,-19.6%,+5.1%,-1.6%,+40.9%
KBH,Extended,Housing,Consumer Discretionary,Consumer Durables & Apparel,Adj,Nov,EPS,CY2025,7.118,6.416,-9.9%,6.416,+0.0%,6.416,+0.0%,52.99,8.3,-9.9%,-6.1%,-7.9%,-1.9%
KBH,Extended,Housing,Consumer Discretionary,Consumer Durables & Apparel,Adj,Nov,EPS,CY2026,7.461,6.076,-18.6%,4.215,-30.6%,3.257,-22.7%,52.99,16.3,-56.3%,-6.1%,-7.9%,-1.9%
KBH,Extended,Housing,Consumer Discretionary,Consumer Durables & Apparel,Adj,Nov,EPS,CY2027,8.953,7.201,-19.6%,5.5,-23.6%,4.552,-17.2%,52.99,11.6,-49.2%,-6.1%,-7.9%,-1.9%
KBH,Extended,Housing,Consumer Discretionary,Consumer Durables & Apparel,Adj,Nov,EPS,CY2028,11.19,9.91,-11.4%,7.062,-28.7%,5.688,-19.5%,52.99,9.3,-49.2%,-6.1%,-7.9%,-1.9%
LEN,Extended,Housing,Consumer Discretionary,Consumer Durables & Apparel,Adj,Nov,EPS,CY2025,9.968,8.313,-16.6%,8.293,-0.2%,8.293,+0.0%,90.3,10.9,-16.8%,-12.2%,-17.4%,-16.9%
LEN,Extended,Housing,Consumer Discretionary,Consumer Durables & Apparel,Adj,Nov,EPS,CY2026,11.651,8.897,-23.6%,6.974,-21.6%,6.144,-11.9%,90.3,14.7,-47.3%,-12.2%,-17.4%,-16.9%
LEN,Extended,Housing,Consumer Discretionary,Consumer Durables & Apparel,Adj,Nov,EPS,CY2027,14.11,10.358,-26.6%,8.618,-16.8%,7.528,-12.6%,90.3,12.0,-46.6%,-12.2%,-17.4%,-16.9%
LEN,Extended,Housing,Consumer Discretionary,Consumer Durables & Apparel,Adj,Nov,EPS,CY2028,17.345,14.073,-18.9%,11.639,-17.3%,10.7,-8.1%,90.3,8.4,-38.3%,-12.2%,-17.4%,-16.9%
LGIH,Extended,Housing,Consumer Discretionary,Consumer Durables & Apparel,Adj,Dec,EPS,CY2025,6.444,3.647,-43.4%,3.333,-8.6%,3.333,+0.0%,48.97,14.7,-48.3%,+14.0%,-2.3%,-10.3%
LGIH,Extended,Housing,Consumer Discretionary,Consumer Durables & Apparel,Adj,Dec,EPS,CY2026,9.004,4.963,-44.9%,4.533,-8.7%,2.792,-38.4%,48.97,17.5,-69.0%,+14.0%,-2.3%,-10.3%
LGIH,Extended,Housing,Consumer Discretionary,Consumer Durables & Apparel,Adj,Dec,EPS,CY2027,,7.617,,5.213,-31.6%,3.738,-28.3%,48.97,13.1,,+14.0%,-2.3%,-10.3%
LGIH,Extended,Housing,Consumer Discretionary,Consumer Durables & Apparel,Adj,Dec,EPS,CY2028,,,,,,,,48.97,,,+14.0%,-2.3%,-10.3%
WMS,Extended,Housing,Industrials,Capital Goods,Adj,Mar,EPS,CY2025,6.301,5.699,-9.6%,5.993,+5.2%,6.142,+2.5%,149.25,24.3,-2.5%,+3.1%,-1.8%,+31.5%
WMS,Extended,Housing,Industrials,Capital Goods,Adj,Mar,EPS,CY2026,7.003,6.382,-8.9%,6.537,+2.4%,6.796,+4.0%,149.25,22.0,-3.0%,+3.1%,-1.8%,+31.5%
WMS,Extended,Housing,Industrials,Capital Goods,Adj,Mar,EPS,CY2027,7.873,7.264,-7.7%,7.326,+0.9%,7.676,+4.8%,149.25,19.4,-2.5%,+3.1%,-1.8%,+31.5%
WMS,Extended,Housing,Industrials,Capital Goods,Adj,Mar,EPS,CY2028,8.6,7.88,-8.4%,7.945,+0.8%,8.365,+5.3%,149.25,17.8,-2.7%,+3.1%,-1.8%,+31.5%
POOL,Extended,Housing,Consumer Discretionary,Consumer Discretionary Distrib,Adj,Dec,EPS,CY2025,11.026,10.886,-1.3%,10.887,+0.0%,10.887,+0.0%,213.32,19.6,-1.3%,-6.7%,-16.0%,-27.2%
POOL,Extended,Housing,Consumer Discretionary,Consumer Discretionary Distrib,Adj,Dec,EPS,CY2026,11.969,11.619,-2.9%,11.614,-0.0%,11.074,-4.6%,213.32,19.3,-7.5%,-6.7%,-16.0%,-27.2%
POOL,Extended,Housing,Consumer Discretionary,Consumer Discretionary Distrib,Adj,Dec,EPS,CY2027,13.261,12.74,-3.9%,12.725,-0.1%,12.012,-5.6%,213.32,17.8,-9.4%,-6.7%,-16.0%,-27.2%
POOL,Extended,Housing,Consumer Discretionary,Consumer Discretionary Distrib,Adj,Dec,EPS,CY2028,15.7,13.653,-13.0%,13.593,-0.4%,13.155,-3.2%,213.32,16.2,-16.2%,-6.7%,-16.0%,-27.2%
ALLE,Extended,Housing,Industrials,Capital Goods,Adj,Dec,EPS,CY2025,7.827,8.183,+4.5%,8.185,+0.0%,8.185,+0.0%,137.48,16.8,+4.6%,-13.7%,-16.9%,-1.2%
ALLE,Extended,Housing,Industrials,Capital Goods,Adj,Dec,EPS,CY2026,8.433,8.893,+5.5%,8.857,-0.4%,8.77,-1.0%,137.48,15.7,+4.0%,-13.7%,-16.9%,-1.2%
ALLE,Extended,Housing,Industrials,Capital Goods,Adj,Dec,EPS,CY2027,9.297,9.684,+4.2%,9.643,-0.4%,9.549,-1.0%,137.48,14.4,+2.7%,-13.7%,-16.9%,-1.2%
ALLE,Extended,Housing,Industrials,Capital Goods,Adj,Dec,EPS,CY2028,10.323,11.117,+7.7%,11.117,+0.0%,10.369,-6.7%,137.48,13.3,+0.4%,-13.7%,-16.9%,-1.2%
FDX,Extended,Transportation,Industrials,Transportation,Adj,May,EPS,CY2025,18.161,17.973,-1.0%,17.973,+0.0%,17.973,+0.0%,403.31,22.4,-1.0%,+39.6%,+25.2%,+91.8%
FDX,Extended,Transportation,Industrials,Transportation,Adj,May,EPS,CY2026,20.188,18.05,-10.6%,18.584,+3.0%,19.64,+5.7%,403.31,20.5,-2.7%,+39.6%,+25.2%,+91.8%
FDX,Extended,Transportation,Industrials,Transportation,Adj,May,EPS,CY2027,22.921,20.771,-9.4%,21.369,+2.9%,22.455,+5.1%,403.31,18.0,-2.0%,+39.6%,+25.2%,+91.8%
FDX,Extended,Transportation,Industrials,Transportation,Adj,May,EPS,CY2028,25.117,23.289,-7.3%,23.887,+2.6%,25.789,+8.0%,403.31,15.6,+2.7%,+39.6%,+25.2%,+91.8%
UPS,Extended,Transportation,Industrials,Transportation,Adj,Dec,EPS,CY2025,7.129,6.846,-4.0%,6.891,+0.7%,6.891,+0.0%,108.8,15.8,-3.3%,+9.7%,+2.4%,+14.2%
UPS,Extended,Transportation,Industrials,Transportation,Adj,Dec,EPS,CY2026,8.028,7.13,-11.2%,7.066,-0.9%,7.087,+0.3%,108.8,15.4,-11.7%,+9.7%,+2.4%,+14.2%
UPS,Extended,Transportation,Industrials,Transportation,Adj,Dec,EPS,CY2027,8.748,7.966,-8.9%,8.025,+0.7%,7.927,-1.2%,108.8,13.7,-9.4%,+9.7%,+2.4%,+14.2%
UPS,Extended,Transportation,Industrials,Transportation,Adj,Dec,EPS,CY2028,9.362,8.615,-8.0%,8.628,+0.2%,8.489,-1.6%,108.8,12.8,-9.3%,+9.7%,+2.4%,+14.2%
XPO,Extended,Transportation,Industrials,Transportation,Adj,Dec,EPS,CY2025,3.72,3.691,-0.8%,3.617,-2.0%,3.617,+0.0%,220.13,60.9,-2.8%,+62.0%,+48.6%,+107.4%
XPO,Extended,Transportation,Industrials,Transportation,Adj,Dec,EPS,CY2026,4.747,4.535,-4.5%,4.277,-5.7%,4.517,+5.6%,220.13,48.7,-4.8%,+62.0%,+48.6%,+107.4%
XPO,Extended,Transportation,Industrials,Transportation,Adj,Dec,EPS,CY2027,5.5,5.567,+1.2%,5.478,-1.6%,5.792,+5.7%,220.13,38.0,+5.3%,+62.0%,+48.6%,+107.4%
XPO,Extended,Transportation,Industrials,Transportation,Adj,Dec,EPS,CY2028,6.95,6.747,-2.9%,6.806,+0.9%,7.205,+5.9%,220.13,30.6,+3.7%,+62.0%,+48.6%,+107.4%
EXPD,Extended,Transportation,Industrials,Transportation,Adj,Dec,EPS,CY2025,5.466,5.507,+0.8%,5.9,+7.1%,5.912,+0.2%,147.89,25.0,+8.2%,-0.8%,-7.9%,+34.6%
EXPD,Extended,Transportation,Industrials,Transportation,Adj,Dec,EPS,CY2026,5.674,5.564,-1.9%,5.972,+7.3%,6.045,+1.2%,147.89,24.5,+6.5%,-0.8%,-7.9%,+34.6%
EXPD,Extended,Transportation,Industrials,Transportation,Adj,Dec,EPS,CY2027,6.05,5.975,-1.2%,6.383,+6.8%,6.488,+1.6%,147.89,22.8,+7.2%,-0.8%,-7.9%,+34.6%
EXPD,Extended,Transportation,Industrials,Transportation,Adj,Dec,EPS,CY2028,6.54,6.563,+0.4%,6.573,+0.2%,6.997,+6.5%,147.89,21.1,+7.0%,-0.8%,-7.9%,+34.6%
CHRW,Extended,Transportation,Industrials,Transportation,Adj,Dec,EPS,CY2025,4.75,4.986,+5.0%,4.981,-0.1%,4.981,+0.0%,181.81,36.5,+4.9%,+13.1%,-6.7%,+103.8%
CHRW,Extended,Transportation,Industrials,Transportation,Adj,Dec,EPS,CY2026,5.504,5.967,+8.4%,6.047,+1.3%,6.117,+1.2%,181.81,29.7,+11.1%,+13.1%,-6.7%,+103.8%
CHRW,Extended,Transportation,Industrials,Transportation,Adj,Dec,EPS,CY2027,5.738,6.807,+18.6%,7.153,+5.1%,7.188,+0.5%,181.81,25.3,+25.3%,+13.1%,-6.7%,+103.8%
CHRW,Extended,Transportation,Industrials,Transportation,Adj,Dec,EPS,CY2028,6.195,7.562,+22.1%,7.841,+3.7%,7.909,+0.9%,181.81,23.0,+27.7%,+13.1%,-6.7%,+103.8%
KNX,Extended,Transportation,Industrials,Transportation,Adj,Dec,EPS,CY2025,1.504,1.325,-11.9%,1.292,-2.5%,1.292,+0.0%,64.9,50.2,-14.1%,+24.1%,+17.8%,+65.7%
KNX,Extended,Transportation,Industrials,Transportation,Adj,Dec,EPS,CY2026,2.502,2.059,-17.7%,1.928,-6.4%,1.856,-3.7%,64.9,35.0,-25.8%,+24.1%,+17.8%,+65.7%
KNX,Extended,Transportation,Industrials,Transportation,Adj,Dec,EPS,CY2027,3.754,3.105,-17.3%,3.021,-2.7%,3.237,+7.1%,64.9,20.0,-13.8%,+24.1%,+17.8%,+65.7%
KNX,Extended,Transportation,Industrials,Transportation,Adj,Dec,EPS,CY2028,4.31,4.11,-4.6%,4.133,+0.6%,4.262,+3.1%,64.9,15.2,-1.1%,+24.1%,+17.8%,+65.7%
JBHT,Extended,Transportation,Industrials,Transportation,Adj,Dec,EPS,CY2025,5.644,5.96,+5.6%,6.03,+1.2%,6.03,+0.0%,251.53,41.7,+6.8%,+29.4%,+24.1%,+92.6%
JBHT,Extended,Transportation,Industrials,Transportation,Adj,Dec,EPS,CY2026,7.016,6.994,-0.3%,7.205,+3.0%,7.315,+1.5%,251.53,34.4,+4.3%,+29.4%,+24.1%,+92.6%
JBHT,Extended,Transportation,Industrials,Transportation,Adj,Dec,EPS,CY2027,8.458,8.272,-2.2%,8.817,+6.6%,9.025,+2.4%,251.53,27.9,+6.7%,+29.4%,+24.1%,+92.6%
JBHT,Extended,Transportation,Industrials,Transportation,Adj,Dec,EPS,CY2028,10.738,9.722,-9.5%,9.74,+0.2%,10.051,+3.2%,251.53,25.0,-6.4%,+29.4%,+24.1%,+92.6%
WERN,Extended,Transportation,Industrials,Transportation,Adj,Dec,EPS,CY2025,0.379,0.131,-65.4%,0.08,-38.9%,0.08,+0.0%,36.87,460.9,-78.9%,+22.9%,+7.6%,+49.5%
WERN,Extended,Transportation,Industrials,Transportation,Adj,Dec,EPS,CY2026,1.357,0.906,-33.2%,0.823,-9.2%,0.895,+8.7%,36.87,41.2,-34.0%,+22.9%,+7.6%,+49.5%
WERN,Extended,Transportation,Industrials,Transportation,Adj,Dec,EPS,CY2027,2.33,1.878,-19.4%,1.701,-9.4%,1.921,+12.9%,36.87,19.2,-17.6%,+22.9%,+7.6%,+49.5%
WERN,Extended,Transportation,Industrials,Transportation,Adj,Dec,EPS,CY2028,2.4,2.935,+22.3%,2.65,-9.7%,2.823,+6.5%,36.87,13.1,+17.6%,+22.9%,+7.6%,+49.5%
NOVOB,Extended,Pharma / Med Devices,Health Care,"Pharmaceuticals, Biotechnology",GAAP,Dec,EPS,CY2025,26.851,23.702,-11.7%,23.28,-1.8%,23.284,+0.0%,272.25,11.7,-13.3%,-16.3%,-26.3%,-37.4%
NOVOB,Extended,Pharma / Med Devices,Health Care,"Pharmaceuticals, Biotechnology",GAAP,Dec,EPS,CY2026,32.394,25.409,-21.6%,21.807,-14.2%,21.112,-3.2%,272.25,12.9,-34.8%,-16.3%,-26.3%,-37.4%
NOVOB,Extended,Pharma / Med Devices,Health Care,"Pharmaceuticals, Biotechnology",GAAP,Dec,EPS,CY2027,36.537,27.375,-25.1%,23.214,-15.2%,21.542,-7.2%,272.25,12.6,-41.0%,-16.3%,-26.3%,-37.4%
NOVOB,Extended,Pharma / Med Devices,Health Care,"Pharmaceuticals, Biotechnology",GAAP,Dec,EPS,CY2028,41.393,30.724,-25.8%,25.06,-18.4%,23.427,-6.5%,272.25,11.6,-43.4%,-16.3%,-26.3%,-37.4%
BIIB,Extended,Pharma / Med Devices,Health Care,"Pharmaceuticals, Biotechnology",Adj,Dec,EPS,CY2025,14.793,14.944,+1.0%,14.887,-0.4%,14.874,-0.1%,189.28,12.7,+0.5%,+7.6%,+5.2%,+56.3%
BIIB,Extended,Pharma / Med Devices,Health Care,"Pharmaceuticals, Biotechnology",Adj,Dec,EPS,CY2026,15.626,15.423,-1.3%,15.108,-2.0%,14.576,-3.5%,189.28,13.0,-6.7%,+7.6%,+5.2%,+56.3%
BIIB,Extended,Pharma / Med Devices,Health Care,"Pharmaceuticals, Biotechnology",Adj,Dec,EPS,CY2027,16.232,15.766,-2.9%,15.62,-0.9%,16.12,+3.2%,189.28,11.7,-0.7%,+7.6%,+5.2%,+56.3%
BIIB,Extended,Pharma / Med Devices,Health Care,"Pharmaceuticals, Biotechnology",Adj,Dec,EPS,CY2028,16.982,16.228,-4.4%,16.416,+1.2%,17.671,+7.6%,189.28,10.7,+4.1%,+7.6%,+5.2%,+56.3%
REGN,Extended,Pharma / Med Devices,Health Care,"Pharmaceuticals, Biotechnology",Adj,Dec,EPS,CY2025,36.167,43.253,+19.6%,43.529,+0.6%,43.529,+0.0%,707.06,16.2,+20.4%,-8.4%,-4.6%,+18.1%
REGN,Extended,Pharma / Med Devices,Health Care,"Pharmaceuticals, Biotechnology",Adj,Dec,EPS,CY2026,40.383,42.554,+5.4%,45.211,+6.2%,46.444,+2.7%,707.06,15.2,+15.0%,-8.4%,-4.6%,+18.1%
REGN,Extended,Pharma / Med Devices,Health Care,"Pharmaceuticals, Biotechnology",Adj,Dec,EPS,CY2027,48.261,49.836,+3.3%,51.603,+3.5%,53.057,+2.8%,707.06,13.3,+9.9%,-8.4%,-4.6%,+18.1%
REGN,Extended,Pharma / Med Devices,Health Care,"Pharmaceuticals, Biotechnology",Adj,Dec,EPS,CY2028,54.7,54.799,+0.2%,58.477,+6.7%,61.042,+4.4%,707.06,11.6,+11.6%,-8.4%,-4.6%,+18.1%
VRTX,Extended,Pharma / Med Devices,Health Care,"Pharmaceuticals, Biotechnology",Adj,Dec,EPS,CY2025,17.915,18.036,+0.7%,18.159,+0.7%,18.293,+0.7%,427.38,23.4,+2.1%,-5.7%,-9.0%,-16.1%
VRTX,Extended,Pharma / Med Devices,Health Care,"Pharmaceuticals, Biotechnology",Adj,Dec,EPS,CY2026,19.79,19.604,-0.9%,19.605,+0.0%,19.072,-2.7%,427.38,22.4,-3.6%,-5.7%,-9.0%,-16.1%
VRTX,Extended,Pharma / Med Devices,Health Care,"Pharmaceuticals, Biotechnology",Adj,Dec,EPS,CY2027,22.545,22.214,-1.5%,22.786,+2.6%,21.472,-5.8%,427.38,19.9,-4.8%,-5.7%,-9.0%,-16.1%
VRTX,Extended,Pharma / Med Devices,Health Care,"Pharmaceuticals, Biotechnology",Adj,Dec,EPS,CY2028,25.463,24.538,-3.6%,25.128,+2.4%,24.237,-3.5%,427.38,17.6,-4.8%,-5.7%,-9.0%,-16.1%
MRK,Extended,Pharma / Med Devices,Health Care,"Pharmaceuticals, Biotechnology",GAAP,Dec,EPS,CY2025,8.191,8.139,-0.6%,8.076,-0.8%,8.076,+0.0%,109.18,13.5,-1.4%,+3.7%,-1.0%,+28.1%
MRK,Extended,Pharma / Med Devices,Health Care,"Pharmaceuticals, Biotechnology",GAAP,Dec,EPS,CY2026,9.074,8.755,-3.5%,5.16,-41.1%,4.16,-19.4%,109.18,26.2,-54.2%,+3.7%,-1.0%,+28.1%
MRK,Extended,Pharma / Med Devices,Health Care,"Pharmaceuticals, Biotechnology",GAAP,Dec,EPS,CY2027,10.029,9.616,-4.1%,8.909,-7.4%,8.91,+0.0%,109.18,12.3,-11.2%,+3.7%,-1.0%,+28.1%
MRK,Extended,Pharma / Med Devices,Health Care,"Pharmaceuticals, Biotechnology",GAAP,Dec,EPS,CY2028,10.009,10.136,+1.3%,9.691,-4.4%,9.607,-0.9%,109.18,11.4,-4.0%,+3.7%,-1.0%,+28.1%
JNJ,Extended,Pharma / Med Devices,Health Care,"Pharmaceuticals, Biotechnology",GAAP,Dec,EPS,CY2025,10.647,10.79,+1.3%,10.726,-0.6%,10.726,+0.0%,229.85,21.4,+0.7%,+11.1%,+1.1%,+47.0%
JNJ,Extended,Pharma / Med Devices,Health Care,"Pharmaceuticals, Biotechnology",GAAP,Dec,EPS,CY2026,10.01,10.299,+2.9%,10.573,+2.7%,10.546,-0.3%,229.85,21.8,+5.4%,+11.1%,+1.1%,+47.0%
JNJ,Extended,Pharma / Med Devices,Health Care,"Pharmaceuticals, Biotechnology",GAAP,Dec,EPS,CY2027,10.58,10.986,+3.8%,11.393,+3.7%,11.475,+0.7%,229.85,20.0,+8.5%,+11.1%,+1.1%,+47.0%
JNJ,Extended,Pharma / Med Devices,Health Care,"Pharmaceuticals, Biotechnology",GAAP,Dec,EPS,CY2028,10.83,11.81,+9.0%,12.166,+3.0%,12.559,+3.2%,229.85,18.3,+16.0%,+11.1%,+1.1%,+47.0%
ABT,Extended,Pharma / Med Devices,Health Care,Health Care Equipment & Servic,Adj,Dec,EPS,CY2025,5.152,5.155,+0.1%,5.152,-0.1%,5.152,+0.0%,90.79,17.6,+0.0%,-27.5%,-16.9%,-30.6%
ABT,Extended,Pharma / Med Devices,Health Care,Health Care Equipment & Servic,Adj,Dec,EPS,CY2026,5.675,5.678,+0.1%,5.681,+0.1%,5.48,-3.5%,90.79,16.6,-3.4%,-27.5%,-16.9%,-30.6%
ABT,Extended,Pharma / Med Devices,Health Care,Health Care Equipment & Servic,Adj,Dec,EPS,CY2027,6.269,6.293,+0.4%,6.243,-0.8%,6.067,-2.8%,90.79,15.0,-3.2%,-27.5%,-16.9%,-30.6%
ABT,Extended,Pharma / Med Devices,Health Care,Health Care Equipment & Servic,Adj,Dec,EPS,CY2028,6.871,6.865,-0.1%,6.794,-1.0%,6.738,-0.8%,90.79,13.5,-1.9%,-27.5%,-16.9%,-30.6%
PFE,Extended,Pharma / Med Devices,Health Care,"Pharmaceuticals, Biotechnology",Adj,Dec,EPS,CY2025,3.003,3.032,+1.0%,3.128,+3.2%,3.128,+0.0%,26.7,8.5,+4.2%,+7.2%,+1.0%,+9.4%
PFE,Extended,Pharma / Med Devices,Health Care,"Pharmaceuticals, Biotechnology",Adj,Dec,EPS,CY2026,3.067,3.13,+2.1%,2.969,-5.1%,2.97,+0.0%,26.7,9.0,-3.2%,+7.2%,+1.0%,+9.4%
PFE,Extended,Pharma / Med Devices,Health Care,"Pharmaceuticals, Biotechnology",Adj,Dec,EPS,CY2027,3.038,3.09,+1.7%,2.849,-7.8%,2.828,-0.7%,26.7,9.4,-6.9%,+7.2%,+1.0%,+9.4%
PFE,Extended,Pharma / Med Devices,Health Care,"Pharmaceuticals, Biotechnology",Adj,Dec,EPS,CY2028,2.795,2.728,-2.4%,2.496,-8.5%,2.44,-2.2%,26.7,10.9,-12.7%,+7.2%,+1.0%,+9.4%
GSK,Extended,Pharma / Med Devices,Health Care,"Pharmaceuticals, Biotechnology",Adj,Dec,EPS,CY2025,3.343,3.341,-0.1%,3.401,+1.8%,3.401,+0.0%,52.31,15.4,+1.7%,+6.7%,+1.4%,+31.3%
GSK,Extended,Pharma / Med Devices,Health Care,"Pharmaceuticals, Biotechnology",Adj,Dec,EPS,CY2026,3.697,3.573,-3.4%,3.651,+2.2%,3.632,-0.5%,52.31,14.4,-1.8%,+6.7%,+1.4%,+31.3%
GSK,Extended,Pharma / Med Devices,Health Care,"Pharmaceuticals, Biotechnology",Adj,Dec,EPS,CY2027,3.946,3.893,-1.3%,3.882,-0.3%,3.887,+0.1%,52.31,13.5,-1.5%,+6.7%,+1.4%,+31.3%
GSK,Extended,Pharma / Med Devices,Health Care,"Pharmaceuticals, Biotechnology",Adj,Dec,EPS,CY2028,4.006,4.167,+4.0%,4.179,+0.3%,4.105,-1.8%,52.31,12.7,+2.5%,+6.7%,+1.4%,+31.3%
BHC,Extended,Pharma / Med Devices,Health Care,"Pharmaceuticals, Biotechnology",Adj,Dec,EPS,CY2025,4.222,3.828,-9.3%,3.843,+0.4%,3.843,+0.0%,5.72,1.5,-9.0%,-17.7%,-0.3%,+7.9%
BHC,Extended,Pharma / Med Devices,Health Care,"Pharmaceuticals, Biotechnology",Adj,Dec,EPS,CY2026,4.435,4.137,-6.7%,4.181,+1.1%,4.3,+2.8%,5.72,1.3,-3.0%,-17.7%,-0.3%,+7.9%
BHC,Extended,Pharma / Med Devices,Health Care,"Pharmaceuticals, Biotechnology",Adj,Dec,EPS,CY2027,5.185,3.738,-27.9%,3.918,+4.8%,4.12,+5.2%,5.72,1.4,-20.5%,-17.7%,-0.3%,+7.9%
BHC,Extended,Pharma / Med Devices,Health Care,"Pharmaceuticals, Biotechnology",Adj,Dec,EPS,CY2028,3.873,3.268,-15.6%,3.19,-2.4%,3.23,+1.3%,5.72,1.8,-16.6%,-17.7%,-0.3%,+7.9%
TEVA,Extended,Pharma / Med Devices,Health Care,"Pharmaceuticals, Biotechnology",Adj,Dec,EPS,CY2025,2.574,2.58,+0.2%,2.607,+1.0%,2.607,+0.0%,35.07,13.5,+1.3%,+12.4%,+2.9%,+126.1%
TEVA,Extended,Pharma / Med Devices,Health Care,"Pharmaceuticals, Biotechnology",Adj,Dec,EPS,CY2026,2.719,2.785,+2.4%,2.717,-2.4%,2.522,-7.2%,35.07,13.9,-7.2%,+12.4%,+2.9%,+126.1%
TEVA,Extended,Pharma / Med Devices,Health Care,"Pharmaceuticals, Biotechnology",Adj,Dec,EPS,CY2027,3.001,3.174,+5.8%,3.092,-2.6%,3.115,+0.7%,35.07,11.3,+3.8%,+12.4%,+2.9%,+126.1%
TEVA,Extended,Pharma / Med Devices,Health Care,"Pharmaceuticals, Biotechnology",Adj,Dec,EPS,CY2028,3.368,3.428,+1.8%,3.424,-0.1%,3.428,+0.1%,35.07,10.2,+1.8%,+12.4%,+2.9%,+126.1%
BMY,Extended,Pharma / Med Devices,Health Care,"Pharmaceuticals, Biotechnology",Adj,Dec,EPS,CY2025,6.847,6.428,-6.1%,6.016,-6.4%,6.016,+0.0%,60.59,10.1,-12.1%,+12.3%,+10.1%,+20.7%
BMY,Extended,Pharma / Med Devices,Health Care,"Pharmaceuticals, Biotechnology",Adj,Dec,EPS,CY2026,6.091,6.023,-1.1%,6.039,+0.3%,6.251,+3.5%,60.59,9.7,+2.6%,+12.3%,+10.1%,+20.7%
BMY,Extended,Pharma / Med Devices,Health Care,"Pharmaceuticals, Biotechnology",Adj,Dec,EPS,CY2027,5.958,5.808,-2.5%,5.821,+0.2%,6.123,+5.2%,60.59,9.9,+2.8%,+12.3%,+10.1%,+20.7%
BMY,Extended,Pharma / Med Devices,Health Care,"Pharmaceuticals, Biotechnology",Adj,Dec,EPS,CY2028,5.568,5.451,-2.1%,5.436,-0.3%,5.387,-0.9%,60.59,11.2,-3.3%,+12.3%,+10.1%,+20.7%
ALGN,Extended,Pharma / Med Devices,Health Care,Health Care Equipment & Servic,Adj,Dec,EPS,CY2025,10.168,10.175,+0.1%,10.182,+0.1%,10.185,+0.0%,176.01,17.3,+0.2%,+12.7%,+8.0%,+1.6%
ALGN,Extended,Pharma / Med Devices,Health Care,Health Care Equipment & Servic,Adj,Dec,EPS,CY2026,11.159,10.897,-2.3%,10.994,+0.9%,11.346,+3.2%,176.01,15.5,+1.7%,+12.7%,+8.0%,+1.6%
ALGN,Extended,Pharma / Med Devices,Health Care,Health Care Equipment & Servic,Adj,Dec,EPS,CY2027,12.348,11.86,-4.0%,11.946,+0.7%,12.38,+3.6%,176.01,14.2,+0.3%,+12.7%,+8.0%,+1.6%
ALGN,Extended,Pharma / Med Devices,Health Care,Health Care Equipment & Servic,Adj,Dec,EPS,CY2028,13.623,12.895,-5.3%,13.12,+1.7%,13.636,+3.9%,176.01,12.9,+0.1%,+12.7%,+8.0%,+1.6%
ZBH,Extended,Pharma / Med Devices,Health Care,Health Care Equipment & Servic,Adj,Dec,EPS,CY2025,8.188,8.159,-0.4%,8.173,+0.2%,8.173,+0.0%,82.43,10.1,-0.2%,-8.3%,-5.3%,-20.0%
ZBH,Extended,Pharma / Med Devices,Health Care,Health Care Equipment & Servic,Adj,Dec,EPS,CY2026,8.846,8.593,-2.9%,8.469,-1.4%,8.47,+0.0%,82.43,9.7,-4.3%,-8.3%,-5.3%,-20.0%
ZBH,Extended,Pharma / Med Devices,Health Care,Health Care Equipment & Servic,Adj,Dec,EPS,CY2027,9.525,9.291,-2.5%,8.95,-3.7%,9.001,+0.6%,82.43,9.2,-5.5%,-8.3%,-5.3%,-20.0%
ZBH,Extended,Pharma / Med Devices,Health Care,Health Care Equipment & Servic,Adj,Dec,EPS,CY2028,10.217,9.959,-2.5%,9.687,-2.7%,9.595,-0.9%,82.43,8.6,-6.1%,-8.3%,-5.3%,-20.0%
XRAY,Extended,Pharma / Med Devices,Health Care,Health Care Equipment & Servic,Adj,Dec,EPS,CY2025,1.801,1.879,+4.3%,1.602,-14.7%,1.601,-0.1%,11.75,7.3,-11.1%,+2.8%,-5.8%,-15.5%
XRAY,Extended,Pharma / Med Devices,Health Care,Health Care Equipment & Servic,Adj,Dec,EPS,CY2026,2.014,2.019,+0.2%,1.494,-26.0%,1.429,-4.4%,11.75,8.2,-29.0%,+2.8%,-5.8%,-15.5%
XRAY,Extended,Pharma / Med Devices,Health Care,Health Care Equipment & Servic,Adj,Dec,EPS,CY2027,2.241,2.191,-2.2%,1.697,-22.5%,1.554,-8.4%,11.75,7.6,-30.7%,+2.8%,-5.8%,-15.5%
XRAY,Extended,Pharma / Med Devices,Health Care,Health Care Equipment & Servic,Adj,Dec,EPS,CY2028,2.423,2.493,+2.9%,1.803,-27.7%,1.704,-5.5%,11.75,6.9,-29.7%,+2.8%,-5.8%,-15.5%
SYK,Extended,Pharma / Med Devices,Health Care,Health Care Equipment & Servic,Adj,Dec,EPS,CY2025,13.44,13.542,+0.8%,13.558,+0.1%,13.558,+0.0%,315.13,23.2,+0.9%,-10.3%,-14.7%,-15.7%
SYK,Extended,Pharma / Med Devices,Health Care,Health Care Equipment & Servic,Adj,Dec,EPS,CY2026,14.864,14.962,+0.7%,15.004,+0.3%,14.997,-0.0%,315.13,21.0,+0.9%,-10.3%,-14.7%,-15.7%
SYK,Extended,Pharma / Med Devices,Health Care,Health Care Equipment & Servic,Adj,Dec,EPS,CY2027,16.511,16.746,+1.4%,16.733,-0.1%,16.789,+0.3%,315.13,18.8,+1.7%,-10.3%,-14.7%,-15.7%
SYK,Extended,Pharma / Med Devices,Health Care,Health Care Equipment & Servic,Adj,Dec,EPS,CY2028,18.026,18.309,+1.6%,18.604,+1.6%,18.671,+0.4%,315.13,16.9,+3.6%,-10.3%,-14.7%,-15.7%
GILD,Extended,Pharma / Med Devices,Health Care,"Pharmaceuticals, Biotechnology",Adj,Dec,EPS,CY2025,7.983,8.156,+2.2%,8.079,-0.9%,8.089,+0.1%,130.84,16.2,+1.3%,+6.6%,-7.8%,+22.8%
GILD,Extended,Pharma / Med Devices,Health Care,"Pharmaceuticals, Biotechnology",Adj,Dec,EPS,CY2026,8.448,8.654,+2.4%,8.759,+1.2%,8.508,-2.9%,130.84,15.4,+0.7%,+6.6%,-7.8%,+22.8%
GILD,Extended,Pharma / Med Devices,Health Care,"Pharmaceuticals, Biotechnology",Adj,Dec,EPS,CY2027,9.032,9.402,+4.1%,9.449,+0.5%,9.641,+2.0%,130.84,13.6,+6.7%,+6.6%,-7.8%,+22.8%
GILD,Extended,Pharma / Med Devices,Health Care,"Pharmaceuticals, Biotechnology",Adj,Dec,EPS,CY2028,9.58,10.242,+6.9%,10.208,-0.3%,10.451,+2.4%,130.84,12.5,+9.1%,+6.6%,-7.8%,+22.8%
GRF,Extended,Pharma / Med Devices,Health Care,"Pharmaceuticals, Biotechnology",Adj,Dec,EPS,CY2025,0.78,0.794,+1.8%,0.735,-7.4%,0.736,+0.1%,8.96,12.2,-5.6%,-16.3%,-17.0%,+8.0%
GRF,Extended,Pharma / Med Devices,Health Care,"Pharmaceuticals, Biotechnology",Adj,Dec,EPS,CY2026,1.029,0.977,-5.1%,0.924,-5.4%,0.876,-5.2%,8.96,10.2,-14.9%,-16.3%,-17.0%,+8.0%
GRF,Extended,Pharma / Med Devices,Health Care,"Pharmaceuticals, Biotechnology",Adj,Dec,EPS,CY2027,1.256,1.249,-0.6%,1.201,-3.8%,1.146,-4.6%,8.96,7.8,-8.8%,-16.3%,-17.0%,+8.0%
GRF,Extended,Pharma / Med Devices,Health Care,"Pharmaceuticals, Biotechnology",Adj,Dec,EPS,CY2028,1.48,1.518,+2.6%,1.402,-7.6%,1.353,-3.5%,8.96,6.6,-8.6%,-16.3%,-17.0%,+8.0%
CSL,Extended,Pharma / Med Devices,Health Care,"Pharmaceuticals, Biotechnology",Adj,Jun,EPS,CY2025,6.497,6.534,+0.6%,6.534,+0.0%,6.534,+0.0%,124.37,19.0,+0.6%,-28.0%,-31.4%,-50.5%
CSL,Extended,Pharma / Med Devices,Health Care,"Pharmaceuticals, Biotechnology",Adj,Jun,EPS,CY2026,7.346,6.984,-4.9%,6.956,-0.4%,6.918,-0.5%,124.37,18.0,-5.8%,-28.0%,-31.4%,-50.5%
CSL,Extended,Pharma / Med Devices,Health Care,"Pharmaceuticals, Biotechnology",Adj,Jun,EPS,CY2027,8.466,7.624,-9.9%,7.564,-0.8%,7.333,-3.1%,124.37,17.0,-13.4%,-28.0%,-31.4%,-50.5%
CSL,Extended,Pharma / Med Devices,Health Care,"Pharmaceuticals, Biotechnology",Adj,Jun,EPS,CY2028,9.46,8.379,-11.4%,8.284,-1.1%,7.866,-5.0%,124.37,15.8,-16.8%,-28.0%,-31.4%,-50.5%
PRGO,Extended,Pharma / Med Devices,Health Care,"Pharmaceuticals, Biotechnology",Adj,Dec,EPS,CY2025,2.981,2.976,-0.2%,2.778,-6.7%,2.773,-0.2%,11.84,4.3,-7.0%,-14.9%,-16.7%,-54.0%
PRGO,Extended,Pharma / Med Devices,Health Care,"Pharmaceuticals, Biotechnology",Adj,Dec,EPS,CY2026,3.234,3.12,-3.5%,2.64,-15.4%,2.11,-20.1%,11.84,5.6,-34.8%,-14.9%,-16.7%,-54.0%
PRGO,Extended,Pharma / Med Devices,Health Care,"Pharmaceuticals, Biotechnology",Adj,Dec,EPS,CY2027,3.56,3.36,-5.6%,2.82,-16.1%,2.39,-15.2%,11.84,5.0,-32.9%,-14.9%,-16.7%,-54.0%
PRGO,Extended,Pharma / Med Devices,Health Care,"Pharmaceuticals, Biotechnology",Adj,Dec,EPS,CY2028,3.773,3.66,-3.0%,2.953,-19.3%,2.765,-6.4%,11.84,4.3,-26.7%,-14.9%,-16.7%,-54.0%
DXCM,Extended,Pharma / Med Devices,Health Care,Health Care Equipment & Servic,Adj,Dec,EPS,CY2025,2.018,2.061,+2.1%,2.07,+0.4%,2.07,+0.0%,59.55,28.8,+2.6%,-10.3%,-18.5%,-16.6%
DXCM,Extended,Pharma / Med Devices,Health Care,Health Care Equipment & Servic,Adj,Dec,EPS,CY2026,2.483,2.465,-0.7%,2.466,+0.0%,2.486,+0.8%,59.55,24.0,+0.1%,-10.3%,-18.5%,-16.6%
DXCM,Extended,Pharma / Med Devices,Health Care,Health Care Equipment & Servic,Adj,Dec,EPS,CY2027,2.95,2.938,-0.4%,2.973,+1.2%,2.98,+0.2%,59.55,20.0,+1.0%,-10.3%,-18.5%,-16.6%
DXCM,Extended,Pharma / Med Devices,Health Care,Health Care Equipment & Servic,Adj,Dec,EPS,CY2028,3.511,3.569,+1.7%,3.598,+0.8%,3.547,-1.4%,59.55,16.8,+1.0%,-10.3%,-18.5%,-16.6%
PODD,Extended,Pharma / Med Devices,Health Care,Health Care Equipment & Servic,Adj,Dec,EPS,CY2025,4.187,4.663,+11.4%,4.77,+2.3%,4.77,+0.0%,172.14,36.1,+13.9%,-39.4%,-32.7%,-31.8%
PODD,Extended,Pharma / Med Devices,Health Care,Health Care Equipment & Servic,Adj,Dec,EPS,CY2026,5.243,5.817,+10.9%,6.184,+6.3%,6.346,+2.6%,172.14,27.1,+21.0%,-39.4%,-32.7%,-31.8%
PODD,Extended,Pharma / Med Devices,Health Care,Health Care Equipment & Servic,Adj,Dec,EPS,CY2027,6.406,7.285,+13.7%,7.752,+6.4%,8.038,+3.7%,172.14,21.4,+25.5%,-39.4%,-32.7%,-31.8%
PODD,Extended,Pharma / Med Devices,Health Care,Health Care Equipment & Servic,Adj,Dec,EPS,CY2028,7.738,8.735,+12.9%,9.754,+11.7%,10.16,+4.2%,172.14,16.9,+31.3%,-39.4%,-32.7%,-31.8%
MASI,Extended,Pharma / Med Devices,Health Care,Health Care Equipment & Servic,Adj,Dec,EPS,CY2025,5.253,5.148,-2.0%,5.512,+7.1%,5.33,-3.3%,178.43,33.5,+1.5%,+37.2%,+29.9%,+10.9%
MASI,Extended,Pharma / Med Devices,Health Care,Health Care Equipment & Servic,Adj,Dec,EPS,CY2026,5.888,5.693,-3.3%,5.897,+3.6%,5.857,-0.7%,178.43,30.5,-0.5%,+37.2%,+29.9%,+10.9%
MASI,Extended,Pharma / Med Devices,Health Care,Health Care Equipment & Servic,Adj,Dec,EPS,CY2027,6.569,6.508,-0.9%,6.523,+0.2%,6.527,+0.1%,178.43,27.3,-0.6%,+37.2%,+29.9%,+10.9%
MASI,Extended,Pharma / Med Devices,Health Care,Health Care Equipment & Servic,Adj,Dec,EPS,CY2028,,6.94,,7.395,+6.6%,7.93,+7.2%,178.43,22.5,,+37.2%,+29.9%,+10.9%
UTHR,Extended,Pharma / Med Devices,Health Care,"Pharmaceuticals, Biotechnology",Adj,Dec,EPS,CY2025,28.167,27.715,-1.6%,27.994,+1.0%,27.958,-0.1%,571.35,20.4,-0.7%,+17.3%,+21.7%,+88.5%
UTHR,Extended,Pharma / Med Devices,Health Care,"Pharmaceuticals, Biotechnology",Adj,Dec,EPS,CY2026,28.79,29.099,+1.1%,29.398,+1.0%,29.681,+1.0%,571.35,19.2,+3.1%,+17.3%,+21.7%,+88.5%
UTHR,Extended,Pharma / Med Devices,Health Care,"Pharmaceuticals, Biotechnology",Adj,Dec,EPS,CY2027,30.196,30.557,+1.2%,31.575,+3.3%,33.501,+6.1%,571.35,17.1,+10.9%,+17.3%,+21.7%,+88.5%
UTHR,Extended,Pharma / Med Devices,Health Care,"Pharmaceuticals, Biotechnology",Adj,Dec,EPS,CY2028,38.993,37.468,-3.9%,37.475,+0.0%,40.556,+8.2%,571.35,14.1,+4.0%,+17.3%,+21.7%,+88.5%
HOLX,Extended,Pharma / Med Devices,Health Care,Health Care Equipment & Servic,Adj,Sep,EPS,CY2025,4.255,4.239,-0.4%,4.239,+0.0%,4.239,+0.0%,76.01,17.9,-0.4%,+2.0%,+1.4%,+30.6%
HOLX,Extended,Pharma / Med Devices,Health Care,Health Care Equipment & Servic,Adj,Sep,EPS,CY2026,4.615,4.512,-2.2%,4.494,-0.4%,4.473,-0.5%,76.01,17.0,-3.1%,+2.0%,+1.4%,+30.6%
HOLX,Extended,Pharma / Med Devices,Health Care,Health Care Equipment & Servic,Adj,Sep,EPS,CY2027,5.022,4.969,-1.1%,4.926,-0.9%,4.86,-1.3%,76.01,15.6,-3.2%,+2.0%,+1.4%,+30.6%
HOLX,Extended,Pharma / Med Devices,Health Care,Health Care Equipment & Servic,Adj,Sep,EPS,CY2028,5.434,5.384,-0.9%,5.432,+0.9%,5.323,-2.0%,76.01,14.3,-2.0%,+2.0%,+1.4%,+30.6%
MDT,Extended,Pharma / Med Devices,Health Care,Health Care Equipment & Servic,Adj,Apr,EPS,CY2025,5.454,5.455,+0.0%,5.455,+0.0%,5.455,+0.0%,80.97,14.8,+0.0%,-15.7%,-21.4%,-4.5%
MDT,Extended,Pharma / Med Devices,Health Care,Health Care Equipment & Servic,Adj,Apr,EPS,CY2026,5.833,5.626,-3.5%,5.646,+0.4%,5.533,-2.0%,80.97,14.6,-5.1%,-15.7%,-21.4%,-4.5%
MDT,Extended,Pharma / Med Devices,Health Care,Health Care Equipment & Servic,Adj,Apr,EPS,CY2027,6.274,6.077,-3.1%,6.132,+0.9%,6.069,-1.0%,80.97,13.3,-3.3%,-15.7%,-21.4%,-4.5%
MDT,Extended,Pharma / Med Devices,Health Care,Health Care Equipment & Servic,Adj,Apr,EPS,CY2028,6.725,6.515,-3.1%,6.551,+0.6%,6.528,-0.4%,80.97,12.4,-2.9%,-15.7%,-21.4%,-4.5%
COO,Extended,Pharma / Med Devices,Health Care,Health Care Equipment & Servic,Adj,Oct,EPS,CY2025,3.986,4.096,+2.8%,4.095,-0.0%,4.095,+0.0%,62.9,15.4,+2.7%,-23.3%,-22.7%,-23.0%
COO,Extended,Pharma / Med Devices,Health Care,Health Care Equipment & Servic,Adj,Oct,EPS,CY2026,4.43,4.403,-0.6%,4.517,+2.6%,4.609,+2.0%,62.9,13.6,+4.0%,-23.3%,-22.7%,-23.0%
COO,Extended,Pharma / Med Devices,Health Care,Health Care Equipment & Servic,Adj,Oct,EPS,CY2027,4.912,4.814,-2.0%,4.946,+2.7%,5.019,+1.5%,62.9,12.5,+2.2%,-23.3%,-22.7%,-23.0%
COO,Extended,Pharma / Med Devices,Health Care,Health Care Equipment & Servic,Adj,Oct,EPS,CY2028,5.406,5.344,-1.1%,5.42,+1.4%,5.463,+0.8%,62.9,11.5,+1.1%,-23.3%,-22.7%,-23.0%
ELAN,Extended,Pharma / Med Devices,Health Care,"Pharmaceuticals, Biotechnology",Adj,Dec,EPS,CY2025,0.818,0.896,+9.5%,0.862,-3.8%,0.862,+0.0%,22.37,26.0,+5.4%,-1.1%,-7.1%,+136.0%
ELAN,Extended,Pharma / Med Devices,Health Care,"Pharmaceuticals, Biotechnology",Adj,Dec,EPS,CY2026,0.955,1.004,+5.1%,1.029,+2.5%,1.035,+0.6%,22.37,21.6,+8.4%,-1.1%,-7.1%,+136.0%
ELAN,Extended,Pharma / Med Devices,Health Care,"Pharmaceuticals, Biotechnology",Adj,Dec,EPS,CY2027,1.085,1.144,+5.4%,1.069,-6.6%,1.175,+9.9%,22.37,19.0,+8.3%,-1.1%,-7.1%,+136.0%
ELAN,Extended,Pharma / Med Devices,Health Care,"Pharmaceuticals, Biotechnology",Adj,Dec,EPS,CY2028,1.28,1.314,+2.7%,1.205,-8.3%,1.333,+10.6%,22.37,16.8,+4.1%,-1.1%,-7.1%,+136.0%
XOM,Extended,Energy,Energy,Energy,GAAP,Dec,EPS,CY2025,6.834,6.847,+0.2%,6.913,+1.0%,6.913,+0.0%,154.33,22.3,+1.2%,+28.2%,+9.1%,+46.1%
XOM,Extended,Energy,Energy,Energy,GAAP,Dec,EPS,CY2026,8.204,7.538,-8.1%,6.931,-8.1%,10.396,+50.0%,154.33,14.8,+26.7%,+28.2%,+9.1%,+46.1%
XOM,Extended,Energy,Energy,Energy,GAAP,Dec,EPS,CY2027,9.716,9.064,-6.7%,8.428,-7.0%,10.415,+23.6%,154.33,14.8,+7.2%,+28.2%,+9.1%,+46.1%
XOM,Extended,Energy,Energy,Energy,GAAP,Dec,EPS,CY2028,10.37,9.821,-5.3%,9.642,-1.8%,11.018,+14.3%,154.33,14.0,+6.2%,+28.2%,+9.1%,+46.1%
CVX,Extended,Energy,Energy,Energy,GAAP,Dec,EPS,CY2025,8.557,7.241,-15.4%,7.125,-1.6%,7.125,+0.0%,193.31,27.1,-16.7%,+26.8%,+9.3%,+42.1%
CVX,Extended,Energy,Energy,Energy,GAAP,Dec,EPS,CY2026,10.72,8.083,-24.6%,6.648,-17.8%,13.153,+97.8%,193.31,14.7,+22.7%,+26.8%,+9.3%,+42.1%
CVX,Extended,Energy,Energy,Energy,GAAP,Dec,EPS,CY2027,12.546,10.203,-18.7%,9.173,-10.1%,12.247,+33.5%,193.31,15.8,-2.4%,+26.8%,+9.3%,+42.1%
CVX,Extended,Energy,Energy,Energy,GAAP,Dec,EPS,CY2028,13.318,10.987,-17.5%,10.681,-2.8%,12.672,+18.6%,193.31,15.3,-4.9%,+26.8%,+9.3%,+42.1%
PSX,Extended,Energy,Energy,Energy,Adj,Dec,EPS,CY2025,4.503,5.887,+30.7%,6.149,+4.5%,6.149,+0.0%,179.15,29.1,+36.6%,+38.8%,+24.8%,+72.2%
PSX,Extended,Energy,Energy,Energy,Adj,Dec,EPS,CY2026,10.217,11.248,+10.1%,11.223,-0.2%,14.936,+33.1%,179.15,12.0,+46.2%,+38.8%,+24.8%,+72.2%
PSX,Extended,Energy,Energy,Energy,Adj,Dec,EPS,CY2027,11.645,12.175,+4.6%,12.286,+0.9%,15.717,+27.9%,179.15,11.4,+35.0%,+38.8%,+24.8%,+72.2%
PSX,Extended,Energy,Energy,Energy,Adj,Dec,EPS,CY2028,12.708,13.477,+6.1%,13.304,-1.3%,14.685,+10.4%,179.15,12.2,+15.6%,+38.8%,+24.8%,+72.2%
VLO,Extended,Energy,Energy,Energy,Adj,Dec,EPS,CY2025,6.299,9.313,+47.8%,10.083,+8.3%,10.083,+0.0%,252.58,25.1,+60.1%,+55.2%,+39.2%,+117.6%
VLO,Extended,Energy,Energy,Energy,Adj,Dec,EPS,CY2026,10.371,11.655,+12.4%,11.981,+2.8%,22.783,+90.2%,252.58,11.1,+119.7%,+55.2%,+39.2%,+117.6%
VLO,Extended,Energy,Energy,Energy,Adj,Dec,EPS,CY2027,12.811,12.254,-4.3%,12.228,-0.2%,18.581,+52.0%,252.58,13.6,+45.0%,+55.2%,+39.2%,+117.6%
VLO,Extended,Energy,Energy,Energy,Adj,Dec,EPS,CY2028,14.947,12.57,-15.9%,12.359,-1.7%,16.241,+31.4%,252.58,15.6,+8.7%,+55.2%,+39.2%,+117.6%
MPC,Extended,Energy,Energy,Energy,Adj,Dec,EPS,CY2025,7.085,10.099,+42.5%,9.713,-3.8%,9.713,+0.0%,248.29,25.6,+37.1%,+52.7%,+40.9%,+80.7%
MPC,Extended,Energy,Energy,Energy,Adj,Dec,EPS,CY2026,11.655,13.384,+14.8%,12.912,-3.5%,22.277,+72.5%,248.29,11.1,+91.1%,+52.7%,+40.9%,+80.7%
MPC,Extended,Energy,Energy,Energy,Adj,Dec,EPS,CY2027,13.37,13.587,+1.6%,13.382,-1.5%,19.835,+48.2%,248.29,12.5,+48.4%,+52.7%,+40.9%,+80.7%
MPC,Extended,Energy,Energy,Energy,Adj,Dec,EPS,CY2028,14.21,14.685,+3.3%,14.706,+0.1%,17.621,+19.8%,248.29,14.1,+24.0%,+52.7%,+40.9%,+80.7%
KMI,Extended,Energy,Energy,Energy,Adj,Dec,EPS,CY2025,1.264,1.28,+1.3%,1.276,-0.3%,1.276,+0.0%,32.87,25.8,+0.9%,+19.6%,+7.8%,+25.0%
KMI,Extended,Energy,Energy,Energy,Adj,Dec,EPS,CY2026,1.338,1.354,+1.2%,1.354,+0.0%,1.396,+3.1%,32.87,23.5,+4.3%,+19.6%,+7.8%,+25.0%
KMI,Extended,Energy,Energy,Energy,Adj,Dec,EPS,CY2027,1.443,1.462,+1.3%,1.456,-0.4%,1.455,-0.1%,32.87,22.6,+0.8%,+19.6%,+7.8%,+25.0%
KMI,Extended,Energy,Energy,Energy,Adj,Dec,EPS,CY2028,1.686,1.585,-6.0%,1.503,-5.2%,1.573,+4.7%,32.87,20.9,-6.7%,+19.6%,+7.8%,+25.0%
HAL,Extended,Energy,Energy,Energy,Adj,Dec,EPS,CY2025,2.415,2.22,-8.1%,2.265,+2.0%,2.265,+0.0%,42.3,18.7,-6.2%,+49.7%,+26.2%,+113.4%
HAL,Extended,Energy,Energy,Energy,Adj,Dec,EPS,CY2026,2.713,2.23,-17.8%,2.239,+0.4%,2.333,+4.2%,42.3,18.1,-14.0%,+49.7%,+26.2%,+113.4%
HAL,Extended,Energy,Energy,Energy,Adj,Dec,EPS,CY2027,3.041,2.628,-13.6%,2.683,+2.1%,2.846,+6.1%,42.3,14.9,-6.4%,+49.7%,+26.2%,+113.4%
HAL,Extended,Energy,Energy,Energy,Adj,Dec,EPS,CY2028,3.28,3.043,-7.2%,3.22,+5.8%,3.303,+2.6%,42.3,12.8,+0.7%,+49.7%,+26.2%,+113.4%
LNG,Extended,Energy,Energy,Energy,Adj,Dec,EPS,CY2025,11.865,15.775,+33.0%,17.596,+11.5%,17.54,-0.3%,274.95,15.7,+47.8%,+41.4%,+30.0%,+19.0%
LNG,Extended,Energy,Energy,Energy,Adj,Dec,EPS,CY2026,14.177,14.721,+3.8%,14.156,-3.8%,14.776,+4.4%,274.95,18.6,+4.2%,+41.4%,+30.0%,+19.0%
LNG,Extended,Energy,Energy,Energy,Adj,Dec,EPS,CY2027,14.169,14.611,+3.1%,13.749,-5.9%,16.549,+20.4%,274.95,16.6,+16.8%,+41.4%,+30.0%,+19.0%
LNG,Extended,Energy,Energy,Energy,Adj,Dec,EPS,CY2028,14.306,15.185,+6.1%,14.94,-1.6%,15.746,+5.4%,274.95,17.5,+10.1%,+41.4%,+30.0%,+19.0%
OII,Extended,Energy,Energy,Energy,Adj,Dec,EPS,CY2025,1.67,1.755,+5.1%,1.743,-0.7%,1.743,+0.0%,37.54,21.5,+4.4%,+56.2%,+24.7%,+111.5%
OII,Extended,Energy,Energy,Energy,Adj,Dec,EPS,CY2026,1.76,1.715,-2.6%,1.73,+0.9%,1.866,+7.9%,37.54,20.1,+6.0%,+56.2%,+24.7%,+111.5%
OII,Extended,Energy,Energy,Energy,Adj,Dec,EPS,CY2027,1.938,1.97,+1.7%,2.045,+3.8%,2.124,+3.9%,37.54,17.7,+9.6%,+56.2%,+24.7%,+111.5%
OII,Extended,Energy,Energy,Energy,Adj,Dec,EPS,CY2028,2.41,2.34,-2.9%,2.58,+10.3%,2.377,-7.9%,37.54,15.8,-1.4%,+56.2%,+24.7%,+111.5%
NOV,Extended,Energy,Energy,Energy,Adj,Dec,EPS,CY2025,1.234,0.989,-19.9%,0.937,-5.3%,0.937,+0.0%,20.46,21.8,-24.1%,+30.9%,+11.5%,+79.4%
NOV,Extended,Energy,Energy,Energy,Adj,Dec,EPS,CY2026,1.433,1.101,-23.2%,1.123,+2.0%,0.846,-24.7%,20.46,24.2,-41.0%,+30.9%,+11.5%,+79.4%
NOV,Extended,Energy,Energy,Energy,Adj,Dec,EPS,CY2027,1.592,1.327,-16.6%,1.35,+1.7%,1.328,-1.6%,20.46,15.4,-16.6%,+30.9%,+11.5%,+79.4%
NOV,Extended,Energy,Energy,Energy,Adj,Dec,EPS,CY2028,1.744,1.445,-17.1%,1.52,+5.2%,1.536,+1.1%,20.46,13.3,-11.9%,+30.9%,+11.5%,+79.4%
AR,Extended,Energy,Energy,Energy,Adj,Dec,EPS,CY2025,3.341,1.832,-45.2%,1.808,-1.3%,1.809,+0.1%,39.26,21.7,-45.9%,+13.9%,+7.9%,+12.7%
AR,Extended,Energy,Energy,Energy,Adj,Dec,EPS,CY2026,3.896,3.1,-20.4%,3.366,+8.6%,4.316,+28.2%,39.26,9.1,+10.8%,+13.9%,+7.9%,+12.7%
AR,Extended,Energy,Energy,Energy,Adj,Dec,EPS,CY2027,3.669,3.528,-3.8%,4.024,+14.1%,4.66,+15.8%,39.26,8.4,+27.0%,+13.9%,+7.9%,+12.7%
AR,Extended,Energy,Energy,Energy,Adj,Dec,EPS,CY2028,3.279,3.266,-0.4%,4.457,+36.5%,5.253,+17.9%,39.26,7.5,+60.2%,+13.9%,+7.9%,+12.7%
SLB,Extended,Energy,Energy,Energy,Adj,Dec,EPS,CY2025,3.198,2.872,-10.2%,2.866,-0.2%,2.866,+0.0%,56.88,19.8,-10.4%,+48.2%,+17.6%,+71.1%
SLB,Extended,Energy,Energy,Energy,Adj,Dec,EPS,CY2026,3.46,2.95,-14.7%,2.892,-2.0%,2.652,-8.3%,56.88,21.4,-23.4%,+48.2%,+17.6%,+71.1%
SLB,Extended,Energy,Energy,Energy,Adj,Dec,EPS,CY2027,3.843,3.361,-12.5%,3.333,-0.8%,3.35,+0.5%,56.88,17.0,-12.8%,+48.2%,+17.6%,+71.1%
SLB,Extended,Energy,Energy,Energy,Adj,Dec,EPS,CY2028,4.13,3.742,-9.4%,3.748,+0.2%,3.863,+3.1%,56.88,14.7,-6.5%,+48.2%,+17.6%,+71.1%
CLB,Extended,Energy,Energy,Energy,Adj,Dec,EPS,CY2025,0.79,0.803,+1.6%,0.813,+1.2%,0.813,+0.0%,14.65,18.0,+2.9%,-8.6%,-25.0%,+28.8%
CLB,Extended,Energy,Energy,Energy,Adj,Dec,EPS,CY2026,0.947,0.837,-11.6%,0.807,-3.6%,0.668,-17.2%,14.65,21.9,-29.5%,-8.6%,-25.0%,+28.8%
CLB,Extended,Energy,Energy,Energy,Adj,Dec,EPS,CY2027,1.217,1.04,-14.5%,0.9,-13.5%,0.836,-7.1%,14.65,17.5,-31.3%,-8.6%,-25.0%,+28.8%
CLB,Extended,Energy,Energy,Energy,Adj,Dec,EPS,CY2028,,,,,,,,14.65,,,-8.6%,-25.0%,+28.8%
KO,Extended,Cons. staples,Consumer Staples,"Food, Beverage & Tobacco",GAAP,Dec,EPS,CY2025,2.963,2.99,+0.9%,2.989,-0.0%,2.99,+0.0%,78.76,26.3,+0.9%,+12.7%,+5.3%,+8.6%
KO,Extended,Cons. staples,Consumer Staples,"Food, Beverage & Tobacco",GAAP,Dec,EPS,CY2026,3.197,3.22,+0.7%,3.223,+0.1%,3.257,+1.1%,78.76,24.2,+1.9%,+12.7%,+5.3%,+8.6%
KO,Extended,Cons. staples,Consumer Staples,"Food, Beverage & Tobacco",GAAP,Dec,EPS,CY2027,3.443,3.451,+0.2%,3.438,-0.4%,3.475,+1.1%,78.76,22.7,+0.9%,+12.7%,+5.3%,+8.6%
KO,Extended,Cons. staples,Consumer Staples,"Food, Beverage & Tobacco",GAAP,Dec,EPS,CY2028,3.708,3.7,-0.2%,3.693,-0.2%,3.713,+0.5%,78.76,21.2,+0.1%,+12.7%,+5.3%,+8.6%
PEP,Extended,Cons. staples,Consumer Staples,"Food, Beverage & Tobacco",GAAP,Dec,EPS,CY2025,7.607,6.237,-18.0%,6.297,+1.0%,6.297,+0.0%,158.49,25.2,-17.2%,+10.4%,+3.2%,+16.9%
PEP,Extended,Cons. staples,Consumer Staples,"Food, Beverage & Tobacco",GAAP,Dec,EPS,CY2026,8.1,8.225,+1.5%,8.204,-0.3%,8.366,+2.0%,158.49,18.9,+3.3%,+10.4%,+3.2%,+16.9%
PEP,Extended,Cons. staples,Consumer Staples,"Food, Beverage & Tobacco",GAAP,Dec,EPS,CY2027,8.558,8.548,-0.1%,8.548,+0.0%,8.877,+3.8%,158.49,17.9,+3.7%,+10.4%,+3.2%,+16.9%
PEP,Extended,Cons. staples,Consumer Staples,"Food, Beverage & Tobacco",GAAP,Dec,EPS,CY2028,8.985,9.145,+1.8%,9.155,+0.1%,9.332,+1.9%,158.49,17.0,+3.9%,+10.4%,+3.2%,+16.9%
ABI,Extended,Cons. staples,Consumer Staples,"Food, Beverage & Tobacco",Adj,Dec,EPS,CY2025,3.664,3.656,-0.2%,3.666,+0.3%,3.672,+0.2%,64.4,17.5,+0.2%,+17.3%,+7.2%,+11.8%
ABI,Extended,Cons. staples,Consumer Staples,"Food, Beverage & Tobacco",Adj,Dec,EPS,CY2026,4.125,4.146,+0.5%,4.17,+0.6%,4.247,+1.8%,64.4,15.2,+3.0%,+17.3%,+7.2%,+11.8%
ABI,Extended,Cons. staples,Consumer Staples,"Food, Beverage & Tobacco",Adj,Dec,EPS,CY2027,4.629,4.693,+1.4%,4.706,+0.3%,4.722,+0.3%,64.4,13.6,+2.0%,+17.3%,+7.2%,+11.8%
ABI,Extended,Cons. staples,Consumer Staples,"Food, Beverage & Tobacco",Adj,Dec,EPS,CY2028,5.448,5.315,-2.4%,5.326,+0.2%,5.239,-1.6%,64.4,12.3,-3.8%,+17.3%,+7.2%,+11.8%
TAP,Extended,Cons. staples,Consumer Staples,"Food, Beverage & Tobacco",Adj,Dec,EPS,CY2025,6.325,5.405,-14.5%,5.381,-0.4%,5.36,-0.4%,42.74,8.0,-15.3%,-8.4%,-11.0%,-25.7%
TAP,Extended,Cons. staples,Consumer Staples,"Food, Beverage & Tobacco",Adj,Dec,EPS,CY2026,6.714,5.678,-15.4%,5.521,-2.8%,4.725,-14.4%,42.74,9.0,-29.6%,-8.4%,-11.0%,-25.7%
TAP,Extended,Cons. staples,Consumer Staples,"Food, Beverage & Tobacco",Adj,Dec,EPS,CY2027,7.056,5.968,-15.4%,5.728,-4.0%,5.003,-12.7%,42.74,8.5,-29.1%,-8.4%,-11.0%,-25.7%
TAP,Extended,Cons. staples,Consumer Staples,"Food, Beverage & Tobacco",Adj,Dec,EPS,CY2028,7.378,6.136,-16.8%,6.081,-0.9%,5.363,-11.8%,42.74,8.0,-27.3%,-8.4%,-11.0%,-25.7%
STZ,Extended,Cons. staples,Consumer Staples,"Food, Beverage & Tobacco",Adj,Feb,EPS,CY2025,12.817,11.537,-10.0%,11.607,+0.6%,11.638,+0.3%,156.58,13.5,-9.2%,+13.5%,-0.1%,-16.5%
STZ,Extended,Cons. staples,Consumer Staples,"Food, Beverage & Tobacco",Adj,Feb,EPS,CY2026,14.107,12.423,-11.9%,12.38,-0.3%,11.842,-4.3%,156.58,13.2,-16.1%,+13.5%,-0.1%,-16.5%
STZ,Extended,Cons. staples,Consumer Staples,"Food, Beverage & Tobacco",Adj,Feb,EPS,CY2027,15.132,13.073,-13.6%,13.019,-0.4%,12.458,-4.3%,156.58,12.6,-17.7%,+13.5%,-0.1%,-16.5%
STZ,Extended,Cons. staples,Consumer Staples,"Food, Beverage & Tobacco",Adj,Feb,EPS,CY2028,17.309,14.052,-18.8%,13.884,-1.2%,13.175,-5.1%,156.58,11.9,-23.9%,+13.5%,-0.1%,-16.5%
MNST,Extended,Cons. staples,Consumer Staples,"Food, Beverage & Tobacco",Adj,Dec,EPS,CY2025,1.839,1.91,+3.9%,1.998,+4.6%,1.998,+0.0%,77.07,38.6,+8.6%,+0.5%,-4.6%,+28.2%
MNST,Extended,Cons. staples,Consumer Staples,"Food, Beverage & Tobacco",Adj,Dec,EPS,CY2026,2.05,2.136,+4.2%,2.265,+6.0%,2.252,-0.6%,77.07,34.2,+9.9%,+0.5%,-4.6%,+28.2%
MNST,Extended,Cons. staples,Consumer Staples,"Food, Beverage & Tobacco",Adj,Dec,EPS,CY2027,2.283,2.368,+3.7%,2.543,+7.4%,2.535,-0.3%,77.07,30.4,+11.0%,+0.5%,-4.6%,+28.2%
MNST,Extended,Cons. staples,Consumer Staples,"Food, Beverage & Tobacco",Adj,Dec,EPS,CY2028,2.593,2.69,+3.7%,2.851,+6.0%,2.866,+0.5%,77.07,26.9,+10.5%,+0.5%,-4.6%,+28.2%
OR,Extended,Cons. staples,Consumer Staples,Household & Personal Products,Adj,Dec,EPS,CY2025,12.858,12.835,-0.2%,12.826,-0.1%,12.862,+0.3%,366.05,28.5,+0.0%,-0.2%,-5.4%,-5.4%
OR,Extended,Cons. staples,Consumer Staples,Household & Personal Products,Adj,Dec,EPS,CY2026,13.894,13.807,-0.6%,13.742,-0.5%,13.615,-0.9%,366.05,26.9,-2.0%,-0.2%,-5.4%,-5.4%
OR,Extended,Cons. staples,Consumer Staples,Household & Personal Products,Adj,Dec,EPS,CY2027,15.02,14.71,-2.1%,14.763,+0.4%,14.832,+0.5%,366.05,24.7,-1.3%,-0.2%,-5.4%,-5.4%
OR,Extended,Cons. staples,Consumer Staples,Household & Personal Products,Adj,Dec,EPS,CY2028,16.052,15.603,-2.8%,15.794,+1.2%,15.958,+1.0%,366.05,22.9,-0.6%,-0.2%,-5.4%,-5.4%
EL,Extended,Cons. staples,Consumer Staples,Household & Personal Products,Adj,Jun,EPS,CY2025,1.391,1.478,+6.3%,1.478,+0.0%,1.478,+0.0%,76.71,51.9,+6.3%,-26.7%,-33.5%,+27.9%
EL,Extended,Cons. staples,Consumer Staples,Household & Personal Products,Adj,Jun,EPS,CY2026,2.299,2.136,-7.1%,2.16,+1.1%,2.217,+2.6%,76.71,34.6,-3.6%,-26.7%,-33.5%,+27.9%
EL,Extended,Cons. staples,Consumer Staples,Household & Personal Products,Adj,Jun,EPS,CY2027,3.038,2.998,-1.3%,3.006,+0.3%,3.012,+0.2%,76.71,25.5,-0.9%,-26.7%,-33.5%,+27.9%
EL,Extended,Cons. staples,Consumer Staples,Household & Personal Products,Adj,Jun,EPS,CY2028,3.73,3.739,+0.2%,3.73,-0.2%,3.651,-2.1%,76.71,21.0,-2.1%,-26.7%,-33.5%,+27.9%
NESN,Extended,Cons. staples,Consumer Staples,"Food, Beverage & Tobacco",GAAP,Dec,EPS,CY2025,4.012,3.944,-1.7%,3.974,+0.8%,3.974,+0.0%,79.05,19.9,-0.9%,+0.4%,+7.7%,-9.9%
NESN,Extended,Cons. staples,Consumer Staples,"Food, Beverage & Tobacco",GAAP,Dec,EPS,CY2026,4.358,4.148,-4.8%,4.107,-1.0%,3.985,-3.0%,79.05,19.8,-8.6%,+0.4%,+7.7%,-9.9%
NESN,Extended,Cons. staples,Consumer Staples,"Food, Beverage & Tobacco",GAAP,Dec,EPS,CY2027,4.726,4.457,-5.7%,4.404,-1.2%,4.278,-2.9%,79.05,18.5,-9.5%,+0.4%,+7.7%,-9.9%
NESN,Extended,Cons. staples,Consumer Staples,"Food, Beverage & Tobacco",GAAP,Dec,EPS,CY2028,5.133,4.843,-5.6%,4.743,-2.1%,4.646,-2.0%,79.05,17.0,-9.5%,+0.4%,+7.7%,-9.9%
PG,Extended,Cons. staples,Consumer Staples,Household & Personal Products,GAAP,Jun,EPS,CY2025,6.636,6.431,-3.1%,6.431,+0.0%,6.431,+0.0%,147.09,22.9,-3.1%,+2.6%,-3.1%,-9.5%
PG,Extended,Cons. staples,Consumer Staples,Household & Personal Products,GAAP,Jun,EPS,CY2026,7.076,6.96,-1.6%,6.819,-2.0%,6.782,-0.5%,147.09,21.7,-4.2%,+2.6%,-3.1%,-9.5%
PG,Extended,Cons. staples,Consumer Staples,Household & Personal Products,GAAP,Jun,EPS,CY2027,7.536,7.289,-3.3%,7.193,-1.3%,7.038,-2.2%,147.09,20.9,-6.6%,+2.6%,-3.1%,-9.5%
PG,Extended,Cons. staples,Consumer Staples,Household & Personal Products,GAAP,Jun,EPS,CY2028,8.02,7.679,-4.3%,7.648,-0.4%,7.469,-2.3%,147.09,19.7,-6.9%,+2.6%,-3.1%,-9.5%
UNA,Extended,Cons. staples,Consumer Staples,Household & Personal Products,Adj,Dec,EPS,CY2025,3.411,3.368,-1.3%,3.005,-10.8%,3.009,+0.1%,49.925,16.6,-11.8%,-10.4%,-12.7%,-16.8%
UNA,Extended,Cons. staples,Consumer Staples,Household & Personal Products,Adj,Dec,EPS,CY2026,3.606,3.539,-1.9%,3.181,-10.1%,3.181,+0.0%,49.925,15.7,-11.8%,-10.4%,-12.7%,-16.8%
UNA,Extended,Cons. staples,Consumer Staples,Household & Personal Products,Adj,Dec,EPS,CY2027,3.798,3.796,-0.1%,3.352,-11.7%,3.339,-0.4%,49.925,15.0,-12.1%,-10.4%,-12.7%,-16.8%
UNA,Extended,Cons. staples,Consumer Staples,Household & Personal Products,Adj,Dec,EPS,CY2028,4.103,4.101,-0.0%,3.584,-12.6%,3.593,+0.3%,49.925,13.9,-12.4%,-10.4%,-12.7%,-16.8%
MDLZ,Extended,Cons. staples,Consumer Staples,"Food, Beverage & Tobacco",Adj,Dec,EPS,CY2025,2.993,2.917,-2.5%,2.892,-0.9%,2.892,+0.0%,61.44,21.2,-3.4%,+14.1%,+5.1%,-9.8%
MDLZ,Extended,Cons. staples,Consumer Staples,"Food, Beverage & Tobacco",Adj,Dec,EPS,CY2026,3.286,3.189,-3.0%,3.138,-1.6%,3.052,-2.7%,61.44,20.1,-7.1%,+14.1%,+5.1%,-9.8%
MDLZ,Extended,Cons. staples,Consumer Staples,"Food, Beverage & Tobacco",Adj,Dec,EPS,CY2027,3.596,3.478,-3.3%,3.443,-1.0%,3.391,-1.5%,61.44,18.1,-5.7%,+14.1%,+5.1%,-9.8%
MDLZ,Extended,Cons. staples,Consumer Staples,"Food, Beverage & Tobacco",Adj,Dec,EPS,CY2028,4.038,3.844,-4.8%,3.781,-1.6%,3.677,-2.8%,61.44,16.7,-8.9%,+14.1%,+5.1%,-9.8%
MKC,Extended,Cons. staples,Consumer Staples,"Food, Beverage & Tobacco",Adj,Nov,EPS,CY2025,3.046,3.019,-0.9%,3.018,-0.0%,3.018,+0.0%,50.84,16.8,-0.9%,-25.4%,-17.8%,-33.7%
MKC,Extended,Cons. staples,Consumer Staples,"Food, Beverage & Tobacco",Adj,Nov,EPS,CY2026,3.312,3.198,-3.4%,3.093,-3.3%,3.093,+0.0%,50.84,16.4,-6.6%,-25.4%,-17.8%,-33.7%
MKC,Extended,Cons. staples,Consumer Staples,"Food, Beverage & Tobacco",Adj,Nov,EPS,CY2027,3.6,3.476,-3.4%,3.376,-2.9%,3.353,-0.7%,50.84,15.2,-6.9%,-25.4%,-17.8%,-33.7%
MKC,Extended,Cons. staples,Consumer Staples,"Food, Beverage & Tobacco",Adj,Nov,EPS,CY2028,4.02,3.776,-6.1%,3.707,-1.8%,3.642,-1.8%,50.84,14.0,-9.4%,-25.4%,-17.8%,-33.7%
GIS,Extended,Cons. staples,Consumer Staples,"Food, Beverage & Tobacco",Adj,May,EPS,CY2025,4.192,4.187,-0.1%,4.187,+0.0%,4.187,+0.0%,35.31,8.4,-0.1%,-24.1%,-23.7%,-37.8%
GIS,Extended,Cons. staples,Consumer Staples,"Food, Beverage & Tobacco",Adj,May,EPS,CY2026,4.06,3.651,-10.1%,3.658,+0.2%,3.414,-6.7%,35.31,10.3,-15.9%,-24.1%,-23.7%,-37.8%
GIS,Extended,Cons. staples,Consumer Staples,"Food, Beverage & Tobacco",Adj,May,EPS,CY2027,4.267,3.787,-11.2%,3.729,-1.5%,3.289,-11.8%,35.31,10.7,-22.9%,-24.1%,-23.7%,-37.8%
GIS,Extended,Cons. staples,Consumer Staples,"Food, Beverage & Tobacco",Adj,May,EPS,CY2028,4.672,4.013,-14.1%,3.937,-1.9%,3.436,-12.7%,35.31,10.3,-26.5%,-24.1%,-23.7%,-37.8%
CPB,Extended,Cons. staples,Consumer Staples,"Food, Beverage & Tobacco",Adj,Jul,EPS,CY2025,2.984,2.929,-1.8%,2.929,+0.0%,2.929,+0.0%,20.79,7.1,-1.8%,-25.4%,-25.7%,-43.0%
CPB,Extended,Cons. staples,Consumer Staples,"Food, Beverage & Tobacco",Adj,Jul,EPS,CY2026,3.095,2.475,-20.0%,2.432,-1.7%,2.178,-10.4%,20.79,9.5,-29.6%,-25.4%,-25.7%,-43.0%
CPB,Extended,Cons. staples,Consumer Staples,"Food, Beverage & Tobacco",Adj,Jul,EPS,CY2027,3.311,2.661,-19.6%,2.585,-2.9%,2.191,-15.2%,20.79,9.5,-33.8%,-25.4%,-25.7%,-43.0%
CPB,Extended,Cons. staples,Consumer Staples,"Food, Beverage & Tobacco",Adj,Jul,EPS,CY2028,3.632,2.878,-20.8%,2.793,-3.0%,2.399,-14.1%,20.79,8.7,-33.9%,-25.4%,-25.7%,-43.0%
HSY,Extended,Cons. staples,Consumer Staples,"Food, Beverage & Tobacco",Adj,Dec,EPS,CY2025,6.088,5.974,-1.9%,5.996,+0.4%,6.0,+0.1%,185.74,31.0,-1.4%,+2.1%,-4.6%,+11.1%
HSY,Extended,Cons. staples,Consumer Staples,"Food, Beverage & Tobacco",Adj,Dec,EPS,CY2026,6.63,6.758,+1.9%,7.053,+4.4%,8.4,+19.1%,185.74,22.1,+26.7%,+2.1%,-4.6%,+11.1%
HSY,Extended,Cons. staples,Consumer Staples,"Food, Beverage & Tobacco",Adj,Dec,EPS,CY2027,7.547,7.871,+4.3%,8.292,+5.3%,9.9,+19.4%,185.74,18.8,+31.2%,+2.1%,-4.6%,+11.1%
HSY,Extended,Cons. staples,Consumer Staples,"Food, Beverage & Tobacco",Adj,Dec,EPS,CY2028,8.578,8.85,+3.2%,8.931,+0.9%,10.715,+20.0%,185.74,17.3,+24.9%,+2.1%,-4.6%,+11.1%
ENR,Extended,Cons. staples,Consumer Staples,Household & Personal Products,Adj,Sep,EPS,CY2025,3.548,3.593,+1.3%,3.593,+0.0%,3.593,+0.0%,19.58,5.4,+1.3%,-1.6%,-10.3%,-27.6%
ENR,Extended,Cons. staples,Consumer Staples,Household & Personal Products,Adj,Sep,EPS,CY2026,3.769,3.734,-0.9%,3.42,-8.4%,3.334,-2.5%,19.58,5.9,-11.5%,-1.6%,-10.3%,-27.6%
ENR,Extended,Cons. staples,Consumer Staples,Household & Personal Products,Adj,Sep,EPS,CY2027,3.961,3.999,+1.0%,3.799,-5.0%,3.696,-2.7%,19.58,5.3,-6.7%,-1.6%,-10.3%,-27.6%
ENR,Extended,Cons. staples,Consumer Staples,Household & Personal Products,Adj,Sep,EPS,CY2028,4.105,4.167,+1.5%,3.818,-8.4%,3.871,+1.4%,19.58,5.1,-5.7%,-1.6%,-10.3%,-27.6%
NWL,Extended,Cons. staples,Consumer Discretionary,Consumer Durables & Apparel,Adj,Dec,EPS,CY2025,0.696,0.645,-7.3%,0.576,-10.7%,0.576,+0.0%,4.08,7.1,-17.2%,+9.7%,-4.0%,-14.6%
NWL,Extended,Cons. staples,Consumer Discretionary,Consumer Durables & Apparel,Adj,Dec,EPS,CY2026,0.769,0.715,-7.0%,0.579,-19.0%,0.561,-3.1%,4.08,7.3,-27.0%,+9.7%,-4.0%,-14.6%
NWL,Extended,Cons. staples,Consumer Discretionary,Consumer Durables & Apparel,Adj,Dec,EPS,CY2027,0.873,0.836,-4.2%,0.681,-18.5%,0.657,-3.5%,4.08,6.2,-24.7%,+9.7%,-4.0%,-14.6%
NWL,Extended,Cons. staples,Consumer Discretionary,Consumer Durables & Apparel,Adj,Dec,EPS,CY2028,0.98,0.9,-8.2%,0.825,-8.3%,0.766,-7.2%,4.08,5.3,-21.8%,+9.7%,-4.0%,-14.6%
HRL,Extended,Cons. staples,Consumer Staples,"Food, Beverage & Tobacco",Adj,Oct,EPS,CY2025,1.608,1.396,-13.2%,1.364,-2.3%,1.364,+0.0%,21.47,15.7,-15.2%,-9.4%,-12.8%,-28.2%
HRL,Extended,Cons. staples,Consumer Staples,"Food, Beverage & Tobacco",Adj,Oct,EPS,CY2026,1.776,1.478,-16.8%,1.453,-1.7%,1.449,-0.3%,21.47,14.8,-18.4%,-9.4%,-12.8%,-28.2%
HRL,Extended,Cons. staples,Consumer Staples,"Food, Beverage & Tobacco",Adj,Oct,EPS,CY2027,1.9,1.603,-15.6%,1.565,-2.4%,1.556,-0.6%,21.47,13.8,-18.1%,-9.4%,-12.8%,-28.2%
HRL,Extended,Cons. staples,Consumer Staples,"Food, Beverage & Tobacco",Adj,Oct,EPS,CY2028,2.125,1.81,-14.8%,1.652,-8.7%,1.653,+0.1%,21.47,13.0,-22.2%,-9.4%,-12.8%,-28.2%
HLF,Extended,Cons. staples,Consumer Staples,Household & Personal Products,Adj,Dec,EPS,CY2025,2.0,2.09,+4.5%,2.032,-2.8%,2.032,+0.0%,16.6,8.2,+1.6%,+28.8%,-3.7%,+130.6%
HLF,Extended,Cons. staples,Consumer Staples,Household & Personal Products,Adj,Dec,EPS,CY2026,2.503,2.503,+0.0%,2.576,+2.9%,2.493,-3.2%,16.6,6.7,-0.4%,+28.8%,-3.7%,+130.6%
HLF,Extended,Cons. staples,Consumer Staples,Household & Personal Products,Adj,Dec,EPS,CY2027,3.06,3.11,+1.6%,3.05,-1.9%,3.004,-1.5%,16.6,5.5,-1.8%,+28.8%,-3.7%,+130.6%
HLF,Extended,Cons. staples,Consumer Staples,Household & Personal Products,Adj,Dec,EPS,CY2028,,2.97,,3.39,+14.1%,3.08,-9.1%,16.6,5.4,,+28.8%,-3.7%,+130.6%
IFF,Extended,Cons. staples,Materials,Materials,Adj,Dec,EPS,CY2025,4.231,4.232,+0.0%,4.253,+0.5%,4.245,-0.2%,70.2,16.5,+0.3%,+4.2%,+0.6%,-10.5%
IFF,Extended,Cons. staples,Materials,Materials,Adj,Dec,EPS,CY2026,4.537,4.509,-0.6%,4.459,-1.1%,4.389,-1.6%,70.2,16.0,-3.3%,+4.2%,+0.6%,-10.5%
IFF,Extended,Cons. staples,Materials,Materials,Adj,Dec,EPS,CY2027,4.976,4.926,-1.0%,4.816,-2.2%,4.766,-1.0%,70.2,14.7,-4.2%,+4.2%,+0.6%,-10.5%
IFF,Extended,Cons. staples,Materials,Materials,Adj,Dec,EPS,CY2028,5.331,5.276,-1.0%,5.163,-2.1%,5.179,+0.3%,70.2,13.6,-2.9%,+4.2%,+0.6%,-10.5%
KHC,Extended,Cons. staples,Consumer Staples,"Food, Beverage & Tobacco",Adj,Dec,EPS,CY2025,2.609,2.543,-2.5%,2.53,-0.5%,2.53,+0.0%,22.66,9.0,-3.0%,-6.6%,-4.5%,-22.1%
KHC,Extended,Cons. staples,Consumer Staples,"Food, Beverage & Tobacco",Adj,Dec,EPS,CY2026,2.697,2.539,-5.9%,2.496,-1.7%,2.063,-17.3%,22.66,11.0,-23.5%,-6.6%,-4.5%,-22.1%
KHC,Extended,Cons. staples,Consumer Staples,"Food, Beverage & Tobacco",Adj,Dec,EPS,CY2027,2.826,2.626,-7.1%,2.563,-2.4%,2.146,-16.3%,22.66,10.6,-24.1%,-6.6%,-4.5%,-22.1%
KHC,Extended,Cons. staples,Consumer Staples,"Food, Beverage & Tobacco",Adj,Dec,EPS,CY2028,3.088,2.875,-6.9%,2.778,-3.4%,2.269,-18.3%,22.66,10.0,-26.5%,-6.6%,-4.5%,-22.1%
BATS,Extended,Cons. staples,Consumer Staples,"Food, Beverage & Tobacco",Adj,Dec,EPS,CY2025,3.474,3.397,-2.2%,3.383,-0.4%,3.395,+0.4%,4323.0,12.7,-2.3%,+2.6%,-1.2%,+33.1%
BATS,Extended,Cons. staples,Consumer Staples,"Food, Beverage & Tobacco",Adj,Dec,EPS,CY2026,3.739,3.617,-3.3%,3.592,-0.7%,3.624,+0.9%,4323.0,11.9,-3.1%,+2.6%,-1.2%,+33.1%
BATS,Extended,Cons. staples,Consumer Staples,"Food, Beverage & Tobacco",Adj,Dec,EPS,CY2027,4.011,3.86,-3.8%,3.846,-0.4%,3.88,+0.9%,4323.0,11.1,-3.3%,+2.6%,-1.2%,+33.1%
BATS,Extended,Cons. staples,Consumer Staples,"Food, Beverage & Tobacco",Adj,Dec,EPS,CY2028,,4.241,,4.227,-0.3%,4.17,-1.3%,4323.0,10.4,,+2.6%,-1.2%,+33.1%
POST,Extended,Cons. staples,Consumer Staples,"Food, Beverage & Tobacco",Adj,Sep,EPS,CY2025,6.364,7.048,+10.7%,7.048,+0.0%,7.048,+0.0%,104.75,14.9,+10.7%,+5.8%,+2.4%,-7.4%
POST,Extended,Cons. staples,Consumer Staples,"Food, Beverage & Tobacco",Adj,Sep,EPS,CY2026,7.318,7.753,+5.9%,7.056,-9.0%,7.345,+4.1%,104.75,14.3,+0.4%,+5.8%,+2.4%,-7.4%
POST,Extended,Cons. staples,Consumer Staples,"Food, Beverage & Tobacco",Adj,Sep,EPS,CY2027,8.013,8.743,+9.1%,8.401,-3.9%,8.258,-1.7%,104.75,12.7,+3.1%,+5.8%,+2.4%,-7.4%
POST,Extended,Cons. staples,Consumer Staples,"Food, Beverage & Tobacco",Adj,Sep,EPS,CY2028,9.525,10.665,+12.0%,9.828,-7.8%,9.587,-2.5%,104.75,10.9,+0.7%,+5.8%,+2.4%,-7.4%
DGE,Extended,Cons. staples,Consumer Staples,"Food, Beverage & Tobacco",Adj,Jun,EPS,CY2025,1.612,1.609,-0.2%,1.609,+0.0%,1.609,+0.0%,1471.0,9.1,-0.2%,-8.3%,-12.2%,-29.7%
DGE,Extended,Cons. staples,Consumer Staples,"Food, Beverage & Tobacco",Adj,Jun,EPS,CY2026,1.707,1.686,-1.2%,1.607,-4.7%,1.627,+1.2%,1471.0,9.0,-4.7%,-8.3%,-12.2%,-29.7%
DGE,Extended,Cons. staples,Consumer Staples,"Food, Beverage & Tobacco",Adj,Jun,EPS,CY2027,1.823,1.808,-0.8%,1.683,-6.9%,1.645,-2.3%,1471.0,8.9,-9.8%,-8.3%,-12.2%,-29.7%
DGE,Extended,Cons. staples,Consumer Staples,"Food, Beverage & Tobacco",Adj,Jun,EPS,CY2028,1.979,1.935,-2.2%,1.801,-6.9%,1.758,-2.4%,1471.0,8.4,-11.2%,-8.3%,-12.2%,-29.7%
SGI,Extended,Bedding / furniture / household goods,Consumer Discretionary,Consumer Durables & Apparel,Adj,Dec,EPS,CY2025,2.772,2.56,-7.6%,2.691,+5.1%,2.693,+0.1%,75.86,28.2,-2.8%,-15.0%,-13.6%,+24.2%
SGI,Extended,Bedding / furniture / household goods,Consumer Discretionary,Consumer Durables & Apparel,Adj,Dec,EPS,CY2026,3.363,3.163,-5.9%,3.339,+5.6%,3.24,-3.0%,75.86,23.4,-3.7%,-15.0%,-13.6%,+24.2%
SGI,Extended,Bedding / furniture / household goods,Consumer Discretionary,Consumer Durables & Apparel,Adj,Dec,EPS,CY2027,3.6,3.806,+5.7%,4.045,+6.3%,4.04,-0.1%,75.86,18.8,+12.2%,-15.0%,-13.6%,+24.2%
SGI,Extended,Bedding / furniture / household goods,Consumer Discretionary,Consumer Durables & Apparel,Adj,Dec,EPS,CY2028,4.62,4.6,-0.4%,4.8,+4.3%,5.027,+4.7%,75.86,15.1,+8.8%,-15.0%,-13.6%,+24.2%
WSM,Extended,Bedding / furniture / household goods,Consumer Discretionary,Consumer Discretionary Distrib,Adj,Jan,EPS,CY2025,8.473,8.613,+1.7%,8.738,+1.5%,8.742,+0.0%,181.21,20.7,+3.2%,+1.5%,-11.5%,+17.3%
WSM,Extended,Bedding / furniture / household goods,Consumer Discretionary,Consumer Discretionary Distrib,Adj,Jan,EPS,CY2026,9.124,9.14,+0.2%,9.181,+0.4%,9.362,+2.0%,181.21,19.4,+2.6%,+1.5%,-11.5%,+17.3%
WSM,Extended,Bedding / furniture / household goods,Consumer Discretionary,Consumer Discretionary Distrib,Adj,Jan,EPS,CY2027,9.811,9.953,+1.4%,9.971,+0.2%,10.135,+1.6%,181.21,17.9,+3.3%,+1.5%,-11.5%,+17.3%
WSM,Extended,Bedding / furniture / household goods,Consumer Discretionary,Consumer Discretionary Distrib,Adj,Jan,EPS,CY2028,10.66,10.908,+2.3%,10.876,-0.3%,11.084,+1.9%,181.21,16.3,+4.0%,+1.5%,-11.5%,+17.3%
RH,Extended,Bedding / furniture / household goods,Consumer Discretionary,Consumer Discretionary Distrib,Adj,Jan,EPS,CY2025,9.979,9.055,-9.3%,7.081,-21.8%,7.069,-0.2%,131.96,18.7,-29.2%,-26.3%,-33.6%,-28.3%
RH,Extended,Bedding / furniture / household goods,Consumer Discretionary,Consumer Discretionary Distrib,Adj,Jan,EPS,CY2026,14.665,12.669,-13.6%,10.189,-19.6%,5.343,-47.6%,131.96,24.7,-63.6%,-26.3%,-33.6%,-28.3%
RH,Extended,Bedding / furniture / household goods,Consumer Discretionary,Consumer Discretionary Distrib,Adj,Jan,EPS,CY2027,18.707,17.306,-7.5%,14.028,-18.9%,9.583,-31.7%,131.96,13.8,-48.8%,-26.3%,-33.6%,-28.3%
RH,Extended,Bedding / furniture / household goods,Consumer Discretionary,Consumer Discretionary Distrib,Adj,Jan,EPS,CY2028,25.23,24.553,-2.7%,20.718,-15.6%,13.627,-34.2%,131.96,9.7,-46.0%,-26.3%,-33.6%,-28.3%
WHR,Extended,Bedding / furniture / household goods,Consumer Discretionary,Consumer Durables & Apparel,Adj,Dec,EPS,CY2025,8.883,6.681,-24.8%,6.664,-0.3%,6.664,+0.0%,56.06,8.4,-25.0%,-22.3%,-29.9%,-26.5%
WHR,Extended,Bedding / furniture / household goods,Consumer Discretionary,Consumer Durables & Apparel,Adj,Dec,EPS,CY2026,10.678,7.039,-34.1%,6.749,-4.1%,4.994,-26.0%,56.06,11.2,-53.2%,-22.3%,-29.9%,-26.5%
WHR,Extended,Bedding / furniture / household goods,Consumer Discretionary,Consumer Durables & Apparel,Adj,Dec,EPS,CY2027,12.858,8.743,-32.0%,8.5,-2.8%,6.122,-28.0%,56.06,9.2,-52.4%,-22.3%,-29.9%,-26.5%
WHR,Extended,Bedding / furniture / household goods,Consumer Discretionary,Consumer Durables & Apparel,Adj,Dec,EPS,CY2028,16.78,16.78,+0.0%,8.75,-47.9%,7.215,-17.5%,56.06,7.8,-57.0%,-22.3%,-29.9%,-26.5%
SNBR,Extended,Bedding / furniture / household goods,Consumer Discretionary,Consumer Discretionary Distrib,Adj,Dec,EPS,CY2025,-0.52,-0.962,-85.0%,-3.763,-291.2%,-3.763,+0.0%,3.01,-0.8,-623.7%,-64.4%,-74.1%,-61.4%
SNBR,Extended,Bedding / furniture / household goods,Consumer Discretionary,Consumer Discretionary Distrib,Adj,Dec,EPS,CY2026,0.194,0.46,+137.1%,-0.643,-239.8%,-0.71,-10.4%,3.01,-4.2,-466.0%,-64.4%,-74.1%,-61.4%
SNBR,Extended,Bedding / furniture / household goods,Consumer Discretionary,Consumer Discretionary Distrib,Adj,Dec,EPS,CY2027,0.758,1.003,+32.3%,0.345,-65.6%,0.341,-1.2%,3.01,8.8,-55.0%,-64.4%,-74.1%,-61.4%
SNBR,Extended,Bedding / furniture / household goods,Consumer Discretionary,Consumer Discretionary Distrib,Adj,Dec,EPS,CY2028,,1.16,,0.07,-94.0%,0.57,+714.3%,3.01,5.3,,-64.4%,-74.1%,-61.4%
HVT,Extended,Bedding / furniture / household goods,Consumer Discretionary,Consumer Discretionary Distrib,Adj,Dec,EPS,CY2025,1.275,1.165,-8.6%,1.155,-0.9%,1.155,+0.0%,22.14,19.2,-9.4%,-5.2%,-12.6%,+21.9%
HVT,Extended,Bedding / furniture / household goods,Consumer Discretionary,Consumer Discretionary Distrib,Adj,Dec,EPS,CY2026,2.42,2.14,-11.6%,2.09,-2.3%,1.825,-12.7%,22.14,12.1,-24.6%,-5.2%,-12.6%,+21.9%
HVT,Extended,Bedding / furniture / household goods,Consumer Discretionary,Consumer Discretionary Distrib,Adj,Dec,EPS,CY2027,,3.19,,3.19,+0.0%,2.775,-13.0%,22.14,8.0,,-5.2%,-12.6%,+21.9%
HVT,Extended,Bedding / furniture / household goods,Consumer Discretionary,Consumer Discretionary Distrib,Adj,Dec,EPS,CY2028,,,,,,,,22.14,,,-5.2%,-12.6%,+21.9%
LEG,Extended,Bedding / furniture / household goods,Consumer Discretionary,Consumer Durables & Apparel,Adj,Dec,EPS,CY2025,1.116,1.05,-5.9%,1.048,-0.2%,1.048,+0.0%,10.87,10.4,-6.1%,-1.2%,-6.9%,+13.0%
LEG,Extended,Bedding / furniture / household goods,Consumer Discretionary,Consumer Durables & Apparel,Adj,Dec,EPS,CY2026,1.218,1.084,-11.0%,1.082,-0.2%,1.076,-0.6%,10.87,10.1,-11.7%,-1.2%,-6.9%,+13.0%
LEG,Extended,Bedding / furniture / household goods,Consumer Discretionary,Consumer Durables & Apparel,Adj,Dec,EPS,CY2027,1.32,1.177,-10.8%,1.168,-0.8%,1.178,+0.9%,10.87,9.2,-10.8%,-1.2%,-6.9%,+13.0%
LEG,Extended,Bedding / furniture / household goods,Consumer Discretionary,Consumer Durables & Apparel,Adj,Dec,EPS,CY2028,1.49,1.37,-8.1%,1.37,+0.0%,1.32,-3.6%,10.87,8.2,-11.4%,-1.2%,-6.9%,+13.0%
CULP,Extended,Bedding / furniture / household goods,Consumer Discretionary,Consumer Durables & Apparel,Adj,Apr,EPS,CY2025,-1.5,-0.98,+34.7%,-0.98,+0.0%,-0.98,+0.0%,3.29,-3.4,+34.7%,-7.6%,-6.5%,-13.4%
CULP,Extended,Bedding / furniture / household goods,Consumer Discretionary,Consumer Durables & Apparel,Adj,Apr,EPS,CY2026,0.26,-0.52,-300.0%,-0.52,+0.0%,-0.94,-80.8%,3.29,-3.5,-461.5%,-7.6%,-6.5%,-13.4%
CULP,Extended,Bedding / furniture / household goods,Consumer Discretionary,Consumer Durables & Apparel,Adj,Apr,EPS,CY2027,0.6,-0.002,-100.3%,-0.002,+0.0%,-0.15,-7400.0%,3.29,-21.9,-125.0%,-7.6%,-6.5%,-13.4%
CULP,Extended,Bedding / furniture / household goods,Consumer Discretionary,Consumer Durables & Apparel,Adj,Apr,EPS,CY2028,,,,,,,,3.29,,,-7.6%,-6.5%,-13.4%
AWI,Extended,Bedding / furniture / household goods,Industrials,Capital Goods,Adj,Dec,EPS,CY2025,6.887,7.458,+8.3%,7.478,+0.3%,7.478,+0.0%,170.39,22.8,+8.6%,-10.8%,-7.3%,+17.5%
AWI,Extended,Bedding / furniture / household goods,Industrials,Capital Goods,Adj,Dec,EPS,CY2026,7.759,8.418,+8.5%,8.434,+0.2%,8.309,-1.5%,170.39,20.5,+7.1%,-10.8%,-7.3%,+17.5%
AWI,Extended,Bedding / furniture / household goods,Industrials,Capital Goods,Adj,Dec,EPS,CY2027,8.773,9.39,+7.0%,9.43,+0.4%,9.354,-0.8%,170.39,18.2,+6.6%,-10.8%,-7.3%,+17.5%
AWI,Extended,Bedding / furniture / household goods,Industrials,Capital Goods,Adj,Dec,EPS,CY2028,,,,,,10.413,,170.39,16.4,,-10.8%,-7.3%,+17.5%
REZI,Extended,Bedding / furniture / household goods,Industrials,Capital Goods,Adj,Dec,EPS,CY2025,2.113,-0.81,-138.3%,2.65,+427.2%,2.65,+0.0%,41.37,15.6,+25.4%,+17.8%,+20.8%,+146.5%
REZI,Extended,Bedding / furniture / household goods,Industrials,Capital Goods,Adj,Dec,EPS,CY2026,2.303,2.575,+11.8%,2.925,+13.6%,3.08,+5.3%,41.37,13.4,+33.7%,+17.8%,+20.8%,+146.5%
REZI,Extended,Bedding / furniture / household goods,Industrials,Capital Goods,Adj,Dec,EPS,CY2027,2.39,3.19,+33.5%,3.14,-1.6%,3.325,+5.9%,41.37,12.4,+39.1%,+17.8%,+20.8%,+146.5%
REZI,Extended,Bedding / furniture / household goods,Industrials,Capital Goods,Adj,Dec,EPS,CY2028,,,,,,3.57,,41.37,11.6,,+17.8%,+20.8%,+146.5%
INVH,Extended,Bedding / furniture / household goods,Real Estate,Equity Real Estate Investment,Adj,Dec,EPS,CY2025,0.786,0.859,+9.3%,0.893,+4.0%,0.893,+0.0%,28.77,32.2,+13.6%,+3.5%,+7.6%,-15.9%
INVH,Extended,Bedding / furniture / household goods,Real Estate,Equity Real Estate Investment,Adj,Dec,EPS,CY2026,0.865,0.827,-4.4%,0.928,+12.2%,0.709,-23.6%,28.77,40.6,-18.0%,+3.5%,+7.6%,-15.9%
INVH,Extended,Bedding / furniture / household goods,Real Estate,Equity Real Estate Investment,Adj,Dec,EPS,CY2027,0.954,0.868,-9.0%,0.818,-5.8%,0.735,-10.1%,28.77,39.1,-23.0%,+3.5%,+7.6%,-15.9%
INVH,Extended,Bedding / furniture / household goods,Real Estate,Equity Real Estate Investment,Adj,Dec,EPS,CY2028,0.852,0.878,+3.1%,0.815,-7.2%,0.762,-6.5%,28.77,37.8,-10.6%,+3.5%,+7.6%,-15.9%
AMH,Extended,Bedding / furniture / household goods,Real Estate,Equity Real Estate Investment,Adj,Dec,EPS,CY2025,0.731,0.977,+33.7%,1.045,+7.0%,1.05,+0.5%,31.84,30.3,+43.6%,-0.8%,+1.7%,-14.8%
AMH,Extended,Bedding / furniture / household goods,Real Estate,Equity Real Estate Investment,Adj,Dec,EPS,CY2026,0.789,0.868,+10.0%,0.854,-1.6%,0.789,-7.6%,31.84,40.4,+0.0%,-0.8%,+1.7%,-14.8%
AMH,Extended,Bedding / furniture / household goods,Real Estate,Equity Real Estate Investment,Adj,Dec,EPS,CY2027,0.744,0.859,+15.5%,0.826,-3.8%,0.792,-4.1%,31.84,40.2,+6.5%,-0.8%,+1.7%,-14.8%
AMH,Extended,Bedding / furniture / household goods,Real Estate,Equity Real Estate Investment,Adj,Dec,EPS,CY2028,0.927,0.923,-0.4%,0.733,-20.6%,0.724,-1.2%,31.84,44.0,-21.9%,-0.8%,+1.7%,-14.8%
HON,Extended,Industrial / Cyclical,Industrials,Capital Goods,Adj,Dec,EPS,CY2025,10.453,10.665,+2.0%,9.994,-6.3%,9.994,+0.0%,214.33,21.4,-4.4%,+9.9%,-5.8%,+8.1%
HON,Extended,Industrial / Cyclical,Industrials,Capital Goods,Adj,Dec,EPS,CY2026,11.404,10.632,-6.8%,10.442,-1.8%,10.483,+0.4%,214.33,20.4,-8.1%,+9.9%,-5.8%,+8.1%
HON,Extended,Industrial / Cyclical,Industrials,Capital Goods,Adj,Dec,EPS,CY2027,12.394,11.573,-6.6%,11.329,-2.1%,11.439,+1.0%,214.33,18.7,-7.7%,+9.9%,-5.8%,+8.1%
HON,Extended,Industrial / Cyclical,Industrials,Capital Goods,Adj,Dec,EPS,CY2028,13.288,12.81,-3.6%,12.535,-2.1%,12.604,+0.6%,214.33,17.0,-5.1%,+9.9%,-5.8%,+8.1%
GEV,Extended,Industrial / Cyclical,Industrials,Capital Goods,GAAP,Dec,EPS,CY2025,7.279,7.713,+6.0%,7.637,-1.0%,7.637,+0.0%,1083.46,141.9,+4.9%,+65.8%,+49.2%,+192.2%
GEV,Extended,Industrial / Cyclical,Industrials,Capital Goods,GAAP,Dec,EPS,CY2026,11.43,13.107,+14.7%,14.378,+9.7%,24.846,+72.8%,1083.46,43.6,+117.4%,+65.8%,+49.2%,+192.2%
GEV,Extended,Industrial / Cyclical,Industrials,Capital Goods,GAAP,Dec,EPS,CY2027,15.828,18.907,+19.5%,21.863,+15.6%,23.709,+8.4%,1083.46,45.7,+49.8%,+65.8%,+49.2%,+192.2%
GEV,Extended,Industrial / Cyclical,Industrials,Capital Goods,GAAP,Dec,EPS,CY2028,20.074,24.397,+21.5%,29.836,+22.3%,32.223,+8.0%,1083.46,33.6,+60.5%,+65.8%,+49.2%,+192.2%
ETN,Extended,Industrial / Cyclical,Industrials,Capital Goods,Adj,Dec,EPS,CY2025,12.021,12.104,+0.7%,12.063,-0.3%,12.063,+0.0%,433.01,35.9,+0.3%,+35.9%,+23.2%,+47.1%
ETN,Extended,Industrial / Cyclical,Industrials,Capital Goods,Adj,Dec,EPS,CY2026,13.476,13.753,+2.1%,13.453,-2.2%,13.29,-1.2%,433.01,32.6,-1.4%,+35.9%,+23.2%,+47.1%
ETN,Extended,Industrial / Cyclical,Industrials,Capital Goods,Adj,Dec,EPS,CY2027,14.921,15.457,+3.6%,15.388,-0.4%,15.351,-0.2%,433.01,28.2,+2.9%,+35.9%,+23.2%,+47.1%
ETN,Extended,Industrial / Cyclical,Industrials,Capital Goods,Adj,Dec,EPS,CY2028,16.584,17.726,+6.9%,17.753,+0.2%,17.504,-1.4%,433.01,24.7,+5.5%,+35.9%,+23.2%,+47.1%
PH,Extended,Industrial / Cyclical,Industrials,Capital Goods,Adj,Jun,EPS,CY2025,26.724,26.732,+0.0%,26.732,+0.0%,26.732,+0.0%,909.42,34.0,+0.0%,+3.5%,-2.8%,+50.3%
PH,Extended,Industrial / Cyclical,Industrials,Capital Goods,Adj,Jun,EPS,CY2026,28.999,29.106,+0.4%,30.827,+5.9%,30.991,+0.5%,909.42,29.3,+6.9%,+3.5%,-2.8%,+50.3%
PH,Extended,Industrial / Cyclical,Industrials,Capital Goods,Adj,Jun,EPS,CY2027,31.445,31.792,+1.1%,33.861,+6.5%,33.881,+0.1%,909.42,26.8,+7.7%,+3.5%,-2.8%,+50.3%
PH,Extended,Industrial / Cyclical,Industrials,Capital Goods,Adj,Jun,EPS,CY2028,33.723,34.315,+1.8%,37.188,+8.4%,37.154,-0.1%,909.42,24.5,+10.2%,+3.5%,-2.8%,+50.3%
ROP,Extended,Industrial / Cyclical,Information Technology,Software & Services,Adj,Dec,EPS,CY2025,19.947,19.947,+0.0%,19.944,-0.0%,19.944,+0.0%,354.81,17.8,-0.0%,-20.3%,-4.4%,-36.7%
ROP,Extended,Industrial / Cyclical,Information Technology,Software & Services,Adj,Dec,EPS,CY2026,21.74,21.654,-0.4%,21.473,-0.8%,21.956,+2.2%,354.81,16.2,+1.0%,-20.3%,-4.4%,-36.7%
ROP,Extended,Industrial / Cyclical,Information Technology,Software & Services,Adj,Dec,EPS,CY2027,24.021,23.768,-1.1%,23.278,-2.1%,23.973,+3.0%,354.81,14.8,-0.2%,-20.3%,-4.4%,-36.7%
ROP,Extended,Industrial / Cyclical,Information Technology,Software & Services,Adj,Dec,EPS,CY2028,27.383,26.823,-2.0%,25.715,-4.1%,26.16,+1.7%,354.81,13.6,-4.5%,-20.3%,-4.4%,-36.7%
AME,Extended,Industrial / Cyclical,Industrials,Capital Goods,Adj,Dec,EPS,CY2025,7.082,7.293,+3.0%,7.36,+0.9%,7.36,+0.0%,235.5,32.0,+3.9%,+14.7%,+5.1%,+38.9%
AME,Extended,Industrial / Cyclical,Industrials,Capital Goods,Adj,Dec,EPS,CY2026,7.668,7.871,+2.6%,7.994,+1.6%,8.064,+0.9%,235.5,29.2,+5.2%,+14.7%,+5.1%,+38.9%
AME,Extended,Industrial / Cyclical,Industrials,Capital Goods,Adj,Dec,EPS,CY2027,8.333,8.509,+2.1%,8.619,+1.3%,8.715,+1.1%,235.5,27.0,+4.6%,+14.7%,+5.1%,+38.9%
AME,Extended,Industrial / Cyclical,Industrials,Capital Goods,Adj,Dec,EPS,CY2028,9.218,9.353,+1.5%,9.419,+0.7%,9.421,+0.0%,235.5,25.0,+2.2%,+14.7%,+5.1%,+38.9%
FTV,Extended,Industrial / Cyclical,Industrials,Capital Goods,Adj,Dec,EPS,CY2025,4.024,2.549,-36.7%,2.65,+4.0%,2.65,+0.0%,59.79,22.6,-34.1%,+8.3%,+13.2%,+13.9%
FTV,Extended,Industrial / Cyclical,Industrials,Capital Goods,Adj,Dec,EPS,CY2026,4.354,2.822,-35.2%,2.853,+1.1%,2.962,+3.8%,59.79,20.2,-32.0%,+8.3%,+13.2%,+13.9%
FTV,Extended,Industrial / Cyclical,Industrials,Capital Goods,Adj,Dec,EPS,CY2027,4.776,3.065,-35.8%,3.024,-1.3%,3.195,+5.7%,59.79,18.7,-33.1%,+8.3%,+13.2%,+13.9%
FTV,Extended,Industrial / Cyclical,Industrials,Capital Goods,Adj,Dec,EPS,CY2028,5.223,3.393,-35.0%,3.443,+1.5%,3.495,+1.5%,59.79,17.1,-33.1%,+8.3%,+13.2%,+13.9%
EMN,Extended,Industrial / Cyclical,Materials,Materials,Adj,Dec,EPS,CY2025,7.529,5.779,-23.2%,5.392,-6.7%,5.392,+0.0%,73.09,13.6,-28.4%,+14.5%,+5.4%,-5.1%
EMN,Extended,Industrial / Cyclical,Materials,Materials,Adj,Dec,EPS,CY2026,8.378,6.748,-19.5%,6.022,-10.8%,5.884,-2.3%,73.09,12.4,-29.8%,+14.5%,+5.4%,-5.1%
EMN,Extended,Industrial / Cyclical,Materials,Materials,Adj,Dec,EPS,CY2027,9.314,7.746,-16.8%,6.924,-10.6%,6.707,-3.1%,73.09,10.9,-28.0%,+14.5%,+5.4%,-5.1%
EMN,Extended,Industrial / Cyclical,Materials,Materials,Adj,Dec,EPS,CY2028,10.18,8.162,-19.8%,7.593,-7.0%,7.564,-0.4%,73.09,9.7,-25.7%,+14.5%,+5.4%,-5.1%
NDSN,Extended,Industrial / Cyclical,Industrials,Capital Goods,Adj,Oct,EPS,CY2025,9.86,10.175,+3.2%,10.134,-0.4%,10.134,+0.0%,288.45,28.5,+2.8%,+20.0%,+5.1%,+52.2%
NDSN,Extended,Industrial / Cyclical,Industrials,Capital Goods,Adj,Oct,EPS,CY2026,10.696,11.095,+3.7%,11.279,+1.7%,11.448,+1.5%,288.45,25.2,+7.0%,+20.0%,+5.1%,+52.2%
NDSN,Extended,Industrial / Cyclical,Industrials,Capital Goods,Adj,Oct,EPS,CY2027,11.7,12.104,+3.5%,12.173,+0.6%,12.336,+1.3%,288.45,23.4,+5.4%,+20.0%,+5.1%,+52.2%
NDSN,Extended,Industrial / Cyclical,Industrials,Capital Goods,Adj,Oct,EPS,CY2028,,13.56,,13.21,-2.6%,13.333,+0.9%,288.45,21.6,,+20.0%,+5.1%,+52.2%
IEX,Extended,Industrial / Cyclical,Industrials,Capital Goods,Adj,Dec,EPS,CY2025,8.108,7.892,-2.7%,7.894,+0.0%,7.894,+0.0%,217.85,27.6,-2.6%,+22.4%,+9.7%,+25.2%
IEX,Extended,Industrial / Cyclical,Industrials,Capital Goods,Adj,Dec,EPS,CY2026,8.838,8.407,-4.9%,8.306,-1.2%,8.402,+1.2%,217.85,25.9,-4.9%,+22.4%,+9.7%,+25.2%
IEX,Extended,Industrial / Cyclical,Industrials,Capital Goods,Adj,Dec,EPS,CY2027,9.2,8.975,-2.4%,9.093,+1.3%,9.153,+0.7%,217.85,23.8,-0.5%,+22.4%,+9.7%,+25.2%
IEX,Extended,Industrial / Cyclical,Industrials,Capital Goods,Adj,Dec,EPS,CY2028,10.035,9.777,-2.6%,10.05,+2.8%,10.183,+1.3%,217.85,21.4,+1.5%,+22.4%,+9.7%,+25.2%
TDY,Extended,Industrial / Cyclical,Information Technology,Technology Hardware & Equipmen,Adj,Dec,EPS,CY2025,21.391,21.552,+0.8%,21.542,-0.0%,21.542,+0.0%,645.85,30.0,+0.7%,+26.5%,+4.1%,+38.6%
TDY,Extended,Industrial / Cyclical,Information Technology,Technology Hardware & Equipmen,Adj,Dec,EPS,CY2026,23.447,23.668,+0.9%,23.8,+0.6%,24.069,+1.1%,645.85,26.8,+2.7%,+26.5%,+4.1%,+38.6%
TDY,Extended,Industrial / Cyclical,Information Technology,Technology Hardware & Equipmen,Adj,Dec,EPS,CY2027,25.01,25.501,+2.0%,25.725,+0.9%,25.963,+0.9%,645.85,24.9,+3.8%,+26.5%,+4.1%,+38.6%
TDY,Extended,Industrial / Cyclical,Information Technology,Technology Hardware & Equipmen,Adj,Dec,EPS,CY2028,,,,28.178,,28.1,-0.3%,645.85,23.0,,+26.5%,+4.1%,+38.6%
SWK,Extended,Industrial / Cyclical,Industrials,Capital Goods,Adj,Dec,EPS,CY2025,4.518,4.621,+2.3%,4.552,-1.5%,4.552,+0.0%,78.16,17.2,+0.8%,+5.2%,-0.6%,+30.2%
SWK,Extended,Industrial / Cyclical,Industrials,Capital Goods,Adj,Dec,EPS,CY2026,5.792,5.781,-0.2%,5.658,-2.1%,5.338,-5.7%,78.16,14.6,-7.8%,+5.2%,-0.6%,+30.2%
SWK,Extended,Industrial / Cyclical,Industrials,Capital Goods,Adj,Dec,EPS,CY2027,6.852,6.819,-0.5%,6.613,-3.0%,6.268,-5.2%,78.16,12.5,-8.5%,+5.2%,-0.6%,+30.2%
SWK,Extended,Industrial / Cyclical,Industrials,Capital Goods,Adj,Dec,EPS,CY2028,7.093,6.95,-2.0%,7.25,+4.3%,7.01,-3.3%,78.16,11.1,-1.2%,+5.2%,-0.6%,+30.2%
CAT,Extended,Industrial / Cyclical,Industrials,Capital Goods,GAAP,Dec,EPS,CY2025,19.015,18.165,-4.5%,18.295,+0.7%,18.295,+0.0%,890.11,48.7,-3.8%,+55.4%,+35.4%,+187.8%
CAT,Extended,Industrial / Cyclical,Industrials,Capital Goods,GAAP,Dec,EPS,CY2026,21.418,22.231,+3.8%,22.493,+1.2%,23.162,+3.0%,890.11,38.4,+8.1%,+55.4%,+35.4%,+187.8%
CAT,Extended,Industrial / Cyclical,Industrials,Capital Goods,GAAP,Dec,EPS,CY2027,23.836,26.716,+12.1%,27.623,+3.4%,28.234,+2.2%,890.11,31.5,+18.5%,+55.4%,+35.4%,+187.8%
CAT,Extended,Industrial / Cyclical,Industrials,Capital Goods,GAAP,Dec,EPS,CY2028,27.114,32.264,+19.0%,32.163,-0.3%,33.835,+5.2%,890.11,26.3,+24.8%,+55.4%,+35.4%,+187.8%
MMM,Extended,Industrial / Cyclical,Industrials,Capital Goods,Adj,Dec,EPS,CY2025,7.645,8.038,+5.1%,8.032,-0.1%,8.032,+0.0%,146.52,18.2,+5.1%,-8.5%,-4.3%,+5.5%
MMM,Extended,Industrial / Cyclical,Industrials,Capital Goods,Adj,Dec,EPS,CY2026,8.323,8.646,+3.9%,8.673,+0.3%,8.709,+0.4%,146.52,16.8,+4.6%,-8.5%,-4.3%,+5.5%
MMM,Extended,Industrial / Cyclical,Industrials,Capital Goods,Adj,Dec,EPS,CY2027,9.08,9.38,+3.3%,9.411,+0.3%,9.475,+0.7%,146.52,15.5,+4.4%,-8.5%,-4.3%,+5.5%
MMM,Extended,Industrial / Cyclical,Industrials,Capital Goods,Adj,Dec,EPS,CY2028,9.663,10.13,+4.8%,10.054,-0.8%,10.132,+0.8%,146.52,14.5,+4.9%,-8.5%,-4.3%,+5.5%
PPG,Extended,Industrial / Cyclical,Materials,Materials,Adj,Dec,EPS,CY2025,7.807,7.699,-1.4%,7.645,-0.7%,7.645,+0.0%,108.5,14.2,-2.1%,+5.9%,-6.2%,-0.3%
PPG,Extended,Industrial / Cyclical,Materials,Materials,Adj,Dec,EPS,CY2026,8.536,8.241,-3.5%,7.992,-3.0%,7.901,-1.1%,108.5,13.7,-7.4%,+5.9%,-6.2%,-0.3%
PPG,Extended,Industrial / Cyclical,Materials,Materials,Adj,Dec,EPS,CY2027,9.336,8.967,-4.0%,8.731,-2.6%,8.64,-1.0%,108.5,12.6,-7.5%,+5.9%,-6.2%,-0.3%
PPG,Extended,Industrial / Cyclical,Materials,Materials,Adj,Dec,EPS,CY2028,9.778,9.677,-1.0%,9.536,-1.5%,9.453,-0.9%,108.5,11.5,-3.3%,+5.9%,-6.2%,-0.3%
AXTA,Extended,Industrial / Cyclical,Materials,Materials,Adj,Dec,EPS,CY2025,2.495,2.498,+0.1%,2.491,-0.3%,2.491,+0.0%,28.44,11.4,-0.2%,-12.0%,-15.3%,-12.5%
AXTA,Extended,Industrial / Cyclical,Materials,Materials,Adj,Dec,EPS,CY2026,2.776,2.751,-0.9%,2.667,-3.1%,2.549,-4.4%,28.44,11.2,-8.2%,-12.0%,-15.3%,-12.5%
AXTA,Extended,Industrial / Cyclical,Materials,Materials,Adj,Dec,EPS,CY2027,3.069,3.034,-1.1%,2.878,-5.1%,2.799,-2.7%,28.44,10.2,-8.8%,-12.0%,-15.3%,-12.5%
AXTA,Extended,Industrial / Cyclical,Materials,Materials,Adj,Dec,EPS,CY2028,3.123,3.234,+3.6%,3.144,-2.8%,3.024,-3.8%,28.44,9.4,-3.2%,-12.0%,-15.3%,-12.5%
SHW,Extended,Industrial / Cyclical,Materials,Materials,Adj,Dec,EPS,CY2025,11.893,11.368,-4.4%,11.376,+0.1%,11.376,+0.0%,321.61,28.3,-4.3%,-0.7%,-9.3%,-8.9%
SHW,Extended,Industrial / Cyclical,Materials,Materials,Adj,Dec,EPS,CY2026,13.332,12.609,-5.4%,12.137,-3.7%,11.773,-3.0%,321.61,27.3,-11.7%,-0.7%,-9.3%,-8.9%
SHW,Extended,Industrial / Cyclical,Materials,Materials,Adj,Dec,EPS,CY2027,14.979,14.156,-5.5%,13.633,-3.7%,13.269,-2.7%,321.61,24.2,-11.4%,-0.7%,-9.3%,-8.9%
SHW,Extended,Industrial / Cyclical,Materials,Materials,Adj,Dec,EPS,CY2028,16.128,15.567,-3.5%,15.364,-1.3%,14.982,-2.5%,321.61,21.5,-7.1%,-0.7%,-9.3%,-8.9%
AVY,Extended,Industrial / Cyclical,Materials,Materials,Adj,Dec,EPS,CY2025,9.624,9.53,-1.0%,9.493,-0.4%,9.493,+0.0%,163.93,17.3,-1.4%,-9.9%,-11.6%,-4.2%
AVY,Extended,Industrial / Cyclical,Materials,Materials,Adj,Dec,EPS,CY2026,10.719,10.556,-1.5%,10.328,-2.2%,10.054,-2.7%,163.93,16.3,-6.2%,-9.9%,-11.6%,-4.2%
AVY,Extended,Industrial / Cyclical,Materials,Materials,Adj,Dec,EPS,CY2027,11.962,11.615,-2.9%,11.506,-0.9%,11.11,-3.4%,163.93,14.8,-7.1%,-9.9%,-11.6%,-4.2%
AVY,Extended,Industrial / Cyclical,Materials,Materials,Adj,Dec,EPS,CY2028,12.557,12.62,+0.5%,12.887,+2.1%,12.34,-4.2%,163.93,13.3,-1.7%,-9.9%,-11.6%,-4.2%
SNA,Extended,Industrial / Cyclical,Industrials,Capital Goods,Adj,Dec,EPS,CY2025,18.736,19.221,+2.6%,19.186,-0.2%,19.186,+0.0%,383.4,20.0,+2.4%,+11.3%,+4.7%,+22.2%
SNA,Extended,Industrial / Cyclical,Industrials,Capital Goods,Adj,Dec,EPS,CY2026,20.102,20.433,+1.6%,20.428,-0.0%,19.805,-3.0%,383.4,19.4,-1.5%,+11.3%,+4.7%,+22.2%
SNA,Extended,Industrial / Cyclical,Industrials,Capital Goods,Adj,Dec,EPS,CY2027,21.917,22.11,+0.9%,22.103,-0.0%,21.163,-4.3%,383.4,18.1,-3.4%,+11.3%,+4.7%,+22.2%
SNA,Extended,Industrial / Cyclical,Industrials,Capital Goods,Adj,Dec,EPS,CY2028,22.71,26.36,+16.1%,26.36,+0.0%,24.42,-7.4%,383.4,15.7,+7.5%,+11.3%,+4.7%,+22.2%
ST,Extended,Industrial / Cyclical,Industrials,Capital Goods,Adj,Dec,EPS,CY2025,3.093,3.388,+9.5%,3.403,+0.4%,3.403,+0.0%,41.64,12.2,+10.0%,+25.1%,+20.4%,+94.6%
ST,Extended,Industrial / Cyclical,Industrials,Capital Goods,Adj,Dec,EPS,CY2026,3.383,3.631,+7.3%,3.645,+0.4%,3.687,+1.2%,41.64,11.3,+9.0%,+25.1%,+20.4%,+94.6%
ST,Extended,Industrial / Cyclical,Industrials,Capital Goods,Adj,Dec,EPS,CY2027,3.655,3.98,+8.9%,3.958,-0.6%,4.003,+1.1%,41.64,10.4,+9.5%,+25.1%,+20.4%,+94.6%
ST,Extended,Industrial / Cyclical,Industrials,Capital Goods,Adj,Dec,EPS,CY2028,4.07,4.243,+4.3%,4.243,+0.0%,4.358,+2.7%,41.64,9.6,+7.1%,+25.1%,+20.4%,+94.6%
ZBRA,Extended,Industrial / Cyclical,Information Technology,Technology Hardware & Equipmen,Adj,Dec,EPS,CY2025,14.654,15.79,+7.8%,15.841,+0.3%,15.841,+0.0%,226.26,14.3,+8.1%,-6.8%,-3.7%,-9.6%
ZBRA,Extended,Industrial / Cyclical,Information Technology,Technology Hardware & Equipmen,Adj,Dec,EPS,CY2026,16.548,17.639,+6.6%,17.691,+0.3%,17.836,+0.8%,226.26,12.7,+7.8%,-6.8%,-3.7%,-9.6%
ZBRA,Extended,Industrial / Cyclical,Information Technology,Technology Hardware & Equipmen,Adj,Dec,EPS,CY2027,18.935,19.774,+4.4%,19.732,-0.2%,19.909,+0.9%,226.26,11.4,+5.1%,-6.8%,-3.7%,-9.6%
ZBRA,Extended,Industrial / Cyclical,Information Technology,Technology Hardware & Equipmen,Adj,Dec,EPS,CY2028,21.897,22.902,+4.6%,23.053,+0.7%,22.13,-4.0%,226.26,10.2,+1.1%,-6.8%,-3.7%,-9.6%
LIN,Extended,Industrial / Cyclical,Materials,Materials,GAAP,Dec,EPS,CY2025,15.331,15.505,+1.1%,15.598,+0.6%,15.598,+0.0%,501.14,32.1,+1.7%,+17.5%,+9.7%,+10.6%
LIN,Extended,Industrial / Cyclical,Materials,Materials,GAAP,Dec,EPS,CY2026,16.959,16.793,-1.0%,16.598,-1.2%,16.662,+0.4%,501.14,30.1,-1.8%,+17.5%,+9.7%,+10.6%
LIN,Extended,Industrial / Cyclical,Materials,Materials,GAAP,Dec,EPS,CY2027,18.738,18.793,+0.3%,18.608,-1.0%,18.37,-1.3%,501.14,27.3,-2.0%,+17.5%,+9.7%,+10.6%
LIN,Extended,Industrial / Cyclical,Materials,Materials,GAAP,Dec,EPS,CY2028,20.883,20.878,-0.0%,20.953,+0.4%,20.129,-3.9%,501.14,24.9,-3.6%,+17.5%,+9.7%,+10.6%
APD,Extended,Industrial / Cyclical,Materials,Materials,Adj,Sep,EPS,CY2025,12.54,11.994,-4.4%,11.994,+0.0%,11.994,+0.0%,300.05,25.0,-4.4%,+21.5%,+10.1%,+10.7%
APD,Extended,Industrial / Cyclical,Materials,Materials,Adj,Sep,EPS,CY2026,13.777,12.933,-6.1%,13.008,+0.6%,13.16,+1.2%,300.05,22.8,-4.5%,+21.5%,+10.1%,+10.7%
APD,Extended,Industrial / Cyclical,Materials,Materials,Adj,Sep,EPS,CY2027,15.408,13.983,-9.2%,13.95,-0.2%,14.179,+1.6%,300.05,21.2,-8.0%,+21.5%,+10.1%,+10.7%
APD,Extended,Industrial / Cyclical,Materials,Materials,Adj,Sep,EPS,CY2028,16.853,15.477,-8.2%,15.396,-0.5%,15.462,+0.4%,300.05,19.4,-8.3%,+21.5%,+10.1%,+10.7%
URI,Extended,Industrial / Cyclical,Industrials,Capital Goods,Adj,Dec,EPS,CY2025,43.39,42.862,-1.2%,42.596,-0.6%,42.596,+0.0%,959.84,22.5,-1.8%,+18.6%,+22.7%,+52.0%
URI,Extended,Industrial / Cyclical,Industrials,Capital Goods,Adj,Dec,EPS,CY2026,47.835,47.261,-1.2%,47.027,-0.5%,46.785,-0.5%,959.84,20.5,-2.2%,+18.6%,+22.7%,+52.0%
URI,Extended,Industrial / Cyclical,Industrials,Capital Goods,Adj,Dec,EPS,CY2027,53.623,54.146,+1.0%,53.635,-0.9%,53.694,+0.1%,959.84,17.9,+0.1%,+18.6%,+22.7%,+52.0%
URI,Extended,Industrial / Cyclical,Industrials,Capital Goods,Adj,Dec,EPS,CY2028,60.543,63.965,+5.7%,60.826,-4.9%,60.295,-0.9%,959.84,15.9,-0.4%,+18.6%,+22.7%,+52.0%
WSC,Extended,Industrial / Cyclical,Industrials,Capital Goods,Adj,Dec,EPS,CY2025,1.577,1.185,-24.9%,1.099,-7.3%,1.114,+1.4%,22.64,20.3,-29.4%,+20.2%,+13.0%,-9.9%
WSC,Extended,Industrial / Cyclical,Industrials,Capital Goods,Adj,Dec,EPS,CY2026,1.924,1.456,-24.3%,1.039,-28.6%,1.032,-0.7%,22.64,21.9,-46.4%,+20.2%,+13.0%,-9.9%
WSC,Extended,Industrial / Cyclical,Industrials,Capital Goods,Adj,Dec,EPS,CY2027,2.36,1.865,-21.0%,1.412,-24.3%,1.274,-9.8%,22.64,17.8,-46.0%,+20.2%,+13.0%,-9.9%
WSC,Extended,Industrial / Cyclical,Industrials,Capital Goods,Adj,Dec,EPS,CY2028,2.838,2.253,-20.6%,1.964,-12.8%,1.625,-17.3%,22.64,13.9,-42.7%,+20.2%,+13.0%,-9.9%
FLR,Extended,Industrial / Cyclical,Industrials,Capital Goods,Adj,Dec,EPS,CY2025,2.504,2.06,-17.7%,2.192,+6.4%,2.192,+0.0%,53.35,24.3,-12.5%,+34.6%,+15.5%,+52.9%
FLR,Extended,Industrial / Cyclical,Industrials,Capital Goods,Adj,Dec,EPS,CY2026,2.823,2.357,-16.5%,2.335,-0.9%,2.76,+18.2%,53.35,19.3,-2.2%,+34.6%,+15.5%,+52.9%
FLR,Extended,Industrial / Cyclical,Industrials,Capital Goods,Adj,Dec,EPS,CY2027,3.252,2.706,-16.8%,2.79,+3.1%,3.25,+16.5%,53.35,16.4,-0.1%,+34.6%,+15.5%,+52.9%
FLR,Extended,Industrial / Cyclical,Industrials,Capital Goods,Adj,Dec,EPS,CY2028,3.735,3.25,-13.0%,3.358,+3.3%,3.783,+12.7%,53.35,14.1,+1.3%,+34.6%,+15.5%,+52.9%
J,Extended,Industrial / Cyclical,Industrials,Commercial & Professional Serv,Adj,Sep,EPS,CY2025,5.998,6.038,+0.7%,6.038,+0.0%,6.038,+0.0%,129.41,21.4,+0.7%,-2.3%,-4.3%,+5.6%
J,Extended,Industrial / Cyclical,Industrials,Commercial & Professional Serv,Adj,Sep,EPS,CY2026,6.871,6.98,+1.6%,7.063,+1.2%,7.111,+0.7%,129.41,18.2,+3.5%,-2.3%,-4.3%,+5.6%
J,Extended,Industrial / Cyclical,Industrials,Commercial & Professional Serv,Adj,Sep,EPS,CY2027,7.754,7.885,+1.7%,8.029,+1.8%,8.026,-0.0%,129.41,16.1,+3.5%,-2.3%,-4.3%,+5.6%
J,Extended,Industrial / Cyclical,Industrials,Commercial & Professional Serv,Adj,Sep,EPS,CY2028,9.088,9.093,+0.1%,8.984,-1.2%,8.963,-0.2%,129.41,14.4,-1.4%,-2.3%,-4.3%,+5.6%
ACM,Extended,Industrial / Cyclical,Industrials,Capital Goods,Adj,Sep,EPS,CY2025,5.109,5.239,+2.5%,5.239,+0.0%,5.239,+0.0%,84.1,16.1,+2.5%,-11.8%,-12.8%,-14.7%
ACM,Extended,Industrial / Cyclical,Industrials,Capital Goods,Adj,Sep,EPS,CY2026,5.637,5.724,+1.5%,5.419,-5.3%,5.954,+9.9%,84.1,14.1,+5.6%,-11.8%,-12.8%,-14.7%
ACM,Extended,Industrial / Cyclical,Industrials,Capital Goods,Adj,Sep,EPS,CY2027,6.36,6.371,+0.2%,6.232,-2.2%,6.626,+6.3%,84.1,12.7,+4.2%,-11.8%,-12.8%,-14.7%
ACM,Extended,Industrial / Cyclical,Industrials,Capital Goods,Adj,Sep,EPS,CY2028,,7.74,,7.151,-7.6%,7.623,+6.6%,84.1,11.0,,-11.8%,-12.8%,-14.7%
DE,Extended,Industrial / Cyclical,Industrials,Capital Goods,Adj,Oct,EPS,CY2025,18.819,18.413,-2.2%,18.412,-0.0%,18.412,+0.0%,589.87,32.0,-2.2%,+26.7%,+11.7%,+27.2%
DE,Extended,Industrial / Cyclical,Industrials,Capital Goods,Adj,Oct,EPS,CY2026,21.985,20.273,-7.8%,16.537,-18.4%,17.875,+8.1%,589.87,33.0,-18.7%,+26.7%,+11.7%,+27.2%
DE,Extended,Industrial / Cyclical,Industrials,Capital Goods,Adj,Oct,EPS,CY2027,26.045,25.537,-2.0%,21.946,-14.1%,22.973,+4.7%,589.87,25.7,-11.8%,+26.7%,+11.7%,+27.2%
DE,Extended,Industrial / Cyclical,Industrials,Capital Goods,Adj,Oct,EPS,CY2028,35.475,32.259,-9.1%,27.114,-15.9%,28.922,+6.7%,589.87,20.4,-18.5%,+26.7%,+11.7%,+27.2%
DOW,Extended,Industrial / Cyclical,Materials,Materials,Adj,Dec,EPS,CY2025,0.587,-0.955,-262.7%,-1.022,-7.0%,-1.022,+0.0%,40.49,-39.6,-274.1%,+73.2%,+47.0%,+32.4%
DOW,Extended,Industrial / Cyclical,Materials,Materials,Adj,Dec,EPS,CY2026,1.507,-0.13,-108.6%,-0.303,-133.1%,3.097,+1122.1%,40.49,13.1,+105.5%,+73.2%,+47.0%,+32.4%
DOW,Extended,Industrial / Cyclical,Materials,Materials,Adj,Dec,EPS,CY2027,2.18,0.614,-71.8%,0.605,-1.5%,2.476,+309.3%,40.49,16.4,+13.6%,+73.2%,+47.0%,+32.4%
DOW,Extended,Industrial / Cyclical,Materials,Materials,Adj,Dec,EPS,CY2028,3.215,2.023,-37.1%,1.467,-27.5%,2.409,+64.2%,40.49,16.8,-25.1%,+73.2%,+47.0%,+32.4%
FMC,Extended,Industrial / Cyclical,Materials,Materials,Adj,Dec,EPS,CY2025,3.429,3.069,-10.5%,2.938,-4.3%,2.938,+0.0%,15.38,5.2,-14.3%,+10.9%,-2.7%,-63.3%
FMC,Extended,Industrial / Cyclical,Materials,Materials,Adj,Dec,EPS,CY2026,4.002,2.905,-27.4%,2.366,-18.6%,1.734,-26.7%,15.38,8.9,-56.7%,+10.9%,-2.7%,-63.3%
FMC,Extended,Industrial / Cyclical,Materials,Materials,Adj,Dec,EPS,CY2027,4.571,3.272,-28.4%,2.829,-13.5%,2.276,-19.5%,15.38,6.8,-50.2%,+10.9%,-2.7%,-63.3%
FMC,Extended,Industrial / Cyclical,Materials,Materials,Adj,Dec,EPS,CY2028,5.264,3.77,-28.4%,3.232,-14.3%,2.583,-20.1%,15.38,6.0,-50.9%,+10.9%,-2.7%,-63.3%
MWA,Extended,Industrial / Cyclical,Industrials,Capital Goods,Adj,Sep,EPS,CY2025,1.217,1.255,+3.1%,1.255,+0.0%,1.255,+0.0%,27.89,22.2,+3.1%,+17.1%,+3.0%,+6.3%
MWA,Extended,Industrial / Cyclical,Industrials,Capital Goods,Adj,Sep,EPS,CY2026,1.335,1.373,+2.8%,1.388,+1.1%,1.446,+4.2%,27.89,19.3,+8.3%,+17.1%,+3.0%,+6.3%
MWA,Extended,Industrial / Cyclical,Industrials,Capital Goods,Adj,Sep,EPS,CY2027,1.398,1.39,-0.6%,1.504,+8.2%,1.55,+3.1%,27.89,18.0,+10.9%,+17.1%,+3.0%,+6.3%
MWA,Extended,Industrial / Cyclical,Industrials,Capital Goods,Adj,Sep,EPS,CY2028,,1.61,,1.573,-2.3%,1.643,+4.5%,27.89,17.0,,+17.1%,+3.0%,+6.3%
BNR,Extended,Industrial / Cyclical,Industrials,Capital Goods,Adj,Dec,EPS,CY2025,4.771,3.399,-28.8%,2.991,-12.0%,2.773,-7.3%,62.18,22.4,-41.9%,+25.5%,+21.4%,+6.3%
BNR,Extended,Industrial / Cyclical,Industrials,Capital Goods,Adj,Dec,EPS,CY2026,5.275,4.034,-23.5%,3.523,-12.7%,3.531,+0.2%,62.18,17.6,-33.1%,+25.5%,+21.4%,+6.3%
BNR,Extended,Industrial / Cyclical,Industrials,Capital Goods,Adj,Dec,EPS,CY2027,5.791,4.599,-20.6%,4.058,-11.8%,4.001,-1.4%,62.18,15.5,-30.9%,+25.5%,+21.4%,+6.3%
BNR,Extended,Industrial / Cyclical,Industrials,Capital Goods,Adj,Dec,EPS,CY2028,6.428,5.214,-18.9%,4.494,-13.8%,4.446,-1.1%,62.18,14.0,-30.8%,+25.5%,+21.4%,+6.3%
MIDD,Extended,Industrial / Cyclical,Industrials,Capital Goods,Adj,Dec,EPS,CY2025,9.776,8.908,-8.9%,9.051,+1.6%,9.05,-0.0%,140.36,15.5,-7.4%,-5.6%,-4.6%,+5.3%
MIDD,Extended,Industrial / Cyclical,Industrials,Capital Goods,Adj,Dec,EPS,CY2026,10.585,9.557,-9.7%,9.44,-1.2%,9.292,-1.6%,140.36,15.1,-12.2%,-5.6%,-4.6%,+5.3%
MIDD,Extended,Industrial / Cyclical,Industrials,Capital Goods,Adj,Dec,EPS,CY2027,11.968,10.492,-12.3%,8.616,-17.9%,10.446,+21.2%,140.36,13.4,-12.7%,-5.6%,-4.6%,+5.3%
MIDD,Extended,Industrial / Cyclical,Industrials,Capital Goods,Adj,Dec,EPS,CY2028,,11.64,,7.56,-35.1%,11.857,+56.8%,140.36,11.8,,-5.6%,-4.6%,+5.3%
LECO,Extended,Industrial / Cyclical,Industrials,Capital Goods,Adj,Dec,EPS,CY2025,9.136,9.725,+6.4%,9.72,-0.1%,9.722,+0.0%,265.0,27.3,+6.4%,+10.6%,-0.1%,+50.4%
LECO,Extended,Industrial / Cyclical,Industrials,Capital Goods,Adj,Dec,EPS,CY2026,9.994,10.712,+7.2%,10.81,+0.9%,10.815,+0.0%,265.0,24.5,+8.2%,+10.6%,-0.1%,+50.4%
LECO,Extended,Industrial / Cyclical,Industrials,Capital Goods,Adj,Dec,EPS,CY2027,10.471,11.517,+10.0%,11.727,+1.8%,11.829,+0.9%,265.0,22.4,+13.0%,+10.6%,-0.1%,+50.4%
LECO,Extended,Industrial / Cyclical,Industrials,Capital Goods,Adj,Dec,EPS,CY2028,12.11,12.765,+5.4%,12.44,-2.5%,12.537,+0.8%,265.0,21.1,+3.5%,+10.6%,-0.1%,+50.4%
GWW,Extended,Distributors,Industrials,Capital Goods,Adj,Dec,EPS,CY2025,40.531,39.534,-2.5%,39.507,-0.1%,39.507,+0.0%,1161.35,29.4,-2.5%,+15.1%,+7.5%,+13.4%
GWW,Extended,Distributors,Industrials,Capital Goods,Adj,Dec,EPS,CY2026,44.891,43.755,-2.5%,43.806,+0.1%,43.634,-0.4%,1161.35,26.6,-2.8%,+15.1%,+7.5%,+13.4%
GWW,Extended,Distributors,Industrials,Capital Goods,Adj,Dec,EPS,CY2027,49.757,48.204,-3.1%,48.534,+0.7%,48.565,+0.1%,1161.35,23.9,-2.4%,+15.1%,+7.5%,+13.4%
GWW,Extended,Distributors,Industrials,Capital Goods,Adj,Dec,EPS,CY2028,55.655,53.727,-3.5%,53.045,-1.3%,53.199,+0.3%,1161.35,21.8,-4.4%,+15.1%,+7.5%,+13.4%
FAST,Extended,Distributors,Industrials,Capital Goods,Adj,Dec,EPS,CY2025,1.091,1.098,+0.6%,1.098,+0.0%,1.098,+0.0%,44.93,40.9,+0.6%,+12.0%,+3.6%,+11.0%
FAST,Extended,Distributors,Industrials,Capital Goods,Adj,Dec,EPS,CY2026,1.199,1.214,+1.3%,1.22,+0.5%,1.235,+1.2%,44.93,36.4,+3.0%,+12.0%,+3.6%,+11.0%
FAST,Extended,Distributors,Industrials,Capital Goods,Adj,Dec,EPS,CY2027,1.312,1.323,+0.8%,1.337,+1.1%,1.366,+2.2%,44.93,32.9,+4.1%,+12.0%,+3.6%,+11.0%
FAST,Extended,Distributors,Industrials,Capital Goods,Adj,Dec,EPS,CY2028,1.485,1.46,-1.7%,1.437,-1.6%,1.483,+3.2%,44.93,30.3,-0.1%,+12.0%,+3.6%,+11.0%
WSO,Extended,Distributors,Industrials,Capital Goods,Adj,Dec,EPS,CY2025,14.303,12.644,-11.6%,12.316,-2.6%,12.338,+0.2%,437.84,35.5,-13.7%,+29.9%,+13.3%,-4.8%
WSO,Extended,Distributors,Industrials,Capital Goods,Adj,Dec,EPS,CY2026,15.611,13.729,-12.1%,13.013,-5.2%,12.646,-2.8%,437.84,34.6,-19.0%,+29.9%,+13.3%,-4.8%
WSO,Extended,Distributors,Industrials,Capital Goods,Adj,Dec,EPS,CY2027,17.343,15.289,-11.8%,14.114,-7.7%,13.883,-1.6%,437.84,31.5,-20.0%,+29.9%,+13.3%,-4.8%
WSO,Extended,Distributors,Industrials,Capital Goods,Adj,Dec,EPS,CY2028,19.207,17.718,-7.8%,16.238,-8.4%,15.847,-2.4%,437.84,27.6,-17.5%,+29.9%,+13.3%,-4.8%
WCC,Extended,Distributors,Industrials,Capital Goods,Adj,Dec,EPS,CY2025,13.496,13.411,-0.6%,13.435,+0.2%,13.435,+0.0%,349.12,26.0,-0.5%,+42.7%,+20.6%,+114.2%
WCC,Extended,Distributors,Industrials,Capital Goods,Adj,Dec,EPS,CY2026,16.0,16.407,+2.5%,16.388,-0.1%,15.642,-4.6%,349.12,22.3,-2.2%,+42.7%,+20.6%,+114.2%
WCC,Extended,Distributors,Industrials,Capital Goods,Adj,Dec,EPS,CY2027,18.633,19.259,+3.4%,19.186,-0.4%,18.262,-4.8%,349.12,19.1,-2.0%,+42.7%,+20.6%,+114.2%
WCC,Extended,Distributors,Industrials,Capital Goods,Adj,Dec,EPS,CY2028,20.95,22.05,+5.3%,22.09,+0.2%,21.183,-4.1%,349.12,16.5,+1.1%,+42.7%,+20.6%,+114.2%
MSM,Extended,Distributors,Industrials,Capital Goods,Adj,Aug,EPS,CY2025,3.526,3.678,+4.3%,3.678,+0.0%,3.678,+0.0%,102.27,27.8,+4.3%,+21.6%,+21.3%,+33.7%
MSM,Extended,Distributors,Industrials,Capital Goods,Adj,Aug,EPS,CY2026,3.921,4.285,+9.3%,4.311,+0.6%,4.359,+1.1%,102.27,23.5,+11.2%,+21.6%,+21.3%,+33.7%
MSM,Extended,Distributors,Industrials,Capital Goods,Adj,Aug,EPS,CY2027,4.66,4.842,+3.9%,4.887,+0.9%,4.94,+1.1%,102.27,20.7,+6.0%,+21.6%,+21.3%,+33.7%
MSM,Extended,Distributors,Industrials,Capital Goods,Adj,Aug,EPS,CY2028,6.117,5.497,-10.1%,5.533,+0.7%,5.637,+1.9%,102.27,18.1,-7.8%,+21.6%,+21.3%,+33.7%
SITE,Extended,Distributors,Industrials,Capital Goods,Adj,Dec,EPS,CY2025,3.585,3.599,+0.4%,3.613,+0.4%,3.611,-0.1%,126.05,34.9,+0.7%,+1.2%,-12.2%,+9.8%
SITE,Extended,Distributors,Industrials,Capital Goods,Adj,Dec,EPS,CY2026,4.407,4.427,+0.5%,4.417,-0.2%,4.275,-3.2%,126.05,29.5,-3.0%,+1.2%,-12.2%,+9.8%
SITE,Extended,Distributors,Industrials,Capital Goods,Adj,Dec,EPS,CY2027,5.453,5.157,-5.4%,5.174,+0.3%,5.19,+0.3%,126.05,24.3,-4.8%,+1.2%,-12.2%,+9.8%
SITE,Extended,Distributors,Industrials,Capital Goods,Adj,Dec,EPS,CY2028,5.82,6.215,+6.8%,6.215,+0.0%,6.128,-1.4%,126.05,20.6,+5.3%,+1.2%,-12.2%,+9.8%
GPC,Extended,Distributors,Consumer Discretionary,Consumer Discretionary Distrib,Adj,Dec,EPS,CY2025,7.794,7.638,-2.0%,7.625,-0.2%,7.633,+0.1%,107.23,14.0,-2.1%,-12.8%,-22.9%,-8.8%
GPC,Extended,Distributors,Consumer Discretionary,Consumer Discretionary Distrib,Adj,Dec,EPS,CY2026,8.594,8.417,-2.1%,8.423,+0.1%,7.811,-7.3%,107.23,13.7,-9.1%,-12.8%,-22.9%,-8.8%
GPC,Extended,Distributors,Consumer Discretionary,Consumer Discretionary Distrib,Adj,Dec,EPS,CY2027,9.325,9.141,-2.0%,9.18,+0.4%,8.43,-8.2%,107.23,12.7,-9.6%,-12.8%,-22.9%,-8.8%
GPC,Extended,Distributors,Consumer Discretionary,Consumer Discretionary Distrib,Adj,Dec,EPS,CY2028,9.773,9.897,+1.3%,9.953,+0.6%,9.34,-6.2%,107.23,11.5,-4.4%,-12.8%,-22.9%,-8.8%
DNOW,Extended,Distributors,Industrials,Capital Goods,Adj,Dec,EPS,CY2025,0.907,0.923,+1.8%,0.855,-7.4%,0.855,+0.0%,13.49,15.8,-5.7%,+1.8%,-11.2%,-15.0%
DNOW,Extended,Distributors,Industrials,Capital Goods,Adj,Dec,EPS,CY2026,1.007,0.945,-6.2%,1.058,+12.0%,0.633,-40.2%,13.49,21.3,-37.1%,+1.8%,-11.2%,-15.0%
DNOW,Extended,Distributors,Industrials,Capital Goods,Adj,Dec,EPS,CY2027,1.12,1.047,-6.5%,1.28,+22.3%,1.005,-21.5%,13.49,13.4,-10.3%,+1.8%,-11.2%,-15.0%
DNOW,Extended,Distributors,Industrials,Capital Goods,Adj,Dec,EPS,CY2028,1.21,1.14,-5.8%,1.51,+32.5%,1.2,-20.5%,13.49,11.2,-0.8%,+1.8%,-11.2%,-15.0%
TCEHY,Extended,China equities,Communication Services,Media & Entertainment,GAAP,Dec,EPS,CY2025,22.526,23.521,+4.4%,24.236,+3.0%,24.188,-0.2%,61.02,2.5,+7.4%,-20.3%,-20.1%,-0.1%
TCEHY,Extended,China equities,Communication Services,Media & Entertainment,GAAP,Dec,EPS,CY2026,25.619,27.138,+5.9%,27.751,+2.3%,26.749,-3.6%,61.02,2.3,+4.4%,-20.3%,-20.1%,-0.1%
TCEHY,Extended,China equities,Communication Services,Media & Entertainment,GAAP,Dec,EPS,CY2027,28.798,30.941,+7.4%,31.461,+1.7%,30.544,-2.9%,61.02,2.0,+6.1%,-20.3%,-20.1%,-0.1%
TCEHY,Extended,China equities,Communication Services,Media & Entertainment,GAAP,Dec,EPS,CY2028,31.454,34.522,+9.8%,33.714,-2.3%,34.239,+1.6%,61.02,1.8,+8.9%,-20.3%,-20.1%,-0.1%
BIDU,Extended,China equities,Communication Services,Media & Entertainment,Adj,Dec,EPS,CY2025,73.475,52.392,-28.7%,53.251,+1.6%,51.981,-2.4%,126.53,2.4,-29.3%,-3.2%,-17.4%,+44.1%
BIDU,Extended,China equities,Communication Services,Media & Entertainment,Adj,Dec,EPS,CY2026,75.881,58.507,-22.9%,57.949,-1.0%,54.158,-6.5%,126.53,2.3,-28.6%,-3.2%,-17.4%,+44.1%
BIDU,Extended,China equities,Communication Services,Media & Entertainment,Adj,Dec,EPS,CY2027,85.416,69.964,-18.1%,68.26,-2.4%,63.013,-7.7%,126.53,2.0,-26.2%,-3.2%,-17.4%,+44.1%
BIDU,Extended,China equities,Communication Services,Media & Entertainment,Adj,Dec,EPS,CY2028,91.142,91.688,+0.6%,83.423,-9.0%,76.679,-8.1%,126.53,1.7,-15.9%,-3.2%,-17.4%,+44.1%
JD,Extended,China equities,Consumer Discretionary,Consumer Discretionary Distrib,Adj,Dec,EPS,CY2025,32.942,18.686,-43.3%,17.825,-4.6%,17.531,-1.6%,30.32,1.7,-46.8%,+5.6%,+6.5%,-7.1%
JD,Extended,China equities,Consumer Discretionary,Consumer Discretionary Distrib,Adj,Dec,EPS,CY2026,35.868,25.393,-29.2%,20.964,-17.4%,20.809,-0.7%,30.32,1.5,-42.0%,+5.6%,+6.5%,-7.1%
JD,Extended,China equities,Consumer Discretionary,Consumer Discretionary Distrib,Adj,Dec,EPS,CY2027,38.363,33.249,-13.3%,29.645,-10.8%,27.63,-6.8%,30.32,1.1,-28.0%,+5.6%,+6.5%,-7.1%
JD,Extended,China equities,Consumer Discretionary,Consumer Discretionary Distrib,Adj,Dec,EPS,CY2028,38.946,38.554,-1.0%,36.6,-5.1%,33.009,-9.8%,30.32,0.9,-15.2%,+5.6%,+6.5%,-7.1%
700,Extended,China equities,Communication Services,Media & Entertainment,GAAP,Dec,EPS,CY2025,22.526,23.521,+4.4%,24.236,+3.0%,24.188,-0.2%,467.8,19.3,+7.4%,-21.9%,-22.8%,-2.0%
700,Extended,China equities,Communication Services,Media & Entertainment,GAAP,Dec,EPS,CY2026,25.619,27.138,+5.9%,27.751,+2.3%,26.749,-3.6%,467.8,17.5,+4.4%,-21.9%,-22.8%,-2.0%
700,Extended,China equities,Communication Services,Media & Entertainment,GAAP,Dec,EPS,CY2027,28.798,30.941,+7.4%,31.461,+1.7%,30.544,-2.9%,467.8,15.3,+6.1%,-21.9%,-22.8%,-2.0%
700,Extended,China equities,Communication Services,Media & Entertainment,GAAP,Dec,EPS,CY2028,31.454,34.522,+9.8%,33.714,-2.3%,34.239,+1.6%,467.8,13.7,+8.9%,-21.9%,-22.8%,-2.0%
TCOM,Extended,China equities,Consumer Discretionary,Consumer Services,Adj,Dec,EPS,CY2025,25.985,26.695,+2.7%,45.317,+69.8%,45.003,-0.7%,54.21,1.2,+73.2%,-24.6%,-11.7%,-8.1%
TCOM,Extended,China equities,Consumer Discretionary,Consumer Services,Adj,Dec,EPS,CY2026,29.625,29.665,+0.1%,29.323,-1.2%,27.504,-6.2%,54.21,2.0,-7.2%,-24.6%,-11.7%,-8.1%
TCOM,Extended,China equities,Consumer Discretionary,Consumer Services,Adj,Dec,EPS,CY2027,33.784,34.31,+1.6%,33.121,-3.5%,31.349,-5.4%,54.21,1.7,-7.2%,-24.6%,-11.7%,-8.1%
TCOM,Extended,China equities,Consumer Discretionary,Consumer Services,Adj,Dec,EPS,CY2028,37.318,36.704,-1.6%,37.057,+1.0%,35.433,-4.4%,54.21,1.5,-5.1%,-24.6%,-11.7%,-8.1%
3988,Extended,China equities,Financials,Banks,GAAP,Dec,EPS,CY2025,0.767,0.727,-5.2%,0.726,-0.1%,0.727,+0.1%,5.06,7.0,-5.2%,+13.5%,+8.4%,+16.6%
3988,Extended,China equities,Financials,Banks,GAAP,Dec,EPS,CY2026,0.787,0.736,-6.5%,0.736,+0.0%,0.746,+1.4%,5.06,6.8,-5.2%,+13.5%,+8.4%,+16.6%
3988,Extended,China equities,Financials,Banks,GAAP,Dec,EPS,CY2027,0.826,0.767,-7.1%,0.761,-0.8%,0.778,+2.2%,5.06,6.5,-5.8%,+13.5%,+8.4%,+16.6%
3988,Extended,China equities,Financials,Banks,GAAP,Dec,EPS,CY2028,0.82,0.79,-3.7%,0.805,+1.9%,0.82,+1.9%,5.06,6.2,+0.0%,+13.5%,+8.4%,+16.6%
3690,Extended,China equities,Consumer Discretionary,Consumer Services,GAAP,Dec,EPS,CY2025,6.83,-2.14,-131.3%,-3.799,-77.5%,-3.845,-1.2%,83.25,-21.7,-156.3%,-19.4%,-14.4%,-36.1%
3690,Extended,China equities,Consumer Discretionary,Consumer Services,GAAP,Dec,EPS,CY2026,8.712,2.582,-70.4%,-0.618,-123.9%,-2.137,-245.8%,83.25,-39.0,-124.5%,-19.4%,-14.4%,-36.1%
3690,Extended,China equities,Consumer Discretionary,Consumer Services,GAAP,Dec,EPS,CY2027,10.708,6.373,-40.5%,4.539,-28.8%,2.836,-37.5%,83.25,29.4,-73.5%,-19.4%,-14.4%,-36.1%
3690,Extended,China equities,Consumer Discretionary,Consumer Services,GAAP,Dec,EPS,CY2028,12.16,8.611,-29.2%,7.662,-11.0%,5.507,-28.1%,83.25,15.1,-54.7%,-19.4%,-14.4%,-36.1%
1398,Extended,China equities,Financials,Banks,GAAP,Dec,EPS,CY2025,0.994,0.992,-0.2%,0.998,+0.6%,1.007,+0.9%,7.03,7.0,+1.3%,+11.8%,+8.3%,+32.1%
1398,Extended,China equities,Financials,Banks,GAAP,Dec,EPS,CY2026,1.011,1.007,-0.4%,1.004,-0.3%,1.035,+3.1%,7.03,6.8,+2.4%,+11.8%,+8.3%,+32.1%
1398,Extended,China equities,Financials,Banks,GAAP,Dec,EPS,CY2027,1.048,1.033,-1.4%,1.025,-0.8%,1.082,+5.6%,7.03,6.5,+3.2%,+11.8%,+8.3%,+32.1%
1398,Extended,China equities,Financials,Banks,GAAP,Dec,EPS,CY2028,,,,,,1.13,,7.03,6.2,,+11.8%,+8.3%,+32.1%
VIPS,Extended,China equities,Consumer Discretionary,Consumer Discretionary Distrib,Adj,Dec,EPS,CY2025,17.326,16.76,-3.3%,16.595,-1.0%,16.633,+0.2%,14.39,0.9,-4.0%,-18.7%,-15.9%,+5.7%
VIPS,Extended,China equities,Consumer Discretionary,Consumer Discretionary Distrib,Adj,Dec,EPS,CY2026,18.142,17.798,-1.9%,17.621,-1.0%,17.582,-0.2%,14.39,0.8,-3.1%,-18.7%,-15.9%,+5.7%
VIPS,Extended,China equities,Consumer Discretionary,Consumer Discretionary Distrib,Adj,Dec,EPS,CY2027,18.879,18.527,-1.9%,18.714,+1.0%,18.497,-1.2%,14.39,0.8,-2.0%,-18.7%,-15.9%,+5.7%
VIPS,Extended,China equities,Consumer Discretionary,Consumer Discretionary Distrib,Adj,Dec,EPS,CY2028,,21.38,,20.977,-1.9%,19.209,-8.4%,14.39,0.7,,-18.7%,-15.9%,+5.7%
2199,Extended,China equities,Consumer Discretionary,Consumer Durables & Apparel,Adj,Mar,EPS,CY2025,,0.18,,0.27,+50.0%,0.36,+33.3%,1.82,5.1,,-25.9%,-19.6%,+9.8%
2199,Extended,China equities,Consumer Discretionary,Consumer Durables & Apparel,Adj,Mar,EPS,CY2026,,0.345,,0.385,+11.6%,0.47,+22.1%,1.82,3.9,,-25.9%,-19.6%,+9.8%
2199,Extended,China equities,Consumer Discretionary,Consumer Durables & Apparel,Adj,Mar,EPS,CY2027,,,,0.5,,0.5,+0.0%,1.82,3.6,,-25.9%,-19.6%,+9.8%
2199,Extended,China equities,Consumer Discretionary,Consumer Durables & Apparel,Adj,Mar,EPS,CY2028,,,,,,,,1.82,,,-25.9%,-19.6%,+9.8%
600104,Extended,China equities,Consumer Discretionary,Automobiles & Components,Adj,Dec,EPS,CY2025,0.917,1.056,+15.2%,0.977,-7.5%,0.956,-2.1%,13.78,14.4,+4.3%,-9.5%,-2.5%,-15.1%
600104,Extended,China equities,Consumer Discretionary,Automobiles & Components,Adj,Dec,EPS,CY2026,1.11,1.244,+12.1%,1.175,-5.5%,1.087,-7.5%,13.78,12.7,-2.1%,-9.5%,-2.5%,-15.1%
600104,Extended,China equities,Consumer Discretionary,Automobiles & Components,Adj,Dec,EPS,CY2027,1.178,1.46,+23.9%,1.417,-2.9%,1.228,-13.3%,13.78,11.2,+4.2%,-9.5%,-2.5%,-15.1%
600104,Extended,China equities,Consumer Discretionary,Automobiles & Components,Adj,Dec,EPS,CY2028,0.84,0.71,-15.5%,1.85,+160.6%,1.325,-28.4%,13.78,10.4,+57.7%,-9.5%,-2.5%,-15.1%
175,Extended,China equities,Consumer Discretionary,Automobiles & Components,GAAP,Dec,EPS,CY2025,1.411,1.58,+12.0%,1.624,+2.8%,1.601,-1.4%,22.9,14.3,+13.5%,+27.9%,+42.3%,+40.0%
175,Extended,China equities,Consumer Discretionary,Automobiles & Components,GAAP,Dec,EPS,CY2026,1.757,1.907,+8.5%,1.926,+1.0%,1.944,+0.9%,22.9,11.8,+10.6%,+27.9%,+42.3%,+40.0%
175,Extended,China equities,Consumer Discretionary,Automobiles & Components,GAAP,Dec,EPS,CY2027,2.099,2.313,+10.2%,2.535,+9.6%,2.37,-6.5%,22.9,9.7,+12.9%,+27.9%,+42.3%,+40.0%
175,Extended,China equities,Consumer Discretionary,Automobiles & Components,GAAP,Dec,EPS,CY2028,2.06,2.34,+13.6%,2.29,-2.1%,2.759,+20.5%,22.9,8.3,+33.9%,+27.9%,+42.3%,+40.0%
2333,Extended,China equities,Consumer Discretionary,Automobiles & Components,Adj,Dec,EPS,CY2025,1.546,1.539,-0.5%,1.475,-4.2%,1.354,-8.2%,11.6,8.6,-12.4%,-24.2%,-12.5%,+4.3%
2333,Extended,China equities,Consumer Discretionary,Automobiles & Components,Adj,Dec,EPS,CY2026,1.75,1.825,+4.3%,1.762,-3.5%,1.373,-22.1%,11.6,8.4,-21.5%,-24.2%,-12.5%,+4.3%
2333,Extended,China equities,Consumer Discretionary,Automobiles & Components,Adj,Dec,EPS,CY2027,1.94,2.072,+6.8%,2.016,-2.7%,1.632,-19.0%,11.6,7.1,-15.9%,-24.2%,-12.5%,+4.3%
2333,Extended,China equities,Consumer Discretionary,Automobiles & Components,Adj,Dec,EPS,CY2028,10.948,1.64,-85.0%,1.23,-25.0%,1.876,+52.5%,11.6,6.2,-82.9%,-24.2%,-12.5%,+4.3%
NRG,Extended,Utilities,Utilities,Utilities,Adj,Dec,EPS,CY2025,7.337,7.765,+5.8%,8.085,+4.1%,7.908,-2.2%,155.58,19.7,+7.8%,-2.3%,+1.9%,+42.0%
NRG,Extended,Utilities,Utilities,Utilities,Adj,Dec,EPS,CY2026,8.023,9.014,+12.4%,8.877,-1.5%,9.162,+3.2%,155.58,17.0,+14.2%,-2.3%,+1.9%,+42.0%
NRG,Extended,Utilities,Utilities,Utilities,Adj,Dec,EPS,CY2027,8.641,10.661,+23.4%,10.765,+1.0%,11.355,+5.5%,155.58,13.7,+31.4%,-2.3%,+1.9%,+42.0%
NRG,Extended,Utilities,Utilities,Utilities,Adj,Dec,EPS,CY2028,9.182,12.766,+39.0%,11.774,-7.8%,12.873,+9.3%,155.58,12.1,+40.2%,-2.3%,+1.9%,+42.0%
CEG,Extended,Utilities,Utilities,Utilities,Adj,Dec,EPS,CY2025,9.566,9.452,-1.2%,9.421,-0.3%,9.29,-1.4%,313.0,33.7,-2.9%,-11.4%,+11.5%,+40.1%
CEG,Extended,Utilities,Utilities,Utilities,Adj,Dec,EPS,CY2026,11.147,11.54,+3.5%,11.238,-2.6%,11.538,+2.7%,313.0,27.1,+3.5%,-11.4%,+11.5%,+40.1%
CEG,Extended,Utilities,Utilities,Utilities,Adj,Dec,EPS,CY2027,11.972,13.207,+10.3%,13.025,-1.4%,13.296,+2.1%,313.0,23.5,+11.1%,-11.4%,+11.5%,+40.1%
CEG,Extended,Utilities,Utilities,Utilities,Adj,Dec,EPS,CY2028,13.615,16.518,+21.3%,15.907,-3.7%,16.707,+5.0%,313.0,18.7,+22.7%,-11.4%,+11.5%,+40.1%
VST,Extended,Utilities,Utilities,Utilities,Adj,Dec,EPS,CY2025,6.192,5.369,-13.3%,4.627,-13.8%,4.74,+2.4%,157.84,33.3,-23.4%,-2.2%,-0.3%,+21.8%
VST,Extended,Utilities,Utilities,Utilities,Adj,Dec,EPS,CY2026,8.043,8.79,+9.3%,8.766,-0.3%,8.84,+0.8%,157.84,17.9,+9.9%,-2.2%,-0.3%,+21.8%
VST,Extended,Utilities,Utilities,Utilities,Adj,Dec,EPS,CY2027,8.958,10.499,+17.2%,10.935,+4.2%,11.118,+1.7%,157.84,14.2,+24.1%,-2.2%,-0.3%,+21.8%
VST,Extended,Utilities,Utilities,Utilities,Adj,Dec,EPS,CY2028,11.067,12.673,+14.5%,13.607,+7.4%,12.751,-6.3%,157.84,12.4,+15.2%,-2.2%,-0.3%,+21.8%
AI,Extended,Technology,Information Technology,Software & Services,Adj,Apr,EPS,CY2025,-0.441,-0.441,+0.0%,-0.441,+0.0%,-0.441,+0.0%,8.83,-20.0,+0.0%,-34.5%,-19.8%,-59.9%
AI,Extended,Technology,Information Technology,Software & Services,Adj,Apr,EPS,CY2026,-0.411,-1.252,-204.6%,-1.349,-7.7%,-1.389,-3.0%,8.83,-6.4,-238.0%,-34.5%,-19.8%,-59.9%
AI,Extended,Technology,Information Technology,Software & Services,Adj,Apr,EPS,CY2027,-0.26,-0.891,-242.7%,-1.051,-18.0%,-0.781,+25.7%,8.83,-11.3,-200.4%,-34.5%,-19.8%,-59.9%
AI,Extended,Technology,Information Technology,Software & Services,Adj,Apr,EPS,CY2028,,-0.641,,-0.725,-13.1%,-0.511,+29.5%,8.83,-17.3,,-34.5%,-19.8%,-59.9%
PATH,Extended,Software,Information Technology,Software & Services,Adj,Jan,EPS,CY2025,0.543,0.661,+21.7%,0.672,+1.7%,0.672,+0.0%,10.3,15.3,+23.8%,-37.2%,-18.2%,-13.7%
PATH,Extended,Software,Information Technology,Software & Services,Adj,Jan,EPS,CY2026,0.593,0.742,+25.1%,0.761,+2.6%,0.799,+5.0%,10.3,12.9,+34.7%,-37.2%,-18.2%,-13.7%
PATH,Extended,Software,Information Technology,Software & Services,Adj,Jan,EPS,CY2027,0.62,0.808,+30.3%,0.822,+1.7%,0.895,+8.9%,10.3,11.5,+44.4%,-37.2%,-18.2%,-13.7%
PATH,Extended,Software,Information Technology,Software & Services,Adj,Jan,EPS,CY2028,,0.885,,0.863,-2.5%,0.992,+14.9%,10.3,10.4,,-37.2%,-18.2%,-13.7%
ON,Extended,Technology,Information Technology,Semiconductors & Semiconductor,Adj,Dec,EPS,CY2025,2.428,2.291,-5.6%,2.343,+2.3%,2.343,+0.0%,100.81,43.0,-3.5%,+86.2%,+68.3%,+153.9%
ON,Extended,Technology,Information Technology,Semiconductors & Semiconductor,Adj,Dec,EPS,CY2026,3.55,2.926,-17.6%,2.941,+0.5%,2.943,+0.1%,100.81,34.3,-17.1%,+86.2%,+68.3%,+153.9%
ON,Extended,Technology,Information Technology,Semiconductors & Semiconductor,Adj,Dec,EPS,CY2027,5.253,4.125,-21.5%,4.05,-1.8%,4.071,+0.5%,100.81,24.8,-22.5%,+86.2%,+68.3%,+153.9%
ON,Extended,Technology,Information Technology,Semiconductors & Semiconductor,Adj,Dec,EPS,CY2028,7.057,5.46,-22.6%,5.315,-2.7%,5.298,-0.3%,100.81,19.0,-24.9%,+86.2%,+68.3%,+153.9%
MCHP,Extended,Technology,Information Technology,Semiconductors & Semiconductor,Adj,Mar,EPS,CY2025,1.139,1.454,+27.7%,1.524,+4.8%,1.567,+2.8%,92.91,59.3,+37.6%,+45.8%,+22.4%,+101.6%
MCHP,Extended,Technology,Information Technology,Semiconductors & Semiconductor,Adj,Mar,EPS,CY2026,2.396,2.583,+7.8%,2.617,+1.3%,2.667,+1.9%,92.91,34.8,+11.3%,+45.8%,+22.4%,+101.6%
MCHP,Extended,Technology,Information Technology,Semiconductors & Semiconductor,Adj,Mar,EPS,CY2027,,3.466,,3.667,+5.8%,3.647,-0.5%,92.91,25.5,,+45.8%,+22.4%,+101.6%
MCHP,Extended,Technology,Information Technology,Semiconductors & Semiconductor,Adj,Mar,EPS,CY2028,,3.94,,3.865,-1.9%,4.125,+6.7%,92.91,22.5,,+45.8%,+22.4%,+101.6%
NXPI,Extended,Technology,Information Technology,Semiconductors & Semiconductor,Adj,Dec,EPS,CY2025,11.544,11.77,+2.0%,11.774,+0.0%,11.774,+0.0%,293.59,24.9,+2.0%,+35.3%,+29.8%,+59.3%
NXPI,Extended,Technology,Information Technology,Semiconductors & Semiconductor,Adj,Dec,EPS,CY2026,13.779,13.772,-0.1%,13.709,-0.5%,14.657,+6.9%,293.59,20.0,+6.4%,+35.3%,+29.8%,+59.3%
NXPI,Extended,Technology,Information Technology,Semiconductors & Semiconductor,Adj,Dec,EPS,CY2027,16.208,16.41,+1.2%,16.306,-0.6%,17.579,+7.8%,293.59,16.7,+8.5%,+35.3%,+29.8%,+59.3%
NXPI,Extended,Technology,Information Technology,Semiconductors & Semiconductor,Adj,Dec,EPS,CY2028,19.77,19.48,-1.5%,18.293,-6.1%,20.504,+12.1%,293.59,14.3,+3.7%,+35.3%,+29.8%,+59.3%
HIMS,Extended,Healthcare providers,Health Care,Health Care Equipment & Servic,Adj,Dec,EPS,CY2025,1.053,0.973,-7.6%,0.791,-18.7%,0.799,+1.0%,27.17,34.0,-24.1%,-16.3%,+0.3%,-17.9%
HIMS,Extended,Healthcare providers,Health Care,Health Care Equipment & Servic,Adj,Dec,EPS,CY2026,1.255,1.145,-8.8%,0.851,-25.7%,0.786,-7.6%,27.17,34.6,-37.4%,-16.3%,+0.3%,-17.9%
HIMS,Extended,Healthcare providers,Health Care,Health Care Equipment & Servic,Adj,Dec,EPS,CY2027,1.578,1.376,-12.8%,1.132,-17.7%,1.112,-1.8%,27.17,24.4,-29.5%,-16.3%,+0.3%,-17.9%
HIMS,Extended,Healthcare providers,Health Care,Health Care Equipment & Servic,Adj,Dec,EPS,CY2028,2.035,1.74,-14.5%,1.388,-20.2%,1.431,+3.1%,27.17,19.0,-29.7%,-16.3%,+0.3%,-17.9%
DOCS,Extended,Healthcare providers,Health Care,Health Care Equipment & Servic,Adj,Mar,EPS,CY2025,1.418,1.509,+6.4%,1.574,+4.3%,1.543,-2.0%,24.44,15.8,+8.8%,-44.8%,-34.8%,-57.0%
DOCS,Extended,Healthcare providers,Health Care,Health Care Equipment & Servic,Adj,Mar,EPS,CY2026,1.611,1.66,+3.0%,1.717,+3.4%,1.608,-6.3%,24.44,15.2,-0.2%,-44.8%,-34.8%,-57.0%
DOCS,Extended,Healthcare providers,Health Care,Health Care Equipment & Servic,Adj,Mar,EPS,CY2027,1.847,1.848,+0.1%,1.881,+1.8%,1.781,-5.3%,24.44,13.7,-3.6%,-44.8%,-34.8%,-57.0%
DOCS,Extended,Healthcare providers,Health Care,Health Care Equipment & Servic,Adj,Mar,EPS,CY2028,2.36,2.12,-10.2%,2.02,-4.7%,2.062,+2.1%,24.44,11.9,-12.6%,-44.8%,-34.8%,-57.0%
COIN,Extended,Financials and related,Financials,Financial Services,Adj,Dec,EPS,CY2025,7.639,6.32,-17.3%,4.343,-31.3%,4.406,+1.5%,187.77,42.6,-42.3%,-17.0%,-3.6%,-7.5%
COIN,Extended,Financials and related,Financials,Financial Services,Adj,Dec,EPS,CY2026,7.956,7.04,-11.5%,5.982,-15.0%,2.896,-51.6%,187.77,64.8,-63.6%,-17.0%,-3.6%,-7.5%
COIN,Extended,Financials and related,Financials,Financial Services,Adj,Dec,EPS,CY2027,8.493,7.029,-17.2%,6.8,-3.3%,5.14,-24.4%,187.77,36.5,-39.5%,-17.0%,-3.6%,-7.5%
COIN,Extended,Financials and related,Financials,Financial Services,Adj,Dec,EPS,CY2028,9.391,8.407,-10.5%,7.677,-8.7%,6.183,-19.5%,187.77,30.4,-34.2%,-17.0%,-3.6%,-7.5%
SOFI,Extended,Financials and related,Financials,Financial Services,Adj,Dec,EPS,CY2025,0.274,0.378,+38.0%,0.366,-3.2%,0.366,+0.0%,16.1,44.0,+33.6%,-38.5%,-29.4%,+28.7%
SOFI,Extended,Financials and related,Financials,Financial Services,Adj,Dec,EPS,CY2026,0.506,0.598,+18.2%,0.578,-3.3%,0.603,+4.3%,16.1,26.7,+19.2%,-38.5%,-29.4%,+28.7%
SOFI,Extended,Financials and related,Financials,Financial Services,Adj,Dec,EPS,CY2027,0.706,0.826,+17.0%,0.804,-2.7%,0.817,+1.6%,16.1,19.7,+15.7%,-38.5%,-29.4%,+28.7%
SOFI,Extended,Financials and related,Financials,Financial Services,Adj,Dec,EPS,CY2028,1.015,0.995,-2.0%,0.957,-3.8%,1.014,+6.0%,16.1,15.9,-0.1%,-38.5%,-29.4%,+28.7%
CPNG,Extended,Retailers,Consumer Discretionary,Consumer Discretionary Distrib,Adj,Dec,EPS,CY2025,0.353,0.18,-49.0%,0.174,-3.3%,0.168,-3.4%,19.98,118.9,-52.4%,-15.3%,-0.9%,-14.5%
CPNG,Extended,Retailers,Consumer Discretionary,Consumer Discretionary Distrib,Adj,Dec,EPS,CY2026,0.768,0.583,-24.1%,0.384,-34.1%,0.076,-80.2%,19.98,262.9,-90.1%,-15.3%,-0.9%,-14.5%
CPNG,Extended,Retailers,Consumer Discretionary,Consumer Discretionary Distrib,Adj,Dec,EPS,CY2027,0.991,1.01,+1.9%,0.852,-15.6%,0.52,-39.0%,19.98,38.4,-47.5%,-15.3%,-0.9%,-14.5%
CPNG,Extended,Retailers,Consumer Discretionary,Consumer Discretionary Distrib,Adj,Dec,EPS,CY2028,,1.47,,1.225,-16.7%,0.82,-33.1%,19.98,24.4,,-15.3%,-0.9%,-14.5%
MELI,Extended,Retailers,Consumer Discretionary,Consumer Discretionary Distrib,Adj,Dec,EPS,CY2025,47.295,42.693,-9.7%,40.88,-4.2%,40.854,-0.1%,1792.63,43.9,-13.6%,-11.0%,-16.5%,-23.1%
MELI,Extended,Retailers,Consumer Discretionary,Consumer Discretionary Distrib,Adj,Dec,EPS,CY2026,66.06,62.599,-5.2%,59.66,-4.7%,48.498,-18.7%,1792.63,37.0,-26.6%,-11.0%,-16.5%,-23.1%
MELI,Extended,Retailers,Consumer Discretionary,Consumer Discretionary Distrib,Adj,Dec,EPS,CY2027,85.07,84.846,-0.3%,82.922,-2.3%,67.123,-19.1%,1792.63,26.7,-21.1%,-11.0%,-16.5%,-23.1%
MELI,Extended,Retailers,Consumer Discretionary,Consumer Discretionary Distrib,Adj,Dec,EPS,CY2028,111.331,109.833,-1.3%,109.002,-0.8%,94.712,-13.1%,1792.63,18.9,-14.9%,-11.0%,-16.5%,-23.1%
SE,Extended,Internet,Consumer Discretionary,Consumer Discretionary Distrib,Adj,Dec,EPS,CY2025,3.569,3.752,+5.1%,3.658,-2.5%,3.587,-1.9%,84.88,23.7,+0.5%,-33.5%,-27.1%,-36.7%
SE,Extended,Internet,Consumer Discretionary,Consumer Discretionary Distrib,Adj,Dec,EPS,CY2026,5.011,5.247,+4.7%,4.948,-5.7%,3.57,-27.8%,84.88,23.8,-28.8%,-33.5%,-27.1%,-36.7%
SE,Extended,Internet,Consumer Discretionary,Consumer Discretionary Distrib,Adj,Dec,EPS,CY2027,6.448,7.242,+12.3%,6.791,-6.2%,4.763,-29.9%,84.88,17.8,-26.1%,-33.5%,-27.1%,-36.7%
SE,Extended,Internet,Consumer Discretionary,Consumer Discretionary Distrib,Adj,Dec,EPS,CY2028,9.455,11.835,+25.2%,8.887,-24.9%,5.883,-33.8%,84.88,14.4,-37.8%,-33.5%,-27.1%,-36.7%
GTLB,Extended,Software,Information Technology,Software & Services,Adj,Jan,EPS,CY2025,0.71,0.835,+17.6%,0.895,+7.2%,0.894,-0.1%,22.14,24.8,+25.9%,-41.0%,-36.7%,-52.6%
GTLB,Extended,Software,Information Technology,Software & Services,Adj,Jan,EPS,CY2026,0.965,1.028,+6.5%,1.059,+3.0%,0.788,-25.6%,22.14,28.1,-18.3%,-41.0%,-36.7%,-52.6%
GTLB,Extended,Software,Information Technology,Software & Services,Adj,Jan,EPS,CY2027,1.363,1.289,-5.4%,1.312,+1.8%,0.99,-24.5%,22.14,22.4,-27.4%,-41.0%,-36.7%,-52.6%
GTLB,Extended,Software,Information Technology,Software & Services,Adj,Jan,EPS,CY2028,1.56,1.405,-9.9%,1.773,+26.2%,1.141,-35.6%,22.14,19.4,-26.9%,-41.0%,-36.7%,-52.6%
CFLT,Extended,Software,Information Technology,Software & Services,Adj,Dec,EPS,CY2025,0.362,0.4,+10.5%,0.4,+0.0%,0.4,+0.0%,,,+10.5%,,,
CFLT,Extended,Software,Information Technology,Software & Services,Adj,Dec,EPS,CY2026,0.489,0.486,-0.6%,0.485,-0.2%,0.533,+9.9%,,,+9.0%,,,
CFLT,Extended,Software,Information Technology,Software & Services,Adj,Dec,EPS,CY2027,0.701,0.635,-9.4%,0.634,-0.2%,0.73,+15.1%,,,+4.1%,,,
CFLT,Extended,Software,Information Technology,Software & Services,Adj,Dec,EPS,CY2028,0.888,0.805,-9.3%,0.776,-3.6%,0.81,+4.4%,,,-8.8%,,,
IONQ,Extended,Technology,Information Technology,Technology Hardware & Equipmen,Adj,Dec,EPS,CY2025,-0.496,-0.964,-94.4%,-0.833,+13.6%,-0.833,+0.0%,45.12,-54.2,-67.9%,+0.6%,+12.9%,+64.3%
IONQ,Extended,Technology,Information Technology,Technology Hardware & Equipmen,Adj,Dec,EPS,CY2026,-0.426,-1.392,-226.8%,-1.089,+21.8%,-0.958,+12.0%,45.12,-47.1,-124.9%,+0.6%,+12.9%,+64.3%
IONQ,Extended,Technology,Information Technology,Technology Hardware & Equipmen,Adj,Dec,EPS,CY2027,-0.25,-0.814,-225.6%,-0.727,+10.7%,-0.803,-10.5%,45.12,-56.2,-221.2%,+0.6%,+12.9%,+64.3%
IONQ,Extended,Technology,Information Technology,Technology Hardware & Equipmen,Adj,Dec,EPS,CY2028,,-0.883,,-0.6,+32.0%,-0.47,+21.7%,45.12,-96.0,,+0.6%,+12.9%,+64.3%
ZS,Extended,Software,Information Technology,Software & Services,Adj,Jul,EPS,CY2025,3.089,3.188,+3.2%,3.188,+0.0%,3.188,+0.0%,130.68,41.0,+3.2%,-41.9%,-34.7%,-42.2%
ZS,Extended,Software,Information Technology,Software & Services,Adj,Jul,EPS,CY2026,3.617,3.668,+1.4%,3.816,+4.0%,4.01,+5.1%,130.68,32.6,+10.9%,-41.9%,-34.7%,-42.2%
ZS,Extended,Software,Information Technology,Software & Services,Adj,Jul,EPS,CY2027,4.364,4.455,+2.1%,4.506,+1.1%,4.588,+1.8%,130.68,28.5,+5.1%,-41.9%,-34.7%,-42.2%
ZS,Extended,Software,Information Technology,Software & Services,Adj,Jul,EPS,CY2028,5.007,5.471,+9.3%,5.504,+0.6%,5.555,+0.9%,130.68,23.5,+10.9%,-41.9%,-34.7%,-42.2%
S,Extended,Software,Information Technology,Software & Services,Adj,Jan,EPS,CY2025,0.185,0.189,+2.2%,0.196,+3.7%,0.195,-0.5%,14.16,72.6,+5.4%,-5.6%,+1.3%,-23.5%
S,Extended,Software,Information Technology,Software & Services,Adj,Jan,EPS,CY2026,0.348,0.331,-4.9%,0.303,-8.5%,0.347,+14.5%,14.16,40.8,-0.3%,-5.6%,+1.3%,-23.5%
S,Extended,Software,Information Technology,Software & Services,Adj,Jan,EPS,CY2027,0.513,0.484,-5.7%,0.438,-9.5%,0.474,+8.2%,14.16,29.9,-7.6%,-5.6%,+1.3%,-23.5%
S,Extended,Software,Information Technology,Software & Services,Adj,Jan,EPS,CY2028,,0.778,,0.678,-12.9%,0.672,-0.9%,14.16,21.1,,-5.6%,+1.3%,-23.5%
AFRM,Extended,Payments,Financials,Financial Services,Adj,Jun,EPS,CY2025,0.208,0.065,-68.8%,0.065,+0.0%,0.065,+0.0%,64.28,988.9,-68.8%,-13.6%,+6.6%,+29.2%
AFRM,Extended,Payments,Financials,Financial Services,Adj,Jun,EPS,CY2026,1.228,0.998,-18.7%,1.173,+17.5%,1.149,-2.0%,64.28,55.9,-6.4%,-13.6%,+6.6%,+29.2%
AFRM,Extended,Payments,Financials,Financial Services,Adj,Jun,EPS,CY2027,2.194,1.818,-17.1%,1.953,+7.4%,2.005,+2.7%,64.28,32.1,-8.6%,-13.6%,+6.6%,+29.2%
AFRM,Extended,Payments,Financials,Financial Services,Adj,Jun,EPS,CY2028,2.28,2.537,+11.3%,2.513,-0.9%,2.678,+6.6%,64.28,24.0,+17.5%,-13.6%,+6.6%,+29.2%
GRAB,Extended,Internet,Industrials,Transportation,Adj,Dec,EPS,CY2025,0.053,0.041,-22.6%,0.038,-7.3%,0.039,+2.6%,3.82,97.9,-26.4%,-23.4%,-11.2%,-21.7%
GRAB,Extended,Internet,Industrials,Transportation,Adj,Dec,EPS,CY2026,0.108,0.101,-6.5%,0.1,-1.0%,0.101,+1.0%,3.82,37.8,-6.5%,-23.4%,-11.2%,-21.7%
GRAB,Extended,Internet,Industrials,Transportation,Adj,Dec,EPS,CY2027,0.152,0.157,+3.3%,0.149,-5.1%,0.158,+6.0%,3.82,24.2,+3.9%,-23.4%,-11.2%,-21.7%
GRAB,Extended,Internet,Industrials,Transportation,Adj,Dec,EPS,CY2028,0.22,0.23,+4.5%,0.213,-7.4%,0.215,+0.9%,3.82,17.8,-2.3%,-23.4%,-11.2%,-21.7%
GLBE,Extended,Internet,Consumer Discretionary,Consumer Discretionary Distrib,Adj,Dec,EPS,CY2025,0.336,0.338,+0.6%,0.342,+1.2%,0.342,+0.0%,31.37,91.7,+1.8%,-20.2%,-14.2%,-12.6%
GLBE,Extended,Internet,Consumer Discretionary,Consumer Discretionary Distrib,Adj,Dec,EPS,CY2026,0.881,0.995,+12.9%,1.044,+4.9%,1.284,+23.0%,31.37,24.4,+45.7%,-20.2%,-14.2%,-12.6%
GLBE,Extended,Internet,Consumer Discretionary,Consumer Discretionary Distrib,Adj,Dec,EPS,CY2027,1.33,1.34,+0.8%,1.442,+7.6%,1.699,+17.8%,31.37,18.5,+27.7%,-20.2%,-14.2%,-12.6%
GLBE,Extended,Internet,Consumer Discretionary,Consumer Discretionary Distrib,Adj,Dec,EPS,CY2028,2.05,1.96,-4.4%,1.985,+1.3%,2.213,+11.5%,31.37,14.2,+8.0%,-20.2%,-14.2%,-12.6%
DUOL,Extended,Internet,Consumer Discretionary,Consumer Services,Adj,Dec,EPS,CY2025,2.474,3.195,+29.1%,8.454,+164.6%,8.448,-0.1%,110.1,13.0,+241.5%,-37.3%,-17.9%,-71.7%
DUOL,Extended,Internet,Consumer Discretionary,Consumer Services,Adj,Dec,EPS,CY2026,4.009,5.142,+28.3%,4.654,-9.5%,2.92,-37.3%,110.1,37.7,-27.2%,-37.3%,-17.9%,-71.7%
DUOL,Extended,Internet,Consumer Discretionary,Consumer Services,Adj,Dec,EPS,CY2027,5.859,6.704,+14.4%,5.481,-18.2%,3.722,-32.1%,110.1,29.6,-36.5%,-37.3%,-17.9%,-71.7%
DUOL,Extended,Internet,Consumer Discretionary,Consumer Services,Adj,Dec,EPS,CY2028,7.135,7.478,+4.8%,7.052,-5.7%,3.905,-44.6%,110.1,28.2,-45.3%,-37.3%,-17.9%,-71.7%
INSP,Extended,Pharma / Med Devices,Health Care,Health Care Equipment & Servic,Adj,Dec,EPS,CY2025,2.154,0.758,-64.8%,1.492,+96.8%,1.492,+0.0%,56.14,37.6,-30.7%,-39.1%,-25.9%,-64.6%
INSP,Extended,Pharma / Med Devices,Health Care,Health Care Equipment & Servic,Adj,Dec,EPS,CY2026,3.162,1.54,-51.3%,1.754,+13.9%,1.878,+7.1%,56.14,29.9,-40.6%,-39.1%,-25.9%,-64.6%
INSP,Extended,Pharma / Med Devices,Health Care,Health Care Equipment & Servic,Adj,Dec,EPS,CY2027,4.313,2.585,-40.1%,2.477,-4.2%,2.539,+2.5%,56.14,22.1,-41.1%,-39.1%,-25.9%,-64.6%
INSP,Extended,Pharma / Med Devices,Health Care,Health Care Equipment & Servic,Adj,Dec,EPS,CY2028,5.334,3.586,-32.8%,3.484,-2.8%,3.339,-4.2%,56.14,16.8,-37.4%,-39.1%,-25.9%,-64.6%
GDRX,Extended,Healthcare providers,Health Care,Health Care Equipment & Servic,Adj,Dec,EPS,CY2025,0.401,0.373,-7.0%,0.361,-3.2%,0.361,+0.0%,2.36,6.5,-10.0%,-12.9%,+4.0%,-49.0%
GDRX,Extended,Healthcare providers,Health Care,Health Care Equipment & Servic,Adj,Dec,EPS,CY2026,0.47,0.459,-2.3%,0.433,-5.7%,0.315,-27.3%,2.36,7.5,-33.0%,-12.9%,+4.0%,-49.0%
GDRX,Extended,Healthcare providers,Health Care,Health Care Equipment & Servic,Adj,Dec,EPS,CY2027,0.524,0.526,+0.4%,0.508,-3.4%,0.366,-28.0%,2.36,6.4,-30.2%,-12.9%,+4.0%,-49.0%
GDRX,Extended,Healthcare providers,Health Care,Health Care Equipment & Servic,Adj,Dec,EPS,CY2028,0.63,0.677,+7.5%,0.511,-24.5%,0.44,-13.9%,2.36,5.4,-30.2%,-12.9%,+4.0%,-49.0%
OSCR,Extended,Managed Care,Financials,Insurance,Adj,Dec,EPS,CY2025,,-1.267,,-1.214,+4.2%,-1.214,+0.0%,18.46,-15.2,,+28.5%,+28.6%,+41.9%
OSCR,Extended,Managed Care,Financials,Insurance,Adj,Dec,EPS,CY2026,,-0.349,,-0.032,+90.8%,0.842,+2731.2%,18.46,21.9,,+28.5%,+28.6%,+41.9%
OSCR,Extended,Managed Care,Financials,Insurance,Adj,Dec,EPS,CY2027,,1.005,,1.031,+2.6%,1.295,+25.6%,18.46,14.3,,+28.5%,+28.6%,+41.9%
OSCR,Extended,Managed Care,Financials,Insurance,Adj,Dec,EPS,CY2028,,1.38,,1.287,-6.7%,2.01,+56.2%,18.46,9.2,,+28.5%,+28.6%,+41.9%
FSLR,Extended,Energy,Information Technology,Semiconductors & Semiconductor,Adj,Dec,EPS,CY2025,15.439,14.712,-4.7%,14.552,-1.1%,14.547,-0.0%,201.89,13.9,-5.8%,-22.7%,-10.5%,+60.5%
FSLR,Extended,Energy,Information Technology,Semiconductors & Semiconductor,Adj,Dec,EPS,CY2026,23.076,22.615,-2.0%,22.698,+0.4%,17.288,-23.8%,201.89,11.7,-25.1%,-22.7%,-10.5%,+60.5%
FSLR,Extended,Energy,Information Technology,Semiconductors & Semiconductor,Adj,Dec,EPS,CY2027,27.614,28.272,+2.4%,29.086,+2.9%,23.62,-18.8%,201.89,8.5,-14.5%,-22.7%,-10.5%,+60.5%
FSLR,Extended,Energy,Information Technology,Semiconductors & Semiconductor,Adj,Dec,EPS,CY2028,31.027,31.007,-0.1%,33.731,+8.8%,28.899,-14.3%,201.89,7.0,-6.9%,-22.7%,-10.5%,+60.5%
ENPH,Extended,Energy,Information Technology,Semiconductors & Semiconductor,Adj,Dec,EPS,CY2025,2.562,2.82,+10.1%,2.826,+0.2%,2.809,-0.6%,32.96,11.7,+9.6%,+2.8%,-10.9%,-26.1%
ENPH,Extended,Energy,Information Technology,Semiconductors & Semiconductor,Adj,Dec,EPS,CY2026,3.346,2.199,-34.3%,2.109,-4.1%,2.123,+0.7%,32.96,15.5,-36.6%,+2.8%,-10.9%,-26.1%
ENPH,Extended,Energy,Information Technology,Semiconductors & Semiconductor,Adj,Dec,EPS,CY2027,3.972,2.602,-34.5%,2.494,-4.2%,2.453,-1.6%,32.96,13.4,-38.2%,+2.8%,-10.9%,-26.1%
ENPH,Extended,Energy,Information Technology,Semiconductors & Semiconductor,Adj,Dec,EPS,CY2028,4.298,3.153,-26.6%,3.16,+0.2%,2.992,-5.3%,32.96,11.0,-30.4%,+2.8%,-10.9%,-26.1%
RUN,Extended,Energy,Industrials,Capital Goods,Adj,Dec,EPS,CY2025,-0.458,1.425,+411.1%,1.44,+1.1%,1.489,+3.4%,12.73,8.5,+425.1%,-30.8%,-33.0%,+84.8%
RUN,Extended,Energy,Industrials,Capital Goods,Adj,Dec,EPS,CY2026,-0.364,0.902,+347.8%,0.506,-43.9%,0.986,+94.9%,12.73,12.9,+370.9%,-30.8%,-33.0%,+84.8%
RUN,Extended,Energy,Industrials,Capital Goods,Adj,Dec,EPS,CY2027,-0.515,1.312,+354.8%,0.612,-53.4%,0.485,-20.8%,12.73,26.2,+194.2%,-30.8%,-33.0%,+84.8%
RUN,Extended,Energy,Industrials,Capital Goods,Adj,Dec,EPS,CY2028,-0.229,1.445,+731.0%,1.571,+8.7%,0.609,-61.2%,12.73,20.9,+365.9%,-30.8%,-33.0%,+84.8%
PLUG,Extended,Energy,Industrials,Capital Goods,Adj,Dec,EPS,CY2025,-0.613,-0.588,+4.1%,-0.733,-24.7%,-0.733,+0.0%,3.13,-4.3,-19.6%,+58.9%,+48.0%,+258.7%
PLUG,Extended,Energy,Industrials,Capital Goods,Adj,Dec,EPS,CY2026,-0.407,-0.317,+22.1%,-0.309,+2.5%,-0.312,-1.0%,3.13,-10.0,+23.3%,+58.9%,+48.0%,+258.7%
PLUG,Extended,Energy,Industrials,Capital Goods,Adj,Dec,EPS,CY2027,-0.294,-0.236,+19.7%,-0.212,+10.2%,-0.204,+3.8%,3.13,-15.3,+30.6%,+58.9%,+48.0%,+258.7%
PLUG,Extended,Energy,Industrials,Capital Goods,Adj,Dec,EPS,CY2028,-0.254,-0.165,+35.0%,-0.115,+30.3%,-0.145,-26.1%,3.13,-21.6,+42.9%,+58.9%,+48.0%,+258.7%
GFS,Extended,Technology,Information Technology,Semiconductors & Semiconductor,Adj,Dec,EPS,CY2025,1.614,1.598,-1.0%,1.636,+2.4%,1.636,+0.0%,64.6,39.5,+1.4%,+85.0%,+53.1%,+84.2%
GFS,Extended,Technology,Information Technology,Semiconductors & Semiconductor,Adj,Dec,EPS,CY2026,2.313,2.009,-13.1%,1.896,-5.6%,1.815,-4.3%,64.6,35.6,-21.5%,+85.0%,+53.1%,+84.2%
GFS,Extended,Technology,Information Technology,Semiconductors & Semiconductor,Adj,Dec,EPS,CY2027,2.975,2.585,-13.1%,2.32,-10.3%,2.352,+1.4%,64.6,27.5,-20.9%,+85.0%,+53.1%,+84.2%
GFS,Extended,Technology,Information Technology,Semiconductors & Semiconductor,Adj,Dec,EPS,CY2028,3.573,3.135,-12.3%,30.678,+878.6%,3.026,-90.1%,64.6,21.3,-15.3%,+85.0%,+53.1%,+84.2%
2454,Extended,Technology,Information Technology,Semiconductors & Semiconductor,GAAP,Dec,EPS,CY2025,72.335,67.148,-7.2%,66.47,-1.0%,66.537,+0.1%,2610.0,39.2,-8.0%,+82.5%,+48.3%,+93.3%
2454,Extended,Technology,Information Technology,Semiconductors & Semiconductor,GAAP,Dec,EPS,CY2026,86.041,75.25,-12.5%,68.45,-9.0%,64.849,-5.3%,2610.0,40.2,-24.6%,+82.5%,+48.3%,+93.3%
2454,Extended,Technology,Information Technology,Semiconductors & Semiconductor,GAAP,Dec,EPS,CY2027,102.564,89.175,-13.1%,95.485,+7.1%,106.166,+11.2%,2610.0,24.6,+3.5%,+82.5%,+48.3%,+93.3%
2454,Extended,Technology,Information Technology,Semiconductors & Semiconductor,GAAP,Dec,EPS,CY2028,,109.29,,98.185,-10.2%,162.314,+65.3%,2610.0,16.1,,+82.5%,+48.3%,+93.3%
AMG,Extended,Financials and related,Financials,Financial Services,Adj,Dec,EPS,CY2025,22.064,24.488,+11.0%,25.53,+4.3%,25.53,+0.0%,294.67,11.5,+15.7%,+2.2%,-5.9%,+77.9%
AMG,Extended,Financials and related,Financials,Financial Services,Adj,Dec,EPS,CY2026,24.968,28.81,+15.4%,30.232,+4.9%,32.604,+7.8%,294.67,9.0,+30.6%,+2.2%,-5.9%,+77.9%
AMG,Extended,Financials and related,Financials,Financial Services,Adj,Dec,EPS,CY2027,28.868,33.698,+16.7%,35.967,+6.7%,37.803,+5.1%,294.67,7.8,+31.0%,+2.2%,-5.9%,+77.9%
AMG,Extended,Financials and related,Financials,Financial Services,Adj,Dec,EPS,CY2028,,32.96,,38.8,+17.7%,42.993,+10.8%,294.67,6.9,,+2.2%,-5.9%,+77.9%
AB,Extended,Financials and related,Financials,Financial Services,Adj,Dec,EPS,CY2025,3.133,3.325,+6.1%,3.32,-0.2%,3.32,+0.0%,39.9,12.0,+6.0%,+3.7%,-6.2%,+1.3%
AB,Extended,Financials and related,Financials,Financial Services,Adj,Dec,EPS,CY2026,3.52,3.783,+7.5%,3.748,-0.9%,3.486,-7.0%,39.9,11.4,-1.0%,+3.7%,-6.2%,+1.3%
AB,Extended,Financials and related,Financials,Financial Services,Adj,Dec,EPS,CY2027,4.13,4.098,-0.8%,4.096,-0.0%,3.82,-6.7%,39.9,10.4,-7.5%,+3.7%,-6.2%,+1.3%
AB,Extended,Financials and related,Financials,Financial Services,Adj,Dec,EPS,CY2028,,4.28,,4.28,+0.0%,4.217,-1.5%,39.9,9.5,,+3.7%,-6.2%,+1.3%
BLK,Extended,Financials and related,Financials,Financial Services,Adj,Dec,EPS,CY2025,45.414,47.915,+5.5%,47.182,-1.5%,47.182,+0.0%,1065.6,22.6,+3.9%,-0.4%,-4.8%,+16.6%
BLK,Extended,Financials and related,Financials,Financial Services,Adj,Dec,EPS,CY2026,50.476,54.13,+7.2%,54.398,+0.5%,53.148,-2.3%,1065.6,20.0,+5.3%,-0.4%,-4.8%,+16.6%
BLK,Extended,Financials and related,Financials,Financial Services,Adj,Dec,EPS,CY2027,57.113,61.825,+8.3%,61.914,+0.1%,60.625,-2.1%,1065.6,17.6,+6.1%,-0.4%,-4.8%,+16.6%
BLK,Extended,Financials and related,Financials,Financial Services,Adj,Dec,EPS,CY2028,65.57,65.315,-0.4%,70.446,+7.9%,69.194,-1.8%,1065.6,15.4,+5.5%,-0.4%,-4.8%,+16.6%
FHI,Extended,Financials and related,Financials,Financial Services,Adj,Dec,EPS,CY2025,4.215,4.731,+12.2%,4.942,+4.5%,4.942,+0.0%,58.09,11.8,+17.2%,+11.6%,+9.0%,+43.0%
FHI,Extended,Financials and related,Financials,Financial Services,Adj,Dec,EPS,CY2026,4.364,4.927,+12.9%,5.113,+3.8%,5.02,-1.8%,58.09,11.6,+15.0%,+11.6%,+9.0%,+43.0%
FHI,Extended,Financials and related,Financials,Financial Services,Adj,Dec,EPS,CY2027,4.89,5.482,+12.1%,5.724,+4.4%,5.727,+0.1%,58.09,10.1,+17.1%,+11.6%,+9.0%,+43.0%
FHI,Extended,Financials and related,Financials,Financial Services,Adj,Dec,EPS,CY2028,4.45,5.61,+26.1%,5.945,+6.0%,6.477,+8.9%,58.09,9.0,+45.6%,+11.6%,+9.0%,+43.0%
JHG,Extended,Financials and related,Financials,Financial Services,Adj,Dec,EPS,CY2025,3.227,3.919,+21.4%,4.015,+2.4%,4.015,+0.0%,51.61,12.9,+24.4%,+8.5%,+7.2%,+55.4%
JHG,Extended,Financials and related,Financials,Financial Services,Adj,Dec,EPS,CY2026,3.565,4.316,+21.1%,4.335,+0.4%,4.264,-1.6%,51.61,12.1,+19.6%,+8.5%,+7.2%,+55.4%
JHG,Extended,Financials and related,Financials,Financial Services,Adj,Dec,EPS,CY2027,3.886,4.656,+19.8%,4.673,+0.4%,4.601,-1.5%,51.61,11.2,+18.4%,+8.5%,+7.2%,+55.4%
JHG,Extended,Financials and related,Financials,Financial Services,Adj,Dec,EPS,CY2028,,5.285,,5.127,-3.0%,4.843,-5.5%,51.61,10.7,,+8.5%,+7.2%,+55.4%
IVZ,Extended,Financials and related,Financials,Financial Services,Adj,Dec,EPS,CY2025,1.681,1.948,+15.9%,1.993,+2.3%,1.993,+0.0%,26.21,13.2,+18.6%,-0.2%,-4.0%,+88.2%
IVZ,Extended,Financials and related,Financials,Financial Services,Adj,Dec,EPS,CY2026,1.828,2.473,+35.3%,2.648,+7.1%,2.586,-2.3%,26.21,10.1,+41.5%,-0.2%,-4.0%,+88.2%
IVZ,Extended,Financials and related,Financials,Financial Services,Adj,Dec,EPS,CY2027,2.181,2.811,+28.9%,3.001,+6.8%,2.951,-1.7%,26.21,8.9,+35.3%,-0.2%,-4.0%,+88.2%
IVZ,Extended,Financials and related,Financials,Financial Services,Adj,Dec,EPS,CY2028,,3.14,,3.37,+7.3%,3.256,-3.4%,26.21,8.0,,-0.2%,-4.0%,+88.2%
IR,Extended,Industrial / Cyclical,Industrials,Capital Goods,Adj,Dec,EPS,CY2025,3.388,3.313,-2.2%,3.281,-1.0%,3.28,-0.0%,79.86,24.3,-3.2%,+0.8%,-7.2%,+5.9%
IR,Extended,Industrial / Cyclical,Industrials,Capital Goods,Adj,Dec,EPS,CY2026,3.703,3.631,-1.9%,3.533,-2.7%,3.509,-0.7%,79.86,22.8,-5.2%,+0.8%,-7.2%,+5.9%
IR,Extended,Industrial / Cyclical,Industrials,Capital Goods,Adj,Dec,EPS,CY2027,4.046,3.993,-1.3%,3.918,-1.9%,3.851,-1.7%,79.86,20.7,-4.8%,+0.8%,-7.2%,+5.9%
IR,Extended,Industrial / Cyclical,Industrials,Capital Goods,Adj,Dec,EPS,CY2028,4.52,4.381,-3.1%,4.361,-0.5%,4.23,-3.0%,79.86,18.9,-6.4%,+0.8%,-7.2%,+5.9%
HCA,Portfolio,,Health Care,Health Care Equipment & Servic,,Dec,Revenue,CY2025,74667.04,75654.565,+1.3%,75765.818,+0.1%,75765.818,+0.0%,434.45,,+1.5%,-6.9%,-11.0%,+25.9%
HCA,Portfolio,,Health Care,Health Care Equipment & Servic,,Dec,Revenue,CY2026,78499.125,79038.542,+0.7%,78718.292,-0.4%,78552.917,-0.2%,434.45,,+0.1%,-6.9%,-11.0%,+25.9%
HCA,Portfolio,,Health Care,Health Care Equipment & Servic,,Dec,Revenue,CY2027,82628.786,83036.143,+0.5%,82513.174,-0.6%,82376.5,-0.2%,434.45,,-0.3%,-6.9%,-11.0%,+25.9%
HCA,Portfolio,,Health Care,Health Care Equipment & Servic,,Dec,Revenue,CY2028,88477.0,88409.25,-0.1%,87034.8,-1.6%,86924.846,-0.1%,434.45,,-1.8%,-6.9%,-11.0%,+25.9%
UNH,Portfolio,,Health Care,Health Care Equipment & Servic,,Dec,Revenue,CY2025,450650.895,447644.696,-0.7%,448006.833,+0.1%,448006.833,+0.0%,370.48,,-0.6%,+12.2%,+29.1%,-10.0%
UNH,Portfolio,,Health Care,Health Care Equipment & Servic,,Dec,Revenue,CY2026,487767.474,457683.409,-6.2%,446663.292,-2.4%,444193.0,-0.6%,370.48,,-8.9%,+12.2%,+29.1%,-10.0%
UNH,Portfolio,,Health Care,Health Care Equipment & Servic,,Dec,Revenue,CY2027,526120.8,482181.81,-8.4%,464936.083,-3.6%,457076.043,-1.7%,370.48,,-13.1%,+12.2%,+29.1%,-10.0%
UNH,Portfolio,,Health Care,Health Care Equipment & Servic,,Dec,Revenue,CY2028,567317.143,510234.6,-10.1%,491101.615,-3.7%,484902.929,-1.3%,370.48,,-14.5%,+12.2%,+29.1%,-10.0%
TSM,Portfolio,,Information Technology,Semiconductors & Semiconductor,,Dec,Revenue,CY2025,114358.016,122989.466,+7.5%,119941.697,-2.5%,119941.697,+0.0%,396.06,,+4.9%,+30.3%,+19.8%,+137.6%
TSM,Portfolio,,Information Technology,Semiconductors & Semiconductor,,Dec,Revenue,CY2026,133580.879,149809.71,+12.1%,159969.586,+6.8%,164443.852,+2.8%,396.06,,+23.1%,+30.3%,+19.8%,+137.6%
TSM,Portfolio,,Information Technology,Semiconductors & Semiconductor,,Dec,Revenue,CY2027,157019.54,180209.836,+14.8%,197890.824,+9.8%,208160.456,+5.2%,396.06,,+32.6%,+30.3%,+19.8%,+137.6%
TSM,Portfolio,,Information Technology,Semiconductors & Semiconductor,,Dec,Revenue,CY2028,175013.976,201632.421,+15.2%,233051.219,+15.6%,250215.317,+7.4%,396.06,,+43.0%,+30.3%,+19.8%,+137.6%
AVGO,Portfolio,,Information Technology,Semiconductors & Semiconductor,,Oct,Revenue,CY2025,62399.923,63356.156,+1.5%,63377.959,+0.0%,63377.959,+0.0%,417.43,,+1.6%,+20.6%,+26.0%,+116.9%
AVGO,Portfolio,,Information Technology,Semiconductors & Semiconductor,,Oct,Revenue,CY2026,72196.175,86413.66,+19.7%,97698.078,+13.1%,104173.255,+6.6%,417.43,,+44.3%,+20.6%,+26.0%,+116.9%
AVGO,Portfolio,,Information Technology,Semiconductors & Semiconductor,,Oct,Revenue,CY2027,81354.833,111130.353,+36.6%,134416.109,+21.0%,160918.085,+19.7%,417.43,,+97.8%,+20.6%,+26.0%,+116.9%
AVGO,Portfolio,,Information Technology,Semiconductors & Semiconductor,,Oct,Revenue,CY2028,,125144.0,,161930.75,+29.4%,194657.074,+20.2%,417.43,,,+20.6%,+26.0%,+116.9%
NVDA,Portfolio,,Information Technology,Semiconductors & Semiconductor,,Jan,Revenue,CY2025,198705.19,207188.388,+4.3%,213493.152,+3.0%,213762.537,+0.1%,199.57,,+7.6%,+7.0%,+4.4%,+83.2%
NVDA,Portfolio,,Information Technology,Semiconductors & Semiconductor,,Jan,Revenue,CY2026,242009.098,286211.209,+18.3%,330367.971,+15.4%,367160.838,+11.1%,199.57,,+51.7%,+7.0%,+4.4%,+83.2%
NVDA,Portfolio,,Information Technology,Semiconductors & Semiconductor,,Jan,Revenue,CY2027,271727.65,342271.279,+26.0%,421989.887,+23.3%,482842.231,+14.4%,199.57,,+77.7%,+7.0%,+4.4%,+83.2%
NVDA,Portfolio,,Information Technology,Semiconductors & Semiconductor,,Jan,Revenue,CY2028,291242.333,365336.143,+25.4%,536143.909,+46.8%,578413.941,+7.9%,199.57,,+98.6%,+7.0%,+4.4%,+83.2%
META,Portfolio,,Communication Services,Media & Entertainment,,Dec,Revenue,CY2025,186431.625,198539.122,+6.5%,199441.536,+0.5%,199441.536,+0.0%,611.91,,+7.0%,-7.3%,-14.6%,+11.5%
META,Portfolio,,Communication Services,Media & Entertainment,,Dec,Revenue,CY2026,211145.333,233409.403,+10.5%,247368.924,+6.0%,251230.985,+1.6%,611.91,,+19.0%,-7.3%,-14.6%,+11.5%
META,Portfolio,,Communication Services,Media & Entertainment,,Dec,Revenue,CY2027,238610.0,270347.37,+13.3%,292088.355,+8.0%,298332.75,+2.1%,611.91,,+25.0%,-7.3%,-14.6%,+11.5%
META,Portfolio,,Communication Services,Media & Entertainment,,Dec,Revenue,CY2028,262522.652,308618.2,+17.6%,343562.0,+11.3%,347948.524,+1.3%,611.91,,+32.5%,-7.3%,-14.6%,+11.5%
AMZN,Portfolio,,Consumer Discretionary,Consumer Discretionary Distrib,,Dec,Revenue,CY2025,694553.873,712959.577,+2.7%,714793.609,+0.3%,714794.275,+0.0%,265.06,,+2.9%,+14.8%,+10.8%,+43.7%
AMZN,Portfolio,,Consumer Discretionary,Consumer Discretionary Distrib,,Dec,Revenue,CY2026,763132.043,791799.648,+3.8%,796857.221,+0.6%,816203.456,+2.4%,265.06,,+7.0%,+14.8%,+10.8%,+43.7%
AMZN,Portfolio,,Consumer Discretionary,Consumer Discretionary Distrib,,Dec,Revenue,CY2027,839559.872,879930.365,+4.8%,887213.509,+0.8%,918550.8,+3.5%,265.06,,+9.4%,+14.8%,+10.8%,+43.7%
AMZN,Portfolio,,Consumer Discretionary,Consumer Discretionary Distrib,,Dec,Revenue,CY2028,907013.636,974723.833,+7.5%,979485.167,+0.5%,1011581.359,+3.3%,265.06,,+11.5%,+14.8%,+10.8%,+43.7%
JPM,Portfolio,,Financials,Banks,,Dec,Revenue,CY2025,176711.7,184253.0,+4.3%,184149.563,-0.1%,184149.563,+0.0%,313.23,,+4.2%,-2.8%,+2.4%,+28.0%
JPM,Portfolio,,Financials,Banks,,Dec,Revenue,CY2026,180704.2,190885.846,+5.6%,194474.714,+1.9%,197395.714,+1.5%,313.23,,+9.2%,-2.8%,+2.4%,+28.0%
JPM,Portfolio,,Financials,Banks,,Dec,Revenue,CY2027,188390.25,198143.7,+5.2%,203744.5,+2.8%,205630.538,+0.9%,313.23,,+9.2%,-2.8%,+2.4%,+28.0%
JPM,Portfolio,,Financials,Banks,,Dec,Revenue,CY2028,,,,215342.667,,213629.333,-0.8%,313.23,,,-2.8%,+2.4%,+28.0%
APO,Portfolio,,Financials,Financial Services,,Dec,Revenue,CY2025,18782.167,4364.0,-76.8%,19560.714,+348.2%,19560.714,+0.0%,128.72,,+4.1%,-11.1%,-4.3%,-5.7%
APO,Portfolio,,Financials,Financial Services,,Dec,Revenue,CY2026,19024.0,16193.375,-14.9%,22870.714,+41.2%,22815.667,-0.2%,128.72,,+19.9%,-11.1%,-4.3%,-5.7%
APO,Portfolio,,Financials,Financial Services,,Dec,Revenue,CY2027,24743.25,23047.5,-6.9%,26448.0,+14.8%,26464.5,+0.1%,128.72,,+7.0%,-11.1%,-4.3%,-5.7%
APO,Portfolio,,Financials,Financial Services,,Dec,Revenue,CY2028,,,,28846.0,,30140.75,+4.5%,128.72,,,-11.1%,-4.3%,-5.7%
PGR,Portfolio,,Financials,Insurance,,Dec,Revenue,CY2025,87690.444,86967.235,-0.8%,86689.5,-0.3%,86689.5,+0.0%,201.28,,-1.1%,-6.0%,-3.2%,-24.1%
PGR,Portfolio,,Financials,Insurance,,Dec,Revenue,CY2026,97528.647,93954.167,-3.7%,93292.444,-0.7%,92316.389,-1.0%,201.28,,-5.3%,-6.0%,-3.2%,-24.1%
PGR,Portfolio,,Financials,Insurance,,Dec,Revenue,CY2027,105692.0,100996.0,-4.4%,100181.471,-0.8%,98356.833,-1.8%,201.28,,-6.9%,-6.0%,-3.2%,-24.1%
PGR,Portfolio,,Financials,Insurance,,Dec,Revenue,CY2028,111782.667,107809.333,-3.6%,104646.778,-2.9%,103261.75,-1.3%,201.28,,-7.6%,-6.0%,-3.2%,-24.1%
CVNA,Portfolio,,Consumer Discretionary,Consumer Discretionary Distrib,,Dec,Revenue,CY2025,16753.571,19801.5,+18.2%,19968.885,+0.8%,19984.231,+0.1%,395.8,,+19.3%,-6.2%,-1.3%,+62.0%
CVNA,Portfolio,,Consumer Discretionary,Consumer Discretionary Distrib,,Dec,Revenue,CY2026,19816.095,25191.478,+27.1%,25531.28,+1.3%,27484.917,+7.7%,395.8,,+38.7%,-6.2%,-1.3%,+62.0%
CVNA,Portfolio,,Consumer Discretionary,Consumer Discretionary Distrib,,Dec,Revenue,CY2027,23579.357,30825.778,+30.7%,31704.476,+2.9%,34161.391,+7.7%,395.8,,+44.9%,-6.2%,-1.3%,+62.0%
CVNA,Portfolio,,Consumer Discretionary,Consumer Discretionary Distrib,,Dec,Revenue,CY2028,27512.833,37803.727,+37.4%,37527.833,-0.7%,41544.056,+10.7%,395.8,,+51.0%,-6.2%,-1.3%,+62.0%
APP,Portfolio,,Information Technology,Software & Services,,Dec,Revenue,CY2025,5628.107,5612.036,-0.3%,5677.091,+1.2%,5677.333,+0.0%,446.35,,+0.9%,-33.8%,-5.7%,+65.7%
APP,Portfolio,,Information Technology,Software & Services,,Dec,Revenue,CY2026,6832.36,7646.88,+11.9%,7811.406,+2.2%,8034.03,+2.8%,446.35,,+17.6%,-33.8%,-5.7%,+65.7%
APP,Portfolio,,Information Technology,Software & Services,,Dec,Revenue,CY2027,8328.053,9504.286,+14.1%,9977.167,+5.0%,10419.71,+4.4%,446.35,,+25.1%,-33.8%,-5.7%,+65.7%
APP,Portfolio,,Information Technology,Software & Services,,Dec,Revenue,CY2028,10512.5,12006.273,+14.2%,12754.455,+6.2%,13064.048,+2.4%,446.35,,+24.3%,-33.8%,-5.7%,+65.7%
VEEV,Portfolio,,Health Care,Health Care Equipment & Servic,,Jan,Revenue,CY2025,3047.0,3142.385,+3.1%,3169.607,+0.9%,3169.607,+0.0%,155.97,,+4.0%,-30.1%,-23.5%,-33.3%
VEEV,Portfolio,,Health Care,Health Care Equipment & Servic,,Jan,Revenue,CY2026,3416.852,3518.31,+3.0%,3574.0,+1.6%,3595.0,+0.6%,155.97,,+5.2%,-30.1%,-23.5%,-33.3%
VEEV,Portfolio,,Health Care,Health Care Equipment & Servic,,Jan,Revenue,CY2027,3863.214,3983.737,+3.1%,4005.577,+0.5%,4035.815,+0.8%,155.97,,+4.5%,-30.1%,-23.5%,-33.3%
VEEV,Portfolio,,Health Care,Health Care Equipment & Servic,,Jan,Revenue,CY2028,,4628.429,,4618.875,-0.2%,4553.0,-1.4%,155.97,,,-30.1%,-23.5%,-33.3%
GOOG,Watchlist,,Communication Services,Media & Entertainment,,Dec,Revenue,CY2025,329353.265,340198.765,+3.3%,340800.794,+0.2%,340854.848,+0.0%,381.94,,+3.5%,+21.7%,+12.8%,+137.4%
GOOG,Watchlist,,Communication Services,Media & Entertainment,,Dec,Revenue,CY2026,366678.545,387899.4,+5.8%,392410.176,+1.2%,425460.8,+8.4%,381.94,,+16.0%,+21.7%,+12.8%,+137.4%
GOOG,Watchlist,,Communication Services,Media & Entertainment,,Dec,Revenue,CY2027,408327.095,437978.875,+7.3%,448922.581,+2.5%,505883.0,+12.7%,381.94,,+23.9%,+21.7%,+12.8%,+137.4%
GOOG,Watchlist,,Communication Services,Media & Entertainment,,Dec,Revenue,CY2028,450492.333,493741.7,+9.6%,509692.083,+3.2%,598743.833,+17.5%,381.94,,+32.9%,+21.7%,+12.8%,+137.4%
MU,Watchlist,,Information Technology,Semiconductors & Semiconductor,,Aug,Revenue,CY2025,35455.0,37177.154,+4.9%,37177.154,+0.0%,37177.154,+0.0%,517.16,,+4.9%,+81.2%,+24.7%,+572.1%
MU,Watchlist,,Information Technology,Semiconductors & Semiconductor,,Aug,Revenue,CY2026,45244.824,54199.421,+19.8%,75427.349,+39.2%,109365.927,+45.0%,517.16,,+141.7%,+81.2%,+24.7%,+572.1%
MU,Watchlist,,Information Technology,Semiconductors & Semiconductor,,Aug,Revenue,CY2027,48170.091,62023.5,+28.8%,94957.78,+53.1%,174500.231,+83.8%,517.16,,+262.3%,+81.2%,+24.7%,+572.1%
MU,Watchlist,,Information Technology,Semiconductors & Semiconductor,,Aug,Revenue,CY2028,,60043.364,,95555.857,+59.1%,167871.375,+75.7%,517.16,,,+81.2%,+24.7%,+572.1%
LRCX,Watchlist,,Information Technology,Semiconductors & Semiconductor,,Jun,Revenue,CY2025,18250.786,18262.032,+0.1%,18262.032,+0.0%,18262.032,+0.0%,257.86,,+0.1%,+50.6%,+10.5%,+259.8%
LRCX,Watchlist,,Information Technology,Semiconductors & Semiconductor,,Jun,Revenue,CY2026,18626.704,21239.222,+14.0%,22339.406,+5.2%,23177.625,+3.8%,257.86,,+24.4%,+50.6%,+10.5%,+259.8%
LRCX,Watchlist,,Information Technology,Semiconductors & Semiconductor,,Jun,Revenue,CY2027,20606.25,23691.72,+15.0%,27571.719,+16.4%,30229.226,+9.6%,257.86,,+46.7%,+50.6%,+10.5%,+259.8%
LRCX,Watchlist,,Information Technology,Semiconductors & Semiconductor,,Jun,Revenue,CY2028,23196.333,25516.933,+10.0%,30360.19,+19.0%,34692.65,+14.3%,257.86,,+49.6%,+50.6%,+10.5%,+259.8%
DASH,Watchlist,,Consumer Discretionary,Consumer Services,,Dec,Revenue,CY2025,12950.9,13359.304,+3.2%,13752.727,+2.9%,13745.267,-0.1%,168.65,,+6.1%,-25.5%,-17.6%,-12.6%
DASH,Watchlist,,Consumer Discretionary,Consumer Services,,Dec,Revenue,CY2026,15266.41,16703.822,+9.4%,17817.378,+6.7%,17814.578,-0.0%,168.65,,+16.7%,-25.5%,-17.6%,-12.6%
DASH,Watchlist,,Consumer Discretionary,Consumer Services,,Dec,Revenue,CY2027,17862.222,19907.594,+11.5%,21166.222,+6.3%,21316.841,+0.7%,168.65,,+19.3%,-25.5%,-17.6%,-12.6%
DASH,Watchlist,,Consumer Discretionary,Consumer Services,,Dec,Revenue,CY2028,20274.5,22565.158,+11.3%,24732.8,+9.6%,24940.56,+0.8%,168.65,,+23.0%,-25.5%,-17.6%,-12.6%
MSFT,Watchlist,,Information Technology,Software & Services,,Jun,Revenue,CY2025,277724.474,279004.862,+0.5%,279004.862,+0.0%,279004.862,+0.0%,407.78,,+0.5%,-15.7%,-5.2%,+3.2%
MSFT,Watchlist,,Information Technology,Software & Services,,Jun,Revenue,CY2026,314282.158,325580.18,+3.6%,327430.283,+0.6%,328272.018,+0.3%,407.78,,+4.5%,-15.7%,-5.2%,+3.2%
MSFT,Watchlist,,Information Technology,Software & Services,,Jun,Revenue,CY2027,351238.512,374382.767,+6.6%,377955.7,+1.0%,381251.948,+0.9%,407.78,,+8.5%,-15.7%,-5.2%,+3.2%
MSFT,Watchlist,,Information Technology,Software & Services,,Jun,Revenue,CY2028,410409.222,433139.457,+5.5%,438989.769,+1.4%,446184.105,+1.6%,407.78,,+8.7%,-15.7%,-5.2%,+3.2%
BX,Watchlist,,Financials,Financial Services,,Dec,Revenue,CY2025,12292.714,12774.917,+3.9%,12730.417,-0.3%,12730.417,+0.0%,125.58,,+3.6%,-18.5%,-11.8%,-4.7%
BX,Watchlist,,Financials,Financial Services,,Dec,Revenue,CY2026,16011.214,15729.8,-1.8%,15917.111,+1.2%,14764.727,-7.2%,125.58,,-7.8%,-18.5%,-11.8%,-4.7%
BX,Watchlist,,Financials,Financial Services,,Dec,Revenue,CY2027,19124.25,19385.75,+1.4%,19277.8,-0.6%,18504.455,-4.0%,125.58,,-3.2%,-18.5%,-11.8%,-4.7%
BX,Watchlist,,Financials,Financial Services,,Dec,Revenue,CY2028,20274.667,20299.75,+0.1%,20317.667,+0.1%,20030.167,-1.4%,125.58,,-1.2%,-18.5%,-11.8%,-4.7%
BKNG,Watchlist,,Consumer Discretionary,Consumer Services,,Dec,Revenue,CY2025,25669.086,26658.816,+3.9%,26692.833,+0.1%,26703.583,+0.0%,168.36,,+4.0%,-21.4%,-15.9%,-17.5%
BKNG,Watchlist,,Consumer Discretionary,Consumer Services,,Dec,Revenue,CY2026,27767.944,29073.053,+4.7%,29175.722,+0.4%,29489.946,+1.1%,168.36,,+6.2%,-21.4%,-15.9%,-17.5%
BKNG,Watchlist,,Consumer Discretionary,Consumer Services,,Dec,Revenue,CY2027,30101.043,31486.655,+4.6%,31617.429,+0.4%,32157.811,+1.7%,168.36,,+6.8%,-21.4%,-15.9%,-17.5%
BKNG,Watchlist,,Consumer Discretionary,Consumer Services,,Dec,Revenue,CY2028,32378.417,34054.357,+5.2%,34137.412,+0.2%,34694.348,+1.6%,168.36,,+7.2%,-21.4%,-15.9%,-17.5%
COST,Watchlist,,Consumer Staples,Consumer Staples Distribution,,Aug,Revenue,CY2025,274528.971,275078.688,+0.2%,275078.688,+0.0%,275078.688,+0.0%,1014.53,,+0.2%,+17.6%,+7.9%,+2.0%
COST,Watchlist,,Consumer Staples,Consumer Staples Distribution,,Aug,Revenue,CY2026,294096.031,297027.677,+1.0%,297107.867,+0.0%,299076.967,+0.7%,1014.53,,+1.7%,+17.6%,+7.9%,+2.0%
COST,Watchlist,,Consumer Staples,Consumer Staples Distribution,,Aug,Revenue,CY2027,313623.5,319390.036,+1.8%,319395.833,+0.0%,322184.467,+0.9%,1014.53,,+2.7%,+17.6%,+7.9%,+2.0%
COST,Watchlist,,Consumer Staples,Consumer Staples Distribution,,Aug,Revenue,CY2028,333253.143,342577.2,+2.8%,343574.118,+0.3%,347887.389,+1.3%,1014.53,,+4.4%,+17.6%,+7.9%,+2.0%
QCOM,Extended,Uncategorized,Information Technology,Semiconductors & Semiconductor,,Sep,Revenue,CY2025,43378.909,43672.97,+0.7%,43685.212,+0.0%,43685.212,+0.0%,179.58,,+0.7%,+5.0%,+18.5%,+21.0%
QCOM,Extended,Uncategorized,Information Technology,Semiconductors & Semiconductor,,Sep,Revenue,CY2026,44467.667,44593.758,+0.3%,45468.424,+2.0%,42791.429,-5.9%,179.58,,-3.8%,+5.0%,+18.5%,+21.0%
QCOM,Extended,Uncategorized,Information Technology,Semiconductors & Semiconductor,,Sep,Revenue,CY2027,45393.333,46097.583,+1.6%,46208.515,+0.2%,42935.657,-7.1%,179.58,,-5.4%,+5.0%,+18.5%,+21.0%
QCOM,Extended,Uncategorized,Information Technology,Semiconductors & Semiconductor,,Sep,Revenue,CY2028,49943.333,47460.5,-5.0%,48611.133,+2.4%,46553.167,-4.2%,179.58,,-6.8%,+5.0%,+18.5%,+21.0%
ASML,Extended,Uncategorized,Information Technology,Semiconductors & Semiconductor,,Dec,Revenue,CY2025,32274.944,32465.343,+0.6%,32503.385,+0.1%,32503.385,+0.0%,1222.4,,+0.7%,+32.7%,+0.6%,+109.9%
ASML,Extended,Uncategorized,Information Technology,Semiconductors & Semiconductor,,Dec,Revenue,CY2026,35340.556,34015.167,-3.8%,37183.881,+9.3%,39112.545,+5.2%,1222.4,,+10.7%,+32.7%,+0.6%,+109.9%
ASML,Extended,Uncategorized,Information Technology,Semiconductors & Semiconductor,,Dec,Revenue,CY2027,39704.462,38677.111,-2.6%,43671.659,+12.9%,47230.488,+8.1%,1222.4,,+19.0%,+32.7%,+0.6%,+109.9%
ASML,Extended,Uncategorized,Information Technology,Semiconductors & Semiconductor,,Dec,Revenue,CY2028,44183.667,42170.25,-4.6%,47967.0,+13.7%,51923.0,+8.2%,1222.4,,+17.5%,+32.7%,+0.6%,+109.9%
AMAT,Extended,Uncategorized,Information Technology,Semiconductors & Semiconductor,,Oct,Revenue,CY2025,28759.419,28225.5,-1.9%,28239.903,+0.1%,28239.903,+0.0%,394.49,,-1.8%,+53.5%,+22.4%,+161.8%
AMAT,Extended,Uncategorized,Information Technology,Semiconductors & Semiconductor,,Oct,Revenue,CY2026,30484.833,28883.9,-5.3%,29069.588,+0.6%,31491.182,+8.3%,394.49,,+3.3%,+53.5%,+22.4%,+161.8%
AMAT,Extended,Uncategorized,Information Technology,Semiconductors & Semiconductor,,Oct,Revenue,CY2027,32736.938,31708.905,-3.1%,33583.156,+5.9%,37719.485,+12.3%,394.49,,+15.2%,+53.5%,+22.4%,+161.8%
AMAT,Extended,Uncategorized,Information Technology,Semiconductors & Semiconductor,,Oct,Revenue,CY2028,34409.25,32933.75,-4.3%,35676.375,+8.3%,40996.133,+14.9%,394.49,,+19.1%,+53.5%,+22.4%,+161.8%
KKR,Extended,Uncategorized,Financials,Financial Services,,Dec,Revenue,CY2025,7400.0,8316.2,+12.4%,7829.8,-5.8%,7829.8,+0.0%,104.34,,+5.8%,-18.2%,-8.7%,-8.7%
KKR,Extended,Uncategorized,Financials,Financial Services,,Dec,Revenue,CY2026,9182.833,10664.7,+16.1%,12339.909,+15.7%,9272.75,-24.9%,104.34,,+1.0%,-18.2%,-8.7%,-8.7%
KKR,Extended,Uncategorized,Financials,Financial Services,,Dec,Revenue,CY2027,11997.571,12857.143,+7.2%,14170.333,+10.2%,11194.923,-21.0%,104.34,,-6.7%,-18.2%,-8.7%,-8.7%
KKR,Extended,Uncategorized,Financials,Financial Services,,Dec,Revenue,CY2028,16998.0,22984.333,+35.2%,27804.0,+21.0%,12781.2,-54.0%,104.34,,-24.8%,-18.2%,-8.7%,-8.7%
BAM,Extended,Uncategorized,Financials,Financial Services,,Dec,Revenue,CY2025,5320.615,5293.75,-0.5%,5392.286,+1.9%,5392.286,+0.0%,48.01,,+1.3%,-8.4%,-3.4%,-10.0%
BAM,Extended,Uncategorized,Financials,Financial Services,,Dec,Revenue,CY2026,6078.769,6017.583,-1.0%,6056.071,+0.6%,6207.833,+2.5%,48.01,,+2.1%,-8.4%,-3.4%,-10.0%
BAM,Extended,Uncategorized,Financials,Financial Services,,Dec,Revenue,CY2027,6837.143,6974.5,+2.0%,6910.154,-0.9%,7158.167,+3.6%,48.01,,+4.7%,-8.4%,-3.4%,-10.0%
BAM,Extended,Uncategorized,Financials,Financial Services,,Dec,Revenue,CY2028,7649.0,7433.0,-2.8%,7924.5,+6.6%,8011.0,+1.1%,48.01,,+4.7%,-8.4%,-3.4%,-10.0%
ARES,Extended,Uncategorized,Financials,Financial Services,,Dec,Revenue,CY2025,4572.333,4310.818,-5.7%,4433.4,+2.8%,4433.4,+0.0%,117.4,,-3.0%,-27.4%,-21.6%,-23.0%
ARES,Extended,Uncategorized,Financials,Financial Services,,Dec,Revenue,CY2026,5872.286,5246.091,-10.7%,5481.111,+4.5%,5529.875,+0.9%,117.4,,-5.8%,-27.4%,-21.6%,-23.0%
ARES,Extended,Uncategorized,Financials,Financial Services,,Dec,Revenue,CY2027,6950.0,6433.571,-7.4%,6473.778,+0.6%,6479.8,+0.1%,117.4,,-6.8%,-27.4%,-21.6%,-23.0%
ARES,Extended,Uncategorized,Financials,Financial Services,,Dec,Revenue,CY2028,,,,6904.0,,7242.5,+4.9%,117.4,,,-27.4%,-21.6%,-23.0%
OWL,Extended,Uncategorized,Financials,Financial Services,,Dec,Revenue,CY2025,2753.933,2663.2,-3.3%,2657.75,-0.2%,2657.0,-0.0%,9.75,,-3.5%,-34.7%,-28.5%,-47.4%
OWL,Extended,Uncategorized,Financials,Financial Services,,Dec,Revenue,CY2026,3344.429,3192.8,-4.5%,3099.5,-2.9%,2886.929,-6.9%,9.75,,-13.7%,-34.7%,-28.5%,-47.4%
OWL,Extended,Uncategorized,Financials,Financial Services,,Dec,Revenue,CY2027,3816.375,3741.0,-2.0%,3612.667,-3.4%,3258.467,-9.8%,9.75,,-14.6%,-34.7%,-28.5%,-47.4%
OWL,Extended,Uncategorized,Financials,Financial Services,,Dec,Revenue,CY2028,,4346.5,,4139.333,-4.8%,3632.333,-12.2%,9.75,,,-34.7%,-28.5%,-47.4%
CG,Extended,Uncategorized,Financials,Financial Services,,Dec,Revenue,CY2025,4038.5,4080.167,+1.0%,3857.111,-5.5%,3851.0,-0.2%,50.07,,-4.6%,-15.3%,-14.8%,+29.6%
CG,Extended,Uncategorized,Financials,Financial Services,,Dec,Revenue,CY2026,4722.909,4676.923,-1.0%,4681.0,+0.1%,4234.875,-9.5%,50.07,,-10.3%,-15.3%,-14.8%,+29.6%
CG,Extended,Uncategorized,Financials,Financial Services,,Dec,Revenue,CY2027,5005.143,5104.727,+2.0%,5232.3,+2.5%,5212.2,-0.4%,50.07,,+4.1%,-15.3%,-14.8%,+29.6%
CG,Extended,Uncategorized,Financials,Financial Services,,Dec,Revenue,CY2028,5494.0,5727.0,+4.2%,5578.0,-2.6%,6029.0,+8.1%,50.07,,+9.7%,-15.3%,-14.8%,+29.6%
BN,Extended,Uncategorized,Financials,Financial Services,,Dec,Revenue,CY2025,6673.0,54489.5,+716.6%,65025.5,+19.3%,65025.5,+0.0%,45.12,,+874.5%,-1.7%,-0.9%,+26.1%
BN,Extended,Uncategorized,Financials,Financial Services,,Dec,Revenue,CY2026,48370.5,39372.5,-18.6%,7523.0,-80.9%,8097.0,+7.6%,45.12,,-83.3%,-1.7%,-0.9%,+26.1%
BN,Extended,Uncategorized,Financials,Financial Services,,Dec,Revenue,CY2027,8543.0,8669.0,+1.5%,8545.0,-1.4%,9564.0,+11.9%,45.12,,+12.0%,-1.7%,-0.9%,+26.1%
BN,Extended,Uncategorized,Financials,Financial Services,,Dec,Revenue,CY2028,,,,,,11418.0,,45.12,,,-1.7%,-0.9%,+26.1%
CRM,Extended,Uncategorized,Information Technology,Software & Services,,Jan,Revenue,CY2025,40788.577,41248.06,+1.1%,41484.882,+0.6%,41490.314,+0.0%,176.53,,+1.7%,-33.4%,-16.8%,-34.3%
CRM,Extended,Uncategorized,Information Technology,Software & Services,,Jan,Revenue,CY2026,44454.373,44986.46,+1.2%,46052.7,+2.4%,46122.039,+0.2%,176.53,,+3.8%,-33.4%,-16.8%,-34.3%
CRM,Extended,Uncategorized,Information Technology,Software & Services,,Jan,Revenue,CY2027,49139.5,49165.345,+0.1%,50434.629,+2.6%,50517.37,+0.2%,176.53,,+2.8%,-33.4%,-16.8%,-34.3%
CRM,Extended,Uncategorized,Information Technology,Software & Services,,Jan,Revenue,CY2028,54790.167,54700.778,-0.2%,55092.667,+0.7%,55666.722,+1.0%,176.53,,+1.6%,-33.4%,-16.8%,-34.3%
WDAY,Extended,Uncategorized,Information Technology,Software & Services,,Jan,Revenue,CY2025,9495.548,9516.25,+0.2%,9543.897,+0.3%,9543.892,-0.0%,122.4,,+0.5%,-43.0%,-30.3%,-50.0%
WDAY,Extended,Uncategorized,Information Technology,Software & Services,,Jan,Revenue,CY2026,10758.361,10712.324,-0.4%,10711.057,-0.0%,10652.405,-0.5%,122.4,,-1.0%,-43.0%,-30.3%,-50.0%
WDAY,Extended,Uncategorized,Information Technology,Software & Services,,Jan,Revenue,CY2027,12144.063,12039.609,-0.9%,12007.333,-0.3%,11860.184,-1.2%,122.4,,-2.3%,-43.0%,-30.3%,-50.0%
WDAY,Extended,Uncategorized,Information Technology,Software & Services,,Jan,Revenue,CY2028,13749.0,13478.0,-2.0%,13485.571,+0.1%,13083.063,-3.0%,122.4,,-4.8%,-43.0%,-30.3%,-50.0%
SHOP,Extended,Uncategorized,Information Technology,Software & Services,,Dec,Revenue,CY2025,10851.76,11288.22,+4.0%,11473.96,+1.6%,11475.0,+0.0%,121.13,,+5.7%,-24.7%,-7.7%,+27.5%
SHOP,Extended,Uncategorized,Information Technology,Software & Services,,Dec,Revenue,CY2026,13208.88,13850.275,+4.9%,14215.979,+2.6%,14666.1,+3.2%,121.13,,+11.0%,-24.7%,-7.7%,+27.5%
SHOP,Extended,Uncategorized,Information Technology,Software & Services,,Dec,Revenue,CY2027,16498.0,17042.567,+3.3%,17364.216,+1.9%,18146.106,+4.5%,121.13,,+10.0%,-24.7%,-7.7%,+27.5%
SHOP,Extended,Uncategorized,Information Technology,Software & Services,,Dec,Revenue,CY2028,21486.909,20981.182,-2.4%,21216.214,+1.1%,22608.522,+6.6%,121.13,,+5.2%,-24.7%,-7.7%,+27.5%
GWRE,Extended,Uncategorized,Information Technology,Software & Services,,Jul,Revenue,CY2025,1172.933,1183.867,+0.9%,1183.867,+0.0%,1183.867,+0.0%,138.39,,+0.9%,-31.2%,-1.7%,-32.4%
GWRE,Extended,Uncategorized,Information Technology,Software & Services,,Jul,Revenue,CY2026,1337.933,1400.071,+4.6%,1415.143,+1.1%,1445.643,+2.2%,138.39,,+8.1%,-31.2%,-1.7%,-32.4%
GWRE,Extended,Uncategorized,Information Technology,Software & Services,,Jul,Revenue,CY2027,1536.167,1610.143,+4.8%,1633.929,+1.5%,1684.5,+3.1%,138.39,,+9.7%,-31.2%,-1.7%,-32.4%
GWRE,Extended,Uncategorized,Information Technology,Software & Services,,Jul,Revenue,CY2028,,1878.714,,1882.333,+0.2%,1932.462,+2.7%,138.39,,,-31.2%,-1.7%,-32.4%
NOW,Extended,Uncategorized,Information Technology,Software & Services,,Dec,Revenue,CY2025,13024.048,13235.818,+1.6%,13242.163,+0.0%,13242.163,+0.0%,88.31,,+1.7%,-42.4%,-24.5%,-53.8%
NOW,Extended,Uncategorized,Information Technology,Software & Services,,Dec,Revenue,CY2026,15497.878,15699.273,+1.3%,15976.442,+1.8%,16184.581,+1.3%,88.31,,+4.4%,-42.4%,-24.5%,-53.8%
NOW,Extended,Uncategorized,Information Technology,Software & Services,,Dec,Revenue,CY2027,18464.16,18605.846,+0.8%,18930.786,+1.7%,19144.452,+1.1%,88.31,,+3.7%,-42.4%,-24.5%,-53.8%
NOW,Extended,Uncategorized,Information Technology,Software & Services,,Dec,Revenue,CY2028,21966.9,21965.091,-0.0%,22478.0,+2.3%,22594.6,+0.5%,88.31,,+2.9%,-42.4%,-24.5%,-53.8%
ELV,Extended,Uncategorized,Health Care,Health Care Equipment & Servic,,Dec,Revenue,CY2025,193937.842,197449.308,+1.8%,197455.933,+0.0%,197455.933,+0.0%,376.42,,+1.8%,+7.4%,+8.9%,-10.5%
ELV,Extended,Uncategorized,Health Care,Health Care Equipment & Servic,,Dec,Revenue,CY2026,207795.833,204137.0,-1.8%,196192.294,-3.9%,193747.889,-1.2%,376.42,,-6.8%,+7.4%,+8.9%,-10.5%
ELV,Extended,Uncategorized,Health Care,Health Care Equipment & Servic,,Dec,Revenue,CY2027,224327.083,214003.429,-4.6%,194085.25,-9.3%,199356.111,+2.7%,376.42,,-11.1%,+7.4%,+8.9%,-10.5%
ELV,Extended,Uncategorized,Health Care,Health Care Equipment & Servic,,Dec,Revenue,CY2028,245954.4,220610.5,-10.3%,192480.636,-12.8%,210191.667,+9.2%,376.42,,-14.5%,+7.4%,+8.9%,-10.5%
WMT,Extended,Uncategorized,Consumer Staples,Consumer Staples Distribution,,Jan,Revenue,CY2025,705376.615,709757.649,+0.6%,712972.791,+0.5%,712992.0,+0.0%,131.93,,+1.1%,+18.4%,+10.7%,+35.7%
WMT,Extended,Uncategorized,Consumer Staples,Consumer Staples Distribution,,Jan,Revenue,CY2026,736886.135,743993.595,+1.0%,748120.714,+0.6%,748356.625,+0.0%,131.93,,+1.6%,+18.4%,+10.7%,+35.7%
WMT,Extended,Uncategorized,Consumer Staples,Consumer Staples Distribution,,Jan,Revenue,CY2027,771085.5,778785.68,+1.0%,783440.469,+0.6%,784094.184,+0.1%,131.93,,+1.7%,+18.4%,+10.7%,+35.7%
WMT,Extended,Uncategorized,Consumer Staples,Consumer Staples Distribution,,Jan,Revenue,CY2028,804470.0,825663.0,+2.6%,828338.417,+0.3%,823369.571,-0.6%,131.93,,+2.3%,+18.4%,+10.7%,+35.7%
LAD,Extended,Uncategorized,Consumer Discretionary,Consumer Discretionary Distrib,,Dec,Revenue,CY2025,37943.6,37795.786,-0.4%,37722.143,-0.2%,37722.143,+0.0%,290.12,,-0.6%,-12.7%,-10.3%,-0.9%
LAD,Extended,Uncategorized,Consumer Discretionary,Consumer Discretionary Distrib,,Dec,Revenue,CY2026,40243.867,39433.214,-2.0%,39397.143,-0.1%,38477.267,-2.3%,290.12,,-4.4%,-12.7%,-10.3%,-0.9%
LAD,Extended,Uncategorized,Consumer Discretionary,Consumer Discretionary Distrib,,Dec,Revenue,CY2027,44634.714,41901.375,-6.1%,41746.111,-0.4%,40027.0,-4.1%,290.12,,-10.3%,-12.7%,-10.3%,-0.9%
LAD,Extended,Uncategorized,Consumer Discretionary,Consumer Discretionary Distrib,,Dec,Revenue,CY2028,43788.0,42773.667,-2.3%,42177.25,-1.4%,42447.5,+0.6%,290.12,,-3.1%,-12.7%,-10.3%,-0.9%
CI,Extended,Uncategorized,Health Care,Health Care Equipment & Servic,,Dec,Revenue,CY2025,252437.864,269590.857,+6.8%,270646.75,+0.4%,270646.75,+0.0%,290.58,,+7.2%,+5.6%,+6.0%,-14.5%
CI,Extended,Uncategorized,Health Care,Health Care Equipment & Servic,,Dec,Revenue,CY2026,263937.304,282537.0,+7.0%,284105.0,+0.6%,283565.7,-0.2%,290.58,,+7.4%,+5.6%,+6.0%,-14.5%
CI,Extended,Uncategorized,Health Care,Health Care Equipment & Servic,,Dec,Revenue,CY2027,277464.714,299878.737,+8.1%,301317.684,+0.5%,299567.8,-0.6%,290.58,,+8.0%,+5.6%,+6.0%,-14.5%
CI,Extended,Uncategorized,Health Care,Health Care Equipment & Servic,,Dec,Revenue,CY2028,295688.857,321787.0,+8.8%,320313.857,-0.5%,317060.25,-1.0%,290.58,,+7.2%,+5.6%,+6.0%,-14.5%
THC,Extended,Healthcare providers,Health Care,Health Care Equipment & Servic,,Dec,Revenue,CY2025,20876.0,21187.609,+1.5%,21240.227,+0.2%,21243.318,+0.0%,177.12,,+1.8%,-10.9%,-6.4%,+23.9%
THC,Extended,Healthcare providers,Health Care,Health Care Equipment & Servic,,Dec,Revenue,CY2026,21920.273,22139.455,+1.0%,22158.667,+0.1%,21992.526,-0.7%,177.12,,+0.3%,-10.9%,-6.4%,+23.9%
THC,Extended,Healthcare providers,Health Care,Health Care Equipment & Servic,,Dec,Revenue,CY2027,23061.083,23230.0,+0.7%,23231.389,+0.0%,22386.0,-3.6%,177.12,,-2.9%,-10.9%,-6.4%,+23.9%
THC,Extended,Healthcare providers,Health Care,Health Care Equipment & Servic,,Dec,Revenue,CY2028,24078.75,24186.0,+0.4%,24062.25,-0.5%,23561.273,-2.1%,177.12,,-2.1%,-10.9%,-6.4%,+23.9%
UHS,Extended,Healthcare providers,Health Care,Health Care Equipment & Servic,,Dec,Revenue,CY2025,17149.35,17302.85,+0.9%,17386.333,+0.5%,17386.333,+0.0%,168.27,,+1.4%,-22.8%,-16.4%,-5.0%
UHS,Extended,Healthcare providers,Health Care,Health Care Equipment & Servic,,Dec,Revenue,CY2026,18101.737,18174.0,+0.4%,18255.611,+0.4%,18519.3,+1.4%,168.27,,+2.3%,-22.8%,-16.4%,-5.0%
UHS,Extended,Healthcare providers,Health Care,Health Care Equipment & Servic,,Dec,Revenue,CY2027,19038.636,19118.588,+0.4%,19208.063,+0.5%,19461.35,+1.3%,168.27,,+2.2%,-22.8%,-16.4%,-5.0%
UHS,Extended,Healthcare providers,Health Care,Health Care Equipment & Servic,,Dec,Revenue,CY2028,19862.0,20010.0,+0.7%,19948.667,-0.3%,20537.455,+3.0%,168.27,,+3.4%,-22.8%,-16.4%,-5.0%
CYH,Extended,Healthcare providers,Health Care,Health Care Equipment & Servic,,Dec,Revenue,CY2025,12378.2,12508.2,+1.1%,12517.3,+0.1%,12517.3,+0.0%,2.84,,+1.1%,-9.0%,-11.5%,+4.0%
CYH,Extended,Healthcare providers,Health Care,Health Care Equipment & Servic,,Dec,Revenue,CY2026,12840.556,12808.0,-0.3%,12669.4,-1.1%,11670.333,-7.9%,2.84,,-9.1%,-9.0%,-11.5%,+4.0%
CYH,Extended,Healthcare providers,Health Care,Health Care Equipment & Servic,,Dec,Revenue,CY2027,13411.6,13274.5,-1.0%,13110.75,-1.2%,11868.889,-9.5%,2.84,,-11.5%,-9.0%,-11.5%,+4.0%
CYH,Extended,Healthcare providers,Health Care,Health Care Equipment & Servic,,Dec,Revenue,CY2028,14143.0,13918.0,-1.6%,13973.5,+0.4%,12293.333,-12.0%,2.84,,-13.1%,-9.0%,-11.5%,+4.0%
DVA,Extended,Healthcare providers,Health Care,Health Care Equipment & Servic,,Dec,Revenue,CY2025,13494.625,13490.111,-0.0%,13516.375,+0.2%,13516.375,+0.0%,155.14,,+0.2%,+36.6%,+41.9%,+9.6%
DVA,Extended,Healthcare providers,Health Care,Health Care Equipment & Servic,,Dec,Revenue,CY2026,14025.5,13923.222,-0.7%,13919.875,-0.0%,14029.625,+0.8%,155.14,,+0.0%,+36.6%,+41.9%,+9.6%
DVA,Extended,Healthcare providers,Health Care,Health Care Equipment & Servic,,Dec,Revenue,CY2027,14716.0,14397.714,-2.2%,14420.143,+0.2%,14459.5,+0.3%,155.14,,-1.7%,+36.6%,+41.9%,+9.6%
DVA,Extended,Healthcare providers,Health Care,Health Care Equipment & Servic,,Dec,Revenue,CY2028,15675.333,15082.0,-3.8%,15043.0,-0.3%,15022.75,-0.1%,155.14,,-4.2%,+36.6%,+41.9%,+9.6%
DGX,Extended,Healthcare providers,Health Care,Health Care Equipment & Servic,,Dec,Revenue,CY2025,10791.667,10983.5,+1.8%,10984.278,+0.0%,10984.556,+0.0%,194.2,,+1.8%,+11.9%,+3.8%,+9.0%
DGX,Extended,Healthcare providers,Health Care,Health Care Equipment & Servic,,Dec,Revenue,CY2026,11226.889,11373.125,+1.3%,11396.692,+0.2%,11852.529,+4.0%,194.2,,+5.6%,+11.9%,+3.8%,+9.0%
DGX,Extended,Healthcare providers,Health Care,Health Care Equipment & Servic,,Dec,Revenue,CY2027,11656.071,11835.533,+1.5%,11863.933,+0.2%,12376.412,+4.3%,194.2,,+6.2%,+11.9%,+3.8%,+9.0%
DGX,Extended,Healthcare providers,Health Care,Health Care Equipment & Servic,,Dec,Revenue,CY2028,12053.8,12262.833,+1.7%,12390.429,+1.0%,12920.923,+4.3%,194.2,,+7.2%,+11.9%,+3.8%,+9.0%
HUM,Extended,Managed Care,Health Care,Health Care Equipment & Servic,,Dec,Revenue,CY2025,126178.105,128341.158,+1.7%,129144.714,+0.6%,129144.714,+0.0%,236.44,,+2.4%,-7.7%,+21.1%,-9.8%
HUM,Extended,Managed Care,Health Care,Health Care Equipment & Servic,,Dec,Revenue,CY2026,129785.389,134920.75,+4.0%,145296.842,+7.7%,162611.227,+11.9%,236.44,,+25.3%,-7.7%,+21.1%,-9.8%
HUM,Extended,Managed Care,Health Care,Health Care Equipment & Servic,,Dec,Revenue,CY2027,139978.75,143781.235,+2.7%,155962.368,+8.5%,170873.364,+9.6%,236.44,,+22.1%,-7.7%,+21.1%,-9.8%
HUM,Extended,Managed Care,Health Care,Health Care Equipment & Servic,,Dec,Revenue,CY2028,150655.167,157754.625,+4.7%,169868.857,+7.7%,182250.4,+7.3%,236.44,,+21.0%,-7.7%,+21.1%,-9.8%
CNC,Extended,Managed Care,Health Care,Health Care Equipment & Servic,,Dec,Revenue,CY2025,177500.563,191068.353,+7.6%,192953.625,+1.0%,192953.625,+0.0%,53.69,,+8.7%,+30.5%,+23.9%,-10.3%
CNC,Extended,Managed Care,Health Care,Health Care Equipment & Servic,,Dec,Revenue,CY2026,181315.313,193672.944,+6.8%,192716.056,-0.5%,189655.647,-1.6%,53.69,,+4.6%,+30.5%,+23.9%,-10.3%
CNC,Extended,Managed Care,Health Care,Health Care Equipment & Servic,,Dec,Revenue,CY2027,188617.0,197908.824,+4.9%,195640.118,-1.1%,191979.667,-1.9%,53.69,,+1.8%,+30.5%,+23.9%,-10.3%
CNC,Extended,Managed Care,Health Care,Health Care Equipment & Servic,,Dec,Revenue,CY2028,200125.667,202052.0,+1.0%,196705.0,-2.6%,199953.846,+1.7%,53.69,,-0.1%,+30.5%,+23.9%,-10.3%
MOH,Extended,Managed Care,Health Care,Health Care Equipment & Servic,,Dec,Revenue,CY2025,44065.471,44718.111,+1.5%,44926.294,+0.5%,44926.294,+0.0%,194.62,,+2.0%,+12.1%,+8.4%,-40.5%
MOH,Extended,Managed Care,Health Care,Health Care Equipment & Servic,,Dec,Revenue,CY2026,47595.2,46715.813,-1.8%,46553.471,-0.3%,44295.235,-4.9%,194.62,,-6.9%,+12.1%,+8.4%,-40.5%
MOH,Extended,Managed Care,Health Care,Health Care Equipment & Servic,,Dec,Revenue,CY2027,51075.2,49734.467,-2.6%,50432.625,+1.4%,46855.8,-7.1%,194.62,,-8.3%,+12.1%,+8.4%,-40.5%
MOH,Extended,Managed Care,Health Care,Health Care Equipment & Servic,,Dec,Revenue,CY2028,54069.75,51583.5,-4.6%,52417.8,+1.6%,49665.9,-5.2%,194.62,,-8.1%,+12.1%,+8.4%,-40.5%
PINS,Extended,Internet,Communication Services,Media & Entertainment,,Dec,Revenue,CY2025,4136.526,4238.184,+2.5%,4232.829,-0.1%,4232.914,+0.0%,19.66,,+2.3%,-24.1%,-11.2%,-22.4%
PINS,Extended,Internet,Communication Services,Media & Entertainment,,Dec,Revenue,CY2026,4734.216,4867.324,+2.8%,4831.921,-0.7%,4768.946,-1.3%,19.66,,+0.7%,-24.1%,-11.2%,-22.4%
PINS,Extended,Internet,Communication Services,Media & Entertainment,,Dec,Revenue,CY2027,5411.833,5561.8,+2.8%,5514.258,-0.9%,5348.829,-3.0%,19.66,,-1.2%,-24.1%,-11.2%,-22.4%
PINS,Extended,Internet,Communication Services,Media & Entertainment,,Dec,Revenue,CY2028,6177.583,6302.538,+2.0%,6202.067,-1.6%,5941.348,-4.2%,19.66,,-3.8%,-24.1%,-11.2%,-22.4%
SNAP,Extended,Internet,Communication Services,Media & Entertainment,,Dec,Revenue,CY2025,5860.275,5886.364,+0.4%,5916.395,+0.5%,5916.818,+0.0%,6.07,,+1.0%,-24.8%,-12.4%,-23.7%
SNAP,Extended,Internet,Communication Services,Media & Entertainment,,Dec,Revenue,CY2026,6495.61,6510.209,+0.2%,6745.933,+3.6%,6690.533,-0.8%,6.07,,+3.0%,-24.8%,-12.4%,-23.7%
SNAP,Extended,Internet,Communication Services,Media & Entertainment,,Dec,Revenue,CY2027,7246.355,7200.353,-0.6%,7322.179,+1.7%,7367.233,+0.6%,6.07,,+1.7%,-24.8%,-12.4%,-23.7%
SNAP,Extended,Internet,Communication Services,Media & Entertainment,,Dec,Revenue,CY2028,7968.105,7864.833,-1.3%,7938.85,+0.9%,7980.633,+0.5%,6.07,,+0.2%,-24.8%,-12.4%,-23.7%
RDDT,Extended,Internet,Communication Services,Media & Entertainment,,Dec,Revenue,CY2025,1764.519,2133.071,+20.9%,2142.871,+0.5%,2142.813,-0.0%,147.23,,+21.4%,-36.0%,-18.3%,+26.3%
RDDT,Extended,Internet,Communication Services,Media & Entertainment,,Dec,Revenue,CY2026,2265.654,2931.517,+29.4%,2977.323,+1.6%,3147.147,+5.7%,147.23,,+38.9%,-36.0%,-18.3%,+26.3%
RDDT,Extended,Internet,Communication Services,Media & Entertainment,,Dec,Revenue,CY2027,2841.263,3818.5,+34.4%,3884.793,+1.7%,4095.121,+5.4%,147.23,,+44.1%,-36.0%,-18.3%,+26.3%
RDDT,Extended,Internet,Communication Services,Media & Entertainment,,Dec,Revenue,CY2028,3461.111,4822.333,+39.3%,4943.308,+2.5%,5180.15,+4.8%,147.23,,+49.7%,-36.0%,-18.3%,+26.3%
EBAY,Extended,Internet,Consumer Discretionary,Consumer Discretionary Distrib,,Dec,Revenue,CY2025,10533.419,10975.313,+4.2%,11009.25,+0.3%,11009.469,+0.0%,103.48,,+4.5%,+18.8%,+13.4%,+51.8%
EBAY,Extended,Internet,Consumer Discretionary,Consumer Discretionary Distrib,,Dec,Revenue,CY2026,10929.844,11502.094,+5.2%,11529.625,+0.2%,12116.424,+5.1%,103.48,,+10.9%,+18.8%,+13.4%,+51.8%
EBAY,Extended,Internet,Consumer Discretionary,Consumer Discretionary Distrib,,Dec,Revenue,CY2027,11365.727,12064.154,+6.1%,12095.88,+0.3%,12736.531,+5.3%,103.48,,+12.1%,+18.8%,+13.4%,+51.8%
EBAY,Extended,Internet,Consumer Discretionary,Consumer Discretionary Distrib,,Dec,Revenue,CY2028,11704.917,12665.5,+8.2%,12601.429,-0.5%,13316.952,+5.7%,103.48,,+13.8%,+18.8%,+13.4%,+51.8%
TTD,Extended,Internet,Communication Services,Media & Entertainment,,Dec,Revenue,CY2025,2852.925,2862.886,+0.3%,2893.375,+1.1%,2892.519,-0.0%,23.59,,+1.4%,-37.9%,-22.2%,-56.0%
TTD,Extended,Internet,Communication Services,Media & Entertainment,,Dec,Revenue,CY2026,3400.75,3260.5,-4.1%,3354.179,+2.9%,3256.744,-2.9%,23.59,,-4.2%,-37.9%,-22.2%,-56.0%
TTD,Extended,Internet,Communication Services,Media & Entertainment,,Dec,Revenue,CY2027,4000.6,3876.375,-3.1%,3876.839,+0.0%,3659.513,-5.6%,23.59,,-8.5%,-37.9%,-22.2%,-56.0%
TTD,Extended,Internet,Communication Services,Media & Entertainment,,Dec,Revenue,CY2028,4686.438,4464.059,-4.7%,4446.882,-0.4%,4029.739,-9.4%,23.59,,-14.0%,-37.9%,-22.2%,-56.0%
U,Extended,Internet,Information Technology,Software & Services,,Dec,Revenue,CY2025,1766.786,1808.517,+2.4%,1839.31,+1.7%,1840.655,+0.1%,26.42,,+4.2%,-40.2%,-9.2%,+25.4%
U,Extended,Internet,Information Technology,Software & Services,,Dec,Revenue,CY2026,1938.231,2022.0,+4.3%,2073.143,+2.5%,2111.276,+1.8%,26.42,,+8.9%,-40.2%,-9.2%,+25.4%
U,Extended,Internet,Information Technology,Software & Services,,Dec,Revenue,CY2027,2386.588,2289.095,-4.1%,2395.833,+4.7%,2389.143,-0.3%,26.42,,+0.1%,-40.2%,-9.2%,+25.4%
U,Extended,Internet,Information Technology,Software & Services,,Dec,Revenue,CY2028,3213.167,2493.625,-22.4%,2713.667,+8.8%,2725.667,+0.4%,26.42,,-15.2%,-40.2%,-9.2%,+25.4%
ARM,Extended,Technology,Information Technology,Semiconductors & Semiconductor,,Mar,Revenue,CY2025,4932.718,4751.237,-3.7%,4855.614,+2.2%,4899.561,+0.9%,210.32,,-0.7%,+92.4%,+99.6%,+84.4%
ARM,Extended,Technology,Information Technology,Semiconductors & Semiconductor,,Mar,Revenue,CY2026,5967.3,5775.0,-3.2%,5916.114,+2.4%,5961.907,+0.8%,210.32,,-0.1%,+92.4%,+99.6%,+84.4%
ARM,Extended,Technology,Information Technology,Semiconductors & Semiconductor,,Mar,Revenue,CY2027,6913.4,6883.5,-0.4%,7089.065,+3.0%,7546.559,+6.5%,210.32,,+9.2%,+92.4%,+99.6%,+84.4%
ARM,Extended,Technology,Information Technology,Semiconductors & Semiconductor,,Mar,Revenue,CY2028,8063.714,8327.0,+3.3%,8231.8,-1.1%,9489.733,+15.3%,210.32,,+17.7%,+92.4%,+99.6%,+84.4%
MRVL,Extended,Technology,Information Technology,Semiconductors & Semiconductor,,Jan,Revenue,CY2025,8265.875,8137.243,-1.6%,8179.108,+0.5%,8178.444,-0.0%,165.15,,-1.1%,+94.3%,+109.3%,+182.9%
MRVL,Extended,Technology,Information Technology,Semiconductors & Semiconductor,,Jan,Revenue,CY2026,9873.395,9429.75,-4.5%,9990.804,+5.9%,10854.463,+8.6%,165.15,,+9.9%,+94.3%,+109.3%,+182.9%
MRVL,Extended,Technology,Information Technology,Semiconductors & Semiconductor,,Jan,Revenue,CY2027,11629.4,11067.053,-4.8%,12781.944,+15.5%,14906.767,+16.6%,165.15,,+28.2%,+94.3%,+109.3%,+182.9%
MRVL,Extended,Technology,Information Technology,Semiconductors & Semiconductor,,Jan,Revenue,CY2028,,13199.4,,16421.833,+24.4%,19162.333,+16.7%,165.15,,,+94.3%,+109.3%,+182.9%
AMD,Extended,Technology,Information Technology,Semiconductors & Semiconductor,,Dec,Revenue,CY2025,31220.922,33117.532,+6.1%,34078.737,+2.9%,34078.737,+0.0%,354.49,,+9.2%,+65.5%,+49.7%,+264.1%
AMD,Extended,Technology,Information Technology,Semiconductors & Semiconductor,,Dec,Revenue,CY2026,37395.529,41913.018,+12.1%,45364.965,+8.2%,47348.431,+4.4%,354.49,,+26.6%,+65.5%,+49.7%,+264.1%
AMD,Extended,Technology,Information Technology,Semiconductors & Semiconductor,,Dec,Revenue,CY2027,43103.682,57208.676,+32.7%,63699.714,+11.3%,68876.275,+8.1%,354.49,,+59.8%,+65.5%,+49.7%,+264.1%
AMD,Extended,Technology,Information Technology,Semiconductors & Semiconductor,,Dec,Revenue,CY2028,45174.0,66084.5,+46.3%,82295.462,+24.5%,87617.885,+6.5%,354.49,,+94.0%,+65.5%,+49.7%,+264.1%
INTC,Extended,Technology,Information Technology,Semiconductors & Semiconductor,,Dec,Revenue,CY2025,50514.268,52558.93,+4.0%,52601.63,+0.1%,52601.63,+0.0%,94.48,,+4.1%,+156.0%,+103.3%,+370.0%
INTC,Extended,Technology,Information Technology,Semiconductors & Semiconductor,,Dec,Revenue,CY2026,53351.463,53906.419,+1.0%,53951.0,+0.1%,58505.0,+8.4%,94.48,,+9.7%,+156.0%,+103.3%,+370.0%
INTC,Extended,Technology,Information Technology,Semiconductors & Semiconductor,,Dec,Revenue,CY2027,56957.35,56566.484,-0.7%,57981.605,+2.5%,64652.136,+11.5%,94.48,,+13.5%,+156.0%,+103.3%,+370.0%
INTC,Extended,Technology,Information Technology,Semiconductors & Semiconductor,,Dec,Revenue,CY2028,59036.5,64495.5,+9.2%,62349.125,-3.3%,71454.407,+14.6%,94.48,,+21.0%,+156.0%,+103.3%,+370.0%
TXN,Extended,Technology,Information Technology,Semiconductors & Semiconductor,,Dec,Revenue,CY2025,17275.588,17684.091,+2.4%,17687.114,+0.0%,17687.114,+0.0%,281.08,,+2.4%,+62.0%,+30.4%,+75.6%
TXN,Extended,Technology,Information Technology,Semiconductors & Semiconductor,,Dec,Revenue,CY2026,18993.176,19116.176,+0.6%,19432.714,+1.7%,20480.824,+5.4%,281.08,,+7.8%,+62.0%,+30.4%,+75.6%
TXN,Extended,Technology,Information Technology,Semiconductors & Semiconductor,,Dec,Revenue,CY2027,20951.059,21180.667,+1.1%,21267.171,+0.4%,23092.182,+8.6%,281.08,,+10.2%,+62.0%,+30.4%,+75.6%
TXN,Extended,Technology,Information Technology,Semiconductors & Semiconductor,,Dec,Revenue,CY2028,24266.0,24450.167,+0.8%,23664.8,-3.2%,25184.118,+6.4%,281.08,,+3.8%,+62.0%,+30.4%,+75.6%
ADI,Extended,Technology,Information Technology,Semiconductors & Semiconductor,,Oct,Revenue,CY2025,10336.815,10957.194,+6.0%,10957.516,+0.0%,10957.516,+0.0%,402.26,,+6.0%,+48.3%,+29.4%,+106.4%
ADI,Extended,Technology,Information Technology,Semiconductors & Semiconductor,,Oct,Revenue,CY2026,11629.222,12437.156,+6.9%,13090.636,+5.3%,14052.3,+7.3%,402.26,,+20.8%,+48.3%,+29.4%,+106.4%
ADI,Extended,Technology,Information Technology,Semiconductors & Semiconductor,,Oct,Revenue,CY2027,12734.636,13522.278,+6.2%,14316.759,+5.9%,15514.867,+8.4%,402.26,,+21.8%,+48.3%,+29.4%,+106.4%
ADI,Extended,Technology,Information Technology,Semiconductors & Semiconductor,,Oct,Revenue,CY2028,14221.75,14730.6,+3.6%,15824.462,+7.4%,16072.571,+1.6%,402.26,,+13.0%,+48.3%,+29.4%,+106.4%
005930,Extended,Technology,Information Technology,Technology Hardware & Equipmen,,Dec,Revenue,CY2025,323320246.0,324854022.103,+0.5%,331545634.105,+2.1%,331545634.105,+0.0%,222500.0,,+2.5%,+84.8%,+38.4%,+300.9%
005930,Extended,Technology,Information Technology,Technology Hardware & Equipmen,,Dec,Revenue,CY2026,342606234.972,375131944.41,+9.5%,470780860.342,+25.5%,624826388.075,+32.7%,222500.0,,+82.4%,+84.8%,+38.4%,+300.9%
005930,Extended,Technology,Information Technology,Technology Hardware & Equipmen,,Dec,Revenue,CY2027,356646234.273,406574404.545,+14.0%,532777823.056,+31.0%,747565226.462,+40.3%,222500.0,,+109.6%,+84.8%,+38.4%,+300.9%
005930,Extended,Technology,Information Technology,Technology Hardware & Equipmen,,Dec,Revenue,CY2028,353507369.0,410045292.0,+16.0%,653013447.375,+59.3%,806905017.633,+23.6%,222500.0,,+128.3%,+84.8%,+38.4%,+300.9%
000660,Extended,Technology,Information Technology,Semiconductors & Semiconductor,,Dec,Revenue,CY2025,86443796.816,92208421.103,+6.7%,95644767.921,+3.7%,95644767.921,+0.0%,1294000.0,,+10.6%,+98.5%,+43.1%,+629.0%
000660,Extended,Technology,Information Technology,Semiconductors & Semiconductor,,Dec,Revenue,CY2026,100093028.27,129383824.872,+29.3%,197902487.875,+53.0%,315709211.659,+59.5%,1294000.0,,+215.4%,+98.5%,+43.1%,+629.0%
000660,Extended,Technology,Information Technology,Semiconductors & Semiconductor,,Dec,Revenue,CY2027,110400451.739,150259918.5,+36.1%,246852236.297,+64.3%,433060776.341,+75.4%,1294000.0,,+292.3%,+98.5%,+43.1%,+629.0%
000660,Extended,Technology,Information Technology,Semiconductors & Semiconductor,,Dec,Revenue,CY2028,91500000.0,289718136.5,+216.6%,336086744.0,+16.0%,483093958.548,+43.7%,1294000.0,,+428.0%,+98.5%,+43.1%,+629.0%
INTU,Extended,Software,Information Technology,Software & Services,,Jul,Revenue,CY2025,18341.571,18749.655,+2.2%,18749.655,+0.0%,18749.655,+0.0%,388.5,,+2.2%,-41.4%,-22.1%,-38.1%
INTU,Extended,Software,Information Technology,Software & Services,,Jul,Revenue,CY2026,20590.519,21120.37,+2.6%,21218.893,+0.5%,21238.7,+0.1%,388.5,,+3.1%,-41.4%,-22.1%,-38.1%
INTU,Extended,Software,Information Technology,Software & Services,,Jul,Revenue,CY2027,23107.056,23789.556,+3.0%,23909.0,+0.5%,23913.033,+0.0%,388.5,,+3.5%,-41.4%,-22.1%,-38.1%
INTU,Extended,Software,Information Technology,Software & Services,,Jul,Revenue,CY2028,26168.833,26948.0,+3.0%,26890.222,-0.2%,26683.048,-0.8%,388.5,,+2.0%,-41.4%,-22.1%,-38.1%
DDOG,Extended,Software,Information Technology,Software & Services,,Dec,Revenue,CY2025,3192.024,3321.276,+4.0%,3390.395,+2.1%,3390.395,+0.0%,132.19,,+6.2%,-2.8%,+2.2%,+29.4%
DDOG,Extended,Software,Information Technology,Software & Services,,Dec,Revenue,CY2026,3833.465,3989.773,+4.1%,4105.889,+2.9%,4090.179,-0.4%,132.19,,+6.7%,-2.8%,+2.2%,+29.4%
DDOG,Extended,Software,Information Technology,Software & Services,,Dec,Revenue,CY2027,4686.45,4833.179,+3.1%,4960.342,+2.6%,4934.574,-0.5%,132.19,,+5.3%,-2.8%,+2.2%,+29.4%
DDOG,Extended,Software,Information Technology,Software & Services,,Dec,Revenue,CY2028,5503.143,5797.25,+5.3%,5925.6,+2.2%,5957.5,+0.5%,132.19,,+8.3%,-2.8%,+2.2%,+29.4%
BAC,Extended,Banks,Financials,Banks,,Dec,Revenue,CY2025,108261.412,109567.316,+1.2%,110692.65,+1.0%,110692.65,+0.0%,53.46,,+2.2%,-2.8%,+0.5%,+34.1%
BAC,Extended,Banks,Financials,Banks,,Dec,Revenue,CY2026,113995.938,116147.105,+1.9%,119980.167,+3.3%,121260.842,+1.1%,53.46,,+6.4%,-2.8%,+0.5%,+34.1%
BAC,Extended,Banks,Financials,Banks,,Dec,Revenue,CY2027,117640.5,121769.0,+3.5%,126437.059,+3.8%,127437.263,+0.8%,53.46,,+8.3%,-2.8%,+0.5%,+34.1%
BAC,Extended,Banks,Financials,Banks,,Dec,Revenue,CY2028,118171.0,123832.0,+4.8%,131626.667,+6.3%,133527.875,+1.4%,53.46,,+13.0%,-2.8%,+0.5%,+34.1%
WFC,Extended,Banks,Financials,Banks,,Dec,Revenue,CY2025,83345.45,83904.435,+0.7%,84048.739,+0.2%,84048.739,+0.0%,82.23,,+0.8%,-11.8%,-9.1%,+15.8%
WFC,Extended,Banks,Financials,Banks,,Dec,Revenue,CY2026,87204.6,88203.522,+1.1%,88217.333,+0.0%,87775.792,-0.5%,82.23,,+0.7%,-11.8%,-9.1%,+15.8%
WFC,Extended,Banks,Financials,Banks,,Dec,Revenue,CY2027,90972.333,92049.158,+1.2%,92327.043,+0.3%,92155.333,-0.2%,82.23,,+1.3%,-11.8%,-9.1%,+15.8%
WFC,Extended,Banks,Financials,Banks,,Dec,Revenue,CY2028,93139.5,97608.0,+4.8%,96723.0,-0.9%,96323.3,-0.4%,82.23,,+3.4%,-11.8%,-9.1%,+15.8%
GS,Extended,Banks,Financials,Financial Services,,Dec,Revenue,CY2025,55298.636,58862.87,+6.4%,58336.087,-0.9%,58336.087,+0.0%,923.77,,+5.5%,+5.1%,-1.2%,+68.7%
GS,Extended,Banks,Financials,Financial Services,,Dec,Revenue,CY2026,57681.0,61594.391,+6.8%,63791.458,+3.6%,63755.348,-0.1%,923.77,,+10.5%,+5.1%,-1.2%,+68.7%
GS,Extended,Banks,Financials,Financial Services,,Dec,Revenue,CY2027,59195.364,64189.056,+8.4%,66191.261,+3.1%,66360.783,+0.3%,923.77,,+12.1%,+5.1%,-1.2%,+68.7%
GS,Extended,Banks,Financials,Financial Services,,Dec,Revenue,CY2028,60672.5,65893.0,+8.6%,66449.0,+0.8%,67823.2,+2.1%,923.77,,+11.8%,+5.1%,-1.2%,+68.7%
MS,Extended,Banks,Financials,Financial Services,,Dec,Revenue,CY2025,65546.727,69722.045,+6.4%,70344.273,+0.9%,70344.273,+0.0%,190.59,,+7.3%,+7.4%,+4.3%,+65.1%
MS,Extended,Banks,Financials,Financial Services,,Dec,Revenue,CY2026,68162.682,73605.174,+8.0%,76321.333,+3.7%,77513.955,+1.6%,190.59,,+13.7%,+7.4%,+4.3%,+65.1%
MS,Extended,Banks,Financials,Financial Services,,Dec,Revenue,CY2027,70479.5,77647.667,+10.2%,80306.952,+3.4%,81605.0,+1.6%,190.59,,+15.8%,+7.4%,+4.3%,+65.1%
MS,Extended,Banks,Financials,Financial Services,,Dec,Revenue,CY2028,73125.0,81300.2,+11.2%,83607.333,+2.8%,85660.786,+2.5%,190.59,,+17.1%,+7.4%,+4.3%,+65.1%
C,Extended,Banks,Financials,Banks,,Dec,Revenue,CY2025,83598.25,85962.316,+2.8%,85704.947,-0.3%,85704.947,+0.0%,127.98,,+2.5%,+9.7%,+10.6%,+87.2%
C,Extended,Banks,Financials,Banks,,Dec,Revenue,CY2026,86091.125,88652.947,+3.0%,90800.947,+2.4%,93525.167,+3.0%,127.98,,+8.6%,+9.7%,+10.6%,+87.2%
C,Extended,Banks,Financials,Banks,,Dec,Revenue,CY2027,88055.0,91290.25,+3.7%,93930.722,+2.9%,96770.611,+3.0%,127.98,,+9.9%,+9.7%,+10.6%,+87.2%
C,Extended,Banks,Financials,Banks,,Dec,Revenue,CY2028,84343.0,88022.0,+4.4%,95013.4,+7.9%,101843.5,+7.2%,127.98,,+20.7%,+9.7%,+10.6%,+87.2%
CB,Extended,Insurance and reinsurance,Financials,Insurance,,Dec,Revenue,CY2025,59742.0,59479.75,-0.4%,59647.286,+0.3%,59647.286,+0.0%,327.0,,-0.2%,+4.8%,+5.6%,+14.3%
CB,Extended,Insurance and reinsurance,Financials,Insurance,,Dec,Revenue,CY2026,63650.75,63611.75,-0.1%,63891.571,+0.4%,64253.714,+0.6%,327.0,,+0.9%,+4.8%,+5.6%,+14.3%
CB,Extended,Insurance and reinsurance,Financials,Insurance,,Dec,Revenue,CY2027,67101.167,67558.333,+0.7%,67580.571,+0.0%,68099.0,+0.8%,327.0,,+1.5%,+4.8%,+5.6%,+14.3%
CB,Extended,Insurance and reinsurance,Financials,Insurance,,Dec,Revenue,CY2028,,,,67392.0,,71706.833,+6.4%,327.0,,,+4.8%,+5.6%,+14.3%
ALL,Extended,Insurance and reinsurance,Financials,Insurance,,Dec,Revenue,CY2025,66968.778,66839.0,-0.2%,67813.222,+1.5%,67813.222,+0.0%,217.26,,+1.3%,+4.4%,+9.2%,+9.5%
ALL,Extended,Insurance and reinsurance,Financials,Insurance,,Dec,Revenue,CY2026,71969.0,71052.0,-1.3%,71432.333,+0.5%,70837.778,-0.8%,217.26,,-1.6%,+4.4%,+9.2%,+9.5%
ALL,Extended,Insurance and reinsurance,Financials,Insurance,,Dec,Revenue,CY2027,76913.6,76030.556,-1.1%,75231.556,-1.1%,74352.222,-1.2%,217.26,,-3.3%,+4.4%,+9.2%,+9.5%
ALL,Extended,Insurance and reinsurance,Financials,Insurance,,Dec,Revenue,CY2028,,76298.0,,77666.333,+1.8%,77693.857,+0.0%,217.26,,,+4.4%,+9.2%,+9.5%
TRV,Extended,Insurance and reinsurance,Financials,Insurance,,Dec,Revenue,CY2025,49073.222,48798.095,-0.6%,48813.158,+0.0%,48813.158,+0.0%,305.14,,-0.5%,+5.2%,+7.3%,+15.5%
TRV,Extended,Insurance and reinsurance,Financials,Insurance,,Dec,Revenue,CY2026,52295.053,50459.81,-3.5%,50096.19,-0.7%,48870.19,-2.4%,305.14,,-6.5%,+5.2%,+7.3%,+15.5%
TRV,Extended,Insurance and reinsurance,Financials,Insurance,,Dec,Revenue,CY2027,55057.727,52278.611,-5.0%,51645.35,-1.2%,50360.9,-2.5%,305.14,,-8.5%,+5.2%,+7.3%,+15.5%
TRV,Extended,Insurance and reinsurance,Financials,Insurance,,Dec,Revenue,CY2028,56608.0,53691.333,-5.2%,53019.889,-1.3%,51935.182,-2.0%,305.14,,-8.3%,+5.2%,+7.3%,+15.5%
AIG,Extended,Insurance and reinsurance,Financials,Insurance,,Dec,Revenue,CY2025,27411.727,27606.222,+0.7%,27551.5,-0.2%,27551.5,+0.0%,74.8,,+0.5%,-12.6%,-0.1%,-8.2%
AIG,Extended,Insurance and reinsurance,Financials,Insurance,,Dec,Revenue,CY2026,28484.333,28225.182,-0.9%,28606.364,+1.4%,28857.231,+0.9%,74.8,,+1.3%,-12.6%,-0.1%,-8.2%
AIG,Extended,Insurance and reinsurance,Financials,Insurance,,Dec,Revenue,CY2027,30344.0,29511.2,-2.7%,30514.727,+3.4%,30768.538,+0.8%,74.8,,+1.4%,-12.6%,-0.1%,-8.2%
AIG,Extended,Insurance and reinsurance,Financials,Insurance,,Dec,Revenue,CY2028,,32411.0,,32762.5,+1.1%,32091.375,-2.0%,74.8,,,-12.6%,-0.1%,-8.2%
ACGL,Extended,Insurance and reinsurance,Financials,Insurance,,Dec,Revenue,CY2025,18822.1,19603.1,+4.1%,19597.0,-0.0%,19606.538,+0.0%,94.46,,+4.2%,-1.5%,-1.6%,+4.2%
ACGL,Extended,Insurance and reinsurance,Financials,Insurance,,Dec,Revenue,CY2026,20177.5,19762.083,-2.1%,19386.75,-1.9%,18766.909,-3.2%,94.46,,-7.0%,-1.5%,-1.6%,+4.2%
ACGL,Extended,Insurance and reinsurance,Financials,Insurance,,Dec,Revenue,CY2027,21815.833,21014.333,-3.7%,20209.455,-3.8%,19144.231,-5.3%,94.46,,-12.2%,-1.5%,-1.6%,+4.2%
ACGL,Extended,Insurance and reinsurance,Financials,Insurance,,Dec,Revenue,CY2028,,,,21018.0,,19816.778,-5.7%,94.46,,,-1.5%,-1.6%,+4.2%
KMX,Extended,Autos,Consumer Discretionary,Consumer Discretionary Distrib,,Feb,Revenue,CY2025,27443.5,26030.611,-5.1%,25577.765,-1.7%,25640.375,+0.2%,39.31,,-6.6%,+1.7%,-11.7%,-39.2%
KMX,Extended,Autos,Consumer Discretionary,Consumer Discretionary Distrib,,Feb,Revenue,CY2026,28958.933,26611.389,-8.1%,25705.5,-3.4%,25983.944,+1.1%,39.31,,-10.3%,+1.7%,-11.7%,-39.2%
KMX,Extended,Autos,Consumer Discretionary,Consumer Discretionary Distrib,,Feb,Revenue,CY2027,30491.0,27459.5,-9.9%,26129.0,-4.8%,26552.588,+1.6%,39.31,,-12.9%,+1.7%,-11.7%,-39.2%
KMX,Extended,Autos,Consumer Discretionary,Consumer Discretionary Distrib,,Feb,Revenue,CY2028,30501.0,28964.0,-5.0%,26633.5,-8.0%,26731.429,+0.4%,39.31,,-12.4%,+1.7%,-11.7%,-39.2%
AN,Extended,Autos,Consumer Discretionary,Consumer Discretionary Distrib,,Dec,Revenue,CY2025,27070.077,27766.909,+2.6%,27863.636,+0.3%,27863.636,+0.0%,212.38,,+2.9%,+2.9%,+3.6%,+22.0%
AN,Extended,Autos,Consumer Discretionary,Consumer Discretionary Distrib,,Dec,Revenue,CY2026,27732.923,28384.083,+2.3%,28570.25,+0.7%,27963.0,-2.1%,212.38,,+0.8%,+2.9%,+3.6%,+22.0%
AN,Extended,Autos,Consumer Discretionary,Consumer Discretionary Distrib,,Dec,Revenue,CY2027,28985.0,29278.833,+1.0%,29527.143,+0.8%,28822.308,-2.4%,212.38,,-0.6%,+2.9%,+3.6%,+22.0%
AN,Extended,Autos,Consumer Discretionary,Consumer Discretionary Distrib,,Dec,Revenue,CY2028,30560.0,31053.0,+1.6%,30868.5,-0.6%,30439.286,-1.4%,212.38,,-0.4%,+2.9%,+3.6%,+22.0%
GPI,Extended,Autos,Consumer Discretionary,Consumer Discretionary Distrib,,Dec,Revenue,CY2025,22088.6,22618.6,+2.4%,22609.5,-0.0%,22609.5,+0.0%,356.87,,+2.4%,-9.3%,+0.7%,-11.6%
GPI,Extended,Autos,Consumer Discretionary,Consumer Discretionary Distrib,,Dec,Revenue,CY2026,22808.6,23472.3,+2.9%,23443.6,-0.1%,23004.0,-1.9%,356.87,,+0.9%,-9.3%,+0.7%,-11.6%
GPI,Extended,Autos,Consumer Discretionary,Consumer Discretionary Distrib,,Dec,Revenue,CY2027,23734.333,24167.25,+1.8%,24151.714,-0.1%,23783.273,-1.5%,356.87,,+0.2%,-9.3%,+0.7%,-11.6%
GPI,Extended,Autos,Consumer Discretionary,Consumer Discretionary Distrib,,Dec,Revenue,CY2028,25635.0,25980.0,+1.3%,25424.0,-2.1%,24805.8,-2.4%,356.87,,-3.2%,-9.3%,+0.7%,-11.6%
SAH,Extended,Autos,Consumer Discretionary,Consumer Discretionary Distrib,,Dec,Revenue,CY2025,14624.7,14993.556,+2.5%,15179.6,+1.2%,15179.6,+0.0%,78.75,,+3.8%,+27.3%,+31.3%,+29.7%
SAH,Extended,Autos,Consumer Discretionary,Consumer Discretionary Distrib,,Dec,Revenue,CY2026,15164.3,15464.667,+2.0%,15679.7,+1.4%,15692.182,+0.1%,78.75,,+3.5%,+27.3%,+31.3%,+29.7%
SAH,Extended,Autos,Consumer Discretionary,Consumer Discretionary Distrib,,Dec,Revenue,CY2027,16508.667,16260.75,-1.5%,16365.2,+0.6%,16343.909,-0.1%,78.75,,-1.0%,+27.3%,+31.3%,+29.7%
SAH,Extended,Autos,Consumer Discretionary,Consumer Discretionary Distrib,,Dec,Revenue,CY2028,18475.5,18346.0,-0.7%,17682.0,-3.6%,17172.4,-2.9%,78.75,,-7.1%,+27.3%,+31.3%,+29.7%
CPRT,Extended,Autos,Industrials,Commercial & Professional Serv,,Jul,Revenue,CY2025,4700.1,4670.5,-0.6%,4670.5,+0.0%,4670.5,+0.0%,33.11,,-0.6%,-15.4%,-18.4%,-45.7%
CPRT,Extended,Autos,Industrials,Commercial & Professional Serv,,Jul,Revenue,CY2026,5153.444,4897.3,-5.0%,4760.6,-2.8%,4607.3,-3.2%,33.11,,-10.6%,-15.4%,-18.4%,-45.7%
CPRT,Extended,Autos,Industrials,Commercial & Professional Serv,,Jul,Revenue,CY2027,,5255.2,,5070.9,-3.5%,4823.7,-4.9%,33.11,,,-15.4%,-18.4%,-45.7%
CPRT,Extended,Autos,Industrials,Commercial & Professional Serv,,Jul,Revenue,CY2028,,6027.0,,5866.667,-2.7%,5262.333,-10.3%,33.11,,,-15.4%,-18.4%,-45.7%
GFS,Extended,Technology,Information Technology,Semiconductors & Semiconductor,,Dec,Revenue,CY2025,6916.333,6772.4,-2.1%,6764.45,-0.1%,6764.45,+0.0%,64.6,,-2.2%,+85.0%,+53.1%,+84.2%
GFS,Extended,Technology,Information Technology,Semiconductors & Semiconductor,,Dec,Revenue,CY2026,7669.294,7296.857,-4.9%,7172.45,-1.7%,7236.75,+0.9%,64.6,,-5.6%,+85.0%,+53.1%,+84.2%
GFS,Extended,Technology,Information Technology,Semiconductors & Semiconductor,,Dec,Revenue,CY2027,8452.625,7968.0,-5.7%,7795.118,-2.2%,7953.895,+2.0%,64.6,,-5.9%,+85.0%,+53.1%,+84.2%
GFS,Extended,Technology,Information Technology,Semiconductors & Semiconductor,,Dec,Revenue,CY2028,9367.0,8866.5,-5.3%,8577.25,-3.3%,8767.1,+2.2%,64.6,,-6.4%,+85.0%,+53.1%,+84.2%
2454,Extended,Technology,Information Technology,Semiconductors & Semiconductor,,Dec,Revenue,CY2025,611820.467,586805.167,-4.1%,593811.733,+1.2%,593911.133,+0.0%,2610.0,,-2.9%,+82.5%,+48.3%,+93.3%
2454,Extended,Technology,Information Technology,Semiconductors & Semiconductor,,Dec,Revenue,CY2026,713333.808,654040.4,-8.3%,645060.433,-1.4%,640257.533,-0.7%,2610.0,,-10.2%,+82.5%,+48.3%,+93.3%
2454,Extended,Technology,Information Technology,Semiconductors & Semiconductor,,Dec,Revenue,CY2027,811722.077,782518.316,-3.6%,821392.13,+5.0%,915824.593,+11.5%,2610.0,,+12.8%,+82.5%,+48.3%,+93.3%
2454,Extended,Technology,Information Technology,Semiconductors & Semiconductor,,Dec,Revenue,CY2028,,875136.5,,875136.5,+0.0%,1321831.471,+51.0%,2610.0,,,+82.5%,+48.3%,+93.3%
