Ticker,Group,Category,GICS Sector,GICS Industry,EPS Type,FYE,Metric,Year,-1yr,-6m,-6m chg,-3m,-3m chg,Current,Current chg,Price,PE,12m Rev,Return_YTD,Return_3m,Return_12m
HCA,Portfolio,,Health Care,Health Care Equipment & Servic,Adj,Dec,EPS,CY2025,25.332,27.687,+9.3%,27.69,+0.0%,27.69,+0.0%,375.17,13.5,+9.3%,-19.6%,-24.9%,-0.4%
HCA,Portfolio,,Health Care,Health Care Equipment & Servic,Adj,Dec,EPS,CY2026,28.018,29.646,+5.8%,30.372,+2.4%,30.153,-0.7%,375.17,12.4,+7.6%,-19.6%,-24.9%,-0.4%
HCA,Portfolio,,Health Care,Health Care Equipment & Servic,Adj,Dec,EPS,CY2027,31.604,32.895,+4.1%,33.38,+1.5%,33.132,-0.7%,375.17,11.3,+4.8%,-19.6%,-24.9%,-0.4%
HCA,Portfolio,,Health Care,Health Care Equipment & Servic,Adj,Dec,EPS,CY2028,36.22,36.79,+1.6%,37.55,+2.1%,37.086,-1.2%,375.17,10.1,+2.4%,-19.6%,-24.9%,-0.4%
UNH,Portfolio,,Health Care,Health Care Equipment & Servic,GAAP,Dec,EPS,CY2025,20.797,14.944,-28.1%,14.947,+0.0%,14.947,+0.0%,400.96,26.8,-28.1%,+21.5%,+43.0%,+30.5%
UNH,Portfolio,,Health Care,Health Care Equipment & Servic,GAAP,Dec,EPS,CY2026,24.471,16.406,-33.0%,16.826,+2.6%,17.152,+1.9%,400.96,23.4,-29.9%,+21.5%,+43.0%,+30.5%
UNH,Portfolio,,Health Care,Health Care Equipment & Servic,GAAP,Dec,EPS,CY2027,28.338,19.375,-31.6%,18.435,-4.9%,18.815,+2.1%,400.96,21.3,-33.6%,+21.5%,+43.0%,+30.5%
UNH,Portfolio,,Health Care,Health Care Equipment & Servic,GAAP,Dec,EPS,CY2028,32.685,23.718,-27.4%,21.731,-8.4%,23.234,+6.9%,400.96,17.3,-28.9%,+21.5%,+43.0%,+30.5%
TSM,Portfolio,,Information Technology,Semiconductors & Semiconductor,GAAP,Dec,EPS,CY2025,10.058,10.183,+1.2%,10.239,+0.5%,10.239,+0.0%,462.12,45.1,+1.8%,+52.1%,+36.4%,+116.4%
TSM,Portfolio,,Information Technology,Semiconductors & Semiconductor,GAAP,Dec,EPS,CY2026,11.663,12.281,+5.3%,14.141,+15.1%,15.63,+10.5%,462.12,29.6,+34.0%,+52.1%,+36.4%,+116.4%
TSM,Portfolio,,Information Technology,Semiconductors & Semiconductor,GAAP,Dec,EPS,CY2027,13.47,14.3,+6.2%,17.353,+21.3%,19.645,+13.2%,462.12,23.5,+45.8%,+52.1%,+36.4%,+116.4%
TSM,Portfolio,,Information Technology,Semiconductors & Semiconductor,GAAP,Dec,EPS,CY2028,15.04,16.147,+7.4%,20.445,+26.6%,24.186,+18.3%,462.12,19.1,+60.8%,+52.1%,+36.4%,+116.4%
AVGO,Portfolio,,Information Technology,Semiconductors & Semiconductor,GAAP,Oct,EPS,CY2025,4.528,4.247,-6.2%,4.247,+0.0%,4.247,+0.0%,411.35,96.9,-6.2%,+18.9%,+28.6%,+63.7%
AVGO,Portfolio,,Information Technology,Semiconductors & Semiconductor,GAAP,Oct,EPS,CY2026,6.063,7.939,+30.9%,8.982,+13.1%,9.364,+4.3%,411.35,43.9,+54.4%,+18.9%,+28.6%,+63.7%
AVGO,Portfolio,,Information Technology,Semiconductors & Semiconductor,GAAP,Oct,EPS,CY2027,7.489,11.612,+55.1%,14.963,+28.9%,17.046,+13.9%,411.35,24.1,+127.6%,+18.9%,+28.6%,+63.7%
AVGO,Portfolio,,Information Technology,Semiconductors & Semiconductor,GAAP,Oct,EPS,CY2028,9.88,14.746,+49.3%,18.477,+25.3%,23.7,+28.3%,411.35,17.4,+139.9%,+18.9%,+28.6%,+63.7%
NVDA,Portfolio,,Information Technology,Semiconductors & Semiconductor,GAAP,Jan,EPS,CY2025,4.092,4.614,+12.8%,4.626,+0.3%,4.626,+0.0%,210.69,45.5,+13.0%,+13.0%,+18.0%,+44.8%
NVDA,Portfolio,,Information Technology,Semiconductors & Semiconductor,GAAP,Jan,EPS,CY2026,5.431,7.332,+35.0%,8.256,+12.6%,9.239,+11.9%,210.69,22.8,+70.1%,+13.0%,+18.0%,+44.8%
NVDA,Portfolio,,Information Technology,Semiconductors & Semiconductor,GAAP,Jan,EPS,CY2027,6.222,9.215,+48.1%,10.938,+18.7%,12.755,+16.6%,210.69,16.5,+105.0%,+13.0%,+18.0%,+44.8%
NVDA,Portfolio,,Information Technology,Semiconductors & Semiconductor,GAAP,Jan,EPS,CY2028,7.29,9.964,+36.7%,12.763,+28.1%,15.085,+18.2%,210.69,14.0,+106.9%,+13.0%,+18.0%,+44.8%
META,Portfolio,,Communication Services,Media & Entertainment,GAAP,Dec,EPS,CY2025,25.537,22.802,-10.7%,22.814,+0.1%,22.814,+0.0%,577.22,25.3,-10.7%,-12.6%,-4.9%,-17.0%
META,Portfolio,,Communication Services,Media & Entertainment,GAAP,Dec,EPS,CY2026,28.341,29.618,+4.5%,29.626,+0.0%,32.773,+10.6%,577.22,17.6,+15.6%,-12.6%,-4.9%,-17.0%
META,Portfolio,,Communication Services,Media & Entertainment,GAAP,Dec,EPS,CY2027,32.486,33.549,+3.3%,34.497,+2.8%,35.039,+1.6%,577.22,16.5,+7.9%,-12.6%,-4.9%,-17.0%
META,Portfolio,,Communication Services,Media & Entertainment,GAAP,Dec,EPS,CY2028,38.071,38.867,+2.1%,40.565,+4.4%,40.584,+0.0%,577.22,14.2,+6.6%,-12.6%,-4.9%,-17.0%
AMZN,Portfolio,,Consumer Discretionary,Consumer Discretionary Distrib,GAAP,Dec,EPS,CY2025,6.244,7.094,+13.6%,7.102,+0.1%,7.102,+0.0%,244.39,34.4,+13.7%,+5.9%,+17.1%,+15.0%
AMZN,Portfolio,,Consumer Discretionary,Consumer Discretionary Distrib,GAAP,Dec,EPS,CY2026,7.291,7.926,+8.7%,7.682,-3.1%,8.777,+14.3%,244.39,27.8,+20.4%,+5.9%,+17.1%,+15.0%
AMZN,Portfolio,,Consumer Discretionary,Consumer Discretionary Distrib,GAAP,Dec,EPS,CY2027,8.861,9.685,+9.3%,9.306,-3.9%,10.009,+7.6%,244.39,24.4,+13.0%,+5.9%,+17.1%,+15.0%
AMZN,Portfolio,,Consumer Discretionary,Consumer Discretionary Distrib,GAAP,Dec,EPS,CY2028,10.369,11.196,+8.0%,11.629,+3.9%,12.88,+10.8%,244.39,19.0,+24.2%,+5.9%,+17.1%,+15.0%
JPM,Portfolio,,Financials,Banks,GAAP,Dec,EPS,CY2025,18.627,20.276,+8.9%,19.774,-2.5%,19.774,+0.0%,325.22,16.4,+6.2%,+0.9%,+12.9%,+18.7%
JPM,Portfolio,,Financials,Banks,GAAP,Dec,EPS,CY2026,19.76,21.048,+6.5%,21.61,+2.7%,22.338,+3.4%,325.22,14.6,+13.0%,+0.9%,+12.9%,+18.7%
JPM,Portfolio,,Financials,Banks,GAAP,Dec,EPS,CY2027,21.058,22.743,+8.0%,23.207,+2.0%,23.483,+1.2%,325.22,13.8,+11.5%,+0.9%,+12.9%,+18.7%
JPM,Portfolio,,Financials,Banks,GAAP,Dec,EPS,CY2028,20.1,23.35,+16.2%,25.429,+8.9%,25.819,+1.5%,325.22,12.6,+28.5%,+0.9%,+12.9%,+18.7%
APO,Portfolio,,Financials,Financial Services,Adj,Dec,EPS,CY2025,7.735,7.991,+3.3%,7.955,-0.5%,7.955,+0.0%,137.5,17.3,+2.8%,-5.0%,+23.5%,+3.3%
APO,Portfolio,,Financials,Financial Services,Adj,Dec,EPS,CY2026,9.384,9.174,-2.2%,9.238,+0.7%,8.944,-3.2%,137.5,15.4,-4.7%,-5.0%,+23.5%,+3.3%
APO,Portfolio,,Financials,Financial Services,Adj,Dec,EPS,CY2027,11.088,10.989,-0.9%,10.845,-1.3%,10.724,-1.1%,137.5,12.8,-3.3%,-5.0%,+23.5%,+3.3%
APO,Portfolio,,Financials,Financial Services,Adj,Dec,EPS,CY2028,12.36,12.405,+0.4%,12.718,+2.5%,12.437,-2.2%,137.5,11.1,+0.6%,-5.0%,+23.5%,+3.3%
PGR,Portfolio,,Financials,Insurance,Adj,Dec,EPS,CY2025,16.252,17.874,+10.0%,17.902,+0.2%,17.902,+0.0%,204.87,11.4,+10.2%,-4.4%,+1.1%,-16.3%
PGR,Portfolio,,Financials,Insurance,Adj,Dec,EPS,CY2026,15.911,16.18,+1.7%,16.246,+0.4%,16.994,+4.6%,204.87,12.1,+6.8%,-4.4%,+1.1%,-16.3%
PGR,Portfolio,,Financials,Insurance,Adj,Dec,EPS,CY2027,16.917,16.298,-3.7%,16.25,-0.3%,16.405,+1.0%,204.87,12.5,-3.0%,-4.4%,+1.1%,-16.3%
PGR,Portfolio,,Financials,Insurance,Adj,Dec,EPS,CY2028,17.93,16.864,-5.9%,16.174,-4.1%,16.705,+3.3%,204.87,12.3,-6.8%,-4.4%,+1.1%,-16.3%
CVNA,Portfolio,,Consumer Discretionary,Consumer Discretionary Distrib,Adj,Dec,EPS,CY2025,0.975,1.024,+5.0%,1.028,+0.4%,1.028,+0.0%,66.56,64.7,+5.4%,-21.1%,+13.1%,+8.1%
CVNA,Portfolio,,Consumer Discretionary,Consumer Discretionary Distrib,Adj,Dec,EPS,CY2026,1.242,1.459,+17.5%,1.482,+1.6%,1.556,+5.0%,66.56,42.8,+25.3%,-21.1%,+13.1%,+8.1%
CVNA,Portfolio,,Consumer Discretionary,Consumer Discretionary Distrib,Adj,Dec,EPS,CY2027,1.568,1.966,+25.4%,2.015,+2.5%,2.403,+19.3%,66.56,27.7,+53.3%,-21.1%,+13.1%,+8.1%
CVNA,Portfolio,,Consumer Discretionary,Consumer Discretionary Distrib,Adj,Dec,EPS,CY2028,2.43,2.55,+4.9%,2.584,+1.3%,2.706,+4.7%,66.56,24.6,+11.4%,-21.1%,+13.1%,+8.1%
APP,Portfolio,,Information Technology,Software & Services,Adj,Dec,EPS,CY2025,8.143,9.372,+15.1%,9.394,+0.2%,9.394,+0.0%,469.71,50.0,+15.4%,-30.3%,+6.8%,+36.4%
APP,Portfolio,,Information Technology,Software & Services,Adj,Dec,EPS,CY2026,11.82,14.654,+24.0%,15.496,+5.7%,15.98,+3.1%,469.71,29.4,+35.2%,-30.3%,+6.8%,+36.4%
APP,Portfolio,,Information Technology,Software & Services,Adj,Dec,EPS,CY2027,14.161,18.898,+33.5%,20.398,+7.9%,21.37,+4.8%,469.71,22.0,+50.9%,-30.3%,+6.8%,+36.4%
APP,Portfolio,,Information Technology,Software & Services,Adj,Dec,EPS,CY2028,17.448,23.806,+36.4%,25.419,+6.8%,26.875,+5.7%,469.71,17.5,+54.0%,-30.3%,+6.8%,+36.4%
VEEV,Portfolio,,Health Care,Health Care Equipment & Servic,Adj,Jan,EPS,CY2025,7.659,7.934,+3.6%,7.941,+0.1%,7.941,+0.0%,153.3,19.3,+3.7%,-31.3%,-17.4%,-45.5%
VEEV,Portfolio,,Health Care,Health Care Equipment & Servic,Adj,Jan,EPS,CY2026,8.334,8.574,+2.9%,8.871,+3.5%,9.056,+2.1%,153.3,16.9,+8.7%,-31.3%,-17.4%,-45.5%
VEEV,Portfolio,,Health Care,Health Care Equipment & Servic,Adj,Jan,EPS,CY2027,9.803,9.604,-2.0%,9.89,+3.0%,10.037,+1.5%,153.3,15.3,+2.4%,-31.3%,-17.4%,-45.5%
VEEV,Portfolio,,Health Care,Health Care Equipment & Servic,Adj,Jan,EPS,CY2028,11.037,11.24,+1.8%,11.059,-1.6%,11.334,+2.5%,153.3,13.5,+2.7%,-31.3%,-17.4%,-45.5%
FICO,Portfolio,,Information Technology,Software & Services,Adj,Sep,EPS,CY2025,29.15,29.52,+1.3%,29.52,+0.0%,29.52,+0.0%,1096.48,37.1,+1.3%,-35.1%,-1.5%,-37.8%
FICO,Portfolio,,Information Technology,Software & Services,Adj,Sep,EPS,CY2026,36.121,40.414,+11.9%,41.98,+3.9%,43.138,+2.8%,1096.48,25.4,+19.4%,-35.1%,-1.5%,-37.8%
FICO,Portfolio,,Information Technology,Software & Services,Adj,Sep,EPS,CY2027,45.121,51.008,+13.0%,53.184,+4.3%,54.15,+1.8%,1096.48,20.2,+20.0%,-35.1%,-1.5%,-37.8%
FICO,Portfolio,,Information Technology,Software & Services,Adj,Sep,EPS,CY2028,56.186,58.999,+5.0%,63.116,+7.0%,65.473,+3.7%,1096.48,16.7,+16.5%,-35.1%,-1.5%,-37.8%
GOOG,Watchlist,,Communication Services,Media & Entertainment,GAAP,Dec,EPS,CY2025,9.571,10.587,+10.6%,10.598,+0.1%,10.598,+0.0%,367.46,34.7,+10.7%,+17.1%,+20.2%,+111.2%
GOOG,Watchlist,,Communication Services,Media & Entertainment,GAAP,Dec,EPS,CY2026,10.189,11.241,+10.3%,11.602,+3.2%,14.242,+22.8%,367.46,25.8,+39.8%,+17.1%,+20.2%,+111.2%
GOOG,Watchlist,,Communication Services,Media & Entertainment,GAAP,Dec,EPS,CY2027,11.543,13.394,+16.0%,13.511,+0.9%,14.691,+8.7%,367.46,25.0,+27.3%,+17.1%,+20.2%,+111.2%
GOOG,Watchlist,,Communication Services,Media & Entertainment,GAAP,Dec,EPS,CY2028,13.309,14.603,+9.7%,15.61,+6.9%,17.36,+11.2%,367.46,21.2,+30.4%,+17.1%,+20.2%,+111.2%
MU,Watchlist,,Information Technology,Semiconductors & Semiconductor,GAAP,Aug,EPS,CY2025,6.606,7.42,+12.3%,7.42,+0.0%,7.42,+0.0%,1133.99,152.8,+12.3%,+297.3%,+155.2%,+830.9%
MU,Watchlist,,Information Technology,Semiconductors & Semiconductor,GAAP,Aug,EPS,CY2026,10.68,29.113,+172.6%,54.76,+88.1%,61.536,+12.4%,1133.99,18.4,+476.2%,+297.3%,+155.2%,+830.9%
MU,Watchlist,,Information Technology,Semiconductors & Semiconductor,GAAP,Aug,EPS,CY2027,12.426,37.046,+198.1%,88.918,+140.0%,113.446,+27.6%,1133.99,10.0,+813.0%,+297.3%,+155.2%,+830.9%
MU,Watchlist,,Information Technology,Semiconductors & Semiconductor,GAAP,Aug,EPS,CY2028,17.05,36.88,+116.3%,83.528,+126.5%,121.227,+45.1%,1133.99,9.4,+611.0%,+297.3%,+155.2%,+830.9%
HOOD,Watchlist,,Financials,Financial Services,Adj,Dec,EPS,CY2025,1.292,2.036,+57.6%,2.066,+1.5%,2.066,+0.0%,108.15,52.3,+59.9%,-4.4%,+45.8%,+38.0%
HOOD,Watchlist,,Financials,Financial Services,Adj,Dec,EPS,CY2026,1.556,2.532,+62.7%,2.385,-5.8%,1.907,-20.0%,108.15,56.7,+22.6%,-4.4%,+45.8%,+38.0%
HOOD,Watchlist,,Financials,Financial Services,Adj,Dec,EPS,CY2027,1.913,2.918,+52.5%,2.865,-1.8%,2.595,-9.4%,108.15,41.7,+35.7%,-4.4%,+45.8%,+38.0%
HOOD,Watchlist,,Financials,Financial Services,Adj,Dec,EPS,CY2028,1.8,3.445,+91.4%,3.46,+0.4%,3.029,-12.5%,108.15,35.7,+68.3%,-4.4%,+45.8%,+38.0%
TDG,Watchlist,,Industrials,Capital Goods,Adj,Sep,EPS,CY2025,37.391,36.616,-2.1%,36.616,+0.0%,36.616,+0.0%,1328.31,36.3,-2.1%,-0.1%,+11.4%,+0.4%
TDG,Watchlist,,Industrials,Capital Goods,Adj,Sep,EPS,CY2026,43.352,39.046,-9.9%,39.025,-0.1%,39.99,+2.5%,1328.31,33.2,-7.8%,-0.1%,+11.4%,+0.4%
TDG,Watchlist,,Industrials,Capital Goods,Adj,Sep,EPS,CY2027,49.673,45.829,-7.7%,45.683,-0.3%,46.937,+2.7%,1328.31,28.3,-5.5%,-0.1%,+11.4%,+0.4%
TDG,Watchlist,,Industrials,Capital Goods,Adj,Sep,EPS,CY2028,52.837,53.571,+1.4%,52.548,-1.9%,53.272,+1.4%,1328.31,24.9,+0.8%,-0.1%,+11.4%,+0.4%
GE,Watchlist,,Industrials,Capital Goods,GAAP,Dec,EPS,CY2025,5.832,6.862,+17.7%,6.907,+0.7%,6.907,+0.0%,357.64,51.8,+18.4%,+16.1%,+22.6%,+51.6%
GE,Watchlist,,Industrials,Capital Goods,GAAP,Dec,EPS,CY2026,6.534,7.751,+18.6%,7.881,+1.7%,8.018,+1.7%,357.64,44.6,+22.7%,+16.1%,+22.6%,+51.6%
GE,Watchlist,,Industrials,Capital Goods,GAAP,Dec,EPS,CY2027,7.596,8.819,+16.1%,8.908,+1.0%,9.203,+3.3%,357.64,38.9,+21.2%,+16.1%,+22.6%,+51.6%
GE,Watchlist,,Industrials,Capital Goods,GAAP,Dec,EPS,CY2028,8.544,9.997,+17.0%,10.132,+1.4%,10.462,+3.3%,357.64,34.2,+22.4%,+16.1%,+22.6%,+51.6%
LRCX,Watchlist,,Information Technology,Semiconductors & Semiconductor,GAAP,Jun,EPS,CY2025,4.011,4.012,+0.0%,4.012,+0.0%,4.012,+0.0%,389.04,97.0,+0.0%,+127.3%,+66.3%,+321.8%
LRCX,Watchlist,,Information Technology,Semiconductors & Semiconductor,GAAP,Jun,EPS,CY2026,3.985,4.796,+20.4%,5.293,+10.4%,5.633,+6.4%,389.04,69.1,+41.4%,+127.3%,+66.3%,+321.8%
LRCX,Watchlist,,Information Technology,Semiconductors & Semiconductor,GAAP,Jun,EPS,CY2027,4.778,5.644,+18.1%,6.981,+23.7%,7.97,+14.2%,389.04,48.8,+66.8%,+127.3%,+66.3%,+321.8%
LRCX,Watchlist,,Information Technology,Semiconductors & Semiconductor,GAAP,Jun,EPS,CY2028,5.187,6.233,+20.2%,7.792,+25.0%,9.528,+22.3%,389.04,40.8,+83.7%,+127.3%,+66.3%,+321.8%
DASH,Watchlist,,Consumer Discretionary,Consumer Services,Adj,Dec,EPS,CY2025,4.269,5.08,+19.0%,5.084,+0.1%,5.084,+0.0%,173.46,34.1,+19.1%,-23.4%,+8.9%,-21.4%
DASH,Watchlist,,Consumer Discretionary,Consumer Services,Adj,Dec,EPS,CY2026,5.606,5.905,+5.3%,5.671,-4.0%,4.664,-17.8%,173.46,37.2,-16.8%,-23.4%,+8.9%,-21.4%
DASH,Watchlist,,Consumer Discretionary,Consumer Services,Adj,Dec,EPS,CY2027,6.245,7.486,+19.9%,7.479,-0.1%,6.887,-7.9%,173.46,25.2,+10.3%,-23.4%,+8.9%,-21.4%
DASH,Watchlist,,Consumer Discretionary,Consumer Services,Adj,Dec,EPS,CY2028,7.542,8.577,+13.7%,8.101,-5.5%,8.881,+9.6%,173.46,19.5,+17.8%,-23.4%,+8.9%,-21.4%
UBER,Watchlist,,Industrials,Transportation,Adj,Dec,EPS,CY2025,3.626,6.3,+73.7%,2.49,-60.5%,2.49,+0.0%,71.64,28.8,-31.3%,-12.3%,-4.9%,-14.1%
UBER,Watchlist,,Industrials,Transportation,Adj,Dec,EPS,CY2026,4.088,4.12,+0.8%,3.338,-19.0%,3.246,-2.8%,71.64,22.1,-20.6%,-12.3%,-4.9%,-14.1%
UBER,Watchlist,,Industrials,Transportation,Adj,Dec,EPS,CY2027,4.96,4.902,-1.2%,4.394,-10.4%,4.478,+1.9%,71.64,16.0,-9.7%,-12.3%,-4.9%,-14.1%
UBER,Watchlist,,Industrials,Transportation,Adj,Dec,EPS,CY2028,5.684,6.03,+6.1%,5.465,-9.4%,5.52,+1.0%,71.64,13.0,-2.9%,-12.3%,-4.9%,-14.1%
LLY,Watchlist,,Health Care,"Pharmaceuticals, Biotechnology",GAAP,Dec,EPS,CY2025,21.352,23.039,+7.9%,22.806,-1.0%,22.806,+0.0%,1098.57,48.2,+6.8%,+2.2%,+19.7%,+39.9%
LLY,Watchlist,,Health Care,"Pharmaceuticals, Biotechnology",GAAP,Dec,EPS,CY2026,29.158,32.347,+10.9%,34.277,+6.0%,35.983,+5.0%,1098.57,30.5,+23.4%,+2.2%,+19.7%,+39.9%
LLY,Watchlist,,Health Care,"Pharmaceuticals, Biotechnology",GAAP,Dec,EPS,CY2027,35.248,39.669,+12.5%,40.67,+2.5%,43.819,+7.7%,1098.57,25.1,+24.3%,+2.2%,+19.7%,+39.9%
LLY,Watchlist,,Health Care,"Pharmaceuticals, Biotechnology",GAAP,Dec,EPS,CY2028,42.167,46.88,+11.2%,47.541,+1.4%,50.544,+6.3%,1098.57,21.7,+19.9%,+2.2%,+19.7%,+39.9%
MSFT,Watchlist,,Information Technology,Software & Services,GAAP,Jun,EPS,CY2025,13.393,13.403,+0.1%,13.403,+0.0%,13.403,+0.0%,379.4,28.3,+0.1%,-21.5%,-2.5%,-21.0%
MSFT,Watchlist,,Information Technology,Software & Services,GAAP,Jun,EPS,CY2026,15.178,15.961,+5.2%,17.214,+7.9%,17.305,+0.5%,379.4,21.9,+14.0%,-21.5%,-2.5%,-21.0%
MSFT,Watchlist,,Information Technology,Software & Services,GAAP,Jun,EPS,CY2027,17.763,18.74,+5.5%,19.011,+1.4%,19.474,+2.4%,379.4,19.5,+9.6%,-21.5%,-2.5%,-21.0%
MSFT,Watchlist,,Information Technology,Software & Services,GAAP,Jun,EPS,CY2028,21.112,22.12,+4.8%,22.397,+1.3%,22.814,+1.9%,379.4,16.6,+8.1%,-21.5%,-2.5%,-21.0%
V,Watchlist,,Financials,Financial Services,GAAP,Sep,EPS,CY2025,10.812,10.723,-0.8%,10.723,+0.0%,10.723,+0.0%,327.24,30.5,-0.8%,-6.7%,+9.2%,-3.9%
V,Watchlist,,Financials,Financial Services,GAAP,Sep,EPS,CY2026,12.674,12.691,+0.1%,12.649,-0.3%,12.8,+1.2%,327.24,25.6,+1.0%,-6.7%,+9.2%,-3.9%
V,Watchlist,,Financials,Financial Services,GAAP,Sep,EPS,CY2027,14.305,14.373,+0.5%,14.461,+0.6%,14.789,+2.3%,327.24,22.1,+3.4%,-6.7%,+9.2%,-3.9%
V,Watchlist,,Financials,Financial Services,GAAP,Sep,EPS,CY2028,16.023,16.224,+1.3%,16.341,+0.7%,16.808,+2.9%,327.24,19.5,+4.9%,-6.7%,+9.2%,-3.9%
BX,Watchlist,,Financials,Financial Services,Adj,Dec,EPS,CY2025,4.843,5.326,+10.0%,5.343,+0.3%,5.343,+0.0%,123.79,23.2,+10.3%,-19.7%,+9.1%,-10.0%
BX,Watchlist,,Financials,Financial Services,Adj,Dec,EPS,CY2026,6.405,6.422,+0.3%,6.355,-1.0%,5.869,-7.6%,123.79,21.1,-8.4%,-19.7%,+9.1%,-10.0%
BX,Watchlist,,Financials,Financial Services,Adj,Dec,EPS,CY2027,7.941,7.939,-0.0%,7.88,-0.7%,7.606,-3.5%,123.79,16.3,-4.2%,-19.7%,+9.1%,-10.0%
BX,Watchlist,,Financials,Financial Services,Adj,Dec,EPS,CY2028,7.677,8.817,+14.8%,8.509,-3.5%,8.125,-4.5%,123.79,15.2,+5.8%,-19.7%,+9.1%,-10.0%
BKNG,Watchlist,,Consumer Discretionary,Consumer Services,Adj,Dec,EPS,CY2025,8.587,9.099,+6.0%,9.107,+0.1%,9.107,+0.0%,171.78,18.9,+6.1%,-19.8%,+0.0%,-18.8%
BKNG,Watchlist,,Consumer Discretionary,Consumer Services,Adj,Dec,EPS,CY2026,9.929,10.623,+7.0%,10.717,+0.9%,10.484,-2.2%,171.78,16.4,+5.6%,-19.8%,+0.0%,-18.8%
BKNG,Watchlist,,Consumer Discretionary,Consumer Services,Adj,Dec,EPS,CY2027,11.608,12.321,+6.1%,12.532,+1.7%,12.338,-1.5%,171.78,13.9,+6.3%,-19.8%,+0.0%,-18.8%
BKNG,Watchlist,,Consumer Discretionary,Consumer Services,Adj,Dec,EPS,CY2028,13.36,14.121,+5.7%,14.493,+2.6%,14.189,-2.1%,171.78,12.1,+6.2%,-19.8%,+0.0%,-18.8%
HLT,Watchlist,,Consumer Discretionary,Consumer Services,Adj,Dec,EPS,CY2025,7.924,8.065,+1.8%,8.057,-0.1%,8.057,+0.0%,348.84,43.3,+1.7%,+21.4%,+17.1%,+40.9%
HLT,Watchlist,,Consumer Discretionary,Consumer Services,Adj,Dec,EPS,CY2026,9.045,9.126,+0.9%,9.037,-1.0%,9.007,-0.3%,348.84,38.7,-0.4%,+21.4%,+17.1%,+40.9%
HLT,Watchlist,,Consumer Discretionary,Consumer Services,Adj,Dec,EPS,CY2027,10.481,10.489,+0.1%,10.397,-0.9%,10.408,+0.1%,348.84,33.5,-0.7%,+21.4%,+17.1%,+40.9%
HLT,Watchlist,,Consumer Discretionary,Consumer Services,Adj,Dec,EPS,CY2028,,12.293,,12.073,-1.8%,12.058,-0.1%,348.84,28.9,,+21.4%,+17.1%,+40.9%
IBKR,Watchlist,,Financials,Financial Services,Adj,Dec,EPS,CY2025,1.85,2.124,+14.8%,2.141,+0.8%,2.141,+0.0%,96.0,44.8,+15.7%,+49.3%,+41.8%,+82.5%
IBKR,Watchlist,,Financials,Financial Services,Adj,Dec,EPS,CY2026,1.99,2.318,+16.5%,2.469,+6.5%,2.517,+1.9%,96.0,38.1,+26.5%,+49.3%,+41.8%,+82.5%
IBKR,Watchlist,,Financials,Financial Services,Adj,Dec,EPS,CY2027,2.125,2.61,+22.8%,2.729,+4.6%,2.872,+5.2%,96.0,33.4,+35.2%,+49.3%,+41.8%,+82.5%
IBKR,Watchlist,,Financials,Financial Services,Adj,Dec,EPS,CY2028,2.44,2.98,+22.1%,3.11,+4.4%,3.29,+5.8%,96.0,29.2,+34.8%,+49.3%,+41.8%,+82.5%
NET,Watchlist,,Information Technology,Software & Services,Adj,Dec,EPS,CY2025,0.803,0.914,+13.8%,0.914,+0.0%,0.914,+0.0%,224.06,245.1,+13.8%,+13.6%,+1.2%,+23.5%
NET,Watchlist,,Information Technology,Software & Services,Adj,Dec,EPS,CY2026,1.053,1.178,+11.9%,1.129,-4.2%,1.198,+6.1%,224.06,187.0,+13.8%,+13.6%,+1.2%,+23.5%
NET,Watchlist,,Information Technology,Software & Services,Adj,Dec,EPS,CY2027,1.409,1.552,+10.1%,1.471,-5.2%,1.604,+9.0%,224.06,139.7,+13.8%,+13.6%,+1.2%,+23.5%
NET,Watchlist,,Information Technology,Software & Services,Adj,Dec,EPS,CY2028,1.822,2.159,+18.5%,2.058,-4.7%,2.207,+7.2%,224.06,101.5,+21.1%,+13.6%,+1.2%,+23.5%
COST,Watchlist,,Consumer Staples,Consumer Staples Distribution,GAAP,Aug,EPS,CY2025,18.134,18.099,-0.2%,18.099,+0.0%,18.099,+0.0%,951.45,52.6,-0.2%,+10.3%,-2.4%,-2.4%
COST,Watchlist,,Consumer Staples,Consumer Staples Distribution,GAAP,Aug,EPS,CY2026,20.051,20.282,+1.2%,20.412,+0.6%,20.539,+0.6%,951.45,46.3,+2.4%,+10.3%,-2.4%,-2.4%
COST,Watchlist,,Consumer Staples,Consumer Staples Distribution,GAAP,Aug,EPS,CY2027,22.151,22.255,+0.5%,22.722,+2.1%,22.66,-0.3%,951.45,42.0,+2.3%,+10.3%,-2.4%,-2.4%
COST,Watchlist,,Consumer Staples,Consumer Staples Distribution,GAAP,Aug,EPS,CY2028,24.023,24.59,+2.4%,25.251,+2.7%,24.891,-1.4%,951.45,38.2,+3.6%,+10.3%,-2.4%,-2.4%
TSLA,Watchlist,,Consumer Discretionary,Automobiles & Components,GAAP,Dec,EPS,CY2025,1.435,1.271,-11.4%,1.266,-0.4%,1.266,+0.0%,400.49,316.3,-11.8%,-10.9%,+5.3%,+24.4%
TSLA,Watchlist,,Consumer Discretionary,Automobiles & Components,GAAP,Dec,EPS,CY2026,2.396,1.818,-24.1%,1.451,-20.2%,1.263,-13.0%,400.49,317.1,-47.3%,-10.9%,+5.3%,+24.4%
TSLA,Watchlist,,Consumer Discretionary,Automobiles & Components,GAAP,Dec,EPS,CY2027,3.328,2.581,-22.4%,2.114,-18.1%,1.772,-16.2%,400.49,226.0,-46.8%,-10.9%,+5.3%,+24.4%
TSLA,Watchlist,,Consumer Discretionary,Automobiles & Components,GAAP,Dec,EPS,CY2028,4.726,4.029,-14.7%,3.061,-24.0%,2.614,-14.6%,400.49,153.2,-44.7%,-10.9%,+5.3%,+24.4%
TMO,Watchlist,,Health Care,"Pharmaceuticals, Biotechnology",Adj,Dec,EPS,CY2025,22.322,22.748,+1.9%,22.749,+0.0%,22.749,+0.0%,464.61,20.4,+1.9%,-19.8%,-1.2%,+18.4%
TMO,Watchlist,,Health Care,"Pharmaceuticals, Biotechnology",Adj,Dec,EPS,CY2026,24.635,24.622,-0.1%,24.574,-0.2%,24.865,+1.2%,464.61,18.7,+0.9%,-19.8%,-1.2%,+18.4%
TMO,Watchlist,,Health Care,"Pharmaceuticals, Biotechnology",Adj,Dec,EPS,CY2027,27.563,27.234,-1.2%,26.832,-1.5%,27.204,+1.4%,464.61,17.1,-1.3%,-19.8%,-1.2%,+18.4%
TMO,Watchlist,,Health Care,"Pharmaceuticals, Biotechnology",Adj,Dec,EPS,CY2028,30.779,30.269,-1.7%,29.709,-1.9%,30.057,+1.2%,464.61,15.5,-2.3%,-19.8%,-1.2%,+18.4%
COF,Watchlist,,Financials,Financial Services,Adj,Dec,EPS,CY2025,14.89,19.809,+33.0%,19.712,-0.5%,19.712,+0.0%,201.53,10.2,+32.4%,-16.8%,+12.1%,+2.2%
COF,Watchlist,,Financials,Financial Services,Adj,Dec,EPS,CY2026,18.913,20.882,+10.4%,20.16,-3.5%,19.278,-4.4%,201.53,10.5,+1.9%,-16.8%,+12.1%,+2.2%
COF,Watchlist,,Financials,Financial Services,Adj,Dec,EPS,CY2027,22.518,25.015,+11.1%,24.139,-3.5%,23.73,-1.7%,201.53,8.5,+5.4%,-16.8%,+12.1%,+2.2%
COF,Watchlist,,Financials,Financial Services,Adj,Dec,EPS,CY2028,20.845,30.045,+44.1%,27.014,-10.1%,26.908,-0.4%,201.53,7.5,+29.1%,-16.8%,+12.1%,+2.2%
AON,Watchlist,,Financials,Insurance,Adj,Dec,EPS,CY2025,16.851,16.964,+0.7%,16.964,+0.0%,16.964,+0.0%,317.74,18.7,+0.7%,-10.0%,+0.2%,-9.4%
AON,Watchlist,,Financials,Insurance,Adj,Dec,EPS,CY2026,19.066,19.04,-0.1%,19.096,+0.3%,19.113,+0.1%,317.74,16.6,+0.2%,-10.0%,+0.2%,-9.4%
AON,Watchlist,,Financials,Insurance,Adj,Dec,EPS,CY2027,21.071,21.396,+1.5%,21.514,+0.6%,21.379,-0.6%,317.74,14.9,+1.5%,-10.0%,+0.2%,-9.4%
AON,Watchlist,,Financials,Insurance,Adj,Dec,EPS,CY2028,23.045,23.547,+2.2%,23.789,+1.0%,23.694,-0.4%,317.74,13.4,+2.8%,-10.0%,+0.2%,-9.4%
MC,Watchlist,,Consumer Discretionary,Consumer Durables & Apparel,GAAP,Dec,EPS,CY2025,23.221,21.54,-7.2%,21.493,-0.2%,21.493,+0.0%,499.25,23.2,-7.4%,-22.6%,+8.5%,+10.3%
MC,Watchlist,,Consumer Discretionary,Consumer Durables & Apparel,GAAP,Dec,EPS,CY2026,26.281,24.081,-8.4%,23.03,-4.4%,22.236,-3.4%,499.25,22.5,-15.4%,-22.6%,+8.5%,+10.3%
MC,Watchlist,,Consumer Discretionary,Consumer Durables & Apparel,GAAP,Dec,EPS,CY2027,29.193,27.185,-6.9%,26.37,-3.0%,25.522,-3.2%,499.25,19.6,-12.6%,-22.6%,+8.5%,+10.3%
MC,Watchlist,,Consumer Discretionary,Consumer Durables & Apparel,GAAP,Dec,EPS,CY2028,33.009,31.52,-4.5%,29.251,-7.2%,28.327,-3.2%,499.25,17.6,-14.2%,-22.6%,+8.5%,+10.3%
STX,Watchlist,,Information Technology,Technology Hardware & Equipmen,GAAP,Jun,EPS,CY2025,6.698,6.731,+0.5%,6.731,+0.0%,6.731,+0.0%,1070.23,159.0,+0.5%,+288.6%,+146.3%,+715.1%
STX,Watchlist,,Information Technology,Technology Hardware & Equipmen,GAAP,Jun,EPS,CY2026,8.469,10.624,+25.4%,11.909,+12.1%,13.315,+11.8%,1070.23,80.4,+57.2%,+288.6%,+146.3%,+715.1%
STX,Watchlist,,Information Technology,Technology Hardware & Equipmen,GAAP,Jun,EPS,CY2027,9.545,13.619,+42.7%,18.666,+37.1%,26.612,+42.6%,1070.23,40.2,+178.8%,+288.6%,+146.3%,+715.1%
STX,Watchlist,,Information Technology,Technology Hardware & Equipmen,GAAP,Jun,EPS,CY2028,11.19,14.133,+26.3%,23.413,+65.7%,38.417,+64.1%,1070.23,27.9,+243.3%,+288.6%,+146.3%,+715.1%
SPX,Indices,Indices,,,Adj,Dec,EPS,CY2025,,,,,,,,7500.58,,,+9.6%,+15.3%,+25.7%
SPX,Indices,Indices,,,Adj,Dec,EPS,CY2026,278.4667,309.3363,+11.1%,333.413,+7.8%,365.2065,+9.5%,7500.58,20.5,+31.1%,+9.6%,+15.3%,+25.7%
SPX,Indices,Indices,,,Adj,Dec,EPS,CY2027,312.0048,353.2935,+13.2%,384.0194,+8.7%,417.8596,+8.8%,7500.58,18.0,+33.9%,+9.6%,+15.3%,+25.7%
SPX,Indices,Indices,,,Adj,Dec,EPS,CY2028,344.5529,391.5166,+13.6%,425.4876,+8.7%,463.3161,+8.9%,7500.58,16.2,+34.5%,+9.6%,+15.3%,+25.7%
QQQ,Indices,Indices,,,GAAP,Dec,EPS,CY2025,,,,,,,,740.62,,,+20.6%,+24.9%,+40.0%
QQQ,Indices,Indices,,,GAAP,Dec,EPS,CY2026,,,,,,,,740.62,,,+20.6%,+24.9%,+40.0%
QQQ,Indices,Indices,,,GAAP,Dec,EPS,CY2027,,,,,,,,740.62,,,+20.6%,+24.9%,+40.0%
QQQ,Indices,Indices,,,GAAP,Dec,EPS,CY2028,,,,,,,,740.62,,,+20.6%,+24.9%,+40.0%
IWM,Indices,Indices,,,Adj,Dec,EPS,CY2025,,,,,,,,295.59,,,+20.1%,+19.4%,+41.0%
IWM,Indices,Indices,,,Adj,Dec,EPS,CY2026,,,,,,,,295.59,,,+20.1%,+19.4%,+41.0%
IWM,Indices,Indices,,,Adj,Dec,EPS,CY2027,,,,,,,,295.59,,,+20.1%,+19.4%,+41.0%
IWM,Indices,Indices,,,Adj,Dec,EPS,CY2028,,,,,,,,295.59,,,+20.1%,+19.4%,+41.0%
SOX,Indices,Indices,,,Adj,Dec,EPS,CY2025,,,,,,,,14341.78,,,+102.5%,+87.0%,+175.2%
SOX,Indices,Indices,,,Adj,Dec,EPS,CY2026,220.8822,300.9229,+36.2%,387.7158,+28.8%,507.7796,+31.0%,14341.78,28.2,+129.9%,+102.5%,+87.0%,+175.2%
SOX,Indices,Indices,,,Adj,Dec,EPS,CY2027,276.7993,372.0379,+34.4%,487.3899,+31.0%,651.1037,+33.6%,14341.78,22.0,+135.2%,+102.5%,+87.0%,+175.2%
SOX,Indices,Indices,,,Adj,Dec,EPS,CY2028,334.3785,434.6724,+30.0%,555.5931,+27.8%,773.0832,+39.1%,14341.78,18.6,+131.2%,+102.5%,+87.0%,+175.2%
IGV,Indices,Indices,,,Adj,Dec,EPS,CY2025,,,,,,,,89.09,,,-15.7%,+5.5%,-16.0%
IGV,Indices,Indices,,,Adj,Dec,EPS,CY2026,,,,,,,,89.09,,,-15.7%,+5.5%,-16.0%
IGV,Indices,Indices,,,Adj,Dec,EPS,CY2027,,,,,,,,89.09,,,-15.7%,+5.5%,-16.0%
IGV,Indices,Indices,,,Adj,Dec,EPS,CY2028,,,,,,,,89.09,,,-15.7%,+5.5%,-16.0%
AER,Extended,Uncategorized,Industrials,Capital Goods,Adj,Dec,EPS,CY2025,12.561,14.821,+18.0%,14.926,+0.7%,14.926,+0.0%,145.06,9.7,+18.8%,+0.9%,+8.8%,+26.2%
AER,Extended,Uncategorized,Industrials,Capital Goods,Adj,Dec,EPS,CY2026,13.419,14.593,+8.7%,15.495,+6.2%,17.186,+10.9%,145.06,8.4,+28.1%,+0.9%,+8.8%,+26.2%
AER,Extended,Uncategorized,Industrials,Capital Goods,Adj,Dec,EPS,CY2027,,15.302,,16.436,+7.4%,17.025,+3.6%,145.06,8.5,,+0.9%,+8.8%,+26.2%
AER,Extended,Uncategorized,Industrials,Capital Goods,Adj,Dec,EPS,CY2028,,,,17.23,,18.07,+4.9%,145.06,8.0,,+0.9%,+8.8%,+26.2%
MA,Extended,Uncategorized,Financials,Financial Services,GAAP,Dec,EPS,CY2025,15.781,16.32,+3.4%,16.333,+0.1%,16.333,+0.0%,489.79,30.0,+3.5%,-14.2%,-0.3%,-9.1%
MA,Extended,Uncategorized,Financials,Financial Services,GAAP,Dec,EPS,CY2026,18.596,18.991,+2.1%,19.393,+2.1%,19.427,+0.2%,489.79,25.2,+4.5%,-14.2%,-0.3%,-9.1%
MA,Extended,Uncategorized,Financials,Financial Services,GAAP,Dec,EPS,CY2027,21.763,22.17,+1.9%,22.418,+1.1%,22.678,+1.2%,489.79,21.6,+4.2%,-14.2%,-0.3%,-9.1%
MA,Extended,Uncategorized,Financials,Financial Services,GAAP,Dec,EPS,CY2028,25.065,25.396,+1.3%,26.143,+2.9%,26.275,+0.5%,489.79,18.6,+4.8%,-14.2%,-0.3%,-9.1%
BRK/A,Extended,Uncategorized,Financials,Financial Services,GAAP,Dec,EPS,CY2025,29612.585,38150.775,+28.8%,44704.805,+17.2%,44704.805,+0.0%,733609.8,16.4,+51.0%,-2.8%,+1.5%,+0.7%
BRK/A,Extended,Uncategorized,Financials,Financial Services,GAAP,Dec,EPS,CY2026,34805.077,32702.62,-6.0%,31431.2,-3.9%,32170.97,+2.4%,733609.8,22.8,-7.6%,-2.8%,+1.5%,+0.7%
BRK/A,Extended,Uncategorized,Financials,Financial Services,GAAP,Dec,EPS,CY2027,33575.04,33636.497,+0.2%,34824.973,+3.5%,34521.52,-0.9%,733609.8,21.3,+2.8%,-2.8%,+1.5%,+0.7%
BRK/A,Extended,Uncategorized,Financials,Financial Services,GAAP,Dec,EPS,CY2028,,37302.41,,35952.825,-3.6%,30796.1,-14.3%,733609.8,23.8,,-2.8%,+1.5%,+0.7%
CSU,Extended,Uncategorized,Information Technology,Software & Services,Adj,Dec,EPS,CY2025,65.946,58.128,-11.9%,33.593,-42.2%,33.593,+0.0%,2772.61,82.5,-49.1%,-16.2%,+10.1%,-43.0%
CSU,Extended,Uncategorized,Information Technology,Software & Services,Adj,Dec,EPS,CY2026,91.589,84.68,-7.5%,80.09,-5.4%,86.281,+7.7%,2772.61,32.1,-5.8%,-16.2%,+10.1%,-43.0%
CSU,Extended,Uncategorized,Information Technology,Software & Services,Adj,Dec,EPS,CY2027,,99.455,,95.294,-4.2%,102.601,+7.7%,2772.61,27.0,,-16.2%,+10.1%,-43.0%
CSU,Extended,Uncategorized,Information Technology,Software & Services,Adj,Dec,EPS,CY2028,,62.28,,90.94,+46.0%,81.667,-10.2%,2772.61,34.0,,-16.2%,+10.1%,-43.0%
DHR,Extended,Uncategorized,Health Care,"Pharmaceuticals, Biotechnology",Adj,Dec,EPS,CY2025,7.692,7.715,+0.3%,7.734,+0.2%,7.734,+0.0%,177.17,22.9,+0.5%,-22.6%,-6.8%,-8.9%
DHR,Extended,Uncategorized,Health Care,"Pharmaceuticals, Biotechnology",Adj,Dec,EPS,CY2026,8.575,8.423,-1.8%,8.412,-0.1%,8.453,+0.5%,177.17,21.0,-1.4%,-22.6%,-6.8%,-8.9%
DHR,Extended,Uncategorized,Health Care,"Pharmaceuticals, Biotechnology",Adj,Dec,EPS,CY2027,9.464,9.258,-2.2%,9.1,-1.7%,9.13,+0.3%,177.17,19.4,-3.5%,-22.6%,-6.8%,-8.9%
DHR,Extended,Uncategorized,Health Care,"Pharmaceuticals, Biotechnology",Adj,Dec,EPS,CY2028,10.469,10.115,-3.4%,9.999,-1.1%,9.999,+0.0%,177.17,17.7,-4.5%,-22.6%,-6.8%,-8.9%
AAPL,Extended,Uncategorized,Information Technology,Technology Hardware & Equipmen,GAAP,Sep,EPS,CY2025,7.177,7.387,+2.9%,7.387,+0.0%,7.387,+0.0%,298.01,40.3,+2.9%,+9.6%,+19.7%,+51.6%
AAPL,Extended,Uncategorized,Information Technology,Technology Hardware & Equipmen,GAAP,Sep,EPS,CY2026,7.663,8.246,+7.6%,8.515,+3.3%,8.757,+2.8%,298.01,34.0,+14.3%,+9.6%,+19.7%,+51.6%
AAPL,Extended,Uncategorized,Information Technology,Technology Hardware & Equipmen,GAAP,Sep,EPS,CY2027,8.467,9.158,+8.2%,9.388,+2.5%,9.653,+2.8%,298.01,30.9,+14.0%,+9.6%,+19.7%,+51.6%
AAPL,Extended,Uncategorized,Information Technology,Technology Hardware & Equipmen,GAAP,Sep,EPS,CY2028,9.436,9.977,+5.7%,10.307,+3.3%,10.73,+4.1%,298.01,27.8,+13.7%,+9.6%,+19.7%,+51.6%
NFLX,Extended,Uncategorized,Communication Services,Media & Entertainment,GAAP,Dec,EPS,CY2025,2.555,2.526,-1.1%,2.525,-0.0%,2.525,+0.0%,77.38,30.6,-1.2%,-17.5%,-15.7%,-36.7%
NFLX,Extended,Uncategorized,Communication Services,Media & Entertainment,GAAP,Dec,EPS,CY2026,3.099,3.24,+4.5%,3.159,-2.5%,3.561,+12.7%,77.38,21.7,+14.9%,-17.5%,-15.7%,-36.7%
NFLX,Extended,Uncategorized,Communication Services,Media & Entertainment,GAAP,Dec,EPS,CY2027,3.776,3.905,+3.4%,3.815,-2.3%,3.82,+0.1%,77.38,20.3,+1.2%,-17.5%,-15.7%,-36.7%
NFLX,Extended,Uncategorized,Communication Services,Media & Entertainment,GAAP,Dec,EPS,CY2028,4.352,4.505,+3.5%,4.531,+0.6%,4.575,+1.0%,77.38,16.9,+5.1%,-17.5%,-15.7%,-36.7%
QCOM,Extended,Uncategorized,Information Technology,Semiconductors & Semiconductor,GAAP,Sep,EPS,CY2025,10.033,10.174,+1.4%,10.174,+0.0%,10.174,+0.0%,226.11,22.2,+1.4%,+32.2%,+72.2%,+47.2%
QCOM,Extended,Uncategorized,Information Technology,Semiconductors & Semiconductor,GAAP,Sep,EPS,CY2026,10.273,9.9,-3.6%,8.707,-12.1%,11.836,+35.9%,226.11,19.1,+15.2%,+32.2%,+72.2%,+47.2%
QCOM,Extended,Uncategorized,Information Technology,Semiconductors & Semiconductor,GAAP,Sep,EPS,CY2027,10.604,10.171,-4.1%,8.858,-12.9%,8.724,-1.5%,226.11,25.9,-17.7%,+32.2%,+72.2%,+47.2%
QCOM,Extended,Uncategorized,Information Technology,Semiconductors & Semiconductor,GAAP,Sep,EPS,CY2028,11.743,11.04,-6.0%,10.596,-4.0%,10.088,-4.8%,226.11,22.4,-14.1%,+32.2%,+72.2%,+47.2%
UMG,Extended,Uncategorized,Communication Services,Media & Entertainment,Adj,Dec,EPS,CY2025,1.033,1.0,-3.2%,1.023,+2.3%,1.023,+0.0%,18.775,18.4,-1.0%,-15.5%,+15.8%,-29.2%
UMG,Extended,Uncategorized,Communication Services,Media & Entertainment,Adj,Dec,EPS,CY2026,1.184,1.132,-4.4%,1.082,-4.4%,1.075,-0.6%,18.775,17.5,-9.2%,-15.5%,+15.8%,-29.2%
UMG,Extended,Uncategorized,Communication Services,Media & Entertainment,Adj,Dec,EPS,CY2027,1.311,1.245,-5.0%,1.203,-3.4%,1.194,-0.7%,18.775,15.7,-8.9%,-15.5%,+15.8%,-29.2%
UMG,Extended,Uncategorized,Communication Services,Media & Entertainment,Adj,Dec,EPS,CY2028,1.388,1.328,-4.3%,1.315,-1.0%,1.321,+0.5%,18.775,14.2,-4.8%,-15.5%,+15.8%,-29.2%
ASML,Extended,Uncategorized,Information Technology,Semiconductors & Semiconductor,GAAP,Dec,EPS,CY2025,23.288,24.682,+6.0%,24.885,+0.8%,24.885,+0.0%,1657.8,66.6,+6.9%,+79.9%,+41.9%,+153.8%
ASML,Extended,Uncategorized,Information Technology,Semiconductors & Semiconductor,GAAP,Dec,EPS,CY2026,26.787,26.238,-2.0%,29.475,+12.3%,31.646,+7.4%,1657.8,52.4,+18.1%,+79.9%,+41.9%,+153.8%
ASML,Extended,Uncategorized,Information Technology,Semiconductors & Semiconductor,GAAP,Dec,EPS,CY2027,32.441,32.565,+0.4%,38.032,+16.8%,42.06,+10.6%,1657.8,39.4,+29.7%,+79.9%,+41.9%,+153.8%
ASML,Extended,Uncategorized,Information Technology,Semiconductors & Semiconductor,GAAP,Dec,EPS,CY2028,38.241,37.445,-2.1%,44.62,+19.2%,49.409,+10.7%,1657.8,33.6,+29.2%,+79.9%,+41.9%,+153.8%
AMAT,Extended,Uncategorized,Information Technology,Semiconductors & Semiconductor,GAAP,Oct,EPS,CY2025,8.726,8.321,-4.6%,8.321,+0.0%,8.321,+0.0%,617.11,74.2,-4.6%,+140.1%,+72.8%,+257.0%
AMAT,Extended,Uncategorized,Information Technology,Semiconductors & Semiconductor,GAAP,Oct,EPS,CY2026,10.04,9.387,-6.5%,11.131,+18.6%,12.991,+16.7%,617.11,47.5,+29.4%,+140.1%,+72.8%,+257.0%
AMAT,Extended,Uncategorized,Information Technology,Semiconductors & Semiconductor,GAAP,Oct,EPS,CY2027,11.006,11.432,+3.9%,14.063,+23.0%,16.859,+19.9%,617.11,36.6,+53.2%,+140.1%,+72.8%,+257.0%
AMAT,Extended,Uncategorized,Information Technology,Semiconductors & Semiconductor,GAAP,Oct,EPS,CY2028,11.435,12.014,+5.1%,15.224,+26.7%,20.133,+32.2%,617.11,30.7,+76.1%,+140.1%,+72.8%,+257.0%
KLAC,Extended,Uncategorized,Information Technology,Semiconductors & Semiconductor,GAAP,Jun,EPS,CY2025,2.978,2.978,+0.0%,2.978,+0.0%,2.978,+0.0%,259.56,87.2,+0.0%,+113.6%,+71.7%,+197.9%
KLAC,Extended,Uncategorized,Information Technology,Semiconductors & Semiconductor,GAAP,Jun,EPS,CY2026,3.228,3.467,+7.4%,3.574,+3.1%,3.605,+0.9%,259.56,72.0,+11.7%,+113.6%,+71.7%,+197.9%
KLAC,Extended,Uncategorized,Information Technology,Semiconductors & Semiconductor,GAAP,Jun,EPS,CY2027,3.657,4.076,+11.5%,4.739,+16.3%,5.029,+6.1%,259.56,51.6,+37.5%,+113.6%,+71.7%,+197.9%
KLAC,Extended,Uncategorized,Information Technology,Semiconductors & Semiconductor,GAAP,Jun,EPS,CY2028,3.863,4.372,+13.2%,5.367,+22.8%,5.912,+10.2%,259.56,43.9,+53.0%,+113.6%,+71.7%,+197.9%
KKR,Extended,Uncategorized,Financials,Financial Services,Adj,Dec,EPS,CY2025,5.096,5.139,+0.8%,4.947,-3.7%,4.947,+0.0%,97.01,19.6,-2.9%,-23.9%,+7.1%,-20.8%
KKR,Extended,Uncategorized,Financials,Financial Services,Adj,Dec,EPS,CY2026,6.7,6.805,+1.6%,6.503,-4.4%,6.056,-6.9%,97.01,16.0,-9.6%,-23.9%,+7.1%,-20.8%
KKR,Extended,Uncategorized,Financials,Financial Services,Adj,Dec,EPS,CY2027,8.053,8.155,+1.3%,8.08,-0.9%,7.402,-8.4%,97.01,13.1,-8.1%,-23.9%,+7.1%,-20.8%
KKR,Extended,Uncategorized,Financials,Financial Services,Adj,Dec,EPS,CY2028,9.355,9.456,+1.1%,10.003,+5.8%,8.505,-15.0%,97.01,11.4,-9.1%,-23.9%,+7.1%,-20.8%
BAM,Extended,Uncategorized,Financials,Financial Services,Adj,Dec,EPS,CY2025,1.654,1.589,-3.9%,1.62,+2.0%,1.62,+0.0%,47.44,29.3,-2.1%,-9.4%,+9.1%,-13.2%
BAM,Extended,Uncategorized,Financials,Financial Services,Adj,Dec,EPS,CY2026,1.91,1.836,-3.9%,1.866,+1.6%,1.85,-0.9%,47.44,25.6,-3.1%,-9.4%,+9.1%,-13.2%
BAM,Extended,Uncategorized,Financials,Financial Services,Adj,Dec,EPS,CY2027,2.148,2.136,-0.6%,2.212,+3.6%,2.181,-1.4%,47.44,21.8,+1.5%,-9.4%,+9.1%,-13.2%
BAM,Extended,Uncategorized,Financials,Financial Services,Adj,Dec,EPS,CY2028,,2.533,,2.604,+2.8%,2.473,-5.0%,47.44,19.2,,-9.4%,+9.1%,-13.2%
ARES,Extended,Uncategorized,Financials,Financial Services,Adj,Dec,EPS,CY2025,5.158,5.063,-1.8%,5.022,-0.8%,5.022,+0.0%,129.34,25.8,-2.6%,-20.0%,+19.8%,-22.7%
ARES,Extended,Uncategorized,Financials,Financial Services,Adj,Dec,EPS,CY2026,6.503,6.511,+0.1%,6.4,-1.7%,5.935,-7.3%,129.34,21.8,-8.7%,-20.0%,+19.8%,-22.7%
ARES,Extended,Uncategorized,Financials,Financial Services,Adj,Dec,EPS,CY2027,7.699,7.819,+1.6%,7.659,-2.0%,7.333,-4.3%,129.34,17.6,-4.8%,-20.0%,+19.8%,-22.7%
ARES,Extended,Uncategorized,Financials,Financial Services,Adj,Dec,EPS,CY2028,9.15,8.82,-3.6%,8.56,-2.9%,8.381,-2.1%,129.34,15.4,-8.4%,-20.0%,+19.8%,-22.7%
OWL,Extended,Uncategorized,Financials,Financial Services,Adj,Dec,EPS,CY2025,0.848,0.829,-2.2%,0.821,-1.0%,0.821,+0.0%,9.53,11.6,-3.2%,-36.2%,+4.5%,-49.0%
OWL,Extended,Uncategorized,Financials,Financial Services,Adj,Dec,EPS,CY2026,1.054,0.986,-6.5%,0.923,-6.4%,0.884,-4.2%,9.53,10.8,-16.1%,-36.2%,+4.5%,-49.0%
OWL,Extended,Uncategorized,Financials,Financial Services,Adj,Dec,EPS,CY2027,1.231,1.159,-5.8%,1.068,-7.9%,0.997,-6.6%,9.53,9.6,-19.0%,-36.2%,+4.5%,-49.0%
OWL,Extended,Uncategorized,Financials,Financial Services,Adj,Dec,EPS,CY2028,,1.373,,1.213,-11.7%,1.123,-7.4%,9.53,8.5,,-36.2%,+4.5%,-49.0%
CG,Extended,Uncategorized,Financials,Financial Services,Adj,Dec,EPS,CY2025,3.997,4.04,+1.1%,3.991,-1.2%,3.991,+0.0%,44.8,11.2,-0.2%,-24.2%,-6.1%,-4.8%
CG,Extended,Uncategorized,Financials,Financial Services,Adj,Dec,EPS,CY2026,4.661,4.791,+2.8%,4.592,-4.2%,3.901,-15.0%,44.8,11.5,-16.3%,-24.2%,-6.1%,-4.8%
CG,Extended,Uncategorized,Financials,Financial Services,Adj,Dec,EPS,CY2027,5.099,5.332,+4.6%,5.402,+1.3%,5.139,-4.9%,44.8,8.7,+0.8%,-24.2%,-6.1%,-4.8%
CG,Extended,Uncategorized,Financials,Financial Services,Adj,Dec,EPS,CY2028,5.515,5.978,+8.4%,6.113,+2.3%,5.864,-4.1%,44.8,7.6,+6.3%,-24.2%,-6.1%,-4.8%
BN,Extended,Uncategorized,Financials,Financial Services,Adj,Dec,EPS,CY2025,2.55,2.494,-2.2%,2.462,-1.3%,2.462,+0.0%,44.44,18.1,-3.5%,-3.2%,+13.6%,+12.1%
BN,Extended,Uncategorized,Financials,Financial Services,Adj,Dec,EPS,CY2026,3.013,2.938,-2.5%,2.773,-5.6%,2.901,+4.6%,44.44,15.3,-3.7%,-3.2%,+13.6%,+12.1%
BN,Extended,Uncategorized,Financials,Financial Services,Adj,Dec,EPS,CY2027,3.543,3.553,+0.3%,3.421,-3.7%,3.744,+9.4%,44.44,11.9,+5.7%,-3.2%,+13.6%,+12.1%
BN,Extended,Uncategorized,Financials,Financial Services,Adj,Dec,EPS,CY2028,,,,3.585,,4.77,+33.1%,44.44,9.3,,-3.2%,+13.6%,+12.1%
TPG,Extended,Uncategorized,Financials,Financial Services,Adj,Dec,EPS,CY2025,2.03,2.376,+17.0%,2.335,-1.7%,2.335,+0.0%,42.05,18.0,+15.0%,-34.1%,+2.3%,-15.8%
TPG,Extended,Uncategorized,Financials,Financial Services,Adj,Dec,EPS,CY2026,2.885,3.014,+4.5%,2.976,-1.3%,2.794,-6.1%,42.05,15.1,-3.2%,-34.1%,+2.3%,-15.8%
TPG,Extended,Uncategorized,Financials,Financial Services,Adj,Dec,EPS,CY2027,3.468,3.713,+7.1%,3.758,+1.2%,3.536,-5.9%,42.05,11.9,+2.0%,-34.1%,+2.3%,-15.8%
TPG,Extended,Uncategorized,Financials,Financial Services,Adj,Dec,EPS,CY2028,,4.257,,4.34,+1.9%,4.176,-3.8%,42.05,10.1,,-34.1%,+2.3%,-15.8%
BEP,Extended,Uncategorized,Utilities,Utilities,Adj,Dec,EPS,CY2025,-0.268,-0.798,-197.8%,-0.824,-3.3%,-0.824,+0.0%,35.24,-42.8,-207.5%,+30.7%,+10.6%,+38.5%
BEP,Extended,Uncategorized,Utilities,Utilities,Adj,Dec,EPS,CY2026,-0.074,-0.879,-1087.8%,-1.035,-17.7%,-1.244,-20.2%,35.24,-28.3,-1581.1%,+30.7%,+10.6%,+38.5%
BEP,Extended,Uncategorized,Utilities,Utilities,Adj,Dec,EPS,CY2027,0.183,-0.853,-566.1%,-0.842,+1.3%,-1.042,-23.8%,35.24,-33.8,-669.4%,+30.7%,+10.6%,+38.5%
BEP,Extended,Uncategorized,Utilities,Utilities,Adj,Dec,EPS,CY2028,,-0.12,,-0.721,-500.8%,-1.188,-64.8%,35.24,-29.7,,+30.7%,+10.6%,+38.5%
BIP,Extended,Uncategorized,Utilities,Utilities,Adj,Dec,EPS,CY2025,0.382,0.467,+22.3%,0.703,+50.5%,0.703,+0.0%,37.57,53.4,+84.0%,+8.1%,+3.2%,+15.4%
BIP,Extended,Uncategorized,Utilities,Utilities,Adj,Dec,EPS,CY2026,0.9,0.918,+2.0%,1.368,+49.0%,0.751,-45.1%,37.57,50.0,-16.6%,+8.1%,+3.2%,+15.4%
BIP,Extended,Uncategorized,Utilities,Utilities,Adj,Dec,EPS,CY2027,1.35,1.163,-13.9%,1.122,-3.5%,1.136,+1.2%,37.57,33.1,-15.9%,+8.1%,+3.2%,+15.4%
BIP,Extended,Uncategorized,Utilities,Utilities,Adj,Dec,EPS,CY2028,,2.255,,2.063,-8.5%,1.662,-19.4%,37.57,22.6,,+8.1%,+3.2%,+15.4%
MAR,Extended,Uncategorized,Consumer Discretionary,Consumer Services,Adj,Dec,EPS,CY2025,10.075,10.072,-0.0%,10.089,+0.2%,10.089,+0.0%,396.2,39.3,+0.1%,+27.7%,+21.9%,+53.8%
MAR,Extended,Uncategorized,Consumer Discretionary,Consumer Services,Adj,Dec,EPS,CY2026,11.408,11.32,-0.8%,11.553,+2.1%,11.566,+0.1%,396.2,34.3,+1.4%,+27.7%,+21.9%,+53.8%
MAR,Extended,Uncategorized,Consumer Discretionary,Consumer Services,Adj,Dec,EPS,CY2027,12.815,12.701,-0.9%,12.97,+2.1%,13.028,+0.4%,396.2,30.4,+1.7%,+27.7%,+21.9%,+53.8%
MAR,Extended,Uncategorized,Consumer Discretionary,Consumer Services,Adj,Dec,EPS,CY2028,,14.738,,14.304,-2.9%,14.601,+2.1%,396.2,27.1,,+27.7%,+21.9%,+53.8%
DPZ,Extended,Uncategorized,Consumer Discretionary,Consumer Services,Adj,Dec,EPS,CY2025,17.705,17.584,-0.7%,17.592,+0.0%,17.592,+0.0%,312.47,17.8,-0.6%,-25.0%,-16.7%,-30.1%
DPZ,Extended,Uncategorized,Consumer Discretionary,Consumer Services,Adj,Dec,EPS,CY2026,19.323,19.575,+1.3%,19.854,+1.4%,19.185,-3.4%,312.47,16.3,-0.7%,-25.0%,-16.7%,-30.1%
DPZ,Extended,Uncategorized,Consumer Discretionary,Consumer Services,Adj,Dec,EPS,CY2027,21.195,21.279,+0.4%,21.577,+1.4%,20.993,-2.7%,312.47,14.9,-1.0%,-25.0%,-16.7%,-30.1%
DPZ,Extended,Uncategorized,Consumer Discretionary,Consumer Services,Adj,Dec,EPS,CY2028,23.342,23.478,+0.6%,23.485,+0.0%,22.857,-2.7%,312.47,13.7,-2.1%,-25.0%,-16.7%,-30.1%
CMG,Extended,Uncategorized,Consumer Discretionary,Consumer Services,Adj,Dec,EPS,CY2025,1.214,1.16,-4.4%,1.156,-0.3%,1.156,+0.0%,32.49,28.1,-4.8%,-12.2%,-1.4%,-37.3%
CMG,Extended,Uncategorized,Consumer Discretionary,Consumer Services,Adj,Dec,EPS,CY2026,1.44,1.221,-15.2%,1.143,-6.4%,1.131,-1.0%,32.49,28.7,-21.5%,-12.2%,-1.4%,-37.3%
CMG,Extended,Uncategorized,Consumer Discretionary,Consumer Services,Adj,Dec,EPS,CY2027,1.706,1.437,-15.8%,1.368,-4.8%,1.354,-1.0%,32.49,24.0,-20.6%,-12.2%,-1.4%,-37.3%
CMG,Extended,Uncategorized,Consumer Discretionary,Consumer Services,Adj,Dec,EPS,CY2028,2.091,1.732,-17.2%,1.624,-6.2%,1.571,-3.3%,32.49,20.7,-24.9%,-12.2%,-1.4%,-37.3%
MCO,Extended,Uncategorized,Financials,Financial Services,Adj,Dec,EPS,CY2025,13.608,14.668,+7.8%,14.772,+0.7%,14.772,+0.0%,450.67,30.5,+8.6%,-11.8%,+3.4%,-4.2%
MCO,Extended,Uncategorized,Financials,Financial Services,Adj,Dec,EPS,CY2026,15.41,16.339,+6.0%,16.74,+2.5%,16.698,-0.3%,450.67,27.0,+8.4%,-11.8%,+3.4%,-4.2%
MCO,Extended,Uncategorized,Financials,Financial Services,Adj,Dec,EPS,CY2027,17.303,18.306,+5.8%,18.763,+2.5%,18.638,-0.7%,450.67,24.2,+7.7%,-11.8%,+3.4%,-4.2%
MCO,Extended,Uncategorized,Financials,Financial Services,Adj,Dec,EPS,CY2028,19.09,20.179,+5.7%,20.856,+3.4%,20.687,-0.8%,450.67,21.8,+8.4%,-11.8%,+3.4%,-4.2%
SPGI,Extended,Uncategorized,Financials,Financial Services,Adj,Dec,EPS,CY2025,16.953,17.812,+5.1%,17.859,+0.3%,17.859,+0.0%,410.92,23.0,+5.3%,-21.4%,-3.6%,-18.2%
SPGI,Extended,Uncategorized,Financials,Financial Services,Adj,Dec,EPS,CY2026,18.92,19.845,+4.9%,19.639,-1.0%,19.633,-0.0%,410.92,20.9,+3.8%,-21.4%,-3.6%,-18.2%
SPGI,Extended,Uncategorized,Financials,Financial Services,Adj,Dec,EPS,CY2027,21.157,22.195,+4.9%,22.065,-0.6%,22.224,+0.7%,410.92,18.5,+5.0%,-21.4%,-3.6%,-18.2%
SPGI,Extended,Uncategorized,Financials,Financial Services,Adj,Dec,EPS,CY2028,23.217,24.17,+4.1%,24.647,+2.0%,25.142,+2.0%,410.92,16.3,+8.3%,-21.4%,-3.6%,-18.2%
MSCI,Extended,Uncategorized,Financials,Financial Services,Adj,Dec,EPS,CY2025,16.816,17.176,+2.1%,17.202,+0.2%,17.202,+0.0%,581.19,33.8,+2.3%,+1.3%,+4.5%,+6.9%
MSCI,Extended,Uncategorized,Financials,Financial Services,Adj,Dec,EPS,CY2026,18.814,19.354,+2.9%,19.397,+0.2%,19.69,+1.5%,581.19,29.5,+4.7%,+1.3%,+4.5%,+6.9%
MSCI,Extended,Uncategorized,Financials,Financial Services,Adj,Dec,EPS,CY2027,21.091,21.774,+3.2%,21.957,+0.8%,22.553,+2.7%,581.19,25.8,+6.9%,+1.3%,+4.5%,+6.9%
MSCI,Extended,Uncategorized,Financials,Financial Services,Adj,Dec,EPS,CY2028,23.434,24.456,+4.4%,24.955,+2.0%,25.657,+2.8%,581.19,22.7,+9.5%,+1.3%,+4.5%,+6.9%
CSGP,Extended,Uncategorized,Real Estate,Real Estate Management & Devel,Adj,Dec,EPS,CY2025,0.816,0.843,+3.3%,0.842,-0.1%,0.842,+0.0%,30.12,35.8,+3.2%,-55.2%,-29.7%,-62.1%
CSGP,Extended,Uncategorized,Real Estate,Real Estate Management & Devel,Adj,Dec,EPS,CY2026,1.361,1.355,-0.4%,1.302,-3.9%,1.362,+4.6%,30.12,22.1,+0.1%,-55.2%,-29.7%,-62.1%
CSGP,Extended,Uncategorized,Real Estate,Real Estate Management & Devel,Adj,Dec,EPS,CY2027,1.958,1.97,+0.6%,1.779,-9.7%,1.855,+4.3%,30.12,16.2,-5.3%,-55.2%,-29.7%,-62.1%
CSGP,Extended,Uncategorized,Real Estate,Real Estate Management & Devel,Adj,Dec,EPS,CY2028,2.579,2.621,+1.6%,2.187,-16.6%,2.332,+6.6%,30.12,12.9,-9.6%,-55.2%,-29.7%,-62.1%
LPLA,Extended,Uncategorized,Financials,Financial Services,Adj,Dec,EPS,CY2025,18.858,19.948,+5.8%,19.786,-0.8%,19.786,+0.0%,293.95,14.9,+4.9%,-17.7%,+3.0%,-22.5%
LPLA,Extended,Uncategorized,Financials,Financial Services,Adj,Dec,EPS,CY2026,22.242,23.667,+6.4%,24.071,+1.7%,23.232,-3.5%,293.95,12.7,+4.5%,-17.7%,+3.0%,-22.5%
LPLA,Extended,Uncategorized,Financials,Financial Services,Adj,Dec,EPS,CY2027,27.575,28.865,+4.7%,29.037,+0.6%,28.558,-1.6%,293.95,10.3,+3.6%,-17.7%,+3.0%,-22.5%
LPLA,Extended,Uncategorized,Financials,Financial Services,Adj,Dec,EPS,CY2028,31.625,33.175,+4.9%,34.096,+2.8%,33.291,-2.4%,293.95,8.8,+5.3%,-17.7%,+3.0%,-22.5%
SCHW,Extended,Uncategorized,Financials,Financial Services,Adj,Dec,EPS,CY2025,4.289,4.807,+12.1%,4.87,+1.3%,4.87,+0.0%,91.7,18.8,+13.5%,-8.2%,-2.4%,+2.0%
SCHW,Extended,Uncategorized,Financials,Financial Services,Adj,Dec,EPS,CY2026,5.075,5.627,+10.9%,5.829,+3.6%,6.127,+5.1%,91.7,15.0,+20.7%,-8.2%,-2.4%,+2.0%
SCHW,Extended,Uncategorized,Financials,Financial Services,Adj,Dec,EPS,CY2027,5.857,6.622,+13.1%,6.786,+2.5%,7.248,+6.8%,91.7,12.7,+23.7%,-8.2%,-2.4%,+2.0%
SCHW,Extended,Uncategorized,Financials,Financial Services,Adj,Dec,EPS,CY2028,6.518,7.607,+16.7%,7.908,+4.0%,8.435,+6.7%,91.7,10.9,+29.4%,-8.2%,-2.4%,+2.0%
CRM,Extended,Uncategorized,Information Technology,Software & Services,Adj,Jan,EPS,CY2025,11.316,11.78,+4.1%,11.784,+0.0%,11.784,+0.0%,151.78,12.9,+4.1%,-42.7%,-22.2%,-41.5%
CRM,Extended,Uncategorized,Information Technology,Software & Services,Adj,Jan,EPS,CY2026,12.641,13.144,+4.0%,13.194,+0.4%,14.106,+6.9%,151.78,10.8,+11.6%,-42.7%,-22.2%,-41.5%
CRM,Extended,Uncategorized,Information Technology,Software & Services,Adj,Jan,EPS,CY2027,14.433,15.07,+4.4%,14.868,-1.3%,15.583,+4.8%,151.78,9.7,+8.0%,-42.7%,-22.2%,-41.5%
CRM,Extended,Uncategorized,Information Technology,Software & Services,Adj,Jan,EPS,CY2028,16.734,17.728,+5.9%,17.514,-1.2%,18.109,+3.4%,151.78,8.4,+8.2%,-42.7%,-22.2%,-41.5%
WDAY,Extended,Uncategorized,Information Technology,Software & Services,Adj,Jan,EPS,CY2025,8.782,9.103,+3.7%,9.104,+0.0%,9.104,+0.0%,116.93,12.8,+3.7%,-45.6%,-12.3%,-50.6%
WDAY,Extended,Uncategorized,Information Technology,Software & Services,Adj,Jan,EPS,CY2026,10.178,10.744,+5.6%,10.473,-2.5%,10.77,+2.8%,116.93,10.9,+5.8%,-45.6%,-12.3%,-50.6%
WDAY,Extended,Uncategorized,Information Technology,Software & Services,Adj,Jan,EPS,CY2027,11.589,13.118,+13.2%,12.301,-6.2%,12.649,+2.8%,116.93,9.2,+9.1%,-45.6%,-12.3%,-50.6%
WDAY,Extended,Uncategorized,Information Technology,Software & Services,Adj,Jan,EPS,CY2028,12.894,15.208,+17.9%,14.239,-6.4%,14.654,+2.9%,116.93,8.0,+13.6%,-45.6%,-12.3%,-50.6%
ADBE,Extended,Uncategorized,Information Technology,Software & Services,Adj,Nov,EPS,CY2025,20.651,20.832,+0.9%,20.832,+0.0%,20.832,+0.0%,195.16,9.4,+0.9%,-44.2%,-20.7%,-48.4%
ADBE,Extended,Uncategorized,Information Technology,Software & Services,Adj,Nov,EPS,CY2026,23.232,23.522,+1.2%,23.548,+0.1%,24.386,+3.6%,195.16,8.0,+5.0%,-44.2%,-20.7%,-48.4%
ADBE,Extended,Uncategorized,Information Technology,Software & Services,Adj,Nov,EPS,CY2027,26.151,26.531,+1.5%,26.434,-0.4%,27.376,+3.6%,195.16,7.1,+4.7%,-44.2%,-20.7%,-48.4%
ADBE,Extended,Uncategorized,Information Technology,Software & Services,Adj,Nov,EPS,CY2028,28.115,29.355,+4.4%,29.558,+0.7%,30.915,+4.6%,195.16,6.3,+10.0%,-44.2%,-20.7%,-48.4%
SHOP,Extended,Uncategorized,Information Technology,Software & Services,Adj,Dec,EPS,CY2025,1.419,1.457,+2.7%,1.451,-0.4%,1.451,+0.0%,108.85,75.0,+2.3%,-32.4%,-11.0%,+2.7%
SHOP,Extended,Uncategorized,Information Technology,Software & Services,Adj,Dec,EPS,CY2026,1.751,1.876,+7.1%,1.845,-1.7%,1.888,+2.3%,108.85,57.7,+7.8%,-32.4%,-11.0%,+2.7%
SHOP,Extended,Uncategorized,Information Technology,Software & Services,Adj,Dec,EPS,CY2027,2.245,2.368,+5.5%,2.386,+0.8%,2.365,-0.9%,108.85,46.0,+5.3%,-32.4%,-11.0%,+2.7%
SHOP,Extended,Uncategorized,Information Technology,Software & Services,Adj,Dec,EPS,CY2028,2.702,3.137,+16.1%,3.303,+5.3%,3.221,-2.5%,108.85,33.8,+19.2%,-32.4%,-11.0%,+2.7%
GWRE,Extended,Uncategorized,Information Technology,Software & Services,Adj,Jul,EPS,CY2025,2.416,2.419,+0.1%,2.419,+0.0%,2.419,+0.0%,107.86,44.6,+0.1%,-46.3%,-30.9%,-56.3%
GWRE,Extended,Uncategorized,Information Technology,Software & Services,Adj,Jul,EPS,CY2026,2.801,2.96,+5.7%,3.537,+19.5%,3.485,-1.5%,107.86,30.9,+24.4%,-46.3%,-30.9%,-56.3%
GWRE,Extended,Uncategorized,Information Technology,Software & Services,Adj,Jul,EPS,CY2027,3.675,3.872,+5.4%,4.267,+10.2%,4.136,-3.1%,107.86,26.1,+12.5%,-46.3%,-30.9%,-56.3%
GWRE,Extended,Uncategorized,Information Technology,Software & Services,Adj,Jul,EPS,CY2028,5.03,4.901,-2.6%,5.395,+10.1%,5.252,-2.7%,107.86,20.5,+4.4%,-46.3%,-30.9%,-56.3%
NOW,Extended,Uncategorized,Information Technology,Software & Services,Adj,Dec,EPS,CY2025,3.314,3.415,+3.0%,3.481,+1.9%,3.481,+0.0%,95.04,27.3,+5.0%,-38.0%,-16.1%,-51.6%
NOW,Extended,Uncategorized,Information Technology,Software & Services,Adj,Dec,EPS,CY2026,3.968,4.02,+1.3%,4.188,+4.2%,4.166,-0.5%,95.04,22.8,+5.0%,-38.0%,-16.1%,-51.6%
NOW,Extended,Uncategorized,Information Technology,Software & Services,Adj,Dec,EPS,CY2027,4.768,4.862,+2.0%,5.019,+3.2%,5.043,+0.5%,95.04,18.8,+5.8%,-38.0%,-16.1%,-51.6%
NOW,Extended,Uncategorized,Information Technology,Software & Services,Adj,Dec,EPS,CY2028,5.686,5.64,-0.8%,6.032,+7.0%,6.083,+0.8%,95.04,15.6,+7.0%,-38.0%,-16.1%,-51.6%
ELV,Extended,Uncategorized,Health Care,Health Care Equipment & Servic,Adj,Dec,EPS,CY2025,34.397,29.987,-12.8%,29.975,-0.0%,29.975,+0.0%,388.5,13.0,-12.9%,+10.8%,+33.4%,+3.3%
ELV,Extended,Uncategorized,Health Care,Health Care Equipment & Servic,Adj,Dec,EPS,CY2026,39.193,27.12,-30.8%,25.75,-5.1%,26.838,+4.2%,388.5,14.5,-31.5%,+10.8%,+33.4%,+3.3%
ELV,Extended,Uncategorized,Health Care,Health Care Equipment & Servic,Adj,Dec,EPS,CY2027,45.088,31.304,-30.6%,28.988,-7.4%,29.119,+0.5%,388.5,13.3,-35.4%,+10.8%,+33.4%,+3.3%
ELV,Extended,Uncategorized,Health Care,Health Care Equipment & Servic,Adj,Dec,EPS,CY2028,52.273,39.83,-23.8%,34.122,-14.3%,33.779,-1.0%,388.5,11.5,-35.4%,+10.8%,+33.4%,+3.3%
ISRG,Extended,Uncategorized,Health Care,Health Care Equipment & Servic,Adj,Dec,EPS,CY2025,7.779,8.633,+11.0%,8.646,+0.2%,8.646,+0.0%,406.78,47.0,+11.1%,-28.2%,-15.2%,-20.2%
ISRG,Extended,Uncategorized,Health Care,Health Care Equipment & Servic,Adj,Dec,EPS,CY2026,9.012,9.718,+7.8%,10.059,+3.5%,10.335,+2.7%,406.78,39.4,+14.7%,-28.2%,-15.2%,-20.2%
ISRG,Extended,Uncategorized,Health Care,Health Care Equipment & Servic,Adj,Dec,EPS,CY2027,10.553,11.227,+6.4%,11.42,+1.7%,11.741,+2.8%,406.78,34.6,+11.3%,-28.2%,-15.2%,-20.2%
ISRG,Extended,Uncategorized,Health Care,Health Care Equipment & Servic,Adj,Dec,EPS,CY2028,12.231,13.038,+6.6%,13.177,+1.1%,13.376,+1.5%,406.78,30.4,+9.4%,-28.2%,-15.2%,-20.2%
BLDR,Extended,Uncategorized,Industrials,Capital Goods,Adj,Dec,EPS,CY2025,8.476,7.064,-16.7%,7.053,-0.2%,7.053,+0.0%,80.59,11.4,-16.8%,-21.7%,-4.6%,-24.6%
BLDR,Extended,Uncategorized,Industrials,Capital Goods,Adj,Dec,EPS,CY2026,9.901,6.538,-34.0%,5.933,-9.3%,4.295,-27.6%,80.59,18.8,-56.6%,-21.7%,-4.6%,-24.6%
BLDR,Extended,Uncategorized,Industrials,Capital Goods,Adj,Dec,EPS,CY2027,,8.492,,7.764,-8.6%,6.137,-21.0%,80.59,13.1,,-21.7%,-4.6%,-24.6%
BLDR,Extended,Uncategorized,Industrials,Capital Goods,Adj,Dec,EPS,CY2028,,10.155,,9.355,-7.9%,7.551,-19.3%,80.59,10.7,,-21.7%,-4.6%,-24.6%
FERG,Extended,Uncategorized,Industrials,Capital Goods,Adj,Jul,EPS,CY2025,9.396,9.41,+0.1%,9.41,+0.0%,9.41,+0.0%,238.35,25.3,+0.1%,+7.1%,+9.5%,+11.2%
FERG,Extended,Uncategorized,Industrials,Capital Goods,Adj,Jul,EPS,CY2026,,11.033,,11.164,+1.2%,11.394,+2.1%,238.35,20.9,,+7.1%,+9.5%,+11.2%
FERG,Extended,Uncategorized,Industrials,Capital Goods,Adj,Jul,EPS,CY2027,,12.099,,12.402,+2.5%,12.451,+0.4%,238.35,19.1,,+7.1%,+9.5%,+11.2%
FERG,Extended,Uncategorized,Industrials,Capital Goods,Adj,Jul,EPS,CY2028,,13.255,,13.495,+1.8%,13.733,+1.8%,238.35,17.4,,+7.1%,+9.5%,+11.2%
CRH,Extended,Uncategorized,Materials,Materials,Adj,Dec,EPS,CY2025,5.709,5.606,-1.8%,5.593,-0.2%,5.593,+0.0%,111.24,19.9,-2.0%,-10.9%,+10.1%,+24.9%
CRH,Extended,Uncategorized,Materials,Materials,Adj,Dec,EPS,CY2026,6.321,6.105,-3.4%,5.993,-1.8%,5.942,-0.9%,111.24,18.7,-6.0%,-10.9%,+10.1%,+24.9%
CRH,Extended,Uncategorized,Materials,Materials,Adj,Dec,EPS,CY2027,6.968,6.715,-3.6%,6.668,-0.7%,6.712,+0.7%,111.24,16.6,-3.7%,-10.9%,+10.1%,+24.9%
CRH,Extended,Uncategorized,Materials,Materials,Adj,Dec,EPS,CY2028,7.967,7.724,-3.1%,7.433,-3.8%,7.552,+1.6%,111.24,14.7,-5.2%,-10.9%,+10.1%,+24.9%
FND,Extended,Uncategorized,Consumer Discretionary,Consumer Discretionary Distrib,Adj,Dec,EPS,CY2025,1.798,1.902,+5.8%,1.905,+0.2%,1.905,+0.0%,53.03,27.8,+6.0%,-12.9%,-0.4%,-28.1%
FND,Extended,Uncategorized,Consumer Discretionary,Consumer Discretionary Distrib,Adj,Dec,EPS,CY2026,2.233,2.091,-6.4%,2.08,-0.5%,1.904,-8.5%,53.03,27.9,-14.7%,-12.9%,-0.4%,-28.1%
FND,Extended,Uncategorized,Consumer Discretionary,Consumer Discretionary Distrib,Adj,Dec,EPS,CY2027,,2.533,,2.443,-3.6%,2.189,-10.4%,53.03,24.2,,-12.9%,-0.4%,-28.1%
FND,Extended,Uncategorized,Consumer Discretionary,Consumer Discretionary Distrib,Adj,Dec,EPS,CY2028,,3.061,,2.923,-4.5%,2.663,-8.9%,53.03,19.9,,-12.9%,-0.4%,-28.1%
WMT,Extended,Uncategorized,Consumer Staples,Consumer Staples Distribution,GAAP,Jan,EPS,CY2025,2.548,2.892,+13.5%,2.879,-0.4%,2.879,+0.0%,117.18,40.7,+13.0%,+5.2%,-3.2%,+23.2%
WMT,Extended,Uncategorized,Consumer Staples,Consumer Staples Distribution,GAAP,Jan,EPS,CY2026,2.906,2.969,+2.2%,2.935,-1.1%,2.925,-0.3%,117.18,40.1,+0.7%,+5.2%,-3.2%,+23.2%
WMT,Extended,Uncategorized,Consumer Staples,Consumer Staples Distribution,GAAP,Jan,EPS,CY2027,3.25,3.311,+1.9%,3.273,-1.1%,3.253,-0.6%,117.18,36.0,+0.1%,+5.2%,-3.2%,+23.2%
WMT,Extended,Uncategorized,Consumer Staples,Consumer Staples Distribution,GAAP,Jan,EPS,CY2028,3.728,3.665,-1.7%,3.632,-0.9%,3.638,+0.2%,117.18,32.2,-2.4%,+5.2%,-3.2%,+23.2%
PM,Extended,Uncategorized,Consumer Staples,"Food, Beverage & Tobacco",GAAP,Dec,EPS,CY2025,7.293,7.432,+1.9%,7.412,-0.3%,7.412,+0.0%,178.4,24.1,+1.6%,+11.2%,+9.2%,-2.3%
PM,Extended,Uncategorized,Consumer Staples,"Food, Beverage & Tobacco",GAAP,Dec,EPS,CY2026,8.05,8.058,+0.1%,8.072,+0.2%,7.981,-1.1%,178.4,22.4,-0.9%,+11.2%,+9.2%,-2.3%
PM,Extended,Uncategorized,Consumer Staples,"Food, Beverage & Tobacco",GAAP,Dec,EPS,CY2027,8.823,8.77,-0.6%,8.782,+0.1%,8.853,+0.8%,178.4,20.2,+0.3%,+11.2%,+9.2%,-2.3%
PM,Extended,Uncategorized,Consumer Staples,"Food, Beverage & Tobacco",GAAP,Dec,EPS,CY2028,9.753,9.575,-1.8%,9.583,+0.1%,12.203,+27.3%,178.4,14.6,+25.1%,+11.2%,+9.2%,-2.3%
CP,Extended,Uncategorized,Industrials,Transportation,Adj,Dec,EPS,CY2025,4.74,4.659,-1.7%,4.618,-0.9%,4.618,+0.0%,86.03,18.6,-2.6%,+16.8%,+9.6%,+7.3%
CP,Extended,Uncategorized,Industrials,Transportation,Adj,Dec,EPS,CY2026,5.455,5.32,-2.5%,5.18,-2.6%,5.12,-1.2%,86.03,16.8,-6.1%,+16.8%,+9.6%,+7.3%
CP,Extended,Uncategorized,Industrials,Transportation,Adj,Dec,EPS,CY2027,6.127,6.001,-2.1%,5.897,-1.7%,5.888,-0.2%,86.03,14.6,-3.9%,+16.8%,+9.6%,+7.3%
CP,Extended,Uncategorized,Industrials,Transportation,Adj,Dec,EPS,CY2028,7.154,6.84,-4.4%,6.708,-1.9%,6.715,+0.1%,86.03,12.8,-6.1%,+16.8%,+9.6%,+7.3%
CNR,Extended,Uncategorized,Industrials,Transportation,Adj,Dec,EPS,CY2025,7.789,7.513,-3.5%,7.522,+0.1%,7.522,+0.0%,159.73,21.2,-3.4%,+17.7%,+17.3%,+14.3%
CNR,Extended,Uncategorized,Industrials,Transportation,Adj,Dec,EPS,CY2026,8.652,8.156,-5.7%,7.886,-3.3%,7.849,-0.5%,159.73,20.4,-9.3%,+17.7%,+17.3%,+14.3%
CNR,Extended,Uncategorized,Industrials,Transportation,Adj,Dec,EPS,CY2027,9.527,9.07,-4.8%,8.71,-4.0%,8.727,+0.2%,159.73,18.3,-8.4%,+17.7%,+17.3%,+14.3%
CNR,Extended,Uncategorized,Industrials,Transportation,Adj,Dec,EPS,CY2028,10.322,10.037,-2.8%,9.596,-4.4%,9.585,-0.1%,159.73,16.7,-7.1%,+17.7%,+17.3%,+14.3%
UNP,Extended,Uncategorized,Industrials,Transportation,Adj,Dec,EPS,CY2025,11.524,11.737,+1.8%,11.69,-0.4%,11.69,+0.0%,256.88,22.0,+1.4%,+11.0%,+9.7%,+15.7%
UNP,Extended,Uncategorized,Industrials,Transportation,Adj,Dec,EPS,CY2026,12.752,12.607,-1.1%,12.45,-1.2%,12.58,+1.0%,256.88,20.4,-1.3%,+11.0%,+9.7%,+15.7%
UNP,Extended,Uncategorized,Industrials,Transportation,Adj,Dec,EPS,CY2027,,13.676,,13.553,-0.9%,13.711,+1.2%,256.88,18.7,,+11.0%,+9.7%,+15.7%
UNP,Extended,Uncategorized,Industrials,Transportation,Adj,Dec,EPS,CY2028,,15.168,,14.844,-2.1%,14.913,+0.5%,256.88,17.2,,+11.0%,+9.7%,+15.7%
CSX,Extended,Uncategorized,Industrials,Transportation,Adj,Dec,EPS,CY2025,1.649,1.65,+0.1%,1.636,-0.8%,1.636,+0.0%,45.63,27.9,-0.8%,+25.9%,+18.6%,+41.5%
CSX,Extended,Uncategorized,Industrials,Transportation,Adj,Dec,EPS,CY2026,1.916,1.9,-0.8%,1.845,-2.9%,1.913,+3.7%,45.63,23.9,-0.2%,+25.9%,+18.6%,+41.5%
CSX,Extended,Uncategorized,Industrials,Transportation,Adj,Dec,EPS,CY2027,2.105,2.124,+0.9%,2.084,-1.9%,2.168,+4.0%,45.63,21.0,+3.0%,+25.9%,+18.6%,+41.5%
CSX,Extended,Uncategorized,Industrials,Transportation,Adj,Dec,EPS,CY2028,,2.353,,2.083,-11.5%,2.36,+13.3%,45.63,19.3,,+25.9%,+18.6%,+41.5%
NVR,Extended,Uncategorized,Consumer Discretionary,Consumer Durables & Apparel,Adj,Dec,EPS,CY2025,416.19,423.183,+1.7%,422.926,-0.1%,422.926,+0.0%,6490.93,15.3,+1.6%,-11.0%,+1.1%,-7.0%
NVR,Extended,Uncategorized,Consumer Discretionary,Consumer Durables & Apparel,Adj,Dec,EPS,CY2026,,410.587,,395.095,-3.8%,363.043,-8.1%,6490.93,17.9,,-11.0%,+1.1%,-7.0%
NVR,Extended,Uncategorized,Consumer Discretionary,Consumer Durables & Apparel,Adj,Dec,EPS,CY2027,,474.405,,457.477,-3.6%,414.622,-9.4%,6490.93,15.7,,-11.0%,+1.1%,-7.0%
NVR,Extended,Uncategorized,Consumer Discretionary,Consumer Durables & Apparel,Adj,Dec,EPS,CY2028,,,,535.0,,514.0,-3.9%,6490.93,12.6,,-11.0%,+1.1%,-7.0%
PDD,Extended,Uncategorized,Consumer Discretionary,Consumer Discretionary Distrib,Adj,Dec,EPS,CY2025,61.966,75.331,+21.6%,75.475,+0.2%,75.449,-0.0%,79.56,1.1,+21.8%,-29.8%,-18.3%,-22.2%
PDD,Extended,Uncategorized,Consumer Discretionary,Consumer Discretionary Distrib,Adj,Dec,EPS,CY2026,80.086,86.836,+8.4%,87.112,+0.3%,69.526,-20.2%,79.56,1.1,-13.2%,-29.8%,-18.3%,-22.2%
PDD,Extended,Uncategorized,Consumer Discretionary,Consumer Discretionary Distrib,Adj,Dec,EPS,CY2027,97.659,101.478,+3.9%,101.612,+0.1%,83.404,-17.9%,79.56,1.0,-14.6%,-29.8%,-18.3%,-22.2%
PDD,Extended,Uncategorized,Consumer Discretionary,Consumer Discretionary Distrib,Adj,Dec,EPS,CY2028,98.539,100.072,+1.6%,102.616,+2.5%,96.62,-5.8%,79.56,0.8,-1.9%,-29.8%,-18.3%,-22.2%
MSI,Extended,Uncategorized,Information Technology,Technology Hardware & Equipmen,Adj,Dec,EPS,CY2025,14.713,15.157,+3.0%,15.155,-0.0%,15.155,+0.0%,395.17,26.1,+3.0%,+3.1%,-13.9%,-2.4%
MSI,Extended,Uncategorized,Information Technology,Technology Hardware & Equipmen,Adj,Dec,EPS,CY2026,15.916,16.294,+2.4%,16.786,+3.0%,16.976,+1.1%,395.17,23.3,+6.7%,+3.1%,-13.9%,-2.4%
MSI,Extended,Uncategorized,Information Technology,Technology Hardware & Equipmen,Adj,Dec,EPS,CY2027,17.514,17.714,+1.1%,18.145,+2.4%,18.531,+2.1%,395.17,21.3,+5.8%,+3.1%,-13.9%,-2.4%
MSI,Extended,Uncategorized,Information Technology,Technology Hardware & Equipmen,Adj,Dec,EPS,CY2028,,20.325,,19.748,-2.8%,20.52,+3.9%,395.17,19.3,,+3.1%,-13.9%,-2.4%
TPL,Extended,Uncategorized,Energy,Energy,Adj,Dec,EPS,CY2025,,7.02,,6.92,-1.4%,6.92,+0.0%,355.11,51.3,,+23.6%,-33.3%,-1.3%
TPL,Extended,Uncategorized,Energy,Energy,Adj,Dec,EPS,CY2026,,8.185,,8.26,+0.9%,9.17,+11.0%,355.11,38.7,,+23.6%,-33.3%,-1.3%
TPL,Extended,Uncategorized,Energy,Energy,Adj,Dec,EPS,CY2027,,9.835,,9.775,-0.6%,10.085,+3.2%,355.11,35.2,,+23.6%,-33.3%,-1.3%
TPL,Extended,Uncategorized,Energy,Energy,Adj,Dec,EPS,CY2028,,11.71,,12.68,+8.3%,11.92,-6.0%,355.11,29.8,,+23.6%,-33.3%,-1.3%
APG,Extended,Uncategorized,Industrials,Capital Goods,Adj,Dec,EPS,CY2025,1.388,1.449,+4.4%,1.446,-0.2%,1.446,+0.0%,42.54,29.4,+4.2%,+11.2%,+3.3%,+30.4%
APG,Extended,Uncategorized,Industrials,Capital Goods,Adj,Dec,EPS,CY2026,1.598,1.671,+4.6%,1.667,-0.2%,1.701,+2.0%,42.54,25.0,+6.4%,+11.2%,+3.3%,+30.4%
APG,Extended,Uncategorized,Industrials,Capital Goods,Adj,Dec,EPS,CY2027,1.779,1.946,+9.4%,1.934,-0.6%,1.944,+0.5%,42.54,21.9,+9.3%,+11.2%,+3.3%,+30.4%
APG,Extended,Uncategorized,Industrials,Capital Goods,Adj,Dec,EPS,CY2028,2.01,2.49,+23.9%,2.232,-10.4%,2.166,-3.0%,42.54,19.6,+7.8%,+11.2%,+3.3%,+30.4%
CACC,Extended,Uncategorized,Financials,Financial Services,Adj,Dec,EPS,CY2025,,39.568,,39.568,+0.0%,39.568,+0.0%,579.73,14.7,,+30.7%,+28.9%,+15.0%
CACC,Extended,Uncategorized,Financials,Financial Services,Adj,Dec,EPS,CY2026,,43.928,,47.533,+8.2%,49.358,+3.8%,579.73,11.7,,+30.7%,+28.9%,+15.0%
CACC,Extended,Uncategorized,Financials,Financial Services,Adj,Dec,EPS,CY2027,,51.77,,56.228,+8.6%,57.72,+2.7%,579.73,10.0,,+30.7%,+28.9%,+15.0%
CACC,Extended,Uncategorized,Financials,Financial Services,Adj,Dec,EPS,CY2028,,,,74.58,,74.24,-0.5%,579.73,7.8,,+30.7%,+28.9%,+15.0%
GL,Extended,Uncategorized,Financials,Insurance,Adj,Dec,EPS,CY2025,13.703,14.581,+6.4%,14.576,-0.0%,14.576,+0.0%,170.76,11.7,+6.4%,+22.1%,+24.0%,+42.6%
GL,Extended,Uncategorized,Financials,Insurance,Adj,Dec,EPS,CY2026,14.929,15.013,+0.6%,15.35,+2.2%,15.635,+1.9%,170.76,10.9,+4.7%,+22.1%,+24.0%,+42.6%
GL,Extended,Uncategorized,Financials,Insurance,Adj,Dec,EPS,CY2027,16.46,16.436,-0.1%,16.518,+0.5%,16.623,+0.6%,170.76,10.3,+1.0%,+22.1%,+24.0%,+42.6%
GL,Extended,Uncategorized,Financials,Insurance,Adj,Dec,EPS,CY2028,,17.85,,18.142,+1.6%,18.251,+0.6%,170.76,9.4,,+22.1%,+24.0%,+42.6%
LAD,Extended,Uncategorized,Consumer Discretionary,Consumer Discretionary Distrib,Adj,Dec,EPS,CY2025,33.223,35.524,+6.9%,35.255,-0.8%,35.255,+0.0%,294.85,8.4,+6.1%,-11.3%,+18.7%,-9.8%
LAD,Extended,Uncategorized,Consumer Discretionary,Consumer Discretionary Distrib,Adj,Dec,EPS,CY2026,36.849,37.92,+2.9%,35.931,-5.2%,34.44,-4.1%,294.85,8.6,-6.5%,-11.3%,+18.7%,-9.8%
LAD,Extended,Uncategorized,Consumer Discretionary,Consumer Discretionary Distrib,Adj,Dec,EPS,CY2027,42.721,42.793,+0.2%,41.723,-2.5%,40.762,-2.3%,294.85,7.2,-4.6%,-11.3%,+18.7%,-9.8%
LAD,Extended,Uncategorized,Consumer Discretionary,Consumer Discretionary Distrib,Adj,Dec,EPS,CY2028,,45.853,,49.338,+7.6%,46.865,-5.0%,294.85,6.3,,-11.3%,+18.7%,-9.8%
CHTR,Extended,Uncategorized,Communication Services,Media & Entertainment,Adj,Dec,EPS,CY2025,37.443,35.919,-4.1%,36.229,+0.9%,36.229,+0.0%,126.23,3.5,-3.2%,-39.5%,-40.4%,-66.6%
CHTR,Extended,Uncategorized,Communication Services,Media & Entertainment,Adj,Dec,EPS,CY2026,43.8,42.45,-3.1%,43.526,+2.5%,41.283,-5.2%,126.23,3.1,-5.7%,-39.5%,-40.4%,-66.6%
CHTR,Extended,Uncategorized,Communication Services,Media & Entertainment,Adj,Dec,EPS,CY2027,50.473,48.51,-3.9%,48.128,-0.8%,45.294,-5.9%,126.23,2.8,-10.3%,-39.5%,-40.4%,-66.6%
CHTR,Extended,Uncategorized,Communication Services,Media & Entertainment,Adj,Dec,EPS,CY2028,57.374,55.207,-3.8%,60.938,+10.4%,53.369,-12.4%,126.23,2.4,-7.0%,-39.5%,-40.4%,-66.6%
ABG,Extended,Uncategorized,Consumer Discretionary,Consumer Discretionary Distrib,Adj,Dec,EPS,CY2025,26.88,28.217,+5.0%,28.123,-0.3%,28.123,+0.0%,197.05,7.0,+4.6%,-15.3%,+4.3%,-16.4%
ABG,Extended,Uncategorized,Consumer Discretionary,Consumer Discretionary Distrib,Adj,Dec,EPS,CY2026,26.477,28.033,+5.9%,26.764,-4.5%,25.886,-3.3%,197.05,7.6,-2.2%,-15.3%,+4.3%,-16.4%
ABG,Extended,Uncategorized,Consumer Discretionary,Consumer Discretionary Distrib,Adj,Dec,EPS,CY2027,,32.226,,29.651,-8.0%,29.584,-0.2%,197.05,6.7,,-15.3%,+4.3%,-16.4%
ABG,Extended,Uncategorized,Consumer Discretionary,Consumer Discretionary Distrib,Adj,Dec,EPS,CY2028,,38.735,,33.827,-12.7%,33.335,-1.5%,197.05,5.9,,-15.3%,+4.3%,-16.4%
ALRM,Extended,Uncategorized,Information Technology,Software & Services,Adj,Dec,EPS,CY2025,2.293,2.513,+9.6%,2.513,+0.0%,2.513,+0.0%,44.38,17.7,+9.6%,-13.0%,-4.2%,-21.2%
ALRM,Extended,Uncategorized,Information Technology,Software & Services,Adj,Dec,EPS,CY2026,2.421,2.687,+11.0%,2.773,+3.2%,2.763,-0.4%,44.38,16.1,+14.1%,-13.0%,-4.2%,-21.2%
ALRM,Extended,Uncategorized,Information Technology,Software & Services,Adj,Dec,EPS,CY2027,,2.795,,2.978,+6.5%,2.962,-0.5%,44.38,15.0,,-13.0%,-4.2%,-21.2%
ALRM,Extended,Uncategorized,Information Technology,Software & Services,Adj,Dec,EPS,CY2028,,,,,,3.25,,44.38,13.7,,-13.0%,-4.2%,-21.2%
OPTU,Extended,Uncategorized,Communication Services,Media & Entertainment,Adj,Dec,EPS,CY2025,-0.112,-3.758,-3255.4%,-3.768,-0.3%,-3.768,+0.0%,1.15,-0.3,-3264.3%,-30.3%,-13.5%,-43.1%
OPTU,Extended,Uncategorized,Communication Services,Media & Entertainment,Adj,Dec,EPS,CY2026,0.046,-0.213,-563.0%,-0.509,-139.0%,-6.52,-1180.9%,1.15,-0.2,-14273.9%,-30.3%,-13.5%,-43.1%
OPTU,Extended,Uncategorized,Communication Services,Media & Entertainment,Adj,Dec,EPS,CY2027,0.087,-0.302,-447.1%,-0.414,-37.1%,-0.731,-76.6%,1.15,-1.6,-940.2%,-30.3%,-13.5%,-43.1%
OPTU,Extended,Uncategorized,Communication Services,Media & Entertainment,Adj,Dec,EPS,CY2028,-0.282,-0.355,-25.9%,-0.418,-17.7%,-0.955,-128.5%,1.15,-1.2,-238.7%,-30.3%,-13.5%,-43.1%
CMCSA,Extended,Uncategorized,Communication Services,Telecommunication Services,Adj,Dec,EPS,CY2025,4.249,4.216,-0.8%,4.212,-0.1%,4.212,+0.0%,22.43,5.3,-0.9%,-19.9%,-22.6%,-30.1%
CMCSA,Extended,Uncategorized,Communication Services,Telecommunication Services,Adj,Dec,EPS,CY2026,4.634,4.131,-10.9%,3.677,-11.0%,3.458,-6.0%,22.43,6.5,-25.4%,-19.9%,-22.6%,-30.1%
CMCSA,Extended,Uncategorized,Communication Services,Telecommunication Services,Adj,Dec,EPS,CY2027,5.036,4.405,-12.5%,3.897,-11.5%,3.676,-5.7%,22.43,6.1,-27.0%,-19.9%,-22.6%,-30.1%
CMCSA,Extended,Uncategorized,Communication Services,Telecommunication Services,Adj,Dec,EPS,CY2028,5.484,4.852,-11.5%,4.378,-9.8%,4.075,-6.9%,22.43,5.5,-25.7%,-19.9%,-22.6%,-30.1%
WRLD,Extended,Uncategorized,Financials,Financial Services,Adj,Mar,EPS,CY2025,,8.55,,7.07,-17.3%,7.07,+0.0%,177.95,25.2,,+26.8%,+33.5%,+11.6%
WRLD,Extended,Uncategorized,Financials,Financial Services,Adj,Mar,EPS,CY2026,,15.035,,10.73,-28.6%,10.99,+2.4%,177.95,16.2,,+26.8%,+33.5%,+11.6%
WRLD,Extended,Uncategorized,Financials,Financial Services,Adj,Mar,EPS,CY2027,,16.5,,13.63,-17.4%,14.12,+3.6%,177.95,12.6,,+26.8%,+33.5%,+11.6%
WRLD,Extended,Uncategorized,Financials,Financial Services,Adj,Mar,EPS,CY2028,,,,,,,,177.95,,,+26.8%,+33.5%,+11.6%
CARG,Extended,Uncategorized,Communication Services,Media & Entertainment,Adj,Dec,EPS,CY2025,2.112,2.207,+4.5%,2.206,-0.0%,2.206,+0.0%,30.02,13.6,+4.5%,-21.7%,-11.7%,-5.4%
CARG,Extended,Uncategorized,Communication Services,Media & Entertainment,Adj,Dec,EPS,CY2026,2.446,2.539,+3.8%,2.502,-1.5%,2.498,-0.2%,30.02,12.0,+2.1%,-21.7%,-11.7%,-5.4%
CARG,Extended,Uncategorized,Communication Services,Media & Entertainment,Adj,Dec,EPS,CY2027,2.78,3.018,+8.6%,3.025,+0.2%,3.032,+0.2%,30.02,9.9,+9.1%,-21.7%,-11.7%,-5.4%
CARG,Extended,Uncategorized,Communication Services,Media & Entertainment,Adj,Dec,EPS,CY2028,3.745,3.436,-8.3%,3.503,+1.9%,3.466,-1.1%,30.02,8.7,-7.4%,-21.7%,-11.7%,-5.4%
ARMK,Extended,Uncategorized,Consumer Discretionary,Consumer Services,Adj,Sep,EPS,CY2025,1.936,1.895,-2.1%,1.895,+0.0%,1.895,+0.0%,53.33,28.1,-2.1%,+44.7%,+36.2%,+32.9%
ARMK,Extended,Uncategorized,Consumer Discretionary,Consumer Services,Adj,Sep,EPS,CY2026,2.281,2.22,-2.7%,2.224,+0.2%,2.214,-0.4%,53.33,24.1,-2.9%,+44.7%,+36.2%,+32.9%
ARMK,Extended,Uncategorized,Consumer Discretionary,Consumer Services,Adj,Sep,EPS,CY2027,2.631,2.589,-1.6%,2.601,+0.5%,2.658,+2.2%,53.33,20.1,+1.0%,+44.7%,+36.2%,+32.9%
ARMK,Extended,Uncategorized,Consumer Discretionary,Consumer Services,Adj,Sep,EPS,CY2028,3.05,2.979,-2.3%,2.958,-0.7%,3.097,+4.7%,53.33,17.2,+1.5%,+44.7%,+36.2%,+32.9%
QSR,Extended,Uncategorized,Consumer Discretionary,Consumer Services,Adj,Dec,EPS,CY2025,3.678,3.675,-0.1%,3.673,-0.1%,3.673,+0.0%,73.44,20.0,-0.1%,+7.6%,-0.9%,+11.1%
QSR,Extended,Uncategorized,Consumer Discretionary,Consumer Services,Adj,Dec,EPS,CY2026,4.019,4.013,-0.1%,4.048,+0.9%,4.052,+0.1%,73.44,18.1,+0.8%,+7.6%,-0.9%,+11.1%
QSR,Extended,Uncategorized,Consumer Discretionary,Consumer Services,Adj,Dec,EPS,CY2027,4.349,4.349,+0.0%,4.395,+1.1%,4.431,+0.8%,73.44,16.6,+1.9%,+7.6%,-0.9%,+11.1%
QSR,Extended,Uncategorized,Consumer Discretionary,Consumer Services,Adj,Dec,EPS,CY2028,4.768,4.759,-0.2%,4.825,+1.4%,4.821,-0.1%,73.44,15.2,+1.1%,+7.6%,-0.9%,+11.1%
W,Extended,Uncategorized,Consumer Discretionary,Consumer Discretionary Distrib,Adj,Dec,EPS,CY2025,0.656,2.296,+250.0%,2.313,+0.7%,2.313,+0.0%,88.52,38.3,+252.6%,-11.8%,+16.1%,+80.2%
W,Extended,Uncategorized,Consumer Discretionary,Consumer Discretionary Distrib,Adj,Dec,EPS,CY2026,1.181,2.855,+141.7%,2.903,+1.7%,2.759,-5.0%,88.52,32.1,+133.6%,-11.8%,+16.1%,+80.2%
W,Extended,Uncategorized,Consumer Discretionary,Consumer Discretionary Distrib,Adj,Dec,EPS,CY2027,1.947,3.761,+93.2%,3.688,-1.9%,3.754,+1.8%,88.52,23.6,+92.8%,-11.8%,+16.1%,+80.2%
W,Extended,Uncategorized,Consumer Discretionary,Consumer Discretionary Distrib,Adj,Dec,EPS,CY2028,2.804,4.673,+66.7%,4.361,-6.7%,4.554,+4.4%,88.52,19.4,+62.4%,-11.8%,+16.1%,+80.2%
MO,Extended,Uncategorized,Consumer Staples,"Food, Beverage & Tobacco",Adj,Dec,EPS,CY2025,5.382,5.436,+1.0%,5.434,-0.0%,5.434,+0.0%,69.12,12.7,+1.0%,+19.9%,+6.2%,+16.2%
MO,Extended,Uncategorized,Consumer Staples,"Food, Beverage & Tobacco",Adj,Dec,EPS,CY2026,5.523,5.591,+1.2%,5.618,+0.5%,5.678,+1.1%,69.12,12.2,+2.8%,+19.9%,+6.2%,+16.2%
MO,Extended,Uncategorized,Consumer Staples,"Food, Beverage & Tobacco",Adj,Dec,EPS,CY2027,5.68,5.763,+1.5%,5.809,+0.8%,5.873,+1.1%,69.12,11.8,+3.4%,+19.9%,+6.2%,+16.2%
MO,Extended,Uncategorized,Consumer Staples,"Food, Beverage & Tobacco",Adj,Dec,EPS,CY2028,5.812,5.882,+1.2%,5.991,+1.9%,6.079,+1.5%,69.12,11.4,+4.6%,+19.9%,+6.2%,+16.2%
CI,Extended,Uncategorized,Health Care,Health Care Equipment & Servic,Adj,Dec,EPS,CY2025,29.684,29.64,-0.1%,29.637,-0.0%,29.637,+0.0%,279.27,9.4,-0.2%,+1.5%,+5.6%,-11.2%
CI,Extended,Uncategorized,Health Care,Health Care Equipment & Servic,Adj,Dec,EPS,CY2026,33.075,30.341,-8.3%,30.326,-0.0%,30.456,+0.4%,279.27,9.2,-7.9%,+1.5%,+5.6%,-11.2%
CI,Extended,Uncategorized,Health Care,Health Care Equipment & Servic,Adj,Dec,EPS,CY2027,36.857,33.475,-9.2%,33.423,-0.2%,33.41,-0.0%,279.27,8.4,-9.4%,+1.5%,+5.6%,-11.2%
CI,Extended,Uncategorized,Health Care,Health Care Equipment & Servic,Adj,Dec,EPS,CY2028,41.621,37.325,-10.3%,37.024,-0.8%,36.817,-0.6%,279.27,7.6,-11.5%,+1.5%,+5.6%,-11.2%
CVS,Extended,Uncategorized,Health Care,Health Care Equipment & Servic,Adj,Dec,EPS,CY2025,6.141,6.659,+8.4%,6.663,+0.1%,6.663,+0.0%,98.32,14.8,+8.5%,+23.9%,+36.8%,+47.1%
CVS,Extended,Uncategorized,Health Care,Health Care Equipment & Servic,Adj,Dec,EPS,CY2026,7.066,7.169,+1.5%,7.167,-0.0%,7.43,+3.7%,98.32,13.2,+5.2%,+23.9%,+36.8%,+47.1%
CVS,Extended,Uncategorized,Health Care,Health Care Equipment & Servic,Adj,Dec,EPS,CY2027,8.079,8.178,+1.2%,8.171,-0.1%,8.397,+2.8%,98.32,11.7,+3.9%,+23.9%,+36.8%,+47.1%
CVS,Extended,Uncategorized,Health Care,Health Care Equipment & Servic,Adj,Dec,EPS,CY2028,9.173,9.419,+2.7%,9.379,-0.4%,9.639,+2.8%,98.32,10.2,+5.1%,+23.9%,+36.8%,+47.1%
SSNC,Extended,Uncategorized,Industrials,Commercial & Professional Serv,Adj,Dec,EPS,CY2025,5.848,6.063,+3.7%,6.066,+0.0%,6.066,+0.0%,65.42,10.8,+3.7%,-25.2%,-9.0%,-17.7%
SSNC,Extended,Uncategorized,Industrials,Commercial & Professional Serv,Adj,Dec,EPS,CY2026,6.443,6.638,+3.0%,6.841,+3.1%,6.894,+0.8%,65.42,9.5,+7.0%,-25.2%,-9.0%,-17.7%
SSNC,Extended,Uncategorized,Industrials,Commercial & Professional Serv,Adj,Dec,EPS,CY2027,,7.193,,7.438,+3.4%,7.496,+0.8%,65.42,8.7,,-25.2%,-9.0%,-17.7%
SSNC,Extended,Uncategorized,Industrials,Commercial & Professional Serv,Adj,Dec,EPS,CY2028,,7.98,,7.88,-1.3%,7.896,+0.2%,65.42,8.3,,-25.2%,-9.0%,-17.7%
SPOT,Extended,Uncategorized,Communication Services,Media & Entertainment,Adj,Dec,EPS,CY2025,8.49,7.167,-15.6%,7.15,-0.2%,7.15,+0.0%,468.08,65.5,-15.8%,-19.4%,-3.0%,-34.1%
SPOT,Extended,Uncategorized,Communication Services,Media & Entertainment,Adj,Dec,EPS,CY2026,12.579,12.197,-3.0%,13.028,+6.8%,12.825,-1.6%,468.08,36.5,+2.0%,-19.4%,-3.0%,-34.1%
SPOT,Extended,Uncategorized,Communication Services,Media & Entertainment,Adj,Dec,EPS,CY2027,15.654,15.572,-0.5%,16.154,+3.7%,15.827,-2.0%,468.08,29.6,+1.1%,-19.4%,-3.0%,-34.1%
SPOT,Extended,Uncategorized,Communication Services,Media & Entertainment,Adj,Dec,EPS,CY2028,18.533,18.447,-0.5%,19.353,+4.9%,19.317,-0.2%,468.08,24.2,+4.2%,-19.4%,-3.0%,-34.1%
BABA,Extended,Uncategorized,Consumer Discretionary,Consumer Discretionary Distrib,GAAP,Mar,EPS,CY2025,57.996,47.543,-18.0%,40.826,-14.1%,36.791,-9.9%,107.1,2.9,-36.6%,-26.9%,-14.3%,-5.6%
BABA,Extended,Uncategorized,Consumer Discretionary,Consumer Discretionary Distrib,GAAP,Mar,EPS,CY2026,66.919,58.606,-12.4%,48.383,-17.4%,38.346,-20.7%,107.1,2.8,-42.7%,-26.9%,-14.3%,-5.6%
BABA,Extended,Uncategorized,Consumer Discretionary,Consumer Discretionary Distrib,GAAP,Mar,EPS,CY2027,77.211,75.506,-2.2%,66.271,-12.2%,55.181,-16.7%,107.1,1.9,-28.5%,-26.9%,-14.3%,-5.6%
BABA,Extended,Uncategorized,Consumer Discretionary,Consumer Discretionary Distrib,GAAP,Mar,EPS,CY2028,75.465,87.861,+16.4%,82.423,-6.2%,77.556,-5.9%,107.1,1.4,+2.8%,-26.9%,-14.3%,-5.6%
IAC,Extended,Uncategorized,Communication Services,Media & Entertainment,Adj,Dec,EPS,CY2025,-2.303,0.394,+117.1%,0.394,+0.0%,0.394,+0.0%,,,+117.1%,,,
IAC,Extended,Uncategorized,Communication Services,Media & Entertainment,Adj,Dec,EPS,CY2026,-0.124,1.029,+929.8%,0.388,-62.3%,-0.593,-252.8%,,,-378.2%,,,
IAC,Extended,Uncategorized,Communication Services,Media & Entertainment,Adj,Dec,EPS,CY2027,1.819,1.449,-20.3%,1.5,+3.5%,1.369,-8.7%,,,-24.7%,,,
IAC,Extended,Uncategorized,Communication Services,Media & Entertainment,Adj,Dec,EPS,CY2028,1.813,1.752,-3.4%,1.823,+4.1%,1.979,+8.6%,,,+9.2%,,,
PYPL,Extended,Uncategorized,Financials,Financial Services,Adj,Dec,EPS,CY2025,5.081,5.361,+5.5%,5.351,-0.2%,5.351,+0.0%,42.51,7.9,+5.3%,-27.2%,-3.8%,-38.0%
PYPL,Extended,Uncategorized,Financials,Financial Services,Adj,Dec,EPS,CY2026,5.654,5.834,+3.2%,5.312,-8.9%,5.298,-0.3%,42.51,8.0,-6.3%,-27.2%,-3.8%,-38.0%
PYPL,Extended,Uncategorized,Financials,Financial Services,Adj,Dec,EPS,CY2027,6.46,6.554,+1.5%,5.777,-11.9%,5.74,-0.6%,42.51,7.4,-11.1%,-27.2%,-3.8%,-38.0%
PYPL,Extended,Uncategorized,Financials,Financial Services,Adj,Dec,EPS,CY2028,,7.403,,6.457,-12.8%,6.326,-2.0%,42.51,6.7,,-27.2%,-3.8%,-38.0%
THC,Extended,Healthcare providers,Health Care,Health Care Equipment & Servic,Adj,Dec,EPS,CY2025,12.773,16.12,+26.2%,16.112,-0.0%,16.112,+0.0%,172.57,10.7,+26.1%,-13.2%,-15.9%,+3.0%
THC,Extended,Healthcare providers,Health Care,Health Care Equipment & Servic,Adj,Dec,EPS,CY2026,13.609,16.364,+20.2%,17.412,+6.4%,17.755,+2.0%,172.57,9.7,+30.5%,-13.2%,-15.9%,+3.0%
THC,Extended,Healthcare providers,Health Care,Health Care Equipment & Servic,Adj,Dec,EPS,CY2027,15.498,18.156,+17.2%,17.608,-3.0%,17.729,+0.7%,172.57,9.7,+14.4%,-13.2%,-15.9%,+3.0%
THC,Extended,Healthcare providers,Health Care,Health Care Equipment & Servic,Adj,Dec,EPS,CY2028,20.767,21.257,+2.4%,19.758,-7.1%,19.658,-0.5%,172.57,8.8,-5.3%,-13.2%,-15.9%,+3.0%
UHS,Extended,Healthcare providers,Health Care,Health Care Equipment & Servic,Adj,Dec,EPS,CY2025,19.516,21.822,+11.8%,21.838,+0.1%,21.838,+0.0%,141.17,6.5,+11.9%,-35.2%,-24.6%,-17.6%
UHS,Extended,Healthcare providers,Health Care,Health Care Equipment & Servic,Adj,Dec,EPS,CY2026,21.472,23.451,+9.2%,23.474,+0.1%,23.615,+0.6%,141.17,6.0,+10.0%,-35.2%,-24.6%,-17.6%
UHS,Extended,Healthcare providers,Health Care,Health Care Equipment & Servic,Adj,Dec,EPS,CY2027,23.784,26.013,+9.4%,25.561,-1.7%,25.519,-0.2%,141.17,5.5,+7.3%,-35.2%,-24.6%,-17.6%
UHS,Extended,Healthcare providers,Health Care,Health Care Equipment & Servic,Adj,Dec,EPS,CY2028,25.88,27.69,+7.0%,27.969,+1.0%,27.945,-0.1%,141.17,5.1,+8.0%,-35.2%,-24.6%,-17.6%
CYH,Extended,Healthcare providers,Health Care,Health Care Equipment & Servic,Adj,Dec,EPS,CY2025,-0.327,0.863,+363.9%,0.863,+0.0%,0.863,+0.0%,3.02,3.5,+363.9%,-3.2%,+0.7%,-8.8%
CYH,Extended,Healthcare providers,Health Care,Health Care Equipment & Servic,Adj,Dec,EPS,CY2026,0.019,-0.376,-2078.9%,-0.349,+7.2%,-0.494,-41.5%,3.02,-6.1,-2700.0%,-3.2%,+0.7%,-8.8%
CYH,Extended,Healthcare providers,Health Care,Health Care Equipment & Servic,Adj,Dec,EPS,CY2027,0.205,-0.182,-188.8%,-0.009,+95.1%,0.022,+344.4%,3.02,137.3,-89.3%,-3.2%,+0.7%,-8.8%
CYH,Extended,Healthcare providers,Health Care,Health Care Equipment & Servic,Adj,Dec,EPS,CY2028,,,,0.074,,0.013,-82.4%,3.02,232.3,,-3.2%,+0.7%,-8.8%
DVA,Extended,Healthcare providers,Health Care,Health Care Equipment & Servic,Adj,Dec,EPS,CY2025,10.728,10.614,-1.1%,10.613,-0.0%,10.613,+0.0%,207.91,19.6,-1.1%,+83.0%,+38.8%,+53.1%
DVA,Extended,Healthcare providers,Health Care,Health Care Equipment & Servic,Adj,Dec,EPS,CY2026,12.616,12.711,+0.8%,14.076,+10.7%,14.784,+5.0%,207.91,14.1,+17.2%,+83.0%,+38.8%,+53.1%
DVA,Extended,Healthcare providers,Health Care,Health Care Equipment & Servic,Adj,Dec,EPS,CY2027,14.5,14.84,+2.3%,16.321,+10.0%,17.42,+6.7%,207.91,11.9,+20.1%,+83.0%,+38.8%,+53.1%
DVA,Extended,Healthcare providers,Health Care,Health Care Equipment & Servic,Adj,Dec,EPS,CY2028,16.133,15.96,-1.1%,18.41,+15.4%,21.093,+14.6%,207.91,9.9,+30.7%,+83.0%,+38.8%,+53.1%
LH,Extended,Healthcare providers,Health Care,Health Care Equipment & Servic,Adj,Dec,EPS,CY2025,16.111,16.337,+1.4%,16.339,+0.0%,16.339,+0.0%,255.82,15.7,+1.4%,+2.0%,-3.1%,-2.1%
LH,Extended,Healthcare providers,Health Care,Health Care Equipment & Servic,Adj,Dec,EPS,CY2026,17.633,17.514,-0.7%,17.863,+2.0%,18.005,+0.8%,255.82,14.2,+2.1%,+2.0%,-3.1%,-2.1%
LH,Extended,Healthcare providers,Health Care,Health Care Equipment & Servic,Adj,Dec,EPS,CY2027,19.326,19.15,-0.9%,19.338,+1.0%,19.44,+0.5%,255.82,13.2,+0.6%,+2.0%,-3.1%,-2.1%
LH,Extended,Healthcare providers,Health Care,Health Care Equipment & Servic,Adj,Dec,EPS,CY2028,21.178,20.99,-0.9%,21.074,+0.4%,21.051,-0.1%,255.82,12.2,-0.6%,+2.0%,-3.1%,-2.1%
DGX,Extended,Healthcare providers,Health Care,Health Care Equipment & Servic,Adj,Dec,EPS,CY2025,9.704,9.808,+1.1%,9.809,+0.0%,9.809,+0.0%,195.0,19.9,+1.1%,+12.4%,+0.4%,+8.5%
DGX,Extended,Healthcare providers,Health Care,Health Care Equipment & Servic,Adj,Dec,EPS,CY2026,10.518,10.384,-1.3%,10.63,+2.4%,10.766,+1.3%,195.0,18.1,+2.4%,+12.4%,+0.4%,+8.5%
DGX,Extended,Healthcare providers,Health Care,Health Care Equipment & Servic,Adj,Dec,EPS,CY2027,11.382,11.307,-0.7%,11.486,+1.6%,11.651,+1.4%,195.0,16.7,+2.4%,+12.4%,+0.4%,+8.5%
DGX,Extended,Healthcare providers,Health Care,Health Care Equipment & Servic,Adj,Dec,EPS,CY2028,12.588,12.63,+0.3%,12.586,-0.3%,12.761,+1.4%,195.0,15.3,+1.4%,+12.4%,+0.4%,+8.5%
IDXX,Extended,Healthcare providers,Health Care,Health Care Equipment & Servic,Adj,Dec,EPS,CY2025,12.185,12.92,+6.0%,12.901,-0.1%,12.901,+0.0%,562.09,43.6,+5.9%,-16.9%,-3.1%,+8.1%
IDXX,Extended,Healthcare providers,Health Care,Health Care Equipment & Servic,Adj,Dec,EPS,CY2026,13.698,14.509,+5.9%,14.536,+0.2%,14.659,+0.8%,562.09,38.3,+7.0%,-16.9%,-3.1%,+8.1%
IDXX,Extended,Healthcare providers,Health Care,Health Care Equipment & Servic,Adj,Dec,EPS,CY2027,15.396,16.51,+7.2%,16.363,-0.9%,16.516,+0.9%,562.09,34.0,+7.3%,-16.9%,-3.1%,+8.1%
IDXX,Extended,Healthcare providers,Health Care,Health Care Equipment & Servic,Adj,Dec,EPS,CY2028,17.25,18.768,+8.8%,18.597,-0.9%,18.662,+0.3%,562.09,30.1,+8.2%,-16.9%,-3.1%,+8.1%
ENSG,Extended,Healthcare providers,Health Care,Health Care Equipment & Servic,Adj,Dec,EPS,CY2025,6.293,6.503,+3.3%,6.513,+0.2%,6.513,+0.0%,153.65,23.6,+3.5%,-11.8%,-24.1%,-1.7%
ENSG,Extended,Healthcare providers,Health Care,Health Care Equipment & Servic,Adj,Dec,EPS,CY2026,6.936,7.193,+3.7%,7.51,+4.4%,7.545,+0.5%,153.65,20.4,+8.8%,-11.8%,-24.1%,-1.7%
ENSG,Extended,Healthcare providers,Health Care,Health Care Equipment & Servic,Adj,Dec,EPS,CY2027,7.632,7.93,+3.9%,8.15,+2.8%,8.243,+1.1%,153.65,18.6,+8.0%,-11.8%,-24.1%,-1.7%
ENSG,Extended,Healthcare providers,Health Care,Health Care Equipment & Servic,Adj,Dec,EPS,CY2028,,,,8.893,,9.015,+1.4%,153.65,17.0,,-11.8%,-24.1%,-1.7%
MD,Extended,Healthcare providers,Health Care,Health Care Equipment & Servic,Adj,Dec,EPS,CY2025,1.651,2.075,+25.7%,2.05,-1.2%,2.05,+0.0%,23.61,11.5,+24.2%,+10.4%,+18.7%,+76.9%
MD,Extended,Healthcare providers,Health Care,Health Care Equipment & Servic,Adj,Dec,EPS,CY2026,1.719,2.077,+20.8%,2.209,+6.4%,2.26,+2.3%,23.61,10.4,+31.5%,+10.4%,+18.7%,+76.9%
MD,Extended,Healthcare providers,Health Care,Health Care Equipment & Servic,Adj,Dec,EPS,CY2027,1.715,2.14,+24.8%,2.274,+6.3%,2.32,+2.0%,23.61,10.2,+35.3%,+10.4%,+18.7%,+76.9%
MD,Extended,Healthcare providers,Health Care,Health Care Equipment & Servic,Adj,Dec,EPS,CY2028,1.59,2.13,+34.0%,2.17,+1.9%,2.218,+2.2%,23.61,10.6,+39.5%,+10.4%,+18.7%,+76.9%
AMN,Extended,Healthcare providers,Health Care,Health Care Equipment & Servic,Adj,Dec,EPS,CY2025,1.116,1.408,+26.2%,1.372,-2.6%,1.372,+0.0%,30.98,22.6,+22.9%,+96.6%,+69.2%,+38.6%
AMN,Extended,Healthcare providers,Health Care,Health Care Equipment & Servic,Adj,Dec,EPS,CY2026,1.394,0.746,-46.5%,2.044,+174.0%,2.661,+30.2%,30.98,11.6,+90.9%,+96.6%,+69.2%,+38.6%
AMN,Extended,Healthcare providers,Health Care,Health Care Equipment & Servic,Adj,Dec,EPS,CY2027,,1.188,,1.071,-9.8%,1.086,+1.4%,30.98,28.5,,+96.6%,+69.2%,+38.6%
AMN,Extended,Healthcare providers,Health Care,Health Care Equipment & Servic,Adj,Dec,EPS,CY2028,,1.67,,1.275,-23.7%,1.42,+11.4%,30.98,21.8,,+96.6%,+69.2%,+38.6%
CCRN,Extended,Healthcare providers,Health Care,Health Care Equipment & Servic,Adj,Dec,EPS,CY2025,0.306,0.091,-70.3%,0.091,+0.0%,0.091,+0.0%,13.17,144.7,-70.3%,+62.6%,+40.9%,-7.6%
CCRN,Extended,Healthcare providers,Health Care,Health Care Equipment & Servic,Adj,Dec,EPS,CY2026,0.424,0.082,-80.7%,0.109,+32.9%,0.091,-16.5%,13.17,144.7,-78.5%,+62.6%,+40.9%,-7.6%
CCRN,Extended,Healthcare providers,Health Care,Health Care Equipment & Servic,Adj,Dec,EPS,CY2027,,0.088,,0.271,+208.0%,0.245,-9.6%,13.17,53.8,,+62.6%,+40.9%,-7.6%
CCRN,Extended,Healthcare providers,Health Care,Health Care Equipment & Servic,Adj,Dec,EPS,CY2028,,,,0.206,,0.305,+48.1%,13.17,43.2,,+62.6%,+40.9%,-7.6%
EVH,Extended,Healthcare providers,Health Care,Health Care Equipment & Servic,Adj,Dec,EPS,CY2025,0.298,0.082,-72.5%,0.073,-11.0%,0.073,+0.0%,4.49,61.5,-75.5%,+12.2%,+63.9%,-48.1%
EVH,Extended,Healthcare providers,Health Care,Health Care Equipment & Servic,Adj,Dec,EPS,CY2026,0.535,0.353,-34.0%,0.172,-51.3%,0.154,-10.5%,4.49,29.2,-71.2%,+12.2%,+63.9%,-48.1%
EVH,Extended,Healthcare providers,Health Care,Health Care Equipment & Servic,Adj,Dec,EPS,CY2027,0.768,0.543,-29.3%,0.398,-26.7%,0.392,-1.5%,4.49,11.5,-49.0%,+12.2%,+63.9%,-48.1%
EVH,Extended,Healthcare providers,Health Care,Health Care Equipment & Servic,Adj,Dec,EPS,CY2028,0.91,0.747,-17.9%,0.559,-25.2%,0.503,-10.0%,4.49,8.9,-44.7%,+12.2%,+63.9%,-48.1%
HUM,Extended,Managed Care,Health Care,Health Care Equipment & Servic,Adj,Dec,EPS,CY2025,16.36,17.043,+4.2%,17.064,+0.1%,17.064,+0.0%,360.65,21.1,+4.3%,+40.8%,+116.7%,+48.2%
HUM,Extended,Managed Care,Health Care,Health Care Equipment & Servic,Adj,Dec,EPS,CY2026,14.121,12.106,-14.3%,9.136,-24.5%,9.046,-1.0%,360.65,39.9,-35.9%,+40.8%,+116.7%,+48.2%
HUM,Extended,Managed Care,Health Care,Health Care Equipment & Servic,Adj,Dec,EPS,CY2027,21.724,19.261,-11.3%,15.095,-21.6%,15.705,+4.0%,360.65,23.0,-27.7%,+40.8%,+116.7%,+48.2%
HUM,Extended,Managed Care,Health Care,Health Care Equipment & Servic,Adj,Dec,EPS,CY2028,31.952,33.221,+4.0%,24.238,-27.0%,25.719,+6.1%,360.65,14.0,-19.5%,+40.8%,+116.7%,+48.2%
ALHC,Extended,Managed Care,Health Care,Health Care Equipment & Servic,Adj,Dec,EPS,CY2025,-0.245,-0.05,+79.6%,-0.103,-106.0%,-0.103,+0.0%,21.86,-212.2,+58.0%,+10.7%,+20.4%,+51.8%
ALHC,Extended,Managed Care,Health Care,Health Care Equipment & Servic,Adj,Dec,EPS,CY2026,0.001,0.152,+15100.0%,0.14,-7.9%,0.291,+107.9%,21.86,75.1,+29000.0%,+10.7%,+20.4%,+51.8%
ALHC,Extended,Managed Care,Health Care,Health Care Equipment & Servic,Adj,Dec,EPS,CY2027,0.298,0.521,+74.8%,0.451,-13.4%,0.534,+18.4%,21.86,40.9,+79.2%,+10.7%,+20.4%,+51.8%
ALHC,Extended,Managed Care,Health Care,Health Care Equipment & Servic,Adj,Dec,EPS,CY2028,,0.805,,0.728,-9.6%,0.774,+6.3%,21.86,28.2,,+10.7%,+20.4%,+51.8%
CNC,Extended,Managed Care,Health Care,Health Care Equipment & Servic,Adj,Dec,EPS,CY2025,7.301,2.034,-72.1%,2.036,+0.1%,2.036,+0.0%,61.02,30.0,-72.1%,+48.3%,+71.5%,+10.6%
CNC,Extended,Managed Care,Health Care,Health Care Equipment & Servic,Adj,Dec,EPS,CY2026,7.912,2.836,-64.2%,3.021,+6.5%,3.482,+15.3%,61.02,17.5,-56.0%,+48.3%,+71.5%,+10.6%
CNC,Extended,Managed Care,Health Care,Health Care Equipment & Servic,Adj,Dec,EPS,CY2027,9.092,4.033,-55.6%,3.952,-2.0%,4.484,+13.5%,61.02,13.6,-50.7%,+48.3%,+71.5%,+10.6%
CNC,Extended,Managed Care,Health Care,Health Care Equipment & Servic,Adj,Dec,EPS,CY2028,10.827,5.428,-49.9%,5.552,+2.3%,6.159,+10.9%,61.02,9.9,-43.1%,+48.3%,+71.5%,+10.6%
MOH,Extended,Managed Care,Health Care,Health Care Equipment & Servic,Adj,Dec,EPS,CY2025,24.474,13.927,-43.1%,13.93,+0.0%,13.93,+0.0%,195.37,14.0,-43.1%,+12.6%,+37.4%,-33.8%
MOH,Extended,Managed Care,Health Care,Health Care Equipment & Servic,Adj,Dec,EPS,CY2026,28.327,13.785,-51.3%,5.569,-59.6%,5.151,-7.5%,195.37,37.9,-81.8%,+12.6%,+37.4%,-33.8%
MOH,Extended,Managed Care,Health Care,Health Care Equipment & Servic,Adj,Dec,EPS,CY2027,32.586,16.02,-50.8%,8.204,-48.8%,9.348,+13.9%,195.37,20.9,-71.3%,+12.6%,+37.4%,-33.8%
MOH,Extended,Managed Care,Health Care,Health Care Equipment & Servic,Adj,Dec,EPS,CY2028,37.978,22.593,-40.5%,12.665,-43.9%,12.694,+0.2%,195.37,15.4,-66.6%,+12.6%,+37.4%,-33.8%
IQV,Extended,Clinical Labs,Health Care,"Pharmaceuticals, Biotechnology",Adj,Dec,EPS,CY2025,11.836,11.89,+0.5%,11.895,+0.0%,11.895,+0.0%,167.77,14.1,+0.5%,-25.6%,+0.8%,+8.5%
IQV,Extended,Clinical Labs,Health Care,"Pharmaceuticals, Biotechnology",Adj,Dec,EPS,CY2026,13.037,12.952,-0.7%,12.704,-1.9%,12.813,+0.9%,167.77,13.1,-1.7%,-25.6%,+0.8%,+8.5%
IQV,Extended,Clinical Labs,Health Care,"Pharmaceuticals, Biotechnology",Adj,Dec,EPS,CY2027,14.548,14.387,-1.1%,14.063,-2.3%,14.179,+0.8%,167.77,11.8,-2.5%,-25.6%,+0.8%,+8.5%
IQV,Extended,Clinical Labs,Health Care,"Pharmaceuticals, Biotechnology",Adj,Dec,EPS,CY2028,16.869,16.183,-4.1%,15.68,-3.1%,15.849,+1.1%,167.77,10.6,-6.0%,-25.6%,+0.8%,+8.5%
ICLR,Extended,Clinical Labs,Health Care,"Pharmaceuticals, Biotechnology",Adj,Dec,EPS,CY2025,13.299,13.077,-1.7%,12.984,-0.7%,12.908,-0.6%,146.0,11.3,-2.9%,-19.9%,+48.9%,+1.7%
ICLR,Extended,Clinical Labs,Health Care,"Pharmaceuticals, Biotechnology",Adj,Dec,EPS,CY2026,14.353,13.326,-7.2%,12.339,-7.4%,10.546,-14.5%,146.0,13.8,-26.5%,-19.9%,+48.9%,+1.7%
ICLR,Extended,Clinical Labs,Health Care,"Pharmaceuticals, Biotechnology",Adj,Dec,EPS,CY2027,15.826,14.694,-7.2%,13.655,-7.1%,11.701,-14.3%,146.0,12.5,-26.1%,-19.9%,+48.9%,+1.7%
ICLR,Extended,Clinical Labs,Health Care,"Pharmaceuticals, Biotechnology",Adj,Dec,EPS,CY2028,17.127,16.421,-4.1%,15.19,-7.5%,13.055,-14.1%,146.0,11.2,-23.8%,-19.9%,+48.9%,+1.7%
MEDP,Extended,Clinical Labs,Health Care,"Pharmaceuticals, Biotechnology",Adj,Dec,EPS,CY2025,12.748,14.791,+16.0%,14.79,-0.0%,14.79,+0.0%,460.2,31.1,+16.0%,-18.1%,-0.2%,+52.0%
MEDP,Extended,Clinical Labs,Health Care,"Pharmaceuticals, Biotechnology",Adj,Dec,EPS,CY2026,13.36,16.418,+22.9%,17.052,+3.9%,17.018,-0.2%,460.2,27.0,+27.4%,-18.1%,-0.2%,+52.0%
MEDP,Extended,Clinical Labs,Health Care,"Pharmaceuticals, Biotechnology",Adj,Dec,EPS,CY2027,,18.286,,19.108,+4.5%,18.482,-3.3%,460.2,24.9,,-18.1%,-0.2%,+52.0%
MEDP,Extended,Clinical Labs,Health Care,"Pharmaceuticals, Biotechnology",Adj,Dec,EPS,CY2028,,20.403,,21.334,+4.6%,21.13,-1.0%,460.2,21.8,,-18.1%,-0.2%,+52.0%
CRL,Extended,Clinical Labs,Health Care,"Pharmaceuticals, Biotechnology",Adj,Dec,EPS,CY2025,9.644,10.239,+6.2%,10.245,+0.1%,10.245,+0.0%,185.0,18.1,+6.2%,-7.3%,+20.9%,+27.3%
CRL,Extended,Clinical Labs,Health Care,"Pharmaceuticals, Biotechnology",Adj,Dec,EPS,CY2026,10.333,10.981,+6.3%,11.001,+0.2%,11.11,+1.0%,185.0,16.7,+7.5%,-7.3%,+20.9%,+27.3%
CRL,Extended,Clinical Labs,Health Care,"Pharmaceuticals, Biotechnology",Adj,Dec,EPS,CY2027,11.134,11.566,+3.9%,12.048,+4.2%,12.326,+2.3%,185.0,15.0,+10.7%,-7.3%,+20.9%,+27.3%
CRL,Extended,Clinical Labs,Health Care,"Pharmaceuticals, Biotechnology",Adj,Dec,EPS,CY2028,12.313,12.503,+1.5%,13.134,+5.0%,13.476,+2.6%,185.0,13.7,+9.4%,-7.3%,+20.9%,+27.3%
EHTH,Extended,Clinical Labs,Financials,Insurance,Adj,Dec,EPS,CY2025,0.535,1.173,+119.3%,1.173,+0.0%,1.173,+0.0%,1.65,1.4,+119.3%,-64.1%,+10.7%,-59.5%
EHTH,Extended,Clinical Labs,Financials,Insurance,Adj,Dec,EPS,CY2026,1.065,1.074,+0.8%,-0.477,-144.4%,0.29,+160.8%,1.65,5.7,-72.8%,-64.1%,+10.7%,-59.5%
EHTH,Extended,Clinical Labs,Financials,Insurance,Adj,Dec,EPS,CY2027,,1.627,,0.722,-55.6%,0.607,-15.9%,1.65,2.7,,-64.1%,+10.7%,-59.5%
EHTH,Extended,Clinical Labs,Financials,Insurance,Adj,Dec,EPS,CY2028,,2.04,,0.485,-76.2%,-0.062,-112.8%,1.65,-26.6,,-64.1%,+10.7%,-59.5%
TMUS,Extended,Cable / Telco,Communication Services,Telecommunication Services,Adj,Dec,EPS,CY2025,10.749,10.024,-6.7%,9.923,-1.0%,9.923,+0.0%,181.67,18.3,-7.7%,-10.5%,-12.1%,-17.8%
TMUS,Extended,Cable / Telco,Communication Services,Telecommunication Services,Adj,Dec,EPS,CY2026,12.73,11.691,-8.2%,10.56,-9.7%,10.565,+0.0%,181.67,17.2,-17.0%,-10.5%,-12.1%,-17.8%
TMUS,Extended,Cable / Telco,Communication Services,Telecommunication Services,Adj,Dec,EPS,CY2027,14.908,14.646,-1.8%,13.535,-7.6%,13.632,+0.7%,181.67,13.3,-8.6%,-10.5%,-12.1%,-17.8%
TMUS,Extended,Cable / Telco,Communication Services,Telecommunication Services,Adj,Dec,EPS,CY2028,17.218,17.27,+0.3%,16.568,-4.1%,17.141,+3.5%,181.67,10.6,-0.4%,-10.5%,-12.1%,-17.8%
VZ,Extended,Cable / Telco,Communication Services,Telecommunication Services,Adj,Dec,EPS,CY2025,4.677,4.684,+0.1%,4.681,-0.1%,4.681,+0.0%,45.37,9.7,+0.1%,+11.4%,-8.3%,+8.9%
VZ,Extended,Cable / Telco,Communication Services,Telecommunication Services,Adj,Dec,EPS,CY2026,4.825,4.76,-1.3%,4.914,+3.2%,4.962,+1.0%,45.37,9.1,+2.8%,+11.4%,-8.3%,+8.9%
VZ,Extended,Cable / Telco,Communication Services,Telecommunication Services,Adj,Dec,EPS,CY2027,4.988,4.952,-0.7%,5.208,+5.2%,5.248,+0.8%,45.37,8.6,+5.2%,+11.4%,-8.3%,+8.9%
VZ,Extended,Cable / Telco,Communication Services,Telecommunication Services,Adj,Dec,EPS,CY2028,5.148,5.199,+1.0%,5.69,+9.4%,5.672,-0.3%,45.37,8.0,+10.2%,+11.4%,-8.3%,+8.9%
T,Extended,Cable / Telco,Communication Services,Telecommunication Services,Adj,Dec,EPS,CY2025,2.087,2.057,-1.4%,2.054,-0.1%,2.054,+0.0%,22.01,10.7,-1.6%,-11.4%,-20.7%,-20.4%
T,Extended,Cable / Telco,Communication Services,Telecommunication Services,Adj,Dec,EPS,CY2026,2.246,2.225,-0.9%,2.289,+2.9%,2.314,+1.1%,22.01,9.5,+3.0%,-11.4%,-20.7%,-20.4%
T,Extended,Cable / Telco,Communication Services,Telecommunication Services,Adj,Dec,EPS,CY2027,2.516,2.479,-1.5%,2.535,+2.3%,2.543,+0.3%,22.01,8.7,+1.1%,-11.4%,-20.7%,-20.4%
T,Extended,Cable / Telco,Communication Services,Telecommunication Services,Adj,Dec,EPS,CY2028,2.702,2.732,+1.1%,2.891,+5.8%,2.847,-1.5%,22.01,7.7,+5.4%,-11.4%,-20.7%,-20.4%
CABO,Extended,Cable / Telco,Communication Services,Media & Entertainment,Adj,Dec,EPS,CY2025,18.902,-49.42,-361.5%,-23.302,+52.8%,-23.302,+0.0%,40.99,-1.8,-223.3%,-63.7%,-57.9%,-67.5%
CABO,Extended,Cable / Telco,Communication Services,Media & Entertainment,Adj,Dec,EPS,CY2026,29.269,20.513,-29.9%,17.736,-13.5%,21.241,+19.8%,40.99,1.9,-27.4%,-63.7%,-57.9%,-67.5%
CABO,Extended,Cable / Telco,Communication Services,Media & Entertainment,Adj,Dec,EPS,CY2027,32.758,26.277,-19.8%,27.377,+4.2%,23.386,-14.6%,40.99,1.8,-28.6%,-63.7%,-57.9%,-67.5%
CABO,Extended,Cable / Telco,Communication Services,Media & Entertainment,Adj,Dec,EPS,CY2028,35.797,27.612,-22.9%,27.57,-0.2%,24.252,-12.0%,40.99,1.7,-32.3%,-63.7%,-57.9%,-67.5%
LBRDK,Extended,Cable / Telco,Communication Services,Media & Entertainment,Adj,Dec,EPS,CY2025,5.94,6.235,+5.0%,6.235,+0.0%,6.235,+0.0%,29.62,4.8,+5.0%,-39.1%,-39.8%,-64.9%
LBRDK,Extended,Cable / Telco,Communication Services,Media & Entertainment,Adj,Dec,EPS,CY2026,6.89,7.2,+4.5%,8.57,+19.0%,6.685,-22.0%,29.62,4.4,-3.0%,-39.1%,-39.8%,-64.9%
LBRDK,Extended,Cable / Telco,Communication Services,Media & Entertainment,Adj,Dec,EPS,CY2027,7.423,8.48,+14.2%,10.16,+19.8%,6.385,-37.2%,29.62,4.6,-14.0%,-39.1%,-39.8%,-64.9%
LBRDK,Extended,Cable / Telco,Communication Services,Media & Entertainment,Adj,Dec,EPS,CY2028,6.13,6.92,+12.9%,11.17,+61.4%,7.885,-29.4%,29.62,3.8,+28.6%,-39.1%,-39.8%,-64.9%
VOD,Extended,Cable / Telco,Communication Services,Telecommunication Services,Adj,Mar,EPS,CY2025,0.893,0.91,+1.9%,0.949,+4.3%,0.994,+4.7%,14.3,14.4,+11.3%,+8.3%,-0.8%,+42.4%
VOD,Extended,Cable / Telco,Communication Services,Telecommunication Services,Adj,Mar,EPS,CY2026,0.977,1.044,+6.9%,1.082,+3.6%,0.929,-14.1%,14.3,15.4,-4.9%,+8.3%,-0.8%,+42.4%
VOD,Extended,Cable / Telco,Communication Services,Telecommunication Services,Adj,Mar,EPS,CY2027,1.052,1.2,+14.1%,1.275,+6.2%,1.079,-15.4%,14.3,13.3,+2.6%,+8.3%,-0.8%,+42.4%
VOD,Extended,Cable / Telco,Communication Services,Telecommunication Services,Adj,Mar,EPS,CY2028,1.14,1.4,+22.8%,1.625,+16.1%,1.2,-26.2%,14.3,11.9,+5.3%,+8.3%,-0.8%,+42.4%
DTE,Extended,Cable / Telco,Communication Services,Telecommunication Services,Adj,Dec,EPS,CY2025,2.008,2.022,+0.7%,2.029,+0.3%,2.029,+0.0%,26.6,13.1,+1.0%,-3.8%,-17.3%,-12.5%
DTE,Extended,Cable / Telco,Communication Services,Telecommunication Services,Adj,Dec,EPS,CY2026,2.279,2.234,-2.0%,2.204,-1.3%,2.225,+1.0%,26.6,12.0,-2.4%,-3.8%,-17.3%,-12.5%
DTE,Extended,Cable / Telco,Communication Services,Telecommunication Services,Adj,Dec,EPS,CY2027,2.551,2.486,-2.5%,2.488,+0.1%,2.501,+0.5%,26.6,10.6,-2.0%,-3.8%,-17.3%,-12.5%
DTE,Extended,Cable / Telco,Communication Services,Telecommunication Services,Adj,Dec,EPS,CY2028,2.784,2.713,-2.6%,2.738,+0.9%,2.714,-0.9%,26.6,9.8,-2.5%,-3.8%,-17.3%,-12.5%
TEF,Extended,Cable / Telco,Communication Services,Telecommunication Services,Adj,Dec,EPS,CY2025,0.315,0.317,+0.6%,0.29,-8.5%,0.29,+0.0%,3.693,12.7,-7.9%,+5.7%,+1.7%,-19.3%
TEF,Extended,Cable / Telco,Communication Services,Telecommunication Services,Adj,Dec,EPS,CY2026,0.345,0.354,+2.6%,0.349,-1.4%,0.333,-4.6%,3.693,11.1,-3.5%,+5.7%,+1.7%,-19.3%
TEF,Extended,Cable / Telco,Communication Services,Telecommunication Services,Adj,Dec,EPS,CY2027,0.378,0.375,-0.8%,0.384,+2.4%,0.413,+7.6%,3.693,8.9,+9.3%,+5.7%,+1.7%,-19.3%
TEF,Extended,Cable / Telco,Communication Services,Telecommunication Services,Adj,Dec,EPS,CY2028,0.39,0.445,+14.1%,0.456,+2.5%,0.461,+1.1%,3.693,8.0,+18.2%,+5.7%,+1.7%,-19.3%
GOOGL,Extended,Internet,Communication Services,Media & Entertainment,GAAP,Dec,EPS,CY2025,9.571,10.587,+10.6%,10.598,+0.1%,10.598,+0.0%,368.03,34.7,+10.7%,+17.6%,+19.8%,+112.3%
GOOGL,Extended,Internet,Communication Services,Media & Entertainment,GAAP,Dec,EPS,CY2026,10.189,11.241,+10.3%,11.602,+3.2%,14.242,+22.8%,368.03,25.8,+39.8%,+17.6%,+19.8%,+112.3%
GOOGL,Extended,Internet,Communication Services,Media & Entertainment,GAAP,Dec,EPS,CY2027,11.543,13.394,+16.0%,13.511,+0.9%,14.691,+8.7%,368.03,25.1,+27.3%,+17.6%,+19.8%,+112.3%
GOOGL,Extended,Internet,Communication Services,Media & Entertainment,GAAP,Dec,EPS,CY2028,13.309,14.603,+9.7%,15.61,+6.9%,17.36,+11.2%,368.03,21.2,+30.4%,+17.6%,+19.8%,+112.3%
PINS,Extended,Internet,Communication Services,Media & Entertainment,Adj,Dec,EPS,CY2025,1.813,1.673,-7.7%,1.659,-0.8%,1.659,+0.0%,20.27,12.2,-8.5%,-21.7%,+8.6%,-41.7%
PINS,Extended,Internet,Communication Services,Media & Entertainment,Adj,Dec,EPS,CY2026,2.117,1.955,-7.7%,1.842,-5.8%,1.925,+4.5%,20.27,10.5,-9.1%,-21.7%,+8.6%,-41.7%
PINS,Extended,Internet,Communication Services,Media & Entertainment,Adj,Dec,EPS,CY2027,2.477,2.25,-9.2%,2.089,-7.2%,2.236,+7.0%,20.27,9.1,-9.7%,-21.7%,+8.6%,-41.7%
PINS,Extended,Internet,Communication Services,Media & Entertainment,Adj,Dec,EPS,CY2028,2.886,2.64,-8.5%,2.403,-9.0%,2.476,+3.0%,20.27,8.2,-14.2%,-21.7%,+8.6%,-41.7%
SNAP,Extended,Internet,Communication Services,Media & Entertainment,Adj,Dec,EPS,CY2025,0.278,0.328,+18.0%,0.329,+0.3%,0.329,+0.0%,4.66,14.2,+18.3%,-42.3%,+2.2%,-43.4%
SNAP,Extended,Internet,Communication Services,Media & Entertainment,Adj,Dec,EPS,CY2026,0.383,0.475,+24.0%,0.461,-2.9%,0.605,+31.2%,4.66,7.7,+58.0%,-42.3%,+2.2%,-43.4%
SNAP,Extended,Internet,Communication Services,Media & Entertainment,Adj,Dec,EPS,CY2027,0.548,0.558,+1.8%,0.613,+9.9%,0.7,+14.2%,4.66,6.7,+27.7%,-42.3%,+2.2%,-43.4%
SNAP,Extended,Internet,Communication Services,Media & Entertainment,Adj,Dec,EPS,CY2028,0.72,0.624,-13.3%,0.652,+4.5%,0.778,+19.3%,4.66,6.0,+8.1%,-42.3%,+2.2%,-43.4%
RDDT,Extended,Internet,Communication Services,Media & Entertainment,Adj,Dec,EPS,CY2025,3.154,4.383,+39.0%,4.384,+0.0%,4.384,+0.0%,174.96,39.9,+39.0%,-23.9%,+26.7%,+23.9%
RDDT,Extended,Internet,Communication Services,Media & Entertainment,Adj,Dec,EPS,CY2026,3.93,5.535,+40.8%,6.374,+15.2%,5.629,-11.7%,174.96,31.1,+43.2%,-23.9%,+26.7%,+23.9%
RDDT,Extended,Internet,Communication Services,Media & Entertainment,Adj,Dec,EPS,CY2027,4.978,7.307,+46.8%,8.09,+10.7%,7.523,-7.0%,174.96,23.3,+51.1%,-23.9%,+26.7%,+23.9%
RDDT,Extended,Internet,Communication Services,Media & Entertainment,Adj,Dec,EPS,CY2028,5.944,9.158,+54.1%,10.682,+16.6%,10.902,+2.1%,174.96,16.0,+83.4%,-23.9%,+26.7%,+23.9%
ABNB,Extended,Internet,Consumer Discretionary,Consumer Services,Adj,Dec,EPS,CY2025,4.263,4.124,-3.3%,4.122,-0.0%,4.122,+0.0%,142.41,34.5,-3.3%,+4.9%,+8.9%,+7.7%
ABNB,Extended,Internet,Consumer Discretionary,Consumer Services,Adj,Dec,EPS,CY2026,4.859,4.829,-0.6%,5.052,+4.6%,5.099,+0.9%,142.41,27.9,+4.9%,+4.9%,+8.9%,+7.7%
ABNB,Extended,Internet,Consumer Discretionary,Consumer Services,Adj,Dec,EPS,CY2027,5.67,5.723,+0.9%,5.839,+2.0%,6.081,+4.1%,142.41,23.4,+7.2%,+4.9%,+8.9%,+7.7%
ABNB,Extended,Internet,Consumer Discretionary,Consumer Services,Adj,Dec,EPS,CY2028,6.752,6.776,+0.4%,6.738,-0.6%,7.16,+6.3%,142.41,19.9,+6.0%,+4.9%,+8.9%,+7.7%
EBAY,Extended,Internet,Consumer Discretionary,Consumer Discretionary Distrib,Adj,Dec,EPS,CY2025,5.344,5.471,+2.4%,5.47,-0.0%,5.47,+0.0%,108.24,19.8,+2.4%,+24.3%,+19.3%,+39.6%
EBAY,Extended,Internet,Consumer Discretionary,Consumer Discretionary Distrib,Adj,Dec,EPS,CY2026,5.758,5.804,+0.8%,6.017,+3.7%,6.11,+1.5%,108.24,17.7,+6.1%,+24.3%,+19.3%,+39.6%
EBAY,Extended,Internet,Consumer Discretionary,Consumer Discretionary Distrib,Adj,Dec,EPS,CY2027,6.243,6.398,+2.5%,6.655,+4.0%,6.697,+0.6%,108.24,16.2,+7.3%,+24.3%,+19.3%,+39.6%
EBAY,Extended,Internet,Consumer Discretionary,Consumer Discretionary Distrib,Adj,Dec,EPS,CY2028,6.663,6.891,+3.4%,7.287,+5.7%,7.435,+2.0%,108.24,14.6,+11.6%,+24.3%,+19.3%,+39.6%
TTD,Extended,Internet,Communication Services,Media & Entertainment,Adj,Dec,EPS,CY2025,1.694,1.773,+4.7%,1.765,-0.5%,1.765,+0.0%,18.51,10.5,+4.2%,-51.2%,-21.3%,-73.0%
TTD,Extended,Internet,Communication Services,Media & Entertainment,Adj,Dec,EPS,CY2026,2.098,2.07,-1.3%,2.0,-3.4%,1.769,-11.6%,18.51,10.5,-15.7%,-51.2%,-21.3%,-73.0%
TTD,Extended,Internet,Communication Services,Media & Entertainment,Adj,Dec,EPS,CY2027,2.437,2.339,-4.0%,2.26,-3.4%,1.943,-14.0%,18.51,9.5,-20.3%,-51.2%,-21.3%,-73.0%
TTD,Extended,Internet,Communication Services,Media & Entertainment,Adj,Dec,EPS,CY2028,3.032,2.766,-8.8%,2.621,-5.2%,2.086,-20.4%,18.51,8.9,-31.2%,-51.2%,-21.3%,-73.0%
ROKU,Extended,Internet,Communication Services,Media & Entertainment,Adj,Dec,EPS,CY2025,-0.182,0.32,+275.8%,0.33,+3.1%,0.33,+0.0%,138.07,418.4,+281.3%,+27.3%,+44.0%,+69.6%
ROKU,Extended,Internet,Communication Services,Media & Entertainment,Adj,Dec,EPS,CY2026,0.635,1.213,+91.0%,2.065,+70.2%,2.472,+19.7%,138.07,55.9,+289.3%,+27.3%,+44.0%,+69.6%
ROKU,Extended,Internet,Communication Services,Media & Entertainment,Adj,Dec,EPS,CY2027,1.752,2.271,+29.6%,3.255,+43.3%,3.592,+10.4%,138.07,38.4,+105.0%,+27.3%,+44.0%,+69.6%
ROKU,Extended,Internet,Communication Services,Media & Entertainment,Adj,Dec,EPS,CY2028,2.696,3.437,+27.5%,4.425,+28.7%,5.261,+18.9%,138.07,26.2,+95.1%,+27.3%,+44.0%,+69.6%
ETSY,Extended,Internet,Consumer Discretionary,Consumer Discretionary Distrib,Adj,Dec,EPS,CY2025,4.768,3.999,-16.1%,4.003,+0.1%,4.003,+0.0%,73.95,18.5,-16.0%,+33.4%,+35.0%,+33.7%
ETSY,Extended,Internet,Consumer Discretionary,Consumer Discretionary Distrib,Adj,Dec,EPS,CY2026,5.193,4.597,-11.5%,5.98,+30.1%,5.486,-8.3%,73.95,13.5,+5.6%,+33.4%,+35.0%,+33.7%
ETSY,Extended,Internet,Consumer Discretionary,Consumer Discretionary Distrib,Adj,Dec,EPS,CY2027,5.261,5.701,+8.4%,6.113,+7.2%,7.092,+16.0%,73.95,10.4,+34.8%,+33.4%,+35.0%,+33.7%
ETSY,Extended,Internet,Consumer Discretionary,Consumer Discretionary Distrib,Adj,Dec,EPS,CY2028,6.128,6.476,+5.7%,7.295,+12.6%,7.822,+7.2%,73.95,9.5,+27.6%,+33.4%,+35.0%,+33.7%
MTCH,Extended,Internet,Communication Services,Media & Entertainment,Adj,Dec,EPS,CY2025,2.216,2.239,+1.0%,2.233,-0.3%,2.233,+0.0%,35.45,15.9,+0.8%,+9.8%,+12.6%,+17.0%
MTCH,Extended,Internet,Communication Services,Media & Entertainment,Adj,Dec,EPS,CY2026,2.62,2.781,+6.1%,2.719,-2.2%,2.816,+3.6%,35.45,12.6,+7.5%,+9.8%,+12.6%,+17.0%
MTCH,Extended,Internet,Communication Services,Media & Entertainment,Adj,Dec,EPS,CY2027,3.162,3.311,+4.7%,3.192,-3.6%,3.211,+0.6%,35.45,11.0,+1.5%,+9.8%,+12.6%,+17.0%
MTCH,Extended,Internet,Communication Services,Media & Entertainment,Adj,Dec,EPS,CY2028,3.68,4.08,+10.9%,3.793,-7.0%,3.732,-1.6%,35.45,9.5,+1.4%,+9.8%,+12.6%,+17.0%
U,Extended,Internet,Information Technology,Software & Services,Adj,Dec,EPS,CY2025,0.828,0.822,-0.7%,0.847,+3.0%,0.847,+0.0%,27.48,32.4,+2.3%,-37.8%,+43.5%,+14.9%
U,Extended,Internet,Information Technology,Software & Services,Adj,Dec,EPS,CY2026,0.781,0.937,+20.0%,0.937,+0.0%,1.036,+10.6%,27.48,26.5,+32.7%,-37.8%,+43.5%,+14.9%
U,Extended,Internet,Information Technology,Software & Services,Adj,Dec,EPS,CY2027,,1.205,,1.122,-6.9%,1.343,+19.7%,27.48,20.5,,-37.8%,+43.5%,+14.9%
U,Extended,Internet,Information Technology,Software & Services,Adj,Dec,EPS,CY2028,,1.36,,1.361,+0.1%,1.658,+21.8%,27.48,16.6,,-37.8%,+43.5%,+14.9%
ZG,Extended,Internet,Real Estate,Real Estate Management & Devel,Adj,Dec,EPS,CY2025,1.622,1.66,+2.3%,1.662,+0.1%,1.662,+0.0%,32.49,19.5,+2.5%,-52.4%,-27.6%,-50.7%
ZG,Extended,Internet,Real Estate,Real Estate Management & Devel,Adj,Dec,EPS,CY2026,2.199,2.102,-4.4%,2.183,+3.9%,2.277,+4.3%,32.49,14.3,+3.5%,-52.4%,-27.6%,-50.7%
ZG,Extended,Internet,Real Estate,Real Estate Management & Devel,Adj,Dec,EPS,CY2027,2.913,2.75,-5.6%,2.86,+4.0%,2.875,+0.5%,32.49,11.3,-1.3%,-52.4%,-27.6%,-50.7%
ZG,Extended,Internet,Real Estate,Real Estate Management & Devel,Adj,Dec,EPS,CY2028,4.108,3.875,-5.7%,3.689,-4.8%,3.71,+0.6%,32.49,8.8,-9.7%,-52.4%,-27.6%,-50.7%
RMV,Extended,Internet,Communication Services,Media & Entertainment,Adj,Dec,EPS,CY2025,0.29,0.288,-0.7%,0.29,+0.7%,0.29,+0.0%,417.9,14.4,+0.0%,-19.6%,-4.8%,-45.7%
RMV,Extended,Internet,Communication Services,Media & Entertainment,Adj,Dec,EPS,CY2026,0.325,0.31,-4.6%,0.31,+0.0%,0.306,-1.3%,417.9,13.7,-5.8%,-19.6%,-4.8%,-45.7%
RMV,Extended,Internet,Communication Services,Media & Entertainment,Adj,Dec,EPS,CY2027,0.371,0.342,-7.8%,0.341,-0.3%,0.339,-0.6%,417.9,12.3,-8.6%,-19.6%,-4.8%,-45.7%
RMV,Extended,Internet,Communication Services,Media & Entertainment,Adj,Dec,EPS,CY2028,,0.376,,0.383,+1.9%,0.38,-0.8%,417.9,11.0,,-19.6%,-4.8%,-45.7%
YELP,Extended,Internet,Communication Services,Media & Entertainment,Adj,Dec,EPS,CY2025,,4.008,,4.01,+0.0%,4.01,+0.0%,22.88,5.7,,-24.7%,-6.3%,-34.0%
YELP,Extended,Internet,Communication Services,Media & Entertainment,Adj,Dec,EPS,CY2026,,3.833,,3.406,-11.1%,3.626,+6.5%,22.88,6.3,,-24.7%,-6.3%,-34.0%
YELP,Extended,Internet,Communication Services,Media & Entertainment,Adj,Dec,EPS,CY2027,,4.342,,3.686,-15.1%,3.985,+8.1%,22.88,5.7,,-24.7%,-6.3%,-34.0%
YELP,Extended,Internet,Communication Services,Media & Entertainment,Adj,Dec,EPS,CY2028,,4.87,,4.453,-8.6%,5.217,+17.2%,22.88,4.4,,-24.7%,-6.3%,-34.0%
ANGI,Extended,Internet,Communication Services,Media & Entertainment,Adj,Dec,EPS,CY2025,1.177,1.157,-1.7%,1.063,-8.1%,1.063,+0.0%,5.02,4.7,-9.7%,-61.2%,-34.2%,-66.6%
ANGI,Extended,Internet,Communication Services,Media & Entertainment,Adj,Dec,EPS,CY2026,1.376,1.51,+9.7%,0.99,-34.4%,0.252,-74.5%,5.02,19.9,-81.7%,-61.2%,-34.2%,-66.6%
ANGI,Extended,Internet,Communication Services,Media & Entertainment,Adj,Dec,EPS,CY2027,1.675,1.693,+1.1%,1.398,-17.4%,0.79,-43.5%,5.02,6.4,-52.8%,-61.2%,-34.2%,-66.6%
ANGI,Extended,Internet,Communication Services,Media & Entertainment,Adj,Dec,EPS,CY2028,1.345,1.54,+14.5%,1.55,+0.6%,1.257,-18.9%,5.02,4.0,-6.5%,-61.2%,-34.2%,-66.6%
TREE,Extended,Internet,Financials,Financial Services,Adj,Dec,EPS,CY2025,4.242,4.816,+13.5%,4.816,+0.0%,4.816,+0.0%,39.07,8.1,+13.5%,-26.4%,-5.4%,+12.9%
TREE,Extended,Internet,Financials,Financial Services,Adj,Dec,EPS,CY2026,4.452,4.983,+11.9%,5.282,+6.0%,5.852,+10.8%,39.07,6.7,+31.4%,-26.4%,-5.4%,+12.9%
TREE,Extended,Internet,Financials,Financial Services,Adj,Dec,EPS,CY2027,4.495,5.305,+18.0%,6.263,+18.1%,6.69,+6.8%,39.07,5.8,+48.8%,-26.4%,-5.4%,+12.9%
TREE,Extended,Internet,Financials,Financial Services,Adj,Dec,EPS,CY2028,5.145,4.81,-6.5%,5.225,+8.6%,7.303,+39.8%,39.07,5.3,+41.9%,-26.4%,-5.4%,+12.9%
XYZ,Extended,Internet,Financials,Financial Services,Adj,Dec,EPS,CY2025,2.712,2.416,-10.9%,2.412,-0.2%,2.412,+0.0%,74.78,31.0,-11.1%,+14.9%,+26.8%,+18.5%
XYZ,Extended,Internet,Financials,Financial Services,Adj,Dec,EPS,CY2026,3.635,3.339,-8.1%,3.609,+8.1%,3.885,+7.6%,74.78,19.2,+6.9%,+14.9%,+26.8%,+18.5%
XYZ,Extended,Internet,Financials,Financial Services,Adj,Dec,EPS,CY2027,4.493,4.444,-1.1%,4.773,+7.4%,5.043,+5.7%,74.78,14.8,+12.2%,+14.9%,+26.8%,+18.5%
XYZ,Extended,Internet,Financials,Financial Services,Adj,Dec,EPS,CY2028,4.951,5.096,+2.9%,5.93,+16.4%,6.262,+5.6%,74.78,11.9,+26.5%,+14.9%,+26.8%,+18.5%
CRTO,Extended,Internet,Communication Services,Media & Entertainment,Adj,Dec,EPS,CY2025,4.421,4.688,+6.0%,4.695,+0.1%,4.695,+0.0%,17.44,3.7,+6.2%,-15.4%,-0.1%,-27.1%
CRTO,Extended,Internet,Communication Services,Media & Entertainment,Adj,Dec,EPS,CY2026,4.466,4.539,+1.6%,4.334,-4.5%,4.169,-3.8%,17.44,4.2,-6.7%,-15.4%,-0.1%,-27.1%
CRTO,Extended,Internet,Communication Services,Media & Entertainment,Adj,Dec,EPS,CY2027,4.908,5.091,+3.7%,4.815,-5.4%,4.49,-6.7%,17.44,3.9,-8.5%,-15.4%,-0.1%,-27.1%
CRTO,Extended,Internet,Communication Services,Media & Entertainment,Adj,Dec,EPS,CY2028,5.435,5.073,-6.7%,5.785,+14.0%,5.048,-12.7%,17.44,3.5,-7.1%,-15.4%,-0.1%,-27.1%
CARS,Extended,Internet,Communication Services,Media & Entertainment,Adj,Dec,EPS,CY2025,1.72,1.786,+3.8%,1.792,+0.3%,1.792,+0.0%,9.95,5.6,+4.2%,-18.4%,+21.9%,-8.7%
CARS,Extended,Internet,Communication Services,Media & Entertainment,Adj,Dec,EPS,CY2026,2.13,2.252,+5.7%,1.925,-14.5%,1.913,-0.6%,9.95,5.2,-10.2%,-18.4%,+21.9%,-8.7%
CARS,Extended,Internet,Communication Services,Media & Entertainment,Adj,Dec,EPS,CY2027,2.21,2.507,+13.4%,2.065,-17.6%,2.516,+21.8%,9.95,4.0,+13.8%,-18.4%,+21.9%,-8.7%
CARS,Extended,Internet,Communication Services,Media & Entertainment,Adj,Dec,EPS,CY2028,,2.38,,2.25,-5.5%,2.33,+3.6%,9.95,4.3,,-18.4%,+21.9%,-8.7%
OCDO,Extended,Internet,Consumer Staples,Consumer Staples Distribution,Adj,Nov,EPS,CY2025,-0.323,-0.345,-6.8%,-0.339,+1.7%,-0.339,+0.0%,180.8,-5.3,-5.0%,-23.4%,-7.6%,-22.2%
OCDO,Extended,Internet,Consumer Staples,Consumer Staples Distribution,Adj,Nov,EPS,CY2026,-0.248,-0.291,-17.3%,-0.21,+27.8%,-0.176,+16.2%,180.8,-10.3,+29.0%,-23.4%,-7.6%,-22.2%
OCDO,Extended,Internet,Consumer Staples,Consumer Staples Distribution,Adj,Nov,EPS,CY2027,-0.155,-0.198,-27.7%,-0.196,+1.0%,-0.217,-10.7%,180.8,-8.3,-40.0%,-23.4%,-7.6%,-22.2%
OCDO,Extended,Internet,Consumer Staples,Consumer Staples Distribution,Adj,Nov,EPS,CY2028,-0.045,-0.084,-86.7%,-0.144,-71.4%,-0.159,-10.4%,180.8,-11.4,-253.3%,-23.4%,-7.6%,-22.2%
VRSN,Extended,Internet,Information Technology,Software & Services,Adj,Dec,EPS,CY2025,,9.05,,8.868,-2.0%,8.868,+0.0%,264.64,29.8,,+8.9%,+10.4%,-5.9%
VRSN,Extended,Internet,Information Technology,Software & Services,Adj,Dec,EPS,CY2026,,9.663,,9.495,-1.7%,9.713,+2.3%,264.64,27.2,,+8.9%,+10.4%,-5.9%
VRSN,Extended,Internet,Information Technology,Software & Services,Adj,Dec,EPS,CY2027,,10.245,,10.368,+1.2%,10.688,+3.1%,264.64,24.8,,+8.9%,+10.4%,-5.9%
VRSN,Extended,Internet,Information Technology,Software & Services,Adj,Dec,EPS,CY2028,,11.23,,11.545,+2.8%,11.887,+3.0%,264.64,22.3,,+8.9%,+10.4%,-5.9%
CDLX,Extended,Internet,Communication Services,Media & Entertainment,Adj,Dec,EPS,CY2025,,-4.717,,-4.597,+2.5%,-4.597,+0.0%,5.2,-1.1,,-54.8%,-31.5%,-70.9%
CDLX,Extended,Internet,Communication Services,Media & Entertainment,Adj,Dec,EPS,CY2026,,-2.607,,-3.606,-38.3%,-5.837,-61.9%,5.2,-0.9,,-54.8%,-31.5%,-70.9%
CDLX,Extended,Internet,Communication Services,Media & Entertainment,Adj,Dec,EPS,CY2027,,-0.87,,-2.683,-208.4%,-1.71,+36.3%,5.2,-3.0,,-54.8%,-31.5%,-70.9%
CDLX,Extended,Internet,Communication Services,Media & Entertainment,Adj,Dec,EPS,CY2028,,0.16,,-0.036,-122.5%,0.24,+766.7%,5.2,21.7,,-54.8%,-31.5%,-70.9%
DHER,Extended,Internet,Consumer Discretionary,Consumer Services,Adj,Dec,EPS,CY2025,0.213,-0.346,-262.4%,-0.285,+17.6%,-0.285,+0.0%,36.72,-128.8,-233.8%,+61.6%,+140.4%,+73.6%
DHER,Extended,Internet,Consumer Discretionary,Consumer Services,Adj,Dec,EPS,CY2026,0.904,0.313,-65.4%,0.19,-39.3%,-1.229,-746.8%,36.72,-29.9,-236.0%,+61.6%,+140.4%,+73.6%
DHER,Extended,Internet,Consumer Discretionary,Consumer Services,Adj,Dec,EPS,CY2027,2.408,1.298,-46.1%,1.055,-18.7%,-0.22,-120.9%,36.72,-166.9,-109.1%,+61.6%,+140.4%,+73.6%
DHER,Extended,Internet,Consumer Discretionary,Consumer Services,Adj,Dec,EPS,CY2028,,3.04,,1.73,-43.1%,0.808,-53.3%,36.72,45.4,,+61.6%,+140.4%,+73.6%
PTON,Extended,Internet,Consumer Discretionary,Consumer Durables & Apparel,Adj,Jun,EPS,CY2025,-0.408,-0.417,-2.2%,-0.417,+0.0%,-0.417,+0.0%,5.77,-13.8,-2.2%,-6.3%,+42.1%,-7.2%
PTON,Extended,Internet,Consumer Discretionary,Consumer Durables & Apparel,Adj,Jun,EPS,CY2026,-0.21,0.125,+159.5%,0.143,+14.4%,0.144,+0.7%,5.77,40.1,+168.6%,-6.3%,+42.1%,-7.2%
PTON,Extended,Internet,Consumer Discretionary,Consumer Durables & Apparel,Adj,Jun,EPS,CY2027,-0.078,0.282,+461.5%,0.307,+8.9%,0.342,+11.4%,5.77,16.9,+538.5%,-6.3%,+42.1%,-7.2%
PTON,Extended,Internet,Consumer Discretionary,Consumer Durables & Apparel,Adj,Jun,EPS,CY2028,-0.185,0.342,+284.9%,0.425,+24.3%,0.371,-12.7%,5.77,15.6,+300.5%,-6.3%,+42.1%,-7.2%
LYFT,Extended,Internet,Industrials,Transportation,Adj,Dec,EPS,CY2025,1.116,1.212,+8.6%,1.234,+1.8%,1.234,+0.0%,14.28,11.6,+10.6%,-26.3%,+6.7%,-2.8%
LYFT,Extended,Internet,Industrials,Transportation,Adj,Dec,EPS,CY2026,1.344,1.503,+11.8%,1.34,-10.8%,1.306,-2.5%,14.28,10.9,-2.8%,-26.3%,+6.7%,-2.8%
LYFT,Extended,Internet,Industrials,Transportation,Adj,Dec,EPS,CY2027,1.602,1.676,+4.6%,1.651,-1.5%,1.724,+4.4%,14.28,8.3,+7.6%,-26.3%,+6.7%,-2.8%
LYFT,Extended,Internet,Industrials,Transportation,Adj,Dec,EPS,CY2028,1.8,1.804,+0.2%,2.18,+20.8%,1.931,-11.4%,14.28,7.4,+7.3%,-26.3%,+6.7%,-2.8%
PRX,Extended,Internet,Consumer Discretionary,Consumer Discretionary Distrib,Adj,Mar,EPS,CY2025,3.771,3.837,+1.8%,3.934,+2.5%,3.925,-0.2%,38.215,9.7,+4.1%,-27.7%,-5.7%,-16.2%
PRX,Extended,Internet,Consumer Discretionary,Consumer Discretionary Distrib,Adj,Mar,EPS,CY2026,4.515,4.582,+1.5%,4.561,-0.5%,4.516,-1.0%,38.215,8.5,+0.0%,-27.7%,-5.7%,-16.2%
PRX,Extended,Internet,Consumer Discretionary,Consumer Discretionary Distrib,Adj,Mar,EPS,CY2027,4.93,5.271,+6.9%,5.153,-2.2%,5.302,+2.9%,38.215,7.2,+7.5%,-27.7%,-5.7%,-16.2%
PRX,Extended,Internet,Consumer Discretionary,Consumer Discretionary Distrib,Adj,Mar,EPS,CY2028,5.95,6.02,+1.2%,5.69,-5.5%,6.255,+9.9%,38.215,6.1,+5.1%,-27.7%,-5.7%,-16.2%
AUTO,Extended,Internet,Communication Services,Media & Entertainment,Adj,Mar,EPS,CY2025,0.355,0.355,+0.0%,0.351,-1.1%,0.349,-0.6%,478.0,13.7,-1.7%,-18.5%,-0.5%,-40.8%
AUTO,Extended,Internet,Communication Services,Media & Entertainment,Adj,Mar,EPS,CY2026,0.392,0.393,+0.3%,0.39,-0.8%,0.387,-0.8%,478.0,12.4,-1.3%,-18.5%,-0.5%,-40.8%
AUTO,Extended,Internet,Communication Services,Media & Entertainment,Adj,Mar,EPS,CY2027,0.43,0.428,-0.5%,0.428,+0.0%,0.442,+3.3%,478.0,10.8,+2.8%,-18.5%,-0.5%,-40.8%
AUTO,Extended,Internet,Communication Services,Media & Entertainment,Adj,Mar,EPS,CY2028,0.468,0.467,-0.2%,0.462,-1.1%,0.504,+9.1%,478.0,9.5,+7.7%,-18.5%,-0.5%,-40.8%
DKNG,Extended,Internet,Consumer Discretionary,Consumer Services,Adj,Dec,EPS,CY2025,1.004,0.672,-33.1%,0.814,+21.1%,0.814,+0.0%,26.39,32.4,-18.9%,-23.4%,+5.9%,-33.4%
DKNG,Extended,Internet,Consumer Discretionary,Consumer Services,Adj,Dec,EPS,CY2026,1.846,1.289,-30.2%,1.003,-22.2%,0.968,-3.5%,26.39,27.3,-47.6%,-23.4%,+5.9%,-33.4%
DKNG,Extended,Internet,Consumer Discretionary,Consumer Services,Adj,Dec,EPS,CY2027,2.434,2.026,-16.8%,1.723,-15.0%,1.534,-11.0%,26.39,17.2,-37.0%,-23.4%,+5.9%,-33.4%
DKNG,Extended,Internet,Consumer Discretionary,Consumer Services,Adj,Dec,EPS,CY2028,3.353,2.648,-21.0%,2.336,-11.8%,2.083,-10.8%,26.39,12.7,-37.9%,-23.4%,+5.9%,-33.4%
FLUT,Extended,Internet,Consumer Discretionary,Consumer Services,Adj,Dec,EPS,CY2025,8.288,7.7,-7.1%,7.695,-0.1%,7.695,+0.0%,101.83,13.2,-7.2%,-52.6%,-4.3%,-62.6%
FLUT,Extended,Internet,Consumer Discretionary,Consumer Services,Adj,Dec,EPS,CY2026,12.103,9.931,-17.9%,6.928,-30.2%,5.813,-16.1%,101.83,17.5,-52.0%,-52.6%,-4.3%,-62.6%
FLUT,Extended,Internet,Consumer Discretionary,Consumer Services,Adj,Dec,EPS,CY2027,15.594,13.894,-10.9%,10.487,-24.5%,8.647,-17.5%,101.83,11.8,-44.5%,-52.6%,-4.3%,-62.6%
FLUT,Extended,Internet,Consumer Discretionary,Consumer Services,Adj,Dec,EPS,CY2028,18.553,18.538,-0.1%,13.41,-27.7%,11.74,-12.5%,101.83,8.7,-36.7%,-52.6%,-4.3%,-62.6%
FLTR,Extended,Internet,Consumer Discretionary,Consumer Services,Adj,Dec,EPS,CY2025,8.288,7.7,-7.1%,7.695,-0.1%,7.695,+0.0%,7404.0,9.6,-7.2%,-54.1%,-6.3%,-62.5%
FLTR,Extended,Internet,Consumer Discretionary,Consumer Services,Adj,Dec,EPS,CY2026,12.103,9.931,-17.9%,6.928,-30.2%,5.813,-16.1%,7404.0,12.7,-52.0%,-54.1%,-6.3%,-62.5%
FLTR,Extended,Internet,Consumer Discretionary,Consumer Services,Adj,Dec,EPS,CY2027,15.594,13.894,-10.9%,10.487,-24.5%,8.647,-17.5%,7404.0,8.6,-44.5%,-54.1%,-6.3%,-62.5%
FLTR,Extended,Internet,Consumer Discretionary,Consumer Services,Adj,Dec,EPS,CY2028,18.553,18.538,-0.1%,13.41,-27.7%,11.74,-12.5%,7404.0,6.3,-36.7%,-54.1%,-6.3%,-62.5%
WMG,Extended,Internet,Communication Services,Media & Entertainment,Adj,Sep,EPS,CY2025,1.207,0.982,-18.6%,0.982,+0.0%,0.982,+0.0%,28.17,28.7,-18.6%,-8.2%,+17.9%,+6.9%
WMG,Extended,Internet,Communication Services,Media & Entertainment,Adj,Sep,EPS,CY2026,1.379,1.477,+7.1%,1.389,-6.0%,1.505,+8.4%,28.17,18.7,+9.1%,-8.2%,+17.9%,+6.9%
WMG,Extended,Internet,Communication Services,Media & Entertainment,Adj,Sep,EPS,CY2027,1.584,1.736,+9.6%,1.744,+0.5%,1.835,+5.2%,28.17,15.4,+15.8%,-8.2%,+17.9%,+6.9%
WMG,Extended,Internet,Communication Services,Media & Entertainment,Adj,Sep,EPS,CY2028,1.801,1.93,+7.2%,2.006,+3.9%,2.103,+4.8%,28.17,13.4,+16.8%,-8.2%,+17.9%,+6.9%
SCOR,Extended,Internet,Communication Services,Media & Entertainment,Adj,Dec,EPS,CY2025,4.01,2.22,-44.6%,2.22,+0.0%,2.22,+0.0%,7.95,3.6,-44.6%,+22.3%,+15.6%,+58.7%
SCOR,Extended,Internet,Communication Services,Media & Entertainment,Adj,Dec,EPS,CY2026,5.175,4.65,-10.1%,4.11,-11.6%,0.46,-88.8%,7.95,17.3,-91.1%,+22.3%,+15.6%,+58.7%
SCOR,Extended,Internet,Communication Services,Media & Entertainment,Adj,Dec,EPS,CY2027,6.64,5.08,-23.5%,5.08,+0.0%,1.05,-79.3%,7.95,7.6,-84.2%,+22.3%,+15.6%,+58.7%
SCOR,Extended,Internet,Communication Services,Media & Entertainment,Adj,Dec,EPS,CY2028,,,,,,,,7.95,,,+22.3%,+15.6%,+58.7%
ASM,Extended,Technology,Information Technology,Semiconductors & Semiconductor,Adj,Dec,EPS,CY2025,15.208,13.931,-8.4%,14.695,+5.5%,14.695,+0.0%,1066.5,72.6,-3.4%,+106.0%,+61.2%,+108.9%
ASM,Extended,Technology,Information Technology,Semiconductors & Semiconductor,Adj,Dec,EPS,CY2026,18.663,15.99,-14.3%,18.689,+16.9%,21.713,+16.2%,1066.5,49.1,+16.3%,+106.0%,+61.2%,+108.9%
ASM,Extended,Technology,Information Technology,Semiconductors & Semiconductor,Adj,Dec,EPS,CY2027,23.267,20.303,-12.7%,23.342,+15.0%,27.135,+16.2%,1066.5,39.3,+16.6%,+106.0%,+61.2%,+108.9%
ASM,Extended,Technology,Information Technology,Semiconductors & Semiconductor,Adj,Dec,EPS,CY2028,26.568,23.693,-10.8%,26.67,+12.6%,31.315,+17.4%,1066.5,34.1,+17.9%,+106.0%,+61.2%,+108.9%
ARM,Extended,Technology,Information Technology,Semiconductors & Semiconductor,GAAP,Mar,EPS,CY2025,1.025,0.917,-10.5%,0.936,+2.1%,0.927,-1.0%,439.46,474.1,-9.6%,+302.0%,+238.5%,+200.9%
ARM,Extended,Technology,Information Technology,Semiconductors & Semiconductor,GAAP,Mar,EPS,CY2026,1.582,1.401,-11.4%,1.239,-11.6%,1.281,+3.4%,439.46,343.1,-19.0%,+302.0%,+238.5%,+200.9%
ARM,Extended,Technology,Information Technology,Semiconductors & Semiconductor,GAAP,Mar,EPS,CY2027,1.958,1.985,+1.4%,1.894,-4.6%,1.988,+5.0%,439.46,221.1,+1.5%,+302.0%,+238.5%,+200.9%
ARM,Extended,Technology,Information Technology,Semiconductors & Semiconductor,GAAP,Mar,EPS,CY2028,2.453,2.266,-7.6%,2.212,-2.4%,2.651,+19.8%,439.46,165.8,+8.1%,+302.0%,+238.5%,+200.9%
MRVL,Extended,Technology,Information Technology,Semiconductors & Semiconductor,GAAP,Jan,EPS,CY2025,1.004,2.969,+195.7%,2.975,+0.2%,2.975,+0.0%,310.58,104.4,+196.3%,+265.5%,+246.9%,+314.4%
MRVL,Extended,Technology,Information Technology,Semiconductors & Semiconductor,GAAP,Jan,EPS,CY2026,1.812,1.92,+6.0%,2.091,+8.9%,1.822,-12.9%,310.58,170.5,+0.6%,+265.5%,+246.9%,+314.4%
MRVL,Extended,Technology,Information Technology,Semiconductors & Semiconductor,GAAP,Jan,EPS,CY2027,2.582,2.922,+13.2%,3.526,+20.7%,4.181,+18.6%,310.58,74.3,+61.9%,+265.5%,+246.9%,+314.4%
MRVL,Extended,Technology,Information Technology,Semiconductors & Semiconductor,GAAP,Jan,EPS,CY2028,3.05,4.295,+40.8%,5.307,+23.6%,7.017,+32.2%,310.58,44.3,+130.1%,+265.5%,+246.9%,+314.4%
AMD,Extended,Technology,Information Technology,Semiconductors & Semiconductor,GAAP,Dec,EPS,CY2025,1.9,2.478,+30.4%,2.531,+2.1%,2.531,+0.0%,537.37,212.3,+33.2%,+150.9%,+161.8%,+323.8%
AMD,Extended,Technology,Information Technology,Semiconductors & Semiconductor,GAAP,Dec,EPS,CY2026,3.808,4.508,+18.4%,4.748,+5.3%,5.433,+14.4%,537.37,98.9,+42.7%,+150.9%,+161.8%,+323.8%
AMD,Extended,Technology,Information Technology,Semiconductors & Semiconductor,GAAP,Dec,EPS,CY2027,5.161,7.395,+43.3%,8.634,+16.8%,11.062,+28.1%,537.37,48.6,+114.3%,+150.9%,+161.8%,+323.8%
AMD,Extended,Technology,Information Technology,Semiconductors & Semiconductor,GAAP,Dec,EPS,CY2028,5.973,8.6,+44.0%,12.207,+41.9%,15.781,+29.3%,537.37,34.1,+164.2%,+150.9%,+161.8%,+323.8%
INTC,Extended,Technology,Information Technology,Semiconductors & Semiconductor,GAAP,Dec,EPS,CY2025,-0.6,-0.015,+97.5%,-0.037,-146.7%,-0.037,+0.0%,133.99,-3621.4,+93.8%,+263.1%,+190.1%,+523.5%
INTC,Extended,Technology,Information Technology,Semiconductors & Semiconductor,GAAP,Dec,EPS,CY2026,0.094,0.206,+119.1%,-0.23,-211.7%,-0.005,+97.8%,133.99,-26798.0,-105.3%,+263.1%,+190.1%,+523.5%
INTC,Extended,Technology,Information Technology,Semiconductors & Semiconductor,GAAP,Dec,EPS,CY2027,0.894,0.592,-33.8%,0.328,-44.6%,1.118,+240.9%,133.99,119.8,+25.1%,+263.1%,+190.1%,+523.5%
INTC,Extended,Technology,Information Technology,Semiconductors & Semiconductor,GAAP,Dec,EPS,CY2028,,1.807,,0.759,-58.0%,2.056,+170.9%,133.99,65.2,,+263.1%,+190.1%,+523.5%
TXN,Extended,Technology,Information Technology,Semiconductors & Semiconductor,GAAP,Dec,EPS,CY2025,5.553,5.481,-1.3%,5.487,+0.1%,5.487,+0.0%,322.86,58.8,-1.2%,+86.1%,+71.5%,+62.8%
TXN,Extended,Technology,Information Technology,Semiconductors & Semiconductor,GAAP,Dec,EPS,CY2026,6.63,6.078,-8.3%,6.423,+5.7%,7.704,+19.9%,322.86,41.9,+16.2%,+86.1%,+71.5%,+62.8%
TXN,Extended,Technology,Information Technology,Semiconductors & Semiconductor,GAAP,Dec,EPS,CY2027,8.038,7.492,-6.8%,7.754,+3.5%,8.969,+15.7%,322.86,36.0,+11.6%,+86.1%,+71.5%,+62.8%
TXN,Extended,Technology,Information Technology,Semiconductors & Semiconductor,GAAP,Dec,EPS,CY2028,,9.922,,9.752,-1.7%,10.646,+9.2%,322.86,30.3,,+86.1%,+71.5%,+62.8%
ADI,Extended,Technology,Information Technology,Semiconductors & Semiconductor,GAAP,Oct,EPS,CY2025,4.424,4.496,+1.6%,4.496,+0.0%,4.496,+0.0%,434.46,96.6,+1.6%,+60.2%,+39.9%,+89.2%
ADI,Extended,Technology,Information Technology,Semiconductors & Semiconductor,GAAP,Oct,EPS,CY2026,6.071,7.098,+16.9%,8.483,+19.5%,9.352,+10.2%,434.46,46.5,+54.0%,+60.2%,+39.9%,+89.2%
ADI,Extended,Technology,Information Technology,Semiconductors & Semiconductor,GAAP,Oct,EPS,CY2027,8.013,8.184,+2.1%,9.934,+21.4%,12.138,+22.2%,434.46,35.8,+51.5%,+60.2%,+39.9%,+89.2%
ADI,Extended,Technology,Information Technology,Semiconductors & Semiconductor,GAAP,Oct,EPS,CY2028,9.84,9.95,+1.1%,11.629,+16.9%,13.946,+19.9%,434.46,31.2,+41.7%,+60.2%,+39.9%,+89.2%
005930,Extended,Technology,Information Technology,Technology Hardware & Equipmen,GAAP,Dec,EPS,CY2025,4828.231,5945.913,+23.1%,6342.644,+6.7%,6342.644,+0.0%,350500.0,55.3,+31.4%,+191.1%,+75.4%,+489.1%
005930,Extended,Technology,Information Technology,Technology Hardware & Equipmen,GAAP,Dec,EPS,CY2026,5925.168,11937.864,+101.5%,25336.165,+112.2%,44556.538,+75.9%,350500.0,7.9,+652.0%,+191.1%,+75.4%,+489.1%
005930,Extended,Technology,Information Technology,Technology Hardware & Equipmen,GAAP,Dec,EPS,CY2027,6597.119,13558.613,+105.5%,32136.071,+137.0%,61509.513,+91.4%,350500.0,5.7,+832.4%,+191.1%,+75.4%,+489.1%
005930,Extended,Technology,Information Technology,Technology Hardware & Equipmen,GAAP,Dec,EPS,CY2028,,16174.308,,30636.859,+89.4%,63145.698,+106.1%,350500.0,5.6,,+191.1%,+75.4%,+489.1%
000660,Extended,Technology,Information Technology,Semiconductors & Semiconductor,GAAP,Dec,EPS,CY2025,42259.901,54770.636,+29.6%,57400.366,+4.8%,57400.366,+0.0%,2755000.0,48.0,+35.8%,+322.5%,+173.9%,+972.0%
000660,Extended,Technology,Information Technology,Semiconductors & Semiconductor,GAAP,Dec,EPS,CY2026,46449.633,89823.961,+93.4%,182804.3,+103.5%,296957.147,+62.4%,2755000.0,9.3,+539.3%,+322.5%,+173.9%,+972.0%
000660,Extended,Technology,Information Technology,Semiconductors & Semiconductor,GAAP,Dec,EPS,CY2027,54106.379,101604.285,+87.8%,220077.566,+116.6%,421202.004,+91.4%,2755000.0,6.5,+678.5%,+322.5%,+173.9%,+972.0%
000660,Extended,Technology,Information Technology,Semiconductors & Semiconductor,GAAP,Dec,EPS,CY2028,,193005.345,,210118.221,+8.9%,463377.535,+120.5%,2755000.0,5.9,,+322.5%,+173.9%,+972.0%
WDC,Extended,Technology,Information Technology,Technology Hardware & Equipmen,GAAP,Jun,EPS,CY2025,5.446,5.452,+0.1%,5.452,+0.0%,5.452,+0.0%,746.23,136.9,+0.1%,+333.2%,+135.5%,+1160.7%
WDC,Extended,Technology,Information Technology,Technology Hardware & Equipmen,GAAP,Jun,EPS,CY2026,4.859,8.599,+77.0%,11.251,+30.8%,16.616,+47.7%,746.23,44.9,+242.0%,+333.2%,+135.5%,+1160.7%
WDC,Extended,Technology,Information Technology,Technology Hardware & Equipmen,GAAP,Jun,EPS,CY2027,4.513,9.048,+100.5%,12.919,+42.8%,17.905,+38.6%,746.23,41.7,+296.7%,+333.2%,+135.5%,+1160.7%
WDC,Extended,Technology,Information Technology,Technology Hardware & Equipmen,GAAP,Jun,EPS,CY2028,,9.198,,16.823,+82.9%,26.538,+57.7%,746.23,28.1,,+333.2%,+135.5%,+1160.7%
SNDK,Extended,Technology,Information Technology,Technology Hardware & Equipmen,GAAP,Jun,EPS,CY2025,-11.471,-11.405,+0.6%,-11.405,+0.0%,-11.405,+0.0%,2184.75,-191.6,+0.6%,+820.4%,+183.0%,+4586.3%
SNDK,Extended,Technology,Information Technology,Technology Hardware & Equipmen,GAAP,Jun,EPS,CY2026,3.896,11.44,+193.6%,38.587,+237.3%,63.615,+64.9%,2184.75,34.3,+1532.8%,+820.4%,+183.0%,+4586.3%
SNDK,Extended,Technology,Information Technology,Technology Hardware & Equipmen,GAAP,Jun,EPS,CY2027,5.025,20.097,+299.9%,89.628,+346.0%,193.018,+115.4%,2184.75,11.3,+3741.2%,+820.4%,+183.0%,+4586.3%
SNDK,Extended,Technology,Information Technology,Technology Hardware & Equipmen,GAAP,Jun,EPS,CY2028,,16.696,,84.49,+406.0%,220.17,+160.6%,2184.75,9.9,,+820.4%,+183.0%,+4586.3%
CLS,Extended,Technology,Information Technology,Technology Hardware & Equipmen,Adj,Dec,EPS,CY2025,5.091,5.923,+16.3%,5.919,-0.1%,5.919,+0.0%,372.55,62.9,+16.3%,+26.0%,+31.0%,+173.4%
CLS,Extended,Technology,Information Technology,Technology Hardware & Equipmen,Adj,Dec,EPS,CY2026,6.186,8.396,+35.7%,8.928,+6.3%,10.255,+14.9%,372.55,36.3,+65.8%,+26.0%,+31.0%,+173.4%
CLS,Extended,Technology,Information Technology,Technology Hardware & Equipmen,Adj,Dec,EPS,CY2027,7.373,11.457,+55.4%,12.633,+10.3%,15.117,+19.7%,372.55,24.6,+105.0%,+26.0%,+31.0%,+173.4%
CLS,Extended,Technology,Information Technology,Technology Hardware & Equipmen,Adj,Dec,EPS,CY2028,,14.957,,16.33,+9.2%,18.649,+14.2%,372.55,20.0,,+26.0%,+31.0%,+173.4%
QRVO,Extended,Technology,Information Technology,Semiconductors & Semiconductor,Adj,Mar,EPS,CY2025,5.576,6.41,+15.0%,6.526,+1.8%,6.526,+0.0%,98.42,15.1,+17.0%,+16.5%,+26.6%,+22.6%
QRVO,Extended,Technology,Information Technology,Semiconductors & Semiconductor,Adj,Mar,EPS,CY2026,6.588,7.07,+7.3%,6.762,-4.4%,6.883,+1.8%,98.42,14.3,+4.5%,+16.5%,+26.6%,+22.6%
QRVO,Extended,Technology,Information Technology,Semiconductors & Semiconductor,Adj,Mar,EPS,CY2027,,8.033,,7.996,-0.5%,7.817,-2.2%,98.42,12.6,,+16.5%,+26.6%,+22.6%
QRVO,Extended,Technology,Information Technology,Semiconductors & Semiconductor,Adj,Mar,EPS,CY2028,,8.02,,8.323,+3.8%,8.228,-1.1%,98.42,12.0,,+16.5%,+26.6%,+22.6%
SWKS,Extended,Technology,Information Technology,Semiconductors & Semiconductor,Adj,Sep,EPS,CY2025,5.062,5.598,+10.6%,5.598,+0.0%,5.598,+0.0%,72.45,12.9,+10.6%,+14.3%,+33.9%,+1.2%
SWKS,Extended,Technology,Information Technology,Semiconductors & Semiconductor,Adj,Sep,EPS,CY2026,4.23,4.426,+4.6%,4.662,+5.3%,4.951,+6.2%,72.45,14.6,+17.0%,+14.3%,+33.9%,+1.2%
SWKS,Extended,Technology,Information Technology,Semiconductors & Semiconductor,Adj,Sep,EPS,CY2027,,5.065,,5.076,+0.2%,5.144,+1.3%,72.45,14.1,,+14.3%,+33.9%,+1.2%
SWKS,Extended,Technology,Information Technology,Semiconductors & Semiconductor,Adj,Sep,EPS,CY2028,,6.31,,6.176,-2.1%,6.451,+4.5%,72.45,11.2,,+14.3%,+33.9%,+1.2%
DELL,Extended,Technology,Information Technology,Technology Hardware & Equipmen,GAAP,Jan,EPS,CY2025,7.744,8.572,+10.7%,8.72,+1.7%,8.72,+0.0%,409.5,47.0,+12.6%,+225.3%,+161.2%,+251.3%
DELL,Extended,Technology,Information Technology,Technology Hardware & Equipmen,GAAP,Jan,EPS,CY2026,9.453,10.625,+12.4%,11.241,+5.8%,17.139,+52.5%,409.5,23.9,+81.3%,+225.3%,+161.2%,+251.3%
DELL,Extended,Technology,Information Technology,Technology Hardware & Equipmen,GAAP,Jan,EPS,CY2027,9.787,10.798,+10.3%,13.128,+21.6%,20.355,+55.1%,409.5,20.1,+108.0%,+225.3%,+161.2%,+251.3%
DELL,Extended,Technology,Information Technology,Technology Hardware & Equipmen,GAAP,Jan,EPS,CY2028,11.3,12.42,+9.9%,14.83,+19.4%,24.233,+63.4%,409.5,16.9,+114.5%,+225.3%,+161.2%,+251.3%
SMCI,Extended,Technology,Information Technology,Technology Hardware & Equipmen,Adj,Jun,EPS,CY2025,2.092,2.09,-0.1%,2.09,+0.0%,2.09,+0.0%,30.66,14.7,-0.1%,+4.7%,-0.4%,-31.1%
SMCI,Extended,Technology,Information Technology,Technology Hardware & Equipmen,Adj,Jun,EPS,CY2026,2.891,2.069,-28.4%,2.271,+9.8%,2.598,+14.4%,30.66,11.8,-10.1%,+4.7%,-0.4%,-31.1%
SMCI,Extended,Technology,Information Technology,Technology Hardware & Equipmen,Adj,Jun,EPS,CY2027,,3.027,,2.984,-1.4%,3.191,+6.9%,30.66,9.6,,+4.7%,-0.4%,-31.1%
SMCI,Extended,Technology,Information Technology,Technology Hardware & Equipmen,Adj,Jun,EPS,CY2028,,3.633,,3.59,-1.2%,3.777,+5.2%,30.66,8.1,,+4.7%,-0.4%,-31.1%
IBM,Extended,Technology,Information Technology,Software & Services,GAAP,Dec,EPS,CY2025,8.84,9.068,+2.6%,9.025,-0.5%,9.025,+0.0%,249.1,27.6,+2.1%,-15.9%,-0.5%,-12.0%
IBM,Extended,Technology,Information Technology,Software & Services,GAAP,Dec,EPS,CY2026,9.6,10.552,+9.9%,10.166,-3.7%,10.342,+1.7%,249.1,24.1,+7.7%,-15.9%,-0.5%,-12.0%
IBM,Extended,Technology,Information Technology,Software & Services,GAAP,Dec,EPS,CY2027,9.805,10.817,+10.3%,11.27,+4.2%,11.482,+1.9%,249.1,21.7,+17.1%,-15.9%,-0.5%,-12.0%
IBM,Extended,Technology,Information Technology,Software & Services,GAAP,Dec,EPS,CY2028,10.16,11.42,+12.4%,12.495,+9.4%,12.586,+0.7%,249.1,19.8,+23.9%,-15.9%,-0.5%,-12.0%
XRX,Extended,Technology,Information Technology,Technology Hardware & Equipmen,Adj,Dec,EPS,CY2025,0.74,-0.36,-148.6%,-0.39,-8.3%,-0.39,+0.0%,3.02,-7.7,-152.7%,+27.4%,+105.4%,-44.1%
XRX,Extended,Technology,Information Technology,Technology Hardware & Equipmen,Adj,Dec,EPS,CY2026,1.6,1.067,-33.3%,0.46,-56.9%,-0.237,-151.5%,3.02,-12.7,-114.8%,+27.4%,+105.4%,-44.1%
XRX,Extended,Technology,Information Technology,Technology Hardware & Equipmen,Adj,Dec,EPS,CY2027,,1.345,,1.155,-14.1%,0.865,-25.1%,3.02,3.5,,+27.4%,+105.4%,-44.1%
XRX,Extended,Technology,Information Technology,Technology Hardware & Equipmen,Adj,Dec,EPS,CY2028,,,,1.05,,0.97,-7.6%,3.02,3.1,,+27.4%,+105.4%,-44.1%
HPE,Extended,Technology,Information Technology,Technology Hardware & Equipmen,Adj,Oct,EPS,CY2025,1.845,1.895,+2.7%,1.895,+0.0%,1.895,+0.0%,47.41,25.0,+2.7%,+97.4%,+114.3%,+166.6%
HPE,Extended,Technology,Information Technology,Technology Hardware & Equipmen,Adj,Oct,EPS,CY2026,2.112,2.362,+11.8%,2.424,+2.6%,3.423,+41.2%,47.41,13.9,+62.1%,+97.4%,+114.3%,+166.6%
HPE,Extended,Technology,Information Technology,Technology Hardware & Equipmen,Adj,Oct,EPS,CY2027,2.322,2.739,+18.0%,2.722,-0.6%,4.037,+48.3%,47.41,11.7,+73.9%,+97.4%,+114.3%,+166.6%
HPE,Extended,Technology,Information Technology,Technology Hardware & Equipmen,Adj,Oct,EPS,CY2028,2.485,3.105,+24.9%,3.055,-1.6%,4.202,+37.5%,47.41,11.3,+69.1%,+97.4%,+114.3%,+166.6%
HPQ,Extended,Technology,Information Technology,Technology Hardware & Equipmen,Adj,Oct,EPS,CY2025,3.115,3.115,+0.0%,3.115,+0.0%,3.115,+0.0%,23.5,7.5,+0.0%,+5.5%,+27.2%,-2.8%
HPQ,Extended,Technology,Information Technology,Technology Hardware & Equipmen,Adj,Oct,EPS,CY2026,3.367,3.077,-8.6%,2.876,-6.5%,3.015,+4.8%,23.5,7.8,-10.5%,+5.5%,+27.2%,-2.8%
HPQ,Extended,Technology,Information Technology,Technology Hardware & Equipmen,Adj,Oct,EPS,CY2027,3.574,3.219,-9.9%,2.961,-8.0%,3.001,+1.4%,23.5,7.8,-16.0%,+5.5%,+27.2%,-2.8%
HPQ,Extended,Technology,Information Technology,Technology Hardware & Equipmen,Adj,Oct,EPS,CY2028,3.65,3.489,-4.4%,3.322,-4.8%,3.269,-1.6%,23.5,7.2,-10.4%,+5.5%,+27.2%,-2.8%
FLEX,Extended,Technology,Information Technology,Technology Hardware & Equipmen,Adj,Mar,EPS,CY2025,2.935,3.15,+7.3%,3.24,+2.9%,3.241,+0.0%,147.61,45.5,+10.4%,+144.3%,+124.4%,+219.6%
FLEX,Extended,Technology,Information Technology,Technology Hardware & Equipmen,Adj,Mar,EPS,CY2026,3.281,3.557,+8.4%,3.596,+1.1%,4.441,+23.5%,147.61,33.2,+35.4%,+144.3%,+124.4%,+219.6%
FLEX,Extended,Technology,Information Technology,Technology Hardware & Equipmen,Adj,Mar,EPS,CY2027,3.45,3.975,+15.2%,4.03,+1.4%,6.885,+70.8%,147.61,21.4,+99.6%,+144.3%,+124.4%,+219.6%
FLEX,Extended,Technology,Information Technology,Technology Hardware & Equipmen,Adj,Mar,EPS,CY2028,,,,,,9.68,,147.61,15.2,,+144.3%,+124.4%,+219.6%
CDW,Extended,Technology,Information Technology,Technology Hardware & Equipmen,Adj,Dec,EPS,CY2025,9.746,9.896,+1.5%,9.897,+0.0%,9.897,+0.0%,128.37,13.0,+1.5%,-5.7%,+7.3%,-24.5%
CDW,Extended,Technology,Information Technology,Technology Hardware & Equipmen,Adj,Dec,EPS,CY2026,10.302,10.603,+2.9%,10.555,-0.5%,10.661,+1.0%,128.37,12.0,+3.5%,-5.7%,+7.3%,-24.5%
CDW,Extended,Technology,Information Technology,Technology Hardware & Equipmen,Adj,Dec,EPS,CY2027,11.57,11.441,-1.1%,11.403,-0.3%,11.639,+2.1%,128.37,11.0,+0.6%,-5.7%,+7.3%,-24.5%
CDW,Extended,Technology,Information Technology,Technology Hardware & Equipmen,Adj,Dec,EPS,CY2028,11.4,12.82,+12.5%,12.665,-1.2%,12.317,-2.7%,128.37,10.4,+8.0%,-5.7%,+7.3%,-24.5%
SNX,Extended,Technology,Information Technology,Technology Hardware & Equipmen,Adj,Nov,EPS,CY2025,11.792,13.094,+11.0%,13.094,+0.0%,13.094,+0.0%,284.56,21.7,+11.0%,+89.4%,+83.2%,+128.3%
SNX,Extended,Technology,Information Technology,Technology Hardware & Equipmen,Adj,Nov,EPS,CY2026,13.039,14.564,+11.7%,14.817,+1.7%,17.041,+15.0%,284.56,16.7,+30.7%,+89.4%,+83.2%,+128.3%
SNX,Extended,Technology,Information Technology,Technology Hardware & Equipmen,Adj,Nov,EPS,CY2027,15.317,16.038,+4.7%,16.094,+0.3%,19.071,+18.5%,284.56,14.9,+24.5%,+89.4%,+83.2%,+128.3%
SNX,Extended,Technology,Information Technology,Technology Hardware & Equipmen,Adj,Nov,EPS,CY2028,,17.4,,17.865,+2.7%,21.347,+19.5%,284.56,13.3,,+89.4%,+83.2%,+128.3%
AVT,Extended,Technology,Information Technology,Technology Hardware & Equipmen,Adj,Jun,EPS,CY2025,3.342,3.367,+0.7%,3.367,+0.0%,3.367,+0.0%,91.47,27.2,+0.7%,+90.2%,+52.6%,+79.5%
AVT,Extended,Technology,Information Technology,Technology Hardware & Equipmen,Adj,Jun,EPS,CY2026,5.073,4.39,-13.5%,4.543,+3.5%,5.12,+12.7%,91.47,17.9,+0.9%,+90.2%,+52.6%,+79.5%
AVT,Extended,Technology,Information Technology,Technology Hardware & Equipmen,Adj,Jun,EPS,CY2027,6.585,6.22,-5.5%,6.39,+2.7%,7.727,+20.9%,91.47,11.8,+17.3%,+90.2%,+52.6%,+79.5%
AVT,Extended,Technology,Information Technology,Technology Hardware & Equipmen,Adj,Jun,EPS,CY2028,,7.3,,7.27,-0.4%,8.035,+10.5%,91.47,11.4,,+90.2%,+52.6%,+79.5%
ARW,Extended,Technology,Information Technology,Technology Hardware & Equipmen,Adj,Dec,EPS,CY2025,10.328,10.204,-1.2%,10.258,+0.5%,10.258,+0.0%,232.7,22.7,-0.7%,+111.2%,+65.5%,+88.4%
ARW,Extended,Technology,Information Technology,Technology Hardware & Equipmen,Adj,Dec,EPS,CY2026,15.048,11.876,-21.1%,13.486,+13.6%,19.972,+48.1%,232.7,11.7,+32.7%,+111.2%,+65.5%,+88.4%
ARW,Extended,Technology,Information Technology,Technology Hardware & Equipmen,Adj,Dec,EPS,CY2027,,13.835,,15.718,+13.6%,21.602,+37.4%,232.7,10.8,,+111.2%,+65.5%,+88.4%
ARW,Extended,Technology,Information Technology,Technology Hardware & Equipmen,Adj,Dec,EPS,CY2028,,15.41,,17.27,+12.1%,24.44,+41.5%,232.7,9.5,,+111.2%,+65.5%,+88.4%
BA,Extended,Aerospace / defense,Industrials,Capital Goods,Adj,Dec,EPS,CY2025,-1.475,-9.562,-548.3%,-9.499,+0.7%,-9.499,+0.0%,222.72,-23.4,-544.0%,+2.6%,+10.7%,+12.7%
BA,Extended,Aerospace / defense,Industrials,Capital Goods,Adj,Dec,EPS,CY2026,3.534,1.909,-46.0%,0.076,-96.0%,-0.351,-561.8%,222.72,-634.5,-109.9%,+2.6%,+10.7%,+12.7%
BA,Extended,Aerospace / defense,Industrials,Capital Goods,Adj,Dec,EPS,CY2027,6.312,5.838,-7.5%,4.669,-20.0%,4.28,-8.3%,222.72,52.0,-32.2%,+2.6%,+10.7%,+12.7%
BA,Extended,Aerospace / defense,Industrials,Capital Goods,Adj,Dec,EPS,CY2028,8.339,8.116,-2.7%,8.112,-0.0%,8.366,+3.1%,222.72,26.6,+0.3%,+2.6%,+10.7%,+12.7%
AIR,Extended,Aerospace / defense,Industrials,Capital Goods,Adj,Dec,EPS,CY2025,6.455,6.424,-0.5%,6.357,-1.0%,6.357,+0.0%,189.42,29.8,-1.5%,-4.5%,+15.5%,+17.1%
AIR,Extended,Aerospace / defense,Industrials,Capital Goods,Adj,Dec,EPS,CY2026,7.846,7.874,+0.4%,7.384,-6.2%,7.293,-1.2%,189.42,26.0,-7.0%,-4.5%,+15.5%,+17.1%
AIR,Extended,Aerospace / defense,Industrials,Capital Goods,Adj,Dec,EPS,CY2027,9.257,9.432,+1.9%,8.504,-9.8%,8.596,+1.1%,189.42,22.0,-7.1%,-4.5%,+15.5%,+17.1%
AIR,Extended,Aerospace / defense,Industrials,Capital Goods,Adj,Dec,EPS,CY2028,11.262,11.393,+1.2%,10.488,-7.9%,10.748,+2.5%,189.42,17.6,-4.6%,-4.5%,+15.5%,+17.1%
SAF,Extended,Aerospace / defense,Industrials,Capital Goods,Adj,Dec,EPS,CY2025,8.036,8.264,+2.8%,8.421,+1.9%,8.421,+0.0%,329.4,39.1,+4.8%,+10.8%,+12.3%,+27.7%
SAF,Extended,Aerospace / defense,Industrials,Capital Goods,Adj,Dec,EPS,CY2026,9.985,10.555,+5.7%,10.107,-4.2%,10.114,+0.1%,329.4,32.6,+1.3%,+10.8%,+12.3%,+27.7%
SAF,Extended,Aerospace / defense,Industrials,Capital Goods,Adj,Dec,EPS,CY2027,11.395,12.093,+6.1%,12.401,+2.5%,12.265,-1.1%,329.4,26.9,+7.6%,+10.8%,+12.3%,+27.7%
SAF,Extended,Aerospace / defense,Industrials,Capital Goods,Adj,Dec,EPS,CY2028,12.88,13.518,+5.0%,14.056,+4.0%,13.763,-2.1%,329.4,23.9,+6.9%,+10.8%,+12.3%,+27.7%
RTX,Extended,Aerospace / defense,Industrials,Capital Goods,GAAP,Dec,EPS,CY2025,4.961,4.927,-0.7%,4.874,-1.1%,4.874,+0.0%,185.6,38.1,-1.8%,+1.2%,-7.5%,+27.2%
RTX,Extended,Aerospace / defense,Industrials,Capital Goods,GAAP,Dec,EPS,CY2026,5.759,5.61,-2.6%,5.647,+0.7%,5.754,+1.9%,185.6,32.3,-0.1%,+1.2%,-7.5%,+27.2%
RTX,Extended,Aerospace / defense,Industrials,Capital Goods,GAAP,Dec,EPS,CY2027,6.405,6.504,+1.5%,6.478,-0.4%,6.559,+1.3%,185.6,28.3,+2.4%,+1.2%,-7.5%,+27.2%
RTX,Extended,Aerospace / defense,Industrials,Capital Goods,GAAP,Dec,EPS,CY2028,6.926,7.022,+1.4%,7.17,+2.1%,7.272,+1.4%,185.6,25.5,+5.0%,+1.2%,-7.5%,+27.2%
LMT,Extended,Aerospace / defense,Industrials,Capital Goods,Adj,Dec,EPS,CY2025,27.433,22.227,-19.0%,21.683,-2.4%,21.683,+0.0%,510.95,23.6,-21.0%,+5.6%,-19.9%,+9.0%
LMT,Extended,Aerospace / defense,Industrials,Capital Goods,Adj,Dec,EPS,CY2026,29.855,29.247,-2.0%,29.918,+2.3%,29.892,-0.1%,510.95,17.1,+0.1%,+5.6%,-19.9%,+9.0%
LMT,Extended,Aerospace / defense,Industrials,Capital Goods,Adj,Dec,EPS,CY2027,31.989,31.322,-2.1%,31.953,+2.0%,32.085,+0.4%,510.95,15.9,+0.3%,+5.6%,-19.9%,+9.0%
LMT,Extended,Aerospace / defense,Industrials,Capital Goods,Adj,Dec,EPS,CY2028,33.057,32.67,-1.2%,33.993,+4.0%,34.31,+0.9%,510.95,14.9,+3.8%,+5.6%,-19.9%,+9.0%
GD,Extended,Aerospace / defense,Industrials,Capital Goods,Adj,Dec,EPS,CY2025,14.942,15.383,+3.0%,15.386,+0.0%,15.386,+0.0%,350.01,22.7,+3.0%,+4.0%,+0.1%,+25.7%
GD,Extended,Aerospace / defense,Industrials,Capital Goods,Adj,Dec,EPS,CY2026,16.696,17.237,+3.2%,16.294,-5.5%,16.655,+2.2%,350.01,21.0,-0.2%,+4.0%,+0.1%,+25.7%
GD,Extended,Aerospace / defense,Industrials,Capital Goods,Adj,Dec,EPS,CY2027,18.118,18.921,+4.4%,17.943,-5.2%,18.202,+1.4%,350.01,19.2,+0.5%,+4.0%,+0.1%,+25.7%
GD,Extended,Aerospace / defense,Industrials,Capital Goods,Adj,Dec,EPS,CY2028,19.781,20.518,+3.7%,19.554,-4.7%,19.723,+0.9%,350.01,17.7,-0.3%,+4.0%,+0.1%,+25.7%
NOC,Extended,Aerospace / defense,Industrials,Capital Goods,Adj,Dec,EPS,CY2025,25.336,26.004,+2.6%,26.05,+0.2%,26.05,+0.0%,521.5,20.0,+2.8%,-8.5%,-27.0%,+5.4%
NOC,Extended,Aerospace / defense,Industrials,Capital Goods,Adj,Dec,EPS,CY2026,28.771,28.963,+0.7%,28.022,-3.2%,27.977,-0.2%,521.5,18.6,-2.8%,-8.5%,-27.0%,+5.4%
NOC,Extended,Aerospace / defense,Industrials,Capital Goods,Adj,Dec,EPS,CY2027,30.846,31.293,+1.4%,30.021,-4.1%,30.129,+0.4%,521.5,17.3,-2.3%,-8.5%,-27.0%,+5.4%
NOC,Extended,Aerospace / defense,Industrials,Capital Goods,Adj,Dec,EPS,CY2028,32.743,33.049,+0.9%,32.358,-2.1%,32.667,+1.0%,521.5,16.0,-0.2%,-8.5%,-27.0%,+5.4%
MOG/A,Extended,Aerospace / defense,Industrials,Capital Goods,Adj,Sep,EPS,CY2025,,8.243,,8.243,+0.0%,8.243,+0.0%,409.15,49.6,,+68.0%,+34.4%,+135.1%
MOG/A,Extended,Aerospace / defense,Industrials,Capital Goods,Adj,Sep,EPS,CY2026,,9.913,,10.033,+1.2%,10.607,+5.7%,409.15,38.6,,+68.0%,+34.4%,+135.1%
MOG/A,Extended,Aerospace / defense,Industrials,Capital Goods,Adj,Sep,EPS,CY2027,,11.267,,11.3,+0.3%,11.59,+2.6%,409.15,35.3,,+68.0%,+34.4%,+135.1%
MOG/A,Extended,Aerospace / defense,Industrials,Capital Goods,Adj,Sep,EPS,CY2028,,12.35,,12.35,+0.0%,12.35,+0.0%,409.15,33.1,,+68.0%,+34.4%,+135.1%
HEI,Extended,Aerospace / defense,Industrials,Capital Goods,Adj,Oct,EPS,CY2025,4.581,4.782,+4.4%,4.782,+0.0%,4.782,+0.0%,337.1,70.5,+4.4%,+4.2%,+21.6%,+8.4%
HEI,Extended,Aerospace / defense,Industrials,Capital Goods,Adj,Oct,EPS,CY2026,5.195,5.4,+3.9%,5.625,+4.2%,6.025,+7.1%,337.1,56.0,+16.0%,+4.2%,+21.6%,+8.4%
HEI,Extended,Aerospace / defense,Industrials,Capital Goods,Adj,Oct,EPS,CY2027,5.854,6.099,+4.2%,6.316,+3.6%,6.808,+7.8%,337.1,49.5,+16.3%,+4.2%,+21.6%,+8.4%
HEI,Extended,Aerospace / defense,Industrials,Capital Goods,Adj,Oct,EPS,CY2028,6.598,6.897,+4.5%,7.096,+2.9%,7.728,+8.9%,337.1,43.6,+17.1%,+4.2%,+21.6%,+8.4%
RR/,Extended,Aerospace / defense,Industrials,Capital Goods,Adj,Dec,EPS,CY2025,0.239,0.282,+18.0%,0.295,+4.6%,0.295,+0.0%,1408.2,47.7,+23.4%,+22.5%,+18.3%,+59.5%
RR/,Extended,Aerospace / defense,Industrials,Capital Goods,Adj,Dec,EPS,CY2026,0.284,0.322,+13.4%,0.343,+6.5%,0.37,+7.9%,1408.2,38.1,+30.3%,+22.5%,+18.3%,+59.5%
RR/,Extended,Aerospace / defense,Industrials,Capital Goods,Adj,Dec,EPS,CY2027,0.328,0.366,+11.6%,0.393,+7.4%,0.441,+12.2%,1408.2,31.9,+34.5%,+22.5%,+18.3%,+59.5%
RR/,Extended,Aerospace / defense,Industrials,Capital Goods,Adj,Dec,EPS,CY2028,0.369,0.403,+9.2%,0.46,+14.1%,0.516,+12.2%,1408.2,27.3,+39.8%,+22.5%,+18.3%,+59.5%
CRS,Extended,Aerospace / defense,Industrials,Capital Goods,Adj,Jun,EPS,CY2025,7.318,7.263,-0.8%,7.263,+0.0%,7.263,+0.0%,586.47,80.7,-0.8%,+86.3%,+55.1%,+133.7%
CRS,Extended,Aerospace / defense,Industrials,Capital Goods,Adj,Jun,EPS,CY2026,9.262,10.133,+9.4%,10.219,+0.8%,10.587,+3.6%,586.47,55.4,+14.3%,+86.3%,+55.1%,+133.7%
CRS,Extended,Aerospace / defense,Industrials,Capital Goods,Adj,Jun,EPS,CY2027,11.613,12.028,+3.6%,12.096,+0.6%,12.606,+4.2%,586.47,46.5,+8.6%,+86.3%,+55.1%,+133.7%
CRS,Extended,Aerospace / defense,Industrials,Capital Goods,Adj,Jun,EPS,CY2028,9.58,13.485,+40.8%,14.113,+4.7%,15.035,+6.5%,586.47,39.0,+56.9%,+86.3%,+55.1%,+133.7%
HWM,Extended,Aerospace / defense,Industrials,Capital Goods,Adj,Dec,EPS,CY2025,3.504,3.695,+5.5%,3.697,+0.1%,3.697,+0.0%,277.66,75.1,+5.5%,+35.4%,+19.2%,+63.1%
HWM,Extended,Aerospace / defense,Industrials,Capital Goods,Adj,Dec,EPS,CY2026,4.143,4.454,+7.5%,4.593,+3.1%,5.064,+10.3%,277.66,54.8,+22.2%,+35.4%,+19.2%,+63.1%
HWM,Extended,Aerospace / defense,Industrials,Capital Goods,Adj,Dec,EPS,CY2027,4.828,5.243,+8.6%,5.474,+4.4%,6.03,+10.2%,277.66,46.0,+24.9%,+35.4%,+19.2%,+63.1%
HWM,Extended,Aerospace / defense,Industrials,Capital Goods,Adj,Dec,EPS,CY2028,5.437,6.021,+10.7%,6.289,+4.5%,7.093,+12.8%,277.66,39.1,+30.5%,+35.4%,+19.2%,+63.1%
WWD,Extended,Aerospace / defense,Industrials,Capital Goods,Adj,Sep,EPS,CY2025,6.344,6.685,+5.4%,6.685,+0.0%,6.685,+0.0%,430.08,64.3,+5.4%,+42.3%,+16.9%,+80.0%
WWD,Extended,Aerospace / defense,Industrials,Capital Goods,Adj,Sep,EPS,CY2026,7.552,8.017,+6.2%,8.726,+8.8%,9.333,+7.0%,430.08,46.1,+23.6%,+42.3%,+16.9%,+80.0%
WWD,Extended,Aerospace / defense,Industrials,Capital Goods,Adj,Sep,EPS,CY2027,8.854,9.38,+5.9%,10.121,+7.9%,10.557,+4.3%,430.08,40.7,+19.2%,+42.3%,+16.9%,+80.0%
WWD,Extended,Aerospace / defense,Industrials,Capital Goods,Adj,Sep,EPS,CY2028,8.6,10.688,+24.3%,11.837,+10.8%,12.54,+5.9%,430.08,34.3,+45.8%,+42.3%,+16.9%,+80.0%
HXL,Extended,Aerospace / defense,Industrials,Capital Goods,Adj,Dec,EPS,CY2025,1.878,1.706,-9.2%,1.696,-0.6%,1.696,+0.0%,97.63,57.6,-9.7%,+32.1%,+24.1%,+79.6%
HXL,Extended,Aerospace / defense,Industrials,Capital Goods,Adj,Dec,EPS,CY2026,2.575,2.343,-9.0%,2.228,-4.9%,2.289,+2.7%,97.63,42.7,-11.1%,+32.1%,+24.1%,+79.6%
HXL,Extended,Aerospace / defense,Industrials,Capital Goods,Adj,Dec,EPS,CY2027,3.212,3.394,+5.7%,3.216,-5.2%,3.184,-1.0%,97.63,30.7,-0.9%,+32.1%,+24.1%,+79.6%
HXL,Extended,Aerospace / defense,Industrials,Capital Goods,Adj,Dec,EPS,CY2028,3.928,4.007,+2.0%,3.868,-3.5%,3.828,-1.0%,97.63,25.5,-2.5%,+32.1%,+24.1%,+79.6%
AL,Extended,Aerospace / defense,,,Adj,Dec,EPS,CY2025,7.25,5.815,-19.8%,8.91,+53.2%,8.91,+0.0%,,,+22.9%,,,
AL,Extended,Aerospace / defense,,,Adj,Dec,EPS,CY2026,6.795,7.1,+4.5%,7.21,+1.5%,7.2,-0.1%,,,+6.0%,,,
AL,Extended,Aerospace / defense,,,Adj,Dec,EPS,CY2027,8.3,8.43,+1.6%,7.84,-7.0%,8.04,+2.6%,,,-3.1%,,,
AL,Extended,Aerospace / defense,,,Adj,Dec,EPS,CY2028,,,,8.55,,8.55,+0.0%,,,,,,
2588,Extended,Aerospace / defense,Industrials,Capital Goods,Adj,Dec,EPS,CY2025,1.014,1.027,+1.3%,1.045,+1.8%,1.045,+0.0%,77.4,74.1,+3.1%,+6.3%,+0.7%,+19.3%
2588,Extended,Aerospace / defense,Industrials,Capital Goods,Adj,Dec,EPS,CY2026,1.128,1.159,+2.7%,1.198,+3.4%,1.195,-0.3%,77.4,64.8,+5.9%,+6.3%,+0.7%,+19.3%
2588,Extended,Aerospace / defense,Industrials,Capital Goods,Adj,Dec,EPS,CY2027,1.203,1.267,+5.3%,1.334,+5.3%,1.361,+2.0%,77.4,56.9,+13.1%,+6.3%,+0.7%,+19.3%
2588,Extended,Aerospace / defense,Industrials,Capital Goods,Adj,Dec,EPS,CY2028,,,,1.528,,1.495,-2.2%,77.4,51.8,,+6.3%,+0.7%,+19.3%
FDS,Extended,Data / Information Svc,Financials,Financial Services,Adj,Aug,EPS,CY2025,17.087,17.095,+0.0%,17.095,+0.0%,17.095,+0.0%,221.29,12.9,+0.0%,-23.7%,+6.0%,-47.9%
FDS,Extended,Data / Information Svc,Financials,Financial Services,Adj,Aug,EPS,CY2026,18.345,17.483,-4.7%,17.525,+0.2%,17.7,+1.0%,221.29,12.5,-3.5%,-23.7%,+6.0%,-47.9%
FDS,Extended,Data / Information Svc,Financials,Financial Services,Adj,Aug,EPS,CY2027,19.931,19.012,-4.6%,18.969,-0.2%,19.406,+2.3%,221.29,11.4,-2.6%,-23.7%,+6.0%,-47.9%
FDS,Extended,Data / Information Svc,Financials,Financial Services,Adj,Aug,EPS,CY2028,21.869,20.741,-5.2%,20.806,+0.3%,21.382,+2.8%,221.29,10.3,-2.2%,-23.7%,+6.0%,-47.9%
EXPN,Extended,Data / Information Svc,Industrials,Commercial & Professional Serv,Adj,Mar,EPS,CY2025,1.743,1.771,+1.6%,1.781,+0.6%,1.797,+0.9%,2542.0,14.1,+3.1%,-24.4%,-4.7%,-32.5%
EXPN,Extended,Data / Information Svc,Industrials,Commercial & Professional Serv,Adj,Mar,EPS,CY2026,1.963,2.003,+2.0%,2.018,+0.7%,2.017,-0.0%,2542.0,12.6,+2.8%,-24.4%,-4.7%,-32.5%
EXPN,Extended,Data / Information Svc,Industrials,Commercial & Professional Serv,Adj,Mar,EPS,CY2027,2.203,2.264,+2.8%,2.296,+1.4%,2.314,+0.8%,2542.0,11.0,+5.0%,-24.4%,-4.7%,-32.5%
EXPN,Extended,Data / Information Svc,Industrials,Commercial & Professional Serv,Adj,Mar,EPS,CY2028,2.548,2.522,-1.0%,2.568,+1.8%,2.552,-0.6%,2542.0,10.0,+0.2%,-24.4%,-4.7%,-32.5%
EFX,Extended,Data / Information Svc,Industrials,Commercial & Professional Serv,Adj,Dec,EPS,CY2025,7.596,7.605,+0.1%,7.618,+0.2%,7.618,+0.0%,153.93,20.2,+0.3%,-29.1%,-15.2%,-39.3%
EFX,Extended,Data / Information Svc,Industrials,Commercial & Professional Serv,Adj,Dec,EPS,CY2026,9.309,8.818,-5.3%,8.613,-2.3%,8.587,-0.3%,153.93,17.9,-7.8%,-29.1%,-15.2%,-39.3%
EFX,Extended,Data / Information Svc,Industrials,Commercial & Professional Serv,Adj,Dec,EPS,CY2027,11.798,10.634,-9.9%,10.348,-2.7%,10.247,-1.0%,153.93,15.0,-13.1%,-29.1%,-15.2%,-39.3%
EFX,Extended,Data / Information Svc,Industrials,Commercial & Professional Serv,Adj,Dec,EPS,CY2028,13.875,12.556,-9.5%,12.427,-1.0%,12.412,-0.1%,153.93,12.4,-10.5%,-29.1%,-15.2%,-39.3%
TRU,Extended,Data / Information Svc,Industrials,Commercial & Professional Serv,Adj,Dec,EPS,CY2025,4.107,4.214,+2.6%,4.24,+0.6%,4.24,+0.0%,64.6,15.2,+3.2%,-24.7%,-9.9%,-23.8%
TRU,Extended,Data / Information Svc,Industrials,Commercial & Professional Serv,Adj,Dec,EPS,CY2026,4.798,4.82,+0.5%,4.774,-1.0%,4.711,-1.3%,64.6,13.7,-1.8%,-24.7%,-9.9%,-23.8%
TRU,Extended,Data / Information Svc,Industrials,Commercial & Professional Serv,Adj,Dec,EPS,CY2027,5.672,5.57,-1.8%,5.501,-1.2%,5.483,-0.3%,64.6,11.8,-3.3%,-24.7%,-9.9%,-23.8%
TRU,Extended,Data / Information Svc,Industrials,Commercial & Professional Serv,Adj,Dec,EPS,CY2028,6.448,6.332,-1.8%,6.404,+1.1%,6.555,+2.4%,64.6,9.9,+1.7%,-24.7%,-9.9%,-23.8%
ADP,Extended,Data / Information Svc,Industrials,Commercial & Professional Serv,Adj,Jun,EPS,CY2025,9.974,9.975,+0.0%,9.975,+0.0%,9.975,+0.0%,218.41,21.9,+0.0%,-15.1%,+3.7%,-28.8%
ADP,Extended,Data / Information Svc,Industrials,Commercial & Professional Serv,Adj,Jun,EPS,CY2026,10.882,10.906,+0.2%,10.963,+0.5%,11.072,+1.0%,218.41,19.7,+1.7%,-15.1%,+3.7%,-28.8%
ADP,Extended,Data / Information Svc,Industrials,Commercial & Professional Serv,Adj,Jun,EPS,CY2027,11.864,11.944,+0.7%,11.956,+0.1%,12.191,+2.0%,218.41,17.9,+2.8%,-15.1%,+3.7%,-28.8%
ADP,Extended,Data / Information Svc,Industrials,Commercial & Professional Serv,Adj,Jun,EPS,CY2028,12.873,13.018,+1.1%,12.946,-0.6%,13.32,+2.9%,218.41,16.4,+3.5%,-15.1%,+3.7%,-28.8%
PAYX,Extended,Data / Information Svc,Industrials,Commercial & Professional Serv,Adj,May,EPS,CY2025,4.996,4.996,+0.0%,4.996,+0.0%,4.996,+0.0%,98.24,19.7,+0.0%,-12.4%,+7.1%,-34.6%
PAYX,Extended,Data / Information Svc,Industrials,Commercial & Professional Serv,Adj,May,EPS,CY2026,5.311,5.478,+3.1%,5.491,+0.2%,5.501,+0.2%,98.24,17.9,+3.6%,-12.4%,+7.1%,-34.6%
PAYX,Extended,Data / Information Svc,Industrials,Commercial & Professional Serv,Adj,May,EPS,CY2027,5.726,5.899,+3.0%,5.902,+0.1%,5.893,-0.2%,98.24,16.7,+2.9%,-12.4%,+7.1%,-34.6%
PAYX,Extended,Data / Information Svc,Industrials,Commercial & Professional Serv,Adj,May,EPS,CY2028,,6.218,,6.249,+0.5%,6.321,+1.2%,98.24,15.5,,-12.4%,+7.1%,-34.6%
PAYC,Extended,Data / Information Svc,Industrials,Commercial & Professional Serv,Adj,Dec,EPS,CY2025,8.982,9.252,+3.0%,9.269,+0.2%,9.269,+0.0%,124.85,13.5,+3.2%,-21.7%,+0.6%,-46.4%
PAYC,Extended,Data / Information Svc,Industrials,Commercial & Professional Serv,Adj,Dec,EPS,CY2026,9.947,10.075,+1.3%,10.336,+2.6%,10.92,+5.7%,124.85,11.4,+9.8%,-21.7%,+0.6%,-46.4%
PAYC,Extended,Data / Information Svc,Industrials,Commercial & Professional Serv,Adj,Dec,EPS,CY2027,11.407,11.265,-1.2%,11.424,+1.4%,12.301,+7.7%,124.85,10.1,+7.8%,-21.7%,+0.6%,-46.4%
PAYC,Extended,Data / Information Svc,Industrials,Commercial & Professional Serv,Adj,Dec,EPS,CY2028,,12.918,,12.755,-1.3%,13.849,+8.6%,124.85,9.0,,-21.7%,+0.6%,-46.4%
MKTX,Extended,Data / Information Svc,Financials,Financial Services,Adj,Dec,EPS,CY2025,7.27,7.291,+0.3%,7.143,-2.0%,7.143,+0.0%,120.33,16.8,-1.7%,-33.6%,-31.1%,-45.5%
MKTX,Extended,Data / Information Svc,Financials,Financial Services,Adj,Dec,EPS,CY2026,8.485,8.148,-4.0%,8.125,-0.3%,8.049,-0.9%,120.33,14.9,-5.1%,-33.6%,-31.1%,-45.5%
MKTX,Extended,Data / Information Svc,Financials,Financial Services,Adj,Dec,EPS,CY2027,9.94,9.069,-8.8%,8.97,-1.1%,8.779,-2.1%,120.33,13.7,-11.7%,-33.6%,-31.1%,-45.5%
MKTX,Extended,Data / Information Svc,Financials,Financial Services,Adj,Dec,EPS,CY2028,11.153,10.238,-8.2%,10.062,-1.7%,9.788,-2.7%,120.33,12.3,-12.2%,-33.6%,-31.1%,-45.5%
VRSK,Extended,Data / Information Svc,Industrials,Commercial & Professional Serv,Adj,Dec,EPS,CY2025,7.052,6.94,-1.6%,6.948,+0.1%,6.948,+0.0%,173.8,25.0,-1.5%,-22.3%,-13.8%,-43.3%
VRSK,Extended,Data / Information Svc,Industrials,Commercial & Professional Serv,Adj,Dec,EPS,CY2026,7.904,7.633,-3.4%,7.632,-0.0%,7.657,+0.3%,173.8,22.7,-3.1%,-22.3%,-13.8%,-43.3%
VRSK,Extended,Data / Information Svc,Industrials,Commercial & Professional Serv,Adj,Dec,EPS,CY2027,8.793,8.575,-2.5%,8.635,+0.7%,8.675,+0.5%,173.8,20.0,-1.3%,-22.3%,-13.8%,-43.3%
VRSK,Extended,Data / Information Svc,Industrials,Commercial & Professional Serv,Adj,Dec,EPS,CY2028,,10.808,,9.701,-10.2%,9.721,+0.2%,173.8,17.9,,-22.3%,-13.8%,-43.3%
EXPE,Extended,Travel / tourism,Consumer Discretionary,Consumer Services,Adj,Dec,EPS,CY2025,14.249,15.313,+7.5%,15.43,+0.8%,15.43,+0.0%,240.9,15.6,+8.3%,-15.0%,+0.6%,+48.3%
EXPE,Extended,Travel / tourism,Consumer Discretionary,Consumer Services,Adj,Dec,EPS,CY2026,16.791,18.333,+9.2%,19.499,+6.4%,19.738,+1.2%,240.9,12.2,+17.6%,-15.0%,+0.6%,+48.3%
EXPE,Extended,Travel / tourism,Consumer Discretionary,Consumer Services,Adj,Dec,EPS,CY2027,20.199,21.601,+6.9%,23.009,+6.5%,23.227,+0.9%,240.9,10.4,+15.0%,-15.0%,+0.6%,+48.3%
EXPE,Extended,Travel / tourism,Consumer Discretionary,Consumer Services,Adj,Dec,EPS,CY2028,23.555,25.676,+9.0%,26.945,+4.9%,27.694,+2.8%,240.9,8.7,+17.6%,-15.0%,+0.6%,+48.3%
TRIP,Extended,Travel / tourism,Communication Services,Media & Entertainment,Adj,Dec,EPS,CY2025,1.465,1.406,-4.0%,1.381,-1.8%,1.381,+0.0%,12.965,9.4,-5.7%,-11.0%,+39.6%,-0.6%
TRIP,Extended,Travel / tourism,Communication Services,Media & Entertainment,Adj,Dec,EPS,CY2026,1.721,1.836,+6.7%,1.432,-22.0%,1.284,-10.3%,12.965,10.1,-25.4%,-11.0%,+39.6%,-0.6%
TRIP,Extended,Travel / tourism,Communication Services,Media & Entertainment,Adj,Dec,EPS,CY2027,2.349,2.328,-0.9%,1.727,-25.8%,1.556,-9.9%,12.965,8.3,-33.8%,-11.0%,+39.6%,-0.6%
TRIP,Extended,Travel / tourism,Communication Services,Media & Entertainment,Adj,Dec,EPS,CY2028,3.092,3.273,+5.9%,2.39,-27.0%,2.008,-16.0%,12.965,6.5,-35.1%,-11.0%,+39.6%,-0.6%
UHAL,Extended,Travel / tourism,Industrials,Transportation,Adj,Mar,EPS,CY2025,2.32,0.55,-76.3%,0.448,-18.5%,0.407,-9.2%,62.23,152.9,-82.5%,+23.4%,+45.3%,+0.1%
UHAL,Extended,Travel / tourism,Industrials,Transportation,Adj,Mar,EPS,CY2026,1.47,1.215,-17.3%,1.03,-15.2%,0.955,-7.3%,62.23,65.2,-35.0%,+23.4%,+45.3%,+0.1%
UHAL,Extended,Travel / tourism,Industrials,Transportation,Adj,Mar,EPS,CY2027,,,,,,2.12,,62.23,29.4,,+23.4%,+45.3%,+0.1%
UHAL,Extended,Travel / tourism,Industrials,Transportation,Adj,Mar,EPS,CY2028,,,,,,,,62.23,,,+23.4%,+45.3%,+0.1%
MGM,Extended,Travel / tourism,Consumer Discretionary,Consumer Services,Adj,Dec,EPS,CY2025,2.214,2.082,-6.0%,2.219,+6.6%,2.219,+0.0%,46.84,21.1,+0.2%,+28.4%,+26.1%,+38.0%
MGM,Extended,Travel / tourism,Consumer Discretionary,Consumer Services,Adj,Dec,EPS,CY2026,2.54,2.011,-20.8%,1.962,-2.4%,1.819,-7.3%,46.84,25.8,-28.4%,+28.4%,+26.1%,+38.0%
MGM,Extended,Travel / tourism,Consumer Discretionary,Consumer Services,Adj,Dec,EPS,CY2027,2.957,2.687,-9.1%,2.455,-8.6%,2.176,-11.4%,46.84,21.5,-26.4%,+28.4%,+26.1%,+38.0%
MGM,Extended,Travel / tourism,Consumer Discretionary,Consumer Services,Adj,Dec,EPS,CY2028,3.865,3.323,-14.0%,2.945,-11.4%,2.762,-6.2%,46.84,17.0,-28.5%,+28.4%,+26.1%,+38.0%
WYNN,Extended,Travel / tourism,Consumer Discretionary,Consumer Services,Adj,Dec,EPS,CY2025,4.903,4.581,-6.6%,4.518,-1.4%,4.518,+0.0%,105.53,23.4,-7.9%,-12.3%,+2.3%,+21.4%
WYNN,Extended,Travel / tourism,Consumer Discretionary,Consumer Services,Adj,Dec,EPS,CY2026,5.483,5.892,+7.5%,5.441,-7.7%,5.12,-5.9%,105.53,20.6,-6.6%,-12.3%,+2.3%,+21.4%
WYNN,Extended,Travel / tourism,Consumer Discretionary,Consumer Services,Adj,Dec,EPS,CY2027,5.868,6.365,+8.5%,5.972,-6.2%,5.963,-0.2%,105.53,17.7,+1.6%,-12.3%,+2.3%,+21.4%
WYNN,Extended,Travel / tourism,Consumer Discretionary,Consumer Services,Adj,Dec,EPS,CY2028,,7.883,,6.914,-12.3%,6.326,-8.5%,105.53,16.7,,-12.3%,+2.3%,+21.4%
H,Extended,Travel / tourism,Consumer Discretionary,Consumer Services,Adj,Dec,EPS,CY2025,2.373,1.453,-38.8%,1.329,-8.5%,1.329,+0.0%,202.09,152.1,-44.0%,+26.1%,+40.0%,+52.5%
H,Extended,Travel / tourism,Consumer Discretionary,Consumer Services,Adj,Dec,EPS,CY2026,3.481,3.711,+6.6%,3.317,-10.6%,3.583,+8.0%,202.09,56.4,+2.9%,+26.1%,+40.0%,+52.5%
H,Extended,Travel / tourism,Consumer Discretionary,Consumer Services,Adj,Dec,EPS,CY2027,4.431,4.707,+6.2%,4.515,-4.1%,4.913,+8.8%,202.09,41.1,+10.9%,+26.1%,+40.0%,+52.5%
H,Extended,Travel / tourism,Consumer Discretionary,Consumer Services,Adj,Dec,EPS,CY2028,,7.01,,5.522,-21.2%,6.029,+9.2%,202.09,33.5,,+26.1%,+40.0%,+52.5%
IHG,Extended,Travel / tourism,Consumer Discretionary,Consumer Services,Adj,Dec,EPS,CY2025,4.908,4.99,+1.7%,4.984,-0.1%,4.984,+0.0%,169.25,0.3,+1.5%,+20.3%,+30.4%,+55.9%
IHG,Extended,Travel / tourism,Consumer Discretionary,Consumer Services,Adj,Dec,EPS,CY2026,5.559,5.601,+0.8%,5.643,+0.7%,5.743,+1.8%,169.25,0.3,+3.3%,+20.3%,+30.4%,+55.9%
IHG,Extended,Travel / tourism,Consumer Discretionary,Consumer Services,Adj,Dec,EPS,CY2027,6.242,6.287,+0.7%,6.364,+1.2%,6.499,+2.1%,169.25,0.3,+4.1%,+20.3%,+30.4%,+55.9%
IHG,Extended,Travel / tourism,Consumer Discretionary,Consumer Services,Adj,Dec,EPS,CY2028,7.081,7.083,+0.0%,7.132,+0.7%,7.351,+3.1%,169.25,0.2,+3.8%,+20.3%,+30.4%,+55.9%
AMS,Extended,Travel / tourism,Consumer Discretionary,Consumer Services,Adj,Dec,EPS,CY2025,3.172,3.119,-1.7%,3.123,+0.1%,3.123,+0.0%,51.58,16.5,-1.5%,-17.9%,+5.1%,-24.4%
AMS,Extended,Travel / tourism,Consumer Discretionary,Consumer Services,Adj,Dec,EPS,CY2026,3.588,3.486,-2.8%,3.486,+0.0%,3.434,-1.5%,51.58,15.0,-4.3%,-17.9%,+5.1%,-24.4%
AMS,Extended,Travel / tourism,Consumer Discretionary,Consumer Services,Adj,Dec,EPS,CY2027,4.016,3.866,-3.7%,3.858,-0.2%,3.843,-0.4%,51.58,13.4,-4.3%,-17.9%,+5.1%,-24.4%
AMS,Extended,Travel / tourism,Consumer Discretionary,Consumer Services,Adj,Dec,EPS,CY2028,4.531,4.208,-7.1%,4.254,+1.1%,4.272,+0.4%,51.58,12.1,-5.7%,-17.9%,+5.1%,-24.4%
SABR,Extended,Travel / tourism,Consumer Discretionary,Consumer Services,Adj,Dec,EPS,CY2025,0.107,-0.072,-167.3%,-0.065,+9.7%,-0.065,+0.0%,1.88,-28.9,-160.7%,+38.2%,+33.8%,-27.7%
SABR,Extended,Travel / tourism,Consumer Discretionary,Consumer Services,Adj,Dec,EPS,CY2026,0.356,0.177,-50.3%,0.014,-92.1%,0.0,-100.0%,1.88,,-100.0%,+38.2%,+33.8%,-27.7%
SABR,Extended,Travel / tourism,Consumer Discretionary,Consumer Services,Adj,Dec,EPS,CY2027,0.4,0.195,-51.2%,0.13,-33.3%,0.17,+30.8%,1.88,11.1,-57.5%,+38.2%,+33.8%,-27.7%
SABR,Extended,Travel / tourism,Consumer Discretionary,Consumer Services,Adj,Dec,EPS,CY2028,0.52,0.38,-26.9%,0.083,-78.2%,0.187,+125.3%,1.88,10.1,-64.0%,+38.2%,+33.8%,-27.7%
EFN,Extended,Travel / tourism,Industrials,Commercial & Professional Serv,Adj,Dec,EPS,CY2025,1.211,1.245,+2.8%,1.245,+0.0%,1.245,+0.0%,28.16,22.6,+2.8%,-21.9%,-8.2%,-14.9%
EFN,Extended,Travel / tourism,Industrials,Commercial & Professional Serv,Adj,Dec,EPS,CY2026,1.371,1.417,+3.4%,1.409,-0.6%,1.418,+0.6%,28.16,19.9,+3.4%,-21.9%,-8.2%,-14.9%
EFN,Extended,Travel / tourism,Industrials,Commercial & Professional Serv,Adj,Dec,EPS,CY2027,1.51,1.56,+3.3%,1.559,-0.1%,1.571,+0.8%,28.16,17.9,+4.0%,-21.9%,-8.2%,-14.9%
EFN,Extended,Travel / tourism,Industrials,Commercial & Professional Serv,Adj,Dec,EPS,CY2028,,,,,,1.68,,28.16,16.8,,-21.9%,-8.2%,-14.9%
CAR,Extended,Travel / tourism,Industrials,Transportation,Adj,Dec,EPS,CY2025,9.056,0.389,-95.7%,0.259,-33.4%,0.259,+0.0%,188.43,727.5,-97.1%,+46.8%,+87.6%,+45.1%
CAR,Extended,Travel / tourism,Industrials,Transportation,Adj,Dec,EPS,CY2026,12.229,9.576,-21.7%,3.745,-60.9%,4.053,+8.2%,188.43,46.5,-66.9%,+46.8%,+87.6%,+45.1%
CAR,Extended,Travel / tourism,Industrials,Transportation,Adj,Dec,EPS,CY2027,11.185,10.512,-6.0%,7.731,-26.5%,8.495,+9.9%,188.43,22.2,-24.1%,+46.8%,+87.6%,+45.1%
CAR,Extended,Travel / tourism,Industrials,Transportation,Adj,Dec,EPS,CY2028,,20.41,,8.3,-59.3%,9.45,+13.9%,188.43,19.9,,+46.8%,+87.6%,+45.1%
HTZ,Extended,Travel / tourism,Industrials,Transportation,Adj,Dec,EPS,CY2025,-1.525,-1.896,-24.3%,-1.896,+0.0%,-1.896,+0.0%,5.05,-2.7,-24.3%,-1.8%,+26.9%,-14.1%
HTZ,Extended,Travel / tourism,Industrials,Transportation,Adj,Dec,EPS,CY2026,-0.381,-0.484,-27.0%,-0.722,-49.2%,-0.778,-7.8%,5.05,-6.5,-104.2%,-1.8%,+26.9%,-14.1%
HTZ,Extended,Travel / tourism,Industrials,Transportation,Adj,Dec,EPS,CY2027,-0.087,0.173,+298.9%,0.137,-20.8%,0.117,-14.6%,5.05,43.2,+234.5%,-1.8%,+26.9%,-14.1%
HTZ,Extended,Travel / tourism,Industrials,Transportation,Adj,Dec,EPS,CY2028,,0.19,,0.257,+35.3%,0.39,+51.8%,5.05,12.9,,-1.8%,+26.9%,-14.1%
DAL,Extended,Travel / tourism,Industrials,Transportation,Adj,Dec,EPS,CY2025,5.381,5.818,+8.1%,5.801,-0.3%,5.801,+0.0%,84.18,14.5,+7.8%,+21.3%,+29.5%,+77.0%
DAL,Extended,Travel / tourism,Industrials,Transportation,Adj,Dec,EPS,CY2026,6.685,7.112,+6.4%,6.437,-9.5%,5.584,-13.3%,84.18,15.1,-16.5%,+21.3%,+29.5%,+77.0%
DAL,Extended,Travel / tourism,Industrials,Transportation,Adj,Dec,EPS,CY2027,7.719,8.155,+5.6%,8.055,-1.2%,8.083,+0.3%,84.18,10.4,+4.7%,+21.3%,+29.5%,+77.0%
DAL,Extended,Travel / tourism,Industrials,Transportation,Adj,Dec,EPS,CY2028,8.603,8.958,+4.1%,8.761,-2.2%,9.385,+7.1%,84.18,9.0,+9.1%,+21.3%,+29.5%,+77.0%
UAL,Extended,Travel / tourism,Industrials,Transportation,Adj,Dec,EPS,CY2025,10.088,10.481,+3.9%,10.435,-0.4%,10.435,+0.0%,118.32,11.3,+3.4%,+5.8%,+25.7%,+59.2%
UAL,Extended,Travel / tourism,Industrials,Transportation,Adj,Dec,EPS,CY2026,12.334,12.871,+4.4%,11.953,-7.1%,9.395,-21.4%,118.32,12.6,-23.8%,+5.8%,+25.7%,+59.2%
UAL,Extended,Travel / tourism,Industrials,Transportation,Adj,Dec,EPS,CY2027,14.069,14.431,+2.6%,15.043,+4.2%,14.386,-4.4%,118.32,8.2,+2.3%,+5.8%,+25.7%,+59.2%
UAL,Extended,Travel / tourism,Industrials,Transportation,Adj,Dec,EPS,CY2028,13.68,14.717,+7.6%,16.441,+11.7%,16.894,+2.8%,118.32,7.0,+23.5%,+5.8%,+25.7%,+59.2%
AAL,Extended,Travel / tourism,Industrials,Transportation,Adj,Dec,EPS,CY2025,0.893,0.53,-40.6%,0.512,-3.4%,0.512,+0.0%,15.99,31.2,-42.7%,+4.3%,+48.1%,+51.1%
AAL,Extended,Travel / tourism,Industrials,Transportation,Adj,Dec,EPS,CY2026,1.941,1.932,-0.5%,1.398,-27.6%,0.011,-99.2%,15.99,1453.6,-99.4%,+4.3%,+48.1%,+51.1%
AAL,Extended,Travel / tourism,Industrials,Transportation,Adj,Dec,EPS,CY2027,2.617,2.524,-3.6%,2.667,+5.7%,2.302,-13.7%,15.99,6.9,-12.0%,+4.3%,+48.1%,+51.1%
AAL,Extended,Travel / tourism,Industrials,Transportation,Adj,Dec,EPS,CY2028,3.643,3.01,-17.4%,3.22,+7.0%,3.213,-0.2%,15.99,5.0,-11.8%,+4.3%,+48.1%,+51.1%
LHA,Extended,Travel / tourism,Industrials,Transportation,Adj,Dec,EPS,CY2025,1.026,1.088,+6.0%,1.098,+0.9%,1.098,+0.0%,9.064,8.3,+7.0%,+7.8%,+22.0%,+35.2%
LHA,Extended,Travel / tourism,Industrials,Transportation,Adj,Dec,EPS,CY2026,1.305,1.24,-5.0%,1.164,-6.1%,1.033,-11.3%,9.064,8.8,-20.8%,+7.8%,+22.0%,+35.2%
LHA,Extended,Travel / tourism,Industrials,Transportation,Adj,Dec,EPS,CY2027,1.502,1.415,-5.8%,1.46,+3.2%,1.331,-8.8%,9.064,6.8,-11.4%,+7.8%,+22.0%,+35.2%
LHA,Extended,Travel / tourism,Industrials,Transportation,Adj,Dec,EPS,CY2028,1.82,1.662,-8.7%,1.618,-2.6%,1.58,-2.3%,9.064,5.7,-13.2%,+7.8%,+22.0%,+35.2%
RYAAY,Extended,Travel / tourism,Industrials,Transportation,Adj,Mar,EPS,CY2025,3.84,4.174,+8.7%,4.175,+0.0%,4.178,+0.1%,61.24,14.7,+8.8%,-15.2%,+2.9%,+10.8%
RYAAY,Extended,Travel / tourism,Industrials,Transportation,Adj,Mar,EPS,CY2026,4.439,4.785,+7.8%,4.819,+0.7%,3.704,-23.1%,61.24,16.5,-16.6%,-15.2%,+2.9%,+10.8%
RYAAY,Extended,Travel / tourism,Industrials,Transportation,Adj,Mar,EPS,CY2027,4.932,5.191,+5.3%,5.185,-0.1%,4.042,-22.0%,61.24,15.2,-18.0%,-15.2%,+2.9%,+10.8%
RYAAY,Extended,Travel / tourism,Industrials,Transportation,Adj,Mar,EPS,CY2028,5.248,5.603,+6.8%,5.636,+0.6%,4.944,-12.3%,61.24,12.4,-5.8%,-15.2%,+2.9%,+10.8%
LUV,Extended,Travel / tourism,Industrials,Transportation,Adj,Dec,EPS,CY2025,1.147,0.962,-16.1%,0.951,-1.1%,0.951,+0.0%,47.97,50.4,-17.1%,+16.1%,+17.4%,+53.9%
LUV,Extended,Travel / tourism,Industrials,Transportation,Adj,Dec,EPS,CY2026,2.593,2.864,+10.5%,4.027,+40.6%,2.669,-33.7%,47.97,18.0,+2.9%,+16.1%,+17.4%,+53.9%
LUV,Extended,Travel / tourism,Industrials,Transportation,Adj,Dec,EPS,CY2027,3.488,3.74,+7.2%,5.003,+33.8%,4.588,-8.3%,47.97,10.5,+31.5%,+16.1%,+17.4%,+53.9%
LUV,Extended,Travel / tourism,Industrials,Transportation,Adj,Dec,EPS,CY2028,3.457,4.53,+31.0%,5.302,+17.0%,5.069,-4.4%,47.97,9.5,+46.6%,+16.1%,+17.4%,+53.9%
ULCC,Extended,Travel / tourism,Industrials,Transportation,Adj,Dec,EPS,CY2025,-0.298,-0.75,-151.7%,-0.709,+5.5%,-0.709,+0.0%,7.22,-10.2,-137.9%,+53.3%,+127.8%,+114.2%
ULCC,Extended,Travel / tourism,Industrials,Transportation,Adj,Dec,EPS,CY2026,0.378,-0.011,-102.9%,-0.36,-3172.7%,-1.027,-185.3%,7.22,-7.0,-371.7%,+53.3%,+127.8%,+114.2%
ULCC,Extended,Travel / tourism,Industrials,Transportation,Adj,Dec,EPS,CY2027,0.885,0.483,-45.4%,0.318,-34.2%,0.19,-40.3%,7.22,38.0,-78.5%,+53.3%,+127.8%,+114.2%
ULCC,Extended,Travel / tourism,Industrials,Transportation,Adj,Dec,EPS,CY2028,,1.09,,0.572,-47.5%,0.675,+18.0%,7.22,10.7,,+53.3%,+127.8%,+114.2%
MTN,Extended,Travel / tourism,Consumer Discretionary,Consumer Services,Adj,Jul,EPS,CY2025,7.764,7.755,-0.1%,7.755,+0.0%,7.755,+0.0%,144.78,18.7,-0.1%,+9.0%,+6.7%,-6.7%
MTN,Extended,Travel / tourism,Consumer Discretionary,Consumer Services,Adj,Jul,EPS,CY2026,7.807,7.012,-10.2%,5.144,-26.6%,4.336,-15.7%,144.78,33.4,-44.5%,+9.0%,+6.7%,-6.7%
MTN,Extended,Travel / tourism,Consumer Discretionary,Consumer Services,Adj,Jul,EPS,CY2027,8.718,7.867,-9.8%,7.257,-7.8%,6.297,-13.2%,144.78,23.0,-27.8%,+9.0%,+6.7%,-6.7%
MTN,Extended,Travel / tourism,Consumer Discretionary,Consumer Services,Adj,Jul,EPS,CY2028,,8.695,,8.012,-7.9%,7.163,-10.6%,144.78,20.2,,+9.0%,+6.7%,-6.7%
RCL,Extended,Travel / tourism,Consumer Discretionary,Consumer Services,Adj,Dec,EPS,CY2025,15.36,15.647,+1.9%,15.657,+0.1%,15.657,+0.0%,312.51,20.0,+1.9%,+12.0%,+14.9%,+16.7%
RCL,Extended,Travel / tourism,Consumer Discretionary,Consumer Services,Adj,Dec,EPS,CY2026,17.746,17.759,+0.1%,18.03,+1.5%,17.335,-3.9%,312.51,18.0,-2.3%,+12.0%,+14.9%,+16.7%
RCL,Extended,Travel / tourism,Consumer Discretionary,Consumer Services,Adj,Dec,EPS,CY2027,20.366,20.418,+0.3%,20.71,+1.4%,19.948,-3.7%,312.51,15.7,-2.1%,+12.0%,+14.9%,+16.7%
RCL,Extended,Travel / tourism,Consumer Discretionary,Consumer Services,Adj,Dec,EPS,CY2028,23.383,23.343,-0.2%,23.763,+1.8%,22.631,-4.8%,312.51,13.8,-3.2%,+12.0%,+14.9%,+16.7%
CCL,Extended,Travel / tourism,Consumer Discretionary,Consumer Services,Adj,Nov,EPS,CY2025,1.851,2.135,+15.3%,2.135,+0.0%,2.135,+0.0%,30.87,14.5,+15.3%,+1.1%,+23.8%,+30.7%
CCL,Extended,Travel / tourism,Consumer Discretionary,Consumer Services,Adj,Nov,EPS,CY2026,2.149,2.44,+13.5%,2.452,+0.5%,2.233,-8.9%,30.87,13.8,+3.9%,+1.1%,+23.8%,+30.7%
CCL,Extended,Travel / tourism,Consumer Discretionary,Consumer Services,Adj,Nov,EPS,CY2027,2.462,2.777,+12.8%,2.773,-0.1%,2.598,-6.3%,30.87,11.9,+5.5%,+1.1%,+23.8%,+30.7%
CCL,Extended,Travel / tourism,Consumer Discretionary,Consumer Services,Adj,Nov,EPS,CY2028,2.853,3.206,+12.4%,3.107,-3.1%,3.011,-3.1%,30.87,10.3,+5.5%,+1.1%,+23.8%,+30.7%
PK,Extended,Travel / tourism,Real Estate,Equity Real Estate Investment,Adj,Dec,EPS,CY2025,0.17,-0.326,-291.8%,-0.294,+9.8%,-0.294,+0.0%,14.72,-50.1,-272.9%,+40.7%,+39.9%,+44.5%
PK,Extended,Travel / tourism,Real Estate,Equity Real Estate Investment,Adj,Dec,EPS,CY2026,0.517,0.331,-36.0%,0.436,+31.7%,0.426,-2.3%,14.72,34.6,-17.6%,+40.7%,+39.9%,+44.5%
PK,Extended,Travel / tourism,Real Estate,Equity Real Estate Investment,Adj,Dec,EPS,CY2027,0.915,0.245,-73.2%,0.496,+102.4%,0.694,+39.9%,14.72,21.2,-24.2%,+40.7%,+39.9%,+44.5%
PK,Extended,Travel / tourism,Real Estate,Equity Real Estate Investment,Adj,Dec,EPS,CY2028,1.085,0.335,-69.1%,0.583,+74.0%,0.505,-13.4%,14.72,29.1,-53.5%,+40.7%,+39.9%,+44.5%
ORCL,Extended,Software,Information Technology,Software & Services,GAAP,May,EPS,CY2025,4.347,4.347,+0.0%,4.347,+0.0%,4.347,+0.0%,184.29,42.4,+0.0%,-5.4%,+18.5%,-12.6%
ORCL,Extended,Software,Information Technology,Software & Services,GAAP,May,EPS,CY2026,4.93,5.76,+16.8%,5.852,+1.6%,5.848,-0.1%,184.29,31.5,+18.6%,-5.4%,+18.5%,-12.6%
ORCL,Extended,Software,Information Technology,Software & Services,GAAP,May,EPS,CY2027,6.361,6.348,-0.2%,6.306,-0.7%,6.306,+0.0%,184.29,29.2,-0.9%,-5.4%,+18.5%,-12.6%
ORCL,Extended,Software,Information Technology,Software & Services,GAAP,May,EPS,CY2028,7.966,8.943,+12.3%,8.826,-1.3%,9.015,+2.1%,184.29,20.4,+13.2%,-5.4%,+18.5%,-12.6%
INTU,Extended,Software,Information Technology,Software & Services,Adj,Jul,EPS,CY2025,20.095,20.096,+0.0%,20.096,+0.0%,20.096,+0.0%,267.0,13.3,+0.0%,-59.7%,-41.3%,-64.6%
INTU,Extended,Software,Information Technology,Software & Services,Adj,Jul,EPS,CY2026,22.932,23.153,+1.0%,23.203,+0.2%,23.832,+2.7%,267.0,11.2,+3.9%,-59.7%,-41.3%,-64.6%
INTU,Extended,Software,Information Technology,Software & Services,Adj,Jul,EPS,CY2027,26.389,26.329,-0.2%,26.368,+0.1%,27.231,+3.3%,267.0,9.8,+3.2%,-59.7%,-41.3%,-64.6%
INTU,Extended,Software,Information Technology,Software & Services,Adj,Jul,EPS,CY2028,29.813,29.891,+0.3%,29.848,-0.1%,30.243,+1.3%,267.0,8.8,+1.4%,-59.7%,-41.3%,-64.6%
SAP,Extended,Software,Information Technology,Software & Services,Adj,Dec,EPS,CY2025,6.213,6.06,-2.5%,6.036,-0.4%,6.036,+0.0%,134.14,22.2,-2.8%,-35.6%,-16.2%,-45.9%
SAP,Extended,Software,Information Technology,Software & Services,Adj,Dec,EPS,CY2026,7.35,7.108,-3.3%,7.188,+1.1%,7.232,+0.6%,134.14,18.5,-1.6%,-35.6%,-16.2%,-45.9%
SAP,Extended,Software,Information Technology,Software & Services,Adj,Dec,EPS,CY2027,8.665,8.499,-1.9%,8.397,-1.2%,8.428,+0.4%,134.14,15.9,-2.7%,-35.6%,-16.2%,-45.9%
SAP,Extended,Software,Information Technology,Software & Services,Adj,Dec,EPS,CY2028,10.308,10.351,+0.4%,9.792,-5.4%,9.839,+0.5%,134.14,13.6,-4.5%,-35.6%,-16.2%,-45.9%
CRWD,Extended,Software,Information Technology,Software & Services,Adj,Jan,EPS,CY2025,3.518,3.714,+5.6%,3.716,+0.1%,3.716,+0.0%,684.86,184.3,+5.6%,+46.1%,+59.9%,+41.2%
CRWD,Extended,Software,Information Technology,Software & Services,Adj,Jan,EPS,CY2026,4.672,4.798,+2.7%,4.864,+1.4%,4.934,+1.4%,684.86,138.8,+5.6%,+46.1%,+59.9%,+41.2%
CRWD,Extended,Software,Information Technology,Software & Services,Adj,Jan,EPS,CY2027,6.193,6.109,-1.4%,6.161,+0.9%,6.165,+0.1%,684.86,111.1,-0.5%,+46.1%,+59.9%,+41.2%
CRWD,Extended,Software,Information Technology,Software & Services,Adj,Jan,EPS,CY2028,8.18,7.851,-4.0%,8.128,+3.5%,7.608,-6.4%,684.86,90.0,-7.0%,+46.1%,+59.9%,+41.2%
PLTR,Extended,Software,Information Technology,Software & Services,GAAP,Dec,EPS,CY2025,0.322,0.569,+76.7%,0.566,-0.5%,0.566,+0.0%,128.47,227.0,+75.8%,-27.7%,-17.5%,-8.2%
PLTR,Extended,Software,Information Technology,Software & Services,GAAP,Dec,EPS,CY2026,0.422,0.764,+81.0%,1.115,+45.9%,1.299,+16.5%,128.47,98.9,+207.8%,-27.7%,-17.5%,-8.2%
PLTR,Extended,Software,Information Technology,Software & Services,GAAP,Dec,EPS,CY2027,0.677,1.07,+58.1%,1.602,+49.7%,1.793,+11.9%,128.47,71.7,+164.8%,-27.7%,-17.5%,-8.2%
PLTR,Extended,Software,Information Technology,Software & Services,GAAP,Dec,EPS,CY2028,,1.633,,2.264,+38.6%,2.588,+14.3%,128.47,49.6,,-27.7%,-17.5%,-8.2%
PANW,Extended,Software,Information Technology,Software & Services,GAAP,Jul,EPS,CY2025,1.924,1.964,+2.1%,1.964,+0.0%,1.964,+0.0%,287.78,146.5,+2.1%,+56.2%,+69.5%,+44.0%
PANW,Extended,Software,Information Technology,Software & Services,GAAP,Jul,EPS,CY2026,2.129,2.107,-1.0%,2.003,-4.9%,1.315,-34.3%,287.78,218.8,-38.2%,+56.2%,+69.5%,+44.0%
PANW,Extended,Software,Information Technology,Software & Services,GAAP,Jul,EPS,CY2027,2.63,2.659,+1.1%,2.512,-5.5%,1.683,-33.0%,287.78,171.0,-36.0%,+56.2%,+69.5%,+44.0%
PANW,Extended,Software,Information Technology,Software & Services,GAAP,Jul,EPS,CY2028,3.313,3.093,-6.6%,3.042,-1.6%,2.17,-28.7%,287.78,132.6,-34.5%,+56.2%,+69.5%,+44.0%
FTNT,Extended,Software,Information Technology,Software & Services,Adj,Dec,EPS,CY2025,2.482,2.688,+8.3%,2.693,+0.2%,2.693,+0.0%,144.73,53.7,+8.5%,+82.3%,+74.1%,+43.6%
FTNT,Extended,Software,Information Technology,Software & Services,Adj,Dec,EPS,CY2026,2.825,2.925,+3.5%,2.981,+1.9%,3.157,+5.9%,144.73,45.8,+11.8%,+82.3%,+74.1%,+43.6%
FTNT,Extended,Software,Information Technology,Software & Services,Adj,Dec,EPS,CY2027,3.214,3.252,+1.2%,3.31,+1.8%,3.432,+3.7%,144.73,42.2,+6.8%,+82.3%,+74.1%,+43.6%
FTNT,Extended,Software,Information Technology,Software & Services,Adj,Dec,EPS,CY2028,3.616,3.472,-4.0%,3.723,+7.2%,3.788,+1.7%,144.73,38.2,+4.8%,+82.3%,+74.1%,+43.6%
TEAM,Extended,Software,Information Technology,Software & Services,Adj,Jun,EPS,CY2025,3.572,3.563,-0.3%,3.563,+0.0%,3.563,+0.0%,82.72,23.2,-0.3%,-49.0%,+10.9%,-57.8%
TEAM,Extended,Software,Information Technology,Software & Services,Adj,Jun,EPS,CY2026,4.236,4.876,+15.1%,4.753,-2.5%,5.503,+15.8%,82.72,15.0,+29.9%,-49.0%,+10.9%,-57.8%
TEAM,Extended,Software,Information Technology,Software & Services,Adj,Jun,EPS,CY2027,5.201,5.651,+8.7%,5.517,-2.4%,6.234,+13.0%,82.72,13.3,+19.9%,-49.0%,+10.9%,-57.8%
TEAM,Extended,Software,Information Technology,Software & Services,Adj,Jun,EPS,CY2028,,6.892,,6.608,-4.1%,7.403,+12.0%,82.72,11.2,,-49.0%,+10.9%,-57.8%
TYL,Extended,Software,Information Technology,Software & Services,Adj,Dec,EPS,CY2025,11.175,11.41,+2.1%,11.413,+0.0%,11.413,+0.0%,278.91,24.4,+2.1%,-38.6%,-20.3%,-51.0%
TYL,Extended,Software,Information Technology,Software & Services,Adj,Dec,EPS,CY2026,12.377,12.532,+1.3%,12.539,+0.1%,12.845,+2.4%,278.91,21.7,+3.8%,-38.6%,-20.3%,-51.0%
TYL,Extended,Software,Information Technology,Software & Services,Adj,Dec,EPS,CY2027,14.177,14.263,+0.6%,14.186,-0.5%,14.718,+3.8%,278.91,19.0,+3.8%,-38.6%,-20.3%,-51.0%
TYL,Extended,Software,Information Technology,Software & Services,Adj,Dec,EPS,CY2028,,15.892,,16.006,+0.7%,16.972,+6.0%,278.91,16.4,,-38.6%,-20.3%,-51.0%
BLKB,Extended,Software,Information Technology,Software & Services,Adj,Dec,EPS,CY2025,,4.414,,4.415,+0.0%,4.415,+0.0%,27.04,6.1,,-57.3%,-38.9%,-55.0%
BLKB,Extended,Software,Information Technology,Software & Services,Adj,Dec,EPS,CY2026,,4.933,,5.193,+5.3%,5.194,+0.0%,27.04,5.2,,-57.3%,-38.9%,-55.0%
BLKB,Extended,Software,Information Technology,Software & Services,Adj,Dec,EPS,CY2027,,5.302,,5.858,+10.5%,5.866,+0.1%,27.04,4.6,,-57.3%,-38.9%,-55.0%
BLKB,Extended,Software,Information Technology,Software & Services,Adj,Dec,EPS,CY2028,,5.21,,6.04,+15.9%,6.06,+0.3%,27.04,4.5,,-57.3%,-38.9%,-55.0%
TWLO,Extended,Software,Information Technology,Software & Services,Adj,Dec,EPS,CY2025,4.58,4.796,+4.7%,4.797,+0.0%,4.797,+0.0%,186.17,38.8,+4.7%,+30.9%,+46.2%,+59.6%
TWLO,Extended,Software,Information Technology,Software & Services,Adj,Dec,EPS,CY2026,5.247,5.434,+3.6%,5.421,-0.2%,5.706,+5.3%,186.17,32.6,+8.7%,+30.9%,+46.2%,+59.6%
TWLO,Extended,Software,Information Technology,Software & Services,Adj,Dec,EPS,CY2027,6.116,6.267,+2.5%,6.378,+1.8%,6.609,+3.6%,186.17,28.2,+8.1%,+30.9%,+46.2%,+59.6%
TWLO,Extended,Software,Information Technology,Software & Services,Adj,Dec,EPS,CY2028,6.778,6.843,+1.0%,7.265,+6.2%,7.725,+6.3%,186.17,24.1,+14.0%,+30.9%,+46.2%,+59.6%
DBX,Extended,Software,Information Technology,Software & Services,Adj,Dec,EPS,CY2025,,2.798,,2.793,-0.2%,2.793,+0.0%,25.97,9.3,,-6.6%,+3.2%,-8.3%
DBX,Extended,Software,Information Technology,Software & Services,Adj,Dec,EPS,CY2026,,3.001,,2.975,-0.9%,3.066,+3.1%,25.97,8.5,,-6.6%,+3.2%,-8.3%
DBX,Extended,Software,Information Technology,Software & Services,Adj,Dec,EPS,CY2027,,3.138,,3.369,+7.4%,3.405,+1.1%,25.97,7.6,,-6.6%,+3.2%,-8.3%
DBX,Extended,Software,Information Technology,Software & Services,Adj,Dec,EPS,CY2028,,2.66,,3.28,+23.3%,3.28,+0.0%,25.97,7.9,,-6.6%,+3.2%,-8.3%
BOX,Extended,Software,Information Technology,Software & Services,Adj,Jan,EPS,CY2025,1.274,1.323,+3.8%,1.323,+0.0%,1.323,+0.0%,24.84,18.8,+3.8%,-17.0%,+4.1%,-29.1%
BOX,Extended,Software,Information Technology,Software & Services,Adj,Jan,EPS,CY2026,1.516,1.528,+0.8%,1.563,+2.3%,1.635,+4.6%,24.84,15.2,+7.8%,-17.0%,+4.1%,-29.1%
BOX,Extended,Software,Information Technology,Software & Services,Adj,Jan,EPS,CY2027,2.14,1.65,-22.9%,1.866,+13.1%,1.874,+0.4%,24.84,13.3,-12.4%,-17.0%,+4.1%,-29.1%
BOX,Extended,Software,Information Technology,Software & Services,Adj,Jan,EPS,CY2028,3.31,3.41,+3.0%,2.65,-22.3%,2.695,+1.7%,24.84,9.2,-18.6%,-17.0%,+4.1%,-29.1%
ZM,Extended,Software,Information Technology,Software & Services,Adj,Jan,EPS,CY2025,5.597,6.049,+8.1%,6.052,+0.0%,6.052,+0.0%,86.36,14.3,+8.1%,+0.1%,+12.5%,+11.5%
ZM,Extended,Software,Information Technology,Software & Services,Adj,Jan,EPS,CY2026,5.679,6.046,+6.5%,5.819,-3.8%,6.001,+3.1%,86.36,14.4,+5.7%,+0.1%,+12.5%,+11.5%
ZM,Extended,Software,Information Technology,Software & Services,Adj,Jan,EPS,CY2027,5.899,6.226,+5.5%,6.148,-1.3%,6.288,+2.3%,86.36,13.7,+6.6%,+0.1%,+12.5%,+11.5%
ZM,Extended,Software,Information Technology,Software & Services,Adj,Jan,EPS,CY2028,5.888,6.302,+7.0%,6.445,+2.3%,6.671,+3.5%,86.36,12.9,+13.3%,+0.1%,+12.5%,+11.5%
AXON,Extended,Software,Industrials,Capital Goods,Adj,Dec,EPS,CY2025,6.251,6.304,+0.8%,6.303,-0.0%,6.303,+0.0%,423.4,67.2,+0.8%,-25.4%,-15.7%,-45.1%
AXON,Extended,Software,Industrials,Capital Goods,Adj,Dec,EPS,CY2026,7.736,7.624,-1.4%,7.807,+2.4%,7.726,-1.0%,423.4,54.8,-0.1%,-25.4%,-15.7%,-45.1%
AXON,Extended,Software,Industrials,Capital Goods,Adj,Dec,EPS,CY2027,,9.66,,10.524,+8.9%,10.656,+1.3%,423.4,39.7,,-25.4%,-15.7%,-45.1%
AXON,Extended,Software,Industrials,Capital Goods,Adj,Dec,EPS,CY2028,,11.98,,13.977,+16.7%,14.049,+0.5%,423.4,30.1,,-25.4%,-15.7%,-45.1%
UPLD,Extended,Software,Information Technology,Software & Services,Adj,Dec,EPS,CY2025,,8.337,,8.337,+0.0%,8.337,+0.0%,5.19,0.6,,-63.7%,+1.9%,-71.9%
UPLD,Extended,Software,Information Technology,Software & Services,Adj,Dec,EPS,CY2026,,7.553,,6.6,-12.6%,7.05,+6.8%,5.19,0.7,,-63.7%,+1.9%,-71.9%
UPLD,Extended,Software,Information Technology,Software & Services,Adj,Dec,EPS,CY2027,,8.08,,8.08,+0.0%,7.1,-12.1%,5.19,0.7,,-63.7%,+1.9%,-71.9%
UPLD,Extended,Software,Information Technology,Software & Services,Adj,Dec,EPS,CY2028,,,,,,,,5.19,,,-63.7%,+1.9%,-71.9%
SNOW,Extended,Software,Information Technology,Software & Services,Adj,Jan,EPS,CY2025,1.102,1.21,+9.8%,1.209,-0.1%,1.209,+0.0%,232.29,192.1,+9.7%,+5.9%,+32.4%,+9.5%
SNOW,Extended,Software,Information Technology,Software & Services,Adj,Jan,EPS,CY2026,1.566,1.643,+4.9%,1.797,+9.4%,1.937,+7.8%,232.29,119.9,+23.7%,+5.9%,+32.4%,+9.5%
SNOW,Extended,Software,Information Technology,Software & Services,Adj,Jan,EPS,CY2027,1.989,2.289,+15.1%,2.462,+7.6%,2.737,+11.2%,232.29,84.9,+37.6%,+5.9%,+32.4%,+9.5%
SNOW,Extended,Software,Information Technology,Software & Services,Adj,Jan,EPS,CY2028,3.372,3.488,+3.4%,3.487,-0.0%,3.848,+10.4%,232.29,60.4,+14.1%,+5.9%,+32.4%,+9.5%
BILL,Extended,Software,Information Technology,Software & Services,Adj,Jun,EPS,CY2025,2.09,2.118,+1.3%,2.118,+0.0%,2.118,+0.0%,32.47,15.3,+1.3%,-40.5%,-20.6%,-23.9%
BILL,Extended,Software,Information Technology,Software & Services,Adj,Jun,EPS,CY2026,2.213,2.236,+1.0%,2.39,+6.9%,2.643,+10.6%,32.47,12.3,+19.4%,-40.5%,-20.6%,-23.9%
BILL,Extended,Software,Information Technology,Software & Services,Adj,Jun,EPS,CY2027,2.609,2.503,-4.1%,2.702,+8.0%,3.28,+21.4%,32.47,9.9,+25.7%,-40.5%,-20.6%,-23.9%
BILL,Extended,Software,Information Technology,Software & Services,Adj,Jun,EPS,CY2028,3.212,2.998,-6.7%,3.195,+6.6%,3.852,+20.6%,32.47,8.4,+19.9%,-40.5%,-20.6%,-23.9%
WIX,Extended,Software,Information Technology,Software & Services,Adj,Dec,EPS,CY2025,7.092,6.981,-1.6%,6.952,-0.4%,6.952,+0.0%,42.49,6.1,-2.0%,-59.1%,-52.6%,-73.2%
WIX,Extended,Software,Information Technology,Software & Services,Adj,Dec,EPS,CY2026,8.667,6.709,-22.6%,6.642,-1.0%,4.894,-26.3%,42.49,8.7,-43.5%,-59.1%,-52.6%,-73.2%
WIX,Extended,Software,Information Technology,Software & Services,Adj,Dec,EPS,CY2027,10.818,7.738,-28.5%,8.239,+6.5%,7.331,-11.0%,42.49,5.8,-32.2%,-59.1%,-52.6%,-73.2%
WIX,Extended,Software,Information Technology,Software & Services,Adj,Dec,EPS,CY2028,14.015,9.83,-29.9%,9.42,-4.2%,9.513,+1.0%,42.49,4.5,-32.1%,-59.1%,-52.6%,-73.2%
DOCU,Extended,Software,Information Technology,Software & Services,Adj,Jan,EPS,CY2025,3.602,3.784,+5.1%,3.793,+0.2%,3.793,+0.0%,43.47,11.5,+5.3%,-36.4%,-9.0%,-42.2%
DOCU,Extended,Software,Information Technology,Software & Services,Adj,Jan,EPS,CY2026,3.87,4.125,+6.6%,4.449,+7.9%,4.529,+1.8%,43.47,9.6,+17.0%,-36.4%,-9.0%,-42.2%
DOCU,Extended,Software,Information Technology,Software & Services,Adj,Jan,EPS,CY2027,4.33,4.526,+4.5%,5.076,+12.2%,5.102,+0.5%,43.47,8.5,+17.8%,-36.4%,-9.0%,-42.2%
DOCU,Extended,Software,Information Technology,Software & Services,Adj,Jan,EPS,CY2028,4.503,4.59,+1.9%,5.413,+17.9%,5.559,+2.7%,43.47,7.8,+23.5%,-36.4%,-9.0%,-42.2%
DDOG,Extended,Software,Information Technology,Software & Services,Adj,Dec,EPS,CY2025,1.708,2.016,+18.0%,2.016,+0.0%,2.016,+0.0%,223.0,110.6,+18.0%,+64.0%,+71.6%,+71.5%
DDOG,Extended,Software,Information Technology,Software & Services,Adj,Dec,EPS,CY2026,2.143,2.375,+10.8%,2.189,-7.8%,2.43,+11.0%,223.0,91.8,+13.4%,+64.0%,+71.6%,+71.5%
DDOG,Extended,Software,Information Technology,Software & Services,Adj,Dec,EPS,CY2027,2.963,2.955,-0.3%,2.772,-6.2%,2.867,+3.4%,223.0,77.8,-3.2%,+64.0%,+71.6%,+71.5%
DDOG,Extended,Software,Information Technology,Software & Services,Adj,Dec,EPS,CY2028,3.378,3.898,+15.4%,3.545,-9.1%,3.547,+0.1%,223.0,62.9,+5.0%,+64.0%,+71.6%,+71.5%
MDB,Extended,Software,Information Technology,Software & Services,Adj,Jan,EPS,CY2025,3.192,4.803,+50.5%,4.805,+0.0%,4.805,+0.0%,332.75,69.3,+50.5%,-20.7%,+23.2%,+63.0%
MDB,Extended,Software,Information Technology,Software & Services,Adj,Jan,EPS,CY2026,3.802,5.689,+49.6%,5.863,+3.1%,6.141,+4.7%,332.75,54.2,+61.5%,-20.7%,+23.2%,+63.0%
MDB,Extended,Software,Information Technology,Software & Services,Adj,Jan,EPS,CY2027,4.924,6.897,+40.1%,7.065,+2.4%,7.337,+3.8%,332.75,45.4,+49.0%,-20.7%,+23.2%,+63.0%
MDB,Extended,Software,Information Technology,Software & Services,Adj,Jan,EPS,CY2028,4.917,8.088,+64.5%,8.553,+5.7%,8.941,+4.5%,332.75,37.2,+81.8%,-20.7%,+23.2%,+63.0%
ESTC,Extended,Software,Information Technology,Software & Services,Adj,Apr,EPS,CY2025,1.952,1.952,+0.0%,1.952,+0.0%,1.952,+0.0%,58.97,30.2,+0.0%,-21.8%,+6.9%,-29.3%
ESTC,Extended,Software,Information Technology,Software & Services,Adj,Apr,EPS,CY2026,2.292,2.449,+6.8%,2.521,+2.9%,2.524,+0.1%,58.97,23.4,+10.1%,-21.8%,+6.9%,-29.3%
ESTC,Extended,Software,Information Technology,Software & Services,Adj,Apr,EPS,CY2027,2.622,2.823,+7.7%,2.838,+0.5%,3.243,+14.3%,58.97,18.2,+23.7%,-21.8%,+6.9%,-29.3%
ESTC,Extended,Software,Information Technology,Software & Services,Adj,Apr,EPS,CY2028,3.07,3.179,+3.6%,3.447,+8.4%,3.836,+11.3%,58.97,15.4,+25.0%,-21.8%,+6.9%,-29.3%
DT,Extended,Software,Information Technology,Software & Services,Adj,Mar,EPS,CY2025,1.588,1.634,+2.9%,1.681,+2.9%,1.686,+0.3%,41.42,24.6,+6.2%,-4.4%,+6.0%,-25.6%
DT,Extended,Software,Information Technology,Software & Services,Adj,Mar,EPS,CY2026,1.794,1.838,+2.5%,1.908,+3.8%,1.945,+1.9%,41.42,21.3,+8.4%,-4.4%,+6.0%,-25.6%
DT,Extended,Software,Information Technology,Software & Services,Adj,Mar,EPS,CY2027,2.081,2.113,+1.5%,2.203,+4.3%,2.253,+2.3%,41.42,18.4,+8.3%,-4.4%,+6.0%,-25.6%
DT,Extended,Software,Information Technology,Software & Services,Adj,Mar,EPS,CY2028,2.418,2.453,+1.4%,2.513,+2.4%,2.642,+5.1%,41.42,15.7,+9.3%,-4.4%,+6.0%,-25.6%
GTM,Extended,Software,Communication Services,Media & Entertainment,Adj,Dec,EPS,CY2025,0.974,1.046,+7.4%,1.046,+0.0%,1.046,+0.0%,2.81,2.7,+7.4%,-72.4%,-52.8%,-71.1%
GTM,Extended,Software,Communication Services,Media & Entertainment,Adj,Dec,EPS,CY2026,1.014,1.109,+9.4%,1.111,+0.2%,1.106,-0.5%,2.81,2.5,+9.1%,-72.4%,-52.8%,-71.1%
GTM,Extended,Software,Communication Services,Media & Entertainment,Adj,Dec,EPS,CY2027,1.089,1.197,+9.9%,1.163,-2.8%,1.111,-4.5%,2.81,2.5,+2.0%,-72.4%,-52.8%,-71.1%
GTM,Extended,Software,Communication Services,Media & Entertainment,Adj,Dec,EPS,CY2028,,1.27,,1.257,-1.0%,1.176,-6.4%,2.81,2.4,,-72.4%,-52.8%,-71.1%
RAMP,Extended,Software,Information Technology,Software & Services,Adj,Mar,EPS,CY2025,2.195,2.207,+0.5%,2.229,+1.0%,2.229,+0.0%,37.74,16.9,+1.5%,+28.5%,+38.1%,+25.3%
RAMP,Extended,Software,Information Technology,Software & Services,Adj,Mar,EPS,CY2026,2.386,2.622,+9.9%,2.803,+6.9%,2.86,+2.0%,37.74,13.2,+19.9%,+28.5%,+38.1%,+25.3%
RAMP,Extended,Software,Information Technology,Software & Services,Adj,Mar,EPS,CY2027,2.367,3.07,+29.7%,3.445,+12.2%,3.68,+6.8%,37.74,10.3,+55.5%,+28.5%,+38.1%,+25.3%
RAMP,Extended,Software,Information Technology,Software & Services,Adj,Mar,EPS,CY2028,,2.97,,3.52,+18.5%,3.52,+0.0%,37.74,10.7,,+28.5%,+38.1%,+25.3%
PAR,Extended,Software,Information Technology,Software & Services,Adj,Dec,EPS,CY2025,-0.401,-0.194,+51.6%,0.126,+164.9%,0.126,+0.0%,15.29,121.3,+131.4%,-57.9%,+8.4%,-75.7%
PAR,Extended,Software,Information Technology,Software & Services,Adj,Dec,EPS,CY2026,0.173,0.251,+45.1%,-0.282,-212.4%,0.317,+212.4%,15.29,48.2,+83.2%,-57.9%,+8.4%,-75.7%
PAR,Extended,Software,Information Technology,Software & Services,Adj,Dec,EPS,CY2027,,0.238,,0.563,+136.6%,0.621,+10.3%,15.29,24.6,,-57.9%,+8.4%,-75.7%
PAR,Extended,Software,Information Technology,Software & Services,Adj,Dec,EPS,CY2028,,,,-0.24,,0.123,+151.2%,15.29,124.3,,-57.9%,+8.4%,-75.7%
FSLY,Extended,Software,Information Technology,Software & Services,Adj,Dec,EPS,CY2025,-0.088,0.056,+163.6%,0.052,-7.1%,0.052,+0.0%,17.9,344.2,+159.1%,+75.8%,-32.3%,+163.2%
FSLY,Extended,Software,Information Technology,Software & Services,Adj,Dec,EPS,CY2026,-0.089,0.034,+138.2%,0.276,+711.8%,0.328,+18.8%,17.9,54.6,+468.5%,+75.8%,-32.3%,+163.2%
FSLY,Extended,Software,Information Technology,Software & Services,Adj,Dec,EPS,CY2027,-0.102,0.2,+296.1%,0.364,+82.0%,0.4,+9.9%,17.9,44.7,+492.2%,+75.8%,-32.3%,+163.2%
FSLY,Extended,Software,Information Technology,Software & Services,Adj,Dec,EPS,CY2028,-0.155,0.2,+229.0%,0.44,+120.0%,0.477,+8.4%,17.9,37.5,+407.7%,+75.8%,-32.3%,+163.2%
ASAN,Extended,Software,Information Technology,Software & Services,Adj,Jan,EPS,CY2025,0.226,0.257,+13.7%,0.257,+0.0%,0.257,+0.0%,6.92,26.9,+13.7%,-49.5%,+3.6%,-47.9%
ASAN,Extended,Software,Information Technology,Software & Services,Adj,Jan,EPS,CY2026,0.342,0.361,+5.6%,0.366,+1.4%,0.373,+1.9%,6.92,18.6,+9.1%,-49.5%,+3.6%,-47.9%
ASAN,Extended,Software,Information Technology,Software & Services,Adj,Jan,EPS,CY2027,0.453,0.471,+4.0%,0.455,-3.4%,0.475,+4.4%,6.92,14.6,+4.9%,-49.5%,+3.6%,-47.9%
ASAN,Extended,Software,Information Technology,Software & Services,Adj,Jan,EPS,CY2028,0.44,0.425,-3.4%,0.562,+32.2%,0.589,+4.8%,6.92,11.7,+33.9%,-49.5%,+3.6%,-47.9%
APPN,Extended,Software,Information Technology,Software & Services,Adj,Dec,EPS,CY2025,,0.541,,0.541,+0.0%,0.541,+0.0%,20.95,38.7,,-40.9%,-19.0%,-30.4%
APPN,Extended,Software,Information Technology,Software & Services,Adj,Dec,EPS,CY2026,,0.77,,0.887,+15.2%,0.986,+11.2%,20.95,21.2,,-40.9%,-19.0%,-30.4%
APPN,Extended,Software,Information Technology,Software & Services,Adj,Dec,EPS,CY2027,,1.092,,1.163,+6.5%,1.256,+8.0%,20.95,16.7,,-40.9%,-19.0%,-30.4%
APPN,Extended,Software,Information Technology,Software & Services,Adj,Dec,EPS,CY2028,,,,1.385,,1.51,+9.0%,20.95,13.9,,-40.9%,-19.0%,-30.4%
BL,Extended,Software,Information Technology,Software & Services,Adj,Dec,EPS,CY2025,2.134,2.078,-2.6%,2.078,+0.0%,2.078,+0.0%,26.77,12.9,-2.6%,-51.6%,-30.5%,-51.3%
BL,Extended,Software,Information Technology,Software & Services,Adj,Dec,EPS,CY2026,2.289,2.349,+2.6%,2.409,+2.6%,2.471,+2.6%,26.77,10.8,+8.0%,-51.6%,-30.5%,-51.3%
BL,Extended,Software,Information Technology,Software & Services,Adj,Dec,EPS,CY2027,2.727,2.729,+0.1%,2.753,+0.9%,2.792,+1.4%,26.77,9.6,+2.4%,-51.6%,-30.5%,-51.3%
BL,Extended,Software,Information Technology,Software & Services,Adj,Dec,EPS,CY2028,,,,3.283,,3.363,+2.4%,26.77,8.0,,-51.6%,-30.5%,-51.3%
DSY,Extended,Software,Information Technology,Software & Services,Adj,Dec,EPS,CY2025,1.368,1.308,-4.4%,1.318,+0.8%,1.318,+0.0%,17.23,13.1,-3.7%,-27.7%,-2.7%,-44.1%
DSY,Extended,Software,Information Technology,Software & Services,Adj,Dec,EPS,CY2026,1.47,1.364,-7.2%,1.326,-2.8%,1.321,-0.4%,17.23,13.0,-10.1%,-27.7%,-2.7%,-44.1%
DSY,Extended,Software,Information Technology,Software & Services,Adj,Dec,EPS,CY2027,1.615,1.477,-8.5%,1.406,-4.8%,1.371,-2.5%,17.23,12.6,-15.1%,-27.7%,-2.7%,-44.1%
DSY,Extended,Software,Information Technology,Software & Services,Adj,Dec,EPS,CY2028,1.772,1.632,-7.9%,1.488,-8.8%,1.469,-1.3%,17.23,11.7,-17.1%,-27.7%,-2.7%,-44.1%
WK,Extended,Software,Information Technology,Software & Services,Adj,Dec,EPS,CY2025,1.051,1.639,+55.9%,1.635,-0.2%,1.635,+0.0%,47.37,29.0,+55.6%,-45.1%,-23.1%,-28.9%
WK,Extended,Software,Information Technology,Software & Services,Adj,Dec,EPS,CY2026,1.693,2.254,+33.1%,2.734,+21.3%,2.912,+6.5%,47.37,16.3,+72.0%,-45.1%,-23.1%,-28.9%
WK,Extended,Software,Information Technology,Software & Services,Adj,Dec,EPS,CY2027,,3.158,,3.367,+6.6%,3.525,+4.7%,47.37,13.4,,-45.1%,-23.1%,-28.9%
WK,Extended,Software,Information Technology,Software & Services,Adj,Dec,EPS,CY2028,,4.06,,4.243,+4.5%,4.38,+3.2%,47.37,10.8,,-45.1%,-23.1%,-28.9%
AXP,Extended,Payments,Financials,Financial Services,GAAP,Dec,EPS,CY2025,15.206,15.492,+1.9%,15.446,-0.3%,15.446,+0.0%,338.0,21.9,+1.6%,-8.6%,+14.6%,+14.0%
AXP,Extended,Payments,Financials,Financial Services,GAAP,Dec,EPS,CY2026,17.319,17.537,+1.3%,17.599,+0.4%,17.672,+0.4%,338.0,19.1,+2.0%,-8.6%,+14.6%,+14.0%
AXP,Extended,Payments,Financials,Financial Services,GAAP,Dec,EPS,CY2027,19.861,20.003,+0.7%,20.138,+0.7%,20.169,+0.2%,338.0,16.8,+1.6%,-8.6%,+14.6%,+14.0%
AXP,Extended,Payments,Financials,Financial Services,GAAP,Dec,EPS,CY2028,20.38,21.053,+3.3%,23.07,+9.6%,22.972,-0.4%,338.0,14.7,+12.7%,-8.6%,+14.6%,+14.0%
ADYEN,Extended,Payments,Financials,Financial Services,Adj,Dec,EPS,CY2025,35.746,33.804,-5.4%,33.737,-0.2%,33.737,+0.0%,875.8,26.0,-5.6%,-36.3%,+1.2%,-43.4%
ADYEN,Extended,Payments,Financials,Financial Services,Adj,Dec,EPS,CY2026,44.921,41.305,-8.0%,39.192,-5.1%,38.793,-1.0%,875.8,22.6,-13.6%,-36.3%,+1.2%,-43.4%
ADYEN,Extended,Payments,Financials,Financial Services,Adj,Dec,EPS,CY2027,56.732,51.375,-9.4%,47.969,-6.6%,47.406,-1.2%,875.8,18.5,-16.4%,-36.3%,+1.2%,-43.4%
ADYEN,Extended,Payments,Financials,Financial Services,Adj,Dec,EPS,CY2028,,60.719,,57.331,-5.6%,58.399,+1.9%,875.8,15.0,,-36.3%,+1.2%,-43.4%
STNE,Extended,Payments,Financials,Financial Services,Adj,Dec,EPS,CY2025,7.194,9.384,+30.4%,9.25,-1.4%,9.25,+0.0%,10.59,1.1,+28.6%,-13.3%,-7.4%,-13.7%
STNE,Extended,Payments,Financials,Financial Services,Adj,Dec,EPS,CY2026,8.798,10.286,+16.9%,10.484,+1.9%,10.66,+1.7%,10.59,1.0,+21.2%,-13.3%,-7.4%,-13.7%
STNE,Extended,Payments,Financials,Financial Services,Adj,Dec,EPS,CY2027,11.49,11.48,-0.1%,11.786,+2.7%,12.25,+3.9%,10.59,0.9,+6.6%,-13.3%,-7.4%,-13.7%
STNE,Extended,Payments,Financials,Financial Services,Adj,Dec,EPS,CY2028,,16.503,,13.256,-19.7%,13.435,+1.4%,10.59,0.8,,-13.3%,-7.4%,-13.7%
NU,Extended,Payments,Financials,Banks,Adj,Dec,EPS,CY2025,0.557,0.608,+9.2%,0.609,+0.2%,0.609,+0.0%,12.71,20.9,+9.3%,-24.1%,-10.2%,+3.8%
NU,Extended,Payments,Financials,Banks,Adj,Dec,EPS,CY2026,0.771,0.871,+13.0%,0.874,+0.3%,0.844,-3.4%,12.71,15.1,+9.5%,-24.1%,-10.2%,+3.8%
NU,Extended,Payments,Financials,Banks,Adj,Dec,EPS,CY2027,0.986,1.115,+13.1%,1.146,+2.8%,1.108,-3.3%,12.71,11.5,+12.4%,-24.1%,-10.2%,+3.8%
NU,Extended,Payments,Financials,Banks,Adj,Dec,EPS,CY2028,1.128,1.306,+15.8%,1.451,+11.1%,1.388,-4.3%,12.71,9.2,+23.0%,-24.1%,-10.2%,+3.8%
FISV,Extended,Payments,Financials,Financial Services,Adj,Dec,EPS,CY2025,10.206,8.559,-16.1%,8.557,-0.0%,8.557,+0.0%,47.86,5.6,-16.2%,-28.7%,-16.1%,-70.3%
FISV,Extended,Payments,Financials,Financial Services,Adj,Dec,EPS,CY2026,11.896,8.351,-29.8%,8.115,-2.8%,8.122,+0.1%,47.86,5.9,-31.7%,-28.7%,-16.1%,-70.3%
FISV,Extended,Payments,Financials,Financial Services,Adj,Dec,EPS,CY2027,13.764,9.173,-33.4%,9.014,-1.7%,8.943,-0.8%,47.86,5.4,-35.0%,-28.7%,-16.1%,-70.3%
FISV,Extended,Payments,Financials,Financial Services,Adj,Dec,EPS,CY2028,15.424,10.015,-35.1%,9.94,-0.7%,10.114,+1.8%,47.86,4.7,-34.4%,-28.7%,-16.1%,-70.3%
FIS,Extended,Payments,Financials,Financial Services,Adj,Dec,EPS,CY2025,5.74,5.769,+0.5%,5.771,+0.0%,5.771,+0.0%,38.21,6.6,+0.5%,-42.5%,-22.4%,-52.5%
FIS,Extended,Payments,Financials,Financial Services,Adj,Dec,EPS,CY2026,6.243,6.331,+1.4%,6.265,-1.0%,6.265,+0.0%,38.21,6.1,+0.4%,-42.5%,-22.4%,-52.5%
FIS,Extended,Payments,Financials,Financial Services,Adj,Dec,EPS,CY2027,6.796,6.908,+1.6%,6.892,-0.2%,6.807,-1.2%,38.21,5.6,+0.2%,-42.5%,-22.4%,-52.5%
FIS,Extended,Payments,Financials,Financial Services,Adj,Dec,EPS,CY2028,7.197,7.393,+2.7%,7.604,+2.9%,7.532,-0.9%,38.21,5.1,+4.7%,-42.5%,-22.4%,-52.5%
GPN,Extended,Payments,Financials,Financial Services,Adj,Dec,EPS,CY2025,12.097,12.227,+1.1%,12.222,-0.0%,12.222,+0.0%,66.88,5.5,+1.0%,-13.6%,-1.9%,-12.2%
GPN,Extended,Payments,Financials,Financial Services,Adj,Dec,EPS,CY2026,13.612,13.686,+0.5%,13.863,+1.3%,13.832,-0.2%,66.88,4.8,+1.6%,-13.6%,-1.9%,-12.2%
GPN,Extended,Payments,Financials,Financial Services,Adj,Dec,EPS,CY2027,15.613,15.663,+0.3%,16.058,+2.5%,16.236,+1.1%,66.88,4.1,+4.0%,-13.6%,-1.9%,-12.2%
GPN,Extended,Payments,Financials,Financial Services,Adj,Dec,EPS,CY2028,16.453,17.37,+5.6%,18.568,+6.9%,19.126,+3.0%,66.88,3.5,+16.2%,-13.6%,-1.9%,-12.2%
TOST,Extended,Payments,Financials,Financial Services,Adj,Dec,EPS,CY2025,0.615,0.615,+0.0%,0.58,-5.7%,0.58,+0.0%,24.66,42.5,-5.7%,-30.6%,-10.0%,-42.1%
TOST,Extended,Payments,Financials,Financial Services,Adj,Dec,EPS,CY2026,0.937,0.899,-4.1%,0.844,-6.1%,1.041,+23.3%,24.66,23.7,+11.1%,-30.6%,-10.0%,-42.1%
TOST,Extended,Payments,Financials,Financial Services,Adj,Dec,EPS,CY2027,1.336,1.184,-11.4%,1.214,+2.5%,1.28,+5.4%,24.66,19.3,-4.2%,-30.6%,-10.0%,-42.1%
TOST,Extended,Payments,Financials,Financial Services,Adj,Dec,EPS,CY2028,1.38,1.32,-4.3%,1.658,+25.6%,1.693,+2.1%,24.66,14.6,+22.7%,-30.6%,-10.0%,-42.1%
FOUR,Extended,Payments,Financials,Financial Services,Adj,Dec,EPS,CY2025,5.036,4.945,-1.8%,5.109,+3.3%,5.109,+0.0%,39.4,7.7,+1.4%,-37.4%,-6.1%,-57.1%
FOUR,Extended,Payments,Financials,Financial Services,Adj,Dec,EPS,CY2026,6.109,6.242,+2.2%,5.612,-10.1%,5.595,-0.3%,39.4,7.0,-8.4%,-37.4%,-6.1%,-57.1%
FOUR,Extended,Payments,Financials,Financial Services,Adj,Dec,EPS,CY2027,6.555,7.891,+20.4%,6.366,-19.3%,6.523,+2.5%,39.4,6.0,-0.5%,-37.4%,-6.1%,-57.1%
FOUR,Extended,Payments,Financials,Financial Services,Adj,Dec,EPS,CY2028,,11.0,,7.808,-29.0%,7.658,-1.9%,39.4,5.1,,-37.4%,-6.1%,-57.1%
CPAY,Extended,Payments,Financials,Financial Services,Adj,Dec,EPS,CY2025,20.994,21.267,+1.3%,21.283,+0.1%,21.283,+0.0%,345.28,16.2,+1.4%,+14.7%,+21.4%,+9.8%
CPAY,Extended,Payments,Financials,Financial Services,Adj,Dec,EPS,CY2026,24.489,24.822,+1.4%,26.032,+4.9%,26.778,+2.9%,345.28,12.9,+9.3%,+14.7%,+21.4%,+9.8%
CPAY,Extended,Payments,Financials,Financial Services,Adj,Dec,EPS,CY2027,28.508,28.812,+1.1%,29.844,+3.6%,30.664,+2.7%,345.28,11.3,+7.6%,+14.7%,+21.4%,+9.8%
CPAY,Extended,Payments,Financials,Financial Services,Adj,Dec,EPS,CY2028,,33.98,,34.648,+2.0%,35.67,+2.9%,345.28,9.7,,+14.7%,+21.4%,+9.8%
SEIC,Extended,Payments,Financials,Financial Services,Adj,Dec,EPS,CY2025,4.683,4.963,+6.0%,4.963,+0.0%,4.963,+0.0%,89.44,18.0,+6.0%,+9.0%,+14.9%,+7.5%
SEIC,Extended,Payments,Financials,Financial Services,Adj,Dec,EPS,CY2026,5.071,5.51,+8.7%,5.674,+3.0%,5.883,+3.7%,89.44,15.2,+16.0%,+9.0%,+14.9%,+7.5%
SEIC,Extended,Payments,Financials,Financial Services,Adj,Dec,EPS,CY2027,5.652,6.113,+8.2%,6.389,+4.5%,6.616,+3.6%,89.44,13.5,+17.1%,+9.0%,+14.9%,+7.5%
SEIC,Extended,Payments,Financials,Financial Services,Adj,Dec,EPS,CY2028,,7.03,,7.27,+3.4%,7.563,+4.0%,89.44,11.8,,+9.0%,+14.9%,+7.5%
DBD,Extended,Payments,Information Technology,Technology Hardware & Equipmen,Adj,Dec,EPS,CY2025,,3.807,,3.807,+0.0%,3.807,+0.0%,83.81,22.0,,+23.4%,+16.9%,+61.8%
DBD,Extended,Payments,Information Technology,Technology Hardware & Equipmen,Adj,Dec,EPS,CY2026,,5.017,,5.487,+9.4%,5.49,+0.1%,83.81,15.3,,+23.4%,+16.9%,+61.8%
DBD,Extended,Payments,Information Technology,Technology Hardware & Equipmen,Adj,Dec,EPS,CY2027,,6.475,,6.717,+3.7%,6.793,+1.1%,83.81,12.3,,+23.4%,+16.9%,+61.8%
DBD,Extended,Payments,Information Technology,Technology Hardware & Equipmen,Adj,Dec,EPS,CY2028,,7.76,,7.84,+1.0%,7.58,-3.3%,83.81,11.1,,+23.4%,+16.9%,+61.8%
JKHY,Extended,Payments,Financials,Financial Services,Adj,Jun,EPS,CY2025,5.954,5.978,+0.4%,5.978,+0.0%,5.978,+0.0%,126.23,21.1,+0.4%,-30.8%,-23.2%,-30.4%
JKHY,Extended,Payments,Financials,Financial Services,Adj,Jun,EPS,CY2026,6.354,6.448,+1.5%,6.454,+0.1%,6.708,+3.9%,126.23,18.8,+5.6%,-30.8%,-23.2%,-30.4%
JKHY,Extended,Payments,Financials,Financial Services,Adj,Jun,EPS,CY2027,6.907,6.923,+0.2%,7.136,+3.1%,7.178,+0.6%,126.23,17.6,+3.9%,-30.8%,-23.2%,-30.4%
JKHY,Extended,Payments,Financials,Financial Services,Adj,Jun,EPS,CY2028,7.65,7.488,-2.1%,7.7,+2.8%,7.787,+1.1%,126.23,16.2,+1.8%,-30.8%,-23.2%,-30.4%
WU,Extended,Payments,Financials,Financial Services,Adj,Dec,EPS,CY2025,1.765,1.732,-1.9%,1.732,+0.0%,1.732,+0.0%,7.12,4.1,-1.9%,-23.5%,-22.4%,-15.6%
WU,Extended,Payments,Financials,Financial Services,Adj,Dec,EPS,CY2026,1.846,1.778,-3.7%,1.795,+1.0%,1.753,-2.3%,7.12,4.1,-5.0%,-23.5%,-22.4%,-15.6%
WU,Extended,Payments,Financials,Financial Services,Adj,Dec,EPS,CY2027,1.969,1.896,-3.7%,1.925,+1.5%,1.916,-0.5%,7.12,3.7,-2.7%,-23.5%,-22.4%,-15.6%
WU,Extended,Payments,Financials,Financial Services,Adj,Dec,EPS,CY2028,,1.983,,2.074,+4.6%,2.062,-0.6%,7.12,3.5,,-23.5%,-22.4%,-15.6%
FCFS,Extended,Payments,Financials,Financial Services,Adj,Dec,EPS,CY2025,7.974,8.659,+8.6%,8.644,-0.2%,8.644,+0.0%,227.05,26.3,+8.4%,+42.5%,+20.5%,+76.7%
FCFS,Extended,Payments,Financials,Financial Services,Adj,Dec,EPS,CY2026,9.586,10.075,+5.1%,10.633,+5.5%,10.784,+1.4%,227.05,21.1,+12.5%,+42.5%,+20.5%,+76.7%
FCFS,Extended,Payments,Financials,Financial Services,Adj,Dec,EPS,CY2027,11.745,11.67,-0.6%,12.657,+8.5%,12.409,-2.0%,227.05,18.3,+5.7%,+42.5%,+20.5%,+76.7%
FCFS,Extended,Payments,Financials,Financial Services,Adj,Dec,EPS,CY2028,,13.025,,14.943,+14.7%,14.873,-0.5%,227.05,15.3,,+42.5%,+20.5%,+76.7%
EEFT,Extended,Payments,Financials,Financial Services,Adj,Dec,EPS,CY2025,9.825,9.752,-0.7%,9.742,-0.1%,9.742,+0.0%,65.84,6.8,-0.8%,-13.5%,-2.2%,-34.2%
EEFT,Extended,Payments,Financials,Financial Services,Adj,Dec,EPS,CY2026,11.238,11.087,-1.3%,10.862,-2.0%,10.961,+0.9%,65.84,6.0,-2.5%,-13.5%,-2.2%,-34.2%
EEFT,Extended,Payments,Financials,Financial Services,Adj,Dec,EPS,CY2027,,12.318,,12.19,-1.0%,12.256,+0.5%,65.84,5.4,,-13.5%,-2.2%,-34.2%
EEFT,Extended,Payments,Financials,Financial Services,Adj,Dec,EPS,CY2028,,13.32,,12.98,-2.6%,13.37,+3.0%,65.84,4.9,,-13.5%,-2.2%,-34.2%
WEX,Extended,Payments,Financials,Financial Services,Adj,Dec,EPS,CY2025,15.038,15.926,+5.9%,15.95,+0.2%,15.95,+0.0%,127.53,8.0,+6.1%,-14.4%,-15.9%,-8.4%
WEX,Extended,Payments,Financials,Financial Services,Adj,Dec,EPS,CY2026,16.776,17.629,+5.1%,17.959,+1.9%,19.344,+7.7%,127.53,6.6,+15.3%,-14.4%,-15.9%,-8.4%
WEX,Extended,Payments,Financials,Financial Services,Adj,Dec,EPS,CY2027,18.828,19.687,+4.6%,19.556,-0.7%,20.299,+3.8%,127.53,6.3,+7.8%,-14.4%,-15.9%,-8.4%
WEX,Extended,Payments,Financials,Financial Services,Adj,Dec,EPS,CY2028,,21.51,,21.568,+0.3%,21.921,+1.6%,127.53,5.8,,-14.4%,-15.9%,-8.4%
EQT,Extended,Financials and related,Energy,Energy,Adj,Dec,EPS,CY2025,3.549,2.911,-18.0%,2.941,+1.0%,2.941,+0.0%,50.72,17.2,-17.1%,-5.4%,-21.6%,-14.6%
EQT,Extended,Financials and related,Energy,Energy,Adj,Dec,EPS,CY2026,5.057,4.61,-8.8%,4.579,-0.7%,4.629,+1.1%,50.72,11.0,-8.5%,-5.4%,-21.6%,-14.6%
EQT,Extended,Financials and related,Energy,Energy,Adj,Dec,EPS,CY2027,4.803,4.982,+3.7%,4.571,-8.2%,4.812,+5.3%,50.72,10.5,+0.2%,-5.4%,-21.6%,-14.6%
EQT,Extended,Financials and related,Energy,Energy,Adj,Dec,EPS,CY2028,5.292,5.348,+1.1%,5.1,-4.6%,5.587,+9.5%,50.72,9.1,+5.6%,-5.4%,-21.6%,-14.6%
HLNE,Extended,Financials and related,Financials,Financial Services,Adj,Mar,EPS,CY2025,4.548,5.67,+24.7%,5.758,+1.6%,5.738,-0.3%,82.22,14.3,+26.2%,-38.8%,-18.6%,-40.0%
HLNE,Extended,Financials and related,Financials,Financial Services,Adj,Mar,EPS,CY2026,5.712,6.268,+9.7%,6.469,+3.2%,6.082,-6.0%,82.22,13.5,+6.5%,-38.8%,-18.6%,-40.0%
HLNE,Extended,Financials and related,Financials,Financial Services,Adj,Mar,EPS,CY2027,6.53,7.635,+16.9%,7.73,+1.2%,7.096,-8.2%,82.22,11.6,+8.7%,-38.8%,-18.6%,-40.0%
HLNE,Extended,Financials and related,Financials,Financial Services,Adj,Mar,EPS,CY2028,,8.51,,8.12,-4.6%,7.325,-9.8%,82.22,11.2,,-38.8%,-18.6%,-40.0%
STEP,Extended,Financials and related,Financials,Financial Services,Adj,Mar,EPS,CY2025,1.88,2.042,+8.6%,2.13,+4.3%,2.091,-1.8%,45.2,21.6,+11.2%,-28.7%,-2.9%,-14.6%
STEP,Extended,Financials and related,Financials,Financial Services,Adj,Mar,EPS,CY2026,2.334,2.558,+9.6%,2.618,+2.3%,2.501,-4.5%,45.2,18.1,+7.2%,-28.7%,-2.9%,-14.6%
STEP,Extended,Financials and related,Financials,Financial Services,Adj,Mar,EPS,CY2027,,3.025,,3.16,+4.5%,3.313,+4.8%,45.2,13.6,,-28.7%,-2.9%,-14.6%
STEP,Extended,Financials and related,Financials,Financial Services,Adj,Mar,EPS,CY2028,,3.89,,3.66,-5.9%,3.24,-11.5%,45.2,14.0,,-28.7%,-2.9%,-14.6%
TROW,Extended,Financials and related,Financials,Financial Services,Adj,Dec,EPS,CY2025,8.299,9.715,+17.1%,9.722,+0.1%,9.722,+0.0%,107.65,11.1,+17.1%,+5.1%,+23.6%,+16.8%
TROW,Extended,Financials and related,Financials,Financial Services,Adj,Dec,EPS,CY2026,8.463,10.241,+21.0%,10.017,-2.2%,9.462,-5.5%,107.65,11.4,+11.8%,+5.1%,+23.6%,+16.8%
TROW,Extended,Financials and related,Financials,Financial Services,Adj,Dec,EPS,CY2027,8.719,10.225,+17.3%,10.14,-0.8%,9.533,-6.0%,107.65,11.3,+9.3%,+5.1%,+23.6%,+16.8%
TROW,Extended,Financials and related,Financials,Financial Services,Adj,Dec,EPS,CY2028,10.23,10.817,+5.7%,10.123,-6.4%,9.177,-9.3%,107.65,11.7,-10.3%,+5.1%,+23.6%,+16.8%
SYF,Extended,Financials and related,Financials,Financial Services,Adj,Dec,EPS,CY2025,7.723,9.222,+19.4%,9.23,+0.1%,9.23,+0.0%,75.26,8.2,+19.5%,-9.8%,+14.9%,+22.5%
SYF,Extended,Financials and related,Financials,Financial Services,Adj,Dec,EPS,CY2026,8.719,9.181,+5.3%,9.271,+1.0%,9.28,+0.1%,75.26,8.1,+6.4%,-9.8%,+14.9%,+22.5%
SYF,Extended,Financials and related,Financials,Financial Services,Adj,Dec,EPS,CY2027,10.051,10.108,+0.6%,10.336,+2.3%,10.407,+0.7%,75.26,7.2,+3.5%,-9.8%,+14.9%,+22.5%
SYF,Extended,Financials and related,Financials,Financial Services,Adj,Dec,EPS,CY2028,6.72,9.295,+38.3%,11.472,+23.4%,11.524,+0.5%,75.26,6.5,+71.5%,-9.8%,+14.9%,+22.5%
BFH,Extended,Financials and related,Financials,Financial Services,Adj,Dec,EPS,CY2025,7.145,10.037,+40.5%,10.173,+1.4%,10.173,+0.0%,102.41,10.1,+42.4%,+38.3%,+39.3%,+94.1%
BFH,Extended,Financials and related,Financials,Financial Services,Adj,Dec,EPS,CY2026,8.985,9.252,+3.0%,10.029,+8.4%,11.223,+11.9%,102.41,9.1,+24.9%,+38.3%,+39.3%,+94.1%
BFH,Extended,Financials and related,Financials,Financial Services,Adj,Dec,EPS,CY2027,9.56,10.984,+14.9%,11.607,+5.7%,12.689,+9.3%,102.41,8.1,+32.7%,+38.3%,+39.3%,+94.1%
BFH,Extended,Financials and related,Financials,Financial Services,Adj,Dec,EPS,CY2028,6.5,9.97,+53.4%,12.866,+29.0%,14.174,+10.2%,102.41,7.2,+118.1%,+38.3%,+39.3%,+94.1%
ICE,Extended,Financials and related,Financials,Financial Services,Adj,Dec,EPS,CY2025,6.895,6.919,+0.3%,6.916,-0.0%,6.916,+0.0%,133.88,19.4,+0.3%,-17.3%,-15.5%,-25.5%
ICE,Extended,Financials and related,Financials,Financial Services,Adj,Dec,EPS,CY2026,7.639,7.514,-1.6%,7.767,+3.4%,8.131,+4.7%,133.88,16.5,+6.4%,-17.3%,-15.5%,-25.5%
ICE,Extended,Financials and related,Financials,Financial Services,Adj,Dec,EPS,CY2027,8.302,8.331,+0.3%,8.577,+3.0%,8.827,+2.9%,133.88,15.2,+6.3%,-17.3%,-15.5%,-25.5%
ICE,Extended,Financials and related,Financials,Financial Services,Adj,Dec,EPS,CY2028,9.427,8.955,-5.0%,9.464,+5.7%,9.734,+2.9%,133.88,13.8,+3.3%,-17.3%,-15.5%,-25.5%
CME,Extended,Financials and related,Financials,Financial Services,Adj,Dec,EPS,CY2025,11.142,11.166,+0.2%,11.164,-0.0%,11.164,+0.0%,246.38,22.1,+0.2%,-8.0%,-20.7%,-7.7%
CME,Extended,Financials and related,Financials,Financial Services,Adj,Dec,EPS,CY2026,11.617,11.59,-0.2%,12.128,+4.6%,12.233,+0.9%,246.38,20.1,+5.3%,-8.0%,-20.7%,-7.7%
CME,Extended,Financials and related,Financials,Financial Services,Adj,Dec,EPS,CY2027,12.354,12.288,-0.5%,12.661,+3.0%,12.812,+1.2%,246.38,19.2,+3.7%,-8.0%,-20.7%,-7.7%
CME,Extended,Financials and related,Financials,Financial Services,Adj,Dec,EPS,CY2028,13.213,13.018,-1.5%,13.598,+4.5%,13.674,+0.6%,246.38,18.0,+3.5%,-8.0%,-20.7%,-7.7%
SLM,Extended,Financials and related,Financials,Financial Services,Adj,Dec,EPS,CY2025,3.106,3.275,+5.4%,3.278,+0.1%,3.278,+0.0%,23.03,7.0,+5.5%,-14.9%,+17.6%,-27.4%
SLM,Extended,Financials and related,Financials,Financial Services,Adj,Dec,EPS,CY2026,3.465,3.051,-11.9%,2.748,-9.9%,3.15,+14.6%,23.03,7.3,-9.1%,-14.9%,+17.6%,-27.4%
SLM,Extended,Financials and related,Financials,Financial Services,Adj,Dec,EPS,CY2027,3.876,3.251,-16.1%,3.208,-1.3%,3.393,+5.8%,23.03,6.8,-12.5%,-14.9%,+17.6%,-27.4%
SLM,Extended,Financials and related,Financials,Financial Services,Adj,Dec,EPS,CY2028,,3.85,,3.875,+0.6%,3.88,+0.1%,23.03,5.9,,-14.9%,+17.6%,-27.4%
CBOE,Extended,Financials and related,Financials,Financial Services,Adj,Dec,EPS,CY2025,9.553,10.37,+8.6%,10.551,+1.7%,10.551,+0.0%,249.1,23.6,+10.4%,-0.8%,-12.4%,+9.4%
CBOE,Extended,Financials and related,Financials,Financial Services,Adj,Dec,EPS,CY2026,10.045,11.067,+10.2%,12.008,+8.5%,13.461,+12.1%,249.1,18.5,+34.0%,-0.8%,-12.4%,+9.4%
CBOE,Extended,Financials and related,Financials,Financial Services,Adj,Dec,EPS,CY2027,10.813,11.731,+8.5%,12.842,+9.5%,14.313,+11.5%,249.1,17.4,+32.4%,-0.8%,-12.4%,+9.4%
CBOE,Extended,Financials and related,Financials,Financial Services,Adj,Dec,EPS,CY2028,11.613,12.63,+8.8%,13.675,+8.3%,15.645,+14.4%,249.1,15.9,+34.7%,-0.8%,-12.4%,+9.4%
NDAQ,Extended,Financials and related,Financials,Financial Services,Adj,Dec,EPS,CY2025,3.201,3.428,+7.1%,3.431,+0.1%,3.431,+0.0%,82.24,24.0,+7.2%,-15.3%,-4.7%,-4.8%
NDAQ,Extended,Financials and related,Financials,Financial Services,Adj,Dec,EPS,CY2026,3.561,3.814,+7.1%,3.918,+2.7%,3.942,+0.6%,82.24,20.9,+10.7%,-15.3%,-4.7%,-4.8%
NDAQ,Extended,Financials and related,Financials,Financial Services,Adj,Dec,EPS,CY2027,3.98,4.274,+7.4%,4.411,+3.2%,4.437,+0.6%,82.24,18.5,+11.5%,-15.3%,-4.7%,-4.8%
NDAQ,Extended,Financials and related,Financials,Financial Services,Adj,Dec,EPS,CY2028,4.5,4.756,+5.7%,5.037,+5.9%,5.092,+1.1%,82.24,16.2,+13.2%,-15.3%,-4.7%,-4.8%
NAVI,Extended,Financials and related,Financials,Financial Services,Adj,Dec,EPS,CY2025,1.081,-0.067,-106.2%,-0.063,+6.0%,-0.063,+0.0%,8.09,-128.4,-105.8%,-37.8%,-0.2%,-39.7%
NAVI,Extended,Financials and related,Financials,Financial Services,Adj,Dec,EPS,CY2026,1.32,1.196,-9.4%,0.701,-41.4%,0.72,+2.7%,8.09,11.2,-45.5%,-37.8%,-0.2%,-39.7%
NAVI,Extended,Financials and related,Financials,Financial Services,Adj,Dec,EPS,CY2027,,1.43,,0.981,-31.4%,0.945,-3.7%,8.09,8.6,,-37.8%,-0.2%,-39.7%
NAVI,Extended,Financials and related,Financials,Financial Services,Adj,Dec,EPS,CY2028,,,,1.27,,1.175,-7.5%,8.09,6.9,,-37.8%,-0.2%,-39.7%
FG,Extended,Financials and related,Financials,Insurance,Adj,Dec,EPS,CY2025,3.735,4.055,+8.6%,3.91,-3.6%,3.91,+0.0%,27.49,7.0,+4.7%,-10.9%,+16.4%,-13.0%
FG,Extended,Financials and related,Financials,Insurance,Adj,Dec,EPS,CY2026,5.703,5.65,-0.9%,5.51,-2.5%,3.78,-31.4%,27.49,7.3,-33.7%,-10.9%,+16.4%,-13.0%
FG,Extended,Financials and related,Financials,Insurance,Adj,Dec,EPS,CY2027,6.59,6.58,-0.2%,6.375,-3.1%,4.25,-33.3%,27.49,6.5,-35.5%,-10.9%,+16.4%,-13.0%
FG,Extended,Financials and related,Financials,Insurance,Adj,Dec,EPS,CY2028,,,,7.52,,4.62,-38.6%,27.49,6.0,,-10.9%,+16.4%,-13.0%
BEN,Extended,Financials and related,Financials,Financial Services,Adj,Sep,EPS,CY2025,2.053,2.12,+3.3%,2.12,+0.0%,2.12,+0.0%,33.05,15.6,+3.3%,+38.3%,+38.5%,+46.3%
BEN,Extended,Financials and related,Financials,Financial Services,Adj,Sep,EPS,CY2026,2.324,2.48,+6.7%,2.62,+5.6%,2.754,+5.1%,33.05,12.0,+18.5%,+38.3%,+38.5%,+46.3%
BEN,Extended,Financials and related,Financials,Financial Services,Adj,Sep,EPS,CY2027,2.694,2.775,+3.0%,2.916,+5.1%,2.972,+1.9%,33.05,11.1,+10.3%,+38.3%,+38.5%,+46.3%
BEN,Extended,Financials and related,Financials,Financial Services,Adj,Sep,EPS,CY2028,,2.945,,3.159,+7.3%,3.283,+3.9%,33.05,10.1,,+38.3%,+38.5%,+46.3%
ALLY,Extended,Financials and related,Financials,Financial Services,Adj,Dec,EPS,CY2025,3.368,3.756,+11.5%,3.755,-0.0%,3.755,+0.0%,45.49,12.1,+11.5%,+0.4%,+19.4%,+23.5%
ALLY,Extended,Financials and related,Financials,Financial Services,Adj,Dec,EPS,CY2026,5.41,5.404,-0.1%,5.155,-4.6%,5.238,+1.6%,45.49,8.7,-3.2%,+0.4%,+19.4%,+23.5%
ALLY,Extended,Financials and related,Financials,Financial Services,Adj,Dec,EPS,CY2027,6.054,6.328,+4.5%,6.322,-0.1%,6.427,+1.7%,45.49,7.1,+6.2%,+0.4%,+19.4%,+23.5%
ALLY,Extended,Financials and related,Financials,Financial Services,Adj,Dec,EPS,CY2028,,,,6.947,,7.147,+2.9%,45.49,6.4,,+0.4%,+19.4%,+23.5%
RM,Extended,Financials and related,Financials,Financial Services,Adj,Dec,EPS,CY2025,,4.422,,4.433,+0.2%,4.433,+0.0%,37.2,8.4,,-4.0%,+19.7%,+34.4%
RM,Extended,Financials and related,Financials,Financial Services,Adj,Dec,EPS,CY2026,,6.124,,5.498,-10.2%,5.6,+1.9%,37.2,6.6,,-4.0%,+19.7%,+34.4%
RM,Extended,Financials and related,Financials,Financial Services,Adj,Dec,EPS,CY2027,,8.247,,7.515,-8.9%,7.365,-2.0%,37.2,5.1,,-4.0%,+19.7%,+34.4%
RM,Extended,Financials and related,Financials,Financial Services,Adj,Dec,EPS,CY2028,,,,8.1,,7.38,-8.9%,37.2,5.0,,-4.0%,+19.7%,+34.4%
OMF,Extended,Financials and related,Financials,Financial Services,Adj,Dec,EPS,CY2025,6.113,6.637,+8.6%,6.702,+1.0%,6.702,+0.0%,58.18,8.7,+9.6%,-13.9%,+14.1%,+8.4%
OMF,Extended,Financials and related,Financials,Financial Services,Adj,Dec,EPS,CY2026,7.999,8.01,+0.1%,7.497,-6.4%,7.283,-2.9%,58.18,8.0,-9.0%,-13.9%,+14.1%,+8.4%
OMF,Extended,Financials and related,Financials,Financial Services,Adj,Dec,EPS,CY2027,,9.821,,9.131,-7.0%,8.667,-5.1%,58.18,6.7,,-13.9%,+14.1%,+8.4%
OMF,Extended,Financials and related,Financials,Financial Services,Adj,Dec,EPS,CY2028,,12.58,,11.033,-12.3%,10.578,-4.1%,58.18,5.5,,-13.9%,+14.1%,+8.4%
OPRT,Extended,Financials and related,Financials,Financial Services,Adj,Dec,EPS,CY2025,1.179,1.113,-5.6%,1.349,+21.2%,1.349,+0.0%,5.16,3.8,+14.4%,-2.5%,+20.3%,-26.3%
OPRT,Extended,Financials and related,Financials,Financial Services,Adj,Dec,EPS,CY2026,1.636,1.445,-11.7%,1.546,+7.0%,1.568,+1.4%,5.16,3.3,-4.2%,-2.5%,+20.3%,-26.3%
OPRT,Extended,Financials and related,Financials,Financial Services,Adj,Dec,EPS,CY2027,1.775,1.75,-1.4%,1.911,+9.2%,1.834,-4.0%,5.16,2.8,+3.3%,-2.5%,+20.3%,-26.3%
OPRT,Extended,Financials and related,Financials,Financial Services,Adj,Dec,EPS,CY2028,,,,2.35,,2.31,-1.7%,5.16,2.2,,-2.5%,+20.3%,-26.3%
ENVA,Extended,Financials and related,Financials,Financial Services,Adj,Dec,EPS,CY2025,11.764,12.734,+8.2%,12.733,-0.0%,12.733,+0.0%,202.55,15.9,+8.2%,+28.8%,+47.9%,+107.4%
ENVA,Extended,Financials and related,Financials,Financial Services,Adj,Dec,EPS,CY2026,13.67,14.311,+4.7%,15.777,+10.2%,16.417,+4.1%,202.55,12.3,+20.1%,+28.8%,+47.9%,+107.4%
ENVA,Extended,Financials and related,Financials,Financial Services,Adj,Dec,EPS,CY2027,,17.788,,18.347,+3.1%,19.923,+8.6%,202.55,10.2,,+28.8%,+47.9%,+107.4%
ENVA,Extended,Financials and related,Financials,Financial Services,Adj,Dec,EPS,CY2028,,,,24.63,,26.48,+7.5%,202.55,7.6,,+28.8%,+47.9%,+107.4%
ECPG,Extended,Financials and related,Financials,Financial Services,Adj,Dec,EPS,CY2025,,9.756,,9.68,-0.8%,9.68,+0.0%,83.05,8.6,,+52.8%,+20.1%,+117.3%
ECPG,Extended,Financials and related,Financials,Financial Services,Adj,Dec,EPS,CY2026,,8.148,,11.978,+47.0%,12.953,+8.1%,83.05,6.4,,+52.8%,+20.1%,+117.3%
ECPG,Extended,Financials and related,Financials,Financial Services,Adj,Dec,EPS,CY2027,,6.42,,10.55,+64.3%,13.765,+30.5%,83.05,6.0,,+52.8%,+20.1%,+117.3%
ECPG,Extended,Financials and related,Financials,Financial Services,Adj,Dec,EPS,CY2028,,10.88,,13.01,+19.6%,16.82,+29.3%,83.05,4.9,,+52.8%,+20.1%,+117.3%
EQR,Extended,Financials and related,Real Estate,Equity Real Estate Investment,Adj,Dec,EPS,CY2025,1.558,2.964,+90.2%,2.845,-4.0%,2.845,+0.0%,64.09,22.5,+82.6%,+1.7%,+8.1%,-6.9%
EQR,Extended,Financials and related,Real Estate,Equity Real Estate Investment,Adj,Dec,EPS,CY2026,1.378,1.833,+33.0%,1.32,-28.0%,1.353,+2.5%,64.09,47.4,-1.8%,+1.7%,+8.1%,-6.9%
EQR,Extended,Financials and related,Real Estate,Equity Real Estate Investment,Adj,Dec,EPS,CY2027,1.987,1.572,-20.9%,1.517,-3.5%,1.6,+5.5%,64.09,40.1,-19.5%,+1.7%,+8.1%,-6.9%
EQR,Extended,Financials and related,Real Estate,Equity Real Estate Investment,Adj,Dec,EPS,CY2028,2.553,1.7,-33.4%,1.648,-3.1%,1.78,+8.0%,64.09,36.0,-30.3%,+1.7%,+8.1%,-6.9%
MCD,Extended,Food / Restaurants,Consumer Discretionary,Consumer Services,Adj,Dec,EPS,CY2025,12.267,12.12,-1.2%,12.137,+0.1%,12.137,+0.0%,278.61,23.0,-1.1%,-8.8%,-10.0%,-3.8%
MCD,Extended,Food / Restaurants,Consumer Discretionary,Consumer Services,Adj,Dec,EPS,CY2026,13.268,13.23,-0.3%,13.223,-0.1%,12.985,-1.8%,278.61,21.5,-2.1%,-8.8%,-10.0%,-3.8%
MCD,Extended,Food / Restaurants,Consumer Discretionary,Consumer Services,Adj,Dec,EPS,CY2027,14.548,14.416,-0.9%,14.414,-0.0%,14.17,-1.7%,278.61,19.7,-2.6%,-8.8%,-10.0%,-3.8%
MCD,Extended,Food / Restaurants,Consumer Discretionary,Consumer Services,Adj,Dec,EPS,CY2028,15.85,15.554,-1.9%,15.578,+0.2%,15.369,-1.3%,278.61,18.1,-3.0%,-8.8%,-10.0%,-3.8%
YUM,Extended,Food / Restaurants,Consumer Discretionary,Consumer Services,Adj,Dec,EPS,CY2025,6.052,6.081,+0.5%,6.059,-0.4%,6.059,+0.0%,151.99,25.1,+0.1%,+0.5%,-2.7%,+9.9%
YUM,Extended,Food / Restaurants,Consumer Discretionary,Consumer Services,Adj,Dec,EPS,CY2026,6.72,6.661,-0.9%,6.653,-0.1%,6.76,+1.6%,151.99,22.5,+0.6%,+0.5%,-2.7%,+9.9%
YUM,Extended,Food / Restaurants,Consumer Discretionary,Consumer Services,Adj,Dec,EPS,CY2027,7.531,7.436,-1.3%,7.46,+0.3%,7.471,+0.1%,151.99,20.3,-0.8%,+0.5%,-2.7%,+9.9%
YUM,Extended,Food / Restaurants,Consumer Discretionary,Consumer Services,Adj,Dec,EPS,CY2028,8.66,8.439,-2.6%,8.408,-0.4%,8.343,-0.8%,151.99,18.2,-3.7%,+0.5%,-2.7%,+9.9%
WEN,Extended,Food / Restaurants,Consumer Discretionary,Consumer Services,Adj,Dec,EPS,CY2025,0.951,0.875,-8.0%,0.872,-0.3%,0.872,+0.0%,6.8,7.8,-8.3%,-18.4%,-3.7%,-40.0%
WEN,Extended,Food / Restaurants,Consumer Discretionary,Consumer Services,Adj,Dec,EPS,CY2026,1.051,0.871,-17.1%,0.584,-33.0%,0.574,-1.7%,6.8,11.8,-45.4%,-18.4%,-3.7%,-40.0%
WEN,Extended,Food / Restaurants,Consumer Discretionary,Consumer Services,Adj,Dec,EPS,CY2027,1.143,0.929,-18.7%,0.665,-28.4%,0.641,-3.6%,6.8,10.6,-43.9%,-18.4%,-3.7%,-40.0%
WEN,Extended,Food / Restaurants,Consumer Discretionary,Consumer Services,Adj,Dec,EPS,CY2028,1.291,1.041,-19.4%,0.751,-27.9%,0.723,-3.7%,6.8,9.4,-44.0%,-18.4%,-3.7%,-40.0%
YUMC,Extended,Food / Restaurants,Consumer Discretionary,Consumer Services,Adj,Dec,EPS,CY2025,2.53,2.502,-1.1%,2.494,-0.3%,2.494,+0.0%,42.93,17.2,-1.4%,-10.1%,-20.1%,+0.4%
YUMC,Extended,Food / Restaurants,Consumer Discretionary,Consumer Services,Adj,Dec,EPS,CY2026,2.878,2.851,-0.9%,2.897,+1.6%,2.901,+0.1%,42.93,14.8,+0.8%,-10.1%,-20.1%,+0.4%
YUMC,Extended,Food / Restaurants,Consumer Discretionary,Consumer Services,Adj,Dec,EPS,CY2027,3.244,3.167,-2.4%,3.237,+2.2%,3.207,-0.9%,42.93,13.4,-1.1%,-10.1%,-20.1%,+0.4%
YUMC,Extended,Food / Restaurants,Consumer Discretionary,Consumer Services,Adj,Dec,EPS,CY2028,3.767,3.602,-4.4%,3.598,-0.1%,3.584,-0.4%,42.93,12.0,-4.9%,-10.1%,-20.1%,+0.4%
SBUX,Extended,Food / Restaurants,Consumer Discretionary,Consumer Services,Adj,Sep,EPS,CY2025,2.469,2.147,-13.0%,2.147,+0.0%,2.147,+0.0%,100.65,46.9,-13.0%,+19.5%,+5.0%,+9.1%
SBUX,Extended,Food / Restaurants,Consumer Discretionary,Consumer Services,Adj,Sep,EPS,CY2026,3.005,2.373,-21.0%,2.294,-3.3%,2.386,+4.0%,100.65,42.2,-20.6%,+19.5%,+5.0%,+9.1%
SBUX,Extended,Food / Restaurants,Consumer Discretionary,Consumer Services,Adj,Sep,EPS,CY2027,3.577,2.991,-16.4%,2.953,-1.3%,3.049,+3.3%,100.65,33.0,-14.8%,+19.5%,+5.0%,+9.1%
SBUX,Extended,Food / Restaurants,Consumer Discretionary,Consumer Services,Adj,Sep,EPS,CY2028,4.208,3.542,-15.8%,3.634,+2.6%,3.688,+1.5%,100.65,27.3,-12.4%,+19.5%,+5.0%,+9.1%
WING,Extended,Food / Restaurants,Consumer Discretionary,Consumer Services,Adj,Dec,EPS,CY2025,3.883,3.928,+1.2%,3.919,-0.2%,3.919,+0.0%,161.78,41.3,+0.9%,-32.2%,-13.6%,-53.8%
WING,Extended,Food / Restaurants,Consumer Discretionary,Consumer Services,Adj,Dec,EPS,CY2026,4.947,4.797,-3.0%,4.687,-2.3%,4.572,-2.5%,161.78,35.4,-7.6%,-32.2%,-13.6%,-53.8%
WING,Extended,Food / Restaurants,Consumer Discretionary,Consumer Services,Adj,Dec,EPS,CY2027,6.343,6.113,-3.6%,5.946,-2.7%,5.566,-6.4%,161.78,29.1,-12.2%,-32.2%,-13.6%,-53.8%
WING,Extended,Food / Restaurants,Consumer Discretionary,Consumer Services,Adj,Dec,EPS,CY2028,7.705,7.74,+0.5%,7.462,-3.6%,6.895,-7.6%,161.78,23.5,-10.5%,-32.2%,-13.6%,-53.8%
CAVA,Extended,Food / Restaurants,Consumer Discretionary,Consumer Services,Adj,Dec,EPS,CY2025,0.582,0.53,-8.9%,0.528,-0.4%,0.528,+0.0%,89.18,168.9,-9.3%,+52.0%,+1.8%,+19.8%
CAVA,Extended,Food / Restaurants,Consumer Discretionary,Consumer Services,Adj,Dec,EPS,CY2026,0.731,0.587,-19.7%,0.513,-12.6%,0.557,+8.6%,89.18,160.1,-23.8%,+52.0%,+1.8%,+19.8%
CAVA,Extended,Food / Restaurants,Consumer Discretionary,Consumer Services,Adj,Dec,EPS,CY2027,1.018,0.739,-27.4%,0.705,-4.6%,0.753,+6.8%,89.18,118.4,-26.0%,+52.0%,+1.8%,+19.8%
CAVA,Extended,Food / Restaurants,Consumer Discretionary,Consumer Services,Adj,Dec,EPS,CY2028,1.353,0.998,-26.2%,0.977,-2.1%,1.055,+8.0%,89.18,84.5,-22.0%,+52.0%,+1.8%,+19.8%
BROS,Extended,Food / Restaurants,Consumer Discretionary,Consumer Services,Adj,Dec,EPS,CY2025,0.596,0.671,+12.6%,0.661,-1.5%,0.661,+0.0%,70.72,107.0,+10.9%,+15.5%,+38.9%,+1.3%
BROS,Extended,Food / Restaurants,Consumer Discretionary,Consumer Services,Adj,Dec,EPS,CY2026,0.819,0.898,+9.6%,0.893,-0.6%,0.932,+4.4%,70.72,75.9,+13.8%,+15.5%,+38.9%,+1.3%
BROS,Extended,Food / Restaurants,Consumer Discretionary,Consumer Services,Adj,Dec,EPS,CY2027,1.055,1.17,+10.9%,1.178,+0.7%,1.213,+3.0%,70.72,58.3,+15.0%,+15.5%,+38.9%,+1.3%
BROS,Extended,Food / Restaurants,Consumer Discretionary,Consumer Services,Adj,Dec,EPS,CY2028,1.47,1.58,+7.5%,1.502,-4.9%,1.56,+3.9%,70.72,45.3,+6.1%,+15.5%,+38.9%,+1.3%
SHAK,Extended,Food / Restaurants,Consumer Discretionary,Consumer Services,Adj,Dec,EPS,CY2025,1.319,1.323,+0.3%,1.281,-3.2%,1.281,+0.0%,59.08,46.1,-2.9%,-27.2%,-33.0%,-54.0%
SHAK,Extended,Food / Restaurants,Consumer Discretionary,Consumer Services,Adj,Dec,EPS,CY2026,1.676,1.618,-3.5%,1.373,-15.1%,1.152,-16.1%,59.08,51.3,-31.3%,-27.2%,-33.0%,-54.0%
SHAK,Extended,Food / Restaurants,Consumer Discretionary,Consumer Services,Adj,Dec,EPS,CY2027,2.164,2.034,-6.0%,1.74,-14.5%,1.51,-13.2%,59.08,39.1,-30.2%,-27.2%,-33.0%,-54.0%
SHAK,Extended,Food / Restaurants,Consumer Discretionary,Consumer Services,Adj,Dec,EPS,CY2028,2.717,2.816,+3.6%,2.252,-20.0%,2.099,-6.8%,59.08,28.1,-22.7%,-27.2%,-33.0%,-54.0%
ARCO,Extended,Food / Restaurants,Consumer Discretionary,Consumer Services,Adj,Dec,EPS,CY2025,0.643,0.953,+48.2%,0.807,-15.3%,0.807,+0.0%,8.55,10.6,+25.5%,+16.5%,+11.5%,+12.2%
ARCO,Extended,Food / Restaurants,Consumer Discretionary,Consumer Services,Adj,Dec,EPS,CY2026,0.794,0.67,-15.6%,0.683,+1.9%,0.741,+8.5%,8.55,11.5,-6.7%,+16.5%,+11.5%,+12.2%
ARCO,Extended,Food / Restaurants,Consumer Discretionary,Consumer Services,Adj,Dec,EPS,CY2027,0.97,0.813,-16.2%,0.807,-0.7%,0.852,+5.6%,8.55,10.0,-12.2%,+16.5%,+11.5%,+12.2%
ARCO,Extended,Food / Restaurants,Consumer Discretionary,Consumer Services,Adj,Dec,EPS,CY2028,1.07,0.857,-19.9%,0.93,+8.5%,1.008,+8.4%,8.55,8.5,-5.8%,+16.5%,+11.5%,+12.2%
EAT,Extended,Food / Restaurants,Consumer Discretionary,Consumer Services,Adj,Dec,EPS,CY2025,0.25,0.145,-42.0%,0.077,-46.9%,0.077,+0.0%,11.16,144.9,-69.2%,-16.7%,-2.1%,-28.3%
EAT,Extended,Food / Restaurants,Consumer Discretionary,Consumer Services,Adj,Dec,EPS,CY2026,0.33,0.27,-18.2%,0.183,-32.2%,0.17,-7.1%,11.16,65.6,-48.5%,-16.7%,-2.1%,-28.3%
EAT,Extended,Food / Restaurants,Consumer Discretionary,Consumer Services,Adj,Dec,EPS,CY2027,0.41,0.345,-15.9%,0.22,-36.2%,0.215,-2.3%,11.16,51.9,-47.6%,-16.7%,-2.1%,-28.3%
EAT,Extended,Food / Restaurants,Consumer Discretionary,Consumer Services,Adj,Dec,EPS,CY2028,,,,0.18,,0.18,+0.0%,11.16,62.0,,-16.7%,-2.1%,-28.3%
DMP,Extended,Food / Restaurants,Consumer Discretionary,Consumer Services,Adj,Jun,EPS,CY2025,1.286,1.266,-1.6%,1.266,+0.0%,1.266,+0.0%,16.69,13.2,-1.6%,-20.5%,-3.1%,-13.7%
DMP,Extended,Food / Restaurants,Consumer Discretionary,Consumer Services,Adj,Jun,EPS,CY2026,1.5,1.259,-16.1%,1.263,+0.3%,1.257,-0.5%,16.69,13.3,-16.2%,-20.5%,-3.1%,-13.7%
DMP,Extended,Food / Restaurants,Consumer Discretionary,Consumer Services,Adj,Jun,EPS,CY2027,1.751,1.425,-18.6%,1.411,-1.0%,1.369,-3.0%,16.69,12.2,-21.8%,-20.5%,-3.1%,-13.7%
DMP,Extended,Food / Restaurants,Consumer Discretionary,Consumer Services,Adj,Jun,EPS,CY2028,2.257,1.61,-28.7%,1.577,-2.0%,1.521,-3.6%,16.69,11.0,-32.6%,-20.5%,-3.1%,-13.7%
DOM,Extended,Food / Restaurants,Consumer Discretionary,Consumer Services,Adj,Dec,EPS,CY2025,0.207,0.176,-15.0%,0.176,+0.0%,0.176,+0.0%,186.8,10.6,-15.0%,+7.7%,+7.6%,-26.2%
DOM,Extended,Food / Restaurants,Consumer Discretionary,Consumer Services,Adj,Dec,EPS,CY2026,0.227,0.184,-18.9%,0.181,-1.6%,0.18,-0.6%,186.8,10.4,-20.7%,+7.7%,+7.6%,-26.2%
DOM,Extended,Food / Restaurants,Consumer Discretionary,Consumer Services,Adj,Dec,EPS,CY2027,0.251,0.198,-21.1%,0.191,-3.5%,0.192,+0.5%,186.8,9.7,-23.5%,+7.7%,+7.6%,-26.2%
DOM,Extended,Food / Restaurants,Consumer Discretionary,Consumer Services,Adj,Dec,EPS,CY2028,,0.219,,0.203,-7.3%,0.202,-0.5%,186.8,9.2,,+7.7%,+7.6%,-26.2%
LW,Extended,Food / Restaurants,Consumer Staples,"Food, Beverage & Tobacco",Adj,May,EPS,CY2025,3.123,3.116,-0.2%,3.116,+0.0%,3.116,+0.0%,45.06,14.5,-0.2%,+7.6%,+10.9%,-15.3%
LW,Extended,Food / Restaurants,Consumer Staples,"Food, Beverage & Tobacco",Adj,May,EPS,CY2026,3.456,2.971,-14.0%,2.709,-8.8%,2.807,+3.6%,45.06,16.1,-18.8%,+7.6%,+10.9%,-15.3%
LW,Extended,Food / Restaurants,Consumer Staples,"Food, Beverage & Tobacco",Adj,May,EPS,CY2027,3.895,3.443,-11.6%,2.984,-13.3%,2.989,+0.2%,45.06,15.1,-23.3%,+7.6%,+10.9%,-15.3%
LW,Extended,Food / Restaurants,Consumer Staples,"Food, Beverage & Tobacco",Adj,May,EPS,CY2028,,3.923,,3.503,-10.7%,3.438,-1.9%,45.06,13.1,,+7.6%,+10.9%,-15.3%
SYY,Extended,Food / Restaurants,Consumer Staples,Consumer Staples Distribution,Adj,Jun,EPS,CY2025,4.378,4.376,-0.0%,4.376,+0.0%,4.376,+0.0%,78.7,18.0,-0.0%,+6.8%,-3.6%,+6.4%
SYY,Extended,Food / Restaurants,Consumer Staples,Consumer Staples Distribution,Adj,Jun,EPS,CY2026,4.679,4.595,-1.8%,4.592,-0.1%,4.587,-0.1%,78.7,17.2,-2.0%,+6.8%,-3.6%,+6.4%
SYY,Extended,Food / Restaurants,Consumer Staples,Consumer Staples Distribution,Adj,Jun,EPS,CY2027,5.144,5.054,-1.7%,5.068,+0.3%,4.946,-2.4%,78.7,15.9,-3.8%,+6.8%,-3.6%,+6.4%
SYY,Extended,Food / Restaurants,Consumer Staples,Consumer Staples Distribution,Adj,Jun,EPS,CY2028,5.551,5.473,-1.4%,5.5,+0.5%,5.301,-3.6%,78.7,14.8,-4.5%,+6.8%,-3.6%,+6.4%
USFD,Extended,Food / Restaurants,Consumer Staples,Consumer Staples Distribution,Adj,Dec,EPS,CY2025,3.816,3.944,+3.4%,3.941,-0.1%,3.941,+0.0%,91.91,23.3,+3.3%,+22.0%,+2.9%,+22.1%
USFD,Extended,Food / Restaurants,Consumer Staples,Consumer Staples Distribution,Adj,Dec,EPS,CY2026,4.547,4.676,+2.8%,4.773,+2.1%,4.717,-1.2%,91.91,19.5,+3.7%,+22.0%,+2.9%,+22.1%
USFD,Extended,Food / Restaurants,Consumer Staples,Consumer Staples Distribution,Adj,Dec,EPS,CY2027,5.268,5.5,+4.4%,5.634,+2.4%,5.524,-2.0%,91.91,16.6,+4.9%,+22.0%,+2.9%,+22.1%
USFD,Extended,Food / Restaurants,Consumer Staples,Consumer Staples Distribution,Adj,Dec,EPS,CY2028,6.057,6.584,+8.7%,6.573,-0.2%,6.422,-2.3%,91.91,14.3,+6.0%,+22.0%,+2.9%,+22.1%
PZZA,Extended,Food / Restaurants,Consumer Discretionary,Consumer Services,Adj,Dec,EPS,CY2025,1.646,1.426,-13.4%,1.406,-1.4%,1.406,+0.0%,36.47,25.9,-14.6%,-5.2%,+8.2%,-25.5%
PZZA,Extended,Food / Restaurants,Consumer Discretionary,Consumer Services,Adj,Dec,EPS,CY2026,2.252,1.845,-18.1%,1.528,-17.2%,1.48,-3.1%,36.47,24.6,-34.3%,-5.2%,+8.2%,-25.5%
PZZA,Extended,Food / Restaurants,Consumer Discretionary,Consumer Services,Adj,Dec,EPS,CY2027,2.862,2.247,-21.5%,1.826,-18.7%,1.743,-4.5%,36.47,20.9,-39.1%,-5.2%,+8.2%,-25.5%
PZZA,Extended,Food / Restaurants,Consumer Discretionary,Consumer Services,Adj,Dec,EPS,CY2028,3.74,2.475,-33.8%,1.984,-19.8%,1.978,-0.3%,36.47,18.4,-47.1%,-5.2%,+8.2%,-25.5%
CASY,Extended,Food / Restaurants,Consumer Staples,Consumer Staples Distribution,Adj,Apr,EPS,CY2025,13.951,13.951,+0.0%,13.951,+0.0%,13.951,+0.0%,842.25,60.4,+0.0%,+52.4%,+26.6%,+66.4%
CASY,Extended,Food / Restaurants,Consumer Staples,Consumer Staples Distribution,Adj,Apr,EPS,CY2026,15.828,17.127,+8.2%,18.108,+5.7%,18.204,+0.5%,842.25,46.3,+15.0%,+52.4%,+26.6%,+66.4%
CASY,Extended,Food / Restaurants,Consumer Staples,Consumer Staples Distribution,Adj,Apr,EPS,CY2027,17.819,18.859,+5.8%,19.935,+5.7%,21.109,+5.9%,842.25,39.9,+18.5%,+52.4%,+26.6%,+66.4%
CASY,Extended,Food / Restaurants,Consumer Staples,Consumer Staples Distribution,Adj,Apr,EPS,CY2028,20.057,20.892,+4.2%,22.081,+5.7%,23.208,+5.1%,842.25,36.3,+15.7%,+52.4%,+26.6%,+66.4%
ACI,Extended,Food / Restaurants,Consumer Staples,Consumer Staples Distribution,Adj,Feb,EPS,CY2025,2.122,2.14,+0.8%,2.143,+0.1%,2.143,+0.0%,13.45,6.3,+1.0%,-21.7%,-22.4%,-36.2%
ACI,Extended,Food / Restaurants,Consumer Staples,Consumer Staples Distribution,Adj,Feb,EPS,CY2026,2.237,2.314,+3.4%,2.299,-0.6%,2.304,+0.2%,13.45,5.8,+3.0%,-21.7%,-22.4%,-36.2%
ACI,Extended,Food / Restaurants,Consumer Staples,Consumer Staples Distribution,Adj,Feb,EPS,CY2027,2.398,2.504,+4.4%,2.488,-0.6%,2.459,-1.2%,13.45,5.5,+2.5%,-21.7%,-22.4%,-36.2%
ACI,Extended,Food / Restaurants,Consumer Staples,Consumer Staples Distribution,Adj,Feb,EPS,CY2028,2.248,2.528,+12.5%,2.63,+4.0%,2.676,+1.7%,13.45,5.0,+19.0%,-21.7%,-22.4%,-36.2%
DIN,Extended,Food / Restaurants,Consumer Discretionary,Consumer Services,Adj,Dec,EPS,CY2025,4.871,4.019,-17.5%,3.984,-0.9%,3.984,+0.0%,34.16,8.6,-18.2%,+6.3%,+17.0%,+27.5%
DIN,Extended,Food / Restaurants,Consumer Discretionary,Consumer Services,Adj,Dec,EPS,CY2026,5.176,4.853,-6.2%,4.755,-2.0%,4.546,-4.4%,34.16,7.5,-12.2%,+6.3%,+17.0%,+27.5%
DIN,Extended,Food / Restaurants,Consumer Discretionary,Consumer Services,Adj,Dec,EPS,CY2027,,5.21,,5.282,+1.4%,5.092,-3.6%,34.16,6.7,,+6.3%,+17.0%,+27.5%
DIN,Extended,Food / Restaurants,Consumer Discretionary,Consumer Services,Adj,Dec,EPS,CY2028,,6.75,,5.925,-12.2%,5.875,-0.8%,34.16,5.8,,+6.3%,+17.0%,+27.5%
KR,Extended,Food / Restaurants,Consumer Staples,Consumer Staples Distribution,Adj,Jan,EPS,CY2025,4.726,4.801,+1.6%,4.805,+0.1%,4.805,+0.0%,56.61,11.8,+1.7%,-9.4%,-23.3%,-13.6%
KR,Extended,Food / Restaurants,Consumer Staples,Consumer Staples Distribution,Adj,Jan,EPS,CY2026,5.12,5.32,+3.9%,5.208,-2.1%,5.217,+0.2%,56.61,10.9,+1.9%,-9.4%,-23.3%,-13.6%
KR,Extended,Food / Restaurants,Consumer Staples,Consumer Staples Distribution,Adj,Jan,EPS,CY2027,5.419,5.664,+4.5%,5.558,-1.9%,5.539,-0.3%,56.61,10.2,+2.2%,-9.4%,-23.3%,-13.6%
KR,Extended,Food / Restaurants,Consumer Staples,Consumer Staples Distribution,Adj,Jan,EPS,CY2028,5.253,5.954,+13.3%,5.891,-1.1%,5.954,+1.1%,56.61,9.5,+13.3%,-9.4%,-23.3%,-13.6%
MRSH,Extended,Insurance Brokers / Consultants,Financials,Insurance,Adj,Dec,EPS,CY2025,9.457,9.602,+1.5%,9.602,+0.0%,9.602,+0.0%,162.41,16.9,+1.5%,-12.5%,-5.0%,-24.2%
MRSH,Extended,Insurance Brokers / Consultants,Financials,Insurance,Adj,Dec,EPS,CY2026,10.262,10.303,+0.4%,10.383,+0.8%,10.375,-0.1%,162.41,15.7,+1.1%,-12.5%,-5.0%,-24.2%
MRSH,Extended,Insurance Brokers / Consultants,Financials,Insurance,Adj,Dec,EPS,CY2027,11.241,11.228,-0.1%,11.331,+0.9%,11.293,-0.3%,162.41,14.4,+0.5%,-12.5%,-5.0%,-24.2%
MRSH,Extended,Insurance Brokers / Consultants,Financials,Insurance,Adj,Dec,EPS,CY2028,12.967,12.628,-2.6%,12.348,-2.2%,12.299,-0.4%,162.41,13.2,-5.2%,-12.5%,-5.0%,-24.2%
WTW,Extended,Insurance Brokers / Consultants,Financials,Insurance,Adj,Dec,EPS,CY2025,16.654,16.855,+1.2%,16.945,+0.5%,16.945,+0.0%,255.2,15.1,+1.7%,-22.3%,-11.1%,-14.2%
WTW,Extended,Insurance Brokers / Consultants,Financials,Insurance,Adj,Dec,EPS,CY2026,19.009,19.215,+1.1%,19.675,+2.4%,19.514,-0.8%,255.2,13.1,+2.7%,-22.3%,-11.1%,-14.2%
WTW,Extended,Insurance Brokers / Consultants,Financials,Insurance,Adj,Dec,EPS,CY2027,21.657,22.084,+2.0%,22.422,+1.5%,22.163,-1.2%,255.2,11.5,+2.3%,-22.3%,-11.1%,-14.2%
WTW,Extended,Insurance Brokers / Consultants,Financials,Insurance,Adj,Dec,EPS,CY2028,23.645,24.945,+5.5%,25.206,+1.0%,24.946,-1.0%,255.2,10.2,+5.5%,-22.3%,-11.1%,-14.2%
AJG,Extended,Insurance Brokers / Consultants,Financials,Insurance,Adj,Dec,EPS,CY2025,11.079,10.758,-2.9%,10.7,-0.5%,10.7,+0.0%,214.06,20.0,-3.4%,-17.3%,+2.1%,-32.5%
AJG,Extended,Insurance Brokers / Consultants,Financials,Insurance,Adj,Dec,EPS,CY2026,13.564,13.373,-1.4%,13.225,-1.1%,12.975,-1.9%,214.06,16.5,-4.3%,-17.3%,+2.1%,-32.5%
AJG,Extended,Insurance Brokers / Consultants,Financials,Insurance,Adj,Dec,EPS,CY2027,15.021,15.024,+0.0%,14.711,-2.1%,14.39,-2.2%,214.06,14.9,-4.2%,-17.3%,+2.1%,-32.5%
AJG,Extended,Insurance Brokers / Consultants,Financials,Insurance,Adj,Dec,EPS,CY2028,16.58,16.46,-0.7%,16.665,+1.2%,16.37,-1.8%,214.06,13.1,-1.3%,-17.3%,+2.1%,-32.5%
BRO,Extended,Insurance Brokers / Consultants,Financials,Insurance,Adj,Dec,EPS,CY2025,4.172,4.248,+1.8%,4.264,+0.4%,4.264,+0.0%,59.1,13.9,+2.2%,-25.8%,-11.2%,-45.4%
BRO,Extended,Insurance Brokers / Consultants,Financials,Insurance,Adj,Dec,EPS,CY2026,4.639,4.649,+0.2%,4.542,-2.3%,4.509,-0.7%,59.1,13.1,-2.8%,-25.8%,-11.2%,-45.4%
BRO,Extended,Insurance Brokers / Consultants,Financials,Insurance,Adj,Dec,EPS,CY2027,5.07,5.06,-0.2%,4.922,-2.7%,4.89,-0.7%,59.1,12.1,-3.6%,-25.8%,-11.2%,-45.4%
BRO,Extended,Insurance Brokers / Consultants,Financials,Insurance,Adj,Dec,EPS,CY2028,,5.605,,5.294,-5.5%,5.172,-2.3%,59.1,11.4,,-25.8%,-11.2%,-45.4%
ACN,Extended,Insurance Brokers / Consultants,Information Technology,Software & Services,Adj,Aug,EPS,CY2025,12.751,12.899,+1.2%,12.899,+0.0%,12.899,+0.0%,127.98,9.9,+1.2%,-52.3%,-37.1%,-58.2%
ACN,Extended,Insurance Brokers / Consultants,Information Technology,Software & Services,Adj,Aug,EPS,CY2026,13.669,13.848,+1.3%,13.903,+0.4%,13.853,-0.4%,127.98,9.2,+1.3%,-52.3%,-37.1%,-58.2%
ACN,Extended,Insurance Brokers / Consultants,Information Technology,Software & Services,Adj,Aug,EPS,CY2027,14.885,14.901,+0.1%,14.938,+0.2%,14.831,-0.7%,127.98,8.6,-0.4%,-52.3%,-37.1%,-58.2%
ACN,Extended,Insurance Brokers / Consultants,Information Technology,Software & Services,Adj,Aug,EPS,CY2028,16.496,16.117,-2.3%,16.238,+0.8%,16.037,-1.2%,127.98,8.0,-2.8%,-52.3%,-37.1%,-58.2%
CTSH,Extended,Insurance Brokers / Consultants,Information Technology,Software & Services,Adj,Dec,EPS,CY2025,5.089,5.249,+3.1%,5.248,-0.0%,5.248,+0.0%,43.7,8.3,+3.1%,-47.3%,-29.0%,-44.8%
CTSH,Extended,Insurance Brokers / Consultants,Information Technology,Software & Services,Adj,Dec,EPS,CY2026,5.459,5.625,+3.0%,5.639,+0.2%,5.71,+1.3%,43.7,7.7,+4.6%,-47.3%,-29.0%,-44.8%
CTSH,Extended,Insurance Brokers / Consultants,Information Technology,Software & Services,Adj,Dec,EPS,CY2027,5.901,6.106,+3.5%,6.113,+0.1%,6.188,+1.2%,43.7,7.1,+4.9%,-47.3%,-29.0%,-44.8%
CTSH,Extended,Insurance Brokers / Consultants,Information Technology,Software & Services,Adj,Dec,EPS,CY2028,,6.507,,6.658,+2.3%,6.774,+1.7%,43.7,6.5,,-47.3%,-29.0%,-44.8%
CNDT,Extended,Insurance Brokers / Consultants,Industrials,Commercial & Professional Serv,Adj,Dec,EPS,CY2025,,-0.42,,-0.42,+0.0%,-0.42,+0.0%,1.4,-3.3,,-27.1%,+15.7%,-48.3%
CNDT,Extended,Insurance Brokers / Consultants,Industrials,Commercial & Professional Serv,Adj,Dec,EPS,CY2026,,0.005,,-0.46,-9300.0%,-0.29,+37.0%,1.4,-4.8,,-27.1%,+15.7%,-48.3%
CNDT,Extended,Insurance Brokers / Consultants,Industrials,Commercial & Professional Serv,Adj,Dec,EPS,CY2027,,0.16,,-0.06,-137.5%,-0.08,-33.3%,1.4,-17.5,,-27.1%,+15.7%,-48.3%
CNDT,Extended,Insurance Brokers / Consultants,Industrials,Commercial & Professional Serv,Adj,Dec,EPS,CY2028,,,,,,,,1.4,,,-27.1%,+15.7%,-48.3%
TCS,Extended,Insurance Brokers / Consultants,Information Technology,Software & Services,GAAP,Mar,EPS,CY2025,143.283,141.874,-1.0%,140.442,-1.0%,140.162,-0.2%,2125.0,15.2,-2.2%,-32.8%,-11.1%,-37.2%
TCS,Extended,Insurance Brokers / Consultants,Information Technology,Software & Services,GAAP,Mar,EPS,CY2026,157.242,151.962,-3.4%,153.865,+1.3%,155.393,+1.0%,2125.0,13.7,-1.2%,-32.8%,-11.1%,-37.2%
TCS,Extended,Insurance Brokers / Consultants,Information Technology,Software & Services,GAAP,Mar,EPS,CY2027,169.191,163.873,-3.1%,164.653,+0.5%,165.001,+0.2%,2125.0,12.9,-2.5%,-32.8%,-11.1%,-37.2%
TCS,Extended,Insurance Brokers / Consultants,Information Technology,Software & Services,GAAP,Mar,EPS,CY2028,207.487,170.148,-18.0%,178.405,+4.9%,173.781,-2.6%,2125.0,12.2,-16.2%,-32.8%,-11.1%,-37.2%
DXC,Extended,Insurance Brokers / Consultants,Information Technology,Software & Services,Adj,Mar,EPS,CY2025,3.005,3.098,+3.1%,3.178,+2.6%,3.178,+0.0%,8.6,2.7,+5.8%,-41.3%,-28.2%,-41.7%
DXC,Extended,Insurance Brokers / Consultants,Information Technology,Software & Services,Adj,Mar,EPS,CY2026,3.147,3.142,-0.2%,3.304,+5.2%,2.568,-22.3%,8.6,3.3,-18.4%,-41.3%,-28.2%,-41.7%
DXC,Extended,Insurance Brokers / Consultants,Information Technology,Software & Services,Adj,Mar,EPS,CY2027,3.19,3.36,+5.3%,3.56,+6.0%,3.041,-14.6%,8.6,2.8,-4.7%,-41.3%,-28.2%,-41.7%
DXC,Extended,Insurance Brokers / Consultants,Information Technology,Software & Services,Adj,Mar,EPS,CY2028,,2.84,,3.25,+14.4%,3.397,+4.5%,8.6,2.5,,-41.3%,-28.2%,-41.7%
RHI,Extended,Insurance Brokers / Consultants,Industrials,Commercial & Professional Serv,Adj,Dec,EPS,CY2025,1.728,1.328,-23.1%,1.327,-0.1%,1.327,+0.0%,31.59,23.8,-23.2%,+16.3%,+37.6%,-23.6%
RHI,Extended,Insurance Brokers / Consultants,Industrials,Commercial & Professional Serv,Adj,Dec,EPS,CY2026,2.678,1.725,-35.6%,1.487,-13.8%,1.32,-11.2%,31.59,23.9,-50.7%,+16.3%,+37.6%,-23.6%
RHI,Extended,Insurance Brokers / Consultants,Industrials,Commercial & Professional Serv,Adj,Dec,EPS,CY2027,3.813,2.506,-34.3%,2.331,-7.0%,2.073,-11.1%,31.59,15.2,-45.6%,+16.3%,+37.6%,-23.6%
RHI,Extended,Insurance Brokers / Consultants,Industrials,Commercial & Professional Serv,Adj,Dec,EPS,CY2028,,2.977,,2.97,-0.2%,2.595,-12.6%,31.59,12.2,,+16.3%,+37.6%,-23.6%
MAN,Extended,Insurance Brokers / Consultants,Industrials,Commercial & Professional Serv,Adj,Dec,EPS,CY2025,2.832,2.872,+1.4%,2.87,-0.1%,2.87,+0.0%,33.55,11.7,+1.3%,+12.8%,+27.6%,-15.7%
MAN,Extended,Insurance Brokers / Consultants,Industrials,Commercial & Professional Serv,Adj,Dec,EPS,CY2026,4.29,3.799,-11.4%,3.673,-3.3%,3.676,+0.1%,33.55,9.1,-14.3%,+12.8%,+27.6%,-15.7%
MAN,Extended,Insurance Brokers / Consultants,Industrials,Commercial & Professional Serv,Adj,Dec,EPS,CY2027,5.578,5.309,-4.8%,4.954,-6.7%,4.79,-3.3%,33.55,7.0,-14.1%,+12.8%,+27.6%,-15.7%
MAN,Extended,Insurance Brokers / Consultants,Industrials,Commercial & Professional Serv,Adj,Dec,EPS,CY2028,,5.885,,5.955,+1.2%,6.384,+7.2%,33.55,5.3,,+12.8%,+27.6%,-15.7%
FCN,Extended,Insurance Brokers / Consultants,Industrials,Commercial & Professional Serv,Adj,Dec,EPS,CY2025,8.067,8.507,+5.5%,8.513,+0.1%,8.513,+0.0%,145.58,17.1,+5.5%,-14.8%,-14.0%,-9.8%
FCN,Extended,Insurance Brokers / Consultants,Industrials,Commercial & Professional Serv,Adj,Dec,EPS,CY2026,8.997,9.467,+5.2%,9.28,-2.0%,9.257,-0.2%,145.58,15.7,+2.9%,-14.8%,-14.0%,-9.8%
FCN,Extended,Insurance Brokers / Consultants,Industrials,Commercial & Professional Serv,Adj,Dec,EPS,CY2027,10.51,11.08,+5.4%,11.07,-0.1%,11.147,+0.7%,145.58,13.1,+6.1%,-14.8%,-14.0%,-9.8%
FCN,Extended,Insurance Brokers / Consultants,Industrials,Commercial & Professional Serv,Adj,Dec,EPS,CY2028,,,,12.2,,12.43,+1.9%,145.58,11.7,,-14.8%,-14.0%,-9.8%
JLL,Extended,Insurance Brokers / Consultants,Real Estate,Real Estate Management & Devel,Adj,Dec,EPS,CY2025,16.634,17.37,+4.4%,17.431,+0.4%,17.431,+0.0%,297.29,17.1,+4.8%,-11.6%,-0.9%,+25.2%
JLL,Extended,Insurance Brokers / Consultants,Real Estate,Real Estate Management & Devel,Adj,Dec,EPS,CY2026,19.986,20.348,+1.8%,21.978,+8.0%,23.039,+4.8%,297.29,12.9,+15.3%,-11.6%,-0.9%,+25.2%
JLL,Extended,Insurance Brokers / Consultants,Real Estate,Real Estate Management & Devel,Adj,Dec,EPS,CY2027,21.908,23.098,+5.4%,24.897,+7.8%,26.191,+5.2%,297.29,11.4,+19.5%,-11.6%,-0.9%,+25.2%
JLL,Extended,Insurance Brokers / Consultants,Real Estate,Real Estate Management & Devel,Adj,Dec,EPS,CY2028,25.653,25.858,+0.8%,28.094,+8.6%,29.773,+6.0%,297.29,10.0,+16.1%,-11.6%,-0.9%,+25.2%
G,Extended,Insurance Brokers / Consultants,Industrials,Commercial & Professional Serv,Adj,Dec,EPS,CY2025,3.466,3.618,+4.4%,3.619,+0.0%,3.619,+0.0%,28.25,7.8,+4.4%,-39.6%,-26.3%,-32.9%
G,Extended,Insurance Brokers / Consultants,Industrials,Commercial & Professional Serv,Adj,Dec,EPS,CY2026,3.763,3.947,+4.9%,4.021,+1.9%,4.08,+1.5%,28.25,6.9,+8.4%,-39.6%,-26.3%,-32.9%
G,Extended,Insurance Brokers / Consultants,Industrials,Commercial & Professional Serv,Adj,Dec,EPS,CY2027,4.226,4.41,+4.4%,4.45,+0.9%,4.493,+1.0%,28.25,6.3,+6.3%,-39.6%,-26.3%,-32.9%
G,Extended,Insurance Brokers / Consultants,Industrials,Commercial & Professional Serv,Adj,Dec,EPS,CY2028,4.74,4.795,+1.2%,5.003,+4.3%,5.056,+1.1%,28.25,5.6,+6.7%,-39.6%,-26.3%,-32.9%
CBRE,Extended,Insurance Brokers / Consultants,Real Estate,Real Estate Management & Devel,Adj,Dec,EPS,CY2025,5.975,6.342,+6.1%,6.337,-0.1%,6.337,+0.0%,131.55,20.8,+6.1%,-18.2%,-1.2%,-1.4%
CBRE,Extended,Insurance Brokers / Consultants,Real Estate,Real Estate Management & Devel,Adj,Dec,EPS,CY2026,7.1,7.409,+4.4%,7.48,+1.0%,7.699,+2.9%,131.55,17.1,+8.4%,-18.2%,-1.2%,-1.4%
CBRE,Extended,Insurance Brokers / Consultants,Real Estate,Real Estate Management & Devel,Adj,Dec,EPS,CY2027,8.19,8.594,+4.9%,8.747,+1.8%,8.928,+2.1%,131.55,14.7,+9.0%,-18.2%,-1.2%,-1.4%
CBRE,Extended,Insurance Brokers / Consultants,Real Estate,Real Estate Management & Devel,Adj,Dec,EPS,CY2028,9.394,9.684,+3.1%,9.931,+2.6%,10.189,+2.6%,131.55,12.9,+8.5%,-18.2%,-1.2%,-1.4%
NSP,Extended,Insurance Brokers / Consultants,Industrials,Commercial & Professional Serv,Adj,Dec,EPS,CY2025,,1.144,,1.144,+0.0%,1.144,+0.0%,36.22,31.7,,-6.5%,+59.4%,-39.8%
NSP,Extended,Insurance Brokers / Consultants,Industrials,Commercial & Professional Serv,Adj,Dec,EPS,CY2026,,2.544,,2.142,-15.8%,2.09,-2.4%,36.22,17.3,,-6.5%,+59.4%,-39.8%
NSP,Extended,Insurance Brokers / Consultants,Industrials,Commercial & Professional Serv,Adj,Dec,EPS,CY2027,,3.513,,3.092,-12.0%,2.89,-6.5%,36.22,12.5,,-6.5%,+59.4%,-39.8%
NSP,Extended,Insurance Brokers / Consultants,Industrials,Commercial & Professional Serv,Adj,Dec,EPS,CY2028,,4.38,,3.92,-10.5%,3.66,-6.6%,36.22,9.9,,-6.5%,+59.4%,-39.8%
BAC,Extended,Banks,Financials,Banks,GAAP,Dec,EPS,CY2025,3.638,3.825,+5.1%,3.818,-0.2%,3.818,+0.0%,56.2,14.7,+4.9%,+2.2%,+19.5%,+24.7%
BAC,Extended,Banks,Financials,Banks,GAAP,Dec,EPS,CY2026,4.226,4.357,+3.1%,4.334,-0.5%,4.481,+3.4%,56.2,12.5,+6.0%,+2.2%,+19.5%,+24.7%
BAC,Extended,Banks,Financials,Banks,GAAP,Dec,EPS,CY2027,4.631,4.972,+7.4%,4.948,-0.5%,5.062,+2.3%,56.2,11.1,+9.3%,+2.2%,+19.5%,+24.7%
BAC,Extended,Banks,Financials,Banks,GAAP,Dec,EPS,CY2028,4.15,5.71,+37.6%,5.613,-1.7%,5.779,+3.0%,56.2,9.7,+39.3%,+2.2%,+19.5%,+24.7%
WFC,Extended,Banks,Financials,Banks,GAAP,Dec,EPS,CY2025,5.818,6.341,+9.0%,6.332,-0.1%,6.332,+0.0%,82.2,13.0,+8.8%,-11.8%,+7.6%,+10.0%
WFC,Extended,Banks,Financials,Banks,GAAP,Dec,EPS,CY2026,6.585,7.012,+6.5%,7.009,-0.0%,6.963,-0.7%,82.2,11.8,+5.7%,-11.8%,+7.6%,+10.0%
WFC,Extended,Banks,Financials,Banks,GAAP,Dec,EPS,CY2027,7.531,7.963,+5.7%,7.91,-0.7%,7.836,-0.9%,82.2,10.5,+4.0%,-11.8%,+7.6%,+10.0%
WFC,Extended,Banks,Financials,Banks,GAAP,Dec,EPS,CY2028,8.45,8.985,+6.3%,8.893,-1.0%,8.774,-1.3%,82.2,9.4,+3.8%,-11.8%,+7.6%,+10.0%
USB,Extended,Banks,Financials,Banks,Adj,Dec,EPS,CY2025,4.31,4.54,+5.3%,4.573,+0.7%,4.573,+0.0%,58.14,12.7,+6.1%,+9.0%,+13.3%,+34.4%
USB,Extended,Banks,Financials,Banks,Adj,Dec,EPS,CY2026,4.766,4.902,+2.9%,5.053,+3.1%,5.109,+1.1%,58.14,11.4,+7.2%,+9.0%,+13.3%,+34.4%
USB,Extended,Banks,Financials,Banks,Adj,Dec,EPS,CY2027,4.948,5.389,+8.9%,5.607,+4.0%,5.689,+1.5%,58.14,10.2,+15.0%,+9.0%,+13.3%,+34.4%
USB,Extended,Banks,Financials,Banks,Adj,Dec,EPS,CY2028,4.77,5.625,+17.9%,6.0,+6.7%,6.22,+3.7%,58.14,9.3,+30.4%,+9.0%,+13.3%,+34.4%
PNC,Extended,Banks,Financials,Banks,Adj,Dec,EPS,CY2025,14.944,15.953,+6.8%,16.078,+0.8%,16.078,+0.0%,232.04,14.4,+7.6%,+11.2%,+14.8%,+32.4%
PNC,Extended,Banks,Financials,Banks,Adj,Dec,EPS,CY2026,17.175,17.826,+3.8%,18.522,+3.9%,18.781,+1.4%,232.04,12.4,+9.4%,+11.2%,+14.8%,+32.4%
PNC,Extended,Banks,Financials,Banks,Adj,Dec,EPS,CY2027,19.173,19.904,+3.8%,20.633,+3.7%,21.047,+2.0%,232.04,11.0,+9.8%,+11.2%,+14.8%,+32.4%
PNC,Extended,Banks,Financials,Banks,Adj,Dec,EPS,CY2028,16.81,21.18,+26.0%,22.252,+5.1%,22.776,+2.4%,232.04,10.2,+35.5%,+11.2%,+14.8%,+32.4%
GS,Extended,Banks,Financials,Financial Services,GAAP,Dec,EPS,CY2025,44.821,49.017,+9.4%,49.193,+0.4%,49.193,+0.0%,1096.56,22.3,+9.8%,+24.8%,+35.5%,+72.6%
GS,Extended,Banks,Financials,Financial Services,GAAP,Dec,EPS,CY2026,49.665,55.167,+11.1%,58.425,+5.9%,59.508,+1.9%,1096.56,18.4,+19.8%,+24.8%,+35.5%,+72.6%
GS,Extended,Banks,Financials,Financial Services,GAAP,Dec,EPS,CY2027,54.864,62.05,+13.1%,65.366,+5.3%,65.487,+0.2%,1096.56,16.7,+19.4%,+24.8%,+35.5%,+72.6%
GS,Extended,Banks,Financials,Financial Services,GAAP,Dec,EPS,CY2028,55.445,66.566,+20.1%,68.688,+3.2%,70.718,+3.0%,1096.56,15.5,+27.5%,+24.8%,+35.5%,+72.6%
MS,Extended,Banks,Financials,Financial Services,GAAP,Dec,EPS,CY2025,8.623,9.898,+14.8%,9.922,+0.2%,9.922,+0.0%,223.17,22.5,+15.1%,+25.7%,+40.8%,+68.4%
MS,Extended,Banks,Financials,Financial Services,GAAP,Dec,EPS,CY2026,9.242,10.611,+14.8%,11.33,+6.8%,11.888,+4.9%,223.17,18.8,+28.6%,+25.7%,+40.8%,+68.4%
MS,Extended,Banks,Financials,Financial Services,GAAP,Dec,EPS,CY2027,,11.716,,12.186,+4.0%,12.758,+4.7%,223.17,17.5,,+25.7%,+40.8%,+68.4%
MS,Extended,Banks,Financials,Financial Services,GAAP,Dec,EPS,CY2028,,12.678,,12.712,+0.3%,13.764,+8.3%,223.17,16.2,,+25.7%,+40.8%,+68.4%
C,Extended,Banks,Financials,Banks,GAAP,Dec,EPS,CY2025,7.295,7.569,+3.8%,7.213,-4.7%,7.213,+0.0%,143.06,19.8,-1.1%,+22.6%,+30.2%,+82.6%
C,Extended,Banks,Financials,Banks,GAAP,Dec,EPS,CY2026,9.282,10.008,+7.8%,10.305,+3.0%,10.855,+5.3%,143.06,13.2,+16.9%,+22.6%,+30.2%,+82.6%
C,Extended,Banks,Financials,Banks,GAAP,Dec,EPS,CY2027,10.949,11.828,+8.0%,12.096,+2.3%,12.491,+3.3%,143.06,11.5,+14.1%,+22.6%,+30.2%,+82.6%
C,Extended,Banks,Financials,Banks,GAAP,Dec,EPS,CY2028,8.21,9.05,+10.2%,14.26,+57.6%,14.479,+1.5%,143.06,9.9,+76.4%,+22.6%,+30.2%,+82.6%
TFC,Extended,Banks,Financials,Banks,Adj,Dec,EPS,CY2025,3.91,3.924,+0.4%,3.966,+1.1%,3.966,+0.0%,48.33,12.2,+1.4%,-1.8%,+10.1%,+21.4%
TFC,Extended,Banks,Financials,Banks,Adj,Dec,EPS,CY2026,4.425,4.459,+0.8%,4.431,-0.6%,4.531,+2.3%,48.33,10.7,+2.4%,-1.8%,+10.1%,+21.4%
TFC,Extended,Banks,Financials,Banks,Adj,Dec,EPS,CY2027,4.833,5.089,+5.3%,5.07,-0.4%,5.112,+0.8%,48.33,9.5,+5.8%,-1.8%,+10.1%,+21.4%
TFC,Extended,Banks,Financials,Banks,Adj,Dec,EPS,CY2028,4.86,5.46,+12.3%,5.63,+3.1%,5.688,+1.0%,48.33,8.5,+17.0%,-1.8%,+10.1%,+21.4%
MTB,Extended,Banks,Financials,Banks,Adj,Dec,EPS,CY2025,15.938,16.73,+5.0%,16.715,-0.1%,16.715,+0.0%,225.12,13.5,+4.9%,+11.7%,+14.7%,+23.9%
MTB,Extended,Banks,Financials,Banks,Adj,Dec,EPS,CY2026,18.353,18.74,+2.1%,18.758,+0.1%,18.702,-0.3%,225.12,12.0,+1.9%,+11.7%,+14.7%,+23.9%
MTB,Extended,Banks,Financials,Banks,Adj,Dec,EPS,CY2027,20.225,20.807,+2.9%,21.166,+1.7%,20.851,-1.5%,225.12,10.8,+3.1%,+11.7%,+14.7%,+23.9%
MTB,Extended,Banks,Financials,Banks,Adj,Dec,EPS,CY2028,14.44,20.0,+38.5%,23.783,+18.9%,23.103,-2.9%,225.12,9.7,+60.0%,+11.7%,+14.7%,+23.9%
BK,Extended,Banks,Financials,Financial Services,Adj,Dec,EPS,CY2025,6.776,7.406,+9.3%,7.393,-0.2%,7.393,+0.0%,,,+9.1%,,,
BK,Extended,Banks,Financials,Financial Services,Adj,Dec,EPS,CY2026,7.596,8.196,+7.9%,8.384,+2.3%,8.784,+4.8%,,,+15.6%,,,
BK,Extended,Banks,Financials,Financial Services,Adj,Dec,EPS,CY2027,8.459,9.149,+8.2%,9.398,+2.7%,9.629,+2.5%,,,+13.8%,,,
BK,Extended,Banks,Financials,Financial Services,Adj,Dec,EPS,CY2028,,10.245,,10.468,+2.2%,10.631,+1.6%,,,,,,
STT,Extended,Banks,Financials,Financial Services,Adj,Dec,EPS,CY2025,9.478,10.089,+6.4%,10.201,+1.1%,10.201,+0.0%,168.31,16.5,+7.6%,+30.5%,+39.2%,+69.5%
STT,Extended,Banks,Financials,Financial Services,Adj,Dec,EPS,CY2026,10.442,11.357,+8.8%,11.644,+2.5%,12.422,+6.7%,168.31,13.5,+19.0%,+30.5%,+39.2%,+69.5%
STT,Extended,Banks,Financials,Financial Services,Adj,Dec,EPS,CY2027,11.863,12.774,+7.7%,13.01,+1.8%,13.851,+6.5%,168.31,12.2,+16.8%,+30.5%,+39.2%,+69.5%
STT,Extended,Banks,Financials,Financial Services,Adj,Dec,EPS,CY2028,,13.92,,14.68,+5.5%,15.876,+8.1%,168.31,10.6,,+30.5%,+39.2%,+69.5%
CB,Extended,Insurance and reinsurance,Financials,Insurance,Adj,Dec,EPS,CY2025,21.386,23.693,+10.8%,24.264,+2.4%,24.264,+0.0%,323.4,13.3,+13.5%,+3.6%,-0.1%,+14.6%
CB,Extended,Insurance and reinsurance,Financials,Insurance,Adj,Dec,EPS,CY2026,25.499,26.263,+3.0%,26.803,+2.1%,27.089,+1.1%,323.4,11.9,+6.2%,+3.6%,-0.1%,+14.6%
CB,Extended,Insurance and reinsurance,Financials,Insurance,Adj,Dec,EPS,CY2027,27.648,28.513,+3.1%,29.076,+2.0%,29.229,+0.5%,323.4,11.1,+5.7%,+3.6%,-0.1%,+14.6%
CB,Extended,Insurance and reinsurance,Financials,Insurance,Adj,Dec,EPS,CY2028,27.01,30.087,+11.4%,31.585,+5.0%,31.615,+0.1%,323.4,10.2,+17.0%,+3.6%,-0.1%,+14.6%
CCC,Extended,Insurance and reinsurance,Information Technology,Software & Services,Adj,Dec,EPS,CY2025,0.357,0.356,-0.3%,0.355,-0.3%,0.355,+0.0%,4.41,12.4,-0.6%,-44.5%,-27.8%,-53.2%
CCC,Extended,Insurance and reinsurance,Information Technology,Software & Services,Adj,Dec,EPS,CY2026,0.404,0.418,+3.5%,0.422,+1.0%,0.44,+4.3%,4.41,10.0,+8.9%,-44.5%,-27.8%,-53.2%
CCC,Extended,Insurance and reinsurance,Information Technology,Software & Services,Adj,Dec,EPS,CY2027,,0.467,,0.478,+2.4%,0.505,+5.6%,4.41,8.7,,-44.5%,-27.8%,-53.2%
CCC,Extended,Insurance and reinsurance,Information Technology,Software & Services,Adj,Dec,EPS,CY2028,,0.55,,0.54,-1.8%,0.59,+9.3%,4.41,7.5,,-44.5%,-27.8%,-53.2%
ALL,Extended,Insurance and reinsurance,Financials,Insurance,Adj,Dec,EPS,CY2025,17.987,28.964,+61.0%,29.659,+2.4%,29.659,+0.0%,221.17,7.5,+64.9%,+6.3%,+8.4%,+13.0%
ALL,Extended,Insurance and reinsurance,Financials,Insurance,Adj,Dec,EPS,CY2026,21.698,24.396,+12.4%,25.616,+5.0%,29.713,+16.0%,221.17,7.4,+36.9%,+6.3%,+8.4%,+13.0%
ALL,Extended,Insurance and reinsurance,Financials,Insurance,Adj,Dec,EPS,CY2027,23.125,24.629,+6.5%,25.501,+3.5%,26.068,+2.2%,221.17,8.5,+12.7%,+6.3%,+8.4%,+13.0%
ALL,Extended,Insurance and reinsurance,Financials,Insurance,Adj,Dec,EPS,CY2028,19.713,22.785,+15.6%,24.371,+7.0%,25.204,+3.4%,221.17,8.8,+27.9%,+6.3%,+8.4%,+13.0%
TRV,Extended,Insurance and reinsurance,Financials,Insurance,Adj,Dec,EPS,CY2025,18.808,25.139,+33.7%,25.409,+1.1%,25.409,+0.0%,307.81,12.1,+35.1%,+6.1%,+3.7%,+16.2%
TRV,Extended,Insurance and reinsurance,Financials,Insurance,Adj,Dec,EPS,CY2026,24.764,26.807,+8.2%,27.217,+1.5%,28.167,+3.5%,307.81,10.9,+13.7%,+6.1%,+3.7%,+16.2%
TRV,Extended,Insurance and reinsurance,Financials,Insurance,Adj,Dec,EPS,CY2027,26.584,28.045,+5.5%,28.317,+1.0%,28.604,+1.0%,307.81,10.8,+7.6%,+6.1%,+3.7%,+16.2%
TRV,Extended,Insurance and reinsurance,Financials,Insurance,Adj,Dec,EPS,CY2028,25.447,28.803,+13.2%,28.411,-1.4%,28.763,+1.2%,307.81,10.7,+13.0%,+6.1%,+3.7%,+16.2%
AIG,Extended,Insurance and reinsurance,Financials,Insurance,Adj,Dec,EPS,CY2025,6.302,6.998,+11.0%,7.011,+0.2%,7.011,+0.0%,74.02,10.6,+11.3%,-13.5%,+0.2%,-12.1%
AIG,Extended,Insurance and reinsurance,Financials,Insurance,Adj,Dec,EPS,CY2026,7.797,7.884,+1.1%,7.864,-0.3%,8.029,+2.1%,74.02,9.2,+3.0%,-13.5%,+0.2%,-12.1%
AIG,Extended,Insurance and reinsurance,Financials,Insurance,Adj,Dec,EPS,CY2027,8.767,8.801,+0.4%,8.84,+0.4%,8.898,+0.7%,74.02,8.3,+1.5%,-13.5%,+0.2%,-12.1%
AIG,Extended,Insurance and reinsurance,Financials,Insurance,Adj,Dec,EPS,CY2028,8.113,8.692,+7.1%,9.473,+9.0%,9.558,+0.9%,74.02,7.7,+17.8%,-13.5%,+0.2%,-12.1%
ACGL,Extended,Insurance and reinsurance,Financials,Insurance,Adj,Dec,EPS,CY2025,7.776,9.212,+18.5%,9.436,+2.4%,9.436,+0.0%,91.18,9.7,+21.3%,-4.9%,-1.1%,+1.0%
ACGL,Extended,Insurance and reinsurance,Financials,Insurance,Adj,Dec,EPS,CY2026,9.258,9.29,+0.3%,9.377,+0.9%,9.284,-1.0%,91.18,9.8,+0.3%,-4.9%,-1.1%,+1.0%
ACGL,Extended,Insurance and reinsurance,Financials,Insurance,Adj,Dec,EPS,CY2027,9.85,10.018,+1.7%,10.112,+0.9%,9.937,-1.7%,91.18,9.2,+0.9%,-4.9%,-1.1%,+1.0%
ACGL,Extended,Insurance and reinsurance,Financials,Insurance,Adj,Dec,EPS,CY2028,,11.02,,10.812,-1.9%,10.608,-1.9%,91.18,8.6,,-4.9%,-1.1%,+1.0%
HIG,Extended,Insurance and reinsurance,Financials,Insurance,Adj,Dec,EPS,CY2025,11.038,12.56,+13.8%,12.624,+0.5%,12.624,+0.0%,128.25,10.2,+14.4%,-6.9%,-2.4%,+2.7%
HIG,Extended,Insurance and reinsurance,Financials,Insurance,Adj,Dec,EPS,CY2026,12.965,13.273,+2.4%,13.405,+1.0%,12.894,-3.8%,128.25,9.9,-0.5%,-6.9%,-2.4%,+2.7%
HIG,Extended,Insurance and reinsurance,Financials,Insurance,Adj,Dec,EPS,CY2027,14.285,14.341,+0.4%,14.525,+1.3%,14.213,-2.1%,128.25,9.0,-0.5%,-6.9%,-2.4%,+2.7%
HIG,Extended,Insurance and reinsurance,Financials,Insurance,Adj,Dec,EPS,CY2028,,15.608,,15.722,+0.7%,15.351,-2.4%,128.25,8.4,,-6.9%,-2.4%,+2.7%
WRB,Extended,Insurance and reinsurance,Financials,Insurance,Adj,Dec,EPS,CY2025,4.319,4.305,-0.3%,4.302,-0.1%,4.302,+0.0%,67.18,15.6,-0.4%,-4.2%,+1.4%,-5.7%
WRB,Extended,Insurance and reinsurance,Financials,Insurance,Adj,Dec,EPS,CY2026,4.803,4.638,-3.4%,4.553,-1.8%,4.675,+2.7%,67.18,14.4,-2.7%,-4.2%,+1.4%,-5.7%
WRB,Extended,Insurance and reinsurance,Financials,Insurance,Adj,Dec,EPS,CY2027,5.23,4.95,-5.4%,4.851,-2.0%,4.813,-0.8%,67.18,14.0,-8.0%,-4.2%,+1.4%,-5.7%
WRB,Extended,Insurance and reinsurance,Financials,Insurance,Adj,Dec,EPS,CY2028,,5.178,,5.112,-1.3%,5.139,+0.5%,67.18,13.1,,-4.2%,+1.4%,-5.7%
MKL,Extended,Insurance and reinsurance,Financials,Insurance,Adj,Dec,EPS,CY2025,105.233,127.152,+20.8%,120.76,-5.0%,120.76,+0.0%,1847.16,15.3,+14.8%,-14.1%,-1.8%,-5.3%
MKL,Extended,Insurance and reinsurance,Financials,Insurance,Adj,Dec,EPS,CY2026,126.493,122.284,-3.3%,146.138,+19.5%,110.808,-24.2%,1847.16,16.7,-12.4%,-14.1%,-1.8%,-5.3%
MKL,Extended,Insurance and reinsurance,Financials,Insurance,Adj,Dec,EPS,CY2027,137.34,138.178,+0.6%,139.415,+0.9%,117.014,-16.1%,1847.16,15.8,-14.8%,-14.1%,-1.8%,-5.3%
MKL,Extended,Insurance and reinsurance,Financials,Insurance,Adj,Dec,EPS,CY2028,,155.47,,170.465,+9.6%,125.5,-26.4%,1847.16,14.7,,-14.1%,-1.8%,-5.3%
MET,Extended,Insurance and reinsurance,Financials,Insurance,Adj,Dec,EPS,CY2025,9.153,8.714,-4.8%,8.693,-0.2%,8.693,+0.0%,85.58,9.8,-5.0%,+8.4%,+24.7%,+8.9%
MET,Extended,Insurance and reinsurance,Financials,Insurance,Adj,Dec,EPS,CY2026,10.328,10.011,-3.1%,9.637,-3.7%,9.92,+2.9%,85.58,8.6,-4.0%,+8.4%,+24.7%,+8.9%
MET,Extended,Insurance and reinsurance,Financials,Insurance,Adj,Dec,EPS,CY2027,11.407,11.242,-1.4%,10.658,-5.2%,11.004,+3.2%,85.58,7.8,-3.5%,+8.4%,+24.7%,+8.9%
MET,Extended,Insurance and reinsurance,Financials,Insurance,Adj,Dec,EPS,CY2028,,12.627,,12.206,-3.3%,12.339,+1.1%,85.58,6.9,,+8.4%,+24.7%,+8.9%
PRU,Extended,Insurance and reinsurance,Financials,Insurance,Adj,Dec,EPS,CY2025,13.667,14.519,+6.2%,14.497,-0.2%,14.497,+0.0%,106.53,7.3,+6.1%,-5.6%,+15.2%,+2.3%
PRU,Extended,Insurance and reinsurance,Financials,Insurance,Adj,Dec,EPS,CY2026,14.759,14.921,+1.1%,14.202,-4.8%,13.768,-3.1%,106.53,7.7,-6.7%,-5.6%,+15.2%,+2.3%
PRU,Extended,Insurance and reinsurance,Financials,Insurance,Adj,Dec,EPS,CY2027,15.813,15.888,+0.5%,15.342,-3.4%,14.597,-4.9%,106.53,7.3,-7.7%,-5.6%,+15.2%,+2.3%
PRU,Extended,Insurance and reinsurance,Financials,Insurance,Adj,Dec,EPS,CY2028,,16.6,,16.425,-1.1%,15.825,-3.7%,106.53,6.7,,-5.6%,+15.2%,+2.3%
LNC,Extended,Insurance and reinsurance,Financials,Insurance,Adj,Dec,EPS,CY2025,7.236,7.924,+9.5%,7.909,-0.2%,7.909,+0.0%,37.17,4.7,+9.3%,-16.5%,+10.6%,+12.1%
LNC,Extended,Insurance and reinsurance,Financials,Insurance,Adj,Dec,EPS,CY2026,7.609,8.101,+6.5%,8.035,-0.8%,7.725,-3.9%,37.17,4.8,+1.5%,-16.5%,+10.6%,+12.1%
LNC,Extended,Insurance and reinsurance,Financials,Insurance,Adj,Dec,EPS,CY2027,8.408,8.75,+4.1%,8.661,-1.0%,8.284,-4.4%,37.17,4.5,-1.5%,-16.5%,+10.6%,+12.1%
LNC,Extended,Insurance and reinsurance,Financials,Insurance,Adj,Dec,EPS,CY2028,,9.13,,9.399,+2.9%,8.938,-4.9%,37.17,4.2,,-16.5%,+10.6%,+12.1%
PRI,Extended,Insurance and reinsurance,Financials,Insurance,Adj,Dec,EPS,CY2025,20.922,22.201,+6.1%,22.301,+0.5%,22.301,+0.0%,281.78,12.6,+6.6%,+9.1%,+14.1%,+8.2%
PRI,Extended,Insurance and reinsurance,Financials,Insurance,Adj,Dec,EPS,CY2026,22.781,23.893,+4.9%,23.951,+0.2%,24.32,+1.5%,281.78,11.6,+6.8%,+9.1%,+14.1%,+8.2%
PRI,Extended,Insurance and reinsurance,Financials,Insurance,Adj,Dec,EPS,CY2027,24.715,26.086,+5.5%,26.126,+0.2%,26.399,+1.0%,281.78,10.7,+6.8%,+9.1%,+14.1%,+8.2%
PRI,Extended,Insurance and reinsurance,Financials,Insurance,Adj,Dec,EPS,CY2028,,28.575,,28.69,+0.4%,29.09,+1.4%,281.78,9.7,,+9.1%,+14.1%,+8.2%
AFL,Extended,Insurance and reinsurance,Financials,Insurance,Adj,Dec,EPS,CY2025,6.744,7.623,+13.0%,7.614,-0.1%,7.614,+0.0%,115.47,15.2,+12.9%,+4.7%,+7.7%,+12.5%
AFL,Extended,Insurance and reinsurance,Financials,Insurance,Adj,Dec,EPS,CY2026,7.19,7.376,+2.6%,7.358,-0.2%,7.042,-4.3%,115.47,16.4,-2.1%,+4.7%,+7.7%,+12.5%
AFL,Extended,Insurance and reinsurance,Financials,Insurance,Adj,Dec,EPS,CY2027,7.556,7.809,+3.3%,7.771,-0.5%,7.586,-2.4%,115.47,15.2,+0.4%,+4.7%,+7.7%,+12.5%
AFL,Extended,Insurance and reinsurance,Financials,Insurance,Adj,Dec,EPS,CY2028,8.15,8.2,+0.6%,8.154,-0.6%,7.916,-2.9%,115.47,14.6,-2.9%,+4.7%,+7.7%,+12.5%
DIS,Extended,Media content,Communication Services,Media & Entertainment,Adj,Sep,EPS,CY2025,5.758,5.874,+2.0%,5.874,+0.0%,5.874,+0.0%,103.89,17.7,+2.0%,-8.7%,+4.7%,-11.9%
DIS,Extended,Media content,Communication Services,Media & Entertainment,Adj,Sep,EPS,CY2026,6.252,6.597,+5.5%,6.605,+0.1%,6.819,+3.2%,103.89,15.2,+9.1%,-8.7%,+4.7%,-11.9%
DIS,Extended,Media content,Communication Services,Media & Entertainment,Adj,Sep,EPS,CY2027,7.001,7.327,+4.7%,7.305,-0.3%,7.46,+2.1%,103.89,13.9,+6.6%,-8.7%,+4.7%,-11.9%
DIS,Extended,Media content,Communication Services,Media & Entertainment,Adj,Sep,EPS,CY2028,7.683,8.151,+6.1%,8.111,-0.5%,8.298,+2.3%,103.89,12.5,+8.0%,-8.7%,+4.7%,-11.9%
FOXA,Extended,Media content,Communication Services,Media & Entertainment,Adj,Jun,EPS,CY2025,4.498,4.488,-0.2%,4.488,+0.0%,4.488,+0.0%,52.23,11.6,-0.2%,-28.5%,-9.4%,-4.5%
FOXA,Extended,Media content,Communication Services,Media & Entertainment,Adj,Jun,EPS,CY2026,4.24,4.48,+5.7%,4.616,+3.0%,4.918,+6.5%,52.23,10.6,+16.0%,-28.5%,-9.4%,-4.5%
FOXA,Extended,Media content,Communication Services,Media & Entertainment,Adj,Jun,EPS,CY2027,4.761,5.035,+5.8%,5.154,+2.4%,5.691,+10.4%,52.23,9.2,+19.5%,-28.5%,-9.4%,-4.5%
FOXA,Extended,Media content,Communication Services,Media & Entertainment,Adj,Jun,EPS,CY2028,,5.016,,5.149,+2.7%,5.531,+7.4%,52.23,9.4,,-28.5%,-9.4%,-4.5%
AMCX,Extended,Media content,Communication Services,Media & Entertainment,Adj,Dec,EPS,CY2025,,2.067,,2.017,-2.4%,2.017,+0.0%,9.36,4.6,,-1.7%,+41.0%,+55.2%
AMCX,Extended,Media content,Communication Services,Media & Entertainment,Adj,Dec,EPS,CY2026,,1.897,,1.723,-9.2%,1.879,+9.1%,9.36,5.0,,-1.7%,+41.0%,+55.2%
AMCX,Extended,Media content,Communication Services,Media & Entertainment,Adj,Dec,EPS,CY2027,,1.42,,1.413,-0.5%,1.484,+5.0%,9.36,6.3,,-1.7%,+41.0%,+55.2%
AMCX,Extended,Media content,Communication Services,Media & Entertainment,Adj,Dec,EPS,CY2028,,1.628,,1.073,-34.1%,1.203,+12.1%,9.36,7.8,,-1.7%,+41.0%,+55.2%
TTWO,Extended,Media content,Communication Services,Media & Entertainment,Adj,Mar,EPS,CY2025,2.686,3.333,+24.1%,3.892,+16.8%,3.908,+0.4%,239.28,61.2,+45.5%,-6.5%,+18.6%,+0.3%
TTWO,Extended,Media content,Communication Services,Media & Entertainment,Adj,Mar,EPS,CY2026,9.271,7.845,-15.4%,8.029,+2.3%,6.572,-18.1%,239.28,36.4,-29.1%,-6.5%,+18.6%,+0.3%
TTWO,Extended,Media content,Communication Services,Media & Entertainment,Adj,Mar,EPS,CY2027,10.125,10.604,+4.7%,10.507,-0.9%,9.844,-6.3%,239.28,24.3,-2.8%,-6.5%,+18.6%,+0.3%
TTWO,Extended,Media content,Communication Services,Media & Entertainment,Adj,Mar,EPS,CY2028,10.323,10.839,+5.0%,11.367,+4.9%,10.892,-4.2%,239.28,22.0,+5.5%,-6.5%,+18.6%,+0.3%
RBLX,Extended,Media content,Communication Services,Media & Entertainment,Adj,Dec,EPS,CY2025,-1.267,-1.558,-23.0%,-1.376,+11.7%,-1.376,+0.0%,51.53,-37.4,-8.6%,-36.4%,-10.4%,-49.8%
RBLX,Extended,Media content,Communication Services,Media & Entertainment,Adj,Dec,EPS,CY2026,-1.064,-1.56,-46.6%,-1.625,-4.2%,-1.47,+9.5%,51.53,-35.1,-38.2%,-36.4%,-10.4%,-49.8%
RBLX,Extended,Media content,Communication Services,Media & Entertainment,Adj,Dec,EPS,CY2027,-0.942,-1.181,-25.4%,-0.932,+21.1%,-1.104,-18.5%,51.53,-46.7,-17.2%,-36.4%,-10.4%,-49.8%
RBLX,Extended,Media content,Communication Services,Media & Entertainment,Adj,Dec,EPS,CY2028,-0.256,-0.064,+75.0%,-0.436,-581.2%,-0.666,-52.8%,51.53,-77.4,-160.2%,-36.4%,-10.4%,-49.8%
EA,Extended,Media content,Communication Services,Media & Entertainment,Adj,Mar,EPS,CY2025,8.162,8.601,+5.4%,8.636,+0.4%,8.636,+0.0%,202.15,23.4,+5.8%,-1.1%,+0.7%,+33.9%
EA,Extended,Media content,Communication Services,Media & Entertainment,Adj,Mar,EPS,CY2026,9.019,9.282,+2.9%,9.294,+0.1%,8.921,-4.0%,202.15,22.7,-1.1%,-1.1%,+0.7%,+33.9%
EA,Extended,Media content,Communication Services,Media & Entertainment,Adj,Mar,EPS,CY2027,9.909,9.984,+0.8%,10.007,+0.2%,9.606,-4.0%,202.15,21.0,-3.1%,-1.1%,+0.7%,+33.9%
EA,Extended,Media content,Communication Services,Media & Entertainment,Adj,Mar,EPS,CY2028,,11.064,,11.223,+1.4%,10.112,-9.9%,202.15,20.0,,-1.1%,+0.7%,+33.9%
SBGI,Extended,Media content,Communication Services,Media & Entertainment,Adj,Dec,EPS,CY2025,-2.627,-2.923,-11.3%,-3.196,-9.3%,-3.196,+0.0%,13.67,-4.3,-21.7%,-10.7%,+3.2%,+4.6%
SBGI,Extended,Media content,Communication Services,Media & Entertainment,Adj,Dec,EPS,CY2026,2.376,0.902,-62.0%,1.175,+30.3%,2.134,+81.6%,13.67,6.4,-10.2%,-10.7%,+3.2%,+4.6%
SBGI,Extended,Media content,Communication Services,Media & Entertainment,Adj,Dec,EPS,CY2027,,-1.522,,-1.498,+1.6%,-1.156,+22.8%,13.67,-11.8,,-10.7%,+3.2%,+4.6%
SBGI,Extended,Media content,Communication Services,Media & Entertainment,Adj,Dec,EPS,CY2028,,2.723,,2.92,+7.2%,2.667,-8.7%,13.67,5.1,,-10.7%,+3.2%,+4.6%
TGNA,Extended,Media content,,,Adj,Dec,EPS,CY2025,1.588,1.594,+0.4%,1.603,+0.6%,1.603,+0.0%,,,+0.9%,,,
TGNA,Extended,Media content,,,Adj,Dec,EPS,CY2026,3.253,3.043,-6.5%,3.15,+3.5%,3.15,+0.0%,,,-3.2%,,,
TGNA,Extended,Media content,,,Adj,Dec,EPS,CY2027,,1.753,,1.54,-12.2%,1.54,+0.0%,,,,,,
TGNA,Extended,Media content,,,Adj,Dec,EPS,CY2028,,3.575,,3.55,-0.7%,3.55,+0.0%,,,,,,
NYT,Extended,Media content,Communication Services,Media & Entertainment,Adj,Dec,EPS,CY2025,2.186,2.41,+10.2%,2.428,+0.7%,2.428,+0.0%,73.06,30.1,+11.1%,+5.2%,-10.1%,+35.2%
NYT,Extended,Media content,Communication Services,Media & Entertainment,Adj,Dec,EPS,CY2026,2.404,2.624,+9.2%,2.723,+3.8%,2.89,+6.1%,73.06,25.3,+20.2%,+5.2%,-10.1%,+35.2%
NYT,Extended,Media content,Communication Services,Media & Entertainment,Adj,Dec,EPS,CY2027,2.676,2.972,+11.1%,3.06,+3.0%,3.198,+4.5%,73.06,22.8,+19.5%,+5.2%,-10.1%,+35.2%
NYT,Extended,Media content,Communication Services,Media & Entertainment,Adj,Dec,EPS,CY2028,2.89,3.15,+9.0%,3.433,+9.0%,3.565,+3.8%,73.06,20.5,+23.4%,+5.2%,-10.1%,+35.2%
NXST,Extended,Media content,Communication Services,Media & Entertainment,Adj,Dec,EPS,CY2025,13.723,12.554,-8.5%,12.144,-3.3%,12.144,+0.0%,164.16,13.5,-11.5%,-19.2%,-26.4%,-1.5%
NXST,Extended,Media content,Communication Services,Media & Entertainment,Adj,Dec,EPS,CY2026,26.26,24.587,-6.4%,24.979,+1.6%,33.218,+33.0%,164.16,4.9,+26.5%,-19.2%,-26.4%,-1.5%
NXST,Extended,Media content,Communication Services,Media & Entertainment,Adj,Dec,EPS,CY2027,18.828,17.665,-6.2%,17.187,-2.7%,21.205,+23.4%,164.16,7.7,+12.6%,-19.2%,-26.4%,-1.5%
NXST,Extended,Media content,Communication Services,Media & Entertainment,Adj,Dec,EPS,CY2028,35.38,31.794,-10.1%,29.138,-8.4%,40.521,+39.1%,164.16,4.1,+14.5%,-19.2%,-26.4%,-1.5%
FWONA,Extended,Media content,Communication Services,Media & Entertainment,Adj,Dec,EPS,CY2025,1.577,2.258,+43.2%,2.227,-1.4%,2.227,+0.0%,84.08,37.8,+41.2%,-5.9%,+11.1%,-8.7%
FWONA,Extended,Media content,Communication Services,Media & Entertainment,Adj,Dec,EPS,CY2026,1.964,1.874,-4.6%,1.843,-1.7%,1.801,-2.3%,84.08,46.7,-8.3%,-5.9%,+11.1%,-8.7%
FWONA,Extended,Media content,Communication Services,Media & Entertainment,Adj,Dec,EPS,CY2027,2.454,2.375,-3.2%,2.288,-3.7%,2.154,-5.9%,84.08,39.0,-12.2%,-5.9%,+11.1%,-8.7%
FWONA,Extended,Media content,Communication Services,Media & Entertainment,Adj,Dec,EPS,CY2028,2.9,3.22,+11.0%,3.022,-6.1%,2.776,-8.1%,84.08,30.3,-4.3%,-5.9%,+11.1%,-8.7%
FWONK,Extended,Media content,Communication Services,Media & Entertainment,Adj,Dec,EPS,CY2025,1.577,2.258,+43.2%,2.227,-1.4%,2.227,+0.0%,90.76,40.8,+41.2%,-7.9%,+8.8%,-11.0%
FWONK,Extended,Media content,Communication Services,Media & Entertainment,Adj,Dec,EPS,CY2026,1.964,1.874,-4.6%,1.843,-1.7%,1.801,-2.3%,90.76,50.4,-8.3%,-7.9%,+8.8%,-11.0%
FWONK,Extended,Media content,Communication Services,Media & Entertainment,Adj,Dec,EPS,CY2027,2.454,2.375,-3.2%,2.288,-3.7%,2.154,-5.9%,90.76,42.1,-12.2%,-7.9%,+8.8%,-11.0%
FWONK,Extended,Media content,Communication Services,Media & Entertainment,Adj,Dec,EPS,CY2028,2.9,3.22,+11.0%,3.022,-6.1%,2.776,-8.1%,90.76,32.7,-4.3%,-7.9%,+8.8%,-11.0%
LYV,Extended,Media content,Communication Services,Media & Entertainment,Adj,Dec,EPS,CY2025,2.162,-0.144,-106.7%,-0.213,-47.9%,-0.213,+0.0%,171.24,-803.9,-109.9%,+20.2%,+11.1%,+15.5%
LYV,Extended,Media content,Communication Services,Media & Entertainment,Adj,Dec,EPS,CY2026,2.676,2.163,-19.2%,1.55,-28.3%,-0.236,-115.2%,171.24,-725.6,-108.8%,+20.2%,+11.1%,+15.5%
LYV,Extended,Media content,Communication Services,Media & Entertainment,Adj,Dec,EPS,CY2027,3.505,2.889,-17.6%,2.375,-17.8%,2.297,-3.3%,171.24,74.5,-34.5%,+20.2%,+11.1%,+15.5%
LYV,Extended,Media content,Communication Services,Media & Entertainment,Adj,Dec,EPS,CY2028,3.774,3.364,-10.9%,3.408,+1.3%,3.121,-8.4%,171.24,54.9,-17.3%,+20.2%,+11.1%,+15.5%
SIRI,Extended,Media content,Communication Services,Media & Entertainment,Adj,Dec,EPS,CY2025,2.825,2.798,-1.0%,2.798,+0.0%,2.798,+0.0%,28.03,10.0,-1.0%,+40.2%,+25.1%,+30.4%
SIRI,Extended,Media content,Communication Services,Media & Entertainment,Adj,Dec,EPS,CY2026,2.985,3.098,+3.8%,3.139,+1.3%,3.139,+0.0%,28.03,8.9,+5.2%,+40.2%,+25.1%,+30.4%
SIRI,Extended,Media content,Communication Services,Media & Entertainment,Adj,Dec,EPS,CY2027,,3.272,,3.311,+1.2%,3.409,+3.0%,28.03,8.2,,+40.2%,+25.1%,+30.4%
SIRI,Extended,Media content,Communication Services,Media & Entertainment,Adj,Dec,EPS,CY2028,,3.74,,3.581,-4.3%,3.656,+2.1%,28.03,7.7,,+40.2%,+25.1%,+30.4%
LBTYA,Extended,Media content,Communication Services,Telecommunication Services,Adj,Dec,EPS,CY2025,-3.48,-8.284,-138.0%,-12.843,-55.0%,-12.843,+0.0%,11.2,-0.9,-269.1%,+0.5%,-5.9%,+15.5%
LBTYA,Extended,Media content,Communication Services,Telecommunication Services,Adj,Dec,EPS,CY2026,-1.594,-1.706,-7.0%,-1.55,+9.1%,-1.432,+7.6%,11.2,-7.8,+10.2%,+0.5%,-5.9%,+15.5%
LBTYA,Extended,Media content,Communication Services,Telecommunication Services,Adj,Dec,EPS,CY2027,-1.452,-1.604,-10.5%,-1.536,+4.2%,-1.535,+0.1%,11.2,-7.3,-5.7%,+0.5%,-5.9%,+15.5%
LBTYA,Extended,Media content,Communication Services,Telecommunication Services,Adj,Dec,EPS,CY2028,,-1.38,,-1.383,-0.2%,-0.99,+28.4%,11.2,-11.3,,+0.5%,-5.9%,+15.5%
BATRK,Extended,Media content,Communication Services,Media & Entertainment,Adj,Dec,EPS,CY2025,-0.355,-0.263,+25.9%,-0.263,+0.0%,-0.263,+0.0%,50.38,-191.6,+25.9%,+27.7%,+18.7%,+15.3%
BATRK,Extended,Media content,Communication Services,Media & Entertainment,Adj,Dec,EPS,CY2026,-0.367,-0.206,+43.9%,-0.205,+0.5%,-0.26,-26.8%,50.38,-193.8,+29.2%,+27.7%,+18.7%,+15.3%
BATRK,Extended,Media content,Communication Services,Media & Entertainment,Adj,Dec,EPS,CY2027,-0.305,-0.08,+73.8%,-0.13,-62.5%,-0.21,-61.5%,50.38,-239.9,+31.1%,+27.7%,+18.7%,+15.3%
BATRK,Extended,Media content,Communication Services,Media & Entertainment,Adj,Dec,EPS,CY2028,,,,-0.155,,-0.25,-61.3%,50.38,-201.5,,+27.7%,+18.7%,+15.3%
LAMR,Extended,Media content,Real Estate,Equity Real Estate Investment,Adj,Dec,EPS,CY2025,5.893,5.86,-0.6%,5.857,-0.1%,5.857,+0.0%,149.65,25.6,-0.6%,+18.2%,+17.5%,+25.2%
LAMR,Extended,Media content,Real Estate,Equity Real Estate Investment,Adj,Dec,EPS,CY2026,5.862,5.83,-0.5%,5.682,-2.5%,5.897,+3.8%,149.65,25.4,+0.6%,+18.2%,+17.5%,+25.2%
LAMR,Extended,Media content,Real Estate,Equity Real Estate Investment,Adj,Dec,EPS,CY2027,6.33,6.312,-0.3%,6.088,-3.5%,6.292,+3.4%,149.65,23.8,-0.6%,+18.2%,+17.5%,+25.2%
LAMR,Extended,Media content,Real Estate,Equity Real Estate Investment,Adj,Dec,EPS,CY2028,,6.74,,6.897,+2.3%,6.96,+0.9%,149.65,21.5,,+18.2%,+17.5%,+25.2%
OUT,Extended,Media content,Real Estate,Equity Real Estate Investment,Adj,Dec,EPS,CY2025,0.821,0.77,-6.2%,0.772,+0.3%,0.772,+0.0%,31.18,40.4,-6.0%,+29.4%,+17.3%,+96.3%
OUT,Extended,Media content,Real Estate,Equity Real Estate Investment,Adj,Dec,EPS,CY2026,0.923,1.112,+20.5%,1.223,+10.0%,1.326,+8.4%,31.18,23.5,+43.7%,+29.4%,+17.3%,+96.3%
OUT,Extended,Media content,Real Estate,Equity Real Estate Investment,Adj,Dec,EPS,CY2027,1.093,1.244,+13.8%,1.329,+6.8%,1.399,+5.3%,31.18,22.3,+28.0%,+29.4%,+17.3%,+96.3%
OUT,Extended,Media content,Real Estate,Equity Real Estate Investment,Adj,Dec,EPS,CY2028,1.135,1.383,+21.9%,1.468,+6.1%,1.568,+6.8%,31.18,19.9,+38.1%,+29.4%,+17.3%,+96.3%
TV,Extended,Media content,Communication Services,Telecommunication Services,Adj,Dec,EPS,CY2025,-1.857,-0.089,+95.2%,-0.75,-742.7%,-0.75,+0.0%,2.99,-4.0,+59.6%,+2.7%,+2.0%,+33.5%
TV,Extended,Media content,Communication Services,Telecommunication Services,Adj,Dec,EPS,CY2026,0.375,1.208,+222.1%,2.35,+94.5%,3.628,+54.4%,2.99,0.8,+867.5%,+2.7%,+2.0%,+33.5%
TV,Extended,Media content,Communication Services,Telecommunication Services,Adj,Dec,EPS,CY2027,2.958,2.919,-1.3%,4.14,+41.8%,3.363,-18.8%,2.99,0.9,+13.7%,+2.7%,+2.0%,+33.5%
TV,Extended,Media content,Communication Services,Telecommunication Services,Adj,Dec,EPS,CY2028,0.825,1.873,+127.0%,10.567,+464.2%,5.928,-43.9%,2.99,0.5,+618.5%,+2.7%,+2.0%,+33.5%
LUMN,Extended,Media content,Communication Services,Telecommunication Services,Adj,Dec,EPS,CY2025,-0.941,-0.795,+15.5%,-0.617,+22.4%,-0.617,+0.0%,8.2,-13.3,+34.4%,+5.5%,+21.3%,+106.0%
LUMN,Extended,Media content,Communication Services,Telecommunication Services,Adj,Dec,EPS,CY2026,-0.756,-0.456,+39.7%,-0.492,-7.9%,-0.637,-29.5%,8.2,-12.9,+15.7%,+5.5%,+21.3%,+106.0%
LUMN,Extended,Media content,Communication Services,Telecommunication Services,Adj,Dec,EPS,CY2027,-0.518,-0.322,+37.8%,-0.252,+21.7%,-0.286,-13.5%,8.2,-28.7,+44.8%,+5.5%,+21.3%,+106.0%
LUMN,Extended,Media content,Communication Services,Telecommunication Services,Adj,Dec,EPS,CY2028,-0.479,-0.282,+41.1%,-0.215,+23.8%,-0.254,-18.1%,8.2,-32.3,+47.0%,+5.5%,+21.3%,+106.0%
WPP,Extended,Media content,Communication Services,Media & Entertainment,Adj,Dec,EPS,CY2025,0.813,0.624,-23.2%,0.619,-0.8%,0.619,+0.0%,271.4,4.4,-23.9%,-19.6%,+20.4%,-47.5%
WPP,Extended,Media content,Communication Services,Media & Entertainment,Adj,Dec,EPS,CY2026,0.818,0.599,-26.8%,0.544,-9.2%,0.508,-6.6%,271.4,5.3,-37.9%,-19.6%,+20.4%,-47.5%
WPP,Extended,Media content,Communication Services,Media & Entertainment,Adj,Dec,EPS,CY2027,0.871,0.664,-23.8%,0.58,-12.7%,0.554,-4.5%,271.4,4.9,-36.4%,-19.6%,+20.4%,-47.5%
WPP,Extended,Media content,Communication Services,Media & Entertainment,Adj,Dec,EPS,CY2028,0.91,0.751,-17.5%,0.644,-14.2%,0.615,-4.5%,271.4,4.4,-32.4%,-19.6%,+20.4%,-47.5%
BCE,Extended,Media content,Communication Services,Telecommunication Services,Adj,Dec,EPS,CY2025,2.744,2.738,-0.2%,2.719,-0.7%,2.719,+0.0%,32.73,12.0,-0.9%,-0.0%,-7.4%,+9.4%
BCE,Extended,Media content,Communication Services,Telecommunication Services,Adj,Dec,EPS,CY2026,2.649,2.692,+1.6%,2.561,-4.9%,2.598,+1.4%,32.73,12.6,-1.9%,-0.0%,-7.4%,+9.4%
BCE,Extended,Media content,Communication Services,Telecommunication Services,Adj,Dec,EPS,CY2027,2.8,2.728,-2.6%,2.676,-1.9%,2.699,+0.9%,32.73,12.1,-3.6%,-0.0%,-7.4%,+9.4%
BCE,Extended,Media content,Communication Services,Telecommunication Services,Adj,Dec,EPS,CY2028,,2.872,,2.89,+0.6%,2.907,+0.6%,32.73,11.3,,-0.0%,-7.4%,+9.4%
OMC,Extended,Media content,Communication Services,Media & Entertainment,Adj,Dec,EPS,CY2025,8.199,8.611,+5.0%,8.575,-0.4%,8.575,+0.0%,71.35,8.3,+4.6%,-11.6%,-5.9%,+2.8%
OMC,Extended,Media content,Communication Services,Media & Entertainment,Adj,Dec,EPS,CY2026,8.87,9.541,+7.6%,10.581,+10.9%,10.642,+0.6%,71.35,6.7,+20.0%,-11.6%,-5.9%,+2.8%
OMC,Extended,Media content,Communication Services,Media & Entertainment,Adj,Dec,EPS,CY2027,9.506,10.622,+11.7%,11.865,+11.7%,12.003,+1.2%,71.35,5.9,+26.3%,-11.6%,-5.9%,+2.8%
OMC,Extended,Media content,Communication Services,Media & Entertainment,Adj,Dec,EPS,CY2028,10.348,10.77,+4.1%,13.185,+22.4%,13.392,+1.6%,71.35,5.3,+29.4%,-11.6%,-5.9%,+2.8%
AMT,Extended,Telco infrastructure,Real Estate,Equity Real Estate Investment,Adj,Dec,EPS,CY2025,6.131,5.288,-13.7%,5.292,+0.1%,5.292,+0.0%,176.05,33.3,-13.7%,+0.3%,-3.7%,-18.3%
AMT,Extended,Telco infrastructure,Real Estate,Equity Real Estate Investment,Adj,Dec,EPS,CY2026,7.109,6.919,-2.7%,6.588,-4.8%,6.656,+1.0%,176.05,26.4,-6.4%,+0.3%,-3.7%,-18.3%
AMT,Extended,Telco infrastructure,Real Estate,Equity Real Estate Investment,Adj,Dec,EPS,CY2027,7.717,7.382,-4.3%,7.002,-5.1%,6.921,-1.2%,176.05,25.4,-10.3%,+0.3%,-3.7%,-18.3%
AMT,Extended,Telco infrastructure,Real Estate,Equity Real Estate Investment,Adj,Dec,EPS,CY2028,8.688,8.357,-3.8%,8.013,-4.1%,7.66,-4.4%,176.05,23.0,-11.8%,+0.3%,-3.7%,-18.3%
SBAC,Extended,Telco infrastructure,Real Estate,Equity Real Estate Investment,Adj,Dec,EPS,CY2025,8.366,9.464,+13.1%,9.12,-3.6%,9.12,+0.0%,186.87,20.5,+9.0%,-3.4%,+2.5%,-18.2%
SBAC,Extended,Telco infrastructure,Real Estate,Equity Real Estate Investment,Adj,Dec,EPS,CY2026,9.266,8.821,-4.8%,8.024,-9.0%,7.849,-2.2%,186.87,23.8,-15.3%,-3.4%,+2.5%,-18.2%
SBAC,Extended,Telco infrastructure,Real Estate,Equity Real Estate Investment,Adj,Dec,EPS,CY2027,9.702,9.001,-7.2%,8.623,-4.2%,8.791,+1.9%,186.87,21.3,-9.4%,-3.4%,+2.5%,-18.2%
SBAC,Extended,Telco infrastructure,Real Estate,Equity Real Estate Investment,Adj,Dec,EPS,CY2028,10.72,10.105,-5.7%,9.701,-4.0%,9.52,-1.9%,186.87,19.6,-11.2%,-3.4%,+2.5%,-18.2%
CCI,Extended,Telco infrastructure,Real Estate,Equity Real Estate Investment,Adj,Dec,EPS,CY2025,0.639,1.042,+63.1%,0.984,-5.6%,0.984,+0.0%,82.05,83.4,+54.0%,-7.7%,-3.6%,-17.4%
CCI,Extended,Telco infrastructure,Real Estate,Equity Real Estate Investment,Adj,Dec,EPS,CY2026,2.86,3.263,+14.1%,2.85,-12.7%,2.411,-15.4%,82.05,34.0,-15.7%,-7.7%,-3.6%,-17.4%
CCI,Extended,Telco infrastructure,Real Estate,Equity Real Estate Investment,Adj,Dec,EPS,CY2027,3.654,3.838,+5.0%,3.503,-8.7%,3.071,-12.3%,82.05,26.7,-16.0%,-7.7%,-3.6%,-17.4%
CCI,Extended,Telco infrastructure,Real Estate,Equity Real Estate Investment,Adj,Dec,EPS,CY2028,4.545,4.95,+8.9%,3.857,-22.1%,3.362,-12.8%,82.05,24.4,-26.0%,-7.7%,-3.6%,-17.4%
EQIX,Extended,Telco infrastructure,Real Estate,Equity Real Estate Investment,Adj,Dec,EPS,CY2025,14.686,14.782,+0.7%,14.766,-0.1%,14.766,+0.0%,1092.19,74.0,+0.5%,+42.6%,+12.0%,+23.2%
EQIX,Extended,Telco infrastructure,Real Estate,Equity Real Estate Investment,Adj,Dec,EPS,CY2026,16.325,14.825,-9.2%,16.356,+10.3%,17.294,+5.7%,1092.19,63.2,+5.9%,+42.6%,+12.0%,+23.2%
EQIX,Extended,Telco infrastructure,Real Estate,Equity Real Estate Investment,Adj,Dec,EPS,CY2027,18.259,15.842,-13.2%,17.649,+11.4%,18.973,+7.5%,1092.19,57.6,+3.9%,+42.6%,+12.0%,+23.2%
EQIX,Extended,Telco infrastructure,Real Estate,Equity Real Estate Investment,Adj,Dec,EPS,CY2028,20.57,17.413,-15.3%,19.904,+14.3%,21.559,+8.3%,1092.19,50.7,+4.8%,+42.6%,+12.0%,+23.2%
ERICB,Extended,Telco infrastructure,Information Technology,Technology Hardware & Equipmen,GAAP,Dec,EPS,CY2025,5.871,7.63,+30.0%,7.606,-0.3%,7.606,+0.0%,109.95,14.5,+29.6%,+21.4%,+2.6%,+36.3%
ERICB,Extended,Telco infrastructure,Information Technology,Technology Hardware & Equipmen,GAAP,Dec,EPS,CY2026,5.907,6.025,+2.0%,6.298,+4.5%,5.512,-12.5%,109.95,19.9,-6.7%,+21.4%,+2.6%,+36.3%
ERICB,Extended,Telco infrastructure,Information Technology,Technology Hardware & Equipmen,GAAP,Dec,EPS,CY2027,6.439,6.476,+0.6%,7.067,+9.1%,6.777,-4.1%,109.95,16.2,+5.2%,+21.4%,+2.6%,+36.3%
ERICB,Extended,Telco infrastructure,Information Technology,Technology Hardware & Equipmen,GAAP,Dec,EPS,CY2028,6.648,6.49,-2.4%,7.454,+14.9%,7.371,-1.1%,109.95,14.9,+10.9%,+21.4%,+2.6%,+36.3%
GDS,Extended,Telco infrastructure,Information Technology,Software & Services,Adj,Dec,EPS,CY2025,0.444,-0.212,-147.7%,0.806,+480.2%,0.806,+0.0%,31.48,39.1,+81.5%,-9.8%,-29.3%,+15.5%
GDS,Extended,Telco infrastructure,Information Technology,Software & Services,Adj,Dec,EPS,CY2026,-0.089,-0.019,+78.7%,0.03,+257.9%,1.882,+6173.3%,31.48,16.7,+2214.6%,-9.8%,-29.3%,+15.5%
GDS,Extended,Telco infrastructure,Information Technology,Software & Services,Adj,Dec,EPS,CY2027,1.368,0.608,-55.6%,1.177,+93.6%,1.899,+61.3%,31.48,16.6,+38.8%,-9.8%,-29.3%,+15.5%
GDS,Extended,Telco infrastructure,Information Technology,Software & Services,Adj,Dec,EPS,CY2028,15.87,12.548,-20.9%,0.507,-96.0%,0.768,+51.5%,31.48,41.0,-95.2%,-9.8%,-29.3%,+15.5%
NOK,Extended,Telco infrastructure,Information Technology,Technology Hardware & Equipmen,Adj,Dec,EPS,CY2025,0.302,0.269,-10.9%,0.27,+0.4%,0.27,+0.0%,13.49,50.0,-10.6%,+108.5%,+62.5%,+160.9%
NOK,Extended,Telco infrastructure,Information Technology,Technology Hardware & Equipmen,Adj,Dec,EPS,CY2026,0.354,0.331,-6.5%,0.307,-7.3%,0.339,+10.4%,13.49,39.8,-4.2%,+108.5%,+62.5%,+160.9%
NOK,Extended,Telco infrastructure,Information Technology,Technology Hardware & Equipmen,Adj,Dec,EPS,CY2027,0.391,0.379,-3.1%,0.36,-5.0%,0.4,+11.1%,13.49,33.7,+2.3%,+108.5%,+62.5%,+160.9%
NOK,Extended,Telco infrastructure,Information Technology,Technology Hardware & Equipmen,Adj,Dec,EPS,CY2028,0.402,0.442,+10.0%,0.399,-9.7%,0.468,+17.3%,13.49,28.8,+16.4%,+108.5%,+62.5%,+160.9%
BDC,Extended,Telco infrastructure,Information Technology,Technology Hardware & Equipmen,Adj,Dec,EPS,CY2025,7.112,7.422,+4.4%,7.422,+0.0%,7.422,+0.0%,123.26,16.6,+4.4%,+5.8%,+7.9%,+12.6%
BDC,Extended,Telco infrastructure,Information Technology,Technology Hardware & Equipmen,Adj,Dec,EPS,CY2026,7.772,7.777,+0.1%,7.922,+1.9%,8.008,+1.1%,123.26,15.4,+3.0%,+5.8%,+7.9%,+12.6%
BDC,Extended,Telco infrastructure,Information Technology,Technology Hardware & Equipmen,Adj,Dec,EPS,CY2027,8.52,8.582,+0.7%,8.872,+3.4%,8.874,+0.0%,123.26,13.9,+4.2%,+5.8%,+7.9%,+12.6%
BDC,Extended,Telco infrastructure,Information Technology,Technology Hardware & Equipmen,Adj,Dec,EPS,CY2028,10.08,10.08,+0.0%,9.41,-6.6%,9.445,+0.4%,123.26,13.1,-6.3%,+5.8%,+7.9%,+12.6%
HLIT,Extended,Telco infrastructure,Information Technology,Technology Hardware & Equipmen,Adj,Dec,EPS,CY2025,0.5,0.432,-13.6%,0.432,+0.0%,0.432,+0.0%,15.08,34.9,-13.6%,+52.5%,+62.9%,+71.6%
HLIT,Extended,Telco infrastructure,Information Technology,Technology Hardware & Equipmen,Adj,Dec,EPS,CY2026,0.902,0.73,-19.1%,0.61,-16.4%,0.639,+4.8%,15.08,23.6,-29.2%,+52.5%,+62.9%,+71.6%
HLIT,Extended,Telco infrastructure,Information Technology,Technology Hardware & Equipmen,Adj,Dec,EPS,CY2027,,1.013,,0.845,-16.6%,0.777,-8.0%,15.08,19.4,,+52.5%,+62.9%,+71.6%
HLIT,Extended,Telco infrastructure,Information Technology,Technology Hardware & Equipmen,Adj,Dec,EPS,CY2028,,1.81,,1.34,-26.0%,0.91,-32.1%,15.08,16.6,,+52.5%,+62.9%,+71.6%
VISN,Extended,Telco infrastructure,Information Technology,Technology Hardware & Equipmen,Adj,Dec,EPS,CY2025,0.87,1.53,+75.9%,1.53,+0.0%,1.53,+0.0%,12.66,8.3,+75.9%,+43.1%,+45.5%,+331.7%
VISN,Extended,Telco infrastructure,Information Technology,Technology Hardware & Equipmen,Adj,Dec,EPS,CY2026,1.153,1.488,+29.1%,0.995,-33.1%,1.215,+22.1%,12.66,10.4,+5.4%,+43.1%,+45.5%,+331.7%
VISN,Extended,Telco infrastructure,Information Technology,Technology Hardware & Equipmen,Adj,Dec,EPS,CY2027,,2.77,,0.97,-65.0%,1.3,+34.0%,12.66,9.7,,+43.1%,+45.5%,+331.7%
VISN,Extended,Telco infrastructure,Information Technology,Technology Hardware & Equipmen,Adj,Dec,EPS,CY2028,,1.28,,1.28,+0.0%,1.28,+0.0%,12.66,9.9,,+43.1%,+45.5%,+331.7%
ANET,Extended,Telco infrastructure,Information Technology,Technology Hardware & Equipmen,GAAP,Dec,EPS,CY2025,2.465,2.785,+13.0%,2.785,+0.0%,2.785,+0.0%,169.67,60.9,+13.0%,+29.5%,+24.5%,+88.0%
ANET,Extended,Telco infrastructure,Information Technology,Technology Hardware & Equipmen,GAAP,Dec,EPS,CY2026,2.874,3.243,+12.8%,3.418,+5.4%,3.488,+2.0%,169.67,48.6,+21.4%,+29.5%,+24.5%,+88.0%
ANET,Extended,Telco infrastructure,Information Technology,Technology Hardware & Equipmen,GAAP,Dec,EPS,CY2027,3.551,3.891,+9.6%,4.149,+6.6%,4.324,+4.2%,169.67,39.2,+21.8%,+29.5%,+24.5%,+88.0%
ANET,Extended,Telco infrastructure,Information Technology,Technology Hardware & Equipmen,GAAP,Dec,EPS,CY2028,3.987,4.7,+17.9%,4.996,+6.3%,5.281,+5.7%,169.67,32.1,+32.5%,+29.5%,+24.5%,+88.0%
VRT,Extended,Telco infrastructure,Industrials,Capital Goods,Adj,Dec,EPS,CY2025,3.57,4.08,+14.3%,4.116,+0.9%,4.116,+0.0%,333.05,80.9,+15.3%,+105.6%,+23.7%,+179.7%
VRT,Extended,Telco infrastructure,Industrials,Capital Goods,Adj,Dec,EPS,CY2026,4.366,5.243,+20.1%,6.086,+16.1%,6.467,+6.3%,333.05,51.5,+48.1%,+105.6%,+23.7%,+179.7%
VRT,Extended,Telco infrastructure,Industrials,Capital Goods,Adj,Dec,EPS,CY2027,5.286,6.52,+23.3%,7.97,+22.2%,8.667,+8.7%,333.05,38.4,+64.0%,+105.6%,+23.7%,+179.7%
VRT,Extended,Telco infrastructure,Industrials,Capital Goods,Adj,Dec,EPS,CY2028,6.004,7.74,+28.9%,9.797,+26.6%,11.099,+13.3%,333.05,30.0,+84.9%,+105.6%,+23.7%,+179.7%
MTZ,Extended,Telco infrastructure,Industrials,Capital Goods,Adj,Dec,EPS,CY2025,6.059,6.423,+6.0%,6.437,+0.2%,6.437,+0.0%,379.66,59.0,+6.2%,+74.7%,+21.4%,+130.6%
MTZ,Extended,Telco infrastructure,Industrials,Capital Goods,Adj,Dec,EPS,CY2026,7.149,8.078,+13.0%,8.493,+5.1%,8.887,+4.6%,379.66,42.7,+24.3%,+74.7%,+21.4%,+130.6%
MTZ,Extended,Telco infrastructure,Industrials,Capital Goods,Adj,Dec,EPS,CY2027,8.376,9.803,+17.0%,10.753,+9.7%,11.91,+10.8%,379.66,31.9,+42.2%,+74.7%,+21.4%,+130.6%
MTZ,Extended,Telco infrastructure,Industrials,Capital Goods,Adj,Dec,EPS,CY2028,10.307,10.93,+6.0%,12.733,+16.5%,14.904,+17.1%,379.66,25.5,+44.6%,+74.7%,+21.4%,+130.6%
DY,Extended,Telco infrastructure,Industrials,Capital Goods,Adj,Jan,EPS,CY2025,9.601,10.927,+13.8%,11.063,+1.2%,11.063,+0.0%,456.65,41.3,+15.2%,+35.1%,+28.4%,+96.1%
DY,Extended,Telco infrastructure,Industrials,Capital Goods,Adj,Jan,EPS,CY2026,10.929,13.451,+23.1%,13.726,+2.0%,16.625,+21.1%,456.65,27.5,+52.1%,+35.1%,+28.4%,+96.1%
DY,Extended,Telco infrastructure,Industrials,Capital Goods,Adj,Jan,EPS,CY2027,12.967,16.58,+27.9%,16.212,-2.2%,19.978,+23.2%,456.65,22.9,+54.1%,+35.1%,+28.4%,+96.1%
DY,Extended,Telco infrastructure,Industrials,Capital Goods,Adj,Jan,EPS,CY2028,15.97,18.095,+13.3%,20.034,+10.7%,24.048,+20.0%,456.65,19.0,+50.6%,+35.1%,+28.4%,+96.1%
GLW,Extended,Telco infrastructure,Information Technology,Technology Hardware & Equipmen,Adj,Dec,EPS,CY2025,2.365,2.521,+6.6%,2.521,+0.0%,2.521,+0.0%,194.92,77.3,+6.6%,+122.6%,+46.5%,+286.1%
GLW,Extended,Telco infrastructure,Information Technology,Technology Hardware & Equipmen,Adj,Dec,EPS,CY2026,2.71,3.063,+13.0%,3.106,+1.4%,3.189,+2.7%,194.92,61.1,+17.7%,+122.6%,+46.5%,+286.1%
GLW,Extended,Telco infrastructure,Information Technology,Technology Hardware & Equipmen,Adj,Dec,EPS,CY2027,3.007,3.64,+21.1%,3.894,+7.0%,4.164,+6.9%,194.92,46.8,+38.5%,+122.6%,+46.5%,+286.1%
GLW,Extended,Telco infrastructure,Information Technology,Technology Hardware & Equipmen,Adj,Dec,EPS,CY2028,,3.898,,4.659,+19.5%,5.723,+22.8%,194.92,34.1,,+122.6%,+46.5%,+286.1%
APH,Extended,Telco infrastructure,Information Technology,Technology Hardware & Equipmen,GAAP,Dec,EPS,CY2025,2.656,3.375,+27.1%,3.382,+0.2%,3.382,+0.0%,163.96,48.5,+27.3%,+21.3%,+25.5%,+75.4%
APH,Extended,Telco infrastructure,Information Technology,Technology Hardware & Equipmen,GAAP,Dec,EPS,CY2026,2.977,4.117,+38.3%,4.438,+7.8%,4.641,+4.6%,163.96,35.3,+55.9%,+21.3%,+25.5%,+75.4%
APH,Extended,Telco infrastructure,Information Technology,Technology Hardware & Equipmen,GAAP,Dec,EPS,CY2027,3.258,4.926,+51.2%,5.253,+6.6%,5.768,+9.8%,163.96,28.4,+77.0%,+21.3%,+25.5%,+75.4%
APH,Extended,Telco infrastructure,Information Technology,Technology Hardware & Equipmen,GAAP,Dec,EPS,CY2028,3.45,5.343,+54.9%,6.078,+13.8%,6.673,+9.8%,163.96,24.6,+93.4%,+21.3%,+25.5%,+75.4%
UI,Extended,Telco infrastructure,Information Technology,Technology Hardware & Equipmen,Adj,Jun,EPS,CY2025,,9.65,,9.65,+0.0%,9.65,+0.0%,589.46,61.1,,+6.5%,-25.8%,+56.4%
UI,Extended,Telco infrastructure,Information Technology,Technology Hardware & Equipmen,Adj,Jun,EPS,CY2026,,13.237,,15.125,+14.3%,15.25,+0.8%,589.46,38.7,,+6.5%,-25.8%,+56.4%
UI,Extended,Telco infrastructure,Information Technology,Technology Hardware & Equipmen,Adj,Jun,EPS,CY2027,,14.78,,17.115,+15.8%,17.23,+0.7%,589.46,34.2,,+6.5%,-25.8%,+56.4%
UI,Extended,Telco infrastructure,Information Technology,Technology Hardware & Equipmen,Adj,Jun,EPS,CY2028,,14.67,,19.135,+30.4%,19.2,+0.3%,589.46,30.7,,+6.5%,-25.8%,+56.4%
CALX,Extended,Telco infrastructure,Information Technology,Technology Hardware & Equipmen,Adj,Dec,EPS,CY2025,0.875,1.343,+53.5%,1.343,+0.0%,1.343,+0.0%,37.95,28.3,+53.5%,-28.3%,-25.0%,-19.5%
CALX,Extended,Telco infrastructure,Information Technology,Technology Hardware & Equipmen,Adj,Dec,EPS,CY2026,1.427,1.769,+24.0%,1.757,-0.7%,1.777,+1.1%,37.95,21.4,+24.5%,-28.3%,-25.0%,-19.5%
CALX,Extended,Telco infrastructure,Information Technology,Technology Hardware & Equipmen,Adj,Dec,EPS,CY2027,,2.453,,2.43,-0.9%,2.503,+3.0%,37.95,15.2,,-28.3%,-25.0%,-19.5%
CALX,Extended,Telco infrastructure,Information Technology,Technology Hardware & Equipmen,Adj,Dec,EPS,CY2028,,,,1.72,,3.142,+82.7%,37.95,12.1,,-28.3%,-25.0%,-19.5%
PRY,Extended,Telco infrastructure,Industrials,Capital Goods,Adj,Dec,EPS,CY2025,3.671,4.01,+9.2%,4.191,+4.5%,4.191,+0.0%,153.2,36.6,+14.2%,+77.4%,+61.8%,+175.0%
PRY,Extended,Telco infrastructure,Industrials,Capital Goods,Adj,Dec,EPS,CY2026,4.301,4.657,+8.3%,4.632,-0.5%,4.742,+2.4%,153.2,32.3,+10.3%,+77.4%,+61.8%,+175.0%
PRY,Extended,Telco infrastructure,Industrials,Capital Goods,Adj,Dec,EPS,CY2027,4.805,5.237,+9.0%,5.293,+1.1%,5.823,+10.0%,153.2,26.3,+21.2%,+77.4%,+61.8%,+175.0%
PRY,Extended,Telco infrastructure,Industrials,Capital Goods,Adj,Dec,EPS,CY2028,5.204,5.649,+8.6%,5.839,+3.4%,6.62,+13.4%,153.2,23.1,+27.2%,+77.4%,+61.8%,+175.0%
NTCT,Extended,Telco infrastructure,Information Technology,Technology Hardware & Equipmen,Adj,Mar,EPS,CY2025,,2.305,,2.415,+4.8%,2.415,+0.0%,39.67,16.4,,+46.6%,+29.5%,+66.3%
NTCT,Extended,Telco infrastructure,Information Technology,Technology Hardware & Equipmen,Adj,Mar,EPS,CY2026,,2.48,,2.515,+1.4%,2.605,+3.6%,39.67,15.2,,+46.6%,+29.5%,+66.3%
NTCT,Extended,Telco infrastructure,Information Technology,Technology Hardware & Equipmen,Adj,Mar,EPS,CY2027,,2.605,,2.6,-0.2%,2.79,+7.3%,39.67,14.2,,+46.6%,+29.5%,+66.3%
NTCT,Extended,Telco infrastructure,Information Technology,Technology Hardware & Equipmen,Adj,Mar,EPS,CY2028,,,,,,,,39.67,,,+46.6%,+29.5%,+66.3%
DOX,Extended,Telco infrastructure,Information Technology,Software & Services,Adj,Sep,EPS,CY2025,,7.002,,7.002,+0.0%,7.002,+0.0%,51.47,7.4,,-36.1%,-20.0%,-44.3%
DOX,Extended,Telco infrastructure,Information Technology,Software & Services,Adj,Sep,EPS,CY2026,,7.446,,7.448,+0.0%,7.41,-0.5%,51.47,6.9,,-36.1%,-20.0%,-44.3%
DOX,Extended,Telco infrastructure,Information Technology,Software & Services,Adj,Sep,EPS,CY2027,,8.066,,8.092,+0.3%,8.098,+0.1%,51.47,6.4,,-36.1%,-20.0%,-44.3%
DOX,Extended,Telco infrastructure,Information Technology,Software & Services,Adj,Sep,EPS,CY2028,,8.763,,8.853,+1.0%,8.973,+1.4%,51.47,5.7,,-36.1%,-20.0%,-44.3%
MCK,Extended,Drug distributors / PBMs,Health Care,Health Care Equipment & Servic,Adj,Mar,EPS,CY2025,37.341,38.681,+3.6%,39.017,+0.9%,38.984,-0.1%,750.63,19.3,+4.4%,-8.5%,-16.5%,+3.0%
MCK,Extended,Drug distributors / PBMs,Health Care,Health Care Equipment & Servic,Adj,Mar,EPS,CY2026,41.871,43.835,+4.7%,44.258,+1.0%,44.284,+0.1%,750.63,17.0,+5.8%,-8.5%,-16.5%,+3.0%
MCK,Extended,Drug distributors / PBMs,Health Care,Health Care Equipment & Servic,Adj,Mar,EPS,CY2027,46.623,49.732,+6.7%,49.901,+0.3%,50.344,+0.9%,750.63,14.9,+8.0%,-8.5%,-16.5%,+3.0%
MCK,Extended,Drug distributors / PBMs,Health Care,Health Care Equipment & Servic,Adj,Mar,EPS,CY2028,50.48,55.876,+10.7%,55.917,+0.1%,57.298,+2.5%,750.63,13.1,+13.5%,-8.5%,-16.5%,+3.0%
CAH,Extended,Drug distributors / PBMs,Health Care,Health Care Equipment & Servic,Adj,Jun,EPS,CY2025,8.192,8.198,+0.1%,8.198,+0.0%,8.198,+0.0%,221.77,27.1,+0.1%,+7.9%,+5.1%,+34.1%
CAH,Extended,Drug distributors / PBMs,Health Care,Health Care Equipment & Servic,Adj,Jun,EPS,CY2026,9.245,9.83,+6.3%,10.312,+4.9%,10.769,+4.4%,221.77,20.6,+16.5%,+7.9%,+5.1%,+34.1%
CAH,Extended,Drug distributors / PBMs,Health Care,Health Care Equipment & Servic,Adj,Jun,EPS,CY2027,10.442,11.081,+6.1%,11.585,+4.5%,11.99,+3.5%,221.77,18.5,+14.8%,+7.9%,+5.1%,+34.1%
CAH,Extended,Drug distributors / PBMs,Health Care,Health Care Equipment & Servic,Adj,Jun,EPS,CY2028,11.67,12.464,+6.8%,13.036,+4.6%,13.515,+3.7%,221.77,16.4,+15.8%,+7.9%,+5.1%,+34.1%
COR,Extended,Drug distributors / PBMs,Health Care,Health Care Equipment & Servic,Adj,Sep,EPS,CY2025,15.826,15.945,+0.8%,15.945,+0.0%,15.945,+0.0%,271.83,17.0,+0.8%,-19.5%,-18.1%,-8.4%
COR,Extended,Drug distributors / PBMs,Health Care,Health Care Equipment & Servic,Adj,Sep,EPS,CY2026,17.4,17.59,+1.1%,17.63,+0.2%,17.789,+0.9%,271.83,15.3,+2.2%,-19.5%,-18.1%,-8.4%
COR,Extended,Drug distributors / PBMs,Health Care,Health Care Equipment & Servic,Adj,Sep,EPS,CY2027,19.182,19.514,+1.7%,19.646,+0.7%,19.834,+1.0%,271.83,13.7,+3.4%,-19.5%,-18.1%,-8.4%
COR,Extended,Drug distributors / PBMs,Health Care,Health Care Equipment & Servic,Adj,Sep,EPS,CY2028,20.983,21.641,+3.1%,21.806,+0.8%,21.981,+0.8%,271.83,12.4,+4.8%,-19.5%,-18.1%,-8.4%
AZO,Extended,Autos,Consumer Discretionary,Consumer Discretionary Distrib,Adj,Aug,EPS,CY2025,147.322,146.727,-0.4%,146.727,+0.0%,146.727,+0.0%,3064.48,20.9,-0.4%,-9.6%,-8.3%,-15.0%
AZO,Extended,Autos,Consumer Discretionary,Consumer Discretionary Distrib,Adj,Aug,EPS,CY2026,167.323,149.191,-10.8%,148.618,-0.4%,151.082,+1.7%,3064.48,20.3,-9.7%,-9.6%,-8.3%,-15.0%
AZO,Extended,Autos,Consumer Discretionary,Consumer Discretionary Distrib,Adj,Aug,EPS,CY2027,186.451,175.664,-5.8%,174.569,-0.6%,175.274,+0.4%,3064.48,17.5,-6.0%,-9.6%,-8.3%,-15.0%
AZO,Extended,Autos,Consumer Discretionary,Consumer Discretionary Distrib,Adj,Aug,EPS,CY2028,208.308,196.864,-5.5%,193.781,-1.6%,195.256,+0.8%,3064.48,15.7,-6.3%,-9.6%,-8.3%,-15.0%
AAP,Extended,Autos,Consumer Discretionary,Consumer Discretionary Distrib,Adj,Dec,EPS,CY2025,1.827,1.82,-0.4%,1.815,-0.3%,1.815,+0.0%,60.1,33.1,-0.7%,+52.9%,+24.3%,+23.8%
AAP,Extended,Autos,Consumer Discretionary,Consumer Discretionary Distrib,Adj,Dec,EPS,CY2026,3.126,2.655,-15.1%,2.739,+3.2%,2.959,+8.0%,60.1,20.3,-5.3%,+52.9%,+24.3%,+23.8%
AAP,Extended,Autos,Consumer Discretionary,Consumer Discretionary Distrib,Adj,Dec,EPS,CY2027,4.555,4.035,-11.4%,3.918,-2.9%,3.971,+1.4%,60.1,15.1,-12.8%,+52.9%,+24.3%,+23.8%
AAP,Extended,Autos,Consumer Discretionary,Consumer Discretionary Distrib,Adj,Dec,EPS,CY2028,4.863,4.743,-2.5%,4.658,-1.8%,4.841,+3.9%,60.1,12.4,-0.5%,+52.9%,+24.3%,+23.8%
ORLY,Extended,Autos,Consumer Discretionary,Consumer Discretionary Distrib,Adj,Dec,EPS,CY2025,2.921,2.974,+1.8%,2.976,+0.1%,2.976,+0.0%,86.84,29.2,+1.9%,-4.8%,-1.2%,-1.7%
ORLY,Extended,Autos,Consumer Discretionary,Consumer Discretionary Distrib,Adj,Dec,EPS,CY2026,3.167,3.318,+4.8%,3.236,-2.5%,3.258,+0.7%,86.84,26.7,+2.9%,-4.8%,-1.2%,-1.7%
ORLY,Extended,Autos,Consumer Discretionary,Consumer Discretionary Distrib,Adj,Dec,EPS,CY2027,3.642,3.654,+0.3%,3.577,-2.1%,3.617,+1.1%,86.84,24.0,-0.7%,-4.8%,-1.2%,-1.7%
ORLY,Extended,Autos,Consumer Discretionary,Consumer Discretionary Distrib,Adj,Dec,EPS,CY2028,3.908,3.949,+1.0%,3.889,-1.5%,3.993,+2.7%,86.84,21.7,+2.2%,-4.8%,-1.2%,-1.7%
KMX,Extended,Autos,Consumer Discretionary,Consumer Discretionary Distrib,Adj,Feb,EPS,CY2025,3.671,2.787,-24.1%,2.669,-4.2%,2.693,+0.9%,53.66,19.9,-26.6%,+38.9%,+26.6%,-16.6%
KMX,Extended,Autos,Consumer Discretionary,Consumer Discretionary Distrib,Adj,Feb,EPS,CY2026,4.287,2.769,-35.4%,2.537,-8.4%,2.597,+2.4%,53.66,20.7,-39.4%,+38.9%,+26.6%,-16.6%
KMX,Extended,Autos,Consumer Discretionary,Consumer Discretionary Distrib,Adj,Feb,EPS,CY2027,5.365,3.31,-38.3%,3.265,-1.4%,2.977,-8.8%,53.66,18.0,-44.5%,+38.9%,+26.6%,-16.6%
KMX,Extended,Autos,Consumer Discretionary,Consumer Discretionary Distrib,Adj,Feb,EPS,CY2028,7.877,4.876,-38.1%,4.88,+0.1%,3.691,-24.4%,53.66,14.5,-53.1%,+38.9%,+26.6%,-16.6%
MNRO,Extended,Autos,Consumer Discretionary,Consumer Discretionary Distrib,Adj,Mar,EPS,CY2025,0.666,0.565,-15.2%,0.552,-2.3%,0.546,-1.1%,15.55,28.5,-18.0%,-22.4%,+1.4%,+10.2%
MNRO,Extended,Autos,Consumer Discretionary,Consumer Discretionary Distrib,Adj,Mar,EPS,CY2026,0.893,0.698,-21.8%,0.67,-4.0%,0.37,-44.8%,15.55,42.0,-58.6%,-22.4%,+1.4%,+10.2%
MNRO,Extended,Autos,Consumer Discretionary,Consumer Discretionary Distrib,Adj,Mar,EPS,CY2027,1.15,0.92,-20.0%,0.935,+1.6%,0.643,-31.2%,15.55,24.2,-44.1%,-22.4%,+1.4%,+10.2%
MNRO,Extended,Autos,Consumer Discretionary,Consumer Discretionary Distrib,Adj,Mar,EPS,CY2028,,,,1.21,,0.905,-25.2%,15.55,17.2,,-22.4%,+1.4%,+10.2%
AN,Extended,Autos,Consumer Discretionary,Consumer Discretionary Distrib,Adj,Dec,EPS,CY2025,18.564,20.047,+8.0%,19.989,-0.3%,19.989,+0.0%,188.74,9.4,+7.7%,-8.6%,+2.2%,-2.2%
AN,Extended,Autos,Consumer Discretionary,Consumer Discretionary Distrib,Adj,Dec,EPS,CY2026,19.938,21.081,+5.7%,21.638,+2.6%,21.561,-0.4%,188.74,8.8,+8.1%,-8.6%,+2.2%,-2.2%
AN,Extended,Autos,Consumer Discretionary,Consumer Discretionary Distrib,Adj,Dec,EPS,CY2027,22.294,23.32,+4.6%,23.899,+2.5%,24.172,+1.1%,188.74,7.8,+8.4%,-8.6%,+2.2%,-2.2%
AN,Extended,Autos,Consumer Discretionary,Consumer Discretionary Distrib,Adj,Dec,EPS,CY2028,,26.503,,25.196,-4.9%,25.927,+2.9%,188.74,7.3,,-8.6%,+2.2%,-2.2%
GPI,Extended,Autos,Consumer Discretionary,Consumer Discretionary Distrib,Adj,Dec,EPS,CY2025,41.108,42.123,+2.5%,40.471,-3.9%,40.471,+0.0%,313.16,7.7,-1.5%,-20.4%,-1.0%,-28.7%
GPI,Extended,Autos,Consumer Discretionary,Consumer Discretionary Distrib,Adj,Dec,EPS,CY2026,43.096,45.021,+4.5%,42.434,-5.7%,42.207,-0.5%,313.16,7.4,-2.1%,-20.4%,-1.0%,-28.7%
GPI,Extended,Autos,Consumer Discretionary,Consumer Discretionary Distrib,Adj,Dec,EPS,CY2027,46.477,50.953,+9.6%,48.216,-5.4%,47.483,-1.5%,313.16,6.6,+2.2%,-20.4%,-1.0%,-28.7%
GPI,Extended,Autos,Consumer Discretionary,Consumer Discretionary Distrib,Adj,Dec,EPS,CY2028,,55.73,,53.323,-4.3%,51.614,-3.2%,313.16,6.1,,-20.4%,-1.0%,-28.7%
SAH,Extended,Autos,Consumer Discretionary,Consumer Discretionary Distrib,Adj,Dec,EPS,CY2025,6.311,6.091,-3.5%,6.049,-0.7%,6.049,+0.0%,80.73,13.3,-4.2%,+30.5%,+32.4%,+4.0%
SAH,Extended,Autos,Consumer Discretionary,Consumer Discretionary Distrib,Adj,Dec,EPS,CY2026,7.03,7.1,+1.0%,6.463,-9.0%,6.928,+7.2%,80.73,11.7,-1.5%,+30.5%,+32.4%,+4.0%
SAH,Extended,Autos,Consumer Discretionary,Consumer Discretionary Distrib,Adj,Dec,EPS,CY2027,,7.848,,7.212,-8.1%,7.63,+5.8%,80.73,10.6,,+30.5%,+32.4%,+4.0%
SAH,Extended,Autos,Consumer Discretionary,Consumer Discretionary Distrib,Adj,Dec,EPS,CY2028,,8.95,,7.62,-14.9%,8.501,+11.6%,80.73,9.5,,+30.5%,+32.4%,+4.0%
CPRT,Extended,Autos,Industrials,Commercial & Professional Serv,Adj,Jul,EPS,CY2025,1.546,1.55,+0.3%,1.55,+0.0%,1.55,+0.0%,30.23,19.5,+0.3%,-22.8%,-7.0%,-36.9%
CPRT,Extended,Autos,Industrials,Commercial & Professional Serv,Adj,Jul,EPS,CY2026,1.736,1.664,-4.1%,1.576,-5.3%,1.581,+0.3%,30.23,19.1,-8.9%,-22.8%,-7.0%,-36.9%
CPRT,Extended,Autos,Industrials,Commercial & Professional Serv,Adj,Jul,EPS,CY2027,1.964,1.819,-7.4%,1.679,-7.7%,1.678,-0.1%,30.23,18.0,-14.6%,-22.8%,-7.0%,-36.9%
CPRT,Extended,Autos,Industrials,Commercial & Professional Serv,Adj,Jul,EPS,CY2028,2.22,1.915,-13.7%,1.837,-4.1%,1.785,-2.8%,30.23,16.9,-19.6%,-22.8%,-7.0%,-36.9%
LKQ,Extended,Autos,Consumer Discretionary,Consumer Discretionary Distrib,Adj,Dec,EPS,CY2025,3.51,3.106,-11.5%,3.106,+0.0%,3.106,+0.0%,25.8,8.3,-11.5%,-14.6%,-9.7%,-30.0%
LKQ,Extended,Autos,Consumer Discretionary,Consumer Discretionary Distrib,Adj,Dec,EPS,CY2026,3.769,3.299,-12.5%,3.039,-7.9%,2.781,-8.5%,25.8,9.3,-26.2%,-14.6%,-9.7%,-30.0%
LKQ,Extended,Autos,Consumer Discretionary,Consumer Discretionary Distrib,Adj,Dec,EPS,CY2027,,3.478,,3.324,-4.4%,3.127,-5.9%,25.8,8.3,,-14.6%,-9.7%,-30.0%
LKQ,Extended,Autos,Consumer Discretionary,Consumer Discretionary Distrib,Adj,Dec,EPS,CY2028,,3.39,,3.54,+4.4%,3.443,-2.7%,25.8,7.5,,-14.6%,-9.7%,-30.0%
WAB,Extended,Auto / Truck Supply Chain,Industrials,Capital Goods,Adj,Dec,EPS,CY2025,8.723,8.971,+2.8%,8.968,-0.0%,8.968,+0.0%,273.83,30.5,+2.8%,+28.3%,+15.5%,+36.4%
WAB,Extended,Auto / Truck Supply Chain,Industrials,Capital Goods,Adj,Dec,EPS,CY2026,9.732,10.195,+4.8%,10.385,+1.9%,10.617,+2.2%,273.83,25.8,+9.1%,+28.3%,+15.5%,+36.4%
WAB,Extended,Auto / Truck Supply Chain,Industrials,Capital Goods,Adj,Dec,EPS,CY2027,,11.279,,11.816,+4.8%,12.155,+2.9%,273.83,22.5,,+28.3%,+15.5%,+36.4%
WAB,Extended,Auto / Truck Supply Chain,Industrials,Capital Goods,Adj,Dec,EPS,CY2028,,13.39,,13.113,-2.1%,13.599,+3.7%,273.83,20.1,,+28.3%,+15.5%,+36.4%
ALSN,Extended,Auto / Truck Supply Chain,Industrials,Capital Goods,Adj,Dec,EPS,CY2025,8.826,7.724,-12.5%,7.72,-0.1%,7.72,+0.0%,119.1,15.4,-12.5%,+21.7%,+6.2%,+29.1%
ALSN,Extended,Auto / Truck Supply Chain,Industrials,Capital Goods,Adj,Dec,EPS,CY2026,9.971,8.176,-18.0%,8.78,+7.4%,9.226,+5.1%,119.1,12.9,-7.5%,+21.7%,+6.2%,+29.1%
ALSN,Extended,Auto / Truck Supply Chain,Industrials,Capital Goods,Adj,Dec,EPS,CY2027,11.02,9.815,-10.9%,10.89,+11.0%,10.857,-0.3%,119.1,11.0,-1.5%,+21.7%,+6.2%,+29.1%
ALSN,Extended,Auto / Truck Supply Chain,Industrials,Capital Goods,Adj,Dec,EPS,CY2028,12.87,14.39,+11.8%,12.963,-9.9%,13.094,+1.0%,119.1,9.1,+1.7%,+21.7%,+6.2%,+29.1%
GNTX,Extended,Auto / Truck Supply Chain,Consumer Discretionary,Automobiles & Components,Adj,Dec,EPS,CY2025,1.638,1.783,+8.9%,1.791,+0.4%,1.791,+0.0%,25.95,14.5,+9.3%,+11.5%,+24.1%,+21.3%
GNTX,Extended,Auto / Truck Supply Chain,Consumer Discretionary,Automobiles & Components,Adj,Dec,EPS,CY2026,1.857,1.959,+5.5%,1.943,-0.8%,1.989,+2.4%,25.95,13.0,+7.1%,+11.5%,+24.1%,+21.3%
GNTX,Extended,Auto / Truck Supply Chain,Consumer Discretionary,Automobiles & Components,Adj,Dec,EPS,CY2027,,2.24,,2.144,-4.3%,2.218,+3.5%,25.95,11.7,,+11.5%,+24.1%,+21.3%
GNTX,Extended,Auto / Truck Supply Chain,Consumer Discretionary,Automobiles & Components,Adj,Dec,EPS,CY2028,,2.96,,2.515,-15.0%,2.544,+1.2%,25.95,10.2,,+11.5%,+24.1%,+21.3%
TEL,Extended,Auto / Truck Supply Chain,Information Technology,Technology Hardware & Equipmen,Adj,Sep,EPS,CY2025,8.224,8.609,+4.7%,8.609,+0.0%,8.609,+0.0%,217.64,25.3,+4.7%,-4.3%,+9.7%,+32.9%
TEL,Extended,Auto / Truck Supply Chain,Information Technology,Technology Hardware & Equipmen,Adj,Sep,EPS,CY2026,9.002,10.693,+18.8%,11.083,+3.6%,11.242,+1.4%,217.64,19.4,+24.9%,-4.3%,+9.7%,+32.9%
TEL,Extended,Auto / Truck Supply Chain,Information Technology,Technology Hardware & Equipmen,Adj,Sep,EPS,CY2027,9.955,12.047,+21.0%,12.364,+2.6%,12.633,+2.2%,217.64,17.2,+26.9%,-4.3%,+9.7%,+32.9%
TEL,Extended,Auto / Truck Supply Chain,Information Technology,Technology Hardware & Equipmen,Adj,Sep,EPS,CY2028,11.082,13.426,+21.2%,13.711,+2.1%,13.978,+1.9%,217.64,15.6,+26.1%,-4.3%,+9.7%,+32.9%
GT,Extended,Auto / Truck Supply Chain,Consumer Discretionary,Automobiles & Components,Adj,Dec,EPS,CY2025,1.279,0.635,-50.4%,0.624,-1.7%,0.624,+0.0%,6.19,9.9,-51.2%,-29.3%,-2.7%,-41.1%
GT,Extended,Auto / Truck Supply Chain,Consumer Discretionary,Automobiles & Components,Adj,Dec,EPS,CY2026,1.927,1.104,-42.7%,0.717,-35.1%,-0.147,-120.5%,6.19,-42.1,-107.6%,-29.3%,-2.7%,-41.1%
GT,Extended,Auto / Truck Supply Chain,Consumer Discretionary,Automobiles & Components,Adj,Dec,EPS,CY2027,2.168,1.48,-31.7%,1.156,-21.9%,0.789,-31.7%,6.19,7.8,-63.6%,-29.3%,-2.7%,-41.1%
GT,Extended,Auto / Truck Supply Chain,Consumer Discretionary,Automobiles & Components,Adj,Dec,EPS,CY2028,,1.76,,1.434,-18.5%,1.332,-7.1%,6.19,4.6,,-29.3%,-2.7%,-41.1%
TEN,Extended,Auto / Truck Supply Chain,Energy,Energy,Adj,Dec,EPS,CY2025,3.915,3.42,-12.6%,3.517,+2.8%,3.517,+0.0%,38.29,10.9,-10.2%,+70.8%,+5.5%,+80.3%
TEN,Extended,Auto / Truck Supply Chain,Energy,Energy,Adj,Dec,EPS,CY2026,6.915,4.46,-35.5%,5.88,+31.8%,8.785,+49.4%,38.29,4.4,+27.0%,+70.8%,+5.5%,+80.3%
TEN,Extended,Auto / Truck Supply Chain,Energy,Energy,Adj,Dec,EPS,CY2027,8.05,3.13,-61.1%,3.007,-3.9%,5.12,+70.3%,38.29,7.5,-36.4%,+70.8%,+5.5%,+80.3%
TEN,Extended,Auto / Truck Supply Chain,Energy,Energy,Adj,Dec,EPS,CY2028,9.67,9.67,+0.0%,9.67,+0.0%,2.97,-69.3%,38.29,12.9,-69.3%,+70.8%,+5.5%,+80.3%
LEA,Extended,Auto / Truck Supply Chain,Consumer Discretionary,Automobiles & Components,Adj,Dec,EPS,CY2025,11.561,12.131,+4.9%,12.247,+1.0%,12.247,+0.0%,139.75,11.4,+5.9%,+21.9%,+20.9%,+53.1%
LEA,Extended,Auto / Truck Supply Chain,Consumer Discretionary,Automobiles & Components,Adj,Dec,EPS,CY2026,13.595,14.08,+3.6%,14.445,+2.6%,14.713,+1.9%,139.75,9.5,+8.2%,+21.9%,+20.9%,+53.1%
LEA,Extended,Auto / Truck Supply Chain,Consumer Discretionary,Automobiles & Components,Adj,Dec,EPS,CY2027,16.744,16.255,-2.9%,16.931,+4.2%,17.26,+1.9%,139.75,8.1,+3.1%,+21.9%,+20.9%,+53.1%
LEA,Extended,Auto / Truck Supply Chain,Consumer Discretionary,Automobiles & Components,Adj,Dec,EPS,CY2028,21.683,19.32,-10.9%,19.094,-1.2%,19.314,+1.2%,139.75,7.2,-10.9%,+21.9%,+20.9%,+53.1%
ADNT,Extended,Auto / Truck Supply Chain,Consumer Discretionary,Automobiles & Components,Adj,Sep,EPS,CY2025,1.775,1.968,+10.9%,1.968,+0.0%,1.968,+0.0%,20.75,10.5,+10.9%,+8.2%,+4.9%,+9.8%
ADNT,Extended,Auto / Truck Supply Chain,Consumer Discretionary,Automobiles & Components,Adj,Sep,EPS,CY2026,2.198,1.933,-12.1%,2.117,+9.5%,2.125,+0.4%,20.75,9.8,-3.3%,+8.2%,+4.9%,+9.8%
ADNT,Extended,Auto / Truck Supply Chain,Consumer Discretionary,Automobiles & Components,Adj,Sep,EPS,CY2027,3.708,3.006,-18.9%,3.226,+7.3%,3.335,+3.4%,20.75,6.2,-10.1%,+8.2%,+4.9%,+9.8%
ADNT,Extended,Auto / Truck Supply Chain,Consumer Discretionary,Automobiles & Components,Adj,Sep,EPS,CY2028,6.567,4.163,-36.6%,4.571,+9.8%,4.454,-2.6%,20.75,4.7,-32.2%,+8.2%,+4.9%,+9.8%
JCI,Extended,Auto / Truck Supply Chain,Industrials,Capital Goods,Adj,Sep,EPS,CY2025,3.617,3.725,+3.0%,3.725,+0.0%,3.725,+0.0%,144.82,38.9,+3.0%,+20.9%,+8.7%,+39.9%
JCI,Extended,Auto / Truck Supply Chain,Industrials,Capital Goods,Adj,Sep,EPS,CY2026,4.257,4.595,+7.9%,4.745,+3.3%,4.888,+3.0%,144.82,29.6,+14.8%,+20.9%,+8.7%,+39.9%
JCI,Extended,Auto / Truck Supply Chain,Industrials,Capital Goods,Adj,Sep,EPS,CY2027,4.955,5.335,+7.7%,5.54,+3.8%,5.762,+4.0%,144.82,25.1,+16.3%,+20.9%,+8.7%,+39.9%
JCI,Extended,Auto / Truck Supply Chain,Industrials,Capital Goods,Adj,Sep,EPS,CY2028,5.645,6.063,+7.4%,6.305,+4.0%,6.624,+5.1%,144.82,21.9,+17.3%,+20.9%,+8.7%,+39.9%
LNR,Extended,Auto / Truck Supply Chain,Consumer Discretionary,Automobiles & Components,Adj,Dec,EPS,CY2025,10.126,10.054,-0.7%,10.072,+0.2%,10.072,+0.0%,102.46,10.2,-0.5%,+23.5%,+22.0%,+61.5%
LNR,Extended,Auto / Truck Supply Chain,Consumer Discretionary,Automobiles & Components,Adj,Dec,EPS,CY2026,10.656,11.398,+7.0%,11.51,+1.0%,11.916,+3.5%,102.46,8.6,+11.8%,+23.5%,+22.0%,+61.5%
LNR,Extended,Auto / Truck Supply Chain,Consumer Discretionary,Automobiles & Components,Adj,Dec,EPS,CY2027,,13.88,,12.862,-7.3%,13.27,+3.2%,102.46,7.7,,+23.5%,+22.0%,+61.5%
LNR,Extended,Auto / Truck Supply Chain,Consumer Discretionary,Automobiles & Components,Adj,Dec,EPS,CY2028,,,,,,,,102.46,,,+23.5%,+22.0%,+61.5%
CON,Extended,Auto / Truck Supply Chain,Consumer Discretionary,Automobiles & Components,Adj,Dec,EPS,CY2025,7.671,2.92,-61.9%,2.87,-1.7%,2.87,+0.0%,72.46,25.2,-62.6%,+6.6%,+26.2%,+30.9%
CON,Extended,Auto / Truck Supply Chain,Consumer Discretionary,Automobiles & Components,Adj,Dec,EPS,CY2026,9.434,6.679,-29.2%,6.386,-4.4%,6.404,+0.3%,72.46,11.3,-32.1%,+6.6%,+26.2%,+30.9%
CON,Extended,Auto / Truck Supply Chain,Consumer Discretionary,Automobiles & Components,Adj,Dec,EPS,CY2027,10.982,7.644,-30.4%,7.453,-2.5%,7.458,+0.1%,72.46,9.7,-32.1%,+6.6%,+26.2%,+30.9%
CON,Extended,Auto / Truck Supply Chain,Consumer Discretionary,Automobiles & Components,Adj,Dec,EPS,CY2028,,8.42,,7.962,-5.4%,8.161,+2.5%,72.46,8.9,,+6.6%,+26.2%,+30.9%
PCAR,Extended,Auto / Truck Supply Chain,Industrials,Capital Goods,Adj,Dec,EPS,CY2025,5.655,4.972,-12.1%,4.977,+0.1%,4.977,+0.0%,118.95,23.9,-12.0%,+8.6%,+5.4%,+32.8%
PCAR,Extended,Auto / Truck Supply Chain,Industrials,Capital Goods,Adj,Dec,EPS,CY2026,6.954,5.707,-17.9%,5.677,-0.5%,5.703,+0.5%,118.95,20.9,-18.0%,+8.6%,+5.4%,+32.8%
PCAR,Extended,Auto / Truck Supply Chain,Industrials,Capital Goods,Adj,Dec,EPS,CY2027,7.041,6.943,-1.4%,6.862,-1.2%,6.755,-1.6%,118.95,17.6,-4.1%,+8.6%,+5.4%,+32.8%
PCAR,Extended,Auto / Truck Supply Chain,Industrials,Capital Goods,Adj,Dec,EPS,CY2028,,7.708,,7.554,-2.0%,7.88,+4.3%,118.95,15.1,,+8.6%,+5.4%,+32.8%
HOG,Extended,Auto / Truck Supply Chain,Consumer Discretionary,Automobiles & Components,Adj,Dec,EPS,CY2025,2.545,4.048,+59.1%,4.041,-0.2%,4.041,+0.0%,25.67,6.4,+58.8%,+25.3%,+45.9%,+9.8%
HOG,Extended,Auto / Truck Supply Chain,Consumer Discretionary,Automobiles & Components,Adj,Dec,EPS,CY2026,3.305,2.105,-36.3%,0.301,-85.7%,0.401,+33.2%,25.67,64.0,-87.9%,+25.3%,+45.9%,+9.8%
HOG,Extended,Auto / Truck Supply Chain,Consumer Discretionary,Automobiles & Components,Adj,Dec,EPS,CY2027,3.965,2.945,-25.7%,1.598,-45.7%,1.902,+19.0%,25.67,13.5,-52.0%,+25.3%,+45.9%,+9.8%
HOG,Extended,Auto / Truck Supply Chain,Consumer Discretionary,Automobiles & Components,Adj,Dec,EPS,CY2028,,5.04,,2.18,-56.7%,2.175,-0.2%,25.67,11.8,,+25.3%,+45.9%,+9.8%
GM,Extended,Auto / Truck Supply Chain,Consumer Discretionary,Automobiles & Components,Adj,Dec,EPS,CY2025,8.986,10.193,+13.4%,10.286,+0.9%,10.286,+0.0%,79.29,7.7,+14.5%,-2.5%,+7.5%,+64.9%
GM,Extended,Auto / Truck Supply Chain,Consumer Discretionary,Automobiles & Components,Adj,Dec,EPS,CY2026,9.333,11.533,+23.6%,12.266,+6.4%,12.677,+3.4%,79.29,6.3,+35.8%,-2.5%,+7.5%,+64.9%
GM,Extended,Auto / Truck Supply Chain,Consumer Discretionary,Automobiles & Components,Adj,Dec,EPS,CY2027,9.243,12.195,+31.9%,13.753,+12.8%,13.958,+1.5%,79.29,5.7,+51.0%,-2.5%,+7.5%,+64.9%
GM,Extended,Auto / Truck Supply Chain,Consumer Discretionary,Automobiles & Components,Adj,Dec,EPS,CY2028,10.237,11.901,+16.3%,12.877,+8.2%,13.307,+3.3%,79.29,6.0,+30.0%,-2.5%,+7.5%,+64.9%
BC,Extended,Auto / Truck Supply Chain,Consumer Discretionary,Consumer Durables & Apparel,Adj,Dec,EPS,CY2025,3.179,3.255,+2.4%,3.26,+0.2%,3.26,+0.0%,83.57,25.6,+2.5%,+12.6%,+17.4%,+50.5%
BC,Extended,Auto / Truck Supply Chain,Consumer Discretionary,Consumer Durables & Apparel,Adj,Dec,EPS,CY2026,4.199,4.143,-1.3%,4.254,+2.7%,4.323,+1.6%,83.57,19.3,+3.0%,+12.6%,+17.4%,+50.5%
BC,Extended,Auto / Truck Supply Chain,Consumer Discretionary,Consumer Durables & Apparel,Adj,Dec,EPS,CY2027,5.756,5.182,-10.0%,5.449,+5.2%,5.567,+2.2%,83.57,15.0,-3.3%,+12.6%,+17.4%,+50.5%
BC,Extended,Auto / Truck Supply Chain,Consumer Discretionary,Consumer Durables & Apparel,Adj,Dec,EPS,CY2028,,7.34,,6.603,-10.0%,6.765,+2.5%,83.57,12.4,,+12.6%,+17.4%,+50.5%
F,Extended,Auto / Truck Supply Chain,Consumer Discretionary,Automobiles & Components,Adj,Dec,EPS,CY2025,1.043,1.057,+1.3%,1.141,+7.9%,1.141,+0.0%,14.06,12.3,+9.4%,+7.2%,+20.8%,+34.8%
F,Extended,Auto / Truck Supply Chain,Consumer Discretionary,Automobiles & Components,Adj,Dec,EPS,CY2026,1.325,1.485,+12.1%,1.527,+2.8%,1.665,+9.0%,14.06,8.4,+25.7%,+7.2%,+20.8%,+34.8%
F,Extended,Auto / Truck Supply Chain,Consumer Discretionary,Automobiles & Components,Adj,Dec,EPS,CY2027,1.494,1.651,+10.5%,1.858,+12.5%,1.84,-1.0%,14.06,7.6,+23.2%,+7.2%,+20.8%,+34.8%
F,Extended,Auto / Truck Supply Chain,Consumer Discretionary,Automobiles & Components,Adj,Dec,EPS,CY2028,1.761,1.805,+2.5%,1.973,+9.3%,1.989,+0.8%,14.06,7.1,+12.9%,+7.2%,+20.8%,+34.8%
STLA,Extended,Auto / Truck Supply Chain,Consumer Discretionary,Automobiles & Components,Adj,Dec,EPS,CY2025,1.428,0.615,-56.9%,-0.673,-209.4%,-0.673,+0.0%,6.34,-9.4,-147.1%,-41.8%,-2.5%,-33.6%
STLA,Extended,Auto / Truck Supply Chain,Consumer Discretionary,Automobiles & Components,Adj,Dec,EPS,CY2026,2.12,1.648,-22.3%,0.865,-47.5%,0.771,-10.9%,6.34,8.2,-63.6%,-41.8%,-2.5%,-33.6%
STLA,Extended,Auto / Truck Supply Chain,Consumer Discretionary,Automobiles & Components,Adj,Dec,EPS,CY2027,2.737,2.218,-19.0%,1.557,-29.8%,1.305,-16.2%,6.34,4.9,-52.3%,-41.8%,-2.5%,-33.6%
STLA,Extended,Auto / Truck Supply Chain,Consumer Discretionary,Automobiles & Components,Adj,Dec,EPS,CY2028,3.213,2.517,-21.7%,1.977,-21.5%,1.785,-9.7%,6.34,3.6,-44.4%,-41.8%,-2.5%,-33.6%
EXO,Extended,Auto / Truck Supply Chain,Financials,Financial Services,Adj,Dec,EPS,CY2025,-2.53,3.988,+257.6%,14.0,+251.1%,14.0,+0.0%,65.55,4.7,+653.4%,-9.5%,+1.1%,-19.2%
EXO,Extended,Auto / Truck Supply Chain,Financials,Financial Services,Adj,Dec,EPS,CY2026,1.235,2.447,+98.1%,-3.675,-250.2%,2.027,+155.2%,65.55,32.3,+64.1%,-9.5%,+1.1%,-19.2%
EXO,Extended,Auto / Truck Supply Chain,Financials,Financial Services,Adj,Dec,EPS,CY2027,,3.19,,2.65,-16.9%,2.433,-8.2%,65.55,26.9,,-9.5%,+1.1%,-19.2%
EXO,Extended,Auto / Truck Supply Chain,Financials,Financial Services,Adj,Dec,EPS,CY2028,,3.18,,3.18,+0.0%,1.71,-46.2%,65.55,38.3,,-9.5%,+1.1%,-19.2%
VOW,Extended,Auto / Truck Supply Chain,Consumer Discretionary,Automobiles & Components,Adj,Dec,EPS,CY2025,19.0,10.814,-43.1%,11.133,+2.9%,11.133,+0.0%,81.85,7.4,-41.4%,-22.1%,-6.5%,-7.2%
VOW,Extended,Auto / Truck Supply Chain,Consumer Discretionary,Automobiles & Components,Adj,Dec,EPS,CY2026,24.949,21.438,-14.1%,20.515,-4.3%,18.568,-9.5%,81.85,4.4,-25.6%,-22.1%,-6.5%,-7.2%
VOW,Extended,Auto / Truck Supply Chain,Consumer Discretionary,Automobiles & Components,Adj,Dec,EPS,CY2027,30.302,26.283,-13.3%,24.239,-7.8%,22.504,-7.2%,81.85,3.6,-25.7%,-22.1%,-6.5%,-7.2%
VOW,Extended,Auto / Truck Supply Chain,Consumer Discretionary,Automobiles & Components,Adj,Dec,EPS,CY2028,34.266,23.235,-32.2%,29.619,+27.5%,28.415,-4.1%,81.85,2.9,-17.1%,-22.1%,-6.5%,-7.2%
BMW,Extended,Auto / Truck Supply Chain,Consumer Discretionary,Automobiles & Components,Adj,Dec,EPS,CY2025,10.475,10.666,+1.8%,10.683,+0.2%,10.683,+0.0%,59.98,5.6,+2.0%,-35.6%,-21.4%,-16.1%
BMW,Extended,Auto / Truck Supply Chain,Consumer Discretionary,Automobiles & Components,Adj,Dec,EPS,CY2026,11.83,11.417,-3.5%,10.72,-6.1%,7.615,-29.0%,59.98,7.9,-35.6%,-35.6%,-21.4%,-16.1%
BMW,Extended,Auto / Truck Supply Chain,Consumer Discretionary,Automobiles & Components,Adj,Dec,EPS,CY2027,13.234,13.12,-0.9%,12.303,-6.2%,10.013,-18.6%,59.98,6.0,-24.3%,-35.6%,-21.4%,-16.1%
BMW,Extended,Auto / Truck Supply Chain,Consumer Discretionary,Automobiles & Components,Adj,Dec,EPS,CY2028,14.076,15.064,+7.0%,13.947,-7.4%,11.788,-15.5%,59.98,5.1,-16.3%,-35.6%,-21.4%,-16.1%
005380,Extended,Auto / Truck Supply Chain,Consumer Discretionary,Automobiles & Components,GAAP,Dec,EPS,CY2025,48961.191,44387.52,-9.3%,45332.066,+2.1%,45332.066,+0.0%,607000.0,13.4,-7.4%,+104.4%,+16.3%,+189.0%
005380,Extended,Auto / Truck Supply Chain,Consumer Discretionary,Automobiles & Components,GAAP,Dec,EPS,CY2026,49298.007,47239.334,-4.2%,47103.522,-0.3%,44888.503,-4.7%,607000.0,13.5,-8.9%,+104.4%,+16.3%,+189.0%
005380,Extended,Auto / Truck Supply Chain,Consumer Discretionary,Automobiles & Components,GAAP,Dec,EPS,CY2027,50847.373,50173.713,-1.3%,51478.968,+2.6%,49137.54,-4.5%,607000.0,12.4,-3.4%,+104.4%,+16.3%,+189.0%
005380,Extended,Auto / Truck Supply Chain,Consumer Discretionary,Automobiles & Components,GAAP,Dec,EPS,CY2028,,72667.0,,56229.546,-22.6%,53802.261,-4.3%,607000.0,11.3,,+104.4%,+16.3%,+189.0%
ECL,Extended,Recurring services,Materials,Materials,Adj,Dec,EPS,CY2025,7.501,7.527,+0.3%,7.523,-0.1%,7.523,+0.0%,269.12,35.8,+0.3%,+2.5%,+4.0%,+3.4%
ECL,Extended,Recurring services,Materials,Materials,Adj,Dec,EPS,CY2026,8.43,8.476,+0.5%,8.523,+0.6%,8.302,-2.6%,269.12,32.4,-1.5%,+2.5%,+4.0%,+3.4%
ECL,Extended,Recurring services,Materials,Materials,Adj,Dec,EPS,CY2027,9.569,9.63,+0.6%,9.721,+0.9%,9.492,-2.4%,269.12,28.4,-0.8%,+2.5%,+4.0%,+3.4%
ECL,Extended,Recurring services,Materials,Materials,Adj,Dec,EPS,CY2028,10.197,10.487,+2.8%,10.775,+2.7%,10.733,-0.4%,269.12,25.1,+5.3%,+2.5%,+4.0%,+3.4%
CLH,Extended,Recurring services,Industrials,Commercial & Professional Serv,Adj,Dec,EPS,CY2025,7.605,7.253,-4.6%,7.251,-0.0%,7.251,+0.0%,288.6,39.8,-4.7%,+23.1%,-0.3%,+27.5%
CLH,Extended,Recurring services,Industrials,Commercial & Professional Serv,Adj,Dec,EPS,CY2026,9.085,8.015,-11.8%,8.252,+3.0%,8.605,+4.3%,288.6,33.5,-5.3%,+23.1%,-0.3%,+27.5%
CLH,Extended,Recurring services,Industrials,Commercial & Professional Serv,Adj,Dec,EPS,CY2027,,9.165,,9.321,+1.7%,9.491,+1.8%,288.6,30.4,,+23.1%,-0.3%,+27.5%
CLH,Extended,Recurring services,Industrials,Commercial & Professional Serv,Adj,Dec,EPS,CY2028,,11.16,,10.509,-5.8%,10.998,+4.7%,288.6,26.2,,+23.1%,-0.3%,+27.5%
PSA,Extended,Recurring services,Real Estate,Equity Real Estate Investment,Adj,Dec,EPS,CY2025,9.825,9.082,-7.6%,8.978,-1.1%,8.978,+0.0%,318.12,35.4,-8.6%,+22.6%,+14.7%,+9.4%
PSA,Extended,Recurring services,Real Estate,Equity Real Estate Investment,Adj,Dec,EPS,CY2026,10.68,10.387,-2.7%,10.088,-2.9%,10.185,+1.0%,318.12,31.2,-4.6%,+22.6%,+14.7%,+9.4%
PSA,Extended,Recurring services,Real Estate,Equity Real Estate Investment,Adj,Dec,EPS,CY2027,11.328,10.889,-3.9%,10.323,-5.2%,10.271,-0.5%,318.12,31.0,-9.3%,+22.6%,+14.7%,+9.4%
PSA,Extended,Recurring services,Real Estate,Equity Real Estate Investment,Adj,Dec,EPS,CY2028,12.232,11.667,-4.6%,11.034,-5.4%,10.851,-1.7%,318.12,29.3,-11.3%,+22.6%,+14.7%,+9.4%
EXR,Extended,Recurring services,Real Estate,Equity Real Estate Investment,Adj,Dec,EPS,CY2025,4.795,4.457,-7.0%,4.535,+1.8%,4.535,+0.0%,145.33,32.0,-5.4%,+11.6%,+6.9%,-0.8%
EXR,Extended,Recurring services,Real Estate,Equity Real Estate Investment,Adj,Dec,EPS,CY2026,4.945,4.897,-1.0%,4.806,-1.9%,4.62,-3.9%,145.33,31.5,-6.6%,+11.6%,+6.9%,-0.8%
EXR,Extended,Recurring services,Real Estate,Equity Real Estate Investment,Adj,Dec,EPS,CY2027,5.236,5.158,-1.5%,5.033,-2.4%,4.847,-3.7%,145.33,30.0,-7.4%,+11.6%,+6.9%,-0.8%
EXR,Extended,Recurring services,Real Estate,Equity Real Estate Investment,Adj,Dec,EPS,CY2028,5.772,5.576,-3.4%,5.318,-4.6%,5.111,-3.9%,145.33,28.4,-11.5%,+11.6%,+6.9%,-0.8%
SCI,Extended,Recurring services,Consumer Discretionary,Consumer Services,Adj,Dec,EPS,CY2025,3.784,3.854,+1.8%,3.852,-0.1%,3.852,+0.0%,72.62,18.9,+1.8%,-6.9%,-4.3%,-7.3%
SCI,Extended,Recurring services,Consumer Discretionary,Consumer Services,Adj,Dec,EPS,CY2026,4.174,4.244,+1.7%,4.2,-1.0%,4.127,-1.7%,72.62,17.6,-1.1%,-6.9%,-4.3%,-7.3%
SCI,Extended,Recurring services,Consumer Discretionary,Consumer Services,Adj,Dec,EPS,CY2027,,4.675,,4.628,-1.0%,4.555,-1.6%,72.62,15.9,,-6.9%,-4.3%,-7.3%
SCI,Extended,Recurring services,Consumer Discretionary,Consumer Services,Adj,Dec,EPS,CY2028,,,,5.21,,5.07,-2.7%,72.62,14.3,,-6.9%,-4.3%,-7.3%
ADT,Extended,Recurring services,Consumer Discretionary,Consumer Services,Adj,Dec,EPS,CY2025,0.837,0.882,+5.4%,0.882,+0.0%,0.882,+0.0%,6.58,7.5,+5.4%,-18.5%,-0.2%,-19.2%
ADT,Extended,Recurring services,Consumer Discretionary,Consumer Services,Adj,Dec,EPS,CY2026,0.94,0.946,+0.6%,0.9,-4.9%,0.913,+1.4%,6.58,7.2,-2.9%,-18.5%,-0.2%,-19.2%
ADT,Extended,Recurring services,Consumer Discretionary,Consumer Services,Adj,Dec,EPS,CY2027,,1.052,,0.968,-8.0%,0.968,+0.0%,6.58,6.8,,-18.5%,-0.2%,-19.2%
ADT,Extended,Recurring services,Consumer Discretionary,Consumer Services,Adj,Dec,EPS,CY2028,,1.33,,1.056,-20.6%,1.044,-1.1%,6.58,6.3,,-18.5%,-0.2%,-19.2%
IRM,Extended,Recurring services,Real Estate,Equity Real Estate Investment,Adj,Dec,EPS,CY2025,1.732,1.965,+13.5%,1.965,+0.0%,1.965,+0.0%,127.83,65.1,+13.5%,+54.1%,+21.8%,+24.5%
IRM,Extended,Recurring services,Real Estate,Equity Real Estate Investment,Adj,Dec,EPS,CY2026,2.236,2.314,+3.5%,2.392,+3.4%,2.312,-3.3%,127.83,55.3,+3.4%,+54.1%,+21.8%,+24.5%
IRM,Extended,Recurring services,Real Estate,Equity Real Estate Investment,Adj,Dec,EPS,CY2027,2.69,2.676,-0.5%,2.701,+0.9%,2.553,-5.5%,127.83,50.1,-5.1%,+54.1%,+21.8%,+24.5%
IRM,Extended,Recurring services,Real Estate,Equity Real Estate Investment,Adj,Dec,EPS,CY2028,,3.065,,3.198,+4.3%,2.902,-9.3%,127.83,44.0,,+54.1%,+21.8%,+24.5%
SECUB,Extended,Recurring services,Industrials,Commercial & Professional Serv,Adj,Dec,EPS,CY2025,11.961,12.033,+0.6%,12.154,+1.0%,12.154,+0.0%,151.8,12.5,+1.6%,+3.1%,+1.5%,+10.3%
SECUB,Extended,Recurring services,Industrials,Commercial & Professional Serv,Adj,Dec,EPS,CY2026,13.126,12.903,-1.7%,12.93,+0.2%,12.909,-0.2%,151.8,11.8,-1.7%,+3.1%,+1.5%,+10.3%
SECUB,Extended,Recurring services,Industrials,Commercial & Professional Serv,Adj,Dec,EPS,CY2027,14.245,13.974,-1.9%,13.949,-0.2%,13.909,-0.3%,151.8,10.9,-2.4%,+3.1%,+1.5%,+10.3%
SECUB,Extended,Recurring services,Industrials,Commercial & Professional Serv,Adj,Dec,EPS,CY2028,14.918,15.527,+4.1%,14.944,-3.8%,14.885,-0.4%,151.8,10.2,-0.2%,+3.1%,+1.5%,+10.3%
CTAS,Extended,Recurring services,Industrials,Commercial & Professional Serv,Adj,May,EPS,CY2025,4.388,4.388,+0.0%,4.388,+0.0%,4.388,+0.0%,170.85,38.9,+0.0%,-9.2%,-6.0%,-22.5%
CTAS,Extended,Recurring services,Industrials,Commercial & Professional Serv,Adj,May,EPS,CY2026,4.852,4.872,+0.4%,4.882,+0.2%,4.896,+0.3%,170.85,34.9,+0.9%,-9.2%,-6.0%,-22.5%
CTAS,Extended,Recurring services,Industrials,Commercial & Professional Serv,Adj,May,EPS,CY2027,5.373,5.402,+0.5%,5.45,+0.9%,5.463,+0.2%,170.85,31.3,+1.7%,-9.2%,-6.0%,-22.5%
CTAS,Extended,Recurring services,Industrials,Commercial & Professional Serv,Adj,May,EPS,CY2028,,5.964,,6.048,+1.4%,6.033,-0.2%,170.85,28.3,,-9.2%,-6.0%,-22.5%
ROL,Extended,Recurring services,Industrials,Commercial & Professional Serv,Adj,Dec,EPS,CY2025,1.098,1.127,+2.6%,1.139,+1.1%,1.139,+0.0%,44.96,39.5,+3.7%,-25.1%,-16.9%,-19.8%
ROL,Extended,Recurring services,Industrials,Commercial & Professional Serv,Adj,Dec,EPS,CY2026,1.244,1.271,+2.2%,1.25,-1.7%,1.242,-0.6%,44.96,36.2,-0.2%,-25.1%,-16.9%,-19.8%
ROL,Extended,Recurring services,Industrials,Commercial & Professional Serv,Adj,Dec,EPS,CY2027,,1.415,,1.389,-1.8%,1.393,+0.3%,44.96,32.3,,-25.1%,-16.9%,-19.8%
ROL,Extended,Recurring services,Industrials,Commercial & Professional Serv,Adj,Dec,EPS,CY2028,,1.573,,1.54,-2.1%,1.532,-0.5%,44.96,29.3,,-25.1%,-16.9%,-19.8%
TRUP,Extended,Recurring services,Financials,Insurance,Adj,Dec,EPS,CY2025,,0.45,,0.45,+0.0%,0.45,+0.0%,23.54,52.3,,-37.0%,-7.7%,-57.0%
TRUP,Extended,Recurring services,Financials,Insurance,Adj,Dec,EPS,CY2026,,0.475,,0.577,+21.5%,0.445,-22.9%,23.54,52.9,,-37.0%,-7.7%,-57.0%
TRUP,Extended,Recurring services,Financials,Insurance,Adj,Dec,EPS,CY2027,,0.86,,0.99,+15.1%,0.555,-43.9%,23.54,42.4,,-37.0%,-7.7%,-57.0%
TRUP,Extended,Recurring services,Financials,Insurance,Adj,Dec,EPS,CY2028,,,,,,,,23.54,,,-37.0%,-7.7%,-57.0%
WAT,Extended,Instruments,Health Care,"Pharmaceuticals, Biotechnology",Adj,Dec,EPS,CY2025,12.931,13.119,+1.5%,13.116,-0.0%,13.116,+0.0%,355.44,27.1,+1.4%,-6.4%,+18.7%,+4.7%
WAT,Extended,Instruments,Health Care,"Pharmaceuticals, Biotechnology",Adj,Dec,EPS,CY2026,14.217,14.199,-0.1%,14.37,+1.2%,14.506,+0.9%,355.44,24.5,+2.0%,-6.4%,+18.7%,+4.7%
WAT,Extended,Instruments,Health Care,"Pharmaceuticals, Biotechnology",Adj,Dec,EPS,CY2027,15.785,15.662,-0.8%,16.353,+4.4%,16.462,+0.7%,355.44,21.6,+4.3%,-6.4%,+18.7%,+4.7%
WAT,Extended,Instruments,Health Care,"Pharmaceuticals, Biotechnology",Adj,Dec,EPS,CY2028,,17.205,,18.281,+6.3%,18.405,+0.7%,355.44,19.3,,-6.4%,+18.7%,+4.7%
QGEN,Extended,Instruments,Health Care,"Pharmaceuticals, Biotechnology",Adj,Dec,EPS,CY2025,2.443,2.483,+1.6%,2.434,-2.0%,2.434,+0.0%,36.95,15.2,-0.4%,-18.0%,-9.1%,-20.8%
QGEN,Extended,Instruments,Health Care,"Pharmaceuticals, Biotechnology",Adj,Dec,EPS,CY2026,2.646,2.671,+0.9%,2.514,-5.9%,2.426,-3.5%,36.95,15.2,-8.3%,-18.0%,-9.1%,-20.8%
QGEN,Extended,Instruments,Health Care,"Pharmaceuticals, Biotechnology",Adj,Dec,EPS,CY2027,2.874,2.935,+2.1%,2.764,-5.8%,2.607,-5.7%,36.95,14.2,-9.3%,-18.0%,-9.1%,-20.8%
QGEN,Extended,Instruments,Health Care,"Pharmaceuticals, Biotechnology",Adj,Dec,EPS,CY2028,3.134,3.21,+2.4%,3.031,-5.6%,2.869,-5.3%,36.95,12.9,-8.5%,-18.0%,-9.1%,-20.8%
BRKR,Extended,Instruments,Health Care,"Pharmaceuticals, Biotechnology",Adj,Dec,EPS,CY2025,2.431,1.886,-22.4%,1.884,-0.1%,1.884,+0.0%,57.23,30.4,-22.5%,+21.5%,+70.2%,+48.9%
BRKR,Extended,Instruments,Health Care,"Pharmaceuticals, Biotechnology",Adj,Dec,EPS,CY2026,2.739,2.161,-21.1%,2.121,-1.9%,2.119,-0.1%,57.23,27.0,-22.6%,+21.5%,+70.2%,+48.9%
BRKR,Extended,Instruments,Health Care,"Pharmaceuticals, Biotechnology",Adj,Dec,EPS,CY2027,3.116,2.457,-21.1%,2.428,-1.2%,2.425,-0.1%,57.23,23.6,-22.2%,+21.5%,+70.2%,+48.9%
BRKR,Extended,Instruments,Health Care,"Pharmaceuticals, Biotechnology",Adj,Dec,EPS,CY2028,,2.776,,2.755,-0.8%,2.784,+1.1%,57.23,20.6,,+21.5%,+70.2%,+48.9%
MTD,Extended,Instruments,Health Care,"Pharmaceuticals, Biotechnology",Adj,Dec,EPS,CY2025,41.528,42.19,+1.6%,42.192,+0.0%,42.192,+0.0%,1144.84,27.1,+1.6%,-17.9%,-3.8%,-0.1%
MTD,Extended,Instruments,Health Care,"Pharmaceuticals, Biotechnology",Adj,Dec,EPS,CY2026,45.992,45.745,-0.5%,46.49,+1.6%,46.671,+0.4%,1144.84,24.5,+1.5%,-17.9%,-3.8%,-0.1%
MTD,Extended,Instruments,Health Care,"Pharmaceuticals, Biotechnology",Adj,Dec,EPS,CY2027,51.788,50.584,-2.3%,51.146,+1.1%,51.223,+0.2%,1144.84,22.4,-1.1%,-17.9%,-3.8%,-0.1%
MTD,Extended,Instruments,Health Care,"Pharmaceuticals, Biotechnology",Adj,Dec,EPS,CY2028,,56.197,,56.735,+1.0%,56.751,+0.0%,1144.84,20.2,,-17.9%,-3.8%,-0.1%
KEYS,Extended,Instruments,Information Technology,Technology Hardware & Equipmen,Adj,Oct,EPS,CY2025,7.022,7.075,+0.8%,7.075,+0.0%,7.075,+0.0%,363.67,51.4,+0.8%,+79.0%,+25.3%,+127.1%
KEYS,Extended,Instruments,Information Technology,Technology Hardware & Equipmen,Adj,Oct,EPS,CY2026,7.92,8.092,+2.2%,8.877,+9.7%,10.195,+14.8%,363.67,35.7,+28.7%,+79.0%,+25.3%,+127.1%
KEYS,Extended,Instruments,Information Technology,Technology Hardware & Equipmen,Adj,Oct,EPS,CY2027,8.962,9.268,+3.4%,10.275,+10.9%,11.857,+15.4%,363.67,30.7,+32.3%,+79.0%,+25.3%,+127.1%
KEYS,Extended,Instruments,Information Technology,Technology Hardware & Equipmen,Adj,Oct,EPS,CY2028,10.333,10.22,-1.1%,11.326,+10.8%,13.215,+16.7%,363.67,27.5,+27.9%,+79.0%,+25.3%,+127.1%
A,Extended,Instruments,Health Care,"Pharmaceuticals, Biotechnology",Adj,Oct,EPS,CY2025,5.576,5.574,-0.0%,5.574,+0.0%,5.574,+0.0%,127.06,22.8,-0.0%,-6.6%,+13.7%,+10.0%
A,Extended,Instruments,Health Care,"Pharmaceuticals, Biotechnology",Adj,Oct,EPS,CY2026,6.058,5.954,-1.7%,5.968,+0.2%,6.059,+1.5%,127.06,21.0,+0.0%,-6.6%,+13.7%,+10.0%
A,Extended,Instruments,Health Care,"Pharmaceuticals, Biotechnology",Adj,Oct,EPS,CY2027,6.703,6.551,-2.3%,6.551,+0.0%,6.607,+0.9%,127.06,19.2,-1.4%,-6.6%,+13.7%,+10.0%
A,Extended,Instruments,Health Care,"Pharmaceuticals, Biotechnology",Adj,Oct,EPS,CY2028,7.451,7.286,-2.2%,7.325,+0.5%,7.354,+0.4%,127.06,17.3,-1.3%,-6.6%,+13.7%,+10.0%
ILMN,Extended,Instruments,Health Care,"Pharmaceuticals, Biotechnology",Adj,Dec,EPS,CY2025,4.231,4.71,+11.3%,4.761,+1.1%,4.761,+0.0%,161.93,34.0,+12.5%,+23.5%,+27.9%,+79.4%
ILMN,Extended,Instruments,Health Care,"Pharmaceuticals, Biotechnology",Adj,Dec,EPS,CY2026,4.668,5.019,+7.5%,5.129,+2.2%,5.228,+1.9%,161.93,31.0,+12.0%,+23.5%,+27.9%,+79.4%
ILMN,Extended,Instruments,Health Care,"Pharmaceuticals, Biotechnology",Adj,Dec,EPS,CY2027,5.381,5.715,+6.2%,5.828,+2.0%,5.931,+1.8%,161.93,27.3,+10.2%,+23.5%,+27.9%,+79.4%
ILMN,Extended,Instruments,Health Care,"Pharmaceuticals, Biotechnology",Adj,Dec,EPS,CY2028,6.191,6.441,+4.0%,6.643,+3.1%,6.815,+2.6%,161.93,23.8,+10.1%,+23.5%,+27.9%,+79.4%
ABBV,Extended,Instruments,Health Care,"Pharmaceuticals, Biotechnology",GAAP,Dec,EPS,CY2025,8.069,5.067,-37.2%,4.258,-16.0%,4.258,+0.0%,216.49,50.8,-47.2%,-5.3%,+5.0%,+16.7%
ABBV,Extended,Instruments,Health Care,"Pharmaceuticals, Biotechnology",GAAP,Dec,EPS,CY2026,9.39,9.556,+1.8%,9.636,+0.8%,8.403,-12.8%,216.49,25.8,-10.5%,-5.3%,+5.0%,+16.7%
ABBV,Extended,Instruments,Health Care,"Pharmaceuticals, Biotechnology",GAAP,Dec,EPS,CY2027,11.065,11.797,+6.6%,11.379,-3.5%,11.205,-1.5%,216.49,19.3,+1.3%,-5.3%,+5.0%,+16.7%
ABBV,Extended,Instruments,Health Care,"Pharmaceuticals, Biotechnology",GAAP,Dec,EPS,CY2028,12.873,13.813,+7.3%,13.466,-2.5%,13.092,-2.8%,216.49,16.5,+1.7%,-5.3%,+5.0%,+16.7%
TGT,Extended,Retailers,Consumer Staples,Consumer Staples Distribution,Adj,Jan,EPS,CY2025,7.48,7.291,-2.5%,7.263,-0.4%,7.263,+0.0%,130.74,18.0,-2.9%,+33.7%,+14.2%,+37.4%
TGT,Extended,Retailers,Consumer Staples,Consumer Staples Distribution,Adj,Jan,EPS,CY2026,8.047,7.701,-4.3%,7.993,+3.8%,8.368,+4.7%,130.74,15.6,+4.0%,+33.7%,+14.2%,+37.4%
TGT,Extended,Retailers,Consumer Staples,Consumer Staples Distribution,Adj,Jan,EPS,CY2027,8.651,8.117,-6.2%,8.453,+4.1%,8.951,+5.9%,130.74,14.6,+3.5%,+33.7%,+14.2%,+37.4%
TGT,Extended,Retailers,Consumer Staples,Consumer Staples Distribution,Adj,Jan,EPS,CY2028,9.591,8.475,-11.6%,9.022,+6.5%,9.673,+7.2%,130.74,13.5,+0.9%,+33.7%,+14.2%,+37.4%
BJ,Extended,Retailers,Consumer Staples,Consumer Staples Distribution,Adj,Jan,EPS,CY2025,4.327,4.358,+0.7%,4.366,+0.2%,4.366,+0.0%,85.22,19.5,+0.9%,-5.3%,-11.9%,-21.3%
BJ,Extended,Retailers,Consumer Staples,Consumer Staples Distribution,Adj,Jan,EPS,CY2026,4.71,4.648,-1.3%,4.536,-2.4%,4.56,+0.5%,85.22,18.7,-3.2%,-5.3%,-11.9%,-21.3%
BJ,Extended,Retailers,Consumer Staples,Consumer Staples Distribution,Adj,Jan,EPS,CY2027,5.14,5.036,-2.0%,4.897,-2.8%,4.883,-0.3%,85.22,17.5,-5.0%,-5.3%,-11.9%,-21.3%
BJ,Extended,Retailers,Consumer Staples,Consumer Staples Distribution,Adj,Jan,EPS,CY2028,5.673,5.616,-1.0%,5.357,-4.6%,5.282,-1.4%,85.22,16.1,-6.9%,-5.3%,-11.9%,-21.3%
KSS,Extended,Retailers,Consumer Discretionary,Consumer Discretionary Distrib,Adj,Jan,EPS,CY2025,0.467,1.387,+197.0%,1.386,-0.1%,1.386,+0.0%,17.25,12.4,+196.8%,-15.5%,+34.2%,+107.3%
KSS,Extended,Retailers,Consumer Discretionary,Consumer Discretionary Distrib,Adj,Jan,EPS,CY2026,0.51,1.343,+163.3%,1.352,+0.7%,1.409,+4.2%,17.25,12.2,+176.3%,-15.5%,+34.2%,+107.3%
KSS,Extended,Retailers,Consumer Discretionary,Consumer Discretionary Distrib,Adj,Jan,EPS,CY2027,0.737,1.373,+86.3%,1.422,+3.6%,1.479,+4.0%,17.25,11.7,+100.7%,-15.5%,+34.2%,+107.3%
KSS,Extended,Retailers,Consumer Discretionary,Consumer Discretionary Distrib,Adj,Jan,EPS,CY2028,1.503,2.215,+47.4%,1.623,-26.7%,1.611,-0.7%,17.25,10.7,+7.2%,-15.5%,+34.2%,+107.3%
TJX,Extended,Retailers,Consumer Discretionary,Consumer Discretionary Distrib,Adj,Jan,EPS,CY2025,4.496,4.676,+4.0%,4.678,+0.0%,4.678,+0.0%,163.81,35.0,+4.0%,+6.6%,+5.9%,+33.7%
TJX,Extended,Retailers,Consumer Discretionary,Consumer Discretionary Distrib,Adj,Jan,EPS,CY2026,4.981,5.192,+4.2%,5.121,-1.4%,5.244,+2.4%,163.81,31.2,+5.3%,+6.6%,+5.9%,+33.7%
TJX,Extended,Retailers,Consumer Discretionary,Consumer Discretionary Distrib,Adj,Jan,EPS,CY2027,5.462,5.726,+4.8%,5.673,-0.9%,5.789,+2.0%,163.81,28.3,+6.0%,+6.6%,+5.9%,+33.7%
TJX,Extended,Retailers,Consumer Discretionary,Consumer Discretionary Distrib,Adj,Jan,EPS,CY2028,5.743,6.018,+4.8%,6.09,+1.2%,6.249,+2.6%,163.81,26.2,+8.8%,+6.6%,+5.9%,+33.7%
SIG,Extended,Retailers,Consumer Discretionary,Consumer Discretionary Distrib,Adj,Jan,EPS,CY2025,8.95,9.298,+3.9%,9.486,+2.0%,9.486,+0.0%,88.23,9.3,+6.0%,+6.5%,-1.5%,+8.4%
SIG,Extended,Retailers,Consumer Discretionary,Consumer Discretionary Distrib,Adj,Jan,EPS,CY2026,9.947,10.539,+6.0%,10.464,-0.7%,10.798,+3.2%,88.23,8.2,+8.6%,+6.5%,-1.5%,+8.4%
SIG,Extended,Retailers,Consumer Discretionary,Consumer Discretionary Distrib,Adj,Jan,EPS,CY2027,10.385,12.191,+17.4%,12.164,-0.2%,12.299,+1.1%,88.23,7.2,+18.4%,+6.5%,-1.5%,+8.4%
SIG,Extended,Retailers,Consumer Discretionary,Consumer Discretionary Distrib,Adj,Jan,EPS,CY2028,9.45,11.99,+26.9%,12.944,+8.0%,13.124,+1.4%,88.23,6.7,+38.9%,+6.5%,-1.5%,+8.4%
ROST,Extended,Retailers,Consumer Discretionary,Consumer Discretionary Distrib,Adj,Jan,EPS,CY2025,6.246,6.465,+3.5%,6.512,+0.7%,6.512,+0.0%,232.8,35.7,+4.3%,+29.2%,+10.5%,+81.8%
ROST,Extended,Retailers,Consumer Discretionary,Consumer Discretionary Distrib,Adj,Jan,EPS,CY2026,6.771,7.155,+5.7%,7.348,+2.7%,7.801,+6.2%,232.8,29.8,+15.2%,+29.2%,+10.5%,+81.8%
ROST,Extended,Retailers,Consumer Discretionary,Consumer Discretionary Distrib,Adj,Jan,EPS,CY2027,7.408,7.734,+4.4%,8.126,+5.1%,8.61,+6.0%,232.8,27.0,+16.2%,+29.2%,+10.5%,+81.8%
ROST,Extended,Retailers,Consumer Discretionary,Consumer Discretionary Distrib,Adj,Jan,EPS,CY2028,8.63,8.896,+3.1%,8.932,+0.4%,9.418,+5.4%,232.8,24.7,+9.1%,+29.2%,+10.5%,+81.8%
M,Extended,Retailers,Consumer Discretionary,Consumer Discretionary Distrib,Adj,Jan,EPS,CY2025,1.777,2.208,+24.3%,2.206,-0.1%,2.206,+0.0%,24.14,10.9,+24.1%,+9.5%,+33.7%,+118.1%
M,Extended,Retailers,Consumer Discretionary,Consumer Discretionary Distrib,Adj,Jan,EPS,CY2026,1.857,2.233,+20.2%,2.135,-4.4%,2.214,+3.7%,24.14,10.9,+19.2%,+9.5%,+33.7%,+118.1%
M,Extended,Retailers,Consumer Discretionary,Consumer Discretionary Distrib,Adj,Jan,EPS,CY2027,1.877,2.232,+18.9%,2.231,-0.0%,2.258,+1.2%,24.14,10.7,+20.3%,+9.5%,+33.7%,+118.1%
M,Extended,Retailers,Consumer Discretionary,Consumer Discretionary Distrib,Adj,Jan,EPS,CY2028,2.59,2.5,-3.5%,2.303,-7.9%,2.346,+1.9%,24.14,10.3,-9.4%,+9.5%,+33.7%,+118.1%
DKS,Extended,Retailers,Consumer Discretionary,Consumer Discretionary Distrib,Adj,Jan,EPS,CY2025,14.37,13.302,-7.4%,13.291,-0.1%,13.291,+0.0%,232.96,17.5,-7.5%,+17.7%,+20.7%,+33.7%
DKS,Extended,Retailers,Consumer Discretionary,Consumer Discretionary Distrib,Adj,Jan,EPS,CY2026,15.25,14.821,-2.8%,14.556,-1.8%,14.458,-0.7%,232.96,16.1,-5.2%,+17.7%,+20.7%,+33.7%
DKS,Extended,Retailers,Consumer Discretionary,Consumer Discretionary Distrib,Adj,Jan,EPS,CY2027,16.138,16.686,+3.4%,16.218,-2.8%,16.535,+2.0%,232.96,14.1,+2.5%,+17.7%,+20.7%,+33.7%
DKS,Extended,Retailers,Consumer Discretionary,Consumer Discretionary Distrib,Adj,Jan,EPS,CY2028,17.202,17.358,+0.9%,17.423,+0.4%,18.021,+3.4%,232.96,12.9,+4.8%,+17.7%,+20.7%,+33.7%
ZAL,Extended,Retailers,Consumer Discretionary,Consumer Discretionary Distrib,Adj,Dec,EPS,CY2025,1.258,1.199,-4.7%,1.091,-9.0%,1.091,+0.0%,24.25,22.2,-13.3%,-4.3%,+6.9%,-8.6%
ZAL,Extended,Retailers,Consumer Discretionary,Consumer Discretionary Distrib,Adj,Dec,EPS,CY2026,1.566,1.54,-1.7%,1.294,-16.0%,1.298,+0.3%,24.25,18.7,-17.1%,-4.3%,+6.9%,-8.6%
ZAL,Extended,Retailers,Consumer Discretionary,Consumer Discretionary Distrib,Adj,Dec,EPS,CY2027,1.871,1.901,+1.6%,1.809,-4.8%,1.789,-1.1%,24.25,13.6,-4.4%,-4.3%,+6.9%,-8.6%
ZAL,Extended,Retailers,Consumer Discretionary,Consumer Discretionary Distrib,Adj,Dec,EPS,CY2028,2.141,2.277,+6.4%,2.266,-0.5%,2.207,-2.6%,24.25,11.0,+3.1%,-4.3%,+6.9%,-8.6%
CHWY,Extended,Retailers,Consumer Discretionary,Consumer Discretionary Distrib,Adj,Jan,EPS,CY2025,1.236,1.262,+2.1%,1.267,+0.4%,1.267,+0.0%,18.21,14.4,+2.5%,-44.9%,-25.0%,-56.2%
CHWY,Extended,Retailers,Consumer Discretionary,Consumer Discretionary Distrib,Adj,Jan,EPS,CY2026,1.52,1.524,+0.3%,1.509,-1.0%,1.504,-0.3%,18.21,12.1,-1.1%,-44.9%,-25.0%,-56.2%
CHWY,Extended,Retailers,Consumer Discretionary,Consumer Discretionary Distrib,Adj,Jan,EPS,CY2027,1.851,1.827,-1.3%,1.848,+1.1%,1.795,-2.9%,18.21,10.1,-3.0%,-44.9%,-25.0%,-56.2%
CHWY,Extended,Retailers,Consumer Discretionary,Consumer Discretionary Distrib,Adj,Jan,EPS,CY2028,1.958,2.231,+13.9%,2.236,+0.2%,2.135,-4.5%,18.21,8.5,+9.0%,-44.9%,-25.0%,-56.2%
SFIX,Extended,Retailers,Consumer Discretionary,Consumer Discretionary Distrib,Adj,Jul,EPS,CY2025,-0.273,-0.254,+7.0%,-0.254,+0.0%,-0.254,+0.0%,4.03,-15.9,+7.0%,-23.2%,+21.8%,+5.5%
SFIX,Extended,Retailers,Consumer Discretionary,Consumer Discretionary Distrib,Adj,Jul,EPS,CY2026,-0.311,-0.2,+35.7%,-0.178,+11.0%,-0.149,+16.3%,4.03,-27.0,+52.1%,-23.2%,+21.8%,+5.5%
SFIX,Extended,Retailers,Consumer Discretionary,Consumer Discretionary Distrib,Adj,Jul,EPS,CY2027,-0.168,-0.11,+34.5%,-0.094,+14.5%,-0.075,+20.2%,4.03,-53.7,+55.4%,-23.2%,+21.8%,+5.5%
SFIX,Extended,Retailers,Consumer Discretionary,Consumer Discretionary Distrib,Adj,Jul,EPS,CY2028,-0.017,-0.079,-364.7%,-0.032,+59.5%,-0.02,+37.5%,4.03,-201.5,-17.6%,-23.2%,+21.8%,+5.5%
LEVI,Extended,Retailers,Consumer Discretionary,Consumer Durables & Apparel,Adj,Nov,EPS,CY2025,1.229,1.324,+7.7%,1.329,+0.4%,1.329,+0.0%,23.7,17.8,+8.1%,+14.3%,+29.3%,+34.6%
LEVI,Extended,Retailers,Consumer Discretionary,Consumer Durables & Apparel,Adj,Nov,EPS,CY2026,1.357,1.473,+8.5%,1.464,-0.6%,1.503,+2.7%,23.7,15.8,+10.8%,+14.3%,+29.3%,+34.6%
LEVI,Extended,Retailers,Consumer Discretionary,Consumer Durables & Apparel,Adj,Nov,EPS,CY2027,1.488,1.614,+8.5%,1.649,+2.2%,1.682,+2.0%,23.7,14.1,+13.0%,+14.3%,+29.3%,+34.6%
LEVI,Extended,Retailers,Consumer Discretionary,Consumer Durables & Apparel,Adj,Nov,EPS,CY2028,1.8,1.747,-2.9%,1.846,+5.7%,1.9,+2.9%,23.7,12.5,+5.6%,+14.3%,+29.3%,+34.6%
DG,Extended,Retailers,Consumer Staples,Consumer Staples Distribution,Adj,Jan,EPS,CY2025,5.74,6.529,+13.7%,6.543,+0.2%,6.543,+0.0%,113.45,17.3,+14.0%,-14.6%,-8.1%,+1.0%
DG,Extended,Retailers,Consumer Staples,Consumer Staples Distribution,Adj,Jan,EPS,CY2026,6.39,7.126,+11.5%,7.354,+3.2%,7.435,+1.1%,113.45,15.3,+16.4%,-14.6%,-8.1%,+1.0%
DG,Extended,Retailers,Consumer Staples,Consumer Staples Distribution,Adj,Jan,EPS,CY2027,7.027,7.826,+11.4%,8.085,+3.3%,8.093,+0.1%,113.45,14.0,+15.2%,-14.6%,-8.1%,+1.0%
DG,Extended,Retailers,Consumer Staples,Consumer Staples Distribution,Adj,Jan,EPS,CY2028,7.892,8.684,+10.0%,8.925,+2.8%,8.846,-0.9%,113.45,12.8,+12.1%,-14.6%,-8.1%,+1.0%
DLTR,Extended,Retailers,Consumer Staples,Consumer Staples Distribution,Adj,Jan,EPS,CY2025,5.492,5.73,+4.3%,5.752,+0.4%,5.752,+0.0%,111.65,19.4,+4.7%,-9.2%,+5.8%,+14.5%
DLTR,Extended,Retailers,Consumer Staples,Consumer Staples Distribution,Adj,Jan,EPS,CY2026,6.257,6.672,+6.6%,6.723,+0.8%,7.026,+4.5%,111.65,15.9,+12.3%,-9.2%,+5.8%,+14.5%
DLTR,Extended,Retailers,Consumer Staples,Consumer Staples Distribution,Adj,Jan,EPS,CY2027,6.948,7.481,+7.7%,7.477,-0.1%,7.674,+2.6%,111.65,14.5,+10.4%,-9.2%,+5.8%,+14.5%
DLTR,Extended,Retailers,Consumer Staples,Consumer Staples Distribution,Adj,Jan,EPS,CY2028,7.36,8.115,+10.3%,8.214,+1.2%,8.519,+3.7%,111.65,13.1,+15.7%,-9.2%,+5.8%,+14.5%
FIVE,Extended,Retailers,Consumer Discretionary,Consumer Discretionary Distrib,Adj,Jan,EPS,CY2025,4.71,5.907,+25.4%,6.319,+7.0%,6.319,+0.0%,194.06,30.7,+34.2%,+3.0%,-17.5%,+57.5%
FIVE,Extended,Retailers,Consumer Discretionary,Consumer Discretionary Distrib,Adj,Jan,EPS,CY2026,5.196,6.345,+22.1%,8.077,+27.3%,9.045,+12.0%,194.06,21.5,+74.1%,+3.0%,-17.5%,+57.5%
FIVE,Extended,Retailers,Consumer Discretionary,Consumer Discretionary Distrib,Adj,Jan,EPS,CY2027,5.781,7.177,+24.1%,8.867,+23.5%,9.744,+9.9%,194.06,19.9,+68.6%,+3.0%,-17.5%,+57.5%
FIVE,Extended,Retailers,Consumer Discretionary,Consumer Discretionary Distrib,Adj,Jan,EPS,CY2028,,8.123,,9.732,+19.8%,10.899,+12.0%,194.06,17.8,,+3.0%,-17.5%,+57.5%
BURL,Extended,Retailers,Consumer Discretionary,Consumer Discretionary Distrib,Adj,Jan,EPS,CY2025,9.241,9.784,+5.9%,9.799,+0.2%,9.799,+0.0%,336.95,34.4,+6.0%,+16.7%,+8.0%,+48.2%
BURL,Extended,Retailers,Consumer Discretionary,Consumer Discretionary Distrib,Adj,Jan,EPS,CY2026,10.989,11.073,+0.8%,11.537,+4.2%,11.894,+3.1%,336.95,28.3,+8.2%,+16.7%,+8.0%,+48.2%
BURL,Extended,Retailers,Consumer Discretionary,Consumer Discretionary Distrib,Adj,Jan,EPS,CY2027,13.11,13.169,+0.5%,13.478,+2.3%,13.787,+2.3%,336.95,24.4,+5.2%,+16.7%,+8.0%,+48.2%
BURL,Extended,Retailers,Consumer Discretionary,Consumer Discretionary Distrib,Adj,Jan,EPS,CY2028,15.89,15.401,-3.1%,15.931,+3.4%,16.228,+1.9%,336.95,20.8,+2.1%,+16.7%,+8.0%,+48.2%
BBY,Extended,Retailers,Consumer Discretionary,Consumer Discretionary Distrib,Adj,Jan,EPS,CY2025,6.16,6.372,+3.4%,6.32,-0.8%,6.32,+0.0%,74.73,11.8,+2.6%,+11.7%,+16.4%,+10.3%
BBY,Extended,Retailers,Consumer Discretionary,Consumer Discretionary Distrib,Adj,Jan,EPS,CY2026,6.683,6.778,+1.4%,6.509,-4.0%,6.57,+0.9%,74.73,11.4,-1.7%,+11.7%,+16.4%,+10.3%
BBY,Extended,Retailers,Consumer Discretionary,Consumer Discretionary Distrib,Adj,Jan,EPS,CY2027,7.283,7.425,+1.9%,7.026,-5.4%,7.05,+0.3%,74.73,10.6,-3.2%,+11.7%,+16.4%,+10.3%
BBY,Extended,Retailers,Consumer Discretionary,Consumer Discretionary Distrib,Adj,Jan,EPS,CY2028,7.99,8.395,+5.1%,7.618,-9.3%,7.635,+0.2%,74.73,9.8,-4.4%,+11.7%,+16.4%,+10.3%
HD,Extended,Retailers,Consumer Discretionary,Consumer Discretionary Distrib,GAAP,Jan,EPS,CY2025,14.778,14.236,-3.7%,14.339,+0.7%,14.339,+0.0%,334.28,23.3,-3.0%,-2.9%,+1.8%,-3.7%
HD,Extended,Retailers,Consumer Discretionary,Consumer Discretionary Distrib,GAAP,Jan,EPS,CY2026,16.579,14.881,-10.2%,14.911,+0.2%,14.823,-0.6%,334.28,22.6,-10.6%,-2.9%,+1.8%,-3.7%
HD,Extended,Retailers,Consumer Discretionary,Consumer Discretionary Distrib,GAAP,Jan,EPS,CY2027,17.321,16.127,-6.9%,15.977,-0.9%,15.948,-0.2%,334.28,21.0,-7.9%,-2.9%,+1.8%,-3.7%
HD,Extended,Retailers,Consumer Discretionary,Consumer Discretionary Distrib,GAAP,Jan,EPS,CY2028,18.92,17.471,-7.7%,17.396,-0.4%,17.156,-1.4%,334.28,19.5,-9.3%,-2.9%,+1.8%,-3.7%
LOW,Extended,Retailers,Consumer Discretionary,Consumer Discretionary Distrib,Adj,Jan,EPS,CY2025,12.372,12.254,-1.0%,12.253,-0.0%,12.253,+0.0%,222.2,18.1,-1.0%,-7.9%,-3.3%,+5.4%
LOW,Extended,Retailers,Consumer Discretionary,Consumer Discretionary Distrib,Adj,Jan,EPS,CY2026,13.472,12.948,-3.9%,12.644,-2.3%,12.615,-0.2%,222.2,17.6,-6.4%,-7.9%,-3.3%,+5.4%
LOW,Extended,Retailers,Consumer Discretionary,Consumer Discretionary Distrib,Adj,Jan,EPS,CY2027,14.669,14.064,-4.1%,13.726,-2.4%,13.565,-1.2%,222.2,16.4,-7.5%,-7.9%,-3.3%,+5.4%
LOW,Extended,Retailers,Consumer Discretionary,Consumer Discretionary Distrib,Adj,Jan,EPS,CY2028,16.348,15.453,-5.5%,15.152,-1.9%,14.832,-2.1%,222.2,15.0,-9.3%,-7.9%,-3.3%,+5.4%
SBH,Extended,Retailers,Consumer Discretionary,Consumer Discretionary Distrib,Adj,Sep,EPS,CY2025,1.738,1.828,+5.2%,1.828,+0.0%,1.828,+0.0%,13.83,7.6,+5.2%,-3.0%,-1.3%,+62.7%
SBH,Extended,Retailers,Consumer Discretionary,Consumer Discretionary Distrib,Adj,Sep,EPS,CY2026,1.92,2.06,+7.3%,2.068,+0.4%,2.06,-0.4%,13.83,6.7,+7.3%,-3.0%,-1.3%,+62.7%
SBH,Extended,Retailers,Consumer Discretionary,Consumer Discretionary Distrib,Adj,Sep,EPS,CY2027,2.17,2.23,+2.8%,2.26,+1.3%,2.24,-0.9%,13.83,6.2,+3.2%,-3.0%,-1.3%,+62.7%
SBH,Extended,Retailers,Consumer Discretionary,Consumer Discretionary Distrib,Adj,Sep,EPS,CY2028,,2.69,,2.45,-8.9%,2.495,+1.8%,13.83,5.5,,-3.0%,-1.3%,+62.7%
ULTA,Extended,Retailers,Consumer Discretionary,Consumer Discretionary Distrib,Adj,Jan,EPS,CY2025,23.436,25.484,+8.7%,25.649,+0.6%,25.649,+0.0%,456.13,17.8,+9.4%,-24.6%,-14.6%,-3.7%
ULTA,Extended,Retailers,Consumer Discretionary,Consumer Discretionary Distrib,Adj,Jan,EPS,CY2026,25.899,28.36,+9.5%,28.469,+0.4%,29.171,+2.5%,456.13,15.6,+12.6%,-24.6%,-14.6%,-3.7%
ULTA,Extended,Retailers,Consumer Discretionary,Consumer Discretionary Distrib,Adj,Jan,EPS,CY2027,28.94,31.315,+8.2%,31.437,+0.4%,31.853,+1.3%,456.13,14.3,+10.1%,-24.6%,-14.6%,-3.7%
ULTA,Extended,Retailers,Consumer Discretionary,Consumer Discretionary Distrib,Adj,Jan,EPS,CY2028,31.708,33.207,+4.7%,34.283,+3.2%,34.863,+1.7%,456.13,13.1,+10.0%,-24.6%,-14.6%,-3.7%
TPR,Extended,Luxury / fashion,Consumer Discretionary,Consumer Durables & Apparel,Adj,Jun,EPS,CY2025,5.068,5.093,+0.5%,5.093,+0.0%,5.093,+0.0%,143.5,28.2,+0.5%,+12.3%,+0.5%,+70.3%
TPR,Extended,Luxury / fashion,Consumer Discretionary,Consumer Durables & Apparel,Adj,Jun,EPS,CY2026,5.398,5.584,+3.4%,6.503,+16.5%,6.972,+7.2%,143.5,20.6,+29.2%,+12.3%,+0.5%,+70.3%
TPR,Extended,Luxury / fashion,Consumer Discretionary,Consumer Durables & Apparel,Adj,Jun,EPS,CY2027,6.019,6.21,+3.2%,7.197,+15.9%,7.77,+8.0%,143.5,18.5,+29.1%,+12.3%,+0.5%,+70.3%
TPR,Extended,Luxury / fashion,Consumer Discretionary,Consumer Durables & Apparel,Adj,Jun,EPS,CY2028,6.74,7.01,+4.0%,8.01,+14.3%,8.608,+7.5%,143.5,16.7,+27.7%,+12.3%,+0.5%,+70.3%
CPRI,Extended,Luxury / fashion,Consumer Discretionary,Consumer Durables & Apparel,Adj,Mar,EPS,CY2025,1.293,1.363,+5.4%,1.396,+2.4%,1.399,+0.2%,20.32,14.5,+8.2%,-16.7%,+9.6%,+18.9%
CPRI,Extended,Luxury / fashion,Consumer Discretionary,Consumer Durables & Apparel,Adj,Mar,EPS,CY2026,1.841,1.831,-0.5%,1.852,+1.1%,2.115,+14.2%,20.32,9.6,+14.9%,-16.7%,+9.6%,+18.9%
CPRI,Extended,Luxury / fashion,Consumer Discretionary,Consumer Durables & Apparel,Adj,Mar,EPS,CY2027,2.444,2.323,-5.0%,2.31,-0.6%,2.543,+10.1%,20.32,8.0,+4.1%,-16.7%,+9.6%,+18.9%
CPRI,Extended,Luxury / fashion,Consumer Discretionary,Consumer Durables & Apparel,Adj,Mar,EPS,CY2028,3.373,3.725,+10.4%,3.23,-13.3%,2.856,-11.6%,20.32,7.1,-15.3%,-16.7%,+9.6%,+18.9%
FOSL,Extended,Luxury / fashion,Consumer Discretionary,Consumer Durables & Apparel,Adj,Dec,EPS,CY2025,,-6.84,,-3.975,+41.9%,-3.975,+0.0%,4.29,-1.1,,+14.1%,-0.2%,+215.4%
FOSL,Extended,Luxury / fashion,Consumer Discretionary,Consumer Durables & Apparel,Adj,Dec,EPS,CY2026,,-0.3,,-0.25,+16.7%,-0.15,+40.0%,4.29,-28.6,,+14.1%,-0.2%,+215.4%
FOSL,Extended,Luxury / fashion,Consumer Discretionary,Consumer Durables & Apparel,Adj,Dec,EPS,CY2027,,0.25,,0.155,-38.0%,0.43,+177.4%,4.29,10.0,,+14.1%,-0.2%,+215.4%
FOSL,Extended,Luxury / fashion,Consumer Discretionary,Consumer Durables & Apparel,Adj,Dec,EPS,CY2028,,0.38,,0.58,+52.6%,0.58,+0.0%,4.29,7.4,,+14.1%,-0.2%,+215.4%
RMS,Extended,Luxury / fashion,Consumer Discretionary,Consumer Durables & Apparel,Adj,Dec,EPS,CY2025,45.047,42.538,-5.6%,42.481,-0.1%,42.481,+0.0%,1721.5,40.5,-5.7%,-18.9%,-1.2%,-22.7%
RMS,Extended,Luxury / fashion,Consumer Discretionary,Consumer Durables & Apparel,Adj,Dec,EPS,CY2026,52.14,48.278,-7.4%,46.855,-2.9%,44.977,-4.0%,1721.5,38.3,-13.7%,-18.9%,-1.2%,-22.7%
RMS,Extended,Luxury / fashion,Consumer Discretionary,Consumer Durables & Apparel,Adj,Dec,EPS,CY2027,58.464,54.017,-7.6%,53.768,-0.5%,51.76,-3.7%,1721.5,33.3,-11.5%,-18.9%,-1.2%,-22.7%
RMS,Extended,Luxury / fashion,Consumer Discretionary,Consumer Durables & Apparel,Adj,Dec,EPS,CY2028,63.614,59.639,-6.2%,59.531,-0.2%,56.891,-4.4%,1721.5,30.3,-10.6%,-18.9%,-1.2%,-22.7%
UHR,Extended,Luxury / fashion,Consumer Discretionary,Consumer Durables & Apparel,Adj,Dec,EPS,CY2025,5.618,2.028,-63.9%,1.93,-4.8%,1.93,+0.0%,210.7,109.2,-65.6%,+25.2%,+28.1%,+58.7%
UHR,Extended,Luxury / fashion,Consumer Discretionary,Consumer Durables & Apparel,Adj,Dec,EPS,CY2026,8.521,5.063,-40.6%,4.44,-12.3%,4.658,+4.9%,210.7,45.2,-45.3%,+25.2%,+28.1%,+58.7%
UHR,Extended,Luxury / fashion,Consumer Discretionary,Consumer Durables & Apparel,Adj,Dec,EPS,CY2027,11.015,7.675,-30.3%,7.153,-6.8%,7.397,+3.4%,210.7,28.5,-32.8%,+25.2%,+28.1%,+58.7%
UHR,Extended,Luxury / fashion,Consumer Discretionary,Consumer Durables & Apparel,Adj,Dec,EPS,CY2028,,10.635,,9.219,-13.3%,9.47,+2.7%,210.7,22.2,,+25.2%,+28.1%,+58.7%
KER,Extended,Luxury / fashion,Consumer Discretionary,Consumer Durables & Apparel,Adj,Dec,EPS,CY2025,7.038,6.168,-12.4%,5.965,-3.3%,5.965,+0.0%,271.95,45.6,-15.2%,-9.3%,+17.4%,+56.1%
KER,Extended,Luxury / fashion,Consumer Discretionary,Consumer Durables & Apparel,Adj,Dec,EPS,CY2026,9.314,8.905,-4.4%,7.401,-16.9%,6.769,-8.5%,271.95,40.2,-27.3%,-9.3%,+17.4%,+56.1%
KER,Extended,Luxury / fashion,Consumer Discretionary,Consumer Durables & Apparel,Adj,Dec,EPS,CY2027,11.578,12.208,+5.4%,10.432,-14.5%,10.07,-3.5%,271.95,27.0,-13.0%,-9.3%,+17.4%,+56.1%
KER,Extended,Luxury / fashion,Consumer Discretionary,Consumer Durables & Apparel,Adj,Dec,EPS,CY2028,15.74,14.54,-7.6%,13.63,-6.3%,13.077,-4.1%,271.95,20.8,-16.9%,-9.3%,+17.4%,+56.1%
CFR,Extended,Luxury / fashion,Consumer Discretionary,Consumer Durables & Apparel,Adj,Mar,EPS,CY2025,6.576,6.164,-6.3%,6.189,+0.4%,6.151,-0.6%,183.65,29.9,-6.5%,+6.7%,+40.1%,+25.0%
CFR,Extended,Luxury / fashion,Consumer Discretionary,Consumer Durables & Apparel,Adj,Mar,EPS,CY2026,7.486,6.963,-7.0%,7.048,+1.2%,6.96,-1.2%,183.65,26.4,-7.0%,+6.7%,+40.1%,+25.0%
CFR,Extended,Luxury / fashion,Consumer Discretionary,Consumer Durables & Apparel,Adj,Mar,EPS,CY2027,8.533,7.916,-7.2%,7.975,+0.7%,7.953,-0.3%,183.65,23.1,-6.8%,+6.7%,+40.1%,+25.0%
CFR,Extended,Luxury / fashion,Consumer Discretionary,Consumer Durables & Apparel,Adj,Mar,EPS,CY2028,9.188,9.019,-1.8%,9.035,+0.2%,8.879,-1.7%,183.65,20.7,-3.4%,+6.7%,+40.1%,+25.0%
DECK,Extended,Apparel,Consumer Discretionary,Consumer Durables & Apparel,Adj,Mar,EPS,CY2025,6.084,6.405,+5.3%,6.879,+7.4%,6.891,+0.2%,109.11,15.8,+13.3%,+5.2%,+4.0%,+8.0%
DECK,Extended,Apparel,Consumer Discretionary,Consumer Durables & Apparel,Adj,Mar,EPS,CY2026,6.77,6.845,+1.1%,7.324,+7.0%,7.484,+2.2%,109.11,14.6,+10.5%,+5.2%,+4.0%,+8.0%
DECK,Extended,Apparel,Consumer Discretionary,Consumer Durables & Apparel,Adj,Mar,EPS,CY2027,7.588,7.612,+0.3%,8.053,+5.8%,8.301,+3.1%,109.11,13.1,+9.4%,+5.2%,+4.0%,+8.0%
DECK,Extended,Apparel,Consumer Discretionary,Consumer Durables & Apparel,Adj,Mar,EPS,CY2028,7.926,8.063,+1.7%,8.616,+6.9%,9.412,+9.2%,109.11,11.6,+18.7%,+5.2%,+4.0%,+8.0%
PVH,Extended,Apparel,Consumer Discretionary,Consumer Durables & Apparel,Adj,Jan,EPS,CY2025,10.877,10.893,+0.1%,10.903,+0.1%,11.054,+1.4%,77.07,7.0,+1.6%,+15.0%,+20.4%,+18.8%
PVH,Extended,Apparel,Consumer Discretionary,Consumer Durables & Apparel,Adj,Jan,EPS,CY2026,12.26,12.103,-1.3%,11.98,-1.0%,12.044,+0.5%,77.07,6.4,-1.8%,+15.0%,+20.4%,+18.8%
PVH,Extended,Apparel,Consumer Discretionary,Consumer Durables & Apparel,Adj,Jan,EPS,CY2027,14.193,13.671,-3.7%,13.588,-0.6%,12.732,-6.3%,77.07,6.1,-10.3%,+15.0%,+20.4%,+18.8%
PVH,Extended,Apparel,Consumer Discretionary,Consumer Durables & Apparel,Adj,Jan,EPS,CY2028,16.974,17.123,+0.9%,17.123,+0.0%,14.59,-14.8%,77.07,5.3,-14.0%,+15.0%,+20.4%,+18.8%
VFC,Extended,Apparel,Consumer Discretionary,Consumer Durables & Apparel,Adj,Mar,EPS,CY2025,0.845,0.708,-16.2%,0.838,+18.4%,0.835,-0.4%,17.33,20.8,-1.2%,-4.1%,+5.1%,+47.4%
VFC,Extended,Apparel,Consumer Discretionary,Consumer Durables & Apparel,Adj,Mar,EPS,CY2026,1.097,1.002,-8.7%,1.04,+3.8%,1.106,+6.3%,17.33,15.7,+0.8%,-4.1%,+5.1%,+47.4%
VFC,Extended,Apparel,Consumer Discretionary,Consumer Durables & Apparel,Adj,Mar,EPS,CY2027,1.51,1.257,-16.8%,1.306,+3.9%,1.364,+4.4%,17.33,12.7,-9.7%,-4.1%,+5.1%,+47.4%
VFC,Extended,Apparel,Consumer Discretionary,Consumer Durables & Apparel,Adj,Mar,EPS,CY2028,1.78,1.645,-7.6%,1.588,-3.5%,1.637,+3.1%,17.33,10.6,-8.0%,-4.1%,+5.1%,+47.4%
KTB,Extended,Apparel,Consumer Discretionary,Consumer Durables & Apparel,Adj,Dec,EPS,CY2025,5.253,5.492,+4.5%,5.496,+0.1%,5.496,+0.0%,78.17,14.2,+4.6%,+28.0%,+13.3%,+21.5%
KTB,Extended,Apparel,Consumer Discretionary,Consumer Durables & Apparel,Adj,Dec,EPS,CY2026,5.768,5.986,+3.8%,6.479,+8.2%,5.352,-17.4%,78.17,14.6,-7.2%,+28.0%,+13.3%,+21.5%
KTB,Extended,Apparel,Consumer Discretionary,Consumer Durables & Apparel,Adj,Dec,EPS,CY2027,6.462,6.68,+3.4%,7.01,+4.9%,6.477,-7.6%,78.17,12.1,+0.2%,+28.0%,+13.3%,+21.5%
KTB,Extended,Apparel,Consumer Discretionary,Consumer Durables & Apparel,Adj,Dec,EPS,CY2028,7.24,7.28,+0.6%,7.49,+2.9%,7.432,-0.8%,78.17,10.5,+2.7%,+28.0%,+13.3%,+21.5%
ONON,Extended,Apparel,Consumer Discretionary,Consumer Durables & Apparel,Adj,Dec,EPS,CY2025,0.953,0.744,-21.9%,0.749,+0.7%,0.749,+0.0%,38.88,51.9,-21.4%,-16.4%,+0.0%,-25.0%
ONON,Extended,Apparel,Consumer Discretionary,Consumer Durables & Apparel,Adj,Dec,EPS,CY2026,1.251,1.307,+4.5%,1.264,-3.3%,1.364,+7.9%,38.88,28.5,+9.0%,-16.4%,+0.0%,-25.0%
ONON,Extended,Apparel,Consumer Discretionary,Consumer Durables & Apparel,Adj,Dec,EPS,CY2027,1.615,1.763,+9.2%,1.604,-9.0%,1.656,+3.2%,38.88,23.5,+2.5%,-16.4%,+0.0%,-25.0%
ONON,Extended,Apparel,Consumer Discretionary,Consumer Durables & Apparel,Adj,Dec,EPS,CY2028,2.183,2.175,-0.4%,2.016,-7.3%,2.028,+0.6%,38.88,19.2,-7.1%,-16.4%,+0.0%,-25.0%
GIL,Extended,Apparel,Consumer Discretionary,Consumer Durables & Apparel,Adj,Dec,EPS,CY2025,3.473,3.482,+0.3%,3.497,+0.4%,3.497,+0.0%,51.89,14.8,+0.7%,-16.9%,-8.2%,+10.0%
GIL,Extended,Apparel,Consumer Discretionary,Consumer Durables & Apparel,Adj,Dec,EPS,CY2026,3.863,4.517,+16.9%,4.312,-4.5%,4.298,-0.3%,51.89,12.1,+11.3%,-16.9%,-8.2%,+10.0%
GIL,Extended,Apparel,Consumer Discretionary,Consumer Durables & Apparel,Adj,Dec,EPS,CY2027,,5.459,,5.326,-2.4%,5.388,+1.2%,51.89,9.6,,-16.9%,-8.2%,+10.0%
GIL,Extended,Apparel,Consumer Discretionary,Consumer Durables & Apparel,Adj,Dec,EPS,CY2028,,6.31,,6.289,-0.3%,6.399,+1.7%,51.89,8.1,,-16.9%,-8.2%,+10.0%
CRI,Extended,Apparel,Consumer Discretionary,Consumer Durables & Apparel,Adj,Dec,EPS,CY2025,3.429,2.905,-15.3%,3.31,+13.9%,3.31,+0.0%,42.54,12.9,-3.5%,+31.2%,+21.4%,+42.6%
CRI,Extended,Apparel,Consumer Discretionary,Consumer Durables & Apparel,Adj,Dec,EPS,CY2026,2.803,2.335,-16.7%,3.065,+31.3%,3.285,+7.2%,42.54,12.9,+17.2%,+31.2%,+21.4%,+42.6%
CRI,Extended,Apparel,Consumer Discretionary,Consumer Durables & Apparel,Adj,Dec,EPS,CY2027,2.888,2.568,-11.1%,3.59,+39.8%,3.647,+1.6%,42.54,11.7,+26.3%,+31.2%,+21.4%,+42.6%
CRI,Extended,Apparel,Consumer Discretionary,Consumer Durables & Apparel,Adj,Dec,EPS,CY2028,4.41,2.93,-33.6%,3.83,+30.7%,3.85,+0.5%,42.54,11.0,-12.7%,+31.2%,+21.4%,+42.6%
LULU,Extended,Apparel,Consumer Discretionary,Consumer Durables & Apparel,Adj,Jan,EPS,CY2025,14.705,12.996,-11.6%,13.04,+0.3%,13.04,+0.0%,111.77,8.6,-11.3%,-46.2%,-32.5%,-51.1%
LULU,Extended,Apparel,Consumer Discretionary,Consumer Durables & Apparel,Adj,Jan,EPS,CY2026,15.67,12.639,-19.3%,12.422,-1.7%,10.947,-11.9%,111.77,10.2,-30.1%,-46.2%,-32.5%,-51.1%
LULU,Extended,Apparel,Consumer Discretionary,Consumer Durables & Apparel,Adj,Jan,EPS,CY2027,17.03,13.903,-18.4%,13.381,-3.8%,11.407,-14.8%,111.77,9.8,-33.0%,-46.2%,-32.5%,-51.1%
LULU,Extended,Apparel,Consumer Discretionary,Consumer Durables & Apparel,Adj,Jan,EPS,CY2028,19.298,15.213,-21.2%,14.699,-3.4%,12.663,-13.9%,111.77,8.8,-34.4%,-46.2%,-32.5%,-51.1%
LB,Extended,Apparel,Real Estate,Real Estate Management & Devel,Adj,Dec,EPS,CY2025,2.081,1.69,-18.8%,1.42,-16.0%,1.42,+0.0%,63.95,45.0,-31.8%,+30.5%,-10.0%,-9.9%
LB,Extended,Apparel,Real Estate,Real Estate Management & Devel,Adj,Dec,EPS,CY2026,2.929,2.9,-1.0%,2.485,-14.3%,2.326,-6.4%,63.95,27.5,-20.6%,+30.5%,-10.0%,-9.9%
LB,Extended,Apparel,Real Estate,Real Estate Management & Devel,Adj,Dec,EPS,CY2027,3.679,4.093,+11.3%,3.324,-18.8%,2.914,-12.3%,63.95,21.9,-20.8%,+30.5%,-10.0%,-9.9%
LB,Extended,Apparel,Real Estate,Real Estate Management & Devel,Adj,Dec,EPS,CY2028,8.06,5.66,-29.8%,4.99,-11.8%,3.833,-23.2%,63.95,16.7,-52.4%,+30.5%,-10.0%,-9.9%
RL,Extended,Apparel,Consumer Discretionary,Consumer Durables & Apparel,Adj,Mar,EPS,CY2025,13.798,15.366,+11.4%,16.266,+5.9%,16.323,+0.4%,413.01,25.3,+18.3%,+16.8%,+21.4%,+54.2%
RL,Extended,Apparel,Consumer Discretionary,Consumer Durables & Apparel,Adj,Mar,EPS,CY2026,15.224,16.685,+9.6%,17.882,+7.2%,18.142,+1.5%,413.01,22.8,+19.2%,+16.8%,+21.4%,+54.2%
RL,Extended,Apparel,Consumer Discretionary,Consumer Durables & Apparel,Adj,Mar,EPS,CY2027,16.792,18.713,+11.4%,19.773,+5.7%,20.05,+1.4%,413.01,20.6,+19.4%,+16.8%,+21.4%,+54.2%
RL,Extended,Apparel,Consumer Discretionary,Consumer Durables & Apparel,Adj,Mar,EPS,CY2028,18.216,20.5,+12.5%,21.002,+2.4%,21.916,+4.4%,413.01,18.8,+20.3%,+16.8%,+21.4%,+54.2%
NKE,Extended,Apparel,Consumer Discretionary,Consumer Durables & Apparel,Adj,May,EPS,CY2025,2.158,2.162,+0.2%,2.162,+0.0%,2.162,+0.0%,45.2,20.9,+0.2%,-29.1%,-15.4%,-24.0%
NKE,Extended,Apparel,Consumer Discretionary,Consumer Durables & Apparel,Adj,May,EPS,CY2026,1.892,1.605,-15.2%,1.56,-2.8%,1.498,-4.0%,45.2,30.2,-20.8%,-29.1%,-15.4%,-24.0%
NKE,Extended,Apparel,Consumer Discretionary,Consumer Durables & Apparel,Adj,May,EPS,CY2027,2.492,2.414,-3.1%,2.32,-3.9%,1.845,-20.5%,45.2,24.5,-26.0%,-29.1%,-15.4%,-24.0%
NKE,Extended,Apparel,Consumer Discretionary,Consumer Durables & Apparel,Adj,May,EPS,CY2028,3.285,2.94,-10.5%,2.8,-4.8%,2.415,-13.7%,45.2,18.7,-26.5%,-29.1%,-15.4%,-24.0%
AS,Extended,Apparel,Consumer Discretionary,Consumer Durables & Apparel,Adj,Dec,EPS,CY2025,0.751,0.929,+23.7%,0.931,+0.2%,0.931,+0.0%,36.83,39.6,+24.0%,-1.4%,+12.7%,+1.8%
AS,Extended,Apparel,Consumer Discretionary,Consumer Durables & Apparel,Adj,Dec,EPS,CY2026,0.987,1.171,+18.6%,1.178,+0.6%,1.229,+4.3%,36.83,30.0,+24.5%,-1.4%,+12.7%,+1.8%
AS,Extended,Apparel,Consumer Discretionary,Consumer Durables & Apparel,Adj,Dec,EPS,CY2027,1.234,1.462,+18.5%,1.484,+1.5%,1.539,+3.7%,36.83,23.9,+24.7%,-1.4%,+12.7%,+1.8%
AS,Extended,Apparel,Consumer Discretionary,Consumer Durables & Apparel,Adj,Dec,EPS,CY2028,1.493,1.757,+17.7%,1.831,+4.2%,1.914,+4.5%,36.83,19.2,+28.2%,-1.4%,+12.7%,+1.8%
GOOS,Extended,Apparel,Consumer Discretionary,Consumer Durables & Apparel,Adj,Mar,EPS,CY2025,1.058,0.964,-8.9%,0.797,-17.3%,0.8,+0.4%,9.79,12.2,-24.4%,-24.4%,-9.4%,-12.7%
GOOS,Extended,Apparel,Consumer Discretionary,Consumer Durables & Apparel,Adj,Mar,EPS,CY2026,1.214,1.143,-5.8%,1.002,-12.3%,1.002,+0.0%,9.79,9.8,-17.5%,-24.4%,-9.4%,-12.7%
GOOS,Extended,Apparel,Consumer Discretionary,Consumer Durables & Apparel,Adj,Mar,EPS,CY2027,1.288,1.296,+0.6%,1.193,-7.9%,1.162,-2.6%,9.79,8.4,-9.8%,-24.4%,-9.4%,-12.7%
GOOS,Extended,Apparel,Consumer Discretionary,Consumer Durables & Apparel,Adj,Mar,EPS,CY2028,1.49,2.17,+45.6%,2.11,-2.8%,1.07,-49.3%,9.79,9.1,-28.2%,-24.4%,-9.4%,-12.7%
GAP,Extended,Apparel,Consumer Discretionary,Consumer Discretionary Distrib,Adj,Jan,EPS,CY2025,2.207,2.149,-2.6%,2.155,+0.3%,2.155,+0.0%,21.15,9.8,-2.4%,-17.4%,-12.2%,+1.4%
GAP,Extended,Apparel,Consumer Discretionary,Consumer Discretionary Distrib,Adj,Jan,EPS,CY2026,2.354,2.296,-2.5%,2.344,+2.1%,2.408,+2.7%,21.15,8.8,+2.3%,-17.4%,-12.2%,+1.4%
GAP,Extended,Apparel,Consumer Discretionary,Consumer Discretionary Distrib,Adj,Jan,EPS,CY2027,2.567,2.51,-2.2%,2.604,+3.7%,2.596,-0.3%,21.15,8.1,+1.1%,-17.4%,-12.2%,+1.4%
GAP,Extended,Apparel,Consumer Discretionary,Consumer Discretionary Distrib,Adj,Jan,EPS,CY2028,2.91,2.865,-1.5%,2.916,+1.8%,2.841,-2.6%,21.15,7.4,-2.4%,-17.4%,-12.2%,+1.4%
CROX,Extended,Apparel,Consumer Discretionary,Consumer Durables & Apparel,Adj,Dec,EPS,CY2025,12.627,12.073,-4.4%,12.14,+0.6%,12.14,+0.0%,125.05,10.3,-3.9%,+46.2%,+61.8%,+24.9%
CROX,Extended,Apparel,Consumer Discretionary,Consumer Durables & Apparel,Adj,Dec,EPS,CY2026,13.129,11.959,-8.9%,13.288,+11.1%,13.666,+2.8%,125.05,9.2,+4.1%,+46.2%,+61.8%,+24.9%
CROX,Extended,Apparel,Consumer Discretionary,Consumer Durables & Apparel,Adj,Dec,EPS,CY2027,12.948,12.061,-6.9%,14.175,+17.5%,14.524,+2.5%,125.05,8.6,+12.2%,+46.2%,+61.8%,+24.9%
CROX,Extended,Apparel,Consumer Discretionary,Consumer Durables & Apparel,Adj,Dec,EPS,CY2028,15.67,13.84,-11.7%,14.537,+5.0%,14.847,+2.1%,125.05,8.4,-5.3%,+46.2%,+61.8%,+24.9%
SN,Extended,Apparel,Consumer Discretionary,Consumer Durables & Apparel,Adj,Dec,EPS,CY2025,5.037,5.148,+2.2%,5.157,+0.2%,5.157,+0.0%,140.84,27.3,+2.4%,+25.9%,+38.2%,+58.0%
SN,Extended,Apparel,Consumer Discretionary,Consumer Durables & Apparel,Adj,Dec,EPS,CY2026,5.772,5.956,+3.2%,6.036,+1.3%,6.131,+1.6%,140.84,23.0,+6.2%,+25.9%,+38.2%,+58.0%
SN,Extended,Apparel,Consumer Discretionary,Consumer Durables & Apparel,Adj,Dec,EPS,CY2027,6.596,6.734,+2.1%,6.927,+2.9%,7.014,+1.3%,140.84,20.1,+6.3%,+25.9%,+38.2%,+58.0%
SN,Extended,Apparel,Consumer Discretionary,Consumer Durables & Apparel,Adj,Dec,EPS,CY2028,8.2,7.73,-5.7%,7.854,+1.6%,7.926,+0.9%,140.84,17.8,-3.3%,+25.9%,+38.2%,+58.0%
ANF,Extended,Apparel,Consumer Discretionary,Consumer Discretionary Distrib,Adj,Jan,EPS,CY2025,10.19,9.798,-3.8%,9.785,-0.1%,9.785,+0.0%,87.24,8.9,-4.0%,-30.7%,-1.7%,+15.0%
ANF,Extended,Apparel,Consumer Discretionary,Consumer Discretionary Distrib,Adj,Jan,EPS,CY2026,10.678,10.168,-4.8%,10.74,+5.6%,10.677,-0.6%,87.24,8.2,-0.0%,-30.7%,-1.7%,+15.0%
ANF,Extended,Apparel,Consumer Discretionary,Consumer Discretionary Distrib,Adj,Jan,EPS,CY2027,10.976,10.513,-4.2%,11.775,+12.0%,11.783,+0.1%,87.24,7.4,+7.4%,-30.7%,-1.7%,+15.0%
ANF,Extended,Apparel,Consumer Discretionary,Consumer Discretionary Distrib,Adj,Jan,EPS,CY2028,11.06,9.36,-15.4%,12.972,+38.6%,12.889,-0.6%,87.24,6.8,+16.5%,-30.7%,-1.7%,+15.0%
AEO,Extended,Apparel,Consumer Discretionary,Consumer Discretionary Distrib,Adj,Jan,EPS,CY2025,0.798,1.342,+68.2%,1.378,+2.7%,1.378,+0.0%,17.81,12.9,+72.7%,-32.5%,+1.8%,+85.9%
AEO,Extended,Apparel,Consumer Discretionary,Consumer Discretionary Distrib,Adj,Jan,EPS,CY2026,1.183,1.629,+37.7%,1.763,+8.2%,1.761,-0.1%,17.81,10.1,+48.9%,-32.5%,+1.8%,+85.9%
AEO,Extended,Apparel,Consumer Discretionary,Consumer Discretionary Distrib,Adj,Jan,EPS,CY2027,1.42,1.807,+27.3%,1.983,+9.7%,1.946,-1.9%,17.81,9.2,+37.0%,-32.5%,+1.8%,+85.9%
AEO,Extended,Apparel,Consumer Discretionary,Consumer Discretionary Distrib,Adj,Jan,EPS,CY2028,1.93,1.89,-2.1%,2.29,+21.2%,2.231,-2.6%,17.81,8.0,+15.6%,-32.5%,+1.8%,+85.9%
URBN,Extended,Apparel,Consumer Discretionary,Consumer Discretionary Distrib,Adj,Jan,EPS,CY2025,5.027,5.294,+5.3%,5.271,-0.4%,5.271,+0.0%,76.42,14.5,+4.9%,+1.5%,+17.2%,+11.0%
URBN,Extended,Apparel,Consumer Discretionary,Consumer Discretionary Distrib,Adj,Jan,EPS,CY2026,5.425,5.816,+7.2%,5.874,+1.0%,6.125,+4.3%,76.42,12.5,+12.9%,+1.5%,+17.2%,+11.0%
URBN,Extended,Apparel,Consumer Discretionary,Consumer Discretionary Distrib,Adj,Jan,EPS,CY2027,5.885,6.387,+8.5%,6.428,+0.6%,6.665,+3.7%,76.42,11.5,+13.3%,+1.5%,+17.2%,+11.0%
URBN,Extended,Apparel,Consumer Discretionary,Consumer Discretionary Distrib,Adj,Jan,EPS,CY2028,4.383,5.895,+34.5%,6.692,+13.5%,7.075,+5.7%,76.42,10.8,+61.4%,+1.5%,+17.2%,+11.0%
BALL,Extended,Packaging,Materials,Materials,Adj,Dec,EPS,CY2025,3.536,3.569,+0.9%,3.567,-0.1%,3.567,+0.0%,57.72,16.2,+0.9%,+9.0%,-2.2%,+3.4%
BALL,Extended,Packaging,Materials,Materials,Adj,Dec,EPS,CY2026,3.999,3.996,-0.1%,3.969,-0.7%,3.998,+0.7%,57.72,14.4,-0.0%,+9.0%,-2.2%,+3.4%
BALL,Extended,Packaging,Materials,Materials,Adj,Dec,EPS,CY2027,4.476,4.439,-0.8%,4.506,+1.5%,4.523,+0.4%,57.72,12.8,+1.1%,+9.0%,-2.2%,+3.4%
BALL,Extended,Packaging,Materials,Materials,Adj,Dec,EPS,CY2028,,4.98,,5.024,+0.9%,5.004,-0.4%,57.72,11.5,,+9.0%,-2.2%,+3.4%
CCK,Extended,Packaging,Materials,Materials,Adj,Dec,EPS,CY2025,7.06,7.763,+10.0%,7.758,-0.1%,7.758,+0.0%,101.54,13.1,+9.9%,-1.4%,+0.5%,-1.0%
CCK,Extended,Packaging,Materials,Materials,Adj,Dec,EPS,CY2026,7.676,8.258,+7.6%,8.125,-1.6%,8.115,-0.1%,101.54,12.5,+5.7%,-1.4%,+0.5%,-1.0%
CCK,Extended,Packaging,Materials,Materials,Adj,Dec,EPS,CY2027,8.317,9.029,+8.6%,8.89,-1.5%,8.811,-0.9%,101.54,11.5,+5.9%,-1.4%,+0.5%,-1.0%
CCK,Extended,Packaging,Materials,Materials,Adj,Dec,EPS,CY2028,8.83,9.84,+11.4%,9.669,-1.7%,9.499,-1.8%,101.54,10.7,+7.6%,-1.4%,+0.5%,-1.0%
SLGN,Extended,Packaging,Materials,Materials,Adj,Dec,EPS,CY2025,4.106,3.694,-10.0%,3.691,-0.1%,3.691,+0.0%,41.65,11.3,-10.1%,+3.2%,+6.6%,-22.4%
SLGN,Extended,Packaging,Materials,Materials,Adj,Dec,EPS,CY2026,4.482,3.856,-14.0%,3.797,-1.5%,3.797,+0.0%,41.65,11.0,-15.3%,+3.2%,+6.6%,-22.4%
SLGN,Extended,Packaging,Materials,Materials,Adj,Dec,EPS,CY2027,4.772,4.211,-11.8%,4.074,-3.3%,4.069,-0.1%,41.65,10.2,-14.7%,+3.2%,+6.6%,-22.4%
SLGN,Extended,Packaging,Materials,Materials,Adj,Dec,EPS,CY2028,,4.78,,4.4,-7.9%,4.347,-1.2%,41.65,9.6,,+3.2%,+6.6%,-22.4%
OI,Extended,Packaging,Materials,Materials,Adj,Dec,EPS,CY2025,1.374,1.605,+16.8%,1.604,-0.1%,1.604,+0.0%,9.23,5.8,+16.7%,-37.5%,-10.8%,-31.7%
OI,Extended,Packaging,Materials,Materials,Adj,Dec,EPS,CY2026,1.815,1.94,+6.9%,1.721,-11.3%,1.194,-30.6%,9.23,7.7,-34.2%,-37.5%,-10.8%,-31.7%
OI,Extended,Packaging,Materials,Materials,Adj,Dec,EPS,CY2027,2.242,2.369,+5.7%,2.169,-8.4%,1.886,-13.0%,9.23,4.9,-15.9%,-37.5%,-10.8%,-31.7%
OI,Extended,Packaging,Materials,Materials,Adj,Dec,EPS,CY2028,,2.85,,2.578,-9.5%,2.45,-5.0%,9.23,3.8,,-37.5%,-10.8%,-31.7%
AA,Extended,Packaging,Materials,Materials,Adj,Dec,EPS,CY2025,3.661,3.969,+8.4%,3.992,+0.6%,3.992,+0.0%,59.37,14.9,+9.0%,+11.7%,+1.2%,+109.4%
AA,Extended,Packaging,Materials,Materials,Adj,Dec,EPS,CY2026,2.756,3.984,+44.6%,5.19,+30.3%,6.986,+34.6%,59.37,8.5,+153.5%,+11.7%,+1.2%,+109.4%
AA,Extended,Packaging,Materials,Materials,Adj,Dec,EPS,CY2027,,4.296,,5.738,+33.6%,6.849,+19.4%,59.37,8.7,,+11.7%,+1.2%,+109.4%
AA,Extended,Packaging,Materials,Materials,Adj,Dec,EPS,CY2028,,3.957,,5.283,+33.5%,7.25,+37.2%,59.37,8.2,,+11.7%,+1.2%,+109.4%
PKG,Extended,Packaging,Materials,Materials,Adj,Dec,EPS,CY2025,10.226,9.945,-2.7%,9.933,-0.1%,9.933,+0.0%,229.02,23.1,-2.9%,+11.1%,+12.1%,+23.0%
PKG,Extended,Packaging,Materials,Materials,Adj,Dec,EPS,CY2026,11.12,11.495,+3.4%,10.987,-4.4%,10.413,-5.2%,229.02,22.0,-6.4%,+11.1%,+12.1%,+23.0%
PKG,Extended,Packaging,Materials,Materials,Adj,Dec,EPS,CY2027,11.664,12.499,+7.2%,12.459,-0.3%,12.296,-1.3%,229.02,18.6,+5.4%,+11.1%,+12.1%,+23.0%
PKG,Extended,Packaging,Materials,Materials,Adj,Dec,EPS,CY2028,13.08,14.043,+7.4%,13.822,-1.6%,13.286,-3.9%,229.02,17.2,+1.6%,+11.1%,+12.1%,+23.0%
GPK,Extended,Packaging,Materials,Materials,Adj,Dec,EPS,CY2025,2.043,1.911,-6.5%,1.865,-2.4%,1.865,+0.0%,10.71,5.7,-8.7%,-28.9%,+14.4%,-49.6%
GPK,Extended,Packaging,Materials,Materials,Adj,Dec,EPS,CY2026,2.445,1.897,-22.4%,0.883,-53.5%,0.848,-4.0%,10.71,12.6,-65.3%,-28.9%,+14.4%,-49.6%
GPK,Extended,Packaging,Materials,Materials,Adj,Dec,EPS,CY2027,2.628,2.191,-16.6%,1.221,-44.3%,1.171,-4.1%,10.71,9.1,-55.4%,-28.9%,+14.4%,-49.6%
GPK,Extended,Packaging,Materials,Materials,Adj,Dec,EPS,CY2028,,2.48,,1.325,-46.6%,1.274,-3.8%,10.71,8.4,,-28.9%,+14.4%,-49.6%
SEE,Extended,Packaging,,,Adj,Dec,EPS,CY2025,3.104,3.298,+6.2%,3.298,+0.0%,3.298,+0.0%,,,+6.2%,,,
SEE,Extended,Packaging,,,Adj,Dec,EPS,CY2026,3.323,3.378,+1.7%,3.39,+0.4%,3.305,-2.5%,,,-0.5%,,,
SEE,Extended,Packaging,,,Adj,Dec,EPS,CY2027,3.558,3.625,+1.9%,3.64,+0.4%,3.47,-4.7%,,,-2.5%,,,
SEE,Extended,Packaging,,,Adj,Dec,EPS,CY2028,,3.65,,3.868,+6.0%,3.783,-2.2%,,,,,,
IP,Extended,Packaging,Materials,Materials,Adj,Dec,EPS,CY2025,2.155,0.255,-88.2%,0.165,-35.3%,0.165,+0.0%,36.82,223.2,-92.3%,-6.5%,+8.3%,-20.2%
IP,Extended,Packaging,Materials,Materials,Adj,Dec,EPS,CY2026,3.342,2.21,-33.9%,1.657,-25.0%,1.385,-16.4%,36.82,26.6,-58.6%,-6.5%,+8.3%,-20.2%
IP,Extended,Packaging,Materials,Materials,Adj,Dec,EPS,CY2027,4.088,3.084,-24.6%,2.932,-4.9%,2.636,-10.1%,36.82,14.0,-35.5%,-6.5%,+8.3%,-20.2%
IP,Extended,Packaging,Materials,Materials,Adj,Dec,EPS,CY2028,,3.42,,3.366,-1.6%,3.093,-8.1%,36.82,11.9,,-6.5%,+8.3%,-20.2%
MHK,Extended,Housing,Consumer Discretionary,Consumer Durables & Apparel,Adj,Dec,EPS,CY2025,9.129,8.94,-2.1%,8.938,-0.0%,8.938,+0.0%,112.3,12.6,-2.1%,+2.7%,+14.3%,+14.6%
MHK,Extended,Housing,Consumer Discretionary,Consumer Durables & Apparel,Adj,Dec,EPS,CY2026,10.693,9.967,-6.8%,9.709,-2.6%,8.617,-11.2%,112.3,13.0,-19.4%,+2.7%,+14.3%,+14.6%
MHK,Extended,Housing,Consumer Discretionary,Consumer Durables & Apparel,Adj,Dec,EPS,CY2027,12.204,11.618,-4.8%,11.255,-3.1%,9.917,-11.9%,112.3,11.3,-18.7%,+2.7%,+14.3%,+14.6%
MHK,Extended,Housing,Consumer Discretionary,Consumer Durables & Apparel,Adj,Dec,EPS,CY2028,14.23,12.575,-11.6%,12.813,+1.9%,11.514,-10.1%,112.3,9.8,-19.1%,+2.7%,+14.3%,+14.6%
JELD,Extended,Housing,Industrials,Capital Goods,Adj,Dec,EPS,CY2025,-0.418,-0.7,-67.5%,-0.726,-3.7%,-0.726,+0.0%,1.78,-2.5,-73.7%,-27.6%,+33.8%,-50.3%
JELD,Extended,Housing,Industrials,Capital Goods,Adj,Dec,EPS,CY2026,0.243,-0.309,-227.2%,-0.522,-68.9%,-0.69,-32.2%,1.78,-2.6,-384.0%,-27.6%,+33.8%,-50.3%
JELD,Extended,Housing,Industrials,Capital Goods,Adj,Dec,EPS,CY2027,,0.064,,-0.202,-415.6%,-0.214,-5.9%,1.78,-8.3,,-27.6%,+33.8%,-50.3%
JELD,Extended,Housing,Industrials,Capital Goods,Adj,Dec,EPS,CY2028,,,,0.161,,0.068,-57.8%,1.78,26.2,,-27.6%,+33.8%,-50.3%
AMWD,Extended,Housing,,,Adj,Apr,EPS,CY2025,,,,,,,,48.09,,,-10.8%,+30.4%,-4.3%
AMWD,Extended,Housing,,,Adj,Apr,EPS,CY2026,5.054,3.148,-37.7%,2.387,-24.2%,2.3,-3.6%,48.09,20.9,-54.5%,-10.8%,+30.4%,-4.3%
AMWD,Extended,Housing,,,Adj,Apr,EPS,CY2027,6.41,3.85,-39.9%,1.94,-49.6%,1.87,-3.6%,48.09,25.7,-70.8%,-10.8%,+30.4%,-4.3%
AMWD,Extended,Housing,,,Adj,Apr,EPS,CY2028,,2.48,,2.375,-4.2%,2.3,-3.2%,48.09,20.9,,-10.8%,+30.4%,-4.3%
MAS,Extended,Housing,Industrials,Capital Goods,Adj,Dec,EPS,CY2025,3.525,3.934,+11.6%,3.933,-0.0%,3.933,+0.0%,74.38,18.9,+11.6%,+17.2%,+24.5%,+22.1%
MAS,Extended,Housing,Industrials,Capital Goods,Adj,Dec,EPS,CY2026,4.013,4.208,+4.9%,4.211,+0.1%,4.268,+1.4%,74.38,17.4,+6.4%,+17.2%,+24.5%,+22.1%
MAS,Extended,Housing,Industrials,Capital Goods,Adj,Dec,EPS,CY2027,4.716,4.686,-0.6%,4.638,-1.0%,4.7,+1.3%,74.38,15.8,-0.3%,+17.2%,+24.5%,+22.1%
MAS,Extended,Housing,Industrials,Capital Goods,Adj,Dec,EPS,CY2028,,5.44,,5.156,-5.2%,5.214,+1.1%,74.38,14.3,,+17.2%,+24.5%,+22.1%
FBIN,Extended,Housing,Industrials,Capital Goods,Adj,Dec,EPS,CY2025,3.774,3.748,-0.7%,3.74,-0.2%,3.74,+0.0%,42.4,11.3,-0.9%,-15.2%,+3.7%,-14.5%
FBIN,Extended,Housing,Industrials,Capital Goods,Adj,Dec,EPS,CY2026,4.221,4.123,-2.3%,3.496,-15.2%,3.128,-10.5%,42.4,13.6,-25.9%,-15.2%,+3.7%,-14.5%
FBIN,Extended,Housing,Industrials,Capital Goods,Adj,Dec,EPS,CY2027,5.068,4.649,-8.3%,3.975,-14.5%,3.564,-10.3%,42.4,11.9,-29.7%,-15.2%,+3.7%,-14.5%
FBIN,Extended,Housing,Industrials,Capital Goods,Adj,Dec,EPS,CY2028,5.69,5.76,+1.2%,4.508,-21.7%,4.197,-6.9%,42.4,10.1,-26.2%,-15.2%,+3.7%,-14.5%
TOL,Extended,Housing,Consumer Discretionary,Consumer Durables & Apparel,Adj,Oct,EPS,CY2025,13.984,13.796,-1.3%,13.796,+0.0%,13.796,+0.0%,155.67,11.3,-1.3%,+15.1%,+14.0%,+47.6%
TOL,Extended,Housing,Consumer Discretionary,Consumer Durables & Apparel,Adj,Oct,EPS,CY2026,14.274,13.04,-8.6%,12.835,-1.6%,12.811,-0.2%,155.67,12.2,-10.2%,+15.1%,+14.0%,+47.6%
TOL,Extended,Housing,Consumer Discretionary,Consumer Durables & Apparel,Adj,Oct,EPS,CY2027,16.206,14.505,-10.5%,14.268,-1.6%,14.135,-0.9%,155.67,11.0,-12.8%,+15.1%,+14.0%,+47.6%
TOL,Extended,Housing,Consumer Discretionary,Consumer Durables & Apparel,Adj,Oct,EPS,CY2028,19.97,16.862,-15.6%,16.16,-4.2%,16.13,-0.2%,155.67,9.7,-19.2%,+15.1%,+14.0%,+47.6%
KBH,Extended,Housing,Consumer Discretionary,Consumer Durables & Apparel,Adj,Nov,EPS,CY2025,7.091,6.416,-9.5%,6.416,+0.0%,6.416,+0.0%,54.2,8.4,-9.5%,-3.9%,+3.2%,+7.1%
KBH,Extended,Housing,Consumer Discretionary,Consumer Durables & Apparel,Adj,Nov,EPS,CY2026,7.423,5.182,-30.2%,4.176,-19.4%,3.227,-22.7%,54.2,16.8,-56.5%,-3.9%,+3.2%,+7.1%
KBH,Extended,Housing,Consumer Discretionary,Consumer Durables & Apparel,Adj,Nov,EPS,CY2027,8.99,6.186,-31.2%,5.415,-12.5%,4.489,-17.1%,54.2,12.1,-50.1%,-3.9%,+3.2%,+7.1%
KBH,Extended,Housing,Consumer Discretionary,Consumer Durables & Apparel,Adj,Nov,EPS,CY2028,,6.44,,6.786,+5.4%,5.753,-15.2%,54.2,9.4,,-3.9%,+3.2%,+7.1%
LEN,Extended,Housing,Consumer Discretionary,Consumer Durables & Apparel,Adj,Nov,EPS,CY2025,8.89,8.293,-6.7%,8.293,+0.0%,8.293,+0.0%,89.73,10.8,-6.7%,-12.7%,-4.3%,-13.2%
LEN,Extended,Housing,Consumer Discretionary,Consumer Durables & Apparel,Adj,Nov,EPS,CY2026,10.214,7.438,-27.2%,6.206,-16.6%,5.54,-10.7%,89.73,16.2,-45.8%,-12.7%,-4.3%,-13.2%
LEN,Extended,Housing,Consumer Discretionary,Consumer Durables & Apparel,Adj,Nov,EPS,CY2027,12.907,9.042,-29.9%,7.62,-15.7%,6.618,-13.1%,89.73,13.6,-48.7%,-12.7%,-4.3%,-13.2%
LEN,Extended,Housing,Consumer Discretionary,Consumer Durables & Apparel,Adj,Nov,EPS,CY2028,16.63,11.893,-28.5%,10.87,-8.6%,8.533,-21.5%,89.73,10.5,-48.7%,-12.7%,-4.3%,-13.2%
LGIH,Extended,Housing,Consumer Discretionary,Consumer Durables & Apparel,Adj,Dec,EPS,CY2025,5.835,3.428,-41.3%,3.333,-2.8%,3.333,+0.0%,56.7,17.0,-42.9%,+32.0%,+53.0%,+19.8%
LGIH,Extended,Housing,Consumer Discretionary,Consumer Durables & Apparel,Adj,Dec,EPS,CY2026,8.392,4.428,-47.2%,2.58,-41.7%,2.893,+12.1%,56.7,19.6,-65.5%,+32.0%,+53.0%,+19.8%
LGIH,Extended,Housing,Consumer Discretionary,Consumer Durables & Apparel,Adj,Dec,EPS,CY2027,,7.187,,3.343,-53.5%,3.63,+8.6%,56.7,15.6,,+32.0%,+53.0%,+19.8%
LGIH,Extended,Housing,Consumer Discretionary,Consumer Durables & Apparel,Adj,Dec,EPS,CY2028,,,,,,,,56.7,,,+32.0%,+53.0%,+19.8%
WMS,Extended,Housing,Industrials,Capital Goods,Adj,Mar,EPS,CY2025,5.614,5.952,+6.0%,6.154,+3.4%,6.142,-0.2%,147.12,24.0,+9.4%,+1.6%,+9.3%,+30.2%
WMS,Extended,Housing,Industrials,Capital Goods,Adj,Mar,EPS,CY2026,6.283,6.433,+2.4%,6.887,+7.1%,6.278,-8.8%,147.12,23.4,-0.1%,+1.6%,+9.3%,+30.2%
WMS,Extended,Housing,Industrials,Capital Goods,Adj,Mar,EPS,CY2027,7.263,7.326,+0.9%,7.68,+4.8%,7.317,-4.7%,147.12,20.1,+0.7%,+1.6%,+9.3%,+30.2%
WMS,Extended,Housing,Industrials,Capital Goods,Adj,Mar,EPS,CY2028,7.89,7.945,+0.7%,8.345,+5.0%,6.512,-22.0%,147.12,22.6,-17.5%,+1.6%,+9.3%,+30.2%
POOL,Extended,Housing,Consumer Discretionary,Consumer Discretionary Distrib,Adj,Dec,EPS,CY2025,10.993,10.885,-1.0%,10.887,+0.0%,10.887,+0.0%,198.99,18.3,-1.0%,-13.0%,-2.6%,-30.2%
POOL,Extended,Housing,Consumer Discretionary,Consumer Discretionary Distrib,Adj,Dec,EPS,CY2026,11.979,11.622,-3.0%,11.01,-5.3%,11.083,+0.7%,198.99,18.0,-7.5%,-13.0%,-2.6%,-30.2%
POOL,Extended,Housing,Consumer Discretionary,Consumer Discretionary Distrib,Adj,Dec,EPS,CY2027,13.168,12.748,-3.2%,11.91,-6.6%,12.021,+0.9%,198.99,16.6,-8.7%,-13.0%,-2.6%,-30.2%
POOL,Extended,Housing,Consumer Discretionary,Consumer Discretionary Distrib,Adj,Dec,EPS,CY2028,,13.653,,13.134,-3.8%,13.174,+0.3%,198.99,15.1,,-13.0%,-2.6%,-30.2%
ALLE,Extended,Housing,Industrials,Capital Goods,Adj,Dec,EPS,CY2025,7.826,8.183,+4.6%,8.185,+0.0%,8.185,+0.0%,133.57,16.3,+4.6%,-16.1%,-7.1%,-2.4%
ALLE,Extended,Housing,Industrials,Capital Goods,Adj,Dec,EPS,CY2026,8.429,8.893,+5.5%,8.807,-1.0%,8.776,-0.4%,133.57,15.2,+4.1%,-16.1%,-7.1%,-2.4%
ALLE,Extended,Housing,Industrials,Capital Goods,Adj,Dec,EPS,CY2027,9.292,9.684,+4.2%,9.484,-2.1%,9.545,+0.6%,133.57,14.0,+2.7%,-16.1%,-7.1%,-2.4%
ALLE,Extended,Housing,Industrials,Capital Goods,Adj,Dec,EPS,CY2028,10.333,11.117,+7.6%,10.258,-7.7%,10.383,+1.2%,133.57,12.9,+0.5%,-16.1%,-7.1%,-2.4%
FDX,Extended,Transportation,Industrials,Transportation,Adj,May,EPS,CY2025,18.026,17.973,-0.3%,17.973,+0.0%,17.973,+0.0%,326.2,18.1,-0.3%,+40.2%,+13.8%,+81.4%
FDX,Extended,Transportation,Industrials,Transportation,Adj,May,EPS,CY2026,19.641,18.51,-5.8%,19.467,+5.2%,19.848,+2.0%,326.2,16.4,+1.1%,+40.2%,+13.8%,+81.4%
FDX,Extended,Transportation,Industrials,Transportation,Adj,May,EPS,CY2027,22.065,21.153,-4.1%,22.24,+5.1%,21.684,-2.5%,326.2,15.0,-1.7%,+40.2%,+13.8%,+81.4%
FDX,Extended,Transportation,Industrials,Transportation,Adj,May,EPS,CY2028,24.503,23.464,-4.2%,25.464,+8.5%,24.679,-3.1%,326.2,13.2,+0.7%,+40.2%,+13.8%,+81.4%
UPS,Extended,Transportation,Industrials,Transportation,Adj,Dec,EPS,CY2025,7.02,6.868,-2.2%,6.891,+0.3%,6.891,+0.0%,104.86,15.2,-1.8%,+5.7%,+8.6%,+5.7%
UPS,Extended,Transportation,Industrials,Transportation,Adj,Dec,EPS,CY2026,7.92,7.131,-10.0%,7.064,-0.9%,7.101,+0.5%,104.86,14.8,-10.3%,+5.7%,+8.6%,+5.7%
UPS,Extended,Transportation,Industrials,Transportation,Adj,Dec,EPS,CY2027,8.643,7.941,-8.1%,7.996,+0.7%,7.959,-0.5%,104.86,13.2,-7.9%,+5.7%,+8.6%,+5.7%
UPS,Extended,Transportation,Industrials,Transportation,Adj,Dec,EPS,CY2028,9.332,8.615,-7.7%,8.547,-0.8%,8.426,-1.4%,104.86,12.4,-9.7%,+5.7%,+8.6%,+5.7%
XPO,Extended,Transportation,Industrials,Transportation,Adj,Dec,EPS,CY2025,3.647,3.659,+0.3%,3.617,-1.1%,3.617,+0.0%,199.5,55.2,-0.8%,+46.8%,+6.5%,+65.4%
XPO,Extended,Transportation,Industrials,Transportation,Adj,Dec,EPS,CY2026,4.644,4.46,-4.0%,4.47,+0.2%,4.897,+9.6%,199.5,40.7,+5.4%,+46.8%,+6.5%,+65.4%
XPO,Extended,Transportation,Industrials,Transportation,Adj,Dec,EPS,CY2027,5.383,5.617,+4.3%,5.772,+2.8%,5.994,+3.8%,199.5,33.3,+11.4%,+46.8%,+6.5%,+65.4%
XPO,Extended,Transportation,Industrials,Transportation,Adj,Dec,EPS,CY2028,6.693,7.138,+6.6%,7.439,+4.2%,7.193,-3.3%,199.5,27.7,+7.5%,+46.8%,+6.5%,+65.4%
EXPD,Extended,Transportation,Industrials,Transportation,Adj,Dec,EPS,CY2025,5.339,5.848,+9.5%,5.912,+1.1%,5.912,+0.0%,161.32,27.3,+10.7%,+8.3%,+9.6%,+42.7%
EXPD,Extended,Transportation,Industrials,Transportation,Adj,Dec,EPS,CY2026,5.436,5.904,+8.6%,6.026,+2.1%,6.761,+12.2%,161.32,23.9,+24.4%,+8.3%,+9.6%,+42.7%
EXPD,Extended,Transportation,Industrials,Transportation,Adj,Dec,EPS,CY2027,,6.394,,6.488,+1.5%,6.83,+5.3%,161.32,23.6,,+8.3%,+9.6%,+42.7%
EXPD,Extended,Transportation,Industrials,Transportation,Adj,Dec,EPS,CY2028,,6.523,,7.006,+7.4%,7.121,+1.6%,161.32,22.7,,+8.3%,+9.6%,+42.7%
CHRW,Extended,Transportation,Industrials,Transportation,Adj,Dec,EPS,CY2025,4.729,4.979,+5.3%,4.981,+0.0%,4.981,+0.0%,185.04,37.1,+5.3%,+15.1%,+5.9%,+98.1%
CHRW,Extended,Transportation,Industrials,Transportation,Adj,Dec,EPS,CY2026,5.424,5.99,+10.4%,6.05,+1.0%,6.131,+1.3%,185.04,30.2,+13.0%,+15.1%,+5.9%,+98.1%
CHRW,Extended,Transportation,Industrials,Transportation,Adj,Dec,EPS,CY2027,5.654,6.837,+20.9%,7.123,+4.2%,7.305,+2.6%,185.04,25.3,+29.2%,+15.1%,+5.9%,+98.1%
CHRW,Extended,Transportation,Industrials,Transportation,Adj,Dec,EPS,CY2028,,7.422,,7.925,+6.8%,8.087,+2.0%,185.04,22.9,,+15.1%,+5.9%,+98.1%
KNX,Extended,Transportation,Industrials,Transportation,Adj,Dec,EPS,CY2025,1.506,1.33,-11.7%,1.292,-2.9%,1.292,+0.0%,74.15,57.4,-14.2%,+41.8%,+38.9%,+73.1%
KNX,Extended,Transportation,Industrials,Transportation,Adj,Dec,EPS,CY2026,2.498,2.029,-18.8%,1.92,-5.4%,1.912,-0.4%,74.15,38.8,-23.5%,+41.8%,+38.9%,+73.1%
KNX,Extended,Transportation,Industrials,Transportation,Adj,Dec,EPS,CY2027,3.867,3.079,-20.4%,3.012,-2.2%,3.5,+16.2%,74.15,21.2,-9.5%,+41.8%,+38.9%,+73.1%
KNX,Extended,Transportation,Industrials,Transportation,Adj,Dec,EPS,CY2028,,4.203,,4.171,-0.8%,4.519,+8.3%,74.15,16.4,,+41.8%,+38.9%,+73.1%
JBHT,Extended,Transportation,Industrials,Transportation,Adj,Dec,EPS,CY2025,5.646,5.998,+6.2%,6.03,+0.5%,6.03,+0.0%,271.22,45.0,+6.8%,+39.6%,+35.5%,+95.1%
JBHT,Extended,Transportation,Industrials,Transportation,Adj,Dec,EPS,CY2026,7.01,7.054,+0.6%,7.197,+2.0%,7.359,+2.3%,271.22,36.9,+5.0%,+39.6%,+35.5%,+95.1%
JBHT,Extended,Transportation,Industrials,Transportation,Adj,Dec,EPS,CY2027,8.387,8.482,+1.1%,8.815,+3.9%,9.16,+3.9%,271.22,29.6,+9.2%,+39.6%,+35.5%,+95.1%
JBHT,Extended,Transportation,Industrials,Transportation,Adj,Dec,EPS,CY2028,,9.714,,9.723,+0.1%,10.485,+7.8%,271.22,25.9,,+39.6%,+35.5%,+95.1%
WERN,Extended,Transportation,Industrials,Transportation,Adj,Dec,EPS,CY2025,0.352,0.06,-83.0%,0.08,+33.3%,0.08,+0.0%,40.69,508.6,-77.3%,+35.6%,+49.8%,+45.4%
WERN,Extended,Transportation,Industrials,Transportation,Adj,Dec,EPS,CY2026,1.329,0.783,-41.1%,0.779,-0.5%,0.951,+22.1%,40.69,42.8,-28.4%,+35.6%,+49.8%,+45.4%
WERN,Extended,Transportation,Industrials,Transportation,Adj,Dec,EPS,CY2027,,1.617,,1.781,+10.1%,1.978,+11.1%,40.69,20.6,,+35.6%,+49.8%,+45.4%
WERN,Extended,Transportation,Industrials,Transportation,Adj,Dec,EPS,CY2028,,2.935,,2.962,+0.9%,2.936,-0.9%,40.69,13.9,,+35.6%,+49.8%,+45.4%
NOVOB,Extended,Pharma / Med Devices,Health Care,"Pharmaceuticals, Biotechnology",GAAP,Dec,EPS,CY2025,26.345,23.375,-11.3%,23.284,-0.4%,23.284,+0.0%,292.95,12.6,-11.6%,-9.9%,+23.1%,-40.0%
NOVOB,Extended,Pharma / Med Devices,Health Care,"Pharmaceuticals, Biotechnology",GAAP,Dec,EPS,CY2026,30.907,22.426,-27.4%,21.114,-5.9%,21.744,+3.0%,292.95,13.5,-29.6%,-9.9%,+23.1%,-40.0%
NOVOB,Extended,Pharma / Med Devices,Health Care,"Pharmaceuticals, Biotechnology",GAAP,Dec,EPS,CY2027,34.766,23.71,-31.8%,21.332,-10.0%,21.492,+0.8%,292.95,13.6,-38.2%,-9.9%,+23.1%,-40.0%
NOVOB,Extended,Pharma / Med Devices,Health Care,"Pharmaceuticals, Biotechnology",GAAP,Dec,EPS,CY2028,39.155,26.279,-32.9%,23.316,-11.3%,23.178,-0.6%,292.95,12.6,-40.8%,-9.9%,+23.1%,-40.0%
BIIB,Extended,Pharma / Med Devices,Health Care,"Pharmaceuticals, Biotechnology",Adj,Dec,EPS,CY2025,14.898,14.888,-0.1%,14.874,-0.1%,14.874,+0.0%,196.58,13.2,-0.2%,+11.7%,+7.2%,+55.4%
BIIB,Extended,Pharma / Med Devices,Health Care,"Pharmaceuticals, Biotechnology",Adj,Dec,EPS,CY2026,15.444,15.3,-0.9%,15.786,+3.2%,14.439,-8.5%,196.58,13.6,-6.5%,+11.7%,+7.2%,+55.4%
BIIB,Extended,Pharma / Med Devices,Health Care,"Pharmaceuticals, Biotechnology",Adj,Dec,EPS,CY2027,16.042,15.682,-2.2%,16.157,+3.0%,16.233,+0.5%,196.58,12.1,+1.2%,+11.7%,+7.2%,+55.4%
BIIB,Extended,Pharma / Med Devices,Health Care,"Pharmaceuticals, Biotechnology",Adj,Dec,EPS,CY2028,16.745,16.26,-2.9%,16.904,+4.0%,17.802,+5.3%,196.58,11.0,+6.3%,+11.7%,+7.2%,+55.4%
REGN,Extended,Pharma / Med Devices,Health Care,"Pharmaceuticals, Biotechnology",Adj,Dec,EPS,CY2025,35.486,43.428,+22.4%,43.529,+0.2%,43.529,+0.0%,609.94,14.0,+22.7%,-21.0%,-17.3%,+18.8%
REGN,Extended,Pharma / Med Devices,Health Care,"Pharmaceuticals, Biotechnology",Adj,Dec,EPS,CY2026,39.666,44.028,+11.0%,46.327,+5.2%,46.293,-0.1%,609.94,13.2,+16.7%,-21.0%,-17.3%,+18.8%
REGN,Extended,Pharma / Med Devices,Health Care,"Pharmaceuticals, Biotechnology",Adj,Dec,EPS,CY2027,47.606,51.792,+8.8%,52.41,+1.2%,53.371,+1.8%,609.94,11.4,+12.1%,-21.0%,-17.3%,+18.8%
REGN,Extended,Pharma / Med Devices,Health Care,"Pharmaceuticals, Biotechnology",Adj,Dec,EPS,CY2028,52.141,56.971,+9.3%,60.243,+5.7%,60.837,+1.0%,609.94,10.0,+16.7%,-21.0%,-17.3%,+18.8%
VRTX,Extended,Pharma / Med Devices,Health Care,"Pharmaceuticals, Biotechnology",Adj,Dec,EPS,CY2025,17.885,18.183,+1.7%,18.293,+0.6%,18.293,+0.0%,451.63,24.7,+2.3%,-0.4%,-1.4%,+0.7%
VRTX,Extended,Pharma / Med Devices,Health Care,"Pharmaceuticals, Biotechnology",Adj,Dec,EPS,CY2026,19.833,19.599,-1.2%,19.12,-2.4%,19.142,+0.1%,451.63,23.6,-3.5%,-0.4%,-1.4%,+0.7%
VRTX,Extended,Pharma / Med Devices,Health Care,"Pharmaceuticals, Biotechnology",Adj,Dec,EPS,CY2027,22.298,22.12,-0.8%,21.68,-2.0%,21.309,-1.7%,451.63,21.2,-4.4%,-0.4%,-1.4%,+0.7%
VRTX,Extended,Pharma / Med Devices,Health Care,"Pharmaceuticals, Biotechnology",Adj,Dec,EPS,CY2028,25.091,24.489,-2.4%,24.417,-0.3%,24.374,-0.2%,451.63,18.5,-2.9%,-0.4%,-1.4%,+0.7%
MRK,Extended,Pharma / Med Devices,Health Care,"Pharmaceuticals, Biotechnology",GAAP,Dec,EPS,CY2025,8.268,8.044,-2.7%,8.076,+0.4%,8.076,+0.0%,113.87,14.1,-2.3%,+8.2%,-0.3%,+43.6%
MRK,Extended,Pharma / Med Devices,Health Care,"Pharmaceuticals, Biotechnology",GAAP,Dec,EPS,CY2026,9.216,7.489,-18.7%,4.321,-42.3%,3.336,-22.8%,113.87,34.1,-63.8%,+8.2%,-0.3%,+43.6%
MRK,Extended,Pharma / Med Devices,Health Care,"Pharmaceuticals, Biotechnology",GAAP,Dec,EPS,CY2027,10.171,9.252,-9.0%,8.745,-5.5%,8.314,-4.9%,113.87,13.7,-18.3%,+8.2%,-0.3%,+43.6%
MRK,Extended,Pharma / Med Devices,Health Care,"Pharmaceuticals, Biotechnology",GAAP,Dec,EPS,CY2028,10.057,9.95,-1.1%,9.619,-3.3%,9.279,-3.5%,113.87,12.3,-7.7%,+8.2%,-0.3%,+43.6%
JNJ,Extended,Pharma / Med Devices,Health Care,"Pharmaceuticals, Biotechnology",GAAP,Dec,EPS,CY2025,,10.788,,10.726,-0.6%,10.726,+0.0%,228.39,21.3,,+10.4%,-3.9%,+51.5%
JNJ,Extended,Pharma / Med Devices,Health Care,"Pharmaceuticals, Biotechnology",GAAP,Dec,EPS,CY2026,,10.683,,10.646,-0.3%,10.581,-0.6%,228.39,21.6,,+10.4%,-3.9%,+51.5%
JNJ,Extended,Pharma / Med Devices,Health Care,"Pharmaceuticals, Biotechnology",GAAP,Dec,EPS,CY2027,,11.197,,11.441,+2.2%,11.524,+0.7%,228.39,19.8,,+10.4%,-3.9%,+51.5%
JNJ,Extended,Pharma / Med Devices,Health Care,"Pharmaceuticals, Biotechnology",GAAP,Dec,EPS,CY2028,,12.213,,12.369,+1.3%,12.708,+2.7%,228.39,18.0,,+10.4%,-3.9%,+51.5%
ABT,Extended,Pharma / Med Devices,Health Care,Health Care Equipment & Servic,Adj,Dec,EPS,CY2025,5.156,5.152,-0.1%,5.152,+0.0%,5.152,+0.0%,88.41,17.2,-0.1%,-29.4%,-17.5%,-33.2%
ABT,Extended,Pharma / Med Devices,Health Care,Health Care Equipment & Servic,Adj,Dec,EPS,CY2026,5.681,5.683,+0.0%,5.678,-0.1%,5.479,-3.5%,88.41,16.1,-3.6%,-29.4%,-17.5%,-33.2%
ABT,Extended,Pharma / Med Devices,Health Care,Health Care Equipment & Servic,Adj,Dec,EPS,CY2027,6.273,6.263,-0.2%,6.246,-0.3%,6.06,-3.0%,88.41,14.6,-3.4%,-29.4%,-17.5%,-33.2%
ABT,Extended,Pharma / Med Devices,Health Care,Health Care Equipment & Servic,Adj,Dec,EPS,CY2028,6.882,6.824,-0.8%,6.82,-0.1%,6.732,-1.3%,88.41,13.1,-2.2%,-29.4%,-17.5%,-33.2%
PFE,Extended,Pharma / Med Devices,Health Care,"Pharmaceuticals, Biotechnology",Adj,Dec,EPS,CY2025,2.995,3.112,+3.9%,3.128,+0.5%,3.128,+0.0%,25.21,8.1,+4.4%,+1.2%,-8.0%,+5.6%
PFE,Extended,Pharma / Med Devices,Health Care,"Pharmaceuticals, Biotechnology",Adj,Dec,EPS,CY2026,3.08,3.002,-2.5%,2.96,-1.4%,2.966,+0.2%,25.21,8.5,-3.7%,+1.2%,-8.0%,+5.6%
PFE,Extended,Pharma / Med Devices,Health Care,"Pharmaceuticals, Biotechnology",Adj,Dec,EPS,CY2027,3.089,2.863,-7.3%,2.828,-1.2%,2.845,+0.6%,25.21,8.9,-7.9%,+1.2%,-8.0%,+5.6%
PFE,Extended,Pharma / Med Devices,Health Care,"Pharmaceuticals, Biotechnology",Adj,Dec,EPS,CY2028,2.813,2.504,-11.0%,2.453,-2.0%,2.407,-1.9%,25.21,10.5,-14.4%,+1.2%,-8.0%,+5.6%
GSK,Extended,Pharma / Med Devices,Health Care,"Pharmaceuticals, Biotechnology",Adj,Dec,EPS,CY2025,3.281,3.4,+3.6%,3.401,+0.0%,3.401,+0.0%,50.67,14.9,+3.7%,+3.3%,-3.2%,+31.1%
GSK,Extended,Pharma / Med Devices,Health Care,"Pharmaceuticals, Biotechnology",Adj,Dec,EPS,CY2026,3.599,3.678,+2.2%,3.581,-2.6%,3.578,-0.1%,50.67,14.2,-0.6%,+3.3%,-3.2%,+31.1%
GSK,Extended,Pharma / Med Devices,Health Care,"Pharmaceuticals, Biotechnology",Adj,Dec,EPS,CY2027,3.898,3.971,+1.9%,3.865,-2.7%,3.849,-0.4%,50.67,13.2,-1.3%,+3.3%,-3.2%,+31.1%
GSK,Extended,Pharma / Med Devices,Health Care,"Pharmaceuticals, Biotechnology",Adj,Dec,EPS,CY2028,4.07,4.217,+3.6%,4.08,-3.2%,4.014,-1.6%,50.67,12.6,-1.4%,+3.3%,-3.2%,+31.1%
BHC,Extended,Pharma / Med Devices,Health Care,"Pharmaceuticals, Biotechnology",Adj,Dec,EPS,CY2025,,3.857,,3.843,-0.4%,3.843,+0.0%,4.77,1.2,,-31.4%,-5.2%,-22.8%
BHC,Extended,Pharma / Med Devices,Health Care,"Pharmaceuticals, Biotechnology",Adj,Dec,EPS,CY2026,,4.18,,4.377,+4.7%,4.368,-0.2%,4.77,1.1,,-31.4%,-5.2%,-22.8%
BHC,Extended,Pharma / Med Devices,Health Care,"Pharmaceuticals, Biotechnology",Adj,Dec,EPS,CY2027,,3.78,,4.118,+8.9%,4.195,+1.9%,4.77,1.1,,-31.4%,-5.2%,-22.8%
BHC,Extended,Pharma / Med Devices,Health Care,"Pharmaceuticals, Biotechnology",Adj,Dec,EPS,CY2028,,3.184,,3.164,-0.6%,2.75,-13.1%,4.77,1.7,,-31.4%,-5.2%,-22.8%
TEVA,Extended,Pharma / Med Devices,Health Care,"Pharmaceuticals, Biotechnology",Adj,Dec,EPS,CY2025,2.555,2.621,+2.6%,2.607,-0.5%,2.607,+0.0%,31.48,12.1,+2.0%,+0.9%,+6.9%,+84.5%
TEVA,Extended,Pharma / Med Devices,Health Care,"Pharmaceuticals, Biotechnology",Adj,Dec,EPS,CY2026,2.749,2.754,+0.2%,2.711,-1.6%,2.216,-18.3%,31.48,14.2,-19.4%,+0.9%,+6.9%,+84.5%
TEVA,Extended,Pharma / Med Devices,Health Care,"Pharmaceuticals, Biotechnology",Adj,Dec,EPS,CY2027,3.054,3.126,+2.4%,3.089,-1.2%,3.089,+0.0%,31.48,10.2,+1.1%,+0.9%,+6.9%,+84.5%
TEVA,Extended,Pharma / Med Devices,Health Care,"Pharmaceuticals, Biotechnology",Adj,Dec,EPS,CY2028,3.24,3.304,+2.0%,3.444,+4.2%,3.435,-0.3%,31.48,9.2,+6.0%,+0.9%,+6.9%,+84.5%
BMY,Extended,Pharma / Med Devices,Health Care,"Pharmaceuticals, Biotechnology",Adj,Dec,EPS,CY2025,6.621,6.532,-1.3%,6.016,-7.9%,6.016,+0.0%,54.0,9.0,-9.1%,+0.1%,-7.1%,+15.3%
BMY,Extended,Pharma / Med Devices,Health Care,"Pharmaceuticals, Biotechnology",Adj,Dec,EPS,CY2026,5.986,6.031,+0.8%,6.254,+3.7%,6.313,+0.9%,54.0,8.6,+5.5%,+0.1%,-7.1%,+15.3%
BMY,Extended,Pharma / Med Devices,Health Care,"Pharmaceuticals, Biotechnology",Adj,Dec,EPS,CY2027,5.937,5.82,-2.0%,6.115,+5.1%,6.151,+0.6%,54.0,8.8,+3.6%,+0.1%,-7.1%,+15.3%
BMY,Extended,Pharma / Med Devices,Health Care,"Pharmaceuticals, Biotechnology",Adj,Dec,EPS,CY2028,5.479,5.388,-1.7%,5.404,+0.3%,5.363,-0.8%,54.0,10.1,-2.1%,+0.1%,-7.1%,+15.3%
ALGN,Extended,Pharma / Med Devices,Health Care,Health Care Equipment & Servic,Adj,Dec,EPS,CY2025,10.296,10.182,-1.1%,10.185,+0.0%,10.185,+0.0%,182.08,17.9,-1.1%,+16.6%,+3.3%,+1.1%
ALGN,Extended,Pharma / Med Devices,Health Care,Health Care Equipment & Servic,Adj,Dec,EPS,CY2026,11.243,10.917,-2.9%,11.293,+3.4%,11.232,-0.5%,182.08,16.2,-0.1%,+16.6%,+3.3%,+1.1%
ALGN,Extended,Pharma / Med Devices,Health Care,Health Care Equipment & Servic,Adj,Dec,EPS,CY2027,12.448,11.873,-4.6%,12.287,+3.5%,12.241,-0.4%,182.08,14.9,-1.7%,+16.6%,+3.3%,+1.1%
ALGN,Extended,Pharma / Med Devices,Health Care,Health Care Equipment & Servic,Adj,Dec,EPS,CY2028,13.693,12.946,-5.5%,13.522,+4.4%,13.634,+0.8%,182.08,13.4,-0.4%,+16.6%,+3.3%,+1.1%
ZBH,Extended,Pharma / Med Devices,Health Care,Health Care Equipment & Servic,Adj,Dec,EPS,CY2025,7.98,8.17,+2.4%,8.173,+0.0%,8.173,+0.0%,87.97,10.8,+2.4%,-2.2%,-2.1%,-2.8%
ZBH,Extended,Pharma / Med Devices,Health Care,Health Care Equipment & Servic,Adj,Dec,EPS,CY2026,8.347,8.509,+1.9%,8.399,-1.3%,8.479,+1.0%,87.97,10.4,+1.6%,-2.2%,-2.1%,-2.8%
ZBH,Extended,Pharma / Med Devices,Health Care,Health Care Equipment & Servic,Adj,Dec,EPS,CY2027,9.054,9.01,-0.5%,8.98,-0.3%,8.991,+0.1%,87.97,9.8,-0.7%,-2.2%,-2.1%,-2.8%
ZBH,Extended,Pharma / Med Devices,Health Care,Health Care Equipment & Servic,Adj,Dec,EPS,CY2028,9.686,9.735,+0.5%,9.493,-2.5%,9.606,+1.2%,87.97,9.2,-0.8%,-2.2%,-2.1%,-2.8%
XRAY,Extended,Pharma / Med Devices,Health Care,Health Care Equipment & Servic,Adj,Dec,EPS,CY2025,1.893,1.603,-15.3%,1.601,-0.1%,1.601,+0.0%,10.33,6.5,-15.4%,-9.6%,-8.3%,-32.9%
XRAY,Extended,Pharma / Med Devices,Health Care,Health Care Equipment & Servic,Adj,Dec,EPS,CY2026,2.045,1.549,-24.3%,1.432,-7.6%,1.421,-0.8%,10.33,7.3,-30.5%,-9.6%,-8.3%,-32.9%
XRAY,Extended,Pharma / Med Devices,Health Care,Health Care Equipment & Servic,Adj,Dec,EPS,CY2027,2.253,1.747,-22.5%,1.558,-10.8%,1.551,-0.4%,10.33,6.7,-31.2%,-9.6%,-8.3%,-32.9%
XRAY,Extended,Pharma / Med Devices,Health Care,Health Care Equipment & Servic,Adj,Dec,EPS,CY2028,,1.863,,1.727,-7.3%,1.712,-0.9%,10.33,6.0,,-9.6%,-8.3%,-32.9%
SYK,Extended,Pharma / Med Devices,Health Care,Health Care Equipment & Servic,Adj,Dec,EPS,CY2025,13.355,13.552,+1.5%,13.558,+0.0%,13.558,+0.0%,307.8,22.7,+1.5%,-12.4%,-9.4%,-17.5%
SYK,Extended,Pharma / Med Devices,Health Care,Health Care Equipment & Servic,Adj,Dec,EPS,CY2026,14.823,14.944,+0.8%,15.012,+0.5%,14.983,-0.2%,307.8,20.5,+1.1%,-12.4%,-9.4%,-17.5%
SYK,Extended,Pharma / Med Devices,Health Care,Health Care Equipment & Servic,Adj,Dec,EPS,CY2027,16.586,16.734,+0.9%,16.776,+0.3%,16.732,-0.3%,307.8,18.4,+0.9%,-12.4%,-9.4%,-17.5%
SYK,Extended,Pharma / Med Devices,Health Care,Health Care Equipment & Servic,Adj,Dec,EPS,CY2028,18.033,18.413,+2.1%,18.658,+1.3%,18.61,-0.3%,307.8,16.5,+3.2%,-12.4%,-9.4%,-17.5%
GILD,Extended,Pharma / Med Devices,Health Care,"Pharmaceuticals, Biotechnology",Adj,Dec,EPS,CY2025,8.012,8.166,+1.9%,8.089,-0.9%,8.089,+0.0%,123.76,15.3,+1.0%,+0.8%,-12.3%,+14.6%
GILD,Extended,Pharma / Med Devices,Health Care,"Pharmaceuticals, Biotechnology",Adj,Dec,EPS,CY2026,8.5,8.721,+2.6%,8.698,-0.3%,-0.831,-109.6%,123.76,-148.9,-109.8%,+0.8%,-12.3%,+14.6%
GILD,Extended,Pharma / Med Devices,Health Care,"Pharmaceuticals, Biotechnology",Adj,Dec,EPS,CY2027,9.127,9.349,+2.4%,9.637,+3.1%,9.607,-0.3%,123.76,12.9,+5.3%,+0.8%,-12.3%,+14.6%
GILD,Extended,Pharma / Med Devices,Health Care,"Pharmaceuticals, Biotechnology",Adj,Dec,EPS,CY2028,9.733,10.077,+3.5%,10.453,+3.7%,10.38,-0.7%,123.76,11.9,+6.6%,+0.8%,-12.3%,+14.6%
GRF,Extended,Pharma / Med Devices,Health Care,"Pharmaceuticals, Biotechnology",Adj,Dec,EPS,CY2025,0.832,0.743,-10.7%,0.736,-0.9%,0.736,+0.0%,9.102,12.4,-11.5%,-14.9%,+2.3%,-9.8%
GRF,Extended,Pharma / Med Devices,Health Care,"Pharmaceuticals, Biotechnology",Adj,Dec,EPS,CY2026,1.086,0.936,-13.8%,0.925,-1.2%,0.879,-5.0%,9.102,10.4,-19.1%,-14.9%,+2.3%,-9.8%
GRF,Extended,Pharma / Med Devices,Health Care,"Pharmaceuticals, Biotechnology",Adj,Dec,EPS,CY2027,1.274,1.214,-4.7%,1.178,-3.0%,1.122,-4.8%,9.102,8.1,-11.9%,-14.9%,+2.3%,-9.8%
GRF,Extended,Pharma / Med Devices,Health Care,"Pharmaceuticals, Biotechnology",Adj,Dec,EPS,CY2028,1.513,1.414,-6.5%,1.363,-3.6%,1.432,+5.1%,9.102,6.4,-5.4%,-14.9%,+2.3%,-9.8%
CSL,Extended,Pharma / Med Devices,Health Care,"Pharmaceuticals, Biotechnology",Adj,Jun,EPS,CY2025,6.524,6.534,+0.2%,6.534,+0.0%,6.534,+0.0%,116.32,17.8,+0.2%,-32.6%,-16.0%,-51.6%
CSL,Extended,Pharma / Med Devices,Health Care,"Pharmaceuticals, Biotechnology",Adj,Jun,EPS,CY2026,7.362,6.982,-5.2%,6.942,-0.6%,6.351,-8.5%,116.32,18.3,-13.7%,-32.6%,-16.0%,-51.6%
CSL,Extended,Pharma / Med Devices,Health Care,"Pharmaceuticals, Biotechnology",Adj,Jun,EPS,CY2027,8.48,7.58,-10.6%,7.439,-1.9%,6.413,-13.8%,116.32,18.1,-24.4%,-32.6%,-16.0%,-51.6%
CSL,Extended,Pharma / Med Devices,Health Care,"Pharmaceuticals, Biotechnology",Adj,Jun,EPS,CY2028,9.44,8.328,-11.8%,7.986,-4.1%,6.846,-14.3%,116.32,17.0,-27.5%,-32.6%,-16.0%,-51.6%
PRGO,Extended,Pharma / Med Devices,Health Care,"Pharmaceuticals, Biotechnology",Adj,Dec,EPS,CY2025,3.017,2.758,-8.6%,2.773,+0.5%,2.773,+0.0%,10.25,3.7,-8.1%,-26.4%,+6.2%,-61.1%
PRGO,Extended,Pharma / Med Devices,Health Care,"Pharmaceuticals, Biotechnology",Adj,Dec,EPS,CY2026,3.264,2.858,-12.4%,2.242,-21.6%,2.098,-6.4%,10.25,4.9,-35.7%,-26.4%,+6.2%,-61.1%
PRGO,Extended,Pharma / Med Devices,Health Care,"Pharmaceuticals, Biotechnology",Adj,Dec,EPS,CY2027,3.492,2.958,-15.3%,2.528,-14.5%,2.378,-5.9%,10.25,4.3,-31.9%,-26.4%,+6.2%,-61.1%
PRGO,Extended,Pharma / Med Devices,Health Care,"Pharmaceuticals, Biotechnology",Adj,Dec,EPS,CY2028,,3.06,,2.755,-10.0%,2.647,-3.9%,10.25,3.9,,-26.4%,+6.2%,-61.1%
DXCM,Extended,Pharma / Med Devices,Health Care,Health Care Equipment & Servic,Adj,Dec,EPS,CY2025,2.037,2.067,+1.5%,2.07,+0.1%,2.07,+0.0%,72.47,35.0,+1.6%,+9.2%,+7.7%,-10.5%
DXCM,Extended,Pharma / Med Devices,Health Care,Health Care Equipment & Servic,Adj,Dec,EPS,CY2026,2.475,2.46,-0.6%,2.489,+1.2%,2.58,+3.7%,72.47,28.1,+4.2%,+9.2%,+7.7%,-10.5%
DXCM,Extended,Pharma / Med Devices,Health Care,Health Care Equipment & Servic,Adj,Dec,EPS,CY2027,3.012,2.968,-1.5%,2.981,+0.4%,3.068,+2.9%,72.47,23.6,+1.9%,+9.2%,+7.7%,-10.5%
DXCM,Extended,Pharma / Med Devices,Health Care,Health Care Equipment & Servic,Adj,Dec,EPS,CY2028,3.612,3.587,-0.7%,3.54,-1.3%,3.484,-1.6%,72.47,20.8,-3.5%,+9.2%,+7.7%,-10.5%
PODD,Extended,Pharma / Med Devices,Health Care,Health Care Equipment & Servic,Adj,Dec,EPS,CY2025,4.291,4.714,+9.9%,4.77,+1.2%,4.77,+0.0%,145.76,30.6,+11.2%,-48.7%,-36.2%,-51.7%
PODD,Extended,Pharma / Med Devices,Health Care,Health Care Equipment & Servic,Adj,Dec,EPS,CY2026,5.392,6.196,+14.9%,6.306,+1.8%,6.453,+2.3%,145.76,22.6,+19.7%,-48.7%,-36.2%,-51.7%
PODD,Extended,Pharma / Med Devices,Health Care,Health Care Equipment & Servic,Adj,Dec,EPS,CY2027,6.681,7.831,+17.2%,8.037,+2.6%,7.983,-0.7%,145.76,18.3,+19.5%,-48.7%,-36.2%,-51.7%
PODD,Extended,Pharma / Med Devices,Health Care,Health Care Equipment & Servic,Adj,Dec,EPS,CY2028,7.858,9.727,+23.8%,10.044,+3.3%,10.07,+0.3%,145.76,14.5,+28.1%,-48.7%,-36.2%,-51.7%
MASI,Extended,Pharma / Med Devices,,,Adj,Dec,EPS,CY2025,5.012,5.484,+9.4%,5.33,-2.8%,5.33,+0.0%,179.95,33.8,+6.3%,+38.4%,+0.7%,+10.6%
MASI,Extended,Pharma / Med Devices,,,Adj,Dec,EPS,CY2026,5.464,5.761,+5.4%,5.874,+2.0%,5.857,-0.3%,179.95,30.7,+7.2%,+38.4%,+0.7%,+10.6%
MASI,Extended,Pharma / Med Devices,,,Adj,Dec,EPS,CY2027,6.238,6.519,+4.5%,6.496,-0.4%,6.527,+0.5%,179.95,27.6,+4.6%,+38.4%,+0.7%,+10.6%
MASI,Extended,Pharma / Med Devices,,,Adj,Dec,EPS,CY2028,,7.46,,7.46,+0.0%,7.46,+0.0%,179.95,24.1,,+38.4%,+0.7%,+10.6%
UTHR,Extended,Pharma / Med Devices,Health Care,"Pharmaceuticals, Biotechnology",Adj,Dec,EPS,CY2025,28.364,27.501,-3.0%,27.958,+1.7%,27.958,+0.0%,536.59,19.2,-1.4%,+10.1%,+1.8%,+83.9%
UTHR,Extended,Pharma / Med Devices,Health Care,"Pharmaceuticals, Biotechnology",Adj,Dec,EPS,CY2026,28.97,28.866,-0.4%,29.765,+3.1%,28.445,-4.4%,536.59,18.9,-1.8%,+10.1%,+1.8%,+83.9%
UTHR,Extended,Pharma / Med Devices,Health Care,"Pharmaceuticals, Biotechnology",Adj,Dec,EPS,CY2027,29.516,30.949,+4.9%,33.126,+7.0%,32.271,-2.6%,536.59,16.6,+9.3%,+10.1%,+1.8%,+83.9%
UTHR,Extended,Pharma / Med Devices,Health Care,"Pharmaceuticals, Biotechnology",Adj,Dec,EPS,CY2028,36.77,37.468,+1.9%,39.721,+6.0%,40.6,+2.2%,536.59,13.2,+10.4%,+10.1%,+1.8%,+83.9%
HOLX,Extended,Pharma / Med Devices,,,Adj,Sep,EPS,CY2025,4.182,4.239,+1.4%,4.239,+0.0%,4.239,+0.0%,,,+1.4%,,,
HOLX,Extended,Pharma / Med Devices,,,Adj,Sep,EPS,CY2026,4.507,4.551,+1.0%,4.436,-2.5%,4.473,+0.8%,,,-0.8%,,,
HOLX,Extended,Pharma / Med Devices,,,Adj,Sep,EPS,CY2027,4.979,5.015,+0.7%,4.855,-3.2%,4.86,+0.1%,,,-2.4%,,,
HOLX,Extended,Pharma / Med Devices,,,Adj,Sep,EPS,CY2028,5.417,5.43,+0.2%,5.297,-2.4%,5.323,+0.5%,,,-1.7%,,,
MDT,Extended,Pharma / Med Devices,Health Care,Health Care Equipment & Servic,Adj,Apr,EPS,CY2025,5.455,5.455,+0.0%,5.455,+0.0%,5.455,+0.0%,79.34,14.5,+0.0%,-17.4%,-8.7%,-7.5%
MDT,Extended,Pharma / Med Devices,Health Care,Health Care Equipment & Servic,Adj,Apr,EPS,CY2026,5.552,5.66,+1.9%,5.636,-0.4%,5.519,-2.1%,79.34,14.4,-0.6%,-17.4%,-8.7%,-7.5%
MDT,Extended,Pharma / Med Devices,Health Care,Health Care Equipment & Servic,Adj,Apr,EPS,CY2027,5.985,6.101,+1.9%,6.084,-0.3%,5.955,-2.1%,79.34,13.3,-0.5%,-17.4%,-8.7%,-7.5%
MDT,Extended,Pharma / Med Devices,Health Care,Health Care Equipment & Servic,Adj,Apr,EPS,CY2028,6.447,6.534,+1.3%,6.555,+0.3%,6.403,-2.3%,79.34,12.4,-0.7%,-17.4%,-8.7%,-7.5%
COO,Extended,Pharma / Med Devices,Health Care,Health Care Equipment & Servic,Adj,Oct,EPS,CY2025,4.07,4.095,+0.6%,4.095,+0.0%,4.095,+0.0%,65.91,16.1,+0.6%,-19.6%,-6.8%,-5.6%
COO,Extended,Pharma / Med Devices,Health Care,Health Care Equipment & Servic,Adj,Oct,EPS,CY2026,4.415,4.524,+2.5%,4.612,+1.9%,4.627,+0.3%,65.91,14.2,+4.8%,-19.6%,-6.8%,-5.6%
COO,Extended,Pharma / Med Devices,Health Care,Health Care Equipment & Servic,Adj,Oct,EPS,CY2027,4.838,4.942,+2.1%,5.017,+1.5%,5.004,-0.3%,65.91,13.2,+3.4%,-19.6%,-6.8%,-5.6%
COO,Extended,Pharma / Med Devices,Health Care,Health Care Equipment & Servic,Adj,Oct,EPS,CY2028,5.255,5.403,+2.8%,5.46,+1.1%,5.469,+0.2%,65.91,12.1,+4.1%,-19.6%,-6.8%,-5.6%
ELAN,Extended,Pharma / Med Devices,Health Care,"Pharmaceuticals, Biotechnology",Adj,Dec,EPS,CY2025,0.841,0.93,+10.6%,0.862,-7.3%,0.862,+0.0%,24.22,28.1,+2.5%,+7.0%,-3.6%,+81.7%
ELAN,Extended,Pharma / Med Devices,Health Care,"Pharmaceuticals, Biotechnology",Adj,Dec,EPS,CY2026,0.955,1.035,+8.4%,1.036,+0.1%,1.061,+2.4%,24.22,22.8,+11.1%,+7.0%,-3.6%,+81.7%
ELAN,Extended,Pharma / Med Devices,Health Care,"Pharmaceuticals, Biotechnology",Adj,Dec,EPS,CY2027,1.085,1.156,+6.5%,1.175,+1.6%,1.192,+1.4%,24.22,20.3,+9.9%,+7.0%,-3.6%,+81.7%
ELAN,Extended,Pharma / Med Devices,Health Care,"Pharmaceuticals, Biotechnology",Adj,Dec,EPS,CY2028,1.262,1.345,+6.6%,1.331,-1.0%,1.361,+2.3%,24.22,17.8,+7.8%,+7.0%,-3.6%,+81.7%
XOM,Extended,Energy,Energy,Energy,GAAP,Dec,EPS,CY2025,6.501,6.923,+6.5%,6.913,-0.1%,6.913,+0.0%,137.81,19.9,+6.3%,+14.5%,-12.9%,+21.8%
XOM,Extended,Energy,Energy,Energy,GAAP,Dec,EPS,CY2026,7.676,7.248,-5.6%,7.827,+8.0%,11.223,+43.4%,137.81,12.3,+46.2%,+14.5%,-12.9%,+21.8%
XOM,Extended,Energy,Energy,Energy,GAAP,Dec,EPS,CY2027,9.657,8.734,-9.6%,8.798,+0.7%,10.619,+20.7%,137.81,13.0,+10.0%,+14.5%,-12.9%,+21.8%
XOM,Extended,Energy,Energy,Energy,GAAP,Dec,EPS,CY2028,10.587,9.783,-7.6%,10.02,+2.4%,11.085,+10.6%,137.81,12.4,+4.7%,+14.5%,-12.9%,+21.8%
CVX,Extended,Energy,Energy,Energy,GAAP,Dec,EPS,CY2025,7.956,7.259,-8.8%,7.125,-1.8%,7.125,+0.0%,173.63,24.4,-10.4%,+13.9%,-13.8%,+17.2%
CVX,Extended,Energy,Energy,Energy,GAAP,Dec,EPS,CY2026,9.773,7.418,-24.1%,8.171,+10.2%,14.617,+78.9%,173.63,11.9,+49.6%,+13.9%,-13.8%,+17.2%
CVX,Extended,Energy,Energy,Energy,GAAP,Dec,EPS,CY2027,11.963,9.737,-18.6%,9.603,-1.4%,12.541,+30.6%,173.63,13.8,+4.8%,+13.9%,-13.8%,+17.2%
CVX,Extended,Energy,Energy,Energy,GAAP,Dec,EPS,CY2028,12.223,10.844,-11.3%,11.044,+1.8%,13.008,+17.8%,173.63,13.3,+6.4%,+13.9%,-13.8%,+17.2%
PSX,Extended,Energy,Energy,Energy,Adj,Dec,EPS,CY2025,4.864,6.493,+33.5%,6.149,-5.3%,6.149,+0.0%,166.14,27.0,+26.4%,+28.8%,-6.8%,+33.1%
PSX,Extended,Energy,Energy,Energy,Adj,Dec,EPS,CY2026,10.206,11.61,+13.8%,12.377,+6.6%,17.494,+41.3%,166.14,9.5,+71.4%,+28.8%,-6.8%,+33.1%
PSX,Extended,Energy,Energy,Energy,Adj,Dec,EPS,CY2027,11.683,12.042,+3.1%,13.139,+9.1%,17.151,+30.5%,166.14,9.7,+46.8%,+28.8%,-6.8%,+33.1%
PSX,Extended,Energy,Energy,Energy,Adj,Dec,EPS,CY2028,12.308,12.894,+4.8%,13.503,+4.7%,16.944,+25.5%,166.14,9.8,+37.7%,+28.8%,-6.8%,+33.1%
VLO,Extended,Energy,Energy,Energy,Adj,Dec,EPS,CY2025,6.627,9.938,+50.0%,10.083,+1.5%,10.083,+0.0%,236.3,23.4,+52.2%,+45.2%,-2.4%,+69.5%
VLO,Extended,Energy,Energy,Energy,Adj,Dec,EPS,CY2026,9.613,12.699,+32.1%,14.992,+18.1%,28.517,+90.2%,236.3,8.3,+196.7%,+45.2%,-2.4%,+69.5%
VLO,Extended,Energy,Energy,Energy,Adj,Dec,EPS,CY2027,11.51,12.639,+9.8%,14.299,+13.1%,22.223,+55.4%,236.3,10.6,+93.1%,+45.2%,-2.4%,+69.5%
VLO,Extended,Energy,Energy,Energy,Adj,Dec,EPS,CY2028,12.866,11.686,-9.2%,14.485,+24.0%,20.466,+41.3%,236.3,11.5,+59.1%,+45.2%,-2.4%,+69.5%
MPC,Extended,Energy,Energy,Energy,Adj,Dec,EPS,CY2025,7.995,10.278,+28.6%,9.713,-5.5%,9.713,+0.0%,242.91,25.0,+21.5%,+49.4%,+3.0%,+45.1%
MPC,Extended,Energy,Energy,Energy,Adj,Dec,EPS,CY2026,11.655,14.433,+23.8%,15.435,+6.9%,30.508,+97.7%,242.91,8.0,+161.8%,+49.4%,+3.0%,+45.1%
MPC,Extended,Energy,Energy,Energy,Adj,Dec,EPS,CY2027,13.427,13.512,+0.6%,14.794,+9.5%,25.246,+70.7%,242.91,9.6,+88.0%,+49.4%,+3.0%,+45.1%
MPC,Extended,Energy,Energy,Energy,Adj,Dec,EPS,CY2028,13.913,14.426,+3.7%,15.117,+4.8%,22.777,+50.7%,242.91,10.7,+63.7%,+49.4%,+3.0%,+45.1%
KMI,Extended,Energy,Energy,Energy,Adj,Dec,EPS,CY2025,1.262,1.277,+1.2%,1.276,-0.1%,1.276,+0.0%,31.59,24.8,+1.1%,+14.9%,-5.5%,+14.6%
KMI,Extended,Energy,Energy,Energy,Adj,Dec,EPS,CY2026,1.352,1.354,+0.1%,1.361,+0.5%,1.473,+8.2%,31.59,21.4,+8.9%,+14.9%,-5.5%,+14.6%
KMI,Extended,Energy,Energy,Energy,Adj,Dec,EPS,CY2027,1.449,1.462,+0.9%,1.451,-0.8%,1.51,+4.1%,31.59,20.9,+4.2%,+14.9%,-5.5%,+14.6%
KMI,Extended,Energy,Energy,Energy,Adj,Dec,EPS,CY2028,1.584,1.507,-4.9%,1.559,+3.5%,1.651,+5.9%,31.59,19.1,+4.2%,+14.9%,-5.5%,+14.6%
HAL,Extended,Energy,Energy,Energy,Adj,Dec,EPS,CY2025,2.353,2.267,-3.7%,2.265,-0.1%,2.265,+0.0%,34.93,15.4,-3.7%,+23.6%,-5.4%,+56.8%
HAL,Extended,Energy,Energy,Energy,Adj,Dec,EPS,CY2026,2.637,2.211,-16.2%,2.23,+0.9%,2.358,+5.7%,34.93,14.8,-10.6%,+23.6%,-5.4%,+56.8%
HAL,Extended,Energy,Energy,Energy,Adj,Dec,EPS,CY2027,2.962,2.625,-11.4%,2.704,+3.0%,2.906,+7.5%,34.93,12.0,-1.9%,+23.6%,-5.4%,+56.8%
HAL,Extended,Energy,Energy,Energy,Adj,Dec,EPS,CY2028,,3.039,,3.191,+5.0%,3.422,+7.2%,34.93,10.2,,+23.6%,-5.4%,+56.8%
LNG,Extended,Energy,Energy,Energy,Adj,Dec,EPS,CY2025,11.551,17.15,+48.5%,17.54,+2.3%,17.54,+0.0%,227.03,12.9,+51.8%,+16.8%,-19.5%,-3.4%
LNG,Extended,Energy,Energy,Energy,Adj,Dec,EPS,CY2026,14.257,14.399,+1.0%,14.675,+1.9%,5.722,-61.0%,227.03,39.7,-59.9%,+16.8%,-19.5%,-3.4%
LNG,Extended,Energy,Energy,Energy,Adj,Dec,EPS,CY2027,13.913,14.376,+3.3%,14.637,+1.8%,16.396,+12.0%,227.03,13.8,+17.8%,+16.8%,-19.5%,-3.4%
LNG,Extended,Energy,Energy,Energy,Adj,Dec,EPS,CY2028,14.316,15.121,+5.6%,14.313,-5.3%,15.428,+7.8%,227.03,14.7,+7.8%,+16.8%,-19.5%,-3.4%
OII,Extended,Energy,Energy,Energy,Adj,Dec,EPS,CY2025,1.635,1.83,+11.9%,1.743,-4.8%,1.743,+0.0%,36.06,20.7,+6.6%,+50.1%,+2.8%,+67.3%
OII,Extended,Energy,Energy,Energy,Adj,Dec,EPS,CY2026,1.698,1.795,+5.7%,1.808,+0.7%,1.832,+1.3%,36.06,19.7,+7.9%,+50.1%,+2.8%,+67.3%
OII,Extended,Energy,Energy,Energy,Adj,Dec,EPS,CY2027,1.903,2.123,+11.6%,2.092,-1.5%,2.205,+5.4%,36.06,16.4,+15.9%,+50.1%,+2.8%,+67.3%
OII,Extended,Energy,Energy,Energy,Adj,Dec,EPS,CY2028,,2.56,,2.43,-5.1%,2.765,+13.8%,36.06,13.0,,+50.1%,+2.8%,+67.3%
NOV,Extended,Energy,Energy,Energy,Adj,Dec,EPS,CY2025,1.155,0.948,-17.9%,0.937,-1.2%,0.937,+0.0%,18.66,19.9,-18.9%,+19.9%,+0.8%,+36.1%
NOV,Extended,Energy,Energy,Energy,Adj,Dec,EPS,CY2026,1.344,1.118,-16.8%,1.032,-7.7%,0.825,-20.1%,18.66,22.6,-38.6%,+19.9%,+0.8%,+36.1%
NOV,Extended,Energy,Energy,Energy,Adj,Dec,EPS,CY2027,1.479,1.348,-8.9%,1.279,-5.1%,1.317,+3.0%,18.66,14.2,-11.0%,+19.9%,+0.8%,+36.1%
NOV,Extended,Energy,Energy,Energy,Adj,Dec,EPS,CY2028,1.61,1.522,-5.5%,1.586,+4.2%,1.575,-0.7%,18.66,11.8,-2.2%,+19.9%,+0.8%,+36.1%
AR,Extended,Energy,Energy,Energy,Adj,Dec,EPS,CY2025,3.111,1.869,-39.9%,1.809,-3.2%,1.809,+0.0%,33.22,18.4,-41.9%,-3.6%,-23.3%,-22.8%
AR,Extended,Energy,Energy,Energy,Adj,Dec,EPS,CY2026,4.02,3.761,-6.4%,3.633,-3.4%,4.573,+25.9%,33.22,7.3,+13.8%,-3.6%,-23.3%,-22.8%
AR,Extended,Energy,Energy,Energy,Adj,Dec,EPS,CY2027,3.607,4.454,+23.5%,4.104,-7.9%,4.658,+13.5%,33.22,7.1,+29.1%,-3.6%,-23.3%,-22.8%
AR,Extended,Energy,Energy,Energy,Adj,Dec,EPS,CY2028,3.498,4.424,+26.5%,4.669,+5.5%,5.108,+9.4%,33.22,6.5,+46.0%,-3.6%,-23.3%,-22.8%
SLB,Extended,Energy,Energy,Energy,Adj,Dec,EPS,CY2025,3.14,2.869,-8.6%,2.866,-0.1%,2.866,+0.0%,48.09,16.8,-8.7%,+25.3%,+0.6%,+34.1%
SLB,Extended,Energy,Energy,Energy,Adj,Dec,EPS,CY2026,3.373,2.934,-13.0%,2.83,-3.5%,2.577,-8.9%,48.09,18.7,-23.6%,+25.3%,+0.6%,+34.1%
SLB,Extended,Energy,Energy,Energy,Adj,Dec,EPS,CY2027,3.794,3.336,-12.1%,3.342,+0.2%,3.32,-0.7%,48.09,14.5,-12.5%,+25.3%,+0.6%,+34.1%
SLB,Extended,Energy,Energy,Energy,Adj,Dec,EPS,CY2028,,3.723,,3.788,+1.7%,3.919,+3.5%,48.09,12.3,,+25.3%,+0.6%,+34.1%
CLB,Extended,Energy,Energy,Energy,Adj,Dec,EPS,CY2025,0.738,0.813,+10.2%,0.813,+0.0%,0.813,+0.0%,11.69,14.4,+10.2%,-27.1%,-26.8%,-7.1%
CLB,Extended,Energy,Energy,Energy,Adj,Dec,EPS,CY2026,0.823,0.83,+0.9%,0.77,-7.2%,0.528,-31.4%,11.69,22.1,-35.8%,-27.1%,-26.8%,-7.1%
CLB,Extended,Energy,Energy,Energy,Adj,Dec,EPS,CY2027,0.99,0.99,+0.0%,0.837,-15.5%,0.828,-1.1%,11.69,14.1,-16.4%,-27.1%,-26.8%,-7.1%
CLB,Extended,Energy,Energy,Energy,Adj,Dec,EPS,CY2028,,,,,,,,11.69,,,-27.1%,-26.8%,-7.1%
KO,Extended,Cons. staples,Consumer Staples,"Food, Beverage & Tobacco",GAAP,Dec,EPS,CY2025,2.968,2.989,+0.7%,2.99,+0.0%,2.99,+0.0%,79.39,26.6,+0.7%,+13.6%,+5.1%,+14.7%
KO,Extended,Cons. staples,Consumer Staples,"Food, Beverage & Tobacco",GAAP,Dec,EPS,CY2026,3.2,3.223,+0.7%,3.237,+0.4%,3.271,+1.1%,79.39,24.3,+2.2%,+13.6%,+5.1%,+14.7%
KO,Extended,Cons. staples,Consumer Staples,"Food, Beverage & Tobacco",GAAP,Dec,EPS,CY2027,3.448,3.439,-0.3%,3.464,+0.7%,3.48,+0.5%,79.39,22.8,+0.9%,+13.6%,+5.1%,+14.7%
KO,Extended,Cons. staples,Consumer Staples,"Food, Beverage & Tobacco",GAAP,Dec,EPS,CY2028,3.678,3.701,+0.6%,3.704,+0.1%,3.703,-0.0%,79.39,21.4,+0.7%,+13.6%,+5.1%,+14.7%
PEP,Extended,Cons. staples,Consumer Staples,"Food, Beverage & Tobacco",Adj,Dec,EPS,CY2025,7.891,8.117,+2.9%,8.114,-0.0%,8.114,+0.0%,142.02,17.5,+2.8%,-1.0%,-7.0%,+10.0%
PEP,Extended,Cons. staples,Consumer Staples,"Food, Beverage & Tobacco",Adj,Dec,EPS,CY2026,8.367,8.573,+2.5%,8.596,+0.3%,8.601,+0.1%,142.02,16.5,+2.8%,-1.0%,-7.0%,+10.0%
PEP,Extended,Cons. staples,Consumer Staples,"Food, Beverage & Tobacco",Adj,Dec,EPS,CY2027,8.919,9.1,+2.0%,9.162,+0.7%,9.1,-0.7%,142.02,15.6,+2.0%,-1.0%,-7.0%,+10.0%
PEP,Extended,Cons. staples,Consumer Staples,"Food, Beverage & Tobacco",Adj,Dec,EPS,CY2028,9.256,9.477,+2.4%,9.806,+3.5%,9.689,-1.2%,142.02,14.7,+4.7%,-1.0%,-7.0%,+10.0%
ABI,Extended,Cons. staples,Consumer Staples,"Food, Beverage & Tobacco",Adj,Dec,EPS,CY2025,3.677,3.699,+0.6%,3.672,-0.7%,3.672,+0.0%,69.98,19.1,-0.1%,+27.5%,+16.0%,+14.0%
ABI,Extended,Cons. staples,Consumer Staples,"Food, Beverage & Tobacco",Adj,Dec,EPS,CY2026,4.14,4.157,+0.4%,4.242,+2.0%,4.373,+3.1%,69.98,16.0,+5.6%,+27.5%,+16.0%,+14.0%
ABI,Extended,Cons. staples,Consumer Staples,"Food, Beverage & Tobacco",Adj,Dec,EPS,CY2027,4.671,4.704,+0.7%,4.802,+2.1%,4.806,+0.1%,69.98,14.6,+2.9%,+27.5%,+16.0%,+14.0%
ABI,Extended,Cons. staples,Consumer Staples,"Food, Beverage & Tobacco",Adj,Dec,EPS,CY2028,5.531,5.312,-4.0%,5.368,+1.1%,5.316,-1.0%,69.98,13.2,-3.9%,+27.5%,+16.0%,+14.0%
TAP,Extended,Cons. staples,Consumer Staples,"Food, Beverage & Tobacco",Adj,Dec,EPS,CY2025,6.037,5.392,-10.7%,5.36,-0.6%,5.36,+0.0%,39.4,7.4,-11.2%,-15.6%,-6.8%,-19.3%
TAP,Extended,Cons. staples,Consumer Staples,"Food, Beverage & Tobacco",Adj,Dec,EPS,CY2026,6.408,5.557,-13.3%,4.735,-14.8%,4.753,+0.4%,39.4,8.3,-25.8%,-15.6%,-6.8%,-19.3%
TAP,Extended,Cons. staples,Consumer Staples,"Food, Beverage & Tobacco",Adj,Dec,EPS,CY2027,6.758,5.785,-14.4%,5.055,-12.6%,4.942,-2.2%,39.4,8.0,-26.9%,-15.6%,-6.8%,-19.3%
TAP,Extended,Cons. staples,Consumer Staples,"Food, Beverage & Tobacco",Adj,Dec,EPS,CY2028,7.075,6.081,-14.0%,5.389,-11.4%,5.366,-0.4%,39.4,7.3,-24.2%,-15.6%,-6.8%,-19.3%
STZ,Extended,Cons. staples,Consumer Staples,"Food, Beverage & Tobacco",Adj,Feb,EPS,CY2025,12.725,11.481,-9.8%,11.615,+1.2%,11.638,+0.2%,141.18,12.1,-8.5%,+2.3%,-7.1%,-11.8%
STZ,Extended,Cons. staples,Consumer Staples,"Food, Beverage & Tobacco",Adj,Feb,EPS,CY2026,13.967,12.329,-11.7%,12.386,+0.5%,11.768,-5.0%,141.18,12.0,-15.7%,+2.3%,-7.1%,-11.8%
STZ,Extended,Cons. staples,Consumer Staples,"Food, Beverage & Tobacco",Adj,Feb,EPS,CY2027,14.7,12.982,-11.7%,13.023,+0.3%,12.333,-5.3%,141.18,11.4,-16.1%,+2.3%,-7.1%,-11.8%
STZ,Extended,Cons. staples,Consumer Staples,"Food, Beverage & Tobacco",Adj,Feb,EPS,CY2028,16.148,13.96,-13.5%,13.93,-0.2%,13.109,-5.9%,141.18,10.8,-18.8%,+2.3%,-7.1%,-11.8%
MNST,Extended,Cons. staples,Consumer Staples,"Food, Beverage & Tobacco",Adj,Dec,EPS,CY2025,1.857,1.982,+6.7%,1.998,+0.8%,1.998,+0.0%,91.34,45.7,+7.6%,+19.1%,+23.9%,+44.5%
MNST,Extended,Cons. staples,Consumer Staples,"Food, Beverage & Tobacco",Adj,Dec,EPS,CY2026,2.097,2.229,+6.3%,2.263,+1.5%,2.296,+1.5%,91.34,39.8,+9.5%,+19.1%,+23.9%,+44.5%
MNST,Extended,Cons. staples,Consumer Staples,"Food, Beverage & Tobacco",Adj,Dec,EPS,CY2027,2.274,2.482,+9.1%,2.544,+2.5%,2.589,+1.8%,91.34,35.3,+13.9%,+19.1%,+23.9%,+44.5%
MNST,Extended,Cons. staples,Consumer Staples,"Food, Beverage & Tobacco",Adj,Dec,EPS,CY2028,2.672,2.807,+5.1%,2.881,+2.6%,2.938,+2.0%,91.34,31.1,+10.0%,+19.1%,+23.9%,+44.5%
OR,Extended,Cons. staples,Consumer Staples,Household & Personal Products,GAAP,Dec,EPS,CY2025,12.617,12.437,-1.4%,12.461,+0.2%,12.461,+0.0%,380.1,30.5,-1.2%,+3.7%,+10.1%,+4.5%
OR,Extended,Cons. staples,Consumer Staples,Household & Personal Products,GAAP,Dec,EPS,CY2026,13.656,13.428,-1.7%,13.169,-1.9%,13.293,+0.9%,380.1,28.6,-2.7%,+3.7%,+10.1%,+4.5%
OR,Extended,Cons. staples,Consumer Staples,Household & Personal Products,GAAP,Dec,EPS,CY2027,14.77,14.506,-1.8%,14.348,-1.1%,14.493,+1.0%,380.1,26.2,-1.9%,+3.7%,+10.1%,+4.5%
OR,Extended,Cons. staples,Consumer Staples,Household & Personal Products,GAAP,Dec,EPS,CY2028,15.898,15.608,-1.8%,15.565,-0.3%,15.841,+1.8%,380.1,24.0,-0.4%,+3.7%,+10.1%,+4.5%
EL,Extended,Cons. staples,Consumer Staples,Household & Personal Products,Adj,Jun,EPS,CY2025,1.472,1.478,+0.4%,1.478,+0.0%,1.478,+0.0%,84.81,57.4,+0.4%,-19.0%,-0.9%,+13.5%
EL,Extended,Cons. staples,Consumer Staples,Household & Personal Products,Adj,Jun,EPS,CY2026,2.227,2.161,-3.0%,2.228,+3.1%,2.424,+8.8%,84.81,35.0,+8.8%,-19.0%,-0.9%,+13.5%
EL,Extended,Cons. staples,Consumer Staples,Household & Personal Products,Adj,Jun,EPS,CY2027,2.988,2.994,+0.2%,3.031,+1.2%,3.174,+4.7%,84.81,26.7,+6.2%,-19.0%,-0.9%,+13.5%
EL,Extended,Cons. staples,Consumer Staples,Household & Personal Products,Adj,Jun,EPS,CY2028,3.758,3.723,-0.9%,3.685,-1.0%,3.839,+4.2%,84.81,22.1,+2.2%,-19.0%,-0.9%,+13.5%
NESN,Extended,Cons. staples,Consumer Staples,"Food, Beverage & Tobacco",GAAP,Dec,EPS,CY2025,3.988,3.986,-0.1%,3.974,-0.3%,3.974,+0.0%,78.78,19.8,-0.4%,+0.1%,+2.8%,-4.5%
NESN,Extended,Cons. staples,Consumer Staples,"Food, Beverage & Tobacco",GAAP,Dec,EPS,CY2026,4.331,4.164,-3.9%,3.958,-4.9%,3.993,+0.9%,78.78,19.7,-7.8%,+0.1%,+2.8%,-4.5%
NESN,Extended,Cons. staples,Consumer Staples,"Food, Beverage & Tobacco",GAAP,Dec,EPS,CY2027,4.689,4.48,-4.5%,4.249,-5.2%,4.282,+0.8%,78.78,18.4,-8.7%,+0.1%,+2.8%,-4.5%
NESN,Extended,Cons. staples,Consumer Staples,"Food, Beverage & Tobacco",GAAP,Dec,EPS,CY2028,5.024,4.797,-4.5%,4.624,-3.6%,4.626,+0.0%,78.78,17.0,-7.9%,+0.1%,+2.8%,-4.5%
PG,Extended,Cons. staples,Consumer Staples,Household & Personal Products,GAAP,Jun,EPS,CY2025,6.539,6.431,-1.7%,6.431,+0.0%,6.431,+0.0%,150.38,23.4,-1.7%,+4.9%,+3.8%,-4.8%
PG,Extended,Cons. staples,Consumer Staples,Household & Personal Products,GAAP,Jun,EPS,CY2026,6.937,6.94,+0.0%,6.787,-2.2%,6.766,-0.3%,150.38,22.2,-2.5%,+4.9%,+3.8%,-4.8%
PG,Extended,Cons. staples,Consumer Staples,Household & Personal Products,GAAP,Jun,EPS,CY2027,7.371,7.273,-1.3%,7.198,-1.0%,7.02,-2.5%,150.38,21.4,-4.8%,+4.9%,+3.8%,-4.8%
PG,Extended,Cons. staples,Consumer Staples,Household & Personal Products,GAAP,Jun,EPS,CY2028,7.823,7.638,-2.4%,7.621,-0.2%,7.466,-2.0%,150.38,20.1,-4.6%,+4.9%,+3.8%,-4.8%
UNA,Extended,Cons. staples,Consumer Staples,Household & Personal Products,Adj,Dec,EPS,CY2025,3.334,3.055,-8.4%,3.009,-1.5%,3.009,+0.0%,50.41,16.8,-9.7%,-9.5%,-5.5%,-12.4%
UNA,Extended,Cons. staples,Consumer Staples,Household & Personal Products,Adj,Dec,EPS,CY2026,3.567,3.181,-10.8%,3.184,+0.1%,3.2,+0.5%,50.41,15.8,-10.3%,-9.5%,-5.5%,-12.4%
UNA,Extended,Cons. staples,Consumer Staples,Household & Personal Products,Adj,Dec,EPS,CY2027,3.787,3.361,-11.2%,3.376,+0.4%,3.345,-0.9%,50.41,15.1,-11.7%,-9.5%,-5.5%,-12.4%
UNA,Extended,Cons. staples,Consumer Staples,Household & Personal Products,Adj,Dec,EPS,CY2028,4.17,3.526,-15.4%,3.646,+3.4%,3.557,-2.4%,50.41,14.2,-14.7%,-9.5%,-5.5%,-12.4%
MDLZ,Extended,Cons. staples,Consumer Staples,"Food, Beverage & Tobacco",Adj,Dec,EPS,CY2025,3.015,2.895,-4.0%,2.892,-0.1%,2.892,+0.0%,60.12,20.8,-4.1%,+11.7%,+6.4%,-9.4%
MDLZ,Extended,Cons. staples,Consumer Staples,"Food, Beverage & Tobacco",Adj,Dec,EPS,CY2026,3.312,3.148,-5.0%,3.033,-3.7%,3.052,+0.6%,60.12,19.7,-7.9%,+11.7%,+6.4%,-9.4%
MDLZ,Extended,Cons. staples,Consumer Staples,"Food, Beverage & Tobacco",Adj,Dec,EPS,CY2027,3.629,3.451,-4.9%,3.377,-2.1%,3.383,+0.2%,60.12,17.8,-6.8%,+11.7%,+6.4%,-9.4%
MDLZ,Extended,Cons. staples,Consumer Staples,"Food, Beverage & Tobacco",Adj,Dec,EPS,CY2028,4.01,3.793,-5.4%,3.656,-3.6%,3.671,+0.4%,60.12,16.4,-8.5%,+11.7%,+6.4%,-9.4%
MKC,Extended,Cons. staples,Consumer Staples,"Food, Beverage & Tobacco",Adj,Nov,EPS,CY2025,3.031,3.023,-0.3%,3.018,-0.2%,3.018,+0.0%,46.64,15.5,-0.4%,-31.5%,-13.7%,-36.3%
MKC,Extended,Cons. staples,Consumer Staples,"Food, Beverage & Tobacco",Adj,Nov,EPS,CY2026,3.297,3.204,-2.8%,3.091,-3.5%,3.091,+0.0%,46.64,15.1,-6.2%,-31.5%,-13.7%,-36.3%
MKC,Extended,Cons. staples,Consumer Staples,"Food, Beverage & Tobacco",Adj,Nov,EPS,CY2027,3.576,3.504,-2.0%,3.352,-4.3%,3.347,-0.1%,46.64,13.9,-6.4%,-31.5%,-13.7%,-36.3%
MKC,Extended,Cons. staples,Consumer Staples,"Food, Beverage & Tobacco",Adj,Nov,EPS,CY2028,3.998,3.916,-2.1%,3.69,-5.8%,3.62,-1.9%,46.64,12.9,-9.5%,-31.5%,-13.7%,-36.3%
GIS,Extended,Cons. staples,Consumer Staples,"Food, Beverage & Tobacco",Adj,May,EPS,CY2025,4.19,4.187,-0.1%,4.187,+0.0%,4.187,+0.0%,33.42,8.0,-0.1%,-28.1%,-10.9%,-36.9%
GIS,Extended,Cons. staples,Consumer Staples,"Food, Beverage & Tobacco",Adj,May,EPS,CY2026,4.004,3.651,-8.8%,3.441,-5.8%,3.406,-1.0%,33.42,9.8,-14.9%,-28.1%,-10.9%,-36.9%
GIS,Extended,Cons. staples,Consumer Staples,"Food, Beverage & Tobacco",Adj,May,EPS,CY2027,4.192,3.748,-10.6%,3.333,-11.1%,3.149,-5.5%,33.42,10.6,-24.9%,-28.1%,-10.9%,-36.9%
GIS,Extended,Cons. staples,Consumer Staples,"Food, Beverage & Tobacco",Adj,May,EPS,CY2028,4.625,3.958,-14.4%,3.462,-12.5%,3.294,-4.9%,33.42,10.1,-28.8%,-28.1%,-10.9%,-36.9%
CPB,Extended,Cons. staples,Consumer Staples,"Food, Beverage & Tobacco",Adj,Jul,EPS,CY2025,2.932,2.929,-0.1%,2.929,+0.0%,2.929,+0.0%,21.15,7.2,-0.1%,-24.1%,+0.6%,-33.6%
CPB,Extended,Cons. staples,Consumer Staples,"Food, Beverage & Tobacco",Adj,Jul,EPS,CY2026,2.83,2.442,-13.7%,2.243,-8.1%,2.174,-3.1%,21.15,9.7,-23.2%,-24.1%,+0.6%,-33.6%
CPB,Extended,Cons. staples,Consumer Staples,"Food, Beverage & Tobacco",Adj,Jul,EPS,CY2027,2.991,2.604,-12.9%,2.337,-10.3%,1.956,-16.3%,21.15,10.8,-34.6%,-24.1%,+0.6%,-33.6%
CPB,Extended,Cons. staples,Consumer Staples,"Food, Beverage & Tobacco",Adj,Jul,EPS,CY2028,3.379,2.805,-17.0%,2.499,-10.9%,2.154,-13.8%,21.15,9.8,-36.3%,-24.1%,+0.6%,-33.6%
HSY,Extended,Cons. staples,Consumer Staples,"Food, Beverage & Tobacco",Adj,Dec,EPS,CY2025,5.955,5.987,+0.5%,6.0,+0.2%,6.0,+0.0%,172.63,28.8,+0.8%,-5.1%,-18.0%,+1.7%
HSY,Extended,Cons. staples,Consumer Staples,"Food, Beverage & Tobacco",Adj,Dec,EPS,CY2026,6.354,6.84,+7.6%,8.423,+23.1%,8.486,+0.7%,172.63,20.3,+33.6%,-5.1%,-18.0%,+1.7%
HSY,Extended,Cons. staples,Consumer Staples,"Food, Beverage & Tobacco",Adj,Dec,EPS,CY2027,7.256,8.01,+10.4%,9.841,+22.9%,9.963,+1.2%,172.63,17.3,+37.3%,-5.1%,-18.0%,+1.7%
HSY,Extended,Cons. staples,Consumer Staples,"Food, Beverage & Tobacco",Adj,Dec,EPS,CY2028,8.9,8.961,+0.7%,10.754,+20.0%,10.747,-0.1%,172.63,16.1,+20.8%,-5.1%,-18.0%,+1.7%
ENR,Extended,Cons. staples,Consumer Staples,Household & Personal Products,Adj,Sep,EPS,CY2025,3.375,3.593,+6.5%,3.593,+0.0%,3.593,+0.0%,21.52,6.0,+6.5%,+8.2%,+27.6%,+7.7%
ENR,Extended,Cons. staples,Consumer Staples,Household & Personal Products,Adj,Sep,EPS,CY2026,3.546,3.386,-4.5%,3.436,+1.5%,3.509,+2.1%,21.52,6.1,-1.0%,+8.2%,+27.6%,+7.7%
ENR,Extended,Cons. staples,Consumer Staples,Household & Personal Products,Adj,Sep,EPS,CY2027,3.769,3.797,+0.7%,4.061,+7.0%,3.601,-11.3%,21.52,6.0,-4.5%,+8.2%,+27.6%,+7.7%
ENR,Extended,Cons. staples,Consumer Staples,Household & Personal Products,Adj,Sep,EPS,CY2028,3.87,4.01,+3.6%,3.941,-1.7%,3.779,-4.1%,21.52,5.7,-2.4%,+8.2%,+27.6%,+7.7%
NWL,Extended,Cons. staples,Consumer Discretionary,Consumer Durables & Apparel,Adj,Dec,EPS,CY2025,0.686,0.569,-17.1%,0.576,+1.2%,0.576,+0.0%,4.92,8.5,-16.0%,+32.3%,+39.0%,-9.6%
NWL,Extended,Cons. staples,Consumer Discretionary,Consumer Durables & Apparel,Adj,Dec,EPS,CY2026,0.751,0.589,-21.6%,0.563,-4.4%,0.577,+2.5%,4.92,8.5,-23.2%,+32.3%,+39.0%,-9.6%
NWL,Extended,Cons. staples,Consumer Discretionary,Consumer Durables & Apparel,Adj,Dec,EPS,CY2027,,0.678,,0.674,-0.6%,0.668,-0.9%,4.92,7.4,,+32.3%,+39.0%,-9.6%
NWL,Extended,Cons. staples,Consumer Discretionary,Consumer Durables & Apparel,Adj,Dec,EPS,CY2028,,0.81,,0.784,-3.2%,0.768,-2.0%,4.92,6.4,,+32.3%,+39.0%,-9.6%
HRL,Extended,Cons. staples,Consumer Staples,"Food, Beverage & Tobacco",Adj,Oct,EPS,CY2025,1.586,1.364,-14.0%,1.364,+0.0%,1.364,+0.0%,24.16,17.7,-14.0%,+1.9%,+8.0%,-19.9%
HRL,Extended,Cons. staples,Consumer Staples,"Food, Beverage & Tobacco",Adj,Oct,EPS,CY2026,1.784,1.453,-18.6%,1.455,+0.1%,1.48,+1.7%,24.16,16.3,-17.0%,+1.9%,+8.0%,-19.9%
HRL,Extended,Cons. staples,Consumer Staples,"Food, Beverage & Tobacco",Adj,Oct,EPS,CY2027,1.91,1.567,-18.0%,1.565,-0.1%,1.559,-0.4%,24.16,15.5,-18.4%,+1.9%,+8.0%,-19.9%
HRL,Extended,Cons. staples,Consumer Staples,"Food, Beverage & Tobacco",Adj,Oct,EPS,CY2028,2.135,1.653,-22.6%,1.667,+0.8%,1.653,-0.8%,24.16,14.6,-22.6%,+1.9%,+8.0%,-19.9%
HLF,Extended,Cons. staples,Consumer Staples,Household & Personal Products,Adj,Dec,EPS,CY2025,1.99,2.065,+3.8%,2.032,-1.6%,2.032,+0.0%,11.9,5.9,+2.1%,-7.7%,-20.1%,+47.1%
HLF,Extended,Cons. staples,Consumer Staples,Household & Personal Products,Adj,Dec,EPS,CY2026,2.458,2.65,+7.8%,2.538,-4.2%,2.578,+1.6%,11.9,4.6,+4.9%,-7.7%,-20.1%,+47.1%
HLF,Extended,Cons. staples,Consumer Staples,Household & Personal Products,Adj,Dec,EPS,CY2027,,3.32,,3.033,-8.6%,3.052,+0.6%,11.9,3.9,,-7.7%,-20.1%,+47.1%
HLF,Extended,Cons. staples,Consumer Staples,Household & Personal Products,Adj,Dec,EPS,CY2028,,3.39,,3.39,+0.0%,4.095,+20.8%,11.9,2.9,,-7.7%,-20.1%,+47.1%
IFF,Extended,Cons. staples,Materials,Materials,Adj,Dec,EPS,CY2025,4.238,4.251,+0.3%,4.245,-0.1%,4.245,+0.0%,76.72,18.1,+0.2%,+13.8%,+12.6%,+2.4%
IFF,Extended,Cons. staples,Materials,Materials,Adj,Dec,EPS,CY2026,4.549,4.441,-2.4%,4.436,-0.1%,4.448,+0.3%,76.72,17.2,-2.2%,+13.8%,+12.6%,+2.4%
IFF,Extended,Cons. staples,Materials,Materials,Adj,Dec,EPS,CY2027,4.862,4.811,-1.0%,4.818,+0.1%,4.796,-0.5%,76.72,16.0,-1.4%,+13.8%,+12.6%,+2.4%
IFF,Extended,Cons. staples,Materials,Materials,Adj,Dec,EPS,CY2028,5.2,5.173,-0.5%,5.193,+0.4%,5.176,-0.3%,76.72,14.8,-0.5%,+13.8%,+12.6%,+2.4%
KHC,Extended,Cons. staples,Consumer Staples,"Food, Beverage & Tobacco",Adj,Dec,EPS,CY2025,2.59,2.532,-2.2%,2.53,-0.1%,2.53,+0.0%,22.82,9.0,-2.3%,-5.9%,+4.9%,-11.1%
KHC,Extended,Cons. staples,Consumer Staples,"Food, Beverage & Tobacco",Adj,Dec,EPS,CY2026,2.673,2.512,-6.0%,2.063,-17.9%,2.06,-0.1%,22.82,11.1,-22.9%,-5.9%,+4.9%,-11.1%
KHC,Extended,Cons. staples,Consumer Staples,"Food, Beverage & Tobacco",Adj,Dec,EPS,CY2027,2.808,2.605,-7.2%,2.148,-17.5%,2.093,-2.6%,22.82,10.9,-25.5%,-5.9%,+4.9%,-11.1%
KHC,Extended,Cons. staples,Consumer Staples,"Food, Beverage & Tobacco",Adj,Dec,EPS,CY2028,3.068,2.873,-6.4%,2.277,-20.7%,2.219,-2.5%,22.82,10.3,-27.7%,-5.9%,+4.9%,-11.1%
BATS,Extended,Cons. staples,Consumer Staples,"Food, Beverage & Tobacco",Adj,Dec,EPS,CY2025,3.393,3.39,-0.1%,3.386,-0.1%,3.386,+0.0%,4337.0,12.8,-0.2%,+2.9%,-0.4%,+18.8%
BATS,Extended,Cons. staples,Consumer Staples,"Food, Beverage & Tobacco",Adj,Dec,EPS,CY2026,3.655,3.641,-0.4%,3.615,-0.7%,3.563,-1.4%,4337.0,12.2,-2.5%,+2.9%,-0.4%,+18.8%
BATS,Extended,Cons. staples,Consumer Staples,"Food, Beverage & Tobacco",Adj,Dec,EPS,CY2027,3.903,3.906,+0.1%,3.902,-0.1%,3.88,-0.6%,4337.0,11.2,-0.6%,+2.9%,-0.4%,+18.8%
BATS,Extended,Cons. staples,Consumer Staples,"Food, Beverage & Tobacco",Adj,Dec,EPS,CY2028,4.178,4.227,+1.2%,4.21,-0.4%,4.195,-0.4%,4337.0,10.3,+0.4%,+2.9%,-0.4%,+18.8%
POST,Extended,Cons. staples,Consumer Staples,"Food, Beverage & Tobacco",Adj,Sep,EPS,CY2025,6.577,7.048,+7.2%,7.048,+0.0%,7.048,+0.0%,88.41,12.5,+7.2%,-10.7%,-9.2%,-21.5%
POST,Extended,Cons. staples,Consumer Staples,"Food, Beverage & Tobacco",Adj,Sep,EPS,CY2026,7.67,6.944,-9.5%,7.393,+6.5%,7.714,+4.3%,88.41,11.5,+0.6%,-10.7%,-9.2%,-21.5%
POST,Extended,Cons. staples,Consumer Staples,"Food, Beverage & Tobacco",Adj,Sep,EPS,CY2027,8.53,8.264,-3.1%,8.324,+0.7%,8.677,+4.2%,88.41,10.2,+1.7%,-10.7%,-9.2%,-21.5%
POST,Extended,Cons. staples,Consumer Staples,"Food, Beverage & Tobacco",Adj,Sep,EPS,CY2028,10.385,9.656,-7.0%,9.577,-0.8%,10.245,+7.0%,88.41,8.6,-1.3%,-10.7%,-9.2%,-21.5%
DGE,Extended,Cons. staples,Consumer Staples,"Food, Beverage & Tobacco",Adj,Jun,EPS,CY2025,1.616,1.609,-0.4%,1.609,+0.0%,1.609,+0.0%,1530.0,9.5,-0.4%,-4.6%,+9.1%,-19.3%
DGE,Extended,Cons. staples,Consumer Staples,"Food, Beverage & Tobacco",Adj,Jun,EPS,CY2026,1.706,1.625,-4.7%,1.602,-1.4%,1.597,-0.3%,1530.0,9.6,-6.4%,-4.6%,+9.1%,-19.3%
DGE,Extended,Cons. staples,Consumer Staples,"Food, Beverage & Tobacco",Adj,Jun,EPS,CY2027,1.822,1.71,-6.1%,1.629,-4.7%,1.634,+0.3%,1530.0,9.4,-10.3%,-4.6%,+9.1%,-19.3%
DGE,Extended,Cons. staples,Consumer Staples,"Food, Beverage & Tobacco",Adj,Jun,EPS,CY2028,1.98,1.82,-8.1%,1.746,-4.1%,1.744,-0.1%,1530.0,8.8,-11.9%,-4.6%,+9.1%,-19.3%
SGI,Extended,Bedding / furniture / household goods,Consumer Discretionary,Consumer Durables & Apparel,Adj,Dec,EPS,CY2025,2.48,2.69,+8.5%,2.693,+0.1%,2.693,+0.0%,75.1,27.9,+8.6%,-15.9%,+1.3%,+15.6%
SGI,Extended,Bedding / furniture / household goods,Consumer Discretionary,Consumer Durables & Apparel,Adj,Dec,EPS,CY2026,3.051,3.333,+9.2%,3.301,-1.0%,3.154,-4.5%,75.1,23.8,+3.4%,-15.9%,+1.3%,+15.6%
SGI,Extended,Bedding / furniture / household goods,Consumer Discretionary,Consumer Durables & Apparel,Adj,Dec,EPS,CY2027,3.593,4.034,+12.3%,4.092,+1.4%,3.906,-4.5%,75.1,19.2,+8.7%,-15.9%,+1.3%,+15.6%
SGI,Extended,Bedding / furniture / household goods,Consumer Discretionary,Consumer Durables & Apparel,Adj,Dec,EPS,CY2028,4.44,4.8,+8.1%,4.98,+3.8%,4.699,-5.6%,75.1,16.0,+5.8%,-15.9%,+1.3%,+15.6%
WSM,Extended,Bedding / furniture / household goods,Consumer Discretionary,Consumer Discretionary Distrib,Adj,Jan,EPS,CY2025,8.583,8.701,+1.4%,8.742,+0.5%,8.742,+0.0%,226.92,26.0,+1.9%,+27.1%,+24.3%,+41.4%
WSM,Extended,Bedding / furniture / household goods,Consumer Discretionary,Consumer Discretionary Distrib,Adj,Jan,EPS,CY2026,9.043,9.134,+1.0%,9.304,+1.9%,9.554,+2.7%,226.92,23.8,+5.7%,+27.1%,+24.3%,+41.4%
WSM,Extended,Bedding / furniture / household goods,Consumer Discretionary,Consumer Discretionary Distrib,Adj,Jan,EPS,CY2027,9.708,9.964,+2.6%,10.097,+1.3%,10.303,+2.0%,226.92,22.0,+6.1%,+27.1%,+24.3%,+41.4%
WSM,Extended,Bedding / furniture / household goods,Consumer Discretionary,Consumer Discretionary Distrib,Adj,Jan,EPS,CY2028,10.683,10.876,+1.8%,11.111,+2.2%,11.318,+1.9%,226.92,20.0,+5.9%,+27.1%,+24.3%,+41.4%
RH,Extended,Bedding / furniture / household goods,Consumer Discretionary,Consumer Discretionary Distrib,Adj,Jan,EPS,CY2025,10.47,7.08,-32.4%,7.078,-0.0%,7.069,-0.1%,148.09,20.9,-32.5%,-17.3%,+10.1%,-21.7%
RH,Extended,Bedding / furniture / household goods,Consumer Discretionary,Consumer Discretionary Distrib,Adj,Jan,EPS,CY2026,14.476,10.191,-29.6%,10.119,-0.7%,4.85,-52.1%,148.09,30.5,-66.5%,-17.3%,+10.1%,-21.7%
RH,Extended,Bedding / furniture / household goods,Consumer Discretionary,Consumer Discretionary Distrib,Adj,Jan,EPS,CY2027,18.646,14.115,-24.3%,13.903,-1.5%,9.255,-33.4%,148.09,16.0,-50.4%,-17.3%,+10.1%,-21.7%
RH,Extended,Bedding / furniture / household goods,Consumer Discretionary,Consumer Discretionary Distrib,Adj,Jan,EPS,CY2028,26.693,20.423,-23.5%,20.67,+1.2%,12.906,-37.6%,148.09,11.5,-51.7%,-17.3%,+10.1%,-21.7%
WHR,Extended,Bedding / furniture / household goods,Consumer Discretionary,Consumer Durables & Apparel,Adj,Dec,EPS,CY2025,8.929,6.67,-25.3%,6.664,-0.1%,6.664,+0.0%,38.86,5.8,-25.4%,-46.1%,-28.4%,-57.7%
WHR,Extended,Bedding / furniture / household goods,Consumer Discretionary,Consumer Durables & Apparel,Adj,Dec,EPS,CY2026,10.569,7.156,-32.3%,5.71,-20.2%,2.506,-56.1%,38.86,15.5,-76.3%,-46.1%,-28.4%,-57.7%
WHR,Extended,Bedding / furniture / household goods,Consumer Discretionary,Consumer Durables & Apparel,Adj,Dec,EPS,CY2027,12.55,9.188,-26.8%,6.911,-24.8%,4.398,-36.4%,38.86,8.8,-65.0%,-46.1%,-28.4%,-57.7%
WHR,Extended,Bedding / furniture / household goods,Consumer Discretionary,Consumer Durables & Apparel,Adj,Dec,EPS,CY2028,,,,8.748,,5.703,-34.8%,38.86,6.8,,-46.1%,-28.4%,-57.7%
SNBR,Extended,Bedding / furniture / household goods,Consumer Discretionary,Consumer Discretionary Distrib,Adj,Dec,EPS,CY2025,,-2.887,,-3.763,-30.3%,-3.763,+0.0%,0.2072,-0.1,,-97.6%,-92.7%,-97.1%
SNBR,Extended,Bedding / furniture / household goods,Consumer Discretionary,Consumer Discretionary Distrib,Adj,Dec,EPS,CY2026,,-1.05,,-0.482,+54.1%,-0.99,-105.4%,0.2072,-0.2,,-97.6%,-92.7%,-97.1%
SNBR,Extended,Bedding / furniture / household goods,Consumer Discretionary,Consumer Discretionary Distrib,Adj,Dec,EPS,CY2027,,-0.07,,0.341,+587.1%,0.205,-39.9%,0.2072,1.0,,-97.6%,-92.7%,-97.1%
SNBR,Extended,Bedding / furniture / household goods,Consumer Discretionary,Consumer Discretionary Distrib,Adj,Dec,EPS,CY2028,,0.07,,0.59,+742.9%,0.53,-10.2%,0.2072,0.4,,-97.6%,-92.7%,-97.1%
HVT,Extended,Bedding / furniture / household goods,Consumer Discretionary,Consumer Discretionary Distrib,Adj,Dec,EPS,CY2025,1.3,1.165,-10.4%,1.155,-0.9%,1.155,+0.0%,24.34,21.1,-11.2%,+4.2%,+15.2%,+20.2%
HVT,Extended,Bedding / furniture / household goods,Consumer Discretionary,Consumer Discretionary Distrib,Adj,Dec,EPS,CY2026,2.445,2.14,-12.5%,1.875,-12.4%,1.615,-13.9%,24.34,15.1,-33.9%,+4.2%,+15.2%,+20.2%
HVT,Extended,Bedding / furniture / household goods,Consumer Discretionary,Consumer Discretionary Distrib,Adj,Dec,EPS,CY2027,,3.19,,2.775,-13.0%,2.585,-6.8%,24.34,9.4,,+4.2%,+15.2%,+20.2%
HVT,Extended,Bedding / furniture / household goods,Consumer Discretionary,Consumer Discretionary Distrib,Adj,Dec,EPS,CY2028,,,,,,,,24.34,,,+4.2%,+15.2%,+20.2%
LEG,Extended,Bedding / furniture / household goods,Consumer Discretionary,Consumer Durables & Apparel,Adj,Dec,EPS,CY2025,1.11,1.05,-5.4%,1.048,-0.2%,1.048,+0.0%,10.99,10.5,-5.6%,-0.1%,+11.8%,+20.6%
LEG,Extended,Bedding / furniture / household goods,Consumer Discretionary,Consumer Durables & Apparel,Adj,Dec,EPS,CY2026,1.226,1.082,-11.7%,1.086,+0.4%,0.903,-16.9%,10.99,12.2,-26.3%,-0.1%,+11.8%,+20.6%
LEG,Extended,Bedding / furniture / household goods,Consumer Discretionary,Consumer Durables & Apparel,Adj,Dec,EPS,CY2027,1.335,1.168,-12.5%,1.19,+1.9%,1.024,-13.9%,10.99,10.7,-23.3%,-0.1%,+11.8%,+20.6%
LEG,Extended,Bedding / furniture / household goods,Consumer Discretionary,Consumer Durables & Apparel,Adj,Dec,EPS,CY2028,,1.37,,1.32,-3.6%,1.167,-11.6%,10.99,9.4,,-0.1%,+11.8%,+20.6%
CULP,Extended,Bedding / furniture / household goods,Consumer Discretionary,Consumer Durables & Apparel,Adj,Apr,EPS,CY2025,-0.98,-0.98,+0.0%,-0.98,+0.0%,-0.98,+0.0%,3.2,-3.3,+0.0%,-10.1%,+7.7%,-19.6%
CULP,Extended,Bedding / furniture / household goods,Consumer Discretionary,Consumer Durables & Apparel,Adj,Apr,EPS,CY2026,0.26,-0.52,-300.0%,-0.94,-80.8%,-0.94,+0.0%,3.2,-3.4,-461.5%,-10.1%,+7.7%,-19.6%
CULP,Extended,Bedding / furniture / household goods,Consumer Discretionary,Consumer Durables & Apparel,Adj,Apr,EPS,CY2027,,-0.002,,-0.15,-7400.0%,-0.15,+0.0%,3.2,-21.3,,-10.1%,+7.7%,-19.6%
CULP,Extended,Bedding / furniture / household goods,Consumer Discretionary,Consumer Durables & Apparel,Adj,Apr,EPS,CY2028,,,,,,,,3.2,,,-10.1%,+7.7%,-19.6%
AWI,Extended,Bedding / furniture / household goods,Industrials,Capital Goods,Adj,Dec,EPS,CY2025,6.933,7.478,+7.9%,7.478,+0.0%,7.478,+0.0%,157.88,21.1,+7.9%,-17.4%,-4.5%,+4.3%
AWI,Extended,Bedding / furniture / household goods,Industrials,Capital Goods,Adj,Dec,EPS,CY2026,7.794,8.434,+8.2%,8.3,-1.6%,8.306,+0.1%,157.88,19.0,+6.6%,-17.4%,-4.5%,+4.3%
AWI,Extended,Bedding / furniture / household goods,Industrials,Capital Goods,Adj,Dec,EPS,CY2027,8.738,9.433,+8.0%,9.272,-1.7%,9.384,+1.2%,157.88,16.8,+7.4%,-17.4%,-4.5%,+4.3%
AWI,Extended,Bedding / furniture / household goods,Industrials,Capital Goods,Adj,Dec,EPS,CY2028,,,,10.44,,10.417,-0.2%,157.88,15.2,,-17.4%,-4.5%,+4.3%
REZI,Extended,Bedding / furniture / household goods,Industrials,Capital Goods,Adj,Dec,EPS,CY2025,2.39,2.65,+10.9%,2.65,+0.0%,2.65,+0.0%,31.91,12.0,+10.9%,-9.1%,-5.1%,+52.2%
REZI,Extended,Bedding / furniture / household goods,Industrials,Capital Goods,Adj,Dec,EPS,CY2026,2.508,2.925,+16.6%,3.08,+5.3%,3.085,+0.2%,31.91,10.3,+23.0%,-9.1%,-5.1%,+52.2%
REZI,Extended,Bedding / furniture / household goods,Industrials,Capital Goods,Adj,Dec,EPS,CY2027,2.645,3.14,+18.7%,3.325,+5.9%,3.325,+0.0%,31.91,9.6,+25.7%,-9.1%,-5.1%,+52.2%
REZI,Extended,Bedding / furniture / household goods,Industrials,Capital Goods,Adj,Dec,EPS,CY2028,,,,3.57,,3.57,+0.0%,31.91,8.9,,-9.1%,-5.1%,+52.2%
INVH,Extended,Bedding / furniture / household goods,Real Estate,Equity Real Estate Investment,Adj,Dec,EPS,CY2025,0.918,0.916,-0.2%,0.893,-2.5%,0.893,+0.0%,28.41,31.8,-2.7%,+2.2%,+13.6%,-15.8%
INVH,Extended,Bedding / furniture / household goods,Real Estate,Equity Real Estate Investment,Adj,Dec,EPS,CY2026,0.914,0.869,-4.9%,0.789,-9.2%,0.769,-2.5%,28.41,36.9,-15.9%,+2.2%,+13.6%,-15.8%
INVH,Extended,Bedding / furniture / household goods,Real Estate,Equity Real Estate Investment,Adj,Dec,EPS,CY2027,0.885,0.83,-6.2%,0.744,-10.4%,0.729,-2.0%,28.41,39.0,-17.6%,+2.2%,+13.6%,-15.8%
INVH,Extended,Bedding / furniture / household goods,Real Estate,Equity Real Estate Investment,Adj,Dec,EPS,CY2028,0.936,0.824,-12.0%,0.767,-6.9%,0.737,-3.9%,28.41,38.5,-21.3%,+2.2%,+13.6%,-15.8%
AMH,Extended,Bedding / furniture / household goods,Real Estate,Equity Real Estate Investment,Adj,Dec,EPS,CY2025,0.927,1.023,+10.4%,1.05,+2.6%,1.05,+0.0%,31.71,30.2,+13.3%,-1.2%,+12.7%,-13.2%
AMH,Extended,Bedding / furniture / household goods,Real Estate,Equity Real Estate Investment,Adj,Dec,EPS,CY2026,1.005,0.817,-18.7%,0.926,+13.3%,0.973,+5.1%,31.71,32.6,-3.2%,-1.2%,+12.7%,-13.2%
AMH,Extended,Bedding / furniture / household goods,Real Estate,Equity Real Estate Investment,Adj,Dec,EPS,CY2027,0.838,0.788,-6.0%,0.936,+18.8%,0.861,-8.0%,31.71,36.8,+2.7%,-1.2%,+12.7%,-13.2%
AMH,Extended,Bedding / furniture / household goods,Real Estate,Equity Real Estate Investment,Adj,Dec,EPS,CY2028,0.913,0.625,-31.5%,0.72,+15.2%,0.75,+4.2%,31.71,42.3,-17.9%,-1.2%,+12.7%,-13.2%
HON,Extended,Industrial / Cyclical,Industrials,Capital Goods,Adj,Dec,EPS,CY2025,10.381,10.657,+2.7%,9.994,-6.2%,9.994,+0.0%,229.01,22.9,-3.7%,+17.4%,-0.0%,+9.6%
HON,Extended,Industrial / Cyclical,Industrials,Capital Goods,Adj,Dec,EPS,CY2026,11.309,10.59,-6.4%,10.51,-0.8%,10.531,+0.2%,229.01,21.7,-6.9%,+17.4%,-0.0%,+9.6%
HON,Extended,Industrial / Cyclical,Industrials,Capital Goods,Adj,Dec,EPS,CY2027,12.389,11.616,-6.2%,11.465,-1.3%,11.454,-0.1%,229.01,20.0,-7.5%,+17.4%,-0.0%,+9.6%
HON,Extended,Industrial / Cyclical,Industrials,Capital Goods,Adj,Dec,EPS,CY2028,13.22,12.788,-3.3%,12.607,-1.4%,12.548,-0.5%,229.01,18.3,-5.1%,+17.4%,-0.0%,+9.6%
GEV,Extended,Industrial / Cyclical,Industrials,Capital Goods,GAAP,Dec,EPS,CY2025,7.328,7.601,+3.7%,7.637,+0.5%,7.637,+0.0%,1109.73,145.3,+4.2%,+69.8%,+26.5%,+126.4%
GEV,Extended,Industrial / Cyclical,Industrials,Capital Goods,GAAP,Dec,EPS,CY2026,11.543,13.584,+17.7%,14.314,+5.4%,25.169,+75.8%,1109.73,44.1,+118.0%,+69.8%,+26.5%,+126.4%
GEV,Extended,Industrial / Cyclical,Industrials,Capital Goods,GAAP,Dec,EPS,CY2027,16.374,20.852,+27.3%,21.773,+4.4%,23.827,+9.4%,1109.73,46.6,+45.5%,+69.8%,+26.5%,+126.4%
GEV,Extended,Industrial / Cyclical,Industrials,Capital Goods,GAAP,Dec,EPS,CY2028,20.464,28.044,+37.0%,29.965,+6.8%,32.434,+8.2%,1109.73,34.2,+58.5%,+69.8%,+26.5%,+126.4%
ETN,Extended,Industrial / Cyclical,Industrials,Capital Goods,Adj,Dec,EPS,CY2025,12.016,12.092,+0.6%,12.063,-0.2%,12.063,+0.0%,421.77,35.0,+0.4%,+32.4%,+17.1%,+26.0%
ETN,Extended,Industrial / Cyclical,Industrials,Capital Goods,Adj,Dec,EPS,CY2026,13.545,13.708,+1.2%,13.336,-2.7%,13.291,-0.3%,421.77,31.7,-1.9%,+32.4%,+17.1%,+26.0%
ETN,Extended,Industrial / Cyclical,Industrials,Capital Goods,Adj,Dec,EPS,CY2027,15.064,15.491,+2.8%,15.323,-1.1%,15.533,+1.4%,421.77,27.2,+3.1%,+32.4%,+17.1%,+26.0%
ETN,Extended,Industrial / Cyclical,Industrials,Capital Goods,Adj,Dec,EPS,CY2028,16.764,17.696,+5.6%,17.379,-1.8%,17.864,+2.8%,421.77,23.6,+6.6%,+32.4%,+17.1%,+26.0%
PH,Extended,Industrial / Cyclical,Industrials,Capital Goods,Adj,Jun,EPS,CY2025,26.679,26.732,+0.2%,26.732,+0.0%,26.732,+0.0%,953.27,35.7,+0.2%,+8.5%,+5.9%,+46.1%
PH,Extended,Industrial / Cyclical,Industrials,Capital Goods,Adj,Jun,EPS,CY2026,28.835,30.29,+5.0%,30.983,+2.3%,31.28,+1.0%,953.27,30.5,+8.5%,+8.5%,+5.9%,+46.1%
PH,Extended,Industrial / Cyclical,Industrials,Capital Goods,Adj,Jun,EPS,CY2027,31.259,33.148,+6.0%,33.846,+2.1%,33.873,+0.1%,953.27,28.1,+8.4%,+8.5%,+5.9%,+46.1%
PH,Extended,Industrial / Cyclical,Industrials,Capital Goods,Adj,Jun,EPS,CY2028,33.503,36.204,+8.1%,37.206,+2.8%,37.116,-0.2%,953.27,25.7,+10.8%,+8.5%,+5.9%,+46.1%
ROP,Extended,Industrial / Cyclical,Information Technology,Software & Services,Adj,Dec,EPS,CY2025,19.935,19.944,+0.0%,19.944,+0.0%,19.944,+0.0%,330.255,16.6,+0.0%,-25.8%,-6.5%,-40.6%
ROP,Extended,Industrial / Cyclical,Information Technology,Software & Services,Adj,Dec,EPS,CY2026,21.689,21.714,+0.1%,21.472,-1.1%,21.965,+2.3%,330.255,15.0,+1.3%,-25.8%,-6.5%,-40.6%
ROP,Extended,Industrial / Cyclical,Information Technology,Software & Services,Adj,Dec,EPS,CY2027,24.063,23.961,-0.4%,23.305,-2.7%,24.084,+3.3%,330.255,13.7,+0.1%,-25.8%,-6.5%,-40.6%
ROP,Extended,Industrial / Cyclical,Information Technology,Software & Services,Adj,Dec,EPS,CY2028,26.945,26.915,-0.1%,25.704,-4.5%,26.447,+2.9%,330.255,12.5,-1.8%,-25.8%,-6.5%,-40.6%
AME,Extended,Industrial / Cyclical,Industrials,Capital Goods,Adj,Dec,EPS,CY2025,7.063,7.359,+4.2%,7.36,+0.0%,7.36,+0.0%,237.42,32.3,+4.2%,+15.6%,+12.3%,+33.6%
AME,Extended,Industrial / Cyclical,Industrials,Capital Goods,Adj,Dec,EPS,CY2026,7.579,7.924,+4.6%,8.06,+1.7%,8.141,+1.0%,237.42,29.2,+7.4%,+15.6%,+12.3%,+33.6%
AME,Extended,Industrial / Cyclical,Industrials,Capital Goods,Adj,Dec,EPS,CY2027,8.221,8.625,+4.9%,8.716,+1.1%,8.792,+0.9%,237.42,27.0,+6.9%,+15.6%,+12.3%,+33.6%
AME,Extended,Industrial / Cyclical,Industrials,Capital Goods,Adj,Dec,EPS,CY2028,9.006,9.508,+5.6%,9.405,-1.1%,9.615,+2.2%,237.42,24.7,+6.8%,+15.6%,+12.3%,+33.6%
FTV,Extended,Industrial / Cyclical,Industrials,Capital Goods,Adj,Dec,EPS,CY2025,3.783,2.647,-30.0%,2.65,+0.1%,2.65,+0.0%,61.03,23.0,-29.9%,+10.5%,+9.9%,+16.0%
FTV,Extended,Industrial / Cyclical,Industrials,Capital Goods,Adj,Dec,EPS,CY2026,4.118,2.859,-30.6%,2.967,+3.8%,2.997,+1.0%,61.03,20.4,-27.2%,+10.5%,+9.9%,+16.0%
FTV,Extended,Industrial / Cyclical,Industrials,Capital Goods,Adj,Dec,EPS,CY2027,4.598,3.092,-32.8%,3.193,+3.3%,3.223,+0.9%,61.03,18.9,-29.9%,+10.5%,+9.9%,+16.0%
FTV,Extended,Industrial / Cyclical,Industrials,Capital Goods,Adj,Dec,EPS,CY2028,4.99,3.482,-30.2%,3.505,+0.7%,3.5,-0.1%,61.03,17.4,-29.9%,+10.5%,+9.9%,+16.0%
EMN,Extended,Industrial / Cyclical,Materials,Materials,Adj,Dec,EPS,CY2025,7.361,5.438,-26.1%,5.392,-0.8%,5.392,+0.0%,72.49,13.4,-26.7%,+13.6%,+5.4%,-3.0%
EMN,Extended,Industrial / Cyclical,Materials,Materials,Adj,Dec,EPS,CY2026,8.226,6.171,-25.0%,5.874,-4.8%,6.368,+8.4%,72.49,11.4,-22.6%,+13.6%,+5.4%,-3.0%
EMN,Extended,Industrial / Cyclical,Materials,Materials,Adj,Dec,EPS,CY2027,9.103,7.08,-22.2%,6.64,-6.2%,6.969,+5.0%,72.49,10.4,-23.4%,+13.6%,+5.4%,-3.0%
EMN,Extended,Industrial / Cyclical,Materials,Materials,Adj,Dec,EPS,CY2028,10.118,8.0,-20.9%,7.346,-8.2%,7.65,+4.1%,72.49,9.5,-24.4%,+13.6%,+5.4%,-3.0%
NDSN,Extended,Industrial / Cyclical,Industrials,Capital Goods,Adj,Oct,EPS,CY2025,10.023,10.134,+1.1%,10.134,+0.0%,10.134,+0.0%,295.92,29.2,+1.1%,+23.1%,+10.7%,+38.6%
NDSN,Extended,Industrial / Cyclical,Industrials,Capital Goods,Adj,Oct,EPS,CY2026,10.94,11.261,+2.9%,11.46,+1.8%,11.592,+1.2%,295.92,25.5,+6.0%,+23.1%,+10.7%,+38.6%
NDSN,Extended,Industrial / Cyclical,Industrials,Capital Goods,Adj,Oct,EPS,CY2027,11.958,12.152,+1.6%,12.333,+1.5%,12.578,+2.0%,295.92,23.5,+5.2%,+23.1%,+10.7%,+38.6%
NDSN,Extended,Industrial / Cyclical,Industrials,Capital Goods,Adj,Oct,EPS,CY2028,12.18,13.18,+8.2%,13.288,+0.8%,13.523,+1.8%,295.92,21.9,+11.0%,+23.1%,+10.7%,+38.6%
IEX,Extended,Industrial / Cyclical,Industrials,Capital Goods,Adj,Dec,EPS,CY2025,8.194,7.897,-3.6%,7.894,-0.0%,7.894,+0.0%,224.93,28.5,-3.7%,+26.4%,+20.0%,+28.5%
IEX,Extended,Industrial / Cyclical,Industrials,Capital Goods,Adj,Dec,EPS,CY2026,8.918,8.341,-6.5%,8.271,-0.8%,8.497,+2.7%,224.93,26.5,-4.7%,+26.4%,+20.0%,+28.5%
IEX,Extended,Industrial / Cyclical,Industrials,Capital Goods,Adj,Dec,EPS,CY2027,9.407,9.199,-2.2%,9.013,-2.0%,9.233,+2.4%,224.93,24.4,-1.8%,+26.4%,+20.0%,+28.5%
IEX,Extended,Industrial / Cyclical,Industrials,Capital Goods,Adj,Dec,EPS,CY2028,10.328,10.048,-2.7%,10.004,-0.4%,10.264,+2.6%,224.93,21.9,-0.6%,+26.4%,+20.0%,+28.5%
TDY,Extended,Industrial / Cyclical,Information Technology,Technology Hardware & Equipmen,Adj,Dec,EPS,CY2025,21.375,21.542,+0.8%,21.542,+0.0%,21.542,+0.0%,619.58,28.8,+0.8%,+21.3%,-2.4%,+26.7%
TDY,Extended,Industrial / Cyclical,Information Technology,Technology Hardware & Equipmen,Adj,Dec,EPS,CY2026,23.71,23.617,-0.4%,23.803,+0.8%,24.145,+1.4%,619.58,25.7,+1.8%,+21.3%,-2.4%,+26.7%
TDY,Extended,Industrial / Cyclical,Information Technology,Technology Hardware & Equipmen,Adj,Dec,EPS,CY2027,25.853,25.378,-1.8%,25.7,+1.3%,26.031,+1.3%,619.58,23.8,+0.7%,+21.3%,-2.4%,+26.7%
TDY,Extended,Industrial / Cyclical,Information Technology,Technology Hardware & Equipmen,Adj,Dec,EPS,CY2028,,,,28.015,,28.016,+0.0%,619.58,22.1,,+21.3%,-2.4%,+26.7%
SWK,Extended,Industrial / Cyclical,Industrials,Capital Goods,Adj,Dec,EPS,CY2025,4.279,4.551,+6.4%,4.552,+0.0%,4.552,+0.0%,86.75,19.1,+6.4%,+16.8%,+25.6%,+34.3%
SWK,Extended,Industrial / Cyclical,Industrials,Capital Goods,Adj,Dec,EPS,CY2026,5.677,5.753,+1.3%,5.34,-7.2%,5.392,+1.0%,86.75,16.1,-5.0%,+16.8%,+25.6%,+34.3%
SWK,Extended,Industrial / Cyclical,Industrials,Capital Goods,Adj,Dec,EPS,CY2027,6.85,6.769,-1.2%,6.379,-5.8%,6.243,-2.1%,86.75,13.9,-8.9%,+16.8%,+25.6%,+34.3%
SWK,Extended,Industrial / Cyclical,Industrials,Capital Goods,Adj,Dec,EPS,CY2028,7.3,7.352,+0.7%,7.153,-2.7%,6.979,-2.4%,86.75,12.4,-4.4%,+16.8%,+25.6%,+34.3%
CAT,Extended,Industrial / Cyclical,Industrials,Capital Goods,GAAP,Dec,EPS,CY2025,18.441,18.276,-0.9%,18.295,+0.1%,18.295,+0.0%,985.82,53.9,-0.8%,+72.1%,+43.2%,+174.0%
CAT,Extended,Industrial / Cyclical,Industrials,Capital Goods,GAAP,Dec,EPS,CY2026,20.925,22.513,+7.6%,23.063,+2.4%,24.42,+5.9%,985.82,40.4,+16.7%,+72.1%,+43.2%,+174.0%
CAT,Extended,Industrial / Cyclical,Industrials,Capital Goods,GAAP,Dec,EPS,CY2027,23.753,27.369,+15.2%,27.986,+2.3%,30.111,+7.6%,985.82,32.7,+26.8%,+72.1%,+43.2%,+174.0%
CAT,Extended,Industrial / Cyclical,Industrials,Capital Goods,GAAP,Dec,EPS,CY2028,26.508,31.593,+19.2%,33.499,+6.0%,36.241,+8.2%,985.82,27.2,+36.7%,+72.1%,+43.2%,+174.0%
MMM,Extended,Industrial / Cyclical,Industrials,Capital Goods,Adj,Dec,EPS,CY2025,7.655,8.038,+5.0%,8.032,-0.1%,8.032,+0.0%,160.6,20.0,+4.9%,+0.3%,+12.5%,+12.7%
MMM,Extended,Industrial / Cyclical,Industrials,Capital Goods,Adj,Dec,EPS,CY2026,8.334,8.645,+3.7%,8.668,+0.3%,8.695,+0.3%,160.6,18.5,+4.3%,+0.3%,+12.5%,+12.7%
MMM,Extended,Industrial / Cyclical,Industrials,Capital Goods,Adj,Dec,EPS,CY2027,9.095,9.376,+3.1%,9.422,+0.5%,9.472,+0.5%,160.6,17.0,+4.1%,+0.3%,+12.5%,+12.7%
MMM,Extended,Industrial / Cyclical,Industrials,Capital Goods,Adj,Dec,EPS,CY2028,9.678,10.13,+4.7%,10.079,-0.5%,10.139,+0.6%,160.6,15.8,+4.8%,+0.3%,+12.5%,+12.7%
PPG,Extended,Industrial / Cyclical,Materials,Materials,Adj,Dec,EPS,CY2025,7.84,7.65,-2.4%,7.645,-0.1%,7.645,+0.0%,118.25,15.5,-2.5%,+15.4%,+20.2%,+9.2%
PPG,Extended,Industrial / Cyclical,Materials,Materials,Adj,Dec,EPS,CY2026,8.55,8.108,-5.2%,7.923,-2.3%,7.873,-0.6%,118.25,15.0,-7.9%,+15.4%,+20.2%,+9.2%
PPG,Extended,Industrial / Cyclical,Materials,Materials,Adj,Dec,EPS,CY2027,9.341,8.82,-5.6%,8.689,-1.5%,8.623,-0.8%,118.25,13.7,-7.7%,+15.4%,+20.2%,+9.2%
PPG,Extended,Industrial / Cyclical,Materials,Materials,Adj,Dec,EPS,CY2028,9.874,9.661,-2.2%,9.488,-1.8%,9.472,-0.2%,118.25,12.5,-4.1%,+15.4%,+20.2%,+9.2%
AXTA,Extended,Industrial / Cyclical,Materials,Materials,Adj,Dec,EPS,CY2025,2.538,2.496,-1.7%,2.491,-0.2%,2.491,+0.0%,34.78,14.0,-1.9%,+7.6%,+33.3%,+18.3%
AXTA,Extended,Industrial / Cyclical,Materials,Materials,Adj,Dec,EPS,CY2026,2.781,2.738,-1.5%,2.625,-4.1%,2.582,-1.6%,34.78,13.5,-7.2%,+7.6%,+33.3%,+18.3%
AXTA,Extended,Industrial / Cyclical,Materials,Materials,Adj,Dec,EPS,CY2027,3.134,2.995,-4.4%,2.862,-4.4%,2.803,-2.1%,34.78,12.4,-10.6%,+7.6%,+33.3%,+18.3%
AXTA,Extended,Industrial / Cyclical,Materials,Materials,Adj,Dec,EPS,CY2028,3.157,3.18,+0.7%,3.071,-3.4%,3.033,-1.2%,34.78,11.5,-3.9%,+7.6%,+33.3%,+18.3%
SHW,Extended,Industrial / Cyclical,Materials,Materials,Adj,Dec,EPS,CY2025,11.893,11.381,-4.3%,11.376,-0.0%,11.376,+0.0%,320.79,28.2,-4.3%,-1.0%,+3.4%,-3.2%
SHW,Extended,Industrial / Cyclical,Materials,Materials,Adj,Dec,EPS,CY2026,13.274,12.525,-5.6%,11.913,-4.9%,11.757,-1.3%,320.79,27.3,-11.4%,-1.0%,+3.4%,-3.2%
SHW,Extended,Industrial / Cyclical,Materials,Materials,Adj,Dec,EPS,CY2027,14.927,13.992,-6.3%,13.453,-3.9%,13.224,-1.7%,320.79,24.3,-11.4%,-1.0%,+3.4%,-3.2%
SHW,Extended,Industrial / Cyclical,Materials,Materials,Adj,Dec,EPS,CY2028,16.208,15.736,-2.9%,15.142,-3.8%,14.896,-1.6%,320.79,21.5,-8.1%,-1.0%,+3.4%,-3.2%
AVY,Extended,Industrial / Cyclical,Materials,Materials,Adj,Dec,EPS,CY2025,9.636,9.496,-1.5%,9.493,-0.0%,9.493,+0.0%,158.68,16.7,-1.5%,-12.8%,-2.6%,-8.8%
AVY,Extended,Industrial / Cyclical,Materials,Materials,Adj,Dec,EPS,CY2026,10.71,10.468,-2.3%,10.181,-2.7%,10.028,-1.5%,158.68,15.8,-6.4%,-12.8%,-2.6%,-8.8%
AVY,Extended,Industrial / Cyclical,Materials,Materials,Adj,Dec,EPS,CY2027,11.884,11.571,-2.6%,11.301,-2.3%,11.099,-1.8%,158.68,14.3,-6.6%,-12.8%,-2.6%,-8.8%
AVY,Extended,Industrial / Cyclical,Materials,Materials,Adj,Dec,EPS,CY2028,,12.99,,12.527,-3.6%,12.344,-1.5%,158.68,12.9,,-12.8%,-2.6%,-8.8%
SNA,Extended,Industrial / Cyclical,Industrials,Capital Goods,Adj,Dec,EPS,CY2025,18.632,19.221,+3.2%,19.186,-0.2%,19.186,+0.0%,387.25,20.2,+3.0%,+12.4%,+7.3%,+26.2%
SNA,Extended,Industrial / Cyclical,Industrials,Capital Goods,Adj,Dec,EPS,CY2026,20.029,20.433,+2.0%,20.081,-1.7%,19.816,-1.3%,387.25,19.5,-1.1%,+12.4%,+7.3%,+26.2%
SNA,Extended,Industrial / Cyclical,Industrials,Capital Goods,Adj,Dec,EPS,CY2027,,22.11,,21.324,-3.6%,21.194,-0.6%,387.25,18.3,,+12.4%,+7.3%,+26.2%
SNA,Extended,Industrial / Cyclical,Industrials,Capital Goods,Adj,Dec,EPS,CY2028,,26.36,,24.42,-7.4%,23.685,-3.0%,387.25,16.4,,+12.4%,+7.3%,+26.2%
ST,Extended,Industrial / Cyclical,Industrials,Capital Goods,Adj,Dec,EPS,CY2025,3.189,3.396,+6.5%,3.403,+0.2%,3.403,+0.0%,50.63,14.9,+6.7%,+52.1%,+49.0%,+78.8%
ST,Extended,Industrial / Cyclical,Industrials,Capital Goods,Adj,Dec,EPS,CY2026,3.441,3.644,+5.9%,3.632,-0.3%,3.699,+1.8%,50.63,13.7,+7.5%,+52.1%,+49.0%,+78.8%
ST,Extended,Industrial / Cyclical,Industrials,Capital Goods,Adj,Dec,EPS,CY2027,3.782,3.968,+4.9%,3.923,-1.1%,4.025,+2.6%,50.63,12.6,+6.4%,+52.1%,+49.0%,+78.8%
ST,Extended,Industrial / Cyclical,Industrials,Capital Goods,Adj,Dec,EPS,CY2028,4.2,4.243,+1.0%,4.26,+0.4%,4.367,+2.5%,50.63,11.6,+4.0%,+52.1%,+49.0%,+78.8%
ZBRA,Extended,Industrial / Cyclical,Information Technology,Technology Hardware & Equipmen,Adj,Dec,EPS,CY2025,14.53,15.831,+9.0%,15.841,+0.1%,15.841,+0.0%,235.98,14.9,+9.0%,-2.8%,+14.4%,-19.1%
ZBRA,Extended,Industrial / Cyclical,Information Technology,Technology Hardware & Equipmen,Adj,Dec,EPS,CY2026,16.492,17.73,+7.5%,17.929,+1.1%,18.558,+3.5%,235.98,12.7,+12.5%,-2.8%,+14.4%,-19.1%
ZBRA,Extended,Industrial / Cyclical,Information Technology,Technology Hardware & Equipmen,Adj,Dec,EPS,CY2027,,19.861,,20.099,+1.2%,20.604,+2.5%,235.98,11.5,,-2.8%,+14.4%,-19.1%
ZBRA,Extended,Industrial / Cyclical,Information Technology,Technology Hardware & Equipmen,Adj,Dec,EPS,CY2028,,23.258,,22.393,-3.7%,22.631,+1.1%,235.98,10.4,,-2.8%,+14.4%,-19.1%
LIN,Extended,Industrial / Cyclical,Materials,Materials,GAAP,Dec,EPS,CY2025,15.259,15.597,+2.2%,15.598,+0.0%,15.598,+0.0%,512.15,32.8,+2.2%,+20.1%,+4.6%,+11.7%
LIN,Extended,Industrial / Cyclical,Materials,Materials,GAAP,Dec,EPS,CY2026,16.602,16.982,+2.3%,16.573,-2.4%,16.969,+2.4%,512.15,30.2,+2.2%,+20.1%,+4.6%,+11.7%
LIN,Extended,Industrial / Cyclical,Materials,Materials,GAAP,Dec,EPS,CY2027,18.613,18.614,+0.0%,18.369,-1.3%,18.648,+1.5%,512.15,27.5,+0.2%,+20.1%,+4.6%,+11.7%
LIN,Extended,Industrial / Cyclical,Materials,Materials,GAAP,Dec,EPS,CY2028,20.484,20.898,+2.0%,20.128,-3.7%,20.24,+0.6%,512.15,25.3,-1.2%,+20.1%,+4.6%,+11.7%
APD,Extended,Industrial / Cyclical,Materials,Materials,Adj,Sep,EPS,CY2025,12.044,11.994,-0.4%,11.994,+0.0%,11.994,+0.0%,280.21,23.4,-0.4%,+13.4%,-1.4%,+1.8%
APD,Extended,Industrial / Cyclical,Materials,Materials,Adj,Sep,EPS,CY2026,13.068,12.985,-0.6%,13.069,+0.6%,13.217,+1.1%,280.21,21.2,+1.1%,+13.4%,-1.4%,+1.8%
APD,Extended,Industrial / Cyclical,Materials,Materials,Adj,Sep,EPS,CY2027,14.163,13.922,-1.7%,14.055,+1.0%,14.291,+1.7%,280.21,19.6,+0.9%,+13.4%,-1.4%,+1.8%
APD,Extended,Industrial / Cyclical,Materials,Materials,Adj,Sep,EPS,CY2028,15.448,15.422,-0.2%,15.309,-0.7%,15.544,+1.5%,280.21,18.0,+0.6%,+13.4%,-1.4%,+1.8%
URI,Extended,Industrial / Cyclical,Industrials,Capital Goods,Adj,Dec,EPS,CY2025,43.38,42.569,-1.9%,42.596,+0.1%,42.596,+0.0%,1076.81,25.3,-1.8%,+33.1%,+49.6%,+54.1%
URI,Extended,Industrial / Cyclical,Industrials,Capital Goods,Adj,Dec,EPS,CY2026,47.716,47.28,-0.9%,46.005,-2.7%,46.552,+1.2%,1076.81,23.1,-2.4%,+33.1%,+49.6%,+54.1%
URI,Extended,Industrial / Cyclical,Industrials,Capital Goods,Adj,Dec,EPS,CY2027,53.293,53.859,+1.1%,52.579,-2.4%,53.488,+1.7%,1076.81,20.1,+0.4%,+33.1%,+49.6%,+54.1%
URI,Extended,Industrial / Cyclical,Industrials,Capital Goods,Adj,Dec,EPS,CY2028,61.135,64.12,+4.9%,61.046,-4.8%,60.842,-0.3%,1076.81,17.7,-0.5%,+33.1%,+49.6%,+54.1%
WSC,Extended,Industrial / Cyclical,Industrials,Capital Goods,Adj,Dec,EPS,CY2025,1.568,1.101,-29.8%,1.114,+1.2%,1.114,+0.0%,28.84,25.9,-29.0%,+53.2%,+69.7%,+11.2%
WSC,Extended,Industrial / Cyclical,Industrials,Capital Goods,Adj,Dec,EPS,CY2026,1.902,1.07,-43.7%,1.022,-4.5%,1.072,+4.9%,28.84,26.9,-43.6%,+53.2%,+69.7%,+11.2%
WSC,Extended,Industrial / Cyclical,Industrials,Capital Goods,Adj,Dec,EPS,CY2027,2.345,1.457,-37.9%,1.25,-14.2%,1.322,+5.8%,28.84,21.8,-43.6%,+53.2%,+69.7%,+11.2%
WSC,Extended,Industrial / Cyclical,Industrials,Capital Goods,Adj,Dec,EPS,CY2028,2.715,2.022,-25.5%,1.671,-17.4%,1.692,+1.3%,28.84,17.0,-37.7%,+53.2%,+69.7%,+11.2%
FLR,Extended,Industrial / Cyclical,Industrials,Capital Goods,Adj,Dec,EPS,CY2025,2.52,2.209,-12.3%,2.192,-0.8%,2.192,+0.0%,53.66,24.5,-13.0%,+35.4%,+12.1%,+7.2%
FLR,Extended,Industrial / Cyclical,Industrials,Capital Goods,Adj,Dec,EPS,CY2026,2.812,2.39,-15.0%,2.743,+14.8%,2.601,-5.2%,53.66,20.6,-7.5%,+35.4%,+12.1%,+7.2%
FLR,Extended,Industrial / Cyclical,Industrials,Capital Goods,Adj,Dec,EPS,CY2027,,2.793,,3.247,+16.3%,3.241,-0.2%,53.66,16.6,,+35.4%,+12.1%,+7.2%
FLR,Extended,Industrial / Cyclical,Industrials,Capital Goods,Adj,Dec,EPS,CY2028,,3.365,,3.812,+13.3%,3.796,-0.4%,53.66,14.1,,+35.4%,+12.1%,+7.2%
J,Extended,Industrial / Cyclical,Industrials,Commercial & Professional Serv,Adj,Sep,EPS,CY2025,5.991,6.038,+0.8%,6.038,+0.0%,6.038,+0.0%,120.97,20.0,+0.8%,-8.7%,-5.5%,-5.0%
J,Extended,Industrial / Cyclical,Industrials,Commercial & Professional Serv,Adj,Sep,EPS,CY2026,6.876,7.063,+2.7%,7.122,+0.8%,7.22,+1.4%,120.97,16.8,+5.0%,-8.7%,-5.5%,-5.0%
J,Extended,Industrial / Cyclical,Industrials,Commercial & Professional Serv,Adj,Sep,EPS,CY2027,7.634,8.029,+5.2%,8.029,+0.0%,8.238,+2.6%,120.97,14.7,+7.9%,-8.7%,-5.5%,-5.0%
J,Extended,Industrial / Cyclical,Industrials,Commercial & Professional Serv,Adj,Sep,EPS,CY2028,,8.984,,8.969,-0.2%,9.322,+3.9%,120.97,13.0,,-8.7%,-5.5%,-5.0%
ACM,Extended,Industrial / Cyclical,Industrials,Capital Goods,Adj,Sep,EPS,CY2025,5.163,5.239,+1.5%,5.239,+0.0%,5.239,+0.0%,68.81,13.1,+1.5%,-27.8%,-23.8%,-37.7%
ACM,Extended,Industrial / Cyclical,Industrials,Capital Goods,Adj,Sep,EPS,CY2026,5.683,5.458,-4.0%,5.973,+9.4%,5.924,-0.8%,68.81,11.6,+4.2%,-27.8%,-23.8%,-37.7%
ACM,Extended,Industrial / Cyclical,Industrials,Capital Goods,Adj,Sep,EPS,CY2027,6.377,6.204,-2.7%,6.652,+7.2%,6.708,+0.8%,68.81,10.3,+5.2%,-27.8%,-23.8%,-37.7%
ACM,Extended,Industrial / Cyclical,Industrials,Capital Goods,Adj,Sep,EPS,CY2028,7.785,7.151,-8.1%,7.666,+7.2%,7.666,+0.0%,68.81,9.0,-1.5%,-27.8%,-23.8%,-37.7%
DE,Extended,Industrial / Cyclical,Industrials,Capital Goods,Adj,Oct,EPS,CY2025,18.773,18.412,-1.9%,18.412,+0.0%,18.412,+0.0%,589.24,32.0,-1.9%,+26.6%,+3.8%,+12.2%
DE,Extended,Industrial / Cyclical,Industrials,Capital Goods,Adj,Oct,EPS,CY2026,22.455,16.525,-26.4%,17.828,+7.9%,18.109,+1.6%,589.24,32.5,-19.4%,+26.6%,+3.8%,+12.2%
DE,Extended,Industrial / Cyclical,Industrials,Capital Goods,Adj,Oct,EPS,CY2027,27.053,21.961,-18.8%,22.896,+4.3%,22.859,-0.2%,589.24,25.8,-15.5%,+26.6%,+3.8%,+12.2%
DE,Extended,Industrial / Cyclical,Industrials,Capital Goods,Adj,Oct,EPS,CY2028,39.637,27.129,-31.6%,28.865,+6.4%,28.291,-2.0%,589.24,20.8,-28.6%,+26.6%,+3.8%,+12.2%
DOW,Extended,Industrial / Cyclical,Materials,Materials,Adj,Dec,EPS,CY2025,0.367,-0.997,-371.7%,-1.022,-2.5%,-1.022,+0.0%,31.73,-31.0,-378.5%,+35.7%,-15.4%,+11.3%
DOW,Extended,Industrial / Cyclical,Materials,Materials,Adj,Dec,EPS,CY2026,1.392,-0.205,-114.7%,0.48,+334.1%,3.199,+566.5%,31.73,9.9,+129.8%,+35.7%,-15.4%,+11.3%
DOW,Extended,Industrial / Cyclical,Materials,Materials,Adj,Dec,EPS,CY2027,2.091,0.538,-74.3%,0.988,+83.6%,2.496,+152.6%,31.73,12.7,+19.4%,+35.7%,-15.4%,+11.3%
DOW,Extended,Industrial / Cyclical,Materials,Materials,Adj,Dec,EPS,CY2028,3.028,1.749,-42.2%,1.573,-10.1%,2.472,+57.2%,31.73,12.8,-18.4%,+35.7%,-15.4%,+11.3%
FMC,Extended,Industrial / Cyclical,Materials,Materials,Adj,Dec,EPS,CY2025,3.399,2.945,-13.4%,2.938,-0.2%,2.938,+0.0%,11.55,3.9,-13.6%,-16.7%,-17.1%,-72.2%
FMC,Extended,Industrial / Cyclical,Materials,Materials,Adj,Dec,EPS,CY2026,3.979,2.479,-37.7%,1.748,-29.5%,1.711,-2.1%,11.55,6.8,-57.0%,-16.7%,-17.1%,-72.2%
FMC,Extended,Industrial / Cyclical,Materials,Materials,Adj,Dec,EPS,CY2027,4.547,2.895,-36.3%,2.278,-21.3%,2.217,-2.7%,11.55,5.2,-51.2%,-16.7%,-17.1%,-72.2%
FMC,Extended,Industrial / Cyclical,Materials,Materials,Adj,Dec,EPS,CY2028,5.078,3.058,-39.8%,2.621,-14.3%,2.492,-4.9%,11.55,4.6,-50.9%,-16.7%,-17.1%,-72.2%
MWA,Extended,Industrial / Cyclical,Industrials,Capital Goods,Adj,Sep,EPS,CY2025,1.235,1.255,+1.6%,1.255,+0.0%,1.255,+0.0%,26.13,20.8,+1.6%,+9.7%,-5.2%,+11.7%
MWA,Extended,Industrial / Cyclical,Industrials,Capital Goods,Adj,Sep,EPS,CY2026,1.352,1.388,+2.7%,1.446,+4.2%,1.478,+2.2%,26.13,17.7,+9.3%,+9.7%,-5.2%,+11.7%
MWA,Extended,Industrial / Cyclical,Industrials,Capital Goods,Adj,Sep,EPS,CY2027,1.395,1.49,+6.8%,1.55,+4.0%,1.58,+1.9%,26.13,16.5,+13.3%,+9.7%,-5.2%,+11.7%
MWA,Extended,Industrial / Cyclical,Industrials,Capital Goods,Adj,Sep,EPS,CY2028,,1.45,,1.643,+13.3%,1.665,+1.3%,26.13,15.7,,+9.7%,-5.2%,+11.7%
BNR,Extended,Industrial / Cyclical,Industrials,Capital Goods,Adj,Dec,EPS,CY2025,4.454,3.072,-31.0%,2.773,-9.7%,2.773,+0.0%,53.78,19.4,-37.7%,+8.5%,+11.9%,-6.5%
BNR,Extended,Industrial / Cyclical,Industrials,Capital Goods,Adj,Dec,EPS,CY2026,4.959,3.599,-27.4%,3.46,-3.9%,3.589,+3.7%,53.78,15.0,-27.6%,+8.5%,+11.9%,-6.5%
BNR,Extended,Industrial / Cyclical,Industrials,Capital Goods,Adj,Dec,EPS,CY2027,5.467,4.193,-23.3%,3.964,-5.5%,3.958,-0.2%,53.78,13.6,-27.6%,+8.5%,+11.9%,-6.5%
BNR,Extended,Industrial / Cyclical,Industrials,Capital Goods,Adj,Dec,EPS,CY2028,6.065,4.677,-22.9%,4.384,-6.3%,4.33,-1.2%,53.78,12.4,-28.6%,+8.5%,+11.9%,-6.5%
MIDD,Extended,Industrial / Cyclical,Industrials,Capital Goods,Adj,Dec,EPS,CY2025,9.476,9.072,-4.3%,9.05,-0.2%,9.05,+0.0%,172.26,19.0,-4.5%,+15.9%,+23.0%,+21.5%
MIDD,Extended,Industrial / Cyclical,Industrials,Capital Goods,Adj,Dec,EPS,CY2026,10.436,9.627,-7.8%,9.369,-2.7%,9.607,+2.5%,172.26,17.9,-7.9%,+15.9%,+23.0%,+21.5%
MIDD,Extended,Industrial / Cyclical,Industrials,Capital Goods,Adj,Dec,EPS,CY2027,11.838,8.816,-25.5%,10.511,+19.2%,10.898,+3.7%,172.26,15.8,-7.9%,+15.9%,+23.0%,+21.5%
MIDD,Extended,Industrial / Cyclical,Industrials,Capital Goods,Adj,Dec,EPS,CY2028,13.0,7.56,-41.8%,9.05,+19.7%,12.75,+40.9%,172.26,13.5,-1.9%,+15.9%,+23.0%,+21.5%
LECO,Extended,Industrial / Cyclical,Industrials,Capital Goods,Adj,Dec,EPS,CY2025,9.01,9.734,+8.0%,9.722,-0.1%,9.722,+0.0%,275.23,28.3,+7.9%,+14.9%,+7.2%,+36.9%
LECO,Extended,Industrial / Cyclical,Industrials,Capital Goods,Adj,Dec,EPS,CY2026,9.895,10.721,+8.3%,10.786,+0.6%,10.903,+1.1%,275.23,25.2,+10.2%,+14.9%,+7.2%,+36.9%
LECO,Extended,Industrial / Cyclical,Industrials,Capital Goods,Adj,Dec,EPS,CY2027,10.498,11.529,+9.8%,11.792,+2.3%,12.023,+2.0%,275.23,22.9,+14.5%,+14.9%,+7.2%,+36.9%
LECO,Extended,Industrial / Cyclical,Industrials,Capital Goods,Adj,Dec,EPS,CY2028,12.11,12.883,+6.4%,12.511,-2.9%,12.881,+3.0%,275.23,21.4,+6.4%,+14.9%,+7.2%,+36.9%
GWW,Extended,Distributors,Industrials,Capital Goods,Adj,Dec,EPS,CY2025,40.476,39.492,-2.4%,39.507,+0.0%,39.507,+0.0%,1365.41,34.6,-2.4%,+35.3%,+30.9%,+31.0%
GWW,Extended,Distributors,Industrials,Capital Goods,Adj,Dec,EPS,CY2026,44.578,43.728,-1.9%,43.579,-0.3%,45.545,+4.5%,1365.41,30.0,+2.2%,+35.3%,+30.9%,+31.0%
GWW,Extended,Distributors,Industrials,Capital Goods,Adj,Dec,EPS,CY2027,49.222,48.492,-1.5%,48.495,+0.0%,50.359,+3.8%,1365.41,27.1,+2.3%,+35.3%,+30.9%,+31.0%
GWW,Extended,Distributors,Industrials,Capital Goods,Adj,Dec,EPS,CY2028,,53.13,,52.886,-0.5%,55.075,+4.1%,1365.41,24.8,,+35.3%,+30.9%,+31.0%
FAST,Extended,Distributors,Industrials,Capital Goods,Adj,Dec,EPS,CY2025,1.095,1.099,+0.4%,1.098,-0.1%,1.098,+0.0%,45.89,41.8,+0.3%,+14.4%,+3.1%,+10.6%
FAST,Extended,Distributors,Industrials,Capital Goods,Adj,Dec,EPS,CY2026,1.201,1.217,+1.3%,1.227,+0.8%,1.247,+1.6%,45.89,36.8,+3.8%,+14.4%,+3.1%,+10.6%
FAST,Extended,Distributors,Industrials,Capital Goods,Adj,Dec,EPS,CY2027,1.303,1.329,+2.0%,1.35,+1.6%,1.371,+1.6%,45.89,33.5,+5.2%,+14.4%,+3.1%,+10.6%
FAST,Extended,Distributors,Industrials,Capital Goods,Adj,Dec,EPS,CY2028,1.46,1.439,-1.4%,1.462,+1.6%,1.491,+2.0%,45.89,30.8,+2.1%,+14.4%,+3.1%,+10.6%
WSO,Extended,Distributors,Industrials,Capital Goods,Adj,Dec,EPS,CY2025,14.271,12.352,-13.4%,12.338,-0.1%,12.338,+0.0%,401.04,32.5,-13.5%,+19.0%,+4.7%,-5.3%
WSO,Extended,Distributors,Industrials,Capital Goods,Adj,Dec,EPS,CY2026,15.514,13.163,-15.2%,12.522,-4.9%,12.674,+1.2%,401.04,31.6,-18.3%,+19.0%,+4.7%,-5.3%
WSO,Extended,Distributors,Industrials,Capital Goods,Adj,Dec,EPS,CY2027,17.193,14.298,-16.8%,13.824,-3.3%,13.854,+0.2%,401.04,28.9,-19.4%,+19.0%,+4.7%,-5.3%
WSO,Extended,Distributors,Industrials,Capital Goods,Adj,Dec,EPS,CY2028,19.277,16.223,-15.8%,16.036,-1.2%,15.979,-0.4%,401.04,25.1,-17.1%,+19.0%,+4.7%,-5.3%
WCC,Extended,Distributors,Industrials,Capital Goods,Adj,Dec,EPS,CY2025,13.116,13.365,+1.9%,13.435,+0.5%,13.435,+0.0%,365.36,27.2,+2.4%,+49.3%,+41.6%,+106.8%
WCC,Extended,Distributors,Industrials,Capital Goods,Adj,Dec,EPS,CY2026,15.734,16.302,+3.6%,15.682,-3.8%,16.072,+2.5%,365.36,22.7,+2.1%,+49.3%,+41.6%,+106.8%
WCC,Extended,Distributors,Industrials,Capital Goods,Adj,Dec,EPS,CY2027,,19.076,,18.303,-4.1%,18.831,+2.9%,365.36,19.4,,+49.3%,+41.6%,+106.8%
WCC,Extended,Distributors,Industrials,Capital Goods,Adj,Dec,EPS,CY2028,,22.05,,21.202,-3.8%,21.761,+2.6%,365.36,16.8,,+49.3%,+41.6%,+106.8%
MSM,Extended,Distributors,Industrials,Capital Goods,Adj,Aug,EPS,CY2025,3.536,3.678,+4.0%,3.678,+0.0%,3.678,+0.0%,118.51,32.2,+4.0%,+40.9%,+36.4%,+44.4%
MSM,Extended,Distributors,Industrials,Capital Goods,Adj,Aug,EPS,CY2026,3.938,4.283,+8.8%,4.279,-0.1%,4.362,+1.9%,118.51,27.2,+10.8%,+40.9%,+36.4%,+44.4%
MSM,Extended,Distributors,Industrials,Capital Goods,Adj,Aug,EPS,CY2027,4.656,4.812,+3.4%,4.843,+0.6%,4.943,+2.1%,118.51,24.0,+6.2%,+40.9%,+36.4%,+44.4%
MSM,Extended,Distributors,Industrials,Capital Goods,Adj,Aug,EPS,CY2028,6.133,5.458,-11.0%,5.543,+1.6%,5.638,+1.7%,118.51,21.0,-8.1%,+40.9%,+36.4%,+44.4%
SITE,Extended,Distributors,Industrials,Capital Goods,Adj,Dec,EPS,CY2025,3.581,3.613,+0.9%,3.611,-0.1%,3.611,+0.0%,110.17,30.5,+0.8%,-11.6%,-15.4%,-5.8%
SITE,Extended,Distributors,Industrials,Capital Goods,Adj,Dec,EPS,CY2026,4.398,4.418,+0.5%,4.401,-0.4%,4.271,-3.0%,110.17,25.8,-2.9%,-11.6%,-15.4%,-5.8%
SITE,Extended,Distributors,Industrials,Capital Goods,Adj,Dec,EPS,CY2027,,5.165,,5.254,+1.7%,5.204,-1.0%,110.17,21.2,,-11.6%,-15.4%,-5.8%
SITE,Extended,Distributors,Industrials,Capital Goods,Adj,Dec,EPS,CY2028,,6.215,,6.275,+1.0%,6.128,-2.3%,110.17,18.0,,-11.6%,-15.4%,-5.8%
GPC,Extended,Distributors,Consumer Discretionary,Consumer Discretionary Distrib,Adj,Dec,EPS,CY2025,7.665,7.626,-0.5%,7.633,+0.1%,7.633,+0.0%,108.7,14.2,-0.4%,-11.6%,+9.7%,-8.6%
GPC,Extended,Distributors,Consumer Discretionary,Consumer Discretionary Distrib,Adj,Dec,EPS,CY2026,8.504,8.413,-1.1%,7.833,-6.9%,7.695,-1.8%,108.7,14.1,-9.5%,-11.6%,+9.7%,-8.6%
GPC,Extended,Distributors,Consumer Discretionary,Consumer Discretionary Distrib,Adj,Dec,EPS,CY2027,9.226,9.161,-0.7%,8.511,-7.1%,8.377,-1.6%,108.7,13.0,-9.2%,-11.6%,+9.7%,-8.6%
GPC,Extended,Distributors,Consumer Discretionary,Consumer Discretionary Distrib,Adj,Dec,EPS,CY2028,9.61,9.953,+3.6%,9.44,-5.2%,9.282,-1.7%,108.7,11.7,-3.4%,-11.6%,+9.7%,-8.6%
DNOW,Extended,Distributors,Industrials,Capital Goods,Adj,Dec,EPS,CY2025,0.883,0.86,-2.6%,0.855,-0.6%,0.855,+0.0%,13.5,15.8,-3.2%,+1.9%,+14.4%,-10.0%
DNOW,Extended,Distributors,Industrials,Capital Goods,Adj,Dec,EPS,CY2026,0.937,1.067,+13.9%,0.843,-21.0%,0.322,-61.8%,13.5,41.9,-65.6%,+1.9%,+14.4%,-10.0%
DNOW,Extended,Distributors,Industrials,Capital Goods,Adj,Dec,EPS,CY2027,,1.28,,1.053,-17.7%,0.878,-16.6%,13.5,15.4,,+1.9%,+14.4%,-10.0%
DNOW,Extended,Distributors,Industrials,Capital Goods,Adj,Dec,EPS,CY2028,,1.325,,1.22,-7.9%,1.025,-16.0%,13.5,13.2,,+1.9%,+14.4%,-10.0%
TCEHY,Extended,China equities,Communication Services,Media & Entertainment,GAAP,Dec,EPS,CY2025,22.47,24.344,+8.3%,24.188,-0.6%,24.188,+0.0%,56.1,2.3,+7.6%,-26.7%,-13.5%,-13.2%
TCEHY,Extended,China equities,Communication Services,Media & Entertainment,GAAP,Dec,EPS,CY2026,25.643,27.871,+8.7%,27.458,-1.5%,26.216,-4.5%,56.1,2.1,+2.2%,-26.7%,-13.5%,-13.2%
TCEHY,Extended,China equities,Communication Services,Media & Entertainment,GAAP,Dec,EPS,CY2027,29.025,31.512,+8.6%,31.262,-0.8%,29.472,-5.7%,56.1,1.9,+1.5%,-26.7%,-13.5%,-13.2%
TCEHY,Extended,China equities,Communication Services,Media & Entertainment,GAAP,Dec,EPS,CY2028,31.681,34.759,+9.7%,34.238,-1.5%,33.07,-3.4%,56.1,1.7,+4.4%,-26.7%,-13.5%,-13.2%
BIDU,Extended,China equities,Communication Services,Media & Entertainment,Adj,Dec,EPS,CY2025,67.785,53.345,-21.3%,51.981,-2.6%,51.981,+0.0%,111.76,2.2,-23.3%,-14.5%,-6.1%,+32.2%
BIDU,Extended,China equities,Communication Services,Media & Entertainment,Adj,Dec,EPS,CY2026,74.458,57.934,-22.2%,56.753,-2.0%,50.351,-11.3%,111.76,2.2,-32.4%,-14.5%,-6.1%,+32.2%
BIDU,Extended,China equities,Communication Services,Media & Entertainment,Adj,Dec,EPS,CY2027,84.656,68.075,-19.6%,65.475,-3.8%,59.421,-9.2%,111.76,1.9,-29.8%,-14.5%,-6.1%,+32.2%
BIDU,Extended,China equities,Communication Services,Media & Entertainment,Adj,Dec,EPS,CY2028,102.601,76.286,-25.6%,78.745,+3.2%,73.558,-6.6%,111.76,1.5,-28.3%,-14.5%,-6.1%,+32.2%
JD,Extended,China equities,Consumer Discretionary,Consumer Discretionary Distrib,Adj,Dec,EPS,CY2025,29.824,18.949,-36.5%,17.531,-7.5%,17.531,+0.0%,27.57,1.6,-41.2%,-3.9%,-1.6%,-15.2%
JD,Extended,China equities,Consumer Discretionary,Consumer Discretionary Distrib,Adj,Dec,EPS,CY2026,34.204,24.615,-28.0%,20.034,-18.6%,21.687,+8.3%,27.57,1.3,-36.6%,-3.9%,-1.6%,-15.2%
JD,Extended,China equities,Consumer Discretionary,Consumer Discretionary Distrib,Adj,Dec,EPS,CY2027,37.048,32.903,-11.2%,26.858,-18.4%,28.503,+6.1%,27.57,1.0,-23.1%,-3.9%,-1.6%,-15.2%
JD,Extended,China equities,Consumer Discretionary,Consumer Discretionary Distrib,Adj,Dec,EPS,CY2028,38.6,36.92,-4.4%,32.798,-11.2%,34.206,+4.3%,27.57,0.8,-11.4%,-3.9%,-1.6%,-15.2%
700,Extended,China equities,Communication Services,Media & Entertainment,GAAP,Dec,EPS,CY2025,22.47,24.344,+8.3%,24.188,-0.6%,24.188,+0.0%,440.2,18.2,+7.6%,-26.5%,-13.3%,-12.9%
700,Extended,China equities,Communication Services,Media & Entertainment,GAAP,Dec,EPS,CY2026,25.643,27.871,+8.7%,27.458,-1.5%,26.216,-4.5%,440.2,16.8,+2.2%,-26.5%,-13.3%,-12.9%
700,Extended,China equities,Communication Services,Media & Entertainment,GAAP,Dec,EPS,CY2027,29.025,31.512,+8.6%,31.262,-0.8%,29.472,-5.7%,440.2,14.9,+1.5%,-26.5%,-13.3%,-12.9%
700,Extended,China equities,Communication Services,Media & Entertainment,GAAP,Dec,EPS,CY2028,31.681,34.759,+9.7%,34.238,-1.5%,33.07,-3.4%,440.2,13.3,+4.4%,-26.5%,-13.3%,-12.9%
TCOM,Extended,China equities,Consumer Discretionary,Consumer Services,Adj,Dec,EPS,CY2025,25.366,45.599,+79.8%,45.003,-1.3%,45.003,+0.0%,45.1,1.0,+77.4%,-37.3%,-12.8%,-20.2%
TCOM,Extended,China equities,Consumer Discretionary,Consumer Services,Adj,Dec,EPS,CY2026,29.143,29.502,+1.2%,28.225,-4.3%,27.732,-1.7%,45.1,1.6,-4.8%,-37.3%,-12.8%,-20.2%
TCOM,Extended,China equities,Consumer Discretionary,Consumer Services,Adj,Dec,EPS,CY2027,33.609,33.379,-0.7%,31.855,-4.6%,31.648,-0.6%,45.1,1.4,-5.8%,-37.3%,-12.8%,-20.2%
TCOM,Extended,China equities,Consumer Discretionary,Consumer Services,Adj,Dec,EPS,CY2028,37.182,38.083,+2.4%,35.778,-6.1%,35.862,+0.2%,45.1,1.3,-3.6%,-37.3%,-12.8%,-20.2%
3988,Extended,China equities,Financials,Banks,GAAP,Dec,EPS,CY2025,0.741,0.723,-2.4%,0.727,+0.6%,0.727,+0.0%,5.27,7.2,-1.9%,+18.2%,+12.1%,+16.1%
3988,Extended,China equities,Financials,Banks,GAAP,Dec,EPS,CY2026,0.762,0.733,-3.8%,0.736,+0.4%,0.752,+2.2%,5.27,7.0,-1.3%,+18.2%,+12.1%,+16.1%
3988,Extended,China equities,Financials,Banks,GAAP,Dec,EPS,CY2027,0.797,0.76,-4.6%,0.761,+0.1%,0.788,+3.5%,5.27,6.7,-1.1%,+18.2%,+12.1%,+16.1%
3988,Extended,China equities,Financials,Banks,GAAP,Dec,EPS,CY2028,0.76,0.805,+5.9%,0.78,-3.1%,0.851,+9.1%,5.27,6.2,+12.0%,+18.2%,+12.1%,+16.1%
3690,Extended,China equities,Consumer Discretionary,Consumer Services,GAAP,Dec,EPS,CY2025,5.777,-3.802,-165.8%,-3.845,-1.1%,-3.845,+0.0%,71.8,-18.7,-166.6%,-30.5%,-9.3%,-44.2%
3690,Extended,China equities,Consumer Discretionary,Consumer Services,GAAP,Dec,EPS,CY2026,7.829,-0.323,-104.1%,-0.667,-106.5%,-1.557,-133.4%,71.8,-46.1,-119.9%,-30.5%,-9.3%,-44.2%
3690,Extended,China equities,Consumer Discretionary,Consumer Services,GAAP,Dec,EPS,CY2027,9.584,4.561,-52.4%,4.573,+0.3%,2.786,-39.1%,71.8,25.8,-70.9%,-30.5%,-9.3%,-44.2%
3690,Extended,China equities,Consumer Discretionary,Consumer Services,GAAP,Dec,EPS,CY2028,11.259,7.474,-33.6%,7.653,+2.4%,5.088,-33.5%,71.8,14.1,-54.8%,-30.5%,-9.3%,-44.2%
1398,Extended,China equities,Financials,Banks,GAAP,Dec,EPS,CY2025,0.99,0.993,+0.3%,1.007,+1.4%,1.007,+0.0%,6.85,6.8,+1.7%,+8.9%,+3.8%,+10.5%
1398,Extended,China equities,Financials,Banks,GAAP,Dec,EPS,CY2026,1.007,1.004,-0.3%,1.007,+0.3%,1.035,+2.8%,6.85,6.6,+2.8%,+8.9%,+3.8%,+10.5%
1398,Extended,China equities,Financials,Banks,GAAP,Dec,EPS,CY2027,1.034,1.025,-0.9%,1.03,+0.5%,1.079,+4.8%,6.85,6.3,+4.4%,+8.9%,+3.8%,+10.5%
1398,Extended,China equities,Financials,Banks,GAAP,Dec,EPS,CY2028,,,,,,1.14,,6.85,6.0,,+8.9%,+3.8%,+10.5%
VIPS,Extended,China equities,Consumer Discretionary,Consumer Discretionary Distrib,Adj,Dec,EPS,CY2025,16.787,16.657,-0.8%,16.633,-0.1%,16.633,+0.0%,13.33,0.8,-0.9%,-24.6%,-14.7%,-9.4%
VIPS,Extended,China equities,Consumer Discretionary,Consumer Discretionary Distrib,Adj,Dec,EPS,CY2026,17.488,17.684,+1.1%,17.296,-2.2%,17.299,+0.0%,13.33,0.8,-1.1%,-24.6%,-14.7%,-9.4%
VIPS,Extended,China equities,Consumer Discretionary,Consumer Discretionary Distrib,Adj,Dec,EPS,CY2027,18.039,18.616,+3.2%,18.16,-2.4%,17.98,-1.0%,13.33,0.7,-0.3%,-24.6%,-14.7%,-9.4%
VIPS,Extended,China equities,Consumer Discretionary,Consumer Discretionary Distrib,Adj,Dec,EPS,CY2028,20.83,21.56,+3.5%,19.415,-9.9%,18.828,-3.0%,13.33,0.7,-9.6%,-24.6%,-14.7%,-9.4%
2199,Extended,China equities,Consumer Discretionary,Consumer Durables & Apparel,Adj,Mar,EPS,CY2025,,0.27,,0.36,+33.3%,0.36,+0.0%,1.78,4.9,,-27.6%,-13.1%,+8.7%
2199,Extended,China equities,Consumer Discretionary,Consumer Durables & Apparel,Adj,Mar,EPS,CY2026,,0.385,,0.47,+22.1%,0.47,+0.0%,1.78,3.8,,-27.6%,-13.1%,+8.7%
2199,Extended,China equities,Consumer Discretionary,Consumer Durables & Apparel,Adj,Mar,EPS,CY2027,,0.5,,0.5,+0.0%,0.5,+0.0%,1.78,3.6,,-27.6%,-13.1%,+8.7%
2199,Extended,China equities,Consumer Discretionary,Consumer Durables & Apparel,Adj,Mar,EPS,CY2028,,,,,,,,1.78,,,-27.6%,-13.1%,+8.7%
600104,Extended,China equities,Consumer Discretionary,Automobiles & Components,Adj,Dec,EPS,CY2025,0.908,1.015,+11.8%,0.961,-5.3%,0.956,-0.5%,10.46,10.9,+5.3%,-31.3%,-26.8%,-32.6%
600104,Extended,China equities,Consumer Discretionary,Automobiles & Components,Adj,Dec,EPS,CY2026,1.133,1.216,+7.3%,1.159,-4.7%,1.044,-9.9%,10.46,10.0,-7.9%,-31.3%,-26.8%,-32.6%
600104,Extended,China equities,Consumer Discretionary,Automobiles & Components,Adj,Dec,EPS,CY2027,1.316,1.459,+10.9%,1.391,-4.7%,1.185,-14.8%,10.46,8.8,-10.0%,-31.3%,-26.8%,-32.6%
600104,Extended,China equities,Consumer Discretionary,Automobiles & Components,Adj,Dec,EPS,CY2028,,1.85,,1.85,+0.0%,1.342,-27.5%,10.46,7.8,,-31.3%,-26.8%,-32.6%
175,Extended,China equities,Consumer Discretionary,Automobiles & Components,GAAP,Dec,EPS,CY2025,1.473,1.65,+12.0%,1.601,-3.0%,1.601,+0.0%,18.59,11.6,+8.7%,+3.9%,-4.8%,+14.9%
175,Extended,China equities,Consumer Discretionary,Automobiles & Components,GAAP,Dec,EPS,CY2026,1.763,1.937,+9.9%,1.878,-3.0%,1.991,+6.0%,18.59,9.3,+12.9%,+3.9%,-4.8%,+14.9%
175,Extended,China equities,Consumer Discretionary,Automobiles & Components,GAAP,Dec,EPS,CY2027,2.176,2.338,+7.4%,2.271,-2.9%,2.411,+6.2%,18.59,7.7,+10.8%,+3.9%,-4.8%,+14.9%
175,Extended,China equities,Consumer Discretionary,Automobiles & Components,GAAP,Dec,EPS,CY2028,1.82,2.325,+27.7%,2.64,+13.5%,2.799,+6.0%,18.59,6.6,+53.8%,+3.9%,-4.8%,+14.9%
2333,Extended,China equities,Consumer Discretionary,Automobiles & Components,Adj,Dec,EPS,CY2025,1.516,1.489,-1.8%,1.354,-9.1%,1.354,+0.0%,10.1,7.5,-10.7%,-34.0%,-21.5%,-13.5%
2333,Extended,China equities,Consumer Discretionary,Automobiles & Components,Adj,Dec,EPS,CY2026,1.734,1.775,+2.4%,1.653,-6.9%,1.344,-18.7%,10.1,7.5,-22.5%,-34.0%,-21.5%,-13.5%
2333,Extended,China equities,Consumer Discretionary,Automobiles & Components,Adj,Dec,EPS,CY2027,1.898,2.01,+5.9%,1.936,-3.7%,1.591,-17.8%,10.1,6.3,-16.2%,-34.0%,-21.5%,-13.5%
2333,Extended,China equities,Consumer Discretionary,Automobiles & Components,Adj,Dec,EPS,CY2028,1.215,1.325,+9.1%,1.457,+10.0%,1.804,+23.8%,10.1,5.6,+48.5%,-34.0%,-21.5%,-13.5%
NRG,Extended,Utilities,Utilities,Utilities,Adj,Dec,EPS,CY2025,7.671,8.005,+4.4%,7.908,-1.2%,7.908,+0.0%,135.06,17.1,+3.1%,-15.2%,-16.3%,-11.5%
NRG,Extended,Utilities,Utilities,Utilities,Adj,Dec,EPS,CY2026,8.844,8.596,-2.8%,9.146,+6.4%,9.622,+5.2%,135.06,14.0,+8.8%,-15.2%,-16.3%,-11.5%
NRG,Extended,Utilities,Utilities,Utilities,Adj,Dec,EPS,CY2027,10.02,10.748,+7.3%,11.092,+3.2%,11.722,+5.7%,135.06,11.5,+17.0%,-15.2%,-16.3%,-11.5%
NRG,Extended,Utilities,Utilities,Utilities,Adj,Dec,EPS,CY2028,11.188,11.275,+0.8%,12.829,+13.8%,13.365,+4.2%,135.06,10.1,+19.5%,-15.2%,-16.3%,-11.5%
CEG,Extended,Utilities,Utilities,Utilities,Adj,Dec,EPS,CY2025,9.398,9.405,+0.1%,9.29,-1.2%,9.29,+0.0%,274.06,29.5,-1.1%,-22.4%,-13.4%,-10.6%
CEG,Extended,Utilities,Utilities,Utilities,Adj,Dec,EPS,CY2026,11.353,11.208,-1.3%,11.35,+1.3%,11.736,+3.4%,274.06,23.4,+3.4%,-22.4%,-13.4%,-10.6%
CEG,Extended,Utilities,Utilities,Utilities,Adj,Dec,EPS,CY2027,12.246,13.036,+6.5%,13.566,+4.1%,13.611,+0.3%,274.06,20.1,+11.1%,-22.4%,-13.4%,-10.6%
CEG,Extended,Utilities,Utilities,Utilities,Adj,Dec,EPS,CY2028,15.216,15.49,+1.8%,16.773,+8.3%,17.291,+3.1%,274.06,15.8,+13.6%,-22.4%,-13.4%,-10.6%
VST,Extended,Utilities,Utilities,Utilities,Adj,Dec,EPS,CY2025,5.923,5.194,-12.3%,4.74,-8.7%,4.74,+0.0%,163.75,34.5,-20.0%,+1.5%,-2.2%,-9.6%
VST,Extended,Utilities,Utilities,Utilities,Adj,Dec,EPS,CY2026,8.317,8.806,+5.9%,8.659,-1.7%,9.103,+5.1%,163.75,18.0,+9.5%,+1.5%,-2.2%,-9.6%
VST,Extended,Utilities,Utilities,Utilities,Adj,Dec,EPS,CY2027,8.791,10.569,+20.2%,10.931,+3.4%,11.183,+2.3%,163.75,14.6,+27.2%,+1.5%,-2.2%,-9.6%
VST,Extended,Utilities,Utilities,Utilities,Adj,Dec,EPS,CY2028,11.593,12.974,+11.9%,12.598,-2.9%,12.527,-0.6%,163.75,13.1,+8.1%,+1.5%,-2.2%,-9.6%
AI,Extended,Technology,Information Technology,Software & Services,Adj,Apr,EPS,CY2025,,,,,,,,10.3,,,-23.6%,+18.8%,-57.4%
AI,Extended,Technology,Information Technology,Software & Services,Adj,Apr,EPS,CY2026,-0.365,-1.337,-266.3%,-1.389,-3.9%,-1.384,+0.4%,10.3,-7.4,-279.2%,-23.6%,+18.8%,-57.4%
AI,Extended,Technology,Information Technology,Software & Services,Adj,Apr,EPS,CY2027,-0.146,-1.062,-627.4%,-0.781,+26.5%,-0.773,+1.0%,10.3,-13.3,-429.5%,-23.6%,+18.8%,-57.4%
AI,Extended,Technology,Information Technology,Software & Services,Adj,Apr,EPS,CY2028,0.076,-0.727,-1056.6%,-0.511,+29.7%,-0.471,+7.8%,10.3,-21.9,-719.7%,-23.6%,+18.8%,-57.4%
PATH,Extended,Software,Information Technology,Software & Services,Adj,Jan,EPS,CY2025,0.551,0.671,+21.8%,0.672,+0.1%,0.672,+0.0%,10.27,15.3,+22.0%,-37.3%,-16.1%,-17.0%
PATH,Extended,Software,Information Technology,Software & Services,Adj,Jan,EPS,CY2026,0.625,0.758,+21.3%,0.799,+5.4%,0.783,-2.0%,10.27,13.1,+25.3%,-37.3%,-16.1%,-17.0%
PATH,Extended,Software,Information Technology,Software & Services,Adj,Jan,EPS,CY2027,0.674,0.822,+22.0%,0.895,+8.9%,0.901,+0.7%,10.27,11.4,+33.7%,-37.3%,-16.1%,-17.0%
PATH,Extended,Software,Information Technology,Software & Services,Adj,Jan,EPS,CY2028,0.73,0.895,+22.6%,0.992,+10.8%,1.054,+6.3%,10.27,9.7,+44.4%,-37.3%,-16.1%,-17.0%
ON,Extended,Technology,Information Technology,Semiconductors & Semiconductor,Adj,Dec,EPS,CY2025,2.306,2.315,+0.4%,2.343,+1.2%,2.343,+0.0%,121.62,51.9,+1.6%,+124.6%,+105.1%,+132.7%
ON,Extended,Technology,Information Technology,Semiconductors & Semiconductor,Adj,Dec,EPS,CY2026,3.129,2.926,-6.5%,2.924,-0.1%,3.092,+5.7%,121.62,39.3,-1.2%,+124.6%,+105.1%,+132.7%
ON,Extended,Technology,Information Technology,Semiconductors & Semiconductor,Adj,Dec,EPS,CY2027,4.449,4.03,-9.4%,4.04,+0.2%,4.298,+6.4%,121.62,28.3,-3.4%,+124.6%,+105.1%,+132.7%
ON,Extended,Technology,Information Technology,Semiconductors & Semiconductor,Adj,Dec,EPS,CY2028,48.213,5.315,-89.0%,5.289,-0.5%,5.865,+10.9%,121.62,20.7,-87.8%,+124.6%,+105.1%,+132.7%
MCHP,Extended,Technology,Information Technology,Semiconductors & Semiconductor,Adj,Mar,EPS,CY2025,1.4,1.452,+3.7%,1.567,+7.9%,1.567,+0.0%,99.77,63.7,+11.9%,+56.6%,+57.6%,+46.7%
MCHP,Extended,Technology,Information Technology,Semiconductors & Semiconductor,Adj,Mar,EPS,CY2026,2.529,2.47,-2.3%,2.661,+7.7%,3.147,+18.3%,99.77,31.7,+24.4%,+56.6%,+57.6%,+46.7%
MCHP,Extended,Technology,Information Technology,Semiconductors & Semiconductor,Adj,Mar,EPS,CY2027,3.19,3.544,+11.1%,3.635,+2.6%,4.133,+13.7%,99.77,24.1,+29.6%,+56.6%,+57.6%,+46.7%
MCHP,Extended,Technology,Information Technology,Semiconductors & Semiconductor,Adj,Mar,EPS,CY2028,,3.77,,4.125,+9.4%,4.666,+13.1%,99.77,21.4,,+56.6%,+57.6%,+46.7%
NXPI,Extended,Technology,Information Technology,Semiconductors & Semiconductor,Adj,Dec,EPS,CY2025,11.533,11.771,+2.1%,11.774,+0.0%,11.774,+0.0%,313.27,26.6,+2.1%,+44.3%,+62.9%,+48.2%
NXPI,Extended,Technology,Information Technology,Semiconductors & Semiconductor,Adj,Dec,EPS,CY2026,13.756,13.782,+0.2%,13.934,+1.1%,14.718,+5.6%,313.27,21.3,+7.0%,+44.3%,+62.9%,+48.2%
NXPI,Extended,Technology,Information Technology,Semiconductors & Semiconductor,Adj,Dec,EPS,CY2027,16.123,16.427,+1.9%,16.811,+2.3%,17.642,+4.9%,313.27,17.8,+9.4%,+44.3%,+62.9%,+48.2%
NXPI,Extended,Technology,Information Technology,Semiconductors & Semiconductor,Adj,Dec,EPS,CY2028,,19.48,,18.959,-2.7%,20.968,+10.6%,313.27,14.9,,+44.3%,+62.9%,+48.2%
HIMS,Extended,Healthcare providers,Health Care,Health Care Equipment & Servic,Adj,Dec,EPS,CY2025,1.07,0.834,-22.1%,0.799,-4.2%,0.799,+0.0%,35.47,44.4,-25.3%,+9.2%,+46.8%,-41.9%
HIMS,Extended,Healthcare providers,Health Care,Health Care Equipment & Servic,Adj,Dec,EPS,CY2026,0.837,0.701,-16.2%,0.656,-6.4%,0.378,-42.4%,35.47,93.8,-54.8%,+9.2%,+46.8%,-41.9%
HIMS,Extended,Healthcare providers,Health Care,Health Care Equipment & Servic,Adj,Dec,EPS,CY2027,,0.929,,0.941,+1.3%,1.002,+6.5%,35.47,35.4,,+9.2%,+46.8%,-41.9%
HIMS,Extended,Healthcare providers,Health Care,Health Care Equipment & Servic,Adj,Dec,EPS,CY2028,,1.487,,1.412,-5.0%,1.374,-2.7%,35.47,25.8,,+9.2%,+46.8%,-41.9%
DOCS,Extended,Healthcare providers,Health Care,Health Care Equipment & Servic,Adj,Mar,EPS,CY2025,1.432,1.575,+10.0%,1.543,-2.0%,1.543,+0.0%,20.46,13.3,+7.8%,-53.8%,-17.5%,-64.1%
DOCS,Extended,Healthcare providers,Health Care,Health Care Equipment & Servic,Adj,Mar,EPS,CY2026,1.589,1.718,+8.1%,1.609,-6.3%,1.429,-11.2%,20.46,14.3,-10.1%,-53.8%,-17.5%,-64.1%
DOCS,Extended,Healthcare providers,Health Care,Health Care Equipment & Servic,Adj,Mar,EPS,CY2027,1.788,1.901,+6.3%,1.782,-6.3%,1.586,-11.0%,20.46,12.9,-11.3%,-53.8%,-17.5%,-64.1%
DOCS,Extended,Healthcare providers,Health Care,Health Care Equipment & Servic,Adj,Mar,EPS,CY2028,2.32,2.157,-7.0%,2.103,-2.5%,1.837,-12.6%,20.46,11.1,-20.8%,-53.8%,-17.5%,-64.1%
COIN,Extended,Financials and related,Financials,Financial Services,Adj,Dec,EPS,CY2025,5.158,5.739,+11.3%,4.406,-23.2%,4.406,+0.0%,163.26,37.1,-14.6%,-27.8%,-19.5%,-44.7%
COIN,Extended,Financials and related,Financials,Financial Services,Adj,Dec,EPS,CY2026,7.23,6.987,-3.4%,3.501,-49.9%,1.313,-62.5%,163.26,124.3,-81.8%,-27.8%,-19.5%,-44.7%
COIN,Extended,Financials and related,Financials,Financial Services,Adj,Dec,EPS,CY2027,8.357,7.349,-12.1%,5.357,-27.1%,4.93,-8.0%,163.26,33.1,-41.0%,-27.8%,-19.5%,-44.7%
COIN,Extended,Financials and related,Financials,Financial Services,Adj,Dec,EPS,CY2028,8.71,8.928,+2.5%,6.198,-30.6%,6.012,-3.0%,163.26,27.2,-31.0%,-27.8%,-19.5%,-44.7%
SOFI,Extended,Financials and related,Financials,Financial Services,Adj,Dec,EPS,CY2025,0.278,0.384,+38.1%,0.366,-4.7%,0.366,+0.0%,17.91,48.9,+31.7%,-31.6%,+4.9%,+16.6%
SOFI,Extended,Financials and related,Financials,Financial Services,Adj,Dec,EPS,CY2026,0.495,0.585,+18.2%,0.599,+2.4%,0.6,+0.2%,17.91,29.9,+21.2%,-31.6%,+4.9%,+16.6%
SOFI,Extended,Financials and related,Financials,Financial Services,Adj,Dec,EPS,CY2027,0.677,0.824,+21.7%,0.827,+0.4%,0.835,+1.0%,17.91,21.4,+23.3%,-31.6%,+4.9%,+16.6%
SOFI,Extended,Financials and related,Financials,Financial Services,Adj,Dec,EPS,CY2028,,0.907,,1.022,+12.7%,1.047,+2.4%,17.91,17.1,,-31.6%,+4.9%,+16.6%
CPNG,Extended,Retailers,Consumer Discretionary,Consumer Discretionary Distrib,Adj,Dec,EPS,CY2025,0.32,0.171,-46.6%,0.168,-1.8%,0.168,+0.0%,18.0,107.1,-47.5%,-23.7%,-6.6%,-36.6%
CPNG,Extended,Retailers,Consumer Discretionary,Consumer Discretionary Distrib,Adj,Dec,EPS,CY2026,0.714,0.534,-25.2%,0.142,-73.4%,-0.123,-186.6%,18.0,-146.3,-117.2%,-23.7%,-6.6%,-36.6%
CPNG,Extended,Retailers,Consumer Discretionary,Consumer Discretionary Distrib,Adj,Dec,EPS,CY2027,0.99,0.895,-9.6%,0.569,-36.4%,0.361,-36.6%,18.0,49.9,-63.5%,-23.7%,-6.6%,-36.6%
CPNG,Extended,Retailers,Consumer Discretionary,Consumer Discretionary Distrib,Adj,Dec,EPS,CY2028,1.29,1.24,-3.9%,0.862,-30.5%,0.713,-17.3%,18.0,25.2,-44.7%,-23.7%,-6.6%,-36.6%
MELI,Extended,Retailers,Consumer Discretionary,Consumer Discretionary Distrib,Adj,Dec,EPS,CY2025,49.89,41.09,-17.6%,40.854,-0.6%,40.854,+0.0%,1635.15,40.0,-18.1%,-18.8%,-1.9%,-31.9%
MELI,Extended,Retailers,Consumer Discretionary,Consumer Discretionary Distrib,Adj,Dec,EPS,CY2026,68.895,59.964,-13.0%,54.684,-8.8%,39.937,-27.0%,1635.15,40.9,-42.0%,-18.8%,-1.9%,-31.9%
MELI,Extended,Retailers,Consumer Discretionary,Consumer Discretionary Distrib,Adj,Dec,EPS,CY2027,91.758,82.968,-9.6%,76.11,-8.3%,56.912,-25.2%,1635.15,28.7,-38.0%,-18.8%,-1.9%,-31.9%
MELI,Extended,Retailers,Consumer Discretionary,Consumer Discretionary Distrib,Adj,Dec,EPS,CY2028,117.226,105.109,-10.3%,99.757,-5.1%,80.128,-19.7%,1635.15,20.4,-31.6%,-18.8%,-1.9%,-31.9%
SE,Extended,Internet,Consumer Discretionary,Consumer Discretionary Distrib,Adj,Dec,EPS,CY2025,4.045,3.641,-10.0%,3.587,-1.5%,3.587,+0.0%,91.28,25.4,-11.3%,-28.4%,+12.7%,-41.4%
SE,Extended,Internet,Consumer Discretionary,Consumer Discretionary Distrib,Adj,Dec,EPS,CY2026,5.725,4.95,-13.5%,3.684,-25.6%,3.735,+1.4%,91.28,24.4,-34.8%,-28.4%,+12.7%,-41.4%
SE,Extended,Internet,Consumer Discretionary,Consumer Discretionary Distrib,Adj,Dec,EPS,CY2027,7.033,6.579,-6.5%,4.859,-26.1%,5.121,+5.4%,91.28,17.8,-27.2%,-28.4%,+12.7%,-41.4%
SE,Extended,Internet,Consumer Discretionary,Consumer Discretionary Distrib,Adj,Dec,EPS,CY2028,10.945,8.93,-18.4%,6.06,-32.1%,6.452,+6.5%,91.28,14.1,-41.1%,-28.4%,+12.7%,-41.4%
GTLB,Extended,Software,Information Technology,Software & Services,Adj,Jan,EPS,CY2025,0.749,0.895,+19.5%,0.894,-0.1%,0.894,+0.0%,26.56,29.7,+19.4%,-29.2%,+16.0%,-36.8%
GTLB,Extended,Software,Information Technology,Software & Services,Adj,Jan,EPS,CY2026,0.968,1.065,+10.0%,0.798,-25.1%,0.82,+2.8%,26.56,32.4,-15.3%,-29.2%,+16.0%,-36.8%
GTLB,Extended,Software,Information Technology,Software & Services,Adj,Jan,EPS,CY2027,1.34,1.324,-1.2%,1.03,-22.2%,1.029,-0.1%,26.56,25.8,-23.2%,-29.2%,+16.0%,-36.8%
GTLB,Extended,Software,Information Technology,Software & Services,Adj,Jan,EPS,CY2028,1.46,1.807,+23.8%,1.361,-24.7%,1.216,-10.7%,26.56,21.8,-16.7%,-29.2%,+16.0%,-36.8%
CFLT,Extended,Software,,,Adj,Dec,EPS,CY2025,0.369,0.399,+8.1%,0.4,+0.3%,0.4,+0.0%,,,+8.4%,,,
CFLT,Extended,Software,,,Adj,Dec,EPS,CY2026,0.476,0.484,+1.7%,0.533,+10.1%,0.533,+0.0%,,,+12.0%,,,
CFLT,Extended,Software,,,Adj,Dec,EPS,CY2027,0.659,0.637,-3.3%,0.73,+14.6%,0.73,+0.0%,,,+10.8%,,,
CFLT,Extended,Software,,,Adj,Dec,EPS,CY2028,,0.776,,0.81,+4.4%,0.81,+0.0%,,,,,,
IONQ,Extended,Technology,Information Technology,Technology Hardware & Equipmen,Adj,Dec,EPS,CY2025,-0.65,-0.839,-29.1%,-0.833,+0.7%,-0.833,+0.0%,56.55,-67.9,-28.2%,+26.0%,+77.3%,+42.7%
IONQ,Extended,Technology,Information Technology,Technology Hardware & Equipmen,Adj,Dec,EPS,CY2026,-0.718,-1.102,-53.5%,-0.882,+20.0%,-1.131,-28.2%,56.55,-50.0,-57.5%,+26.0%,+77.3%,+42.7%
IONQ,Extended,Technology,Information Technology,Technology Hardware & Equipmen,Adj,Dec,EPS,CY2027,-0.435,-0.74,-70.1%,-0.796,-7.6%,-1.032,-29.6%,56.55,-54.8,-137.2%,+26.0%,+77.3%,+42.7%
IONQ,Extended,Technology,Information Technology,Technology Hardware & Equipmen,Adj,Dec,EPS,CY2028,-0.45,-0.623,-38.4%,-0.532,+14.6%,-0.79,-48.5%,56.55,-71.6,-75.6%,+26.0%,+77.3%,+42.7%
ZS,Extended,Software,Information Technology,Software & Services,Adj,Jul,EPS,CY2025,3.189,3.19,+0.0%,3.19,+0.0%,3.19,+0.0%,124.85,39.1,+0.0%,-44.5%,-19.7%,-59.1%
ZS,Extended,Software,Information Technology,Software & Services,Adj,Jul,EPS,CY2026,3.665,3.815,+4.1%,4.012,+5.2%,4.126,+2.8%,124.85,30.3,+12.6%,-44.5%,-19.7%,-59.1%
ZS,Extended,Software,Information Technology,Software & Services,Adj,Jul,EPS,CY2027,4.428,4.485,+1.3%,4.574,+2.0%,4.596,+0.5%,124.85,27.2,+3.8%,-44.5%,-19.7%,-59.1%
ZS,Extended,Software,Information Technology,Software & Services,Adj,Jul,EPS,CY2028,5.499,5.44,-1.1%,5.522,+1.5%,5.391,-2.4%,124.85,23.2,-2.0%,-44.5%,-19.7%,-59.1%
S,Extended,Software,Information Technology,Software & Services,Adj,Jan,EPS,CY2025,0.201,0.193,-4.0%,0.195,+1.0%,0.195,+0.0%,15.02,77.0,-3.0%,+0.1%,+3.2%,-14.7%
S,Extended,Software,Information Technology,Software & Services,Adj,Jan,EPS,CY2026,0.351,0.307,-12.5%,0.342,+11.4%,0.35,+2.3%,15.02,42.9,-0.3%,+0.1%,+3.2%,-14.7%
S,Extended,Software,Information Technology,Software & Services,Adj,Jan,EPS,CY2027,0.531,0.446,-16.0%,0.478,+7.2%,0.501,+4.8%,15.02,30.0,-5.6%,+0.1%,+3.2%,-14.7%
S,Extended,Software,Information Technology,Software & Services,Adj,Jan,EPS,CY2028,0.81,0.716,-11.6%,0.674,-5.9%,0.71,+5.3%,15.02,21.2,-12.3%,+0.1%,+3.2%,-14.7%
AFRM,Extended,Payments,Financials,Financial Services,Adj,Jun,EPS,CY2025,0.101,0.065,-35.6%,0.065,+0.0%,0.065,+0.0%,73.92,1137.2,-35.6%,-0.7%,+66.4%,+19.8%
AFRM,Extended,Payments,Financials,Financial Services,Adj,Jun,EPS,CY2026,1.137,1.075,-5.5%,1.081,+0.6%,1.277,+18.1%,73.92,57.9,+12.3%,-0.7%,+66.4%,+19.8%
AFRM,Extended,Payments,Financials,Financial Services,Adj,Jun,EPS,CY2027,1.877,1.846,-1.7%,1.942,+5.2%,2.127,+9.5%,73.92,34.8,+13.3%,-0.7%,+66.4%,+19.8%
AFRM,Extended,Payments,Financials,Financial Services,Adj,Jun,EPS,CY2028,2.2,2.381,+8.2%,2.523,+6.0%,2.955,+17.1%,73.92,25.0,+34.3%,-0.7%,+66.4%,+19.8%
GRAB,Extended,Internet,Industrials,Transportation,Adj,Dec,EPS,CY2025,0.051,0.039,-23.5%,0.039,+0.0%,0.039,+0.0%,3.57,91.5,-23.5%,-28.5%,-3.0%,-23.4%
GRAB,Extended,Internet,Industrials,Transportation,Adj,Dec,EPS,CY2026,0.11,0.1,-9.1%,0.097,-3.0%,0.103,+6.2%,3.57,34.7,-6.4%,-28.5%,-3.0%,-23.4%
GRAB,Extended,Internet,Industrials,Transportation,Adj,Dec,EPS,CY2027,0.157,0.153,-2.5%,0.154,+0.7%,0.154,+0.0%,3.57,23.2,-1.9%,-28.5%,-3.0%,-23.4%
GRAB,Extended,Internet,Industrials,Transportation,Adj,Dec,EPS,CY2028,0.22,0.23,+4.5%,0.198,-13.9%,0.207,+4.5%,3.57,17.2,-5.9%,-28.5%,-3.0%,-23.4%
GLBE,Extended,Internet,Consumer Discretionary,Consumer Discretionary Distrib,Adj,Dec,EPS,CY2025,0.382,0.341,-10.7%,0.342,+0.3%,0.342,+0.0%,32.84,96.0,-10.5%,-16.5%,-3.4%,+4.3%
GLBE,Extended,Internet,Consumer Discretionary,Consumer Discretionary Distrib,Adj,Dec,EPS,CY2026,1.006,1.045,+3.9%,1.107,+5.9%,1.244,+12.4%,32.84,26.4,+23.7%,-16.5%,-3.4%,+4.3%
GLBE,Extended,Internet,Consumer Discretionary,Consumer Discretionary Distrib,Adj,Dec,EPS,CY2027,1.382,1.435,+3.8%,1.635,+13.9%,1.674,+2.4%,32.84,19.6,+21.1%,-16.5%,-3.4%,+4.3%
GLBE,Extended,Internet,Consumer Discretionary,Consumer Discretionary Distrib,Adj,Dec,EPS,CY2028,2.065,2.025,-1.9%,2.108,+4.1%,2.283,+8.3%,32.84,14.4,+10.6%,-16.5%,-3.4%,+4.3%
DUOL,Extended,Internet,Consumer Discretionary,Consumer Services,Adj,Dec,EPS,CY2025,2.884,8.437,+192.5%,8.448,+0.1%,8.448,+0.0%,125.56,14.9,+192.9%,-28.5%,+26.1%,-73.8%
DUOL,Extended,Internet,Consumer Discretionary,Consumer Services,Adj,Dec,EPS,CY2026,4.758,4.67,-1.8%,3.001,-35.7%,2.875,-4.2%,125.56,43.7,-39.6%,-28.5%,+26.1%,-73.8%
DUOL,Extended,Internet,Consumer Discretionary,Consumer Services,Adj,Dec,EPS,CY2027,6.501,5.486,-15.6%,3.834,-30.1%,3.561,-7.1%,125.56,35.3,-45.2%,-28.5%,+26.1%,-73.8%
DUOL,Extended,Internet,Consumer Discretionary,Consumer Services,Adj,Dec,EPS,CY2028,7.285,7.084,-2.8%,3.935,-44.5%,4.041,+2.7%,125.56,31.1,-44.5%,-28.5%,+26.1%,-73.8%
INSP,Extended,Pharma / Med Devices,Health Care,Health Care Equipment & Servic,Adj,Dec,EPS,CY2025,2.251,1.434,-36.3%,1.492,+4.0%,1.492,+0.0%,42.61,28.6,-33.7%,-53.8%,-22.1%,-67.1%
INSP,Extended,Pharma / Med Devices,Health Care,Health Care Equipment & Servic,Adj,Dec,EPS,CY2026,3.186,1.751,-45.0%,1.865,+6.5%,0.857,-54.0%,42.61,49.7,-73.1%,-53.8%,-22.1%,-67.1%
INSP,Extended,Pharma / Med Devices,Health Care,Health Care Equipment & Servic,Adj,Dec,EPS,CY2027,4.243,2.525,-40.5%,2.469,-2.2%,1.27,-48.6%,42.61,33.6,-70.1%,-53.8%,-22.1%,-67.1%
INSP,Extended,Pharma / Med Devices,Health Care,Health Care Equipment & Servic,Adj,Dec,EPS,CY2028,5.131,3.348,-34.7%,3.333,-0.4%,1.999,-40.0%,42.61,21.3,-61.0%,-53.8%,-22.1%,-67.1%
GDRX,Extended,Healthcare providers,Health Care,Health Care Equipment & Servic,Adj,Dec,EPS,CY2025,0.387,0.361,-6.7%,0.361,+0.0%,0.361,+0.0%,2.66,7.4,-6.7%,-1.8%,+23.7%,-40.6%
GDRX,Extended,Healthcare providers,Health Care,Health Care Equipment & Servic,Adj,Dec,EPS,CY2026,0.457,0.433,-5.3%,0.318,-26.6%,0.309,-2.8%,2.66,8.6,-32.4%,-1.8%,+23.7%,-40.6%
GDRX,Extended,Healthcare providers,Health Care,Health Care Equipment & Servic,Adj,Dec,EPS,CY2027,0.514,0.511,-0.6%,0.37,-27.6%,0.359,-3.0%,2.66,7.4,-30.2%,-1.8%,+23.7%,-40.6%
GDRX,Extended,Healthcare providers,Health Care,Health Care Equipment & Servic,Adj,Dec,EPS,CY2028,0.6,0.531,-11.5%,0.447,-15.8%,0.428,-4.3%,2.66,6.2,-28.7%,-1.8%,+23.7%,-40.6%
OSCR,Extended,Managed Care,Financials,Insurance,Adj,Dec,EPS,CY2025,0.714,-1.136,-259.1%,-1.214,-6.9%,-1.214,+0.0%,28.4,-23.4,-270.0%,+97.6%,+113.5%,+51.3%
OSCR,Extended,Managed Care,Financials,Insurance,Adj,Dec,EPS,CY2026,0.883,-0.094,-110.6%,0.826,+978.7%,0.871,+5.4%,28.4,32.6,-1.4%,+97.6%,+113.5%,+51.3%
OSCR,Extended,Managed Care,Financials,Insurance,Adj,Dec,EPS,CY2027,1.667,0.99,-40.6%,1.192,+20.4%,1.48,+24.2%,28.4,19.2,-11.2%,+97.6%,+113.5%,+51.3%
OSCR,Extended,Managed Care,Financials,Insurance,Adj,Dec,EPS,CY2028,,1.4,,2.01,+43.6%,2.283,+13.6%,28.4,12.4,,+97.6%,+113.5%,+51.3%
FSLR,Extended,Energy,Information Technology,Semiconductors & Semiconductor,Adj,Dec,EPS,CY2025,15.02,14.546,-3.2%,14.547,+0.0%,14.547,+0.0%,257.7,17.7,-3.1%,-1.4%,+29.1%,+79.4%
FSLR,Extended,Energy,Information Technology,Semiconductors & Semiconductor,Adj,Dec,EPS,CY2026,22.249,22.859,+2.7%,18.892,-17.4%,17.65,-6.6%,257.7,14.6,-20.7%,-1.4%,+29.1%,+79.4%
FSLR,Extended,Energy,Information Technology,Semiconductors & Semiconductor,Adj,Dec,EPS,CY2027,27.073,28.994,+7.1%,24.992,-13.8%,23.869,-4.5%,257.7,10.8,-11.8%,-1.4%,+29.1%,+79.4%
FSLR,Extended,Energy,Information Technology,Semiconductors & Semiconductor,Adj,Dec,EPS,CY2028,29.236,32.663,+11.7%,30.364,-7.0%,28.576,-5.9%,257.7,9.0,-2.3%,-1.4%,+29.1%,+79.4%
ENPH,Extended,Energy,Information Technology,Semiconductors & Semiconductor,Adj,Dec,EPS,CY2025,2.472,2.814,+13.8%,2.809,-0.2%,2.809,+0.0%,52.28,18.6,+13.6%,+63.1%,+17.1%,+43.7%
ENPH,Extended,Energy,Information Technology,Semiconductors & Semiconductor,Adj,Dec,EPS,CY2026,2.956,2.09,-29.3%,2.183,+4.4%,2.082,-4.6%,52.28,25.1,-29.6%,+63.1%,+17.1%,+43.7%
ENPH,Extended,Energy,Information Technology,Semiconductors & Semiconductor,Adj,Dec,EPS,CY2027,3.312,2.5,-24.5%,2.608,+4.3%,2.44,-6.4%,52.28,21.4,-26.3%,+63.1%,+17.1%,+43.7%
ENPH,Extended,Energy,Information Technology,Semiconductors & Semiconductor,Adj,Dec,EPS,CY2028,3.507,2.981,-15.0%,3.059,+2.6%,2.919,-4.6%,52.28,17.9,-16.8%,+63.1%,+17.1%,+43.7%
RUN,Extended,Energy,Industrials,Capital Goods,Adj,Dec,EPS,CY2025,-0.076,1.433,+1985.5%,1.489,+3.9%,1.489,+0.0%,13.52,9.1,+2059.2%,-26.5%,+3.4%,+120.6%
RUN,Extended,Energy,Industrials,Capital Goods,Adj,Dec,EPS,CY2026,0.03,0.393,+1210.0%,0.575,+46.3%,1.095,+90.4%,13.52,12.3,+3550.0%,-26.5%,+3.4%,+120.6%
RUN,Extended,Energy,Industrials,Capital Goods,Adj,Dec,EPS,CY2027,0.148,0.441,+198.0%,0.315,-28.6%,0.536,+70.2%,13.52,25.2,+262.2%,-26.5%,+3.4%,+120.6%
RUN,Extended,Energy,Industrials,Capital Goods,Adj,Dec,EPS,CY2028,1.046,1.231,+17.7%,0.247,-79.9%,0.565,+128.7%,13.52,23.9,-46.0%,-26.5%,+3.4%,+120.6%
PLUG,Extended,Energy,Industrials,Capital Goods,Adj,Dec,EPS,CY2025,-0.579,-0.735,-26.9%,-0.733,+0.3%,-0.733,+0.0%,2.85,-3.9,-26.6%,+44.7%,+18.8%,+150.0%
PLUG,Extended,Energy,Industrials,Capital Goods,Adj,Dec,EPS,CY2026,-0.367,-0.307,+16.3%,-0.312,-1.6%,-0.321,-2.9%,2.85,-8.9,+12.5%,+44.7%,+18.8%,+150.0%
PLUG,Extended,Energy,Industrials,Capital Goods,Adj,Dec,EPS,CY2027,-0.264,-0.211,+20.1%,-0.209,+0.9%,-0.168,+19.6%,2.85,-17.0,+36.4%,+44.7%,+18.8%,+150.0%
PLUG,Extended,Energy,Industrials,Capital Goods,Adj,Dec,EPS,CY2028,-0.252,-0.113,+55.2%,-0.121,-7.1%,-0.105,+13.2%,2.85,-27.1,+58.3%,+44.7%,+18.8%,+150.0%
GFS,Extended,Technology,Information Technology,Semiconductors & Semiconductor,Adj,Dec,EPS,CY2025,1.601,1.636,+2.2%,1.636,+0.0%,1.636,+0.0%,85.83,52.5,+2.2%,+145.8%,+97.9%,+131.2%
GFS,Extended,Technology,Information Technology,Semiconductors & Semiconductor,Adj,Dec,EPS,CY2026,2.206,1.896,-14.1%,1.814,-4.3%,1.916,+5.6%,85.83,44.8,-13.1%,+145.8%,+97.9%,+131.2%
GFS,Extended,Technology,Information Technology,Semiconductors & Semiconductor,Adj,Dec,EPS,CY2027,2.739,2.302,-16.0%,2.348,+2.0%,2.545,+8.4%,85.83,33.7,-7.1%,+145.8%,+97.9%,+131.2%
GFS,Extended,Technology,Information Technology,Semiconductors & Semiconductor,Adj,Dec,EPS,CY2028,45.438,30.678,-32.5%,3.016,-90.2%,3.259,+8.1%,85.83,26.3,-92.8%,+145.8%,+97.9%,+131.2%
2454,Extended,Technology,Information Technology,Semiconductors & Semiconductor,GAAP,Dec,EPS,CY2025,72.105,66.559,-7.7%,66.537,-0.0%,66.537,+0.0%,4390.0,66.0,-7.7%,+207.0%,+158.2%,+251.2%
2454,Extended,Technology,Information Technology,Semiconductors & Semiconductor,GAAP,Dec,EPS,CY2026,83.649,71.936,-14.0%,65.193,-9.4%,65.997,+1.2%,4390.0,66.5,-21.1%,+207.0%,+158.2%,+251.2%
2454,Extended,Technology,Information Technology,Semiconductors & Semiconductor,GAAP,Dec,EPS,CY2027,98.701,90.395,-8.4%,97.138,+7.5%,121.138,+24.7%,4390.0,36.2,+22.7%,+207.0%,+158.2%,+251.2%
2454,Extended,Technology,Information Technology,Semiconductors & Semiconductor,GAAP,Dec,EPS,CY2028,,98.185,,124.198,+26.5%,214.267,+72.5%,4390.0,20.5,,+207.0%,+158.2%,+251.2%
AMG,Extended,Financials and related,Financials,Financial Services,Adj,Dec,EPS,CY2025,22.877,25.48,+11.4%,25.53,+0.2%,25.53,+0.0%,352.9,13.8,+11.6%,+22.4%,+26.6%,+91.2%
AMG,Extended,Financials and related,Financials,Financial Services,Adj,Dec,EPS,CY2026,25.752,30.014,+16.6%,32.6,+8.6%,34.83,+6.8%,352.9,10.1,+35.3%,+22.4%,+26.6%,+91.2%
AMG,Extended,Financials and related,Financials,Financial Services,Adj,Dec,EPS,CY2027,29.162,35.742,+22.6%,38.328,+7.2%,39.702,+3.6%,352.9,8.9,+36.1%,+22.4%,+26.6%,+91.2%
AMG,Extended,Financials and related,Financials,Financial Services,Adj,Dec,EPS,CY2028,33.07,39.095,+18.2%,42.373,+8.4%,45.875,+8.3%,352.9,7.7,+38.7%,+22.4%,+26.6%,+91.2%
AB,Extended,Financials and related,Financials,Financial Services,Adj,Dec,EPS,CY2025,3.153,3.321,+5.3%,3.32,-0.0%,3.32,+0.0%,35.95,10.8,+5.3%,-6.6%,-4.0%,-9.9%
AB,Extended,Financials and related,Financials,Financial Services,Adj,Dec,EPS,CY2026,3.537,3.78,+6.9%,3.619,-4.3%,3.464,-4.3%,35.95,10.4,-2.1%,-6.6%,-4.0%,-9.9%
AB,Extended,Financials and related,Financials,Financial Services,Adj,Dec,EPS,CY2027,4.085,4.1,+0.4%,4.028,-1.8%,3.826,-5.0%,35.95,9.4,-6.3%,-6.6%,-4.0%,-9.9%
AB,Extended,Financials and related,Financials,Financial Services,Adj,Dec,EPS,CY2028,,4.28,,4.133,-3.4%,4.217,+2.0%,35.95,8.5,,-6.6%,-4.0%,-9.9%
BLK,Extended,Financials and related,Financials,Financial Services,Adj,Dec,EPS,CY2025,45.974,47.746,+3.9%,47.182,-1.2%,47.182,+0.0%,1050.09,22.3,+2.6%,-1.9%,+8.3%,+7.2%
BLK,Extended,Financials and related,Financials,Financial Services,Adj,Dec,EPS,CY2026,51.389,53.759,+4.6%,54.269,+0.9%,53.311,-1.8%,1050.09,19.7,+3.7%,-1.9%,+8.3%,+7.2%
BLK,Extended,Financials and related,Financials,Financial Services,Adj,Dec,EPS,CY2027,58.399,61.069,+4.6%,61.686,+1.0%,60.641,-1.7%,1050.09,17.3,+3.8%,-1.9%,+8.3%,+7.2%
BLK,Extended,Financials and related,Financials,Financial Services,Adj,Dec,EPS,CY2028,,67.357,,70.276,+4.3%,69.211,-1.5%,1050.09,15.2,,-1.9%,+8.3%,+7.2%
FHI,Extended,Financials and related,Financials,Financial Services,Adj,Dec,EPS,CY2025,4.336,4.93,+13.7%,4.942,+0.2%,4.942,+0.0%,59.07,12.0,+14.0%,+13.4%,+5.9%,+39.8%
FHI,Extended,Financials and related,Financials,Financial Services,Adj,Dec,EPS,CY2026,4.409,5.122,+16.2%,5.052,-1.4%,5.135,+1.6%,59.07,11.5,+16.5%,+13.4%,+5.9%,+39.8%
FHI,Extended,Financials and related,Financials,Financial Services,Adj,Dec,EPS,CY2027,4.907,5.698,+16.1%,5.733,+0.6%,5.733,+0.0%,59.07,10.3,+16.8%,+13.4%,+5.9%,+39.8%
FHI,Extended,Financials and related,Financials,Financial Services,Adj,Dec,EPS,CY2028,5.29,5.885,+11.2%,6.283,+6.8%,6.59,+4.9%,59.07,9.0,+24.6%,+13.4%,+5.9%,+39.8%
JHG,Extended,Financials and related,Financials,Financial Services,Adj,Dec,EPS,CY2025,3.325,3.972,+19.5%,4.015,+1.1%,4.015,+0.0%,51.88,12.9,+20.8%,+9.1%,+1.0%,+41.6%
JHG,Extended,Financials and related,Financials,Financial Services,Adj,Dec,EPS,CY2026,3.618,4.36,+20.5%,4.453,+2.1%,4.222,-5.2%,51.88,12.3,+16.7%,+9.1%,+1.0%,+41.6%
JHG,Extended,Financials and related,Financials,Financial Services,Adj,Dec,EPS,CY2027,3.837,4.706,+22.6%,4.784,+1.7%,4.69,-2.0%,51.88,11.1,+22.2%,+9.1%,+1.0%,+41.6%
JHG,Extended,Financials and related,Financials,Financial Services,Adj,Dec,EPS,CY2028,4.41,5.103,+15.7%,5.14,+0.7%,4.797,-6.7%,51.88,10.8,+8.8%,+9.1%,+1.0%,+41.6%
IVZ,Extended,Financials and related,Financials,Financial Services,Adj,Dec,EPS,CY2025,1.684,1.971,+17.0%,1.993,+1.1%,1.993,+0.0%,28.14,14.1,+18.3%,+7.1%,+20.7%,+91.2%
IVZ,Extended,Financials and related,Financials,Financial Services,Adj,Dec,EPS,CY2026,1.823,2.536,+39.1%,2.65,+4.5%,2.581,-2.6%,28.14,10.9,+41.6%,+7.1%,+20.7%,+91.2%
IVZ,Extended,Financials and related,Financials,Financial Services,Adj,Dec,EPS,CY2027,2.175,2.92,+34.3%,3.009,+3.0%,2.962,-1.6%,28.14,9.5,+36.2%,+7.1%,+20.7%,+91.2%
IVZ,Extended,Financials and related,Financials,Financial Services,Adj,Dec,EPS,CY2028,2.22,3.297,+48.5%,3.36,+1.9%,3.211,-4.4%,28.14,8.8,+44.6%,+7.1%,+20.7%,+91.2%
IR,Extended,Industrial / Cyclical,Industrials,Capital Goods,Adj,Dec,EPS,CY2025,3.338,3.284,-1.6%,3.28,-0.1%,3.28,+0.0%,77.91,23.8,-1.7%,-1.7%,-5.2%,-3.6%
IR,Extended,Industrial / Cyclical,Industrials,Capital Goods,Adj,Dec,EPS,CY2026,3.664,3.548,-3.2%,3.53,-0.5%,3.505,-0.7%,77.91,22.2,-4.3%,-1.7%,-5.2%,-3.6%
IR,Extended,Industrial / Cyclical,Industrials,Capital Goods,Adj,Dec,EPS,CY2027,4.005,3.923,-2.0%,3.889,-0.9%,3.843,-1.2%,77.91,20.3,-4.0%,-1.7%,-5.2%,-3.6%
IR,Extended,Industrial / Cyclical,Industrials,Capital Goods,Adj,Dec,EPS,CY2028,4.454,4.377,-1.7%,4.298,-1.8%,4.197,-2.3%,77.91,18.6,-5.8%,-1.7%,-5.2%,-3.6%
HCA,Portfolio,,Health Care,Health Care Equipment & Servic,,Dec,Revenue,CY2025,74701.375,75753.348,+1.4%,75765.818,+0.0%,75765.818,+0.0%,375.17,,+1.4%,-19.6%,-24.9%,-0.4%
HCA,Portfolio,,Health Care,Health Care Equipment & Servic,,Dec,Revenue,CY2026,78479.0,79114.696,+0.8%,78681.13,-0.5%,78556.417,-0.2%,375.17,,+0.1%,-19.6%,-24.9%,-0.4%
HCA,Portfolio,,Health Care,Health Care Equipment & Servic,,Dec,Revenue,CY2027,82542.0,83128.05,+0.7%,82438.318,-0.8%,82347.292,-0.1%,375.17,,-0.2%,-19.6%,-24.9%,-0.4%
HCA,Portfolio,,Health Care,Health Care Equipment & Servic,,Dec,Revenue,CY2028,88487.667,88409.25,-0.1%,87050.545,-1.5%,86847.643,-0.2%,375.17,,-1.9%,-19.6%,-24.9%,-0.4%
UNH,Portfolio,,Health Care,Health Care Equipment & Servic,,Dec,Revenue,CY2025,449121.762,447636.261,-0.3%,448006.833,+0.1%,448006.833,+0.0%,400.96,,-0.2%,+21.5%,+43.0%,+30.5%
UNH,Portfolio,,Health Care,Health Care Equipment & Servic,,Dec,Revenue,CY2026,477075.429,455041.304,-4.6%,440634.478,-3.2%,443962.042,+0.8%,400.96,,-6.9%,+21.5%,+43.0%,+30.5%
UNH,Portfolio,,Health Care,Health Care Equipment & Servic,,Dec,Revenue,CY2027,508240.214,478909.045,-5.8%,455333.391,-4.9%,456550.0,+0.3%,400.96,,-10.2%,+21.5%,+43.0%,+30.5%
UNH,Portfolio,,Health Care,Health Care Equipment & Servic,,Dec,Revenue,CY2028,541851.25,508370.3,-6.2%,482221.188,-5.1%,483429.588,+0.3%,400.96,,-10.8%,+21.5%,+43.0%,+30.5%
TSM,Portfolio,,Information Technology,Semiconductors & Semiconductor,,Dec,Revenue,CY2025,124604.519,119863.799,-3.8%,119941.697,+0.1%,119941.697,+0.0%,462.12,,-3.7%,+52.1%,+36.4%,+116.4%
TSM,Portfolio,,Information Technology,Semiconductors & Semiconductor,,Dec,Revenue,CY2026,145290.739,146835.228,+1.1%,156536.151,+6.6%,164557.721,+5.1%,462.12,,+13.3%,+52.1%,+36.4%,+116.4%
TSM,Portfolio,,Information Technology,Semiconductors & Semiconductor,,Dec,Revenue,CY2027,169407.843,176791.868,+4.4%,195663.554,+10.7%,209047.198,+6.8%,462.12,,+23.4%,+52.1%,+36.4%,+116.4%
TSM,Portfolio,,Information Technology,Semiconductors & Semiconductor,,Dec,Revenue,CY2028,190902.592,197070.124,+3.2%,230956.642,+17.2%,255893.072,+10.8%,462.12,,+34.0%,+52.1%,+36.4%,+116.4%
AVGO,Portfolio,,Information Technology,Semiconductors & Semiconductor,,Oct,Revenue,CY2025,62743.0,63377.959,+1.0%,63377.959,+0.0%,63377.959,+0.0%,411.35,,+1.0%,+18.9%,+28.6%,+63.7%
AVGO,Portfolio,,Information Technology,Semiconductors & Semiconductor,,Oct,Revenue,CY2026,75953.419,95451.6,+25.7%,102581.596,+7.5%,105807.286,+3.1%,411.35,,+39.3%,+18.9%,+28.6%,+63.7%
AVGO,Portfolio,,Information Technology,Semiconductors & Semiconductor,,Oct,Revenue,CY2027,84625.304,130310.783,+54.0%,155661.51,+19.5%,173087.51,+11.2%,411.35,,+104.5%,+18.9%,+28.6%,+63.7%
AVGO,Portfolio,,Information Technology,Semiconductors & Semiconductor,,Oct,Revenue,CY2028,112023.0,151246.4,+35.0%,187925.179,+24.3%,226142.281,+20.3%,411.35,,+101.9%,+18.9%,+28.6%,+63.7%
NVDA,Portfolio,,Information Technology,Semiconductors & Semiconductor,,Jan,Revenue,CY2025,200636.0,213372.813,+6.3%,213762.537,+0.2%,213762.537,+0.0%,210.69,,+6.5%,+13.0%,+18.0%,+44.8%
NVDA,Portfolio,,Information Technology,Semiconductors & Semiconductor,,Jan,Revenue,CY2026,249682.2,326625.585,+30.8%,366603.754,+12.2%,387897.671,+5.8%,210.69,,+55.4%,+13.0%,+18.0%,+44.8%
NVDA,Portfolio,,Information Technology,Semiconductors & Semiconductor,,Jan,Revenue,CY2027,280862.303,417606.78,+48.7%,481696.492,+15.3%,547796.153,+13.7%,210.69,,+95.0%,+13.0%,+18.0%,+44.8%
NVDA,Portfolio,,Information Technology,Semiconductors & Semiconductor,,Jan,Revenue,CY2028,312229.8,531606.714,+70.3%,581096.0,+9.3%,667672.714,+14.9%,210.69,,+113.8%,+13.0%,+18.0%,+44.8%
META,Portfolio,,Communication Services,Media & Entertainment,,Dec,Revenue,CY2025,187553.203,199368.768,+6.3%,199447.304,+0.0%,199447.304,+0.0%,577.22,,+6.3%,-12.6%,-4.9%,-17.0%
META,Portfolio,,Communication Services,Media & Entertainment,,Dec,Revenue,CY2026,212619.557,235446.167,+10.7%,250614.182,+6.4%,253050.815,+1.0%,577.22,,+19.0%,-12.6%,-4.9%,-17.0%
META,Portfolio,,Communication Services,Media & Entertainment,,Dec,Revenue,CY2027,239205.702,272481.17,+13.9%,296789.476,+8.9%,301688.81,+1.7%,577.22,,+26.1%,-12.6%,-4.9%,-17.0%
META,Portfolio,,Communication Services,Media & Entertainment,,Dec,Revenue,CY2028,267235.25,309361.92,+15.8%,345398.146,+11.6%,353459.756,+2.3%,577.22,,+32.3%,-12.6%,-4.9%,-17.0%
AMZN,Portfolio,,Consumer Discretionary,Consumer Discretionary Distrib,,Dec,Revenue,CY2025,694621.609,714553.716,+2.9%,714794.275,+0.0%,714794.275,+0.0%,244.39,,+2.9%,+5.9%,+17.1%,+15.0%
AMZN,Portfolio,,Consumer Discretionary,Consumer Discretionary Distrib,,Dec,Revenue,CY2026,762054.074,795539.415,+4.4%,806045.554,+1.3%,824882.635,+2.3%,244.39,,+8.2%,+5.9%,+17.1%,+15.0%
AMZN,Portfolio,,Consumer Discretionary,Consumer Discretionary Distrib,,Dec,Revenue,CY2027,838665.238,884927.563,+5.5%,900486.159,+1.8%,933440.102,+3.7%,244.39,,+11.3%,+5.9%,+17.1%,+15.0%
AMZN,Portfolio,,Consumer Discretionary,Consumer Discretionary Distrib,,Dec,Revenue,CY2028,910928.368,977551.286,+7.3%,1006915.541,+3.0%,1035309.256,+2.8%,244.39,,+13.7%,+5.9%,+17.1%,+15.0%
JPM,Portfolio,,Financials,Banks,,Dec,Revenue,CY2025,177163.333,184210.714,+4.0%,184149.563,-0.0%,184149.563,+0.0%,325.22,,+3.9%,+0.9%,+12.9%,+18.7%
JPM,Portfolio,,Financials,Banks,,Dec,Revenue,CY2026,181329.833,191730.357,+5.7%,195760.286,+2.1%,198116.385,+1.2%,325.22,,+9.3%,+0.9%,+12.9%,+18.7%
JPM,Portfolio,,Financials,Banks,,Dec,Revenue,CY2027,188250.6,199691.083,+6.1%,204934.308,+2.6%,205955.385,+0.5%,325.22,,+9.4%,+0.9%,+12.9%,+18.7%
JPM,Portfolio,,Financials,Banks,,Dec,Revenue,CY2028,,,,215218.0,,214776.0,-0.2%,325.22,,,+0.9%,+12.9%,+18.7%
APO,Portfolio,,Financials,Financial Services,,Dec,Revenue,CY2025,18843.333,19476.143,+3.4%,19560.714,+0.4%,19560.714,+0.0%,137.5,,+3.8%,-5.0%,+23.5%,+3.3%
APO,Portfolio,,Financials,Financial Services,,Dec,Revenue,CY2026,21520.833,20308.5,-5.6%,23344.333,+14.9%,23285.8,-0.3%,137.5,,+8.2%,-5.0%,+23.5%,+3.3%
APO,Portfolio,,Financials,Financial Services,,Dec,Revenue,CY2027,25447.5,25862.143,+1.6%,26854.333,+3.8%,26833.4,-0.1%,137.5,,+5.4%,-5.0%,+23.5%,+3.3%
APO,Portfolio,,Financials,Financial Services,,Dec,Revenue,CY2028,,28846.0,,30317.333,+5.1%,30210.5,-0.4%,137.5,,,-5.0%,+23.5%,+3.3%
PGR,Portfolio,,Financials,Insurance,,Dec,Revenue,CY2025,87229.188,86852.95,-0.4%,86689.5,-0.2%,86689.5,+0.0%,204.87,,-0.6%,-4.4%,+1.1%,-16.3%
PGR,Portfolio,,Financials,Insurance,,Dec,Revenue,CY2026,96720.733,93341.105,-3.5%,91851.833,-1.6%,92440.737,+0.6%,204.87,,-4.4%,-4.4%,+1.1%,-16.3%
PGR,Portfolio,,Financials,Insurance,,Dec,Revenue,CY2027,105208.0,100514.556,-4.5%,98103.882,-2.4%,97958.526,-0.1%,204.87,,-6.9%,-4.4%,+1.1%,-16.3%
PGR,Portfolio,,Financials,Insurance,,Dec,Revenue,CY2028,110518.333,102859.25,-6.9%,102788.444,-0.1%,102692.462,-0.1%,204.87,,-7.1%,-4.4%,+1.1%,-16.3%
CVNA,Portfolio,,Consumer Discretionary,Consumer Discretionary Distrib,,Dec,Revenue,CY2025,17798.4,19920.962,+11.9%,19984.231,+0.3%,19984.231,+0.0%,66.56,,+12.3%,-21.1%,+13.1%,+8.1%
CVNA,Portfolio,,Consumer Discretionary,Consumer Discretionary Distrib,,Dec,Revenue,CY2026,21761.0,25346.6,+16.5%,26735.76,+5.5%,27712.13,+3.7%,66.56,,+27.3%,-21.1%,+13.1%,+8.1%
CVNA,Portfolio,,Consumer Discretionary,Consumer Discretionary Distrib,,Dec,Revenue,CY2027,26312.643,31213.6,+18.6%,33004.292,+5.7%,34796.478,+5.4%,66.56,,+32.2%,-21.1%,+13.1%,+8.1%
CVNA,Portfolio,,Consumer Discretionary,Consumer Discretionary Distrib,,Dec,Revenue,CY2028,32489.143,38003.385,+17.0%,40898.0,+7.6%,41858.875,+2.3%,66.56,,+28.8%,-21.1%,+13.1%,+8.1%
APP,Portfolio,,Information Technology,Software & Services,,Dec,Revenue,CY2025,5625.077,5683.0,+1.0%,5677.333,-0.1%,5677.333,+0.0%,469.71,,+0.9%,-30.3%,+6.8%,+36.4%
APP,Portfolio,,Information Technology,Software & Services,,Dec,Revenue,CY2026,6810.625,7790.613,+14.4%,8004.188,+2.7%,8215.3,+2.6%,469.71,,+20.6%,-30.3%,+6.8%,+36.4%
APP,Portfolio,,Information Technology,Software & Services,,Dec,Revenue,CY2027,8512.0,9921.708,+16.6%,10347.2,+4.3%,10743.517,+3.8%,469.71,,+26.2%,-30.3%,+6.8%,+36.4%
APP,Portfolio,,Information Technology,Software & Services,,Dec,Revenue,CY2028,10473.125,12641.091,+20.7%,12859.556,+1.7%,13457.316,+4.6%,469.71,,+28.5%,-30.3%,+6.8%,+36.4%
VEEV,Portfolio,,Health Care,Health Care Equipment & Servic,,Jan,Revenue,CY2025,3098.759,3169.536,+2.3%,3169.607,+0.0%,3169.607,+0.0%,153.3,,+2.3%,-31.3%,-17.4%,-45.5%
VEEV,Portfolio,,Health Care,Health Care Equipment & Servic,,Jan,Revenue,CY2026,3462.862,3573.069,+3.2%,3595.846,+0.6%,3642.12,+1.3%,153.3,,+5.2%,-31.3%,-17.4%,-45.5%
VEEV,Portfolio,,Health Care,Health Care Equipment & Servic,,Jan,Revenue,CY2027,3918.786,4005.32,+2.2%,4036.667,+0.8%,4084.444,+1.2%,153.3,,+4.2%,-31.3%,-17.4%,-45.5%
VEEV,Portfolio,,Health Care,Health Care Equipment & Servic,,Jan,Revenue,CY2028,4474.4,4590.429,+2.6%,4555.462,-0.8%,4595.813,+0.9%,153.3,,+2.7%,-31.3%,-17.4%,-45.5%
FICO,Portfolio,,Information Technology,Software & Services,,Sep,Revenue,CY2025,1976.889,1989.524,+0.6%,1989.524,+0.0%,1989.524,+0.0%,1096.48,,+0.6%,-35.1%,-1.5%,-37.8%
FICO,Portfolio,,Information Technology,Software & Services,,Sep,Revenue,CY2026,2277.389,2436.211,+7.0%,2496.857,+2.5%,2554.409,+2.3%,1096.48,,+12.2%,-35.1%,-1.5%,-37.8%
FICO,Portfolio,,Information Technology,Software & Services,,Sep,Revenue,CY2027,2633.4,2835.263,+7.7%,2915.762,+2.8%,2934.409,+0.6%,1096.48,,+11.4%,-35.1%,-1.5%,-37.8%
FICO,Portfolio,,Information Technology,Software & Services,,Sep,Revenue,CY2028,3093.625,3153.071,+1.9%,3280.333,+4.0%,3293.667,+0.4%,1096.48,,+6.5%,-35.1%,-1.5%,-37.8%
GOOG,Watchlist,,Communication Services,Media & Entertainment,,Dec,Revenue,CY2025,331083.387,340505.733,+2.8%,340854.848,+0.1%,340854.848,+0.0%,367.46,,+3.0%,+17.1%,+20.2%,+111.2%
GOOG,Watchlist,,Communication Services,Media & Entertainment,,Dec,Revenue,CY2026,369969.563,389464.593,+5.3%,405147.438,+4.0%,420472.0,+3.8%,367.46,,+13.7%,+17.1%,+20.2%,+111.2%
GOOG,Watchlist,,Communication Services,Media & Entertainment,,Dec,Revenue,CY2027,408006.471,441810.478,+8.3%,469255.957,+6.2%,510620.839,+8.8%,367.46,,+25.2%,+17.1%,+20.2%,+111.2%
GOOG,Watchlist,,Communication Services,Media & Entertainment,,Dec,Revenue,CY2028,451787.909,504223.875,+11.6%,539824.75,+7.1%,603211.118,+11.7%,367.46,,+33.5%,+17.1%,+20.2%,+111.2%
MU,Watchlist,,Information Technology,Semiconductors & Semiconductor,,Aug,Revenue,CY2025,35531.818,37177.154,+4.6%,37177.154,+0.0%,37177.154,+0.0%,1133.99,,+4.6%,+297.3%,+155.2%,+830.9%
MU,Watchlist,,Information Technology,Semiconductors & Semiconductor,,Aug,Revenue,CY2026,45172.75,70641.293,+56.4%,103285.304,+46.2%,114314.222,+10.7%,1133.99,,+153.1%,+297.3%,+155.2%,+830.9%
MU,Watchlist,,Information Technology,Semiconductors & Semiconductor,,Aug,Revenue,CY2027,49264.583,87745.5,+78.1%,156684.422,+78.6%,197150.721,+25.8%,1133.99,,+300.2%,+297.3%,+155.2%,+830.9%
MU,Watchlist,,Information Technology,Semiconductors & Semiconductor,,Aug,Revenue,CY2028,61294.667,84708.667,+38.2%,154145.692,+82.0%,207581.75,+34.7%,1133.99,,+238.7%,+297.3%,+155.2%,+830.9%
LRCX,Watchlist,,Information Technology,Semiconductors & Semiconductor,,Jun,Revenue,CY2025,18256.069,18262.032,+0.0%,18262.032,+0.0%,18262.032,+0.0%,389.04,,+0.0%,+127.3%,+66.3%,+321.8%
LRCX,Watchlist,,Information Technology,Semiconductors & Semiconductor,,Jun,Revenue,CY2026,18711.464,21267.536,+13.7%,22414.6,+5.4%,23186.188,+3.4%,389.04,,+23.9%,+127.3%,+66.3%,+321.8%
LRCX,Watchlist,,Information Technology,Semiconductors & Semiconductor,,Jun,Revenue,CY2027,20802.118,23893.115,+14.9%,27926.097,+16.9%,30530.125,+9.3%,389.04,,+46.8%,+127.3%,+66.3%,+321.8%
LRCX,Watchlist,,Information Technology,Semiconductors & Semiconductor,,Jun,Revenue,CY2028,23191.667,25770.467,+11.1%,30779.222,+19.4%,35308.682,+14.7%,389.04,,+52.2%,+127.3%,+66.3%,+321.8%
DASH,Watchlist,,Consumer Discretionary,Consumer Services,,Dec,Revenue,CY2025,12835.829,13756.977,+7.2%,13745.267,-0.1%,13745.267,+0.0%,173.46,,+7.1%,-23.4%,+8.9%,-21.4%
DASH,Watchlist,,Consumer Discretionary,Consumer Services,,Dec,Revenue,CY2026,15238.951,17819.886,+16.9%,17837.933,+0.1%,17592.837,-1.4%,173.46,,+15.4%,-23.4%,+8.9%,-21.4%
DASH,Watchlist,,Consumer Discretionary,Consumer Services,,Dec,Revenue,CY2027,17715.333,21112.971,+19.2%,21360.0,+1.2%,21194.326,-0.8%,173.46,,+19.6%,-23.4%,+8.9%,-21.4%
DASH,Watchlist,,Consumer Discretionary,Consumer Services,,Dec,Revenue,CY2028,20399.571,24580.526,+20.5%,25030.96,+1.8%,25000.357,-0.1%,173.46,,+22.6%,-23.4%,+8.9%,-21.4%
MSFT,Watchlist,,Information Technology,Software & Services,,Jun,Revenue,CY2025,278966.077,279004.862,+0.0%,279004.862,+0.0%,279004.862,+0.0%,379.4,,+0.0%,-21.5%,-2.5%,-21.0%
MSFT,Watchlist,,Information Technology,Software & Services,,Jun,Revenue,CY2026,316802.323,326340.233,+3.0%,327836.904,+0.5%,329473.218,+0.5%,379.4,,+4.0%,-21.5%,-2.5%,-21.0%
MSFT,Watchlist,,Information Technology,Software & Services,,Jun,Revenue,CY2027,362581.761,375199.169,+3.5%,378362.472,+0.8%,383994.037,+1.5%,379.4,,+5.9%,-21.5%,-2.5%,-21.0%
MSFT,Watchlist,,Information Technology,Software & Services,,Jun,Revenue,CY2028,424419.9,434033.324,+2.3%,441484.059,+1.7%,452830.205,+2.6%,379.4,,+6.7%,-21.5%,-2.5%,-21.0%
BX,Watchlist,,Financials,Financial Services,,Dec,Revenue,CY2025,12218.643,12747.2,+4.3%,12730.417,-0.1%,12730.417,+0.0%,123.79,,+4.2%,-19.7%,+9.1%,-10.0%
BX,Watchlist,,Financials,Financial Services,,Dec,Revenue,CY2026,15873.929,15839.75,-0.2%,15381.2,-2.9%,14781.182,-3.9%,123.79,,-6.9%,-19.7%,+9.1%,-10.0%
BX,Watchlist,,Financials,Financial Services,,Dec,Revenue,CY2027,19161.25,19323.0,+0.8%,18775.667,-2.8%,18573.0,-1.1%,123.79,,-3.1%,-19.7%,+9.1%,-10.0%
BX,Watchlist,,Financials,Financial Services,,Dec,Revenue,CY2028,,19996.333,,20287.5,+1.5%,20030.167,-1.3%,123.79,,,-19.7%,+9.1%,-10.0%
BKNG,Watchlist,,Consumer Discretionary,Consumer Services,,Dec,Revenue,CY2025,25798.273,26687.889,+3.4%,26703.583,+0.1%,26703.583,+0.0%,171.78,,+3.5%,-19.8%,+0.0%,-18.8%
BKNG,Watchlist,,Consumer Discretionary,Consumer Services,,Dec,Revenue,CY2026,27889.441,29106.75,+4.4%,29955.806,+2.9%,29368.941,-2.0%,171.78,,+5.3%,-19.8%,+0.0%,-18.8%
BKNG,Watchlist,,Consumer Discretionary,Consumer Services,,Dec,Revenue,CY2027,30249.0,31514.643,+4.2%,32520.389,+3.2%,32045.706,-1.5%,171.78,,+5.9%,-19.8%,+0.0%,-18.8%
BKNG,Watchlist,,Consumer Discretionary,Consumer Services,,Dec,Revenue,CY2028,32742.636,34065.688,+4.0%,35076.955,+3.0%,34594.476,-1.4%,171.78,,+5.7%,-19.8%,+0.0%,-18.8%
COST,Watchlist,,Consumer Staples,Consumer Staples Distribution,,Aug,Revenue,CY2025,274973.179,275078.688,+0.0%,275078.688,+0.0%,275078.688,+0.0%,951.45,,+0.0%,+10.3%,-2.4%,-2.4%
COST,Watchlist,,Consumer Staples,Consumer Staples Distribution,,Aug,Revenue,CY2026,295408.821,296993.621,+0.5%,298576.969,+0.5%,301562.108,+1.0%,951.45,,+2.1%,+10.3%,-2.4%,-2.4%
COST,Watchlist,,Consumer Staples,Consumer Staples Distribution,,Aug,Revenue,CY2027,315997.05,319057.536,+1.0%,321514.125,+0.8%,326158.189,+1.4%,951.45,,+3.2%,+10.3%,-2.4%,-2.4%
COST,Watchlist,,Consumer Staples,Consumer Staples Distribution,,Aug,Revenue,CY2028,334134.714,343194.4,+2.7%,346856.238,+1.1%,352033.185,+1.5%,951.45,,+5.4%,+10.3%,-2.4%,-2.4%
QCOM,Extended,Uncategorized,Information Technology,Semiconductors & Semiconductor,,Sep,Revenue,CY2025,43443.6,43685.212,+0.6%,43685.212,+0.0%,43685.212,+0.0%,226.11,,+0.6%,+32.2%,+72.2%,+47.2%
QCOM,Extended,Uncategorized,Information Technology,Semiconductors & Semiconductor,,Sep,Revenue,CY2026,44065.286,45618.516,+3.5%,43838.909,-3.9%,42541.486,-3.0%,226.11,,-3.5%,+32.2%,+72.2%,+47.2%
QCOM,Extended,Uncategorized,Information Technology,Semiconductors & Semiconductor,,Sep,Revenue,CY2027,45199.45,46373.097,+2.6%,44249.364,-4.6%,42683.216,-3.5%,226.11,,-5.6%,+32.2%,+72.2%,+47.2%
QCOM,Extended,Uncategorized,Information Technology,Semiconductors & Semiconductor,,Sep,Revenue,CY2028,47488.5,48845.077,+2.9%,47445.25,-2.9%,46195.0,-2.6%,226.11,,-2.7%,+32.2%,+72.2%,+47.2%
ASML,Extended,Uncategorized,Information Technology,Semiconductors & Semiconductor,,Dec,Revenue,CY2025,32301.051,32481.844,+0.6%,32503.385,+0.1%,32503.385,+0.0%,1657.8,,+0.6%,+79.9%,+41.9%,+153.8%
ASML,Extended,Uncategorized,Information Technology,Semiconductors & Semiconductor,,Dec,Revenue,CY2026,35260.718,34327.947,-2.6%,37692.667,+9.8%,39068.279,+3.6%,1657.8,,+10.8%,+79.9%,+41.9%,+153.8%
ASML,Extended,Uncategorized,Information Technology,Semiconductors & Semiconductor,,Dec,Revenue,CY2027,39575.929,39372.429,-0.5%,44383.39,+12.7%,47981.455,+8.1%,1657.8,,+21.2%,+79.9%,+41.9%,+153.8%
ASML,Extended,Uncategorized,Information Technology,Semiconductors & Semiconductor,,Dec,Revenue,CY2028,43435.091,42913.0,-1.2%,49400.154,+15.1%,53698.387,+8.7%,1657.8,,+23.6%,+79.9%,+41.9%,+153.8%
AMAT,Extended,Uncategorized,Information Technology,Semiconductors & Semiconductor,,Oct,Revenue,CY2025,28784.419,28239.903,-1.9%,28239.903,+0.0%,28239.903,+0.0%,617.11,,-1.9%,+140.1%,+72.8%,+257.0%
AMAT,Extended,Uncategorized,Information Technology,Semiconductors & Semiconductor,,Oct,Revenue,CY2026,30546.645,28861.667,-5.5%,31538.485,+9.3%,33464.882,+6.1%,617.11,,+9.6%,+140.1%,+72.8%,+257.0%
AMAT,Extended,Uncategorized,Information Technology,Semiconductors & Semiconductor,,Oct,Revenue,CY2027,32556.118,32596.655,+0.1%,37575.212,+15.3%,42570.676,+13.3%,617.11,,+30.8%,+140.1%,+72.8%,+257.0%
AMAT,Extended,Uncategorized,Information Technology,Semiconductors & Semiconductor,,Oct,Revenue,CY2028,33797.6,34041.4,+0.7%,40905.6,+20.2%,49538.895,+21.1%,617.11,,+46.6%,+140.1%,+72.8%,+257.0%
KKR,Extended,Uncategorized,Financials,Financial Services,,Dec,Revenue,CY2025,7735.846,8198.75,+6.0%,7829.8,-4.5%,7829.8,+0.0%,97.01,,+1.2%,-23.9%,+7.1%,-20.8%
KKR,Extended,Uncategorized,Financials,Financial Services,,Dec,Revenue,CY2026,11799.643,12902.545,+9.3%,8719.125,-32.4%,9754.545,+11.9%,97.01,,-17.3%,-23.9%,+7.1%,-20.8%
KKR,Extended,Uncategorized,Financials,Financial Services,,Dec,Revenue,CY2027,14443.556,14993.0,+3.8%,10714.143,-28.5%,11517.545,+7.5%,97.01,,-20.3%,-23.9%,+7.1%,-20.8%
KKR,Extended,Uncategorized,Financials,Financial Services,,Dec,Revenue,CY2028,22815.667,27869.5,+22.2%,12631.75,-54.7%,13848.25,+9.6%,97.01,,-39.3%,-23.9%,+7.1%,-20.8%
BAM,Extended,Uncategorized,Financials,Financial Services,,Dec,Revenue,CY2025,5291.167,5355.615,+1.2%,5392.286,+0.7%,5392.286,+0.0%,47.44,,+1.9%,-9.4%,+9.1%,-13.2%
BAM,Extended,Uncategorized,Financials,Financial Services,,Dec,Revenue,CY2026,6035.0,6068.167,+0.5%,6215.308,+2.4%,6062.0,-2.5%,47.44,,+0.4%,-9.4%,+9.1%,-13.2%
BAM,Extended,Uncategorized,Financials,Financial Services,,Dec,Revenue,CY2027,6807.5,6914.091,+1.6%,7201.833,+4.2%,7020.455,-2.5%,47.44,,+3.1%,-9.4%,+9.1%,-13.2%
BAM,Extended,Uncategorized,Financials,Financial Services,,Dec,Revenue,CY2028,,7882.0,,8115.0,+3.0%,7844.0,-3.3%,47.44,,,-9.4%,+9.1%,-13.2%
ARES,Extended,Uncategorized,Financials,Financial Services,,Dec,Revenue,CY2025,,4384.714,,4433.4,+1.1%,4433.4,+0.0%,129.34,,,-20.0%,+19.8%,-22.7%
ARES,Extended,Uncategorized,Financials,Financial Services,,Dec,Revenue,CY2026,,5455.75,,5788.333,+6.1%,5008.714,-13.5%,129.34,,,-20.0%,+19.8%,-22.7%
ARES,Extended,Uncategorized,Financials,Financial Services,,Dec,Revenue,CY2027,,6517.143,,6458.0,-0.9%,6515.0,+0.9%,129.34,,,-20.0%,+19.8%,-22.7%
ARES,Extended,Uncategorized,Financials,Financial Services,,Dec,Revenue,CY2028,,6904.0,,7287.5,+5.6%,6997.667,-4.0%,129.34,,,-20.0%,+19.8%,-22.7%
OWL,Extended,Uncategorized,Financials,Financial Services,,Dec,Revenue,CY2025,2704.429,2667.188,-1.4%,2657.0,-0.4%,2657.0,+0.0%,9.53,,-1.8%,-36.2%,+4.5%,-49.0%
OWL,Extended,Uncategorized,Financials,Financial Services,,Dec,Revenue,CY2026,3309.714,3155.313,-4.7%,2968.692,-5.9%,2869.308,-3.3%,9.53,,-13.3%,-36.2%,+4.5%,-49.0%
OWL,Extended,Uncategorized,Financials,Financial Services,,Dec,Revenue,CY2027,3840.429,3656.357,-4.8%,3425.846,-6.3%,3216.308,-6.1%,9.53,,-16.3%,-36.2%,+4.5%,-49.0%
OWL,Extended,Uncategorized,Financials,Financial Services,,Dec,Revenue,CY2028,,4168.667,,3846.6,-7.7%,3564.571,-7.3%,9.53,,,-36.2%,+4.5%,-49.0%
CG,Extended,Uncategorized,Financials,Financial Services,,Dec,Revenue,CY2025,3920.769,3889.111,-0.8%,3851.0,-1.0%,3851.0,+0.0%,44.8,,-1.8%,-24.2%,-6.1%,-4.8%
CG,Extended,Uncategorized,Financials,Financial Services,,Dec,Revenue,CY2026,4602.917,4583.727,-0.4%,4650.0,+1.4%,3611.7,-22.3%,44.8,,-21.5%,-24.2%,-6.1%,-4.8%
CG,Extended,Uncategorized,Financials,Financial Services,,Dec,Revenue,CY2027,4792.333,4938.1,+3.0%,5366.625,+8.7%,4742.6,-11.6%,44.8,,-1.0%,-24.2%,-6.1%,-4.8%
CG,Extended,Uncategorized,Financials,Financial Services,,Dec,Revenue,CY2028,5545.0,5537.0,-0.1%,5884.667,+6.3%,5787.4,-1.7%,44.8,,+4.4%,-24.2%,-6.1%,-4.8%
BN,Extended,Uncategorized,Financials,Financial Services,,Dec,Revenue,CY2025,10266.0,65025.5,+533.4%,65025.5,+0.0%,65025.5,+0.0%,44.44,,+533.4%,-3.2%,+13.6%,+12.1%
BN,Extended,Uncategorized,Financials,Financial Services,,Dec,Revenue,CY2026,31670.0,7480.0,-76.4%,7851.0,+5.0%,7851.0,+0.0%,44.44,,-75.2%,-3.2%,+13.6%,+12.1%
BN,Extended,Uncategorized,Financials,Financial Services,,Dec,Revenue,CY2027,8795.0,8669.0,-1.4%,8849.0,+2.1%,8849.0,+0.0%,44.44,,+0.6%,-3.2%,+13.6%,+12.1%
BN,Extended,Uncategorized,Financials,Financial Services,,Dec,Revenue,CY2028,,,,10604.0,,10604.0,+0.0%,44.44,,,-3.2%,+13.6%,+12.1%
CRM,Extended,Uncategorized,Information Technology,Software & Services,,Jan,Revenue,CY2025,41199.327,41493.059,+0.7%,41490.314,-0.0%,41490.314,+0.0%,151.78,,+0.7%,-42.7%,-22.2%,-41.5%
CRM,Extended,Uncategorized,Information Technology,Software & Services,,Jan,Revenue,CY2026,44941.796,46012.042,+2.4%,46121.82,+0.2%,46100.375,-0.0%,151.78,,+2.6%,-42.7%,-22.2%,-41.5%
CRM,Extended,Uncategorized,Information Technology,Software & Services,,Jan,Revenue,CY2027,49396.84,50475.914,+2.2%,50514.333,+0.1%,50446.354,-0.1%,151.78,,+2.1%,-42.7%,-22.2%,-41.5%
CRM,Extended,Uncategorized,Information Technology,Software & Services,,Jan,Revenue,CY2028,55092.125,55092.667,+0.0%,55666.722,+1.0%,55456.4,-0.4%,151.78,,+0.7%,-42.7%,-22.2%,-41.5%
WDAY,Extended,Uncategorized,Information Technology,Software & Services,,Jan,Revenue,CY2025,9502.0,9543.9,+0.4%,9543.892,-0.0%,9543.892,+0.0%,116.93,,+0.4%,-45.6%,-12.3%,-50.6%
WDAY,Extended,Uncategorized,Information Technology,Software & Services,,Jan,Revenue,CY2026,10754.436,10710.361,-0.4%,10652.658,-0.5%,10667.5,+0.1%,116.93,,-0.8%,-45.6%,-12.3%,-50.6%
WDAY,Extended,Uncategorized,Information Technology,Software & Services,,Jan,Revenue,CY2027,12136.353,12012.3,-1.0%,11860.211,-1.3%,11836.079,-0.2%,116.93,,-2.5%,-45.6%,-12.3%,-50.6%
WDAY,Extended,Uncategorized,Information Technology,Software & Services,,Jan,Revenue,CY2028,13533.167,13484.714,-0.4%,13089.529,-2.9%,13108.053,+0.1%,116.93,,-3.1%,-45.6%,-12.3%,-50.6%
SHOP,Extended,Uncategorized,Information Technology,Software & Services,,Dec,Revenue,CY2025,10900.766,11473.12,+5.3%,11475.0,+0.0%,11475.0,+0.0%,108.85,,+5.3%,-32.4%,-11.0%,+2.7%
SHOP,Extended,Uncategorized,Information Technology,Software & Services,,Dec,Revenue,CY2026,13106.149,14223.163,+8.5%,14670.745,+3.1%,14820.82,+1.0%,108.85,,+13.1%,-32.4%,-11.0%,+2.7%
SHOP,Extended,Uncategorized,Information Technology,Software & Services,,Dec,Revenue,CY2027,15970.783,17454.029,+9.3%,18155.833,+4.0%,18371.633,+1.2%,108.85,,+15.0%,-32.4%,-11.0%,+2.7%
SHOP,Extended,Uncategorized,Information Technology,Software & Services,,Dec,Revenue,CY2028,19306.778,21533.273,+11.5%,22647.0,+5.2%,23034.276,+1.7%,108.85,,+19.3%,-32.4%,-11.0%,+2.7%
GWRE,Extended,Uncategorized,Information Technology,Software & Services,,Jul,Revenue,CY2025,1183.8,1183.867,+0.0%,1183.867,+0.0%,1183.867,+0.0%,107.86,,+0.0%,-46.3%,-30.9%,-56.3%
GWRE,Extended,Uncategorized,Information Technology,Software & Services,,Jul,Revenue,CY2026,1355.4,1413.933,+4.3%,1445.643,+2.2%,1467.571,+1.5%,107.86,,+8.3%,-46.3%,-30.9%,-56.3%
GWRE,Extended,Uncategorized,Information Technology,Software & Services,,Jul,Revenue,CY2027,1559.667,1632.8,+4.7%,1677.0,+2.7%,1700.643,+1.4%,107.86,,+9.0%,-46.3%,-30.9%,-56.3%
GWRE,Extended,Uncategorized,Information Technology,Software & Services,,Jul,Revenue,CY2028,1804.25,1882.333,+4.3%,1932.462,+2.7%,1960.231,+1.4%,107.86,,+8.6%,-46.3%,-30.9%,-56.3%
NOW,Extended,Uncategorized,Information Technology,Software & Services,,Dec,Revenue,CY2025,13027.19,13242.795,+1.7%,13242.163,-0.0%,13242.163,+0.0%,95.04,,+1.7%,-38.0%,-16.1%,-51.6%
NOW,Extended,Uncategorized,Information Technology,Software & Services,,Dec,Revenue,CY2026,15472.452,15704.159,+1.5%,15983.452,+1.8%,16192.83,+1.3%,95.04,,+4.7%,-38.0%,-16.1%,-51.6%
NOW,Extended,Uncategorized,Information Technology,Software & Services,,Dec,Revenue,CY2027,18379.889,18585.795,+1.1%,18937.762,+1.9%,19200.622,+1.4%,95.04,,+4.5%,-38.0%,-16.1%,-51.6%
NOW,Extended,Uncategorized,Information Technology,Software & Services,,Dec,Revenue,CY2028,21801.3,21712.3,-0.4%,22536.048,+3.8%,22807.607,+1.2%,95.04,,+4.6%,-38.0%,-16.1%,-51.6%
ELV,Extended,Uncategorized,Health Care,Health Care Equipment & Servic,,Dec,Revenue,CY2025,194412.526,197339.733,+1.5%,197455.933,+0.1%,197455.933,+0.0%,388.5,,+1.6%,+10.8%,+33.4%,+3.3%
ELV,Extended,Uncategorized,Health Care,Health Care Equipment & Servic,,Dec,Revenue,CY2026,208084.167,204690.176,-1.6%,191409.188,-6.5%,195933.381,+2.4%,388.5,,-5.8%,+10.8%,+33.4%,+3.3%
ELV,Extended,Uncategorized,Health Care,Health Care Equipment & Servic,,Dec,Revenue,CY2027,224414.75,214264.412,-4.5%,197032.789,-8.0%,199376.05,+1.2%,388.5,,-11.2%,+10.8%,+33.4%,+3.3%
ELV,Extended,Uncategorized,Health Care,Health Care Equipment & Servic,,Dec,Revenue,CY2028,246232.6,223559.0,-9.2%,206771.154,-7.5%,210003.714,+1.6%,388.5,,-14.7%,+10.8%,+33.4%,+3.3%
WMT,Extended,Uncategorized,Consumer Staples,Consumer Staples Distribution,,Jan,Revenue,CY2025,705294.278,712993.951,+1.1%,712992.0,-0.0%,712992.0,+0.0%,117.18,,+1.1%,+5.2%,-3.2%,+23.2%
WMT,Extended,Uncategorized,Consumer Staples,Consumer Staples Distribution,,Jan,Revenue,CY2026,737141.829,748292.95,+1.5%,748472.844,+0.0%,752001.923,+0.5%,117.18,,+2.0%,+5.2%,-3.2%,+23.2%
WMT,Extended,Uncategorized,Consumer Staples,Consumer Staples Distribution,,Jan,Revenue,CY2027,772819.286,783796.156,+1.4%,783382.675,-0.1%,787284.053,+0.5%,117.18,,+1.9%,+5.2%,-3.2%,+23.2%
WMT,Extended,Uncategorized,Consumer Staples,Consumer Staples Distribution,,Jan,Revenue,CY2028,808002.833,828191.154,+2.5%,824216.304,-0.5%,827925.417,+0.5%,117.18,,+2.5%,+5.2%,-3.2%,+23.2%
LAD,Extended,Uncategorized,Consumer Discretionary,Consumer Discretionary Distrib,,Dec,Revenue,CY2025,37671.8,37870.0,+0.5%,37722.143,-0.4%,37722.143,+0.0%,294.85,,+0.1%,-11.3%,+18.7%,-9.8%
LAD,Extended,Uncategorized,Consumer Discretionary,Consumer Discretionary Distrib,,Dec,Revenue,CY2026,39759.733,39454.467,-0.8%,39069.643,-1.0%,38345.235,-1.9%,294.85,,-3.6%,-11.3%,+18.7%,-9.8%
LAD,Extended,Uncategorized,Consumer Discretionary,Consumer Discretionary Distrib,,Dec,Revenue,CY2027,43014.286,41651.222,-3.2%,40789.857,-2.1%,39844.059,-2.3%,294.85,,-7.4%,-11.3%,+18.7%,-9.8%
LAD,Extended,Uncategorized,Consumer Discretionary,Consumer Discretionary Distrib,,Dec,Revenue,CY2028,,42021.5,,43967.875,+4.6%,42010.909,-4.5%,294.85,,,-11.3%,+18.7%,-9.8%
CI,Extended,Uncategorized,Health Care,Health Care Equipment & Servic,,Dec,Revenue,CY2025,256733.591,270633.15,+5.4%,270646.75,+0.0%,270646.75,+0.0%,279.27,,+5.4%,+1.5%,+5.6%,-11.2%
CI,Extended,Uncategorized,Health Care,Health Care Equipment & Servic,,Dec,Revenue,CY2026,267627.091,284127.684,+6.2%,283023.263,-0.4%,286131.364,+1.1%,279.27,,+6.9%,+1.5%,+5.6%,-11.2%
CI,Extended,Uncategorized,Health Care,Health Care Equipment & Servic,,Dec,Revenue,CY2027,282296.143,301356.579,+6.8%,299430.842,-0.6%,298825.5,-0.2%,279.27,,+5.9%,+1.5%,+5.6%,-11.2%
CI,Extended,Uncategorized,Health Care,Health Care Equipment & Servic,,Dec,Revenue,CY2028,303137.571,320459.0,+5.7%,317104.25,-1.0%,315132.778,-0.6%,279.27,,+4.0%,+1.5%,+5.6%,-11.2%
THC,Extended,Healthcare providers,Health Care,Health Care Equipment & Servic,,Dec,Revenue,CY2025,20894.9,21240.227,+1.7%,21243.318,+0.0%,21243.318,+0.0%,172.57,,+1.7%,-13.2%,-15.9%,+3.0%
THC,Extended,Healthcare providers,Health Care,Health Care Equipment & Servic,,Dec,Revenue,CY2026,21915.25,22177.095,+1.2%,22003.111,-0.8%,21997.476,-0.0%,172.57,,+0.4%,-13.2%,-15.9%,+3.0%
THC,Extended,Healthcare providers,Health Care,Health Care Equipment & Servic,,Dec,Revenue,CY2027,23041.182,23257.667,+0.9%,22371.65,-3.8%,22341.952,-0.1%,172.57,,-3.0%,-13.2%,-15.9%,+3.0%
THC,Extended,Healthcare providers,Health Care,Health Care Equipment & Servic,,Dec,Revenue,CY2028,23246.0,24009.667,+3.3%,23472.889,-2.2%,23523.364,+0.2%,172.57,,+1.2%,-13.2%,-15.9%,+3.0%
UHS,Extended,Healthcare providers,Health Care,Health Care Equipment & Servic,,Dec,Revenue,CY2025,17132.632,17387.056,+1.5%,17386.333,-0.0%,17386.333,+0.0%,141.17,,+1.5%,-35.2%,-24.6%,-17.6%
UHS,Extended,Healthcare providers,Health Care,Health Care Equipment & Servic,,Dec,Revenue,CY2026,18079.833,18271.833,+1.1%,18490.895,+1.2%,18568.211,+0.4%,141.17,,+2.7%,-35.2%,-24.6%,-17.6%
UHS,Extended,Healthcare providers,Health Care,Health Care Equipment & Servic,,Dec,Revenue,CY2027,18997.0,19230.125,+1.2%,19435.722,+1.1%,19435.45,-0.0%,141.17,,+2.3%,-35.2%,-24.6%,-17.6%
UHS,Extended,Healthcare providers,Health Care,Health Care Equipment & Servic,,Dec,Revenue,CY2028,19690.0,20050.5,+1.8%,20461.444,+2.0%,20502.083,+0.2%,141.17,,+4.1%,-35.2%,-24.6%,-17.6%
CYH,Extended,Healthcare providers,Health Care,Health Care Equipment & Servic,,Dec,Revenue,CY2025,12356.3,12517.3,+1.3%,12517.3,+0.0%,12517.3,+0.0%,3.02,,+1.3%,-3.2%,+0.7%,-8.8%
CYH,Extended,Healthcare providers,Health Care,Health Care Equipment & Servic,,Dec,Revenue,CY2026,12786.444,12669.4,-0.9%,11829.636,-6.6%,11628.556,-1.7%,3.02,,-9.1%,-3.2%,+0.7%,-8.8%
CYH,Extended,Healthcare providers,Health Care,Health Care Equipment & Servic,,Dec,Revenue,CY2027,13282.8,13110.75,-1.3%,12001.444,-8.5%,11853.778,-1.2%,3.02,,-10.8%,-3.2%,+0.7%,-8.8%
CYH,Extended,Healthcare providers,Health Care,Health Care Equipment & Servic,,Dec,Revenue,CY2028,,13973.5,,12510.75,-10.5%,12210.25,-2.4%,3.02,,,-3.2%,+0.7%,-8.8%
DVA,Extended,Healthcare providers,Health Care,Health Care Equipment & Servic,,Dec,Revenue,CY2025,13483.111,13516.375,+0.2%,13516.375,+0.0%,13516.375,+0.0%,207.91,,+0.2%,+83.0%,+38.8%,+53.1%
DVA,Extended,Healthcare providers,Health Care,Health Care Equipment & Servic,,Dec,Revenue,CY2026,14018.667,13919.875,-0.7%,14026.125,+0.8%,14143.286,+0.8%,207.91,,+0.9%,+83.0%,+38.8%,+53.1%
DVA,Extended,Healthcare providers,Health Care,Health Care Equipment & Servic,,Dec,Revenue,CY2027,14658.429,14420.143,-1.6%,14456.0,+0.2%,14602.286,+1.0%,207.91,,-0.4%,+83.0%,+38.8%,+53.1%
DVA,Extended,Healthcare providers,Health Care,Health Care Equipment & Servic,,Dec,Revenue,CY2028,15562.75,15043.0,-3.3%,15016.25,-0.2%,15154.25,+0.9%,207.91,,-2.6%,+83.0%,+38.8%,+53.1%
DGX,Extended,Healthcare providers,Health Care,Health Care Equipment & Servic,,Dec,Revenue,CY2025,10791.889,10983.5,+1.8%,10984.556,+0.0%,10984.556,+0.0%,195.0,,+1.8%,+12.4%,+0.4%,+8.5%
DGX,Extended,Healthcare providers,Health Care,Health Care Equipment & Servic,,Dec,Revenue,CY2026,11221.5,11373.733,+1.4%,11761.588,+3.4%,11853.353,+0.8%,195.0,,+5.6%,+12.4%,+0.4%,+8.5%
DGX,Extended,Healthcare providers,Health Care,Health Care Equipment & Servic,,Dec,Revenue,CY2027,11649.214,11838.733,+1.6%,12221.176,+3.2%,12386.412,+1.4%,195.0,,+6.3%,+12.4%,+0.4%,+8.5%
DGX,Extended,Healthcare providers,Health Care,Health Care Equipment & Servic,,Dec,Revenue,CY2028,12029.6,12271.333,+2.0%,12788.667,+4.2%,12922.615,+1.0%,195.0,,+7.4%,+12.4%,+0.4%,+8.5%
HUM,Extended,Managed Care,Health Care,Health Care Equipment & Servic,,Dec,Revenue,CY2025,126511.833,129164.857,+2.1%,129144.714,-0.0%,129144.714,+0.0%,360.65,,+2.1%,+40.8%,+116.7%,+48.2%
HUM,Extended,Managed Care,Health Care,Health Care Equipment & Servic,,Dec,Revenue,CY2026,130446.778,144546.05,+10.8%,162087.0,+12.1%,161772.348,-0.2%,360.65,,+24.0%,+40.8%,+116.7%,+48.2%
HUM,Extended,Managed Care,Health Care,Health Care Equipment & Servic,,Dec,Revenue,CY2027,142306.917,155562.053,+9.3%,171247.789,+10.1%,168922.818,-1.4%,360.65,,+18.7%,+40.8%,+116.7%,+48.2%
HUM,Extended,Managed Care,Health Care,Health Care Equipment & Servic,,Dec,Revenue,CY2028,152490.667,168753.286,+10.7%,183023.615,+8.5%,179662.824,-1.8%,360.65,,+17.8%,+40.8%,+116.7%,+48.2%
CNC,Extended,Managed Care,Health Care,Health Care Equipment & Servic,,Dec,Revenue,CY2025,180877.938,192953.625,+6.7%,192953.625,+0.0%,192953.625,+0.0%,61.02,,+6.7%,+48.3%,+71.5%,+10.6%
CNC,Extended,Managed Care,Health Care,Health Care Equipment & Servic,,Dec,Revenue,CY2026,183914.375,193867.529,+5.4%,188735.929,-2.6%,189651.333,+0.5%,61.02,,+3.1%,+48.3%,+71.5%,+10.6%
CNC,Extended,Managed Care,Health Care,Health Care Equipment & Servic,,Dec,Revenue,CY2027,191246.917,197768.938,+3.4%,192254.625,-2.8%,192094.294,-0.1%,61.02,,+0.4%,+48.3%,+71.5%,+10.6%
CNC,Extended,Managed Care,Health Care,Health Care Equipment & Servic,,Dec,Revenue,CY2028,204172.833,198537.167,-2.8%,200327.75,+0.9%,200155.615,-0.1%,61.02,,-2.0%,+48.3%,+71.5%,+10.6%
MOH,Extended,Managed Care,Health Care,Health Care Equipment & Servic,,Dec,Revenue,CY2025,44262.467,44862.353,+1.4%,44926.294,+0.1%,44926.294,+0.0%,195.37,,+1.5%,+12.6%,+37.4%,-33.8%
MOH,Extended,Managed Care,Health Care,Health Care Equipment & Servic,,Dec,Revenue,CY2026,47748.667,46643.0,-2.3%,44358.25,-4.9%,44400.941,+0.1%,195.37,,-7.0%,+12.6%,+37.4%,-33.8%
MOH,Extended,Managed Care,Health Care,Health Care Equipment & Servic,,Dec,Revenue,CY2027,51058.667,49872.6,-2.3%,46873.133,-6.0%,47364.467,+1.0%,195.37,,-7.2%,+12.6%,+37.4%,-33.8%
MOH,Extended,Managed Care,Health Care,Health Care Equipment & Servic,,Dec,Revenue,CY2028,54677.25,52493.0,-4.0%,49270.091,-6.1%,49998.636,+1.5%,195.37,,-8.6%,+12.6%,+37.4%,-33.8%
PINS,Extended,Internet,Communication Services,Media & Entertainment,,Dec,Revenue,CY2025,4145.389,4232.194,+2.1%,4232.914,+0.0%,4232.914,+0.0%,20.27,,+2.1%,-21.7%,+8.6%,-41.7%
PINS,Extended,Internet,Communication Services,Media & Entertainment,,Dec,Revenue,CY2026,4788.029,4832.316,+0.9%,4764.412,-1.4%,4864.784,+2.1%,20.27,,+1.6%,-21.7%,+8.6%,-41.7%
PINS,Extended,Internet,Communication Services,Media & Entertainment,,Dec,Revenue,CY2027,5378.429,5515.933,+2.6%,5348.152,-3.0%,5472.0,+2.3%,20.27,,+1.7%,-21.7%,+8.6%,-41.7%
PINS,Extended,Internet,Communication Services,Media & Entertainment,,Dec,Revenue,CY2028,6127.25,6223.067,+1.6%,5947.227,-4.4%,6089.2,+2.4%,20.27,,-0.6%,-21.7%,+8.6%,-41.7%
SNAP,Extended,Internet,Communication Services,Media & Entertainment,,Dec,Revenue,CY2025,5846.31,5916.558,+1.2%,5916.818,+0.0%,5916.818,+0.0%,4.66,,+1.2%,-42.3%,+2.2%,-43.4%
SNAP,Extended,Internet,Communication Services,Media & Entertainment,,Dec,Revenue,CY2026,6474.244,6758.837,+4.4%,6709.163,-0.7%,6703.698,-0.1%,4.66,,+3.5%,-42.3%,+2.2%,-43.4%
SNAP,Extended,Internet,Communication Services,Media & Entertainment,,Dec,Revenue,CY2027,7206.759,7354.257,+2.0%,7365.095,+0.1%,7368.524,+0.0%,4.66,,+2.2%,-42.3%,+2.2%,-43.4%
SNAP,Extended,Internet,Communication Services,Media & Entertainment,,Dec,Revenue,CY2028,7927.529,7969.684,+0.5%,7988.571,+0.2%,7984.5,-0.1%,4.66,,+0.7%,-42.3%,+2.2%,-43.4%
RDDT,Extended,Internet,Communication Services,Media & Entertainment,,Dec,Revenue,CY2025,1849.704,2142.607,+15.8%,2142.813,+0.0%,2142.813,+0.0%,174.96,,+15.8%,-23.9%,+26.7%,+23.9%
RDDT,Extended,Internet,Communication Services,Media & Entertainment,,Dec,Revenue,CY2026,2368.885,2968.75,+25.3%,3150.897,+6.1%,3228.281,+2.5%,174.96,,+36.3%,-23.9%,+26.7%,+23.9%
RDDT,Extended,Internet,Communication Services,Media & Entertainment,,Dec,Revenue,CY2027,2941.381,3867.577,+31.5%,4101.067,+6.0%,4259.581,+3.9%,174.96,,+44.8%,-23.9%,+26.7%,+23.9%
RDDT,Extended,Internet,Communication Services,Media & Entertainment,,Dec,Revenue,CY2028,3480.727,4913.833,+41.2%,5215.611,+6.1%,5328.7,+2.2%,174.96,,+53.1%,-23.9%,+26.7%,+23.9%
EBAY,Extended,Internet,Consumer Discretionary,Consumer Discretionary Distrib,,Dec,Revenue,CY2025,10619.724,11007.031,+3.6%,11009.469,+0.0%,11009.469,+0.0%,108.24,,+3.7%,+24.3%,+19.3%,+39.6%
EBAY,Extended,Internet,Consumer Discretionary,Consumer Discretionary Distrib,,Dec,Revenue,CY2026,11019.7,11520.469,+4.5%,12038.806,+4.5%,12160.516,+1.0%,108.24,,+10.4%,+24.3%,+19.3%,+39.6%
EBAY,Extended,Internet,Consumer Discretionary,Consumer Discretionary Distrib,,Dec,Revenue,CY2027,11476.524,12094.417,+5.4%,12648.387,+4.6%,12805.563,+1.2%,108.24,,+11.6%,+24.3%,+19.3%,+39.6%
EBAY,Extended,Internet,Consumer Discretionary,Consumer Discretionary Distrib,,Dec,Revenue,CY2028,11804.545,12601.357,+6.8%,13195.9,+4.7%,13418.905,+1.7%,108.24,,+13.7%,+24.3%,+19.3%,+39.6%
TTD,Extended,Internet,Communication Services,Media & Entertainment,,Dec,Revenue,CY2025,2861.081,2891.304,+1.1%,2892.519,+0.0%,2892.519,+0.0%,18.51,,+1.1%,-51.2%,-21.3%,-73.0%
TTD,Extended,Internet,Communication Services,Media & Entertainment,,Dec,Revenue,CY2026,3395.972,3355.211,-1.2%,3266.795,-2.6%,3182.605,-2.6%,18.51,,-6.3%,-51.2%,-21.3%,-73.0%
TTD,Extended,Internet,Communication Services,Media & Entertainment,,Dec,Revenue,CY2027,4042.348,3885.552,-3.9%,3673.0,-5.5%,3505.921,-4.5%,18.51,,-13.3%,-51.2%,-21.3%,-73.0%
TTD,Extended,Internet,Communication Services,Media & Entertainment,,Dec,Revenue,CY2028,4775.125,4467.188,-6.4%,4056.565,-9.2%,3818.0,-5.9%,18.51,,-20.0%,-51.2%,-21.3%,-73.0%
U,Extended,Internet,Information Technology,Software & Services,,Dec,Revenue,CY2025,1772.963,1838.607,+3.7%,1839.679,+0.1%,1839.679,+0.0%,27.48,,+3.8%,-37.8%,+43.5%,+14.9%
U,Extended,Internet,Information Technology,Software & Services,,Dec,Revenue,CY2026,1924.038,2060.148,+7.1%,2090.714,+1.5%,2133.259,+2.0%,27.48,,+10.9%,-37.8%,+43.5%,+14.9%
U,Extended,Internet,Information Technology,Software & Services,,Dec,Revenue,CY2027,2153.235,2370.478,+10.1%,2358.0,-0.5%,2437.731,+3.4%,27.48,,+13.2%,-37.8%,+43.5%,+14.9%
U,Extended,Internet,Information Technology,Software & Services,,Dec,Revenue,CY2028,2353.167,2669.875,+13.5%,2680.313,+0.4%,2792.944,+4.2%,27.48,,+18.7%,-37.8%,+43.5%,+14.9%
ARM,Extended,Technology,Information Technology,Semiconductors & Semiconductor,,Mar,Revenue,CY2025,4767.167,4857.5,+1.9%,4899.325,+0.9%,4899.317,-0.0%,439.46,,+2.8%,+302.0%,+238.5%,+200.9%
ARM,Extended,Technology,Information Technology,Semiconductors & Semiconductor,,Mar,Revenue,CY2026,5811.853,5903.641,+1.6%,5913.214,+0.2%,6008.068,+1.6%,439.46,,+3.4%,+302.0%,+238.5%,+200.9%
ARM,Extended,Technology,Information Technology,Semiconductors & Semiconductor,,Mar,Revenue,CY2027,6795.267,7020.36,+3.3%,7123.774,+1.5%,7964.279,+11.8%,439.46,,+17.2%,+302.0%,+238.5%,+200.9%
ARM,Extended,Technology,Information Technology,Semiconductors & Semiconductor,,Mar,Revenue,CY2028,8036.0,8269.375,+2.9%,8272.0,+0.0%,10301.3,+24.5%,439.46,,+28.2%,+302.0%,+238.5%,+200.9%
MRVL,Extended,Technology,Information Technology,Semiconductors & Semiconductor,,Jan,Revenue,CY2025,8237.231,8179.083,-0.7%,8178.444,-0.0%,8178.444,+0.0%,310.58,,-0.7%,+265.5%,+246.9%,+314.4%
MRVL,Extended,Technology,Information Technology,Semiconductors & Semiconductor,,Jan,Revenue,CY2026,9825.61,9992.568,+1.7%,10798.477,+8.1%,11518.422,+6.7%,310.58,,+17.2%,+265.5%,+246.9%,+314.4%
MRVL,Extended,Technology,Information Technology,Semiconductors & Semiconductor,,Jan,Revenue,CY2027,11379.059,12745.412,+12.0%,14793.909,+16.1%,16763.044,+13.3%,310.58,,+47.3%,+265.5%,+246.9%,+314.4%
MRVL,Extended,Technology,Information Technology,Semiconductors & Semiconductor,,Jan,Revenue,CY2028,12960.0,16253.0,+25.4%,18893.182,+16.2%,23360.821,+23.6%,310.58,,+80.3%,+265.5%,+246.9%,+314.4%
AMD,Extended,Technology,Information Technology,Semiconductors & Semiconductor,,Dec,Revenue,CY2025,31819.471,34041.792,+7.0%,34078.737,+0.1%,34078.737,+0.0%,537.37,,+7.1%,+150.9%,+161.8%,+323.8%
AMD,Extended,Technology,Information Technology,Semiconductors & Semiconductor,,Dec,Revenue,CY2026,37622.698,44785.135,+19.0%,46892.4,+4.7%,49786.035,+6.2%,537.37,,+32.3%,+150.9%,+161.8%,+323.8%
AMD,Extended,Technology,Information Technology,Semiconductors & Semiconductor,,Dec,Revenue,CY2027,42764.963,62754.295,+46.7%,67079.755,+6.9%,76549.789,+14.1%,537.37,,+79.0%,+150.9%,+161.8%,+323.8%
AMD,Extended,Technology,Information Technology,Semiconductors & Semiconductor,,Dec,Revenue,CY2028,45270.333,82892.182,+83.1%,84724.043,+2.2%,101109.026,+19.3%,537.37,,+123.3%,+150.9%,+161.8%,+323.8%
INTC,Extended,Technology,Information Technology,Semiconductors & Semiconductor,,Dec,Revenue,CY2025,50516.833,52571.068,+4.1%,52601.63,+0.1%,52601.63,+0.0%,133.99,,+4.1%,+263.1%,+190.1%,+523.5%
INTC,Extended,Technology,Information Technology,Semiconductors & Semiconductor,,Dec,Revenue,CY2026,53351.548,53995.227,+1.2%,53934.149,-0.1%,58692.827,+8.8%,133.99,,+10.0%,+263.1%,+190.1%,+523.5%
INTC,Extended,Technology,Information Technology,Semiconductors & Semiconductor,,Dec,Revenue,CY2027,57009.857,56769.394,-0.4%,57964.756,+2.1%,65353.961,+12.7%,133.99,,+14.6%,+263.1%,+190.1%,+523.5%
INTC,Extended,Technology,Information Technology,Semiconductors & Semiconductor,,Dec,Revenue,CY2028,,64495.5,,62129.5,-3.7%,72866.033,+17.3%,133.99,,,+263.1%,+190.1%,+523.5%
TXN,Extended,Technology,Information Technology,Semiconductors & Semiconductor,,Dec,Revenue,CY2025,17274.2,17680.455,+2.4%,17687.114,+0.0%,17687.114,+0.0%,322.86,,+2.4%,+86.1%,+71.5%,+62.8%
TXN,Extended,Technology,Information Technology,Semiconductors & Semiconductor,,Dec,Revenue,CY2026,18946.757,19089.571,+0.8%,19529.892,+2.3%,20999.147,+7.5%,322.86,,+10.8%,+86.1%,+71.5%,+62.8%
TXN,Extended,Technology,Information Technology,Semiconductors & Semiconductor,,Dec,Revenue,CY2027,20877.158,21088.828,+1.0%,21596.694,+2.4%,23302.882,+7.9%,322.86,,+11.6%,+86.1%,+71.5%,+62.8%
TXN,Extended,Technology,Information Technology,Semiconductors & Semiconductor,,Dec,Revenue,CY2028,,24089.286,,24375.765,+1.2%,25747.3,+5.6%,322.86,,,+86.1%,+71.5%,+62.8%
ADI,Extended,Technology,Information Technology,Semiconductors & Semiconductor,,Oct,Revenue,CY2025,10622.577,10957.516,+3.2%,10957.516,+0.0%,10957.516,+0.0%,434.46,,+3.2%,+60.2%,+39.9%,+89.2%
ADI,Extended,Technology,Information Technology,Semiconductors & Semiconductor,,Oct,Revenue,CY2026,11756.759,13017.433,+10.7%,14002.393,+7.6%,14757.321,+5.4%,434.46,,+25.5%,+60.2%,+39.9%,+89.2%
ADI,Extended,Technology,Information Technology,Semiconductors & Semiconductor,,Oct,Revenue,CY2027,12909.455,14127.115,+9.4%,15370.357,+8.8%,17021.704,+10.7%,434.46,,+31.9%,+60.2%,+39.9%,+89.2%
ADI,Extended,Technology,Information Technology,Semiconductors & Semiconductor,,Oct,Revenue,CY2028,14326.25,15641.167,+9.2%,15849.6,+1.3%,18670.25,+17.8%,434.46,,+30.3%,+60.2%,+39.9%,+89.2%
005930,Extended,Technology,Information Technology,Technology Hardware & Equipmen,,Dec,Revenue,CY2025,322449114.59,328183052.308,+1.8%,331545634.105,+1.0%,331545634.105,+0.0%,350500.0,,+2.8%,+191.1%,+75.4%,+489.1%
005930,Extended,Technology,Information Technology,Technology Hardware & Equipmen,,Dec,Revenue,CY2026,340162987.308,397459642.077,+16.8%,520866885.5,+31.0%,684036450.308,+31.3%,350500.0,,+101.1%,+191.1%,+75.4%,+489.1%
005930,Extended,Technology,Information Technology,Technology Hardware & Equipmen,,Dec,Revenue,CY2027,357396503.621,429187910.912,+20.1%,601386609.73,+40.1%,862951555.179,+43.5%,350500.0,,+141.5%,+191.1%,+75.4%,+489.1%
005930,Extended,Technology,Information Technology,Technology Hardware & Equipmen,,Dec,Revenue,CY2028,,436842476.4,,633200806.563,+44.9%,917793422.97,+44.9%,350500.0,,,+191.1%,+75.4%,+489.1%
000660,Extended,Technology,Information Technology,Semiconductors & Semiconductor,,Dec,Revenue,CY2025,86383167.95,93465373.625,+8.2%,95644767.921,+2.3%,95644767.921,+0.0%,2755000.0,,+10.7%,+322.5%,+173.9%,+972.0%
000660,Extended,Technology,Information Technology,Semiconductors & Semiconductor,,Dec,Revenue,CY2026,99827529.7,142692959.525,+42.9%,235665074.558,+65.2%,339075289.238,+43.9%,2755000.0,,+239.7%,+322.5%,+173.9%,+972.0%
000660,Extended,Technology,Information Technology,Semiconductors & Semiconductor,,Dec,Revenue,CY2027,112356403.931,167266299.176,+48.9%,289034973.0,+72.8%,491637469.976,+70.1%,2755000.0,,+337.6%,+322.5%,+173.9%,+972.0%
000660,Extended,Technology,Information Technology,Semiconductors & Semiconductor,,Dec,Revenue,CY2028,,258717756.25,,320778882.857,+24.0%,542332016.297,+69.1%,2755000.0,,,+322.5%,+173.9%,+972.0%
INTU,Extended,Software,Information Technology,Software & Services,,Jul,Revenue,CY2025,18750.036,18749.655,-0.0%,18749.655,+0.0%,18749.655,+0.0%,267.0,,-0.0%,-59.7%,-41.3%,-64.6%
INTU,Extended,Software,Information Technology,Software & Services,,Jul,Revenue,CY2026,21105.926,21201.889,+0.5%,21245.552,+0.2%,21369.621,+0.6%,267.0,,+1.2%,-59.7%,-41.3%,-64.6%
INTU,Extended,Software,Information Technology,Software & Services,,Jul,Revenue,CY2027,23738.684,23835.296,+0.4%,23867.429,+0.1%,23872.069,+0.0%,267.0,,+0.6%,-59.7%,-41.3%,-64.6%
INTU,Extended,Software,Information Technology,Software & Services,,Jul,Revenue,CY2028,27146.5,26930.563,-0.8%,26675.2,-0.9%,26565.348,-0.4%,267.0,,-2.1%,-59.7%,-41.3%,-64.6%
DDOG,Extended,Software,Information Technology,Software & Services,,Dec,Revenue,CY2025,3234.579,3389.7,+4.8%,3390.395,+0.0%,3390.395,+0.0%,223.0,,+4.8%,+64.0%,+71.6%,+71.5%
DDOG,Extended,Software,Information Technology,Software & Services,,Dec,Revenue,CY2026,3860.674,4102.545,+6.3%,4095.59,-0.2%,4339.651,+6.0%,223.0,,+12.4%,+64.0%,+71.6%,+71.5%
DDOG,Extended,Software,Information Technology,Software & Services,,Dec,Revenue,CY2027,4705.19,4976.167,+5.8%,4928.622,-1.0%,5254.644,+6.6%,223.0,,+11.7%,+64.0%,+71.6%,+71.5%
DDOG,Extended,Software,Information Technology,Software & Services,,Dec,Revenue,CY2028,5554.857,5943.778,+7.0%,5913.412,-0.5%,6410.905,+8.4%,223.0,,+15.4%,+64.0%,+71.6%,+71.5%
BAC,Extended,Banks,Financials,Banks,,Dec,Revenue,CY2025,108315.824,109700.889,+1.3%,110692.65,+0.9%,110692.65,+0.0%,56.2,,+2.2%,+2.2%,+19.5%,+24.7%
BAC,Extended,Banks,Financials,Banks,,Dec,Revenue,CY2026,114137.438,116606.941,+2.2%,119974.579,+2.9%,121348.35,+1.1%,56.2,,+6.3%,+2.2%,+19.5%,+24.7%
BAC,Extended,Banks,Financials,Banks,,Dec,Revenue,CY2027,117826.429,122451.118,+3.9%,126360.833,+3.2%,127389.7,+0.8%,56.2,,+8.1%,+2.2%,+19.5%,+24.7%
BAC,Extended,Banks,Financials,Banks,,Dec,Revenue,CY2028,118171.0,126901.667,+7.4%,131377.286,+3.5%,133124.333,+1.3%,56.2,,+12.7%,+2.2%,+19.5%,+24.7%
WFC,Extended,Banks,Financials,Banks,,Dec,Revenue,CY2025,83260.522,84065.0,+1.0%,84048.739,-0.0%,84048.739,+0.0%,82.2,,+0.9%,-11.8%,+7.6%,+10.0%
WFC,Extended,Banks,Financials,Banks,,Dec,Revenue,CY2026,87350.0,88547.818,+1.4%,88172.227,-0.4%,87715.636,-0.5%,82.2,,+0.4%,-11.8%,+7.6%,+10.0%
WFC,Extended,Banks,Financials,Banks,,Dec,Revenue,CY2027,90893.818,92420.789,+1.7%,92365.364,-0.1%,92045.909,-0.3%,82.2,,+1.3%,-11.8%,+7.6%,+10.0%
WFC,Extended,Banks,Financials,Banks,,Dec,Revenue,CY2028,95133.0,97655.0,+2.7%,97145.125,-0.5%,96187.6,-1.0%,82.2,,+1.1%,-11.8%,+7.6%,+10.0%
GS,Extended,Banks,Financials,Financial Services,,Dec,Revenue,CY2025,55270.045,59056.043,+6.8%,58336.087,-1.2%,58336.087,+0.0%,1096.56,,+5.5%,+24.8%,+35.5%,+72.6%
GS,Extended,Banks,Financials,Financial Services,,Dec,Revenue,CY2026,57274.095,61856.739,+8.0%,63851.043,+3.2%,63939.167,+0.1%,1096.56,,+11.6%,+24.8%,+35.5%,+72.6%
GS,Extended,Banks,Financials,Financial Services,,Dec,Revenue,CY2027,58433.818,64608.684,+10.6%,66129.783,+2.4%,66560.625,+0.7%,1096.56,,+13.9%,+24.8%,+35.5%,+72.6%
GS,Extended,Banks,Financials,Financial Services,,Dec,Revenue,CY2028,59028.0,66264.6,+12.3%,66744.133,+0.7%,68181.867,+2.2%,1096.56,,+15.5%,+24.8%,+35.5%,+72.6%
MS,Extended,Banks,Financials,Financial Services,,Dec,Revenue,CY2025,65621.909,70275.9,+7.1%,70344.273,+0.1%,70344.273,+0.0%,223.17,,+7.2%,+25.7%,+40.8%,+68.4%
MS,Extended,Banks,Financials,Financial Services,,Dec,Revenue,CY2026,68337.182,74353.909,+8.8%,76301.5,+2.6%,77654.522,+1.8%,223.17,,+13.6%,+25.7%,+40.8%,+68.4%
MS,Extended,Banks,Financials,Financial Services,,Dec,Revenue,CY2027,70625.833,78221.65,+10.8%,80289.5,+2.6%,81767.391,+1.8%,223.17,,+15.8%,+25.7%,+40.8%,+68.4%
MS,Extended,Banks,Financials,Financial Services,,Dec,Revenue,CY2028,,81016.667,,83836.692,+3.5%,86233.429,+2.9%,223.17,,,+25.7%,+40.8%,+68.4%
C,Extended,Banks,Financials,Banks,,Dec,Revenue,CY2025,83681.0,86155.842,+3.0%,85704.947,-0.5%,85704.947,+0.0%,143.06,,+2.4%,+22.6%,+30.2%,+82.6%
C,Extended,Banks,Financials,Banks,,Dec,Revenue,CY2026,86091.526,88981.684,+3.4%,90895.7,+2.2%,93596.429,+3.0%,143.06,,+8.7%,+22.6%,+30.2%,+82.6%
C,Extended,Banks,Financials,Banks,,Dec,Revenue,CY2027,88192.25,91938.706,+4.2%,94424.7,+2.7%,97121.095,+2.9%,143.06,,+10.1%,+22.6%,+30.2%,+82.6%
C,Extended,Banks,Financials,Banks,,Dec,Revenue,CY2028,84343.0,87398.0,+3.6%,97739.167,+11.8%,101947.25,+4.3%,143.06,,+20.9%,+22.6%,+30.2%,+82.6%
CB,Extended,Insurance and reinsurance,Financials,Insurance,,Dec,Revenue,CY2025,59332.857,59778.8,+0.8%,59647.286,-0.2%,59647.286,+0.0%,323.4,,+0.5%,+3.6%,-0.1%,+14.6%
CB,Extended,Insurance and reinsurance,Financials,Insurance,,Dec,Revenue,CY2026,63541.429,64030.6,+0.8%,63966.833,-0.1%,64160.714,+0.3%,323.4,,+1.0%,+3.6%,-0.1%,+14.6%
CB,Extended,Insurance and reinsurance,Financials,Insurance,,Dec,Revenue,CY2027,67252.8,67828.2,+0.9%,67629.167,-0.3%,67891.571,+0.4%,323.4,,+0.9%,+3.6%,-0.1%,+14.6%
CB,Extended,Insurance and reinsurance,Financials,Insurance,,Dec,Revenue,CY2028,,,,71109.0,,71167.167,+0.1%,323.4,,,+3.6%,-0.1%,+14.6%
ALL,Extended,Insurance and reinsurance,Financials,Insurance,,Dec,Revenue,CY2025,66618.778,67777.125,+1.7%,67813.222,+0.1%,67813.222,+0.0%,221.17,,+1.8%,+6.3%,+8.4%,+13.0%
ALL,Extended,Insurance and reinsurance,Financials,Insurance,,Dec,Revenue,CY2026,71887.222,71373.375,-0.7%,71047.5,-0.5%,70020.556,-1.4%,221.17,,-2.6%,+6.3%,+8.4%,+13.0%
ALL,Extended,Insurance and reinsurance,Financials,Insurance,,Dec,Revenue,CY2027,76409.143,75322.25,-1.4%,74703.0,-0.8%,73138.0,-2.1%,221.17,,-4.3%,+6.3%,+8.4%,+13.0%
ALL,Extended,Insurance and reinsurance,Financials,Insurance,,Dec,Revenue,CY2028,,77245.5,,78129.5,+1.1%,76188.714,-2.5%,221.17,,,+6.3%,+8.4%,+13.0%
TRV,Extended,Insurance and reinsurance,Financials,Insurance,,Dec,Revenue,CY2025,49071.059,48776.5,-0.6%,48813.158,+0.1%,48813.158,+0.0%,307.81,,-0.5%,+6.1%,+3.7%,+16.2%
TRV,Extended,Insurance and reinsurance,Financials,Insurance,,Dec,Revenue,CY2026,52261.444,50316.3,-3.7%,49954.619,-0.7%,48782.818,-2.3%,307.81,,-6.7%,+6.1%,+3.7%,+16.2%
TRV,Extended,Insurance and reinsurance,Financials,Insurance,,Dec,Revenue,CY2027,55062.333,52054.353,-5.5%,51347.25,-1.4%,50240.19,-2.2%,307.81,,-8.8%,+6.1%,+3.7%,+16.2%
TRV,Extended,Insurance and reinsurance,Financials,Insurance,,Dec,Revenue,CY2028,56957.5,52791.333,-7.3%,52866.0,+0.1%,51722.083,-2.2%,307.81,,-9.2%,+6.1%,+3.7%,+16.2%
AIG,Extended,Insurance and reinsurance,Financials,Insurance,,Dec,Revenue,CY2025,27295.091,27480.909,+0.7%,27551.5,+0.3%,27551.5,+0.0%,74.02,,+0.9%,-13.5%,+0.2%,-12.1%
AIG,Extended,Insurance and reinsurance,Financials,Insurance,,Dec,Revenue,CY2026,28754.636,28669.818,-0.3%,29132.083,+1.6%,28854.571,-1.0%,74.02,,+0.3%,-13.5%,+0.2%,-12.1%
AIG,Extended,Insurance and reinsurance,Financials,Insurance,,Dec,Revenue,CY2027,30722.5,30596.167,-0.4%,30838.0,+0.8%,31171.071,+1.1%,74.02,,+1.5%,-13.5%,+0.2%,-12.1%
AIG,Extended,Insurance and reinsurance,Financials,Insurance,,Dec,Revenue,CY2028,,32411.0,,32307.833,-0.3%,32717.5,+1.3%,74.02,,,-13.5%,+0.2%,-12.1%
ACGL,Extended,Insurance and reinsurance,Financials,Insurance,,Dec,Revenue,CY2025,18622.909,19670.818,+5.6%,19606.538,-0.3%,19606.538,+0.0%,91.18,,+5.3%,-4.9%,-1.1%,+1.0%
ACGL,Extended,Insurance and reinsurance,Financials,Insurance,,Dec,Revenue,CY2026,19793.636,19403.769,-2.0%,19028.818,-1.9%,18225.357,-4.2%,91.18,,-7.9%,-4.9%,-1.1%,+1.0%
ACGL,Extended,Insurance and reinsurance,Financials,Insurance,,Dec,Revenue,CY2027,21293.571,20283.25,-4.7%,19296.154,-4.9%,18980.462,-1.6%,91.18,,-10.9%,-4.9%,-1.1%,+1.0%
ACGL,Extended,Insurance and reinsurance,Financials,Insurance,,Dec,Revenue,CY2028,,21235.0,,19930.0,-6.1%,19490.8,-2.2%,91.18,,,-4.9%,-1.1%,+1.0%
KMX,Extended,Autos,Consumer Discretionary,Consumer Discretionary Distrib,,Feb,Revenue,CY2025,27421.0,25569.526,-6.8%,25600.25,+0.1%,25640.375,+0.2%,53.66,,-6.5%,+38.9%,+26.6%,-16.6%
KMX,Extended,Autos,Consumer Discretionary,Consumer Discretionary Distrib,,Feb,Revenue,CY2026,28806.438,25744.105,-10.6%,25761.375,+0.1%,26700.235,+3.6%,53.66,,-7.3%,+38.9%,+26.6%,-16.6%
KMX,Extended,Autos,Consumer Discretionary,Consumer Discretionary Distrib,,Feb,Revenue,CY2027,29874.25,26162.364,-12.4%,26175.182,+0.0%,27202.176,+3.9%,53.66,,-8.9%,+38.9%,+26.6%,-16.6%
KMX,Extended,Autos,Consumer Discretionary,Consumer Discretionary Distrib,,Feb,Revenue,CY2028,30623.0,26817.6,-12.4%,26906.6,+0.3%,27473.111,+2.1%,53.66,,-10.3%,+38.9%,+26.6%,-16.6%
AN,Extended,Autos,Consumer Discretionary,Consumer Discretionary Distrib,,Dec,Revenue,CY2025,27164.308,27833.364,+2.5%,27863.636,+0.1%,27863.636,+0.0%,188.74,,+2.6%,-8.6%,+2.2%,-2.2%
AN,Extended,Autos,Consumer Discretionary,Consumer Discretionary Distrib,,Dec,Revenue,CY2026,27831.769,28513.25,+2.4%,28118.0,-1.4%,27826.538,-1.0%,188.74,,-0.0%,-8.6%,+2.2%,-2.2%
AN,Extended,Autos,Consumer Discretionary,Consumer Discretionary Distrib,,Dec,Revenue,CY2027,28943.4,29420.571,+1.6%,28965.364,-1.5%,28657.923,-1.1%,188.74,,-1.0%,-8.6%,+2.2%,-2.2%
AN,Extended,Autos,Consumer Discretionary,Consumer Discretionary Distrib,,Dec,Revenue,CY2028,,30652.75,,30645.833,-0.0%,29896.714,-2.4%,188.74,,,-8.6%,+2.2%,-2.2%
GPI,Extended,Autos,Consumer Discretionary,Consumer Discretionary Distrib,,Dec,Revenue,CY2025,22266.9,22678.667,+1.8%,22609.5,-0.3%,22609.5,+0.0%,313.16,,+1.5%,-20.4%,-1.0%,-28.7%
GPI,Extended,Autos,Consumer Discretionary,Consumer Discretionary Distrib,,Dec,Revenue,CY2026,22989.7,23539.778,+2.4%,23176.0,-1.5%,22780.083,-1.7%,313.16,,-0.9%,-20.4%,-1.0%,-28.7%
GPI,Extended,Autos,Consumer Discretionary,Consumer Discretionary Distrib,,Dec,Revenue,CY2027,23924.667,24276.5,+1.5%,23990.2,-1.2%,23523.167,-1.9%,313.16,,-1.7%,-20.4%,-1.0%,-28.7%
GPI,Extended,Autos,Consumer Discretionary,Consumer Discretionary Distrib,,Dec,Revenue,CY2028,,25980.0,,25051.75,-3.6%,24594.5,-1.8%,313.16,,,-20.4%,-1.0%,-28.7%
SAH,Extended,Autos,Consumer Discretionary,Consumer Discretionary Distrib,,Dec,Revenue,CY2025,14723.6,15201.1,+3.2%,15179.6,-0.1%,15179.6,+0.0%,80.73,,+3.1%,+30.5%,+32.4%,+4.0%
SAH,Extended,Autos,Consumer Discretionary,Consumer Discretionary Distrib,,Dec,Revenue,CY2026,15231.1,15709.8,+3.1%,15728.2,+0.1%,15576.417,-1.0%,80.73,,+2.3%,+30.5%,+32.4%,+4.0%
SAH,Extended,Autos,Consumer Discretionary,Consumer Discretionary Distrib,,Dec,Revenue,CY2027,,16408.8,,16402.5,-0.0%,16216.25,-1.1%,80.73,,,+30.5%,+32.4%,+4.0%
SAH,Extended,Autos,Consumer Discretionary,Consumer Discretionary Distrib,,Dec,Revenue,CY2028,,17728.333,,17358.5,-2.1%,16983.5,-2.2%,80.73,,,+30.5%,+32.4%,+4.0%
CPRT,Extended,Autos,Industrials,Commercial & Professional Serv,,Jul,Revenue,CY2025,4667.2,4670.5,+0.1%,4670.5,+0.0%,4670.5,+0.0%,30.23,,+0.1%,-22.8%,-7.0%,-36.9%
CPRT,Extended,Autos,Industrials,Commercial & Professional Serv,,Jul,Revenue,CY2026,5084.444,4775.111,-6.1%,4607.3,-3.5%,4643.5,+0.8%,30.23,,-8.7%,-22.8%,-7.0%,-36.9%
CPRT,Extended,Autos,Industrials,Commercial & Professional Serv,,Jul,Revenue,CY2027,5614.4,5096.444,-9.2%,4823.7,-5.4%,4828.4,+0.1%,30.23,,-14.0%,-22.8%,-7.0%,-36.9%
CPRT,Extended,Autos,Industrials,Commercial & Professional Serv,,Jul,Revenue,CY2028,6786.0,5866.667,-13.5%,5262.333,-10.3%,5275.0,+0.2%,30.23,,-22.3%,-22.8%,-7.0%,-36.9%
GFS,Extended,Technology,Information Technology,Semiconductors & Semiconductor,,Dec,Revenue,CY2025,6900.444,6764.45,-2.0%,6764.45,+0.0%,6764.45,+0.0%,85.83,,-2.0%,+145.8%,+97.9%,+131.2%
GFS,Extended,Technology,Information Technology,Semiconductors & Semiconductor,,Dec,Revenue,CY2026,7552.556,7172.45,-5.0%,7234.1,+0.9%,7265.19,+0.4%,85.83,,-3.8%,+145.8%,+97.9%,+131.2%
GFS,Extended,Technology,Information Technology,Semiconductors & Semiconductor,,Dec,Revenue,CY2027,8206.727,7795.118,-5.0%,7945.579,+1.9%,8052.7,+1.3%,85.83,,-1.9%,+145.8%,+97.9%,+131.2%
GFS,Extended,Technology,Information Technology,Semiconductors & Semiconductor,,Dec,Revenue,CY2028,9364.333,8577.25,-8.4%,8750.5,+2.0%,9033.867,+3.2%,85.83,,-3.5%,+145.8%,+97.9%,+131.2%
2454,Extended,Technology,Information Technology,Semiconductors & Semiconductor,,Dec,Revenue,CY2025,607428.448,591894.643,-2.6%,593911.133,+0.3%,593911.133,+0.0%,4390.0,,-2.2%,+207.0%,+158.2%,+251.2%
2454,Extended,Technology,Information Technology,Semiconductors & Semiconductor,,Dec,Revenue,CY2026,699256.0,653421.821,-6.6%,641572.63,-1.8%,650381.643,+1.4%,4390.0,,-7.0%,+207.0%,+158.2%,+251.2%
2454,Extended,Technology,Information Technology,Semiconductors & Semiconductor,,Dec,Revenue,CY2027,813980.5,795128.571,-2.3%,869456.042,+9.3%,1008033.964,+15.9%,4390.0,,+23.8%,+207.0%,+158.2%,+251.2%
2454,Extended,Technology,Information Technology,Semiconductors & Semiconductor,,Dec,Revenue,CY2028,,875136.5,,977185.0,+11.7%,1616230.353,+65.4%,4390.0,,,+207.0%,+158.2%,+251.2%
