Ticker,Group,Category,GICS Sector,GICS Industry,EPS Type,FYE,Metric,Year,-1yr,-6m,-6m chg,-3m,-3m chg,Current,Current chg,Price,PE,12m Rev,Return_YTD,Return_3m,Return_12m
HCA,Portfolio,,Health Care,Health Care Equipment & Servic,Adj,Dec,EPS,CY2025,25.263,27.438,+8.6%,27.69,+0.9%,27.69,+0.0%,435.19,15.7,+9.6%,-6.8%,-12.5%,+23.0%
HCA,Portfolio,,Health Care,Health Care Equipment & Servic,Adj,Dec,EPS,CY2026,27.973,29.587,+5.8%,30.182,+2.0%,30.2,+0.1%,435.19,14.4,+8.0%,-6.8%,-12.5%,+23.0%
HCA,Portfolio,,Health Care,Health Care Equipment & Servic,Adj,Dec,EPS,CY2027,31.604,32.868,+4.0%,33.23,+1.1%,33.133,-0.3%,435.19,13.1,+4.8%,-6.8%,-12.5%,+23.0%
HCA,Portfolio,,Health Care,Health Care Equipment & Servic,Adj,Dec,EPS,CY2028,35.838,36.79,+2.7%,37.441,+1.8%,37.171,-0.7%,435.19,11.7,+3.7%,-6.8%,-12.5%,+23.0%
UNH,Portfolio,,Health Care,Health Care Equipment & Servic,GAAP,Dec,EPS,CY2025,24.776,14.944,-39.7%,14.947,+0.0%,14.947,+0.0%,379.98,25.4,-39.7%,+15.1%,+37.8%,-0.2%
UNH,Portfolio,,Health Care,Health Care Equipment & Servic,GAAP,Dec,EPS,CY2026,28.729,16.426,-42.8%,16.819,+2.4%,17.194,+2.2%,379.98,22.1,-40.2%,+15.1%,+37.8%,-0.2%
UNH,Portfolio,,Health Care,Health Care Equipment & Servic,GAAP,Dec,EPS,CY2027,32.675,19.435,-40.5%,18.443,-5.1%,18.662,+1.2%,379.98,20.4,-42.9%,+15.1%,+37.8%,-0.2%
UNH,Portfolio,,Health Care,Health Care Equipment & Servic,GAAP,Dec,EPS,CY2028,37.36,23.577,-36.9%,22.078,-6.4%,22.868,+3.6%,379.98,16.6,-38.8%,+15.1%,+37.8%,-0.2%
TSM,Portfolio,,Information Technology,Semiconductors & Semiconductor,GAAP,Dec,EPS,CY2025,9.904,10.33,+4.3%,10.239,-0.9%,10.239,+0.0%,411.68,40.2,+3.4%,+35.5%,+15.8%,+133.2%
TSM,Portfolio,,Information Technology,Semiconductors & Semiconductor,GAAP,Dec,EPS,CY2026,11.585,12.099,+4.4%,13.994,+15.7%,15.582,+11.3%,411.68,26.4,+34.5%,+35.5%,+15.8%,+133.2%
TSM,Portfolio,,Information Technology,Semiconductors & Semiconductor,GAAP,Dec,EPS,CY2027,13.439,14.415,+7.3%,17.389,+20.6%,19.471,+12.0%,411.68,21.1,+44.9%,+35.5%,+15.8%,+133.2%
TSM,Portfolio,,Information Technology,Semiconductors & Semiconductor,GAAP,Dec,EPS,CY2028,13.793,16.458,+19.3%,20.004,+21.5%,23.257,+16.3%,411.68,17.7,+68.6%,+35.5%,+15.8%,+133.2%
AVGO,Portfolio,,Information Technology,Semiconductors & Semiconductor,GAAP,Oct,EPS,CY2025,4.646,4.259,-8.3%,4.247,-0.3%,4.247,+0.0%,430.0,101.2,-8.6%,+24.2%,+25.0%,+106.5%
AVGO,Portfolio,,Information Technology,Semiconductors & Semiconductor,GAAP,Oct,EPS,CY2026,6.026,6.531,+8.4%,8.085,+23.8%,9.122,+12.8%,430.0,47.1,+51.4%,+24.2%,+25.0%,+106.5%
AVGO,Portfolio,,Information Technology,Semiconductors & Semiconductor,GAAP,Oct,EPS,CY2027,6.86,9.175,+33.7%,11.862,+29.3%,15.612,+31.6%,430.0,27.5,+127.6%,+24.2%,+25.0%,+106.5%
AVGO,Portfolio,,Information Technology,Semiconductors & Semiconductor,GAAP,Oct,EPS,CY2028,,12.468,,15.592,+25.1%,19.048,+22.2%,430.0,22.6,,+24.2%,+25.0%,+106.5%
NVDA,Portfolio,,Information Technology,Semiconductors & Semiconductor,GAAP,Jan,EPS,CY2025,4.194,4.411,+5.2%,4.614,+4.6%,4.626,+0.3%,215.2,46.5,+10.3%,+15.4%,+13.2%,+84.5%
NVDA,Portfolio,,Information Technology,Semiconductors & Semiconductor,GAAP,Jan,EPS,CY2026,5.369,6.413,+19.4%,7.371,+14.9%,8.215,+11.5%,215.2,26.2,+53.0%,+15.4%,+13.2%,+84.5%
NVDA,Portfolio,,Information Technology,Semiconductors & Semiconductor,GAAP,Jan,EPS,CY2027,6.106,7.866,+28.8%,9.353,+18.9%,10.93,+16.9%,215.2,19.7,+79.0%,+15.4%,+13.2%,+84.5%
NVDA,Portfolio,,Information Technology,Semiconductors & Semiconductor,GAAP,Jan,EPS,CY2028,6.77,8.868,+31.0%,10.444,+17.8%,11.982,+14.7%,215.2,18.0,+77.0%,+15.4%,+13.2%,+84.5%
META,Portfolio,,Communication Services,Media & Entertainment,GAAP,Dec,EPS,CY2025,25.499,23.072,-9.5%,22.814,-1.1%,22.814,+0.0%,609.63,26.7,-10.5%,-7.6%,-10.0%,+2.9%
META,Portfolio,,Communication Services,Media & Entertainment,GAAP,Dec,EPS,CY2026,28.382,29.658,+4.5%,29.653,-0.0%,32.039,+8.0%,609.63,19.0,+12.9%,-7.6%,-10.0%,+2.9%
META,Portfolio,,Communication Services,Media & Entertainment,GAAP,Dec,EPS,CY2027,32.553,33.46,+2.8%,34.334,+2.6%,34.905,+1.7%,609.63,17.5,+7.2%,-7.6%,-10.0%,+2.9%
META,Portfolio,,Communication Services,Media & Entertainment,GAAP,Dec,EPS,CY2028,38.05,38.81,+2.0%,40.451,+4.2%,40.639,+0.5%,609.63,15.0,+6.8%,-7.6%,-10.0%,+2.9%
AMZN,Portfolio,,Consumer Discretionary,Consumer Discretionary Distrib,GAAP,Dec,EPS,CY2025,6.184,7.063,+14.2%,7.102,+0.6%,7.102,+0.0%,272.68,38.4,+14.8%,+18.1%,+30.6%,+41.2%
AMZN,Portfolio,,Consumer Discretionary,Consumer Discretionary Distrib,GAAP,Dec,EPS,CY2026,7.284,7.846,+7.7%,7.798,-0.6%,8.592,+10.2%,272.68,31.7,+18.0%,+18.1%,+30.6%,+41.2%
AMZN,Portfolio,,Consumer Discretionary,Consumer Discretionary Distrib,GAAP,Dec,EPS,CY2027,8.968,9.546,+6.4%,9.464,-0.9%,9.923,+4.8%,272.68,27.5,+10.6%,+18.1%,+30.6%,+41.2%
AMZN,Portfolio,,Consumer Discretionary,Consumer Discretionary Distrib,GAAP,Dec,EPS,CY2028,10.472,11.239,+7.3%,11.685,+4.0%,12.641,+8.2%,272.68,21.6,+20.7%,+18.1%,+30.6%,+41.2%
JPM,Portfolio,,Financials,Banks,GAAP,Dec,EPS,CY2025,18.507,20.296,+9.7%,19.774,-2.6%,19.774,+0.0%,302.1,15.3,+6.8%,-6.2%,-6.2%,+19.4%
JPM,Portfolio,,Financials,Banks,GAAP,Dec,EPS,CY2026,19.559,21.18,+8.3%,21.317,+0.6%,22.324,+4.7%,302.1,13.5,+14.1%,-6.2%,-6.2%,+19.4%
JPM,Portfolio,,Financials,Banks,GAAP,Dec,EPS,CY2027,21.246,22.851,+7.6%,23.039,+0.8%,23.462,+1.8%,302.1,12.9,+10.4%,-6.2%,-6.2%,+19.4%
JPM,Portfolio,,Financials,Banks,GAAP,Dec,EPS,CY2028,20.1,23.35,+16.2%,25.585,+9.6%,25.819,+0.9%,302.1,11.7,+28.5%,-6.2%,-6.2%,+19.4%
APO,Portfolio,,Financials,Financial Services,Adj,Dec,EPS,CY2025,7.73,7.896,+2.1%,7.955,+0.7%,7.955,+0.0%,133.2,16.7,+2.9%,-8.0%,-0.6%,+0.6%
APO,Portfolio,,Financials,Financial Services,Adj,Dec,EPS,CY2026,9.328,9.229,-1.1%,9.198,-0.3%,8.903,-3.2%,133.2,15.0,-4.6%,-8.0%,-0.6%,+0.6%
APO,Portfolio,,Financials,Financial Services,Adj,Dec,EPS,CY2027,10.845,10.933,+0.8%,10.878,-0.5%,10.672,-1.9%,133.2,12.5,-1.6%,-8.0%,-0.6%,+0.6%
APO,Portfolio,,Financials,Financial Services,Adj,Dec,EPS,CY2028,,12.09,,12.303,+1.8%,12.373,+0.6%,133.2,10.8,,-8.0%,-0.6%,+0.6%
PGR,Portfolio,,Financials,Insurance,Adj,Dec,EPS,CY2025,15.65,17.872,+14.2%,17.902,+0.2%,17.902,+0.0%,194.0,10.8,+14.4%,-9.4%,-3.7%,-27.5%
PGR,Portfolio,,Financials,Insurance,Adj,Dec,EPS,CY2026,15.786,16.406,+3.9%,16.034,-2.3%,16.318,+1.8%,194.0,11.9,+3.4%,-9.4%,-3.7%,-27.5%
PGR,Portfolio,,Financials,Insurance,Adj,Dec,EPS,CY2027,17.006,16.456,-3.2%,16.213,-1.5%,16.218,+0.0%,194.0,12.0,-4.6%,-9.4%,-3.7%,-27.5%
PGR,Portfolio,,Financials,Insurance,Adj,Dec,EPS,CY2028,17.983,17.377,-3.4%,16.264,-6.4%,16.261,-0.0%,194.0,11.9,-9.6%,-9.4%,-3.7%,-27.5%
CVNA,Portfolio,,Consumer Discretionary,Consumer Discretionary Distrib,Adj,Dec,EPS,CY2025,0.877,1.026,+17.0%,1.028,+0.2%,1.028,+0.0%,77.94,75.8,+17.2%,-7.7%,-5.3%,+45.3%
CVNA,Portfolio,,Consumer Discretionary,Consumer Discretionary Distrib,Adj,Dec,EPS,CY2026,1.197,1.4,+17.0%,1.449,+3.5%,1.531,+5.7%,77.94,50.9,+27.9%,-7.7%,-5.3%,+45.3%
CVNA,Portfolio,,Consumer Discretionary,Consumer Discretionary Distrib,Adj,Dec,EPS,CY2027,1.483,1.824,+23.0%,2.043,+12.0%,2.089,+2.3%,77.94,37.3,+40.9%,-7.7%,-5.3%,+45.3%
CVNA,Portfolio,,Consumer Discretionary,Consumer Discretionary Distrib,Adj,Dec,EPS,CY2028,2.242,2.44,+8.8%,2.488,+2.0%,2.506,+0.7%,77.94,31.1,+11.8%,-7.7%,-5.3%,+45.3%
APP,Portfolio,,Information Technology,Software & Services,Adj,Dec,EPS,CY2025,7.82,9.27,+18.5%,9.378,+1.2%,9.378,+0.0%,468.55,50.0,+19.9%,-30.5%,+1.8%,+42.6%
APP,Portfolio,,Information Technology,Software & Services,Adj,Dec,EPS,CY2026,11.394,14.545,+27.7%,14.57,+0.2%,15.707,+7.8%,468.55,29.8,+37.9%,-30.5%,+1.8%,+42.6%
APP,Portfolio,,Information Technology,Software & Services,Adj,Dec,EPS,CY2027,14.221,18.9,+32.9%,19.063,+0.9%,20.85,+9.4%,468.55,22.5,+46.6%,-30.5%,+1.8%,+42.6%
APP,Portfolio,,Information Technology,Software & Services,Adj,Dec,EPS,CY2028,18.152,23.75,+30.8%,24.043,+1.2%,26.395,+9.8%,468.55,17.8,+45.4%,-30.5%,+1.8%,+42.6%
VEEV,Portfolio,,Health Care,Health Care Equipment & Servic,Adj,Jan,EPS,CY2025,7.296,7.807,+7.0%,7.94,+1.7%,7.941,+0.0%,166.34,20.9,+8.8%,-25.5%,-9.9%,-29.8%
VEEV,Portfolio,,Health Care,Health Care Equipment & Servic,Adj,Jan,EPS,CY2026,8.057,8.449,+4.9%,8.593,+1.7%,8.869,+3.2%,166.34,18.8,+10.1%,-25.5%,-9.9%,-29.8%
VEEV,Portfolio,,Health Care,Health Care Equipment & Servic,Adj,Jan,EPS,CY2027,9.127,9.778,+7.1%,9.613,-1.7%,9.849,+2.5%,166.34,16.9,+7.9%,-25.5%,-9.9%,-29.8%
VEEV,Portfolio,,Health Care,Health Care Equipment & Servic,Adj,Jan,EPS,CY2028,,11.533,,11.316,-1.9%,11.155,-1.4%,166.34,14.9,,-25.5%,-9.9%,-29.8%
FICO,Watchlist,,Information Technology,Software & Services,Adj,Sep,EPS,CY2025,29.225,29.52,+1.0%,29.52,+0.0%,29.52,+0.0%,1126.0,38.1,+1.0%,-33.4%,-18.0%,-46.1%
FICO,Watchlist,,Information Technology,Software & Services,Adj,Sep,EPS,CY2026,36.263,39.807,+9.8%,41.323,+3.8%,43.062,+4.2%,1126.0,26.1,+18.7%,-33.4%,-18.0%,-46.1%
FICO,Watchlist,,Information Technology,Software & Services,Adj,Sep,EPS,CY2027,45.587,50.218,+10.2%,52.548,+4.6%,54.242,+3.2%,1126.0,20.8,+19.0%,-33.4%,-18.0%,-46.1%
FICO,Watchlist,,Information Technology,Software & Services,Adj,Sep,EPS,CY2028,56.346,58.781,+4.3%,62.177,+5.8%,64.932,+4.4%,1126.0,17.3,+15.2%,-33.4%,-18.0%,-46.1%
GOOG,Watchlist,,Communication Services,Media & Entertainment,GAAP,Dec,EPS,CY2025,9.546,10.577,+10.8%,10.598,+0.2%,10.598,+0.0%,397.05,37.5,+11.0%,+26.5%,+22.4%,+157.2%
GOOG,Watchlist,,Communication Services,Media & Entertainment,GAAP,Dec,EPS,CY2026,10.174,11.146,+9.6%,11.473,+2.9%,13.777,+20.1%,397.05,28.8,+35.4%,+26.5%,+22.4%,+157.2%
GOOG,Watchlist,,Communication Services,Media & Entertainment,GAAP,Dec,EPS,CY2027,11.627,13.242,+13.9%,13.34,+0.7%,14.488,+8.6%,397.05,27.4,+24.6%,+26.5%,+22.4%,+157.2%
GOOG,Watchlist,,Communication Services,Media & Entertainment,GAAP,Dec,EPS,CY2028,13.135,14.531,+10.6%,15.384,+5.9%,17.015,+10.6%,397.05,23.3,+29.5%,+26.5%,+22.4%,+157.2%
MU,Watchlist,,Information Technology,Semiconductors & Semiconductor,GAAP,Aug,EPS,CY2025,6.587,7.42,+12.6%,7.42,+0.0%,7.42,+0.0%,746.81,100.6,+12.6%,+161.7%,+94.7%,+769.8%
MU,Watchlist,,Information Technology,Semiconductors & Semiconductor,GAAP,Aug,EPS,CY2026,10.841,16.836,+55.3%,32.023,+90.2%,58.318,+82.1%,746.81,12.8,+437.9%,+161.7%,+94.7%,+769.8%
MU,Watchlist,,Information Technology,Semiconductors & Semiconductor,GAAP,Aug,EPS,CY2027,11.542,19.874,+72.2%,42.234,+112.5%,99.991,+136.8%,746.81,7.5,+766.3%,+161.7%,+94.7%,+769.8%
MU,Watchlist,,Information Technology,Semiconductors & Semiconductor,GAAP,Aug,EPS,CY2028,,19.726,,43.987,+123.0%,94.579,+115.0%,746.81,7.9,,+161.7%,+94.7%,+769.8%
HOOD,Watchlist,,Financials,Financial Services,Adj,Dec,EPS,CY2025,1.335,2.003,+50.0%,2.08,+3.8%,2.066,-0.7%,77.03,37.3,+54.8%,-31.9%,-11.0%,+41.0%
HOOD,Watchlist,,Financials,Financial Services,Adj,Dec,EPS,CY2026,1.613,2.461,+52.6%,2.53,+2.8%,1.933,-23.6%,77.03,39.8,+19.8%,-31.9%,-11.0%,+41.0%
HOOD,Watchlist,,Financials,Financial Services,Adj,Dec,EPS,CY2027,1.887,2.831,+50.0%,2.944,+4.0%,2.554,-13.2%,77.03,30.2,+35.3%,-31.9%,-11.0%,+41.0%
HOOD,Watchlist,,Financials,Financial Services,Adj,Dec,EPS,CY2028,1.73,2.947,+70.3%,3.56,+20.8%,3.043,-14.5%,77.03,25.3,+75.9%,-31.9%,-11.0%,+41.0%
TDG,Watchlist,,Industrials,Capital Goods,Adj,Sep,EPS,CY2025,37.358,36.616,-2.0%,36.616,+0.0%,36.616,+0.0%,1215.08,33.2,-2.0%,-8.6%,-6.5%,-5.5%
TDG,Watchlist,,Industrials,Capital Goods,Adj,Sep,EPS,CY2026,42.975,40.329,-6.2%,38.981,-3.3%,39.711,+1.9%,1215.08,30.6,-7.6%,-8.6%,-6.5%,-5.5%
TDG,Watchlist,,Industrials,Capital Goods,Adj,Sep,EPS,CY2027,48.918,46.549,-4.8%,45.782,-1.6%,46.434,+1.4%,1215.08,26.2,-5.1%,-8.6%,-6.5%,-5.5%
TDG,Watchlist,,Industrials,Capital Goods,Adj,Sep,EPS,CY2028,52.465,52.155,-0.6%,52.321,+0.3%,53.147,+1.6%,1215.08,22.9,+1.3%,-8.6%,-6.5%,-5.5%
GE,Watchlist,,Industrials,Capital Goods,GAAP,Dec,EPS,CY2025,5.817,6.776,+16.5%,6.907,+1.9%,6.907,+0.0%,297.15,43.0,+18.7%,-3.5%,-6.2%,+38.2%
GE,Watchlist,,Industrials,Capital Goods,GAAP,Dec,EPS,CY2026,6.543,7.629,+16.6%,7.878,+3.3%,7.955,+1.0%,297.15,37.4,+21.6%,-3.5%,-6.2%,+38.2%
GE,Watchlist,,Industrials,Capital Goods,GAAP,Dec,EPS,CY2027,7.59,8.708,+14.7%,8.724,+0.2%,8.913,+2.2%,297.15,33.3,+17.4%,-3.5%,-6.2%,+38.2%
GE,Watchlist,,Industrials,Capital Goods,GAAP,Dec,EPS,CY2028,8.986,9.868,+9.8%,9.818,-0.5%,10.159,+3.5%,297.15,29.2,+13.1%,-3.5%,-6.2%,+38.2%
LRCX,Watchlist,,Information Technology,Semiconductors & Semiconductor,GAAP,Jun,EPS,CY2025,3.979,4.012,+0.8%,4.012,+0.0%,4.012,+0.0%,294.05,73.3,+0.8%,+71.8%,+28.2%,+290.2%
LRCX,Watchlist,,Information Technology,Semiconductors & Semiconductor,GAAP,Jun,EPS,CY2026,3.964,4.79,+20.8%,5.289,+10.4%,5.63,+6.4%,294.05,52.2,+42.0%,+71.8%,+28.2%,+290.2%
LRCX,Watchlist,,Information Technology,Semiconductors & Semiconductor,GAAP,Jun,EPS,CY2027,4.684,5.598,+19.5%,6.963,+24.4%,7.859,+12.9%,294.05,37.4,+67.8%,+71.8%,+28.2%,+290.2%
LRCX,Watchlist,,Information Technology,Semiconductors & Semiconductor,GAAP,Jun,EPS,CY2028,5.415,6.224,+14.9%,8.051,+29.4%,9.341,+16.0%,294.05,31.5,+72.5%,+71.8%,+28.2%,+290.2%
DASH,Watchlist,,Consumer Discretionary,Consumer Services,Adj,Dec,EPS,CY2025,3.996,5.136,+28.5%,5.084,-1.0%,5.084,+0.0%,163.93,32.2,+27.2%,-27.6%,-12.0%,-10.7%
DASH,Watchlist,,Consumer Discretionary,Consumer Services,Adj,Dec,EPS,CY2026,5.244,5.943,+13.3%,5.713,-3.9%,5.06,-11.4%,163.93,32.4,-3.5%,-27.6%,-12.0%,-10.7%
DASH,Watchlist,,Consumer Discretionary,Consumer Services,Adj,Dec,EPS,CY2027,6.035,7.488,+24.1%,7.125,-4.8%,6.614,-7.2%,163.93,24.8,+9.6%,-27.6%,-12.0%,-10.7%
DASH,Watchlist,,Consumer Discretionary,Consumer Services,Adj,Dec,EPS,CY2028,7.542,9.156,+21.4%,9.308,+1.7%,9.013,-3.2%,163.93,18.2,+19.5%,-27.6%,-12.0%,-10.7%
UBER,Watchlist,,Industrials,Transportation,Adj,Dec,EPS,CY2025,3.034,3.643,+20.1%,2.49,-31.6%,2.49,+0.0%,75.45,30.3,-17.9%,-7.7%,+2.1%,-8.9%
UBER,Watchlist,,Industrials,Transportation,Adj,Dec,EPS,CY2026,3.912,4.12,+5.3%,3.462,-16.0%,3.3,-4.7%,75.45,22.9,-15.6%,-7.7%,+2.1%,-8.9%
UBER,Watchlist,,Industrials,Transportation,Adj,Dec,EPS,CY2027,4.816,4.872,+1.2%,4.416,-9.4%,4.383,-0.7%,75.45,17.2,-9.0%,-7.7%,+2.1%,-8.9%
UBER,Watchlist,,Industrials,Transportation,Adj,Dec,EPS,CY2028,5.541,5.738,+3.6%,5.442,-5.2%,5.478,+0.7%,75.45,13.8,-1.1%,-7.7%,+2.1%,-8.9%
LLY,Watchlist,,Health Care,"Pharmaceuticals, Biotechnology",GAAP,Dec,EPS,CY2025,21.486,22.78,+6.0%,22.806,+0.1%,22.806,+0.0%,948.45,41.6,+6.1%,-11.7%,-9.2%,+29.1%
LLY,Watchlist,,Health Care,"Pharmaceuticals, Biotechnology",GAAP,Dec,EPS,CY2026,29.204,31.549,+8.0%,32.408,+2.7%,34.997,+8.0%,948.45,27.1,+19.8%,-11.7%,-9.2%,+29.1%
LLY,Watchlist,,Health Care,"Pharmaceuticals, Biotechnology",GAAP,Dec,EPS,CY2027,35.642,38.038,+6.7%,40.097,+5.4%,43.036,+7.3%,948.45,22.0,+20.7%,-11.7%,-9.2%,+29.1%
LLY,Watchlist,,Health Care,"Pharmaceuticals, Biotechnology",GAAP,Dec,EPS,CY2028,42.538,44.8,+5.3%,47.84,+6.8%,49.514,+3.5%,948.45,19.2,+16.4%,-11.7%,-9.2%,+29.1%
MSFT,Watchlist,,Information Technology,Software & Services,GAAP,Jun,EPS,CY2025,13.391,13.403,+0.1%,13.403,+0.0%,13.403,+0.0%,415.12,31.0,+0.1%,-14.2%,+0.4%,-5.4%
MSFT,Watchlist,,Information Technology,Software & Services,GAAP,Jun,EPS,CY2026,15.168,15.904,+4.9%,16.685,+4.9%,17.25,+3.4%,415.12,24.1,+13.7%,-14.2%,+0.4%,-5.4%
MSFT,Watchlist,,Information Technology,Software & Services,GAAP,Jun,EPS,CY2027,17.72,18.719,+5.6%,19.022,+1.6%,19.392,+1.9%,415.12,21.4,+9.4%,-14.2%,+0.4%,-5.4%
MSFT,Watchlist,,Information Technology,Software & Services,GAAP,Jun,EPS,CY2028,20.838,22.068,+5.9%,22.377,+1.4%,22.791,+1.9%,415.12,18.2,+9.4%,-14.2%,+0.4%,-5.4%
V,Watchlist,,Financials,Financial Services,GAAP,Sep,EPS,CY2025,10.827,10.723,-1.0%,10.723,+0.0%,10.723,+0.0%,318.79,29.7,-1.0%,-9.1%,-2.1%,-9.6%
V,Watchlist,,Financials,Financial Services,GAAP,Sep,EPS,CY2026,12.644,12.673,+0.2%,12.66,-0.1%,12.785,+1.0%,318.79,24.9,+1.1%,-9.1%,-2.1%,-9.6%
V,Watchlist,,Financials,Financial Services,GAAP,Sep,EPS,CY2027,14.269,14.371,+0.7%,14.465,+0.7%,14.763,+2.1%,318.79,21.6,+3.5%,-9.1%,-2.1%,-9.6%
V,Watchlist,,Financials,Financial Services,GAAP,Sep,EPS,CY2028,16.032,16.229,+1.2%,16.364,+0.8%,16.758,+2.4%,318.79,19.0,+4.5%,-9.1%,-2.1%,-9.6%
BX,Watchlist,,Financials,Financial Services,Adj,Dec,EPS,CY2025,4.906,5.277,+7.6%,5.343,+1.3%,5.343,+0.0%,123.77,23.2,+8.9%,-19.7%,-5.8%,-11.2%
BX,Watchlist,,Financials,Financial Services,Adj,Dec,EPS,CY2026,6.43,6.441,+0.2%,6.407,-0.5%,5.963,-6.9%,123.77,20.8,-7.3%,-19.7%,-5.8%,-11.2%
BX,Watchlist,,Financials,Financial Services,Adj,Dec,EPS,CY2027,7.732,8.012,+3.6%,7.962,-0.6%,7.565,-5.0%,123.77,16.4,-2.2%,-19.7%,-5.8%,-11.2%
BX,Watchlist,,Financials,Financial Services,Adj,Dec,EPS,CY2028,7.77,8.288,+6.7%,8.641,+4.3%,8.271,-4.3%,123.77,15.0,+6.4%,-19.7%,-5.8%,-11.2%
BKNG,Watchlist,,Consumer Discretionary,Consumer Services,Adj,Dec,EPS,CY2025,8.566,9.117,+6.4%,9.101,-0.2%,9.107,+0.1%,165.93,18.2,+6.3%,-22.5%,-2.1%,-18.2%
BKNG,Watchlist,,Consumer Discretionary,Consumer Services,Adj,Dec,EPS,CY2026,9.902,10.612,+7.2%,10.683,+0.7%,10.486,-1.8%,165.93,15.8,+5.9%,-22.5%,-2.1%,-18.2%
BKNG,Watchlist,,Consumer Discretionary,Consumer Services,Adj,Dec,EPS,CY2027,11.602,12.353,+6.5%,12.433,+0.6%,12.339,-0.8%,165.93,13.4,+6.4%,-22.5%,-2.1%,-18.2%
BKNG,Watchlist,,Consumer Discretionary,Consumer Services,Adj,Dec,EPS,CY2028,13.36,14.095,+5.5%,14.186,+0.6%,14.192,+0.0%,165.93,11.7,+6.2%,-22.5%,-2.1%,-18.2%
HLT,Watchlist,,Consumer Discretionary,Consumer Services,Adj,Dec,EPS,CY2025,7.928,8.063,+1.7%,8.057,-0.1%,8.057,+0.0%,316.78,39.3,+1.6%,+10.3%,+0.9%,+30.4%
HLT,Watchlist,,Consumer Discretionary,Consumer Services,Adj,Dec,EPS,CY2026,9.082,9.114,+0.4%,9.137,+0.3%,9.016,-1.3%,316.78,35.1,-0.7%,+10.3%,+0.9%,+30.4%
HLT,Watchlist,,Consumer Discretionary,Consumer Services,Adj,Dec,EPS,CY2027,10.491,10.497,+0.1%,10.482,-0.1%,10.406,-0.7%,316.78,30.4,-0.8%,+10.3%,+0.9%,+30.4%
HLT,Watchlist,,Consumer Discretionary,Consumer Services,Adj,Dec,EPS,CY2028,12.614,12.26,-2.8%,12.141,-1.0%,12.031,-0.9%,316.78,26.3,-4.6%,+10.3%,+0.9%,+30.4%
IBKR,Watchlist,,Financials,Financial Services,Adj,Dec,EPS,CY2025,1.829,2.114,+15.6%,2.141,+1.3%,2.141,+0.0%,84.42,39.4,+17.1%,+31.3%,+7.7%,+81.9%
IBKR,Watchlist,,Financials,Financial Services,Adj,Dec,EPS,CY2026,1.936,2.308,+19.2%,2.476,+7.3%,2.496,+0.8%,84.42,33.8,+28.9%,+31.3%,+7.7%,+81.9%
IBKR,Watchlist,,Financials,Financial Services,Adj,Dec,EPS,CY2027,2.052,2.498,+21.7%,2.745,+9.9%,2.848,+3.8%,84.42,29.6,+38.8%,+31.3%,+7.7%,+81.9%
IBKR,Watchlist,,Financials,Financial Services,Adj,Dec,EPS,CY2028,2.305,2.94,+27.5%,3.16,+7.5%,3.248,+2.8%,84.42,26.0,+40.9%,+31.3%,+7.7%,+81.9%
NET,Watchlist,,Information Technology,Software & Services,Adj,Dec,EPS,CY2025,0.818,0.913,+11.6%,0.914,+0.1%,0.914,+0.0%,196.13,214.6,+11.7%,-0.5%,+12.9%,+48.2%
NET,Watchlist,,Information Technology,Software & Services,Adj,Dec,EPS,CY2026,1.055,1.181,+11.9%,1.179,-0.2%,1.187,+0.7%,196.13,165.2,+12.5%,-0.5%,+12.9%,+48.2%
NET,Watchlist,,Information Technology,Software & Services,Adj,Dec,EPS,CY2027,1.382,1.553,+12.4%,1.543,-0.6%,1.555,+0.8%,196.13,126.1,+12.5%,-0.5%,+12.9%,+48.2%
NET,Watchlist,,Information Technology,Software & Services,Adj,Dec,EPS,CY2028,1.686,2.182,+29.4%,2.147,-1.6%,2.047,-4.7%,196.13,95.8,+21.4%,-0.5%,+12.9%,+48.2%
COST,Watchlist,,Consumer Staples,Consumer Staples Distribution,GAAP,Aug,EPS,CY2025,18.137,18.099,-0.2%,18.099,+0.0%,18.099,+0.0%,1008.79,55.7,-0.2%,+17.0%,+1.1%,+0.1%
COST,Watchlist,,Consumer Staples,Consumer Staples Distribution,GAAP,Aug,EPS,CY2026,20.016,20.079,+0.3%,20.33,+1.3%,20.453,+0.6%,1008.79,49.3,+2.2%,+17.0%,+1.1%,+0.1%
COST,Watchlist,,Consumer Staples,Consumer Staples Distribution,GAAP,Aug,EPS,CY2027,22.132,22.099,-0.1%,22.272,+0.8%,22.795,+2.3%,1008.79,44.3,+3.0%,+17.0%,+1.1%,+0.1%
COST,Watchlist,,Consumer Staples,Consumer Staples Distribution,GAAP,Aug,EPS,CY2028,24.499,24.522,+0.1%,24.609,+0.4%,25.316,+2.9%,1008.79,39.8,+3.3%,+17.0%,+1.1%,+0.1%
TSLA,Watchlist,,Consumer Discretionary,Automobiles & Components,GAAP,Dec,EPS,CY2025,1.541,1.258,-18.4%,1.266,+0.6%,1.266,+0.0%,428.35,338.3,-17.8%,-4.8%,+2.6%,+43.6%
TSLA,Watchlist,,Consumer Discretionary,Automobiles & Components,GAAP,Dec,EPS,CY2026,2.528,1.857,-26.5%,1.546,-16.7%,1.341,-13.3%,428.35,319.4,-47.0%,-4.8%,+2.6%,+43.6%
TSLA,Watchlist,,Consumer Discretionary,Automobiles & Components,GAAP,Dec,EPS,CY2027,3.418,2.788,-18.4%,2.155,-22.7%,1.924,-10.7%,428.35,222.6,-43.7%,-4.8%,+2.6%,+43.6%
TSLA,Watchlist,,Consumer Discretionary,Automobiles & Components,GAAP,Dec,EPS,CY2028,4.827,4.025,-16.6%,3.302,-18.0%,2.73,-17.3%,428.35,156.9,-43.4%,-4.8%,+2.6%,+43.6%
TMO,Watchlist,,Health Care,"Pharmaceuticals, Biotechnology",Adj,Dec,EPS,CY2025,22.311,22.746,+1.9%,22.749,+0.0%,22.749,+0.0%,465.0,20.4,+2.0%,-19.8%,-15.0%,+15.3%
TMO,Watchlist,,Health Care,"Pharmaceuticals, Biotechnology",Adj,Dec,EPS,CY2026,24.691,24.607,-0.3%,24.63,+0.1%,24.89,+1.1%,465.0,18.7,+0.8%,-19.8%,-15.0%,+15.3%
TMO,Watchlist,,Health Care,"Pharmaceuticals, Biotechnology",Adj,Dec,EPS,CY2027,27.577,27.08,-1.8%,26.941,-0.5%,27.24,+1.1%,465.0,17.1,-1.2%,-19.8%,-15.0%,+15.3%
TMO,Watchlist,,Health Care,"Pharmaceuticals, Biotechnology",Adj,Dec,EPS,CY2028,30.744,30.148,-1.9%,29.697,-1.5%,30.068,+1.2%,465.0,15.5,-2.2%,-19.8%,-15.0%,+15.3%
COF,Watchlist,,Financials,Financial Services,Adj,Dec,EPS,CY2025,15.298,19.671,+28.6%,19.712,+0.2%,19.712,+0.0%,189.48,9.6,+28.9%,-21.8%,-14.9%,+0.9%
COF,Watchlist,,Financials,Financial Services,Adj,Dec,EPS,CY2026,18.75,20.476,+9.2%,20.11,-1.8%,19.104,-5.0%,189.48,9.9,+1.9%,-21.8%,-14.9%,+0.9%
COF,Watchlist,,Financials,Financial Services,Adj,Dec,EPS,CY2027,22.057,24.817,+12.5%,24.454,-1.5%,23.553,-3.7%,189.48,8.0,+6.8%,-21.8%,-14.9%,+0.9%
COF,Watchlist,,Financials,Financial Services,Adj,Dec,EPS,CY2028,20.945,29.295,+39.9%,27.902,-4.8%,26.908,-3.6%,189.48,7.0,+28.5%,-21.8%,-14.9%,+0.9%
AON,Watchlist,,Financials,Insurance,Adj,Dec,EPS,CY2025,16.902,16.942,+0.2%,16.964,+0.1%,16.964,+0.0%,312.79,18.4,+0.4%,-11.4%,+0.8%,-11.7%
AON,Watchlist,,Financials,Insurance,Adj,Dec,EPS,CY2026,19.017,19.032,+0.1%,19.083,+0.3%,19.089,+0.0%,312.79,16.4,+0.4%,-11.4%,+0.8%,-11.7%
AON,Watchlist,,Financials,Insurance,Adj,Dec,EPS,CY2027,21.122,21.341,+1.0%,21.468,+0.6%,21.391,-0.4%,312.79,14.6,+1.3%,-11.4%,+0.8%,-11.7%
AON,Watchlist,,Financials,Insurance,Adj,Dec,EPS,CY2028,23.125,23.685,+2.4%,23.644,-0.2%,23.808,+0.7%,312.79,13.1,+3.0%,-11.4%,+0.8%,-11.7%
MC,Watchlist,,Consumer Discretionary,Consumer Durables & Apparel,GAAP,Dec,EPS,CY2025,23.822,21.541,-9.6%,21.493,-0.2%,21.493,+0.0%,472.7,22.0,-9.8%,-26.7%,-11.7%,-4.6%
MC,Watchlist,,Consumer Discretionary,Consumer Durables & Apparel,GAAP,Dec,EPS,CY2026,26.94,24.098,-10.5%,23.445,-2.7%,22.367,-4.6%,472.7,21.1,-17.0%,-26.7%,-11.7%,-4.6%
MC,Watchlist,,Consumer Discretionary,Consumer Durables & Apparel,GAAP,Dec,EPS,CY2027,29.869,27.09,-9.3%,26.931,-0.6%,25.717,-4.5%,472.7,18.4,-13.9%,-26.7%,-11.7%,-4.6%
MC,Watchlist,,Consumer Discretionary,Consumer Durables & Apparel,GAAP,Dec,EPS,CY2028,34.371,31.283,-9.0%,30.391,-2.9%,28.7,-5.6%,472.7,16.5,-16.5%,-26.7%,-11.7%,-4.6%
SPX,Indices,Indices,,,Adj,Dec,EPS,CY2025,,,,,,,,7398.93,,,+8.1%,+6.6%,+30.7%
SPX,Indices,Indices,,,Adj,Dec,EPS,CY2026,274.2691,300.2013,+9.5%,317.9869,+5.9%,351.7889,+10.6%,7398.93,21.0,+28.3%,+8.1%,+6.6%,+30.7%
SPX,Indices,Indices,,,Adj,Dec,EPS,CY2027,306.4601,338.1271,+10.3%,363.9525,+7.6%,399.5117,+9.8%,7398.93,18.5,+30.4%,+8.1%,+6.6%,+30.7%
SPX,Indices,Indices,,,Adj,Dec,EPS,CY2028,335.804,373.021,+11.1%,409.7009,+9.8%,441.6505,+7.8%,7398.93,16.8,+31.5%,+8.1%,+6.6%,+30.7%
QQQ,Indices,Indices,,,GAAP,Dec,EPS,CY2025,,,,,,,,711.23,,,+15.8%,+15.8%,+45.8%
QQQ,Indices,Indices,,,GAAP,Dec,EPS,CY2026,,,,,,,,711.23,,,+15.8%,+15.8%,+45.8%
QQQ,Indices,Indices,,,GAAP,Dec,EPS,CY2027,,,,,,,,711.23,,,+15.8%,+15.8%,+45.8%
QQQ,Indices,Indices,,,GAAP,Dec,EPS,CY2028,,,,,,,,711.23,,,+15.8%,+15.8%,+45.8%
IWM,Indices,Indices,,,Adj,Dec,EPS,CY2025,,,,,,,,284.17,,,+15.4%,+6.5%,+41.5%
IWM,Indices,Indices,,,Adj,Dec,EPS,CY2026,,,,,,,,284.17,,,+15.4%,+6.5%,+41.5%
IWM,Indices,Indices,,,Adj,Dec,EPS,CY2027,,,,,,,,284.17,,,+15.4%,+6.5%,+41.5%
IWM,Indices,Indices,,,Adj,Dec,EPS,CY2028,,,,,,,,284.17,,,+15.4%,+6.5%,+41.5%
SOX,Indices,Indices,,,Adj,Dec,EPS,CY2025,,,,,,,,11775.5,,,+66.2%,+42.0%,+163.6%
SOX,Indices,Indices,,,Adj,Dec,EPS,CY2026,214.0207,254.8965,+19.1%,315.4152,+23.7%,457.0562,+44.9%,11775.5,25.8,+113.6%,+66.2%,+42.0%,+163.6%
SOX,Indices,Indices,,,Adj,Dec,EPS,CY2027,264.8411,318.4281,+20.2%,391.7008,+23.0%,574.0262,+46.5%,11775.5,20.5,+116.7%,+66.2%,+42.0%,+163.6%
SOX,Indices,Indices,,,Adj,Dec,EPS,CY2028,315.883,368.3239,+16.6%,455.2158,+23.6%,667.0386,+46.5%,11775.5,17.7,+111.2%,+66.2%,+42.0%,+163.6%
IGV,Indices,Indices,,,Adj,Dec,EPS,CY2025,,,,,,,,91.15,,,-13.8%,+7.2%,-8.6%
IGV,Indices,Indices,,,Adj,Dec,EPS,CY2026,,,,,,,,91.15,,,-13.8%,+7.2%,-8.6%
IGV,Indices,Indices,,,Adj,Dec,EPS,CY2027,,,,,,,,91.15,,,-13.8%,+7.2%,-8.6%
IGV,Indices,Indices,,,Adj,Dec,EPS,CY2028,,,,,,,,91.15,,,-13.8%,+7.2%,-8.6%
AER,Extended,Uncategorized,Industrials,Capital Goods,Adj,Dec,EPS,CY2025,12.181,14.403,+18.2%,14.926,+3.6%,14.926,+0.0%,150.0,10.0,+22.5%,+4.3%,+5.3%,+36.9%
AER,Extended,Uncategorized,Industrials,Capital Goods,Adj,Dec,EPS,CY2026,13.094,14.181,+8.3%,14.9,+5.1%,17.186,+15.3%,150.0,8.7,+31.3%,+4.3%,+5.3%,+36.9%
AER,Extended,Uncategorized,Industrials,Capital Goods,Adj,Dec,EPS,CY2027,14.49,14.82,+2.3%,15.474,+4.4%,17.025,+10.0%,150.0,8.8,+17.5%,+4.3%,+5.3%,+36.9%
AER,Extended,Uncategorized,Industrials,Capital Goods,Adj,Dec,EPS,CY2028,,,,16.27,,18.07,+11.1%,150.0,8.3,,+4.3%,+5.3%,+36.9%
MA,Extended,Uncategorized,Financials,Financial Services,GAAP,Dec,EPS,CY2025,15.814,16.321,+3.2%,16.333,+0.1%,16.333,+0.0%,495.48,30.3,+3.3%,-13.2%,-7.4%,-12.9%
MA,Extended,Uncategorized,Financials,Financial Services,GAAP,Dec,EPS,CY2026,18.64,19.001,+1.9%,19.225,+1.2%,19.41,+1.0%,495.48,25.5,+4.1%,-13.2%,-7.4%,-12.9%
MA,Extended,Uncategorized,Financials,Financial Services,GAAP,Dec,EPS,CY2027,21.799,22.164,+1.7%,22.38,+1.0%,22.547,+0.7%,495.48,22.0,+3.4%,-13.2%,-7.4%,-12.9%
MA,Extended,Uncategorized,Financials,Financial Services,GAAP,Dec,EPS,CY2028,24.955,25.406,+1.8%,26.035,+2.5%,26.253,+0.8%,495.48,18.9,+5.2%,-13.2%,-7.4%,-12.9%
BRK/A,Extended,Uncategorized,Financials,Financial Services,GAAP,Dec,EPS,CY2025,31765.538,33371.613,+5.1%,40470.363,+21.3%,44704.805,+10.5%,717386.8,16.0,+40.7%,-5.0%,-4.1%,-7.0%
BRK/A,Extended,Uncategorized,Financials,Financial Services,GAAP,Dec,EPS,CY2026,34672.568,34815.797,+0.4%,34808.067,-0.0%,31112.638,-10.6%,717386.8,23.1,-10.3%,-5.0%,-4.1%,-7.0%
BRK/A,Extended,Uncategorized,Financials,Financial Services,GAAP,Dec,EPS,CY2027,31974.31,33636.497,+5.2%,35504.123,+5.6%,34384.728,-3.2%,717386.8,20.9,+7.5%,-5.0%,-4.1%,-7.0%
BRK/A,Extended,Uncategorized,Financials,Financial Services,GAAP,Dec,EPS,CY2028,33858.54,37302.41,+10.2%,37302.41,+0.0%,30796.1,-17.4%,717386.8,23.3,-9.0%,-5.0%,-4.1%,-7.0%
CSU,Extended,Uncategorized,Information Technology,Software & Services,Adj,Dec,EPS,CY2025,84.63,55.822,-34.0%,34.203,-38.7%,33.593,-1.8%,2571.61,76.6,-60.3%,-22.3%,+4.8%,-49.7%
CSU,Extended,Uncategorized,Information Technology,Software & Services,Adj,Dec,EPS,CY2026,102.703,94.525,-8.0%,87.44,-7.5%,84.389,-3.5%,2571.61,30.5,-17.8%,-22.3%,+4.8%,-49.7%
CSU,Extended,Uncategorized,Information Technology,Software & Services,Adj,Dec,EPS,CY2027,,105.127,,99.373,-5.5%,101.683,+2.3%,2571.61,25.3,,-22.3%,+4.8%,-49.7%
CSU,Extended,Uncategorized,Information Technology,Software & Services,Adj,Dec,EPS,CY2028,,,,,,90.94,,2571.61,28.3,,-22.3%,+4.8%,-49.7%
DHR,Extended,Uncategorized,Health Care,"Pharmaceuticals, Biotechnology",Adj,Dec,EPS,CY2025,7.699,7.717,+0.2%,7.734,+0.2%,7.734,+0.0%,171.16,22.1,+0.5%,-25.2%,-21.0%,-9.8%
DHR,Extended,Uncategorized,Health Care,"Pharmaceuticals, Biotechnology",Adj,Dec,EPS,CY2026,8.575,8.42,-1.8%,8.41,-0.1%,8.437,+0.3%,171.16,20.3,-1.6%,-25.2%,-21.0%,-9.8%
DHR,Extended,Uncategorized,Health Care,"Pharmaceuticals, Biotechnology",Adj,Dec,EPS,CY2027,9.471,9.241,-2.4%,9.098,-1.5%,9.099,+0.0%,171.16,18.8,-3.9%,-25.2%,-21.0%,-9.8%
DHR,Extended,Uncategorized,Health Care,"Pharmaceuticals, Biotechnology",Adj,Dec,EPS,CY2028,10.487,10.113,-3.6%,9.986,-1.3%,9.976,-0.1%,171.16,17.2,-4.9%,-25.2%,-21.0%,-9.8%
AAPL,Extended,Uncategorized,Information Technology,Technology Hardware & Equipmen,GAAP,Sep,EPS,CY2025,7.19,7.387,+2.7%,7.387,+0.0%,7.387,+0.0%,293.32,39.7,+2.7%,+7.9%,+6.8%,+47.7%
AAPL,Extended,Uncategorized,Information Technology,Technology Hardware & Equipmen,GAAP,Sep,EPS,CY2026,7.822,8.216,+5.0%,8.477,+3.2%,8.715,+2.8%,293.32,33.7,+11.4%,+7.9%,+6.8%,+47.7%
AAPL,Extended,Uncategorized,Information Technology,Technology Hardware & Equipmen,GAAP,Sep,EPS,CY2027,8.563,9.075,+6.0%,9.303,+2.5%,9.588,+3.1%,293.32,30.6,+12.0%,+7.9%,+6.8%,+47.7%
AAPL,Extended,Uncategorized,Information Technology,Technology Hardware & Equipmen,GAAP,Sep,EPS,CY2028,9.491,9.916,+4.5%,10.242,+3.3%,10.637,+3.9%,293.32,27.6,+12.1%,+7.9%,+6.8%,+47.7%
NFLX,Extended,Uncategorized,Communication Services,Media & Entertainment,GAAP,Dec,EPS,CY2025,2.544,2.531,-0.5%,2.525,-0.2%,2.525,+0.0%,87.49,34.6,-0.7%,-6.7%,+7.4%,-23.3%
NFLX,Extended,Uncategorized,Communication Services,Media & Entertainment,GAAP,Dec,EPS,CY2026,3.086,3.244,+5.1%,3.141,-3.2%,3.565,+13.5%,87.49,24.5,+15.5%,-6.7%,+7.4%,-23.3%
NFLX,Extended,Uncategorized,Communication Services,Media & Entertainment,GAAP,Dec,EPS,CY2027,3.742,3.909,+4.5%,3.799,-2.8%,3.83,+0.8%,87.49,22.8,+2.4%,-6.7%,+7.4%,-23.3%
NFLX,Extended,Uncategorized,Communication Services,Media & Entertainment,GAAP,Dec,EPS,CY2028,4.358,4.588,+5.3%,4.474,-2.5%,4.59,+2.6%,87.49,19.1,+5.3%,-6.7%,+7.4%,-23.3%
QCOM,Extended,Uncategorized,Information Technology,Semiconductors & Semiconductor,GAAP,Sep,EPS,CY2025,10.42,10.174,-2.4%,10.174,+0.0%,10.174,+0.0%,219.09,21.5,-2.4%,+28.1%,+57.7%,+50.9%
QCOM,Extended,Uncategorized,Information Technology,Semiconductors & Semiconductor,GAAP,Sep,EPS,CY2026,10.668,10.165,-4.7%,8.784,-13.6%,11.947,+36.0%,219.09,18.3,+12.0%,+28.1%,+57.7%,+50.9%
QCOM,Extended,Uncategorized,Information Technology,Semiconductors & Semiconductor,GAAP,Sep,EPS,CY2027,10.708,10.436,-2.5%,9.014,-13.6%,8.728,-3.2%,219.09,25.1,-18.5%,+28.1%,+57.7%,+50.9%
QCOM,Extended,Uncategorized,Information Technology,Semiconductors & Semiconductor,GAAP,Sep,EPS,CY2028,11.81,11.409,-3.4%,10.373,-9.1%,10.167,-2.0%,219.09,21.5,-13.9%,+28.1%,+57.7%,+50.9%
UMG,Extended,Uncategorized,Communication Services,Media & Entertainment,Adj,Dec,EPS,CY2025,1.03,1.0,-2.9%,1.013,+1.3%,1.023,+1.0%,19.775,19.3,-0.7%,-11.0%,+0.2%,-26.8%
UMG,Extended,Uncategorized,Communication Services,Media & Entertainment,Adj,Dec,EPS,CY2026,1.18,1.13,-4.2%,1.115,-1.3%,1.041,-6.6%,19.775,19.0,-11.8%,-11.0%,+0.2%,-26.8%
UMG,Extended,Uncategorized,Communication Services,Media & Entertainment,Adj,Dec,EPS,CY2027,1.305,1.245,-4.6%,1.219,-2.1%,1.163,-4.6%,19.775,17.0,-10.9%,-11.0%,+0.2%,-26.8%
UMG,Extended,Uncategorized,Communication Services,Media & Entertainment,Adj,Dec,EPS,CY2028,1.384,1.323,-4.4%,1.303,-1.5%,1.284,-1.5%,19.775,15.4,-7.2%,-11.0%,+0.2%,-26.8%
ASML,Extended,Uncategorized,Information Technology,Semiconductors & Semiconductor,GAAP,Dec,EPS,CY2025,23.234,24.474,+5.3%,24.885,+1.7%,24.885,+0.0%,1319.4,53.0,+7.1%,+43.2%,+9.5%,+110.5%
ASML,Extended,Uncategorized,Information Technology,Semiconductors & Semiconductor,GAAP,Dec,EPS,CY2026,26.921,25.948,-3.6%,29.176,+12.4%,31.272,+7.2%,1319.4,42.2,+16.2%,+43.2%,+9.5%,+110.5%
ASML,Extended,Uncategorized,Information Technology,Semiconductors & Semiconductor,GAAP,Dec,EPS,CY2027,32.634,31.784,-2.6%,37.665,+18.5%,41.056,+9.0%,1319.4,32.1,+25.8%,+43.2%,+9.5%,+110.5%
ASML,Extended,Uncategorized,Information Technology,Semiconductors & Semiconductor,GAAP,Dec,EPS,CY2028,39.899,36.989,-7.3%,43.712,+18.2%,46.859,+7.2%,1319.4,28.2,+17.4%,+43.2%,+9.5%,+110.5%
AMAT,Extended,Uncategorized,Information Technology,Semiconductors & Semiconductor,GAAP,Oct,EPS,CY2025,8.255,8.314,+0.7%,8.321,+0.1%,8.321,+0.0%,435.44,52.3,+0.8%,+69.4%,+31.7%,+179.8%
AMAT,Extended,Uncategorized,Information Technology,Semiconductors & Semiconductor,GAAP,Oct,EPS,CY2026,9.769,9.245,-5.4%,9.56,+3.4%,11.21,+17.3%,435.44,38.8,+14.8%,+69.4%,+31.7%,+179.8%
AMAT,Extended,Uncategorized,Information Technology,Semiconductors & Semiconductor,GAAP,Oct,EPS,CY2027,10.642,10.647,+0.0%,12.024,+12.9%,14.355,+19.4%,435.44,30.3,+34.9%,+69.4%,+31.7%,+179.8%
AMAT,Extended,Uncategorized,Information Technology,Semiconductors & Semiconductor,GAAP,Oct,EPS,CY2028,11.228,10.943,-2.5%,13.295,+21.5%,16.269,+22.4%,435.44,26.8,+44.9%,+69.4%,+31.7%,+179.8%
KLAC,Extended,Uncategorized,Information Technology,Semiconductors & Semiconductor,GAAP,Jun,EPS,CY2025,29.772,29.776,+0.0%,29.776,+0.0%,29.776,+0.0%,1869.19,62.8,+0.0%,+53.8%,+29.8%,+166.6%
KLAC,Extended,Uncategorized,Information Technology,Semiconductors & Semiconductor,GAAP,Jun,EPS,CY2026,32.241,34.607,+7.3%,35.616,+2.9%,36.155,+1.5%,1869.19,51.7,+12.1%,+53.8%,+29.8%,+166.6%
KLAC,Extended,Uncategorized,Information Technology,Semiconductors & Semiconductor,GAAP,Jun,EPS,CY2027,36.42,40.217,+10.4%,46.114,+14.7%,49.589,+7.5%,1869.19,37.7,+36.2%,+53.8%,+29.8%,+166.6%
KLAC,Extended,Uncategorized,Information Technology,Semiconductors & Semiconductor,GAAP,Jun,EPS,CY2028,38.515,43.707,+13.5%,51.237,+17.2%,58.143,+13.5%,1869.19,32.1,+51.0%,+53.8%,+29.8%,+166.6%
KKR,Extended,Uncategorized,Financials,Financial Services,Adj,Dec,EPS,CY2025,5.193,5.135,-1.1%,4.947,-3.7%,4.947,+0.0%,102.52,20.7,-4.7%,-19.6%,-4.4%,-13.2%
KKR,Extended,Uncategorized,Financials,Financial Services,Adj,Dec,EPS,CY2026,6.764,6.777,+0.2%,6.679,-1.4%,6.06,-9.3%,102.52,16.9,-10.4%,-19.6%,-4.4%,-13.2%
KKR,Extended,Uncategorized,Financials,Financial Services,Adj,Dec,EPS,CY2027,8.073,8.187,+1.4%,8.066,-1.5%,7.494,-7.1%,102.52,13.7,-7.2%,-19.6%,-4.4%,-13.2%
KKR,Extended,Uncategorized,Financials,Financial Services,Adj,Dec,EPS,CY2028,9.523,9.556,+0.3%,9.432,-1.3%,8.567,-9.2%,102.52,12.0,-10.0%,-19.6%,-4.4%,-13.2%
BAM,Extended,Uncategorized,Financials,Financial Services,Adj,Dec,EPS,CY2025,1.645,1.586,-3.6%,1.62,+2.1%,1.62,+0.0%,49.76,30.7,-1.5%,-5.0%,-3.3%,-11.7%
BAM,Extended,Uncategorized,Financials,Financial Services,Adj,Dec,EPS,CY2026,1.908,1.836,-3.8%,1.855,+1.0%,1.854,-0.1%,49.76,26.8,-2.8%,-5.0%,-3.3%,-11.7%
BAM,Extended,Uncategorized,Financials,Financial Services,Adj,Dec,EPS,CY2027,2.197,2.158,-1.8%,2.177,+0.9%,2.203,+1.2%,49.76,22.6,+0.3%,-5.0%,-3.3%,-11.7%
BAM,Extended,Uncategorized,Financials,Financial Services,Adj,Dec,EPS,CY2028,2.48,2.42,-2.4%,2.51,+3.7%,2.563,+2.1%,49.76,19.4,+3.3%,-5.0%,-3.3%,-11.7%
ARES,Extended,Uncategorized,Financials,Financial Services,Adj,Dec,EPS,CY2025,5.114,5.074,-0.8%,5.022,-1.0%,5.022,+0.0%,126.25,25.1,-1.8%,-21.9%,-8.0%,-23.5%
ARES,Extended,Uncategorized,Financials,Financial Services,Adj,Dec,EPS,CY2026,6.463,6.505,+0.6%,6.477,-0.4%,6.024,-7.0%,126.25,21.0,-6.8%,-21.9%,-8.0%,-23.5%
ARES,Extended,Uncategorized,Financials,Financial Services,Adj,Dec,EPS,CY2027,7.606,7.74,+1.8%,7.772,+0.4%,7.428,-4.4%,126.25,17.0,-2.3%,-21.9%,-8.0%,-23.5%
ARES,Extended,Uncategorized,Financials,Financial Services,Adj,Dec,EPS,CY2028,,9.0,,8.969,-0.3%,8.407,-6.3%,126.25,15.0,,-21.9%,-8.0%,-23.5%
OWL,Extended,Uncategorized,Financials,Financial Services,Adj,Dec,EPS,CY2025,0.853,0.826,-3.2%,0.821,-0.6%,0.821,+0.0%,10.56,12.9,-3.8%,-29.3%,-16.5%,-42.9%
OWL,Extended,Uncategorized,Financials,Financial Services,Adj,Dec,EPS,CY2026,1.054,0.993,-5.8%,0.955,-3.8%,0.89,-6.8%,10.56,11.9,-15.6%,-29.3%,-16.5%,-42.9%
OWL,Extended,Uncategorized,Financials,Financial Services,Adj,Dec,EPS,CY2027,1.213,1.179,-2.8%,1.123,-4.7%,1.006,-10.4%,10.56,10.5,-17.1%,-29.3%,-16.5%,-42.9%
OWL,Extended,Uncategorized,Financials,Financial Services,Adj,Dec,EPS,CY2028,,1.36,,1.28,-5.9%,1.134,-11.4%,10.56,9.3,,-29.3%,-16.5%,-42.9%
CG,Extended,Uncategorized,Financials,Financial Services,Adj,Dec,EPS,CY2025,4.016,4.033,+0.4%,3.991,-1.0%,3.991,+0.0%,50.63,12.7,-0.6%,-14.3%,-14.5%,+20.4%
CG,Extended,Uncategorized,Financials,Financial Services,Adj,Dec,EPS,CY2026,4.605,4.795,+4.1%,4.669,-2.6%,4.139,-11.4%,50.63,12.2,-10.1%,-14.3%,-14.5%,+20.4%
CG,Extended,Uncategorized,Financials,Financial Services,Adj,Dec,EPS,CY2027,4.949,5.349,+8.1%,5.354,+0.1%,5.27,-1.6%,50.63,9.6,+6.5%,-14.3%,-14.5%,+20.4%
CG,Extended,Uncategorized,Financials,Financial Services,Adj,Dec,EPS,CY2028,5.315,5.81,+9.3%,5.91,+1.7%,5.994,+1.4%,50.63,8.4,+12.8%,-14.3%,-14.5%,+20.4%
BN,Extended,Uncategorized,Financials,Financial Services,Adj,Dec,EPS,CY2025,2.557,2.464,-3.6%,2.462,-0.1%,2.462,+0.0%,47.08,19.1,-3.7%,+2.6%,+0.4%,+24.6%
BN,Extended,Uncategorized,Financials,Financial Services,Adj,Dec,EPS,CY2026,3.089,2.933,-5.1%,2.852,-2.8%,2.758,-3.3%,47.08,17.1,-10.7%,+2.6%,+0.4%,+24.6%
BN,Extended,Uncategorized,Financials,Financial Services,Adj,Dec,EPS,CY2027,3.035,3.645,+20.1%,3.431,-5.9%,3.441,+0.3%,47.08,13.7,+13.4%,+2.6%,+0.4%,+24.6%
BN,Extended,Uncategorized,Financials,Financial Services,Adj,Dec,EPS,CY2028,,,,,,3.71,,47.08,12.7,,+2.6%,+0.4%,+24.6%
TPG,Extended,Uncategorized,Financials,Financial Services,Adj,Dec,EPS,CY2025,2.042,2.382,+16.7%,2.335,-2.0%,2.335,+0.0%,44.62,19.1,+14.3%,-30.1%,-18.8%,-10.0%
TPG,Extended,Uncategorized,Financials,Financial Services,Adj,Dec,EPS,CY2026,2.86,2.991,+4.6%,2.998,+0.2%,2.829,-5.6%,44.62,15.8,-1.1%,-30.1%,-18.8%,-10.0%
TPG,Extended,Uncategorized,Financials,Financial Services,Adj,Dec,EPS,CY2027,3.336,3.709,+11.2%,3.773,+1.7%,3.561,-5.6%,44.62,12.5,+6.7%,-30.1%,-18.8%,-10.0%
TPG,Extended,Uncategorized,Financials,Financial Services,Adj,Dec,EPS,CY2028,4.26,4.1,-3.8%,4.383,+6.9%,4.19,-4.4%,44.62,10.6,-1.6%,-30.1%,-18.8%,-10.0%
BEP,Extended,Uncategorized,Utilities,Utilities,Adj,Dec,EPS,CY2025,-0.268,-0.716,-167.2%,-0.824,-15.1%,-0.824,+0.0%,34.03,-41.3,-207.5%,+26.2%,+10.1%,+46.4%
BEP,Extended,Uncategorized,Utilities,Utilities,Adj,Dec,EPS,CY2026,-0.074,-0.694,-837.8%,-1.176,-69.5%,-1.489,-26.6%,34.03,-22.9,-1912.2%,+26.2%,+10.1%,+46.4%
BEP,Extended,Uncategorized,Utilities,Utilities,Adj,Dec,EPS,CY2027,0.183,-0.692,-478.1%,-0.857,-23.8%,-0.811,+5.4%,34.03,-42.0,-543.2%,+26.2%,+10.1%,+46.4%
BEP,Extended,Uncategorized,Utilities,Utilities,Adj,Dec,EPS,CY2028,1.2,0.357,-70.2%,-0.117,-132.8%,-0.715,-511.1%,34.03,-47.6,-159.6%,+26.2%,+10.1%,+46.4%
BIP,Extended,Uncategorized,Utilities,Utilities,Adj,Dec,EPS,CY2025,1.037,0.477,-54.0%,0.703,+47.4%,0.703,+0.0%,36.77,52.3,-32.2%,+5.8%,-4.2%,+15.4%
BIP,Extended,Uncategorized,Utilities,Utilities,Adj,Dec,EPS,CY2026,1.483,0.847,-42.9%,1.533,+81.0%,0.806,-47.4%,36.77,45.6,-45.7%,+5.8%,-4.2%,+15.4%
BIP,Extended,Uncategorized,Utilities,Utilities,Adj,Dec,EPS,CY2027,1.65,1.314,-20.4%,1.11,-15.5%,1.209,+8.9%,36.77,30.4,-26.7%,+5.8%,-4.2%,+15.4%
BIP,Extended,Uncategorized,Utilities,Utilities,Adj,Dec,EPS,CY2028,1.3,1.85,+42.3%,1.955,+5.7%,1.856,-5.1%,36.77,19.8,+42.8%,+5.8%,-4.2%,+15.4%
MAR,Extended,Uncategorized,Consumer Discretionary,Consumer Services,Adj,Dec,EPS,CY2025,10.085,10.048,-0.4%,10.089,+0.4%,10.089,+0.0%,353.18,35.0,+0.0%,+13.8%,+6.6%,+36.9%
MAR,Extended,Uncategorized,Consumer Discretionary,Consumer Services,Adj,Dec,EPS,CY2026,11.451,11.367,-0.7%,11.423,+0.5%,11.546,+1.1%,353.18,30.6,+0.8%,+13.8%,+6.6%,+36.9%
MAR,Extended,Uncategorized,Consumer Discretionary,Consumer Services,Adj,Dec,EPS,CY2027,12.734,12.729,-0.0%,12.801,+0.6%,13.026,+1.8%,353.18,27.1,+2.3%,+13.8%,+6.6%,+36.9%
MAR,Extended,Uncategorized,Consumer Discretionary,Consumer Services,Adj,Dec,EPS,CY2028,14.74,14.42,-2.2%,14.284,-0.9%,14.493,+1.5%,353.18,24.4,-1.7%,+13.8%,+6.6%,+36.9%
DPZ,Extended,Uncategorized,Consumer Discretionary,Consumer Services,Adj,Dec,EPS,CY2025,17.598,17.592,-0.0%,17.594,+0.0%,17.592,-0.0%,323.48,18.4,-0.0%,-22.4%,-17.5%,-32.5%
DPZ,Extended,Uncategorized,Consumer Discretionary,Consumer Services,Adj,Dec,EPS,CY2026,19.279,19.56,+1.5%,19.571,+0.1%,19.221,-1.8%,323.48,16.8,-0.3%,-22.4%,-17.5%,-32.5%
DPZ,Extended,Uncategorized,Consumer Discretionary,Consumer Services,Adj,Dec,EPS,CY2027,21.267,21.355,+0.4%,21.303,-0.2%,21.046,-1.2%,323.48,15.4,-1.0%,-22.4%,-17.5%,-32.5%
DPZ,Extended,Uncategorized,Consumer Discretionary,Consumer Services,Adj,Dec,EPS,CY2028,23.7,23.613,-0.4%,23.636,+0.1%,22.994,-2.7%,323.48,14.1,-3.0%,-22.4%,-17.5%,-32.5%
CMG,Extended,Uncategorized,Consumer Discretionary,Consumer Services,Adj,Dec,EPS,CY2025,1.216,1.163,-4.4%,1.156,-0.6%,1.156,+0.0%,32.49,28.1,-4.9%,-12.2%,-17.9%,-34.7%
CMG,Extended,Uncategorized,Consumer Discretionary,Consumer Services,Adj,Dec,EPS,CY2026,1.439,1.228,-14.7%,1.15,-6.4%,1.136,-1.2%,32.49,28.6,-21.1%,-12.2%,-17.9%,-34.7%
CMG,Extended,Uncategorized,Consumer Discretionary,Consumer Services,Adj,Dec,EPS,CY2027,1.713,1.465,-14.5%,1.376,-6.1%,1.361,-1.1%,32.49,23.9,-20.5%,-12.2%,-17.9%,-34.7%
CMG,Extended,Uncategorized,Consumer Discretionary,Consumer Services,Adj,Dec,EPS,CY2028,2.092,1.784,-14.7%,1.643,-7.9%,1.584,-3.6%,32.49,20.5,-24.3%,-12.2%,-17.9%,-34.7%
MCO,Extended,Uncategorized,Financials,Financial Services,Adj,Dec,EPS,CY2025,13.626,14.668,+7.6%,14.782,+0.8%,14.772,-0.1%,451.32,30.6,+8.4%,-11.7%,+0.4%,-4.1%
MCO,Extended,Uncategorized,Financials,Financial Services,Adj,Dec,EPS,CY2026,15.401,16.335,+6.1%,16.563,+1.4%,16.68,+0.7%,451.32,27.1,+8.3%,-11.7%,+0.4%,-4.1%
MCO,Extended,Uncategorized,Financials,Financial Services,Adj,Dec,EPS,CY2027,17.286,18.284,+5.8%,18.546,+1.4%,18.595,+0.3%,451.32,24.3,+7.6%,-11.7%,+0.4%,-4.1%
MCO,Extended,Uncategorized,Financials,Financial Services,Adj,Dec,EPS,CY2028,19.118,20.174,+5.5%,20.368,+1.0%,20.589,+1.1%,451.32,21.9,+7.7%,-11.7%,+0.4%,-4.1%
SPGI,Extended,Uncategorized,Financials,Financial Services,Adj,Dec,EPS,CY2025,16.942,17.813,+5.1%,17.859,+0.3%,17.859,+0.0%,420.12,23.5,+5.4%,-19.6%,-5.4%,-17.3%
SPGI,Extended,Uncategorized,Financials,Financial Services,Adj,Dec,EPS,CY2026,18.903,19.814,+4.8%,19.982,+0.8%,19.629,-1.8%,420.12,21.4,+3.8%,-19.6%,-5.4%,-17.3%
SPGI,Extended,Uncategorized,Financials,Financial Services,Adj,Dec,EPS,CY2027,21.138,22.192,+5.0%,22.39,+0.9%,22.192,-0.9%,420.12,18.9,+5.0%,-19.6%,-5.4%,-17.3%
SPGI,Extended,Uncategorized,Financials,Financial Services,Adj,Dec,EPS,CY2028,23.207,24.17,+4.1%,24.516,+1.4%,25.096,+2.4%,420.12,16.7,+8.1%,-19.6%,-5.4%,-17.3%
MSCI,Extended,Uncategorized,Financials,Financial Services,Adj,Dec,EPS,CY2025,16.799,17.175,+2.2%,17.202,+0.2%,17.202,+0.0%,585.42,34.0,+2.4%,+2.0%,+4.7%,+5.2%
MSCI,Extended,Uncategorized,Financials,Financial Services,Adj,Dec,EPS,CY2026,18.798,19.382,+3.1%,19.39,+0.0%,19.639,+1.3%,585.42,29.8,+4.5%,+2.0%,+4.7%,+5.2%
MSCI,Extended,Uncategorized,Financials,Financial Services,Adj,Dec,EPS,CY2027,21.071,21.765,+3.3%,21.956,+0.9%,22.464,+2.3%,585.42,26.1,+6.6%,+2.0%,+4.7%,+5.2%
MSCI,Extended,Uncategorized,Financials,Financial Services,Adj,Dec,EPS,CY2028,23.381,24.346,+4.1%,24.989,+2.6%,25.479,+2.0%,585.42,23.0,+9.0%,+2.0%,+4.7%,+5.2%
CSGP,Extended,Uncategorized,Real Estate,Real Estate Management & Devel,Adj,Dec,EPS,CY2025,0.815,0.841,+3.2%,0.841,+0.0%,0.842,+0.1%,32.77,38.9,+3.3%,-51.3%,-35.7%,-56.1%
CSGP,Extended,Uncategorized,Real Estate,Real Estate Management & Devel,Adj,Dec,EPS,CY2026,1.327,1.369,+3.2%,1.319,-3.7%,1.358,+3.0%,32.77,24.1,+2.3%,-51.3%,-35.7%,-56.1%
CSGP,Extended,Uncategorized,Real Estate,Real Estate Management & Devel,Adj,Dec,EPS,CY2027,1.941,1.979,+2.0%,1.872,-5.4%,1.775,-5.2%,32.77,18.5,-8.6%,-51.3%,-35.7%,-56.1%
CSGP,Extended,Uncategorized,Real Estate,Real Estate Management & Devel,Adj,Dec,EPS,CY2028,2.526,2.593,+2.7%,2.365,-8.8%,2.218,-6.2%,32.77,14.8,-12.2%,-51.3%,-35.7%,-56.1%
LPLA,Extended,Uncategorized,Financials,Financial Services,Adj,Dec,EPS,CY2025,18.754,19.819,+5.7%,19.786,-0.2%,19.786,+0.0%,303.52,15.3,+5.5%,-15.0%,-22.8%,-15.8%
LPLA,Extended,Uncategorized,Financials,Financial Services,Adj,Dec,EPS,CY2026,21.985,23.371,+6.3%,23.935,+2.4%,23.218,-3.0%,303.52,13.1,+5.6%,-15.0%,-22.8%,-15.8%
LPLA,Extended,Uncategorized,Financials,Financial Services,Adj,Dec,EPS,CY2027,27.36,28.832,+5.4%,29.204,+1.3%,28.504,-2.4%,303.52,10.6,+4.2%,-15.0%,-22.8%,-15.8%
LPLA,Extended,Uncategorized,Financials,Financial Services,Adj,Dec,EPS,CY2028,31.545,33.175,+5.2%,34.133,+2.9%,33.142,-2.9%,303.52,9.2,+5.1%,-15.0%,-22.8%,-15.8%
SCHW,Extended,Uncategorized,Financials,Financial Services,Adj,Dec,EPS,CY2025,4.268,4.791,+12.3%,4.87,+1.6%,4.87,+0.0%,88.61,18.2,+14.1%,-11.3%,-17.3%,+4.9%
SCHW,Extended,Uncategorized,Financials,Financial Services,Adj,Dec,EPS,CY2026,5.059,5.599,+10.7%,5.843,+4.4%,6.002,+2.7%,88.61,14.8,+18.6%,-11.3%,-17.3%,+4.9%
SCHW,Extended,Uncategorized,Financials,Financial Services,Adj,Dec,EPS,CY2027,5.806,6.619,+14.0%,6.748,+1.9%,7.0,+3.7%,88.61,12.7,+20.6%,-11.3%,-17.3%,+4.9%
SCHW,Extended,Uncategorized,Financials,Financial Services,Adj,Dec,EPS,CY2028,6.553,7.605,+16.1%,7.744,+1.8%,7.995,+3.2%,88.61,11.1,+22.0%,-11.3%,-17.3%,+4.9%
CRM,Extended,Uncategorized,Information Technology,Software & Services,Adj,Jan,EPS,CY2025,11.155,11.38,+2.0%,11.783,+3.5%,11.785,+0.0%,181.82,15.4,+5.6%,-31.4%,-6.3%,-34.0%
CRM,Extended,Uncategorized,Information Technology,Software & Services,Adj,Jan,EPS,CY2026,12.509,12.73,+1.8%,13.139,+3.2%,13.191,+0.4%,181.82,13.8,+5.5%,-31.4%,-6.3%,-34.0%
CRM,Extended,Uncategorized,Information Technology,Software & Services,Adj,Jan,EPS,CY2027,14.387,14.48,+0.6%,15.07,+4.1%,14.856,-1.4%,181.82,12.2,+3.3%,-31.4%,-6.3%,-34.0%
CRM,Extended,Uncategorized,Information Technology,Software & Services,Adj,Jan,EPS,CY2028,16.198,17.246,+6.5%,17.728,+2.8%,17.525,-1.1%,181.82,10.4,+8.2%,-31.4%,-6.3%,-34.0%
WDAY,Extended,Uncategorized,Information Technology,Software & Services,Adj,Jan,EPS,CY2025,8.518,8.905,+4.5%,9.098,+2.2%,9.104,+0.1%,127.83,14.0,+6.9%,-40.5%,-17.3%,-50.7%
WDAY,Extended,Uncategorized,Information Technology,Software & Services,Adj,Jan,EPS,CY2026,10.021,10.599,+5.8%,10.76,+1.5%,10.433,-3.0%,127.83,12.3,+4.1%,-40.5%,-17.3%,-50.7%
WDAY,Extended,Uncategorized,Information Technology,Software & Services,Adj,Jan,EPS,CY2027,11.379,12.96,+13.9%,13.092,+1.0%,12.295,-6.1%,127.83,10.4,+8.0%,-40.5%,-17.3%,-50.7%
WDAY,Extended,Uncategorized,Information Technology,Software & Services,Adj,Jan,EPS,CY2028,12.842,14.527,+13.1%,15.168,+4.4%,13.999,-7.7%,127.83,9.1,+9.0%,-40.5%,-17.3%,-50.7%
ADBE,Extended,Uncategorized,Information Technology,Software & Services,Adj,Nov,EPS,CY2025,20.398,20.836,+2.1%,20.832,-0.0%,20.832,+0.0%,253.04,12.1,+2.1%,-27.7%,-5.2%,-34.0%
ADBE,Extended,Uncategorized,Information Technology,Software & Services,Adj,Nov,EPS,CY2026,22.87,23.435,+2.5%,23.518,+0.4%,23.517,-0.0%,253.04,10.8,+2.8%,-27.7%,-5.2%,-34.0%
ADBE,Extended,Uncategorized,Information Technology,Software & Services,Adj,Nov,EPS,CY2027,25.678,26.263,+2.3%,26.541,+1.1%,26.465,-0.3%,253.04,9.6,+3.1%,-27.7%,-5.2%,-34.0%
ADBE,Extended,Uncategorized,Information Technology,Software & Services,Adj,Nov,EPS,CY2028,28.37,28.463,+0.3%,29.101,+2.2%,29.662,+1.9%,253.04,8.5,+4.6%,-27.7%,-5.2%,-34.0%
SHOP,Extended,Uncategorized,Information Technology,Software & Services,Adj,Dec,EPS,CY2025,1.422,1.454,+2.3%,1.449,-0.3%,1.451,+0.1%,110.41,76.1,+2.0%,-31.4%,-6.7%,+20.3%
SHOP,Extended,Uncategorized,Information Technology,Software & Services,Adj,Dec,EPS,CY2026,1.806,1.874,+3.8%,1.885,+0.6%,1.834,-2.7%,110.41,60.2,+1.6%,-31.4%,-6.7%,+20.3%
SHOP,Extended,Uncategorized,Information Technology,Software & Services,Adj,Dec,EPS,CY2027,2.395,2.337,-2.4%,2.486,+6.4%,2.381,-4.2%,110.41,46.4,-0.6%,-31.4%,-6.7%,+20.3%
SHOP,Extended,Uncategorized,Information Technology,Software & Services,Adj,Dec,EPS,CY2028,3.102,2.856,-7.9%,3.492,+22.3%,3.175,-9.1%,110.41,34.8,+2.4%,-31.4%,-6.7%,+20.3%
GWRE,Extended,Uncategorized,Information Technology,Software & Services,Adj,Jul,EPS,CY2025,1.991,2.419,+21.5%,2.419,+0.0%,2.419,+0.0%,138.45,57.2,+21.5%,-31.1%,+10.1%,-35.2%
GWRE,Extended,Uncategorized,Information Technology,Software & Services,Adj,Jul,EPS,CY2026,2.668,2.982,+11.8%,2.96,-0.7%,3.537,+19.5%,138.45,39.1,+32.6%,-31.1%,+10.1%,-35.2%
GWRE,Extended,Uncategorized,Information Technology,Software & Services,Adj,Jul,EPS,CY2027,,3.812,,3.872,+1.6%,4.267,+10.2%,138.45,32.4,,-31.1%,+10.1%,-35.2%
GWRE,Extended,Uncategorized,Information Technology,Software & Services,Adj,Jul,EPS,CY2028,,5.235,,4.901,-6.4%,5.395,+10.1%,138.45,25.7,,-31.1%,+10.1%,-35.2%
NOW,Extended,Uncategorized,Information Technology,Software & Services,Adj,Dec,EPS,CY2025,3.315,3.475,+4.8%,3.481,+0.2%,3.481,+0.0%,91.18,26.2,+5.0%,-40.5%,-12.2%,-53.5%
NOW,Extended,Uncategorized,Information Technology,Software & Services,Adj,Dec,EPS,CY2026,3.97,4.088,+3.0%,4.197,+2.7%,4.155,-1.0%,91.18,21.9,+4.7%,-40.5%,-12.2%,-53.5%
NOW,Extended,Uncategorized,Information Technology,Software & Services,Adj,Dec,EPS,CY2027,4.789,4.857,+1.4%,5.018,+3.3%,5.043,+0.5%,91.18,18.1,+5.3%,-40.5%,-12.2%,-53.5%
NOW,Extended,Uncategorized,Information Technology,Software & Services,Adj,Dec,EPS,CY2028,5.686,5.65,-0.6%,6.015,+6.5%,6.072,+0.9%,91.18,15.0,+6.8%,-40.5%,-12.2%,-53.5%
ELV,Extended,Uncategorized,Health Care,Health Care Equipment & Servic,Adj,Dec,EPS,CY2025,34.422,29.986,-12.9%,29.975,-0.0%,29.975,+0.0%,378.07,12.6,-12.9%,+7.9%,+15.4%,-6.6%
ELV,Extended,Uncategorized,Health Care,Health Care Equipment & Servic,Adj,Dec,EPS,CY2026,39.25,27.217,-30.7%,26.238,-3.6%,26.899,+2.5%,378.07,14.1,-31.5%,+7.9%,+15.4%,-6.6%
ELV,Extended,Uncategorized,Health Care,Health Care Equipment & Servic,Adj,Dec,EPS,CY2027,45.245,31.408,-30.6%,29.562,-5.9%,29.124,-1.5%,378.07,13.0,-35.6%,+7.9%,+15.4%,-6.6%
ELV,Extended,Uncategorized,Health Care,Health Care Equipment & Servic,Adj,Dec,EPS,CY2028,52.898,40.003,-24.4%,34.686,-13.3%,33.755,-2.7%,378.07,11.2,-36.2%,+7.9%,+15.4%,-6.6%
ISRG,Extended,Uncategorized,Health Care,Health Care Equipment & Servic,Adj,Dec,EPS,CY2025,7.76,8.634,+11.3%,8.646,+0.1%,8.646,+0.0%,450.06,52.1,+11.4%,-20.5%,-8.7%,-16.1%
ISRG,Extended,Uncategorized,Health Care,Health Care Equipment & Servic,Adj,Dec,EPS,CY2026,9.012,9.705,+7.7%,10.054,+3.6%,10.343,+2.9%,450.06,43.5,+14.8%,-20.5%,-8.7%,-16.1%
ISRG,Extended,Uncategorized,Health Care,Health Care Equipment & Servic,Adj,Dec,EPS,CY2027,10.556,11.224,+6.3%,11.417,+1.7%,11.75,+2.9%,450.06,38.3,+11.3%,-20.5%,-8.7%,-16.1%
ISRG,Extended,Uncategorized,Health Care,Health Care Equipment & Servic,Adj,Dec,EPS,CY2028,12.249,13.033,+6.4%,13.202,+1.3%,13.374,+1.3%,450.06,33.7,+9.2%,-20.5%,-8.7%,-16.1%
BLDR,Extended,Uncategorized,Industrials,Capital Goods,Adj,Dec,EPS,CY2025,8.342,7.073,-15.2%,7.053,-0.3%,7.053,+0.0%,77.4,11.0,-15.5%,-24.8%,-37.7%,-30.1%
BLDR,Extended,Uncategorized,Industrials,Capital Goods,Adj,Dec,EPS,CY2026,9.751,6.584,-32.5%,6.346,-3.6%,4.303,-32.2%,77.4,18.0,-55.9%,-24.8%,-37.7%,-30.1%
BLDR,Extended,Uncategorized,Industrials,Capital Goods,Adj,Dec,EPS,CY2027,12.164,8.587,-29.4%,8.092,-5.8%,6.173,-23.7%,77.4,12.5,-49.3%,-24.8%,-37.7%,-30.1%
BLDR,Extended,Uncategorized,Industrials,Capital Goods,Adj,Dec,EPS,CY2028,10.71,10.26,-4.2%,10.055,-2.0%,7.551,-24.9%,77.4,10.3,-29.5%,-24.8%,-37.7%,-30.1%
FERG,Extended,Uncategorized,Industrials,Capital Goods,Adj,Jul,EPS,CY2025,8.876,9.41,+6.0%,9.41,+0.0%,9.41,+0.0%,241.34,25.6,+6.0%,+8.4%,-7.7%,+41.0%
FERG,Extended,Uncategorized,Industrials,Capital Goods,Adj,Jul,EPS,CY2026,,10.971,,10.995,+0.2%,11.148,+1.4%,241.34,21.6,,+8.4%,-7.7%,+41.0%
FERG,Extended,Uncategorized,Industrials,Capital Goods,Adj,Jul,EPS,CY2027,,12.026,,12.15,+1.0%,12.43,+2.3%,241.34,19.4,,+8.4%,-7.7%,+41.0%
FERG,Extended,Uncategorized,Industrials,Capital Goods,Adj,Jul,EPS,CY2028,,13.264,,13.245,-0.1%,13.642,+3.0%,241.34,17.7,,+8.4%,-7.7%,+41.0%
CRH,Extended,Uncategorized,Materials,Materials,Adj,Dec,EPS,CY2025,5.731,5.619,-2.0%,5.591,-0.5%,5.593,+0.0%,113.76,20.3,-2.4%,-8.8%,-10.3%,+20.3%
CRH,Extended,Uncategorized,Materials,Materials,Adj,Dec,EPS,CY2026,6.376,6.225,-2.4%,6.097,-2.1%,5.984,-1.9%,113.76,19.0,-6.1%,-8.8%,-10.3%,+20.3%
CRH,Extended,Uncategorized,Materials,Materials,Adj,Dec,EPS,CY2027,7.004,6.862,-2.0%,6.749,-1.6%,6.777,+0.4%,113.76,16.8,-3.2%,-8.8%,-10.3%,+20.3%
CRH,Extended,Uncategorized,Materials,Materials,Adj,Dec,EPS,CY2028,7.822,7.765,-0.7%,7.716,-0.6%,7.612,-1.3%,113.76,14.9,-2.7%,-8.8%,-10.3%,+20.3%
FND,Extended,Uncategorized,Consumer Discretionary,Consumer Discretionary Distrib,Adj,Dec,EPS,CY2025,1.803,1.903,+5.5%,1.914,+0.6%,1.905,-0.5%,51.73,27.2,+5.7%,-15.0%,-24.0%,-31.3%
FND,Extended,Uncategorized,Consumer Discretionary,Consumer Discretionary Distrib,Adj,Dec,EPS,CY2026,2.202,2.091,-5.0%,2.115,+1.1%,1.904,-10.0%,51.73,27.2,-13.5%,-15.0%,-24.0%,-31.3%
FND,Extended,Uncategorized,Consumer Discretionary,Consumer Discretionary Distrib,Adj,Dec,EPS,CY2027,2.716,2.519,-7.3%,2.54,+0.8%,2.189,-13.8%,51.73,23.6,-19.4%,-15.0%,-24.0%,-31.3%
FND,Extended,Uncategorized,Consumer Discretionary,Consumer Discretionary Distrib,Adj,Dec,EPS,CY2028,3.12,3.035,-2.7%,3.073,+1.3%,2.663,-13.3%,51.73,19.4,-14.6%,-15.0%,-24.0%,-31.3%
WMT,Extended,Uncategorized,Consumer Staples,Consumer Staples Distribution,GAAP,Jan,EPS,CY2025,2.607,2.737,+5.0%,2.886,+5.4%,2.879,-0.2%,130.43,45.3,+10.4%,+17.1%,+1.1%,+34.9%
WMT,Extended,Uncategorized,Consumer Staples,Consumer Staples Distribution,GAAP,Jan,EPS,CY2026,2.932,2.915,-0.6%,2.966,+1.7%,2.922,-1.5%,130.43,44.6,-0.3%,+17.1%,+1.1%,+34.9%
WMT,Extended,Uncategorized,Consumer Staples,Consumer Staples Distribution,GAAP,Jan,EPS,CY2027,3.243,3.253,+0.3%,3.307,+1.7%,3.276,-0.9%,130.43,39.8,+1.0%,+17.1%,+1.1%,+34.9%
WMT,Extended,Uncategorized,Consumer Staples,Consumer Staples Distribution,GAAP,Jan,EPS,CY2028,3.702,3.673,-0.8%,3.69,+0.5%,3.632,-1.6%,130.43,35.9,-1.9%,+17.1%,+1.1%,+34.9%
PM,Extended,Uncategorized,Consumer Staples,"Food, Beverage & Tobacco",GAAP,Dec,EPS,CY2025,7.296,7.405,+1.5%,7.412,+0.1%,7.412,+0.0%,170.99,23.1,+1.6%,+6.6%,-6.0%,+0.8%
PM,Extended,Uncategorized,Consumer Staples,"Food, Beverage & Tobacco",GAAP,Dec,EPS,CY2026,8.069,8.103,+0.4%,8.031,-0.9%,7.997,-0.4%,170.99,21.4,-0.9%,+6.6%,-6.0%,+0.8%
PM,Extended,Uncategorized,Consumer Staples,"Food, Beverage & Tobacco",GAAP,Dec,EPS,CY2027,8.858,8.858,+0.0%,8.731,-1.4%,8.839,+1.2%,170.99,19.3,-0.2%,+6.6%,-6.0%,+0.8%
PM,Extended,Uncategorized,Consumer Staples,"Food, Beverage & Tobacco",GAAP,Dec,EPS,CY2028,9.786,9.722,-0.7%,9.578,-1.5%,11.829,+23.5%,170.99,14.5,+20.9%,+6.6%,-6.0%,+0.8%
CP,Extended,Uncategorized,Industrials,Transportation,Adj,Dec,EPS,CY2025,4.741,4.671,-1.5%,4.618,-1.1%,4.618,+0.0%,86.04,18.6,-2.6%,+16.9%,+6.1%,+17.3%
CP,Extended,Uncategorized,Industrials,Transportation,Adj,Dec,EPS,CY2026,5.449,5.341,-2.0%,5.189,-2.8%,5.108,-1.6%,86.04,16.8,-6.3%,+16.9%,+6.1%,+17.3%
CP,Extended,Uncategorized,Industrials,Transportation,Adj,Dec,EPS,CY2027,6.132,6.027,-1.7%,5.878,-2.5%,5.868,-0.2%,86.04,14.7,-4.3%,+16.9%,+6.1%,+17.3%
CP,Extended,Uncategorized,Industrials,Transportation,Adj,Dec,EPS,CY2028,7.167,6.913,-3.5%,6.675,-3.4%,6.701,+0.4%,86.04,12.8,-6.5%,+16.9%,+6.1%,+17.3%
CNR,Extended,Uncategorized,Industrials,Transportation,Adj,Dec,EPS,CY2025,7.803,7.513,-3.7%,7.522,+0.1%,7.522,+0.0%,152.71,20.3,-3.6%,+12.5%,+9.0%,+9.1%
CNR,Extended,Uncategorized,Industrials,Transportation,Adj,Dec,EPS,CY2026,8.68,8.186,-5.7%,7.877,-3.8%,7.859,-0.2%,152.71,19.4,-9.5%,+12.5%,+9.0%,+9.1%
CNR,Extended,Uncategorized,Industrials,Transportation,Adj,Dec,EPS,CY2027,9.588,9.118,-4.9%,8.75,-4.0%,8.739,-0.1%,152.71,17.5,-8.9%,+12.5%,+9.0%,+9.1%
CNR,Extended,Uncategorized,Industrials,Transportation,Adj,Dec,EPS,CY2028,10.473,10.168,-2.9%,9.691,-4.7%,9.623,-0.7%,152.71,15.9,-8.1%,+12.5%,+9.0%,+9.1%
UNP,Extended,Uncategorized,Industrials,Transportation,Adj,Dec,EPS,CY2025,11.525,11.746,+1.9%,11.69,-0.5%,11.69,+0.0%,264.65,22.6,+1.4%,+14.4%,+4.1%,+22.3%
UNP,Extended,Uncategorized,Industrials,Transportation,Adj,Dec,EPS,CY2026,12.774,12.682,-0.7%,12.453,-1.8%,12.548,+0.8%,264.65,21.1,-1.8%,+14.4%,+4.1%,+22.3%
UNP,Extended,Uncategorized,Industrials,Transportation,Adj,Dec,EPS,CY2027,13.999,13.683,-2.3%,13.566,-0.9%,13.687,+0.9%,264.65,19.3,-2.2%,+14.4%,+4.1%,+22.3%
UNP,Extended,Uncategorized,Industrials,Transportation,Adj,Dec,EPS,CY2028,15.67,15.174,-3.2%,14.846,-2.2%,14.998,+1.0%,264.65,17.6,-4.3%,+14.4%,+4.1%,+22.3%
CSX,Extended,Uncategorized,Industrials,Transportation,Adj,Dec,EPS,CY2025,1.652,1.655,+0.2%,1.636,-1.1%,1.636,+0.0%,44.83,27.4,-1.0%,+23.7%,+10.1%,+56.0%
CSX,Extended,Uncategorized,Industrials,Transportation,Adj,Dec,EPS,CY2026,1.92,1.91,-0.5%,1.845,-3.4%,1.904,+3.2%,44.83,23.5,-0.8%,+23.7%,+10.1%,+56.0%
CSX,Extended,Uncategorized,Industrials,Transportation,Adj,Dec,EPS,CY2027,2.105,2.131,+1.2%,2.082,-2.3%,2.15,+3.3%,44.83,20.9,+2.1%,+23.7%,+10.1%,+56.0%
CSX,Extended,Uncategorized,Industrials,Transportation,Adj,Dec,EPS,CY2028,2.353,2.363,+0.4%,2.262,-4.3%,2.354,+4.1%,44.83,19.0,+0.0%,+23.7%,+10.1%,+56.0%
NVR,Extended,Uncategorized,Consumer Discretionary,Consumer Durables & Apparel,Adj,Dec,EPS,CY2025,426.629,423.643,-0.7%,422.926,-0.2%,422.926,+0.0%,5974.07,14.1,-0.9%,-18.1%,-24.2%,-16.4%
NVR,Extended,Uncategorized,Consumer Discretionary,Consumer Durables & Apparel,Adj,Dec,EPS,CY2026,454.23,412.306,-9.2%,427.019,+3.6%,368.36,-13.7%,5974.07,16.2,-18.9%,-18.1%,-24.2%,-16.4%
NVR,Extended,Uncategorized,Consumer Discretionary,Consumer Durables & Apparel,Adj,Dec,EPS,CY2027,575.57,478.745,-16.8%,474.641,-0.9%,415.375,-12.5%,5974.07,14.4,-27.8%,-18.1%,-24.2%,-16.4%
NVR,Extended,Uncategorized,Consumer Discretionary,Consumer Durables & Apparel,Adj,Dec,EPS,CY2028,,,,,,514.0,,5974.07,11.6,,-18.1%,-24.2%,-16.4%
PDD,Extended,Uncategorized,Consumer Discretionary,Consumer Discretionary Distrib,Adj,Dec,EPS,CY2025,87.68,69.451,-20.8%,75.475,+8.7%,75.449,-0.0%,98.78,1.3,-13.9%,-12.9%,-6.4%,-9.9%
PDD,Extended,Uncategorized,Consumer Discretionary,Consumer Discretionary Distrib,Adj,Dec,EPS,CY2026,106.738,84.806,-20.5%,86.827,+2.4%,82.347,-5.2%,98.78,1.2,-22.9%,-12.9%,-6.4%,-9.9%
PDD,Extended,Uncategorized,Consumer Discretionary,Consumer Discretionary Distrib,Adj,Dec,EPS,CY2027,121.491,101.421,-16.5%,101.171,-0.2%,96.402,-4.7%,98.78,1.0,-20.7%,-12.9%,-6.4%,-9.9%
PDD,Extended,Uncategorized,Consumer Discretionary,Consumer Discretionary Distrib,Adj,Dec,EPS,CY2028,119.793,102.346,-14.6%,102.616,+0.3%,106.709,+4.0%,98.78,0.9,-10.9%,-12.9%,-6.4%,-9.9%
MSI,Extended,Uncategorized,Information Technology,Technology Hardware & Equipmen,Adj,Dec,EPS,CY2025,14.713,15.155,+3.0%,15.155,+0.0%,15.155,+0.0%,383.99,25.3,+3.0%,+0.2%,-9.1%,-5.5%
MSI,Extended,Uncategorized,Information Technology,Technology Hardware & Equipmen,Adj,Dec,EPS,CY2026,15.916,16.284,+2.3%,16.273,-0.1%,16.931,+4.0%,383.99,22.7,+6.4%,+0.2%,-9.1%,-5.5%
MSI,Extended,Uncategorized,Information Technology,Technology Hardware & Equipmen,Adj,Dec,EPS,CY2027,17.57,17.693,+0.7%,17.551,-0.8%,18.439,+5.1%,383.99,20.8,+4.9%,+0.2%,-9.1%,-5.5%
MSI,Extended,Uncategorized,Information Technology,Technology Hardware & Equipmen,Adj,Dec,EPS,CY2028,19.363,20.325,+5.0%,19.497,-4.1%,20.184,+3.5%,383.99,19.0,+4.2%,+0.2%,-9.1%,-5.5%
TPL,Extended,Uncategorized,Energy,Energy,Adj,Dec,EPS,CY2025,,7.26,,6.92,-4.7%,6.92,+0.0%,394.2,57.0,,+37.2%,+5.3%,-9.1%
TPL,Extended,Uncategorized,Energy,Energy,Adj,Dec,EPS,CY2026,,8.2,,8.08,-1.5%,9.365,+15.9%,394.2,42.1,,+37.2%,+5.3%,-9.1%
TPL,Extended,Uncategorized,Energy,Energy,Adj,Dec,EPS,CY2027,,10.22,,9.275,-9.2%,10.385,+12.0%,394.2,38.0,,+37.2%,+5.3%,-9.1%
TPL,Extended,Uncategorized,Energy,Energy,Adj,Dec,EPS,CY2028,,11.05,,12.09,+9.4%,11.92,-1.4%,394.2,33.1,,+37.2%,+5.3%,-9.1%
APG,Extended,Uncategorized,Industrials,Capital Goods,Adj,Dec,EPS,CY2025,1.382,1.45,+4.9%,1.453,+0.2%,1.446,-0.5%,44.04,30.5,+4.6%,+15.1%,-1.7%,+49.6%
APG,Extended,Uncategorized,Industrials,Capital Goods,Adj,Dec,EPS,CY2026,1.583,1.666,+5.2%,1.658,-0.5%,1.697,+2.4%,44.04,26.0,+7.2%,+15.1%,-1.7%,+49.6%
APG,Extended,Uncategorized,Industrials,Capital Goods,Adj,Dec,EPS,CY2027,1.784,1.947,+9.1%,1.926,-1.1%,1.935,+0.5%,44.04,22.8,+8.5%,+15.1%,-1.7%,+49.6%
APG,Extended,Uncategorized,Industrials,Capital Goods,Adj,Dec,EPS,CY2028,2.01,2.52,+25.4%,2.475,-1.8%,2.153,-13.0%,44.04,20.5,+7.1%,+15.1%,-1.7%,+49.6%
CACC,Extended,Uncategorized,Financials,Financial Services,Adj,Dec,EPS,CY2025,40.033,39.565,-1.2%,39.568,+0.0%,39.568,+0.0%,533.15,13.5,-1.2%,+20.2%,+5.9%,+8.4%
CACC,Extended,Uncategorized,Financials,Financial Services,Adj,Dec,EPS,CY2026,46.29,43.79,-5.4%,46.218,+5.5%,46.388,+0.4%,533.15,11.5,+0.2%,+20.2%,+5.9%,+8.4%
CACC,Extended,Uncategorized,Financials,Financial Services,Adj,Dec,EPS,CY2027,61.4,51.227,-16.6%,54.748,+6.9%,55.3,+1.0%,533.15,9.6,-9.9%,+20.2%,+5.9%,+8.4%
CACC,Extended,Uncategorized,Financials,Financial Services,Adj,Dec,EPS,CY2028,,,,74.58,,77.56,+4.0%,533.15,6.9,,+20.2%,+5.9%,+8.4%
GL,Extended,Uncategorized,Financials,Insurance,Adj,Dec,EPS,CY2025,13.666,14.583,+6.7%,14.576,-0.0%,14.576,+0.0%,151.08,10.4,+6.7%,+8.0%,+6.8%,+23.9%
GL,Extended,Uncategorized,Financials,Insurance,Adj,Dec,EPS,CY2026,15.009,15.016,+0.0%,15.065,+0.3%,15.537,+3.1%,151.08,9.7,+3.5%,+8.0%,+6.8%,+23.9%
GL,Extended,Uncategorized,Financials,Insurance,Adj,Dec,EPS,CY2027,16.431,16.437,+0.0%,16.467,+0.2%,16.596,+0.8%,151.08,9.1,+1.0%,+8.0%,+6.8%,+23.9%
GL,Extended,Uncategorized,Financials,Insurance,Adj,Dec,EPS,CY2028,,17.85,,17.9,+0.3%,18.169,+1.5%,151.08,8.3,,+8.0%,+6.8%,+23.9%
LAD,Extended,Uncategorized,Consumer Discretionary,Consumer Discretionary Distrib,Adj,Dec,EPS,CY2025,33.486,35.507,+6.0%,35.255,-0.7%,35.255,+0.0%,293.99,8.3,+5.3%,-11.5%,-11.2%,-3.8%
LAD,Extended,Uncategorized,Consumer Discretionary,Consumer Discretionary Distrib,Adj,Dec,EPS,CY2026,37.478,37.861,+1.0%,37.74,-0.3%,34.336,-9.0%,293.99,8.6,-8.4%,-11.5%,-11.2%,-3.8%
LAD,Extended,Uncategorized,Consumer Discretionary,Consumer Discretionary Distrib,Adj,Dec,EPS,CY2027,45.406,42.648,-6.1%,43.118,+1.1%,40.434,-6.2%,293.99,7.3,-11.0%,-11.5%,-11.2%,-3.8%
LAD,Extended,Uncategorized,Consumer Discretionary,Consumer Discretionary Distrib,Adj,Dec,EPS,CY2028,47.653,46.03,-3.4%,46.405,+0.8%,46.771,+0.8%,293.99,6.3,-1.9%,-11.5%,-11.2%,-3.8%
CHTR,Extended,Uncategorized,Communication Services,Media & Entertainment,Adj,Dec,EPS,CY2025,37.336,36.018,-3.5%,36.229,+0.6%,36.229,+0.0%,154.86,4.3,-3.0%,-25.8%,-35.0%,-61.5%
CHTR,Extended,Uncategorized,Communication Services,Media & Entertainment,Adj,Dec,EPS,CY2026,43.998,42.57,-3.2%,42.813,+0.6%,40.978,-4.3%,154.86,3.8,-6.9%,-25.8%,-35.0%,-61.5%
CHTR,Extended,Uncategorized,Communication Services,Media & Entertainment,Adj,Dec,EPS,CY2027,51.516,47.65,-7.5%,48.772,+2.4%,45.189,-7.3%,154.86,3.4,-12.3%,-25.8%,-35.0%,-61.5%
CHTR,Extended,Uncategorized,Communication Services,Media & Entertainment,Adj,Dec,EPS,CY2028,57.948,52.042,-10.2%,61.889,+18.9%,51.803,-16.3%,154.86,3.0,-10.6%,-25.8%,-35.0%,-61.5%
ABG,Extended,Uncategorized,Consumer Discretionary,Consumer Discretionary Distrib,Adj,Dec,EPS,CY2025,26.664,28.146,+5.6%,28.123,-0.1%,28.123,+0.0%,200.39,7.1,+5.5%,-13.8%,-10.3%,-10.9%
ABG,Extended,Uncategorized,Consumer Discretionary,Consumer Discretionary Distrib,Adj,Dec,EPS,CY2026,26.334,28.053,+6.5%,27.334,-2.6%,25.992,-4.9%,200.39,7.7,-1.3%,-13.8%,-10.3%,-10.9%
ABG,Extended,Uncategorized,Consumer Discretionary,Consumer Discretionary Distrib,Adj,Dec,EPS,CY2027,35.415,32.54,-8.1%,31.232,-4.0%,29.492,-5.6%,200.39,6.8,-16.7%,-13.8%,-10.3%,-10.9%
ABG,Extended,Uncategorized,Consumer Discretionary,Consumer Discretionary Distrib,Adj,Dec,EPS,CY2028,43.46,43.38,-0.2%,37.355,-13.9%,33.834,-9.4%,200.39,5.9,-22.1%,-13.8%,-10.3%,-10.9%
ALRM,Extended,Uncategorized,Information Technology,Software & Services,Adj,Dec,EPS,CY2025,2.283,2.443,+7.0%,2.513,+2.9%,2.513,+0.0%,47.6,18.9,+10.1%,-6.7%,+0.8%,-15.1%
ALRM,Extended,Uncategorized,Information Technology,Software & Services,Adj,Dec,EPS,CY2026,2.411,2.639,+9.5%,2.677,+1.4%,2.76,+3.1%,47.6,17.2,+14.5%,-6.7%,+0.8%,-15.1%
ALRM,Extended,Uncategorized,Information Technology,Software & Services,Adj,Dec,EPS,CY2027,2.16,2.772,+28.3%,2.795,+0.8%,2.952,+5.6%,47.6,16.1,+36.7%,-6.7%,+0.8%,-15.1%
ALRM,Extended,Uncategorized,Information Technology,Software & Services,Adj,Dec,EPS,CY2028,,,,,,,,47.6,,,-6.7%,+0.8%,-15.1%
OPTU,Extended,Uncategorized,Communication Services,Media & Entertainment,Adj,Dec,EPS,CY2025,-0.17,-1.945,-1044.1%,-3.77,-93.8%,-3.768,+0.1%,1.13,-0.3,-2116.5%,-31.5%,-31.1%,-56.9%
OPTU,Extended,Uncategorized,Communication Services,Media & Entertainment,Adj,Dec,EPS,CY2026,-0.1,-0.163,-63.0%,-0.235,-44.2%,-0.499,-112.3%,1.13,-2.3,-399.0%,-31.5%,-31.1%,-56.9%
OPTU,Extended,Uncategorized,Communication Services,Media & Entertainment,Adj,Dec,EPS,CY2027,-0.196,-0.17,+13.3%,-0.276,-62.4%,-0.503,-82.2%,1.13,-2.2,-156.6%,-31.5%,-31.1%,-56.9%
OPTU,Extended,Uncategorized,Communication Services,Media & Entertainment,Adj,Dec,EPS,CY2028,-0.254,-0.399,-57.1%,-0.442,-10.8%,-0.376,+14.9%,1.13,-3.0,-48.0%,-31.5%,-31.1%,-56.9%
CMCSA,Extended,Uncategorized,Communication Services,Telecommunication Services,Adj,Dec,EPS,CY2025,4.23,4.23,+0.0%,4.212,-0.4%,4.212,+0.0%,25.4,6.0,-0.4%,-9.3%,-19.6%,-20.8%
CMCSA,Extended,Uncategorized,Communication Services,Telecommunication Services,Adj,Dec,EPS,CY2026,4.621,4.225,-8.6%,3.767,-10.8%,3.504,-7.0%,25.4,7.2,-24.2%,-9.3%,-19.6%,-20.8%
CMCSA,Extended,Uncategorized,Communication Services,Telecommunication Services,Adj,Dec,EPS,CY2027,4.982,4.566,-8.4%,3.922,-14.1%,3.752,-4.3%,25.4,6.8,-24.7%,-9.3%,-19.6%,-20.8%
CMCSA,Extended,Uncategorized,Communication Services,Telecommunication Services,Adj,Dec,EPS,CY2028,5.337,5.183,-2.9%,4.407,-15.0%,4.142,-6.0%,25.4,6.1,-22.4%,-9.3%,-19.6%,-20.8%
WRLD,Extended,Uncategorized,Financials,Financial Services,Adj,Mar,EPS,CY2025,13.79,8.55,-38.0%,7.07,-17.3%,7.07,+0.0%,149.7,21.2,-48.7%,+6.6%,+24.4%,+6.5%
WRLD,Extended,Uncategorized,Financials,Financial Services,Adj,Mar,EPS,CY2026,14.55,15.035,+3.3%,10.73,-28.6%,10.99,+2.4%,149.7,13.6,-24.5%,+6.6%,+24.4%,+6.5%
WRLD,Extended,Uncategorized,Financials,Financial Services,Adj,Mar,EPS,CY2027,,16.5,,13.63,-17.4%,14.12,+3.6%,149.7,10.6,,+6.6%,+24.4%,+6.5%
WRLD,Extended,Uncategorized,Financials,Financial Services,Adj,Mar,EPS,CY2028,,,,,,,,149.7,,,+6.6%,+24.4%,+6.5%
CARG,Extended,Uncategorized,Communication Services,Media & Entertainment,Adj,Dec,EPS,CY2025,1.979,2.178,+10.1%,2.206,+1.3%,2.206,+0.0%,34.745,15.8,+11.5%,-9.4%,+21.9%,+11.8%
CARG,Extended,Uncategorized,Communication Services,Media & Entertainment,Adj,Dec,EPS,CY2026,2.271,2.491,+9.7%,2.514,+0.9%,2.501,-0.5%,34.745,13.9,+10.1%,-9.4%,+21.9%,+11.8%
CARG,Extended,Uncategorized,Communication Services,Media & Entertainment,Adj,Dec,EPS,CY2027,2.567,2.968,+15.6%,2.986,+0.6%,3.024,+1.3%,34.745,11.5,+17.8%,-9.4%,+21.9%,+11.8%
CARG,Extended,Uncategorized,Communication Services,Media & Entertainment,Adj,Dec,EPS,CY2028,3.595,3.36,-6.5%,3.426,+2.0%,3.517,+2.7%,34.745,9.9,-2.2%,-9.4%,+21.9%,+11.8%
ARMK,Extended,Uncategorized,Consumer Discretionary,Consumer Services,Adj,Sep,EPS,CY2025,1.931,1.895,-1.9%,1.895,+0.0%,1.895,+0.0%,45.08,23.8,-1.9%,+22.3%,+16.2%,+17.5%
ARMK,Extended,Uncategorized,Consumer Discretionary,Consumer Services,Adj,Sep,EPS,CY2026,2.276,2.273,-0.1%,2.221,-2.3%,2.224,+0.1%,45.08,20.3,-2.3%,+22.3%,+16.2%,+17.5%
ARMK,Extended,Uncategorized,Consumer Discretionary,Consumer Services,Adj,Sep,EPS,CY2027,2.623,2.661,+1.4%,2.596,-2.4%,2.6,+0.2%,45.08,17.3,-0.9%,+22.3%,+16.2%,+17.5%
ARMK,Extended,Uncategorized,Consumer Discretionary,Consumer Services,Adj,Sep,EPS,CY2028,3.022,3.082,+2.0%,2.991,-3.0%,2.958,-1.1%,45.08,15.2,-2.1%,+22.3%,+16.2%,+17.5%
QSR,Extended,Uncategorized,Consumer Discretionary,Consumer Services,Adj,Dec,EPS,CY2025,3.72,3.665,-1.5%,3.673,+0.2%,3.673,+0.0%,79.71,21.7,-1.3%,+16.8%,+12.3%,+18.7%
QSR,Extended,Uncategorized,Consumer Discretionary,Consumer Services,Adj,Dec,EPS,CY2026,4.044,4.001,-1.1%,4.011,+0.2%,4.054,+1.1%,79.71,19.7,+0.2%,+16.8%,+12.3%,+18.7%
QSR,Extended,Uncategorized,Consumer Discretionary,Consumer Services,Adj,Dec,EPS,CY2027,4.407,4.363,-1.0%,4.345,-0.4%,4.426,+1.9%,79.71,18.0,+0.4%,+16.8%,+12.3%,+18.7%
QSR,Extended,Uncategorized,Consumer Discretionary,Consumer Services,Adj,Dec,EPS,CY2028,4.855,4.79,-1.3%,4.75,-0.8%,4.831,+1.7%,79.71,16.5,-0.5%,+16.8%,+12.3%,+18.7%
W,Extended,Uncategorized,Consumer Discretionary,Consumer Discretionary Distrib,Adj,Dec,EPS,CY2025,0.646,2.293,+255.0%,2.314,+0.9%,2.313,-0.0%,66.26,28.6,+258.0%,-34.0%,-28.6%,+102.1%
W,Extended,Uncategorized,Consumer Discretionary,Consumer Discretionary Distrib,Adj,Dec,EPS,CY2026,1.195,2.894,+142.2%,2.909,+0.5%,2.734,-6.0%,66.26,24.2,+128.8%,-34.0%,-28.6%,+102.1%
W,Extended,Uncategorized,Consumer Discretionary,Consumer Discretionary Distrib,Adj,Dec,EPS,CY2027,2.088,3.821,+83.0%,3.827,+0.2%,3.658,-4.4%,66.26,18.1,+75.2%,-34.0%,-28.6%,+102.1%
W,Extended,Uncategorized,Consumer Discretionary,Consumer Discretionary Distrib,Adj,Dec,EPS,CY2028,3.166,4.769,+50.6%,4.712,-1.2%,4.544,-3.6%,66.26,14.6,+43.5%,-34.0%,-28.6%,+102.1%
MO,Extended,Uncategorized,Consumer Staples,"Food, Beverage & Tobacco",Adj,Dec,EPS,CY2025,5.359,5.435,+1.4%,5.434,-0.0%,5.434,+0.0%,68.12,12.5,+1.4%,+18.1%,+5.8%,+14.6%
MO,Extended,Uncategorized,Consumer Staples,"Food, Beverage & Tobacco",Adj,Dec,EPS,CY2026,5.514,5.591,+1.4%,5.601,+0.2%,5.665,+1.1%,68.12,12.0,+2.7%,+18.1%,+5.8%,+14.6%
MO,Extended,Uncategorized,Consumer Staples,"Food, Beverage & Tobacco",Adj,Dec,EPS,CY2027,5.669,5.786,+2.1%,5.797,+0.2%,5.858,+1.1%,68.12,11.6,+3.3%,+18.1%,+5.8%,+14.6%
MO,Extended,Uncategorized,Consumer Staples,"Food, Beverage & Tobacco",Adj,Dec,EPS,CY2028,5.77,5.916,+2.5%,5.99,+1.3%,6.046,+0.9%,68.12,11.3,+4.8%,+18.1%,+5.8%,+14.6%
CI,Extended,Uncategorized,Health Care,Health Care Equipment & Servic,Adj,Dec,EPS,CY2025,29.677,29.64,-0.1%,29.637,-0.0%,29.637,+0.0%,288.06,9.7,-0.1%,+4.7%,-2.2%,-13.6%
CI,Extended,Uncategorized,Health Care,Health Care Equipment & Servic,Adj,Dec,EPS,CY2026,33.033,30.401,-8.0%,30.271,-0.4%,30.414,+0.5%,288.06,9.5,-7.9%,+4.7%,-2.2%,-13.6%
CI,Extended,Uncategorized,Health Care,Health Care Equipment & Servic,Adj,Dec,EPS,CY2027,36.812,33.498,-9.0%,33.361,-0.4%,33.514,+0.5%,288.06,8.6,-9.0%,+4.7%,-2.2%,-13.6%
CI,Extended,Uncategorized,Health Care,Health Care Equipment & Servic,Adj,Dec,EPS,CY2028,41.641,37.762,-9.3%,37.07,-1.8%,37.119,+0.1%,288.06,7.8,-10.9%,+4.7%,-2.2%,-13.6%
CVS,Extended,Uncategorized,Health Care,Health Care Equipment & Servic,Adj,Dec,EPS,CY2025,6.136,6.587,+7.4%,6.663,+1.2%,6.663,+0.0%,90.55,13.6,+8.6%,+14.1%,+19.5%,+35.2%
CVS,Extended,Uncategorized,Health Care,Health Care Equipment & Servic,Adj,Dec,EPS,CY2026,7.047,7.167,+1.7%,7.17,+0.0%,7.308,+1.9%,90.55,12.4,+3.7%,+14.1%,+19.5%,+35.2%
CVS,Extended,Uncategorized,Health Care,Health Care Equipment & Servic,Adj,Dec,EPS,CY2027,8.008,8.098,+1.1%,8.182,+1.0%,8.307,+1.5%,90.55,10.9,+3.7%,+14.1%,+19.5%,+35.2%
CVS,Extended,Uncategorized,Health Care,Health Care Equipment & Servic,Adj,Dec,EPS,CY2028,8.979,9.276,+3.3%,9.384,+1.2%,9.562,+1.9%,90.55,9.5,+6.5%,+14.1%,+19.5%,+35.2%
SSNC,Extended,Uncategorized,Industrials,Commercial & Professional Serv,Adj,Dec,EPS,CY2025,5.848,6.063,+3.7%,6.066,+0.0%,6.066,+0.0%,68.76,11.3,+3.7%,-21.3%,-10.0%,-11.4%
SSNC,Extended,Uncategorized,Industrials,Commercial & Professional Serv,Adj,Dec,EPS,CY2026,6.443,6.638,+3.0%,6.798,+2.4%,6.892,+1.4%,68.76,10.0,+7.0%,-21.3%,-10.0%,-11.4%
SSNC,Extended,Uncategorized,Industrials,Commercial & Professional Serv,Adj,Dec,EPS,CY2027,6.947,7.193,+3.5%,7.396,+2.8%,7.496,+1.4%,68.76,9.2,+7.9%,-21.3%,-10.0%,-11.4%
SSNC,Extended,Uncategorized,Industrials,Commercial & Professional Serv,Adj,Dec,EPS,CY2028,7.625,7.98,+4.7%,7.935,-0.6%,7.896,-0.5%,68.76,8.7,+3.6%,-21.3%,-10.0%,-11.4%
SPOT,Extended,Uncategorized,Communication Services,Media & Entertainment,Adj,Dec,EPS,CY2025,8.634,6.763,-21.7%,7.145,+5.6%,7.15,+0.1%,417.83,58.4,-17.2%,-28.0%,+0.7%,-35.5%
SPOT,Extended,Uncategorized,Communication Services,Media & Entertainment,Adj,Dec,EPS,CY2026,12.594,11.722,-6.9%,12.037,+2.7%,12.863,+6.9%,417.83,32.5,+2.1%,-28.0%,+0.7%,-35.5%
SPOT,Extended,Uncategorized,Communication Services,Media & Entertainment,Adj,Dec,EPS,CY2027,15.609,15.324,-1.8%,15.522,+1.3%,15.781,+1.7%,417.83,26.5,+1.1%,-28.0%,+0.7%,-35.5%
SPOT,Extended,Uncategorized,Communication Services,Media & Entertainment,Adj,Dec,EPS,CY2028,18.648,17.998,-3.5%,18.608,+3.4%,19.016,+2.2%,417.83,22.0,+2.0%,-28.0%,+0.7%,-35.5%
BABA,Extended,Uncategorized,Consumer Discretionary,Consumer Discretionary Distrib,GAAP,Mar,EPS,CY2025,62.651,45.004,-28.2%,45.822,+1.8%,36.791,-19.7%,140.06,3.8,-41.3%,-4.4%,-14.1%,+12.7%
BABA,Extended,Uncategorized,Consumer Discretionary,Consumer Discretionary Distrib,GAAP,Mar,EPS,CY2026,70.034,60.076,-14.2%,56.439,-6.1%,42.47,-24.8%,140.06,3.3,-39.4%,-4.4%,-14.1%,+12.7%
BABA,Extended,Uncategorized,Consumer Discretionary,Consumer Discretionary Distrib,GAAP,Mar,EPS,CY2027,76.694,73.375,-4.3%,74.493,+1.5%,60.766,-18.4%,140.06,2.3,-20.8%,-4.4%,-14.1%,+12.7%
BABA,Extended,Uncategorized,Consumer Discretionary,Consumer Discretionary Distrib,GAAP,Mar,EPS,CY2028,78.222,87.3,+11.6%,89.356,+2.4%,86.023,-3.7%,140.06,1.6,+10.0%,-4.4%,-14.1%,+12.7%
IAC,Extended,Uncategorized,Communication Services,Media & Entertainment,Adj,Dec,EPS,CY2025,-2.672,0.44,+116.5%,0.394,-10.5%,0.394,+0.0%,44.06,111.8,+114.7%,+12.7%,+20.6%,+19.0%
IAC,Extended,Uncategorized,Communication Services,Media & Entertainment,Adj,Dec,EPS,CY2026,0.063,1.044,+1557.1%,0.553,-47.0%,-0.297,-153.7%,44.06,-148.4,-571.4%,+12.7%,+20.6%,+19.0%
IAC,Extended,Uncategorized,Communication Services,Media & Entertainment,Adj,Dec,EPS,CY2027,1.584,1.522,-3.9%,1.434,-5.8%,1.522,+6.1%,44.06,28.9,-3.9%,+12.7%,+20.6%,+19.0%
IAC,Extended,Uncategorized,Communication Services,Media & Entertainment,Adj,Dec,EPS,CY2028,1.565,1.748,+11.7%,1.833,+4.9%,1.979,+8.0%,44.06,22.3,+26.5%,+12.7%,+20.6%,+19.0%
PYPL,Extended,Uncategorized,Financials,Financial Services,Adj,Dec,EPS,CY2025,5.074,5.347,+5.4%,5.351,+0.1%,5.351,+0.0%,45.37,8.5,+5.5%,-22.3%,+10.3%,-35.4%
PYPL,Extended,Uncategorized,Financials,Financial Services,Adj,Dec,EPS,CY2026,5.622,5.849,+4.0%,5.419,-7.4%,5.319,-1.8%,45.37,8.5,-5.4%,-22.3%,+10.3%,-35.4%
PYPL,Extended,Uncategorized,Financials,Financial Services,Adj,Dec,EPS,CY2027,6.564,6.64,+1.2%,5.915,-10.9%,5.765,-2.5%,45.37,7.9,-12.2%,-22.3%,+10.3%,-35.4%
PYPL,Extended,Uncategorized,Financials,Financial Services,Adj,Dec,EPS,CY2028,7.076,7.48,+5.7%,6.584,-12.0%,6.327,-3.9%,45.37,7.2,-10.6%,-22.3%,+10.3%,-35.4%
THC,Extended,Healthcare providers,Health Care,Health Care Equipment & Servic,Adj,Dec,EPS,CY2025,12.501,16.035,+28.3%,16.112,+0.5%,16.112,+0.0%,190.38,11.8,+28.9%,-4.2%,-1.3%,+27.9%
THC,Extended,Healthcare providers,Health Care,Health Care Equipment & Servic,Adj,Dec,EPS,CY2026,13.577,16.437,+21.1%,16.356,-0.5%,17.783,+8.7%,190.38,10.7,+31.0%,-4.2%,-1.3%,+27.9%
THC,Extended,Healthcare providers,Health Care,Health Care Equipment & Servic,Adj,Dec,EPS,CY2027,15.268,18.188,+19.1%,17.638,-3.0%,17.78,+0.8%,190.38,10.7,+16.5%,-4.2%,-1.3%,+27.9%
THC,Extended,Healthcare providers,Health Care,Health Care Equipment & Servic,Adj,Dec,EPS,CY2028,19.643,22.053,+12.3%,20.427,-7.4%,19.869,-2.7%,190.38,9.6,+1.2%,-4.2%,-1.3%,+27.9%
UHS,Extended,Healthcare providers,Health Care,Health Care Equipment & Servic,Adj,Dec,EPS,CY2025,19.575,21.494,+9.8%,21.838,+1.6%,21.838,+0.0%,169.96,7.8,+11.6%,-22.0%,-20.2%,-6.5%
UHS,Extended,Healthcare providers,Health Care,Health Care Equipment & Servic,Adj,Dec,EPS,CY2026,21.498,23.324,+8.5%,23.364,+0.2%,23.423,+0.3%,169.96,7.3,+9.0%,-22.0%,-20.2%,-6.5%
UHS,Extended,Healthcare providers,Health Care,Health Care Equipment & Servic,Adj,Dec,EPS,CY2027,23.746,25.793,+8.6%,25.922,+0.5%,25.516,-1.6%,169.96,6.7,+7.5%,-22.0%,-20.2%,-6.5%
UHS,Extended,Healthcare providers,Health Care,Health Care Equipment & Servic,Adj,Dec,EPS,CY2028,26.387,27.62,+4.7%,27.783,+0.6%,28.194,+1.5%,169.96,6.0,+6.8%,-22.0%,-20.2%,-6.5%
CYH,Extended,Healthcare providers,Health Care,Health Care Equipment & Servic,Adj,Dec,EPS,CY2025,-0.311,0.865,+378.1%,0.863,-0.2%,0.863,+0.0%,2.79,3.2,+377.5%,-10.6%,-10.9%,-20.3%
CYH,Extended,Healthcare providers,Health Care,Health Care Equipment & Servic,Adj,Dec,EPS,CY2026,0.064,-0.259,-504.7%,-0.36,-39.0%,-0.494,-37.2%,2.79,-5.6,-871.9%,-10.6%,-10.9%,-20.3%
CYH,Extended,Healthcare providers,Health Care,Health Care Equipment & Servic,Adj,Dec,EPS,CY2027,0.295,-0.08,-127.1%,-0.162,-102.5%,0.022,+113.6%,2.79,126.8,-92.5%,-10.6%,-10.9%,-20.3%
CYH,Extended,Healthcare providers,Health Care,Health Care Equipment & Servic,Adj,Dec,EPS,CY2028,,,,,,0.014,,2.79,199.3,,-10.6%,-10.9%,-20.3%
DVA,Extended,Healthcare providers,Health Care,Health Care Equipment & Servic,Adj,Dec,EPS,CY2025,10.959,10.627,-3.0%,10.613,-0.1%,10.613,+0.0%,198.65,18.7,-3.2%,+74.9%,+44.3%,+38.2%
DVA,Extended,Healthcare providers,Health Care,Health Care Equipment & Servic,Adj,Dec,EPS,CY2026,12.824,12.64,-1.4%,13.893,+9.9%,14.631,+5.3%,198.65,13.6,+14.1%,+74.9%,+44.3%,+38.2%
DVA,Extended,Healthcare providers,Health Care,Health Care Equipment & Servic,Adj,Dec,EPS,CY2027,14.465,14.787,+2.2%,16.16,+9.3%,17.189,+6.4%,198.65,11.6,+18.8%,+74.9%,+44.3%,+38.2%
DVA,Extended,Healthcare providers,Health Care,Health Care Equipment & Servic,Adj,Dec,EPS,CY2028,15.77,15.73,-0.3%,17.997,+14.4%,20.37,+13.2%,198.65,9.8,+29.2%,+74.9%,+44.3%,+38.2%
LH,Extended,Healthcare providers,Health Care,Health Care Equipment & Servic,Adj,Dec,EPS,CY2025,16.112,16.331,+1.4%,16.339,+0.0%,16.339,+0.0%,254.12,15.6,+1.4%,+1.3%,-7.3%,+3.4%
LH,Extended,Healthcare providers,Health Care,Health Care Equipment & Servic,Adj,Dec,EPS,CY2026,17.669,17.532,-0.8%,17.534,+0.0%,18.011,+2.7%,254.12,14.1,+1.9%,+1.3%,-7.3%,+3.4%
LH,Extended,Healthcare providers,Health Care,Health Care Equipment & Servic,Adj,Dec,EPS,CY2027,19.374,19.171,-1.0%,19.123,-0.3%,19.444,+1.7%,254.12,13.1,+0.4%,+1.3%,-7.3%,+3.4%
LH,Extended,Healthcare providers,Health Care,Health Care Equipment & Servic,Adj,Dec,EPS,CY2028,21.237,21.03,-1.0%,20.82,-1.0%,21.057,+1.1%,254.12,12.1,-0.8%,+1.3%,-7.3%,+3.4%
DGX,Extended,Healthcare providers,Health Care,Health Care Equipment & Servic,Adj,Dec,EPS,CY2025,9.704,9.808,+1.1%,9.809,+0.0%,9.809,+0.0%,187.39,19.1,+1.1%,+8.0%,-2.0%,+5.9%
DGX,Extended,Healthcare providers,Health Care,Health Care Equipment & Servic,Adj,Dec,EPS,CY2026,10.543,10.379,-1.6%,10.446,+0.6%,10.766,+3.1%,187.39,17.4,+2.1%,+8.0%,-2.0%,+5.9%
DGX,Extended,Healthcare providers,Health Care,Health Care Equipment & Servic,Adj,Dec,EPS,CY2027,11.416,11.304,-1.0%,11.369,+0.6%,11.649,+2.5%,187.39,16.1,+2.0%,+8.0%,-2.0%,+5.9%
DGX,Extended,Healthcare providers,Health Care,Health Care Equipment & Servic,Adj,Dec,EPS,CY2028,12.7,12.62,-0.6%,12.625,+0.0%,12.76,+1.1%,187.39,14.7,+0.5%,+8.0%,-2.0%,+5.9%
IDXX,Extended,Healthcare providers,Health Care,Health Care Equipment & Servic,Adj,Dec,EPS,CY2025,12.116,12.897,+6.4%,12.901,+0.0%,12.901,+0.0%,560.11,43.4,+6.5%,-17.2%,-12.5%,+13.9%
IDXX,Extended,Healthcare providers,Health Care,Health Care Equipment & Servic,Adj,Dec,EPS,CY2026,13.614,14.433,+6.0%,14.487,+0.4%,14.601,+0.8%,560.11,38.4,+7.2%,-17.2%,-12.5%,+13.9%
IDXX,Extended,Healthcare providers,Health Care,Health Care Equipment & Servic,Adj,Dec,EPS,CY2027,15.336,16.303,+6.3%,16.361,+0.4%,16.475,+0.7%,560.11,34.0,+7.4%,-17.2%,-12.5%,+13.9%
IDXX,Extended,Healthcare providers,Health Care,Health Care Equipment & Servic,Adj,Dec,EPS,CY2028,17.08,18.499,+8.3%,18.554,+0.3%,18.615,+0.3%,560.11,30.1,+9.0%,-17.2%,-12.5%,+13.9%
ENSG,Extended,Healthcare providers,Health Care,Health Care Equipment & Servic,Adj,Dec,EPS,CY2025,6.271,6.462,+3.0%,6.513,+0.8%,6.513,+0.0%,171.45,26.3,+3.9%,-1.6%,-14.0%,+25.4%
ENSG,Extended,Healthcare providers,Health Care,Health Care Equipment & Servic,Adj,Dec,EPS,CY2026,6.909,7.202,+4.2%,7.392,+2.6%,7.545,+2.1%,171.45,22.7,+9.2%,-1.6%,-14.0%,+25.4%
ENSG,Extended,Healthcare providers,Health Care,Health Care Equipment & Servic,Adj,Dec,EPS,CY2027,7.614,7.866,+3.3%,8.125,+3.3%,8.265,+1.7%,171.45,20.7,+8.6%,-1.6%,-14.0%,+25.4%
ENSG,Extended,Healthcare providers,Health Care,Health Care Equipment & Servic,Adj,Dec,EPS,CY2028,,,,8.98,,9.13,+1.7%,171.45,18.8,,-1.6%,-14.0%,+25.4%
MD,Extended,Healthcare providers,Health Care,Health Care Equipment & Servic,Adj,Dec,EPS,CY2025,1.614,2.01,+24.5%,2.05,+2.0%,2.05,+0.0%,23.51,11.5,+27.0%,+9.9%,+12.5%,+61.8%
MD,Extended,Healthcare providers,Health Care,Health Care Equipment & Servic,Adj,Dec,EPS,CY2026,1.694,2.07,+22.2%,2.056,-0.7%,2.259,+9.9%,23.51,10.4,+33.4%,+9.9%,+12.5%,+61.8%
MD,Extended,Healthcare providers,Health Care,Health Care Equipment & Servic,Adj,Dec,EPS,CY2027,1.7,2.122,+24.8%,2.119,-0.1%,2.316,+9.3%,23.51,10.2,+36.2%,+9.9%,+12.5%,+61.8%
MD,Extended,Healthcare providers,Health Care,Health Care Equipment & Servic,Adj,Dec,EPS,CY2028,1.59,2.13,+34.0%,2.13,+0.0%,2.218,+4.1%,23.51,10.6,+39.5%,+9.9%,+12.5%,+61.8%
AMN,Extended,Healthcare providers,Health Care,Health Care Equipment & Servic,Adj,Dec,EPS,CY2025,0.978,1.382,+41.3%,1.372,-0.7%,1.372,+0.0%,28.97,21.1,+40.3%,+83.8%,+45.4%,+31.7%
AMN,Extended,Healthcare providers,Health Care,Health Care Equipment & Servic,Adj,Dec,EPS,CY2026,1.482,0.868,-41.4%,0.755,-13.0%,2.51,+232.5%,28.97,11.5,+69.4%,+83.8%,+45.4%,+31.7%
AMN,Extended,Healthcare providers,Health Care,Health Care Equipment & Servic,Adj,Dec,EPS,CY2027,1.973,1.366,-30.8%,1.13,-17.3%,1.097,-2.9%,28.97,26.4,-44.4%,+83.8%,+45.4%,+31.7%
AMN,Extended,Healthcare providers,Health Care,Health Care Equipment & Servic,Adj,Dec,EPS,CY2028,3.19,1.68,-47.3%,1.42,-15.5%,1.333,-6.1%,28.97,21.7,-58.2%,+83.8%,+45.4%,+31.7%
CCRN,Extended,Healthcare providers,Health Care,Health Care Equipment & Servic,Adj,Dec,EPS,CY2025,0.35,0.157,-55.1%,0.091,-42.0%,0.091,+0.0%,13.18,144.8,-74.0%,+62.7%,+56.2%,-5.9%
CCRN,Extended,Healthcare providers,Health Care,Health Care Equipment & Servic,Adj,Dec,EPS,CY2026,0.467,0.258,-44.8%,0.082,-68.2%,0.084,+2.4%,13.18,156.9,-82.0%,+62.7%,+56.2%,-5.9%
CCRN,Extended,Healthcare providers,Health Care,Health Care Equipment & Servic,Adj,Dec,EPS,CY2027,,0.28,,0.088,-68.6%,0.24,+172.7%,13.18,54.9,,+62.7%,+56.2%,-5.9%
CCRN,Extended,Healthcare providers,Health Care,Health Care Equipment & Servic,Adj,Dec,EPS,CY2028,,,,,,0.186,,13.18,70.9,,+62.7%,+56.2%,-5.9%
EVH,Extended,Healthcare providers,Health Care,Health Care Equipment & Servic,Adj,Dec,EPS,CY2025,0.408,0.102,-75.0%,0.081,-20.6%,0.073,-9.9%,4.18,57.3,-82.1%,+4.5%,+53.1%,-53.8%
EVH,Extended,Healthcare providers,Health Care,Health Care Equipment & Servic,Adj,Dec,EPS,CY2026,0.536,0.455,-15.1%,0.307,-32.5%,0.142,-53.7%,4.18,29.4,-73.5%,+4.5%,+53.1%,-53.8%
EVH,Extended,Healthcare providers,Health Care,Health Care Equipment & Servic,Adj,Dec,EPS,CY2027,0.884,0.689,-22.1%,0.501,-27.3%,0.398,-20.6%,4.18,10.5,-55.0%,+4.5%,+53.1%,-53.8%
EVH,Extended,Healthcare providers,Health Care,Health Care Equipment & Servic,Adj,Dec,EPS,CY2028,0.887,0.875,-1.4%,0.747,-14.6%,0.533,-28.6%,4.18,7.8,-39.9%,+4.5%,+53.1%,-53.8%
HUM,Extended,Managed Care,Health Care,Health Care Equipment & Servic,Adj,Dec,EPS,CY2025,16.375,17.055,+4.2%,17.064,+0.1%,17.064,+0.0%,274.96,16.1,+4.2%,+7.4%,+45.1%,+10.2%
HUM,Extended,Managed Care,Health Care,Health Care Equipment & Servic,Adj,Dec,EPS,CY2026,14.547,12.729,-12.5%,11.718,-7.9%,9.064,-22.6%,274.96,30.3,-37.7%,+7.4%,+45.1%,+10.2%
HUM,Extended,Managed Care,Health Care,Health Care Equipment & Servic,Adj,Dec,EPS,CY2027,21.928,19.704,-10.1%,19.046,-3.3%,15.257,-19.9%,274.96,18.0,-30.4%,+7.4%,+45.1%,+10.2%
HUM,Extended,Managed Care,Health Care,Health Care Equipment & Servic,Adj,Dec,EPS,CY2028,30.966,32.037,+3.5%,31.069,-3.0%,24.609,-20.8%,274.96,11.2,-20.5%,+7.4%,+45.1%,+10.2%
ALHC,Extended,Managed Care,Health Care,Health Care Equipment & Servic,Adj,Dec,EPS,CY2025,-0.251,-0.076,+69.7%,-0.103,-35.5%,-0.103,+0.0%,17.93,-174.1,+59.0%,-9.2%,-13.6%,+18.6%
ALHC,Extended,Managed Care,Health Care,Health Care Equipment & Servic,Adj,Dec,EPS,CY2026,-0.004,0.178,+4550.0%,0.159,-10.7%,0.291,+83.0%,17.93,61.6,+7375.0%,-9.2%,-13.6%,+18.6%
ALHC,Extended,Managed Care,Health Care,Health Care Equipment & Servic,Adj,Dec,EPS,CY2027,0.297,0.491,+65.3%,0.466,-5.1%,0.522,+12.0%,17.93,34.3,+75.8%,-9.2%,-13.6%,+18.6%
ALHC,Extended,Managed Care,Health Care,Health Care Equipment & Servic,Adj,Dec,EPS,CY2028,0.84,1.015,+20.8%,0.723,-28.8%,0.769,+6.4%,17.93,23.3,-8.5%,-9.2%,-13.6%,+18.6%
CNC,Extended,Managed Care,Health Care,Health Care Equipment & Servic,Adj,Dec,EPS,CY2025,7.301,1.96,-73.2%,2.036,+3.9%,2.036,+0.0%,55.96,27.5,-72.1%,+36.0%,+47.1%,-10.9%
CNC,Extended,Managed Care,Health Care,Health Care Equipment & Servic,Adj,Dec,EPS,CY2026,7.974,2.881,-63.9%,2.944,+2.2%,3.483,+18.3%,55.96,16.1,-56.3%,+36.0%,+47.1%,-10.9%
CNC,Extended,Managed Care,Health Care,Health Care Equipment & Servic,Adj,Dec,EPS,CY2027,9.113,4.214,-53.8%,4.114,-2.4%,4.489,+9.1%,55.96,12.5,-50.7%,+36.0%,+47.1%,-10.9%
CNC,Extended,Managed Care,Health Care,Health Care Equipment & Servic,Adj,Dec,EPS,CY2028,11.112,5.864,-47.2%,6.113,+4.2%,6.058,-0.9%,55.96,9.2,-45.5%,+36.0%,+47.1%,-10.9%
MOH,Extended,Managed Care,Health Care,Health Care Equipment & Servic,Adj,Dec,EPS,CY2025,24.463,13.924,-43.1%,13.93,+0.0%,13.93,+0.0%,185.94,13.3,-43.1%,+7.1%,+45.8%,-42.3%
MOH,Extended,Managed Care,Health Care,Health Care Equipment & Servic,Adj,Dec,EPS,CY2026,28.327,14.626,-48.4%,11.096,-24.1%,5.17,-53.4%,185.94,36.0,-81.7%,+7.1%,+45.8%,-42.3%
MOH,Extended,Managed Care,Health Care,Health Care Equipment & Servic,Adj,Dec,EPS,CY2027,32.484,16.387,-49.6%,14.828,-9.5%,8.865,-40.2%,185.94,21.0,-72.7%,+7.1%,+45.8%,-42.3%
MOH,Extended,Managed Care,Health Care,Health Care Equipment & Servic,Adj,Dec,EPS,CY2028,37.755,27.225,-27.9%,20.512,-24.7%,12.629,-38.4%,185.94,14.7,-66.6%,+7.1%,+45.8%,-42.3%
IQV,Extended,Clinical Labs,Health Care,"Pharmaceuticals, Biotechnology",Adj,Dec,EPS,CY2025,11.848,11.888,+0.3%,11.895,+0.1%,11.895,+0.0%,178.71,15.0,+0.4%,-20.7%,-7.2%,+19.9%
IQV,Extended,Clinical Labs,Health Care,"Pharmaceuticals, Biotechnology",Adj,Dec,EPS,CY2026,13.094,12.937,-1.2%,12.783,-1.2%,12.774,-0.1%,178.71,14.0,-2.4%,-20.7%,-7.2%,+19.9%
IQV,Extended,Clinical Labs,Health Care,"Pharmaceuticals, Biotechnology",Adj,Dec,EPS,CY2027,14.587,14.387,-1.4%,14.092,-2.1%,14.162,+0.5%,178.71,12.6,-2.9%,-20.7%,-7.2%,+19.9%
IQV,Extended,Clinical Labs,Health Care,"Pharmaceuticals, Biotechnology",Adj,Dec,EPS,CY2028,16.684,16.198,-2.9%,15.795,-2.5%,15.856,+0.4%,178.71,11.3,-5.0%,-20.7%,-7.2%,+19.9%
ICLR,Extended,Clinical Labs,Health Care,"Pharmaceuticals, Biotechnology",Adj,Dec,EPS,CY2025,13.177,13.081,-0.7%,13.073,-0.1%,12.932,-1.1%,124.49,9.6,-1.9%,-31.7%,-19.5%,-7.1%
ICLR,Extended,Clinical Labs,Health Care,"Pharmaceuticals, Biotechnology",Adj,Dec,EPS,CY2026,14.573,13.51,-7.3%,12.99,-3.8%,11.451,-11.8%,124.49,10.9,-21.4%,-31.7%,-19.5%,-7.1%
ICLR,Extended,Clinical Labs,Health Care,"Pharmaceuticals, Biotechnology",Adj,Dec,EPS,CY2027,16.215,14.933,-7.9%,14.386,-3.7%,12.549,-12.8%,124.49,9.9,-22.6%,-31.7%,-19.5%,-7.1%
ICLR,Extended,Clinical Labs,Health Care,"Pharmaceuticals, Biotechnology",Adj,Dec,EPS,CY2028,17.841,16.88,-5.4%,16.454,-2.5%,13.815,-16.0%,124.49,9.0,-22.6%,-31.7%,-19.5%,-7.1%
MEDP,Extended,Clinical Labs,Health Care,"Pharmaceuticals, Biotechnology",Adj,Dec,EPS,CY2025,12.644,14.783,+16.9%,14.79,+0.0%,14.79,+0.0%,424.0,28.7,+17.0%,-24.5%,-20.1%,+43.2%
MEDP,Extended,Clinical Labs,Health Care,"Pharmaceuticals, Biotechnology",Adj,Dec,EPS,CY2026,13.241,16.476,+24.4%,16.505,+0.2%,17.018,+3.1%,424.0,24.9,+28.5%,-24.5%,-20.1%,+43.2%
MEDP,Extended,Clinical Labs,Health Care,"Pharmaceuticals, Biotechnology",Adj,Dec,EPS,CY2027,14.524,18.196,+25.3%,18.376,+1.0%,18.482,+0.6%,424.0,22.9,+27.3%,-24.5%,-20.1%,+43.2%
MEDP,Extended,Clinical Labs,Health Care,"Pharmaceuticals, Biotechnology",Adj,Dec,EPS,CY2028,16.688,19.62,+17.6%,20.547,+4.7%,21.13,+2.8%,424.0,20.1,+26.6%,-24.5%,-20.1%,+43.2%
CRL,Extended,Clinical Labs,Health Care,"Pharmaceuticals, Biotechnology",Adj,Dec,EPS,CY2025,9.523,10.215,+7.3%,10.244,+0.3%,10.245,+0.0%,177.62,17.3,+7.6%,-11.0%,-4.4%,+28.0%
CRL,Extended,Clinical Labs,Health Care,"Pharmaceuticals, Biotechnology",Adj,Dec,EPS,CY2026,9.906,10.895,+10.0%,11.039,+1.3%,11.081,+0.4%,177.62,16.0,+11.9%,-11.0%,-4.4%,+28.0%
CRL,Extended,Clinical Labs,Health Care,"Pharmaceuticals, Biotechnology",Adj,Dec,EPS,CY2027,10.666,11.433,+7.2%,11.728,+2.6%,12.304,+4.9%,177.62,14.4,+15.4%,-11.0%,-4.4%,+28.0%
CRL,Extended,Clinical Labs,Health Care,"Pharmaceuticals, Biotechnology",Adj,Dec,EPS,CY2028,10.705,12.416,+16.0%,12.733,+2.6%,13.451,+5.6%,177.62,13.2,+25.7%,-11.0%,-4.4%,+28.0%
EHTH,Extended,Clinical Labs,Financials,Insurance,Adj,Dec,EPS,CY2025,0.498,0.96,+92.8%,1.173,+22.2%,1.173,+0.0%,1.89,1.6,+135.5%,-58.9%,-8.7%,-63.1%
EHTH,Extended,Clinical Labs,Financials,Insurance,Adj,Dec,EPS,CY2026,0.562,0.766,+36.3%,0.778,+1.6%,-1.042,-233.9%,1.89,-1.8,-285.4%,-58.9%,-8.7%,-63.1%
EHTH,Extended,Clinical Labs,Financials,Insurance,Adj,Dec,EPS,CY2027,0.63,0.9,+42.9%,1.627,+80.8%,0.242,-85.1%,1.89,7.8,-61.6%,-58.9%,-8.7%,-63.1%
EHTH,Extended,Clinical Labs,Financials,Insurance,Adj,Dec,EPS,CY2028,,,,2.04,,-0.005,-100.2%,1.89,-378.0,,-58.9%,-8.7%,-63.1%
TMUS,Extended,Cable / Telco,Communication Services,Telecommunication Services,GAAP,Dec,EPS,CY2025,10.748,10.056,-6.4%,9.923,-1.3%,9.923,+0.0%,193.63,19.5,-7.7%,-4.6%,-2.0%,-20.6%
TMUS,Extended,Cable / Telco,Communication Services,Telecommunication Services,GAAP,Dec,EPS,CY2026,12.726,11.81,-7.2%,11.556,-2.2%,10.378,-10.2%,193.63,18.7,-18.5%,-4.6%,-2.0%,-20.6%
TMUS,Extended,Cable / Telco,Communication Services,Telecommunication Services,GAAP,Dec,EPS,CY2027,14.855,14.814,-0.3%,14.439,-2.5%,13.372,-7.4%,193.63,14.5,-10.0%,-4.6%,-2.0%,-20.6%
TMUS,Extended,Cable / Telco,Communication Services,Telecommunication Services,GAAP,Dec,EPS,CY2028,16.988,17.323,+2.0%,17.116,-1.2%,16.499,-3.6%,193.63,11.7,-2.9%,-4.6%,-2.0%,-20.6%
VZ,Extended,Cable / Telco,Communication Services,Telecommunication Services,Adj,Dec,EPS,CY2025,4.673,4.693,+0.4%,4.681,-0.3%,4.681,+0.0%,47.22,10.1,+0.2%,+15.9%,+0.4%,+8.3%
VZ,Extended,Cable / Telco,Communication Services,Telecommunication Services,Adj,Dec,EPS,CY2026,4.809,4.81,+0.0%,4.914,+2.2%,4.951,+0.8%,47.22,9.5,+3.0%,+15.9%,+0.4%,+8.3%
VZ,Extended,Cable / Telco,Communication Services,Telecommunication Services,Adj,Dec,EPS,CY2027,4.986,4.971,-0.3%,5.2,+4.6%,5.25,+1.0%,47.22,9.0,+5.3%,+15.9%,+0.4%,+8.3%
VZ,Extended,Cable / Telco,Communication Services,Telecommunication Services,Adj,Dec,EPS,CY2028,5.174,5.176,+0.0%,5.615,+8.5%,5.68,+1.2%,47.22,8.3,+9.8%,+15.9%,+0.4%,+8.3%
T,Extended,Cable / Telco,Communication Services,Telecommunication Services,Adj,Dec,EPS,CY2025,2.093,2.066,-1.3%,2.054,-0.6%,2.054,+0.0%,25.16,12.2,-1.9%,+1.3%,-7.2%,-9.6%
T,Extended,Cable / Telco,Communication Services,Telecommunication Services,Adj,Dec,EPS,CY2026,2.24,2.232,-0.4%,2.298,+3.0%,2.312,+0.6%,25.16,10.9,+3.2%,+1.3%,-7.2%,-9.6%
T,Extended,Cable / Telco,Communication Services,Telecommunication Services,Adj,Dec,EPS,CY2027,2.502,2.475,-1.1%,2.546,+2.9%,2.546,+0.0%,25.16,9.9,+1.8%,+1.3%,-7.2%,-9.6%
T,Extended,Cable / Telco,Communication Services,Telecommunication Services,Adj,Dec,EPS,CY2028,2.702,2.691,-0.4%,2.835,+5.4%,2.858,+0.8%,25.16,8.8,+5.8%,+1.3%,-7.2%,-9.6%
CABO,Extended,Cable / Telco,Communication Services,Media & Entertainment,Adj,Dec,EPS,CY2025,22.222,-52.416,-335.9%,-48.957,+6.6%,-23.302,+52.4%,62.39,-2.7,-204.9%,-44.7%,-36.6%,-62.2%
CABO,Extended,Cable / Telco,Communication Services,Media & Entertainment,Adj,Dec,EPS,CY2026,30.276,21.508,-29.0%,22.515,+4.7%,21.976,-2.4%,62.39,2.8,-27.4%,-44.7%,-36.6%,-62.2%
CABO,Extended,Cable / Telco,Communication Services,Media & Entertainment,Adj,Dec,EPS,CY2027,34.118,23.24,-31.9%,26.505,+14.0%,24.484,-7.6%,62.39,2.5,-28.2%,-44.7%,-36.6%,-62.2%
CABO,Extended,Cable / Telco,Communication Services,Media & Entertainment,Adj,Dec,EPS,CY2028,36.504,28.202,-22.7%,29.386,+4.2%,25.186,-14.3%,62.39,2.5,-31.0%,-44.7%,-36.6%,-62.2%
LBRDK,Extended,Cable / Telco,Communication Services,Media & Entertainment,Adj,Dec,EPS,CY2025,5.685,4.97,-12.6%,6.235,+25.5%,6.235,+0.0%,36.1,5.8,+9.7%,-25.7%,-34.8%,-58.5%
LBRDK,Extended,Cable / Telco,Communication Services,Media & Entertainment,Adj,Dec,EPS,CY2026,6.687,4.92,-26.4%,7.2,+46.3%,8.57,+19.0%,36.1,4.2,+28.2%,-25.7%,-34.8%,-58.5%
LBRDK,Extended,Cable / Telco,Communication Services,Media & Entertainment,Adj,Dec,EPS,CY2027,7.223,5.56,-23.0%,8.48,+52.5%,10.16,+19.8%,36.1,3.6,+40.7%,-25.7%,-34.8%,-58.5%
LBRDK,Extended,Cable / Telco,Communication Services,Media & Entertainment,Adj,Dec,EPS,CY2028,6.13,5.97,-2.6%,6.92,+15.9%,11.17,+61.4%,36.1,3.2,+82.2%,-25.7%,-34.8%,-58.5%
VOD,Extended,Cable / Telco,Communication Services,Telecommunication Services,Adj,Mar,EPS,CY2025,0.991,0.888,-10.4%,0.931,+4.8%,0.968,+4.0%,16.2,16.7,-2.3%,+22.6%,+4.7%,+74.2%
VOD,Extended,Cable / Telco,Communication Services,Telecommunication Services,Adj,Mar,EPS,CY2026,1.043,0.984,-5.7%,1.051,+6.8%,1.112,+5.8%,16.2,14.6,+6.6%,+22.6%,+4.7%,+74.2%
VOD,Extended,Cable / Telco,Communication Services,Telecommunication Services,Adj,Mar,EPS,CY2027,1.129,1.112,-1.5%,1.217,+9.4%,1.275,+4.8%,16.2,12.7,+12.9%,+22.6%,+4.7%,+74.2%
VOD,Extended,Cable / Telco,Communication Services,Telecommunication Services,Adj,Mar,EPS,CY2028,1.233,1.3,+5.4%,1.414,+8.8%,1.5,+6.1%,16.2,10.8,+21.7%,+22.6%,+4.7%,+74.2%
DTE,Extended,Cable / Telco,Communication Services,Telecommunication Services,Adj,Dec,EPS,CY2025,2.006,2.017,+0.5%,2.026,+0.4%,2.029,+0.1%,27.4,13.5,+1.1%,-0.9%,-10.2%,-15.3%
DTE,Extended,Cable / Telco,Communication Services,Telecommunication Services,Adj,Dec,EPS,CY2026,2.323,2.257,-2.8%,2.223,-1.5%,2.191,-1.4%,27.4,12.5,-5.7%,-0.9%,-10.2%,-15.3%
DTE,Extended,Cable / Telco,Communication Services,Telecommunication Services,Adj,Dec,EPS,CY2027,2.607,2.528,-3.0%,2.464,-2.5%,2.495,+1.3%,27.4,11.0,-4.3%,-0.9%,-10.2%,-15.3%
DTE,Extended,Cable / Telco,Communication Services,Telecommunication Services,Adj,Dec,EPS,CY2028,2.9,2.781,-4.1%,2.714,-2.4%,2.703,-0.4%,27.4,10.1,-6.8%,-0.9%,-10.2%,-15.3%
TEF,Extended,Cable / Telco,Communication Services,Telecommunication Services,Adj,Dec,EPS,CY2025,0.302,0.333,+10.3%,0.294,-11.7%,0.29,-1.4%,3.877,13.4,-4.0%,+11.0%,+7.4%,-13.4%
TEF,Extended,Cable / Telco,Communication Services,Telecommunication Services,Adj,Dec,EPS,CY2026,0.329,0.352,+7.0%,0.359,+2.0%,0.394,+9.7%,3.877,9.8,+19.8%,+11.0%,+7.4%,-13.4%
TEF,Extended,Cable / Telco,Communication Services,Telecommunication Services,Adj,Dec,EPS,CY2027,0.406,0.388,-4.4%,0.385,-0.8%,0.396,+2.9%,3.877,9.8,-2.5%,+11.0%,+7.4%,-13.4%
TEF,Extended,Cable / Telco,Communication Services,Telecommunication Services,Adj,Dec,EPS,CY2028,0.98,0.45,-54.1%,0.447,-0.7%,0.402,-10.1%,3.877,9.6,-59.0%,+11.0%,+7.4%,-13.4%
GOOGL,Extended,Internet,Communication Services,Media & Entertainment,GAAP,Dec,EPS,CY2025,9.546,10.577,+10.8%,10.598,+0.2%,10.598,+0.0%,400.8,37.8,+11.0%,+28.1%,+23.6%,+162.4%
GOOGL,Extended,Internet,Communication Services,Media & Entertainment,GAAP,Dec,EPS,CY2026,10.174,11.146,+9.6%,11.473,+2.9%,13.777,+20.1%,400.8,29.1,+35.4%,+28.1%,+23.6%,+162.4%
GOOGL,Extended,Internet,Communication Services,Media & Entertainment,GAAP,Dec,EPS,CY2027,11.627,13.242,+13.9%,13.34,+0.7%,14.488,+8.6%,400.8,27.7,+24.6%,+28.1%,+23.6%,+162.4%
GOOGL,Extended,Internet,Communication Services,Media & Entertainment,GAAP,Dec,EPS,CY2028,13.135,14.531,+10.6%,15.384,+5.9%,17.015,+10.6%,400.8,23.6,+29.5%,+28.1%,+23.6%,+162.4%
PINS,Extended,Internet,Communication Services,Media & Entertainment,Adj,Dec,EPS,CY2025,1.751,1.722,-1.7%,1.653,-4.0%,1.659,+0.4%,21.27,12.8,-5.3%,-17.8%,+5.6%,-27.2%
PINS,Extended,Internet,Communication Services,Media & Entertainment,Adj,Dec,EPS,CY2026,2.089,2.015,-3.5%,1.888,-6.3%,1.933,+2.4%,21.27,11.0,-7.5%,-17.8%,+5.6%,-27.2%
PINS,Extended,Internet,Communication Services,Media & Entertainment,Adj,Dec,EPS,CY2027,2.532,2.314,-8.6%,2.17,-6.2%,2.241,+3.3%,21.27,9.5,-11.5%,-17.8%,+5.6%,-27.2%
PINS,Extended,Internet,Communication Services,Media & Entertainment,Adj,Dec,EPS,CY2028,3.042,2.683,-11.8%,2.549,-5.0%,2.429,-4.7%,21.27,8.8,-20.2%,-17.8%,+5.6%,-27.2%
SNAP,Extended,Internet,Communication Services,Media & Entertainment,Adj,Dec,EPS,CY2025,0.283,0.31,+9.5%,0.329,+6.1%,0.329,+0.0%,6.08,18.5,+16.3%,-24.7%,+17.1%,-26.3%
SNAP,Extended,Internet,Communication Services,Media & Entertainment,Adj,Dec,EPS,CY2026,0.375,0.46,+22.7%,0.452,-1.7%,0.582,+28.8%,6.08,10.4,+55.2%,-24.7%,+17.1%,-26.3%
SNAP,Extended,Internet,Communication Services,Media & Entertainment,Adj,Dec,EPS,CY2027,0.542,0.542,+0.0%,0.591,+9.0%,0.714,+20.8%,6.08,8.5,+31.7%,-24.7%,+17.1%,-26.3%
SNAP,Extended,Internet,Communication Services,Media & Entertainment,Adj,Dec,EPS,CY2028,0.723,0.68,-5.9%,0.645,-5.1%,0.757,+17.4%,6.08,8.0,+4.7%,-24.7%,+17.1%,-26.3%
RDDT,Extended,Internet,Communication Services,Media & Entertainment,Adj,Dec,EPS,CY2025,2.623,4.368,+66.5%,4.384,+0.4%,4.384,+0.0%,155.8,35.5,+67.1%,-32.2%,+9.9%,+43.6%
RDDT,Extended,Internet,Communication Services,Media & Entertainment,Adj,Dec,EPS,CY2026,3.509,5.291,+50.8%,5.496,+3.9%,5.829,+6.1%,155.8,26.7,+66.1%,-32.2%,+9.9%,+43.6%
RDDT,Extended,Internet,Communication Services,Media & Entertainment,Adj,Dec,EPS,CY2027,4.891,6.983,+42.8%,7.423,+6.3%,7.537,+1.5%,155.8,20.7,+54.1%,-32.2%,+9.9%,+43.6%
RDDT,Extended,Internet,Communication Services,Media & Entertainment,Adj,Dec,EPS,CY2028,6.46,9.062,+40.3%,9.205,+1.6%,10.902,+18.4%,155.8,14.3,+68.8%,-32.2%,+9.9%,+43.6%
ABNB,Extended,Internet,Consumer Discretionary,Consumer Services,Adj,Dec,EPS,CY2025,4.274,4.165,-2.6%,4.121,-1.1%,4.122,+0.0%,141.49,34.3,-3.6%,+4.3%,+16.6%,+11.4%
ABNB,Extended,Internet,Consumer Discretionary,Consumer Services,Adj,Dec,EPS,CY2026,4.867,4.8,-1.4%,4.849,+1.0%,5.119,+5.6%,141.49,27.6,+5.2%,+4.3%,+16.6%,+11.4%
ABNB,Extended,Internet,Consumer Discretionary,Consumer Services,Adj,Dec,EPS,CY2027,5.687,5.641,-0.8%,5.718,+1.4%,6.039,+5.6%,141.49,23.4,+6.2%,+4.3%,+16.6%,+11.4%
ABNB,Extended,Internet,Consumer Discretionary,Consumer Services,Adj,Dec,EPS,CY2028,6.779,6.594,-2.7%,6.682,+1.3%,6.972,+4.3%,141.49,20.3,+2.8%,+4.3%,+16.6%,+11.4%
EBAY,Extended,Internet,Consumer Discretionary,Consumer Discretionary Distrib,Adj,Dec,EPS,CY2025,5.335,5.46,+2.3%,5.471,+0.2%,5.47,-0.0%,107.69,19.7,+2.5%,+23.6%,+23.3%,+54.9%
EBAY,Extended,Internet,Consumer Discretionary,Consumer Discretionary Distrib,Adj,Dec,EPS,CY2026,5.708,5.883,+3.1%,5.813,-1.2%,6.094,+4.8%,107.69,17.7,+6.8%,+23.6%,+23.3%,+54.9%
EBAY,Extended,Internet,Consumer Discretionary,Consumer Discretionary Distrib,Adj,Dec,EPS,CY2027,6.212,6.504,+4.7%,6.402,-1.6%,6.692,+4.5%,107.69,16.1,+7.7%,+23.6%,+23.3%,+54.9%
EBAY,Extended,Internet,Consumer Discretionary,Consumer Discretionary Distrib,Adj,Dec,EPS,CY2028,6.586,7.155,+8.6%,6.994,-2.3%,7.323,+4.7%,107.69,14.7,+11.2%,+23.6%,+23.3%,+54.9%
TTD,Extended,Internet,Communication Services,Media & Entertainment,Adj,Dec,EPS,CY2025,1.555,1.719,+10.5%,1.771,+3.0%,1.765,-0.3%,23.08,13.1,+13.5%,-39.2%,-14.6%,-67.5%
TTD,Extended,Internet,Communication Services,Media & Entertainment,Adj,Dec,EPS,CY2026,1.948,1.982,+1.7%,2.023,+2.1%,1.788,-11.6%,23.08,12.9,-8.2%,-39.2%,-14.6%,-67.5%
TTD,Extended,Internet,Communication Services,Media & Entertainment,Adj,Dec,EPS,CY2027,2.305,2.311,+0.3%,2.381,+3.0%,2.038,-14.4%,23.08,11.3,-11.6%,-39.2%,-14.6%,-67.5%
TTD,Extended,Internet,Communication Services,Media & Entertainment,Adj,Dec,EPS,CY2028,2.976,2.775,-6.8%,2.789,+0.5%,2.195,-21.3%,23.08,10.5,-26.2%,-39.2%,-14.6%,-67.5%
ROKU,Extended,Internet,Communication Services,Media & Entertainment,Adj,Dec,EPS,CY2025,-0.195,0.316,+262.1%,0.328,+3.8%,0.33,+0.6%,129.53,392.5,+269.2%,+19.4%,+46.3%,+112.6%
ROKU,Extended,Internet,Communication Services,Media & Entertainment,Adj,Dec,EPS,CY2026,0.593,1.161,+95.8%,1.312,+13.0%,2.402,+83.1%,129.53,53.9,+305.1%,+19.4%,+46.3%,+112.6%
ROKU,Extended,Internet,Communication Services,Media & Entertainment,Adj,Dec,EPS,CY2027,1.677,2.217,+32.2%,2.423,+9.3%,3.467,+43.1%,129.53,37.4,+106.7%,+19.4%,+46.3%,+112.6%
ROKU,Extended,Internet,Communication Services,Media & Entertainment,Adj,Dec,EPS,CY2028,2.69,3.304,+22.8%,3.706,+12.2%,5.047,+36.2%,129.53,25.7,+87.6%,+19.4%,+46.3%,+112.6%
ETSY,Extended,Internet,Consumer Discretionary,Consumer Discretionary Distrib,Adj,Dec,EPS,CY2025,4.662,3.952,-15.2%,4.003,+1.3%,4.003,+0.0%,64.38,16.1,-14.1%,+16.1%,+16.8%,+37.2%
ETSY,Extended,Internet,Consumer Discretionary,Consumer Discretionary Distrib,Adj,Dec,EPS,CY2026,5.194,4.707,-9.4%,4.718,+0.2%,5.458,+15.7%,64.38,11.8,+5.1%,+16.1%,+16.8%,+37.2%
ETSY,Extended,Internet,Consumer Discretionary,Consumer Discretionary Distrib,Adj,Dec,EPS,CY2027,5.215,5.646,+8.3%,5.743,+1.7%,7.093,+23.5%,64.38,9.1,+36.0%,+16.1%,+16.8%,+37.2%
ETSY,Extended,Internet,Consumer Discretionary,Consumer Discretionary Distrib,Adj,Dec,EPS,CY2028,6.217,6.35,+2.1%,6.44,+1.4%,7.682,+19.3%,64.38,8.4,+23.6%,+16.1%,+16.8%,+37.2%
MTCH,Extended,Internet,Communication Services,Media & Entertainment,Adj,Dec,EPS,CY2025,2.248,2.251,+0.1%,2.233,-0.8%,2.233,+0.0%,36.96,16.6,-0.7%,+14.5%,+13.4%,+36.0%
MTCH,Extended,Internet,Communication Services,Media & Entertainment,Adj,Dec,EPS,CY2026,2.59,2.787,+7.6%,2.764,-0.8%,2.681,-3.0%,36.96,13.8,+3.5%,+14.5%,+13.4%,+36.0%
MTCH,Extended,Internet,Communication Services,Media & Entertainment,Adj,Dec,EPS,CY2027,3.11,3.316,+6.6%,3.206,-3.3%,3.168,-1.2%,36.96,11.7,+1.9%,+14.5%,+13.4%,+36.0%
MTCH,Extended,Internet,Communication Services,Media & Entertainment,Adj,Dec,EPS,CY2028,3.61,4.036,+11.8%,3.763,-6.8%,3.77,+0.2%,36.96,9.8,+4.4%,+14.5%,+13.4%,+36.0%
U,Extended,Internet,Information Technology,Software & Services,Adj,Dec,EPS,CY2025,0.639,0.827,+29.4%,0.843,+1.9%,0.847,+0.5%,28.16,33.2,+32.6%,-36.2%,+2.3%,+37.0%
U,Extended,Internet,Information Technology,Software & Services,Adj,Dec,EPS,CY2026,0.843,0.923,+9.5%,0.939,+1.7%,1.048,+11.6%,28.16,26.9,+24.3%,-36.2%,+2.3%,+37.0%
U,Extended,Internet,Information Technology,Software & Services,Adj,Dec,EPS,CY2027,0.839,1.092,+30.2%,1.197,+9.6%,1.256,+4.9%,28.16,22.4,+49.7%,-36.2%,+2.3%,+37.0%
U,Extended,Internet,Information Technology,Software & Services,Adj,Dec,EPS,CY2028,0.53,1.36,+156.6%,1.443,+6.1%,1.518,+5.2%,28.16,18.6,+186.4%,-36.2%,+2.3%,+37.0%
ZG,Extended,Internet,Real Estate,Real Estate Management & Devel,Adj,Dec,EPS,CY2025,1.657,1.654,-0.2%,1.662,+0.5%,1.662,+0.0%,41.94,25.2,+0.3%,-38.5%,-22.2%,-37.2%
ZG,Extended,Internet,Real Estate,Real Estate Management & Devel,Adj,Dec,EPS,CY2026,2.193,2.096,-4.4%,2.16,+3.1%,2.138,-1.0%,41.94,19.6,-2.5%,-38.5%,-22.2%,-37.2%
ZG,Extended,Internet,Real Estate,Real Estate Management & Devel,Adj,Dec,EPS,CY2027,2.811,2.744,-2.4%,2.763,+0.7%,2.887,+4.5%,41.94,14.5,+2.7%,-38.5%,-22.2%,-37.2%
ZG,Extended,Internet,Real Estate,Real Estate Management & Devel,Adj,Dec,EPS,CY2028,3.793,3.96,+4.4%,3.873,-2.2%,3.692,-4.7%,41.94,11.4,-2.7%,-38.5%,-22.2%,-37.2%
RMV,Extended,Internet,Communication Services,Media & Entertainment,Adj,Dec,EPS,CY2025,0.29,0.287,-1.0%,0.291,+1.4%,0.29,-0.3%,422.4,14.6,+0.0%,-18.7%,-4.2%,-41.8%
RMV,Extended,Internet,Communication Services,Media & Entertainment,Adj,Dec,EPS,CY2026,0.325,0.322,-0.9%,0.309,-4.0%,0.306,-1.0%,422.4,13.8,-5.8%,-18.7%,-4.2%,-41.8%
RMV,Extended,Internet,Communication Services,Media & Entertainment,Adj,Dec,EPS,CY2027,0.371,0.364,-1.9%,0.34,-6.6%,0.339,-0.3%,422.4,12.5,-8.6%,-18.7%,-4.2%,-41.8%
RMV,Extended,Internet,Communication Services,Media & Entertainment,Adj,Dec,EPS,CY2028,0.411,0.414,+0.7%,0.378,-8.7%,0.38,+0.5%,422.4,11.1,-7.5%,-18.7%,-4.2%,-41.8%
YELP,Extended,Internet,Communication Services,Media & Entertainment,Adj,Dec,EPS,CY2025,2.994,3.703,+23.7%,4.01,+8.3%,4.01,+0.0%,27.08,6.8,+33.9%,-10.9%,+12.4%,-30.5%
YELP,Extended,Internet,Communication Services,Media & Entertainment,Adj,Dec,EPS,CY2026,3.368,3.634,+7.9%,3.837,+5.6%,3.657,-4.7%,27.08,7.4,+8.6%,-10.9%,+12.4%,-30.5%
YELP,Extended,Internet,Communication Services,Media & Entertainment,Adj,Dec,EPS,CY2027,3.89,4.154,+6.8%,4.344,+4.6%,3.9,-10.2%,27.08,6.9,+0.3%,-10.9%,+12.4%,-30.5%
YELP,Extended,Internet,Communication Services,Media & Entertainment,Adj,Dec,EPS,CY2028,,4.85,,4.87,+0.4%,5.19,+6.6%,27.08,5.2,,-10.9%,+12.4%,-30.5%
ANGI,Extended,Internet,Communication Services,Media & Entertainment,Adj,Dec,EPS,CY2025,0.91,1.107,+21.6%,1.103,-0.4%,1.063,-3.6%,5.83,5.5,+16.8%,-54.9%,-50.1%,-63.8%
ANGI,Extended,Internet,Communication Services,Media & Entertainment,Adj,Dec,EPS,CY2026,1.191,1.364,+14.5%,1.581,+15.9%,0.41,-74.1%,5.83,14.2,-65.6%,-54.9%,-50.1%,-63.8%
ANGI,Extended,Internet,Communication Services,Media & Entertainment,Adj,Dec,EPS,CY2027,1.643,1.525,-7.2%,1.847,+21.1%,0.788,-57.3%,5.83,7.4,-52.0%,-54.9%,-50.1%,-63.8%
ANGI,Extended,Internet,Communication Services,Media & Entertainment,Adj,Dec,EPS,CY2028,1.385,1.35,-2.5%,1.72,+27.4%,1.257,-26.9%,5.83,4.6,-9.2%,-54.9%,-50.1%,-63.8%
TREE,Extended,Internet,Financials,Financial Services,Adj,Dec,EPS,CY2025,3.869,4.816,+24.5%,4.816,+0.0%,4.816,+0.0%,39.0,8.1,+24.5%,-26.5%,-14.7%,+0.8%
TREE,Extended,Internet,Financials,Financial Services,Adj,Dec,EPS,CY2026,4.437,5.204,+17.3%,5.204,+0.0%,5.584,+7.3%,39.0,7.0,+25.9%,-26.5%,-14.7%,+0.8%
TREE,Extended,Internet,Financials,Financial Services,Adj,Dec,EPS,CY2027,5.025,5.603,+11.5%,5.603,+0.0%,6.494,+15.9%,39.0,6.0,+29.2%,-26.5%,-14.7%,+0.8%
TREE,Extended,Internet,Financials,Financial Services,Adj,Dec,EPS,CY2028,5.735,4.33,-24.5%,4.33,+0.0%,6.515,+50.5%,39.0,6.0,+13.6%,-26.5%,-14.7%,+0.8%
XYZ,Extended,Internet,Financials,Financial Services,Adj,Dec,EPS,CY2025,2.84,2.478,-12.7%,2.415,-2.5%,2.412,-0.1%,74.85,31.0,-15.1%,+15.0%,+31.8%,+48.6%
XYZ,Extended,Internet,Financials,Financial Services,Adj,Dec,EPS,CY2026,3.823,3.545,-7.3%,3.306,-6.7%,3.8,+14.9%,74.85,19.7,-0.6%,+15.0%,+31.8%,+48.6%
XYZ,Extended,Internet,Financials,Financial Services,Adj,Dec,EPS,CY2027,4.816,4.54,-5.7%,4.406,-3.0%,4.936,+12.0%,74.85,15.2,+2.5%,+15.0%,+31.8%,+48.6%
XYZ,Extended,Internet,Financials,Financial Services,Adj,Dec,EPS,CY2028,5.599,4.95,-11.6%,5.329,+7.7%,6.066,+13.8%,74.85,12.3,+8.3%,+15.0%,+31.8%,+48.6%
CRTO,Extended,Internet,Communication Services,Media & Entertainment,Adj,Dec,EPS,CY2025,4.435,4.688,+5.7%,4.688,+0.0%,4.695,+0.1%,16.49,3.5,+5.9%,-20.0%,-12.9%,-42.1%
CRTO,Extended,Internet,Communication Services,Media & Entertainment,Adj,Dec,EPS,CY2026,4.498,4.565,+1.5%,4.543,-0.5%,4.063,-10.6%,16.49,4.1,-9.7%,-20.0%,-12.9%,-42.1%
CRTO,Extended,Internet,Communication Services,Media & Entertainment,Adj,Dec,EPS,CY2027,4.898,5.082,+3.8%,5.081,-0.0%,4.456,-12.3%,16.49,3.7,-9.0%,-20.0%,-12.9%,-42.1%
CRTO,Extended,Internet,Communication Services,Media & Entertainment,Adj,Dec,EPS,CY2028,6.25,5.073,-18.8%,5.073,+0.0%,5.213,+2.8%,16.49,3.2,-16.6%,-20.0%,-12.9%,-42.1%
CARS,Extended,Internet,Communication Services,Media & Entertainment,Adj,Dec,EPS,CY2025,1.87,1.784,-4.6%,1.792,+0.4%,1.792,+0.0%,11.68,6.5,-4.2%,-4.3%,+5.2%,+12.0%
CARS,Extended,Internet,Communication Services,Media & Entertainment,Adj,Dec,EPS,CY2026,2.018,1.99,-1.4%,2.244,+12.8%,1.828,-18.5%,11.68,6.4,-9.4%,-4.3%,+5.2%,+12.0%
CARS,Extended,Internet,Communication Services,Media & Entertainment,Adj,Dec,EPS,CY2027,2.177,2.47,+13.5%,2.095,-15.2%,2.366,+12.9%,11.68,4.9,+8.7%,-4.3%,+5.2%,+12.0%
CARS,Extended,Internet,Communication Services,Media & Entertainment,Adj,Dec,EPS,CY2028,1.81,1.81,+0.0%,2.38,+31.5%,2.36,-0.8%,11.68,4.9,+30.4%,-4.3%,+5.2%,+12.0%
OCDO,Extended,Internet,Consumer Staples,Consumer Staples Distribution,Adj,Nov,EPS,CY2025,-0.338,-0.286,+15.4%,-0.345,-20.6%,-0.339,+1.7%,197.2,-5.8,-0.3%,-16.4%,-14.0%,-24.9%
OCDO,Extended,Internet,Consumer Staples,Consumer Staples Distribution,Adj,Nov,EPS,CY2026,-0.233,-0.281,-20.6%,-0.292,-3.9%,-0.168,+42.5%,197.2,-11.7,+27.9%,-16.4%,-14.0%,-24.9%
OCDO,Extended,Internet,Consumer Staples,Consumer Staples Distribution,Adj,Nov,EPS,CY2027,-0.154,-0.191,-24.0%,-0.198,-3.7%,-0.221,-11.6%,197.2,-8.9,-43.5%,-16.4%,-14.0%,-24.9%
OCDO,Extended,Internet,Consumer Staples,Consumer Staples Distribution,Adj,Nov,EPS,CY2028,-0.046,-0.055,-19.6%,-0.147,-167.3%,-0.16,-8.8%,197.2,-12.3,-247.8%,-16.4%,-14.0%,-24.9%
VRSN,Extended,Internet,Information Technology,Software & Services,Adj,Dec,EPS,CY2025,8.803,9.06,+2.9%,8.868,-2.1%,8.868,+0.0%,288.21,32.5,+0.7%,+18.6%,+31.1%,+2.4%
VRSN,Extended,Internet,Information Technology,Software & Services,Adj,Dec,EPS,CY2026,9.383,9.483,+1.1%,9.605,+1.3%,9.698,+1.0%,288.21,29.7,+3.4%,+18.6%,+31.1%,+2.4%
VRSN,Extended,Internet,Information Technology,Software & Services,Adj,Dec,EPS,CY2027,10.77,10.455,-2.9%,10.248,-2.0%,10.653,+4.0%,288.21,27.1,-1.1%,+18.6%,+31.1%,+2.4%
VRSN,Extended,Internet,Information Technology,Software & Services,Adj,Dec,EPS,CY2028,12.56,11.23,-10.6%,11.23,+0.0%,11.68,+4.0%,288.21,24.7,-7.0%,+18.6%,+31.1%,+2.4%
CDLX,Extended,Internet,Communication Services,Media & Entertainment,Adj,Dec,EPS,CY2025,-0.498,-0.47,+5.6%,-0.46,+2.1%,-0.46,+0.0%,0.64,-1.4,+7.6%,-44.3%,-31.5%,-66.9%
CDLX,Extended,Internet,Communication Services,Media & Entertainment,Adj,Dec,EPS,CY2026,-0.402,-0.27,+32.8%,-0.188,+30.4%,-0.352,-87.2%,0.64,-1.8,+12.4%,-44.3%,-31.5%,-66.9%
CDLX,Extended,Internet,Communication Services,Media & Entertainment,Adj,Dec,EPS,CY2027,,-0.087,,-0.087,+0.0%,-0.222,-155.2%,0.64,-2.9,,-44.3%,-31.5%,-66.9%
CDLX,Extended,Internet,Communication Services,Media & Entertainment,Adj,Dec,EPS,CY2028,,0.016,,0.016,+0.0%,-0.004,-125.0%,0.64,-160.0,,-44.3%,-31.5%,-66.9%
DHER,Extended,Internet,Consumer Discretionary,Consumer Services,Adj,Dec,EPS,CY2025,-0.098,-0.284,-189.8%,-0.445,-56.7%,-0.285,+36.0%,19.99,-70.1,-190.8%,-12.0%,-9.7%,-22.9%
DHER,Extended,Internet,Consumer Discretionary,Consumer Services,Adj,Dec,EPS,CY2026,0.836,0.787,-5.9%,0.332,-57.8%,-2.333,-802.7%,19.99,-8.6,-379.1%,-12.0%,-9.7%,-22.9%
DHER,Extended,Internet,Consumer Discretionary,Consumer Services,Adj,Dec,EPS,CY2027,2.187,2.155,-1.5%,1.133,-47.4%,0.102,-91.0%,19.99,196.0,-95.3%,-12.0%,-9.7%,-22.9%
DHER,Extended,Internet,Consumer Discretionary,Consumer Services,Adj,Dec,EPS,CY2028,3.593,3.52,-2.0%,1.803,-48.8%,0.828,-54.1%,19.99,24.1,-77.0%,-12.0%,-9.7%,-22.9%
PTON,Extended,Internet,Consumer Discretionary,Consumer Durables & Apparel,Adj,Jun,EPS,CY2025,-0.382,-0.417,-9.2%,-0.417,+0.0%,-0.417,+0.0%,5.69,-13.6,-9.2%,-7.6%,+29.3%,-7.6%
PTON,Extended,Internet,Consumer Discretionary,Consumer Durables & Apparel,Adj,Jun,EPS,CY2026,-0.205,0.097,+147.3%,0.137,+41.2%,0.139,+1.5%,5.69,40.9,+167.8%,-7.6%,+29.3%,-7.6%
PTON,Extended,Internet,Consumer Discretionary,Consumer Durables & Apparel,Adj,Jun,EPS,CY2027,-0.11,0.174,+258.2%,0.31,+78.2%,0.327,+5.5%,5.69,17.4,+397.3%,-7.6%,+29.3%,-7.6%
PTON,Extended,Internet,Consumer Discretionary,Consumer Durables & Apparel,Adj,Jun,EPS,CY2028,-0.176,0.288,+263.6%,0.387,+34.4%,0.381,-1.6%,5.69,14.9,+316.5%,-7.6%,+29.3%,-7.6%
LYFT,Extended,Internet,Industrials,Transportation,Adj,Dec,EPS,CY2025,0.923,1.21,+31.1%,1.234,+2.0%,1.234,+0.0%,14.35,11.6,+33.7%,-25.9%,-13.6%,-13.8%
LYFT,Extended,Internet,Industrials,Transportation,Adj,Dec,EPS,CY2026,1.242,1.416,+14.0%,1.471,+3.9%,1.298,-11.8%,14.35,11.1,+4.5%,-25.9%,-13.6%,-13.8%
LYFT,Extended,Internet,Industrials,Transportation,Adj,Dec,EPS,CY2027,1.417,1.702,+20.1%,1.709,+0.4%,1.742,+1.9%,14.35,8.2,+22.9%,-25.9%,-13.6%,-13.8%
LYFT,Extended,Internet,Industrials,Transportation,Adj,Dec,EPS,CY2028,1.598,2.182,+36.5%,1.855,-15.0%,2.244,+21.0%,14.35,6.4,+40.4%,-25.9%,-13.6%,-13.8%
PRX,Extended,Internet,Consumer Discretionary,Consumer Discretionary Distrib,Adj,Mar,EPS,CY2025,3.614,3.728,+3.2%,4.007,+7.5%,4.005,-0.0%,41.01,10.2,+10.8%,-22.4%,-10.6%,-5.3%
PRX,Extended,Internet,Consumer Discretionary,Consumer Discretionary Distrib,Adj,Mar,EPS,CY2026,4.349,4.418,+1.6%,4.662,+5.5%,4.676,+0.3%,41.01,8.8,+7.5%,-22.4%,-10.6%,-5.3%
PRX,Extended,Internet,Consumer Discretionary,Consumer Discretionary Distrib,Adj,Mar,EPS,CY2027,4.585,5.064,+10.4%,5.391,+6.5%,5.47,+1.5%,41.01,7.5,+19.3%,-22.4%,-10.6%,-5.3%
PRX,Extended,Internet,Consumer Discretionary,Consumer Discretionary Distrib,Adj,Mar,EPS,CY2028,5.22,5.85,+12.1%,5.69,-2.7%,6.218,+9.3%,41.01,6.6,+19.1%,-22.4%,-10.6%,-5.3%
AUTO,Extended,Internet,Communication Services,Media & Entertainment,Adj,Mar,EPS,CY2025,0.36,0.354,-1.7%,0.353,-0.3%,0.357,+1.1%,519.0,14.5,-0.8%,-11.5%,+9.4%,-39.7%
AUTO,Extended,Internet,Communication Services,Media & Entertainment,Adj,Mar,EPS,CY2026,0.399,0.393,-1.5%,0.388,-1.3%,0.389,+0.3%,519.0,13.3,-2.5%,-11.5%,+9.4%,-39.7%
AUTO,Extended,Internet,Communication Services,Media & Entertainment,Adj,Mar,EPS,CY2027,0.436,0.432,-0.9%,0.424,-1.9%,0.429,+1.2%,519.0,12.1,-1.6%,-11.5%,+9.4%,-39.7%
AUTO,Extended,Internet,Communication Services,Media & Entertainment,Adj,Mar,EPS,CY2028,0.458,0.467,+2.0%,0.462,-1.1%,0.467,+1.1%,519.0,11.1,+2.0%,-11.5%,+9.4%,-39.7%
DKNG,Extended,Internet,Consumer Discretionary,Consumer Services,Adj,Dec,EPS,CY2025,1.374,0.932,-32.2%,0.814,-12.7%,0.814,+0.0%,25.52,31.4,-40.8%,-25.9%,-6.2%,-29.6%
DKNG,Extended,Internet,Consumer Discretionary,Consumer Services,Adj,Dec,EPS,CY2026,2.223,1.588,-28.6%,1.298,-18.3%,0.796,-38.7%,25.52,32.1,-64.2%,-25.9%,-6.2%,-29.6%
DKNG,Extended,Internet,Consumer Discretionary,Consumer Services,Adj,Dec,EPS,CY2027,2.901,2.36,-18.6%,2.057,-12.8%,1.45,-29.5%,25.52,17.6,-50.0%,-25.9%,-6.2%,-29.6%
DKNG,Extended,Internet,Consumer Discretionary,Consumer Services,Adj,Dec,EPS,CY2028,3.599,3.086,-14.3%,2.793,-9.5%,2.284,-18.2%,25.52,11.2,-36.5%,-25.9%,-6.2%,-29.6%
FLUT,Extended,Internet,Consumer Discretionary,Consumer Services,Adj,Dec,EPS,CY2025,8.472,8.281,-2.3%,7.74,-6.5%,7.695,-0.6%,101.19,13.2,-9.2%,-52.9%,-34.5%,-56.8%
FLUT,Extended,Internet,Consumer Discretionary,Consumer Services,Adj,Dec,EPS,CY2026,12.299,11.788,-4.2%,9.196,-22.0%,6.063,-34.1%,101.19,16.7,-50.7%,-52.9%,-34.5%,-56.8%
FLUT,Extended,Internet,Consumer Discretionary,Consumer Services,Adj,Dec,EPS,CY2027,15.982,15.622,-2.3%,13.329,-14.7%,9.091,-31.8%,101.19,11.1,-43.1%,-52.9%,-34.5%,-56.8%
FLUT,Extended,Internet,Consumer Discretionary,Consumer Services,Adj,Dec,EPS,CY2028,18.925,20.022,+5.8%,17.157,-14.3%,12.265,-28.5%,101.19,8.3,-35.2%,-52.9%,-34.5%,-56.8%
FLTR,Extended,Internet,Consumer Discretionary,Consumer Services,Adj,Dec,EPS,CY2025,8.472,8.281,-2.3%,7.74,-6.5%,7.695,-0.6%,7550.0,9.8,-9.2%,-53.2%,-33.2%,-57.8%
FLTR,Extended,Internet,Consumer Discretionary,Consumer Services,Adj,Dec,EPS,CY2026,12.299,11.788,-4.2%,9.196,-22.0%,6.063,-34.1%,7550.0,12.5,-50.7%,-53.2%,-33.2%,-57.8%
FLTR,Extended,Internet,Consumer Discretionary,Consumer Services,Adj,Dec,EPS,CY2027,15.982,15.622,-2.3%,13.329,-14.7%,9.091,-31.8%,7550.0,8.3,-43.1%,-53.2%,-33.2%,-57.8%
FLTR,Extended,Internet,Consumer Discretionary,Consumer Services,Adj,Dec,EPS,CY2028,18.925,20.022,+5.8%,17.157,-14.3%,12.265,-28.5%,7550.0,6.2,-35.2%,-53.2%,-33.2%,-57.8%
WMG,Extended,Internet,Communication Services,Media & Entertainment,Adj,Sep,EPS,CY2025,1.336,0.982,-26.5%,0.982,+0.0%,0.982,+0.0%,33.36,34.0,-26.5%,+8.8%,+12.7%,+21.9%
WMG,Extended,Internet,Communication Services,Media & Entertainment,Adj,Sep,EPS,CY2026,1.433,1.428,-0.3%,1.406,-1.5%,1.492,+6.1%,33.36,22.4,+4.1%,+8.8%,+12.7%,+21.9%
WMG,Extended,Internet,Communication Services,Media & Entertainment,Adj,Sep,EPS,CY2027,1.63,1.699,+4.2%,1.756,+3.4%,1.808,+3.0%,33.36,18.5,+10.9%,+8.8%,+12.7%,+21.9%
WMG,Extended,Internet,Communication Services,Media & Entertainment,Adj,Sep,EPS,CY2028,1.82,1.921,+5.5%,1.984,+3.3%,2.062,+3.9%,33.36,16.2,+13.3%,+8.8%,+12.7%,+21.9%
SCOR,Extended,Internet,Communication Services,Media & Entertainment,Adj,Dec,EPS,CY2025,1.185,2.22,+87.3%,2.22,+0.0%,2.22,+0.0%,7.36,3.3,+87.3%,+13.2%,-0.4%,+52.4%
SCOR,Extended,Internet,Communication Services,Media & Entertainment,Adj,Dec,EPS,CY2026,2.385,4.65,+95.0%,4.65,+0.0%,4.11,-11.6%,7.36,1.8,+72.3%,+13.2%,-0.4%,+52.4%
SCOR,Extended,Internet,Communication Services,Media & Entertainment,Adj,Dec,EPS,CY2027,,5.08,,5.08,+0.0%,5.08,+0.0%,7.36,1.4,,+13.2%,-0.4%,+52.4%
SCOR,Extended,Internet,Communication Services,Media & Entertainment,Adj,Dec,EPS,CY2028,,,,,,,,7.36,,,+13.2%,-0.4%,+52.4%
ASM,Extended,Technology,Information Technology,Semiconductors & Semiconductor,Adj,Dec,EPS,CY2025,14.481,13.978,-3.5%,14.655,+4.8%,14.695,+0.3%,882.2,60.0,+1.5%,+70.4%,+26.1%,+96.0%
ASM,Extended,Technology,Information Technology,Semiconductors & Semiconductor,Adj,Dec,EPS,CY2026,18.566,16.01,-13.8%,16.962,+5.9%,21.717,+28.0%,882.2,40.6,+17.0%,+70.4%,+26.1%,+96.0%
ASM,Extended,Technology,Information Technology,Semiconductors & Semiconductor,Adj,Dec,EPS,CY2027,22.767,20.27,-11.0%,21.672,+6.9%,26.774,+23.5%,882.2,32.9,+17.6%,+70.4%,+26.1%,+96.0%
ASM,Extended,Technology,Information Technology,Semiconductors & Semiconductor,Adj,Dec,EPS,CY2028,26.568,23.693,-10.8%,23.99,+1.3%,30.61,+27.6%,882.2,28.8,+15.2%,+70.4%,+26.1%,+96.0%
ARM,Extended,Technology,Information Technology,Semiconductors & Semiconductor,GAAP,Mar,EPS,CY2025,1.109,0.907,-18.2%,0.932,+2.8%,0.927,-0.5%,213.27,230.1,-16.4%,+95.1%,+71.1%,+84.2%
ARM,Extended,Technology,Information Technology,Semiconductors & Semiconductor,GAAP,Mar,EPS,CY2026,1.615,1.428,-11.6%,1.263,-11.6%,1.241,-1.7%,213.27,171.9,-23.2%,+95.1%,+71.1%,+84.2%
ARM,Extended,Technology,Information Technology,Semiconductors & Semiconductor,GAAP,Mar,EPS,CY2027,2.023,1.985,-1.9%,1.899,-4.3%,1.942,+2.3%,213.27,109.8,-4.0%,+95.1%,+71.1%,+84.2%
ARM,Extended,Technology,Information Technology,Semiconductors & Semiconductor,GAAP,Mar,EPS,CY2028,2.586,2.266,-12.4%,2.212,-2.4%,2.559,+15.7%,213.27,83.3,-1.0%,+95.1%,+71.1%,+84.2%
MRVL,Extended,Technology,Information Technology,Semiconductors & Semiconductor,Adj,Jan,EPS,CY2025,2.826,2.804,-0.8%,2.84,+1.3%,2.837,-0.1%,170.13,60.0,+0.4%,+100.2%,+106.6%,+185.2%
MRVL,Extended,Technology,Information Technology,Semiconductors & Semiconductor,Adj,Jan,EPS,CY2026,3.605,3.386,-6.1%,3.553,+4.9%,3.819,+7.5%,170.13,44.5,+5.9%,+100.2%,+106.6%,+185.2%
MRVL,Extended,Technology,Information Technology,Semiconductors & Semiconductor,Adj,Jan,EPS,CY2027,4.545,4.121,-9.3%,4.682,+13.6%,5.477,+17.0%,170.13,31.1,+20.5%,+100.2%,+106.6%,+185.2%
MRVL,Extended,Technology,Information Technology,Semiconductors & Semiconductor,Adj,Jan,EPS,CY2028,6.13,5.112,-16.6%,6.351,+24.2%,7.485,+17.9%,170.13,22.7,+22.1%,+100.2%,+106.6%,+185.2%
AMD,Extended,Technology,Information Technology,Semiconductors & Semiconductor,GAAP,Dec,EPS,CY2025,2.002,2.466,+23.2%,2.531,+2.6%,2.531,+0.0%,455.19,179.8,+26.4%,+112.5%,+110.7%,+342.6%
AMD,Extended,Technology,Information Technology,Semiconductors & Semiconductor,GAAP,Dec,EPS,CY2026,3.768,4.577,+21.5%,4.667,+2.0%,5.315,+13.9%,455.19,85.6,+41.1%,+112.5%,+110.7%,+342.6%
AMD,Extended,Technology,Information Technology,Semiconductors & Semiconductor,GAAP,Dec,EPS,CY2027,5.083,7.569,+48.9%,8.312,+9.8%,10.253,+23.4%,455.19,44.4,+101.7%,+112.5%,+110.7%,+342.6%
AMD,Extended,Technology,Information Technology,Semiconductors & Semiconductor,GAAP,Dec,EPS,CY2028,6.0,7.448,+24.1%,11.777,+58.1%,14.302,+21.4%,455.19,31.8,+138.4%,+112.5%,+110.7%,+342.6%
INTC,Extended,Technology,Information Technology,Semiconductors & Semiconductor,GAAP,Dec,EPS,CY2025,-0.629,-0.028,+95.5%,-0.037,-32.1%,-0.037,+0.0%,124.92,-3376.2,+94.1%,+238.5%,+148.6%,+483.2%
INTC,Extended,Technology,Information Technology,Semiconductors & Semiconductor,GAAP,Dec,EPS,CY2026,0.075,0.215,+186.7%,-0.236,-209.8%,-0.382,-61.9%,124.92,-327.0,-609.3%,+238.5%,+148.6%,+483.2%
INTC,Extended,Technology,Information Technology,Semiconductors & Semiconductor,GAAP,Dec,EPS,CY2027,0.803,0.587,-26.9%,0.296,-49.6%,0.896,+202.7%,124.92,139.4,+11.6%,+238.5%,+148.6%,+483.2%
INTC,Extended,Technology,Information Technology,Semiconductors & Semiconductor,GAAP,Dec,EPS,CY2028,1.96,1.807,-7.8%,0.759,-58.0%,1.613,+112.5%,124.92,77.4,-17.7%,+238.5%,+148.6%,+483.2%
TXN,Extended,Technology,Information Technology,Semiconductors & Semiconductor,GAAP,Dec,EPS,CY2025,5.545,5.48,-1.2%,5.487,+0.1%,5.487,+0.0%,287.8,52.5,-1.0%,+65.9%,+31.6%,+67.1%
TXN,Extended,Technology,Information Technology,Semiconductors & Semiconductor,GAAP,Dec,EPS,CY2026,6.63,6.061,-8.6%,6.405,+5.7%,7.707,+20.3%,287.8,37.3,+16.2%,+65.9%,+31.6%,+67.1%
TXN,Extended,Technology,Information Technology,Semiconductors & Semiconductor,GAAP,Dec,EPS,CY2027,8.068,7.507,-7.0%,7.683,+2.3%,8.942,+16.4%,287.8,32.2,+10.8%,+65.9%,+31.6%,+67.1%
TXN,Extended,Technology,Information Technology,Semiconductors & Semiconductor,GAAP,Dec,EPS,CY2028,10.567,9.922,-6.1%,9.563,-3.6%,10.518,+10.0%,287.8,27.4,-0.5%,+65.9%,+31.6%,+67.1%
ADI,Extended,Technology,Information Technology,Semiconductors & Semiconductor,GAAP,Oct,EPS,CY2025,3.889,4.472,+15.0%,4.496,+0.5%,4.496,+0.0%,416.52,92.6,+15.6%,+53.6%,+29.0%,+100.7%
ADI,Extended,Technology,Information Technology,Semiconductors & Semiconductor,GAAP,Oct,EPS,CY2026,5.798,6.673,+15.1%,7.143,+7.0%,8.403,+17.6%,416.52,49.6,+44.9%,+53.6%,+29.0%,+100.7%
ADI,Extended,Technology,Information Technology,Semiconductors & Semiconductor,GAAP,Oct,EPS,CY2027,8.021,8.275,+3.2%,8.332,+0.7%,10.195,+22.4%,416.52,40.9,+27.1%,+53.6%,+29.0%,+100.7%
ADI,Extended,Technology,Information Technology,Semiconductors & Semiconductor,GAAP,Oct,EPS,CY2028,10.533,9.583,-9.0%,10.123,+5.6%,12.02,+18.7%,416.52,34.7,+14.1%,+53.6%,+29.0%,+100.7%
005930,Extended,Technology,Information Technology,Technology Hardware & Equipmen,GAAP,Dec,EPS,CY2025,4886.473,5540.341,+13.4%,6342.644,+14.5%,6342.644,+0.0%,276500.0,43.6,+29.8%,+129.7%,+69.1%,+404.6%
005930,Extended,Technology,Information Technology,Technology Hardware & Equipmen,GAAP,Dec,EPS,CY2026,5979.183,9737.39,+62.9%,20611.751,+111.7%,40759.878,+97.8%,276500.0,6.8,+581.7%,+129.7%,+69.1%,+404.6%
005930,Extended,Technology,Information Technology,Technology Hardware & Equipmen,GAAP,Dec,EPS,CY2027,6703.373,11123.768,+65.9%,25224.037,+126.8%,53300.06,+111.3%,276500.0,5.2,+695.1%,+129.7%,+69.1%,+404.6%
005930,Extended,Technology,Information Technology,Technology Hardware & Equipmen,GAAP,Dec,EPS,CY2028,5709.38,14932.788,+161.5%,28447.129,+90.5%,55703.213,+95.8%,276500.0,5.0,+875.6%,+129.7%,+69.1%,+404.6%
000660,Extended,Technology,Information Technology,Semiconductors & Semiconductor,GAAP,Dec,EPS,CY2025,41073.047,52532.391,+27.9%,57400.366,+9.3%,57400.366,+0.0%,1681000.0,29.3,+39.8%,+157.8%,+93.4%,+784.3%
000660,Extended,Technology,Information Technology,Semiconductors & Semiconductor,GAAP,Dec,EPS,CY2026,45901.906,78380.034,+70.8%,148163.173,+89.0%,272120.019,+83.7%,1681000.0,6.2,+492.8%,+157.8%,+93.4%,+784.3%
000660,Extended,Technology,Information Technology,Semiconductors & Semiconductor,GAAP,Dec,EPS,CY2027,53099.987,88319.326,+66.3%,184030.426,+108.4%,363860.504,+97.7%,1681000.0,4.6,+585.2%,+157.8%,+93.4%,+784.3%
000660,Extended,Technology,Information Technology,Semiconductors & Semiconductor,GAAP,Dec,EPS,CY2028,129387.665,193005.345,+49.2%,213186.112,+10.5%,397914.018,+86.7%,1681000.0,4.2,+207.5%,+157.8%,+93.4%,+784.3%
STX,Extended,Technology,Information Technology,Technology Hardware & Equipmen,Adj,Jun,EPS,CY2025,7.883,7.948,+0.8%,7.948,+0.0%,7.948,+0.0%,782.64,98.5,+0.8%,+184.2%,+84.2%,+717.7%
STX,Extended,Technology,Information Technology,Technology Hardware & Equipmen,Adj,Jun,EPS,CY2026,9.276,11.346,+22.3%,12.977,+14.4%,14.806,+14.1%,782.64,52.9,+59.6%,+184.2%,+84.2%,+717.7%
STX,Extended,Technology,Information Technology,Technology Hardware & Equipmen,Adj,Jun,EPS,CY2027,10.131,14.513,+43.3%,18.865,+30.0%,26.229,+39.0%,782.64,29.8,+158.9%,+184.2%,+84.2%,+717.7%
STX,Extended,Technology,Information Technology,Technology Hardware & Equipmen,Adj,Jun,EPS,CY2028,9.525,15.972,+67.7%,22.129,+38.5%,37.961,+71.5%,782.64,20.6,+298.5%,+184.2%,+84.2%,+717.7%
WDC,Extended,Technology,Information Technology,Technology Hardware & Equipmen,Adj,Jun,EPS,CY2025,5.117,5.253,+2.7%,5.253,+0.0%,5.253,+0.0%,480.0,91.4,+2.7%,+178.6%,+67.8%,+988.4%
WDC,Extended,Technology,Information Technology,Technology Hardware & Equipmen,Adj,Jun,EPS,CY2026,5.427,7.64,+40.8%,8.79,+15.1%,10.059,+14.4%,480.0,47.7,+85.4%,+178.6%,+67.8%,+988.4%
WDC,Extended,Technology,Information Technology,Technology Hardware & Equipmen,Adj,Jun,EPS,CY2027,5.443,9.179,+68.6%,12.866,+40.2%,17.052,+32.5%,480.0,28.1,+213.3%,+178.6%,+67.8%,+988.4%
WDC,Extended,Technology,Information Technology,Technology Hardware & Equipmen,Adj,Jun,EPS,CY2028,5.78,10.67,+84.6%,16.907,+58.5%,25.724,+52.1%,480.0,18.7,+345.1%,+178.6%,+67.8%,+988.4%
SNDK,Extended,Technology,Information Technology,Technology Hardware & Equipmen,GAAP,Jun,EPS,CY2025,-11.48,-11.405,+0.7%,-11.405,+0.0%,-11.405,+0.0%,1562.34,-137.0,+0.7%,+558.2%,+167.8%,+4039.7%
SNDK,Extended,Technology,Information Technology,Technology Hardware & Equipmen,GAAP,Jun,EPS,CY2026,5.05,10.426,+106.5%,30.464,+192.2%,62.969,+106.7%,1562.34,24.8,+1146.9%,+558.2%,+167.8%,+4039.7%
SNDK,Extended,Technology,Information Technology,Technology Hardware & Equipmen,GAAP,Jun,EPS,CY2027,7.026,18.288,+160.3%,71.846,+292.9%,175.708,+144.6%,1562.34,8.9,+2400.8%,+558.2%,+167.8%,+4039.7%
SNDK,Extended,Technology,Information Technology,Technology Hardware & Equipmen,GAAP,Jun,EPS,CY2028,8.44,16.88,+100.0%,77.266,+357.7%,205.09,+165.4%,1562.34,7.6,+2330.0%,+558.2%,+167.8%,+4039.7%
CLS,Extended,Technology,Information Technology,Technology Hardware & Equipmen,Adj,Dec,EPS,CY2025,5.062,5.866,+15.9%,5.919,+0.9%,5.919,+0.0%,375.55,63.4,+16.9%,+27.0%,+17.6%,+303.6%
CLS,Extended,Technology,Information Technology,Technology Hardware & Equipmen,Adj,Dec,EPS,CY2026,6.123,8.364,+36.6%,8.922,+6.7%,10.255,+14.9%,375.55,36.6,+67.5%,+27.0%,+17.6%,+303.6%
CLS,Extended,Technology,Information Technology,Technology Hardware & Equipmen,Adj,Dec,EPS,CY2027,7.197,11.064,+53.7%,12.602,+13.9%,15.176,+20.4%,375.55,24.7,+110.9%,+27.0%,+17.6%,+303.6%
CLS,Extended,Technology,Information Technology,Technology Hardware & Equipmen,Adj,Dec,EPS,CY2028,9.35,14.957,+60.0%,16.33,+9.2%,18.649,+14.2%,375.55,20.1,+99.5%,+27.0%,+17.6%,+303.6%
QRVO,Extended,Technology,Information Technology,Semiconductors & Semiconductor,Adj,Mar,EPS,CY2025,5.56,6.41,+15.3%,6.521,+1.7%,6.526,+0.1%,90.53,13.9,+17.4%,+7.1%,+8.9%,+23.7%
QRVO,Extended,Technology,Information Technology,Semiconductors & Semiconductor,Adj,Mar,EPS,CY2026,6.594,7.07,+7.2%,6.758,-4.4%,6.87,+1.7%,90.53,13.2,+4.2%,+7.1%,+8.9%,+23.7%
QRVO,Extended,Technology,Information Technology,Semiconductors & Semiconductor,Adj,Mar,EPS,CY2027,7.755,8.033,+3.6%,8.02,-0.2%,7.956,-0.8%,90.53,11.4,+2.6%,+7.1%,+8.9%,+23.7%
QRVO,Extended,Technology,Information Technology,Semiconductors & Semiconductor,Adj,Mar,EPS,CY2028,7.08,8.02,+13.3%,8.323,+3.8%,8.435,+1.3%,90.53,10.7,+19.1%,+7.1%,+8.9%,+23.7%
SWKS,Extended,Technology,Information Technology,Semiconductors & Semiconductor,Adj,Sep,EPS,CY2025,5.19,5.598,+7.9%,5.598,+0.0%,5.598,+0.0%,66.78,11.9,+7.9%,+5.3%,+8.5%,-2.1%
SWKS,Extended,Technology,Information Technology,Semiconductors & Semiconductor,Adj,Sep,EPS,CY2026,4.178,4.418,+5.7%,4.652,+5.3%,4.922,+5.8%,66.78,13.6,+17.8%,+5.3%,+8.5%,-2.1%
SWKS,Extended,Technology,Information Technology,Semiconductors & Semiconductor,Adj,Sep,EPS,CY2027,5.309,5.066,-4.6%,5.063,-0.1%,5.129,+1.3%,66.78,13.0,-3.4%,+5.3%,+8.5%,-2.1%
SWKS,Extended,Technology,Information Technology,Semiconductors & Semiconductor,Adj,Sep,EPS,CY2028,6.96,6.31,-9.3%,6.176,-2.1%,6.228,+0.8%,66.78,10.7,-10.5%,+5.3%,+8.5%,-2.1%
DELL,Extended,Technology,Information Technology,Technology Hardware & Equipmen,Adj,Jan,EPS,CY2025,9.189,9.557,+4.0%,9.955,+4.2%,9.954,-0.0%,260.46,26.2,+8.3%,+106.9%,+115.4%,+171.6%
DELL,Extended,Technology,Information Technology,Technology Hardware & Equipmen,Adj,Jan,EPS,CY2026,10.343,11.281,+9.1%,11.571,+2.6%,13.053,+12.8%,260.46,20.0,+26.2%,+106.9%,+115.4%,+171.6%
DELL,Extended,Technology,Information Technology,Technology Hardware & Equipmen,Adj,Jan,EPS,CY2027,11.238,12.829,+14.2%,13.161,+2.6%,14.918,+13.4%,260.46,17.5,+32.7%,+106.9%,+115.4%,+171.6%
DELL,Extended,Technology,Information Technology,Technology Hardware & Equipmen,Adj,Jan,EPS,CY2028,,14.863,,14.44,-2.8%,16.805,+16.4%,260.46,15.5,,+106.9%,+115.4%,+171.6%
SMCI,Extended,Technology,Information Technology,Technology Hardware & Equipmen,Adj,Jun,EPS,CY2025,2.092,2.09,-0.1%,2.09,+0.0%,2.09,+0.0%,35.37,16.9,-0.1%,+20.8%,+5.5%,+10.6%
SMCI,Extended,Technology,Information Technology,Technology Hardware & Equipmen,Adj,Jun,EPS,CY2026,2.835,2.06,-27.3%,2.216,+7.6%,2.589,+16.8%,35.37,13.7,-8.7%,+20.8%,+5.5%,+10.6%
SMCI,Extended,Technology,Information Technology,Technology Hardware & Equipmen,Adj,Jun,EPS,CY2027,3.984,3.007,-24.5%,2.976,-1.0%,3.229,+8.5%,35.37,11.0,-19.0%,+20.8%,+5.5%,+10.6%
SMCI,Extended,Technology,Information Technology,Technology Hardware & Equipmen,Adj,Jun,EPS,CY2028,2.63,3.633,+38.1%,3.578,-1.5%,3.934,+9.9%,35.37,9.0,+49.6%,+20.8%,+5.5%,+10.6%
IBM,Extended,Technology,Information Technology,Software & Services,GAAP,Dec,EPS,CY2025,8.946,9.078,+1.5%,9.025,-0.6%,9.025,+0.0%,229.76,25.5,+0.9%,-22.4%,-22.5%,-7.8%
IBM,Extended,Technology,Information Technology,Software & Services,GAAP,Dec,EPS,CY2026,9.61,10.343,+7.6%,10.458,+1.1%,10.25,-2.0%,229.76,22.4,+6.7%,-22.4%,-22.5%,-7.8%
IBM,Extended,Technology,Information Technology,Software & Services,GAAP,Dec,EPS,CY2027,9.885,10.648,+7.7%,11.331,+6.4%,11.443,+1.0%,229.76,20.1,+15.8%,-22.4%,-22.5%,-7.8%
IBM,Extended,Technology,Information Technology,Software & Services,GAAP,Dec,EPS,CY2028,10.34,10.98,+6.2%,12.668,+15.4%,12.678,+0.1%,229.76,18.1,+22.6%,-22.4%,-22.5%,-7.8%
XRX,Extended,Technology,Information Technology,Technology Hardware & Equipmen,Adj,Dec,EPS,CY2025,0.84,-0.36,-142.9%,-0.39,-8.3%,-0.39,+0.0%,2.78,-7.1,-146.4%,+17.3%,+31.8%,-49.6%
XRX,Extended,Technology,Information Technology,Technology Hardware & Equipmen,Adj,Dec,EPS,CY2026,1.675,1.067,-36.3%,0.435,-59.2%,-0.295,-167.8%,2.78,-9.4,-117.6%,+17.3%,+31.8%,-49.6%
XRX,Extended,Technology,Information Technology,Technology Hardware & Equipmen,Adj,Dec,EPS,CY2027,1.11,1.345,+21.2%,1.155,-14.1%,0.865,-25.1%,2.78,3.2,-22.1%,+17.3%,+31.8%,-49.6%
XRX,Extended,Technology,Information Technology,Technology Hardware & Equipmen,Adj,Dec,EPS,CY2028,,,,1.05,,0.97,-7.6%,2.78,2.9,,+17.3%,+31.8%,-49.6%
HPE,Extended,Technology,Information Technology,Technology Hardware & Equipmen,Adj,Oct,EPS,CY2025,1.8,1.898,+5.4%,1.895,-0.2%,1.895,+0.0%,31.35,16.5,+5.3%,+30.5%,+31.1%,+85.6%
HPE,Extended,Technology,Information Technology,Technology Hardware & Equipmen,Adj,Oct,EPS,CY2026,2.053,2.399,+16.9%,2.356,-1.8%,2.418,+2.6%,31.35,13.0,+17.8%,+30.5%,+31.1%,+85.6%
HPE,Extended,Technology,Information Technology,Technology Hardware & Equipmen,Adj,Oct,EPS,CY2027,2.294,2.719,+18.5%,2.737,+0.7%,2.716,-0.8%,31.35,11.5,+18.4%,+30.5%,+31.1%,+85.6%
HPE,Extended,Technology,Information Technology,Technology Hardware & Equipmen,Adj,Oct,EPS,CY2028,,2.954,,3.097,+4.8%,3.058,-1.3%,31.35,10.3,,+30.5%,+31.1%,+85.6%
HPQ,Extended,Technology,Information Technology,Technology Hardware & Equipmen,Adj,Oct,EPS,CY2025,3.451,3.116,-9.7%,3.115,-0.0%,3.115,+0.0%,22.68,7.3,-9.7%,+1.8%,+16.7%,-14.3%
HPQ,Extended,Technology,Information Technology,Technology Hardware & Equipmen,Adj,Oct,EPS,CY2026,3.618,3.368,-6.9%,3.035,-9.9%,2.875,-5.3%,22.68,7.9,-20.5%,+1.8%,+16.7%,-14.3%
HPQ,Extended,Technology,Information Technology,Technology Hardware & Equipmen,Adj,Oct,EPS,CY2027,3.494,3.566,+2.1%,3.166,-11.2%,2.959,-6.5%,22.68,7.7,-15.3%,+1.8%,+16.7%,-14.3%
HPQ,Extended,Technology,Information Technology,Technology Hardware & Equipmen,Adj,Oct,EPS,CY2028,,3.755,,3.411,-9.2%,3.32,-2.7%,22.68,6.8,,+1.8%,+16.7%,-14.3%
FLEX,Extended,Technology,Information Technology,Technology Hardware & Equipmen,Adj,Mar,EPS,CY2025,2.934,3.15,+7.4%,3.234,+2.7%,3.241,+0.2%,142.17,43.9,+10.5%,+135.3%,+115.2%,+269.5%
FLEX,Extended,Technology,Information Technology,Technology Hardware & Equipmen,Adj,Mar,EPS,CY2026,3.263,3.552,+8.9%,3.591,+1.1%,4.397,+22.4%,142.17,32.3,+34.8%,+135.3%,+115.2%,+269.5%
FLEX,Extended,Technology,Information Technology,Technology Hardware & Equipmen,Adj,Mar,EPS,CY2027,3.4,3.81,+12.1%,4.018,+5.5%,5.875,+46.2%,142.17,24.2,+72.8%,+135.3%,+115.2%,+269.5%
FLEX,Extended,Technology,Information Technology,Technology Hardware & Equipmen,Adj,Mar,EPS,CY2028,,,,,,9.315,,142.17,15.3,,+135.3%,+115.2%,+269.5%
CDW,Extended,Technology,Information Technology,Technology Hardware & Equipmen,Adj,Dec,EPS,CY2025,9.791,9.896,+1.1%,9.897,+0.0%,9.897,+0.0%,104.79,10.6,+1.1%,-23.1%,-26.9%,-41.4%
CDW,Extended,Technology,Information Technology,Technology Hardware & Equipmen,Adj,Dec,EPS,CY2026,10.353,10.623,+2.6%,10.553,-0.7%,10.611,+0.5%,104.79,9.9,+2.5%,-23.1%,-26.9%,-41.4%
CDW,Extended,Technology,Information Technology,Technology Hardware & Equipmen,Adj,Dec,EPS,CY2027,11.466,11.448,-0.2%,11.35,-0.9%,11.524,+1.5%,104.79,9.1,+0.5%,-23.1%,-26.9%,-41.4%
CDW,Extended,Technology,Information Technology,Technology Hardware & Equipmen,Adj,Dec,EPS,CY2028,,12.82,,12.423,-3.1%,12.685,+2.1%,104.79,8.3,,-23.1%,-26.9%,-41.4%
SNX,Extended,Technology,Information Technology,Technology Hardware & Equipmen,Adj,Nov,EPS,CY2025,11.799,13.091,+11.0%,13.094,+0.0%,13.094,+0.0%,239.07,18.3,+11.0%,+59.1%,+38.8%,+102.7%
SNX,Extended,Technology,Information Technology,Technology Hardware & Equipmen,Adj,Nov,EPS,CY2026,13.364,14.569,+9.0%,14.633,+0.4%,16.759,+14.5%,239.07,14.3,+25.4%,+59.1%,+38.8%,+102.7%
SNX,Extended,Technology,Information Technology,Technology Hardware & Equipmen,Adj,Nov,EPS,CY2027,15.148,16.069,+6.1%,16.111,+0.3%,18.317,+13.7%,239.07,13.1,+20.9%,+59.1%,+38.8%,+102.7%
SNX,Extended,Technology,Information Technology,Technology Hardware & Equipmen,Adj,Nov,EPS,CY2028,,17.4,,17.84,+2.5%,20.522,+15.0%,239.07,11.6,,+59.1%,+38.8%,+102.7%
AVT,Extended,Technology,Information Technology,Technology Hardware & Equipmen,Adj,Jun,EPS,CY2025,3.358,3.367,+0.3%,3.367,+0.0%,3.367,+0.0%,82.09,24.4,+0.3%,+70.7%,+23.7%,+62.8%
AVT,Extended,Technology,Information Technology,Technology Hardware & Equipmen,Adj,Jun,EPS,CY2026,5.122,4.43,-13.5%,4.512,+1.9%,5.126,+13.6%,82.09,16.0,+0.1%,+70.7%,+23.7%,+62.8%
AVT,Extended,Technology,Information Technology,Technology Hardware & Equipmen,Adj,Jun,EPS,CY2027,6.655,6.176,-7.2%,6.413,+3.8%,7.882,+22.9%,82.09,10.4,+18.4%,+70.7%,+23.7%,+62.8%
AVT,Extended,Technology,Information Technology,Technology Hardware & Equipmen,Adj,Jun,EPS,CY2028,7.56,7.345,-2.8%,7.395,+0.7%,8.88,+20.1%,82.09,9.2,+17.5%,+70.7%,+23.7%,+62.8%
ARW,Extended,Technology,Information Technology,Technology Hardware & Equipmen,Adj,Dec,EPS,CY2025,10.325,10.202,-1.2%,10.258,+0.5%,10.258,+0.0%,194.95,19.0,-0.6%,+76.9%,+23.3%,+65.3%
ARW,Extended,Technology,Information Technology,Technology Hardware & Equipmen,Adj,Dec,EPS,CY2026,14.627,11.846,-19.0%,13.486,+13.8%,18.598,+37.9%,194.95,10.5,+27.1%,+76.9%,+23.3%,+65.3%
ARW,Extended,Technology,Information Technology,Technology Hardware & Equipmen,Adj,Dec,EPS,CY2027,16.105,14.3,-11.2%,15.718,+9.9%,20.364,+29.6%,194.95,9.6,+26.4%,+76.9%,+23.3%,+65.3%
ARW,Extended,Technology,Information Technology,Technology Hardware & Equipmen,Adj,Dec,EPS,CY2028,,15.41,,17.27,+12.1%,24.44,+41.5%,194.95,8.0,,+76.9%,+23.3%,+65.3%
BA,Extended,Aerospace / defense,Industrials,Capital Goods,Adj,Dec,EPS,CY2025,-1.451,-9.274,-539.1%,-9.499,-2.4%,-9.499,+0.0%,237.36,-25.0,-554.7%,+9.3%,-3.0%,+21.8%
BA,Extended,Aerospace / defense,Industrials,Capital Goods,Adj,Dec,EPS,CY2026,3.529,2.168,-38.6%,0.4,-81.5%,-0.316,-179.0%,237.36,-751.1,-109.0%,+9.3%,-3.0%,+21.8%
BA,Extended,Aerospace / defense,Industrials,Capital Goods,Adj,Dec,EPS,CY2027,6.405,6.022,-6.0%,4.761,-20.9%,4.365,-8.3%,237.36,54.4,-31.9%,+9.3%,-3.0%,+21.8%
BA,Extended,Aerospace / defense,Industrials,Capital Goods,Adj,Dec,EPS,CY2028,8.441,8.361,-0.9%,8.138,-2.7%,8.352,+2.6%,237.36,28.4,-1.1%,+9.3%,-3.0%,+21.8%
AIR,Extended,Aerospace / defense,Industrials,Capital Goods,Adj,Dec,EPS,CY2025,6.525,6.582,+0.9%,6.387,-3.0%,6.357,-0.5%,179.88,28.3,-2.6%,-9.3%,-6.9%,+13.5%
AIR,Extended,Aerospace / defense,Industrials,Capital Goods,Adj,Dec,EPS,CY2026,7.951,8.038,+1.1%,7.786,-3.1%,7.308,-6.1%,179.88,24.6,-8.1%,-9.3%,-6.9%,+13.5%
AIR,Extended,Aerospace / defense,Industrials,Capital Goods,Adj,Dec,EPS,CY2027,9.348,9.658,+3.3%,9.429,-2.4%,8.645,-8.3%,179.88,20.8,-7.5%,-9.3%,-6.9%,+13.5%
AIR,Extended,Aerospace / defense,Industrials,Capital Goods,Adj,Dec,EPS,CY2028,11.229,11.536,+2.7%,11.498,-0.3%,10.759,-6.4%,179.88,16.7,-4.2%,-9.3%,-6.9%,+13.5%
SAF,Extended,Aerospace / defense,Industrials,Capital Goods,Adj,Dec,EPS,CY2025,7.988,8.243,+3.2%,8.31,+0.8%,8.421,+1.3%,286.3,34.0,+5.4%,-3.7%,-8.9%,+15.4%
SAF,Extended,Aerospace / defense,Industrials,Capital Goods,Adj,Dec,EPS,CY2026,10.008,10.632,+6.2%,10.474,-1.5%,10.022,-4.3%,286.3,28.6,+0.1%,-3.7%,-8.9%,+15.4%
SAF,Extended,Aerospace / defense,Industrials,Capital Goods,Adj,Dec,EPS,CY2027,11.343,12.17,+7.3%,12.143,-0.2%,12.29,+1.2%,286.3,23.3,+8.3%,-3.7%,-8.9%,+15.4%
SAF,Extended,Aerospace / defense,Industrials,Capital Goods,Adj,Dec,EPS,CY2028,12.713,13.698,+7.7%,13.469,-1.7%,13.888,+3.1%,286.3,20.6,+9.2%,-3.7%,-8.9%,+15.4%
RTX,Extended,Aerospace / defense,Industrials,Capital Goods,GAAP,Dec,EPS,CY2025,4.942,5.109,+3.4%,4.874,-4.6%,4.874,+0.0%,176.09,36.1,-1.4%,-4.0%,-10.2%,+36.9%
RTX,Extended,Aerospace / defense,Industrials,Capital Goods,GAAP,Dec,EPS,CY2026,5.677,5.801,+2.2%,5.665,-2.3%,5.751,+1.5%,176.09,30.6,+1.3%,-4.0%,-10.2%,+36.9%
RTX,Extended,Aerospace / defense,Industrials,Capital Goods,GAAP,Dec,EPS,CY2027,6.319,6.644,+5.1%,6.496,-2.2%,6.472,-0.4%,176.09,27.2,+2.4%,-4.0%,-10.2%,+36.9%
RTX,Extended,Aerospace / defense,Industrials,Capital Goods,GAAP,Dec,EPS,CY2028,6.84,7.127,+4.2%,7.181,+0.8%,7.248,+0.9%,176.09,24.3,+6.0%,-4.0%,-10.2%,+36.9%
LMT,Extended,Aerospace / defense,Industrials,Capital Goods,Adj,Dec,EPS,CY2025,27.486,22.47,-18.2%,21.683,-3.5%,21.683,+0.0%,506.51,23.4,-21.1%,+4.7%,-20.6%,+7.0%
LMT,Extended,Aerospace / defense,Industrials,Capital Goods,Adj,Dec,EPS,CY2026,29.765,29.287,-1.6%,29.853,+1.9%,29.896,+0.1%,506.51,16.9,+0.4%,+4.7%,-20.6%,+7.0%
LMT,Extended,Aerospace / defense,Industrials,Capital Goods,Adj,Dec,EPS,CY2027,31.776,31.204,-1.8%,31.921,+2.3%,32.093,+0.5%,506.51,15.8,+1.0%,+4.7%,-20.6%,+7.0%
LMT,Extended,Aerospace / defense,Industrials,Capital Goods,Adj,Dec,EPS,CY2028,32.693,32.78,+0.3%,33.815,+3.2%,34.329,+1.5%,506.51,14.8,+5.0%,+4.7%,-20.6%,+7.0%
GD,Extended,Aerospace / defense,Industrials,Capital Goods,Adj,Dec,EPS,CY2025,14.952,15.358,+2.7%,15.386,+0.2%,15.386,+0.0%,346.53,22.5,+2.9%,+2.9%,-3.8%,+27.6%
GD,Extended,Aerospace / defense,Industrials,Capital Goods,Adj,Dec,EPS,CY2026,16.728,17.227,+3.0%,16.395,-4.8%,16.556,+1.0%,346.53,20.9,-1.0%,+2.9%,-3.8%,+27.6%
GD,Extended,Aerospace / defense,Industrials,Capital Goods,Adj,Dec,EPS,CY2027,18.141,18.834,+3.8%,18.087,-4.0%,18.118,+0.2%,346.53,19.1,-0.1%,+2.9%,-3.8%,+27.6%
GD,Extended,Aerospace / defense,Industrials,Capital Goods,Adj,Dec,EPS,CY2028,19.864,20.631,+3.9%,19.561,-5.2%,19.643,+0.4%,346.53,17.6,-1.1%,+2.9%,-3.8%,+27.6%
NOC,Extended,Aerospace / defense,Industrials,Capital Goods,Adj,Dec,EPS,CY2025,25.347,26.021,+2.7%,26.05,+0.1%,26.05,+0.0%,549.52,21.1,+2.8%,-3.6%,-21.3%,+13.9%
NOC,Extended,Aerospace / defense,Industrials,Capital Goods,Adj,Dec,EPS,CY2026,28.709,28.687,-0.1%,28.104,-2.0%,27.978,-0.4%,549.52,19.6,-2.5%,-3.6%,-21.3%,+13.9%
NOC,Extended,Aerospace / defense,Industrials,Capital Goods,Adj,Dec,EPS,CY2027,30.957,31.071,+0.4%,30.202,-2.8%,30.17,-0.1%,549.52,18.2,-2.5%,-3.6%,-21.3%,+13.9%
NOC,Extended,Aerospace / defense,Industrials,Capital Goods,Adj,Dec,EPS,CY2028,32.864,33.094,+0.7%,32.503,-1.8%,32.747,+0.8%,549.52,16.8,-0.4%,-3.6%,-21.3%,+13.9%
MOG/A,Extended,Aerospace / defense,Industrials,Capital Goods,Adj,Sep,EPS,CY2025,8.183,8.243,+0.7%,8.243,+0.0%,8.243,+0.0%,314.08,38.1,+0.7%,+29.0%,-3.4%,+75.2%
MOG/A,Extended,Aerospace / defense,Industrials,Capital Goods,Adj,Sep,EPS,CY2026,9.5,9.75,+2.6%,10.15,+4.1%,10.607,+4.5%,314.08,29.6,+11.7%,+29.0%,-3.4%,+75.2%
MOG/A,Extended,Aerospace / defense,Industrials,Capital Goods,Adj,Sep,EPS,CY2027,10.883,10.7,-1.7%,11.3,+5.6%,11.59,+2.6%,314.08,27.1,+6.5%,+29.0%,-3.4%,+75.2%
MOG/A,Extended,Aerospace / defense,Industrials,Capital Goods,Adj,Sep,EPS,CY2028,15.01,15.01,+0.0%,12.35,-17.7%,12.35,+0.0%,314.08,25.4,-17.7%,+29.0%,-3.4%,+75.2%
HEI,Extended,Aerospace / defense,Industrials,Capital Goods,Adj,Oct,EPS,CY2025,4.448,4.773,+7.3%,4.782,+0.2%,4.782,+0.0%,292.52,61.2,+7.5%,-9.6%,-9.3%,+10.7%
HEI,Extended,Aerospace / defense,Industrials,Capital Goods,Adj,Oct,EPS,CY2026,4.962,5.374,+8.3%,5.56,+3.5%,5.637,+1.4%,292.52,51.9,+13.6%,-9.6%,-9.3%,+10.7%
HEI,Extended,Aerospace / defense,Industrials,Capital Goods,Adj,Oct,EPS,CY2027,5.586,6.011,+7.6%,6.269,+4.3%,6.278,+0.1%,292.52,46.6,+12.4%,-9.6%,-9.3%,+10.7%
HEI,Extended,Aerospace / defense,Industrials,Capital Goods,Adj,Oct,EPS,CY2028,6.243,6.695,+7.2%,7.084,+5.8%,7.089,+0.1%,292.52,41.3,+13.6%,-9.6%,-9.3%,+10.7%
RR/,Extended,Aerospace / defense,Industrials,Capital Goods,Adj,Dec,EPS,CY2025,0.237,0.286,+20.7%,0.295,+3.1%,0.295,+0.0%,1219.8,41.3,+24.5%,+6.1%,-4.3%,+54.1%
RR/,Extended,Aerospace / defense,Industrials,Capital Goods,Adj,Dec,EPS,CY2026,0.278,0.323,+16.2%,0.326,+0.9%,0.368,+12.9%,1219.8,33.1,+32.4%,+6.1%,-4.3%,+54.1%
RR/,Extended,Aerospace / defense,Industrials,Capital Goods,Adj,Dec,EPS,CY2027,0.32,0.367,+14.7%,0.371,+1.1%,0.435,+17.3%,1219.8,28.0,+35.9%,+6.1%,-4.3%,+54.1%
RR/,Extended,Aerospace / defense,Industrials,Capital Goods,Adj,Dec,EPS,CY2028,0.358,0.405,+13.1%,0.413,+2.0%,0.51,+23.5%,1219.8,23.9,+42.5%,+6.1%,-4.3%,+54.1%
CRS,Extended,Aerospace / defense,Industrials,Capital Goods,Adj,Jun,EPS,CY2025,7.183,7.263,+1.1%,7.263,+0.0%,7.263,+0.0%,427.85,58.9,+1.1%,+35.9%,+17.2%,+101.5%
CRS,Extended,Aerospace / defense,Industrials,Capital Goods,Adj,Jun,EPS,CY2026,8.881,9.869,+11.1%,10.32,+4.6%,10.465,+1.4%,427.85,40.9,+17.8%,+35.9%,+17.2%,+101.5%
CRS,Extended,Aerospace / defense,Industrials,Capital Goods,Adj,Jun,EPS,CY2027,10.998,11.089,+0.8%,12.184,+9.9%,12.468,+2.3%,427.85,34.3,+13.4%,+35.9%,+17.2%,+101.5%
CRS,Extended,Aerospace / defense,Industrials,Capital Goods,Adj,Jun,EPS,CY2028,10.17,12.31,+21.0%,13.915,+13.0%,14.784,+6.2%,427.85,28.9,+45.4%,+35.9%,+17.2%,+101.5%
HWM,Extended,Aerospace / defense,Industrials,Capital Goods,Adj,Dec,EPS,CY2025,3.455,3.663,+6.0%,3.697,+0.9%,3.697,+0.0%,270.56,73.2,+7.0%,+32.0%,+20.2%,+71.9%
HWM,Extended,Aerospace / defense,Industrials,Capital Goods,Adj,Dec,EPS,CY2026,4.083,4.391,+7.5%,4.464,+1.7%,4.85,+8.6%,270.56,55.8,+18.8%,+32.0%,+20.2%,+71.9%
HWM,Extended,Aerospace / defense,Industrials,Capital Goods,Adj,Dec,EPS,CY2027,4.664,5.158,+10.6%,5.229,+1.4%,5.801,+10.9%,270.56,46.6,+24.4%,+32.0%,+20.2%,+71.9%
HWM,Extended,Aerospace / defense,Industrials,Capital Goods,Adj,Dec,EPS,CY2028,5.168,5.896,+14.1%,6.065,+2.9%,6.737,+11.1%,270.56,40.2,+30.4%,+32.0%,+20.2%,+71.9%
WWD,Extended,Aerospace / defense,Industrials,Capital Goods,Adj,Sep,EPS,CY2025,6.279,6.685,+6.5%,6.685,+0.0%,6.685,+0.0%,369.93,55.3,+6.5%,+22.4%,-5.8%,+88.3%
WWD,Extended,Aerospace / defense,Industrials,Capital Goods,Adj,Sep,EPS,CY2026,7.346,7.876,+7.2%,8.539,+8.4%,9.405,+10.1%,369.93,39.3,+28.0%,+22.4%,-5.8%,+88.3%
WWD,Extended,Aerospace / defense,Industrials,Capital Goods,Adj,Sep,EPS,CY2027,8.484,9.103,+7.3%,9.817,+7.8%,10.694,+8.9%,369.93,34.6,+26.0%,+22.4%,-5.8%,+88.3%
WWD,Extended,Aerospace / defense,Industrials,Capital Goods,Adj,Sep,EPS,CY2028,8.395,9.79,+16.6%,11.408,+16.5%,12.561,+10.1%,369.93,29.5,+49.6%,+22.4%,-5.8%,+88.3%
HXL,Extended,Aerospace / defense,Industrials,Capital Goods,Adj,Dec,EPS,CY2025,1.921,1.703,-11.3%,1.696,-0.4%,1.696,+0.0%,95.32,56.2,-11.7%,+29.0%,+10.8%,+84.8%
HXL,Extended,Aerospace / defense,Industrials,Capital Goods,Adj,Dec,EPS,CY2026,2.566,2.357,-8.1%,2.241,-4.9%,2.274,+1.5%,95.32,41.9,-11.4%,+29.0%,+10.8%,+84.8%
HXL,Extended,Aerospace / defense,Industrials,Capital Goods,Adj,Dec,EPS,CY2027,3.208,3.399,+6.0%,3.19,-6.1%,3.179,-0.3%,95.32,30.0,-0.9%,+29.0%,+10.8%,+84.8%
HXL,Extended,Aerospace / defense,Industrials,Capital Goods,Adj,Dec,EPS,CY2028,4.044,4.092,+1.2%,3.862,-5.6%,3.86,-0.1%,95.32,24.7,-4.5%,+29.0%,+10.8%,+84.8%
AL,Extended,Aerospace / defense,Industrials,Capital Goods,Adj,Dec,EPS,CY2025,6.654,5.815,-12.6%,8.91,+53.2%,8.91,+0.0%,65.0,7.3,+33.9%,+1.2%,+0.7%,+21.2%
AL,Extended,Aerospace / defense,Industrials,Capital Goods,Adj,Dec,EPS,CY2026,7.354,7.1,-3.5%,6.36,-10.4%,7.2,+13.2%,65.0,9.0,-2.1%,+1.2%,+0.7%,+21.2%
AL,Extended,Aerospace / defense,Industrials,Capital Goods,Adj,Dec,EPS,CY2027,8.25,8.43,+2.2%,7.863,-6.7%,8.04,+2.3%,65.0,8.1,-2.5%,+1.2%,+0.7%,+21.2%
AL,Extended,Aerospace / defense,Industrials,Capital Goods,Adj,Dec,EPS,CY2028,,,,8.49,,8.55,+0.7%,65.0,7.6,,+1.2%,+0.7%,+21.2%
2588,Extended,Aerospace / defense,Industrials,Capital Goods,Adj,Dec,EPS,CY2025,1.033,1.018,-1.5%,1.043,+2.5%,1.045,+0.2%,81.95,78.4,+1.2%,+12.6%,-6.4%,+36.6%
2588,Extended,Aerospace / defense,Industrials,Capital Goods,Adj,Dec,EPS,CY2026,1.152,1.16,+0.7%,1.168,+0.7%,1.2,+2.7%,81.95,68.3,+4.2%,+12.6%,-6.4%,+36.6%
2588,Extended,Aerospace / defense,Industrials,Capital Goods,Adj,Dec,EPS,CY2027,1.24,1.281,+3.3%,1.285,+0.3%,1.37,+6.6%,81.95,59.8,+10.5%,+12.6%,-6.4%,+36.6%
2588,Extended,Aerospace / defense,Industrials,Capital Goods,Adj,Dec,EPS,CY2028,,,,,,1.506,,81.95,54.4,,+12.6%,-6.4%,+36.6%
FDS,Extended,Data / Information Svc,Financials,Financial Services,Adj,Aug,EPS,CY2025,17.09,17.095,+0.0%,17.095,+0.0%,17.095,+0.0%,223.61,13.1,+0.0%,-22.9%,+10.0%,-50.8%
FDS,Extended,Data / Information Svc,Financials,Financial Services,Adj,Aug,EPS,CY2026,18.358,17.321,-5.6%,17.531,+1.2%,17.709,+1.0%,223.61,12.6,-3.5%,-22.9%,+10.0%,-50.8%
FDS,Extended,Data / Information Svc,Financials,Financial Services,Adj,Aug,EPS,CY2027,19.951,18.781,-5.9%,19.037,+1.4%,19.495,+2.4%,223.61,11.5,-2.3%,-22.9%,+10.0%,-50.8%
FDS,Extended,Data / Information Svc,Financials,Financial Services,Adj,Aug,EPS,CY2028,21.933,20.25,-7.7%,20.814,+2.8%,21.417,+2.9%,223.61,10.4,-2.4%,-22.9%,+10.0%,-50.8%
EXPN,Extended,Data / Information Svc,Industrials,Commercial & Professional Serv,Adj,Mar,EPS,CY2025,1.749,1.759,+0.6%,1.779,+1.1%,1.782,+0.2%,2645.5,14.8,+1.9%,-21.3%,+5.8%,-31.0%
EXPN,Extended,Data / Information Svc,Industrials,Commercial & Professional Serv,Adj,Mar,EPS,CY2026,1.965,1.987,+1.1%,2.021,+1.7%,2.02,-0.0%,2645.5,13.1,+2.8%,-21.3%,+5.8%,-31.0%
EXPN,Extended,Data / Information Svc,Industrials,Commercial & Professional Serv,Adj,Mar,EPS,CY2027,2.25,2.238,-0.5%,2.3,+2.8%,2.294,-0.3%,2645.5,11.5,+2.0%,-21.3%,+5.8%,-31.0%
EXPN,Extended,Data / Information Svc,Industrials,Commercial & Professional Serv,Adj,Mar,EPS,CY2028,2.53,2.494,-1.4%,2.565,+2.8%,2.568,+0.1%,2645.5,10.3,+1.5%,-21.3%,+5.8%,-31.0%
EFX,Extended,Data / Information Svc,Industrials,Commercial & Professional Serv,Adj,Dec,EPS,CY2025,7.598,7.6,+0.0%,7.618,+0.2%,7.618,+0.0%,175.83,23.1,+0.3%,-19.0%,-11.9%,-34.9%
EFX,Extended,Data / Information Svc,Industrials,Commercial & Professional Serv,Adj,Dec,EPS,CY2026,9.297,8.876,-4.5%,8.675,-2.3%,8.605,-0.8%,175.83,20.4,-7.4%,-19.0%,-11.9%,-34.9%
EFX,Extended,Data / Information Svc,Industrials,Commercial & Professional Serv,Adj,Dec,EPS,CY2027,11.844,10.688,-9.8%,10.432,-2.4%,10.266,-1.6%,175.83,17.1,-13.3%,-19.0%,-11.9%,-34.9%
EFX,Extended,Data / Information Svc,Industrials,Commercial & Professional Serv,Adj,Dec,EPS,CY2028,13.875,12.581,-9.3%,12.408,-1.4%,12.404,-0.0%,175.83,14.2,-10.6%,-19.0%,-11.9%,-34.9%
TRU,Extended,Data / Information Svc,Industrials,Commercial & Professional Serv,Adj,Dec,EPS,CY2025,4.087,4.215,+3.1%,4.24,+0.6%,4.24,+0.0%,72.0,17.0,+3.7%,-16.0%,-3.9%,-16.4%
TRU,Extended,Data / Information Svc,Industrials,Commercial & Professional Serv,Adj,Dec,EPS,CY2026,4.787,4.827,+0.8%,4.851,+0.5%,4.757,-1.9%,72.0,15.1,-0.6%,-16.0%,-3.9%,-16.4%
TRU,Extended,Data / Information Svc,Industrials,Commercial & Professional Serv,Adj,Dec,EPS,CY2027,5.672,5.582,-1.6%,5.62,+0.7%,5.525,-1.7%,72.0,13.0,-2.6%,-16.0%,-3.9%,-16.4%
TRU,Extended,Data / Information Svc,Industrials,Commercial & Professional Serv,Adj,Dec,EPS,CY2028,6.448,6.347,-1.6%,6.418,+1.1%,6.594,+2.7%,72.0,10.9,+2.3%,-16.0%,-3.9%,-16.4%
ADP,Extended,Data / Information Svc,Industrials,Commercial & Professional Serv,Adj,Jun,EPS,CY2025,9.986,9.975,-0.1%,9.975,+0.0%,9.975,+0.0%,212.995,21.4,-0.1%,-17.2%,-6.0%,-30.8%
ADP,Extended,Data / Information Svc,Industrials,Commercial & Professional Serv,Adj,Jun,EPS,CY2026,10.866,10.913,+0.4%,10.963,+0.5%,11.067,+0.9%,212.995,19.2,+1.8%,-17.2%,-6.0%,-30.8%
ADP,Extended,Data / Information Svc,Industrials,Commercial & Professional Serv,Adj,Jun,EPS,CY2027,11.791,11.944,+1.3%,11.933,-0.1%,12.157,+1.9%,212.995,17.5,+3.1%,-17.2%,-6.0%,-30.8%
ADP,Extended,Data / Information Svc,Industrials,Commercial & Professional Serv,Adj,Jun,EPS,CY2028,12.657,13.033,+3.0%,12.951,-0.6%,13.252,+2.3%,212.995,16.1,+4.7%,-17.2%,-6.0%,-30.8%
PAYX,Extended,Data / Information Svc,Industrials,Commercial & Professional Serv,Adj,May,EPS,CY2025,4.993,4.996,+0.1%,4.996,+0.0%,4.996,+0.0%,93.93,18.8,+0.1%,-16.3%,-4.2%,-38.1%
PAYX,Extended,Data / Information Svc,Industrials,Commercial & Professional Serv,Adj,May,EPS,CY2026,5.314,5.436,+2.3%,5.483,+0.9%,5.499,+0.3%,93.93,17.1,+3.5%,-16.3%,-4.2%,-38.1%
PAYX,Extended,Data / Information Svc,Industrials,Commercial & Professional Serv,Adj,May,EPS,CY2027,5.684,5.862,+3.1%,5.933,+1.2%,5.915,-0.3%,93.93,15.9,+4.1%,-16.3%,-4.2%,-38.1%
PAYX,Extended,Data / Information Svc,Industrials,Commercial & Professional Serv,Adj,May,EPS,CY2028,5.75,6.19,+7.7%,6.247,+0.9%,6.262,+0.2%,93.93,15.0,+8.9%,-16.3%,-4.2%,-38.1%
PAYC,Extended,Data / Information Svc,Industrials,Commercial & Professional Serv,Adj,Dec,EPS,CY2025,8.97,9.269,+3.3%,9.269,+0.0%,9.269,+0.0%,136.87,14.8,+3.3%,-14.1%,+5.8%,-45.8%
PAYC,Extended,Data / Information Svc,Industrials,Commercial & Professional Serv,Adj,Dec,EPS,CY2026,9.918,10.083,+1.7%,10.045,-0.4%,10.868,+8.2%,136.87,12.6,+9.6%,-14.1%,+5.8%,-45.8%
PAYC,Extended,Data / Information Svc,Industrials,Commercial & Professional Serv,Adj,Dec,EPS,CY2027,11.378,11.304,-0.7%,11.215,-0.8%,12.112,+8.0%,136.87,11.3,+6.5%,-14.1%,+5.8%,-45.8%
PAYC,Extended,Data / Information Svc,Industrials,Commercial & Professional Serv,Adj,Dec,EPS,CY2028,12.855,13.05,+1.5%,12.726,-2.5%,13.561,+6.6%,136.87,10.1,+5.5%,-14.1%,+5.8%,-45.8%
MKTX,Extended,Data / Information Svc,Financials,Financial Services,Adj,Dec,EPS,CY2025,7.542,7.092,-6.0%,7.143,+0.7%,7.143,+0.0%,147.53,20.7,-5.3%,-18.6%,-13.8%,-36.2%
MKTX,Extended,Data / Information Svc,Financials,Financial Services,Adj,Dec,EPS,CY2026,8.501,8.108,-4.6%,8.154,+0.6%,8.136,-0.2%,147.53,18.1,-4.3%,-18.6%,-13.8%,-36.2%
MKTX,Extended,Data / Information Svc,Financials,Financial Services,Adj,Dec,EPS,CY2027,9.973,9.173,-8.0%,9.027,-1.6%,8.953,-0.8%,147.53,16.5,-10.2%,-18.6%,-13.8%,-36.2%
MKTX,Extended,Data / Information Svc,Financials,Financial Services,Adj,Dec,EPS,CY2028,11.197,10.403,-7.1%,10.224,-1.7%,10.152,-0.7%,147.53,14.5,-9.3%,-18.6%,-13.8%,-36.2%
VRSK,Extended,Data / Information Svc,Industrials,Commercial & Professional Serv,Adj,Dec,EPS,CY2025,7.034,6.959,-1.1%,6.942,-0.2%,6.948,+0.1%,171.87,24.7,-1.2%,-23.2%,-3.6%,-44.5%
VRSK,Extended,Data / Information Svc,Industrials,Commercial & Professional Serv,Adj,Dec,EPS,CY2026,7.895,7.726,-2.1%,7.727,+0.0%,7.641,-1.1%,171.87,22.5,-3.2%,-23.2%,-3.6%,-44.5%
VRSK,Extended,Data / Information Svc,Industrials,Commercial & Professional Serv,Adj,Dec,EPS,CY2027,8.793,8.656,-1.6%,8.637,-0.2%,8.659,+0.3%,171.87,19.8,-1.5%,-23.2%,-3.6%,-44.5%
VRSK,Extended,Data / Information Svc,Industrials,Commercial & Professional Serv,Adj,Dec,EPS,CY2028,9.92,9.817,-1.0%,10.654,+8.5%,9.679,-9.2%,171.87,17.8,-2.4%,-23.2%,-3.6%,-44.5%
EXPE,Extended,Travel / tourism,Consumer Discretionary,Consumer Services,Adj,Dec,EPS,CY2025,14.134,14.859,+5.1%,15.419,+3.8%,15.43,+0.1%,229.98,14.9,+9.2%,-18.8%,-2.7%,+46.8%
EXPE,Extended,Travel / tourism,Consumer Discretionary,Consumer Services,Adj,Dec,EPS,CY2026,16.767,17.711,+5.6%,18.208,+2.8%,19.581,+7.5%,229.98,11.7,+16.8%,-18.8%,-2.7%,+46.8%
EXPE,Extended,Travel / tourism,Consumer Discretionary,Consumer Services,Adj,Dec,EPS,CY2027,19.298,20.197,+4.7%,21.537,+6.6%,22.991,+6.8%,229.98,10.0,+19.1%,-18.8%,-2.7%,+46.8%
EXPE,Extended,Travel / tourism,Consumer Discretionary,Consumer Services,Adj,Dec,EPS,CY2028,23.381,22.858,-2.2%,25.668,+12.3%,27.184,+5.9%,229.98,8.5,+16.3%,-18.8%,-2.7%,+46.8%
TRIP,Extended,Travel / tourism,Communication Services,Media & Entertainment,Adj,Dec,EPS,CY2025,1.423,1.397,-1.8%,1.381,-1.1%,1.381,+0.0%,10.45,7.6,-3.0%,-28.2%,-18.4%,-30.4%
TRIP,Extended,Travel / tourism,Communication Services,Media & Entertainment,Adj,Dec,EPS,CY2026,1.603,1.827,+14.0%,1.737,-4.9%,1.362,-21.6%,10.45,7.7,-15.0%,-28.2%,-18.4%,-30.4%
TRIP,Extended,Travel / tourism,Communication Services,Media & Entertainment,Adj,Dec,EPS,CY2027,2.143,2.315,+8.0%,2.148,-7.2%,1.578,-26.5%,10.45,6.6,-26.4%,-28.2%,-18.4%,-30.4%
TRIP,Extended,Travel / tourism,Communication Services,Media & Entertainment,Adj,Dec,EPS,CY2028,2.838,3.18,+12.1%,3.087,-2.9%,2.02,-34.6%,10.45,5.2,-28.8%,-28.2%,-18.4%,-30.4%
UHAL,Extended,Travel / tourism,Industrials,Transportation,Adj,Mar,EPS,CY2025,,0.783,,0.558,-28.7%,0.407,-27.1%,52.82,129.8,,+4.8%,+8.2%,-17.2%
UHAL,Extended,Travel / tourism,Industrials,Transportation,Adj,Mar,EPS,CY2026,,1.31,,0.965,-26.3%,0.845,-12.4%,52.82,62.5,,+4.8%,+8.2%,-17.2%
UHAL,Extended,Travel / tourism,Industrials,Transportation,Adj,Mar,EPS,CY2027,,,,,,,,52.82,,,+4.8%,+8.2%,-17.2%
UHAL,Extended,Travel / tourism,Industrials,Transportation,Adj,Mar,EPS,CY2028,,,,,,,,52.82,,,+4.8%,+8.2%,-17.2%
MGM,Extended,Travel / tourism,Consumer Discretionary,Consumer Services,Adj,Dec,EPS,CY2025,2.094,2.047,-2.2%,2.219,+8.4%,2.219,+0.0%,38.79,17.5,+6.0%,+6.3%,+1.9%,+19.1%
MGM,Extended,Travel / tourism,Consumer Discretionary,Consumer Services,Adj,Dec,EPS,CY2026,2.444,2.074,-15.1%,1.887,-9.0%,1.931,+2.3%,38.79,20.1,-21.0%,+6.3%,+1.9%,+19.1%
MGM,Extended,Travel / tourism,Consumer Discretionary,Consumer Services,Adj,Dec,EPS,CY2027,2.951,2.896,-1.9%,2.417,-16.5%,2.321,-4.0%,38.79,16.7,-21.3%,+6.3%,+1.9%,+19.1%
MGM,Extended,Travel / tourism,Consumer Discretionary,Consumer Services,Adj,Dec,EPS,CY2028,3.865,3.775,-2.3%,3.276,-13.2%,3.02,-7.8%,38.79,12.8,-21.9%,+6.3%,+1.9%,+19.1%
WYNN,Extended,Travel / tourism,Consumer Discretionary,Consumer Services,Adj,Dec,EPS,CY2025,4.969,4.671,-6.0%,4.518,-3.3%,4.518,+0.0%,102.42,22.7,-9.1%,-14.9%,-12.4%,+16.5%
WYNN,Extended,Travel / tourism,Consumer Discretionary,Consumer Services,Adj,Dec,EPS,CY2026,5.531,5.89,+6.5%,5.811,-1.3%,5.349,-8.0%,102.42,19.1,-3.3%,-14.9%,-12.4%,+16.5%
WYNN,Extended,Travel / tourism,Consumer Discretionary,Consumer Services,Adj,Dec,EPS,CY2027,5.892,6.476,+9.9%,6.182,-4.5%,5.539,-10.4%,102.42,18.5,-6.0%,-14.9%,-12.4%,+16.5%
WYNN,Extended,Travel / tourism,Consumer Discretionary,Consumer Services,Adj,Dec,EPS,CY2028,8.215,8.645,+5.2%,7.883,-8.8%,6.492,-17.6%,102.42,15.8,-21.0%,-14.9%,-12.4%,+16.5%
H,Extended,Travel / tourism,Consumer Discretionary,Consumer Services,Adj,Dec,EPS,CY2025,2.578,2.008,-22.1%,1.329,-33.8%,1.329,+0.0%,167.6,126.1,-48.4%,+4.5%,+5.0%,+31.9%
H,Extended,Travel / tourism,Consumer Discretionary,Consumer Services,Adj,Dec,EPS,CY2026,3.645,3.886,+6.6%,3.591,-7.6%,3.426,-4.6%,167.6,48.9,-6.0%,+4.5%,+5.0%,+31.9%
H,Extended,Travel / tourism,Consumer Discretionary,Consumer Services,Adj,Dec,EPS,CY2027,4.467,4.861,+8.8%,4.584,-5.7%,4.753,+3.7%,167.6,35.3,+6.4%,+4.5%,+5.0%,+31.9%
H,Extended,Travel / tourism,Consumer Discretionary,Consumer Services,Adj,Dec,EPS,CY2028,7.068,7.243,+2.5%,6.223,-14.1%,5.812,-6.6%,167.6,28.8,-17.8%,+4.5%,+5.0%,+31.9%
IHG,Extended,Travel / tourism,Consumer Discretionary,Consumer Services,Adj,Dec,EPS,CY2025,4.966,5.027,+1.2%,4.975,-1.0%,4.984,+0.2%,149.7,0.3,+0.4%,+6.4%,+5.4%,+30.7%
IHG,Extended,Travel / tourism,Consumer Discretionary,Consumer Services,Adj,Dec,EPS,CY2026,5.602,5.627,+0.4%,5.603,-0.4%,5.729,+2.2%,149.7,0.3,+2.3%,+6.4%,+5.4%,+30.7%
IHG,Extended,Travel / tourism,Consumer Discretionary,Consumer Services,Adj,Dec,EPS,CY2027,6.274,6.322,+0.8%,6.31,-0.2%,6.464,+2.4%,149.7,0.2,+3.0%,+6.4%,+5.4%,+30.7%
IHG,Extended,Travel / tourism,Consumer Discretionary,Consumer Services,Adj,Dec,EPS,CY2028,7.097,7.234,+1.9%,7.358,+1.7%,7.295,-0.9%,149.7,0.2,+2.8%,+6.4%,+5.4%,+30.7%
AMS,Extended,Travel / tourism,Consumer Discretionary,Consumer Services,Adj,Dec,EPS,CY2025,3.237,3.139,-3.0%,3.129,-0.3%,3.123,-0.2%,51.78,16.6,-3.5%,-17.6%,-0.8%,-23.7%
AMS,Extended,Travel / tourism,Consumer Discretionary,Consumer Services,Adj,Dec,EPS,CY2026,3.656,3.505,-4.1%,3.48,-0.7%,3.397,-2.4%,51.78,15.2,-7.1%,-17.6%,-0.8%,-23.7%
AMS,Extended,Travel / tourism,Consumer Discretionary,Consumer Services,Adj,Dec,EPS,CY2027,4.094,3.892,-4.9%,3.843,-1.3%,3.81,-0.9%,51.78,13.6,-6.9%,-17.6%,-0.8%,-23.7%
AMS,Extended,Travel / tourism,Consumer Discretionary,Consumer Services,Adj,Dec,EPS,CY2028,4.586,4.334,-5.5%,4.194,-3.2%,4.212,+0.4%,51.78,12.3,-8.2%,-17.6%,-0.8%,-23.7%
SABR,Extended,Travel / tourism,Consumer Discretionary,Consumer Services,Adj,Dec,EPS,CY2025,0.144,-0.048,-133.3%,-0.064,-33.3%,-0.065,-1.6%,2.06,-31.7,-145.1%,+51.5%,+80.7%,-19.8%
SABR,Extended,Travel / tourism,Consumer Discretionary,Consumer Services,Adj,Dec,EPS,CY2026,0.303,0.199,-34.3%,0.154,-22.6%,-0.007,-104.5%,2.06,-294.3,-102.3%,+51.5%,+80.7%,-19.8%
SABR,Extended,Travel / tourism,Consumer Discretionary,Consumer Services,Adj,Dec,EPS,CY2027,0.352,0.245,-30.4%,0.193,-21.2%,0.159,-17.6%,2.06,13.0,-54.8%,+51.5%,+80.7%,-19.8%
SABR,Extended,Travel / tourism,Consumer Discretionary,Consumer Services,Adj,Dec,EPS,CY2028,0.467,0.327,-30.0%,0.37,+13.1%,0.196,-47.0%,2.06,10.5,-58.0%,+51.5%,+80.7%,-19.8%
EFN,Extended,Travel / tourism,Industrials,Commercial & Professional Serv,Adj,Dec,EPS,CY2025,1.21,1.24,+2.5%,1.245,+0.4%,1.245,+0.0%,28.0,22.5,+2.9%,-22.3%,-21.4%,-10.7%
EFN,Extended,Travel / tourism,Industrials,Commercial & Professional Serv,Adj,Dec,EPS,CY2026,1.373,1.423,+3.6%,1.421,-0.1%,1.417,-0.3%,28.0,19.8,+3.2%,-22.3%,-21.4%,-10.7%
EFN,Extended,Travel / tourism,Industrials,Commercial & Professional Serv,Adj,Dec,EPS,CY2027,1.53,1.618,+5.8%,1.562,-3.5%,1.563,+0.1%,28.0,17.9,+2.2%,-22.3%,-21.4%,-10.7%
EFN,Extended,Travel / tourism,Industrials,Commercial & Professional Serv,Adj,Dec,EPS,CY2028,,,,,,,,28.0,,,-22.3%,-21.4%,-10.7%
CAR,Extended,Travel / tourism,Industrials,Transportation,Adj,Dec,EPS,CY2025,9.351,1.906,-79.6%,0.259,-86.4%,0.259,+0.0%,145.75,562.7,-97.2%,+13.6%,+22.8%,+40.0%
CAR,Extended,Travel / tourism,Industrials,Transportation,Adj,Dec,EPS,CY2026,13.243,9.642,-27.2%,8.721,-9.6%,4.056,-53.5%,145.75,35.9,-69.4%,+13.6%,+22.8%,+40.0%
CAR,Extended,Travel / tourism,Industrials,Transportation,Adj,Dec,EPS,CY2027,11.428,11.51,+0.7%,10.592,-8.0%,7.823,-26.1%,145.75,18.6,-31.5%,+13.6%,+22.8%,+40.0%
CAR,Extended,Travel / tourism,Industrials,Transportation,Adj,Dec,EPS,CY2028,21.83,20.41,-6.5%,20.41,+0.0%,8.587,-57.9%,145.75,17.0,-60.7%,+13.6%,+22.8%,+40.0%
HTZ,Extended,Travel / tourism,Industrials,Transportation,Adj,Dec,EPS,CY2025,-1.275,-1.895,-48.6%,-1.896,-0.1%,-1.896,+0.0%,6.05,-3.2,-48.7%,+17.7%,+14.6%,-10.0%
HTZ,Extended,Travel / tourism,Industrials,Transportation,Adj,Dec,EPS,CY2026,-0.104,-0.606,-482.7%,-0.502,+17.2%,-0.687,-36.9%,6.05,-8.8,-560.6%,+17.7%,+14.6%,-10.0%
HTZ,Extended,Travel / tourism,Industrials,Transportation,Adj,Dec,EPS,CY2027,,0.114,,0.213,+86.8%,0.172,-19.2%,6.05,35.2,,+17.7%,+14.6%,-10.0%
HTZ,Extended,Travel / tourism,Industrials,Transportation,Adj,Dec,EPS,CY2028,,0.22,,0.19,-13.6%,0.438,+130.5%,6.05,13.8,,+17.7%,+14.6%,-10.0%
DAL,Extended,Travel / tourism,Industrials,Transportation,Adj,Dec,EPS,CY2025,5.352,6.017,+12.4%,5.801,-3.6%,5.801,+0.0%,73.33,12.6,+8.4%,+5.7%,-2.2%,+51.7%
DAL,Extended,Travel / tourism,Industrials,Transportation,Adj,Dec,EPS,CY2026,6.63,7.133,+7.6%,7.163,+0.4%,5.453,-23.9%,73.33,13.4,-17.8%,+5.7%,-2.2%,+51.7%
DAL,Extended,Travel / tourism,Industrials,Transportation,Adj,Dec,EPS,CY2027,7.701,7.901,+2.6%,8.167,+3.4%,7.808,-4.4%,73.33,9.4,+1.4%,+5.7%,-2.2%,+51.7%
DAL,Extended,Travel / tourism,Industrials,Transportation,Adj,Dec,EPS,CY2028,8.62,8.01,-7.1%,8.809,+10.0%,8.957,+1.7%,73.33,8.2,+3.9%,+5.7%,-2.2%,+51.7%
UAL,Extended,Travel / tourism,Industrials,Transportation,Adj,Dec,EPS,CY2025,10.103,10.804,+6.9%,10.435,-3.4%,10.435,+0.0%,99.58,9.5,+3.3%,-10.9%,-14.3%,+28.9%
UAL,Extended,Travel / tourism,Industrials,Transportation,Adj,Dec,EPS,CY2026,12.239,12.908,+5.5%,13.374,+3.6%,9.252,-30.8%,99.58,10.8,-24.4%,-10.9%,-14.3%,+28.9%
UAL,Extended,Travel / tourism,Industrials,Transportation,Adj,Dec,EPS,CY2027,13.909,14.109,+1.4%,15.32,+8.6%,14.018,-8.5%,99.58,7.1,+0.8%,-10.9%,-14.3%,+28.9%
UAL,Extended,Travel / tourism,Industrials,Transportation,Adj,Dec,EPS,CY2028,13.68,13.688,+0.1%,16.402,+19.8%,16.502,+0.6%,99.58,6.0,+20.6%,-10.9%,-14.3%,+28.9%
AAL,Extended,Travel / tourism,Industrials,Transportation,Adj,Dec,EPS,CY2025,0.955,0.737,-22.8%,0.512,-30.5%,0.512,+0.0%,13.35,26.1,-46.4%,-12.9%,-10.9%,+20.2%
AAL,Extended,Travel / tourism,Industrials,Transportation,Adj,Dec,EPS,CY2026,1.965,1.921,-2.2%,2.143,+11.6%,-0.117,-105.5%,13.35,-114.1,-106.0%,-12.9%,-10.9%,+20.2%
AAL,Extended,Travel / tourism,Industrials,Transportation,Adj,Dec,EPS,CY2027,2.632,2.525,-4.1%,2.818,+11.6%,2.203,-21.8%,13.35,6.1,-16.3%,-12.9%,-10.9%,+20.2%
AAL,Extended,Travel / tourism,Industrials,Transportation,Adj,Dec,EPS,CY2028,3.705,2.97,-19.8%,3.3,+11.1%,3.122,-5.4%,13.35,4.3,-15.7%,-12.9%,-10.9%,+20.2%
LHA,Extended,Travel / tourism,Industrials,Transportation,Adj,Dec,EPS,CY2025,1.033,1.118,+8.2%,1.091,-2.4%,1.098,+0.6%,8.14,7.4,+6.3%,-3.2%,-14.3%,+29.7%
LHA,Extended,Travel / tourism,Industrials,Transportation,Adj,Dec,EPS,CY2026,1.3,1.254,-3.5%,1.299,+3.6%,0.98,-24.6%,8.14,8.3,-24.6%,-3.2%,-14.3%,+29.7%
LHA,Extended,Travel / tourism,Industrials,Transportation,Adj,Dec,EPS,CY2027,1.504,1.45,-3.6%,1.493,+3.0%,1.333,-10.7%,8.14,6.1,-11.4%,-3.2%,-14.3%,+29.7%
LHA,Extended,Travel / tourism,Industrials,Transportation,Adj,Dec,EPS,CY2028,1.675,1.659,-1.0%,1.668,+0.5%,1.595,-4.4%,8.14,5.1,-4.8%,-3.2%,-14.3%,+29.7%
RYAAY,Extended,Travel / tourism,Industrials,Transportation,Adj,Mar,EPS,CY2025,3.715,4.156,+11.9%,4.2,+1.1%,4.183,-0.4%,58.07,13.9,+12.6%,-19.6%,-16.5%,+16.6%
RYAAY,Extended,Travel / tourism,Industrials,Transportation,Adj,Mar,EPS,CY2026,4.149,4.738,+14.2%,4.903,+3.5%,4.673,-4.7%,58.07,12.4,+12.6%,-19.6%,-16.5%,+16.6%
RYAAY,Extended,Travel / tourism,Industrials,Transportation,Adj,Mar,EPS,CY2027,5.082,5.146,+1.3%,5.312,+3.2%,5.125,-3.5%,58.07,11.3,+0.8%,-19.6%,-16.5%,+16.6%
RYAAY,Extended,Travel / tourism,Industrials,Transportation,Adj,Mar,EPS,CY2028,5.535,5.297,-4.3%,5.823,+9.9%,6.06,+4.1%,58.07,9.6,+9.5%,-19.6%,-16.5%,+16.6%
LUV,Extended,Travel / tourism,Industrials,Transportation,Adj,Dec,EPS,CY2025,1.156,1.107,-4.2%,0.951,-14.1%,0.951,+0.0%,41.31,43.4,-17.7%,-0.0%,-22.6%,+32.5%
LUV,Extended,Travel / tourism,Industrials,Transportation,Adj,Dec,EPS,CY2026,2.549,2.664,+4.5%,4.118,+54.6%,2.74,-33.5%,41.31,15.1,+7.5%,-0.0%,-22.6%,+32.5%
LUV,Extended,Travel / tourism,Industrials,Transportation,Adj,Dec,EPS,CY2027,3.462,3.591,+3.7%,5.006,+39.4%,4.582,-8.5%,41.31,9.0,+32.4%,-0.0%,-22.6%,+32.5%
LUV,Extended,Travel / tourism,Industrials,Transportation,Adj,Dec,EPS,CY2028,3.4,3.845,+13.1%,5.385,+40.1%,5.085,-5.6%,41.31,8.1,+49.6%,-0.0%,-22.6%,+32.5%
ULCC,Extended,Travel / tourism,Industrials,Transportation,Adj,Dec,EPS,CY2025,-0.135,-0.707,-423.7%,-0.709,-0.3%,-0.709,+0.0%,5.29,-7.5,-425.2%,+12.3%,-16.8%,+36.3%
ULCC,Extended,Travel / tourism,Industrials,Transportation,Adj,Dec,EPS,CY2026,0.42,0.045,-89.3%,0.09,+100.0%,-1.12,-1344.4%,5.29,-4.7,-366.7%,+12.3%,-16.8%,+36.3%
ULCC,Extended,Travel / tourism,Industrials,Transportation,Adj,Dec,EPS,CY2027,0.985,0.582,-40.9%,0.589,+1.2%,0.138,-76.6%,5.29,38.3,-86.0%,+12.3%,-16.8%,+36.3%
ULCC,Extended,Travel / tourism,Industrials,Transportation,Adj,Dec,EPS,CY2028,0.85,1.01,+18.8%,1.05,+4.0%,0.571,-45.6%,5.29,9.3,-32.8%,+12.3%,-16.8%,+36.3%
MTN,Extended,Travel / tourism,Consumer Discretionary,Consumer Services,Adj,Jul,EPS,CY2025,7.663,7.754,+1.2%,7.754,+0.0%,7.754,+0.0%,125.42,16.2,+1.2%,-5.6%,-11.1%,-13.1%
MTN,Extended,Travel / tourism,Consumer Discretionary,Consumer Services,Adj,Jul,EPS,CY2026,8.088,6.793,-16.0%,6.785,-0.1%,4.728,-30.3%,125.42,26.5,-41.5%,-5.6%,-11.1%,-13.1%
MTN,Extended,Travel / tourism,Consumer Discretionary,Consumer Services,Adj,Jul,EPS,CY2027,8.883,7.812,-12.1%,7.869,+0.7%,6.95,-11.7%,125.42,18.0,-21.8%,-5.6%,-11.1%,-13.1%
MTN,Extended,Travel / tourism,Consumer Discretionary,Consumer Services,Adj,Jul,EPS,CY2028,,8.75,,8.712,-0.4%,7.521,-13.7%,125.42,16.7,,-5.6%,-11.1%,-13.1%
RCL,Extended,Travel / tourism,Consumer Discretionary,Consumer Services,Adj,Dec,EPS,CY2025,15.211,15.654,+2.9%,15.651,-0.0%,15.651,+0.0%,275.24,17.6,+2.9%,-1.3%,-20.9%,+18.0%
RCL,Extended,Travel / tourism,Consumer Discretionary,Consumer Services,Adj,Dec,EPS,CY2026,17.605,17.916,+1.8%,18.11,+1.1%,17.328,-4.3%,275.24,15.9,-1.6%,-1.3%,-20.9%,+18.0%
RCL,Extended,Travel / tourism,Consumer Discretionary,Consumer Services,Adj,Dec,EPS,CY2027,20.171,20.537,+1.8%,20.728,+0.9%,20.012,-3.5%,275.24,13.8,-0.8%,-1.3%,-20.9%,+18.0%
RCL,Extended,Travel / tourism,Consumer Discretionary,Consumer Services,Adj,Dec,EPS,CY2028,23.13,23.144,+0.1%,23.771,+2.7%,22.878,-3.8%,275.24,12.0,-1.1%,-1.3%,-20.9%,+18.0%
CCL,Extended,Travel / tourism,Consumer Discretionary,Consumer Services,Adj,Nov,EPS,CY2025,1.835,2.137,+16.5%,2.135,-0.1%,2.135,+0.0%,26.38,12.4,+16.3%,-13.6%,-19.6%,+30.7%
CCL,Extended,Travel / tourism,Consumer Discretionary,Consumer Services,Adj,Nov,EPS,CY2026,2.109,2.411,+14.3%,2.555,+6.0%,2.257,-11.7%,26.38,11.7,+7.0%,-13.6%,-19.6%,+30.7%
CCL,Extended,Travel / tourism,Consumer Discretionary,Consumer Services,Adj,Nov,EPS,CY2027,2.457,2.745,+11.7%,2.831,+3.1%,2.649,-6.4%,26.38,10.0,+7.8%,-13.6%,-19.6%,+30.7%
CCL,Extended,Travel / tourism,Consumer Discretionary,Consumer Services,Adj,Nov,EPS,CY2028,,3.165,,3.189,+0.8%,2.991,-6.2%,26.38,8.8,,-13.6%,-19.6%,+30.7%
PK,Extended,Travel / tourism,Real Estate,Equity Real Estate Investment,Adj,Dec,EPS,CY2025,0.832,-0.363,-143.6%,-0.322,+11.3%,-0.294,+8.7%,11.32,-38.5,-135.3%,+8.2%,-1.5%,+9.1%
PK,Extended,Travel / tourism,Real Estate,Equity Real Estate Investment,Adj,Dec,EPS,CY2026,0.823,0.486,-40.9%,0.356,-26.7%,0.414,+16.3%,11.32,27.3,-49.7%,+8.2%,-1.5%,+9.1%
PK,Extended,Travel / tourism,Real Estate,Equity Real Estate Investment,Adj,Dec,EPS,CY2027,0.798,0.221,-72.3%,0.361,+63.3%,0.702,+94.5%,11.32,16.1,-12.0%,+8.2%,-1.5%,+9.1%
PK,Extended,Travel / tourism,Real Estate,Equity Real Estate Investment,Adj,Dec,EPS,CY2028,1.013,0.335,-66.9%,0.53,+58.2%,0.918,+73.2%,11.32,12.3,-9.4%,+8.2%,-1.5%,+9.1%
ORCL,Extended,Software,Information Technology,Software & Services,GAAP,May,EPS,CY2025,4.347,4.347,+0.0%,4.347,+0.0%,4.347,+0.0%,195.95,45.1,+0.0%,+0.5%,+25.1%,+30.3%
ORCL,Extended,Software,Information Technology,Software & Services,GAAP,May,EPS,CY2026,4.866,5.086,+4.5%,5.897,+15.9%,5.848,-0.8%,195.95,33.5,+20.2%,+0.5%,+25.1%,+30.3%
ORCL,Extended,Software,Information Technology,Software & Services,GAAP,May,EPS,CY2027,6.245,6.353,+1.7%,6.409,+0.9%,6.261,-2.3%,195.95,31.3,+0.3%,+0.5%,+25.1%,+30.3%
ORCL,Extended,Software,Information Technology,Software & Services,GAAP,May,EPS,CY2028,7.614,9.345,+22.7%,9.048,-3.2%,8.791,-2.8%,195.95,22.3,+15.5%,+0.5%,+25.1%,+30.3%
INTU,Extended,Software,Information Technology,Software & Services,Adj,Jul,EPS,CY2025,19.351,20.096,+3.8%,20.096,+0.0%,20.096,+0.0%,396.31,19.7,+3.8%,-40.2%,-9.4%,-39.4%
INTU,Extended,Software,Information Technology,Software & Services,Adj,Jul,EPS,CY2026,22.143,23.102,+4.3%,23.16,+0.3%,23.198,+0.2%,396.31,17.1,+4.8%,-40.2%,-9.4%,-39.4%
INTU,Extended,Software,Information Technology,Software & Services,Adj,Jul,EPS,CY2027,25.212,26.266,+4.2%,26.395,+0.5%,26.274,-0.5%,396.31,15.1,+4.2%,-40.2%,-9.4%,-39.4%
INTU,Extended,Software,Information Technology,Software & Services,Adj,Jul,EPS,CY2028,28.288,29.943,+5.9%,29.916,-0.1%,29.932,+0.1%,396.31,13.2,+5.8%,-40.2%,-9.4%,-39.4%
SAP,Extended,Software,Information Technology,Software & Services,Adj,Dec,EPS,CY2025,6.2,6.087,-1.8%,6.036,-0.8%,6.036,+0.0%,146.2,24.2,-2.6%,-29.8%,-16.4%,-44.1%
SAP,Extended,Software,Information Technology,Software & Services,Adj,Dec,EPS,CY2026,7.294,7.234,-0.8%,7.204,-0.4%,7.228,+0.3%,146.2,20.2,-0.9%,-29.8%,-16.4%,-44.1%
SAP,Extended,Software,Information Technology,Software & Services,Adj,Dec,EPS,CY2027,8.612,8.643,+0.4%,8.436,-2.4%,8.428,-0.1%,146.2,17.3,-2.1%,-29.8%,-16.4%,-44.1%
SAP,Extended,Software,Information Technology,Software & Services,Adj,Dec,EPS,CY2028,10.276,10.124,-1.5%,9.991,-1.3%,9.784,-2.1%,146.2,14.9,-4.8%,-29.8%,-16.4%,-44.1%
CRWD,Extended,Software,Information Technology,Software & Services,Adj,Jan,EPS,CY2025,3.448,3.674,+6.6%,3.717,+1.2%,3.716,-0.0%,527.77,142.0,+7.8%,+12.6%,+29.3%,+28.5%
CRWD,Extended,Software,Information Technology,Software & Services,Adj,Jan,EPS,CY2026,4.587,4.769,+4.0%,4.793,+0.5%,4.864,+1.5%,527.77,108.5,+6.0%,+12.6%,+29.3%,+28.5%
CRWD,Extended,Software,Information Technology,Software & Services,Adj,Jan,EPS,CY2027,6.188,6.1,-1.4%,6.139,+0.6%,6.187,+0.8%,527.77,85.3,-0.0%,+12.6%,+29.3%,+28.5%
CRWD,Extended,Software,Information Technology,Software & Services,Adj,Jan,EPS,CY2028,8.593,7.857,-8.6%,7.97,+1.4%,8.056,+1.1%,527.77,65.5,-6.2%,+12.6%,+29.3%,+28.5%
PLTR,Extended,Software,Information Technology,Software & Services,GAAP,Dec,EPS,CY2025,0.319,0.569,+78.4%,0.566,-0.5%,0.566,+0.0%,137.8,243.5,+77.4%,-22.5%,-3.6%,+17.5%
PLTR,Extended,Software,Information Technology,Software & Services,GAAP,Dec,EPS,CY2026,0.413,0.759,+83.8%,1.091,+43.7%,1.317,+20.7%,137.8,104.6,+218.9%,-22.5%,-3.6%,+17.5%
PLTR,Extended,Software,Information Technology,Software & Services,GAAP,Dec,EPS,CY2027,0.64,1.07,+67.2%,1.603,+49.8%,1.781,+11.1%,137.8,77.4,+178.3%,-22.5%,-3.6%,+17.5%
PLTR,Extended,Software,Information Technology,Software & Services,GAAP,Dec,EPS,CY2028,1.07,1.887,+76.4%,1.963,+4.0%,2.434,+24.0%,137.8,56.6,+127.5%,-22.5%,-3.6%,+17.5%
PANW,Extended,Software,Information Technology,Software & Services,Adj,Jul,EPS,CY2025,3.228,3.275,+1.5%,3.275,+0.0%,3.275,+0.0%,207.88,63.5,+1.5%,+12.9%,+25.2%,+11.2%
PANW,Extended,Software,Information Technology,Software & Services,Adj,Jul,EPS,CY2026,3.674,3.813,+3.8%,3.866,+1.4%,3.698,-4.3%,207.88,56.2,+0.7%,+12.9%,+25.2%,+11.2%
PANW,Extended,Software,Information Technology,Software & Services,Adj,Jul,EPS,CY2027,4.262,4.307,+1.1%,4.334,+0.6%,3.989,-8.0%,207.88,52.1,-6.4%,+12.9%,+25.2%,+11.2%
PANW,Extended,Software,Information Technology,Software & Services,Adj,Jul,EPS,CY2028,5.152,4.892,-5.0%,4.888,-0.1%,4.639,-5.1%,207.88,44.8,-10.0%,+12.9%,+25.2%,+11.2%
FTNT,Extended,Software,Information Technology,Software & Services,Adj,Dec,EPS,CY2025,2.476,2.673,+8.0%,2.693,+0.7%,2.693,+0.0%,114.07,42.4,+8.8%,+43.6%,+32.7%,+17.1%
FTNT,Extended,Software,Information Technology,Software & Services,Adj,Dec,EPS,CY2026,2.814,2.915,+3.6%,2.972,+2.0%,3.137,+5.6%,114.07,36.4,+11.5%,+43.6%,+32.7%,+17.1%
FTNT,Extended,Software,Information Technology,Software & Services,Adj,Dec,EPS,CY2027,3.19,3.246,+1.8%,3.312,+2.0%,3.414,+3.1%,114.07,33.4,+7.0%,+43.6%,+32.7%,+17.1%
FTNT,Extended,Software,Information Technology,Software & Services,Adj,Dec,EPS,CY2028,3.425,3.464,+1.1%,3.718,+7.3%,3.758,+1.1%,114.07,30.4,+9.7%,+43.6%,+32.7%,+17.1%
TEAM,Extended,Software,Information Technology,Software & Services,Adj,Jun,EPS,CY2025,3.587,3.563,-0.7%,3.563,+0.0%,3.563,+0.0%,91.6,25.7,-0.7%,-43.5%,+0.4%,-55.9%
TEAM,Extended,Software,Information Technology,Software & Services,Adj,Jun,EPS,CY2026,4.245,4.871,+14.7%,4.747,-2.5%,5.501,+15.9%,91.6,16.7,+29.6%,-43.5%,+0.4%,-55.9%
TEAM,Extended,Software,Information Technology,Software & Services,Adj,Jun,EPS,CY2027,5.205,5.623,+8.0%,5.516,-1.9%,6.275,+13.8%,91.6,14.6,+20.6%,-43.5%,+0.4%,-55.9%
TEAM,Extended,Software,Information Technology,Software & Services,Adj,Jun,EPS,CY2028,6.338,6.741,+6.4%,6.662,-1.2%,7.395,+11.0%,91.6,12.4,+16.7%,-43.5%,+0.4%,-55.9%
TYL,Extended,Software,Information Technology,Software & Services,Adj,Dec,EPS,CY2025,11.179,11.415,+2.1%,11.414,-0.0%,11.413,-0.0%,324.58,28.4,+2.1%,-28.5%,-8.6%,-42.1%
TYL,Extended,Software,Information Technology,Software & Services,Adj,Dec,EPS,CY2026,12.379,12.569,+1.5%,12.555,-0.1%,12.651,+0.8%,324.58,25.7,+2.2%,-28.5%,-8.6%,-42.1%
TYL,Extended,Software,Information Technology,Software & Services,Adj,Dec,EPS,CY2027,13.994,14.322,+2.3%,14.321,-0.0%,14.335,+0.1%,324.58,22.6,+2.4%,-28.5%,-8.6%,-42.1%
TYL,Extended,Software,Information Technology,Software & Services,Adj,Dec,EPS,CY2028,15.763,15.897,+0.9%,15.892,-0.0%,16.247,+2.2%,324.58,20.0,+3.1%,-28.5%,-8.6%,-42.1%
BLKB,Extended,Software,Information Technology,Software & Services,Adj,Dec,EPS,CY2025,4.223,4.406,+4.3%,4.415,+0.2%,4.415,+0.0%,37.5,8.5,+4.5%,-40.8%,-22.3%,-40.8%
BLKB,Extended,Software,Information Technology,Software & Services,Adj,Dec,EPS,CY2026,4.565,4.923,+7.8%,4.87,-1.1%,5.194,+6.7%,37.5,7.2,+13.8%,-40.8%,-22.3%,-40.8%
BLKB,Extended,Software,Information Technology,Software & Services,Adj,Dec,EPS,CY2027,4.43,5.193,+17.2%,5.302,+2.1%,5.866,+10.6%,37.5,6.4,+32.4%,-40.8%,-22.3%,-40.8%
BLKB,Extended,Software,Information Technology,Software & Services,Adj,Dec,EPS,CY2028,5.16,5.21,+1.0%,5.21,+0.0%,6.06,+16.3%,37.5,6.2,+17.4%,-40.8%,-22.3%,-40.8%
TWLO,Extended,Software,Information Technology,Software & Services,Adj,Dec,EPS,CY2025,4.565,4.805,+5.3%,4.797,-0.2%,4.797,+0.0%,201.7,42.0,+5.1%,+41.8%,+72.4%,+90.8%
TWLO,Extended,Software,Information Technology,Software & Services,Adj,Dec,EPS,CY2026,5.258,5.408,+2.9%,5.435,+0.5%,5.699,+4.9%,201.7,35.4,+8.4%,+41.8%,+72.4%,+90.8%
TWLO,Extended,Software,Information Technology,Software & Services,Adj,Dec,EPS,CY2027,6.214,6.258,+0.7%,6.253,-0.1%,6.56,+4.9%,201.7,30.7,+5.6%,+41.8%,+72.4%,+90.8%
TWLO,Extended,Software,Information Technology,Software & Services,Adj,Dec,EPS,CY2028,7.23,6.843,-5.4%,6.958,+1.7%,7.441,+6.9%,201.7,27.1,+2.9%,+41.8%,+72.4%,+90.8%
DBX,Extended,Software,Information Technology,Software & Services,Adj,Dec,EPS,CY2025,2.602,2.792,+7.3%,2.793,+0.0%,2.793,+0.0%,28.9,10.3,+7.3%,+4.0%,+16.2%,-1.9%
DBX,Extended,Software,Information Technology,Software & Services,Adj,Dec,EPS,CY2026,2.815,3.029,+7.6%,2.975,-1.8%,3.03,+1.8%,28.9,9.5,+7.6%,+4.0%,+16.2%,-1.9%
DBX,Extended,Software,Information Technology,Software & Services,Adj,Dec,EPS,CY2027,2.89,3.206,+10.9%,3.07,-4.2%,3.37,+9.8%,28.9,8.6,+16.6%,+4.0%,+16.2%,-1.9%
DBX,Extended,Software,Information Technology,Software & Services,Adj,Dec,EPS,CY2028,2.94,2.8,-4.8%,2.66,-5.0%,3.417,+28.5%,28.9,8.5,+16.2%,+4.0%,+16.2%,-1.9%
BOX,Extended,Software,Information Technology,Software & Services,Adj,Jan,EPS,CY2025,1.19,1.287,+8.2%,1.323,+2.8%,1.323,+0.0%,25.72,19.4,+11.2%,-14.0%,+4.9%,-18.1%
BOX,Extended,Software,Information Technology,Software & Services,Adj,Jan,EPS,CY2026,1.491,1.461,-2.0%,1.528,+4.6%,1.648,+7.9%,25.72,15.6,+10.5%,-14.0%,+4.9%,-18.1%
BOX,Extended,Software,Information Technology,Software & Services,Adj,Jan,EPS,CY2027,2.093,1.948,-6.9%,1.65,-15.3%,1.834,+11.2%,25.72,14.0,-12.4%,-14.0%,+4.9%,-18.1%
BOX,Extended,Software,Information Technology,Software & Services,Adj,Jan,EPS,CY2028,3.23,3.36,+4.0%,3.41,+1.5%,2.283,-33.0%,25.72,11.3,-29.3%,-14.0%,+4.9%,-18.1%
ZM,Extended,Software,Information Technology,Software & Services,Adj,Jan,EPS,CY2025,5.364,5.883,+9.7%,6.052,+2.9%,6.052,+0.0%,109.21,18.0,+12.8%,+26.6%,+14.5%,+34.3%
ZM,Extended,Software,Information Technology,Software & Services,Adj,Jan,EPS,CY2026,5.393,5.921,+9.8%,6.061,+2.4%,5.81,-4.1%,109.21,18.8,+7.7%,+26.6%,+14.5%,+34.3%
ZM,Extended,Software,Information Technology,Software & Services,Adj,Jan,EPS,CY2027,5.504,6.189,+12.4%,6.267,+1.3%,6.151,-1.9%,109.21,17.8,+11.8%,+26.6%,+14.5%,+34.3%
ZM,Extended,Software,Information Technology,Software & Services,Adj,Jan,EPS,CY2028,5.351,6.203,+15.9%,6.302,+1.6%,6.401,+1.6%,109.21,17.1,+19.6%,+26.6%,+14.5%,+34.3%
AXON,Extended,Software,Industrials,Capital Goods,Adj,Dec,EPS,CY2025,6.246,6.364,+1.9%,6.303,-1.0%,6.303,+0.0%,403.54,64.0,+0.9%,-28.9%,-7.0%,-41.1%
AXON,Extended,Software,Industrials,Capital Goods,Adj,Dec,EPS,CY2026,7.695,7.698,+0.0%,7.671,-0.4%,7.692,+0.3%,403.54,52.5,-0.0%,-28.9%,-7.0%,-41.1%
AXON,Extended,Software,Industrials,Capital Goods,Adj,Dec,EPS,CY2027,9.018,9.635,+6.8%,9.702,+0.7%,10.58,+9.0%,403.54,38.1,+17.3%,-28.9%,-7.0%,-41.1%
AXON,Extended,Software,Industrials,Capital Goods,Adj,Dec,EPS,CY2028,11.66,11.98,+2.7%,12.22,+2.0%,13.907,+13.8%,403.54,29.0,+19.3%,-28.9%,-7.0%,-41.1%
UPLD,Extended,Software,Information Technology,Software & Services,Adj,Dec,EPS,CY2025,0.747,0.833,+11.5%,0.833,+0.0%,0.833,+0.0%,0.9921,1.2,+11.5%,-30.6%,-20.0%,-58.1%
UPLD,Extended,Software,Information Technology,Software & Services,Adj,Dec,EPS,CY2026,0.81,0.813,+0.4%,0.757,-6.9%,0.717,-5.3%,0.9921,1.4,-11.5%,-30.6%,-20.0%,-58.1%
UPLD,Extended,Software,Information Technology,Software & Services,Adj,Dec,EPS,CY2027,,1.03,,0.81,-21.4%,0.785,-3.1%,0.9921,1.3,,-30.6%,-20.0%,-58.1%
UPLD,Extended,Software,Information Technology,Software & Services,Adj,Dec,EPS,CY2028,,,,,,,,0.9921,,,-30.6%,-20.0%,-58.1%
SNOW,Extended,Software,Information Technology,Software & Services,Adj,Jan,EPS,CY2025,1.159,1.2,+3.5%,1.21,+0.8%,1.209,-0.1%,152.45,126.1,+4.3%,-30.5%,-13.4%,-12.5%
SNOW,Extended,Software,Information Technology,Software & Services,Adj,Jan,EPS,CY2026,1.597,1.636,+2.4%,1.641,+0.3%,1.807,+10.1%,152.45,84.4,+13.1%,-30.5%,-13.4%,-12.5%
SNOW,Extended,Software,Information Technology,Software & Services,Adj,Jan,EPS,CY2027,2.241,2.366,+5.6%,2.285,-3.4%,2.486,+8.8%,152.45,61.3,+10.9%,-30.5%,-13.4%,-12.5%
SNOW,Extended,Software,Information Technology,Software & Services,Adj,Jan,EPS,CY2028,3.328,3.575,+7.4%,3.488,-2.4%,3.483,-0.1%,152.45,43.8,+4.7%,-30.5%,-13.4%,-12.5%
BILL,Extended,Software,Information Technology,Software & Services,Adj,Jun,EPS,CY2025,2.007,2.118,+5.5%,2.118,+0.0%,2.118,+0.0%,41.83,19.7,+5.5%,-23.3%,-17.6%,-6.5%
BILL,Extended,Software,Information Technology,Software & Services,Adj,Jun,EPS,CY2026,2.163,2.21,+2.2%,2.36,+6.8%,2.484,+5.3%,41.83,16.8,+14.8%,-23.3%,-17.6%,-6.5%
BILL,Extended,Software,Information Technology,Software & Services,Adj,Jun,EPS,CY2027,2.756,2.587,-6.1%,2.681,+3.6%,3.04,+13.4%,41.83,13.8,+10.3%,-23.3%,-17.6%,-6.5%
BILL,Extended,Software,Information Technology,Software & Services,Adj,Jun,EPS,CY2028,3.878,3.287,-15.2%,3.226,-1.9%,3.627,+12.4%,41.83,11.5,-6.5%,-23.3%,-17.6%,-6.5%
WIX,Extended,Software,Information Technology,Software & Services,Adj,Dec,EPS,CY2025,7.415,6.922,-6.6%,6.958,+0.5%,6.952,-0.1%,80.12,11.5,-6.2%,-22.9%,+5.1%,-53.3%
WIX,Extended,Software,Information Technology,Software & Services,Adj,Dec,EPS,CY2026,9.064,7.76,-14.4%,6.661,-14.2%,6.957,+4.4%,80.12,11.5,-23.2%,-22.9%,+5.1%,-53.3%
WIX,Extended,Software,Information Technology,Software & Services,Adj,Dec,EPS,CY2027,11.407,9.651,-15.4%,7.909,-18.0%,8.763,+10.8%,80.12,9.1,-23.2%,-22.9%,+5.1%,-53.3%
WIX,Extended,Software,Information Technology,Software & Services,Adj,Dec,EPS,CY2028,15.013,13.216,-12.0%,9.83,-25.6%,9.682,-1.5%,80.12,8.3,-35.5%,-22.9%,+5.1%,-53.3%
DOCU,Extended,Software,Information Technology,Software & Services,Adj,Jan,EPS,CY2025,3.504,3.684,+5.1%,3.784,+2.7%,3.793,+0.2%,47.9,12.6,+8.2%,-30.0%,+0.7%,-42.5%
DOCU,Extended,Software,Information Technology,Software & Services,Adj,Jan,EPS,CY2026,3.83,4.039,+5.5%,4.125,+2.1%,4.441,+7.7%,47.9,10.8,+16.0%,-30.0%,+0.7%,-42.5%
DOCU,Extended,Software,Information Technology,Software & Services,Adj,Jan,EPS,CY2027,4.239,4.467,+5.4%,4.526,+1.3%,5.06,+11.8%,47.9,9.5,+19.4%,-30.0%,+0.7%,-42.5%
DOCU,Extended,Software,Information Technology,Software & Services,Adj,Jan,EPS,CY2028,4.43,4.527,+2.2%,4.59,+1.4%,5.436,+18.4%,47.9,8.8,+22.7%,-30.0%,+0.7%,-42.5%
DDOG,Extended,Software,Information Technology,Software & Services,Adj,Dec,EPS,CY2025,1.706,2.002,+17.4%,2.016,+0.7%,2.016,+0.0%,200.16,99.3,+18.2%,+47.2%,+75.6%,+85.5%
DDOG,Extended,Software,Information Technology,Software & Services,Adj,Dec,EPS,CY2026,2.156,2.384,+10.6%,2.397,+0.5%,2.398,+0.0%,200.16,83.5,+11.2%,+47.2%,+75.6%,+85.5%
DDOG,Extended,Software,Information Technology,Software & Services,Adj,Dec,EPS,CY2027,2.902,2.938,+1.2%,2.973,+1.2%,2.938,-1.2%,200.16,68.1,+1.2%,+47.2%,+75.6%,+85.5%
DDOG,Extended,Software,Information Technology,Software & Services,Adj,Dec,EPS,CY2028,3.422,3.853,+12.6%,3.898,+1.2%,3.888,-0.3%,200.16,51.5,+13.6%,+47.2%,+75.6%,+85.5%
MDB,Extended,Software,Information Technology,Software & Services,Adj,Jan,EPS,CY2025,2.589,3.727,+44.0%,4.8,+28.8%,4.805,+0.1%,299.47,62.3,+85.6%,-28.6%,-16.3%,+67.7%
MDB,Extended,Software,Information Technology,Software & Services,Adj,Jan,EPS,CY2026,3.446,4.412,+28.0%,5.703,+29.3%,5.865,+2.8%,299.47,51.1,+70.2%,-28.6%,-16.3%,+67.7%
MDB,Extended,Software,Information Technology,Software & Services,Adj,Jan,EPS,CY2027,4.571,5.468,+19.6%,6.901,+26.2%,7.065,+2.4%,299.47,42.4,+54.6%,-28.6%,-16.3%,+67.7%
MDB,Extended,Software,Information Technology,Software & Services,Adj,Jan,EPS,CY2028,5.362,6.564,+22.4%,8.158,+24.3%,8.553,+4.8%,299.47,35.0,+59.5%,-28.6%,-16.3%,+67.7%
ESTC,Extended,Software,Information Technology,Software & Services,Adj,Apr,EPS,CY2025,1.952,1.952,+0.0%,1.952,+0.0%,1.952,+0.0%,52.25,26.8,+0.0%,-30.7%,-14.8%,-38.9%
ESTC,Extended,Software,Information Technology,Software & Services,Adj,Apr,EPS,CY2026,2.152,2.35,+9.2%,2.45,+4.3%,2.524,+3.0%,52.25,20.7,+17.3%,-30.7%,-14.8%,-38.9%
ESTC,Extended,Software,Information Technology,Software & Services,Adj,Apr,EPS,CY2027,2.53,2.734,+8.1%,2.814,+2.9%,2.94,+4.5%,52.25,17.8,+16.2%,-30.7%,-14.8%,-38.9%
ESTC,Extended,Software,Information Technology,Software & Services,Adj,Apr,EPS,CY2028,,3.255,,3.185,-2.2%,3.47,+8.9%,52.25,15.1,,-30.7%,-14.8%,-38.9%
DT,Extended,Software,Information Technology,Software & Services,Adj,Mar,EPS,CY2025,1.534,1.633,+6.5%,1.634,+0.1%,1.685,+3.1%,40.7,24.2,+9.8%,-6.1%,+12.5%,-16.4%
DT,Extended,Software,Information Technology,Software & Services,Adj,Mar,EPS,CY2026,1.765,1.838,+4.1%,1.837,-0.1%,1.908,+3.9%,40.7,21.3,+8.1%,-6.1%,+12.5%,-16.4%
DT,Extended,Software,Information Technology,Software & Services,Adj,Mar,EPS,CY2027,1.99,2.117,+6.4%,2.107,-0.5%,2.202,+4.5%,40.7,18.5,+10.7%,-6.1%,+12.5%,-16.4%
DT,Extended,Software,Information Technology,Software & Services,Adj,Mar,EPS,CY2028,2.36,2.453,+3.9%,2.424,-1.2%,2.516,+3.8%,40.7,16.2,+6.6%,-6.1%,+12.5%,-16.4%
GTM,Extended,Software,Communication Services,Media & Entertainment,Adj,Dec,EPS,CY2025,0.955,1.044,+9.3%,1.046,+0.2%,1.046,+0.0%,6.38,6.1,+9.5%,-37.3%,-12.8%,-31.8%
GTM,Extended,Software,Communication Services,Media & Entertainment,Adj,Dec,EPS,CY2026,0.983,1.108,+12.7%,1.106,-0.2%,1.111,+0.5%,6.38,5.7,+13.0%,-37.3%,-12.8%,-31.8%
GTM,Extended,Software,Communication Services,Media & Entertainment,Adj,Dec,EPS,CY2027,1.047,1.199,+14.5%,1.192,-0.6%,1.163,-2.4%,6.38,5.5,+11.1%,-37.3%,-12.8%,-31.8%
GTM,Extended,Software,Communication Services,Media & Entertainment,Adj,Dec,EPS,CY2028,1.08,1.265,+17.1%,1.28,+1.2%,1.278,-0.2%,6.38,5.0,+18.3%,-37.3%,-12.8%,-31.8%
RAMP,Extended,Software,Information Technology,Software & Services,Adj,Mar,EPS,CY2025,1.857,2.24,+20.6%,2.243,+0.1%,2.229,-0.6%,30.38,13.6,+20.0%,+3.4%,+28.2%,+7.8%
RAMP,Extended,Software,Information Technology,Software & Services,Adj,Mar,EPS,CY2026,2.57,2.644,+2.9%,2.665,+0.8%,2.814,+5.6%,30.38,10.8,+9.5%,+3.4%,+28.2%,+7.8%
RAMP,Extended,Software,Information Technology,Software & Services,Adj,Mar,EPS,CY2027,,2.993,,3.145,+5.1%,3.473,+10.4%,30.38,8.7,,+3.4%,+28.2%,+7.8%
RAMP,Extended,Software,Information Technology,Software & Services,Adj,Mar,EPS,CY2028,,2.97,,2.82,-5.1%,3.17,+12.4%,30.38,9.6,,+3.4%,+28.2%,+7.8%
PAR,Extended,Software,Information Technology,Software & Services,Adj,Dec,EPS,CY2025,-0.396,-0.677,-71.0%,0.126,+118.6%,0.126,+0.0%,14.4,114.3,+131.8%,-60.3%,-37.3%,-77.8%
PAR,Extended,Software,Information Technology,Software & Services,Adj,Dec,EPS,CY2026,0.383,-0.045,-111.7%,0.044,+197.8%,0.062,+40.9%,14.4,232.3,-83.8%,-60.3%,-37.3%,-77.8%
PAR,Extended,Software,Information Technology,Software & Services,Adj,Dec,EPS,CY2027,0.02,0.238,+1090.0%,0.603,+153.4%,0.594,-1.5%,14.4,24.2,+2870.0%,-60.3%,-37.3%,-77.8%
PAR,Extended,Software,Information Technology,Software & Services,Adj,Dec,EPS,CY2028,,,,,,-0.24,,14.4,-60.0,,-60.3%,-37.3%,-77.8%
FSLY,Extended,Software,Information Technology,Software & Services,Adj,Dec,EPS,CY2025,-0.097,0.053,+154.6%,0.052,-1.9%,0.052,+0.0%,20.51,394.4,+153.6%,+101.5%,+135.2%,+167.1%
FSLY,Extended,Software,Information Technology,Software & Services,Adj,Dec,EPS,CY2026,-0.093,0.133,+243.0%,0.128,-3.8%,0.321,+150.8%,20.51,63.9,+445.2%,+101.5%,+135.2%,+167.1%
FSLY,Extended,Software,Information Technology,Software & Services,Adj,Dec,EPS,CY2027,-0.095,0.185,+294.7%,0.198,+7.0%,0.399,+101.5%,20.51,51.4,+520.0%,+101.5%,+135.2%,+167.1%
FSLY,Extended,Software,Information Technology,Software & Services,Adj,Dec,EPS,CY2028,-0.52,0.17,+132.7%,0.2,+17.6%,0.253,+26.5%,20.51,81.1,+148.7%,+101.5%,+135.2%,+167.1%
ASAN,Extended,Software,Information Technology,Software & Services,Adj,Jan,EPS,CY2025,0.192,0.237,+23.4%,0.257,+8.4%,0.257,+0.0%,6.63,25.8,+33.9%,-51.6%,-19.3%,-61.7%
ASAN,Extended,Software,Information Technology,Software & Services,Adj,Jan,EPS,CY2026,0.344,0.336,-2.3%,0.361,+7.4%,0.366,+1.4%,6.63,18.1,+6.4%,-51.6%,-19.3%,-61.7%
ASAN,Extended,Software,Information Technology,Software & Services,Adj,Jan,EPS,CY2027,0.477,0.45,-5.7%,0.471,+4.7%,0.455,-3.4%,6.63,14.6,-4.6%,-51.6%,-19.3%,-61.7%
ASAN,Extended,Software,Information Technology,Software & Services,Adj,Jan,EPS,CY2028,,0.49,,0.54,+10.2%,0.562,+4.1%,6.63,11.8,,-51.6%,-19.3%,-61.7%
APPN,Extended,Software,Information Technology,Software & Services,Adj,Dec,EPS,CY2025,0.213,0.511,+139.9%,0.541,+5.9%,0.541,+0.0%,21.92,40.5,+154.0%,-38.1%,-13.8%,-30.8%
APPN,Extended,Software,Information Technology,Software & Services,Adj,Dec,EPS,CY2026,0.479,0.74,+54.5%,0.77,+4.1%,0.986,+28.1%,21.92,22.2,+105.8%,-38.1%,-13.8%,-30.8%
APPN,Extended,Software,Information Technology,Software & Services,Adj,Dec,EPS,CY2027,0.765,1.04,+35.9%,1.092,+5.0%,1.256,+15.0%,21.92,17.5,+64.2%,-38.1%,-13.8%,-30.8%
APPN,Extended,Software,Information Technology,Software & Services,Adj,Dec,EPS,CY2028,,,,1.27,,1.43,+12.6%,21.92,15.3,,-38.1%,-13.8%,-30.8%
BL,Extended,Software,Information Technology,Software & Services,Adj,Dec,EPS,CY2025,2.128,2.084,-2.1%,2.078,-0.3%,2.078,+0.0%,30.63,14.7,-2.3%,-44.6%,-28.8%,-42.5%
BL,Extended,Software,Information Technology,Software & Services,Adj,Dec,EPS,CY2026,2.291,2.347,+2.4%,2.339,-0.3%,2.472,+5.7%,30.63,12.4,+7.9%,-44.6%,-28.8%,-42.5%
BL,Extended,Software,Information Technology,Software & Services,Adj,Dec,EPS,CY2027,2.73,2.709,-0.8%,2.729,+0.7%,2.795,+2.4%,30.63,11.0,+2.4%,-44.6%,-28.8%,-42.5%
BL,Extended,Software,Information Technology,Software & Services,Adj,Dec,EPS,CY2028,,,,,,3.363,,30.63,9.1,,-44.6%,-28.8%,-42.5%
DSY,Extended,Software,Information Technology,Software & Services,Adj,Dec,EPS,CY2025,1.364,1.323,-3.0%,1.318,-0.4%,1.318,+0.0%,19.545,14.8,-3.4%,-18.0%,-12.7%,-42.0%
DSY,Extended,Software,Information Technology,Software & Services,Adj,Dec,EPS,CY2026,1.454,1.381,-5.0%,1.366,-1.1%,1.318,-3.5%,19.545,14.8,-9.4%,-18.0%,-12.7%,-42.0%
DSY,Extended,Software,Information Technology,Software & Services,Adj,Dec,EPS,CY2027,1.608,1.498,-6.8%,1.482,-1.1%,1.369,-7.6%,19.545,14.3,-14.9%,-18.0%,-12.7%,-42.0%
DSY,Extended,Software,Information Technology,Software & Services,Adj,Dec,EPS,CY2028,1.768,1.636,-7.5%,1.619,-1.0%,1.463,-9.6%,19.545,13.4,-17.3%,-18.0%,-12.7%,-42.0%
WK,Extended,Software,Information Technology,Software & Services,Adj,Dec,EPS,CY2025,1.051,1.64,+56.0%,1.635,-0.3%,1.635,+0.0%,51.29,31.4,+55.6%,-40.5%,-25.4%,-24.1%
WK,Extended,Software,Information Technology,Software & Services,Adj,Dec,EPS,CY2026,1.693,2.254,+33.1%,2.216,-1.7%,2.912,+31.4%,51.29,17.6,+72.0%,-40.5%,-25.4%,-24.1%
WK,Extended,Software,Information Technology,Software & Services,Adj,Dec,EPS,CY2027,3.083,3.179,+3.1%,3.16,-0.6%,3.525,+11.6%,51.29,14.6,+14.3%,-40.5%,-25.4%,-24.1%
WK,Extended,Software,Information Technology,Software & Services,Adj,Dec,EPS,CY2028,4.32,4.33,+0.2%,4.06,-6.2%,4.38,+7.9%,51.29,11.7,+1.4%,-40.5%,-25.4%,-24.1%
AXP,Extended,Payments,Financials,Financial Services,GAAP,Dec,EPS,CY2025,15.204,15.466,+1.7%,15.446,-0.1%,15.446,+0.0%,316.03,20.5,+1.6%,-14.6%,-12.1%,+11.1%
AXP,Extended,Payments,Financials,Financial Services,GAAP,Dec,EPS,CY2026,17.309,17.462,+0.9%,17.646,+1.1%,17.645,-0.0%,316.03,17.9,+1.9%,-14.6%,-12.1%,+11.1%
AXP,Extended,Payments,Financials,Financial Services,GAAP,Dec,EPS,CY2027,19.799,19.859,+0.3%,20.107,+1.2%,20.13,+0.1%,316.03,15.7,+1.7%,-14.6%,-12.1%,+11.1%
AXP,Extended,Payments,Financials,Financial Services,GAAP,Dec,EPS,CY2028,20.32,20.267,-0.3%,22.893,+13.0%,22.873,-0.1%,316.03,13.8,+12.6%,-14.6%,-12.1%,+11.1%
ADYEN,Extended,Payments,Financials,Financial Services,Adj,Dec,EPS,CY2025,35.782,33.744,-5.7%,33.84,+0.3%,33.737,-0.3%,942.8,27.9,-5.7%,-31.4%,-20.6%,-40.5%
ADYEN,Extended,Payments,Financials,Financial Services,Adj,Dec,EPS,CY2026,44.964,41.529,-7.6%,41.409,-0.3%,38.826,-6.2%,942.8,24.3,-13.7%,-31.4%,-20.6%,-40.5%
ADYEN,Extended,Payments,Financials,Financial Services,Adj,Dec,EPS,CY2027,56.937,52.175,-8.4%,50.929,-2.4%,47.423,-6.9%,942.8,19.9,-16.7%,-31.4%,-20.6%,-40.5%
ADYEN,Extended,Payments,Financials,Financial Services,Adj,Dec,EPS,CY2028,52.871,60.077,+13.6%,61.127,+1.7%,58.4,-4.5%,942.8,16.1,+10.5%,-31.4%,-20.6%,-40.5%
STNE,Extended,Payments,Financials,Financial Services,Adj,Dec,EPS,CY2025,8.611,9.28,+7.8%,9.439,+1.7%,9.25,-2.0%,10.77,1.2,+7.4%,-11.9%,-27.5%,-4.5%
STNE,Extended,Payments,Financials,Financial Services,Adj,Dec,EPS,CY2026,9.965,10.647,+6.8%,10.433,-2.0%,9.7,-7.0%,10.77,1.1,-2.7%,-11.9%,-27.5%,-4.5%
STNE,Extended,Payments,Financials,Financial Services,Adj,Dec,EPS,CY2027,11.435,12.387,+8.3%,11.62,-6.2%,11.16,-4.0%,10.77,1.0,-2.4%,-11.9%,-27.5%,-4.5%
STNE,Extended,Payments,Financials,Financial Services,Adj,Dec,EPS,CY2028,11.74,17.275,+47.1%,14.285,-17.3%,13.019,-8.9%,10.77,0.8,+10.9%,-11.9%,-27.5%,-4.5%
NU,Extended,Payments,Financials,Banks,Adj,Dec,EPS,CY2025,0.556,0.588,+5.8%,0.609,+3.6%,0.609,+0.0%,13.8,22.7,+9.5%,-17.6%,-21.4%,+7.6%
NU,Extended,Payments,Financials,Banks,Adj,Dec,EPS,CY2026,0.773,0.825,+6.7%,0.874,+5.9%,0.861,-1.5%,13.8,16.0,+11.4%,-17.6%,-21.4%,+7.6%
NU,Extended,Payments,Financials,Banks,Adj,Dec,EPS,CY2027,0.999,1.058,+5.9%,1.147,+8.4%,1.128,-1.7%,13.8,12.2,+12.9%,-17.6%,-21.4%,+7.6%
NU,Extended,Payments,Financials,Banks,Adj,Dec,EPS,CY2028,1.103,1.246,+13.0%,1.308,+5.0%,1.43,+9.3%,13.8,9.7,+29.6%,-17.6%,-21.4%,+7.6%
FISV,Extended,Payments,Financials,Financial Services,Adj,Dec,EPS,CY2025,10.219,8.559,-16.2%,8.557,-0.0%,8.557,+0.0%,55.48,6.5,-16.3%,-17.4%,-7.7%,-69.9%
FISV,Extended,Payments,Financials,Financial Services,Adj,Dec,EPS,CY2026,11.931,8.347,-30.0%,8.176,-2.0%,8.118,-0.7%,55.48,6.8,-32.0%,-17.4%,-7.7%,-69.9%
FISV,Extended,Payments,Financials,Financial Services,Adj,Dec,EPS,CY2027,13.171,9.345,-29.0%,9.145,-2.1%,8.951,-2.1%,55.48,6.2,-32.0%,-17.4%,-7.7%,-69.9%
FISV,Extended,Payments,Financials,Financial Services,Adj,Dec,EPS,CY2028,15.424,10.098,-34.5%,9.97,-1.3%,9.982,+0.1%,55.48,5.6,-35.3%,-17.4%,-7.7%,-69.9%
FIS,Extended,Payments,Financials,Financial Services,Adj,Dec,EPS,CY2025,5.743,5.767,+0.4%,5.771,+0.1%,5.771,+0.0%,43.49,7.5,+0.5%,-34.6%,-14.0%,-44.5%
FIS,Extended,Payments,Financials,Financial Services,Adj,Dec,EPS,CY2026,6.246,6.322,+1.2%,6.299,-0.4%,6.261,-0.6%,43.49,6.9,+0.2%,-34.6%,-14.0%,-44.5%
FIS,Extended,Payments,Financials,Financial Services,Adj,Dec,EPS,CY2027,6.789,6.896,+1.6%,6.9,+0.1%,6.888,-0.2%,43.49,6.3,+1.5%,-34.6%,-14.0%,-44.5%
FIS,Extended,Payments,Financials,Financial Services,Adj,Dec,EPS,CY2028,7.197,7.238,+0.6%,6.681,-7.7%,7.563,+13.2%,43.49,5.8,+5.1%,-34.6%,-14.0%,-44.5%
GPN,Extended,Payments,Financials,Financial Services,Adj,Dec,EPS,CY2025,12.085,12.23,+1.2%,12.222,-0.1%,12.222,+0.0%,69.19,5.7,+1.1%,-10.6%,-3.6%,-14.0%
GPN,Extended,Payments,Financials,Financial Services,Adj,Dec,EPS,CY2026,13.628,13.778,+1.1%,13.682,-0.7%,13.843,+1.2%,69.19,5.0,+1.6%,-10.6%,-3.6%,-14.0%
GPN,Extended,Payments,Financials,Financial Services,Adj,Dec,EPS,CY2027,15.395,15.864,+3.0%,15.923,+0.4%,15.961,+0.2%,69.19,4.3,+3.7%,-10.6%,-3.6%,-14.0%
GPN,Extended,Payments,Financials,Financial Services,Adj,Dec,EPS,CY2028,16.688,18.608,+11.5%,17.544,-5.7%,18.669,+6.4%,69.19,3.7,+11.9%,-10.6%,-3.6%,-14.0%
TOST,Extended,Payments,Financials,Financial Services,Adj,Dec,EPS,CY2025,0.571,0.61,+6.8%,0.577,-5.4%,0.58,+0.5%,25.05,43.2,+1.6%,-29.5%,-12.6%,-38.7%
TOST,Extended,Payments,Financials,Financial Services,Adj,Dec,EPS,CY2026,0.85,0.908,+6.8%,0.878,-3.3%,0.924,+5.2%,25.05,27.1,+8.7%,-29.5%,-12.6%,-38.7%
TOST,Extended,Payments,Financials,Financial Services,Adj,Dec,EPS,CY2027,1.281,1.179,-8.0%,1.207,+2.4%,1.238,+2.6%,25.05,20.2,-3.4%,-29.5%,-12.6%,-38.7%
TOST,Extended,Payments,Financials,Financial Services,Adj,Dec,EPS,CY2028,1.438,1.286,-10.6%,1.368,+6.4%,1.674,+22.4%,25.05,15.0,+16.4%,-29.5%,-12.6%,-38.7%
FOUR,Extended,Payments,Financials,Financial Services,Adj,Dec,EPS,CY2025,5.08,5.018,-1.2%,5.228,+4.2%,5.109,-2.3%,42.58,8.3,+0.6%,-32.4%,-27.4%,-50.2%
FOUR,Extended,Payments,Financials,Financial Services,Adj,Dec,EPS,CY2026,6.22,6.464,+3.9%,6.184,-4.3%,5.59,-9.6%,42.58,7.6,-10.1%,-32.4%,-27.4%,-50.2%
FOUR,Extended,Payments,Financials,Financial Services,Adj,Dec,EPS,CY2027,7.357,7.751,+5.4%,7.816,+0.8%,6.54,-16.3%,42.58,6.5,-11.1%,-32.4%,-27.4%,-50.2%
FOUR,Extended,Payments,Financials,Financial Services,Adj,Dec,EPS,CY2028,8.15,8.99,+10.3%,10.88,+21.0%,7.496,-31.1%,42.58,5.7,-8.0%,-32.4%,-27.4%,-50.2%
CPAY,Extended,Payments,Financials,Financial Services,Adj,Dec,EPS,CY2025,20.998,21.263,+1.3%,21.283,+0.1%,21.283,+0.0%,343.99,16.2,+1.4%,+14.3%,-3.3%,+5.1%
CPAY,Extended,Payments,Financials,Financial Services,Adj,Dec,EPS,CY2026,24.448,24.859,+1.7%,25.801,+3.8%,26.437,+2.5%,343.99,13.0,+8.1%,+14.3%,-3.3%,+5.1%
CPAY,Extended,Payments,Financials,Financial Services,Adj,Dec,EPS,CY2027,28.409,28.928,+1.8%,29.67,+2.6%,30.205,+1.8%,343.99,11.4,+6.3%,+14.3%,-3.3%,+5.1%
CPAY,Extended,Payments,Financials,Financial Services,Adj,Dec,EPS,CY2028,32.61,33.98,+4.2%,34.743,+2.2%,35.206,+1.3%,343.99,9.8,+8.0%,+14.3%,-3.3%,+5.1%
SEIC,Extended,Payments,Financials,Financial Services,Adj,Dec,EPS,CY2025,4.66,4.963,+6.5%,4.963,+0.0%,4.963,+0.0%,91.18,18.4,+6.5%,+11.2%,+6.8%,+11.8%
SEIC,Extended,Payments,Financials,Financial Services,Adj,Dec,EPS,CY2026,5.054,5.503,+8.9%,5.686,+3.3%,5.883,+3.5%,91.18,15.5,+16.4%,+11.2%,+6.8%,+11.8%
SEIC,Extended,Payments,Financials,Financial Services,Adj,Dec,EPS,CY2027,5.628,6.103,+8.4%,6.403,+4.9%,6.616,+3.3%,91.18,13.8,+17.6%,+11.2%,+6.8%,+11.8%
SEIC,Extended,Payments,Financials,Financial Services,Adj,Dec,EPS,CY2028,6.237,7.03,+12.7%,7.163,+1.9%,7.563,+5.6%,91.18,12.1,+21.3%,+11.2%,+6.8%,+11.8%
DBD,Extended,Payments,Information Technology,Technology Hardware & Equipmen,Adj,Dec,EPS,CY2025,3.423,4.123,+20.4%,3.807,-7.7%,3.807,+0.0%,78.01,20.5,+11.2%,+14.9%,+9.9%,+68.7%
DBD,Extended,Payments,Information Technology,Technology Hardware & Equipmen,Adj,Dec,EPS,CY2026,4.637,5.017,+8.2%,5.017,+0.0%,5.49,+9.4%,78.01,14.2,+18.4%,+14.9%,+9.9%,+68.7%
DBD,Extended,Payments,Information Technology,Technology Hardware & Equipmen,Adj,Dec,EPS,CY2027,5.49,6.475,+17.9%,6.475,+0.0%,6.793,+4.9%,78.01,11.5,+23.7%,+14.9%,+9.9%,+68.7%
DBD,Extended,Payments,Information Technology,Technology Hardware & Equipmen,Adj,Dec,EPS,CY2028,6.45,7.76,+20.3%,7.76,+0.0%,7.58,-2.3%,78.01,10.3,+17.5%,+14.9%,+9.9%,+68.7%
JKHY,Extended,Payments,Financials,Financial Services,Adj,Jun,EPS,CY2025,5.929,5.978,+0.8%,5.978,+0.0%,5.978,+0.0%,145.84,24.4,+0.8%,-20.1%,-15.0%,-19.4%
JKHY,Extended,Payments,Financials,Financial Services,Adj,Jun,EPS,CY2026,6.336,6.398,+1.0%,6.542,+2.3%,6.697,+2.4%,145.84,21.8,+5.7%,-20.1%,-15.0%,-19.4%
JKHY,Extended,Payments,Financials,Financial Services,Adj,Jun,EPS,CY2027,6.876,6.9,+0.3%,7.123,+3.2%,7.172,+0.7%,145.84,20.3,+4.3%,-20.1%,-15.0%,-19.4%
JKHY,Extended,Payments,Financials,Financial Services,Adj,Jun,EPS,CY2028,7.855,7.476,-4.8%,7.68,+2.7%,7.787,+1.4%,145.84,18.7,-0.9%,-20.1%,-15.0%,-19.4%
WU,Extended,Payments,Financials,Financial Services,Adj,Dec,EPS,CY2025,1.766,1.728,-2.2%,1.732,+0.2%,1.732,+0.0%,9.07,5.2,-1.9%,-2.6%,-9.1%,-7.1%
WU,Extended,Payments,Financials,Financial Services,Adj,Dec,EPS,CY2026,1.845,1.774,-3.8%,1.785,+0.6%,1.739,-2.6%,9.07,5.2,-5.7%,-2.6%,-9.1%,-7.1%
WU,Extended,Payments,Financials,Financial Services,Adj,Dec,EPS,CY2027,1.967,1.902,-3.3%,1.905,+0.2%,1.903,-0.1%,9.07,4.8,-3.3%,-2.6%,-9.1%,-7.1%
WU,Extended,Payments,Financials,Financial Services,Adj,Dec,EPS,CY2028,1.87,1.855,-0.8%,2.023,+9.1%,2.041,+0.9%,9.07,4.4,+9.1%,-2.6%,-9.1%,-7.1%
FCFS,Extended,Payments,Financials,Financial Services,Adj,Dec,EPS,CY2025,7.855,8.659,+10.2%,8.644,-0.2%,8.644,+0.0%,227.68,26.3,+10.0%,+42.9%,+24.3%,+71.5%
FCFS,Extended,Payments,Financials,Financial Services,Adj,Dec,EPS,CY2026,9.295,10.075,+8.4%,10.366,+2.9%,10.767,+3.9%,227.68,21.1,+15.8%,+42.9%,+24.3%,+71.5%
FCFS,Extended,Payments,Financials,Financial Services,Adj,Dec,EPS,CY2027,10.98,11.67,+6.3%,12.133,+4.0%,12.403,+2.2%,227.68,18.4,+13.0%,+42.9%,+24.3%,+71.5%
FCFS,Extended,Payments,Financials,Financial Services,Adj,Dec,EPS,CY2028,11.36,13.025,+14.7%,14.483,+11.2%,14.863,+2.6%,227.68,15.3,+30.8%,+42.9%,+24.3%,+71.5%
EEFT,Extended,Payments,Financials,Financial Services,Adj,Dec,EPS,CY2025,9.823,9.754,-0.7%,9.742,-0.1%,9.742,+0.0%,68.83,7.1,-0.8%,-9.6%,-5.4%,-36.4%
EEFT,Extended,Payments,Financials,Financial Services,Adj,Dec,EPS,CY2026,11.238,11.105,-1.2%,11.066,-0.4%,10.949,-1.1%,68.83,6.3,-2.6%,-9.6%,-5.4%,-36.4%
EEFT,Extended,Payments,Financials,Financial Services,Adj,Dec,EPS,CY2027,12.472,12.341,-1.1%,12.314,-0.2%,12.268,-0.4%,68.83,5.6,-1.6%,-9.6%,-5.4%,-36.4%
EEFT,Extended,Payments,Financials,Financial Services,Adj,Dec,EPS,CY2028,13.695,13.26,-3.2%,13.295,+0.3%,13.37,+0.6%,68.83,5.1,-2.4%,-9.6%,-5.4%,-36.4%
WEX,Extended,Payments,Financials,Financial Services,Adj,Dec,EPS,CY2025,15.037,15.922,+5.9%,15.95,+0.2%,15.95,+0.0%,141.64,8.9,+6.1%,-4.9%,-12.8%,+11.6%
WEX,Extended,Payments,Financials,Financial Services,Adj,Dec,EPS,CY2026,16.772,17.673,+5.4%,17.557,-0.7%,19.327,+10.1%,141.64,7.3,+15.2%,-4.9%,-12.8%,+11.6%
WEX,Extended,Payments,Financials,Financial Services,Adj,Dec,EPS,CY2027,18.72,19.76,+5.6%,19.471,-1.5%,20.309,+4.3%,141.64,7.0,+8.5%,-4.9%,-12.8%,+11.6%
WEX,Extended,Payments,Financials,Financial Services,Adj,Dec,EPS,CY2028,21.19,21.51,+1.5%,21.474,-0.2%,21.921,+2.1%,141.64,6.5,+3.4%,-4.9%,-12.8%,+11.6%
EQT,Extended,Financials and related,Energy,Energy,Adj,Dec,EPS,CY2025,3.478,2.865,-17.6%,2.937,+2.5%,2.941,+0.1%,55.96,19.0,-15.4%,+4.4%,-0.3%,+0.6%
EQT,Extended,Financials and related,Energy,Energy,Adj,Dec,EPS,CY2026,4.78,4.682,-2.1%,4.442,-5.1%,4.696,+5.7%,55.96,11.9,-1.8%,+4.4%,-0.3%,+0.6%
EQT,Extended,Financials and related,Energy,Energy,Adj,Dec,EPS,CY2027,4.782,5.023,+5.0%,4.838,-3.7%,4.845,+0.1%,55.96,11.6,+1.3%,+4.4%,-0.3%,+0.6%
EQT,Extended,Financials and related,Energy,Energy,Adj,Dec,EPS,CY2028,5.258,5.457,+3.8%,5.345,-2.1%,5.511,+3.1%,55.96,10.2,+4.8%,+4.4%,-0.3%,+0.6%
HLNE,Extended,Financials and related,Financials,Financial Services,Adj,Mar,EPS,CY2025,4.765,5.535,+16.2%,5.758,+4.0%,5.723,-0.6%,89.0,15.6,+20.1%,-33.7%,-33.6%,-45.3%
HLNE,Extended,Financials and related,Financials,Financial Services,Adj,Mar,EPS,CY2026,5.844,6.148,+5.2%,6.469,+5.2%,6.006,-7.2%,89.0,14.8,+2.8%,-33.7%,-33.6%,-45.3%
HLNE,Extended,Financials and related,Financials,Financial Services,Adj,Mar,EPS,CY2027,6.65,7.505,+12.9%,7.718,+2.8%,7.148,-7.4%,89.0,12.5,+7.5%,-33.7%,-33.6%,-45.3%
HLNE,Extended,Financials and related,Financials,Financial Services,Adj,Mar,EPS,CY2028,,8.51,,8.03,-5.6%,6.36,-20.8%,89.0,14.0,,-33.7%,-33.6%,-45.3%
STEP,Extended,Financials and related,Financials,Financial Services,Adj,Mar,EPS,CY2025,1.88,2.03,+8.0%,2.081,+2.5%,2.091,+0.5%,55.74,26.7,+11.2%,-13.1%,-10.9%,+2.5%
STEP,Extended,Financials and related,Financials,Financial Services,Adj,Mar,EPS,CY2026,2.292,2.507,+9.4%,2.526,+0.8%,2.499,-1.1%,55.74,22.3,+9.0%,-13.1%,-10.9%,+2.5%
STEP,Extended,Financials and related,Financials,Financial Services,Adj,Mar,EPS,CY2027,,3.018,,3.182,+5.4%,3.271,+2.8%,55.74,17.0,,-13.1%,-10.9%,+2.5%
STEP,Extended,Financials and related,Financials,Financial Services,Adj,Mar,EPS,CY2028,,3.89,,3.66,-5.9%,3.52,-3.8%,55.74,15.8,,-13.1%,-10.9%,+2.5%
TROW,Extended,Financials and related,Financials,Financial Services,Adj,Dec,EPS,CY2025,8.311,9.705,+16.8%,9.722,+0.2%,9.722,+0.0%,105.33,10.8,+17.0%,+2.9%,+9.9%,+13.6%
TROW,Extended,Financials and related,Financials,Financial Services,Adj,Dec,EPS,CY2026,8.496,10.276,+21.0%,10.079,-1.9%,9.455,-6.2%,105.33,11.1,+11.3%,+2.9%,+9.9%,+13.6%
TROW,Extended,Financials and related,Financials,Financial Services,Adj,Dec,EPS,CY2027,8.588,10.47,+21.9%,10.21,-2.5%,9.49,-7.1%,105.33,11.1,+10.5%,+2.9%,+9.9%,+13.6%
TROW,Extended,Financials and related,Financials,Financial Services,Adj,Dec,EPS,CY2028,10.06,10.69,+6.3%,10.216,-4.4%,9.045,-11.5%,105.33,11.6,-10.1%,+2.9%,+9.9%,+13.6%
SYF,Extended,Financials and related,Financials,Financial Services,Adj,Dec,EPS,CY2025,7.651,9.161,+19.7%,9.23,+0.8%,9.23,+0.0%,73.14,7.9,+20.6%,-12.3%,-1.1%,+31.5%
SYF,Extended,Financials and related,Financials,Financial Services,Adj,Dec,EPS,CY2026,8.597,9.137,+6.3%,9.263,+1.4%,9.288,+0.3%,73.14,7.9,+8.0%,-12.3%,-1.1%,+31.5%
SYF,Extended,Financials and related,Financials,Financial Services,Adj,Dec,EPS,CY2027,9.703,10.038,+3.5%,10.406,+3.7%,10.425,+0.2%,73.14,7.0,+7.4%,-12.3%,-1.1%,+31.5%
SYF,Extended,Financials and related,Financials,Financial Services,Adj,Dec,EPS,CY2028,6.67,8.835,+32.5%,11.356,+28.5%,11.524,+1.5%,73.14,6.3,+72.8%,-12.3%,-1.1%,+31.5%
BFH,Extended,Financials and related,Financials,Financial Services,Adj,Dec,EPS,CY2025,7.089,9.638,+36.0%,10.173,+5.6%,10.173,+0.0%,87.34,8.6,+43.5%,+18.0%,+12.1%,+73.1%
BFH,Extended,Financials and related,Financials,Financial Services,Adj,Dec,EPS,CY2026,8.95,9.217,+3.0%,9.737,+5.6%,10.824,+11.2%,87.34,8.1,+20.9%,+18.0%,+12.1%,+73.1%
BFH,Extended,Financials and related,Financials,Financial Services,Adj,Dec,EPS,CY2027,9.542,10.768,+12.8%,11.253,+4.5%,12.329,+9.6%,87.34,7.1,+29.2%,+18.0%,+12.1%,+73.1%
BFH,Extended,Financials and related,Financials,Financial Services,Adj,Dec,EPS,CY2028,6.65,9.54,+43.5%,12.19,+27.8%,13.503,+10.8%,87.34,6.5,+103.1%,+18.0%,+12.1%,+73.1%
ICE,Extended,Financials and related,Financials,Financial Services,Adj,Dec,EPS,CY2025,6.895,6.903,+0.1%,6.916,+0.2%,6.916,+0.0%,155.82,22.5,+0.3%,-3.8%,-8.1%,-12.6%
ICE,Extended,Financials and related,Financials,Financial Services,Adj,Dec,EPS,CY2026,7.637,7.505,-1.7%,7.554,+0.7%,8.069,+6.8%,155.82,19.3,+5.7%,-3.8%,-8.1%,-12.6%
ICE,Extended,Financials and related,Financials,Financial Services,Adj,Dec,EPS,CY2027,8.318,8.359,+0.5%,8.412,+0.6%,8.783,+4.4%,155.82,17.7,+5.6%,-3.8%,-8.1%,-12.6%
ICE,Extended,Financials and related,Financials,Financial Services,Adj,Dec,EPS,CY2028,9.503,9.167,-3.5%,9.258,+1.0%,9.712,+4.9%,155.82,16.0,+2.2%,-3.8%,-8.1%,-12.6%
CME,Extended,Financials and related,Financials,Financial Services,Adj,Dec,EPS,CY2025,11.162,11.108,-0.5%,11.164,+0.5%,11.164,+0.0%,281.25,25.2,+0.0%,+5.0%,-6.7%,+0.9%
CME,Extended,Financials and related,Financials,Financial Services,Adj,Dec,EPS,CY2026,11.626,11.545,-0.7%,11.71,+1.4%,12.239,+4.5%,281.25,23.0,+5.3%,+5.0%,-6.7%,+0.9%
CME,Extended,Financials and related,Financials,Financial Services,Adj,Dec,EPS,CY2027,12.362,12.214,-1.2%,12.425,+1.7%,12.802,+3.0%,281.25,22.0,+3.6%,+5.0%,-6.7%,+0.9%
CME,Extended,Financials and related,Financials,Financial Services,Adj,Dec,EPS,CY2028,13.207,12.643,-4.3%,13.39,+5.9%,13.585,+1.5%,281.25,20.7,+2.9%,+5.0%,-6.7%,+0.9%
SLM,Extended,Financials and related,Financials,Financial Services,Adj,Dec,EPS,CY2025,3.105,3.219,+3.7%,3.278,+1.8%,3.278,+0.0%,22.47,6.9,+5.6%,-17.0%,-16.3%,-30.2%
SLM,Extended,Financials and related,Financials,Financial Services,Adj,Dec,EPS,CY2026,3.474,3.429,-1.3%,2.742,-20.0%,3.15,+14.9%,22.47,7.1,-9.3%,-17.0%,-16.3%,-30.2%
SLM,Extended,Financials and related,Financials,Financial Services,Adj,Dec,EPS,CY2027,3.818,3.85,+0.8%,3.193,-17.1%,3.384,+6.0%,22.47,6.6,-11.4%,-17.0%,-16.3%,-30.2%
SLM,Extended,Financials and related,Financials,Financial Services,Adj,Dec,EPS,CY2028,,,,3.888,,3.886,-0.1%,22.47,5.8,,-17.0%,-16.3%,-30.2%
CBOE,Extended,Financials and related,Financials,Financial Services,Adj,Dec,EPS,CY2025,9.476,10.252,+8.2%,10.551,+2.9%,10.551,+0.0%,348.56,33.0,+11.3%,+38.9%,+24.1%,+50.4%
CBOE,Extended,Financials and related,Financials,Financial Services,Adj,Dec,EPS,CY2026,9.972,10.798,+8.3%,11.35,+5.1%,13.289,+17.1%,348.56,26.2,+33.3%,+38.9%,+24.1%,+50.4%
CBOE,Extended,Financials and related,Financials,Financial Services,Adj,Dec,EPS,CY2027,10.838,11.485,+6.0%,12.161,+5.9%,13.999,+15.1%,348.56,24.9,+29.2%,+38.9%,+24.1%,+50.4%
CBOE,Extended,Financials and related,Financials,Financial Services,Adj,Dec,EPS,CY2028,11.487,11.963,+4.1%,13.28,+11.0%,15.097,+13.7%,348.56,23.1,+31.4%,+38.9%,+24.1%,+50.4%
NDAQ,Extended,Financials and related,Financials,Financial Services,Adj,Dec,EPS,CY2025,3.194,3.422,+7.1%,3.431,+0.3%,3.431,+0.0%,88.91,25.9,+7.4%,-8.5%,+3.0%,+12.2%
NDAQ,Extended,Financials and related,Financials,Financial Services,Adj,Dec,EPS,CY2026,3.555,3.788,+6.6%,3.882,+2.5%,3.933,+1.3%,88.91,22.6,+10.6%,-8.5%,+3.0%,+12.2%
NDAQ,Extended,Financials and related,Financials,Financial Services,Adj,Dec,EPS,CY2027,3.978,4.227,+6.3%,4.368,+3.3%,4.431,+1.4%,88.91,20.1,+11.4%,-8.5%,+3.0%,+12.2%
NDAQ,Extended,Financials and related,Financials,Financial Services,Adj,Dec,EPS,CY2028,4.507,4.685,+3.9%,5.028,+7.3%,5.06,+0.6%,88.91,17.6,+12.3%,-8.5%,+3.0%,+12.2%
NAVI,Extended,Financials and related,Financials,Financial Services,Adj,Dec,EPS,CY2025,1.086,-0.07,-106.4%,-0.063,+10.0%,-0.063,+0.0%,8.54,-135.6,-105.8%,-34.3%,-14.9%,-36.8%
NAVI,Extended,Financials and related,Financials,Financial Services,Adj,Dec,EPS,CY2026,1.322,1.188,-10.1%,0.761,-35.9%,0.719,-5.5%,8.54,11.9,-45.6%,-34.3%,-14.9%,-36.8%
NAVI,Extended,Financials and related,Financials,Financial Services,Adj,Dec,EPS,CY2027,1.42,1.448,+2.0%,1.04,-28.2%,0.945,-9.1%,8.54,9.0,-33.5%,-34.3%,-14.9%,-36.8%
NAVI,Extended,Financials and related,Financials,Financial Services,Adj,Dec,EPS,CY2028,,,,1.27,,1.175,-7.5%,8.54,7.3,,-34.3%,-14.9%,-36.8%
FG,Extended,Financials and related,Financials,Insurance,Adj,Dec,EPS,CY2025,4.495,4.055,-9.8%,3.91,-3.6%,3.91,+0.0%,28.3,7.2,-13.0%,-8.3%,+1.5%,-6.2%
FG,Extended,Financials and related,Financials,Insurance,Adj,Dec,EPS,CY2026,5.837,5.7,-2.3%,5.67,-0.5%,3.95,-30.3%,28.3,7.2,-32.3%,-8.3%,+1.5%,-6.2%
FG,Extended,Financials and related,Financials,Insurance,Adj,Dec,EPS,CY2027,6.865,6.503,-5.3%,6.625,+1.9%,5.145,-22.3%,28.3,5.5,-25.1%,-8.3%,+1.5%,-6.2%
FG,Extended,Financials and related,Financials,Insurance,Adj,Dec,EPS,CY2028,,,,7.67,,5.74,-25.2%,28.3,4.9,,-8.3%,+1.5%,-6.2%
BEN,Extended,Financials and related,Financials,Financial Services,Adj,Sep,EPS,CY2025,2.04,2.12,+3.9%,2.12,+0.0%,2.12,+0.0%,31.05,14.6,+3.9%,+30.0%,+12.2%,+48.3%
BEN,Extended,Financials and related,Financials,Financial Services,Adj,Sep,EPS,CY2026,2.299,2.475,+7.7%,2.628,+6.2%,2.738,+4.2%,31.05,11.3,+19.1%,+30.0%,+12.2%,+48.3%
BEN,Extended,Financials and related,Financials,Financial Services,Adj,Sep,EPS,CY2027,2.677,2.782,+3.9%,2.917,+4.9%,2.936,+0.7%,31.05,10.6,+9.7%,+30.0%,+12.2%,+48.3%
BEN,Extended,Financials and related,Financials,Financial Services,Adj,Sep,EPS,CY2028,2.063,2.9,+40.6%,3.171,+9.3%,3.231,+1.9%,31.05,9.6,+56.6%,+30.0%,+12.2%,+48.3%
ALLY,Extended,Financials and related,Financials,Financial Services,Adj,Dec,EPS,CY2025,3.37,3.764,+11.7%,3.755,-0.2%,3.755,+0.0%,44.24,11.8,+11.4%,-2.3%,+5.2%,+27.8%
ALLY,Extended,Financials and related,Financials,Financial Services,Adj,Dec,EPS,CY2026,5.43,5.425,-0.1%,5.223,-3.7%,5.228,+0.1%,44.24,8.5,-3.7%,-2.3%,+5.2%,+27.8%
ALLY,Extended,Financials and related,Financials,Financial Services,Adj,Dec,EPS,CY2027,6.147,6.266,+1.9%,6.358,+1.5%,6.431,+1.1%,44.24,6.9,+4.6%,-2.3%,+5.2%,+27.8%
ALLY,Extended,Financials and related,Financials,Financial Services,Adj,Dec,EPS,CY2028,5.67,5.67,+0.0%,7.188,+26.8%,7.147,-0.6%,44.24,6.2,+26.0%,-2.3%,+5.2%,+27.8%
RM,Extended,Financials and related,Financials,Financial Services,Adj,Dec,EPS,CY2025,4.365,4.426,+1.4%,4.433,+0.2%,4.433,+0.0%,35.34,8.0,+1.6%,-8.8%,+1.7%,+22.3%
RM,Extended,Financials and related,Financials,Financial Services,Adj,Dec,EPS,CY2026,6.53,6.15,-5.8%,5.498,-10.6%,5.56,+1.1%,35.34,6.4,-14.9%,-8.8%,+1.7%,+22.3%
RM,Extended,Financials and related,Financials,Financial Services,Adj,Dec,EPS,CY2027,11.76,8.247,-29.9%,7.515,-8.9%,7.323,-2.6%,35.34,4.8,-37.7%,-8.8%,+1.7%,+22.3%
RM,Extended,Financials and related,Financials,Financial Services,Adj,Dec,EPS,CY2028,,,,8.1,,7.38,-8.9%,35.34,4.8,,-8.8%,+1.7%,+22.3%
OMF,Extended,Financials and related,Financials,Financial Services,Adj,Dec,EPS,CY2025,6.113,6.686,+9.4%,6.702,+0.2%,6.702,+0.0%,56.09,8.4,+9.6%,-17.0%,-9.7%,+14.5%
OMF,Extended,Financials and related,Financials,Financial Services,Adj,Dec,EPS,CY2026,8.005,8.147,+1.8%,7.502,-7.9%,7.299,-2.7%,56.09,7.7,-8.8%,-17.0%,-9.7%,+14.5%
OMF,Extended,Financials and related,Financials,Financial Services,Adj,Dec,EPS,CY2027,10.04,10.142,+1.0%,9.15,-9.8%,8.681,-5.1%,56.09,6.5,-13.5%,-17.0%,-9.7%,+14.5%
OMF,Extended,Financials and related,Financials,Financial Services,Adj,Dec,EPS,CY2028,11.3,12.58,+11.3%,11.033,-12.3%,10.208,-7.5%,56.09,5.5,-9.7%,-17.0%,-9.7%,+14.5%
OPRT,Extended,Financials and related,Financials,Financial Services,Adj,Dec,EPS,CY2025,1.13,1.246,+10.3%,1.349,+8.3%,1.349,+0.0%,5.745,4.3,+19.4%,+8.6%,+4.5%,-14.4%
OPRT,Extended,Financials and related,Financials,Financial Services,Adj,Dec,EPS,CY2026,1.6,1.534,-4.1%,1.541,+0.5%,1.53,-0.7%,5.745,3.8,-4.4%,+8.6%,+4.5%,-14.4%
OPRT,Extended,Financials and related,Financials,Financial Services,Adj,Dec,EPS,CY2027,1.87,1.75,-6.4%,1.765,+0.9%,1.803,+2.2%,5.745,3.2,-3.6%,+8.6%,+4.5%,-14.4%
OPRT,Extended,Financials and related,Financials,Financial Services,Adj,Dec,EPS,CY2028,,,,,,2.31,,5.745,2.5,,+8.6%,+4.5%,-14.4%
ENVA,Extended,Financials and related,Financials,Financial Services,Adj,Dec,EPS,CY2025,11.766,12.74,+8.3%,12.733,-0.1%,12.733,+0.0%,174.9,13.7,+8.2%,+11.3%,+10.2%,+84.8%
ENVA,Extended,Financials and related,Financials,Financial Services,Adj,Dec,EPS,CY2026,13.659,14.361,+5.1%,15.729,+9.5%,16.411,+4.3%,174.9,10.7,+20.1%,+11.3%,+10.2%,+84.8%
ENVA,Extended,Financials and related,Financials,Financial Services,Adj,Dec,EPS,CY2027,15.51,17.473,+12.7%,18.348,+5.0%,19.957,+8.8%,174.9,8.8,+28.7%,+11.3%,+10.2%,+84.8%
ENVA,Extended,Financials and related,Financials,Financial Services,Adj,Dec,EPS,CY2028,,,,24.63,,26.48,+7.5%,174.9,6.6,,+11.3%,+10.2%,+84.8%
ECPG,Extended,Financials and related,Financials,Financial Services,Adj,Dec,EPS,CY2025,5.985,9.756,+63.0%,9.68,-0.8%,9.68,+0.0%,83.88,8.7,+61.7%,+54.3%,+43.9%,+107.1%
ECPG,Extended,Financials and related,Financials,Financial Services,Adj,Dec,EPS,CY2026,7.323,9.278,+26.7%,8.993,-3.1%,12.953,+44.0%,83.88,6.5,+76.9%,+54.3%,+43.9%,+107.1%
ECPG,Extended,Financials and related,Financials,Financial Services,Adj,Dec,EPS,CY2027,7.64,10.28,+34.6%,7.83,-23.8%,11.364,+45.1%,83.88,7.4,+48.7%,+54.3%,+43.9%,+107.1%
ECPG,Extended,Financials and related,Financials,Financial Services,Adj,Dec,EPS,CY2028,7.54,10.88,+44.3%,10.88,+0.0%,14.29,+31.3%,83.88,5.9,+89.5%,+54.3%,+43.9%,+107.1%
EQR,Extended,Financials and related,Real Estate,Equity Real Estate Investment,Adj,Dec,EPS,CY2025,1.487,2.407,+61.9%,2.845,+18.2%,2.845,+0.0%,65.54,23.0,+91.3%,+4.0%,+1.3%,-6.3%
EQR,Extended,Financials and related,Real Estate,Equity Real Estate Investment,Adj,Dec,EPS,CY2026,1.373,2.138,+55.7%,1.734,-18.9%,1.343,-22.5%,65.54,48.8,-2.2%,+4.0%,+1.3%,-6.3%
EQR,Extended,Financials and related,Real Estate,Equity Real Estate Investment,Adj,Dec,EPS,CY2027,1.827,2.105,+15.2%,1.571,-25.4%,1.524,-3.0%,65.54,43.0,-16.6%,+4.0%,+1.3%,-6.3%
EQR,Extended,Financials and related,Real Estate,Equity Real Estate Investment,Adj,Dec,EPS,CY2028,2.527,3.15,+24.7%,1.66,-47.3%,1.675,+0.9%,65.54,39.1,-33.7%,+4.0%,+1.3%,-6.3%
MCD,Extended,Food / Restaurants,Consumer Discretionary,Consumer Services,Adj,Dec,EPS,CY2025,12.328,12.149,-1.5%,12.131,-0.1%,12.137,+0.0%,275.75,22.7,-1.5%,-9.8%,-15.3%,-12.1%
MCD,Extended,Food / Restaurants,Consumer Discretionary,Consumer Services,Adj,Dec,EPS,CY2026,13.302,13.238,-0.5%,13.27,+0.2%,13.061,-1.6%,275.75,21.1,-1.8%,-9.8%,-15.3%,-12.1%
MCD,Extended,Food / Restaurants,Consumer Discretionary,Consumer Services,Adj,Dec,EPS,CY2027,14.6,14.41,-1.3%,14.472,+0.4%,14.23,-1.7%,275.75,19.4,-2.5%,-9.8%,-15.3%,-12.1%
MCD,Extended,Food / Restaurants,Consumer Discretionary,Consumer Services,Adj,Dec,EPS,CY2028,16.089,15.568,-3.2%,15.682,+0.7%,15.379,-1.9%,275.75,17.9,-4.4%,-9.8%,-15.3%,-12.1%
YUM,Extended,Food / Restaurants,Consumer Discretionary,Consumer Services,Adj,Dec,EPS,CY2025,6.042,6.064,+0.4%,6.059,-0.1%,6.059,+0.0%,151.95,25.1,+0.3%,+0.4%,-4.4%,+3.3%
YUM,Extended,Food / Restaurants,Consumer Discretionary,Consumer Services,Adj,Dec,EPS,CY2026,6.699,6.675,-0.4%,6.636,-0.6%,6.75,+1.7%,151.95,22.5,+0.8%,+0.4%,-4.4%,+3.3%
YUM,Extended,Food / Restaurants,Consumer Discretionary,Consumer Services,Adj,Dec,EPS,CY2027,7.504,7.475,-0.4%,7.457,-0.2%,7.487,+0.4%,151.95,20.3,-0.2%,+0.4%,-4.4%,+3.3%
YUM,Extended,Food / Restaurants,Consumer Discretionary,Consumer Services,Adj,Dec,EPS,CY2028,8.529,8.511,-0.2%,8.414,-1.1%,8.385,-0.3%,151.95,18.1,-1.7%,+0.4%,-4.4%,+3.3%
WEN,Extended,Food / Restaurants,Consumer Discretionary,Consumer Services,Adj,Dec,EPS,CY2025,0.958,0.867,-9.5%,0.873,+0.7%,0.872,-0.1%,7.3,8.4,-9.0%,-12.4%,-6.5%,-39.2%
WEN,Extended,Food / Restaurants,Consumer Discretionary,Consumer Services,Adj,Dec,EPS,CY2026,1.065,0.903,-15.2%,0.857,-5.1%,0.574,-33.0%,7.3,12.7,-46.1%,-12.4%,-6.5%,-39.2%
WEN,Extended,Food / Restaurants,Consumer Discretionary,Consumer Services,Adj,Dec,EPS,CY2027,1.182,0.979,-17.2%,0.918,-6.2%,0.64,-30.3%,7.3,11.4,-45.9%,-12.4%,-6.5%,-39.2%
WEN,Extended,Food / Restaurants,Consumer Discretionary,Consumer Services,Adj,Dec,EPS,CY2028,1.36,1.118,-17.8%,1.035,-7.4%,0.721,-30.3%,7.3,10.1,-47.0%,-12.4%,-6.5%,-39.2%
YUMC,Extended,Food / Restaurants,Consumer Discretionary,Consumer Services,Adj,Dec,EPS,CY2025,2.535,2.5,-1.4%,2.494,-0.2%,2.494,+0.0%,46.9,18.8,-1.6%,-1.8%,-18.4%,+6.2%
YUMC,Extended,Food / Restaurants,Consumer Discretionary,Consumer Services,Adj,Dec,EPS,CY2026,2.869,2.849,-0.7%,2.902,+1.9%,2.908,+0.2%,46.9,16.1,+1.4%,-1.8%,-18.4%,+6.2%
YUMC,Extended,Food / Restaurants,Consumer Discretionary,Consumer Services,Adj,Dec,EPS,CY2027,3.225,3.175,-1.6%,3.231,+1.8%,3.249,+0.6%,46.9,14.4,+0.7%,-1.8%,-18.4%,+6.2%
YUMC,Extended,Food / Restaurants,Consumer Discretionary,Consumer Services,Adj,Dec,EPS,CY2028,3.767,3.597,-4.5%,3.6,+0.1%,3.581,-0.5%,46.9,13.1,-4.9%,-1.8%,-18.4%,+6.2%
SBUX,Extended,Food / Restaurants,Consumer Discretionary,Consumer Services,Adj,Sep,EPS,CY2025,2.471,2.147,-13.1%,2.147,+0.0%,2.147,+0.0%,104.93,48.9,-13.1%,+24.6%,+6.0%,+30.7%
SBUX,Extended,Food / Restaurants,Consumer Discretionary,Consumer Services,Adj,Sep,EPS,CY2026,3.009,2.449,-18.6%,2.296,-6.2%,2.367,+3.1%,104.93,44.3,-21.3%,+24.6%,+6.0%,+30.7%
SBUX,Extended,Food / Restaurants,Consumer Discretionary,Consumer Services,Adj,Sep,EPS,CY2027,3.649,3.06,-16.1%,2.955,-3.4%,3.028,+2.5%,104.93,34.7,-17.0%,+24.6%,+6.0%,+30.7%
SBUX,Extended,Food / Restaurants,Consumer Discretionary,Consumer Services,Adj,Sep,EPS,CY2028,4.321,3.642,-15.7%,3.635,-0.2%,3.664,+0.8%,104.93,28.6,-15.2%,+24.6%,+6.0%,+30.7%
WING,Extended,Food / Restaurants,Consumer Discretionary,Consumer Services,Adj,Dec,EPS,CY2025,3.868,3.94,+1.9%,3.917,-0.6%,3.919,+0.1%,129.67,33.1,+1.3%,-45.6%,-54.0%,-51.5%
WING,Extended,Food / Restaurants,Consumer Discretionary,Consumer Services,Adj,Dec,EPS,CY2026,4.919,4.853,-1.3%,4.766,-1.8%,4.576,-4.0%,129.67,28.3,-7.0%,-45.6%,-54.0%,-51.5%
WING,Extended,Food / Restaurants,Consumer Discretionary,Consumer Services,Adj,Dec,EPS,CY2027,6.294,6.258,-0.6%,6.071,-3.0%,5.591,-7.9%,129.67,23.2,-11.2%,-45.6%,-54.0%,-51.5%
WING,Extended,Food / Restaurants,Consumer Discretionary,Consumer Services,Adj,Dec,EPS,CY2028,7.632,7.849,+2.8%,7.64,-2.7%,6.885,-9.9%,129.67,18.8,-9.8%,-45.6%,-54.0%,-51.5%
CAVA,Extended,Food / Restaurants,Consumer Discretionary,Consumer Services,Adj,Dec,EPS,CY2025,0.538,0.534,-0.7%,0.527,-1.3%,0.528,+0.2%,79.4,150.4,-1.9%,+35.3%,+9.5%,-15.5%
CAVA,Extended,Food / Restaurants,Consumer Discretionary,Consumer Services,Adj,Dec,EPS,CY2026,0.702,0.605,-13.8%,0.578,-4.5%,0.53,-8.3%,79.4,149.8,-24.5%,+35.3%,+9.5%,-15.5%
CAVA,Extended,Food / Restaurants,Consumer Discretionary,Consumer Services,Adj,Dec,EPS,CY2027,0.988,0.755,-23.6%,0.747,-1.1%,0.723,-3.2%,79.4,109.8,-26.8%,+35.3%,+9.5%,-15.5%
CAVA,Extended,Food / Restaurants,Consumer Discretionary,Consumer Services,Adj,Dec,EPS,CY2028,1.313,1.057,-19.5%,1.022,-3.3%,1.002,-2.0%,79.4,79.2,-23.7%,+35.3%,+9.5%,-15.5%
BROS,Extended,Food / Restaurants,Consumer Discretionary,Consumer Services,Adj,Dec,EPS,CY2025,0.609,0.669,+9.9%,0.661,-1.2%,0.661,+0.0%,52.71,79.7,+8.5%,-13.9%,-7.3%,-16.9%
BROS,Extended,Food / Restaurants,Consumer Discretionary,Consumer Services,Adj,Dec,EPS,CY2026,0.826,0.886,+7.3%,0.865,-2.4%,0.932,+7.7%,52.71,56.6,+12.8%,-13.9%,-7.3%,-16.9%
BROS,Extended,Food / Restaurants,Consumer Discretionary,Consumer Services,Adj,Dec,EPS,CY2027,1.055,1.146,+8.6%,1.127,-1.7%,1.211,+7.5%,52.71,43.5,+14.8%,-13.9%,-7.3%,-16.9%
BROS,Extended,Food / Restaurants,Consumer Discretionary,Consumer Services,Adj,Dec,EPS,CY2028,1.473,1.558,+5.8%,1.434,-8.0%,1.549,+8.0%,52.71,34.0,+5.2%,-13.9%,-7.3%,-16.9%
SHAK,Extended,Food / Restaurants,Consumer Discretionary,Consumer Services,Adj,Dec,EPS,CY2025,1.312,1.328,+1.2%,1.281,-3.5%,1.281,+0.0%,70.14,54.8,-2.4%,-13.6%,-27.8%,-33.1%
SHAK,Extended,Food / Restaurants,Consumer Discretionary,Consumer Services,Adj,Dec,EPS,CY2026,1.67,1.624,-2.8%,1.406,-13.4%,1.283,-8.7%,70.14,54.7,-23.2%,-13.6%,-27.8%,-33.1%
SHAK,Extended,Food / Restaurants,Consumer Discretionary,Consumer Services,Adj,Dec,EPS,CY2027,2.166,2.104,-2.9%,1.784,-15.2%,1.666,-6.6%,70.14,42.1,-23.1%,-13.6%,-27.8%,-33.1%
SHAK,Extended,Food / Restaurants,Consumer Discretionary,Consumer Services,Adj,Dec,EPS,CY2028,2.737,2.8,+2.3%,2.491,-11.0%,2.151,-13.6%,70.14,32.6,-21.4%,-13.6%,-27.8%,-33.1%
ARCO,Extended,Food / Restaurants,Consumer Discretionary,Consumer Services,Adj,Dec,EPS,CY2025,0.676,0.549,-18.8%,0.825,+50.3%,0.807,-2.2%,9.02,11.2,+19.4%,+22.9%,+5.4%,+12.5%
ARCO,Extended,Food / Restaurants,Consumer Discretionary,Consumer Services,Adj,Dec,EPS,CY2026,0.813,0.676,-16.9%,0.67,-0.9%,0.717,+7.0%,9.02,12.6,-11.8%,+22.9%,+5.4%,+12.5%
ARCO,Extended,Food / Restaurants,Consumer Discretionary,Consumer Services,Adj,Dec,EPS,CY2027,1.023,0.76,-25.7%,0.788,+3.7%,0.853,+8.2%,9.02,10.6,-16.6%,+22.9%,+5.4%,+12.5%
ARCO,Extended,Food / Restaurants,Consumer Discretionary,Consumer Services,Adj,Dec,EPS,CY2028,,0.855,,0.945,+10.5%,1.018,+7.7%,9.02,8.9,,+22.9%,+5.4%,+12.5%
EAT,Extended,Food / Restaurants,Consumer Discretionary,Consumer Services,Adj,Dec,EPS,CY2025,0.325,0.165,-49.2%,0.145,-12.1%,0.077,-46.9%,10.42,135.3,-76.3%,-22.2%,-22.4%,-36.5%
EAT,Extended,Food / Restaurants,Consumer Discretionary,Consumer Services,Adj,Dec,EPS,CY2026,0.405,0.285,-29.6%,0.27,-5.3%,0.177,-34.4%,10.42,58.9,-56.3%,-22.2%,-22.4%,-36.5%
EAT,Extended,Food / Restaurants,Consumer Discretionary,Consumer Services,Adj,Dec,EPS,CY2027,0.36,0.36,+0.0%,0.345,-4.2%,0.213,-38.3%,10.42,48.9,-40.8%,-22.2%,-22.4%,-36.5%
EAT,Extended,Food / Restaurants,Consumer Discretionary,Consumer Services,Adj,Dec,EPS,CY2028,,,,,,0.205,,10.42,50.8,,-22.2%,-22.4%,-36.5%
DMP,Extended,Food / Restaurants,Consumer Discretionary,Consumer Services,Adj,Jun,EPS,CY2025,1.304,1.266,-2.9%,1.266,+0.0%,1.266,+0.0%,16.08,12.7,-2.9%,-23.4%,-28.3%,-36.2%
DMP,Extended,Food / Restaurants,Consumer Discretionary,Consumer Services,Adj,Jun,EPS,CY2026,1.532,1.247,-18.6%,1.266,+1.5%,1.26,-0.5%,16.08,12.8,-17.8%,-23.4%,-28.3%,-36.2%
DMP,Extended,Food / Restaurants,Consumer Discretionary,Consumer Services,Adj,Jun,EPS,CY2027,1.799,1.411,-21.6%,1.434,+1.6%,1.393,-2.9%,16.08,11.5,-22.6%,-23.4%,-28.3%,-36.2%
DMP,Extended,Food / Restaurants,Consumer Discretionary,Consumer Services,Adj,Jun,EPS,CY2028,2.338,1.628,-30.4%,1.618,-0.6%,1.549,-4.3%,16.08,10.4,-33.7%,-23.4%,-28.3%,-36.2%
DOM,Extended,Food / Restaurants,Consumer Discretionary,Consumer Services,Adj,Dec,EPS,CY2025,0.207,0.181,-12.6%,0.175,-3.3%,0.176,+0.6%,190.5,10.8,-15.0%,+9.9%,-1.8%,-28.3%
DOM,Extended,Food / Restaurants,Consumer Discretionary,Consumer Services,Adj,Dec,EPS,CY2026,0.227,0.194,-14.5%,0.183,-5.7%,0.181,-1.1%,190.5,10.5,-20.3%,+9.9%,-1.8%,-28.3%
DOM,Extended,Food / Restaurants,Consumer Discretionary,Consumer Services,Adj,Dec,EPS,CY2027,0.251,0.212,-15.5%,0.196,-7.5%,0.194,-1.0%,190.5,9.8,-22.7%,+9.9%,-1.8%,-28.3%
DOM,Extended,Food / Restaurants,Consumer Discretionary,Consumer Services,Adj,Dec,EPS,CY2028,,0.227,,0.219,-3.5%,0.203,-7.3%,190.5,9.4,,+9.9%,-1.8%,-28.3%
LW,Extended,Food / Restaurants,Consumer Staples,"Food, Beverage & Tobacco",Adj,May,EPS,CY2025,3.13,3.116,-0.4%,3.116,+0.0%,3.116,+0.0%,42.01,13.5,-0.4%,+0.3%,-17.1%,-17.4%
LW,Extended,Food / Restaurants,Consumer Staples,"Food, Beverage & Tobacco",Adj,May,EPS,CY2026,3.507,3.078,-12.2%,2.72,-11.6%,2.799,+2.9%,42.01,15.0,-20.2%,+0.3%,-17.1%,-17.4%
LW,Extended,Food / Restaurants,Consumer Staples,"Food, Beverage & Tobacco",Adj,May,EPS,CY2027,3.916,3.55,-9.3%,3.036,-14.5%,2.968,-2.2%,42.01,14.2,-24.2%,+0.3%,-17.1%,-17.4%
LW,Extended,Food / Restaurants,Consumer Staples,"Food, Beverage & Tobacco",Adj,May,EPS,CY2028,4.96,4.06,-18.1%,3.543,-12.7%,3.413,-3.7%,42.01,12.3,-31.2%,+0.3%,-17.1%,-17.4%
SYY,Extended,Food / Restaurants,Consumer Staples,Consumer Staples Distribution,Adj,Jun,EPS,CY2025,4.404,4.376,-0.6%,4.376,+0.0%,4.376,+0.0%,72.44,16.6,-0.6%,-1.7%,-16.2%,+2.4%
SYY,Extended,Food / Restaurants,Consumer Staples,Consumer Staples Distribution,Adj,Jun,EPS,CY2026,4.684,4.576,-2.3%,4.593,+0.4%,4.59,-0.1%,72.44,15.8,-2.0%,-1.7%,-16.2%,+2.4%
SYY,Extended,Food / Restaurants,Consumer Staples,Consumer Staples Distribution,Adj,Jun,EPS,CY2027,5.163,5.052,-2.1%,5.095,+0.9%,4.946,-2.9%,72.44,14.6,-4.2%,-1.7%,-16.2%,+2.4%
SYY,Extended,Food / Restaurants,Consumer Staples,Consumer Staples Distribution,Adj,Jun,EPS,CY2028,5.622,5.486,-2.4%,5.521,+0.6%,5.285,-4.3%,72.44,13.7,-6.0%,-1.7%,-16.2%,+2.4%
USFD,Extended,Food / Restaurants,Consumer Staples,Consumer Staples Distribution,Adj,Dec,EPS,CY2025,3.792,3.935,+3.8%,3.941,+0.2%,3.941,+0.0%,84.4,21.4,+3.9%,+12.1%,-6.3%,+17.7%
USFD,Extended,Food / Restaurants,Consumer Staples,Consumer Staples Distribution,Adj,Dec,EPS,CY2026,4.538,4.668,+2.9%,4.708,+0.9%,4.735,+0.6%,84.4,17.8,+4.3%,+12.1%,-6.3%,+17.7%
USFD,Extended,Food / Restaurants,Consumer Staples,Consumer Staples Distribution,Adj,Dec,EPS,CY2027,5.233,5.491,+4.9%,5.523,+0.6%,5.547,+0.4%,84.4,15.2,+6.0%,+12.1%,-6.3%,+17.7%
USFD,Extended,Food / Restaurants,Consumer Staples,Consumer Staples Distribution,Adj,Dec,EPS,CY2028,6.04,6.581,+9.0%,6.56,-0.3%,6.462,-1.5%,84.4,13.1,+7.0%,+12.1%,-6.3%,+17.7%
PZZA,Extended,Food / Restaurants,Consumer Discretionary,Consumer Services,Adj,Dec,EPS,CY2025,1.752,1.465,-16.4%,1.428,-2.5%,1.406,-1.5%,31.14,22.1,-19.7%,-19.1%,-10.6%,-18.6%
PZZA,Extended,Food / Restaurants,Consumer Discretionary,Consumer Services,Adj,Dec,EPS,CY2026,2.357,1.909,-19.0%,1.863,-2.4%,1.487,-20.2%,31.14,20.9,-36.9%,-19.1%,-10.6%,-18.6%
PZZA,Extended,Food / Restaurants,Consumer Discretionary,Consumer Services,Adj,Dec,EPS,CY2027,2.825,2.432,-13.9%,2.239,-7.9%,1.775,-20.7%,31.14,17.5,-37.2%,-19.1%,-10.6%,-18.6%
PZZA,Extended,Food / Restaurants,Consumer Discretionary,Consumer Services,Adj,Dec,EPS,CY2028,3.775,2.895,-23.3%,2.475,-14.5%,1.99,-19.6%,31.14,15.6,-47.3%,-19.1%,-10.6%,-18.6%
CASY,Extended,Food / Restaurants,Consumer Staples,Consumer Staples Distribution,Adj,Apr,EPS,CY2025,14.085,13.951,-1.0%,13.951,+0.0%,13.951,+0.0%,859.49,61.6,-1.0%,+55.5%,+30.4%,+91.6%
CASY,Extended,Food / Restaurants,Consumer Staples,Consumer Staples Distribution,Adj,Apr,EPS,CY2026,15.827,16.386,+3.5%,17.419,+6.3%,18.124,+4.0%,859.49,47.4,+14.5%,+55.5%,+30.4%,+91.6%
CASY,Extended,Food / Restaurants,Consumer Staples,Consumer Staples Distribution,Adj,Apr,EPS,CY2027,17.896,18.269,+2.1%,19.293,+5.6%,20.161,+4.5%,859.49,42.6,+12.7%,+55.5%,+30.4%,+91.6%
CASY,Extended,Food / Restaurants,Consumer Staples,Consumer Staples Distribution,Adj,Apr,EPS,CY2028,,20.486,,21.32,+4.1%,22.228,+4.3%,859.49,38.7,,+55.5%,+30.4%,+91.6%
ACI,Extended,Food / Restaurants,Consumer Staples,Consumer Staples Distribution,Adj,Feb,EPS,CY2025,2.12,2.15,+1.4%,2.141,-0.4%,2.143,+0.1%,16.02,7.5,+1.1%,-6.7%,-11.8%,-28.7%
ACI,Extended,Food / Restaurants,Consumer Staples,Consumer Staples Distribution,Adj,Feb,EPS,CY2026,2.245,2.321,+3.4%,2.286,-1.5%,2.299,+0.6%,16.02,7.0,+2.4%,-6.7%,-11.8%,-28.7%
ACI,Extended,Food / Restaurants,Consumer Staples,Consumer Staples Distribution,Adj,Feb,EPS,CY2027,2.411,2.486,+3.1%,2.487,+0.0%,2.445,-1.7%,16.02,6.6,+1.4%,-6.7%,-11.8%,-28.7%
ACI,Extended,Food / Restaurants,Consumer Staples,Consumer Staples Distribution,Adj,Feb,EPS,CY2028,2.193,2.466,+12.4%,2.63,+6.7%,2.63,+0.0%,16.02,6.1,+19.9%,-6.7%,-11.8%,-28.7%
DIN,Extended,Food / Restaurants,Consumer Discretionary,Consumer Services,Adj,Dec,EPS,CY2025,5.009,4.046,-19.2%,4.01,-0.9%,3.984,-0.6%,28.38,7.1,-20.5%,-11.7%,-20.6%,+26.5%
DIN,Extended,Food / Restaurants,Consumer Discretionary,Consumer Services,Adj,Dec,EPS,CY2026,5.329,4.814,-9.7%,4.834,+0.4%,4.567,-5.5%,28.38,6.2,-14.3%,-11.7%,-20.6%,+26.5%
DIN,Extended,Food / Restaurants,Consumer Discretionary,Consumer Services,Adj,Dec,EPS,CY2027,6.17,5.117,-17.1%,5.185,+1.3%,5.172,-0.3%,28.38,5.5,-16.2%,-11.7%,-20.6%,+26.5%
DIN,Extended,Food / Restaurants,Consumer Discretionary,Consumer Services,Adj,Dec,EPS,CY2028,7.0,6.75,-3.6%,6.74,-0.1%,5.875,-12.8%,28.38,4.8,-16.1%,-11.7%,-20.6%,+26.5%
KR,Extended,Food / Restaurants,Consumer Staples,Consumer Staples Distribution,Adj,Jan,EPS,CY2025,4.747,4.8,+1.1%,4.796,-0.1%,4.805,+0.2%,65.64,13.7,+1.2%,+5.1%,-6.4%,-8.7%
KR,Extended,Food / Restaurants,Consumer Staples,Consumer Staples Distribution,Adj,Jan,EPS,CY2026,5.115,5.254,+2.7%,5.269,+0.3%,5.232,-0.7%,65.64,12.5,+2.3%,+5.1%,-6.4%,-8.7%
KR,Extended,Food / Restaurants,Consumer Staples,Consumer Staples Distribution,Adj,Jan,EPS,CY2027,5.389,5.586,+3.7%,5.577,-0.2%,5.622,+0.8%,65.64,11.7,+4.3%,+5.1%,-6.4%,-8.7%
KR,Extended,Food / Restaurants,Consumer Staples,Consumer Staples Distribution,Adj,Jan,EPS,CY2028,5.18,5.558,+7.3%,5.809,+4.5%,6.0,+3.3%,65.64,10.9,+15.8%,+5.1%,-6.4%,-8.7%
MRSH,Extended,Insurance Brokers / Consultants,Financials,Insurance,Adj,Dec,EPS,CY2025,9.572,9.605,+0.3%,9.602,-0.0%,9.602,+0.0%,163.25,17.0,+0.3%,-12.0%,-4.6%,-28.0%
MRSH,Extended,Insurance Brokers / Consultants,Financials,Insurance,Adj,Dec,EPS,CY2026,10.385,10.312,-0.7%,10.375,+0.6%,10.375,+0.0%,163.25,15.7,-0.1%,-12.0%,-4.6%,-28.0%
MRSH,Extended,Insurance Brokers / Consultants,Financials,Insurance,Adj,Dec,EPS,CY2027,11.345,11.235,-1.0%,11.307,+0.6%,11.288,-0.2%,163.25,14.5,-0.5%,-12.0%,-4.6%,-28.0%
MRSH,Extended,Insurance Brokers / Consultants,Financials,Insurance,Adj,Dec,EPS,CY2028,13.013,12.837,-1.4%,12.351,-3.8%,12.275,-0.6%,163.25,13.3,-5.7%,-12.0%,-4.6%,-28.0%
WTW,Extended,Insurance Brokers / Consultants,Financials,Insurance,Adj,Dec,EPS,CY2025,16.765,16.982,+1.3%,16.945,-0.2%,16.945,+0.0%,256.36,15.1,+1.1%,-22.0%,-11.6%,-17.1%
WTW,Extended,Insurance Brokers / Consultants,Financials,Insurance,Adj,Dec,EPS,CY2026,19.114,19.379,+1.4%,19.516,+0.7%,19.533,+0.1%,256.36,13.1,+2.2%,-22.0%,-11.6%,-17.1%
WTW,Extended,Insurance Brokers / Consultants,Financials,Insurance,Adj,Dec,EPS,CY2027,21.779,22.147,+1.7%,22.236,+0.4%,22.172,-0.3%,256.36,11.6,+1.8%,-22.0%,-11.6%,-17.1%
WTW,Extended,Insurance Brokers / Consultants,Financials,Insurance,Adj,Dec,EPS,CY2028,24.59,24.84,+1.0%,24.897,+0.2%,25.017,+0.5%,256.36,10.2,+1.7%,-22.0%,-11.6%,-17.1%
AJG,Extended,Insurance Brokers / Consultants,Financials,Insurance,Adj,Dec,EPS,CY2025,11.0,10.908,-0.8%,10.7,-1.9%,10.7,+0.0%,198.87,18.6,-2.7%,-23.2%,-8.7%,-41.2%
AJG,Extended,Insurance Brokers / Consultants,Financials,Insurance,Adj,Dec,EPS,CY2026,13.378,13.474,+0.7%,13.304,-1.3%,13.215,-0.7%,198.87,15.0,-1.2%,-23.2%,-8.7%,-41.2%
AJG,Extended,Insurance Brokers / Consultants,Financials,Insurance,Adj,Dec,EPS,CY2027,15.125,15.103,-0.1%,14.746,-2.4%,14.821,+0.5%,198.87,13.4,-2.0%,-23.2%,-8.7%,-41.2%
AJG,Extended,Insurance Brokers / Consultants,Financials,Insurance,Adj,Dec,EPS,CY2028,16.627,15.615,-6.1%,16.494,+5.6%,16.723,+1.4%,198.87,11.9,+0.6%,-23.2%,-8.7%,-41.2%
BRO,Extended,Insurance Brokers / Consultants,Financials,Insurance,Adj,Dec,EPS,CY2025,4.17,4.262,+2.2%,4.264,+0.0%,4.264,+0.0%,56.45,13.2,+2.3%,-29.2%,-17.8%,-49.3%
BRO,Extended,Insurance Brokers / Consultants,Financials,Insurance,Adj,Dec,EPS,CY2026,4.465,4.694,+5.1%,4.531,-3.5%,4.509,-0.5%,56.45,12.5,+1.0%,-29.2%,-17.8%,-49.3%
BRO,Extended,Insurance Brokers / Consultants,Financials,Insurance,Adj,Dec,EPS,CY2027,4.826,5.116,+6.0%,4.997,-2.3%,4.787,-4.2%,56.45,11.8,-0.8%,-29.2%,-17.8%,-49.3%
BRO,Extended,Insurance Brokers / Consultants,Financials,Insurance,Adj,Dec,EPS,CY2028,,,,5.443,,5.161,-5.2%,56.45,10.9,,-29.2%,-17.8%,-49.3%
ACN,Extended,Insurance Brokers / Consultants,Information Technology,Software & Services,Adj,Aug,EPS,CY2025,12.72,12.899,+1.4%,12.899,+0.0%,12.899,+0.0%,180.42,14.0,+1.4%,-32.8%,-23.8%,-41.4%
ACN,Extended,Insurance Brokers / Consultants,Information Technology,Software & Services,Adj,Aug,EPS,CY2026,13.637,13.807,+1.2%,13.828,+0.2%,13.887,+0.4%,180.42,13.0,+1.8%,-32.8%,-23.8%,-41.4%
ACN,Extended,Insurance Brokers / Consultants,Information Technology,Software & Services,Adj,Aug,EPS,CY2027,14.889,14.906,+0.1%,14.917,+0.1%,14.972,+0.4%,180.42,12.1,+0.6%,-32.8%,-23.8%,-41.4%
ACN,Extended,Insurance Brokers / Consultants,Information Technology,Software & Services,Adj,Aug,EPS,CY2028,17.014,16.118,-5.3%,16.24,+0.8%,16.317,+0.5%,180.42,11.1,-4.1%,-32.8%,-23.8%,-41.4%
CTSH,Extended,Insurance Brokers / Consultants,Information Technology,Software & Services,Adj,Dec,EPS,CY2025,5.108,5.249,+2.8%,5.248,-0.0%,5.248,+0.0%,51.68,9.8,+2.7%,-37.7%,-30.7%,-34.7%
CTSH,Extended,Insurance Brokers / Consultants,Information Technology,Software & Services,Adj,Dec,EPS,CY2026,5.465,5.632,+3.1%,5.641,+0.2%,5.691,+0.9%,51.68,9.1,+4.1%,-37.7%,-30.7%,-34.7%
CTSH,Extended,Insurance Brokers / Consultants,Information Technology,Software & Services,Adj,Dec,EPS,CY2027,5.914,6.118,+3.4%,6.144,+0.4%,6.148,+0.1%,51.68,8.4,+4.0%,-37.7%,-30.7%,-34.7%
CTSH,Extended,Insurance Brokers / Consultants,Information Technology,Software & Services,Adj,Dec,EPS,CY2028,6.13,6.445,+5.1%,6.706,+4.0%,6.667,-0.6%,51.68,7.8,+8.8%,-37.7%,-30.7%,-34.7%
CNDT,Extended,Insurance Brokers / Consultants,Industrials,Commercial & Professional Serv,Adj,Dec,EPS,CY2025,-0.29,-0.285,+1.7%,-0.42,-47.4%,-0.42,+0.0%,1.76,-4.2,-44.8%,-8.3%,+18.9%,-21.8%
CNDT,Extended,Insurance Brokers / Consultants,Industrials,Commercial & Professional Serv,Adj,Dec,EPS,CY2026,0.0,0.02,,0.005,-75.0%,-0.46,-9300.0%,1.76,-3.8,,-8.3%,+18.9%,-21.8%
CNDT,Extended,Insurance Brokers / Consultants,Industrials,Commercial & Professional Serv,Adj,Dec,EPS,CY2027,,,,0.16,,-0.06,-137.5%,1.76,-29.3,,-8.3%,+18.9%,-21.8%
CNDT,Extended,Insurance Brokers / Consultants,Industrials,Commercial & Professional Serv,Adj,Dec,EPS,CY2028,,,,,,,,1.76,,,-8.3%,+18.9%,-21.8%
TCS,Extended,Insurance Brokers / Consultants,Information Technology,Software & Services,GAAP,Mar,EPS,CY2025,143.434,141.912,-1.1%,139.642,-1.6%,140.162,+0.4%,2394.4,17.1,-2.3%,-24.2%,-18.8%,-29.4%
TCS,Extended,Insurance Brokers / Consultants,Information Technology,Software & Services,GAAP,Mar,EPS,CY2026,157.344,151.86,-3.5%,153.793,+1.3%,155.341,+1.0%,2394.4,15.4,-1.3%,-24.2%,-18.8%,-29.4%
TCS,Extended,Insurance Brokers / Consultants,Information Technology,Software & Services,GAAP,Mar,EPS,CY2027,168.629,163.153,-3.2%,166.222,+1.9%,165.158,-0.6%,2394.4,14.5,-2.1%,-24.2%,-18.8%,-29.4%
TCS,Extended,Insurance Brokers / Consultants,Information Technology,Software & Services,GAAP,Mar,EPS,CY2028,211.22,170.003,-19.5%,180.863,+6.4%,173.362,-4.1%,2394.4,13.8,-17.9%,-24.2%,-18.8%,-29.4%
DXC,Extended,Insurance Brokers / Consultants,Information Technology,Software & Services,Adj,Mar,EPS,CY2025,3.403,3.117,-8.4%,3.178,+2.0%,3.178,+0.0%,9.43,3.0,-6.6%,-35.6%,-34.1%,-42.0%
DXC,Extended,Insurance Brokers / Consultants,Information Technology,Software & Services,Adj,Mar,EPS,CY2026,3.483,3.144,-9.7%,3.272,+4.1%,2.768,-15.4%,9.43,3.4,-20.5%,-35.6%,-34.1%,-42.0%
DXC,Extended,Insurance Brokers / Consultants,Information Technology,Software & Services,Adj,Mar,EPS,CY2027,,3.36,,3.56,+6.0%,3.265,-8.3%,9.43,2.9,,-35.6%,-34.1%,-42.0%
DXC,Extended,Insurance Brokers / Consultants,Information Technology,Software & Services,Adj,Mar,EPS,CY2028,,2.84,,3.25,+14.4%,3.14,-3.4%,9.43,3.0,,-35.6%,-34.1%,-42.0%
RHI,Extended,Insurance Brokers / Consultants,Industrials,Commercial & Professional Serv,Adj,Dec,EPS,CY2025,1.791,1.335,-25.5%,1.327,-0.6%,1.327,+0.0%,27.03,20.4,-25.9%,-0.5%,-7.2%,-39.7%
RHI,Extended,Insurance Brokers / Consultants,Industrials,Commercial & Professional Serv,Adj,Dec,EPS,CY2026,2.73,1.82,-33.3%,1.501,-17.5%,1.32,-12.1%,27.03,20.5,-51.6%,-0.5%,-7.2%,-39.7%
RHI,Extended,Insurance Brokers / Consultants,Industrials,Commercial & Professional Serv,Adj,Dec,EPS,CY2027,3.813,2.686,-29.6%,2.342,-12.8%,2.073,-11.5%,27.03,13.0,-45.6%,-0.5%,-7.2%,-39.7%
RHI,Extended,Insurance Brokers / Consultants,Industrials,Commercial & Professional Serv,Adj,Dec,EPS,CY2028,3.09,3.355,+8.6%,2.996,-10.7%,2.642,-11.8%,27.03,10.2,-14.5%,-0.5%,-7.2%,-39.7%
MAN,Extended,Insurance Brokers / Consultants,Industrials,Commercial & Professional Serv,Adj,Dec,EPS,CY2025,2.924,2.904,-0.7%,2.87,-1.2%,2.87,+0.0%,29.84,10.4,-1.8%,+0.4%,-12.2%,-27.9%
MAN,Extended,Insurance Brokers / Consultants,Industrials,Commercial & Professional Serv,Adj,Dec,EPS,CY2026,4.44,3.863,-13.0%,3.723,-3.6%,3.676,-1.3%,29.84,8.1,-17.2%,+0.4%,-12.2%,-27.9%
MAN,Extended,Insurance Brokers / Consultants,Industrials,Commercial & Professional Serv,Adj,Dec,EPS,CY2027,5.778,5.534,-4.2%,5.034,-9.0%,4.79,-4.8%,29.84,6.2,-17.1%,+0.4%,-12.2%,-27.9%
MAN,Extended,Insurance Brokers / Consultants,Industrials,Commercial & Professional Serv,Adj,Dec,EPS,CY2028,5.7,6.38,+11.9%,6.22,-2.5%,6.382,+2.6%,29.84,4.7,+12.0%,+0.4%,-12.2%,-27.9%
FCN,Extended,Insurance Brokers / Consultants,Industrials,Commercial & Professional Serv,Adj,Dec,EPS,CY2025,8.117,8.507,+4.8%,8.513,+0.1%,8.513,+0.0%,163.9,19.3,+4.9%,-4.1%,-7.1%,-0.6%
FCN,Extended,Insurance Brokers / Consultants,Industrials,Commercial & Professional Serv,Adj,Dec,EPS,CY2026,9.04,9.467,+4.7%,9.48,+0.1%,9.28,-2.1%,163.9,17.7,+2.7%,-4.1%,-7.1%,-0.6%
FCN,Extended,Insurance Brokers / Consultants,Industrials,Commercial & Professional Serv,Adj,Dec,EPS,CY2027,10.63,11.08,+4.2%,11.115,+0.3%,11.097,-0.2%,163.9,14.8,+4.4%,-4.1%,-7.1%,-0.6%
FCN,Extended,Insurance Brokers / Consultants,Industrials,Commercial & Professional Serv,Adj,Dec,EPS,CY2028,,,,,,12.16,,163.9,13.5,,-4.1%,-7.1%,-0.6%
JLL,Extended,Insurance Brokers / Consultants,Real Estate,Real Estate Management & Devel,Adj,Dec,EPS,CY2025,16.458,17.012,+3.4%,17.425,+2.4%,17.431,+0.0%,329.87,18.9,+5.9%,-2.0%,-4.8%,+43.7%
JLL,Extended,Insurance Brokers / Consultants,Real Estate,Real Estate Management & Devel,Adj,Dec,EPS,CY2026,19.528,20.201,+3.4%,20.502,+1.5%,22.73,+10.9%,329.87,14.5,+16.4%,-2.0%,-4.8%,+43.7%
JLL,Extended,Insurance Brokers / Consultants,Real Estate,Real Estate Management & Devel,Adj,Dec,EPS,CY2027,21.61,22.924,+6.1%,23.258,+1.5%,25.772,+10.8%,329.87,12.8,+19.3%,-2.0%,-4.8%,+43.7%
JLL,Extended,Insurance Brokers / Consultants,Real Estate,Real Estate Management & Devel,Adj,Dec,EPS,CY2028,25.198,25.665,+1.9%,26.288,+2.4%,28.969,+10.2%,329.87,11.4,+15.0%,-2.0%,-4.8%,+43.7%
G,Extended,Insurance Brokers / Consultants,Industrials,Commercial & Professional Serv,Adj,Dec,EPS,CY2025,3.469,3.599,+3.7%,3.619,+0.6%,3.619,+0.0%,32.56,9.0,+4.3%,-30.4%,-17.5%,-23.3%
G,Extended,Insurance Brokers / Consultants,Industrials,Commercial & Professional Serv,Adj,Dec,EPS,CY2026,3.759,3.928,+4.5%,4.004,+1.9%,4.048,+1.1%,32.56,8.0,+7.7%,-30.4%,-17.5%,-23.3%
G,Extended,Insurance Brokers / Consultants,Industrials,Commercial & Professional Serv,Adj,Dec,EPS,CY2027,4.182,4.373,+4.6%,4.432,+1.3%,4.461,+0.7%,32.56,7.3,+6.7%,-30.4%,-17.5%,-23.3%
G,Extended,Insurance Brokers / Consultants,Industrials,Commercial & Professional Serv,Adj,Dec,EPS,CY2028,4.72,4.735,+0.3%,5.033,+6.3%,4.993,-0.8%,32.56,6.5,+5.8%,-30.4%,-17.5%,-23.3%
CBRE,Extended,Insurance Brokers / Consultants,Real Estate,Real Estate Management & Devel,Adj,Dec,EPS,CY2025,5.939,6.328,+6.5%,6.33,+0.0%,6.337,+0.1%,146.33,23.1,+6.7%,-9.0%,-14.4%,+15.6%
CBRE,Extended,Insurance Brokers / Consultants,Real Estate,Real Estate Management & Devel,Adj,Dec,EPS,CY2026,7.012,7.357,+4.9%,7.351,-0.1%,7.69,+4.6%,146.33,19.0,+9.7%,-9.0%,-14.4%,+15.6%
CBRE,Extended,Insurance Brokers / Consultants,Real Estate,Real Estate Management & Devel,Adj,Dec,EPS,CY2027,8.069,8.517,+5.6%,8.565,+0.6%,8.919,+4.1%,146.33,16.4,+10.5%,-9.0%,-14.4%,+15.6%
CBRE,Extended,Insurance Brokers / Consultants,Real Estate,Real Estate Management & Devel,Adj,Dec,EPS,CY2028,9.206,9.74,+5.8%,9.763,+0.2%,10.173,+4.2%,146.33,14.4,+10.5%,-9.0%,-14.4%,+15.6%
NSP,Extended,Insurance Brokers / Consultants,Industrials,Commercial & Professional Serv,Adj,Dec,EPS,CY2025,2.478,1.144,-53.8%,1.144,+0.0%,1.144,+0.0%,32.59,28.5,-53.8%,-15.8%,-11.2%,-50.6%
NSP,Extended,Insurance Brokers / Consultants,Industrials,Commercial & Professional Serv,Adj,Dec,EPS,CY2026,3.663,2.544,-30.5%,2.438,-4.2%,2.054,-15.8%,32.59,15.9,-43.9%,-15.8%,-11.2%,-50.6%
NSP,Extended,Insurance Brokers / Consultants,Industrials,Commercial & Professional Serv,Adj,Dec,EPS,CY2027,4.28,3.513,-17.9%,3.513,+0.0%,2.796,-20.4%,32.59,11.7,-34.7%,-15.8%,-11.2%,-50.6%
NSP,Extended,Insurance Brokers / Consultants,Industrials,Commercial & Professional Serv,Adj,Dec,EPS,CY2028,,4.38,,4.38,+0.0%,3.66,-16.4%,32.59,8.9,,-15.8%,-11.2%,-50.6%
BAC,Extended,Banks,Financials,Banks,GAAP,Dec,EPS,CY2025,3.634,3.827,+5.3%,3.818,-0.2%,3.818,+0.0%,51.31,13.4,+5.1%,-6.7%,-9.0%,+22.8%
BAC,Extended,Banks,Financials,Banks,GAAP,Dec,EPS,CY2026,4.211,4.348,+3.3%,4.332,-0.4%,4.478,+3.4%,51.31,11.5,+6.3%,-6.7%,-9.0%,+22.8%
BAC,Extended,Banks,Financials,Banks,GAAP,Dec,EPS,CY2027,4.57,4.924,+7.7%,4.955,+0.6%,5.061,+2.1%,51.31,10.1,+10.7%,-6.7%,-9.0%,+22.8%
BAC,Extended,Banks,Financials,Banks,GAAP,Dec,EPS,CY2028,4.15,4.71,+13.5%,5.613,+19.2%,5.778,+2.9%,51.31,8.9,+39.2%,-6.7%,-9.0%,+22.8%
WFC,Extended,Banks,Financials,Banks,GAAP,Dec,EPS,CY2025,5.819,6.309,+8.4%,6.332,+0.4%,6.332,+0.0%,75.64,11.9,+8.8%,-18.8%,-20.1%,+4.4%
WFC,Extended,Banks,Financials,Banks,GAAP,Dec,EPS,CY2026,6.538,6.954,+6.4%,6.972,+0.3%,6.977,+0.1%,75.64,10.8,+6.7%,-18.8%,-20.1%,+4.4%
WFC,Extended,Banks,Financials,Banks,GAAP,Dec,EPS,CY2027,7.466,7.942,+6.4%,7.926,-0.2%,7.858,-0.9%,75.64,9.6,+5.3%,-18.8%,-20.1%,+4.4%
WFC,Extended,Banks,Financials,Banks,GAAP,Dec,EPS,CY2028,8.26,8.73,+5.7%,8.893,+1.9%,8.774,-1.3%,75.64,8.6,+6.2%,-18.8%,-20.1%,+4.4%
USB,Extended,Banks,Financials,Banks,Adj,Dec,EPS,CY2025,4.311,4.534,+5.2%,4.573,+0.9%,4.573,+0.0%,55.53,12.1,+6.1%,+4.1%,-8.0%,+32.2%
USB,Extended,Banks,Financials,Banks,Adj,Dec,EPS,CY2026,4.751,4.886,+2.8%,5.031,+3.0%,5.115,+1.7%,55.53,10.9,+7.7%,+4.1%,-8.0%,+32.2%
USB,Extended,Banks,Financials,Banks,Adj,Dec,EPS,CY2027,4.874,5.369,+10.2%,5.557,+3.5%,5.693,+2.4%,55.53,9.8,+16.8%,+4.1%,-8.0%,+32.2%
USB,Extended,Banks,Financials,Banks,Adj,Dec,EPS,CY2028,4.77,5.16,+8.2%,5.884,+14.0%,6.248,+6.2%,55.53,8.9,+31.0%,+4.1%,-8.0%,+32.2%
PNC,Extended,Banks,Financials,Banks,Adj,Dec,EPS,CY2025,14.918,15.894,+6.5%,16.078,+1.2%,16.078,+0.0%,216.85,13.5,+7.8%,+3.9%,-10.0%,+30.3%
PNC,Extended,Banks,Financials,Banks,Adj,Dec,EPS,CY2026,17.062,17.753,+4.0%,18.563,+4.6%,18.775,+1.1%,216.85,11.5,+10.0%,+3.9%,-10.0%,+30.3%
PNC,Extended,Banks,Financials,Banks,Adj,Dec,EPS,CY2027,18.946,19.644,+3.7%,20.722,+5.5%,21.093,+1.8%,216.85,10.3,+11.3%,+3.9%,-10.0%,+30.3%
PNC,Extended,Banks,Financials,Banks,Adj,Dec,EPS,CY2028,16.81,16.53,-1.7%,22.64,+37.0%,22.66,+0.1%,216.85,9.6,+34.8%,+3.9%,-10.0%,+30.3%
GS,Extended,Banks,Financials,Financial Services,GAAP,Dec,EPS,CY2025,44.811,48.537,+8.3%,49.193,+1.4%,49.193,+0.0%,936.48,19.0,+9.8%,+6.5%,-0.8%,+65.1%
GS,Extended,Banks,Financials,Financial Services,GAAP,Dec,EPS,CY2026,49.982,55.08,+10.2%,58.39,+6.0%,59.401,+1.7%,936.48,15.8,+18.8%,+6.5%,-0.8%,+65.1%
GS,Extended,Banks,Financials,Financial Services,GAAP,Dec,EPS,CY2027,55.178,61.898,+12.2%,65.326,+5.5%,65.397,+0.1%,936.48,14.3,+18.5%,+6.5%,-0.8%,+65.1%
GS,Extended,Banks,Financials,Financial Services,GAAP,Dec,EPS,CY2028,56.067,65.844,+17.4%,68.345,+3.8%,70.553,+3.2%,936.48,13.3,+25.8%,+6.5%,-0.8%,+65.1%
MS,Extended,Banks,Financials,Financial Services,GAAP,Dec,EPS,CY2025,8.591,9.745,+13.4%,9.922,+1.8%,9.922,+0.0%,193.09,19.5,+15.5%,+8.8%,+5.9%,+58.7%
MS,Extended,Banks,Financials,Financial Services,GAAP,Dec,EPS,CY2026,9.215,10.34,+12.2%,11.315,+9.4%,11.882,+5.0%,193.09,16.3,+28.9%,+8.8%,+5.9%,+58.7%
MS,Extended,Banks,Financials,Financial Services,GAAP,Dec,EPS,CY2027,9.922,11.437,+15.3%,12.169,+6.4%,12.753,+4.8%,193.09,15.1,+28.5%,+8.8%,+5.9%,+58.7%
MS,Extended,Banks,Financials,Financial Services,GAAP,Dec,EPS,CY2028,10.59,12.473,+17.8%,12.675,+1.6%,13.776,+8.7%,193.09,14.0,+30.1%,+8.8%,+5.9%,+58.7%
C,Extended,Banks,Financials,Banks,GAAP,Dec,EPS,CY2025,7.301,7.58,+3.8%,7.213,-4.8%,7.213,+0.0%,125.55,17.4,-1.2%,+7.6%,+1.4%,+75.7%
C,Extended,Banks,Financials,Banks,GAAP,Dec,EPS,CY2026,9.224,9.967,+8.1%,10.28,+3.1%,10.824,+5.3%,125.55,11.6,+17.3%,+7.6%,+1.4%,+75.7%
C,Extended,Banks,Financials,Banks,GAAP,Dec,EPS,CY2027,10.817,11.759,+8.7%,11.844,+0.7%,12.432,+5.0%,125.55,10.1,+14.9%,+7.6%,+1.4%,+75.7%
C,Extended,Banks,Financials,Banks,GAAP,Dec,EPS,CY2028,8.21,9.43,+14.9%,12.728,+35.0%,14.318,+12.5%,125.55,8.8,+74.4%,+7.6%,+1.4%,+75.7%
TFC,Extended,Banks,Financials,Banks,Adj,Dec,EPS,CY2025,3.849,3.92,+1.8%,3.966,+1.2%,3.966,+0.0%,49.11,12.4,+3.0%,-0.2%,-10.4%,+25.9%
TFC,Extended,Banks,Financials,Banks,Adj,Dec,EPS,CY2026,4.354,4.439,+2.0%,4.494,+1.2%,4.538,+1.0%,49.11,10.8,+4.2%,-0.2%,-10.4%,+25.9%
TFC,Extended,Banks,Financials,Banks,Adj,Dec,EPS,CY2027,4.702,5.043,+7.3%,5.076,+0.7%,5.132,+1.1%,49.11,9.6,+9.1%,-0.2%,-10.4%,+25.9%
TFC,Extended,Banks,Financials,Banks,Adj,Dec,EPS,CY2028,4.86,4.77,-1.9%,5.63,+18.0%,5.722,+1.6%,49.11,8.6,+17.7%,-0.2%,-10.4%,+25.9%
MTB,Extended,Banks,Financials,Banks,Adj,Dec,EPS,CY2025,15.897,16.703,+5.1%,16.715,+0.1%,16.715,+0.0%,212.14,12.7,+5.1%,+5.3%,-10.2%,+19.8%
MTB,Extended,Banks,Financials,Banks,Adj,Dec,EPS,CY2026,18.312,18.736,+2.3%,18.792,+0.3%,18.679,-0.6%,212.14,11.4,+2.0%,+5.3%,-10.2%,+19.8%
MTB,Extended,Banks,Financials,Banks,Adj,Dec,EPS,CY2027,20.014,20.948,+4.7%,21.2,+1.2%,20.821,-1.8%,212.14,10.2,+4.0%,+5.3%,-10.2%,+19.8%
MTB,Extended,Banks,Financials,Banks,Adj,Dec,EPS,CY2028,14.44,20.0,+38.5%,23.663,+18.3%,23.07,-2.5%,212.14,9.2,+59.8%,+5.3%,-10.2%,+19.8%
BK,Extended,Banks,Financials,Financial Services,Adj,Dec,EPS,CY2025,6.746,7.392,+9.6%,7.393,+0.0%,7.393,+0.0%,130.5,17.7,+9.6%,+12.4%,+2.3%,+51.9%
BK,Extended,Banks,Financials,Financial Services,Adj,Dec,EPS,CY2026,7.558,8.157,+7.9%,8.379,+2.7%,8.775,+4.7%,130.5,14.9,+16.1%,+12.4%,+2.3%,+51.9%
BK,Extended,Banks,Financials,Financial Services,Adj,Dec,EPS,CY2027,8.426,9.108,+8.1%,9.381,+3.0%,9.609,+2.4%,130.5,13.6,+14.0%,+12.4%,+2.3%,+51.9%
BK,Extended,Banks,Financials,Financial Services,Adj,Dec,EPS,CY2028,,10.34,,10.413,+0.7%,10.631,+2.1%,130.5,12.3,,+12.4%,+2.3%,+51.9%
STT,Extended,Banks,Financials,Financial Services,Adj,Dec,EPS,CY2025,9.388,10.074,+7.3%,10.201,+1.3%,10.201,+0.0%,149.49,14.7,+8.7%,+15.9%,+11.3%,+59.4%
STT,Extended,Banks,Financials,Financial Services,Adj,Dec,EPS,CY2026,10.355,11.353,+9.6%,11.619,+2.3%,12.368,+6.4%,149.49,12.1,+19.4%,+15.9%,+11.3%,+59.4%
STT,Extended,Banks,Financials,Financial Services,Adj,Dec,EPS,CY2027,11.68,12.757,+9.2%,12.987,+1.8%,13.756,+5.9%,149.49,10.9,+17.8%,+15.9%,+11.3%,+59.4%
STT,Extended,Banks,Financials,Financial Services,Adj,Dec,EPS,CY2028,12.0,13.92,+16.0%,14.647,+5.2%,15.714,+7.3%,149.49,9.5,+31.0%,+15.9%,+11.3%,+59.4%
CB,Extended,Insurance and reinsurance,Financials,Insurance,Adj,Dec,EPS,CY2025,21.358,23.539,+10.2%,24.264,+3.1%,24.264,+0.0%,319.64,13.2,+13.6%,+2.4%,-2.0%,+10.3%
CB,Extended,Insurance and reinsurance,Financials,Insurance,Adj,Dec,EPS,CY2026,25.56,26.205,+2.5%,26.68,+1.8%,27.084,+1.5%,319.64,11.8,+6.0%,+2.4%,-2.0%,+10.3%
CB,Extended,Insurance and reinsurance,Financials,Insurance,Adj,Dec,EPS,CY2027,27.716,28.516,+2.9%,28.71,+0.7%,29.2,+1.7%,319.64,10.9,+5.4%,+2.4%,-2.0%,+10.3%
CB,Extended,Insurance and reinsurance,Financials,Insurance,Adj,Dec,EPS,CY2028,27.41,28.618,+4.4%,31.211,+9.1%,31.577,+1.2%,319.64,10.1,+15.2%,+2.4%,-2.0%,+10.3%
CCC,Extended,Insurance and reinsurance,Information Technology,Software & Services,Adj,Dec,EPS,CY2025,0.358,0.357,-0.3%,0.355,-0.6%,0.355,+0.0%,5.13,14.5,-0.8%,-35.5%,-8.1%,-43.1%
CCC,Extended,Insurance and reinsurance,Information Technology,Software & Services,Adj,Dec,EPS,CY2026,0.427,0.417,-2.3%,0.419,+0.5%,0.435,+3.8%,5.13,11.8,+1.9%,-35.5%,-8.1%,-43.1%
CCC,Extended,Insurance and reinsurance,Information Technology,Software & Services,Adj,Dec,EPS,CY2027,0.47,0.467,-0.6%,0.469,+0.4%,0.499,+6.4%,5.13,10.3,+6.2%,-35.5%,-8.1%,-43.1%
CCC,Extended,Insurance and reinsurance,Information Technology,Software & Services,Adj,Dec,EPS,CY2028,0.53,0.55,+3.8%,0.55,+0.0%,0.577,+4.9%,5.13,8.9,+8.9%,-35.5%,-8.1%,-43.1%
ALL,Extended,Insurance and reinsurance,Financials,Insurance,Adj,Dec,EPS,CY2025,17.65,26.563,+50.5%,29.659,+11.7%,29.659,+0.0%,213.15,7.2,+68.0%,+2.4%,+6.6%,+5.2%
ALL,Extended,Insurance and reinsurance,Financials,Insurance,Adj,Dec,EPS,CY2026,21.548,23.663,+9.8%,24.861,+5.1%,28.965,+16.5%,213.15,7.4,+34.4%,+2.4%,+6.6%,+5.2%
ALL,Extended,Insurance and reinsurance,Financials,Insurance,Adj,Dec,EPS,CY2027,23.067,23.909,+3.7%,25.245,+5.6%,25.935,+2.7%,213.15,8.2,+12.4%,+2.4%,+6.6%,+5.2%
ALL,Extended,Insurance and reinsurance,Financials,Insurance,Adj,Dec,EPS,CY2028,20.267,21.95,+8.3%,23.802,+8.4%,24.824,+4.3%,213.15,8.6,+22.5%,+2.4%,+6.6%,+5.2%
TRV,Extended,Insurance and reinsurance,Financials,Insurance,Adj,Dec,EPS,CY2025,18.753,24.842,+32.5%,25.409,+2.3%,25.409,+0.0%,298.04,11.7,+35.5%,+2.8%,+1.8%,+10.5%
TRV,Extended,Insurance and reinsurance,Financials,Insurance,Adj,Dec,EPS,CY2026,24.743,26.682,+7.8%,27.18,+1.9%,28.166,+3.6%,298.04,10.6,+13.8%,+2.8%,+1.8%,+10.5%
TRV,Extended,Insurance and reinsurance,Financials,Insurance,Adj,Dec,EPS,CY2027,26.485,27.905,+5.4%,28.211,+1.1%,28.643,+1.5%,298.04,10.4,+8.1%,+2.8%,+1.8%,+10.5%
TRV,Extended,Insurance and reinsurance,Financials,Insurance,Adj,Dec,EPS,CY2028,25.42,28.825,+13.4%,27.917,-3.2%,28.7,+2.8%,298.04,10.4,+12.9%,+2.8%,+1.8%,+10.5%
AIG,Extended,Insurance and reinsurance,Financials,Insurance,Adj,Dec,EPS,CY2025,6.234,6.764,+8.5%,7.011,+3.7%,7.011,+0.0%,76.36,10.9,+12.5%,-10.7%,+1.9%,-7.3%
AIG,Extended,Insurance and reinsurance,Financials,Insurance,Adj,Dec,EPS,CY2026,7.741,7.777,+0.5%,7.847,+0.9%,7.999,+1.9%,76.36,9.5,+3.3%,-10.7%,+1.9%,-7.3%
AIG,Extended,Insurance and reinsurance,Financials,Insurance,Adj,Dec,EPS,CY2027,8.766,8.73,-0.4%,8.757,+0.3%,8.864,+1.2%,76.36,8.6,+1.1%,-10.7%,+1.9%,-7.3%
AIG,Extended,Insurance and reinsurance,Financials,Insurance,Adj,Dec,EPS,CY2028,8.057,8.097,+0.5%,9.006,+11.2%,9.539,+5.9%,76.36,8.0,+18.4%,-10.7%,+1.9%,-7.3%
ACGL,Extended,Insurance and reinsurance,Financials,Insurance,Adj,Dec,EPS,CY2025,7.747,9.027,+16.5%,9.436,+4.5%,9.436,+0.0%,93.8,9.9,+21.8%,-2.2%,-2.4%,-0.8%
ACGL,Extended,Insurance and reinsurance,Financials,Insurance,Adj,Dec,EPS,CY2026,9.288,9.293,+0.1%,9.399,+1.1%,9.291,-1.1%,93.8,10.1,+0.0%,-2.2%,-2.4%,-0.8%
ACGL,Extended,Insurance and reinsurance,Financials,Insurance,Adj,Dec,EPS,CY2027,9.872,9.945,+0.7%,10.116,+1.7%,9.979,-1.4%,93.8,9.4,+1.1%,-2.2%,-2.4%,-0.8%
ACGL,Extended,Insurance and reinsurance,Financials,Insurance,Adj,Dec,EPS,CY2028,10.13,11.1,+9.6%,10.996,-0.9%,10.732,-2.4%,93.8,8.7,+5.9%,-2.2%,-2.4%,-0.8%
HIG,Extended,Insurance and reinsurance,Financials,Insurance,Adj,Dec,EPS,CY2025,11.013,12.5,+13.5%,12.624,+1.0%,12.624,+0.0%,132.02,10.5,+14.6%,-4.2%,-5.3%,+3.5%
HIG,Extended,Insurance and reinsurance,Financials,Insurance,Adj,Dec,EPS,CY2026,12.926,13.201,+2.1%,13.392,+1.4%,13.106,-2.1%,132.02,10.1,+1.4%,-4.2%,-5.3%,+3.5%
HIG,Extended,Insurance and reinsurance,Financials,Insurance,Adj,Dec,EPS,CY2027,14.274,14.285,+0.1%,14.478,+1.4%,14.412,-0.5%,132.02,9.2,+1.0%,-4.2%,-5.3%,+3.5%
HIG,Extended,Insurance and reinsurance,Financials,Insurance,Adj,Dec,EPS,CY2028,14.95,16.11,+7.8%,15.706,-2.5%,15.601,-0.7%,132.02,8.5,+4.4%,-4.2%,-5.3%,+3.5%
WRB,Extended,Insurance and reinsurance,Financials,Insurance,Adj,Dec,EPS,CY2025,4.322,4.308,-0.3%,4.302,-0.1%,4.302,+0.0%,65.68,15.3,-0.5%,-6.3%,-5.2%,-7.4%
WRB,Extended,Insurance and reinsurance,Financials,Insurance,Adj,Dec,EPS,CY2026,4.795,4.656,-2.9%,4.559,-2.1%,4.687,+2.8%,65.68,14.0,-2.3%,-6.3%,-5.2%,-7.4%
WRB,Extended,Insurance and reinsurance,Financials,Insurance,Adj,Dec,EPS,CY2027,5.214,4.977,-4.5%,4.841,-2.7%,4.844,+0.1%,65.68,13.6,-7.1%,-6.3%,-5.2%,-7.4%
WRB,Extended,Insurance and reinsurance,Financials,Insurance,Adj,Dec,EPS,CY2028,5.31,5.095,-4.0%,5.086,-0.2%,5.161,+1.5%,65.68,12.7,-2.8%,-6.3%,-5.2%,-7.4%
MKL,Extended,Insurance and reinsurance,Financials,Insurance,Adj,Dec,EPS,CY2025,106.508,118.507,+11.3%,120.76,+1.9%,120.76,+0.0%,1814.64,15.0,+13.4%,-15.6%,-12.6%,-4.6%
MKL,Extended,Insurance and reinsurance,Financials,Insurance,Adj,Dec,EPS,CY2026,125.629,126.682,+0.8%,136.54,+7.8%,136.257,-0.2%,1814.64,13.3,+8.5%,-15.6%,-12.6%,-4.6%
MKL,Extended,Insurance and reinsurance,Financials,Insurance,Adj,Dec,EPS,CY2027,137.34,139.07,+1.3%,135.2,-2.8%,143.982,+6.5%,1814.64,12.6,+4.8%,-15.6%,-12.6%,-4.6%
MKL,Extended,Insurance and reinsurance,Financials,Insurance,Adj,Dec,EPS,CY2028,177.26,185.44,+4.6%,157.19,-15.2%,170.94,+8.7%,1814.64,10.6,-3.6%,-15.6%,-12.6%,-4.6%
MET,Extended,Insurance and reinsurance,Financials,Insurance,Adj,Dec,EPS,CY2025,9.173,8.708,-5.1%,8.693,-0.2%,8.693,+0.0%,78.08,9.0,-5.2%,-1.1%,+2.4%,+0.3%
MET,Extended,Insurance and reinsurance,Financials,Insurance,Adj,Dec,EPS,CY2026,10.333,10.054,-2.7%,9.829,-2.2%,9.835,+0.1%,78.08,7.9,-4.8%,-1.1%,+2.4%,+0.3%
MET,Extended,Insurance and reinsurance,Financials,Insurance,Adj,Dec,EPS,CY2027,11.354,11.23,-1.1%,11.013,-1.9%,10.976,-0.3%,78.08,7.1,-3.3%,-1.1%,+2.4%,+0.3%
MET,Extended,Insurance and reinsurance,Financials,Insurance,Adj,Dec,EPS,CY2028,12.7,12.625,-0.6%,12.517,-0.9%,12.3,-1.7%,78.08,6.3,-3.1%,-1.1%,+2.4%,+0.3%
PRU,Extended,Insurance and reinsurance,Financials,Insurance,Adj,Dec,EPS,CY2025,13.711,14.331,+4.5%,14.497,+1.2%,14.497,+0.0%,100.81,7.0,+5.7%,-10.7%,-1.4%,-2.7%
PRU,Extended,Insurance and reinsurance,Financials,Insurance,Adj,Dec,EPS,CY2026,14.779,14.874,+0.6%,14.707,-1.1%,13.434,-8.7%,100.81,7.5,-9.1%,-10.7%,-1.4%,-2.7%
PRU,Extended,Insurance and reinsurance,Financials,Insurance,Adj,Dec,EPS,CY2027,15.869,15.839,-0.2%,15.657,-1.1%,14.606,-6.7%,100.81,6.9,-8.0%,-10.7%,-1.4%,-2.7%
PRU,Extended,Insurance and reinsurance,Financials,Insurance,Adj,Dec,EPS,CY2028,17.1,16.775,-1.9%,16.778,+0.0%,15.719,-6.3%,100.81,6.4,-8.1%,-10.7%,-1.4%,-2.7%
LNC,Extended,Insurance and reinsurance,Financials,Insurance,Adj,Dec,EPS,CY2025,7.255,7.878,+8.6%,7.909,+0.4%,7.909,+0.0%,35.8,4.5,+9.0%,-19.6%,-9.8%,+7.3%
LNC,Extended,Insurance and reinsurance,Financials,Insurance,Adj,Dec,EPS,CY2026,7.822,8.012,+2.4%,8.041,+0.4%,7.64,-5.0%,35.8,4.7,-2.3%,-19.6%,-9.8%,+7.3%
LNC,Extended,Insurance and reinsurance,Financials,Insurance,Adj,Dec,EPS,CY2027,8.614,8.713,+1.1%,8.68,-0.4%,8.348,-3.8%,35.8,4.3,-3.1%,-19.6%,-9.8%,+7.3%
LNC,Extended,Insurance and reinsurance,Financials,Insurance,Adj,Dec,EPS,CY2028,10.0,9.325,-6.8%,9.184,-1.5%,9.052,-1.4%,35.8,4.0,-9.5%,-19.6%,-9.8%,+7.3%
PRI,Extended,Insurance and reinsurance,Financials,Insurance,Adj,Dec,EPS,CY2025,20.821,21.84,+4.9%,22.301,+2.1%,22.301,+0.0%,274.55,12.3,+7.1%,+6.3%,+2.2%,+2.2%
PRI,Extended,Insurance and reinsurance,Financials,Insurance,Adj,Dec,EPS,CY2026,22.756,23.721,+4.2%,23.913,+0.8%,23.954,+0.2%,274.55,11.5,+5.3%,+6.3%,+2.2%,+2.2%
PRI,Extended,Insurance and reinsurance,Financials,Insurance,Adj,Dec,EPS,CY2027,24.56,25.859,+5.3%,26.124,+1.0%,26.163,+0.1%,274.55,10.5,+6.5%,+6.3%,+2.2%,+2.2%
PRI,Extended,Insurance and reinsurance,Financials,Insurance,Adj,Dec,EPS,CY2028,27.5,28.335,+3.0%,28.85,+1.8%,28.7,-0.5%,274.55,9.6,+4.4%,+6.3%,+2.2%,+2.2%
AFL,Extended,Insurance and reinsurance,Financials,Insurance,Adj,Dec,EPS,CY2025,6.744,7.209,+6.9%,7.614,+5.6%,7.614,+0.0%,113.1,14.9,+12.9%,+2.6%,-0.1%,+6.7%
AFL,Extended,Insurance and reinsurance,Financials,Insurance,Adj,Dec,EPS,CY2026,7.188,7.361,+2.4%,7.326,-0.5%,7.099,-3.1%,113.1,15.9,-1.2%,+2.6%,-0.1%,+6.7%
AFL,Extended,Insurance and reinsurance,Financials,Insurance,Adj,Dec,EPS,CY2027,7.546,7.784,+3.2%,7.732,-0.7%,7.635,-1.3%,113.1,14.8,+1.2%,+2.6%,-0.1%,+6.7%
AFL,Extended,Insurance and reinsurance,Financials,Insurance,Adj,Dec,EPS,CY2028,8.25,8.175,-0.9%,8.063,-1.4%,7.973,-1.1%,113.1,14.2,-3.4%,+2.6%,-0.1%,+6.7%
DIS,Extended,Media content,Communication Services,Media & Entertainment,Adj,Sep,EPS,CY2025,5.699,5.874,+3.1%,5.874,+0.0%,5.874,+0.0%,108.02,18.4,+3.1%,-5.1%,+0.8%,+2.0%
DIS,Extended,Media content,Communication Services,Media & Entertainment,Adj,Sep,EPS,CY2026,6.199,6.44,+3.9%,6.598,+2.5%,6.711,+1.7%,108.02,16.1,+8.3%,-5.1%,+0.8%,+2.0%
DIS,Extended,Media content,Communication Services,Media & Entertainment,Adj,Sep,EPS,CY2027,6.92,7.141,+3.2%,7.312,+2.4%,7.395,+1.1%,108.02,14.6,+6.9%,-5.1%,+0.8%,+2.0%
DIS,Extended,Media content,Communication Services,Media & Entertainment,Adj,Sep,EPS,CY2028,7.494,7.721,+3.0%,8.131,+5.3%,8.238,+1.3%,108.02,13.1,+9.9%,-5.1%,+0.8%,+2.0%
FOXA,Extended,Media content,Communication Services,Media & Entertainment,Adj,Jun,EPS,CY2025,4.33,4.488,+3.6%,4.488,+0.0%,4.488,+0.0%,62.94,14.0,+3.6%,-13.9%,+0.1%,+25.3%
FOXA,Extended,Media content,Communication Services,Media & Entertainment,Adj,Jun,EPS,CY2026,4.006,4.471,+11.6%,4.595,+2.8%,4.632,+0.8%,62.94,13.6,+15.6%,-13.9%,+0.1%,+25.3%
FOXA,Extended,Media content,Communication Services,Media & Entertainment,Adj,Jun,EPS,CY2027,4.599,5.064,+10.1%,5.187,+2.4%,5.145,-0.8%,62.94,12.2,+11.9%,-13.9%,+0.1%,+25.3%
FOXA,Extended,Media content,Communication Services,Media & Entertainment,Adj,Jun,EPS,CY2028,4.273,4.981,+16.6%,5.254,+5.5%,5.132,-2.3%,62.94,12.3,+20.1%,-13.9%,+0.1%,+25.3%
AMCX,Extended,Media content,Communication Services,Media & Entertainment,Adj,Dec,EPS,CY2025,2.881,1.969,-31.7%,2.017,+2.4%,2.017,+0.0%,8.8,4.4,-30.0%,-7.6%,+18.6%,+39.0%
AMCX,Extended,Media content,Communication Services,Media & Entertainment,Adj,Dec,EPS,CY2026,2.59,1.636,-36.8%,1.789,+9.4%,1.843,+3.0%,8.8,4.8,-28.8%,-7.6%,+18.6%,+39.0%
AMCX,Extended,Media content,Communication Services,Media & Entertainment,Adj,Dec,EPS,CY2027,2.368,1.427,-39.7%,1.318,-7.6%,1.469,+11.5%,8.8,6.0,-38.0%,-7.6%,+18.6%,+39.0%
AMCX,Extended,Media content,Communication Services,Media & Entertainment,Adj,Dec,EPS,CY2028,,1.078,,1.46,+35.4%,1.07,-26.7%,8.8,8.2,,-7.6%,+18.6%,+39.0%
TTWO,Extended,Media content,Communication Services,Media & Entertainment,Adj,Mar,EPS,CY2025,6.488,3.214,-50.5%,3.831,+19.2%,3.908,+2.0%,220.45,56.4,-39.8%,-13.9%,+7.5%,-2.7%
TTWO,Extended,Media content,Communication Services,Media & Entertainment,Adj,Mar,EPS,CY2026,9.446,8.075,-14.5%,8.145,+0.9%,8.139,-0.1%,220.45,27.1,-13.8%,-13.9%,+7.5%,-2.7%
TTWO,Extended,Media content,Communication Services,Media & Entertainment,Adj,Mar,EPS,CY2027,8.937,10.486,+17.3%,10.771,+2.7%,10.546,-2.1%,220.45,20.9,+18.0%,-13.9%,+7.5%,-2.7%
TTWO,Extended,Media content,Communication Services,Media & Entertainment,Adj,Mar,EPS,CY2028,10.749,10.789,+0.4%,12.207,+13.1%,11.35,-7.0%,220.45,19.4,+5.6%,-13.9%,+7.5%,-2.7%
RBLX,Extended,Media content,Communication Services,Media & Entertainment,Adj,Dec,EPS,CY2025,-1.272,-1.572,-23.6%,-1.376,+12.5%,-1.376,+0.0%,41.91,-30.5,-8.2%,-48.3%,-42.9%,-41.7%
RBLX,Extended,Media content,Communication Services,Media & Entertainment,Adj,Dec,EPS,CY2026,-1.063,-1.532,-44.1%,-1.442,+5.9%,-1.476,-2.4%,41.91,-28.4,-38.9%,-48.3%,-42.9%,-41.7%
RBLX,Extended,Media content,Communication Services,Media & Entertainment,Adj,Dec,EPS,CY2027,-0.952,-1.229,-29.1%,-0.804,+34.6%,-1.119,-39.2%,41.91,-37.5,-17.5%,-48.3%,-42.9%,-41.7%
RBLX,Extended,Media content,Communication Services,Media & Entertainment,Adj,Dec,EPS,CY2028,-0.369,0.08,+121.7%,-0.157,-296.2%,-0.595,-279.0%,41.91,-70.4,-61.2%,-48.3%,-42.9%,-41.7%
EA,Extended,Media content,Communication Services,Media & Entertainment,Adj,Mar,EPS,CY2025,7.98,8.545,+7.1%,8.612,+0.8%,8.636,+0.3%,200.44,23.2,+8.2%,-1.9%,-0.2%,+30.8%
EA,Extended,Media content,Communication Services,Media & Entertainment,Adj,Mar,EPS,CY2026,8.876,9.209,+3.8%,9.188,-0.2%,9.041,-1.6%,200.44,22.2,+1.9%,-1.9%,-0.2%,+30.8%
EA,Extended,Media content,Communication Services,Media & Entertainment,Adj,Mar,EPS,CY2027,9.661,10.076,+4.3%,9.978,-1.0%,9.846,-1.3%,200.44,20.4,+1.9%,-1.9%,-0.2%,+30.8%
EA,Extended,Media content,Communication Services,Media & Entertainment,Adj,Mar,EPS,CY2028,10.899,11.257,+3.3%,11.752,+4.4%,10.313,-12.2%,200.44,19.4,-5.4%,-1.9%,-0.2%,+30.8%
SBGI,Extended,Media content,Communication Services,Media & Entertainment,Adj,Dec,EPS,CY2025,-2.417,-2.945,-21.8%,-3.196,-8.5%,-3.196,+0.0%,14.28,-4.5,-32.2%,-6.7%,-2.3%,-6.3%
SBGI,Extended,Media content,Communication Services,Media & Entertainment,Adj,Dec,EPS,CY2026,2.416,1.265,-47.6%,1.048,-17.2%,2.134,+103.6%,14.28,6.7,-11.7%,-6.7%,-2.3%,-6.3%
SBGI,Extended,Media content,Communication Services,Media & Entertainment,Adj,Dec,EPS,CY2027,-0.073,-1.352,-1752.1%,-1.522,-12.6%,-1.156,+24.0%,14.28,-12.4,-1483.6%,-6.7%,-2.3%,-6.3%
SBGI,Extended,Media content,Communication Services,Media & Entertainment,Adj,Dec,EPS,CY2028,3.707,3.09,-16.6%,2.723,-11.9%,2.667,-2.1%,14.28,5.4,-28.1%,-6.7%,-2.3%,-6.3%
TGNA,Extended,Media content,Communication Services,Media & Entertainment,Adj,Dec,EPS,CY2025,1.607,1.604,-0.2%,1.603,-0.1%,1.603,+0.0%,,,-0.2%,,,
TGNA,Extended,Media content,Communication Services,Media & Entertainment,Adj,Dec,EPS,CY2026,3.46,3.233,-6.6%,3.043,-5.9%,3.15,+3.5%,,,-9.0%,,,
TGNA,Extended,Media content,Communication Services,Media & Entertainment,Adj,Dec,EPS,CY2027,2.108,1.973,-6.4%,1.753,-11.2%,1.54,-12.2%,,,-26.9%,,,
TGNA,Extended,Media content,Communication Services,Media & Entertainment,Adj,Dec,EPS,CY2028,4.09,3.87,-5.4%,3.575,-7.6%,3.55,-0.7%,,,-13.2%,,,
NYT,Extended,Media content,Communication Services,Media & Entertainment,Adj,Dec,EPS,CY2025,2.137,2.392,+11.9%,2.428,+1.5%,2.428,+0.0%,79.41,32.7,+13.6%,+14.4%,+15.7%,+48.2%
NYT,Extended,Media content,Communication Services,Media & Entertainment,Adj,Dec,EPS,CY2026,2.37,2.589,+9.2%,2.715,+4.9%,2.822,+3.9%,79.41,28.1,+19.1%,+14.4%,+15.7%,+48.2%
NYT,Extended,Media content,Communication Services,Media & Entertainment,Adj,Dec,EPS,CY2027,2.623,2.962,+12.9%,3.073,+3.7%,3.09,+0.6%,79.41,25.7,+17.8%,+14.4%,+15.7%,+48.2%
NYT,Extended,Media content,Communication Services,Media & Entertainment,Adj,Dec,EPS,CY2028,2.89,3.15,+9.0%,3.433,+9.0%,3.517,+2.4%,79.41,22.6,+21.7%,+14.4%,+15.7%,+48.2%
NXST,Extended,Media content,Communication Services,Media & Entertainment,Adj,Dec,EPS,CY2025,13.007,12.838,-1.3%,12.144,-5.4%,12.144,+0.0%,202.79,16.7,-6.6%,-0.1%,-15.5%,+23.0%
NXST,Extended,Media content,Communication Services,Media & Entertainment,Adj,Dec,EPS,CY2026,25.9,25.346,-2.1%,24.901,-1.8%,28.226,+13.4%,202.79,7.2,+9.0%,-0.1%,-15.5%,+23.0%
NXST,Extended,Media content,Communication Services,Media & Entertainment,Adj,Dec,EPS,CY2027,18.411,17.784,-3.4%,17.75,-0.2%,18.586,+4.7%,202.79,10.9,+1.0%,-0.1%,-15.5%,+23.0%
NXST,Extended,Media content,Communication Services,Media & Entertainment,Adj,Dec,EPS,CY2028,36.093,33.222,-8.0%,30.307,-8.8%,33.574,+10.8%,202.79,6.0,-7.0%,-0.1%,-15.5%,+23.0%
FWONA,Extended,Media content,Communication Services,Media & Entertainment,Adj,Dec,EPS,CY2025,1.429,2.36,+65.2%,2.242,-5.0%,2.227,-0.7%,85.95,38.6,+55.8%,-3.8%,+11.7%,-1.6%
FWONA,Extended,Media content,Communication Services,Media & Entertainment,Adj,Dec,EPS,CY2026,1.797,2.021,+12.5%,1.733,-14.3%,1.692,-2.4%,85.95,50.8,-5.8%,-3.8%,+11.7%,-1.6%
FWONA,Extended,Media content,Communication Services,Media & Entertainment,Adj,Dec,EPS,CY2027,2.202,2.494,+13.3%,2.205,-11.6%,2.162,-2.0%,85.95,39.8,-1.8%,-3.8%,+11.7%,-1.6%
FWONA,Extended,Media content,Communication Services,Media & Entertainment,Adj,Dec,EPS,CY2028,2.913,3.403,+16.8%,2.948,-13.4%,2.693,-8.6%,85.95,31.9,-7.6%,-3.8%,+11.7%,-1.6%
FWONK,Extended,Media content,Communication Services,Media & Entertainment,Adj,Dec,EPS,CY2025,1.429,2.36,+65.2%,2.242,-5.0%,2.227,-0.7%,94.45,42.4,+55.8%,-4.1%,+11.9%,-0.9%
FWONK,Extended,Media content,Communication Services,Media & Entertainment,Adj,Dec,EPS,CY2026,1.797,2.021,+12.5%,1.733,-14.3%,1.692,-2.4%,94.45,55.8,-5.8%,-4.1%,+11.9%,-0.9%
FWONK,Extended,Media content,Communication Services,Media & Entertainment,Adj,Dec,EPS,CY2027,2.202,2.494,+13.3%,2.205,-11.6%,2.162,-2.0%,94.45,43.7,-1.8%,-4.1%,+11.9%,-0.9%
FWONK,Extended,Media content,Communication Services,Media & Entertainment,Adj,Dec,EPS,CY2028,2.913,3.403,+16.8%,2.948,-13.4%,2.693,-8.6%,94.45,35.1,-7.6%,-4.1%,+11.9%,-0.9%
LYV,Extended,Media content,Communication Services,Media & Entertainment,Adj,Dec,EPS,CY2025,2.172,0.162,-92.5%,-0.198,-222.2%,-0.213,-7.6%,163.28,-766.6,-109.8%,+14.6%,+10.4%,+19.6%
LYV,Extended,Media content,Communication Services,Media & Entertainment,Adj,Dec,EPS,CY2026,2.702,2.498,-7.5%,2.146,-14.1%,-0.128,-106.0%,163.28,-1275.6,-104.7%,+14.6%,+10.4%,+19.6%
LYV,Extended,Media content,Communication Services,Media & Entertainment,Adj,Dec,EPS,CY2027,3.461,3.246,-6.2%,2.891,-10.9%,2.257,-21.9%,163.28,72.3,-34.8%,+14.6%,+10.4%,+19.6%
LYV,Extended,Media content,Communication Services,Media & Entertainment,Adj,Dec,EPS,CY2028,4.026,3.709,-7.9%,3.219,-13.2%,3.025,-6.0%,163.28,54.0,-24.9%,+14.6%,+10.4%,+19.6%
SIRI,Extended,Media content,Communication Services,Media & Entertainment,Adj,Dec,EPS,CY2025,2.851,2.804,-1.6%,2.798,-0.2%,2.798,+0.0%,27.1,9.7,-1.9%,+35.5%,+29.4%,+25.6%
SIRI,Extended,Media content,Communication Services,Media & Entertainment,Adj,Dec,EPS,CY2026,3.003,3.108,+3.5%,3.143,+1.1%,3.112,-1.0%,27.1,8.7,+3.6%,+35.5%,+29.4%,+25.6%
SIRI,Extended,Media content,Communication Services,Media & Entertainment,Adj,Dec,EPS,CY2027,3.132,3.242,+3.5%,3.318,+2.3%,3.4,+2.5%,27.1,8.0,+8.6%,+35.5%,+29.4%,+25.6%
SIRI,Extended,Media content,Communication Services,Media & Entertainment,Adj,Dec,EPS,CY2028,3.503,3.693,+5.4%,3.594,-2.7%,3.658,+1.8%,27.1,7.4,+4.4%,+35.5%,+29.4%,+25.6%
LBTYA,Extended,Media content,Communication Services,Telecommunication Services,Adj,Dec,EPS,CY2025,-2.376,-6.392,-169.0%,-12.854,-101.1%,-12.843,+0.1%,12.15,-0.9,-440.5%,+9.1%,+4.7%,+31.4%
LBTYA,Extended,Media content,Communication Services,Telecommunication Services,Adj,Dec,EPS,CY2026,-1.758,-1.915,-8.9%,-1.668,+12.9%,-1.687,-1.1%,12.15,-7.2,+4.0%,+9.1%,+4.7%,+31.4%
LBTYA,Extended,Media content,Communication Services,Telecommunication Services,Adj,Dec,EPS,CY2027,-1.573,-1.908,-21.3%,-1.615,+15.4%,-1.558,+3.5%,12.15,-7.8,+1.0%,+9.1%,+4.7%,+31.4%
LBTYA,Extended,Media content,Communication Services,Telecommunication Services,Adj,Dec,EPS,CY2028,-1.165,-1.94,-66.5%,-1.8,+7.2%,-1.098,+39.0%,12.15,-11.1,+5.8%,+9.1%,+4.7%,+31.4%
BATRK,Extended,Media content,Communication Services,Media & Entertainment,Adj,Dec,EPS,CY2025,,-0.196,,-0.263,-34.2%,-0.263,+0.0%,50.67,-192.7,,+28.4%,+27.6%,+25.1%
BATRK,Extended,Media content,Communication Services,Media & Entertainment,Adj,Dec,EPS,CY2026,,-0.246,,-0.206,+16.3%,-0.017,+91.7%,50.67,-2980.6,,+28.4%,+27.6%,+25.1%
BATRK,Extended,Media content,Communication Services,Media & Entertainment,Adj,Dec,EPS,CY2027,,-0.08,,-0.08,+0.0%,0.113,+241.2%,50.67,448.4,,+28.4%,+27.6%,+25.1%
BATRK,Extended,Media content,Communication Services,Media & Entertainment,Adj,Dec,EPS,CY2028,,,,,,-0.155,,50.67,-326.9,,+28.4%,+27.6%,+25.1%
LAMR,Extended,Media content,Real Estate,Equity Real Estate Investment,Adj,Dec,EPS,CY2025,5.778,5.895,+2.0%,5.867,-0.5%,5.857,-0.2%,157.93,27.0,+1.4%,+24.8%,+19.3%,+37.8%
LAMR,Extended,Media content,Real Estate,Equity Real Estate Investment,Adj,Dec,EPS,CY2026,5.727,5.825,+1.7%,5.833,+0.1%,5.81,-0.4%,157.93,27.2,+1.4%,+24.8%,+19.3%,+37.8%
LAMR,Extended,Media content,Real Estate,Equity Real Estate Investment,Adj,Dec,EPS,CY2027,6.095,6.314,+3.6%,6.318,+0.1%,6.233,-1.3%,157.93,25.3,+2.3%,+24.8%,+19.3%,+37.8%
LAMR,Extended,Media content,Real Estate,Equity Real Estate Investment,Adj,Dec,EPS,CY2028,7.05,6.805,-3.5%,6.74,-1.0%,6.96,+3.3%,157.93,22.7,-1.3%,+24.8%,+19.3%,+37.8%
OUT,Extended,Media content,Real Estate,Equity Real Estate Investment,Adj,Dec,EPS,CY2025,0.753,0.715,-5.0%,0.77,+7.7%,0.772,+0.3%,33.9,43.9,+2.5%,+40.7%,+28.5%,+126.0%
OUT,Extended,Media content,Real Estate,Equity Real Estate Investment,Adj,Dec,EPS,CY2026,0.844,0.972,+15.2%,1.122,+15.4%,1.3,+15.9%,33.9,26.1,+54.0%,+40.7%,+28.5%,+126.0%
OUT,Extended,Media content,Real Estate,Equity Real Estate Investment,Adj,Dec,EPS,CY2027,1.005,1.19,+18.4%,1.272,+6.9%,1.384,+8.8%,33.9,24.5,+37.7%,+40.7%,+28.5%,+126.0%
OUT,Extended,Media content,Real Estate,Equity Real Estate Investment,Adj,Dec,EPS,CY2028,,1.3,,1.457,+12.1%,1.556,+6.8%,33.9,21.8,,+40.7%,+28.5%,+126.0%
TV,Extended,Media content,Communication Services,Telecommunication Services,Adj,Dec,EPS,CY2025,-1.067,-0.45,+57.8%,-0.73,-62.2%,-0.75,-2.7%,2.85,-3.8,+29.7%,-2.1%,-11.2%,+57.5%
TV,Extended,Media content,Communication Services,Telecommunication Services,Adj,Dec,EPS,CY2026,0.289,0.63,+118.0%,-0.254,-140.3%,2.043,+904.3%,2.85,1.4,+606.9%,-2.1%,-11.2%,+57.5%
TV,Extended,Media content,Communication Services,Telecommunication Services,Adj,Dec,EPS,CY2027,1.9,2.404,+26.5%,1.488,-38.1%,3.076,+106.7%,2.85,0.9,+61.9%,-2.1%,-11.2%,+57.5%
TV,Extended,Media content,Communication Services,Telecommunication Services,Adj,Dec,EPS,CY2028,4.217,1.873,-55.6%,0.935,-50.1%,8.184,+775.3%,2.85,0.3,+94.1%,-2.1%,-11.2%,+57.5%
LUMN,Extended,Media content,Communication Services,Telecommunication Services,Adj,Dec,EPS,CY2025,-0.911,-0.799,+12.3%,-0.617,+22.8%,-0.617,+0.0%,8.48,-13.7,+32.3%,+9.1%,+9.1%,+93.2%
LUMN,Extended,Media content,Communication Services,Telecommunication Services,Adj,Dec,EPS,CY2026,-0.758,-0.476,+37.2%,-0.4,+16.0%,-0.693,-73.2%,8.48,-12.2,+8.6%,+9.1%,+9.1%,+93.2%
LUMN,Extended,Media content,Communication Services,Telecommunication Services,Adj,Dec,EPS,CY2027,-0.486,-0.343,+29.4%,-0.24,+30.0%,-0.297,-23.8%,8.48,-28.6,+38.9%,+9.1%,+9.1%,+93.2%
LUMN,Extended,Media content,Communication Services,Telecommunication Services,Adj,Dec,EPS,CY2028,-0.238,-0.243,-2.1%,-0.338,-39.1%,-0.254,+24.9%,8.48,-33.4,-6.7%,+9.1%,+9.1%,+93.2%
WPP,Extended,Media content,Communication Services,Media & Entertainment,Adj,Dec,EPS,CY2025,0.816,0.627,-23.2%,0.619,-1.3%,0.619,+0.0%,275.0,4.4,-24.1%,-18.5%,+2.5%,-53.6%
WPP,Extended,Media content,Communication Services,Media & Entertainment,Adj,Dec,EPS,CY2026,0.829,0.607,-26.8%,0.584,-3.8%,0.541,-7.4%,275.0,5.1,-34.7%,-18.5%,+2.5%,-53.6%
WPP,Extended,Media content,Communication Services,Media & Entertainment,Adj,Dec,EPS,CY2027,0.878,0.675,-23.1%,0.648,-4.0%,0.557,-14.0%,275.0,4.9,-36.6%,-18.5%,+2.5%,-53.6%
WPP,Extended,Media content,Communication Services,Media & Entertainment,Adj,Dec,EPS,CY2028,0.924,0.753,-18.5%,0.706,-6.2%,0.619,-12.3%,275.0,4.4,-33.0%,-18.5%,+2.5%,-53.6%
BCE,Extended,Media content,Communication Services,Telecommunication Services,Adj,Dec,EPS,CY2025,2.767,2.75,-0.6%,2.719,-1.1%,2.719,+0.0%,33.09,12.2,-1.7%,+1.1%,-4.7%,+4.7%
BCE,Extended,Media content,Communication Services,Telecommunication Services,Adj,Dec,EPS,CY2026,2.661,2.718,+2.1%,2.579,-5.1%,2.597,+0.7%,33.09,12.7,-2.4%,+1.1%,-4.7%,+4.7%
BCE,Extended,Media content,Communication Services,Telecommunication Services,Adj,Dec,EPS,CY2027,2.757,2.721,-1.3%,2.675,-1.7%,2.708,+1.2%,33.09,12.2,-1.8%,+1.1%,-4.7%,+4.7%
BCE,Extended,Media content,Communication Services,Telecommunication Services,Adj,Dec,EPS,CY2028,3.208,2.908,-9.4%,2.79,-4.1%,2.928,+4.9%,33.09,11.3,-8.7%,+1.1%,-4.7%,+4.7%
OMC,Extended,Media content,Communication Services,Media & Entertainment,Adj,Dec,EPS,CY2025,8.176,8.598,+5.2%,8.533,-0.8%,8.575,+0.5%,77.06,9.0,+4.9%,-4.6%,+8.9%,+1.5%
OMC,Extended,Media content,Communication Services,Media & Entertainment,Adj,Dec,EPS,CY2026,8.84,9.245,+4.6%,9.789,+5.9%,10.7,+9.3%,77.06,7.2,+21.0%,-4.6%,+8.9%,+1.5%
OMC,Extended,Media content,Communication Services,Media & Entertainment,Adj,Dec,EPS,CY2027,9.506,10.119,+6.4%,11.308,+11.8%,12.073,+6.8%,77.06,6.4,+27.0%,-4.6%,+8.9%,+1.5%
OMC,Extended,Media content,Communication Services,Media & Entertainment,Adj,Dec,EPS,CY2028,10.348,10.588,+2.3%,11.833,+11.8%,13.08,+10.5%,77.06,5.9,+26.4%,-4.6%,+8.9%,+1.5%
AMT,Extended,Telco infrastructure,Real Estate,Equity Real Estate Investment,Adj,Dec,EPS,CY2025,6.193,5.274,-14.8%,5.292,+0.3%,5.292,+0.0%,176.53,33.4,-14.5%,+0.5%,+1.6%,-19.7%
AMT,Extended,Telco infrastructure,Real Estate,Equity Real Estate Investment,Adj,Dec,EPS,CY2026,7.1,6.971,-1.8%,6.893,-1.1%,6.584,-4.5%,176.53,26.8,-7.3%,+0.5%,+1.6%,-19.7%
AMT,Extended,Telco infrastructure,Real Estate,Equity Real Estate Investment,Adj,Dec,EPS,CY2027,7.722,7.403,-4.1%,7.316,-1.2%,6.934,-5.2%,176.53,25.5,-10.2%,+0.5%,+1.6%,-19.7%
AMT,Extended,Telco infrastructure,Real Estate,Equity Real Estate Investment,Adj,Dec,EPS,CY2028,8.688,8.296,-4.5%,8.28,-0.2%,7.696,-7.1%,176.53,22.9,-11.4%,+0.5%,+1.6%,-19.7%
SBAC,Extended,Telco infrastructure,Real Estate,Equity Real Estate Investment,Adj,Dec,EPS,CY2025,8.426,8.933,+6.0%,9.12,+2.1%,9.12,+0.0%,218.17,23.9,+8.2%,+12.8%,+18.2%,-9.0%
SBAC,Extended,Telco infrastructure,Real Estate,Equity Real Estate Investment,Adj,Dec,EPS,CY2026,9.305,8.859,-4.8%,8.679,-2.0%,7.728,-11.0%,218.17,28.2,-16.9%,+12.8%,+18.2%,-9.0%
SBAC,Extended,Telco infrastructure,Real Estate,Equity Real Estate Investment,Adj,Dec,EPS,CY2027,9.849,9.082,-7.8%,8.884,-2.2%,8.705,-2.0%,218.17,25.1,-11.6%,+12.8%,+18.2%,-9.0%
SBAC,Extended,Telco infrastructure,Real Estate,Equity Real Estate Investment,Adj,Dec,EPS,CY2028,11.237,10.085,-10.3%,9.686,-4.0%,9.577,-1.1%,218.17,22.8,-14.8%,+12.8%,+18.2%,-9.0%
CCI,Extended,Telco infrastructure,Real Estate,Equity Real Estate Investment,Adj,Dec,EPS,CY2025,0.726,1.058,+45.7%,0.984,-7.0%,0.984,+0.0%,90.57,92.0,+35.5%,+1.9%,+9.0%,-13.7%
CCI,Extended,Telco infrastructure,Real Estate,Equity Real Estate Investment,Adj,Dec,EPS,CY2026,2.964,3.264,+10.1%,2.907,-10.9%,2.421,-16.7%,90.57,37.4,-18.3%,+1.9%,+9.0%,-13.7%
CCI,Extended,Telco infrastructure,Real Estate,Equity Real Estate Investment,Adj,Dec,EPS,CY2027,3.463,3.838,+10.8%,3.424,-10.8%,3.029,-11.5%,90.57,29.9,-12.5%,+1.9%,+9.0%,-13.7%
CCI,Extended,Telco infrastructure,Real Estate,Equity Real Estate Investment,Adj,Dec,EPS,CY2028,4.39,4.95,+12.8%,3.865,-21.9%,3.334,-13.7%,90.57,27.2,-24.1%,+1.9%,+9.0%,-13.7%
EQIX,Extended,Telco infrastructure,Real Estate,Equity Real Estate Investment,Adj,Dec,EPS,CY2025,14.085,14.789,+5.0%,14.766,-0.2%,14.766,+0.0%,1072.08,72.6,+4.8%,+39.9%,+25.0%,+24.0%
EQIX,Extended,Telco infrastructure,Real Estate,Equity Real Estate Investment,Adj,Dec,EPS,CY2026,15.867,15.028,-5.3%,15.068,+0.3%,17.207,+14.2%,1072.08,62.3,+8.4%,+39.9%,+25.0%,+24.0%
EQIX,Extended,Telco infrastructure,Real Estate,Equity Real Estate Investment,Adj,Dec,EPS,CY2027,17.93,16.093,-10.2%,16.251,+1.0%,18.885,+16.2%,1072.08,56.8,+5.3%,+39.9%,+25.0%,+24.0%
EQIX,Extended,Telco infrastructure,Real Estate,Equity Real Estate Investment,Adj,Dec,EPS,CY2028,20.572,17.232,-16.2%,17.859,+3.6%,21.43,+20.0%,1072.08,50.0,+4.2%,+39.9%,+25.0%,+24.0%
ERICB,Extended,Telco infrastructure,Information Technology,Technology Hardware & Equipmen,GAAP,Dec,EPS,CY2025,6.009,7.59,+26.3%,7.606,+0.2%,7.606,+0.0%,109.6,14.4,+26.6%,+21.0%,+8.9%,+36.2%
ERICB,Extended,Telco infrastructure,Information Technology,Technology Hardware & Equipmen,GAAP,Dec,EPS,CY2026,5.903,5.939,+0.6%,6.281,+5.8%,5.512,-12.2%,109.6,19.9,-6.6%,+21.0%,+8.9%,+36.2%
ERICB,Extended,Telco infrastructure,Information Technology,Technology Hardware & Equipmen,GAAP,Dec,EPS,CY2027,6.417,6.497,+1.2%,7.05,+8.5%,6.777,-3.9%,109.6,16.2,+5.6%,+21.0%,+8.9%,+36.2%
ERICB,Extended,Telco infrastructure,Information Technology,Technology Hardware & Equipmen,GAAP,Dec,EPS,CY2028,6.725,6.678,-0.7%,7.115,+6.5%,7.371,+3.6%,109.6,14.9,+9.6%,+21.0%,+8.9%,+36.2%
GDS,Extended,Telco infrastructure,Information Technology,Software & Services,Adj,Dec,EPS,CY2025,-0.439,-0.664,-51.3%,0.813,+222.4%,0.806,-0.9%,44.25,54.9,+283.6%,+26.8%,-4.5%,+73.9%
GDS,Extended,Telco infrastructure,Information Technology,Software & Services,Adj,Dec,EPS,CY2026,-0.856,-0.054,+93.7%,0.013,+124.1%,0.2,+1438.5%,44.25,221.2,+123.4%,+26.8%,-4.5%,+73.9%
GDS,Extended,Telco infrastructure,Information Technology,Software & Services,Adj,Dec,EPS,CY2027,0.025,1.027,+4008.0%,0.183,-82.2%,1.072,+485.8%,44.25,41.3,+4188.0%,+26.8%,-4.5%,+73.9%
GDS,Extended,Telco infrastructure,Information Technology,Software & Services,Adj,Dec,EPS,CY2028,19.905,0.367,-98.2%,12.548,+3319.1%,0.772,-93.8%,44.25,57.3,-96.1%,+26.8%,-4.5%,+73.9%
NOK,Extended,Telco infrastructure,Information Technology,Technology Hardware & Equipmen,Adj,Dec,EPS,CY2025,0.302,0.273,-9.6%,0.27,-1.1%,0.27,+0.0%,12.82,47.5,-10.6%,+98.1%,+78.6%,+151.9%
NOK,Extended,Telco infrastructure,Information Technology,Technology Hardware & Equipmen,Adj,Dec,EPS,CY2026,0.36,0.336,-6.7%,0.312,-7.1%,0.339,+8.7%,12.82,37.8,-5.8%,+98.1%,+78.6%,+151.9%
NOK,Extended,Telco infrastructure,Information Technology,Technology Hardware & Equipmen,Adj,Dec,EPS,CY2027,0.393,0.374,-4.8%,0.358,-4.3%,0.398,+11.2%,12.82,32.2,+1.3%,+98.1%,+78.6%,+151.9%
NOK,Extended,Telco infrastructure,Information Technology,Technology Hardware & Equipmen,Adj,Dec,EPS,CY2028,0.412,0.424,+2.9%,0.396,-6.6%,0.457,+15.4%,12.82,28.1,+10.9%,+98.1%,+78.6%,+151.9%
BDC,Extended,Telco infrastructure,Information Technology,Technology Hardware & Equipmen,Adj,Dec,EPS,CY2025,7.097,7.37,+3.8%,7.422,+0.7%,7.422,+0.0%,112.3,15.1,+4.6%,-3.6%,-20.2%,+5.4%
BDC,Extended,Telco infrastructure,Information Technology,Technology Hardware & Equipmen,Adj,Dec,EPS,CY2026,7.815,7.793,-0.3%,7.777,-0.2%,8.01,+3.0%,112.3,14.0,+2.5%,-3.6%,-20.2%,+5.4%
BDC,Extended,Telco infrastructure,Information Technology,Technology Hardware & Equipmen,Adj,Dec,EPS,CY2027,8.325,8.574,+3.0%,8.582,+0.1%,8.893,+3.6%,112.3,12.6,+6.8%,-3.6%,-20.2%,+5.4%
BDC,Extended,Telco infrastructure,Information Technology,Technology Hardware & Equipmen,Adj,Dec,EPS,CY2028,,10.08,,10.08,+0.0%,9.445,-6.3%,112.3,11.9,,-3.6%,-20.2%,+5.4%
HLIT,Extended,Telco infrastructure,Information Technology,Technology Hardware & Equipmen,Adj,Dec,EPS,CY2025,0.5,0.439,-12.2%,0.432,-1.6%,0.432,+0.0%,12.81,29.7,-13.6%,+29.5%,+24.5%,+41.1%
HLIT,Extended,Telco infrastructure,Information Technology,Technology Hardware & Equipmen,Adj,Dec,EPS,CY2026,0.953,0.729,-23.5%,0.73,+0.1%,0.622,-14.8%,12.81,20.6,-34.7%,+29.5%,+24.5%,+41.1%
HLIT,Extended,Telco infrastructure,Information Technology,Technology Hardware & Equipmen,Adj,Dec,EPS,CY2027,1.235,1.013,-18.0%,1.013,+0.0%,0.845,-16.6%,12.81,15.2,-31.6%,+29.5%,+24.5%,+41.1%
HLIT,Extended,Telco infrastructure,Information Technology,Technology Hardware & Equipmen,Adj,Dec,EPS,CY2028,1.82,1.81,-0.5%,1.81,+0.0%,1.34,-26.0%,12.81,9.6,-26.4%,+29.5%,+24.5%,+41.1%
VISN,Extended,Telco infrastructure,Information Technology,Technology Hardware & Equipmen,Adj,Dec,EPS,CY2025,0.823,1.374,+67.0%,1.687,+22.8%,1.53,-9.3%,11.72,7.7,+85.9%,+32.5%,+23.6%,+398.3%
VISN,Extended,Telco infrastructure,Information Technology,Technology Hardware & Equipmen,Adj,Dec,EPS,CY2026,1.09,1.726,+58.3%,1.488,-13.8%,1.11,-25.4%,11.72,10.6,+1.8%,+32.5%,+23.6%,+398.3%
VISN,Extended,Telco infrastructure,Information Technology,Technology Hardware & Equipmen,Adj,Dec,EPS,CY2027,1.1,2.77,+151.8%,2.77,+0.0%,1.225,-55.8%,11.72,9.6,+11.4%,+32.5%,+23.6%,+398.3%
VISN,Extended,Telco infrastructure,Information Technology,Technology Hardware & Equipmen,Adj,Dec,EPS,CY2028,1.28,1.28,+0.0%,1.28,+0.0%,1.28,+0.0%,11.72,9.2,+0.0%,+32.5%,+23.6%,+398.3%
ANET,Extended,Telco infrastructure,Information Technology,Technology Hardware & Equipmen,Adj,Dec,EPS,CY2025,2.558,2.866,+12.0%,2.873,+0.2%,2.873,+0.0%,141.77,49.3,+12.3%,+8.2%,+0.0%,+63.9%
ANET,Extended,Telco infrastructure,Information Technology,Technology Hardware & Equipmen,Adj,Dec,EPS,CY2026,2.975,3.336,+12.1%,3.342,+0.2%,3.621,+8.3%,141.77,39.2,+21.7%,+8.2%,+0.0%,+63.9%
ANET,Extended,Telco infrastructure,Information Technology,Technology Hardware & Equipmen,Adj,Dec,EPS,CY2027,3.55,4.025,+13.4%,4.022,-0.1%,4.401,+9.4%,141.77,32.2,+24.0%,+8.2%,+0.0%,+63.9%
ANET,Extended,Telco infrastructure,Information Technology,Technology Hardware & Equipmen,Adj,Dec,EPS,CY2028,4.03,4.862,+20.6%,4.68,-3.7%,5.209,+11.3%,141.77,27.2,+29.3%,+8.2%,+0.0%,+63.9%
VRT,Extended,Telco infrastructure,Industrials,Capital Goods,Adj,Dec,EPS,CY2025,3.564,4.117,+15.5%,4.116,-0.0%,4.116,+0.0%,339.97,82.6,+15.5%,+109.8%,+68.3%,+261.4%
VRT,Extended,Telco infrastructure,Industrials,Capital Goods,Adj,Dec,EPS,CY2026,4.34,5.228,+20.5%,5.29,+1.2%,6.345,+19.9%,339.97,53.6,+46.2%,+109.8%,+68.3%,+261.4%
VRT,Extended,Telco infrastructure,Industrials,Capital Goods,Adj,Dec,EPS,CY2027,5.282,6.443,+22.0%,6.616,+2.7%,8.496,+28.4%,339.97,40.0,+60.8%,+109.8%,+68.3%,+261.4%
VRT,Extended,Telco infrastructure,Industrials,Capital Goods,Adj,Dec,EPS,CY2028,5.856,7.665,+30.9%,7.86,+2.5%,10.768,+37.0%,339.97,31.6,+83.9%,+109.8%,+68.3%,+261.4%
MTZ,Extended,Telco infrastructure,Industrials,Capital Goods,Adj,Dec,EPS,CY2025,6.102,6.423,+5.3%,6.424,+0.0%,6.437,+0.2%,414.29,64.4,+5.5%,+90.6%,+58.1%,+179.5%
MTZ,Extended,Telco infrastructure,Industrials,Capital Goods,Adj,Dec,EPS,CY2026,7.252,8.078,+11.4%,8.191,+1.4%,8.861,+8.2%,414.29,46.8,+22.2%,+90.6%,+58.1%,+179.5%
MTZ,Extended,Telco infrastructure,Industrials,Capital Goods,Adj,Dec,EPS,CY2027,6.98,9.803,+40.4%,9.899,+1.0%,11.583,+17.0%,414.29,35.8,+65.9%,+90.6%,+58.1%,+179.5%
MTZ,Extended,Telco infrastructure,Industrials,Capital Goods,Adj,Dec,EPS,CY2028,6.59,10.93,+65.9%,11.14,+1.9%,13.858,+24.4%,414.29,29.9,+110.3%,+90.6%,+58.1%,+179.5%
DY,Extended,Telco infrastructure,Industrials,Capital Goods,Adj,Jan,EPS,CY2025,9.29,10.252,+10.4%,10.903,+6.3%,10.918,+0.1%,428.31,39.2,+17.5%,+26.8%,+3.1%,+127.3%
DY,Extended,Telco infrastructure,Industrials,Capital Goods,Adj,Jan,EPS,CY2026,10.72,11.533,+7.6%,13.432,+16.5%,14.291,+6.4%,428.31,30.0,+33.3%,+26.8%,+3.1%,+127.3%
DY,Extended,Telco infrastructure,Industrials,Capital Goods,Adj,Jan,EPS,CY2027,12.703,13.48,+6.1%,16.374,+21.5%,17.021,+4.0%,428.31,25.2,+34.0%,+26.8%,+3.1%,+127.3%
DY,Extended,Telco infrastructure,Industrials,Capital Goods,Adj,Jan,EPS,CY2028,15.13,16.89,+11.6%,18.335,+8.6%,19.538,+6.6%,428.31,21.9,+29.1%,+26.8%,+3.1%,+127.3%
GLW,Extended,Telco infrastructure,Information Technology,Technology Hardware & Equipmen,Adj,Dec,EPS,CY2025,2.363,2.519,+6.6%,2.521,+0.1%,2.521,+0.0%,186.94,74.2,+6.7%,+113.5%,+42.3%,+314.7%
GLW,Extended,Telco infrastructure,Information Technology,Technology Hardware & Equipmen,Adj,Dec,EPS,CY2026,2.709,3.039,+12.2%,3.077,+1.3%,3.185,+3.5%,186.94,58.7,+17.6%,+113.5%,+42.3%,+314.7%
GLW,Extended,Telco infrastructure,Information Technology,Technology Hardware & Equipmen,Adj,Dec,EPS,CY2027,2.972,3.58,+20.5%,3.784,+5.7%,4.21,+11.3%,186.94,44.4,+41.7%,+113.5%,+42.3%,+314.7%
GLW,Extended,Telco infrastructure,Information Technology,Technology Hardware & Equipmen,Adj,Dec,EPS,CY2028,3.278,3.885,+18.5%,4.501,+15.9%,5.55,+23.3%,186.94,33.7,+69.3%,+113.5%,+42.3%,+314.7%
APH,Extended,Telco infrastructure,Information Technology,Technology Hardware & Equipmen,Adj,Dec,EPS,CY2025,2.659,3.279,+23.3%,3.323,+1.3%,3.323,+0.0%,128.03,38.5,+25.0%,-5.3%,-11.2%,+58.3%
APH,Extended,Telco infrastructure,Information Technology,Technology Hardware & Equipmen,Adj,Dec,EPS,CY2026,2.912,4.001,+37.4%,4.385,+9.6%,4.771,+8.8%,128.03,26.8,+63.8%,-5.3%,-11.2%,+58.3%
APH,Extended,Telco infrastructure,Information Technology,Technology Hardware & Equipmen,Adj,Dec,EPS,CY2027,3.127,4.47,+42.9%,5.142,+15.0%,5.645,+9.8%,128.03,22.7,+80.5%,-5.3%,-11.2%,+58.3%
APH,Extended,Telco infrastructure,Information Technology,Technology Hardware & Equipmen,Adj,Dec,EPS,CY2028,3.44,5.33,+54.9%,5.692,+6.8%,6.23,+9.5%,128.03,20.6,+81.1%,-5.3%,-11.2%,+58.3%
UI,Extended,Telco infrastructure,Information Technology,Technology Hardware & Equipmen,Adj,Jun,EPS,CY2025,,9.65,,9.65,+0.0%,9.65,+0.0%,842.1,87.3,,+52.2%,+18.2%,+103.6%
UI,Extended,Telco infrastructure,Information Technology,Technology Hardware & Equipmen,Adj,Jun,EPS,CY2026,,11.875,,14.46,+21.8%,15.125,+4.6%,842.1,55.7,,+52.2%,+18.2%,+103.6%
UI,Extended,Telco infrastructure,Information Technology,Technology Hardware & Equipmen,Adj,Jun,EPS,CY2027,,12.44,,16.897,+35.8%,17.115,+1.3%,842.1,49.2,,+52.2%,+18.2%,+103.6%
UI,Extended,Telco infrastructure,Information Technology,Technology Hardware & Equipmen,Adj,Jun,EPS,CY2028,,13.385,,18.78,+40.3%,19.13,+1.9%,842.1,44.0,,+52.2%,+18.2%,+103.6%
CALX,Extended,Telco infrastructure,Information Technology,Technology Hardware & Equipmen,Adj,Dec,EPS,CY2025,0.875,1.343,+53.5%,1.343,+0.0%,1.343,+0.0%,43.24,32.2,+53.5%,-18.3%,-22.2%,+0.1%
CALX,Extended,Telco infrastructure,Information Technology,Technology Hardware & Equipmen,Adj,Dec,EPS,CY2026,1.427,1.769,+24.0%,1.757,-0.7%,1.777,+1.1%,43.24,24.3,+24.5%,-18.3%,-22.2%,+0.1%
CALX,Extended,Telco infrastructure,Information Technology,Technology Hardware & Equipmen,Adj,Dec,EPS,CY2027,,2.453,,2.43,-0.9%,2.503,+3.0%,43.24,17.3,,-18.3%,-22.2%,+0.1%
CALX,Extended,Telco infrastructure,Information Technology,Technology Hardware & Equipmen,Adj,Dec,EPS,CY2028,,,,1.72,,3.142,+82.7%,43.24,13.8,,-18.3%,-22.2%,+0.1%
PRY,Extended,Telco infrastructure,Industrials,Capital Goods,Adj,Dec,EPS,CY2025,3.714,3.988,+7.4%,4.205,+5.4%,4.191,-0.3%,152.05,36.3,+12.8%,+76.0%,+43.3%,+188.2%
PRY,Extended,Telco infrastructure,Industrials,Capital Goods,Adj,Dec,EPS,CY2026,4.212,4.627,+9.9%,4.588,-0.8%,4.671,+1.8%,152.05,32.6,+10.9%,+76.0%,+43.3%,+188.2%
PRY,Extended,Telco infrastructure,Industrials,Capital Goods,Adj,Dec,EPS,CY2027,4.67,5.161,+10.5%,5.177,+0.3%,5.618,+8.5%,152.05,27.1,+20.3%,+76.0%,+43.3%,+188.2%
PRY,Extended,Telco infrastructure,Industrials,Capital Goods,Adj,Dec,EPS,CY2028,5.141,5.675,+10.4%,5.599,-1.3%,6.326,+13.0%,152.05,24.0,+23.0%,+76.0%,+43.3%,+188.2%
NTCT,Extended,Telco infrastructure,Information Technology,Technology Hardware & Equipmen,Adj,Mar,EPS,CY2025,2.22,2.305,+3.8%,2.415,+4.8%,2.415,+0.0%,39.09,16.2,+8.8%,+44.5%,+42.5%,+80.9%
NTCT,Extended,Telco infrastructure,Information Technology,Technology Hardware & Equipmen,Adj,Mar,EPS,CY2026,2.29,2.48,+8.3%,2.515,+1.4%,2.515,+0.0%,39.09,15.5,+9.8%,+44.5%,+42.5%,+80.9%
NTCT,Extended,Telco infrastructure,Information Technology,Technology Hardware & Equipmen,Adj,Mar,EPS,CY2027,,2.605,,2.6,-0.2%,2.6,+0.0%,39.09,15.0,,+44.5%,+42.5%,+80.9%
NTCT,Extended,Telco infrastructure,Information Technology,Technology Hardware & Equipmen,Adj,Mar,EPS,CY2028,,,,,,,,39.09,,,+44.5%,+42.5%,+80.9%
DOX,Extended,Telco infrastructure,Information Technology,Software & Services,Adj,Sep,EPS,CY2025,6.958,7.002,+0.6%,7.002,+0.0%,7.002,+0.0%,63.75,9.1,+0.6%,-20.8%,-13.1%,-30.3%
DOX,Extended,Telco infrastructure,Information Technology,Software & Services,Adj,Sep,EPS,CY2026,7.592,7.656,+0.8%,7.448,-2.7%,7.458,+0.1%,63.75,8.5,-1.8%,-20.8%,-13.1%,-30.3%
DOX,Extended,Telco infrastructure,Information Technology,Software & Services,Adj,Sep,EPS,CY2027,8.113,8.3,+2.3%,8.092,-2.5%,8.098,+0.1%,63.75,7.9,-0.2%,-20.8%,-13.1%,-30.3%
DOX,Extended,Telco infrastructure,Information Technology,Software & Services,Adj,Sep,EPS,CY2028,9.06,9.155,+1.0%,8.843,-3.4%,8.995,+1.7%,63.75,7.1,-0.7%,-20.8%,-13.1%,-30.3%
MCK,Extended,Drug distributors / PBMs,Health Care,Health Care Equipment & Servic,Adj,Mar,EPS,CY2025,36.84,38.584,+4.7%,38.943,+0.9%,38.984,+0.1%,736.09,18.9,+5.8%,-10.3%,-23.5%,+6.1%
MCK,Extended,Drug distributors / PBMs,Health Care,Health Care Equipment & Servic,Adj,Mar,EPS,CY2026,41.443,43.756,+5.6%,44.171,+0.9%,44.206,+0.1%,736.09,16.7,+6.7%,-10.3%,-23.5%,+6.1%
MCK,Extended,Drug distributors / PBMs,Health Care,Health Care Equipment & Servic,Adj,Mar,EPS,CY2027,46.171,49.765,+7.8%,49.964,+0.4%,50.156,+0.4%,736.09,14.7,+8.6%,-10.3%,-23.5%,+6.1%
MCK,Extended,Drug distributors / PBMs,Health Care,Health Care Equipment & Servic,Adj,Mar,EPS,CY2028,51.193,55.956,+9.3%,56.196,+0.4%,57.395,+2.1%,736.09,12.8,+12.1%,-10.3%,-23.5%,+6.1%
CAH,Extended,Drug distributors / PBMs,Health Care,Health Care Equipment & Servic,Adj,Jun,EPS,CY2025,8.113,8.198,+1.0%,8.198,+0.0%,8.198,+0.0%,183.65,22.4,+1.0%,-10.6%,-18.7%,+23.9%
CAH,Extended,Drug distributors / PBMs,Health Care,Health Care Equipment & Servic,Adj,Jun,EPS,CY2026,9.064,9.823,+8.4%,10.194,+3.8%,10.769,+5.6%,183.65,17.1,+18.8%,-10.6%,-18.7%,+23.9%
CAH,Extended,Drug distributors / PBMs,Health Care,Health Care Equipment & Servic,Adj,Jun,EPS,CY2027,10.021,11.059,+10.4%,11.454,+3.6%,11.986,+4.6%,183.65,15.3,+19.6%,-10.6%,-18.7%,+23.9%
CAH,Extended,Drug distributors / PBMs,Health Care,Health Care Equipment & Servic,Adj,Jun,EPS,CY2028,11.06,12.449,+12.6%,12.9,+3.6%,13.525,+4.8%,183.65,13.6,+22.3%,-10.6%,-18.7%,+23.9%
COR,Extended,Drug distributors / PBMs,Health Care,Health Care Equipment & Servic,Adj,Sep,EPS,CY2025,15.717,15.945,+1.5%,15.945,+0.0%,15.945,+0.0%,261.08,16.4,+1.5%,-22.7%,-28.1%,-7.7%
COR,Extended,Drug distributors / PBMs,Health Care,Health Care Equipment & Servic,Adj,Sep,EPS,CY2026,17.241,17.604,+2.1%,17.609,+0.0%,17.725,+0.7%,261.08,14.7,+2.8%,-22.7%,-28.1%,-7.7%
COR,Extended,Drug distributors / PBMs,Health Care,Health Care Equipment & Servic,Adj,Sep,EPS,CY2027,18.954,19.456,+2.6%,19.797,+1.8%,19.705,-0.5%,261.08,13.2,+4.0%,-22.7%,-28.1%,-7.7%
COR,Extended,Drug distributors / PBMs,Health Care,Health Care Equipment & Servic,Adj,Sep,EPS,CY2028,20.91,21.505,+2.8%,21.871,+1.7%,21.869,-0.0%,261.08,11.9,+4.6%,-22.7%,-28.1%,-7.7%
AZO,Extended,Autos,Consumer Discretionary,Consumer Discretionary Distrib,Adj,Aug,EPS,CY2025,150.169,146.727,-2.3%,146.727,+0.0%,146.727,+0.0%,3496.19,23.8,-2.3%,+3.1%,-3.8%,-4.6%
AZO,Extended,Autos,Consumer Discretionary,Consumer Discretionary Distrib,Adj,Aug,EPS,CY2026,170.066,153.613,-9.7%,148.243,-3.5%,148.69,+0.3%,3496.19,23.5,-12.6%,+3.1%,-3.8%,-4.6%
AZO,Extended,Autos,Consumer Discretionary,Consumer Discretionary Distrib,Adj,Aug,EPS,CY2027,189.055,180.886,-4.3%,174.211,-3.7%,174.75,+0.3%,3496.19,20.0,-7.6%,+3.1%,-3.8%,-4.6%
AZO,Extended,Autos,Consumer Discretionary,Consumer Discretionary Distrib,Adj,Aug,EPS,CY2028,213.165,202.578,-5.0%,195.064,-3.7%,194.159,-0.5%,3496.19,18.0,-8.9%,+3.1%,-3.8%,-4.6%
AAP,Extended,Autos,Consumer Discretionary,Consumer Discretionary Distrib,Adj,Dec,EPS,CY2025,1.53,1.805,+18.0%,1.819,+0.8%,1.815,-0.2%,56.15,30.9,+18.6%,+42.9%,+1.5%,+81.8%
AAP,Extended,Autos,Consumer Discretionary,Consumer Discretionary Distrib,Adj,Dec,EPS,CY2026,2.821,2.672,-5.3%,2.668,-0.1%,2.777,+4.1%,56.15,20.2,-1.6%,+42.9%,+1.5%,+81.8%
AAP,Extended,Autos,Consumer Discretionary,Consumer Discretionary Distrib,Adj,Dec,EPS,CY2027,4.381,3.973,-9.3%,4.068,+2.4%,3.907,-4.0%,56.15,14.4,-10.8%,+42.9%,+1.5%,+81.8%
AAP,Extended,Autos,Consumer Discretionary,Consumer Discretionary Distrib,Adj,Dec,EPS,CY2028,5.128,4.438,-13.5%,4.694,+5.8%,4.683,-0.2%,56.15,12.0,-8.7%,+42.9%,+1.5%,+81.8%
ORLY,Extended,Autos,Consumer Discretionary,Consumer Discretionary Distrib,Adj,Dec,EPS,CY2025,2.924,2.974,+1.7%,2.976,+0.1%,2.976,+0.0%,92.96,31.2,+1.8%,+1.9%,+0.3%,+2.6%
ORLY,Extended,Autos,Consumer Discretionary,Consumer Discretionary Distrib,Adj,Dec,EPS,CY2026,3.276,3.307,+0.9%,3.247,-1.8%,3.254,+0.2%,92.96,28.6,-0.7%,+1.9%,+0.3%,+2.6%
ORLY,Extended,Autos,Consumer Discretionary,Consumer Discretionary Distrib,Adj,Dec,EPS,CY2027,3.637,3.656,+0.5%,3.586,-1.9%,3.608,+0.6%,92.96,25.8,-0.8%,+1.9%,+0.3%,+2.6%
ORLY,Extended,Autos,Consumer Discretionary,Consumer Discretionary Distrib,Adj,Dec,EPS,CY2028,3.953,3.958,+0.1%,3.95,-0.2%,3.983,+0.8%,92.96,23.3,+0.8%,+1.9%,+0.3%,+2.6%
KMX,Extended,Autos,Consumer Discretionary,Consumer Discretionary Distrib,Adj,Feb,EPS,CY2025,3.774,2.973,-21.2%,2.666,-10.3%,2.693,+1.0%,40.34,15.0,-28.6%,+4.4%,-13.2%,-39.0%
KMX,Extended,Autos,Consumer Discretionary,Consumer Discretionary Distrib,Adj,Feb,EPS,CY2026,4.328,3.316,-23.4%,2.525,-23.9%,2.318,-8.2%,40.34,17.4,-46.4%,+4.4%,-13.2%,-39.0%
KMX,Extended,Autos,Consumer Discretionary,Consumer Discretionary Distrib,Adj,Feb,EPS,CY2027,5.338,3.93,-26.4%,3.238,-17.6%,2.77,-14.5%,40.34,14.6,-48.1%,+4.4%,-13.2%,-39.0%
KMX,Extended,Autos,Consumer Discretionary,Consumer Discretionary Distrib,Adj,Feb,EPS,CY2028,9.48,6.29,-33.6%,4.933,-21.6%,3.841,-22.1%,40.34,10.5,-59.5%,+4.4%,-13.2%,-39.0%
MNRO,Extended,Autos,Consumer Discretionary,Consumer Discretionary Distrib,Adj,Mar,EPS,CY2025,0.863,0.548,-36.5%,0.55,+0.4%,0.474,-13.8%,17.72,37.4,-45.1%,-11.6%,-15.8%,+45.0%
MNRO,Extended,Autos,Consumer Discretionary,Consumer Discretionary Distrib,Adj,Mar,EPS,CY2026,0.85,0.698,-17.9%,0.668,-4.3%,0.66,-1.2%,17.72,26.8,-22.4%,-11.6%,-15.8%,+45.0%
MNRO,Extended,Autos,Consumer Discretionary,Consumer Discretionary Distrib,Adj,Mar,EPS,CY2027,0.85,0.92,+8.2%,0.9,-2.2%,0.927,+3.0%,17.72,19.1,+9.1%,-11.6%,-15.8%,+45.0%
MNRO,Extended,Autos,Consumer Discretionary,Consumer Discretionary Distrib,Adj,Mar,EPS,CY2028,,,,,,1.21,,17.72,14.6,,-11.6%,-15.8%,+45.0%
AN,Extended,Autos,Consumer Discretionary,Consumer Discretionary Distrib,Adj,Dec,EPS,CY2025,18.221,20.033,+9.9%,19.989,-0.2%,19.989,+0.0%,205.97,10.3,+9.7%,-0.2%,-2.1%,+14.6%
AN,Extended,Autos,Consumer Discretionary,Consumer Discretionary Distrib,Adj,Dec,EPS,CY2026,19.781,21.057,+6.5%,21.283,+1.1%,21.375,+0.4%,205.97,9.6,+8.1%,-0.2%,-2.1%,+14.6%
AN,Extended,Autos,Consumer Discretionary,Consumer Discretionary Distrib,Adj,Dec,EPS,CY2027,22.342,22.783,+2.0%,23.461,+3.0%,24.028,+2.4%,205.97,8.6,+7.5%,-0.2%,-2.1%,+14.6%
AN,Extended,Autos,Consumer Discretionary,Consumer Discretionary Distrib,Adj,Dec,EPS,CY2028,24.97,25.323,+1.4%,26.023,+2.8%,25.317,-2.7%,205.97,8.1,+1.4%,-0.2%,-2.1%,+14.6%
GPI,Extended,Autos,Consumer Discretionary,Consumer Discretionary Distrib,Adj,Dec,EPS,CY2025,40.665,42.219,+3.8%,40.471,-4.1%,40.471,+0.0%,357.83,8.8,-0.5%,-9.0%,+5.7%,-16.8%
GPI,Extended,Autos,Consumer Discretionary,Consumer Discretionary Distrib,Adj,Dec,EPS,CY2026,43.353,44.38,+2.4%,43.005,-3.1%,42.482,-1.2%,357.83,8.4,-2.0%,-9.0%,+5.7%,-16.8%
GPI,Extended,Autos,Consumer Discretionary,Consumer Discretionary Distrib,Adj,Dec,EPS,CY2027,49.92,49.06,-1.7%,47.701,-2.8%,47.669,-0.1%,357.83,7.5,-4.5%,-9.0%,+5.7%,-16.8%
GPI,Extended,Autos,Consumer Discretionary,Consumer Discretionary Distrib,Adj,Dec,EPS,CY2028,56.48,55.73,-1.3%,55.465,-0.5%,51.708,-6.8%,357.83,6.9,-8.4%,-9.0%,+5.7%,-16.8%
SAH,Extended,Autos,Consumer Discretionary,Consumer Discretionary Distrib,Adj,Dec,EPS,CY2025,6.207,6.007,-3.2%,6.049,+0.7%,6.049,+0.0%,81.2,13.4,-2.5%,+31.3%,+31.9%,+25.1%
SAH,Extended,Autos,Consumer Discretionary,Consumer Discretionary Distrib,Adj,Dec,EPS,CY2026,7.036,7.133,+1.4%,7.044,-1.2%,6.79,-3.6%,81.2,12.0,-3.5%,+31.3%,+31.9%,+25.1%
SAH,Extended,Autos,Consumer Discretionary,Consumer Discretionary Distrib,Adj,Dec,EPS,CY2027,8.223,7.998,-2.7%,7.788,-2.6%,7.496,-3.7%,81.2,10.8,-8.8%,+31.3%,+31.9%,+25.1%
SAH,Extended,Autos,Consumer Discretionary,Consumer Discretionary Distrib,Adj,Dec,EPS,CY2028,9.735,9.35,-4.0%,8.917,-4.6%,8.38,-6.0%,81.2,9.7,-13.9%,+31.3%,+31.9%,+25.1%
CPRT,Extended,Autos,Industrials,Commercial & Professional Serv,Adj,Jul,EPS,CY2025,,1.55,,1.55,+0.0%,1.55,+0.0%,33.94,21.9,,-13.3%,-15.8%,-44.8%
CPRT,Extended,Autos,Industrials,Commercial & Professional Serv,Adj,Jul,EPS,CY2026,,1.728,,1.658,-4.1%,1.575,-5.0%,33.94,21.5,,-13.3%,-15.8%,-44.8%
CPRT,Extended,Autos,Industrials,Commercial & Professional Serv,Adj,Jul,EPS,CY2027,,1.935,,1.808,-6.6%,1.679,-7.1%,33.94,20.2,,-13.3%,-15.8%,-44.8%
CPRT,Extended,Autos,Industrials,Commercial & Professional Serv,Adj,Jul,EPS,CY2028,,2.22,,1.915,-13.7%,1.837,-4.1%,33.94,18.5,,-13.3%,-15.8%,-44.8%
LKQ,Extended,Autos,Consumer Discretionary,Consumer Discretionary Distrib,Adj,Dec,EPS,CY2025,3.51,3.109,-11.4%,3.106,-0.1%,3.106,+0.0%,28.89,9.3,-11.5%,-4.3%,-15.5%,-28.0%
LKQ,Extended,Autos,Consumer Discretionary,Consumer Discretionary Distrib,Adj,Dec,EPS,CY2026,3.769,3.353,-11.0%,3.319,-1.0%,2.781,-16.2%,28.89,10.4,-26.2%,-4.3%,-15.5%,-28.0%
LKQ,Extended,Autos,Consumer Discretionary,Consumer Discretionary Distrib,Adj,Dec,EPS,CY2027,4.018,3.625,-9.8%,3.563,-1.7%,3.127,-12.2%,28.89,9.2,-22.2%,-4.3%,-15.5%,-28.0%
LKQ,Extended,Autos,Consumer Discretionary,Consumer Discretionary Distrib,Adj,Dec,EPS,CY2028,4.04,4.04,+0.0%,3.39,-16.1%,3.525,+4.0%,28.89,8.2,-12.7%,-4.3%,-15.5%,-28.0%
WAB,Extended,Auto / Truck Supply Chain,Industrials,Capital Goods,Adj,Dec,EPS,CY2025,8.723,8.974,+2.9%,8.968,-0.1%,8.968,+0.0%,265.71,29.6,+2.8%,+24.5%,+8.6%,+37.9%
WAB,Extended,Auto / Truck Supply Chain,Industrials,Capital Goods,Adj,Dec,EPS,CY2026,9.732,10.174,+4.5%,10.228,+0.5%,10.578,+3.4%,265.71,25.1,+8.7%,+24.5%,+8.6%,+37.9%
WAB,Extended,Auto / Truck Supply Chain,Industrials,Capital Goods,Adj,Dec,EPS,CY2027,10.804,11.247,+4.1%,11.442,+1.7%,12.129,+6.0%,265.71,21.9,+12.3%,+24.5%,+8.6%,+37.9%
WAB,Extended,Auto / Truck Supply Chain,Industrials,Capital Goods,Adj,Dec,EPS,CY2028,11.31,14.48,+28.0%,13.003,-10.2%,13.555,+4.2%,265.71,19.6,+19.8%,+24.5%,+8.6%,+37.9%
ALSN,Extended,Auto / Truck Supply Chain,Industrials,Capital Goods,Adj,Dec,EPS,CY2025,8.825,7.701,-12.7%,7.72,+0.2%,7.72,+0.0%,124.18,16.1,-12.5%,+26.8%,+8.0%,+25.8%
ALSN,Extended,Auto / Truck Supply Chain,Industrials,Capital Goods,Adj,Dec,EPS,CY2026,9.965,8.252,-17.2%,9.837,+19.2%,9.177,-6.7%,124.18,13.5,-7.9%,+26.8%,+8.0%,+25.8%
ALSN,Extended,Auto / Truck Supply Chain,Industrials,Capital Goods,Adj,Dec,EPS,CY2027,11.02,9.698,-12.0%,11.606,+19.7%,10.889,-6.2%,124.18,11.4,-1.2%,+26.8%,+8.0%,+25.8%
ALSN,Extended,Auto / Truck Supply Chain,Industrials,Capital Goods,Adj,Dec,EPS,CY2028,12.87,14.39,+11.8%,10.24,-28.8%,13.166,+28.6%,124.18,9.4,+2.3%,+26.8%,+8.0%,+25.8%
GNTX,Extended,Auto / Truck Supply Chain,Consumer Discretionary,Automobiles & Components,Adj,Dec,EPS,CY2025,1.696,1.783,+5.1%,1.791,+0.4%,1.791,+0.0%,23.39,13.1,+5.6%,+0.5%,-1.5%,+5.3%
GNTX,Extended,Auto / Truck Supply Chain,Consumer Discretionary,Automobiles & Components,Adj,Dec,EPS,CY2026,1.917,1.959,+2.2%,1.949,-0.5%,1.97,+1.1%,23.39,11.9,+2.8%,+0.5%,-1.5%,+5.3%
GNTX,Extended,Auto / Truck Supply Chain,Consumer Discretionary,Automobiles & Components,Adj,Dec,EPS,CY2027,2.114,2.24,+6.0%,2.173,-3.0%,2.199,+1.2%,23.39,10.6,+4.0%,+0.5%,-1.5%,+5.3%
GNTX,Extended,Auto / Truck Supply Chain,Consumer Discretionary,Automobiles & Components,Adj,Dec,EPS,CY2028,3.13,2.96,-5.4%,2.573,-13.1%,2.544,-1.1%,23.39,9.2,-18.7%,+0.5%,-1.5%,+5.3%
TEL,Extended,Auto / Truck Supply Chain,Information Technology,Technology Hardware & Equipmen,Adj,Sep,EPS,CY2025,8.224,8.609,+4.7%,8.609,+0.0%,8.609,+0.0%,206.2,24.0,+4.7%,-9.4%,-8.9%,+34.9%
TEL,Extended,Auto / Truck Supply Chain,Information Technology,Technology Hardware & Equipmen,Adj,Sep,EPS,CY2026,9.001,10.693,+18.8%,11.047,+3.3%,11.239,+1.7%,206.2,18.3,+24.9%,-9.4%,-8.9%,+34.9%
TEL,Extended,Auto / Truck Supply Chain,Information Technology,Technology Hardware & Equipmen,Adj,Sep,EPS,CY2027,9.927,11.866,+19.5%,12.363,+4.2%,12.604,+1.9%,206.2,16.4,+27.0%,-9.4%,-8.9%,+34.9%
TEL,Extended,Auto / Truck Supply Chain,Information Technology,Technology Hardware & Equipmen,Adj,Sep,EPS,CY2028,11.092,13.006,+17.3%,13.699,+5.3%,13.89,+1.4%,206.2,14.8,+25.2%,-9.4%,-8.9%,+34.9%
GT,Extended,Auto / Truck Supply Chain,Consumer Discretionary,Automobiles & Components,Adj,Dec,EPS,CY2025,1.299,0.687,-47.1%,0.624,-9.2%,0.624,+0.0%,6.505,10.4,-52.0%,-25.7%,-38.2%,-40.1%
GT,Extended,Auto / Truck Supply Chain,Consumer Discretionary,Automobiles & Components,Adj,Dec,EPS,CY2026,1.913,1.195,-37.5%,1.059,-11.4%,0.119,-88.8%,6.505,54.7,-93.8%,-25.7%,-38.2%,-40.1%
GT,Extended,Auto / Truck Supply Chain,Consumer Discretionary,Automobiles & Components,Adj,Dec,EPS,CY2027,2.192,1.488,-32.1%,1.438,-3.4%,0.97,-32.5%,6.505,6.7,-55.7%,-25.7%,-38.2%,-40.1%
GT,Extended,Auto / Truck Supply Chain,Consumer Discretionary,Automobiles & Components,Adj,Dec,EPS,CY2028,2.49,1.76,-29.3%,1.467,-16.6%,1.432,-2.4%,6.505,4.5,-42.5%,-25.7%,-38.2%,-40.1%
TEN,Extended,Auto / Truck Supply Chain,Energy,Energy,Adj,Dec,EPS,CY2025,2.925,3.265,+11.6%,3.42,+4.7%,3.517,+2.8%,43.8,12.5,+20.2%,+95.4%,+60.4%,+149.7%
TEN,Extended,Auto / Truck Supply Chain,Energy,Energy,Adj,Dec,EPS,CY2026,4.737,6.115,+29.1%,4.46,-27.1%,7.755,+73.9%,43.8,5.6,+63.7%,+95.4%,+60.4%,+149.7%
TEN,Extended,Auto / Truck Supply Chain,Energy,Energy,Adj,Dec,EPS,CY2027,8.43,7.99,-5.2%,3.13,-60.8%,5.17,+65.2%,43.8,8.5,-38.7%,+95.4%,+60.4%,+149.7%
TEN,Extended,Auto / Truck Supply Chain,Energy,Energy,Adj,Dec,EPS,CY2028,,9.67,,9.67,+0.0%,9.67,+0.0%,43.8,4.5,,+95.4%,+60.4%,+149.7%
LEA,Extended,Auto / Truck Supply Chain,Consumer Discretionary,Automobiles & Components,Adj,Dec,EPS,CY2025,11.503,12.188,+6.0%,12.247,+0.5%,12.247,+0.0%,139.69,11.4,+6.5%,+21.9%,+0.3%,+54.2%
LEA,Extended,Auto / Truck Supply Chain,Consumer Discretionary,Automobiles & Components,Adj,Dec,EPS,CY2026,13.631,14.116,+3.6%,14.378,+1.9%,14.675,+2.1%,139.69,9.5,+7.7%,+21.9%,+0.3%,+54.2%
LEA,Extended,Auto / Truck Supply Chain,Consumer Discretionary,Automobiles & Components,Adj,Dec,EPS,CY2027,16.455,16.434,-0.1%,16.854,+2.6%,17.26,+2.4%,139.69,8.1,+4.9%,+21.9%,+0.3%,+54.2%
LEA,Extended,Auto / Truck Supply Chain,Consumer Discretionary,Automobiles & Components,Adj,Dec,EPS,CY2028,20.84,19.467,-6.6%,18.948,-2.7%,19.314,+1.9%,139.69,7.2,-7.3%,+21.9%,+0.3%,+54.2%
ADNT,Extended,Auto / Truck Supply Chain,Consumer Discretionary,Automobiles & Components,Adj,Sep,EPS,CY2025,1.593,1.968,+23.5%,1.968,+0.0%,1.968,+0.0%,22.78,11.6,+23.5%,+18.8%,-12.5%,+55.3%
ADNT,Extended,Auto / Truck Supply Chain,Consumer Discretionary,Automobiles & Components,Adj,Sep,EPS,CY2026,2.179,2.234,+2.5%,2.096,-6.2%,2.13,+1.6%,22.78,10.7,-2.2%,+18.8%,-12.5%,+55.3%
ADNT,Extended,Auto / Truck Supply Chain,Consumer Discretionary,Automobiles & Components,Adj,Sep,EPS,CY2027,3.491,3.523,+0.9%,3.21,-8.9%,3.285,+2.3%,22.78,6.9,-5.9%,+18.8%,-12.5%,+55.3%
ADNT,Extended,Auto / Truck Supply Chain,Consumer Discretionary,Automobiles & Components,Adj,Sep,EPS,CY2028,5.957,5.156,-13.4%,4.571,-11.3%,4.513,-1.3%,22.78,5.0,-24.2%,+18.8%,-12.5%,+55.3%
JCI,Extended,Auto / Truck Supply Chain,Industrials,Capital Goods,Adj,Sep,EPS,CY2025,3.605,3.725,+3.3%,3.725,+0.0%,3.725,+0.0%,139.52,37.5,+3.3%,+16.5%,+0.4%,+51.8%
JCI,Extended,Auto / Truck Supply Chain,Industrials,Capital Goods,Adj,Sep,EPS,CY2026,4.217,4.58,+8.6%,4.716,+3.0%,4.851,+2.9%,139.52,28.8,+15.0%,+16.5%,+0.4%,+51.8%
JCI,Extended,Auto / Truck Supply Chain,Industrials,Capital Goods,Adj,Sep,EPS,CY2027,4.836,5.305,+9.7%,5.502,+3.7%,5.668,+3.0%,139.52,24.6,+17.2%,+16.5%,+0.4%,+51.8%
JCI,Extended,Auto / Truck Supply Chain,Industrials,Capital Goods,Adj,Sep,EPS,CY2028,5.582,5.985,+7.2%,6.267,+4.7%,6.478,+3.4%,139.52,21.5,+16.1%,+16.5%,+0.4%,+51.8%
LNR,Extended,Auto / Truck Supply Chain,Consumer Discretionary,Automobiles & Components,Adj,Dec,EPS,CY2025,10.126,10.124,-0.0%,10.072,-0.5%,10.072,+0.0%,95.9,9.5,-0.5%,+15.6%,+8.1%,+59.8%
LNR,Extended,Auto / Truck Supply Chain,Consumer Discretionary,Automobiles & Components,Adj,Dec,EPS,CY2026,10.656,11.058,+3.8%,11.24,+1.6%,11.916,+6.0%,95.9,8.0,+11.8%,+15.6%,+8.1%,+59.8%
LNR,Extended,Auto / Truck Supply Chain,Consumer Discretionary,Automobiles & Components,Adj,Dec,EPS,CY2027,,13.87,,13.043,-6.0%,13.27,+1.7%,95.9,7.2,,+15.6%,+8.1%,+59.8%
LNR,Extended,Auto / Truck Supply Chain,Consumer Discretionary,Automobiles & Components,Adj,Dec,EPS,CY2028,,,,,,,,95.9,,,+15.6%,+8.1%,+59.8%
CON,Extended,Auto / Truck Supply Chain,Consumer Discretionary,Automobiles & Components,Adj,Dec,EPS,CY2025,7.528,4.546,-39.6%,2.873,-36.8%,2.87,-0.1%,70.68,24.6,-61.9%,+4.0%,-1.3%,+30.0%
CON,Extended,Auto / Truck Supply Chain,Consumer Discretionary,Automobiles & Components,Adj,Dec,EPS,CY2026,9.521,7.219,-24.2%,6.526,-9.6%,6.391,-2.1%,70.68,11.1,-32.9%,+4.0%,-1.3%,+30.0%
CON,Extended,Auto / Truck Supply Chain,Consumer Discretionary,Automobiles & Components,Adj,Dec,EPS,CY2027,11.027,8.2,-25.6%,7.566,-7.7%,7.411,-2.0%,70.68,9.5,-32.8%,+4.0%,-1.3%,+30.0%
CON,Extended,Auto / Truck Supply Chain,Consumer Discretionary,Automobiles & Components,Adj,Dec,EPS,CY2028,12.143,8.767,-27.8%,7.95,-9.3%,8.052,+1.3%,70.68,8.8,-33.7%,+4.0%,-1.3%,+30.0%
PCAR,Extended,Auto / Truck Supply Chain,Industrials,Capital Goods,Adj,Dec,EPS,CY2025,5.778,4.999,-13.5%,4.977,-0.4%,4.977,+0.0%,114.31,23.0,-13.9%,+4.4%,-10.2%,+27.7%
PCAR,Extended,Auto / Truck Supply Chain,Industrials,Capital Goods,Adj,Dec,EPS,CY2026,7.066,5.79,-18.1%,5.746,-0.8%,5.699,-0.8%,114.31,20.1,-19.3%,+4.4%,-10.2%,+27.7%
PCAR,Extended,Auto / Truck Supply Chain,Industrials,Capital Goods,Adj,Dec,EPS,CY2027,7.136,6.795,-4.8%,6.809,+0.2%,6.725,-1.2%,114.31,17.0,-5.8%,+4.4%,-10.2%,+27.7%
PCAR,Extended,Auto / Truck Supply Chain,Industrials,Capital Goods,Adj,Dec,EPS,CY2028,7.766,7.412,-4.6%,7.548,+1.8%,7.875,+4.3%,114.31,14.5,+1.4%,+4.4%,-10.2%,+27.7%
HOG,Extended,Auto / Truck Supply Chain,Consumer Discretionary,Automobiles & Components,Adj,Dec,EPS,CY2025,2.723,4.038,+48.3%,4.041,+0.1%,4.041,+0.0%,25.42,6.3,+48.4%,+24.1%,+26.2%,+7.6%
HOG,Extended,Auto / Truck Supply Chain,Consumer Discretionary,Automobiles & Components,Adj,Dec,EPS,CY2026,3.47,2.216,-36.1%,1.984,-10.5%,0.377,-81.0%,25.42,67.4,-89.1%,+24.1%,+26.2%,+7.6%
HOG,Extended,Auto / Truck Supply Chain,Consumer Discretionary,Automobiles & Components,Adj,Dec,EPS,CY2027,4.155,2.993,-28.0%,2.896,-3.2%,1.831,-36.8%,25.42,13.9,-55.9%,+24.1%,+26.2%,+7.6%
HOG,Extended,Auto / Truck Supply Chain,Consumer Discretionary,Automobiles & Components,Adj,Dec,EPS,CY2028,4.51,4.88,+8.2%,5.04,+3.3%,2.255,-55.3%,25.42,11.3,-50.0%,+24.1%,+26.2%,+7.6%
GM,Extended,Auto / Truck Supply Chain,Consumer Discretionary,Automobiles & Components,Adj,Dec,EPS,CY2025,8.967,10.198,+13.7%,10.286,+0.9%,10.286,+0.0%,78.8,7.7,+14.7%,-3.1%,-2.3%,+65.9%
GM,Extended,Auto / Truck Supply Chain,Consumer Discretionary,Automobiles & Components,Adj,Dec,EPS,CY2026,9.2,11.4,+23.9%,12.232,+7.3%,12.566,+2.7%,78.8,6.3,+36.6%,-3.1%,-2.3%,+65.9%
GM,Extended,Auto / Truck Supply Chain,Consumer Discretionary,Automobiles & Components,Adj,Dec,EPS,CY2027,9.141,11.888,+30.1%,13.316,+12.0%,13.894,+4.3%,78.8,5.7,+52.0%,-3.1%,-2.3%,+65.9%
GM,Extended,Auto / Truck Supply Chain,Consumer Discretionary,Automobiles & Components,Adj,Dec,EPS,CY2028,9.948,11.212,+12.7%,12.44,+11.0%,13.313,+7.0%,78.8,5.9,+33.8%,-3.1%,-2.3%,+65.9%
BC,Extended,Auto / Truck Supply Chain,Consumer Discretionary,Consumer Durables & Apparel,Adj,Dec,EPS,CY2025,3.127,3.256,+4.1%,3.26,+0.1%,3.26,+0.0%,81.71,25.1,+4.3%,+10.1%,-6.2%,+70.3%
BC,Extended,Auto / Truck Supply Chain,Consumer Discretionary,Consumer Durables & Apparel,Adj,Dec,EPS,CY2026,4.153,4.125,-0.7%,4.229,+2.5%,4.285,+1.3%,81.71,19.1,+3.2%,+10.1%,-6.2%,+70.3%
BC,Extended,Auto / Truck Supply Chain,Consumer Discretionary,Consumer Durables & Apparel,Adj,Dec,EPS,CY2027,5.732,5.107,-10.9%,5.371,+5.2%,5.518,+2.7%,81.71,14.8,-3.7%,+10.1%,-6.2%,+70.3%
BC,Extended,Auto / Truck Supply Chain,Consumer Discretionary,Consumer Durables & Apparel,Adj,Dec,EPS,CY2028,10.21,7.34,-28.1%,6.887,-6.2%,6.718,-2.5%,81.71,12.2,-34.2%,+10.1%,-6.2%,+70.3%
F,Extended,Auto / Truck Supply Chain,Consumer Discretionary,Automobiles & Components,Adj,Dec,EPS,CY2025,1.088,1.066,-2.0%,1.141,+7.0%,1.141,+0.0%,12.32,10.8,+4.9%,-6.1%,-9.3%,+18.1%
F,Extended,Auto / Truck Supply Chain,Consumer Discretionary,Automobiles & Components,Adj,Dec,EPS,CY2026,1.353,1.428,+5.5%,1.55,+8.5%,1.621,+4.6%,12.32,7.6,+19.8%,-6.1%,-9.3%,+18.1%
F,Extended,Auto / Truck Supply Chain,Consumer Discretionary,Automobiles & Components,Adj,Dec,EPS,CY2027,1.523,1.555,+2.1%,1.782,+14.6%,1.851,+3.9%,12.32,6.7,+21.5%,-6.1%,-9.3%,+18.1%
F,Extended,Auto / Truck Supply Chain,Consumer Discretionary,Automobiles & Components,Adj,Dec,EPS,CY2028,1.691,1.796,+6.2%,1.863,+3.7%,1.968,+5.6%,12.32,6.3,+16.4%,-6.1%,-9.3%,+18.1%
STLA,Extended,Auto / Truck Supply Chain,Consumer Discretionary,Automobiles & Components,Adj,Dec,EPS,CY2025,1.768,0.464,-73.8%,0.153,-67.0%,-0.673,-539.9%,7.74,-11.5,-138.1%,-28.9%,+5.9%,-21.3%
STLA,Extended,Auto / Truck Supply Chain,Consumer Discretionary,Automobiles & Components,Adj,Dec,EPS,CY2026,2.275,1.641,-27.9%,1.377,-16.1%,0.863,-37.3%,7.74,9.0,-62.1%,-28.9%,+5.9%,-21.3%
STLA,Extended,Auto / Truck Supply Chain,Consumer Discretionary,Automobiles & Components,Adj,Dec,EPS,CY2027,2.716,2.243,-17.4%,2.05,-8.6%,1.531,-25.3%,7.74,5.1,-43.6%,-28.9%,+5.9%,-21.3%
STLA,Extended,Auto / Truck Supply Chain,Consumer Discretionary,Automobiles & Components,Adj,Dec,EPS,CY2028,3.106,2.548,-18.0%,2.224,-12.7%,1.87,-15.9%,7.74,4.1,-39.8%,-28.9%,+5.9%,-21.3%
EXO,Extended,Auto / Truck Supply Chain,Financials,Financial Services,Adj,Dec,EPS,CY2025,-2.53,3.988,+257.6%,4.443,+11.4%,14.0,+215.1%,68.45,4.9,+653.4%,-5.5%,-1.1%,-19.8%
EXO,Extended,Auto / Truck Supply Chain,Financials,Financial Services,Adj,Dec,EPS,CY2026,1.235,2.447,+98.1%,2.94,+20.1%,2.027,-31.1%,68.45,33.8,+64.1%,-5.5%,-1.1%,-19.8%
EXO,Extended,Auto / Truck Supply Chain,Financials,Financial Services,Adj,Dec,EPS,CY2027,3.3,3.19,-3.3%,3.405,+6.7%,2.433,-28.5%,68.45,28.1,-26.3%,-5.5%,-1.1%,-19.8%
EXO,Extended,Auto / Truck Supply Chain,Financials,Financial Services,Adj,Dec,EPS,CY2028,,3.18,,3.18,+0.0%,1.71,-46.2%,68.45,40.0,,-5.5%,-1.1%,-19.8%
VOW,Extended,Auto / Truck Supply Chain,Consumer Discretionary,Automobiles & Components,Adj,Dec,EPS,CY2025,21.196,11.095,-47.7%,10.822,-2.5%,11.133,+2.9%,90.2,8.1,-47.5%,-14.2%,-11.3%,-11.6%
VOW,Extended,Auto / Truck Supply Chain,Consumer Discretionary,Automobiles & Components,Adj,Dec,EPS,CY2026,25.876,21.634,-16.4%,22.02,+1.8%,19.047,-13.5%,90.2,4.7,-26.4%,-14.2%,-11.3%,-11.6%
VOW,Extended,Auto / Truck Supply Chain,Consumer Discretionary,Automobiles & Components,Adj,Dec,EPS,CY2027,30.441,26.186,-14.0%,26.923,+2.8%,23.368,-13.2%,90.2,3.9,-23.2%,-14.2%,-11.3%,-11.6%
VOW,Extended,Auto / Truck Supply Chain,Consumer Discretionary,Automobiles & Components,Adj,Dec,EPS,CY2028,34.416,27.168,-21.1%,31.087,+14.4%,27.356,-12.0%,90.2,3.3,-20.5%,-14.2%,-11.3%,-11.6%
BMW,Extended,Auto / Truck Supply Chain,Consumer Discretionary,Automobiles & Components,Adj,Dec,EPS,CY2025,10.653,10.551,-1.0%,10.622,+0.7%,10.683,+0.6%,81.82,7.7,+0.3%,-12.2%,-7.3%,+2.7%
BMW,Extended,Auto / Truck Supply Chain,Consumer Discretionary,Automobiles & Components,Adj,Dec,EPS,CY2026,11.843,11.34,-4.2%,11.133,-1.8%,10.462,-6.0%,81.82,7.8,-11.7%,-12.2%,-7.3%,+2.7%
BMW,Extended,Auto / Truck Supply Chain,Consumer Discretionary,Automobiles & Components,Adj,Dec,EPS,CY2027,13.188,12.943,-1.9%,12.774,-1.3%,11.907,-6.8%,81.82,6.9,-9.7%,-12.2%,-7.3%,+2.7%
BMW,Extended,Auto / Truck Supply Chain,Consumer Discretionary,Automobiles & Components,Adj,Dec,EPS,CY2028,13.854,14.442,+4.2%,14.33,-0.8%,13.555,-5.4%,81.82,6.0,-2.2%,-12.2%,-7.3%,+2.7%
005380,Extended,Auto / Truck Supply Chain,Consumer Discretionary,Automobiles & Components,GAAP,Dec,EPS,CY2025,49506.251,44645.17,-9.8%,45332.066,+1.5%,45332.066,+0.0%,618000.0,13.6,-8.4%,+108.1%,+29.3%,+225.4%
005380,Extended,Auto / Truck Supply Chain,Consumer Discretionary,Automobiles & Components,GAAP,Dec,EPS,CY2026,49918.097,46335.146,-7.2%,47520.404,+2.6%,45081.301,-5.1%,618000.0,13.7,-9.7%,+108.1%,+29.3%,+225.4%
005380,Extended,Auto / Truck Supply Chain,Consumer Discretionary,Automobiles & Components,GAAP,Dec,EPS,CY2027,49188.058,49246.926,+0.1%,51685.944,+5.0%,49278.958,-4.7%,618000.0,12.5,+0.2%,+108.1%,+29.3%,+225.4%
005380,Extended,Auto / Truck Supply Chain,Consumer Discretionary,Automobiles & Components,GAAP,Dec,EPS,CY2028,,75007.0,,56741.154,-24.4%,51720.197,-8.8%,618000.0,11.9,,+108.1%,+29.3%,+225.4%
ECL,Extended,Recurring services,Materials,Materials,Adj,Dec,EPS,CY2025,7.494,7.529,+0.5%,7.523,-0.1%,7.523,+0.0%,254.22,33.8,+0.4%,-3.2%,-11.8%,+0.6%
ECL,Extended,Recurring services,Materials,Materials,Adj,Dec,EPS,CY2026,8.445,8.485,+0.5%,8.454,-0.4%,8.336,-1.4%,254.22,30.5,-1.3%,-3.2%,-11.8%,+0.6%
ECL,Extended,Recurring services,Materials,Materials,Adj,Dec,EPS,CY2027,9.601,9.618,+0.2%,9.624,+0.1%,9.522,-1.1%,254.22,26.7,-0.8%,-3.2%,-11.8%,+0.6%
ECL,Extended,Recurring services,Materials,Materials,Adj,Dec,EPS,CY2028,10.197,10.432,+2.3%,10.622,+1.8%,10.726,+1.0%,254.22,23.7,+5.2%,-3.2%,-11.8%,+0.6%
CLH,Extended,Recurring services,Industrials,Commercial & Professional Serv,Adj,Dec,EPS,CY2025,7.59,7.27,-4.2%,7.251,-0.3%,7.251,+0.0%,291.15,40.2,-4.5%,+24.2%,+8.8%,+29.0%
CLH,Extended,Recurring services,Industrials,Commercial & Professional Serv,Adj,Dec,EPS,CY2026,9.055,8.019,-11.4%,8.043,+0.3%,8.448,+5.0%,291.15,34.5,-6.7%,+24.2%,+8.8%,+29.0%
CLH,Extended,Recurring services,Industrials,Commercial & Professional Serv,Adj,Dec,EPS,CY2027,11.251,9.184,-18.4%,9.222,+0.4%,9.426,+2.2%,291.15,30.9,-16.2%,+24.2%,+8.8%,+29.0%
CLH,Extended,Recurring services,Industrials,Commercial & Professional Serv,Adj,Dec,EPS,CY2028,12.01,11.16,-7.1%,10.477,-6.1%,10.903,+4.1%,291.15,26.7,-9.2%,+24.2%,+8.8%,+29.0%
PSA,Extended,Recurring services,Real Estate,Equity Real Estate Investment,Adj,Dec,EPS,CY2025,10.078,9.094,-9.8%,8.978,-1.3%,8.978,+0.0%,311.04,34.6,-10.9%,+19.9%,+7.7%,+2.3%
PSA,Extended,Recurring services,Real Estate,Equity Real Estate Investment,Adj,Dec,EPS,CY2026,10.789,10.443,-3.2%,10.141,-2.9%,9.763,-3.7%,311.04,31.9,-9.5%,+19.9%,+7.7%,+2.3%
PSA,Extended,Recurring services,Real Estate,Equity Real Estate Investment,Adj,Dec,EPS,CY2027,11.486,11.044,-3.8%,10.545,-4.5%,10.096,-4.3%,311.04,30.8,-12.1%,+19.9%,+7.7%,+2.3%
PSA,Extended,Recurring services,Real Estate,Equity Real Estate Investment,Adj,Dec,EPS,CY2028,12.404,11.892,-4.1%,11.21,-5.7%,10.641,-5.1%,311.04,29.2,-14.2%,+19.9%,+7.7%,+2.3%
EXR,Extended,Recurring services,Real Estate,Equity Real Estate Investment,Adj,Dec,EPS,CY2025,4.794,4.694,-2.1%,4.535,-3.4%,4.535,+0.0%,143.3,31.6,-5.4%,+10.0%,+2.1%,-3.4%
EXR,Extended,Recurring services,Real Estate,Equity Real Estate Investment,Adj,Dec,EPS,CY2026,5.025,4.903,-2.4%,4.899,-0.1%,4.646,-5.2%,143.3,30.8,-7.5%,+10.0%,+2.1%,-3.4%
EXR,Extended,Recurring services,Real Estate,Equity Real Estate Investment,Adj,Dec,EPS,CY2027,5.162,5.193,+0.6%,5.151,-0.8%,4.862,-5.6%,143.3,29.5,-5.8%,+10.0%,+2.1%,-3.4%
EXR,Extended,Recurring services,Real Estate,Equity Real Estate Investment,Adj,Dec,EPS,CY2028,5.696,5.712,+0.3%,5.573,-2.4%,5.125,-8.0%,143.3,28.0,-10.0%,+10.0%,+2.1%,-3.4%
SCI,Extended,Recurring services,Consumer Discretionary,Consumer Services,Adj,Dec,EPS,CY2025,3.784,3.854,+1.8%,3.852,-0.1%,3.852,+0.0%,77.72,20.2,+1.8%,-0.3%,-7.6%,+2.4%
SCI,Extended,Recurring services,Consumer Discretionary,Consumer Services,Adj,Dec,EPS,CY2026,4.174,4.244,+1.7%,4.255,+0.3%,4.127,-3.0%,77.72,18.8,-1.1%,-0.3%,-7.6%,+2.4%
SCI,Extended,Recurring services,Consumer Discretionary,Consumer Services,Adj,Dec,EPS,CY2027,4.78,4.675,-2.2%,4.682,+0.1%,4.555,-2.7%,77.72,17.1,-4.7%,-0.3%,-7.6%,+2.4%
SCI,Extended,Recurring services,Consumer Discretionary,Consumer Services,Adj,Dec,EPS,CY2028,,,,,,5.07,,77.72,15.3,,-0.3%,-7.6%,+2.4%
ADT,Extended,Recurring services,Consumer Discretionary,Consumer Services,Adj,Dec,EPS,CY2025,0.835,0.884,+5.9%,0.882,-0.2%,0.882,+0.0%,6.87,7.8,+5.6%,-14.9%,-15.3%,-17.5%
ADT,Extended,Recurring services,Consumer Discretionary,Consumer Services,Adj,Dec,EPS,CY2026,0.94,0.958,+1.9%,0.946,-1.3%,0.913,-3.5%,6.87,7.5,-2.9%,-14.9%,-15.3%,-17.5%
ADT,Extended,Recurring services,Consumer Discretionary,Consumer Services,Adj,Dec,EPS,CY2027,0.99,1.072,+8.3%,1.052,-1.9%,0.968,-8.0%,6.87,7.1,-2.2%,-14.9%,-15.3%,-17.5%
ADT,Extended,Recurring services,Consumer Discretionary,Consumer Services,Adj,Dec,EPS,CY2028,,1.33,,1.33,+0.0%,1.044,-21.5%,6.87,6.6,,-14.9%,-15.3%,-17.5%
IRM,Extended,Recurring services,Real Estate,Equity Real Estate Investment,Adj,Dec,EPS,CY2025,1.832,1.688,-7.9%,1.965,+16.4%,1.965,+0.0%,128.84,65.6,+7.3%,+55.3%,+32.7%,+32.7%
IRM,Extended,Recurring services,Real Estate,Equity Real Estate Investment,Adj,Dec,EPS,CY2026,2.291,2.262,-1.3%,2.316,+2.4%,2.371,+2.4%,128.84,54.3,+3.5%,+55.3%,+32.7%,+32.7%
IRM,Extended,Recurring services,Real Estate,Equity Real Estate Investment,Adj,Dec,EPS,CY2027,2.671,2.655,-0.6%,2.679,+0.9%,2.644,-1.3%,128.84,48.7,-1.0%,+55.3%,+32.7%,+32.7%
IRM,Extended,Recurring services,Real Estate,Equity Real Estate Investment,Adj,Dec,EPS,CY2028,3.495,3.15,-9.9%,3.138,-0.4%,3.352,+6.8%,128.84,38.4,-4.1%,+55.3%,+32.7%,+32.7%
SECUB,Extended,Recurring services,Industrials,Commercial & Professional Serv,Adj,Dec,EPS,CY2025,12.279,12.025,-2.1%,12.154,+1.1%,12.154,+0.0%,157.6,13.0,-1.0%,+7.1%,+0.5%,+13.2%
SECUB,Extended,Recurring services,Industrials,Commercial & Professional Serv,Adj,Dec,EPS,CY2026,13.479,12.881,-4.4%,12.898,+0.1%,13.034,+1.1%,157.6,12.1,-3.3%,+7.1%,+0.5%,+13.2%
SECUB,Extended,Recurring services,Industrials,Commercial & Professional Serv,Adj,Dec,EPS,CY2027,14.658,13.912,-5.1%,13.931,+0.1%,14.049,+0.8%,157.6,11.2,-4.2%,+7.1%,+0.5%,+13.2%
SECUB,Extended,Recurring services,Industrials,Commercial & Professional Serv,Adj,Dec,EPS,CY2028,15.916,15.725,-1.2%,15.152,-3.6%,15.066,-0.6%,157.6,10.5,-5.3%,+7.1%,+0.5%,+13.2%
CTAS,Extended,Recurring services,Industrials,Commercial & Professional Serv,Adj,May,EPS,CY2025,4.414,4.388,-0.6%,4.388,+0.0%,4.388,+0.0%,166.97,38.1,-0.6%,-11.2%,-14.3%,-22.2%
CTAS,Extended,Recurring services,Industrials,Commercial & Professional Serv,Adj,May,EPS,CY2026,4.849,4.882,+0.7%,4.877,-0.1%,4.893,+0.3%,166.97,34.1,+0.9%,-11.2%,-14.3%,-22.2%
CTAS,Extended,Recurring services,Industrials,Commercial & Professional Serv,Adj,May,EPS,CY2027,5.373,5.375,+0.0%,5.446,+1.3%,5.463,+0.3%,166.97,30.6,+1.7%,-11.2%,-14.3%,-22.2%
CTAS,Extended,Recurring services,Industrials,Commercial & Professional Serv,Adj,May,EPS,CY2028,6.085,5.985,-1.6%,5.977,-0.1%,6.033,+0.9%,166.97,27.7,-0.9%,-11.2%,-14.3%,-22.2%
ROL,Extended,Recurring services,Industrials,Commercial & Professional Serv,Adj,Dec,EPS,CY2025,1.098,1.135,+3.4%,1.139,+0.4%,1.139,+0.0%,53.83,47.3,+3.7%,-10.3%,-16.3%,-5.1%
ROL,Extended,Recurring services,Industrials,Commercial & Professional Serv,Adj,Dec,EPS,CY2026,1.245,1.265,+1.6%,1.275,+0.8%,1.234,-3.2%,53.83,43.6,-0.9%,-10.3%,-16.3%,-5.1%
ROL,Extended,Recurring services,Industrials,Commercial & Professional Serv,Adj,Dec,EPS,CY2027,1.383,1.393,+0.7%,1.407,+1.0%,1.386,-1.5%,53.83,38.8,+0.2%,-10.3%,-16.3%,-5.1%
ROL,Extended,Recurring services,Industrials,Commercial & Professional Serv,Adj,Dec,EPS,CY2028,1.498,1.5,+0.1%,1.576,+5.1%,1.539,-2.3%,53.83,35.0,+2.7%,-10.3%,-16.3%,-5.1%
TRUP,Extended,Recurring services,Financials,Insurance,Adj,Dec,EPS,CY2025,1.78,0.45,-74.7%,0.45,+0.0%,0.45,+0.0%,24.61,54.7,-74.7%,-34.1%,-24.9%,-44.4%
TRUP,Extended,Recurring services,Financials,Insurance,Adj,Dec,EPS,CY2026,2.3,0.29,-87.4%,0.475,+63.8%,0.31,-34.7%,24.61,79.4,-86.5%,-34.1%,-24.9%,-44.4%
TRUP,Extended,Recurring services,Financials,Insurance,Adj,Dec,EPS,CY2027,,,,0.86,,0.385,-55.2%,24.61,63.9,,-34.1%,-24.9%,-44.4%
TRUP,Extended,Recurring services,Financials,Insurance,Adj,Dec,EPS,CY2028,,,,,,,,24.61,,,-34.1%,-24.9%,-44.4%
WAT,Extended,Instruments,Health Care,"Pharmaceuticals, Biotechnology",Adj,Dec,EPS,CY2025,12.922,13.117,+1.5%,13.117,+0.0%,13.117,+0.0%,355.13,27.1,+1.5%,-6.5%,+8.2%,+3.2%
WAT,Extended,Instruments,Health Care,"Pharmaceuticals, Biotechnology",Adj,Dec,EPS,CY2026,14.2,14.192,-0.1%,14.238,+0.3%,14.467,+1.6%,355.13,24.5,+1.9%,-6.5%,+8.2%,+3.2%
WAT,Extended,Instruments,Health Care,"Pharmaceuticals, Biotechnology",Adj,Dec,EPS,CY2027,15.761,15.658,-0.7%,15.696,+0.2%,16.392,+4.4%,355.13,21.7,+4.0%,-6.5%,+8.2%,+3.2%
WAT,Extended,Instruments,Health Care,"Pharmaceuticals, Biotechnology",Adj,Dec,EPS,CY2028,17.675,17.137,-3.0%,17.297,+0.9%,18.329,+6.0%,355.13,19.4,+3.7%,-6.5%,+8.2%,+3.2%
QGEN,Extended,Instruments,Health Care,"Pharmaceuticals, Biotechnology",Adj,Dec,EPS,CY2025,2.412,2.48,+2.8%,2.434,-1.9%,2.434,+0.0%,33.04,13.6,+0.9%,-26.7%,-34.9%,-21.2%
QGEN,Extended,Instruments,Health Care,"Pharmaceuticals, Biotechnology",Adj,Dec,EPS,CY2026,2.615,2.673,+2.2%,2.564,-4.1%,2.458,-4.1%,33.04,13.4,-6.0%,-26.7%,-34.9%,-21.2%
QGEN,Extended,Instruments,Health Care,"Pharmaceuticals, Biotechnology",Adj,Dec,EPS,CY2027,2.874,2.918,+1.5%,2.806,-3.8%,2.673,-4.7%,33.04,12.4,-7.0%,-26.7%,-34.9%,-21.2%
QGEN,Extended,Instruments,Health Care,"Pharmaceuticals, Biotechnology",Adj,Dec,EPS,CY2028,3.107,3.171,+2.1%,3.082,-2.8%,2.91,-5.6%,33.04,11.4,-6.3%,-26.7%,-34.9%,-21.2%
BRKR,Extended,Instruments,Health Care,"Pharmaceuticals, Biotechnology",Adj,Dec,EPS,CY2025,2.445,1.886,-22.9%,1.884,-0.1%,1.884,+0.0%,44.16,23.4,-22.9%,-6.3%,+4.9%,+17.7%
BRKR,Extended,Instruments,Health Care,"Pharmaceuticals, Biotechnology",Adj,Dec,EPS,CY2026,2.755,2.161,-21.6%,2.142,-0.9%,2.132,-0.5%,44.16,20.7,-22.6%,-6.3%,+4.9%,+17.7%
BRKR,Extended,Instruments,Health Care,"Pharmaceuticals, Biotechnology",Adj,Dec,EPS,CY2027,3.167,2.447,-22.7%,2.411,-1.5%,2.429,+0.7%,44.16,18.2,-23.3%,-6.3%,+4.9%,+17.7%
BRKR,Extended,Instruments,Health Care,"Pharmaceuticals, Biotechnology",Adj,Dec,EPS,CY2028,3.477,2.726,-21.6%,2.762,+1.3%,2.781,+0.7%,44.16,15.9,-20.0%,-6.3%,+4.9%,+17.7%
MTD,Extended,Instruments,Health Care,"Pharmaceuticals, Biotechnology",Adj,Dec,EPS,CY2025,41.646,42.151,+1.2%,42.192,+0.1%,42.192,+0.0%,1124.46,26.7,+1.3%,-19.3%,-18.6%,+4.0%
MTD,Extended,Instruments,Health Care,"Pharmaceuticals, Biotechnology",Adj,Dec,EPS,CY2026,46.157,45.737,-0.9%,46.361,+1.4%,46.59,+0.5%,1124.46,24.1,+0.9%,-19.3%,-18.6%,+4.0%
MTD,Extended,Instruments,Health Care,"Pharmaceuticals, Biotechnology",Adj,Dec,EPS,CY2027,52.212,50.832,-2.6%,50.921,+0.2%,51.213,+0.6%,1124.46,22.0,-1.9%,-19.3%,-18.6%,+4.0%
MTD,Extended,Instruments,Health Care,"Pharmaceuticals, Biotechnology",Adj,Dec,EPS,CY2028,56.89,55.984,-1.6%,56.54,+1.0%,56.917,+0.7%,1124.46,19.8,+0.0%,-19.3%,-18.6%,+4.0%
KEYS,Extended,Instruments,Information Technology,Technology Hardware & Equipmen,Adj,Oct,EPS,CY2025,7.002,7.07,+1.0%,7.075,+0.1%,7.075,+0.0%,360.3,50.9,+1.0%,+77.3%,+52.7%,+133.8%
KEYS,Extended,Instruments,Information Technology,Technology Hardware & Equipmen,Adj,Oct,EPS,CY2026,7.944,7.797,-1.9%,8.099,+3.9%,8.909,+10.0%,360.3,40.4,+12.1%,+77.3%,+52.7%,+133.8%
KEYS,Extended,Instruments,Information Technology,Technology Hardware & Equipmen,Adj,Oct,EPS,CY2027,9.016,8.773,-2.7%,9.276,+5.7%,10.334,+11.4%,360.3,34.9,+14.6%,+77.3%,+52.7%,+133.8%
KEYS,Extended,Instruments,Information Technology,Technology Hardware & Equipmen,Adj,Oct,EPS,CY2028,,9.743,,10.239,+5.1%,11.456,+11.9%,360.3,31.5,,+77.3%,+52.7%,+133.8%
A,Extended,Instruments,Health Care,"Pharmaceuticals, Biotechnology",Adj,Oct,EPS,CY2025,5.55,5.574,+0.4%,5.574,+0.0%,5.574,+0.0%,115.62,20.7,+0.4%,-15.0%,-9.3%,+8.1%
A,Extended,Instruments,Health Care,"Pharmaceuticals, Biotechnology",Adj,Oct,EPS,CY2026,6.064,6.023,-0.7%,5.937,-1.4%,5.972,+0.6%,115.62,19.4,-1.5%,-15.0%,-9.3%,+8.1%
A,Extended,Instruments,Health Care,"Pharmaceuticals, Biotechnology",Adj,Oct,EPS,CY2027,6.699,6.651,-0.7%,6.543,-1.6%,6.57,+0.4%,115.62,17.6,-1.9%,-15.0%,-9.3%,+8.1%
A,Extended,Instruments,Health Care,"Pharmaceuticals, Biotechnology",Adj,Oct,EPS,CY2028,7.473,7.381,-1.2%,7.295,-1.2%,7.344,+0.7%,115.62,15.7,-1.7%,-15.0%,-9.3%,+8.1%
ILMN,Extended,Instruments,Health Care,"Pharmaceuticals, Biotechnology",Adj,Dec,EPS,CY2025,4.402,4.675,+6.2%,4.761,+1.8%,4.761,+0.0%,141.88,29.8,+8.2%,+8.2%,+21.0%,+87.3%
ILMN,Extended,Instruments,Health Care,"Pharmaceuticals, Biotechnology",Adj,Dec,EPS,CY2026,4.928,5.005,+1.6%,5.123,+2.4%,5.209,+1.7%,141.88,27.2,+5.7%,+8.2%,+21.0%,+87.3%
ILMN,Extended,Instruments,Health Care,"Pharmaceuticals, Biotechnology",Adj,Dec,EPS,CY2027,5.564,5.673,+2.0%,5.822,+2.6%,5.909,+1.5%,141.88,24.0,+6.2%,+8.2%,+21.0%,+87.3%
ILMN,Extended,Instruments,Health Care,"Pharmaceuticals, Biotechnology",Adj,Dec,EPS,CY2028,6.207,6.386,+2.9%,6.646,+4.1%,6.761,+1.7%,141.88,21.0,+8.9%,+8.2%,+21.0%,+87.3%
ABBV,Extended,Instruments,Health Care,"Pharmaceuticals, Biotechnology",GAAP,Dec,EPS,CY2025,8.027,4.489,-44.1%,4.258,-5.1%,4.258,+0.0%,201.55,47.3,-47.0%,-11.8%,-9.7%,+9.2%
ABBV,Extended,Instruments,Health Care,"Pharmaceuticals, Biotechnology",GAAP,Dec,EPS,CY2026,9.441,9.697,+2.7%,9.625,-0.7%,8.278,-14.0%,201.55,24.3,-12.3%,-11.8%,-9.7%,+9.2%
ABBV,Extended,Instruments,Health Care,"Pharmaceuticals, Biotechnology",GAAP,Dec,EPS,CY2027,11.074,11.777,+6.3%,11.493,-2.4%,11.351,-1.2%,201.55,17.8,+2.5%,-11.8%,-9.7%,+9.2%
ABBV,Extended,Instruments,Health Care,"Pharmaceuticals, Biotechnology",GAAP,Dec,EPS,CY2028,12.804,13.478,+5.3%,13.652,+1.3%,13.312,-2.5%,201.55,15.1,+4.0%,-11.8%,-9.7%,+9.2%
TGT,Extended,Retailers,Consumer Staples,Consumer Staples Distribution,Adj,Jan,EPS,CY2025,8.784,7.356,-16.3%,7.261,-1.3%,7.263,+0.0%,125.25,17.2,-17.3%,+28.1%,+8.4%,+29.9%
TGT,Extended,Retailers,Consumer Staples,Consumer Staples Distribution,Adj,Jan,EPS,CY2026,9.272,7.889,-14.9%,7.662,-2.9%,8.009,+4.5%,125.25,15.6,-13.6%,+28.1%,+8.4%,+29.9%
TGT,Extended,Retailers,Consumer Staples,Consumer Staples Distribution,Adj,Jan,EPS,CY2027,10.003,8.393,-16.1%,8.111,-3.4%,8.537,+5.3%,125.25,14.7,-14.7%,+28.1%,+8.4%,+29.9%
TGT,Extended,Retailers,Consumer Staples,Consumer Staples Distribution,Adj,Jan,EPS,CY2028,10.909,8.833,-19.0%,8.503,-3.7%,9.23,+8.5%,125.25,13.6,-15.4%,+28.1%,+8.4%,+29.9%
BJ,Extended,Retailers,Consumer Staples,Consumer Staples Distribution,Adj,Jan,EPS,CY2025,4.273,4.327,+1.3%,4.358,+0.7%,4.366,+0.2%,92.97,21.3,+2.2%,+3.3%,-7.3%,-18.9%
BJ,Extended,Retailers,Consumer Staples,Consumer Staples Distribution,Adj,Jan,EPS,CY2026,4.68,4.683,+0.1%,4.653,-0.6%,4.535,-2.5%,92.97,20.5,-3.1%,+3.3%,-7.3%,-18.9%
BJ,Extended,Retailers,Consumer Staples,Consumer Staples Distribution,Adj,Jan,EPS,CY2027,5.108,5.088,-0.4%,5.029,-1.2%,4.898,-2.6%,92.97,19.0,-4.1%,+3.3%,-7.3%,-18.9%
BJ,Extended,Retailers,Consumer Staples,Consumer Staples Distribution,Adj,Jan,EPS,CY2028,5.723,5.66,-1.1%,5.59,-1.2%,5.35,-4.3%,92.97,17.4,-6.5%,+3.3%,-7.3%,-18.9%
KSS,Extended,Retailers,Consumer Discretionary,Consumer Discretionary Distrib,Adj,Jan,EPS,CY2025,0.448,0.716,+59.8%,1.391,+94.3%,1.386,-0.4%,14.5,10.5,+209.4%,-29.0%,-17.4%,+116.1%
KSS,Extended,Retailers,Consumer Discretionary,Consumer Discretionary Distrib,Adj,Jan,EPS,CY2026,0.516,0.713,+38.2%,1.345,+88.6%,1.362,+1.3%,14.5,10.6,+164.0%,-29.0%,-17.4%,+116.1%
KSS,Extended,Retailers,Consumer Discretionary,Consumer Discretionary Distrib,Adj,Jan,EPS,CY2027,0.749,0.789,+5.3%,1.375,+74.3%,1.42,+3.3%,14.5,10.2,+89.6%,-29.0%,-17.4%,+116.1%
KSS,Extended,Retailers,Consumer Discretionary,Consumer Discretionary Distrib,Adj,Jan,EPS,CY2028,1.85,1.9,+2.7%,2.215,+16.6%,1.534,-30.7%,14.5,9.5,-17.1%,-29.0%,-17.4%,+116.1%
TJX,Extended,Retailers,Consumer Discretionary,Consumer Discretionary Distrib,Adj,Jan,EPS,CY2025,4.501,4.6,+2.2%,4.677,+1.7%,4.678,+0.0%,153.36,32.8,+3.9%,-0.2%,-1.8%,+19.7%
TJX,Extended,Retailers,Consumer Discretionary,Consumer Discretionary Distrib,Adj,Jan,EPS,CY2026,4.941,5.076,+2.7%,5.19,+2.2%,5.149,-0.8%,153.36,29.8,+4.2%,-0.2%,-1.8%,+19.7%
TJX,Extended,Retailers,Consumer Discretionary,Consumer Discretionary Distrib,Adj,Jan,EPS,CY2027,5.436,5.58,+2.6%,5.72,+2.5%,5.67,-0.9%,153.36,27.0,+4.3%,-0.2%,-1.8%,+19.7%
TJX,Extended,Retailers,Consumer Discretionary,Consumer Discretionary Distrib,Adj,Jan,EPS,CY2028,5.767,5.95,+3.2%,6.074,+2.1%,6.12,+0.8%,153.36,25.1,+6.1%,-0.2%,-1.8%,+19.7%
SIG,Extended,Retailers,Consumer Discretionary,Consumer Discretionary Distrib,Adj,Jan,EPS,CY2025,8.231,9.144,+11.1%,9.301,+1.7%,9.486,+2.0%,87.3,9.2,+15.2%,+5.3%,-10.0%,+35.6%
SIG,Extended,Retailers,Consumer Discretionary,Consumer Discretionary Distrib,Adj,Jan,EPS,CY2026,8.833,10.116,+14.5%,10.477,+3.6%,10.464,-0.1%,87.3,8.3,+18.5%,+5.3%,-10.0%,+35.6%
SIG,Extended,Retailers,Consumer Discretionary,Consumer Discretionary Distrib,Adj,Jan,EPS,CY2027,8.45,11.09,+31.2%,11.891,+7.2%,12.164,+2.3%,87.3,7.2,+44.0%,+5.3%,-10.0%,+35.6%
SIG,Extended,Retailers,Consumer Discretionary,Consumer Discretionary Distrib,Adj,Jan,EPS,CY2028,6.26,10.63,+69.8%,11.55,+8.7%,12.944,+12.1%,87.3,6.7,+106.8%,+5.3%,-10.0%,+35.6%
ROST,Extended,Retailers,Consumer Discretionary,Consumer Discretionary Distrib,Adj,Jan,EPS,CY2025,6.439,6.267,-2.7%,6.481,+3.4%,6.512,+0.5%,225.81,34.7,+1.1%,+25.4%,+16.1%,+58.7%
ROST,Extended,Retailers,Consumer Discretionary,Consumer Discretionary Distrib,Adj,Jan,EPS,CY2026,6.97,6.878,-1.3%,7.188,+4.5%,7.364,+2.4%,225.81,30.7,+5.7%,+25.4%,+16.1%,+58.7%
ROST,Extended,Retailers,Consumer Discretionary,Consumer Discretionary Distrib,Adj,Jan,EPS,CY2027,7.589,7.516,-1.0%,7.827,+4.1%,8.153,+4.2%,225.81,27.7,+7.4%,+25.4%,+16.1%,+58.7%
ROST,Extended,Retailers,Consumer Discretionary,Consumer Discretionary Distrib,Adj,Jan,EPS,CY2028,8.863,8.808,-0.6%,8.92,+1.3%,8.93,+0.1%,225.81,25.3,+0.8%,+25.4%,+16.1%,+58.7%
M,Extended,Retailers,Consumer Discretionary,Consumer Discretionary Distrib,Adj,Jan,EPS,CY2025,1.934,1.959,+1.3%,2.214,+13.0%,2.206,-0.4%,19.48,8.8,+14.1%,-11.7%,-9.3%,+67.6%
M,Extended,Retailers,Consumer Discretionary,Consumer Discretionary Distrib,Adj,Jan,EPS,CY2026,1.971,2.019,+2.4%,2.238,+10.8%,2.142,-4.3%,19.48,9.1,+8.7%,-11.7%,-9.3%,+67.6%
M,Extended,Retailers,Consumer Discretionary,Consumer Discretionary Distrib,Adj,Jan,EPS,CY2027,2.017,2.006,-0.5%,2.218,+10.6%,2.205,-0.6%,19.48,8.8,+9.3%,-11.7%,-9.3%,+67.6%
M,Extended,Retailers,Consumer Discretionary,Consumer Discretionary Distrib,Adj,Jan,EPS,CY2028,,2.6,,2.5,-3.8%,2.244,-10.2%,19.48,8.7,,-11.7%,-9.3%,+67.6%
DKS,Extended,Retailers,Consumer Discretionary,Consumer Discretionary Distrib,Adj,Jan,EPS,CY2025,14.287,14.516,+1.6%,13.447,-7.4%,13.291,-1.2%,225.81,17.0,-7.0%,+14.1%,+11.8%,+18.3%
DKS,Extended,Retailers,Consumer Discretionary,Consumer Discretionary Distrib,Adj,Jan,EPS,CY2026,15.194,15.276,+0.5%,14.817,-3.0%,14.23,-4.0%,225.81,15.9,-6.3%,+14.1%,+11.8%,+18.3%
DKS,Extended,Retailers,Consumer Discretionary,Consumer Discretionary Distrib,Adj,Jan,EPS,CY2027,16.191,16.417,+1.4%,16.541,+0.8%,16.081,-2.8%,225.81,14.0,-0.7%,+14.1%,+11.8%,+18.3%
DKS,Extended,Retailers,Consumer Discretionary,Consumer Discretionary Distrib,Adj,Jan,EPS,CY2028,16.886,18.09,+7.1%,17.548,-3.0%,17.19,-2.0%,225.81,13.1,+1.8%,+14.1%,+11.8%,+18.3%
ZAL,Extended,Retailers,Consumer Discretionary,Consumer Discretionary Distrib,Adj,Dec,EPS,CY2025,1.232,1.23,-0.2%,1.164,-5.4%,1.091,-6.3%,19.865,18.2,-11.4%,-21.6%,-7.2%,-37.2%
ZAL,Extended,Retailers,Consumer Discretionary,Consumer Discretionary Distrib,Adj,Dec,EPS,CY2026,1.554,1.496,-3.7%,1.467,-1.9%,1.248,-14.9%,19.865,15.9,-19.7%,-21.6%,-7.2%,-37.2%
ZAL,Extended,Retailers,Consumer Discretionary,Consumer Discretionary Distrib,Adj,Dec,EPS,CY2027,1.86,1.894,+1.8%,1.833,-3.2%,1.773,-3.3%,19.865,11.2,-4.7%,-21.6%,-7.2%,-37.2%
ZAL,Extended,Retailers,Consumer Discretionary,Consumer Discretionary Distrib,Adj,Dec,EPS,CY2028,2.221,2.339,+5.3%,2.17,-7.2%,2.182,+0.6%,19.865,9.1,-1.8%,-21.6%,-7.2%,-37.2%
CHWY,Extended,Retailers,Consumer Discretionary,Consumer Discretionary Distrib,Adj,Jan,EPS,CY2025,1.224,1.276,+4.2%,1.263,-1.0%,1.267,+0.3%,22.97,18.1,+3.5%,-30.5%,-16.1%,-42.0%
CHWY,Extended,Retailers,Consumer Discretionary,Consumer Discretionary Distrib,Adj,Jan,EPS,CY2026,1.505,1.54,+2.3%,1.52,-1.3%,1.56,+2.6%,22.97,14.7,+3.7%,-30.5%,-16.1%,-42.0%
CHWY,Extended,Retailers,Consumer Discretionary,Consumer Discretionary Distrib,Adj,Jan,EPS,CY2027,1.815,1.852,+2.0%,1.847,-0.3%,1.963,+6.3%,22.97,11.7,+8.2%,-30.5%,-16.1%,-42.0%
CHWY,Extended,Retailers,Consumer Discretionary,Consumer Discretionary Distrib,Adj,Jan,EPS,CY2028,1.878,2.054,+9.4%,2.231,+8.6%,2.323,+4.1%,22.97,9.9,+23.7%,-30.5%,-16.1%,-42.0%
SFIX,Extended,Retailers,Consumer Discretionary,Consumer Discretionary Distrib,Adj,Jul,EPS,CY2025,-0.297,-0.254,+14.5%,-0.254,+0.0%,-0.254,+0.0%,3.57,-14.1,+14.5%,-32.0%,-17.0%,+2.3%
SFIX,Extended,Retailers,Consumer Discretionary,Consumer Discretionary Distrib,Adj,Jul,EPS,CY2026,-0.396,-0.243,+38.6%,-0.198,+18.5%,-0.178,+10.1%,3.57,-20.1,+55.1%,-32.0%,-17.0%,+2.3%
SFIX,Extended,Retailers,Consumer Discretionary,Consumer Discretionary Distrib,Adj,Jul,EPS,CY2027,-0.248,-0.063,+74.6%,-0.095,-50.8%,-0.094,+1.1%,3.57,-38.0,+62.1%,-32.0%,-17.0%,+2.3%
SFIX,Extended,Retailers,Consumer Discretionary,Consumer Discretionary Distrib,Adj,Jul,EPS,CY2028,-0.029,-0.033,-13.8%,-0.065,-97.0%,-0.032,+50.8%,3.57,-111.6,-10.3%,-32.0%,-17.0%,+2.3%
LEVI,Extended,Retailers,Consumer Discretionary,Consumer Durables & Apparel,Adj,Nov,EPS,CY2025,1.221,1.324,+8.4%,1.329,+0.4%,1.329,+0.0%,22.67,17.1,+8.8%,+9.3%,+6.3%,+31.7%
LEVI,Extended,Retailers,Consumer Discretionary,Consumer Durables & Apparel,Adj,Nov,EPS,CY2026,1.356,1.473,+8.6%,1.463,-0.7%,1.501,+2.6%,22.67,15.1,+10.7%,+9.3%,+6.3%,+31.7%
LEVI,Extended,Retailers,Consumer Discretionary,Consumer Durables & Apparel,Adj,Nov,EPS,CY2027,1.49,1.615,+8.4%,1.647,+2.0%,1.679,+1.9%,22.67,13.5,+12.7%,+9.3%,+6.3%,+31.7%
LEVI,Extended,Retailers,Consumer Discretionary,Consumer Durables & Apparel,Adj,Nov,EPS,CY2028,1.675,1.747,+4.3%,1.816,+3.9%,1.9,+4.6%,22.67,11.9,+13.4%,+9.3%,+6.3%,+31.7%
DG,Extended,Retailers,Consumer Staples,Consumer Staples Distribution,Adj,Jan,EPS,CY2025,5.587,6.156,+10.2%,6.538,+6.2%,6.543,+0.1%,113.29,17.3,+17.1%,-14.7%,-23.1%,+23.6%
DG,Extended,Retailers,Consumer Staples,Consumer Staples Distribution,Adj,Jan,EPS,CY2026,6.145,6.683,+8.8%,7.158,+7.1%,7.394,+3.3%,113.29,15.3,+20.3%,-14.7%,-23.1%,+23.6%
DG,Extended,Retailers,Consumer Staples,Consumer Staples Distribution,Adj,Jan,EPS,CY2027,6.889,7.375,+7.1%,7.797,+5.7%,7.987,+2.4%,113.29,14.2,+15.9%,-14.7%,-23.1%,+23.6%
DG,Extended,Retailers,Consumer Staples,Consumer Staples Distribution,Adj,Jan,EPS,CY2028,8.121,8.177,+0.7%,8.507,+4.0%,8.849,+4.0%,113.29,12.8,+9.0%,-14.7%,-23.1%,+23.6%
DLTR,Extended,Retailers,Consumer Staples,Consumer Staples Distribution,Adj,Jan,EPS,CY2025,5.438,5.555,+2.2%,5.831,+5.0%,5.794,-0.6%,94.24,16.3,+6.5%,-23.4%,-23.5%,+10.3%
DLTR,Extended,Retailers,Consumer Staples,Consumer Staples Distribution,Adj,Jan,EPS,CY2026,6.136,6.457,+5.2%,6.689,+3.6%,6.776,+1.3%,94.24,13.9,+10.4%,-23.4%,-23.5%,+10.3%
DLTR,Extended,Retailers,Consumer Staples,Consumer Staples Distribution,Adj,Jan,EPS,CY2027,6.729,7.219,+7.3%,7.448,+3.2%,7.409,-0.5%,94.24,12.7,+10.1%,-23.4%,-23.5%,+10.3%
DLTR,Extended,Retailers,Consumer Staples,Consumer Staples Distribution,Adj,Jan,EPS,CY2028,7.055,7.888,+11.8%,8.065,+2.2%,8.152,+1.1%,94.24,11.6,+15.5%,-23.4%,-23.5%,+10.3%
FIVE,Extended,Retailers,Consumer Discretionary,Consumer Discretionary Distrib,Adj,Jan,EPS,CY2025,4.54,5.134,+13.1%,6.322,+23.1%,6.32,-0.0%,223.13,35.3,+39.2%,+18.5%,+6.5%,+161.7%
FIVE,Extended,Retailers,Consumer Discretionary,Consumer Discretionary Distrib,Adj,Jan,EPS,CY2026,4.976,5.656,+13.7%,6.933,+22.6%,8.184,+18.0%,223.13,27.3,+64.5%,+18.5%,+6.5%,+161.7%
FIVE,Extended,Retailers,Consumer Discretionary,Consumer Discretionary Distrib,Adj,Jan,EPS,CY2027,5.476,6.385,+16.6%,7.721,+20.9%,9.077,+17.6%,223.13,24.6,+65.8%,+18.5%,+6.5%,+161.7%
FIVE,Extended,Retailers,Consumer Discretionary,Consumer Discretionary Distrib,Adj,Jan,EPS,CY2028,4.57,6.41,+40.3%,8.537,+33.2%,10.165,+19.1%,223.13,22.0,+122.4%,+18.5%,+6.5%,+161.7%
BURL,Extended,Retailers,Consumer Discretionary,Consumer Discretionary Distrib,Adj,Jan,EPS,CY2025,9.206,9.556,+3.8%,9.847,+3.0%,9.799,-0.5%,304.51,31.1,+6.4%,+5.4%,-4.4%,+27.2%
BURL,Extended,Retailers,Consumer Discretionary,Consumer Discretionary Distrib,Adj,Jan,EPS,CY2026,11.051,11.191,+1.3%,11.112,-0.7%,11.457,+3.1%,304.51,26.6,+3.7%,+5.4%,-4.4%,+27.2%
BURL,Extended,Retailers,Consumer Discretionary,Consumer Discretionary Distrib,Adj,Jan,EPS,CY2027,13.343,13.349,+0.0%,13.241,-0.8%,13.493,+1.9%,304.51,22.6,+1.1%,+5.4%,-4.4%,+27.2%
BURL,Extended,Retailers,Consumer Discretionary,Consumer Discretionary Distrib,Adj,Jan,EPS,CY2028,16.387,15.954,-2.6%,15.456,-3.1%,15.966,+3.3%,304.51,19.1,-2.6%,+5.4%,-4.4%,+27.2%
BBY,Extended,Retailers,Consumer Discretionary,Consumer Discretionary Distrib,Adj,Jan,EPS,CY2025,6.231,6.208,-0.4%,6.313,+1.7%,6.307,-0.1%,59.4,9.4,+1.2%,-11.3%,-11.4%,-13.7%
BBY,Extended,Retailers,Consumer Discretionary,Consumer Discretionary Distrib,Adj,Jan,EPS,CY2026,6.808,6.696,-1.6%,6.702,+0.1%,6.505,-2.9%,59.4,9.1,-4.5%,-11.3%,-11.4%,-13.7%
BBY,Extended,Retailers,Consumer Discretionary,Consumer Discretionary Distrib,Adj,Jan,EPS,CY2027,7.482,7.362,-1.6%,7.255,-1.5%,6.98,-3.8%,59.4,8.5,-6.7%,-11.3%,-11.4%,-13.7%
BBY,Extended,Retailers,Consumer Discretionary,Consumer Discretionary Distrib,Adj,Jan,EPS,CY2028,8.462,8.243,-2.6%,7.91,-4.0%,7.609,-3.8%,59.4,7.8,-10.1%,-11.3%,-11.4%,-13.7%
HD,Extended,Retailers,Consumer Discretionary,Consumer Discretionary Distrib,GAAP,Jan,EPS,CY2025,14.816,14.851,+0.2%,14.281,-3.8%,14.339,+0.4%,317.45,22.1,-3.2%,-7.7%,-16.7%,-12.5%
HD,Extended,Retailers,Consumer Discretionary,Consumer Discretionary Distrib,GAAP,Jan,EPS,CY2026,16.757,16.044,-4.3%,14.974,-6.7%,14.873,-0.7%,317.45,21.3,-11.2%,-7.7%,-16.7%,-12.5%
HD,Extended,Retailers,Consumer Discretionary,Consumer Discretionary Distrib,GAAP,Jan,EPS,CY2027,17.528,17.525,-0.0%,16.263,-7.2%,15.948,-1.9%,317.45,19.9,-9.0%,-7.7%,-16.7%,-12.5%
HD,Extended,Retailers,Consumer Discretionary,Consumer Discretionary Distrib,GAAP,Jan,EPS,CY2028,19.24,18.623,-3.2%,17.528,-5.9%,17.424,-0.6%,317.45,18.2,-9.4%,-7.7%,-16.7%,-12.5%
LOW,Extended,Retailers,Consumer Discretionary,Consumer Discretionary Distrib,Adj,Jan,EPS,CY2025,12.366,12.338,-0.2%,12.24,-0.8%,12.253,+0.1%,229.2,18.7,-0.9%,-5.0%,-17.2%,+3.1%
LOW,Extended,Retailers,Consumer Discretionary,Consumer Discretionary Distrib,Adj,Jan,EPS,CY2026,13.449,13.324,-0.9%,13.059,-2.0%,12.765,-2.3%,229.2,18.0,-5.1%,-5.0%,-17.2%,+3.1%
LOW,Extended,Retailers,Consumer Discretionary,Consumer Discretionary Distrib,Adj,Jan,EPS,CY2027,14.894,14.516,-2.5%,14.071,-3.1%,13.695,-2.7%,229.2,16.7,-8.1%,-5.0%,-17.2%,+3.1%
LOW,Extended,Retailers,Consumer Discretionary,Consumer Discretionary Distrib,Adj,Jan,EPS,CY2028,16.344,15.884,-2.8%,15.509,-2.4%,15.023,-3.1%,229.2,15.3,-8.1%,-5.0%,-17.2%,+3.1%
SBH,Extended,Retailers,Consumer Discretionary,Consumer Discretionary Distrib,Adj,Sep,EPS,CY2025,1.815,1.824,+0.5%,1.828,+0.2%,1.828,+0.0%,14.03,7.7,+0.7%,-1.6%,-17.5%,+71.7%
SBH,Extended,Retailers,Consumer Discretionary,Consumer Discretionary Distrib,Adj,Sep,EPS,CY2026,2.0,2.014,+0.7%,2.068,+2.7%,2.074,+0.3%,14.03,6.8,+3.7%,-1.6%,-17.5%,+71.7%
SBH,Extended,Retailers,Consumer Discretionary,Consumer Discretionary Distrib,Adj,Sep,EPS,CY2027,2.2,2.158,-1.9%,2.242,+3.9%,2.268,+1.2%,14.03,6.2,+3.1%,-1.6%,-17.5%,+71.7%
SBH,Extended,Retailers,Consumer Discretionary,Consumer Discretionary Distrib,Adj,Sep,EPS,CY2028,,,,2.68,,2.45,-8.6%,14.03,5.7,,-1.6%,-17.5%,+71.7%
ULTA,Extended,Retailers,Consumer Discretionary,Consumer Discretionary Distrib,Adj,Jan,EPS,CY2025,22.86,24.603,+7.6%,25.556,+3.9%,25.649,+0.4%,521.58,20.3,+12.2%,-13.8%,-25.1%,+33.0%
ULTA,Extended,Retailers,Consumer Discretionary,Consumer Discretionary Distrib,Adj,Jan,EPS,CY2026,25.409,27.348,+7.6%,28.559,+4.4%,28.531,-0.1%,521.58,18.3,+12.3%,-13.8%,-25.1%,+33.0%
ULTA,Extended,Retailers,Consumer Discretionary,Consumer Discretionary Distrib,Adj,Jan,EPS,CY2027,28.458,30.158,+6.0%,31.464,+4.3%,31.564,+0.3%,521.58,16.5,+10.9%,-13.8%,-25.1%,+33.0%
ULTA,Extended,Retailers,Consumer Discretionary,Consumer Discretionary Distrib,Adj,Jan,EPS,CY2028,31.726,31.673,-0.2%,33.386,+5.4%,34.529,+3.4%,521.58,15.1,+8.8%,-13.8%,-25.1%,+33.0%
TPR,Extended,Luxury / fashion,Consumer Discretionary,Consumer Durables & Apparel,Adj,Jun,EPS,CY2025,4.998,5.093,+1.9%,5.093,+0.0%,5.093,+0.0%,133.48,26.2,+1.9%,+4.5%,-13.7%,+71.1%
TPR,Extended,Luxury / fashion,Consumer Discretionary,Consumer Durables & Apparel,Adj,Jun,EPS,CY2026,5.36,5.549,+3.5%,6.234,+12.3%,6.898,+10.7%,133.48,19.4,+28.7%,+4.5%,-13.7%,+71.1%
TPR,Extended,Luxury / fashion,Consumer Discretionary,Consumer Durables & Apparel,Adj,Jun,EPS,CY2027,5.903,6.162,+4.4%,6.934,+12.5%,7.655,+10.4%,133.48,17.4,+29.7%,+4.5%,-13.7%,+71.1%
TPR,Extended,Luxury / fashion,Consumer Discretionary,Consumer Durables & Apparel,Adj,Jun,EPS,CY2028,6.825,6.946,+1.8%,7.784,+12.1%,8.495,+9.1%,133.48,15.7,+24.5%,+4.5%,-13.7%,+71.1%
CPRI,Extended,Luxury / fashion,Consumer Discretionary,Consumer Durables & Apparel,Adj,Mar,EPS,CY2025,1.052,1.35,+28.3%,1.394,+3.3%,1.394,+0.0%,18.53,13.3,+32.5%,-24.1%,-7.6%,+9.8%
CPRI,Extended,Luxury / fashion,Consumer Discretionary,Consumer Durables & Apparel,Adj,Mar,EPS,CY2026,1.762,1.824,+3.5%,1.859,+1.9%,1.841,-1.0%,18.53,10.1,+4.5%,-24.1%,-7.6%,+9.8%
CPRI,Extended,Luxury / fashion,Consumer Discretionary,Consumer Durables & Apparel,Adj,Mar,EPS,CY2027,2.973,2.28,-23.3%,2.417,+6.0%,2.308,-4.5%,18.53,8.0,-22.4%,-24.1%,-7.6%,+9.8%
CPRI,Extended,Luxury / fashion,Consumer Discretionary,Consumer Durables & Apparel,Adj,Mar,EPS,CY2028,3.287,3.765,+14.5%,3.16,-16.1%,2.85,-9.8%,18.53,6.5,-13.3%,-24.1%,-7.6%,+9.8%
FOSL,Extended,Luxury / fashion,Consumer Discretionary,Consumer Durables & Apparel,Adj,Dec,EPS,CY2025,,-3.83,,-6.84,-78.6%,-3.975,+41.9%,4.43,-1.1,,+17.8%,+18.4%,+238.2%
FOSL,Extended,Luxury / fashion,Consumer Discretionary,Consumer Durables & Apparel,Adj,Dec,EPS,CY2026,,-0.2,,-0.3,-50.0%,-0.63,-110.0%,4.43,-7.0,,+17.8%,+18.4%,+238.2%
FOSL,Extended,Luxury / fashion,Consumer Discretionary,Consumer Durables & Apparel,Adj,Dec,EPS,CY2027,,0.34,,0.25,-26.5%,-0.2,-180.0%,4.43,-22.1,,+17.8%,+18.4%,+238.2%
FOSL,Extended,Luxury / fashion,Consumer Discretionary,Consumer Durables & Apparel,Adj,Dec,EPS,CY2028,,0.38,,0.38,+0.0%,1.03,+171.1%,4.43,4.3,,+17.8%,+18.4%,+238.2%
RMS,Extended,Luxury / fashion,Consumer Discretionary,Consumer Durables & Apparel,Adj,Dec,EPS,CY2025,45.326,42.579,-6.1%,42.481,-0.2%,42.481,+0.0%,1661.0,39.1,-6.3%,-21.7%,-19.8%,-32.3%
RMS,Extended,Luxury / fashion,Consumer Discretionary,Consumer Durables & Apparel,Adj,Dec,EPS,CY2026,52.809,48.532,-8.1%,47.696,-1.7%,45.026,-5.6%,1661.0,36.9,-14.7%,-21.7%,-19.8%,-32.3%
RMS,Extended,Luxury / fashion,Consumer Discretionary,Consumer Durables & Apparel,Adj,Dec,EPS,CY2027,59.378,54.124,-8.8%,53.582,-1.0%,51.786,-3.4%,1661.0,32.1,-12.8%,-21.7%,-19.8%,-32.3%
RMS,Extended,Luxury / fashion,Consumer Discretionary,Consumer Durables & Apparel,Adj,Dec,EPS,CY2028,65.062,59.749,-8.2%,59.533,-0.4%,56.713,-4.7%,1661.0,29.3,-12.8%,-21.7%,-19.8%,-32.3%
UHR,Extended,Luxury / fashion,Consumer Discretionary,Consumer Durables & Apparel,Adj,Dec,EPS,CY2025,5.742,2.027,-64.7%,1.93,-4.8%,1.93,+0.0%,210.6,109.1,-66.4%,+25.2%,+8.7%,+50.9%
UHR,Extended,Luxury / fashion,Consumer Discretionary,Consumer Durables & Apparel,Adj,Dec,EPS,CY2026,8.89,4.706,-47.1%,4.472,-5.0%,4.418,-1.2%,210.6,47.7,-50.3%,+25.2%,+8.7%,+50.9%
UHR,Extended,Luxury / fashion,Consumer Discretionary,Consumer Durables & Apparel,Adj,Dec,EPS,CY2027,11.043,7.658,-30.7%,7.591,-0.9%,7.119,-6.2%,210.6,29.6,-35.5%,+25.2%,+8.7%,+50.9%
UHR,Extended,Luxury / fashion,Consumer Discretionary,Consumer Durables & Apparel,Adj,Dec,EPS,CY2028,14.393,10.333,-28.2%,10.293,-0.4%,9.203,-10.6%,210.6,22.9,-36.1%,+25.2%,+8.7%,+50.9%
KER,Extended,Luxury / fashion,Consumer Discretionary,Consumer Durables & Apparel,Adj,Dec,EPS,CY2025,7.546,6.25,-17.2%,5.965,-4.6%,5.965,+0.0%,245.9,41.2,-21.0%,-18.3%,-5.3%,+38.2%
KER,Extended,Luxury / fashion,Consumer Discretionary,Consumer Durables & Apparel,Adj,Dec,EPS,CY2026,9.793,8.77,-10.4%,8.544,-2.6%,7.092,-17.0%,245.9,34.7,-27.6%,-18.3%,-5.3%,+38.2%
KER,Extended,Luxury / fashion,Consumer Discretionary,Consumer Durables & Apparel,Adj,Dec,EPS,CY2027,12.355,11.95,-3.3%,11.784,-1.4%,10.366,-12.0%,245.9,23.7,-16.1%,-18.3%,-5.3%,+38.2%
KER,Extended,Luxury / fashion,Consumer Discretionary,Consumer Durables & Apparel,Adj,Dec,EPS,CY2028,16.345,15.21,-6.9%,15.331,+0.8%,13.607,-11.2%,245.9,18.1,-16.8%,-18.3%,-5.3%,+38.2%
CFR,Extended,Luxury / fashion,Consumer Discretionary,Consumer Durables & Apparel,Adj,Mar,EPS,CY2025,6.709,5.926,-11.7%,6.141,+3.6%,6.123,-0.3%,158.4,25.9,-8.7%,-7.9%,+1.1%,+9.2%
CFR,Extended,Luxury / fashion,Consumer Discretionary,Consumer Durables & Apparel,Adj,Mar,EPS,CY2026,7.659,6.814,-11.0%,7.004,+2.8%,6.951,-0.8%,158.4,22.8,-9.2%,-7.9%,+1.1%,+9.2%
CFR,Extended,Luxury / fashion,Consumer Discretionary,Consumer Durables & Apparel,Adj,Mar,EPS,CY2027,8.512,7.698,-9.6%,8.006,+4.0%,7.944,-0.8%,158.4,19.9,-6.7%,-7.9%,+1.1%,+9.2%
CFR,Extended,Luxury / fashion,Consumer Discretionary,Consumer Durables & Apparel,Adj,Mar,EPS,CY2028,9.298,8.928,-4.0%,9.026,+1.1%,9.013,-0.1%,158.4,17.6,-3.1%,-7.9%,+1.1%,+9.2%
DECK,Extended,Apparel,Consumer Discretionary,Consumer Durables & Apparel,Adj,Mar,EPS,CY2025,6.443,6.401,-0.7%,6.861,+7.2%,6.887,+0.4%,100.42,14.6,+6.9%,-3.1%,-12.3%,-17.1%
DECK,Extended,Apparel,Consumer Discretionary,Consumer Durables & Apparel,Adj,Mar,EPS,CY2026,7.218,6.844,-5.2%,7.307,+6.8%,7.344,+0.5%,100.42,13.7,+1.7%,-3.1%,-12.3%,-17.1%
DECK,Extended,Apparel,Consumer Discretionary,Consumer Durables & Apparel,Adj,Mar,EPS,CY2027,7.652,7.613,-0.5%,8.056,+5.8%,8.093,+0.5%,100.42,12.4,+5.8%,-3.1%,-12.3%,-17.1%
DECK,Extended,Apparel,Consumer Discretionary,Consumer Durables & Apparel,Adj,Mar,EPS,CY2028,8.252,8.078,-2.1%,8.616,+6.7%,8.842,+2.6%,100.42,11.4,+7.1%,-3.1%,-12.3%,-17.1%
PVH,Extended,Apparel,Consumer Discretionary,Consumer Durables & Apparel,Adj,Jan,EPS,CY2025,12.305,10.9,-11.4%,10.898,-0.0%,11.054,+1.4%,89.48,8.1,-10.2%,+33.5%,+34.4%,+20.2%
PVH,Extended,Apparel,Consumer Discretionary,Consumer Durables & Apparel,Adj,Jan,EPS,CY2026,13.913,11.966,-14.0%,12.012,+0.4%,12.025,+0.1%,89.48,7.4,-13.6%,+33.5%,+34.4%,+20.2%
PVH,Extended,Apparel,Consumer Discretionary,Consumer Durables & Apparel,Adj,Jan,EPS,CY2027,15.773,13.673,-13.3%,13.588,-0.6%,13.745,+1.2%,89.48,6.5,-12.9%,+33.5%,+34.4%,+20.2%
PVH,Extended,Apparel,Consumer Discretionary,Consumer Durables & Apparel,Adj,Jan,EPS,CY2028,17.978,18.457,+2.7%,17.123,-7.2%,16.373,-4.4%,89.48,5.5,-8.9%,+33.5%,+34.4%,+20.2%
VFC,Extended,Apparel,Consumer Discretionary,Consumer Durables & Apparel,Adj,Mar,EPS,CY2025,0.956,0.714,-25.3%,0.838,+17.4%,0.836,-0.2%,18.98,22.7,-12.6%,+5.0%,-10.0%,+42.9%
VFC,Extended,Apparel,Consumer Discretionary,Consumer Durables & Apparel,Adj,Mar,EPS,CY2026,1.275,1.005,-21.2%,1.043,+3.8%,1.047,+0.4%,18.98,18.1,-17.9%,+5.0%,-10.0%,+42.9%
VFC,Extended,Apparel,Consumer Discretionary,Consumer Durables & Apparel,Adj,Mar,EPS,CY2027,1.869,1.278,-31.6%,1.304,+2.0%,1.294,-0.8%,18.98,14.7,-30.8%,+5.0%,-10.0%,+42.9%
VFC,Extended,Apparel,Consumer Discretionary,Consumer Durables & Apparel,Adj,Mar,EPS,CY2028,2.258,1.625,-28.0%,1.637,+0.7%,1.69,+3.2%,18.98,11.2,-25.2%,+5.0%,-10.0%,+42.9%
KTB,Extended,Apparel,Consumer Discretionary,Consumer Durables & Apparel,Adj,Dec,EPS,CY2025,5.187,5.492,+5.9%,5.494,+0.0%,5.496,+0.0%,73.65,13.4,+6.0%,+20.6%,+10.8%,+7.5%
KTB,Extended,Apparel,Consumer Discretionary,Consumer Durables & Apparel,Adj,Dec,EPS,CY2026,5.562,6.023,+8.3%,5.957,-1.1%,5.488,-7.9%,73.65,13.4,-1.3%,+20.6%,+10.8%,+7.5%
KTB,Extended,Apparel,Consumer Discretionary,Consumer Durables & Apparel,Adj,Dec,EPS,CY2027,6.282,6.721,+7.0%,6.629,-1.4%,6.491,-2.1%,73.65,11.3,+3.3%,+20.6%,+10.8%,+7.5%
KTB,Extended,Apparel,Consumer Discretionary,Consumer Durables & Apparel,Adj,Dec,EPS,CY2028,7.24,7.28,+0.6%,7.235,-0.6%,7.296,+0.8%,73.65,10.1,+0.8%,+20.6%,+10.8%,+7.5%
ONON,Extended,Apparel,Consumer Discretionary,Consumer Durables & Apparel,Adj,Dec,EPS,CY2025,1.015,0.603,-40.6%,0.747,+23.9%,0.749,+0.3%,35.24,47.0,-26.2%,-24.2%,-20.5%,-28.7%
ONON,Extended,Apparel,Consumer Discretionary,Consumer Durables & Apparel,Adj,Dec,EPS,CY2026,1.306,1.205,-7.7%,1.31,+8.7%,1.267,-3.3%,35.24,27.8,-3.0%,-24.2%,-20.5%,-28.7%
ONON,Extended,Apparel,Consumer Discretionary,Consumer Durables & Apparel,Adj,Dec,EPS,CY2027,1.595,1.545,-3.1%,1.709,+10.6%,1.578,-7.7%,35.24,22.3,-1.1%,-24.2%,-20.5%,-28.7%
ONON,Extended,Apparel,Consumer Discretionary,Consumer Durables & Apparel,Adj,Dec,EPS,CY2028,2.13,2.11,-0.9%,2.182,+3.4%,2.018,-7.5%,35.24,17.5,-5.3%,-24.2%,-20.5%,-28.7%
GIL,Extended,Apparel,Consumer Discretionary,Consumer Durables & Apparel,Adj,Dec,EPS,CY2025,3.473,3.465,-0.2%,3.492,+0.8%,3.497,+0.1%,59.26,16.9,+0.7%,-5.1%,-18.3%,+25.5%
GIL,Extended,Apparel,Consumer Discretionary,Consumer Durables & Apparel,Adj,Dec,EPS,CY2026,3.859,4.536,+17.5%,4.521,-0.3%,4.298,-4.9%,59.26,13.8,+11.4%,-5.1%,-18.3%,+25.5%
GIL,Extended,Apparel,Consumer Discretionary,Consumer Durables & Apparel,Adj,Dec,EPS,CY2027,4.27,5.483,+28.4%,5.425,-1.1%,5.388,-0.7%,59.26,11.0,+26.2%,-5.1%,-18.3%,+25.5%
GIL,Extended,Apparel,Consumer Discretionary,Consumer Durables & Apparel,Adj,Dec,EPS,CY2028,4.783,6.433,+34.5%,6.31,-1.9%,6.399,+1.4%,59.26,9.3,+33.8%,-5.1%,-18.3%,+25.5%
CRI,Extended,Apparel,Consumer Discretionary,Consumer Durables & Apparel,Adj,Dec,EPS,CY2025,3.361,2.95,-12.2%,3.147,+6.7%,3.31,+5.2%,35.33,10.7,-1.5%,+8.9%,-6.1%,+3.5%
CRI,Extended,Apparel,Consumer Discretionary,Consumer Durables & Apparel,Adj,Dec,EPS,CY2026,2.704,2.398,-11.3%,2.78,+15.9%,3.151,+13.3%,35.33,11.2,+16.5%,+8.9%,-6.1%,+3.5%
CRI,Extended,Apparel,Consumer Discretionary,Consumer Durables & Apparel,Adj,Dec,EPS,CY2027,2.798,2.683,-4.1%,3.233,+20.5%,3.576,+10.6%,35.33,9.9,+27.8%,+8.9%,-6.1%,+3.5%
CRI,Extended,Apparel,Consumer Discretionary,Consumer Durables & Apparel,Adj,Dec,EPS,CY2028,4.15,2.93,-29.4%,2.95,+0.7%,3.726,+26.3%,35.33,9.5,-10.2%,+8.9%,-6.1%,+3.5%
LULU,Extended,Apparel,Consumer Discretionary,Consumer Durables & Apparel,Adj,Jan,EPS,CY2025,14.916,12.906,-13.5%,13.045,+1.1%,13.04,-0.0%,131.18,10.1,-12.6%,-36.9%,-25.3%,-53.1%
LULU,Extended,Apparel,Consumer Discretionary,Consumer Durables & Apparel,Adj,Jan,EPS,CY2026,16.113,12.85,-20.3%,12.64,-1.6%,12.352,-2.3%,131.18,10.6,-23.3%,-36.9%,-25.3%,-53.1%
LULU,Extended,Apparel,Consumer Discretionary,Consumer Durables & Apparel,Adj,Jan,EPS,CY2027,17.74,13.629,-23.2%,13.717,+0.6%,13.231,-3.5%,131.18,9.9,-25.4%,-36.9%,-25.3%,-53.1%
LULU,Extended,Apparel,Consumer Discretionary,Consumer Durables & Apparel,Adj,Jan,EPS,CY2028,20.472,15.724,-23.2%,15.627,-0.6%,14.491,-7.3%,131.18,9.1,-29.2%,-36.9%,-25.3%,-53.1%
LB,Extended,Apparel,Real Estate,Real Estate Management & Devel,Adj,Dec,EPS,CY2025,2.113,1.71,-19.1%,1.42,-17.0%,1.42,+0.0%,64.98,45.8,-32.8%,+32.6%,+14.0%,-7.4%
LB,Extended,Apparel,Real Estate,Real Estate Management & Devel,Adj,Dec,EPS,CY2026,2.778,2.59,-6.8%,2.489,-3.9%,2.37,-4.8%,64.98,27.4,-14.7%,+32.6%,+14.0%,-7.4%
LB,Extended,Apparel,Real Estate,Real Estate Management & Devel,Adj,Dec,EPS,CY2027,3.192,3.707,+16.1%,3.566,-3.8%,3.346,-6.2%,64.98,19.4,+4.8%,+32.6%,+14.0%,-7.4%
LB,Extended,Apparel,Real Estate,Real Estate Management & Devel,Adj,Dec,EPS,CY2028,8.55,7.66,-10.4%,5.66,-26.1%,4.34,-23.3%,64.98,15.0,-49.2%,+32.6%,+14.0%,-7.4%
RL,Extended,Apparel,Consumer Discretionary,Consumer Durables & Apparel,Adj,Mar,EPS,CY2025,13.32,15.33,+15.1%,16.091,+5.0%,16.244,+1.0%,358.45,22.1,+22.0%,+1.4%,+3.0%,+44.1%
RL,Extended,Apparel,Consumer Discretionary,Consumer Durables & Apparel,Adj,Mar,EPS,CY2026,14.711,16.645,+13.1%,17.591,+5.7%,18.01,+2.4%,358.45,19.9,+22.4%,+1.4%,+3.0%,+44.1%
RL,Extended,Apparel,Consumer Discretionary,Consumer Durables & Apparel,Adj,Mar,EPS,CY2027,16.13,18.519,+14.8%,19.558,+5.6%,19.901,+1.8%,358.45,18.0,+23.4%,+1.4%,+3.0%,+44.1%
RL,Extended,Apparel,Consumer Discretionary,Consumer Durables & Apparel,Adj,Mar,EPS,CY2028,17.477,19.8,+13.3%,20.867,+5.4%,20.878,+0.1%,358.45,17.2,+19.5%,+1.4%,+3.0%,+44.1%
NKE,Extended,Apparel,Consumer Discretionary,Consumer Durables & Apparel,Adj,May,EPS,CY2025,2.155,2.162,+0.3%,2.162,+0.0%,2.162,+0.0%,44.14,20.4,+0.3%,-30.7%,-29.3%,-24.3%
NKE,Extended,Apparel,Consumer Discretionary,Consumer Durables & Apparel,Adj,May,EPS,CY2026,1.956,1.676,-14.3%,1.561,-6.9%,1.497,-4.1%,44.14,29.5,-23.5%,-30.7%,-29.3%,-24.3%
NKE,Extended,Apparel,Consumer Discretionary,Consumer Durables & Apparel,Adj,May,EPS,CY2027,2.547,2.51,-1.5%,2.361,-5.9%,1.848,-21.7%,44.14,23.9,-27.4%,-30.7%,-29.3%,-24.3%
NKE,Extended,Apparel,Consumer Discretionary,Consumer Durables & Apparel,Adj,May,EPS,CY2028,3.262,3.053,-6.4%,2.853,-6.6%,2.427,-14.9%,44.14,18.2,-25.6%,-30.7%,-29.3%,-24.3%
AS,Extended,Apparel,Consumer Discretionary,Consumer Durables & Apparel,Adj,Dec,EPS,CY2025,0.675,0.841,+24.6%,0.925,+10.0%,0.931,+0.6%,36.03,38.7,+37.9%,-3.5%,-8.9%,+33.5%
AS,Extended,Apparel,Consumer Discretionary,Consumer Durables & Apparel,Adj,Dec,EPS,CY2026,0.901,1.109,+23.1%,1.176,+6.0%,1.18,+0.3%,36.03,30.5,+31.0%,-3.5%,-8.9%,+33.5%
AS,Extended,Apparel,Consumer Discretionary,Consumer Durables & Apparel,Adj,Dec,EPS,CY2027,1.141,1.383,+21.2%,1.491,+7.8%,1.473,-1.2%,36.03,24.5,+29.1%,-3.5%,-8.9%,+33.5%
AS,Extended,Apparel,Consumer Discretionary,Consumer Durables & Apparel,Adj,Dec,EPS,CY2028,1.41,1.808,+28.2%,1.768,-2.2%,1.853,+4.8%,36.03,19.4,+31.4%,-3.5%,-8.9%,+33.5%
GOOS,Extended,Apparel,Consumer Discretionary,Consumer Durables & Apparel,Adj,Mar,EPS,CY2025,1.066,0.964,-9.6%,0.824,-14.5%,0.8,-2.9%,11.92,14.9,-25.0%,-8.0%,+0.2%,+35.6%
GOOS,Extended,Apparel,Consumer Discretionary,Consumer Durables & Apparel,Adj,Mar,EPS,CY2026,0.99,1.143,+15.5%,1.015,-11.2%,1.005,-1.0%,11.92,11.9,+1.5%,-8.0%,+0.2%,+35.6%
GOOS,Extended,Apparel,Consumer Discretionary,Consumer Durables & Apparel,Adj,Mar,EPS,CY2027,1.445,1.296,-10.3%,1.193,-7.9%,1.2,+0.6%,11.92,9.9,-17.0%,-8.0%,+0.2%,+35.6%
GOOS,Extended,Apparel,Consumer Discretionary,Consumer Durables & Apparel,Adj,Mar,EPS,CY2028,1.77,2.17,+22.6%,2.11,-2.8%,2.11,+0.0%,11.92,5.6,+19.2%,-8.0%,+0.2%,+35.6%
GAP,Extended,Apparel,Consumer Discretionary,Consumer Discretionary Distrib,Adj,Jan,EPS,CY2025,2.341,2.084,-11.0%,2.151,+3.2%,2.155,+0.2%,23.37,10.8,-7.9%,-8.7%,-15.5%,+3.1%
GAP,Extended,Apparel,Consumer Discretionary,Consumer Discretionary Distrib,Adj,Jan,EPS,CY2026,2.373,2.176,-8.3%,2.316,+6.4%,2.337,+0.9%,23.37,10.0,-1.5%,-8.7%,-15.5%,+3.1%
GAP,Extended,Apparel,Consumer Discretionary,Consumer Discretionary Distrib,Adj,Jan,EPS,CY2027,2.368,2.412,+1.9%,2.559,+6.1%,2.609,+2.0%,23.37,9.0,+10.2%,-8.7%,-15.5%,+3.1%
GAP,Extended,Apparel,Consumer Discretionary,Consumer Discretionary Distrib,Adj,Jan,EPS,CY2028,2.603,2.72,+4.5%,2.865,+5.3%,2.907,+1.5%,23.37,8.0,+11.7%,-8.7%,-15.5%,+3.1%
CROX,Extended,Apparel,Consumer Discretionary,Consumer Durables & Apparel,Adj,Dec,EPS,CY2025,12.661,12.016,-5.1%,12.14,+1.0%,12.14,+0.0%,103.63,8.5,-4.1%,+21.2%,+23.2%,-5.6%
CROX,Extended,Apparel,Consumer Discretionary,Consumer Durables & Apparel,Adj,Dec,EPS,CY2026,13.031,11.975,-8.1%,12.018,+0.4%,13.648,+13.6%,103.63,7.6,+4.7%,+21.2%,+23.2%,-5.6%
CROX,Extended,Apparel,Consumer Discretionary,Consumer Durables & Apparel,Adj,Dec,EPS,CY2027,13.048,12.109,-7.2%,12.747,+5.3%,14.515,+13.9%,103.63,7.1,+11.2%,+21.2%,+23.2%,-5.6%
CROX,Extended,Apparel,Consumer Discretionary,Consumer Durables & Apparel,Adj,Dec,EPS,CY2028,15.193,12.895,-15.1%,14.1,+9.3%,14.468,+2.6%,103.63,7.2,-4.8%,+21.2%,+23.2%,-5.6%
SN,Extended,Apparel,Consumer Discretionary,Consumer Durables & Apparel,Adj,Dec,EPS,CY2025,4.921,5.144,+4.5%,5.157,+0.3%,5.157,+0.0%,111.67,21.7,+4.8%,-0.2%,-6.6%,+21.1%
SN,Extended,Apparel,Consumer Discretionary,Consumer Durables & Apparel,Adj,Dec,EPS,CY2026,5.633,5.905,+4.8%,5.983,+1.3%,6.133,+2.5%,111.67,18.2,+8.9%,-0.2%,-6.6%,+21.1%
SN,Extended,Apparel,Consumer Discretionary,Consumer Durables & Apparel,Adj,Dec,EPS,CY2027,6.39,6.803,+6.5%,6.764,-0.6%,7.003,+3.5%,111.67,15.9,+9.6%,-0.2%,-6.6%,+21.1%
SN,Extended,Apparel,Consumer Discretionary,Consumer Durables & Apparel,Adj,Dec,EPS,CY2028,7.95,7.85,-1.3%,7.74,-1.4%,7.926,+2.4%,111.67,14.1,-0.3%,-0.2%,-6.6%,+21.1%
ANF,Extended,Apparel,Consumer Discretionary,Consumer Discretionary Distrib,Adj,Jan,EPS,CY2025,10.754,9.766,-9.2%,9.789,+0.2%,9.726,-0.6%,77.99,8.0,-9.6%,-38.0%,-15.9%,+6.6%
ANF,Extended,Apparel,Consumer Discretionary,Consumer Discretionary Distrib,Adj,Jan,EPS,CY2026,10.72,10.095,-5.8%,10.355,+2.6%,10.694,+3.3%,77.99,7.3,-0.2%,-38.0%,-15.9%,+6.6%
ANF,Extended,Apparel,Consumer Discretionary,Consumer Discretionary Distrib,Adj,Jan,EPS,CY2027,10.394,10.168,-2.2%,10.932,+7.5%,11.718,+7.2%,77.99,6.7,+12.7%,-38.0%,-15.9%,+6.6%
ANF,Extended,Apparel,Consumer Discretionary,Consumer Discretionary Distrib,Adj,Jan,EPS,CY2028,,9.17,,10.09,+10.0%,13.051,+29.3%,77.99,6.0,,-38.0%,-15.9%,+6.6%
AEO,Extended,Apparel,Consumer Discretionary,Consumer Discretionary Distrib,Adj,Jan,EPS,CY2025,1.465,1.163,-20.6%,1.382,+18.8%,1.378,-0.3%,16.68,12.1,-5.9%,-36.7%,-29.2%,+49.7%
AEO,Extended,Apparel,Consumer Discretionary,Consumer Discretionary Distrib,Adj,Jan,EPS,CY2026,1.603,1.393,-13.1%,1.689,+21.2%,1.762,+4.3%,16.68,9.5,+9.9%,-36.7%,-29.2%,+49.7%
AEO,Extended,Apparel,Consumer Discretionary,Consumer Discretionary Distrib,Adj,Jan,EPS,CY2027,1.645,1.514,-8.0%,1.879,+24.1%,1.974,+5.1%,16.68,8.4,+20.0%,-36.7%,-29.2%,+49.7%
AEO,Extended,Apparel,Consumer Discretionary,Consumer Discretionary Distrib,Adj,Jan,EPS,CY2028,,1.7,,1.96,+15.3%,2.269,+15.8%,16.68,7.4,,-36.7%,-29.2%,+49.7%
URBN,Extended,Apparel,Consumer Discretionary,Consumer Discretionary Distrib,Adj,Jan,EPS,CY2025,4.395,5.23,+19.0%,5.282,+1.0%,5.271,-0.2%,71.5,13.6,+19.9%,-5.0%,+0.4%,+38.0%
URBN,Extended,Apparel,Consumer Discretionary,Consumer Discretionary Distrib,Adj,Jan,EPS,CY2026,4.698,5.635,+19.9%,5.797,+2.9%,5.888,+1.6%,71.5,12.1,+25.3%,-5.0%,+0.4%,+38.0%
URBN,Extended,Apparel,Consumer Discretionary,Consumer Discretionary Distrib,Adj,Jan,EPS,CY2027,4.408,6.174,+40.1%,6.389,+3.5%,6.431,+0.7%,71.5,11.1,+45.9%,-5.0%,+0.4%,+38.0%
URBN,Extended,Apparel,Consumer Discretionary,Consumer Discretionary Distrib,Adj,Jan,EPS,CY2028,4.087,5.535,+35.4%,5.835,+5.4%,6.768,+16.0%,71.5,10.6,+65.6%,-5.0%,+0.4%,+38.0%
BALL,Extended,Packaging,Materials,Materials,Adj,Dec,EPS,CY2025,3.534,3.571,+1.0%,3.567,-0.1%,3.567,+0.0%,58.52,16.4,+0.9%,+10.5%,-12.2%,+12.3%
BALL,Extended,Packaging,Materials,Materials,Adj,Dec,EPS,CY2026,3.979,3.996,+0.4%,3.973,-0.6%,3.995,+0.6%,58.52,14.6,+0.4%,+10.5%,-12.2%,+12.3%
BALL,Extended,Packaging,Materials,Materials,Adj,Dec,EPS,CY2027,4.409,4.432,+0.5%,4.517,+1.9%,4.52,+0.1%,58.52,12.9,+2.5%,+10.5%,-12.2%,+12.3%
BALL,Extended,Packaging,Materials,Materials,Adj,Dec,EPS,CY2028,4.92,4.84,-1.6%,5.033,+4.0%,4.995,-0.8%,58.52,11.7,+1.5%,+10.5%,-12.2%,+12.3%
CCK,Extended,Packaging,Materials,Materials,Adj,Dec,EPS,CY2025,7.044,7.763,+10.2%,7.758,-0.1%,7.758,+0.0%,101.19,13.0,+10.1%,-1.7%,-8.3%,+4.3%
CCK,Extended,Packaging,Materials,Materials,Adj,Dec,EPS,CY2026,7.64,8.285,+8.4%,8.149,-1.6%,8.115,-0.4%,101.19,12.5,+6.2%,-1.7%,-8.3%,+4.3%
CCK,Extended,Packaging,Materials,Materials,Adj,Dec,EPS,CY2027,8.315,9.065,+9.0%,8.908,-1.7%,8.734,-2.0%,101.19,11.6,+5.0%,-1.7%,-8.3%,+4.3%
CCK,Extended,Packaging,Materials,Materials,Adj,Dec,EPS,CY2028,8.83,9.84,+11.4%,9.706,-1.4%,9.365,-3.5%,101.19,10.8,+6.1%,-1.7%,-8.3%,+4.3%
SLGN,Extended,Packaging,Materials,Materials,Adj,Dec,EPS,CY2025,4.106,3.746,-8.8%,3.691,-1.5%,3.691,+0.0%,40.26,10.9,-10.1%,-0.3%,-17.3%,-25.0%
SLGN,Extended,Packaging,Materials,Materials,Adj,Dec,EPS,CY2026,4.482,3.94,-12.1%,3.797,-3.6%,3.797,+0.0%,40.26,10.6,-15.3%,-0.3%,-17.3%,-25.0%
SLGN,Extended,Packaging,Materials,Materials,Adj,Dec,EPS,CY2027,4.772,4.294,-10.0%,4.09,-4.8%,4.069,-0.5%,40.26,9.9,-14.7%,-0.3%,-17.3%,-25.0%
SLGN,Extended,Packaging,Materials,Materials,Adj,Dec,EPS,CY2028,4.955,4.78,-3.5%,4.4,-7.9%,4.347,-1.2%,40.26,9.3,-12.3%,-0.3%,-17.3%,-25.0%
OI,Extended,Packaging,Materials,Materials,Adj,Dec,EPS,CY2025,1.373,1.592,+16.0%,1.604,+0.8%,1.604,+0.0%,9.29,5.8,+16.8%,-37.1%,-43.4%,-30.9%
OI,Extended,Packaging,Materials,Materials,Adj,Dec,EPS,CY2026,1.831,1.921,+4.9%,1.935,+0.7%,1.193,-38.3%,9.29,7.8,-34.8%,-37.1%,-43.4%,-30.9%
OI,Extended,Packaging,Materials,Materials,Adj,Dec,EPS,CY2027,2.263,2.364,+4.5%,2.363,-0.0%,1.896,-19.8%,9.29,4.9,-16.2%,-37.1%,-43.4%,-30.9%
OI,Extended,Packaging,Materials,Materials,Adj,Dec,EPS,CY2028,2.81,2.85,+1.4%,2.617,-8.2%,2.408,-8.0%,9.29,3.9,-14.3%,-37.1%,-43.4%,-30.9%
AA,Extended,Packaging,Materials,Materials,Adj,Dec,EPS,CY2025,3.654,3.888,+6.4%,3.992,+2.7%,3.992,+0.0%,63.18,15.8,+9.3%,+18.9%,+1.3%,+143.8%
AA,Extended,Packaging,Materials,Materials,Adj,Dec,EPS,CY2026,2.684,3.222,+20.0%,4.356,+35.2%,6.842,+57.1%,63.18,9.2,+154.9%,+18.9%,+1.3%,+143.8%
AA,Extended,Packaging,Materials,Materials,Adj,Dec,EPS,CY2027,3.733,3.793,+1.6%,5.177,+36.5%,6.616,+27.8%,63.18,9.5,+77.2%,+18.9%,+1.3%,+143.8%
AA,Extended,Packaging,Materials,Materials,Adj,Dec,EPS,CY2028,3.297,3.4,+3.1%,5.586,+64.3%,6.46,+15.6%,63.18,9.8,+95.9%,+18.9%,+1.3%,+143.8%
PKG,Extended,Packaging,Materials,Materials,Adj,Dec,EPS,CY2025,10.24,9.943,-2.9%,9.933,-0.1%,9.933,+0.0%,224.59,22.6,-3.0%,+8.9%,-5.9%,+23.8%
PKG,Extended,Packaging,Materials,Materials,Adj,Dec,EPS,CY2026,11.216,11.497,+2.5%,11.049,-3.9%,10.387,-6.0%,224.59,21.6,-7.4%,+8.9%,-5.9%,+23.8%
PKG,Extended,Packaging,Materials,Materials,Adj,Dec,EPS,CY2027,11.736,12.443,+6.0%,12.613,+1.4%,12.274,-2.7%,224.59,18.3,+4.6%,+8.9%,-5.9%,+23.8%
PKG,Extended,Packaging,Materials,Materials,Adj,Dec,EPS,CY2028,13.08,14.057,+7.5%,13.98,-0.5%,13.326,-4.7%,224.59,16.9,+1.9%,+8.9%,-5.9%,+23.8%
GPK,Extended,Packaging,Materials,Materials,Adj,Dec,EPS,CY2025,2.101,1.939,-7.7%,1.865,-3.8%,1.865,+0.0%,10.63,5.7,-11.2%,-29.4%,-20.0%,-52.3%
GPK,Extended,Packaging,Materials,Materials,Adj,Dec,EPS,CY2026,2.458,1.94,-21.1%,0.906,-53.3%,0.84,-7.3%,10.63,12.7,-65.8%,-29.4%,-20.0%,-52.3%
GPK,Extended,Packaging,Materials,Materials,Adj,Dec,EPS,CY2027,2.573,2.24,-12.9%,1.371,-38.8%,1.161,-15.3%,10.63,9.2,-54.9%,-29.4%,-20.0%,-52.3%
GPK,Extended,Packaging,Materials,Materials,Adj,Dec,EPS,CY2028,3.54,2.53,-28.5%,1.408,-44.3%,1.274,-9.5%,10.63,8.3,-64.0%,-29.4%,-20.0%,-52.3%
SEE,Extended,Packaging,Materials,Materials,Adj,Dec,EPS,CY2025,3.096,3.286,+6.1%,3.298,+0.4%,3.298,+0.0%,42.15,12.8,+6.5%,+1.7%,+0.7%,+37.9%
SEE,Extended,Packaging,Materials,Materials,Adj,Dec,EPS,CY2026,3.31,3.37,+1.8%,3.379,+0.3%,3.26,-3.5%,42.15,12.9,-1.5%,+1.7%,+0.7%,+37.9%
SEE,Extended,Packaging,Materials,Materials,Adj,Dec,EPS,CY2027,3.573,3.617,+1.2%,3.626,+0.2%,3.47,-4.3%,42.15,12.1,-2.9%,+1.7%,+0.7%,+37.9%
SEE,Extended,Packaging,Materials,Materials,Adj,Dec,EPS,CY2028,3.78,3.8,+0.5%,3.783,-0.4%,3.783,+0.0%,42.15,11.1,+0.1%,+1.7%,+0.7%,+37.9%
IP,Extended,Packaging,Materials,Materials,Adj,Dec,EPS,CY2025,2.273,0.654,-71.2%,0.165,-74.8%,0.165,+0.0%,33.03,200.2,-92.7%,-16.1%,-30.5%,-25.4%
IP,Extended,Packaging,Materials,Materials,Adj,Dec,EPS,CY2026,3.398,2.392,-29.6%,1.868,-21.9%,1.438,-23.0%,33.03,23.0,-57.7%,-16.1%,-30.5%,-25.4%
IP,Extended,Packaging,Materials,Materials,Adj,Dec,EPS,CY2027,4.238,3.288,-22.4%,3.037,-7.6%,2.7,-11.1%,33.03,12.2,-36.3%,-16.1%,-30.5%,-25.4%
IP,Extended,Packaging,Materials,Materials,Adj,Dec,EPS,CY2028,4.357,3.3,-24.3%,3.349,+1.5%,3.16,-5.6%,33.03,10.5,-27.5%,-16.1%,-30.5%,-25.4%
MHK,Extended,Housing,Consumer Discretionary,Consumer Durables & Apparel,Adj,Dec,EPS,CY2025,9.137,8.942,-2.1%,8.938,-0.0%,8.938,+0.0%,103.83,11.6,-2.2%,-5.0%,-21.4%,-2.3%
MHK,Extended,Housing,Consumer Discretionary,Consumer Durables & Apparel,Adj,Dec,EPS,CY2026,10.705,10.069,-5.9%,9.869,-2.0%,8.591,-12.9%,103.83,12.1,-19.7%,-5.0%,-21.4%,-2.3%
MHK,Extended,Housing,Consumer Discretionary,Consumer Durables & Apparel,Adj,Dec,EPS,CY2027,12.254,11.734,-4.2%,11.403,-2.8%,9.928,-12.9%,103.83,10.5,-19.0%,-5.0%,-21.4%,-2.3%
MHK,Extended,Housing,Consumer Discretionary,Consumer Durables & Apparel,Adj,Dec,EPS,CY2028,14.23,12.65,-11.1%,12.325,-2.6%,11.521,-6.5%,103.83,9.0,-19.0%,-5.0%,-21.4%,-2.3%
JELD,Extended,Housing,Industrials,Capital Goods,Adj,Dec,EPS,CY2025,-0.346,-0.59,-70.5%,-0.712,-20.7%,-0.726,-2.0%,1.7,-2.3,-109.8%,-30.9%,-35.4%,-59.8%
JELD,Extended,Housing,Industrials,Capital Goods,Adj,Dec,EPS,CY2026,0.329,-0.244,-174.2%,-0.298,-22.1%,-0.69,-131.5%,1.7,-2.5,-309.7%,-30.9%,-35.4%,-59.8%
JELD,Extended,Housing,Industrials,Capital Goods,Adj,Dec,EPS,CY2027,0.935,0.148,-84.2%,0.059,-60.1%,-0.214,-462.7%,1.7,-7.9,-122.9%,-30.9%,-35.4%,-59.8%
JELD,Extended,Housing,Industrials,Capital Goods,Adj,Dec,EPS,CY2028,,,,,,0.068,,1.7,25.0,,-30.9%,-35.4%,-59.8%
AMWD,Extended,Housing,Industrials,Capital Goods,Adj,Apr,EPS,CY2025,6.474,6.474,+0.0%,6.474,+0.0%,6.474,+0.0%,38.58,6.0,+0.0%,-28.4%,-42.3%,-34.2%
AMWD,Extended,Housing,Industrials,Capital Goods,Adj,Apr,EPS,CY2026,6.182,4.41,-28.7%,3.29,-25.4%,2.387,-27.4%,38.58,16.2,-61.4%,-28.4%,-42.3%,-34.2%
AMWD,Extended,Housing,Industrials,Capital Goods,Adj,Apr,EPS,CY2027,7.603,5.69,-25.2%,3.486,-38.7%,1.81,-48.1%,38.58,21.3,-76.2%,-28.4%,-42.3%,-34.2%
AMWD,Extended,Housing,Industrials,Capital Goods,Adj,Apr,EPS,CY2028,,,,2.48,,2.375,-4.2%,38.58,16.2,,-28.4%,-42.3%,-34.2%
MAS,Extended,Housing,Industrials,Capital Goods,Adj,Dec,EPS,CY2025,3.479,3.938,+13.2%,3.933,-0.1%,3.933,+0.0%,71.74,18.2,+13.0%,+13.0%,+0.2%,+15.5%
MAS,Extended,Housing,Industrials,Capital Goods,Adj,Dec,EPS,CY2026,3.975,4.222,+6.2%,4.192,-0.7%,4.265,+1.7%,71.74,16.8,+7.3%,+13.0%,+0.2%,+15.5%
MAS,Extended,Housing,Industrials,Capital Goods,Adj,Dec,EPS,CY2027,4.647,4.7,+1.1%,4.637,-1.3%,4.695,+1.3%,71.74,15.3,+1.0%,+13.0%,+0.2%,+15.5%
MAS,Extended,Housing,Industrials,Capital Goods,Adj,Dec,EPS,CY2028,5.72,5.465,-4.5%,5.415,-0.9%,5.233,-3.4%,71.74,13.7,-8.5%,+13.0%,+0.2%,+15.5%
FBIN,Extended,Housing,Industrials,Capital Goods,Adj,Dec,EPS,CY2025,3.927,3.749,-4.5%,3.74,-0.2%,3.74,+0.0%,37.98,10.2,-4.8%,-24.1%,-37.4%,-26.0%
FBIN,Extended,Housing,Industrials,Capital Goods,Adj,Dec,EPS,CY2026,4.341,4.132,-4.8%,4.067,-1.6%,3.257,-19.9%,37.98,11.7,-25.0%,-24.1%,-37.4%,-26.0%
FBIN,Extended,Housing,Industrials,Capital Goods,Adj,Dec,EPS,CY2027,5.098,4.691,-8.0%,4.601,-1.9%,3.665,-20.3%,37.98,10.4,-28.1%,-24.1%,-37.4%,-26.0%
FBIN,Extended,Housing,Industrials,Capital Goods,Adj,Dec,EPS,CY2028,5.69,5.76,+1.2%,5.76,+0.0%,4.186,-27.3%,37.98,9.1,-26.4%,-24.1%,-37.4%,-26.0%
TOL,Extended,Housing,Consumer Discretionary,Consumer Durables & Apparel,Adj,Oct,EPS,CY2025,13.658,13.806,+1.1%,13.796,-0.1%,13.796,+0.0%,137.89,10.0,+1.0%,+2.0%,-9.4%,+33.2%
TOL,Extended,Housing,Consumer Discretionary,Consumer Durables & Apparel,Adj,Oct,EPS,CY2026,14.546,13.871,-4.6%,12.833,-7.5%,12.774,-0.5%,137.89,10.8,-12.2%,+2.0%,-9.4%,+33.2%
TOL,Extended,Housing,Consumer Discretionary,Consumer Durables & Apparel,Adj,Oct,EPS,CY2027,16.181,15.39,-4.9%,14.255,-7.4%,14.151,-0.7%,137.89,9.7,-12.5%,+2.0%,-9.4%,+33.2%
TOL,Extended,Housing,Consumer Discretionary,Consumer Durables & Apparel,Adj,Oct,EPS,CY2028,19.685,18.197,-7.6%,16.4,-9.9%,16.053,-2.1%,137.89,8.6,-18.5%,+2.0%,-9.4%,+33.2%
KBH,Extended,Housing,Consumer Discretionary,Consumer Durables & Apparel,Adj,Nov,EPS,CY2025,7.103,6.416,-9.7%,6.416,+0.0%,6.416,+0.0%,49.52,7.7,-9.7%,-12.2%,-18.1%,-8.2%
KBH,Extended,Housing,Consumer Discretionary,Consumer Durables & Apparel,Adj,Nov,EPS,CY2026,7.446,6.076,-18.4%,4.259,-29.9%,3.318,-22.1%,49.52,14.9,-55.4%,-12.2%,-18.1%,-8.2%
KBH,Extended,Housing,Consumer Discretionary,Consumer Durables & Apparel,Adj,Nov,EPS,CY2027,8.953,7.201,-19.6%,5.459,-24.2%,4.606,-15.6%,49.52,10.8,-48.6%,-12.2%,-18.1%,-8.2%
KBH,Extended,Housing,Consumer Discretionary,Consumer Durables & Apparel,Adj,Nov,EPS,CY2028,11.19,9.91,-11.4%,7.062,-28.7%,5.688,-19.5%,49.52,8.7,-49.2%,-12.2%,-18.1%,-8.2%
LEN,Extended,Housing,Consumer Discretionary,Consumer Durables & Apparel,Adj,Nov,EPS,CY2025,9.965,8.308,-16.6%,8.293,-0.2%,8.293,+0.0%,88.38,10.7,-16.8%,-14.0%,-22.5%,-18.6%
LEN,Extended,Housing,Consumer Discretionary,Consumer Durables & Apparel,Adj,Nov,EPS,CY2026,11.678,8.889,-23.9%,6.891,-22.5%,6.129,-11.1%,88.38,14.4,-47.5%,-14.0%,-22.5%,-18.6%
LEN,Extended,Housing,Consumer Discretionary,Consumer Durables & Apparel,Adj,Nov,EPS,CY2027,14.204,10.34,-27.2%,8.584,-17.0%,7.515,-12.5%,88.38,11.8,-47.1%,-14.0%,-22.5%,-18.6%
LEN,Extended,Housing,Consumer Discretionary,Consumer Durables & Apparel,Adj,Nov,EPS,CY2028,17.345,14.05,-19.0%,11.637,-17.2%,9.668,-16.9%,88.38,9.1,-44.3%,-14.0%,-22.5%,-18.6%
LGIH,Extended,Housing,Consumer Discretionary,Consumer Durables & Apparel,Adj,Dec,EPS,CY2025,6.216,3.568,-42.6%,3.333,-6.6%,3.333,+0.0%,46.67,14.0,-46.4%,+8.6%,-20.4%,-15.6%
LGIH,Extended,Housing,Consumer Discretionary,Consumer Durables & Apparel,Adj,Dec,EPS,CY2026,8.79,4.712,-46.4%,4.533,-3.8%,2.795,-38.3%,46.67,16.7,-68.2%,+8.6%,-20.4%,-15.6%
LGIH,Extended,Housing,Consumer Discretionary,Consumer Durables & Apparel,Adj,Dec,EPS,CY2027,,7.028,,5.213,-25.8%,3.738,-28.3%,46.67,12.5,,+8.6%,-20.4%,-15.6%
LGIH,Extended,Housing,Consumer Discretionary,Consumer Durables & Apparel,Adj,Dec,EPS,CY2028,,,,,,,,46.67,,,+8.6%,-20.4%,-15.6%
WMS,Extended,Housing,Industrials,Capital Goods,Adj,Mar,EPS,CY2025,6.301,5.943,-5.7%,6.1,+2.6%,6.142,+0.7%,143.2,23.3,-2.5%,-1.1%,-17.1%,+24.3%
WMS,Extended,Housing,Industrials,Capital Goods,Adj,Mar,EPS,CY2026,7.003,6.433,-8.1%,6.809,+5.8%,6.796,-0.2%,143.2,21.1,-3.0%,-1.1%,-17.1%,+24.3%
WMS,Extended,Housing,Industrials,Capital Goods,Adj,Mar,EPS,CY2027,,7.324,,7.66,+4.6%,7.676,+0.2%,143.2,18.7,,-1.1%,-17.1%,+24.3%
WMS,Extended,Housing,Industrials,Capital Goods,Adj,Mar,EPS,CY2028,,7.945,,8.345,+5.0%,8.365,+0.2%,143.2,17.1,,-1.1%,-17.1%,+24.3%
POOL,Extended,Housing,Consumer Discretionary,Consumer Discretionary Distrib,Adj,Dec,EPS,CY2025,11.008,10.886,-1.1%,10.887,+0.0%,10.887,+0.0%,187.77,17.2,-1.1%,-17.9%,-28.5%,-37.8%
POOL,Extended,Housing,Consumer Discretionary,Consumer Discretionary Distrib,Adj,Dec,EPS,CY2026,11.95,11.619,-2.8%,11.614,-0.0%,11.077,-4.6%,187.77,17.0,-7.3%,-17.9%,-28.5%,-37.8%
POOL,Extended,Housing,Consumer Discretionary,Consumer Discretionary Distrib,Adj,Dec,EPS,CY2027,13.232,12.74,-3.7%,12.725,-0.1%,12.012,-5.6%,187.77,15.6,-9.2%,-17.9%,-28.5%,-37.8%
POOL,Extended,Housing,Consumer Discretionary,Consumer Discretionary Distrib,Adj,Dec,EPS,CY2028,15.7,13.653,-13.0%,13.593,-0.4%,13.155,-3.2%,187.77,14.3,-16.2%,-17.9%,-28.5%,-37.8%
ALLE,Extended,Housing,Industrials,Capital Goods,Adj,Dec,EPS,CY2025,7.826,8.183,+4.6%,8.185,+0.0%,8.185,+0.0%,134.37,16.4,+4.6%,-15.6%,-24.5%,-5.3%
ALLE,Extended,Housing,Industrials,Capital Goods,Adj,Dec,EPS,CY2026,8.429,8.896,+5.5%,8.857,-0.4%,8.778,-0.9%,134.37,15.3,+4.1%,-15.6%,-24.5%,-5.3%
ALLE,Extended,Housing,Industrials,Capital Goods,Adj,Dec,EPS,CY2027,9.292,9.684,+4.2%,9.643,-0.4%,9.561,-0.9%,134.37,14.1,+2.9%,-15.6%,-24.5%,-5.3%
ALLE,Extended,Housing,Industrials,Capital Goods,Adj,Dec,EPS,CY2028,10.333,11.117,+7.6%,11.117,+0.0%,10.44,-6.1%,134.37,12.9,+1.0%,-15.6%,-24.5%,-5.3%
FDX,Extended,Transportation,Industrials,Transportation,Adj,May,EPS,CY2025,18.161,17.973,-1.0%,17.973,+0.0%,17.973,+0.0%,378.58,21.1,-1.0%,+31.1%,+3.8%,+73.8%
FDX,Extended,Transportation,Industrials,Transportation,Adj,May,EPS,CY2026,20.188,18.05,-10.6%,18.584,+3.0%,19.678,+5.9%,378.58,19.2,-2.5%,+31.1%,+3.8%,+73.8%
FDX,Extended,Transportation,Industrials,Transportation,Adj,May,EPS,CY2027,22.921,20.771,-9.4%,21.527,+3.6%,22.475,+4.4%,378.58,16.8,-1.9%,+31.1%,+3.8%,+73.8%
FDX,Extended,Transportation,Industrials,Transportation,Adj,May,EPS,CY2028,25.117,23.289,-7.3%,24.217,+4.0%,25.816,+6.6%,378.58,14.7,+2.8%,+31.1%,+3.8%,+73.8%
UPS,Extended,Transportation,Industrials,Transportation,Adj,Dec,EPS,CY2025,7.013,6.843,-2.4%,6.891,+0.7%,6.891,+0.0%,100.78,14.6,-1.7%,+1.6%,-14.5%,+5.1%
UPS,Extended,Transportation,Industrials,Transportation,Adj,Dec,EPS,CY2026,7.936,7.124,-10.2%,7.068,-0.8%,7.122,+0.8%,100.78,14.2,-10.3%,+1.6%,-14.5%,+5.1%
UPS,Extended,Transportation,Industrials,Transportation,Adj,Dec,EPS,CY2027,8.809,7.947,-9.8%,8.017,+0.9%,7.958,-0.7%,100.78,12.7,-9.7%,+1.6%,-14.5%,+5.1%
UPS,Extended,Transportation,Industrials,Transportation,Adj,Dec,EPS,CY2028,9.362,8.615,-8.0%,8.628,+0.2%,8.426,-2.3%,100.78,12.0,-10.0%,+1.6%,-14.5%,+5.1%
XPO,Extended,Transportation,Industrials,Transportation,Adj,Dec,EPS,CY2025,3.65,3.69,+1.1%,3.617,-2.0%,3.617,+0.0%,204.5,56.5,-0.9%,+50.5%,-1.1%,+84.2%
XPO,Extended,Transportation,Industrials,Transportation,Adj,Dec,EPS,CY2026,4.673,4.53,-3.1%,4.446,-1.9%,4.827,+8.6%,204.5,42.4,+3.3%,+50.5%,-1.1%,+84.2%
XPO,Extended,Transportation,Industrials,Transportation,Adj,Dec,EPS,CY2027,5.424,5.628,+3.8%,5.761,+2.4%,5.967,+3.6%,204.5,34.3,+10.0%,+50.5%,-1.1%,+84.2%
XPO,Extended,Transportation,Industrials,Transportation,Adj,Dec,EPS,CY2028,6.757,6.803,+0.7%,7.45,+9.5%,7.301,-2.0%,204.5,28.0,+8.1%,+50.5%,-1.1%,+84.2%
EXPD,Extended,Transportation,Industrials,Transportation,Adj,Dec,EPS,CY2025,5.288,5.812,+9.9%,5.9,+1.5%,5.912,+0.2%,156.69,26.5,+11.8%,+5.2%,-4.2%,+43.6%
EXPD,Extended,Transportation,Industrials,Transportation,Adj,Dec,EPS,CY2026,5.396,5.864,+8.7%,5.972,+1.8%,6.772,+13.4%,156.69,23.1,+25.5%,+5.2%,-4.2%,+43.6%
EXPD,Extended,Transportation,Industrials,Transportation,Adj,Dec,EPS,CY2027,5.827,6.259,+7.4%,6.383,+2.0%,6.899,+8.1%,156.69,22.7,+18.4%,+5.2%,-4.2%,+43.6%
EXPD,Extended,Transportation,Industrials,Transportation,Adj,Dec,EPS,CY2028,6.245,6.523,+4.5%,6.573,+0.8%,7.416,+12.8%,156.69,21.1,+18.8%,+5.2%,-4.2%,+43.6%
CHRW,Extended,Transportation,Industrials,Transportation,Adj,Dec,EPS,CY2025,4.697,4.982,+6.1%,4.981,-0.0%,4.981,+0.0%,171.39,34.4,+6.0%,+6.6%,-14.4%,+92.6%
CHRW,Extended,Transportation,Industrials,Transportation,Adj,Dec,EPS,CY2026,5.41,5.975,+10.4%,6.049,+1.2%,6.165,+1.9%,171.39,27.8,+14.0%,+6.6%,-14.4%,+92.6%
CHRW,Extended,Transportation,Industrials,Transportation,Adj,Dec,EPS,CY2027,5.6,6.839,+22.1%,7.179,+5.0%,7.318,+1.9%,171.39,23.4,+30.7%,+6.6%,-14.4%,+92.6%
CHRW,Extended,Transportation,Industrials,Transportation,Adj,Dec,EPS,CY2028,6.1,6.974,+14.3%,7.964,+14.2%,8.054,+1.1%,171.39,21.3,+32.0%,+6.6%,-14.4%,+92.6%
KNX,Extended,Transportation,Industrials,Transportation,Adj,Dec,EPS,CY2025,1.508,1.326,-12.1%,1.292,-2.6%,1.292,+0.0%,64.05,49.6,-14.3%,+22.5%,+8.2%,+50.9%
KNX,Extended,Transportation,Industrials,Transportation,Adj,Dec,EPS,CY2026,2.5,2.069,-17.2%,1.922,-7.1%,1.847,-3.9%,64.05,34.7,-26.1%,+22.5%,+8.2%,+50.9%
KNX,Extended,Transportation,Industrials,Transportation,Adj,Dec,EPS,CY2027,3.867,3.195,-17.4%,3.001,-6.1%,3.246,+8.2%,64.05,19.7,-16.1%,+22.5%,+8.2%,+50.9%
KNX,Extended,Transportation,Industrials,Transportation,Adj,Dec,EPS,CY2028,4.31,4.11,-4.6%,4.16,+1.2%,4.257,+2.3%,64.05,15.0,-1.2%,+22.5%,+8.2%,+50.9%
JBHT,Extended,Transportation,Industrials,Transportation,Adj,Dec,EPS,CY2025,5.644,5.976,+5.9%,6.03,+0.9%,6.03,+0.0%,245.4,40.7,+6.8%,+26.3%,+8.5%,+81.1%
JBHT,Extended,Transportation,Industrials,Transportation,Adj,Dec,EPS,CY2026,7.016,7.024,+0.1%,7.205,+2.6%,7.32,+1.6%,245.4,33.5,+4.3%,+26.3%,+8.5%,+81.1%
JBHT,Extended,Transportation,Industrials,Transportation,Adj,Dec,EPS,CY2027,8.421,8.342,-0.9%,8.817,+5.7%,9.043,+2.6%,245.4,27.1,+7.4%,+26.3%,+8.5%,+81.1%
JBHT,Extended,Transportation,Industrials,Transportation,Adj,Dec,EPS,CY2028,10.738,9.722,-9.5%,9.74,+0.2%,10.051,+3.2%,245.4,24.4,-6.4%,+26.3%,+8.5%,+81.1%
WERN,Extended,Transportation,Industrials,Transportation,Adj,Dec,EPS,CY2025,0.342,0.085,-75.1%,0.08,-5.9%,0.08,+0.0%,36.42,455.2,-76.6%,+21.4%,+2.4%,+38.9%
WERN,Extended,Transportation,Industrials,Transportation,Adj,Dec,EPS,CY2026,1.319,0.897,-32.0%,0.787,-12.3%,0.908,+15.4%,36.42,40.1,-31.2%,+21.4%,+2.4%,+38.9%
WERN,Extended,Transportation,Industrials,Transportation,Adj,Dec,EPS,CY2027,2.261,1.784,-21.1%,1.753,-1.7%,1.921,+9.6%,36.42,19.0,-15.0%,+21.4%,+2.4%,+38.9%
WERN,Extended,Transportation,Industrials,Transportation,Adj,Dec,EPS,CY2028,2.4,2.935,+22.3%,3.013,+2.7%,2.84,-5.7%,36.42,12.8,+18.3%,+21.4%,+2.4%,+38.9%
NOVOB,Extended,Pharma / Med Devices,Health Care,"Pharmaceuticals, Biotechnology",GAAP,Dec,EPS,CY2025,26.83,23.616,-12.0%,23.284,-1.4%,23.284,+0.0%,290.3,12.5,-13.2%,-10.7%,-6.7%,-34.7%
NOVOB,Extended,Pharma / Med Devices,Health Care,"Pharmaceuticals, Biotechnology",GAAP,Dec,EPS,CY2026,31.975,24.554,-23.2%,21.558,-12.2%,21.238,-1.5%,290.3,13.7,-33.6%,-10.7%,-6.7%,-34.7%
NOVOB,Extended,Pharma / Med Devices,Health Care,"Pharmaceuticals, Biotechnology",GAAP,Dec,EPS,CY2027,35.952,26.275,-26.9%,22.212,-15.5%,21.751,-2.1%,290.3,13.3,-39.5%,-10.7%,-6.7%,-34.7%
NOVOB,Extended,Pharma / Med Devices,Health Care,"Pharmaceuticals, Biotechnology",GAAP,Dec,EPS,CY2028,40.556,29.347,-27.6%,24.43,-16.8%,23.781,-2.7%,290.3,12.2,-41.4%,-10.7%,-6.7%,-34.7%
BIIB,Extended,Pharma / Med Devices,Health Care,"Pharmaceuticals, Biotechnology",Adj,Dec,EPS,CY2025,14.959,14.95,-0.1%,14.874,-0.5%,14.874,+0.0%,193.45,13.0,-0.6%,+9.9%,-0.2%,+63.7%
BIIB,Extended,Pharma / Med Devices,Health Care,"Pharmaceuticals, Biotechnology",Adj,Dec,EPS,CY2026,15.413,15.162,-1.6%,15.323,+1.1%,13.731,-10.4%,193.45,14.1,-10.9%,+9.9%,-0.2%,+63.7%
BIIB,Extended,Pharma / Med Devices,Health Care,"Pharmaceuticals, Biotechnology",Adj,Dec,EPS,CY2027,15.983,15.62,-2.3%,15.798,+1.1%,16.216,+2.6%,193.45,11.9,+1.5%,+9.9%,-0.2%,+63.7%
BIIB,Extended,Pharma / Med Devices,Health Care,"Pharmaceuticals, Biotechnology",Adj,Dec,EPS,CY2028,16.75,16.221,-3.2%,16.393,+1.1%,17.636,+7.6%,193.45,11.0,+5.3%,+9.9%,-0.2%,+63.7%
REGN,Extended,Pharma / Med Devices,Health Care,"Pharmaceuticals, Biotechnology",Adj,Dec,EPS,CY2025,35.321,43.239,+22.4%,43.529,+0.7%,43.529,+0.0%,714.89,16.4,+23.2%,-7.4%,-8.4%,+35.5%
REGN,Extended,Pharma / Med Devices,Health Care,"Pharmaceuticals, Biotechnology",Adj,Dec,EPS,CY2026,39.534,42.737,+8.1%,45.856,+7.3%,46.66,+1.8%,714.89,15.3,+18.0%,-7.4%,-8.4%,+35.5%
REGN,Extended,Pharma / Med Devices,Health Care,"Pharmaceuticals, Biotechnology",Adj,Dec,EPS,CY2027,47.981,49.988,+4.2%,51.474,+3.0%,53.661,+4.2%,714.89,13.3,+11.8%,-7.4%,-8.4%,+35.5%
REGN,Extended,Pharma / Med Devices,Health Care,"Pharmaceuticals, Biotechnology",Adj,Dec,EPS,CY2028,54.7,54.799,+0.2%,59.083,+7.8%,61.368,+3.9%,714.89,11.6,+12.2%,-7.4%,-8.4%,+35.5%
VRTX,Extended,Pharma / Med Devices,Health Care,"Pharmaceuticals, Biotechnology",Adj,Dec,EPS,CY2025,17.818,18.245,+2.4%,18.294,+0.3%,18.293,-0.0%,429.82,23.5,+2.7%,-5.2%,-8.7%,+1.1%
VRTX,Extended,Pharma / Med Devices,Health Care,"Pharmaceuticals, Biotechnology",Adj,Dec,EPS,CY2026,19.887,19.485,-2.0%,19.707,+1.1%,19.238,-2.4%,429.82,22.3,-3.3%,-5.2%,-8.7%,+1.1%
VRTX,Extended,Pharma / Med Devices,Health Care,"Pharmaceuticals, Biotechnology",Adj,Dec,EPS,CY2027,22.498,21.868,-2.8%,22.803,+4.3%,21.277,-6.7%,429.82,20.2,-5.4%,-5.2%,-8.7%,+1.1%
VRTX,Extended,Pharma / Med Devices,Health Care,"Pharmaceuticals, Biotechnology",Adj,Dec,EPS,CY2028,25.373,24.146,-4.8%,25.155,+4.2%,24.446,-2.8%,429.82,17.6,-3.7%,-5.2%,-8.7%,+1.1%
MRK,Extended,Pharma / Med Devices,Health Care,"Pharmaceuticals, Biotechnology",GAAP,Dec,EPS,CY2025,8.246,8.148,-1.2%,8.076,-0.9%,8.076,+0.0%,111.38,13.8,-2.1%,+5.8%,-5.3%,+46.6%
MRK,Extended,Pharma / Med Devices,Health Care,"Pharmaceuticals, Biotechnology",GAAP,Dec,EPS,CY2026,9.076,8.747,-3.6%,4.964,-43.2%,3.421,-31.1%,111.38,32.6,-62.3%,+5.8%,-5.3%,+46.6%
MRK,Extended,Pharma / Med Devices,Health Care,"Pharmaceuticals, Biotechnology",GAAP,Dec,EPS,CY2027,10.032,9.564,-4.7%,8.643,-9.6%,8.499,-1.7%,111.38,13.1,-15.3%,+5.8%,-5.3%,+46.6%
MRK,Extended,Pharma / Med Devices,Health Care,"Pharmaceuticals, Biotechnology",GAAP,Dec,EPS,CY2028,10.014,10.09,+0.8%,9.48,-6.0%,9.511,+0.3%,111.38,11.7,-5.0%,+5.8%,-5.3%,+46.6%
JNJ,Extended,Pharma / Med Devices,Health Care,"Pharmaceuticals, Biotechnology",GAAP,Dec,EPS,CY2025,10.647,10.79,+1.3%,10.726,-0.6%,10.726,+0.0%,221.32,20.6,+0.7%,+6.9%,-7.3%,+43.5%
JNJ,Extended,Pharma / Med Devices,Health Care,"Pharmaceuticals, Biotechnology",GAAP,Dec,EPS,CY2026,10.01,10.299,+2.9%,10.573,+2.7%,10.546,-0.3%,221.32,21.0,+5.4%,+6.9%,-7.3%,+43.5%
JNJ,Extended,Pharma / Med Devices,Health Care,"Pharmaceuticals, Biotechnology",GAAP,Dec,EPS,CY2027,10.58,10.986,+3.8%,11.393,+3.7%,11.475,+0.7%,221.32,19.3,+8.5%,+6.9%,-7.3%,+43.5%
JNJ,Extended,Pharma / Med Devices,Health Care,"Pharmaceuticals, Biotechnology",GAAP,Dec,EPS,CY2028,10.83,11.81,+9.0%,12.166,+3.0%,12.559,+3.2%,221.32,17.6,+16.0%,+6.9%,-7.3%,+43.5%
ABT,Extended,Pharma / Med Devices,Health Care,Health Care Equipment & Servic,Adj,Dec,EPS,CY2025,5.153,5.155,+0.0%,5.152,-0.1%,5.152,+0.0%,84.32,16.4,-0.0%,-32.7%,-24.1%,-36.7%
ABT,Extended,Pharma / Med Devices,Health Care,Health Care Equipment & Servic,Adj,Dec,EPS,CY2026,5.676,5.678,+0.0%,5.68,+0.0%,5.478,-3.6%,84.32,15.4,-3.5%,-32.7%,-24.1%,-36.7%
ABT,Extended,Pharma / Med Devices,Health Care,Health Care Equipment & Servic,Adj,Dec,EPS,CY2027,6.269,6.292,+0.4%,6.243,-0.8%,6.065,-2.9%,84.32,13.9,-3.3%,-32.7%,-24.1%,-36.7%
ABT,Extended,Pharma / Med Devices,Health Care,Health Care Equipment & Servic,Adj,Dec,EPS,CY2028,6.871,6.865,-0.1%,6.798,-1.0%,6.736,-0.9%,84.32,12.5,-2.0%,-32.7%,-24.1%,-36.7%
PFE,Extended,Pharma / Med Devices,Health Care,"Pharmaceuticals, Biotechnology",Adj,Dec,EPS,CY2025,3.006,3.135,+4.3%,3.128,-0.2%,3.128,+0.0%,25.68,8.2,+4.1%,+3.1%,-5.1%,+15.3%
PFE,Extended,Pharma / Med Devices,Health Care,"Pharmaceuticals, Biotechnology",Adj,Dec,EPS,CY2026,3.078,3.132,+1.8%,2.964,-5.4%,2.969,+0.2%,25.68,8.6,-3.5%,+3.1%,-5.1%,+15.3%
PFE,Extended,Pharma / Med Devices,Health Care,"Pharmaceuticals, Biotechnology",Adj,Dec,EPS,CY2027,3.072,3.058,-0.5%,2.824,-7.7%,2.846,+0.8%,25.68,9.0,-7.4%,+3.1%,-5.1%,+15.3%
PFE,Extended,Pharma / Med Devices,Health Care,"Pharmaceuticals, Biotechnology",Adj,Dec,EPS,CY2028,2.813,2.737,-2.7%,2.433,-11.1%,2.447,+0.6%,25.68,10.5,-13.0%,+3.1%,-5.1%,+15.3%
GSK,Extended,Pharma / Med Devices,Health Care,"Pharmaceuticals, Biotechnology",Adj,Dec,EPS,CY2025,3.321,3.342,+0.6%,3.401,+1.8%,3.401,+0.0%,50.41,14.8,+2.4%,+2.8%,-14.6%,+37.7%
GSK,Extended,Pharma / Med Devices,Health Care,"Pharmaceuticals, Biotechnology",Adj,Dec,EPS,CY2026,3.681,3.619,-1.7%,3.564,-1.5%,3.603,+1.1%,50.41,14.0,-2.1%,+2.8%,-14.6%,+37.7%
GSK,Extended,Pharma / Med Devices,Health Care,"Pharmaceuticals, Biotechnology",Adj,Dec,EPS,CY2027,3.961,3.923,-1.0%,3.867,-1.4%,3.889,+0.6%,50.41,13.0,-1.8%,+2.8%,-14.6%,+37.7%
GSK,Extended,Pharma / Med Devices,Health Care,"Pharmaceuticals, Biotechnology",Adj,Dec,EPS,CY2028,4.076,4.156,+2.0%,4.125,-0.7%,4.044,-2.0%,50.41,12.5,-0.8%,+2.8%,-14.6%,+37.7%
BHC,Extended,Pharma / Med Devices,Health Care,"Pharmaceuticals, Biotechnology",Adj,Dec,EPS,CY2025,3.866,3.83,-0.9%,3.843,+0.3%,3.843,+0.0%,5.75,1.5,-0.6%,-17.3%,-3.8%,+25.3%
BHC,Extended,Pharma / Med Devices,Health Care,"Pharmaceuticals, Biotechnology",Adj,Dec,EPS,CY2026,4.286,4.138,-3.5%,4.181,+1.0%,4.285,+2.5%,5.75,1.3,-0.0%,-17.3%,-3.8%,+25.3%
BHC,Extended,Pharma / Med Devices,Health Care,"Pharmaceuticals, Biotechnology",Adj,Dec,EPS,CY2027,4.357,3.738,-14.2%,3.918,+4.8%,4.123,+5.2%,5.75,1.4,-5.4%,-17.3%,-3.8%,+25.3%
BHC,Extended,Pharma / Med Devices,Health Care,"Pharmaceuticals, Biotechnology",Adj,Dec,EPS,CY2028,3.69,3.457,-6.3%,3.313,-4.2%,3.1,-6.4%,5.75,1.9,-16.0%,-17.3%,-3.8%,+25.3%
TEVA,Extended,Pharma / Med Devices,Health Care,"Pharmaceuticals, Biotechnology",Adj,Dec,EPS,CY2025,2.567,2.63,+2.5%,2.607,-0.9%,2.607,+0.0%,35.73,13.7,+1.6%,+14.5%,+3.7%,+111.0%
TEVA,Extended,Pharma / Med Devices,Health Care,"Pharmaceuticals, Biotechnology",Adj,Dec,EPS,CY2026,2.763,2.794,+1.1%,2.689,-3.8%,2.365,-12.0%,35.73,15.1,-14.4%,+14.5%,+3.7%,+111.0%
TEVA,Extended,Pharma / Med Devices,Health Care,"Pharmaceuticals, Biotechnology",Adj,Dec,EPS,CY2027,3.049,3.186,+4.5%,3.08,-3.3%,3.094,+0.5%,35.73,11.5,+1.5%,+14.5%,+3.7%,+111.0%
TEVA,Extended,Pharma / Med Devices,Health Care,"Pharmaceuticals, Biotechnology",Adj,Dec,EPS,CY2028,3.405,3.398,-0.2%,3.427,+0.9%,3.457,+0.9%,35.73,10.3,+1.5%,+14.5%,+3.7%,+111.0%
BMY,Extended,Pharma / Med Devices,Health Care,"Pharmaceuticals, Biotechnology",Adj,Dec,EPS,CY2025,6.85,6.532,-4.6%,6.016,-7.9%,6.016,+0.0%,56.16,9.3,-12.2%,+4.1%,-7.6%,+20.9%
BMY,Extended,Pharma / Med Devices,Health Care,"Pharmaceuticals, Biotechnology",Adj,Dec,EPS,CY2026,6.088,6.024,-1.1%,6.139,+1.9%,6.302,+2.7%,56.16,8.9,+3.5%,+4.1%,-7.6%,+20.9%
BMY,Extended,Pharma / Med Devices,Health Care,"Pharmaceuticals, Biotechnology",Adj,Dec,EPS,CY2027,5.946,5.809,-2.3%,6.017,+3.6%,6.145,+2.1%,56.16,9.1,+3.3%,+4.1%,-7.6%,+20.9%
BMY,Extended,Pharma / Med Devices,Health Care,"Pharmaceuticals, Biotechnology",Adj,Dec,EPS,CY2028,5.568,5.458,-2.0%,5.379,-1.4%,5.376,-0.1%,56.16,10.4,-3.4%,+4.1%,-7.6%,+20.9%
ALGN,Extended,Pharma / Med Devices,Health Care,Health Care Equipment & Servic,Adj,Dec,EPS,CY2025,10.29,10.175,-1.1%,10.185,+0.1%,10.185,+0.0%,168.78,16.6,-1.0%,+8.1%,-12.3%,-7.2%
ALGN,Extended,Pharma / Med Devices,Health Care,Health Care Equipment & Servic,Adj,Dec,EPS,CY2026,11.224,10.897,-2.9%,11.241,+3.2%,11.363,+1.1%,168.78,14.9,+1.2%,+8.1%,-12.3%,-7.2%
ALGN,Extended,Pharma / Med Devices,Health Care,Health Care Equipment & Servic,Adj,Dec,EPS,CY2027,12.47,11.86,-4.9%,12.191,+2.8%,12.343,+1.2%,168.78,13.7,-1.0%,+8.1%,-12.3%,-7.2%
ALGN,Extended,Pharma / Med Devices,Health Care,Health Care Equipment & Servic,Adj,Dec,EPS,CY2028,13.795,12.895,-6.5%,13.275,+2.9%,13.591,+2.4%,168.78,12.4,-1.5%,+8.1%,-12.3%,-7.2%
ZBH,Extended,Pharma / Med Devices,Health Care,Health Care Equipment & Servic,Adj,Dec,EPS,CY2025,8.002,8.171,+2.1%,8.173,+0.0%,8.173,+0.0%,82.33,10.1,+2.1%,-8.4%,-8.2%,-13.5%
ZBH,Extended,Pharma / Med Devices,Health Care,Health Care Equipment & Servic,Adj,Dec,EPS,CY2026,8.388,8.516,+1.5%,8.469,-0.6%,8.48,+0.1%,82.33,9.7,+1.1%,-8.4%,-8.2%,-13.5%
ZBH,Extended,Pharma / Med Devices,Health Care,Health Care Equipment & Servic,Adj,Dec,EPS,CY2027,9.064,9.121,+0.6%,8.95,-1.9%,8.995,+0.5%,82.33,9.2,-0.8%,-8.4%,-8.2%,-13.5%
ZBH,Extended,Pharma / Med Devices,Health Care,Health Care Equipment & Servic,Adj,Dec,EPS,CY2028,9.723,9.735,+0.1%,9.687,-0.5%,9.576,-1.1%,82.33,8.6,-1.5%,-8.4%,-8.2%,-13.5%
XRAY,Extended,Pharma / Med Devices,Health Care,Health Care Equipment & Servic,Adj,Dec,EPS,CY2025,1.861,1.605,-13.8%,1.601,-0.2%,1.601,+0.0%,11.0,6.9,-14.0%,-3.8%,-19.7%,-30.4%
XRAY,Extended,Pharma / Med Devices,Health Care,Health Care Equipment & Servic,Adj,Dec,EPS,CY2026,2.038,1.651,-19.0%,1.482,-10.2%,1.42,-4.2%,11.0,7.7,-30.3%,-3.8%,-19.7%,-30.4%
XRAY,Extended,Pharma / Med Devices,Health Care,Health Care Equipment & Servic,Adj,Dec,EPS,CY2027,2.243,1.823,-18.7%,1.678,-8.0%,1.545,-7.9%,11.0,7.1,-31.1%,-3.8%,-19.7%,-30.4%
XRAY,Extended,Pharma / Med Devices,Health Care,Health Care Equipment & Servic,Adj,Dec,EPS,CY2028,2.418,1.94,-19.8%,1.803,-7.1%,1.715,-4.9%,11.0,6.4,-29.1%,-3.8%,-19.7%,-30.4%
SYK,Extended,Pharma / Med Devices,Health Care,Health Care Equipment & Servic,Adj,Dec,EPS,CY2025,13.341,13.551,+1.6%,13.558,+0.1%,13.558,+0.0%,285.47,21.1,+1.6%,-18.8%,-19.8%,-25.1%
SYK,Extended,Pharma / Med Devices,Health Care,Health Care Equipment & Servic,Adj,Dec,EPS,CY2026,14.804,14.949,+1.0%,15.014,+0.4%,14.98,-0.2%,285.47,19.1,+1.2%,-18.8%,-19.8%,-25.1%
SYK,Extended,Pharma / Med Devices,Health Care,Health Care Equipment & Servic,Adj,Dec,EPS,CY2027,16.581,16.726,+0.9%,16.742,+0.1%,16.748,+0.0%,285.47,17.0,+1.0%,-18.8%,-19.8%,-25.1%
SYK,Extended,Pharma / Med Devices,Health Care,Health Care Equipment & Servic,Adj,Dec,EPS,CY2028,18.111,18.358,+1.4%,18.606,+1.4%,18.634,+0.2%,285.47,15.3,+2.9%,-18.8%,-19.8%,-25.1%
GILD,Extended,Pharma / Med Devices,Health Care,"Pharmaceuticals, Biotechnology",Adj,Dec,EPS,CY2025,7.982,8.159,+2.2%,8.079,-1.0%,8.089,+0.1%,131.33,16.2,+1.3%,+7.0%,-13.4%,+35.5%
GILD,Extended,Pharma / Med Devices,Health Care,"Pharmaceuticals, Biotechnology",Adj,Dec,EPS,CY2026,8.429,8.67,+2.9%,8.759,+1.0%,8.524,-2.7%,131.33,15.4,+1.1%,+7.0%,-13.4%,+35.5%
GILD,Extended,Pharma / Med Devices,Health Care,"Pharmaceuticals, Biotechnology",Adj,Dec,EPS,CY2027,9.016,9.391,+4.2%,9.449,+0.6%,9.617,+1.8%,131.33,13.7,+6.7%,+7.0%,-13.4%,+35.5%
GILD,Extended,Pharma / Med Devices,Health Care,"Pharmaceuticals, Biotechnology",Adj,Dec,EPS,CY2028,9.579,10.221,+6.7%,10.208,-0.1%,10.471,+2.6%,131.33,12.5,+9.3%,+7.0%,-13.4%,+35.5%
GRF,Extended,Pharma / Med Devices,Health Care,"Pharmaceuticals, Biotechnology",Adj,Dec,EPS,CY2025,0.751,0.769,+2.4%,0.72,-6.4%,0.736,+2.2%,8.94,12.1,-2.0%,-16.4%,-19.2%,+10.0%
GRF,Extended,Pharma / Med Devices,Health Care,"Pharmaceuticals, Biotechnology",Adj,Dec,EPS,CY2026,1.018,0.955,-6.2%,0.905,-5.2%,0.845,-6.6%,8.94,10.6,-17.0%,-16.4%,-19.2%,+10.0%
GRF,Extended,Pharma / Med Devices,Health Care,"Pharmaceuticals, Biotechnology",Adj,Dec,EPS,CY2027,1.254,1.227,-2.2%,1.179,-3.9%,1.118,-5.2%,8.94,8.0,-10.8%,-16.4%,-19.2%,+10.0%
GRF,Extended,Pharma / Med Devices,Health Care,"Pharmaceuticals, Biotechnology",Adj,Dec,EPS,CY2028,1.48,1.518,+2.6%,1.354,-10.8%,1.442,+6.5%,8.94,6.2,-2.6%,-16.4%,-19.2%,+10.0%
CSL,Extended,Pharma / Med Devices,Health Care,"Pharmaceuticals, Biotechnology",Adj,Jun,EPS,CY2025,6.497,6.534,+0.6%,6.534,+0.0%,6.534,+0.0%,119.88,18.3,+0.6%,-30.6%,-33.5%,-49.9%
CSL,Extended,Pharma / Med Devices,Health Care,"Pharmaceuticals, Biotechnology",Adj,Jun,EPS,CY2026,7.346,6.985,-4.9%,6.981,-0.1%,6.906,-1.1%,119.88,17.4,-6.0%,-30.6%,-33.5%,-49.9%
CSL,Extended,Pharma / Med Devices,Health Care,"Pharmaceuticals, Biotechnology",Adj,Jun,EPS,CY2027,8.468,7.623,-10.0%,7.577,-0.6%,7.36,-2.9%,119.88,16.3,-13.1%,-30.6%,-33.5%,-49.9%
CSL,Extended,Pharma / Med Devices,Health Care,"Pharmaceuticals, Biotechnology",Adj,Jun,EPS,CY2028,9.46,8.374,-11.5%,8.292,-1.0%,7.891,-4.8%,119.88,15.2,-16.6%,-30.6%,-33.5%,-49.9%
PRGO,Extended,Pharma / Med Devices,Health Care,"Pharmaceuticals, Biotechnology",Adj,Dec,EPS,CY2025,3.013,2.818,-6.5%,2.778,-1.4%,2.773,-0.2%,11.71,4.2,-8.0%,-15.9%,-18.2%,-56.6%
PRGO,Extended,Pharma / Med Devices,Health Care,"Pharmaceuticals, Biotechnology",Adj,Dec,EPS,CY2026,3.262,2.924,-10.4%,2.64,-9.7%,2.108,-20.2%,11.71,5.6,-35.4%,-15.9%,-18.2%,-56.6%
PRGO,Extended,Pharma / Med Devices,Health Care,"Pharmaceuticals, Biotechnology",Adj,Dec,EPS,CY2027,3.5,3.063,-12.5%,2.82,-7.9%,2.387,-15.4%,11.71,4.9,-31.8%,-15.9%,-18.2%,-56.6%
PRGO,Extended,Pharma / Med Devices,Health Care,"Pharmaceuticals, Biotechnology",Adj,Dec,EPS,CY2028,3.76,3.38,-10.1%,2.953,-12.6%,2.78,-5.9%,11.71,4.2,-26.1%,-15.9%,-18.2%,-56.6%
DXCM,Extended,Pharma / Med Devices,Health Care,Health Care Equipment & Servic,Adj,Dec,EPS,CY2025,2.036,2.067,+1.5%,2.07,+0.1%,2.07,+0.0%,60.61,29.3,+1.7%,-8.7%,-13.6%,-28.4%
DXCM,Extended,Pharma / Med Devices,Health Care,Health Care Equipment & Servic,Adj,Dec,EPS,CY2026,2.477,2.462,-0.6%,2.466,+0.2%,2.567,+4.1%,60.61,23.6,+3.6%,-8.7%,-13.6%,-28.4%
DXCM,Extended,Pharma / Med Devices,Health Care,Health Care Equipment & Servic,Adj,Dec,EPS,CY2027,3.009,2.94,-2.3%,2.97,+1.0%,3.035,+2.2%,60.61,20.0,+0.9%,-8.7%,-13.6%,-28.4%
DXCM,Extended,Pharma / Med Devices,Health Care,Health Care Equipment & Servic,Adj,Dec,EPS,CY2028,3.58,3.533,-1.3%,3.578,+1.3%,3.597,+0.5%,60.61,16.9,+0.5%,-8.7%,-13.6%,-28.4%
PODD,Extended,Pharma / Med Devices,Health Care,Health Care Equipment & Servic,Adj,Dec,EPS,CY2025,4.249,4.761,+12.0%,4.77,+0.2%,4.77,+0.0%,154.16,32.3,+12.3%,-45.8%,-37.2%,-50.4%
PODD,Extended,Pharma / Med Devices,Health Care,Health Care Equipment & Servic,Adj,Dec,EPS,CY2026,5.325,6.11,+14.7%,6.183,+1.2%,6.453,+4.4%,154.16,23.9,+21.2%,-45.8%,-37.2%,-50.4%
PODD,Extended,Pharma / Med Devices,Health Care,Health Care Equipment & Servic,Adj,Dec,EPS,CY2027,6.49,7.657,+18.0%,7.749,+1.2%,8.095,+4.5%,154.16,19.0,+24.7%,-45.8%,-37.2%,-50.4%
PODD,Extended,Pharma / Med Devices,Health Care,Health Care Equipment & Servic,Adj,Dec,EPS,CY2028,7.554,9.152,+21.2%,9.746,+6.5%,10.122,+3.9%,154.16,15.2,+34.0%,-45.8%,-37.2%,-50.4%
MASI,Extended,Pharma / Med Devices,Health Care,Health Care Equipment & Servic,Adj,Dec,EPS,CY2025,5.012,5.483,+9.4%,5.512,+0.5%,5.33,-3.3%,178.31,33.5,+6.3%,+37.1%,+32.3%,+13.9%
MASI,Extended,Pharma / Med Devices,Health Care,Health Care Equipment & Servic,Adj,Dec,EPS,CY2026,5.464,5.814,+6.4%,5.897,+1.4%,5.857,-0.7%,178.31,30.4,+7.2%,+37.1%,+32.3%,+13.9%
MASI,Extended,Pharma / Med Devices,Health Care,Health Care Equipment & Servic,Adj,Dec,EPS,CY2027,6.238,6.351,+1.8%,6.523,+2.7%,6.527,+0.1%,178.31,27.3,+4.6%,+37.1%,+32.3%,+13.9%
MASI,Extended,Pharma / Med Devices,Health Care,Health Care Equipment & Servic,Adj,Dec,EPS,CY2028,6.68,6.985,+4.6%,7.395,+5.9%,7.93,+7.2%,178.31,22.5,+18.7%,+37.1%,+32.3%,+13.9%
UTHR,Extended,Pharma / Med Devices,Health Care,"Pharmaceuticals, Biotechnology",Adj,Dec,EPS,CY2025,28.165,27.919,-0.9%,27.994,+0.3%,27.958,-0.1%,564.94,20.2,-0.7%,+15.9%,+19.4%,+87.4%
UTHR,Extended,Pharma / Med Devices,Health Care,"Pharmaceuticals, Biotechnology",Adj,Dec,EPS,CY2026,28.771,29.195,+1.5%,29.39,+0.7%,29.296,-0.3%,564.94,19.3,+1.8%,+15.9%,+19.4%,+87.4%
UTHR,Extended,Pharma / Med Devices,Health Care,"Pharmaceuticals, Biotechnology",Adj,Dec,EPS,CY2027,29.541,30.619,+3.6%,31.575,+3.1%,33.598,+6.4%,564.94,16.8,+13.7%,+15.9%,+19.4%,+87.4%
UTHR,Extended,Pharma / Med Devices,Health Care,"Pharmaceuticals, Biotechnology",Adj,Dec,EPS,CY2028,38.993,37.468,-3.9%,37.475,+0.0%,40.752,+8.7%,564.94,13.9,+4.5%,+15.9%,+19.4%,+87.4%
HOLX,Extended,Pharma / Med Devices,Health Care,Health Care Equipment & Servic,Adj,Sep,EPS,CY2025,4.198,4.239,+1.0%,4.239,+0.0%,4.239,+0.0%,76.01,17.9,+1.0%,+2.0%,+1.3%,+33.9%
HOLX,Extended,Pharma / Med Devices,Health Care,Health Care Equipment & Servic,Adj,Sep,EPS,CY2026,4.528,4.531,+0.1%,4.468,-1.4%,4.473,+0.1%,76.01,17.0,-1.2%,+2.0%,+1.3%,+33.9%
HOLX,Extended,Pharma / Med Devices,Health Care,Health Care Equipment & Servic,Adj,Sep,EPS,CY2027,4.959,5.0,+0.8%,4.905,-1.9%,4.86,-0.9%,76.01,15.6,-2.0%,+2.0%,+1.3%,+33.9%
HOLX,Extended,Pharma / Med Devices,Health Care,Health Care Equipment & Servic,Adj,Sep,EPS,CY2028,5.437,5.422,-0.3%,5.373,-0.9%,5.323,-0.9%,76.01,14.3,-2.1%,+2.0%,+1.3%,+33.9%
MDT,Extended,Pharma / Med Devices,Health Care,Health Care Equipment & Servic,Adj,Apr,EPS,CY2025,5.454,5.455,+0.0%,5.455,+0.0%,5.455,+0.0%,76.15,14.0,+0.0%,-20.7%,-25.1%,-8.8%
MDT,Extended,Pharma / Med Devices,Health Care,Health Care Equipment & Servic,Adj,Apr,EPS,CY2026,5.833,5.621,-3.6%,5.646,+0.4%,5.533,-2.0%,76.15,13.8,-5.1%,-20.7%,-25.1%,-8.8%
MDT,Extended,Pharma / Med Devices,Health Care,Health Care Equipment & Servic,Adj,Apr,EPS,CY2027,6.274,6.077,-3.1%,6.132,+0.9%,6.069,-1.0%,76.15,12.5,-3.3%,-20.7%,-25.1%,-8.8%
MDT,Extended,Pharma / Med Devices,Health Care,Health Care Equipment & Servic,Adj,Apr,EPS,CY2028,6.725,6.511,-3.2%,6.551,+0.6%,6.528,-0.4%,76.15,11.7,-2.9%,-20.7%,-25.1%,-8.8%
COO,Extended,Pharma / Med Devices,Health Care,Health Care Equipment & Servic,Adj,Oct,EPS,CY2025,3.986,4.096,+2.8%,4.095,-0.0%,4.095,+0.0%,60.0,14.7,+2.7%,-26.8%,-26.4%,-27.1%
COO,Extended,Pharma / Med Devices,Health Care,Health Care Equipment & Servic,Adj,Oct,EPS,CY2026,4.43,4.403,-0.6%,4.517,+2.6%,4.609,+2.0%,60.0,13.0,+4.0%,-26.8%,-26.4%,-27.1%
COO,Extended,Pharma / Med Devices,Health Care,Health Care Equipment & Servic,Adj,Oct,EPS,CY2027,4.912,4.814,-2.0%,4.946,+2.7%,5.019,+1.5%,60.0,12.0,+2.2%,-26.8%,-26.4%,-27.1%
COO,Extended,Pharma / Med Devices,Health Care,Health Care Equipment & Servic,Adj,Oct,EPS,CY2028,5.406,5.344,-1.1%,5.42,+1.4%,5.463,+0.8%,60.0,11.0,+1.1%,-26.8%,-26.4%,-27.1%
ELAN,Extended,Pharma / Med Devices,Health Care,"Pharmaceuticals, Biotechnology",Adj,Dec,EPS,CY2025,0.828,0.916,+10.6%,0.862,-5.9%,0.862,+0.0%,23.65,27.4,+4.1%,+4.5%,-4.8%,+97.7%
ELAN,Extended,Pharma / Med Devices,Health Care,"Pharmaceuticals, Biotechnology",Adj,Dec,EPS,CY2026,0.959,1.023,+6.7%,1.029,+0.6%,0.993,-3.5%,23.65,23.8,+3.5%,+4.5%,-4.8%,+97.7%
ELAN,Extended,Pharma / Med Devices,Health Care,"Pharmaceuticals, Biotechnology",Adj,Dec,EPS,CY2027,1.085,1.153,+6.3%,1.069,-7.3%,1.09,+2.0%,23.65,21.7,+0.5%,+4.5%,-4.8%,+97.7%
ELAN,Extended,Pharma / Med Devices,Health Care,"Pharmaceuticals, Biotechnology",Adj,Dec,EPS,CY2028,1.276,1.336,+4.7%,1.205,-9.8%,1.235,+2.5%,23.65,19.1,-3.2%,+4.5%,-4.8%,+97.7%
XOM,Extended,Energy,Energy,Energy,GAAP,Dec,EPS,CY2025,6.722,6.903,+2.7%,6.913,+0.1%,6.913,+0.0%,144.57,20.9,+2.8%,+20.1%,-4.4%,+34.7%
XOM,Extended,Energy,Energy,Energy,GAAP,Dec,EPS,CY2026,7.979,7.479,-6.3%,6.857,-8.3%,10.484,+52.9%,144.57,13.8,+31.4%,+20.1%,-4.4%,+34.7%
XOM,Extended,Energy,Energy,Energy,GAAP,Dec,EPS,CY2027,9.801,9.041,-7.8%,8.39,-7.2%,10.278,+22.5%,144.57,14.1,+4.9%,+20.1%,-4.4%,+34.7%
XOM,Extended,Energy,Energy,Energy,GAAP,Dec,EPS,CY2028,10.578,9.85,-6.9%,9.844,-0.1%,10.895,+10.7%,144.57,13.3,+3.0%,+20.1%,-4.4%,+34.7%
CVX,Extended,Energy,Energy,Energy,GAAP,Dec,EPS,CY2025,8.388,7.27,-13.3%,7.125,-2.0%,7.125,+0.0%,181.62,25.5,-15.1%,+19.2%,-0.5%,+31.1%
CVX,Extended,Energy,Energy,Energy,GAAP,Dec,EPS,CY2026,10.85,7.973,-26.5%,6.747,-15.4%,13.596,+101.5%,181.62,13.4,+25.3%,+19.2%,-0.5%,+31.1%
CVX,Extended,Energy,Energy,Energy,GAAP,Dec,EPS,CY2027,12.706,10.153,-20.1%,9.196,-9.4%,12.303,+33.8%,181.62,14.8,-3.2%,+19.2%,-0.5%,+31.1%
CVX,Extended,Energy,Energy,Energy,GAAP,Dec,EPS,CY2028,13.736,10.745,-21.8%,10.881,+1.3%,12.731,+17.0%,181.62,14.3,-7.3%,+19.2%,-0.5%,+31.1%
PSX,Extended,Energy,Energy,Energy,Adj,Dec,EPS,CY2025,4.503,6.092,+35.3%,6.149,+0.9%,6.149,+0.0%,171.56,27.9,+36.6%,+33.0%,+8.9%,+54.7%
PSX,Extended,Energy,Energy,Energy,Adj,Dec,EPS,CY2026,10.289,11.488,+11.7%,11.05,-3.8%,15.285,+38.3%,171.56,11.2,+48.6%,+33.0%,+8.9%,+54.7%
PSX,Extended,Energy,Energy,Energy,Adj,Dec,EPS,CY2027,11.536,12.368,+7.2%,12.282,-0.7%,15.668,+27.6%,171.56,10.9,+35.8%,+33.0%,+8.9%,+54.7%
PSX,Extended,Energy,Energy,Energy,Adj,Dec,EPS,CY2028,12.708,13.555,+6.7%,12.508,-7.7%,14.898,+19.1%,171.56,11.5,+17.2%,+33.0%,+8.9%,+54.7%
VLO,Extended,Energy,Energy,Energy,Adj,Dec,EPS,CY2025,6.211,9.462,+52.3%,10.083,+6.6%,10.083,+0.0%,241.06,23.9,+62.3%,+48.1%,+19.7%,+96.1%
VLO,Extended,Energy,Energy,Energy,Adj,Dec,EPS,CY2026,10.41,11.72,+12.6%,12.447,+6.2%,24.597,+97.6%,241.06,9.8,+136.3%,+48.1%,+19.7%,+96.1%
VLO,Extended,Energy,Energy,Energy,Adj,Dec,EPS,CY2027,12.634,12.346,-2.3%,12.494,+1.2%,19.07,+52.6%,241.06,12.6,+50.9%,+48.1%,+19.7%,+96.1%
VLO,Extended,Energy,Energy,Energy,Adj,Dec,EPS,CY2028,14.947,12.57,-15.9%,13.264,+5.5%,16.435,+23.9%,241.06,14.7,+10.0%,+48.1%,+19.7%,+96.1%
MPC,Extended,Energy,Energy,Energy,Adj,Dec,EPS,CY2025,7.24,10.075,+39.2%,9.713,-3.6%,9.713,+0.0%,244.87,25.2,+34.2%,+50.6%,+19.9%,+62.3%
MPC,Extended,Energy,Energy,Energy,Adj,Dec,EPS,CY2026,11.655,13.074,+12.2%,12.762,-2.4%,25.916,+103.1%,244.87,9.4,+122.4%,+50.6%,+19.9%,+62.3%
MPC,Extended,Energy,Energy,Energy,Adj,Dec,EPS,CY2027,13.068,13.007,-0.5%,13.738,+5.6%,20.885,+52.0%,244.87,11.7,+59.8%,+50.6%,+19.9%,+62.3%
MPC,Extended,Energy,Energy,Energy,Adj,Dec,EPS,CY2028,14.21,14.645,+3.1%,13.58,-7.3%,18.582,+36.8%,244.87,13.2,+30.8%,+50.6%,+19.9%,+62.3%
KMI,Extended,Energy,Energy,Energy,Adj,Dec,EPS,CY2025,1.262,1.281,+1.5%,1.276,-0.4%,1.276,+0.0%,31.41,24.6,+1.1%,+14.3%,+1.4%,+15.0%
KMI,Extended,Energy,Energy,Energy,Adj,Dec,EPS,CY2026,1.339,1.354,+1.1%,1.356,+0.1%,1.426,+5.2%,31.41,22.0,+6.5%,+14.3%,+1.4%,+15.0%
KMI,Extended,Energy,Energy,Energy,Adj,Dec,EPS,CY2027,1.437,1.462,+1.7%,1.458,-0.3%,1.476,+1.2%,31.41,21.3,+2.7%,+14.3%,+1.4%,+15.0%
KMI,Extended,Energy,Energy,Energy,Adj,Dec,EPS,CY2028,1.686,1.585,-6.0%,1.518,-4.2%,1.6,+5.4%,31.41,19.6,-5.1%,+14.3%,+1.4%,+15.0%
HAL,Extended,Energy,Energy,Energy,Adj,Dec,EPS,CY2025,2.386,2.265,-5.1%,2.265,+0.0%,2.265,+0.0%,39.83,17.6,-5.1%,+40.9%,+14.1%,+95.6%
HAL,Extended,Energy,Energy,Energy,Adj,Dec,EPS,CY2026,2.686,2.23,-17.0%,2.241,+0.5%,2.338,+4.3%,39.83,17.0,-13.0%,+40.9%,+14.1%,+95.6%
HAL,Extended,Energy,Energy,Energy,Adj,Dec,EPS,CY2027,3.004,2.63,-12.5%,2.69,+2.3%,2.866,+6.5%,39.83,13.9,-4.6%,+40.9%,+14.1%,+95.6%
HAL,Extended,Energy,Energy,Energy,Adj,Dec,EPS,CY2028,3.28,3.043,-7.2%,3.19,+4.8%,3.303,+3.5%,39.83,12.1,+0.7%,+40.9%,+14.1%,+95.6%
LNG,Extended,Energy,Energy,Energy,Adj,Dec,EPS,CY2025,11.806,16.155,+36.8%,17.568,+8.7%,17.54,-0.2%,240.11,13.7,+48.6%,+23.5%,+11.3%,+2.7%
LNG,Extended,Energy,Energy,Energy,Adj,Dec,EPS,CY2026,14.312,14.679,+2.6%,14.185,-3.4%,14.977,+5.6%,240.11,16.0,+4.6%,+23.5%,+11.3%,+2.7%
LNG,Extended,Energy,Energy,Energy,Adj,Dec,EPS,CY2027,14.541,14.597,+0.4%,13.739,-5.9%,16.625,+21.0%,240.11,14.4,+14.3%,+23.5%,+11.3%,+2.7%
LNG,Extended,Energy,Energy,Energy,Adj,Dec,EPS,CY2028,15.133,15.226,+0.6%,14.911,-2.1%,15.515,+4.1%,240.11,15.5,+2.5%,+23.5%,+11.3%,+2.7%
OII,Extended,Energy,Energy,Energy,Adj,Dec,EPS,CY2025,1.677,1.877,+11.9%,1.743,-7.1%,1.743,+0.0%,36.54,21.0,+3.9%,+52.1%,+10.2%,+91.7%
OII,Extended,Energy,Energy,Energy,Adj,Dec,EPS,CY2026,1.728,1.863,+7.8%,1.73,-7.1%,1.828,+5.7%,36.54,20.0,+5.8%,+52.1%,+10.2%,+91.7%
OII,Extended,Energy,Energy,Energy,Adj,Dec,EPS,CY2027,1.902,2.117,+11.3%,2.045,-3.4%,2.18,+6.6%,36.54,16.8,+14.6%,+52.1%,+10.2%,+91.7%
OII,Extended,Energy,Energy,Energy,Adj,Dec,EPS,CY2028,2.41,2.56,+6.2%,2.58,+0.8%,2.667,+3.4%,36.54,13.7,+10.7%,+52.1%,+10.2%,+91.7%
NOV,Extended,Energy,Energy,Energy,Adj,Dec,EPS,CY2025,1.204,0.972,-19.3%,0.937,-3.6%,0.937,+0.0%,19.25,20.5,-22.2%,+23.2%,+1.5%,+56.9%
NOV,Extended,Energy,Energy,Energy,Adj,Dec,EPS,CY2026,1.392,1.109,-20.3%,1.093,-1.4%,0.82,-25.0%,19.25,23.5,-41.1%,+23.2%,+1.5%,+56.9%
NOV,Extended,Energy,Energy,Energy,Adj,Dec,EPS,CY2027,1.546,1.328,-14.1%,1.31,-1.4%,1.291,-1.5%,19.25,14.9,-16.5%,+23.2%,+1.5%,+56.9%
NOV,Extended,Energy,Energy,Energy,Adj,Dec,EPS,CY2028,1.612,1.493,-7.4%,1.578,+5.7%,1.513,-4.1%,19.25,12.7,-6.1%,+23.2%,+1.5%,+56.9%
AR,Extended,Energy,Energy,Energy,Adj,Dec,EPS,CY2025,3.16,1.832,-42.0%,1.806,-1.4%,1.809,+0.2%,35.94,19.9,-42.8%,+4.3%,+5.0%,-7.2%
AR,Extended,Energy,Energy,Energy,Adj,Dec,EPS,CY2026,3.899,3.124,-19.9%,3.402,+8.9%,4.38,+28.7%,35.94,8.2,+12.3%,+4.3%,+5.0%,-7.2%
AR,Extended,Energy,Energy,Energy,Adj,Dec,EPS,CY2027,3.742,3.616,-3.4%,4.03,+11.4%,4.666,+15.8%,35.94,7.7,+24.7%,+4.3%,+5.0%,-7.2%
AR,Extended,Energy,Energy,Energy,Adj,Dec,EPS,CY2028,3.579,3.29,-8.1%,4.474,+36.0%,5.193,+16.1%,35.94,6.9,+45.1%,+4.3%,+5.0%,-7.2%
SLB,Extended,Energy,Energy,Energy,Adj,Dec,EPS,CY2025,3.171,2.869,-9.5%,2.866,-0.1%,2.866,+0.0%,53.27,18.6,-9.6%,+38.8%,+5.4%,+54.2%
SLB,Extended,Energy,Energy,Energy,Adj,Dec,EPS,CY2026,3.43,2.956,-13.8%,2.894,-2.1%,2.615,-9.6%,53.27,20.4,-23.8%,+38.8%,+5.4%,+54.2%
SLB,Extended,Energy,Energy,Energy,Adj,Dec,EPS,CY2027,3.815,3.365,-11.8%,3.334,-0.9%,3.34,+0.2%,53.27,15.9,-12.5%,+38.8%,+5.4%,+54.2%
SLB,Extended,Energy,Energy,Energy,Adj,Dec,EPS,CY2028,4.13,3.742,-9.4%,3.744,+0.1%,3.863,+3.2%,53.27,13.8,-6.5%,+38.8%,+5.4%,+54.2%
CLB,Extended,Energy,Energy,Energy,Adj,Dec,EPS,CY2025,0.783,0.803,+2.6%,0.813,+1.2%,0.813,+0.0%,13.13,16.2,+3.8%,-18.1%,-30.8%,+13.1%
CLB,Extended,Energy,Energy,Energy,Adj,Dec,EPS,CY2026,0.941,0.837,-11.1%,0.78,-6.8%,0.64,-17.9%,13.13,20.5,-32.0%,-18.1%,-30.8%,+13.1%
CLB,Extended,Energy,Energy,Energy,Adj,Dec,EPS,CY2027,1.18,1.04,-11.9%,0.86,-17.3%,0.848,-1.4%,13.13,15.5,-28.1%,-18.1%,-30.8%,+13.1%
CLB,Extended,Energy,Energy,Energy,Adj,Dec,EPS,CY2028,,,,,,,,13.13,,,-18.1%,-30.8%,+13.1%
KO,Extended,Cons. staples,Consumer Staples,"Food, Beverage & Tobacco",GAAP,Dec,EPS,CY2025,2.967,2.989,+0.7%,2.99,+0.0%,2.99,+0.0%,78.42,26.2,+0.8%,+12.2%,+0.6%,+11.2%
KO,Extended,Cons. staples,Consumer Staples,"Food, Beverage & Tobacco",GAAP,Dec,EPS,CY2026,3.197,3.224,+0.8%,3.227,+0.1%,3.271,+1.4%,78.42,24.0,+2.3%,+12.2%,+0.6%,+11.2%
KO,Extended,Cons. staples,Consumer Staples,"Food, Beverage & Tobacco",GAAP,Dec,EPS,CY2027,3.444,3.454,+0.3%,3.441,-0.4%,3.481,+1.2%,78.42,22.5,+1.1%,+12.2%,+0.6%,+11.2%
KO,Extended,Cons. staples,Consumer Staples,"Food, Beverage & Tobacco",GAAP,Dec,EPS,CY2028,3.67,3.7,+0.8%,3.703,+0.1%,3.701,-0.1%,78.42,21.2,+0.8%,+12.2%,+0.6%,+11.2%
PEP,Extended,Cons. staples,Consumer Staples,"Food, Beverage & Tobacco",GAAP,Dec,EPS,CY2025,7.536,6.237,-17.2%,6.297,+1.0%,6.297,+0.0%,154.62,24.6,-16.4%,+7.7%,-7.1%,+18.5%
PEP,Extended,Cons. staples,Consumer Staples,"Food, Beverage & Tobacco",GAAP,Dec,EPS,CY2026,8.005,8.225,+2.7%,8.382,+1.9%,8.38,-0.0%,154.62,18.5,+4.7%,+7.7%,-7.1%,+18.5%
PEP,Extended,Cons. staples,Consumer Staples,"Food, Beverage & Tobacco",GAAP,Dec,EPS,CY2027,8.463,8.548,+1.0%,8.869,+3.8%,8.876,+0.1%,154.62,17.4,+4.9%,+7.7%,-7.1%,+18.5%
PEP,Extended,Cons. staples,Consumer Staples,"Food, Beverage & Tobacco",GAAP,Dec,EPS,CY2028,8.985,9.145,+1.8%,9.36,+2.4%,9.33,-0.3%,154.62,16.6,+3.8%,+7.7%,-7.1%,+18.5%
ABI,Extended,Cons. staples,Consumer Staples,"Food, Beverage & Tobacco",Adj,Dec,EPS,CY2025,3.688,3.702,+0.4%,3.654,-1.3%,3.672,+0.5%,67.8,18.5,-0.4%,+23.5%,+6.5%,+13.3%
ABI,Extended,Cons. staples,Consumer Staples,"Food, Beverage & Tobacco",Adj,Dec,EPS,CY2026,4.158,4.157,-0.0%,4.152,-0.1%,4.327,+4.2%,67.8,15.7,+4.1%,+23.5%,+6.5%,+13.3%
ABI,Extended,Cons. staples,Consumer Staples,"Food, Beverage & Tobacco",Adj,Dec,EPS,CY2027,4.676,4.701,+0.5%,4.688,-0.3%,4.787,+2.1%,67.8,14.2,+2.4%,+23.5%,+6.5%,+13.3%
ABI,Extended,Cons. staples,Consumer Staples,"Food, Beverage & Tobacco",Adj,Dec,EPS,CY2028,5.516,5.325,-3.5%,5.319,-0.1%,5.309,-0.2%,67.8,12.8,-3.8%,+23.5%,+6.5%,+13.3%
TAP,Extended,Cons. staples,Consumer Staples,"Food, Beverage & Tobacco",Adj,Dec,EPS,CY2025,6.225,5.393,-13.4%,5.379,-0.3%,5.36,-0.4%,42.41,7.9,-13.9%,-9.1%,-16.6%,-22.4%
TAP,Extended,Cons. staples,Consumer Staples,"Food, Beverage & Tobacco",Adj,Dec,EPS,CY2026,6.577,5.572,-15.3%,5.513,-1.1%,4.764,-13.6%,42.41,8.9,-27.6%,-9.1%,-16.6%,-22.4%
TAP,Extended,Cons. staples,Consumer Staples,"Food, Beverage & Tobacco",Adj,Dec,EPS,CY2027,6.935,5.794,-16.5%,5.721,-1.3%,5.029,-12.1%,42.41,8.4,-27.5%,-9.1%,-16.6%,-22.4%
TAP,Extended,Cons. staples,Consumer Staples,"Food, Beverage & Tobacco",Adj,Dec,EPS,CY2028,7.271,6.11,-16.0%,6.081,-0.5%,5.468,-10.1%,42.41,7.8,-24.8%,-9.1%,-16.6%,-22.4%
STZ,Extended,Cons. staples,Consumer Staples,"Food, Beverage & Tobacco",Adj,Feb,EPS,CY2025,12.817,11.537,-10.0%,11.607,+0.6%,11.638,+0.3%,148.21,12.7,-9.2%,+7.4%,-9.4%,-22.0%
STZ,Extended,Cons. staples,Consumer Staples,"Food, Beverage & Tobacco",Adj,Feb,EPS,CY2026,14.107,12.423,-11.9%,12.38,-0.3%,11.842,-4.3%,148.21,12.5,-16.1%,+7.4%,-9.4%,-22.0%
STZ,Extended,Cons. staples,Consumer Staples,"Food, Beverage & Tobacco",Adj,Feb,EPS,CY2027,15.132,13.073,-13.6%,13.019,-0.4%,12.458,-4.3%,148.21,11.9,-17.7%,+7.4%,-9.4%,-22.0%
STZ,Extended,Cons. staples,Consumer Staples,"Food, Beverage & Tobacco",Adj,Feb,EPS,CY2028,17.309,14.052,-18.8%,13.884,-1.2%,13.175,-5.1%,148.21,11.2,-23.9%,+7.4%,-9.4%,-22.0%
MNST,Extended,Cons. staples,Consumer Staples,"Food, Beverage & Tobacco",Adj,Dec,EPS,CY2025,1.849,1.96,+6.0%,1.998,+1.9%,1.998,+0.0%,86.29,43.2,+8.1%,+12.5%,+6.7%,+41.5%
MNST,Extended,Cons. staples,Consumer Staples,"Food, Beverage & Tobacco",Adj,Dec,EPS,CY2026,2.058,2.193,+6.6%,2.266,+3.3%,2.278,+0.5%,86.29,37.9,+10.7%,+12.5%,+6.7%,+41.5%
MNST,Extended,Cons. staples,Consumer Staples,"Food, Beverage & Tobacco",Adj,Dec,EPS,CY2027,2.287,2.434,+6.4%,2.547,+4.6%,2.565,+0.7%,86.29,33.6,+12.2%,+12.5%,+6.7%,+41.5%
MNST,Extended,Cons. staples,Consumer Staples,"Food, Beverage & Tobacco",Adj,Dec,EPS,CY2028,2.593,2.747,+5.9%,2.864,+4.3%,2.923,+2.1%,86.29,29.5,+12.7%,+12.5%,+6.7%,+41.5%
OR,Extended,Cons. staples,Consumer Staples,Household & Personal Products,Adj,Dec,EPS,CY2025,12.825,12.867,+0.3%,12.825,-0.3%,12.862,+0.3%,363.0,28.2,+0.3%,-1.0%,-6.4%,-5.3%
OR,Extended,Cons. staples,Consumer Staples,Household & Personal Products,Adj,Dec,EPS,CY2026,13.868,13.695,-1.2%,13.729,+0.2%,13.691,-0.3%,363.0,26.5,-1.3%,-1.0%,-6.4%,-5.3%
OR,Extended,Cons. staples,Consumer Staples,Household & Personal Products,Adj,Dec,EPS,CY2027,15.001,14.707,-2.0%,14.745,+0.3%,14.835,+0.6%,363.0,24.5,-1.1%,-1.0%,-6.4%,-5.3%
OR,Extended,Cons. staples,Consumer Staples,Household & Personal Products,Adj,Dec,EPS,CY2028,16.052,15.644,-2.5%,15.794,+1.0%,15.959,+1.0%,363.0,22.7,-0.6%,-1.0%,-6.4%,-5.3%
EL,Extended,Cons. staples,Consumer Staples,Household & Personal Products,Adj,Jun,EPS,CY2025,1.47,1.478,+0.5%,1.478,+0.0%,1.478,+0.0%,86.2,58.3,+0.5%,-17.7%,-12.9%,+41.3%
EL,Extended,Cons. staples,Consumer Staples,Household & Personal Products,Adj,Jun,EPS,CY2026,2.186,2.136,-2.3%,2.205,+3.2%,2.386,+8.2%,86.2,36.1,+9.1%,-17.7%,-12.9%,+41.3%
EL,Extended,Cons. staples,Consumer Staples,Household & Personal Products,Adj,Jun,EPS,CY2027,2.965,3.002,+1.2%,2.991,-0.4%,3.153,+5.4%,86.2,27.3,+6.3%,-17.7%,-12.9%,+41.3%
EL,Extended,Cons. staples,Consumer Staples,Household & Personal Products,Adj,Jun,EPS,CY2028,3.676,3.739,+1.7%,3.716,-0.6%,3.833,+3.1%,86.2,22.5,+4.3%,-17.7%,-12.9%,+41.3%
NESN,Extended,Cons. staples,Consumer Staples,"Food, Beverage & Tobacco",Adj,Dec,EPS,CY2025,4.384,4.283,-2.3%,4.29,+0.2%,4.291,+0.0%,77.47,18.1,-2.1%,-1.6%,-1.2%,-11.6%
NESN,Extended,Cons. staples,Consumer Staples,"Food, Beverage & Tobacco",Adj,Dec,EPS,CY2026,4.68,4.507,-3.7%,4.451,-1.2%,4.387,-1.4%,77.47,17.7,-6.3%,-1.6%,-1.2%,-11.6%
NESN,Extended,Cons. staples,Consumer Staples,"Food, Beverage & Tobacco",Adj,Dec,EPS,CY2027,5.017,4.814,-4.0%,4.707,-2.2%,4.672,-0.7%,77.47,16.6,-6.9%,-1.6%,-1.2%,-11.6%
NESN,Extended,Cons. staples,Consumer Staples,"Food, Beverage & Tobacco",Adj,Dec,EPS,CY2028,5.341,5.122,-4.1%,5.055,-1.3%,4.94,-2.3%,77.47,15.7,-7.5%,-1.6%,-1.2%,-11.6%
PG,Extended,Cons. staples,Consumer Staples,Household & Personal Products,GAAP,Jun,EPS,CY2025,6.605,6.431,-2.6%,6.431,+0.0%,6.431,+0.0%,146.42,22.8,-2.6%,+2.2%,-6.9%,-7.1%
PG,Extended,Cons. staples,Consumer Staples,Household & Personal Products,GAAP,Jun,EPS,CY2026,7.005,6.959,-0.7%,6.801,-2.3%,6.755,-0.7%,146.42,21.7,-3.6%,+2.2%,-6.9%,-7.1%
PG,Extended,Cons. staples,Consumer Staples,Household & Personal Products,GAAP,Jun,EPS,CY2027,7.441,7.286,-2.1%,7.168,-1.6%,7.028,-2.0%,146.42,20.8,-5.6%,+2.2%,-6.9%,-7.1%
PG,Extended,Cons. staples,Consumer Staples,Household & Personal Products,GAAP,Jun,EPS,CY2028,7.886,7.67,-2.7%,7.611,-0.8%,7.476,-1.8%,146.42,19.6,-5.2%,+2.2%,-6.9%,-7.1%
UNA,Extended,Cons. staples,Consumer Staples,Household & Personal Products,Adj,Dec,EPS,CY2025,3.41,3.366,-1.3%,3.015,-10.4%,3.009,-0.2%,49.58,16.5,-11.8%,-11.0%,-16.9%,-17.1%
UNA,Extended,Cons. staples,Consumer Staples,Household & Personal Products,Adj,Dec,EPS,CY2026,3.596,3.529,-1.9%,3.172,-10.1%,3.194,+0.7%,49.58,15.5,-11.2%,-11.0%,-16.9%,-17.1%
UNA,Extended,Cons. staples,Consumer Staples,Household & Personal Products,Adj,Dec,EPS,CY2027,3.797,3.737,-1.6%,3.347,-10.4%,3.361,+0.4%,49.58,14.8,-11.5%,-11.0%,-16.9%,-17.1%
UNA,Extended,Cons. staples,Consumer Staples,Household & Personal Products,Adj,Dec,EPS,CY2028,4.103,3.98,-3.0%,3.581,-10.0%,3.541,-1.1%,49.58,14.0,-13.7%,-11.0%,-16.9%,-17.1%
MDLZ,Extended,Cons. staples,Consumer Staples,"Food, Beverage & Tobacco",Adj,Dec,EPS,CY2025,3.016,2.898,-3.9%,2.892,-0.2%,2.892,+0.0%,61.55,21.3,-4.1%,+14.3%,+1.4%,-7.3%
MDLZ,Extended,Cons. staples,Consumer Staples,"Food, Beverage & Tobacco",Adj,Dec,EPS,CY2026,3.317,3.172,-4.4%,3.086,-2.7%,3.055,-1.0%,61.55,20.1,-7.9%,+14.3%,+1.4%,-7.3%
MDLZ,Extended,Cons. staples,Consumer Staples,"Food, Beverage & Tobacco",Adj,Dec,EPS,CY2027,3.639,3.453,-5.1%,3.401,-1.5%,3.395,-0.2%,61.55,18.1,-6.7%,+14.3%,+1.4%,-7.3%
MDLZ,Extended,Cons. staples,Consumer Staples,"Food, Beverage & Tobacco",Adj,Dec,EPS,CY2028,4.056,3.776,-6.9%,3.7,-2.0%,3.683,-0.5%,61.55,16.7,-9.2%,+14.3%,+1.4%,-7.3%
MKC,Extended,Cons. staples,Consumer Staples,"Food, Beverage & Tobacco",Adj,Nov,EPS,CY2025,3.046,3.019,-0.9%,3.018,-0.0%,3.018,+0.0%,48.32,16.0,-0.9%,-29.1%,-28.8%,-36.5%
MKC,Extended,Cons. staples,Consumer Staples,"Food, Beverage & Tobacco",Adj,Nov,EPS,CY2026,3.312,3.198,-3.4%,3.093,-3.3%,3.093,+0.0%,48.32,15.6,-6.6%,-29.1%,-28.8%,-36.5%
MKC,Extended,Cons. staples,Consumer Staples,"Food, Beverage & Tobacco",Adj,Nov,EPS,CY2027,3.6,3.476,-3.4%,3.376,-2.9%,3.353,-0.7%,48.32,14.4,-6.9%,-29.1%,-28.8%,-36.5%
MKC,Extended,Cons. staples,Consumer Staples,"Food, Beverage & Tobacco",Adj,Nov,EPS,CY2028,4.02,3.776,-6.1%,3.707,-1.8%,3.642,-1.8%,48.32,13.3,-9.4%,-29.1%,-28.8%,-36.5%
GIS,Extended,Cons. staples,Consumer Staples,"Food, Beverage & Tobacco",Adj,May,EPS,CY2025,4.191,4.187,-0.1%,4.187,+0.0%,4.187,+0.0%,34.68,8.3,-0.1%,-25.4%,-27.9%,-36.4%
GIS,Extended,Cons. staples,Consumer Staples,"Food, Beverage & Tobacco",Adj,May,EPS,CY2026,4.052,3.651,-9.9%,3.658,+0.2%,3.414,-6.7%,34.68,10.2,-15.7%,-25.4%,-27.9%,-36.4%
GIS,Extended,Cons. staples,Consumer Staples,"Food, Beverage & Tobacco",Adj,May,EPS,CY2027,4.262,3.787,-11.1%,3.729,-1.5%,3.289,-11.8%,34.68,10.5,-22.8%,-25.4%,-27.9%,-36.4%
GIS,Extended,Cons. staples,Consumer Staples,"Food, Beverage & Tobacco",Adj,May,EPS,CY2028,4.672,4.013,-14.1%,3.937,-1.9%,3.436,-12.7%,34.68,10.1,-26.5%,-25.4%,-27.9%,-36.4%
CPB,Extended,Cons. staples,Consumer Staples,"Food, Beverage & Tobacco",Adj,Jul,EPS,CY2025,2.982,2.929,-1.8%,2.929,+0.0%,2.929,+0.0%,20.84,7.1,-1.8%,-25.2%,-28.0%,-41.0%
CPB,Extended,Cons. staples,Consumer Staples,"Food, Beverage & Tobacco",Adj,Jul,EPS,CY2026,3.09,2.475,-19.9%,2.432,-1.7%,2.177,-10.5%,20.84,9.6,-29.5%,-25.2%,-28.0%,-41.0%
CPB,Extended,Cons. staples,Consumer Staples,"Food, Beverage & Tobacco",Adj,Jul,EPS,CY2027,3.302,2.661,-19.4%,2.585,-2.9%,2.183,-15.6%,20.84,9.5,-33.9%,-25.2%,-28.0%,-41.0%
CPB,Extended,Cons. staples,Consumer Staples,"Food, Beverage & Tobacco",Adj,Jul,EPS,CY2028,3.632,2.878,-20.8%,2.793,-3.0%,2.389,-14.5%,20.84,8.7,-34.2%,-25.2%,-28.0%,-41.0%
HSY,Extended,Cons. staples,Consumer Staples,"Food, Beverage & Tobacco",Adj,Dec,EPS,CY2025,5.99,5.982,-0.1%,6.0,+0.3%,6.0,+0.0%,185.94,31.0,+0.2%,+2.2%,-19.3%,+8.8%
HSY,Extended,Cons. staples,Consumer Staples,"Food, Beverage & Tobacco",Adj,Dec,EPS,CY2026,6.386,6.794,+6.4%,8.116,+19.5%,8.49,+4.6%,185.94,21.9,+32.9%,+2.2%,-19.3%,+8.8%
HSY,Extended,Cons. staples,Consumer Staples,"Food, Beverage & Tobacco",Adj,Dec,EPS,CY2027,7.37,7.946,+7.8%,9.63,+21.2%,9.975,+3.6%,185.94,18.6,+35.3%,+2.2%,-19.3%,+8.8%
HSY,Extended,Cons. staples,Consumer Staples,"Food, Beverage & Tobacco",Adj,Dec,EPS,CY2028,8.983,9.125,+1.6%,10.532,+15.4%,10.748,+2.1%,185.94,17.3,+19.6%,+2.2%,-19.3%,+8.8%
ENR,Extended,Cons. staples,Consumer Staples,Household & Personal Products,Adj,Sep,EPS,CY2025,3.395,3.593,+5.8%,3.593,+0.0%,3.593,+0.0%,18.86,5.2,+5.8%,-5.2%,-16.4%,-12.5%
ENR,Extended,Cons. staples,Consumer Staples,Household & Personal Products,Adj,Sep,EPS,CY2026,3.573,3.734,+4.5%,3.399,-9.0%,3.5,+3.0%,18.86,5.4,-2.0%,-5.2%,-16.4%,-12.5%
ENR,Extended,Cons. staples,Consumer Staples,Household & Personal Products,Adj,Sep,EPS,CY2027,3.789,3.999,+5.5%,3.8,-5.0%,3.653,-3.9%,18.86,5.2,-3.6%,-5.2%,-16.4%,-12.5%
ENR,Extended,Cons. staples,Consumer Staples,Household & Personal Products,Adj,Sep,EPS,CY2028,3.96,4.167,+5.2%,3.825,-8.2%,3.854,+0.8%,18.86,4.9,-2.7%,-5.2%,-16.4%,-12.5%
NWL,Extended,Cons. staples,Consumer Discretionary,Consumer Durables & Apparel,Adj,Dec,EPS,CY2025,0.689,0.575,-16.5%,0.576,+0.2%,0.576,+0.0%,4.54,7.9,-16.4%,+22.0%,+0.0%,-13.0%
NWL,Extended,Cons. staples,Consumer Discretionary,Consumer Durables & Apparel,Adj,Dec,EPS,CY2026,0.753,0.598,-20.6%,0.592,-1.0%,0.577,-2.5%,4.54,7.9,-23.4%,+22.0%,+0.0%,-13.0%
NWL,Extended,Cons. staples,Consumer Discretionary,Consumer Durables & Apparel,Adj,Dec,EPS,CY2027,0.84,0.691,-17.7%,0.696,+0.7%,0.674,-3.2%,4.54,6.7,-19.8%,+22.0%,+0.0%,-13.0%
NWL,Extended,Cons. staples,Consumer Discretionary,Consumer Durables & Apparel,Adj,Dec,EPS,CY2028,0.98,0.8,-18.4%,0.89,+11.2%,0.774,-13.0%,4.54,5.9,-21.0%,+22.0%,+0.0%,-13.0%
HRL,Extended,Cons. staples,Consumer Staples,"Food, Beverage & Tobacco",Adj,Oct,EPS,CY2025,1.606,1.379,-14.1%,1.364,-1.1%,1.364,+0.0%,20.44,15.0,-15.1%,-13.8%,-16.3%,-30.0%
HRL,Extended,Cons. staples,Consumer Staples,"Food, Beverage & Tobacco",Adj,Oct,EPS,CY2026,1.776,1.457,-18.0%,1.453,-0.3%,1.449,-0.3%,20.44,14.1,-18.4%,-13.8%,-16.3%,-30.0%
HRL,Extended,Cons. staples,Consumer Staples,"Food, Beverage & Tobacco",Adj,Oct,EPS,CY2027,1.9,1.571,-17.3%,1.565,-0.4%,1.556,-0.6%,20.44,13.1,-18.1%,-13.8%,-16.3%,-30.0%
HRL,Extended,Cons. staples,Consumer Staples,"Food, Beverage & Tobacco",Adj,Oct,EPS,CY2028,2.125,1.793,-15.6%,1.652,-7.9%,1.653,+0.1%,20.44,12.4,-22.2%,-13.8%,-16.3%,-30.0%
HLF,Extended,Cons. staples,Consumer Staples,Household & Personal Products,Adj,Dec,EPS,CY2025,1.99,2.025,+1.8%,2.032,+0.3%,2.032,+0.0%,14.31,7.0,+2.1%,+11.0%,-13.3%,+112.6%
HLF,Extended,Cons. staples,Consumer Staples,Household & Personal Products,Adj,Dec,EPS,CY2026,2.458,2.518,+2.4%,2.576,+2.3%,2.58,+0.2%,14.31,5.5,+5.0%,+11.0%,-13.3%,+112.6%
HLF,Extended,Cons. staples,Consumer Staples,Household & Personal Products,Adj,Dec,EPS,CY2027,3.01,3.11,+3.3%,3.05,-1.9%,3.086,+1.2%,14.31,4.6,+2.5%,+11.0%,-13.3%,+112.6%
HLF,Extended,Cons. staples,Consumer Staples,Household & Personal Products,Adj,Dec,EPS,CY2028,2.75,2.97,+8.0%,3.39,+14.1%,3.515,+3.7%,14.31,4.1,+27.8%,+11.0%,-13.3%,+112.6%
IFF,Extended,Cons. staples,Materials,Materials,Adj,Dec,EPS,CY2025,4.242,4.25,+0.2%,4.245,-0.1%,4.245,+0.0%,81.05,19.1,+0.1%,+20.3%,+7.8%,+10.4%
IFF,Extended,Cons. staples,Materials,Materials,Adj,Dec,EPS,CY2026,4.556,4.479,-1.7%,4.458,-0.5%,4.492,+0.8%,81.05,18.0,-1.4%,+20.3%,+7.8%,+10.4%
IFF,Extended,Cons. staples,Materials,Materials,Adj,Dec,EPS,CY2027,4.885,4.848,-0.8%,4.813,-0.7%,4.871,+1.2%,81.05,16.6,-0.3%,+20.3%,+7.8%,+10.4%
IFF,Extended,Cons. staples,Materials,Materials,Adj,Dec,EPS,CY2028,5.236,5.216,-0.4%,5.151,-1.2%,5.267,+2.3%,81.05,15.4,+0.6%,+20.3%,+7.8%,+10.4%
KHC,Extended,Cons. staples,Consumer Staples,"Food, Beverage & Tobacco",Adj,Dec,EPS,CY2025,2.604,2.543,-2.3%,2.53,-0.5%,2.53,+0.0%,23.96,9.5,-2.8%,-1.2%,-2.5%,-14.6%
KHC,Extended,Cons. staples,Consumer Staples,"Food, Beverage & Tobacco",Adj,Dec,EPS,CY2026,2.693,2.539,-5.7%,2.496,-1.7%,2.062,-17.4%,23.96,11.6,-23.4%,-1.2%,-2.5%,-14.6%
KHC,Extended,Cons. staples,Consumer Staples,"Food, Beverage & Tobacco",Adj,Dec,EPS,CY2027,2.821,2.626,-6.9%,2.563,-2.4%,2.11,-17.7%,23.96,11.4,-25.2%,-1.2%,-2.5%,-14.6%
KHC,Extended,Cons. staples,Consumer Staples,"Food, Beverage & Tobacco",Adj,Dec,EPS,CY2028,3.088,2.875,-6.9%,2.778,-3.4%,2.228,-19.8%,23.96,10.8,-27.8%,-1.2%,-2.5%,-14.6%
BATS,Extended,Cons. staples,Consumer Staples,"Food, Beverage & Tobacco",Adj,Dec,EPS,CY2025,3.474,3.397,-2.2%,3.4,+0.1%,3.395,-0.1%,4267.0,12.6,-2.3%,+1.3%,-4.2%,+36.1%
BATS,Extended,Cons. staples,Consumer Staples,"Food, Beverage & Tobacco",Adj,Dec,EPS,CY2026,3.739,3.617,-3.3%,3.583,-0.9%,3.632,+1.4%,4267.0,11.7,-2.9%,+1.3%,-4.2%,+36.1%
BATS,Extended,Cons. staples,Consumer Staples,"Food, Beverage & Tobacco",Adj,Dec,EPS,CY2027,4.011,3.86,-3.8%,3.831,-0.8%,3.89,+1.5%,4267.0,11.0,-3.0%,+1.3%,-4.2%,+36.1%
BATS,Extended,Cons. staples,Consumer Staples,"Food, Beverage & Tobacco",Adj,Dec,EPS,CY2028,,4.241,,4.179,-1.5%,4.184,+0.1%,4267.0,10.2,,+1.3%,-4.2%,+36.1%
POST,Extended,Cons. staples,Consumer Staples,"Food, Beverage & Tobacco",Adj,Sep,EPS,CY2025,6.364,7.048,+10.7%,7.048,+0.0%,7.048,+0.0%,102.05,14.5,+10.7%,+3.0%,-10.4%,-7.8%
POST,Extended,Cons. staples,Consumer Staples,"Food, Beverage & Tobacco",Adj,Sep,EPS,CY2026,7.318,7.753,+5.9%,7.259,-6.4%,7.453,+2.7%,102.05,13.7,+1.8%,+3.0%,-10.4%,-7.8%
POST,Extended,Cons. staples,Consumer Staples,"Food, Beverage & Tobacco",Adj,Sep,EPS,CY2027,8.013,8.743,+9.1%,8.355,-4.4%,8.265,-1.1%,102.05,12.3,+3.1%,+3.0%,-10.4%,-7.8%
POST,Extended,Cons. staples,Consumer Staples,"Food, Beverage & Tobacco",Adj,Sep,EPS,CY2028,9.525,10.665,+12.0%,9.701,-9.0%,9.769,+0.7%,102.05,10.4,+2.6%,+3.0%,-10.4%,-7.8%
DGE,Extended,Cons. staples,Consumer Staples,"Food, Beverage & Tobacco",Adj,Jun,EPS,CY2025,1.614,1.609,-0.3%,1.609,+0.0%,1.609,+0.0%,1544.0,9.6,-0.3%,-3.7%,-12.0%,-29.1%
DGE,Extended,Cons. staples,Consumer Staples,"Food, Beverage & Tobacco",Adj,Jun,EPS,CY2026,1.71,1.646,-3.7%,1.605,-2.5%,1.606,+0.1%,1544.0,9.6,-6.1%,-3.7%,-12.0%,-29.1%
DGE,Extended,Cons. staples,Consumer Staples,"Food, Beverage & Tobacco",Adj,Jun,EPS,CY2027,1.828,1.744,-4.6%,1.679,-3.7%,1.625,-3.2%,1544.0,9.5,-11.1%,-3.7%,-12.0%,-29.1%
DGE,Extended,Cons. staples,Consumer Staples,"Food, Beverage & Tobacco",Adj,Jun,EPS,CY2028,1.985,1.867,-5.9%,1.796,-3.8%,1.736,-3.3%,1544.0,8.9,-12.5%,-3.7%,-12.0%,-29.1%
SGI,Extended,Bedding / furniture / household goods,Consumer Discretionary,Consumer Durables & Apparel,Adj,Dec,EPS,CY2025,2.624,2.69,+2.5%,2.691,+0.0%,2.693,+0.1%,69.31,25.7,+2.6%,-22.4%,-28.5%,+14.6%
SGI,Extended,Bedding / furniture / household goods,Consumer Discretionary,Consumer Durables & Apparel,Adj,Dec,EPS,CY2026,3.164,3.333,+5.3%,3.339,+0.2%,3.188,-4.5%,69.31,21.7,+0.8%,-22.4%,-28.5%,+14.6%
SGI,Extended,Bedding / furniture / household goods,Consumer Discretionary,Consumer Durables & Apparel,Adj,Dec,EPS,CY2027,3.756,4.034,+7.4%,4.045,+0.3%,3.973,-1.8%,69.31,17.4,+5.8%,-22.4%,-28.5%,+14.6%
SGI,Extended,Bedding / furniture / household goods,Consumer Discretionary,Consumer Durables & Apparel,Adj,Dec,EPS,CY2028,4.27,4.8,+12.4%,4.8,+0.0%,4.895,+2.0%,69.31,14.2,+14.6%,-22.4%,-28.5%,+14.6%
WSM,Extended,Bedding / furniture / household goods,Consumer Discretionary,Consumer Discretionary Distrib,Adj,Jan,EPS,CY2025,8.459,8.613,+1.8%,8.738,+1.5%,8.742,+0.0%,182.1,20.8,+3.3%,+2.0%,-16.3%,+13.6%
WSM,Extended,Bedding / furniture / household goods,Consumer Discretionary,Consumer Discretionary Distrib,Adj,Jan,EPS,CY2026,9.102,9.141,+0.4%,9.181,+0.4%,9.381,+2.2%,182.1,19.4,+3.1%,+2.0%,-16.3%,+13.6%
WSM,Extended,Bedding / furniture / household goods,Consumer Discretionary,Consumer Discretionary Distrib,Adj,Jan,EPS,CY2027,9.796,9.953,+1.6%,9.971,+0.2%,10.139,+1.7%,182.1,18.0,+3.5%,+2.0%,-16.3%,+13.6%
WSM,Extended,Bedding / furniture / household goods,Consumer Discretionary,Consumer Discretionary Distrib,Adj,Jan,EPS,CY2028,10.66,10.908,+2.3%,10.876,-0.3%,11.091,+2.0%,182.1,16.4,+4.0%,+2.0%,-16.3%,+13.6%
RH,Extended,Bedding / furniture / household goods,Consumer Discretionary,Consumer Discretionary Distrib,Adj,Jan,EPS,CY2025,9.864,9.055,-8.2%,7.081,-21.8%,7.069,-0.2%,133.89,18.9,-28.3%,-25.3%,-35.3%,-31.1%
RH,Extended,Bedding / furniture / household goods,Consumer Discretionary,Consumer Discretionary Distrib,Adj,Jan,EPS,CY2026,14.397,12.669,-12.0%,10.548,-16.7%,5.47,-48.1%,133.89,24.5,-62.0%,-25.3%,-35.3%,-31.1%
RH,Extended,Bedding / furniture / household goods,Consumer Discretionary,Consumer Discretionary Distrib,Adj,Jan,EPS,CY2027,18.143,17.306,-4.6%,14.028,-18.9%,9.565,-31.8%,133.89,14.0,-47.3%,-25.3%,-35.3%,-31.1%
RH,Extended,Bedding / furniture / household goods,Consumer Discretionary,Consumer Discretionary Distrib,Adj,Jan,EPS,CY2028,25.23,24.553,-2.7%,20.718,-15.6%,13.597,-34.4%,133.89,9.8,-46.1%,-25.3%,-35.3%,-31.1%
WHR,Extended,Bedding / furniture / household goods,Consumer Discretionary,Consumer Durables & Apparel,Adj,Dec,EPS,CY2025,8.883,6.71,-24.5%,6.664,-0.7%,6.664,+0.0%,44.96,6.7,-25.0%,-37.7%,-48.8%,-43.8%
WHR,Extended,Bedding / furniture / household goods,Consumer Discretionary,Consumer Durables & Apparel,Adj,Dec,EPS,CY2026,10.678,7.176,-32.8%,6.679,-6.9%,4.095,-38.7%,44.96,11.0,-61.7%,-37.7%,-48.8%,-43.8%
WHR,Extended,Bedding / furniture / household goods,Consumer Discretionary,Consumer Durables & Apparel,Adj,Dec,EPS,CY2027,12.858,9.22,-28.3%,8.394,-9.0%,5.576,-33.6%,44.96,8.1,-56.6%,-37.7%,-48.8%,-43.8%
WHR,Extended,Bedding / furniture / household goods,Consumer Discretionary,Consumer Durables & Apparel,Adj,Dec,EPS,CY2028,16.78,16.78,+0.0%,9.3,-44.6%,6.46,-30.5%,44.96,7.0,-61.5%,-37.7%,-48.8%,-43.8%
SNBR,Extended,Bedding / furniture / household goods,Consumer Discretionary,Consumer Discretionary Distrib,Adj,Dec,EPS,CY2025,0.039,-2.887,-7502.6%,-3.763,-30.3%,-3.763,+0.0%,2.85,-0.8,-9748.7%,-66.3%,-74.4%,-64.3%
SNBR,Extended,Bedding / furniture / household goods,Consumer Discretionary,Consumer Discretionary Distrib,Adj,Dec,EPS,CY2026,0.372,-0.65,-274.7%,-0.643,+1.1%,-0.71,-10.4%,2.85,-4.0,-290.9%,-66.3%,-74.4%,-64.3%
SNBR,Extended,Bedding / furniture / household goods,Consumer Discretionary,Consumer Discretionary Distrib,Adj,Dec,EPS,CY2027,0.943,-0.07,-107.4%,0.345,+592.9%,0.341,-1.2%,2.85,8.4,-63.8%,-66.3%,-74.4%,-64.3%
SNBR,Extended,Bedding / furniture / household goods,Consumer Discretionary,Consumer Discretionary Distrib,Adj,Dec,EPS,CY2028,1.28,0.07,-94.5%,0.07,+0.0%,0.57,+714.3%,2.85,5.0,-55.5%,-66.3%,-74.4%,-64.3%
HVT,Extended,Bedding / furniture / household goods,Consumer Discretionary,Consumer Discretionary Distrib,Adj,Dec,EPS,CY2025,1.3,1.165,-10.4%,1.155,-0.9%,1.155,+0.0%,22.2,19.2,-11.2%,-5.0%,-16.5%,+15.7%
HVT,Extended,Bedding / furniture / household goods,Consumer Discretionary,Consumer Discretionary Distrib,Adj,Dec,EPS,CY2026,2.445,2.14,-12.5%,2.09,-2.3%,1.615,-22.7%,22.2,13.7,-33.9%,-5.0%,-16.5%,+15.7%
HVT,Extended,Bedding / furniture / household goods,Consumer Discretionary,Consumer Discretionary Distrib,Adj,Dec,EPS,CY2027,,3.19,,3.19,+0.0%,2.585,-19.0%,22.2,8.6,,-5.0%,-16.5%,+15.7%
HVT,Extended,Bedding / furniture / household goods,Consumer Discretionary,Consumer Discretionary Distrib,Adj,Dec,EPS,CY2028,,,,,,,,22.2,,,-5.0%,-16.5%,+15.7%
LEG,Extended,Bedding / furniture / household goods,Consumer Discretionary,Consumer Durables & Apparel,Adj,Dec,EPS,CY2025,1.116,1.052,-5.7%,1.048,-0.4%,1.048,+0.0%,10.06,9.6,-6.1%,-8.5%,-20.5%,+6.8%
LEG,Extended,Bedding / furniture / household goods,Consumer Discretionary,Consumer Durables & Apparel,Adj,Dec,EPS,CY2026,1.218,1.084,-11.0%,1.082,-0.2%,1.076,-0.6%,10.06,9.3,-11.7%,-8.5%,-20.5%,+6.8%
LEG,Extended,Bedding / furniture / household goods,Consumer Discretionary,Consumer Durables & Apparel,Adj,Dec,EPS,CY2027,1.32,1.173,-11.1%,1.168,-0.4%,1.16,-0.7%,10.06,8.7,-12.1%,-8.5%,-20.5%,+6.8%
LEG,Extended,Bedding / furniture / household goods,Consumer Discretionary,Consumer Durables & Apparel,Adj,Dec,EPS,CY2028,1.49,1.37,-8.1%,1.37,+0.0%,1.32,-3.6%,10.06,7.6,-11.4%,-8.5%,-20.5%,+6.8%
CULP,Extended,Bedding / furniture / household goods,Consumer Discretionary,Consumer Durables & Apparel,Adj,Apr,EPS,CY2025,-1.5,-0.98,+34.7%,-0.98,+0.0%,-0.98,+0.0%,3.61,-3.7,+34.7%,+1.4%,+2.0%,-9.8%
CULP,Extended,Bedding / furniture / household goods,Consumer Discretionary,Consumer Durables & Apparel,Adj,Apr,EPS,CY2026,0.26,-0.52,-300.0%,-0.52,+0.0%,-0.94,-80.8%,3.61,-3.8,-461.5%,+1.4%,+2.0%,-9.8%
CULP,Extended,Bedding / furniture / household goods,Consumer Discretionary,Consumer Durables & Apparel,Adj,Apr,EPS,CY2027,0.6,-0.002,-100.3%,-0.002,+0.0%,-0.15,-7400.0%,3.61,-24.1,-125.0%,+1.4%,+2.0%,-9.8%
CULP,Extended,Bedding / furniture / household goods,Consumer Discretionary,Consumer Durables & Apparel,Adj,Apr,EPS,CY2028,,,,,,,,3.61,,,+1.4%,+2.0%,-9.8%
AWI,Extended,Bedding / furniture / household goods,Industrials,Capital Goods,Adj,Dec,EPS,CY2025,6.963,7.478,+7.4%,7.478,+0.0%,7.478,+0.0%,161.76,21.6,+7.4%,-15.4%,-19.1%,+6.3%
AWI,Extended,Bedding / furniture / household goods,Industrials,Capital Goods,Adj,Dec,EPS,CY2026,7.869,8.445,+7.3%,8.434,-0.1%,8.308,-1.5%,161.76,19.5,+5.6%,-15.4%,-19.1%,+6.3%
AWI,Extended,Bedding / furniture / household goods,Industrials,Capital Goods,Adj,Dec,EPS,CY2027,8.773,9.39,+7.0%,9.43,+0.4%,9.386,-0.5%,161.76,17.2,+7.0%,-15.4%,-19.1%,+6.3%
AWI,Extended,Bedding / furniture / household goods,Industrials,Capital Goods,Adj,Dec,EPS,CY2028,,,,,,10.417,,161.76,15.5,,-15.4%,-19.1%,+6.3%
REZI,Extended,Bedding / furniture / household goods,Industrials,Capital Goods,Adj,Dec,EPS,CY2025,2.39,2.65,+10.9%,2.65,+0.0%,2.65,+0.0%,39.75,15.0,+10.9%,+13.2%,+10.6%,+100.8%
REZI,Extended,Bedding / furniture / household goods,Industrials,Capital Goods,Adj,Dec,EPS,CY2026,2.508,2.925,+16.6%,2.925,+0.0%,3.08,+5.3%,39.75,12.9,+22.8%,+13.2%,+10.6%,+100.8%
REZI,Extended,Bedding / furniture / household goods,Industrials,Capital Goods,Adj,Dec,EPS,CY2027,2.645,3.14,+18.7%,3.14,+0.0%,3.325,+5.9%,39.75,12.0,+25.7%,+13.2%,+10.6%,+100.8%
REZI,Extended,Bedding / furniture / household goods,Industrials,Capital Goods,Adj,Dec,EPS,CY2028,,,,,,3.57,,39.75,11.1,,+13.2%,+10.6%,+100.8%
INVH,Extended,Bedding / furniture / household goods,Real Estate,Equity Real Estate Investment,Adj,Dec,EPS,CY2025,0.917,0.875,-4.6%,0.893,+2.1%,0.893,+0.0%,28.73,32.2,-2.6%,+3.4%,+8.7%,-17.4%
INVH,Extended,Bedding / furniture / household goods,Real Estate,Equity Real Estate Investment,Adj,Dec,EPS,CY2026,0.976,0.83,-15.0%,0.928,+11.8%,0.722,-22.2%,28.73,39.8,-26.0%,+3.4%,+8.7%,-17.4%
INVH,Extended,Bedding / furniture / household goods,Real Estate,Equity Real Estate Investment,Adj,Dec,EPS,CY2027,0.977,0.873,-10.6%,0.818,-6.3%,0.732,-10.5%,28.73,39.2,-25.1%,+3.4%,+8.7%,-17.4%
INVH,Extended,Bedding / furniture / household goods,Real Estate,Equity Real Estate Investment,Adj,Dec,EPS,CY2028,0.882,0.88,-0.2%,0.815,-7.4%,0.769,-5.6%,28.73,37.4,-12.8%,+3.4%,+8.7%,-17.4%
AMH,Extended,Bedding / furniture / household goods,Real Estate,Equity Real Estate Investment,Adj,Dec,EPS,CY2025,0.824,1.018,+23.5%,1.045,+2.7%,1.05,+0.5%,32.03,30.5,+27.4%,-0.2%,+3.1%,-17.2%
AMH,Extended,Bedding / furniture / household goods,Real Estate,Equity Real Estate Investment,Adj,Dec,EPS,CY2026,0.853,0.878,+2.9%,0.854,-2.7%,0.875,+2.5%,32.03,36.6,+2.6%,-0.2%,+3.1%,-17.2%
AMH,Extended,Bedding / furniture / household goods,Real Estate,Equity Real Estate Investment,Adj,Dec,EPS,CY2027,0.798,0.897,+12.4%,0.826,-7.9%,0.874,+5.8%,32.03,36.6,+9.5%,-0.2%,+3.1%,-17.2%
AMH,Extended,Bedding / furniture / household goods,Real Estate,Equity Real Estate Investment,Adj,Dec,EPS,CY2028,0.933,0.923,-1.1%,0.733,-20.6%,0.735,+0.3%,32.03,43.6,-21.2%,-0.2%,+3.1%,-17.2%
HON,Extended,Industrial / Cyclical,Industrials,Capital Goods,Adj,Dec,EPS,CY2025,10.456,10.665,+2.0%,9.994,-6.3%,9.994,+0.0%,213.12,21.3,-4.4%,+9.2%,-11.1%,+6.2%
HON,Extended,Industrial / Cyclical,Industrials,Capital Goods,Adj,Dec,EPS,CY2026,11.39,10.632,-6.7%,10.467,-1.6%,10.514,+0.4%,213.12,20.3,-7.7%,+9.2%,-11.1%,+6.2%
HON,Extended,Industrial / Cyclical,Industrials,Capital Goods,Adj,Dec,EPS,CY2027,12.356,11.586,-6.2%,11.35,-2.0%,11.442,+0.8%,213.12,18.6,-7.4%,+9.2%,-11.1%,+6.2%
HON,Extended,Industrial / Cyclical,Industrials,Capital Goods,Adj,Dec,EPS,CY2028,13.24,12.718,-3.9%,12.572,-1.1%,12.586,+0.1%,213.12,16.9,-4.9%,+9.2%,-11.1%,+6.2%
GEV,Extended,Industrial / Cyclical,Industrials,Capital Goods,GAAP,Dec,EPS,CY2025,7.224,7.533,+4.3%,7.637,+1.4%,7.637,+0.0%,1040.15,136.2,+5.7%,+59.1%,+29.8%,+160.5%
GEV,Extended,Industrial / Cyclical,Industrials,Capital Goods,GAAP,Dec,EPS,CY2026,11.365,13.062,+14.9%,14.187,+8.6%,24.846,+75.1%,1040.15,41.9,+118.6%,+59.1%,+29.8%,+160.5%
GEV,Extended,Industrial / Cyclical,Industrials,Capital Goods,GAAP,Dec,EPS,CY2027,15.801,18.622,+17.9%,21.634,+16.2%,23.709,+9.6%,1040.15,43.9,+50.0%,+59.1%,+29.8%,+160.5%
GEV,Extended,Industrial / Cyclical,Industrials,Capital Goods,GAAP,Dec,EPS,CY2028,20.069,23.151,+15.4%,29.448,+27.2%,32.223,+9.4%,1040.15,32.3,+60.6%,+59.1%,+29.8%,+160.5%
ETN,Extended,Industrial / Cyclical,Industrials,Capital Goods,Adj,Dec,EPS,CY2025,12.019,12.1,+0.7%,12.063,-0.3%,12.063,+0.0%,401.51,33.3,+0.4%,+26.1%,+6.5%,+29.6%
ETN,Extended,Industrial / Cyclical,Industrials,Capital Goods,Adj,Dec,EPS,CY2026,13.518,13.766,+1.8%,13.37,-2.9%,13.268,-0.8%,401.51,30.3,-1.8%,+26.1%,+6.5%,+29.6%
ETN,Extended,Industrial / Cyclical,Industrials,Capital Goods,Adj,Dec,EPS,CY2027,14.982,15.447,+3.1%,15.29,-1.0%,15.502,+1.4%,401.51,25.9,+3.5%,+26.1%,+6.5%,+29.6%
ETN,Extended,Industrial / Cyclical,Industrials,Capital Goods,Adj,Dec,EPS,CY2028,16.617,17.563,+5.7%,17.344,-1.2%,17.678,+1.9%,401.51,22.7,+6.4%,+26.1%,+6.5%,+29.6%
PH,Extended,Industrial / Cyclical,Industrials,Capital Goods,Adj,Jun,EPS,CY2025,26.68,26.732,+0.2%,26.732,+0.0%,26.732,+0.0%,878.83,32.9,+0.2%,-0.0%,-10.2%,+35.7%
PH,Extended,Industrial / Cyclical,Industrials,Capital Goods,Adj,Jun,EPS,CY2026,28.888,29.891,+3.5%,30.968,+3.6%,31.077,+0.4%,878.83,28.3,+7.6%,-0.0%,-10.2%,+35.7%
PH,Extended,Industrial / Cyclical,Industrials,Capital Goods,Adj,Jun,EPS,CY2027,31.388,32.624,+3.9%,33.868,+3.8%,33.817,-0.2%,878.83,26.0,+7.7%,-0.0%,-10.2%,+35.7%
PH,Extended,Industrial / Cyclical,Industrials,Capital Goods,Adj,Jun,EPS,CY2028,33.501,35.415,+5.7%,37.293,+5.3%,36.906,-1.0%,878.83,23.8,+10.2%,-0.0%,-10.2%,+35.7%
ROP,Extended,Industrial / Cyclical,Information Technology,Software & Services,Adj,Dec,EPS,CY2025,19.933,19.946,+0.1%,19.944,-0.0%,19.944,+0.0%,343.32,17.2,+0.1%,-22.9%,-2.4%,-39.8%
ROP,Extended,Industrial / Cyclical,Information Technology,Software & Services,Adj,Dec,EPS,CY2026,21.637,21.723,+0.4%,21.472,-1.2%,21.956,+2.3%,343.32,15.6,+1.5%,-22.9%,-2.4%,-39.8%
ROP,Extended,Industrial / Cyclical,Information Technology,Software & Services,Adj,Dec,EPS,CY2027,24.021,23.961,-0.2%,23.305,-2.7%,23.973,+2.9%,343.32,14.3,-0.2%,-22.9%,-2.4%,-39.8%
ROP,Extended,Industrial / Cyclical,Information Technology,Software & Services,Adj,Dec,EPS,CY2028,27.383,26.915,-1.7%,25.704,-4.5%,26.16,+1.8%,343.32,13.1,-4.5%,-22.9%,-2.4%,-39.8%
AME,Extended,Industrial / Cyclical,Industrials,Capital Goods,Adj,Dec,EPS,CY2025,7.078,7.342,+3.7%,7.36,+0.2%,7.36,+0.0%,232.4,31.6,+4.0%,+13.2%,-0.4%,+35.3%
AME,Extended,Industrial / Cyclical,Industrials,Capital Goods,Adj,Dec,EPS,CY2026,7.601,7.934,+4.4%,8.031,+1.2%,8.082,+0.6%,232.4,28.8,+6.3%,+13.2%,-0.4%,+35.3%
AME,Extended,Industrial / Cyclical,Industrials,Capital Goods,Adj,Dec,EPS,CY2027,8.2,8.519,+3.9%,8.681,+1.9%,8.753,+0.8%,232.4,26.6,+6.7%,+13.2%,-0.4%,+35.3%
AME,Extended,Industrial / Cyclical,Industrials,Capital Goods,Adj,Dec,EPS,CY2028,9.0,9.353,+3.9%,9.458,+1.1%,9.508,+0.5%,232.4,24.4,+5.6%,+13.2%,-0.4%,+35.3%
FTV,Extended,Industrial / Cyclical,Industrials,Capital Goods,Adj,Dec,EPS,CY2025,3.943,2.576,-34.7%,2.65,+2.9%,2.65,+0.0%,60.43,22.8,-32.8%,+9.5%,-0.4%,+13.7%
FTV,Extended,Industrial / Cyclical,Industrials,Capital Goods,Adj,Dec,EPS,CY2026,4.291,2.842,-33.8%,2.929,+3.1%,2.98,+1.7%,60.43,20.3,-30.6%,+9.5%,-0.4%,+13.7%
FTV,Extended,Industrial / Cyclical,Industrials,Capital Goods,Adj,Dec,EPS,CY2027,4.703,3.085,-34.4%,3.18,+3.1%,3.214,+1.1%,60.43,18.8,-31.7%,+9.5%,-0.4%,+13.7%
FTV,Extended,Industrial / Cyclical,Industrials,Capital Goods,Adj,Dec,EPS,CY2028,5.145,3.435,-33.2%,3.471,+1.0%,3.503,+0.9%,60.43,17.3,-31.9%,+9.5%,-0.4%,+13.7%
EMN,Extended,Industrial / Cyclical,Materials,Materials,Adj,Dec,EPS,CY2025,7.389,5.589,-24.4%,5.392,-3.5%,5.392,+0.0%,73.65,13.7,-27.0%,+15.4%,-6.0%,-5.0%
EMN,Extended,Industrial / Cyclical,Materials,Materials,Adj,Dec,EPS,CY2026,8.242,6.386,-22.5%,5.84,-8.5%,6.322,+8.3%,73.65,11.6,-23.3%,+15.4%,-6.0%,-5.0%
EMN,Extended,Industrial / Cyclical,Materials,Materials,Adj,Dec,EPS,CY2027,9.144,7.252,-20.7%,6.732,-7.2%,6.851,+1.8%,73.65,10.8,-25.1%,+15.4%,-6.0%,-5.0%
EMN,Extended,Industrial / Cyclical,Materials,Materials,Adj,Dec,EPS,CY2028,9.8,7.758,-20.8%,7.596,-2.1%,7.468,-1.7%,73.65,9.9,-23.8%,+15.4%,-6.0%,-5.0%
NDSN,Extended,Industrial / Cyclical,Industrials,Capital Goods,Adj,Oct,EPS,CY2025,9.86,10.175,+3.2%,10.134,-0.4%,10.134,+0.0%,283.53,28.0,+2.8%,+17.9%,-2.7%,+47.2%
NDSN,Extended,Industrial / Cyclical,Industrials,Capital Goods,Adj,Oct,EPS,CY2026,10.696,11.095,+3.7%,11.279,+1.7%,11.448,+1.5%,283.53,24.8,+7.0%,+17.9%,-2.7%,+47.2%
NDSN,Extended,Industrial / Cyclical,Industrials,Capital Goods,Adj,Oct,EPS,CY2027,11.7,12.104,+3.5%,12.173,+0.6%,12.336,+1.3%,283.53,23.0,+5.4%,+17.9%,-2.7%,+47.2%
NDSN,Extended,Industrial / Cyclical,Industrials,Capital Goods,Adj,Oct,EPS,CY2028,,13.56,,13.21,-2.6%,13.333,+0.9%,283.53,21.3,,+17.9%,-2.7%,+47.2%
IEX,Extended,Industrial / Cyclical,Industrials,Capital Goods,Adj,Dec,EPS,CY2025,8.185,7.892,-3.6%,7.894,+0.0%,7.894,+0.0%,216.92,27.5,-3.6%,+21.9%,+2.9%,+18.2%
IEX,Extended,Industrial / Cyclical,Industrials,Capital Goods,Adj,Dec,EPS,CY2026,8.896,8.328,-6.4%,8.257,-0.9%,8.471,+2.6%,216.92,25.6,-4.8%,+21.9%,+2.9%,+18.2%
IEX,Extended,Industrial / Cyclical,Industrials,Capital Goods,Adj,Dec,EPS,CY2027,9.407,9.203,-2.2%,8.988,-2.3%,9.203,+2.4%,216.92,23.6,-2.2%,+21.9%,+2.9%,+18.2%
IEX,Extended,Industrial / Cyclical,Industrials,Capital Goods,Adj,Dec,EPS,CY2028,10.328,10.053,-2.7%,10.11,+0.6%,10.194,+0.8%,216.92,21.3,-1.3%,+21.9%,+2.9%,+18.2%
TDY,Extended,Industrial / Cyclical,Information Technology,Technology Hardware & Equipmen,Adj,Dec,EPS,CY2025,21.4,21.538,+0.6%,21.542,+0.0%,21.542,+0.0%,621.38,28.8,+0.7%,+21.7%,-5.3%,+28.1%
TDY,Extended,Industrial / Cyclical,Information Technology,Technology Hardware & Equipmen,Adj,Dec,EPS,CY2026,23.456,23.659,+0.9%,23.788,+0.5%,24.107,+1.3%,621.38,25.8,+2.8%,+21.7%,-5.3%,+28.1%
TDY,Extended,Industrial / Cyclical,Information Technology,Technology Hardware & Equipmen,Adj,Dec,EPS,CY2027,25.01,25.501,+2.0%,25.748,+1.0%,26.008,+1.0%,621.38,23.9,+4.0%,+21.7%,-5.3%,+28.1%
TDY,Extended,Industrial / Cyclical,Information Technology,Technology Hardware & Equipmen,Adj,Dec,EPS,CY2028,,,,28.178,,28.1,-0.3%,621.38,22.1,,+21.7%,-5.3%,+28.1%
SWK,Extended,Industrial / Cyclical,Industrials,Capital Goods,Adj,Dec,EPS,CY2025,4.285,4.552,+6.2%,4.552,+0.0%,4.552,+0.0%,81.07,17.8,+6.2%,+9.1%,-9.8%,+29.4%
SWK,Extended,Industrial / Cyclical,Industrials,Capital Goods,Adj,Dec,EPS,CY2026,5.655,5.747,+1.6%,5.374,-6.5%,5.382,+0.1%,81.07,15.1,-4.8%,+9.1%,-9.8%,+29.4%
SWK,Extended,Industrial / Cyclical,Industrials,Capital Goods,Adj,Dec,EPS,CY2027,6.755,6.758,+0.0%,6.374,-5.7%,6.325,-0.8%,81.07,12.8,-6.4%,+9.1%,-9.8%,+29.4%
SWK,Extended,Industrial / Cyclical,Industrials,Capital Goods,Adj,Dec,EPS,CY2028,7.01,7.18,+2.4%,7.044,-1.9%,6.881,-2.3%,81.07,11.8,-1.8%,+9.1%,-9.8%,+29.4%
CAT,Extended,Industrial / Cyclical,Industrials,Capital Goods,GAAP,Dec,EPS,CY2025,18.676,18.338,-1.8%,18.295,-0.2%,18.295,+0.0%,897.45,49.1,-2.0%,+56.7%,+20.9%,+175.6%
CAT,Extended,Industrial / Cyclical,Industrials,Capital Goods,GAAP,Dec,EPS,CY2026,21.094,22.476,+6.6%,22.756,+1.2%,24.045,+5.7%,897.45,37.3,+14.0%,+56.7%,+20.9%,+175.6%
CAT,Extended,Industrial / Cyclical,Industrials,Capital Goods,GAAP,Dec,EPS,CY2027,23.447,27.034,+15.3%,27.541,+1.9%,29.192,+6.0%,897.45,30.7,+24.5%,+56.7%,+20.9%,+175.6%
CAT,Extended,Industrial / Cyclical,Industrials,Capital Goods,GAAP,Dec,EPS,CY2028,26.224,30.95,+18.0%,32.531,+5.1%,35.003,+7.6%,897.45,25.6,+33.5%,+56.7%,+20.9%,+175.6%
MMM,Extended,Industrial / Cyclical,Industrials,Capital Goods,Adj,Dec,EPS,CY2025,7.645,8.038,+5.1%,8.032,-0.1%,8.032,+0.0%,143.29,17.8,+5.1%,-10.5%,-15.9%,+0.5%
MMM,Extended,Industrial / Cyclical,Industrials,Capital Goods,Adj,Dec,EPS,CY2026,8.323,8.646,+3.9%,8.668,+0.3%,8.709,+0.5%,143.29,16.5,+4.6%,-10.5%,-15.9%,+0.5%
MMM,Extended,Industrial / Cyclical,Industrials,Capital Goods,Adj,Dec,EPS,CY2027,9.08,9.38,+3.3%,9.421,+0.4%,9.475,+0.6%,143.29,15.1,+4.4%,-10.5%,-15.9%,+0.5%
MMM,Extended,Industrial / Cyclical,Industrials,Capital Goods,Adj,Dec,EPS,CY2028,9.663,10.13,+4.8%,10.073,-0.6%,10.132,+0.6%,143.29,14.1,+4.9%,-10.5%,-15.9%,+0.5%
PPG,Extended,Industrial / Cyclical,Materials,Materials,Adj,Dec,EPS,CY2025,7.838,7.679,-2.0%,7.645,-0.4%,7.645,+0.0%,109.61,14.3,-2.5%,+7.0%,-14.1%,+0.2%
PPG,Extended,Industrial / Cyclical,Materials,Materials,Adj,Dec,EPS,CY2026,8.553,8.204,-4.1%,7.99,-2.6%,7.866,-1.6%,109.61,13.9,-8.0%,+7.0%,-14.1%,+0.2%
PPG,Extended,Industrial / Cyclical,Materials,Materials,Adj,Dec,EPS,CY2027,9.327,8.937,-4.2%,8.726,-2.4%,8.598,-1.5%,109.61,12.7,-7.8%,+7.0%,-14.1%,+0.2%
PPG,Extended,Industrial / Cyclical,Materials,Materials,Adj,Dec,EPS,CY2028,9.914,9.677,-2.4%,9.536,-1.5%,9.458,-0.8%,109.61,11.6,-4.6%,+7.0%,-14.1%,+0.2%
AXTA,Extended,Industrial / Cyclical,Materials,Materials,Adj,Dec,EPS,CY2025,2.541,2.498,-1.7%,2.491,-0.3%,2.491,+0.0%,29.13,11.7,-2.0%,-9.8%,-14.8%,-6.3%
AXTA,Extended,Industrial / Cyclical,Materials,Materials,Adj,Dec,EPS,CY2026,2.793,2.751,-1.5%,2.667,-3.1%,2.586,-3.0%,29.13,11.3,-7.4%,-9.8%,-14.8%,-6.3%
AXTA,Extended,Industrial / Cyclical,Materials,Materials,Adj,Dec,EPS,CY2027,3.146,3.034,-3.6%,2.878,-5.1%,2.807,-2.5%,29.13,10.4,-10.8%,-9.8%,-14.8%,-6.3%
AXTA,Extended,Industrial / Cyclical,Materials,Materials,Adj,Dec,EPS,CY2028,3.157,3.234,+2.4%,3.144,-2.8%,3.037,-3.4%,29.13,9.6,-3.8%,-9.8%,-14.8%,-6.3%
SHW,Extended,Industrial / Cyclical,Materials,Materials,Adj,Dec,EPS,CY2025,11.885,11.379,-4.3%,11.376,-0.0%,11.376,+0.0%,316.82,27.8,-4.3%,-2.2%,-12.1%,-10.0%
SHW,Extended,Industrial / Cyclical,Materials,Materials,Adj,Dec,EPS,CY2026,13.29,12.596,-5.2%,12.009,-4.7%,11.723,-2.4%,316.82,27.0,-11.8%,-2.2%,-12.1%,-10.0%
SHW,Extended,Industrial / Cyclical,Materials,Materials,Adj,Dec,EPS,CY2027,14.961,14.142,-5.5%,13.555,-4.2%,13.215,-2.5%,316.82,24.0,-11.7%,-2.2%,-12.1%,-10.0%
SHW,Extended,Industrial / Cyclical,Materials,Materials,Adj,Dec,EPS,CY2028,16.188,15.567,-3.8%,15.312,-1.6%,15.022,-1.9%,316.82,21.1,-7.2%,-2.2%,-12.1%,-10.0%
AVY,Extended,Industrial / Cyclical,Materials,Materials,Adj,Dec,EPS,CY2025,9.617,9.498,-1.2%,9.493,-0.1%,9.493,+0.0%,163.51,17.2,-1.3%,-10.1%,-13.7%,-5.0%
AVY,Extended,Industrial / Cyclical,Materials,Materials,Adj,Dec,EPS,CY2026,10.699,10.489,-2.0%,10.242,-2.4%,10.054,-1.8%,163.51,16.3,-6.0%,-10.1%,-13.7%,-5.0%
AVY,Extended,Industrial / Cyclical,Materials,Materials,Adj,Dec,EPS,CY2027,11.914,11.592,-2.7%,11.321,-2.3%,11.11,-1.9%,163.51,14.7,-6.7%,-10.1%,-13.7%,-5.0%
AVY,Extended,Industrial / Cyclical,Materials,Materials,Adj,Dec,EPS,CY2028,12.557,12.62,+0.5%,12.662,+0.3%,12.34,-2.5%,163.51,13.3,-1.7%,-10.1%,-13.7%,-5.0%
SNA,Extended,Industrial / Cyclical,Industrials,Capital Goods,Adj,Dec,EPS,CY2025,18.736,19.221,+2.6%,19.186,-0.2%,19.186,+0.0%,374.0,19.5,+2.4%,+8.5%,+1.6%,+18.5%
SNA,Extended,Industrial / Cyclical,Industrials,Capital Goods,Adj,Dec,EPS,CY2026,20.102,20.433,+1.6%,20.03,-2.0%,19.805,-1.1%,374.0,18.9,-1.5%,+8.5%,+1.6%,+18.5%
SNA,Extended,Industrial / Cyclical,Industrials,Capital Goods,Adj,Dec,EPS,CY2027,21.917,22.11,+0.9%,21.363,-3.4%,21.163,-0.9%,374.0,17.7,-3.4%,+8.5%,+1.6%,+18.5%
SNA,Extended,Industrial / Cyclical,Industrials,Capital Goods,Adj,Dec,EPS,CY2028,22.71,26.36,+16.1%,24.42,-7.4%,24.42,+0.0%,374.0,15.3,+7.5%,+8.5%,+1.6%,+18.5%
ST,Extended,Industrial / Cyclical,Industrials,Capital Goods,Adj,Dec,EPS,CY2025,3.152,3.392,+7.6%,3.403,+0.3%,3.403,+0.0%,44.93,13.2,+8.0%,+35.0%,+24.1%,+75.9%
ST,Extended,Industrial / Cyclical,Industrials,Capital Goods,Adj,Dec,EPS,CY2026,3.447,3.637,+5.5%,3.645,+0.2%,3.695,+1.4%,44.93,12.2,+7.2%,+35.0%,+24.1%,+75.9%
ST,Extended,Industrial / Cyclical,Industrials,Capital Goods,Adj,Dec,EPS,CY2027,3.688,3.968,+7.6%,3.958,-0.3%,4.013,+1.4%,44.93,11.2,+8.8%,+35.0%,+24.1%,+75.9%
ST,Extended,Industrial / Cyclical,Industrials,Capital Goods,Adj,Dec,EPS,CY2028,4.195,4.243,+1.1%,4.243,+0.0%,4.367,+2.9%,44.93,10.3,+4.1%,+35.0%,+24.1%,+75.9%
ZBRA,Extended,Industrial / Cyclical,Information Technology,Technology Hardware & Equipmen,Adj,Dec,EPS,CY2025,14.554,15.828,+8.8%,15.841,+0.1%,15.841,+0.0%,226.03,14.3,+8.8%,-6.9%,-12.3%,-15.3%
ZBRA,Extended,Industrial / Cyclical,Information Technology,Technology Hardware & Equipmen,Adj,Dec,EPS,CY2026,16.462,17.739,+7.8%,17.645,-0.5%,17.836,+1.1%,226.03,12.7,+8.3%,-6.9%,-12.3%,-15.3%
ZBRA,Extended,Industrial / Cyclical,Information Technology,Technology Hardware & Equipmen,Adj,Dec,EPS,CY2027,18.88,19.916,+5.5%,19.759,-0.8%,19.909,+0.8%,226.03,11.4,+5.5%,-6.9%,-12.3%,-15.3%
ZBRA,Extended,Industrial / Cyclical,Information Technology,Technology Hardware & Equipmen,Adj,Dec,EPS,CY2028,22.76,22.902,+0.6%,23.053,+0.7%,22.13,-4.0%,226.03,10.2,-2.8%,-6.9%,-12.3%,-15.3%
LIN,Extended,Industrial / Cyclical,Materials,Materials,GAAP,Dec,EPS,CY2025,15.268,15.513,+1.6%,15.598,+0.5%,15.598,+0.0%,493.16,31.6,+2.2%,+15.7%,+8.1%,+8.9%
LIN,Extended,Industrial / Cyclical,Materials,Materials,GAAP,Dec,EPS,CY2026,16.898,17.008,+0.7%,16.696,-1.8%,16.925,+1.4%,493.16,29.1,+0.2%,+15.7%,+8.1%,+8.9%
LIN,Extended,Industrial / Cyclical,Materials,Materials,GAAP,Dec,EPS,CY2027,18.592,18.649,+0.3%,18.474,-0.9%,18.61,+0.7%,493.16,26.5,+0.1%,+15.7%,+8.1%,+8.9%
LIN,Extended,Industrial / Cyclical,Materials,Materials,GAAP,Dec,EPS,CY2028,20.775,20.952,+0.9%,20.363,-2.8%,20.213,-0.7%,493.16,24.4,-2.7%,+15.7%,+8.1%,+8.9%
APD,Extended,Industrial / Cyclical,Materials,Materials,Adj,Sep,EPS,CY2025,12.101,11.994,-0.9%,11.994,+0.0%,11.994,+0.0%,295.41,24.6,-0.9%,+19.6%,+3.2%,+9.0%
APD,Extended,Industrial / Cyclical,Materials,Materials,Adj,Sep,EPS,CY2026,13.116,12.977,-1.1%,13.048,+0.5%,13.228,+1.4%,295.41,22.3,+0.9%,+19.6%,+3.2%,+9.0%
APD,Extended,Industrial / Cyclical,Materials,Materials,Adj,Sep,EPS,CY2027,14.504,13.933,-3.9%,14.044,+0.8%,14.311,+1.9%,295.41,20.6,-1.3%,+19.6%,+3.2%,+9.0%
APD,Extended,Industrial / Cyclical,Materials,Materials,Adj,Sep,EPS,CY2028,16.342,15.637,-4.3%,15.389,-1.6%,15.56,+1.1%,295.41,19.0,-4.8%,+19.6%,+3.2%,+9.0%
URI,Extended,Industrial / Cyclical,Industrials,Capital Goods,Adj,Dec,EPS,CY2025,43.39,42.831,-1.3%,42.596,-0.5%,42.596,+0.0%,937.0,22.0,-1.8%,+15.8%,+6.9%,+39.4%
URI,Extended,Industrial / Cyclical,Industrials,Capital Goods,Adj,Dec,EPS,CY2026,47.835,47.297,-1.1%,46.577,-1.5%,46.793,+0.5%,937.0,20.0,-2.2%,+15.8%,+6.9%,+39.4%
URI,Extended,Industrial / Cyclical,Industrials,Capital Goods,Adj,Dec,EPS,CY2027,53.623,54.214,+1.1%,53.208,-1.9%,53.67,+0.9%,937.0,17.5,+0.1%,+15.8%,+6.9%,+39.4%
URI,Extended,Industrial / Cyclical,Industrials,Capital Goods,Adj,Dec,EPS,CY2028,60.543,64.12,+5.9%,61.042,-4.8%,60.936,-0.2%,937.0,15.4,+0.6%,+15.8%,+6.9%,+39.4%
WSC,Extended,Industrial / Cyclical,Industrials,Capital Goods,Adj,Dec,EPS,CY2025,1.565,1.139,-27.2%,1.114,-2.2%,1.114,+0.0%,28.1,25.2,-28.8%,+49.2%,+29.9%,+4.3%
WSC,Extended,Industrial / Cyclical,Industrials,Capital Goods,Adj,Dec,EPS,CY2026,1.878,1.332,-29.1%,1.064,-20.1%,1.068,+0.4%,28.1,26.3,-43.1%,+49.2%,+29.9%,+4.3%
WSC,Extended,Industrial / Cyclical,Industrials,Capital Goods,Adj,Dec,EPS,CY2027,2.307,1.668,-27.7%,1.412,-15.3%,1.327,-6.0%,28.1,21.2,-42.5%,+49.2%,+29.9%,+4.3%
WSC,Extended,Industrial / Cyclical,Industrials,Capital Goods,Adj,Dec,EPS,CY2028,2.73,2.078,-23.9%,1.964,-5.5%,1.668,-15.1%,28.1,16.8,-38.9%,+49.2%,+29.9%,+4.3%
FLR,Extended,Industrial / Cyclical,Industrials,Capital Goods,Adj,Dec,EPS,CY2025,2.518,2.101,-16.6%,2.192,+4.3%,2.192,+0.0%,43.31,19.8,-12.9%,+9.3%,-10.2%,+20.8%
FLR,Extended,Industrial / Cyclical,Industrials,Capital Goods,Adj,Dec,EPS,CY2026,2.821,2.357,-16.4%,2.335,-0.9%,2.731,+17.0%,43.31,15.9,-3.2%,+9.3%,-10.2%,+20.8%
FLR,Extended,Industrial / Cyclical,Industrials,Capital Goods,Adj,Dec,EPS,CY2027,3.206,2.668,-16.8%,2.79,+4.6%,3.244,+16.3%,43.31,13.4,+1.2%,+9.3%,-10.2%,+20.8%
FLR,Extended,Industrial / Cyclical,Industrials,Capital Goods,Adj,Dec,EPS,CY2028,3.675,3.053,-16.9%,3.358,+10.0%,3.758,+11.9%,43.31,11.5,+2.3%,+9.3%,-10.2%,+20.8%
J,Extended,Industrial / Cyclical,Industrials,Commercial & Professional Serv,Adj,Sep,EPS,CY2025,6.006,6.038,+0.5%,6.038,+0.0%,6.038,+0.0%,118.43,19.6,+0.5%,-10.6%,-21.5%,-2.5%
J,Extended,Industrial / Cyclical,Industrials,Commercial & Professional Serv,Adj,Sep,EPS,CY2026,6.87,6.98,+1.6%,7.118,+2.0%,7.231,+1.6%,118.43,16.4,+5.3%,-10.6%,-21.5%,-2.5%
J,Extended,Industrial / Cyclical,Industrials,Commercial & Professional Serv,Adj,Sep,EPS,CY2027,7.65,7.885,+3.1%,8.081,+2.5%,8.31,+2.8%,118.43,14.3,+8.6%,-10.6%,-21.5%,-2.5%
J,Extended,Industrial / Cyclical,Industrials,Commercial & Professional Serv,Adj,Sep,EPS,CY2028,8.804,9.093,+3.3%,8.998,-1.0%,9.461,+5.1%,118.43,12.5,+7.5%,-10.6%,-21.5%,-2.5%
ACM,Extended,Industrial / Cyclical,Industrials,Capital Goods,Adj,Sep,EPS,CY2025,5.159,5.239,+1.6%,5.239,+0.0%,5.239,+0.0%,80.59,15.4,+1.6%,-15.5%,-21.5%,-23.0%
ACM,Extended,Industrial / Cyclical,Industrials,Capital Goods,Adj,Sep,EPS,CY2026,5.681,5.724,+0.8%,5.419,-5.3%,5.954,+9.9%,80.59,13.5,+4.8%,-15.5%,-21.5%,-23.0%
ACM,Extended,Industrial / Cyclical,Industrials,Capital Goods,Adj,Sep,EPS,CY2027,6.376,6.371,-0.1%,6.232,-2.2%,6.626,+6.3%,80.59,12.2,+3.9%,-15.5%,-21.5%,-23.0%
ACM,Extended,Industrial / Cyclical,Industrials,Capital Goods,Adj,Sep,EPS,CY2028,7.79,7.74,-0.6%,7.151,-7.6%,7.623,+6.6%,80.59,10.6,-2.1%,-15.5%,-21.5%,-23.0%
DE,Extended,Industrial / Cyclical,Industrials,Capital Goods,Adj,Oct,EPS,CY2025,18.819,18.413,-2.2%,18.412,-0.0%,18.412,+0.0%,574.84,31.2,-2.2%,+23.5%,-1.8%,+16.7%
DE,Extended,Industrial / Cyclical,Industrials,Capital Goods,Adj,Oct,EPS,CY2026,21.985,20.273,-7.8%,16.539,-18.4%,17.882,+8.1%,574.84,32.1,-18.7%,+23.5%,-1.8%,+16.7%
DE,Extended,Industrial / Cyclical,Industrials,Capital Goods,Adj,Oct,EPS,CY2027,26.045,25.537,-2.0%,21.948,-14.1%,22.972,+4.7%,574.84,25.0,-11.8%,+23.5%,-1.8%,+16.7%
DE,Extended,Industrial / Cyclical,Industrials,Capital Goods,Adj,Oct,EPS,CY2028,35.475,32.259,-9.1%,27.114,-15.9%,28.922,+6.7%,574.84,19.9,-18.5%,+23.5%,-1.8%,+16.7%
DOW,Extended,Industrial / Cyclical,Materials,Materials,Adj,Dec,EPS,CY2025,0.587,-0.947,-261.3%,-1.022,-7.9%,-1.022,+0.0%,36.87,-36.1,-274.1%,+57.7%,+14.9%,+25.1%
DOW,Extended,Industrial / Cyclical,Materials,Materials,Adj,Dec,EPS,CY2026,1.505,-0.138,-109.2%,-0.298,-115.9%,3.129,+1150.0%,36.87,11.8,+107.9%,+57.7%,+14.9%,+25.1%
DOW,Extended,Industrial / Cyclical,Materials,Materials,Adj,Dec,EPS,CY2027,2.045,0.646,-68.4%,0.569,-11.9%,2.476,+335.1%,36.87,14.9,+21.1%,+57.7%,+14.9%,+25.1%
DOW,Extended,Industrial / Cyclical,Materials,Materials,Adj,Dec,EPS,CY2028,3.215,1.938,-39.7%,1.396,-28.0%,2.409,+72.6%,36.87,15.3,-25.1%,+57.7%,+14.9%,+25.1%
FMC,Extended,Industrial / Cyclical,Materials,Materials,Adj,Dec,EPS,CY2025,3.412,3.025,-11.3%,2.938,-2.9%,2.938,+0.0%,13.4,4.6,-13.9%,-3.4%,-12.9%,-63.6%
FMC,Extended,Industrial / Cyclical,Materials,Materials,Adj,Dec,EPS,CY2026,3.987,2.777,-30.3%,1.879,-32.3%,1.746,-7.1%,13.4,7.7,-56.2%,-3.4%,-12.9%,-63.6%
FMC,Extended,Industrial / Cyclical,Materials,Materials,Adj,Dec,EPS,CY2027,4.561,3.209,-29.6%,2.434,-24.2%,2.232,-8.3%,13.4,6.0,-51.1%,-3.4%,-12.9%,-63.6%
FMC,Extended,Industrial / Cyclical,Materials,Materials,Adj,Dec,EPS,CY2028,5.188,3.77,-27.3%,2.76,-26.8%,2.486,-9.9%,13.4,5.4,-52.1%,-3.4%,-12.9%,-63.6%
MWA,Extended,Industrial / Cyclical,Industrials,Capital Goods,Adj,Sep,EPS,CY2025,1.237,1.255,+1.5%,1.255,+0.0%,1.255,+0.0%,26.37,21.0,+1.5%,+10.7%,-11.1%,+7.6%
MWA,Extended,Industrial / Cyclical,Industrials,Capital Goods,Adj,Sep,EPS,CY2026,1.352,1.395,+3.2%,1.43,+2.5%,1.478,+3.4%,26.37,17.8,+9.3%,+10.7%,-11.1%,+7.6%
MWA,Extended,Industrial / Cyclical,Industrials,Capital Goods,Adj,Sep,EPS,CY2027,1.395,1.41,+1.1%,1.55,+9.9%,1.58,+1.9%,26.37,16.7,+13.3%,+10.7%,-11.1%,+7.6%
MWA,Extended,Industrial / Cyclical,Industrials,Capital Goods,Adj,Sep,EPS,CY2028,1.61,1.45,-9.9%,1.643,+13.3%,1.665,+1.3%,26.37,15.8,+3.4%,+10.7%,-11.1%,+7.6%
BNR,Extended,Industrial / Cyclical,Industrials,Capital Goods,Adj,Dec,EPS,CY2025,4.742,3.399,-28.3%,2.936,-13.6%,2.773,-5.6%,60.94,22.0,-41.5%,+23.0%,+10.4%,+1.0%
BNR,Extended,Industrial / Cyclical,Industrials,Capital Goods,Adj,Dec,EPS,CY2026,5.262,4.034,-23.3%,3.517,-12.8%,3.531,+0.4%,60.94,17.3,-32.9%,+23.0%,+10.4%,+1.0%
BNR,Extended,Industrial / Cyclical,Industrials,Capital Goods,Adj,Dec,EPS,CY2027,5.768,4.599,-20.3%,4.061,-11.7%,4.001,-1.5%,60.94,15.2,-30.6%,+23.0%,+10.4%,+1.0%
BNR,Extended,Industrial / Cyclical,Industrials,Capital Goods,Adj,Dec,EPS,CY2028,6.428,5.214,-18.9%,4.477,-14.1%,4.446,-0.7%,60.94,13.7,-30.8%,+23.0%,+10.4%,+1.0%
MIDD,Extended,Industrial / Cyclical,Industrials,Capital Goods,Adj,Dec,EPS,CY2025,9.643,9.017,-6.5%,9.051,+0.4%,9.05,-0.0%,164.67,18.2,-6.1%,+10.8%,+2.3%,+18.0%
MIDD,Extended,Industrial / Cyclical,Industrials,Capital Goods,Adj,Dec,EPS,CY2026,10.59,9.613,-9.2%,9.44,-1.8%,9.503,+0.7%,164.67,17.3,-10.3%,+10.8%,+2.3%,+18.0%
MIDD,Extended,Industrial / Cyclical,Industrials,Capital Goods,Adj,Dec,EPS,CY2027,12.05,10.584,-12.2%,8.616,-18.6%,10.798,+25.3%,164.67,15.3,-10.4%,+10.8%,+2.3%,+18.0%
MIDD,Extended,Industrial / Cyclical,Industrials,Capital Goods,Adj,Dec,EPS,CY2028,13.25,12.085,-8.8%,7.56,-37.4%,12.75,+68.7%,164.67,12.9,-3.8%,+10.8%,+2.3%,+18.0%
LECO,Extended,Industrial / Cyclical,Industrials,Capital Goods,Adj,Dec,EPS,CY2025,9.068,9.742,+7.4%,9.722,-0.2%,9.722,+0.0%,271.11,27.9,+7.2%,+13.1%,-8.9%,+45.9%
LECO,Extended,Industrial / Cyclical,Industrials,Capital Goods,Adj,Dec,EPS,CY2026,9.953,10.756,+8.1%,10.813,+0.5%,10.925,+1.0%,271.11,24.8,+9.8%,+13.1%,-8.9%,+45.9%
LECO,Extended,Industrial / Cyclical,Industrials,Capital Goods,Adj,Dec,EPS,CY2027,10.509,11.51,+9.5%,11.731,+1.9%,12.06,+2.8%,271.11,22.5,+14.8%,+13.1%,-8.9%,+45.9%
LECO,Extended,Industrial / Cyclical,Industrials,Capital Goods,Adj,Dec,EPS,CY2028,12.11,12.927,+6.7%,12.453,-3.7%,12.951,+4.0%,271.11,20.9,+6.9%,+13.1%,-8.9%,+45.9%
GWW,Extended,Distributors,Industrials,Capital Goods,Adj,Dec,EPS,CY2025,40.497,39.508,-2.4%,39.507,-0.0%,39.507,+0.0%,1233.71,31.2,-2.4%,+22.3%,+3.7%,+19.0%
GWW,Extended,Distributors,Industrials,Capital Goods,Adj,Dec,EPS,CY2026,44.741,43.734,-2.3%,43.585,-0.3%,44.908,+3.0%,1233.71,27.5,+0.4%,+22.3%,+3.7%,+19.0%
GWW,Extended,Distributors,Industrials,Capital Goods,Adj,Dec,EPS,CY2027,49.401,48.201,-2.4%,48.19,-0.0%,49.972,+3.7%,1233.71,24.7,+1.2%,+22.3%,+3.7%,+19.0%
GWW,Extended,Distributors,Industrials,Capital Goods,Adj,Dec,EPS,CY2028,54.616,53.473,-2.1%,52.63,-1.6%,54.298,+3.2%,1233.71,22.7,-0.6%,+22.3%,+3.7%,+19.0%
FAST,Extended,Distributors,Industrials,Capital Goods,Adj,Dec,EPS,CY2025,1.091,1.098,+0.6%,1.098,+0.0%,1.098,+0.0%,44.17,40.2,+0.6%,+10.1%,-5.1%,+12.4%
FAST,Extended,Distributors,Industrials,Capital Goods,Adj,Dec,EPS,CY2026,1.196,1.215,+1.6%,1.222,+0.6%,1.236,+1.1%,44.17,35.7,+3.3%,+10.1%,-5.1%,+12.4%
FAST,Extended,Distributors,Industrials,Capital Goods,Adj,Dec,EPS,CY2027,1.305,1.322,+1.3%,1.341,+1.4%,1.368,+2.0%,44.17,32.3,+4.8%,+10.1%,-5.1%,+12.4%
FAST,Extended,Distributors,Industrials,Capital Goods,Adj,Dec,EPS,CY2028,1.485,1.46,-1.7%,1.461,+0.1%,1.485,+1.6%,44.17,29.7,+0.0%,+10.1%,-5.1%,+12.4%
WSO,Extended,Distributors,Industrials,Capital Goods,Adj,Dec,EPS,CY2025,14.303,12.529,-12.4%,12.338,-1.5%,12.338,+0.0%,420.6,34.1,-13.7%,+24.8%,+1.4%,-11.6%
WSO,Extended,Distributors,Industrials,Capital Goods,Adj,Dec,EPS,CY2026,15.611,13.593,-12.9%,13.225,-2.7%,12.729,-3.8%,420.6,33.0,-18.5%,+24.8%,+1.4%,-11.6%
WSO,Extended,Distributors,Industrials,Capital Goods,Adj,Dec,EPS,CY2027,17.343,15.111,-12.9%,14.544,-3.8%,13.929,-4.2%,420.6,30.2,-19.7%,+24.8%,+1.4%,-11.6%
WSO,Extended,Distributors,Industrials,Capital Goods,Adj,Dec,EPS,CY2028,19.207,17.718,-7.8%,17.544,-1.0%,15.98,-8.9%,420.6,26.3,-16.8%,+24.8%,+1.4%,-11.6%
WCC,Extended,Distributors,Industrials,Capital Goods,Adj,Dec,EPS,CY2025,13.247,13.462,+1.6%,13.435,-0.2%,13.435,+0.0%,355.31,26.4,+1.4%,+45.2%,+17.8%,+119.5%
WCC,Extended,Distributors,Industrials,Capital Goods,Adj,Dec,EPS,CY2026,15.785,16.359,+3.6%,16.388,+0.2%,16.07,-1.9%,355.31,22.1,+1.8%,+45.2%,+17.8%,+119.5%
WCC,Extended,Distributors,Industrials,Capital Goods,Adj,Dec,EPS,CY2027,18.578,18.91,+1.8%,19.186,+1.5%,18.788,-2.1%,355.31,18.9,+1.1%,+45.2%,+17.8%,+119.5%
WCC,Extended,Distributors,Industrials,Capital Goods,Adj,Dec,EPS,CY2028,20.967,22.05,+5.2%,22.09,+0.2%,21.618,-2.1%,355.31,16.4,+3.1%,+45.2%,+17.8%,+119.5%
MSM,Extended,Distributors,Industrials,Capital Goods,Adj,Aug,EPS,CY2025,3.526,3.678,+4.3%,3.678,+0.0%,3.678,+0.0%,104.28,28.4,+4.3%,+24.0%,+10.7%,+36.8%
MSM,Extended,Distributors,Industrials,Capital Goods,Adj,Aug,EPS,CY2026,3.921,4.275,+9.0%,4.304,+0.7%,4.359,+1.3%,104.28,23.9,+11.2%,+24.0%,+10.7%,+36.8%
MSM,Extended,Distributors,Industrials,Capital Goods,Adj,Aug,EPS,CY2027,4.66,4.833,+3.7%,4.873,+0.8%,4.94,+1.4%,104.28,21.1,+6.0%,+24.0%,+10.7%,+36.8%
MSM,Extended,Distributors,Industrials,Capital Goods,Adj,Aug,EPS,CY2028,6.117,5.463,-10.7%,5.543,+1.5%,5.637,+1.7%,104.28,18.5,-7.8%,+24.0%,+10.7%,+36.8%
SITE,Extended,Distributors,Industrials,Capital Goods,Adj,Dec,EPS,CY2025,3.581,3.599,+0.5%,3.611,+0.3%,3.611,+0.0%,121.0,33.5,+0.8%,-2.9%,-16.9%,+0.3%
SITE,Extended,Distributors,Industrials,Capital Goods,Adj,Dec,EPS,CY2026,4.398,4.427,+0.7%,4.414,-0.3%,4.271,-3.2%,121.0,28.3,-2.9%,-2.9%,-16.9%,+0.3%
SITE,Extended,Distributors,Industrials,Capital Goods,Adj,Dec,EPS,CY2027,5.437,5.157,-5.1%,5.183,+0.5%,5.204,+0.4%,121.0,23.3,-4.3%,-2.9%,-16.9%,+0.3%
SITE,Extended,Distributors,Industrials,Capital Goods,Adj,Dec,EPS,CY2028,5.82,6.215,+6.8%,6.215,+0.0%,6.128,-1.4%,121.0,19.7,+5.3%,-2.9%,-16.9%,+0.3%
GPC,Extended,Distributors,Consumer Discretionary,Consumer Discretionary Distrib,Adj,Dec,EPS,CY2025,7.782,7.633,-1.9%,7.625,-0.1%,7.633,+0.1%,104.72,13.7,-1.9%,-14.8%,-28.3%,-10.8%
GPC,Extended,Distributors,Consumer Discretionary,Consumer Discretionary Distrib,Adj,Dec,EPS,CY2026,8.581,8.418,-1.9%,8.429,+0.1%,7.753,-8.0%,104.72,13.5,-9.6%,-14.8%,-28.3%,-10.8%
GPC,Extended,Distributors,Consumer Discretionary,Consumer Discretionary Distrib,Adj,Dec,EPS,CY2027,9.301,9.144,-1.7%,9.189,+0.5%,8.425,-8.3%,104.72,12.4,-9.4%,-14.8%,-28.3%,-10.8%
GPC,Extended,Distributors,Consumer Discretionary,Consumer Discretionary Distrib,Adj,Dec,EPS,CY2028,9.773,9.897,+1.3%,9.953,+0.6%,9.343,-6.1%,104.72,11.2,-4.4%,-14.8%,-28.3%,-10.8%
DNOW,Extended,Distributors,Industrials,Capital Goods,Adj,Dec,EPS,CY2025,0.89,0.93,+4.5%,0.855,-8.1%,0.855,+0.0%,13.07,15.3,-3.9%,-1.4%,-22.5%,-10.5%
DNOW,Extended,Distributors,Industrials,Capital Goods,Adj,Dec,EPS,CY2026,0.99,0.935,-5.6%,1.058,+13.2%,0.465,-56.0%,13.07,28.1,-53.0%,-1.4%,-22.5%,-10.5%
DNOW,Extended,Distributors,Industrials,Capital Goods,Adj,Dec,EPS,CY2027,1.04,1.053,+1.2%,1.28,+21.6%,0.94,-26.6%,13.07,13.9,-9.6%,-1.4%,-22.5%,-10.5%
DNOW,Extended,Distributors,Industrials,Capital Goods,Adj,Dec,EPS,CY2028,1.14,1.14,+0.0%,1.51,+32.5%,0.93,-38.4%,13.07,14.1,-18.4%,-1.4%,-22.5%,-10.5%
TCEHY,Extended,China equities,Communication Services,Media & Entertainment,GAAP,Dec,EPS,CY2025,22.526,23.528,+4.4%,24.181,+2.8%,24.188,+0.0%,59.82,2.5,+7.4%,-21.9%,-16.7%,-5.5%
TCEHY,Extended,China equities,Communication Services,Media & Entertainment,GAAP,Dec,EPS,CY2026,25.619,27.117,+5.8%,27.661,+2.0%,26.817,-3.1%,59.82,2.2,+4.7%,-21.9%,-16.7%,-5.5%
TCEHY,Extended,China equities,Communication Services,Media & Entertainment,GAAP,Dec,EPS,CY2027,28.798,30.874,+7.2%,31.468,+1.9%,30.548,-2.9%,59.82,2.0,+6.1%,-21.9%,-16.7%,-5.5%
TCEHY,Extended,China equities,Communication Services,Media & Entertainment,GAAP,Dec,EPS,CY2028,31.454,34.522,+9.8%,34.039,-1.4%,34.305,+0.8%,59.82,1.7,+9.1%,-21.9%,-16.7%,-5.5%
BIDU,Extended,China equities,Communication Services,Media & Entertainment,Adj,Dec,EPS,CY2025,73.339,52.195,-28.8%,53.287,+2.1%,51.981,-2.5%,141.05,2.7,-29.1%,+8.0%,-4.0%,+62.4%
BIDU,Extended,China equities,Communication Services,Media & Entertainment,Adj,Dec,EPS,CY2026,78.776,58.595,-25.6%,57.623,-1.7%,54.254,-5.8%,141.05,2.6,-31.1%,+8.0%,-4.0%,+62.4%
BIDU,Extended,China equities,Communication Services,Media & Entertainment,Adj,Dec,EPS,CY2027,89.413,69.467,-22.3%,70.114,+0.9%,62.992,-10.2%,141.05,2.2,-29.5%,+8.0%,-4.0%,+62.4%
BIDU,Extended,China equities,Communication Services,Media & Entertainment,Adj,Dec,EPS,CY2028,91.142,91.743,+0.7%,95.564,+4.2%,76.929,-19.5%,141.05,1.8,-15.6%,+8.0%,-4.0%,+62.4%
JD,Extended,China equities,Consumer Discretionary,Consumer Discretionary Distrib,Adj,Dec,EPS,CY2025,32.705,18.573,-43.2%,17.753,-4.4%,17.531,-1.3%,30.13,1.7,-46.4%,+5.0%,+7.6%,-11.0%
JD,Extended,China equities,Consumer Discretionary,Consumer Discretionary Distrib,Adj,Dec,EPS,CY2026,35.585,25.295,-28.9%,20.558,-18.7%,20.708,+0.7%,30.13,1.5,-41.8%,+5.0%,+7.6%,-11.0%
JD,Extended,China equities,Consumer Discretionary,Consumer Discretionary Distrib,Adj,Dec,EPS,CY2027,38.269,33.34,-12.9%,29.095,-12.7%,27.613,-5.1%,30.13,1.1,-27.8%,+5.0%,+7.6%,-11.0%
JD,Extended,China equities,Consumer Discretionary,Consumer Discretionary Distrib,Adj,Dec,EPS,CY2028,38.343,38.448,+0.3%,35.359,-8.0%,33.185,-6.1%,30.13,0.9,-13.5%,+5.0%,+7.6%,-11.0%
700,Extended,China equities,Communication Services,Media & Entertainment,GAAP,Dec,EPS,CY2025,22.526,23.528,+4.4%,24.181,+2.8%,24.188,+0.0%,471.4,19.5,+7.4%,-21.3%,-15.8%,-4.7%
700,Extended,China equities,Communication Services,Media & Entertainment,GAAP,Dec,EPS,CY2026,25.619,27.117,+5.8%,27.661,+2.0%,26.817,-3.1%,471.4,17.6,+4.7%,-21.3%,-15.8%,-4.7%
700,Extended,China equities,Communication Services,Media & Entertainment,GAAP,Dec,EPS,CY2027,28.798,30.874,+7.2%,31.468,+1.9%,30.548,-2.9%,471.4,15.4,+6.1%,-21.3%,-15.8%,-4.7%
700,Extended,China equities,Communication Services,Media & Entertainment,GAAP,Dec,EPS,CY2028,31.454,34.522,+9.8%,34.039,-1.4%,34.305,+0.8%,471.4,13.7,+9.1%,-21.3%,-15.8%,-4.7%
TCOM,Extended,China equities,Consumer Discretionary,Consumer Services,Adj,Dec,EPS,CY2025,25.955,26.695,+2.9%,45.404,+70.1%,45.003,-0.9%,52.68,1.2,+73.4%,-26.7%,-10.1%,-14.3%
TCOM,Extended,China equities,Consumer Discretionary,Consumer Services,Adj,Dec,EPS,CY2026,29.348,29.666,+1.1%,29.409,-0.9%,27.656,-6.0%,52.68,1.9,-5.8%,-26.7%,-10.1%,-14.3%
TCOM,Extended,China equities,Consumer Discretionary,Consumer Services,Adj,Dec,EPS,CY2027,33.636,34.31,+2.0%,33.237,-3.1%,31.542,-5.1%,52.68,1.7,-6.2%,-26.7%,-10.1%,-14.3%
TCOM,Extended,China equities,Consumer Discretionary,Consumer Services,Adj,Dec,EPS,CY2028,37.318,36.704,-1.6%,37.057,+1.0%,35.73,-3.6%,52.68,1.5,-4.3%,-26.7%,-10.1%,-14.3%
3988,Extended,China equities,Financials,Banks,GAAP,Dec,EPS,CY2025,0.756,0.728,-3.7%,0.726,-0.3%,0.727,+0.1%,5.11,7.0,-3.8%,+14.6%,+8.7%,+13.1%
3988,Extended,China equities,Financials,Banks,GAAP,Dec,EPS,CY2026,0.777,0.735,-5.4%,0.736,+0.1%,0.749,+1.8%,5.11,6.8,-3.6%,+14.6%,+8.7%,+13.1%
3988,Extended,China equities,Financials,Banks,GAAP,Dec,EPS,CY2027,0.811,0.764,-5.8%,0.761,-0.4%,0.783,+2.9%,5.11,6.5,-3.5%,+14.6%,+8.7%,+13.1%
3988,Extended,China equities,Financials,Banks,GAAP,Dec,EPS,CY2028,0.81,0.78,-3.7%,0.805,+3.2%,0.83,+3.1%,5.11,6.2,+2.5%,+14.6%,+8.7%,+13.1%
3690,Extended,China equities,Consumer Discretionary,Consumer Services,GAAP,Dec,EPS,CY2025,6.773,-2.14,-131.6%,-3.799,-77.5%,-3.845,-1.2%,84.05,-21.9,-156.8%,-18.6%,-7.7%,-40.4%
3690,Extended,China equities,Consumer Discretionary,Consumer Services,GAAP,Dec,EPS,CY2026,8.644,2.603,-69.9%,-0.618,-123.7%,-2.137,-245.8%,84.05,-39.3,-124.7%,-18.6%,-7.7%,-40.4%
3690,Extended,China equities,Consumer Discretionary,Consumer Services,GAAP,Dec,EPS,CY2027,10.643,6.387,-40.0%,4.539,-28.9%,2.836,-37.5%,84.05,29.6,-73.4%,-18.6%,-7.7%,-40.4%
3690,Extended,China equities,Consumer Discretionary,Consumer Services,GAAP,Dec,EPS,CY2028,11.979,8.624,-28.0%,7.662,-11.2%,5.507,-28.1%,84.05,15.3,-54.0%,-18.6%,-7.7%,-40.4%
1398,Extended,China equities,Financials,Banks,GAAP,Dec,EPS,CY2025,0.991,0.992,+0.1%,0.998,+0.6%,1.007,+0.9%,6.92,6.9,+1.6%,+10.0%,+6.1%,+26.7%
1398,Extended,China equities,Financials,Banks,GAAP,Dec,EPS,CY2026,1.008,1.002,-0.6%,1.004,+0.2%,1.034,+3.0%,6.92,6.7,+2.6%,+10.0%,+6.1%,+26.7%
1398,Extended,China equities,Financials,Banks,GAAP,Dec,EPS,CY2027,1.033,1.027,-0.6%,1.025,-0.2%,1.083,+5.7%,6.92,6.4,+4.8%,+10.0%,+6.1%,+26.7%
1398,Extended,China equities,Financials,Banks,GAAP,Dec,EPS,CY2028,,,,,,1.137,,6.92,6.1,,+10.0%,+6.1%,+26.7%
VIPS,Extended,China equities,Consumer Discretionary,Consumer Discretionary Distrib,Adj,Dec,EPS,CY2025,17.326,16.76,-3.3%,16.633,-0.8%,16.633,+0.0%,14.46,0.9,-4.0%,-18.3%,-19.4%,+4.6%
VIPS,Extended,China equities,Consumer Discretionary,Consumer Discretionary Distrib,Adj,Dec,EPS,CY2026,18.142,17.798,-1.9%,17.622,-1.0%,17.705,+0.5%,14.46,0.8,-2.4%,-18.3%,-19.4%,+4.6%
VIPS,Extended,China equities,Consumer Discretionary,Consumer Discretionary Distrib,Adj,Dec,EPS,CY2027,18.879,18.527,-1.9%,18.704,+1.0%,18.631,-0.4%,14.46,0.8,-1.3%,-18.3%,-19.4%,+4.6%
VIPS,Extended,China equities,Consumer Discretionary,Consumer Discretionary Distrib,Adj,Dec,EPS,CY2028,,21.38,,20.897,-2.3%,19.386,-7.2%,14.46,0.7,,-18.3%,-19.4%,+4.6%
2199,Extended,China equities,Consumer Discretionary,Consumer Durables & Apparel,Adj,Mar,EPS,CY2025,,0.18,,0.36,+100.0%,0.36,+0.0%,1.87,5.2,,-23.9%,-21.7%,+16.2%
2199,Extended,China equities,Consumer Discretionary,Consumer Durables & Apparel,Adj,Mar,EPS,CY2026,,0.345,,0.47,+36.2%,0.47,+0.0%,1.87,4.0,,-23.9%,-21.7%,+16.2%
2199,Extended,China equities,Consumer Discretionary,Consumer Durables & Apparel,Adj,Mar,EPS,CY2027,,,,0.5,,0.5,+0.0%,1.87,3.7,,-23.9%,-21.7%,+16.2%
2199,Extended,China equities,Consumer Discretionary,Consumer Durables & Apparel,Adj,Mar,EPS,CY2028,,,,,,,,1.87,,,-23.9%,-21.7%,+16.2%
600104,Extended,China equities,Consumer Discretionary,Automobiles & Components,Adj,Dec,EPS,CY2025,0.933,1.027,+10.1%,0.975,-5.1%,0.956,-1.9%,13.64,14.3,+2.5%,-10.4%,-5.9%,-17.6%
600104,Extended,China equities,Consumer Discretionary,Automobiles & Components,Adj,Dec,EPS,CY2026,1.145,1.225,+7.0%,1.175,-4.1%,1.066,-9.3%,13.64,12.8,-6.9%,-10.4%,-5.9%,-17.6%
600104,Extended,China equities,Consumer Discretionary,Automobiles & Components,Adj,Dec,EPS,CY2027,1.263,1.467,+16.2%,1.401,-4.5%,1.209,-13.7%,13.64,11.3,-4.3%,-10.4%,-5.9%,-17.6%
600104,Extended,China equities,Consumer Discretionary,Automobiles & Components,Adj,Dec,EPS,CY2028,0.84,1.85,+120.2%,1.85,+0.0%,1.314,-29.0%,13.64,10.4,+56.4%,-10.4%,-5.9%,-17.6%
175,Extended,China equities,Consumer Discretionary,Automobiles & Components,GAAP,Dec,EPS,CY2025,1.403,1.581,+12.7%,1.612,+2.0%,1.601,-0.7%,22.74,14.2,+14.1%,+27.0%,+37.1%,+23.9%
175,Extended,China equities,Consumer Discretionary,Automobiles & Components,GAAP,Dec,EPS,CY2026,1.744,1.907,+9.3%,1.917,+0.5%,1.989,+3.8%,22.74,11.4,+14.0%,+27.0%,+37.1%,+23.9%
175,Extended,China equities,Consumer Discretionary,Automobiles & Components,GAAP,Dec,EPS,CY2027,2.105,2.316,+10.0%,2.528,+9.2%,2.4,-5.1%,22.74,9.5,+14.0%,+27.0%,+37.1%,+23.9%
175,Extended,China equities,Consumer Discretionary,Automobiles & Components,GAAP,Dec,EPS,CY2028,2.06,2.34,+13.6%,2.217,-5.3%,2.771,+25.0%,22.74,8.2,+34.5%,+27.0%,+37.1%,+23.9%
2333,Extended,China equities,Consumer Discretionary,Automobiles & Components,Adj,Dec,EPS,CY2025,1.545,1.529,-1.0%,1.396,-8.7%,1.354,-3.0%,12.11,8.9,-12.4%,-20.8%,-8.4%,+0.1%
2333,Extended,China equities,Consumer Discretionary,Automobiles & Components,Adj,Dec,EPS,CY2026,1.755,1.833,+4.4%,1.673,-8.7%,1.354,-19.1%,12.11,8.9,-22.8%,-20.8%,-8.4%,+0.1%
2333,Extended,China equities,Consumer Discretionary,Automobiles & Components,Adj,Dec,EPS,CY2027,1.933,2.085,+7.9%,1.939,-7.0%,1.614,-16.8%,12.11,7.5,-16.5%,-20.8%,-8.4%,+0.1%
2333,Extended,China equities,Consumer Discretionary,Automobiles & Components,Adj,Dec,EPS,CY2028,10.948,1.64,-85.0%,1.457,-11.2%,1.859,+27.6%,12.11,6.5,-83.0%,-20.8%,-8.4%,+0.1%
NRG,Extended,Utilities,Utilities,Utilities,Adj,Dec,EPS,CY2025,7.353,7.949,+8.1%,8.115,+2.1%,7.908,-2.6%,138.11,17.5,+7.5%,-13.3%,-11.3%,+15.7%
NRG,Extended,Utilities,Utilities,Utilities,Adj,Dec,EPS,CY2026,8.058,8.756,+8.7%,8.771,+0.2%,9.278,+5.8%,138.11,14.9,+15.1%,-13.3%,-11.3%,+15.7%
NRG,Extended,Utilities,Utilities,Utilities,Adj,Dec,EPS,CY2027,8.714,10.671,+22.5%,10.888,+2.0%,11.458,+5.2%,138.11,12.1,+31.5%,-13.3%,-11.3%,+15.7%
NRG,Extended,Utilities,Utilities,Utilities,Adj,Dec,EPS,CY2028,9.182,11.879,+29.4%,12.357,+4.0%,12.985,+5.1%,138.11,10.6,+41.4%,-13.3%,-11.3%,+15.7%
CEG,Extended,Utilities,Utilities,Utilities,Adj,Dec,EPS,CY2025,9.509,9.401,-1.1%,9.311,-1.0%,9.29,-0.2%,303.63,32.7,-2.3%,-14.1%,+11.6%,+11.9%
CEG,Extended,Utilities,Utilities,Utilities,Adj,Dec,EPS,CY2026,11.065,11.468,+3.6%,11.517,+0.4%,11.527,+0.1%,303.63,26.3,+4.2%,-14.1%,+11.6%,+11.9%
CEG,Extended,Utilities,Utilities,Utilities,Adj,Dec,EPS,CY2027,11.802,13.109,+11.1%,13.368,+2.0%,13.386,+0.1%,303.63,22.7,+13.4%,-14.1%,+11.6%,+11.9%
CEG,Extended,Utilities,Utilities,Utilities,Adj,Dec,EPS,CY2028,13.642,16.396,+20.2%,16.441,+0.3%,16.659,+1.3%,303.63,18.2,+22.1%,-14.1%,+11.6%,+11.9%
VST,Extended,Utilities,Utilities,Utilities,Adj,Dec,EPS,CY2025,6.272,5.492,-12.4%,4.193,-23.7%,4.74,+13.0%,147.72,31.2,-24.4%,-8.4%,-3.4%,+8.8%
VST,Extended,Utilities,Utilities,Utilities,Adj,Dec,EPS,CY2026,8.084,8.738,+8.1%,8.819,+0.9%,8.759,-0.7%,147.72,16.9,+8.3%,-8.4%,-3.4%,+8.8%
VST,Extended,Utilities,Utilities,Utilities,Adj,Dec,EPS,CY2027,8.968,10.486,+16.9%,11.074,+5.6%,10.938,-1.2%,147.72,13.5,+22.0%,-8.4%,-3.4%,+8.8%
VST,Extended,Utilities,Utilities,Utilities,Adj,Dec,EPS,CY2028,11.067,12.533,+13.2%,13.479,+7.5%,12.635,-6.3%,147.72,11.7,+14.2%,-8.4%,-3.4%,+8.8%
AI,Extended,Technology,Information Technology,Software & Services,Adj,Apr,EPS,CY2025,-0.441,-0.441,+0.0%,-0.441,+0.0%,-0.441,+0.0%,9.87,-22.4,+0.0%,-26.8%,-15.2%,-57.8%
AI,Extended,Technology,Information Technology,Software & Services,Adj,Apr,EPS,CY2026,-0.411,-1.252,-204.6%,-1.349,-7.7%,-1.389,-3.0%,9.87,-7.1,-238.0%,-26.8%,-15.2%,-57.8%
AI,Extended,Technology,Information Technology,Software & Services,Adj,Apr,EPS,CY2027,-0.26,-0.891,-242.7%,-1.051,-18.0%,-0.781,+25.7%,9.87,-12.6,-200.4%,-26.8%,-15.2%,-57.8%
AI,Extended,Technology,Information Technology,Software & Services,Adj,Apr,EPS,CY2028,,-0.641,,-0.725,-13.1%,-0.511,+29.5%,9.87,-19.3,,-26.8%,-15.2%,-57.8%
PATH,Extended,Software,Information Technology,Software & Services,Adj,Jan,EPS,CY2025,0.543,0.661,+21.7%,0.672,+1.7%,0.672,+0.0%,10.79,16.1,+23.8%,-34.2%,-17.0%,-13.7%
PATH,Extended,Software,Information Technology,Software & Services,Adj,Jan,EPS,CY2026,0.593,0.742,+25.1%,0.761,+2.6%,0.799,+5.0%,10.79,13.5,+34.7%,-34.2%,-17.0%,-13.7%
PATH,Extended,Software,Information Technology,Software & Services,Adj,Jan,EPS,CY2027,0.62,0.808,+30.3%,0.822,+1.7%,0.895,+8.9%,10.79,12.1,+44.4%,-34.2%,-17.0%,-13.7%
PATH,Extended,Software,Information Technology,Software & Services,Adj,Jan,EPS,CY2028,,0.885,,0.863,-2.5%,0.992,+14.9%,10.79,10.9,,-34.2%,-17.0%,-13.7%
ON,Extended,Technology,Information Technology,Semiconductors & Semiconductor,Adj,Dec,EPS,CY2025,2.309,2.312,+0.1%,2.343,+1.3%,2.343,+0.0%,103.2,44.0,+1.5%,+90.6%,+58.5%,+151.8%
ON,Extended,Technology,Information Technology,Semiconductors & Semiconductor,Adj,Dec,EPS,CY2026,3.125,2.924,-6.4%,2.944,+0.7%,3.101,+5.3%,103.2,33.3,-0.8%,+90.6%,+58.5%,+151.8%
ON,Extended,Technology,Information Technology,Semiconductors & Semiconductor,Adj,Dec,EPS,CY2027,4.813,4.015,-16.6%,4.054,+1.0%,4.28,+5.6%,103.2,24.1,-11.1%,+90.6%,+58.5%,+151.8%
ON,Extended,Technology,Information Technology,Semiconductors & Semiconductor,Adj,Dec,EPS,CY2028,38.29,5.315,-86.1%,5.315,+0.0%,5.63,+5.9%,103.2,18.3,-85.3%,+90.6%,+58.5%,+151.8%
MCHP,Extended,Technology,Information Technology,Semiconductors & Semiconductor,Adj,Mar,EPS,CY2025,1.242,1.436,+15.6%,1.562,+8.8%,1.567,+0.3%,99.09,63.2,+26.2%,+55.5%,+33.2%,+79.1%
MCHP,Extended,Technology,Information Technology,Semiconductors & Semiconductor,Adj,Mar,EPS,CY2026,2.43,2.447,+0.7%,2.658,+8.6%,3.101,+16.7%,99.09,32.0,+27.6%,+55.5%,+33.2%,+79.1%
MCHP,Extended,Technology,Information Technology,Semiconductors & Semiconductor,Adj,Mar,EPS,CY2027,3.357,3.515,+4.7%,3.652,+3.9%,4.119,+12.8%,99.09,24.1,+22.7%,+55.5%,+33.2%,+79.1%
MCHP,Extended,Technology,Information Technology,Semiconductors & Semiconductor,Adj,Mar,EPS,CY2028,,3.77,,4.125,+9.4%,4.665,+13.1%,99.09,21.2,,+55.5%,+33.2%,+79.1%
NXPI,Extended,Technology,Information Technology,Semiconductors & Semiconductor,Adj,Dec,EPS,CY2025,11.537,11.77,+2.0%,11.774,+0.0%,11.774,+0.0%,294.75,25.0,+2.1%,+35.8%,+28.8%,+53.6%
NXPI,Extended,Technology,Information Technology,Semiconductors & Semiconductor,Adj,Dec,EPS,CY2026,13.763,13.763,+0.0%,13.866,+0.7%,14.71,+6.1%,294.75,20.0,+6.9%,+35.8%,+28.8%,+53.6%
NXPI,Extended,Technology,Information Technology,Semiconductors & Semiconductor,Adj,Dec,EPS,CY2027,16.138,16.431,+1.8%,16.629,+1.2%,17.637,+6.1%,294.75,16.7,+9.3%,+35.8%,+28.8%,+53.6%
NXPI,Extended,Technology,Information Technology,Semiconductors & Semiconductor,Adj,Dec,EPS,CY2028,19.77,19.48,-1.5%,18.959,-2.7%,20.682,+9.1%,294.75,14.3,+4.6%,+35.8%,+28.8%,+53.6%
HIMS,Extended,Healthcare providers,Health Care,Health Care Equipment & Servic,Adj,Dec,EPS,CY2025,1.048,0.893,-14.8%,0.74,-17.1%,0.799,+8.0%,28.27,35.4,-23.8%,-12.9%,+46.2%,-45.6%
HIMS,Extended,Healthcare providers,Health Care,Health Care Equipment & Servic,Adj,Dec,EPS,CY2026,1.026,0.779,-24.1%,0.822,+5.5%,0.786,-4.4%,28.27,36.0,-23.4%,-12.9%,+46.2%,-45.6%
HIMS,Extended,Healthcare providers,Health Care,Health Care Equipment & Servic,Adj,Dec,EPS,CY2027,1.269,1.043,-17.8%,1.089,+4.4%,1.112,+2.1%,28.27,25.4,-12.4%,-12.9%,+46.2%,-45.6%
HIMS,Extended,Healthcare providers,Health Care,Health Care Equipment & Servic,Adj,Dec,EPS,CY2028,2.05,1.81,-11.7%,1.356,-25.1%,1.431,+5.5%,28.27,19.8,-30.2%,-12.9%,+46.2%,-45.6%
DOCS,Extended,Healthcare providers,Health Care,Health Care Equipment & Servic,Adj,Mar,EPS,CY2025,1.418,1.566,+10.4%,1.55,-1.0%,1.543,-0.5%,25.98,16.8,+8.8%,-41.3%,-5.5%,-56.1%
DOCS,Extended,Healthcare providers,Health Care,Health Care Equipment & Servic,Adj,Mar,EPS,CY2026,1.611,1.704,+5.8%,1.65,-3.2%,1.608,-2.5%,25.98,16.2,-0.2%,-41.3%,-5.5%,-56.1%
DOCS,Extended,Healthcare providers,Health Care,Health Care Equipment & Servic,Adj,Mar,EPS,CY2027,1.847,1.872,+1.4%,1.832,-2.1%,1.781,-2.8%,25.98,14.6,-3.6%,-41.3%,-5.5%,-56.1%
DOCS,Extended,Healthcare providers,Health Care,Health Care Equipment & Servic,Adj,Mar,EPS,CY2028,2.36,2.095,-11.2%,2.187,+4.4%,2.062,-5.7%,25.98,12.6,-12.6%,-41.3%,-5.5%,-56.1%
COIN,Extended,Financials and related,Financials,Financial Services,Adj,Dec,EPS,CY2025,6.763,5.877,-13.1%,4.413,-24.9%,4.406,-0.2%,201.16,45.7,-34.9%,-11.0%,+20.3%,+0.9%
COIN,Extended,Financials and related,Financials,Financial Services,Adj,Dec,EPS,CY2026,7.512,6.748,-10.2%,5.689,-15.7%,2.176,-61.8%,201.16,92.4,-71.0%,-11.0%,+20.3%,+0.9%
COIN,Extended,Financials and related,Financials,Financial Services,Adj,Dec,EPS,CY2027,8.304,7.474,-10.0%,6.666,-10.8%,5.099,-23.5%,201.16,39.5,-38.6%,-11.0%,+20.3%,+0.9%
COIN,Extended,Financials and related,Financials,Financial Services,Adj,Dec,EPS,CY2028,9.026,8.643,-4.2%,7.412,-14.2%,6.136,-17.2%,201.16,32.8,-32.0%,-11.0%,+20.3%,+0.9%
SOFI,Extended,Financials and related,Financials,Financial Services,Adj,Dec,EPS,CY2025,0.275,0.386,+40.4%,0.366,-5.2%,0.366,+0.0%,15.75,43.0,+33.1%,-39.8%,-26.2%,+19.5%
SOFI,Extended,Financials and related,Financials,Financial Services,Adj,Dec,EPS,CY2026,0.505,0.599,+18.6%,0.585,-2.3%,0.602,+2.9%,15.75,26.2,+19.2%,-39.8%,-26.2%,+19.5%
SOFI,Extended,Financials and related,Financials,Financial Services,Adj,Dec,EPS,CY2027,0.706,0.828,+17.3%,0.808,-2.4%,0.815,+0.9%,15.75,19.3,+15.4%,-39.8%,-26.2%,+19.5%
SOFI,Extended,Financials and related,Financials,Financial Services,Adj,Dec,EPS,CY2028,1.015,0.92,-9.4%,0.973,+5.8%,1.016,+4.4%,15.75,15.5,+0.1%,-39.8%,-26.2%,+19.5%
CPNG,Extended,Retailers,Consumer Discretionary,Consumer Discretionary Distrib,Adj,Dec,EPS,CY2025,0.32,0.173,-45.9%,0.174,+0.6%,0.168,-3.4%,16.98,101.1,-47.5%,-28.0%,-8.4%,-34.7%
CPNG,Extended,Retailers,Consumer Discretionary,Consumer Discretionary Distrib,Adj,Dec,EPS,CY2026,0.71,0.542,-23.7%,0.375,-30.8%,-0.018,-104.8%,16.98,-943.3,-102.5%,-28.0%,-8.4%,-34.7%
CPNG,Extended,Retailers,Consumer Discretionary,Consumer Discretionary Distrib,Adj,Dec,EPS,CY2027,0.991,0.958,-3.3%,0.821,-14.3%,0.448,-45.4%,16.98,37.9,-54.8%,-28.0%,-8.4%,-34.7%
CPNG,Extended,Retailers,Consumer Discretionary,Consumer Discretionary Distrib,Adj,Dec,EPS,CY2028,1.13,1.485,+31.4%,1.047,-29.5%,0.769,-26.6%,16.98,22.1,-31.9%,-28.0%,-8.4%,-34.7%
MELI,Extended,Retailers,Consumer Discretionary,Consumer Discretionary Distrib,Adj,Dec,EPS,CY2025,48.257,42.757,-11.4%,40.85,-4.5%,40.854,+0.0%,1632.52,40.0,-15.3%,-19.0%,-19.8%,-33.4%
MELI,Extended,Retailers,Consumer Discretionary,Consumer Discretionary Distrib,Adj,Dec,EPS,CY2026,66.451,62.223,-6.4%,59.627,-4.2%,45.404,-23.9%,1632.52,36.0,-31.7%,-19.0%,-19.8%,-33.4%
MELI,Extended,Retailers,Consumer Discretionary,Consumer Discretionary Distrib,Adj,Dec,EPS,CY2027,87.029,84.399,-3.0%,82.933,-1.7%,63.87,-23.0%,1632.52,25.6,-26.6%,-19.0%,-19.8%,-33.4%
MELI,Extended,Retailers,Consumer Discretionary,Consumer Discretionary Distrib,Adj,Dec,EPS,CY2028,112.204,109.833,-2.1%,107.509,-2.1%,90.375,-15.9%,1632.52,18.1,-19.5%,-19.0%,-19.8%,-33.4%
SE,Extended,Internet,Consumer Discretionary,Consumer Discretionary Distrib,Adj,Dec,EPS,CY2025,3.569,3.775,+5.8%,3.658,-3.1%,3.587,-1.9%,86.73,24.2,+0.5%,-32.0%,-20.3%,-37.7%
SE,Extended,Internet,Consumer Discretionary,Consumer Discretionary Distrib,Adj,Dec,EPS,CY2026,5.011,5.237,+4.5%,4.879,-6.8%,3.569,-26.8%,86.73,24.3,-28.8%,-32.0%,-20.3%,-37.7%
SE,Extended,Internet,Consumer Discretionary,Consumer Discretionary Distrib,Adj,Dec,EPS,CY2027,6.448,7.076,+9.7%,6.791,-4.0%,4.763,-29.9%,86.73,18.2,-26.1%,-32.0%,-20.3%,-37.7%
SE,Extended,Internet,Consumer Discretionary,Consumer Discretionary Distrib,Adj,Dec,EPS,CY2028,9.455,9.775,+3.4%,8.887,-9.1%,5.883,-33.8%,86.73,14.7,-37.8%,-32.0%,-20.3%,-37.7%
GTLB,Extended,Software,Information Technology,Software & Services,Adj,Jan,EPS,CY2025,0.71,0.835,+17.6%,0.895,+7.2%,0.894,-0.1%,25.98,29.1,+25.9%,-30.8%,-20.0%,-47.2%
GTLB,Extended,Software,Information Technology,Software & Services,Adj,Jan,EPS,CY2026,0.965,1.028,+6.5%,1.059,+3.0%,0.788,-25.6%,25.98,33.0,-18.3%,-30.8%,-20.0%,-47.2%
GTLB,Extended,Software,Information Technology,Software & Services,Adj,Jan,EPS,CY2027,1.363,1.289,-5.4%,1.312,+1.8%,0.99,-24.5%,25.98,26.2,-27.4%,-30.8%,-20.0%,-47.2%
GTLB,Extended,Software,Information Technology,Software & Services,Adj,Jan,EPS,CY2028,1.56,1.405,-9.9%,1.773,+26.2%,1.141,-35.6%,25.98,22.8,-26.9%,-30.8%,-20.0%,-47.2%
CFLT,Extended,Software,Information Technology,Software & Services,Adj,Dec,EPS,CY2025,0.369,0.4,+8.4%,0.4,+0.0%,0.4,+0.0%,,,+8.4%,,,
CFLT,Extended,Software,Information Technology,Software & Services,Adj,Dec,EPS,CY2026,0.479,0.486,+1.5%,0.485,-0.2%,0.533,+9.9%,,,+11.3%,,,
CFLT,Extended,Software,Information Technology,Software & Services,Adj,Dec,EPS,CY2027,0.67,0.639,-4.6%,0.634,-0.8%,0.73,+15.1%,,,+9.0%,,,
CFLT,Extended,Software,Information Technology,Software & Services,Adj,Dec,EPS,CY2028,0.875,0.805,-8.0%,0.776,-3.6%,0.81,+4.4%,,,-7.4%,,,
IONQ,Extended,Technology,Information Technology,Technology Hardware & Equipmen,Adj,Dec,EPS,CY2025,-0.647,-0.857,-32.5%,-0.833,+2.8%,-0.833,+0.0%,49.24,-59.1,-28.7%,+9.7%,+38.8%,+57.5%
IONQ,Extended,Technology,Information Technology,Technology Hardware & Equipmen,Adj,Dec,EPS,CY2026,-0.714,-1.232,-72.5%,-1.089,+11.6%,-1.039,+4.6%,49.24,-47.4,-45.5%,+9.7%,+38.8%,+57.5%
IONQ,Extended,Technology,Information Technology,Technology Hardware & Equipmen,Adj,Dec,EPS,CY2027,-0.373,-0.578,-55.0%,-0.727,-25.8%,-0.885,-21.7%,49.24,-55.6,-137.3%,+9.7%,+38.8%,+57.5%
IONQ,Extended,Technology,Information Technology,Technology Hardware & Equipmen,Adj,Dec,EPS,CY2028,-0.45,-0.867,-92.7%,-0.6,+30.8%,-0.694,-15.7%,49.24,-71.0,-54.2%,+9.7%,+38.8%,+57.5%
ZS,Extended,Software,Information Technology,Software & Services,Adj,Jul,EPS,CY2025,3.09,3.188,+3.2%,3.188,+0.0%,3.188,+0.0%,152.13,47.7,+3.2%,-32.4%,-10.6%,-34.7%
ZS,Extended,Software,Information Technology,Software & Services,Adj,Jul,EPS,CY2026,3.606,3.668,+1.7%,3.816,+4.0%,4.01,+5.1%,152.13,37.9,+11.2%,-32.4%,-10.6%,-34.7%
ZS,Extended,Software,Information Technology,Software & Services,Adj,Jul,EPS,CY2027,4.347,4.455,+2.5%,4.506,+1.1%,4.588,+1.8%,152.13,33.2,+5.5%,-32.4%,-10.6%,-34.7%
ZS,Extended,Software,Information Technology,Software & Services,Adj,Jul,EPS,CY2028,4.838,5.471,+13.1%,5.504,+0.6%,5.555,+0.9%,152.13,27.4,+14.8%,-32.4%,-10.6%,-34.7%
S,Extended,Software,Information Technology,Software & Services,Adj,Jan,EPS,CY2025,0.185,0.189,+2.2%,0.196,+3.7%,0.195,-0.5%,16.59,85.1,+5.4%,+10.6%,+26.3%,-13.4%
S,Extended,Software,Information Technology,Software & Services,Adj,Jan,EPS,CY2026,0.348,0.331,-4.9%,0.303,-8.5%,0.347,+14.5%,16.59,47.8,-0.3%,+10.6%,+26.3%,-13.4%
S,Extended,Software,Information Technology,Software & Services,Adj,Jan,EPS,CY2027,0.513,0.484,-5.7%,0.438,-9.5%,0.474,+8.2%,16.59,35.0,-7.6%,+10.6%,+26.3%,-13.4%
S,Extended,Software,Information Technology,Software & Services,Adj,Jan,EPS,CY2028,,0.778,,0.678,-12.9%,0.672,-0.9%,16.59,24.7,,+10.6%,+26.3%,-13.4%
AFRM,Extended,Payments,Financials,Financial Services,Adj,Jun,EPS,CY2025,0.144,0.065,-54.9%,0.065,+0.0%,0.065,+0.0%,64.01,984.8,-54.9%,-14.0%,+10.5%,+37.9%
AFRM,Extended,Payments,Financials,Financial Services,Adj,Jun,EPS,CY2026,1.102,1.009,-8.4%,1.094,+8.4%,1.244,+13.7%,64.01,51.5,+12.9%,-14.0%,+10.5%,+37.9%
AFRM,Extended,Payments,Financials,Financial Services,Adj,Jun,EPS,CY2027,2.026,1.878,-7.3%,1.979,+5.4%,2.013,+1.7%,64.01,31.8,-0.6%,-14.0%,+10.5%,+37.9%
AFRM,Extended,Payments,Financials,Financial Services,Adj,Jun,EPS,CY2028,2.173,2.479,+14.1%,2.42,-2.4%,2.767,+14.3%,64.01,23.1,+27.3%,-14.0%,+10.5%,+37.9%
GRAB,Extended,Internet,Industrials,Transportation,Adj,Dec,EPS,CY2025,0.05,0.039,-22.0%,0.039,+0.0%,0.039,+0.0%,3.72,95.4,-22.0%,-25.5%,-12.7%,-24.1%
GRAB,Extended,Internet,Industrials,Transportation,Adj,Dec,EPS,CY2026,0.108,0.101,-6.5%,0.1,-1.0%,0.101,+1.0%,3.72,36.8,-6.5%,-25.5%,-12.7%,-24.1%
GRAB,Extended,Internet,Industrials,Transportation,Adj,Dec,EPS,CY2027,0.159,0.152,-4.4%,0.149,-2.0%,0.153,+2.7%,3.72,24.3,-3.8%,-25.5%,-12.7%,-24.1%
GRAB,Extended,Internet,Industrials,Transportation,Adj,Dec,EPS,CY2028,0.22,0.234,+6.4%,0.213,-9.0%,0.209,-1.9%,3.72,17.8,-5.0%,-25.5%,-12.7%,-24.1%
GLBE,Extended,Internet,Consumer Discretionary,Consumer Discretionary Distrib,Adj,Dec,EPS,CY2025,0.336,0.338,+0.6%,0.342,+1.2%,0.342,+0.0%,29.8,87.1,+1.8%,-24.2%,-9.2%,-21.2%
GLBE,Extended,Internet,Consumer Discretionary,Consumer Discretionary Distrib,Adj,Dec,EPS,CY2026,0.881,0.994,+12.8%,1.044,+5.0%,1.123,+7.6%,29.8,26.5,+27.5%,-24.2%,-9.2%,-21.2%
GLBE,Extended,Internet,Consumer Discretionary,Consumer Discretionary Distrib,Adj,Dec,EPS,CY2027,1.33,1.332,+0.2%,1.424,+6.9%,1.663,+16.8%,29.8,17.9,+25.0%,-24.2%,-9.2%,-21.2%
GLBE,Extended,Internet,Consumer Discretionary,Consumer Discretionary Distrib,Adj,Dec,EPS,CY2028,2.05,1.96,-4.4%,1.985,+1.3%,2.213,+11.5%,29.8,13.5,+8.0%,-24.2%,-9.2%,-21.2%
DUOL,Extended,Internet,Consumer Discretionary,Consumer Services,Adj,Dec,EPS,CY2025,2.854,6.881,+141.1%,8.448,+22.8%,8.448,+0.0%,107.99,12.8,+196.0%,-38.5%,-9.2%,-78.9%
DUOL,Extended,Internet,Consumer Discretionary,Consumer Services,Adj,Dec,EPS,CY2026,4.742,4.719,-0.5%,4.64,-1.7%,2.861,-38.3%,107.99,37.7,-39.7%,-38.5%,-9.2%,-78.9%
DUOL,Extended,Internet,Consumer Discretionary,Consumer Services,Adj,Dec,EPS,CY2027,6.592,5.756,-12.7%,5.424,-5.8%,3.519,-35.1%,107.99,30.7,-46.6%,-38.5%,-9.2%,-78.9%
DUOL,Extended,Internet,Consumer Discretionary,Consumer Services,Adj,Dec,EPS,CY2028,7.285,7.268,-0.2%,7.052,-3.0%,3.962,-43.8%,107.99,27.3,-45.6%,-38.5%,-9.2%,-78.9%
INSP,Extended,Pharma / Med Devices,Health Care,Health Care Equipment & Servic,Adj,Dec,EPS,CY2025,2.248,1.321,-41.2%,1.492,+12.9%,1.492,+0.0%,44.26,29.7,-33.6%,-52.0%,-33.3%,-70.7%
INSP,Extended,Pharma / Med Devices,Health Care,Health Care Equipment & Servic,Adj,Dec,EPS,CY2026,3.188,1.781,-44.1%,1.754,-1.5%,0.811,-53.8%,44.26,54.6,-74.6%,-52.0%,-33.3%,-70.7%
INSP,Extended,Pharma / Med Devices,Health Care,Health Care Equipment & Servic,Adj,Dec,EPS,CY2027,4.289,2.56,-40.3%,2.477,-3.2%,1.295,-47.7%,44.26,34.2,-69.8%,-52.0%,-33.3%,-70.7%
INSP,Extended,Pharma / Med Devices,Health Care,Health Care Equipment & Servic,Adj,Dec,EPS,CY2028,5.267,3.469,-34.1%,3.484,+0.4%,2.026,-41.8%,44.26,21.8,-61.5%,-52.0%,-33.3%,-70.7%
GDRX,Extended,Healthcare providers,Health Care,Health Care Equipment & Servic,Adj,Dec,EPS,CY2025,0.394,0.368,-6.6%,0.361,-1.9%,0.361,+0.0%,2.92,8.1,-8.4%,+7.7%,+32.1%,-32.4%
GDRX,Extended,Healthcare providers,Health Care,Health Care Equipment & Servic,Adj,Dec,EPS,CY2026,0.459,0.446,-2.8%,0.433,-2.9%,0.311,-28.2%,2.92,9.4,-32.2%,+7.7%,+32.1%,-32.4%
GDRX,Extended,Healthcare providers,Health Care,Health Care Equipment & Servic,Adj,Dec,EPS,CY2027,0.51,0.518,+1.6%,0.508,-1.9%,0.37,-27.2%,2.92,7.9,-27.5%,+7.7%,+32.1%,-32.4%
GDRX,Extended,Healthcare providers,Health Care,Health Care Equipment & Servic,Adj,Dec,EPS,CY2028,0.6,0.539,-10.2%,0.511,-5.2%,0.449,-12.1%,2.92,6.5,-25.2%,+7.7%,+32.1%,-32.4%
OSCR,Extended,Managed Care,Financials,Insurance,Adj,Dec,EPS,CY2025,0.743,-1.174,-258.0%,-1.214,-3.4%,-1.214,+0.0%,21.31,-17.6,-263.4%,+48.3%,+68.3%,+24.5%
OSCR,Extended,Managed Care,Financials,Insurance,Adj,Dec,EPS,CY2026,0.979,-0.239,-124.4%,-0.032,+86.6%,0.94,+3037.5%,21.31,22.7,-4.0%,+48.3%,+68.3%,+24.5%
OSCR,Extended,Managed Care,Financials,Insurance,Adj,Dec,EPS,CY2027,1.785,1.035,-42.0%,1.031,-0.4%,1.28,+24.2%,21.31,16.6,-28.3%,+48.3%,+68.3%,+24.5%
OSCR,Extended,Managed Care,Financials,Insurance,Adj,Dec,EPS,CY2028,,1.4,,1.287,-8.1%,2.077,+61.4%,21.31,10.3,,+48.3%,+68.3%,+24.5%
FSLR,Extended,Energy,Information Technology,Semiconductors & Semiconductor,Adj,Dec,EPS,CY2025,14.849,14.536,-2.1%,14.552,+0.1%,14.547,-0.0%,219.95,15.1,-2.0%,-15.8%,-1.0%,+56.3%
FSLR,Extended,Energy,Information Technology,Semiconductors & Semiconductor,Adj,Dec,EPS,CY2026,22.337,22.855,+2.3%,22.698,-0.7%,17.578,-22.6%,219.95,12.5,-21.3%,-15.8%,-1.0%,+56.3%
FSLR,Extended,Energy,Information Technology,Semiconductors & Semiconductor,Adj,Dec,EPS,CY2027,26.368,28.859,+9.4%,29.086,+0.8%,24.078,-17.2%,219.95,9.1,-8.7%,-15.8%,-1.0%,+56.3%
FSLR,Extended,Energy,Information Technology,Semiconductors & Semiconductor,Adj,Dec,EPS,CY2028,29.424,30.772,+4.6%,33.731,+9.6%,29.005,-14.0%,219.95,7.6,-1.4%,-15.8%,-1.0%,+56.3%
ENPH,Extended,Energy,Information Technology,Semiconductors & Semiconductor,Adj,Dec,EPS,CY2025,2.562,2.813,+9.8%,2.809,-0.1%,2.809,+0.0%,36.45,13.0,+9.6%,+13.7%,-27.5%,-28.2%
ENPH,Extended,Energy,Information Technology,Semiconductors & Semiconductor,Adj,Dec,EPS,CY2026,3.346,2.199,-34.3%,2.283,+3.8%,2.075,-9.1%,36.45,17.6,-38.0%,+13.7%,-27.5%,-28.2%
ENPH,Extended,Energy,Information Technology,Semiconductors & Semiconductor,Adj,Dec,EPS,CY2027,3.972,2.602,-34.5%,2.718,+4.5%,2.368,-12.9%,36.45,15.4,-40.4%,+13.7%,-27.5%,-28.2%
ENPH,Extended,Energy,Information Technology,Semiconductors & Semiconductor,Adj,Dec,EPS,CY2028,4.298,2.99,-30.4%,3.302,+10.4%,2.839,-14.0%,36.45,12.8,-33.9%,+13.7%,-27.5%,-28.2%
RUN,Extended,Energy,Industrials,Capital Goods,Adj,Dec,EPS,CY2025,-0.254,1.406,+653.5%,1.44,+2.4%,1.489,+3.4%,14.61,9.8,+686.2%,-20.6%,-28.4%,+55.8%
RUN,Extended,Energy,Industrials,Capital Goods,Adj,Dec,EPS,CY2026,-0.244,0.417,+270.9%,0.506,+21.3%,1.121,+121.5%,14.61,13.0,+559.4%,-20.6%,-28.4%,+55.8%
RUN,Extended,Energy,Industrials,Capital Goods,Adj,Dec,EPS,CY2027,-0.412,0.598,+245.1%,0.612,+2.3%,0.68,+11.1%,14.61,21.5,+265.0%,-20.6%,-28.4%,+55.8%
RUN,Extended,Energy,Industrials,Capital Goods,Adj,Dec,EPS,CY2028,-0.419,1.467,+450.1%,1.571,+7.1%,0.753,-52.1%,14.61,19.4,+279.7%,-20.6%,-28.4%,+55.8%
PLUG,Extended,Energy,Industrials,Capital Goods,Adj,Dec,EPS,CY2025,-0.614,-0.588,+4.2%,-0.733,-24.7%,-0.733,+0.0%,3.12,-4.3,-19.4%,+58.4%,+48.6%,+262.6%
PLUG,Extended,Energy,Industrials,Capital Goods,Adj,Dec,EPS,CY2026,-0.405,-0.317,+21.7%,-0.309,+2.5%,-0.314,-1.6%,3.12,-9.9,+22.5%,+58.4%,+48.6%,+262.6%
PLUG,Extended,Energy,Industrials,Capital Goods,Adj,Dec,EPS,CY2027,-0.291,-0.236,+18.9%,-0.212,+10.2%,-0.205,+3.3%,3.12,-15.2,+29.6%,+58.4%,+48.6%,+262.6%
PLUG,Extended,Energy,Industrials,Capital Goods,Adj,Dec,EPS,CY2028,-0.254,-0.165,+35.0%,-0.115,+30.3%,-0.147,-27.8%,3.12,-21.2,+42.1%,+58.4%,+48.6%,+262.6%
GFS,Extended,Technology,Information Technology,Semiconductors & Semiconductor,Adj,Dec,EPS,CY2025,1.587,1.598,+0.7%,1.636,+2.4%,1.636,+0.0%,74.12,45.3,+3.1%,+112.3%,+70.3%,+103.7%
GFS,Extended,Technology,Information Technology,Semiconductors & Semiconductor,Adj,Dec,EPS,CY2026,2.212,2.009,-9.2%,1.896,-5.6%,1.926,+1.6%,74.12,38.5,-12.9%,+112.3%,+70.3%,+103.7%
GFS,Extended,Technology,Information Technology,Semiconductors & Semiconductor,Adj,Dec,EPS,CY2027,2.744,2.585,-5.8%,2.32,-10.3%,2.468,+6.4%,74.12,30.0,-10.1%,+112.3%,+70.3%,+103.7%
GFS,Extended,Technology,Information Technology,Semiconductors & Semiconductor,Adj,Dec,EPS,CY2028,45.44,3.135,-93.1%,30.678,+878.6%,3.195,-89.6%,74.12,23.2,-93.0%,+112.3%,+70.3%,+103.7%
2454,Extended,Technology,Information Technology,Semiconductors & Semiconductor,GAAP,Dec,EPS,CY2025,73.314,66.262,-9.6%,66.537,+0.4%,66.537,+0.0%,3630.0,54.6,-9.2%,+153.8%,+98.4%,+174.0%
2454,Extended,Technology,Information Technology,Semiconductors & Semiconductor,GAAP,Dec,EPS,CY2026,86.041,72.514,-15.7%,65.411,-9.8%,65.671,+0.4%,3630.0,55.3,-23.7%,+153.8%,+98.4%,+174.0%
2454,Extended,Technology,Information Technology,Semiconductors & Semiconductor,GAAP,Dec,EPS,CY2027,99.091,88.456,-10.7%,97.4,+10.1%,115.896,+19.0%,3630.0,31.3,+17.0%,+153.8%,+98.4%,+174.0%
2454,Extended,Technology,Information Technology,Semiconductors & Semiconductor,GAAP,Dec,EPS,CY2028,109.895,98.185,-10.7%,110.837,+12.9%,177.22,+59.9%,3630.0,20.5,+61.3%,+153.8%,+98.4%,+174.0%
AMG,Extended,Financials and related,Financials,Financial Services,Adj,Dec,EPS,CY2025,22.233,25.026,+12.6%,25.53,+2.0%,25.53,+0.0%,302.8,11.9,+14.8%,+5.0%,-0.6%,+69.0%
AMG,Extended,Financials and related,Financials,Financial Services,Adj,Dec,EPS,CY2026,25.224,29.785,+18.1%,30.232,+1.5%,33.485,+10.8%,302.8,9.0,+32.8%,+5.0%,-0.6%,+69.0%
AMG,Extended,Financials and related,Financials,Financial Services,Adj,Dec,EPS,CY2027,29.603,34.263,+15.7%,35.967,+5.0%,38.914,+8.2%,302.8,7.8,+31.5%,+5.0%,-0.6%,+69.0%
AMG,Extended,Financials and related,Financials,Financial Services,Adj,Dec,EPS,CY2028,,32.96,,38.8,+17.7%,44.075,+13.6%,302.8,6.9,,+5.0%,-0.6%,+69.0%
AB,Extended,Financials and related,Financials,Financial Services,Adj,Dec,EPS,CY2025,3.133,3.324,+6.1%,3.32,-0.1%,3.32,+0.0%,39.11,11.8,+6.0%,+1.6%,-1.5%,-4.0%
AB,Extended,Financials and related,Financials,Financial Services,Adj,Dec,EPS,CY2026,3.52,3.779,+7.4%,3.709,-1.9%,3.479,-6.2%,39.11,11.2,-1.2%,+1.6%,-1.5%,-4.0%
AB,Extended,Financials and related,Financials,Financial Services,Adj,Dec,EPS,CY2027,4.13,4.098,-0.8%,4.051,-1.1%,3.833,-5.4%,39.11,10.2,-7.2%,+1.6%,-1.5%,-4.0%
AB,Extended,Financials and related,Financials,Financial Services,Adj,Dec,EPS,CY2028,,4.28,,4.28,+0.0%,4.217,-1.5%,39.11,9.3,,+1.6%,-1.5%,-4.0%
BLK,Extended,Financials and related,Financials,Financial Services,Adj,Dec,EPS,CY2025,45.414,47.915,+5.5%,47.182,-1.5%,47.182,+0.0%,1084.83,23.0,+3.9%,+1.4%,+0.5%,+17.5%
BLK,Extended,Financials and related,Financials,Financial Services,Adj,Dec,EPS,CY2026,50.476,54.13,+7.2%,54.438,+0.6%,53.148,-2.4%,1084.83,20.4,+5.3%,+1.4%,+0.5%,+17.5%
BLK,Extended,Financials and related,Financials,Financial Services,Adj,Dec,EPS,CY2027,57.113,61.825,+8.3%,61.809,-0.0%,60.625,-1.9%,1084.83,17.9,+6.1%,+1.4%,+0.5%,+17.5%
BLK,Extended,Financials and related,Financials,Financial Services,Adj,Dec,EPS,CY2028,65.57,65.315,-0.4%,70.446,+7.9%,69.194,-1.8%,1084.83,15.7,+5.5%,+1.4%,+0.5%,+17.5%
FHI,Extended,Financials and related,Financials,Financial Services,Adj,Dec,EPS,CY2025,4.28,4.869,+13.8%,4.942,+1.5%,4.942,+0.0%,55.95,11.3,+15.5%,+7.5%,+4.9%,+30.8%
FHI,Extended,Financials and related,Financials,Financial Services,Adj,Dec,EPS,CY2026,4.374,5.056,+15.6%,5.141,+1.7%,5.045,-1.9%,55.95,11.1,+15.3%,+7.5%,+4.9%,+30.8%
FHI,Extended,Financials and related,Financials,Financial Services,Adj,Dec,EPS,CY2027,4.89,5.526,+13.0%,5.73,+3.7%,5.691,-0.7%,55.95,9.8,+16.4%,+7.5%,+4.9%,+30.8%
FHI,Extended,Financials and related,Financials,Financial Services,Adj,Dec,EPS,CY2028,4.45,5.61,+26.1%,6.277,+11.9%,6.443,+2.6%,55.95,8.7,+44.8%,+7.5%,+4.9%,+30.8%
JHG,Extended,Financials and related,Financials,Financial Services,Adj,Dec,EPS,CY2025,3.306,3.934,+19.0%,4.015,+2.1%,4.015,+0.0%,51.69,12.9,+21.4%,+8.7%,+7.2%,+42.2%
JHG,Extended,Financials and related,Financials,Financial Services,Adj,Dec,EPS,CY2026,3.608,4.324,+19.8%,4.339,+0.3%,4.264,-1.7%,51.69,12.1,+18.2%,+8.7%,+7.2%,+42.2%
JHG,Extended,Financials and related,Financials,Financial Services,Adj,Dec,EPS,CY2027,3.876,4.677,+20.7%,4.683,+0.1%,4.601,-1.8%,51.69,11.2,+18.7%,+8.7%,+7.2%,+42.2%
JHG,Extended,Financials and related,Financials,Financial Services,Adj,Dec,EPS,CY2028,,5.285,,5.117,-3.2%,4.843,-5.4%,51.69,10.7,,+8.7%,+7.2%,+42.2%
IVZ,Extended,Financials and related,Financials,Financial Services,Adj,Dec,EPS,CY2025,1.682,1.963,+16.7%,1.993,+1.5%,1.993,+0.0%,27.59,13.8,+18.5%,+5.0%,+2.6%,+86.0%
IVZ,Extended,Financials and related,Financials,Financial Services,Adj,Dec,EPS,CY2026,1.829,2.509,+37.2%,2.661,+6.1%,2.578,-3.1%,27.59,10.7,+41.0%,+5.0%,+2.6%,+86.0%
IVZ,Extended,Financials and related,Financials,Financial Services,Adj,Dec,EPS,CY2027,2.181,2.875,+31.8%,3.015,+4.9%,2.95,-2.2%,27.59,9.4,+35.3%,+5.0%,+2.6%,+86.0%
IVZ,Extended,Financials and related,Financials,Financial Services,Adj,Dec,EPS,CY2028,,3.14,,3.37,+7.3%,3.256,-3.4%,27.59,8.5,,+5.0%,+2.6%,+86.0%
IR,Extended,Industrial / Cyclical,Industrials,Capital Goods,Adj,Dec,EPS,CY2025,3.359,3.291,-2.0%,3.28,-0.3%,3.28,+0.0%,75.75,23.1,-2.4%,-4.4%,-23.0%,-4.5%
IR,Extended,Industrial / Cyclical,Industrials,Capital Goods,Adj,Dec,EPS,CY2026,3.664,3.588,-2.1%,3.539,-1.4%,3.508,-0.9%,75.75,21.6,-4.3%,-4.4%,-23.0%,-4.5%
IR,Extended,Industrial / Cyclical,Industrials,Capital Goods,Adj,Dec,EPS,CY2027,4.003,3.938,-1.6%,3.924,-0.4%,3.848,-1.9%,75.75,19.7,-3.9%,-4.4%,-23.0%,-4.5%
IR,Extended,Industrial / Cyclical,Industrials,Capital Goods,Adj,Dec,EPS,CY2028,4.453,4.381,-1.6%,4.388,+0.2%,4.214,-4.0%,75.75,18.0,-5.4%,-4.4%,-23.0%,-4.5%
HCA,Portfolio,,Health Care,Health Care Equipment & Servic,,Dec,Revenue,CY2025,74693.88,75698.522,+1.3%,75765.818,+0.1%,75765.818,+0.0%,435.19,,+1.4%,-6.8%,-12.5%,+23.0%
HCA,Portfolio,,Health Care,Health Care Equipment & Servic,,Dec,Revenue,CY2026,78501.167,79063.5,+0.7%,78718.292,-0.4%,78564.458,-0.2%,435.19,,+0.1%,-6.8%,-12.5%,+23.0%
HCA,Portfolio,,Health Care,Health Care Equipment & Servic,,Dec,Revenue,CY2027,82601.933,83106.762,+0.6%,82513.174,-0.7%,82385.833,-0.2%,435.19,,-0.3%,-6.8%,-12.5%,+23.0%
HCA,Portfolio,,Health Care,Health Care Equipment & Servic,,Dec,Revenue,CY2028,88477.0,88409.25,-0.1%,87034.8,-1.6%,86938.538,-0.1%,435.19,,-1.7%,-6.8%,-12.5%,+23.0%
UNH,Portfolio,,Health Care,Health Care Equipment & Servic,,Dec,Revenue,CY2025,450641.75,447659.478,-0.7%,448006.833,+0.1%,448006.833,+0.0%,379.98,,-0.6%,+15.1%,+37.8%,-0.2%
UNH,Portfolio,,Health Care,Health Care Equipment & Servic,,Dec,Revenue,CY2026,487575.2,456547.217,-6.4%,444056.458,-2.7%,444082.696,+0.0%,379.98,,-8.9%,+15.1%,+37.8%,-0.2%
UNH,Portfolio,,Health Care,Health Care Equipment & Servic,,Dec,Revenue,CY2027,525323.455,480211.81,-8.6%,459789.292,-4.3%,456853.043,-0.6%,379.98,,-13.0%,+15.1%,+37.8%,-0.2%
UNH,Portfolio,,Health Care,Health Care Equipment & Servic,,Dec,Revenue,CY2028,567317.143,508862.7,-10.3%,486315.533,-4.4%,484350.667,-0.4%,379.98,,-14.6%,+15.1%,+37.8%,-0.2%
TSM,Portfolio,,Information Technology,Semiconductors & Semiconductor,,Dec,Revenue,CY2025,122938.304,122043.936,-0.7%,119941.697,-1.7%,119941.697,+0.0%,411.68,,-2.4%,+35.5%,+15.8%,+133.2%
TSM,Portfolio,,Information Technology,Semiconductors & Semiconductor,,Dec,Revenue,CY2026,143603.459,148636.094,+3.5%,158861.617,+6.9%,165318.423,+4.1%,411.68,,+15.1%,+35.5%,+15.8%,+133.2%
TSM,Portfolio,,Information Technology,Semiconductors & Semiconductor,,Dec,Revenue,CY2027,168800.724,178857.644,+6.0%,196657.921,+10.0%,208878.5,+6.2%,411.68,,+23.7%,+35.5%,+15.8%,+133.2%
TSM,Portfolio,,Information Technology,Semiconductors & Semiconductor,,Dec,Revenue,CY2028,175013.976,201632.421,+15.2%,231531.806,+14.8%,251546.052,+8.6%,411.68,,+43.7%,+35.5%,+15.8%,+133.2%
AVGO,Portfolio,,Information Technology,Semiconductors & Semiconductor,,Oct,Revenue,CY2025,62399.077,63360.478,+1.5%,63377.959,+0.0%,63377.959,+0.0%,430.0,,+1.6%,+24.2%,+25.0%,+106.5%
AVGO,Portfolio,,Information Technology,Semiconductors & Semiconductor,,Oct,Revenue,CY2026,72196.925,86315.34,+19.6%,97398.412,+12.8%,104173.255,+7.0%,430.0,,+44.3%,+24.2%,+25.0%,+106.5%
AVGO,Portfolio,,Information Technology,Semiconductors & Semiconductor,,Oct,Revenue,CY2027,81354.833,111130.088,+36.6%,134233.283,+20.8%,160918.085,+19.9%,430.0,,+97.8%,+24.2%,+25.0%,+106.5%
AVGO,Portfolio,,Information Technology,Semiconductors & Semiconductor,,Oct,Revenue,CY2028,,125144.0,,161930.75,+29.4%,194657.074,+20.2%,430.0,,,+24.2%,+25.0%,+106.5%
NVDA,Portfolio,,Information Technology,Semiconductors & Semiconductor,,Jan,Revenue,CY2025,198283.286,207220.821,+4.5%,213493.152,+3.0%,213762.537,+0.1%,215.2,,+7.8%,+15.4%,+13.2%,+84.5%
NVDA,Portfolio,,Information Technology,Semiconductors & Semiconductor,,Jan,Revenue,CY2026,241672.171,288003.776,+19.2%,330367.971,+14.7%,367204.088,+11.2%,215.2,,+51.9%,+15.4%,+13.2%,+84.5%
NVDA,Portfolio,,Information Technology,Semiconductors & Semiconductor,,Jan,Revenue,CY2027,272679.952,347632.302,+27.5%,421989.887,+21.4%,484194.815,+14.7%,215.2,,+77.6%,+15.4%,+13.2%,+84.5%
NVDA,Portfolio,,Information Technology,Semiconductors & Semiconductor,,Jan,Revenue,CY2028,291242.333,365336.143,+25.4%,536143.909,+46.8%,581827.618,+8.5%,215.2,,+99.8%,+15.4%,+13.2%,+84.5%
META,Portfolio,,Communication Services,Media & Entertainment,,Dec,Revenue,CY2025,187145.844,199373.631,+6.5%,199447.304,+0.0%,199447.304,+0.0%,609.63,,+6.6%,-7.6%,-10.0%,+2.9%
META,Portfolio,,Communication Services,Media & Entertainment,,Dec,Revenue,CY2026,211926.73,235511.032,+11.1%,248943.955,+5.7%,252774.373,+1.5%,609.63,,+19.3%,-7.6%,-10.0%,+2.9%
META,Portfolio,,Communication Services,Media & Entertainment,,Dec,Revenue,CY2027,239994.34,272311.063,+13.5%,294534.875,+8.2%,300907.831,+2.2%,609.63,,+25.4%,-7.6%,-10.0%,+2.9%
META,Portfolio,,Communication Services,Media & Entertainment,,Dec,Revenue,CY2028,265737.583,308618.2,+16.1%,343562.878,+11.3%,351574.395,+2.3%,609.63,,+32.3%,-7.6%,-10.0%,+2.9%
AMZN,Portfolio,,Consumer Discretionary,Consumer Discretionary Distrib,,Dec,Revenue,CY2025,694612.347,713521.239,+2.7%,714794.275,+0.2%,714794.275,+0.0%,272.68,,+2.9%,+18.1%,+30.6%,+41.2%
AMZN,Portfolio,,Consumer Discretionary,Consumer Discretionary Distrib,,Dec,Revenue,CY2026,762155.732,793409.0,+4.1%,802400.739,+1.1%,821752.13,+2.4%,272.68,,+7.8%,+18.1%,+30.6%,+41.2%
AMZN,Portfolio,,Consumer Discretionary,Consumer Discretionary Distrib,,Dec,Revenue,CY2027,837523.217,881786.377,+5.3%,896111.0,+1.6%,928198.076,+3.6%,272.68,,+10.8%,+18.1%,+30.6%,+41.2%
AMZN,Portfolio,,Consumer Discretionary,Consumer Discretionary Distrib,,Dec,Revenue,CY2028,904359.818,975536.542,+7.9%,999627.788,+2.5%,1031954.902,+3.2%,272.68,,+14.1%,+18.1%,+30.6%,+41.2%
JPM,Portfolio,,Financials,Banks,,Dec,Revenue,CY2025,176711.7,184253.0,+4.3%,184149.563,-0.1%,184149.563,+0.0%,302.1,,+4.2%,-6.2%,-6.2%,+19.4%
JPM,Portfolio,,Financials,Banks,,Dec,Revenue,CY2026,180704.2,190885.846,+5.6%,194981.75,+2.1%,198128.667,+1.6%,302.1,,+9.6%,-6.2%,-6.2%,+19.4%
JPM,Portfolio,,Financials,Banks,,Dec,Revenue,CY2027,188390.25,198143.7,+5.2%,204597.364,+3.3%,205877.167,+0.6%,302.1,,+9.3%,-6.2%,-6.2%,+19.4%
JPM,Portfolio,,Financials,Banks,,Dec,Revenue,CY2028,,,,215351.25,,214604.667,-0.3%,302.1,,,-6.2%,-6.2%,+19.4%
APO,Portfolio,,Financials,Financial Services,,Dec,Revenue,CY2025,18767.143,19560.5,+4.2%,19560.714,+0.0%,19560.714,+0.0%,133.2,,+4.2%,-8.0%,-0.6%,+0.6%
APO,Portfolio,,Financials,Financial Services,,Dec,Revenue,CY2026,19502.625,18376.375,-5.8%,22870.714,+24.5%,22966.5,+0.4%,133.2,,+17.8%,-8.0%,-0.6%,+0.6%
APO,Portfolio,,Financials,Financial Services,,Dec,Revenue,CY2027,25058.6,26449.8,+5.6%,26448.0,-0.0%,26614.333,+0.6%,133.2,,+6.2%,-8.0%,-0.6%,+0.6%
APO,Portfolio,,Financials,Financial Services,,Dec,Revenue,CY2028,,,,28846.0,,30281.25,+5.0%,133.2,,,-8.0%,-0.6%,+0.6%
PGR,Portfolio,,Financials,Insurance,,Dec,Revenue,CY2025,87694.222,87034.941,-0.8%,86689.5,-0.4%,86689.5,+0.0%,194.0,,-1.1%,-9.4%,-3.7%,-27.5%
PGR,Portfolio,,Financials,Insurance,,Dec,Revenue,CY2026,97499.647,93766.056,-3.8%,93185.684,-0.6%,92317.053,-0.9%,194.0,,-5.3%,-9.4%,-3.7%,-27.5%
PGR,Portfolio,,Financials,Insurance,,Dec,Revenue,CY2027,105607.667,100759.944,-4.6%,100062.167,-0.7%,98389.737,-1.7%,194.0,,-6.8%,-9.4%,-3.7%,-27.5%
PGR,Portfolio,,Financials,Insurance,,Dec,Revenue,CY2028,111782.667,107809.333,-3.6%,104596.7,-3.0%,103568.077,-1.0%,194.0,,-7.3%,-9.4%,-3.7%,-27.5%
CVNA,Portfolio,,Consumer Discretionary,Consumer Discretionary Distrib,,Dec,Revenue,CY2025,17617.545,19891.136,+12.9%,19975.115,+0.4%,19984.231,+0.0%,77.94,,+13.4%,-7.7%,-5.3%,+45.3%
CVNA,Portfolio,,Consumer Discretionary,Consumer Discretionary Distrib,,Dec,Revenue,CY2026,21421.952,25348.864,+18.3%,25541.28,+0.8%,27592.524,+8.0%,77.94,,+28.8%,-7.7%,-5.3%,+45.3%
CVNA,Portfolio,,Consumer Discretionary,Consumer Discretionary Distrib,,Dec,Revenue,CY2027,25555.2,31114.0,+21.8%,31646.571,+1.7%,34534.524,+9.1%,77.94,,+35.1%,-7.7%,-5.3%,+45.3%
CVNA,Portfolio,,Consumer Discretionary,Consumer Discretionary Distrib,,Dec,Revenue,CY2028,31601.625,38290.556,+21.2%,37527.833,-2.0%,41378.4,+10.3%,77.94,,+30.9%,-7.7%,-5.3%,+45.3%
APP,Portfolio,,Information Technology,Software & Services,,Dec,Revenue,CY2025,5727.593,5698.419,-0.5%,5677.394,-0.4%,5677.333,-0.0%,468.55,,-0.9%,-30.5%,+1.8%,+42.6%
APP,Portfolio,,Information Technology,Software & Services,,Dec,Revenue,CY2026,6888.2,7861.552,+14.1%,7808.182,-0.7%,8137.97,+4.2%,468.55,,+18.1%,-30.5%,+1.8%,+42.6%
APP,Portfolio,,Information Technology,Software & Services,,Dec,Revenue,CY2027,8676.75,9820.682,+13.2%,9977.167,+1.6%,10602.71,+6.3%,468.55,,+22.2%,-30.5%,+1.8%,+42.6%
APP,Portfolio,,Information Technology,Software & Services,,Dec,Revenue,CY2028,10924.875,12255.364,+12.2%,12754.455,+4.1%,13280.619,+4.1%,468.55,,+21.6%,-30.5%,+1.8%,+42.6%
VEEV,Portfolio,,Health Care,Health Care Equipment & Servic,,Jan,Revenue,CY2025,3047.0,3142.385,+3.1%,3169.607,+0.9%,3169.607,+0.0%,166.34,,+4.0%,-25.5%,-9.9%,-29.8%
VEEV,Portfolio,,Health Care,Health Care Equipment & Servic,,Jan,Revenue,CY2026,3416.852,3518.31,+3.0%,3574.0,+1.6%,3595.0,+0.6%,166.34,,+5.2%,-25.5%,-9.9%,-29.8%
VEEV,Portfolio,,Health Care,Health Care Equipment & Servic,,Jan,Revenue,CY2027,3863.214,3983.737,+3.1%,4005.577,+0.5%,4035.815,+0.8%,166.34,,+4.5%,-25.5%,-9.9%,-29.8%
VEEV,Portfolio,,Health Care,Health Care Equipment & Servic,,Jan,Revenue,CY2028,,4628.429,,4618.875,-0.2%,4553.0,-1.4%,166.34,,,-25.5%,-9.9%,-29.8%
GOOG,Watchlist,,Communication Services,Media & Entertainment,,Dec,Revenue,CY2025,331191.219,342330.438,+3.4%,340854.848,-0.4%,340854.848,+0.0%,397.05,,+2.9%,+26.5%,+22.4%,+157.2%
GOOG,Watchlist,,Communication Services,Media & Entertainment,,Dec,Revenue,CY2026,368378.156,390819.897,+6.1%,401784.056,+2.8%,419018.4,+4.3%,397.05,,+13.7%,+26.5%,+22.4%,+157.2%
GOOG,Watchlist,,Communication Services,Media & Entertainment,,Dec,Revenue,CY2027,408931.0,442912.583,+8.3%,464574.393,+4.9%,500559.81,+7.7%,397.05,,+22.4%,+26.5%,+22.4%,+157.2%
GOOG,Watchlist,,Communication Services,Media & Entertainment,,Dec,Revenue,CY2028,453558.6,493741.7,+8.9%,537510.308,+8.9%,594356.0,+10.6%,397.05,,+31.0%,+26.5%,+22.4%,+157.2%
MU,Watchlist,,Information Technology,Semiconductors & Semiconductor,,Aug,Revenue,CY2025,35481.219,37177.154,+4.8%,37177.154,+0.0%,37177.154,+0.0%,746.81,,+4.8%,+161.7%,+94.7%,+769.8%
MU,Watchlist,,Information Technology,Semiconductors & Semiconductor,,Aug,Revenue,CY2026,45250.441,54694.658,+20.9%,75597.659,+38.2%,109370.833,+44.7%,746.81,,+141.7%,+161.7%,+94.7%,+769.8%
MU,Watchlist,,Information Technology,Semiconductors & Semiconductor,,Aug,Revenue,CY2027,48123.818,62762.571,+30.4%,95187.357,+51.7%,174872.975,+83.7%,746.81,,+263.4%,+161.7%,+94.7%,+769.8%
MU,Watchlist,,Information Technology,Semiconductors & Semiconductor,,Aug,Revenue,CY2028,,60971.583,,95036.476,+55.9%,169131.48,+78.0%,746.81,,,+161.7%,+94.7%,+769.8%
LRCX,Watchlist,,Information Technology,Semiconductors & Semiconductor,,Jun,Revenue,CY2025,18251.655,18262.032,+0.1%,18262.032,+0.0%,18262.032,+0.0%,294.05,,+0.1%,+71.8%,+28.2%,+290.2%
LRCX,Watchlist,,Information Technology,Semiconductors & Semiconductor,,Jun,Revenue,CY2026,18682.286,21239.222,+13.7%,22409.867,+5.5%,23172.471,+3.4%,294.05,,+24.0%,+71.8%,+28.2%,+290.2%
LRCX,Watchlist,,Information Technology,Semiconductors & Semiconductor,,Jun,Revenue,CY2027,20736.765,23691.72,+14.2%,27875.133,+17.7%,30233.333,+8.5%,294.05,,+45.8%,+71.8%,+28.2%,+290.2%
LRCX,Watchlist,,Information Technology,Semiconductors & Semiconductor,,Jun,Revenue,CY2028,23127.0,25516.933,+10.3%,31136.111,+22.0%,34570.273,+11.0%,294.05,,+49.5%,+71.8%,+28.2%,+290.2%
DASH,Watchlist,,Consumer Discretionary,Consumer Services,,Dec,Revenue,CY2025,12831.098,13683.067,+6.6%,13735.978,+0.4%,13745.267,+0.1%,163.93,,+7.1%,-27.6%,-12.0%,-10.7%
DASH,Watchlist,,Consumer Discretionary,Consumer Services,,Dec,Revenue,CY2026,15227.39,17610.133,+15.6%,17808.4,+1.1%,17640.044,-0.9%,163.93,,+15.8%,-27.6%,-12.0%,-10.7%
DASH,Watchlist,,Consumer Discretionary,Consumer Services,,Dec,Revenue,CY2027,17890.464,20802.059,+16.3%,21152.778,+1.7%,21182.773,+0.1%,163.93,,+18.4%,-27.6%,-12.0%,-10.7%
DASH,Watchlist,,Consumer Discretionary,Consumer Services,,Dec,Revenue,CY2028,20396.6,24003.368,+17.7%,24732.8,+3.0%,24835.929,+0.4%,163.93,,+21.8%,-27.6%,-12.0%,-10.7%
MSFT,Watchlist,,Information Technology,Software & Services,,Jun,Revenue,CY2025,278847.306,279004.862,+0.1%,279004.862,+0.0%,279004.862,+0.0%,415.12,,+0.1%,-14.2%,+0.4%,-5.4%
MSFT,Watchlist,,Information Technology,Software & Services,,Jun,Revenue,CY2026,316664.9,326225.492,+3.0%,327711.45,+0.5%,329117.426,+0.4%,415.12,,+3.9%,-14.2%,+0.4%,-5.4%
MSFT,Watchlist,,Information Technology,Software & Services,,Jun,Revenue,CY2027,361142.065,375062.05,+3.9%,378325.443,+0.9%,383070.21,+1.3%,415.12,,+6.1%,-14.2%,+0.4%,-5.4%
MSFT,Watchlist,,Information Technology,Software & Services,,Jun,Revenue,CY2028,423606.444,434183.971,+2.5%,440656.282,+1.5%,449915.465,+2.1%,415.12,,+6.2%,-14.2%,+0.4%,-5.4%
BX,Watchlist,,Financials,Financial Services,,Dec,Revenue,CY2025,12211.533,12774.917,+4.6%,12730.417,-0.3%,12730.417,+0.0%,123.77,,+4.2%,-19.7%,-5.8%,-11.2%
BX,Watchlist,,Financials,Financial Services,,Dec,Revenue,CY2026,15848.267,15729.8,-0.7%,15903.444,+1.1%,14764.727,-7.2%,123.77,,-6.8%,-19.7%,-5.8%,-11.2%
BX,Watchlist,,Financials,Financial Services,,Dec,Revenue,CY2027,18958.444,19385.75,+2.3%,19317.2,-0.4%,18504.455,-4.2%,123.77,,-2.4%,-19.7%,-5.8%,-11.2%
BX,Watchlist,,Financials,Financial Services,,Dec,Revenue,CY2028,20274.667,20299.75,+0.1%,20381.5,+0.4%,20030.167,-1.7%,123.77,,-1.2%,-19.7%,-5.8%,-11.2%
BKNG,Watchlist,,Consumer Discretionary,Consumer Services,,Dec,Revenue,CY2025,25792.485,26677.027,+3.4%,26695.75,+0.1%,26703.583,+0.0%,165.93,,+3.5%,-22.5%,-2.1%,-18.2%
BKNG,Watchlist,,Consumer Discretionary,Consumer Services,,Dec,Revenue,CY2026,27880.471,29097.595,+4.4%,29191.444,+0.3%,29368.941,+0.6%,165.93,,+5.3%,-22.5%,-2.1%,-18.2%
BKNG,Watchlist,,Consumer Discretionary,Consumer Services,,Dec,Revenue,CY2027,30245.5,31541.607,+4.3%,31641.964,+0.3%,32045.647,+1.3%,165.93,,+6.0%,-22.5%,-2.1%,-18.2%
BKNG,Watchlist,,Consumer Discretionary,Consumer Services,,Dec,Revenue,CY2028,32742.636,34054.357,+4.0%,34139.647,+0.3%,34593.857,+1.3%,165.93,,+5.7%,-22.5%,-2.1%,-18.2%
COST,Watchlist,,Consumer Staples,Consumer Staples Distribution,,Aug,Revenue,CY2025,274950.515,275078.688,+0.0%,275078.688,+0.0%,275078.688,+0.0%,1008.79,,+0.0%,+17.0%,+1.1%,+0.1%
COST,Watchlist,,Consumer Staples,Consumer Staples Distribution,,Aug,Revenue,CY2026,294386.03,296906.233,+0.9%,297198.344,+0.1%,299539.867,+0.8%,1008.79,,+1.8%,+17.0%,+1.1%,+0.1%
COST,Watchlist,,Consumer Staples,Consumer Staples Distribution,,Aug,Revenue,CY2027,314300.52,319179.852,+1.6%,319464.719,+0.1%,322848.2,+1.1%,1008.79,,+2.7%,+17.0%,+1.1%,+0.1%
COST,Watchlist,,Consumer Staples,Consumer Staples Distribution,,Aug,Revenue,CY2028,335143.875,342075.714,+2.1%,344021.611,+0.6%,349610.9,+1.6%,1008.79,,+4.3%,+17.0%,+1.1%,+0.1%
QCOM,Extended,Uncategorized,Information Technology,Semiconductors & Semiconductor,,Sep,Revenue,CY2025,43427.059,43685.212,+0.6%,43685.212,+0.0%,43685.212,+0.0%,219.09,,+0.6%,+28.1%,+57.7%,+50.9%
QCOM,Extended,Uncategorized,Information Technology,Semiconductors & Semiconductor,,Sep,Revenue,CY2026,44170.029,45547.424,+3.1%,44099.257,-3.2%,42441.257,-3.8%,219.09,,-3.9%,+28.1%,+57.7%,+50.9%
QCOM,Extended,Uncategorized,Information Technology,Semiconductors & Semiconductor,,Sep,Revenue,CY2027,45416.789,46492.758,+2.4%,44661.8,-3.9%,42463.829,-4.9%,219.09,,-6.5%,+28.1%,+57.7%,+50.9%
QCOM,Extended,Uncategorized,Information Technology,Semiconductors & Semiconductor,,Sep,Revenue,CY2028,48934.333,48653.846,-0.6%,47636.8,-2.1%,45925.941,-3.6%,219.09,,-6.1%,+28.1%,+57.7%,+50.9%
ASML,Extended,Uncategorized,Information Technology,Semiconductors & Semiconductor,,Dec,Revenue,CY2025,32274.861,32465.371,+0.6%,32503.385,+0.1%,32503.385,+0.0%,1319.4,,+0.7%,+43.2%,+9.5%,+110.5%
ASML,Extended,Uncategorized,Information Technology,Semiconductors & Semiconductor,,Dec,Revenue,CY2026,35341.417,34054.405,-3.6%,37421.182,+9.9%,39147.386,+4.6%,1319.4,,+10.8%,+43.2%,+9.5%,+110.5%
ASML,Extended,Uncategorized,Information Technology,Semiconductors & Semiconductor,,Dec,Revenue,CY2027,39704.462,38761.861,-2.4%,44064.558,+13.7%,47333.279,+7.4%,1319.4,,+19.2%,+43.2%,+9.5%,+110.5%
ASML,Extended,Uncategorized,Information Technology,Semiconductors & Semiconductor,,Dec,Revenue,CY2028,44183.667,42675.833,-3.4%,48625.926,+13.9%,51923.0,+6.8%,1319.4,,+17.5%,+43.2%,+9.5%,+110.5%
AMAT,Extended,Uncategorized,Information Technology,Semiconductors & Semiconductor,,Oct,Revenue,CY2025,28763.839,28222.833,-1.9%,28239.903,+0.1%,28239.903,+0.0%,435.44,,-1.8%,+69.4%,+31.7%,+179.8%
AMAT,Extended,Uncategorized,Information Technology,Semiconductors & Semiconductor,,Oct,Revenue,CY2026,30487.167,28886.4,-5.3%,29252.529,+1.3%,31538.6,+7.8%,435.44,,+3.4%,+69.4%,+31.7%,+179.8%
AMAT,Extended,Uncategorized,Information Technology,Semiconductors & Semiconductor,,Oct,Revenue,CY2027,32741.813,31823.19,-2.8%,34087.313,+7.1%,38269.086,+12.3%,435.44,,+16.9%,+69.4%,+31.7%,+179.8%
AMAT,Extended,Uncategorized,Information Technology,Semiconductors & Semiconductor,,Oct,Revenue,CY2028,34409.25,32933.75,-4.3%,37336.063,+13.4%,42654.412,+14.2%,435.44,,+24.0%,+69.4%,+31.7%,+179.8%
KKR,Extended,Uncategorized,Financials,Financial Services,,Dec,Revenue,CY2025,7514.385,8269.727,+10.1%,7829.8,-5.3%,7829.8,+0.0%,102.52,,+4.2%,-19.6%,-4.4%,-13.2%
KKR,Extended,Uncategorized,Financials,Financial Services,,Dec,Revenue,CY2026,9304.214,12543.923,+34.8%,12376.182,-1.3%,9120.154,-26.3%,102.52,,-2.0%,-19.6%,-4.4%,-13.2%
KKR,Extended,Uncategorized,Financials,Financial Services,,Dec,Revenue,CY2027,11614.571,14931.2,+28.6%,14131.8,-5.4%,10964.214,-22.4%,102.52,,-5.6%,-19.6%,-4.4%,-13.2%
KKR,Extended,Uncategorized,Financials,Financial Services,,Dec,Revenue,CY2028,14809.0,23084.0,+55.9%,18337.6,-20.6%,12723.4,-30.6%,102.52,,-14.1%,-19.6%,-4.4%,-13.2%
BAM,Extended,Uncategorized,Financials,Financial Services,,Dec,Revenue,CY2025,5279.714,5301.769,+0.4%,5392.286,+1.7%,5392.286,+0.0%,49.76,,+2.1%,-5.0%,-3.3%,-11.7%
BAM,Extended,Uncategorized,Financials,Financial Services,,Dec,Revenue,CY2026,6026.929,6010.154,-0.3%,6152.867,+2.4%,6211.75,+1.0%,49.76,,+3.1%,-5.0%,-3.3%,-11.7%
BAM,Extended,Uncategorized,Financials,Financial Services,,Dec,Revenue,CY2027,6837.1,6897.8,+0.9%,7060.429,+2.4%,7168.667,+1.5%,49.76,,+4.8%,-5.0%,-3.3%,-11.7%
BAM,Extended,Uncategorized,Financials,Financial Services,,Dec,Revenue,CY2028,7649.0,7455.0,-2.5%,7704.667,+3.3%,8047.0,+4.4%,49.76,,+5.2%,-5.0%,-3.3%,-11.7%
ARES,Extended,Uncategorized,Financials,Financial Services,,Dec,Revenue,CY2025,4561.222,4323.182,-5.2%,4433.4,+2.5%,4433.4,+0.0%,126.25,,-2.8%,-21.9%,-8.0%,-23.5%
ARES,Extended,Uncategorized,Financials,Financial Services,,Dec,Revenue,CY2026,5741.0,5272.636,-8.2%,5456.1,+3.5%,5534.375,+1.4%,126.25,,-3.6%,-21.9%,-8.0%,-23.5%
ARES,Extended,Uncategorized,Financials,Financial Services,,Dec,Revenue,CY2027,6730.667,6394.444,-5.0%,6439.6,+0.7%,6521.5,+1.3%,126.25,,-3.1%,-21.9%,-8.0%,-23.5%
ARES,Extended,Uncategorized,Financials,Financial Services,,Dec,Revenue,CY2028,,,,7581.5,,7239.75,-4.5%,126.25,,,-21.9%,-8.0%,-23.5%
OWL,Extended,Uncategorized,Financials,Financial Services,,Dec,Revenue,CY2025,2707.0,2677.8,-1.1%,2657.0,-0.8%,2657.0,+0.0%,10.56,,-1.8%,-29.3%,-16.5%,-42.9%
OWL,Extended,Uncategorized,Financials,Financial Services,,Dec,Revenue,CY2026,3301.467,3187.267,-3.5%,3051.563,-4.3%,2875.6,-5.8%,10.56,,-12.9%,-29.3%,-16.5%,-42.9%
OWL,Extended,Uncategorized,Financials,Financial Services,,Dec,Revenue,CY2027,3825.0,3731.154,-2.5%,3558.067,-4.6%,3226.867,-9.3%,10.56,,-15.6%,-29.3%,-16.5%,-42.9%
OWL,Extended,Uncategorized,Financials,Financial Services,,Dec,Revenue,CY2028,,4235.5,,3988.6,-5.8%,3591.286,-10.0%,10.56,,,-29.3%,-16.5%,-42.9%
CG,Extended,Uncategorized,Financials,Financial Services,,Dec,Revenue,CY2025,3987.286,3963.182,-0.6%,3851.0,-2.8%,3851.0,+0.0%,50.63,,-3.4%,-14.3%,-14.5%,+20.4%
CG,Extended,Uncategorized,Financials,Financial Services,,Dec,Revenue,CY2026,4613.0,4617.692,+0.1%,4694.417,+1.7%,4030.6,-14.1%,50.63,,-12.6%,-14.3%,-14.5%,+20.4%
CG,Extended,Uncategorized,Financials,Financial Services,,Dec,Revenue,CY2027,4786.75,5038.273,+5.3%,5264.455,+4.5%,5215.273,-0.9%,50.63,,+9.0%,-14.3%,-14.5%,+20.4%
CG,Extended,Uncategorized,Financials,Financial Services,,Dec,Revenue,CY2028,5494.0,5727.0,+4.2%,5618.0,-1.9%,5994.833,+6.7%,50.63,,+9.1%,-14.3%,-14.5%,+20.4%
BN,Extended,Uncategorized,Financials,Financial Services,,Dec,Revenue,CY2025,6673.0,54489.5,+716.6%,65025.5,+19.3%,65025.5,+0.0%,47.08,,+874.5%,+2.6%,+0.4%,+24.6%
BN,Extended,Uncategorized,Financials,Financial Services,,Dec,Revenue,CY2026,48370.5,39372.5,-18.6%,7523.0,-80.9%,8097.0,+7.6%,47.08,,-83.3%,+2.6%,+0.4%,+24.6%
BN,Extended,Uncategorized,Financials,Financial Services,,Dec,Revenue,CY2027,8543.0,8669.0,+1.5%,8545.0,-1.4%,9564.0,+11.9%,47.08,,+12.0%,+2.6%,+0.4%,+24.6%
BN,Extended,Uncategorized,Financials,Financial Services,,Dec,Revenue,CY2028,,,,,,11418.0,,47.08,,,+2.6%,+0.4%,+24.6%
CRM,Extended,Uncategorized,Information Technology,Software & Services,,Jan,Revenue,CY2025,40789.404,41248.06,+1.1%,41485.784,+0.6%,41490.314,+0.0%,181.82,,+1.7%,-31.4%,-6.3%,-34.0%
CRM,Extended,Uncategorized,Information Technology,Software & Services,,Jan,Revenue,CY2026,44461.18,44986.46,+1.2%,46056.74,+2.4%,46121.51,+0.1%,181.82,,+3.7%,-31.4%,-6.3%,-34.0%
CRM,Extended,Uncategorized,Information Technology,Software & Services,,Jan,Revenue,CY2027,49139.5,49165.345,+0.1%,50434.629,+2.6%,50520.63,+0.2%,181.82,,+2.8%,-31.4%,-6.3%,-34.0%
CRM,Extended,Uncategorized,Information Technology,Software & Services,,Jan,Revenue,CY2028,54790.167,54700.778,-0.2%,54977.7,+0.5%,55677.5,+1.3%,181.82,,+1.6%,-31.4%,-6.3%,-34.0%
WDAY,Extended,Uncategorized,Information Technology,Software & Services,,Jan,Revenue,CY2025,9496.625,9516.276,+0.2%,9543.897,+0.3%,9543.892,-0.0%,127.83,,+0.5%,-40.5%,-17.3%,-50.7%
WDAY,Extended,Uncategorized,Information Technology,Software & Services,,Jan,Revenue,CY2026,10764.081,10709.73,-0.5%,10711.057,+0.0%,10652.486,-0.5%,127.83,,-1.0%,-40.5%,-17.3%,-50.7%
WDAY,Extended,Uncategorized,Information Technology,Software & Services,,Jan,Revenue,CY2027,12144.063,12036.583,-0.9%,12004.367,-0.3%,11860.184,-1.2%,127.83,,-2.3%,-40.5%,-17.3%,-50.7%
WDAY,Extended,Uncategorized,Information Technology,Software & Services,,Jan,Revenue,CY2028,13749.0,13478.0,-2.0%,13451.714,-0.2%,13083.063,-2.7%,127.83,,-4.8%,-40.5%,-17.3%,-50.7%
SHOP,Extended,Uncategorized,Information Technology,Software & Services,,Dec,Revenue,CY2025,10880.28,11452.824,+5.3%,11474.471,+0.2%,11475.0,+0.0%,110.41,,+5.5%,-31.4%,-6.7%,+20.3%
SHOP,Extended,Uncategorized,Information Technology,Software & Services,,Dec,Revenue,CY2026,13203.863,14157.904,+7.2%,14229.551,+0.5%,14778.3,+3.9%,110.41,,+11.9%,-31.4%,-6.7%,+20.3%
SHOP,Extended,Uncategorized,Information Technology,Software & Services,,Dec,Revenue,CY2027,16348.667,17328.737,+6.0%,17413.395,+0.5%,18288.042,+5.0%,110.41,,+11.9%,-31.4%,-6.7%,+20.3%
SHOP,Extended,Uncategorized,Information Technology,Software & Services,,Dec,Revenue,CY2028,21395.455,20796.667,-2.8%,21405.267,+2.9%,22751.5,+6.3%,110.41,,+6.3%,-31.4%,-6.7%,+20.3%
GWRE,Extended,Uncategorized,Information Technology,Software & Services,,Jul,Revenue,CY2025,1172.933,1183.867,+0.9%,1183.867,+0.0%,1183.867,+0.0%,138.45,,+0.9%,-31.1%,+10.1%,-35.2%
GWRE,Extended,Uncategorized,Information Technology,Software & Services,,Jul,Revenue,CY2026,1337.933,1399.857,+4.6%,1415.143,+1.1%,1445.643,+2.2%,138.45,,+8.1%,-31.1%,+10.1%,-35.2%
GWRE,Extended,Uncategorized,Information Technology,Software & Services,,Jul,Revenue,CY2027,,1610.929,,1633.786,+1.4%,1677.071,+2.6%,138.45,,,-31.1%,+10.1%,-35.2%
GWRE,Extended,Uncategorized,Information Technology,Software & Services,,Jul,Revenue,CY2028,,1885.714,,1881.917,-0.2%,1932.462,+2.7%,138.45,,,-31.1%,+10.1%,-35.2%
NOW,Extended,Uncategorized,Information Technology,Software & Services,,Dec,Revenue,CY2025,13027.214,13241.439,+1.6%,13242.163,+0.0%,13242.163,+0.0%,91.18,,+1.6%,-40.5%,-12.2%,-53.5%
NOW,Extended,Uncategorized,Information Technology,Software & Services,,Dec,Revenue,CY2026,15472.452,15693.244,+1.4%,15987.85,+1.9%,16194.659,+1.3%,91.18,,+4.7%,-40.5%,-12.2%,-53.5%
NOW,Extended,Uncategorized,Information Technology,Software & Services,,Dec,Revenue,CY2027,18379.889,18558.0,+1.0%,18934.975,+2.0%,19191.595,+1.4%,91.18,,+4.4%,-40.5%,-12.2%,-53.5%
NOW,Extended,Uncategorized,Information Technology,Software & Services,,Dec,Revenue,CY2028,21801.3,21797.0,-0.0%,22504.842,+3.2%,22747.346,+1.1%,91.18,,+4.3%,-40.5%,-12.2%,-53.5%
ELV,Extended,Uncategorized,Health Care,Health Care Equipment & Servic,,Dec,Revenue,CY2025,194049.0,197741.667,+1.9%,197455.933,-0.1%,197455.933,+0.0%,378.07,,+1.8%,+7.9%,+15.4%,-6.6%
ELV,Extended,Uncategorized,Health Care,Health Care Equipment & Servic,,Dec,Revenue,CY2026,207709.556,205089.625,-1.3%,194154.647,-5.3%,193858.0,-0.2%,378.07,,-6.7%,+7.9%,+15.4%,-6.6%
ELV,Extended,Uncategorized,Health Care,Health Care Equipment & Servic,,Dec,Revenue,CY2027,224242.583,214962.563,-4.1%,191802.95,-10.8%,199127.85,+3.8%,378.07,,-11.2%,+7.9%,+15.4%,-6.6%
ELV,Extended,Uncategorized,Health Care,Health Care Equipment & Servic,,Dec,Revenue,CY2028,245954.4,224581.4,-8.7%,193735.75,-13.7%,209856.923,+8.3%,378.07,,-14.7%,+7.9%,+15.4%,-6.6%
WMT,Extended,Uncategorized,Consumer Staples,Consumer Staples Distribution,,Jan,Revenue,CY2025,705443.718,710027.389,+0.6%,712952.295,+0.4%,712992.0,+0.0%,130.43,,+1.1%,+17.1%,+1.1%,+34.9%
WMT,Extended,Uncategorized,Consumer Staples,Consumer Staples Distribution,,Jan,Revenue,CY2026,737179.162,744478.833,+1.0%,748174.907,+0.5%,748688.65,+0.1%,130.43,,+1.6%,+17.1%,+1.1%,+34.9%
WMT,Extended,Uncategorized,Consumer Staples,Consumer Staples Distribution,,Jan,Revenue,CY2027,771569.0,778562.846,+0.9%,783731.394,+0.7%,784528.053,+0.1%,130.43,,+1.7%,+17.1%,+1.1%,+34.9%
WMT,Extended,Uncategorized,Consumer Staples,Consumer Staples Distribution,,Jan,Revenue,CY2028,805593.0,825663.0,+2.5%,828999.385,+0.4%,823928.143,-0.6%,130.43,,+2.3%,+17.1%,+1.1%,+34.9%
LAD,Extended,Uncategorized,Consumer Discretionary,Consumer Discretionary Distrib,,Dec,Revenue,CY2025,38147.375,37835.071,-0.8%,37722.143,-0.3%,37722.143,+0.0%,293.99,,-1.1%,-11.5%,-11.2%,-3.8%
LAD,Extended,Uncategorized,Consumer Discretionary,Consumer Discretionary Distrib,,Dec,Revenue,CY2026,40261.188,39481.357,-1.9%,39397.143,-0.2%,38336.267,-2.7%,293.99,,-4.8%,-11.5%,-11.2%,-3.8%
LAD,Extended,Uncategorized,Consumer Discretionary,Consumer Discretionary Distrib,,Dec,Revenue,CY2027,44085.125,41892.5,-5.0%,41746.111,-0.3%,39880.133,-4.5%,293.99,,-9.5%,-11.5%,-11.2%,-3.8%
LAD,Extended,Uncategorized,Consumer Discretionary,Consumer Discretionary Distrib,,Dec,Revenue,CY2028,43788.0,42700.667,-2.5%,42177.25,-1.2%,42159.444,-0.0%,293.99,,-3.7%,-11.5%,-11.2%,-3.8%
CI,Extended,Uncategorized,Health Care,Health Care Equipment & Servic,,Dec,Revenue,CY2025,255653.696,270743.579,+5.9%,270646.75,-0.0%,270646.75,+0.0%,288.06,,+5.9%,+4.7%,-2.2%,-13.6%
CI,Extended,Uncategorized,Health Care,Health Care Equipment & Servic,,Dec,Revenue,CY2026,267345.476,284113.389,+6.3%,284908.611,+0.3%,285840.3,+0.3%,288.06,,+6.9%,+4.7%,-2.2%,-13.6%
CI,Extended,Uncategorized,Health Care,Health Care Equipment & Servic,,Dec,Revenue,CY2027,281985.643,301183.0,+6.8%,301799.278,+0.2%,299123.5,-0.9%,288.06,,+6.1%,+4.7%,-2.2%,-13.6%
CI,Extended,Uncategorized,Health Care,Health Care Equipment & Servic,,Dec,Revenue,CY2028,302525.286,322601.333,+6.6%,318000.125,-1.4%,316553.733,-0.5%,288.06,,+4.6%,+4.7%,-2.2%,-13.6%
THC,Extended,Healthcare providers,Health Care,Health Care Equipment & Servic,,Dec,Revenue,CY2025,20882.727,21199.609,+1.5%,21243.318,+0.2%,21243.318,+0.0%,190.38,,+1.7%,-4.2%,-1.3%,+27.9%
THC,Extended,Healthcare providers,Health Care,Health Care Equipment & Servic,,Dec,Revenue,CY2026,21928.182,22153.091,+1.0%,22160.857,+0.0%,21996.65,-0.7%,190.38,,+0.3%,-4.2%,-1.3%,+27.9%
THC,Extended,Healthcare providers,Health Care,Health Care Equipment & Servic,,Dec,Revenue,CY2027,23076.333,23246.053,+0.7%,23080.158,-0.7%,22284.25,-3.4%,190.38,,-3.4%,-4.2%,-1.3%,+27.9%
THC,Extended,Healthcare providers,Health Care,Health Care Equipment & Servic,,Dec,Revenue,CY2028,24078.75,24186.0,+0.4%,23812.25,-1.5%,23490.778,-1.4%,190.38,,-2.4%,-4.2%,-1.3%,+27.9%
UHS,Extended,Healthcare providers,Health Care,Health Care Equipment & Servic,,Dec,Revenue,CY2025,17111.65,17333.7,+1.3%,17386.333,+0.3%,17386.333,+0.0%,169.96,,+1.6%,-22.0%,-20.2%,-6.5%
UHS,Extended,Healthcare providers,Health Care,Health Care Equipment & Servic,,Dec,Revenue,CY2026,18089.579,18220.947,+0.7%,18255.611,+0.2%,18534.1,+1.5%,169.96,,+2.5%,-22.0%,-20.2%,-6.5%
UHS,Extended,Healthcare providers,Health Care,Health Care Equipment & Servic,,Dec,Revenue,CY2027,18842.545,19181.941,+1.8%,19208.063,+0.1%,19490.85,+1.5%,169.96,,+3.4%,-22.0%,-20.2%,-6.5%
UHS,Extended,Healthcare providers,Health Care,Health Care Equipment & Servic,,Dec,Revenue,CY2028,19848.0,20010.0,+0.8%,19948.667,-0.3%,20537.455,+3.0%,169.96,,+3.5%,-22.0%,-20.2%,-6.5%
CYH,Extended,Healthcare providers,Health Care,Health Care Equipment & Servic,,Dec,Revenue,CY2025,12378.2,12513.2,+1.1%,12517.3,+0.0%,12517.3,+0.0%,2.79,,+1.1%,-10.6%,-10.9%,-20.3%
CYH,Extended,Healthcare providers,Health Care,Health Care Equipment & Servic,,Dec,Revenue,CY2026,12840.556,12804.222,-0.3%,12669.4,-1.1%,11628.556,-8.2%,2.79,,-9.4%,-10.6%,-10.9%,-20.3%
CYH,Extended,Healthcare providers,Health Care,Health Care Equipment & Servic,,Dec,Revenue,CY2027,13411.6,13264.143,-1.1%,13110.75,-1.2%,11853.778,-9.6%,2.79,,-11.6%,-10.6%,-10.9%,-20.3%
CYH,Extended,Healthcare providers,Health Care,Health Care Equipment & Servic,,Dec,Revenue,CY2028,14143.0,13918.0,-1.6%,13973.5,+0.4%,12210.25,-12.6%,2.79,,-13.7%,-10.6%,-10.9%,-20.3%
DVA,Extended,Healthcare providers,Health Care,Health Care Equipment & Servic,,Dec,Revenue,CY2025,13494.625,13510.667,+0.1%,13516.375,+0.0%,13516.375,+0.0%,198.65,,+0.2%,+74.9%,+44.3%,+38.2%
DVA,Extended,Healthcare providers,Health Care,Health Care Equipment & Servic,,Dec,Revenue,CY2026,14025.5,13913.667,-0.8%,14006.5,+0.7%,14106.25,+0.7%,198.65,,+0.6%,+74.9%,+44.3%,+38.2%
DVA,Extended,Healthcare providers,Health Care,Health Care Equipment & Servic,,Dec,Revenue,CY2027,14716.0,14377.286,-2.3%,14433.375,+0.4%,14544.625,+0.8%,198.65,,-1.2%,+74.9%,+44.3%,+38.2%
DVA,Extended,Healthcare providers,Health Care,Health Care Equipment & Servic,,Dec,Revenue,CY2028,15675.333,15082.0,-3.8%,14989.0,-0.6%,15126.8,+0.9%,198.65,,-3.5%,+74.9%,+44.3%,+38.2%
DGX,Extended,Healthcare providers,Health Care,Health Care Equipment & Servic,,Dec,Revenue,CY2025,10792.278,10983.5,+1.8%,10984.556,+0.0%,10984.556,+0.0%,187.39,,+1.8%,+8.0%,-2.0%,+5.9%
DGX,Extended,Healthcare providers,Health Care,Health Care Equipment & Servic,,Dec,Revenue,CY2026,11227.722,11373.125,+1.3%,11399.333,+0.2%,11853.353,+4.0%,187.39,,+5.6%,+8.0%,-2.0%,+5.9%
DGX,Extended,Healthcare providers,Health Care,Health Care Equipment & Servic,,Dec,Revenue,CY2027,11657.571,11835.533,+1.5%,11858.6,+0.2%,12386.412,+4.5%,187.39,,+6.3%,+8.0%,-2.0%,+5.9%
DGX,Extended,Healthcare providers,Health Care,Health Care Equipment & Servic,,Dec,Revenue,CY2028,12053.8,12262.833,+1.7%,12390.429,+1.0%,12922.615,+4.3%,187.39,,+7.2%,+8.0%,-2.0%,+5.9%
HUM,Extended,Managed Care,Health Care,Health Care Equipment & Servic,,Dec,Revenue,CY2025,126638.063,129026.105,+1.9%,129144.714,+0.1%,129144.714,+0.0%,274.96,,+2.0%,+7.4%,+45.1%,+10.2%
HUM,Extended,Managed Care,Health Care,Health Care Equipment & Servic,,Dec,Revenue,CY2026,130523.313,141781.9,+8.6%,145296.842,+2.5%,162376.304,+11.8%,274.96,,+24.4%,+7.4%,+45.1%,+10.2%
HUM,Extended,Managed Care,Health Care,Health Care Equipment & Servic,,Dec,Revenue,CY2027,142243.9,152069.95,+6.9%,155962.368,+2.6%,169861.636,+8.9%,274.96,,+19.4%,+7.4%,+45.1%,+10.2%
HUM,Extended,Managed Care,Health Care,Health Care Equipment & Servic,,Dec,Revenue,CY2028,152334.4,163558.625,+7.4%,169868.857,+3.9%,181484.063,+6.8%,274.96,,+19.1%,+7.4%,+45.1%,+10.2%
CNC,Extended,Managed Care,Health Care,Health Care Equipment & Servic,,Dec,Revenue,CY2025,178752.25,191834.529,+7.3%,192953.625,+0.6%,192953.625,+0.0%,55.96,,+7.9%,+36.0%,+47.1%,-10.9%
CNC,Extended,Managed Care,Health Care,Health Care Equipment & Servic,,Dec,Revenue,CY2026,182521.375,194059.556,+6.3%,191123.389,-1.5%,190619.933,-0.3%,55.96,,+4.4%,+36.0%,+47.1%,-10.9%
CNC,Extended,Managed Care,Health Care,Health Care Equipment & Servic,,Dec,Revenue,CY2027,190310.75,198050.412,+4.1%,194995.833,-1.5%,192608.294,-1.2%,55.96,,+1.2%,+36.0%,+47.1%,-10.9%
CNC,Extended,Managed Care,Health Care,Health Care Equipment & Servic,,Dec,Revenue,CY2028,203938.0,202502.5,-0.7%,195101.571,-3.7%,200691.25,+2.9%,55.96,,-1.6%,+36.0%,+47.1%,-10.9%
MOH,Extended,Managed Care,Health Care,Health Care Equipment & Servic,,Dec,Revenue,CY2025,44065.471,44787.867,+1.6%,44926.294,+0.3%,44926.294,+0.0%,185.94,,+2.0%,+7.1%,+45.8%,-42.3%
MOH,Extended,Managed Care,Health Care,Health Care Equipment & Servic,,Dec,Revenue,CY2026,47595.2,46516.077,-2.3%,46319.882,-0.4%,44295.235,-4.4%,185.94,,-6.9%,+7.1%,+45.8%,-42.3%
MOH,Extended,Managed Care,Health Care,Health Care Equipment & Servic,,Dec,Revenue,CY2027,51075.2,50091.182,-1.9%,50209.938,+0.2%,46855.8,-6.7%,185.94,,-8.3%,+7.1%,+45.8%,-42.3%
MOH,Extended,Managed Care,Health Care,Health Care Equipment & Servic,,Dec,Revenue,CY2028,54069.75,51583.5,-4.6%,51608.0,+0.0%,49665.9,-3.8%,185.94,,-8.1%,+7.1%,+45.8%,-42.3%
PINS,Extended,Internet,Communication Services,Media & Entertainment,,Dec,Revenue,CY2025,4134.868,4234.297,+2.4%,4233.029,-0.0%,4232.914,-0.0%,21.27,,+2.4%,-17.8%,+5.6%,-27.2%
PINS,Extended,Internet,Communication Services,Media & Entertainment,,Dec,Revenue,CY2026,4780.757,4849.237,+1.4%,4829.0,-0.4%,4856.816,+0.6%,21.27,,+1.6%,-17.8%,+5.6%,-27.2%
PINS,Extended,Internet,Communication Services,Media & Entertainment,,Dec,Revenue,CY2027,5389.708,5512.667,+2.3%,5509.194,-0.1%,5469.639,-0.7%,21.27,,+1.5%,-17.8%,+5.6%,-27.2%
PINS,Extended,Internet,Communication Services,Media & Entertainment,,Dec,Revenue,CY2028,6173.417,6224.143,+0.8%,6220.0,-0.1%,6086.08,-2.2%,21.27,,-1.4%,-17.8%,+5.6%,-27.2%
SNAP,Extended,Internet,Communication Services,Media & Entertainment,,Dec,Revenue,CY2025,5856.55,5908.341,+0.9%,5916.818,+0.1%,5916.818,+0.0%,6.08,,+1.0%,-24.7%,+17.1%,-26.3%
SNAP,Extended,Internet,Communication Services,Media & Entertainment,,Dec,Revenue,CY2026,6489.683,6676.932,+2.9%,6704.689,+0.4%,6715.711,+0.2%,6.08,,+3.5%,-24.7%,+17.1%,-26.3%
SNAP,Extended,Internet,Communication Services,Media & Entertainment,,Dec,Revenue,CY2027,7234.645,7283.083,+0.7%,7342.512,+0.8%,7386.512,+0.6%,6.08,,+2.1%,-24.7%,+17.1%,-26.3%
SNAP,Extended,Internet,Communication Services,Media & Entertainment,,Dec,Revenue,CY2028,7947.474,7872.833,-0.9%,7982.885,+1.4%,8016.226,+0.4%,6.08,,+0.9%,-24.7%,+17.1%,-26.3%
RDDT,Extended,Internet,Communication Services,Media & Entertainment,,Dec,Revenue,CY2025,1842.111,2142.769,+16.3%,2142.813,+0.0%,2142.813,+0.0%,155.8,,+16.3%,-32.2%,+9.9%,+43.6%
RDDT,Extended,Internet,Communication Services,Media & Entertainment,,Dec,Revenue,CY2026,2372.385,2962.462,+24.9%,3073.969,+3.8%,3210.765,+4.5%,155.8,,+35.3%,-32.2%,+9.9%,+43.6%
RDDT,Extended,Internet,Communication Services,Media & Entertainment,,Dec,Revenue,CY2027,2963.25,3840.2,+29.6%,4027.097,+4.9%,4207.485,+4.5%,155.8,,+42.0%,-32.2%,+9.9%,+43.6%
RDDT,Extended,Internet,Communication Services,Media & Entertainment,,Dec,Revenue,CY2028,3530.4,4836.667,+37.0%,5182.556,+7.2%,5310.476,+2.5%,155.8,,+50.4%,-32.2%,+9.9%,+43.6%
EBAY,Extended,Internet,Consumer Discretionary,Consumer Discretionary Distrib,,Dec,Revenue,CY2025,10612.5,10983.188,+3.5%,11009.25,+0.2%,11009.469,+0.0%,107.69,,+3.7%,+23.6%,+23.3%,+54.9%
EBAY,Extended,Internet,Consumer Discretionary,Consumer Discretionary Distrib,,Dec,Revenue,CY2026,11016.75,11502.344,+4.4%,11529.625,+0.2%,12139.485,+5.3%,107.69,,+10.2%,+23.6%,+23.3%,+54.9%
EBAY,Extended,Internet,Consumer Discretionary,Consumer Discretionary Distrib,,Dec,Revenue,CY2027,11478.091,12064.923,+5.1%,12095.88,+0.3%,12783.313,+5.7%,107.69,,+11.4%,+23.6%,+23.3%,+54.9%
EBAY,Extended,Internet,Consumer Discretionary,Consumer Discretionary Distrib,,Dec,Revenue,CY2028,11807.25,12667.714,+7.3%,12601.429,-0.5%,13387.65,+6.2%,107.69,,+13.4%,+23.6%,+23.3%,+54.9%
TTD,Extended,Internet,Communication Services,Media & Entertainment,,Dec,Revenue,CY2025,2843.829,2888.72,+1.6%,2893.375,+0.2%,2892.519,-0.0%,23.08,,+1.7%,-39.2%,-14.6%,-67.5%
TTD,Extended,Internet,Communication Services,Media & Entertainment,,Dec,Revenue,CY2026,3380.8,3351.692,-0.9%,3353.154,+0.0%,3200.359,-4.6%,23.08,,-5.3%,-39.2%,-14.6%,-67.5%
TTD,Extended,Internet,Communication Services,Media & Entertainment,,Dec,Revenue,CY2027,3992.704,3883.0,-2.7%,3871.0,-0.3%,3538.179,-8.6%,23.08,,-11.4%,-39.2%,-14.6%,-67.5%
TTD,Extended,Internet,Communication Services,Media & Entertainment,,Dec,Revenue,CY2028,4661.765,4488.842,-3.7%,4446.882,-0.9%,3898.696,-12.3%,23.08,,-16.4%,-39.2%,-14.6%,-67.5%
U,Extended,Internet,Information Technology,Software & Services,,Dec,Revenue,CY2025,1780.111,1832.586,+2.9%,1840.276,+0.4%,1840.655,+0.0%,28.16,,+3.4%,-36.2%,+2.3%,+37.0%
U,Extended,Internet,Information Technology,Software & Services,,Dec,Revenue,CY2026,1937.731,2049.241,+5.8%,2099.786,+2.5%,2118.931,+0.9%,28.16,,+9.4%,-36.2%,+2.3%,+37.0%
U,Extended,Internet,Information Technology,Software & Services,,Dec,Revenue,CY2027,2174.0,2348.333,+8.0%,2392.083,+1.9%,2419.643,+1.2%,28.16,,+11.3%,-36.2%,+2.3%,+37.0%
U,Extended,Internet,Information Technology,Software & Services,,Dec,Revenue,CY2028,2369.8,2595.25,+9.5%,2713.667,+4.6%,2763.526,+1.8%,28.16,,+16.6%,-36.2%,+2.3%,+37.0%
ARM,Extended,Technology,Information Technology,Semiconductors & Semiconductor,,Mar,Revenue,CY2025,4832.5,4847.41,+0.3%,4896.22,+1.0%,4899.317,+0.1%,213.27,,+1.4%,+95.1%,+71.1%,+84.2%
ARM,Extended,Technology,Information Technology,Semiconductors & Semiconductor,,Mar,Revenue,CY2026,5822.0,5889.073,+1.2%,5903.727,+0.2%,5985.091,+1.4%,213.27,,+2.8%,+95.1%,+71.1%,+84.2%
ARM,Extended,Technology,Information Technology,Semiconductors & Semiconductor,,Mar,Revenue,CY2027,6792.0,7005.37,+3.1%,7089.25,+1.2%,7927.462,+11.8%,213.27,,+16.7%,+95.1%,+71.1%,+84.2%
ARM,Extended,Technology,Information Technology,Semiconductors & Semiconductor,,Mar,Revenue,CY2028,7989.429,8230.0,+3.0%,8295.917,+0.8%,9833.889,+18.5%,213.27,,+23.1%,+95.1%,+71.1%,+84.2%
MRVL,Extended,Technology,Information Technology,Semiconductors & Semiconductor,,Jan,Revenue,CY2025,8263.85,8137.243,-1.5%,8178.861,+0.5%,8178.444,-0.0%,170.13,,-1.0%,+100.2%,+106.6%,+185.2%
MRVL,Extended,Technology,Information Technology,Semiconductors & Semiconductor,,Jan,Revenue,CY2026,9865.395,9429.75,-4.4%,9990.804,+5.9%,10859.683,+8.7%,170.13,,+10.1%,+100.2%,+106.6%,+185.2%
MRVL,Extended,Technology,Information Technology,Semiconductors & Semiconductor,,Jan,Revenue,CY2027,11629.4,11067.053,-4.8%,12827.243,+15.9%,14924.884,+16.4%,170.13,,+28.3%,+100.2%,+106.6%,+185.2%
MRVL,Extended,Technology,Information Technology,Semiconductors & Semiconductor,,Jan,Revenue,CY2028,14563.0,13199.4,-9.4%,16722.375,+26.7%,19240.048,+15.1%,170.13,,+32.1%,+100.2%,+106.6%,+185.2%
AMD,Extended,Technology,Information Technology,Semiconductors & Semiconductor,,Dec,Revenue,CY2025,31852.765,34023.0,+6.8%,34078.737,+0.2%,34078.737,+0.0%,455.19,,+7.0%,+112.5%,+110.7%,+342.6%
AMD,Extended,Technology,Information Technology,Semiconductors & Semiconductor,,Dec,Revenue,CY2026,37557.962,44700.163,+19.0%,46462.93,+3.9%,49105.618,+5.7%,455.19,,+30.7%,+112.5%,+110.7%,+342.6%
AMD,Extended,Technology,Information Technology,Semiconductors & Semiconductor,,Dec,Revenue,CY2027,43254.038,62292.769,+44.0%,65025.204,+4.4%,73578.889,+13.2%,455.19,,+70.1%,+112.5%,+110.7%,+342.6%
AMD,Extended,Technology,Information Technology,Semiconductors & Semiconductor,,Dec,Revenue,CY2028,44699.5,68710.875,+53.7%,82659.0,+20.3%,95549.971,+15.6%,455.19,,+113.8%,+112.5%,+110.7%,+342.6%
INTC,Extended,Technology,Information Technology,Semiconductors & Semiconductor,,Dec,Revenue,CY2025,50515.268,52567.568,+4.1%,52601.63,+0.1%,52601.63,+0.0%,124.92,,+4.1%,+238.5%,+148.6%,+483.2%
INTC,Extended,Technology,Information Technology,Semiconductors & Semiconductor,,Dec,Revenue,CY2026,53352.756,53997.636,+1.2%,53906.174,-0.2%,58804.239,+9.1%,124.92,,+10.2%,+238.5%,+148.6%,+483.2%
INTC,Extended,Technology,Information Technology,Semiconductors & Semiconductor,,Dec,Revenue,CY2027,56960.4,56566.484,-0.7%,57942.0,+2.4%,65016.933,+12.2%,124.92,,+14.1%,+238.5%,+148.6%,+483.2%
INTC,Extended,Technology,Information Technology,Semiconductors & Semiconductor,,Dec,Revenue,CY2028,59036.5,64495.5,+9.2%,62131.063,-3.7%,71817.407,+15.6%,124.92,,+21.6%,+238.5%,+148.6%,+483.2%
TXN,Extended,Technology,Information Technology,Semiconductors & Semiconductor,,Dec,Revenue,CY2025,17274.2,17684.0,+2.4%,17687.114,+0.0%,17687.114,+0.0%,287.8,,+2.4%,+65.9%,+31.6%,+67.1%
TXN,Extended,Technology,Information Technology,Semiconductors & Semiconductor,,Dec,Revenue,CY2026,18948.056,19100.8,+0.8%,19491.0,+2.0%,20985.794,+7.7%,287.8,,+10.8%,+65.9%,+31.6%,+67.1%
TXN,Extended,Technology,Information Technology,Semiconductors & Semiconductor,,Dec,Revenue,CY2027,20903.111,21141.607,+1.1%,21429.73,+1.4%,23163.118,+8.1%,287.8,,+10.8%,+65.9%,+31.6%,+67.1%
TXN,Extended,Technology,Information Technology,Semiconductors & Semiconductor,,Dec,Revenue,CY2028,24266.0,24089.286,-0.7%,23817.588,-1.1%,25320.526,+6.3%,287.8,,+4.3%,+65.9%,+31.6%,+67.1%
ADI,Extended,Technology,Information Technology,Semiconductors & Semiconductor,,Oct,Revenue,CY2025,10336.815,10957.094,+6.0%,10957.516,+0.0%,10957.516,+0.0%,416.52,,+6.0%,+53.6%,+29.0%,+100.7%
ADI,Extended,Technology,Information Technology,Semiconductors & Semiconductor,,Oct,Revenue,CY2026,11629.222,12436.515,+6.9%,13090.636,+5.3%,14054.034,+7.4%,416.52,,+20.9%,+53.6%,+29.0%,+100.7%
ADI,Extended,Technology,Information Technology,Semiconductors & Semiconductor,,Oct,Revenue,CY2027,12734.636,13529.737,+6.2%,14316.759,+5.8%,15517.586,+8.4%,416.52,,+21.9%,+53.6%,+29.0%,+100.7%
ADI,Extended,Technology,Information Technology,Semiconductors & Semiconductor,,Oct,Revenue,CY2028,14221.75,14771.167,+3.9%,15824.462,+7.1%,15976.923,+1.0%,416.52,,+12.3%,+53.6%,+29.0%,+100.7%
005930,Extended,Technology,Information Technology,Technology Hardware & Equipmen,,Dec,Revenue,CY2025,323774181.333,325301566.333,+0.5%,331545634.105,+1.9%,331545634.105,+0.0%,276500.0,,+2.4%,+129.7%,+69.1%,+404.6%
005930,Extended,Technology,Information Technology,Technology Hardware & Equipmen,,Dec,Revenue,CY2026,340914615.889,377512922.308,+10.7%,475545136.553,+26.0%,655843339.475,+37.9%,276500.0,,+92.4%,+129.7%,+69.1%,+404.6%
005930,Extended,Technology,Information Technology,Technology Hardware & Equipmen,,Dec,Revenue,CY2027,355080738.885,409079868.788,+15.2%,538820052.194,+31.7%,794942594.3,+47.5%,276500.0,,+123.9%,+129.7%,+69.1%,+404.6%
005930,Extended,Technology,Information Technology,Technology Hardware & Equipmen,,Dec,Revenue,CY2028,344052971.0,421818965.75,+22.6%,607318801.625,+44.0%,840335785.516,+38.4%,276500.0,,+144.2%,+129.7%,+69.1%,+404.6%
000660,Extended,Technology,Information Technology,Semiconductors & Semiconductor,,Dec,Revenue,CY2025,86420294.342,92460557.4,+7.0%,95644767.921,+3.4%,95644767.921,+0.0%,1681000.0,,+10.7%,+157.8%,+93.4%,+784.3%
000660,Extended,Technology,Information Technology,Semiconductors & Semiconductor,,Dec,Revenue,CY2026,100096011.027,131748201.875,+31.6%,204070572.975,+54.9%,317160932.095,+55.4%,1681000.0,,+216.9%,+157.8%,+93.4%,+784.3%
000660,Extended,Technology,Information Technology,Semiconductors & Semiconductor,,Dec,Revenue,CY2027,113698437.875,154152787.412,+35.6%,254643616.632,+65.2%,438642351.548,+72.3%,1681000.0,,+285.8%,+157.8%,+93.4%,+784.3%
000660,Extended,Technology,Information Technology,Semiconductors & Semiconductor,,Dec,Revenue,CY2028,237074978.0,262507895.667,+10.7%,336086744.0,+28.0%,476021002.344,+41.6%,1681000.0,,+100.8%,+157.8%,+93.4%,+784.3%
INTU,Extended,Software,Information Technology,Software & Services,,Jul,Revenue,CY2025,18342.3,18749.655,+2.2%,18749.655,+0.0%,18749.655,+0.0%,396.31,,+2.2%,-40.2%,-9.4%,-39.4%
INTU,Extended,Software,Information Technology,Software & Services,,Jul,Revenue,CY2026,20590.963,21120.37,+2.6%,21249.036,+0.6%,21204.9,-0.2%,396.31,,+3.0%,-40.2%,-9.4%,-39.4%
INTU,Extended,Software,Information Technology,Software & Services,,Jul,Revenue,CY2027,23107.056,23789.556,+3.0%,23944.897,+0.7%,23814.2,-0.5%,396.31,,+3.1%,-40.2%,-9.4%,-39.4%
INTU,Extended,Software,Information Technology,Software & Services,,Jul,Revenue,CY2028,26168.833,26948.0,+3.0%,26890.222,-0.2%,26748.238,-0.5%,396.31,,+2.2%,-40.2%,-9.4%,-39.4%
DDOG,Extended,Software,Information Technology,Software & Services,,Dec,Revenue,CY2025,3232.825,3389.618,+4.9%,3390.395,+0.0%,3390.395,+0.0%,200.16,,+4.9%,+47.2%,+75.6%,+85.5%
DDOG,Extended,Software,Information Technology,Software & Services,,Dec,Revenue,CY2026,3859.773,4102.333,+6.3%,4103.578,+0.0%,4094.324,-0.2%,200.16,,+6.1%,+47.2%,+75.6%,+85.5%
DDOG,Extended,Software,Information Technology,Software & Services,,Dec,Revenue,CY2027,4699.217,4966.861,+5.7%,4952.385,-0.3%,5195.894,+4.9%,200.16,,+10.6%,+47.2%,+75.6%,+85.5%
DDOG,Extended,Software,Information Technology,Software & Services,,Dec,Revenue,CY2028,5531.857,5943.778,+7.4%,5925.6,-0.3%,6347.048,+7.1%,200.16,,+14.7%,+47.2%,+75.6%,+85.5%
BAC,Extended,Banks,Financials,Banks,,Dec,Revenue,CY2025,108261.353,109852.765,+1.5%,110692.65,+0.8%,110692.65,+0.0%,51.31,,+2.2%,-6.7%,-9.0%,+22.8%
BAC,Extended,Banks,Financials,Banks,,Dec,Revenue,CY2026,113997.625,116486.875,+2.2%,119994.158,+3.0%,121288.65,+1.1%,51.31,,+6.4%,-6.7%,-9.0%,+22.8%
BAC,Extended,Banks,Financials,Banks,,Dec,Revenue,CY2027,117726.0,122235.4,+3.8%,126397.667,+3.4%,127352.2,+0.8%,51.31,,+8.2%,-6.7%,-9.0%,+22.8%
BAC,Extended,Banks,Financials,Banks,,Dec,Revenue,CY2028,118171.0,125916.0,+6.6%,131267.857,+4.3%,133058.556,+1.4%,51.31,,+12.6%,-6.7%,-9.0%,+22.8%
WFC,Extended,Banks,Financials,Banks,,Dec,Revenue,CY2025,83345.45,83927.773,+0.7%,84048.739,+0.1%,84048.739,+0.0%,75.64,,+0.8%,-18.8%,-20.1%,+4.4%
WFC,Extended,Banks,Financials,Banks,,Dec,Revenue,CY2026,87204.6,88238.955,+1.2%,88231.864,-0.0%,87749.417,-0.5%,75.64,,+0.6%,-18.8%,-20.1%,+4.4%
WFC,Extended,Banks,Financials,Banks,,Dec,Revenue,CY2027,90972.333,92049.158,+1.2%,92286.909,+0.3%,92088.458,-0.2%,75.64,,+1.2%,-18.8%,-20.1%,+4.4%
WFC,Extended,Banks,Financials,Banks,,Dec,Revenue,CY2028,93139.5,97608.0,+4.8%,96572.375,-1.1%,96199.0,-0.4%,75.64,,+3.3%,-18.8%,-20.1%,+4.4%
GS,Extended,Banks,Financials,Financial Services,,Dec,Revenue,CY2025,55300.636,58959.913,+6.6%,58336.087,-1.1%,58336.087,+0.0%,936.48,,+5.5%,+6.5%,-0.8%,+65.1%
GS,Extended,Banks,Financials,Financial Services,,Dec,Revenue,CY2026,57680.952,61759.174,+7.1%,63978.957,+3.6%,63780.478,-0.3%,936.48,,+10.6%,+6.5%,-0.8%,+65.1%
GS,Extended,Banks,Financials,Financial Services,,Dec,Revenue,CY2027,59195.364,64381.167,+8.8%,66254.13,+2.9%,66391.87,+0.2%,936.48,,+12.2%,+6.5%,-0.8%,+65.1%
GS,Extended,Banks,Financials,Financial Services,,Dec,Revenue,CY2028,60672.5,65893.0,+8.6%,66606.267,+1.1%,67935.4,+2.0%,936.48,,+12.0%,+6.5%,-0.8%,+65.1%
MS,Extended,Banks,Financials,Financial Services,,Dec,Revenue,CY2025,65546.727,69849.727,+6.6%,70344.273,+0.7%,70344.273,+0.0%,193.09,,+7.3%,+8.8%,+5.9%,+58.7%
MS,Extended,Banks,Financials,Financial Services,,Dec,Revenue,CY2026,68162.773,73728.565,+8.2%,76405.909,+3.6%,77630.909,+1.6%,193.09,,+13.9%,+8.8%,+5.9%,+58.7%
MS,Extended,Banks,Financials,Financial Services,,Dec,Revenue,CY2027,70479.5,77834.611,+10.4%,80414.773,+3.3%,81727.0,+1.6%,193.09,,+16.0%,+8.8%,+5.9%,+58.7%
MS,Extended,Banks,Financials,Financial Services,,Dec,Revenue,CY2028,73125.0,81300.2,+11.2%,83808.231,+3.1%,86009.286,+2.6%,193.09,,+17.6%,+8.8%,+5.9%,+58.7%
C,Extended,Banks,Financials,Banks,,Dec,Revenue,CY2025,83606.0,86091.0,+3.0%,85704.947,-0.4%,85704.947,+0.0%,125.55,,+2.5%,+7.6%,+1.4%,+75.7%
C,Extended,Banks,Financials,Banks,,Dec,Revenue,CY2026,86132.647,88867.579,+3.2%,90764.2,+2.1%,93483.526,+3.0%,125.55,,+8.5%,+7.6%,+1.4%,+75.7%
C,Extended,Banks,Financials,Banks,,Dec,Revenue,CY2027,88055.0,91539.625,+4.0%,93855.368,+2.5%,96808.0,+3.1%,125.55,,+9.9%,+7.6%,+1.4%,+75.7%
C,Extended,Banks,Financials,Banks,,Dec,Revenue,CY2028,84343.0,88022.0,+4.4%,95000.5,+7.9%,101298.111,+6.6%,125.55,,+20.1%,+7.6%,+1.4%,+75.7%
CB,Extended,Insurance and reinsurance,Financials,Insurance,,Dec,Revenue,CY2025,59451.125,59650.75,+0.3%,59647.286,-0.0%,59647.286,+0.0%,319.64,,+0.3%,+2.4%,-2.0%,+10.3%
CB,Extended,Insurance and reinsurance,Financials,Insurance,,Dec,Revenue,CY2026,63536.625,63695.5,+0.3%,63708.857,+0.0%,64217.143,+0.8%,319.64,,+1.1%,+2.4%,-2.0%,+10.3%
CB,Extended,Insurance and reinsurance,Financials,Insurance,,Dec,Revenue,CY2027,67104.0,67546.571,+0.7%,67382.714,-0.2%,68170.714,+1.2%,319.64,,+1.6%,+2.4%,-2.0%,+10.3%
CB,Extended,Insurance and reinsurance,Financials,Insurance,,Dec,Revenue,CY2028,,,,70571.75,,71598.333,+1.5%,319.64,,,+2.4%,-2.0%,+10.3%
ALL,Extended,Insurance and reinsurance,Financials,Insurance,,Dec,Revenue,CY2025,66831.778,66813.889,-0.0%,67813.222,+1.5%,67813.222,+0.0%,213.15,,+1.5%,+2.4%,+6.6%,+5.2%
ALL,Extended,Insurance and reinsurance,Financials,Insurance,,Dec,Revenue,CY2026,71969.556,70844.778,-1.6%,71382.778,+0.8%,70177.778,-1.7%,213.15,,-2.5%,+2.4%,+6.6%,+5.2%
ALL,Extended,Insurance and reinsurance,Financials,Insurance,,Dec,Revenue,CY2027,77014.2,75769.889,-1.6%,75095.0,-0.9%,73527.556,-2.1%,213.15,,-4.5%,+2.4%,+6.6%,+5.2%
ALL,Extended,Insurance and reinsurance,Financials,Insurance,,Dec,Revenue,CY2028,76298.0,76298.0,+0.0%,76432.75,+0.2%,76803.571,+0.5%,213.15,,+0.7%,+2.4%,+6.6%,+5.2%
TRV,Extended,Insurance and reinsurance,Financials,Insurance,,Dec,Revenue,CY2025,49073.222,48798.095,-0.6%,48813.158,+0.0%,48813.158,+0.0%,298.04,,-0.5%,+2.8%,+1.8%,+10.5%
TRV,Extended,Insurance and reinsurance,Financials,Insurance,,Dec,Revenue,CY2026,52295.053,50459.81,-3.5%,50045.333,-0.8%,48792.524,-2.5%,298.04,,-6.7%,+2.8%,+1.8%,+10.5%
TRV,Extended,Insurance and reinsurance,Financials,Insurance,,Dec,Revenue,CY2027,55057.727,52278.611,-5.0%,51501.4,-1.5%,50287.4,-2.4%,298.04,,-8.7%,+2.8%,+1.8%,+10.5%
TRV,Extended,Insurance and reinsurance,Financials,Insurance,,Dec,Revenue,CY2028,56608.0,53691.333,-5.2%,53018.111,-1.3%,51853.818,-2.2%,298.04,,-8.4%,+2.8%,+1.8%,+10.5%
AIG,Extended,Insurance and reinsurance,Financials,Insurance,,Dec,Revenue,CY2025,27376.667,27494.111,+0.4%,27551.5,+0.2%,27551.5,+0.0%,76.36,,+0.6%,-10.7%,+1.9%,-7.3%
AIG,Extended,Insurance and reinsurance,Financials,Insurance,,Dec,Revenue,CY2026,28754.833,28018.818,-2.6%,28606.364,+2.1%,28931.929,+1.1%,76.36,,+0.6%,-10.7%,+1.9%,-7.3%
AIG,Extended,Insurance and reinsurance,Financials,Insurance,,Dec,Revenue,CY2027,30681.0,29623.167,-3.4%,30514.727,+3.0%,31312.0,+2.6%,76.36,,+2.1%,-10.7%,+1.9%,-7.3%
AIG,Extended,Insurance and reinsurance,Financials,Insurance,,Dec,Revenue,CY2028,32411.0,32411.0,+0.0%,32762.5,+1.1%,32728.125,-0.1%,76.36,,+1.0%,-10.7%,+1.9%,-7.3%
ACGL,Extended,Insurance and reinsurance,Financials,Insurance,,Dec,Revenue,CY2025,18659.0,19598.4,+5.0%,19606.538,+0.0%,19606.538,+0.0%,93.8,,+5.1%,-2.2%,-2.4%,-0.8%
ACGL,Extended,Insurance and reinsurance,Financials,Insurance,,Dec,Revenue,CY2026,19929.636,19617.833,-1.6%,19366.769,-1.3%,18221.769,-5.9%,93.8,,-8.6%,-2.2%,-2.4%,-0.8%
ACGL,Extended,Insurance and reinsurance,Financials,Insurance,,Dec,Revenue,CY2027,21301.714,20845.75,-2.1%,20167.167,-3.3%,18818.846,-6.7%,93.8,,-11.7%,-2.2%,-2.4%,-0.8%
ACGL,Extended,Insurance and reinsurance,Financials,Insurance,,Dec,Revenue,CY2028,,,,21018.0,,19652.222,-6.5%,93.8,,,-2.2%,-2.4%,-0.8%
KMX,Extended,Autos,Consumer Discretionary,Consumer Discretionary Distrib,,Feb,Revenue,CY2025,27443.5,25623.278,-6.6%,25577.765,-0.2%,25640.375,+0.2%,40.34,,-6.6%,+4.4%,-13.2%,-39.0%
KMX,Extended,Autos,Consumer Discretionary,Consumer Discretionary Distrib,,Feb,Revenue,CY2026,28958.933,25987.444,-10.3%,25705.5,-1.1%,25983.944,+1.1%,40.34,,-10.3%,+4.4%,-13.2%,-39.0%
KMX,Extended,Autos,Consumer Discretionary,Consumer Discretionary Distrib,,Feb,Revenue,CY2027,30491.0,26668.0,-12.5%,26129.0,-2.0%,26552.588,+1.6%,40.34,,-12.9%,+4.4%,-13.2%,-39.0%
KMX,Extended,Autos,Consumer Discretionary,Consumer Discretionary Distrib,,Feb,Revenue,CY2028,30501.0,27784.0,-8.9%,26633.5,-4.1%,26731.429,+0.4%,40.34,,-12.4%,+4.4%,-13.2%,-39.0%
AN,Extended,Autos,Consumer Discretionary,Consumer Discretionary Distrib,,Dec,Revenue,CY2025,27206.692,27801.091,+2.2%,27863.636,+0.2%,27863.636,+0.0%,205.97,,+2.4%,-0.2%,-2.1%,+14.6%
AN,Extended,Autos,Consumer Discretionary,Consumer Discretionary Distrib,,Dec,Revenue,CY2026,27895.231,28509.0,+2.2%,28358.833,-0.5%,27886.538,-1.7%,205.97,,-0.0%,-0.2%,-2.1%,+14.6%
AN,Extended,Autos,Consumer Discretionary,Consumer Discretionary Distrib,,Dec,Revenue,CY2027,28985.0,29517.0,+1.8%,29414.556,-0.3%,28766.538,-2.2%,205.97,,-0.8%,-0.2%,-2.1%,+14.6%
AN,Extended,Autos,Consumer Discretionary,Consumer Discretionary Distrib,,Dec,Revenue,CY2028,30560.0,31160.333,+2.0%,30845.0,-1.0%,30349.0,-1.6%,205.97,,-0.7%,-0.2%,-2.1%,+14.6%
GPI,Extended,Autos,Consumer Discretionary,Consumer Discretionary Distrib,,Dec,Revenue,CY2025,22204.1,22669.5,+2.1%,22609.5,-0.3%,22609.5,+0.0%,357.83,,+1.8%,-9.0%,+5.7%,-16.8%
GPI,Extended,Autos,Consumer Discretionary,Consumer Discretionary Distrib,,Dec,Revenue,CY2026,22975.6,23596.5,+2.7%,23337.1,-1.1%,22847.273,-2.1%,357.83,,-0.6%,-9.0%,+5.7%,-16.8%
GPI,Extended,Autos,Consumer Discretionary,Consumer Discretionary Distrib,,Dec,Revenue,CY2027,23734.333,24277.75,+2.3%,24076.0,-0.8%,23646.818,-1.8%,357.83,,-0.4%,-9.0%,+5.7%,-16.8%
GPI,Extended,Autos,Consumer Discretionary,Consumer Discretionary Distrib,,Dec,Revenue,CY2028,25635.0,25980.0,+1.3%,25424.0,-2.1%,24829.2,-2.3%,357.83,,-3.1%,-9.0%,+5.7%,-16.8%
SAH,Extended,Autos,Consumer Discretionary,Consumer Discretionary Distrib,,Dec,Revenue,CY2025,14664.8,15172.778,+3.5%,15179.6,+0.0%,15179.6,+0.0%,81.2,,+3.5%,+31.3%,+31.9%,+25.1%
SAH,Extended,Autos,Consumer Discretionary,Consumer Discretionary Distrib,,Dec,Revenue,CY2026,15203.6,15688.111,+3.2%,15679.7,-0.1%,15592.091,-0.6%,81.2,,+2.6%,+31.3%,+31.9%,+25.1%
SAH,Extended,Autos,Consumer Discretionary,Consumer Discretionary Distrib,,Dec,Revenue,CY2027,16508.667,16451.75,-0.3%,16365.2,-0.5%,16242.091,-0.8%,81.2,,-1.6%,+31.3%,+31.9%,+25.1%
SAH,Extended,Autos,Consumer Discretionary,Consumer Discretionary Distrib,,Dec,Revenue,CY2028,18475.5,18346.0,-0.7%,17682.0,-3.6%,17069.6,-3.5%,81.2,,-7.6%,+31.3%,+31.9%,+25.1%
CPRT,Extended,Autos,Industrials,Commercial & Professional Serv,,Jul,Revenue,CY2025,,4670.5,,4670.5,+0.0%,4670.5,+0.0%,33.94,,,-13.3%,-15.8%,-44.8%
CPRT,Extended,Autos,Industrials,Commercial & Professional Serv,,Jul,Revenue,CY2026,,4897.3,,4760.6,-2.8%,4607.3,-3.2%,33.94,,,-13.3%,-15.8%,-44.8%
CPRT,Extended,Autos,Industrials,Commercial & Professional Serv,,Jul,Revenue,CY2027,,5255.2,,5070.9,-3.5%,4823.7,-4.9%,33.94,,,-13.3%,-15.8%,-44.8%
CPRT,Extended,Autos,Industrials,Commercial & Professional Serv,,Jul,Revenue,CY2028,,6027.0,,5866.667,-2.7%,5262.333,-10.3%,33.94,,,-13.3%,-15.8%,-44.8%
GFS,Extended,Technology,Information Technology,Semiconductors & Semiconductor,,Dec,Revenue,CY2025,6900.444,6772.4,-1.9%,6764.45,-0.1%,6764.45,+0.0%,74.12,,-2.0%,+112.3%,+70.3%,+103.7%
GFS,Extended,Technology,Information Technology,Semiconductors & Semiconductor,,Dec,Revenue,CY2026,7552.556,7296.857,-3.4%,7172.45,-1.7%,7235.889,+0.9%,74.12,,-4.2%,+112.3%,+70.3%,+103.7%
GFS,Extended,Technology,Information Technology,Semiconductors & Semiconductor,,Dec,Revenue,CY2027,8184.455,7968.0,-2.6%,7795.118,-2.2%,8003.412,+2.7%,74.12,,-2.2%,+112.3%,+70.3%,+103.7%
GFS,Extended,Technology,Information Technology,Semiconductors & Semiconductor,,Dec,Revenue,CY2028,9209.0,8866.5,-3.7%,8577.25,-3.3%,8936.5,+4.2%,74.12,,-3.0%,+112.3%,+70.3%,+103.7%
2454,Extended,Technology,Information Technology,Semiconductors & Semiconductor,,Dec,Revenue,CY2025,614915.143,591803.038,-3.8%,593911.133,+0.4%,593911.133,+0.0%,3630.0,,-3.4%,+153.8%,+98.4%,+174.0%
2454,Extended,Technology,Information Technology,Semiconductors & Semiconductor,,Dec,Revenue,CY2026,713596.875,658745.923,-7.7%,639599.129,-2.9%,648965.893,+1.5%,3630.0,,-9.1%,+153.8%,+98.4%,+174.0%
2454,Extended,Technology,Information Technology,Semiconductors & Semiconductor,,Dec,Revenue,CY2027,830898.615,791102.684,-4.8%,861900.714,+8.9%,989237.107,+14.8%,3630.0,,+19.1%,+153.8%,+98.4%,+174.0%
2454,Extended,Technology,Information Technology,Semiconductors & Semiconductor,,Dec,Revenue,CY2028,889851.667,875136.5,-1.7%,931101.75,+6.4%,1467095.412,+57.6%,3630.0,,+64.9%,+153.8%,+98.4%,+174.0%
