Ticker,Group,Category,GICS Sector,GICS Industry,EPS Type,FYE,Metric,Year,-1yr,-6m,-6m chg,-3m,-3m chg,Current,Current chg,Price,PE,12m Rev,Return_YTD,Return_3m,Return_12m
HCA,Portfolio,,Health Care,Health Care Equipment & Servic,Adj,Dec,EPS,CY2025,25.339,27.696,+9.3%,27.69,-0.0%,27.69,+0.0%,372.13,13.4,+9.3%,-20.3%,-30.4%,-2.5%
HCA,Portfolio,,Health Care,Health Care Equipment & Servic,Adj,Dec,EPS,CY2026,28.034,29.753,+6.1%,30.3,+1.8%,30.153,-0.5%,372.13,12.3,+7.6%,-20.3%,-30.4%,-2.5%
HCA,Portfolio,,Health Care,Health Care Equipment & Servic,Adj,Dec,EPS,CY2027,31.635,33.021,+4.4%,33.295,+0.8%,33.132,-0.5%,372.13,11.2,+4.7%,-20.3%,-30.4%,-2.5%
HCA,Portfolio,,Health Care,Health Care Equipment & Servic,Adj,Dec,EPS,CY2028,36.22,36.79,+1.6%,37.648,+2.3%,37.086,-1.5%,372.13,10.0,+2.4%,-20.3%,-30.4%,-2.5%
UNH,Portfolio,,Health Care,Health Care Equipment & Servic,GAAP,Dec,EPS,CY2025,21.264,14.944,-29.7%,14.947,+0.0%,14.947,+0.0%,399.47,26.7,-29.7%,+21.0%,+38.3%,+35.0%
UNH,Portfolio,,Health Care,Health Care Equipment & Servic,GAAP,Dec,EPS,CY2026,24.65,16.407,-33.4%,16.892,+3.0%,17.152,+1.5%,399.47,23.3,-30.4%,+21.0%,+38.3%,+35.0%
UNH,Portfolio,,Health Care,Health Care Equipment & Servic,GAAP,Dec,EPS,CY2027,28.481,19.376,-32.0%,18.373,-5.2%,18.776,+2.2%,399.47,21.3,-34.1%,+21.0%,+38.3%,+35.0%
UNH,Portfolio,,Health Care,Health Care Equipment & Servic,GAAP,Dec,EPS,CY2028,32.685,23.709,-27.5%,21.988,-7.3%,23.038,+4.8%,399.47,17.3,-29.5%,+21.0%,+38.3%,+35.0%
TSM,Portfolio,,Information Technology,Semiconductors & Semiconductor,GAAP,Dec,EPS,CY2025,9.907,10.226,+3.2%,10.239,+0.1%,10.239,+0.0%,415.17,40.5,+3.4%,+36.6%,+17.3%,+104.2%
TSM,Portfolio,,Information Technology,Semiconductors & Semiconductor,GAAP,Dec,EPS,CY2026,11.457,12.032,+5.0%,14.103,+17.2%,15.635,+10.9%,415.17,26.6,+36.5%,+36.6%,+17.3%,+104.2%
TSM,Portfolio,,Information Technology,Semiconductors & Semiconductor,GAAP,Dec,EPS,CY2027,13.26,14.272,+7.6%,17.577,+23.2%,19.569,+11.3%,415.17,21.2,+47.6%,+36.6%,+17.3%,+104.2%
TSM,Portfolio,,Information Technology,Semiconductors & Semiconductor,GAAP,Dec,EPS,CY2028,15.033,16.458,+9.5%,20.643,+25.4%,23.529,+14.0%,415.17,17.6,+56.5%,+36.6%,+17.3%,+104.2%
AVGO,Portfolio,,Information Technology,Semiconductors & Semiconductor,GAAP,Oct,EPS,CY2025,4.537,4.247,-6.4%,4.247,+0.0%,4.247,+0.0%,385.73,90.8,-6.4%,+11.5%,+15.9%,+48.4%
AVGO,Portfolio,,Information Technology,Semiconductors & Semiconductor,GAAP,Oct,EPS,CY2026,6.004,6.706,+11.7%,8.783,+31.0%,9.264,+5.5%,385.73,41.6,+54.3%,+11.5%,+15.9%,+48.4%
AVGO,Portfolio,,Information Technology,Semiconductors & Semiconductor,GAAP,Oct,EPS,CY2027,7.047,9.886,+40.3%,14.384,+45.5%,16.72,+16.2%,385.73,23.1,+137.3%,+11.5%,+15.9%,+48.4%
AVGO,Portfolio,,Information Technology,Semiconductors & Semiconductor,GAAP,Oct,EPS,CY2028,9.795,13.273,+35.5%,17.478,+31.7%,22.404,+28.2%,385.73,17.2,+128.7%,+11.5%,+15.9%,+48.4%
NVDA,Portfolio,,Information Technology,Semiconductors & Semiconductor,GAAP,Jan,EPS,CY2025,4.085,4.623,+13.2%,4.626,+0.1%,4.626,+0.0%,205.1,44.3,+13.2%,+10.0%,+11.9%,+46.5%
NVDA,Portfolio,,Information Technology,Semiconductors & Semiconductor,GAAP,Jan,EPS,CY2026,5.416,7.297,+34.7%,8.197,+12.3%,9.213,+12.4%,205.1,22.3,+70.1%,+10.0%,+11.9%,+46.5%
NVDA,Portfolio,,Information Technology,Semiconductors & Semiconductor,GAAP,Jan,EPS,CY2027,6.2,9.099,+46.8%,10.666,+17.2%,12.752,+19.6%,205.1,16.1,+105.7%,+10.0%,+11.9%,+46.5%
NVDA,Portfolio,,Information Technology,Semiconductors & Semiconductor,GAAP,Jan,EPS,CY2028,7.29,9.964,+36.7%,12.404,+24.5%,15.058,+21.4%,205.1,13.6,+106.6%,+10.0%,+11.9%,+46.5%
META,Portfolio,,Communication Services,Media & Entertainment,GAAP,Dec,EPS,CY2025,25.515,22.8,-10.6%,22.814,+0.1%,22.814,+0.0%,593.0,26.0,-10.6%,-10.2%,-10.2%,-13.4%
META,Portfolio,,Communication Services,Media & Entertainment,GAAP,Dec,EPS,CY2026,28.319,29.653,+4.7%,29.545,-0.4%,32.764,+10.9%,593.0,18.1,+15.7%,-10.2%,-10.2%,-13.4%
META,Portfolio,,Communication Services,Media & Entertainment,GAAP,Dec,EPS,CY2027,32.514,33.597,+3.3%,34.393,+2.4%,35.068,+2.0%,593.0,16.9,+7.9%,-10.2%,-10.2%,-13.4%
META,Portfolio,,Communication Services,Media & Entertainment,GAAP,Dec,EPS,CY2028,38.071,38.742,+1.8%,40.524,+4.6%,40.584,+0.1%,593.0,14.6,+6.6%,-10.2%,-10.2%,-13.4%
AMZN,Portfolio,,Consumer Discretionary,Consumer Discretionary Distrib,GAAP,Dec,EPS,CY2025,6.229,7.08,+13.7%,7.102,+0.3%,7.102,+0.0%,246.03,34.6,+14.0%,+6.6%,+12.4%,+18.3%
AMZN,Portfolio,,Consumer Discretionary,Consumer Discretionary Distrib,GAAP,Dec,EPS,CY2026,7.268,7.906,+8.8%,7.68,-2.9%,8.79,+14.5%,246.03,28.0,+20.9%,+6.6%,+12.4%,+18.3%
AMZN,Portfolio,,Consumer Discretionary,Consumer Discretionary Distrib,GAAP,Dec,EPS,CY2027,8.878,9.635,+8.5%,9.296,-3.5%,10.013,+7.7%,246.03,24.6,+12.8%,+6.6%,+12.4%,+18.3%
AMZN,Portfolio,,Consumer Discretionary,Consumer Discretionary Distrib,GAAP,Dec,EPS,CY2028,10.446,11.187,+7.1%,11.6,+3.7%,12.878,+11.0%,246.03,19.1,+23.3%,+6.6%,+12.4%,+18.3%
JPM,Portfolio,,Financials,Banks,GAAP,Dec,EPS,CY2025,18.584,20.301,+9.2%,19.774,-2.6%,19.774,+0.0%,312.37,15.8,+6.4%,-3.1%,+6.4%,+19.2%
JPM,Portfolio,,Financials,Banks,GAAP,Dec,EPS,CY2026,19.634,21.177,+7.9%,21.584,+1.9%,22.324,+3.4%,312.37,14.0,+13.7%,-3.1%,+6.4%,+19.2%
JPM,Portfolio,,Financials,Banks,GAAP,Dec,EPS,CY2027,21.046,22.878,+8.7%,23.175,+1.3%,23.462,+1.2%,312.37,13.3,+11.5%,-3.1%,+6.4%,+19.2%
JPM,Portfolio,,Financials,Banks,GAAP,Dec,EPS,CY2028,20.1,23.35,+16.2%,25.371,+8.7%,25.819,+1.8%,312.37,12.1,+28.5%,-3.1%,+6.4%,+19.2%
APO,Portfolio,,Financials,Financial Services,Adj,Dec,EPS,CY2025,7.559,7.992,+5.7%,7.955,-0.5%,7.955,+0.0%,128.03,16.1,+5.2%,-11.6%,+15.1%,-1.7%
APO,Portfolio,,Financials,Financial Services,Adj,Dec,EPS,CY2026,9.227,9.152,-0.8%,9.249,+1.1%,8.942,-3.3%,128.03,14.3,-3.1%,-11.6%,+15.1%,-1.7%
APO,Portfolio,,Financials,Financial Services,Adj,Dec,EPS,CY2027,11.058,10.988,-0.6%,10.868,-1.1%,10.722,-1.3%,128.03,11.9,-3.0%,-11.6%,+15.1%,-1.7%
APO,Portfolio,,Financials,Financial Services,Adj,Dec,EPS,CY2028,,12.42,,12.718,+2.4%,12.442,-2.2%,128.03,10.3,,-11.6%,+15.1%,-1.7%
PGR,Portfolio,,Financials,Insurance,Adj,Dec,EPS,CY2025,16.038,17.776,+10.8%,17.902,+0.7%,17.902,+0.0%,204.02,11.4,+11.6%,-4.8%,-3.1%,-22.6%
PGR,Portfolio,,Financials,Insurance,Adj,Dec,EPS,CY2026,15.887,16.359,+3.0%,16.181,-1.1%,16.296,+0.7%,204.02,12.5,+2.6%,-4.8%,-3.1%,-22.6%
PGR,Portfolio,,Financials,Insurance,Adj,Dec,EPS,CY2027,16.998,16.39,-3.6%,16.247,-0.9%,16.275,+0.2%,204.02,12.5,-4.3%,-4.8%,-3.1%,-22.6%
PGR,Portfolio,,Financials,Insurance,Adj,Dec,EPS,CY2028,17.93,17.313,-3.4%,16.153,-6.7%,16.576,+2.6%,204.02,12.3,-7.6%,-4.8%,-3.1%,-22.6%
CVNA,Portfolio,,Consumer Discretionary,Consumer Discretionary Distrib,Adj,Dec,EPS,CY2025,0.97,1.025,+5.7%,1.028,+0.3%,1.028,+0.0%,66.51,64.7,+6.0%,-21.2%,+0.4%,-3.1%
CVNA,Portfolio,,Consumer Discretionary,Consumer Discretionary Distrib,Adj,Dec,EPS,CY2026,1.253,1.483,+18.4%,1.482,-0.1%,1.555,+4.9%,66.51,42.8,+24.1%,-21.2%,+0.4%,-3.1%
CVNA,Portfolio,,Consumer Discretionary,Consumer Discretionary Distrib,Adj,Dec,EPS,CY2027,1.557,2.006,+28.8%,2.015,+0.4%,2.397,+19.0%,66.51,27.7,+53.9%,-21.2%,+0.4%,-3.1%
CVNA,Portfolio,,Consumer Discretionary,Consumer Discretionary Distrib,Adj,Dec,EPS,CY2028,2.373,2.535,+6.8%,2.485,-2.0%,2.692,+8.3%,66.51,24.7,+13.4%,-21.2%,+0.4%,-3.1%
APP,Portfolio,,Information Technology,Software & Services,Adj,Dec,EPS,CY2025,8.129,9.364,+15.2%,9.394,+0.3%,9.394,+0.0%,557.2,59.3,+15.6%,-17.3%,+9.6%,+34.5%
APP,Portfolio,,Information Technology,Software & Services,Adj,Dec,EPS,CY2026,11.808,14.627,+23.9%,15.372,+5.1%,15.789,+2.7%,557.2,35.3,+33.7%,-17.3%,+9.6%,+34.5%
APP,Portfolio,,Information Technology,Software & Services,Adj,Dec,EPS,CY2027,14.157,18.898,+33.5%,20.256,+7.2%,20.999,+3.7%,557.2,26.5,+48.3%,-17.3%,+9.6%,+34.5%
APP,Portfolio,,Information Technology,Software & Services,Adj,Dec,EPS,CY2028,17.448,24.296,+39.2%,25.415,+4.6%,26.37,+3.8%,557.2,21.1,+51.1%,-17.3%,+9.6%,+34.5%
VEEV,Portfolio,,Health Care,Health Care Equipment & Servic,Adj,Jan,EPS,CY2025,7.659,7.934,+3.6%,7.941,+0.1%,7.941,+0.0%,172.61,21.7,+3.7%,-22.7%,-12.0%,-40.5%
VEEV,Portfolio,,Health Care,Health Care Equipment & Servic,Adj,Jan,EPS,CY2026,8.334,8.574,+2.9%,8.85,+3.2%,9.054,+2.3%,172.61,19.1,+8.6%,-22.7%,-12.0%,-40.5%
VEEV,Portfolio,,Health Care,Health Care Equipment & Servic,Adj,Jan,EPS,CY2027,9.803,9.604,-2.0%,9.887,+2.9%,10.036,+1.5%,172.61,17.2,+2.4%,-22.7%,-12.0%,-40.5%
VEEV,Portfolio,,Health Care,Health Care Equipment & Servic,Adj,Jan,EPS,CY2028,11.037,11.24,+1.8%,11.059,-1.6%,11.334,+2.5%,172.61,15.2,+2.7%,-22.7%,-12.0%,-40.5%
FICO,Portfolio,,Information Technology,Software & Services,Adj,Sep,EPS,CY2025,29.15,29.52,+1.3%,29.52,+0.0%,29.52,+0.0%,1137.33,38.5,+1.3%,-32.7%,-22.9%,-35.8%
FICO,Portfolio,,Information Technology,Software & Services,Adj,Sep,EPS,CY2026,36.121,40.19,+11.3%,41.987,+4.5%,43.279,+3.1%,1137.33,26.3,+19.8%,-32.7%,-22.9%,-35.8%
FICO,Portfolio,,Information Technology,Software & Services,Adj,Sep,EPS,CY2027,45.121,50.747,+12.5%,53.2,+4.8%,54.132,+1.8%,1137.33,21.0,+20.0%,-32.7%,-22.9%,-35.8%
FICO,Portfolio,,Information Technology,Software & Services,Adj,Sep,EPS,CY2028,56.186,58.285,+3.7%,63.229,+8.5%,65.095,+3.0%,1137.33,17.5,+15.9%,-32.7%,-22.9%,-35.8%
GOOG,Watchlist,,Communication Services,Media & Entertainment,GAAP,Dec,EPS,CY2025,9.557,10.589,+10.8%,10.598,+0.1%,10.598,+0.0%,365.76,34.5,+10.9%,+16.6%,+21.6%,+115.4%
GOOG,Watchlist,,Communication Services,Media & Entertainment,GAAP,Dec,EPS,CY2026,10.203,11.225,+10.0%,11.606,+3.4%,14.181,+22.2%,365.76,25.8,+39.0%,+16.6%,+21.6%,+115.4%
GOOG,Watchlist,,Communication Services,Media & Entertainment,GAAP,Dec,EPS,CY2027,11.586,13.353,+15.3%,13.507,+1.2%,14.667,+8.6%,365.76,24.9,+26.6%,+16.6%,+21.6%,+115.4%
GOOG,Watchlist,,Communication Services,Media & Entertainment,GAAP,Dec,EPS,CY2028,13.309,14.638,+10.0%,15.592,+6.5%,17.354,+11.3%,365.76,21.1,+30.4%,+16.6%,+21.6%,+115.4%
MU,Watchlist,,Information Technology,Semiconductors & Semiconductor,GAAP,Aug,EPS,CY2025,6.578,7.42,+12.8%,7.42,+0.0%,7.42,+0.0%,864.01,116.4,+12.8%,+202.7%,+117.6%,+712.9%
MU,Watchlist,,Information Technology,Semiconductors & Semiconductor,GAAP,Aug,EPS,CY2026,10.918,17.546,+60.7%,33.501,+90.9%,59.647,+78.0%,864.01,14.5,+446.3%,+202.7%,+117.6%,+712.9%
MU,Watchlist,,Information Technology,Semiconductors & Semiconductor,GAAP,Aug,EPS,CY2027,11.769,21.346,+81.4%,45.798,+114.6%,103.78,+126.6%,864.01,8.3,+781.8%,+202.7%,+117.6%,+712.9%
MU,Watchlist,,Information Technology,Semiconductors & Semiconductor,GAAP,Aug,EPS,CY2028,13.887,21.788,+56.9%,46.599,+113.9%,104.499,+124.3%,864.01,8.3,+652.5%,+202.7%,+117.6%,+712.9%
HOOD,Watchlist,,Financials,Financial Services,Adj,Dec,EPS,CY2025,1.347,2.039,+51.4%,2.066,+1.3%,2.066,+0.0%,82.47,39.9,+53.4%,-27.1%,+2.4%,+13.7%
HOOD,Watchlist,,Financials,Financial Services,Adj,Dec,EPS,CY2026,1.62,2.516,+55.3%,2.37,-5.8%,1.903,-19.7%,82.47,43.3,+17.5%,-27.1%,+2.4%,+13.7%
HOOD,Watchlist,,Financials,Financial Services,Adj,Dec,EPS,CY2027,1.895,2.861,+51.0%,2.837,-0.8%,2.564,-9.6%,82.47,32.2,+35.3%,-27.1%,+2.4%,+13.7%
HOOD,Watchlist,,Financials,Financial Services,Adj,Dec,EPS,CY2028,,2.85,,3.458,+21.3%,3.005,-13.1%,82.47,27.4,,-27.1%,+2.4%,+13.7%
TDG,Watchlist,,Industrials,Capital Goods,Adj,Sep,EPS,CY2025,37.399,36.616,-2.1%,36.616,+0.0%,36.616,+0.0%,1238.74,33.8,-2.1%,-6.9%,-4.3%,-8.3%
TDG,Watchlist,,Industrials,Capital Goods,Adj,Sep,EPS,CY2026,43.174,39.446,-8.6%,39.025,-1.1%,39.964,+2.4%,1238.74,31.0,-7.4%,-6.9%,-4.3%,-8.3%
TDG,Watchlist,,Industrials,Capital Goods,Adj,Sep,EPS,CY2027,49.319,46.453,-5.8%,45.683,-1.7%,46.942,+2.8%,1238.74,26.4,-4.8%,-6.9%,-4.3%,-8.3%
TDG,Watchlist,,Industrials,Capital Goods,Adj,Sep,EPS,CY2028,52.837,52.828,-0.0%,52.548,-0.5%,53.222,+1.3%,1238.74,23.3,+0.7%,-6.9%,-4.3%,-8.3%
GE,Watchlist,,Industrials,Capital Goods,GAAP,Dec,EPS,CY2025,5.822,6.788,+16.6%,6.907,+1.8%,6.907,+0.0%,328.0,47.5,+18.6%,+6.5%,+0.3%,+30.2%
GE,Watchlist,,Industrials,Capital Goods,GAAP,Dec,EPS,CY2026,6.541,7.692,+17.6%,7.881,+2.5%,8.018,+1.7%,328.0,40.9,+22.6%,+6.5%,+0.3%,+30.2%
GE,Watchlist,,Industrials,Capital Goods,GAAP,Dec,EPS,CY2027,7.576,8.74,+15.4%,8.908,+1.9%,9.203,+3.3%,328.0,35.6,+21.5%,+6.5%,+0.3%,+30.2%
GE,Watchlist,,Industrials,Capital Goods,GAAP,Dec,EPS,CY2028,8.544,9.806,+14.8%,10.132,+3.3%,10.462,+3.3%,328.0,31.4,+22.4%,+6.5%,+0.3%,+30.2%
LRCX,Watchlist,,Information Technology,Semiconductors & Semiconductor,GAAP,Jun,EPS,CY2025,4.01,4.012,+0.0%,4.012,+0.0%,4.012,+0.0%,303.28,75.6,+0.0%,+77.2%,+41.3%,+257.2%
LRCX,Watchlist,,Information Technology,Semiconductors & Semiconductor,GAAP,Jun,EPS,CY2026,3.984,4.796,+20.4%,5.29,+10.3%,5.627,+6.4%,303.28,53.9,+41.2%,+77.2%,+41.3%,+257.2%
LRCX,Watchlist,,Information Technology,Semiconductors & Semiconductor,GAAP,Jun,EPS,CY2027,4.774,5.639,+18.1%,6.963,+23.5%,7.88,+13.2%,303.28,38.5,+65.1%,+77.2%,+41.3%,+257.2%
LRCX,Watchlist,,Information Technology,Semiconductors & Semiconductor,GAAP,Jun,EPS,CY2028,,6.218,,7.792,+25.3%,9.382,+20.4%,303.28,32.3,,+77.2%,+41.3%,+257.2%
DASH,Watchlist,,Consumer Discretionary,Consumer Services,Adj,Dec,EPS,CY2025,4.183,5.09,+21.7%,5.084,-0.1%,5.084,+0.0%,156.8,30.8,+21.5%,-30.8%,-14.5%,-27.4%
DASH,Watchlist,,Consumer Discretionary,Consumer Services,Adj,Dec,EPS,CY2026,5.481,6.061,+10.6%,5.671,-6.4%,4.744,-16.3%,156.8,33.1,-13.4%,-30.8%,-14.5%,-27.4%
DASH,Watchlist,,Consumer Discretionary,Consumer Services,Adj,Dec,EPS,CY2027,6.245,7.711,+23.5%,7.479,-3.0%,6.998,-6.4%,156.8,22.4,+12.1%,-30.8%,-14.5%,-27.4%
DASH,Watchlist,,Consumer Discretionary,Consumer Services,Adj,Dec,EPS,CY2028,7.542,8.577,+13.7%,8.101,-5.5%,8.859,+9.4%,156.8,17.7,+17.5%,-30.8%,-14.5%,-27.4%
UBER,Watchlist,,Industrials,Transportation,Adj,Dec,EPS,CY2025,3.583,4.885,+36.3%,2.49,-49.0%,2.49,+0.0%,70.71,28.4,-30.5%,-13.5%,-6.3%,-16.5%
UBER,Watchlist,,Industrials,Transportation,Adj,Dec,EPS,CY2026,4.146,4.118,-0.7%,3.376,-18.0%,3.25,-3.7%,70.71,21.8,-21.6%,-13.5%,-6.3%,-16.5%
UBER,Watchlist,,Industrials,Transportation,Adj,Dec,EPS,CY2027,4.953,4.87,-1.7%,4.42,-9.2%,4.436,+0.4%,70.71,15.9,-10.4%,-13.5%,-6.3%,-16.5%
UBER,Watchlist,,Industrials,Transportation,Adj,Dec,EPS,CY2028,5.893,5.738,-2.6%,5.465,-4.8%,5.506,+0.8%,70.71,12.8,-6.6%,-13.5%,-6.3%,-16.5%
LLY,Watchlist,,Health Care,"Pharmaceuticals, Biotechnology",GAAP,Dec,EPS,CY2025,21.411,23.072,+7.8%,22.806,-1.2%,22.806,+0.0%,1131.42,49.6,+6.5%,+5.3%,+15.1%,+47.8%
LLY,Watchlist,,Health Care,"Pharmaceuticals, Biotechnology",GAAP,Dec,EPS,CY2026,29.254,32.168,+10.0%,32.834,+2.1%,35.446,+8.0%,1131.42,31.9,+21.2%,+5.3%,+15.1%,+47.8%
LLY,Watchlist,,Health Care,"Pharmaceuticals, Biotechnology",GAAP,Dec,EPS,CY2027,35.328,39.484,+11.8%,40.113,+1.6%,43.918,+9.5%,1131.42,25.8,+24.3%,+5.3%,+15.1%,+47.8%
LLY,Watchlist,,Health Care,"Pharmaceuticals, Biotechnology",GAAP,Dec,EPS,CY2028,42.399,46.532,+9.7%,47.78,+2.7%,50.878,+6.5%,1131.42,22.2,+20.0%,+5.3%,+15.1%,+47.8%
MSFT,Watchlist,,Information Technology,Software & Services,GAAP,Jun,EPS,CY2025,13.402,13.403,+0.0%,13.403,+0.0%,13.403,+0.0%,416.67,31.1,+0.0%,-13.8%,+1.5%,-10.9%
MSFT,Watchlist,,Information Technology,Software & Services,GAAP,Jun,EPS,CY2026,15.174,15.952,+5.1%,17.199,+7.8%,17.305,+0.6%,416.67,24.1,+14.0%,-13.8%,+1.5%,-10.9%
MSFT,Watchlist,,Information Technology,Software & Services,GAAP,Jun,EPS,CY2027,17.763,18.741,+5.5%,19.011,+1.4%,19.474,+2.4%,416.67,21.4,+9.6%,-13.8%,+1.5%,-10.9%
MSFT,Watchlist,,Information Technology,Software & Services,GAAP,Jun,EPS,CY2028,21.094,22.105,+4.8%,22.397,+1.3%,22.814,+1.9%,416.67,18.3,+8.2%,-13.8%,+1.5%,-10.9%
V,Watchlist,,Financials,Financial Services,GAAP,Sep,EPS,CY2025,10.808,10.723,-0.8%,10.723,+0.0%,10.723,+0.0%,323.57,30.2,-0.8%,-7.7%,+1.2%,-11.8%
V,Watchlist,,Financials,Financial Services,GAAP,Sep,EPS,CY2026,12.675,12.687,+0.1%,12.648,-0.3%,12.8,+1.2%,323.57,25.3,+1.0%,-7.7%,+1.2%,-11.8%
V,Watchlist,,Financials,Financial Services,GAAP,Sep,EPS,CY2027,14.297,14.396,+0.7%,14.443,+0.3%,14.789,+2.4%,323.57,21.9,+3.4%,-7.7%,+1.2%,-11.8%
V,Watchlist,,Financials,Financial Services,GAAP,Sep,EPS,CY2028,15.972,16.285,+2.0%,16.346,+0.4%,16.808,+2.8%,323.57,19.3,+5.2%,-7.7%,+1.2%,-11.8%
BX,Watchlist,,Financials,Financial Services,Adj,Dec,EPS,CY2025,4.843,5.324,+9.9%,5.343,+0.4%,5.343,+0.0%,115.35,21.6,+10.3%,-25.2%,-0.2%,-16.3%
BX,Watchlist,,Financials,Financial Services,Adj,Dec,EPS,CY2026,6.405,6.421,+0.2%,6.385,-0.6%,5.966,-6.6%,115.35,19.3,-6.9%,-25.2%,-0.2%,-16.3%
BX,Watchlist,,Financials,Financial Services,Adj,Dec,EPS,CY2027,7.941,8.033,+1.2%,7.93,-1.3%,7.558,-4.7%,115.35,15.3,-4.8%,-25.2%,-0.2%,-16.3%
BX,Watchlist,,Financials,Financial Services,Adj,Dec,EPS,CY2028,7.677,8.75,+14.0%,8.542,-2.4%,8.217,-3.8%,115.35,14.0,+7.0%,-25.2%,-0.2%,-16.3%
BKNG,Watchlist,,Consumer Discretionary,Consumer Services,Adj,Dec,EPS,CY2025,8.581,9.109,+6.2%,9.107,-0.0%,9.107,+0.0%,165.84,18.2,+6.1%,-22.6%,-10.1%,-25.6%
BKNG,Watchlist,,Consumer Discretionary,Consumer Services,Adj,Dec,EPS,CY2026,9.918,10.62,+7.1%,10.711,+0.9%,10.501,-2.0%,165.84,15.8,+5.9%,-22.6%,-10.1%,-25.6%
BKNG,Watchlist,,Consumer Discretionary,Consumer Services,Adj,Dec,EPS,CY2027,11.602,12.352,+6.5%,12.527,+1.4%,12.338,-1.5%,165.84,13.4,+6.3%,-22.6%,-10.1%,-25.6%
BKNG,Watchlist,,Consumer Discretionary,Consumer Services,Adj,Dec,EPS,CY2028,13.36,14.087,+5.4%,14.494,+2.9%,14.189,-2.1%,165.84,11.7,+6.2%,-22.6%,-10.1%,-25.6%
HLT,Watchlist,,Consumer Discretionary,Consumer Services,Adj,Dec,EPS,CY2025,7.924,8.066,+1.8%,8.057,-0.1%,8.057,+0.0%,343.1,42.6,+1.7%,+19.4%,+11.6%,+38.1%
HLT,Watchlist,,Consumer Discretionary,Consumer Services,Adj,Dec,EPS,CY2026,9.045,9.133,+1.0%,9.017,-1.3%,9.003,-0.2%,343.1,38.1,-0.5%,+19.4%,+11.6%,+38.1%
HLT,Watchlist,,Consumer Discretionary,Consumer Services,Adj,Dec,EPS,CY2027,10.481,10.526,+0.4%,10.359,-1.6%,10.404,+0.4%,343.1,33.0,-0.7%,+19.4%,+11.6%,+38.1%
HLT,Watchlist,,Consumer Discretionary,Consumer Services,Adj,Dec,EPS,CY2028,12.614,12.293,-2.5%,12.0,-2.4%,12.058,+0.5%,343.1,28.5,-4.4%,+19.4%,+11.6%,+38.1%
IBKR,Watchlist,,Financials,Financial Services,Adj,Dec,EPS,CY2025,1.84,2.116,+15.0%,2.141,+1.2%,2.141,+0.0%,84.4,39.4,+16.4%,+31.2%,+24.0%,+63.2%
IBKR,Watchlist,,Financials,Financial Services,Adj,Dec,EPS,CY2026,1.96,2.308,+17.8%,2.469,+7.0%,2.512,+1.7%,84.4,33.6,+28.2%,+31.2%,+24.0%,+63.2%
IBKR,Watchlist,,Financials,Financial Services,Adj,Dec,EPS,CY2027,2.075,2.485,+19.8%,2.729,+9.8%,2.86,+4.8%,84.4,29.5,+37.8%,+31.2%,+24.0%,+63.2%
IBKR,Watchlist,,Financials,Financial Services,Adj,Dec,EPS,CY2028,,2.94,,3.107,+5.7%,3.268,+5.2%,84.4,25.8,,+31.2%,+24.0%,+63.2%
NET,Watchlist,,Information Technology,Software & Services,Adj,Dec,EPS,CY2025,0.802,0.914,+14.0%,0.914,+0.0%,0.914,+0.0%,250.11,273.6,+14.0%,+26.9%,+30.1%,+41.8%
NET,Watchlist,,Information Technology,Software & Services,Adj,Dec,EPS,CY2026,1.047,1.178,+12.5%,1.129,-4.2%,1.197,+6.0%,250.11,208.9,+14.3%,+26.9%,+30.1%,+41.8%
NET,Watchlist,,Information Technology,Software & Services,Adj,Dec,EPS,CY2027,1.4,1.552,+10.9%,1.471,-5.2%,1.559,+6.0%,250.11,160.4,+11.4%,+26.9%,+30.1%,+41.8%
NET,Watchlist,,Information Technology,Software & Services,Adj,Dec,EPS,CY2028,1.797,2.159,+20.1%,2.058,-4.7%,2.067,+0.4%,250.11,121.0,+15.0%,+26.9%,+30.1%,+41.8%
COST,Watchlist,,Consumer Staples,Consumer Staples Distribution,GAAP,Aug,EPS,CY2025,18.146,18.099,-0.3%,18.099,+0.0%,18.099,+0.0%,971.87,53.7,-0.3%,+12.7%,-1.1%,-3.9%
COST,Watchlist,,Consumer Staples,Consumer Staples Distribution,GAAP,Aug,EPS,CY2026,20.087,20.082,-0.0%,20.38,+1.5%,20.532,+0.7%,971.87,47.3,+2.2%,+12.7%,-1.1%,-3.9%
COST,Watchlist,,Consumer Staples,Consumer Staples Distribution,GAAP,Aug,EPS,CY2027,22.313,22.134,-0.8%,22.677,+2.5%,22.651,-0.1%,971.87,42.9,+1.5%,+12.7%,-1.1%,-3.9%
COST,Watchlist,,Consumer Staples,Consumer Staples Distribution,GAAP,Aug,EPS,CY2028,24.792,24.482,-1.3%,25.23,+3.1%,24.891,-1.3%,971.87,39.0,+0.4%,+12.7%,-1.1%,-3.9%
TSLA,Watchlist,,Consumer Discretionary,Automobiles & Components,GAAP,Dec,EPS,CY2025,1.457,1.247,-14.4%,1.266,+1.5%,1.266,+0.0%,391.0,308.8,-13.1%,-13.1%,-3.6%,+37.3%
TSLA,Watchlist,,Consumer Discretionary,Automobiles & Components,GAAP,Dec,EPS,CY2026,2.467,1.821,-26.2%,1.46,-19.8%,1.262,-13.6%,391.0,309.8,-48.8%,-13.1%,-3.6%,+37.3%
TSLA,Watchlist,,Consumer Discretionary,Automobiles & Components,GAAP,Dec,EPS,CY2027,3.323,2.581,-22.3%,2.08,-19.4%,1.774,-14.7%,391.0,220.4,-46.6%,-13.1%,-3.6%,+37.3%
TSLA,Watchlist,,Consumer Discretionary,Automobiles & Components,GAAP,Dec,EPS,CY2028,4.726,4.031,-14.7%,3.021,-25.1%,2.621,-13.2%,391.0,149.2,-44.5%,-13.1%,-3.6%,+37.3%
TMO,Watchlist,,Health Care,"Pharmaceuticals, Biotechnology",Adj,Dec,EPS,CY2025,22.317,22.747,+1.9%,22.749,+0.0%,22.749,+0.0%,472.8,20.8,+1.9%,-18.4%,-8.9%,+18.7%
TMO,Watchlist,,Health Care,"Pharmaceuticals, Biotechnology",Adj,Dec,EPS,CY2026,24.673,24.52,-0.6%,24.629,+0.4%,24.871,+1.0%,472.8,19.0,+0.8%,-18.4%,-8.9%,+18.7%
TMO,Watchlist,,Health Care,"Pharmaceuticals, Biotechnology",Adj,Dec,EPS,CY2027,27.548,27.163,-1.4%,26.889,-1.0%,27.217,+1.2%,472.8,17.4,-1.2%,-18.4%,-8.9%,+18.7%
TMO,Watchlist,,Health Care,"Pharmaceuticals, Biotechnology",Adj,Dec,EPS,CY2028,30.744,30.145,-1.9%,29.695,-1.5%,30.034,+1.1%,472.8,15.7,-2.3%,-18.4%,-8.9%,+18.7%
COF,Watchlist,,Financials,Financial Services,Adj,Dec,EPS,CY2025,14.898,19.804,+32.9%,19.712,-0.5%,19.712,+0.0%,180.67,9.2,+32.3%,-25.5%,-7.0%,-5.9%
COF,Watchlist,,Financials,Financial Services,Adj,Dec,EPS,CY2026,18.944,20.679,+9.2%,20.162,-2.5%,19.264,-4.5%,180.67,9.4,+1.7%,-25.5%,-7.0%,-5.9%
COF,Watchlist,,Financials,Financial Services,Adj,Dec,EPS,CY2027,22.535,24.781,+10.0%,24.141,-2.6%,23.732,-1.7%,180.67,7.6,+5.3%,-25.5%,-7.0%,-5.9%
COF,Watchlist,,Financials,Financial Services,Adj,Dec,EPS,CY2028,20.845,29.295,+40.5%,27.014,-7.8%,26.908,-0.4%,180.67,6.7,+29.1%,-25.5%,-7.0%,-5.9%
AON,Watchlist,,Financials,Insurance,Adj,Dec,EPS,CY2025,16.831,16.967,+0.8%,16.964,-0.0%,16.964,+0.0%,328.53,19.4,+0.8%,-6.9%,-3.0%,-11.3%
AON,Watchlist,,Financials,Insurance,Adj,Dec,EPS,CY2026,18.975,19.057,+0.4%,19.087,+0.2%,19.129,+0.2%,328.53,17.2,+0.8%,-6.9%,-3.0%,-11.3%
AON,Watchlist,,Financials,Insurance,Adj,Dec,EPS,CY2027,21.009,21.41,+1.9%,21.522,+0.5%,21.404,-0.5%,328.53,15.3,+1.9%,-6.9%,-3.0%,-11.3%
AON,Watchlist,,Financials,Insurance,Adj,Dec,EPS,CY2028,23.125,23.84,+3.1%,23.797,-0.2%,23.701,-0.4%,328.53,13.9,+2.5%,-6.9%,-3.0%,-11.3%
MC,Watchlist,,Consumer Discretionary,Consumer Durables & Apparel,GAAP,Dec,EPS,CY2025,23.394,21.543,-7.9%,21.493,-0.2%,21.493,+0.0%,479.05,22.3,-8.1%,-25.7%,-5.3%,+1.9%
MC,Watchlist,,Consumer Discretionary,Consumer Durables & Apparel,GAAP,Dec,EPS,CY2026,26.443,24.078,-8.9%,23.016,-4.4%,22.229,-3.4%,479.05,21.6,-15.9%,-25.7%,-5.3%,+1.9%
MC,Watchlist,,Consumer Discretionary,Consumer Durables & Apparel,GAAP,Dec,EPS,CY2027,29.37,27.158,-7.5%,26.474,-2.5%,25.528,-3.6%,479.05,18.8,-13.1%,-25.7%,-5.3%,+1.9%
MC,Watchlist,,Consumer Discretionary,Consumer Durables & Apparel,GAAP,Dec,EPS,CY2028,33.7,31.441,-6.7%,29.188,-7.2%,28.425,-2.6%,479.05,16.9,-15.7%,-25.7%,-5.3%,+1.9%
STX,Watchlist,,Information Technology,Technology Hardware & Equipmen,Adj,Jun,EPS,CY2025,7.925,7.948,+0.3%,7.948,+0.0%,7.948,+0.0%,847.47,106.6,+0.3%,+207.7%,+130.7%,+563.6%
STX,Watchlist,,Information Technology,Technology Hardware & Equipmen,Adj,Jun,EPS,CY2026,9.63,11.36,+18.0%,12.929,+13.8%,14.806,+14.5%,847.47,57.2,+53.7%,+207.7%,+130.7%,+563.6%
STX,Watchlist,,Information Technology,Technology Hardware & Equipmen,Adj,Jun,EPS,CY2027,10.963,14.659,+33.7%,19.364,+32.1%,26.565,+37.2%,847.47,31.9,+142.3%,+207.7%,+130.7%,+563.6%
STX,Watchlist,,Information Technology,Technology Hardware & Equipmen,Adj,Jun,EPS,CY2028,12.013,16.249,+35.3%,23.21,+42.8%,38.928,+67.7%,847.47,21.8,+224.0%,+207.7%,+130.7%,+563.6%
SPX,Indices,Indices,,,Adj,Dec,EPS,CY2025,,,,,,,,7383.74,,,+7.9%,+8.1%,+24.3%
SPX,Indices,Indices,,,Adj,Dec,EPS,CY2026,277.2554,305.9018,+10.3%,324.6699,+6.1%,361.4327,+11.3%,7383.74,20.4,+30.4%,+7.9%,+8.1%,+24.3%
SPX,Indices,Indices,,,Adj,Dec,EPS,CY2027,310.1774,348.3387,+12.3%,373.6172,+7.3%,413.5792,+10.7%,7383.74,17.9,+33.3%,+7.9%,+8.1%,+24.3%
SPX,Indices,Indices,,,Adj,Dec,EPS,CY2028,341.2016,387.1978,+13.5%,414.3673,+7.0%,458.2838,+10.6%,7383.74,16.1,+34.3%,+7.9%,+8.1%,+24.3%
QQQ,Indices,Indices,,,GAAP,Dec,EPS,CY2025,,,,,,,,705.06,,,+14.8%,+15.8%,+34.4%
QQQ,Indices,Indices,,,GAAP,Dec,EPS,CY2026,,,,,,,,705.06,,,+14.8%,+15.8%,+34.4%
QQQ,Indices,Indices,,,GAAP,Dec,EPS,CY2027,,,,,,,,705.06,,,+14.8%,+15.8%,+34.4%
QQQ,Indices,Indices,,,GAAP,Dec,EPS,CY2028,,,,,,,,705.06,,,+14.8%,+15.8%,+34.4%
IWM,Indices,Indices,,,Adj,Dec,EPS,CY2025,,,,,,,,281.65,,,+14.4%,+9.7%,+35.1%
IWM,Indices,Indices,,,Adj,Dec,EPS,CY2026,,,,,,,,281.65,,,+14.4%,+9.7%,+35.1%
IWM,Indices,Indices,,,Adj,Dec,EPS,CY2027,,,,,,,,281.65,,,+14.4%,+9.7%,+35.1%
IWM,Indices,Indices,,,Adj,Dec,EPS,CY2028,,,,,,,,281.65,,,+14.4%,+9.7%,+35.1%
SOX,Indices,Indices,,,Adj,Dec,EPS,CY2025,,,,,,,,12220.76,,,+72.5%,+56.2%,+143.9%
SOX,Indices,Indices,,,Adj,Dec,EPS,CY2026,217.8714,266.9582,+22.5%,331.6966,+24.3%,486.591,+46.7%,12220.76,25.1,+123.3%,+72.5%,+56.2%,+143.9%
SOX,Indices,Indices,,,Adj,Dec,EPS,CY2027,269.7247,337.0528,+25.0%,419.082,+24.3%,620.9727,+48.2%,12220.76,19.7,+130.2%,+72.5%,+56.2%,+143.9%
SOX,Indices,Indices,,,Adj,Dec,EPS,CY2028,319.1423,392.1102,+22.9%,483.2983,+23.3%,725.2467,+50.1%,12220.76,16.9,+127.2%,+72.5%,+56.2%,+143.9%
IGV,Indices,Indices,,,Adj,Dec,EPS,CY2025,,,,,,,,95.85,,,-9.3%,+9.4%,-8.4%
IGV,Indices,Indices,,,Adj,Dec,EPS,CY2026,,,,,,,,95.85,,,-9.3%,+9.4%,-8.4%
IGV,Indices,Indices,,,Adj,Dec,EPS,CY2027,,,,,,,,95.85,,,-9.3%,+9.4%,-8.4%
IGV,Indices,Indices,,,Adj,Dec,EPS,CY2028,,,,,,,,95.85,,,-9.3%,+9.4%,-8.4%
AER,Extended,Uncategorized,Industrials,Capital Goods,Adj,Dec,EPS,CY2025,12.561,14.821,+18.0%,14.926,+0.7%,14.926,+0.0%,136.94,9.2,+18.8%,-4.7%,-2.8%,+18.2%
AER,Extended,Uncategorized,Industrials,Capital Goods,Adj,Dec,EPS,CY2026,13.419,14.691,+9.5%,15.495,+5.5%,17.186,+10.9%,136.94,8.0,+28.1%,-4.7%,-2.8%,+18.2%
AER,Extended,Uncategorized,Industrials,Capital Goods,Adj,Dec,EPS,CY2027,14.49,15.303,+5.6%,16.436,+7.4%,17.025,+3.6%,136.94,8.0,+17.5%,-4.7%,-2.8%,+18.2%
AER,Extended,Uncategorized,Industrials,Capital Goods,Adj,Dec,EPS,CY2028,,,,17.23,,18.07,+4.9%,136.94,7.6,,-4.7%,-2.8%,+18.2%
MA,Extended,Uncategorized,Financials,Financial Services,GAAP,Dec,EPS,CY2025,15.771,16.32,+3.5%,16.333,+0.1%,16.333,+0.0%,491.08,30.1,+3.6%,-14.0%,-6.4%,-16.1%
MA,Extended,Uncategorized,Financials,Financial Services,GAAP,Dec,EPS,CY2026,18.587,18.992,+2.2%,19.389,+2.1%,19.416,+0.1%,491.08,25.3,+4.5%,-14.0%,-6.4%,-16.1%
MA,Extended,Uncategorized,Financials,Financial Services,GAAP,Dec,EPS,CY2027,21.763,22.171,+1.9%,22.428,+1.2%,22.673,+1.1%,491.08,21.7,+4.2%,-14.0%,-6.4%,-16.1%
MA,Extended,Uncategorized,Financials,Financial Services,GAAP,Dec,EPS,CY2028,25.065,25.4,+1.3%,26.149,+2.9%,26.236,+0.3%,491.08,18.7,+4.7%,-14.0%,-6.4%,-16.1%
BRK/A,Extended,Uncategorized,Financials,Financial Services,GAAP,Dec,EPS,CY2025,29606.707,38150.775,+28.9%,44704.805,+17.2%,44704.805,+0.0%,733550.0,16.4,+51.0%,-2.8%,-2.3%,+0.1%
BRK/A,Extended,Uncategorized,Financials,Financial Services,GAAP,Dec,EPS,CY2026,34738.283,32702.62,-5.9%,31431.2,-3.9%,32170.97,+2.4%,733550.0,22.8,-7.4%,-2.8%,-2.3%,+0.1%
BRK/A,Extended,Uncategorized,Financials,Financial Services,GAAP,Dec,EPS,CY2027,33535.84,33636.497,+0.3%,34824.973,+3.5%,34521.52,-0.9%,733550.0,21.2,+2.9%,-2.8%,-2.3%,+0.1%
BRK/A,Extended,Uncategorized,Financials,Financial Services,GAAP,Dec,EPS,CY2028,,37302.41,,35952.825,-3.6%,30796.1,-14.3%,733550.0,23.8,,-2.8%,-2.3%,+0.1%
CSU,Extended,Uncategorized,Information Technology,Software & Services,Adj,Dec,EPS,CY2025,69.105,58.128,-15.9%,33.593,-42.2%,33.593,+0.0%,2969.32,88.4,-51.4%,-10.3%,+6.2%,-39.8%
CSU,Extended,Uncategorized,Information Technology,Software & Services,Adj,Dec,EPS,CY2026,91.589,84.601,-7.6%,84.641,+0.0%,86.281,+1.9%,2969.32,34.4,-5.8%,-10.3%,+6.2%,-39.8%
CSU,Extended,Uncategorized,Information Technology,Software & Services,Adj,Dec,EPS,CY2027,72.475,99.315,+37.0%,105.309,+6.0%,102.601,-2.6%,2969.32,28.9,+41.6%,-10.3%,+6.2%,-39.8%
CSU,Extended,Uncategorized,Information Technology,Software & Services,Adj,Dec,EPS,CY2028,,62.28,,62.28,+0.0%,81.667,+31.1%,2969.32,36.4,,-10.3%,+6.2%,-39.8%
DHR,Extended,Uncategorized,Health Care,"Pharmaceuticals, Biotechnology",Adj,Dec,EPS,CY2025,7.697,7.716,+0.2%,7.734,+0.2%,7.734,+0.0%,184.3,23.8,+0.5%,-19.5%,-8.8%,-4.1%
DHR,Extended,Uncategorized,Health Care,"Pharmaceuticals, Biotechnology",Adj,Dec,EPS,CY2026,8.577,8.391,-2.2%,8.411,+0.2%,8.442,+0.4%,184.3,21.8,-1.6%,-19.5%,-8.8%,-4.1%
DHR,Extended,Uncategorized,Health Care,"Pharmaceuticals, Biotechnology",Adj,Dec,EPS,CY2027,9.465,9.241,-2.4%,9.109,-1.4%,9.101,-0.1%,184.3,20.3,-3.8%,-19.5%,-8.8%,-4.1%
DHR,Extended,Uncategorized,Health Care,"Pharmaceuticals, Biotechnology",Adj,Dec,EPS,CY2028,10.47,10.116,-3.4%,9.993,-1.2%,9.977,-0.2%,184.3,18.5,-4.7%,-19.5%,-8.8%,-4.1%
AAPL,Extended,Uncategorized,Information Technology,Technology Hardware & Equipmen,GAAP,Sep,EPS,CY2025,7.163,7.387,+3.1%,7.387,+0.0%,7.387,+0.0%,307.34,41.6,+3.1%,+13.1%,+18.1%,+53.2%
AAPL,Extended,Uncategorized,Information Technology,Technology Hardware & Equipmen,GAAP,Sep,EPS,CY2026,7.636,8.265,+8.2%,8.525,+3.1%,8.758,+2.7%,307.34,35.1,+14.7%,+13.1%,+18.1%,+53.2%
AAPL,Extended,Uncategorized,Information Technology,Technology Hardware & Equipmen,GAAP,Sep,EPS,CY2027,8.524,9.147,+7.3%,9.388,+2.6%,9.652,+2.8%,307.34,31.8,+13.2%,+13.1%,+18.1%,+53.2%
AAPL,Extended,Uncategorized,Information Technology,Technology Hardware & Equipmen,GAAP,Sep,EPS,CY2028,9.446,9.947,+5.3%,10.307,+3.6%,10.722,+4.0%,307.34,28.7,+13.5%,+13.1%,+18.1%,+53.2%
NFLX,Extended,Uncategorized,Communication Services,Media & Entertainment,GAAP,Dec,EPS,CY2025,2.556,2.524,-1.3%,2.525,+0.0%,2.525,+0.0%,82.18,32.5,-1.2%,-12.4%,-17.1%,-34.3%
NFLX,Extended,Uncategorized,Communication Services,Media & Entertainment,GAAP,Dec,EPS,CY2026,3.099,3.243,+4.6%,3.159,-2.6%,3.564,+12.8%,82.18,23.1,+15.0%,-12.4%,-17.1%,-34.3%
NFLX,Extended,Uncategorized,Communication Services,Media & Entertainment,GAAP,Dec,EPS,CY2027,3.762,3.914,+4.0%,3.813,-2.6%,3.827,+0.4%,82.18,21.5,+1.7%,-12.4%,-17.1%,-34.3%
NFLX,Extended,Uncategorized,Communication Services,Media & Entertainment,GAAP,Dec,EPS,CY2028,4.319,4.525,+4.8%,4.524,-0.0%,4.59,+1.5%,82.18,17.9,+6.3%,-12.4%,-17.1%,-34.3%
QCOM,Extended,Uncategorized,Information Technology,Semiconductors & Semiconductor,GAAP,Sep,EPS,CY2025,10.226,10.174,-0.5%,10.174,+0.0%,10.174,+0.0%,215.94,21.2,-0.5%,+26.2%,+57.6%,+46.3%
QCOM,Extended,Uncategorized,Information Technology,Semiconductors & Semiconductor,GAAP,Sep,EPS,CY2026,10.447,10.01,-4.2%,8.746,-12.6%,11.771,+34.6%,215.94,18.3,+12.7%,+26.2%,+57.6%,+46.3%
QCOM,Extended,Uncategorized,Information Technology,Semiconductors & Semiconductor,GAAP,Sep,EPS,CY2027,10.801,10.171,-5.8%,8.939,-12.1%,8.772,-1.9%,215.94,24.6,-18.8%,+26.2%,+57.6%,+46.3%
QCOM,Extended,Uncategorized,Information Technology,Semiconductors & Semiconductor,GAAP,Sep,EPS,CY2028,11.743,11.04,-6.0%,10.596,-4.0%,10.167,-4.0%,215.94,21.2,-13.4%,+26.2%,+57.6%,+46.3%
UMG,Extended,Uncategorized,Communication Services,Media & Entertainment,Adj,Dec,EPS,CY2025,1.034,1.0,-3.3%,1.023,+2.3%,1.023,+0.0%,18.15,17.7,-1.1%,-18.4%,-6.3%,-33.6%
UMG,Extended,Uncategorized,Communication Services,Media & Entertainment,Adj,Dec,EPS,CY2026,1.182,1.13,-4.4%,1.111,-1.7%,1.073,-3.4%,18.15,16.9,-9.2%,-18.4%,-6.3%,-33.6%
UMG,Extended,Uncategorized,Communication Services,Media & Entertainment,Adj,Dec,EPS,CY2027,1.305,1.245,-4.6%,1.238,-0.6%,1.195,-3.5%,18.15,15.2,-8.4%,-18.4%,-6.3%,-33.6%
UMG,Extended,Uncategorized,Communication Services,Media & Entertainment,Adj,Dec,EPS,CY2028,1.384,1.323,-4.4%,1.352,+2.2%,1.319,-2.4%,18.15,13.8,-4.7%,-18.4%,-6.3%,-33.6%
ASML,Extended,Uncategorized,Information Technology,Semiconductors & Semiconductor,GAAP,Dec,EPS,CY2025,23.318,24.774,+6.2%,24.885,+0.4%,24.885,+0.0%,1462.2,58.8,+6.7%,+58.7%,+23.3%,+121.9%
ASML,Extended,Uncategorized,Information Technology,Semiconductors & Semiconductor,GAAP,Dec,EPS,CY2026,26.911,26.299,-2.3%,29.459,+12.0%,31.354,+6.4%,1462.2,46.6,+16.5%,+58.7%,+23.3%,+121.9%
ASML,Extended,Uncategorized,Information Technology,Semiconductors & Semiconductor,GAAP,Dec,EPS,CY2027,32.594,32.565,-0.1%,37.936,+16.5%,41.527,+9.5%,1462.2,35.2,+27.4%,+58.7%,+23.3%,+121.9%
ASML,Extended,Uncategorized,Information Technology,Semiconductors & Semiconductor,GAAP,Dec,EPS,CY2028,38.863,37.445,-3.6%,44.451,+18.7%,48.425,+8.9%,1462.2,30.2,+24.6%,+58.7%,+23.3%,+121.9%
AMAT,Extended,Uncategorized,Information Technology,Semiconductors & Semiconductor,GAAP,Oct,EPS,CY2025,8.726,8.321,-4.6%,8.321,+0.0%,8.321,+0.0%,453.01,54.4,-4.6%,+76.3%,+30.7%,+175.9%
AMAT,Extended,Uncategorized,Information Technology,Semiconductors & Semiconductor,GAAP,Oct,EPS,CY2026,10.04,9.317,-7.2%,11.126,+19.4%,12.941,+16.3%,453.01,35.0,+28.9%,+76.3%,+30.7%,+175.9%
AMAT,Extended,Uncategorized,Information Technology,Semiconductors & Semiconductor,GAAP,Oct,EPS,CY2027,11.006,11.279,+2.5%,14.048,+24.6%,16.606,+18.2%,453.01,27.3,+50.9%,+76.3%,+30.7%,+175.9%
AMAT,Extended,Uncategorized,Information Technology,Semiconductors & Semiconductor,GAAP,Oct,EPS,CY2028,11.435,11.634,+1.7%,15.49,+33.1%,19.773,+27.7%,453.01,22.9,+72.9%,+76.3%,+30.7%,+175.9%
KLAC,Extended,Uncategorized,Information Technology,Semiconductors & Semiconductor,GAAP,Jun,EPS,CY2025,29.77,29.776,+0.0%,29.776,+0.0%,29.776,+0.0%,1929.2,64.8,+0.0%,+58.8%,+35.0%,+143.6%
KLAC,Extended,Uncategorized,Information Technology,Semiconductors & Semiconductor,GAAP,Jun,EPS,CY2026,32.258,34.642,+7.4%,35.64,+2.9%,36.111,+1.3%,1929.2,53.4,+11.9%,+58.8%,+35.0%,+143.6%
KLAC,Extended,Uncategorized,Information Technology,Semiconductors & Semiconductor,GAAP,Jun,EPS,CY2027,36.51,40.616,+11.2%,46.34,+14.1%,49.62,+7.1%,1929.2,38.9,+35.9%,+58.8%,+35.0%,+143.6%
KLAC,Extended,Uncategorized,Information Technology,Semiconductors & Semiconductor,GAAP,Jun,EPS,CY2028,38.478,43.65,+13.4%,51.446,+17.9%,58.806,+14.3%,1929.2,32.8,+52.8%,+58.8%,+35.0%,+143.6%
KKR,Extended,Uncategorized,Financials,Financial Services,Adj,Dec,EPS,CY2025,5.098,5.133,+0.7%,4.947,-3.6%,4.947,+0.0%,93.4,18.9,-3.0%,-26.7%,-2.3%,-22.6%
KKR,Extended,Uncategorized,Financials,Financial Services,Adj,Dec,EPS,CY2026,6.687,6.822,+2.0%,6.539,-4.1%,6.057,-7.4%,93.4,15.4,-9.4%,-26.7%,-2.3%,-22.6%
KKR,Extended,Uncategorized,Financials,Financial Services,Adj,Dec,EPS,CY2027,8.005,8.184,+2.2%,7.872,-3.8%,7.399,-6.0%,93.4,12.6,-7.6%,-26.7%,-2.3%,-22.6%
KKR,Extended,Uncategorized,Financials,Financial Services,Adj,Dec,EPS,CY2028,9.227,9.678,+4.9%,9.899,+2.3%,8.547,-13.7%,93.4,10.9,-7.4%,-26.7%,-2.3%,-22.6%
BAM,Extended,Uncategorized,Financials,Financial Services,Adj,Dec,EPS,CY2025,1.649,1.586,-3.8%,1.62,+2.1%,1.62,+0.0%,46.18,28.5,-1.8%,-11.9%,-2.3%,-18.4%
BAM,Extended,Uncategorized,Financials,Financial Services,Adj,Dec,EPS,CY2026,1.912,1.854,-3.0%,1.866,+0.6%,1.85,-0.9%,46.18,25.0,-3.2%,-11.9%,-2.3%,-18.4%
BAM,Extended,Uncategorized,Financials,Financial Services,Adj,Dec,EPS,CY2027,2.188,2.141,-2.1%,2.212,+3.3%,2.181,-1.4%,46.18,21.2,-0.3%,-11.9%,-2.3%,-18.4%
BAM,Extended,Uncategorized,Financials,Financial Services,Adj,Dec,EPS,CY2028,2.48,2.56,+3.2%,2.604,+1.7%,2.473,-5.0%,46.18,18.7,-0.3%,-11.9%,-2.3%,-18.4%
ARES,Extended,Uncategorized,Financials,Financial Services,Adj,Dec,EPS,CY2025,5.152,5.06,-1.8%,5.022,-0.8%,5.022,+0.0%,125.65,25.0,-2.5%,-22.3%,+7.4%,-26.1%
ARES,Extended,Uncategorized,Financials,Financial Services,Adj,Dec,EPS,CY2026,6.497,6.501,+0.1%,6.435,-1.0%,5.963,-7.3%,125.65,21.1,-8.2%,-22.3%,+7.4%,-26.1%
ARES,Extended,Uncategorized,Financials,Financial Services,Adj,Dec,EPS,CY2027,7.7,7.788,+1.1%,7.763,-0.3%,7.344,-5.4%,125.65,17.1,-4.6%,-22.3%,+7.4%,-26.1%
ARES,Extended,Uncategorized,Financials,Financial Services,Adj,Dec,EPS,CY2028,,8.917,,8.847,-0.8%,8.381,-5.3%,125.65,15.0,,-22.3%,+7.4%,-26.1%
OWL,Extended,Uncategorized,Financials,Financial Services,Adj,Dec,EPS,CY2025,0.848,0.829,-2.2%,0.821,-1.0%,0.821,+0.0%,9.8,11.9,-3.2%,-34.4%,-6.0%,-48.5%
OWL,Extended,Uncategorized,Financials,Financial Services,Adj,Dec,EPS,CY2026,1.054,0.994,-5.7%,0.943,-5.1%,0.884,-6.3%,9.8,11.1,-16.1%,-34.4%,-6.0%,-48.5%
OWL,Extended,Uncategorized,Financials,Financial Services,Adj,Dec,EPS,CY2027,1.231,1.176,-4.5%,1.103,-6.2%,0.998,-9.5%,9.8,9.8,-18.9%,-34.4%,-6.0%,-48.5%
OWL,Extended,Uncategorized,Financials,Financial Services,Adj,Dec,EPS,CY2028,,1.36,,1.253,-7.9%,1.128,-10.0%,9.8,8.7,,-34.4%,-6.0%,-48.5%
CG,Extended,Uncategorized,Financials,Financial Services,Adj,Dec,EPS,CY2025,3.997,4.046,+1.2%,3.991,-1.4%,3.991,+0.0%,43.48,10.9,-0.2%,-26.4%,-15.9%,-3.9%
CG,Extended,Uncategorized,Financials,Financial Services,Adj,Dec,EPS,CY2026,4.661,4.777,+2.5%,4.616,-3.4%,3.968,-14.0%,43.48,11.0,-14.9%,-26.4%,-15.9%,-3.9%
CG,Extended,Uncategorized,Financials,Financial Services,Adj,Dec,EPS,CY2027,5.099,5.33,+4.5%,5.437,+2.0%,5.181,-4.7%,43.48,8.4,+1.6%,-26.4%,-15.9%,-3.9%
CG,Extended,Uncategorized,Financials,Financial Services,Adj,Dec,EPS,CY2028,5.515,5.965,+8.2%,6.113,+2.5%,5.967,-2.4%,43.48,7.3,+8.2%,-26.4%,-15.9%,-3.9%
BN,Extended,Uncategorized,Financials,Financial Services,Adj,Dec,EPS,CY2025,2.588,2.494,-3.6%,2.462,-1.3%,2.462,+0.0%,44.6,18.1,-4.9%,-2.8%,+5.0%,+15.1%
BN,Extended,Uncategorized,Financials,Financial Services,Adj,Dec,EPS,CY2026,3.103,2.941,-5.2%,2.798,-4.9%,2.783,-0.5%,44.6,16.0,-10.3%,-2.8%,+5.0%,+15.1%
BN,Extended,Uncategorized,Financials,Financial Services,Adj,Dec,EPS,CY2027,3.543,3.553,+0.3%,3.421,-3.7%,3.608,+5.5%,44.6,12.4,+1.8%,-2.8%,+5.0%,+15.1%
BN,Extended,Uncategorized,Financials,Financial Services,Adj,Dec,EPS,CY2028,,,,3.585,,4.063,+13.3%,44.6,11.0,,-2.8%,+5.0%,+15.1%
TPG,Extended,Uncategorized,Financials,Financial Services,Adj,Dec,EPS,CY2025,2.026,2.363,+16.6%,2.335,-1.2%,2.335,+0.0%,41.19,17.6,+15.3%,-35.5%,-8.4%,-15.8%
TPG,Extended,Uncategorized,Financials,Financial Services,Adj,Dec,EPS,CY2026,2.874,3.018,+5.0%,3.001,-0.6%,2.794,-6.9%,41.19,14.7,-2.8%,-35.5%,-8.4%,-15.8%
TPG,Extended,Uncategorized,Financials,Financial Services,Adj,Dec,EPS,CY2027,3.467,3.722,+7.4%,3.756,+0.9%,3.536,-5.9%,41.19,11.6,+2.0%,-35.5%,-8.4%,-15.8%
TPG,Extended,Uncategorized,Financials,Financial Services,Adj,Dec,EPS,CY2028,4.37,4.1,-6.2%,4.35,+6.1%,4.176,-4.0%,41.19,9.9,-4.4%,-35.5%,-8.4%,-15.8%
BEP,Extended,Uncategorized,Utilities,Utilities,Adj,Dec,EPS,CY2025,-0.268,-0.798,-197.8%,-0.824,-3.3%,-0.824,+0.0%,36.52,-44.3,-207.5%,+35.4%,+20.6%,+53.1%
BEP,Extended,Uncategorized,Utilities,Utilities,Adj,Dec,EPS,CY2026,-0.074,-0.879,-1087.8%,-1.035,-17.7%,-1.276,-23.3%,36.52,-28.6,-1624.3%,+35.4%,+20.6%,+53.1%
BEP,Extended,Uncategorized,Utilities,Utilities,Adj,Dec,EPS,CY2027,0.183,-0.853,-566.1%,-0.842,+1.3%,-1.021,-21.3%,36.52,-35.8,-657.9%,+35.4%,+20.6%,+53.1%
BEP,Extended,Uncategorized,Utilities,Utilities,Adj,Dec,EPS,CY2028,1.2,0.26,-78.3%,-0.721,-377.3%,-1.17,-62.3%,36.52,-31.2,-197.5%,+35.4%,+20.6%,+53.1%
BIP,Extended,Uncategorized,Utilities,Utilities,Adj,Dec,EPS,CY2025,0.382,0.618,+61.8%,0.703,+13.8%,0.703,+0.0%,38.8,55.2,+84.0%,+11.7%,+2.1%,+16.2%
BIP,Extended,Uncategorized,Utilities,Utilities,Adj,Dec,EPS,CY2026,0.9,0.995,+10.6%,1.533,+54.1%,0.751,-51.0%,38.8,51.7,-16.6%,+11.7%,+2.1%,+16.2%
BIP,Extended,Uncategorized,Utilities,Utilities,Adj,Dec,EPS,CY2027,1.35,1.698,+25.8%,1.11,-34.6%,1.136,+2.3%,38.8,34.2,-15.9%,+11.7%,+2.1%,+16.2%
BIP,Extended,Uncategorized,Utilities,Utilities,Adj,Dec,EPS,CY2028,1.3,2.32,+78.5%,2.063,-11.1%,1.662,-19.4%,38.8,23.3,+27.8%,+11.7%,+2.1%,+16.2%
MAR,Extended,Uncategorized,Consumer Discretionary,Consumer Services,Adj,Dec,EPS,CY2025,10.085,10.073,-0.1%,10.089,+0.2%,10.089,+0.0%,392.51,38.9,+0.0%,+26.5%,+17.9%,+51.1%
MAR,Extended,Uncategorized,Consumer Discretionary,Consumer Services,Adj,Dec,EPS,CY2026,11.416,11.337,-0.7%,11.573,+2.1%,11.595,+0.2%,392.51,33.9,+1.6%,+26.5%,+17.9%,+51.1%
MAR,Extended,Uncategorized,Consumer Discretionary,Consumer Services,Adj,Dec,EPS,CY2027,12.791,12.721,-0.5%,12.987,+2.1%,13.036,+0.4%,392.51,30.1,+1.9%,+26.5%,+17.9%,+51.1%
MAR,Extended,Uncategorized,Consumer Discretionary,Consumer Services,Adj,Dec,EPS,CY2028,14.7,14.738,+0.3%,14.308,-2.9%,14.647,+2.4%,392.51,26.8,-0.4%,+26.5%,+17.9%,+51.1%
DPZ,Extended,Uncategorized,Consumer Discretionary,Consumer Services,Adj,Dec,EPS,CY2025,17.725,17.584,-0.8%,17.592,+0.0%,17.592,+0.0%,313.99,17.8,-0.8%,-24.7%,-22.0%,-31.7%
DPZ,Extended,Uncategorized,Consumer Discretionary,Consumer Services,Adj,Dec,EPS,CY2026,19.358,19.565,+1.1%,19.84,+1.4%,19.189,-3.3%,313.99,16.4,-0.9%,-24.7%,-22.0%,-31.7%
DPZ,Extended,Uncategorized,Consumer Discretionary,Consumer Services,Adj,Dec,EPS,CY2027,21.292,21.28,-0.1%,21.542,+1.2%,20.999,-2.5%,313.99,15.0,-1.4%,-24.7%,-22.0%,-31.7%
DPZ,Extended,Uncategorized,Consumer Discretionary,Consumer Services,Adj,Dec,EPS,CY2028,23.718,23.478,-1.0%,23.437,-0.2%,22.864,-2.4%,313.99,13.7,-3.6%,-24.7%,-22.0%,-31.7%
CMG,Extended,Uncategorized,Consumer Discretionary,Consumer Services,Adj,Dec,EPS,CY2025,1.216,1.161,-4.5%,1.156,-0.4%,1.156,+0.0%,29.34,25.4,-4.9%,-20.7%,-20.8%,-44.2%
CMG,Extended,Uncategorized,Consumer Discretionary,Consumer Services,Adj,Dec,EPS,CY2026,1.441,1.223,-15.1%,1.143,-6.5%,1.131,-1.0%,29.34,25.9,-21.5%,-20.7%,-20.8%,-44.2%
CMG,Extended,Uncategorized,Consumer Discretionary,Consumer Services,Adj,Dec,EPS,CY2027,1.709,1.438,-15.9%,1.37,-4.7%,1.355,-1.1%,29.34,21.7,-20.7%,-20.7%,-20.8%,-44.2%
CMG,Extended,Uncategorized,Consumer Discretionary,Consumer Services,Adj,Dec,EPS,CY2028,2.092,1.727,-17.4%,1.624,-6.0%,1.57,-3.3%,29.34,18.7,-25.0%,-20.7%,-20.8%,-44.2%
MCO,Extended,Uncategorized,Financials,Financial Services,Adj,Dec,EPS,CY2025,13.608,14.668,+7.8%,14.772,+0.7%,14.772,+0.0%,451.35,30.6,+8.6%,-11.6%,-4.0%,-7.4%
MCO,Extended,Uncategorized,Financials,Financial Services,Adj,Dec,EPS,CY2026,15.41,16.307,+5.8%,16.744,+2.7%,16.659,-0.5%,451.35,27.1,+8.1%,-11.6%,-4.0%,-7.4%
MCO,Extended,Uncategorized,Financials,Financial Services,Adj,Dec,EPS,CY2027,17.303,18.278,+5.6%,18.767,+2.7%,18.604,-0.9%,451.35,24.3,+7.5%,-11.6%,-4.0%,-7.4%
MCO,Extended,Uncategorized,Financials,Financial Services,Adj,Dec,EPS,CY2028,19.09,20.179,+5.7%,20.864,+3.4%,20.617,-1.2%,451.35,21.9,+8.0%,-11.6%,-4.0%,-7.4%
SPGI,Extended,Uncategorized,Financials,Financial Services,Adj,Dec,EPS,CY2025,16.953,17.812,+5.1%,17.859,+0.3%,17.859,+0.0%,424.44,23.8,+5.3%,-18.8%,-5.9%,-17.7%
SPGI,Extended,Uncategorized,Financials,Financial Services,Adj,Dec,EPS,CY2026,18.92,19.818,+4.7%,19.644,-0.9%,19.627,-0.1%,424.44,21.6,+3.7%,-18.8%,-5.9%,-17.7%
SPGI,Extended,Uncategorized,Financials,Financial Services,Adj,Dec,EPS,CY2027,21.157,22.17,+4.8%,22.054,-0.5%,22.212,+0.7%,424.44,19.1,+5.0%,-18.8%,-5.9%,-17.7%
SPGI,Extended,Uncategorized,Financials,Financial Services,Adj,Dec,EPS,CY2028,23.217,24.17,+4.1%,24.636,+1.9%,25.117,+2.0%,424.44,16.9,+8.2%,-18.8%,-5.9%,-17.7%
MSCI,Extended,Uncategorized,Financials,Financial Services,Adj,Dec,EPS,CY2025,16.798,17.175,+2.2%,17.202,+0.2%,17.202,+0.0%,615.46,35.8,+2.4%,+7.3%,+8.7%,+9.1%
MSCI,Extended,Uncategorized,Financials,Financial Services,Adj,Dec,EPS,CY2026,18.795,19.365,+3.0%,19.397,+0.2%,19.651,+1.3%,615.46,31.3,+4.6%,+7.3%,+8.7%,+9.1%
MSCI,Extended,Uncategorized,Financials,Financial Services,Adj,Dec,EPS,CY2027,21.061,21.769,+3.4%,21.957,+0.9%,22.479,+2.4%,615.46,27.4,+6.7%,+7.3%,+8.7%,+9.1%
MSCI,Extended,Uncategorized,Financials,Financial Services,Adj,Dec,EPS,CY2028,,24.441,,24.955,+2.1%,25.591,+2.5%,615.46,24.0,,+7.3%,+8.7%,+9.1%
CSGP,Extended,Uncategorized,Real Estate,Real Estate Management & Devel,Adj,Dec,EPS,CY2025,0.816,0.84,+2.9%,0.842,+0.2%,0.842,+0.0%,33.89,40.2,+3.2%,-49.6%,-30.7%,-56.7%
CSGP,Extended,Uncategorized,Real Estate,Real Estate Management & Devel,Adj,Dec,EPS,CY2026,1.361,1.363,+0.1%,1.305,-4.3%,1.362,+4.4%,33.89,24.9,+0.1%,-49.6%,-30.7%,-56.7%
CSGP,Extended,Uncategorized,Real Estate,Real Estate Management & Devel,Adj,Dec,EPS,CY2027,1.941,1.97,+1.5%,1.779,-9.7%,1.854,+4.2%,33.89,18.3,-4.5%,-49.6%,-30.7%,-56.7%
CSGP,Extended,Uncategorized,Real Estate,Real Estate Management & Devel,Adj,Dec,EPS,CY2028,2.526,2.621,+3.8%,2.187,-16.6%,2.326,+6.4%,33.89,14.6,-7.9%,-49.6%,-30.7%,-56.7%
LPLA,Extended,Uncategorized,Financials,Financial Services,Adj,Dec,EPS,CY2025,19.024,19.949,+4.9%,19.786,-0.8%,19.786,+0.0%,288.49,14.6,+4.0%,-19.2%,-9.0%,-24.1%
LPLA,Extended,Uncategorized,Financials,Financial Services,Adj,Dec,EPS,CY2026,22.313,23.811,+6.7%,24.071,+1.1%,23.232,-3.5%,288.49,12.4,+4.1%,-19.2%,-9.0%,-24.1%
LPLA,Extended,Uncategorized,Financials,Financial Services,Adj,Dec,EPS,CY2027,27.753,28.934,+4.3%,29.038,+0.4%,28.558,-1.7%,288.49,10.1,+2.9%,-19.2%,-9.0%,-24.1%
LPLA,Extended,Uncategorized,Financials,Financial Services,Adj,Dec,EPS,CY2028,31.545,33.175,+5.2%,34.117,+2.8%,33.291,-2.4%,288.49,8.7,+5.5%,-19.2%,-9.0%,-24.1%
SCHW,Extended,Uncategorized,Financials,Financial Services,Adj,Dec,EPS,CY2025,4.303,4.811,+11.8%,4.87,+1.2%,4.87,+0.0%,88.84,18.2,+13.2%,-11.1%,-6.9%,+1.8%
SCHW,Extended,Uncategorized,Financials,Financial Services,Adj,Dec,EPS,CY2026,5.097,5.621,+10.3%,5.84,+3.9%,6.104,+4.5%,88.84,14.6,+19.8%,-11.1%,-6.9%,+1.8%
SCHW,Extended,Uncategorized,Financials,Financial Services,Adj,Dec,EPS,CY2027,5.854,6.61,+12.9%,6.802,+2.9%,7.212,+6.0%,88.84,12.3,+23.2%,-11.1%,-6.9%,+1.8%
SCHW,Extended,Uncategorized,Financials,Financial Services,Adj,Dec,EPS,CY2028,,7.607,,7.91,+4.0%,8.417,+6.4%,88.84,10.6,,-11.1%,-6.9%,+1.8%
CRM,Extended,Uncategorized,Information Technology,Software & Services,Adj,Jan,EPS,CY2025,11.311,11.779,+4.1%,11.784,+0.0%,11.784,+0.0%,185.66,15.8,+4.2%,-29.9%,-7.8%,-30.5%
CRM,Extended,Uncategorized,Information Technology,Software & Services,Adj,Jan,EPS,CY2026,12.648,13.069,+3.3%,13.198,+1.0%,14.106,+6.9%,185.66,13.2,+11.5%,-29.9%,-7.8%,-30.5%
CRM,Extended,Uncategorized,Information Technology,Software & Services,Adj,Jan,EPS,CY2027,14.419,14.928,+3.5%,14.834,-0.6%,15.586,+5.1%,185.66,11.9,+8.1%,-29.9%,-7.8%,-30.5%
CRM,Extended,Uncategorized,Information Technology,Software & Services,Adj,Jan,EPS,CY2028,16.689,17.316,+3.8%,17.494,+1.0%,18.109,+3.5%,185.66,10.3,+8.5%,-29.9%,-7.8%,-30.5%
WDAY,Extended,Uncategorized,Information Technology,Software & Services,Adj,Jan,EPS,CY2025,8.781,9.105,+3.7%,9.104,-0.0%,9.104,+0.0%,144.28,15.8,+3.7%,-32.8%,-2.0%,-42.3%
WDAY,Extended,Uncategorized,Information Technology,Software & Services,Adj,Jan,EPS,CY2026,10.175,10.74,+5.6%,10.48,-2.4%,10.77,+2.8%,144.28,13.4,+5.8%,-32.8%,-2.0%,-42.3%
WDAY,Extended,Uncategorized,Information Technology,Software & Services,Adj,Jan,EPS,CY2027,11.579,13.132,+13.4%,12.287,-6.4%,12.649,+2.9%,144.28,11.4,+9.2%,-32.8%,-2.0%,-42.3%
WDAY,Extended,Uncategorized,Information Technology,Software & Services,Adj,Jan,EPS,CY2028,11.722,15.017,+28.1%,14.282,-4.9%,14.654,+2.6%,144.28,9.8,+25.0%,-32.8%,-2.0%,-42.3%
ADBE,Extended,Uncategorized,Information Technology,Software & Services,Adj,Nov,EPS,CY2025,20.396,20.831,+2.1%,20.832,+0.0%,20.832,+0.0%,251.44,12.1,+2.1%,-28.2%,-10.8%,-39.4%
ADBE,Extended,Uncategorized,Information Technology,Software & Services,Adj,Nov,EPS,CY2026,22.869,23.424,+2.4%,23.477,+0.2%,23.558,+0.3%,251.44,10.7,+3.0%,-28.2%,-10.8%,-39.4%
ADBE,Extended,Uncategorized,Information Technology,Software & Services,Adj,Nov,EPS,CY2027,25.674,25.966,+1.1%,26.395,+1.7%,26.498,+0.4%,251.44,9.5,+3.2%,-28.2%,-10.8%,-39.4%
ADBE,Extended,Uncategorized,Information Technology,Software & Services,Adj,Nov,EPS,CY2028,28.353,28.428,+0.3%,28.87,+1.6%,29.867,+3.5%,251.44,8.4,+5.3%,-28.2%,-10.8%,-39.4%
SHOP,Extended,Uncategorized,Information Technology,Software & Services,Adj,Dec,EPS,CY2025,1.411,1.455,+3.1%,1.451,-0.3%,1.451,+0.0%,109.54,75.5,+2.8%,-32.0%,-18.7%,+4.3%
SHOP,Extended,Uncategorized,Information Technology,Software & Services,Adj,Dec,EPS,CY2026,1.74,1.866,+7.2%,1.836,-1.6%,1.888,+2.8%,109.54,58.0,+8.5%,-32.0%,-18.7%,+4.3%
SHOP,Extended,Uncategorized,Information Technology,Software & Services,Adj,Dec,EPS,CY2027,2.22,2.326,+4.8%,2.374,+2.1%,2.364,-0.4%,109.54,46.3,+6.5%,-32.0%,-18.7%,+4.3%
SHOP,Extended,Uncategorized,Information Technology,Software & Services,Adj,Dec,EPS,CY2028,2.633,2.803,+6.5%,3.256,+16.2%,3.216,-1.2%,109.54,34.1,+22.1%,-32.0%,-18.7%,+4.3%
GWRE,Extended,Uncategorized,Information Technology,Software & Services,Adj,Jul,EPS,CY2025,2.389,2.419,+1.3%,2.419,+0.0%,2.419,+0.0%,136.06,56.2,+1.3%,-32.3%,-15.4%,-46.9%
GWRE,Extended,Uncategorized,Information Technology,Software & Services,Adj,Jul,EPS,CY2026,2.783,2.959,+6.3%,3.511,+18.7%,3.474,-1.1%,136.06,39.2,+24.8%,-32.3%,-15.4%,-46.9%
GWRE,Extended,Uncategorized,Information Technology,Software & Services,Adj,Jul,EPS,CY2027,3.647,3.898,+6.9%,4.282,+9.9%,4.108,-4.1%,136.06,33.1,+12.6%,-32.3%,-15.4%,-46.9%
GWRE,Extended,Uncategorized,Information Technology,Software & Services,Adj,Jul,EPS,CY2028,5.03,4.935,-1.9%,5.413,+9.7%,5.219,-3.6%,136.06,26.1,+3.8%,-32.3%,-15.4%,-46.9%
NOW,Extended,Uncategorized,Information Technology,Software & Services,Adj,Dec,EPS,CY2025,3.315,3.477,+4.9%,3.481,+0.1%,3.481,+0.0%,112.45,32.3,+5.0%,-26.6%,-6.6%,-44.7%
NOW,Extended,Uncategorized,Information Technology,Software & Services,Adj,Dec,EPS,CY2026,3.968,4.091,+3.1%,4.194,+2.5%,4.154,-1.0%,112.45,27.1,+4.7%,-26.6%,-6.6%,-44.7%
NOW,Extended,Uncategorized,Information Technology,Software & Services,Adj,Dec,EPS,CY2027,4.775,4.861,+1.8%,5.014,+3.1%,5.042,+0.6%,112.45,22.3,+5.6%,-26.6%,-6.6%,-44.7%
NOW,Extended,Uncategorized,Information Technology,Software & Services,Adj,Dec,EPS,CY2028,5.686,5.65,-0.6%,6.013,+6.4%,6.083,+1.2%,112.45,18.5,+7.0%,-26.6%,-6.6%,-44.7%
ELV,Extended,Uncategorized,Health Care,Health Care Equipment & Servic,Adj,Dec,EPS,CY2025,34.39,29.986,-12.8%,29.975,-0.0%,29.975,+0.0%,415.53,13.9,-12.8%,+18.5%,+45.0%,+8.0%
ELV,Extended,Uncategorized,Health Care,Health Care Equipment & Servic,Adj,Dec,EPS,CY2026,39.193,27.258,-30.5%,25.785,-5.4%,26.895,+4.3%,415.53,15.5,-31.4%,+18.5%,+45.0%,+8.0%
ELV,Extended,Uncategorized,Health Care,Health Care Equipment & Servic,Adj,Dec,EPS,CY2027,45.109,31.408,-30.4%,28.932,-7.9%,29.119,+0.6%,415.53,14.3,-35.4%,+18.5%,+45.0%,+8.0%
ELV,Extended,Uncategorized,Health Care,Health Care Equipment & Servic,Adj,Dec,EPS,CY2028,52.642,40.003,-24.0%,34.172,-14.6%,33.779,-1.2%,415.53,12.3,-35.8%,+18.5%,+45.0%,+8.0%
ISRG,Extended,Uncategorized,Health Care,Health Care Equipment & Servic,Adj,Dec,EPS,CY2025,7.778,8.634,+11.0%,8.646,+0.1%,8.646,+0.0%,422.06,48.8,+11.2%,-25.5%,-15.0%,-24.4%
ISRG,Extended,Uncategorized,Health Care,Health Care Equipment & Servic,Adj,Dec,EPS,CY2026,9.012,9.712,+7.8%,10.059,+3.6%,10.332,+2.7%,422.06,40.8,+14.6%,-25.5%,-15.0%,-24.4%
ISRG,Extended,Uncategorized,Health Care,Health Care Equipment & Servic,Adj,Dec,EPS,CY2027,10.556,11.223,+6.3%,11.42,+1.8%,11.746,+2.9%,422.06,35.9,+11.3%,-25.5%,-15.0%,-24.4%
ISRG,Extended,Uncategorized,Health Care,Health Care Equipment & Servic,Adj,Dec,EPS,CY2028,,13.03,,13.177,+1.1%,13.376,+1.5%,422.06,31.6,,-25.5%,-15.0%,-24.4%
BLDR,Extended,Uncategorized,Industrials,Capital Goods,Adj,Dec,EPS,CY2025,8.476,7.072,-16.6%,7.053,-0.3%,7.053,+0.0%,73.64,10.4,-16.8%,-28.4%,-22.9%,-35.0%
BLDR,Extended,Uncategorized,Industrials,Capital Goods,Adj,Dec,EPS,CY2026,9.901,6.564,-33.7%,5.933,-9.6%,4.296,-27.6%,73.64,17.1,-56.6%,-28.4%,-22.9%,-35.0%
BLDR,Extended,Uncategorized,Industrials,Capital Goods,Adj,Dec,EPS,CY2027,12.143,8.563,-29.5%,7.764,-9.3%,6.138,-20.9%,73.64,12.0,-49.5%,-28.4%,-22.9%,-35.0%
BLDR,Extended,Uncategorized,Industrials,Capital Goods,Adj,Dec,EPS,CY2028,10.71,10.155,-5.2%,9.355,-7.9%,7.551,-19.3%,73.64,9.8,-29.5%,-28.4%,-22.9%,-35.0%
FERG,Extended,Uncategorized,Industrials,Capital Goods,Adj,Jul,EPS,CY2025,9.284,9.41,+1.4%,9.41,+0.0%,9.41,+0.0%,229.58,24.4,+1.4%,+3.1%,-4.3%,+6.9%
FERG,Extended,Uncategorized,Industrials,Capital Goods,Adj,Jul,EPS,CY2026,,10.921,,11.166,+2.2%,11.135,-0.3%,229.58,20.6,,+3.1%,-4.3%,+6.9%
FERG,Extended,Uncategorized,Industrials,Capital Goods,Adj,Jul,EPS,CY2027,,12.029,,12.416,+3.2%,12.368,-0.4%,229.58,18.6,,+3.1%,-4.3%,+6.9%
FERG,Extended,Uncategorized,Industrials,Capital Goods,Adj,Jul,EPS,CY2028,,13.238,,13.495,+1.9%,13.742,+1.8%,229.58,16.7,,+3.1%,-4.3%,+6.9%
CRH,Extended,Uncategorized,Materials,Materials,Adj,Dec,EPS,CY2025,5.708,5.603,-1.8%,5.593,-0.2%,5.593,+0.0%,105.06,18.8,-2.0%,-15.8%,-5.4%,+13.2%
CRH,Extended,Uncategorized,Materials,Materials,Adj,Dec,EPS,CY2026,6.322,6.087,-3.7%,5.987,-1.6%,5.948,-0.7%,105.06,17.7,-5.9%,-15.8%,-5.4%,+13.2%
CRH,Extended,Uncategorized,Materials,Materials,Adj,Dec,EPS,CY2027,6.975,6.658,-4.5%,6.634,-0.4%,6.716,+1.2%,105.06,15.6,-3.7%,-15.8%,-5.4%,+13.2%
CRH,Extended,Uncategorized,Materials,Materials,Adj,Dec,EPS,CY2028,7.967,7.419,-6.9%,7.381,-0.5%,7.549,+2.3%,105.06,13.9,-5.2%,-15.8%,-5.4%,+13.2%
FND,Extended,Uncategorized,Consumer Discretionary,Consumer Discretionary Distrib,Adj,Dec,EPS,CY2025,1.797,1.902,+5.8%,1.905,+0.2%,1.905,+0.0%,47.41,24.9,+6.0%,-22.1%,-24.3%,-34.6%
FND,Extended,Uncategorized,Consumer Discretionary,Consumer Discretionary Distrib,Adj,Dec,EPS,CY2026,2.208,2.092,-5.3%,2.08,-0.6%,1.904,-8.5%,47.41,24.9,-13.8%,-22.1%,-24.3%,-34.6%
FND,Extended,Uncategorized,Consumer Discretionary,Consumer Discretionary Distrib,Adj,Dec,EPS,CY2027,2.716,2.556,-5.9%,2.443,-4.4%,2.189,-10.4%,47.41,21.7,-19.4%,-22.1%,-24.3%,-34.6%
FND,Extended,Uncategorized,Consumer Discretionary,Consumer Discretionary Distrib,Adj,Dec,EPS,CY2028,3.12,3.126,+0.2%,2.923,-6.5%,2.663,-8.9%,47.41,17.8,-14.6%,-22.1%,-24.3%,-34.6%
WMT,Extended,Uncategorized,Consumer Staples,Consumer Staples Distribution,GAAP,Jan,EPS,CY2025,2.566,2.889,+12.6%,2.879,-0.3%,2.879,+0.0%,118.88,41.3,+12.2%,+6.7%,-3.6%,+21.4%
WMT,Extended,Uncategorized,Consumer Staples,Consumer Staples Distribution,GAAP,Jan,EPS,CY2026,2.899,2.958,+2.0%,2.93,-0.9%,2.941,+0.4%,118.88,40.4,+1.4%,+6.7%,-3.6%,+21.4%
WMT,Extended,Uncategorized,Consumer Staples,Consumer Staples Distribution,GAAP,Jan,EPS,CY2027,3.221,3.311,+2.8%,3.273,-1.1%,3.253,-0.6%,118.88,36.5,+1.0%,+6.7%,-3.6%,+21.4%
WMT,Extended,Uncategorized,Consumer Staples,Consumer Staples Distribution,GAAP,Jan,EPS,CY2028,3.652,3.665,+0.4%,3.687,+0.6%,3.638,-1.3%,118.88,32.7,-0.4%,+6.7%,-3.6%,+21.4%
PM,Extended,Uncategorized,Consumer Staples,"Food, Beverage & Tobacco",GAAP,Dec,EPS,CY2025,7.293,7.333,+0.5%,7.412,+1.1%,7.412,+0.0%,178.29,24.1,+1.6%,+11.2%,+5.1%,-2.0%
PM,Extended,Uncategorized,Consumer Staples,"Food, Beverage & Tobacco",GAAP,Dec,EPS,CY2026,8.039,8.014,-0.3%,8.04,+0.3%,7.985,-0.7%,178.29,22.3,-0.7%,+11.2%,+5.1%,-2.0%
PM,Extended,Uncategorized,Consumer Staples,"Food, Beverage & Tobacco",GAAP,Dec,EPS,CY2027,8.798,8.737,-0.7%,8.724,-0.1%,8.856,+1.5%,178.29,20.1,+0.7%,+11.2%,+5.1%,-2.0%
PM,Extended,Uncategorized,Consumer Staples,"Food, Beverage & Tobacco",GAAP,Dec,EPS,CY2028,9.692,9.552,-1.4%,9.564,+0.1%,12.208,+27.6%,178.29,14.6,+26.0%,+11.2%,+5.1%,-2.0%
CP,Extended,Uncategorized,Industrials,Transportation,Adj,Dec,EPS,CY2025,4.737,4.662,-1.6%,4.618,-0.9%,4.618,+0.0%,89.93,19.5,-2.5%,+22.1%,+5.5%,+9.9%
CP,Extended,Uncategorized,Industrials,Transportation,Adj,Dec,EPS,CY2026,5.456,5.317,-2.5%,5.185,-2.5%,5.111,-1.4%,89.93,17.6,-6.3%,+22.1%,+5.5%,+9.9%
CP,Extended,Uncategorized,Industrials,Transportation,Adj,Dec,EPS,CY2027,6.132,5.996,-2.2%,5.901,-1.6%,5.872,-0.5%,89.93,15.3,-4.2%,+22.1%,+5.5%,+9.9%
CP,Extended,Uncategorized,Industrials,Transportation,Adj,Dec,EPS,CY2028,7.164,6.828,-4.7%,6.71,-1.7%,6.716,+0.1%,89.93,13.4,-6.3%,+22.1%,+5.5%,+9.9%
CNR,Extended,Uncategorized,Industrials,Transportation,Adj,Dec,EPS,CY2025,7.791,7.512,-3.6%,7.522,+0.1%,7.522,+0.0%,167.94,22.3,-3.5%,+23.7%,+12.0%,+16.4%
CNR,Extended,Uncategorized,Industrials,Transportation,Adj,Dec,EPS,CY2026,8.658,8.173,-5.6%,7.88,-3.6%,7.843,-0.5%,167.94,21.4,-9.4%,+23.7%,+12.0%,+16.4%
CNR,Extended,Uncategorized,Industrials,Transportation,Adj,Dec,EPS,CY2027,9.524,9.088,-4.6%,8.73,-3.9%,8.726,-0.0%,167.94,19.2,-8.4%,+23.7%,+12.0%,+16.4%
CNR,Extended,Uncategorized,Industrials,Transportation,Adj,Dec,EPS,CY2028,10.322,10.038,-2.8%,9.596,-4.4%,9.621,+0.3%,167.94,17.5,-6.8%,+23.7%,+12.0%,+16.4%
UNP,Extended,Uncategorized,Industrials,Transportation,Adj,Dec,EPS,CY2025,11.527,11.751,+1.9%,11.69,-0.5%,11.69,+0.0%,272.32,23.3,+1.4%,+17.7%,+4.7%,+23.4%
UNP,Extended,Uncategorized,Industrials,Transportation,Adj,Dec,EPS,CY2026,12.77,12.656,-0.9%,12.448,-1.6%,12.573,+1.0%,272.32,21.7,-1.5%,+17.7%,+4.7%,+23.4%
UNP,Extended,Uncategorized,Industrials,Transportation,Adj,Dec,EPS,CY2027,13.991,13.681,-2.2%,13.551,-1.0%,13.692,+1.0%,272.32,19.9,-2.1%,+17.7%,+4.7%,+23.4%
UNP,Extended,Uncategorized,Industrials,Transportation,Adj,Dec,EPS,CY2028,15.727,15.184,-3.5%,14.844,-2.2%,14.998,+1.0%,272.32,18.2,-4.6%,+17.7%,+4.7%,+23.4%
CSX,Extended,Uncategorized,Industrials,Transportation,Adj,Dec,EPS,CY2025,1.652,1.654,+0.1%,1.636,-1.1%,1.636,+0.0%,46.99,28.7,-1.0%,+29.6%,+14.2%,+48.0%
CSX,Extended,Uncategorized,Industrials,Transportation,Adj,Dec,EPS,CY2026,1.922,1.909,-0.7%,1.848,-3.2%,1.91,+3.4%,46.99,24.6,-0.6%,+29.6%,+14.2%,+48.0%
CSX,Extended,Uncategorized,Industrials,Transportation,Adj,Dec,EPS,CY2027,2.105,2.131,+1.2%,2.085,-2.2%,2.165,+3.8%,46.99,21.7,+2.9%,+29.6%,+14.2%,+48.0%
CSX,Extended,Uncategorized,Industrials,Transportation,Adj,Dec,EPS,CY2028,2.353,2.368,+0.6%,2.084,-12.0%,2.36,+13.2%,46.99,19.9,+0.3%,+29.6%,+14.2%,+48.0%
NVR,Extended,Uncategorized,Consumer Discretionary,Consumer Durables & Apparel,Adj,Dec,EPS,CY2025,416.19,423.183,+1.7%,422.926,-0.1%,422.926,+0.0%,6182.55,14.6,+1.6%,-15.2%,-12.6%,-14.1%
NVR,Extended,Uncategorized,Consumer Discretionary,Consumer Durables & Apparel,Adj,Dec,EPS,CY2026,454.23,410.587,-9.6%,395.095,-3.8%,365.894,-7.4%,6182.55,16.9,-19.4%,-15.2%,-12.6%,-14.1%
NVR,Extended,Uncategorized,Consumer Discretionary,Consumer Durables & Apparel,Adj,Dec,EPS,CY2027,,474.405,,457.477,-3.6%,415.777,-9.1%,6182.55,14.9,,-15.2%,-12.6%,-14.1%
NVR,Extended,Uncategorized,Consumer Discretionary,Consumer Durables & Apparel,Adj,Dec,EPS,CY2028,,,,535.0,,514.0,-3.9%,6182.55,12.0,,-15.2%,-12.6%,-14.1%
PDD,Extended,Uncategorized,Consumer Discretionary,Consumer Discretionary Distrib,Adj,Dec,EPS,CY2025,64.814,74.759,+15.3%,75.475,+1.0%,75.449,-0.0%,85.07,1.1,+16.4%,-25.0%,-15.6%,-14.4%
PDD,Extended,Uncategorized,Consumer Discretionary,Consumer Discretionary Distrib,Adj,Dec,EPS,CY2026,84.961,87.52,+3.0%,86.827,-0.8%,69.008,-20.5%,85.07,1.2,-18.8%,-25.0%,-15.6%,-14.4%
PDD,Extended,Uncategorized,Consumer Discretionary,Consumer Discretionary Distrib,Adj,Dec,EPS,CY2027,100.376,102.754,+2.4%,101.171,-1.5%,82.977,-18.0%,85.07,1.0,-17.3%,-25.0%,-15.6%,-14.4%
PDD,Extended,Uncategorized,Consumer Discretionary,Consumer Discretionary Distrib,Adj,Dec,EPS,CY2028,98.539,102.423,+3.9%,102.616,+0.2%,96.121,-6.3%,85.07,0.9,-2.5%,-25.0%,-15.6%,-14.4%
MSI,Extended,Uncategorized,Information Technology,Technology Hardware & Equipmen,Adj,Dec,EPS,CY2025,14.713,15.157,+3.0%,15.155,-0.0%,15.155,+0.0%,410.34,27.1,+3.0%,+7.0%,-12.2%,-1.4%
MSI,Extended,Uncategorized,Information Technology,Technology Hardware & Equipmen,Adj,Dec,EPS,CY2026,15.916,16.305,+2.4%,16.781,+2.9%,16.976,+1.2%,410.34,24.2,+6.7%,+7.0%,-12.2%,-1.4%
MSI,Extended,Uncategorized,Information Technology,Technology Hardware & Equipmen,Adj,Dec,EPS,CY2027,17.514,17.714,+1.1%,18.139,+2.4%,18.531,+2.2%,410.34,22.1,+5.8%,+7.0%,-12.2%,-1.4%
MSI,Extended,Uncategorized,Information Technology,Technology Hardware & Equipmen,Adj,Dec,EPS,CY2028,19.363,20.325,+5.0%,19.366,-4.7%,20.52,+6.0%,410.34,20.0,+6.0%,+7.0%,-12.2%,-1.4%
TPL,Extended,Uncategorized,Energy,Energy,Adj,Dec,EPS,CY2025,,7.02,,6.92,-1.4%,6.92,+0.0%,389.79,56.3,,+35.7%,-25.5%,+7.0%
TPL,Extended,Uncategorized,Energy,Energy,Adj,Dec,EPS,CY2026,,8.185,,8.26,+0.9%,9.17,+11.0%,389.79,42.5,,+35.7%,-25.5%,+7.0%
TPL,Extended,Uncategorized,Energy,Energy,Adj,Dec,EPS,CY2027,,9.835,,9.775,-0.6%,10.085,+3.2%,389.79,38.7,,+35.7%,-25.5%,+7.0%
TPL,Extended,Uncategorized,Energy,Energy,Adj,Dec,EPS,CY2028,,11.71,,12.68,+8.3%,11.92,-6.0%,389.79,32.7,,+35.7%,-25.5%,+7.0%
APG,Extended,Uncategorized,Industrials,Capital Goods,Adj,Dec,EPS,CY2025,1.387,1.449,+4.5%,1.446,-0.2%,1.446,+0.0%,41.98,29.0,+4.3%,+9.7%,-0.3%,+31.5%
APG,Extended,Uncategorized,Industrials,Capital Goods,Adj,Dec,EPS,CY2026,1.598,1.666,+4.3%,1.667,+0.1%,1.698,+1.9%,41.98,24.7,+6.3%,+9.7%,-0.3%,+31.5%
APG,Extended,Uncategorized,Industrials,Capital Goods,Adj,Dec,EPS,CY2027,1.779,1.94,+9.1%,1.934,-0.3%,1.934,+0.0%,41.98,21.7,+8.7%,+9.7%,-0.3%,+31.5%
APG,Extended,Uncategorized,Industrials,Capital Goods,Adj,Dec,EPS,CY2028,2.01,2.49,+23.9%,2.232,-10.4%,2.153,-3.5%,41.98,19.5,+7.1%,+9.7%,-0.3%,+31.5%
CACC,Extended,Uncategorized,Financials,Financial Services,Adj,Dec,EPS,CY2025,40.033,39.565,-1.2%,39.568,+0.0%,39.568,+0.0%,544.71,13.8,-1.2%,+22.8%,+6.5%,+14.8%
CACC,Extended,Uncategorized,Financials,Financial Services,Adj,Dec,EPS,CY2026,46.29,43.79,-5.4%,47.533,+8.5%,49.358,+3.8%,544.71,11.0,+6.6%,+22.8%,+6.5%,+14.8%
CACC,Extended,Uncategorized,Financials,Financial Services,Adj,Dec,EPS,CY2027,61.4,51.227,-16.6%,56.228,+9.8%,57.72,+2.7%,544.71,9.4,-6.0%,+22.8%,+6.5%,+14.8%
CACC,Extended,Uncategorized,Financials,Financial Services,Adj,Dec,EPS,CY2028,,,,74.58,,74.24,-0.5%,544.71,7.3,,+22.8%,+6.5%,+14.8%
GL,Extended,Uncategorized,Financials,Insurance,Adj,Dec,EPS,CY2025,13.694,14.581,+6.5%,14.576,-0.0%,14.576,+0.0%,159.18,10.9,+6.4%,+13.8%,+11.0%,+32.9%
GL,Extended,Uncategorized,Financials,Insurance,Adj,Dec,EPS,CY2026,14.927,15.013,+0.6%,15.291,+1.9%,15.624,+2.2%,159.18,10.2,+4.7%,+13.8%,+11.0%,+32.9%
GL,Extended,Uncategorized,Financials,Insurance,Adj,Dec,EPS,CY2027,16.46,16.436,-0.1%,16.523,+0.5%,16.623,+0.6%,159.18,9.6,+1.0%,+13.8%,+11.0%,+32.9%
GL,Extended,Uncategorized,Financials,Insurance,Adj,Dec,EPS,CY2028,18.7,17.85,-4.5%,18.19,+1.9%,18.251,+0.3%,159.18,8.7,-2.4%,+13.8%,+11.0%,+32.9%
LAD,Extended,Uncategorized,Consumer Discretionary,Consumer Discretionary Distrib,Adj,Dec,EPS,CY2025,33.161,35.492,+7.0%,35.255,-0.7%,35.255,+0.0%,288.84,8.2,+6.3%,-13.1%,+8.1%,-9.0%
LAD,Extended,Uncategorized,Consumer Discretionary,Consumer Discretionary Distrib,Adj,Dec,EPS,CY2026,36.687,37.843,+3.2%,36.109,-4.6%,34.44,-4.6%,288.84,8.4,-6.1%,-13.1%,+8.1%,-9.0%
LAD,Extended,Uncategorized,Consumer Discretionary,Consumer Discretionary Distrib,Adj,Dec,EPS,CY2027,42.721,42.636,-0.2%,41.707,-2.2%,40.762,-2.3%,288.84,7.1,-4.6%,-13.1%,+8.1%,-9.0%
LAD,Extended,Uncategorized,Consumer Discretionary,Consumer Discretionary Distrib,Adj,Dec,EPS,CY2028,47.613,46.27,-2.8%,48.907,+5.7%,46.865,-4.2%,288.84,6.2,-1.6%,-13.1%,+8.1%,-9.0%
CHTR,Extended,Uncategorized,Communication Services,Media & Entertainment,Adj,Dec,EPS,CY2025,37.564,36.018,-4.1%,36.229,+0.6%,36.229,+0.0%,132.12,3.6,-3.6%,-36.7%,-42.5%,-66.2%
CHTR,Extended,Uncategorized,Communication Services,Media & Entertainment,Adj,Dec,EPS,CY2026,44.053,42.52,-3.5%,43.611,+2.6%,41.015,-6.0%,132.12,3.2,-6.9%,-36.7%,-42.5%,-66.2%
CHTR,Extended,Uncategorized,Communication Services,Media & Entertainment,Adj,Dec,EPS,CY2027,51.117,47.631,-6.8%,49.141,+3.2%,45.092,-8.2%,132.12,2.9,-11.8%,-36.7%,-42.5%,-66.2%
CHTR,Extended,Uncategorized,Communication Services,Media & Entertainment,Adj,Dec,EPS,CY2028,57.177,52.042,-9.0%,62.004,+19.1%,51.949,-16.2%,132.12,2.5,-9.1%,-36.7%,-42.5%,-66.2%
ABG,Extended,Uncategorized,Consumer Discretionary,Consumer Discretionary Distrib,Adj,Dec,EPS,CY2025,26.844,28.217,+5.1%,28.123,-0.3%,28.123,+0.0%,190.98,6.8,+4.8%,-17.9%,-8.0%,-17.0%
ABG,Extended,Uncategorized,Consumer Discretionary,Consumer Discretionary Distrib,Adj,Dec,EPS,CY2026,26.477,28.033,+5.9%,26.781,-4.5%,25.886,-3.3%,190.98,7.4,-2.2%,-17.9%,-8.0%,-17.0%
ABG,Extended,Uncategorized,Consumer Discretionary,Consumer Discretionary Distrib,Adj,Dec,EPS,CY2027,33.507,32.226,-3.8%,29.58,-8.2%,29.584,+0.0%,190.98,6.5,-11.7%,-17.9%,-8.0%,-17.0%
ABG,Extended,Uncategorized,Consumer Discretionary,Consumer Discretionary Distrib,Adj,Dec,EPS,CY2028,43.46,38.735,-10.9%,33.827,-12.7%,33.335,-1.5%,190.98,5.7,-23.3%,-17.9%,-8.0%,-17.0%
ALRM,Extended,Uncategorized,Information Technology,Software & Services,Adj,Dec,EPS,CY2025,2.298,2.513,+9.4%,2.513,+0.0%,2.513,+0.0%,45.37,18.1,+9.4%,-11.1%,-9.5%,-21.5%
ALRM,Extended,Uncategorized,Information Technology,Software & Services,Adj,Dec,EPS,CY2026,2.428,2.687,+10.7%,2.773,+3.2%,2.763,-0.4%,45.37,16.4,+13.8%,-11.1%,-9.5%,-21.5%
ALRM,Extended,Uncategorized,Information Technology,Software & Services,Adj,Dec,EPS,CY2027,2.16,2.795,+29.4%,3.018,+8.0%,2.962,-1.9%,45.37,15.3,+37.1%,-11.1%,-9.5%,-21.5%
ALRM,Extended,Uncategorized,Information Technology,Software & Services,Adj,Dec,EPS,CY2028,,,,,,3.25,,45.37,14.0,,-11.1%,-9.5%,-21.5%
OPTU,Extended,Uncategorized,Communication Services,Media & Entertainment,Adj,Dec,EPS,CY2025,-0.155,-3.36,-2067.7%,-3.768,-12.1%,-3.768,+0.0%,1.09,-0.3,-2331.0%,-33.9%,-27.3%,-49.1%
OPTU,Extended,Uncategorized,Communication Services,Media & Entertainment,Adj,Dec,EPS,CY2026,0.009,-0.209,-2422.2%,-0.405,-93.8%,-4.648,-1047.7%,1.09,-0.2,-51744.4%,-33.9%,-27.3%,-49.1%
OPTU,Extended,Uncategorized,Communication Services,Media & Entertainment,Adj,Dec,EPS,CY2027,-0.058,-0.181,-212.1%,-0.412,-127.6%,-0.544,-32.0%,1.09,-2.0,-837.9%,-33.9%,-27.3%,-49.1%
OPTU,Extended,Uncategorized,Communication Services,Media & Entertainment,Adj,Dec,EPS,CY2028,-0.282,-0.367,-30.1%,-0.394,-7.4%,-0.624,-58.4%,1.09,-1.7,-121.3%,-33.9%,-27.3%,-49.1%
CMCSA,Extended,Uncategorized,Communication Services,Telecommunication Services,Adj,Dec,EPS,CY2025,4.249,4.217,-0.8%,4.212,-0.1%,4.212,+0.0%,23.82,5.7,-0.9%,-14.9%,-24.6%,-25.7%
CMCSA,Extended,Uncategorized,Communication Services,Telecommunication Services,Adj,Dec,EPS,CY2026,4.637,4.13,-10.9%,3.726,-9.8%,3.457,-7.2%,23.82,6.9,-25.4%,-14.9%,-24.6%,-25.7%
CMCSA,Extended,Uncategorized,Communication Services,Telecommunication Services,Adj,Dec,EPS,CY2027,5.038,4.403,-12.6%,3.904,-11.3%,3.693,-5.4%,23.82,6.5,-26.7%,-14.9%,-24.6%,-25.7%
CMCSA,Extended,Uncategorized,Communication Services,Telecommunication Services,Adj,Dec,EPS,CY2028,5.484,4.84,-11.7%,4.454,-8.0%,4.082,-8.4%,23.82,5.8,-25.6%,-14.9%,-24.6%,-25.7%
WRLD,Extended,Uncategorized,Financials,Financial Services,Adj,Mar,EPS,CY2025,,8.55,,7.07,-17.3%,7.07,+0.0%,167.3,23.7,,+19.2%,+14.8%,+6.7%
WRLD,Extended,Uncategorized,Financials,Financial Services,Adj,Mar,EPS,CY2026,,15.035,,10.73,-28.6%,10.99,+2.4%,167.3,15.2,,+19.2%,+14.8%,+6.7%
WRLD,Extended,Uncategorized,Financials,Financial Services,Adj,Mar,EPS,CY2027,,16.5,,13.63,-17.4%,14.12,+3.6%,167.3,11.8,,+19.2%,+14.8%,+6.7%
WRLD,Extended,Uncategorized,Financials,Financial Services,Adj,Mar,EPS,CY2028,,,,,,,,167.3,,,+19.2%,+14.8%,+6.7%
CARG,Extended,Uncategorized,Communication Services,Media & Entertainment,Adj,Dec,EPS,CY2025,2.112,2.207,+4.5%,2.206,-0.0%,2.206,+0.0%,27.42,12.4,+4.5%,-28.5%,-19.8%,-13.6%
CARG,Extended,Uncategorized,Communication Services,Media & Entertainment,Adj,Dec,EPS,CY2026,2.446,2.545,+4.0%,2.502,-1.7%,2.498,-0.2%,27.42,11.0,+2.1%,-28.5%,-19.8%,-13.6%
CARG,Extended,Uncategorized,Communication Services,Media & Entertainment,Adj,Dec,EPS,CY2027,2.78,3.037,+9.2%,3.025,-0.4%,3.032,+0.2%,27.42,9.0,+9.1%,-28.5%,-19.8%,-13.6%
CARG,Extended,Uncategorized,Communication Services,Media & Entertainment,Adj,Dec,EPS,CY2028,3.745,3.51,-6.3%,3.503,-0.2%,3.466,-1.1%,27.42,7.9,-7.4%,-28.5%,-19.8%,-13.6%
ARMK,Extended,Uncategorized,Consumer Discretionary,Consumer Services,Adj,Sep,EPS,CY2025,1.936,1.895,-2.1%,1.895,+0.0%,1.895,+0.0%,53.41,28.2,-2.1%,+44.9%,+30.1%,+34.4%
ARMK,Extended,Uncategorized,Consumer Discretionary,Consumer Services,Adj,Sep,EPS,CY2026,2.277,2.219,-2.5%,2.228,+0.4%,2.214,-0.6%,53.41,24.1,-2.8%,+44.9%,+30.1%,+34.4%
ARMK,Extended,Uncategorized,Consumer Discretionary,Consumer Services,Adj,Sep,EPS,CY2027,2.632,2.586,-1.7%,2.622,+1.4%,2.66,+1.4%,53.41,20.1,+1.1%,+44.9%,+30.1%,+34.4%
ARMK,Extended,Uncategorized,Consumer Discretionary,Consumer Services,Adj,Sep,EPS,CY2028,3.09,2.976,-3.7%,3.013,+1.2%,3.099,+2.9%,53.41,17.2,+0.3%,+44.9%,+30.1%,+34.4%
QSR,Extended,Uncategorized,Consumer Discretionary,Consumer Services,Adj,Dec,EPS,CY2025,3.689,3.676,-0.4%,3.673,-0.1%,3.673,+0.0%,72.66,19.8,-0.4%,+6.5%,-0.9%,+1.8%
QSR,Extended,Uncategorized,Consumer Discretionary,Consumer Services,Adj,Dec,EPS,CY2026,4.036,4.014,-0.5%,4.053,+1.0%,4.052,-0.0%,72.66,17.9,+0.4%,+6.5%,-0.9%,+1.8%
QSR,Extended,Uncategorized,Consumer Discretionary,Consumer Services,Adj,Dec,EPS,CY2027,4.387,4.352,-0.8%,4.4,+1.1%,4.431,+0.7%,72.66,16.4,+1.0%,+6.5%,-0.9%,+1.8%
QSR,Extended,Uncategorized,Consumer Discretionary,Consumer Services,Adj,Dec,EPS,CY2028,4.843,4.759,-1.7%,4.825,+1.4%,4.821,-0.1%,72.66,15.1,-0.5%,+6.5%,-0.9%,+1.8%
W,Extended,Uncategorized,Consumer Discretionary,Consumer Discretionary Distrib,Adj,Dec,EPS,CY2025,0.643,2.295,+256.9%,2.313,+0.8%,2.313,+0.0%,68.35,29.6,+259.7%,-31.9%,-13.0%,+52.2%
W,Extended,Uncategorized,Consumer Discretionary,Consumer Discretionary Distrib,Adj,Dec,EPS,CY2026,1.209,2.872,+137.6%,2.903,+1.1%,2.743,-5.5%,68.35,24.9,+126.9%,-31.9%,-13.0%,+52.2%
W,Extended,Uncategorized,Consumer Discretionary,Consumer Discretionary Distrib,Adj,Dec,EPS,CY2027,2.084,3.778,+81.3%,3.688,-2.4%,3.673,-0.4%,68.35,18.6,+76.2%,-31.9%,-13.0%,+52.2%
W,Extended,Uncategorized,Consumer Discretionary,Consumer Discretionary Distrib,Adj,Dec,EPS,CY2028,3.166,4.673,+47.6%,4.361,-6.7%,4.554,+4.4%,68.35,15.0,+43.8%,-31.9%,-13.0%,+52.2%
MO,Extended,Uncategorized,Consumer Staples,"Food, Beverage & Tobacco",Adj,Dec,EPS,CY2025,5.382,5.436,+1.0%,5.434,-0.0%,5.434,+0.0%,72.19,13.3,+1.0%,+25.2%,+7.8%,+21.6%
MO,Extended,Uncategorized,Consumer Staples,"Food, Beverage & Tobacco",Adj,Dec,EPS,CY2026,5.523,5.591,+1.2%,5.618,+0.5%,5.678,+1.1%,72.19,12.7,+2.8%,+25.2%,+7.8%,+21.6%
MO,Extended,Uncategorized,Consumer Staples,"Food, Beverage & Tobacco",Adj,Dec,EPS,CY2027,5.68,5.769,+1.6%,5.809,+0.7%,5.873,+1.1%,72.19,12.3,+3.4%,+25.2%,+7.8%,+21.6%
MO,Extended,Uncategorized,Consumer Staples,"Food, Beverage & Tobacco",Adj,Dec,EPS,CY2028,5.812,5.882,+1.2%,5.995,+1.9%,6.079,+1.4%,72.19,11.9,+4.6%,+25.2%,+7.8%,+21.6%
CI,Extended,Uncategorized,Health Care,Health Care Equipment & Servic,Adj,Dec,EPS,CY2025,29.684,29.64,-0.1%,29.637,-0.0%,29.637,+0.0%,289.48,9.8,-0.2%,+5.2%,+2.9%,-6.9%
CI,Extended,Uncategorized,Health Care,Health Care Equipment & Servic,Adj,Dec,EPS,CY2026,33.075,30.318,-8.3%,30.319,+0.0%,30.461,+0.5%,289.48,9.5,-7.9%,+5.2%,+2.9%,-6.9%
CI,Extended,Uncategorized,Health Care,Health Care Equipment & Servic,Adj,Dec,EPS,CY2027,36.862,33.432,-9.3%,33.454,+0.1%,33.413,-0.1%,289.48,8.7,-9.4%,+5.2%,+2.9%,-6.9%
CI,Extended,Uncategorized,Health Care,Health Care Equipment & Servic,Adj,Dec,EPS,CY2028,41.735,37.337,-10.5%,37.098,-0.6%,36.804,-0.8%,289.48,7.9,-11.8%,+5.2%,+2.9%,-6.9%
CVS,Extended,Uncategorized,Health Care,Health Care Equipment & Servic,Adj,Dec,EPS,CY2025,6.141,6.628,+7.9%,6.663,+0.5%,6.663,+0.0%,95.93,14.4,+8.5%,+20.9%,+21.9%,+52.1%
CVS,Extended,Uncategorized,Health Care,Health Care Equipment & Servic,Adj,Dec,EPS,CY2026,7.065,7.172,+1.5%,7.161,-0.2%,7.394,+3.3%,95.93,13.0,+4.7%,+20.9%,+21.9%,+52.1%
CVS,Extended,Uncategorized,Health Care,Health Care Equipment & Servic,Adj,Dec,EPS,CY2027,8.077,8.056,-0.3%,8.174,+1.5%,8.374,+2.4%,95.93,11.5,+3.7%,+20.9%,+21.9%,+52.1%
CVS,Extended,Uncategorized,Health Care,Health Care Equipment & Servic,Adj,Dec,EPS,CY2028,9.169,9.173,+0.0%,9.391,+2.4%,9.629,+2.5%,95.93,10.0,+5.0%,+20.9%,+21.9%,+52.1%
SSNC,Extended,Uncategorized,Industrials,Commercial & Professional Serv,Adj,Dec,EPS,CY2025,5.848,6.063,+3.7%,6.066,+0.0%,6.066,+0.0%,69.91,11.5,+3.7%,-20.0%,-7.4%,-12.9%
SSNC,Extended,Uncategorized,Industrials,Commercial & Professional Serv,Adj,Dec,EPS,CY2026,6.443,6.638,+3.0%,6.843,+3.1%,6.892,+0.7%,69.91,10.1,+7.0%,-20.0%,-7.4%,-12.9%
SSNC,Extended,Uncategorized,Industrials,Commercial & Professional Serv,Adj,Dec,EPS,CY2027,,7.193,,7.438,+3.4%,7.496,+0.8%,69.91,9.3,,-20.0%,-7.4%,-12.9%
SSNC,Extended,Uncategorized,Industrials,Commercial & Professional Serv,Adj,Dec,EPS,CY2028,,7.98,,7.88,-1.3%,7.896,+0.2%,69.91,8.9,,-20.0%,-7.4%,-12.9%
SPOT,Extended,Uncategorized,Communication Services,Media & Entertainment,Adj,Dec,EPS,CY2025,8.509,7.148,-16.0%,7.15,+0.0%,7.15,+0.0%,496.95,69.5,-16.0%,-14.4%,-10.0%,-30.3%
SPOT,Extended,Uncategorized,Communication Services,Media & Entertainment,Adj,Dec,EPS,CY2026,12.614,12.155,-3.6%,12.739,+4.8%,12.817,+0.6%,496.95,38.8,+1.6%,-14.4%,-10.0%,-30.3%
SPOT,Extended,Uncategorized,Communication Services,Media & Entertainment,Adj,Dec,EPS,CY2027,15.663,15.543,-0.8%,16.098,+3.6%,15.802,-1.8%,496.95,31.4,+0.9%,-14.4%,-10.0%,-30.3%
SPOT,Extended,Uncategorized,Communication Services,Media & Entertainment,Adj,Dec,EPS,CY2028,18.533,18.151,-2.1%,19.326,+6.5%,19.268,-0.3%,496.95,25.8,+4.0%,-14.4%,-10.0%,-30.3%
BABA,Extended,Uncategorized,Consumer Discretionary,Consumer Discretionary Distrib,GAAP,Mar,EPS,CY2025,59.962,47.25,-21.2%,45.234,-4.3%,36.791,-18.7%,121.06,3.3,-38.6%,-17.4%,-7.1%,+1.7%
BABA,Extended,Uncategorized,Consumer Discretionary,Consumer Discretionary Distrib,GAAP,Mar,EPS,CY2026,67.933,58.426,-14.0%,55.691,-4.7%,39.152,-29.7%,121.06,3.1,-42.4%,-17.4%,-7.1%,+1.7%
BABA,Extended,Uncategorized,Consumer Discretionary,Consumer Discretionary Distrib,GAAP,Mar,EPS,CY2027,76.396,74.522,-2.5%,73.741,-1.0%,56.996,-22.7%,121.06,2.1,-25.4%,-17.4%,-7.1%,+1.7%
BABA,Extended,Uncategorized,Consumer Discretionary,Consumer Discretionary Distrib,GAAP,Mar,EPS,CY2028,75.465,86.829,+15.1%,89.356,+2.9%,78.723,-11.9%,121.06,1.5,+4.3%,-17.4%,-7.1%,+1.7%
IAC,Extended,Uncategorized,Communication Services,Media & Entertainment,Adj,Dec,EPS,CY2025,-2.303,0.427,+118.5%,0.394,-7.7%,0.394,+0.0%,,,+117.1%,,,
IAC,Extended,Uncategorized,Communication Services,Media & Entertainment,Adj,Dec,EPS,CY2026,-0.124,1.011,+915.3%,0.388,-61.6%,-0.593,-252.8%,,,-378.2%,,,
IAC,Extended,Uncategorized,Communication Services,Media & Entertainment,Adj,Dec,EPS,CY2027,1.819,1.437,-21.0%,1.5,+4.4%,1.369,-8.7%,,,-24.7%,,,
IAC,Extended,Uncategorized,Communication Services,Media & Entertainment,Adj,Dec,EPS,CY2028,1.813,1.758,-3.0%,1.823,+3.7%,1.979,+8.6%,,,+9.2%,,,
PYPL,Extended,Uncategorized,Financials,Financial Services,Adj,Dec,EPS,CY2025,5.08,5.364,+5.6%,5.351,-0.2%,5.351,+0.0%,41.29,7.7,+5.3%,-29.3%,-13.3%,-43.0%
PYPL,Extended,Uncategorized,Financials,Financial Services,Adj,Dec,EPS,CY2026,5.653,5.853,+3.5%,5.309,-9.3%,5.297,-0.2%,41.29,7.8,-6.3%,-29.3%,-13.3%,-43.0%
PYPL,Extended,Uncategorized,Financials,Financial Services,Adj,Dec,EPS,CY2027,6.463,6.619,+2.4%,5.767,-12.9%,5.74,-0.5%,41.29,7.2,-11.2%,-29.3%,-13.3%,-43.0%
PYPL,Extended,Uncategorized,Financials,Financial Services,Adj,Dec,EPS,CY2028,7.195,7.57,+5.2%,6.49,-14.3%,6.326,-2.5%,41.29,6.5,-12.1%,-29.3%,-13.3%,-43.0%
THC,Extended,Healthcare providers,Health Care,Health Care Equipment & Servic,Adj,Dec,EPS,CY2025,12.756,16.125,+26.4%,16.112,-0.1%,16.112,+0.0%,162.06,10.1,+26.3%,-18.4%,-32.9%,-5.7%
THC,Extended,Healthcare providers,Health Care,Health Care Equipment & Servic,Adj,Dec,EPS,CY2026,13.609,16.406,+20.6%,17.147,+4.5%,17.755,+3.5%,162.06,9.1,+30.5%,-18.4%,-32.9%,-5.7%
THC,Extended,Healthcare providers,Health Care,Health Care Equipment & Servic,Adj,Dec,EPS,CY2027,15.498,18.21,+17.5%,17.588,-3.4%,17.729,+0.8%,162.06,9.1,+14.4%,-18.4%,-32.9%,-5.7%
THC,Extended,Healthcare providers,Health Care,Health Care Equipment & Servic,Adj,Dec,EPS,CY2028,20.767,21.257,+2.4%,20.014,-5.8%,19.658,-1.8%,162.06,8.2,-5.3%,-18.4%,-32.9%,-5.7%
UHS,Extended,Healthcare providers,Health Care,Health Care Equipment & Servic,Adj,Dec,EPS,CY2025,19.506,21.841,+12.0%,21.838,-0.0%,21.838,+0.0%,145.17,6.6,+12.0%,-33.4%,-26.3%,-23.2%
UHS,Extended,Healthcare providers,Health Care,Health Care Equipment & Servic,Adj,Dec,EPS,CY2026,21.462,23.554,+9.7%,23.371,-0.8%,23.433,+0.3%,145.17,6.2,+9.2%,-33.4%,-26.3%,-23.2%
UHS,Extended,Healthcare providers,Health Care,Health Care Equipment & Servic,Adj,Dec,EPS,CY2027,23.765,26.129,+9.9%,25.553,-2.2%,25.387,-0.6%,145.17,5.7,+6.8%,-33.4%,-26.3%,-23.2%
UHS,Extended,Healthcare providers,Health Care,Health Care Equipment & Servic,Adj,Dec,EPS,CY2028,25.77,27.69,+7.5%,28.195,+1.8%,27.945,-0.9%,145.17,5.2,+8.4%,-33.4%,-26.3%,-23.2%
CYH,Extended,Healthcare providers,Health Care,Health Care Equipment & Servic,Adj,Dec,EPS,CY2025,-0.327,0.863,+363.9%,0.863,+0.0%,0.863,+0.0%,2.74,3.2,+363.9%,-12.2%,-19.6%,-27.9%
CYH,Extended,Healthcare providers,Health Care,Health Care Equipment & Servic,Adj,Dec,EPS,CY2026,0.019,-0.323,-1800.0%,-0.349,-8.0%,-0.494,-41.5%,2.74,-5.5,-2700.0%,-12.2%,-19.6%,-27.9%
CYH,Extended,Healthcare providers,Health Care,Health Care Equipment & Servic,Adj,Dec,EPS,CY2027,0.205,-0.115,-156.1%,-0.008,+93.0%,0.017,+312.5%,2.74,161.2,-91.7%,-12.2%,-19.6%,-27.9%
CYH,Extended,Healthcare providers,Health Care,Health Care Equipment & Servic,Adj,Dec,EPS,CY2028,,,,0.088,,0.013,-85.2%,2.74,210.8,,-12.2%,-19.6%,-27.9%
DVA,Extended,Healthcare providers,Health Care,Health Care Equipment & Servic,Adj,Dec,EPS,CY2025,10.89,10.614,-2.5%,10.613,-0.0%,10.613,+0.0%,192.16,18.1,-2.5%,+69.1%,+28.2%,+39.5%
DVA,Extended,Healthcare providers,Health Care,Health Care Equipment & Servic,Adj,Dec,EPS,CY2026,12.649,12.711,+0.5%,14.111,+11.0%,14.784,+4.8%,192.16,13.0,+16.9%,+69.1%,+28.2%,+39.5%
DVA,Extended,Healthcare providers,Health Care,Health Care Equipment & Servic,Adj,Dec,EPS,CY2027,14.628,14.84,+1.4%,16.457,+10.9%,17.42,+5.9%,192.16,11.0,+19.1%,+69.1%,+28.2%,+39.5%
DVA,Extended,Healthcare providers,Health Care,Health Care Equipment & Servic,Adj,Dec,EPS,CY2028,16.035,15.96,-0.5%,18.875,+18.3%,21.093,+11.8%,192.16,9.1,+31.5%,+69.1%,+28.2%,+39.5%
LH,Extended,Healthcare providers,Health Care,Health Care Equipment & Servic,Adj,Dec,EPS,CY2025,16.108,16.337,+1.4%,16.339,+0.0%,16.339,+0.0%,265.15,16.2,+1.4%,+5.7%,-3.9%,+5.2%
LH,Extended,Healthcare providers,Health Care,Health Care Equipment & Servic,Adj,Dec,EPS,CY2026,17.63,17.535,-0.5%,17.802,+1.5%,18.01,+1.2%,265.15,14.7,+2.2%,+5.7%,-3.9%,+5.2%
LH,Extended,Healthcare providers,Health Care,Health Care Equipment & Servic,Adj,Dec,EPS,CY2027,19.321,19.186,-0.7%,19.263,+0.4%,19.448,+1.0%,265.15,13.6,+0.7%,+5.7%,-3.9%,+5.2%
LH,Extended,Healthcare providers,Health Care,Health Care Equipment & Servic,Adj,Dec,EPS,CY2028,21.165,21.023,-0.7%,21.022,-0.0%,21.061,+0.2%,265.15,12.6,-0.5%,+5.7%,-3.9%,+5.2%
DGX,Extended,Healthcare providers,Health Care,Health Care Equipment & Servic,Adj,Dec,EPS,CY2025,9.704,9.808,+1.1%,9.809,+0.0%,9.809,+0.0%,200.29,20.4,+1.1%,+15.4%,-1.8%,+15.3%
DGX,Extended,Healthcare providers,Health Care,Health Care Equipment & Servic,Adj,Dec,EPS,CY2026,10.518,10.379,-1.3%,10.625,+2.4%,10.766,+1.3%,200.29,18.6,+2.4%,+15.4%,-1.8%,+15.3%
DGX,Extended,Healthcare providers,Health Care,Health Care Equipment & Servic,Adj,Dec,EPS,CY2027,11.382,11.304,-0.7%,11.485,+1.6%,11.651,+1.4%,200.29,17.2,+2.4%,+15.4%,-1.8%,+15.3%
DGX,Extended,Healthcare providers,Health Care,Health Care Equipment & Servic,Adj,Dec,EPS,CY2028,12.588,12.62,+0.3%,12.586,-0.3%,12.761,+1.4%,200.29,15.7,+1.4%,+15.4%,-1.8%,+15.3%
IDXX,Extended,Healthcare providers,Health Care,Health Care Equipment & Servic,Adj,Dec,EPS,CY2025,12.185,12.918,+6.0%,12.901,-0.1%,12.901,+0.0%,562.16,43.6,+5.9%,-16.9%,-9.2%,+7.7%
IDXX,Extended,Healthcare providers,Health Care,Health Care Equipment & Servic,Adj,Dec,EPS,CY2026,13.698,14.439,+5.4%,14.536,+0.7%,14.659,+0.8%,562.16,38.3,+7.0%,-16.9%,-9.2%,+7.7%
IDXX,Extended,Healthcare providers,Health Care,Health Care Equipment & Servic,Adj,Dec,EPS,CY2027,15.396,16.408,+6.6%,16.363,-0.3%,16.516,+0.9%,562.16,34.0,+7.3%,-16.9%,-9.2%,+7.7%
IDXX,Extended,Healthcare providers,Health Care,Health Care Equipment & Servic,Adj,Dec,EPS,CY2028,17.25,18.585,+7.7%,18.597,+0.1%,18.662,+0.3%,562.16,30.1,+8.2%,-16.9%,-9.2%,+7.7%
ENSG,Extended,Healthcare providers,Health Care,Health Care Equipment & Servic,Adj,Dec,EPS,CY2025,6.293,6.503,+3.3%,6.513,+0.2%,6.513,+0.0%,170.3,26.1,+3.5%,-2.2%,-17.8%,+12.3%
ENSG,Extended,Healthcare providers,Health Care,Health Care Equipment & Servic,Adj,Dec,EPS,CY2026,6.936,7.193,+3.7%,7.51,+4.4%,7.545,+0.5%,170.3,22.6,+8.8%,-2.2%,-17.8%,+12.3%
ENSG,Extended,Healthcare providers,Health Care,Health Care Equipment & Servic,Adj,Dec,EPS,CY2027,7.632,7.93,+3.9%,8.15,+2.8%,8.243,+1.1%,170.3,20.7,+8.0%,-2.2%,-17.8%,+12.3%
ENSG,Extended,Healthcare providers,Health Care,Health Care Equipment & Servic,Adj,Dec,EPS,CY2028,,,,8.893,,9.015,+1.4%,170.3,18.9,,-2.2%,-17.8%,+12.3%
MD,Extended,Healthcare providers,Health Care,Health Care Equipment & Servic,Adj,Dec,EPS,CY2025,1.655,2.036,+23.0%,2.05,+0.7%,2.05,+0.0%,22.61,11.0,+23.9%,+5.7%,+17.2%,+62.4%
MD,Extended,Healthcare providers,Health Care,Health Care Equipment & Servic,Adj,Dec,EPS,CY2026,1.717,2.103,+22.5%,2.209,+5.0%,2.26,+2.3%,22.61,10.0,+31.6%,+5.7%,+17.2%,+62.4%
MD,Extended,Healthcare providers,Health Care,Health Care Equipment & Servic,Adj,Dec,EPS,CY2027,1.703,2.166,+27.2%,2.274,+5.0%,2.32,+2.0%,22.61,9.7,+36.2%,+5.7%,+17.2%,+62.4%
MD,Extended,Healthcare providers,Health Care,Health Care Equipment & Servic,Adj,Dec,EPS,CY2028,1.59,2.13,+34.0%,2.17,+1.9%,2.218,+2.2%,22.61,10.2,+39.5%,+5.7%,+17.2%,+62.4%
AMN,Extended,Healthcare providers,Health Care,Health Care Equipment & Servic,Adj,Dec,EPS,CY2025,1.097,1.408,+28.4%,1.372,-2.6%,1.372,+0.0%,31.69,23.1,+25.1%,+101.1%,+40.6%,+57.8%
AMN,Extended,Healthcare providers,Health Care,Health Care Equipment & Servic,Adj,Dec,EPS,CY2026,1.418,0.746,-47.4%,2.044,+174.0%,2.661,+30.2%,31.69,11.9,+87.7%,+101.1%,+40.6%,+57.8%
AMN,Extended,Healthcare providers,Health Care,Health Care Equipment & Servic,Adj,Dec,EPS,CY2027,1.833,1.195,-34.8%,1.071,-10.4%,1.086,+1.4%,31.69,29.2,-40.8%,+101.1%,+40.6%,+57.8%
AMN,Extended,Healthcare providers,Health Care,Health Care Equipment & Servic,Adj,Dec,EPS,CY2028,,1.68,,1.325,-21.1%,1.42,+7.2%,31.69,22.3,,+101.1%,+40.6%,+57.8%
CCRN,Extended,Healthcare providers,Health Care,Health Care Equipment & Servic,Adj,Dec,EPS,CY2025,0.309,0.088,-71.5%,0.091,+3.4%,0.091,+0.0%,13.18,144.8,-70.6%,+62.7%,+33.3%,+1.8%
CCRN,Extended,Healthcare providers,Health Care,Health Care Equipment & Servic,Adj,Dec,EPS,CY2026,0.443,0.063,-85.8%,0.123,+95.2%,0.09,-26.8%,13.18,146.4,-79.7%,+62.7%,+33.3%,+1.8%
CCRN,Extended,Healthcare providers,Health Care,Health Care Equipment & Servic,Adj,Dec,EPS,CY2027,0.6,0.103,-82.8%,0.27,+162.1%,0.247,-8.5%,13.18,53.4,-58.8%,+62.7%,+33.3%,+1.8%
CCRN,Extended,Healthcare providers,Health Care,Health Care Equipment & Servic,Adj,Dec,EPS,CY2028,,,,0.211,,0.204,-3.3%,13.18,64.6,,+62.7%,+33.3%,+1.8%
EVH,Extended,Healthcare providers,Health Care,Health Care Equipment & Servic,Adj,Dec,EPS,CY2025,0.298,0.082,-72.5%,0.073,-11.0%,0.073,+0.0%,4.22,57.8,-75.5%,+5.5%,+24.1%,-48.5%
EVH,Extended,Healthcare providers,Health Care,Health Care Equipment & Servic,Adj,Dec,EPS,CY2026,0.535,0.353,-34.0%,0.172,-51.3%,0.148,-14.0%,4.22,28.5,-72.3%,+5.5%,+24.1%,-48.5%
EVH,Extended,Healthcare providers,Health Care,Health Care Equipment & Servic,Adj,Dec,EPS,CY2027,0.768,0.543,-29.3%,0.398,-26.7%,0.387,-2.8%,4.22,10.9,-49.6%,+5.5%,+24.1%,-48.5%
EVH,Extended,Healthcare providers,Health Care,Health Care Equipment & Servic,Adj,Dec,EPS,CY2028,0.91,0.747,-17.9%,0.559,-25.2%,0.487,-12.9%,4.22,8.7,-46.5%,+5.5%,+24.1%,-48.5%
HUM,Extended,Managed Care,Health Care,Health Care Equipment & Servic,Adj,Dec,EPS,CY2025,16.37,17.058,+4.2%,17.064,+0.0%,17.064,+0.0%,350.08,20.5,+4.2%,+36.7%,+93.7%,+54.1%
HUM,Extended,Managed Care,Health Care,Health Care Equipment & Servic,Adj,Dec,EPS,CY2026,14.167,12.368,-12.7%,9.193,-25.7%,8.919,-3.0%,350.08,39.3,-37.0%,+36.7%,+93.7%,+54.1%
HUM,Extended,Managed Care,Health Care,Health Care Equipment & Servic,Adj,Dec,EPS,CY2027,21.734,19.385,-10.8%,15.346,-20.8%,15.686,+2.2%,350.08,22.3,-27.8%,+36.7%,+93.7%,+54.1%
HUM,Extended,Managed Care,Health Care,Health Care Equipment & Servic,Adj,Dec,EPS,CY2028,30.828,33.158,+7.6%,24.899,-24.9%,25.69,+3.2%,350.08,13.6,-16.7%,+36.7%,+93.7%,+54.1%
ALHC,Extended,Managed Care,Health Care,Health Care Equipment & Servic,Adj,Dec,EPS,CY2025,-0.226,-0.074,+67.3%,-0.103,-39.2%,-0.103,+0.0%,15.37,-149.2,+54.4%,-22.2%,-17.2%,+3.9%
ALHC,Extended,Managed Care,Health Care,Health Care Equipment & Servic,Adj,Dec,EPS,CY2026,0.017,0.132,+676.5%,0.137,+3.8%,0.291,+112.4%,15.37,52.8,+1611.8%,-22.2%,-17.2%,+3.9%
ALHC,Extended,Managed Care,Health Care,Health Care Equipment & Servic,Adj,Dec,EPS,CY2027,0.298,0.495,+66.1%,0.461,-6.9%,0.534,+15.8%,15.37,28.8,+79.2%,-22.2%,-17.2%,+3.9%
ALHC,Extended,Managed Care,Health Care,Health Care Equipment & Servic,Adj,Dec,EPS,CY2028,1.085,0.805,-25.8%,0.733,-8.9%,0.774,+5.6%,15.37,19.9,-28.7%,-22.2%,-17.2%,+3.9%
CNC,Extended,Managed Care,Health Care,Health Care Equipment & Servic,Adj,Dec,EPS,CY2025,7.28,2.034,-72.1%,2.036,+0.1%,2.036,+0.0%,62.33,30.6,-72.0%,+51.5%,+44.0%,+13.7%
CNC,Extended,Managed Care,Health Care,Health Care Equipment & Servic,Adj,Dec,EPS,CY2026,7.904,2.886,-63.5%,3.005,+4.1%,3.482,+15.9%,62.33,17.9,-55.9%,+51.5%,+44.0%,+13.7%
CNC,Extended,Managed Care,Health Care,Health Care Equipment & Servic,Adj,Dec,EPS,CY2027,9.058,4.084,-54.9%,4.025,-1.4%,4.484,+11.4%,62.33,13.9,-50.5%,+51.5%,+44.0%,+13.7%
CNC,Extended,Managed Care,Health Care,Health Care Equipment & Servic,Adj,Dec,EPS,CY2028,10.814,5.62,-48.0%,5.883,+4.7%,6.159,+4.7%,62.33,10.1,-43.0%,+51.5%,+44.0%,+13.7%
MOH,Extended,Managed Care,Health Care,Health Care Equipment & Servic,Adj,Dec,EPS,CY2025,24.471,13.9,-43.2%,13.93,+0.2%,13.93,+0.0%,190.86,13.7,-43.1%,+10.0%,+29.2%,-35.0%
MOH,Extended,Managed Care,Health Care,Health Care Equipment & Servic,Adj,Dec,EPS,CY2026,28.339,13.936,-50.8%,5.668,-59.3%,5.201,-8.2%,190.86,36.7,-81.6%,+10.0%,+29.2%,-35.0%
MOH,Extended,Managed Care,Health Care,Health Care Equipment & Servic,Adj,Dec,EPS,CY2027,32.656,16.266,-50.2%,8.306,-48.9%,9.251,+11.4%,190.86,20.6,-71.7%,+10.0%,+29.2%,-35.0%
MOH,Extended,Managed Care,Health Care,Health Care Equipment & Servic,Adj,Dec,EPS,CY2028,38.47,22.593,-41.3%,13.081,-42.1%,12.694,-3.0%,190.86,15.0,-67.0%,+10.0%,+29.2%,-35.0%
IQV,Extended,Clinical Labs,Health Care,"Pharmaceuticals, Biotechnology",Adj,Dec,EPS,CY2025,11.836,11.888,+0.4%,11.895,+0.1%,11.895,+0.0%,183.45,15.4,+0.5%,-18.6%,+2.8%,+24.5%
IQV,Extended,Clinical Labs,Health Care,"Pharmaceuticals, Biotechnology",Adj,Dec,EPS,CY2026,13.037,12.943,-0.7%,12.704,-1.8%,12.813,+0.9%,183.45,14.3,-1.7%,-18.6%,+2.8%,+24.5%
IQV,Extended,Clinical Labs,Health Care,"Pharmaceuticals, Biotechnology",Adj,Dec,EPS,CY2027,14.548,14.395,-1.1%,14.059,-2.3%,14.179,+0.9%,183.45,12.9,-2.5%,-18.6%,+2.8%,+24.5%
IQV,Extended,Clinical Labs,Health Care,"Pharmaceuticals, Biotechnology",Adj,Dec,EPS,CY2028,16.869,16.196,-4.0%,15.683,-3.2%,15.849,+1.1%,183.45,11.6,-6.0%,-18.6%,+2.8%,+24.5%
ICLR,Extended,Clinical Labs,Health Care,"Pharmaceuticals, Biotechnology",Adj,Dec,EPS,CY2025,13.302,13.08,-1.7%,12.984,-0.7%,12.908,-0.6%,149.45,11.6,-3.0%,-18.0%,+35.1%,+10.9%
ICLR,Extended,Clinical Labs,Health Care,"Pharmaceuticals, Biotechnology",Adj,Dec,EPS,CY2026,14.356,13.414,-6.6%,12.186,-9.2%,10.546,-13.5%,149.45,14.2,-26.5%,-18.0%,+35.1%,+10.9%
ICLR,Extended,Clinical Labs,Health Care,"Pharmaceuticals, Biotechnology",Adj,Dec,EPS,CY2027,15.828,14.825,-6.3%,13.528,-8.7%,11.701,-13.5%,149.45,12.8,-26.1%,-18.0%,+35.1%,+10.9%
ICLR,Extended,Clinical Labs,Health Care,"Pharmaceuticals, Biotechnology",Adj,Dec,EPS,CY2028,17.13,16.733,-2.3%,15.283,-8.7%,13.055,-14.6%,149.45,11.4,-23.8%,-18.0%,+35.1%,+10.9%
MEDP,Extended,Clinical Labs,Health Care,"Pharmaceuticals, Biotechnology",Adj,Dec,EPS,CY2025,,14.79,,14.79,+0.0%,14.79,+0.0%,454.25,30.7,,-19.1%,-3.2%,+54.7%
MEDP,Extended,Clinical Labs,Health Care,"Pharmaceuticals, Biotechnology",Adj,Dec,EPS,CY2026,,16.401,,17.052,+4.0%,17.018,-0.2%,454.25,26.7,,-19.1%,-3.2%,+54.7%
MEDP,Extended,Clinical Labs,Health Care,"Pharmaceuticals, Biotechnology",Adj,Dec,EPS,CY2027,,18.244,,19.108,+4.7%,18.482,-3.3%,454.25,24.6,,-19.1%,-3.2%,+54.7%
MEDP,Extended,Clinical Labs,Health Care,"Pharmaceuticals, Biotechnology",Adj,Dec,EPS,CY2028,,19.62,,21.334,+8.7%,21.13,-1.0%,454.25,21.5,,-19.1%,-3.2%,+54.7%
CRL,Extended,Clinical Labs,Health Care,"Pharmaceuticals, Biotechnology",Adj,Dec,EPS,CY2025,9.621,10.235,+6.4%,10.245,+0.1%,10.245,+0.0%,181.34,17.7,+6.5%,-9.1%,+0.0%,+28.4%
CRL,Extended,Clinical Labs,Health Care,"Pharmaceuticals, Biotechnology",Adj,Dec,EPS,CY2026,9.939,10.983,+10.5%,10.989,+0.1%,11.1,+1.0%,181.34,16.3,+11.7%,-9.1%,+0.0%,+28.4%
CRL,Extended,Clinical Labs,Health Care,"Pharmaceuticals, Biotechnology",Adj,Dec,EPS,CY2027,10.641,11.544,+8.5%,12.028,+4.2%,12.318,+2.4%,181.34,14.7,+15.8%,-9.1%,+0.0%,+28.4%
CRL,Extended,Clinical Labs,Health Care,"Pharmaceuticals, Biotechnology",Adj,Dec,EPS,CY2028,10.765,12.478,+15.9%,13.099,+5.0%,13.471,+2.8%,181.34,13.5,+25.1%,-9.1%,+0.0%,+28.4%
EHTH,Extended,Clinical Labs,Financials,Insurance,Adj,Dec,EPS,CY2025,0.535,1.053,+96.8%,1.173,+11.4%,1.173,+0.0%,1.73,1.5,+119.3%,-62.4%,+2.4%,-59.2%
EHTH,Extended,Clinical Labs,Financials,Insurance,Adj,Dec,EPS,CY2026,1.065,1.06,-0.5%,0.103,-90.3%,0.29,+181.6%,1.73,6.0,-72.8%,-62.4%,+2.4%,-59.2%
EHTH,Extended,Clinical Labs,Financials,Insurance,Adj,Dec,EPS,CY2027,0.63,1.687,+167.8%,0.788,-53.3%,0.607,-23.0%,1.73,2.9,-3.7%,-62.4%,+2.4%,-59.2%
EHTH,Extended,Clinical Labs,Financials,Insurance,Adj,Dec,EPS,CY2028,,2.04,,0.485,-76.2%,-0.062,-112.8%,1.73,-27.9,,-62.4%,+2.4%,-59.2%
TMUS,Extended,Cable / Telco,Communication Services,Telecommunication Services,Adj,Dec,EPS,CY2025,10.74,10.041,-6.5%,9.923,-1.2%,9.923,+0.0%,178.1,17.9,-7.6%,-12.3%,-19.2%,-27.3%
TMUS,Extended,Cable / Telco,Communication Services,Telecommunication Services,Adj,Dec,EPS,CY2026,12.732,11.799,-7.3%,10.66,-9.7%,10.566,-0.9%,178.1,16.9,-17.0%,-12.3%,-19.2%,-27.3%
TMUS,Extended,Cable / Telco,Communication Services,Telecommunication Services,Adj,Dec,EPS,CY2027,14.899,14.771,-0.9%,13.642,-7.6%,13.63,-0.1%,178.1,13.1,-8.5%,-12.3%,-19.2%,-27.3%
TMUS,Extended,Cable / Telco,Communication Services,Telecommunication Services,Adj,Dec,EPS,CY2028,17.24,17.304,+0.4%,16.64,-3.8%,17.139,+3.0%,178.1,10.4,-0.6%,-12.3%,-19.2%,-27.3%
VZ,Extended,Cable / Telco,Communication Services,Telecommunication Services,Adj,Dec,EPS,CY2025,4.677,4.687,+0.2%,4.681,-0.1%,4.681,+0.0%,45.37,9.7,+0.1%,+11.4%,-11.4%,+4.8%
VZ,Extended,Cable / Telco,Communication Services,Telecommunication Services,Adj,Dec,EPS,CY2026,4.82,4.792,-0.6%,4.918,+2.6%,4.974,+1.1%,45.37,9.1,+3.2%,+11.4%,-11.4%,+4.8%
VZ,Extended,Cable / Telco,Communication Services,Telecommunication Services,Adj,Dec,EPS,CY2027,4.99,4.988,-0.0%,5.207,+4.4%,5.253,+0.9%,45.37,8.6,+5.3%,+11.4%,-11.4%,+4.8%
VZ,Extended,Cable / Telco,Communication Services,Telecommunication Services,Adj,Dec,EPS,CY2028,5.149,5.196,+0.9%,5.684,+9.4%,5.656,-0.5%,45.37,8.0,+9.8%,+11.4%,-11.4%,+4.8%
T,Extended,Cable / Telco,Communication Services,Telecommunication Services,Adj,Dec,EPS,CY2025,2.086,2.067,-0.9%,2.054,-0.6%,2.054,+0.0%,22.75,11.1,-1.5%,-8.4%,-21.5%,-18.0%
T,Extended,Cable / Telco,Communication Services,Telecommunication Services,Adj,Dec,EPS,CY2026,2.245,2.232,-0.6%,2.286,+2.4%,2.317,+1.4%,22.75,9.8,+3.2%,-8.4%,-21.5%,-18.0%
T,Extended,Cable / Telco,Communication Services,Telecommunication Services,Adj,Dec,EPS,CY2027,2.515,2.464,-2.0%,2.532,+2.8%,2.543,+0.4%,22.75,8.9,+1.1%,-8.4%,-21.5%,-18.0%
T,Extended,Cable / Telco,Communication Services,Telecommunication Services,Adj,Dec,EPS,CY2028,2.702,2.672,-1.1%,2.879,+7.7%,2.845,-1.2%,22.75,8.0,+5.3%,-8.4%,-21.5%,-18.0%
CABO,Extended,Cable / Telco,Communication Services,Media & Entertainment,Adj,Dec,EPS,CY2025,19.842,-52.806,-366.1%,-23.302,+55.9%,-23.302,+0.0%,43.82,-1.9,-217.4%,-61.2%,-60.1%,-67.8%
CABO,Extended,Cable / Telco,Communication Services,Media & Entertainment,Adj,Dec,EPS,CY2026,29.394,21.902,-25.5%,16.135,-26.3%,21.396,+32.6%,43.82,2.0,-27.2%,-61.2%,-60.1%,-67.8%
CABO,Extended,Cable / Telco,Communication Services,Media & Entertainment,Adj,Dec,EPS,CY2027,32.872,28.766,-12.5%,27.077,-5.9%,23.806,-12.1%,43.82,1.8,-27.6%,-61.2%,-60.1%,-67.8%
CABO,Extended,Cable / Telco,Communication Services,Media & Entertainment,Adj,Dec,EPS,CY2028,35.717,30.018,-16.0%,29.452,-1.9%,25.186,-14.5%,43.82,1.7,-29.5%,-61.2%,-60.1%,-67.8%
LBRDK,Extended,Cable / Telco,Communication Services,Media & Entertainment,Adj,Dec,EPS,CY2025,5.94,6.235,+5.0%,6.235,+0.0%,6.235,+0.0%,30.91,5.0,+5.0%,-36.4%,-42.4%,-64.5%
LBRDK,Extended,Cable / Telco,Communication Services,Media & Entertainment,Adj,Dec,EPS,CY2026,7.135,7.2,+0.9%,8.93,+24.0%,7.9,-11.5%,30.91,3.9,+10.7%,-36.4%,-42.4%,-64.5%
LBRDK,Extended,Cable / Telco,Communication Services,Media & Entertainment,Adj,Dec,EPS,CY2027,7.91,8.48,+7.2%,10.26,+21.0%,6.07,-40.8%,30.91,5.1,-23.3%,-36.4%,-42.4%,-64.5%
LBRDK,Extended,Cable / Telco,Communication Services,Media & Entertainment,Adj,Dec,EPS,CY2028,6.13,6.92,+12.9%,6.92,+0.0%,8.85,+27.9%,30.91,3.5,+44.4%,-36.4%,-42.4%,-64.5%
VOD,Extended,Cable / Telco,Communication Services,Telecommunication Services,Adj,Mar,EPS,CY2025,0.905,0.871,-3.8%,0.924,+6.1%,0.994,+7.6%,14.7,14.8,+9.8%,+11.3%,+0.5%,+44.0%
VOD,Extended,Cable / Telco,Communication Services,Telecommunication Services,Adj,Mar,EPS,CY2026,0.963,0.984,+2.2%,1.044,+6.1%,0.99,-5.2%,14.7,14.8,+2.8%,+11.3%,+0.5%,+44.0%
VOD,Extended,Cable / Telco,Communication Services,Telecommunication Services,Adj,Mar,EPS,CY2027,0.996,1.141,+14.6%,1.217,+6.7%,1.177,-3.3%,14.7,12.5,+18.2%,+11.3%,+0.5%,+44.0%
VOD,Extended,Cable / Telco,Communication Services,Telecommunication Services,Adj,Mar,EPS,CY2028,1.14,1.333,+16.9%,1.414,+6.1%,1.33,-5.9%,14.7,11.1,+16.7%,+11.3%,+0.5%,+44.0%
DTE,Extended,Cable / Telco,Communication Services,Telecommunication Services,Adj,Dec,EPS,CY2025,2.017,2.015,-0.1%,2.029,+0.7%,2.029,+0.0%,27.66,13.6,+0.6%,+0.0%,-16.3%,-18.6%
DTE,Extended,Cable / Telco,Communication Services,Telecommunication Services,Adj,Dec,EPS,CY2026,2.298,2.223,-3.3%,2.185,-1.7%,2.238,+2.4%,27.66,12.4,-2.6%,+0.0%,-16.3%,-18.6%
DTE,Extended,Cable / Telco,Communication Services,Telecommunication Services,Adj,Dec,EPS,CY2027,2.549,2.474,-2.9%,2.463,-0.4%,2.5,+1.5%,27.66,11.1,-1.9%,+0.0%,-16.3%,-18.6%
DTE,Extended,Cable / Telco,Communication Services,Telecommunication Services,Adj,Dec,EPS,CY2028,2.784,2.718,-2.4%,2.594,-4.6%,2.713,+4.6%,27.66,10.2,-2.6%,+0.0%,-16.3%,-18.6%
TEF,Extended,Cable / Telco,Communication Services,Telecommunication Services,Adj,Dec,EPS,CY2025,0.312,0.317,+1.6%,0.29,-8.5%,0.29,+0.0%,3.882,13.4,-7.1%,+11.1%,+8.8%,-17.5%
TEF,Extended,Cable / Telco,Communication Services,Telecommunication Services,Adj,Dec,EPS,CY2026,0.335,0.355,+6.0%,0.352,-0.8%,0.353,+0.3%,3.882,11.0,+5.4%,+11.1%,+8.8%,-17.5%
TEF,Extended,Cable / Telco,Communication Services,Telecommunication Services,Adj,Dec,EPS,CY2027,0.37,0.381,+3.0%,0.384,+0.8%,0.392,+2.1%,3.882,9.9,+5.9%,+11.1%,+8.8%,-17.5%
TEF,Extended,Cable / Telco,Communication Services,Telecommunication Services,Adj,Dec,EPS,CY2028,1.18,0.432,-63.4%,0.43,-0.5%,0.42,-2.3%,3.882,9.2,-64.4%,+11.1%,+8.8%,-17.5%
GOOGL,Extended,Internet,Communication Services,Media & Entertainment,GAAP,Dec,EPS,CY2025,9.557,10.589,+10.8%,10.598,+0.1%,10.598,+0.0%,368.53,34.8,+10.9%,+17.7%,+22.5%,+119.1%
GOOGL,Extended,Internet,Communication Services,Media & Entertainment,GAAP,Dec,EPS,CY2026,10.203,11.225,+10.0%,11.606,+3.4%,14.181,+22.2%,368.53,26.0,+39.0%,+17.7%,+22.5%,+119.1%
GOOGL,Extended,Internet,Communication Services,Media & Entertainment,GAAP,Dec,EPS,CY2027,11.586,13.353,+15.3%,13.507,+1.2%,14.667,+8.6%,368.53,25.1,+26.6%,+17.7%,+22.5%,+119.1%
GOOGL,Extended,Internet,Communication Services,Media & Entertainment,GAAP,Dec,EPS,CY2028,13.309,14.638,+10.0%,15.592,+6.5%,17.354,+11.3%,368.53,21.2,+30.4%,+17.7%,+22.5%,+119.1%
PINS,Extended,Internet,Communication Services,Media & Entertainment,Adj,Dec,EPS,CY2025,1.808,1.68,-7.1%,1.659,-1.2%,1.659,+0.0%,21.42,12.9,-8.2%,-17.3%,+8.5%,-36.6%
PINS,Extended,Internet,Communication Services,Media & Entertainment,Adj,Dec,EPS,CY2026,2.119,1.964,-7.3%,1.808,-7.9%,1.931,+6.8%,21.42,11.1,-8.9%,-17.3%,+8.5%,-36.6%
PINS,Extended,Internet,Communication Services,Media & Entertainment,Adj,Dec,EPS,CY2027,2.485,2.278,-8.3%,2.035,-10.7%,2.243,+10.2%,21.42,9.5,-9.7%,-17.3%,+8.5%,-36.6%
PINS,Extended,Internet,Communication Services,Media & Entertainment,Adj,Dec,EPS,CY2028,2.886,2.672,-7.4%,2.321,-13.1%,2.487,+7.2%,21.42,8.6,-13.8%,-17.3%,+8.5%,-36.6%
SNAP,Extended,Internet,Communication Services,Media & Entertainment,Adj,Dec,EPS,CY2025,0.278,0.33,+18.7%,0.329,-0.3%,0.329,+0.0%,5.76,17.5,+18.3%,-28.6%,+7.9%,-29.8%
SNAP,Extended,Internet,Communication Services,Media & Entertainment,Adj,Dec,EPS,CY2026,0.362,0.472,+30.4%,0.456,-3.4%,0.578,+26.8%,5.76,10.0,+59.7%,-28.6%,+7.9%,-29.8%
SNAP,Extended,Internet,Communication Services,Media & Entertainment,Adj,Dec,EPS,CY2027,0.519,0.565,+8.9%,0.585,+3.5%,0.708,+21.0%,5.76,8.1,+36.4%,-28.6%,+7.9%,-29.8%
SNAP,Extended,Internet,Communication Services,Media & Entertainment,Adj,Dec,EPS,CY2028,0.716,0.624,-12.8%,0.656,+5.1%,0.775,+18.1%,5.76,7.4,+8.2%,-28.6%,+7.9%,-29.8%
RDDT,Extended,Internet,Communication Services,Media & Entertainment,Adj,Dec,EPS,CY2025,3.154,4.368,+38.5%,4.384,+0.4%,4.384,+0.0%,173.45,39.6,+39.0%,-24.5%,+20.2%,+54.5%
RDDT,Extended,Internet,Communication Services,Media & Entertainment,Adj,Dec,EPS,CY2026,3.899,5.308,+36.1%,5.505,+3.7%,5.845,+6.2%,173.45,29.7,+49.9%,-24.5%,+20.2%,+54.5%
RDDT,Extended,Internet,Communication Services,Media & Entertainment,Adj,Dec,EPS,CY2027,4.915,6.983,+42.1%,7.475,+7.0%,7.655,+2.4%,173.45,22.7,+55.7%,-24.5%,+20.2%,+54.5%
RDDT,Extended,Internet,Communication Services,Media & Entertainment,Adj,Dec,EPS,CY2028,5.806,9.158,+57.7%,10.682,+16.6%,10.902,+2.1%,173.45,15.9,+87.8%,-24.5%,+20.2%,+54.5%
ABNB,Extended,Internet,Consumer Discretionary,Consumer Services,Adj,Dec,EPS,CY2025,4.242,4.124,-2.8%,4.122,-0.0%,4.122,+0.0%,133.54,32.4,-2.8%,-1.6%,-1.7%,-2.7%
ABNB,Extended,Internet,Consumer Discretionary,Consumer Services,Adj,Dec,EPS,CY2026,4.85,4.828,-0.5%,5.052,+4.6%,5.097,+0.9%,133.54,26.2,+5.1%,-1.6%,-1.7%,-2.7%
ABNB,Extended,Internet,Consumer Discretionary,Consumer Services,Adj,Dec,EPS,CY2027,5.666,5.725,+1.0%,5.84,+2.0%,6.055,+3.7%,133.54,22.1,+6.9%,-1.6%,-1.7%,-2.7%
ABNB,Extended,Internet,Consumer Discretionary,Consumer Services,Adj,Dec,EPS,CY2028,6.752,6.784,+0.5%,6.738,-0.7%,7.117,+5.6%,133.54,18.8,+5.4%,-1.6%,-1.7%,-2.7%
EBAY,Extended,Internet,Consumer Discretionary,Consumer Discretionary Distrib,Adj,Dec,EPS,CY2025,5.344,5.469,+2.3%,5.47,+0.0%,5.47,+0.0%,109.35,20.0,+2.4%,+25.5%,+17.5%,+40.7%
EBAY,Extended,Internet,Consumer Discretionary,Consumer Discretionary Distrib,Adj,Dec,EPS,CY2026,5.723,5.795,+1.3%,6.017,+3.8%,6.107,+1.5%,109.35,17.9,+6.7%,+25.5%,+17.5%,+40.7%
EBAY,Extended,Internet,Consumer Discretionary,Consumer Discretionary Distrib,Adj,Dec,EPS,CY2027,6.243,6.402,+2.5%,6.655,+4.0%,6.646,-0.1%,109.35,16.5,+6.5%,+25.5%,+17.5%,+40.7%
EBAY,Extended,Internet,Consumer Discretionary,Consumer Discretionary Distrib,Adj,Dec,EPS,CY2028,6.663,6.899,+3.5%,7.287,+5.6%,7.347,+0.8%,109.35,14.9,+10.3%,+25.5%,+17.5%,+40.7%
TTD,Extended,Internet,Communication Services,Media & Entertainment,Adj,Dec,EPS,CY2025,1.687,1.777,+5.3%,1.765,-0.7%,1.765,+0.0%,19.95,11.3,+4.6%,-47.4%,-33.0%,-71.9%
TTD,Extended,Internet,Communication Services,Media & Entertainment,Adj,Dec,EPS,CY2026,2.079,2.081,+0.1%,2.006,-3.6%,1.769,-11.8%,19.95,11.3,-14.9%,-47.4%,-33.0%,-71.9%
TTD,Extended,Internet,Communication Services,Media & Entertainment,Adj,Dec,EPS,CY2027,2.429,2.351,-3.2%,2.217,-5.7%,1.943,-12.4%,19.95,10.3,-20.0%,-47.4%,-33.0%,-71.9%
TTD,Extended,Internet,Communication Services,Media & Entertainment,Adj,Dec,EPS,CY2028,3.028,2.766,-8.7%,2.585,-6.5%,2.086,-19.3%,19.95,9.6,-31.1%,-47.4%,-33.0%,-71.9%
ROKU,Extended,Internet,Communication Services,Media & Entertainment,Adj,Dec,EPS,CY2025,-0.188,0.319,+269.7%,0.33,+3.4%,0.33,+0.0%,122.26,370.5,+275.5%,+12.7%,+24.6%,+63.9%
ROKU,Extended,Internet,Communication Services,Media & Entertainment,Adj,Dec,EPS,CY2026,0.593,1.166,+96.6%,2.045,+75.4%,2.451,+19.9%,122.26,49.9,+313.3%,+12.7%,+24.6%,+63.9%
ROKU,Extended,Internet,Communication Services,Media & Entertainment,Adj,Dec,EPS,CY2027,1.677,2.222,+32.5%,3.241,+45.9%,3.557,+9.8%,122.26,34.4,+112.1%,+12.7%,+24.6%,+63.9%
ROKU,Extended,Internet,Communication Services,Media & Entertainment,Adj,Dec,EPS,CY2028,2.69,3.341,+24.2%,4.303,+28.8%,5.394,+25.4%,122.26,22.7,+100.5%,+12.7%,+24.6%,+63.9%
ETSY,Extended,Internet,Consumer Discretionary,Consumer Discretionary Distrib,Adj,Dec,EPS,CY2025,4.768,3.999,-16.1%,4.003,+0.1%,4.003,+0.0%,66.86,16.7,-16.0%,+20.6%,+18.1%,+6.6%
ETSY,Extended,Internet,Consumer Discretionary,Consumer Discretionary Distrib,Adj,Dec,EPS,CY2026,5.193,4.594,-11.5%,5.98,+30.2%,5.488,-8.2%,66.86,12.2,+5.7%,+20.6%,+18.1%,+6.6%
ETSY,Extended,Internet,Consumer Discretionary,Consumer Discretionary Distrib,Adj,Dec,EPS,CY2027,5.261,5.693,+8.2%,6.113,+7.4%,7.092,+16.0%,66.86,9.4,+34.8%,+20.6%,+18.1%,+6.6%
ETSY,Extended,Internet,Consumer Discretionary,Consumer Discretionary Distrib,Adj,Dec,EPS,CY2028,6.128,6.458,+5.4%,7.295,+13.0%,7.822,+7.2%,66.86,8.5,+27.6%,+20.6%,+18.1%,+6.6%
MTCH,Extended,Internet,Communication Services,Media & Entertainment,Adj,Dec,EPS,CY2025,2.216,2.239,+1.0%,2.233,-0.3%,2.233,+0.0%,34.42,15.4,+0.8%,+6.6%,+9.9%,+9.3%
MTCH,Extended,Internet,Communication Services,Media & Entertainment,Adj,Dec,EPS,CY2026,2.62,2.781,+6.1%,2.771,-0.4%,2.826,+2.0%,34.42,12.2,+7.9%,+6.6%,+9.9%,+9.3%
MTCH,Extended,Internet,Communication Services,Media & Entertainment,Adj,Dec,EPS,CY2027,3.162,3.311,+4.7%,3.199,-3.4%,3.218,+0.6%,34.42,10.7,+1.8%,+6.6%,+9.9%,+9.3%
MTCH,Extended,Internet,Communication Services,Media & Entertainment,Adj,Dec,EPS,CY2028,3.68,4.028,+9.5%,3.793,-5.8%,3.732,-1.6%,34.42,9.2,+1.4%,+6.6%,+9.9%,+9.3%
U,Extended,Internet,Information Technology,Software & Services,Adj,Dec,EPS,CY2025,0.828,0.822,-0.7%,0.847,+3.0%,0.847,+0.0%,29.17,34.4,+2.3%,-34.0%,+40.7%,+17.7%
U,Extended,Internet,Information Technology,Software & Services,Adj,Dec,EPS,CY2026,0.781,0.929,+19.0%,0.941,+1.3%,1.028,+9.2%,29.17,28.4,+31.6%,-34.0%,+40.7%,+17.7%
U,Extended,Internet,Information Technology,Software & Services,Adj,Dec,EPS,CY2027,0.948,1.18,+24.5%,1.172,-0.7%,1.323,+12.9%,29.17,22.0,+39.6%,-34.0%,+40.7%,+17.7%
U,Extended,Internet,Information Technology,Software & Services,Adj,Dec,EPS,CY2028,0.53,1.36,+156.6%,1.435,+5.5%,1.658,+15.5%,29.17,17.6,+212.8%,-34.0%,+40.7%,+17.7%
ZG,Extended,Internet,Real Estate,Real Estate Management & Devel,Adj,Dec,EPS,CY2025,1.623,1.66,+2.3%,1.662,+0.1%,1.662,+0.0%,35.39,21.3,+2.4%,-48.1%,-24.7%,-48.6%
ZG,Extended,Internet,Real Estate,Real Estate Management & Devel,Adj,Dec,EPS,CY2026,2.203,2.101,-4.6%,2.181,+3.8%,2.22,+1.8%,35.39,15.9,+0.8%,-48.1%,-24.7%,-48.6%
ZG,Extended,Internet,Real Estate,Real Estate Management & Devel,Adj,Dec,EPS,CY2027,2.913,2.749,-5.6%,2.857,+3.9%,2.877,+0.7%,35.39,12.3,-1.2%,-48.1%,-24.7%,-48.6%
ZG,Extended,Internet,Real Estate,Real Estate Management & Devel,Adj,Dec,EPS,CY2028,4.108,3.885,-5.4%,3.681,-5.3%,3.712,+0.8%,35.39,9.5,-9.6%,-48.1%,-24.7%,-48.6%
RMV,Extended,Internet,Communication Services,Media & Entertainment,Adj,Dec,EPS,CY2025,0.29,0.288,-0.7%,0.29,+0.7%,0.29,+0.0%,438.8,15.1,+0.0%,-15.6%,-0.6%,-42.1%
RMV,Extended,Internet,Communication Services,Media & Entertainment,Adj,Dec,EPS,CY2026,0.325,0.309,-4.9%,0.31,+0.3%,0.307,-1.0%,438.8,14.3,-5.5%,-15.6%,-0.6%,-42.1%
RMV,Extended,Internet,Communication Services,Media & Entertainment,Adj,Dec,EPS,CY2027,0.371,0.341,-8.1%,0.341,+0.0%,0.34,-0.3%,438.8,12.9,-8.4%,-15.6%,-0.6%,-42.1%
RMV,Extended,Internet,Communication Services,Media & Entertainment,Adj,Dec,EPS,CY2028,,0.376,,0.383,+1.9%,0.381,-0.5%,438.8,11.5,,-15.6%,-0.6%,-42.1%
YELP,Extended,Internet,Communication Services,Media & Entertainment,Adj,Dec,EPS,CY2025,3.005,3.702,+23.2%,4.01,+8.3%,4.01,+0.0%,23.25,5.8,+33.4%,-23.5%,-4.2%,-36.8%
YELP,Extended,Internet,Communication Services,Media & Entertainment,Adj,Dec,EPS,CY2026,3.364,3.641,+8.2%,3.406,-6.5%,3.626,+6.5%,23.25,6.4,+7.8%,-23.5%,-4.2%,-36.8%
YELP,Extended,Internet,Communication Services,Media & Entertainment,Adj,Dec,EPS,CY2027,3.926,4.16,+6.0%,3.686,-11.4%,3.985,+8.1%,23.25,5.8,+1.5%,-23.5%,-4.2%,-36.8%
YELP,Extended,Internet,Communication Services,Media & Entertainment,Adj,Dec,EPS,CY2028,,4.86,,4.453,-8.4%,5.217,+17.2%,23.25,4.5,,-23.5%,-4.2%,-36.8%
ANGI,Extended,Internet,Communication Services,Media & Entertainment,Adj,Dec,EPS,CY2025,0.991,1.107,+11.7%,1.063,-4.0%,1.063,+0.0%,5.92,5.6,+7.3%,-54.2%,-37.0%,-64.3%
ANGI,Extended,Internet,Communication Services,Media & Entertainment,Adj,Dec,EPS,CY2026,1.278,1.453,+13.7%,0.99,-31.9%,0.252,-74.5%,5.92,23.5,-80.3%,-54.2%,-37.0%,-64.3%
ANGI,Extended,Internet,Communication Services,Media & Entertainment,Adj,Dec,EPS,CY2027,1.645,1.622,-1.4%,1.398,-13.8%,0.79,-43.5%,5.92,7.5,-52.0%,-54.2%,-37.0%,-64.3%
ANGI,Extended,Internet,Communication Services,Media & Entertainment,Adj,Dec,EPS,CY2028,1.39,1.35,-2.9%,1.55,+14.8%,1.257,-18.9%,5.92,4.7,-9.6%,-54.2%,-37.0%,-64.3%
TREE,Extended,Internet,Financials,Financial Services,Adj,Dec,EPS,CY2025,4.242,4.816,+13.5%,4.816,+0.0%,4.816,+0.0%,35.85,7.4,+13.5%,-32.5%,-22.0%,+2.2%
TREE,Extended,Internet,Financials,Financial Services,Adj,Dec,EPS,CY2026,4.452,4.983,+11.9%,5.282,+6.0%,5.852,+10.8%,35.85,6.1,+31.4%,-32.5%,-22.0%,+2.2%
TREE,Extended,Internet,Financials,Financial Services,Adj,Dec,EPS,CY2027,4.495,5.305,+18.0%,6.263,+18.1%,6.69,+6.8%,35.85,5.4,+48.8%,-32.5%,-22.0%,+2.2%
TREE,Extended,Internet,Financials,Financial Services,Adj,Dec,EPS,CY2028,5.145,4.81,-6.5%,5.225,+8.6%,7.303,+39.8%,35.85,4.9,+41.9%,-32.5%,-22.0%,+2.2%
XYZ,Extended,Internet,Financials,Financial Services,Adj,Dec,EPS,CY2025,2.706,2.422,-10.5%,2.412,-0.4%,2.412,+0.0%,68.15,28.3,-10.9%,+4.7%,+1.1%,+7.2%
XYZ,Extended,Internet,Financials,Financial Services,Adj,Dec,EPS,CY2026,3.635,3.338,-8.2%,3.537,+6.0%,3.898,+10.2%,68.15,17.5,+7.2%,+4.7%,+1.1%,+7.2%
XYZ,Extended,Internet,Financials,Financial Services,Adj,Dec,EPS,CY2027,4.493,4.456,-0.8%,4.714,+5.8%,5.067,+7.5%,68.15,13.4,+12.8%,+4.7%,+1.1%,+7.2%
XYZ,Extended,Internet,Financials,Financial Services,Adj,Dec,EPS,CY2028,4.951,5.096,+2.9%,5.816,+14.1%,6.262,+7.7%,68.15,10.9,+26.5%,+4.7%,+1.1%,+7.2%
CRTO,Extended,Internet,Communication Services,Media & Entertainment,Adj,Dec,EPS,CY2025,4.421,4.688,+6.0%,4.695,+0.1%,4.695,+0.0%,17.73,3.8,+6.2%,-14.0%,-8.1%,-32.5%
CRTO,Extended,Internet,Communication Services,Media & Entertainment,Adj,Dec,EPS,CY2026,4.466,4.539,+1.6%,4.288,-5.5%,4.166,-2.8%,17.73,4.3,-6.7%,-14.0%,-8.1%,-32.5%
CRTO,Extended,Internet,Communication Services,Media & Entertainment,Adj,Dec,EPS,CY2027,4.908,5.091,+3.7%,4.742,-6.9%,4.49,-5.3%,17.73,3.9,-8.5%,-14.0%,-8.1%,-32.5%
CRTO,Extended,Internet,Communication Services,Media & Entertainment,Adj,Dec,EPS,CY2028,5.435,5.073,-6.7%,5.746,+13.3%,5.044,-12.2%,17.73,3.5,-7.2%,-14.0%,-8.1%,-32.5%
CARS,Extended,Internet,Communication Services,Media & Entertainment,Adj,Dec,EPS,CY2025,1.72,1.786,+3.8%,1.792,+0.3%,1.792,+0.0%,9.21,5.1,+4.2%,-24.5%,+9.6%,-9.6%
CARS,Extended,Internet,Communication Services,Media & Entertainment,Adj,Dec,EPS,CY2026,2.13,2.252,+5.7%,1.925,-14.5%,1.913,-0.6%,9.21,4.8,-10.2%,-24.5%,+9.6%,-9.6%
CARS,Extended,Internet,Communication Services,Media & Entertainment,Adj,Dec,EPS,CY2027,2.21,2.507,+13.4%,2.065,-17.6%,2.516,+21.8%,9.21,3.7,+13.8%,-24.5%,+9.6%,-9.6%
CARS,Extended,Internet,Communication Services,Media & Entertainment,Adj,Dec,EPS,CY2028,1.81,2.38,+31.5%,2.25,-5.5%,2.33,+3.6%,9.21,4.0,+28.7%,-24.5%,+9.6%,-9.6%
OCDO,Extended,Internet,Consumer Staples,Consumer Staples Distribution,Adj,Nov,EPS,CY2025,-0.328,-0.309,+5.8%,-0.339,-9.7%,-0.339,+0.0%,199.9,-5.9,-3.4%,-15.3%,+1.8%,-21.2%
OCDO,Extended,Internet,Consumer Staples,Consumer Staples Distribution,Adj,Nov,EPS,CY2026,-0.238,-0.285,-19.7%,-0.224,+21.4%,-0.176,+21.4%,199.9,-11.4,+26.1%,-15.3%,+1.8%,-21.2%
OCDO,Extended,Internet,Consumer Staples,Consumer Staples Distribution,Adj,Nov,EPS,CY2027,-0.154,-0.198,-28.6%,-0.184,+7.1%,-0.217,-17.9%,199.9,-9.2,-40.9%,-15.3%,+1.8%,-21.2%
OCDO,Extended,Internet,Consumer Staples,Consumer Staples Distribution,Adj,Nov,EPS,CY2028,-0.045,-0.062,-37.8%,-0.14,-125.8%,-0.159,-13.6%,199.9,-12.6,-253.3%,-15.3%,+1.8%,-21.2%
VRSN,Extended,Internet,Information Technology,Software & Services,Adj,Dec,EPS,CY2025,,9.06,,8.868,-2.1%,8.868,+0.0%,294.92,33.3,,+21.4%,+23.6%,+6.1%
VRSN,Extended,Internet,Information Technology,Software & Services,Adj,Dec,EPS,CY2026,,9.483,,9.495,+0.1%,9.713,+2.3%,294.92,30.4,,+21.4%,+23.6%,+6.1%
VRSN,Extended,Internet,Information Technology,Software & Services,Adj,Dec,EPS,CY2027,,10.455,,10.368,-0.8%,10.69,+3.1%,294.92,27.6,,+21.4%,+23.6%,+6.1%
VRSN,Extended,Internet,Information Technology,Software & Services,Adj,Dec,EPS,CY2028,,11.23,,11.545,+2.8%,11.68,+1.2%,294.92,25.3,,+21.4%,+23.6%,+6.1%
CDLX,Extended,Internet,Communication Services,Media & Entertainment,Adj,Dec,EPS,CY2025,-0.452,-0.473,-4.6%,-0.46,+2.7%,-0.46,+0.0%,0.5984,-1.3,-1.8%,-48.0%,-26.6%,-64.4%
CDLX,Extended,Internet,Communication Services,Media & Entertainment,Adj,Dec,EPS,CY2026,-0.332,-0.26,+21.7%,-0.36,-38.5%,-0.308,+14.4%,0.5984,-1.9,+7.2%,-48.0%,-26.6%,-64.4%
CDLX,Extended,Internet,Communication Services,Media & Entertainment,Adj,Dec,EPS,CY2027,-0.032,-0.087,-171.9%,-0.267,-206.9%,-0.194,+27.3%,0.5984,-3.1,-506.2%,-48.0%,-26.6%,-64.4%
CDLX,Extended,Internet,Communication Services,Media & Entertainment,Adj,Dec,EPS,CY2028,,0.016,,-0.004,-125.0%,0.024,+700.0%,0.5984,24.9,,-48.0%,-26.6%,-64.4%
DHER,Extended,Internet,Consumer Discretionary,Consumer Services,Adj,Dec,EPS,CY2025,0.213,-0.597,-380.3%,-0.25,+58.1%,-0.285,-14.0%,39.25,-137.7,-233.8%,+72.8%,+118.2%,+64.6%
DHER,Extended,Internet,Consumer Discretionary,Consumer Services,Adj,Dec,EPS,CY2026,0.904,0.083,-90.8%,0.292,+251.8%,-1.229,-520.9%,39.25,-31.9,-236.0%,+72.8%,+118.2%,+64.6%
DHER,Extended,Internet,Consumer Discretionary,Consumer Services,Adj,Dec,EPS,CY2027,2.408,1.043,-56.7%,1.061,+1.7%,-0.22,-120.7%,39.25,-178.4,-109.1%,+72.8%,+118.2%,+64.6%
DHER,Extended,Internet,Consumer Discretionary,Consumer Services,Adj,Dec,EPS,CY2028,3.51,3.04,-13.4%,1.73,-43.1%,0.808,-53.3%,39.25,48.6,-77.0%,+72.8%,+118.2%,+64.6%
PTON,Extended,Internet,Consumer Discretionary,Consumer Durables & Apparel,Adj,Jun,EPS,CY2025,-0.39,-0.417,-6.9%,-0.417,+0.0%,-0.417,+0.0%,5.77,-13.8,-6.9%,-6.3%,+50.7%,-16.9%
PTON,Extended,Internet,Consumer Discretionary,Consumer Durables & Apparel,Adj,Jun,EPS,CY2026,-0.194,0.122,+162.9%,0.143,+17.2%,0.144,+0.7%,5.77,40.1,+174.2%,-6.3%,+50.7%,-16.9%
PTON,Extended,Internet,Consumer Discretionary,Consumer Durables & Apparel,Adj,Jun,EPS,CY2027,-0.057,0.282,+594.7%,0.307,+8.9%,0.317,+3.3%,5.77,18.2,+656.1%,-6.3%,+50.7%,-16.9%
PTON,Extended,Internet,Consumer Discretionary,Consumer Durables & Apparel,Adj,Jun,EPS,CY2028,-0.175,0.342,+295.4%,0.425,+24.3%,0.328,-22.8%,5.77,17.6,+287.4%,-6.3%,+50.7%,-16.9%
LYFT,Extended,Internet,Industrials,Transportation,Adj,Dec,EPS,CY2025,1.116,1.222,+9.5%,1.234,+1.0%,1.234,+0.0%,13.65,11.1,+10.6%,-29.5%,+3.6%,-12.1%
LYFT,Extended,Internet,Industrials,Transportation,Adj,Dec,EPS,CY2026,1.344,1.503,+11.8%,1.407,-6.4%,1.311,-6.8%,13.65,10.4,-2.5%,-29.5%,+3.6%,-12.1%
LYFT,Extended,Internet,Industrials,Transportation,Adj,Dec,EPS,CY2027,1.602,1.679,+4.8%,1.688,+0.5%,1.724,+2.1%,13.65,7.9,+7.6%,-29.5%,+3.6%,-12.1%
LYFT,Extended,Internet,Industrials,Transportation,Adj,Dec,EPS,CY2028,1.8,1.834,+1.9%,2.184,+19.1%,1.931,-11.6%,13.65,7.1,+7.3%,-29.5%,+3.6%,-12.1%
PRX,Extended,Internet,Consumer Discretionary,Consumer Discretionary Distrib,Adj,Mar,EPS,CY2025,3.802,3.794,-0.2%,3.893,+2.6%,3.949,+1.4%,40.15,10.2,+3.9%,-24.0%,-4.0%,-15.0%
PRX,Extended,Internet,Consumer Discretionary,Consumer Discretionary Distrib,Adj,Mar,EPS,CY2026,4.538,4.514,-0.5%,4.568,+1.2%,4.549,-0.4%,40.15,8.8,+0.2%,-24.0%,-4.0%,-15.0%
PRX,Extended,Internet,Consumer Discretionary,Consumer Discretionary Distrib,Adj,Mar,EPS,CY2027,4.585,5.191,+13.2%,5.242,+1.0%,5.325,+1.6%,40.15,7.5,+16.1%,-24.0%,-4.0%,-15.0%
PRX,Extended,Internet,Consumer Discretionary,Consumer Discretionary Distrib,Adj,Mar,EPS,CY2028,,5.85,,5.69,-2.7%,6.29,+10.5%,40.15,6.4,,-24.0%,-4.0%,-15.0%
AUTO,Extended,Internet,Communication Services,Media & Entertainment,Adj,Mar,EPS,CY2025,0.356,0.355,-0.3%,0.351,-1.1%,0.349,-0.6%,468.7,13.4,-2.0%,-20.1%,-0.8%,-40.7%
AUTO,Extended,Internet,Communication Services,Media & Entertainment,Adj,Mar,EPS,CY2026,0.393,0.393,+0.0%,0.39,-0.8%,0.387,-0.8%,468.7,12.1,-1.5%,-20.1%,-0.8%,-40.7%
AUTO,Extended,Internet,Communication Services,Media & Entertainment,Adj,Mar,EPS,CY2027,0.429,0.428,-0.2%,0.426,-0.5%,0.442,+3.8%,468.7,10.6,+3.0%,-20.1%,-0.8%,-40.7%
AUTO,Extended,Internet,Communication Services,Media & Entertainment,Adj,Mar,EPS,CY2028,0.468,0.467,-0.2%,0.462,-1.1%,0.504,+9.1%,468.7,9.3,+7.7%,-20.1%,-0.8%,-40.7%
DKNG,Extended,Internet,Consumer Discretionary,Consumer Services,Adj,Dec,EPS,CY2025,1.009,0.672,-33.4%,0.814,+21.1%,0.814,+0.0%,24.93,30.6,-19.3%,-27.7%,-2.1%,-26.1%
DKNG,Extended,Internet,Consumer Discretionary,Consumer Services,Adj,Dec,EPS,CY2026,1.853,1.313,-29.1%,1.078,-17.9%,0.902,-16.3%,24.93,27.6,-51.3%,-27.7%,-2.1%,-26.1%
DKNG,Extended,Internet,Consumer Discretionary,Consumer Services,Adj,Dec,EPS,CY2027,2.446,2.026,-17.2%,1.711,-15.5%,1.438,-16.0%,24.93,17.3,-41.2%,-27.7%,-2.1%,-26.1%
DKNG,Extended,Internet,Consumer Discretionary,Consumer Services,Adj,Dec,EPS,CY2028,3.353,2.648,-21.0%,2.336,-11.8%,2.138,-8.5%,24.93,11.7,-36.2%,-27.7%,-2.1%,-26.1%
FLUT,Extended,Internet,Consumer Discretionary,Consumer Services,Adj,Dec,EPS,CY2025,8.32,7.738,-7.0%,7.695,-0.6%,7.695,+0.0%,100.49,13.1,-7.5%,-53.3%,-12.3%,-58.6%
FLUT,Extended,Internet,Consumer Discretionary,Consumer Services,Adj,Dec,EPS,CY2026,12.138,10.235,-15.7%,7.153,-30.1%,5.764,-19.4%,100.49,17.4,-52.5%,-53.3%,-12.3%,-58.6%
FLUT,Extended,Internet,Consumer Discretionary,Consumer Services,Adj,Dec,EPS,CY2027,15.667,14.336,-8.5%,10.853,-24.3%,8.589,-20.9%,100.49,11.7,-45.2%,-53.3%,-12.3%,-58.6%
FLUT,Extended,Internet,Consumer Discretionary,Consumer Services,Adj,Dec,EPS,CY2028,18.553,19.003,+2.4%,13.908,-26.8%,11.664,-16.1%,100.49,8.6,-37.1%,-53.3%,-12.3%,-58.6%
FLTR,Extended,Internet,Consumer Discretionary,Consumer Services,Adj,Dec,EPS,CY2025,8.32,7.738,-7.0%,7.695,-0.6%,7.695,+0.0%,7524.0,9.8,-7.5%,-53.4%,-11.9%,-58.1%
FLTR,Extended,Internet,Consumer Discretionary,Consumer Services,Adj,Dec,EPS,CY2026,12.138,10.235,-15.7%,7.153,-30.1%,5.764,-19.4%,7524.0,13.1,-52.5%,-53.4%,-11.9%,-58.1%
FLTR,Extended,Internet,Consumer Discretionary,Consumer Services,Adj,Dec,EPS,CY2027,15.667,14.336,-8.5%,10.853,-24.3%,8.589,-20.9%,7524.0,8.8,-45.2%,-53.4%,-11.9%,-58.1%
FLTR,Extended,Internet,Consumer Discretionary,Consumer Services,Adj,Dec,EPS,CY2028,18.553,19.003,+2.4%,13.908,-26.8%,11.664,-16.1%,7524.0,6.5,-37.1%,-53.4%,-11.9%,-58.1%
WMG,Extended,Internet,Communication Services,Media & Entertainment,Adj,Sep,EPS,CY2025,1.207,0.982,-18.6%,0.982,+0.0%,0.982,+0.0%,29.93,30.5,-18.6%,-2.4%,+2.9%,+14.2%
WMG,Extended,Internet,Communication Services,Media & Entertainment,Adj,Sep,EPS,CY2026,1.379,1.457,+5.7%,1.382,-5.1%,1.486,+7.5%,29.93,20.1,+7.8%,-2.4%,+2.9%,+14.2%
WMG,Extended,Internet,Communication Services,Media & Entertainment,Adj,Sep,EPS,CY2027,1.584,1.718,+8.5%,1.744,+1.5%,1.818,+4.2%,29.93,16.5,+14.8%,-2.4%,+2.9%,+14.2%
WMG,Extended,Internet,Communication Services,Media & Entertainment,Adj,Sep,EPS,CY2028,1.788,1.924,+7.6%,1.984,+3.1%,2.075,+4.6%,29.93,14.4,+16.1%,-2.4%,+2.9%,+14.2%
SCOR,Extended,Internet,Communication Services,Media & Entertainment,Adj,Dec,EPS,CY2025,4.01,2.22,-44.6%,2.22,+0.0%,2.22,+0.0%,7.95,3.6,-44.6%,+22.3%,+13.2%,+54.7%
SCOR,Extended,Internet,Communication Services,Media & Entertainment,Adj,Dec,EPS,CY2026,5.175,4.65,-10.1%,4.65,+0.0%,4.11,-11.6%,7.95,1.9,-20.6%,+22.3%,+13.2%,+54.7%
SCOR,Extended,Internet,Communication Services,Media & Entertainment,Adj,Dec,EPS,CY2027,6.64,5.08,-23.5%,5.08,+0.0%,5.08,+0.0%,7.95,1.6,-23.5%,+22.3%,+13.2%,+54.7%
SCOR,Extended,Internet,Communication Services,Media & Entertainment,Adj,Dec,EPS,CY2028,,,,,,,,7.95,,,+22.3%,+13.2%,+54.7%
ASM,Extended,Technology,Information Technology,Semiconductors & Semiconductor,Adj,Dec,EPS,CY2025,14.772,13.931,-5.7%,14.695,+5.5%,14.695,+0.0%,867.0,59.0,-0.5%,+67.5%,+21.0%,+75.2%
ASM,Extended,Technology,Information Technology,Semiconductors & Semiconductor,Adj,Dec,EPS,CY2026,18.698,15.99,-14.5%,17.739,+10.9%,21.638,+22.0%,867.0,40.1,+15.7%,+67.5%,+21.0%,+75.2%
ASM,Extended,Technology,Information Technology,Semiconductors & Semiconductor,Adj,Dec,EPS,CY2027,23.163,20.303,-12.3%,22.299,+9.8%,26.719,+19.8%,867.0,32.4,+15.4%,+67.5%,+21.0%,+75.2%
ASM,Extended,Technology,Information Technology,Semiconductors & Semiconductor,Adj,Dec,EPS,CY2028,26.568,23.693,-10.8%,25.518,+7.7%,30.706,+20.3%,867.0,28.2,+15.6%,+67.5%,+21.0%,+75.2%
ARM,Extended,Technology,Information Technology,Semiconductors & Semiconductor,GAAP,Mar,EPS,CY2025,1.027,0.917,-10.7%,0.938,+2.3%,0.927,-1.2%,342.93,369.9,-9.7%,+213.7%,+184.3%,+164.7%
ARM,Extended,Technology,Information Technology,Semiconductors & Semiconductor,GAAP,Mar,EPS,CY2026,1.579,1.401,-11.3%,1.248,-10.9%,1.299,+4.1%,342.93,264.0,-17.7%,+213.7%,+184.3%,+164.7%
ARM,Extended,Technology,Information Technology,Semiconductors & Semiconductor,GAAP,Mar,EPS,CY2027,1.958,1.985,+1.4%,1.895,-4.5%,2.014,+6.3%,342.93,170.3,+2.9%,+213.7%,+184.3%,+164.7%
ARM,Extended,Technology,Information Technology,Semiconductors & Semiconductor,GAAP,Mar,EPS,CY2028,2.453,2.266,-7.6%,2.212,-2.4%,2.686,+21.4%,342.93,127.7,+9.5%,+213.7%,+184.3%,+164.7%
MRVL,Extended,Technology,Information Technology,Semiconductors & Semiconductor,GAAP,Jan,EPS,CY2025,1.003,2.964,+195.5%,2.975,+0.4%,2.975,+0.0%,263.47,88.6,+196.6%,+210.0%,+248.1%,+304.3%
MRVL,Extended,Technology,Information Technology,Semiconductors & Semiconductor,GAAP,Jan,EPS,CY2026,1.811,1.915,+5.7%,2.057,+7.4%,1.823,-11.4%,263.47,144.5,+0.7%,+210.0%,+248.1%,+304.3%
MRVL,Extended,Technology,Information Technology,Semiconductors & Semiconductor,GAAP,Jan,EPS,CY2027,2.649,2.9,+9.5%,3.404,+17.4%,4.141,+21.7%,263.47,63.6,+56.3%,+210.0%,+248.1%,+304.3%
MRVL,Extended,Technology,Information Technology,Semiconductors & Semiconductor,GAAP,Jan,EPS,CY2028,3.9,4.023,+3.2%,5.182,+28.8%,6.861,+32.4%,263.47,38.4,+75.9%,+210.0%,+248.1%,+304.3%
AMD,Extended,Technology,Information Technology,Semiconductors & Semiconductor,GAAP,Dec,EPS,CY2025,1.898,2.478,+30.6%,2.531,+2.1%,2.531,+0.0%,466.38,184.3,+33.4%,+117.8%,+133.8%,+303.1%
AMD,Extended,Technology,Information Technology,Semiconductors & Semiconductor,GAAP,Dec,EPS,CY2026,3.679,4.508,+22.5%,4.702,+4.3%,5.493,+16.8%,466.38,84.9,+49.3%,+117.8%,+133.8%,+303.1%
AMD,Extended,Technology,Information Technology,Semiconductors & Semiconductor,GAAP,Dec,EPS,CY2027,5.003,7.395,+47.8%,8.487,+14.8%,11.085,+30.6%,466.38,42.1,+121.6%,+117.8%,+133.8%,+303.1%
AMD,Extended,Technology,Information Technology,Semiconductors & Semiconductor,GAAP,Dec,EPS,CY2028,5.973,8.6,+44.0%,11.983,+39.3%,15.778,+31.7%,466.38,29.6,+164.2%,+117.8%,+133.8%,+303.1%
INTC,Extended,Technology,Information Technology,Semiconductors & Semiconductor,GAAP,Dec,EPS,CY2025,-0.596,-0.014,+97.7%,-0.037,-164.3%,-0.037,+0.0%,99.17,-2680.3,+93.8%,+168.8%,+115.8%,+396.1%
INTC,Extended,Technology,Information Technology,Semiconductors & Semiconductor,GAAP,Dec,EPS,CY2026,0.105,0.206,+96.2%,-0.23,-211.7%,-0.128,+44.3%,99.17,-774.8,-221.9%,+168.8%,+115.8%,+396.1%
INTC,Extended,Technology,Information Technology,Semiconductors & Semiconductor,GAAP,Dec,EPS,CY2027,0.894,0.598,-33.1%,0.322,-46.2%,1.01,+213.7%,99.17,98.2,+13.0%,+168.8%,+115.8%,+396.1%
INTC,Extended,Technology,Information Technology,Semiconductors & Semiconductor,GAAP,Dec,EPS,CY2028,,1.807,,0.759,-58.0%,1.655,+118.1%,99.17,59.9,,+168.8%,+115.8%,+396.1%
TXN,Extended,Technology,Information Technology,Semiconductors & Semiconductor,GAAP,Dec,EPS,CY2025,5.547,5.481,-1.2%,5.487,+0.1%,5.487,+0.0%,285.06,52.0,-1.1%,+64.3%,+44.0%,+49.6%
TXN,Extended,Technology,Information Technology,Semiconductors & Semiconductor,GAAP,Dec,EPS,CY2026,6.63,6.064,-8.5%,6.412,+5.7%,7.707,+20.2%,285.06,37.0,+16.2%,+64.3%,+44.0%,+49.6%
TXN,Extended,Technology,Information Technology,Semiconductors & Semiconductor,GAAP,Dec,EPS,CY2027,8.038,7.512,-6.5%,7.722,+2.8%,8.964,+16.1%,285.06,31.8,+11.5%,+64.3%,+44.0%,+49.6%
TXN,Extended,Technology,Information Technology,Semiconductors & Semiconductor,GAAP,Dec,EPS,CY2028,,9.922,,9.583,-3.4%,10.556,+10.2%,285.06,27.0,,+64.3%,+44.0%,+49.6%
ADI,Extended,Technology,Information Technology,Semiconductors & Semiconductor,Adj,Oct,EPS,CY2025,7.43,7.791,+4.9%,7.791,+0.0%,7.791,+0.0%,401.39,51.5,+4.9%,+48.0%,+21.7%,+84.1%
ADI,Extended,Technology,Information Technology,Semiconductors & Semiconductor,Adj,Oct,EPS,CY2026,8.827,9.891,+12.1%,11.473,+16.0%,12.397,+8.1%,401.39,32.4,+40.4%,+48.0%,+21.7%,+84.1%
ADI,Extended,Technology,Information Technology,Semiconductors & Semiconductor,Adj,Oct,EPS,CY2027,10.488,11.297,+7.7%,13.046,+15.5%,14.913,+14.3%,401.39,26.9,+42.2%,+48.0%,+21.7%,+84.1%
ADI,Extended,Technology,Information Technology,Semiconductors & Semiconductor,Adj,Oct,EPS,CY2028,12.603,13.133,+4.2%,14.84,+13.0%,16.984,+14.4%,401.39,23.6,+34.8%,+48.0%,+21.7%,+84.1%
005930,Extended,Technology,Information Technology,Technology Hardware & Equipmen,GAAP,Dec,EPS,CY2025,4882.99,5642.037,+15.5%,6342.644,+12.4%,6342.644,+0.0%,329000.0,51.9,+29.9%,+173.3%,+77.1%,+456.7%
005930,Extended,Technology,Information Technology,Technology Hardware & Equipmen,GAAP,Dec,EPS,CY2026,5968.023,10306.248,+72.7%,23502.386,+128.0%,43755.68,+86.2%,329000.0,7.5,+633.2%,+173.3%,+77.1%,+456.7%
005930,Extended,Technology,Information Technology,Technology Hardware & Equipmen,GAAP,Dec,EPS,CY2027,6601.742,11662.172,+76.7%,29368.99,+151.8%,59340.901,+102.1%,329000.0,5.5,+798.9%,+173.3%,+77.1%,+456.7%
005930,Extended,Technology,Information Technology,Technology Hardware & Equipmen,GAAP,Dec,EPS,CY2028,5709.38,14932.788,+161.5%,28794.929,+92.8%,61012.361,+111.9%,329000.0,5.4,+968.6%,+173.3%,+77.1%,+456.7%
000660,Extended,Technology,Information Technology,Semiconductors & Semiconductor,GAAP,Dec,EPS,CY2025,41248.655,53659.214,+30.1%,57400.366,+7.0%,57400.366,+0.0%,2072000.0,36.1,+39.2%,+217.8%,+126.7%,+822.9%
000660,Extended,Technology,Information Technology,Semiconductors & Semiconductor,GAAP,Dec,EPS,CY2026,45156.789,83203.585,+84.3%,166998.075,+100.7%,292445.472,+75.1%,2072000.0,7.1,+547.6%,+217.8%,+126.7%,+822.9%
000660,Extended,Technology,Information Technology,Semiconductors & Semiconductor,GAAP,Dec,EPS,CY2027,52468.593,94811.153,+80.7%,203796.146,+114.9%,411319.647,+101.8%,2072000.0,5.0,+683.9%,+217.8%,+126.7%,+822.9%
000660,Extended,Technology,Information Technology,Semiconductors & Semiconductor,GAAP,Dec,EPS,CY2028,129387.665,193005.345,+49.2%,215024.151,+11.4%,435957.603,+102.7%,2072000.0,4.8,+236.9%,+217.8%,+126.7%,+822.9%
WDC,Extended,Technology,Information Technology,Technology Hardware & Equipmen,Adj,Jun,EPS,CY2025,5.169,5.253,+1.6%,5.253,+0.0%,5.253,+0.0%,511.72,97.4,+1.6%,+197.0%,+97.6%,+829.6%
WDC,Extended,Technology,Information Technology,Technology Hardware & Equipmen,Adj,Jun,EPS,CY2026,5.46,7.705,+41.1%,8.894,+15.4%,9.92,+11.5%,511.72,51.6,+81.7%,+197.0%,+97.6%,+829.6%
WDC,Extended,Technology,Information Technology,Technology Hardware & Equipmen,Adj,Jun,EPS,CY2027,5.467,9.31,+70.3%,13.507,+45.1%,17.323,+28.3%,511.72,29.5,+216.9%,+197.0%,+97.6%,+829.6%
WDC,Extended,Technology,Information Technology,Technology Hardware & Equipmen,Adj,Jun,EPS,CY2028,5.78,10.739,+85.8%,16.907,+57.4%,26.338,+55.8%,511.72,19.4,+355.7%,+197.0%,+97.6%,+829.6%
SNDK,Extended,Technology,Information Technology,Technology Hardware & Equipmen,GAAP,Jun,EPS,CY2025,-11.513,-11.405,+0.9%,-11.405,+0.0%,-11.405,+0.0%,1559.32,-136.7,+0.9%,+556.9%,+175.7%,+3886.0%
SNDK,Extended,Technology,Information Technology,Technology Hardware & Equipmen,GAAP,Jun,EPS,CY2026,3.679,11.148,+203.0%,38.141,+242.1%,62.978,+65.1%,1559.32,24.8,+1611.8%,+556.9%,+175.7%,+3886.0%
SNDK,Extended,Technology,Information Technology,Technology Hardware & Equipmen,GAAP,Jun,EPS,CY2027,7.026,19.455,+176.9%,86.59,+345.1%,185.418,+114.1%,1559.32,8.4,+2539.0%,+556.9%,+175.7%,+3886.0%
SNDK,Extended,Technology,Information Technology,Technology Hardware & Equipmen,GAAP,Jun,EPS,CY2028,,16.696,,81.523,+388.3%,217.293,+166.5%,1559.32,7.2,,+556.9%,+175.7%,+3886.0%
CLS,Extended,Technology,Information Technology,Technology Hardware & Equipmen,Adj,Dec,EPS,CY2025,5.062,5.922,+17.0%,5.919,-0.1%,5.919,+0.0%,371.71,62.8,+16.9%,+25.7%,+39.8%,+211.5%
CLS,Extended,Technology,Information Technology,Technology Hardware & Equipmen,Adj,Dec,EPS,CY2026,6.123,8.385,+36.9%,8.922,+6.4%,10.255,+14.9%,371.71,36.2,+67.5%,+25.7%,+39.8%,+211.5%
CLS,Extended,Technology,Information Technology,Technology Hardware & Equipmen,Adj,Dec,EPS,CY2027,7.197,11.441,+59.0%,12.633,+10.4%,15.117,+19.7%,371.71,24.6,+110.0%,+25.7%,+39.8%,+211.5%
CLS,Extended,Technology,Information Technology,Technology Hardware & Equipmen,Adj,Dec,EPS,CY2028,,14.957,,16.33,+9.2%,18.649,+14.2%,371.71,19.9,,+25.7%,+39.8%,+211.5%
QRVO,Extended,Technology,Information Technology,Semiconductors & Semiconductor,Adj,Mar,EPS,CY2025,5.582,6.41,+14.8%,6.526,+1.8%,6.526,+0.0%,98.28,15.1,+16.9%,+16.3%,+23.8%,+25.8%
QRVO,Extended,Technology,Information Technology,Semiconductors & Semiconductor,Adj,Mar,EPS,CY2026,6.61,7.016,+6.1%,6.756,-3.7%,6.911,+2.3%,98.28,14.2,+4.6%,+16.3%,+23.8%,+25.8%
QRVO,Extended,Technology,Information Technology,Semiconductors & Semiconductor,Adj,Mar,EPS,CY2027,,8.033,,8.014,-0.2%,7.81,-2.5%,98.28,12.6,,+16.3%,+23.8%,+25.8%
QRVO,Extended,Technology,Information Technology,Semiconductors & Semiconductor,Adj,Mar,EPS,CY2028,,8.02,,8.323,+3.8%,8.228,-1.1%,98.28,11.9,,+16.3%,+23.8%,+25.8%
SWKS,Extended,Technology,Information Technology,Semiconductors & Semiconductor,Adj,Sep,EPS,CY2025,5.062,5.598,+10.6%,5.598,+0.0%,5.598,+0.0%,73.57,13.1,+10.6%,+16.0%,+30.3%,+3.9%
SWKS,Extended,Technology,Information Technology,Semiconductors & Semiconductor,Adj,Sep,EPS,CY2026,4.227,4.426,+4.7%,4.662,+5.3%,4.957,+6.3%,73.57,14.8,+17.3%,+16.0%,+30.3%,+3.9%
SWKS,Extended,Technology,Information Technology,Semiconductors & Semiconductor,Adj,Sep,EPS,CY2027,5.309,5.065,-4.6%,5.076,+0.2%,5.152,+1.5%,73.57,14.3,-3.0%,+16.0%,+30.3%,+3.9%
SWKS,Extended,Technology,Information Technology,Semiconductors & Semiconductor,Adj,Sep,EPS,CY2028,6.96,6.31,-9.3%,6.176,-2.1%,6.384,+3.4%,73.57,11.5,-8.3%,+16.0%,+30.3%,+3.9%
DELL,Extended,Technology,Information Technology,Technology Hardware & Equipmen,GAAP,Jan,EPS,CY2025,7.748,8.572,+10.6%,8.72,+1.7%,8.72,+0.0%,394.39,45.2,+12.5%,+213.3%,+169.2%,+252.7%
DELL,Extended,Technology,Information Technology,Technology Hardware & Equipmen,GAAP,Jan,EPS,CY2026,9.531,10.625,+11.5%,11.241,+5.8%,16.32,+45.2%,394.39,24.2,+71.2%,+213.3%,+169.2%,+252.7%
DELL,Extended,Technology,Information Technology,Technology Hardware & Equipmen,GAAP,Jan,EPS,CY2027,10.015,10.798,+7.8%,13.128,+21.6%,19.186,+46.1%,394.39,20.6,+91.6%,+213.3%,+169.2%,+252.7%
DELL,Extended,Technology,Information Technology,Technology Hardware & Equipmen,GAAP,Jan,EPS,CY2028,11.3,12.42,+9.9%,14.83,+19.4%,24.233,+63.4%,394.39,16.3,+114.5%,+213.3%,+169.2%,+252.7%
SMCI,Extended,Technology,Information Technology,Technology Hardware & Equipmen,Adj,Jun,EPS,CY2025,2.092,2.09,-0.1%,2.09,+0.0%,2.09,+0.0%,41.64,19.9,-0.1%,+42.3%,+29.2%,+2.1%
SMCI,Extended,Technology,Information Technology,Technology Hardware & Equipmen,Adj,Jun,EPS,CY2026,2.891,2.059,-28.8%,2.259,+9.7%,2.602,+15.2%,41.64,16.0,-10.0%,+42.3%,+29.2%,+2.1%
SMCI,Extended,Technology,Information Technology,Technology Hardware & Equipmen,Adj,Jun,EPS,CY2027,4.017,3.027,-24.6%,2.976,-1.7%,3.27,+9.9%,41.64,12.7,-18.6%,+42.3%,+29.2%,+2.1%
SMCI,Extended,Technology,Information Technology,Technology Hardware & Equipmen,Adj,Jun,EPS,CY2028,2.63,3.633,+38.1%,3.578,-1.5%,3.871,+8.2%,41.64,10.8,+47.2%,+42.3%,+29.2%,+2.1%
IBM,Extended,Technology,Information Technology,Software & Services,GAAP,Dec,EPS,CY2025,8.827,9.068,+2.7%,9.025,-0.5%,9.025,+0.0%,284.84,31.6,+2.2%,-3.8%,+11.0%,+6.7%
IBM,Extended,Technology,Information Technology,Software & Services,GAAP,Dec,EPS,CY2026,9.586,10.363,+8.1%,10.159,-2.0%,10.342,+1.8%,284.84,27.5,+7.9%,-3.8%,+11.0%,+6.7%
IBM,Extended,Technology,Information Technology,Software & Services,GAAP,Dec,EPS,CY2027,9.783,10.817,+10.6%,11.261,+4.1%,11.482,+2.0%,284.84,24.8,+17.4%,-3.8%,+11.0%,+6.7%
IBM,Extended,Technology,Information Technology,Software & Services,GAAP,Dec,EPS,CY2028,10.11,10.98,+8.6%,12.48,+13.7%,12.586,+0.8%,284.84,22.6,+24.5%,-3.8%,+11.0%,+6.7%
XRX,Extended,Technology,Information Technology,Technology Hardware & Equipmen,Adj,Dec,EPS,CY2025,0.74,-0.36,-148.6%,-0.39,-8.3%,-0.39,+0.0%,3.32,-8.5,-152.7%,+40.1%,+76.6%,-33.5%
XRX,Extended,Technology,Information Technology,Technology Hardware & Equipmen,Adj,Dec,EPS,CY2026,1.6,1.067,-33.3%,0.46,-56.9%,-0.237,-151.5%,3.32,-14.0,-114.8%,+40.1%,+76.6%,-33.5%
XRX,Extended,Technology,Information Technology,Technology Hardware & Equipmen,Adj,Dec,EPS,CY2027,1.11,1.345,+21.2%,1.155,-14.1%,0.865,-25.1%,3.32,3.8,-22.1%,+40.1%,+76.6%,-33.5%
XRX,Extended,Technology,Information Technology,Technology Hardware & Equipmen,Adj,Dec,EPS,CY2028,,,,1.05,,0.97,-7.6%,3.32,3.4,,+40.1%,+76.6%,-33.5%
HPE,Extended,Technology,Information Technology,Technology Hardware & Equipmen,Adj,Oct,EPS,CY2025,1.849,1.895,+2.5%,1.895,+0.0%,1.895,+0.0%,49.2,26.0,+2.5%,+104.8%,+129.2%,+177.0%
HPE,Extended,Technology,Information Technology,Technology Hardware & Equipmen,Adj,Oct,EPS,CY2026,2.107,2.376,+12.8%,2.346,-1.3%,3.42,+45.8%,49.2,14.4,+62.3%,+104.8%,+129.2%,+177.0%
HPE,Extended,Technology,Information Technology,Technology Hardware & Equipmen,Adj,Oct,EPS,CY2027,2.313,2.739,+18.4%,2.721,-0.7%,4.051,+48.9%,49.2,12.1,+75.1%,+104.8%,+129.2%,+177.0%
HPE,Extended,Technology,Information Technology,Technology Hardware & Equipmen,Adj,Oct,EPS,CY2028,2.44,3.106,+27.3%,3.085,-0.7%,4.46,+44.6%,49.2,11.0,+82.8%,+104.8%,+129.2%,+177.0%
HPQ,Extended,Technology,Information Technology,Technology Hardware & Equipmen,Adj,Oct,EPS,CY2025,3.115,3.115,+0.0%,3.115,+0.0%,3.115,+0.0%,25.58,8.2,+0.0%,+14.8%,+32.3%,+3.6%
HPQ,Extended,Technology,Information Technology,Technology Hardware & Equipmen,Adj,Oct,EPS,CY2026,3.367,3.088,-8.3%,2.876,-6.9%,3.015,+4.8%,25.58,8.5,-10.5%,+14.8%,+32.3%,+3.6%
HPQ,Extended,Technology,Information Technology,Technology Hardware & Equipmen,Adj,Oct,EPS,CY2027,3.574,3.219,-9.9%,2.81,-12.7%,3.001,+6.8%,25.58,8.5,-16.0%,+14.8%,+32.3%,+3.6%
HPQ,Extended,Technology,Information Technology,Technology Hardware & Equipmen,Adj,Oct,EPS,CY2028,3.65,3.489,-4.4%,3.322,-4.8%,3.269,-1.6%,25.58,7.8,-10.4%,+14.8%,+32.3%,+3.6%
FLEX,Extended,Technology,Information Technology,Technology Hardware & Equipmen,Adj,Mar,EPS,CY2025,2.935,3.15,+7.3%,3.24,+2.9%,3.241,+0.0%,151.92,46.9,+10.4%,+151.4%,+139.2%,+257.0%
FLEX,Extended,Technology,Information Technology,Technology Hardware & Equipmen,Adj,Mar,EPS,CY2026,3.276,3.557,+8.6%,3.588,+0.9%,4.441,+23.8%,151.92,34.2,+35.6%,+151.4%,+139.2%,+257.0%
FLEX,Extended,Technology,Information Technology,Technology Hardware & Equipmen,Adj,Mar,EPS,CY2027,3.4,3.975,+16.9%,4.018,+1.1%,6.885,+71.4%,151.92,22.1,+102.5%,+151.4%,+139.2%,+257.0%
FLEX,Extended,Technology,Information Technology,Technology Hardware & Equipmen,Adj,Mar,EPS,CY2028,,,,,,9.68,,151.92,15.7,,+151.4%,+139.2%,+257.0%
CDW,Extended,Technology,Information Technology,Technology Hardware & Equipmen,Adj,Dec,EPS,CY2025,9.746,9.896,+1.5%,9.897,+0.0%,9.897,+0.0%,133.04,13.4,+1.5%,-2.3%,+7.0%,-24.3%
CDW,Extended,Technology,Information Technology,Technology Hardware & Equipmen,Adj,Dec,EPS,CY2026,10.302,10.623,+3.1%,10.555,-0.6%,10.681,+1.2%,133.04,12.5,+3.7%,-2.3%,+7.0%,-24.3%
CDW,Extended,Technology,Information Technology,Technology Hardware & Equipmen,Adj,Dec,EPS,CY2027,11.57,11.448,-1.1%,11.403,-0.4%,11.687,+2.5%,133.04,11.4,+1.0%,-2.3%,+7.0%,-24.3%
CDW,Extended,Technology,Information Technology,Technology Hardware & Equipmen,Adj,Dec,EPS,CY2028,11.4,12.82,+12.5%,12.665,-1.2%,12.685,+0.2%,133.04,10.5,+11.3%,-2.3%,+7.0%,-24.3%
SNX,Extended,Technology,Information Technology,Technology Hardware & Equipmen,Adj,Nov,EPS,CY2025,11.799,13.127,+11.3%,13.094,-0.3%,13.094,+0.0%,268.8,20.5,+11.0%,+78.9%,+70.1%,+121.5%
SNX,Extended,Technology,Information Technology,Technology Hardware & Equipmen,Adj,Nov,EPS,CY2026,13.347,14.609,+9.5%,14.783,+1.2%,16.904,+14.3%,268.8,15.9,+26.7%,+78.9%,+70.1%,+121.5%
SNX,Extended,Technology,Information Technology,Technology Hardware & Equipmen,Adj,Nov,EPS,CY2027,15.162,16.069,+6.0%,16.089,+0.1%,18.625,+15.8%,268.8,14.4,+22.8%,+78.9%,+70.1%,+121.5%
SNX,Extended,Technology,Information Technology,Technology Hardware & Equipmen,Adj,Nov,EPS,CY2028,,17.4,,17.798,+2.3%,20.522,+15.3%,268.8,13.1,,+78.9%,+70.1%,+121.5%
AVT,Extended,Technology,Information Technology,Technology Hardware & Equipmen,Adj,Jun,EPS,CY2025,3.342,3.367,+0.7%,3.367,+0.0%,3.367,+0.0%,86.81,25.8,+0.7%,+80.6%,+39.1%,+71.8%
AVT,Extended,Technology,Information Technology,Technology Hardware & Equipmen,Adj,Jun,EPS,CY2026,5.073,4.39,-13.5%,4.543,+3.5%,5.12,+12.7%,86.81,17.0,+0.9%,+80.6%,+39.1%,+71.8%
AVT,Extended,Technology,Information Technology,Technology Hardware & Equipmen,Adj,Jun,EPS,CY2027,6.585,6.168,-6.3%,6.39,+3.6%,7.727,+20.9%,86.81,11.2,+17.3%,+80.6%,+39.1%,+71.8%
AVT,Extended,Technology,Information Technology,Technology Hardware & Equipmen,Adj,Jun,EPS,CY2028,,7.3,,7.27,-0.4%,8.035,+10.5%,86.81,10.8,,+80.6%,+39.1%,+71.8%
ARW,Extended,Technology,Information Technology,Technology Hardware & Equipmen,Adj,Dec,EPS,CY2025,10.325,10.202,-1.2%,10.258,+0.5%,10.258,+0.0%,219.09,21.4,-0.6%,+98.8%,+53.1%,+81.4%
ARW,Extended,Technology,Information Technology,Technology Hardware & Equipmen,Adj,Dec,EPS,CY2026,15.048,11.846,-21.3%,13.486,+13.8%,19.972,+48.1%,219.09,11.0,+32.7%,+98.8%,+53.1%,+81.4%
ARW,Extended,Technology,Information Technology,Technology Hardware & Equipmen,Adj,Dec,EPS,CY2027,16.105,14.3,-11.2%,15.718,+9.9%,21.602,+37.4%,219.09,10.1,+34.1%,+98.8%,+53.1%,+81.4%
ARW,Extended,Technology,Information Technology,Technology Hardware & Equipmen,Adj,Dec,EPS,CY2028,,15.41,,17.27,+12.1%,24.44,+41.5%,219.09,9.0,,+98.8%,+53.1%,+81.4%
BA,Extended,Aerospace / defense,Industrials,Capital Goods,Adj,Dec,EPS,CY2025,-1.521,-9.48,-523.3%,-9.499,-0.2%,-9.499,+0.0%,215.45,-22.7,-524.5%,-0.8%,-3.0%,+3.1%
BA,Extended,Aerospace / defense,Industrials,Capital Goods,Adj,Dec,EPS,CY2026,3.509,1.985,-43.4%,0.148,-92.5%,-0.351,-337.2%,215.45,-613.8,-110.0%,-0.8%,-3.0%,+3.1%
BA,Extended,Aerospace / defense,Industrials,Capital Goods,Adj,Dec,EPS,CY2027,6.298,5.865,-6.9%,4.694,-20.0%,4.28,-8.8%,215.45,50.3,-32.0%,-0.8%,-3.0%,+3.1%
BA,Extended,Aerospace / defense,Industrials,Capital Goods,Adj,Dec,EPS,CY2028,8.339,8.253,-1.0%,8.112,-1.7%,8.346,+2.9%,215.45,25.8,+0.1%,-0.8%,-3.0%,+3.1%
AIR,Extended,Aerospace / defense,Industrials,Capital Goods,Adj,Dec,EPS,CY2025,6.459,6.459,+0.0%,6.357,-1.6%,6.357,+0.0%,178.96,28.2,-1.6%,-9.8%,+1.8%,+8.1%
AIR,Extended,Aerospace / defense,Industrials,Capital Goods,Adj,Dec,EPS,CY2026,7.842,7.914,+0.9%,7.229,-8.7%,7.288,+0.8%,178.96,24.6,-7.1%,-9.8%,+1.8%,+8.1%
AIR,Extended,Aerospace / defense,Industrials,Capital Goods,Adj,Dec,EPS,CY2027,9.241,9.505,+2.9%,8.524,-10.3%,8.602,+0.9%,178.96,20.8,-6.9%,-9.8%,+1.8%,+8.1%
AIR,Extended,Aerospace / defense,Industrials,Capital Goods,Adj,Dec,EPS,CY2028,11.373,11.443,+0.6%,10.466,-8.5%,10.786,+3.1%,178.96,16.6,-5.2%,-9.8%,+1.8%,+8.1%
SAF,Extended,Aerospace / defense,Industrials,Capital Goods,Adj,Dec,EPS,CY2025,7.954,8.259,+3.8%,8.421,+2.0%,8.421,+0.0%,298.5,35.4,+5.9%,+0.4%,-5.6%,+12.9%
SAF,Extended,Aerospace / defense,Industrials,Capital Goods,Adj,Dec,EPS,CY2026,10.016,10.551,+5.3%,10.216,-3.2%,10.062,-1.5%,298.5,29.7,+0.5%,+0.4%,-5.6%,+12.9%
SAF,Extended,Aerospace / defense,Industrials,Capital Goods,Adj,Dec,EPS,CY2027,11.354,12.087,+6.5%,12.268,+1.5%,12.259,-0.1%,298.5,24.3,+8.0%,+0.4%,-5.6%,+12.9%
SAF,Extended,Aerospace / defense,Industrials,Capital Goods,Adj,Dec,EPS,CY2028,12.756,13.515,+6.0%,13.637,+0.9%,13.788,+1.1%,298.5,21.6,+8.1%,+0.4%,-5.6%,+12.9%
RTX,Extended,Aerospace / defense,Industrials,Capital Goods,GAAP,Dec,EPS,CY2025,4.978,4.942,-0.7%,4.874,-1.4%,4.874,+0.0%,180.99,37.1,-2.1%,-1.3%,-11.2%,+30.1%
RTX,Extended,Aerospace / defense,Industrials,Capital Goods,GAAP,Dec,EPS,CY2026,5.729,5.64,-1.6%,5.647,+0.1%,5.833,+3.3%,180.99,31.0,+1.8%,-1.3%,-11.2%,+30.1%
RTX,Extended,Aerospace / defense,Industrials,Capital Goods,GAAP,Dec,EPS,CY2027,6.389,6.551,+2.5%,6.478,-1.1%,6.559,+1.3%,180.99,27.6,+2.7%,-1.3%,-11.2%,+30.1%
RTX,Extended,Aerospace / defense,Industrials,Capital Goods,GAAP,Dec,EPS,CY2028,6.964,7.095,+1.9%,7.17,+1.1%,7.272,+1.4%,180.99,24.9,+4.4%,-1.3%,-11.2%,+30.1%
LMT,Extended,Aerospace / defense,Industrials,Capital Goods,Adj,Dec,EPS,CY2025,27.439,22.295,-18.7%,21.683,-2.7%,21.683,+0.0%,523.76,24.2,-21.0%,+8.3%,-20.0%,+9.6%
LMT,Extended,Aerospace / defense,Industrials,Capital Goods,Adj,Dec,EPS,CY2026,29.852,29.319,-1.8%,29.895,+2.0%,29.892,-0.0%,523.76,17.5,+0.1%,+8.3%,-20.0%,+9.6%
LMT,Extended,Aerospace / defense,Industrials,Capital Goods,Adj,Dec,EPS,CY2027,32.022,31.251,-2.4%,31.942,+2.2%,32.085,+0.4%,523.76,16.3,+0.2%,+8.3%,-20.0%,+9.6%
LMT,Extended,Aerospace / defense,Industrials,Capital Goods,Adj,Dec,EPS,CY2028,33.057,32.651,-1.2%,33.891,+3.8%,34.299,+1.2%,523.76,15.3,+3.8%,+8.3%,-20.0%,+9.6%
GD,Extended,Aerospace / defense,Industrials,Capital Goods,Adj,Dec,EPS,CY2025,14.943,15.38,+2.9%,15.386,+0.0%,15.386,+0.0%,346.44,22.5,+3.0%,+2.9%,-4.0%,+26.2%
GD,Extended,Aerospace / defense,Industrials,Capital Goods,Adj,Dec,EPS,CY2026,16.691,17.261,+3.4%,16.281,-5.7%,16.64,+2.2%,346.44,20.8,-0.3%,+2.9%,-4.0%,+26.2%
GD,Extended,Aerospace / defense,Industrials,Capital Goods,Adj,Dec,EPS,CY2027,18.117,18.917,+4.4%,17.943,-5.1%,18.191,+1.4%,346.44,19.0,+0.4%,+2.9%,-4.0%,+26.2%
GD,Extended,Aerospace / defense,Industrials,Capital Goods,Adj,Dec,EPS,CY2028,19.781,20.631,+4.3%,19.554,-5.2%,19.648,+0.5%,346.44,17.6,-0.7%,+2.9%,-4.0%,+26.2%
NOC,Extended,Aerospace / defense,Industrials,Capital Goods,Adj,Dec,EPS,CY2025,25.339,26.031,+2.7%,26.05,+0.1%,26.05,+0.0%,544.4,20.9,+2.8%,-4.5%,-26.4%,+11.5%
NOC,Extended,Aerospace / defense,Industrials,Capital Goods,Adj,Dec,EPS,CY2026,28.778,28.919,+0.5%,28.022,-3.1%,27.977,-0.2%,544.4,19.5,-2.8%,-4.5%,-26.4%,+11.5%
NOC,Extended,Aerospace / defense,Industrials,Capital Goods,Adj,Dec,EPS,CY2027,30.894,31.191,+1.0%,30.021,-3.8%,30.129,+0.4%,544.4,18.1,-2.5%,-4.5%,-26.4%,+11.5%
NOC,Extended,Aerospace / defense,Industrials,Capital Goods,Adj,Dec,EPS,CY2028,,33.094,,32.358,-2.2%,32.717,+1.1%,544.4,16.6,,-4.5%,-26.4%,+11.5%
MOG/A,Extended,Aerospace / defense,Industrials,Capital Goods,Adj,Sep,EPS,CY2025,8.183,8.243,+0.7%,8.243,+0.0%,8.243,+0.0%,368.25,44.7,+0.7%,+51.2%,+15.2%,+98.9%
MOG/A,Extended,Aerospace / defense,Industrials,Capital Goods,Adj,Sep,EPS,CY2026,9.5,9.895,+4.2%,10.033,+1.4%,10.607,+5.7%,368.25,34.7,+11.7%,+51.2%,+15.2%,+98.9%
MOG/A,Extended,Aerospace / defense,Industrials,Capital Goods,Adj,Sep,EPS,CY2027,10.883,11.3,+3.8%,11.3,+0.0%,11.59,+2.6%,368.25,31.8,+6.5%,+51.2%,+15.2%,+98.9%
MOG/A,Extended,Aerospace / defense,Industrials,Capital Goods,Adj,Sep,EPS,CY2028,,,,12.35,,12.35,+0.0%,368.25,29.8,,+51.2%,+15.2%,+98.9%
HEI,Extended,Aerospace / defense,Industrials,Capital Goods,Adj,Oct,EPS,CY2025,4.564,4.774,+4.6%,4.782,+0.2%,4.782,+0.0%,331.43,69.3,+4.8%,+2.4%,+7.8%,+10.1%
HEI,Extended,Aerospace / defense,Industrials,Capital Goods,Adj,Oct,EPS,CY2026,5.136,5.374,+4.6%,5.625,+4.7%,5.98,+6.3%,331.43,55.4,+16.4%,+2.4%,+7.8%,+10.1%
HEI,Extended,Aerospace / defense,Industrials,Capital Goods,Adj,Oct,EPS,CY2027,5.799,6.015,+3.7%,6.316,+5.0%,6.759,+7.0%,331.43,49.0,+16.6%,+2.4%,+7.8%,+10.1%
HEI,Extended,Aerospace / defense,Industrials,Capital Goods,Adj,Oct,EPS,CY2028,6.598,6.686,+1.3%,7.096,+6.1%,7.713,+8.7%,331.43,43.0,+16.9%,+2.4%,+7.8%,+10.1%
RR/,Extended,Aerospace / defense,Industrials,Capital Goods,Adj,Dec,EPS,CY2025,0.239,0.282,+18.0%,0.295,+4.6%,0.295,+0.0%,1260.0,42.7,+23.4%,+9.6%,-2.3%,+43.8%
RR/,Extended,Aerospace / defense,Industrials,Capital Goods,Adj,Dec,EPS,CY2026,0.283,0.322,+13.8%,0.346,+7.5%,0.37,+6.9%,1260.0,34.1,+30.7%,+9.6%,-2.3%,+43.8%
RR/,Extended,Aerospace / defense,Industrials,Capital Goods,Adj,Dec,EPS,CY2027,0.326,0.366,+12.3%,0.391,+6.8%,0.441,+12.8%,1260.0,28.6,+35.3%,+9.6%,-2.3%,+43.8%
RR/,Extended,Aerospace / defense,Industrials,Capital Goods,Adj,Dec,EPS,CY2028,0.368,0.403,+9.5%,0.454,+12.7%,0.516,+13.7%,1260.0,24.4,+40.2%,+9.6%,-2.3%,+43.8%
CRS,Extended,Aerospace / defense,Industrials,Capital Goods,Adj,Jun,EPS,CY2025,7.317,7.263,-0.7%,7.263,+0.0%,7.263,+0.0%,483.6,66.6,-0.7%,+53.6%,+22.4%,+95.7%
CRS,Extended,Aerospace / defense,Industrials,Capital Goods,Adj,Jun,EPS,CY2026,9.172,9.935,+8.3%,10.219,+2.9%,10.584,+3.6%,483.6,45.7,+15.4%,+53.6%,+22.4%,+95.7%
CRS,Extended,Aerospace / defense,Industrials,Capital Goods,Adj,Jun,EPS,CY2027,11.59,11.299,-2.5%,12.096,+7.1%,12.571,+3.9%,483.6,38.5,+8.5%,+53.6%,+22.4%,+95.7%
CRS,Extended,Aerospace / defense,Industrials,Capital Goods,Adj,Jun,EPS,CY2028,9.58,12.31,+28.5%,14.113,+14.6%,14.868,+5.3%,483.6,32.5,+55.2%,+53.6%,+22.4%,+95.7%
HWM,Extended,Aerospace / defense,Industrials,Capital Goods,Adj,Dec,EPS,CY2025,3.495,3.693,+5.7%,3.697,+0.1%,3.697,+0.0%,251.9,68.1,+5.8%,+22.9%,-0.2%,+43.9%
HWM,Extended,Aerospace / defense,Industrials,Capital Goods,Adj,Dec,EPS,CY2026,4.114,4.447,+8.1%,4.583,+3.1%,5.043,+10.0%,251.9,50.0,+22.6%,+22.9%,-0.2%,+43.9%
HWM,Extended,Aerospace / defense,Industrials,Capital Goods,Adj,Dec,EPS,CY2027,4.814,5.232,+8.7%,5.423,+3.7%,6.016,+10.9%,251.9,41.9,+25.0%,+22.9%,-0.2%,+43.9%
HWM,Extended,Aerospace / defense,Industrials,Capital Goods,Adj,Dec,EPS,CY2028,5.437,5.941,+9.3%,6.283,+5.8%,7.084,+12.7%,251.9,35.6,+30.3%,+22.9%,-0.2%,+43.9%
WWD,Extended,Aerospace / defense,Industrials,Capital Goods,Adj,Sep,EPS,CY2025,6.335,6.685,+5.5%,6.685,+0.0%,6.685,+0.0%,357.74,53.5,+5.5%,+18.3%,-7.5%,+53.3%
WWD,Extended,Aerospace / defense,Industrials,Capital Goods,Adj,Sep,EPS,CY2026,7.449,8.017,+7.6%,8.726,+8.8%,9.333,+7.0%,357.74,38.3,+25.3%,+18.3%,-7.5%,+53.3%
WWD,Extended,Aerospace / defense,Industrials,Capital Goods,Adj,Sep,EPS,CY2027,8.663,9.381,+8.3%,10.121,+7.9%,10.557,+4.3%,357.74,33.9,+21.9%,+18.3%,-7.5%,+53.3%
WWD,Extended,Aerospace / defense,Industrials,Capital Goods,Adj,Sep,EPS,CY2028,8.6,10.687,+24.3%,11.837,+10.8%,12.54,+5.9%,357.74,28.5,+45.8%,+18.3%,-7.5%,+53.3%
HXL,Extended,Aerospace / defense,Industrials,Capital Goods,Adj,Dec,EPS,CY2025,1.879,1.706,-9.2%,1.696,-0.6%,1.696,+0.0%,89.16,52.6,-9.7%,+20.6%,-0.1%,+59.6%
HXL,Extended,Aerospace / defense,Industrials,Capital Goods,Adj,Dec,EPS,CY2026,2.565,2.349,-8.4%,2.228,-5.2%,2.289,+2.7%,89.16,39.0,-10.8%,+20.6%,-0.1%,+59.6%
HXL,Extended,Aerospace / defense,Industrials,Capital Goods,Adj,Dec,EPS,CY2027,3.175,3.402,+7.1%,3.216,-5.5%,3.184,-1.0%,89.16,28.0,+0.3%,+20.6%,-0.1%,+59.6%
HXL,Extended,Aerospace / defense,Industrials,Capital Goods,Adj,Dec,EPS,CY2028,3.928,4.168,+6.1%,3.868,-7.2%,3.796,-1.9%,89.16,23.5,-3.4%,+20.6%,-0.1%,+59.6%
AL,Extended,Aerospace / defense,Industrials,Capital Goods,Adj,Dec,EPS,CY2025,7.25,5.815,-19.8%,8.91,+53.2%,8.91,+0.0%,,,+22.9%,,,
AL,Extended,Aerospace / defense,Industrials,Capital Goods,Adj,Dec,EPS,CY2026,6.795,7.1,+4.5%,7.21,+1.5%,7.2,-0.1%,,,+6.0%,,,
AL,Extended,Aerospace / defense,Industrials,Capital Goods,Adj,Dec,EPS,CY2027,8.3,8.43,+1.6%,7.84,-7.0%,8.04,+2.6%,,,-3.1%,,,
AL,Extended,Aerospace / defense,Industrials,Capital Goods,Adj,Dec,EPS,CY2028,,,,8.55,,8.55,+0.0%,,,,,,
2588,Extended,Aerospace / defense,Industrials,Capital Goods,Adj,Dec,EPS,CY2025,1.014,1.027,+1.3%,1.045,+1.8%,1.045,+0.0%,72.9,69.8,+3.1%,+0.1%,-11.0%,+13.5%
2588,Extended,Aerospace / defense,Industrials,Capital Goods,Adj,Dec,EPS,CY2026,1.128,1.159,+2.7%,1.17,+0.9%,1.195,+2.1%,72.9,61.0,+5.9%,+0.1%,-11.0%,+13.5%
2588,Extended,Aerospace / defense,Industrials,Capital Goods,Adj,Dec,EPS,CY2027,1.203,1.267,+5.3%,1.288,+1.7%,1.361,+5.7%,72.9,53.6,+13.1%,+0.1%,-11.0%,+13.5%
2588,Extended,Aerospace / defense,Industrials,Capital Goods,Adj,Dec,EPS,CY2028,,,,,,1.495,,72.9,48.8,,+0.1%,-11.0%,+13.5%
FDS,Extended,Data / Information Svc,Financials,Financial Services,Adj,Aug,EPS,CY2025,17.087,17.095,+0.0%,17.095,+0.0%,17.095,+0.0%,255.62,15.0,+0.0%,-11.9%,+13.6%,-40.8%
FDS,Extended,Data / Information Svc,Financials,Financial Services,Adj,Aug,EPS,CY2026,18.345,17.331,-5.5%,17.502,+1.0%,17.711,+1.2%,255.62,14.4,-3.5%,-11.9%,+13.6%,-40.8%
FDS,Extended,Data / Information Svc,Financials,Financial Services,Adj,Aug,EPS,CY2027,19.941,18.809,-5.7%,18.968,+0.8%,19.445,+2.5%,255.62,13.1,-2.5%,-11.9%,+13.6%,-40.8%
FDS,Extended,Data / Information Svc,Financials,Financial Services,Adj,Aug,EPS,CY2028,21.925,20.32,-7.3%,20.804,+2.4%,21.369,+2.7%,255.62,12.0,-2.5%,-11.9%,+13.6%,-40.8%
EXPN,Extended,Data / Information Svc,Industrials,Commercial & Professional Serv,Adj,Mar,EPS,CY2025,1.741,1.771,+1.7%,1.781,+0.6%,1.797,+0.9%,2620.0,14.6,+3.2%,-22.1%,-4.9%,-31.2%
EXPN,Extended,Data / Information Svc,Industrials,Commercial & Professional Serv,Adj,Mar,EPS,CY2026,1.963,2.003,+2.0%,2.018,+0.7%,2.018,+0.0%,2620.0,13.0,+2.8%,-22.1%,-4.9%,-31.2%
EXPN,Extended,Data / Information Svc,Industrials,Commercial & Professional Serv,Adj,Mar,EPS,CY2027,2.199,2.263,+2.9%,2.296,+1.5%,2.315,+0.8%,2620.0,11.3,+5.3%,-22.1%,-4.9%,-31.2%
EXPN,Extended,Data / Information Svc,Industrials,Commercial & Professional Serv,Adj,Mar,EPS,CY2028,2.548,2.514,-1.3%,2.568,+2.1%,2.554,-0.5%,2620.0,10.3,+0.2%,-22.1%,-4.9%,-31.2%
EFX,Extended,Data / Information Svc,Industrials,Commercial & Professional Serv,Adj,Dec,EPS,CY2025,7.599,7.605,+0.1%,7.618,+0.2%,7.618,+0.0%,172.13,22.6,+0.3%,-20.7%,-16.8%,-35.3%
EFX,Extended,Data / Information Svc,Industrials,Commercial & Professional Serv,Adj,Dec,EPS,CY2026,9.325,8.82,-5.4%,8.549,-3.1%,8.588,+0.5%,172.13,20.0,-7.9%,-20.7%,-16.8%,-35.3%
EFX,Extended,Data / Information Svc,Industrials,Commercial & Professional Serv,Adj,Dec,EPS,CY2027,11.851,10.637,-10.2%,10.343,-2.8%,10.255,-0.9%,172.13,16.8,-13.5%,-20.7%,-16.8%,-35.3%
EFX,Extended,Data / Information Svc,Industrials,Commercial & Professional Serv,Adj,Dec,EPS,CY2028,13.875,12.493,-10.0%,12.436,-0.5%,12.413,-0.2%,172.13,13.9,-10.5%,-20.7%,-16.8%,-35.3%
TRU,Extended,Data / Information Svc,Industrials,Commercial & Professional Serv,Adj,Dec,EPS,CY2025,4.107,4.217,+2.7%,4.24,+0.5%,4.24,+0.0%,70.66,16.7,+3.2%,-17.6%,-9.9%,-17.9%
TRU,Extended,Data / Information Svc,Industrials,Commercial & Professional Serv,Adj,Dec,EPS,CY2026,4.798,4.824,+0.5%,4.794,-0.6%,4.73,-1.3%,70.66,14.9,-1.4%,-17.6%,-9.9%,-17.9%
TRU,Extended,Data / Information Svc,Industrials,Commercial & Professional Serv,Adj,Dec,EPS,CY2027,5.672,5.576,-1.7%,5.511,-1.2%,5.49,-0.4%,70.66,12.9,-3.2%,-17.6%,-9.9%,-17.9%
TRU,Extended,Data / Information Svc,Industrials,Commercial & Professional Serv,Adj,Dec,EPS,CY2028,6.448,6.329,-1.8%,6.413,+1.3%,6.571,+2.5%,70.66,10.8,+1.9%,-17.6%,-9.9%,-17.9%
ADP,Extended,Data / Information Svc,Industrials,Commercial & Professional Serv,Adj,Jun,EPS,CY2025,9.989,9.975,-0.1%,9.975,+0.0%,9.975,+0.0%,231.95,23.3,-0.1%,-9.8%,+4.2%,-28.9%
ADP,Extended,Data / Information Svc,Industrials,Commercial & Professional Serv,Adj,Jun,EPS,CY2026,10.875,10.913,+0.3%,10.963,+0.5%,11.07,+1.0%,231.95,21.0,+1.8%,-9.8%,+4.2%,-28.9%
ADP,Extended,Data / Information Svc,Industrials,Commercial & Professional Serv,Adj,Jun,EPS,CY2027,11.813,11.944,+1.1%,11.958,+0.1%,12.191,+1.9%,231.95,19.0,+3.2%,-9.8%,+4.2%,-28.9%
ADP,Extended,Data / Information Svc,Industrials,Commercial & Professional Serv,Adj,Jun,EPS,CY2028,12.833,13.033,+1.6%,12.939,-0.7%,13.32,+2.9%,231.95,17.4,+3.8%,-9.8%,+4.2%,-28.9%
PAYX,Extended,Data / Information Svc,Industrials,Commercial & Professional Serv,Adj,May,EPS,CY2025,4.995,4.996,+0.0%,4.996,+0.0%,4.996,+0.0%,100.53,20.1,+0.0%,-10.4%,+2.2%,-36.9%
PAYX,Extended,Data / Information Svc,Industrials,Commercial & Professional Serv,Adj,May,EPS,CY2026,5.32,5.435,+2.2%,5.502,+1.2%,5.501,-0.0%,100.53,18.3,+3.4%,-10.4%,+2.2%,-36.9%
PAYX,Extended,Data / Information Svc,Industrials,Commercial & Professional Serv,Adj,May,EPS,CY2027,5.74,5.864,+2.2%,5.932,+1.2%,5.903,-0.5%,100.53,17.0,+2.8%,-10.4%,+2.2%,-36.9%
PAYX,Extended,Data / Information Svc,Industrials,Commercial & Professional Serv,Adj,May,EPS,CY2028,,6.19,,6.243,+0.9%,6.245,+0.0%,100.53,16.1,,-10.4%,+2.2%,-36.9%
PAYC,Extended,Data / Information Svc,Industrials,Commercial & Professional Serv,Adj,Dec,EPS,CY2025,8.986,9.269,+3.1%,9.269,+0.0%,9.269,+0.0%,137.62,14.8,+3.1%,-13.6%,+0.7%,-47.9%
PAYC,Extended,Data / Information Svc,Industrials,Commercial & Professional Serv,Adj,Dec,EPS,CY2026,9.955,10.083,+1.3%,10.318,+2.3%,10.92,+5.8%,137.62,12.6,+9.7%,-13.6%,+0.7%,-47.9%
PAYC,Extended,Data / Information Svc,Industrials,Commercial & Professional Serv,Adj,Dec,EPS,CY2027,11.407,11.304,-0.9%,11.408,+0.9%,12.301,+7.8%,137.62,11.2,+7.8%,-13.6%,+0.7%,-47.9%
PAYC,Extended,Data / Information Svc,Industrials,Commercial & Professional Serv,Adj,Dec,EPS,CY2028,12.855,13.05,+1.5%,12.755,-2.3%,13.849,+8.6%,137.62,9.9,+7.7%,-13.6%,+0.7%,-47.9%
MKTX,Extended,Data / Information Svc,Financials,Financial Services,Adj,Dec,EPS,CY2025,7.261,7.188,-1.0%,7.143,-0.6%,7.143,+0.0%,116.93,16.4,-1.6%,-35.5%,-36.6%,-48.3%
MKTX,Extended,Data / Information Svc,Financials,Financial Services,Adj,Dec,EPS,CY2026,8.482,8.136,-4.1%,8.146,+0.1%,8.075,-0.9%,116.93,14.5,-4.8%,-35.5%,-36.6%,-48.3%
MKTX,Extended,Data / Information Svc,Financials,Financial Services,Adj,Dec,EPS,CY2027,9.937,9.105,-8.4%,8.988,-1.3%,8.824,-1.8%,116.93,13.3,-11.2%,-35.5%,-36.6%,-48.3%
MKTX,Extended,Data / Information Svc,Financials,Financial Services,Adj,Dec,EPS,CY2028,11.043,10.388,-5.9%,10.09,-2.9%,9.887,-2.0%,116.93,11.8,-10.5%,-35.5%,-36.6%,-48.3%
VRSK,Extended,Data / Information Svc,Industrials,Commercial & Professional Serv,Adj,Dec,EPS,CY2025,7.052,6.94,-1.6%,6.948,+0.1%,6.948,+0.0%,181.73,26.2,-1.5%,-18.8%,-14.0%,-43.3%
VRSK,Extended,Data / Information Svc,Industrials,Commercial & Professional Serv,Adj,Dec,EPS,CY2026,7.904,7.644,-3.3%,7.617,-0.4%,7.642,+0.3%,181.73,23.8,-3.3%,-18.8%,-14.0%,-43.3%
VRSK,Extended,Data / Information Svc,Industrials,Commercial & Professional Serv,Adj,Dec,EPS,CY2027,8.793,8.573,-2.5%,8.626,+0.6%,8.655,+0.3%,181.73,21.0,-1.6%,-18.8%,-14.0%,-43.3%
VRSK,Extended,Data / Information Svc,Industrials,Commercial & Professional Serv,Adj,Dec,EPS,CY2028,9.92,10.808,+9.0%,9.728,-10.0%,9.679,-0.5%,181.73,18.8,-2.4%,-18.8%,-14.0%,-43.3%
EXPE,Extended,Travel / tourism,Consumer Discretionary,Consumer Services,Adj,Dec,EPS,CY2025,14.107,15.358,+8.9%,15.43,+0.5%,15.43,+0.0%,228.88,14.8,+9.4%,-19.2%,-9.0%,+32.0%
EXPE,Extended,Travel / tourism,Consumer Discretionary,Consumer Services,Adj,Dec,EPS,CY2026,16.756,18.294,+9.2%,19.527,+6.7%,19.737,+1.1%,228.88,11.6,+17.8%,-19.2%,-9.0%,+32.0%
EXPE,Extended,Travel / tourism,Consumer Discretionary,Consumer Services,Adj,Dec,EPS,CY2027,20.172,21.62,+7.2%,23.071,+6.7%,23.226,+0.7%,228.88,9.9,+15.1%,-19.2%,-9.0%,+32.0%
EXPE,Extended,Travel / tourism,Consumer Discretionary,Consumer Services,Adj,Dec,EPS,CY2028,23.555,25.539,+8.4%,27.111,+6.2%,27.694,+2.2%,228.88,8.3,+17.6%,-19.2%,-9.0%,+32.0%
TRIP,Extended,Travel / tourism,Communication Services,Media & Entertainment,Adj,Dec,EPS,CY2025,1.465,1.408,-3.9%,1.381,-1.9%,1.381,+0.0%,11.86,8.6,-5.7%,-18.5%,+13.0%,-16.1%
TRIP,Extended,Travel / tourism,Communication Services,Media & Entertainment,Adj,Dec,EPS,CY2026,1.721,1.807,+5.0%,1.435,-20.6%,1.29,-10.1%,11.86,9.2,-25.0%,-18.5%,+13.0%,-16.1%
TRIP,Extended,Travel / tourism,Communication Services,Media & Entertainment,Adj,Dec,EPS,CY2027,2.349,2.327,-0.9%,1.721,-26.0%,1.556,-9.6%,11.86,7.6,-33.8%,-18.5%,+13.0%,-16.1%
TRIP,Extended,Travel / tourism,Communication Services,Media & Entertainment,Adj,Dec,EPS,CY2028,3.092,3.268,+5.7%,2.39,-26.9%,2.016,-15.6%,11.86,5.9,-34.8%,-18.5%,+13.0%,-16.1%
UHAL,Extended,Travel / tourism,Industrials,Transportation,Adj,Mar,EPS,CY2025,2.32,0.55,-76.3%,0.6,+9.1%,0.407,-32.2%,57.55,141.4,-82.5%,+14.2%,+13.0%,-8.4%
UHAL,Extended,Travel / tourism,Industrials,Transportation,Adj,Mar,EPS,CY2026,1.47,1.215,-17.3%,1.085,-10.7%,0.955,-12.0%,57.55,60.3,-35.0%,+14.2%,+13.0%,-8.4%
UHAL,Extended,Travel / tourism,Industrials,Transportation,Adj,Mar,EPS,CY2027,,,,,,2.12,,57.55,27.1,,+14.2%,+13.0%,-8.4%
UHAL,Extended,Travel / tourism,Industrials,Transportation,Adj,Mar,EPS,CY2028,,,,,,,,57.55,,,+14.2%,+13.0%,-8.4%
MGM,Extended,Travel / tourism,Consumer Discretionary,Consumer Services,Adj,Dec,EPS,CY2025,2.205,2.101,-4.7%,2.219,+5.6%,2.219,+0.0%,47.51,21.4,+0.6%,+30.2%,+28.0%,+51.8%
MGM,Extended,Travel / tourism,Consumer Discretionary,Consumer Services,Adj,Dec,EPS,CY2026,2.529,2.063,-18.4%,2.01,-2.6%,1.871,-6.9%,47.51,25.4,-26.0%,+30.2%,+28.0%,+51.8%
MGM,Extended,Travel / tourism,Consumer Discretionary,Consumer Services,Adj,Dec,EPS,CY2027,2.927,2.751,-6.0%,2.515,-8.6%,2.176,-13.5%,47.51,21.8,-25.7%,+30.2%,+28.0%,+51.8%
MGM,Extended,Travel / tourism,Consumer Discretionary,Consumer Services,Adj,Dec,EPS,CY2028,3.865,3.323,-14.0%,3.054,-8.1%,2.762,-9.6%,47.51,17.2,-28.5%,+30.2%,+28.0%,+51.8%
WYNN,Extended,Travel / tourism,Consumer Discretionary,Consumer Services,Adj,Dec,EPS,CY2025,4.919,4.526,-8.0%,4.518,-0.2%,4.518,+0.0%,104.48,23.1,-8.2%,-13.2%,-0.8%,+25.5%
WYNN,Extended,Travel / tourism,Consumer Discretionary,Consumer Services,Adj,Dec,EPS,CY2026,5.558,5.833,+4.9%,5.5,-5.7%,5.12,-6.9%,104.48,20.4,-7.9%,-13.2%,-0.8%,+25.5%
WYNN,Extended,Travel / tourism,Consumer Discretionary,Consumer Services,Adj,Dec,EPS,CY2027,5.72,6.309,+10.3%,6.009,-4.8%,5.963,-0.8%,104.48,17.5,+4.2%,-13.2%,-0.8%,+25.5%
WYNN,Extended,Travel / tourism,Consumer Discretionary,Consumer Services,Adj,Dec,EPS,CY2028,8.23,7.883,-4.2%,7.027,-10.9%,6.326,-10.0%,104.48,16.5,-23.1%,-13.2%,-0.8%,+25.5%
H,Extended,Travel / tourism,Consumer Discretionary,Consumer Services,Adj,Dec,EPS,CY2025,2.373,1.453,-38.8%,1.329,-8.5%,1.329,+0.0%,193.06,145.3,-44.0%,+20.4%,+22.0%,+48.6%
H,Extended,Travel / tourism,Consumer Discretionary,Consumer Services,Adj,Dec,EPS,CY2026,3.481,3.664,+5.3%,3.562,-2.8%,3.564,+0.1%,193.06,54.2,+2.4%,+20.4%,+22.0%,+48.6%
H,Extended,Travel / tourism,Consumer Discretionary,Consumer Services,Adj,Dec,EPS,CY2027,4.431,4.698,+6.0%,4.638,-1.3%,4.918,+6.0%,193.06,39.3,+11.0%,+20.4%,+22.0%,+48.6%
H,Extended,Travel / tourism,Consumer Discretionary,Consumer Services,Adj,Dec,EPS,CY2028,7.013,7.01,-0.0%,5.74,-18.1%,6.013,+4.8%,193.06,32.1,-14.3%,+20.4%,+22.0%,+48.6%
IHG,Extended,Travel / tourism,Consumer Discretionary,Consumer Services,Adj,Dec,EPS,CY2025,4.93,4.995,+1.3%,4.984,-0.2%,4.984,+0.0%,161.8,0.3,+1.1%,+15.0%,+22.9%,+40.6%
IHG,Extended,Travel / tourism,Consumer Discretionary,Consumer Services,Adj,Dec,EPS,CY2026,5.568,5.598,+0.5%,5.641,+0.8%,5.744,+1.8%,161.8,0.3,+3.2%,+15.0%,+22.9%,+40.6%
IHG,Extended,Travel / tourism,Consumer Discretionary,Consumer Services,Adj,Dec,EPS,CY2027,6.222,6.286,+1.0%,6.361,+1.2%,6.501,+2.2%,161.8,0.2,+4.5%,+15.0%,+22.9%,+40.6%
IHG,Extended,Travel / tourism,Consumer Discretionary,Consumer Services,Adj,Dec,EPS,CY2028,7.081,7.103,+0.3%,7.132,+0.4%,7.358,+3.2%,161.8,0.2,+3.9%,+15.0%,+22.9%,+40.6%
AMS,Extended,Travel / tourism,Consumer Discretionary,Consumer Services,Adj,Dec,EPS,CY2025,3.178,3.12,-1.8%,3.123,+0.1%,3.123,+0.0%,53.68,17.2,-1.7%,-14.6%,-0.1%,-27.9%
AMS,Extended,Travel / tourism,Consumer Discretionary,Consumer Services,Adj,Dec,EPS,CY2026,3.595,3.487,-3.0%,3.494,+0.2%,3.417,-2.2%,53.68,15.7,-5.0%,-14.6%,-0.1%,-27.9%
AMS,Extended,Travel / tourism,Consumer Discretionary,Consumer Services,Adj,Dec,EPS,CY2027,4.025,3.87,-3.9%,3.889,+0.5%,3.813,-2.0%,53.68,14.1,-5.3%,-14.6%,-0.1%,-27.9%
AMS,Extended,Travel / tourism,Consumer Discretionary,Consumer Services,Adj,Dec,EPS,CY2028,4.613,4.231,-8.3%,4.277,+1.1%,4.224,-1.2%,53.68,12.7,-8.4%,-14.6%,-0.1%,-27.9%
SABR,Extended,Travel / tourism,Consumer Discretionary,Consumer Services,Adj,Dec,EPS,CY2025,0.112,-0.07,-162.5%,-0.065,+7.1%,-0.065,+0.0%,1.66,-25.5,-158.0%,+22.1%,+2.5%,-38.5%
SABR,Extended,Travel / tourism,Consumer Discretionary,Consumer Services,Adj,Dec,EPS,CY2026,0.349,0.178,-49.0%,0.006,-96.6%,0.0,-100.0%,1.66,,-100.0%,+22.1%,+2.5%,-38.5%
SABR,Extended,Travel / tourism,Consumer Discretionary,Consumer Services,Adj,Dec,EPS,CY2027,0.394,0.195,-50.5%,0.153,-21.5%,0.17,+11.1%,1.66,9.8,-56.9%,+22.1%,+2.5%,-38.5%
SABR,Extended,Travel / tourism,Consumer Discretionary,Consumer Services,Adj,Dec,EPS,CY2028,0.52,0.38,-26.9%,0.178,-53.2%,0.187,+5.1%,1.66,8.9,-64.0%,+22.1%,+2.5%,-38.5%
EFN,Extended,Travel / tourism,Industrials,Commercial & Professional Serv,Adj,Dec,EPS,CY2025,1.21,1.245,+2.9%,1.245,+0.0%,1.245,+0.0%,26.79,21.5,+2.9%,-25.7%,-17.9%,-16.1%
EFN,Extended,Travel / tourism,Industrials,Commercial & Professional Serv,Adj,Dec,EPS,CY2026,1.373,1.416,+3.1%,1.409,-0.5%,1.418,+0.6%,26.79,18.9,+3.3%,-25.7%,-17.9%,-16.1%
EFN,Extended,Travel / tourism,Industrials,Commercial & Professional Serv,Adj,Dec,EPS,CY2027,1.53,1.56,+2.0%,1.559,-0.1%,1.571,+0.8%,26.79,17.1,+2.7%,-25.7%,-17.9%,-16.1%
EFN,Extended,Travel / tourism,Industrials,Commercial & Professional Serv,Adj,Dec,EPS,CY2028,,,,,,1.68,,26.79,15.9,,-25.7%,-17.9%,-16.1%
CAR,Extended,Travel / tourism,Industrials,Transportation,Adj,Dec,EPS,CY2025,9.056,0.324,-96.4%,0.259,-20.1%,0.259,+0.0%,176.79,682.6,-97.1%,+37.8%,+82.2%,+52.2%
CAR,Extended,Travel / tourism,Industrials,Transportation,Adj,Dec,EPS,CY2026,12.229,9.676,-20.9%,3.745,-61.3%,4.186,+11.8%,176.79,42.2,-65.8%,+37.8%,+82.2%,+52.2%
CAR,Extended,Travel / tourism,Industrials,Transportation,Adj,Dec,EPS,CY2027,11.185,10.818,-3.3%,7.731,-28.5%,8.253,+6.8%,176.79,21.4,-26.2%,+37.8%,+82.2%,+52.2%
CAR,Extended,Travel / tourism,Industrials,Transportation,Adj,Dec,EPS,CY2028,21.83,20.41,-6.5%,8.3,-59.3%,9.45,+13.9%,176.79,18.7,-56.7%,+37.8%,+82.2%,+52.2%
HTZ,Extended,Travel / tourism,Industrials,Transportation,Adj,Dec,EPS,CY2025,-1.525,-1.878,-23.1%,-1.896,-1.0%,-1.896,+0.0%,5.09,-2.7,-24.3%,-1.0%,+18.4%,-14.9%
HTZ,Extended,Travel / tourism,Industrials,Transportation,Adj,Dec,EPS,CY2026,-0.381,-0.482,-26.5%,-0.722,-49.8%,-0.791,-9.6%,5.09,-6.4,-107.6%,-1.0%,+18.4%,-14.9%
HTZ,Extended,Travel / tourism,Industrials,Transportation,Adj,Dec,EPS,CY2027,-0.087,0.111,+227.6%,0.137,+23.4%,0.104,-24.1%,5.09,48.9,+219.5%,-1.0%,+18.4%,-14.9%
HTZ,Extended,Travel / tourism,Industrials,Transportation,Adj,Dec,EPS,CY2028,0.17,0.19,+11.8%,0.257,+35.3%,0.363,+41.2%,5.09,14.0,+113.5%,-1.0%,+18.4%,-14.9%
DAL,Extended,Travel / tourism,Industrials,Transportation,Adj,Dec,EPS,CY2025,5.38,5.889,+9.5%,5.801,-1.5%,5.801,+0.0%,79.42,13.7,+7.8%,+14.4%,+29.5%,+62.6%
DAL,Extended,Travel / tourism,Industrials,Transportation,Adj,Dec,EPS,CY2026,6.685,7.084,+6.0%,7.153,+1.0%,5.474,-23.5%,79.42,14.5,-18.1%,+14.4%,+29.5%,+62.6%
DAL,Extended,Travel / tourism,Industrials,Transportation,Adj,Dec,EPS,CY2027,7.76,8.048,+3.7%,8.169,+1.5%,8.085,-1.0%,79.42,9.8,+4.2%,+14.4%,+29.5%,+62.6%
DAL,Extended,Travel / tourism,Industrials,Transportation,Adj,Dec,EPS,CY2028,8.62,8.747,+1.5%,8.797,+0.6%,9.387,+6.7%,79.42,8.5,+8.9%,+14.4%,+29.5%,+62.6%
UAL,Extended,Travel / tourism,Industrials,Transportation,Adj,Dec,EPS,CY2025,10.142,10.599,+4.5%,10.435,-1.5%,10.435,+0.0%,105.73,10.1,+2.9%,-5.4%,+10.8%,+31.6%
UAL,Extended,Travel / tourism,Industrials,Transportation,Adj,Dec,EPS,CY2026,12.33,12.825,+4.0%,13.298,+3.7%,9.246,-30.5%,105.73,11.4,-25.0%,-5.4%,+10.8%,+31.6%
UAL,Extended,Travel / tourism,Industrials,Transportation,Adj,Dec,EPS,CY2027,14.048,14.202,+1.1%,15.179,+6.9%,14.386,-5.2%,105.73,7.3,+2.4%,-5.4%,+10.8%,+31.6%
UAL,Extended,Travel / tourism,Industrials,Transportation,Adj,Dec,EPS,CY2028,13.725,13.345,-2.8%,16.489,+23.6%,16.894,+2.5%,105.73,6.3,+23.1%,-5.4%,+10.8%,+31.6%
AAL,Extended,Travel / tourism,Industrials,Transportation,Adj,Dec,EPS,CY2025,0.976,0.607,-37.8%,0.512,-15.7%,0.512,+0.0%,13.5,26.4,-47.5%,-11.9%,+14.5%,+19.8%
AAL,Extended,Travel / tourism,Industrials,Transportation,Adj,Dec,EPS,CY2026,1.991,1.908,-4.2%,2.008,+5.2%,-0.047,-102.3%,13.5,-287.2,-102.4%,-11.9%,+14.5%,+19.8%
AAL,Extended,Travel / tourism,Industrials,Transportation,Adj,Dec,EPS,CY2027,2.644,2.454,-7.2%,2.794,+13.9%,2.309,-17.4%,13.5,5.8,-12.7%,-11.9%,+14.5%,+19.8%
AAL,Extended,Travel / tourism,Industrials,Transportation,Adj,Dec,EPS,CY2028,3.673,3.033,-17.4%,3.292,+8.5%,3.261,-0.9%,13.5,4.1,-11.2%,-11.9%,+14.5%,+19.8%
LHA,Extended,Travel / tourism,Industrials,Transportation,Adj,Dec,EPS,CY2025,0.991,1.07,+8.0%,1.098,+2.6%,1.098,+0.0%,8.436,7.7,+10.8%,+0.4%,+3.9%,+18.7%
LHA,Extended,Travel / tourism,Industrials,Transportation,Adj,Dec,EPS,CY2026,1.272,1.226,-3.6%,1.266,+3.3%,1.06,-16.3%,8.436,8.0,-16.7%,+0.4%,+3.9%,+18.7%
LHA,Extended,Travel / tourism,Industrials,Transportation,Adj,Dec,EPS,CY2027,1.407,1.423,+1.1%,1.466,+3.0%,1.357,-7.4%,8.436,6.2,-3.6%,+0.4%,+3.9%,+18.7%
LHA,Extended,Travel / tourism,Industrials,Transportation,Adj,Dec,EPS,CY2028,1.654,1.662,+0.5%,1.567,-5.7%,1.58,+0.8%,8.436,5.3,-4.5%,+0.4%,+3.9%,+18.7%
RYAAY,Extended,Travel / tourism,Industrials,Transportation,Adj,Mar,EPS,CY2025,3.825,4.172,+9.1%,4.185,+0.3%,4.178,-0.2%,56.98,13.6,+9.2%,-21.1%,-7.9%,+2.0%
RYAAY,Extended,Travel / tourism,Industrials,Transportation,Adj,Mar,EPS,CY2026,4.314,4.765,+10.5%,4.876,+2.3%,3.87,-20.6%,56.98,14.7,-10.3%,-21.1%,-7.9%,+2.0%
RYAAY,Extended,Travel / tourism,Industrials,Transportation,Adj,Mar,EPS,CY2027,4.892,5.181,+5.9%,5.259,+1.5%,4.234,-19.5%,56.98,13.5,-13.5%,-21.1%,-7.9%,+2.0%
RYAAY,Extended,Travel / tourism,Industrials,Transportation,Adj,Mar,EPS,CY2028,5.18,5.503,+6.2%,5.667,+3.0%,4.999,-11.8%,56.98,11.4,-3.5%,-21.1%,-7.9%,+2.0%
LUV,Extended,Travel / tourism,Industrials,Transportation,Adj,Dec,EPS,CY2025,1.175,1.023,-12.9%,0.951,-7.0%,0.951,+0.0%,41.54,43.7,-19.1%,+0.5%,-5.4%,+28.0%
LUV,Extended,Travel / tourism,Industrials,Transportation,Adj,Dec,EPS,CY2026,2.615,2.64,+1.0%,4.315,+63.4%,2.585,-40.1%,41.54,16.1,-1.1%,+0.5%,-5.4%,+28.0%
LUV,Extended,Travel / tourism,Industrials,Transportation,Adj,Dec,EPS,CY2027,3.492,3.565,+2.1%,5.061,+42.0%,4.588,-9.3%,41.54,9.1,+31.4%,+0.5%,-5.4%,+28.0%
LUV,Extended,Travel / tourism,Industrials,Transportation,Adj,Dec,EPS,CY2028,3.477,3.94,+13.3%,5.294,+34.4%,5.069,-4.3%,41.54,8.2,+45.8%,+0.5%,-5.4%,+28.0%
ULCC,Extended,Travel / tourism,Industrials,Transportation,Adj,Dec,EPS,CY2025,-0.263,-0.728,-176.8%,-0.709,+2.6%,-0.709,+0.0%,5.94,-8.4,-169.6%,+26.1%,+60.5%,+55.9%
ULCC,Extended,Travel / tourism,Industrials,Transportation,Adj,Dec,EPS,CY2026,0.378,0.011,-97.1%,0.062,+463.6%,-1.086,-1851.6%,5.94,-5.5,-387.3%,+26.1%,+60.5%,+55.9%
ULCC,Extended,Travel / tourism,Industrials,Transportation,Adj,Dec,EPS,CY2027,0.885,0.495,-44.1%,0.462,-6.7%,0.19,-58.9%,5.94,31.3,-78.5%,+26.1%,+60.5%,+55.9%
ULCC,Extended,Travel / tourism,Industrials,Transportation,Adj,Dec,EPS,CY2028,0.85,1.09,+28.2%,0.695,-36.2%,0.675,-2.9%,5.94,8.8,-20.6%,+26.1%,+60.5%,+55.9%
MTN,Extended,Travel / tourism,Consumer Discretionary,Consumer Services,Adj,Jul,EPS,CY2025,7.687,7.754,+0.9%,7.754,+0.0%,7.754,+0.0%,135.37,17.5,+0.9%,+1.9%,-3.5%,-12.6%
MTN,Extended,Travel / tourism,Consumer Discretionary,Consumer Services,Adj,Jul,EPS,CY2026,7.908,6.84,-13.5%,6.608,-3.4%,4.728,-28.5%,135.37,28.6,-40.2%,+1.9%,-3.5%,-12.6%
MTN,Extended,Travel / tourism,Consumer Discretionary,Consumer Services,Adj,Jul,EPS,CY2027,8.976,7.775,-13.4%,7.82,+0.6%,6.948,-11.2%,135.37,19.5,-22.6%,+1.9%,-3.5%,-12.6%
MTN,Extended,Travel / tourism,Consumer Discretionary,Consumer Services,Adj,Jul,EPS,CY2028,,8.573,,8.638,+0.8%,7.521,-12.9%,135.37,18.0,,+1.9%,-3.5%,-12.6%
RCL,Extended,Travel / tourism,Consumer Discretionary,Consumer Services,Adj,Dec,EPS,CY2025,15.362,15.636,+1.8%,15.657,+0.1%,15.657,+0.0%,280.0,17.9,+1.9%,+0.4%,-1.1%,+3.2%
RCL,Extended,Travel / tourism,Consumer Discretionary,Consumer Services,Adj,Dec,EPS,CY2026,17.744,17.783,+0.2%,18.097,+1.8%,17.325,-4.3%,280.0,16.2,-2.4%,+0.4%,-1.1%,+3.2%
RCL,Extended,Travel / tourism,Consumer Discretionary,Consumer Services,Adj,Dec,EPS,CY2027,20.371,20.453,+0.4%,20.715,+1.3%,19.914,-3.9%,280.0,14.1,-2.2%,+0.4%,-1.1%,+3.2%
RCL,Extended,Travel / tourism,Consumer Discretionary,Consumer Services,Adj,Dec,EPS,CY2028,23.48,23.343,-0.6%,23.763,+1.8%,22.611,-4.8%,280.0,12.4,-3.7%,+0.4%,-1.1%,+3.2%
CCL,Extended,Travel / tourism,Consumer Discretionary,Consumer Services,Adj,Nov,EPS,CY2025,1.855,2.137,+15.2%,2.135,-0.1%,2.135,+0.0%,27.41,12.8,+15.1%,-10.2%,+0.9%,+14.1%
CCL,Extended,Travel / tourism,Consumer Discretionary,Consumer Services,Adj,Nov,EPS,CY2026,2.139,2.406,+12.5%,2.544,+5.7%,2.22,-12.7%,27.41,12.3,+3.8%,-10.2%,+0.9%,+14.1%
CCL,Extended,Travel / tourism,Consumer Discretionary,Consumer Services,Adj,Nov,EPS,CY2027,2.469,2.739,+10.9%,2.819,+2.9%,2.601,-7.7%,27.41,10.5,+5.3%,-10.2%,+0.9%,+14.1%
CCL,Extended,Travel / tourism,Consumer Discretionary,Consumer Services,Adj,Nov,EPS,CY2028,2.935,3.146,+7.2%,3.178,+1.0%,2.996,-5.7%,27.41,9.1,+2.1%,-10.2%,+0.9%,+14.1%
PK,Extended,Travel / tourism,Real Estate,Equity Real Estate Investment,Adj,Dec,EPS,CY2025,0.442,-0.326,-173.8%,-0.294,+9.8%,-0.294,+0.0%,14.05,-47.8,-166.5%,+34.3%,+24.3%,+40.2%
PK,Extended,Travel / tourism,Real Estate,Equity Real Estate Investment,Adj,Dec,EPS,CY2026,0.707,0.331,-53.2%,0.457,+38.1%,0.429,-6.1%,14.05,32.8,-39.3%,+34.3%,+24.3%,+40.2%
PK,Extended,Travel / tourism,Real Estate,Equity Real Estate Investment,Adj,Dec,EPS,CY2027,0.915,0.245,-73.2%,0.552,+125.3%,0.704,+27.5%,14.05,20.0,-23.1%,+34.3%,+24.3%,+40.2%
PK,Extended,Travel / tourism,Real Estate,Equity Real Estate Investment,Adj,Dec,EPS,CY2028,1.085,0.335,-69.1%,0.55,+64.2%,0.47,-14.5%,14.05,29.9,-56.7%,+34.3%,+24.3%,+40.2%
ORCL,Extended,Software,Information Technology,Software & Services,GAAP,May,EPS,CY2025,4.347,4.347,+0.0%,4.347,+0.0%,4.347,+0.0%,213.68,49.2,+0.0%,+9.6%,+38.0%,+24.9%
ORCL,Extended,Software,Information Technology,Software & Services,GAAP,May,EPS,CY2026,4.863,5.079,+4.4%,5.864,+15.5%,5.848,-0.3%,213.68,36.5,+20.3%,+9.6%,+38.0%,+24.9%
ORCL,Extended,Software,Information Technology,Software & Services,GAAP,May,EPS,CY2027,6.25,6.339,+1.4%,6.223,-1.8%,6.279,+0.9%,213.68,34.0,+0.5%,+9.6%,+38.0%,+24.9%
ORCL,Extended,Software,Information Technology,Software & Services,GAAP,May,EPS,CY2028,7.736,9.25,+19.6%,9.057,-2.1%,8.799,-2.8%,213.68,24.3,+13.7%,+9.6%,+38.0%,+24.9%
INTU,Extended,Software,Information Technology,Software & Services,Adj,Jul,EPS,CY2025,20.093,20.096,+0.0%,20.096,+0.0%,20.096,+0.0%,296.76,14.8,+0.0%,-55.2%,-36.4%,-61.3%
INTU,Extended,Software,Information Technology,Software & Services,Adj,Jul,EPS,CY2026,22.976,23.163,+0.8%,23.192,+0.1%,23.83,+2.8%,296.76,12.5,+3.7%,-55.2%,-36.4%,-61.3%
INTU,Extended,Software,Information Technology,Software & Services,Adj,Jul,EPS,CY2027,26.508,26.331,-0.7%,26.303,-0.1%,27.283,+3.7%,296.76,10.9,+2.9%,-55.2%,-36.4%,-61.3%
INTU,Extended,Software,Information Technology,Software & Services,Adj,Jul,EPS,CY2028,29.813,29.884,+0.2%,29.653,-0.8%,30.158,+1.7%,296.76,9.8,+1.2%,-55.2%,-36.4%,-61.3%
SAP,Extended,Software,Information Technology,Software & Services,Adj,Dec,EPS,CY2025,6.193,6.1,-1.5%,6.036,-1.0%,6.036,+0.0%,161.48,26.8,-2.5%,-22.5%,-5.6%,-40.4%
SAP,Extended,Software,Information Technology,Software & Services,Adj,Dec,EPS,CY2026,7.323,7.157,-2.3%,7.194,+0.5%,7.236,+0.6%,161.48,22.3,-1.2%,-22.5%,-5.6%,-40.4%
SAP,Extended,Software,Information Technology,Software & Services,Adj,Dec,EPS,CY2027,8.65,8.548,-1.2%,8.39,-1.8%,8.44,+0.6%,161.48,19.1,-2.4%,-22.5%,-5.6%,-40.4%
SAP,Extended,Software,Information Technology,Software & Services,Adj,Dec,EPS,CY2028,10.246,10.124,-1.2%,9.779,-3.4%,9.858,+0.8%,161.48,16.4,-3.8%,-22.5%,-5.6%,-40.4%
CRWD,Extended,Software,Information Technology,Software & Services,Adj,Jan,EPS,CY2025,3.53,3.715,+5.2%,3.716,+0.0%,3.716,+0.0%,671.02,180.6,+5.3%,+43.1%,+57.5%,+44.9%
CRWD,Extended,Software,Information Technology,Software & Services,Adj,Jan,EPS,CY2026,4.679,4.802,+2.6%,4.86,+1.2%,4.929,+1.4%,671.02,136.1,+5.3%,+43.1%,+57.5%,+44.9%
CRWD,Extended,Software,Information Technology,Software & Services,Adj,Jan,EPS,CY2027,6.19,6.109,-1.3%,6.144,+0.6%,6.255,+1.8%,671.02,107.3,+1.1%,+43.1%,+57.5%,+44.9%
CRWD,Extended,Software,Information Technology,Software & Services,Adj,Jan,EPS,CY2028,8.477,7.851,-7.4%,8.114,+3.3%,8.12,+0.1%,671.02,82.6,-4.2%,+43.1%,+57.5%,+44.9%
PLTR,Extended,Software,Information Technology,Software & Services,GAAP,Dec,EPS,CY2025,0.322,0.569,+76.7%,0.566,-0.5%,0.566,+0.0%,135.53,239.5,+75.8%,-23.8%,-11.2%,+13.0%
PLTR,Extended,Software,Information Technology,Software & Services,GAAP,Dec,EPS,CY2026,0.422,0.759,+79.9%,1.115,+46.9%,1.297,+16.3%,135.53,104.5,+207.3%,-23.8%,-11.2%,+13.0%
PLTR,Extended,Software,Information Technology,Software & Services,GAAP,Dec,EPS,CY2027,0.64,1.07,+67.2%,1.603,+49.8%,1.79,+11.7%,135.53,75.7,+179.7%,-23.8%,-11.2%,+13.0%
PLTR,Extended,Software,Information Technology,Software & Services,GAAP,Dec,EPS,CY2028,1.07,1.887,+76.4%,2.264,+20.0%,2.577,+13.8%,135.53,52.6,+140.8%,-23.8%,-11.2%,+13.0%
PANW,Extended,Software,Information Technology,Software & Services,GAAP,Jul,EPS,CY2025,1.934,1.964,+1.6%,1.964,+0.0%,1.964,+0.0%,272.05,138.5,+1.6%,+47.7%,+66.7%,+38.0%
PANW,Extended,Software,Information Technology,Software & Services,GAAP,Jul,EPS,CY2026,2.145,2.104,-1.9%,2.003,-4.8%,1.501,-25.1%,272.05,181.2,-30.0%,+47.7%,+66.7%,+38.0%
PANW,Extended,Software,Information Technology,Software & Services,GAAP,Jul,EPS,CY2027,2.736,2.659,-2.8%,2.512,-5.5%,2.041,-18.8%,272.05,133.3,-25.4%,+47.7%,+66.7%,+38.0%
PANW,Extended,Software,Information Technology,Software & Services,GAAP,Jul,EPS,CY2028,3.313,3.093,-6.6%,3.042,-1.6%,2.406,-20.9%,272.05,113.1,-27.4%,+47.7%,+66.7%,+38.0%
FTNT,Extended,Software,Information Technology,Software & Services,Adj,Dec,EPS,CY2025,2.482,2.692,+8.5%,2.693,+0.0%,2.693,+0.0%,144.68,53.7,+8.5%,+82.2%,+71.4%,+39.8%
FTNT,Extended,Software,Information Technology,Software & Services,Adj,Dec,EPS,CY2026,2.826,2.931,+3.7%,2.981,+1.7%,3.157,+5.9%,144.68,45.8,+11.7%,+82.2%,+71.4%,+39.8%
FTNT,Extended,Software,Information Technology,Software & Services,Adj,Dec,EPS,CY2027,3.214,3.249,+1.1%,3.312,+1.9%,3.432,+3.6%,144.68,42.2,+6.8%,+82.2%,+71.4%,+39.8%
FTNT,Extended,Software,Information Technology,Software & Services,Adj,Dec,EPS,CY2028,3.616,3.472,-4.0%,3.723,+7.2%,3.788,+1.7%,144.68,38.2,+4.8%,+82.2%,+71.4%,+39.8%
TEAM,Extended,Software,Information Technology,Software & Services,Adj,Jun,EPS,CY2025,3.587,3.563,-0.7%,3.563,+0.0%,3.563,+0.0%,99.47,27.9,-0.7%,-38.7%,+20.6%,-54.5%
TEAM,Extended,Software,Information Technology,Software & Services,Adj,Jun,EPS,CY2026,4.245,4.872,+14.8%,4.753,-2.4%,5.504,+15.8%,99.47,18.1,+29.7%,-38.7%,+20.6%,-54.5%
TEAM,Extended,Software,Information Technology,Software & Services,Adj,Jun,EPS,CY2027,5.204,5.624,+8.1%,5.49,-2.4%,6.242,+13.7%,99.47,15.9,+19.9%,-38.7%,+20.6%,-54.5%
TEAM,Extended,Software,Information Technology,Software & Services,Adj,Jun,EPS,CY2028,6.338,6.826,+7.7%,6.575,-3.7%,7.39,+12.4%,99.47,13.5,+16.6%,-38.7%,+20.6%,-54.5%
TYL,Extended,Software,Information Technology,Software & Services,Adj,Dec,EPS,CY2025,11.175,11.415,+2.1%,11.413,-0.0%,11.413,+0.0%,312.07,27.3,+2.1%,-31.3%,-14.7%,-45.6%
TYL,Extended,Software,Information Technology,Software & Services,Adj,Dec,EPS,CY2026,12.377,12.569,+1.6%,12.539,-0.2%,12.628,+0.7%,312.07,24.7,+2.0%,-31.3%,-14.7%,-45.6%
TYL,Extended,Software,Information Technology,Software & Services,Adj,Dec,EPS,CY2027,14.177,14.322,+1.0%,14.186,-0.9%,14.283,+0.7%,312.07,21.8,+0.7%,-31.3%,-14.7%,-45.6%
TYL,Extended,Software,Information Technology,Software & Services,Adj,Dec,EPS,CY2028,15.763,15.928,+1.0%,16.006,+0.5%,16.153,+0.9%,312.07,19.3,+2.5%,-31.3%,-14.7%,-45.6%
BLKB,Extended,Software,Information Technology,Software & Services,Adj,Dec,EPS,CY2025,4.223,4.414,+4.5%,4.415,+0.0%,4.415,+0.0%,28.31,6.4,+4.5%,-55.3%,-42.6%,-55.4%
BLKB,Extended,Software,Information Technology,Software & Services,Adj,Dec,EPS,CY2026,4.565,4.933,+8.1%,5.193,+5.3%,5.194,+0.0%,28.31,5.5,+13.8%,-55.3%,-42.6%,-55.4%
BLKB,Extended,Software,Information Technology,Software & Services,Adj,Dec,EPS,CY2027,4.43,5.302,+19.7%,5.858,+10.5%,5.866,+0.1%,28.31,4.8,+32.4%,-55.3%,-42.6%,-55.4%
BLKB,Extended,Software,Information Technology,Software & Services,Adj,Dec,EPS,CY2028,5.16,5.21,+1.0%,6.04,+15.9%,6.06,+0.3%,28.31,4.7,+17.4%,-55.3%,-42.6%,-55.4%
TWLO,Extended,Software,Information Technology,Software & Services,Adj,Dec,EPS,CY2025,4.58,4.804,+4.9%,4.797,-0.1%,4.797,+0.0%,225.99,47.1,+4.7%,+58.9%,+80.1%,+87.1%
TWLO,Extended,Software,Information Technology,Software & Services,Adj,Dec,EPS,CY2026,5.247,5.444,+3.8%,5.421,-0.4%,5.693,+5.0%,225.99,39.7,+8.5%,+58.9%,+80.1%,+87.1%
TWLO,Extended,Software,Information Technology,Software & Services,Adj,Dec,EPS,CY2027,6.116,6.287,+2.8%,6.378,+1.4%,6.576,+3.1%,225.99,34.4,+7.5%,+58.9%,+80.1%,+87.1%
TWLO,Extended,Software,Information Technology,Software & Services,Adj,Dec,EPS,CY2028,6.778,6.843,+1.0%,7.265,+6.2%,7.679,+5.7%,225.99,29.4,+13.3%,+58.9%,+80.1%,+87.1%
DBX,Extended,Software,Information Technology,Software & Services,Adj,Dec,EPS,CY2025,2.629,2.798,+6.4%,2.793,-0.2%,2.793,+0.0%,27.52,9.9,+6.2%,-1.0%,+4.3%,-6.7%
DBX,Extended,Software,Information Technology,Software & Services,Adj,Dec,EPS,CY2026,2.855,3.001,+5.1%,2.975,-0.9%,3.066,+3.1%,27.52,9.0,+7.4%,-1.0%,+4.3%,-6.7%
DBX,Extended,Software,Information Technology,Software & Services,Adj,Dec,EPS,CY2027,2.95,3.138,+6.4%,3.369,+7.4%,3.405,+1.1%,27.52,8.1,+15.4%,-1.0%,+4.3%,-6.7%
DBX,Extended,Software,Information Technology,Software & Services,Adj,Dec,EPS,CY2028,2.85,2.66,-6.7%,3.28,+23.3%,3.28,+0.0%,27.52,8.4,+15.1%,-1.0%,+4.3%,-6.7%
BOX,Extended,Software,Information Technology,Software & Services,Adj,Jan,EPS,CY2025,1.296,1.323,+2.1%,1.323,+0.0%,1.323,+0.0%,26.68,20.2,+2.1%,-10.8%,+2.2%,-29.7%
BOX,Extended,Software,Information Technology,Software & Services,Adj,Jan,EPS,CY2026,1.541,1.528,-0.8%,1.558,+2.0%,1.635,+4.9%,26.68,16.3,+6.1%,-10.8%,+2.2%,-29.7%
BOX,Extended,Software,Information Technology,Software & Services,Adj,Jan,EPS,CY2027,2.14,1.65,-22.9%,1.854,+12.4%,1.874,+1.1%,26.68,14.2,-12.4%,-10.8%,+2.2%,-29.7%
BOX,Extended,Software,Information Technology,Software & Services,Adj,Jan,EPS,CY2028,3.31,3.41,+3.0%,2.65,-22.3%,2.695,+1.7%,26.68,9.9,-18.6%,-10.8%,+2.2%,-29.7%
ZM,Extended,Software,Information Technology,Software & Services,Adj,Jan,EPS,CY2025,5.597,6.052,+8.1%,6.052,+0.0%,6.052,+0.0%,101.62,16.8,+8.1%,+17.8%,+31.4%,+24.9%
ZM,Extended,Software,Information Technology,Software & Services,Adj,Jan,EPS,CY2026,5.68,6.053,+6.6%,5.826,-3.8%,6.072,+4.2%,101.62,16.7,+6.9%,+17.8%,+31.4%,+24.9%
ZM,Extended,Software,Information Technology,Software & Services,Adj,Jan,EPS,CY2027,5.763,6.232,+8.1%,6.151,-1.3%,6.288,+2.2%,101.62,16.2,+9.1%,+17.8%,+31.4%,+24.9%
ZM,Extended,Software,Information Technology,Software & Services,Adj,Jan,EPS,CY2028,5.945,6.339,+6.6%,6.445,+1.7%,6.671,+3.5%,101.62,15.2,+12.2%,+17.8%,+31.4%,+24.9%
AXON,Extended,Software,Industrials,Capital Goods,Adj,Dec,EPS,CY2025,6.251,6.304,+0.8%,6.303,-0.0%,6.303,+0.0%,486.12,77.1,+0.8%,-14.4%,-14.8%,-38.3%
AXON,Extended,Software,Industrials,Capital Goods,Adj,Dec,EPS,CY2026,7.736,7.624,-1.4%,7.807,+2.4%,7.726,-1.0%,486.12,62.9,-0.1%,-14.4%,-14.8%,-38.3%
AXON,Extended,Software,Industrials,Capital Goods,Adj,Dec,EPS,CY2027,9.123,9.66,+5.9%,10.524,+8.9%,10.656,+1.3%,486.12,45.6,+16.8%,-14.4%,-14.8%,-38.3%
AXON,Extended,Software,Industrials,Capital Goods,Adj,Dec,EPS,CY2028,11.66,11.98,+2.7%,13.977,+16.7%,14.049,+0.5%,486.12,34.6,+20.5%,-14.4%,-14.8%,-38.3%
UPLD,Extended,Software,Information Technology,Software & Services,Adj,Dec,EPS,CY2025,0.717,0.833,+16.2%,0.833,+0.0%,0.833,+0.0%,0.7074,0.8,+16.2%,-50.5%,-4.4%,-60.9%
UPLD,Extended,Software,Information Technology,Software & Services,Adj,Dec,EPS,CY2026,0.707,0.813,+15.0%,0.66,-18.8%,0.705,+6.8%,0.7074,1.0,-0.3%,-50.5%,-4.4%,-60.9%
UPLD,Extended,Software,Information Technology,Software & Services,Adj,Dec,EPS,CY2027,,1.03,,0.81,-21.4%,0.71,-12.3%,0.7074,1.0,,-50.5%,-4.4%,-60.9%
UPLD,Extended,Software,Information Technology,Software & Services,Adj,Dec,EPS,CY2028,,,,,,,,0.7074,,,-50.5%,-4.4%,-60.9%
SNOW,Extended,Software,Information Technology,Software & Services,Adj,Jan,EPS,CY2025,1.099,1.214,+10.5%,1.209,-0.4%,1.209,+0.0%,238.26,197.1,+10.0%,+8.6%,+34.3%,+13.4%
SNOW,Extended,Software,Information Technology,Software & Services,Adj,Jan,EPS,CY2026,1.569,1.636,+4.3%,1.781,+8.9%,1.918,+7.7%,238.26,124.2,+22.2%,+8.6%,+34.3%,+13.4%
SNOW,Extended,Software,Information Technology,Software & Services,Adj,Jan,EPS,CY2027,1.978,2.299,+16.2%,2.463,+7.1%,2.685,+9.0%,238.26,88.7,+35.7%,+8.6%,+34.3%,+13.4%
SNOW,Extended,Software,Information Technology,Software & Services,Adj,Jan,EPS,CY2028,3.526,3.492,-1.0%,3.487,-0.1%,3.763,+7.9%,238.26,63.3,+6.7%,+8.6%,+34.3%,+13.4%
BILL,Extended,Software,Information Technology,Software & Services,Adj,Jun,EPS,CY2025,2.09,2.118,+1.3%,2.118,+0.0%,2.118,+0.0%,35.97,17.0,+1.3%,-34.0%,-20.3%,-21.3%
BILL,Extended,Software,Information Technology,Software & Services,Adj,Jun,EPS,CY2026,2.199,2.252,+2.4%,2.39,+6.1%,2.642,+10.5%,35.97,13.6,+20.1%,-34.0%,-20.3%,-21.3%
BILL,Extended,Software,Information Technology,Software & Services,Adj,Jun,EPS,CY2027,2.609,2.52,-3.4%,2.702,+7.2%,3.281,+21.4%,35.97,11.0,+25.8%,-34.0%,-20.3%,-21.3%
BILL,Extended,Software,Information Technology,Software & Services,Adj,Jun,EPS,CY2028,3.212,3.002,-6.5%,3.195,+6.4%,3.853,+20.6%,35.97,9.3,+20.0%,-34.0%,-20.3%,-21.3%
WIX,Extended,Software,Information Technology,Software & Services,Adj,Dec,EPS,CY2025,7.088,6.975,-1.6%,6.952,-0.3%,6.952,+0.0%,52.39,7.5,-1.9%,-49.6%,-43.6%,-65.8%
WIX,Extended,Software,Information Technology,Software & Services,Adj,Dec,EPS,CY2026,8.637,6.659,-22.9%,6.627,-0.5%,4.715,-28.9%,52.39,11.1,-45.4%,-49.6%,-43.6%,-65.8%
WIX,Extended,Software,Information Technology,Software & Services,Adj,Dec,EPS,CY2027,10.761,7.673,-28.7%,8.16,+6.3%,6.815,-16.5%,52.39,7.7,-36.7%,-49.6%,-43.6%,-65.8%
WIX,Extended,Software,Information Technology,Software & Services,Adj,Dec,EPS,CY2028,13.56,11.047,-18.5%,9.308,-15.7%,8.882,-4.6%,52.39,5.9,-34.5%,-49.6%,-43.6%,-65.8%
DOCU,Extended,Software,Information Technology,Software & Services,Adj,Jan,EPS,CY2025,3.537,3.778,+6.8%,3.793,+0.4%,3.793,+0.0%,47.26,12.5,+7.2%,-30.9%,-2.0%,-49.1%
DOCU,Extended,Software,Information Technology,Software & Services,Adj,Jan,EPS,CY2026,3.846,4.131,+7.4%,4.108,-0.6%,4.494,+9.4%,47.26,10.5,+16.8%,-30.9%,-2.0%,-49.1%
DOCU,Extended,Software,Information Technology,Software & Services,Adj,Jan,EPS,CY2027,4.238,4.557,+7.5%,4.48,-1.7%,5.067,+13.1%,47.26,9.3,+19.6%,-30.9%,-2.0%,-49.1%
DOCU,Extended,Software,Information Technology,Software & Services,Adj,Jan,EPS,CY2028,,4.643,,4.465,-3.8%,5.45,+22.1%,47.26,8.7,,-30.9%,-2.0%,-49.1%
DDOG,Extended,Software,Information Technology,Software & Services,Adj,Dec,EPS,CY2025,1.709,2.016,+18.0%,2.016,+0.0%,2.016,+0.0%,234.11,116.1,+18.0%,+72.2%,+91.3%,+92.3%
DDOG,Extended,Software,Information Technology,Software & Services,Adj,Dec,EPS,CY2026,2.145,2.398,+11.8%,2.189,-8.7%,2.446,+11.7%,234.11,95.7,+14.0%,+72.2%,+91.3%,+92.3%
DDOG,Extended,Software,Information Technology,Software & Services,Adj,Dec,EPS,CY2027,2.963,2.955,-0.3%,2.772,-6.2%,2.884,+4.0%,234.11,81.2,-2.7%,+72.2%,+91.3%,+92.3%
DDOG,Extended,Software,Information Technology,Software & Services,Adj,Dec,EPS,CY2028,3.378,3.9,+15.5%,3.545,-9.1%,3.547,+0.1%,234.11,66.0,+5.0%,+72.2%,+91.3%,+92.3%
MDB,Extended,Software,Information Technology,Software & Services,Adj,Jan,EPS,CY2025,3.128,4.803,+53.5%,4.805,+0.0%,4.805,+0.0%,350.74,73.0,+53.6%,-16.4%,+32.9%,+55.6%
MDB,Extended,Software,Information Technology,Software & Services,Adj,Jan,EPS,CY2026,3.768,5.666,+50.4%,5.863,+3.5%,6.133,+4.6%,350.74,57.2,+62.8%,-16.4%,+32.9%,+55.6%
MDB,Extended,Software,Information Technology,Software & Services,Adj,Jan,EPS,CY2027,4.929,6.824,+38.4%,7.103,+4.1%,7.336,+3.3%,350.74,47.8,+48.8%,-16.4%,+32.9%,+55.6%
MDB,Extended,Software,Information Technology,Software & Services,Adj,Jan,EPS,CY2028,5.657,7.602,+34.4%,8.745,+15.0%,8.941,+2.2%,350.74,39.2,+58.1%,-16.4%,+32.9%,+55.6%
ESTC,Extended,Software,Information Technology,Software & Services,Adj,Apr,EPS,CY2025,1.952,1.952,+0.0%,1.952,+0.0%,1.952,+0.0%,61.79,31.7,+0.0%,-18.1%,+16.5%,-28.4%
ESTC,Extended,Software,Information Technology,Software & Services,Adj,Apr,EPS,CY2026,2.286,2.449,+7.1%,2.517,+2.8%,2.524,+0.3%,61.79,24.5,+10.4%,-18.1%,+16.5%,-28.4%
ESTC,Extended,Software,Information Technology,Software & Services,Adj,Apr,EPS,CY2027,2.616,2.823,+7.9%,2.896,+2.6%,3.243,+12.0%,61.79,19.1,+24.0%,-18.1%,+16.5%,-28.4%
ESTC,Extended,Software,Information Technology,Software & Services,Adj,Apr,EPS,CY2028,3.07,3.179,+3.6%,3.385,+6.5%,3.836,+13.3%,61.79,16.1,+25.0%,-18.1%,+16.5%,-28.4%
DT,Extended,Software,Information Technology,Software & Services,Adj,Mar,EPS,CY2025,1.587,1.634,+3.0%,1.681,+2.9%,1.686,+0.3%,42.19,25.0,+6.2%,-2.7%,+7.6%,-23.2%
DT,Extended,Software,Information Technology,Software & Services,Adj,Mar,EPS,CY2026,1.794,1.841,+2.6%,1.908,+3.6%,1.944,+1.9%,42.19,21.7,+8.4%,-2.7%,+7.6%,-23.2%
DT,Extended,Software,Information Technology,Software & Services,Adj,Mar,EPS,CY2027,2.082,2.119,+1.8%,2.203,+4.0%,2.253,+2.3%,42.19,18.7,+8.2%,-2.7%,+7.6%,-23.2%
DT,Extended,Software,Information Technology,Software & Services,Adj,Mar,EPS,CY2028,2.418,2.453,+1.4%,2.513,+2.4%,2.642,+5.1%,42.19,16.0,+9.3%,-2.7%,+7.6%,-23.2%
GTM,Extended,Software,Communication Services,Media & Entertainment,Adj,Dec,EPS,CY2025,0.974,1.046,+7.4%,1.046,+0.0%,1.046,+0.0%,2.98,2.8,+7.4%,-70.7%,-54.8%,-70.1%
GTM,Extended,Software,Communication Services,Media & Entertainment,Adj,Dec,EPS,CY2026,1.015,1.111,+9.5%,1.111,+0.0%,1.106,-0.5%,2.98,2.7,+9.0%,-70.7%,-54.8%,-70.1%
GTM,Extended,Software,Communication Services,Media & Entertainment,Adj,Dec,EPS,CY2027,1.093,1.199,+9.7%,1.163,-3.0%,1.111,-4.5%,2.98,2.7,+1.6%,-70.7%,-54.8%,-70.1%
GTM,Extended,Software,Communication Services,Media & Entertainment,Adj,Dec,EPS,CY2028,1.09,1.265,+16.1%,1.257,-0.6%,1.176,-6.4%,2.98,2.5,+7.9%,-70.7%,-54.8%,-70.1%
RAMP,Extended,Software,Information Technology,Software & Services,Adj,Mar,EPS,CY2025,2.195,2.207,+0.5%,2.23,+1.0%,2.229,-0.0%,37.42,16.8,+1.5%,+27.4%,+27.9%,+13.0%
RAMP,Extended,Software,Information Technology,Software & Services,Adj,Mar,EPS,CY2026,2.386,2.622,+9.9%,2.813,+7.3%,2.835,+0.8%,37.42,13.2,+18.8%,+27.4%,+27.9%,+13.0%
RAMP,Extended,Software,Information Technology,Software & Services,Adj,Mar,EPS,CY2027,2.367,3.07,+29.7%,3.516,+14.5%,3.48,-1.0%,37.42,10.8,+47.0%,+27.4%,+27.9%,+13.0%
RAMP,Extended,Software,Information Technology,Software & Services,Adj,Mar,EPS,CY2028,,2.97,,2.82,-5.1%,3.17,+12.4%,37.42,11.8,,+27.4%,+27.9%,+13.0%
PAR,Extended,Software,Information Technology,Software & Services,Adj,Dec,EPS,CY2025,-0.401,-0.672,-67.6%,0.126,+118.8%,0.126,+0.0%,13.46,106.8,+131.4%,-62.9%,-31.0%,-79.4%
PAR,Extended,Software,Information Technology,Software & Services,Adj,Dec,EPS,CY2026,0.173,0.054,-68.8%,-0.269,-598.1%,0.317,+217.8%,13.46,42.5,+83.2%,-62.9%,-31.0%,-79.4%
PAR,Extended,Software,Information Technology,Software & Services,Adj,Dec,EPS,CY2027,0.12,0.238,+98.3%,0.563,+136.6%,0.621,+10.3%,13.46,21.7,+417.5%,-62.9%,-31.0%,-79.4%
PAR,Extended,Software,Information Technology,Software & Services,Adj,Dec,EPS,CY2028,,,,-0.24,,0.123,+151.2%,13.46,109.4,,-62.9%,-31.0%,-79.4%
FSLY,Extended,Software,Information Technology,Software & Services,Adj,Dec,EPS,CY2025,-0.088,-0.052,+40.9%,0.052,+200.0%,0.052,+0.0%,18.07,347.5,+159.1%,+77.5%,-11.6%,+139.7%
FSLY,Extended,Software,Information Technology,Software & Services,Adj,Dec,EPS,CY2026,-0.089,0.033,+137.1%,0.276,+736.4%,0.328,+18.8%,18.07,55.1,+468.5%,+77.5%,-11.6%,+139.7%
FSLY,Extended,Software,Information Technology,Software & Services,Adj,Dec,EPS,CY2027,-0.102,0.193,+289.2%,0.364,+88.6%,0.4,+9.9%,18.07,45.2,+492.2%,+77.5%,-11.6%,+139.7%
FSLY,Extended,Software,Information Technology,Software & Services,Adj,Dec,EPS,CY2028,-0.155,0.17,+209.7%,0.44,+158.8%,0.477,+8.4%,18.07,37.9,+407.7%,+77.5%,-11.6%,+139.7%
ASAN,Extended,Software,Information Technology,Software & Services,Adj,Jan,EPS,CY2025,0.226,0.257,+13.7%,0.257,+0.0%,0.257,+0.0%,7.84,30.5,+13.7%,-42.8%,-0.9%,-46.7%
ASAN,Extended,Software,Information Technology,Software & Services,Adj,Jan,EPS,CY2026,0.342,0.359,+5.0%,0.37,+3.1%,0.373,+0.8%,7.84,21.0,+9.1%,-42.8%,-0.9%,-46.7%
ASAN,Extended,Software,Information Technology,Software & Services,Adj,Jan,EPS,CY2027,0.453,0.467,+3.1%,0.477,+2.1%,0.472,-1.0%,7.84,16.6,+4.2%,-42.8%,-0.9%,-46.7%
ASAN,Extended,Software,Information Technology,Software & Services,Adj,Jan,EPS,CY2028,0.44,0.42,-4.5%,0.562,+33.8%,0.578,+2.8%,7.84,13.6,+31.4%,-42.8%,-0.9%,-46.7%
APPN,Extended,Software,Information Technology,Software & Services,Adj,Dec,EPS,CY2025,0.221,0.541,+144.8%,0.541,+0.0%,0.541,+0.0%,24.73,45.7,+144.8%,-30.2%,-8.4%,-22.2%
APPN,Extended,Software,Information Technology,Software & Services,Adj,Dec,EPS,CY2026,0.48,0.77,+60.4%,0.887,+15.2%,0.986,+11.2%,24.73,25.1,+105.4%,-30.2%,-8.4%,-22.2%
APPN,Extended,Software,Information Technology,Software & Services,Adj,Dec,EPS,CY2027,0.57,1.092,+91.6%,1.163,+6.5%,1.256,+8.0%,24.73,19.7,+120.4%,-30.2%,-8.4%,-22.2%
APPN,Extended,Software,Information Technology,Software & Services,Adj,Dec,EPS,CY2028,,,,1.385,,1.51,+9.0%,24.73,16.4,,-30.2%,-8.4%,-22.2%
BL,Extended,Software,Information Technology,Software & Services,Adj,Dec,EPS,CY2025,2.134,2.078,-2.6%,2.078,+0.0%,2.078,+0.0%,28.66,13.8,-2.6%,-48.2%,-23.8%,-50.8%
BL,Extended,Software,Information Technology,Software & Services,Adj,Dec,EPS,CY2026,2.29,2.349,+2.6%,2.404,+2.3%,2.471,+2.8%,28.66,11.6,+7.9%,-48.2%,-23.8%,-50.8%
BL,Extended,Software,Information Technology,Software & Services,Adj,Dec,EPS,CY2027,2.73,2.729,-0.0%,2.753,+0.9%,2.792,+1.4%,28.66,10.3,+2.3%,-48.2%,-23.8%,-50.8%
BL,Extended,Software,Information Technology,Software & Services,Adj,Dec,EPS,CY2028,,,,3.283,,3.363,+2.4%,28.66,8.5,,-48.2%,-23.8%,-50.8%
DSY,Extended,Software,Information Technology,Software & Services,Adj,Dec,EPS,CY2025,1.356,1.31,-3.4%,1.318,+0.6%,1.318,+0.0%,19.715,15.0,-2.8%,-17.3%,+5.7%,-39.8%
DSY,Extended,Software,Information Technology,Software & Services,Adj,Dec,EPS,CY2026,1.433,1.371,-4.3%,1.326,-3.3%,1.329,+0.2%,19.715,14.8,-7.3%,-17.3%,+5.7%,-39.8%
DSY,Extended,Software,Information Technology,Software & Services,Adj,Dec,EPS,CY2027,1.581,1.484,-6.1%,1.406,-5.3%,1.38,-1.8%,19.715,14.3,-12.7%,-17.3%,+5.7%,-39.8%
DSY,Extended,Software,Information Technology,Software & Services,Adj,Dec,EPS,CY2028,1.76,1.632,-7.3%,1.487,-8.9%,1.479,-0.5%,19.715,13.3,-16.0%,-17.3%,+5.7%,-39.8%
WK,Extended,Software,Information Technology,Software & Services,Adj,Dec,EPS,CY2025,1.051,1.64,+56.0%,1.635,-0.3%,1.635,+0.0%,49.13,30.0,+55.6%,-43.0%,-23.7%,-28.0%
WK,Extended,Software,Information Technology,Software & Services,Adj,Dec,EPS,CY2026,1.693,2.254,+33.1%,2.734,+21.3%,2.912,+6.5%,49.13,16.9,+72.0%,-43.0%,-23.7%,-28.0%
WK,Extended,Software,Information Technology,Software & Services,Adj,Dec,EPS,CY2027,3.083,3.179,+3.1%,3.367,+5.9%,3.525,+4.7%,49.13,13.9,+14.3%,-43.0%,-23.7%,-28.0%
WK,Extended,Software,Information Technology,Software & Services,Adj,Dec,EPS,CY2028,4.32,4.33,+0.2%,4.243,-2.0%,4.38,+3.2%,49.13,11.2,+1.4%,-43.0%,-23.7%,-28.0%
AXP,Extended,Payments,Financials,Financial Services,GAAP,Dec,EPS,CY2025,15.208,15.491,+1.9%,15.446,-0.3%,15.446,+0.0%,310.66,20.1,+1.6%,-16.0%,+1.1%,+5.0%
AXP,Extended,Payments,Financials,Financial Services,GAAP,Dec,EPS,CY2026,17.322,17.499,+1.0%,17.592,+0.5%,17.678,+0.5%,310.66,17.6,+2.1%,-16.0%,+1.1%,+5.0%
AXP,Extended,Payments,Financials,Financial Services,GAAP,Dec,EPS,CY2027,19.864,19.918,+0.3%,20.139,+1.1%,20.155,+0.1%,310.66,15.4,+1.5%,-16.0%,+1.1%,+5.0%
AXP,Extended,Payments,Financials,Financial Services,GAAP,Dec,EPS,CY2028,20.38,21.053,+3.3%,23.071,+9.6%,22.922,-0.6%,310.66,13.6,+12.5%,-16.0%,+1.1%,+5.0%
ADYEN,Extended,Payments,Financials,Financial Services,Adj,Dec,EPS,CY2025,35.747,33.78,-5.5%,33.737,-0.1%,33.737,+0.0%,817.4,24.2,-5.6%,-40.6%,-12.2%,-52.1%
ADYEN,Extended,Payments,Financials,Financial Services,Adj,Dec,EPS,CY2026,44.922,41.293,-8.1%,38.71,-6.3%,38.854,+0.4%,817.4,21.0,-13.5%,-40.6%,-12.2%,-52.1%
ADYEN,Extended,Payments,Financials,Financial Services,Adj,Dec,EPS,CY2027,56.733,51.41,-9.4%,47.325,-7.9%,47.433,+0.2%,817.4,17.2,-16.4%,-40.6%,-12.2%,-52.1%
ADYEN,Extended,Payments,Financials,Financial Services,Adj,Dec,EPS,CY2028,52.329,60.887,+16.4%,57.375,-5.8%,58.446,+1.9%,817.4,14.0,+11.7%,-40.6%,-12.2%,-52.1%
STNE,Extended,Payments,Financials,Financial Services,Adj,Dec,EPS,CY2025,8.01,9.447,+17.9%,9.25,-2.1%,9.25,+0.0%,10.4,1.1,+15.5%,-14.9%,-8.7%,-8.9%
STNE,Extended,Payments,Financials,Financial Services,Adj,Dec,EPS,CY2026,9.543,10.87,+13.9%,10.398,-4.3%,10.652,+2.4%,10.4,1.0,+11.6%,-14.9%,-8.7%,-8.9%
STNE,Extended,Payments,Financials,Financial Services,Adj,Dec,EPS,CY2027,11.459,12.662,+10.5%,11.682,-7.7%,12.59,+7.8%,10.4,0.8,+9.9%,-14.9%,-8.7%,-8.9%
STNE,Extended,Payments,Financials,Financial Services,Adj,Dec,EPS,CY2028,,16.503,,13.458,-18.5%,13.435,-0.2%,10.4,0.8,,-14.9%,-8.7%,-8.9%
NU,Extended,Payments,Financials,Banks,Adj,Dec,EPS,CY2025,0.551,0.607,+10.2%,0.609,+0.3%,0.609,+0.0%,11.97,19.7,+10.5%,-28.5%,-19.2%,-1.2%
NU,Extended,Payments,Financials,Banks,Adj,Dec,EPS,CY2026,0.757,0.87,+14.9%,0.875,+0.6%,0.851,-2.7%,11.97,14.1,+12.4%,-28.5%,-19.2%,-1.2%
NU,Extended,Payments,Financials,Banks,Adj,Dec,EPS,CY2027,0.981,1.115,+13.7%,1.151,+3.2%,1.121,-2.6%,11.97,10.7,+14.3%,-28.5%,-19.2%,-1.2%
NU,Extended,Payments,Financials,Banks,Adj,Dec,EPS,CY2028,1.114,1.306,+17.2%,1.467,+12.3%,1.399,-4.6%,11.97,8.6,+25.6%,-28.5%,-19.2%,-1.2%
FISV,Extended,Payments,Financials,Financial Services,Adj,Dec,EPS,CY2025,10.206,8.558,-16.1%,8.557,-0.0%,8.557,+0.0%,54.43,6.4,-16.2%,-19.0%,-14.8%,-67.1%
FISV,Extended,Payments,Financials,Financial Services,Adj,Dec,EPS,CY2026,11.898,8.356,-29.8%,8.121,-2.8%,8.121,+0.0%,54.43,6.7,-31.7%,-19.0%,-14.8%,-67.1%
FISV,Extended,Payments,Financials,Financial Services,Adj,Dec,EPS,CY2027,13.783,9.179,-33.4%,9.021,-1.7%,8.941,-0.9%,54.43,6.1,-35.1%,-19.0%,-14.8%,-67.1%
FISV,Extended,Payments,Financials,Financial Services,Adj,Dec,EPS,CY2028,15.424,10.015,-35.1%,9.91,-1.0%,10.113,+2.0%,54.43,5.4,-34.4%,-19.0%,-14.8%,-67.1%
FIS,Extended,Payments,Financials,Financial Services,Adj,Dec,EPS,CY2025,5.741,5.769,+0.5%,5.771,+0.0%,5.771,+0.0%,40.95,7.1,+0.5%,-38.4%,-19.0%,-49.2%
FIS,Extended,Payments,Financials,Financial Services,Adj,Dec,EPS,CY2026,6.243,6.334,+1.5%,6.278,-0.9%,6.265,-0.2%,40.95,6.5,+0.4%,-38.4%,-19.0%,-49.2%
FIS,Extended,Payments,Financials,Financial Services,Adj,Dec,EPS,CY2027,6.796,6.916,+1.8%,6.897,-0.3%,6.807,-1.3%,40.95,6.0,+0.2%,-38.4%,-19.0%,-49.2%
FIS,Extended,Payments,Financials,Financial Services,Adj,Dec,EPS,CY2028,7.197,7.238,+0.6%,7.6,+5.0%,7.532,-0.9%,40.95,5.4,+4.7%,-38.4%,-19.0%,-49.2%
GPN,Extended,Payments,Financials,Financial Services,Adj,Dec,EPS,CY2025,12.105,12.224,+1.0%,12.222,-0.0%,12.222,+0.0%,66.32,5.4,+1.0%,-14.3%,-15.3%,-12.8%
GPN,Extended,Payments,Financials,Financial Services,Adj,Dec,EPS,CY2026,13.619,13.693,+0.5%,13.907,+1.6%,13.853,-0.4%,66.32,4.8,+1.7%,-14.3%,-15.3%,-12.8%
GPN,Extended,Payments,Financials,Financial Services,Adj,Dec,EPS,CY2027,15.669,15.782,+0.7%,16.241,+2.9%,16.261,+0.1%,66.32,4.1,+3.8%,-14.3%,-15.3%,-12.8%
GPN,Extended,Payments,Financials,Financial Services,Adj,Dec,EPS,CY2028,16.453,17.37,+5.6%,18.967,+9.2%,19.128,+0.8%,66.32,3.5,+16.3%,-14.3%,-15.3%,-12.8%
TOST,Extended,Payments,Financials,Financial Services,Adj,Dec,EPS,CY2025,0.614,0.614,+0.0%,0.58,-5.5%,0.58,+0.0%,24.64,42.5,-5.5%,-30.6%,-19.2%,-42.5%
TOST,Extended,Payments,Financials,Financial Services,Adj,Dec,EPS,CY2026,0.936,0.886,-5.3%,0.844,-4.7%,0.987,+16.9%,24.64,25.0,+5.4%,-30.6%,-19.2%,-42.5%
TOST,Extended,Payments,Financials,Financial Services,Adj,Dec,EPS,CY2027,1.329,1.162,-12.6%,1.201,+3.4%,1.293,+7.7%,24.64,19.1,-2.7%,-30.6%,-19.2%,-42.5%
TOST,Extended,Payments,Financials,Financial Services,Adj,Dec,EPS,CY2028,1.368,1.32,-3.5%,1.658,+25.6%,1.646,-0.7%,24.64,15.0,+20.3%,-30.6%,-19.2%,-42.5%
FOUR,Extended,Payments,Financials,Financial Services,Adj,Dec,EPS,CY2025,5.036,4.813,-4.4%,5.109,+6.2%,5.109,+0.0%,38.08,7.5,+1.4%,-39.5%,-22.3%,-59.6%
FOUR,Extended,Payments,Financials,Financial Services,Adj,Dec,EPS,CY2026,6.127,6.199,+1.2%,5.508,-11.1%,5.595,+1.6%,38.08,6.8,-8.7%,-39.5%,-22.3%,-59.6%
FOUR,Extended,Payments,Financials,Financial Services,Adj,Dec,EPS,CY2027,6.673,7.863,+17.8%,6.399,-18.6%,6.523,+1.9%,38.08,5.8,-2.2%,-39.5%,-22.3%,-59.6%
FOUR,Extended,Payments,Financials,Financial Services,Adj,Dec,EPS,CY2028,,8.99,,7.811,-13.1%,7.658,-2.0%,38.08,5.0,,-39.5%,-22.3%,-59.6%
CPAY,Extended,Payments,Financials,Financial Services,Adj,Dec,EPS,CY2025,20.994,21.271,+1.3%,21.283,+0.1%,21.283,+0.0%,347.45,16.3,+1.4%,+15.5%,+7.1%,+5.0%
CPAY,Extended,Payments,Financials,Financial Services,Adj,Dec,EPS,CY2026,24.489,24.878,+1.6%,26.011,+4.6%,26.778,+2.9%,347.45,13.0,+9.3%,+15.5%,+7.1%,+5.0%
CPAY,Extended,Payments,Financials,Financial Services,Adj,Dec,EPS,CY2027,28.508,29.038,+1.9%,29.801,+2.6%,30.664,+2.9%,347.45,11.3,+7.6%,+15.5%,+7.1%,+5.0%
CPAY,Extended,Payments,Financials,Financial Services,Adj,Dec,EPS,CY2028,32.61,33.98,+4.2%,34.55,+1.7%,35.67,+3.2%,347.45,9.7,+9.4%,+15.5%,+7.1%,+5.0%
SEIC,Extended,Payments,Financials,Financial Services,Adj,Dec,EPS,CY2025,4.683,4.963,+6.0%,4.963,+0.0%,4.963,+0.0%,89.42,18.0,+6.0%,+9.0%,+9.0%,+4.9%
SEIC,Extended,Payments,Financials,Financial Services,Adj,Dec,EPS,CY2026,5.071,5.512,+8.7%,5.674,+2.9%,5.883,+3.7%,89.42,15.2,+16.0%,+9.0%,+9.0%,+4.9%
SEIC,Extended,Payments,Financials,Financial Services,Adj,Dec,EPS,CY2027,5.652,6.103,+8.0%,6.389,+4.7%,6.616,+3.6%,89.42,13.5,+17.1%,+9.0%,+9.0%,+4.9%
SEIC,Extended,Payments,Financials,Financial Services,Adj,Dec,EPS,CY2028,,7.03,,7.27,+3.4%,7.563,+4.0%,89.42,11.8,,+9.0%,+9.0%,+4.9%
DBD,Extended,Payments,Information Technology,Technology Hardware & Equipmen,Adj,Dec,EPS,CY2025,3.423,4.123,+20.4%,3.807,-7.7%,3.807,+0.0%,81.14,21.3,+11.2%,+19.5%,+3.3%,+63.2%
DBD,Extended,Payments,Information Technology,Technology Hardware & Equipmen,Adj,Dec,EPS,CY2026,4.637,5.017,+8.2%,5.487,+9.4%,5.49,+0.1%,81.14,14.8,+18.4%,+19.5%,+3.3%,+63.2%
DBD,Extended,Payments,Information Technology,Technology Hardware & Equipmen,Adj,Dec,EPS,CY2027,5.49,6.475,+17.9%,6.717,+3.7%,6.793,+1.1%,81.14,11.9,+23.7%,+19.5%,+3.3%,+63.2%
DBD,Extended,Payments,Information Technology,Technology Hardware & Equipmen,Adj,Dec,EPS,CY2028,6.45,7.76,+20.3%,7.84,+1.0%,7.58,-3.3%,81.14,10.7,+17.5%,+19.5%,+3.3%,+63.2%
JKHY,Extended,Payments,Financials,Financial Services,Adj,Jun,EPS,CY2025,5.954,5.978,+0.4%,5.978,+0.0%,5.978,+0.0%,130.11,21.8,+0.4%,-28.7%,-22.1%,-28.1%
JKHY,Extended,Payments,Financials,Financial Services,Adj,Jun,EPS,CY2026,6.354,6.411,+0.9%,6.454,+0.7%,6.701,+3.8%,130.11,19.4,+5.5%,-28.7%,-22.1%,-28.1%
JKHY,Extended,Payments,Financials,Financial Services,Adj,Jun,EPS,CY2027,6.907,6.899,-0.1%,7.136,+3.4%,7.157,+0.3%,130.11,18.2,+3.6%,-28.7%,-22.1%,-28.1%
JKHY,Extended,Payments,Financials,Financial Services,Adj,Jun,EPS,CY2028,7.65,7.488,-2.1%,7.7,+2.8%,7.774,+1.0%,130.11,16.7,+1.6%,-28.7%,-22.1%,-28.1%
WU,Extended,Payments,Financials,Financial Services,Adj,Dec,EPS,CY2025,1.765,1.732,-1.9%,1.732,+0.0%,1.732,+0.0%,7.48,4.3,-1.9%,-19.7%,-22.9%,-19.6%
WU,Extended,Payments,Financials,Financial Services,Adj,Dec,EPS,CY2026,1.846,1.778,-3.7%,1.795,+1.0%,1.753,-2.3%,7.48,4.3,-5.0%,-19.7%,-22.9%,-19.6%
WU,Extended,Payments,Financials,Financial Services,Adj,Dec,EPS,CY2027,1.969,1.898,-3.6%,1.925,+1.4%,1.916,-0.5%,7.48,3.9,-2.7%,-19.7%,-22.9%,-19.6%
WU,Extended,Payments,Financials,Financial Services,Adj,Dec,EPS,CY2028,,1.99,,2.072,+4.1%,2.062,-0.5%,7.48,3.6,,-19.7%,-22.9%,-19.6%
FCFS,Extended,Payments,Financials,Financial Services,Adj,Dec,EPS,CY2025,7.886,8.659,+9.8%,8.644,-0.2%,8.644,+0.0%,225.44,26.1,+9.6%,+41.4%,+20.5%,+81.7%
FCFS,Extended,Payments,Financials,Financial Services,Adj,Dec,EPS,CY2026,9.364,10.075,+7.6%,10.343,+2.7%,10.784,+4.3%,225.44,20.9,+15.2%,+41.4%,+20.5%,+81.7%
FCFS,Extended,Payments,Financials,Financial Services,Adj,Dec,EPS,CY2027,,11.67,,12.272,+5.2%,12.409,+1.1%,225.44,18.2,,+41.4%,+20.5%,+81.7%
FCFS,Extended,Payments,Financials,Financial Services,Adj,Dec,EPS,CY2028,,13.025,,14.483,+11.2%,14.873,+2.7%,225.44,15.2,,+41.4%,+20.5%,+81.7%
EEFT,Extended,Payments,Financials,Financial Services,Adj,Dec,EPS,CY2025,9.825,9.754,-0.7%,9.742,-0.1%,9.742,+0.0%,66.74,6.9,-0.8%,-12.3%,-10.1%,-39.2%
EEFT,Extended,Payments,Financials,Financial Services,Adj,Dec,EPS,CY2026,11.238,11.092,-1.3%,10.86,-2.1%,10.949,+0.8%,66.74,6.1,-2.6%,-12.3%,-10.1%,-39.2%
EEFT,Extended,Payments,Financials,Financial Services,Adj,Dec,EPS,CY2027,,12.324,,12.155,-1.4%,12.268,+0.9%,66.74,5.4,,-12.3%,-10.1%,-39.2%
EEFT,Extended,Payments,Financials,Financial Services,Adj,Dec,EPS,CY2028,,13.32,,12.845,-3.6%,13.37,+4.1%,66.74,5.0,,-12.3%,-10.1%,-39.2%
WEX,Extended,Payments,Financials,Financial Services,Adj,Dec,EPS,CY2025,15.038,15.922,+5.9%,15.95,+0.2%,15.95,+0.0%,148.21,9.3,+6.1%,-0.5%,-10.8%,+8.6%
WEX,Extended,Payments,Financials,Financial Services,Adj,Dec,EPS,CY2026,16.776,17.673,+5.3%,17.652,-0.1%,19.333,+9.5%,148.21,7.7,+15.2%,-0.5%,-10.8%,+8.6%
WEX,Extended,Payments,Financials,Financial Services,Adj,Dec,EPS,CY2027,18.828,19.76,+5.0%,19.416,-1.7%,20.304,+4.6%,148.21,7.3,+7.8%,-0.5%,-10.8%,+8.6%
WEX,Extended,Payments,Financials,Financial Services,Adj,Dec,EPS,CY2028,21.19,21.51,+1.5%,21.317,-0.9%,21.921,+2.8%,148.21,6.8,+3.4%,-0.5%,-10.8%,+8.6%
EQT,Extended,Financials and related,Energy,Energy,Adj,Dec,EPS,CY2025,3.523,2.892,-17.9%,2.941,+1.7%,2.941,+0.0%,53.75,18.3,-16.5%,+0.3%,-12.8%,-2.9%
EQT,Extended,Financials and related,Energy,Energy,Adj,Dec,EPS,CY2026,5.03,4.582,-8.9%,4.568,-0.3%,4.687,+2.6%,53.75,11.5,-6.8%,+0.3%,-12.8%,-2.9%
EQT,Extended,Financials and related,Energy,Energy,Adj,Dec,EPS,CY2027,4.734,5.05,+6.7%,4.546,-10.0%,4.834,+6.3%,53.75,11.1,+2.1%,+0.3%,-12.8%,-2.9%
EQT,Extended,Financials and related,Energy,Energy,Adj,Dec,EPS,CY2028,5.154,5.377,+4.3%,5.028,-6.5%,5.625,+11.9%,53.75,9.6,+9.1%,+0.3%,-12.8%,-2.9%
HLNE,Extended,Financials and related,Financials,Financial Services,Adj,Mar,EPS,CY2025,4.548,5.543,+21.9%,5.758,+3.9%,5.738,-0.3%,80.46,14.0,+26.2%,-40.1%,-26.9%,-46.6%
HLNE,Extended,Financials and related,Financials,Financial Services,Adj,Mar,EPS,CY2026,5.712,6.15,+7.7%,6.469,+5.2%,6.082,-6.0%,80.46,13.2,+6.5%,-40.1%,-26.9%,-46.6%
HLNE,Extended,Financials and related,Financials,Financial Services,Adj,Mar,EPS,CY2027,6.53,7.518,+15.1%,7.73,+2.8%,7.096,-8.2%,80.46,11.3,+8.7%,-40.1%,-26.9%,-46.6%
HLNE,Extended,Financials and related,Financials,Financial Services,Adj,Mar,EPS,CY2028,,8.51,,8.12,-4.6%,7.325,-9.8%,80.46,11.0,,-40.1%,-26.9%,-46.6%
STEP,Extended,Financials and related,Financials,Financial Services,Adj,Mar,EPS,CY2025,1.88,2.045,+8.8%,2.109,+3.1%,2.091,-0.9%,44.91,21.5,+11.2%,-30.0%,-5.7%,-20.4%
STEP,Extended,Financials and related,Financials,Financial Services,Adj,Mar,EPS,CY2026,2.334,2.523,+8.1%,2.601,+3.1%,2.501,-3.8%,44.91,18.0,+7.2%,-30.0%,-5.7%,-20.4%
STEP,Extended,Financials and related,Financials,Financial Services,Adj,Mar,EPS,CY2027,,3.025,,3.16,+4.5%,3.313,+4.8%,44.91,13.6,,-30.0%,-5.7%,-20.4%
STEP,Extended,Financials and related,Financials,Financial Services,Adj,Mar,EPS,CY2028,,3.89,,3.66,-5.9%,3.24,-11.5%,44.91,13.9,,-30.0%,-5.7%,-20.4%
TROW,Extended,Financials and related,Financials,Financial Services,Adj,Dec,EPS,CY2025,8.255,9.705,+17.6%,9.722,+0.2%,9.722,+0.0%,105.99,10.9,+17.8%,+3.5%,+15.2%,+13.7%
TROW,Extended,Financials and related,Financials,Financial Services,Adj,Dec,EPS,CY2026,8.407,10.141,+20.6%,9.9,-2.4%,9.468,-4.4%,105.99,11.2,+12.6%,+3.5%,+15.2%,+13.7%
TROW,Extended,Financials and related,Financials,Financial Services,Adj,Dec,EPS,CY2027,8.656,10.11,+16.8%,10.139,+0.3%,9.512,-6.2%,105.99,11.1,+9.9%,+3.5%,+15.2%,+13.7%
TROW,Extended,Financials and related,Financials,Financial Services,Adj,Dec,EPS,CY2028,10.23,10.69,+4.5%,10.123,-5.3%,9.113,-10.0%,105.99,11.6,-10.9%,+3.5%,+15.2%,+13.7%
SYF,Extended,Financials and related,Financials,Financial Services,Adj,Dec,EPS,CY2025,7.647,9.147,+19.6%,9.23,+0.9%,9.23,+0.0%,70.84,7.7,+20.7%,-15.1%,+2.7%,+23.3%
SYF,Extended,Financials and related,Financials,Financial Services,Adj,Dec,EPS,CY2026,8.596,9.129,+6.2%,9.256,+1.4%,9.28,+0.3%,70.84,7.6,+8.0%,-15.1%,+2.7%,+23.3%
SYF,Extended,Financials and related,Financials,Financial Services,Adj,Dec,EPS,CY2027,9.657,10.025,+3.8%,10.34,+3.1%,10.41,+0.7%,70.84,6.8,+7.8%,-15.1%,+2.7%,+23.3%
SYF,Extended,Financials and related,Financials,Financial Services,Adj,Dec,EPS,CY2028,,8.835,,11.487,+30.0%,11.524,+0.3%,70.84,6.1,,-15.1%,+2.7%,+23.3%
BFH,Extended,Financials and related,Financials,Financial Services,Adj,Dec,EPS,CY2025,7.125,9.76,+37.0%,10.173,+4.2%,10.173,+0.0%,91.11,9.0,+42.8%,+23.1%,+21.1%,+84.4%
BFH,Extended,Financials and related,Financials,Financial Services,Adj,Dec,EPS,CY2026,8.975,9.216,+2.7%,10.021,+8.7%,11.111,+10.9%,91.11,8.2,+23.8%,+23.1%,+21.1%,+84.4%
BFH,Extended,Financials and related,Financials,Financial Services,Adj,Dec,EPS,CY2027,9.587,10.858,+13.3%,11.607,+6.9%,12.581,+8.4%,91.11,7.2,+31.2%,+23.1%,+21.1%,+84.4%
BFH,Extended,Financials and related,Financials,Financial Services,Adj,Dec,EPS,CY2028,,9.54,,12.998,+36.2%,13.958,+7.4%,91.11,6.5,,+23.1%,+21.1%,+84.4%
ICE,Extended,Financials and related,Financials,Financial Services,Adj,Dec,EPS,CY2025,6.902,6.914,+0.2%,6.916,+0.0%,6.916,+0.0%,141.5,20.5,+0.2%,-12.6%,-13.7%,-20.8%
ICE,Extended,Financials and related,Financials,Financial Services,Adj,Dec,EPS,CY2026,7.649,7.482,-2.2%,7.657,+2.3%,8.131,+6.2%,141.5,17.4,+6.3%,-12.6%,-13.7%,-20.8%
ICE,Extended,Financials and related,Financials,Financial Services,Adj,Dec,EPS,CY2027,8.312,8.287,-0.3%,8.548,+3.1%,8.799,+2.9%,141.5,16.1,+5.9%,-12.6%,-13.7%,-20.8%
ICE,Extended,Financials and related,Financials,Financial Services,Adj,Dec,EPS,CY2028,9.503,9.187,-3.3%,9.416,+2.5%,9.746,+3.5%,141.5,14.5,+2.6%,-12.6%,-13.7%,-20.8%
CME,Extended,Financials and related,Financials,Financial Services,Adj,Dec,EPS,CY2025,11.154,11.143,-0.1%,11.164,+0.2%,11.164,+0.0%,257.4,23.1,+0.1%,-3.9%,-17.1%,-4.5%
CME,Extended,Financials and related,Financials,Financial Services,Adj,Dec,EPS,CY2026,11.626,11.573,-0.5%,11.964,+3.4%,12.23,+2.2%,257.4,21.0,+5.2%,-3.9%,-17.1%,-4.5%
CME,Extended,Financials and related,Financials,Financial Services,Adj,Dec,EPS,CY2027,12.364,12.218,-1.2%,12.635,+3.4%,12.805,+1.3%,257.4,20.1,+3.6%,-3.9%,-17.1%,-4.5%
CME,Extended,Financials and related,Financials,Financial Services,Adj,Dec,EPS,CY2028,13.307,12.645,-5.0%,13.655,+8.0%,13.648,-0.1%,257.4,18.9,+2.6%,-3.9%,-17.1%,-4.5%
SLM,Extended,Financials and related,Financials,Financial Services,Adj,Dec,EPS,CY2025,3.106,3.236,+4.2%,3.278,+1.3%,3.278,+0.0%,22.39,6.8,+5.5%,-17.3%,+12.6%,-29.6%
SLM,Extended,Financials and related,Financials,Financial Services,Adj,Dec,EPS,CY2026,3.464,3.4,-1.8%,2.739,-19.4%,3.15,+15.0%,22.39,7.1,-9.1%,-17.3%,+12.6%,-29.6%
SLM,Extended,Financials and related,Financials,Financial Services,Adj,Dec,EPS,CY2027,3.876,3.876,+0.0%,3.188,-17.8%,3.393,+6.4%,22.39,6.6,-12.5%,-17.3%,+12.6%,-29.6%
SLM,Extended,Financials and related,Financials,Financial Services,Adj,Dec,EPS,CY2028,,4.86,,3.875,-20.3%,3.88,+0.1%,22.39,5.8,,-17.3%,+12.6%,-29.6%
CBOE,Extended,Financials and related,Financials,Financial Services,Adj,Dec,EPS,CY2025,9.539,10.348,+8.5%,10.551,+2.0%,10.551,+0.0%,281.91,26.7,+10.6%,+12.3%,-5.2%,+26.6%
CBOE,Extended,Financials and related,Financials,Financial Services,Adj,Dec,EPS,CY2026,10.064,10.981,+9.1%,11.639,+6.0%,13.439,+15.5%,281.91,21.0,+33.5%,+12.3%,-5.2%,+26.6%
CBOE,Extended,Financials and related,Financials,Financial Services,Adj,Dec,EPS,CY2027,10.855,11.603,+6.9%,12.573,+8.4%,14.236,+13.2%,281.91,19.8,+31.1%,+12.3%,-5.2%,+26.6%
CBOE,Extended,Financials and related,Financials,Financial Services,Adj,Dec,EPS,CY2028,11.487,11.963,+4.1%,13.653,+14.1%,15.482,+13.4%,281.91,18.2,+34.8%,+12.3%,-5.2%,+26.6%
NDAQ,Extended,Financials and related,Financials,Financial Services,Adj,Dec,EPS,CY2025,3.194,3.429,+7.4%,3.431,+0.1%,3.431,+0.0%,87.28,25.4,+7.4%,-10.1%,-1.1%,+3.9%
NDAQ,Extended,Financials and related,Financials,Financial Services,Adj,Dec,EPS,CY2026,3.556,3.809,+7.1%,3.916,+2.8%,3.931,+0.4%,87.28,22.2,+10.5%,-10.1%,-1.1%,+3.9%
NDAQ,Extended,Financials and related,Financials,Financial Services,Adj,Dec,EPS,CY2027,3.98,4.263,+7.1%,4.409,+3.4%,4.424,+0.3%,87.28,19.7,+11.2%,-10.1%,-1.1%,+3.9%
NDAQ,Extended,Financials and related,Financials,Financial Services,Adj,Dec,EPS,CY2028,,4.685,,5.033,+7.4%,5.066,+0.7%,87.28,17.2,,-10.1%,-1.1%,+3.9%
NAVI,Extended,Financials and related,Financials,Financial Services,Adj,Dec,EPS,CY2025,1.079,-0.068,-106.3%,-0.063,+7.4%,-0.063,+0.0%,7.81,-124.0,-105.8%,-39.9%,-8.8%,-42.4%
NAVI,Extended,Financials and related,Financials,Financial Services,Adj,Dec,EPS,CY2026,1.32,1.191,-9.8%,0.694,-41.7%,0.72,+3.7%,7.81,10.8,-45.5%,-39.9%,-8.8%,-42.4%
NAVI,Extended,Financials and related,Financials,Financial Services,Adj,Dec,EPS,CY2027,,1.448,,0.979,-32.4%,0.945,-3.5%,7.81,8.3,,-39.9%,-8.8%,-42.4%
NAVI,Extended,Financials and related,Financials,Financial Services,Adj,Dec,EPS,CY2028,,,,1.27,,1.175,-7.5%,7.81,6.6,,-39.9%,-8.8%,-42.4%
FG,Extended,Financials and related,Financials,Insurance,Adj,Dec,EPS,CY2025,3.735,4.055,+8.6%,3.91,-3.6%,3.91,+0.0%,27.81,7.1,+4.7%,-9.9%,+18.5%,-15.6%
FG,Extended,Financials and related,Financials,Insurance,Adj,Dec,EPS,CY2026,5.703,5.65,-0.9%,5.51,-2.5%,3.94,-28.5%,27.81,7.1,-30.9%,-9.9%,+18.5%,-15.6%
FG,Extended,Financials and related,Financials,Insurance,Adj,Dec,EPS,CY2027,6.59,6.58,-0.2%,6.375,-3.1%,5.15,-19.2%,27.81,5.4,-21.9%,-9.9%,+18.5%,-15.6%
FG,Extended,Financials and related,Financials,Insurance,Adj,Dec,EPS,CY2028,,,,7.52,,5.765,-23.3%,27.81,4.8,,-9.9%,+18.5%,-15.6%
BEN,Extended,Financials and related,Financials,Financial Services,Adj,Sep,EPS,CY2025,2.047,2.12,+3.6%,2.12,+0.0%,2.12,+0.0%,31.33,14.8,+3.6%,+31.1%,+16.4%,+44.0%
BEN,Extended,Financials and related,Financials,Financial Services,Adj,Sep,EPS,CY2026,2.303,2.485,+7.9%,2.62,+5.4%,2.739,+4.5%,31.33,11.4,+18.9%,+31.1%,+16.4%,+44.0%
BEN,Extended,Financials and related,Financials,Financial Services,Adj,Sep,EPS,CY2027,2.679,2.783,+3.9%,2.918,+4.9%,2.949,+1.1%,31.33,10.6,+10.1%,+31.1%,+16.4%,+44.0%
BEN,Extended,Financials and related,Financials,Financial Services,Adj,Sep,EPS,CY2028,2.063,2.89,+40.1%,3.159,+9.3%,3.281,+3.9%,31.33,9.5,+59.0%,+31.1%,+16.4%,+44.0%
ALLY,Extended,Financials and related,Financials,Financial Services,Adj,Dec,EPS,CY2025,3.373,3.758,+11.4%,3.755,-0.1%,3.755,+0.0%,42.77,11.4,+11.3%,-5.6%,+7.2%,+21.5%
ALLY,Extended,Financials and related,Financials,Financial Services,Adj,Dec,EPS,CY2026,5.428,5.395,-0.6%,5.221,-3.2%,5.223,+0.0%,42.77,8.2,-3.8%,-5.6%,+7.2%,+21.5%
ALLY,Extended,Financials and related,Financials,Financial Services,Adj,Dec,EPS,CY2027,6.054,6.253,+3.3%,6.358,+1.7%,6.431,+1.1%,42.77,6.7,+6.2%,-5.6%,+7.2%,+21.5%
ALLY,Extended,Financials and related,Financials,Financial Services,Adj,Dec,EPS,CY2028,,,,7.188,,7.147,-0.6%,42.77,6.0,,-5.6%,+7.2%,+21.5%
RM,Extended,Financials and related,Financials,Financial Services,Adj,Dec,EPS,CY2025,4.365,4.422,+1.3%,4.433,+0.2%,4.433,+0.0%,35.93,8.1,+1.6%,-7.3%,+8.2%,+33.2%
RM,Extended,Financials and related,Financials,Financial Services,Adj,Dec,EPS,CY2026,6.53,6.124,-6.2%,5.498,-10.2%,5.6,+1.9%,35.93,6.4,-14.2%,-7.3%,+8.2%,+33.2%
RM,Extended,Financials and related,Financials,Financial Services,Adj,Dec,EPS,CY2027,11.76,8.247,-29.9%,7.515,-8.9%,7.365,-2.0%,35.93,4.9,-37.4%,-7.3%,+8.2%,+33.2%
RM,Extended,Financials and related,Financials,Financial Services,Adj,Dec,EPS,CY2028,,,,8.1,,7.38,-8.9%,35.93,4.9,,-7.3%,+8.2%,+33.2%
OMF,Extended,Financials and related,Financials,Financial Services,Adj,Dec,EPS,CY2025,6.113,6.639,+8.6%,6.702,+0.9%,6.702,+0.0%,55.36,8.3,+9.6%,-18.0%,+0.6%,+6.7%
OMF,Extended,Financials and related,Financials,Financial Services,Adj,Dec,EPS,CY2026,7.999,8.031,+0.4%,7.497,-6.6%,7.296,-2.7%,55.36,7.6,-8.8%,-18.0%,+0.6%,+6.7%
OMF,Extended,Financials and related,Financials,Financial Services,Adj,Dec,EPS,CY2027,,9.926,,9.15,-7.8%,8.67,-5.2%,55.36,6.4,,-18.0%,+0.6%,+6.7%
OMF,Extended,Financials and related,Financials,Financial Services,Adj,Dec,EPS,CY2028,,12.58,,11.033,-12.3%,10.586,-4.1%,55.36,5.2,,-18.0%,+0.6%,+6.7%
OPRT,Extended,Financials and related,Financials,Financial Services,Adj,Dec,EPS,CY2025,1.226,1.113,-9.2%,1.349,+21.2%,1.349,+0.0%,4.75,3.5,+10.0%,-10.2%,-9.9%,-27.9%
OPRT,Extended,Financials and related,Financials,Financial Services,Adj,Dec,EPS,CY2026,1.673,1.445,-13.6%,1.449,+0.3%,1.565,+8.0%,4.75,3.0,-6.5%,-10.2%,-9.9%,-27.9%
OPRT,Extended,Financials and related,Financials,Financial Services,Adj,Dec,EPS,CY2027,1.87,1.75,-6.4%,1.814,+3.7%,1.847,+1.8%,4.75,2.6,-1.2%,-10.2%,-9.9%,-27.9%
OPRT,Extended,Financials and related,Financials,Financial Services,Adj,Dec,EPS,CY2028,,,,2.35,,2.31,-1.7%,4.75,2.1,,-10.2%,-9.9%,-27.9%
ENVA,Extended,Financials and related,Financials,Financial Services,Adj,Dec,EPS,CY2025,11.764,12.74,+8.3%,12.733,-0.1%,12.733,+0.0%,168.82,13.3,+8.2%,+7.4%,+18.9%,+79.6%
ENVA,Extended,Financials and related,Financials,Financial Services,Adj,Dec,EPS,CY2026,13.67,14.361,+5.1%,15.777,+9.9%,16.417,+4.1%,168.82,10.3,+20.1%,+7.4%,+18.9%,+79.6%
ENVA,Extended,Financials and related,Financials,Financial Services,Adj,Dec,EPS,CY2027,,17.473,,18.347,+5.0%,19.923,+8.6%,168.82,8.5,,+7.4%,+18.9%,+79.6%
ENVA,Extended,Financials and related,Financials,Financial Services,Adj,Dec,EPS,CY2028,,,,24.63,,26.48,+7.5%,168.82,6.4,,+7.4%,+18.9%,+79.6%
ECPG,Extended,Financials and related,Financials,Financial Services,Adj,Dec,EPS,CY2025,5.985,9.756,+63.0%,9.68,-0.8%,9.68,+0.0%,81.46,8.4,+61.7%,+49.9%,+12.1%,+118.7%
ECPG,Extended,Financials and related,Financials,Financial Services,Adj,Dec,EPS,CY2026,7.318,9.278,+26.8%,11.978,+29.1%,12.953,+8.1%,81.46,6.3,+77.0%,+49.9%,+12.1%,+118.7%
ECPG,Extended,Financials and related,Financials,Financial Services,Adj,Dec,EPS,CY2027,5.125,10.28,+100.6%,10.55,+2.6%,13.765,+30.5%,81.46,5.9,+168.6%,+49.9%,+12.1%,+118.7%
ECPG,Extended,Financials and related,Financials,Financial Services,Adj,Dec,EPS,CY2028,7.54,10.88,+44.3%,13.01,+19.6%,16.82,+29.3%,81.46,4.8,+123.1%,+49.9%,+12.1%,+118.7%
EQR,Extended,Financials and related,Real Estate,Equity Real Estate Investment,Adj,Dec,EPS,CY2025,1.606,2.964,+84.6%,2.845,-4.0%,2.845,+0.0%,68.19,24.0,+77.1%,+8.2%,+8.0%,-0.4%
EQR,Extended,Financials and related,Real Estate,Equity Real Estate Investment,Adj,Dec,EPS,CY2026,1.394,1.833,+31.5%,1.415,-22.8%,1.353,-4.4%,68.19,50.4,-2.9%,+8.2%,+8.0%,-0.4%
EQR,Extended,Financials and related,Real Estate,Equity Real Estate Investment,Adj,Dec,EPS,CY2027,1.849,1.572,-15.0%,1.549,-1.5%,1.6,+3.3%,68.19,42.6,-13.5%,+8.2%,+8.0%,-0.4%
EQR,Extended,Financials and related,Real Estate,Equity Real Estate Investment,Adj,Dec,EPS,CY2028,2.553,3.115,+22.0%,1.655,-46.9%,1.78,+7.6%,68.19,38.3,-30.3%,+8.2%,+8.0%,-0.4%
MCD,Extended,Food / Restaurants,Consumer Discretionary,Consumer Services,Adj,Dec,EPS,CY2025,12.275,12.119,-1.3%,12.137,+0.1%,12.137,+0.0%,279.84,23.1,-1.1%,-8.4%,-14.5%,-9.4%
MCD,Extended,Food / Restaurants,Consumer Discretionary,Consumer Services,Adj,Dec,EPS,CY2026,13.292,13.243,-0.4%,13.22,-0.2%,12.987,-1.8%,279.84,21.5,-2.3%,-8.4%,-14.5%,-9.4%
MCD,Extended,Food / Restaurants,Consumer Discretionary,Consumer Services,Adj,Dec,EPS,CY2027,14.624,14.457,-1.1%,14.414,-0.3%,14.171,-1.7%,279.84,19.7,-3.1%,-8.4%,-14.5%,-9.4%
MCD,Extended,Food / Restaurants,Consumer Discretionary,Consumer Services,Adj,Dec,EPS,CY2028,16.093,15.771,-2.0%,15.605,-1.1%,15.371,-1.5%,279.84,18.2,-4.5%,-8.4%,-14.5%,-9.4%
YUM,Extended,Food / Restaurants,Consumer Discretionary,Consumer Services,Adj,Dec,EPS,CY2025,6.052,6.08,+0.5%,6.059,-0.3%,6.059,+0.0%,150.87,24.9,+0.1%,-0.3%,-4.9%,+5.6%
YUM,Extended,Food / Restaurants,Consumer Discretionary,Consumer Services,Adj,Dec,EPS,CY2026,6.712,6.663,-0.7%,6.645,-0.3%,6.78,+2.0%,150.87,22.3,+1.0%,-0.3%,-4.9%,+5.6%
YUM,Extended,Food / Restaurants,Consumer Discretionary,Consumer Services,Adj,Dec,EPS,CY2027,7.507,7.448,-0.8%,7.443,-0.1%,7.498,+0.7%,150.87,20.1,-0.1%,-0.3%,-4.9%,+5.6%
YUM,Extended,Food / Restaurants,Consumer Discretionary,Consumer Services,Adj,Dec,EPS,CY2028,8.585,8.452,-1.5%,8.367,-1.0%,8.399,+0.4%,150.87,18.0,-2.2%,-0.3%,-4.9%,+5.6%
WEN,Extended,Food / Restaurants,Consumer Discretionary,Consumer Services,Adj,Dec,EPS,CY2025,0.95,0.875,-7.9%,0.872,-0.3%,0.872,+0.0%,6.71,7.7,-8.2%,-19.4%,-7.4%,-42.6%
WEN,Extended,Food / Restaurants,Consumer Discretionary,Consumer Services,Adj,Dec,EPS,CY2026,1.053,0.875,-16.9%,0.584,-33.3%,0.574,-1.7%,6.71,11.7,-45.5%,-19.4%,-7.4%,-42.6%
WEN,Extended,Food / Restaurants,Consumer Discretionary,Consumer Services,Adj,Dec,EPS,CY2027,1.145,0.933,-18.5%,0.664,-28.8%,0.641,-3.5%,6.71,10.5,-44.0%,-19.4%,-7.4%,-42.6%
WEN,Extended,Food / Restaurants,Consumer Discretionary,Consumer Services,Adj,Dec,EPS,CY2028,1.299,1.041,-19.9%,0.75,-28.0%,0.723,-3.6%,6.71,9.3,-44.3%,-19.4%,-7.4%,-42.6%
YUMC,Extended,Food / Restaurants,Consumer Discretionary,Consumer Services,Adj,Dec,EPS,CY2025,2.535,2.507,-1.1%,2.494,-0.5%,2.494,+0.0%,42.88,17.2,-1.6%,-10.2%,-18.1%,-0.3%
YUMC,Extended,Food / Restaurants,Consumer Discretionary,Consumer Services,Adj,Dec,EPS,CY2026,2.861,2.859,-0.1%,2.898,+1.4%,2.903,+0.2%,42.88,14.8,+1.5%,-10.2%,-18.1%,-0.3%
YUMC,Extended,Food / Restaurants,Consumer Discretionary,Consumer Services,Adj,Dec,EPS,CY2027,3.211,3.172,-1.2%,3.226,+1.7%,3.25,+0.7%,42.88,13.2,+1.2%,-10.2%,-18.1%,-0.3%
YUMC,Extended,Food / Restaurants,Consumer Discretionary,Consumer Services,Adj,Dec,EPS,CY2028,3.767,3.636,-3.5%,3.606,-0.8%,3.588,-0.5%,42.88,12.0,-4.8%,-10.2%,-18.1%,-0.3%
SBUX,Extended,Food / Restaurants,Consumer Discretionary,Consumer Services,Adj,Sep,EPS,CY2025,2.451,2.147,-12.4%,2.147,+0.0%,2.147,+0.0%,95.29,44.4,-12.4%,+13.2%,-3.4%,+9.5%
SBUX,Extended,Food / Restaurants,Consumer Discretionary,Consumer Services,Adj,Sep,EPS,CY2026,2.986,2.386,-20.1%,2.295,-3.8%,2.386,+4.0%,95.29,39.9,-20.1%,+13.2%,-3.4%,+9.5%
SBUX,Extended,Food / Restaurants,Consumer Discretionary,Consumer Services,Adj,Sep,EPS,CY2027,3.585,2.999,-16.3%,2.953,-1.5%,3.048,+3.2%,95.29,31.3,-15.0%,+13.2%,-3.4%,+9.5%
SBUX,Extended,Food / Restaurants,Consumer Discretionary,Consumer Services,Adj,Sep,EPS,CY2028,4.23,3.54,-16.3%,3.631,+2.6%,3.691,+1.7%,95.29,25.8,-12.7%,+13.2%,-3.4%,+9.5%
WING,Extended,Food / Restaurants,Consumer Discretionary,Consumer Services,Adj,Dec,EPS,CY2025,3.879,3.927,+1.2%,3.919,-0.2%,3.919,+0.0%,142.23,36.3,+1.0%,-40.4%,-39.8%,-61.7%
WING,Extended,Food / Restaurants,Consumer Discretionary,Consumer Services,Adj,Dec,EPS,CY2026,4.944,4.816,-2.6%,4.685,-2.7%,4.574,-2.4%,142.23,31.1,-7.5%,-40.4%,-39.8%,-61.7%
WING,Extended,Food / Restaurants,Consumer Discretionary,Consumer Services,Adj,Dec,EPS,CY2027,6.334,6.162,-2.7%,5.946,-3.5%,5.575,-6.2%,142.23,25.5,-12.0%,-40.4%,-39.8%,-61.7%
WING,Extended,Food / Restaurants,Consumer Discretionary,Consumer Services,Adj,Dec,EPS,CY2028,7.67,7.74,+0.9%,7.421,-4.1%,6.914,-6.8%,142.23,20.6,-9.9%,-40.4%,-39.8%,-61.7%
CAVA,Extended,Food / Restaurants,Consumer Discretionary,Consumer Services,Adj,Dec,EPS,CY2025,0.585,0.529,-9.6%,0.528,-0.2%,0.528,+0.0%,72.6,137.5,-9.7%,+23.7%,-8.5%,-7.3%
CAVA,Extended,Food / Restaurants,Consumer Discretionary,Consumer Services,Adj,Dec,EPS,CY2026,0.731,0.588,-19.6%,0.51,-13.3%,0.557,+9.2%,72.6,130.3,-23.8%,+23.7%,-8.5%,-7.3%
CAVA,Extended,Food / Restaurants,Consumer Discretionary,Consumer Services,Adj,Dec,EPS,CY2027,1.024,0.738,-27.9%,0.702,-4.9%,0.755,+7.5%,72.6,96.2,-26.3%,+23.7%,-8.5%,-7.3%
CAVA,Extended,Food / Restaurants,Consumer Discretionary,Consumer Services,Adj,Dec,EPS,CY2028,1.39,0.987,-29.0%,0.973,-1.4%,1.054,+8.3%,72.6,68.9,-24.2%,+23.7%,-8.5%,-7.3%
BROS,Extended,Food / Restaurants,Consumer Discretionary,Consumer Services,Adj,Dec,EPS,CY2025,0.593,0.668,+12.6%,0.661,-1.0%,0.661,+0.0%,55.52,84.0,+11.5%,-9.3%,+1.9%,-24.0%
BROS,Extended,Food / Restaurants,Consumer Discretionary,Consumer Services,Adj,Dec,EPS,CY2026,0.819,0.891,+8.8%,0.896,+0.6%,0.932,+4.0%,55.52,59.6,+13.8%,-9.3%,+1.9%,-24.0%
BROS,Extended,Food / Restaurants,Consumer Discretionary,Consumer Services,Adj,Dec,EPS,CY2027,1.055,1.154,+9.4%,1.19,+3.1%,1.213,+1.9%,55.52,45.8,+15.0%,-9.3%,+1.9%,-24.0%
BROS,Extended,Food / Restaurants,Consumer Discretionary,Consumer Services,Adj,Dec,EPS,CY2028,1.47,1.58,+7.5%,1.545,-2.2%,1.558,+0.8%,55.52,35.6,+6.0%,-9.3%,+1.9%,-24.0%
SHAK,Extended,Food / Restaurants,Consumer Discretionary,Consumer Services,Adj,Dec,EPS,CY2025,1.318,1.324,+0.5%,1.281,-3.2%,1.281,+0.0%,52.34,40.9,-2.8%,-35.5%,-45.9%,-59.2%
SHAK,Extended,Food / Restaurants,Consumer Discretionary,Consumer Services,Adj,Dec,EPS,CY2026,1.676,1.62,-3.3%,1.381,-14.8%,1.156,-16.3%,52.34,45.3,-31.0%,-35.5%,-45.9%,-59.2%
SHAK,Extended,Food / Restaurants,Consumer Discretionary,Consumer Services,Adj,Dec,EPS,CY2027,2.168,2.051,-5.4%,1.746,-14.9%,1.515,-13.2%,52.34,34.5,-30.1%,-35.5%,-45.9%,-59.2%
SHAK,Extended,Food / Restaurants,Consumer Discretionary,Consumer Services,Adj,Dec,EPS,CY2028,2.739,2.816,+2.8%,2.458,-12.7%,2.099,-14.6%,52.34,24.9,-23.4%,-35.5%,-45.9%,-59.2%
ARCO,Extended,Food / Restaurants,Consumer Discretionary,Consumer Services,Adj,Dec,EPS,CY2025,0.64,0.68,+6.3%,0.807,+18.7%,0.807,+0.0%,8.2,10.2,+26.1%,+11.7%,+2.5%,+9.0%
ARCO,Extended,Food / Restaurants,Consumer Discretionary,Consumer Services,Adj,Dec,EPS,CY2026,0.803,0.67,-16.6%,0.683,+1.9%,0.741,+8.5%,8.2,11.1,-7.7%,+11.7%,+2.5%,+9.0%
ARCO,Extended,Food / Restaurants,Consumer Discretionary,Consumer Services,Adj,Dec,EPS,CY2027,0.987,0.757,-23.3%,0.807,+6.6%,0.852,+5.6%,8.2,9.6,-13.7%,+11.7%,+2.5%,+9.0%
ARCO,Extended,Food / Restaurants,Consumer Discretionary,Consumer Services,Adj,Dec,EPS,CY2028,1.07,0.857,-19.9%,0.93,+8.5%,1.008,+8.4%,8.2,8.1,-5.8%,+11.7%,+2.5%,+9.0%
EAT,Extended,Food / Restaurants,Consumer Discretionary,Consumer Services,Adj,Dec,EPS,CY2025,0.25,0.165,-34.0%,0.077,-53.3%,0.077,+0.0%,10.3,133.8,-69.2%,-23.1%,-13.3%,-37.3%
EAT,Extended,Food / Restaurants,Consumer Discretionary,Consumer Services,Adj,Dec,EPS,CY2026,0.33,0.285,-13.6%,0.183,-35.8%,0.177,-3.3%,10.3,58.2,-46.4%,-23.1%,-13.3%,-37.3%
EAT,Extended,Food / Restaurants,Consumer Discretionary,Consumer Services,Adj,Dec,EPS,CY2027,0.41,0.36,-12.2%,0.22,-38.9%,0.213,-3.2%,10.3,48.4,-48.0%,-23.1%,-13.3%,-37.3%
EAT,Extended,Food / Restaurants,Consumer Discretionary,Consumer Services,Adj,Dec,EPS,CY2028,,,,0.18,,0.205,+13.9%,10.3,50.2,,-23.1%,-13.3%,-37.3%
DMP,Extended,Food / Restaurants,Consumer Discretionary,Consumer Services,Adj,Jun,EPS,CY2025,1.298,1.266,-2.5%,1.266,+0.0%,1.266,+0.0%,16.01,12.6,-2.5%,-23.8%,-16.0%,-24.8%
DMP,Extended,Food / Restaurants,Consumer Discretionary,Consumer Services,Adj,Jun,EPS,CY2026,1.516,1.259,-17.0%,1.263,+0.3%,1.258,-0.4%,16.01,12.7,-17.0%,-23.8%,-16.0%,-24.8%
DMP,Extended,Food / Restaurants,Consumer Discretionary,Consumer Services,Adj,Jun,EPS,CY2027,1.775,1.425,-19.7%,1.41,-1.1%,1.37,-2.8%,16.01,11.7,-22.8%,-23.8%,-16.0%,-24.8%
DMP,Extended,Food / Restaurants,Consumer Discretionary,Consumer Services,Adj,Jun,EPS,CY2028,2.257,1.61,-28.7%,1.577,-2.0%,1.521,-3.6%,16.01,10.5,-32.6%,-23.8%,-16.0%,-24.8%
DOM,Extended,Food / Restaurants,Consumer Discretionary,Consumer Services,Adj,Dec,EPS,CY2025,0.207,0.176,-15.0%,0.176,+0.0%,0.176,+0.0%,189.7,10.8,-15.0%,+9.4%,+2.5%,-26.3%
DOM,Extended,Food / Restaurants,Consumer Discretionary,Consumer Services,Adj,Dec,EPS,CY2026,0.227,0.187,-17.6%,0.182,-2.7%,0.18,-1.1%,189.7,10.5,-20.7%,+9.4%,+2.5%,-26.3%
DOM,Extended,Food / Restaurants,Consumer Discretionary,Consumer Services,Adj,Dec,EPS,CY2027,0.251,0.203,-19.1%,0.194,-4.4%,0.192,-1.0%,189.7,9.9,-23.5%,+9.4%,+2.5%,-26.3%
DOM,Extended,Food / Restaurants,Consumer Discretionary,Consumer Services,Adj,Dec,EPS,CY2028,,0.227,,0.21,-7.5%,0.202,-3.8%,189.7,9.4,,+9.4%,+2.5%,-26.3%
LW,Extended,Food / Restaurants,Consumer Staples,"Food, Beverage & Tobacco",Adj,May,EPS,CY2025,3.13,3.116,-0.4%,3.116,+0.0%,3.116,+0.0%,42.12,13.5,-0.4%,+0.5%,-7.7%,-23.8%
LW,Extended,Food / Restaurants,Consumer Staples,"Food, Beverage & Tobacco",Adj,May,EPS,CY2026,3.5,3.07,-12.3%,2.728,-11.1%,2.803,+2.7%,42.12,15.0,-19.9%,+0.5%,-7.7%,-23.8%
LW,Extended,Food / Restaurants,Consumer Staples,"Food, Beverage & Tobacco",Adj,May,EPS,CY2027,3.908,3.563,-8.8%,3.023,-15.2%,2.986,-1.2%,42.12,14.1,-23.6%,+0.5%,-7.7%,-23.8%
LW,Extended,Food / Restaurants,Consumer Staples,"Food, Beverage & Tobacco",Adj,May,EPS,CY2028,,4.045,,3.511,-13.2%,3.435,-2.2%,42.12,12.3,,+0.5%,-7.7%,-23.8%
SYY,Extended,Food / Restaurants,Consumer Staples,Consumer Staples Distribution,Adj,Jun,EPS,CY2025,4.378,4.376,-0.0%,4.376,+0.0%,4.376,+0.0%,76.29,17.4,-0.0%,+3.5%,-11.1%,+3.4%
SYY,Extended,Food / Restaurants,Consumer Staples,Consumer Staples Distribution,Adj,Jun,EPS,CY2026,4.679,4.599,-1.7%,4.593,-0.1%,4.587,-0.1%,76.29,16.6,-2.0%,+3.5%,-11.1%,+3.4%
SYY,Extended,Food / Restaurants,Consumer Staples,Consumer Staples Distribution,Adj,Jun,EPS,CY2027,5.144,5.054,-1.7%,5.076,+0.4%,4.946,-2.6%,76.29,15.4,-3.8%,+3.5%,-11.1%,+3.4%
SYY,Extended,Food / Restaurants,Consumer Staples,Consumer Staples Distribution,Adj,Jun,EPS,CY2028,5.551,5.489,-1.1%,5.5,+0.2%,5.301,-3.6%,76.29,14.4,-4.5%,+3.5%,-11.1%,+3.4%
USFD,Extended,Food / Restaurants,Consumer Staples,Consumer Staples Distribution,Adj,Dec,EPS,CY2025,3.817,3.943,+3.3%,3.941,-0.1%,3.941,+0.0%,84.61,21.5,+3.2%,+12.3%,-8.2%,+9.0%
USFD,Extended,Food / Restaurants,Consumer Staples,Consumer Staples Distribution,Adj,Dec,EPS,CY2026,4.546,4.678,+2.9%,4.773,+2.0%,4.717,-1.2%,84.61,17.9,+3.8%,+12.3%,-8.2%,+9.0%
USFD,Extended,Food / Restaurants,Consumer Staples,Consumer Staples Distribution,Adj,Dec,EPS,CY2027,5.288,5.502,+4.0%,5.619,+2.1%,5.524,-1.7%,84.61,15.3,+4.5%,+12.3%,-8.2%,+9.0%
USFD,Extended,Food / Restaurants,Consumer Staples,Consumer Staples Distribution,Adj,Dec,EPS,CY2028,6.057,6.584,+8.7%,6.573,-0.2%,6.422,-2.3%,84.61,13.2,+6.0%,+12.3%,-8.2%,+9.0%
PZZA,Extended,Food / Restaurants,Consumer Discretionary,Consumer Services,Adj,Dec,EPS,CY2025,1.646,1.41,-14.3%,1.406,-0.3%,1.406,+0.0%,31.92,22.7,-14.6%,-17.1%,+2.9%,-32.8%
PZZA,Extended,Food / Restaurants,Consumer Discretionary,Consumer Services,Adj,Dec,EPS,CY2026,2.299,1.845,-19.7%,1.549,-16.0%,1.48,-4.5%,31.92,21.6,-35.6%,-17.1%,+2.9%,-32.8%
PZZA,Extended,Food / Restaurants,Consumer Discretionary,Consumer Services,Adj,Dec,EPS,CY2027,2.862,2.26,-21.0%,1.834,-18.8%,1.743,-5.0%,31.92,18.3,-39.1%,-17.1%,+2.9%,-32.8%
PZZA,Extended,Food / Restaurants,Consumer Discretionary,Consumer Services,Adj,Dec,EPS,CY2028,3.74,2.475,-33.8%,1.953,-21.1%,1.978,+1.3%,31.92,16.1,-47.1%,-17.1%,+2.9%,-32.8%
CASY,Extended,Food / Restaurants,Consumer Staples,Consumer Staples Distribution,Adj,Apr,EPS,CY2025,14.058,13.951,-0.8%,13.951,+0.0%,13.951,+0.0%,761.91,54.6,-0.8%,+37.8%,+13.6%,+71.0%
CASY,Extended,Food / Restaurants,Consumer Staples,Consumer Staples Distribution,Adj,Apr,EPS,CY2026,15.808,16.489,+4.3%,17.649,+7.0%,18.204,+3.1%,761.91,41.9,+15.2%,+37.8%,+13.6%,+71.0%
CASY,Extended,Food / Restaurants,Consumer Staples,Consumer Staples Distribution,Adj,Apr,EPS,CY2027,17.836,18.339,+2.8%,19.441,+6.0%,20.473,+5.3%,761.91,37.2,+14.8%,+37.8%,+13.6%,+71.0%
CASY,Extended,Food / Restaurants,Consumer Staples,Consumer Staples Distribution,Adj,Apr,EPS,CY2028,,20.461,,21.453,+4.8%,22.501,+4.9%,761.91,33.9,,+37.8%,+13.6%,+71.0%
ACI,Extended,Food / Restaurants,Consumer Staples,Consumer Staples Distribution,Adj,Feb,EPS,CY2025,2.117,2.14,+1.1%,2.141,+0.0%,2.143,+0.1%,16.36,7.6,+1.2%,-4.7%,-5.4%,-24.2%
ACI,Extended,Food / Restaurants,Consumer Staples,Consumer Staples Distribution,Adj,Feb,EPS,CY2026,2.242,2.314,+3.2%,2.298,-0.7%,2.296,-0.1%,16.36,7.1,+2.4%,-4.7%,-5.4%,-24.2%
ACI,Extended,Food / Restaurants,Consumer Staples,Consumer Staples Distribution,Adj,Feb,EPS,CY2027,2.411,2.504,+3.9%,2.487,-0.7%,2.459,-1.1%,16.36,6.7,+2.0%,-4.7%,-5.4%,-24.2%
ACI,Extended,Food / Restaurants,Consumer Staples,Consumer Staples Distribution,Adj,Feb,EPS,CY2028,2.193,2.528,+15.3%,2.63,+4.0%,2.676,+1.7%,16.36,6.1,+22.0%,-4.7%,-5.4%,-24.2%
DIN,Extended,Food / Restaurants,Consumer Discretionary,Consumer Services,Adj,Dec,EPS,CY2025,4.871,4.019,-17.5%,3.984,-0.9%,3.984,+0.0%,29.44,7.4,-18.2%,-8.4%,-8.8%,+22.7%
DIN,Extended,Food / Restaurants,Consumer Discretionary,Consumer Services,Adj,Dec,EPS,CY2026,5.176,4.87,-5.9%,4.786,-1.7%,4.527,-5.4%,29.44,6.5,-12.5%,-8.4%,-8.8%,+22.7%
DIN,Extended,Food / Restaurants,Consumer Discretionary,Consumer Services,Adj,Dec,EPS,CY2027,6.17,5.093,-17.5%,5.221,+2.5%,5.162,-1.1%,29.44,5.7,-16.3%,-8.4%,-8.8%,+22.7%
DIN,Extended,Food / Restaurants,Consumer Discretionary,Consumer Services,Adj,Dec,EPS,CY2028,7.0,6.75,-3.6%,5.925,-12.2%,5.875,-0.8%,29.44,5.0,-16.1%,-8.4%,-8.8%,+22.7%
KR,Extended,Food / Restaurants,Consumer Staples,Consumer Staples Distribution,Adj,Jan,EPS,CY2025,4.751,4.805,+1.1%,4.805,+0.0%,4.805,+0.0%,63.57,13.2,+1.1%,+1.7%,-11.2%,-4.0%
KR,Extended,Food / Restaurants,Consumer Staples,Consumer Staples Distribution,Adj,Jan,EPS,CY2026,5.145,5.266,+2.4%,5.218,-0.9%,5.246,+0.5%,63.57,12.1,+2.0%,+1.7%,-11.2%,-4.0%
KR,Extended,Food / Restaurants,Consumer Staples,Consumer Staples Distribution,Adj,Jan,EPS,CY2027,5.44,5.592,+2.8%,5.568,-0.4%,5.626,+1.0%,63.57,11.3,+3.4%,+1.7%,-11.2%,-4.0%
KR,Extended,Food / Restaurants,Consumer Staples,Consumer Staples Distribution,Adj,Jan,EPS,CY2028,5.183,5.77,+11.3%,5.913,+2.5%,6.004,+1.5%,63.57,10.6,+15.8%,+1.7%,-11.2%,-4.0%
MRSH,Extended,Insurance Brokers / Consultants,Financials,Insurance,Adj,Dec,EPS,CY2025,9.459,9.6,+1.5%,9.602,+0.0%,9.602,+0.0%,165.44,17.2,+1.5%,-10.8%,-10.6%,-27.7%
MRSH,Extended,Insurance Brokers / Consultants,Financials,Insurance,Adj,Dec,EPS,CY2026,10.257,10.301,+0.4%,10.38,+0.8%,10.375,-0.0%,165.44,15.9,+1.2%,-10.8%,-10.6%,-27.7%
MRSH,Extended,Insurance Brokers / Consultants,Financials,Insurance,Adj,Dec,EPS,CY2027,11.237,11.22,-0.2%,11.321,+0.9%,11.292,-0.3%,165.44,14.7,+0.5%,-10.8%,-10.6%,-27.7%
MRSH,Extended,Insurance Brokers / Consultants,Financials,Insurance,Adj,Dec,EPS,CY2028,13.013,12.837,-1.4%,12.324,-4.0%,12.298,-0.2%,165.44,13.5,-5.5%,-10.8%,-10.6%,-27.7%
WTW,Extended,Insurance Brokers / Consultants,Financials,Insurance,Adj,Dec,EPS,CY2025,16.653,16.961,+1.8%,16.945,-0.1%,16.945,+0.0%,263.54,15.6,+1.8%,-19.8%,-12.3%,-14.3%
WTW,Extended,Insurance Brokers / Consultants,Financials,Insurance,Adj,Dec,EPS,CY2026,19.002,19.322,+1.7%,19.656,+1.7%,19.519,-0.7%,263.54,13.5,+2.7%,-19.8%,-12.3%,-14.3%
WTW,Extended,Insurance Brokers / Consultants,Financials,Insurance,Adj,Dec,EPS,CY2027,21.648,22.017,+1.7%,22.425,+1.9%,22.154,-1.2%,263.54,11.9,+2.3%,-19.8%,-12.3%,-14.3%
WTW,Extended,Insurance Brokers / Consultants,Financials,Insurance,Adj,Dec,EPS,CY2028,24.59,24.84,+1.0%,25.229,+1.6%,24.912,-1.3%,263.54,10.6,+1.3%,-19.8%,-12.3%,-14.3%
AJG,Extended,Insurance Brokers / Consultants,Financials,Insurance,Adj,Dec,EPS,CY2025,11.112,10.818,-2.6%,10.7,-1.1%,10.7,+0.0%,216.14,20.2,-3.7%,-16.5%,-5.9%,-34.1%
AJG,Extended,Insurance Brokers / Consultants,Financials,Insurance,Adj,Dec,EPS,CY2026,13.594,13.409,-1.4%,13.263,-1.1%,13.259,-0.0%,216.14,16.3,-2.5%,-16.5%,-5.9%,-34.1%
AJG,Extended,Insurance Brokers / Consultants,Financials,Insurance,Adj,Dec,EPS,CY2027,15.069,15.093,+0.2%,14.686,-2.7%,14.873,+1.3%,216.14,14.5,-1.3%,-16.5%,-5.9%,-34.1%
AJG,Extended,Insurance Brokers / Consultants,Financials,Insurance,Adj,Dec,EPS,CY2028,16.627,15.615,-6.1%,16.997,+8.9%,16.636,-2.1%,216.14,13.0,+0.1%,-16.5%,-5.9%,-34.1%
BRO,Extended,Insurance Brokers / Consultants,Financials,Insurance,Adj,Dec,EPS,CY2025,4.173,4.265,+2.2%,4.264,-0.0%,4.264,+0.0%,58.86,13.8,+2.2%,-26.1%,-19.5%,-46.5%
BRO,Extended,Insurance Brokers / Consultants,Financials,Insurance,Adj,Dec,EPS,CY2026,4.538,4.649,+2.4%,4.538,-2.4%,4.495,-0.9%,58.86,13.1,-0.9%,-26.1%,-19.5%,-46.5%
BRO,Extended,Insurance Brokers / Consultants,Financials,Insurance,Adj,Dec,EPS,CY2027,4.964,5.052,+1.8%,4.918,-2.7%,4.863,-1.1%,58.86,12.1,-2.0%,-26.1%,-19.5%,-46.5%
BRO,Extended,Insurance Brokers / Consultants,Financials,Insurance,Adj,Dec,EPS,CY2028,,,,5.333,,5.165,-3.2%,58.86,11.4,,-26.1%,-19.5%,-46.5%
ACN,Extended,Insurance Brokers / Consultants,Information Technology,Software & Services,Adj,Aug,EPS,CY2025,12.716,12.899,+1.4%,12.899,+0.0%,12.899,+0.0%,178.25,13.8,+1.4%,-33.6%,-16.7%,-43.5%
ACN,Extended,Insurance Brokers / Consultants,Information Technology,Software & Services,Adj,Aug,EPS,CY2026,13.607,13.79,+1.3%,13.847,+0.4%,13.872,+0.2%,178.25,12.8,+1.9%,-33.6%,-16.7%,-43.5%
ACN,Extended,Insurance Brokers / Consultants,Information Technology,Software & Services,Adj,Aug,EPS,CY2027,14.831,14.81,-0.1%,14.927,+0.8%,14.949,+0.1%,178.25,11.9,+0.8%,-33.6%,-16.7%,-43.5%
ACN,Extended,Insurance Brokers / Consultants,Information Technology,Software & Services,Adj,Aug,EPS,CY2028,,16.068,,16.268,+1.2%,16.284,+0.1%,178.25,10.9,,-33.6%,-16.7%,-43.5%
CTSH,Extended,Insurance Brokers / Consultants,Information Technology,Software & Services,Adj,Dec,EPS,CY2025,5.103,5.249,+2.9%,5.248,-0.0%,5.248,+0.0%,53.21,10.1,+2.8%,-35.9%,-19.1%,-32.9%
CTSH,Extended,Insurance Brokers / Consultants,Information Technology,Software & Services,Adj,Dec,EPS,CY2026,5.463,5.625,+3.0%,5.639,+0.2%,5.709,+1.2%,53.21,9.3,+4.5%,-35.9%,-19.1%,-32.9%
CTSH,Extended,Insurance Brokers / Consultants,Information Technology,Software & Services,Adj,Dec,EPS,CY2027,5.913,6.106,+3.3%,6.113,+0.1%,6.188,+1.2%,53.21,8.6,+4.7%,-35.9%,-19.1%,-32.9%
CTSH,Extended,Insurance Brokers / Consultants,Information Technology,Software & Services,Adj,Dec,EPS,CY2028,6.13,6.507,+6.2%,6.658,+2.3%,6.748,+1.4%,53.21,7.9,+10.1%,-35.9%,-19.1%,-32.9%
CNDT,Extended,Insurance Brokers / Consultants,Industrials,Commercial & Professional Serv,Adj,Dec,EPS,CY2025,-0.29,-0.42,-44.8%,-0.42,+0.0%,-0.42,+0.0%,1.53,-3.6,-44.8%,-20.3%,+5.5%,-39.5%
CNDT,Extended,Insurance Brokers / Consultants,Industrials,Commercial & Professional Serv,Adj,Dec,EPS,CY2026,0.0,0.005,,-0.46,-9300.0%,-0.29,+37.0%,1.53,-5.3,,-20.3%,+5.5%,-39.5%
CNDT,Extended,Insurance Brokers / Consultants,Industrials,Commercial & Professional Serv,Adj,Dec,EPS,CY2027,,0.16,,-0.06,-137.5%,-0.08,-33.3%,1.53,-19.1,,-20.3%,+5.5%,-39.5%
CNDT,Extended,Insurance Brokers / Consultants,Industrials,Commercial & Professional Serv,Adj,Dec,EPS,CY2028,,,,,,,,1.53,,,-20.3%,+5.5%,-39.5%
TCS,Extended,Insurance Brokers / Consultants,Information Technology,Software & Services,GAAP,Mar,EPS,CY2025,143.286,141.77,-1.1%,140.142,-1.1%,140.162,+0.0%,2198.9,15.7,-2.2%,-30.4%,-14.0%,-34.1%
TCS,Extended,Insurance Brokers / Consultants,Information Technology,Software & Services,GAAP,Mar,EPS,CY2026,157.233,151.623,-3.6%,153.856,+1.5%,155.393,+1.0%,2198.9,14.2,-1.2%,-30.4%,-14.0%,-34.1%
TCS,Extended,Insurance Brokers / Consultants,Information Technology,Software & Services,GAAP,Mar,EPS,CY2027,168.632,163.144,-3.3%,165.045,+1.2%,165.002,-0.0%,2198.9,13.3,-2.2%,-30.4%,-14.0%,-34.1%
TCS,Extended,Insurance Brokers / Consultants,Information Technology,Software & Services,GAAP,Mar,EPS,CY2028,207.487,170.148,-18.0%,180.818,+6.3%,173.783,-3.9%,2198.9,12.7,-16.2%,-30.4%,-14.0%,-34.1%
DXC,Extended,Insurance Brokers / Consultants,Information Technology,Software & Services,Adj,Mar,EPS,CY2025,3.005,3.098,+3.1%,3.178,+2.6%,3.178,+0.0%,9.01,2.8,+5.8%,-38.5%,-31.7%,-41.8%
DXC,Extended,Insurance Brokers / Consultants,Information Technology,Software & Services,Adj,Mar,EPS,CY2026,3.147,3.142,-0.2%,3.304,+5.2%,2.607,-21.1%,9.01,3.5,-17.2%,-38.5%,-31.7%,-41.8%
DXC,Extended,Insurance Brokers / Consultants,Information Technology,Software & Services,Adj,Mar,EPS,CY2027,3.19,3.36,+5.3%,3.56,+6.0%,3.027,-15.0%,9.01,3.0,-5.1%,-38.5%,-31.7%,-41.8%
DXC,Extended,Insurance Brokers / Consultants,Information Technology,Software & Services,Adj,Mar,EPS,CY2028,,2.84,,3.25,+14.4%,3.1,-4.6%,9.01,2.9,,-38.5%,-31.7%,-41.8%
RHI,Extended,Insurance Brokers / Consultants,Industrials,Commercial & Professional Serv,Adj,Dec,EPS,CY2025,1.728,1.328,-23.1%,1.327,-0.1%,1.327,+0.0%,31.26,23.6,-23.2%,+15.1%,+25.5%,-28.3%
RHI,Extended,Insurance Brokers / Consultants,Industrials,Commercial & Professional Serv,Adj,Dec,EPS,CY2026,2.678,1.764,-34.1%,1.487,-15.7%,1.32,-11.2%,31.26,23.7,-50.7%,+15.1%,+25.5%,-28.3%
RHI,Extended,Insurance Brokers / Consultants,Industrials,Commercial & Professional Serv,Adj,Dec,EPS,CY2027,3.813,2.513,-34.1%,2.331,-7.2%,2.073,-11.1%,31.26,15.1,-45.6%,+15.1%,+25.5%,-28.3%
RHI,Extended,Insurance Brokers / Consultants,Industrials,Commercial & Professional Serv,Adj,Dec,EPS,CY2028,3.09,2.997,-3.0%,2.97,-0.9%,2.595,-12.6%,31.26,12.0,-16.0%,+15.1%,+25.5%,-28.3%
MAN,Extended,Insurance Brokers / Consultants,Industrials,Commercial & Professional Serv,Adj,Dec,EPS,CY2025,2.832,2.872,+1.4%,2.87,-0.1%,2.87,+0.0%,32.3,11.3,+1.3%,+8.6%,+12.5%,-19.6%
MAN,Extended,Insurance Brokers / Consultants,Industrials,Commercial & Professional Serv,Adj,Dec,EPS,CY2026,4.29,3.799,-11.4%,3.745,-1.4%,3.676,-1.8%,32.3,8.8,-14.3%,+8.6%,+12.5%,-19.6%
MAN,Extended,Insurance Brokers / Consultants,Industrials,Commercial & Professional Serv,Adj,Dec,EPS,CY2027,5.578,5.434,-2.6%,5.029,-7.5%,4.79,-4.8%,32.3,6.7,-14.1%,+8.6%,+12.5%,-19.6%
MAN,Extended,Insurance Brokers / Consultants,Industrials,Commercial & Professional Serv,Adj,Dec,EPS,CY2028,5.7,6.5,+14.0%,6.22,-4.3%,6.384,+2.6%,32.3,5.1,+12.0%,+8.6%,+12.5%,-19.6%
FCN,Extended,Insurance Brokers / Consultants,Industrials,Commercial & Professional Serv,Adj,Dec,EPS,CY2025,8.067,8.507,+5.5%,8.513,+0.1%,8.513,+0.0%,159.7,18.8,+5.5%,-6.5%,-3.5%,-1.4%
FCN,Extended,Insurance Brokers / Consultants,Industrials,Commercial & Professional Serv,Adj,Dec,EPS,CY2026,8.997,9.467,+5.2%,9.28,-2.0%,9.3,+0.2%,159.7,17.2,+3.4%,-6.5%,-3.5%,-1.4%
FCN,Extended,Insurance Brokers / Consultants,Industrials,Commercial & Professional Serv,Adj,Dec,EPS,CY2027,10.51,11.08,+5.4%,11.07,-0.1%,11.143,+0.7%,159.7,14.3,+6.0%,-6.5%,-3.5%,-1.4%
FCN,Extended,Insurance Brokers / Consultants,Industrials,Commercial & Professional Serv,Adj,Dec,EPS,CY2028,,,,12.2,,12.43,+1.9%,159.7,12.8,,-6.5%,-3.5%,-1.4%
JLL,Extended,Insurance Brokers / Consultants,Real Estate,Real Estate Management & Devel,Adj,Dec,EPS,CY2025,16.616,17.362,+4.5%,17.431,+0.4%,17.431,+0.0%,295.71,17.0,+4.9%,-12.1%,-4.4%,+28.7%
JLL,Extended,Insurance Brokers / Consultants,Real Estate,Real Estate Management & Devel,Adj,Dec,EPS,CY2026,19.774,20.322,+2.8%,21.588,+6.2%,23.05,+6.8%,295.71,12.8,+16.6%,-12.1%,-4.4%,+28.7%
JLL,Extended,Insurance Brokers / Consultants,Real Estate,Real Estate Management & Devel,Adj,Dec,EPS,CY2027,21.908,23.031,+5.1%,24.423,+6.0%,26.213,+7.3%,295.71,11.3,+19.7%,-12.1%,-4.4%,+28.7%
JLL,Extended,Insurance Brokers / Consultants,Real Estate,Real Estate Management & Devel,Adj,Dec,EPS,CY2028,25.653,25.525,-0.5%,27.229,+6.7%,29.82,+9.5%,295.71,9.9,+16.2%,-12.1%,-4.4%,+28.7%
G,Extended,Insurance Brokers / Consultants,Industrials,Commercial & Professional Serv,Adj,Dec,EPS,CY2025,3.464,3.619,+4.5%,3.619,+0.0%,3.619,+0.0%,32.62,9.0,+4.5%,-30.3%,-21.7%,-22.5%
G,Extended,Insurance Brokers / Consultants,Industrials,Commercial & Professional Serv,Adj,Dec,EPS,CY2026,3.761,3.933,+4.6%,4.021,+2.2%,4.08,+1.5%,32.62,8.0,+8.5%,-30.3%,-21.7%,-22.5%
G,Extended,Insurance Brokers / Consultants,Industrials,Commercial & Professional Serv,Adj,Dec,EPS,CY2027,4.222,4.367,+3.4%,4.45,+1.9%,4.493,+1.0%,32.62,7.3,+6.4%,-30.3%,-21.7%,-22.5%
G,Extended,Insurance Brokers / Consultants,Industrials,Commercial & Professional Serv,Adj,Dec,EPS,CY2028,4.72,4.795,+1.6%,5.003,+4.3%,5.056,+1.1%,32.62,6.5,+7.1%,-30.3%,-21.7%,-22.5%
CBRE,Extended,Insurance Brokers / Consultants,Real Estate,Real Estate Management & Devel,Adj,Dec,EPS,CY2025,5.958,6.334,+6.3%,6.337,+0.0%,6.337,+0.0%,130.93,20.7,+6.4%,-18.6%,-7.3%,+2.6%
CBRE,Extended,Insurance Brokers / Consultants,Real Estate,Real Estate Management & Devel,Adj,Dec,EPS,CY2026,7.035,7.379,+4.9%,7.45,+1.0%,7.703,+3.4%,130.93,17.0,+9.5%,-18.6%,-7.3%,+2.6%
CBRE,Extended,Insurance Brokers / Consultants,Real Estate,Real Estate Management & Devel,Adj,Dec,EPS,CY2027,8.106,8.569,+5.7%,8.72,+1.8%,8.94,+2.5%,130.93,14.6,+10.3%,-18.6%,-7.3%,+2.6%
CBRE,Extended,Insurance Brokers / Consultants,Real Estate,Real Estate Management & Devel,Adj,Dec,EPS,CY2028,9.394,9.745,+3.7%,9.938,+2.0%,10.211,+2.7%,130.93,12.8,+8.7%,-18.6%,-7.3%,+2.6%
NSP,Extended,Insurance Brokers / Consultants,Industrials,Commercial & Professional Serv,Adj,Dec,EPS,CY2025,,1.144,,1.144,+0.0%,1.144,+0.0%,35.38,30.9,,-8.6%,+61.6%,-44.4%
NSP,Extended,Insurance Brokers / Consultants,Industrials,Commercial & Professional Serv,Adj,Dec,EPS,CY2026,,2.544,,2.142,-15.8%,2.09,-2.4%,35.38,16.9,,-8.6%,+61.6%,-44.4%
NSP,Extended,Insurance Brokers / Consultants,Industrials,Commercial & Professional Serv,Adj,Dec,EPS,CY2027,,3.513,,3.092,-12.0%,2.89,-6.5%,35.38,12.2,,-8.6%,+61.6%,-44.4%
NSP,Extended,Insurance Brokers / Consultants,Industrials,Commercial & Professional Serv,Adj,Dec,EPS,CY2028,,4.38,,3.92,-10.5%,3.66,-6.6%,35.38,9.7,,-8.6%,+61.6%,-44.4%
BAC,Extended,Banks,Financials,Banks,GAAP,Dec,EPS,CY2025,3.636,3.838,+5.6%,3.818,-0.5%,3.818,+0.0%,53.83,14.1,+5.0%,-2.1%,+8.1%,+21.3%
BAC,Extended,Banks,Financials,Banks,GAAP,Dec,EPS,CY2026,4.209,4.351,+3.4%,4.334,-0.4%,4.48,+3.4%,53.83,12.0,+6.4%,-2.1%,+8.1%,+21.3%
BAC,Extended,Banks,Financials,Banks,GAAP,Dec,EPS,CY2027,4.631,4.968,+7.3%,4.948,-0.4%,5.061,+2.3%,53.83,10.6,+9.3%,-2.1%,+8.1%,+21.3%
BAC,Extended,Banks,Financials,Banks,GAAP,Dec,EPS,CY2028,4.15,5.37,+29.4%,5.613,+4.5%,5.778,+2.9%,53.83,9.3,+39.2%,-2.1%,+8.1%,+21.3%
WFC,Extended,Banks,Financials,Banks,GAAP,Dec,EPS,CY2025,5.814,6.339,+9.0%,6.332,-0.1%,6.332,+0.0%,81.94,12.9,+8.9%,-12.1%,-0.2%,+9.4%
WFC,Extended,Banks,Financials,Banks,GAAP,Dec,EPS,CY2026,6.542,6.989,+6.8%,6.947,-0.6%,6.961,+0.2%,81.94,11.8,+6.4%,-12.1%,-0.2%,+9.4%
WFC,Extended,Banks,Financials,Banks,GAAP,Dec,EPS,CY2027,7.488,7.972,+6.5%,7.9,-0.9%,7.836,-0.8%,81.94,10.5,+4.6%,-12.1%,-0.2%,+9.4%
WFC,Extended,Banks,Financials,Banks,GAAP,Dec,EPS,CY2028,8.26,9.14,+10.7%,8.893,-2.7%,8.774,-1.3%,81.94,9.3,+6.2%,-12.1%,-0.2%,+9.4%
USB,Extended,Banks,Financials,Banks,Adj,Dec,EPS,CY2025,4.312,4.535,+5.2%,4.573,+0.8%,4.573,+0.0%,55.69,12.2,+6.1%,+4.4%,+3.3%,+27.5%
USB,Extended,Banks,Financials,Banks,Adj,Dec,EPS,CY2026,4.755,4.89,+2.8%,5.049,+3.3%,5.113,+1.3%,55.69,10.9,+7.5%,+4.4%,+3.3%,+27.5%
USB,Extended,Banks,Financials,Banks,Adj,Dec,EPS,CY2027,4.947,5.367,+8.5%,5.591,+4.2%,5.699,+1.9%,55.69,9.8,+15.2%,+4.4%,+3.3%,+27.5%
USB,Extended,Banks,Financials,Banks,Adj,Dec,EPS,CY2028,4.77,5.16,+8.2%,6.0,+16.3%,6.221,+3.7%,55.69,9.0,+30.4%,+4.4%,+3.3%,+27.5%
PNC,Extended,Banks,Financials,Banks,Adj,Dec,EPS,CY2025,14.96,15.903,+6.3%,16.078,+1.1%,16.078,+0.0%,228.37,14.2,+7.5%,+9.4%,+7.5%,+30.7%
PNC,Extended,Banks,Financials,Banks,Adj,Dec,EPS,CY2026,17.138,17.743,+3.5%,18.559,+4.6%,18.778,+1.2%,228.37,12.2,+9.6%,+9.4%,+7.5%,+30.7%
PNC,Extended,Banks,Financials,Banks,Adj,Dec,EPS,CY2027,19.173,19.629,+2.4%,20.683,+5.4%,21.062,+1.8%,228.37,10.8,+9.9%,+9.4%,+7.5%,+30.7%
PNC,Extended,Banks,Financials,Banks,Adj,Dec,EPS,CY2028,16.81,16.53,-1.7%,22.64,+37.0%,22.723,+0.4%,228.37,10.1,+35.2%,+9.4%,+7.5%,+30.7%
GS,Extended,Banks,Financials,Financial Services,GAAP,Dec,EPS,CY2025,44.811,49.026,+9.4%,49.193,+0.3%,49.193,+0.0%,1038.68,21.1,+9.8%,+18.2%,+24.3%,+71.4%
GS,Extended,Banks,Financials,Financial Services,GAAP,Dec,EPS,CY2026,49.982,55.193,+10.4%,58.358,+5.7%,59.369,+1.7%,1038.68,17.5,+18.8%,+18.2%,+24.3%,+71.4%
GS,Extended,Banks,Financials,Financial Services,GAAP,Dec,EPS,CY2027,,62.213,,65.402,+5.1%,65.329,-0.1%,1038.68,15.9,,+18.2%,+24.3%,+71.4%
GS,Extended,Banks,Financials,Financial Services,GAAP,Dec,EPS,CY2028,,67.523,,68.629,+1.6%,70.523,+2.8%,1038.68,14.7,,+18.2%,+24.3%,+71.4%
MS,Extended,Banks,Financials,Financial Services,GAAP,Dec,EPS,CY2025,8.614,9.867,+14.5%,9.922,+0.6%,9.922,+0.0%,211.93,21.4,+15.2%,+19.4%,+30.4%,+62.2%
MS,Extended,Banks,Financials,Financial Services,GAAP,Dec,EPS,CY2026,9.215,10.558,+14.6%,11.315,+7.2%,11.87,+4.9%,211.93,17.9,+28.8%,+19.4%,+30.4%,+62.2%
MS,Extended,Banks,Financials,Financial Services,GAAP,Dec,EPS,CY2027,,11.697,,12.169,+4.0%,12.747,+4.7%,211.93,16.6,,+19.4%,+30.4%,+62.2%
MS,Extended,Banks,Financials,Financial Services,GAAP,Dec,EPS,CY2028,,12.432,,12.675,+2.0%,13.767,+8.6%,211.93,15.4,,+19.4%,+30.4%,+62.2%
C,Extended,Banks,Financials,Banks,GAAP,Dec,EPS,CY2025,7.307,7.583,+3.8%,7.213,-4.9%,7.213,+0.0%,132.47,18.4,-1.3%,+13.5%,+21.6%,+72.8%
C,Extended,Banks,Financials,Banks,GAAP,Dec,EPS,CY2026,9.234,9.953,+7.8%,10.261,+3.1%,10.83,+5.5%,132.47,12.2,+17.3%,+13.5%,+21.6%,+72.8%
C,Extended,Banks,Financials,Banks,GAAP,Dec,EPS,CY2027,10.949,11.745,+7.3%,11.772,+0.2%,12.464,+5.9%,132.47,10.6,+13.8%,+13.5%,+21.6%,+72.8%
C,Extended,Banks,Financials,Banks,GAAP,Dec,EPS,CY2028,8.21,9.05,+10.2%,12.728,+40.6%,14.411,+13.2%,132.47,9.2,+75.5%,+13.5%,+21.6%,+72.8%
TFC,Extended,Banks,Financials,Banks,Adj,Dec,EPS,CY2025,3.909,3.922,+0.3%,3.966,+1.1%,3.966,+0.0%,49.2,12.4,+1.5%,-0.0%,+1.5%,+24.1%
TFC,Extended,Banks,Financials,Banks,Adj,Dec,EPS,CY2026,4.418,4.438,+0.5%,4.431,-0.2%,4.533,+2.3%,49.2,10.9,+2.6%,-0.0%,+1.5%,+24.1%
TFC,Extended,Banks,Financials,Banks,Adj,Dec,EPS,CY2027,4.833,5.03,+4.1%,5.07,+0.8%,5.125,+1.1%,49.2,9.6,+6.0%,-0.0%,+1.5%,+24.1%
TFC,Extended,Banks,Financials,Banks,Adj,Dec,EPS,CY2028,4.86,4.77,-1.9%,5.63,+18.0%,5.717,+1.5%,49.2,8.6,+17.6%,-0.0%,+1.5%,+24.1%
MTB,Extended,Banks,Financials,Banks,Adj,Dec,EPS,CY2025,15.929,16.71,+4.9%,16.715,+0.0%,16.715,+0.0%,222.44,13.3,+4.9%,+10.4%,+3.0%,+23.6%
MTB,Extended,Banks,Financials,Banks,Adj,Dec,EPS,CY2026,18.322,18.722,+2.2%,18.757,+0.2%,18.688,-0.4%,222.44,11.9,+2.0%,+10.4%,+3.0%,+23.6%
MTB,Extended,Banks,Financials,Banks,Adj,Dec,EPS,CY2027,20.183,20.93,+3.7%,21.162,+1.1%,20.821,-1.6%,222.44,10.7,+3.2%,+10.4%,+3.0%,+23.6%
MTB,Extended,Banks,Financials,Banks,Adj,Dec,EPS,CY2028,14.44,20.0,+38.5%,23.783,+18.9%,23.071,-3.0%,222.44,9.6,+59.8%,+10.4%,+3.0%,+23.6%
BK,Extended,Banks,Financials,Financial Services,Adj,Dec,EPS,CY2025,6.779,7.396,+9.1%,7.393,-0.0%,7.393,+0.0%,,,+9.1%,,,
BK,Extended,Banks,Financials,Financial Services,Adj,Dec,EPS,CY2026,7.59,8.155,+7.4%,8.391,+2.9%,8.784,+4.7%,,,+15.7%,,,
BK,Extended,Banks,Financials,Financial Services,Adj,Dec,EPS,CY2027,8.446,9.102,+7.8%,9.401,+3.3%,9.629,+2.4%,,,+14.0%,,,
BK,Extended,Banks,Financials,Financial Services,Adj,Dec,EPS,CY2028,,10.34,,10.468,+1.2%,10.631,+1.6%,,,,,,
STT,Extended,Banks,Financials,Financial Services,Adj,Dec,EPS,CY2025,9.486,10.096,+6.4%,10.201,+1.0%,10.201,+0.0%,161.75,15.9,+7.5%,+25.4%,+29.3%,+67.7%
STT,Extended,Banks,Financials,Financial Services,Adj,Dec,EPS,CY2026,10.436,11.343,+8.7%,11.649,+2.7%,12.387,+6.3%,161.75,13.1,+18.7%,+25.4%,+29.3%,+67.7%
STT,Extended,Banks,Financials,Financial Services,Adj,Dec,EPS,CY2027,11.788,12.741,+8.1%,13.007,+2.1%,13.789,+6.0%,161.75,11.7,+17.0%,+25.4%,+29.3%,+67.7%
STT,Extended,Banks,Financials,Financial Services,Adj,Dec,EPS,CY2028,,13.92,,14.68,+5.5%,15.714,+7.0%,161.75,10.3,,+25.4%,+29.3%,+67.7%
CB,Extended,Insurance and reinsurance,Financials,Insurance,Adj,Dec,EPS,CY2025,21.386,23.663,+10.6%,24.264,+2.5%,24.264,+0.0%,326.27,13.4,+13.5%,+4.5%,-1.9%,+11.9%
CB,Extended,Insurance and reinsurance,Financials,Insurance,Adj,Dec,EPS,CY2026,25.499,26.263,+3.0%,26.756,+1.9%,27.089,+1.2%,326.27,12.0,+6.2%,+4.5%,-1.9%,+11.9%
CB,Extended,Insurance and reinsurance,Financials,Insurance,Adj,Dec,EPS,CY2027,27.648,28.521,+3.2%,28.976,+1.6%,29.23,+0.9%,326.27,11.2,+5.7%,+4.5%,-1.9%,+11.9%
CB,Extended,Insurance and reinsurance,Financials,Insurance,Adj,Dec,EPS,CY2028,27.01,28.618,+6.0%,31.418,+9.8%,31.641,+0.7%,326.27,10.3,+17.1%,+4.5%,-1.9%,+11.9%
CCC,Extended,Insurance and reinsurance,Information Technology,Software & Services,Adj,Dec,EPS,CY2025,0.357,0.358,+0.3%,0.355,-0.8%,0.355,+0.0%,4.66,13.1,-0.6%,-41.4%,-24.4%,-47.8%
CCC,Extended,Insurance and reinsurance,Information Technology,Software & Services,Adj,Dec,EPS,CY2026,0.405,0.418,+3.2%,0.422,+1.0%,0.44,+4.3%,4.66,10.6,+8.6%,-41.4%,-24.4%,-47.8%
CCC,Extended,Insurance and reinsurance,Information Technology,Software & Services,Adj,Dec,EPS,CY2027,0.47,0.467,-0.6%,0.476,+1.9%,0.505,+6.1%,4.66,9.2,+7.4%,-41.4%,-24.4%,-47.8%
CCC,Extended,Insurance and reinsurance,Information Technology,Software & Services,Adj,Dec,EPS,CY2028,0.53,0.55,+3.8%,0.53,-3.6%,0.59,+11.3%,4.66,7.9,+11.3%,-41.4%,-24.4%,-47.8%
ALL,Extended,Insurance and reinsurance,Financials,Insurance,Adj,Dec,EPS,CY2025,17.989,28.556,+58.7%,29.659,+3.9%,29.659,+0.0%,221.01,7.5,+64.9%,+6.2%,+4.4%,+6.9%
ALL,Extended,Insurance and reinsurance,Financials,Insurance,Adj,Dec,EPS,CY2026,21.728,24.472,+12.6%,25.308,+3.4%,29.431,+16.3%,221.01,7.5,+35.5%,+6.2%,+4.4%,+6.9%
ALL,Extended,Insurance and reinsurance,Financials,Insurance,Adj,Dec,EPS,CY2027,23.202,24.655,+6.3%,25.528,+3.5%,26.028,+2.0%,221.01,8.5,+12.2%,+6.2%,+4.4%,+6.9%
ALL,Extended,Insurance and reinsurance,Financials,Insurance,Adj,Dec,EPS,CY2028,19.713,21.945,+11.3%,23.321,+6.3%,25.194,+8.0%,221.01,8.8,+27.8%,+6.2%,+4.4%,+6.9%
TRV,Extended,Insurance and reinsurance,Financials,Insurance,Adj,Dec,EPS,CY2025,18.808,25.104,+33.5%,25.409,+1.2%,25.409,+0.0%,303.25,11.9,+35.1%,+4.5%,-1.1%,+11.9%
TRV,Extended,Insurance and reinsurance,Financials,Insurance,Adj,Dec,EPS,CY2026,24.764,26.8,+8.2%,27.269,+1.7%,28.127,+3.1%,303.25,10.8,+13.6%,+4.5%,-1.1%,+11.9%
TRV,Extended,Insurance and reinsurance,Financials,Insurance,Adj,Dec,EPS,CY2027,26.584,28.048,+5.5%,28.319,+1.0%,28.594,+1.0%,303.25,10.6,+7.6%,+4.5%,-1.1%,+11.9%
TRV,Extended,Insurance and reinsurance,Financials,Insurance,Adj,Dec,EPS,CY2028,25.447,28.825,+13.3%,28.258,-2.0%,28.815,+2.0%,303.25,10.5,+13.2%,+4.5%,-1.1%,+11.9%
AIG,Extended,Insurance and reinsurance,Financials,Insurance,Adj,Dec,EPS,CY2025,6.299,7.002,+11.2%,7.011,+0.1%,7.011,+0.0%,75.49,10.8,+11.3%,-11.8%,-5.7%,-11.6%
AIG,Extended,Insurance and reinsurance,Financials,Insurance,Adj,Dec,EPS,CY2026,7.806,7.906,+1.3%,7.848,-0.7%,8.029,+2.3%,75.49,9.4,+2.9%,-11.8%,-5.7%,-11.6%
AIG,Extended,Insurance and reinsurance,Financials,Insurance,Adj,Dec,EPS,CY2027,8.767,8.832,+0.7%,8.833,+0.0%,8.898,+0.7%,75.49,8.5,+1.5%,-11.8%,-5.7%,-11.6%
AIG,Extended,Insurance and reinsurance,Financials,Insurance,Adj,Dec,EPS,CY2028,8.113,7.9,-2.6%,9.222,+16.7%,9.564,+3.7%,75.49,7.9,+17.9%,-11.8%,-5.7%,-11.6%
ACGL,Extended,Insurance and reinsurance,Financials,Insurance,Adj,Dec,EPS,CY2025,7.777,9.197,+18.3%,9.436,+2.6%,9.436,+0.0%,91.19,9.7,+21.3%,-4.9%,-6.1%,-3.6%
ACGL,Extended,Insurance and reinsurance,Financials,Insurance,Adj,Dec,EPS,CY2026,9.264,9.299,+0.4%,9.377,+0.8%,9.277,-1.1%,91.19,9.8,+0.1%,-4.9%,-6.1%,-3.6%
ACGL,Extended,Insurance and reinsurance,Financials,Insurance,Adj,Dec,EPS,CY2027,9.856,10.018,+1.6%,10.111,+0.9%,9.939,-1.7%,91.19,9.2,+0.8%,-4.9%,-6.1%,-3.6%
ACGL,Extended,Insurance and reinsurance,Financials,Insurance,Adj,Dec,EPS,CY2028,10.13,11.1,+9.6%,10.81,-2.6%,10.608,-1.9%,91.19,8.6,+4.7%,-4.9%,-6.1%,-3.6%
HIG,Extended,Insurance and reinsurance,Financials,Insurance,Adj,Dec,EPS,CY2025,11.038,12.546,+13.7%,12.624,+0.6%,12.624,+0.0%,132.14,10.5,+14.4%,-4.1%,-5.4%,+3.2%
HIG,Extended,Insurance and reinsurance,Financials,Insurance,Adj,Dec,EPS,CY2026,12.965,13.241,+2.1%,13.406,+1.2%,12.968,-3.3%,132.14,10.2,+0.0%,-4.1%,-5.4%,+3.2%
HIG,Extended,Insurance and reinsurance,Financials,Insurance,Adj,Dec,EPS,CY2027,14.285,14.305,+0.1%,14.524,+1.5%,14.299,-1.5%,132.14,9.2,+0.1%,-4.1%,-5.4%,+3.2%
HIG,Extended,Insurance and reinsurance,Financials,Insurance,Adj,Dec,EPS,CY2028,,16.11,,15.719,-2.4%,15.497,-1.4%,132.14,8.5,,-4.1%,-5.4%,+3.2%
WRB,Extended,Insurance and reinsurance,Financials,Insurance,Adj,Dec,EPS,CY2025,4.319,4.308,-0.3%,4.302,-0.1%,4.302,+0.0%,68.57,15.9,-0.4%,-2.2%,-1.4%,-5.2%
WRB,Extended,Insurance and reinsurance,Financials,Insurance,Adj,Dec,EPS,CY2026,4.803,4.651,-3.2%,4.568,-1.8%,4.674,+2.3%,68.57,14.7,-2.7%,-2.2%,-1.4%,-5.2%
WRB,Extended,Insurance and reinsurance,Financials,Insurance,Adj,Dec,EPS,CY2027,5.23,4.964,-5.1%,4.869,-1.9%,4.819,-1.0%,68.57,14.2,-7.9%,-2.2%,-1.4%,-5.2%
WRB,Extended,Insurance and reinsurance,Financials,Insurance,Adj,Dec,EPS,CY2028,,5.095,,5.112,+0.3%,5.159,+0.9%,68.57,13.3,,-2.2%,-1.4%,-5.2%
MKL,Extended,Insurance and reinsurance,Financials,Insurance,Adj,Dec,EPS,CY2025,105.233,125.693,+19.4%,120.76,-3.9%,120.76,+0.0%,1818.67,15.1,+14.8%,-15.4%,-10.0%,-6.1%
MKL,Extended,Insurance and reinsurance,Financials,Insurance,Adj,Dec,EPS,CY2026,126.493,121.478,-4.0%,148.593,+22.3%,110.808,-25.4%,1818.67,16.4,-12.4%,-15.4%,-10.0%,-6.1%
MKL,Extended,Insurance and reinsurance,Financials,Insurance,Adj,Dec,EPS,CY2027,137.34,142.403,+3.7%,135.35,-5.0%,129.89,-4.0%,1818.67,14.0,-5.4%,-15.4%,-10.0%,-6.1%
MKL,Extended,Insurance and reinsurance,Financials,Insurance,Adj,Dec,EPS,CY2028,177.26,185.44,+4.6%,156.965,-15.4%,170.94,+8.9%,1818.67,10.6,-3.6%,-15.4%,-10.0%,-6.1%
MET,Extended,Insurance and reinsurance,Financials,Insurance,Adj,Dec,EPS,CY2025,9.15,8.706,-4.9%,8.693,-0.1%,8.693,+0.0%,84.49,9.7,-5.0%,+7.0%,+15.8%,+7.5%
MET,Extended,Insurance and reinsurance,Financials,Insurance,Adj,Dec,EPS,CY2026,10.326,10.007,-3.1%,9.789,-2.2%,9.908,+1.2%,84.49,8.5,-4.0%,+7.0%,+15.8%,+7.5%
MET,Extended,Insurance and reinsurance,Financials,Insurance,Adj,Dec,EPS,CY2027,11.402,11.218,-1.6%,10.925,-2.6%,11.01,+0.8%,84.49,7.7,-3.4%,+7.0%,+15.8%,+7.5%
MET,Extended,Insurance and reinsurance,Financials,Insurance,Adj,Dec,EPS,CY2028,12.7,12.65,-0.4%,12.225,-3.4%,12.347,+1.0%,84.49,6.8,-2.8%,+7.0%,+15.8%,+7.5%
PRU,Extended,Insurance and reinsurance,Financials,Insurance,Adj,Dec,EPS,CY2025,13.667,14.531,+6.3%,14.497,-0.2%,14.497,+0.0%,104.62,7.2,+6.1%,-7.3%,+5.5%,+0.9%
PRU,Extended,Insurance and reinsurance,Financials,Insurance,Adj,Dec,EPS,CY2026,14.759,14.939,+1.2%,14.362,-3.9%,13.876,-3.4%,104.62,7.5,-6.0%,-7.3%,+5.5%,+0.9%
PRU,Extended,Insurance and reinsurance,Financials,Insurance,Adj,Dec,EPS,CY2027,15.813,15.897,+0.5%,15.455,-2.8%,14.663,-5.1%,104.62,7.1,-7.3%,-7.3%,+5.5%,+0.9%
PRU,Extended,Insurance and reinsurance,Financials,Insurance,Adj,Dec,EPS,CY2028,,16.775,,16.539,-1.4%,15.809,-4.4%,104.62,6.6,,-7.3%,+5.5%,+0.9%
LNC,Extended,Insurance and reinsurance,Financials,Insurance,Adj,Dec,EPS,CY2025,7.276,7.89,+8.4%,7.909,+0.2%,7.909,+0.0%,34.74,4.4,+8.7%,-22.0%,-1.1%,+5.9%
LNC,Extended,Insurance and reinsurance,Financials,Insurance,Adj,Dec,EPS,CY2026,7.678,8.013,+4.4%,8.04,+0.3%,7.665,-4.7%,34.74,4.5,-0.2%,-22.0%,-1.1%,+5.9%
LNC,Extended,Insurance and reinsurance,Financials,Insurance,Adj,Dec,EPS,CY2027,8.524,8.718,+2.3%,8.674,-0.5%,8.335,-3.9%,34.74,4.2,-2.2%,-22.0%,-1.1%,+5.9%
LNC,Extended,Insurance and reinsurance,Financials,Insurance,Adj,Dec,EPS,CY2028,9.2,9.325,+1.4%,9.4,+0.8%,8.993,-4.3%,34.74,3.9,-2.2%,-22.0%,-1.1%,+5.9%
PRI,Extended,Insurance and reinsurance,Financials,Insurance,Adj,Dec,EPS,CY2025,20.922,22.201,+6.1%,22.301,+0.5%,22.301,+0.0%,265.84,11.9,+6.6%,+2.9%,+0.6%,+0.3%
PRI,Extended,Insurance and reinsurance,Financials,Insurance,Adj,Dec,EPS,CY2026,22.781,23.893,+4.9%,23.858,-0.1%,24.32,+1.9%,265.84,10.9,+6.8%,+2.9%,+0.6%,+0.3%
PRI,Extended,Insurance and reinsurance,Financials,Insurance,Adj,Dec,EPS,CY2027,24.715,26.086,+5.5%,26.073,-0.0%,26.399,+1.3%,265.84,10.1,+6.8%,+2.9%,+0.6%,+0.3%
PRI,Extended,Insurance and reinsurance,Financials,Insurance,Adj,Dec,EPS,CY2028,27.5,28.575,+3.9%,28.933,+1.3%,29.09,+0.5%,265.84,9.1,+5.8%,+2.9%,+0.6%,+0.3%
AFL,Extended,Insurance and reinsurance,Financials,Insurance,Adj,Dec,EPS,CY2025,6.744,7.562,+12.1%,7.614,+0.7%,7.614,+0.0%,118.24,15.5,+12.9%,+7.2%,+6.5%,+15.7%
AFL,Extended,Insurance and reinsurance,Financials,Insurance,Adj,Dec,EPS,CY2026,7.19,7.376,+2.6%,7.362,-0.2%,7.042,-4.3%,118.24,16.8,-2.1%,+7.2%,+6.5%,+15.7%
AFL,Extended,Insurance and reinsurance,Financials,Insurance,Adj,Dec,EPS,CY2027,7.556,7.791,+3.1%,7.771,-0.3%,7.586,-2.4%,118.24,15.6,+0.4%,+7.2%,+6.5%,+15.7%
AFL,Extended,Insurance and reinsurance,Financials,Insurance,Adj,Dec,EPS,CY2028,8.15,8.2,+0.6%,8.183,-0.2%,7.916,-3.3%,118.24,14.9,-2.9%,+7.2%,+6.5%,+15.7%
DIS,Extended,Media content,Communication Services,Media & Entertainment,Adj,Sep,EPS,CY2025,5.734,5.874,+2.4%,5.874,+0.0%,5.874,+0.0%,99.71,17.0,+2.4%,-12.4%,-2.6%,-11.4%
DIS,Extended,Media content,Communication Services,Media & Entertainment,Adj,Sep,EPS,CY2026,6.22,6.595,+6.0%,6.599,+0.1%,6.813,+3.2%,99.71,14.6,+9.5%,-12.4%,-2.6%,-11.4%
DIS,Extended,Media content,Communication Services,Media & Entertainment,Adj,Sep,EPS,CY2027,6.939,7.327,+5.6%,7.299,-0.4%,7.454,+2.1%,99.71,13.4,+7.4%,-12.4%,-2.6%,-11.4%
DIS,Extended,Media content,Communication Services,Media & Entertainment,Adj,Sep,EPS,CY2028,7.512,8.112,+8.0%,8.11,-0.0%,8.294,+2.3%,99.71,12.0,+10.4%,-12.4%,-2.6%,-11.4%
FOXA,Extended,Media content,Communication Services,Media & Entertainment,Adj,Jun,EPS,CY2025,4.498,4.488,-0.2%,4.488,+0.0%,4.488,+0.0%,66.89,14.9,-0.2%,-8.5%,+14.0%,+24.2%
FOXA,Extended,Media content,Communication Services,Media & Entertainment,Adj,Jun,EPS,CY2026,4.24,4.477,+5.6%,4.595,+2.6%,4.919,+7.1%,66.89,13.6,+16.0%,-8.5%,+14.0%,+24.2%
FOXA,Extended,Media content,Communication Services,Media & Entertainment,Adj,Jun,EPS,CY2027,4.761,5.03,+5.7%,5.154,+2.5%,5.658,+9.8%,66.89,11.8,+18.8%,-8.5%,+14.0%,+24.2%
FOXA,Extended,Media content,Communication Services,Media & Entertainment,Adj,Jun,EPS,CY2028,4.476,4.945,+10.5%,5.149,+4.1%,5.518,+7.2%,66.89,12.1,+23.3%,-8.5%,+14.0%,+24.2%
AMCX,Extended,Media content,Communication Services,Media & Entertainment,Adj,Dec,EPS,CY2025,2.354,1.896,-19.5%,2.017,+6.4%,2.017,+0.0%,9.8,4.9,-14.3%,+2.9%,+18.4%,+48.5%
AMCX,Extended,Media content,Communication Services,Media & Entertainment,Adj,Dec,EPS,CY2026,2.235,1.644,-26.4%,1.723,+4.8%,1.879,+9.1%,9.8,5.2,-15.9%,+2.9%,+18.4%,+48.5%
AMCX,Extended,Media content,Communication Services,Media & Entertainment,Adj,Dec,EPS,CY2027,2.109,1.149,-45.5%,1.424,+23.9%,1.484,+4.2%,9.8,6.6,-29.6%,+2.9%,+18.4%,+48.5%
AMCX,Extended,Media content,Communication Services,Media & Entertainment,Adj,Dec,EPS,CY2028,2.66,1.078,-59.5%,1.073,-0.5%,1.203,+12.1%,9.8,8.1,-54.8%,+2.9%,+18.4%,+48.5%
TTWO,Extended,Media content,Communication Services,Media & Entertainment,Adj,Mar,EPS,CY2025,2.686,3.328,+23.9%,3.892,+16.9%,3.908,+0.4%,214.39,54.9,+45.5%,-16.3%,+0.9%,-7.2%
TTWO,Extended,Media content,Communication Services,Media & Entertainment,Adj,Mar,EPS,CY2026,9.271,7.853,-15.3%,8.029,+2.2%,6.675,-16.9%,214.39,32.1,-28.0%,-16.3%,+0.9%,-7.2%
TTWO,Extended,Media content,Communication Services,Media & Entertainment,Adj,Mar,EPS,CY2027,10.125,10.71,+5.8%,10.507,-1.9%,9.982,-5.0%,214.39,21.5,-1.4%,-16.3%,+0.9%,-7.2%
TTWO,Extended,Media content,Communication Services,Media & Entertainment,Adj,Mar,EPS,CY2028,10.323,10.934,+5.9%,11.367,+4.0%,10.868,-4.4%,214.39,19.7,+5.3%,-16.3%,+0.9%,-7.2%
RBLX,Extended,Media content,Communication Services,Media & Entertainment,Adj,Dec,EPS,CY2025,-1.279,-1.564,-22.3%,-1.376,+12.0%,-1.376,+0.0%,41.82,-30.4,-7.6%,-48.4%,-36.7%,-55.6%
RBLX,Extended,Media content,Communication Services,Media & Entertainment,Adj,Dec,EPS,CY2026,-1.068,-1.537,-43.9%,-1.637,-6.5%,-1.476,+9.8%,41.82,-28.3,-38.2%,-48.4%,-36.7%,-55.6%
RBLX,Extended,Media content,Communication Services,Media & Entertainment,Adj,Dec,EPS,CY2027,-0.942,-1.161,-23.2%,-1.01,+13.0%,-1.118,-10.7%,41.82,-37.4,-18.7%,-48.4%,-36.7%,-55.6%
RBLX,Extended,Media content,Communication Services,Media & Entertainment,Adj,Dec,EPS,CY2028,-0.256,-0.064,+75.0%,-0.513,-701.6%,-0.666,-29.8%,41.82,-62.8,-160.2%,-48.4%,-36.7%,-55.6%
EA,Extended,Media content,Communication Services,Media & Entertainment,Adj,Mar,EPS,CY2025,8.162,8.601,+5.4%,8.616,+0.2%,8.636,+0.2%,203.0,23.5,+5.8%,-0.7%,+1.1%,+37.3%
EA,Extended,Media content,Communication Services,Media & Entertainment,Adj,Mar,EPS,CY2026,9.019,9.282,+2.9%,9.302,+0.2%,8.921,-4.1%,203.0,22.8,-1.1%,-0.7%,+1.1%,+37.3%
EA,Extended,Media content,Communication Services,Media & Entertainment,Adj,Mar,EPS,CY2027,9.909,10.015,+1.1%,10.007,-0.1%,9.606,-4.0%,203.0,21.1,-3.1%,-0.7%,+1.1%,+37.3%
EA,Extended,Media content,Communication Services,Media & Entertainment,Adj,Mar,EPS,CY2028,10.899,11.064,+1.5%,11.223,+1.4%,10.112,-9.9%,203.0,20.1,-7.2%,-0.7%,+1.1%,+37.3%
SBGI,Extended,Media content,Communication Services,Media & Entertainment,Adj,Dec,EPS,CY2025,-2.627,-2.923,-11.3%,-3.196,-9.3%,-3.196,+0.0%,13.85,-4.3,-21.7%,-9.5%,-10.7%,+8.0%
SBGI,Extended,Media content,Communication Services,Media & Entertainment,Adj,Dec,EPS,CY2026,2.376,0.902,-62.0%,1.035,+14.7%,2.134,+106.2%,13.85,6.5,-10.2%,-9.5%,-10.7%,+8.0%
SBGI,Extended,Media content,Communication Services,Media & Entertainment,Adj,Dec,EPS,CY2027,-0.067,-1.644,-2353.7%,-1.656,-0.7%,-1.156,+30.2%,13.85,-12.0,-1625.4%,-9.5%,-10.7%,+8.0%
SBGI,Extended,Media content,Communication Services,Media & Entertainment,Adj,Dec,EPS,CY2028,3.72,2.413,-35.1%,2.92,+21.0%,2.667,-8.7%,13.85,5.2,-28.3%,-9.5%,-10.7%,+8.0%
TGNA,Extended,Media content,Communication Services,Media & Entertainment,Adj,Dec,EPS,CY2025,1.588,1.594,+0.4%,1.603,+0.6%,1.603,+0.0%,,,+0.9%,,,
TGNA,Extended,Media content,Communication Services,Media & Entertainment,Adj,Dec,EPS,CY2026,3.253,3.043,-6.5%,3.07,+0.9%,3.15,+2.6%,,,-3.2%,,,
TGNA,Extended,Media content,Communication Services,Media & Entertainment,Adj,Dec,EPS,CY2027,2.005,1.753,-12.6%,1.597,-8.9%,1.54,-3.6%,,,-23.2%,,,
TGNA,Extended,Media content,Communication Services,Media & Entertainment,Adj,Dec,EPS,CY2028,4.123,3.575,-13.3%,3.415,-4.5%,3.55,+4.0%,,,-13.9%,,,
NYT,Extended,Media content,Communication Services,Media & Entertainment,Adj,Dec,EPS,CY2025,2.19,2.41,+10.0%,2.428,+0.7%,2.428,+0.0%,76.88,31.7,+10.9%,+10.7%,-6.2%,+37.9%
NYT,Extended,Media content,Communication Services,Media & Entertainment,Adj,Dec,EPS,CY2026,2.394,2.608,+8.9%,2.728,+4.6%,2.89,+5.9%,76.88,26.6,+20.7%,+10.7%,-6.2%,+37.9%
NYT,Extended,Media content,Communication Services,Media & Entertainment,Adj,Dec,EPS,CY2027,2.648,2.962,+11.9%,3.064,+3.4%,3.198,+4.4%,76.88,24.0,+20.8%,+10.7%,-6.2%,+37.9%
NYT,Extended,Media content,Communication Services,Media & Entertainment,Adj,Dec,EPS,CY2028,2.89,3.15,+9.0%,3.433,+9.0%,3.565,+3.8%,76.88,21.6,+23.4%,+10.7%,-6.2%,+37.9%
NXST,Extended,Media content,Communication Services,Media & Entertainment,Adj,Dec,EPS,CY2025,13.723,12.554,-8.5%,12.144,-3.3%,12.144,+0.0%,182.02,15.0,-11.5%,-10.4%,-28.2%,+10.5%
NXST,Extended,Media content,Communication Services,Media & Entertainment,Adj,Dec,EPS,CY2026,26.26,24.587,-6.4%,24.979,+1.6%,33.218,+33.0%,182.02,5.5,+26.5%,-10.4%,-28.2%,+10.5%
NXST,Extended,Media content,Communication Services,Media & Entertainment,Adj,Dec,EPS,CY2027,18.828,17.665,-6.2%,17.187,-2.7%,21.205,+23.4%,182.02,8.6,+12.6%,-10.4%,-28.2%,+10.5%
NXST,Extended,Media content,Communication Services,Media & Entertainment,Adj,Dec,EPS,CY2028,35.982,31.794,-11.6%,29.138,-8.4%,40.521,+39.1%,182.02,4.5,+12.6%,-10.4%,-28.2%,+10.5%
FWONA,Extended,Media content,Communication Services,Media & Entertainment,Adj,Dec,EPS,CY2025,1.533,2.311,+50.8%,2.227,-3.6%,2.227,+0.0%,80.94,36.3,+45.3%,-9.4%,+4.4%,-8.9%
FWONA,Extended,Media content,Communication Services,Media & Entertainment,Adj,Dec,EPS,CY2026,1.878,1.901,+1.2%,1.921,+1.1%,1.793,-6.7%,80.94,45.1,-4.5%,-9.4%,+4.4%,-8.9%
FWONA,Extended,Media content,Communication Services,Media & Entertainment,Adj,Dec,EPS,CY2027,2.294,2.412,+5.1%,2.321,-3.8%,2.206,-5.0%,80.94,36.7,-3.8%,-9.4%,+4.4%,-8.9%
FWONA,Extended,Media content,Communication Services,Media & Entertainment,Adj,Dec,EPS,CY2028,2.872,3.273,+14.0%,3.064,-6.4%,2.758,-10.0%,80.94,29.3,-4.0%,-9.4%,+4.4%,-8.9%
FWONK,Extended,Media content,Communication Services,Media & Entertainment,Adj,Dec,EPS,CY2025,1.533,2.311,+50.8%,2.227,-3.6%,2.227,+0.0%,87.68,39.4,+45.3%,-11.0%,+4.4%,-10.5%
FWONK,Extended,Media content,Communication Services,Media & Entertainment,Adj,Dec,EPS,CY2026,1.878,1.901,+1.2%,1.921,+1.1%,1.793,-6.7%,87.68,48.9,-4.5%,-11.0%,+4.4%,-10.5%
FWONK,Extended,Media content,Communication Services,Media & Entertainment,Adj,Dec,EPS,CY2027,2.294,2.412,+5.1%,2.321,-3.8%,2.206,-5.0%,87.68,39.7,-3.8%,-11.0%,+4.4%,-10.5%
FWONK,Extended,Media content,Communication Services,Media & Entertainment,Adj,Dec,EPS,CY2028,2.872,3.273,+14.0%,3.064,-6.4%,2.758,-10.0%,87.68,31.8,-4.0%,-11.0%,+4.4%,-10.5%
LYV,Extended,Media content,Communication Services,Media & Entertainment,Adj,Dec,EPS,CY2025,2.173,-0.101,-104.6%,-0.213,-110.9%,-0.213,+0.0%,160.07,-751.5,-109.8%,+12.3%,+0.2%,+11.1%
LYV,Extended,Media content,Communication Services,Media & Entertainment,Adj,Dec,EPS,CY2026,2.724,2.201,-19.2%,1.765,-19.8%,-0.167,-109.5%,160.07,-958.5,-106.1%,+12.3%,+0.2%,+11.1%
LYV,Extended,Media content,Communication Services,Media & Entertainment,Adj,Dec,EPS,CY2027,3.467,2.889,-16.7%,2.536,-12.2%,2.349,-7.4%,160.07,68.1,-32.2%,+12.3%,+0.2%,+11.1%
LYV,Extended,Media content,Communication Services,Media & Entertainment,Adj,Dec,EPS,CY2028,4.026,3.364,-16.4%,3.415,+1.5%,3.139,-8.1%,160.07,51.0,-22.0%,+12.3%,+0.2%,+11.1%
SIRI,Extended,Media content,Communication Services,Media & Entertainment,Adj,Dec,EPS,CY2025,2.825,2.798,-1.0%,2.798,+0.0%,2.798,+0.0%,27.01,9.7,-1.0%,+35.1%,+19.4%,+25.0%
SIRI,Extended,Media content,Communication Services,Media & Entertainment,Adj,Dec,EPS,CY2026,2.985,3.091,+3.6%,3.139,+1.6%,3.136,-0.1%,27.01,8.6,+5.1%,+35.1%,+19.4%,+25.0%
SIRI,Extended,Media content,Communication Services,Media & Entertainment,Adj,Dec,EPS,CY2027,3.132,3.265,+4.2%,3.311,+1.4%,3.406,+2.9%,27.01,7.9,+8.7%,+35.1%,+19.4%,+25.0%
SIRI,Extended,Media content,Communication Services,Media & Entertainment,Adj,Dec,EPS,CY2028,3.503,3.74,+6.8%,3.581,-4.3%,3.655,+2.1%,27.01,7.4,+4.3%,+35.1%,+19.4%,+25.0%
LBTYA,Extended,Media content,Communication Services,Telecommunication Services,Adj,Dec,EPS,CY2025,-3.48,-7.662,-120.2%,-12.843,-67.6%,-12.843,+0.0%,11.76,-0.9,-269.1%,+5.6%,-8.6%,+21.0%
LBTYA,Extended,Media content,Communication Services,Telecommunication Services,Adj,Dec,EPS,CY2026,-1.584,-1.706,-7.7%,-1.527,+10.5%,-1.432,+6.2%,11.76,-8.2,+9.6%,+5.6%,-8.6%,+21.0%
LBTYA,Extended,Media content,Communication Services,Telecommunication Services,Adj,Dec,EPS,CY2027,-1.452,-1.604,-10.5%,-1.51,+5.9%,-1.535,-1.7%,11.76,-7.7,-5.7%,+5.6%,-8.6%,+21.0%
LBTYA,Extended,Media content,Communication Services,Telecommunication Services,Adj,Dec,EPS,CY2028,-1.165,-1.38,-18.5%,-1.382,-0.1%,-0.99,+28.4%,11.76,-11.9,+15.0%,+5.6%,-8.6%,+21.0%
BATRK,Extended,Media content,Communication Services,Media & Entertainment,Adj,Dec,EPS,CY2025,-0.54,-0.263,+51.3%,-0.263,+0.0%,-0.263,+0.0%,49.59,-188.6,+51.3%,+25.7%,+12.8%,+23.2%
BATRK,Extended,Media content,Communication Services,Media & Entertainment,Adj,Dec,EPS,CY2026,-0.44,-0.206,+53.2%,-0.205,+0.5%,-0.26,-26.8%,49.59,-190.7,+40.9%,+25.7%,+12.8%,+23.2%
BATRK,Extended,Media content,Communication Services,Media & Entertainment,Adj,Dec,EPS,CY2027,-0.14,-0.08,+42.9%,-0.13,-62.5%,-0.21,-61.5%,49.59,-236.1,-50.0%,+25.7%,+12.8%,+23.2%
BATRK,Extended,Media content,Communication Services,Media & Entertainment,Adj,Dec,EPS,CY2028,,,,-0.155,,-0.25,-61.3%,49.59,-198.4,,+25.7%,+12.8%,+23.2%
LAMR,Extended,Media content,Real Estate,Equity Real Estate Investment,Adj,Dec,EPS,CY2025,5.893,5.857,-0.6%,5.857,+0.0%,5.857,+0.0%,151.42,25.9,-0.6%,+19.6%,+9.4%,+26.3%
LAMR,Extended,Media content,Real Estate,Equity Real Estate Investment,Adj,Dec,EPS,CY2026,5.862,5.805,-1.0%,5.697,-1.9%,5.897,+3.5%,151.42,25.7,+0.6%,+19.6%,+9.4%,+26.3%
LAMR,Extended,Media content,Real Estate,Equity Real Estate Investment,Adj,Dec,EPS,CY2027,6.33,6.304,-0.4%,6.105,-3.2%,6.292,+3.1%,151.42,24.1,-0.6%,+19.6%,+9.4%,+26.3%
LAMR,Extended,Media content,Real Estate,Equity Real Estate Investment,Adj,Dec,EPS,CY2028,6.845,6.74,-1.5%,6.897,+2.3%,6.96,+0.9%,151.42,21.8,+1.7%,+19.6%,+9.4%,+26.3%
OUT,Extended,Media content,Real Estate,Equity Real Estate Investment,Adj,Dec,EPS,CY2025,0.821,0.738,-10.1%,0.772,+4.6%,0.772,+0.0%,31.2,40.4,-6.0%,+29.5%,+6.8%,+91.5%
OUT,Extended,Media content,Real Estate,Equity Real Estate Investment,Adj,Dec,EPS,CY2026,0.923,1.112,+20.5%,1.2,+7.9%,1.326,+10.5%,31.2,23.5,+43.7%,+29.5%,+6.8%,+91.5%
OUT,Extended,Media content,Real Estate,Equity Real Estate Investment,Adj,Dec,EPS,CY2027,1.093,1.244,+13.8%,1.309,+5.2%,1.399,+6.9%,31.2,22.3,+28.0%,+29.5%,+6.8%,+91.5%
OUT,Extended,Media content,Real Estate,Equity Real Estate Investment,Adj,Dec,EPS,CY2028,1.135,1.383,+21.9%,1.488,+7.6%,1.568,+5.4%,31.2,19.9,+38.1%,+29.5%,+6.8%,+91.5%
TV,Extended,Media content,Communication Services,Telecommunication Services,Adj,Dec,EPS,CY2025,-0.509,-0.145,+71.5%,-0.75,-417.2%,-0.75,+0.0%,2.67,-3.6,-47.3%,-8.2%,-6.3%,+34.2%
TV,Extended,Media content,Communication Services,Telecommunication Services,Adj,Dec,EPS,CY2026,0.751,0.872,+16.1%,1.625,+86.4%,3.628,+123.3%,2.67,0.7,+383.1%,-8.2%,-6.3%,+34.2%
TV,Extended,Media content,Communication Services,Telecommunication Services,Adj,Dec,EPS,CY2027,2.69,3.179,+18.2%,4.14,+30.2%,3.363,-18.8%,2.67,0.8,+25.0%,-8.2%,-6.3%,+34.2%
TV,Extended,Media content,Communication Services,Telecommunication Services,Adj,Dec,EPS,CY2028,7.075,1.873,-73.5%,10.567,+464.2%,5.928,-43.9%,2.67,0.5,-16.2%,-8.2%,-6.3%,+34.2%
LUMN,Extended,Media content,Communication Services,Telecommunication Services,Adj,Dec,EPS,CY2025,-0.941,-0.795,+15.5%,-0.617,+22.4%,-0.617,+0.0%,8.91,-14.4,+34.4%,+14.7%,+30.5%,+125.0%
LUMN,Extended,Media content,Communication Services,Telecommunication Services,Adj,Dec,EPS,CY2026,-0.756,-0.456,+39.7%,-0.501,-9.9%,-0.637,-27.1%,8.91,-14.0,+15.7%,+14.7%,+30.5%,+125.0%
LUMN,Extended,Media content,Communication Services,Telecommunication Services,Adj,Dec,EPS,CY2027,-0.518,-0.322,+37.8%,-0.264,+18.0%,-0.286,-8.3%,8.91,-31.2,+44.8%,+14.7%,+30.5%,+125.0%
LUMN,Extended,Media content,Communication Services,Telecommunication Services,Adj,Dec,EPS,CY2028,-0.479,-0.282,+41.1%,-0.217,+23.0%,-0.254,-17.1%,8.91,-35.1,+47.0%,+14.7%,+30.5%,+125.0%
WPP,Extended,Media content,Communication Services,Media & Entertainment,Adj,Dec,EPS,CY2025,0.817,0.624,-23.6%,0.619,-0.8%,0.619,+0.0%,262.7,4.2,-24.2%,-22.2%,-3.4%,-52.9%
WPP,Extended,Media content,Communication Services,Media & Entertainment,Adj,Dec,EPS,CY2026,0.828,0.599,-27.7%,0.55,-8.2%,0.524,-4.7%,262.7,5.0,-36.7%,-22.2%,-3.4%,-52.9%
WPP,Extended,Media content,Communication Services,Media & Entertainment,Adj,Dec,EPS,CY2027,0.878,0.664,-24.4%,0.588,-11.4%,0.556,-5.4%,262.7,4.7,-36.7%,-22.2%,-3.4%,-52.9%
WPP,Extended,Media content,Communication Services,Media & Entertainment,Adj,Dec,EPS,CY2028,0.924,0.753,-18.5%,0.649,-13.8%,0.616,-5.1%,262.7,4.3,-33.3%,-22.2%,-3.4%,-52.9%
BCE,Extended,Media content,Communication Services,Telecommunication Services,Adj,Dec,EPS,CY2025,2.74,2.733,-0.3%,2.719,-0.5%,2.719,+0.0%,34.04,12.5,-0.8%,+4.0%,-4.2%,+14.0%
BCE,Extended,Media content,Communication Services,Telecommunication Services,Adj,Dec,EPS,CY2026,2.649,2.707,+2.2%,2.571,-5.0%,2.604,+1.3%,34.04,13.1,-1.7%,+4.0%,-4.2%,+14.0%
BCE,Extended,Media content,Communication Services,Telecommunication Services,Adj,Dec,EPS,CY2027,2.8,2.731,-2.5%,2.664,-2.5%,2.703,+1.5%,34.04,12.6,-3.5%,+4.0%,-4.2%,+14.0%
BCE,Extended,Media content,Communication Services,Telecommunication Services,Adj,Dec,EPS,CY2028,3.24,2.872,-11.4%,2.791,-2.8%,2.907,+4.2%,34.04,11.7,-10.3%,+4.0%,-4.2%,+14.0%
OMC,Extended,Media content,Communication Services,Media & Entertainment,Adj,Dec,EPS,CY2025,8.199,8.53,+4.0%,8.575,+0.5%,8.575,+0.0%,75.31,8.8,+4.6%,-6.7%,-11.2%,+7.2%
OMC,Extended,Media content,Communication Services,Media & Entertainment,Adj,Dec,EPS,CY2026,8.87,9.357,+5.5%,10.193,+8.9%,10.642,+4.4%,75.31,7.1,+20.0%,-6.7%,-11.2%,+7.2%
OMC,Extended,Media content,Communication Services,Media & Entertainment,Adj,Dec,EPS,CY2027,,10.31,,12.089,+17.3%,11.995,-0.8%,75.31,6.3,,-6.7%,-11.2%,+7.2%
OMC,Extended,Media content,Communication Services,Media & Entertainment,Adj,Dec,EPS,CY2028,,10.77,,14.577,+35.3%,13.382,-8.2%,75.31,5.6,,-6.7%,-11.2%,+7.2%
AMT,Extended,Telco infrastructure,Real Estate,Equity Real Estate Investment,Adj,Dec,EPS,CY2025,6.129,5.288,-13.7%,5.292,+0.1%,5.292,+0.0%,194.12,36.7,-13.7%,+10.6%,+3.5%,-10.2%
AMT,Extended,Telco infrastructure,Real Estate,Equity Real Estate Investment,Adj,Dec,EPS,CY2026,7.096,6.914,-2.6%,6.588,-4.7%,6.659,+1.1%,194.12,29.2,-6.2%,+10.6%,+3.5%,-10.2%
AMT,Extended,Telco infrastructure,Real Estate,Equity Real Estate Investment,Adj,Dec,EPS,CY2027,7.724,7.378,-4.5%,7.002,-5.1%,6.919,-1.2%,194.12,28.1,-10.4%,+10.6%,+3.5%,-10.2%
AMT,Extended,Telco infrastructure,Real Estate,Equity Real Estate Investment,Adj,Dec,EPS,CY2028,8.688,8.296,-4.5%,8.013,-3.4%,7.682,-4.1%,194.12,25.3,-11.6%,+10.6%,+3.5%,-10.2%
SBAC,Extended,Telco infrastructure,Real Estate,Equity Real Estate Investment,Adj,Dec,EPS,CY2025,8.396,9.412,+12.1%,9.12,-3.1%,9.12,+0.0%,208.02,22.8,+8.6%,+7.5%,+6.3%,-9.4%
SBAC,Extended,Telco infrastructure,Real Estate,Equity Real Estate Investment,Adj,Dec,EPS,CY2026,9.275,8.823,-4.9%,8.102,-8.2%,7.849,-3.1%,208.02,26.5,-15.4%,+7.5%,+6.3%,-9.4%
SBAC,Extended,Telco infrastructure,Real Estate,Equity Real Estate Investment,Adj,Dec,EPS,CY2027,9.759,9.005,-7.7%,8.672,-3.7%,8.791,+1.4%,208.02,23.7,-9.9%,+7.5%,+6.3%,-9.4%
SBAC,Extended,Telco infrastructure,Real Estate,Equity Real Estate Investment,Adj,Dec,EPS,CY2028,,10.085,,9.767,-3.2%,9.52,-2.5%,208.02,21.9,,+7.5%,+6.3%,-9.4%
CCI,Extended,Telco infrastructure,Real Estate,Equity Real Estate Investment,Adj,Dec,EPS,CY2025,0.639,1.058,+65.6%,0.984,-7.0%,0.984,+0.0%,94.49,96.0,+54.0%,+6.3%,+4.9%,-5.8%
CCI,Extended,Telco infrastructure,Real Estate,Equity Real Estate Investment,Adj,Dec,EPS,CY2026,2.86,3.263,+14.1%,2.883,-11.6%,2.616,-9.3%,94.49,36.1,-8.5%,+6.3%,+4.9%,-5.8%
CCI,Extended,Telco infrastructure,Real Estate,Equity Real Estate Investment,Adj,Dec,EPS,CY2027,3.654,3.838,+5.0%,3.54,-7.8%,3.248,-8.2%,94.49,29.1,-11.1%,+6.3%,+4.9%,-5.8%
CCI,Extended,Telco infrastructure,Real Estate,Equity Real Estate Investment,Adj,Dec,EPS,CY2028,4.545,4.95,+8.9%,3.917,-20.9%,3.636,-7.2%,94.49,26.0,-20.0%,+6.3%,+4.9%,-5.8%
EQIX,Extended,Telco infrastructure,Real Estate,Equity Real Estate Investment,Adj,Dec,EPS,CY2025,14.709,14.765,+0.4%,14.766,+0.0%,14.766,+0.0%,1080.95,73.2,+0.4%,+41.1%,+13.4%,+18.8%
EQIX,Extended,Telco infrastructure,Real Estate,Equity Real Estate Investment,Adj,Dec,EPS,CY2026,16.466,14.797,-10.1%,16.051,+8.5%,17.289,+7.7%,1080.95,62.5,+5.0%,+41.1%,+13.4%,+18.8%
EQIX,Extended,Telco infrastructure,Real Estate,Equity Real Estate Investment,Adj,Dec,EPS,CY2027,18.645,16.144,-13.4%,17.237,+6.8%,18.97,+10.1%,1080.95,57.0,+1.7%,+41.1%,+13.4%,+18.8%
EQIX,Extended,Telco infrastructure,Real Estate,Equity Real Estate Investment,Adj,Dec,EPS,CY2028,20.526,17.908,-12.8%,19.237,+7.4%,21.507,+11.8%,1080.95,50.3,+4.8%,+41.1%,+13.4%,+18.8%
ERICB,Extended,Telco infrastructure,Information Technology,Technology Hardware & Equipmen,GAAP,Dec,EPS,CY2025,5.889,7.638,+29.7%,7.606,-0.4%,7.606,+0.0%,121.0,15.9,+29.2%,+33.6%,+16.7%,+46.0%
ERICB,Extended,Telco infrastructure,Information Technology,Technology Hardware & Equipmen,GAAP,Dec,EPS,CY2026,5.938,6.016,+1.3%,6.281,+4.4%,5.512,-12.2%,121.0,22.0,-7.2%,+33.6%,+16.7%,+46.0%
ERICB,Extended,Telco infrastructure,Information Technology,Technology Hardware & Equipmen,GAAP,Dec,EPS,CY2027,6.469,6.452,-0.3%,7.05,+9.3%,6.777,-3.9%,121.0,17.9,+4.8%,+33.6%,+16.7%,+46.0%
ERICB,Extended,Telco infrastructure,Information Technology,Technology Hardware & Equipmen,GAAP,Dec,EPS,CY2028,,6.45,,7.412,+14.9%,7.371,-0.6%,121.0,16.4,,+33.6%,+16.7%,+46.0%
GDS,Extended,Telco infrastructure,Information Technology,Software & Services,Adj,Dec,EPS,CY2025,0.444,-0.218,-149.1%,0.806,+469.7%,0.806,+0.0%,34.0,42.2,+81.5%,-2.6%,-10.8%,+32.5%
GDS,Extended,Telco infrastructure,Information Technology,Software & Services,Adj,Dec,EPS,CY2026,-0.089,-0.019,+78.7%,0.015,+178.9%,0.756,+4940.0%,34.0,45.0,+949.4%,-2.6%,-10.8%,+32.5%
GDS,Extended,Telco infrastructure,Information Technology,Software & Services,Adj,Dec,EPS,CY2027,1.368,0.608,-55.6%,0.178,-70.7%,1.528,+758.4%,34.0,22.3,+11.7%,-2.6%,-10.8%,+32.5%
GDS,Extended,Telco infrastructure,Information Technology,Software & Services,Adj,Dec,EPS,CY2028,15.87,12.548,-20.9%,14.934,+19.0%,0.327,-97.8%,34.0,104.0,-97.9%,-2.6%,-10.8%,+32.5%
NOK,Extended,Telco infrastructure,Information Technology,Technology Hardware & Equipmen,Adj,Dec,EPS,CY2025,0.303,0.269,-11.2%,0.27,+0.4%,0.27,+0.0%,14.38,53.3,-10.9%,+122.3%,+83.2%,+166.8%
NOK,Extended,Telco infrastructure,Information Technology,Technology Hardware & Equipmen,Adj,Dec,EPS,CY2026,0.355,0.331,-6.8%,0.306,-7.6%,0.339,+10.8%,14.38,42.4,-4.5%,+122.3%,+83.2%,+166.8%
NOK,Extended,Telco infrastructure,Information Technology,Technology Hardware & Equipmen,Adj,Dec,EPS,CY2027,0.394,0.374,-5.1%,0.359,-4.0%,0.399,+11.1%,14.38,36.0,+1.3%,+122.3%,+83.2%,+166.8%
NOK,Extended,Telco infrastructure,Information Technology,Technology Hardware & Equipmen,Adj,Dec,EPS,CY2028,,0.442,,0.396,-10.4%,0.461,+16.4%,14.38,31.2,,+122.3%,+83.2%,+166.8%
BDC,Extended,Telco infrastructure,Information Technology,Technology Hardware & Equipmen,Adj,Dec,EPS,CY2025,7.097,7.389,+4.1%,7.422,+0.4%,7.422,+0.0%,106.22,14.3,+4.6%,-8.9%,-18.6%,-3.8%
BDC,Extended,Telco infrastructure,Information Technology,Technology Hardware & Equipmen,Adj,Dec,EPS,CY2026,7.815,7.799,-0.2%,7.868,+0.9%,8.01,+1.8%,106.22,13.3,+2.5%,-8.9%,-18.6%,-3.8%
BDC,Extended,Telco infrastructure,Information Technology,Technology Hardware & Equipmen,Adj,Dec,EPS,CY2027,8.325,8.576,+3.0%,8.777,+2.3%,8.893,+1.3%,106.22,11.9,+6.8%,-8.9%,-18.6%,-3.8%
BDC,Extended,Telco infrastructure,Information Technology,Technology Hardware & Equipmen,Adj,Dec,EPS,CY2028,,10.08,,9.41,-6.6%,9.445,+0.4%,106.22,11.2,,-8.9%,-18.6%,-3.8%
HLIT,Extended,Telco infrastructure,Information Technology,Technology Hardware & Equipmen,Adj,Dec,EPS,CY2025,,0.432,,0.432,+0.0%,0.432,+0.0%,13.27,30.7,,+34.2%,+33.6%,+42.4%
HLIT,Extended,Telco infrastructure,Information Technology,Technology Hardware & Equipmen,Adj,Dec,EPS,CY2026,,0.73,,0.61,-16.4%,0.639,+4.8%,13.27,20.8,,+34.2%,+33.6%,+42.4%
HLIT,Extended,Telco infrastructure,Information Technology,Technology Hardware & Equipmen,Adj,Dec,EPS,CY2027,,1.013,,0.845,-16.6%,0.777,-8.0%,13.27,17.1,,+34.2%,+33.6%,+42.4%
HLIT,Extended,Telco infrastructure,Information Technology,Technology Hardware & Equipmen,Adj,Dec,EPS,CY2028,,1.81,,1.34,-26.0%,0.91,-32.1%,13.27,14.6,,+34.2%,+33.6%,+42.4%
VISN,Extended,Telco infrastructure,Information Technology,Technology Hardware & Equipmen,Adj,Dec,EPS,CY2025,0.87,1.548,+77.9%,1.53,-1.2%,1.53,+0.0%,11.75,7.7,+75.9%,+32.8%,+34.7%,+313.0%
VISN,Extended,Telco infrastructure,Information Technology,Technology Hardware & Equipmen,Adj,Dec,EPS,CY2026,1.153,1.698,+47.3%,0.995,-41.4%,1.215,+22.1%,11.75,9.7,+5.4%,+32.8%,+34.7%,+313.0%
VISN,Extended,Telco infrastructure,Information Technology,Technology Hardware & Equipmen,Adj,Dec,EPS,CY2027,1.1,2.77,+151.8%,0.97,-65.0%,1.3,+34.0%,11.75,9.0,+18.2%,+32.8%,+34.7%,+313.0%
VISN,Extended,Telco infrastructure,Information Technology,Technology Hardware & Equipmen,Adj,Dec,EPS,CY2028,1.28,1.28,+0.0%,1.28,+0.0%,1.28,+0.0%,11.75,9.2,+0.0%,+32.8%,+34.7%,+313.0%
ANET,Extended,Telco infrastructure,Information Technology,Technology Hardware & Equipmen,Adj,Dec,EPS,CY2025,2.562,2.872,+12.1%,2.873,+0.0%,2.873,+0.0%,154.27,53.7,+12.1%,+17.7%,+10.7%,+62.1%
ANET,Extended,Telco infrastructure,Information Technology,Technology Hardware & Equipmen,Adj,Dec,EPS,CY2026,2.969,3.342,+12.6%,3.53,+5.6%,3.631,+2.9%,154.27,42.5,+22.3%,+17.7%,+10.7%,+62.1%
ANET,Extended,Telco infrastructure,Information Technology,Technology Hardware & Equipmen,Adj,Dec,EPS,CY2027,3.526,4.02,+14.0%,4.263,+6.0%,4.405,+3.3%,154.27,35.0,+24.9%,+17.7%,+10.7%,+62.1%
ANET,Extended,Telco infrastructure,Information Technology,Technology Hardware & Equipmen,Adj,Dec,EPS,CY2028,4.22,4.634,+9.8%,4.945,+6.7%,5.226,+5.7%,154.27,29.5,+23.8%,+17.7%,+10.7%,+62.1%
VRT,Extended,Telco infrastructure,Industrials,Capital Goods,Adj,Dec,EPS,CY2025,3.57,4.094,+14.7%,4.116,+0.5%,4.116,+0.0%,300.51,73.0,+15.3%,+85.5%,+20.3%,+167.8%
VRT,Extended,Telco infrastructure,Industrials,Capital Goods,Adj,Dec,EPS,CY2026,4.355,5.243,+20.4%,6.086,+16.1%,6.455,+6.1%,300.51,46.6,+48.2%,+85.5%,+20.3%,+167.8%
VRT,Extended,Telco infrastructure,Industrials,Capital Goods,Adj,Dec,EPS,CY2027,5.279,6.479,+22.7%,7.97,+23.0%,8.622,+8.2%,300.51,34.9,+63.3%,+85.5%,+20.3%,+167.8%
VRT,Extended,Telco infrastructure,Industrials,Capital Goods,Adj,Dec,EPS,CY2028,6.004,7.73,+28.7%,9.797,+26.7%,11.05,+12.8%,300.51,27.2,+84.0%,+85.5%,+20.3%,+167.8%
MTZ,Extended,Telco infrastructure,Industrials,Capital Goods,Adj,Dec,EPS,CY2025,6.087,6.423,+5.5%,6.437,+0.2%,6.437,+0.0%,363.89,56.5,+5.7%,+67.4%,+23.2%,+128.1%
MTZ,Extended,Telco infrastructure,Industrials,Capital Goods,Adj,Dec,EPS,CY2026,7.203,8.078,+12.1%,8.494,+5.1%,8.89,+4.7%,363.89,40.9,+23.4%,+67.4%,+23.2%,+128.1%
MTZ,Extended,Telco infrastructure,Industrials,Capital Goods,Adj,Dec,EPS,CY2027,8.376,9.803,+17.0%,10.737,+9.5%,11.882,+10.7%,363.89,30.6,+41.9%,+67.4%,+23.2%,+128.1%
MTZ,Extended,Telco infrastructure,Industrials,Capital Goods,Adj,Dec,EPS,CY2028,10.307,10.93,+6.0%,12.711,+16.3%,14.791,+16.4%,363.89,24.6,+43.5%,+67.4%,+23.2%,+128.1%
DY,Extended,Telco infrastructure,Industrials,Capital Goods,Adj,Jan,EPS,CY2025,9.601,10.963,+14.2%,10.918,-0.4%,10.918,+0.0%,466.28,42.7,+13.7%,+38.0%,+26.0%,+96.1%
DY,Extended,Telco infrastructure,Industrials,Capital Goods,Adj,Jan,EPS,CY2026,10.929,13.451,+23.1%,13.643,+1.4%,16.625,+21.9%,466.28,28.0,+52.1%,+38.0%,+26.0%,+96.1%
DY,Extended,Telco infrastructure,Industrials,Capital Goods,Adj,Jan,EPS,CY2027,12.967,15.376,+18.6%,16.261,+5.8%,19.978,+22.9%,466.28,23.3,+54.1%,+38.0%,+26.0%,+96.1%
DY,Extended,Telco infrastructure,Industrials,Capital Goods,Adj,Jan,EPS,CY2028,15.97,18.095,+13.3%,20.04,+10.7%,24.048,+20.0%,466.28,19.4,+50.6%,+38.0%,+26.0%,+96.1%
GLW,Extended,Telco infrastructure,Information Technology,Technology Hardware & Equipmen,Adj,Dec,EPS,CY2025,2.363,2.521,+6.7%,2.521,+0.0%,2.521,+0.0%,177.58,70.4,+6.7%,+102.8%,+31.8%,+249.2%
GLW,Extended,Telco infrastructure,Information Technology,Technology Hardware & Equipmen,Adj,Dec,EPS,CY2026,2.709,3.063,+13.1%,3.099,+1.2%,3.189,+2.9%,177.58,55.7,+17.7%,+102.8%,+31.8%,+249.2%
GLW,Extended,Telco infrastructure,Information Technology,Technology Hardware & Equipmen,Adj,Dec,EPS,CY2027,,3.64,,3.851,+5.8%,4.164,+8.1%,177.58,42.6,,+102.8%,+31.8%,+249.2%
GLW,Extended,Telco infrastructure,Information Technology,Technology Hardware & Equipmen,Adj,Dec,EPS,CY2028,,3.898,,4.659,+19.5%,5.723,+22.8%,177.58,31.0,,+102.8%,+31.8%,+249.2%
APH,Extended,Telco infrastructure,Information Technology,Technology Hardware & Equipmen,Adj,Dec,EPS,CY2025,2.666,3.306,+24.0%,3.323,+0.5%,3.323,+0.0%,138.81,41.8,+24.6%,+2.7%,+1.9%,+50.0%
APH,Extended,Telco infrastructure,Information Technology,Technology Hardware & Equipmen,Adj,Dec,EPS,CY2026,2.936,4.104,+39.8%,4.385,+6.8%,4.826,+10.1%,138.81,28.8,+64.4%,+2.7%,+1.9%,+50.0%
APH,Extended,Telco infrastructure,Information Technology,Technology Hardware & Equipmen,Adj,Dec,EPS,CY2027,3.211,4.725,+47.2%,5.142,+8.8%,5.687,+10.6%,138.81,24.4,+77.1%,+2.7%,+1.9%,+50.0%
APH,Extended,Telco infrastructure,Information Technology,Technology Hardware & Equipmen,Adj,Dec,EPS,CY2028,3.44,5.33,+54.9%,5.692,+6.8%,6.402,+12.5%,138.81,21.7,+86.1%,+2.7%,+1.9%,+50.0%
UI,Extended,Telco infrastructure,Information Technology,Technology Hardware & Equipmen,Adj,Jun,EPS,CY2025,9.635,9.65,+0.2%,9.65,+0.0%,9.65,+0.0%,567.33,58.8,+0.2%,+2.5%,-26.7%,+41.0%
UI,Extended,Telco infrastructure,Information Technology,Technology Hardware & Equipmen,Adj,Jun,EPS,CY2026,9.89,13.237,+33.8%,15.075,+13.9%,15.25,+1.2%,567.33,37.2,+54.2%,+2.5%,-26.7%,+41.0%
UI,Extended,Telco infrastructure,Information Technology,Technology Hardware & Equipmen,Adj,Jun,EPS,CY2027,9.975,14.78,+48.2%,17.055,+15.4%,17.23,+1.0%,567.33,32.9,+72.7%,+2.5%,-26.7%,+41.0%
UI,Extended,Telco infrastructure,Information Technology,Technology Hardware & Equipmen,Adj,Jun,EPS,CY2028,10.26,14.67,+43.0%,19.075,+30.0%,19.2,+0.7%,567.33,29.5,+87.1%,+2.5%,-26.7%,+41.0%
CALX,Extended,Telco infrastructure,Information Technology,Technology Hardware & Equipmen,Adj,Dec,EPS,CY2025,,1.343,,1.343,+0.0%,1.343,+0.0%,37.27,27.8,,-29.6%,-28.4%,-21.6%
CALX,Extended,Telco infrastructure,Information Technology,Technology Hardware & Equipmen,Adj,Dec,EPS,CY2026,,1.769,,1.757,-0.7%,1.777,+1.1%,37.27,21.0,,-29.6%,-28.4%,-21.6%
CALX,Extended,Telco infrastructure,Information Technology,Technology Hardware & Equipmen,Adj,Dec,EPS,CY2027,,2.453,,2.43,-0.9%,2.503,+3.0%,37.27,14.9,,-29.6%,-28.4%,-21.6%
CALX,Extended,Telco infrastructure,Information Technology,Technology Hardware & Equipmen,Adj,Dec,EPS,CY2028,,,,1.72,,3.142,+82.7%,37.27,11.9,,-29.6%,-28.4%,-21.6%
PRY,Extended,Telco infrastructure,Industrials,Capital Goods,Adj,Dec,EPS,CY2025,3.655,4.153,+13.6%,4.191,+0.9%,4.191,+0.0%,145.35,34.7,+14.7%,+68.3%,+47.4%,+149.4%
PRY,Extended,Telco infrastructure,Industrials,Capital Goods,Adj,Dec,EPS,CY2026,4.236,4.715,+11.3%,4.659,-1.2%,4.731,+1.5%,145.35,30.7,+11.7%,+68.3%,+47.4%,+149.4%
PRY,Extended,Telco infrastructure,Industrials,Capital Goods,Adj,Dec,EPS,CY2027,4.745,5.284,+11.4%,5.311,+0.5%,5.787,+9.0%,145.35,25.1,+22.0%,+68.3%,+47.4%,+149.4%
PRY,Extended,Telco infrastructure,Industrials,Capital Goods,Adj,Dec,EPS,CY2028,5.223,5.79,+10.9%,5.893,+1.8%,6.535,+10.9%,145.35,22.2,+25.1%,+68.3%,+47.4%,+149.4%
NTCT,Extended,Telco infrastructure,Information Technology,Technology Hardware & Equipmen,Adj,Mar,EPS,CY2025,2.22,2.305,+3.8%,2.415,+4.8%,2.415,+0.0%,40.59,16.8,+8.8%,+50.0%,+35.0%,+74.8%
NTCT,Extended,Telco infrastructure,Information Technology,Technology Hardware & Equipmen,Adj,Mar,EPS,CY2026,2.29,2.48,+8.3%,2.515,+1.4%,2.605,+3.6%,40.59,15.6,+13.8%,+50.0%,+35.0%,+74.8%
NTCT,Extended,Telco infrastructure,Information Technology,Technology Hardware & Equipmen,Adj,Mar,EPS,CY2027,,2.605,,2.6,-0.2%,2.79,+7.3%,40.59,14.5,,+50.0%,+35.0%,+74.8%
NTCT,Extended,Telco infrastructure,Information Technology,Technology Hardware & Equipmen,Adj,Mar,EPS,CY2028,,,,,,,,40.59,,,+50.0%,+35.0%,+74.8%
DOX,Extended,Telco infrastructure,Information Technology,Software & Services,Adj,Sep,EPS,CY2025,6.958,7.002,+0.6%,7.002,+0.0%,7.002,+0.0%,60.09,8.6,+0.6%,-25.4%,-12.2%,-34.0%
DOX,Extended,Telco infrastructure,Information Technology,Software & Services,Adj,Sep,EPS,CY2026,7.592,7.446,-1.9%,7.448,+0.0%,7.41,-0.5%,60.09,8.1,-2.4%,-25.4%,-12.2%,-34.0%
DOX,Extended,Telco infrastructure,Information Technology,Software & Services,Adj,Sep,EPS,CY2027,8.17,8.066,-1.3%,8.092,+0.3%,8.098,+0.1%,60.09,7.4,-0.9%,-25.4%,-12.2%,-34.0%
DOX,Extended,Telco infrastructure,Information Technology,Software & Services,Adj,Sep,EPS,CY2028,9.06,8.763,-3.3%,8.853,+1.0%,8.973,+1.4%,60.09,6.7,-1.0%,-25.4%,-12.2%,-34.0%
MCK,Extended,Drug distributors / PBMs,Health Care,Health Care Equipment & Servic,Adj,Mar,EPS,CY2025,37.326,38.678,+3.6%,39.018,+0.9%,38.984,-0.1%,775.66,19.9,+4.4%,-5.4%,-16.7%,+9.0%
MCK,Extended,Drug distributors / PBMs,Health Care,Health Care Equipment & Servic,Adj,Mar,EPS,CY2026,41.832,43.831,+4.8%,44.249,+1.0%,44.29,+0.1%,775.66,17.5,+5.9%,-5.4%,-16.7%,+9.0%
MCK,Extended,Drug distributors / PBMs,Health Care,Health Care Equipment & Servic,Adj,Mar,EPS,CY2027,46.6,49.727,+6.7%,49.941,+0.4%,50.33,+0.8%,775.66,15.4,+8.0%,-5.4%,-16.7%,+9.0%
MCK,Extended,Drug distributors / PBMs,Health Care,Health Care Equipment & Servic,Adj,Mar,EPS,CY2028,51.58,55.862,+8.3%,56.04,+0.3%,57.289,+2.2%,775.66,13.5,+11.1%,-5.4%,-16.7%,+9.0%
CAH,Extended,Drug distributors / PBMs,Health Care,Health Care Equipment & Servic,Adj,Jun,EPS,CY2025,8.136,8.198,+0.8%,8.198,+0.0%,8.198,+0.0%,205.71,25.1,+0.8%,+0.1%,-4.8%,+33.5%
CAH,Extended,Drug distributors / PBMs,Health Care,Health Care Equipment & Servic,Adj,Jun,EPS,CY2026,9.136,9.829,+7.6%,10.312,+4.9%,10.746,+4.2%,205.71,19.1,+17.6%,+0.1%,-4.8%,+33.5%
CAH,Extended,Drug distributors / PBMs,Health Care,Health Care Equipment & Servic,Adj,Jun,EPS,CY2027,10.156,11.067,+9.0%,11.585,+4.7%,11.972,+3.3%,205.71,17.2,+17.9%,+0.1%,-4.8%,+33.5%
CAH,Extended,Drug distributors / PBMs,Health Care,Health Care Equipment & Servic,Adj,Jun,EPS,CY2028,11.227,12.447,+10.9%,13.036,+4.7%,13.524,+3.7%,205.71,15.2,+20.5%,+0.1%,-4.8%,+33.5%
COR,Extended,Drug distributors / PBMs,Health Care,Health Care Equipment & Servic,Adj,Sep,EPS,CY2025,15.779,15.945,+1.1%,15.945,+0.0%,15.945,+0.0%,275.04,17.2,+1.1%,-18.6%,-23.4%,-4.6%
COR,Extended,Drug distributors / PBMs,Health Care,Health Care Equipment & Servic,Adj,Sep,EPS,CY2026,17.33,17.647,+1.8%,17.636,-0.1%,17.775,+0.8%,275.04,15.5,+2.6%,-18.6%,-23.4%,-4.6%
COR,Extended,Drug distributors / PBMs,Health Care,Health Care Equipment & Servic,Adj,Sep,EPS,CY2027,19.061,19.546,+2.5%,19.627,+0.4%,19.824,+1.0%,275.04,13.9,+4.0%,-18.6%,-23.4%,-4.6%
COR,Extended,Drug distributors / PBMs,Health Care,Health Care Equipment & Servic,Adj,Sep,EPS,CY2028,20.983,21.677,+3.3%,21.811,+0.6%,21.986,+0.8%,275.04,12.5,+4.8%,-18.6%,-23.4%,-4.6%
AZO,Extended,Autos,Consumer Discretionary,Consumer Discretionary Distrib,Adj,Aug,EPS,CY2025,147.547,146.727,-0.6%,146.727,+0.0%,146.727,+0.0%,3116.43,21.2,-0.6%,-8.1%,-16.7%,-16.3%
AZO,Extended,Autos,Consumer Discretionary,Consumer Discretionary Distrib,Adj,Aug,EPS,CY2026,167.47,152.559,-8.9%,148.943,-2.4%,151.055,+1.4%,3116.43,20.6,-9.8%,-8.1%,-16.7%,-16.3%
AZO,Extended,Autos,Consumer Discretionary,Consumer Discretionary Distrib,Adj,Aug,EPS,CY2027,186.988,181.137,-3.1%,174.443,-3.7%,175.115,+0.4%,3116.43,17.8,-6.3%,-8.1%,-16.7%,-16.3%
AZO,Extended,Autos,Consumer Discretionary,Consumer Discretionary Distrib,Adj,Aug,EPS,CY2028,210.125,203.298,-3.2%,193.654,-4.7%,194.817,+0.6%,3116.43,16.0,-7.3%,-8.1%,-16.7%,-16.3%
AAP,Extended,Autos,Consumer Discretionary,Consumer Discretionary Distrib,Adj,Dec,EPS,CY2025,1.806,1.822,+0.9%,1.815,-0.4%,1.815,+0.0%,56.81,31.3,+0.5%,+44.6%,+10.8%,+8.6%
AAP,Extended,Autos,Consumer Discretionary,Consumer Discretionary Distrib,Adj,Dec,EPS,CY2026,3.093,2.657,-14.1%,2.718,+2.3%,2.955,+8.7%,56.81,19.2,-4.5%,+44.6%,+10.8%,+8.6%
AAP,Extended,Autos,Consumer Discretionary,Consumer Discretionary Distrib,Adj,Dec,EPS,CY2027,4.51,4.03,-10.6%,3.911,-3.0%,3.956,+1.2%,56.81,14.4,-12.3%,+44.6%,+10.8%,+8.6%
AAP,Extended,Autos,Consumer Discretionary,Consumer Discretionary Distrib,Adj,Dec,EPS,CY2028,5.345,4.655,-12.9%,4.698,+0.9%,4.805,+2.3%,56.81,11.8,-10.1%,+44.6%,+10.8%,+8.6%
ORLY,Extended,Autos,Consumer Discretionary,Consumer Discretionary Distrib,Adj,Dec,EPS,CY2025,2.925,2.974,+1.7%,2.976,+0.1%,2.976,+0.0%,90.33,30.4,+1.7%,-1.0%,-4.3%,-1.2%
ORLY,Extended,Autos,Consumer Discretionary,Consumer Discretionary Distrib,Adj,Dec,EPS,CY2026,3.278,3.319,+1.3%,3.236,-2.5%,3.258,+0.7%,90.33,27.7,-0.6%,-1.0%,-4.3%,-1.2%
ORLY,Extended,Autos,Consumer Discretionary,Consumer Discretionary Distrib,Adj,Dec,EPS,CY2027,3.639,3.659,+0.5%,3.577,-2.2%,3.617,+1.1%,90.33,25.0,-0.6%,-1.0%,-4.3%,-1.2%
ORLY,Extended,Autos,Consumer Discretionary,Consumer Discretionary Distrib,Adj,Dec,EPS,CY2028,3.985,3.952,-0.8%,3.889,-1.6%,3.993,+2.7%,90.33,22.6,+0.2%,-1.0%,-4.3%,-1.2%
KMX,Extended,Autos,Consumer Discretionary,Consumer Discretionary Distrib,Adj,Feb,EPS,CY2025,3.741,2.77,-26.0%,2.671,-3.6%,2.693,+0.8%,47.15,17.5,-28.0%,+22.0%,+12.1%,-27.9%
KMX,Extended,Autos,Consumer Discretionary,Consumer Discretionary Distrib,Adj,Feb,EPS,CY2026,4.311,2.975,-31.0%,2.537,-14.7%,2.302,-9.3%,47.15,20.5,-46.6%,+22.0%,+12.1%,-27.9%
KMX,Extended,Autos,Consumer Discretionary,Consumer Discretionary Distrib,Adj,Feb,EPS,CY2027,5.207,3.498,-32.8%,3.265,-6.7%,2.786,-14.7%,47.15,16.9,-46.5%,+22.0%,+12.1%,-27.9%
KMX,Extended,Autos,Consumer Discretionary,Consumer Discretionary Distrib,Adj,Feb,EPS,CY2028,,4.993,,4.88,-2.3%,3.444,-29.4%,47.15,13.7,,+22.0%,+12.1%,-27.9%
MNRO,Extended,Autos,Consumer Discretionary,Consumer Discretionary Distrib,Adj,Mar,EPS,CY2025,0.726,0.565,-22.2%,0.552,-2.3%,0.546,-1.1%,14.53,26.6,-24.8%,-27.5%,-22.5%,-8.3%
MNRO,Extended,Autos,Consumer Discretionary,Consumer Discretionary Distrib,Adj,Mar,EPS,CY2026,0.893,0.698,-21.8%,0.67,-4.0%,0.453,-32.4%,14.53,32.1,-49.3%,-27.5%,-22.5%,-8.3%
MNRO,Extended,Autos,Consumer Discretionary,Consumer Discretionary Distrib,Adj,Mar,EPS,CY2027,1.15,0.92,-20.0%,0.935,+1.6%,0.628,-32.8%,14.53,23.1,-45.4%,-27.5%,-22.5%,-8.3%
MNRO,Extended,Autos,Consumer Discretionary,Consumer Discretionary Distrib,Adj,Mar,EPS,CY2028,,,,1.21,,0.93,-23.1%,14.53,15.6,,-27.5%,-22.5%,-8.3%
AN,Extended,Autos,Consumer Discretionary,Consumer Discretionary Distrib,Adj,Dec,EPS,CY2025,18.524,20.047,+8.2%,19.989,-0.3%,19.989,+0.0%,187.72,9.4,+7.9%,-9.1%,-2.9%,+1.0%
AN,Extended,Autos,Consumer Discretionary,Consumer Discretionary Distrib,Adj,Dec,EPS,CY2026,19.952,21.05,+5.5%,21.608,+2.7%,21.561,-0.2%,187.72,8.7,+8.1%,-9.1%,-2.9%,+1.0%
AN,Extended,Autos,Consumer Discretionary,Consumer Discretionary Distrib,Adj,Dec,EPS,CY2027,22.294,23.279,+4.4%,23.854,+2.5%,24.172,+1.3%,187.72,7.8,+8.4%,-9.1%,-2.9%,+1.0%
AN,Extended,Autos,Consumer Discretionary,Consumer Discretionary Distrib,Adj,Dec,EPS,CY2028,,26.503,,25.064,-5.4%,25.927,+3.4%,187.72,7.2,,-9.1%,-2.9%,+1.0%
GPI,Extended,Autos,Consumer Discretionary,Consumer Discretionary Distrib,Adj,Dec,EPS,CY2025,41.003,41.906,+2.2%,40.471,-3.4%,40.471,+0.0%,311.0,7.7,-1.3%,-20.9%,-4.1%,-25.9%
GPI,Extended,Autos,Consumer Discretionary,Consumer Discretionary Distrib,Adj,Dec,EPS,CY2026,43.096,44.119,+2.4%,42.447,-3.8%,42.207,-0.6%,311.0,7.4,-2.1%,-20.9%,-4.1%,-25.9%
GPI,Extended,Autos,Consumer Discretionary,Consumer Discretionary Distrib,Adj,Dec,EPS,CY2027,46.477,48.673,+4.7%,48.216,-0.9%,47.483,-1.5%,311.0,6.5,+2.2%,-20.9%,-4.1%,-25.9%
GPI,Extended,Autos,Consumer Discretionary,Consumer Discretionary Distrib,Adj,Dec,EPS,CY2028,,55.73,,53.323,-4.3%,51.614,-3.2%,311.0,6.0,,-20.9%,-4.1%,-25.9%
SAH,Extended,Autos,Consumer Discretionary,Consumer Discretionary Distrib,Adj,Dec,EPS,CY2025,6.298,6.091,-3.3%,6.049,-0.7%,6.049,+0.0%,82.16,13.6,-4.0%,+32.8%,+31.6%,+14.9%
SAH,Extended,Autos,Consumer Discretionary,Consumer Discretionary Distrib,Adj,Dec,EPS,CY2026,6.944,7.1,+2.2%,6.513,-8.3%,6.928,+6.4%,82.16,11.9,-0.2%,+32.8%,+31.6%,+14.9%
SAH,Extended,Autos,Consumer Discretionary,Consumer Discretionary Distrib,Adj,Dec,EPS,CY2027,8.223,7.848,-4.6%,7.212,-8.1%,7.63,+5.8%,82.16,10.8,-7.2%,+32.8%,+31.6%,+14.9%
SAH,Extended,Autos,Consumer Discretionary,Consumer Discretionary Distrib,Adj,Dec,EPS,CY2028,,8.95,,7.62,-14.9%,8.501,+11.6%,82.16,9.7,,+32.8%,+31.6%,+14.9%
CPRT,Extended,Autos,Industrials,Commercial & Professional Serv,Adj,Jul,EPS,CY2025,1.546,1.55,+0.3%,1.55,+0.0%,1.55,+0.0%,30.96,20.0,+0.3%,-20.9%,-18.6%,-38.3%
CPRT,Extended,Autos,Industrials,Commercial & Professional Serv,Adj,Jul,EPS,CY2026,1.736,1.674,-3.6%,1.576,-5.9%,1.585,+0.6%,30.96,19.5,-8.7%,-20.9%,-18.6%,-38.3%
CPRT,Extended,Autos,Industrials,Commercial & Professional Serv,Adj,Jul,EPS,CY2027,1.964,1.836,-6.5%,1.679,-8.6%,1.686,+0.4%,30.96,18.4,-14.2%,-20.9%,-18.6%,-38.3%
CPRT,Extended,Autos,Industrials,Commercial & Professional Serv,Adj,Jul,EPS,CY2028,2.22,1.915,-13.7%,1.837,-4.1%,1.785,-2.8%,30.96,17.3,-19.6%,-20.9%,-18.6%,-38.3%
LKQ,Extended,Autos,Consumer Discretionary,Consumer Discretionary Distrib,Adj,Dec,EPS,CY2025,3.51,3.106,-11.5%,3.106,+0.0%,3.106,+0.0%,25.22,8.1,-11.5%,-16.5%,-19.8%,-35.3%
LKQ,Extended,Autos,Consumer Discretionary,Consumer Discretionary Distrib,Adj,Dec,EPS,CY2026,3.769,3.319,-11.9%,3.039,-8.4%,2.781,-8.5%,25.22,9.1,-26.2%,-16.5%,-19.8%,-35.3%
LKQ,Extended,Autos,Consumer Discretionary,Consumer Discretionary Distrib,Adj,Dec,EPS,CY2027,,3.497,,3.324,-4.9%,3.127,-5.9%,25.22,8.1,,-16.5%,-19.8%,-35.3%
LKQ,Extended,Autos,Consumer Discretionary,Consumer Discretionary Distrib,Adj,Dec,EPS,CY2028,,3.39,,3.54,+4.4%,3.443,-2.7%,25.22,7.3,,-16.5%,-19.8%,-35.3%
WAB,Extended,Auto / Truck Supply Chain,Industrials,Capital Goods,Adj,Dec,EPS,CY2025,8.723,8.969,+2.8%,8.968,-0.0%,8.968,+0.0%,260.4,29.0,+2.8%,+22.0%,+3.5%,+27.5%
WAB,Extended,Auto / Truck Supply Chain,Industrials,Capital Goods,Adj,Dec,EPS,CY2026,9.732,10.174,+4.5%,10.385,+2.1%,10.617,+2.2%,260.4,24.5,+9.1%,+22.0%,+3.5%,+27.5%
WAB,Extended,Auto / Truck Supply Chain,Industrials,Capital Goods,Adj,Dec,EPS,CY2027,10.804,11.245,+4.1%,11.816,+5.1%,12.155,+2.9%,260.4,21.4,+12.5%,+22.0%,+3.5%,+27.5%
WAB,Extended,Auto / Truck Supply Chain,Industrials,Capital Goods,Adj,Dec,EPS,CY2028,,13.39,,13.113,-2.1%,13.599,+3.7%,260.4,19.1,,+22.0%,+3.5%,+27.5%
ALSN,Extended,Auto / Truck Supply Chain,Industrials,Capital Goods,Adj,Dec,EPS,CY2025,8.825,7.718,-12.5%,7.72,+0.0%,7.72,+0.0%,115.75,15.0,-12.5%,+18.2%,-5.2%,+12.9%
ALSN,Extended,Auto / Truck Supply Chain,Industrials,Capital Goods,Adj,Dec,EPS,CY2026,9.965,8.154,-18.2%,8.789,+7.8%,9.226,+5.0%,115.75,12.5,-7.4%,+18.2%,-5.2%,+12.9%
ALSN,Extended,Auto / Truck Supply Chain,Industrials,Capital Goods,Adj,Dec,EPS,CY2027,11.02,9.832,-10.8%,10.869,+10.5%,10.857,-0.1%,115.75,10.7,-1.5%,+18.2%,-5.2%,+12.9%
ALSN,Extended,Auto / Truck Supply Chain,Industrials,Capital Goods,Adj,Dec,EPS,CY2028,12.87,14.39,+11.8%,13.09,-9.0%,13.094,+0.0%,115.75,8.8,+1.7%,+18.2%,-5.2%,+12.9%
GNTX,Extended,Auto / Truck Supply Chain,Consumer Discretionary,Automobiles & Components,Adj,Dec,EPS,CY2025,1.615,1.783,+10.4%,1.791,+0.4%,1.791,+0.0%,24.63,13.8,+10.9%,+5.8%,+9.4%,+15.5%
GNTX,Extended,Auto / Truck Supply Chain,Consumer Discretionary,Automobiles & Components,Adj,Dec,EPS,CY2026,1.826,1.959,+7.3%,1.943,-0.8%,1.989,+2.4%,24.63,12.4,+8.9%,+5.8%,+9.4%,+15.5%
GNTX,Extended,Auto / Truck Supply Chain,Consumer Discretionary,Automobiles & Components,Adj,Dec,EPS,CY2027,2.124,2.24,+5.5%,2.144,-4.3%,2.218,+3.5%,24.63,11.1,+4.4%,+5.8%,+9.4%,+15.5%
GNTX,Extended,Auto / Truck Supply Chain,Consumer Discretionary,Automobiles & Components,Adj,Dec,EPS,CY2028,,2.96,,2.515,-15.0%,2.544,+1.2%,24.63,9.7,,+5.8%,+9.4%,+15.5%
TEL,Extended,Auto / Truck Supply Chain,Information Technology,Technology Hardware & Equipmen,Adj,Sep,EPS,CY2025,8.228,8.609,+4.6%,8.609,+0.0%,8.609,+0.0%,212.65,24.7,+4.6%,-6.5%,+1.0%,+31.0%
TEL,Extended,Auto / Truck Supply Chain,Information Technology,Technology Hardware & Equipmen,Adj,Sep,EPS,CY2026,9.01,10.708,+18.8%,11.083,+3.5%,11.24,+1.4%,212.65,18.9,+24.8%,-6.5%,+1.0%,+31.0%
TEL,Extended,Auto / Truck Supply Chain,Information Technology,Technology Hardware & Equipmen,Adj,Sep,EPS,CY2027,9.955,12.013,+20.7%,12.364,+2.9%,12.626,+2.1%,212.65,16.8,+26.8%,-6.5%,+1.0%,+31.0%
TEL,Extended,Auto / Truck Supply Chain,Information Technology,Technology Hardware & Equipmen,Adj,Sep,EPS,CY2028,11.082,13.072,+18.0%,13.711,+4.9%,13.964,+1.8%,212.65,15.2,+26.0%,-6.5%,+1.0%,+31.0%
GT,Extended,Auto / Truck Supply Chain,Consumer Discretionary,Automobiles & Components,Adj,Dec,EPS,CY2025,1.279,0.635,-50.4%,0.624,-1.7%,0.624,+0.0%,5.71,9.2,-51.2%,-34.8%,-26.6%,-46.9%
GT,Extended,Auto / Truck Supply Chain,Consumer Discretionary,Automobiles & Components,Adj,Dec,EPS,CY2026,1.897,1.104,-41.8%,0.717,-35.1%,-0.147,-120.5%,5.71,-38.8,-107.7%,-34.8%,-26.6%,-46.9%
GT,Extended,Auto / Truck Supply Chain,Consumer Discretionary,Automobiles & Components,Adj,Dec,EPS,CY2027,2.108,1.48,-29.8%,1.156,-21.9%,0.789,-31.7%,5.71,7.2,-62.6%,-34.8%,-26.6%,-46.9%
GT,Extended,Auto / Truck Supply Chain,Consumer Discretionary,Automobiles & Components,Adj,Dec,EPS,CY2028,2.51,1.76,-29.9%,1.434,-18.5%,1.332,-7.1%,5.71,4.3,-46.9%,-34.8%,-26.6%,-46.9%
TEN,Extended,Auto / Truck Supply Chain,Energy,Energy,Adj,Dec,EPS,CY2025,,3.215,,3.517,+9.4%,3.517,+0.0%,37.0,10.5,,+65.0%,+5.9%,+104.6%
TEN,Extended,Auto / Truck Supply Chain,Energy,Energy,Adj,Dec,EPS,CY2026,,5.455,,4.46,-18.2%,8.785,+97.0%,37.0,4.2,,+65.0%,+5.9%,+104.6%
TEN,Extended,Auto / Truck Supply Chain,Energy,Energy,Adj,Dec,EPS,CY2027,,7.33,,1.925,-73.7%,5.12,+166.0%,37.0,7.2,,+65.0%,+5.9%,+104.6%
TEN,Extended,Auto / Truck Supply Chain,Energy,Energy,Adj,Dec,EPS,CY2028,,9.67,,9.67,+0.0%,2.97,-69.3%,37.0,12.5,,+65.0%,+5.9%,+104.6%
LEA,Extended,Auto / Truck Supply Chain,Consumer Discretionary,Automobiles & Components,Adj,Dec,EPS,CY2025,11.466,12.13,+5.8%,12.247,+1.0%,12.247,+0.0%,141.5,11.6,+6.8%,+23.5%,+16.0%,+62.1%
LEA,Extended,Auto / Truck Supply Chain,Consumer Discretionary,Automobiles & Components,Adj,Dec,EPS,CY2026,13.366,14.13,+5.7%,14.398,+1.9%,14.713,+2.2%,141.5,9.6,+10.1%,+23.5%,+16.0%,+62.1%
LEA,Extended,Auto / Truck Supply Chain,Consumer Discretionary,Automobiles & Components,Adj,Dec,EPS,CY2027,16.744,16.301,-2.6%,16.872,+3.5%,17.26,+2.3%,141.5,8.2,+3.1%,+23.5%,+16.0%,+62.1%
LEA,Extended,Auto / Truck Supply Chain,Consumer Discretionary,Automobiles & Components,Adj,Dec,EPS,CY2028,21.683,19.32,-10.9%,19.094,-1.2%,19.314,+1.2%,141.5,7.3,-10.9%,+23.5%,+16.0%,+62.1%
ADNT,Extended,Auto / Truck Supply Chain,Consumer Discretionary,Automobiles & Components,Adj,Sep,EPS,CY2025,1.753,1.968,+12.3%,1.968,+0.0%,1.968,+0.0%,22.07,11.2,+12.3%,+15.1%,+0.2%,+40.6%
ADNT,Extended,Auto / Truck Supply Chain,Consumer Discretionary,Automobiles & Components,Adj,Sep,EPS,CY2026,2.143,1.951,-9.0%,2.117,+8.5%,2.125,+0.4%,22.07,10.4,-0.8%,+15.1%,+0.2%,+40.6%
ADNT,Extended,Auto / Truck Supply Chain,Consumer Discretionary,Automobiles & Components,Adj,Sep,EPS,CY2027,3.708,2.959,-20.2%,3.226,+9.0%,3.335,+3.4%,22.07,6.6,-10.1%,+15.1%,+0.2%,+40.6%
ADNT,Extended,Auto / Truck Supply Chain,Consumer Discretionary,Automobiles & Components,Adj,Sep,EPS,CY2028,6.567,4.264,-35.1%,4.571,+7.2%,4.454,-2.6%,22.07,5.0,-32.2%,+15.1%,+0.2%,+40.6%
JCI,Extended,Auto / Truck Supply Chain,Industrials,Capital Goods,Adj,Sep,EPS,CY2025,3.616,3.725,+3.0%,3.725,+0.0%,3.725,+0.0%,143.65,38.6,+3.0%,+20.0%,+4.7%,+40.4%
JCI,Extended,Auto / Truck Supply Chain,Industrials,Capital Goods,Adj,Sep,EPS,CY2026,4.258,4.592,+7.8%,4.744,+3.3%,4.881,+2.9%,143.65,29.4,+14.6%,+20.0%,+4.7%,+40.4%
JCI,Extended,Auto / Truck Supply Chain,Industrials,Capital Goods,Adj,Sep,EPS,CY2027,4.955,5.324,+7.4%,5.536,+4.0%,5.748,+3.8%,143.65,25.0,+16.0%,+20.0%,+4.7%,+40.4%
JCI,Extended,Auto / Truck Supply Chain,Industrials,Capital Goods,Adj,Sep,EPS,CY2028,5.645,6.028,+6.8%,6.307,+4.6%,6.575,+4.2%,143.65,21.8,+16.5%,+20.0%,+4.7%,+40.4%
LNR,Extended,Auto / Truck Supply Chain,Consumer Discretionary,Automobiles & Components,Adj,Dec,EPS,CY2025,10.126,10.054,-0.7%,10.072,+0.2%,10.072,+0.0%,103.44,10.3,-0.5%,+24.7%,+8.7%,+68.0%
LNR,Extended,Auto / Truck Supply Chain,Consumer Discretionary,Automobiles & Components,Adj,Dec,EPS,CY2026,10.656,11.398,+7.0%,11.51,+1.0%,11.916,+3.5%,103.44,8.7,+11.8%,+24.7%,+8.7%,+68.0%
LNR,Extended,Auto / Truck Supply Chain,Consumer Discretionary,Automobiles & Components,Adj,Dec,EPS,CY2027,,13.88,,12.862,-7.3%,13.27,+3.2%,103.44,7.8,,+24.7%,+8.7%,+68.0%
LNR,Extended,Auto / Truck Supply Chain,Consumer Discretionary,Automobiles & Components,Adj,Dec,EPS,CY2028,,,,,,,,103.44,,,+24.7%,+8.7%,+68.0%
CON,Extended,Auto / Truck Supply Chain,Consumer Discretionary,Automobiles & Components,Adj,Dec,EPS,CY2025,7.644,1.655,-78.3%,2.87,+73.4%,2.87,+0.0%,68.68,23.9,-62.5%,+1.1%,+4.6%,+20.1%
CON,Extended,Auto / Truck Supply Chain,Consumer Discretionary,Automobiles & Components,Adj,Dec,EPS,CY2026,9.44,6.698,-29.0%,6.486,-3.2%,6.449,-0.6%,68.68,10.6,-31.7%,+1.1%,+4.6%,+20.1%
CON,Extended,Auto / Truck Supply Chain,Consumer Discretionary,Automobiles & Components,Adj,Dec,EPS,CY2027,11.012,7.628,-30.7%,7.491,-1.8%,7.437,-0.7%,68.68,9.2,-32.5%,+1.1%,+4.6%,+20.1%
CON,Extended,Auto / Truck Supply Chain,Consumer Discretionary,Automobiles & Components,Adj,Dec,EPS,CY2028,12.143,8.767,-27.8%,7.817,-10.8%,8.113,+3.8%,68.68,8.5,-33.2%,+1.1%,+4.6%,+20.1%
PCAR,Extended,Auto / Truck Supply Chain,Industrials,Capital Goods,Adj,Dec,EPS,CY2025,5.655,4.997,-11.6%,4.977,-0.4%,4.977,+0.0%,116.68,23.4,-12.0%,+6.5%,-5.4%,+27.8%
PCAR,Extended,Auto / Truck Supply Chain,Industrials,Capital Goods,Adj,Dec,EPS,CY2026,6.954,5.707,-17.9%,5.678,-0.5%,5.703,+0.4%,116.68,20.5,-18.0%,+6.5%,-5.4%,+27.8%
PCAR,Extended,Auto / Truck Supply Chain,Industrials,Capital Goods,Adj,Dec,EPS,CY2027,7.041,6.919,-1.7%,6.862,-0.8%,6.746,-1.7%,116.68,17.3,-4.2%,+6.5%,-5.4%,+27.8%
PCAR,Extended,Auto / Truck Supply Chain,Industrials,Capital Goods,Adj,Dec,EPS,CY2028,7.766,7.946,+2.3%,7.586,-4.5%,7.852,+3.5%,116.68,14.9,+1.1%,+6.5%,-5.4%,+27.8%
HOG,Extended,Auto / Truck Supply Chain,Consumer Discretionary,Automobiles & Components,Adj,Dec,EPS,CY2025,2.533,4.044,+59.7%,4.041,-0.1%,4.041,+0.0%,24.49,6.1,+59.5%,+19.5%,+28.4%,+1.1%
HOG,Extended,Auto / Truck Supply Chain,Consumer Discretionary,Automobiles & Components,Adj,Dec,EPS,CY2026,3.292,2.124,-35.5%,0.302,-85.8%,0.401,+32.8%,24.49,61.1,-87.8%,+19.5%,+28.4%,+1.1%
HOG,Extended,Auto / Truck Supply Chain,Consumer Discretionary,Automobiles & Components,Adj,Dec,EPS,CY2027,3.998,2.944,-26.4%,1.632,-44.6%,1.89,+15.8%,24.49,13.0,-52.7%,+19.5%,+28.4%,+1.1%
HOG,Extended,Auto / Truck Supply Chain,Consumer Discretionary,Automobiles & Components,Adj,Dec,EPS,CY2028,4.14,5.03,+21.5%,2.128,-57.7%,2.14,+0.6%,24.49,11.4,-48.3%,+19.5%,+28.4%,+1.1%
GM,Extended,Auto / Truck Supply Chain,Consumer Discretionary,Automobiles & Components,Adj,Dec,EPS,CY2025,8.986,10.226,+13.8%,10.286,+0.6%,10.286,+0.0%,82.11,8.0,+14.5%,+1.0%,+7.8%,+73.8%
GM,Extended,Auto / Truck Supply Chain,Consumer Discretionary,Automobiles & Components,Adj,Dec,EPS,CY2026,9.262,11.418,+23.3%,12.266,+7.4%,12.677,+3.4%,82.11,6.5,+36.9%,+1.0%,+7.8%,+73.8%
GM,Extended,Auto / Truck Supply Chain,Consumer Discretionary,Automobiles & Components,Adj,Dec,EPS,CY2027,9.123,11.929,+30.8%,13.753,+15.3%,13.958,+1.5%,82.11,5.9,+53.0%,+1.0%,+7.8%,+73.8%
GM,Extended,Auto / Truck Supply Chain,Consumer Discretionary,Automobiles & Components,Adj,Dec,EPS,CY2028,10.237,11.876,+16.0%,12.877,+8.4%,13.307,+3.3%,82.11,6.2,+30.0%,+1.0%,+7.8%,+73.8%
BC,Extended,Auto / Truck Supply Chain,Consumer Discretionary,Consumer Durables & Apparel,Adj,Dec,EPS,CY2025,3.154,3.256,+3.2%,3.26,+0.1%,3.26,+0.0%,80.4,24.7,+3.4%,+8.3%,+8.8%,+46.2%
BC,Extended,Auto / Truck Supply Chain,Consumer Discretionary,Consumer Durables & Apparel,Adj,Dec,EPS,CY2026,4.179,4.125,-1.3%,4.228,+2.5%,4.323,+2.2%,80.4,18.6,+3.4%,+8.3%,+8.8%,+46.2%
BC,Extended,Auto / Truck Supply Chain,Consumer Discretionary,Consumer Durables & Apparel,Adj,Dec,EPS,CY2027,5.732,5.107,-10.9%,5.427,+6.3%,5.567,+2.6%,80.4,14.4,-2.9%,+8.3%,+8.8%,+46.2%
BC,Extended,Auto / Truck Supply Chain,Consumer Discretionary,Consumer Durables & Apparel,Adj,Dec,EPS,CY2028,,7.34,,6.603,-10.0%,6.765,+2.5%,80.4,11.9,,+8.3%,+8.8%,+46.2%
F,Extended,Auto / Truck Supply Chain,Consumer Discretionary,Automobiles & Components,Adj,Dec,EPS,CY2025,1.042,1.043,+0.1%,1.141,+9.4%,1.141,+0.0%,14.9,13.1,+9.5%,+13.6%,+20.7%,+47.5%
F,Extended,Auto / Truck Supply Chain,Consumer Discretionary,Automobiles & Components,Adj,Dec,EPS,CY2026,1.325,1.481,+11.8%,1.527,+3.1%,1.665,+9.0%,14.9,8.9,+25.7%,+13.6%,+20.7%,+47.5%
F,Extended,Auto / Truck Supply Chain,Consumer Discretionary,Automobiles & Components,Adj,Dec,EPS,CY2027,1.494,1.625,+8.8%,1.836,+13.0%,1.836,+0.0%,14.9,8.1,+22.9%,+13.6%,+20.7%,+47.5%
F,Extended,Auto / Truck Supply Chain,Consumer Discretionary,Automobiles & Components,Adj,Dec,EPS,CY2028,1.761,1.783,+1.2%,1.932,+8.4%,1.977,+2.3%,14.9,7.5,+12.3%,+13.6%,+20.7%,+47.5%
STLA,Extended,Auto / Truck Supply Chain,Consumer Discretionary,Automobiles & Components,Adj,Dec,EPS,CY2025,1.426,0.625,-56.2%,-0.673,-207.7%,-0.673,+0.0%,7.11,-10.6,-147.2%,-34.7%,-2.2%,-26.5%
STLA,Extended,Auto / Truck Supply Chain,Consumer Discretionary,Automobiles & Components,Adj,Dec,EPS,CY2026,2.112,1.646,-22.1%,0.939,-43.0%,0.781,-16.8%,7.11,9.1,-63.0%,-34.7%,-2.2%,-26.5%
STLA,Extended,Auto / Truck Supply Chain,Consumer Discretionary,Automobiles & Components,Adj,Dec,EPS,CY2027,2.701,2.219,-17.8%,1.613,-27.3%,1.315,-18.5%,7.11,5.4,-51.3%,-34.7%,-2.2%,-26.5%
STLA,Extended,Auto / Truck Supply Chain,Consumer Discretionary,Automobiles & Components,Adj,Dec,EPS,CY2028,3.019,2.519,-16.6%,1.912,-24.1%,1.791,-6.3%,7.11,4.0,-40.7%,-34.7%,-2.2%,-26.5%
EXO,Extended,Auto / Truck Supply Chain,Financials,Financial Services,Adj,Dec,EPS,CY2025,-2.53,3.988,+257.6%,14.0,+251.1%,14.0,+0.0%,65.7,4.7,+653.4%,-9.3%,-8.0%,-22.2%
EXO,Extended,Auto / Truck Supply Chain,Financials,Financial Services,Adj,Dec,EPS,CY2026,1.235,2.447,+98.1%,-3.675,-250.2%,2.027,+155.2%,65.7,32.4,+64.1%,-9.3%,-8.0%,-22.2%
EXO,Extended,Auto / Truck Supply Chain,Financials,Financial Services,Adj,Dec,EPS,CY2027,3.3,3.19,-3.3%,2.65,-16.9%,2.433,-8.2%,65.7,27.0,-26.3%,-9.3%,-8.0%,-22.2%
EXO,Extended,Auto / Truck Supply Chain,Financials,Financial Services,Adj,Dec,EPS,CY2028,,3.18,,3.18,+0.0%,1.71,-46.2%,65.7,38.4,,-9.3%,-8.0%,-22.2%
VOW,Extended,Auto / Truck Supply Chain,Consumer Discretionary,Automobiles & Components,Adj,Dec,EPS,CY2025,19.077,10.301,-46.0%,11.13,+8.0%,11.133,+0.0%,89.45,8.0,-41.6%,-14.9%,-4.9%,-5.5%
VOW,Extended,Auto / Truck Supply Chain,Consumer Discretionary,Automobiles & Components,Adj,Dec,EPS,CY2026,25.073,21.621,-13.8%,20.974,-3.0%,18.568,-11.5%,89.45,4.8,-25.9%,-14.9%,-4.9%,-5.5%
VOW,Extended,Auto / Truck Supply Chain,Consumer Discretionary,Automobiles & Components,Adj,Dec,EPS,CY2027,30.302,26.339,-13.1%,25.568,-2.9%,22.504,-12.0%,89.45,4.0,-25.7%,-14.9%,-4.9%,-5.5%
VOW,Extended,Auto / Truck Supply Chain,Consumer Discretionary,Automobiles & Components,Adj,Dec,EPS,CY2028,34.266,23.145,-32.5%,31.087,+34.3%,28.415,-8.6%,89.45,3.1,-17.1%,-14.9%,-4.9%,-5.5%
BMW,Extended,Auto / Truck Supply Chain,Consumer Discretionary,Automobiles & Components,Adj,Dec,EPS,CY2025,10.636,10.602,-0.3%,10.683,+0.8%,10.683,+0.0%,70.38,6.6,+0.4%,-24.4%,-13.6%,-8.6%
BMW,Extended,Auto / Truck Supply Chain,Consumer Discretionary,Automobiles & Components,Adj,Dec,EPS,CY2026,11.883,11.357,-4.4%,10.996,-3.2%,10.423,-5.2%,70.38,6.8,-12.3%,-24.4%,-13.6%,-8.6%
BMW,Extended,Auto / Truck Supply Chain,Consumer Discretionary,Automobiles & Components,Adj,Dec,EPS,CY2027,13.234,12.939,-2.2%,12.663,-2.1%,12.145,-4.1%,70.38,5.8,-8.2%,-24.4%,-13.6%,-8.6%
BMW,Extended,Auto / Truck Supply Chain,Consumer Discretionary,Automobiles & Components,Adj,Dec,EPS,CY2028,14.076,14.455,+2.7%,14.411,-0.3%,13.699,-4.9%,70.38,5.1,-2.7%,-24.4%,-13.6%,-8.6%
005380,Extended,Auto / Truck Supply Chain,Consumer Discretionary,Automobiles & Components,GAAP,Dec,EPS,CY2025,49087.29,44403.623,-9.5%,45332.066,+2.1%,45332.066,+0.0%,690000.0,15.2,-7.7%,+132.3%,+27.1%,+263.9%
005380,Extended,Auto / Truck Supply Chain,Consumer Discretionary,Automobiles & Components,GAAP,Dec,EPS,CY2026,49466.934,46875.874,-5.2%,47757.337,+1.9%,44914.637,-6.0%,690000.0,15.4,-9.2%,+132.3%,+27.1%,+263.9%
005380,Extended,Auto / Truck Supply Chain,Consumer Discretionary,Automobiles & Components,GAAP,Dec,EPS,CY2027,51062.046,50046.148,-2.0%,51990.538,+3.9%,49246.946,-5.3%,690000.0,14.0,-3.6%,+132.3%,+27.1%,+263.9%
005380,Extended,Auto / Truck Supply Chain,Consumer Discretionary,Automobiles & Components,GAAP,Dec,EPS,CY2028,,75007.0,,57052.554,-23.9%,53670.174,-5.9%,690000.0,12.9,,+132.3%,+27.1%,+263.9%
ECL,Extended,Recurring services,Materials,Materials,Adj,Dec,EPS,CY2025,7.496,7.528,+0.4%,7.523,-0.1%,7.523,+0.0%,257.97,34.3,+0.4%,-1.7%,-10.1%,-3.4%
ECL,Extended,Recurring services,Materials,Materials,Adj,Dec,EPS,CY2026,8.425,8.485,+0.7%,8.519,+0.4%,8.318,-2.4%,257.97,31.0,-1.3%,-1.7%,-10.1%,-3.4%
ECL,Extended,Recurring services,Materials,Materials,Adj,Dec,EPS,CY2027,9.607,9.618,+0.1%,9.734,+1.2%,9.515,-2.2%,257.97,27.1,-1.0%,-1.7%,-10.1%,-3.4%
ECL,Extended,Recurring services,Materials,Materials,Adj,Dec,EPS,CY2028,10.197,10.432,+2.3%,10.789,+3.4%,10.763,-0.2%,257.97,24.0,+5.6%,-1.7%,-10.1%,-3.4%
CLH,Extended,Recurring services,Industrials,Commercial & Professional Serv,Adj,Dec,EPS,CY2025,7.59,7.267,-4.3%,7.251,-0.2%,7.251,+0.0%,283.03,39.0,-4.5%,+20.7%,-2.3%,+25.9%
CLH,Extended,Recurring services,Industrials,Commercial & Professional Serv,Adj,Dec,EPS,CY2026,9.055,8.012,-11.5%,8.236,+2.8%,8.605,+4.5%,283.03,32.9,-5.0%,+20.7%,-2.3%,+25.9%
CLH,Extended,Recurring services,Industrials,Commercial & Professional Serv,Adj,Dec,EPS,CY2027,11.251,9.166,-18.5%,9.285,+1.3%,9.491,+2.2%,283.03,29.8,-15.6%,+20.7%,-2.3%,+25.9%
CLH,Extended,Recurring services,Industrials,Commercial & Professional Serv,Adj,Dec,EPS,CY2028,12.01,11.16,-7.1%,10.202,-8.6%,10.998,+7.8%,283.03,25.7,-8.4%,+20.7%,-2.3%,+25.9%
PSA,Extended,Recurring services,Real Estate,Equity Real Estate Investment,Adj,Dec,EPS,CY2025,9.825,9.085,-7.5%,8.978,-1.2%,8.978,+0.0%,309.68,34.5,-8.6%,+19.3%,+0.9%,+3.1%
PSA,Extended,Recurring services,Real Estate,Equity Real Estate Investment,Adj,Dec,EPS,CY2026,10.67,10.425,-2.3%,10.033,-3.8%,10.188,+1.5%,309.68,30.4,-4.5%,+19.3%,+0.9%,+3.1%
PSA,Extended,Recurring services,Real Estate,Equity Real Estate Investment,Adj,Dec,EPS,CY2027,11.312,10.984,-2.9%,10.401,-5.3%,10.29,-1.1%,309.68,30.1,-9.0%,+19.3%,+0.9%,+3.1%
PSA,Extended,Recurring services,Real Estate,Equity Real Estate Investment,Adj,Dec,EPS,CY2028,12.26,11.903,-2.9%,11.173,-6.1%,10.852,-2.9%,309.68,28.5,-11.5%,+19.3%,+0.9%,+3.1%
EXR,Extended,Recurring services,Real Estate,Equity Real Estate Investment,Adj,Dec,EPS,CY2025,4.796,4.467,-6.9%,4.535,+1.5%,4.535,+0.0%,145.31,32.0,-5.4%,+11.6%,-1.5%,-2.8%
EXR,Extended,Recurring services,Real Estate,Equity Real Estate Investment,Adj,Dec,EPS,CY2026,4.936,4.923,-0.3%,4.809,-2.3%,4.614,-4.1%,145.31,31.5,-6.5%,+11.6%,-1.5%,-2.8%
EXR,Extended,Recurring services,Real Estate,Equity Real Estate Investment,Adj,Dec,EPS,CY2027,5.21,5.19,-0.4%,5.034,-3.0%,4.922,-2.2%,145.31,29.5,-5.5%,+11.6%,-1.5%,-2.8%
EXR,Extended,Recurring services,Real Estate,Equity Real Estate Investment,Adj,Dec,EPS,CY2028,5.753,5.63,-2.1%,5.391,-4.2%,5.293,-1.8%,145.31,27.5,-8.0%,+11.6%,-1.5%,-2.8%
SCI,Extended,Recurring services,Consumer Discretionary,Consumer Services,Adj,Dec,EPS,CY2025,3.784,3.854,+1.8%,3.852,-0.1%,3.852,+0.0%,69.68,18.1,+1.8%,-10.6%,-14.7%,-10.9%
SCI,Extended,Recurring services,Consumer Discretionary,Consumer Services,Adj,Dec,EPS,CY2026,4.174,4.244,+1.7%,4.207,-0.9%,4.127,-1.9%,69.68,16.9,-1.1%,-10.6%,-14.7%,-10.9%
SCI,Extended,Recurring services,Consumer Discretionary,Consumer Services,Adj,Dec,EPS,CY2027,4.78,4.675,-2.2%,4.64,-0.7%,4.555,-1.8%,69.68,15.3,-4.7%,-10.6%,-14.7%,-10.9%
SCI,Extended,Recurring services,Consumer Discretionary,Consumer Services,Adj,Dec,EPS,CY2028,,,,5.21,,5.07,-2.7%,69.68,13.7,,-10.6%,-14.7%,-10.9%
ADT,Extended,Recurring services,Consumer Discretionary,Consumer Services,Adj,Dec,EPS,CY2025,0.835,0.882,+5.6%,0.882,+0.0%,0.882,+0.0%,6.79,7.7,+5.6%,-15.9%,+0.7%,-17.7%
ADT,Extended,Recurring services,Consumer Discretionary,Consumer Services,Adj,Dec,EPS,CY2026,0.94,0.942,+0.2%,0.895,-5.0%,0.91,+1.7%,6.79,7.5,-3.2%,-15.9%,+0.7%,-17.7%
ADT,Extended,Recurring services,Consumer Discretionary,Consumer Services,Adj,Dec,EPS,CY2027,,1.072,,0.968,-9.7%,0.983,+1.5%,6.79,6.9,,-15.9%,+0.7%,-17.7%
ADT,Extended,Recurring services,Consumer Discretionary,Consumer Services,Adj,Dec,EPS,CY2028,,1.33,,1.056,-20.6%,1.044,-1.1%,6.79,6.5,,-15.9%,+0.7%,-17.7%
IRM,Extended,Recurring services,Real Estate,Equity Real Estate Investment,Adj,Dec,EPS,CY2025,1.838,1.964,+6.9%,1.965,+0.1%,1.965,+0.0%,124.66,63.4,+6.9%,+50.3%,+16.2%,+23.1%
IRM,Extended,Recurring services,Real Estate,Equity Real Estate Investment,Adj,Dec,EPS,CY2026,2.342,2.341,-0.0%,2.392,+2.2%,2.33,-2.6%,124.66,53.5,-0.5%,+50.3%,+16.2%,+23.1%
IRM,Extended,Recurring services,Real Estate,Equity Real Estate Investment,Adj,Dec,EPS,CY2027,2.69,2.674,-0.6%,2.701,+1.0%,2.568,-4.9%,124.66,48.5,-4.5%,+50.3%,+16.2%,+23.1%
IRM,Extended,Recurring services,Real Estate,Equity Real Estate Investment,Adj,Dec,EPS,CY2028,3.495,3.058,-12.5%,3.12,+2.0%,3.183,+2.0%,124.66,39.2,-8.9%,+50.3%,+16.2%,+23.1%
SECUB,Extended,Recurring services,Industrials,Commercial & Professional Serv,Adj,Dec,EPS,CY2025,11.973,12.071,+0.8%,12.154,+0.7%,12.154,+0.0%,156.0,12.8,+1.5%,+6.0%,-1.5%,+9.8%
SECUB,Extended,Recurring services,Industrials,Commercial & Professional Serv,Adj,Dec,EPS,CY2026,13.143,12.925,-1.7%,12.926,+0.0%,12.909,-0.1%,156.0,12.1,-1.8%,+6.0%,-1.5%,+9.8%
SECUB,Extended,Recurring services,Industrials,Commercial & Professional Serv,Adj,Dec,EPS,CY2027,14.261,13.955,-2.1%,13.949,-0.0%,13.909,-0.3%,156.0,11.2,-2.5%,+6.0%,-1.5%,+9.8%
SECUB,Extended,Recurring services,Industrials,Commercial & Professional Serv,Adj,Dec,EPS,CY2028,15.598,15.725,+0.8%,14.96,-4.9%,14.888,-0.5%,156.0,10.5,-4.6%,+6.0%,-1.5%,+9.8%
CTAS,Extended,Recurring services,Industrials,Commercial & Professional Serv,Adj,May,EPS,CY2025,4.388,4.388,+0.0%,4.388,+0.0%,4.388,+0.0%,179.85,41.0,+0.0%,-4.4%,-12.1%,-20.7%
CTAS,Extended,Recurring services,Industrials,Commercial & Professional Serv,Adj,May,EPS,CY2026,4.846,4.844,-0.0%,4.9,+1.2%,4.895,-0.1%,179.85,36.7,+1.0%,-4.4%,-12.1%,-20.7%
CTAS,Extended,Recurring services,Industrials,Commercial & Professional Serv,Adj,May,EPS,CY2027,5.373,5.371,-0.0%,5.448,+1.4%,5.463,+0.3%,179.85,32.9,+1.7%,-4.4%,-12.1%,-20.7%
CTAS,Extended,Recurring services,Industrials,Commercial & Professional Serv,Adj,May,EPS,CY2028,6.085,6.007,-1.3%,5.982,-0.4%,6.033,+0.9%,179.85,29.8,-0.9%,-4.4%,-12.1%,-20.7%
ROL,Extended,Recurring services,Industrials,Commercial & Professional Serv,Adj,Dec,EPS,CY2025,1.098,1.141,+3.9%,1.139,-0.2%,1.139,+0.0%,47.1,41.4,+3.7%,-21.5%,-19.0%,-18.6%
ROL,Extended,Recurring services,Industrials,Commercial & Professional Serv,Adj,Dec,EPS,CY2026,1.245,1.275,+2.4%,1.242,-2.6%,1.243,+0.1%,47.1,37.9,-0.2%,-21.5%,-19.0%,-18.6%
ROL,Extended,Recurring services,Industrials,Commercial & Professional Serv,Adj,Dec,EPS,CY2027,,1.408,,1.39,-1.3%,1.395,+0.4%,47.1,33.8,,-21.5%,-19.0%,-18.6%
ROL,Extended,Recurring services,Industrials,Commercial & Professional Serv,Adj,Dec,EPS,CY2028,,1.562,,1.541,-1.3%,1.8,+16.8%,47.1,26.2,,-21.5%,-19.0%,-18.6%
TRUP,Extended,Recurring services,Financials,Insurance,Adj,Dec,EPS,CY2025,1.78,0.45,-74.7%,0.45,+0.0%,0.45,+0.0%,22.0,48.9,-74.7%,-41.1%,-23.5%,-53.8%
TRUP,Extended,Recurring services,Financials,Insurance,Adj,Dec,EPS,CY2026,2.3,0.29,-87.4%,0.577,+99.0%,0.445,-22.9%,22.0,49.4,-80.7%,-41.1%,-23.5%,-53.8%
TRUP,Extended,Recurring services,Financials,Insurance,Adj,Dec,EPS,CY2027,,,,0.99,,0.555,-43.9%,22.0,39.6,,-41.1%,-23.5%,-53.8%
TRUP,Extended,Recurring services,Financials,Insurance,Adj,Dec,EPS,CY2028,,,,,,,,22.0,,,-41.1%,-23.5%,-53.8%
WAT,Extended,Instruments,Health Care,"Pharmaceuticals, Biotechnology",Adj,Dec,EPS,CY2025,12.93,13.114,+1.4%,13.116,+0.0%,13.116,+0.0%,365.36,27.9,+1.4%,-3.8%,+15.8%,+5.5%
WAT,Extended,Instruments,Health Care,"Pharmaceuticals, Biotechnology",Adj,Dec,EPS,CY2026,14.216,14.128,-0.6%,14.375,+1.7%,14.503,+0.9%,365.36,25.2,+2.0%,-3.8%,+15.8%,+5.5%
WAT,Extended,Instruments,Health Care,"Pharmaceuticals, Biotechnology",Adj,Dec,EPS,CY2027,15.782,15.653,-0.8%,16.273,+4.0%,16.473,+1.2%,365.36,22.2,+4.4%,-3.8%,+15.8%,+5.5%
WAT,Extended,Instruments,Health Care,"Pharmaceuticals, Biotechnology",Adj,Dec,EPS,CY2028,17.675,17.16,-2.9%,18.081,+5.4%,18.434,+2.0%,365.36,19.8,+4.3%,-3.8%,+15.8%,+5.5%
QGEN,Extended,Instruments,Health Care,"Pharmaceuticals, Biotechnology",Adj,Dec,EPS,CY2025,2.437,2.49,+2.2%,2.434,-2.2%,2.434,+0.0%,36.68,15.1,-0.1%,-18.6%,-21.0%,-19.6%
QGEN,Extended,Instruments,Health Care,"Pharmaceuticals, Biotechnology",Adj,Dec,EPS,CY2026,2.64,2.66,+0.8%,2.514,-5.5%,2.43,-3.3%,36.68,15.1,-8.0%,-18.6%,-21.0%,-19.6%
QGEN,Extended,Instruments,Health Care,"Pharmaceuticals, Biotechnology",Adj,Dec,EPS,CY2027,2.874,2.928,+1.9%,2.764,-5.6%,2.685,-2.9%,36.68,13.7,-6.6%,-18.6%,-21.0%,-19.6%
QGEN,Extended,Instruments,Health Care,"Pharmaceuticals, Biotechnology",Adj,Dec,EPS,CY2028,3.134,3.201,+2.1%,3.031,-5.3%,2.947,-2.8%,36.68,12.4,-6.0%,-18.6%,-21.0%,-19.6%
BRKR,Extended,Instruments,Health Care,"Pharmaceuticals, Biotechnology",Adj,Dec,EPS,CY2025,2.429,1.901,-21.7%,1.884,-0.9%,1.884,+0.0%,56.39,29.9,-22.4%,+19.7%,+46.5%,+49.6%
BRKR,Extended,Instruments,Health Care,"Pharmaceuticals, Biotechnology",Adj,Dec,EPS,CY2026,2.736,2.149,-21.5%,2.121,-1.3%,2.119,-0.1%,56.39,26.6,-22.6%,+19.7%,+46.5%,+49.6%
BRKR,Extended,Instruments,Health Care,"Pharmaceuticals, Biotechnology",Adj,Dec,EPS,CY2027,3.113,2.46,-21.0%,2.428,-1.3%,2.425,-0.1%,56.39,23.3,-22.1%,+19.7%,+46.5%,+49.6%
BRKR,Extended,Instruments,Health Care,"Pharmaceuticals, Biotechnology",Adj,Dec,EPS,CY2028,3.477,2.759,-20.6%,2.755,-0.1%,2.784,+1.1%,56.39,20.3,-19.9%,+19.7%,+46.5%,+49.6%
MTD,Extended,Instruments,Health Care,"Pharmaceuticals, Biotechnology",Adj,Dec,EPS,CY2025,41.528,42.196,+1.6%,42.192,-0.0%,42.192,+0.0%,1154.33,27.4,+1.6%,-17.2%,-8.5%,-0.9%
MTD,Extended,Instruments,Health Care,"Pharmaceuticals, Biotechnology",Adj,Dec,EPS,CY2026,45.992,45.757,-0.5%,46.48,+1.6%,46.671,+0.4%,1154.33,24.7,+1.5%,-17.2%,-8.5%,-0.9%
MTD,Extended,Instruments,Health Care,"Pharmaceuticals, Biotechnology",Adj,Dec,EPS,CY2027,51.788,50.654,-2.2%,51.091,+0.9%,50.629,-0.9%,1154.33,22.8,-2.2%,-17.2%,-8.5%,-0.9%
MTD,Extended,Instruments,Health Care,"Pharmaceuticals, Biotechnology",Adj,Dec,EPS,CY2028,56.89,56.225,-1.2%,56.735,+0.9%,56.751,+0.0%,1154.33,20.3,-0.2%,-17.2%,-8.5%,-0.9%
KEYS,Extended,Instruments,Information Technology,Technology Hardware & Equipmen,Adj,Oct,EPS,CY2025,7.022,7.075,+0.8%,7.075,+0.0%,7.075,+0.0%,329.83,46.6,+0.8%,+62.3%,+15.9%,+106.4%
KEYS,Extended,Instruments,Information Technology,Technology Hardware & Equipmen,Adj,Oct,EPS,CY2026,7.92,8.086,+2.1%,8.877,+9.8%,10.195,+14.8%,329.83,32.4,+28.7%,+62.3%,+15.9%,+106.4%
KEYS,Extended,Instruments,Information Technology,Technology Hardware & Equipmen,Adj,Oct,EPS,CY2027,8.962,9.253,+3.2%,10.275,+11.0%,11.857,+15.4%,329.83,27.8,+32.3%,+62.3%,+15.9%,+106.4%
KEYS,Extended,Instruments,Information Technology,Technology Hardware & Equipmen,Adj,Oct,EPS,CY2028,10.333,10.229,-1.0%,11.326,+10.7%,13.215,+16.7%,329.83,25.0,+27.9%,+62.3%,+15.9%,+106.4%
A,Extended,Instruments,Health Care,"Pharmaceuticals, Biotechnology",Adj,Oct,EPS,CY2025,5.574,5.574,+0.0%,5.574,+0.0%,5.574,+0.0%,135.44,24.3,+0.0%,-0.5%,+14.7%,+18.9%
A,Extended,Instruments,Health Care,"Pharmaceuticals, Biotechnology",Adj,Oct,EPS,CY2026,6.065,5.941,-2.0%,5.968,+0.5%,6.062,+1.6%,135.44,22.3,-0.0%,-0.5%,+14.7%,+18.9%
A,Extended,Instruments,Health Care,"Pharmaceuticals, Biotechnology",Adj,Oct,EPS,CY2027,6.696,6.542,-2.3%,6.56,+0.3%,6.606,+0.7%,135.44,20.5,-1.3%,-0.5%,+14.7%,+18.9%
A,Extended,Instruments,Health Care,"Pharmaceuticals, Biotechnology",Adj,Oct,EPS,CY2028,7.451,7.268,-2.5%,7.294,+0.4%,7.347,+0.7%,135.44,18.4,-1.4%,-0.5%,+14.7%,+18.9%
ILMN,Extended,Instruments,Health Care,"Pharmaceuticals, Biotechnology",Adj,Dec,EPS,CY2025,4.23,4.706,+11.3%,4.761,+1.2%,4.761,+0.0%,162.32,34.1,+12.6%,+23.8%,+26.6%,+97.3%
ILMN,Extended,Instruments,Health Care,"Pharmaceuticals, Biotechnology",Adj,Dec,EPS,CY2026,4.67,5.022,+7.5%,5.129,+2.1%,5.226,+1.9%,162.32,31.1,+11.9%,+23.8%,+26.6%,+97.3%
ILMN,Extended,Instruments,Health Care,"Pharmaceuticals, Biotechnology",Adj,Dec,EPS,CY2027,5.394,5.768,+6.9%,5.828,+1.0%,5.93,+1.8%,162.32,27.4,+9.9%,+23.8%,+26.6%,+97.3%
ILMN,Extended,Instruments,Health Care,"Pharmaceuticals, Biotechnology",Adj,Dec,EPS,CY2028,6.189,6.488,+4.8%,6.643,+2.4%,6.777,+2.0%,162.32,24.0,+9.5%,+23.8%,+26.6%,+97.3%
ABBV,Extended,Instruments,Health Care,"Pharmaceuticals, Biotechnology",GAAP,Dec,EPS,CY2025,8.069,5.246,-35.0%,4.258,-18.8%,4.258,+0.0%,227.23,53.4,-47.2%,-0.6%,-2.2%,+21.2%
ABBV,Extended,Instruments,Health Care,"Pharmaceuticals, Biotechnology",GAAP,Dec,EPS,CY2026,9.39,9.839,+4.8%,9.679,-1.6%,8.492,-12.3%,227.23,26.8,-9.6%,-0.6%,-2.2%,+21.2%
ABBV,Extended,Instruments,Health Care,"Pharmaceuticals, Biotechnology",GAAP,Dec,EPS,CY2027,11.065,11.571,+4.6%,11.434,-1.2%,11.292,-1.2%,227.23,20.1,+2.1%,-0.6%,-2.2%,+21.2%
ABBV,Extended,Instruments,Health Care,"Pharmaceuticals, Biotechnology",GAAP,Dec,EPS,CY2028,12.873,13.453,+4.5%,13.53,+0.6%,13.194,-2.5%,227.23,17.2,+2.5%,-0.6%,-2.2%,+21.2%
TGT,Extended,Retailers,Consumer Staples,Consumer Staples Distribution,Adj,Jan,EPS,CY2025,7.579,7.291,-3.8%,7.263,-0.4%,7.263,+0.0%,122.57,16.9,-4.2%,+25.4%,+1.8%,+31.1%
TGT,Extended,Retailers,Consumer Staples,Consumer Staples Distribution,Adj,Jan,EPS,CY2026,8.101,7.681,-5.2%,7.961,+3.6%,8.351,+4.9%,122.57,14.7,+3.1%,+25.4%,+1.8%,+31.1%
TGT,Extended,Retailers,Consumer Staples,Consumer Staples Distribution,Adj,Jan,EPS,CY2027,8.736,8.118,-7.1%,8.39,+3.4%,8.948,+6.7%,122.57,13.7,+2.4%,+25.4%,+1.8%,+31.1%
TGT,Extended,Retailers,Consumer Staples,Consumer Staples Distribution,Adj,Jan,EPS,CY2028,9.848,8.593,-12.7%,8.89,+3.5%,9.669,+8.8%,122.57,12.7,-1.8%,+25.4%,+1.8%,+31.1%
BJ,Extended,Retailers,Consumer Staples,Consumer Staples Distribution,Adj,Jan,EPS,CY2025,4.323,4.357,+0.8%,4.366,+0.2%,4.366,+0.0%,89.21,20.4,+1.0%,-0.9%,-9.4%,-18.2%
BJ,Extended,Retailers,Consumer Staples,Consumer Staples Distribution,Adj,Jan,EPS,CY2026,4.711,4.648,-1.3%,4.582,-1.4%,4.556,-0.6%,89.21,19.6,-3.3%,-0.9%,-9.4%,-18.2%
BJ,Extended,Retailers,Consumer Staples,Consumer Staples Distribution,Adj,Jan,EPS,CY2027,5.155,5.036,-2.3%,4.911,-2.5%,4.876,-0.7%,89.21,18.3,-5.4%,-0.9%,-9.4%,-18.2%
BJ,Extended,Retailers,Consumer Staples,Consumer Staples Distribution,Adj,Jan,EPS,CY2028,5.877,5.616,-4.4%,5.412,-3.6%,5.281,-2.4%,89.21,16.9,-10.1%,-0.9%,-9.4%,-18.2%
KSS,Extended,Retailers,Consumer Discretionary,Consumer Discretionary Distrib,Adj,Jan,EPS,CY2025,0.439,1.394,+217.5%,1.386,-0.6%,1.386,+0.0%,15.46,11.2,+215.7%,-24.3%,-1.3%,+80.4%
KSS,Extended,Retailers,Consumer Discretionary,Consumer Discretionary Distrib,Adj,Jan,EPS,CY2026,0.506,1.346,+166.0%,1.376,+2.2%,1.403,+2.0%,15.46,11.0,+177.3%,-24.3%,-1.3%,+80.4%
KSS,Extended,Retailers,Consumer Discretionary,Consumer Discretionary Distrib,Adj,Jan,EPS,CY2027,0.737,1.373,+86.3%,1.476,+7.5%,1.489,+0.9%,15.46,10.4,+102.0%,-24.3%,-1.3%,+80.4%
KSS,Extended,Retailers,Consumer Discretionary,Consumer Discretionary Distrib,Adj,Jan,EPS,CY2028,1.503,2.215,+47.4%,2.215,+0.0%,1.604,-27.6%,15.46,9.6,+6.7%,-24.3%,-1.3%,+80.4%
TJX,Extended,Retailers,Consumer Discretionary,Consumer Discretionary Distrib,Adj,Jan,EPS,CY2025,4.49,4.675,+4.1%,4.678,+0.1%,4.678,+0.0%,160.71,34.4,+4.2%,+4.6%,-0.1%,+26.2%
TJX,Extended,Retailers,Consumer Discretionary,Consumer Discretionary Distrib,Adj,Jan,EPS,CY2026,4.975,5.19,+4.3%,5.121,-1.3%,5.244,+2.4%,160.71,30.6,+5.4%,+4.6%,-0.1%,+26.2%
TJX,Extended,Retailers,Consumer Discretionary,Consumer Discretionary Distrib,Adj,Jan,EPS,CY2027,5.459,5.719,+4.8%,5.673,-0.8%,5.789,+2.0%,160.71,27.8,+6.0%,+4.6%,-0.1%,+26.2%
TJX,Extended,Retailers,Consumer Discretionary,Consumer Discretionary Distrib,Adj,Jan,EPS,CY2028,5.818,6.005,+3.2%,6.09,+1.4%,6.249,+2.6%,160.71,25.7,+7.4%,+4.6%,-0.1%,+26.2%
SIG,Extended,Retailers,Consumer Discretionary,Consumer Discretionary Distrib,Adj,Jan,EPS,CY2025,8.876,9.309,+4.9%,9.301,-0.1%,9.486,+2.0%,83.29,8.8,+6.9%,+0.5%,-11.1%,+11.4%
SIG,Extended,Retailers,Consumer Discretionary,Consumer Discretionary Distrib,Adj,Jan,EPS,CY2026,9.978,10.436,+4.6%,10.477,+0.4%,10.798,+3.1%,83.29,7.7,+8.2%,+0.5%,-11.1%,+11.4%
SIG,Extended,Retailers,Consumer Discretionary,Consumer Discretionary Distrib,Adj,Jan,EPS,CY2027,10.353,11.736,+13.4%,11.891,+1.3%,12.299,+3.4%,83.29,6.8,+18.8%,+0.5%,-11.1%,+11.4%
SIG,Extended,Retailers,Consumer Discretionary,Consumer Discretionary Distrib,Adj,Jan,EPS,CY2028,9.45,11.99,+26.9%,11.55,-3.7%,13.037,+12.9%,83.29,6.4,+38.0%,+0.5%,-11.1%,+11.4%
ROST,Extended,Retailers,Consumer Discretionary,Consumer Discretionary Distrib,Adj,Jan,EPS,CY2025,6.24,6.464,+3.6%,6.512,+0.7%,6.512,+0.0%,230.37,35.4,+4.4%,+27.9%,+7.2%,+62.0%
ROST,Extended,Retailers,Consumer Discretionary,Consumer Discretionary Distrib,Adj,Jan,EPS,CY2026,6.779,7.153,+5.5%,7.349,+2.7%,7.801,+6.2%,230.37,29.5,+15.1%,+27.9%,+7.2%,+62.0%
ROST,Extended,Retailers,Consumer Discretionary,Consumer Discretionary Distrib,Adj,Jan,EPS,CY2027,7.447,7.722,+3.7%,8.121,+5.2%,8.61,+6.0%,230.37,26.8,+15.6%,+27.9%,+7.2%,+62.0%
ROST,Extended,Retailers,Consumer Discretionary,Consumer Discretionary Distrib,Adj,Jan,EPS,CY2028,8.62,8.896,+3.2%,8.928,+0.4%,9.418,+5.5%,230.37,24.5,+9.3%,+27.9%,+7.2%,+62.0%
M,Extended,Retailers,Consumer Discretionary,Consumer Discretionary Distrib,Adj,Jan,EPS,CY2025,1.775,2.147,+21.0%,2.238,+4.2%,2.206,-1.4%,22.16,10.0,+24.3%,+0.5%,+15.5%,+85.9%
M,Extended,Retailers,Consumer Discretionary,Consumer Discretionary Distrib,Adj,Jan,EPS,CY2026,1.858,2.166,+16.6%,2.249,+3.8%,2.185,-2.8%,22.16,10.1,+17.6%,+0.5%,+15.5%,+85.9%
M,Extended,Retailers,Consumer Discretionary,Consumer Discretionary Distrib,Adj,Jan,EPS,CY2027,1.87,2.167,+15.9%,2.245,+3.6%,2.258,+0.6%,22.16,9.8,+20.7%,+0.5%,+15.5%,+85.9%
M,Extended,Retailers,Consumer Discretionary,Consumer Discretionary Distrib,Adj,Jan,EPS,CY2028,2.59,2.6,+0.4%,2.5,-3.8%,2.333,-6.7%,22.16,9.5,-9.9%,+0.5%,+15.5%,+85.9%
DKS,Extended,Retailers,Consumer Discretionary,Consumer Discretionary Distrib,Adj,Jan,EPS,CY2025,14.377,13.603,-5.4%,13.293,-2.3%,13.291,-0.0%,214.83,16.2,-7.6%,+8.5%,+6.2%,+20.0%
DKS,Extended,Retailers,Consumer Discretionary,Consumer Discretionary Distrib,Adj,Jan,EPS,CY2026,15.227,15.004,-1.5%,14.835,-1.1%,14.387,-3.0%,214.83,14.9,-5.5%,+8.5%,+6.2%,+20.0%
DKS,Extended,Retailers,Consumer Discretionary,Consumer Discretionary Distrib,Adj,Jan,EPS,CY2027,16.113,16.735,+3.9%,16.697,-0.2%,16.42,-1.7%,214.83,13.1,+1.9%,+8.5%,+6.2%,+20.0%
DKS,Extended,Retailers,Consumer Discretionary,Consumer Discretionary Distrib,Adj,Jan,EPS,CY2028,16.748,17.358,+3.6%,17.909,+3.2%,17.993,+0.5%,214.83,11.9,+7.4%,+8.5%,+6.2%,+20.0%
ZAL,Extended,Retailers,Consumer Discretionary,Consumer Discretionary Distrib,Adj,Dec,EPS,CY2025,1.254,1.15,-8.3%,1.091,-5.1%,1.091,+0.0%,24.64,22.6,-13.0%,-2.8%,+20.9%,-19.4%
ZAL,Extended,Retailers,Consumer Discretionary,Consumer Discretionary Distrib,Adj,Dec,EPS,CY2026,1.569,1.522,-3.0%,1.396,-8.3%,1.28,-8.3%,24.64,19.2,-18.4%,-2.8%,+20.9%,-19.4%
ZAL,Extended,Retailers,Consumer Discretionary,Consumer Discretionary Distrib,Adj,Dec,EPS,CY2027,1.874,1.901,+1.4%,1.787,-6.0%,1.818,+1.7%,24.64,13.6,-3.0%,-2.8%,+20.9%,-19.4%
ZAL,Extended,Retailers,Consumer Discretionary,Consumer Discretionary Distrib,Adj,Dec,EPS,CY2028,2.216,2.349,+6.0%,2.199,-6.4%,2.251,+2.4%,24.64,10.9,+1.6%,-2.8%,+20.9%,-19.4%
CHWY,Extended,Retailers,Consumer Discretionary,Consumer Discretionary Distrib,Adj,Jan,EPS,CY2025,1.206,1.279,+6.1%,1.264,-1.2%,1.267,+0.2%,20.64,16.3,+5.1%,-37.5%,-20.8%,-56.5%
CHWY,Extended,Retailers,Consumer Discretionary,Consumer Discretionary Distrib,Adj,Jan,EPS,CY2026,1.458,1.537,+5.4%,1.499,-2.5%,1.541,+2.8%,20.64,13.4,+5.7%,-37.5%,-20.8%,-56.5%
CHWY,Extended,Retailers,Consumer Discretionary,Consumer Discretionary Distrib,Adj,Jan,EPS,CY2027,1.825,1.85,+1.4%,1.855,+0.3%,1.941,+4.6%,20.64,10.6,+6.4%,-37.5%,-20.8%,-56.5%
CHWY,Extended,Retailers,Consumer Discretionary,Consumer Discretionary Distrib,Adj,Jan,EPS,CY2028,1.91,2.053,+7.5%,2.239,+9.1%,2.328,+4.0%,20.64,8.9,+21.9%,-37.5%,-20.8%,-56.5%
SFIX,Extended,Retailers,Consumer Discretionary,Consumer Discretionary Distrib,Adj,Jul,EPS,CY2025,-0.304,-0.254,+16.4%,-0.254,+0.0%,-0.254,+0.0%,3.42,-13.5,+16.4%,-34.9%,+5.2%,-26.8%
SFIX,Extended,Retailers,Consumer Discretionary,Consumer Discretionary Distrib,Adj,Jul,EPS,CY2026,-0.346,-0.205,+40.8%,-0.198,+3.4%,-0.18,+9.1%,3.42,-19.0,+48.0%,-34.9%,+5.2%,-26.8%
SFIX,Extended,Retailers,Consumer Discretionary,Consumer Discretionary Distrib,Adj,Jul,EPS,CY2027,-0.181,-0.115,+36.5%,-0.095,+17.4%,-0.09,+5.3%,3.42,-38.0,+50.3%,-34.9%,+5.2%,-26.8%
SFIX,Extended,Retailers,Consumer Discretionary,Consumer Discretionary Distrib,Adj,Jul,EPS,CY2028,,-0.085,,-0.066,+22.4%,-0.032,+51.5%,3.42,-106.9,,-34.9%,+5.2%,-26.8%
LEVI,Extended,Retailers,Consumer Discretionary,Consumer Durables & Apparel,Adj,Nov,EPS,CY2025,1.228,1.324,+7.8%,1.329,+0.4%,1.329,+0.0%,22.53,17.0,+8.2%,+8.6%,+11.1%,+30.4%
LEVI,Extended,Retailers,Consumer Discretionary,Consumer Durables & Apparel,Adj,Nov,EPS,CY2026,1.357,1.473,+8.5%,1.463,-0.7%,1.503,+2.7%,22.53,15.0,+10.8%,+8.6%,+11.1%,+30.4%
LEVI,Extended,Retailers,Consumer Discretionary,Consumer Durables & Apparel,Adj,Nov,EPS,CY2027,1.487,1.615,+8.6%,1.647,+2.0%,1.682,+2.1%,22.53,13.4,+13.1%,+8.6%,+11.1%,+30.4%
LEVI,Extended,Retailers,Consumer Discretionary,Consumer Durables & Apparel,Adj,Nov,EPS,CY2028,1.64,1.747,+6.5%,1.816,+3.9%,1.9,+4.6%,22.53,11.9,+15.9%,+8.6%,+11.1%,+30.4%
DG,Extended,Retailers,Consumer Staples,Consumer Staples Distribution,Adj,Jan,EPS,CY2025,5.724,6.424,+12.2%,6.532,+1.7%,6.543,+0.2%,103.7,15.8,+14.3%,-21.9%,-29.2%,-8.9%
DG,Extended,Retailers,Consumer Staples,Consumer Staples Distribution,Adj,Jan,EPS,CY2026,6.359,6.983,+9.8%,7.22,+3.4%,7.419,+2.8%,103.7,14.0,+16.7%,-21.9%,-29.2%,-8.9%
DG,Extended,Retailers,Consumer Staples,Consumer Staples Distribution,Adj,Jan,EPS,CY2027,7.022,7.617,+8.5%,7.839,+2.9%,8.041,+2.6%,103.7,12.9,+14.5%,-21.9%,-29.2%,-8.9%
DG,Extended,Retailers,Consumer Staples,Consumer Staples Distribution,Adj,Jan,EPS,CY2028,7.991,8.337,+4.3%,8.456,+1.4%,8.747,+3.4%,103.7,11.9,+9.5%,-21.9%,-29.2%,-8.9%
DLTR,Extended,Retailers,Consumer Staples,Consumer Staples Distribution,Adj,Jan,EPS,CY2025,5.488,5.678,+3.5%,5.754,+1.3%,5.752,-0.0%,108.8,18.9,+4.8%,-11.6%,-6.1%,+12.5%
DLTR,Extended,Retailers,Consumer Staples,Consumer Staples Distribution,Adj,Jan,EPS,CY2026,6.245,6.609,+5.8%,6.69,+1.2%,6.96,+4.0%,108.8,15.6,+11.4%,-11.6%,-6.1%,+12.5%
DLTR,Extended,Retailers,Consumer Staples,Consumer Staples Distribution,Adj,Jan,EPS,CY2027,6.933,7.42,+7.0%,7.468,+0.6%,7.678,+2.8%,108.8,14.2,+10.7%,-11.6%,-6.1%,+12.5%
DLTR,Extended,Retailers,Consumer Staples,Consumer Staples Distribution,Adj,Jan,EPS,CY2028,7.36,8.129,+10.4%,8.164,+0.4%,8.515,+4.3%,108.8,12.8,+15.7%,-11.6%,-6.1%,+12.5%
FIVE,Extended,Retailers,Consumer Discretionary,Consumer Discretionary Distrib,Adj,Jan,EPS,CY2025,4.683,5.723,+22.2%,6.304,+10.2%,6.32,+0.3%,190.465,30.1,+35.0%,+1.1%,-14.1%,+48.8%
FIVE,Extended,Retailers,Consumer Discretionary,Consumer Discretionary Distrib,Adj,Jan,EPS,CY2026,5.136,6.173,+20.2%,6.989,+13.2%,8.951,+28.1%,190.465,21.3,+74.3%,+1.1%,-14.1%,+48.8%
FIVE,Extended,Retailers,Consumer Discretionary,Consumer Discretionary Distrib,Adj,Jan,EPS,CY2027,5.708,6.863,+20.2%,7.772,+13.2%,9.687,+24.6%,190.465,19.7,+69.7%,+1.1%,-14.1%,+48.8%
FIVE,Extended,Retailers,Consumer Discretionary,Consumer Discretionary Distrib,Adj,Jan,EPS,CY2028,,7.05,,8.546,+21.2%,10.809,+26.5%,190.465,17.6,,+1.1%,-14.1%,+48.8%
BURL,Extended,Retailers,Consumer Discretionary,Consumer Discretionary Distrib,Adj,Jan,EPS,CY2025,9.259,9.813,+6.0%,9.799,-0.1%,9.799,+0.0%,317.05,32.4,+5.8%,+9.8%,-1.4%,+30.5%
BURL,Extended,Retailers,Consumer Discretionary,Consumer Discretionary Distrib,Adj,Jan,EPS,CY2026,10.982,11.079,+0.9%,11.443,+3.3%,11.804,+3.2%,317.05,26.9,+7.5%,+9.8%,-1.4%,+30.5%
BURL,Extended,Retailers,Consumer Discretionary,Consumer Discretionary Distrib,Adj,Jan,EPS,CY2027,13.083,13.202,+0.9%,13.408,+1.6%,13.813,+3.0%,317.05,23.0,+5.6%,+9.8%,-1.4%,+30.5%
BURL,Extended,Retailers,Consumer Discretionary,Consumer Discretionary Distrib,Adj,Jan,EPS,CY2028,15.78,15.608,-1.1%,15.871,+1.7%,16.262,+2.5%,317.05,19.5,+3.1%,+9.8%,-1.4%,+30.5%
BBY,Extended,Retailers,Consumer Discretionary,Consumer Discretionary Distrib,Adj,Jan,EPS,CY2025,6.159,6.333,+2.8%,6.32,-0.2%,6.32,+0.0%,71.54,11.3,+2.6%,+6.9%,+9.1%,+1.5%
BBY,Extended,Retailers,Consumer Discretionary,Consumer Discretionary Distrib,Adj,Jan,EPS,CY2026,6.685,6.766,+1.2%,6.535,-3.4%,6.548,+0.2%,71.54,10.9,-2.0%,+6.9%,+9.1%,+1.5%
BBY,Extended,Retailers,Consumer Discretionary,Consumer Discretionary Distrib,Adj,Jan,EPS,CY2027,7.283,7.383,+1.4%,7.023,-4.9%,7.048,+0.4%,71.54,10.2,-3.2%,+6.9%,+9.1%,+1.5%
BBY,Extended,Retailers,Consumer Discretionary,Consumer Discretionary Distrib,Adj,Jan,EPS,CY2028,7.986,8.155,+2.1%,7.622,-6.5%,7.63,+0.1%,71.54,9.4,-4.5%,+6.9%,+9.1%,+1.5%
HD,Extended,Retailers,Consumer Discretionary,Consumer Discretionary Distrib,GAAP,Jan,EPS,CY2025,14.815,14.387,-2.9%,14.339,-0.3%,14.339,+0.0%,310.78,21.7,-3.2%,-9.7%,-14.1%,-15.8%
HD,Extended,Retailers,Consumer Discretionary,Consumer Discretionary Distrib,GAAP,Jan,EPS,CY2026,16.571,15.389,-7.1%,14.96,-2.8%,14.823,-0.9%,310.78,21.0,-10.5%,-9.7%,-14.1%,-15.8%
HD,Extended,Retailers,Consumer Discretionary,Consumer Discretionary Distrib,GAAP,Jan,EPS,CY2027,17.319,16.782,-3.1%,16.102,-4.1%,15.948,-1.0%,310.78,19.5,-7.9%,-9.7%,-14.1%,-15.8%
HD,Extended,Retailers,Consumer Discretionary,Consumer Discretionary Distrib,GAAP,Jan,EPS,CY2028,18.72,18.176,-2.9%,17.413,-4.2%,17.156,-1.5%,310.78,18.1,-8.4%,-9.7%,-14.1%,-15.8%
LOW,Extended,Retailers,Consumer Discretionary,Consumer Discretionary Distrib,Adj,Jan,EPS,CY2025,12.371,12.254,-0.9%,12.253,-0.0%,12.253,+0.0%,210.74,17.2,-1.0%,-12.6%,-17.3%,-7.4%
LOW,Extended,Retailers,Consumer Discretionary,Consumer Discretionary Distrib,Adj,Jan,EPS,CY2026,13.479,12.99,-3.6%,12.673,-2.4%,12.57,-0.8%,210.74,16.8,-6.7%,-12.6%,-17.3%,-7.4%
LOW,Extended,Retailers,Consumer Discretionary,Consumer Discretionary Distrib,Adj,Jan,EPS,CY2027,14.72,14.051,-4.5%,13.747,-2.2%,13.598,-1.1%,210.74,15.5,-7.6%,-12.6%,-17.3%,-7.4%
LOW,Extended,Retailers,Consumer Discretionary,Consumer Discretionary Distrib,Adj,Jan,EPS,CY2028,16.396,15.496,-5.5%,15.17,-2.1%,14.835,-2.2%,210.74,14.2,-9.5%,-12.6%,-17.3%,-7.4%
SBH,Extended,Retailers,Consumer Discretionary,Consumer Discretionary Distrib,Adj,Sep,EPS,CY2025,1.738,1.828,+5.2%,1.828,+0.0%,1.828,+0.0%,12.08,6.6,+5.2%,-15.3%,-20.8%,+37.9%
SBH,Extended,Retailers,Consumer Discretionary,Consumer Discretionary Distrib,Adj,Sep,EPS,CY2026,1.92,2.06,+7.3%,2.068,+0.4%,2.06,-0.4%,12.08,5.9,+7.3%,-15.3%,-20.8%,+37.9%
SBH,Extended,Retailers,Consumer Discretionary,Consumer Discretionary Distrib,Adj,Sep,EPS,CY2027,2.17,2.23,+2.8%,2.26,+1.3%,2.234,-1.2%,12.08,5.4,+2.9%,-15.3%,-20.8%,+37.9%
SBH,Extended,Retailers,Consumer Discretionary,Consumer Discretionary Distrib,Adj,Sep,EPS,CY2028,,2.69,,2.45,-8.9%,2.495,+1.8%,12.08,4.8,,-15.3%,-20.8%,+37.9%
ULTA,Extended,Retailers,Consumer Discretionary,Consumer Discretionary Distrib,Adj,Jan,EPS,CY2025,23.544,25.28,+7.4%,25.643,+1.4%,25.649,+0.0%,467.07,18.2,+8.9%,-22.8%,-28.5%,+0.0%
ULTA,Extended,Retailers,Consumer Discretionary,Consumer Discretionary Distrib,Adj,Jan,EPS,CY2026,25.899,28.121,+8.6%,28.666,+1.9%,28.906,+0.8%,467.07,16.2,+11.6%,-22.8%,-28.5%,+0.0%
ULTA,Extended,Retailers,Consumer Discretionary,Consumer Discretionary Distrib,Adj,Jan,EPS,CY2027,28.94,31.146,+7.6%,31.663,+1.7%,31.849,+0.6%,467.07,14.7,+10.1%,-22.8%,-28.5%,+0.0%
ULTA,Extended,Retailers,Consumer Discretionary,Consumer Discretionary Distrib,Adj,Jan,EPS,CY2028,31.708,33.122,+4.5%,33.42,+0.9%,34.918,+4.5%,467.07,13.4,+10.1%,-22.8%,-28.5%,+0.0%
TPR,Extended,Luxury / fashion,Consumer Discretionary,Consumer Durables & Apparel,Adj,Jun,EPS,CY2025,5.074,5.093,+0.4%,5.093,+0.0%,5.093,+0.0%,140.1,27.5,+0.4%,+9.7%,-6.4%,+76.8%
TPR,Extended,Luxury / fashion,Consumer Discretionary,Consumer Durables & Apparel,Adj,Jun,EPS,CY2026,5.383,5.564,+3.4%,6.503,+16.9%,6.971,+7.2%,140.1,20.1,+29.5%,+9.7%,-6.4%,+76.8%
TPR,Extended,Luxury / fashion,Consumer Discretionary,Consumer Durables & Apparel,Adj,Jun,EPS,CY2027,5.992,6.195,+3.4%,7.227,+16.7%,7.769,+7.5%,140.1,18.0,+29.7%,+9.7%,-6.4%,+76.8%
TPR,Extended,Luxury / fashion,Consumer Discretionary,Consumer Durables & Apparel,Adj,Jun,EPS,CY2028,6.72,6.983,+3.9%,8.01,+14.7%,8.605,+7.4%,140.1,16.3,+28.1%,+9.7%,-6.4%,+76.8%
CPRI,Extended,Luxury / fashion,Consumer Discretionary,Consumer Durables & Apparel,Adj,Mar,EPS,CY2025,1.249,1.355,+8.5%,1.396,+3.0%,1.399,+0.2%,18.87,13.5,+12.0%,-22.7%,+1.0%,+11.3%
CPRI,Extended,Luxury / fashion,Consumer Discretionary,Consumer Durables & Apparel,Adj,Mar,EPS,CY2026,1.799,1.825,+1.4%,1.852,+1.5%,2.115,+14.2%,18.87,8.9,+17.6%,-22.7%,+1.0%,+11.3%
CPRI,Extended,Luxury / fashion,Consumer Discretionary,Consumer Durables & Apparel,Adj,Mar,EPS,CY2027,2.431,2.28,-6.2%,2.31,+1.3%,2.543,+10.1%,18.87,7.4,+4.6%,-22.7%,+1.0%,+11.3%
CPRI,Extended,Luxury / fashion,Consumer Discretionary,Consumer Durables & Apparel,Adj,Mar,EPS,CY2028,3.07,3.765,+22.6%,3.23,-14.2%,2.856,-11.6%,18.87,6.6,-7.0%,-22.7%,+1.0%,+11.3%
FOSL,Extended,Luxury / fashion,Consumer Discretionary,Consumer Durables & Apparel,Adj,Dec,EPS,CY2025,,-6.84,,-3.975,+41.9%,-3.975,+0.0%,3.96,-1.0,,+5.3%,-8.8%,+173.1%
FOSL,Extended,Luxury / fashion,Consumer Discretionary,Consumer Durables & Apparel,Adj,Dec,EPS,CY2026,,-0.3,,-0.085,+71.7%,-0.51,-500.0%,3.96,-7.8,,+5.3%,-8.8%,+173.1%
FOSL,Extended,Luxury / fashion,Consumer Discretionary,Consumer Durables & Apparel,Adj,Dec,EPS,CY2027,,0.25,,0.38,+52.0%,-0.23,-160.5%,3.96,-17.2,,+5.3%,-8.8%,+173.1%
FOSL,Extended,Luxury / fashion,Consumer Discretionary,Consumer Durables & Apparel,Adj,Dec,EPS,CY2028,,0.38,,0.38,+0.0%,0.99,+160.5%,3.96,4.0,,+5.3%,-8.8%,+173.1%
RMS,Extended,Luxury / fashion,Consumer Discretionary,Consumer Durables & Apparel,Adj,Dec,EPS,CY2025,45.282,42.562,-6.0%,42.481,-0.2%,42.481,+0.0%,1619.0,38.1,-6.2%,-23.7%,-14.8%,-30.8%
RMS,Extended,Luxury / fashion,Consumer Discretionary,Consumer Durables & Apparel,Adj,Dec,EPS,CY2026,52.638,48.275,-8.3%,47.154,-2.3%,44.977,-4.6%,1619.0,36.0,-14.6%,-23.7%,-14.8%,-30.8%
RMS,Extended,Luxury / fashion,Consumer Discretionary,Consumer Durables & Apparel,Adj,Dec,EPS,CY2027,59.159,54.017,-8.7%,53.877,-0.3%,51.74,-4.0%,1619.0,31.3,-12.5%,-23.7%,-14.8%,-30.8%
RMS,Extended,Luxury / fashion,Consumer Discretionary,Consumer Durables & Apparel,Adj,Dec,EPS,CY2028,64.212,59.588,-7.2%,59.538,-0.1%,56.891,-4.4%,1619.0,28.5,-11.4%,-23.7%,-14.8%,-30.8%
UHR,Extended,Luxury / fashion,Consumer Discretionary,Consumer Durables & Apparel,Adj,Dec,EPS,CY2025,5.731,2.113,-63.1%,1.93,-8.7%,1.93,+0.0%,203.3,105.3,-66.3%,+20.8%,+16.7%,+46.4%
UHR,Extended,Luxury / fashion,Consumer Discretionary,Consumer Durables & Apparel,Adj,Dec,EPS,CY2026,8.521,4.748,-44.3%,4.526,-4.7%,4.636,+2.4%,203.3,43.9,-45.6%,+20.8%,+16.7%,+46.4%
UHR,Extended,Luxury / fashion,Consumer Discretionary,Consumer Durables & Apparel,Adj,Dec,EPS,CY2027,11.015,7.675,-30.3%,7.524,-2.0%,7.376,-2.0%,203.3,27.6,-33.0%,+20.8%,+16.7%,+46.4%
UHR,Extended,Luxury / fashion,Consumer Discretionary,Consumer Durables & Apparel,Adj,Dec,EPS,CY2028,,10.635,,9.391,-11.7%,9.488,+1.0%,203.3,21.4,,+20.8%,+16.7%,+46.4%
KER,Extended,Luxury / fashion,Consumer Discretionary,Consumer Durables & Apparel,Adj,Dec,EPS,CY2025,6.998,6.176,-11.7%,5.965,-3.4%,5.965,+0.0%,249.45,41.8,-14.8%,-16.8%,-2.9%,+42.9%
KER,Extended,Luxury / fashion,Consumer Discretionary,Consumer Durables & Apparel,Adj,Dec,EPS,CY2026,9.185,8.885,-3.3%,7.471,-15.9%,6.743,-9.7%,249.45,37.0,-26.6%,-16.8%,-2.9%,+42.9%
KER,Extended,Luxury / fashion,Consumer Discretionary,Consumer Durables & Apparel,Adj,Dec,EPS,CY2027,11.541,12.183,+5.6%,10.493,-13.9%,9.998,-4.7%,249.45,24.9,-13.4%,-16.8%,-2.9%,+42.9%
KER,Extended,Luxury / fashion,Consumer Discretionary,Consumer Durables & Apparel,Adj,Dec,EPS,CY2028,16.345,14.59,-10.7%,13.624,-6.6%,13.117,-3.7%,249.45,19.0,-19.7%,-16.8%,-2.9%,+42.9%
CFR,Extended,Luxury / fashion,Consumer Discretionary,Consumer Durables & Apparel,Adj,Mar,EPS,CY2025,6.577,6.233,-5.2%,6.194,-0.6%,6.151,-0.7%,164.65,26.8,-6.5%,-4.3%,+14.7%,+9.0%
CFR,Extended,Luxury / fashion,Consumer Discretionary,Consumer Durables & Apparel,Adj,Mar,EPS,CY2026,7.467,7.058,-5.5%,7.072,+0.2%,6.967,-1.5%,164.65,23.6,-6.7%,-4.3%,+14.7%,+9.0%
CFR,Extended,Luxury / fashion,Consumer Discretionary,Consumer Durables & Apparel,Adj,Mar,EPS,CY2027,8.593,8.048,-6.3%,8.008,-0.5%,7.959,-0.6%,164.65,20.7,-7.4%,-4.3%,+14.7%,+9.0%
CFR,Extended,Luxury / fashion,Consumer Discretionary,Consumer Durables & Apparel,Adj,Mar,EPS,CY2028,9.188,9.025,-1.8%,9.042,+0.2%,8.902,-1.5%,164.65,18.5,-3.1%,-4.3%,+14.7%,+9.0%
DECK,Extended,Apparel,Consumer Discretionary,Consumer Durables & Apparel,Adj,Mar,EPS,CY2025,6.089,6.404,+5.2%,6.879,+7.4%,6.891,+0.2%,108.13,15.7,+13.2%,+4.3%,+0.5%,-0.2%
DECK,Extended,Apparel,Consumer Discretionary,Consumer Durables & Apparel,Adj,Mar,EPS,CY2026,6.771,6.842,+1.0%,7.324,+7.0%,7.516,+2.6%,108.13,14.4,+11.0%,+4.3%,+0.5%,-0.2%
DECK,Extended,Apparel,Consumer Discretionary,Consumer Durables & Apparel,Adj,Mar,EPS,CY2027,7.588,7.608,+0.3%,8.053,+5.8%,8.301,+3.1%,108.13,13.0,+9.4%,+4.3%,+0.5%,-0.2%
DECK,Extended,Apparel,Consumer Discretionary,Consumer Durables & Apparel,Adj,Mar,EPS,CY2028,7.926,8.063,+1.7%,8.616,+6.9%,9.412,+9.2%,108.13,11.5,+18.7%,+4.3%,+0.5%,-0.2%
PVH,Extended,Apparel,Consumer Discretionary,Consumer Durables & Apparel,Adj,Jan,EPS,CY2025,11.458,10.905,-4.8%,10.903,-0.0%,11.054,+1.4%,77.8,7.0,-3.5%,+16.1%,+18.5%,+17.3%
PVH,Extended,Apparel,Consumer Discretionary,Consumer Durables & Apparel,Adj,Jan,EPS,CY2026,12.889,12.138,-5.8%,11.98,-1.3%,12.047,+0.6%,77.8,6.5,-6.5%,+16.1%,+18.5%,+17.3%
PVH,Extended,Apparel,Consumer Discretionary,Consumer Durables & Apparel,Adj,Jan,EPS,CY2027,15.214,13.303,-12.6%,13.588,+2.1%,12.695,-6.6%,77.8,6.1,-16.6%,+16.1%,+18.5%,+17.3%
PVH,Extended,Apparel,Consumer Discretionary,Consumer Durables & Apparel,Adj,Jan,EPS,CY2028,17.438,17.073,-2.1%,17.123,+0.3%,14.851,-13.3%,77.8,5.2,-14.8%,+16.1%,+18.5%,+17.3%
VFC,Extended,Apparel,Consumer Discretionary,Consumer Durables & Apparel,Adj,Mar,EPS,CY2025,0.849,0.704,-17.1%,0.835,+18.6%,0.835,+0.0%,16.59,19.9,-1.6%,-8.2%,-9.1%,+31.8%
VFC,Extended,Apparel,Consumer Discretionary,Consumer Durables & Apparel,Adj,Mar,EPS,CY2026,1.101,0.995,-9.6%,1.042,+4.7%,1.106,+6.1%,16.59,15.0,+0.5%,-8.2%,-9.1%,+31.8%
VFC,Extended,Apparel,Consumer Discretionary,Consumer Durables & Apparel,Adj,Mar,EPS,CY2027,1.551,1.268,-18.2%,1.306,+3.0%,1.364,+4.4%,16.59,12.2,-12.1%,-8.2%,-9.1%,+31.8%
VFC,Extended,Apparel,Consumer Discretionary,Consumer Durables & Apparel,Adj,Mar,EPS,CY2028,1.87,1.625,-13.1%,1.588,-2.3%,1.637,+3.1%,16.59,10.1,-12.5%,-8.2%,-9.1%,+31.8%
KTB,Extended,Apparel,Consumer Discretionary,Consumer Durables & Apparel,Adj,Dec,EPS,CY2025,5.21,5.492,+5.4%,5.496,+0.1%,5.496,+0.0%,70.07,12.7,+5.5%,+14.7%,-11.1%,+2.9%
KTB,Extended,Apparel,Consumer Discretionary,Consumer Durables & Apparel,Adj,Dec,EPS,CY2026,5.653,6.023,+6.5%,6.479,+7.6%,5.369,-17.1%,70.07,13.1,-5.0%,+14.7%,-11.1%,+2.9%
KTB,Extended,Apparel,Consumer Discretionary,Consumer Durables & Apparel,Adj,Dec,EPS,CY2027,6.282,6.721,+7.0%,7.01,+4.3%,6.513,-7.1%,70.07,10.8,+3.7%,+14.7%,-11.1%,+2.9%
KTB,Extended,Apparel,Consumer Discretionary,Consumer Durables & Apparel,Adj,Dec,EPS,CY2028,7.24,7.28,+0.6%,7.49,+2.9%,7.336,-2.1%,70.07,9.6,+1.3%,+14.7%,-11.1%,+2.9%
ONON,Extended,Apparel,Consumer Discretionary,Consumer Durables & Apparel,Adj,Dec,EPS,CY2025,0.955,0.742,-22.3%,0.749,+0.9%,0.749,+0.0%,37.08,49.5,-21.6%,-20.2%,-14.5%,-34.9%
ONON,Extended,Apparel,Consumer Discretionary,Consumer Durables & Apparel,Adj,Dec,EPS,CY2026,1.253,1.313,+4.8%,1.265,-3.7%,1.364,+7.8%,37.08,27.2,+8.9%,-20.2%,-14.5%,-34.9%
ONON,Extended,Apparel,Consumer Discretionary,Consumer Durables & Apparel,Adj,Dec,EPS,CY2027,1.615,1.75,+8.4%,1.607,-8.2%,1.656,+3.0%,37.08,22.4,+2.5%,-20.2%,-14.5%,-34.9%
ONON,Extended,Apparel,Consumer Discretionary,Consumer Durables & Apparel,Adj,Dec,EPS,CY2028,2.183,2.175,-0.4%,2.03,-6.7%,2.028,-0.1%,37.08,18.3,-7.1%,-20.2%,-14.5%,-34.9%
GIL,Extended,Apparel,Consumer Discretionary,Consumer Durables & Apparel,Adj,Dec,EPS,CY2025,3.473,3.468,-0.1%,3.497,+0.8%,3.497,+0.0%,57.61,16.5,+0.7%,-7.8%,-12.4%,+20.9%
GIL,Extended,Apparel,Consumer Discretionary,Consumer Durables & Apparel,Adj,Dec,EPS,CY2026,3.863,4.493,+16.3%,4.314,-4.0%,4.298,-0.4%,57.61,13.4,+11.3%,-7.8%,-12.4%,+20.9%
GIL,Extended,Apparel,Consumer Discretionary,Consumer Durables & Apparel,Adj,Dec,EPS,CY2027,4.27,5.394,+26.3%,5.313,-1.5%,5.388,+1.4%,57.61,10.7,+26.2%,-7.8%,-12.4%,+20.9%
GIL,Extended,Apparel,Consumer Discretionary,Consumer Durables & Apparel,Adj,Dec,EPS,CY2028,4.783,6.308,+31.9%,6.206,-1.6%,6.399,+3.1%,57.61,9.0,+33.8%,-7.8%,-12.4%,+20.9%
CRI,Extended,Apparel,Consumer Discretionary,Consumer Durables & Apparel,Adj,Dec,EPS,CY2025,3.429,2.95,-14.0%,3.31,+12.2%,3.31,+0.0%,38.19,11.5,-3.5%,+17.8%,+8.4%,+21.8%
CRI,Extended,Apparel,Consumer Discretionary,Consumer Durables & Apparel,Adj,Dec,EPS,CY2026,2.803,2.398,-14.4%,3.057,+27.5%,3.207,+4.9%,38.19,11.9,+14.4%,+17.8%,+8.4%,+21.8%
CRI,Extended,Apparel,Consumer Discretionary,Consumer Durables & Apparel,Adj,Dec,EPS,CY2027,2.888,2.683,-7.1%,3.598,+34.1%,3.594,-0.1%,38.19,10.6,+24.4%,+17.8%,+8.4%,+21.8%
CRI,Extended,Apparel,Consumer Discretionary,Consumer Durables & Apparel,Adj,Dec,EPS,CY2028,4.41,2.93,-33.6%,3.843,+31.2%,3.766,-2.0%,38.19,10.1,-14.6%,+17.8%,+8.4%,+21.8%
LULU,Extended,Apparel,Consumer Discretionary,Consumer Durables & Apparel,Adj,Jan,EPS,CY2025,14.826,12.898,-13.0%,13.042,+1.1%,13.04,-0.0%,114.23,8.8,-12.0%,-45.0%,-34.0%,-65.5%
LULU,Extended,Apparel,Consumer Discretionary,Consumer Durables & Apparel,Adj,Jan,EPS,CY2026,16.189,12.839,-20.7%,12.647,-1.5%,11.309,-10.6%,114.23,10.1,-30.1%,-45.0%,-34.0%,-65.5%
LULU,Extended,Apparel,Consumer Discretionary,Consumer Durables & Apparel,Adj,Jan,EPS,CY2027,17.855,13.889,-22.2%,13.647,-1.7%,11.891,-12.9%,114.23,9.6,-33.4%,-45.0%,-34.0%,-65.5%
LULU,Extended,Apparel,Consumer Discretionary,Consumer Durables & Apparel,Adj,Jan,EPS,CY2028,20.06,15.724,-21.6%,15.627,-0.6%,13.058,-16.4%,114.23,8.7,-34.9%,-45.0%,-34.0%,-65.5%
LB,Extended,Apparel,Real Estate,Real Estate Management & Devel,Adj,Dec,EPS,CY2025,2.044,1.69,-17.3%,1.42,-16.0%,1.42,+0.0%,70.28,49.5,-30.5%,+43.5%,-5.7%,-2.3%
LB,Extended,Apparel,Real Estate,Real Estate Management & Devel,Adj,Dec,EPS,CY2026,2.923,2.9,-0.8%,2.52,-13.1%,2.326,-7.7%,70.28,30.2,-20.4%,+43.5%,-5.7%,-2.3%
LB,Extended,Apparel,Real Estate,Real Estate Management & Devel,Adj,Dec,EPS,CY2027,3.683,4.093,+11.1%,3.437,-16.0%,2.914,-15.2%,70.28,24.1,-20.9%,+43.5%,-5.7%,-2.3%
LB,Extended,Apparel,Real Estate,Real Estate Management & Devel,Adj,Dec,EPS,CY2028,8.06,5.66,-29.8%,4.77,-15.7%,3.833,-19.6%,70.28,18.3,-52.4%,+43.5%,-5.7%,-2.3%
RL,Extended,Apparel,Consumer Discretionary,Consumer Durables & Apparel,Adj,Mar,EPS,CY2025,13.798,15.398,+11.6%,16.266,+5.6%,16.323,+0.4%,366.55,22.5,+18.3%,+3.7%,+3.7%,+33.2%
RL,Extended,Apparel,Consumer Discretionary,Consumer Durables & Apparel,Adj,Mar,EPS,CY2026,15.224,16.705,+9.7%,17.882,+7.0%,18.247,+2.0%,366.55,20.1,+19.9%,+3.7%,+3.7%,+33.2%
RL,Extended,Apparel,Consumer Discretionary,Consumer Durables & Apparel,Adj,Mar,EPS,CY2027,16.792,18.731,+11.5%,19.773,+5.6%,20.167,+2.0%,366.55,18.2,+20.1%,+3.7%,+3.7%,+33.2%
RL,Extended,Apparel,Consumer Discretionary,Consumer Durables & Apparel,Adj,Mar,EPS,CY2028,18.216,20.167,+10.7%,20.878,+3.5%,21.837,+4.6%,366.55,16.8,+19.9%,+3.7%,+3.7%,+33.2%
NKE,Extended,Apparel,Consumer Discretionary,Consumer Durables & Apparel,Adj,May,EPS,CY2025,2.153,2.162,+0.4%,2.162,+0.0%,2.162,+0.0%,42.98,19.9,+0.4%,-32.5%,-25.9%,-31.4%
NKE,Extended,Apparel,Consumer Discretionary,Consumer Durables & Apparel,Adj,May,EPS,CY2026,1.943,1.679,-13.6%,1.561,-7.0%,1.498,-4.0%,42.98,28.7,-22.9%,-32.5%,-25.9%,-31.4%
NKE,Extended,Apparel,Consumer Discretionary,Consumer Durables & Apparel,Adj,May,EPS,CY2027,2.544,2.511,-1.3%,2.334,-7.0%,1.851,-20.7%,42.98,23.2,-27.2%,-32.5%,-25.9%,-31.4%
NKE,Extended,Apparel,Consumer Discretionary,Consumer Durables & Apparel,Adj,May,EPS,CY2028,3.327,3.051,-8.3%,2.841,-6.9%,2.428,-14.5%,42.98,17.7,-27.0%,-32.5%,-25.9%,-31.4%
AS,Extended,Apparel,Consumer Discretionary,Consumer Durables & Apparel,Adj,Dec,EPS,CY2025,0.745,0.926,+24.3%,0.931,+0.5%,0.931,+0.0%,34.1,36.6,+25.0%,-8.7%,-3.5%,-8.8%
AS,Extended,Apparel,Consumer Discretionary,Consumer Durables & Apparel,Adj,Dec,EPS,CY2026,0.993,1.176,+18.4%,1.173,-0.3%,1.229,+4.8%,34.1,27.7,+23.8%,-8.7%,-3.5%,-8.8%
AS,Extended,Apparel,Consumer Discretionary,Consumer Durables & Apparel,Adj,Dec,EPS,CY2027,1.229,1.483,+20.7%,1.486,+0.2%,1.539,+3.6%,34.1,22.2,+25.2%,-8.7%,-3.5%,-8.8%
AS,Extended,Apparel,Consumer Discretionary,Consumer Durables & Apparel,Adj,Dec,EPS,CY2028,1.493,1.85,+23.9%,1.842,-0.4%,1.914,+3.9%,34.1,17.8,+28.2%,-8.7%,-3.5%,-8.8%
GOOS,Extended,Apparel,Consumer Discretionary,Consumer Durables & Apparel,Adj,Mar,EPS,CY2025,1.058,0.964,-8.9%,0.797,-17.3%,0.8,+0.4%,9.78,12.2,-24.4%,-24.5%,-15.5%,-12.5%
GOOS,Extended,Apparel,Consumer Discretionary,Consumer Durables & Apparel,Adj,Mar,EPS,CY2026,1.214,1.143,-5.8%,1.002,-12.3%,1.002,+0.0%,9.78,9.8,-17.5%,-24.5%,-15.5%,-12.5%
GOOS,Extended,Apparel,Consumer Discretionary,Consumer Durables & Apparel,Adj,Mar,EPS,CY2027,1.288,1.296,+0.6%,1.193,-7.9%,1.162,-2.6%,9.78,8.4,-9.8%,-24.5%,-15.5%,-12.5%
GOOS,Extended,Apparel,Consumer Discretionary,Consumer Durables & Apparel,Adj,Mar,EPS,CY2028,1.49,2.17,+45.6%,2.11,-2.8%,1.07,-49.3%,9.78,9.1,-28.2%,-24.5%,-15.5%,-12.5%
GAP,Extended,Apparel,Consumer Discretionary,Consumer Discretionary Distrib,Adj,Jan,EPS,CY2025,2.204,2.148,-2.5%,2.155,+0.3%,2.155,+0.0%,21.56,10.0,-2.2%,-15.8%,-20.7%,-0.1%
GAP,Extended,Apparel,Consumer Discretionary,Consumer Discretionary Distrib,Adj,Jan,EPS,CY2026,2.351,2.299,-2.2%,2.339,+1.7%,2.401,+2.7%,21.56,9.0,+2.1%,-15.8%,-20.7%,-0.1%
GAP,Extended,Apparel,Consumer Discretionary,Consumer Discretionary Distrib,Adj,Jan,EPS,CY2027,2.57,2.525,-1.8%,2.592,+2.7%,2.599,+0.3%,21.56,8.3,+1.1%,-15.8%,-20.7%,-0.1%
GAP,Extended,Apparel,Consumer Discretionary,Consumer Discretionary Distrib,Adj,Jan,EPS,CY2028,2.91,2.865,-1.5%,2.906,+1.4%,2.843,-2.2%,21.56,7.6,-2.3%,-15.8%,-20.7%,-0.1%
CROX,Extended,Apparel,Consumer Discretionary,Consumer Durables & Apparel,Adj,Dec,EPS,CY2025,12.592,12.067,-4.2%,12.14,+0.6%,12.14,+0.0%,119.35,9.8,-3.6%,+39.6%,+43.3%,+19.1%
CROX,Extended,Apparel,Consumer Discretionary,Consumer Durables & Apparel,Adj,Dec,EPS,CY2026,13.109,11.975,-8.7%,13.304,+11.1%,13.655,+2.6%,119.35,8.7,+4.2%,+39.6%,+43.3%,+19.1%
CROX,Extended,Apparel,Consumer Discretionary,Consumer Durables & Apparel,Adj,Dec,EPS,CY2027,13.048,12.109,-7.2%,14.18,+17.1%,14.509,+2.3%,119.35,8.2,+11.2%,+39.6%,+43.3%,+19.1%
CROX,Extended,Apparel,Consumer Discretionary,Consumer Durables & Apparel,Adj,Dec,EPS,CY2028,15.193,13.84,-8.9%,14.537,+5.0%,14.847,+2.1%,119.35,8.0,-2.3%,+39.6%,+43.3%,+19.1%
SN,Extended,Apparel,Consumer Discretionary,Consumer Durables & Apparel,Adj,Dec,EPS,CY2025,5.023,5.125,+2.0%,5.157,+0.6%,5.157,+0.0%,119.82,23.2,+2.7%,+7.1%,+5.1%,+37.3%
SN,Extended,Apparel,Consumer Discretionary,Consumer Durables & Apparel,Adj,Dec,EPS,CY2026,5.756,5.878,+2.1%,6.036,+2.7%,6.133,+1.6%,119.82,19.5,+6.5%,+7.1%,+5.1%,+37.3%
SN,Extended,Apparel,Consumer Discretionary,Consumer Durables & Apparel,Adj,Dec,EPS,CY2027,6.564,6.787,+3.4%,6.927,+2.1%,7.003,+1.1%,119.82,17.1,+6.7%,+7.1%,+5.1%,+37.3%
SN,Extended,Apparel,Consumer Discretionary,Consumer Durables & Apparel,Adj,Dec,EPS,CY2028,7.95,7.69,-3.3%,7.854,+2.1%,7.926,+0.9%,119.82,15.1,-0.3%,+7.1%,+5.1%,+37.3%
ANF,Extended,Apparel,Consumer Discretionary,Consumer Discretionary Distrib,Adj,Jan,EPS,CY2025,10.408,9.793,-5.9%,9.785,-0.1%,9.785,+0.0%,75.34,7.7,-6.0%,-40.1%,-14.8%,-5.3%
ANF,Extended,Apparel,Consumer Discretionary,Consumer Discretionary Distrib,Adj,Jan,EPS,CY2026,10.776,10.146,-5.8%,10.659,+5.1%,10.689,+0.3%,75.34,7.0,-0.8%,-40.1%,-14.8%,-5.3%
ANF,Extended,Apparel,Consumer Discretionary,Consumer Discretionary Distrib,Adj,Jan,EPS,CY2027,11.197,10.687,-4.6%,11.654,+9.0%,11.797,+1.2%,75.34,6.4,+5.4%,-40.1%,-14.8%,-5.3%
ANF,Extended,Apparel,Consumer Discretionary,Consumer Discretionary Distrib,Adj,Jan,EPS,CY2028,11.06,9.36,-15.4%,13.28,+41.9%,12.981,-2.3%,75.34,5.8,+17.4%,-40.1%,-14.8%,-5.3%
AEO,Extended,Apparel,Consumer Discretionary,Consumer Discretionary Distrib,Adj,Jan,EPS,CY2025,0.795,1.324,+66.5%,1.378,+4.1%,1.378,+0.0%,16.44,11.9,+73.3%,-37.7%,-15.0%,+62.1%
AEO,Extended,Apparel,Consumer Discretionary,Consumer Discretionary Distrib,Adj,Jan,EPS,CY2026,1.175,1.595,+35.7%,1.768,+10.8%,1.761,-0.4%,16.44,9.3,+49.9%,-37.7%,-15.0%,+62.1%
AEO,Extended,Apparel,Consumer Discretionary,Consumer Discretionary Distrib,Adj,Jan,EPS,CY2027,1.543,1.769,+14.6%,1.991,+12.5%,1.95,-2.1%,16.44,8.4,+26.4%,-37.7%,-15.0%,+62.1%
AEO,Extended,Apparel,Consumer Discretionary,Consumer Discretionary Distrib,Adj,Jan,EPS,CY2028,1.93,1.89,-2.1%,2.388,+26.3%,2.268,-5.0%,16.44,7.2,+17.5%,-37.7%,-15.0%,+62.1%
URBN,Extended,Apparel,Consumer Discretionary,Consumer Discretionary Distrib,Adj,Jan,EPS,CY2025,4.999,5.285,+5.7%,5.271,-0.3%,5.271,+0.0%,71.3,13.5,+5.4%,-5.3%,+8.7%,+2.3%
URBN,Extended,Apparel,Consumer Discretionary,Consumer Discretionary Distrib,Adj,Jan,EPS,CY2026,5.391,5.765,+6.9%,5.871,+1.8%,6.125,+4.3%,71.3,11.6,+13.6%,-5.3%,+8.7%,+2.3%
URBN,Extended,Apparel,Consumer Discretionary,Consumer Discretionary Distrib,Adj,Jan,EPS,CY2027,5.858,6.271,+7.1%,6.418,+2.3%,6.665,+3.8%,71.3,10.7,+13.8%,-5.3%,+8.7%,+2.3%
URBN,Extended,Apparel,Consumer Discretionary,Consumer Discretionary Distrib,Adj,Jan,EPS,CY2028,4.303,5.61,+30.4%,6.692,+19.3%,7.075,+5.7%,71.3,10.1,+64.4%,-5.3%,+8.7%,+2.3%
BALL,Extended,Packaging,Materials,Materials,Adj,Dec,EPS,CY2025,3.54,3.569,+0.8%,3.567,-0.1%,3.567,+0.0%,52.92,14.8,+0.8%,-0.1%,-16.3%,-1.1%
BALL,Extended,Packaging,Materials,Materials,Adj,Dec,EPS,CY2026,3.996,3.996,+0.0%,3.969,-0.7%,3.973,+0.1%,52.92,13.3,-0.6%,-0.1%,-16.3%,-1.1%
BALL,Extended,Packaging,Materials,Materials,Adj,Dec,EPS,CY2027,4.479,4.436,-1.0%,4.518,+1.8%,4.493,-0.6%,52.92,11.8,+0.3%,-0.1%,-16.3%,-1.1%
BALL,Extended,Packaging,Materials,Materials,Adj,Dec,EPS,CY2028,4.92,4.98,+1.2%,5.024,+0.9%,5.004,-0.4%,52.92,10.6,+1.7%,-0.1%,-16.3%,-1.1%
CCK,Extended,Packaging,Materials,Materials,Adj,Dec,EPS,CY2025,7.052,7.763,+10.1%,7.758,-0.1%,7.758,+0.0%,93.38,12.0,+10.0%,-9.3%,-13.7%,-4.4%
CCK,Extended,Packaging,Materials,Materials,Adj,Dec,EPS,CY2026,7.666,8.285,+8.1%,8.125,-1.9%,8.115,-0.1%,93.38,11.5,+5.9%,-9.3%,-13.7%,-4.4%
CCK,Extended,Packaging,Materials,Materials,Adj,Dec,EPS,CY2027,8.315,9.065,+9.0%,8.89,-1.9%,8.811,-0.9%,93.38,10.6,+6.0%,-9.3%,-13.7%,-4.4%
CCK,Extended,Packaging,Materials,Materials,Adj,Dec,EPS,CY2028,,9.84,,9.669,-1.7%,9.499,-1.8%,93.38,9.8,,-9.3%,-13.7%,-4.4%
SLGN,Extended,Packaging,Materials,Materials,Adj,Dec,EPS,CY2025,4.106,3.692,-10.1%,3.691,-0.0%,3.691,+0.0%,36.63,9.9,-10.1%,-9.3%,-20.1%,-31.6%
SLGN,Extended,Packaging,Materials,Materials,Adj,Dec,EPS,CY2026,4.482,3.866,-13.7%,3.797,-1.8%,3.796,-0.0%,36.63,9.6,-15.3%,-9.3%,-20.1%,-31.6%
SLGN,Extended,Packaging,Materials,Materials,Adj,Dec,EPS,CY2027,4.772,4.211,-11.8%,4.09,-2.9%,4.061,-0.7%,36.63,9.0,-14.9%,-9.3%,-20.1%,-31.6%
SLGN,Extended,Packaging,Materials,Materials,Adj,Dec,EPS,CY2028,4.955,4.78,-3.5%,4.4,-7.9%,4.347,-1.2%,36.63,8.4,-12.3%,-9.3%,-20.1%,-31.6%
OI,Extended,Packaging,Materials,Materials,Adj,Dec,EPS,CY2025,1.376,1.601,+16.4%,1.604,+0.2%,1.604,+0.0%,7.91,4.9,+16.6%,-46.4%,-33.9%,-40.3%
OI,Extended,Packaging,Materials,Materials,Adj,Dec,EPS,CY2026,1.818,1.931,+6.2%,1.758,-9.0%,1.195,-32.0%,7.91,6.6,-34.3%,-46.4%,-33.9%,-40.3%
OI,Extended,Packaging,Materials,Materials,Adj,Dec,EPS,CY2027,2.254,2.366,+5.0%,2.218,-6.3%,1.884,-15.1%,7.91,4.2,-16.4%,-46.4%,-33.9%,-40.3%
OI,Extended,Packaging,Materials,Materials,Adj,Dec,EPS,CY2028,2.81,2.85,+1.4%,2.62,-8.1%,2.45,-6.5%,7.91,3.2,-12.8%,-46.4%,-33.9%,-40.3%
AA,Extended,Packaging,Materials,Materials,Adj,Dec,EPS,CY2025,3.654,3.922,+7.3%,3.992,+1.8%,3.992,+0.0%,71.89,18.0,+9.3%,+35.3%,+19.1%,+157.9%
AA,Extended,Packaging,Materials,Materials,Adj,Dec,EPS,CY2026,2.684,3.572,+33.1%,4.495,+25.8%,7.026,+56.3%,71.89,10.2,+161.8%,+35.3%,+19.1%,+157.9%
AA,Extended,Packaging,Materials,Materials,Adj,Dec,EPS,CY2027,,3.996,,5.456,+36.5%,6.826,+25.1%,71.89,10.5,,+35.3%,+19.1%,+157.9%
AA,Extended,Packaging,Materials,Materials,Adj,Dec,EPS,CY2028,,3.957,,5.604,+41.6%,6.932,+23.7%,71.89,10.4,,+35.3%,+19.1%,+157.9%
PKG,Extended,Packaging,Materials,Materials,Adj,Dec,EPS,CY2025,10.215,9.945,-2.6%,9.933,-0.1%,9.933,+0.0%,222.82,22.4,-2.8%,+8.0%,-1.5%,+14.4%
PKG,Extended,Packaging,Materials,Materials,Adj,Dec,EPS,CY2026,11.104,11.468,+3.3%,11.016,-3.9%,10.413,-5.5%,222.82,21.4,-6.2%,+8.0%,-1.5%,+14.4%
PKG,Extended,Packaging,Materials,Materials,Adj,Dec,EPS,CY2027,11.626,12.443,+7.0%,12.514,+0.6%,12.296,-1.7%,222.82,18.1,+5.8%,+8.0%,-1.5%,+14.4%
PKG,Extended,Packaging,Materials,Materials,Adj,Dec,EPS,CY2028,13.08,14.043,+7.4%,14.053,+0.1%,13.286,-5.5%,222.82,16.8,+1.6%,+8.0%,-1.5%,+14.4%
GPK,Extended,Packaging,Materials,Materials,Adj,Dec,EPS,CY2025,2.056,1.887,-8.2%,1.865,-1.2%,1.865,+0.0%,10.54,5.7,-9.3%,-30.0%,-5.2%,-52.3%
GPK,Extended,Packaging,Materials,Materials,Adj,Dec,EPS,CY2026,2.453,1.907,-22.3%,0.906,-52.5%,0.83,-8.4%,10.54,12.7,-66.2%,-30.0%,-5.2%,-52.3%
GPK,Extended,Packaging,Materials,Materials,Adj,Dec,EPS,CY2027,2.628,2.224,-15.4%,1.246,-44.0%,1.154,-7.4%,10.54,9.1,-56.1%,-30.0%,-5.2%,-52.3%
GPK,Extended,Packaging,Materials,Materials,Adj,Dec,EPS,CY2028,3.54,2.48,-29.9%,1.408,-43.2%,1.274,-9.5%,10.54,8.3,-64.0%,-30.0%,-5.2%,-52.3%
SEE,Extended,Packaging,Materials,Materials,Adj,Dec,EPS,CY2025,3.106,3.298,+6.2%,3.298,+0.0%,3.298,+0.0%,,,+6.2%,,,
SEE,Extended,Packaging,Materials,Materials,Adj,Dec,EPS,CY2026,3.324,3.377,+1.6%,3.388,+0.3%,3.305,-2.4%,,,-0.6%,,,
SEE,Extended,Packaging,Materials,Materials,Adj,Dec,EPS,CY2027,3.558,3.624,+1.9%,3.641,+0.5%,3.47,-4.7%,,,-2.5%,,,
SEE,Extended,Packaging,Materials,Materials,Adj,Dec,EPS,CY2028,3.78,3.65,-3.4%,3.868,+6.0%,3.783,-2.2%,,,+0.1%,,,
IP,Extended,Packaging,Materials,Materials,Adj,Dec,EPS,CY2025,2.184,0.306,-86.0%,0.165,-46.1%,0.165,+0.0%,33.61,203.7,-92.4%,-14.7%,-18.6%,-28.6%
IP,Extended,Packaging,Materials,Materials,Adj,Dec,EPS,CY2026,3.356,2.27,-32.4%,1.648,-27.4%,1.375,-16.6%,33.61,24.4,-59.0%,-14.7%,-18.6%,-28.6%
IP,Extended,Packaging,Materials,Materials,Adj,Dec,EPS,CY2027,4.088,3.136,-23.3%,2.937,-6.3%,2.621,-10.8%,33.61,12.8,-35.9%,-14.7%,-18.6%,-28.6%
IP,Extended,Packaging,Materials,Materials,Adj,Dec,EPS,CY2028,4.263,3.42,-19.8%,3.356,-1.9%,3.093,-7.8%,33.61,10.9,-27.4%,-14.7%,-18.6%,-28.6%
MHK,Extended,Housing,Consumer Discretionary,Consumer Durables & Apparel,Adj,Dec,EPS,CY2025,9.137,8.942,-2.1%,8.938,-0.0%,8.938,+0.0%,102.86,11.5,-2.2%,-5.9%,-5.4%,+2.1%
MHK,Extended,Housing,Consumer Discretionary,Consumer Durables & Apparel,Adj,Dec,EPS,CY2026,10.705,10.043,-6.2%,9.742,-3.0%,8.588,-11.8%,102.86,12.0,-19.8%,-5.9%,-5.4%,+2.1%
MHK,Extended,Housing,Consumer Discretionary,Consumer Durables & Apparel,Adj,Dec,EPS,CY2027,12.254,11.718,-4.4%,11.255,-4.0%,9.928,-11.8%,102.86,10.4,-19.0%,-5.9%,-5.4%,+2.1%
MHK,Extended,Housing,Consumer Discretionary,Consumer Durables & Apparel,Adj,Dec,EPS,CY2028,14.23,12.575,-11.6%,12.813,+1.9%,11.514,-10.1%,102.86,8.9,-19.1%,-5.9%,-5.4%,+2.1%
JELD,Extended,Housing,Industrials,Capital Goods,Adj,Dec,EPS,CY2025,-0.418,-0.694,-66.0%,-0.726,-4.6%,-0.726,+0.0%,1.86,-2.6,-73.7%,-24.4%,+0.0%,-51.9%
JELD,Extended,Housing,Industrials,Capital Goods,Adj,Dec,EPS,CY2026,0.243,-0.306,-225.9%,-0.522,-70.6%,-0.69,-32.2%,1.86,-2.7,-384.0%,-24.4%,+0.0%,-51.9%
JELD,Extended,Housing,Industrials,Capital Goods,Adj,Dec,EPS,CY2027,0.935,0.065,-93.0%,-0.202,-410.8%,-0.214,-5.9%,1.86,-8.7,-122.9%,-24.4%,+0.0%,-51.9%
JELD,Extended,Housing,Industrials,Capital Goods,Adj,Dec,EPS,CY2028,,,,0.161,,0.068,-57.8%,1.86,27.4,,-24.4%,+0.0%,-51.9%
AMWD,Extended,Housing,Industrials,Capital Goods,Adj,Apr,EPS,CY2025,6.474,6.474,+0.0%,6.474,+0.0%,6.474,+0.0%,48.09,7.4,+0.0%,-10.8%,+4.8%,-12.1%
AMWD,Extended,Housing,Industrials,Capital Goods,Adj,Apr,EPS,CY2026,5.054,3.148,-37.7%,2.924,-7.1%,2.3,-21.3%,48.09,20.9,-54.5%,-10.8%,+4.8%,-12.1%
AMWD,Extended,Housing,Industrials,Capital Goods,Adj,Apr,EPS,CY2027,6.41,3.85,-39.9%,2.774,-27.9%,1.87,-32.6%,48.09,25.7,-70.8%,-10.8%,+4.8%,-12.1%
AMWD,Extended,Housing,Industrials,Capital Goods,Adj,Apr,EPS,CY2028,,2.48,,2.375,-4.2%,2.3,-3.2%,48.09,20.9,,-10.8%,+4.8%,-12.1%
MAS,Extended,Housing,Industrials,Capital Goods,Adj,Dec,EPS,CY2025,3.525,3.938,+11.7%,3.933,-0.1%,3.933,+0.0%,69.41,17.6,+11.6%,+9.4%,+6.3%,+9.6%
MAS,Extended,Housing,Industrials,Capital Goods,Adj,Dec,EPS,CY2026,4.013,4.219,+5.1%,4.211,-0.2%,4.267,+1.3%,69.41,16.3,+6.3%,+9.4%,+6.3%,+9.6%
MAS,Extended,Housing,Industrials,Capital Goods,Adj,Dec,EPS,CY2027,4.716,4.694,-0.5%,4.638,-1.2%,4.697,+1.3%,69.41,14.8,-0.4%,+9.4%,+6.3%,+9.6%
MAS,Extended,Housing,Industrials,Capital Goods,Adj,Dec,EPS,CY2028,,5.465,,5.156,-5.7%,5.214,+1.1%,69.41,13.3,,+9.4%,+6.3%,+9.6%
FBIN,Extended,Housing,Industrials,Capital Goods,Adj,Dec,EPS,CY2025,3.774,3.746,-0.7%,3.74,-0.2%,3.74,+0.0%,39.06,10.4,-0.9%,-21.9%,-19.0%,-23.5%
FBIN,Extended,Housing,Industrials,Capital Goods,Adj,Dec,EPS,CY2026,4.221,4.142,-1.9%,3.524,-14.9%,3.154,-10.5%,39.06,12.4,-25.3%,-21.9%,-19.0%,-23.5%
FBIN,Extended,Housing,Industrials,Capital Goods,Adj,Dec,EPS,CY2027,5.068,4.676,-7.7%,3.975,-15.0%,3.595,-9.6%,39.06,10.9,-29.1%,-21.9%,-19.0%,-23.5%
FBIN,Extended,Housing,Industrials,Capital Goods,Adj,Dec,EPS,CY2028,5.69,5.76,+1.2%,4.508,-21.7%,4.203,-6.8%,39.06,9.3,-26.1%,-21.9%,-19.0%,-23.5%
TOL,Extended,Housing,Consumer Discretionary,Consumer Durables & Apparel,Adj,Oct,EPS,CY2025,13.984,13.796,-1.3%,13.796,+0.0%,13.796,+0.0%,137.91,10.0,-1.3%,+2.0%,-7.8%,+26.9%
TOL,Extended,Housing,Consumer Discretionary,Consumer Durables & Apparel,Adj,Oct,EPS,CY2026,14.274,13.696,-4.0%,12.841,-6.2%,12.801,-0.3%,137.91,10.8,-10.3%,+2.0%,-7.8%,+26.9%
TOL,Extended,Housing,Consumer Discretionary,Consumer Durables & Apparel,Adj,Oct,EPS,CY2027,16.206,15.126,-6.7%,14.272,-5.6%,14.151,-0.8%,137.91,9.7,-12.7%,+2.0%,-7.8%,+26.9%
TOL,Extended,Housing,Consumer Discretionary,Consumer Durables & Apparel,Adj,Oct,EPS,CY2028,19.97,17.88,-10.5%,16.162,-9.6%,16.13,-0.2%,137.91,8.5,-19.2%,+2.0%,-7.8%,+26.9%
KBH,Extended,Housing,Consumer Discretionary,Consumer Durables & Apparel,Adj,Nov,EPS,CY2025,7.093,6.415,-9.6%,6.416,+0.0%,6.416,+0.0%,52.04,8.1,-9.5%,-7.7%,-11.0%,-1.7%
KBH,Extended,Housing,Consumer Discretionary,Consumer Durables & Apparel,Adj,Nov,EPS,CY2026,7.443,6.041,-18.8%,4.198,-30.5%,3.209,-23.6%,52.04,16.2,-56.9%,-7.7%,-11.0%,-1.7%
KBH,Extended,Housing,Consumer Discretionary,Consumer Durables & Apparel,Adj,Nov,EPS,CY2027,8.99,7.286,-19.0%,5.453,-25.2%,4.478,-17.9%,52.04,11.6,-50.2%,-7.7%,-11.0%,-1.7%
KBH,Extended,Housing,Consumer Discretionary,Consumer Durables & Apparel,Adj,Nov,EPS,CY2028,,7.955,,6.902,-13.2%,5.753,-16.6%,52.04,9.0,,-7.7%,-11.0%,-1.7%
LEN,Extended,Housing,Consumer Discretionary,Consumer Durables & Apparel,Adj,Nov,EPS,CY2025,9.964,8.36,-16.1%,8.293,-0.8%,8.293,+0.0%,90.49,10.9,-16.8%,-12.0%,-13.2%,-17.8%
LEN,Extended,Housing,Consumer Discretionary,Consumer Durables & Apparel,Adj,Nov,EPS,CY2026,11.68,8.899,-23.8%,6.753,-24.1%,6.217,-7.9%,90.49,14.6,-46.8%,-12.0%,-13.2%,-17.8%
LEN,Extended,Housing,Consumer Discretionary,Consumer Durables & Apparel,Adj,Nov,EPS,CY2027,14.216,10.609,-25.4%,8.352,-21.3%,7.544,-9.7%,90.49,12.0,-46.9%,-12.0%,-13.2%,-17.8%
LEN,Extended,Housing,Consumer Discretionary,Consumer Durables & Apparel,Adj,Nov,EPS,CY2028,,14.073,,11.361,-19.3%,9.602,-15.5%,90.49,9.4,,-12.0%,-13.2%,-17.8%
LGIH,Extended,Housing,Consumer Discretionary,Consumer Durables & Apparel,Adj,Dec,EPS,CY2025,5.882,3.428,-41.7%,3.333,-2.8%,3.333,+0.0%,50.35,15.1,-43.3%,+17.2%,+7.5%,+1.3%
LGIH,Extended,Housing,Consumer Discretionary,Consumer Durables & Apparel,Adj,Dec,EPS,CY2026,8.624,4.428,-48.7%,2.58,-41.7%,2.86,+10.9%,50.35,17.6,-66.8%,+17.2%,+7.5%,+1.3%
LGIH,Extended,Housing,Consumer Discretionary,Consumer Durables & Apparel,Adj,Dec,EPS,CY2027,,7.187,,3.343,-53.5%,3.685,+10.2%,50.35,13.7,,+17.2%,+7.5%,+1.3%
LGIH,Extended,Housing,Consumer Discretionary,Consumer Durables & Apparel,Adj,Dec,EPS,CY2028,,,,,,,,50.35,,,+17.2%,+7.5%,+1.3%
WMS,Extended,Housing,Industrials,Capital Goods,Adj,Mar,EPS,CY2025,5.622,5.952,+5.9%,6.154,+3.4%,6.142,-0.2%,130.15,21.2,+9.2%,-10.1%,-12.7%,+13.2%
WMS,Extended,Housing,Industrials,Capital Goods,Adj,Mar,EPS,CY2026,6.292,6.433,+2.2%,6.887,+7.1%,6.278,-8.8%,130.15,20.7,-0.2%,-10.1%,-12.7%,+13.2%
WMS,Extended,Housing,Industrials,Capital Goods,Adj,Mar,EPS,CY2027,7.26,7.324,+0.9%,7.75,+5.8%,7.35,-5.2%,130.15,17.7,+1.2%,-10.1%,-12.7%,+13.2%
WMS,Extended,Housing,Industrials,Capital Goods,Adj,Mar,EPS,CY2028,7.88,7.945,+0.8%,8.345,+5.0%,5.995,-28.2%,130.15,21.7,-23.9%,-10.1%,-12.7%,+13.2%
POOL,Extended,Housing,Consumer Discretionary,Consumer Discretionary Distrib,Adj,Dec,EPS,CY2025,10.989,10.886,-0.9%,10.887,+0.0%,10.887,+0.0%,185.52,17.0,-0.9%,-18.9%,-14.9%,-39.9%
POOL,Extended,Housing,Consumer Discretionary,Consumer Discretionary Distrib,Adj,Dec,EPS,CY2026,11.949,11.619,-2.8%,11.01,-5.2%,11.083,+0.7%,185.52,16.7,-7.2%,-18.9%,-14.9%,-39.9%
POOL,Extended,Housing,Consumer Discretionary,Consumer Discretionary Distrib,Adj,Dec,EPS,CY2027,13.134,12.74,-3.0%,11.91,-6.5%,12.021,+0.9%,185.52,15.4,-8.5%,-18.9%,-14.9%,-39.9%
POOL,Extended,Housing,Consumer Discretionary,Consumer Discretionary Distrib,Adj,Dec,EPS,CY2028,,13.653,,13.134,-3.8%,13.174,+0.3%,185.52,14.1,,-18.9%,-14.9%,-39.9%
ALLE,Extended,Housing,Industrials,Capital Goods,Adj,Dec,EPS,CY2025,7.826,8.183,+4.6%,8.185,+0.0%,8.185,+0.0%,130.16,15.9,+4.6%,-18.3%,-14.5%,-5.8%
ALLE,Extended,Housing,Industrials,Capital Goods,Adj,Dec,EPS,CY2026,8.429,8.893,+5.5%,8.807,-1.0%,8.771,-0.4%,130.16,14.8,+4.1%,-18.3%,-14.5%,-5.8%
ALLE,Extended,Housing,Industrials,Capital Goods,Adj,Dec,EPS,CY2027,9.292,9.684,+4.2%,9.485,-2.1%,9.533,+0.5%,130.16,13.7,+2.6%,-18.3%,-14.5%,-5.8%
ALLE,Extended,Housing,Industrials,Capital Goods,Adj,Dec,EPS,CY2028,10.333,11.117,+7.6%,10.258,-7.7%,10.361,+1.0%,130.16,12.6,+0.3%,-18.3%,-14.5%,-5.8%
FDX,Extended,Transportation,Industrials,Transportation,Adj,May,EPS,CY2025,18.106,17.973,-0.7%,17.973,+0.0%,17.973,+0.0%,331.0,18.4,-0.7%,+42.3%,+10.1%,+89.7%
FDX,Extended,Transportation,Industrials,Transportation,Adj,May,EPS,CY2026,19.823,18.173,-8.3%,18.64,+2.6%,19.702,+5.7%,331.0,16.8,-0.6%,+42.3%,+10.1%,+89.7%
FDX,Extended,Transportation,Industrials,Transportation,Adj,May,EPS,CY2027,22.375,20.845,-6.8%,21.741,+4.3%,21.94,+0.9%,331.0,15.1,-1.9%,+42.3%,+10.1%,+89.7%
FDX,Extended,Transportation,Industrials,Transportation,Adj,May,EPS,CY2028,24.16,23.292,-3.6%,24.827,+6.6%,25.242,+1.7%,331.0,13.1,+4.5%,+42.3%,+10.1%,+89.7%
UPS,Extended,Transportation,Industrials,Transportation,Adj,Dec,EPS,CY2025,7.02,6.86,-2.3%,6.891,+0.5%,6.891,+0.0%,108.54,15.8,-1.8%,+9.4%,+4.3%,+12.0%
UPS,Extended,Transportation,Industrials,Transportation,Adj,Dec,EPS,CY2026,7.922,7.141,-9.9%,7.055,-1.2%,7.101,+0.7%,108.54,15.3,-10.4%,+9.4%,+4.3%,+12.0%
UPS,Extended,Transportation,Industrials,Transportation,Adj,Dec,EPS,CY2027,8.651,7.936,-8.3%,7.996,+0.8%,7.959,-0.5%,108.54,13.6,-8.0%,+9.4%,+4.3%,+12.0%
UPS,Extended,Transportation,Industrials,Transportation,Adj,Dec,EPS,CY2028,9.362,8.615,-8.0%,8.542,-0.8%,8.426,-1.4%,108.54,12.9,-10.0%,+9.4%,+4.3%,+12.0%
XPO,Extended,Transportation,Industrials,Transportation,Adj,Dec,EPS,CY2025,3.638,3.673,+1.0%,3.617,-1.5%,3.617,+0.0%,218.94,60.5,-0.6%,+61.1%,+6.2%,+87.7%
XPO,Extended,Transportation,Industrials,Transportation,Adj,Dec,EPS,CY2026,4.636,4.498,-3.0%,4.464,-0.8%,4.876,+9.2%,218.94,44.9,+5.2%,+61.1%,+6.2%,+87.7%
XPO,Extended,Transportation,Industrials,Transportation,Adj,Dec,EPS,CY2027,5.383,5.608,+4.2%,5.768,+2.9%,5.983,+3.7%,218.94,36.6,+11.1%,+61.1%,+6.2%,+87.7%
XPO,Extended,Transportation,Industrials,Transportation,Adj,Dec,EPS,CY2028,6.61,7.135,+7.9%,7.439,+4.3%,7.191,-3.3%,218.94,30.4,+8.8%,+61.1%,+6.2%,+87.7%
EXPD,Extended,Transportation,Industrials,Transportation,Adj,Dec,EPS,CY2025,5.339,5.876,+10.1%,5.912,+0.6%,5.912,+0.0%,160.44,27.1,+10.7%,+7.7%,+9.4%,+44.3%
EXPD,Extended,Transportation,Industrials,Transportation,Adj,Dec,EPS,CY2026,5.436,5.929,+9.1%,6.008,+1.3%,6.761,+12.5%,160.44,23.7,+24.4%,+7.7%,+9.4%,+44.3%
EXPD,Extended,Transportation,Industrials,Transportation,Adj,Dec,EPS,CY2027,5.841,6.408,+9.7%,6.465,+0.9%,6.83,+5.6%,160.44,23.5,+16.9%,+7.7%,+9.4%,+44.3%
EXPD,Extended,Transportation,Industrials,Transportation,Adj,Dec,EPS,CY2028,6.245,6.523,+4.5%,7.006,+7.4%,7.121,+1.6%,160.44,22.5,+14.0%,+7.7%,+9.4%,+44.3%
CHRW,Extended,Transportation,Industrials,Transportation,Adj,Dec,EPS,CY2025,4.729,4.978,+5.3%,4.981,+0.1%,4.981,+0.0%,184.09,37.0,+5.3%,+14.5%,-0.4%,+92.7%
CHRW,Extended,Transportation,Industrials,Transportation,Adj,Dec,EPS,CY2026,5.424,5.973,+10.1%,6.05,+1.3%,6.131,+1.3%,184.09,30.0,+13.0%,+14.5%,-0.4%,+92.7%
CHRW,Extended,Transportation,Industrials,Transportation,Adj,Dec,EPS,CY2027,5.654,6.779,+19.9%,7.184,+6.0%,7.305,+1.7%,184.09,25.2,+29.2%,+14.5%,-0.4%,+92.7%
CHRW,Extended,Transportation,Industrials,Transportation,Adj,Dec,EPS,CY2028,6.1,7.274,+19.2%,7.925,+8.9%,8.087,+2.0%,184.09,22.8,+32.6%,+14.5%,-0.4%,+92.7%
KNX,Extended,Transportation,Industrials,Transportation,Adj,Dec,EPS,CY2025,1.508,1.326,-12.1%,1.292,-2.6%,1.292,+0.0%,78.57,60.8,-14.3%,+50.3%,+28.8%,+78.0%
KNX,Extended,Transportation,Industrials,Transportation,Adj,Dec,EPS,CY2026,2.5,2.068,-17.3%,1.922,-7.1%,1.903,-1.0%,78.57,41.3,-23.9%,+50.3%,+28.8%,+78.0%
KNX,Extended,Transportation,Industrials,Transportation,Adj,Dec,EPS,CY2027,3.867,3.195,-17.4%,3.001,-6.1%,3.486,+16.2%,78.57,22.5,-9.9%,+50.3%,+28.8%,+78.0%
KNX,Extended,Transportation,Industrials,Transportation,Adj,Dec,EPS,CY2028,,4.11,,4.16,+1.2%,4.494,+8.0%,78.57,17.5,,+50.3%,+28.8%,+78.0%
JBHT,Extended,Transportation,Industrials,Transportation,Adj,Dec,EPS,CY2025,5.646,5.977,+5.9%,6.03,+0.9%,6.03,+0.0%,284.95,47.3,+6.8%,+46.6%,+25.9%,+104.8%
JBHT,Extended,Transportation,Industrials,Transportation,Adj,Dec,EPS,CY2026,7.01,7.025,+0.2%,7.205,+2.6%,7.359,+2.1%,284.95,38.7,+5.0%,+46.6%,+25.9%,+104.8%
JBHT,Extended,Transportation,Industrials,Transportation,Adj,Dec,EPS,CY2027,8.387,8.339,-0.6%,8.817,+5.7%,9.16,+3.9%,284.95,31.1,+9.2%,+46.6%,+25.9%,+104.8%
JBHT,Extended,Transportation,Industrials,Transportation,Adj,Dec,EPS,CY2028,,9.714,,9.723,+0.1%,10.485,+7.8%,284.95,27.2,,+46.6%,+25.9%,+104.8%
WERN,Extended,Transportation,Industrials,Transportation,Adj,Dec,EPS,CY2025,0.342,0.08,-76.6%,0.08,+0.0%,0.08,+0.0%,43.46,543.2,-76.6%,+44.8%,+30.9%,+61.0%
WERN,Extended,Transportation,Industrials,Transportation,Adj,Dec,EPS,CY2026,1.319,0.831,-37.0%,0.783,-5.8%,0.951,+21.5%,43.46,45.7,-27.9%,+44.8%,+30.9%,+61.0%
WERN,Extended,Transportation,Industrials,Transportation,Adj,Dec,EPS,CY2027,2.261,1.683,-25.6%,1.781,+5.8%,1.978,+11.1%,43.46,22.0,-12.5%,+44.8%,+30.9%,+61.0%
WERN,Extended,Transportation,Industrials,Transportation,Adj,Dec,EPS,CY2028,,2.935,,3.14,+7.0%,2.936,-6.5%,43.46,14.8,,+44.8%,+30.9%,+61.0%
NOVOB,Extended,Pharma / Med Devices,Health Care,"Pharmaceuticals, Biotechnology",GAAP,Dec,EPS,CY2025,26.57,23.471,-11.7%,23.284,-0.8%,23.284,+0.0%,283.85,12.2,-12.4%,-12.7%,+14.2%,-40.5%
NOVOB,Extended,Pharma / Med Devices,Health Care,"Pharmaceuticals, Biotechnology",GAAP,Dec,EPS,CY2026,31.523,22.616,-28.3%,20.96,-7.3%,20.751,-1.0%,283.85,13.7,-34.2%,-12.7%,+14.2%,-40.5%
NOVOB,Extended,Pharma / Med Devices,Health Care,"Pharmaceuticals, Biotechnology",GAAP,Dec,EPS,CY2027,35.389,24.19,-31.6%,21.01,-13.1%,20.435,-2.7%,283.85,13.9,-42.3%,-12.7%,+14.2%,-40.5%
NOVOB,Extended,Pharma / Med Devices,Health Care,"Pharmaceuticals, Biotechnology",GAAP,Dec,EPS,CY2028,39.953,26.695,-33.2%,22.781,-14.7%,22.77,-0.0%,283.85,12.5,-43.0%,-12.7%,+14.2%,-40.5%
BIIB,Extended,Pharma / Med Devices,Health Care,"Pharmaceuticals, Biotechnology",Adj,Dec,EPS,CY2025,14.944,14.902,-0.3%,14.874,-0.2%,14.874,+0.0%,195.34,13.1,-0.5%,+11.0%,+3.9%,+49.8%
BIIB,Extended,Pharma / Med Devices,Health Care,"Pharmaceuticals, Biotechnology",Adj,Dec,EPS,CY2026,15.444,15.207,-1.5%,15.773,+3.7%,14.532,-7.9%,195.34,13.4,-5.9%,+11.0%,+3.9%,+49.8%
BIIB,Extended,Pharma / Med Devices,Health Care,"Pharmaceuticals, Biotechnology",Adj,Dec,EPS,CY2027,16.042,15.65,-2.4%,16.155,+3.2%,16.224,+0.4%,195.34,12.0,+1.1%,+11.0%,+3.9%,+49.8%
BIIB,Extended,Pharma / Med Devices,Health Care,"Pharmaceuticals, Biotechnology",Adj,Dec,EPS,CY2028,16.745,16.185,-3.3%,16.899,+4.4%,17.571,+4.0%,195.34,11.1,+4.9%,+11.0%,+3.9%,+49.8%
REGN,Extended,Pharma / Med Devices,Health Care,"Pharmaceuticals, Biotechnology",Adj,Dec,EPS,CY2025,34.845,43.514,+24.9%,43.529,+0.0%,43.529,+0.0%,635.45,14.6,+24.9%,-17.7%,-16.9%,+31.5%
REGN,Extended,Pharma / Med Devices,Health Care,"Pharmaceuticals, Biotechnology",Adj,Dec,EPS,CY2026,39.235,43.879,+11.8%,46.408,+5.8%,46.293,-0.2%,635.45,13.7,+18.0%,-17.7%,-16.9%,+31.5%
REGN,Extended,Pharma / Med Devices,Health Care,"Pharmaceuticals, Biotechnology",Adj,Dec,EPS,CY2027,47.698,51.71,+8.4%,52.37,+1.3%,53.371,+1.9%,635.45,11.9,+11.9%,-17.7%,-16.9%,+31.5%
REGN,Extended,Pharma / Med Devices,Health Care,"Pharmaceuticals, Biotechnology",Adj,Dec,EPS,CY2028,52.545,57.01,+8.5%,60.05,+5.3%,60.837,+1.3%,635.45,10.4,+15.8%,-17.7%,-16.9%,+31.5%
VRTX,Extended,Pharma / Med Devices,Health Care,"Pharmaceuticals, Biotechnology",Adj,Dec,EPS,CY2025,17.886,18.181,+1.6%,18.293,+0.6%,18.293,+0.0%,446.83,24.4,+2.3%,-1.4%,-3.0%,+0.7%
VRTX,Extended,Pharma / Med Devices,Health Care,"Pharmaceuticals, Biotechnology",Adj,Dec,EPS,CY2026,19.848,19.559,-1.5%,19.107,-2.3%,19.142,+0.2%,446.83,23.3,-3.6%,-1.4%,-3.0%,+0.7%
VRTX,Extended,Pharma / Med Devices,Health Care,"Pharmaceuticals, Biotechnology",Adj,Dec,EPS,CY2027,22.331,22.105,-1.0%,21.394,-3.2%,21.309,-0.4%,446.83,21.0,-4.6%,-1.4%,-3.0%,+0.7%
VRTX,Extended,Pharma / Med Devices,Health Care,"Pharmaceuticals, Biotechnology",Adj,Dec,EPS,CY2028,25.091,24.442,-2.6%,23.777,-2.7%,24.374,+2.5%,446.83,18.3,-2.9%,-1.4%,-3.0%,+0.7%
MRK,Extended,Pharma / Med Devices,Health Care,"Pharmaceuticals, Biotechnology",GAAP,Dec,EPS,CY2025,8.281,8.123,-1.9%,8.076,-0.6%,8.076,+0.0%,120.79,15.0,-2.5%,+14.8%,+4.1%,+55.6%
MRK,Extended,Pharma / Med Devices,Health Care,"Pharmaceuticals, Biotechnology",GAAP,Dec,EPS,CY2026,9.224,8.217,-10.9%,4.321,-47.4%,3.336,-22.8%,120.79,36.2,-63.8%,+14.8%,+4.1%,+55.6%
MRK,Extended,Pharma / Med Devices,Health Care,"Pharmaceuticals, Biotechnology",GAAP,Dec,EPS,CY2027,10.176,9.339,-8.2%,8.745,-6.4%,8.314,-4.9%,120.79,14.5,-18.3%,+14.8%,+4.1%,+55.6%
MRK,Extended,Pharma / Med Devices,Health Care,"Pharmaceuticals, Biotechnology",GAAP,Dec,EPS,CY2028,10.063,9.918,-1.4%,9.619,-3.0%,9.279,-3.5%,120.79,13.0,-7.8%,+14.8%,+4.1%,+55.6%
JNJ,Extended,Pharma / Med Devices,Health Care,"Pharmaceuticals, Biotechnology",GAAP,Dec,EPS,CY2025,10.648,10.795,+1.4%,10.726,-0.6%,10.726,+0.0%,232.77,21.7,+0.7%,+12.5%,-2.9%,+51.5%
JNJ,Extended,Pharma / Med Devices,Health Care,"Pharmaceuticals, Biotechnology",GAAP,Dec,EPS,CY2026,10.01,10.405,+3.9%,10.639,+2.2%,10.581,-0.5%,232.77,22.0,+5.7%,+12.5%,-2.9%,+51.5%
JNJ,Extended,Pharma / Med Devices,Health Care,"Pharmaceuticals, Biotechnology",GAAP,Dec,EPS,CY2027,10.58,11.043,+4.4%,11.418,+3.4%,11.524,+0.9%,232.77,20.2,+8.9%,+12.5%,-2.9%,+51.5%
JNJ,Extended,Pharma / Med Devices,Health Care,"Pharmaceuticals, Biotechnology",GAAP,Dec,EPS,CY2028,10.83,11.97,+10.5%,12.166,+1.6%,12.708,+4.5%,232.77,18.3,+17.3%,+12.5%,-2.9%,+51.5%
ABT,Extended,Pharma / Med Devices,Health Care,Health Care Equipment & Servic,Adj,Dec,EPS,CY2025,5.156,5.152,-0.1%,5.152,+0.0%,5.152,+0.0%,91.07,17.7,-0.1%,-27.3%,-18.0%,-32.0%
ABT,Extended,Pharma / Med Devices,Health Care,Health Care Equipment & Servic,Adj,Dec,EPS,CY2026,5.678,5.683,+0.1%,5.68,-0.1%,5.479,-3.5%,91.07,16.6,-3.5%,-27.3%,-18.0%,-32.0%
ABT,Extended,Pharma / Med Devices,Health Care,Health Care Equipment & Servic,Adj,Dec,EPS,CY2027,6.269,6.263,-0.1%,6.244,-0.3%,6.063,-2.9%,91.07,15.0,-3.3%,-27.3%,-18.0%,-32.0%
ABT,Extended,Pharma / Med Devices,Health Care,Health Care Equipment & Servic,Adj,Dec,EPS,CY2028,6.872,6.823,-0.7%,6.8,-0.3%,6.732,-1.0%,91.07,13.5,-2.0%,-27.3%,-18.0%,-32.0%
PFE,Extended,Pharma / Med Devices,Health Care,"Pharmaceuticals, Biotechnology",Adj,Dec,EPS,CY2025,2.998,3.077,+2.6%,3.128,+1.7%,3.128,+0.0%,26.04,8.3,+4.3%,+4.6%,-2.1%,+12.6%
PFE,Extended,Pharma / Med Devices,Health Care,"Pharmaceuticals, Biotechnology",Adj,Dec,EPS,CY2026,3.083,3.073,-0.3%,2.962,-3.6%,2.969,+0.2%,26.04,8.8,-3.7%,+4.6%,-2.1%,+12.6%
PFE,Extended,Pharma / Med Devices,Health Care,"Pharmaceuticals, Biotechnology",Adj,Dec,EPS,CY2027,3.093,2.968,-4.0%,2.832,-4.6%,2.846,+0.5%,26.04,9.1,-8.0%,+4.6%,-2.1%,+12.6%
PFE,Extended,Pharma / Med Devices,Health Care,"Pharmaceuticals, Biotechnology",Adj,Dec,EPS,CY2028,2.813,2.601,-7.5%,2.442,-6.1%,2.402,-1.6%,26.04,10.8,-14.6%,+4.6%,-2.1%,+12.6%
GSK,Extended,Pharma / Med Devices,Health Care,"Pharmaceuticals, Biotechnology",Adj,Dec,EPS,CY2025,3.293,3.389,+2.9%,3.401,+0.4%,3.401,+0.0%,51.52,15.1,+3.3%,+5.1%,-6.8%,+25.2%
GSK,Extended,Pharma / Med Devices,Health Care,"Pharmaceuticals, Biotechnology",Adj,Dec,EPS,CY2026,3.631,3.675,+1.2%,3.574,-2.7%,3.589,+0.4%,51.52,14.4,-1.2%,+5.1%,-6.8%,+25.2%
GSK,Extended,Pharma / Med Devices,Health Care,"Pharmaceuticals, Biotechnology",Adj,Dec,EPS,CY2027,3.935,3.995,+1.5%,3.898,-2.4%,3.961,+1.6%,51.52,13.0,+0.7%,+5.1%,-6.8%,+25.2%
GSK,Extended,Pharma / Med Devices,Health Care,"Pharmaceuticals, Biotechnology",Adj,Dec,EPS,CY2028,4.07,4.228,+3.9%,4.101,-3.0%,4.048,-1.3%,51.52,12.7,-0.5%,+5.1%,-6.8%,+25.2%
BHC,Extended,Pharma / Med Devices,Health Care,"Pharmaceuticals, Biotechnology",Adj,Dec,EPS,CY2025,3.982,3.83,-3.8%,3.843,+0.3%,3.843,+0.0%,5.37,1.4,-3.5%,-22.7%,-3.6%,+16.0%
BHC,Extended,Pharma / Med Devices,Health Care,"Pharmaceuticals, Biotechnology",Adj,Dec,EPS,CY2026,4.38,4.138,-5.5%,4.225,+2.1%,4.328,+2.4%,5.37,1.2,-1.2%,-22.7%,-3.6%,+16.0%
BHC,Extended,Pharma / Med Devices,Health Care,"Pharmaceuticals, Biotechnology",Adj,Dec,EPS,CY2027,4.68,3.738,-20.1%,3.957,+5.9%,4.2,+6.1%,5.37,1.3,-10.3%,-22.7%,-3.6%,+16.0%
BHC,Extended,Pharma / Med Devices,Health Care,"Pharmaceuticals, Biotechnology",Adj,Dec,EPS,CY2028,3.69,3.457,-6.3%,3.273,-5.3%,3.1,-5.3%,5.37,1.7,-16.0%,-22.7%,-3.6%,+16.0%
TEVA,Extended,Pharma / Med Devices,Health Care,"Pharmaceuticals, Biotechnology",Adj,Dec,EPS,CY2025,2.554,2.62,+2.6%,2.607,-0.5%,2.607,+0.0%,34.19,13.1,+2.1%,+9.5%,+7.7%,+98.2%
TEVA,Extended,Pharma / Med Devices,Health Care,"Pharmaceuticals, Biotechnology",Adj,Dec,EPS,CY2026,2.744,2.769,+0.9%,2.711,-2.1%,2.331,-14.0%,34.19,14.7,-15.1%,+9.5%,+7.7%,+98.2%
TEVA,Extended,Pharma / Med Devices,Health Care,"Pharmaceuticals, Biotechnology",Adj,Dec,EPS,CY2027,3.03,3.114,+2.8%,3.089,-0.8%,3.098,+0.3%,34.19,11.0,+2.2%,+9.5%,+7.7%,+98.2%
TEVA,Extended,Pharma / Med Devices,Health Care,"Pharmaceuticals, Biotechnology",Adj,Dec,EPS,CY2028,3.24,3.225,-0.5%,3.444,+6.8%,3.456,+0.3%,34.19,9.9,+6.7%,+9.5%,+7.7%,+98.2%
BMY,Extended,Pharma / Med Devices,Health Care,"Pharmaceuticals, Biotechnology",Adj,Dec,EPS,CY2025,6.791,6.526,-3.9%,6.016,-7.8%,6.016,+0.0%,57.27,9.5,-11.4%,+6.2%,-5.7%,+19.7%
BMY,Extended,Pharma / Med Devices,Health Care,"Pharmaceuticals, Biotechnology",Adj,Dec,EPS,CY2026,6.079,6.022,-0.9%,6.236,+3.6%,6.313,+1.2%,57.27,9.1,+3.8%,+6.2%,-5.7%,+19.7%
BMY,Extended,Pharma / Med Devices,Health Care,"Pharmaceuticals, Biotechnology",Adj,Dec,EPS,CY2027,5.951,5.877,-1.2%,6.11,+4.0%,6.151,+0.7%,57.27,9.3,+3.4%,+6.2%,-5.7%,+19.7%
BMY,Extended,Pharma / Med Devices,Health Care,"Pharmaceuticals, Biotechnology",Adj,Dec,EPS,CY2028,5.501,5.466,-0.6%,5.436,-0.5%,5.363,-1.3%,57.27,10.7,-2.5%,+6.2%,-5.7%,+19.7%
ALGN,Extended,Pharma / Med Devices,Health Care,Health Care Equipment & Servic,Adj,Dec,EPS,CY2025,10.296,10.192,-1.0%,10.185,-0.1%,10.185,+0.0%,167.74,16.5,-1.1%,+7.4%,-4.5%,-6.9%
ALGN,Extended,Pharma / Med Devices,Health Care,Health Care Equipment & Servic,Adj,Dec,EPS,CY2026,11.243,10.91,-3.0%,11.289,+3.5%,11.372,+0.7%,167.74,14.8,+1.1%,+7.4%,-4.5%,-6.9%
ALGN,Extended,Pharma / Med Devices,Health Care,Health Care Equipment & Servic,Adj,Dec,EPS,CY2027,12.448,11.86,-4.7%,12.256,+3.3%,12.373,+1.0%,167.74,13.6,-0.6%,+7.4%,-4.5%,-6.9%
ALGN,Extended,Pharma / Med Devices,Health Care,Health Care Equipment & Servic,Adj,Dec,EPS,CY2028,13.693,12.895,-5.8%,13.4,+3.9%,13.634,+1.7%,167.74,12.3,-0.4%,+7.4%,-4.5%,-6.9%
ZBH,Extended,Pharma / Med Devices,Health Care,Health Care Equipment & Servic,Adj,Dec,EPS,CY2025,7.98,8.17,+2.4%,8.173,+0.0%,8.173,+0.0%,87.33,10.7,+2.4%,-2.9%,-6.5%,-5.0%
ZBH,Extended,Pharma / Med Devices,Health Care,Health Care Equipment & Servic,Adj,Dec,EPS,CY2026,8.347,8.514,+2.0%,8.403,-1.3%,8.479,+0.9%,87.33,10.3,+1.6%,-2.9%,-6.5%,-5.0%
ZBH,Extended,Pharma / Med Devices,Health Care,Health Care Equipment & Servic,Adj,Dec,EPS,CY2027,9.054,9.121,+0.7%,9.001,-1.3%,9.006,+0.1%,87.33,9.7,-0.5%,-2.9%,-6.5%,-5.0%
ZBH,Extended,Pharma / Med Devices,Health Care,Health Care Equipment & Servic,Adj,Dec,EPS,CY2028,9.686,9.735,+0.5%,9.529,-2.1%,9.606,+0.8%,87.33,9.1,-0.8%,-2.9%,-6.5%,-5.0%
XRAY,Extended,Pharma / Med Devices,Health Care,Health Care Equipment & Servic,Adj,Dec,EPS,CY2025,1.893,1.605,-15.2%,1.601,-0.2%,1.601,+0.0%,10.0,6.2,-15.4%,-12.5%,-25.0%,-37.1%
XRAY,Extended,Pharma / Med Devices,Health Care,Health Care Equipment & Servic,Adj,Dec,EPS,CY2026,2.045,1.565,-23.5%,1.433,-8.4%,1.421,-0.8%,10.0,7.0,-30.5%,-12.5%,-25.0%,-37.1%
XRAY,Extended,Pharma / Med Devices,Health Care,Health Care Equipment & Servic,Adj,Dec,EPS,CY2027,2.253,1.771,-21.4%,1.554,-12.3%,1.551,-0.2%,10.0,6.4,-31.2%,-12.5%,-25.0%,-37.1%
XRAY,Extended,Pharma / Med Devices,Health Care,Health Care Equipment & Servic,Adj,Dec,EPS,CY2028,2.46,1.94,-21.1%,1.726,-11.0%,1.712,-0.8%,10.0,5.8,-30.4%,-12.5%,-25.0%,-37.1%
SYK,Extended,Pharma / Med Devices,Health Care,Health Care Equipment & Servic,Adj,Dec,EPS,CY2025,13.354,13.552,+1.5%,13.558,+0.0%,13.558,+0.0%,305.66,22.5,+1.5%,-13.0%,-17.5%,-20.2%
SYK,Extended,Pharma / Med Devices,Health Care,Health Care Equipment & Servic,Adj,Dec,EPS,CY2026,14.823,14.945,+0.8%,15.013,+0.5%,14.983,-0.2%,305.66,20.4,+1.1%,-13.0%,-17.5%,-20.2%
SYK,Extended,Pharma / Med Devices,Health Care,Health Care Equipment & Servic,Adj,Dec,EPS,CY2027,16.586,16.731,+0.9%,16.746,+0.1%,16.735,-0.1%,305.66,18.3,+0.9%,-13.0%,-17.5%,-20.2%
SYK,Extended,Pharma / Med Devices,Health Care,Health Care Equipment & Servic,Adj,Dec,EPS,CY2028,18.033,18.436,+2.2%,18.606,+0.9%,18.61,+0.0%,305.66,16.4,+3.2%,-13.0%,-17.5%,-20.2%
GILD,Extended,Pharma / Med Devices,Health Care,"Pharmaceuticals, Biotechnology",Adj,Dec,EPS,CY2025,7.984,8.175,+2.4%,8.089,-1.1%,8.089,+0.0%,129.16,16.0,+1.3%,+5.2%,-11.0%,+16.9%
GILD,Extended,Pharma / Med Devices,Health Care,"Pharmaceuticals, Biotechnology",Adj,Dec,EPS,CY2026,8.459,8.695,+2.8%,8.706,+0.1%,-0.823,-109.5%,129.16,-156.9,-109.7%,+5.2%,-11.0%,+16.9%
GILD,Extended,Pharma / Med Devices,Health Care,"Pharmaceuticals, Biotechnology",Adj,Dec,EPS,CY2027,9.087,9.311,+2.5%,9.655,+3.7%,9.571,-0.9%,129.16,13.5,+5.3%,+5.2%,-11.0%,+16.9%
GILD,Extended,Pharma / Med Devices,Health Care,"Pharmaceuticals, Biotechnology",Adj,Dec,EPS,CY2028,9.659,10.006,+3.6%,10.465,+4.6%,10.359,-1.0%,129.16,12.5,+7.2%,+5.2%,-11.0%,+16.9%
GRF,Extended,Pharma / Med Devices,Health Care,"Pharmaceuticals, Biotechnology",Adj,Dec,EPS,CY2025,0.842,0.722,-14.3%,0.736,+1.9%,0.736,+0.0%,9.058,12.3,-12.6%,-15.3%,-13.0%,-12.0%
GRF,Extended,Pharma / Med Devices,Health Care,"Pharmaceuticals, Biotechnology",Adj,Dec,EPS,CY2026,1.084,0.925,-14.7%,0.927,+0.2%,0.879,-5.2%,9.058,10.3,-18.9%,-15.3%,-13.0%,-12.0%
GRF,Extended,Pharma / Med Devices,Health Care,"Pharmaceuticals, Biotechnology",Adj,Dec,EPS,CY2027,1.253,1.172,-6.5%,1.182,+0.9%,1.122,-5.1%,9.058,8.1,-10.5%,-15.3%,-13.0%,-12.0%
GRF,Extended,Pharma / Med Devices,Health Care,"Pharmaceuticals, Biotechnology",Adj,Dec,EPS,CY2028,1.5,1.3,-13.3%,1.386,+6.6%,1.432,+3.3%,9.058,6.3,-4.5%,-15.3%,-13.0%,-12.0%
CSL,Extended,Pharma / Med Devices,Health Care,"Pharmaceuticals, Biotechnology",Adj,Jun,EPS,CY2025,6.496,6.534,+0.6%,6.534,+0.0%,6.534,+0.0%,97.91,15.0,+0.6%,-43.3%,-33.1%,-59.5%
CSL,Extended,Pharma / Med Devices,Health Care,"Pharmaceuticals, Biotechnology",Adj,Jun,EPS,CY2026,7.327,7.008,-4.4%,6.947,-0.9%,6.355,-8.5%,97.91,15.4,-13.3%,-43.3%,-33.1%,-59.5%
CSL,Extended,Pharma / Med Devices,Health Care,"Pharmaceuticals, Biotechnology",Adj,Jun,EPS,CY2027,8.442,7.618,-9.8%,7.455,-2.1%,6.508,-12.7%,97.91,15.0,-22.9%,-43.3%,-33.1%,-59.5%
CSL,Extended,Pharma / Med Devices,Health Care,"Pharmaceuticals, Biotechnology",Adj,Jun,EPS,CY2028,9.46,8.366,-11.6%,8.023,-4.1%,6.916,-13.8%,97.91,14.2,-26.9%,-43.3%,-33.1%,-59.5%
PRGO,Extended,Pharma / Med Devices,Health Care,"Pharmaceuticals, Biotechnology",Adj,Dec,EPS,CY2025,3.017,2.818,-6.6%,2.773,-1.6%,2.773,+0.0%,10.83,3.9,-8.1%,-22.2%,-3.3%,-58.3%
PRGO,Extended,Pharma / Med Devices,Health Care,"Pharmaceuticals, Biotechnology",Adj,Dec,EPS,CY2026,3.264,2.922,-10.5%,2.11,-27.8%,2.098,-0.6%,10.83,5.2,-35.7%,-22.2%,-3.3%,-58.3%
PRGO,Extended,Pharma / Med Devices,Health Care,"Pharmaceuticals, Biotechnology",Adj,Dec,EPS,CY2027,3.488,3.06,-12.3%,2.528,-17.4%,2.378,-5.9%,10.83,4.6,-31.8%,-22.2%,-3.3%,-58.3%
PRGO,Extended,Pharma / Med Devices,Health Care,"Pharmaceuticals, Biotechnology",Adj,Dec,EPS,CY2028,3.76,3.38,-10.1%,2.755,-18.5%,2.647,-3.9%,10.83,4.1,-29.6%,-22.2%,-3.3%,-58.3%
DXCM,Extended,Pharma / Med Devices,Health Care,Health Care Equipment & Servic,Adj,Dec,EPS,CY2025,2.037,2.068,+1.5%,2.07,+0.1%,2.07,+0.0%,72.86,35.2,+1.6%,+9.8%,+3.1%,-15.0%
DXCM,Extended,Pharma / Med Devices,Health Care,Health Care Equipment & Servic,Adj,Dec,EPS,CY2026,2.47,2.467,-0.1%,2.491,+1.0%,2.58,+3.6%,72.86,28.2,+4.5%,+9.8%,+3.1%,-15.0%
DXCM,Extended,Pharma / Med Devices,Health Care,Health Care Equipment & Servic,Adj,Dec,EPS,CY2027,3.003,2.96,-1.4%,2.98,+0.7%,3.06,+2.7%,72.86,23.8,+1.9%,+9.8%,+3.1%,-15.0%
DXCM,Extended,Pharma / Med Devices,Health Care,Health Care Equipment & Servic,Adj,Dec,EPS,CY2028,3.58,3.559,-0.6%,3.547,-0.3%,3.481,-1.9%,72.86,20.9,-2.8%,+9.8%,+3.1%,-15.0%
PODD,Extended,Pharma / Med Devices,Health Care,Health Care Equipment & Servic,Adj,Dec,EPS,CY2025,4.293,4.758,+10.8%,4.77,+0.3%,4.77,+0.0%,153.22,32.1,+11.1%,-46.1%,-36.4%,-51.7%
PODD,Extended,Pharma / Med Devices,Health Care,Health Care Equipment & Servic,Adj,Dec,EPS,CY2026,5.392,6.187,+14.7%,6.306,+1.9%,6.453,+2.3%,153.22,23.7,+19.7%,-46.1%,-36.4%,-51.7%
PODD,Extended,Pharma / Med Devices,Health Care,Health Care Equipment & Servic,Adj,Dec,EPS,CY2027,6.666,7.803,+17.1%,8.037,+3.0%,8.038,+0.0%,153.22,19.1,+20.6%,-46.1%,-36.4%,-51.7%
PODD,Extended,Pharma / Med Devices,Health Care,Health Care Equipment & Servic,Adj,Dec,EPS,CY2028,7.8,9.664,+23.9%,10.217,+5.7%,10.149,-0.7%,153.22,15.1,+30.1%,-46.1%,-36.4%,-51.7%
MASI,Extended,Pharma / Med Devices,Health Care,Health Care Equipment & Servic,Adj,Dec,EPS,CY2025,5.012,5.484,+9.4%,5.33,-2.8%,5.33,+0.0%,178.82,33.5,+6.3%,+37.5%,+1.9%,+8.6%
MASI,Extended,Pharma / Med Devices,Health Care,Health Care Equipment & Servic,Adj,Dec,EPS,CY2026,5.41,5.705,+5.5%,5.787,+1.4%,5.87,+1.4%,178.82,30.5,+8.5%,+37.5%,+1.9%,+8.6%
MASI,Extended,Pharma / Med Devices,Health Care,Health Care Equipment & Servic,Adj,Dec,EPS,CY2027,6.184,6.516,+5.4%,6.45,-1.0%,6.59,+2.2%,178.82,27.1,+6.6%,+37.5%,+1.9%,+8.6%
MASI,Extended,Pharma / Med Devices,Health Care,Health Care Equipment & Servic,Adj,Dec,EPS,CY2028,6.68,7.395,+10.7%,7.93,+7.2%,7.93,+0.0%,178.82,22.5,+18.7%,+37.5%,+1.9%,+8.6%
UTHR,Extended,Pharma / Med Devices,Health Care,"Pharmaceuticals, Biotechnology",Adj,Dec,EPS,CY2025,28.431,28.118,-1.1%,27.958,-0.6%,27.958,+0.0%,549.87,19.7,-1.7%,+12.9%,+13.4%,+72.0%
UTHR,Extended,Pharma / Med Devices,Health Care,"Pharmaceuticals, Biotechnology",Adj,Dec,EPS,CY2026,28.955,29.232,+1.0%,29.765,+1.8%,28.395,-4.6%,549.87,19.4,-1.9%,+12.9%,+13.4%,+72.0%
UTHR,Extended,Pharma / Med Devices,Health Care,"Pharmaceuticals, Biotechnology",Adj,Dec,EPS,CY2027,29.516,30.949,+4.9%,32.782,+5.9%,32.295,-1.5%,549.87,17.0,+9.4%,+12.9%,+13.4%,+72.0%
UTHR,Extended,Pharma / Med Devices,Health Care,"Pharmaceuticals, Biotechnology",Adj,Dec,EPS,CY2028,36.77,39.778,+8.2%,38.913,-2.2%,40.6,+4.3%,549.87,13.5,+10.4%,+12.9%,+13.4%,+72.0%
HOLX,Extended,Pharma / Med Devices,Health Care,Health Care Equipment & Servic,Adj,Sep,EPS,CY2025,4.182,4.239,+1.4%,4.239,+0.0%,4.239,+0.0%,,,+1.4%,,,
HOLX,Extended,Pharma / Med Devices,Health Care,Health Care Equipment & Servic,Adj,Sep,EPS,CY2026,4.51,4.522,+0.3%,4.417,-2.3%,4.473,+1.3%,,,-0.8%,,,
HOLX,Extended,Pharma / Med Devices,Health Care,Health Care Equipment & Servic,Adj,Sep,EPS,CY2027,4.986,5.004,+0.4%,4.825,-3.6%,4.86,+0.7%,,,-2.5%,,,
HOLX,Extended,Pharma / Med Devices,Health Care,Health Care Equipment & Servic,Adj,Sep,EPS,CY2028,5.442,5.43,-0.2%,5.261,-3.1%,5.323,+1.2%,,,-2.2%,,,
MDT,Extended,Pharma / Med Devices,Health Care,Health Care Equipment & Servic,Adj,Apr,EPS,CY2025,5.455,5.455,+0.0%,5.455,+0.0%,5.455,+0.0%,81.67,15.0,+0.0%,-15.0%,-12.2%,-6.1%
MDT,Extended,Pharma / Med Devices,Health Care,Health Care Equipment & Servic,Adj,Apr,EPS,CY2026,5.552,5.66,+1.9%,5.644,-0.3%,5.519,-2.2%,81.67,14.8,-0.6%,-15.0%,-12.2%,-6.1%
MDT,Extended,Pharma / Med Devices,Health Care,Health Care Equipment & Servic,Adj,Apr,EPS,CY2027,5.982,6.098,+1.9%,6.102,+0.1%,5.978,-2.0%,81.67,13.7,-0.1%,-15.0%,-12.2%,-6.1%
MDT,Extended,Pharma / Med Devices,Health Care,Health Care Equipment & Servic,Adj,Apr,EPS,CY2028,6.441,6.525,+1.3%,6.553,+0.4%,6.419,-2.0%,81.67,12.7,-0.3%,-15.0%,-12.2%,-6.1%
COO,Extended,Pharma / Med Devices,Health Care,Health Care Equipment & Servic,Adj,Oct,EPS,CY2025,4.07,4.095,+0.6%,4.095,+0.0%,4.095,+0.0%,67.34,16.4,+0.6%,-17.8%,-16.0%,-5.4%
COO,Extended,Pharma / Med Devices,Health Care,Health Care Equipment & Servic,Adj,Oct,EPS,CY2026,4.414,4.492,+1.8%,4.596,+2.3%,4.618,+0.5%,67.34,14.6,+4.6%,-17.8%,-16.0%,-5.4%
COO,Extended,Pharma / Med Devices,Health Care,Health Care Equipment & Servic,Adj,Oct,EPS,CY2027,4.838,4.92,+1.7%,5.012,+1.9%,5.0,-0.2%,67.34,13.5,+3.3%,-17.8%,-16.0%,-5.4%
COO,Extended,Pharma / Med Devices,Health Care,Health Care Equipment & Servic,Adj,Oct,EPS,CY2028,5.255,5.378,+2.3%,5.469,+1.7%,5.436,-0.6%,67.34,12.4,+3.4%,-17.8%,-16.0%,-5.4%
ELAN,Extended,Pharma / Med Devices,Health Care,"Pharmaceuticals, Biotechnology",Adj,Dec,EPS,CY2025,0.842,0.931,+10.6%,0.862,-7.4%,0.862,+0.0%,23.63,27.4,+2.4%,+4.4%,-1.2%,+75.9%
ELAN,Extended,Pharma / Med Devices,Health Care,"Pharmaceuticals, Biotechnology",Adj,Dec,EPS,CY2026,0.955,1.036,+8.5%,1.036,+0.0%,1.057,+2.0%,23.63,22.4,+10.7%,+4.4%,-1.2%,+75.9%
ELAN,Extended,Pharma / Med Devices,Health Care,"Pharmaceuticals, Biotechnology",Adj,Dec,EPS,CY2027,1.085,1.158,+6.7%,1.174,+1.4%,1.189,+1.3%,23.63,19.9,+9.6%,+4.4%,-1.2%,+75.9%
ELAN,Extended,Pharma / Med Devices,Health Care,"Pharmaceuticals, Biotechnology",Adj,Dec,EPS,CY2028,1.269,1.359,+7.1%,1.329,-2.2%,1.362,+2.5%,23.63,17.3,+7.3%,+4.4%,-1.2%,+75.9%
XOM,Extended,Energy,Energy,Energy,GAAP,Dec,EPS,CY2025,6.458,6.906,+6.9%,6.913,+0.1%,6.913,+0.0%,149.92,21.7,+7.0%,+24.6%,-0.6%,+47.2%
XOM,Extended,Energy,Energy,Energy,GAAP,Dec,EPS,CY2026,7.636,7.385,-3.3%,6.841,-7.4%,11.187,+63.5%,149.92,13.4,+46.5%,+24.6%,-0.6%,+47.2%
XOM,Extended,Energy,Energy,Energy,GAAP,Dec,EPS,CY2027,9.653,9.101,-5.7%,8.43,-7.4%,10.58,+25.5%,149.92,14.2,+9.6%,+24.6%,-0.6%,+47.2%
XOM,Extended,Energy,Energy,Energy,GAAP,Dec,EPS,CY2028,10.58,10.061,-4.9%,9.811,-2.5%,11.05,+12.6%,149.92,13.6,+4.4%,+24.6%,-0.6%,+47.2%
CVX,Extended,Energy,Energy,Energy,GAAP,Dec,EPS,CY2025,8.013,7.29,-9.0%,7.125,-2.3%,7.125,+0.0%,187.31,26.3,-11.1%,+22.9%,-1.4%,+36.8%
CVX,Extended,Energy,Energy,Energy,GAAP,Dec,EPS,CY2026,9.934,7.72,-22.3%,6.77,-12.3%,14.644,+116.3%,187.31,12.8,+47.4%,+22.9%,-1.4%,+36.8%
CVX,Extended,Energy,Energy,Energy,GAAP,Dec,EPS,CY2027,12.077,10.093,-16.4%,9.225,-8.6%,12.568,+36.2%,187.31,14.9,+4.1%,+22.9%,-1.4%,+36.8%
CVX,Extended,Energy,Energy,Energy,GAAP,Dec,EPS,CY2028,12.512,11.35,-9.3%,10.966,-3.4%,13.048,+19.0%,187.31,14.4,+4.3%,+22.9%,-1.4%,+36.8%
PSX,Extended,Energy,Energy,Energy,Adj,Dec,EPS,CY2025,4.864,6.582,+35.3%,6.149,-6.6%,6.149,+0.0%,183.08,29.8,+26.4%,+41.9%,+10.0%,+63.1%
PSX,Extended,Energy,Energy,Energy,Adj,Dec,EPS,CY2026,10.268,12.081,+17.7%,11.375,-5.8%,17.483,+53.7%,183.08,10.5,+70.3%,+41.9%,+10.0%,+63.1%
PSX,Extended,Energy,Energy,Energy,Adj,Dec,EPS,CY2027,11.603,12.653,+9.0%,12.618,-0.3%,17.154,+35.9%,183.08,10.7,+47.8%,+41.9%,+10.0%,+63.1%
PSX,Extended,Energy,Energy,Energy,Adj,Dec,EPS,CY2028,12.404,14.092,+13.6%,13.118,-6.9%,16.709,+27.4%,183.08,11.0,+34.7%,+41.9%,+10.0%,+63.1%
VLO,Extended,Energy,Energy,Energy,Adj,Dec,EPS,CY2025,6.741,9.953,+47.6%,10.083,+1.3%,10.083,+0.0%,255.82,25.4,+49.6%,+57.1%,+12.2%,+101.6%
VLO,Extended,Energy,Energy,Energy,Adj,Dec,EPS,CY2026,9.766,12.998,+33.1%,13.02,+0.2%,28.092,+115.8%,255.82,9.1,+187.7%,+57.1%,+12.2%,+101.6%
VLO,Extended,Energy,Energy,Energy,Adj,Dec,EPS,CY2027,11.76,13.051,+11.0%,13.358,+2.4%,21.991,+64.6%,255.82,11.6,+87.0%,+57.1%,+12.2%,+101.6%
VLO,Extended,Energy,Energy,Energy,Adj,Dec,EPS,CY2028,13.282,14.053,+5.8%,15.045,+7.1%,20.48,+36.1%,255.82,12.5,+54.2%,+57.1%,+12.2%,+101.6%
MPC,Extended,Energy,Energy,Energy,Adj,Dec,EPS,CY2025,7.998,10.607,+32.6%,9.713,-8.4%,9.713,+0.0%,262.01,27.0,+21.4%,+61.1%,+20.5%,+65.6%
MPC,Extended,Energy,Energy,Energy,Adj,Dec,EPS,CY2026,11.71,15.234,+30.1%,13.913,-8.7%,30.041,+115.9%,262.01,8.7,+156.5%,+61.1%,+20.5%,+65.6%
MPC,Extended,Energy,Energy,Energy,Adj,Dec,EPS,CY2027,13.144,14.431,+9.8%,14.306,-0.9%,24.72,+72.8%,262.01,10.6,+88.1%,+61.1%,+20.5%,+65.6%
MPC,Extended,Energy,Energy,Energy,Adj,Dec,EPS,CY2028,13.774,16.78,+21.8%,14.99,-10.7%,21.254,+41.8%,262.01,12.3,+54.3%,+61.1%,+20.5%,+65.6%
KMI,Extended,Energy,Energy,Energy,Adj,Dec,EPS,CY2025,1.262,1.278,+1.3%,1.276,-0.2%,1.276,+0.0%,31.68,24.8,+1.1%,+15.2%,-5.1%,+12.2%
KMI,Extended,Energy,Energy,Energy,Adj,Dec,EPS,CY2026,1.356,1.354,-0.1%,1.353,-0.1%,1.469,+8.6%,31.68,21.6,+8.3%,+15.2%,-5.1%,+12.2%
KMI,Extended,Energy,Energy,Energy,Adj,Dec,EPS,CY2027,1.456,1.448,-0.5%,1.454,+0.4%,1.51,+3.9%,31.68,21.0,+3.7%,+15.2%,-5.1%,+12.2%
KMI,Extended,Energy,Energy,Energy,Adj,Dec,EPS,CY2028,1.684,1.495,-11.2%,1.55,+3.7%,1.651,+6.5%,31.68,19.2,-2.0%,+15.2%,-5.1%,+12.2%
HAL,Extended,Energy,Energy,Energy,Adj,Dec,EPS,CY2025,2.353,2.266,-3.7%,2.265,-0.0%,2.265,+0.0%,39.18,17.3,-3.7%,+38.6%,+14.7%,+96.4%
HAL,Extended,Energy,Energy,Energy,Adj,Dec,EPS,CY2026,2.637,2.226,-15.6%,2.238,+0.5%,2.358,+5.4%,39.18,16.6,-10.6%,+38.6%,+14.7%,+96.4%
HAL,Extended,Energy,Energy,Energy,Adj,Dec,EPS,CY2027,2.962,2.633,-11.1%,2.696,+2.4%,2.906,+7.8%,39.18,13.5,-1.9%,+38.6%,+14.7%,+96.4%
HAL,Extended,Energy,Energy,Energy,Adj,Dec,EPS,CY2028,3.28,3.043,-7.2%,3.191,+4.9%,3.421,+7.2%,39.18,11.5,+4.3%,+38.6%,+14.7%,+96.4%
LNG,Extended,Energy,Energy,Energy,Adj,Dec,EPS,CY2025,11.597,17.048,+47.0%,17.54,+2.9%,17.54,+0.0%,238.82,13.6,+51.2%,+22.9%,-4.3%,-2.1%
LNG,Extended,Energy,Energy,Energy,Adj,Dec,EPS,CY2026,14.455,14.494,+0.3%,14.535,+0.3%,7.178,-50.6%,238.82,33.3,-50.3%,+22.9%,-4.3%,-2.1%
LNG,Extended,Energy,Energy,Energy,Adj,Dec,EPS,CY2027,13.895,14.427,+3.8%,14.43,+0.0%,16.454,+14.0%,238.82,14.5,+18.4%,+22.9%,-4.3%,-2.1%
LNG,Extended,Energy,Energy,Energy,Adj,Dec,EPS,CY2028,14.316,15.326,+7.1%,14.399,-6.0%,15.26,+6.0%,238.82,15.7,+6.6%,+22.9%,-4.3%,-2.1%
OII,Extended,Energy,Energy,Energy,Adj,Dec,EPS,CY2025,1.677,1.83,+9.1%,1.743,-4.8%,1.743,+0.0%,37.15,21.3,+3.9%,+54.6%,+7.9%,+85.0%
OII,Extended,Energy,Energy,Energy,Adj,Dec,EPS,CY2026,1.752,1.795,+2.5%,1.828,+1.8%,1.815,-0.7%,37.15,20.5,+3.6%,+54.6%,+7.9%,+85.0%
OII,Extended,Energy,Energy,Energy,Adj,Dec,EPS,CY2027,1.978,2.123,+7.3%,2.114,-0.4%,2.193,+3.7%,37.15,16.9,+10.9%,+54.6%,+7.9%,+85.0%
OII,Extended,Energy,Energy,Energy,Adj,Dec,EPS,CY2028,,2.56,,2.58,+0.8%,2.86,+10.9%,37.15,13.0,,+54.6%,+7.9%,+85.0%
NOV,Extended,Energy,Energy,Energy,Adj,Dec,EPS,CY2025,1.155,0.957,-17.1%,0.937,-2.1%,0.937,+0.0%,20.14,21.5,-18.9%,+29.4%,+6.8%,+64.7%
NOV,Extended,Energy,Energy,Energy,Adj,Dec,EPS,CY2026,1.344,1.121,-16.6%,1.035,-7.7%,0.824,-20.4%,20.14,24.4,-38.7%,+29.4%,+6.8%,+64.7%
NOV,Extended,Energy,Energy,Energy,Adj,Dec,EPS,CY2027,1.479,1.334,-9.8%,1.282,-3.9%,1.31,+2.2%,20.14,15.4,-11.4%,+29.4%,+6.8%,+64.7%
NOV,Extended,Energy,Energy,Energy,Adj,Dec,EPS,CY2028,1.61,1.493,-7.3%,1.586,+6.2%,1.545,-2.6%,20.14,13.0,-4.0%,+29.4%,+6.8%,+64.7%
AR,Extended,Energy,Energy,Energy,Adj,Dec,EPS,CY2025,3.108,1.806,-41.9%,1.809,+0.2%,1.809,+0.0%,35.56,19.7,-41.8%,+3.2%,-8.6%,-4.4%
AR,Extended,Energy,Energy,Energy,Adj,Dec,EPS,CY2026,4.015,3.049,-24.1%,3.29,+7.9%,4.573,+39.0%,35.56,7.8,+13.9%,+3.2%,-8.6%,-4.4%
AR,Extended,Energy,Energy,Energy,Adj,Dec,EPS,CY2027,3.636,3.504,-3.6%,3.847,+9.8%,4.658,+21.1%,35.56,7.6,+28.1%,+3.2%,-8.6%,-4.4%
AR,Extended,Energy,Energy,Energy,Adj,Dec,EPS,CY2028,3.498,3.288,-6.0%,4.348,+32.2%,5.108,+17.5%,35.56,7.0,+46.0%,+3.2%,-8.6%,-4.4%
SLB,Extended,Energy,Energy,Energy,Adj,Dec,EPS,CY2025,3.14,2.868,-8.7%,2.866,-0.1%,2.866,+0.0%,54.87,19.1,-8.7%,+43.0%,+15.8%,+65.9%
SLB,Extended,Energy,Energy,Energy,Adj,Dec,EPS,CY2026,3.373,2.941,-12.8%,2.913,-1.0%,2.58,-11.4%,54.87,21.3,-23.5%,+43.0%,+15.8%,+65.9%
SLB,Extended,Energy,Energy,Energy,Adj,Dec,EPS,CY2027,3.794,3.362,-11.4%,3.367,+0.1%,3.321,-1.4%,54.87,16.5,-12.5%,+43.0%,+15.8%,+65.9%
SLB,Extended,Energy,Energy,Energy,Adj,Dec,EPS,CY2028,4.124,3.764,-8.7%,3.771,+0.2%,3.913,+3.8%,54.87,14.0,-5.1%,+43.0%,+15.8%,+65.9%
CLB,Extended,Energy,Energy,Energy,Adj,Dec,EPS,CY2025,0.746,0.813,+9.0%,0.813,+0.0%,0.813,+0.0%,12.93,15.9,+9.0%,-19.3%,-19.7%,+17.9%
CLB,Extended,Energy,Energy,Energy,Adj,Dec,EPS,CY2026,0.845,0.817,-3.3%,0.77,-5.8%,0.527,-31.6%,12.93,24.5,-37.6%,-19.3%,-19.7%,+17.9%
CLB,Extended,Energy,Energy,Energy,Adj,Dec,EPS,CY2027,1.047,1.04,-0.7%,0.835,-19.7%,0.827,-1.0%,12.93,15.6,-21.0%,-19.3%,-19.7%,+17.9%
CLB,Extended,Energy,Energy,Energy,Adj,Dec,EPS,CY2028,,,,,,,,12.93,,,-19.3%,-19.7%,+17.9%
KO,Extended,Cons. staples,Consumer Staples,"Food, Beverage & Tobacco",GAAP,Dec,EPS,CY2025,2.967,2.989,+0.7%,2.99,+0.0%,2.99,+0.0%,79.48,26.6,+0.8%,+13.7%,+3.2%,+12.1%
KO,Extended,Cons. staples,Consumer Staples,"Food, Beverage & Tobacco",GAAP,Dec,EPS,CY2026,3.199,3.223,+0.8%,3.238,+0.5%,3.27,+1.0%,79.48,24.3,+2.2%,+13.7%,+3.2%,+12.1%
KO,Extended,Cons. staples,Consumer Staples,"Food, Beverage & Tobacco",GAAP,Dec,EPS,CY2027,3.446,3.453,+0.2%,3.457,+0.1%,3.48,+0.7%,79.48,22.8,+1.0%,+13.7%,+3.2%,+12.1%
KO,Extended,Cons. staples,Consumer Staples,"Food, Beverage & Tobacco",GAAP,Dec,EPS,CY2028,3.673,3.697,+0.7%,3.703,+0.2%,3.701,-0.1%,79.48,21.5,+0.8%,+13.7%,+3.2%,+12.1%
PEP,Extended,Cons. staples,Consumer Staples,"Food, Beverage & Tobacco",Adj,Dec,EPS,CY2025,7.928,8.117,+2.4%,8.114,-0.0%,8.114,+0.0%,141.92,17.5,+2.3%,-1.1%,-11.7%,+8.2%
PEP,Extended,Cons. staples,Consumer Staples,"Food, Beverage & Tobacco",Adj,Dec,EPS,CY2026,8.417,8.586,+2.0%,8.599,+0.2%,8.607,+0.1%,141.92,16.5,+2.3%,-1.1%,-11.7%,+8.2%
PEP,Extended,Cons. staples,Consumer Staples,"Food, Beverage & Tobacco",Adj,Dec,EPS,CY2027,8.963,9.091,+1.4%,9.163,+0.8%,9.137,-0.3%,141.92,15.5,+1.9%,-1.1%,-11.7%,+8.2%
PEP,Extended,Cons. staples,Consumer Staples,"Food, Beverage & Tobacco",Adj,Dec,EPS,CY2028,9.462,9.469,+0.1%,9.759,+3.1%,9.753,-0.1%,141.92,14.6,+3.1%,-1.1%,-11.7%,+8.2%
ABI,Extended,Cons. staples,Consumer Staples,"Food, Beverage & Tobacco",Adj,Dec,EPS,CY2025,3.684,3.699,+0.4%,3.672,-0.7%,3.672,+0.0%,67.7,18.4,-0.3%,+23.3%,+5.8%,+8.6%
ABI,Extended,Cons. staples,Consumer Staples,"Food, Beverage & Tobacco",Adj,Dec,EPS,CY2026,4.144,4.159,+0.4%,4.255,+2.3%,4.377,+2.9%,67.7,15.5,+5.6%,+23.3%,+5.8%,+8.6%
ABI,Extended,Cons. staples,Consumer Staples,"Food, Beverage & Tobacco",Adj,Dec,EPS,CY2027,4.657,4.705,+1.0%,4.855,+3.2%,4.809,-0.9%,67.7,14.1,+3.3%,+23.3%,+5.8%,+8.6%
ABI,Extended,Cons. staples,Consumer Staples,"Food, Beverage & Tobacco",Adj,Dec,EPS,CY2028,5.474,5.334,-2.6%,5.374,+0.7%,5.307,-1.2%,67.7,12.8,-3.1%,+23.3%,+5.8%,+8.6%
TAP,Extended,Cons. staples,Consumer Staples,"Food, Beverage & Tobacco",Adj,Dec,EPS,CY2025,6.037,5.39,-10.7%,5.36,-0.6%,5.36,+0.0%,39.06,7.3,-11.2%,-16.3%,-17.1%,-24.7%
TAP,Extended,Cons. staples,Consumer Staples,"Food, Beverage & Tobacco",Adj,Dec,EPS,CY2026,6.411,5.564,-13.2%,4.742,-14.8%,4.753,+0.2%,39.06,8.2,-25.9%,-16.3%,-17.1%,-24.7%
TAP,Extended,Cons. staples,Consumer Staples,"Food, Beverage & Tobacco",Adj,Dec,EPS,CY2027,6.763,5.787,-14.4%,5.045,-12.8%,4.954,-1.8%,39.06,7.9,-26.7%,-16.3%,-17.1%,-24.7%
TAP,Extended,Cons. staples,Consumer Staples,"Food, Beverage & Tobacco",Adj,Dec,EPS,CY2028,7.084,6.088,-14.1%,5.391,-11.4%,5.398,+0.1%,39.06,7.2,-23.8%,-16.3%,-17.1%,-24.7%
STZ,Extended,Cons. staples,Consumer Staples,"Food, Beverage & Tobacco",Adj,Feb,EPS,CY2025,12.736,11.523,-9.5%,11.607,+0.7%,11.638,+0.3%,140.91,12.1,-8.6%,+2.1%,-4.3%,-17.4%
STZ,Extended,Cons. staples,Consumer Staples,"Food, Beverage & Tobacco",Adj,Feb,EPS,CY2026,13.977,12.39,-11.4%,12.38,-0.1%,11.799,-4.7%,140.91,11.9,-15.6%,+2.1%,-4.3%,-17.4%
STZ,Extended,Cons. staples,Consumer Staples,"Food, Beverage & Tobacco",Adj,Feb,EPS,CY2027,14.901,13.025,-12.6%,13.019,-0.0%,12.408,-4.7%,140.91,11.4,-16.7%,+2.1%,-4.3%,-17.4%
STZ,Extended,Cons. staples,Consumer Staples,"Food, Beverage & Tobacco",Adj,Feb,EPS,CY2028,16.508,14.016,-15.1%,13.884,-0.9%,13.135,-5.4%,140.91,10.7,-20.4%,+2.1%,-4.3%,-17.4%
MNST,Extended,Cons. staples,Consumer Staples,"Food, Beverage & Tobacco",Adj,Dec,EPS,CY2025,1.856,1.982,+6.8%,1.998,+0.8%,1.998,+0.0%,89.55,44.8,+7.7%,+16.8%,+16.8%,+42.1%
MNST,Extended,Cons. staples,Consumer Staples,"Food, Beverage & Tobacco",Adj,Dec,EPS,CY2026,2.099,2.225,+6.0%,2.272,+2.1%,2.293,+0.9%,89.55,39.1,+9.2%,+16.8%,+16.8%,+42.1%
MNST,Extended,Cons. staples,Consumer Staples,"Food, Beverage & Tobacco",Adj,Dec,EPS,CY2027,2.274,2.488,+9.4%,2.56,+2.9%,2.588,+1.1%,89.55,34.6,+13.8%,+16.8%,+16.8%,+42.1%
MNST,Extended,Cons. staples,Consumer Staples,"Food, Beverage & Tobacco",Adj,Dec,EPS,CY2028,2.672,2.806,+5.0%,2.878,+2.6%,2.944,+2.3%,89.55,30.4,+10.2%,+16.8%,+16.8%,+42.1%
OR,Extended,Cons. staples,Consumer Staples,Household & Personal Products,GAAP,Dec,EPS,CY2025,12.627,12.438,-1.5%,12.461,+0.2%,12.461,+0.0%,375.5,30.1,-1.3%,+2.4%,+1.1%,-1.8%
OR,Extended,Cons. staples,Consumer Staples,Household & Personal Products,GAAP,Dec,EPS,CY2026,13.644,13.44,-1.5%,13.269,-1.3%,13.308,+0.3%,375.5,28.2,-2.5%,+2.4%,+1.1%,-1.8%
OR,Extended,Cons. staples,Consumer Staples,Household & Personal Products,GAAP,Dec,EPS,CY2027,14.767,14.509,-1.7%,14.404,-0.7%,14.509,+0.7%,375.5,25.9,-1.7%,+2.4%,+1.1%,-1.8%
OR,Extended,Cons. staples,Consumer Staples,Household & Personal Products,GAAP,Dec,EPS,CY2028,15.897,15.606,-1.8%,15.541,-0.4%,15.861,+2.1%,375.5,23.7,-0.2%,+2.4%,+1.1%,-1.8%
EL,Extended,Cons. staples,Consumer Staples,Household & Personal Products,Adj,Jun,EPS,CY2025,1.477,1.478,+0.1%,1.478,+0.0%,1.478,+0.0%,83.49,56.5,+0.1%,-20.3%,-12.9%,+23.8%
EL,Extended,Cons. staples,Consumer Staples,Household & Personal Products,Adj,Jun,EPS,CY2026,2.226,2.158,-3.1%,2.227,+3.2%,2.424,+8.8%,83.49,34.4,+8.9%,-20.3%,-12.9%,+23.8%
EL,Extended,Cons. staples,Consumer Staples,Household & Personal Products,Adj,Jun,EPS,CY2027,2.979,2.921,-1.9%,3.03,+3.7%,3.176,+4.8%,83.49,26.3,+6.6%,-20.3%,-12.9%,+23.8%
EL,Extended,Cons. staples,Consumer Staples,Household & Personal Products,Adj,Jun,EPS,CY2028,3.69,3.717,+0.7%,3.683,-0.9%,3.855,+4.7%,83.49,21.7,+4.5%,-20.3%,-12.9%,+23.8%
NESN,Extended,Cons. staples,Consumer Staples,"Food, Beverage & Tobacco",Adj,Dec,EPS,CY2025,4.366,4.273,-2.1%,4.291,+0.4%,4.291,+0.0%,76.96,17.9,-1.7%,-2.3%,-4.0%,-11.7%
NESN,Extended,Cons. staples,Consumer Staples,"Food, Beverage & Tobacco",Adj,Dec,EPS,CY2026,4.661,4.497,-3.5%,4.353,-3.2%,4.373,+0.5%,76.96,17.6,-6.2%,-2.3%,-4.0%,-11.7%
NESN,Extended,Cons. staples,Consumer Staples,"Food, Beverage & Tobacco",Adj,Dec,EPS,CY2027,4.991,4.797,-3.9%,4.63,-3.5%,4.664,+0.7%,76.96,16.5,-6.6%,-2.3%,-4.0%,-11.7%
NESN,Extended,Cons. staples,Consumer Staples,"Food, Beverage & Tobacco",Adj,Dec,EPS,CY2028,5.329,5.117,-4.0%,4.892,-4.4%,4.932,+0.8%,76.96,15.6,-7.4%,-2.3%,-4.0%,-11.7%
PG,Extended,Cons. staples,Consumer Staples,Household & Personal Products,GAAP,Jun,EPS,CY2025,6.525,6.431,-1.4%,6.431,+0.0%,6.431,+0.0%,146.54,22.8,-1.4%,+2.3%,-4.8%,-10.0%
PG,Extended,Cons. staples,Consumer Staples,Household & Personal Products,GAAP,Jun,EPS,CY2026,6.939,6.959,+0.3%,6.787,-2.5%,6.761,-0.4%,146.54,21.7,-2.6%,+2.3%,-4.8%,-10.0%
PG,Extended,Cons. staples,Consumer Staples,Household & Personal Products,GAAP,Jun,EPS,CY2027,7.38,7.286,-1.3%,7.198,-1.2%,7.017,-2.5%,146.54,20.9,-4.9%,+2.3%,-4.8%,-10.0%
PG,Extended,Cons. staples,Consumer Staples,Household & Personal Products,GAAP,Jun,EPS,CY2028,7.823,7.67,-2.0%,7.621,-0.6%,7.494,-1.7%,146.54,19.6,-4.2%,+2.3%,-4.8%,-10.0%
UNA,Extended,Cons. staples,Consumer Staples,Household & Personal Products,Adj,Dec,EPS,CY2025,3.335,3.369,+1.0%,3.009,-10.7%,3.009,+0.0%,48.61,16.2,-9.8%,-12.7%,-16.8%,-17.8%
UNA,Extended,Cons. staples,Consumer Staples,Household & Personal Products,Adj,Dec,EPS,CY2026,3.567,3.535,-0.9%,3.162,-10.6%,3.199,+1.2%,48.61,15.2,-10.3%,-12.7%,-16.8%,-17.8%
UNA,Extended,Cons. staples,Consumer Staples,Household & Personal Products,Adj,Dec,EPS,CY2027,3.787,3.749,-1.0%,3.376,-9.9%,3.352,-0.7%,48.61,14.5,-11.5%,-12.7%,-16.8%,-17.8%
UNA,Extended,Cons. staples,Consumer Staples,Household & Personal Products,Adj,Dec,EPS,CY2028,4.169,3.918,-6.0%,3.579,-8.7%,3.557,-0.6%,48.61,13.7,-14.7%,-12.7%,-16.8%,-17.8%
MDLZ,Extended,Cons. staples,Consumer Staples,"Food, Beverage & Tobacco",Adj,Dec,EPS,CY2025,3.018,2.897,-4.0%,2.892,-0.2%,2.892,+0.0%,62.04,21.5,-4.2%,+15.3%,+6.6%,-6.5%
MDLZ,Extended,Cons. staples,Consumer Staples,"Food, Beverage & Tobacco",Adj,Dec,EPS,CY2026,3.318,3.161,-4.7%,3.043,-3.7%,3.052,+0.3%,62.04,20.3,-8.0%,+15.3%,+6.6%,-6.5%
MDLZ,Extended,Cons. staples,Consumer Staples,"Food, Beverage & Tobacco",Adj,Dec,EPS,CY2027,3.639,3.457,-5.0%,3.38,-2.2%,3.383,+0.1%,62.04,18.3,-7.0%,+15.3%,+6.6%,-6.5%
MDLZ,Extended,Cons. staples,Consumer Staples,"Food, Beverage & Tobacco",Adj,Dec,EPS,CY2028,4.056,3.793,-6.5%,3.644,-3.9%,3.671,+0.7%,62.04,16.9,-9.5%,+15.3%,+6.6%,-6.5%
MKC,Extended,Cons. staples,Consumer Staples,"Food, Beverage & Tobacco",Adj,Nov,EPS,CY2025,3.041,3.017,-0.8%,3.018,+0.0%,3.018,+0.0%,47.24,15.7,-0.8%,-30.6%,-27.6%,-35.2%
MKC,Extended,Cons. staples,Consumer Staples,"Food, Beverage & Tobacco",Adj,Nov,EPS,CY2026,3.312,3.193,-3.6%,3.095,-3.1%,3.092,-0.1%,47.24,15.3,-6.6%,-30.6%,-27.6%,-35.2%
MKC,Extended,Cons. staples,Consumer Staples,"Food, Beverage & Tobacco",Adj,Nov,EPS,CY2027,3.6,3.475,-3.5%,3.358,-3.4%,3.344,-0.4%,47.24,14.1,-7.1%,-30.6%,-27.6%,-35.2%
MKC,Extended,Cons. staples,Consumer Staples,"Food, Beverage & Tobacco",Adj,Nov,EPS,CY2028,4.02,3.776,-6.1%,3.7,-2.0%,3.624,-2.1%,47.24,13.0,-9.9%,-30.6%,-27.6%,-35.2%
GIS,Extended,Cons. staples,Consumer Staples,"Food, Beverage & Tobacco",Adj,May,EPS,CY2025,4.191,4.187,-0.1%,4.187,+0.0%,4.187,+0.0%,33.15,7.9,-0.1%,-28.7%,-23.9%,-39.2%
GIS,Extended,Cons. staples,Consumer Staples,"Food, Beverage & Tobacco",Adj,May,EPS,CY2026,4.035,3.65,-9.5%,3.519,-3.6%,3.412,-3.0%,33.15,9.7,-15.4%,-28.7%,-23.9%,-39.2%
GIS,Extended,Cons. staples,Consumer Staples,"Food, Beverage & Tobacco",Adj,May,EPS,CY2027,4.218,3.786,-10.2%,3.5,-7.6%,3.176,-9.3%,33.15,10.4,-24.7%,-28.7%,-23.9%,-39.2%
GIS,Extended,Cons. staples,Consumer Staples,"Food, Beverage & Tobacco",Adj,May,EPS,CY2028,4.645,4.011,-13.6%,3.68,-8.3%,3.305,-10.2%,33.15,10.0,-28.8%,-28.7%,-23.9%,-39.2%
CPB,Extended,Cons. staples,Consumer Staples,"Food, Beverage & Tobacco",Adj,Jul,EPS,CY2025,2.944,2.929,-0.5%,2.929,+0.0%,2.929,+0.0%,21.68,7.4,-0.5%,-22.2%,-13.5%,-36.5%
CPB,Extended,Cons. staples,Consumer Staples,"Food, Beverage & Tobacco",Adj,Jul,EPS,CY2026,2.903,2.454,-15.5%,2.425,-1.2%,2.173,-10.4%,21.68,10.0,-25.1%,-22.2%,-13.5%,-36.5%
CPB,Extended,Cons. staples,Consumer Staples,"Food, Beverage & Tobacco",Adj,Jul,EPS,CY2027,3.078,2.64,-14.2%,2.572,-2.6%,2.096,-18.5%,21.68,10.3,-31.9%,-22.2%,-13.5%,-36.5%
CPB,Extended,Cons. staples,Consumer Staples,"Food, Beverage & Tobacco",Adj,Jul,EPS,CY2028,3.439,2.84,-17.4%,2.77,-2.5%,2.282,-17.6%,21.68,9.5,-33.6%,-22.2%,-13.5%,-36.5%
HSY,Extended,Cons. staples,Consumer Staples,"Food, Beverage & Tobacco",Adj,Dec,EPS,CY2025,5.961,5.983,+0.4%,6.0,+0.3%,6.0,+0.0%,184.58,30.8,+0.7%,+1.4%,-18.5%,+13.4%
HSY,Extended,Cons. staples,Consumer Staples,"Food, Beverage & Tobacco",Adj,Dec,EPS,CY2026,6.373,6.821,+7.0%,8.398,+23.1%,8.477,+0.9%,184.58,21.8,+33.0%,+1.4%,-18.5%,+13.4%
HSY,Extended,Cons. staples,Consumer Staples,"Food, Beverage & Tobacco",Adj,Dec,EPS,CY2027,7.287,7.933,+8.9%,9.794,+23.5%,9.945,+1.5%,184.58,18.6,+36.5%,+1.4%,-18.5%,+13.4%
HSY,Extended,Cons. staples,Consumer Staples,"Food, Beverage & Tobacco",Adj,Dec,EPS,CY2028,8.983,8.921,-0.7%,10.672,+19.6%,10.748,+0.7%,184.58,17.2,+19.6%,+1.4%,-18.5%,+13.4%
ENR,Extended,Cons. staples,Consumer Staples,Household & Personal Products,Adj,Sep,EPS,CY2025,3.375,3.593,+6.5%,3.593,+0.0%,3.593,+0.0%,19.44,5.4,+6.5%,-2.3%,+1.2%,-11.8%
ENR,Extended,Cons. staples,Consumer Staples,Household & Personal Products,Adj,Sep,EPS,CY2026,3.546,3.391,-4.4%,3.436,+1.3%,3.509,+2.1%,19.44,5.5,-1.0%,-2.3%,+1.2%,-11.8%
ENR,Extended,Cons. staples,Consumer Staples,Household & Personal Products,Adj,Sep,EPS,CY2027,3.769,3.815,+1.2%,4.061,+6.4%,3.601,-11.3%,19.44,5.4,-4.5%,-2.3%,+1.2%,-11.8%
ENR,Extended,Cons. staples,Consumer Staples,Household & Personal Products,Adj,Sep,EPS,CY2028,3.87,4.04,+4.4%,3.941,-2.5%,3.779,-4.1%,19.44,5.1,-2.4%,-2.3%,+1.2%,-11.8%
NWL,Extended,Cons. staples,Consumer Discretionary,Consumer Durables & Apparel,Adj,Dec,EPS,CY2025,0.686,0.569,-17.1%,0.576,+1.2%,0.576,+0.0%,3.72,6.5,-16.0%,+0.0%,-13.5%,-32.4%
NWL,Extended,Cons. staples,Consumer Discretionary,Consumer Durables & Apparel,Adj,Dec,EPS,CY2026,0.745,0.59,-20.8%,0.564,-4.4%,0.577,+2.3%,3.72,6.4,-22.6%,+0.0%,-13.5%,-32.4%
NWL,Extended,Cons. staples,Consumer Discretionary,Consumer Durables & Apparel,Adj,Dec,EPS,CY2027,0.84,0.678,-19.3%,0.676,-0.3%,0.64,-5.3%,3.72,5.8,-23.8%,+0.0%,-13.5%,-32.4%
NWL,Extended,Cons. staples,Consumer Discretionary,Consumer Durables & Apparel,Adj,Dec,EPS,CY2028,,0.81,,0.784,-3.2%,0.768,-2.0%,3.72,4.8,,+0.0%,-13.5%,-32.4%
HRL,Extended,Cons. staples,Consumer Staples,"Food, Beverage & Tobacco",Adj,Oct,EPS,CY2025,1.592,1.364,-14.3%,1.364,+0.0%,1.364,+0.0%,23.62,17.3,-14.3%,-0.3%,-2.4%,-23.1%
HRL,Extended,Cons. staples,Consumer Staples,"Food, Beverage & Tobacco",Adj,Oct,EPS,CY2026,1.785,1.467,-17.8%,1.454,-0.9%,1.48,+1.8%,23.62,16.0,-17.1%,-0.3%,-2.4%,-23.1%
HRL,Extended,Cons. staples,Consumer Staples,"Food, Beverage & Tobacco",Adj,Oct,EPS,CY2027,1.916,1.579,-17.6%,1.565,-0.9%,1.576,+0.7%,23.62,15.0,-17.7%,-0.3%,-2.4%,-23.1%
HRL,Extended,Cons. staples,Consumer Staples,"Food, Beverage & Tobacco",Adj,Oct,EPS,CY2028,2.135,1.698,-20.5%,1.667,-1.8%,1.684,+1.0%,23.62,14.0,-21.1%,-0.3%,-2.4%,-23.1%
HLF,Extended,Cons. staples,Consumer Staples,Household & Personal Products,Adj,Dec,EPS,CY2025,1.99,2.065,+3.8%,2.032,-1.6%,2.032,+0.0%,11.43,5.6,+2.1%,-11.3%,-29.4%,+53.6%
HLF,Extended,Cons. staples,Consumer Staples,Household & Personal Products,Adj,Dec,EPS,CY2026,2.458,2.65,+7.8%,2.538,-4.2%,2.555,+0.7%,11.43,4.5,+3.9%,-11.3%,-29.4%,+53.6%
HLF,Extended,Cons. staples,Consumer Staples,Household & Personal Products,Adj,Dec,EPS,CY2027,3.01,3.32,+10.3%,3.033,-8.6%,2.99,-1.4%,11.43,3.8,-0.7%,-11.3%,-29.4%,+53.6%
HLF,Extended,Cons. staples,Consumer Staples,Household & Personal Products,Adj,Dec,EPS,CY2028,2.75,3.39,+23.3%,3.39,+0.0%,3.69,+8.8%,11.43,3.1,+34.2%,-11.3%,-29.4%,+53.6%
IFF,Extended,Cons. staples,Materials,Materials,Adj,Dec,EPS,CY2025,4.237,4.252,+0.4%,4.245,-0.2%,4.245,+0.0%,73.01,17.2,+0.2%,+8.3%,-3.1%,-4.5%
IFF,Extended,Cons. staples,Materials,Materials,Adj,Dec,EPS,CY2026,4.544,4.468,-1.7%,4.436,-0.7%,4.44,+0.1%,73.01,16.4,-2.3%,+8.3%,-3.1%,-4.5%
IFF,Extended,Cons. staples,Materials,Materials,Adj,Dec,EPS,CY2027,4.857,4.847,-0.2%,4.818,-0.6%,4.786,-0.7%,73.01,15.3,-1.5%,+8.3%,-3.1%,-4.5%
IFF,Extended,Cons. staples,Materials,Materials,Adj,Dec,EPS,CY2028,5.187,5.216,+0.6%,5.193,-0.4%,5.159,-0.7%,73.01,14.2,-0.5%,+8.3%,-3.1%,-4.5%
KHC,Extended,Cons. staples,Consumer Staples,"Food, Beverage & Tobacco",Adj,Dec,EPS,CY2025,2.597,2.532,-2.5%,2.53,-0.1%,2.53,+0.0%,22.58,8.9,-2.6%,-6.9%,-6.8%,-15.2%
KHC,Extended,Cons. staples,Consumer Staples,"Food, Beverage & Tobacco",Adj,Dec,EPS,CY2026,2.676,2.523,-5.7%,2.063,-18.2%,2.06,-0.1%,22.58,11.0,-23.0%,-6.9%,-6.8%,-15.2%
KHC,Extended,Cons. staples,Consumer Staples,"Food, Beverage & Tobacco",Adj,Dec,EPS,CY2027,2.812,2.614,-7.0%,2.148,-17.8%,2.093,-2.6%,22.58,10.8,-25.6%,-6.9%,-6.8%,-15.2%
KHC,Extended,Cons. staples,Consumer Staples,"Food, Beverage & Tobacco",Adj,Dec,EPS,CY2028,3.088,2.873,-7.0%,2.276,-20.8%,2.219,-2.5%,22.58,10.2,-28.1%,-6.9%,-6.8%,-15.2%
BATS,Extended,Cons. staples,Consumer Staples,"Food, Beverage & Tobacco",Adj,Dec,EPS,CY2025,3.404,3.394,-0.3%,3.386,-0.2%,3.386,+0.0%,4404.0,13.0,-0.5%,+4.5%,+0.4%,+25.9%
BATS,Extended,Cons. staples,Consumer Staples,"Food, Beverage & Tobacco",Adj,Dec,EPS,CY2026,3.671,3.623,-1.3%,3.593,-0.8%,3.631,+1.1%,4404.0,12.1,-1.1%,+4.5%,+0.4%,+25.9%
BATS,Extended,Cons. staples,Consumer Staples,"Food, Beverage & Tobacco",Adj,Dec,EPS,CY2027,3.91,3.867,-1.1%,3.852,-0.4%,3.89,+1.0%,4404.0,11.3,-0.5%,+4.5%,+0.4%,+25.9%
BATS,Extended,Cons. staples,Consumer Staples,"Food, Beverage & Tobacco",Adj,Dec,EPS,CY2028,4.255,4.266,+0.3%,4.182,-2.0%,4.187,+0.1%,4404.0,10.5,-1.6%,+4.5%,+0.4%,+25.9%
POST,Extended,Cons. staples,Consumer Staples,"Food, Beverage & Tobacco",Adj,Sep,EPS,CY2025,6.554,7.048,+7.5%,7.048,+0.0%,7.048,+0.0%,90.43,12.8,+7.5%,-8.7%,-14.3%,-16.7%
POST,Extended,Cons. staples,Consumer Staples,"Food, Beverage & Tobacco",Adj,Sep,EPS,CY2026,7.57,6.944,-8.3%,7.328,+5.5%,7.719,+5.3%,90.43,11.7,+2.0%,-8.7%,-14.3%,-16.7%
POST,Extended,Cons. staples,Consumer Staples,"Food, Beverage & Tobacco",Adj,Sep,EPS,CY2027,8.409,8.264,-1.7%,8.299,+0.4%,8.766,+5.6%,90.43,10.3,+4.2%,-8.7%,-14.3%,-16.7%
POST,Extended,Cons. staples,Consumer Staples,"Food, Beverage & Tobacco",Adj,Sep,EPS,CY2028,9.9,9.656,-2.5%,9.583,-0.8%,10.43,+8.8%,90.43,8.7,+5.4%,-8.7%,-14.3%,-16.7%
DGE,Extended,Cons. staples,Consumer Staples,"Food, Beverage & Tobacco",Adj,Jun,EPS,CY2025,1.611,1.609,-0.1%,1.609,+0.0%,1.609,+0.0%,1495.0,9.3,-0.1%,-6.8%,-3.2%,-23.5%
DGE,Extended,Cons. staples,Consumer Staples,"Food, Beverage & Tobacco",Adj,Jun,EPS,CY2026,1.708,1.632,-4.4%,1.596,-2.2%,1.661,+4.1%,1495.0,9.0,-2.8%,-6.8%,-3.2%,-23.5%
DGE,Extended,Cons. staples,Consumer Staples,"Food, Beverage & Tobacco",Adj,Jun,EPS,CY2027,1.824,1.731,-5.1%,1.627,-6.0%,1.707,+4.9%,1495.0,8.8,-6.4%,-6.8%,-3.2%,-23.5%
DGE,Extended,Cons. staples,Consumer Staples,"Food, Beverage & Tobacco",Adj,Jun,EPS,CY2028,1.971,1.836,-6.8%,1.746,-4.9%,1.835,+5.1%,1495.0,8.1,-6.9%,-6.8%,-3.2%,-23.5%
SGI,Extended,Bedding / furniture / household goods,Consumer Discretionary,Consumer Durables & Apparel,Adj,Dec,EPS,CY2025,2.473,2.69,+8.8%,2.693,+0.1%,2.693,+0.0%,68.01,25.3,+8.9%,-23.8%,-17.6%,+4.9%
SGI,Extended,Bedding / furniture / household goods,Consumer Discretionary,Consumer Durables & Apparel,Adj,Dec,EPS,CY2026,3.039,3.333,+9.7%,3.301,-1.0%,3.154,-4.5%,68.01,21.6,+3.8%,-23.8%,-17.6%,+4.9%
SGI,Extended,Bedding / furniture / household goods,Consumer Discretionary,Consumer Durables & Apparel,Adj,Dec,EPS,CY2027,3.618,4.034,+11.5%,4.092,+1.4%,3.906,-4.5%,68.01,17.4,+8.0%,-23.8%,-17.6%,+4.9%
SGI,Extended,Bedding / furniture / household goods,Consumer Discretionary,Consumer Durables & Apparel,Adj,Dec,EPS,CY2028,4.27,4.8,+12.4%,4.98,+3.8%,4.699,-5.6%,68.01,14.5,+10.0%,-23.8%,-17.6%,+4.9%
WSM,Extended,Bedding / furniture / household goods,Consumer Discretionary,Consumer Discretionary Distrib,Adj,Jan,EPS,CY2025,8.592,8.701,+1.3%,8.74,+0.4%,8.742,+0.0%,204.98,23.4,+1.7%,+14.8%,+5.9%,+29.8%
WSM,Extended,Bedding / furniture / household goods,Consumer Discretionary,Consumer Discretionary Distrib,Adj,Jan,EPS,CY2026,9.05,9.13,+0.9%,9.184,+0.6%,9.461,+3.0%,204.98,21.7,+4.5%,+14.8%,+5.9%,+29.8%
WSM,Extended,Bedding / furniture / household goods,Consumer Discretionary,Consumer Discretionary Distrib,Adj,Jan,EPS,CY2027,9.708,9.948,+2.5%,9.999,+0.5%,10.292,+2.9%,204.98,19.9,+6.0%,+14.8%,+5.9%,+29.8%
WSM,Extended,Bedding / furniture / household goods,Consumer Discretionary,Consumer Discretionary Distrib,Adj,Jan,EPS,CY2028,10.683,10.876,+1.8%,10.908,+0.3%,11.318,+3.8%,204.98,18.1,+5.9%,+14.8%,+5.9%,+29.8%
RH,Extended,Bedding / furniture / household goods,Consumer Discretionary,Consumer Discretionary Distrib,Adj,Jan,EPS,CY2025,9.45,9.055,-4.2%,7.081,-21.8%,7.069,-0.2%,146.63,20.7,-25.2%,-18.2%,-3.3%,-16.5%
RH,Extended,Bedding / furniture / household goods,Consumer Discretionary,Consumer Discretionary Distrib,Adj,Jan,EPS,CY2026,14.369,12.669,-11.8%,10.18,-19.6%,5.199,-48.9%,146.63,28.2,-63.8%,-18.2%,-3.3%,-16.5%
RH,Extended,Bedding / furniture / household goods,Consumer Discretionary,Consumer Discretionary Distrib,Adj,Jan,EPS,CY2027,17.87,17.306,-3.2%,14.016,-19.0%,9.77,-30.3%,146.63,15.0,-45.3%,-18.2%,-3.3%,-16.5%
RH,Extended,Bedding / furniture / household goods,Consumer Discretionary,Consumer Discretionary Distrib,Adj,Jan,EPS,CY2028,,24.553,,20.67,-15.8%,13.7,-33.7%,146.63,10.7,,-18.2%,-3.3%,-16.5%
WHR,Extended,Bedding / furniture / household goods,Consumer Discretionary,Consumer Durables & Apparel,Adj,Dec,EPS,CY2025,8.883,6.67,-24.9%,6.664,-0.1%,6.664,+0.0%,39.47,5.9,-25.0%,-45.3%,-35.5%,-51.9%
WHR,Extended,Bedding / furniture / household goods,Consumer Discretionary,Consumer Durables & Apparel,Adj,Dec,EPS,CY2026,10.678,7.151,-33.0%,5.8,-18.9%,2.667,-54.0%,39.47,14.8,-75.0%,-45.3%,-35.5%,-51.9%
WHR,Extended,Bedding / furniture / household goods,Consumer Discretionary,Consumer Durables & Apparel,Adj,Dec,EPS,CY2027,12.858,9.18,-28.6%,7.071,-23.0%,4.813,-31.9%,39.47,8.2,-62.6%,-45.3%,-35.5%,-51.9%
WHR,Extended,Bedding / furniture / household goods,Consumer Discretionary,Consumer Durables & Apparel,Adj,Dec,EPS,CY2028,,,,8.748,,5.862,-33.0%,39.47,6.7,,-45.3%,-35.5%,-51.9%
SNBR,Extended,Bedding / furniture / household goods,Consumer Discretionary,Consumer Discretionary Distrib,Adj,Dec,EPS,CY2025,0.039,-2.887,-7502.6%,-3.763,-30.3%,-3.763,+0.0%,0.4776,-0.1,-9748.7%,-94.4%,-91.8%,-95.0%
SNBR,Extended,Bedding / furniture / household goods,Consumer Discretionary,Consumer Discretionary Distrib,Adj,Dec,EPS,CY2026,0.372,-1.05,-382.3%,-0.466,+55.6%,-1.34,-187.6%,0.4776,-0.4,-460.2%,-94.4%,-91.8%,-95.0%
SNBR,Extended,Bedding / furniture / household goods,Consumer Discretionary,Consumer Discretionary Distrib,Adj,Dec,EPS,CY2027,0.943,-0.07,-107.4%,0.43,+714.3%,0.155,-64.0%,0.4776,3.1,-83.6%,-94.4%,-91.8%,-95.0%
SNBR,Extended,Bedding / furniture / household goods,Consumer Discretionary,Consumer Discretionary Distrib,Adj,Dec,EPS,CY2028,1.28,0.07,-94.5%,0.07,+0.0%,0.7,+900.0%,0.4776,0.7,-45.3%,-94.4%,-91.8%,-95.0%
HVT,Extended,Bedding / furniture / household goods,Consumer Discretionary,Consumer Discretionary Distrib,Adj,Dec,EPS,CY2025,1.3,1.165,-10.4%,1.155,-0.9%,1.155,+0.0%,22.63,19.6,-11.2%,-3.1%,-2.7%,+15.6%
HVT,Extended,Bedding / furniture / household goods,Consumer Discretionary,Consumer Discretionary Distrib,Adj,Dec,EPS,CY2026,2.445,2.14,-12.5%,1.875,-12.4%,1.615,-13.9%,22.63,14.0,-33.9%,-3.1%,-2.7%,+15.6%
HVT,Extended,Bedding / furniture / household goods,Consumer Discretionary,Consumer Discretionary Distrib,Adj,Dec,EPS,CY2027,,3.19,,2.775,-13.0%,2.585,-6.8%,22.63,8.8,,-3.1%,-2.7%,+15.6%
HVT,Extended,Bedding / furniture / household goods,Consumer Discretionary,Consumer Discretionary Distrib,Adj,Dec,EPS,CY2028,,,,,,,,22.63,,,-3.1%,-2.7%,+15.6%
LEG,Extended,Bedding / furniture / household goods,Consumer Discretionary,Consumer Durables & Apparel,Adj,Dec,EPS,CY2025,1.11,1.052,-5.2%,1.048,-0.4%,1.048,+0.0%,10.01,9.6,-5.6%,-9.0%,-9.2%,+9.9%
LEG,Extended,Bedding / furniture / household goods,Consumer Discretionary,Consumer Durables & Apparel,Adj,Dec,EPS,CY2026,1.226,1.084,-11.6%,1.086,+0.2%,0.903,-16.9%,10.01,11.1,-26.3%,-9.0%,-9.2%,+9.9%
LEG,Extended,Bedding / furniture / household goods,Consumer Discretionary,Consumer Durables & Apparel,Adj,Dec,EPS,CY2027,1.335,1.173,-12.1%,1.19,+1.4%,1.024,-13.9%,10.01,9.8,-23.3%,-9.0%,-9.2%,+9.9%
LEG,Extended,Bedding / furniture / household goods,Consumer Discretionary,Consumer Durables & Apparel,Adj,Dec,EPS,CY2028,,1.37,,1.32,-3.6%,1.167,-11.6%,10.01,8.6,,-9.0%,-9.2%,+9.9%
CULP,Extended,Bedding / furniture / household goods,Consumer Discretionary,Consumer Durables & Apparel,Adj,Apr,EPS,CY2025,-0.98,-0.98,+0.0%,-0.98,+0.0%,-0.98,+0.0%,3.16,-3.2,+0.0%,-11.2%,-2.5%,-25.5%
CULP,Extended,Bedding / furniture / household goods,Consumer Discretionary,Consumer Durables & Apparel,Adj,Apr,EPS,CY2026,0.26,-0.52,-300.0%,-0.72,-38.5%,-0.94,-30.6%,3.16,-3.4,-461.5%,-11.2%,-2.5%,-25.5%
CULP,Extended,Bedding / furniture / household goods,Consumer Discretionary,Consumer Durables & Apparel,Adj,Apr,EPS,CY2027,0.6,-0.002,-100.3%,-0.002,+0.0%,-0.15,-7400.0%,3.16,-21.1,-125.0%,-11.2%,-2.5%,-25.5%
CULP,Extended,Bedding / furniture / household goods,Consumer Discretionary,Consumer Durables & Apparel,Adj,Apr,EPS,CY2028,,,,,,,,3.16,,,-11.2%,-2.5%,-25.5%
AWI,Extended,Bedding / furniture / household goods,Industrials,Capital Goods,Adj,Dec,EPS,CY2025,6.963,7.478,+7.4%,7.478,+0.0%,7.478,+0.0%,155.15,20.7,+7.4%,-18.8%,-9.6%,+0.1%
AWI,Extended,Bedding / furniture / household goods,Industrials,Capital Goods,Adj,Dec,EPS,CY2026,7.869,8.434,+7.2%,8.297,-1.6%,8.306,+0.1%,155.15,18.7,+5.6%,-18.8%,-9.6%,+0.1%
AWI,Extended,Bedding / furniture / household goods,Industrials,Capital Goods,Adj,Dec,EPS,CY2027,,9.433,,9.298,-1.4%,9.384,+0.9%,155.15,16.5,,-18.8%,-9.6%,+0.1%
AWI,Extended,Bedding / furniture / household goods,Industrials,Capital Goods,Adj,Dec,EPS,CY2028,,,,10.663,,10.417,-2.3%,155.15,14.9,,-18.8%,-9.6%,+0.1%
REZI,Extended,Bedding / furniture / household goods,Industrials,Capital Goods,Adj,Dec,EPS,CY2025,2.39,2.65,+10.9%,2.65,+0.0%,2.65,+0.0%,31.21,11.8,+10.9%,-11.1%,-13.2%,+49.3%
REZI,Extended,Bedding / furniture / household goods,Industrials,Capital Goods,Adj,Dec,EPS,CY2026,2.508,2.925,+16.6%,3.08,+5.3%,3.085,+0.2%,31.21,10.1,+23.0%,-11.1%,-13.2%,+49.3%
REZI,Extended,Bedding / furniture / household goods,Industrials,Capital Goods,Adj,Dec,EPS,CY2027,2.645,3.14,+18.7%,3.325,+5.9%,3.325,+0.0%,31.21,9.4,+25.7%,-11.1%,-13.2%,+49.3%
REZI,Extended,Bedding / furniture / household goods,Industrials,Capital Goods,Adj,Dec,EPS,CY2028,,,,3.57,,3.57,+0.0%,31.21,8.7,,-11.1%,-13.2%,+49.3%
INVH,Extended,Bedding / furniture / household goods,Real Estate,Equity Real Estate Investment,Adj,Dec,EPS,CY2025,0.908,0.992,+9.3%,0.893,-10.0%,0.893,+0.0%,30.04,33.6,-1.7%,+8.1%,+13.7%,-8.8%
INVH,Extended,Bedding / furniture / household goods,Real Estate,Equity Real Estate Investment,Adj,Dec,EPS,CY2026,0.923,0.891,-3.5%,0.898,+0.8%,0.772,-14.0%,30.04,38.9,-16.4%,+8.1%,+13.7%,-8.8%
INVH,Extended,Bedding / furniture / household goods,Real Estate,Equity Real Estate Investment,Adj,Dec,EPS,CY2027,0.883,0.851,-3.6%,0.784,-7.9%,0.733,-6.5%,30.04,41.0,-17.0%,+8.1%,+13.7%,-8.8%
INVH,Extended,Bedding / furniture / household goods,Real Estate,Equity Real Estate Investment,Adj,Dec,EPS,CY2028,0.932,0.873,-6.3%,0.777,-11.0%,0.739,-4.9%,30.04,40.6,-20.7%,+8.1%,+13.7%,-8.8%
AMH,Extended,Bedding / furniture / household goods,Real Estate,Equity Real Estate Investment,Adj,Dec,EPS,CY2025,0.96,1.025,+6.8%,1.05,+2.4%,1.05,+0.0%,33.27,31.7,+9.4%,+3.6%,+10.9%,-9.7%
AMH,Extended,Bedding / furniture / household goods,Real Estate,Equity Real Estate Investment,Adj,Dec,EPS,CY2026,1.046,0.844,-19.3%,0.937,+11.0%,1.099,+17.3%,33.27,30.3,+5.1%,+3.6%,+10.9%,-9.7%
AMH,Extended,Bedding / furniture / household goods,Real Estate,Equity Real Estate Investment,Adj,Dec,EPS,CY2027,0.837,0.841,+0.5%,0.978,+16.3%,1.05,+7.4%,33.27,31.7,+25.4%,+3.6%,+10.9%,-9.7%
AMH,Extended,Bedding / furniture / household goods,Real Estate,Equity Real Estate Investment,Adj,Dec,EPS,CY2028,0.913,0.858,-6.0%,0.726,-15.4%,0.8,+10.2%,33.27,41.6,-12.4%,+3.6%,+10.9%,-9.7%
HON,Extended,Industrial / Cyclical,Industrials,Capital Goods,Adj,Dec,EPS,CY2025,10.383,10.657,+2.6%,9.994,-6.2%,9.994,+0.0%,213.97,21.4,-3.7%,+9.7%,-10.2%,+0.2%
HON,Extended,Industrial / Cyclical,Industrials,Capital Goods,Adj,Dec,EPS,CY2026,11.311,10.577,-6.5%,10.509,-0.6%,10.546,+0.4%,213.97,20.3,-6.8%,+9.7%,-10.2%,+0.2%
HON,Extended,Industrial / Cyclical,Industrials,Capital Goods,Adj,Dec,EPS,CY2027,12.393,11.589,-6.5%,11.477,-1.0%,11.469,-0.1%,213.97,18.7,-7.5%,+9.7%,-10.2%,+0.2%
HON,Extended,Industrial / Cyclical,Industrials,Capital Goods,Adj,Dec,EPS,CY2028,13.22,12.7,-3.9%,12.638,-0.5%,12.572,-0.5%,213.97,17.0,-4.9%,+9.7%,-10.2%,+0.2%
GEV,Extended,Industrial / Cyclical,Industrials,Capital Goods,GAAP,Dec,EPS,CY2025,7.324,7.532,+2.8%,7.637,+1.4%,7.637,+0.0%,933.61,122.2,+4.3%,+42.8%,+14.6%,+92.8%
GEV,Extended,Industrial / Cyclical,Industrials,Capital Goods,GAAP,Dec,EPS,CY2026,11.538,13.39,+16.1%,14.356,+7.2%,25.16,+75.3%,933.61,37.1,+118.1%,+42.8%,+14.6%,+92.8%
GEV,Extended,Industrial / Cyclical,Industrials,Capital Goods,GAAP,Dec,EPS,CY2027,16.369,19.479,+19.0%,21.761,+11.7%,23.754,+9.2%,933.61,39.3,+45.1%,+42.8%,+14.6%,+92.8%
GEV,Extended,Industrial / Cyclical,Industrials,Capital Goods,GAAP,Dec,EPS,CY2028,20.483,24.81,+21.1%,29.876,+20.4%,32.367,+8.3%,933.61,28.8,+58.0%,+42.8%,+14.6%,+92.8%
ETN,Extended,Industrial / Cyclical,Industrials,Capital Goods,Adj,Dec,EPS,CY2025,12.014,12.095,+0.7%,12.063,-0.3%,12.063,+0.0%,395.94,32.8,+0.4%,+24.3%,+11.6%,+21.3%
ETN,Extended,Industrial / Cyclical,Industrials,Capital Goods,Adj,Dec,EPS,CY2026,13.561,13.745,+1.4%,13.323,-3.1%,13.291,-0.2%,395.94,29.8,-2.0%,+24.3%,+11.6%,+21.3%
ETN,Extended,Industrial / Cyclical,Industrials,Capital Goods,Adj,Dec,EPS,CY2027,15.058,15.477,+2.8%,15.299,-1.2%,15.53,+1.5%,395.94,25.5,+3.1%,+24.3%,+11.6%,+21.3%
ETN,Extended,Industrial / Cyclical,Industrials,Capital Goods,Adj,Dec,EPS,CY2028,16.727,17.631,+5.4%,17.344,-1.6%,17.865,+3.0%,395.94,22.2,+6.8%,+24.3%,+11.6%,+21.3%
PH,Extended,Industrial / Cyclical,Industrials,Capital Goods,Adj,Jun,EPS,CY2025,26.677,26.732,+0.2%,26.732,+0.0%,26.732,+0.0%,882.34,33.0,+0.2%,+0.4%,-8.6%,+33.3%
PH,Extended,Industrial / Cyclical,Industrials,Capital Goods,Adj,Jun,EPS,CY2026,28.82,30.292,+5.1%,30.983,+2.3%,31.271,+0.9%,882.34,28.2,+8.5%,+0.4%,-8.6%,+33.3%
PH,Extended,Industrial / Cyclical,Industrials,Capital Goods,Adj,Jun,EPS,CY2027,31.316,33.142,+5.8%,33.846,+2.1%,33.848,+0.0%,882.34,26.1,+8.1%,+0.4%,-8.6%,+33.3%
PH,Extended,Industrial / Cyclical,Industrials,Capital Goods,Adj,Jun,EPS,CY2028,33.503,36.192,+8.0%,37.206,+2.8%,37.055,-0.4%,882.34,23.8,+10.6%,+0.4%,-8.6%,+33.3%
ROP,Extended,Industrial / Cyclical,Information Technology,Software & Services,Adj,Dec,EPS,CY2025,19.935,19.944,+0.0%,19.944,+0.0%,19.944,+0.0%,332.18,16.7,+0.0%,-25.4%,-9.2%,-41.7%
ROP,Extended,Industrial / Cyclical,Information Technology,Software & Services,Adj,Dec,EPS,CY2026,21.692,21.714,+0.1%,21.472,-1.1%,21.962,+2.3%,332.18,15.1,+1.2%,-25.4%,-9.2%,-41.7%
ROP,Extended,Industrial / Cyclical,Information Technology,Software & Services,Adj,Dec,EPS,CY2027,24.172,23.961,-0.9%,23.305,-2.7%,24.05,+3.2%,332.18,13.8,-0.5%,-25.4%,-9.2%,-41.7%
ROP,Extended,Industrial / Cyclical,Information Technology,Software & Services,Adj,Dec,EPS,CY2028,27.258,26.915,-1.3%,25.704,-4.5%,26.337,+2.5%,332.18,12.6,-3.4%,-25.4%,-9.2%,-41.7%
AME,Extended,Industrial / Cyclical,Industrials,Capital Goods,Adj,Dec,EPS,CY2025,7.075,7.359,+4.0%,7.36,+0.0%,7.36,+0.0%,226.55,30.8,+4.0%,+10.3%,-0.1%,+28.0%
AME,Extended,Industrial / Cyclical,Industrials,Capital Goods,Adj,Dec,EPS,CY2026,7.589,7.924,+4.4%,8.057,+1.7%,8.141,+1.0%,226.55,27.8,+7.3%,+10.3%,-0.1%,+28.0%
AME,Extended,Industrial / Cyclical,Industrials,Capital Goods,Adj,Dec,EPS,CY2027,8.183,8.625,+5.4%,8.723,+1.1%,8.77,+0.5%,226.55,25.8,+7.2%,+10.3%,-0.1%,+28.0%
AME,Extended,Industrial / Cyclical,Industrials,Capital Goods,Adj,Dec,EPS,CY2028,9.006,9.508,+5.6%,9.451,-0.6%,9.552,+1.1%,226.55,23.7,+6.1%,+10.3%,-0.1%,+28.0%
FTV,Extended,Industrial / Cyclical,Industrials,Capital Goods,Adj,Dec,EPS,CY2025,3.871,2.575,-33.5%,2.65,+2.9%,2.65,+0.0%,61.28,23.1,-31.5%,+11.0%,+5.6%,+13.4%
FTV,Extended,Industrial / Cyclical,Industrials,Capital Goods,Adj,Dec,EPS,CY2026,4.224,2.859,-32.3%,2.956,+3.4%,2.997,+1.4%,61.28,20.4,-29.0%,+11.0%,+5.6%,+13.4%
FTV,Extended,Industrial / Cyclical,Industrials,Capital Goods,Adj,Dec,EPS,CY2027,4.687,3.092,-34.0%,3.198,+3.4%,3.223,+0.8%,61.28,19.0,-31.2%,+11.0%,+5.6%,+13.4%
FTV,Extended,Industrial / Cyclical,Industrials,Capital Goods,Adj,Dec,EPS,CY2028,5.224,3.482,-33.3%,3.515,+0.9%,3.5,-0.4%,61.28,17.5,-33.0%,+11.0%,+5.6%,+13.4%
EMN,Extended,Industrial / Cyclical,Materials,Materials,Adj,Dec,EPS,CY2025,7.375,5.489,-25.6%,5.392,-1.8%,5.392,+0.0%,71.84,13.3,-26.9%,+12.5%,-0.5%,-8.3%
EMN,Extended,Industrial / Cyclical,Materials,Materials,Adj,Dec,EPS,CY2026,8.229,6.275,-23.7%,5.821,-7.2%,6.359,+9.2%,71.84,11.3,-22.7%,+12.5%,-0.5%,-8.3%
EMN,Extended,Industrial / Cyclical,Materials,Materials,Adj,Dec,EPS,CY2027,9.123,7.195,-21.1%,6.617,-8.0%,6.972,+5.4%,71.84,10.3,-23.6%,+12.5%,-0.5%,-8.3%
EMN,Extended,Industrial / Cyclical,Materials,Materials,Adj,Dec,EPS,CY2028,10.118,8.0,-20.9%,7.317,-8.5%,7.655,+4.6%,71.84,9.4,-24.3%,+12.5%,-0.5%,-8.3%
NDSN,Extended,Industrial / Cyclical,Industrials,Capital Goods,Adj,Oct,EPS,CY2025,10.006,10.135,+1.3%,10.134,-0.0%,10.134,+0.0%,282.73,27.9,+1.3%,+17.6%,+0.6%,+32.4%
NDSN,Extended,Industrial / Cyclical,Industrials,Capital Goods,Adj,Oct,EPS,CY2026,10.931,11.095,+1.5%,11.455,+3.2%,11.592,+1.2%,282.73,24.4,+6.0%,+17.6%,+0.6%,+32.4%
NDSN,Extended,Industrial / Cyclical,Industrials,Capital Goods,Adj,Oct,EPS,CY2027,12.043,12.104,+0.5%,12.303,+1.6%,12.578,+2.2%,282.73,22.5,+4.4%,+17.6%,+0.6%,+32.4%
NDSN,Extended,Industrial / Cyclical,Industrials,Capital Goods,Adj,Oct,EPS,CY2028,11.65,13.56,+16.4%,13.288,-2.0%,13.523,+1.8%,282.73,20.9,+16.1%,+17.6%,+0.6%,+32.4%
IEX,Extended,Industrial / Cyclical,Industrials,Capital Goods,Adj,Dec,EPS,CY2025,8.194,7.897,-3.6%,7.894,-0.0%,7.894,+0.0%,215.35,27.3,-3.7%,+21.0%,+5.9%,+19.5%
IEX,Extended,Industrial / Cyclical,Industrials,Capital Goods,Adj,Dec,EPS,CY2026,8.918,8.343,-6.4%,8.271,-0.9%,8.497,+2.7%,215.35,25.3,-4.7%,+21.0%,+5.9%,+19.5%
IEX,Extended,Industrial / Cyclical,Industrials,Capital Goods,Adj,Dec,EPS,CY2027,9.407,9.2,-2.2%,9.013,-2.0%,9.233,+2.4%,215.35,23.3,-1.8%,+21.0%,+5.9%,+19.5%
IEX,Extended,Industrial / Cyclical,Industrials,Capital Goods,Adj,Dec,EPS,CY2028,10.328,10.053,-2.7%,10.004,-0.5%,10.264,+2.6%,215.35,21.0,-0.6%,+21.0%,+5.9%,+19.5%
TDY,Extended,Industrial / Cyclical,Information Technology,Technology Hardware & Equipmen,Adj,Dec,EPS,CY2025,21.4,21.532,+0.6%,21.542,+0.0%,21.542,+0.0%,602.27,28.0,+0.7%,+17.9%,-8.0%,+20.4%
TDY,Extended,Industrial / Cyclical,Information Technology,Technology Hardware & Equipmen,Adj,Dec,EPS,CY2026,23.456,23.614,+0.7%,23.813,+0.8%,24.175,+1.5%,602.27,24.9,+3.1%,+17.9%,-8.0%,+20.4%
TDY,Extended,Industrial / Cyclical,Information Technology,Technology Hardware & Equipmen,Adj,Dec,EPS,CY2027,,25.324,,25.709,+1.5%,26.085,+1.5%,602.27,23.1,,+17.9%,-8.0%,+20.4%
TDY,Extended,Industrial / Cyclical,Information Technology,Technology Hardware & Equipmen,Adj,Dec,EPS,CY2028,,,,28.015,,28.133,+0.4%,602.27,21.4,,+17.9%,-8.0%,+20.4%
SWK,Extended,Industrial / Cyclical,Industrials,Capital Goods,Adj,Dec,EPS,CY2025,4.253,4.551,+7.0%,4.552,+0.0%,4.552,+0.0%,78.48,17.2,+7.0%,+5.7%,+0.7%,+19.9%
SWK,Extended,Industrial / Cyclical,Industrials,Capital Goods,Adj,Dec,EPS,CY2026,5.66,5.763,+1.8%,5.341,-7.3%,5.377,+0.7%,78.48,14.6,-5.0%,+5.7%,+0.7%,+19.9%
SWK,Extended,Industrial / Cyclical,Industrials,Capital Goods,Adj,Dec,EPS,CY2027,6.862,6.777,-1.2%,6.376,-5.9%,6.266,-1.7%,78.48,12.5,-8.7%,+5.7%,+0.7%,+19.9%
SWK,Extended,Industrial / Cyclical,Industrials,Capital Goods,Adj,Dec,EPS,CY2028,7.3,7.203,-1.3%,7.15,-0.7%,6.979,-2.4%,78.48,11.2,-4.4%,+5.7%,+0.7%,+19.9%
CAT,Extended,Industrial / Cyclical,Industrials,Capital Goods,GAAP,Dec,EPS,CY2025,18.441,18.271,-0.9%,18.295,+0.1%,18.295,+0.0%,904.28,49.4,-0.8%,+57.9%,+28.1%,+159.1%
CAT,Extended,Industrial / Cyclical,Industrials,Capital Goods,GAAP,Dec,EPS,CY2026,20.925,22.412,+7.1%,23.058,+2.9%,24.373,+5.7%,904.28,37.1,+16.5%,+57.9%,+28.1%,+159.1%
CAT,Extended,Industrial / Cyclical,Industrials,Capital Goods,GAAP,Dec,EPS,CY2027,23.503,27.166,+15.6%,27.978,+3.0%,30.091,+7.6%,904.28,30.1,+28.0%,+57.9%,+28.1%,+159.1%
CAT,Extended,Industrial / Cyclical,Industrials,Capital Goods,GAAP,Dec,EPS,CY2028,26.224,31.229,+19.1%,33.365,+6.8%,36.221,+8.6%,904.28,25.0,+38.1%,+57.9%,+28.1%,+159.1%
MMM,Extended,Industrial / Cyclical,Industrials,Capital Goods,Adj,Dec,EPS,CY2025,7.655,8.038,+5.0%,8.032,-0.1%,8.032,+0.0%,153.76,19.1,+4.9%,-4.0%,-1.6%,+5.1%
MMM,Extended,Industrial / Cyclical,Industrials,Capital Goods,Adj,Dec,EPS,CY2026,8.334,8.646,+3.7%,8.668,+0.3%,8.705,+0.4%,153.76,17.7,+4.5%,-4.0%,-1.6%,+5.1%
MMM,Extended,Industrial / Cyclical,Industrials,Capital Goods,Adj,Dec,EPS,CY2027,9.095,9.38,+3.1%,9.422,+0.4%,9.481,+0.6%,153.76,16.2,+4.2%,-4.0%,-1.6%,+5.1%
MMM,Extended,Industrial / Cyclical,Industrials,Capital Goods,Adj,Dec,EPS,CY2028,9.678,10.13,+4.7%,10.079,-0.5%,10.156,+0.8%,153.76,15.1,+4.9%,-4.0%,-1.6%,+5.1%
PPG,Extended,Industrial / Cyclical,Materials,Materials,Adj,Dec,EPS,CY2025,7.83,7.653,-2.3%,7.645,-0.1%,7.645,+0.0%,113.8,14.9,-2.4%,+11.1%,+1.7%,+2.3%
PPG,Extended,Industrial / Cyclical,Materials,Materials,Adj,Dec,EPS,CY2026,8.536,8.127,-4.8%,7.964,-2.0%,7.88,-1.1%,113.8,14.4,-7.7%,+11.1%,+1.7%,+2.3%
PPG,Extended,Industrial / Cyclical,Materials,Materials,Adj,Dec,EPS,CY2027,9.307,8.86,-4.8%,8.718,-1.6%,8.638,-0.9%,113.8,13.2,-7.2%,+11.1%,+1.7%,+2.3%
PPG,Extended,Industrial / Cyclical,Materials,Materials,Adj,Dec,EPS,CY2028,9.874,9.565,-3.1%,9.529,-0.4%,9.472,-0.6%,113.8,12.0,-4.1%,+11.1%,+1.7%,+2.3%
AXTA,Extended,Industrial / Cyclical,Materials,Materials,Adj,Dec,EPS,CY2025,2.547,2.497,-2.0%,2.491,-0.2%,2.491,+0.0%,32.18,12.9,-2.2%,-0.4%,+6.3%,+6.2%
AXTA,Extended,Industrial / Cyclical,Materials,Materials,Adj,Dec,EPS,CY2026,2.785,2.746,-1.4%,2.626,-4.4%,2.582,-1.7%,32.18,12.5,-7.3%,-0.4%,+6.3%,+6.2%
AXTA,Extended,Industrial / Cyclical,Materials,Materials,Adj,Dec,EPS,CY2027,3.135,3.008,-4.1%,2.842,-5.5%,2.803,-1.4%,32.18,11.5,-10.6%,-0.4%,+6.3%,+6.2%
AXTA,Extended,Industrial / Cyclical,Materials,Materials,Adj,Dec,EPS,CY2028,3.157,3.208,+1.6%,3.071,-4.3%,3.033,-1.2%,32.18,10.6,-3.9%,-0.4%,+6.3%,+6.2%
SHW,Extended,Industrial / Cyclical,Materials,Materials,Adj,Dec,EPS,CY2025,11.894,11.382,-4.3%,11.376,-0.1%,11.376,+0.0%,305.3,26.8,-4.4%,-5.8%,-9.0%,-14.7%
SHW,Extended,Industrial / Cyclical,Materials,Materials,Adj,Dec,EPS,CY2026,13.302,12.589,-5.4%,11.908,-5.4%,11.757,-1.3%,305.3,26.0,-11.6%,-5.8%,-9.0%,-14.7%
SHW,Extended,Industrial / Cyclical,Materials,Materials,Adj,Dec,EPS,CY2027,14.968,14.108,-5.7%,13.476,-4.5%,13.224,-1.9%,305.3,23.1,-11.7%,-5.8%,-9.0%,-14.7%
SHW,Extended,Industrial / Cyclical,Materials,Materials,Adj,Dec,EPS,CY2028,16.208,15.567,-4.0%,15.138,-2.8%,14.894,-1.6%,305.3,20.5,-8.1%,-5.8%,-9.0%,-14.7%
AVY,Extended,Industrial / Cyclical,Materials,Materials,Adj,Dec,EPS,CY2025,9.633,9.496,-1.4%,9.493,-0.0%,9.493,+0.0%,155.18,16.3,-1.5%,-14.7%,-15.5%,-12.7%
AVY,Extended,Industrial / Cyclical,Materials,Materials,Adj,Dec,EPS,CY2026,10.716,10.466,-2.3%,10.183,-2.7%,10.028,-1.5%,155.18,15.5,-6.4%,-14.7%,-15.5%,-12.7%
AVY,Extended,Industrial / Cyclical,Materials,Materials,Adj,Dec,EPS,CY2027,11.91,11.547,-3.0%,11.305,-2.1%,11.099,-1.8%,155.18,14.0,-6.8%,-14.7%,-15.5%,-12.7%
AVY,Extended,Industrial / Cyclical,Materials,Materials,Adj,Dec,EPS,CY2028,,12.62,,12.527,-0.7%,12.344,-1.5%,155.18,12.6,,-14.7%,-15.5%,-12.7%
SNA,Extended,Industrial / Cyclical,Industrials,Capital Goods,Adj,Dec,EPS,CY2025,18.632,19.221,+3.2%,19.186,-0.2%,19.186,+0.0%,379.77,19.8,+3.0%,+10.2%,-0.7%,+19.0%
SNA,Extended,Industrial / Cyclical,Industrials,Capital Goods,Adj,Dec,EPS,CY2026,20.029,20.433,+2.0%,20.081,-1.7%,19.816,-1.3%,379.77,19.2,-1.1%,+10.2%,-0.7%,+19.0%
SNA,Extended,Industrial / Cyclical,Industrials,Capital Goods,Adj,Dec,EPS,CY2027,,22.11,,21.324,-3.6%,21.194,-0.6%,379.77,17.9,,+10.2%,-0.7%,+19.0%
SNA,Extended,Industrial / Cyclical,Industrials,Capital Goods,Adj,Dec,EPS,CY2028,,26.36,,24.42,-7.4%,23.685,-3.0%,379.77,16.0,,+10.2%,-0.7%,+19.0%
ST,Extended,Industrial / Cyclical,Industrials,Capital Goods,Adj,Dec,EPS,CY2025,3.192,3.395,+6.4%,3.403,+0.2%,3.403,+0.0%,49.84,14.6,+6.6%,+49.7%,+45.6%,+88.0%
ST,Extended,Industrial / Cyclical,Industrials,Capital Goods,Adj,Dec,EPS,CY2026,3.455,3.642,+5.4%,3.632,-0.3%,3.699,+1.8%,49.84,13.5,+7.1%,+49.7%,+45.6%,+88.0%
ST,Extended,Industrial / Cyclical,Industrials,Capital Goods,Adj,Dec,EPS,CY2027,3.782,3.969,+4.9%,3.923,-1.2%,4.025,+2.6%,49.84,12.4,+6.4%,+49.7%,+45.6%,+88.0%
ST,Extended,Industrial / Cyclical,Industrials,Capital Goods,Adj,Dec,EPS,CY2028,4.2,4.243,+1.0%,4.26,+0.4%,4.367,+2.5%,49.84,11.4,+4.0%,+49.7%,+45.6%,+88.0%
ZBRA,Extended,Industrial / Cyclical,Information Technology,Technology Hardware & Equipmen,Adj,Dec,EPS,CY2025,14.555,15.831,+8.8%,15.841,+0.1%,15.841,+0.0%,232.11,14.7,+8.8%,-4.4%,+1.1%,-20.3%
ZBRA,Extended,Industrial / Cyclical,Information Technology,Technology Hardware & Equipmen,Adj,Dec,EPS,CY2026,16.462,17.73,+7.7%,17.925,+1.1%,18.558,+3.5%,232.11,12.5,+12.7%,-4.4%,+1.1%,-20.3%
ZBRA,Extended,Industrial / Cyclical,Information Technology,Technology Hardware & Equipmen,Adj,Dec,EPS,CY2027,18.881,19.861,+5.2%,20.109,+1.2%,20.604,+2.5%,232.11,11.3,+9.1%,-4.4%,+1.1%,-20.3%
ZBRA,Extended,Industrial / Cyclical,Information Technology,Technology Hardware & Equipmen,Adj,Dec,EPS,CY2028,22.76,23.258,+2.2%,22.519,-3.2%,22.631,+0.5%,232.11,10.3,-0.6%,-4.4%,+1.1%,-20.3%
LIN,Extended,Industrial / Cyclical,Materials,Materials,GAAP,Dec,EPS,CY2025,15.219,15.576,+2.3%,15.598,+0.1%,15.598,+0.0%,507.9,32.6,+2.5%,+19.1%,+3.6%,+8.0%
LIN,Extended,Industrial / Cyclical,Materials,Materials,GAAP,Dec,EPS,CY2026,16.832,17.031,+1.2%,16.663,-2.2%,16.969,+1.8%,507.9,29.9,+0.8%,+19.1%,+3.6%,+8.0%
LIN,Extended,Industrial / Cyclical,Materials,Materials,GAAP,Dec,EPS,CY2027,18.536,18.623,+0.5%,18.449,-0.9%,18.649,+1.1%,507.9,27.2,+0.6%,+19.1%,+3.6%,+8.0%
LIN,Extended,Industrial / Cyclical,Materials,Materials,GAAP,Dec,EPS,CY2028,20.48,20.952,+2.3%,20.125,-3.9%,20.241,+0.6%,507.9,25.1,-1.2%,+19.1%,+3.6%,+8.0%
APD,Extended,Industrial / Cyclical,Materials,Materials,Adj,Sep,EPS,CY2025,12.041,11.994,-0.4%,11.994,+0.0%,11.994,+0.0%,282.35,23.5,-0.4%,+14.3%,+2.2%,+2.2%
APD,Extended,Industrial / Cyclical,Materials,Materials,Adj,Sep,EPS,CY2026,13.073,12.979,-0.7%,13.065,+0.7%,13.224,+1.2%,282.35,21.4,+1.2%,+14.3%,+2.2%,+2.2%
APD,Extended,Industrial / Cyclical,Materials,Materials,Adj,Sep,EPS,CY2027,14.163,13.999,-1.2%,14.05,+0.4%,14.303,+1.8%,282.35,19.7,+1.0%,+14.3%,+2.2%,+2.2%
APD,Extended,Industrial / Cyclical,Materials,Materials,Adj,Sep,EPS,CY2028,15.448,15.642,+1.3%,15.39,-1.6%,15.569,+1.2%,282.35,18.1,+0.8%,+14.3%,+2.2%,+2.2%
URI,Extended,Industrial / Cyclical,Industrials,Capital Goods,Adj,Dec,EPS,CY2025,43.388,42.569,-1.9%,42.596,+0.1%,42.596,+0.0%,1067.77,25.1,-1.8%,+31.9%,+26.7%,+52.7%
URI,Extended,Industrial / Cyclical,Industrials,Capital Goods,Adj,Dec,EPS,CY2026,47.698,47.255,-0.9%,45.928,-2.8%,46.553,+1.4%,1067.77,22.9,-2.4%,+31.9%,+26.7%,+52.7%
URI,Extended,Industrial / Cyclical,Industrials,Capital Goods,Adj,Dec,EPS,CY2027,53.293,53.999,+1.3%,52.349,-3.1%,53.486,+2.2%,1067.77,20.0,+0.4%,+31.9%,+26.7%,+52.7%
URI,Extended,Industrial / Cyclical,Industrials,Capital Goods,Adj,Dec,EPS,CY2028,61.135,64.12,+4.9%,60.481,-5.7%,61.019,+0.9%,1067.77,17.5,-0.2%,+31.9%,+26.7%,+52.7%
WSC,Extended,Industrial / Cyclical,Industrials,Capital Goods,Adj,Dec,EPS,CY2025,1.568,1.101,-29.8%,1.114,+1.2%,1.114,+0.0%,26.21,23.5,-29.0%,+39.2%,+30.6%,-4.6%
WSC,Extended,Industrial / Cyclical,Industrials,Capital Goods,Adj,Dec,EPS,CY2026,1.902,1.102,-42.1%,1.022,-7.3%,1.056,+3.3%,26.21,24.8,-44.5%,+39.2%,+30.6%,-4.6%
WSC,Extended,Industrial / Cyclical,Industrials,Capital Goods,Adj,Dec,EPS,CY2027,2.345,1.497,-36.2%,1.25,-16.5%,1.319,+5.5%,26.21,19.9,-43.8%,+39.2%,+30.6%,-4.6%
WSC,Extended,Industrial / Cyclical,Industrials,Capital Goods,Adj,Dec,EPS,CY2028,2.715,2.038,-24.9%,1.741,-14.6%,1.692,-2.8%,26.21,15.5,-37.7%,+39.2%,+30.6%,-4.6%
FLR,Extended,Industrial / Cyclical,Industrials,Capital Goods,Adj,Dec,EPS,CY2025,2.52,2.209,-12.3%,2.192,-0.8%,2.192,+0.0%,47.56,21.7,-13.0%,+20.0%,+3.0%,+10.7%
FLR,Extended,Industrial / Cyclical,Industrials,Capital Goods,Adj,Dec,EPS,CY2026,2.812,2.397,-14.8%,2.743,+14.4%,2.598,-5.3%,47.56,18.3,-7.6%,+20.0%,+3.0%,+10.7%
FLR,Extended,Industrial / Cyclical,Industrials,Capital Goods,Adj,Dec,EPS,CY2027,3.206,2.786,-13.1%,3.247,+16.5%,3.238,-0.3%,47.56,14.7,+1.0%,+20.0%,+3.0%,+10.7%
FLR,Extended,Industrial / Cyclical,Industrials,Capital Goods,Adj,Dec,EPS,CY2028,3.675,3.348,-8.9%,3.812,+13.9%,3.815,+0.1%,47.56,12.5,+3.8%,+20.0%,+3.0%,+10.7%
J,Extended,Industrial / Cyclical,Industrials,Commercial & Professional Serv,Adj,Sep,EPS,CY2025,5.991,6.038,+0.8%,6.038,+0.0%,6.038,+0.0%,122.55,20.3,+0.8%,-7.5%,-10.0%,-2.0%
J,Extended,Industrial / Cyclical,Industrials,Commercial & Professional Serv,Adj,Sep,EPS,CY2026,6.876,7.076,+2.9%,7.122,+0.7%,7.209,+1.2%,122.55,17.0,+4.8%,-7.5%,-10.0%,-2.0%
J,Extended,Industrial / Cyclical,Industrials,Commercial & Professional Serv,Adj,Sep,EPS,CY2027,7.634,7.991,+4.7%,8.029,+0.5%,8.274,+3.1%,122.55,14.8,+8.4%,-7.5%,-10.0%,-2.0%
J,Extended,Industrial / Cyclical,Industrials,Commercial & Professional Serv,Adj,Sep,EPS,CY2028,8.804,8.984,+2.0%,8.969,-0.2%,9.388,+4.7%,122.55,13.1,+6.6%,-7.5%,-10.0%,-2.0%
ACM,Extended,Industrial / Cyclical,Industrials,Capital Goods,Adj,Sep,EPS,CY2025,5.163,5.239,+1.5%,5.239,+0.0%,5.239,+0.0%,71.14,13.6,+1.5%,-25.4%,-24.1%,-35.7%
ACM,Extended,Industrial / Cyclical,Industrials,Capital Goods,Adj,Sep,EPS,CY2026,5.683,5.505,-3.1%,5.973,+8.5%,5.992,+0.3%,71.14,11.9,+5.4%,-25.4%,-24.1%,-35.7%
ACM,Extended,Industrial / Cyclical,Industrials,Capital Goods,Adj,Sep,EPS,CY2027,6.377,6.241,-2.1%,6.652,+6.6%,6.725,+1.1%,71.14,10.6,+5.5%,-25.4%,-24.1%,-35.7%
ACM,Extended,Industrial / Cyclical,Industrials,Capital Goods,Adj,Sep,EPS,CY2028,7.785,7.167,-7.9%,7.666,+7.0%,7.743,+1.0%,71.14,9.2,-0.5%,-25.4%,-24.1%,-35.7%
DE,Extended,Industrial / Cyclical,Industrials,Capital Goods,Adj,Oct,EPS,CY2025,18.77,18.412,-1.9%,18.412,+0.0%,18.412,+0.0%,583.44,31.7,-1.9%,+25.3%,-1.2%,+14.2%
DE,Extended,Industrial / Cyclical,Industrials,Capital Goods,Adj,Oct,EPS,CY2026,22.473,17.038,-24.2%,17.775,+4.3%,18.082,+1.7%,583.44,32.3,-19.5%,+25.3%,-1.2%,+14.2%
DE,Extended,Industrial / Cyclical,Industrials,Capital Goods,Adj,Oct,EPS,CY2027,27.147,22.267,-18.0%,22.868,+2.7%,22.932,+0.3%,583.44,25.4,-15.5%,+25.3%,-1.2%,+14.2%
DE,Extended,Industrial / Cyclical,Industrials,Capital Goods,Adj,Oct,EPS,CY2028,36.85,27.161,-26.3%,28.548,+5.1%,28.291,-0.9%,583.44,20.6,-23.2%,+25.3%,-1.2%,+14.2%
DOW,Extended,Industrial / Cyclical,Materials,Materials,Adj,Dec,EPS,CY2025,0.421,-0.954,-326.6%,-1.022,-7.1%,-1.022,+0.0%,33.97,-33.2,-342.8%,+45.3%,+0.7%,+20.5%
DOW,Extended,Industrial / Cyclical,Materials,Materials,Adj,Dec,EPS,CY2026,1.444,-0.14,-109.7%,-0.079,+43.6%,3.169,+4111.4%,33.97,10.7,+119.5%,+45.3%,+0.7%,+20.5%
DOW,Extended,Industrial / Cyclical,Materials,Materials,Adj,Dec,EPS,CY2027,2.045,0.638,-68.8%,0.614,-3.8%,2.4,+290.9%,33.97,14.2,+17.4%,+45.3%,+0.7%,+20.5%
DOW,Extended,Industrial / Cyclical,Materials,Materials,Adj,Dec,EPS,CY2028,2.72,1.938,-28.8%,1.402,-27.7%,2.425,+73.0%,33.97,14.0,-10.8%,+45.3%,+0.7%,+20.5%
FMC,Extended,Industrial / Cyclical,Materials,Materials,Adj,Dec,EPS,CY2025,3.4,2.966,-12.8%,2.938,-0.9%,2.938,+0.0%,11.64,4.0,-13.6%,-16.1%,-18.5%,-72.2%
FMC,Extended,Industrial / Cyclical,Materials,Materials,Adj,Dec,EPS,CY2026,3.979,2.591,-34.9%,1.754,-32.3%,1.711,-2.5%,11.64,6.8,-57.0%,-16.1%,-18.5%,-72.2%
FMC,Extended,Industrial / Cyclical,Materials,Materials,Adj,Dec,EPS,CY2027,4.547,3.006,-33.9%,2.288,-23.9%,2.217,-3.1%,11.64,5.3,-51.2%,-16.1%,-18.5%,-72.2%
FMC,Extended,Industrial / Cyclical,Materials,Materials,Adj,Dec,EPS,CY2028,5.078,3.218,-36.6%,2.686,-16.5%,2.492,-7.2%,11.64,4.7,-50.9%,-16.1%,-18.5%,-72.2%
MWA,Extended,Industrial / Cyclical,Industrials,Capital Goods,Adj,Sep,EPS,CY2025,1.232,1.255,+1.9%,1.255,+0.0%,1.255,+0.0%,25.33,20.2,+1.9%,+6.3%,-12.4%,+3.9%
MWA,Extended,Industrial / Cyclical,Industrials,Capital Goods,Adj,Sep,EPS,CY2026,1.35,1.388,+2.8%,1.446,+4.2%,1.478,+2.2%,25.33,17.1,+9.5%,+6.3%,-12.4%,+3.9%
MWA,Extended,Industrial / Cyclical,Industrials,Capital Goods,Adj,Sep,EPS,CY2027,1.395,1.49,+6.8%,1.55,+4.0%,1.58,+1.9%,25.33,16.0,+13.3%,+6.3%,-12.4%,+3.9%
MWA,Extended,Industrial / Cyclical,Industrials,Capital Goods,Adj,Sep,EPS,CY2028,1.61,1.45,-9.9%,1.643,+13.3%,1.665,+1.3%,25.33,15.2,+3.4%,+6.3%,-12.4%,+3.9%
BNR,Extended,Industrial / Cyclical,Industrials,Capital Goods,Adj,Dec,EPS,CY2025,4.572,3.271,-28.5%,2.773,-15.2%,2.773,+0.0%,56.46,20.4,-39.3%,+13.9%,+21.9%,-6.2%
BNR,Extended,Industrial / Cyclical,Industrials,Capital Goods,Adj,Dec,EPS,CY2026,5.093,3.915,-23.1%,3.498,-10.7%,3.555,+1.6%,56.46,15.9,-30.2%,+13.9%,+21.9%,-6.2%
BNR,Extended,Industrial / Cyclical,Industrials,Capital Goods,Adj,Dec,EPS,CY2027,5.593,4.466,-20.2%,4.029,-9.8%,4.009,-0.5%,56.46,14.1,-28.3%,+13.9%,+21.9%,-6.2%
BNR,Extended,Industrial / Cyclical,Industrials,Capital Goods,Adj,Dec,EPS,CY2028,6.173,5.011,-18.8%,4.407,-12.1%,4.221,-4.2%,56.46,13.4,-31.6%,+13.9%,+21.9%,-6.2%
MIDD,Extended,Industrial / Cyclical,Industrials,Capital Goods,Adj,Dec,EPS,CY2025,9.553,9.07,-5.1%,9.05,-0.2%,9.05,+0.0%,154.93,17.1,-5.3%,+4.2%,-0.8%,+5.3%
MIDD,Extended,Industrial / Cyclical,Industrials,Capital Goods,Adj,Dec,EPS,CY2026,10.524,9.654,-8.3%,9.442,-2.2%,9.599,+1.7%,154.93,16.1,-8.8%,+4.2%,-0.8%,+5.3%
MIDD,Extended,Industrial / Cyclical,Industrials,Capital Goods,Adj,Dec,EPS,CY2027,11.838,10.5,-11.3%,9.448,-10.0%,10.933,+15.7%,154.93,14.2,-7.6%,+4.2%,-0.8%,+5.3%
MIDD,Extended,Industrial / Cyclical,Industrials,Capital Goods,Adj,Dec,EPS,CY2028,13.0,12.53,-3.6%,9.05,-27.8%,12.75,+40.9%,154.93,12.2,-1.9%,+4.2%,-0.8%,+5.3%
LECO,Extended,Industrial / Cyclical,Industrials,Capital Goods,Adj,Dec,EPS,CY2025,9.009,9.75,+8.2%,9.722,-0.3%,9.722,+0.0%,262.13,27.0,+7.9%,+9.4%,-4.7%,+31.9%
LECO,Extended,Industrial / Cyclical,Industrials,Capital Goods,Adj,Dec,EPS,CY2026,9.892,10.745,+8.6%,10.796,+0.5%,10.901,+1.0%,262.13,24.0,+10.2%,+9.4%,-4.7%,+31.9%
LECO,Extended,Industrial / Cyclical,Industrials,Capital Goods,Adj,Dec,EPS,CY2027,10.49,11.558,+10.2%,11.793,+2.0%,12.029,+2.0%,262.13,21.8,+14.7%,+9.4%,-4.7%,+31.9%
LECO,Extended,Industrial / Cyclical,Industrials,Capital Goods,Adj,Dec,EPS,CY2028,12.11,12.765,+5.4%,12.511,-2.0%,12.881,+3.0%,262.13,20.4,+6.4%,+9.4%,-4.7%,+31.9%
GWW,Extended,Distributors,Industrials,Capital Goods,Adj,Dec,EPS,CY2025,40.496,39.471,-2.5%,39.507,+0.1%,39.507,+0.0%,1300.01,32.9,-2.4%,+28.8%,+13.5%,+19.8%
GWW,Extended,Distributors,Industrials,Capital Goods,Adj,Dec,EPS,CY2026,44.586,43.709,-2.0%,43.548,-0.4%,45.531,+4.6%,1300.01,28.6,+2.1%,+28.8%,+13.5%,+19.8%
GWW,Extended,Distributors,Industrials,Capital Goods,Adj,Dec,EPS,CY2027,49.236,48.404,-1.7%,48.367,-0.1%,50.397,+4.2%,1300.01,25.8,+2.4%,+28.8%,+13.5%,+19.8%
GWW,Extended,Distributors,Industrials,Capital Goods,Adj,Dec,EPS,CY2028,54.628,52.867,-3.2%,52.955,+0.2%,55.071,+4.0%,1300.01,23.6,+0.8%,+28.8%,+13.5%,+19.8%
FAST,Extended,Distributors,Industrials,Capital Goods,Adj,Dec,EPS,CY2025,1.093,1.099,+0.5%,1.098,-0.1%,1.098,+0.0%,46.79,42.6,+0.5%,+16.6%,-1.1%,+13.2%
FAST,Extended,Distributors,Industrials,Capital Goods,Adj,Dec,EPS,CY2026,1.199,1.216,+1.4%,1.224,+0.7%,1.248,+2.0%,46.79,37.5,+4.1%,+16.6%,-1.1%,+13.2%
FAST,Extended,Distributors,Industrials,Capital Goods,Adj,Dec,EPS,CY2027,1.3,1.324,+1.8%,1.345,+1.6%,1.374,+2.2%,46.79,34.1,+5.7%,+16.6%,-1.1%,+13.2%
FAST,Extended,Distributors,Industrials,Capital Goods,Adj,Dec,EPS,CY2028,1.46,1.439,-1.4%,1.461,+1.5%,1.494,+2.3%,46.79,31.3,+2.3%,+16.6%,-1.1%,+13.2%
WSO,Extended,Distributors,Industrials,Capital Goods,Adj,Dec,EPS,CY2025,14.271,12.316,-13.7%,12.338,+0.2%,12.338,+0.0%,371.38,30.1,-13.5%,+10.2%,-7.4%,-16.0%
WSO,Extended,Distributors,Industrials,Capital Goods,Adj,Dec,EPS,CY2026,15.514,13.193,-15.0%,12.716,-3.6%,12.668,-0.4%,371.38,29.3,-18.3%,+10.2%,-7.4%,-16.0%
WSO,Extended,Distributors,Industrials,Capital Goods,Adj,Dec,EPS,CY2027,17.193,14.337,-16.6%,13.899,-3.1%,13.878,-0.2%,371.38,26.8,-19.3%,+10.2%,-7.4%,-16.0%
WSO,Extended,Distributors,Industrials,Capital Goods,Adj,Dec,EPS,CY2028,19.277,17.715,-8.1%,16.24,-8.3%,15.979,-1.6%,371.38,23.2,-17.1%,+10.2%,-7.4%,-16.0%
WCC,Extended,Distributors,Industrials,Capital Goods,Adj,Dec,EPS,CY2025,13.116,13.361,+1.9%,13.435,+0.6%,13.435,+0.0%,354.31,26.4,+2.4%,+44.8%,+25.7%,+108.3%
WCC,Extended,Distributors,Industrials,Capital Goods,Adj,Dec,EPS,CY2026,15.734,16.295,+3.6%,15.65,-4.0%,16.065,+2.7%,354.31,22.1,+2.1%,+44.8%,+25.7%,+108.3%
WCC,Extended,Distributors,Industrials,Capital Goods,Adj,Dec,EPS,CY2027,18.578,19.076,+2.7%,18.282,-4.2%,18.797,+2.8%,354.31,18.8,+1.2%,+44.8%,+25.7%,+108.3%
WCC,Extended,Distributors,Industrials,Capital Goods,Adj,Dec,EPS,CY2028,20.967,22.05,+5.2%,21.048,-4.5%,21.738,+3.3%,354.31,16.3,+3.7%,+44.8%,+25.7%,+108.3%
MSM,Extended,Distributors,Industrials,Capital Goods,Adj,Aug,EPS,CY2025,3.536,3.678,+4.0%,3.678,+0.0%,3.678,+0.0%,115.51,31.4,+4.0%,+37.3%,+24.8%,+43.5%
MSM,Extended,Distributors,Industrials,Capital Goods,Adj,Aug,EPS,CY2026,3.938,4.244,+7.8%,4.304,+1.4%,4.358,+1.3%,115.51,26.5,+10.7%,+37.3%,+24.8%,+43.5%
MSM,Extended,Distributors,Industrials,Capital Goods,Adj,Aug,EPS,CY2027,4.656,4.815,+3.4%,4.873,+1.2%,4.937,+1.3%,115.51,23.4,+6.0%,+37.3%,+24.8%,+43.5%
MSM,Extended,Distributors,Industrials,Capital Goods,Adj,Aug,EPS,CY2028,6.133,5.463,-10.9%,5.543,+1.5%,5.629,+1.6%,115.51,20.5,-8.2%,+37.3%,+24.8%,+43.5%
SITE,Extended,Distributors,Industrials,Capital Goods,Adj,Dec,EPS,CY2025,3.581,3.627,+1.3%,3.611,-0.4%,3.611,+0.0%,105.05,29.1,+0.8%,-15.7%,-22.5%,-15.0%
SITE,Extended,Distributors,Industrials,Capital Goods,Adj,Dec,EPS,CY2026,4.398,4.403,+0.1%,4.401,-0.0%,4.271,-3.0%,105.05,24.6,-2.9%,-15.7%,-22.5%,-15.0%
SITE,Extended,Distributors,Industrials,Capital Goods,Adj,Dec,EPS,CY2027,5.437,5.158,-5.1%,5.254,+1.9%,5.204,-1.0%,105.05,20.2,-4.3%,-15.7%,-22.5%,-15.0%
SITE,Extended,Distributors,Industrials,Capital Goods,Adj,Dec,EPS,CY2028,,6.215,,6.275,+1.0%,6.128,-2.3%,105.05,17.1,,-15.7%,-22.5%,-15.0%
GPC,Extended,Distributors,Consumer Discretionary,Consumer Discretionary Distrib,Adj,Dec,EPS,CY2025,7.654,7.626,-0.4%,7.633,+0.1%,7.633,+0.0%,98.15,12.9,-0.3%,-20.2%,-16.2%,-22.2%
GPC,Extended,Distributors,Consumer Discretionary,Consumer Discretionary Distrib,Adj,Dec,EPS,CY2026,8.488,8.413,-0.9%,7.883,-6.3%,7.679,-2.6%,98.15,12.8,-9.5%,-20.2%,-16.2%,-22.2%
GPC,Extended,Distributors,Consumer Discretionary,Consumer Discretionary Distrib,Adj,Dec,EPS,CY2027,9.168,9.161,-0.1%,8.564,-6.5%,8.352,-2.5%,98.15,11.8,-8.9%,-20.2%,-16.2%,-22.2%
GPC,Extended,Distributors,Consumer Discretionary,Consumer Discretionary Distrib,Adj,Dec,EPS,CY2028,9.61,9.953,+3.6%,9.368,-5.9%,9.268,-1.1%,98.15,10.6,-3.6%,-20.2%,-16.2%,-22.2%
DNOW,Extended,Distributors,Industrials,Capital Goods,Adj,Dec,EPS,CY2025,0.883,0.885,+0.2%,0.855,-3.4%,0.855,+0.0%,13.23,15.5,-3.2%,-0.2%,+9.8%,-8.6%
DNOW,Extended,Distributors,Industrials,Capital Goods,Adj,Dec,EPS,CY2026,0.937,0.98,+4.6%,0.843,-14.0%,0.368,-56.3%,13.23,36.0,-60.7%,-0.2%,+9.8%,-8.6%
DNOW,Extended,Distributors,Industrials,Capital Goods,Adj,Dec,EPS,CY2027,1.04,1.197,+15.1%,1.053,-12.0%,0.948,-10.0%,13.23,14.0,-8.8%,-0.2%,+9.8%,-8.6%
DNOW,Extended,Distributors,Industrials,Capital Goods,Adj,Dec,EPS,CY2028,1.14,1.51,+32.5%,1.22,-19.2%,0.93,-23.8%,13.23,14.2,-18.4%,-0.2%,+9.8%,-8.6%
TCEHY,Extended,China equities,Communication Services,Media & Entertainment,GAAP,Dec,EPS,CY2025,22.303,24.281,+8.9%,24.202,-0.3%,24.188,-0.1%,56.95,2.4,+8.5%,-25.6%,-11.2%,-13.4%
TCEHY,Extended,China equities,Communication Services,Media & Entertainment,GAAP,Dec,EPS,CY2026,25.535,27.847,+9.1%,27.645,-0.7%,26.619,-3.7%,56.95,2.1,+4.2%,-25.6%,-11.2%,-13.4%
TCEHY,Extended,China equities,Communication Services,Media & Entertainment,GAAP,Dec,EPS,CY2027,28.949,31.436,+8.6%,31.464,+0.1%,29.942,-4.8%,56.95,1.9,+3.4%,-25.6%,-11.2%,-13.4%
TCEHY,Extended,China equities,Communication Services,Media & Entertainment,GAAP,Dec,EPS,CY2028,,,,,,,,56.95,,,-25.6%,-11.2%,-13.4%
BIDU,Extended,China equities,Communication Services,Media & Entertainment,Adj,Dec,EPS,CY2025,67.464,52.986,-21.5%,51.981,-1.9%,51.981,+0.0%,121.66,2.3,-23.0%,-6.9%,+3.2%,+41.7%
BIDU,Extended,China equities,Communication Services,Media & Entertainment,Adj,Dec,EPS,CY2026,74.161,58.267,-21.4%,56.526,-3.0%,52.47,-7.2%,121.66,2.3,-29.2%,-6.9%,+3.2%,+41.7%
BIDU,Extended,China equities,Communication Services,Media & Entertainment,Adj,Dec,EPS,CY2027,84.702,67.981,-19.7%,65.485,-3.7%,60.292,-7.9%,121.66,2.0,-28.8%,-6.9%,+3.2%,+41.7%
BIDU,Extended,China equities,Communication Services,Media & Entertainment,Adj,Dec,EPS,CY2028,102.601,74.482,-27.4%,80.066,+7.5%,74.628,-6.8%,121.66,1.6,-27.3%,-6.9%,+3.2%,+41.7%
JD,Extended,China equities,Consumer Discretionary,Consumer Discretionary Distrib,Adj,Dec,EPS,CY2025,30.01,19.138,-36.2%,17.531,-8.4%,17.531,+0.0%,28.88,1.6,-41.6%,+0.6%,+13.4%,-12.7%
JD,Extended,China equities,Consumer Discretionary,Consumer Discretionary Distrib,Adj,Dec,EPS,CY2026,34.464,24.966,-27.6%,19.384,-22.4%,21.649,+11.7%,28.88,1.3,-37.2%,+0.6%,+13.4%,-12.7%
JD,Extended,China equities,Consumer Discretionary,Consumer Discretionary Distrib,Adj,Dec,EPS,CY2027,37.25,33.025,-11.3%,26.875,-18.6%,28.282,+5.2%,28.88,1.0,-24.1%,+0.6%,+13.4%,-12.7%
JD,Extended,China equities,Consumer Discretionary,Consumer Discretionary Distrib,Adj,Dec,EPS,CY2028,38.6,37.543,-2.7%,32.595,-13.2%,34.29,+5.2%,28.88,0.8,-11.2%,+0.6%,+13.4%,-12.7%
700,Extended,China equities,Communication Services,Media & Entertainment,GAAP,Dec,EPS,CY2025,22.303,24.281,+8.9%,24.202,-0.3%,24.188,-0.1%,453.2,18.7,+8.5%,-24.3%,-12.7%,-12.0%
700,Extended,China equities,Communication Services,Media & Entertainment,GAAP,Dec,EPS,CY2026,25.535,27.847,+9.1%,27.645,-0.7%,26.619,-3.7%,453.2,17.0,+4.2%,-24.3%,-12.7%,-12.0%
700,Extended,China equities,Communication Services,Media & Entertainment,GAAP,Dec,EPS,CY2027,28.949,31.436,+8.6%,31.464,+0.1%,29.942,-4.8%,453.2,15.1,+3.4%,-24.3%,-12.7%,-12.0%
700,Extended,China equities,Communication Services,Media & Entertainment,GAAP,Dec,EPS,CY2028,,,,,,,,453.2,,,-24.3%,-12.7%,-12.0%
TCOM,Extended,China equities,Consumer Discretionary,Consumer Services,Adj,Dec,EPS,CY2025,25.579,45.52,+78.0%,45.003,-1.1%,45.003,+0.0%,47.69,1.1,+75.9%,-33.7%,-8.2%,-23.1%
TCOM,Extended,China equities,Consumer Discretionary,Consumer Services,Adj,Dec,EPS,CY2026,29.173,29.505,+1.1%,28.221,-4.4%,27.747,-1.7%,47.69,1.7,-4.9%,-33.7%,-8.2%,-23.1%
TCOM,Extended,China equities,Consumer Discretionary,Consumer Services,Adj,Dec,EPS,CY2027,33.583,33.379,-0.6%,31.912,-4.4%,31.621,-0.9%,47.69,1.5,-5.8%,-33.7%,-8.2%,-23.1%
TCOM,Extended,China equities,Consumer Discretionary,Consumer Services,Adj,Dec,EPS,CY2028,37.182,38.083,+2.4%,35.71,-6.2%,35.862,+0.4%,47.69,1.3,-3.6%,-33.7%,-8.2%,-23.1%
3988,Extended,China equities,Financials,Banks,GAAP,Dec,EPS,CY2025,0.753,0.723,-4.0%,0.726,+0.4%,0.727,+0.1%,5.31,7.3,-3.5%,+19.1%,+17.5%,+16.2%
3988,Extended,China equities,Financials,Banks,GAAP,Dec,EPS,CY2026,0.774,0.734,-5.2%,0.736,+0.3%,0.752,+2.2%,5.31,7.1,-2.8%,+19.1%,+17.5%,+16.2%
3988,Extended,China equities,Financials,Banks,GAAP,Dec,EPS,CY2027,0.808,0.76,-5.9%,0.761,+0.1%,0.788,+3.5%,5.31,6.7,-2.5%,+19.1%,+17.5%,+16.2%
3988,Extended,China equities,Financials,Banks,GAAP,Dec,EPS,CY2028,0.76,0.805,+5.9%,0.805,+0.0%,0.851,+5.7%,5.31,6.2,+12.0%,+19.1%,+17.5%,+16.2%
3690,Extended,China equities,Consumer Discretionary,Consumer Services,GAAP,Dec,EPS,CY2025,5.71,-3.455,-160.5%,-3.828,-10.8%,-3.845,-0.4%,79.95,-20.8,-167.3%,-22.6%,+4.0%,-43.6%
3690,Extended,China equities,Consumer Discretionary,Consumer Services,GAAP,Dec,EPS,CY2026,7.709,0.352,-95.4%,-0.687,-295.2%,-1.674,-143.7%,79.95,-47.8,-121.7%,-22.6%,+4.0%,-43.6%
3690,Extended,China equities,Consumer Discretionary,Consumer Services,GAAP,Dec,EPS,CY2027,9.581,5.021,-47.6%,4.497,-10.4%,2.896,-35.6%,79.95,27.6,-69.8%,-22.6%,+4.0%,-43.6%
3690,Extended,China equities,Consumer Discretionary,Consumer Services,GAAP,Dec,EPS,CY2028,11.259,7.509,-33.3%,7.662,+2.0%,5.312,-30.7%,79.95,15.1,-52.8%,-22.6%,+4.0%,-43.6%
1398,Extended,China equities,Financials,Banks,GAAP,Dec,EPS,CY2025,0.989,0.993,+0.4%,0.998,+0.5%,1.007,+0.9%,6.83,6.8,+1.8%,+8.6%,+6.6%,+16.2%
1398,Extended,China equities,Financials,Banks,GAAP,Dec,EPS,CY2026,1.0,1.003,+0.3%,1.004,+0.1%,1.035,+3.1%,6.83,6.6,+3.5%,+8.6%,+6.6%,+16.2%
1398,Extended,China equities,Financials,Banks,GAAP,Dec,EPS,CY2027,1.033,1.028,-0.5%,1.025,-0.3%,1.079,+5.3%,6.83,6.3,+4.5%,+8.6%,+6.6%,+16.2%
1398,Extended,China equities,Financials,Banks,GAAP,Dec,EPS,CY2028,,,,,,1.14,,6.83,6.0,,+8.6%,+6.6%,+16.2%
VIPS,Extended,China equities,Consumer Discretionary,Consumer Discretionary Distrib,Adj,Dec,EPS,CY2025,16.925,16.656,-1.6%,16.633,-0.1%,16.633,+0.0%,13.53,0.8,-1.7%,-23.5%,-15.3%,-6.5%
VIPS,Extended,China equities,Consumer Discretionary,Consumer Discretionary Distrib,Adj,Dec,EPS,CY2026,17.68,17.684,+0.0%,17.327,-2.0%,17.299,-0.2%,13.53,0.8,-2.2%,-23.5%,-15.3%,-6.5%
VIPS,Extended,China equities,Consumer Discretionary,Consumer Discretionary Distrib,Adj,Dec,EPS,CY2027,18.42,18.616,+1.1%,18.205,-2.2%,17.98,-1.2%,13.53,0.8,-2.4%,-23.5%,-15.3%,-6.5%
VIPS,Extended,China equities,Consumer Discretionary,Consumer Discretionary Distrib,Adj,Dec,EPS,CY2028,20.83,21.56,+3.5%,19.572,-9.2%,18.828,-3.8%,13.53,0.7,-9.6%,-23.5%,-15.3%,-6.5%
2199,Extended,China equities,Consumer Discretionary,Consumer Durables & Apparel,Adj,Mar,EPS,CY2025,,0.18,,0.36,+100.0%,0.36,+0.0%,1.9,5.3,,-22.7%,-16.4%,+25.7%
2199,Extended,China equities,Consumer Discretionary,Consumer Durables & Apparel,Adj,Mar,EPS,CY2026,,0.345,,0.47,+36.2%,0.47,+0.0%,1.9,4.0,,-22.7%,-16.4%,+25.7%
2199,Extended,China equities,Consumer Discretionary,Consumer Durables & Apparel,Adj,Mar,EPS,CY2027,,,,0.5,,0.5,+0.0%,1.9,3.8,,-22.7%,-16.4%,+25.7%
2199,Extended,China equities,Consumer Discretionary,Consumer Durables & Apparel,Adj,Mar,EPS,CY2028,,,,,,,,1.9,,,-22.7%,-16.4%,+25.7%
600104,Extended,China equities,Consumer Discretionary,Automobiles & Components,Adj,Dec,EPS,CY2025,0.908,1.015,+11.8%,0.958,-5.6%,0.956,-0.2%,11.77,12.3,+5.3%,-22.7%,-16.9%,-23.2%
600104,Extended,China equities,Consumer Discretionary,Automobiles & Components,Adj,Dec,EPS,CY2026,1.133,1.216,+7.3%,1.155,-5.0%,1.053,-8.8%,11.77,11.2,-7.1%,-22.7%,-16.9%,-23.2%
600104,Extended,China equities,Consumer Discretionary,Automobiles & Components,Adj,Dec,EPS,CY2027,1.316,1.459,+10.9%,1.398,-4.2%,1.199,-14.2%,11.77,9.8,-8.9%,-22.7%,-16.9%,-23.2%
600104,Extended,China equities,Consumer Discretionary,Automobiles & Components,Adj,Dec,EPS,CY2028,,1.85,,1.85,+0.0%,1.303,-29.6%,11.77,9.0,,-22.7%,-16.9%,-23.2%
175,Extended,China equities,Consumer Discretionary,Automobiles & Components,Adj,Dec,EPS,CY2025,1.431,1.628,+13.8%,1.6,-1.7%,1.595,-0.3%,18.41,11.5,+11.5%,+2.8%,+12.5%,+2.6%
175,Extended,China equities,Consumer Discretionary,Automobiles & Components,Adj,Dec,EPS,CY2026,1.762,1.933,+9.7%,1.915,-0.9%,1.98,+3.4%,18.41,9.3,+12.4%,+2.8%,+12.5%,+2.6%
175,Extended,China equities,Consumer Discretionary,Automobiles & Components,Adj,Dec,EPS,CY2027,2.163,2.344,+8.4%,2.326,-0.8%,2.41,+3.6%,18.41,7.6,+11.4%,+2.8%,+12.5%,+2.6%
175,Extended,China equities,Consumer Discretionary,Automobiles & Components,Adj,Dec,EPS,CY2028,2.07,2.315,+11.8%,2.217,-4.2%,2.811,+26.8%,18.41,6.5,+35.8%,+2.8%,+12.5%,+2.6%
2333,Extended,China equities,Consumer Discretionary,Automobiles & Components,Adj,Dec,EPS,CY2025,1.496,1.49,-0.4%,1.361,-8.7%,1.354,-0.5%,10.37,7.7,-9.5%,-32.2%,-19.8%,-15.7%
2333,Extended,China equities,Consumer Discretionary,Automobiles & Components,Adj,Dec,EPS,CY2026,1.711,1.783,+4.2%,1.656,-7.1%,1.332,-19.6%,10.37,7.8,-22.2%,-32.2%,-19.8%,-15.7%
2333,Extended,China equities,Consumer Discretionary,Automobiles & Components,Adj,Dec,EPS,CY2027,1.89,2.024,+7.1%,1.934,-4.4%,1.583,-18.1%,10.37,6.6,-16.2%,-32.2%,-19.8%,-15.7%
2333,Extended,China equities,Consumer Discretionary,Automobiles & Components,Adj,Dec,EPS,CY2028,1.215,1.64,+35.0%,1.457,-11.2%,1.804,+23.8%,10.37,5.7,+48.5%,-32.2%,-19.8%,-15.7%
NRG,Extended,Utilities,Utilities,Utilities,Adj,Dec,EPS,CY2025,7.461,7.954,+6.6%,7.908,-0.6%,7.908,+0.0%,129.2,16.3,+6.0%,-18.9%,-19.5%,-17.2%
NRG,Extended,Utilities,Utilities,Utilities,Adj,Dec,EPS,CY2026,8.528,8.711,+2.1%,9.033,+3.7%,9.647,+6.8%,129.2,13.4,+13.1%,-18.9%,-19.5%,-17.2%
NRG,Extended,Utilities,Utilities,Utilities,Adj,Dec,EPS,CY2027,9.834,10.661,+8.4%,10.965,+2.9%,11.775,+7.4%,129.2,11.0,+19.7%,-18.9%,-19.5%,-17.2%
NRG,Extended,Utilities,Utilities,Utilities,Adj,Dec,EPS,CY2028,11.188,11.879,+6.2%,12.661,+6.6%,13.318,+5.2%,129.2,9.7,+19.0%,-18.9%,-19.5%,-17.2%
CEG,Extended,Utilities,Utilities,Utilities,Adj,Dec,EPS,CY2025,9.357,9.277,-0.9%,9.29,+0.1%,9.29,+0.0%,254.83,27.4,-0.7%,-27.9%,-23.3%,-12.1%
CEG,Extended,Utilities,Utilities,Utilities,Adj,Dec,EPS,CY2026,11.093,11.356,+2.4%,11.468,+1.0%,11.693,+2.0%,254.83,21.8,+5.4%,-27.9%,-23.3%,-12.1%
CEG,Extended,Utilities,Utilities,Utilities,Adj,Dec,EPS,CY2027,11.914,13.274,+11.4%,13.592,+2.4%,13.674,+0.6%,254.83,18.6,+14.8%,-27.9%,-23.3%,-12.1%
CEG,Extended,Utilities,Utilities,Utilities,Adj,Dec,EPS,CY2028,14.595,16.796,+15.1%,16.388,-2.4%,17.313,+5.6%,254.83,14.7,+18.6%,-27.9%,-23.3%,-12.1%
VST,Extended,Utilities,Utilities,Utilities,Adj,Dec,EPS,CY2025,6.223,5.436,-12.6%,4.74,-12.8%,4.74,+0.0%,148.76,31.4,-23.8%,-7.8%,-11.1%,-12.9%
VST,Extended,Utilities,Utilities,Utilities,Adj,Dec,EPS,CY2026,8.297,8.818,+6.3%,8.688,-1.5%,9.028,+3.9%,148.76,16.5,+8.8%,-7.8%,-11.1%,-12.9%
VST,Extended,Utilities,Utilities,Utilities,Adj,Dec,EPS,CY2027,8.882,10.504,+18.3%,10.791,+2.7%,11.052,+2.4%,148.76,13.5,+24.4%,-7.8%,-11.1%,-12.9%
VST,Extended,Utilities,Utilities,Utilities,Adj,Dec,EPS,CY2028,11.593,12.347,+6.5%,12.408,+0.5%,12.431,+0.2%,148.76,12.0,+7.2%,-7.8%,-11.1%,-12.9%
AI,Extended,Technology,Information Technology,Software & Services,Adj,Apr,EPS,CY2025,-0.441,-0.441,+0.0%,-0.441,+0.0%,-0.441,+0.0%,10.43,-23.7,+0.0%,-22.6%,+11.1%,-58.8%
AI,Extended,Technology,Information Technology,Software & Services,Adj,Apr,EPS,CY2026,-0.361,-1.195,-231.0%,-1.377,-15.2%,-1.384,-0.5%,10.43,-7.5,-283.4%,-22.6%,+11.1%,-58.8%
AI,Extended,Technology,Information Technology,Software & Services,Adj,Apr,EPS,CY2027,-0.129,-0.93,-620.9%,-0.789,+15.2%,-0.751,+4.8%,10.43,-13.9,-482.2%,-22.6%,+11.1%,-58.8%
AI,Extended,Technology,Information Technology,Software & Services,Adj,Apr,EPS,CY2028,0.076,-0.719,-1046.1%,-0.531,+26.1%,-0.473,+10.9%,10.43,-22.1,-722.4%,-22.6%,+11.1%,-58.8%
PATH,Extended,Software,Information Technology,Software & Services,Adj,Jan,EPS,CY2025,0.551,0.67,+21.6%,0.672,+0.3%,0.672,+0.0%,11.24,16.7,+22.0%,-31.4%,-2.7%,-15.2%
PATH,Extended,Software,Information Technology,Software & Services,Adj,Jan,EPS,CY2026,0.625,0.754,+20.6%,0.761,+0.9%,0.783,+2.9%,11.24,14.4,+25.3%,-31.4%,-2.7%,-15.2%
PATH,Extended,Software,Information Technology,Software & Services,Adj,Jan,EPS,CY2027,0.67,0.815,+21.6%,0.822,+0.9%,0.901,+9.6%,11.24,12.5,+34.5%,-31.4%,-2.7%,-15.2%
PATH,Extended,Software,Information Technology,Software & Services,Adj,Jan,EPS,CY2028,0.73,0.895,+22.6%,0.863,-3.6%,1.054,+22.1%,11.24,10.7,+44.4%,-31.4%,-2.7%,-15.2%
ON,Extended,Technology,Information Technology,Semiconductors & Semiconductor,Adj,Dec,EPS,CY2025,2.293,2.315,+1.0%,2.343,+1.2%,2.343,+0.0%,117.26,50.0,+2.2%,+116.5%,+92.7%,+136.7%
ON,Extended,Technology,Information Technology,Semiconductors & Semiconductor,Adj,Dec,EPS,CY2026,3.086,2.926,-5.2%,2.935,+0.3%,3.09,+5.3%,117.26,37.9,+0.1%,+116.5%,+92.7%,+136.7%
ON,Extended,Technology,Information Technology,Semiconductors & Semiconductor,Adj,Dec,EPS,CY2027,4.461,4.028,-9.7%,4.051,+0.6%,4.252,+5.0%,117.26,27.6,-4.7%,+116.5%,+92.7%,+136.7%
ON,Extended,Technology,Information Technology,Semiconductors & Semiconductor,Adj,Dec,EPS,CY2028,48.213,5.315,-89.0%,5.289,-0.5%,5.63,+6.4%,117.26,20.8,-88.3%,+116.5%,+92.7%,+136.7%
MCHP,Extended,Technology,Information Technology,Semiconductors & Semiconductor,Adj,Mar,EPS,CY2025,1.4,1.448,+3.4%,1.567,+8.2%,1.567,+0.0%,88.34,56.4,+11.9%,+38.6%,+30.3%,+37.2%
MCHP,Extended,Technology,Information Technology,Semiconductors & Semiconductor,Adj,Mar,EPS,CY2026,2.524,2.474,-2.0%,2.661,+7.6%,3.143,+18.1%,88.34,28.1,+24.5%,+38.6%,+30.3%,+37.2%
MCHP,Extended,Technology,Information Technology,Semiconductors & Semiconductor,Adj,Mar,EPS,CY2027,3.19,3.526,+10.5%,3.635,+3.1%,4.11,+13.1%,88.34,21.5,+28.8%,+38.6%,+30.3%,+37.2%
MCHP,Extended,Technology,Information Technology,Semiconductors & Semiconductor,Adj,Mar,EPS,CY2028,4.11,3.77,-8.3%,4.125,+9.4%,4.665,+13.1%,88.34,18.9,+13.5%,+38.6%,+30.3%,+37.2%
NXPI,Extended,Technology,Information Technology,Semiconductors & Semiconductor,Adj,Dec,EPS,CY2025,11.533,11.77,+2.1%,11.774,+0.0%,11.774,+0.0%,295.96,25.1,+2.1%,+36.3%,+40.5%,+43.0%
NXPI,Extended,Technology,Information Technology,Semiconductors & Semiconductor,Adj,Dec,EPS,CY2026,13.756,13.774,+0.1%,13.935,+1.2%,14.677,+5.3%,295.96,20.2,+6.7%,+36.3%,+40.5%,+43.0%
NXPI,Extended,Technology,Information Technology,Semiconductors & Semiconductor,Adj,Dec,EPS,CY2027,16.123,16.411,+1.8%,16.824,+2.5%,17.566,+4.4%,295.96,16.8,+8.9%,+36.3%,+40.5%,+43.0%
NXPI,Extended,Technology,Information Technology,Semiconductors & Semiconductor,Adj,Dec,EPS,CY2028,,19.48,,18.959,-2.7%,20.682,+9.1%,295.96,14.3,,+36.3%,+40.5%,+43.0%
HIMS,Extended,Healthcare providers,Health Care,Health Care Equipment & Servic,Adj,Dec,EPS,CY2025,1.07,0.834,-22.1%,0.799,-4.2%,0.799,+0.0%,26.19,32.8,-25.3%,-19.3%,+64.9%,-50.4%
HIMS,Extended,Healthcare providers,Health Care,Health Care Equipment & Servic,Adj,Dec,EPS,CY2026,0.837,0.701,-16.2%,0.663,-5.4%,0.403,-39.2%,26.19,65.0,-51.9%,-19.3%,+64.9%,-50.4%
HIMS,Extended,Healthcare providers,Health Care,Health Care Equipment & Servic,Adj,Dec,EPS,CY2027,1.269,0.929,-26.8%,0.952,+2.5%,1.02,+7.1%,26.19,25.7,-19.6%,-19.3%,+64.9%,-50.4%
HIMS,Extended,Healthcare providers,Health Care,Health Care Equipment & Servic,Adj,Dec,EPS,CY2028,2.05,1.487,-27.5%,1.438,-3.3%,1.363,-5.2%,26.19,19.2,-33.5%,-19.3%,+64.9%,-50.4%
DOCS,Extended,Healthcare providers,Health Care,Health Care Equipment & Servic,Adj,Mar,EPS,CY2025,1.432,1.572,+9.8%,1.543,-1.8%,1.543,+0.0%,20.59,13.3,+7.8%,-53.5%,-21.0%,-64.1%
DOCS,Extended,Healthcare providers,Health Care,Health Care Equipment & Servic,Adj,Mar,EPS,CY2026,1.589,1.709,+7.6%,1.609,-5.9%,1.437,-10.7%,20.59,14.3,-9.6%,-53.5%,-21.0%,-64.1%
DOCS,Extended,Healthcare providers,Health Care,Health Care Equipment & Servic,Adj,Mar,EPS,CY2027,1.788,1.884,+5.4%,1.782,-5.4%,1.586,-11.0%,20.59,13.0,-11.3%,-53.5%,-21.0%,-64.1%
DOCS,Extended,Healthcare providers,Health Care,Health Care Equipment & Servic,Adj,Mar,EPS,CY2028,2.32,2.157,-7.0%,2.103,-2.5%,1.837,-12.6%,20.59,11.2,-20.8%,-53.5%,-21.0%,-64.1%
COIN,Extended,Financials and related,Financials,Financial Services,Adj,Dec,EPS,CY2025,5.179,5.463,+5.5%,4.406,-19.3%,4.406,+0.0%,152.4,34.6,-14.9%,-32.6%,-25.9%,-37.6%
COIN,Extended,Financials and related,Financials,Financial Services,Adj,Dec,EPS,CY2026,7.178,6.839,-4.7%,3.446,-49.6%,1.468,-57.4%,152.4,103.8,-79.5%,-32.6%,-25.9%,-37.6%
COIN,Extended,Financials and related,Financials,Financial Services,Adj,Dec,EPS,CY2027,8.07,7.552,-6.4%,5.3,-29.8%,4.963,-6.4%,152.4,30.7,-38.5%,-32.6%,-25.9%,-37.6%
COIN,Extended,Financials and related,Financials,Financial Services,Adj,Dec,EPS,CY2028,8.941,8.935,-0.1%,5.953,-33.4%,6.055,+1.7%,152.4,25.2,-32.3%,-32.6%,-25.9%,-37.6%
SOFI,Extended,Financials and related,Financials,Financial Services,Adj,Dec,EPS,CY2025,0.278,0.386,+38.8%,0.366,-5.2%,0.366,+0.0%,16.03,43.8,+31.7%,-38.8%,-16.7%,+17.3%
SOFI,Extended,Financials and related,Financials,Financial Services,Adj,Dec,EPS,CY2026,0.492,0.588,+19.5%,0.591,+0.5%,0.596,+0.8%,16.03,26.9,+21.1%,-38.8%,-16.7%,+17.3%
SOFI,Extended,Financials and related,Financials,Financial Services,Adj,Dec,EPS,CY2027,0.661,0.823,+24.5%,0.818,-0.6%,0.824,+0.7%,16.03,19.5,+24.7%,-38.8%,-16.7%,+17.3%
SOFI,Extended,Financials and related,Financials,Financial Services,Adj,Dec,EPS,CY2028,,0.92,,0.998,+8.5%,1.007,+0.9%,16.03,15.9,,-38.8%,-16.7%,+17.3%
CPNG,Extended,Retailers,Consumer Discretionary,Consumer Discretionary Distrib,Adj,Dec,EPS,CY2025,0.32,0.174,-45.6%,0.168,-3.4%,0.168,+0.0%,15.15,90.2,-47.5%,-35.8%,-21.8%,-46.9%
CPNG,Extended,Retailers,Consumer Discretionary,Consumer Discretionary Distrib,Adj,Dec,EPS,CY2026,0.714,0.561,-21.4%,0.159,-71.7%,-0.124,-178.0%,15.15,-122.2,-117.4%,-35.8%,-21.8%,-46.9%
CPNG,Extended,Retailers,Consumer Discretionary,Consumer Discretionary Distrib,Adj,Dec,EPS,CY2027,0.99,0.934,-5.7%,0.579,-38.0%,0.359,-38.0%,15.15,42.2,-63.7%,-35.8%,-21.8%,-46.9%
CPNG,Extended,Retailers,Consumer Discretionary,Consumer Discretionary Distrib,Adj,Dec,EPS,CY2028,1.29,1.485,+15.1%,0.88,-40.7%,0.734,-16.6%,15.15,20.6,-43.1%,-35.8%,-21.8%,-46.9%
MELI,Extended,Retailers,Consumer Discretionary,Consumer Discretionary Distrib,Adj,Dec,EPS,CY2025,50.173,41.34,-17.6%,40.854,-1.2%,40.854,+0.0%,1607.8,39.4,-18.6%,-20.2%,-9.7%,-37.7%
MELI,Extended,Retailers,Consumer Discretionary,Consumer Discretionary Distrib,Adj,Dec,EPS,CY2026,69.23,60.74,-12.3%,56.63,-6.8%,41.922,-26.0%,1607.8,38.4,-39.4%,-20.2%,-9.7%,-37.7%
MELI,Extended,Retailers,Consumer Discretionary,Consumer Discretionary Distrib,Adj,Dec,EPS,CY2027,91.909,84.352,-8.2%,78.472,-7.0%,58.881,-25.0%,1607.8,27.3,-35.9%,-20.2%,-9.7%,-37.7%
MELI,Extended,Retailers,Consumer Discretionary,Consumer Discretionary Distrib,Adj,Dec,EPS,CY2028,117.226,111.245,-5.1%,101.612,-8.7%,82.624,-18.7%,1607.8,19.5,-29.5%,-20.2%,-9.7%,-37.7%
SE,Extended,Internet,Consumer Discretionary,Consumer Discretionary Distrib,Adj,Dec,EPS,CY2025,3.922,3.696,-5.8%,3.587,-2.9%,3.587,+0.0%,86.56,24.1,-8.5%,-32.1%,-9.4%,-49.2%
SE,Extended,Internet,Consumer Discretionary,Consumer Discretionary Distrib,Adj,Dec,EPS,CY2026,5.561,5.044,-9.3%,4.025,-20.2%,3.735,-7.2%,86.56,23.2,-32.8%,-32.1%,-9.4%,-49.2%
SE,Extended,Internet,Consumer Discretionary,Consumer Discretionary Distrib,Adj,Dec,EPS,CY2027,6.964,6.705,-3.7%,5.402,-19.4%,5.121,-5.2%,86.56,16.9,-26.5%,-32.1%,-9.4%,-49.2%
SE,Extended,Internet,Consumer Discretionary,Consumer Discretionary Distrib,Adj,Dec,EPS,CY2028,10.945,9.32,-14.8%,6.728,-27.8%,6.452,-4.1%,86.56,13.4,-41.1%,-32.1%,-9.4%,-49.2%
GTLB,Extended,Software,Information Technology,Software & Services,Adj,Jan,EPS,CY2025,0.71,0.891,+25.5%,0.894,+0.3%,0.894,+0.0%,31.12,34.8,+25.9%,-17.1%,+22.7%,-36.2%
GTLB,Extended,Software,Information Technology,Software & Services,Adj,Jan,EPS,CY2026,0.942,1.058,+12.3%,0.798,-24.6%,0.82,+2.8%,31.12,38.0,-13.0%,-17.1%,+22.7%,-36.2%
GTLB,Extended,Software,Information Technology,Software & Services,Adj,Jan,EPS,CY2027,,1.31,,1.033,-21.1%,1.029,-0.4%,31.12,30.2,,-17.1%,+22.7%,-36.2%
GTLB,Extended,Software,Information Technology,Software & Services,Adj,Jan,EPS,CY2028,,1.807,,1.4,-22.5%,1.224,-12.6%,31.12,25.4,,-17.1%,+22.7%,-36.2%
CFLT,Extended,Software,Information Technology,Software & Services,Adj,Dec,EPS,CY2025,0.369,0.4,+8.4%,0.4,+0.0%,0.4,+0.0%,,,+8.4%,,,
CFLT,Extended,Software,Information Technology,Software & Services,Adj,Dec,EPS,CY2026,0.476,0.486,+2.1%,0.503,+3.5%,0.533,+6.0%,,,+12.0%,,,
CFLT,Extended,Software,Information Technology,Software & Services,Adj,Dec,EPS,CY2027,0.659,0.639,-3.0%,0.657,+2.8%,0.73,+11.1%,,,+10.8%,,,
CFLT,Extended,Software,Information Technology,Software & Services,Adj,Dec,EPS,CY2028,0.875,0.805,-8.0%,0.8,-0.6%,0.81,+1.3%,,,-7.4%,,,
IONQ,Extended,Technology,Information Technology,Technology Hardware & Equipmen,Adj,Dec,EPS,CY2025,-0.657,-0.793,-20.7%,-0.833,-5.0%,-0.833,+0.0%,56.78,-68.2,-26.8%,+26.5%,+57.6%,+54.9%
IONQ,Extended,Technology,Information Technology,Technology Hardware & Equipmen,Adj,Dec,EPS,CY2026,-0.732,-1.175,-60.5%,-0.882,+24.9%,-1.131,-28.2%,56.78,-50.2,-54.5%,+26.5%,+57.6%,+54.9%
IONQ,Extended,Technology,Information Technology,Technology Hardware & Equipmen,Adj,Dec,EPS,CY2027,-0.45,-0.742,-64.9%,-0.808,-8.9%,-1.032,-27.7%,56.78,-55.0,-129.3%,+26.5%,+57.6%,+54.9%
IONQ,Extended,Technology,Information Technology,Technology Hardware & Equipmen,Adj,Dec,EPS,CY2028,-0.45,-0.82,-82.2%,-0.532,+35.1%,-0.79,-48.5%,56.78,-71.9,-75.6%,+26.5%,+57.6%,+54.9%
ZS,Extended,Software,Information Technology,Software & Services,Adj,Jul,EPS,CY2025,3.189,3.19,+0.0%,3.19,+0.0%,3.19,+0.0%,130.78,41.0,+0.0%,-41.9%,-19.3%,-56.5%
ZS,Extended,Software,Information Technology,Software & Services,Adj,Jul,EPS,CY2026,3.644,3.816,+4.7%,4.012,+5.1%,4.129,+2.9%,130.78,31.7,+13.3%,-41.9%,-19.3%,-56.5%
ZS,Extended,Software,Information Technology,Software & Services,Adj,Jul,EPS,CY2027,4.424,4.483,+1.3%,4.577,+2.1%,4.599,+0.5%,130.78,28.4,+4.0%,-41.9%,-19.3%,-56.5%
ZS,Extended,Software,Information Technology,Software & Services,Adj,Jul,EPS,CY2028,5.495,5.446,-0.9%,5.528,+1.5%,5.395,-2.4%,130.78,24.2,-1.8%,-41.9%,-19.3%,-56.5%
S,Extended,Software,Information Technology,Software & Services,Adj,Jan,EPS,CY2025,0.2,0.191,-4.5%,0.195,+2.1%,0.195,+0.0%,15.95,81.8,-2.5%,+6.3%,+14.2%,-12.0%
S,Extended,Software,Information Technology,Software & Services,Adj,Jan,EPS,CY2026,0.351,0.308,-12.3%,0.301,-2.3%,0.35,+16.3%,15.95,45.6,-0.3%,+6.3%,+14.2%,-12.0%
S,Extended,Software,Information Technology,Software & Services,Adj,Jan,EPS,CY2027,0.529,0.448,-15.3%,0.43,-4.0%,0.501,+16.5%,15.95,31.8,-5.3%,+6.3%,+14.2%,-12.0%
S,Extended,Software,Information Technology,Software & Services,Adj,Jan,EPS,CY2028,0.88,0.742,-15.7%,0.678,-8.6%,0.71,+4.7%,15.95,22.5,-19.3%,+6.3%,+14.2%,-12.0%
AFRM,Extended,Payments,Financials,Financial Services,Adj,Jun,EPS,CY2025,0.107,0.065,-39.3%,0.065,+0.0%,0.065,+0.0%,63.61,978.6,-39.3%,-14.5%,+21.2%,+14.2%
AFRM,Extended,Payments,Financials,Financial Services,Adj,Jun,EPS,CY2026,1.073,1.086,+1.2%,1.098,+1.1%,1.269,+15.6%,63.61,50.1,+18.3%,-14.5%,+21.2%,+14.2%
AFRM,Extended,Payments,Financials,Financial Services,Adj,Jun,EPS,CY2027,1.838,1.824,-0.8%,1.981,+8.6%,2.145,+8.3%,63.61,29.7,+16.7%,-14.5%,+21.2%,+14.2%
AFRM,Extended,Payments,Financials,Financial Services,Adj,Jun,EPS,CY2028,2.2,2.455,+11.6%,2.473,+0.7%,2.955,+19.5%,63.61,21.5,+34.3%,-14.5%,+21.2%,+14.2%
GRAB,Extended,Internet,Industrials,Transportation,Adj,Dec,EPS,CY2025,0.052,0.037,-28.8%,0.039,+5.4%,0.039,+0.0%,3.34,85.6,-25.0%,-33.1%,-17.1%,-34.0%
GRAB,Extended,Internet,Industrials,Transportation,Adj,Dec,EPS,CY2026,0.112,0.1,-10.7%,0.097,-3.0%,0.103,+6.2%,3.34,32.4,-8.0%,-33.1%,-17.1%,-34.0%
GRAB,Extended,Internet,Industrials,Transportation,Adj,Dec,EPS,CY2027,0.159,0.153,-3.8%,0.155,+1.3%,0.154,-0.6%,3.34,21.7,-3.1%,-33.1%,-17.1%,-34.0%
GRAB,Extended,Internet,Industrials,Transportation,Adj,Dec,EPS,CY2028,,0.23,,0.2,-13.0%,0.207,+3.5%,3.34,16.1,,-33.1%,-17.1%,-34.0%
GLBE,Extended,Internet,Consumer Discretionary,Consumer Discretionary Distrib,Adj,Dec,EPS,CY2025,0.382,0.42,+9.9%,0.342,-18.6%,0.342,+0.0%,32.13,93.9,-10.5%,-18.3%,-12.4%,-7.0%
GLBE,Extended,Internet,Consumer Discretionary,Consumer Discretionary Distrib,Adj,Dec,EPS,CY2026,1.006,1.078,+7.2%,1.138,+5.6%,1.23,+8.1%,32.13,26.1,+22.3%,-18.3%,-12.4%,-7.0%
GLBE,Extended,Internet,Consumer Discretionary,Consumer Discretionary Distrib,Adj,Dec,EPS,CY2027,1.382,1.481,+7.2%,1.611,+8.8%,1.653,+2.6%,32.13,19.4,+19.6%,-18.3%,-12.4%,-7.0%
GLBE,Extended,Internet,Consumer Discretionary,Consumer Discretionary Distrib,Adj,Dec,EPS,CY2028,2.065,2.067,+0.1%,2.108,+2.0%,2.22,+5.3%,32.13,14.5,+7.5%,-18.3%,-12.4%,-7.0%
DUOL,Extended,Internet,Consumer Discretionary,Consumer Services,Adj,Dec,EPS,CY2025,2.895,8.446,+191.7%,8.448,+0.0%,8.448,+0.0%,109.03,12.9,+191.8%,-37.9%,+7.4%,-79.2%
DUOL,Extended,Internet,Consumer Discretionary,Consumer Services,Adj,Dec,EPS,CY2026,4.761,4.716,-0.9%,3.313,-29.7%,2.877,-13.2%,109.03,37.9,-39.6%,-37.9%,+7.4%,-79.2%
DUOL,Extended,Internet,Consumer Discretionary,Consumer Services,Adj,Dec,EPS,CY2027,6.501,5.547,-14.7%,3.607,-35.0%,3.568,-1.1%,109.03,30.6,-45.1%,-37.9%,+7.4%,-79.2%
DUOL,Extended,Internet,Consumer Discretionary,Consumer Services,Adj,Dec,EPS,CY2028,7.285,7.405,+1.6%,3.935,-46.9%,4.041,+2.7%,109.03,27.0,-44.5%,-37.9%,+7.4%,-79.2%
INSP,Extended,Pharma / Med Devices,Health Care,Health Care Equipment & Servic,Adj,Dec,EPS,CY2025,2.251,1.434,-36.3%,1.492,+4.0%,1.492,+0.0%,41.19,27.6,-33.7%,-55.3%,-34.1%,-69.7%
INSP,Extended,Pharma / Med Devices,Health Care,Health Care Equipment & Servic,Adj,Dec,EPS,CY2026,3.186,1.781,-44.1%,1.865,+4.7%,0.771,-58.7%,41.19,53.4,-75.8%,-55.3%,-34.1%,-69.7%
INSP,Extended,Pharma / Med Devices,Health Care,Health Care Equipment & Servic,Adj,Dec,EPS,CY2027,4.301,2.56,-40.5%,2.469,-3.6%,1.277,-48.3%,41.19,32.3,-70.3%,-55.3%,-34.1%,-69.7%
INSP,Extended,Pharma / Med Devices,Health Care,Health Care Equipment & Servic,Adj,Dec,EPS,CY2028,5.267,3.469,-34.1%,3.333,-3.9%,2.011,-39.7%,41.19,20.5,-61.8%,-55.3%,-34.1%,-69.7%
GDRX,Extended,Healthcare providers,Health Care,Health Care Equipment & Servic,Adj,Dec,EPS,CY2025,0.387,0.36,-7.0%,0.361,+0.3%,0.361,+0.0%,2.65,7.3,-6.7%,-2.2%,+15.7%,-37.2%
GDRX,Extended,Healthcare providers,Health Care,Health Care Equipment & Servic,Adj,Dec,EPS,CY2026,0.457,0.436,-4.6%,0.318,-27.1%,0.311,-2.2%,2.65,8.5,-31.9%,-2.2%,+15.7%,-37.2%
GDRX,Extended,Healthcare providers,Health Care,Health Care Equipment & Servic,Adj,Dec,EPS,CY2027,0.514,0.514,+0.0%,0.37,-28.0%,0.363,-1.9%,2.65,7.3,-29.4%,-2.2%,+15.7%,-37.2%
GDRX,Extended,Healthcare providers,Health Care,Health Care Equipment & Servic,Adj,Dec,EPS,CY2028,0.6,0.519,-13.5%,0.447,-13.9%,0.434,-2.9%,2.65,6.1,-27.7%,-2.2%,+15.7%,-37.2%
OSCR,Extended,Managed Care,Financials,Insurance,Adj,Dec,EPS,CY2025,0.743,-1.126,-251.5%,-1.214,-7.8%,-1.214,+0.0%,24.51,-20.2,-263.4%,+70.6%,+70.3%,+56.6%
OSCR,Extended,Managed Care,Financials,Insurance,Adj,Dec,EPS,CY2026,0.965,-0.103,-110.7%,0.826,+901.9%,0.871,+5.4%,24.51,28.1,-9.7%,+70.6%,+70.3%,+56.6%
OSCR,Extended,Managed Care,Financials,Insurance,Adj,Dec,EPS,CY2027,1.785,0.98,-45.1%,1.192,+21.6%,1.48,+24.2%,24.51,16.6,-17.1%,+70.6%,+70.3%,+56.6%
OSCR,Extended,Managed Care,Financials,Insurance,Adj,Dec,EPS,CY2028,,1.4,,2.01,+43.6%,2.283,+13.6%,24.51,10.7,,+70.6%,+70.3%,+56.6%
FSLR,Extended,Energy,Information Technology,Semiconductors & Semiconductor,Adj,Dec,EPS,CY2025,15.031,14.544,-3.2%,14.547,+0.0%,14.547,+0.0%,279.01,19.2,-3.2%,+6.8%,+45.5%,+70.3%
FSLR,Extended,Energy,Information Technology,Semiconductors & Semiconductor,Adj,Dec,EPS,CY2026,22.478,22.862,+1.7%,19.084,-16.5%,17.96,-5.9%,279.01,15.5,-20.1%,+6.8%,+45.5%,+70.3%
FSLR,Extended,Energy,Information Technology,Semiconductors & Semiconductor,Adj,Dec,EPS,CY2027,26.931,28.994,+7.7%,25.06,-13.6%,24.146,-3.6%,279.01,11.6,-10.3%,+6.8%,+45.5%,+70.3%
FSLR,Extended,Energy,Information Technology,Semiconductors & Semiconductor,Adj,Dec,EPS,CY2028,28.977,32.665,+12.7%,30.473,-6.7%,28.446,-6.7%,279.01,9.8,-1.8%,+6.8%,+45.5%,+70.3%
ENPH,Extended,Energy,Information Technology,Semiconductors & Semiconductor,Adj,Dec,EPS,CY2025,2.485,2.821,+13.5%,2.809,-0.4%,2.809,+0.0%,56.07,20.0,+13.0%,+74.9%,+36.3%,+35.8%
ENPH,Extended,Energy,Information Technology,Semiconductors & Semiconductor,Adj,Dec,EPS,CY2026,3.144,2.111,-32.9%,2.183,+3.4%,2.069,-5.2%,56.07,27.1,-34.2%,+74.9%,+36.3%,+35.8%
ENPH,Extended,Energy,Information Technology,Semiconductors & Semiconductor,Adj,Dec,EPS,CY2027,3.719,2.522,-32.2%,2.608,+3.4%,2.407,-7.7%,56.07,23.3,-35.3%,+74.9%,+36.3%,+35.8%
ENPH,Extended,Energy,Information Technology,Semiconductors & Semiconductor,Adj,Dec,EPS,CY2028,4.118,2.99,-27.4%,3.059,+2.3%,2.903,-5.1%,56.07,19.3,-29.5%,+74.9%,+36.3%,+35.8%
RUN,Extended,Energy,Industrials,Capital Goods,Adj,Dec,EPS,CY2025,-0.082,1.422,+1834.1%,1.489,+4.7%,1.489,+0.0%,13.355,9.0,+1915.9%,-27.4%,+13.3%,+59.4%
RUN,Extended,Energy,Industrials,Capital Goods,Adj,Dec,EPS,CY2026,-0.086,0.347,+503.5%,0.337,-2.9%,1.107,+228.5%,13.355,12.1,+1387.2%,-27.4%,+13.3%,+59.4%
RUN,Extended,Energy,Industrials,Capital Goods,Adj,Dec,EPS,CY2027,-0.291,0.39,+234.0%,0.219,-43.8%,0.572,+161.2%,13.355,23.3,+296.6%,-27.4%,+13.3%,+59.4%
RUN,Extended,Energy,Industrials,Capital Goods,Adj,Dec,EPS,CY2028,-0.326,1.036,+417.8%,0.384,-62.9%,0.812,+111.5%,13.355,16.4,+349.1%,-27.4%,+13.3%,+59.4%
PLUG,Extended,Energy,Industrials,Capital Goods,Adj,Dec,EPS,CY2025,-0.579,-0.735,-26.9%,-0.733,+0.3%,-0.733,+0.0%,3.215,-4.4,-26.6%,+63.2%,+40.4%,+268.9%
PLUG,Extended,Energy,Industrials,Capital Goods,Adj,Dec,EPS,CY2026,-0.367,-0.307,+16.3%,-0.303,+1.3%,-0.322,-6.3%,3.215,-10.0,+12.3%,+63.2%,+40.4%,+268.9%
PLUG,Extended,Energy,Industrials,Capital Goods,Adj,Dec,EPS,CY2027,-0.264,-0.211,+20.1%,-0.197,+6.6%,-0.161,+18.3%,3.215,-20.0,+39.0%,+63.2%,+40.4%,+268.9%
PLUG,Extended,Energy,Industrials,Capital Goods,Adj,Dec,EPS,CY2028,-0.252,-0.113,+55.2%,-0.128,-13.3%,-0.1,+21.9%,3.215,-32.1,+60.3%,+63.2%,+40.4%,+268.9%
GFS,Extended,Technology,Information Technology,Semiconductors & Semiconductor,Adj,Dec,EPS,CY2025,1.587,1.636,+3.1%,1.636,+0.0%,1.636,+0.0%,75.53,46.2,+3.1%,+116.3%,+56.3%,+101.4%
GFS,Extended,Technology,Information Technology,Semiconductors & Semiconductor,Adj,Dec,EPS,CY2026,2.212,1.896,-14.3%,1.814,-4.3%,1.915,+5.6%,75.53,39.4,-13.4%,+116.3%,+56.3%,+101.4%
GFS,Extended,Technology,Information Technology,Semiconductors & Semiconductor,Adj,Dec,EPS,CY2027,2.744,2.302,-16.1%,2.348,+2.0%,2.541,+8.2%,75.53,29.7,-7.4%,+116.3%,+56.3%,+101.4%
GFS,Extended,Technology,Information Technology,Semiconductors & Semiconductor,Adj,Dec,EPS,CY2028,45.44,30.678,-32.5%,3.016,-90.2%,3.225,+6.9%,75.53,23.4,-92.9%,+116.3%,+56.3%,+101.4%
2454,Extended,Technology,Information Technology,Semiconductors & Semiconductor,GAAP,Dec,EPS,CY2025,73.355,66.541,-9.3%,66.537,-0.0%,66.537,+0.0%,4300.0,64.6,-9.3%,+200.7%,+143.6%,+235.9%
2454,Extended,Technology,Information Technology,Semiconductors & Semiconductor,GAAP,Dec,EPS,CY2026,85.98,71.994,-16.3%,65.24,-9.4%,65.997,+1.2%,4300.0,65.2,-23.2%,+200.7%,+143.6%,+235.9%
2454,Extended,Technology,Information Technology,Semiconductors & Semiconductor,GAAP,Dec,EPS,CY2027,100.087,89.995,-10.1%,96.201,+6.9%,121.138,+25.9%,4300.0,35.5,+21.0%,+200.7%,+143.6%,+235.9%
2454,Extended,Technology,Information Technology,Semiconductors & Semiconductor,GAAP,Dec,EPS,CY2028,109.895,98.185,-10.7%,110.837,+12.9%,202.959,+83.1%,4300.0,21.2,+84.7%,+200.7%,+143.6%,+235.9%
AMG,Extended,Financials and related,Financials,Financial Services,Adj,Dec,EPS,CY2025,22.877,25.159,+10.0%,25.53,+1.5%,25.53,+0.0%,336.81,13.2,+11.6%,+16.8%,+12.6%,+86.8%
AMG,Extended,Financials and related,Financials,Financial Services,Adj,Dec,EPS,CY2026,25.752,29.844,+15.9%,32.522,+9.0%,34.825,+7.1%,336.81,9.7,+35.2%,+16.8%,+12.6%,+86.8%
AMG,Extended,Financials and related,Financials,Financial Services,Adj,Dec,EPS,CY2027,29.162,34.465,+18.2%,38.271,+11.0%,39.281,+2.6%,336.81,8.6,+34.7%,+16.8%,+12.6%,+86.8%
AMG,Extended,Financials and related,Financials,Financial Services,Adj,Dec,EPS,CY2028,33.07,32.96,-0.3%,42.373,+28.6%,43.157,+1.9%,336.81,7.8,+30.5%,+16.8%,+12.6%,+86.8%
AB,Extended,Financials and related,Financials,Financial Services,Adj,Dec,EPS,CY2025,3.13,3.323,+6.2%,3.32,-0.1%,3.32,+0.0%,37.26,11.2,+6.1%,-3.2%,-3.3%,-5.8%
AB,Extended,Financials and related,Financials,Financial Services,Adj,Dec,EPS,CY2026,3.504,3.77,+7.6%,3.619,-4.0%,3.474,-4.0%,37.26,10.7,-0.9%,-3.2%,-3.3%,-5.8%
AB,Extended,Financials and related,Financials,Financial Services,Adj,Dec,EPS,CY2027,4.02,4.08,+1.5%,4.028,-1.3%,3.823,-5.1%,37.26,9.7,-4.9%,-3.2%,-3.3%,-5.8%
AB,Extended,Financials and related,Financials,Financial Services,Adj,Dec,EPS,CY2028,4.08,4.28,+4.9%,4.133,-3.4%,4.217,+2.0%,37.26,8.8,+3.4%,-3.2%,-3.3%,-5.8%
BLK,Extended,Financials and related,Financials,Financial Services,Adj,Dec,EPS,CY2025,45.616,47.913,+5.0%,47.182,-1.5%,47.182,+0.0%,995.6,21.1,+3.4%,-7.0%,-3.8%,+1.0%
BLK,Extended,Financials and related,Financials,Financial Services,Adj,Dec,EPS,CY2026,50.679,54.059,+6.7%,54.06,+0.0%,53.272,-1.5%,995.6,18.7,+5.1%,-7.0%,-3.8%,+1.0%
BLK,Extended,Financials and related,Financials,Financial Services,Adj,Dec,EPS,CY2027,57.753,61.673,+6.8%,61.686,+0.0%,60.582,-1.8%,995.6,16.4,+4.9%,-7.0%,-3.8%,+1.0%
BLK,Extended,Financials and related,Financials,Financial Services,Adj,Dec,EPS,CY2028,,65.315,,70.272,+7.6%,69.211,-1.5%,995.6,14.4,,-7.0%,-3.8%,+1.0%
FHI,Extended,Financials and related,Financials,Financial Services,Adj,Dec,EPS,CY2025,4.324,4.891,+13.1%,4.942,+1.0%,4.942,+0.0%,57.03,11.5,+14.3%,+9.5%,+0.3%,+36.0%
FHI,Extended,Financials and related,Financials,Financial Services,Adj,Dec,EPS,CY2026,4.389,5.076,+15.7%,5.114,+0.7%,5.094,-0.4%,57.03,11.2,+16.1%,+9.5%,+0.3%,+36.0%
FHI,Extended,Financials and related,Financials,Financial Services,Adj,Dec,EPS,CY2027,4.907,5.637,+14.9%,5.733,+1.7%,5.636,-1.7%,57.03,10.1,+14.9%,+9.5%,+0.3%,+36.0%
FHI,Extended,Financials and related,Financials,Financial Services,Adj,Dec,EPS,CY2028,5.29,5.61,+6.0%,6.283,+12.0%,6.245,-0.6%,57.03,9.1,+18.1%,+9.5%,+0.3%,+36.0%
JHG,Extended,Financials and related,Financials,Financial Services,Adj,Dec,EPS,CY2025,3.311,3.931,+18.7%,4.015,+2.1%,4.015,+0.0%,51.76,12.9,+21.3%,+8.8%,+0.5%,+43.8%
JHG,Extended,Financials and related,Financials,Financial Services,Adj,Dec,EPS,CY2026,3.595,4.296,+19.5%,4.315,+0.4%,4.222,-2.2%,51.76,12.3,+17.4%,+8.8%,+0.5%,+43.8%
JHG,Extended,Financials and related,Financials,Financial Services,Adj,Dec,EPS,CY2027,3.837,4.64,+20.9%,4.771,+2.8%,4.69,-1.7%,51.76,11.0,+22.2%,+8.8%,+0.5%,+43.8%
JHG,Extended,Financials and related,Financials,Financial Services,Adj,Dec,EPS,CY2028,4.41,5.285,+19.8%,4.91,-7.1%,4.797,-2.3%,51.76,10.8,+8.8%,+8.8%,+0.5%,+43.8%
IVZ,Extended,Financials and related,Financials,Financial Services,Adj,Dec,EPS,CY2025,1.679,1.971,+17.4%,1.993,+1.1%,1.993,+0.0%,27.35,13.7,+18.7%,+4.1%,+10.6%,+91.9%
IVZ,Extended,Financials and related,Financials,Financial Services,Adj,Dec,EPS,CY2026,1.816,2.5,+37.7%,2.588,+3.5%,2.581,-0.3%,27.35,10.6,+42.1%,+4.1%,+10.6%,+91.9%
IVZ,Extended,Financials and related,Financials,Financial Services,Adj,Dec,EPS,CY2027,2.163,2.883,+33.3%,3.01,+4.4%,2.953,-1.9%,27.35,9.3,+36.5%,+4.1%,+10.6%,+91.9%
IVZ,Extended,Financials and related,Financials,Financial Services,Adj,Dec,EPS,CY2028,2.22,3.14,+41.4%,3.36,+7.0%,3.269,-2.7%,27.35,8.4,+47.3%,+4.1%,+10.6%,+91.9%
IR,Extended,Industrial / Cyclical,Industrials,Capital Goods,Adj,Dec,EPS,CY2025,3.338,3.285,-1.6%,3.28,-0.2%,3.28,+0.0%,72.25,22.0,-1.7%,-8.8%,-20.2%,-11.8%
IR,Extended,Industrial / Cyclical,Industrials,Capital Goods,Adj,Dec,EPS,CY2026,3.662,3.557,-2.9%,3.533,-0.7%,3.505,-0.8%,72.25,20.6,-4.3%,-8.8%,-20.2%,-11.8%
IR,Extended,Industrial / Cyclical,Industrials,Capital Goods,Adj,Dec,EPS,CY2027,4.003,3.93,-1.8%,3.904,-0.7%,3.843,-1.6%,72.25,18.8,-4.0%,-8.8%,-20.2%,-11.8%
IR,Extended,Industrial / Cyclical,Industrials,Capital Goods,Adj,Dec,EPS,CY2028,4.453,4.381,-1.6%,4.309,-1.6%,4.197,-2.6%,72.25,17.2,-5.7%,-8.8%,-20.2%,-11.8%
HCA,Portfolio,,Health Care,Health Care Equipment & Servic,,Dec,Revenue,CY2025,74701.375,75766.409,+1.4%,75765.818,-0.0%,75765.818,+0.0%,372.13,,+1.4%,-20.3%,-30.4%,-2.5%
HCA,Portfolio,,Health Care,Health Care Equipment & Servic,,Dec,Revenue,CY2026,78479.0,79138.364,+0.8%,78739.391,-0.5%,78556.417,-0.2%,372.13,,+0.1%,-20.3%,-30.4%,-2.5%
HCA,Portfolio,,Health Care,Health Care Equipment & Servic,,Dec,Revenue,CY2027,82542.0,83170.526,+0.8%,82503.273,-0.8%,82347.292,-0.2%,372.13,,-0.2%,-20.3%,-30.4%,-2.5%
HCA,Portfolio,,Health Care,Health Care Equipment & Servic,,Dec,Revenue,CY2028,88487.667,88409.25,-0.1%,87016.0,-1.6%,86847.643,-0.2%,372.13,,-1.9%,-20.3%,-30.4%,-2.5%
UNH,Portfolio,,Health Care,Health Care Equipment & Servic,,Dec,Revenue,CY2025,449424.571,447649.182,-0.4%,448006.833,+0.1%,448006.833,+0.0%,399.47,,-0.3%,+21.0%,+38.3%,+35.0%
UNH,Portfolio,,Health Care,Health Care Equipment & Servic,,Dec,Revenue,CY2026,478282.857,455062.636,-4.9%,442077.182,-2.9%,443962.458,+0.4%,399.47,,-7.2%,+21.0%,+38.3%,+35.0%
UNH,Portfolio,,Health Care,Health Care Equipment & Servic,,Dec,Revenue,CY2027,509817.692,479193.238,-6.0%,457151.591,-4.6%,456551.625,-0.1%,399.47,,-10.4%,+21.0%,+38.3%,+35.0%
UNH,Portfolio,,Health Care,Health Care Equipment & Servic,,Dec,Revenue,CY2028,541851.25,508442.5,-6.2%,485503.467,-4.5%,483434.118,-0.4%,399.47,,-10.8%,+21.0%,+38.3%,+35.0%
TSM,Portfolio,,Information Technology,Semiconductors & Semiconductor,,Dec,Revenue,CY2025,122328.46,120597.184,-1.4%,119941.697,-0.5%,119941.697,+0.0%,415.17,,-2.0%,+36.6%,+17.3%,+104.2%
TSM,Portfolio,,Information Technology,Semiconductors & Semiconductor,,Dec,Revenue,CY2026,142289.179,146943.52,+3.3%,160255.146,+9.1%,164992.725,+3.0%,415.17,,+16.0%,+36.6%,+17.3%,+104.2%
TSM,Portfolio,,Information Technology,Semiconductors & Semiconductor,,Dec,Revenue,CY2027,167023.744,177094.399,+6.0%,198934.159,+12.3%,209048.427,+5.1%,415.17,,+25.2%,+36.6%,+17.3%,+104.2%
TSM,Portfolio,,Information Technology,Semiconductors & Semiconductor,,Dec,Revenue,CY2028,190806.997,201632.421,+5.7%,234902.225,+16.5%,252605.772,+7.5%,415.17,,+32.4%,+36.6%,+17.3%,+104.2%
AVGO,Portfolio,,Information Technology,Semiconductors & Semiconductor,,Oct,Revenue,CY2025,62657.595,63377.959,+1.1%,63377.959,+0.0%,63377.959,+0.0%,385.73,,+1.1%,+11.5%,+15.9%,+48.4%
AVGO,Portfolio,,Information Technology,Semiconductors & Semiconductor,,Oct,Revenue,CY2026,73878.463,87533.837,+18.5%,102348.943,+16.9%,105122.706,+2.7%,385.73,,+42.3%,+11.5%,+15.9%,+48.4%
AVGO,Portfolio,,Information Technology,Semiconductors & Semiconductor,,Oct,Revenue,CY2027,80668.381,114775.459,+42.3%,152422.196,+32.8%,170623.02,+11.9%,385.73,,+111.5%,+11.5%,+15.9%,+48.4%
AVGO,Portfolio,,Information Technology,Semiconductors & Semiconductor,,Oct,Revenue,CY2028,109033.0,128050.6,+17.4%,184740.852,+44.3%,218337.438,+18.2%,385.73,,+100.2%,+11.5%,+15.9%,+48.4%
NVDA,Portfolio,,Information Technology,Semiconductors & Semiconductor,,Jan,Revenue,CY2025,200303.759,213329.581,+6.5%,213762.537,+0.2%,213762.537,+0.0%,205.1,,+6.7%,+10.0%,+11.9%,+46.5%
NVDA,Portfolio,,Information Technology,Semiconductors & Semiconductor,,Jan,Revenue,CY2026,248710.483,324637.127,+30.5%,359532.286,+10.7%,386779.803,+7.6%,205.1,,+55.5%,+10.0%,+11.9%,+46.5%
NVDA,Portfolio,,Information Technology,Semiconductors & Semiconductor,,Jan,Revenue,CY2027,278229.1,413867.438,+48.8%,467390.344,+12.9%,546704.114,+17.0%,205.1,,+96.5%,+10.0%,+11.9%,+46.5%
NVDA,Portfolio,,Information Technology,Semiconductors & Semiconductor,,Jan,Revenue,CY2028,303789.167,531606.714,+75.0%,561203.69,+5.6%,665432.5,+18.6%,205.1,,+119.0%,+10.0%,+11.9%,+46.5%
META,Portfolio,,Communication Services,Media & Entertainment,,Dec,Revenue,CY2025,187286.26,199357.623,+6.4%,199447.304,+0.0%,199447.304,+0.0%,593.0,,+6.5%,-10.2%,-10.2%,-13.4%
META,Portfolio,,Communication Services,Media & Entertainment,,Dec,Revenue,CY2026,212276.246,235441.212,+10.9%,250578.806,+6.4%,253028.738,+1.0%,593.0,,+19.2%,-10.2%,-10.2%,-13.4%
META,Portfolio,,Communication Services,Media & Entertainment,,Dec,Revenue,CY2027,239019.894,272369.923,+14.0%,297056.467,+9.1%,301689.048,+1.6%,593.0,,+26.2%,-10.2%,-10.2%,-13.4%
META,Portfolio,,Communication Services,Media & Entertainment,,Dec,Revenue,CY2028,267288.957,308874.64,+15.6%,345383.15,+11.8%,353459.756,+2.3%,593.0,,+32.2%,-10.2%,-10.2%,-13.4%
AMZN,Portfolio,,Consumer Discretionary,Consumer Discretionary Distrib,,Dec,Revenue,CY2025,694484.087,714516.508,+2.9%,714794.275,+0.0%,714794.275,+0.0%,246.03,,+2.9%,+6.6%,+12.4%,+18.3%
AMZN,Portfolio,,Consumer Discretionary,Consumer Discretionary Distrib,,Dec,Revenue,CY2026,761864.25,795230.429,+4.4%,805745.938,+1.3%,824672.3,+2.3%,246.03,,+8.2%,+6.6%,+12.4%,+18.3%
AMZN,Portfolio,,Consumer Discretionary,Consumer Discretionary Distrib,,Dec,Revenue,CY2027,838536.667,884371.696,+5.5%,900017.194,+1.8%,933079.603,+3.7%,246.03,,+11.3%,+6.6%,+12.4%,+18.3%
AMZN,Portfolio,,Consumer Discretionary,Consumer Discretionary Distrib,,Dec,Revenue,CY2028,910928.368,977585.45,+7.3%,1005818.486,+2.9%,1035309.256,+2.9%,246.03,,+13.7%,+6.6%,+12.4%,+18.3%
JPM,Portfolio,,Financials,Banks,,Dec,Revenue,CY2025,176866.583,184501.667,+4.3%,184149.563,-0.2%,184149.563,+0.0%,312.37,,+4.1%,-3.1%,+6.4%,+19.2%
JPM,Portfolio,,Financials,Banks,,Dec,Revenue,CY2026,180801.0,190899.5,+5.6%,195760.286,+2.5%,198128.667,+1.2%,312.37,,+9.6%,-3.1%,+6.4%,+19.2%
JPM,Portfolio,,Financials,Banks,,Dec,Revenue,CY2027,188250.6,198143.7,+5.3%,204934.308,+3.4%,205877.167,+0.5%,312.37,,+9.4%,-3.1%,+6.4%,+19.2%
JPM,Portfolio,,Financials,Banks,,Dec,Revenue,CY2028,,,,215218.0,,214604.667,-0.3%,312.37,,,-3.1%,+6.4%,+19.2%
APO,Portfolio,,Financials,Financial Services,,Dec,Revenue,CY2025,18843.333,19413.833,+3.0%,19560.714,+0.8%,19560.714,+0.0%,128.03,,+3.8%,-11.6%,+15.1%,-1.7%
APO,Portfolio,,Financials,Financial Services,,Dec,Revenue,CY2026,21520.833,19828.857,-7.9%,23344.333,+17.7%,23285.8,-0.3%,128.03,,+8.2%,-11.6%,+15.1%,-1.7%
APO,Portfolio,,Financials,Financial Services,,Dec,Revenue,CY2027,25447.5,25631.167,+0.7%,26854.333,+4.8%,26833.4,-0.1%,128.03,,+5.4%,-11.6%,+15.1%,-1.7%
APO,Portfolio,,Financials,Financial Services,,Dec,Revenue,CY2028,,28846.0,,30317.333,+5.1%,30210.5,-0.4%,128.03,,,-11.6%,+15.1%,-1.7%
PGR,Portfolio,,Financials,Insurance,,Dec,Revenue,CY2025,87203.294,86943.833,-0.3%,86689.5,-0.3%,86689.5,+0.0%,204.02,,-0.6%,-4.8%,-3.1%,-22.6%
PGR,Portfolio,,Financials,Insurance,,Dec,Revenue,CY2026,96642.25,93574.5,-3.2%,92266.389,-1.4%,92512.474,+0.3%,204.02,,-4.3%,-4.8%,-3.1%,-22.6%
PGR,Portfolio,,Financials,Insurance,,Dec,Revenue,CY2027,104551.273,101038.294,-3.4%,98888.824,-2.1%,98152.158,-0.7%,204.02,,-6.1%,-4.8%,-3.1%,-22.6%
PGR,Portfolio,,Financials,Insurance,,Dec,Revenue,CY2028,110518.333,107199.0,-3.0%,102592.778,-4.3%,103087.692,+0.5%,204.02,,-6.7%,-4.8%,-3.1%,-22.6%
CVNA,Portfolio,,Consumer Discretionary,Consumer Discretionary Distrib,,Dec,Revenue,CY2025,17805.55,19905.24,+11.8%,19984.231,+0.4%,19984.231,+0.0%,66.51,,+12.2%,-21.2%,+0.4%,-3.1%
CVNA,Portfolio,,Consumer Discretionary,Consumer Discretionary Distrib,,Dec,Revenue,CY2026,21765.4,25330.88,+16.4%,26737.88,+5.6%,27696.783,+3.6%,66.51,,+27.3%,-21.2%,+0.4%,-3.1%
CVNA,Portfolio,,Consumer Discretionary,Consumer Discretionary Distrib,,Dec,Revenue,CY2027,26180.071,31186.05,+19.1%,32992.292,+5.8%,34762.739,+5.4%,66.51,,+32.8%,-21.2%,+0.4%,-3.1%
CVNA,Portfolio,,Consumer Discretionary,Consumer Discretionary Distrib,,Dec,Revenue,CY2028,31827.286,37939.154,+19.2%,40874.0,+7.7%,41796.625,+2.3%,66.51,,+31.3%,-21.2%,+0.4%,-3.1%
APP,Portfolio,,Information Technology,Software & Services,,Dec,Revenue,CY2025,5670.889,5680.625,+0.2%,5677.333,-0.1%,5677.333,+0.0%,557.2,,+0.1%,-17.3%,+9.6%,+34.5%
APP,Portfolio,,Information Technology,Software & Services,,Dec,Revenue,CY2026,6867.16,7745.581,+12.8%,7985.121,+3.1%,8215.897,+2.9%,557.2,,+19.6%,-17.3%,+9.6%,+34.5%
APP,Portfolio,,Information Technology,Software & Services,,Dec,Revenue,CY2027,8633.529,9866.636,+14.3%,10369.741,+5.1%,10745.143,+3.6%,557.2,,+24.5%,-17.3%,+9.6%,+34.5%
APP,Portfolio,,Information Technology,Software & Services,,Dec,Revenue,CY2028,10469.125,12668.6,+21.0%,12931.611,+2.1%,13264.857,+2.6%,557.2,,+26.7%,-17.3%,+9.6%,+34.5%
VEEV,Portfolio,,Health Care,Health Care Equipment & Servic,,Jan,Revenue,CY2025,3098.759,3169.448,+2.3%,3169.607,+0.0%,3169.607,+0.0%,172.61,,+2.3%,-22.7%,-12.0%,-40.5%
VEEV,Portfolio,,Health Care,Health Care Equipment & Servic,,Jan,Revenue,CY2026,3462.862,3558.759,+2.8%,3596.429,+1.1%,3641.75,+1.3%,172.61,,+5.2%,-22.7%,-12.0%,-40.5%
VEEV,Portfolio,,Health Care,Health Care Equipment & Servic,,Jan,Revenue,CY2027,3918.786,4008.28,+2.3%,4040.593,+0.8%,4081.464,+1.0%,172.61,,+4.2%,-22.7%,-12.0%,-40.5%
VEEV,Portfolio,,Health Care,Health Care Equipment & Servic,,Jan,Revenue,CY2028,4474.4,4621.375,+3.3%,4575.643,-1.0%,4589.471,+0.3%,172.61,,+2.6%,-22.7%,-12.0%,-40.5%
FICO,Portfolio,,Information Technology,Software & Services,,Sep,Revenue,CY2025,1976.889,1989.524,+0.6%,1989.524,+0.0%,1989.524,+0.0%,1137.33,,+0.6%,-32.7%,-22.9%,-35.8%
FICO,Portfolio,,Information Technology,Software & Services,,Sep,Revenue,CY2026,2277.389,2424.263,+6.4%,2497.143,+3.0%,2554.409,+2.3%,1137.33,,+12.2%,-32.7%,-22.9%,-35.8%
FICO,Portfolio,,Information Technology,Software & Services,,Sep,Revenue,CY2027,2633.4,2823.947,+7.2%,2916.524,+3.3%,2934.409,+0.6%,1137.33,,+11.4%,-32.7%,-22.9%,-35.8%
FICO,Portfolio,,Information Technology,Software & Services,,Sep,Revenue,CY2028,3093.625,3137.267,+1.4%,3285.333,+4.7%,3293.667,+0.3%,1137.33,,+6.5%,-32.7%,-22.9%,-35.8%
GOOG,Watchlist,,Communication Services,Media & Entertainment,,Dec,Revenue,CY2025,330974.563,340485.452,+2.9%,340854.848,+0.1%,340854.848,+0.0%,365.76,,+3.0%,+16.6%,+21.6%,+115.4%
GOOG,Watchlist,,Communication Services,Media & Entertainment,,Dec,Revenue,CY2026,369879.727,389399.586,+5.3%,405240.794,+4.1%,419703.719,+3.6%,365.76,,+13.5%,+16.6%,+21.6%,+115.4%
GOOG,Watchlist,,Communication Services,Media & Entertainment,,Dec,Revenue,CY2027,408126.056,441650.16,+8.2%,470090.72,+6.4%,506463.094,+7.7%,365.76,,+24.1%,+16.6%,+21.6%,+115.4%
GOOG,Watchlist,,Communication Services,Media & Entertainment,,Dec,Revenue,CY2028,451787.909,503824.556,+11.5%,539980.538,+7.2%,601790.294,+11.4%,365.76,,+33.2%,+16.6%,+21.6%,+115.4%
MU,Watchlist,,Information Technology,Semiconductors & Semiconductor,,Aug,Revenue,CY2025,35507.344,37177.154,+4.7%,37177.154,+0.0%,37177.154,+0.0%,864.01,,+4.7%,+202.7%,+117.6%,+712.9%
MU,Watchlist,,Information Technology,Semiconductors & Semiconductor,,Aug,Revenue,CY2026,45100.143,55822.513,+23.8%,77801.533,+39.4%,110805.756,+42.4%,864.01,,+145.7%,+202.7%,+117.6%,+712.9%
MU,Watchlist,,Information Technology,Semiconductors & Semiconductor,,Aug,Revenue,CY2027,48286.333,65675.433,+36.0%,100990.5,+53.8%,182176.465,+80.4%,864.01,,+277.3%,+202.7%,+117.6%,+712.9%
MU,Watchlist,,Information Technology,Semiconductors & Semiconductor,,Aug,Revenue,CY2028,56259.0,66907.769,+18.9%,103160.955,+54.2%,183143.692,+77.5%,864.01,,+225.5%,+202.7%,+117.6%,+712.9%
LRCX,Watchlist,,Information Technology,Semiconductors & Semiconductor,,Jun,Revenue,CY2025,18251.655,18262.032,+0.1%,18262.032,+0.0%,18262.032,+0.0%,303.28,,+0.1%,+77.2%,+41.3%,+257.2%
LRCX,Watchlist,,Information Technology,Semiconductors & Semiconductor,,Jun,Revenue,CY2026,18705.964,21258.071,+13.6%,22409.871,+5.4%,23174.333,+3.4%,303.28,,+23.9%,+77.2%,+41.3%,+257.2%
LRCX,Watchlist,,Information Technology,Semiconductors & Semiconductor,,Jun,Revenue,CY2027,20792.706,23852.154,+14.7%,27891.355,+16.9%,30374.909,+8.9%,303.28,,+46.1%,+77.2%,+41.3%,+257.2%
LRCX,Watchlist,,Information Technology,Semiconductors & Semiconductor,,Jun,Revenue,CY2028,23127.0,25716.4,+11.2%,30779.222,+19.7%,34931.435,+13.5%,303.28,,+51.0%,+77.2%,+41.3%,+257.2%
DASH,Watchlist,,Consumer Discretionary,Consumer Services,,Dec,Revenue,CY2025,12837.821,13757.833,+7.2%,13745.267,-0.1%,13745.267,+0.0%,156.8,,+7.1%,-30.8%,-14.5%,-27.4%
DASH,Watchlist,,Consumer Discretionary,Consumer Services,,Dec,Revenue,CY2026,15250.692,17801.93,+16.7%,17810.065,+0.0%,17592.837,-1.2%,156.8,,+15.4%,-30.8%,-14.5%,-27.4%
DASH,Watchlist,,Consumer Discretionary,Consumer Services,,Dec,Revenue,CY2027,17715.333,21074.576,+19.0%,21315.267,+1.1%,21194.326,-0.6%,156.8,,+19.6%,-30.8%,-14.5%,-27.4%
DASH,Watchlist,,Consumer Discretionary,Consumer Services,,Dec,Revenue,CY2028,20399.571,24502.222,+20.1%,25012.6,+2.1%,25000.357,-0.0%,156.8,,+22.6%,-30.8%,-14.5%,-27.4%
MSFT,Watchlist,,Information Technology,Software & Services,,Jun,Revenue,CY2025,278961.156,279004.862,+0.0%,279004.862,+0.0%,279004.862,+0.0%,416.67,,+0.0%,-13.8%,+1.5%,-10.9%
MSFT,Watchlist,,Information Technology,Software & Services,,Jun,Revenue,CY2026,316670.443,326332.35,+3.1%,327837.577,+0.5%,329467.768,+0.5%,416.67,,+4.0%,-13.8%,+1.5%,-10.9%
MSFT,Watchlist,,Information Technology,Software & Services,,Jun,Revenue,CY2027,362112.733,375112.915,+3.6%,378361.679,+0.9%,384027.745,+1.5%,416.67,,+6.1%,-13.8%,+1.5%,-10.9%
MSFT,Watchlist,,Information Technology,Software & Services,,Jun,Revenue,CY2028,423606.444,433763.5,+2.4%,441484.059,+1.8%,452636.632,+2.5%,416.67,,+6.9%,-13.8%,+1.5%,-10.9%
BX,Watchlist,,Financials,Financial Services,,Dec,Revenue,CY2025,12218.643,12745.889,+4.3%,12730.417,-0.1%,12730.417,+0.0%,115.35,,+4.2%,-25.2%,-0.2%,-16.3%
BX,Watchlist,,Financials,Financial Services,,Dec,Revenue,CY2026,15873.929,15872.364,-0.0%,15417.2,-2.9%,14831.25,-3.8%,115.35,,-6.6%,-25.2%,-0.2%,-16.3%
BX,Watchlist,,Financials,Financial Services,,Dec,Revenue,CY2027,19161.25,19490.429,+1.7%,18815.583,-3.5%,18561.417,-1.4%,115.35,,-3.1%,-25.2%,-0.2%,-16.3%
BX,Watchlist,,Financials,Financial Services,,Dec,Revenue,CY2028,,20299.75,,20381.5,+0.4%,20030.167,-1.7%,115.35,,,-25.2%,-0.2%,-16.3%
BKNG,Watchlist,,Consumer Discretionary,Consumer Services,,Dec,Revenue,CY2025,25792.485,26687.889,+3.5%,26703.583,+0.1%,26703.583,+0.0%,165.84,,+3.5%,-22.6%,-10.1%,-25.6%
BKNG,Watchlist,,Consumer Discretionary,Consumer Services,,Dec,Revenue,CY2026,27880.471,29104.528,+4.4%,29931.833,+2.8%,29368.941,-1.9%,165.84,,+5.3%,-22.6%,-10.1%,-25.6%
BKNG,Watchlist,,Consumer Discretionary,Consumer Services,,Dec,Revenue,CY2027,30245.5,31509.75,+4.2%,32494.639,+3.1%,32045.706,-1.4%,165.84,,+6.0%,-22.6%,-10.1%,-25.6%
BKNG,Watchlist,,Consumer Discretionary,Consumer Services,,Dec,Revenue,CY2028,32742.636,34020.25,+3.9%,35055.591,+3.0%,34594.476,-1.3%,165.84,,+5.7%,-22.6%,-10.1%,-25.6%
COST,Watchlist,,Consumer Staples,Consumer Staples Distribution,,Aug,Revenue,CY2025,274970.242,275078.688,+0.0%,275078.688,+0.0%,275078.688,+0.0%,971.87,,+0.0%,+12.7%,-1.1%,-3.9%
COST,Watchlist,,Consumer Staples,Consumer Staples Distribution,,Aug,Revenue,CY2026,295448.129,296918.167,+0.5%,298578.469,+0.6%,301548.583,+1.0%,971.87,,+2.1%,+12.7%,-1.1%,-3.9%
COST,Watchlist,,Consumer Staples,Consumer Staples Distribution,,Aug,Revenue,CY2027,316369.565,319317.75,+0.9%,321478.75,+0.7%,326040.194,+1.4%,971.87,,+3.1%,+12.7%,-1.1%,-3.9%
COST,Watchlist,,Consumer Staples,Consumer Staples Distribution,,Aug,Revenue,CY2028,335114.111,342497.6,+2.2%,346959.238,+1.3%,351792.269,+1.4%,971.87,,+5.0%,+12.7%,-1.1%,-3.9%
QCOM,Extended,Uncategorized,Information Technology,Semiconductors & Semiconductor,,Sep,Revenue,CY2025,43434.029,43685.212,+0.6%,43685.212,+0.0%,43685.212,+0.0%,215.94,,+0.6%,+26.2%,+57.6%,+46.3%
QCOM,Extended,Uncategorized,Information Technology,Semiconductors & Semiconductor,,Sep,Revenue,CY2026,44101.4,45618.516,+3.4%,43886.844,-3.8%,42514.5,-3.1%,215.94,,-3.6%,+26.2%,+57.6%,+46.3%
QCOM,Extended,Uncategorized,Information Technology,Semiconductors & Semiconductor,,Sep,Revenue,CY2027,45199.5,46373.097,+2.6%,44356.281,-4.3%,42659.763,-3.8%,215.94,,-5.6%,+26.2%,+57.6%,+46.3%
QCOM,Extended,Uncategorized,Information Technology,Semiconductors & Semiconductor,,Sep,Revenue,CY2028,47488.5,48718.929,+2.6%,47445.25,-2.6%,46224.25,-2.6%,215.94,,-2.7%,+26.2%,+57.6%,+46.3%
ASML,Extended,Uncategorized,Information Technology,Semiconductors & Semiconductor,,Dec,Revenue,CY2025,32298.421,32481.844,+0.6%,32503.385,+0.1%,32503.385,+0.0%,1462.2,,+0.6%,+58.7%,+23.3%,+121.9%
ASML,Extended,Uncategorized,Information Technology,Semiconductors & Semiconductor,,Dec,Revenue,CY2026,35291.816,34327.947,-2.7%,37653.548,+9.7%,39203.791,+4.1%,1462.2,,+11.1%,+58.7%,+23.3%,+121.9%
ASML,Extended,Uncategorized,Information Technology,Semiconductors & Semiconductor,,Dec,Revenue,CY2027,39673.815,39372.429,-0.8%,44292.341,+12.5%,47741.182,+7.8%,1462.2,,+20.3%,+58.7%,+23.3%,+121.9%
ASML,Extended,Uncategorized,Information Technology,Semiconductors & Semiconductor,,Dec,Revenue,CY2028,43898.0,42913.0,-2.2%,49231.8,+14.7%,53258.387,+8.2%,1462.2,,+21.3%,+58.7%,+23.3%,+121.9%
AMAT,Extended,Uncategorized,Information Technology,Semiconductors & Semiconductor,,Oct,Revenue,CY2025,28784.419,28239.903,-1.9%,28239.903,+0.0%,28239.903,+0.0%,453.01,,-1.9%,+76.3%,+30.7%,+175.9%
AMAT,Extended,Uncategorized,Information Technology,Semiconductors & Semiconductor,,Oct,Revenue,CY2026,30546.645,28847.559,-5.6%,31473.182,+9.1%,33417.629,+6.2%,453.01,,+9.4%,+76.3%,+30.7%,+175.9%
AMAT,Extended,Uncategorized,Information Technology,Semiconductors & Semiconductor,,Oct,Revenue,CY2027,32556.118,32496.172,-0.2%,37560.091,+15.6%,42351.114,+12.8%,453.01,,+30.1%,+76.3%,+30.7%,+175.9%
AMAT,Extended,Uncategorized,Information Technology,Semiconductors & Semiconductor,,Oct,Revenue,CY2028,33797.6,33802.867,+0.0%,41065.286,+21.5%,49078.75,+19.5%,453.01,,+45.2%,+76.3%,+30.7%,+175.9%
KKR,Extended,Uncategorized,Financials,Financial Services,,Dec,Revenue,CY2025,7701.417,8230.0,+6.9%,7829.8,-4.9%,7829.8,+0.0%,93.4,,+1.7%,-26.7%,-2.3%,-22.6%
KKR,Extended,Uncategorized,Financials,Financial Services,,Dec,Revenue,CY2026,11834.538,10822.889,-8.5%,8651.0,-20.1%,9754.545,+12.8%,93.4,,-17.6%,-26.7%,-2.3%,-22.6%
KKR,Extended,Uncategorized,Financials,Financial Services,,Dec,Revenue,CY2027,14554.5,12060.167,-17.1%,10654.667,-11.7%,11517.545,+8.1%,93.4,,-20.9%,-26.7%,-2.3%,-22.6%
KKR,Extended,Uncategorized,Financials,Financial Services,,Dec,Revenue,CY2028,26592.0,15213.0,-42.8%,12761.5,-16.1%,13848.25,+8.5%,93.4,,-47.9%,-26.7%,-2.3%,-22.6%
BAM,Extended,Uncategorized,Financials,Financial Services,,Dec,Revenue,CY2025,5287.077,5345.077,+1.1%,5392.286,+0.9%,5392.286,+0.0%,46.18,,+2.0%,-11.9%,-2.3%,-18.4%
BAM,Extended,Uncategorized,Financials,Financial Services,,Dec,Revenue,CY2026,6027.154,6083.0,+0.9%,6215.308,+2.2%,6062.0,-2.5%,46.18,,+0.6%,-11.9%,-2.3%,-18.4%
BAM,Extended,Uncategorized,Financials,Financial Services,,Dec,Revenue,CY2027,6857.778,6929.182,+1.0%,7201.833,+3.9%,7020.455,-2.5%,46.18,,+2.4%,-11.9%,-2.3%,-18.4%
BAM,Extended,Uncategorized,Financials,Financial Services,,Dec,Revenue,CY2028,7649.0,7640.0,-0.1%,8115.0,+6.2%,7844.0,-3.3%,46.18,,+2.5%,-11.9%,-2.3%,-18.4%
ARES,Extended,Uncategorized,Financials,Financial Services,,Dec,Revenue,CY2025,4612.875,4310.0,-6.6%,4433.4,+2.9%,4433.4,+0.0%,125.65,,-3.9%,-22.3%,+7.4%,-26.1%
ARES,Extended,Uncategorized,Financials,Financial Services,,Dec,Revenue,CY2026,5841.429,5338.5,-8.6%,5834.5,+9.3%,5008.714,-14.2%,125.65,,-14.3%,-22.3%,+7.4%,-26.1%
ARES,Extended,Uncategorized,Financials,Financial Services,,Dec,Revenue,CY2027,6910.2,6284.8,-9.1%,6623.222,+5.4%,6515.0,-1.6%,125.65,,-5.7%,-22.3%,+7.4%,-26.1%
ARES,Extended,Uncategorized,Financials,Financial Services,,Dec,Revenue,CY2028,,6904.0,,7581.5,+9.8%,6997.667,-7.7%,125.65,,,-22.3%,+7.4%,-26.1%
OWL,Extended,Uncategorized,Financials,Financial Services,,Dec,Revenue,CY2025,2704.429,2672.533,-1.2%,2657.0,-0.6%,2657.0,+0.0%,9.8,,-1.8%,-34.4%,-6.0%,-48.5%
OWL,Extended,Uncategorized,Financials,Financial Services,,Dec,Revenue,CY2026,3309.714,3175.429,-4.1%,3013.267,-5.1%,2869.923,-4.8%,9.8,,-13.3%,-34.4%,-6.0%,-48.5%
OWL,Extended,Uncategorized,Financials,Financial Services,,Dec,Revenue,CY2027,3840.429,3695.917,-3.8%,3512.733,-5.0%,3219.769,-8.3%,9.8,,-16.2%,-34.4%,-6.0%,-48.5%
OWL,Extended,Uncategorized,Financials,Financial Services,,Dec,Revenue,CY2028,,4078.0,,3914.4,-4.0%,3575.286,-8.7%,9.8,,,-34.4%,-6.0%,-48.5%
CG,Extended,Uncategorized,Financials,Financial Services,,Dec,Revenue,CY2025,3921.077,3873.0,-1.2%,3851.0,-0.6%,3851.0,+0.0%,43.48,,-1.8%,-26.4%,-15.9%,-3.9%
CG,Extended,Uncategorized,Financials,Financial Services,,Dec,Revenue,CY2026,4603.167,4488.333,-2.5%,4650.0,+3.6%,3768.25,-19.0%,43.48,,-18.1%,-26.4%,-15.9%,-3.9%
CG,Extended,Uncategorized,Financials,Financial Services,,Dec,Revenue,CY2027,4792.333,4812.125,+0.4%,5366.625,+11.5%,4864.308,-9.4%,43.48,,+1.5%,-26.4%,-15.9%,-3.9%
CG,Extended,Uncategorized,Financials,Financial Services,,Dec,Revenue,CY2028,5545.0,5727.0,+3.3%,5884.667,+2.8%,5982.5,+1.7%,43.48,,+7.9%,-26.4%,-15.9%,-3.9%
BN,Extended,Uncategorized,Financials,Financial Services,,Dec,Revenue,CY2025,10266.0,65025.5,+533.4%,65025.5,+0.0%,65025.5,+0.0%,44.6,,+533.4%,-2.8%,+5.0%,+15.1%
BN,Extended,Uncategorized,Financials,Financial Services,,Dec,Revenue,CY2026,44164.0,7480.0,-83.1%,7851.0,+5.0%,8097.0,+3.1%,44.6,,-81.7%,-2.8%,+5.0%,+15.1%
BN,Extended,Uncategorized,Financials,Financial Services,,Dec,Revenue,CY2027,8795.0,8669.0,-1.4%,8849.0,+2.1%,48215.0,+444.9%,44.6,,+448.2%,-2.8%,+5.0%,+15.1%
BN,Extended,Uncategorized,Financials,Financial Services,,Dec,Revenue,CY2028,,,,10604.0,,11418.0,+7.7%,44.6,,,-2.8%,+5.0%,+15.1%
CRM,Extended,Uncategorized,Information Technology,Software & Services,,Jan,Revenue,CY2025,41201.615,41447.231,+0.6%,41490.314,+0.1%,41490.314,+0.0%,185.66,,+0.7%,-29.9%,-7.8%,-30.5%
CRM,Extended,Uncategorized,Information Technology,Software & Services,,Jan,Revenue,CY2026,44959.588,45899.596,+2.1%,46108.833,+0.5%,46103.957,-0.0%,185.66,,+2.5%,-29.9%,-7.8%,-30.5%
CRM,Extended,Uncategorized,Information Technology,Software & Services,,Jan,Revenue,CY2027,49443.958,50301.706,+1.7%,50558.936,+0.5%,50447.761,-0.2%,185.66,,+2.0%,-29.9%,-7.8%,-30.5%
CRM,Extended,Uncategorized,Information Technology,Software & Services,,Jan,Revenue,CY2028,55529.571,54716.455,-1.5%,55657.955,+1.7%,55364.526,-0.5%,185.66,,-0.3%,-29.9%,-7.8%,-30.5%
WDAY,Extended,Uncategorized,Information Technology,Software & Services,,Jan,Revenue,CY2025,9502.0,9543.974,+0.4%,9543.892,-0.0%,9543.892,+0.0%,144.28,,+0.4%,-32.8%,-2.0%,-42.3%
WDAY,Extended,Uncategorized,Information Technology,Software & Services,,Jan,Revenue,CY2026,10754.436,10711.118,-0.4%,10651.714,-0.6%,10667.5,+0.1%,144.28,,-0.8%,-32.8%,-2.0%,-42.3%
WDAY,Extended,Uncategorized,Information Technology,Software & Services,,Jan,Revenue,CY2027,12136.353,12018.929,-1.0%,11859.629,-1.3%,11836.105,-0.2%,144.28,,-2.5%,-32.8%,-2.0%,-42.3%
WDAY,Extended,Uncategorized,Information Technology,Software & Services,,Jan,Revenue,CY2028,13533.167,13512.75,-0.2%,13081.786,-3.2%,13108.053,+0.2%,144.28,,-3.1%,-32.8%,-2.0%,-42.3%
SHOP,Extended,Uncategorized,Information Technology,Software & Services,,Dec,Revenue,CY2025,10896.0,11472.292,+5.3%,11475.0,+0.0%,11475.0,+0.0%,109.54,,+5.3%,-32.0%,-18.7%,+4.3%
SHOP,Extended,Uncategorized,Information Technology,Software & Services,,Dec,Revenue,CY2026,13095.149,14208.229,+8.5%,14653.306,+3.1%,14817.64,+1.1%,109.54,,+13.2%,-32.0%,-18.7%,+4.3%
SHOP,Extended,Uncategorized,Information Technology,Software & Services,,Dec,Revenue,CY2027,15970.783,17383.676,+8.8%,18096.587,+4.1%,18372.122,+1.5%,109.54,,+15.0%,-32.0%,-18.7%,+4.3%
SHOP,Extended,Uncategorized,Information Technology,Software & Services,,Dec,Revenue,CY2028,19306.778,20967.6,+8.6%,22432.364,+7.0%,22976.148,+2.4%,109.54,,+19.0%,-32.0%,-18.7%,+4.3%
GWRE,Extended,Uncategorized,Information Technology,Software & Services,,Jul,Revenue,CY2025,1182.813,1183.867,+0.1%,1183.867,+0.0%,1183.867,+0.0%,136.06,,+0.1%,-32.3%,-15.4%,-46.9%
GWRE,Extended,Uncategorized,Information Technology,Software & Services,,Jul,Revenue,CY2026,1355.4,1414.071,+4.3%,1443.357,+2.1%,1464.533,+1.5%,136.06,,+8.1%,-32.3%,-15.4%,-46.9%
GWRE,Extended,Uncategorized,Information Technology,Software & Services,,Jul,Revenue,CY2027,1553.308,1633.143,+5.1%,1674.286,+2.5%,1701.0,+1.6%,136.06,,+9.5%,-32.3%,-15.4%,-46.9%
GWRE,Extended,Uncategorized,Information Technology,Software & Services,,Jul,Revenue,CY2028,1804.25,1882.667,+4.3%,1929.769,+2.5%,1966.071,+1.9%,136.06,,+9.0%,-32.3%,-15.4%,-46.9%
NOW,Extended,Uncategorized,Information Technology,Software & Services,,Dec,Revenue,CY2025,13027.214,13241.643,+1.6%,13242.163,+0.0%,13242.163,+0.0%,112.45,,+1.6%,-26.6%,-6.6%,-44.7%
NOW,Extended,Uncategorized,Information Technology,Software & Services,,Dec,Revenue,CY2026,15472.452,15695.905,+1.4%,15978.951,+1.8%,16193.979,+1.3%,112.45,,+4.7%,-26.6%,-6.6%,-44.7%
NOW,Extended,Uncategorized,Information Technology,Software & Services,,Dec,Revenue,CY2027,18379.889,18566.108,+1.0%,18925.659,+1.9%,19205.489,+1.5%,112.45,,+4.5%,-26.6%,-6.6%,-44.7%
NOW,Extended,Uncategorized,Information Technology,Software & Services,,Dec,Revenue,CY2028,21801.3,21797.0,-0.0%,22498.7,+3.2%,22837.778,+1.5%,112.45,,+4.8%,-26.6%,-6.6%,-44.7%
ELV,Extended,Uncategorized,Health Care,Health Care Equipment & Servic,,Dec,Revenue,CY2025,194335.389,197741.667,+1.8%,197455.933,-0.1%,197455.933,+0.0%,415.53,,+1.6%,+18.5%,+45.0%,+8.0%
ELV,Extended,Uncategorized,Health Care,Health Care Equipment & Servic,,Dec,Revenue,CY2026,208020.176,205109.125,-1.4%,191612.0,-6.6%,195933.381,+2.3%,415.53,,-5.8%,+18.5%,+45.0%,+8.0%
ELV,Extended,Uncategorized,Health Care,Health Care Equipment & Servic,,Dec,Revenue,CY2027,224539.273,214974.563,-4.3%,197014.412,-8.4%,199376.05,+1.2%,415.53,,-11.2%,+18.5%,+45.0%,+8.0%
ELV,Extended,Uncategorized,Health Care,Health Care Equipment & Servic,,Dec,Revenue,CY2028,248447.5,224581.4,-9.6%,206658.909,-8.0%,210003.714,+1.6%,415.53,,-15.5%,+18.5%,+45.0%,+8.0%
WMT,Extended,Uncategorized,Consumer Staples,Consumer Staples Distribution,,Jan,Revenue,CY2025,705492.143,712776.902,+1.0%,712992.0,+0.0%,712992.0,+0.0%,118.88,,+1.1%,+6.7%,-3.6%,+21.4%
WMT,Extended,Uncategorized,Consumer Staples,Consumer Staples Distribution,,Jan,Revenue,CY2026,737313.45,748442.154,+1.5%,748567.044,+0.0%,752820.282,+0.6%,118.88,,+2.1%,+6.7%,-3.6%,+21.4%
WMT,Extended,Uncategorized,Consumer Staples,Consumer Staples Distribution,,Jan,Revenue,CY2027,772172.88,783280.903,+1.4%,783669.6,+0.0%,787283.947,+0.5%,118.88,,+2.0%,+6.7%,-3.6%,+21.4%
WMT,Extended,Uncategorized,Consumer Staples,Consumer Staples Distribution,,Jan,Revenue,CY2028,809428.625,827598.182,+2.2%,824843.826,-0.3%,827925.417,+0.4%,118.88,,+2.3%,+6.7%,-3.6%,+21.4%
LAD,Extended,Uncategorized,Consumer Discretionary,Consumer Discretionary Distrib,,Dec,Revenue,CY2025,37803.6,37861.357,+0.2%,37722.143,-0.4%,37722.143,+0.0%,288.84,,-0.2%,-13.1%,+8.1%,-9.0%
LAD,Extended,Uncategorized,Consumer Discretionary,Consumer Discretionary Distrib,,Dec,Revenue,CY2026,39917.533,39489.286,-1.1%,39118.2,-0.9%,38345.294,-2.0%,288.84,,-3.9%,-13.1%,+8.1%,-9.0%
LAD,Extended,Uncategorized,Consumer Discretionary,Consumer Discretionary Distrib,,Dec,Revenue,CY2027,43014.286,41901.75,-2.6%,40898.933,-2.4%,39844.059,-2.6%,288.84,,-7.4%,-13.1%,+8.1%,-9.0%
LAD,Extended,Uncategorized,Consumer Discretionary,Consumer Discretionary Distrib,,Dec,Revenue,CY2028,43744.0,42007.0,-4.0%,44076.222,+4.9%,42010.909,-4.7%,288.84,,-4.0%,-13.1%,+8.1%,-9.0%
CI,Extended,Uncategorized,Health Care,Health Care Equipment & Servic,,Dec,Revenue,CY2025,256716.857,270743.579,+5.5%,270646.75,-0.0%,270646.75,+0.0%,289.48,,+5.4%,+5.2%,+2.9%,-6.9%
CI,Extended,Uncategorized,Health Care,Health Care Equipment & Servic,,Dec,Revenue,CY2026,267740.619,284113.389,+6.1%,283045.278,-0.4%,286080.857,+1.1%,289.48,,+6.9%,+5.2%,+2.9%,-6.9%
CI,Extended,Uncategorized,Health Care,Health Care Equipment & Servic,,Dec,Revenue,CY2027,282606.462,301183.0,+6.6%,299634.833,-0.5%,298732.571,-0.3%,289.48,,+5.7%,+5.2%,+2.9%,-6.9%
CI,Extended,Uncategorized,Health Care,Health Care Equipment & Servic,,Dec,Revenue,CY2028,304913.167,322601.333,+5.8%,317603.067,-1.5%,315008.471,-0.8%,289.48,,+3.3%,+5.2%,+2.9%,-6.9%
THC,Extended,Healthcare providers,Health Care,Health Care Equipment & Servic,,Dec,Revenue,CY2025,20894.0,21243.095,+1.7%,21243.318,+0.0%,21243.318,+0.0%,162.06,,+1.7%,-18.4%,-32.9%,-5.7%
THC,Extended,Healthcare providers,Health Care,Health Care Equipment & Servic,,Dec,Revenue,CY2026,21915.25,22185.35,+1.2%,22024.895,-0.7%,21997.476,-0.1%,162.06,,+0.4%,-18.4%,-32.9%,-5.7%
THC,Extended,Healthcare providers,Health Care,Health Care Equipment & Servic,,Dec,Revenue,CY2027,23041.182,23279.176,+1.0%,22488.048,-3.4%,22341.952,-0.6%,162.06,,-3.0%,-18.4%,-32.9%,-5.7%
THC,Extended,Healthcare providers,Health Care,Health Care Equipment & Servic,,Dec,Revenue,CY2028,23246.0,24009.667,+3.3%,23479.5,-2.2%,23523.364,+0.2%,162.06,,+1.2%,-18.4%,-32.9%,-5.7%
UHS,Extended,Healthcare providers,Health Care,Health Care Equipment & Servic,,Dec,Revenue,CY2025,17130.263,17387.824,+1.5%,17386.333,-0.0%,17386.333,+0.0%,145.17,,+1.5%,-33.4%,-26.3%,-23.2%
UHS,Extended,Healthcare providers,Health Care,Health Care Equipment & Servic,,Dec,Revenue,CY2026,18077.222,18273.353,+1.1%,18450.632,+1.0%,18538.85,+0.5%,145.17,,+2.6%,-33.4%,-26.3%,-23.2%
UHS,Extended,Healthcare providers,Health Care,Health Care Equipment & Servic,,Dec,Revenue,CY2027,18992.455,19226.867,+1.2%,19387.056,+0.8%,19435.45,+0.2%,145.17,,+2.3%,-33.4%,-26.3%,-23.2%
UHS,Extended,Healthcare providers,Health Care,Health Care Equipment & Servic,,Dec,Revenue,CY2028,19664.5,20050.5,+2.0%,20468.714,+2.1%,20502.083,+0.2%,145.17,,+4.3%,-33.4%,-26.3%,-23.2%
CYH,Extended,Healthcare providers,Health Care,Health Care Equipment & Servic,,Dec,Revenue,CY2025,12356.3,12517.3,+1.3%,12517.3,+0.0%,12517.3,+0.0%,2.74,,+1.3%,-12.2%,-19.6%,-27.9%
CYH,Extended,Healthcare providers,Health Care,Health Care Equipment & Servic,,Dec,Revenue,CY2026,12786.444,12673.1,-0.9%,11829.636,-6.7%,11628.556,-1.7%,2.74,,-9.1%,-12.2%,-19.6%,-27.9%
CYH,Extended,Healthcare providers,Health Care,Health Care Equipment & Servic,,Dec,Revenue,CY2027,13282.8,13115.375,-1.3%,12001.333,-8.5%,11853.778,-1.2%,2.74,,-10.8%,-12.2%,-19.6%,-27.9%
CYH,Extended,Healthcare providers,Health Care,Health Care Equipment & Servic,,Dec,Revenue,CY2028,,13973.5,,12510.75,-10.5%,12210.25,-2.4%,2.74,,,-12.2%,-19.6%,-27.9%
DVA,Extended,Healthcare providers,Health Care,Health Care Equipment & Servic,,Dec,Revenue,CY2025,13460.286,13516.375,+0.4%,13516.375,+0.0%,13516.375,+0.0%,192.16,,+0.4%,+69.1%,+28.2%,+39.5%
DVA,Extended,Healthcare providers,Health Care,Health Care Equipment & Servic,,Dec,Revenue,CY2026,13943.429,13919.875,-0.2%,14019.571,+0.7%,14143.286,+0.9%,192.16,,+1.4%,+69.1%,+28.2%,+39.5%
DVA,Extended,Healthcare providers,Health Care,Health Care Equipment & Servic,,Dec,Revenue,CY2027,14529.8,14420.143,-0.8%,14442.857,+0.2%,14602.286,+1.1%,192.16,,+0.5%,+69.1%,+28.2%,+39.5%
DVA,Extended,Healthcare providers,Health Care,Health Care Equipment & Servic,,Dec,Revenue,CY2028,15433.0,15043.0,-2.5%,15016.0,-0.2%,15154.25,+0.9%,192.16,,-1.8%,+69.1%,+28.2%,+39.5%
DGX,Extended,Healthcare providers,Health Care,Health Care Equipment & Servic,,Dec,Revenue,CY2025,10791.889,10983.5,+1.8%,10984.556,+0.0%,10984.556,+0.0%,200.29,,+1.8%,+15.4%,-1.8%,+15.3%
DGX,Extended,Healthcare providers,Health Care,Health Care Equipment & Servic,,Dec,Revenue,CY2026,11221.5,11373.563,+1.4%,11761.588,+3.4%,11853.353,+0.8%,200.29,,+5.6%,+15.4%,-1.8%,+15.3%
DGX,Extended,Healthcare providers,Health Care,Health Care Equipment & Servic,,Dec,Revenue,CY2027,11649.214,11836.0,+1.6%,12221.176,+3.3%,12386.412,+1.4%,200.29,,+6.3%,+15.4%,-1.8%,+15.3%
DGX,Extended,Healthcare providers,Health Care,Health Care Equipment & Servic,,Dec,Revenue,CY2028,12029.6,12264.167,+1.9%,12788.667,+4.3%,12922.615,+1.0%,200.29,,+7.4%,+15.4%,-1.8%,+15.3%
HUM,Extended,Managed Care,Health Care,Health Care Equipment & Servic,,Dec,Revenue,CY2025,126580.611,129168.737,+2.0%,129144.714,-0.0%,129144.714,+0.0%,350.08,,+2.0%,+36.7%,+93.7%,+54.1%
HUM,Extended,Managed Care,Health Care,Health Care Equipment & Servic,,Dec,Revenue,CY2026,130238.389,144776.263,+11.2%,160673.471,+11.0%,161756.13,+0.7%,350.08,,+24.2%,+36.7%,+93.7%,+54.1%
HUM,Extended,Managed Care,Health Care,Health Care Equipment & Servic,,Dec,Revenue,CY2027,141928.182,155638.778,+9.7%,171471.75,+10.2%,168928.682,-1.5%,350.08,,+19.0%,+36.7%,+93.7%,+54.1%
HUM,Extended,Managed Care,Health Care,Health Care Equipment & Servic,,Dec,Revenue,CY2028,152334.4,168753.286,+10.8%,183981.5,+9.0%,179662.824,-2.3%,350.08,,+17.9%,+36.7%,+93.7%,+54.1%
CNC,Extended,Managed Care,Health Care,Health Care Equipment & Servic,,Dec,Revenue,CY2025,180950.214,192922.8,+6.6%,192953.625,+0.0%,192953.625,+0.0%,62.33,,+6.6%,+51.5%,+44.0%,+13.7%
CNC,Extended,Managed Care,Health Care,Health Care Equipment & Servic,,Dec,Revenue,CY2026,184000.857,193831.75,+5.3%,187943.824,-3.0%,189651.333,+0.9%,62.33,,+3.1%,+51.5%,+44.0%,+13.7%
CNC,Extended,Managed Care,Health Care,Health Care Equipment & Servic,,Dec,Revenue,CY2027,191073.0,197831.4,+3.5%,191287.389,-3.3%,192094.294,+0.4%,62.33,,+0.5%,+51.5%,+44.0%,+13.7%
CNC,Extended,Managed Care,Health Care,Health Care Equipment & Servic,,Dec,Revenue,CY2028,204525.8,198747.2,-2.8%,199096.583,+0.2%,200155.615,+0.5%,62.33,,-2.1%,+51.5%,+44.0%,+13.7%
MOH,Extended,Managed Care,Health Care,Health Care Equipment & Servic,,Dec,Revenue,CY2025,44199.929,44849.2,+1.5%,44926.294,+0.2%,44926.294,+0.0%,190.86,,+1.6%,+10.0%,+29.2%,-35.0%
MOH,Extended,Managed Care,Health Care,Health Care Equipment & Servic,,Dec,Revenue,CY2026,47752.5,46692.429,-2.2%,44531.286,-4.6%,44394.118,-0.3%,190.86,,-7.0%,+10.0%,+29.2%,-35.0%
MOH,Extended,Managed Care,Health Care,Health Care Equipment & Servic,,Dec,Revenue,CY2027,51219.5,50008.615,-2.4%,47153.667,-5.7%,47373.0,+0.5%,190.86,,-7.5%,+10.0%,+29.2%,-35.0%
MOH,Extended,Managed Care,Health Care,Health Care Equipment & Servic,,Dec,Revenue,CY2028,55684.333,52493.0,-5.7%,49691.625,-5.3%,49998.636,+0.6%,190.86,,-10.2%,+10.0%,+29.2%,-35.0%
PINS,Extended,Internet,Communication Services,Media & Entertainment,,Dec,Revenue,CY2025,4145.389,4232.629,+2.1%,4232.914,+0.0%,4232.914,+0.0%,21.42,,+2.1%,-17.3%,+8.5%,-36.6%
PINS,Extended,Internet,Communication Services,Media & Entertainment,,Dec,Revenue,CY2026,4788.029,4849.944,+1.3%,4762.5,-1.8%,4864.667,+2.1%,21.42,,+1.6%,-17.3%,+8.5%,-36.6%
PINS,Extended,Internet,Communication Services,Media & Entertainment,,Dec,Revenue,CY2027,5380.25,5512.1,+2.5%,5338.063,-3.2%,5471.657,+2.5%,21.42,,+1.7%,-17.3%,+8.5%,-36.6%
PINS,Extended,Internet,Communication Services,Media & Entertainment,,Dec,Revenue,CY2028,6127.25,6213.867,+1.4%,5931.75,-4.5%,6082.625,+2.5%,21.42,,-0.7%,-17.3%,+8.5%,-36.6%
SNAP,Extended,Internet,Communication Services,Media & Entertainment,,Dec,Revenue,CY2025,5846.071,5916.452,+1.2%,5916.818,+0.0%,5916.818,+0.0%,5.76,,+1.2%,-28.6%,+7.9%,-29.8%
SNAP,Extended,Internet,Communication Services,Media & Entertainment,,Dec,Revenue,CY2026,6473.854,6760.524,+4.4%,6700.467,-0.9%,6698.63,-0.0%,5.76,,+3.5%,-28.6%,+7.9%,-29.8%
SNAP,Extended,Internet,Communication Services,Media & Entertainment,,Dec,Revenue,CY2027,7205.897,7356.857,+2.1%,7360.977,+0.1%,7365.068,+0.1%,5.76,,+2.2%,-28.6%,+7.9%,-29.8%
SNAP,Extended,Internet,Communication Services,Media & Entertainment,,Dec,Revenue,CY2028,7925.0,7977.0,+0.7%,7995.714,+0.2%,7999.742,+0.1%,5.76,,+0.9%,-28.6%,+7.9%,-29.8%
RDDT,Extended,Internet,Communication Services,Media & Entertainment,,Dec,Revenue,CY2025,1849.593,2142.667,+15.8%,2142.813,+0.0%,2142.813,+0.0%,173.45,,+15.9%,-24.5%,+20.2%,+54.5%
RDDT,Extended,Internet,Communication Services,Media & Entertainment,,Dec,Revenue,CY2026,2366.846,2960.963,+25.1%,3126.5,+5.6%,3227.645,+3.2%,173.45,,+36.4%,-24.5%,+20.2%,+54.5%
RDDT,Extended,Internet,Communication Services,Media & Entertainment,,Dec,Revenue,CY2027,2936.571,3845.92,+31.0%,4074.25,+5.9%,4253.867,+4.4%,173.45,,+44.9%,-24.5%,+20.2%,+54.5%
RDDT,Extended,Internet,Communication Services,Media & Entertainment,,Dec,Revenue,CY2028,3467.273,4876.182,+40.6%,5180.421,+6.2%,5328.7,+2.9%,173.45,,+53.7%,-24.5%,+20.2%,+54.5%
EBAY,Extended,Internet,Consumer Discretionary,Consumer Discretionary Distrib,,Dec,Revenue,CY2025,10619.724,11007.742,+3.7%,11009.469,+0.0%,11009.469,+0.0%,109.35,,+3.7%,+25.5%,+17.5%,+40.7%
EBAY,Extended,Internet,Consumer Discretionary,Consumer Discretionary Distrib,,Dec,Revenue,CY2026,11019.7,11518.194,+4.5%,12038.806,+4.5%,12160.516,+1.0%,109.35,,+10.4%,+25.5%,+17.5%,+40.7%
EBAY,Extended,Internet,Consumer Discretionary,Consumer Discretionary Distrib,,Dec,Revenue,CY2027,11476.524,12096.458,+5.4%,12648.387,+4.6%,12805.563,+1.2%,109.35,,+11.6%,+25.5%,+17.5%,+40.7%
EBAY,Extended,Internet,Consumer Discretionary,Consumer Discretionary Distrib,,Dec,Revenue,CY2028,11804.545,12600.071,+6.7%,13195.9,+4.7%,13418.905,+1.7%,109.35,,+13.7%,+25.5%,+17.5%,+40.7%
TTD,Extended,Internet,Communication Services,Media & Entertainment,,Dec,Revenue,CY2025,2861.868,2891.045,+1.0%,2892.519,+0.1%,2892.519,+0.0%,19.95,,+1.1%,-47.4%,-33.0%,-71.9%
TTD,Extended,Internet,Communication Services,Media & Entertainment,,Dec,Revenue,CY2026,3398.486,3355.622,-1.3%,3274.098,-2.4%,3182.784,-2.8%,19.95,,-6.3%,-47.4%,-33.0%,-71.9%
TTD,Extended,Internet,Communication Services,Media & Entertainment,,Dec,Revenue,CY2027,4051.125,3885.821,-4.1%,3691.4,-5.0%,3509.703,-4.9%,19.95,,-13.4%,-47.4%,-33.0%,-71.9%
TTD,Extended,Internet,Communication Services,Media & Entertainment,,Dec,Revenue,CY2028,4771.75,4467.188,-6.4%,4092.292,-8.4%,3828.286,-6.5%,19.95,,-19.8%,-47.4%,-33.0%,-71.9%
U,Extended,Internet,Information Technology,Software & Services,,Dec,Revenue,CY2025,1772.963,1838.25,+3.7%,1839.679,+0.1%,1839.679,+0.0%,29.17,,+3.8%,-34.0%,+40.7%,+17.7%
U,Extended,Internet,Information Technology,Software & Services,,Dec,Revenue,CY2026,1924.038,2054.444,+6.8%,2091.071,+1.8%,2132.321,+2.0%,29.17,,+10.8%,-34.0%,+40.7%,+17.7%
U,Extended,Internet,Information Technology,Software & Services,,Dec,Revenue,CY2027,2153.235,2356.478,+9.4%,2356.593,+0.0%,2439.407,+3.5%,29.17,,+13.3%,-34.0%,+40.7%,+17.7%
U,Extended,Internet,Information Technology,Software & Services,,Dec,Revenue,CY2028,2353.167,2672.75,+13.6%,2678.063,+0.2%,2795.278,+4.4%,29.17,,+18.8%,-34.0%,+40.7%,+17.7%
ARM,Extended,Technology,Information Technology,Semiconductors & Semiconductor,,Mar,Revenue,CY2025,4767.167,4856.632,+1.9%,4901.308,+0.9%,4899.317,-0.0%,342.93,,+2.8%,+213.7%,+184.3%,+164.7%
ARM,Extended,Technology,Information Technology,Semiconductors & Semiconductor,,Mar,Revenue,CY2026,5811.853,5903.821,+1.6%,5910.22,+0.1%,6007.136,+1.6%,342.93,,+3.4%,+213.7%,+184.3%,+164.7%
ARM,Extended,Technology,Information Technology,Semiconductors & Semiconductor,,Mar,Revenue,CY2027,6795.267,7021.76,+3.3%,7101.387,+1.1%,7931.884,+11.7%,342.93,,+16.7%,+213.7%,+184.3%,+164.7%
ARM,Extended,Technology,Information Technology,Semiconductors & Semiconductor,,Mar,Revenue,CY2028,8036.0,8269.375,+2.9%,8318.333,+0.6%,10163.9,+22.2%,342.93,,+26.5%,+213.7%,+184.3%,+164.7%
MRVL,Extended,Technology,Information Technology,Semiconductors & Semiconductor,,Jan,Revenue,CY2025,8230.571,8176.324,-0.7%,8178.444,+0.0%,8178.444,+0.0%,263.47,,-0.6%,+210.0%,+248.1%,+304.3%
MRVL,Extended,Technology,Information Technology,Semiconductors & Semiconductor,,Jan,Revenue,CY2026,9773.275,9960.125,+1.9%,10650.864,+6.9%,11510.326,+8.1%,263.47,,+17.8%,+210.0%,+248.1%,+304.3%
MRVL,Extended,Technology,Information Technology,Semiconductors & Semiconductor,,Jan,Revenue,CY2027,11320.105,12744.71,+12.6%,14509.098,+13.8%,16750.093,+15.4%,263.47,,+48.0%,+210.0%,+248.1%,+304.3%
MRVL,Extended,Technology,Information Technology,Semiconductors & Semiconductor,,Jan,Revenue,CY2028,12923.5,14967.8,+15.8%,18809.158,+25.7%,23244.84,+23.6%,263.47,,+79.9%,+210.0%,+248.1%,+304.3%
AMD,Extended,Technology,Information Technology,Semiconductors & Semiconductor,,Dec,Revenue,CY2025,31793.51,34041.792,+7.1%,34078.737,+0.1%,34078.737,+0.0%,466.38,,+7.2%,+117.8%,+133.8%,+303.1%
AMD,Extended,Technology,Information Technology,Semiconductors & Semiconductor,,Dec,Revenue,CY2026,37409.925,44785.135,+19.7%,46760.655,+4.4%,49850.786,+6.6%,466.38,,+33.3%,+117.8%,+133.8%,+303.1%
AMD,Extended,Technology,Information Technology,Semiconductors & Semiconductor,,Dec,Revenue,CY2027,42751.519,62785.047,+46.9%,66429.589,+5.8%,76682.161,+15.4%,466.38,,+79.4%,+117.8%,+133.8%,+303.1%
AMD,Extended,Technology,Information Technology,Semiconductors & Semiconductor,,Dec,Revenue,CY2028,45270.333,82892.182,+83.1%,84959.692,+2.5%,101522.658,+19.5%,466.38,,+124.3%,+117.8%,+133.8%,+303.1%
INTC,Extended,Technology,Information Technology,Semiconductors & Semiconductor,,Dec,Revenue,CY2025,50516.833,52571.068,+4.1%,52601.63,+0.1%,52601.63,+0.0%,99.17,,+4.1%,+168.8%,+115.8%,+396.1%
INTC,Extended,Technology,Information Technology,Semiconductors & Semiconductor,,Dec,Revenue,CY2026,53351.548,53995.227,+1.2%,53934.149,-0.1%,58843.46,+9.1%,99.17,,+10.3%,+168.8%,+115.8%,+396.1%
INTC,Extended,Technology,Information Technology,Semiconductors & Semiconductor,,Dec,Revenue,CY2027,57009.857,56520.129,-0.9%,57964.756,+2.6%,65223.98,+12.5%,99.17,,+14.4%,+168.8%,+115.8%,+396.1%
INTC,Extended,Technology,Information Technology,Semiconductors & Semiconductor,,Dec,Revenue,CY2028,,64495.5,,62129.5,-3.7%,72499.31,+16.7%,99.17,,,+168.8%,+115.8%,+396.1%
TXN,Extended,Technology,Information Technology,Semiconductors & Semiconductor,,Dec,Revenue,CY2025,17274.2,17684.0,+2.4%,17687.114,+0.0%,17687.114,+0.0%,285.06,,+2.4%,+64.3%,+44.0%,+49.6%
TXN,Extended,Technology,Information Technology,Semiconductors & Semiconductor,,Dec,Revenue,CY2026,18946.757,19100.8,+0.8%,19519.278,+2.2%,20996.0,+7.6%,285.06,,+10.8%,+64.3%,+44.0%,+49.6%
TXN,Extended,Technology,Information Technology,Semiconductors & Semiconductor,,Dec,Revenue,CY2027,20877.158,21141.607,+1.3%,21527.743,+1.8%,23285.8,+8.2%,285.06,,+11.5%,+64.3%,+44.0%,+49.6%
TXN,Extended,Technology,Information Technology,Semiconductors & Semiconductor,,Dec,Revenue,CY2028,,24089.286,,23979.438,-0.5%,25616.81,+6.8%,285.06,,,+64.3%,+44.0%,+49.6%
ADI,Extended,Technology,Information Technology,Semiconductors & Semiconductor,,Oct,Revenue,CY2025,10622.577,10957.516,+3.2%,10957.516,+0.0%,10957.516,+0.0%,401.39,,+3.2%,+48.0%,+21.7%,+84.1%
ADI,Extended,Technology,Information Technology,Semiconductors & Semiconductor,,Oct,Revenue,CY2026,11756.759,13017.433,+10.7%,14002.393,+7.6%,14757.793,+5.4%,401.39,,+25.5%,+48.0%,+21.7%,+84.1%
ADI,Extended,Technology,Information Technology,Semiconductors & Semiconductor,,Oct,Revenue,CY2027,12909.455,14135.44,+9.5%,15370.357,+8.7%,17015.393,+10.7%,401.39,,+31.8%,+48.0%,+21.7%,+84.1%
ADI,Extended,Technology,Information Technology,Semiconductors & Semiconductor,,Oct,Revenue,CY2028,14326.25,15641.167,+9.2%,15849.6,+1.3%,18665.667,+17.8%,401.39,,+30.3%,+48.0%,+21.7%,+84.1%
005930,Extended,Technology,Information Technology,Technology Hardware & Equipmen,,Dec,Revenue,CY2025,322825714.538,326468952.333,+1.1%,331545634.105,+1.6%,331545634.105,+0.0%,329000.0,,+2.7%,+173.3%,+77.1%,+456.7%
005930,Extended,Technology,Information Technology,Technology Hardware & Equipmen,,Dec,Revenue,CY2026,340288246.846,385569256.564,+13.3%,504228836.925,+30.8%,676116826.026,+34.1%,329000.0,,+98.7%,+173.3%,+77.1%,+456.7%
005930,Extended,Technology,Information Technology,Technology Hardware & Equipmen,,Dec,Revenue,CY2027,355938856.517,418298184.03,+17.5%,574084219.194,+37.2%,843835126.0,+47.0%,329000.0,,+137.1%,+173.3%,+77.1%,+456.7%
005930,Extended,Technology,Information Technology,Technology Hardware & Equipmen,,Dec,Revenue,CY2028,344052971.0,421818965.75,+22.6%,635916559.769,+50.8%,897578573.182,+41.1%,329000.0,,+160.9%,+173.3%,+77.1%,+456.7%
000660,Extended,Technology,Information Technology,Semiconductors & Semiconductor,,Dec,Revenue,CY2025,86208706.9,92759315.625,+7.6%,95644767.921,+3.1%,95644767.921,+0.0%,2072000.0,,+10.9%,+217.8%,+126.7%,+822.9%
000660,Extended,Technology,Information Technology,Semiconductors & Semiconductor,,Dec,Revenue,CY2026,99446365.275,134792559.175,+35.5%,222990815.595,+65.4%,330675060.952,+48.3%,2072000.0,,+232.5%,+217.8%,+126.7%,+822.9%
000660,Extended,Technology,Information Technology,Semiconductors & Semiconductor,,Dec,Revenue,CY2027,112353145.607,159147781.206,+41.6%,272199661.487,+71.0%,471427074.595,+73.2%,2072000.0,,+319.6%,+217.8%,+126.7%,+822.9%
000660,Extended,Technology,Information Technology,Semiconductors & Semiconductor,,Dec,Revenue,CY2028,237074978.0,262507895.667,+10.7%,327876023.4,+24.9%,515141118.083,+57.1%,2072000.0,,+117.3%,+217.8%,+126.7%,+822.9%
INTU,Extended,Software,Information Technology,Software & Services,,Jul,Revenue,CY2025,18749.966,18749.655,-0.0%,18749.655,+0.0%,18749.655,+0.0%,296.76,,-0.0%,-55.2%,-36.4%,-61.3%
INTU,Extended,Software,Information Technology,Software & Services,,Jul,Revenue,CY2026,21108.214,21202.769,+0.4%,21237.667,+0.2%,21368.793,+0.6%,296.76,,+1.2%,-55.2%,-36.4%,-61.3%
INTU,Extended,Software,Information Technology,Software & Services,,Jul,Revenue,CY2027,23738.684,23837.808,+0.4%,23851.923,+0.1%,23905.767,+0.2%,296.76,,+0.7%,-55.2%,-36.4%,-61.3%
INTU,Extended,Software,Information Technology,Software & Services,,Jul,Revenue,CY2028,27146.5,26925.765,-0.8%,26612.316,-1.2%,26477.625,-0.5%,296.76,,-2.5%,-55.2%,-36.4%,-61.3%
DDOG,Extended,Software,Information Technology,Software & Services,,Dec,Revenue,CY2025,3234.579,3389.564,+4.8%,3390.395,+0.0%,3390.395,+0.0%,234.11,,+4.8%,+72.2%,+91.3%,+92.3%
DDOG,Extended,Software,Information Technology,Software & Services,,Dec,Revenue,CY2026,3860.674,4114.091,+6.6%,4095.59,-0.4%,4339.791,+6.0%,234.11,,+12.4%,+72.2%,+91.3%,+92.3%
DDOG,Extended,Software,Information Technology,Software & Services,,Dec,Revenue,CY2027,4705.19,4978.229,+5.8%,4928.622,-1.0%,5251.156,+6.5%,234.11,,+11.6%,+72.2%,+91.3%,+92.3%
DDOG,Extended,Software,Information Technology,Software & Services,,Dec,Revenue,CY2028,5554.857,5943.778,+7.0%,5913.412,-0.5%,6413.8,+8.5%,234.11,,+15.5%,+72.2%,+91.3%,+92.3%
BAC,Extended,Banks,Financials,Banks,,Dec,Revenue,CY2025,108261.412,109807.471,+1.4%,110692.65,+0.8%,110692.65,+0.0%,53.83,,+2.2%,-2.1%,+8.1%,+21.3%
BAC,Extended,Banks,Financials,Banks,,Dec,Revenue,CY2026,113990.938,116396.75,+2.1%,119875.579,+3.0%,121297.85,+1.2%,53.83,,+6.4%,-2.1%,+8.1%,+21.3%
BAC,Extended,Banks,Financials,Banks,,Dec,Revenue,CY2027,117726.0,122166.929,+3.8%,126232.778,+3.3%,127357.25,+0.9%,53.83,,+8.2%,-2.1%,+8.1%,+21.3%
BAC,Extended,Banks,Financials,Banks,,Dec,Revenue,CY2028,118171.0,125916.0,+6.6%,131267.857,+4.3%,133058.556,+1.4%,53.83,,+12.6%,-2.1%,+8.1%,+21.3%
WFC,Extended,Banks,Financials,Banks,,Dec,Revenue,CY2025,83324.238,84037.136,+0.9%,84048.739,+0.0%,84048.739,+0.0%,81.94,,+0.9%,-12.1%,-0.2%,+9.4%
WFC,Extended,Banks,Financials,Banks,,Dec,Revenue,CY2026,87240.857,88392.727,+1.3%,88197.864,-0.2%,87661.227,-0.6%,81.94,,+0.5%,-12.1%,-0.2%,+9.4%
WFC,Extended,Banks,Financials,Banks,,Dec,Revenue,CY2027,91179.4,92220.167,+1.1%,92360.273,+0.2%,92013.227,-0.4%,81.94,,+0.9%,-12.1%,-0.2%,+9.4%
WFC,Extended,Banks,Financials,Banks,,Dec,Revenue,CY2028,,98368.5,,97094.75,-1.3%,96199.0,-0.9%,81.94,,,-12.1%,-0.2%,+9.4%
GS,Extended,Banks,Financials,Financial Services,,Dec,Revenue,CY2025,55300.636,59056.818,+6.8%,58336.087,-1.2%,58336.087,+0.0%,1038.68,,+5.5%,+18.2%,+24.3%,+71.4%
GS,Extended,Banks,Financials,Financial Services,,Dec,Revenue,CY2026,57680.952,61854.136,+7.2%,63874.696,+3.3%,63790.0,-0.1%,1038.68,,+10.6%,+18.2%,+24.3%,+71.4%
GS,Extended,Banks,Financials,Financial Services,,Dec,Revenue,CY2027,,64574.875,,66161.913,+2.5%,66411.417,+0.4%,1038.68,,,+18.2%,+24.3%,+71.4%
GS,Extended,Banks,Financials,Financial Services,,Dec,Revenue,CY2028,,66583.25,,66736.667,+0.2%,67933.867,+1.8%,1038.68,,,+18.2%,+24.3%,+71.4%
MS,Extended,Banks,Financials,Financial Services,,Dec,Revenue,CY2025,65546.727,70240.684,+7.2%,70344.273,+0.1%,70344.273,+0.0%,211.93,,+7.3%,+19.4%,+30.4%,+62.2%
MS,Extended,Banks,Financials,Financial Services,,Dec,Revenue,CY2026,68162.773,74235.7,+8.9%,76255.364,+2.7%,77587.087,+1.7%,211.93,,+13.8%,+19.4%,+30.4%,+62.2%
MS,Extended,Banks,Financials,Financial Services,,Dec,Revenue,CY2027,,78485.438,,80263.0,+2.3%,81682.13,+1.8%,211.93,,,+19.4%,+30.4%,+62.2%
MS,Extended,Banks,Financials,Financial Services,,Dec,Revenue,CY2028,,81330.0,,83808.231,+3.0%,86090.143,+2.7%,211.93,,,+19.4%,+30.4%,+62.2%
C,Extended,Banks,Financials,Banks,,Dec,Revenue,CY2025,83623.0,86161.368,+3.0%,85704.947,-0.5%,85704.947,+0.0%,132.47,,+2.5%,+13.5%,+21.6%,+72.8%
C,Extended,Banks,Financials,Banks,,Dec,Revenue,CY2026,86075.111,88863.316,+3.2%,90798.2,+2.2%,93470.333,+2.9%,132.47,,+8.6%,+13.5%,+21.6%,+72.8%
C,Extended,Banks,Financials,Banks,,Dec,Revenue,CY2027,88185.75,91591.6,+3.9%,93867.55,+2.5%,96966.762,+3.3%,132.47,,+10.0%,+13.5%,+21.6%,+72.8%
C,Extended,Banks,Financials,Banks,,Dec,Revenue,CY2028,84343.0,87398.0,+3.6%,95000.5,+8.7%,101691.167,+7.0%,132.47,,+20.6%,+13.5%,+21.6%,+72.8%
CB,Extended,Insurance and reinsurance,Financials,Insurance,,Dec,Revenue,CY2025,59332.857,59778.8,+0.8%,59647.286,-0.2%,59647.286,+0.0%,326.27,,+0.5%,+4.5%,-1.9%,+11.9%
CB,Extended,Insurance and reinsurance,Financials,Insurance,,Dec,Revenue,CY2026,63541.429,64066.2,+0.8%,63696.167,-0.6%,64216.0,+0.8%,326.27,,+1.1%,+4.5%,-1.9%,+11.9%
CB,Extended,Insurance and reinsurance,Financials,Insurance,,Dec,Revenue,CY2027,67252.8,67869.4,+0.9%,67096.167,-1.1%,68151.714,+1.6%,326.27,,+1.3%,+4.5%,-1.9%,+11.9%
CB,Extended,Insurance and reinsurance,Financials,Insurance,,Dec,Revenue,CY2028,,,,70394.6,,71563.0,+1.7%,326.27,,,+4.5%,-1.9%,+11.9%
ALL,Extended,Insurance and reinsurance,Financials,Insurance,,Dec,Revenue,CY2025,66605.889,66872.667,+0.4%,67813.222,+1.4%,67813.222,+0.0%,221.01,,+1.8%,+6.2%,+4.4%,+6.9%
ALL,Extended,Insurance and reinsurance,Financials,Insurance,,Dec,Revenue,CY2026,71834.667,70826.222,-1.4%,71295.889,+0.7%,70036.889,-1.8%,221.01,,-2.5%,+6.2%,+4.4%,+6.9%
ALL,Extended,Insurance and reinsurance,Financials,Insurance,,Dec,Revenue,CY2027,75738.667,75439.222,-0.4%,74912.111,-0.7%,73247.0,-2.2%,221.01,,-3.3%,+6.2%,+4.4%,+6.9%
ALL,Extended,Insurance and reinsurance,Financials,Insurance,,Dec,Revenue,CY2028,76298.0,76298.0,+0.0%,77348.667,+1.4%,76138.714,-1.6%,221.01,,-0.2%,+6.2%,+4.4%,+6.9%
TRV,Extended,Insurance and reinsurance,Financials,Insurance,,Dec,Revenue,CY2025,49071.059,48776.75,-0.6%,48813.158,+0.1%,48813.158,+0.0%,303.25,,-0.5%,+4.5%,-1.1%,+11.9%
TRV,Extended,Insurance and reinsurance,Financials,Insurance,,Dec,Revenue,CY2026,52261.444,50326.75,-3.7%,49957.737,-0.7%,48785.955,-2.3%,303.25,,-6.7%,+4.5%,-1.1%,+11.9%
TRV,Extended,Insurance and reinsurance,Financials,Insurance,,Dec,Revenue,CY2027,55062.333,52097.294,-5.4%,51377.389,-1.4%,50253.143,-2.2%,303.25,,-8.7%,+4.5%,-1.1%,+11.9%
TRV,Extended,Insurance and reinsurance,Financials,Insurance,,Dec,Revenue,CY2028,56957.5,53691.333,-5.7%,52896.111,-1.5%,51752.417,-2.2%,303.25,,-9.1%,+4.5%,-1.1%,+11.9%
AIG,Extended,Insurance and reinsurance,Financials,Insurance,,Dec,Revenue,CY2025,27357.917,27498.222,+0.5%,27551.5,+0.2%,27551.5,+0.0%,75.49,,+0.7%,-11.8%,-5.7%,-11.6%
AIG,Extended,Insurance and reinsurance,Financials,Insurance,,Dec,Revenue,CY2026,28780.333,28435.5,-1.2%,29250.667,+2.9%,28857.0,-1.3%,75.49,,+0.3%,-11.8%,-5.7%,-11.6%
AIG,Extended,Insurance and reinsurance,Financials,Insurance,,Dec,Revenue,CY2027,30722.5,30360.364,-1.2%,30976.417,+2.0%,31174.643,+0.6%,75.49,,+1.5%,-11.8%,-5.7%,-11.6%
AIG,Extended,Insurance and reinsurance,Financials,Insurance,,Dec,Revenue,CY2028,32411.0,32411.0,+0.0%,32606.833,+0.6%,32724.25,+0.4%,75.49,,+1.0%,-11.8%,-5.7%,-11.6%
ACGL,Extended,Insurance and reinsurance,Financials,Insurance,,Dec,Revenue,CY2025,18630.636,19660.5,+5.5%,19606.538,-0.3%,19606.538,+0.0%,91.19,,+5.2%,-4.9%,-6.1%,-3.6%
ACGL,Extended,Insurance and reinsurance,Financials,Insurance,,Dec,Revenue,CY2026,19806.909,19388.667,-2.1%,19028.818,-1.9%,18225.357,-4.2%,91.19,,-8.0%,-4.9%,-6.1%,-3.6%
ACGL,Extended,Insurance and reinsurance,Financials,Insurance,,Dec,Revenue,CY2027,21308.714,20270.364,-4.9%,19296.154,-4.8%,18980.462,-1.6%,91.19,,-10.9%,-4.9%,-6.1%,-3.6%
ACGL,Extended,Insurance and reinsurance,Financials,Insurance,,Dec,Revenue,CY2028,,,,19930.0,,19490.8,-2.2%,91.19,,,-4.9%,-6.1%,-3.6%
KMX,Extended,Autos,Consumer Discretionary,Consumer Discretionary Distrib,,Feb,Revenue,CY2025,27526.933,25417.684,-7.7%,25599.588,+0.7%,25640.375,+0.2%,47.15,,-6.9%,+22.0%,+12.1%,-27.9%
KMX,Extended,Autos,Consumer Discretionary,Consumer Discretionary Distrib,,Feb,Revenue,CY2026,29013.667,25652.526,-11.6%,25719.529,+0.3%,25924.5,+0.8%,47.15,,-10.6%,+22.0%,+12.1%,-27.9%
KMX,Extended,Autos,Consumer Discretionary,Consumer Discretionary Distrib,,Feb,Revenue,CY2027,30517.167,26096.444,-14.5%,26175.182,+0.3%,26570.722,+1.5%,47.15,,-12.9%,+22.0%,+12.1%,-27.9%
KMX,Extended,Autos,Consumer Discretionary,Consumer Discretionary Distrib,,Feb,Revenue,CY2028,,27032.333,,26906.6,-0.5%,26917.667,+0.0%,47.15,,,+22.0%,+12.1%,-27.9%
AN,Extended,Autos,Consumer Discretionary,Consumer Discretionary Distrib,,Dec,Revenue,CY2025,27173.462,27833.364,+2.4%,27863.636,+0.1%,27863.636,+0.0%,187.72,,+2.5%,-9.1%,-2.9%,+1.0%
AN,Extended,Autos,Consumer Discretionary,Consumer Discretionary Distrib,,Dec,Revenue,CY2026,27854.154,28513.25,+2.4%,28111.417,-1.4%,27826.538,-1.0%,187.72,,-0.1%,-9.1%,-2.9%,+1.0%
AN,Extended,Autos,Consumer Discretionary,Consumer Discretionary Distrib,,Dec,Revenue,CY2027,28943.4,29420.571,+1.6%,28959.0,-1.6%,28657.923,-1.0%,187.72,,-1.0%,-9.1%,-2.9%,+1.0%
AN,Extended,Autos,Consumer Discretionary,Consumer Discretionary Distrib,,Dec,Revenue,CY2028,,30652.75,,30645.833,-0.0%,29896.714,-2.4%,187.72,,,-9.1%,-2.9%,+1.0%
GPI,Extended,Autos,Consumer Discretionary,Consumer Discretionary Distrib,,Dec,Revenue,CY2025,22226.8,22678.667,+2.0%,22609.5,-0.3%,22609.5,+0.0%,311.0,,+1.7%,-20.9%,-4.1%,-25.9%
GPI,Extended,Autos,Consumer Discretionary,Consumer Discretionary Distrib,,Dec,Revenue,CY2026,22961.5,23539.778,+2.5%,23177.1,-1.5%,22780.083,-1.7%,311.0,,-0.8%,-20.9%,-4.1%,-25.9%
GPI,Extended,Autos,Consumer Discretionary,Consumer Discretionary Distrib,,Dec,Revenue,CY2027,23924.667,24276.5,+1.5%,23993.1,-1.2%,23523.167,-2.0%,311.0,,-1.7%,-20.9%,-4.1%,-25.9%
GPI,Extended,Autos,Consumer Discretionary,Consumer Discretionary Distrib,,Dec,Revenue,CY2028,,25980.0,,25051.75,-3.6%,24594.5,-1.8%,311.0,,,-20.9%,-4.1%,-25.9%
SAH,Extended,Autos,Consumer Discretionary,Consumer Discretionary Distrib,,Dec,Revenue,CY2025,14712.556,15201.1,+3.3%,15179.6,-0.1%,15179.6,+0.0%,82.16,,+3.2%,+32.8%,+31.6%,+14.9%
SAH,Extended,Autos,Consumer Discretionary,Consumer Discretionary Distrib,,Dec,Revenue,CY2026,15191.0,15709.8,+3.4%,15707.364,-0.0%,15576.417,-0.8%,82.16,,+2.5%,+32.8%,+31.6%,+14.9%
SAH,Extended,Autos,Consumer Discretionary,Consumer Discretionary Distrib,,Dec,Revenue,CY2027,16576.667,16408.8,-1.0%,16397.2,-0.1%,16216.25,-1.1%,82.16,,-2.2%,+32.8%,+31.6%,+14.9%
SAH,Extended,Autos,Consumer Discretionary,Consumer Discretionary Distrib,,Dec,Revenue,CY2028,,17728.333,,17358.5,-2.1%,16983.5,-2.2%,82.16,,,+32.8%,+31.6%,+14.9%
CPRT,Extended,Autos,Industrials,Commercial & Professional Serv,,Jul,Revenue,CY2025,4667.2,4670.5,+0.1%,4670.5,+0.0%,4670.5,+0.0%,30.96,,+0.1%,-20.9%,-18.6%,-38.3%
CPRT,Extended,Autos,Industrials,Commercial & Professional Serv,,Jul,Revenue,CY2026,5084.444,4799.0,-5.6%,4607.3,-4.0%,4643.5,+0.8%,30.96,,-8.7%,-20.9%,-18.6%,-38.3%
CPRT,Extended,Autos,Industrials,Commercial & Professional Serv,,Jul,Revenue,CY2027,5614.4,5122.444,-8.8%,4823.7,-5.8%,4828.4,+0.1%,30.96,,-14.0%,-20.9%,-18.6%,-38.3%
CPRT,Extended,Autos,Industrials,Commercial & Professional Serv,,Jul,Revenue,CY2028,6786.0,5866.667,-13.5%,5262.333,-10.3%,5275.0,+0.2%,30.96,,-22.3%,-20.9%,-18.6%,-38.3%
GFS,Extended,Technology,Information Technology,Semiconductors & Semiconductor,,Dec,Revenue,CY2025,6900.444,6764.45,-2.0%,6764.45,+0.0%,6764.45,+0.0%,75.53,,-2.0%,+116.3%,+56.3%,+101.4%
GFS,Extended,Technology,Information Technology,Semiconductors & Semiconductor,,Dec,Revenue,CY2026,7552.556,7172.45,-5.0%,7234.1,+0.9%,7264.6,+0.4%,75.53,,-3.8%,+116.3%,+56.3%,+101.4%
GFS,Extended,Technology,Information Technology,Semiconductors & Semiconductor,,Dec,Revenue,CY2027,8206.727,7795.118,-5.0%,7945.579,+1.9%,8048.684,+1.3%,75.53,,-1.9%,+116.3%,+56.3%,+101.4%
GFS,Extended,Technology,Information Technology,Semiconductors & Semiconductor,,Dec,Revenue,CY2028,9364.333,8577.25,-8.4%,8750.5,+2.0%,9020.357,+3.1%,75.53,,-3.7%,+116.3%,+56.3%,+101.4%
2454,Extended,Technology,Information Technology,Semiconductors & Semiconductor,,Dec,Revenue,CY2025,613280.621,591276.643,-3.6%,593911.133,+0.4%,593911.133,+0.0%,4300.0,,-3.2%,+200.7%,+143.6%,+235.9%
2454,Extended,Technology,Information Technology,Semiconductors & Semiconductor,,Dec,Revenue,CY2026,711394.04,653312.036,-8.2%,641066.333,-1.9%,650381.643,+1.5%,4300.0,,-8.6%,+200.7%,+143.6%,+235.9%
2454,Extended,Technology,Information Technology,Semiconductors & Semiconductor,,Dec,Revenue,CY2027,827970.769,794807.3,-4.0%,864943.167,+8.8%,1008033.964,+16.5%,4300.0,,+21.7%,+200.7%,+143.6%,+235.9%
2454,Extended,Technology,Information Technology,Semiconductors & Semiconductor,,Dec,Revenue,CY2028,889851.667,875136.5,-1.7%,931101.75,+6.4%,1616230.353,+73.6%,4300.0,,+81.6%,+200.7%,+143.6%,+235.9%
