Ticker,Group,Category,GICS Sector,GICS Industry,EPS Type,FYE,Metric,Year,-1yr,-6m,-6m chg,-3m,-3m chg,Current,Current chg,Price,PE,12m Rev,Return_YTD,Return_3m,Return_12m
HCA,Portfolio,,Health Care,Health Care Equipment & Servic,Adj,Dec,EPS,CY2025,25.299,27.696,+9.5%,27.69,-0.0%,27.69,+0.0%,394.07,14.2,+9.5%,-15.6%,-26.0%,+4.6%
HCA,Portfolio,,Health Care,Health Care Equipment & Servic,Adj,Dec,EPS,CY2026,28.01,29.753,+6.2%,30.316,+1.9%,30.204,-0.4%,394.07,13.0,+7.8%,-15.6%,-26.0%,+4.6%
HCA,Portfolio,,Health Care,Health Care Equipment & Servic,Adj,Dec,EPS,CY2027,31.604,33.021,+4.5%,33.303,+0.9%,33.158,-0.4%,394.07,11.9,+4.9%,-15.6%,-26.0%,+4.6%
HCA,Portfolio,,Health Care,Health Care Equipment & Servic,Adj,Dec,EPS,CY2028,35.838,36.79,+2.7%,37.671,+2.4%,37.137,-1.4%,394.07,10.6,+3.6%,-15.6%,-26.0%,+4.6%
UNH,Portfolio,,Health Care,Health Care Equipment & Servic,GAAP,Dec,EPS,CY2025,21.933,14.948,-31.8%,14.947,-0.0%,14.947,+0.0%,388.47,26.0,-31.9%,+17.7%,+34.0%,+30.9%
UNH,Portfolio,,Health Care,Health Care Equipment & Servic,GAAP,Dec,EPS,CY2026,25.551,16.41,-35.8%,16.892,+2.9%,17.178,+1.7%,388.47,22.6,-32.8%,+17.7%,+34.0%,+30.9%
UNH,Portfolio,,Health Care,Health Care Equipment & Servic,GAAP,Dec,EPS,CY2027,26.984,19.336,-28.3%,18.373,-5.0%,18.752,+2.1%,388.47,20.7,-30.5%,+17.7%,+34.0%,+30.9%
UNH,Portfolio,,Health Care,Health Care Equipment & Servic,GAAP,Dec,EPS,CY2028,32.685,23.685,-27.5%,21.988,-7.2%,22.939,+4.3%,388.47,16.9,-29.8%,+17.7%,+34.0%,+30.9%
TSM,Portfolio,,Information Technology,Semiconductors & Semiconductor,GAAP,Dec,EPS,CY2025,9.866,10.228,+3.7%,10.239,+0.1%,10.239,+0.0%,404.52,39.5,+3.8%,+33.1%,+9.2%,+106.2%
TSM,Portfolio,,Information Technology,Semiconductors & Semiconductor,GAAP,Dec,EPS,CY2026,11.403,12.011,+5.3%,14.157,+17.9%,15.217,+7.5%,404.52,26.6,+33.4%,+33.1%,+9.2%,+106.2%
TSM,Portfolio,,Information Technology,Semiconductors & Semiconductor,GAAP,Dec,EPS,CY2027,13.202,14.302,+8.3%,17.563,+22.8%,19.053,+8.5%,404.52,21.2,+44.3%,+33.1%,+9.2%,+106.2%
TSM,Portfolio,,Information Technology,Semiconductors & Semiconductor,GAAP,Dec,EPS,CY2028,14.983,16.458,+9.8%,20.626,+25.3%,22.606,+9.6%,404.52,17.9,+50.9%,+33.1%,+9.2%,+106.2%
AVGO,Portfolio,,Information Technology,Semiconductors & Semiconductor,GAAP,Oct,EPS,CY2025,4.646,4.246,-8.6%,4.247,+0.0%,4.247,+0.0%,414.14,97.5,-8.6%,+19.7%,+24.5%,+79.6%
AVGO,Portfolio,,Information Technology,Semiconductors & Semiconductor,GAAP,Oct,EPS,CY2026,6.026,6.545,+8.6%,8.155,+24.6%,9.088,+11.4%,414.14,45.6,+50.8%,+19.7%,+24.5%,+79.6%
AVGO,Portfolio,,Information Technology,Semiconductors & Semiconductor,GAAP,Oct,EPS,CY2027,6.86,9.365,+36.5%,11.968,+27.8%,15.679,+31.0%,414.14,26.4,+128.6%,+19.7%,+24.5%,+79.6%
AVGO,Portfolio,,Information Technology,Semiconductors & Semiconductor,GAAP,Oct,EPS,CY2028,,12.468,,15.592,+25.1%,19.286,+23.7%,414.14,21.5,,+19.7%,+24.5%,+79.6%
NVDA,Portfolio,,Information Technology,Semiconductors & Semiconductor,GAAP,Jan,EPS,CY2025,4.096,4.59,+12.1%,4.614,+0.5%,4.626,+0.3%,215.33,46.5,+12.9%,+15.5%,+13.4%,+62.1%
NVDA,Portfolio,,Information Technology,Semiconductors & Semiconductor,GAAP,Jan,EPS,CY2026,5.322,7.134,+34.0%,7.441,+4.3%,9.146,+22.9%,215.33,23.5,+71.9%,+15.5%,+13.4%,+62.1%
NVDA,Portfolio,,Information Technology,Semiconductors & Semiconductor,GAAP,Jan,EPS,CY2027,6.059,8.911,+47.1%,9.469,+6.3%,12.401,+31.0%,215.33,17.4,+104.7%,+15.5%,+13.4%,+62.1%
NVDA,Portfolio,,Information Technology,Semiconductors & Semiconductor,GAAP,Jan,EPS,CY2028,6.77,9.4,+38.8%,10.444,+11.1%,14.587,+39.7%,215.33,14.8,+115.5%,+15.5%,+13.4%,+62.1%
META,Portfolio,,Communication Services,Media & Entertainment,GAAP,Dec,EPS,CY2025,25.52,22.942,-10.1%,22.814,-0.6%,22.814,+0.0%,610.26,26.7,-10.6%,-7.5%,-6.9%,-4.1%
META,Portfolio,,Communication Services,Media & Entertainment,GAAP,Dec,EPS,CY2026,28.321,29.692,+4.8%,29.669,-0.1%,32.229,+8.6%,610.26,18.9,+13.8%,-7.5%,-6.9%,-4.1%
META,Portfolio,,Communication Services,Media & Entertainment,GAAP,Dec,EPS,CY2027,32.528,33.493,+3.0%,34.331,+2.5%,34.909,+1.7%,610.26,17.5,+7.3%,-7.5%,-6.9%,-4.1%
META,Portfolio,,Communication Services,Media & Entertainment,GAAP,Dec,EPS,CY2028,38.05,38.781,+1.9%,40.469,+4.4%,40.46,-0.0%,610.26,15.1,+6.3%,-7.5%,-6.9%,-4.1%
AMZN,Portfolio,,Consumer Discretionary,Consumer Discretionary Distrib,GAAP,Dec,EPS,CY2025,6.211,7.091,+14.2%,7.102,+0.2%,7.102,+0.0%,266.32,37.5,+14.3%,+15.4%,+26.8%,+31.1%
AMZN,Portfolio,,Consumer Discretionary,Consumer Discretionary Distrib,GAAP,Dec,EPS,CY2026,7.273,7.902,+8.6%,7.807,-1.2%,8.788,+12.6%,266.32,30.3,+20.8%,+15.4%,+26.8%,+31.1%
AMZN,Portfolio,,Consumer Discretionary,Consumer Discretionary Distrib,GAAP,Dec,EPS,CY2027,8.917,9.611,+7.8%,9.412,-2.1%,10.02,+6.5%,266.32,26.6,+12.4%,+15.4%,+26.8%,+31.1%
AMZN,Portfolio,,Consumer Discretionary,Consumer Discretionary Distrib,GAAP,Dec,EPS,CY2028,10.512,11.187,+6.4%,11.655,+4.2%,12.914,+10.8%,266.32,20.6,+22.9%,+15.4%,+26.8%,+31.1%
JPM,Portfolio,,Financials,Banks,GAAP,Dec,EPS,CY2025,18.577,20.296,+9.3%,19.774,-2.6%,19.774,+0.0%,306.38,15.5,+6.4%,-4.9%,-1.4%,+17.5%
JPM,Portfolio,,Financials,Banks,GAAP,Dec,EPS,CY2026,19.6,21.18,+8.1%,21.333,+0.7%,22.324,+4.6%,306.38,13.7,+13.9%,-4.9%,-1.4%,+17.5%
JPM,Portfolio,,Financials,Banks,GAAP,Dec,EPS,CY2027,21.046,22.882,+8.7%,23.039,+0.7%,23.462,+1.8%,306.38,13.1,+11.5%,-4.9%,-1.4%,+17.5%
JPM,Portfolio,,Financials,Banks,GAAP,Dec,EPS,CY2028,20.1,23.35,+16.2%,25.585,+9.6%,25.819,+0.9%,306.38,11.9,+28.5%,-4.9%,-1.4%,+17.5%
APO,Portfolio,,Financials,Financial Services,Adj,Dec,EPS,CY2025,7.769,7.965,+2.5%,7.955,-0.1%,7.955,+0.0%,128.51,16.2,+2.4%,-11.2%,+7.3%,-1.8%
APO,Portfolio,,Financials,Financial Services,Adj,Dec,EPS,CY2026,9.384,9.286,-1.0%,9.241,-0.5%,8.947,-3.2%,128.51,14.4,-4.7%,-11.2%,+7.3%,-1.8%
APO,Portfolio,,Financials,Financial Services,Adj,Dec,EPS,CY2027,11.078,10.998,-0.7%,10.897,-0.9%,10.738,-1.5%,128.51,12.0,-3.1%,-11.2%,+7.3%,-1.8%
APO,Portfolio,,Financials,Financial Services,Adj,Dec,EPS,CY2028,,12.09,,12.781,+5.7%,12.442,-2.7%,128.51,10.3,,-11.2%,+7.3%,-1.8%
PGR,Portfolio,,Financials,Insurance,Adj,Dec,EPS,CY2025,15.875,17.781,+12.0%,17.902,+0.7%,17.902,+0.0%,199.51,11.1,+12.8%,-6.9%,-2.2%,-23.5%
PGR,Portfolio,,Financials,Insurance,Adj,Dec,EPS,CY2026,15.859,16.38,+3.3%,16.141,-1.5%,16.29,+0.9%,199.51,12.2,+2.7%,-6.9%,-2.2%,-23.5%
PGR,Portfolio,,Financials,Insurance,Adj,Dec,EPS,CY2027,17.032,16.414,-3.6%,16.199,-1.3%,16.283,+0.5%,199.51,12.3,-4.4%,-6.9%,-2.2%,-23.5%
PGR,Portfolio,,Financials,Insurance,Adj,Dec,EPS,CY2028,17.933,17.69,-1.4%,16.179,-8.5%,16.619,+2.7%,199.51,12.0,-7.3%,-6.9%,-2.2%,-23.5%
CVNA,Portfolio,,Consumer Discretionary,Consumer Discretionary Distrib,Adj,Dec,EPS,CY2025,0.97,1.027,+5.9%,1.028,+0.1%,1.028,+0.0%,68.28,66.4,+6.0%,-19.1%,+1.4%,+13.0%
CVNA,Portfolio,,Consumer Discretionary,Consumer Discretionary Distrib,Adj,Dec,EPS,CY2026,1.253,1.442,+15.1%,1.476,+2.4%,1.528,+3.5%,68.28,44.7,+21.9%,-19.1%,+1.4%,+13.0%
CVNA,Portfolio,,Consumer Discretionary,Consumer Discretionary Distrib,Adj,Dec,EPS,CY2027,1.556,1.921,+23.5%,2.003,+4.3%,2.056,+2.6%,68.28,33.2,+32.1%,-19.1%,+1.4%,+13.0%
CVNA,Portfolio,,Consumer Discretionary,Consumer Discretionary Distrib,Adj,Dec,EPS,CY2028,2.373,2.518,+6.1%,2.538,+0.8%,2.64,+4.0%,68.28,25.9,+11.3%,-19.1%,+1.4%,+13.0%
APP,Portfolio,,Information Technology,Software & Services,Adj,Dec,EPS,CY2025,7.895,9.269,+17.4%,9.378,+1.2%,9.378,+0.0%,481.68,51.4,+18.8%,-28.5%,+15.0%,+37.0%
APP,Portfolio,,Information Technology,Software & Services,Adj,Dec,EPS,CY2026,11.527,14.488,+25.7%,15.159,+4.6%,15.766,+4.0%,481.68,30.6,+36.8%,-28.5%,+15.0%,+37.0%
APP,Portfolio,,Information Technology,Software & Services,Adj,Dec,EPS,CY2027,14.224,18.783,+32.1%,19.99,+6.4%,20.968,+4.9%,481.68,23.0,+47.4%,-28.5%,+15.0%,+37.0%
APP,Portfolio,,Information Technology,Software & Services,Adj,Dec,EPS,CY2028,18.152,23.75,+30.8%,25.339,+6.7%,26.366,+4.1%,481.68,18.3,+45.3%,-28.5%,+15.0%,+37.0%
VEEV,Portfolio,,Health Care,Health Care Equipment & Servic,Adj,Jan,EPS,CY2025,7.296,7.924,+8.6%,7.94,+0.2%,7.941,+0.0%,160.17,20.2,+8.8%,-28.2%,-11.2%,-32.0%
VEEV,Portfolio,,Health Care,Health Care Equipment & Servic,Adj,Jan,EPS,CY2026,8.057,8.576,+6.4%,8.591,+0.2%,8.869,+3.2%,160.17,18.1,+10.1%,-28.2%,-11.2%,-32.0%
VEEV,Portfolio,,Health Care,Health Care Equipment & Servic,Adj,Jan,EPS,CY2027,9.127,9.591,+5.1%,9.613,+0.2%,9.849,+2.5%,160.17,16.3,+7.9%,-28.2%,-11.2%,-32.0%
VEEV,Portfolio,,Health Care,Health Care Equipment & Servic,Adj,Jan,EPS,CY2028,,11.24,,11.316,+0.7%,11.155,-1.4%,160.17,14.4,,-28.2%,-11.2%,-32.0%
FICO,Portfolio,,Information Technology,Software & Services,Adj,Sep,EPS,CY2025,29.255,29.52,+0.9%,29.52,+0.0%,29.52,+0.0%,1239.91,42.0,+0.9%,-26.7%,-8.2%,-27.1%
FICO,Portfolio,,Information Technology,Software & Services,Adj,Sep,EPS,CY2026,36.394,40.321,+10.8%,41.535,+3.0%,43.136,+3.9%,1239.91,28.7,+18.5%,-26.7%,-8.2%,-27.1%
FICO,Portfolio,,Information Technology,Software & Services,Adj,Sep,EPS,CY2027,46.031,50.48,+9.7%,53.213,+5.4%,53.997,+1.5%,1239.91,23.0,+17.3%,-26.7%,-8.2%,-27.1%
FICO,Portfolio,,Information Technology,Software & Services,Adj,Sep,EPS,CY2028,56.346,59.121,+4.9%,62.177,+5.2%,65.095,+4.7%,1239.91,19.0,+15.5%,-26.7%,-8.2%,-27.1%
GOOG,Watchlist,,Communication Services,Media & Entertainment,GAAP,Dec,EPS,CY2025,9.555,10.577,+10.7%,10.598,+0.2%,10.598,+0.0%,379.38,35.8,+10.9%,+20.9%,+20.5%,+120.6%
GOOG,Watchlist,,Communication Services,Media & Entertainment,GAAP,Dec,EPS,CY2026,10.186,11.08,+8.8%,11.598,+4.7%,14.19,+22.3%,379.38,26.7,+39.3%,+20.9%,+20.5%,+120.6%
GOOG,Watchlist,,Communication Services,Media & Entertainment,GAAP,Dec,EPS,CY2027,11.581,13.098,+13.1%,13.43,+2.5%,14.693,+9.4%,379.38,25.8,+26.9%,+20.9%,+20.5%,+120.6%
GOOG,Watchlist,,Communication Services,Media & Entertainment,GAAP,Dec,EPS,CY2028,13.269,14.17,+6.8%,15.547,+9.7%,17.361,+11.7%,379.38,21.9,+30.8%,+20.9%,+20.5%,+120.6%
MU,Watchlist,,Information Technology,Semiconductors & Semiconductor,GAAP,Aug,EPS,CY2025,6.587,7.42,+12.6%,7.42,+0.0%,7.42,+0.0%,751.0,101.2,+12.6%,+163.1%,+75.4%,+691.9%
MU,Watchlist,,Information Technology,Semiconductors & Semiconductor,GAAP,Aug,EPS,CY2026,10.841,16.904,+55.9%,32.56,+92.6%,58.896,+80.9%,751.0,12.8,+443.3%,+163.1%,+75.4%,+691.9%
MU,Watchlist,,Information Technology,Semiconductors & Semiconductor,GAAP,Aug,EPS,CY2027,11.542,20.34,+76.2%,43.337,+113.1%,102.728,+137.0%,751.0,7.3,+790.0%,+163.1%,+75.4%,+691.9%
MU,Watchlist,,Information Technology,Semiconductors & Semiconductor,GAAP,Aug,EPS,CY2028,,20.266,,46.19,+127.9%,96.361,+108.6%,751.0,7.8,,+163.1%,+75.4%,+691.9%
HOOD,Watchlist,,Financials,Financial Services,Adj,Dec,EPS,CY2025,1.337,2.041,+52.7%,2.066,+1.2%,2.066,+0.0%,73.64,35.6,+54.5%,-34.9%,-3.2%,+13.7%
HOOD,Watchlist,,Financials,Financial Services,Adj,Dec,EPS,CY2026,1.615,2.52,+56.0%,2.382,-5.5%,1.899,-20.3%,73.64,38.8,+17.6%,-34.9%,-3.2%,+13.7%
HOOD,Watchlist,,Financials,Financial Services,Adj,Dec,EPS,CY2027,1.885,2.871,+52.3%,2.847,-0.8%,2.551,-10.4%,73.64,28.9,+35.3%,-34.9%,-3.2%,+13.7%
HOOD,Watchlist,,Financials,Financial Services,Adj,Dec,EPS,CY2028,1.73,2.85,+64.7%,3.486,+22.3%,2.945,-15.5%,73.64,25.0,+70.2%,-34.9%,-3.2%,+13.7%
TDG,Watchlist,,Industrials,Capital Goods,Adj,Sep,EPS,CY2025,37.37,36.616,-2.0%,36.616,+0.0%,36.616,+0.0%,1213.51,33.1,-2.0%,-8.7%,-9.4%,-7.7%
TDG,Watchlist,,Industrials,Capital Goods,Adj,Sep,EPS,CY2026,43.089,39.531,-8.3%,39.002,-1.3%,39.964,+2.5%,1213.51,30.4,-7.3%,-8.7%,-9.4%,-7.7%
TDG,Watchlist,,Industrials,Capital Goods,Adj,Sep,EPS,CY2027,49.155,46.399,-5.6%,45.707,-1.5%,46.945,+2.7%,1213.51,25.8,-4.5%,-8.7%,-9.4%,-7.7%
TDG,Watchlist,,Industrials,Capital Goods,Adj,Sep,EPS,CY2028,52.493,52.828,+0.6%,52.548,-0.5%,53.255,+1.3%,1213.51,22.8,+1.5%,-8.7%,-9.4%,-7.7%
GE,Watchlist,,Industrials,Capital Goods,GAAP,Dec,EPS,CY2025,5.826,6.731,+15.5%,6.907,+2.6%,6.907,+0.0%,302.84,43.8,+18.6%,-1.7%,-11.8%,+31.5%
GE,Watchlist,,Industrials,Capital Goods,GAAP,Dec,EPS,CY2026,6.547,7.581,+15.8%,7.878,+3.9%,7.955,+1.0%,302.84,38.1,+21.5%,-1.7%,-11.8%,+31.5%
GE,Watchlist,,Industrials,Capital Goods,GAAP,Dec,EPS,CY2027,7.576,8.623,+13.8%,8.724,+1.2%,8.913,+2.2%,302.84,34.0,+17.6%,-1.7%,-11.8%,+31.5%
GE,Watchlist,,Industrials,Capital Goods,GAAP,Dec,EPS,CY2028,8.544,9.677,+13.3%,9.818,+1.5%,10.159,+3.5%,302.84,29.8,+18.9%,-1.7%,-11.8%,+31.5%
LRCX,Watchlist,,Information Technology,Semiconductors & Semiconductor,GAAP,Jun,EPS,CY2025,4.01,4.012,+0.0%,4.012,+0.0%,4.012,+0.0%,305.35,76.1,+0.0%,+78.4%,+24.7%,+269.9%
LRCX,Watchlist,,Information Technology,Semiconductors & Semiconductor,GAAP,Jun,EPS,CY2026,3.986,4.79,+20.2%,5.289,+10.4%,5.627,+6.4%,305.35,54.3,+41.2%,+78.4%,+24.7%,+269.9%
LRCX,Watchlist,,Information Technology,Semiconductors & Semiconductor,GAAP,Jun,EPS,CY2027,4.776,5.607,+17.4%,6.963,+24.2%,7.88,+13.2%,305.35,38.8,+65.0%,+78.4%,+24.7%,+269.9%
LRCX,Watchlist,,Information Technology,Semiconductors & Semiconductor,GAAP,Jun,EPS,CY2028,5.415,6.238,+15.2%,7.792,+24.9%,9.382,+20.4%,305.35,32.5,+73.3%,+78.4%,+24.7%,+269.9%
DASH,Watchlist,,Consumer Discretionary,Consumer Services,Adj,Dec,EPS,CY2025,4.183,5.09,+21.7%,5.084,-0.1%,5.084,+0.0%,160.25,31.5,+21.5%,-29.2%,-9.1%,-20.2%
DASH,Watchlist,,Consumer Discretionary,Consumer Services,Adj,Dec,EPS,CY2026,5.481,6.186,+12.9%,5.356,-13.4%,4.885,-8.8%,160.25,32.8,-10.9%,-29.2%,-9.1%,-20.2%
DASH,Watchlist,,Consumer Discretionary,Consumer Services,Adj,Dec,EPS,CY2027,6.245,7.711,+23.5%,7.091,-8.0%,6.765,-4.6%,160.25,23.7,+8.3%,-29.2%,-9.1%,-20.2%
DASH,Watchlist,,Consumer Discretionary,Consumer Services,Adj,Dec,EPS,CY2028,7.542,8.577,+13.7%,7.952,-7.3%,8.945,+12.5%,160.25,17.9,+18.6%,-29.2%,-9.1%,-20.2%
UBER,Watchlist,,Industrials,Transportation,Adj,Dec,EPS,CY2025,3.634,4.885,+34.4%,2.49,-49.0%,2.49,+0.0%,71.82,28.8,-31.5%,-12.1%,-2.8%,-18.4%
UBER,Watchlist,,Industrials,Transportation,Adj,Dec,EPS,CY2026,4.176,4.16,-0.4%,3.376,-18.8%,3.324,-1.5%,71.82,21.6,-20.4%,-12.1%,-2.8%,-18.4%
UBER,Watchlist,,Industrials,Transportation,Adj,Dec,EPS,CY2027,4.986,4.893,-1.9%,4.42,-9.7%,4.51,+2.0%,71.82,15.9,-9.5%,-12.1%,-2.8%,-18.4%
UBER,Watchlist,,Industrials,Transportation,Adj,Dec,EPS,CY2028,5.893,5.738,-2.6%,5.465,-4.8%,5.508,+0.8%,71.82,13.0,-6.5%,-12.1%,-2.8%,-18.4%
LLY,Watchlist,,Health Care,"Pharmaceuticals, Biotechnology",GAAP,Dec,EPS,CY2025,21.462,22.906,+6.7%,22.806,-0.4%,22.806,+0.0%,1065.0,46.7,+6.3%,-0.9%,+5.5%,+48.9%
LLY,Watchlist,,Health Care,"Pharmaceuticals, Biotechnology",GAAP,Dec,EPS,CY2026,29.081,31.813,+9.4%,32.43,+1.9%,35.416,+9.2%,1065.0,30.1,+21.8%,-0.9%,+5.5%,+48.9%
LLY,Watchlist,,Health Care,"Pharmaceuticals, Biotechnology",GAAP,Dec,EPS,CY2027,35.547,38.88,+9.4%,39.729,+2.2%,44.104,+11.0%,1065.0,24.1,+24.1%,-0.9%,+5.5%,+48.9%
LLY,Watchlist,,Health Care,"Pharmaceuticals, Biotechnology",GAAP,Dec,EPS,CY2028,42.538,45.39,+6.7%,47.732,+5.2%,51.397,+7.7%,1065.0,20.7,+20.8%,-0.9%,+5.5%,+48.9%
MSFT,Watchlist,,Information Technology,Software & Services,GAAP,Jun,EPS,CY2025,13.404,13.403,-0.0%,13.403,+0.0%,13.403,+0.0%,418.57,31.2,-0.0%,-13.5%,+5.4%,-8.0%
MSFT,Watchlist,,Information Technology,Software & Services,GAAP,Jun,EPS,CY2026,15.174,15.948,+5.1%,16.734,+4.9%,17.281,+3.3%,418.57,24.2,+13.9%,-13.5%,+5.4%,-8.0%
MSFT,Watchlist,,Information Technology,Software & Services,GAAP,Jun,EPS,CY2027,17.771,18.734,+5.4%,19.012,+1.5%,19.409,+2.1%,418.57,21.6,+9.2%,-13.5%,+5.4%,-8.0%
MSFT,Watchlist,,Information Technology,Software & Services,GAAP,Jun,EPS,CY2028,20.838,22.087,+6.0%,22.355,+1.2%,22.788,+1.9%,418.57,18.4,+9.4%,-13.5%,+5.4%,-8.0%
V,Watchlist,,Financials,Financial Services,GAAP,Sep,EPS,CY2025,10.817,10.723,-0.9%,10.723,+0.0%,10.723,+0.0%,328.88,30.7,-0.9%,-6.2%,+2.5%,-8.1%
V,Watchlist,,Financials,Financial Services,GAAP,Sep,EPS,CY2026,12.671,12.687,+0.1%,12.644,-0.3%,12.787,+1.1%,328.88,25.7,+0.9%,-6.2%,+2.5%,-8.1%
V,Watchlist,,Financials,Financial Services,GAAP,Sep,EPS,CY2027,14.28,14.396,+0.8%,14.453,+0.4%,14.773,+2.2%,328.88,22.3,+3.5%,-6.2%,+2.5%,-8.1%
V,Watchlist,,Financials,Financial Services,GAAP,Sep,EPS,CY2028,16.032,16.285,+1.6%,16.319,+0.2%,16.783,+2.8%,328.88,19.6,+4.7%,-6.2%,+2.5%,-8.1%
BX,Watchlist,,Financials,Financial Services,Adj,Dec,EPS,CY2025,4.892,5.332,+9.0%,5.343,+0.2%,5.343,+0.0%,118.51,22.2,+9.2%,-23.1%,-2.3%,-13.5%
BX,Watchlist,,Financials,Financial Services,Adj,Dec,EPS,CY2026,6.435,6.422,-0.2%,6.399,-0.4%,5.966,-6.8%,118.51,19.9,-7.3%,-23.1%,-2.3%,-13.5%
BX,Watchlist,,Financials,Financial Services,Adj,Dec,EPS,CY2027,7.811,8.025,+2.7%,7.957,-0.8%,7.558,-5.0%,118.51,15.7,-3.2%,-23.1%,-2.3%,-13.5%
BX,Watchlist,,Financials,Financial Services,Adj,Dec,EPS,CY2028,7.77,8.75,+12.6%,8.641,-1.2%,8.217,-4.9%,118.51,14.4,+5.8%,-23.1%,-2.3%,-13.5%
BKNG,Watchlist,,Consumer Discretionary,Consumer Services,Adj,Dec,EPS,CY2025,8.566,9.116,+6.4%,9.107,-0.1%,9.107,+0.0%,161.06,17.7,+6.3%,-24.8%,-1.2%,-24.6%
BKNG,Watchlist,,Consumer Discretionary,Consumer Services,Adj,Dec,EPS,CY2026,9.902,10.605,+7.1%,10.752,+1.4%,10.501,-2.3%,161.06,15.3,+6.0%,-24.8%,-1.2%,-24.6%
BKNG,Watchlist,,Consumer Discretionary,Consumer Services,Adj,Dec,EPS,CY2027,11.602,12.339,+6.4%,12.601,+2.1%,12.338,-2.1%,161.06,13.1,+6.3%,-24.8%,-1.2%,-24.6%
BKNG,Watchlist,,Consumer Discretionary,Consumer Services,Adj,Dec,EPS,CY2028,13.36,14.118,+5.7%,14.541,+3.0%,14.192,-2.4%,161.06,11.3,+6.2%,-24.8%,-1.2%,-24.6%
HLT,Watchlist,,Consumer Discretionary,Consumer Services,Adj,Dec,EPS,CY2025,7.924,8.066,+1.8%,8.057,-0.1%,8.057,+0.0%,321.08,39.9,+1.7%,+11.8%,+1.6%,+30.2%
HLT,Watchlist,,Consumer Discretionary,Consumer Services,Adj,Dec,EPS,CY2026,9.045,9.129,+0.9%,9.076,-0.6%,9.006,-0.8%,321.08,35.7,-0.4%,+11.8%,+1.6%,+30.2%
HLT,Watchlist,,Consumer Discretionary,Consumer Services,Adj,Dec,EPS,CY2027,10.462,10.528,+0.6%,10.41,-1.1%,10.403,-0.1%,321.08,30.9,-0.6%,+11.8%,+1.6%,+30.2%
HLT,Watchlist,,Consumer Discretionary,Consumer Services,Adj,Dec,EPS,CY2028,12.614,12.293,-2.5%,11.91,-3.1%,12.058,+1.2%,321.08,26.6,-4.4%,+11.8%,+1.6%,+30.2%
IBKR,Watchlist,,Financials,Financial Services,Adj,Dec,EPS,CY2025,1.842,2.114,+14.8%,2.141,+1.3%,2.141,+0.0%,81.35,38.0,+16.2%,+26.5%,+9.3%,+57.4%
IBKR,Watchlist,,Financials,Financial Services,Adj,Dec,EPS,CY2026,1.962,2.307,+17.6%,2.476,+7.3%,2.501,+1.0%,81.35,32.5,+27.5%,+26.5%,+9.3%,+57.4%
IBKR,Watchlist,,Financials,Financial Services,Adj,Dec,EPS,CY2027,2.08,2.496,+20.0%,2.745,+10.0%,2.848,+3.8%,81.35,28.6,+36.9%,+26.5%,+9.3%,+57.4%
IBKR,Watchlist,,Financials,Financial Services,Adj,Dec,EPS,CY2028,2.47,2.94,+19.0%,3.16,+7.5%,3.248,+2.8%,81.35,25.0,+31.5%,+26.5%,+9.3%,+57.4%
NET,Watchlist,,Information Technology,Software & Services,Adj,Dec,EPS,CY2025,0.802,0.914,+14.0%,0.914,+0.0%,0.914,+0.0%,216.17,236.5,+14.0%,+9.6%,+22.0%,+36.6%
NET,Watchlist,,Information Technology,Software & Services,Adj,Dec,EPS,CY2026,1.047,1.178,+12.5%,1.137,-3.5%,1.197,+5.3%,216.17,180.6,+14.3%,+9.6%,+22.0%,+36.6%
NET,Watchlist,,Information Technology,Software & Services,Adj,Dec,EPS,CY2027,1.401,1.555,+11.0%,1.471,-5.4%,1.565,+6.4%,216.17,138.1,+11.7%,+9.6%,+22.0%,+36.6%
NET,Watchlist,,Information Technology,Software & Services,Adj,Dec,EPS,CY2028,1.794,2.195,+22.4%,2.058,-6.2%,2.105,+2.3%,216.17,102.7,+17.3%,+9.6%,+22.0%,+36.6%
COST,Watchlist,,Consumer Staples,Consumer Staples Distribution,GAAP,Aug,EPS,CY2025,18.143,18.099,-0.2%,18.099,+0.0%,18.099,+0.0%,1028.24,56.8,-0.2%,+19.2%,+4.4%,+1.0%
COST,Watchlist,,Consumer Staples,Consumer Staples Distribution,GAAP,Aug,EPS,CY2026,20.018,20.079,+0.3%,20.341,+1.3%,20.474,+0.7%,1028.24,50.2,+2.3%,+19.2%,+4.4%,+1.0%
COST,Watchlist,,Consumer Staples,Consumer Staples Distribution,GAAP,Aug,EPS,CY2027,22.132,22.099,-0.1%,22.292,+0.9%,22.818,+2.4%,1028.24,45.1,+3.1%,+19.2%,+4.4%,+1.0%
COST,Watchlist,,Consumer Staples,Consumer Staples Distribution,GAAP,Aug,EPS,CY2028,24.499,24.522,+0.1%,24.65,+0.5%,25.224,+2.3%,1028.24,40.8,+3.0%,+19.2%,+4.4%,+1.0%
TSLA,Watchlist,,Consumer Discretionary,Automobiles & Components,GAAP,Dec,EPS,CY2025,1.459,1.259,-13.7%,1.266,+0.6%,1.266,+0.0%,426.01,336.5,-13.2%,-5.3%,+3.4%,+24.9%
TSLA,Watchlist,,Consumer Discretionary,Automobiles & Components,GAAP,Dec,EPS,CY2026,2.467,1.859,-24.6%,1.476,-20.6%,1.261,-14.6%,426.01,337.8,-48.9%,-5.3%,+3.4%,+24.9%
TSLA,Watchlist,,Consumer Discretionary,Automobiles & Components,GAAP,Dec,EPS,CY2027,3.419,2.77,-19.0%,2.094,-24.4%,1.779,-15.0%,426.01,239.5,-48.0%,-5.3%,+3.4%,+24.9%
TSLA,Watchlist,,Consumer Discretionary,Automobiles & Components,GAAP,Dec,EPS,CY2028,4.791,3.991,-16.7%,3.072,-23.0%,2.593,-15.6%,426.01,164.3,-45.9%,-5.3%,+3.4%,+24.9%
TMO,Watchlist,,Health Care,"Pharmaceuticals, Biotechnology",Adj,Dec,EPS,CY2025,22.311,22.747,+2.0%,22.749,+0.0%,22.749,+0.0%,448.28,19.7,+2.0%,-22.6%,-12.3%,+11.9%
TMO,Watchlist,,Health Care,"Pharmaceuticals, Biotechnology",Adj,Dec,EPS,CY2026,24.691,24.523,-0.7%,24.629,+0.4%,24.875,+1.0%,448.28,18.0,+0.7%,-22.6%,-12.3%,+11.9%
TMO,Watchlist,,Health Care,"Pharmaceuticals, Biotechnology",Adj,Dec,EPS,CY2027,27.577,27.122,-1.6%,26.914,-0.8%,27.246,+1.2%,448.28,16.5,-1.2%,-22.6%,-12.3%,+11.9%
TMO,Watchlist,,Health Care,"Pharmaceuticals, Biotechnology",Adj,Dec,EPS,CY2028,30.744,30.148,-1.9%,29.697,-1.5%,29.984,+1.0%,448.28,15.0,-2.5%,-22.6%,-12.3%,+11.9%
COF,Watchlist,,Financials,Financial Services,Adj,Dec,EPS,CY2025,15.197,19.803,+30.3%,19.712,-0.5%,19.712,+0.0%,187.79,9.5,+29.7%,-22.5%,-9.9%,-0.4%
COF,Watchlist,,Financials,Financial Services,Adj,Dec,EPS,CY2026,18.804,20.691,+10.0%,20.104,-2.8%,19.266,-4.2%,187.79,9.7,+2.5%,-22.5%,-9.9%,-0.4%
COF,Watchlist,,Financials,Financial Services,Adj,Dec,EPS,CY2027,21.739,24.797,+14.1%,24.429,-1.5%,23.732,-2.9%,187.79,7.9,+9.2%,-22.5%,-9.9%,-0.4%
COF,Watchlist,,Financials,Financial Services,Adj,Dec,EPS,CY2028,20.945,29.295,+39.9%,27.902,-4.8%,26.908,-3.6%,187.79,7.0,+28.5%,-22.5%,-9.9%,-0.4%
AON,Watchlist,,Financials,Insurance,Adj,Dec,EPS,CY2025,16.882,16.971,+0.5%,16.964,-0.0%,16.964,+0.0%,324.78,19.1,+0.5%,-8.0%,-0.1%,-8.6%
AON,Watchlist,,Financials,Insurance,Adj,Dec,EPS,CY2026,19.004,19.055,+0.3%,19.124,+0.4%,19.124,+0.0%,324.78,17.0,+0.6%,-8.0%,-0.1%,-8.6%
AON,Watchlist,,Financials,Insurance,Adj,Dec,EPS,CY2027,21.076,21.407,+1.6%,21.525,+0.6%,21.396,-0.6%,324.78,15.2,+1.5%,-8.0%,-0.1%,-8.6%
AON,Watchlist,,Financials,Insurance,Adj,Dec,EPS,CY2028,23.125,23.84,+3.1%,23.764,-0.3%,23.687,-0.3%,324.78,13.7,+2.4%,-8.0%,-0.1%,-8.6%
MC,Watchlist,,Consumer Discretionary,Consumer Durables & Apparel,GAAP,Dec,EPS,CY2025,23.734,21.524,-9.3%,21.493,-0.1%,21.493,+0.0%,472.6,22.0,-9.4%,-26.7%,-14.8%,-2.6%
MC,Watchlist,,Consumer Discretionary,Consumer Durables & Apparel,GAAP,Dec,EPS,CY2026,26.862,24.075,-10.4%,23.286,-3.3%,22.229,-4.5%,472.6,21.3,-17.2%,-26.7%,-14.8%,-2.6%
MC,Watchlist,,Consumer Discretionary,Consumer Durables & Apparel,GAAP,Dec,EPS,CY2027,29.836,27.043,-9.4%,26.808,-0.9%,25.528,-4.8%,472.6,18.5,-14.4%,-26.7%,-14.8%,-2.6%
MC,Watchlist,,Consumer Discretionary,Consumer Durables & Apparel,GAAP,Dec,EPS,CY2028,34.134,31.201,-8.6%,29.888,-4.2%,28.501,-4.6%,472.6,16.6,-16.5%,-26.7%,-14.8%,-2.6%
STX,Watchlist,,Information Technology,Technology Hardware & Equipmen,Adj,Jun,EPS,CY2025,7.903,7.948,+0.6%,7.948,+0.0%,7.948,+0.0%,812.73,102.3,+0.6%,+195.1%,+97.7%,+646.6%
STX,Watchlist,,Information Technology,Technology Hardware & Equipmen,Adj,Jun,EPS,CY2026,9.335,11.347,+21.6%,12.959,+14.2%,14.806,+14.3%,812.73,54.9,+58.6%,+195.1%,+97.7%,+646.6%
STX,Watchlist,,Information Technology,Technology Hardware & Equipmen,Adj,Jun,EPS,CY2027,10.429,14.638,+40.4%,19.364,+32.3%,26.229,+35.5%,812.73,31.0,+151.5%,+195.1%,+97.7%,+646.6%
STX,Watchlist,,Information Technology,Technology Hardware & Equipmen,Adj,Jun,EPS,CY2028,10.517,15.972,+51.9%,23.21,+45.3%,37.961,+63.6%,812.73,21.4,+260.9%,+195.1%,+97.7%,+646.6%
SPX,Indices,Indices,,,Adj,Dec,EPS,CY2025,,,,,,,,7473.47,,,+9.2%,+8.2%,+27.9%
SPX,Indices,Indices,,,Adj,Dec,EPS,CY2026,275.9787,303.3444,+9.9%,320.1078,+5.5%,356.9329,+11.5%,7473.47,20.9,+29.3%,+9.2%,+8.2%,+27.9%
SPX,Indices,Indices,,,Adj,Dec,EPS,CY2027,307.7134,344.3648,+11.9%,366.6034,+6.5%,407.3751,+11.1%,7473.47,18.3,+32.4%,+9.2%,+8.2%,+27.9%
SPX,Indices,Indices,,,Adj,Dec,EPS,CY2028,336.8474,379.7418,+12.7%,411.876,+8.5%,451.7905,+9.7%,7473.47,16.5,+34.1%,+9.2%,+8.2%,+27.9%
QQQ,Indices,Indices,,,GAAP,Dec,EPS,CY2025,,,,,,,,717.54,,,+16.8%,+17.9%,+39.6%
QQQ,Indices,Indices,,,GAAP,Dec,EPS,CY2026,,,,,,,,717.54,,,+16.8%,+17.9%,+39.6%
QQQ,Indices,Indices,,,GAAP,Dec,EPS,CY2027,,,,,,,,717.54,,,+16.8%,+17.9%,+39.6%
QQQ,Indices,Indices,,,GAAP,Dec,EPS,CY2028,,,,,,,,717.54,,,+16.8%,+17.9%,+39.6%
IWM,Indices,Indices,,,Adj,Dec,EPS,CY2025,,,,,,,,285.12,,,+15.8%,+7.8%,+40.3%
IWM,Indices,Indices,,,Adj,Dec,EPS,CY2026,,,,,,,,285.12,,,+15.8%,+7.8%,+40.3%
IWM,Indices,Indices,,,Adj,Dec,EPS,CY2027,,,,,,,,285.12,,,+15.8%,+7.8%,+40.3%
IWM,Indices,Indices,,,Adj,Dec,EPS,CY2028,,,,,,,,285.12,,,+15.8%,+7.8%,+40.3%
SOX,Indices,Indices,,,Adj,Dec,EPS,CY2025,,,,,,,,12202.54,,,+72.3%,+47.7%,+155.5%
SOX,Indices,Indices,,,Adj,Dec,EPS,CY2026,215.8167,260.3644,+20.6%,322.1686,+23.7%,472.4136,+46.6%,12202.54,25.8,+118.9%,+72.3%,+47.7%,+155.5%
SOX,Indices,Indices,,,Adj,Dec,EPS,CY2027,266.0729,328.3657,+23.4%,402.5096,+22.6%,594.3654,+47.7%,12202.54,20.5,+123.4%,+72.3%,+47.7%,+155.5%
SOX,Indices,Indices,,,Adj,Dec,EPS,CY2028,318.6701,379.3449,+19.0%,471.6791,+24.3%,692.7118,+46.9%,12202.54,17.6,+117.4%,+72.3%,+47.7%,+155.5%
IGV,Indices,Indices,,,Adj,Dec,EPS,CY2025,,,,,,,,94.01,,,-11.1%,+16.4%,-8.5%
IGV,Indices,Indices,,,Adj,Dec,EPS,CY2026,,,,,,,,94.01,,,-11.1%,+16.4%,-8.5%
IGV,Indices,Indices,,,Adj,Dec,EPS,CY2027,,,,,,,,94.01,,,-11.1%,+16.4%,-8.5%
IGV,Indices,Indices,,,Adj,Dec,EPS,CY2028,,,,,,,,94.01,,,-11.1%,+16.4%,-8.5%
AER,Extended,Uncategorized,Industrials,Capital Goods,Adj,Dec,EPS,CY2025,12.561,14.821,+18.0%,14.926,+0.7%,14.926,+0.0%,138.62,9.3,+18.8%,-3.6%,-8.4%,+23.7%
AER,Extended,Uncategorized,Industrials,Capital Goods,Adj,Dec,EPS,CY2026,13.419,14.691,+9.5%,15.528,+5.7%,17.186,+10.7%,138.62,8.1,+28.1%,-3.6%,-8.4%,+23.7%
AER,Extended,Uncategorized,Industrials,Capital Goods,Adj,Dec,EPS,CY2027,14.49,15.303,+5.6%,16.303,+6.5%,17.025,+4.4%,138.62,8.1,+17.5%,-3.6%,-8.4%,+23.7%
AER,Extended,Uncategorized,Industrials,Capital Goods,Adj,Dec,EPS,CY2028,,,,17.197,,18.07,+5.1%,138.62,7.7,,-3.6%,-8.4%,+23.7%
MA,Extended,Uncategorized,Financials,Financial Services,GAAP,Dec,EPS,CY2025,15.751,16.335,+3.7%,16.333,-0.0%,16.333,+0.0%,498.54,30.5,+3.7%,-12.7%,-5.3%,-12.6%
MA,Extended,Uncategorized,Financials,Financial Services,GAAP,Dec,EPS,CY2026,18.594,19.008,+2.2%,19.363,+1.9%,19.408,+0.2%,498.54,25.7,+4.4%,-12.7%,-5.3%,-12.6%
MA,Extended,Uncategorized,Financials,Financial Services,GAAP,Dec,EPS,CY2027,21.791,22.184,+1.8%,22.425,+1.1%,22.666,+1.1%,498.54,22.0,+4.0%,-12.7%,-5.3%,-12.6%
MA,Extended,Uncategorized,Financials,Financial Services,GAAP,Dec,EPS,CY2028,24.955,25.406,+1.8%,26.086,+2.7%,26.236,+0.6%,498.54,19.0,+5.1%,-12.7%,-5.3%,-12.6%
BRK/A,Extended,Uncategorized,Financials,Financial Services,GAAP,Dec,EPS,CY2025,31765.538,38150.775,+20.1%,44704.805,+17.2%,44704.805,+0.0%,728641.0,16.3,+40.7%,-3.5%,-2.4%,-3.7%
BRK/A,Extended,Uncategorized,Financials,Financial Services,GAAP,Dec,EPS,CY2026,34672.568,32702.62,-5.7%,34602.113,+5.8%,32143.63,-7.1%,728641.0,22.7,-7.3%,-3.5%,-2.4%,-3.7%
BRK/A,Extended,Uncategorized,Financials,Financial Services,GAAP,Dec,EPS,CY2027,31974.31,33636.497,+5.2%,35367.323,+5.1%,34444.025,-2.6%,728641.0,21.2,+7.7%,-3.5%,-2.4%,-3.7%
BRK/A,Extended,Uncategorized,Financials,Financial Services,GAAP,Dec,EPS,CY2028,33858.54,37302.41,+10.2%,37302.41,+0.0%,30796.1,-17.4%,728641.0,23.7,-9.0%,-3.5%,-2.4%,-3.7%
CSU,Extended,Uncategorized,Information Technology,Software & Services,Adj,Dec,EPS,CY2025,75.135,58.128,-22.6%,33.593,-42.2%,33.593,+0.0%,2728.0,81.2,-55.3%,-17.6%,+9.7%,-44.3%
CSU,Extended,Uncategorized,Information Technology,Software & Services,Adj,Dec,EPS,CY2026,97.863,84.601,-13.6%,84.641,+0.0%,81.084,-4.2%,2728.0,33.6,-17.1%,-17.6%,+9.7%,-44.3%
CSU,Extended,Uncategorized,Information Technology,Software & Services,Adj,Dec,EPS,CY2027,72.475,99.315,+37.0%,105.309,+6.0%,95.021,-9.8%,2728.0,28.7,+31.1%,-17.6%,+9.7%,-44.3%
CSU,Extended,Uncategorized,Information Technology,Software & Services,Adj,Dec,EPS,CY2028,,62.28,,62.28,+0.0%,98.453,+58.1%,2728.0,27.7,,-17.6%,+9.7%,-44.3%
DHR,Extended,Uncategorized,Health Care,"Pharmaceuticals, Biotechnology",Adj,Dec,EPS,CY2025,7.699,7.718,+0.2%,7.734,+0.2%,7.734,+0.0%,172.0,22.2,+0.5%,-24.9%,-17.9%,-8.3%
DHR,Extended,Uncategorized,Health Care,"Pharmaceuticals, Biotechnology",Adj,Dec,EPS,CY2026,8.575,8.389,-2.2%,8.409,+0.2%,8.44,+0.4%,172.0,20.4,-1.6%,-24.9%,-17.9%,-8.3%
DHR,Extended,Uncategorized,Health Care,"Pharmaceuticals, Biotechnology",Adj,Dec,EPS,CY2027,9.466,9.241,-2.4%,9.104,-1.5%,9.096,-0.1%,172.0,18.9,-3.9%,-24.9%,-17.9%,-8.3%
DHR,Extended,Uncategorized,Health Care,"Pharmaceuticals, Biotechnology",Adj,Dec,EPS,CY2028,10.47,10.113,-3.4%,9.991,-1.2%,9.962,-0.3%,172.0,17.3,-4.9%,-24.9%,-17.9%,-8.3%
AAPL,Extended,Uncategorized,Information Technology,Technology Hardware & Equipmen,GAAP,Sep,EPS,CY2025,7.182,7.387,+2.9%,7.387,+0.0%,7.387,+0.0%,308.82,41.8,+2.9%,+13.6%,+16.7%,+53.4%
AAPL,Extended,Uncategorized,Information Technology,Technology Hardware & Equipmen,GAAP,Sep,EPS,CY2026,7.804,8.216,+5.3%,8.498,+3.4%,8.731,+2.7%,308.82,35.4,+11.9%,+13.6%,+16.7%,+53.4%
AAPL,Extended,Uncategorized,Information Technology,Technology Hardware & Equipmen,GAAP,Sep,EPS,CY2027,8.547,9.096,+6.4%,9.314,+2.4%,9.622,+3.3%,308.82,32.1,+12.6%,+13.6%,+16.7%,+53.4%
AAPL,Extended,Uncategorized,Information Technology,Technology Hardware & Equipmen,GAAP,Sep,EPS,CY2028,9.491,9.916,+4.5%,10.24,+3.3%,10.68,+4.3%,308.82,28.9,+12.5%,+13.6%,+16.7%,+53.4%
NFLX,Extended,Uncategorized,Communication Services,Media & Entertainment,GAAP,Dec,EPS,CY2025,2.554,2.531,-0.9%,2.525,-0.2%,2.525,+0.0%,88.6,35.1,-1.1%,-5.5%,+12.6%,-25.4%
NFLX,Extended,Uncategorized,Communication Services,Media & Entertainment,GAAP,Dec,EPS,CY2026,3.093,3.244,+4.9%,3.128,-3.6%,3.564,+13.9%,88.6,24.9,+15.2%,-5.5%,+12.6%,-25.4%
NFLX,Extended,Uncategorized,Communication Services,Media & Entertainment,GAAP,Dec,EPS,CY2027,3.755,3.905,+4.0%,3.796,-2.8%,3.828,+0.8%,88.6,23.1,+1.9%,-5.5%,+12.6%,-25.4%
NFLX,Extended,Uncategorized,Communication Services,Media & Entertainment,GAAP,Dec,EPS,CY2028,4.319,4.551,+5.4%,4.493,-1.3%,4.59,+2.2%,88.6,19.3,+6.3%,-5.5%,+12.6%,-25.4%
QCOM,Extended,Uncategorized,Information Technology,Semiconductors & Semiconductor,GAAP,Sep,EPS,CY2025,10.226,10.174,-0.5%,10.174,+0.0%,10.174,+0.0%,238.16,23.4,-0.5%,+39.2%,+66.7%,+61.6%
QCOM,Extended,Uncategorized,Information Technology,Semiconductors & Semiconductor,GAAP,Sep,EPS,CY2026,10.447,9.9,-5.2%,8.735,-11.8%,11.771,+34.8%,238.16,20.2,+12.7%,+39.2%,+66.7%,+61.6%
QCOM,Extended,Uncategorized,Information Technology,Semiconductors & Semiconductor,GAAP,Sep,EPS,CY2027,10.801,10.171,-5.8%,8.939,-12.1%,8.728,-2.4%,238.16,27.3,-19.2%,+39.2%,+66.7%,+61.6%
QCOM,Extended,Uncategorized,Information Technology,Semiconductors & Semiconductor,GAAP,Sep,EPS,CY2028,11.743,11.04,-6.0%,10.574,-4.2%,10.167,-3.8%,238.16,23.4,-13.4%,+39.2%,+66.7%,+61.6%
UMG,Extended,Uncategorized,Communication Services,Media & Entertainment,Adj,Dec,EPS,CY2025,1.034,1.0,-3.3%,1.014,+1.4%,1.023,+0.9%,20.44,20.0,-1.1%,-8.1%,+4.1%,-26.7%
UMG,Extended,Uncategorized,Communication Services,Media & Entertainment,Adj,Dec,EPS,CY2026,1.182,1.13,-4.4%,1.119,-1.0%,1.037,-7.3%,20.44,19.7,-12.3%,-8.1%,+4.1%,-26.7%
UMG,Extended,Uncategorized,Communication Services,Media & Entertainment,Adj,Dec,EPS,CY2027,1.305,1.245,-4.6%,1.225,-1.6%,1.158,-5.5%,20.44,17.7,-11.3%,-8.1%,+4.1%,-26.7%
UMG,Extended,Uncategorized,Communication Services,Media & Entertainment,Adj,Dec,EPS,CY2028,1.394,1.323,-5.1%,1.303,-1.5%,1.279,-1.8%,20.44,16.0,-8.2%,-8.1%,+4.1%,-26.7%
ASML,Extended,Uncategorized,Information Technology,Semiconductors & Semiconductor,GAAP,Dec,EPS,CY2025,23.24,24.633,+6.0%,24.885,+1.0%,24.885,+0.0%,1409.0,56.6,+7.1%,+52.9%,+12.2%,+114.5%
ASML,Extended,Uncategorized,Information Technology,Semiconductors & Semiconductor,GAAP,Dec,EPS,CY2026,26.888,26.221,-2.5%,29.373,+12.0%,31.212,+6.3%,1409.0,45.1,+16.1%,+52.9%,+12.2%,+114.5%
ASML,Extended,Uncategorized,Information Technology,Semiconductors & Semiconductor,GAAP,Dec,EPS,CY2027,32.613,32.336,-0.8%,37.831,+17.0%,40.907,+8.1%,1409.0,34.4,+25.4%,+52.9%,+12.2%,+114.5%
ASML,Extended,Uncategorized,Information Technology,Semiconductors & Semiconductor,GAAP,Dec,EPS,CY2028,39.444,37.121,-5.9%,44.301,+19.3%,46.918,+5.9%,1409.0,30.0,+18.9%,+52.9%,+12.2%,+114.5%
AMAT,Extended,Uncategorized,Information Technology,Semiconductors & Semiconductor,GAAP,Oct,EPS,CY2025,8.726,8.321,-4.6%,8.321,+0.0%,8.321,+0.0%,432.16,51.9,-4.6%,+68.2%,+15.1%,+169.2%
AMAT,Extended,Uncategorized,Information Technology,Semiconductors & Semiconductor,GAAP,Oct,EPS,CY2026,10.04,9.31,-7.3%,11.013,+18.3%,12.669,+15.0%,432.16,34.1,+26.2%,+68.2%,+15.1%,+169.2%
AMAT,Extended,Uncategorized,Information Technology,Semiconductors & Semiconductor,GAAP,Oct,EPS,CY2027,10.99,11.185,+1.8%,14.065,+25.7%,15.977,+13.6%,432.16,27.0,+45.4%,+68.2%,+15.1%,+169.2%
AMAT,Extended,Uncategorized,Information Technology,Semiconductors & Semiconductor,GAAP,Oct,EPS,CY2028,11.435,11.601,+1.5%,14.929,+28.7%,18.55,+24.3%,432.16,23.3,+62.2%,+68.2%,+15.1%,+169.2%
KLAC,Extended,Uncategorized,Information Technology,Semiconductors & Semiconductor,GAAP,Jun,EPS,CY2025,29.772,29.776,+0.0%,29.776,+0.0%,29.776,+0.0%,1888.38,63.4,+0.0%,+55.4%,+26.2%,+146.0%
KLAC,Extended,Uncategorized,Information Technology,Semiconductors & Semiconductor,GAAP,Jun,EPS,CY2026,32.241,34.607,+7.3%,35.616,+2.9%,36.111,+1.4%,1888.38,52.3,+12.0%,+55.4%,+26.2%,+146.0%
KLAC,Extended,Uncategorized,Information Technology,Semiconductors & Semiconductor,GAAP,Jun,EPS,CY2027,36.42,40.217,+10.4%,46.15,+14.8%,49.62,+7.5%,1888.38,38.1,+36.2%,+55.4%,+26.2%,+146.0%
KLAC,Extended,Uncategorized,Information Technology,Semiconductors & Semiconductor,GAAP,Jun,EPS,CY2028,38.515,43.707,+13.5%,51.046,+16.8%,58.806,+15.2%,1888.38,32.1,+52.7%,+55.4%,+26.2%,+146.0%
KKR,Extended,Uncategorized,Financials,Financial Services,Adj,Dec,EPS,CY2025,5.149,5.151,+0.0%,4.947,-4.0%,4.947,+0.0%,94.04,19.0,-3.9%,-26.2%,-7.1%,-20.4%
KKR,Extended,Uncategorized,Financials,Financial Services,Adj,Dec,EPS,CY2026,6.731,6.846,+1.7%,6.586,-3.8%,6.051,-8.1%,94.04,15.5,-10.1%,-26.2%,-7.1%,-20.4%
KKR,Extended,Uncategorized,Financials,Financial Services,Adj,Dec,EPS,CY2027,8.033,8.235,+2.5%,7.903,-4.0%,7.415,-6.2%,94.04,12.7,-7.7%,-26.2%,-7.1%,-20.4%
KKR,Extended,Uncategorized,Financials,Financial Services,Adj,Dec,EPS,CY2028,9.523,9.678,+1.6%,9.927,+2.6%,8.559,-13.8%,94.04,11.0,-10.1%,-26.2%,-7.1%,-20.4%
BAM,Extended,Uncategorized,Financials,Financial Services,Adj,Dec,EPS,CY2025,1.649,1.586,-3.8%,1.62,+2.1%,1.62,+0.0%,47.93,29.6,-1.8%,-8.5%,-5.2%,-16.3%
BAM,Extended,Uncategorized,Financials,Financial Services,Adj,Dec,EPS,CY2026,1.912,1.854,-3.0%,1.866,+0.6%,1.854,-0.6%,47.93,25.9,-3.0%,-8.5%,-5.2%,-16.3%
BAM,Extended,Uncategorized,Financials,Financial Services,Adj,Dec,EPS,CY2027,2.188,2.142,-2.1%,2.205,+2.9%,2.181,-1.1%,47.93,22.0,-0.3%,-8.5%,-5.2%,-16.3%
BAM,Extended,Uncategorized,Financials,Financial Services,Adj,Dec,EPS,CY2028,2.48,2.56,+3.2%,2.606,+1.8%,2.473,-5.1%,47.93,19.4,-0.3%,-8.5%,-5.2%,-16.3%
ARES,Extended,Uncategorized,Financials,Financial Services,Adj,Dec,EPS,CY2025,5.152,5.059,-1.8%,5.022,-0.7%,5.022,+0.0%,124.41,24.8,-2.5%,-23.0%,+1.0%,-22.2%
ARES,Extended,Uncategorized,Financials,Financial Services,Adj,Dec,EPS,CY2026,6.497,6.504,+0.1%,6.448,-0.9%,5.999,-7.0%,124.41,20.7,-7.7%,-23.0%,+1.0%,-22.2%
ARES,Extended,Uncategorized,Financials,Financial Services,Adj,Dec,EPS,CY2027,7.7,7.793,+1.2%,7.798,+0.1%,7.41,-5.0%,124.41,16.8,-3.8%,-23.0%,+1.0%,-22.2%
ARES,Extended,Uncategorized,Financials,Financial Services,Adj,Dec,EPS,CY2028,,8.917,,8.993,+0.9%,8.494,-5.5%,124.41,14.6,,-23.0%,+1.0%,-22.2%
OWL,Extended,Uncategorized,Financials,Financial Services,Adj,Dec,EPS,CY2025,0.847,0.829,-2.1%,0.821,-1.0%,0.821,+0.0%,10.06,12.3,-3.1%,-32.7%,-6.9%,-44.8%
OWL,Extended,Uncategorized,Financials,Financial Services,Adj,Dec,EPS,CY2026,1.051,0.992,-5.6%,0.95,-4.2%,0.886,-6.7%,10.06,11.4,-15.7%,-32.7%,-6.9%,-44.8%
OWL,Extended,Uncategorized,Financials,Financial Services,Adj,Dec,EPS,CY2027,1.226,1.177,-4.0%,1.114,-5.4%,1.001,-10.1%,10.06,10.0,-18.4%,-32.7%,-6.9%,-44.8%
OWL,Extended,Uncategorized,Financials,Financial Services,Adj,Dec,EPS,CY2028,,1.36,,1.277,-6.1%,1.128,-11.7%,10.06,8.9,,-32.7%,-6.9%,-44.8%
CG,Extended,Uncategorized,Financials,Financial Services,Adj,Dec,EPS,CY2025,4.039,4.038,-0.0%,3.991,-1.2%,3.991,+0.0%,45.43,11.4,-1.2%,-23.1%,-14.7%,+2.3%
CG,Extended,Uncategorized,Financials,Financial Services,Adj,Dec,EPS,CY2026,4.65,4.777,+2.7%,4.574,-4.2%,3.968,-13.2%,45.43,11.4,-14.7%,-23.1%,-14.7%,+2.3%
CG,Extended,Uncategorized,Financials,Financial Services,Adj,Dec,EPS,CY2027,5.017,5.33,+6.2%,5.292,-0.7%,5.181,-2.1%,45.43,8.8,+3.3%,-23.1%,-14.7%,+2.3%
CG,Extended,Uncategorized,Financials,Financial Services,Adj,Dec,EPS,CY2028,5.265,5.965,+13.3%,5.915,-0.8%,5.967,+0.9%,45.43,7.6,+13.3%,-23.1%,-14.7%,+2.3%
BN,Extended,Uncategorized,Financials,Financial Services,Adj,Dec,EPS,CY2025,2.588,2.464,-4.8%,2.462,-0.1%,2.462,+0.0%,45.37,18.4,-4.9%,-1.1%,-1.3%,+19.0%
BN,Extended,Uncategorized,Financials,Financial Services,Adj,Dec,EPS,CY2026,3.103,2.866,-7.6%,2.899,+1.2%,2.787,-3.9%,45.37,16.3,-10.2%,-1.1%,-1.3%,+19.0%
BN,Extended,Uncategorized,Financials,Financial Services,Adj,Dec,EPS,CY2027,3.543,3.583,+1.1%,3.57,-0.4%,3.618,+1.3%,45.37,12.5,+2.1%,-1.1%,-1.3%,+19.0%
BN,Extended,Uncategorized,Financials,Financial Services,Adj,Dec,EPS,CY2028,,,,4.7,,4.063,-13.6%,45.37,11.2,,-1.1%,-1.3%,+19.0%
TPG,Extended,Uncategorized,Financials,Financial Services,Adj,Dec,EPS,CY2025,2.016,2.366,+17.4%,2.335,-1.3%,2.335,+0.0%,41.62,17.8,+15.8%,-34.8%,-6.5%,-11.4%
TPG,Extended,Uncategorized,Financials,Financial Services,Adj,Dec,EPS,CY2026,2.868,3.021,+5.3%,3.022,+0.0%,2.817,-6.8%,41.62,14.8,-1.8%,-34.8%,-6.5%,-11.4%
TPG,Extended,Uncategorized,Financials,Financial Services,Adj,Dec,EPS,CY2027,3.47,3.717,+7.1%,3.776,+1.6%,3.547,-6.1%,41.62,11.7,+2.2%,-34.8%,-6.5%,-11.4%
TPG,Extended,Uncategorized,Financials,Financial Services,Adj,Dec,EPS,CY2028,4.37,4.1,-6.2%,4.392,+7.1%,4.185,-4.7%,41.62,9.9,-4.2%,-34.8%,-6.5%,-11.4%
BEP,Extended,Uncategorized,Utilities,Utilities,Adj,Dec,EPS,CY2025,-0.268,-0.716,-167.2%,-0.824,-15.1%,-0.824,+0.0%,35.52,-43.1,-207.5%,+31.7%,+11.6%,+55.3%
BEP,Extended,Uncategorized,Utilities,Utilities,Adj,Dec,EPS,CY2026,-0.074,-0.694,-837.8%,-1.304,-87.9%,-1.276,+2.1%,35.52,-27.8,-1624.3%,+31.7%,+11.6%,+55.3%
BEP,Extended,Uncategorized,Utilities,Utilities,Adj,Dec,EPS,CY2027,0.183,-0.692,-478.1%,-0.979,-41.5%,-1.025,-4.7%,35.52,-34.7,-660.1%,+31.7%,+11.6%,+55.3%
BEP,Extended,Uncategorized,Utilities,Utilities,Adj,Dec,EPS,CY2028,1.2,0.25,-79.2%,-0.691,-376.4%,-0.88,-27.4%,35.52,-40.4,-173.3%,+31.7%,+11.6%,+55.3%
BIP,Extended,Uncategorized,Utilities,Utilities,Adj,Dec,EPS,CY2025,0.404,0.591,+46.3%,0.703,+19.0%,0.703,+0.0%,39.64,56.4,+74.0%,+14.1%,+2.9%,+22.5%
BIP,Extended,Uncategorized,Utilities,Utilities,Adj,Dec,EPS,CY2026,0.895,0.92,+2.8%,1.533,+66.6%,0.857,-44.1%,39.64,46.3,-4.2%,+14.1%,+2.9%,+22.5%
BIP,Extended,Uncategorized,Utilities,Utilities,Adj,Dec,EPS,CY2027,1.353,1.48,+9.4%,1.11,-25.0%,1.253,+12.9%,39.64,31.6,-7.4%,+14.1%,+2.9%,+22.5%
BIP,Extended,Uncategorized,Utilities,Utilities,Adj,Dec,EPS,CY2028,1.3,2.32,+78.5%,2.063,-11.1%,1.83,-11.3%,39.64,21.7,+40.8%,+14.1%,+2.9%,+22.5%
MAR,Extended,Uncategorized,Consumer Discretionary,Consumer Services,Adj,Dec,EPS,CY2025,10.082,10.07,-0.1%,10.089,+0.2%,10.089,+0.0%,369.15,36.6,+0.1%,+19.0%,+6.1%,+41.6%
MAR,Extended,Uncategorized,Consumer Discretionary,Consumer Services,Adj,Dec,EPS,CY2026,11.426,11.373,-0.5%,11.556,+1.6%,11.589,+0.3%,369.15,31.9,+1.4%,+19.0%,+6.1%,+41.6%
MAR,Extended,Uncategorized,Consumer Discretionary,Consumer Services,Adj,Dec,EPS,CY2027,12.75,12.721,-0.2%,12.938,+1.7%,13.036,+0.8%,369.15,28.3,+2.2%,+19.0%,+6.1%,+41.6%
MAR,Extended,Uncategorized,Consumer Discretionary,Consumer Services,Adj,Dec,EPS,CY2028,14.7,14.738,+0.3%,14.207,-3.6%,14.599,+2.8%,369.15,25.3,-0.7%,+19.0%,+6.1%,+41.6%
DPZ,Extended,Uncategorized,Consumer Discretionary,Consumer Services,Adj,Dec,EPS,CY2025,17.65,17.592,-0.3%,17.592,+0.0%,17.592,+0.0%,316.52,18.0,-0.3%,-24.1%,-17.7%,-34.4%
DPZ,Extended,Uncategorized,Consumer Discretionary,Consumer Services,Adj,Dec,EPS,CY2026,19.284,19.561,+1.4%,19.558,-0.0%,19.204,-1.8%,316.52,16.5,-0.4%,-24.1%,-17.7%,-34.4%
DPZ,Extended,Uncategorized,Consumer Discretionary,Consumer Services,Adj,Dec,EPS,CY2027,21.266,21.355,+0.4%,21.266,-0.4%,21.018,-1.2%,316.52,15.1,-1.2%,-24.1%,-17.7%,-34.4%
DPZ,Extended,Uncategorized,Consumer Discretionary,Consumer Services,Adj,Dec,EPS,CY2028,23.7,23.613,-0.4%,23.636,+0.1%,22.921,-3.0%,316.52,13.8,-3.3%,-24.1%,-17.7%,-34.4%
CMG,Extended,Uncategorized,Consumer Discretionary,Consumer Services,Adj,Dec,EPS,CY2025,1.216,1.161,-4.5%,1.156,-0.4%,1.156,+0.0%,32.89,28.5,-4.9%,-11.1%,-12.4%,-35.2%
CMG,Extended,Uncategorized,Consumer Discretionary,Consumer Services,Adj,Dec,EPS,CY2026,1.441,1.223,-15.1%,1.141,-6.7%,1.133,-0.7%,32.89,29.0,-21.4%,-11.1%,-12.4%,-35.2%
CMG,Extended,Uncategorized,Consumer Discretionary,Consumer Services,Adj,Dec,EPS,CY2027,1.711,1.439,-15.9%,1.366,-5.1%,1.355,-0.8%,32.89,24.3,-20.8%,-11.1%,-12.4%,-35.2%
CMG,Extended,Uncategorized,Consumer Discretionary,Consumer Services,Adj,Dec,EPS,CY2028,2.092,1.73,-17.3%,1.615,-6.6%,1.574,-2.5%,32.89,20.9,-24.8%,-11.1%,-12.4%,-35.2%
MCO,Extended,Uncategorized,Financials,Financial Services,Adj,Dec,EPS,CY2025,13.622,14.668,+7.7%,14.772,+0.7%,14.772,+0.0%,449.12,30.4,+8.4%,-12.1%,+0.3%,-4.8%
MCO,Extended,Uncategorized,Financials,Financial Services,Adj,Dec,EPS,CY2026,15.42,16.325,+5.9%,16.68,+2.2%,16.659,-0.1%,449.12,27.0,+8.0%,-12.1%,+0.3%,-4.8%
MCO,Extended,Uncategorized,Financials,Financial Services,Adj,Dec,EPS,CY2027,17.31,18.285,+5.6%,18.725,+2.4%,18.606,-0.6%,449.12,24.1,+7.5%,-12.1%,+0.3%,-4.8%
MCO,Extended,Uncategorized,Financials,Financial Services,Adj,Dec,EPS,CY2028,19.118,20.179,+5.5%,20.801,+3.1%,20.617,-0.9%,449.12,21.8,+7.8%,-12.1%,+0.3%,-4.8%
SPGI,Extended,Uncategorized,Financials,Financial Services,Adj,Dec,EPS,CY2025,16.953,17.812,+5.1%,17.859,+0.3%,17.859,+0.0%,417.6,23.4,+5.3%,-20.1%,+0.0%,-18.3%
SPGI,Extended,Uncategorized,Financials,Financial Services,Adj,Dec,EPS,CY2026,18.92,19.826,+4.8%,19.601,-1.1%,19.628,+0.1%,417.6,21.3,+3.7%,-20.1%,+0.0%,-18.3%
SPGI,Extended,Uncategorized,Financials,Financial Services,Adj,Dec,EPS,CY2027,21.157,22.204,+4.9%,22.055,-0.7%,22.215,+0.7%,417.6,18.8,+5.0%,-20.1%,+0.0%,-18.3%
SPGI,Extended,Uncategorized,Financials,Financial Services,Adj,Dec,EPS,CY2028,23.217,24.17,+4.1%,24.638,+1.9%,25.117,+1.9%,417.6,16.6,+8.2%,-20.1%,+0.0%,-18.3%
MSCI,Extended,Uncategorized,Financials,Financial Services,Adj,Dec,EPS,CY2025,16.798,17.171,+2.2%,17.202,+0.2%,17.202,+0.0%,588.55,34.2,+2.4%,+2.6%,+8.2%,+4.4%
MSCI,Extended,Uncategorized,Financials,Financial Services,Adj,Dec,EPS,CY2026,18.795,19.364,+3.0%,19.399,+0.2%,19.639,+1.2%,588.55,30.0,+4.5%,+2.6%,+8.2%,+4.4%
MSCI,Extended,Uncategorized,Financials,Financial Services,Adj,Dec,EPS,CY2027,21.061,21.767,+3.4%,21.977,+1.0%,22.464,+2.2%,588.55,26.2,+6.7%,+2.6%,+8.2%,+4.4%
MSCI,Extended,Uncategorized,Financials,Financial Services,Adj,Dec,EPS,CY2028,23.381,24.393,+4.3%,24.988,+2.4%,25.479,+2.0%,588.55,23.1,+9.0%,+2.6%,+8.2%,+4.4%
CSGP,Extended,Uncategorized,Real Estate,Real Estate Management & Devel,Adj,Dec,EPS,CY2025,0.815,0.84,+3.1%,0.844,+0.5%,0.842,-0.2%,33.95,40.3,+3.3%,-49.5%,-31.9%,-54.2%
CSGP,Extended,Uncategorized,Real Estate,Real Estate Management & Devel,Adj,Dec,EPS,CY2026,1.327,1.374,+3.5%,1.324,-3.6%,1.362,+2.9%,33.95,24.9,+2.6%,-49.5%,-31.9%,-54.2%
CSGP,Extended,Uncategorized,Real Estate,Real Estate Management & Devel,Adj,Dec,EPS,CY2027,1.941,1.976,+1.8%,1.864,-5.7%,1.853,-0.6%,33.95,18.3,-4.5%,-49.5%,-31.9%,-54.2%
CSGP,Extended,Uncategorized,Real Estate,Real Estate Management & Devel,Adj,Dec,EPS,CY2028,2.526,2.621,+3.8%,2.363,-9.8%,2.326,-1.6%,33.95,14.6,-7.9%,-49.5%,-31.9%,-54.2%
LPLA,Extended,Uncategorized,Financials,Financial Services,Adj,Dec,EPS,CY2025,19.024,19.931,+4.8%,19.786,-0.7%,19.786,+0.0%,285.78,14.4,+4.0%,-20.0%,-10.5%,-24.3%
LPLA,Extended,Uncategorized,Financials,Financial Services,Adj,Dec,EPS,CY2026,22.313,23.827,+6.8%,24.067,+1.0%,23.214,-3.5%,285.78,12.3,+4.0%,-20.0%,-10.5%,-24.3%
LPLA,Extended,Uncategorized,Financials,Financial Services,Adj,Dec,EPS,CY2027,27.753,28.998,+4.5%,29.028,+0.1%,28.488,-1.9%,285.78,10.0,+2.6%,-20.0%,-10.5%,-24.3%
LPLA,Extended,Uncategorized,Financials,Financial Services,Adj,Dec,EPS,CY2028,31.545,33.175,+5.2%,34.133,+2.9%,33.291,-2.5%,285.78,8.6,+5.5%,-20.0%,-10.5%,-24.3%
SCHW,Extended,Uncategorized,Financials,Financial Services,Adj,Dec,EPS,CY2025,4.303,4.81,+11.8%,4.87,+1.2%,4.87,+0.0%,90.15,18.5,+13.2%,-9.8%,-4.1%,+3.3%
SCHW,Extended,Uncategorized,Financials,Financial Services,Adj,Dec,EPS,CY2026,5.097,5.62,+10.3%,5.839,+3.9%,6.122,+4.8%,90.15,14.7,+20.1%,-9.8%,-4.1%,+3.3%
SCHW,Extended,Uncategorized,Financials,Financial Services,Adj,Dec,EPS,CY2027,5.854,6.631,+13.3%,6.802,+2.6%,7.241,+6.5%,90.15,12.4,+23.7%,-9.8%,-4.1%,+3.3%
SCHW,Extended,Uncategorized,Financials,Financial Services,Adj,Dec,EPS,CY2028,6.553,7.607,+16.1%,7.941,+4.4%,8.417,+6.0%,90.15,10.7,+28.4%,-9.8%,-4.1%,+3.3%
CRM,Extended,Uncategorized,Information Technology,Software & Services,Adj,Jan,EPS,CY2025,11.164,11.379,+1.9%,11.785,+3.6%,11.785,+0.0%,180.07,15.3,+5.6%,-32.0%,-2.7%,-36.5%
CRM,Extended,Uncategorized,Information Technology,Software & Services,Adj,Jan,EPS,CY2026,12.521,12.727,+1.6%,13.136,+3.2%,13.202,+0.5%,180.07,13.6,+5.4%,-32.0%,-2.7%,-36.5%
CRM,Extended,Uncategorized,Information Technology,Software & Services,Adj,Jan,EPS,CY2027,14.475,14.462,-0.1%,15.025,+3.9%,14.892,-0.9%,180.07,12.1,+2.9%,-32.0%,-2.7%,-36.5%
CRM,Extended,Uncategorized,Information Technology,Software & Services,Adj,Jan,EPS,CY2028,16.806,17.246,+2.6%,17.746,+2.9%,17.679,-0.4%,180.07,10.2,+5.2%,-32.0%,-2.7%,-36.5%
WDAY,Extended,Uncategorized,Information Technology,Software & Services,Adj,Jan,EPS,CY2025,8.678,8.908,+2.7%,9.104,+2.2%,9.104,+0.0%,128.14,14.1,+4.9%,-40.3%,-7.0%,-52.9%
WDAY,Extended,Uncategorized,Information Technology,Software & Services,Adj,Jan,EPS,CY2026,10.076,10.604,+5.2%,10.732,+1.2%,10.676,-0.5%,128.14,12.0,+6.0%,-40.3%,-7.0%,-52.9%
WDAY,Extended,Uncategorized,Information Technology,Software & Services,Adj,Jan,EPS,CY2027,11.5,12.955,+12.7%,13.063,+0.8%,12.579,-3.7%,128.14,10.2,+9.4%,-40.3%,-7.0%,-52.9%
WDAY,Extended,Uncategorized,Information Technology,Software & Services,Adj,Jan,EPS,CY2028,13.018,14.527,+11.6%,15.168,+4.4%,14.437,-4.8%,128.14,8.9,+10.9%,-40.3%,-7.0%,-52.9%
ADBE,Extended,Uncategorized,Information Technology,Software & Services,Adj,Nov,EPS,CY2025,20.396,20.836,+2.2%,20.832,-0.0%,20.832,+0.0%,244.76,11.7,+2.1%,-30.1%,-5.4%,-40.9%
ADBE,Extended,Uncategorized,Information Technology,Software & Services,Adj,Nov,EPS,CY2026,22.869,23.437,+2.5%,23.521,+0.4%,23.517,-0.0%,244.76,10.4,+2.8%,-30.1%,-5.4%,-40.9%
ADBE,Extended,Uncategorized,Information Technology,Software & Services,Adj,Nov,EPS,CY2027,25.674,26.256,+2.3%,26.537,+1.1%,26.465,-0.3%,244.76,9.2,+3.1%,-30.1%,-5.4%,-40.9%
ADBE,Extended,Uncategorized,Information Technology,Software & Services,Adj,Nov,EPS,CY2028,28.353,28.463,+0.4%,29.051,+2.1%,29.662,+2.1%,244.76,8.3,+4.6%,-30.1%,-5.4%,-40.9%
SHOP,Extended,Uncategorized,Information Technology,Software & Services,Adj,Dec,EPS,CY2025,1.39,1.445,+4.0%,1.451,+0.4%,1.451,+0.0%,103.0,71.0,+4.4%,-36.0%,-18.4%,-0.3%
SHOP,Extended,Uncategorized,Information Technology,Software & Services,Adj,Dec,EPS,CY2026,1.74,1.866,+7.2%,1.845,-1.1%,1.878,+1.8%,103.0,54.8,+7.9%,-36.0%,-18.4%,-0.3%
SHOP,Extended,Uncategorized,Information Technology,Software & Services,Adj,Dec,EPS,CY2027,2.318,2.325,+0.3%,2.418,+4.0%,2.348,-2.9%,103.0,43.9,+1.3%,-36.0%,-18.4%,-0.3%
SHOP,Extended,Uncategorized,Information Technology,Software & Services,Adj,Dec,EPS,CY2028,3.052,2.795,-8.4%,3.333,+19.2%,3.187,-4.4%,103.0,32.3,+4.4%,-36.0%,-18.4%,-0.3%
GWRE,Extended,Uncategorized,Information Technology,Software & Services,Adj,Jul,EPS,CY2025,1.991,2.419,+21.5%,2.419,+0.0%,2.419,+0.0%,140.26,58.0,+21.5%,-30.2%,+9.9%,-32.6%
GWRE,Extended,Uncategorized,Information Technology,Software & Services,Adj,Jul,EPS,CY2026,2.666,2.982,+11.9%,2.96,-0.7%,3.53,+19.3%,140.26,39.7,+32.4%,-30.2%,+9.9%,-32.6%
GWRE,Extended,Uncategorized,Information Technology,Software & Services,Adj,Jul,EPS,CY2027,3.541,3.812,+7.7%,3.872,+1.6%,4.267,+10.2%,140.26,32.9,+20.5%,-30.2%,+9.9%,-32.6%
GWRE,Extended,Uncategorized,Information Technology,Software & Services,Adj,Jul,EPS,CY2028,,5.235,,4.901,-6.4%,5.395,+10.1%,140.26,26.0,,-30.2%,+9.9%,-32.6%
NOW,Extended,Uncategorized,Information Technology,Software & Services,Adj,Dec,EPS,CY2025,3.315,3.477,+4.9%,3.481,+0.1%,3.481,+0.0%,102.13,29.3,+5.0%,-33.3%,-2.1%,-49.7%
NOW,Extended,Uncategorized,Information Technology,Software & Services,Adj,Dec,EPS,CY2026,3.968,4.086,+3.0%,4.195,+2.7%,4.154,-1.0%,102.13,24.6,+4.7%,-33.3%,-2.1%,-49.7%
NOW,Extended,Uncategorized,Information Technology,Software & Services,Adj,Dec,EPS,CY2027,4.775,4.857,+1.7%,5.014,+3.2%,5.042,+0.6%,102.13,20.3,+5.6%,-33.3%,-2.1%,-49.7%
NOW,Extended,Uncategorized,Information Technology,Software & Services,Adj,Dec,EPS,CY2028,5.686,5.65,-0.6%,6.008,+6.3%,6.083,+1.2%,102.13,16.8,+7.0%,-33.3%,-2.1%,-49.7%
ELV,Extended,Uncategorized,Health Care,Health Care Equipment & Servic,Adj,Dec,EPS,CY2025,34.415,29.986,-12.9%,29.975,-0.0%,29.975,+0.0%,394.69,13.2,-12.9%,+12.6%,+15.1%,+2.6%
ELV,Extended,Uncategorized,Health Care,Health Care Equipment & Servic,Adj,Dec,EPS,CY2026,39.21,27.217,-30.6%,25.892,-4.9%,26.838,+3.7%,394.69,14.7,-31.6%,+12.6%,+15.1%,+2.6%
ELV,Extended,Uncategorized,Health Care,Health Care Equipment & Servic,Adj,Dec,EPS,CY2027,45.245,31.408,-30.6%,29.125,-7.3%,29.119,-0.0%,394.69,13.6,-35.6%,+12.6%,+15.1%,+2.6%
ELV,Extended,Uncategorized,Health Care,Health Care Equipment & Servic,Adj,Dec,EPS,CY2028,52.898,40.003,-24.4%,34.172,-14.6%,33.779,-1.2%,394.69,11.7,-36.1%,+12.6%,+15.1%,+2.6%
ISRG,Extended,Uncategorized,Health Care,Health Care Equipment & Servic,Adj,Dec,EPS,CY2025,7.778,8.634,+11.0%,8.646,+0.1%,8.646,+0.0%,438.1,50.7,+11.2%,-22.6%,-13.1%,-19.3%
ISRG,Extended,Uncategorized,Health Care,Health Care Equipment & Servic,Adj,Dec,EPS,CY2026,9.012,9.705,+7.7%,10.053,+3.6%,10.343,+2.9%,438.1,42.4,+14.8%,-22.6%,-13.1%,-19.3%
ISRG,Extended,Uncategorized,Health Care,Health Care Equipment & Servic,Adj,Dec,EPS,CY2027,10.556,11.224,+6.3%,11.415,+1.7%,11.75,+2.9%,438.1,37.3,+11.3%,-22.6%,-13.1%,-19.3%
ISRG,Extended,Uncategorized,Health Care,Health Care Equipment & Servic,Adj,Dec,EPS,CY2028,12.249,13.033,+6.4%,13.197,+1.3%,13.374,+1.3%,438.1,32.8,+9.2%,-22.6%,-13.1%,-19.3%
BLDR,Extended,Uncategorized,Industrials,Capital Goods,Adj,Dec,EPS,CY2025,8.476,7.072,-16.6%,7.053,-0.3%,7.053,+0.0%,74.15,10.5,-16.8%,-27.9%,-32.9%,-32.5%
BLDR,Extended,Uncategorized,Industrials,Capital Goods,Adj,Dec,EPS,CY2026,9.901,6.564,-33.7%,5.932,-9.6%,4.296,-27.6%,74.15,17.3,-56.6%,-27.9%,-32.9%,-32.5%
BLDR,Extended,Uncategorized,Industrials,Capital Goods,Adj,Dec,EPS,CY2027,12.143,8.563,-29.5%,7.786,-9.1%,6.138,-21.2%,74.15,12.1,-49.5%,-27.9%,-32.9%,-32.5%
BLDR,Extended,Uncategorized,Industrials,Capital Goods,Adj,Dec,EPS,CY2028,10.71,10.155,-5.2%,9.694,-4.5%,7.551,-22.1%,74.15,9.8,-29.5%,-27.9%,-32.9%,-32.5%
FERG,Extended,Uncategorized,Industrials,Capital Goods,Adj,Jul,EPS,CY2025,8.876,9.41,+6.0%,9.41,+0.0%,9.41,+0.0%,223.31,23.7,+6.0%,+0.3%,-12.4%,+24.5%
FERG,Extended,Uncategorized,Industrials,Capital Goods,Adj,Jul,EPS,CY2026,,10.988,,11.011,+0.2%,11.154,+1.3%,223.31,20.0,,+0.3%,-12.4%,+24.5%
FERG,Extended,Uncategorized,Industrials,Capital Goods,Adj,Jul,EPS,CY2027,,12.055,,12.164,+0.9%,12.411,+2.0%,223.31,18.0,,+0.3%,-12.4%,+24.5%
FERG,Extended,Uncategorized,Industrials,Capital Goods,Adj,Jul,EPS,CY2028,,13.326,,13.274,-0.4%,13.784,+3.8%,223.31,16.2,,+0.3%,-12.4%,+24.5%
CRH,Extended,Uncategorized,Materials,Materials,Adj,Dec,EPS,CY2025,5.724,5.602,-2.1%,5.593,-0.2%,5.593,+0.0%,100.37,17.9,-2.3%,-19.6%,-19.1%,+5.5%
CRH,Extended,Uncategorized,Materials,Materials,Adj,Dec,EPS,CY2026,6.381,6.069,-4.9%,6.073,+0.1%,5.954,-2.0%,100.37,16.9,-6.7%,-19.6%,-19.1%,+5.5%
CRH,Extended,Uncategorized,Materials,Materials,Adj,Dec,EPS,CY2027,7.012,6.651,-5.1%,6.702,+0.8%,6.723,+0.3%,100.37,14.9,-4.1%,-19.6%,-19.1%,+5.5%
CRH,Extended,Uncategorized,Materials,Materials,Adj,Dec,EPS,CY2028,7.963,7.411,-6.9%,7.438,+0.4%,7.565,+1.7%,100.37,13.3,-5.0%,-19.6%,-19.1%,+5.5%
FND,Extended,Uncategorized,Consumer Discretionary,Consumer Discretionary Distrib,Adj,Dec,EPS,CY2025,1.797,1.902,+5.8%,1.905,+0.2%,1.905,+0.0%,48.21,25.3,+6.0%,-20.8%,-30.1%,-34.9%
FND,Extended,Uncategorized,Consumer Discretionary,Consumer Discretionary Distrib,Adj,Dec,EPS,CY2026,2.208,2.092,-5.3%,2.083,-0.4%,1.904,-8.6%,48.21,25.3,-13.8%,-20.8%,-30.1%,-34.9%
FND,Extended,Uncategorized,Consumer Discretionary,Consumer Discretionary Distrib,Adj,Dec,EPS,CY2027,2.716,2.556,-5.9%,2.455,-4.0%,2.189,-10.8%,48.21,22.0,-19.4%,-20.8%,-30.1%,-34.9%
FND,Extended,Uncategorized,Consumer Discretionary,Consumer Discretionary Distrib,Adj,Dec,EPS,CY2028,3.12,3.126,+0.2%,3.003,-3.9%,2.663,-11.3%,48.21,18.1,-14.6%,-20.8%,-30.1%,-34.9%
WMT,Extended,Uncategorized,Consumer Staples,Consumer Staples Distribution,GAAP,Jan,EPS,CY2025,2.565,2.863,+11.6%,2.879,+0.6%,2.879,+0.0%,120.27,41.8,+12.2%,+8.0%,-2.2%,+25.4%
WMT,Extended,Uncategorized,Consumer Staples,Consumer Staples Distribution,GAAP,Jan,EPS,CY2026,2.91,2.945,+1.2%,2.94,-0.2%,2.922,-0.6%,120.27,41.2,+0.4%,+8.0%,-2.2%,+25.4%
WMT,Extended,Uncategorized,Consumer Staples,Consumer Staples Distribution,GAAP,Jan,EPS,CY2027,3.236,3.291,+1.7%,3.285,-0.2%,3.25,-1.1%,120.27,37.0,+0.4%,+8.0%,-2.2%,+25.4%
WMT,Extended,Uncategorized,Consumer Staples,Consumer Staples Distribution,GAAP,Jan,EPS,CY2028,3.692,3.657,-0.9%,3.687,+0.8%,3.622,-1.8%,120.27,33.2,-1.9%,+8.0%,-2.2%,+25.4%
PM,Extended,Uncategorized,Consumer Staples,"Food, Beverage & Tobacco",GAAP,Dec,EPS,CY2025,7.296,7.335,+0.5%,7.412,+1.0%,7.412,+0.0%,188.99,25.5,+1.6%,+17.8%,+3.0%,+7.9%
PM,Extended,Uncategorized,Consumer Staples,"Food, Beverage & Tobacco",GAAP,Dec,EPS,CY2026,8.044,8.023,-0.3%,8.051,+0.3%,7.889,-2.0%,188.99,24.0,-1.9%,+17.8%,+3.0%,+7.9%
PM,Extended,Uncategorized,Consumer Staples,"Food, Beverage & Tobacco",GAAP,Dec,EPS,CY2027,8.858,8.75,-1.2%,8.757,+0.1%,8.804,+0.5%,188.99,21.5,-0.6%,+17.8%,+3.0%,+7.9%
PM,Extended,Uncategorized,Consumer Staples,"Food, Beverage & Tobacco",GAAP,Dec,EPS,CY2028,9.786,9.576,-2.1%,9.564,-0.1%,12.618,+31.9%,188.99,15.0,+28.9%,+17.8%,+3.0%,+7.9%
CP,Extended,Uncategorized,Industrials,Transportation,Adj,Dec,EPS,CY2025,4.737,4.67,-1.4%,4.618,-1.1%,4.618,+0.0%,86.26,18.7,-2.5%,+17.2%,+1.4%,+7.3%
CP,Extended,Uncategorized,Industrials,Transportation,Adj,Dec,EPS,CY2026,5.446,5.309,-2.5%,5.173,-2.6%,5.106,-1.3%,86.26,16.9,-6.2%,+17.2%,+1.4%,+7.3%
CP,Extended,Uncategorized,Industrials,Transportation,Adj,Dec,EPS,CY2027,6.132,6.006,-2.1%,5.878,-2.1%,5.866,-0.2%,86.26,14.7,-4.3%,+17.2%,+1.4%,+7.3%
CP,Extended,Uncategorized,Industrials,Transportation,Adj,Dec,EPS,CY2028,7.164,6.858,-4.3%,6.681,-2.6%,6.699,+0.3%,86.26,12.9,-6.5%,+17.2%,+1.4%,+7.3%
CNR,Extended,Uncategorized,Industrials,Transportation,Adj,Dec,EPS,CY2025,7.791,7.513,-3.6%,7.522,+0.1%,7.522,+0.0%,157.79,21.0,-3.5%,+16.2%,+4.4%,+7.1%
CNR,Extended,Uncategorized,Industrials,Transportation,Adj,Dec,EPS,CY2026,8.652,8.176,-5.5%,7.872,-3.7%,7.856,-0.2%,157.79,20.1,-9.2%,+16.2%,+4.4%,+7.1%
CNR,Extended,Uncategorized,Industrials,Transportation,Adj,Dec,EPS,CY2027,9.525,9.101,-4.5%,8.73,-4.1%,8.719,-0.1%,157.79,18.1,-8.5%,+16.2%,+4.4%,+7.1%
CNR,Extended,Uncategorized,Industrials,Transportation,Adj,Dec,EPS,CY2028,10.328,10.15,-1.7%,9.573,-5.7%,9.599,+0.3%,157.79,16.4,-7.1%,+16.2%,+4.4%,+7.1%
UNP,Extended,Uncategorized,Industrials,Transportation,Adj,Dec,EPS,CY2025,11.527,11.75,+1.9%,11.69,-0.5%,11.69,+0.0%,265.88,22.7,+1.4%,+14.9%,-0.1%,+19.3%
UNP,Extended,Uncategorized,Industrials,Transportation,Adj,Dec,EPS,CY2026,12.756,12.675,-0.6%,12.446,-1.8%,12.548,+0.8%,265.88,21.2,-1.6%,+14.9%,-0.1%,+19.3%
UNP,Extended,Uncategorized,Industrials,Transportation,Adj,Dec,EPS,CY2027,13.991,13.685,-2.2%,13.552,-1.0%,13.687,+1.0%,265.88,19.4,-2.2%,+14.9%,-0.1%,+19.3%
UNP,Extended,Uncategorized,Industrials,Transportation,Adj,Dec,EPS,CY2028,15.727,15.169,-3.5%,14.847,-2.1%,14.998,+1.0%,265.88,17.7,-4.6%,+14.9%,-0.1%,+19.3%
CSX,Extended,Uncategorized,Industrials,Transportation,Adj,Dec,EPS,CY2025,1.652,1.655,+0.2%,1.636,-1.1%,1.636,+0.0%,45.52,27.8,-1.0%,+25.6%,+7.6%,+48.6%
CSX,Extended,Uncategorized,Industrials,Transportation,Adj,Dec,EPS,CY2026,1.92,1.909,-0.6%,1.845,-3.4%,1.909,+3.5%,45.52,23.8,-0.6%,+25.6%,+7.6%,+48.6%
CSX,Extended,Uncategorized,Industrials,Transportation,Adj,Dec,EPS,CY2027,2.105,2.13,+1.2%,2.082,-2.3%,2.161,+3.8%,45.52,21.1,+2.7%,+25.6%,+7.6%,+48.6%
CSX,Extended,Uncategorized,Industrials,Transportation,Adj,Dec,EPS,CY2028,2.353,2.363,+0.4%,2.262,-4.3%,2.36,+4.3%,45.52,19.3,+0.3%,+25.6%,+7.6%,+48.6%
NVR,Extended,Uncategorized,Consumer Discretionary,Consumer Durables & Apparel,Adj,Dec,EPS,CY2025,426.629,423.643,-0.7%,422.926,-0.2%,422.926,+0.0%,6036.99,14.3,-0.9%,-17.2%,-20.4%,-14.6%
NVR,Extended,Uncategorized,Consumer Discretionary,Consumer Durables & Apparel,Adj,Dec,EPS,CY2026,454.23,412.306,-9.2%,395.127,-4.2%,368.36,-6.8%,6036.99,16.4,-18.9%,-17.2%,-20.4%,-14.6%
NVR,Extended,Uncategorized,Consumer Discretionary,Consumer Durables & Apparel,Adj,Dec,EPS,CY2027,575.57,478.745,-16.8%,459.807,-4.0%,415.375,-9.7%,6036.99,14.5,-27.8%,-17.2%,-20.4%,-14.6%
NVR,Extended,Uncategorized,Consumer Discretionary,Consumer Durables & Apparel,Adj,Dec,EPS,CY2028,,,,535.0,,514.0,-3.9%,6036.99,11.7,,-17.2%,-20.4%,-14.6%
PDD,Extended,Uncategorized,Consumer Discretionary,Consumer Discretionary Distrib,Adj,Dec,EPS,CY2025,87.813,74.265,-15.4%,75.475,+1.6%,75.449,-0.0%,94.52,1.3,-14.1%,-16.6%,-9.9%,-21.1%
PDD,Extended,Uncategorized,Consumer Discretionary,Consumer Discretionary Distrib,Adj,Dec,EPS,CY2026,104.441,87.235,-16.5%,86.827,-0.5%,82.649,-4.8%,94.52,1.1,-20.9%,-16.6%,-9.9%,-21.1%
PDD,Extended,Uncategorized,Consumer Discretionary,Consumer Discretionary Distrib,Adj,Dec,EPS,CY2027,121.491,102.139,-15.9%,101.171,-0.9%,97.476,-3.7%,94.52,1.0,-19.8%,-16.6%,-9.9%,-21.1%
PDD,Extended,Uncategorized,Consumer Discretionary,Consumer Discretionary Distrib,Adj,Dec,EPS,CY2028,119.793,102.423,-14.5%,102.616,+0.2%,108.925,+6.1%,94.52,0.9,-9.1%,-16.6%,-9.9%,-21.1%
MSI,Extended,Uncategorized,Information Technology,Technology Hardware & Equipmen,Adj,Dec,EPS,CY2025,14.713,15.155,+3.0%,15.155,+0.0%,15.155,+0.0%,404.08,26.7,+3.0%,+5.4%,-12.7%,-4.2%
MSI,Extended,Uncategorized,Information Technology,Technology Hardware & Equipmen,Adj,Dec,EPS,CY2026,15.916,16.284,+2.3%,16.781,+3.1%,16.976,+1.2%,404.08,23.8,+6.7%,+5.4%,-12.7%,-4.2%
MSI,Extended,Uncategorized,Information Technology,Technology Hardware & Equipmen,Adj,Dec,EPS,CY2027,17.57,17.693,+0.7%,18.139,+2.5%,18.531,+2.2%,404.08,21.8,+5.5%,+5.4%,-12.7%,-4.2%
MSI,Extended,Uncategorized,Information Technology,Technology Hardware & Equipmen,Adj,Dec,EPS,CY2028,19.363,20.325,+5.0%,19.366,-4.7%,20.52,+6.0%,404.08,19.7,+6.0%,+5.4%,-12.7%,-4.2%
TPL,Extended,Uncategorized,Energy,Energy,Adj,Dec,EPS,CY2025,,7.04,,6.92,-1.7%,6.92,+0.0%,402.03,58.1,,+40.0%,-19.6%,-5.7%
TPL,Extended,Uncategorized,Energy,Energy,Adj,Dec,EPS,CY2026,,8.43,,8.12,-3.7%,9.1,+12.1%,402.03,44.2,,+40.0%,-19.6%,-5.7%
TPL,Extended,Uncategorized,Energy,Energy,Adj,Dec,EPS,CY2027,,10.85,,9.475,-12.7%,10.12,+6.8%,402.03,39.7,,+40.0%,-19.6%,-5.7%
TPL,Extended,Uncategorized,Energy,Energy,Adj,Dec,EPS,CY2028,,11.71,,12.68,+8.3%,11.92,-6.0%,402.03,33.7,,+40.0%,-19.6%,-5.7%
APG,Extended,Uncategorized,Industrials,Capital Goods,Adj,Dec,EPS,CY2025,1.385,1.451,+4.8%,1.446,-0.3%,1.446,+0.0%,41.63,28.8,+4.4%,+8.8%,-6.7%,+36.6%
APG,Extended,Uncategorized,Industrials,Capital Goods,Adj,Dec,EPS,CY2026,1.585,1.666,+5.1%,1.653,-0.8%,1.697,+2.7%,41.63,24.5,+7.1%,+8.8%,-6.7%,+36.6%
APG,Extended,Uncategorized,Industrials,Capital Goods,Adj,Dec,EPS,CY2027,1.794,1.947,+8.5%,1.929,-0.9%,1.935,+0.3%,41.63,21.5,+7.9%,+8.8%,-6.7%,+36.6%
APG,Extended,Uncategorized,Industrials,Capital Goods,Adj,Dec,EPS,CY2028,2.01,2.52,+25.4%,2.49,-1.2%,2.153,-13.5%,41.63,19.3,+7.1%,+8.8%,-6.7%,+36.6%
CACC,Extended,Uncategorized,Financials,Financial Services,Adj,Dec,EPS,CY2025,40.033,39.565,-1.2%,39.568,+0.0%,39.568,+0.0%,544.8,13.8,-1.2%,+22.9%,+10.0%,+13.2%
CACC,Extended,Uncategorized,Financials,Financial Services,Adj,Dec,EPS,CY2026,46.29,43.79,-5.4%,46.218,+5.5%,48.153,+4.2%,544.8,11.3,+4.0%,+22.9%,+10.0%,+13.2%
CACC,Extended,Uncategorized,Financials,Financial Services,Adj,Dec,EPS,CY2027,61.4,51.227,-16.6%,54.748,+6.9%,56.558,+3.3%,544.8,9.6,-7.9%,+22.9%,+10.0%,+13.2%
CACC,Extended,Uncategorized,Financials,Financial Services,Adj,Dec,EPS,CY2028,,,,74.58,,74.24,-0.5%,544.8,7.3,,+22.9%,+10.0%,+13.2%
GL,Extended,Uncategorized,Financials,Insurance,Adj,Dec,EPS,CY2025,13.68,14.583,+6.6%,14.576,-0.0%,14.576,+0.0%,156.28,10.7,+6.5%,+11.7%,+8.2%,+30.7%
GL,Extended,Uncategorized,Financials,Insurance,Adj,Dec,EPS,CY2026,14.92,15.016,+0.6%,15.2,+1.2%,15.595,+2.6%,156.28,10.0,+4.5%,+11.7%,+8.2%,+30.7%
GL,Extended,Uncategorized,Financials,Insurance,Adj,Dec,EPS,CY2027,16.512,16.437,-0.5%,16.486,+0.3%,16.619,+0.8%,156.28,9.4,+0.6%,+11.7%,+8.2%,+30.7%
GL,Extended,Uncategorized,Financials,Insurance,Adj,Dec,EPS,CY2028,18.7,17.85,-4.5%,18.1,+1.4%,18.252,+0.8%,156.28,8.6,-2.4%,+11.7%,+8.2%,+30.7%
LAD,Extended,Uncategorized,Consumer Discretionary,Consumer Discretionary Distrib,Adj,Dec,EPS,CY2025,33.416,35.492,+6.2%,35.255,-0.7%,35.255,+0.0%,276.58,7.8,+5.5%,-16.8%,-5.8%,-10.1%
LAD,Extended,Uncategorized,Consumer Discretionary,Consumer Discretionary Distrib,Adj,Dec,EPS,CY2026,37.529,37.844,+0.8%,36.738,-2.9%,34.332,-6.5%,276.58,8.1,-8.5%,-16.8%,-5.8%,-10.1%
LAD,Extended,Uncategorized,Consumer Discretionary,Consumer Discretionary Distrib,Adj,Dec,EPS,CY2027,45.256,42.637,-5.8%,41.808,-1.9%,40.453,-3.2%,276.58,6.8,-10.6%,-16.8%,-5.8%,-10.1%
LAD,Extended,Uncategorized,Consumer Discretionary,Consumer Discretionary Distrib,Adj,Dec,EPS,CY2028,47.613,46.273,-2.8%,48.701,+5.2%,46.72,-4.1%,276.58,5.9,-1.9%,-16.8%,-5.8%,-10.1%
CHTR,Extended,Uncategorized,Communication Services,Media & Entertainment,Adj,Dec,EPS,CY2025,37.387,36.018,-3.7%,36.229,+0.6%,36.229,+0.0%,145.15,4.0,-3.1%,-30.5%,-36.9%,-64.6%
CHTR,Extended,Uncategorized,Communication Services,Media & Entertainment,Adj,Dec,EPS,CY2026,43.718,42.52,-2.7%,42.813,+0.7%,41.016,-4.2%,145.15,3.5,-6.2%,-30.5%,-36.9%,-64.6%
CHTR,Extended,Uncategorized,Communication Services,Media & Entertainment,Adj,Dec,EPS,CY2027,50.673,47.631,-6.0%,48.772,+2.4%,45.092,-7.5%,145.15,3.2,-11.0%,-30.5%,-36.9%,-64.6%
CHTR,Extended,Uncategorized,Communication Services,Media & Entertainment,Adj,Dec,EPS,CY2028,53.879,52.042,-3.4%,61.889,+18.9%,51.949,-16.1%,145.15,2.8,-3.6%,-30.5%,-36.9%,-64.6%
ABG,Extended,Uncategorized,Consumer Discretionary,Consumer Discretionary Distrib,Adj,Dec,EPS,CY2025,26.8,28.301,+5.6%,28.123,-0.6%,28.123,+0.0%,187.72,6.7,+4.9%,-19.3%,-17.0%,-17.2%
ABG,Extended,Uncategorized,Consumer Discretionary,Consumer Discretionary Distrib,Adj,Dec,EPS,CY2026,26.27,28.334,+7.9%,26.916,-5.0%,25.769,-4.3%,187.72,7.3,-1.9%,-19.3%,-17.0%,-17.2%
ABG,Extended,Uncategorized,Consumer Discretionary,Consumer Discretionary Distrib,Adj,Dec,EPS,CY2027,33.507,32.86,-1.9%,30.866,-6.1%,29.652,-3.9%,187.72,6.3,-11.5%,-19.3%,-17.0%,-17.2%
ABG,Extended,Uncategorized,Consumer Discretionary,Consumer Discretionary Distrib,Adj,Dec,EPS,CY2028,43.46,40.325,-7.2%,37.355,-7.4%,34.134,-8.6%,187.72,5.5,-21.5%,-19.3%,-17.0%,-17.2%
ALRM,Extended,Uncategorized,Information Technology,Software & Services,Adj,Dec,EPS,CY2025,2.294,2.492,+8.6%,2.513,+0.8%,2.513,+0.0%,43.8,17.4,+9.5%,-14.2%,-3.9%,-23.1%
ALRM,Extended,Uncategorized,Information Technology,Software & Services,Adj,Dec,EPS,CY2026,2.428,2.663,+9.7%,2.773,+4.1%,2.763,-0.4%,43.8,15.9,+13.8%,-14.2%,-3.9%,-23.1%
ALRM,Extended,Uncategorized,Information Technology,Software & Services,Adj,Dec,EPS,CY2027,2.16,2.768,+28.1%,3.018,+9.0%,2.962,-1.9%,43.8,14.8,+37.1%,-14.2%,-3.9%,-23.1%
ALRM,Extended,Uncategorized,Information Technology,Software & Services,Adj,Dec,EPS,CY2028,,,,,,3.25,,43.8,13.5,,-14.2%,-3.9%,-23.1%
OPTU,Extended,Uncategorized,Communication Services,Media & Entertainment,Adj,Dec,EPS,CY2025,-0.156,-2.972,-1805.1%,-3.768,-26.8%,-3.768,+0.0%,0.6611,-0.2,-2315.4%,-59.9%,-56.8%,-70.9%
OPTU,Extended,Uncategorized,Communication Services,Media & Entertainment,Adj,Dec,EPS,CY2026,-0.025,-0.184,-636.0%,-0.405,-120.1%,-4.373,-979.8%,0.6611,-0.2,-17392.0%,-59.9%,-56.8%,-70.9%
OPTU,Extended,Uncategorized,Communication Services,Media & Entertainment,Adj,Dec,EPS,CY2027,-0.155,-0.181,-16.8%,-0.437,-141.4%,-0.479,-9.6%,0.6611,-1.4,-209.0%,-59.9%,-56.8%,-70.9%
OPTU,Extended,Uncategorized,Communication Services,Media & Entertainment,Adj,Dec,EPS,CY2028,-0.269,-0.367,-36.4%,-0.394,-7.4%,-0.337,+14.5%,0.6611,-2.0,-25.3%,-59.9%,-56.8%,-70.9%
CMCSA,Extended,Uncategorized,Communication Services,Telecommunication Services,Adj,Dec,EPS,CY2025,4.237,4.214,-0.5%,4.212,-0.0%,4.212,+0.0%,25.205,6.0,-0.6%,-10.0%,-19.6%,-22.2%
CMCSA,Extended,Uncategorized,Communication Services,Telecommunication Services,Adj,Dec,EPS,CY2026,4.629,4.125,-10.9%,3.782,-8.3%,3.505,-7.3%,25.205,7.2,-24.3%,-10.0%,-19.6%,-22.2%
CMCSA,Extended,Uncategorized,Communication Services,Telecommunication Services,Adj,Dec,EPS,CY2027,4.982,4.406,-11.6%,3.93,-10.8%,3.754,-4.5%,25.205,6.7,-24.6%,-10.0%,-19.6%,-22.2%
CMCSA,Extended,Uncategorized,Communication Services,Telecommunication Services,Adj,Dec,EPS,CY2028,5.337,4.95,-7.3%,4.407,-11.0%,4.15,-5.8%,25.205,6.1,-22.2%,-10.0%,-19.6%,-22.2%
WRLD,Extended,Uncategorized,Financials,Financial Services,Adj,Mar,EPS,CY2025,13.79,8.55,-38.0%,7.07,-17.3%,7.07,+0.0%,159.915,22.6,-48.7%,+13.9%,+22.4%,+12.0%
WRLD,Extended,Uncategorized,Financials,Financial Services,Adj,Mar,EPS,CY2026,14.55,15.035,+3.3%,10.73,-28.6%,10.99,+2.4%,159.915,14.6,-24.5%,+13.9%,+22.4%,+12.0%
WRLD,Extended,Uncategorized,Financials,Financial Services,Adj,Mar,EPS,CY2027,,16.5,,13.63,-17.4%,14.12,+3.6%,159.915,11.3,,+13.9%,+22.4%,+12.0%
WRLD,Extended,Uncategorized,Financials,Financial Services,Adj,Mar,EPS,CY2028,,,,,,,,159.915,,,+13.9%,+22.4%,+12.0%
CARG,Extended,Uncategorized,Communication Services,Media & Entertainment,Adj,Dec,EPS,CY2025,2.112,2.207,+4.5%,2.206,-0.0%,2.206,+0.0%,28.24,12.8,+4.5%,-26.4%,-6.4%,-11.2%
CARG,Extended,Uncategorized,Communication Services,Media & Entertainment,Adj,Dec,EPS,CY2026,2.446,2.545,+4.0%,2.506,-1.5%,2.508,+0.1%,28.24,11.3,+2.5%,-26.4%,-6.4%,-11.2%
CARG,Extended,Uncategorized,Communication Services,Media & Entertainment,Adj,Dec,EPS,CY2027,2.78,3.037,+9.2%,3.018,-0.6%,3.059,+1.4%,28.24,9.2,+10.0%,-26.4%,-6.4%,-11.2%
CARG,Extended,Uncategorized,Communication Services,Media & Entertainment,Adj,Dec,EPS,CY2028,3.745,3.51,-6.3%,3.506,-0.1%,3.517,+0.3%,28.24,8.0,-6.1%,-26.4%,-6.4%,-11.2%
ARMK,Extended,Uncategorized,Consumer Discretionary,Consumer Services,Adj,Sep,EPS,CY2025,1.936,1.895,-2.1%,1.895,+0.0%,1.895,+0.0%,51.26,27.1,-2.1%,+39.1%,+25.3%,+31.8%
ARMK,Extended,Uncategorized,Consumer Discretionary,Consumer Services,Adj,Sep,EPS,CY2026,2.277,2.216,-2.7%,2.228,+0.5%,2.214,-0.6%,51.26,23.2,-2.8%,+39.1%,+25.3%,+31.8%
ARMK,Extended,Uncategorized,Consumer Discretionary,Consumer Services,Adj,Sep,EPS,CY2027,2.632,2.582,-1.9%,2.622,+1.5%,2.66,+1.4%,51.26,19.3,+1.1%,+39.1%,+25.3%,+31.8%
ARMK,Extended,Uncategorized,Consumer Discretionary,Consumer Services,Adj,Sep,EPS,CY2028,3.09,2.97,-3.9%,3.013,+1.4%,3.099,+2.9%,51.26,16.5,+0.3%,+39.1%,+25.3%,+31.8%
QSR,Extended,Uncategorized,Consumer Discretionary,Consumer Services,Adj,Dec,EPS,CY2025,3.684,3.677,-0.2%,3.673,-0.1%,3.673,+0.0%,75.38,20.5,-0.3%,+10.5%,+9.5%,+8.6%
QSR,Extended,Uncategorized,Consumer Discretionary,Consumer Services,Adj,Dec,EPS,CY2026,4.031,4.015,-0.4%,4.033,+0.4%,4.048,+0.4%,75.38,18.6,+0.4%,+10.5%,+9.5%,+8.6%
QSR,Extended,Uncategorized,Consumer Discretionary,Consumer Services,Adj,Dec,EPS,CY2027,4.381,4.374,-0.2%,4.363,-0.3%,4.436,+1.7%,75.38,17.0,+1.3%,+10.5%,+9.5%,+8.6%
QSR,Extended,Uncategorized,Consumer Discretionary,Consumer Services,Adj,Dec,EPS,CY2028,4.843,4.792,-1.1%,4.783,-0.2%,4.778,-0.1%,75.38,15.8,-1.3%,+10.5%,+9.5%,+8.6%
W,Extended,Uncategorized,Consumer Discretionary,Consumer Discretionary Distrib,Adj,Dec,EPS,CY2025,0.643,2.295,+256.9%,2.313,+0.8%,2.313,+0.0%,67.07,29.0,+259.7%,-33.2%,-17.6%,+85.2%
W,Extended,Uncategorized,Consumer Discretionary,Consumer Discretionary Distrib,Adj,Dec,EPS,CY2026,1.209,2.883,+138.5%,2.884,+0.0%,2.727,-5.4%,67.07,24.6,+125.6%,-33.2%,-17.6%,+85.2%
W,Extended,Uncategorized,Consumer Discretionary,Consumer Discretionary Distrib,Adj,Dec,EPS,CY2027,2.084,3.802,+82.4%,3.654,-3.9%,3.658,+0.1%,67.07,18.3,+75.5%,-33.2%,-17.6%,+85.2%
W,Extended,Uncategorized,Consumer Discretionary,Consumer Discretionary Distrib,Adj,Dec,EPS,CY2028,3.166,4.673,+47.6%,4.386,-6.1%,4.54,+3.5%,67.07,14.8,+43.4%,-33.2%,-17.6%,+85.2%
MO,Extended,Uncategorized,Consumer Staples,"Food, Beverage & Tobacco",Adj,Dec,EPS,CY2025,5.382,5.435,+1.0%,5.434,-0.0%,5.434,+0.0%,73.9,13.6,+1.0%,+28.2%,+9.4%,+24.6%
MO,Extended,Uncategorized,Consumer Staples,"Food, Beverage & Tobacco",Adj,Dec,EPS,CY2026,5.523,5.589,+1.2%,5.601,+0.2%,5.671,+1.2%,73.9,13.0,+2.7%,+28.2%,+9.4%,+24.6%
MO,Extended,Uncategorized,Consumer Staples,"Food, Beverage & Tobacco",Adj,Dec,EPS,CY2027,5.68,5.769,+1.6%,5.797,+0.5%,5.867,+1.2%,73.9,12.6,+3.3%,+28.2%,+9.4%,+24.6%
MO,Extended,Uncategorized,Consumer Staples,"Food, Beverage & Tobacco",Adj,Dec,EPS,CY2028,5.812,5.882,+1.2%,5.99,+1.8%,6.052,+1.0%,73.9,12.2,+4.1%,+28.2%,+9.4%,+24.6%
CI,Extended,Uncategorized,Health Care,Health Care Equipment & Servic,Adj,Dec,EPS,CY2025,29.687,29.64,-0.2%,29.637,-0.0%,29.637,+0.0%,286.24,9.7,-0.2%,+4.0%,+2.1%,-8.5%
CI,Extended,Uncategorized,Health Care,Health Care Equipment & Servic,Adj,Dec,EPS,CY2026,33.073,30.318,-8.3%,30.3,-0.1%,30.463,+0.5%,286.24,9.4,-7.9%,+4.0%,+2.1%,-8.5%
CI,Extended,Uncategorized,Health Care,Health Care Equipment & Servic,Adj,Dec,EPS,CY2027,36.862,33.432,-9.3%,33.454,+0.1%,33.474,+0.1%,286.24,8.6,-9.2%,+4.0%,+2.1%,-8.5%
CI,Extended,Uncategorized,Health Care,Health Care Equipment & Servic,Adj,Dec,EPS,CY2028,41.735,37.337,-10.5%,37.003,-0.9%,36.998,-0.0%,286.24,7.7,-11.4%,+4.0%,+2.1%,-8.5%
CVS,Extended,Uncategorized,Health Care,Health Care Equipment & Servic,Adj,Dec,EPS,CY2025,6.145,6.612,+7.6%,6.663,+0.8%,6.663,+0.0%,93.26,14.0,+8.4%,+17.5%,+21.6%,+54.9%
CVS,Extended,Uncategorized,Health Care,Health Care Equipment & Servic,Adj,Dec,EPS,CY2026,7.076,7.166,+1.3%,7.118,-0.7%,7.384,+3.7%,93.26,12.6,+4.4%,+17.5%,+21.6%,+54.9%
CVS,Extended,Uncategorized,Health Care,Health Care Equipment & Servic,Adj,Dec,EPS,CY2027,8.091,8.078,-0.2%,8.183,+1.3%,8.367,+2.2%,93.26,11.1,+3.4%,+17.5%,+21.6%,+54.9%
CVS,Extended,Uncategorized,Health Care,Health Care Equipment & Servic,Adj,Dec,EPS,CY2028,9.169,9.29,+1.3%,9.402,+1.2%,9.619,+2.3%,93.26,9.7,+4.9%,+17.5%,+21.6%,+54.9%
SSNC,Extended,Uncategorized,Industrials,Commercial & Professional Serv,Adj,Dec,EPS,CY2025,5.848,6.063,+3.7%,6.066,+0.0%,6.066,+0.0%,67.04,11.1,+3.7%,-23.3%,-6.1%,-15.0%
SSNC,Extended,Uncategorized,Industrials,Commercial & Professional Serv,Adj,Dec,EPS,CY2026,6.443,6.638,+3.0%,6.843,+3.1%,6.892,+0.7%,67.04,9.7,+7.0%,-23.3%,-6.1%,-15.0%
SSNC,Extended,Uncategorized,Industrials,Commercial & Professional Serv,Adj,Dec,EPS,CY2027,6.947,7.193,+3.5%,7.438,+3.4%,7.496,+0.8%,67.04,8.9,+7.9%,-23.3%,-6.1%,-15.0%
SSNC,Extended,Uncategorized,Industrials,Commercial & Professional Serv,Adj,Dec,EPS,CY2028,7.625,7.98,+4.7%,7.88,-1.3%,7.896,+0.2%,67.04,8.5,+3.6%,-23.3%,-6.1%,-15.0%
SPOT,Extended,Uncategorized,Communication Services,Media & Entertainment,Adj,Dec,EPS,CY2025,8.509,7.129,-16.2%,7.15,+0.3%,7.15,+0.0%,519.86,72.7,-16.0%,-10.5%,+6.0%,-18.4%
SPOT,Extended,Uncategorized,Communication Services,Media & Entertainment,Adj,Dec,EPS,CY2026,12.575,12.125,-3.6%,12.669,+4.5%,12.85,+1.4%,519.86,40.5,+2.2%,-10.5%,+6.0%,-18.4%
SPOT,Extended,Uncategorized,Communication Services,Media & Entertainment,Adj,Dec,EPS,CY2027,15.6,15.49,-0.7%,16.065,+3.7%,15.801,-1.6%,519.86,32.9,+1.3%,-10.5%,+6.0%,-18.4%
SPOT,Extended,Uncategorized,Communication Services,Media & Entertainment,Adj,Dec,EPS,CY2028,18.533,18.009,-2.8%,19.34,+7.4%,19.157,-0.9%,519.86,27.1,+3.4%,-10.5%,+6.0%,-18.4%
BABA,Extended,Uncategorized,Consumer Discretionary,Consumer Discretionary Distrib,GAAP,Mar,EPS,CY2025,60.253,45.019,-25.3%,45.549,+1.2%,36.791,-19.2%,130.0,3.5,-38.9%,-11.3%,-15.8%,+7.9%
BABA,Extended,Uncategorized,Consumer Discretionary,Consumer Discretionary Distrib,GAAP,Mar,EPS,CY2026,68.308,60.207,-11.9%,55.925,-7.1%,39.315,-29.7%,130.0,3.3,-42.4%,-11.3%,-15.8%,+7.9%
BABA,Extended,Uncategorized,Consumer Discretionary,Consumer Discretionary Distrib,GAAP,Mar,EPS,CY2027,77.609,73.365,-5.5%,73.741,+0.5%,56.931,-22.8%,130.0,2.3,-26.6%,-11.3%,-15.8%,+7.9%
BABA,Extended,Uncategorized,Consumer Discretionary,Consumer Discretionary Distrib,GAAP,Mar,EPS,CY2028,77.393,87.117,+12.6%,89.356,+2.6%,81.712,-8.6%,130.0,1.6,+5.6%,-11.3%,-15.8%,+7.9%
IAC,Extended,Uncategorized,Communication Services,Media & Entertainment,Adj,Dec,EPS,CY2025,-2.303,0.427,+118.5%,0.394,-7.7%,0.394,+0.0%,42.03,106.7,+117.1%,+7.5%,+12.4%,+15.1%
IAC,Extended,Uncategorized,Communication Services,Media & Entertainment,Adj,Dec,EPS,CY2026,-0.124,1.011,+915.3%,0.415,-59.0%,-0.484,-216.6%,42.03,-86.8,-290.3%,+7.5%,+12.4%,+15.1%
IAC,Extended,Uncategorized,Communication Services,Media & Entertainment,Adj,Dec,EPS,CY2027,1.819,1.437,-21.0%,1.621,+12.8%,1.632,+0.7%,42.03,25.8,-10.3%,+7.5%,+12.4%,+15.1%
IAC,Extended,Uncategorized,Communication Services,Media & Entertainment,Adj,Dec,EPS,CY2028,1.813,1.758,-3.0%,2.168,+23.3%,2.176,+0.4%,42.03,19.3,+20.0%,+7.5%,+12.4%,+15.1%
PYPL,Extended,Uncategorized,Financials,Financial Services,Adj,Dec,EPS,CY2025,5.08,5.364,+5.6%,5.351,-0.2%,5.351,+0.0%,44.23,8.3,+5.3%,-24.2%,+6.2%,-38.1%
PYPL,Extended,Uncategorized,Financials,Financial Services,Adj,Dec,EPS,CY2026,5.662,5.856,+3.4%,5.311,-9.3%,5.299,-0.2%,44.23,8.3,-6.4%,-24.2%,+6.2%,-38.1%
PYPL,Extended,Uncategorized,Financials,Financial Services,Adj,Dec,EPS,CY2027,6.46,6.643,+2.8%,5.831,-12.2%,5.759,-1.2%,44.23,7.7,-10.9%,-24.2%,+6.2%,-38.1%
PYPL,Extended,Uncategorized,Financials,Financial Services,Adj,Dec,EPS,CY2028,7.195,7.48,+4.0%,6.529,-12.7%,6.329,-3.1%,44.23,7.0,-12.0%,-24.2%,+6.2%,-38.1%
THC,Extended,Healthcare providers,Health Care,Health Care Equipment & Servic,Adj,Dec,EPS,CY2025,12.659,16.125,+27.4%,16.112,-0.1%,16.112,+0.0%,173.78,10.8,+27.3%,-12.6%,-24.4%,+7.7%
THC,Extended,Healthcare providers,Health Care,Health Care Equipment & Servic,Adj,Dec,EPS,CY2026,13.66,16.406,+20.1%,16.871,+2.8%,17.755,+5.2%,173.78,9.8,+30.0%,-12.6%,-24.4%,+7.7%
THC,Extended,Healthcare providers,Health Care,Health Care Equipment & Servic,Adj,Dec,EPS,CY2027,15.294,18.21,+19.1%,17.62,-3.2%,17.729,+0.6%,173.78,9.8,+15.9%,-12.6%,-24.4%,+7.7%
THC,Extended,Healthcare providers,Health Care,Health Care Equipment & Servic,Adj,Dec,EPS,CY2028,19.643,21.257,+8.2%,20.291,-4.5%,19.658,-3.1%,173.78,8.8,+0.1%,-12.6%,-24.4%,+7.7%
UHS,Extended,Healthcare providers,Health Care,Health Care Equipment & Servic,Adj,Dec,EPS,CY2025,19.599,21.545,+9.9%,21.838,+1.4%,21.838,+0.0%,157.8,7.2,+11.4%,-27.6%,-31.5%,-15.5%
UHS,Extended,Healthcare providers,Health Care,Health Care Equipment & Servic,Adj,Dec,EPS,CY2026,21.464,23.37,+8.9%,23.364,-0.0%,23.464,+0.4%,157.8,6.7,+9.3%,-27.6%,-31.5%,-15.5%
UHS,Extended,Healthcare providers,Health Care,Health Care Equipment & Servic,Adj,Dec,EPS,CY2027,23.805,25.931,+8.9%,25.922,-0.0%,25.469,-1.7%,157.8,6.2,+7.0%,-27.6%,-31.5%,-15.5%
UHS,Extended,Healthcare providers,Health Care,Health Care Equipment & Servic,Adj,Dec,EPS,CY2028,26.387,27.62,+4.7%,27.783,+0.6%,27.945,+0.6%,157.8,5.6,+5.9%,-27.6%,-31.5%,-15.5%
CYH,Extended,Healthcare providers,Health Care,Health Care Equipment & Servic,Adj,Dec,EPS,CY2025,-0.318,0.863,+371.4%,0.863,+0.0%,0.863,+0.0%,2.8,3.2,+371.4%,-10.3%,-21.3%,-24.7%
CYH,Extended,Healthcare providers,Health Care,Health Care Equipment & Servic,Adj,Dec,EPS,CY2026,0.047,-0.323,-787.2%,-0.4,-23.8%,-0.494,-23.5%,2.8,-5.7,-1151.1%,-10.3%,-21.3%,-24.7%
CYH,Extended,Healthcare providers,Health Care,Health Care Equipment & Servic,Adj,Dec,EPS,CY2027,0.257,-0.115,-144.7%,-0.039,+66.1%,0.022,+156.4%,2.8,127.3,-91.4%,-10.3%,-21.3%,-24.7%
CYH,Extended,Healthcare providers,Health Care,Health Care Equipment & Servic,Adj,Dec,EPS,CY2028,,,,0.109,,0.013,-88.1%,2.8,215.4,,-10.3%,-21.3%,-24.7%
DVA,Extended,Healthcare providers,Health Care,Health Care Equipment & Servic,Adj,Dec,EPS,CY2025,10.89,10.606,-2.6%,10.613,+0.1%,10.613,+0.0%,198.52,18.7,-2.5%,+74.7%,+31.7%,+43.3%
DVA,Extended,Healthcare providers,Health Care,Health Care Equipment & Servic,Adj,Dec,EPS,CY2026,12.649,12.7,+0.4%,13.893,+9.4%,14.665,+5.6%,198.52,13.5,+15.9%,+74.7%,+31.7%,+43.3%
DVA,Extended,Healthcare providers,Health Care,Health Care Equipment & Servic,Adj,Dec,EPS,CY2027,14.628,14.84,+1.4%,16.16,+8.9%,17.164,+6.2%,198.52,11.6,+17.3%,+74.7%,+31.7%,+43.3%
DVA,Extended,Healthcare providers,Health Care,Health Care Equipment & Servic,Adj,Dec,EPS,CY2028,16.035,15.73,-1.9%,17.997,+14.4%,20.37,+13.2%,198.52,9.7,+27.0%,+74.7%,+31.7%,+43.3%
LH,Extended,Healthcare providers,Health Care,Health Care Equipment & Servic,Adj,Dec,EPS,CY2025,16.108,16.337,+1.4%,16.339,+0.0%,16.339,+0.0%,259.93,15.9,+1.4%,+3.6%,-8.0%,+7.5%
LH,Extended,Healthcare providers,Health Care,Health Care Equipment & Servic,Adj,Dec,EPS,CY2026,17.63,17.537,-0.5%,17.779,+1.4%,18.011,+1.3%,259.93,14.4,+2.2%,+3.6%,-8.0%,+7.5%
LH,Extended,Healthcare providers,Health Care,Health Care Equipment & Servic,Adj,Dec,EPS,CY2027,19.321,19.189,-0.7%,19.256,+0.3%,19.448,+1.0%,259.93,13.4,+0.7%,+3.6%,-8.0%,+7.5%
LH,Extended,Healthcare providers,Health Care,Health Care Equipment & Servic,Adj,Dec,EPS,CY2028,21.165,21.029,-0.6%,21.003,-0.1%,21.061,+0.3%,259.93,12.3,-0.5%,+3.6%,-8.0%,+7.5%
DGX,Extended,Healthcare providers,Health Care,Health Care Equipment & Servic,Adj,Dec,EPS,CY2025,9.704,9.808,+1.1%,9.809,+0.0%,9.809,+0.0%,195.21,19.9,+1.1%,+12.5%,-3.6%,+15.1%
DGX,Extended,Healthcare providers,Health Care,Health Care Equipment & Servic,Adj,Dec,EPS,CY2026,10.518,10.379,-1.3%,10.625,+2.4%,10.766,+1.3%,195.21,18.1,+2.4%,+12.5%,-3.6%,+15.1%
DGX,Extended,Healthcare providers,Health Care,Health Care Equipment & Servic,Adj,Dec,EPS,CY2027,11.382,11.304,-0.7%,11.498,+1.7%,11.651,+1.3%,195.21,16.8,+2.4%,+12.5%,-3.6%,+15.1%
DGX,Extended,Healthcare providers,Health Care,Health Care Equipment & Servic,Adj,Dec,EPS,CY2028,12.588,12.62,+0.3%,12.583,-0.3%,12.761,+1.4%,195.21,15.3,+1.4%,+12.5%,-3.6%,+15.1%
IDXX,Extended,Healthcare providers,Health Care,Health Care Equipment & Servic,Adj,Dec,EPS,CY2025,12.164,12.895,+6.0%,12.901,+0.0%,12.901,+0.0%,559.37,43.4,+6.1%,-17.3%,-12.0%,+10.8%
IDXX,Extended,Healthcare providers,Health Care,Health Care Equipment & Servic,Adj,Dec,EPS,CY2026,13.675,14.426,+5.5%,14.515,+0.6%,14.672,+1.1%,559.37,38.1,+7.3%,-17.3%,-12.0%,+10.8%
IDXX,Extended,Healthcare providers,Health Care,Health Care Equipment & Servic,Adj,Dec,EPS,CY2027,15.354,16.338,+6.4%,16.381,+0.3%,16.517,+0.8%,559.37,33.9,+7.6%,-17.3%,-12.0%,+10.8%
IDXX,Extended,Healthcare providers,Health Care,Health Care Equipment & Servic,Adj,Dec,EPS,CY2028,17.186,18.466,+7.4%,18.57,+0.6%,18.662,+0.5%,559.37,30.0,+8.6%,-17.3%,-12.0%,+10.8%
ENSG,Extended,Healthcare providers,Health Care,Health Care Equipment & Servic,Adj,Dec,EPS,CY2025,6.287,6.498,+3.4%,6.513,+0.2%,6.513,+0.0%,171.94,26.4,+3.6%,-1.3%,-18.4%,+18.9%
ENSG,Extended,Healthcare providers,Health Care,Health Care Equipment & Servic,Adj,Dec,EPS,CY2026,6.929,7.178,+3.6%,7.508,+4.6%,7.545,+0.5%,171.94,22.8,+8.9%,-1.3%,-18.4%,+18.9%
ENSG,Extended,Healthcare providers,Health Care,Health Care Equipment & Servic,Adj,Dec,EPS,CY2027,7.622,7.902,+3.7%,8.148,+3.1%,8.243,+1.2%,171.94,20.9,+8.1%,-1.3%,-18.4%,+18.9%
ENSG,Extended,Healthcare providers,Health Care,Health Care Equipment & Servic,Adj,Dec,EPS,CY2028,,,,8.89,,9.015,+1.4%,171.94,19.1,,-1.3%,-18.4%,+18.9%
MD,Extended,Healthcare providers,Health Care,Health Care Equipment & Servic,Adj,Dec,EPS,CY2025,1.655,2.035,+23.0%,2.05,+0.7%,2.05,+0.0%,21.26,10.4,+23.9%,-0.6%,+13.0%,+52.2%
MD,Extended,Healthcare providers,Health Care,Health Care Equipment & Servic,Adj,Dec,EPS,CY2026,1.709,2.064,+20.8%,2.156,+4.5%,2.26,+4.8%,21.26,9.4,+32.2%,-0.6%,+13.0%,+52.2%
MD,Extended,Healthcare providers,Health Care,Health Care Equipment & Servic,Adj,Dec,EPS,CY2027,1.703,2.153,+26.4%,2.231,+3.6%,2.32,+4.0%,21.26,9.2,+36.2%,-0.6%,+13.0%,+52.2%
MD,Extended,Healthcare providers,Health Care,Health Care Equipment & Servic,Adj,Dec,EPS,CY2028,1.59,2.13,+34.0%,2.215,+4.0%,2.218,+0.1%,21.26,9.6,+39.5%,-0.6%,+13.0%,+52.2%
AMN,Extended,Healthcare providers,Health Care,Health Care Equipment & Servic,Adj,Dec,EPS,CY2025,1.097,1.408,+28.4%,1.372,-2.6%,1.372,+0.0%,27.66,20.2,+25.1%,+75.5%,+43.2%,+27.6%
AMN,Extended,Healthcare providers,Health Care,Health Care Equipment & Servic,Adj,Dec,EPS,CY2026,1.418,0.746,-47.4%,1.817,+143.6%,2.661,+46.5%,27.66,10.4,+87.7%,+75.5%,+43.2%,+27.6%
AMN,Extended,Healthcare providers,Health Care,Health Care Equipment & Servic,Adj,Dec,EPS,CY2027,1.833,1.195,-34.8%,1.071,-10.4%,1.086,+1.4%,27.66,25.5,-40.8%,+75.5%,+43.2%,+27.6%
AMN,Extended,Healthcare providers,Health Care,Health Care Equipment & Servic,Adj,Dec,EPS,CY2028,,1.68,,1.325,-21.1%,1.42,+7.2%,27.66,19.5,,+75.5%,+43.2%,+27.6%
CCRN,Extended,Healthcare providers,Health Care,Health Care Equipment & Servic,Adj,Dec,EPS,CY2025,0.329,0.14,-57.4%,0.091,-35.0%,0.091,+0.0%,13.05,143.4,-72.3%,+61.1%,+51.6%,-3.5%
CCRN,Extended,Healthcare providers,Health Care,Health Care Equipment & Servic,Adj,Dec,EPS,CY2026,0.47,0.162,-65.5%,0.082,-49.4%,0.094,+14.6%,13.05,138.8,-80.0%,+61.1%,+51.6%,-3.5%
CCRN,Extended,Healthcare providers,Health Care,Health Care Equipment & Servic,Adj,Dec,EPS,CY2027,0.6,0.17,-71.7%,0.088,-48.2%,0.247,+180.7%,13.05,52.8,-58.8%,+61.1%,+51.6%,-3.5%
CCRN,Extended,Healthcare providers,Health Care,Health Care Equipment & Servic,Adj,Dec,EPS,CY2028,,,,,,0.204,,13.05,64.0,,+61.1%,+51.6%,-3.5%
EVH,Extended,Healthcare providers,Health Care,Health Care Equipment & Servic,Adj,Dec,EPS,CY2025,0.298,0.082,-72.5%,0.073,-11.0%,0.073,+0.0%,3.95,54.1,-75.5%,-1.2%,+41.6%,-46.3%
EVH,Extended,Healthcare providers,Health Care,Health Care Equipment & Servic,Adj,Dec,EPS,CY2026,0.535,0.353,-34.0%,0.279,-21.0%,0.164,-41.2%,3.95,24.1,-69.3%,-1.2%,+41.6%,-46.3%
EVH,Extended,Healthcare providers,Health Care,Health Care Equipment & Servic,Adj,Dec,EPS,CY2027,0.768,0.543,-29.3%,0.501,-7.7%,0.397,-20.8%,3.95,9.9,-48.3%,-1.2%,+41.6%,-46.3%
EVH,Extended,Healthcare providers,Health Care,Health Care Equipment & Servic,Adj,Dec,EPS,CY2028,0.91,0.747,-17.9%,0.747,+0.0%,0.487,-34.8%,3.95,8.1,-46.5%,-1.2%,+41.6%,-46.3%
HUM,Extended,Managed Care,Health Care,Health Care Equipment & Servic,Adj,Dec,EPS,CY2025,16.369,17.06,+4.2%,17.064,+0.0%,17.064,+0.0%,307.95,18.0,+4.2%,+20.2%,+62.2%,+35.6%
HUM,Extended,Managed Care,Health Care,Health Care Equipment & Servic,Adj,Dec,EPS,CY2026,14.362,12.39,-13.7%,9.349,-24.5%,9.023,-3.5%,307.95,34.1,-37.2%,+20.2%,+62.2%,+35.6%
HUM,Extended,Managed Care,Health Care,Health Care Equipment & Servic,Adj,Dec,EPS,CY2027,21.734,19.229,-11.5%,16.202,-15.7%,15.414,-4.9%,307.95,20.0,-29.1%,+20.2%,+62.2%,+35.6%
HUM,Extended,Managed Care,Health Care,Health Care Equipment & Servic,Adj,Dec,EPS,CY2028,30.828,33.574,+8.9%,26.777,-20.2%,25.359,-5.3%,307.95,12.1,-17.7%,+20.2%,+62.2%,+35.6%
ALHC,Extended,Managed Care,Health Care,Health Care Equipment & Servic,Adj,Dec,EPS,CY2025,-0.226,-0.076,+66.4%,-0.103,-35.5%,-0.103,+0.0%,16.35,-158.7,+54.4%,-17.2%,-20.6%,+12.8%
ALHC,Extended,Managed Care,Health Care,Health Care Equipment & Servic,Adj,Dec,EPS,CY2026,0.017,0.178,+947.1%,0.159,-10.7%,0.291,+83.0%,16.35,56.2,+1611.8%,-17.2%,-20.6%,+12.8%
ALHC,Extended,Managed Care,Health Care,Health Care Equipment & Servic,Adj,Dec,EPS,CY2027,0.298,0.491,+64.8%,0.466,-5.1%,0.522,+12.0%,16.35,31.3,+75.2%,-17.2%,-20.6%,+12.8%
ALHC,Extended,Managed Care,Health Care,Health Care Equipment & Servic,Adj,Dec,EPS,CY2028,1.085,1.015,-6.5%,0.723,-28.8%,0.769,+6.4%,16.35,21.3,-29.1%,-17.2%,-20.6%,+12.8%
CNC,Extended,Managed Care,Health Care,Health Care Equipment & Servic,Adj,Dec,EPS,CY2025,7.301,2.034,-72.1%,2.036,+0.1%,2.036,+0.0%,59.14,29.0,-72.1%,+43.7%,+36.8%,+1.8%
CNC,Extended,Managed Care,Health Care,Health Care Equipment & Servic,Adj,Dec,EPS,CY2026,7.977,2.886,-63.8%,2.993,+3.7%,3.482,+16.3%,59.14,17.0,-56.3%,+43.7%,+36.8%,+1.8%
CNC,Extended,Managed Care,Health Care,Health Care Equipment & Servic,Adj,Dec,EPS,CY2027,9.113,4.084,-55.2%,4.041,-1.1%,4.502,+11.4%,59.14,13.1,-50.6%,+43.7%,+36.8%,+1.8%
CNC,Extended,Managed Care,Health Care,Health Care Equipment & Servic,Adj,Dec,EPS,CY2028,11.112,5.62,-49.4%,6.005,+6.9%,6.168,+2.7%,59.14,9.6,-44.5%,+43.7%,+36.8%,+1.8%
MOH,Extended,Managed Care,Health Care,Health Care Equipment & Servic,Adj,Dec,EPS,CY2025,24.473,13.9,-43.2%,13.93,+0.2%,13.93,+0.0%,184.14,13.2,-43.1%,+6.1%,+21.9%,-40.6%
MOH,Extended,Managed Care,Health Care,Health Care Equipment & Servic,Adj,Dec,EPS,CY2026,28.321,13.936,-50.8%,5.714,-59.0%,5.201,-9.0%,184.14,35.4,-81.6%,+6.1%,+21.9%,-40.6%
MOH,Extended,Managed Care,Health Care,Health Care Equipment & Servic,Adj,Dec,EPS,CY2027,32.484,16.271,-49.9%,8.292,-49.0%,9.178,+10.7%,184.14,20.1,-71.7%,+6.1%,+21.9%,-40.6%
MOH,Extended,Managed Care,Health Care,Health Care Equipment & Servic,Adj,Dec,EPS,CY2028,37.755,22.39,-40.7%,13.506,-39.7%,12.694,-6.0%,184.14,14.5,-66.4%,+6.1%,+21.9%,-40.6%
IQV,Extended,Clinical Labs,Health Care,"Pharmaceuticals, Biotechnology",Adj,Dec,EPS,CY2025,11.84,11.888,+0.4%,11.895,+0.1%,11.895,+0.0%,167.9,14.1,+0.5%,-25.5%,+1.4%,+21.6%
IQV,Extended,Clinical Labs,Health Care,"Pharmaceuticals, Biotechnology",Adj,Dec,EPS,CY2026,13.062,12.938,-0.9%,12.719,-1.7%,12.806,+0.7%,167.9,13.1,-2.0%,-25.5%,+1.4%,+21.6%
IQV,Extended,Clinical Labs,Health Care,"Pharmaceuticals, Biotechnology",Adj,Dec,EPS,CY2027,14.585,14.39,-1.3%,14.036,-2.5%,14.18,+1.0%,167.9,11.8,-2.8%,-25.5%,+1.4%,+21.6%
IQV,Extended,Clinical Labs,Health Care,"Pharmaceuticals, Biotechnology",Adj,Dec,EPS,CY2028,16.823,16.187,-3.8%,15.651,-3.3%,15.834,+1.2%,167.9,10.6,-5.9%,-25.5%,+1.4%,+21.6%
ICLR,Extended,Clinical Labs,Health Care,"Pharmaceuticals, Biotechnology",Adj,Dec,EPS,CY2025,13.283,13.079,-1.5%,13.033,-0.4%,12.916,-0.9%,116.78,9.0,-2.8%,-35.9%,+17.1%,-8.0%
ICLR,Extended,Clinical Labs,Health Care,"Pharmaceuticals, Biotechnology",Adj,Dec,EPS,CY2026,14.349,13.49,-6.0%,12.575,-6.8%,11.379,-9.5%,116.78,10.3,-20.7%,-35.9%,+17.1%,-8.0%
ICLR,Extended,Clinical Labs,Health Care,"Pharmaceuticals, Biotechnology",Adj,Dec,EPS,CY2027,15.829,14.906,-5.8%,13.864,-7.0%,12.263,-11.5%,116.78,9.5,-22.5%,-35.9%,+17.1%,-8.0%
ICLR,Extended,Clinical Labs,Health Care,"Pharmaceuticals, Biotechnology",Adj,Dec,EPS,CY2028,17.13,16.835,-1.7%,15.599,-7.3%,13.528,-13.3%,116.78,8.6,-21.0%,-35.9%,+17.1%,-8.0%
MEDP,Extended,Clinical Labs,Health Care,"Pharmaceuticals, Biotechnology",Adj,Dec,EPS,CY2025,12.644,14.788,+17.0%,14.79,+0.0%,14.79,+0.0%,432.8,29.3,+17.0%,-22.9%,-4.6%,+47.7%
MEDP,Extended,Clinical Labs,Health Care,"Pharmaceuticals, Biotechnology",Adj,Dec,EPS,CY2026,13.241,16.5,+24.6%,17.034,+3.2%,17.018,-0.1%,432.8,25.4,+28.5%,-22.9%,-4.6%,+47.7%
MEDP,Extended,Clinical Labs,Health Care,"Pharmaceuticals, Biotechnology",Adj,Dec,EPS,CY2027,14.524,18.361,+26.4%,19.018,+3.6%,18.482,-2.8%,432.8,23.4,+27.3%,-22.9%,-4.6%,+47.7%
MEDP,Extended,Clinical Labs,Health Care,"Pharmaceuticals, Biotechnology",Adj,Dec,EPS,CY2028,16.688,19.62,+17.6%,21.33,+8.7%,21.13,-0.9%,432.8,20.5,+26.6%,-22.9%,-4.6%,+47.7%
CRL,Extended,Clinical Labs,Health Care,"Pharmaceuticals, Biotechnology",Adj,Dec,EPS,CY2025,9.623,10.236,+6.4%,10.245,+0.1%,10.245,+0.0%,160.3,15.6,+6.5%,-19.6%,-5.1%,+18.2%
CRL,Extended,Clinical Labs,Health Care,"Pharmaceuticals, Biotechnology",Adj,Dec,EPS,CY2026,9.962,10.943,+9.8%,10.984,+0.4%,11.1,+1.1%,160.3,14.4,+11.4%,-19.6%,-5.1%,+18.2%
CRL,Extended,Clinical Labs,Health Care,"Pharmaceuticals, Biotechnology",Adj,Dec,EPS,CY2027,10.681,11.544,+8.1%,11.753,+1.8%,12.318,+4.8%,160.3,13.0,+15.3%,-19.6%,-5.1%,+18.2%
CRL,Extended,Clinical Labs,Health Care,"Pharmaceuticals, Biotechnology",Adj,Dec,EPS,CY2028,10.773,12.475,+15.8%,12.679,+1.6%,13.471,+6.2%,160.3,11.9,+25.0%,-19.6%,-5.1%,+18.2%
EHTH,Extended,Clinical Labs,Financials,Insurance,Adj,Dec,EPS,CY2025,0.535,0.657,+22.8%,1.173,+78.5%,1.173,+0.0%,1.58,1.3,+119.3%,-65.7%,+6.8%,-64.7%
EHTH,Extended,Clinical Labs,Financials,Insurance,Adj,Dec,EPS,CY2026,1.065,0.865,-18.8%,1.074,+24.2%,0.29,-73.0%,1.58,5.4,-72.8%,-65.7%,+6.8%,-64.7%
EHTH,Extended,Clinical Labs,Financials,Insurance,Adj,Dec,EPS,CY2027,0.63,1.495,+137.3%,1.627,+8.8%,0.607,-62.7%,1.58,2.6,-3.7%,-65.7%,+6.8%,-64.7%
EHTH,Extended,Clinical Labs,Financials,Insurance,Adj,Dec,EPS,CY2028,,2.04,,2.04,+0.0%,-0.062,-103.0%,1.58,-25.5,,-65.7%,+6.8%,-64.7%
TMUS,Extended,Cable / Telco,Communication Services,Telecommunication Services,GAAP,Dec,EPS,CY2025,10.739,10.047,-6.4%,9.923,-1.2%,9.923,+0.0%,191.47,19.3,-7.6%,-5.7%,-11.1%,-20.5%
TMUS,Extended,Cable / Telco,Communication Services,Telecommunication Services,GAAP,Dec,EPS,CY2026,12.732,11.798,-7.3%,10.779,-8.6%,10.498,-2.6%,191.47,18.2,-17.5%,-5.7%,-11.1%,-20.5%
TMUS,Extended,Cable / Telco,Communication Services,Telecommunication Services,GAAP,Dec,EPS,CY2027,14.887,14.783,-0.7%,13.749,-7.0%,13.497,-1.8%,191.47,14.2,-9.3%,-5.7%,-11.1%,-20.5%
TMUS,Extended,Cable / Telco,Communication Services,Telecommunication Services,GAAP,Dec,EPS,CY2028,17.24,17.323,+0.5%,16.447,-5.1%,16.208,-1.5%,191.47,11.8,-6.0%,-5.7%,-11.1%,-20.5%
VZ,Extended,Cable / Telco,Communication Services,Telecommunication Services,GAAP,Dec,EPS,CY2025,4.614,4.586,-0.6%,4.462,-2.7%,4.462,+0.0%,48.35,10.8,-3.3%,+18.7%,-1.8%,+12.1%
VZ,Extended,Cable / Telco,Communication Services,Telecommunication Services,GAAP,Dec,EPS,CY2026,4.766,4.809,+0.9%,4.797,-0.2%,4.827,+0.6%,48.35,10.0,+1.3%,+18.7%,-1.8%,+12.1%
VZ,Extended,Cable / Telco,Communication Services,Telecommunication Services,GAAP,Dec,EPS,CY2027,4.965,4.984,+0.4%,5.148,+3.3%,5.183,+0.7%,48.35,9.3,+4.4%,+18.7%,-1.8%,+12.1%
VZ,Extended,Cable / Telco,Communication Services,Telecommunication Services,GAAP,Dec,EPS,CY2028,5.134,5.157,+0.4%,5.597,+8.5%,5.624,+0.5%,48.35,8.6,+9.5%,+18.7%,-1.8%,+12.1%
T,Extended,Cable / Telco,Communication Services,Telecommunication Services,Adj,Dec,EPS,CY2025,2.094,2.067,-1.3%,2.054,-0.6%,2.054,+0.0%,25.26,12.3,-1.9%,+1.7%,-9.7%,-7.2%
T,Extended,Cable / Telco,Communication Services,Telecommunication Services,Adj,Dec,EPS,CY2026,2.236,2.232,-0.2%,2.287,+2.5%,2.311,+1.0%,25.26,10.9,+3.4%,+1.7%,-9.7%,-7.2%
T,Extended,Cable / Telco,Communication Services,Telecommunication Services,Adj,Dec,EPS,CY2027,2.502,2.464,-1.5%,2.533,+2.8%,2.543,+0.4%,25.26,9.9,+1.6%,+1.7%,-9.7%,-7.2%
T,Extended,Cable / Telco,Communication Services,Telecommunication Services,Adj,Dec,EPS,CY2028,2.702,2.672,-1.1%,2.835,+6.1%,2.857,+0.8%,25.26,8.8,+5.7%,+1.7%,-9.7%,-7.2%
CABO,Extended,Cable / Telco,Communication Services,Media & Entertainment,Adj,Dec,EPS,CY2025,22.222,-52.806,-337.6%,-48.957,+7.3%,-23.302,+52.4%,52.28,-2.2,-204.9%,-53.7%,-50.4%,-64.6%
CABO,Extended,Cable / Telco,Communication Services,Media & Entertainment,Adj,Dec,EPS,CY2026,30.276,21.902,-27.7%,22.433,+2.4%,21.976,-2.0%,52.28,2.4,-27.4%,-53.7%,-50.4%,-64.6%
CABO,Extended,Cable / Telco,Communication Services,Media & Entertainment,Adj,Dec,EPS,CY2027,34.118,28.766,-15.7%,26.505,-7.9%,24.484,-7.6%,52.28,2.1,-28.2%,-53.7%,-50.4%,-64.6%
CABO,Extended,Cable / Telco,Communication Services,Media & Entertainment,Adj,Dec,EPS,CY2028,36.504,30.018,-17.8%,29.386,-2.1%,25.186,-14.3%,52.28,2.1,-31.0%,-53.7%,-50.4%,-64.6%
LBRDK,Extended,Cable / Telco,Communication Services,Media & Entertainment,Adj,Dec,EPS,CY2025,5.685,6.465,+13.7%,6.235,-3.6%,6.235,+0.0%,33.95,5.4,+9.7%,-30.1%,-36.6%,-62.6%
LBRDK,Extended,Cable / Telco,Communication Services,Media & Entertainment,Adj,Dec,EPS,CY2026,6.687,6.925,+3.6%,7.2,+4.0%,6.685,-7.2%,33.95,5.1,-0.0%,-30.1%,-36.6%,-62.6%
LBRDK,Extended,Cable / Telco,Communication Services,Media & Entertainment,Adj,Dec,EPS,CY2027,7.223,7.91,+9.5%,8.48,+7.2%,6.385,-24.7%,33.95,5.3,-11.6%,-30.1%,-36.6%,-62.6%
LBRDK,Extended,Cable / Telco,Communication Services,Media & Entertainment,Adj,Dec,EPS,CY2028,,5.97,,6.92,+15.9%,7.885,+13.9%,33.95,4.3,,-30.1%,-36.6%,-62.6%
VOD,Extended,Cable / Telco,Communication Services,Telecommunication Services,Adj,Mar,EPS,CY2025,0.93,0.903,-2.9%,0.924,+2.3%,0.994,+7.6%,14.94,15.0,+6.9%,+13.1%,-4.5%,+41.7%
VOD,Extended,Cable / Telco,Communication Services,Telecommunication Services,Adj,Mar,EPS,CY2026,1.009,0.991,-1.8%,1.044,+5.3%,0.996,-4.6%,14.94,15.0,-1.3%,+13.1%,-4.5%,+41.7%
VOD,Extended,Cable / Telco,Communication Services,Telecommunication Services,Adj,Mar,EPS,CY2027,1.084,1.119,+3.2%,1.217,+8.8%,1.155,-5.1%,14.94,12.9,+6.5%,+13.1%,-4.5%,+41.7%
VOD,Extended,Cable / Telco,Communication Services,Telecommunication Services,Adj,Mar,EPS,CY2028,1.233,1.3,+5.4%,1.414,+8.8%,1.333,-5.7%,14.94,11.2,+8.1%,+13.1%,-4.5%,+41.7%
DTE,Extended,Cable / Telco,Communication Services,Telecommunication Services,Adj,Dec,EPS,CY2025,2.022,2.025,+0.1%,2.029,+0.2%,2.029,+0.0%,29.31,14.4,+0.3%,+6.0%,-10.4%,-14.5%
DTE,Extended,Cable / Telco,Communication Services,Telecommunication Services,Adj,Dec,EPS,CY2026,2.294,2.242,-2.3%,2.203,-1.7%,2.234,+1.4%,29.31,13.1,-2.6%,+6.0%,-10.4%,-14.5%
DTE,Extended,Cable / Telco,Communication Services,Telecommunication Services,Adj,Dec,EPS,CY2027,2.551,2.511,-1.6%,2.444,-2.7%,2.502,+2.4%,29.31,11.7,-1.9%,+6.0%,-10.4%,-14.5%
DTE,Extended,Cable / Telco,Communication Services,Telecommunication Services,Adj,Dec,EPS,CY2028,2.789,2.766,-0.8%,2.678,-3.2%,2.719,+1.5%,29.31,10.8,-2.5%,+6.0%,-10.4%,-14.5%
TEF,Extended,Cable / Telco,Communication Services,Telecommunication Services,Adj,Dec,EPS,CY2025,0.3,0.328,+9.3%,0.29,-11.6%,0.29,+0.0%,4.069,14.0,-3.3%,+16.5%,+13.7%,-11.7%
TEF,Extended,Cable / Telco,Communication Services,Telecommunication Services,Adj,Dec,EPS,CY2026,0.324,0.371,+14.5%,0.36,-3.0%,0.349,-3.1%,4.069,11.7,+7.7%,+16.5%,+13.7%,-11.7%
TEF,Extended,Cable / Telco,Communication Services,Telecommunication Services,Adj,Dec,EPS,CY2027,0.37,0.398,+7.6%,0.385,-3.3%,0.392,+1.8%,4.069,10.4,+5.9%,+16.5%,+13.7%,-11.7%
TEF,Extended,Cable / Telco,Communication Services,Telecommunication Services,Adj,Dec,EPS,CY2028,1.18,0.44,-62.7%,0.443,+0.7%,0.419,-5.4%,4.069,9.7,-64.5%,+16.5%,+13.7%,-11.7%
GOOGL,Extended,Internet,Communication Services,Media & Entertainment,GAAP,Dec,EPS,CY2025,9.555,10.577,+10.7%,10.598,+0.2%,10.598,+0.0%,382.97,36.1,+10.9%,+22.4%,+21.6%,+124.1%
GOOGL,Extended,Internet,Communication Services,Media & Entertainment,GAAP,Dec,EPS,CY2026,10.186,11.08,+8.8%,11.598,+4.7%,14.19,+22.3%,382.97,27.0,+39.3%,+22.4%,+21.6%,+124.1%
GOOGL,Extended,Internet,Communication Services,Media & Entertainment,GAAP,Dec,EPS,CY2027,11.581,13.098,+13.1%,13.43,+2.5%,14.693,+9.4%,382.97,26.1,+26.9%,+22.4%,+21.6%,+124.1%
GOOGL,Extended,Internet,Communication Services,Media & Entertainment,GAAP,Dec,EPS,CY2028,13.269,14.17,+6.8%,15.547,+9.7%,17.361,+11.7%,382.97,22.1,+30.8%,+22.4%,+21.6%,+124.1%
PINS,Extended,Internet,Communication Services,Media & Entertainment,Adj,Dec,EPS,CY2025,1.811,1.701,-6.1%,1.659,-2.5%,1.659,+0.0%,19.29,11.6,-8.4%,-25.5%,+8.6%,-39.2%
PINS,Extended,Internet,Communication Services,Media & Entertainment,Adj,Dec,EPS,CY2026,2.137,1.993,-6.7%,1.783,-10.5%,1.932,+8.4%,19.29,10.0,-9.6%,-25.5%,+8.6%,-39.2%
PINS,Extended,Internet,Communication Services,Media & Entertainment,Adj,Dec,EPS,CY2027,2.543,2.292,-9.9%,2.015,-12.1%,2.243,+11.3%,19.29,8.6,-11.8%,-25.5%,+8.6%,-39.2%
PINS,Extended,Internet,Communication Services,Media & Entertainment,Adj,Dec,EPS,CY2028,3.008,2.677,-11.0%,2.334,-12.8%,2.487,+6.6%,19.29,7.8,-17.3%,-25.5%,+8.6%,-39.2%
SNAP,Extended,Internet,Communication Services,Media & Entertainment,Adj,Dec,EPS,CY2025,0.273,0.329,+20.5%,0.329,+0.0%,0.329,+0.0%,5.72,17.4,+20.5%,-29.1%,+11.3%,-32.1%
SNAP,Extended,Internet,Communication Services,Media & Entertainment,Adj,Dec,EPS,CY2026,0.355,0.472,+33.0%,0.459,-2.8%,0.578,+25.9%,5.72,9.9,+62.8%,-29.1%,+11.3%,-32.1%
SNAP,Extended,Internet,Communication Services,Media & Entertainment,Adj,Dec,EPS,CY2027,0.509,0.564,+10.8%,0.592,+5.0%,0.705,+19.1%,5.72,8.1,+38.5%,-29.1%,+11.3%,-32.1%
SNAP,Extended,Internet,Communication Services,Media & Entertainment,Adj,Dec,EPS,CY2028,0.723,0.635,-12.2%,0.656,+3.3%,0.771,+17.5%,5.72,7.4,+6.6%,-29.1%,+11.3%,-32.1%
RDDT,Extended,Internet,Communication Services,Media & Entertainment,Adj,Dec,EPS,CY2025,3.155,4.368,+38.4%,4.384,+0.4%,4.384,+0.0%,141.67,32.3,+39.0%,-38.4%,-5.7%,+44.1%
RDDT,Extended,Internet,Communication Services,Media & Entertainment,Adj,Dec,EPS,CY2026,3.903,5.291,+35.6%,5.505,+4.0%,5.736,+4.2%,141.67,24.7,+47.0%,-38.4%,-5.7%,+44.1%
RDDT,Extended,Internet,Communication Services,Media & Entertainment,Adj,Dec,EPS,CY2027,4.924,6.983,+41.8%,7.475,+7.0%,7.446,-0.4%,141.67,19.0,+51.2%,-38.4%,-5.7%,+44.1%
RDDT,Extended,Internet,Communication Services,Media & Entertainment,Adj,Dec,EPS,CY2028,5.828,9.062,+55.5%,9.817,+8.3%,10.902,+11.1%,141.67,13.0,+87.1%,-38.4%,-5.7%,+44.1%
ABNB,Extended,Internet,Consumer Discretionary,Consumer Services,Adj,Dec,EPS,CY2025,4.242,4.128,-2.7%,4.122,-0.1%,4.122,+0.0%,132.35,32.1,-2.8%,-2.5%,+3.5%,+3.7%
ABNB,Extended,Internet,Consumer Discretionary,Consumer Services,Adj,Dec,EPS,CY2026,4.847,4.807,-0.8%,5.047,+5.0%,5.106,+1.2%,132.35,25.9,+5.3%,-2.5%,+3.5%,+3.7%
ABNB,Extended,Internet,Consumer Discretionary,Consumer Services,Adj,Dec,EPS,CY2027,5.616,5.628,+0.2%,5.812,+3.3%,6.061,+4.3%,132.35,21.8,+7.9%,-2.5%,+3.5%,+3.7%
ABNB,Extended,Internet,Consumer Discretionary,Consumer Services,Adj,Dec,EPS,CY2028,6.629,6.56,-1.0%,6.746,+2.8%,7.117,+5.5%,132.35,18.6,+7.4%,-2.5%,+3.5%,+3.7%
EBAY,Extended,Internet,Consumer Discretionary,Consumer Discretionary Distrib,Adj,Dec,EPS,CY2025,5.344,5.469,+2.3%,5.47,+0.0%,5.47,+0.0%,115.75,21.2,+2.4%,+32.9%,+31.4%,+60.4%
EBAY,Extended,Internet,Consumer Discretionary,Consumer Discretionary Distrib,Adj,Dec,EPS,CY2026,5.723,5.795,+1.3%,5.919,+2.1%,6.104,+3.1%,115.75,19.0,+6.7%,+32.9%,+31.4%,+60.4%
EBAY,Extended,Internet,Consumer Discretionary,Consumer Discretionary Distrib,Adj,Dec,EPS,CY2027,6.243,6.391,+2.4%,6.559,+2.6%,6.706,+2.2%,115.75,17.3,+7.4%,+32.9%,+31.4%,+60.4%
EBAY,Extended,Internet,Consumer Discretionary,Consumer Discretionary Distrib,Adj,Dec,EPS,CY2028,6.663,6.899,+3.5%,7.209,+4.5%,7.353,+2.0%,115.75,15.7,+10.4%,+32.9%,+31.4%,+60.4%
TTD,Extended,Internet,Communication Services,Media & Entertainment,Adj,Dec,EPS,CY2025,1.684,1.776,+5.5%,1.771,-0.3%,1.765,-0.3%,22.38,12.7,+4.8%,-41.0%,-10.8%,-69.9%
TTD,Extended,Internet,Communication Services,Media & Entertainment,Adj,Dec,EPS,CY2026,2.074,2.08,+0.3%,2.064,-0.8%,1.771,-14.2%,22.38,12.6,-14.6%,-41.0%,-10.8%,-69.9%
TTD,Extended,Internet,Communication Services,Media & Entertainment,Adj,Dec,EPS,CY2027,2.429,2.351,-3.2%,2.384,+1.4%,1.949,-18.2%,22.38,11.5,-19.8%,-41.0%,-10.8%,-69.9%
TTD,Extended,Internet,Communication Services,Media & Entertainment,Adj,Dec,EPS,CY2028,3.028,2.766,-8.7%,2.789,+0.8%,2.11,-24.3%,22.38,10.6,-30.3%,-41.0%,-10.8%,-69.9%
ROKU,Extended,Internet,Communication Services,Media & Entertainment,Adj,Dec,EPS,CY2025,-0.188,0.316,+268.1%,0.33,+4.4%,0.33,+0.0%,125.55,380.5,+275.5%,+15.7%,+41.0%,+79.9%
ROKU,Extended,Internet,Communication Services,Media & Entertainment,Adj,Dec,EPS,CY2026,0.593,1.161,+95.8%,2.021,+74.1%,2.449,+21.2%,125.55,51.3,+313.0%,+15.7%,+41.0%,+79.9%
ROKU,Extended,Internet,Communication Services,Media & Entertainment,Adj,Dec,EPS,CY2027,1.677,2.217,+32.2%,3.207,+44.7%,3.529,+10.0%,125.55,35.6,+110.4%,+15.7%,+41.0%,+79.9%
ROKU,Extended,Internet,Communication Services,Media & Entertainment,Adj,Dec,EPS,CY2028,2.69,3.304,+22.8%,4.303,+30.2%,5.195,+20.7%,125.55,24.2,+93.1%,+15.7%,+41.0%,+79.9%
ETSY,Extended,Internet,Consumer Discretionary,Consumer Discretionary Distrib,Adj,Dec,EPS,CY2025,4.585,3.952,-13.8%,4.003,+1.3%,4.003,+0.0%,62.38,15.6,-12.7%,+12.5%,+19.5%,+30.1%
ETSY,Extended,Internet,Consumer Discretionary,Consumer Discretionary Distrib,Adj,Dec,EPS,CY2026,5.194,4.549,-12.4%,5.708,+25.5%,5.488,-3.9%,62.38,11.4,+5.7%,+12.5%,+19.5%,+30.1%
ETSY,Extended,Internet,Consumer Discretionary,Consumer Discretionary Distrib,Adj,Dec,EPS,CY2027,5.215,5.646,+8.3%,6.187,+9.6%,7.092,+14.6%,62.38,8.8,+36.0%,+12.5%,+19.5%,+30.1%
ETSY,Extended,Internet,Consumer Discretionary,Consumer Discretionary Distrib,Adj,Dec,EPS,CY2028,6.217,6.35,+2.1%,7.295,+14.9%,7.822,+7.2%,62.38,8.0,+25.8%,+12.5%,+19.5%,+30.1%
MTCH,Extended,Internet,Communication Services,Media & Entertainment,Adj,Dec,EPS,CY2025,2.224,2.252,+1.3%,2.233,-0.8%,2.233,+0.0%,35.8,16.0,+0.4%,+10.9%,+12.5%,+21.6%
MTCH,Extended,Internet,Communication Services,Media & Entertainment,Adj,Dec,EPS,CY2026,2.626,2.787,+6.1%,2.771,-0.6%,2.826,+2.0%,35.8,12.7,+7.6%,+10.9%,+12.5%,+21.6%
MTCH,Extended,Internet,Communication Services,Media & Entertainment,Adj,Dec,EPS,CY2027,3.162,3.311,+4.7%,3.199,-3.4%,3.218,+0.6%,35.8,11.1,+1.8%,+10.9%,+12.5%,+21.6%
MTCH,Extended,Internet,Communication Services,Media & Entertainment,Adj,Dec,EPS,CY2028,3.68,4.036,+9.7%,3.793,-6.0%,3.732,-1.6%,35.8,9.6,+1.4%,+10.9%,+12.5%,+21.6%
U,Extended,Internet,Information Technology,Software & Services,Adj,Dec,EPS,CY2025,0.828,0.821,-0.8%,0.847,+3.2%,0.847,+0.0%,25.57,30.2,+2.3%,-42.1%,+40.1%,+17.0%
U,Extended,Internet,Information Technology,Software & Services,Adj,Dec,EPS,CY2026,0.781,0.917,+17.4%,0.939,+2.4%,1.032,+9.9%,25.57,24.8,+32.1%,-42.1%,+40.1%,+17.0%
U,Extended,Internet,Information Technology,Software & Services,Adj,Dec,EPS,CY2027,0.948,1.077,+13.6%,1.165,+8.2%,1.314,+12.8%,25.57,19.5,+38.6%,-42.1%,+40.1%,+17.0%
U,Extended,Internet,Information Technology,Software & Services,Adj,Dec,EPS,CY2028,0.53,1.36,+156.6%,1.435,+5.5%,1.639,+14.2%,25.57,15.6,+209.2%,-42.1%,+40.1%,+17.0%
ZG,Extended,Internet,Real Estate,Real Estate Management & Devel,Adj,Dec,EPS,CY2025,1.626,1.66,+2.1%,1.662,+0.1%,1.662,+0.0%,36.88,22.2,+2.2%,-45.9%,-18.8%,-42.6%
ZG,Extended,Internet,Real Estate,Real Estate Management & Devel,Adj,Dec,EPS,CY2026,2.226,2.101,-5.6%,2.12,+0.9%,2.281,+7.6%,36.88,16.2,+2.5%,-45.9%,-18.8%,-42.6%
ZG,Extended,Internet,Real Estate,Real Estate Management & Devel,Adj,Dec,EPS,CY2027,2.778,2.749,-1.0%,2.787,+1.4%,2.88,+3.3%,36.88,12.8,+3.7%,-45.9%,-18.8%,-42.6%
ZG,Extended,Internet,Real Estate,Real Estate Management & Devel,Adj,Dec,EPS,CY2028,3.793,3.885,+2.4%,3.681,-5.3%,3.701,+0.5%,36.88,10.0,-2.4%,-45.9%,-18.8%,-42.6%
RMV,Extended,Internet,Communication Services,Media & Entertainment,Adj,Dec,EPS,CY2025,0.29,0.288,-0.7%,0.291,+1.0%,0.29,-0.3%,440.6,15.2,+0.0%,-15.2%,+1.8%,-42.0%
RMV,Extended,Internet,Communication Services,Media & Entertainment,Adj,Dec,EPS,CY2026,0.325,0.311,-4.3%,0.309,-0.6%,0.305,-1.3%,440.6,14.4,-6.2%,-15.2%,+1.8%,-42.0%
RMV,Extended,Internet,Communication Services,Media & Entertainment,Adj,Dec,EPS,CY2027,0.371,0.345,-7.0%,0.34,-1.4%,0.339,-0.3%,440.6,13.0,-8.6%,-15.2%,+1.8%,-42.0%
RMV,Extended,Internet,Communication Services,Media & Entertainment,Adj,Dec,EPS,CY2028,0.411,0.377,-8.3%,0.375,-0.5%,0.38,+1.3%,440.6,11.6,-7.5%,-15.2%,+1.8%,-42.0%
YELP,Extended,Internet,Communication Services,Media & Entertainment,Adj,Dec,EPS,CY2025,3.005,3.702,+23.2%,4.01,+8.3%,4.01,+0.0%,22.39,5.6,+33.4%,-26.3%,+5.4%,-41.2%
YELP,Extended,Internet,Communication Services,Media & Entertainment,Adj,Dec,EPS,CY2026,3.364,3.641,+8.2%,3.406,-6.5%,3.626,+6.5%,22.39,6.2,+7.8%,-26.3%,+5.4%,-41.2%
YELP,Extended,Internet,Communication Services,Media & Entertainment,Adj,Dec,EPS,CY2027,3.926,4.16,+6.0%,3.877,-6.8%,3.985,+2.8%,22.39,5.6,+1.5%,-26.3%,+5.4%,-41.2%
YELP,Extended,Internet,Communication Services,Media & Entertainment,Adj,Dec,EPS,CY2028,,4.86,,4.453,-8.4%,5.217,+17.2%,22.39,4.3,,-26.3%,+5.4%,-41.2%
ANGI,Extended,Internet,Communication Services,Media & Entertainment,Adj,Dec,EPS,CY2025,0.911,1.107,+21.5%,1.063,-4.0%,1.063,+0.0%,5.52,5.2,+16.7%,-57.3%,-34.4%,-65.5%
ANGI,Extended,Internet,Communication Services,Media & Entertainment,Adj,Dec,EPS,CY2026,1.192,1.453,+21.9%,0.99,-31.9%,0.254,-74.3%,5.52,21.7,-78.7%,-57.3%,-34.4%,-65.5%
ANGI,Extended,Internet,Communication Services,Media & Entertainment,Adj,Dec,EPS,CY2027,1.645,1.622,-1.4%,1.398,-13.8%,0.788,-43.6%,5.52,7.0,-52.1%,-57.3%,-34.4%,-65.5%
ANGI,Extended,Internet,Communication Services,Media & Entertainment,Adj,Dec,EPS,CY2028,1.39,1.35,-2.9%,1.55,+14.8%,1.257,-18.9%,5.52,4.4,-9.6%,-57.3%,-34.4%,-65.5%
TREE,Extended,Internet,Financials,Financial Services,Adj,Dec,EPS,CY2025,3.869,4.816,+24.5%,4.816,+0.0%,4.816,+0.0%,36.42,7.6,+24.5%,-31.4%,-6.5%,+2.9%
TREE,Extended,Internet,Financials,Financial Services,Adj,Dec,EPS,CY2026,4.437,4.983,+12.3%,4.983,+0.0%,5.852,+17.4%,36.42,6.2,+31.9%,-31.4%,-6.5%,+2.9%
TREE,Extended,Internet,Financials,Financial Services,Adj,Dec,EPS,CY2027,5.025,5.305,+5.6%,5.305,+0.0%,6.69,+26.1%,36.42,5.4,+33.1%,-31.4%,-6.5%,+2.9%
TREE,Extended,Internet,Financials,Financial Services,Adj,Dec,EPS,CY2028,5.735,4.81,-16.1%,4.81,+0.0%,7.303,+51.8%,36.42,5.0,+27.3%,-31.4%,-6.5%,+2.9%
XYZ,Extended,Internet,Financials,Financial Services,Adj,Dec,EPS,CY2025,2.779,2.423,-12.8%,2.412,-0.5%,2.412,+0.0%,68.08,28.2,-13.2%,+4.6%,+27.9%,+16.7%
XYZ,Extended,Internet,Financials,Financial Services,Adj,Dec,EPS,CY2026,3.725,3.332,-10.6%,3.215,-3.5%,3.893,+21.1%,68.08,17.5,+4.5%,+4.6%,+27.9%,+16.7%
XYZ,Extended,Internet,Financials,Financial Services,Adj,Dec,EPS,CY2027,4.729,4.445,-6.0%,4.316,-2.9%,5.058,+17.2%,68.08,13.5,+7.0%,+4.6%,+27.9%,+16.7%
XYZ,Extended,Internet,Financials,Financial Services,Adj,Dec,EPS,CY2028,5.172,5.028,-2.8%,5.338,+6.2%,6.261,+17.3%,68.08,10.9,+21.1%,+4.6%,+27.9%,+16.7%
CRTO,Extended,Internet,Communication Services,Media & Entertainment,Adj,Dec,EPS,CY2025,4.421,4.688,+6.0%,4.695,+0.1%,4.695,+0.0%,17.29,3.7,+6.2%,-16.1%,-1.3%,-34.7%
CRTO,Extended,Internet,Communication Services,Media & Entertainment,Adj,Dec,EPS,CY2026,4.466,4.565,+2.2%,4.288,-6.1%,4.161,-3.0%,17.29,4.2,-6.8%,-16.1%,-1.3%,-34.7%
CRTO,Extended,Internet,Communication Services,Media & Entertainment,Adj,Dec,EPS,CY2027,4.908,5.082,+3.5%,4.742,-6.7%,4.39,-7.4%,17.29,3.9,-10.6%,-16.1%,-1.3%,-34.7%
CRTO,Extended,Internet,Communication Services,Media & Entertainment,Adj,Dec,EPS,CY2028,5.435,5.073,-6.7%,5.75,+13.3%,4.74,-17.6%,17.29,3.6,-12.8%,-16.1%,-1.3%,-34.7%
CARS,Extended,Internet,Communication Services,Media & Entertainment,Adj,Dec,EPS,CY2025,1.72,1.77,+2.9%,1.792,+1.2%,1.792,+0.0%,9.65,5.4,+4.2%,-20.9%,-15.9%,-5.6%
CARS,Extended,Internet,Communication Services,Media & Entertainment,Adj,Dec,EPS,CY2026,2.13,2.325,+9.2%,2.244,-3.5%,1.913,-14.8%,9.65,5.0,-10.2%,-20.9%,-15.9%,-5.6%
CARS,Extended,Internet,Communication Services,Media & Entertainment,Adj,Dec,EPS,CY2027,2.21,2.47,+11.8%,2.095,-15.2%,2.516,+20.1%,9.65,3.8,+13.8%,-20.9%,-15.9%,-5.6%
CARS,Extended,Internet,Communication Services,Media & Entertainment,Adj,Dec,EPS,CY2028,1.81,1.81,+0.0%,2.38,+31.5%,2.33,-2.1%,9.65,4.1,+28.7%,-20.9%,-15.9%,-5.6%
OCDO,Extended,Internet,Consumer Staples,Consumer Staples Distribution,Adj,Nov,EPS,CY2025,-0.345,-0.323,+6.4%,-0.339,-5.0%,-0.339,+0.0%,205.0,-6.0,+1.7%,-13.1%,-12.8%,-23.6%
OCDO,Extended,Internet,Consumer Staples,Consumer Staples Distribution,Adj,Nov,EPS,CY2026,-0.246,-0.285,-15.9%,-0.292,-2.5%,-0.178,+39.0%,205.0,-11.5,+27.6%,-13.1%,-12.8%,-23.6%
OCDO,Extended,Internet,Consumer Staples,Consumer Staples Distribution,Adj,Nov,EPS,CY2027,-0.166,-0.195,-17.5%,-0.198,-1.5%,-0.219,-10.6%,205.0,-9.4,-31.9%,-13.1%,-12.8%,-23.6%
OCDO,Extended,Internet,Consumer Staples,Consumer Staples Distribution,Adj,Nov,EPS,CY2028,-0.045,-0.062,-37.8%,-0.147,-137.1%,-0.16,-8.8%,205.0,-12.8,-255.6%,-13.1%,-12.8%,-23.6%
VRSN,Extended,Internet,Information Technology,Software & Services,Adj,Dec,EPS,CY2025,8.803,9.06,+2.9%,8.868,-2.1%,8.868,+0.0%,310.0,35.0,+0.7%,+27.6%,+43.6%,+10.0%
VRSN,Extended,Internet,Information Technology,Software & Services,Adj,Dec,EPS,CY2026,9.383,9.483,+1.1%,9.488,+0.1%,9.698,+2.2%,310.0,32.0,+3.4%,+27.6%,+43.6%,+10.0%
VRSN,Extended,Internet,Information Technology,Software & Services,Adj,Dec,EPS,CY2027,10.77,10.455,-2.9%,10.15,-2.9%,10.653,+5.0%,310.0,29.1,-1.1%,+27.6%,+43.6%,+10.0%
VRSN,Extended,Internet,Information Technology,Software & Services,Adj,Dec,EPS,CY2028,12.56,11.23,-10.6%,11.545,+2.8%,11.68,+1.2%,310.0,26.5,-7.0%,+27.6%,+43.6%,+10.0%
CDLX,Extended,Internet,Communication Services,Media & Entertainment,Adj,Dec,EPS,CY2025,-0.452,-0.473,-4.6%,-0.46,+2.7%,-0.46,+0.0%,0.6925,-1.5,-1.8%,-39.8%,-23.7%,-63.4%
CDLX,Extended,Internet,Communication Services,Media & Entertainment,Adj,Dec,EPS,CY2026,-0.332,-0.26,+21.7%,-0.188,+27.7%,-0.308,-63.8%,0.6925,-2.2,+7.2%,-39.8%,-23.7%,-63.4%
CDLX,Extended,Internet,Communication Services,Media & Entertainment,Adj,Dec,EPS,CY2027,-0.032,-0.087,-171.9%,-0.087,+0.0%,-0.194,-123.0%,0.6925,-3.6,-506.2%,-39.8%,-23.7%,-63.4%
CDLX,Extended,Internet,Communication Services,Media & Entertainment,Adj,Dec,EPS,CY2028,,0.016,,0.016,+0.0%,0.024,+50.0%,0.6925,28.9,,-39.8%,-23.7%,-63.4%
DHER,Extended,Internet,Consumer Discretionary,Consumer Services,Adj,Dec,EPS,CY2025,-0.081,-0.597,-637.0%,-0.356,+40.4%,-0.285,+19.9%,33.59,-117.9,-251.9%,+47.8%,+64.5%,+36.5%
DHER,Extended,Internet,Consumer Discretionary,Consumer Services,Adj,Dec,EPS,CY2026,0.887,0.103,-88.4%,0.378,+267.0%,-1.834,-585.2%,33.59,-18.3,-306.8%,+47.8%,+64.5%,+36.5%
DHER,Extended,Internet,Consumer Discretionary,Consumer Services,Adj,Dec,EPS,CY2027,2.289,0.965,-57.8%,1.192,+23.5%,-0.179,-115.0%,33.59,-187.7,-107.8%,+47.8%,+64.5%,+36.5%
DHER,Extended,Internet,Consumer Discretionary,Consumer Services,Adj,Dec,EPS,CY2028,3.51,1.86,-47.0%,1.803,-3.1%,0.925,-48.7%,33.59,36.3,-73.6%,+47.8%,+64.5%,+36.5%
PTON,Extended,Internet,Consumer Discretionary,Consumer Durables & Apparel,Adj,Jun,EPS,CY2025,-0.39,-0.417,-6.9%,-0.417,+0.0%,-0.417,+0.0%,5.71,-13.7,-6.9%,-7.3%,+29.5%,-20.8%
PTON,Extended,Internet,Consumer Discretionary,Consumer Durables & Apparel,Adj,Jun,EPS,CY2026,-0.194,0.121,+162.4%,0.134,+10.7%,0.138,+3.0%,5.71,41.4,+171.1%,-7.3%,+29.5%,-20.8%
PTON,Extended,Internet,Consumer Discretionary,Consumer Durables & Apparel,Adj,Jun,EPS,CY2027,-0.118,0.282,+339.0%,0.316,+12.1%,0.318,+0.6%,5.71,18.0,+369.5%,-7.3%,+29.5%,-20.8%
PTON,Extended,Internet,Consumer Discretionary,Consumer Durables & Apparel,Adj,Jun,EPS,CY2028,-0.175,0.342,+295.4%,0.387,+13.2%,0.33,-14.7%,5.71,17.3,+288.6%,-7.3%,+29.5%,-20.8%
LYFT,Extended,Internet,Industrials,Transportation,Adj,Dec,EPS,CY2025,1.116,1.226,+9.9%,1.234,+0.7%,1.234,+0.0%,13.9,11.3,+10.6%,-28.2%,-0.4%,-13.1%
LYFT,Extended,Internet,Industrials,Transportation,Adj,Dec,EPS,CY2026,1.344,1.51,+12.4%,1.407,-6.8%,1.286,-8.6%,13.9,10.8,-4.3%,-28.2%,-0.4%,-13.1%
LYFT,Extended,Internet,Industrials,Transportation,Adj,Dec,EPS,CY2027,1.602,1.679,+4.8%,1.662,-1.0%,1.646,-1.0%,13.9,8.4,+2.7%,-28.2%,-0.4%,-13.1%
LYFT,Extended,Internet,Industrials,Transportation,Adj,Dec,EPS,CY2028,1.773,1.834,+3.4%,2.114,+15.3%,1.942,-8.1%,13.9,7.2,+9.5%,-28.2%,-0.4%,-13.1%
PRX,Extended,Internet,Consumer Discretionary,Consumer Discretionary Distrib,Adj,Mar,EPS,CY2025,3.685,3.797,+3.0%,3.893,+2.5%,3.925,+0.8%,39.06,10.0,+6.5%,-26.1%,-11.5%,-14.9%
PRX,Extended,Internet,Consumer Discretionary,Consumer Discretionary Distrib,Adj,Mar,EPS,CY2026,4.428,4.526,+2.2%,4.568,+0.9%,4.58,+0.3%,39.06,8.5,+3.4%,-26.1%,-11.5%,-14.9%
PRX,Extended,Internet,Consumer Discretionary,Consumer Discretionary Distrib,Adj,Mar,EPS,CY2027,4.585,5.172,+12.8%,5.242,+1.4%,5.464,+4.2%,39.06,7.1,+19.2%,-26.1%,-11.5%,-14.9%
PRX,Extended,Internet,Consumer Discretionary,Consumer Discretionary Distrib,Adj,Mar,EPS,CY2028,5.22,5.85,+12.1%,5.69,-2.7%,6.335,+11.3%,39.06,6.2,+21.4%,-26.1%,-11.5%,-14.9%
AUTO,Extended,Internet,Communication Services,Media & Entertainment,Adj,Mar,EPS,CY2025,0.36,0.357,-0.8%,0.351,-1.7%,0.349,-0.6%,454.4,13.0,-3.1%,-22.5%,-5.5%,-49.4%
AUTO,Extended,Internet,Communication Services,Media & Entertainment,Adj,Mar,EPS,CY2026,0.399,0.396,-0.8%,0.391,-1.3%,0.387,-1.0%,454.4,11.7,-3.0%,-22.5%,-5.5%,-49.4%
AUTO,Extended,Internet,Communication Services,Media & Entertainment,Adj,Mar,EPS,CY2027,0.436,0.43,-1.4%,0.427,-0.7%,0.435,+1.9%,454.4,10.4,-0.2%,-22.5%,-5.5%,-49.4%
AUTO,Extended,Internet,Communication Services,Media & Entertainment,Adj,Mar,EPS,CY2028,0.458,0.467,+2.0%,0.462,-1.1%,0.502,+8.7%,454.4,9.1,+9.6%,-22.5%,-5.5%,-49.4%
DKNG,Extended,Internet,Consumer Discretionary,Consumer Services,Adj,Dec,EPS,CY2025,0.934,0.588,-37.0%,0.814,+38.4%,0.814,+0.0%,25.12,30.9,-12.8%,-27.1%,+12.6%,-28.0%
DKNG,Extended,Internet,Consumer Discretionary,Consumer Services,Adj,Dec,EPS,CY2026,1.789,1.235,-31.0%,1.103,-10.7%,0.902,-18.2%,25.12,27.8,-49.6%,-27.1%,+12.6%,-28.0%
DKNG,Extended,Internet,Consumer Discretionary,Consumer Services,Adj,Dec,EPS,CY2027,2.477,2.073,-16.3%,1.783,-14.0%,1.438,-19.3%,25.12,17.5,-41.9%,-27.1%,+12.6%,-28.0%
DKNG,Extended,Internet,Consumer Discretionary,Consumer Services,Adj,Dec,EPS,CY2028,3.335,2.912,-12.7%,2.456,-15.7%,2.138,-12.9%,25.12,11.7,-35.9%,-27.1%,+12.6%,-28.0%
FLUT,Extended,Internet,Consumer Discretionary,Consumer Services,Adj,Dec,EPS,CY2025,8.319,7.892,-5.1%,7.708,-2.3%,7.695,-0.2%,97.38,12.7,-7.5%,-54.7%,-19.5%,-59.1%
FLUT,Extended,Internet,Consumer Discretionary,Consumer Services,Adj,Dec,EPS,CY2026,12.19,10.779,-11.6%,9.113,-15.5%,5.867,-35.6%,97.38,16.6,-51.9%,-54.7%,-19.5%,-59.1%
FLUT,Extended,Internet,Consumer Discretionary,Consumer Services,Adj,Dec,EPS,CY2027,15.885,14.834,-6.6%,13.283,-10.5%,8.745,-34.2%,97.38,11.1,-44.9%,-54.7%,-19.5%,-59.1%
FLUT,Extended,Internet,Consumer Discretionary,Consumer Services,Adj,Dec,EPS,CY2028,18.552,19.265,+3.8%,17.356,-9.9%,11.826,-31.9%,97.38,8.2,-36.3%,-54.7%,-19.5%,-59.1%
FLTR,Extended,Internet,Consumer Discretionary,Consumer Services,Adj,Dec,EPS,CY2025,8.319,7.892,-5.1%,7.708,-2.3%,7.695,-0.2%,7376.0,9.6,-7.5%,-54.3%,-18.2%,-58.5%
FLTR,Extended,Internet,Consumer Discretionary,Consumer Services,Adj,Dec,EPS,CY2026,12.19,10.779,-11.6%,9.113,-15.5%,5.867,-35.6%,7376.0,12.6,-51.9%,-54.3%,-18.2%,-58.5%
FLTR,Extended,Internet,Consumer Discretionary,Consumer Services,Adj,Dec,EPS,CY2027,15.885,14.834,-6.6%,13.283,-10.5%,8.745,-34.2%,7376.0,8.4,-44.9%,-54.3%,-18.2%,-58.5%
FLTR,Extended,Internet,Consumer Discretionary,Consumer Services,Adj,Dec,EPS,CY2028,18.552,19.265,+3.8%,17.356,-9.9%,11.826,-31.9%,7376.0,6.2,-36.3%,-54.3%,-18.2%,-58.5%
WMG,Extended,Internet,Communication Services,Media & Entertainment,Adj,Sep,EPS,CY2025,1.249,0.982,-21.4%,0.982,+0.0%,0.982,+0.0%,34.72,35.4,-21.4%,+13.2%,+16.2%,+33.2%
WMG,Extended,Internet,Communication Services,Media & Entertainment,Adj,Sep,EPS,CY2026,1.383,1.453,+5.1%,1.382,-4.9%,1.533,+10.9%,34.72,22.6,+10.8%,+13.2%,+16.2%,+33.2%
WMG,Extended,Internet,Communication Services,Media & Entertainment,Adj,Sep,EPS,CY2027,1.588,1.709,+7.6%,1.744,+2.0%,1.819,+4.3%,34.72,19.1,+14.5%,+13.2%,+16.2%,+33.2%
WMG,Extended,Internet,Communication Services,Media & Entertainment,Adj,Sep,EPS,CY2028,1.81,1.933,+6.8%,1.984,+2.6%,2.075,+4.6%,34.72,16.7,+14.6%,+13.2%,+16.2%,+33.2%
SCOR,Extended,Internet,Communication Services,Media & Entertainment,Adj,Dec,EPS,CY2025,4.085,2.22,-45.7%,2.22,+0.0%,2.22,+0.0%,6.41,2.9,-45.7%,-1.4%,-16.0%,+35.2%
SCOR,Extended,Internet,Communication Services,Media & Entertainment,Adj,Dec,EPS,CY2026,5.295,4.65,-12.2%,4.65,+0.0%,4.11,-11.6%,6.41,1.6,-22.4%,-1.4%,-16.0%,+35.2%
SCOR,Extended,Internet,Communication Services,Media & Entertainment,Adj,Dec,EPS,CY2027,6.88,5.08,-26.2%,5.08,+0.0%,5.08,+0.0%,6.41,1.3,-26.2%,-1.4%,-16.0%,+35.2%
SCOR,Extended,Internet,Communication Services,Media & Entertainment,Adj,Dec,EPS,CY2028,,,,,,,,6.41,,,-1.4%,-16.0%,+35.2%
ASM,Extended,Technology,Information Technology,Semiconductors & Semiconductor,Adj,Dec,EPS,CY2025,14.772,13.931,-5.7%,14.695,+5.5%,14.695,+0.0%,900.8,61.3,-0.5%,+74.0%,+27.0%,+86.9%
ASM,Extended,Technology,Information Technology,Semiconductors & Semiconductor,Adj,Dec,EPS,CY2026,18.698,15.99,-14.5%,17.197,+7.5%,21.717,+26.3%,900.8,41.5,+16.1%,+74.0%,+27.0%,+86.9%
ASM,Extended,Technology,Information Technology,Semiconductors & Semiconductor,Adj,Dec,EPS,CY2027,23.052,20.303,-11.9%,21.895,+7.8%,26.774,+22.3%,900.8,33.6,+16.1%,+74.0%,+27.0%,+86.9%
ASM,Extended,Technology,Information Technology,Semiconductors & Semiconductor,Adj,Dec,EPS,CY2028,26.568,23.693,-10.8%,24.606,+3.9%,30.61,+24.4%,900.8,29.4,+15.2%,+74.0%,+27.0%,+86.9%
ARM,Extended,Technology,Information Technology,Semiconductors & Semiconductor,GAAP,Mar,EPS,CY2025,1.089,0.917,-15.8%,0.939,+2.4%,0.927,-1.3%,306.51,330.6,-14.9%,+180.4%,+144.1%,+137.1%
ARM,Extended,Technology,Information Technology,Semiconductors & Semiconductor,GAAP,Mar,EPS,CY2026,1.593,1.401,-12.1%,1.248,-10.9%,1.299,+4.1%,306.51,236.0,-18.5%,+180.4%,+144.1%,+137.1%
ARM,Extended,Technology,Information Technology,Semiconductors & Semiconductor,GAAP,Mar,EPS,CY2027,1.985,1.985,+0.0%,1.895,-4.5%,2.014,+6.3%,306.51,152.2,+1.5%,+180.4%,+144.1%,+137.1%
ARM,Extended,Technology,Information Technology,Semiconductors & Semiconductor,GAAP,Mar,EPS,CY2028,2.51,2.266,-9.7%,2.213,-2.3%,2.686,+21.4%,306.51,114.1,+7.0%,+180.4%,+144.1%,+137.1%
MRVL,Extended,Technology,Information Technology,Semiconductors & Semiconductor,Adj,Jan,EPS,CY2025,2.815,2.805,-0.4%,2.839,+1.2%,2.837,-0.1%,196.33,69.2,+0.8%,+131.0%,+147.0%,+217.4%
MRVL,Extended,Technology,Information Technology,Semiconductors & Semiconductor,Adj,Jan,EPS,CY2026,3.579,3.403,-4.9%,3.518,+3.4%,3.821,+8.6%,196.33,51.4,+6.8%,+131.0%,+147.0%,+217.4%
MRVL,Extended,Technology,Information Technology,Semiconductors & Semiconductor,Adj,Jan,EPS,CY2027,4.405,4.136,-6.1%,4.714,+14.0%,5.511,+16.9%,196.33,35.6,+25.1%,+131.0%,+147.0%,+217.4%
MRVL,Extended,Technology,Information Technology,Semiconductors & Semiconductor,Adj,Jan,EPS,CY2028,6.13,5.112,-16.6%,6.428,+25.7%,7.542,+17.3%,196.33,26.0,+23.0%,+131.0%,+147.0%,+217.4%
AMD,Extended,Technology,Information Technology,Semiconductors & Semiconductor,GAAP,Dec,EPS,CY2025,1.913,2.475,+29.4%,2.531,+2.3%,2.531,+0.0%,467.51,184.7,+32.3%,+118.3%,+133.6%,+322.3%
AMD,Extended,Technology,Information Technology,Semiconductors & Semiconductor,GAAP,Dec,EPS,CY2026,3.653,4.506,+23.4%,4.652,+3.2%,5.468,+17.5%,467.51,85.5,+49.7%,+118.3%,+133.6%,+322.3%
AMD,Extended,Technology,Information Technology,Semiconductors & Semiconductor,GAAP,Dec,EPS,CY2027,4.969,7.404,+49.0%,8.312,+12.3%,10.771,+29.6%,467.51,43.4,+116.8%,+118.3%,+133.6%,+322.3%
AMD,Extended,Technology,Information Technology,Semiconductors & Semiconductor,GAAP,Dec,EPS,CY2028,5.973,8.533,+42.9%,11.742,+37.6%,15.267,+30.0%,467.51,30.6,+155.6%,+118.3%,+133.6%,+322.3%
INTC,Extended,Technology,Information Technology,Semiconductors & Semiconductor,GAAP,Dec,EPS,CY2025,-0.596,-0.042,+93.0%,-0.037,+11.9%,-0.037,+0.0%,119.84,-3238.9,+93.8%,+224.8%,+171.7%,+483.2%
INTC,Extended,Technology,Information Technology,Semiconductors & Semiconductor,GAAP,Dec,EPS,CY2026,0.105,0.199,+89.5%,-0.236,-218.6%,-0.318,-34.7%,119.84,-376.9,-402.9%,+224.8%,+171.7%,+483.2%
INTC,Extended,Technology,Information Technology,Semiconductors & Semiconductor,GAAP,Dec,EPS,CY2027,0.894,0.598,-33.1%,0.322,-46.2%,0.931,+189.1%,119.84,128.7,+4.1%,+224.8%,+171.7%,+483.2%
INTC,Extended,Technology,Information Technology,Semiconductors & Semiconductor,GAAP,Dec,EPS,CY2028,1.96,1.807,-7.8%,0.759,-58.0%,1.655,+118.1%,119.84,72.4,-15.6%,+224.8%,+171.7%,+483.2%
TXN,Extended,Technology,Information Technology,Semiconductors & Semiconductor,GAAP,Dec,EPS,CY2025,5.545,5.482,-1.1%,5.487,+0.1%,5.487,+0.0%,309.21,56.4,-1.0%,+78.2%,+40.7%,+71.6%
TXN,Extended,Technology,Information Technology,Semiconductors & Semiconductor,GAAP,Dec,EPS,CY2026,6.63,6.062,-8.6%,6.406,+5.7%,7.707,+20.3%,309.21,40.1,+16.2%,+78.2%,+40.7%,+71.6%
TXN,Extended,Technology,Information Technology,Semiconductors & Semiconductor,GAAP,Dec,EPS,CY2027,8.068,7.509,-6.9%,7.723,+2.8%,8.964,+16.1%,309.21,34.5,+11.1%,+78.2%,+40.7%,+71.6%
TXN,Extended,Technology,Information Technology,Semiconductors & Semiconductor,GAAP,Dec,EPS,CY2028,10.567,9.922,-6.1%,9.588,-3.4%,10.556,+10.1%,309.21,29.3,-0.1%,+78.2%,+40.7%,+71.6%
ADI,Extended,Technology,Information Technology,Semiconductors & Semiconductor,Adj,Oct,EPS,CY2025,7.404,7.791,+5.2%,7.791,+0.0%,7.791,+0.0%,397.07,51.0,+5.2%,+46.4%,+11.8%,+87.4%
ADI,Extended,Technology,Information Technology,Semiconductors & Semiconductor,Adj,Oct,EPS,CY2026,8.809,9.415,+6.9%,11.216,+19.1%,12.294,+9.6%,397.07,32.3,+39.6%,+46.4%,+11.8%,+87.4%
ADI,Extended,Technology,Information Technology,Semiconductors & Semiconductor,Adj,Oct,EPS,CY2027,10.458,10.979,+5.0%,12.838,+16.9%,14.855,+15.7%,397.07,26.7,+42.0%,+46.4%,+11.8%,+87.4%
ADI,Extended,Technology,Information Technology,Semiconductors & Semiconductor,Adj,Oct,EPS,CY2028,12.603,12.695,+0.7%,14.84,+16.9%,17.15,+15.6%,397.07,23.2,+36.1%,+46.4%,+11.8%,+87.4%
005930,Extended,Technology,Information Technology,Technology Hardware & Equipmen,GAAP,Dec,EPS,CY2025,4899.747,5604.904,+14.4%,6342.644,+13.2%,6342.644,+0.0%,293000.0,46.2,+29.4%,+143.4%,+50.9%,+440.6%
005930,Extended,Technology,Information Technology,Technology Hardware & Equipmen,GAAP,Dec,EPS,CY2026,5990.526,10118.254,+68.9%,21148.96,+109.0%,42697.957,+101.9%,293000.0,6.9,+612.8%,+143.4%,+50.9%,+440.6%
005930,Extended,Technology,Information Technology,Technology Hardware & Equipmen,GAAP,Dec,EPS,CY2027,6627.865,11502.572,+73.5%,25958.393,+125.7%,56342.351,+117.0%,293000.0,5.2,+750.1%,+143.4%,+50.9%,+440.6%
005930,Extended,Technology,Information Technology,Technology Hardware & Equipmen,GAAP,Dec,EPS,CY2028,5709.38,14932.788,+161.5%,28663.961,+92.0%,59783.132,+108.6%,293000.0,4.9,+947.1%,+143.4%,+50.9%,+440.6%
000660,Extended,Technology,Information Technology,Semiconductors & Semiconductor,GAAP,Dec,EPS,CY2025,40891.894,53303.355,+30.4%,57400.366,+7.7%,57400.366,+0.0%,1941000.0,33.8,+40.4%,+197.7%,+103.0%,+870.5%
000660,Extended,Technology,Information Technology,Semiconductors & Semiconductor,GAAP,Dec,EPS,CY2026,45164.362,81853.976,+81.2%,151713.551,+85.3%,282546.722,+86.2%,1941000.0,6.9,+525.6%,+197.7%,+103.0%,+870.5%
000660,Extended,Technology,Information Technology,Semiconductors & Semiconductor,GAAP,Dec,EPS,CY2027,52304.614,93854.946,+79.4%,184836.826,+96.9%,390545.981,+111.3%,1941000.0,5.0,+646.7%,+197.7%,+103.0%,+870.5%
000660,Extended,Technology,Information Technology,Semiconductors & Semiconductor,GAAP,Dec,EPS,CY2028,129387.665,193005.345,+49.2%,217884.703,+12.9%,430552.037,+97.6%,1941000.0,4.5,+232.8%,+197.7%,+103.0%,+870.5%
WDC,Extended,Technology,Information Technology,Technology Hardware & Equipmen,Adj,Jun,EPS,CY2025,5.167,5.253,+1.7%,5.253,+0.0%,5.253,+0.0%,484.28,92.2,+1.7%,+181.1%,+69.6%,+871.7%
WDC,Extended,Technology,Information Technology,Technology Hardware & Equipmen,Adj,Jun,EPS,CY2026,5.456,7.664,+40.5%,8.894,+16.0%,9.92,+11.5%,484.28,48.8,+81.8%,+181.1%,+69.6%,+871.7%
WDC,Extended,Technology,Information Technology,Technology Hardware & Equipmen,Adj,Jun,EPS,CY2027,5.473,9.313,+70.2%,13.507,+45.0%,17.104,+26.6%,484.28,28.3,+212.5%,+181.1%,+69.6%,+871.7%
WDC,Extended,Technology,Information Technology,Technology Hardware & Equipmen,Adj,Jun,EPS,CY2028,5.78,10.67,+84.6%,16.907,+58.5%,25.857,+52.9%,484.28,18.7,+347.4%,+181.1%,+69.6%,+871.7%
SNDK,Extended,Technology,Information Technology,Technology Hardware & Equipmen,GAAP,Jun,EPS,CY2025,-11.48,-11.405,+0.7%,-11.405,+0.0%,-11.405,+0.0%,1478.69,-129.7,+0.7%,+522.9%,+127.5%,+3807.7%
SNDK,Extended,Technology,Information Technology,Technology Hardware & Equipmen,GAAP,Jun,EPS,CY2026,5.05,11.014,+118.1%,38.53,+249.8%,62.885,+63.2%,1478.69,23.5,+1145.2%,+522.9%,+127.5%,+3807.7%
SNDK,Extended,Technology,Information Technology,Technology Hardware & Equipmen,GAAP,Jun,EPS,CY2027,7.026,19.499,+177.5%,88.229,+352.5%,175.498,+98.9%,1478.69,8.4,+2397.8%,+522.9%,+127.5%,+3807.7%
SNDK,Extended,Technology,Information Technology,Technology Hardware & Equipmen,GAAP,Jun,EPS,CY2028,8.44,16.88,+100.0%,83.908,+397.1%,204.191,+143.4%,1478.69,7.2,+2319.3%,+522.9%,+127.5%,+3807.7%
CLS,Extended,Technology,Information Technology,Technology Hardware & Equipmen,Adj,Dec,EPS,CY2025,5.062,5.922,+17.0%,5.919,-0.1%,5.919,+0.0%,367.37,62.1,+16.9%,+24.3%,+25.5%,+210.5%
CLS,Extended,Technology,Information Technology,Technology Hardware & Equipmen,Adj,Dec,EPS,CY2026,6.123,8.385,+36.9%,8.922,+6.4%,10.255,+14.9%,367.37,35.8,+67.5%,+24.3%,+25.5%,+210.5%
CLS,Extended,Technology,Information Technology,Technology Hardware & Equipmen,Adj,Dec,EPS,CY2027,7.197,11.441,+59.0%,12.633,+10.4%,15.176,+20.1%,367.37,24.2,+110.9%,+24.3%,+25.5%,+210.5%
CLS,Extended,Technology,Information Technology,Technology Hardware & Equipmen,Adj,Dec,EPS,CY2028,9.35,14.957,+60.0%,16.33,+9.2%,18.649,+14.2%,367.37,19.7,+99.5%,+24.3%,+25.5%,+210.5%
QRVO,Extended,Technology,Information Technology,Semiconductors & Semiconductor,Adj,Mar,EPS,CY2025,5.582,6.41,+14.8%,6.521,+1.7%,6.526,+0.1%,106.43,16.3,+16.9%,+25.9%,+29.4%,+39.9%
QRVO,Extended,Technology,Information Technology,Semiconductors & Semiconductor,Adj,Mar,EPS,CY2026,6.61,7.07,+7.0%,6.758,-4.4%,6.876,+1.7%,106.43,15.5,+4.0%,+25.9%,+29.4%,+39.9%
QRVO,Extended,Technology,Information Technology,Semiconductors & Semiconductor,Adj,Mar,EPS,CY2027,7.755,8.033,+3.6%,8.02,-0.2%,7.927,-1.2%,106.43,13.4,+2.2%,+25.9%,+29.4%,+39.9%
QRVO,Extended,Technology,Information Technology,Semiconductors & Semiconductor,Adj,Mar,EPS,CY2028,7.08,8.02,+13.3%,8.323,+3.8%,8.368,+0.5%,106.43,12.7,+18.2%,+25.9%,+29.4%,+39.9%
SWKS,Extended,Technology,Information Technology,Semiconductors & Semiconductor,Adj,Sep,EPS,CY2025,5.062,5.598,+10.6%,5.598,+0.0%,5.598,+0.0%,82.42,14.7,+10.6%,+30.0%,+37.3%,+17.1%
SWKS,Extended,Technology,Information Technology,Semiconductors & Semiconductor,Adj,Sep,EPS,CY2026,4.227,4.426,+4.7%,4.651,+5.1%,4.957,+6.6%,82.42,16.6,+17.3%,+30.0%,+37.3%,+17.1%
SWKS,Extended,Technology,Information Technology,Semiconductors & Semiconductor,Adj,Sep,EPS,CY2027,5.309,5.065,-4.6%,5.067,+0.0%,5.152,+1.7%,82.42,16.0,-3.0%,+30.0%,+37.3%,+17.1%
SWKS,Extended,Technology,Information Technology,Semiconductors & Semiconductor,Adj,Sep,EPS,CY2028,6.96,6.31,-9.3%,6.176,-2.1%,6.384,+3.4%,82.42,12.9,-8.3%,+30.0%,+37.3%,+17.1%
DELL,Extended,Technology,Information Technology,Technology Hardware & Equipmen,Adj,Jan,EPS,CY2025,9.184,9.559,+4.1%,9.954,+4.1%,9.954,+0.0%,295.19,29.7,+8.4%,+134.5%,+141.4%,+163.7%
DELL,Extended,Technology,Information Technology,Technology Hardware & Equipmen,Adj,Jan,EPS,CY2026,10.394,11.214,+7.9%,11.593,+3.4%,13.089,+12.9%,295.19,22.6,+25.9%,+134.5%,+141.4%,+163.7%
DELL,Extended,Technology,Information Technology,Technology Hardware & Equipmen,Adj,Jan,EPS,CY2027,11.36,12.803,+12.7%,13.204,+3.1%,15.13,+14.6%,295.19,19.5,+33.2%,+134.5%,+141.4%,+163.7%
DELL,Extended,Technology,Information Technology,Technology Hardware & Equipmen,Adj,Jan,EPS,CY2028,,14.79,,15.575,+5.3%,17.096,+9.8%,295.19,17.3,,+134.5%,+141.4%,+163.7%
SMCI,Extended,Technology,Information Technology,Technology Hardware & Equipmen,Adj,Jun,EPS,CY2025,2.092,2.09,-0.1%,2.09,+0.0%,2.09,+0.0%,35.58,17.0,-0.1%,+21.6%,+9.7%,-13.9%
SMCI,Extended,Technology,Information Technology,Technology Hardware & Equipmen,Adj,Jun,EPS,CY2026,2.891,2.059,-28.8%,2.246,+9.1%,2.602,+15.9%,35.58,13.7,-10.0%,+21.6%,+9.7%,-13.9%
SMCI,Extended,Technology,Information Technology,Technology Hardware & Equipmen,Adj,Jun,EPS,CY2027,4.017,3.027,-24.6%,2.976,-1.7%,3.247,+9.1%,35.58,11.0,-19.2%,+21.6%,+9.7%,-13.9%
SMCI,Extended,Technology,Information Technology,Technology Hardware & Equipmen,Adj,Jun,EPS,CY2028,2.63,3.633,+38.1%,3.578,-1.5%,3.868,+8.1%,35.58,9.2,+47.1%,+21.6%,+9.7%,-13.9%
IBM,Extended,Technology,Information Technology,Software & Services,GAAP,Dec,EPS,CY2025,8.946,9.068,+1.4%,9.025,-0.5%,9.025,+0.0%,253.84,28.1,+0.9%,-14.3%,-1.3%,-1.8%
IBM,Extended,Technology,Information Technology,Software & Services,GAAP,Dec,EPS,CY2026,9.61,10.363,+7.8%,10.539,+1.7%,10.25,-2.7%,253.84,24.8,+6.7%,-14.3%,-1.3%,-1.8%
IBM,Extended,Technology,Information Technology,Software & Services,GAAP,Dec,EPS,CY2027,9.878,10.817,+9.5%,11.241,+3.9%,11.443,+1.8%,253.84,22.2,+15.8%,-14.3%,-1.3%,-1.8%
IBM,Extended,Technology,Information Technology,Software & Services,GAAP,Dec,EPS,CY2028,11.03,10.98,-0.5%,12.48,+13.7%,12.678,+1.6%,253.84,20.0,+14.9%,-14.3%,-1.3%,-1.8%
XRX,Extended,Technology,Information Technology,Technology Hardware & Equipmen,Adj,Dec,EPS,CY2025,0.74,-0.36,-148.6%,-0.39,-8.3%,-0.39,+0.0%,2.9,-7.4,-152.7%,+22.4%,+55.9%,-43.4%
XRX,Extended,Technology,Information Technology,Technology Hardware & Equipmen,Adj,Dec,EPS,CY2026,1.6,1.067,-33.3%,0.46,-56.9%,-0.237,-151.5%,2.9,-12.2,-114.8%,+22.4%,+55.9%,-43.4%
XRX,Extended,Technology,Information Technology,Technology Hardware & Equipmen,Adj,Dec,EPS,CY2027,1.11,1.345,+21.2%,1.155,-14.1%,0.865,-25.1%,2.9,3.4,-22.1%,+22.4%,+55.9%,-43.4%
XRX,Extended,Technology,Information Technology,Technology Hardware & Equipmen,Adj,Dec,EPS,CY2028,,,,1.05,,0.97,-7.6%,2.9,3.0,,+22.4%,+55.9%,-43.4%
HPE,Extended,Technology,Information Technology,Technology Hardware & Equipmen,Adj,Oct,EPS,CY2025,1.8,1.895,+5.3%,1.895,+0.0%,1.895,+0.0%,37.58,19.8,+5.3%,+56.5%,+75.9%,+114.1%
HPE,Extended,Technology,Information Technology,Technology Hardware & Equipmen,Adj,Oct,EPS,CY2026,2.053,2.381,+16.0%,2.346,-1.5%,2.426,+3.4%,37.58,15.5,+18.2%,+56.5%,+75.9%,+114.1%
HPE,Extended,Technology,Information Technology,Technology Hardware & Equipmen,Adj,Oct,EPS,CY2027,2.294,2.752,+20.0%,2.721,-1.1%,2.726,+0.2%,37.58,13.8,+18.8%,+56.5%,+75.9%,+114.1%
HPE,Extended,Technology,Information Technology,Technology Hardware & Equipmen,Adj,Oct,EPS,CY2028,,3.07,,3.085,+0.5%,3.069,-0.5%,37.58,12.2,,+56.5%,+75.9%,+114.1%
HPQ,Extended,Technology,Information Technology,Technology Hardware & Equipmen,Adj,Oct,EPS,CY2025,3.485,3.115,-10.6%,3.115,+0.0%,3.115,+0.0%,25.24,8.1,-10.6%,+13.3%,+35.8%,-11.4%
HPQ,Extended,Technology,Information Technology,Technology Hardware & Equipmen,Adj,Oct,EPS,CY2026,3.651,3.324,-9.0%,3.004,-9.6%,2.876,-4.3%,25.24,8.8,-21.2%,+13.3%,+35.8%,-11.4%
HPQ,Extended,Technology,Information Technology,Technology Hardware & Equipmen,Adj,Oct,EPS,CY2027,3.546,3.524,-0.6%,3.113,-11.7%,2.961,-4.9%,25.24,8.5,-16.5%,+13.3%,+35.8%,-11.4%
HPQ,Extended,Technology,Information Technology,Technology Hardware & Equipmen,Adj,Oct,EPS,CY2028,,3.755,,3.369,-10.3%,3.338,-0.9%,25.24,7.6,,+13.3%,+35.8%,-11.4%
FLEX,Extended,Technology,Information Technology,Technology Hardware & Equipmen,Adj,Mar,EPS,CY2025,2.935,3.15,+7.3%,3.24,+2.9%,3.241,+0.0%,132.47,40.9,+10.4%,+119.2%,+101.7%,+219.7%
FLEX,Extended,Technology,Information Technology,Technology Hardware & Equipmen,Adj,Mar,EPS,CY2026,3.276,3.552,+8.4%,3.588,+1.0%,4.401,+22.7%,132.47,30.1,+34.3%,+119.2%,+101.7%,+219.7%
FLEX,Extended,Technology,Information Technology,Technology Hardware & Equipmen,Adj,Mar,EPS,CY2027,3.4,3.81,+12.1%,4.018,+5.5%,6.751,+68.0%,132.47,19.6,+98.6%,+119.2%,+101.7%,+219.7%
FLEX,Extended,Technology,Information Technology,Technology Hardware & Equipmen,Adj,Mar,EPS,CY2028,,,,,,9.315,,132.47,14.2,,+119.2%,+101.7%,+219.7%
CDW,Extended,Technology,Information Technology,Technology Hardware & Equipmen,Adj,Dec,EPS,CY2025,9.791,9.896,+1.1%,9.897,+0.0%,9.897,+0.0%,110.82,11.2,+1.1%,-18.6%,-11.1%,-39.6%
CDW,Extended,Technology,Information Technology,Technology Hardware & Equipmen,Adj,Dec,EPS,CY2026,10.353,10.623,+2.6%,10.553,-0.7%,10.611,+0.5%,110.82,10.4,+2.5%,-18.6%,-11.1%,-39.6%
CDW,Extended,Technology,Information Technology,Technology Hardware & Equipmen,Adj,Dec,EPS,CY2027,11.466,11.448,-0.2%,11.35,-0.9%,11.524,+1.5%,110.82,9.6,+0.5%,-18.6%,-11.1%,-39.6%
CDW,Extended,Technology,Information Technology,Technology Hardware & Equipmen,Adj,Dec,EPS,CY2028,,12.82,,12.423,-3.1%,12.685,+2.1%,110.82,8.7,,-18.6%,-11.1%,-39.6%
SNX,Extended,Technology,Information Technology,Technology Hardware & Equipmen,Adj,Nov,EPS,CY2025,11.799,13.127,+11.3%,13.094,-0.3%,13.094,+0.0%,237.34,18.1,+11.0%,+58.0%,+46.9%,+94.0%
SNX,Extended,Technology,Information Technology,Technology Hardware & Equipmen,Adj,Nov,EPS,CY2026,13.347,14.609,+9.5%,14.619,+0.1%,16.817,+15.0%,237.34,14.1,+26.0%,+58.0%,+46.9%,+94.0%
SNX,Extended,Technology,Information Technology,Technology Hardware & Equipmen,Adj,Nov,EPS,CY2027,15.148,16.069,+6.1%,16.089,+0.1%,18.471,+14.8%,237.34,12.8,+21.9%,+58.0%,+46.9%,+94.0%
SNX,Extended,Technology,Information Technology,Technology Hardware & Equipmen,Adj,Nov,EPS,CY2028,,17.4,,17.798,+2.3%,20.522,+15.3%,237.34,11.6,,+58.0%,+46.9%,+94.0%
AVT,Extended,Technology,Information Technology,Technology Hardware & Equipmen,Adj,Jun,EPS,CY2025,3.342,3.367,+0.7%,3.367,+0.0%,3.367,+0.0%,85.91,25.5,+0.7%,+78.7%,+27.6%,+71.2%
AVT,Extended,Technology,Information Technology,Technology Hardware & Equipmen,Adj,Jun,EPS,CY2026,5.073,4.39,-13.5%,4.543,+3.5%,5.12,+12.7%,85.91,16.8,+0.9%,+78.7%,+27.6%,+71.2%
AVT,Extended,Technology,Information Technology,Technology Hardware & Equipmen,Adj,Jun,EPS,CY2027,6.585,6.168,-6.3%,6.39,+3.6%,7.727,+20.9%,85.91,11.1,+17.3%,+78.7%,+27.6%,+71.2%
AVT,Extended,Technology,Information Technology,Technology Hardware & Equipmen,Adj,Jun,EPS,CY2028,7.56,7.3,-3.4%,7.27,-0.4%,8.035,+10.5%,85.91,10.7,+6.3%,+78.7%,+27.6%,+71.2%
ARW,Extended,Technology,Information Technology,Technology Hardware & Equipmen,Adj,Dec,EPS,CY2025,10.325,10.202,-1.2%,10.258,+0.5%,10.258,+0.0%,217.33,21.2,-0.6%,+97.2%,+38.4%,+82.4%
ARW,Extended,Technology,Information Technology,Technology Hardware & Equipmen,Adj,Dec,EPS,CY2026,15.048,11.846,-21.3%,13.486,+13.8%,19.968,+48.1%,217.33,10.9,+32.7%,+97.2%,+38.4%,+82.4%
ARW,Extended,Technology,Information Technology,Technology Hardware & Equipmen,Adj,Dec,EPS,CY2027,16.105,14.3,-11.2%,15.718,+9.9%,21.586,+37.3%,217.33,10.1,+34.0%,+97.2%,+38.4%,+82.4%
ARW,Extended,Technology,Information Technology,Technology Hardware & Equipmen,Adj,Dec,EPS,CY2028,,15.41,,17.27,+12.1%,24.44,+41.5%,217.33,8.9,,+97.2%,+38.4%,+82.4%
BA,Extended,Aerospace / defense,Industrials,Capital Goods,Adj,Dec,EPS,CY2025,-1.521,-9.365,-515.7%,-9.499,-1.4%,-9.499,+0.0%,219.02,-23.1,-524.5%,+0.9%,-5.6%,+7.7%
BA,Extended,Aerospace / defense,Industrials,Capital Goods,Adj,Dec,EPS,CY2026,3.509,2.027,-42.2%,0.211,-89.6%,-0.351,-266.4%,219.02,-624.0,-110.0%,+0.9%,-5.6%,+7.7%
BA,Extended,Aerospace / defense,Industrials,Capital Goods,Adj,Dec,EPS,CY2027,6.298,5.897,-6.4%,4.764,-19.2%,4.28,-10.2%,219.02,51.2,-32.0%,+0.9%,-5.6%,+7.7%
BA,Extended,Aerospace / defense,Industrials,Capital Goods,Adj,Dec,EPS,CY2028,8.339,8.304,-0.4%,8.134,-2.0%,8.346,+2.6%,219.02,26.2,+0.1%,+0.9%,-5.6%,+7.7%
AIR,Extended,Aerospace / defense,Industrials,Capital Goods,Adj,Dec,EPS,CY2025,6.493,6.582,+1.4%,6.357,-3.4%,6.357,+0.0%,169.52,26.7,-2.1%,-14.6%,-10.7%,+5.1%
AIR,Extended,Aerospace / defense,Industrials,Capital Goods,Adj,Dec,EPS,CY2026,7.862,8.038,+2.2%,7.318,-9.0%,7.308,-0.1%,169.52,23.2,-7.0%,-14.6%,-10.7%,+5.1%
AIR,Extended,Aerospace / defense,Industrials,Capital Goods,Adj,Dec,EPS,CY2027,9.199,9.658,+5.0%,8.754,-9.4%,8.639,-1.3%,169.52,19.6,-6.1%,-14.6%,-10.7%,+5.1%
AIR,Extended,Aerospace / defense,Industrials,Capital Goods,Adj,Dec,EPS,CY2028,11.025,11.643,+5.6%,10.488,-9.9%,10.787,+2.9%,169.52,15.7,-2.2%,-14.6%,-10.7%,+5.1%
SAF,Extended,Aerospace / defense,Industrials,Capital Goods,Adj,Dec,EPS,CY2025,7.954,8.243,+3.6%,8.421,+2.2%,8.421,+0.0%,285.0,33.8,+5.9%,-4.2%,-17.7%,+9.4%
SAF,Extended,Aerospace / defense,Industrials,Capital Goods,Adj,Dec,EPS,CY2026,10.016,10.58,+5.6%,10.271,-2.9%,10.057,-2.1%,285.0,28.3,+0.4%,-4.2%,-17.7%,+9.4%
SAF,Extended,Aerospace / defense,Industrials,Capital Goods,Adj,Dec,EPS,CY2027,11.354,12.171,+7.2%,12.28,+0.9%,12.213,-0.5%,285.0,23.3,+7.6%,-4.2%,-17.7%,+9.4%
SAF,Extended,Aerospace / defense,Industrials,Capital Goods,Adj,Dec,EPS,CY2028,12.756,13.698,+7.4%,13.592,-0.8%,13.732,+1.0%,285.0,20.8,+7.7%,-4.2%,-17.7%,+9.4%
RTX,Extended,Aerospace / defense,Industrials,Capital Goods,GAAP,Dec,EPS,CY2025,4.978,4.97,-0.2%,4.874,-1.9%,4.874,+0.0%,177.01,36.3,-2.1%,-3.5%,-13.6%,+32.0%
RTX,Extended,Aerospace / defense,Industrials,Capital Goods,GAAP,Dec,EPS,CY2026,5.729,5.661,-1.2%,5.648,-0.2%,5.751,+1.8%,177.01,30.8,+0.4%,-3.5%,-13.6%,+32.0%
RTX,Extended,Aerospace / defense,Industrials,Capital Goods,GAAP,Dec,EPS,CY2027,6.389,6.566,+2.8%,6.478,-1.3%,6.472,-0.1%,177.01,27.4,+1.3%,-3.5%,-13.6%,+32.0%
RTX,Extended,Aerospace / defense,Industrials,Capital Goods,GAAP,Dec,EPS,CY2028,6.964,7.127,+2.3%,7.171,+0.6%,7.248,+1.1%,177.01,24.4,+4.1%,-3.5%,-13.6%,+32.0%
LMT,Extended,Aerospace / defense,Industrials,Capital Goods,Adj,Dec,EPS,CY2025,27.481,22.295,-18.9%,21.683,-2.7%,21.683,+0.0%,533.24,24.6,-21.1%,+10.2%,-19.0%,+13.3%
LMT,Extended,Aerospace / defense,Industrials,Capital Goods,Adj,Dec,EPS,CY2026,29.761,29.319,-1.5%,29.853,+1.8%,29.888,+0.1%,533.24,17.8,+0.4%,+10.2%,-19.0%,+13.3%
LMT,Extended,Aerospace / defense,Industrials,Capital Goods,Adj,Dec,EPS,CY2027,31.776,31.251,-1.7%,31.921,+2.1%,32.081,+0.5%,533.24,16.6,+1.0%,+10.2%,-19.0%,+13.3%
LMT,Extended,Aerospace / defense,Industrials,Capital Goods,Adj,Dec,EPS,CY2028,32.693,32.492,-0.6%,33.815,+4.1%,34.336,+1.5%,533.24,15.5,+5.0%,+10.2%,-19.0%,+13.3%
GD,Extended,Aerospace / defense,Industrials,Capital Goods,Adj,Dec,EPS,CY2025,14.95,15.373,+2.8%,15.386,+0.1%,15.386,+0.0%,342.89,22.3,+2.9%,+1.9%,-2.4%,+23.8%
GD,Extended,Aerospace / defense,Industrials,Capital Goods,Adj,Dec,EPS,CY2026,16.719,17.264,+3.3%,16.357,-5.3%,16.577,+1.3%,342.89,20.7,-0.8%,+1.9%,-2.4%,+23.8%
GD,Extended,Aerospace / defense,Industrials,Capital Goods,Adj,Dec,EPS,CY2027,18.174,18.909,+4.0%,18.068,-4.4%,18.12,+0.3%,342.89,18.9,-0.3%,+1.9%,-2.4%,+23.8%
GD,Extended,Aerospace / defense,Industrials,Capital Goods,Adj,Dec,EPS,CY2028,19.781,20.631,+4.3%,19.561,-5.2%,19.638,+0.4%,342.89,17.5,-0.7%,+1.9%,-2.4%,+23.8%
NOC,Extended,Aerospace / defense,Industrials,Capital Goods,Adj,Dec,EPS,CY2025,25.342,26.031,+2.7%,26.05,+0.1%,26.05,+0.0%,555.58,21.3,+2.8%,-2.6%,-23.2%,+17.5%
NOC,Extended,Aerospace / defense,Industrials,Capital Goods,Adj,Dec,EPS,CY2026,28.778,28.919,+0.5%,28.074,-2.9%,27.985,-0.3%,555.58,19.9,-2.8%,-2.6%,-23.2%,+17.5%
NOC,Extended,Aerospace / defense,Industrials,Capital Goods,Adj,Dec,EPS,CY2027,30.894,31.191,+1.0%,30.138,-3.4%,30.144,+0.0%,555.58,18.4,-2.4%,-2.6%,-23.2%,+17.5%
NOC,Extended,Aerospace / defense,Industrials,Capital Goods,Adj,Dec,EPS,CY2028,32.864,33.094,+0.7%,32.399,-2.1%,32.682,+0.9%,555.58,17.0,-0.6%,-2.6%,-23.2%,+17.5%
MOG/A,Extended,Aerospace / defense,Industrials,Capital Goods,Adj,Sep,EPS,CY2025,8.183,8.243,+0.7%,8.243,+0.0%,8.243,+0.0%,318.94,38.7,+0.7%,+31.0%,-7.6%,+76.5%
MOG/A,Extended,Aerospace / defense,Industrials,Capital Goods,Adj,Sep,EPS,CY2026,9.5,9.72,+2.3%,10.033,+3.2%,10.607,+5.7%,318.94,30.1,+11.7%,+31.0%,-7.6%,+76.5%
MOG/A,Extended,Aerospace / defense,Industrials,Capital Goods,Adj,Sep,EPS,CY2027,10.883,11.6,+6.6%,11.3,-2.6%,11.59,+2.6%,318.94,27.5,+6.5%,+31.0%,-7.6%,+76.5%
MOG/A,Extended,Aerospace / defense,Industrials,Capital Goods,Adj,Sep,EPS,CY2028,15.01,15.01,+0.0%,12.35,-17.7%,12.35,+0.0%,318.94,25.8,-17.7%,+31.0%,-7.6%,+76.5%
HEI,Extended,Aerospace / defense,Industrials,Capital Goods,Adj,Oct,EPS,CY2025,4.45,4.774,+7.3%,4.782,+0.2%,4.782,+0.0%,301.04,63.0,+7.5%,-7.0%,-14.4%,+12.7%
HEI,Extended,Aerospace / defense,Industrials,Capital Goods,Adj,Oct,EPS,CY2026,4.967,5.374,+8.2%,5.56,+3.5%,5.647,+1.6%,301.04,53.3,+13.7%,-7.0%,-14.4%,+12.7%
HEI,Extended,Aerospace / defense,Industrials,Capital Goods,Adj,Oct,EPS,CY2027,5.594,6.015,+7.5%,6.269,+4.2%,6.33,+1.0%,301.04,47.6,+13.2%,-7.0%,-14.4%,+12.7%
HEI,Extended,Aerospace / defense,Industrials,Capital Goods,Adj,Oct,EPS,CY2028,,6.686,,7.084,+6.0%,7.153,+1.0%,301.04,42.1,,-7.0%,-14.4%,+12.7%
RR/,Extended,Aerospace / defense,Industrials,Capital Goods,Adj,Dec,EPS,CY2025,0.236,0.282,+19.5%,0.295,+4.6%,0.295,+0.0%,1248.8,42.3,+25.0%,+8.6%,-6.5%,+48.8%
RR/,Extended,Aerospace / defense,Industrials,Capital Goods,Adj,Dec,EPS,CY2026,0.279,0.322,+15.4%,0.329,+2.2%,0.37,+12.5%,1248.8,33.8,+32.6%,+8.6%,-6.5%,+48.8%
RR/,Extended,Aerospace / defense,Industrials,Capital Goods,Adj,Dec,EPS,CY2027,0.326,0.366,+12.3%,0.371,+1.4%,0.439,+18.3%,1248.8,28.4,+34.7%,+8.6%,-6.5%,+48.8%
RR/,Extended,Aerospace / defense,Industrials,Capital Goods,Adj,Dec,EPS,CY2028,0.367,0.403,+9.8%,0.413,+2.5%,0.517,+25.2%,1248.8,24.2,+40.9%,+8.6%,-6.5%,+48.8%
CRS,Extended,Aerospace / defense,Industrials,Capital Goods,Adj,Jun,EPS,CY2025,7.236,7.263,+0.4%,7.263,+0.0%,7.263,+0.0%,434.12,59.8,+0.4%,+37.9%,+11.4%,+92.1%
CRS,Extended,Aerospace / defense,Industrials,Capital Goods,Adj,Jun,EPS,CY2026,8.901,9.935,+11.6%,10.243,+3.1%,10.494,+2.5%,434.12,41.4,+17.9%,+37.9%,+11.4%,+92.1%
CRS,Extended,Aerospace / defense,Industrials,Capital Goods,Adj,Jun,EPS,CY2027,11.078,11.299,+2.0%,12.11,+7.2%,12.468,+3.0%,434.12,34.8,+12.5%,+37.9%,+11.4%,+92.1%
CRS,Extended,Aerospace / defense,Industrials,Capital Goods,Adj,Jun,EPS,CY2028,10.17,12.31,+21.0%,14.093,+14.5%,14.784,+4.9%,434.12,29.4,+45.4%,+37.9%,+11.4%,+92.1%
HWM,Extended,Aerospace / defense,Industrials,Capital Goods,Adj,Dec,EPS,CY2025,3.506,3.696,+5.4%,3.697,+0.0%,3.697,+0.0%,256.55,69.4,+5.4%,+25.1%,-0.6%,+57.4%
HWM,Extended,Aerospace / defense,Industrials,Capital Goods,Adj,Dec,EPS,CY2026,4.133,4.455,+7.8%,4.578,+2.8%,4.966,+8.5%,256.55,51.7,+20.2%,+25.1%,-0.6%,+57.4%
HWM,Extended,Aerospace / defense,Industrials,Capital Goods,Adj,Dec,EPS,CY2027,4.814,5.232,+8.7%,5.413,+3.5%,5.946,+9.8%,256.55,43.1,+23.5%,+25.1%,-0.6%,+57.4%
HWM,Extended,Aerospace / defense,Industrials,Capital Goods,Adj,Dec,EPS,CY2028,5.437,5.973,+9.9%,6.263,+4.9%,6.939,+10.8%,256.55,37.0,+27.6%,+25.1%,-0.6%,+57.4%
WWD,Extended,Aerospace / defense,Industrials,Capital Goods,Adj,Sep,EPS,CY2025,6.289,6.685,+6.3%,6.685,+0.0%,6.685,+0.0%,351.36,52.6,+6.3%,+16.2%,-10.8%,+70.6%
WWD,Extended,Aerospace / defense,Industrials,Capital Goods,Adj,Sep,EPS,CY2026,7.399,7.876,+6.4%,8.726,+10.8%,9.409,+7.8%,351.36,37.3,+27.2%,+16.2%,-10.8%,+70.6%
WWD,Extended,Aerospace / defense,Industrials,Capital Goods,Adj,Sep,EPS,CY2027,8.499,9.103,+7.1%,10.121,+11.2%,10.584,+4.6%,351.36,33.2,+24.5%,+16.2%,-10.8%,+70.6%
WWD,Extended,Aerospace / defense,Industrials,Capital Goods,Adj,Sep,EPS,CY2028,8.395,9.79,+16.6%,11.837,+20.9%,12.561,+6.1%,351.36,28.0,+49.6%,+16.2%,-10.8%,+70.6%
HXL,Extended,Aerospace / defense,Industrials,Capital Goods,Adj,Dec,EPS,CY2025,1.901,1.706,-10.3%,1.696,-0.6%,1.696,+0.0%,86.19,50.8,-10.8%,+16.6%,-4.2%,+65.5%
HXL,Extended,Aerospace / defense,Industrials,Capital Goods,Adj,Dec,EPS,CY2026,2.565,2.363,-7.9%,2.228,-5.7%,2.283,+2.5%,86.19,37.8,-11.0%,+16.6%,-4.2%,+65.5%
HXL,Extended,Aerospace / defense,Industrials,Capital Goods,Adj,Dec,EPS,CY2027,3.175,3.403,+7.2%,3.088,-9.3%,3.05,-1.2%,86.19,28.3,-3.9%,+16.6%,-4.2%,+65.5%
HXL,Extended,Aerospace / defense,Industrials,Capital Goods,Adj,Dec,EPS,CY2028,3.928,4.092,+4.2%,3.868,-5.5%,3.782,-2.2%,86.19,22.8,-3.7%,+16.6%,-4.2%,+65.5%
AL,Extended,Aerospace / defense,Industrials,Capital Goods,Adj,Dec,EPS,CY2025,7.25,5.815,-19.8%,8.91,+53.2%,8.91,+0.0%,,,+22.9%,,,
AL,Extended,Aerospace / defense,Industrials,Capital Goods,Adj,Dec,EPS,CY2026,6.795,7.1,+4.5%,7.21,+1.5%,7.2,-0.1%,,,+6.0%,,,
AL,Extended,Aerospace / defense,Industrials,Capital Goods,Adj,Dec,EPS,CY2027,8.3,8.43,+1.6%,7.84,-7.0%,8.04,+2.6%,,,-3.1%,,,
AL,Extended,Aerospace / defense,Industrials,Capital Goods,Adj,Dec,EPS,CY2028,,,,8.55,,8.55,+0.0%,,,,,,
2588,Extended,Aerospace / defense,Industrials,Capital Goods,Adj,Dec,EPS,CY2025,1.033,1.029,-0.4%,1.045,+1.6%,1.045,+0.0%,77.5,74.2,+1.2%,+6.5%,-12.5%,+22.9%
2588,Extended,Aerospace / defense,Industrials,Capital Goods,Adj,Dec,EPS,CY2026,1.152,1.159,+0.6%,1.17,+0.9%,1.194,+2.1%,77.5,64.9,+3.6%,+6.5%,-12.5%,+22.9%
2588,Extended,Aerospace / defense,Industrials,Capital Goods,Adj,Dec,EPS,CY2027,,1.274,,1.288,+1.1%,1.361,+5.7%,77.5,56.9,,+6.5%,-12.5%,+22.9%
2588,Extended,Aerospace / defense,Industrials,Capital Goods,Adj,Dec,EPS,CY2028,,,,,,1.495,,77.5,51.8,,+6.5%,-12.5%,+22.9%
FDS,Extended,Data / Information Svc,Financials,Financial Services,Adj,Aug,EPS,CY2025,17.088,17.095,+0.0%,17.095,+0.0%,17.095,+0.0%,232.0,13.6,+0.0%,-20.1%,+18.9%,-50.0%
FDS,Extended,Data / Information Svc,Financials,Financial Services,Adj,Aug,EPS,CY2026,18.348,17.323,-5.6%,17.497,+1.0%,17.709,+1.2%,232.0,13.1,-3.5%,-20.1%,+18.9%,-50.0%
FDS,Extended,Data / Information Svc,Financials,Financial Services,Adj,Aug,EPS,CY2027,19.939,18.781,-5.8%,18.961,+1.0%,19.495,+2.8%,232.0,11.9,-2.2%,-20.1%,+18.9%,-50.0%
FDS,Extended,Data / Information Svc,Financials,Financial Services,Adj,Aug,EPS,CY2028,21.908,20.25,-7.6%,20.806,+2.7%,21.417,+2.9%,232.0,10.8,-2.2%,-20.1%,+18.9%,-50.0%
EXPN,Extended,Data / Information Svc,Industrials,Commercial & Professional Serv,Adj,Mar,EPS,CY2025,1.744,1.77,+1.5%,1.783,+0.7%,1.797,+0.8%,2591.0,14.4,+3.0%,-23.0%,-0.0%,-32.0%
EXPN,Extended,Data / Information Svc,Industrials,Commercial & Professional Serv,Adj,Mar,EPS,CY2026,1.968,2.002,+1.7%,2.023,+1.0%,2.016,-0.3%,2591.0,12.9,+2.4%,-23.0%,-0.0%,-32.0%
EXPN,Extended,Data / Information Svc,Industrials,Commercial & Professional Serv,Adj,Mar,EPS,CY2027,2.189,2.26,+3.2%,2.295,+1.5%,2.309,+0.6%,2591.0,11.2,+5.5%,-23.0%,-0.0%,-32.0%
EXPN,Extended,Data / Information Svc,Industrials,Commercial & Professional Serv,Adj,Mar,EPS,CY2028,2.548,2.514,-1.3%,2.565,+2.0%,2.575,+0.4%,2591.0,10.1,+1.1%,-23.0%,-0.0%,-32.0%
EFX,Extended,Data / Information Svc,Industrials,Commercial & Professional Serv,Adj,Dec,EPS,CY2025,7.608,7.605,-0.0%,7.618,+0.2%,7.618,+0.0%,164.04,21.5,+0.1%,-24.4%,-16.9%,-37.7%
EFX,Extended,Data / Information Svc,Industrials,Commercial & Professional Serv,Adj,Dec,EPS,CY2026,9.317,8.845,-5.1%,8.572,-3.1%,8.603,+0.4%,164.04,19.1,-7.7%,-24.4%,-16.9%,-37.7%
EFX,Extended,Data / Information Svc,Industrials,Commercial & Professional Serv,Adj,Dec,EPS,CY2027,11.875,10.655,-10.3%,10.386,-2.5%,10.258,-1.2%,164.04,16.0,-13.6%,-24.4%,-16.9%,-37.7%
EFX,Extended,Data / Information Svc,Industrials,Commercial & Professional Serv,Adj,Dec,EPS,CY2028,13.875,12.581,-9.3%,12.49,-0.7%,12.413,-0.6%,164.04,13.2,-10.5%,-24.4%,-16.9%,-37.7%
TRU,Extended,Data / Information Svc,Industrials,Commercial & Professional Serv,Adj,Dec,EPS,CY2025,4.113,4.215,+2.5%,4.24,+0.6%,4.24,+0.0%,70.66,16.7,+3.1%,-17.6%,-7.3%,-16.4%
TRU,Extended,Data / Information Svc,Industrials,Commercial & Professional Serv,Adj,Dec,EPS,CY2026,4.816,4.827,+0.2%,4.798,-0.6%,4.761,-0.8%,70.66,14.8,-1.1%,-17.6%,-7.3%,-16.4%
TRU,Extended,Data / Information Svc,Industrials,Commercial & Professional Serv,Adj,Dec,EPS,CY2027,5.716,5.582,-2.3%,5.528,-1.0%,5.534,+0.1%,70.66,12.8,-3.2%,-17.6%,-7.3%,-16.4%
TRU,Extended,Data / Information Svc,Industrials,Commercial & Professional Serv,Adj,Dec,EPS,CY2028,6.448,6.347,-1.6%,6.434,+1.4%,6.614,+2.8%,70.66,10.7,+2.6%,-17.6%,-7.3%,-16.4%
ADP,Extended,Data / Information Svc,Industrials,Commercial & Professional Serv,Adj,Jun,EPS,CY2025,9.989,9.975,-0.1%,9.975,+0.0%,9.975,+0.0%,225.31,22.6,-0.1%,-12.4%,+5.1%,-30.0%
ADP,Extended,Data / Information Svc,Industrials,Commercial & Professional Serv,Adj,Jun,EPS,CY2026,10.871,10.943,+0.7%,10.963,+0.2%,11.071,+1.0%,225.31,20.4,+1.8%,-12.4%,+5.1%,-30.0%
ADP,Extended,Data / Information Svc,Industrials,Commercial & Professional Serv,Adj,Jun,EPS,CY2027,11.819,11.944,+1.1%,11.958,+0.1%,12.191,+1.9%,225.31,18.5,+3.1%,-12.4%,+5.1%,-30.0%
ADP,Extended,Data / Information Svc,Industrials,Commercial & Professional Serv,Adj,Jun,EPS,CY2028,12.833,13.033,+1.6%,12.951,-0.6%,13.32,+2.8%,225.31,16.9,+3.8%,-12.4%,+5.1%,-30.0%
PAYX,Extended,Data / Information Svc,Industrials,Commercial & Professional Serv,Adj,May,EPS,CY2025,4.996,4.996,+0.0%,4.996,+0.0%,4.996,+0.0%,97.0,19.4,+0.0%,-13.5%,+6.3%,-37.9%
PAYX,Extended,Data / Information Svc,Industrials,Commercial & Professional Serv,Adj,May,EPS,CY2026,5.316,5.435,+2.2%,5.502,+1.2%,5.495,-0.1%,97.0,17.7,+3.4%,-13.5%,+6.3%,-37.9%
PAYX,Extended,Data / Information Svc,Industrials,Commercial & Professional Serv,Adj,May,EPS,CY2027,5.684,5.862,+3.1%,5.932,+1.2%,5.927,-0.1%,97.0,16.4,+4.3%,-13.5%,+6.3%,-37.9%
PAYX,Extended,Data / Information Svc,Industrials,Commercial & Professional Serv,Adj,May,EPS,CY2028,,6.19,,6.245,+0.9%,6.235,-0.2%,97.0,15.6,,-13.5%,+6.3%,-37.9%
PAYC,Extended,Data / Information Svc,Industrials,Commercial & Professional Serv,Adj,Dec,EPS,CY2025,8.97,9.269,+3.3%,9.269,+0.0%,9.269,+0.0%,137.8,14.9,+3.3%,-13.5%,+20.1%,-47.3%
PAYC,Extended,Data / Information Svc,Industrials,Commercial & Professional Serv,Adj,Dec,EPS,CY2026,9.918,10.083,+1.7%,10.226,+1.4%,10.92,+6.8%,137.8,12.6,+10.1%,-13.5%,+20.1%,-47.3%
PAYC,Extended,Data / Information Svc,Industrials,Commercial & Professional Serv,Adj,Dec,EPS,CY2027,11.378,11.304,-0.7%,11.304,+0.0%,12.301,+8.8%,137.8,11.2,+8.1%,-13.5%,+20.1%,-47.3%
PAYC,Extended,Data / Information Svc,Industrials,Commercial & Professional Serv,Adj,Dec,EPS,CY2028,12.855,13.05,+1.5%,12.459,-4.5%,13.849,+11.2%,137.8,10.0,+7.7%,-13.5%,+20.1%,-47.3%
MKTX,Extended,Data / Information Svc,Financials,Financial Services,Adj,Dec,EPS,CY2025,7.266,7.178,-1.2%,7.143,-0.5%,7.143,+0.0%,137.13,19.2,-1.7%,-24.3%,-24.3%,-36.6%
MKTX,Extended,Data / Information Svc,Financials,Financial Services,Adj,Dec,EPS,CY2026,8.539,8.131,-4.8%,8.143,+0.1%,8.091,-0.6%,137.13,16.9,-5.2%,-24.3%,-24.3%,-36.6%
MKTX,Extended,Data / Information Svc,Financials,Financial Services,Adj,Dec,EPS,CY2027,9.952,9.157,-8.0%,8.961,-2.1%,8.861,-1.1%,137.13,15.5,-11.0%,-24.3%,-24.3%,-36.6%
MKTX,Extended,Data / Information Svc,Financials,Financial Services,Adj,Dec,EPS,CY2028,11.043,10.388,-5.9%,10.047,-3.3%,9.967,-0.8%,137.13,13.8,-9.7%,-24.3%,-24.3%,-36.6%
VRSK,Extended,Data / Information Svc,Industrials,Commercial & Professional Serv,Adj,Dec,EPS,CY2025,7.049,6.949,-1.4%,6.948,-0.0%,6.948,+0.0%,171.11,24.6,-1.4%,-23.5%,-6.2%,-45.6%
VRSK,Extended,Data / Information Svc,Industrials,Commercial & Professional Serv,Adj,Dec,EPS,CY2026,7.89,7.709,-2.3%,7.628,-1.1%,7.641,+0.2%,171.11,22.4,-3.2%,-23.5%,-6.2%,-45.6%
VRSK,Extended,Data / Information Svc,Industrials,Commercial & Professional Serv,Adj,Dec,EPS,CY2027,8.793,8.656,-1.6%,8.622,-0.4%,8.659,+0.4%,171.11,19.8,-1.5%,-23.5%,-6.2%,-45.6%
VRSK,Extended,Data / Information Svc,Industrials,Commercial & Professional Serv,Adj,Dec,EPS,CY2028,9.92,9.817,-1.0%,9.721,-1.0%,9.679,-0.4%,171.11,17.7,-2.4%,-23.5%,-6.2%,-45.6%
EXPE,Extended,Travel / tourism,Consumer Discretionary,Consumer Services,Adj,Dec,EPS,CY2025,14.107,15.328,+8.7%,15.43,+0.7%,15.43,+0.0%,214.65,13.9,+9.4%,-24.2%,+5.5%,+33.6%
EXPE,Extended,Travel / tourism,Consumer Discretionary,Consumer Services,Adj,Dec,EPS,CY2026,16.756,18.325,+9.4%,19.329,+5.5%,19.731,+2.1%,214.65,10.9,+17.8%,-24.2%,+5.5%,+33.6%
EXPE,Extended,Travel / tourism,Consumer Discretionary,Consumer Services,Adj,Dec,EPS,CY2027,20.172,21.665,+7.4%,22.713,+4.8%,23.217,+2.2%,214.65,9.2,+15.1%,-24.2%,+5.5%,+33.6%
EXPE,Extended,Travel / tourism,Consumer Discretionary,Consumer Services,Adj,Dec,EPS,CY2028,23.555,26.064,+10.7%,26.952,+3.4%,27.694,+2.8%,214.65,7.8,+17.6%,-24.2%,+5.5%,+33.6%
TRIP,Extended,Travel / tourism,Communication Services,Media & Entertainment,Adj,Dec,EPS,CY2025,1.449,1.387,-4.3%,1.381,-0.4%,1.381,+0.0%,10.08,7.3,-4.7%,-30.8%,-6.8%,-27.3%
TRIP,Extended,Travel / tourism,Communication Services,Media & Entertainment,Adj,Dec,EPS,CY2026,1.666,1.8,+8.0%,1.466,-18.6%,1.284,-12.4%,10.08,7.9,-22.9%,-30.8%,-6.8%,-27.3%
TRIP,Extended,Travel / tourism,Communication Services,Media & Entertainment,Adj,Dec,EPS,CY2027,2.281,2.362,+3.6%,1.733,-26.6%,1.542,-11.0%,10.08,6.5,-32.4%,-30.8%,-6.8%,-27.3%
TRIP,Extended,Travel / tourism,Communication Services,Media & Entertainment,Adj,Dec,EPS,CY2028,3.092,3.268,+5.7%,2.484,-24.0%,2.001,-19.4%,10.08,5.0,-35.3%,-30.8%,-6.8%,-27.3%
UHAL,Extended,Travel / tourism,Industrials,Transportation,Adj,Mar,EPS,CY2025,2.33,0.55,-76.4%,0.593,+7.8%,0.407,-31.4%,51.55,126.7,-82.5%,+2.3%,-0.4%,-16.3%
UHAL,Extended,Travel / tourism,Industrials,Transportation,Adj,Mar,EPS,CY2026,1.3,1.215,-6.5%,1.085,-10.7%,0.845,-22.1%,51.55,61.0,-35.0%,+2.3%,-0.4%,-16.3%
UHAL,Extended,Travel / tourism,Industrials,Transportation,Adj,Mar,EPS,CY2027,,,,,,,,51.55,,,+2.3%,-0.4%,-16.3%
UHAL,Extended,Travel / tourism,Industrials,Transportation,Adj,Mar,EPS,CY2028,,,,,,,,51.55,,,+2.3%,-0.4%,-16.3%
MGM,Extended,Travel / tourism,Consumer Discretionary,Consumer Services,Adj,Dec,EPS,CY2025,2.155,2.101,-2.5%,2.219,+5.6%,2.219,+0.0%,38.4,17.3,+3.0%,+5.2%,+4.4%,+22.5%
MGM,Extended,Travel / tourism,Consumer Discretionary,Consumer Services,Adj,Dec,EPS,CY2026,2.51,2.063,-17.8%,2.031,-1.6%,1.855,-8.7%,38.4,20.7,-26.1%,+5.2%,+4.4%,+22.5%
MGM,Extended,Travel / tourism,Consumer Discretionary,Consumer Services,Adj,Dec,EPS,CY2027,2.951,2.751,-6.8%,2.51,-8.8%,2.233,-11.0%,38.4,17.2,-24.3%,+5.2%,+4.4%,+22.5%
MGM,Extended,Travel / tourism,Consumer Discretionary,Consumer Services,Adj,Dec,EPS,CY2028,3.865,3.323,-14.0%,3.054,-8.1%,2.911,-4.7%,38.4,13.2,-24.7%,+5.2%,+4.4%,+22.5%
WYNN,Extended,Travel / tourism,Consumer Discretionary,Consumer Services,Adj,Dec,EPS,CY2025,4.994,4.526,-9.4%,4.518,-0.2%,4.518,+0.0%,97.24,21.5,-9.5%,-19.2%,-15.3%,+7.0%
WYNN,Extended,Travel / tourism,Consumer Discretionary,Consumer Services,Adj,Dec,EPS,CY2026,5.742,5.831,+1.5%,5.472,-6.2%,4.811,-12.1%,97.24,20.2,-16.2%,-19.2%,-15.3%,+7.0%
WYNN,Extended,Travel / tourism,Consumer Discretionary,Consumer Services,Adj,Dec,EPS,CY2027,6.079,6.305,+3.7%,6.001,-4.8%,5.979,-0.4%,97.24,16.3,-1.6%,-19.2%,-15.3%,+7.0%
WYNN,Extended,Travel / tourism,Consumer Discretionary,Consumer Services,Adj,Dec,EPS,CY2028,8.23,7.883,-4.2%,6.765,-14.2%,6.177,-8.7%,97.24,15.7,-24.9%,-19.2%,-15.3%,+7.0%
H,Extended,Travel / tourism,Consumer Discretionary,Consumer Services,Adj,Dec,EPS,CY2025,2.412,1.581,-34.5%,1.329,-15.9%,1.329,+0.0%,174.15,131.0,-44.9%,+8.6%,+1.3%,+36.5%
H,Extended,Travel / tourism,Consumer Discretionary,Consumer Services,Adj,Dec,EPS,CY2026,3.548,3.776,+6.4%,3.567,-5.5%,3.454,-3.2%,174.15,50.4,-2.6%,+8.6%,+1.3%,+36.5%
H,Extended,Travel / tourism,Consumer Discretionary,Consumer Services,Adj,Dec,EPS,CY2027,4.387,4.704,+7.2%,4.638,-1.4%,4.742,+2.2%,174.15,36.7,+8.1%,+8.6%,+1.3%,+36.5%
H,Extended,Travel / tourism,Consumer Discretionary,Consumer Services,Adj,Dec,EPS,CY2028,7.013,7.01,-0.0%,5.74,-18.1%,5.775,+0.6%,174.15,30.2,-17.7%,+8.6%,+1.3%,+36.5%
IHG,Extended,Travel / tourism,Consumer Discretionary,Consumer Services,Adj,Dec,EPS,CY2025,4.938,4.995,+1.2%,4.984,-0.2%,4.984,+0.0%,152.35,0.3,+0.9%,+8.3%,+7.2%,+31.0%
IHG,Extended,Travel / tourism,Consumer Discretionary,Consumer Services,Adj,Dec,EPS,CY2026,5.592,5.6,+0.1%,5.608,+0.1%,5.701,+1.7%,152.35,0.3,+1.9%,+8.3%,+7.2%,+31.0%
IHG,Extended,Travel / tourism,Consumer Discretionary,Consumer Services,Adj,Dec,EPS,CY2027,6.248,6.292,+0.7%,6.317,+0.4%,6.501,+2.9%,152.35,0.2,+4.0%,+8.3%,+7.2%,+31.0%
IHG,Extended,Travel / tourism,Consumer Discretionary,Consumer Services,Adj,Dec,EPS,CY2028,7.07,7.115,+0.6%,7.177,+0.9%,7.326,+2.1%,152.35,0.2,+3.6%,+8.3%,+7.2%,+31.0%
AMS,Extended,Travel / tourism,Consumer Discretionary,Consumer Services,Adj,Dec,EPS,CY2025,3.181,3.134,-1.5%,3.128,-0.2%,3.123,-0.2%,51.46,16.5,-1.8%,-18.1%,+5.0%,-29.6%
AMS,Extended,Travel / tourism,Consumer Discretionary,Consumer Services,Adj,Dec,EPS,CY2026,3.597,3.493,-2.9%,3.481,-0.3%,3.417,-1.8%,51.46,15.1,-5.0%,-18.1%,+5.0%,-29.6%
AMS,Extended,Travel / tourism,Consumer Discretionary,Consumer Services,Adj,Dec,EPS,CY2027,4.025,3.877,-3.7%,3.843,-0.9%,3.813,-0.8%,51.46,13.5,-5.3%,-18.1%,+5.0%,-29.6%
AMS,Extended,Travel / tourism,Consumer Discretionary,Consumer Services,Adj,Dec,EPS,CY2028,4.613,4.241,-8.1%,4.194,-1.1%,4.226,+0.8%,51.46,12.2,-8.4%,-18.1%,+5.0%,-29.6%
SABR,Extended,Travel / tourism,Consumer Discretionary,Consumer Services,Adj,Dec,EPS,CY2025,0.114,-0.07,-161.4%,-0.065,+7.1%,-0.065,+0.0%,1.53,-23.5,-157.0%,+12.5%,+56.5%,-40.7%
SABR,Extended,Travel / tourism,Consumer Discretionary,Consumer Services,Adj,Dec,EPS,CY2026,0.34,0.178,-47.6%,0.059,-66.9%,0.0,-100.0%,1.53,,-100.0%,+12.5%,+56.5%,-40.7%
SABR,Extended,Travel / tourism,Consumer Discretionary,Consumer Services,Adj,Dec,EPS,CY2027,0.394,0.195,-50.5%,0.188,-3.6%,0.17,-9.6%,1.53,9.0,-56.9%,+12.5%,+56.5%,-40.7%
SABR,Extended,Travel / tourism,Consumer Discretionary,Consumer Services,Adj,Dec,EPS,CY2028,0.52,0.38,-26.9%,0.26,-31.6%,0.187,-28.1%,1.53,8.2,-64.0%,+12.5%,+56.5%,-40.7%
EFN,Extended,Travel / tourism,Industrials,Commercial & Professional Serv,Adj,Dec,EPS,CY2025,1.21,1.245,+2.9%,1.245,+0.0%,1.245,+0.0%,27.92,22.4,+2.9%,-22.6%,-18.4%,-15.1%
EFN,Extended,Travel / tourism,Industrials,Commercial & Professional Serv,Adj,Dec,EPS,CY2026,1.373,1.416,+3.1%,1.421,+0.4%,1.412,-0.6%,27.92,19.8,+2.8%,-22.6%,-18.4%,-15.1%
EFN,Extended,Travel / tourism,Industrials,Commercial & Professional Serv,Adj,Dec,EPS,CY2027,1.53,1.56,+2.0%,1.562,+0.1%,1.562,+0.0%,27.92,17.9,+2.1%,-22.6%,-18.4%,-15.1%
EFN,Extended,Travel / tourism,Industrials,Commercial & Professional Serv,Adj,Dec,EPS,CY2028,,,,,,1.68,,27.92,16.6,,-22.6%,-18.4%,-15.1%
CAR,Extended,Travel / tourism,Industrials,Transportation,Adj,Dec,EPS,CY2025,9.056,0.324,-96.4%,0.259,-20.1%,0.259,+0.0%,167.05,645.0,-97.1%,+30.2%,+73.2%,+41.9%
CAR,Extended,Travel / tourism,Industrials,Transportation,Adj,Dec,EPS,CY2026,12.229,9.676,-20.9%,4.801,-50.4%,4.186,-12.8%,167.05,39.9,-65.8%,+30.2%,+73.2%,+41.9%
CAR,Extended,Travel / tourism,Industrials,Transportation,Adj,Dec,EPS,CY2027,11.185,11.51,+2.9%,7.32,-36.4%,8.253,+12.7%,167.05,20.2,-26.2%,+30.2%,+73.2%,+41.9%
CAR,Extended,Travel / tourism,Industrials,Transportation,Adj,Dec,EPS,CY2028,21.83,21.83,+0.0%,9.93,-54.5%,9.545,-3.9%,167.05,17.5,-56.3%,+30.2%,+73.2%,+41.9%
HTZ,Extended,Travel / tourism,Industrials,Transportation,Adj,Dec,EPS,CY2025,-1.525,-1.898,-24.5%,-1.896,+0.1%,-1.896,+0.0%,5.3,-2.8,-24.3%,+3.1%,+13.6%,-27.0%
HTZ,Extended,Travel / tourism,Industrials,Transportation,Adj,Dec,EPS,CY2026,-0.381,-0.568,-49.1%,-0.502,+11.6%,-0.814,-62.2%,5.3,-6.5,-113.6%,+3.1%,+13.6%,-27.0%
HTZ,Extended,Travel / tourism,Industrials,Transportation,Adj,Dec,EPS,CY2027,-0.087,0.111,+227.6%,0.213,+91.9%,0.112,-47.4%,5.3,47.3,+228.7%,+3.1%,+13.6%,-27.0%
HTZ,Extended,Travel / tourism,Industrials,Transportation,Adj,Dec,EPS,CY2028,0.17,0.19,+11.8%,0.19,+0.0%,0.363,+91.1%,5.3,14.6,+113.5%,+3.1%,+13.6%,-27.0%
DAL,Extended,Travel / tourism,Industrials,Transportation,Adj,Dec,EPS,CY2025,5.38,6.001,+11.5%,5.801,-3.3%,5.801,+0.0%,76.14,13.1,+7.8%,+9.7%,+9.6%,+57.0%
DAL,Extended,Travel / tourism,Industrials,Transportation,Adj,Dec,EPS,CY2026,6.671,7.118,+6.7%,7.153,+0.5%,5.434,-24.0%,76.14,14.0,-18.5%,+9.7%,+9.6%,+57.0%
DAL,Extended,Travel / tourism,Industrials,Transportation,Adj,Dec,EPS,CY2027,7.76,7.899,+1.8%,8.143,+3.1%,8.068,-0.9%,76.14,9.4,+4.0%,+9.7%,+9.6%,+57.0%
DAL,Extended,Travel / tourism,Industrials,Transportation,Adj,Dec,EPS,CY2028,8.62,8.005,-7.1%,8.769,+9.5%,9.34,+6.5%,76.14,8.2,+8.4%,+9.7%,+9.6%,+57.0%
UAL,Extended,Travel / tourism,Industrials,Transportation,Adj,Dec,EPS,CY2025,10.142,10.775,+6.2%,10.435,-3.2%,10.435,+0.0%,99.96,9.6,+2.9%,-10.6%,-11.6%,+31.5%
UAL,Extended,Travel / tourism,Industrials,Transportation,Adj,Dec,EPS,CY2026,12.317,12.896,+4.7%,13.461,+4.4%,9.11,-32.3%,99.96,11.0,-26.0%,-10.6%,-11.6%,+31.5%
UAL,Extended,Travel / tourism,Industrials,Transportation,Adj,Dec,EPS,CY2027,14.048,14.109,+0.4%,15.301,+8.4%,14.3,-6.5%,99.96,7.0,+1.8%,-10.6%,-11.6%,+31.5%
UAL,Extended,Travel / tourism,Industrials,Transportation,Adj,Dec,EPS,CY2028,13.725,13.688,-0.3%,16.349,+19.4%,16.698,+2.1%,99.96,6.0,+21.7%,-10.6%,-11.6%,+31.5%
AAL,Extended,Travel / tourism,Industrials,Transportation,Adj,Dec,EPS,CY2025,0.976,0.731,-25.1%,0.512,-30.0%,0.512,+0.0%,13.85,27.1,-47.5%,-9.7%,+1.9%,+21.5%
AAL,Extended,Travel / tourism,Industrials,Transportation,Adj,Dec,EPS,CY2026,1.98,1.91,-3.5%,2.143,+12.2%,-0.127,-105.9%,13.85,-109.1,-106.4%,-9.7%,+1.9%,+21.5%
AAL,Extended,Travel / tourism,Industrials,Transportation,Adj,Dec,EPS,CY2027,2.644,2.524,-4.5%,2.818,+11.6%,2.294,-18.6%,13.85,6.0,-13.2%,-9.7%,+1.9%,+21.5%
AAL,Extended,Travel / tourism,Industrials,Transportation,Adj,Dec,EPS,CY2028,3.673,3.045,-17.1%,3.3,+8.4%,3.209,-2.8%,13.85,4.3,-12.6%,-9.7%,+1.9%,+21.5%
LHA,Extended,Travel / tourism,Industrials,Transportation,Adj,Dec,EPS,CY2025,1.032,1.088,+5.4%,1.108,+1.8%,1.098,-0.9%,7.89,7.2,+6.4%,-6.1%,-13.2%,+18.7%
LHA,Extended,Travel / tourism,Industrials,Transportation,Adj,Dec,EPS,CY2026,1.287,1.264,-1.8%,1.299,+2.8%,1.019,-21.6%,7.89,7.7,-20.8%,-6.1%,-13.2%,+18.7%
LHA,Extended,Travel / tourism,Industrials,Transportation,Adj,Dec,EPS,CY2027,1.498,1.463,-2.3%,1.493,+2.1%,1.359,-9.0%,7.89,5.8,-9.3%,-6.1%,-13.2%,+18.7%
LHA,Extended,Travel / tourism,Industrials,Transportation,Adj,Dec,EPS,CY2028,1.654,1.659,+0.3%,1.71,+3.1%,1.623,-5.1%,7.89,4.9,-1.9%,-6.1%,-13.2%,+18.7%
RYAAY,Extended,Travel / tourism,Industrials,Transportation,Adj,Mar,EPS,CY2025,3.8,4.172,+9.8%,4.2,+0.7%,4.178,-0.5%,59.62,14.3,+9.9%,-17.4%,-7.5%,+8.0%
RYAAY,Extended,Travel / tourism,Industrials,Transportation,Adj,Mar,EPS,CY2026,4.272,4.76,+11.4%,4.91,+3.2%,3.962,-19.3%,59.62,15.0,-7.3%,-17.4%,-7.5%,+8.0%
RYAAY,Extended,Travel / tourism,Industrials,Transportation,Adj,Mar,EPS,CY2027,4.897,5.177,+5.7%,5.326,+2.9%,4.284,-19.6%,59.62,13.9,-12.5%,-17.4%,-7.5%,+8.0%
RYAAY,Extended,Travel / tourism,Industrials,Transportation,Adj,Mar,EPS,CY2028,5.18,5.297,+2.3%,5.82,+9.9%,4.997,-14.1%,59.62,11.9,-3.5%,-17.4%,-7.5%,+8.0%
LUV,Extended,Travel / tourism,Industrials,Transportation,Adj,Dec,EPS,CY2025,1.173,1.103,-6.0%,0.951,-13.8%,0.951,+0.0%,40.86,43.0,-18.9%,-1.1%,-21.6%,+30.9%
LUV,Extended,Travel / tourism,Industrials,Transportation,Adj,Dec,EPS,CY2026,2.569,2.637,+2.6%,4.284,+62.5%,2.527,-41.0%,40.86,16.2,-1.6%,-1.1%,-21.6%,+30.9%
LUV,Extended,Travel / tourism,Industrials,Transportation,Adj,Dec,EPS,CY2027,3.439,3.563,+3.6%,5.086,+42.7%,4.572,-10.1%,40.86,8.9,+32.9%,-1.1%,-21.6%,+30.9%
LUV,Extended,Travel / tourism,Industrials,Transportation,Adj,Dec,EPS,CY2028,3.477,3.937,+13.2%,5.459,+38.7%,5.036,-7.7%,40.86,8.1,+44.8%,-1.1%,-21.6%,+30.9%
ULCC,Extended,Travel / tourism,Industrials,Transportation,Adj,Dec,EPS,CY2025,-0.263,-0.718,-173.0%,-0.709,+1.3%,-0.709,+0.0%,4.95,-7.0,-169.6%,+5.1%,-5.0%,+32.0%
ULCC,Extended,Travel / tourism,Industrials,Transportation,Adj,Dec,EPS,CY2026,0.378,0.032,-91.5%,0.118,+268.7%,-1.086,-1020.3%,4.95,-4.6,-387.3%,+5.1%,-5.0%,+32.0%
ULCC,Extended,Travel / tourism,Industrials,Transportation,Adj,Dec,EPS,CY2027,0.885,0.582,-34.2%,0.555,-4.6%,0.157,-71.7%,4.95,31.5,-82.3%,+5.1%,-5.0%,+32.0%
ULCC,Extended,Travel / tourism,Industrials,Transportation,Adj,Dec,EPS,CY2028,0.85,1.01,+18.8%,0.945,-6.4%,0.77,-18.5%,4.95,6.4,-9.4%,+5.1%,-5.0%,+32.0%
MTN,Extended,Travel / tourism,Consumer Discretionary,Consumer Services,Adj,Jul,EPS,CY2025,7.663,7.754,+1.2%,7.754,+0.0%,7.754,+0.0%,127.62,16.5,+1.2%,-3.9%,-10.6%,-14.0%
MTN,Extended,Travel / tourism,Consumer Discretionary,Consumer Services,Adj,Jul,EPS,CY2026,8.088,6.834,-15.5%,6.725,-1.6%,4.728,-29.7%,127.62,27.0,-41.5%,-3.9%,-10.6%,-14.0%
MTN,Extended,Travel / tourism,Consumer Discretionary,Consumer Services,Adj,Jul,EPS,CY2027,8.883,7.766,-12.6%,7.838,+0.9%,6.95,-11.3%,127.62,18.4,-21.8%,-3.9%,-10.6%,-14.0%
MTN,Extended,Travel / tourism,Consumer Discretionary,Consumer Services,Adj,Jul,EPS,CY2028,,8.573,,8.638,+0.8%,7.521,-12.9%,127.62,17.0,,-3.9%,-10.6%,-14.0%
RCL,Extended,Travel / tourism,Consumer Discretionary,Consumer Services,Adj,Dec,EPS,CY2025,15.314,15.625,+2.0%,15.657,+0.2%,15.657,+0.0%,256.1,16.4,+2.2%,-8.2%,-18.7%,+7.4%
RCL,Extended,Travel / tourism,Consumer Discretionary,Consumer Services,Adj,Dec,EPS,CY2026,17.662,17.799,+0.8%,18.097,+1.7%,17.355,-4.1%,256.1,14.8,-1.7%,-8.2%,-18.7%,+7.4%
RCL,Extended,Travel / tourism,Consumer Discretionary,Consumer Services,Adj,Dec,EPS,CY2027,20.224,20.469,+1.2%,20.715,+1.2%,19.913,-3.9%,256.1,12.9,-1.5%,-8.2%,-18.7%,+7.4%
RCL,Extended,Travel / tourism,Consumer Discretionary,Consumer Services,Adj,Dec,EPS,CY2028,23.13,23.368,+1.0%,23.763,+1.7%,22.809,-4.0%,256.1,11.2,-1.4%,-8.2%,-18.7%,+7.4%
CCL,Extended,Travel / tourism,Consumer Discretionary,Consumer Services,Adj,Nov,EPS,CY2025,1.855,2.139,+15.3%,2.135,-0.2%,2.135,+0.0%,25.98,12.2,+15.1%,-14.9%,-18.8%,+15.8%
CCL,Extended,Travel / tourism,Consumer Discretionary,Consumer Services,Adj,Nov,EPS,CY2026,2.135,2.418,+13.3%,2.555,+5.7%,2.215,-13.3%,25.98,11.7,+3.7%,-14.9%,-18.8%,+15.8%
CCL,Extended,Travel / tourism,Consumer Discretionary,Consumer Services,Adj,Nov,EPS,CY2027,2.461,2.757,+12.0%,2.831,+2.7%,2.596,-8.3%,25.98,10.0,+5.5%,-14.9%,-18.8%,+15.8%
CCL,Extended,Travel / tourism,Consumer Discretionary,Consumer Services,Adj,Nov,EPS,CY2028,,3.204,,3.188,-0.5%,2.982,-6.5%,25.98,8.7,,-14.9%,-18.8%,+15.8%
PK,Extended,Travel / tourism,Real Estate,Equity Real Estate Investment,Adj,Dec,EPS,CY2025,0.776,-0.328,-142.3%,-0.294,+10.4%,-0.294,+0.0%,11.51,-39.1,-137.9%,+10.0%,+2.3%,+12.2%
PK,Extended,Travel / tourism,Real Estate,Equity Real Estate Investment,Adj,Dec,EPS,CY2026,0.723,0.55,-23.9%,0.389,-29.3%,0.424,+9.0%,11.51,27.1,-41.4%,+10.0%,+2.3%,+12.2%
PK,Extended,Travel / tourism,Real Estate,Equity Real Estate Investment,Adj,Dec,EPS,CY2027,0.79,0.245,-69.0%,0.455,+85.7%,0.718,+57.8%,11.51,16.0,-9.1%,+10.0%,+2.3%,+12.2%
PK,Extended,Travel / tourism,Real Estate,Equity Real Estate Investment,Adj,Dec,EPS,CY2028,0.997,0.335,-66.4%,0.53,+58.2%,0.943,+77.9%,11.51,12.2,-5.4%,+10.0%,+2.3%,+12.2%
ORCL,Extended,Software,Information Technology,Software & Services,GAAP,May,EPS,CY2025,4.346,4.347,+0.0%,4.347,+0.0%,4.347,+0.0%,192.08,44.2,+0.0%,-1.5%,+29.7%,+22.1%
ORCL,Extended,Software,Information Technology,Software & Services,GAAP,May,EPS,CY2026,4.86,5.085,+4.6%,5.897,+16.0%,5.848,-0.8%,192.08,32.8,+20.3%,-1.5%,+29.7%,+22.1%
ORCL,Extended,Software,Information Technology,Software & Services,GAAP,May,EPS,CY2027,6.248,6.353,+1.7%,6.41,+0.9%,6.261,-2.3%,192.08,30.7,+0.2%,-1.5%,+29.7%,+22.1%
ORCL,Extended,Software,Information Technology,Software & Services,GAAP,May,EPS,CY2028,7.733,9.345,+20.8%,9.052,-3.1%,8.791,-2.9%,192.08,21.8,+13.7%,-1.5%,+29.7%,+22.1%
INTU,Extended,Software,Information Technology,Software & Services,Adj,Jul,EPS,CY2025,19.661,20.096,+2.2%,20.096,+0.0%,20.096,+0.0%,319.94,15.9,+2.2%,-51.7%,-15.9%,-52.0%
INTU,Extended,Software,Information Technology,Software & Services,Adj,Jul,EPS,CY2026,22.481,23.158,+3.0%,23.16,+0.0%,23.711,+2.4%,319.94,13.5,+5.5%,-51.7%,-15.9%,-52.0%
INTU,Extended,Software,Information Technology,Software & Services,Adj,Jul,EPS,CY2027,25.401,26.33,+3.7%,26.397,+0.3%,27.071,+2.6%,319.94,11.8,+6.6%,-51.7%,-15.9%,-52.0%
INTU,Extended,Software,Information Technology,Software & Services,Adj,Jul,EPS,CY2028,28.393,29.893,+5.3%,29.919,+0.1%,30.665,+2.5%,319.94,10.4,+8.0%,-51.7%,-15.9%,-52.0%
SAP,Extended,Software,Information Technology,Software & Services,Adj,Dec,EPS,CY2025,6.193,6.105,-1.4%,6.036,-1.1%,6.036,+0.0%,151.78,25.1,-2.5%,-27.2%,-12.7%,-42.8%
SAP,Extended,Software,Information Technology,Software & Services,Adj,Dec,EPS,CY2026,7.282,7.24,-0.6%,7.187,-0.7%,7.236,+0.7%,151.78,21.0,-0.6%,-27.2%,-12.7%,-42.8%
SAP,Extended,Software,Information Technology,Software & Services,Adj,Dec,EPS,CY2027,8.629,8.652,+0.3%,8.417,-2.7%,8.44,+0.3%,151.78,18.0,-2.2%,-27.2%,-12.7%,-42.8%
SAP,Extended,Software,Information Technology,Software & Services,Adj,Dec,EPS,CY2028,10.246,10.124,-1.2%,9.949,-1.7%,9.858,-0.9%,151.78,15.4,-3.8%,-27.2%,-12.7%,-42.8%
CRWD,Extended,Software,Information Technology,Software & Services,Adj,Jan,EPS,CY2025,3.449,3.673,+6.5%,3.717,+1.2%,3.716,-0.0%,663.46,178.5,+7.7%,+41.5%,+70.7%,+49.4%
CRWD,Extended,Software,Information Technology,Software & Services,Adj,Jan,EPS,CY2026,4.586,4.767,+3.9%,4.803,+0.8%,4.862,+1.2%,663.46,136.5,+6.0%,+41.5%,+70.7%,+49.4%
CRWD,Extended,Software,Information Technology,Software & Services,Adj,Jan,EPS,CY2027,6.187,6.093,-1.5%,6.132,+0.6%,6.206,+1.2%,663.46,106.9,+0.3%,+41.5%,+70.7%,+49.4%
CRWD,Extended,Software,Information Technology,Software & Services,Adj,Jan,EPS,CY2028,8.593,7.851,-8.6%,7.97,+1.5%,8.057,+1.1%,663.46,82.3,-6.2%,+41.5%,+70.7%,+49.4%
PLTR,Extended,Software,Information Technology,Software & Services,GAAP,Dec,EPS,CY2025,0.322,0.569,+76.7%,0.566,-0.5%,0.566,+0.0%,136.88,241.8,+75.8%,-23.0%,+1.2%,+11.9%
PLTR,Extended,Software,Information Technology,Software & Services,GAAP,Dec,EPS,CY2026,0.422,0.759,+79.9%,1.108,+46.0%,1.297,+17.1%,136.88,105.5,+207.3%,-23.0%,+1.2%,+11.9%
PLTR,Extended,Software,Information Technology,Software & Services,GAAP,Dec,EPS,CY2027,0.64,1.07,+67.2%,1.599,+49.4%,1.79,+11.9%,136.88,76.5,+179.7%,-23.0%,+1.2%,+11.9%
PLTR,Extended,Software,Information Technology,Software & Services,GAAP,Dec,EPS,CY2028,1.07,1.887,+76.4%,2.014,+6.7%,2.577,+28.0%,136.88,53.1,+140.8%,-23.0%,+1.2%,+11.9%
PANW,Extended,Software,Information Technology,Software & Services,GAAP,Jul,EPS,CY2025,1.942,1.964,+1.1%,1.964,+0.0%,1.964,+0.0%,260.58,132.7,+1.1%,+41.5%,+75.2%,+40.0%
PANW,Extended,Software,Information Technology,Software & Services,GAAP,Jul,EPS,CY2026,2.066,2.238,+8.3%,2.061,-7.9%,2.005,-2.7%,260.58,130.0,-3.0%,+41.5%,+75.2%,+40.0%
PANW,Extended,Software,Information Technology,Software & Services,GAAP,Jul,EPS,CY2027,2.734,2.754,+0.7%,2.529,-8.2%,2.441,-3.5%,260.58,106.8,-10.7%,+41.5%,+75.2%,+40.0%
PANW,Extended,Software,Information Technology,Software & Services,GAAP,Jul,EPS,CY2028,3.307,3.131,-5.3%,2.983,-4.7%,3.042,+2.0%,260.58,85.7,-8.0%,+41.5%,+75.2%,+40.0%
FTNT,Extended,Software,Information Technology,Software & Services,Adj,Dec,EPS,CY2025,2.482,2.692,+8.5%,2.693,+0.0%,2.693,+0.0%,133.93,49.7,+8.5%,+68.7%,+67.4%,+29.3%
FTNT,Extended,Software,Information Technology,Software & Services,Adj,Dec,EPS,CY2026,2.826,2.931,+3.7%,2.982,+1.7%,3.157,+5.9%,133.93,42.4,+11.7%,+68.7%,+67.4%,+29.3%
FTNT,Extended,Software,Information Technology,Software & Services,Adj,Dec,EPS,CY2027,3.214,3.249,+1.1%,3.314,+2.0%,3.432,+3.6%,133.93,39.0,+6.8%,+68.7%,+67.4%,+29.3%
FTNT,Extended,Software,Information Technology,Software & Services,Adj,Dec,EPS,CY2028,3.616,3.472,-4.0%,3.723,+7.2%,3.788,+1.7%,133.93,35.4,+4.8%,+68.7%,+67.4%,+29.3%
TEAM,Extended,Software,Information Technology,Software & Services,Adj,Jun,EPS,CY2025,3.587,3.563,-0.7%,3.563,+0.0%,3.563,+0.0%,85.42,24.0,-0.7%,-47.3%,+12.4%,-59.0%
TEAM,Extended,Software,Information Technology,Software & Services,Adj,Jun,EPS,CY2026,4.245,4.872,+14.8%,4.755,-2.4%,5.502,+15.7%,85.42,15.5,+29.6%,-47.3%,+12.4%,-59.0%
TEAM,Extended,Software,Information Technology,Software & Services,Adj,Jun,EPS,CY2027,5.205,5.624,+8.0%,5.49,-2.4%,6.247,+13.8%,85.42,13.7,+20.0%,-47.3%,+12.4%,-59.0%
TEAM,Extended,Software,Information Technology,Software & Services,Adj,Jun,EPS,CY2028,6.338,6.826,+7.7%,6.575,-3.7%,7.397,+12.5%,85.42,11.5,+16.7%,-47.3%,+12.4%,-59.0%
TYL,Extended,Software,Information Technology,Software & Services,Adj,Dec,EPS,CY2025,11.179,11.415,+2.1%,11.413,-0.0%,11.413,+0.0%,313.25,27.4,+2.1%,-31.0%,-1.2%,-44.8%
TYL,Extended,Software,Information Technology,Software & Services,Adj,Dec,EPS,CY2026,12.379,12.569,+1.5%,12.539,-0.2%,12.648,+0.9%,313.25,24.8,+2.2%,-31.0%,-1.2%,-44.8%
TYL,Extended,Software,Information Technology,Software & Services,Adj,Dec,EPS,CY2027,13.966,14.322,+2.5%,14.186,-0.9%,14.313,+0.9%,313.25,21.9,+2.5%,-31.0%,-1.2%,-44.8%
TYL,Extended,Software,Information Technology,Software & Services,Adj,Dec,EPS,CY2028,15.763,15.928,+1.0%,16.006,+0.5%,16.247,+1.5%,313.25,19.3,+3.1%,-31.0%,-1.2%,-44.8%
BLKB,Extended,Software,Information Technology,Software & Services,Adj,Dec,EPS,CY2025,4.223,4.412,+4.5%,4.415,+0.1%,4.415,+0.0%,29.57,6.7,+4.5%,-53.3%,-39.8%,-52.1%
BLKB,Extended,Software,Information Technology,Software & Services,Adj,Dec,EPS,CY2026,4.565,4.922,+7.8%,5.193,+5.5%,5.194,+0.0%,29.57,5.7,+13.8%,-53.3%,-39.8%,-52.1%
BLKB,Extended,Software,Information Technology,Software & Services,Adj,Dec,EPS,CY2027,4.43,5.278,+19.1%,5.858,+11.0%,5.866,+0.1%,29.57,5.0,+32.4%,-53.3%,-39.8%,-52.1%
BLKB,Extended,Software,Information Technology,Software & Services,Adj,Dec,EPS,CY2028,5.16,5.21,+1.0%,6.04,+15.9%,6.06,+0.3%,29.57,4.9,+17.4%,-53.3%,-39.8%,-52.1%
TWLO,Extended,Software,Information Technology,Software & Services,Adj,Dec,EPS,CY2025,4.587,4.804,+4.7%,4.797,-0.1%,4.797,+0.0%,187.88,39.2,+4.6%,+32.1%,+66.1%,+62.1%
TWLO,Extended,Software,Information Technology,Software & Services,Adj,Dec,EPS,CY2026,5.288,5.444,+3.0%,5.421,-0.4%,5.692,+5.0%,187.88,33.0,+7.6%,+32.1%,+66.1%,+62.1%
TWLO,Extended,Software,Information Technology,Software & Services,Adj,Dec,EPS,CY2027,6.23,6.287,+0.9%,6.378,+1.4%,6.54,+2.5%,187.88,28.7,+5.0%,+32.1%,+66.1%,+62.1%
TWLO,Extended,Software,Information Technology,Software & Services,Adj,Dec,EPS,CY2028,7.23,6.843,-5.4%,7.265,+6.2%,7.679,+5.7%,187.88,24.5,+6.2%,+32.1%,+66.1%,+62.1%
DBX,Extended,Software,Information Technology,Software & Services,Adj,Dec,EPS,CY2025,2.629,2.798,+6.4%,2.793,-0.2%,2.793,+0.0%,27.43,9.8,+6.2%,-1.3%,+7.7%,-4.6%
DBX,Extended,Software,Information Technology,Software & Services,Adj,Dec,EPS,CY2026,2.855,3.001,+5.1%,2.975,-0.9%,3.066,+3.1%,27.43,8.9,+7.4%,-1.3%,+7.7%,-4.6%
DBX,Extended,Software,Information Technology,Software & Services,Adj,Dec,EPS,CY2027,2.95,3.138,+6.4%,3.369,+7.4%,3.405,+1.1%,27.43,8.1,+15.4%,-1.3%,+7.7%,-4.6%
DBX,Extended,Software,Information Technology,Software & Services,Adj,Dec,EPS,CY2028,2.85,2.66,-6.7%,3.28,+23.3%,3.28,+0.0%,27.43,8.4,+15.1%,-1.3%,+7.7%,-4.6%
BOX,Extended,Software,Information Technology,Software & Services,Adj,Jan,EPS,CY2025,1.19,1.287,+8.2%,1.323,+2.8%,1.323,+0.0%,25.9,19.6,+11.2%,-13.4%,+13.2%,-17.1%
BOX,Extended,Software,Information Technology,Software & Services,Adj,Jan,EPS,CY2026,1.487,1.461,-1.7%,1.536,+5.1%,1.583,+3.1%,25.9,16.4,+6.5%,-13.4%,+13.2%,-17.1%
BOX,Extended,Software,Information Technology,Software & Services,Adj,Jan,EPS,CY2027,2.093,1.948,-6.9%,1.65,-15.3%,1.834,+11.2%,25.9,14.1,-12.4%,-13.4%,+13.2%,-17.1%
BOX,Extended,Software,Information Technology,Software & Services,Adj,Jan,EPS,CY2028,3.23,3.36,+4.0%,3.41,+1.5%,2.283,-33.0%,25.9,11.3,-29.3%,-13.4%,+13.2%,-17.1%
ZM,Extended,Software,Information Technology,Software & Services,Adj,Jan,EPS,CY2025,5.569,5.879,+5.6%,6.052,+2.9%,6.052,+0.0%,105.64,17.5,+8.7%,+22.4%,+17.0%,+28.7%
ZM,Extended,Software,Information Technology,Software & Services,Adj,Jan,EPS,CY2026,5.574,5.939,+6.5%,6.061,+2.1%,5.955,-1.7%,105.64,17.7,+6.8%,+22.4%,+17.0%,+28.7%
ZM,Extended,Software,Information Technology,Software & Services,Adj,Jan,EPS,CY2027,5.734,6.191,+8.0%,6.266,+1.2%,6.271,+0.1%,105.64,16.8,+9.4%,+22.4%,+17.0%,+28.7%
ZM,Extended,Software,Information Technology,Software & Services,Adj,Jan,EPS,CY2028,5.628,6.203,+10.2%,6.302,+1.6%,6.541,+3.8%,105.64,16.2,+16.2%,+22.4%,+17.0%,+28.7%
AXON,Extended,Software,Industrials,Capital Goods,Adj,Dec,EPS,CY2025,6.171,6.304,+2.2%,6.303,-0.0%,6.303,+0.0%,386.0,61.2,+2.1%,-32.0%,-11.0%,-46.7%
AXON,Extended,Software,Industrials,Capital Goods,Adj,Dec,EPS,CY2026,7.558,7.624,+0.9%,7.671,+0.6%,7.718,+0.6%,386.0,50.0,+2.1%,-32.0%,-11.0%,-46.7%
AXON,Extended,Software,Industrials,Capital Goods,Adj,Dec,EPS,CY2027,9.123,9.66,+5.9%,9.702,+0.4%,10.678,+10.1%,386.0,36.1,+17.0%,-32.0%,-11.0%,-46.7%
AXON,Extended,Software,Industrials,Capital Goods,Adj,Dec,EPS,CY2028,11.66,11.98,+2.7%,12.22,+2.0%,14.049,+15.0%,386.0,27.5,+20.5%,-32.0%,-11.0%,-46.7%
UPLD,Extended,Software,Information Technology,Software & Services,Adj,Dec,EPS,CY2025,0.717,0.833,+16.2%,0.833,+0.0%,0.833,+0.0%,0.7046,0.8,+16.2%,-50.7%,-31.6%,-69.5%
UPLD,Extended,Software,Information Technology,Software & Services,Adj,Dec,EPS,CY2026,0.707,0.813,+15.0%,0.757,-6.9%,0.717,-5.3%,0.7046,1.0,+1.4%,-50.7%,-31.6%,-69.5%
UPLD,Extended,Software,Information Technology,Software & Services,Adj,Dec,EPS,CY2027,,1.03,,0.81,-21.4%,0.785,-3.1%,0.7046,0.9,,-50.7%,-31.6%,-69.5%
UPLD,Extended,Software,Information Technology,Software & Services,Adj,Dec,EPS,CY2028,,,,,,,,0.7046,,,-50.7%,-31.6%,-69.5%
SNOW,Extended,Software,Information Technology,Software & Services,Adj,Jan,EPS,CY2025,1.094,1.202,+9.9%,1.209,+0.6%,1.209,+0.0%,172.2,142.4,+10.5%,-21.5%,-0.2%,-15.2%
SNOW,Extended,Software,Information Technology,Software & Services,Adj,Jan,EPS,CY2026,1.564,1.64,+4.9%,1.641,+0.1%,1.806,+10.1%,172.2,95.3,+15.5%,-21.5%,-0.2%,-15.2%
SNOW,Extended,Software,Information Technology,Software & Services,Adj,Jan,EPS,CY2027,1.979,2.355,+19.0%,2.285,-3.0%,2.45,+7.2%,172.2,70.3,+23.8%,-21.5%,-0.2%,-15.2%
SNOW,Extended,Software,Information Technology,Software & Services,Adj,Jan,EPS,CY2028,3.374,3.557,+5.4%,3.488,-1.9%,3.472,-0.5%,172.2,49.6,+2.9%,-21.5%,-0.2%,-15.2%
BILL,Extended,Software,Information Technology,Software & Services,Adj,Jun,EPS,CY2025,2.09,2.118,+1.3%,2.118,+0.0%,2.118,+0.0%,36.14,17.1,+1.3%,-33.7%,-21.8%,-18.0%
BILL,Extended,Software,Information Technology,Software & Services,Adj,Jun,EPS,CY2026,2.177,2.252,+3.4%,2.39,+6.1%,2.642,+10.5%,36.14,13.7,+21.4%,-33.7%,-21.8%,-18.0%
BILL,Extended,Software,Information Technology,Software & Services,Adj,Jun,EPS,CY2027,2.591,2.52,-2.7%,2.711,+7.6%,3.278,+20.9%,36.14,11.0,+26.5%,-33.7%,-21.8%,-18.0%
BILL,Extended,Software,Information Technology,Software & Services,Adj,Jun,EPS,CY2028,3.142,3.002,-4.5%,3.136,+4.5%,3.848,+22.7%,36.14,9.4,+22.5%,-33.7%,-21.8%,-18.0%
WIX,Extended,Software,Information Technology,Software & Services,Adj,Dec,EPS,CY2025,7.227,6.985,-3.3%,6.958,-0.4%,6.952,-0.1%,53.19,7.7,-3.8%,-48.8%,-20.5%,-65.7%
WIX,Extended,Software,Information Technology,Software & Services,Adj,Dec,EPS,CY2026,8.935,6.921,-22.5%,6.661,-3.8%,5.031,-24.5%,53.19,10.6,-43.7%,-48.8%,-20.5%,-65.7%
WIX,Extended,Software,Information Technology,Software & Services,Adj,Dec,EPS,CY2027,11.126,8.259,-25.8%,7.909,-4.2%,7.239,-8.5%,53.19,7.3,-34.9%,-48.8%,-20.5%,-65.7%
WIX,Extended,Software,Information Technology,Software & Services,Adj,Dec,EPS,CY2028,13.763,11.047,-19.7%,9.83,-11.0%,8.882,-9.6%,53.19,6.0,-35.5%,-48.8%,-20.5%,-65.7%
DOCU,Extended,Software,Information Technology,Software & Services,Adj,Jan,EPS,CY2025,3.504,3.684,+5.1%,3.793,+3.0%,3.793,+0.0%,49.53,13.1,+8.2%,-27.6%,+11.4%,-42.8%
DOCU,Extended,Software,Information Technology,Software & Services,Adj,Jan,EPS,CY2026,3.827,4.039,+5.5%,4.126,+2.2%,4.441,+7.6%,49.53,11.2,+16.0%,-27.6%,+11.4%,-42.8%
DOCU,Extended,Software,Information Technology,Software & Services,Adj,Jan,EPS,CY2027,4.239,4.467,+5.4%,4.515,+1.1%,5.06,+12.1%,49.53,9.8,+19.4%,-27.6%,+11.4%,-42.8%
DOCU,Extended,Software,Information Technology,Software & Services,Adj,Jan,EPS,CY2028,,4.527,,4.465,-1.4%,5.436,+21.7%,49.53,9.1,,-27.6%,+11.4%,-42.8%
DDOG,Extended,Software,Information Technology,Software & Services,Adj,Dec,EPS,CY2025,1.709,2.016,+18.0%,2.016,+0.0%,2.016,+0.0%,222.32,110.3,+18.0%,+63.5%,+92.2%,+92.2%
DDOG,Extended,Software,Information Technology,Software & Services,Adj,Dec,EPS,CY2026,2.145,2.398,+11.8%,2.189,-8.7%,2.453,+12.1%,222.32,90.6,+14.4%,+63.5%,+92.2%,+92.2%
DDOG,Extended,Software,Information Technology,Software & Services,Adj,Dec,EPS,CY2027,2.963,2.955,-0.3%,2.711,-8.3%,2.882,+6.3%,222.32,77.1,-2.7%,+63.5%,+92.2%,+92.2%
DDOG,Extended,Software,Information Technology,Software & Services,Adj,Dec,EPS,CY2028,3.378,3.9,+15.5%,3.352,-14.1%,3.547,+5.8%,222.32,62.7,+5.0%,+63.5%,+92.2%,+92.2%
MDB,Extended,Software,Information Technology,Software & Services,Adj,Jan,EPS,CY2025,2.588,3.727,+44.0%,4.802,+28.8%,4.805,+0.1%,326.13,67.9,+85.7%,-22.3%,-5.3%,+72.9%
MDB,Extended,Software,Information Technology,Software & Services,Adj,Jan,EPS,CY2026,3.442,4.415,+28.3%,5.718,+29.5%,5.883,+2.9%,326.13,55.4,+70.9%,-22.3%,-5.3%,+72.9%
MDB,Extended,Software,Information Technology,Software & Services,Adj,Jan,EPS,CY2027,4.571,5.467,+19.6%,6.922,+26.6%,7.082,+2.3%,326.13,46.1,+54.9%,-22.3%,-5.3%,+72.9%
MDB,Extended,Software,Information Technology,Software & Services,Adj,Jan,EPS,CY2028,5.362,6.565,+22.4%,8.154,+24.2%,8.631,+5.8%,326.13,37.8,+61.0%,-22.3%,-5.3%,+72.9%
ESTC,Extended,Software,Information Technology,Software & Services,Adj,Apr,EPS,CY2025,1.952,1.952,+0.0%,1.952,+0.0%,1.952,+0.0%,54.81,28.1,+0.0%,-27.3%,-5.7%,-41.1%
ESTC,Extended,Software,Information Technology,Software & Services,Adj,Apr,EPS,CY2026,2.151,2.449,+13.9%,2.45,+0.0%,2.524,+3.0%,54.81,21.7,+17.3%,-27.3%,-5.7%,-41.1%
ESTC,Extended,Software,Information Technology,Software & Services,Adj,Apr,EPS,CY2027,2.524,2.823,+11.8%,2.825,+0.1%,2.949,+4.4%,54.81,18.6,+16.8%,-27.3%,-5.7%,-41.1%
ESTC,Extended,Software,Information Technology,Software & Services,Adj,Apr,EPS,CY2028,,3.164,,3.308,+4.6%,3.465,+4.7%,54.81,15.8,,-27.3%,-5.7%,-41.1%
DT,Extended,Software,Information Technology,Software & Services,Adj,Mar,EPS,CY2025,1.586,1.634,+3.0%,1.68,+2.8%,1.686,+0.4%,41.21,24.4,+6.3%,-4.9%,+16.4%,-24.0%
DT,Extended,Software,Information Technology,Software & Services,Adj,Mar,EPS,CY2026,1.795,1.841,+2.6%,1.907,+3.6%,1.944,+1.9%,41.21,21.2,+8.3%,-4.9%,+16.4%,-24.0%
DT,Extended,Software,Information Technology,Software & Services,Adj,Mar,EPS,CY2027,2.082,2.119,+1.8%,2.2,+3.8%,2.254,+2.5%,41.21,18.3,+8.3%,-4.9%,+16.4%,-24.0%
DT,Extended,Software,Information Technology,Software & Services,Adj,Mar,EPS,CY2028,2.418,2.453,+1.4%,2.513,+2.4%,2.642,+5.1%,41.21,15.6,+9.3%,-4.9%,+16.4%,-24.0%
GTM,Extended,Software,Communication Services,Media & Entertainment,Adj,Dec,EPS,CY2025,0.974,1.046,+7.4%,1.046,+0.0%,1.046,+0.0%,3.61,3.5,+7.4%,-64.5%,-44.0%,-62.2%
GTM,Extended,Software,Communication Services,Media & Entertainment,Adj,Dec,EPS,CY2026,1.015,1.111,+9.5%,1.111,+0.0%,1.106,-0.5%,3.61,3.3,+9.0%,-64.5%,-44.0%,-62.2%
GTM,Extended,Software,Communication Services,Media & Entertainment,Adj,Dec,EPS,CY2027,1.085,1.199,+10.5%,1.163,-3.0%,1.109,-4.6%,3.61,3.3,+2.2%,-64.5%,-44.0%,-62.2%
GTM,Extended,Software,Communication Services,Media & Entertainment,Adj,Dec,EPS,CY2028,1.09,1.265,+16.1%,1.257,-0.6%,1.176,-6.4%,3.61,3.1,+7.9%,-64.5%,-44.0%,-62.2%
RAMP,Extended,Software,Information Technology,Software & Services,Adj,Mar,EPS,CY2025,2.195,2.207,+0.5%,2.23,+1.0%,2.229,-0.0%,37.7,16.9,+1.5%,+28.4%,+47.0%,+12.5%
RAMP,Extended,Software,Information Technology,Software & Services,Adj,Mar,EPS,CY2026,2.386,2.622,+9.9%,2.813,+7.3%,2.835,+0.8%,37.7,13.3,+18.8%,+28.4%,+47.0%,+12.5%
RAMP,Extended,Software,Information Technology,Software & Services,Adj,Mar,EPS,CY2027,2.367,3.07,+29.7%,3.516,+14.5%,3.48,-1.0%,37.7,10.8,+47.0%,+28.4%,+47.0%,+12.5%
RAMP,Extended,Software,Information Technology,Software & Services,Adj,Mar,EPS,CY2028,,2.97,,2.82,-5.1%,3.17,+12.4%,37.7,11.9,,+28.4%,+47.0%,+12.5%
PAR,Extended,Software,Information Technology,Software & Services,Adj,Dec,EPS,CY2025,-0.336,-0.672,-100.0%,0.126,+118.8%,0.126,+0.0%,14.84,117.8,+137.5%,-59.1%,-32.1%,-77.6%
PAR,Extended,Software,Information Technology,Software & Services,Adj,Dec,EPS,CY2026,0.258,0.054,-79.1%,0.044,-18.5%,0.28,+536.4%,14.84,53.0,+8.5%,-59.1%,-32.1%,-77.6%
PAR,Extended,Software,Information Technology,Software & Services,Adj,Dec,EPS,CY2027,0.12,0.238,+98.3%,0.603,+153.4%,0.603,+0.0%,14.84,24.6,+402.5%,-59.1%,-32.1%,-77.6%
PAR,Extended,Software,Information Technology,Software & Services,Adj,Dec,EPS,CY2028,,,,,,-0.27,,14.84,-55.0,,-59.1%,-32.1%,-77.6%
FSLY,Extended,Software,Information Technology,Software & Services,Adj,Dec,EPS,CY2025,-0.097,-0.052,+46.4%,0.052,+200.0%,0.052,+0.0%,16.32,313.8,+153.6%,+60.3%,-9.7%,+119.4%
FSLY,Extended,Software,Information Technology,Software & Services,Adj,Dec,EPS,CY2026,-0.11,0.033,+130.0%,0.266,+706.1%,0.329,+23.7%,16.32,49.6,+399.1%,+60.3%,-9.7%,+119.4%
FSLY,Extended,Software,Information Technology,Software & Services,Adj,Dec,EPS,CY2027,-0.19,0.193,+201.6%,0.364,+88.6%,0.39,+7.1%,16.32,41.8,+305.3%,+60.3%,-9.7%,+119.4%
FSLY,Extended,Software,Information Technology,Software & Services,Adj,Dec,EPS,CY2028,-0.52,0.17,+132.7%,0.44,+158.8%,0.477,+8.4%,16.32,34.2,+191.7%,+60.3%,-9.7%,+119.4%
ASAN,Extended,Software,Information Technology,Software & Services,Adj,Jan,EPS,CY2025,0.192,0.237,+23.4%,0.257,+8.4%,0.257,+0.0%,6.62,25.8,+33.9%,-51.7%,-8.8%,-62.6%
ASAN,Extended,Software,Information Technology,Software & Services,Adj,Jan,EPS,CY2026,0.344,0.336,-2.3%,0.361,+7.4%,0.366,+1.4%,6.62,18.1,+6.4%,-51.7%,-8.8%,-62.6%
ASAN,Extended,Software,Information Technology,Software & Services,Adj,Jan,EPS,CY2027,,0.45,,0.469,+4.2%,0.455,-3.0%,6.62,14.5,,-51.7%,-8.8%,-62.6%
ASAN,Extended,Software,Information Technology,Software & Services,Adj,Jan,EPS,CY2028,,0.49,,0.533,+8.8%,0.562,+5.4%,6.62,11.8,,-51.7%,-8.8%,-62.6%
APPN,Extended,Software,Information Technology,Software & Services,Adj,Dec,EPS,CY2025,0.221,0.541,+144.8%,0.541,+0.0%,0.541,+0.0%,21.37,39.5,+144.8%,-39.7%,-15.0%,-32.0%
APPN,Extended,Software,Information Technology,Software & Services,Adj,Dec,EPS,CY2026,0.48,0.77,+60.4%,0.887,+15.2%,0.986,+11.2%,21.37,21.7,+105.4%,-39.7%,-15.0%,-32.0%
APPN,Extended,Software,Information Technology,Software & Services,Adj,Dec,EPS,CY2027,0.57,1.092,+91.6%,1.163,+6.5%,1.256,+8.0%,21.37,17.0,+120.4%,-39.7%,-15.0%,-32.0%
APPN,Extended,Software,Information Technology,Software & Services,Adj,Dec,EPS,CY2028,,,,1.37,,1.51,+10.2%,21.37,14.2,,-39.7%,-15.0%,-32.0%
BL,Extended,Software,Information Technology,Software & Services,Adj,Dec,EPS,CY2025,2.13,2.076,-2.5%,2.078,+0.1%,2.078,+0.0%,28.9,13.9,-2.4%,-47.7%,-20.1%,-46.9%
BL,Extended,Software,Information Technology,Software & Services,Adj,Dec,EPS,CY2026,2.285,2.345,+2.6%,2.404,+2.5%,2.471,+2.8%,28.9,11.7,+8.1%,-47.7%,-20.1%,-46.9%
BL,Extended,Software,Information Technology,Software & Services,Adj,Dec,EPS,CY2027,2.73,2.709,-0.8%,2.753,+1.6%,2.792,+1.4%,28.9,10.4,+2.3%,-47.7%,-20.1%,-46.9%
BL,Extended,Software,Information Technology,Software & Services,Adj,Dec,EPS,CY2028,,,,3.283,,3.363,+2.4%,28.9,8.6,,-47.7%,-20.1%,-46.9%
DSY,Extended,Software,Information Technology,Software & Services,Adj,Dec,EPS,CY2025,1.356,1.323,-2.4%,1.318,-0.4%,1.318,+0.0%,20.32,15.4,-2.8%,-14.8%,+16.6%,-40.2%
DSY,Extended,Software,Information Technology,Software & Services,Adj,Dec,EPS,CY2026,1.454,1.381,-5.0%,1.331,-3.6%,1.328,-0.2%,20.32,15.3,-8.7%,-14.8%,+16.6%,-40.2%
DSY,Extended,Software,Information Technology,Software & Services,Adj,Dec,EPS,CY2027,1.608,1.498,-6.8%,1.394,-6.9%,1.379,-1.1%,20.32,14.7,-14.2%,-14.8%,+16.6%,-40.2%
DSY,Extended,Software,Information Technology,Software & Services,Adj,Dec,EPS,CY2028,1.768,1.636,-7.5%,1.504,-8.1%,1.475,-1.9%,20.32,13.8,-16.6%,-14.8%,+16.6%,-40.2%
WK,Extended,Software,Information Technology,Software & Services,Adj,Dec,EPS,CY2025,1.051,1.64,+56.0%,1.635,-0.3%,1.635,+0.0%,50.31,30.8,+55.6%,-41.7%,-18.1%,-25.5%
WK,Extended,Software,Information Technology,Software & Services,Adj,Dec,EPS,CY2026,1.693,2.254,+33.1%,2.734,+21.3%,2.912,+6.5%,50.31,17.3,+72.0%,-41.7%,-18.1%,-25.5%
WK,Extended,Software,Information Technology,Software & Services,Adj,Dec,EPS,CY2027,3.083,3.179,+3.1%,3.367,+5.9%,3.525,+4.7%,50.31,14.3,+14.3%,-41.7%,-18.1%,-25.5%
WK,Extended,Software,Information Technology,Software & Services,Adj,Dec,EPS,CY2028,4.32,4.33,+0.2%,4.243,-2.0%,4.38,+3.2%,50.31,11.5,+1.4%,-41.7%,-18.1%,-25.5%
AXP,Extended,Payments,Financials,Financial Services,GAAP,Dec,EPS,CY2025,15.209,15.472,+1.7%,15.446,-0.2%,15.446,+0.0%,311.78,20.2,+1.6%,-15.7%,-9.9%,+8.6%
AXP,Extended,Payments,Financials,Financial Services,GAAP,Dec,EPS,CY2026,17.322,17.473,+0.9%,17.592,+0.7%,17.643,+0.3%,311.78,17.7,+1.9%,-15.7%,-9.9%,+8.6%
AXP,Extended,Payments,Financials,Financial Services,GAAP,Dec,EPS,CY2027,19.829,19.854,+0.1%,20.146,+1.5%,20.155,+0.0%,311.78,15.5,+1.6%,-15.7%,-9.9%,+8.6%
AXP,Extended,Payments,Financials,Financial Services,GAAP,Dec,EPS,CY2028,20.32,20.267,-0.3%,23.071,+13.8%,22.922,-0.6%,311.78,13.6,+12.8%,-15.7%,-9.9%,+8.6%
ADYEN,Extended,Payments,Financials,Financial Services,Adj,Dec,EPS,CY2025,35.753,33.818,-5.4%,33.737,-0.2%,33.737,+0.0%,957.9,28.4,-5.6%,-30.3%,-4.4%,-40.4%
ADYEN,Extended,Payments,Financials,Financial Services,Adj,Dec,EPS,CY2026,44.967,41.425,-7.9%,38.834,-6.3%,38.839,+0.0%,957.9,24.7,-13.6%,-30.3%,-4.4%,-40.4%
ADYEN,Extended,Payments,Financials,Financial Services,Adj,Dec,EPS,CY2027,56.843,51.528,-9.4%,47.492,-7.8%,47.457,-0.1%,957.9,20.2,-16.5%,-30.3%,-4.4%,-40.4%
ADYEN,Extended,Payments,Financials,Financial Services,Adj,Dec,EPS,CY2028,52.329,60.598,+15.8%,57.215,-5.6%,58.321,+1.9%,957.9,16.4,+11.5%,-30.3%,-4.4%,-40.4%
STNE,Extended,Payments,Financials,Financial Services,Adj,Dec,EPS,CY2025,8.015,9.433,+17.7%,9.444,+0.1%,9.25,-2.1%,11.0,1.2,+15.4%,-10.0%,-24.9%,-1.5%
STNE,Extended,Payments,Financials,Financial Services,Adj,Dec,EPS,CY2026,9.539,10.781,+13.0%,10.568,-2.0%,10.523,-0.4%,11.0,1.0,+10.3%,-10.0%,-24.9%,-1.5%
STNE,Extended,Payments,Financials,Financial Services,Adj,Dec,EPS,CY2027,11.392,12.485,+9.6%,11.879,-4.9%,12.345,+3.9%,11.0,0.9,+8.4%,-10.0%,-24.9%,-1.5%
STNE,Extended,Payments,Financials,Financial Services,Adj,Dec,EPS,CY2028,11.74,17.275,+47.1%,14.285,-17.3%,13.193,-7.6%,11.0,0.8,+12.4%,-10.0%,-24.9%,-1.5%
NU,Extended,Payments,Financials,Banks,Adj,Dec,EPS,CY2025,0.552,0.605,+9.6%,0.609,+0.7%,0.609,+0.0%,12.73,20.9,+10.3%,-24.0%,-27.4%,+3.9%
NU,Extended,Payments,Financials,Banks,Adj,Dec,EPS,CY2026,0.758,0.863,+13.9%,0.874,+1.3%,0.857,-1.9%,12.73,14.9,+13.1%,-24.0%,-27.4%,+3.9%
NU,Extended,Payments,Financials,Banks,Adj,Dec,EPS,CY2027,0.981,1.1,+12.1%,1.147,+4.3%,1.131,-1.4%,12.73,11.3,+15.3%,-24.0%,-27.4%,+3.9%
NU,Extended,Payments,Financials,Banks,Adj,Dec,EPS,CY2028,1.114,1.315,+18.0%,1.308,-0.5%,1.418,+8.4%,12.73,9.0,+27.3%,-24.0%,-27.4%,+3.9%
FISV,Extended,Payments,Financials,Financial Services,Adj,Dec,EPS,CY2025,10.212,8.558,-16.2%,8.557,-0.0%,8.557,+0.0%,57.13,6.7,-16.2%,-14.9%,-7.1%,-64.6%
FISV,Extended,Payments,Financials,Financial Services,Adj,Dec,EPS,CY2026,11.91,8.359,-29.8%,8.138,-2.6%,8.119,-0.2%,57.13,7.0,-31.8%,-14.9%,-7.1%,-64.6%
FISV,Extended,Payments,Financials,Financial Services,Adj,Dec,EPS,CY2027,13.825,9.36,-32.3%,9.03,-3.5%,8.942,-1.0%,57.13,6.4,-35.3%,-14.9%,-7.1%,-64.6%
FISV,Extended,Payments,Financials,Financial Services,Adj,Dec,EPS,CY2028,15.424,10.015,-35.1%,9.773,-2.4%,10.1,+3.3%,57.13,5.7,-34.5%,-14.9%,-7.1%,-64.6%
FIS,Extended,Payments,Financials,Financial Services,Adj,Dec,EPS,CY2025,5.742,5.769,+0.5%,5.771,+0.0%,5.771,+0.0%,43.56,7.5,+0.5%,-34.5%,-11.3%,-44.4%
FIS,Extended,Payments,Financials,Financial Services,Adj,Dec,EPS,CY2026,6.24,6.334,+1.5%,6.296,-0.6%,6.265,-0.5%,43.56,7.0,+0.4%,-34.5%,-11.3%,-44.4%
FIS,Extended,Payments,Financials,Financial Services,Adj,Dec,EPS,CY2027,6.796,6.916,+1.8%,6.901,-0.2%,6.816,-1.2%,43.56,6.4,+0.3%,-34.5%,-11.3%,-44.4%
FIS,Extended,Payments,Financials,Financial Services,Adj,Dec,EPS,CY2028,7.197,7.238,+0.6%,6.813,-5.9%,7.518,+10.3%,43.56,5.8,+4.5%,-34.5%,-11.3%,-44.4%
GPN,Extended,Payments,Financials,Financial Services,Adj,Dec,EPS,CY2025,12.116,12.223,+0.9%,12.222,-0.0%,12.222,+0.0%,73.26,6.0,+0.9%,-5.3%,-11.2%,-3.2%
GPN,Extended,Payments,Financials,Financial Services,Adj,Dec,EPS,CY2026,13.64,13.696,+0.4%,13.862,+1.2%,13.864,+0.0%,73.26,5.3,+1.6%,-5.3%,-11.2%,-3.2%
GPN,Extended,Payments,Financials,Financial Services,Adj,Dec,EPS,CY2027,15.393,15.818,+2.8%,16.085,+1.7%,16.269,+1.1%,73.26,4.5,+5.7%,-5.3%,-11.2%,-3.2%
GPN,Extended,Payments,Financials,Financial Services,Adj,Dec,EPS,CY2028,16.453,18.608,+13.1%,18.446,-0.9%,19.141,+3.8%,73.26,3.8,+16.3%,-5.3%,-11.2%,-3.2%
TOST,Extended,Payments,Financials,Financial Services,Adj,Dec,EPS,CY2025,0.585,0.613,+4.8%,0.58,-5.4%,0.58,+0.0%,23.16,39.9,-0.9%,-34.8%,-14.4%,-45.7%
TOST,Extended,Payments,Financials,Financial Services,Adj,Dec,EPS,CY2026,0.912,0.882,-3.3%,0.843,-4.4%,0.991,+17.6%,23.16,23.4,+8.7%,-34.8%,-14.4%,-45.7%
TOST,Extended,Payments,Financials,Financial Services,Adj,Dec,EPS,CY2027,1.319,1.16,-12.1%,1.202,+3.6%,1.304,+8.5%,23.16,17.8,-1.1%,-34.8%,-14.4%,-45.7%
TOST,Extended,Payments,Financials,Financial Services,Adj,Dec,EPS,CY2028,1.352,1.3,-3.8%,1.661,+27.8%,1.646,-0.9%,23.16,14.1,+21.7%,-34.8%,-14.4%,-45.7%
FOUR,Extended,Payments,Financials,Financial Services,Adj,Dec,EPS,CY2025,5.034,4.783,-5.0%,5.109,+6.8%,5.109,+0.0%,43.24,8.5,+1.5%,-31.3%,-26.1%,-50.6%
FOUR,Extended,Payments,Financials,Financial Services,Adj,Dec,EPS,CY2026,6.124,6.16,+0.6%,6.135,-0.4%,5.489,-10.5%,43.24,7.9,-10.4%,-31.3%,-26.1%,-50.6%
FOUR,Extended,Payments,Financials,Financial Services,Adj,Dec,EPS,CY2027,6.599,7.863,+19.2%,7.663,-2.5%,6.634,-13.4%,43.24,6.5,+0.5%,-31.3%,-26.1%,-50.6%
FOUR,Extended,Payments,Financials,Financial Services,Adj,Dec,EPS,CY2028,8.15,8.99,+10.3%,10.88,+21.0%,7.683,-29.4%,43.24,5.6,-5.7%,-31.3%,-26.1%,-50.6%
CPAY,Extended,Payments,Financials,Financial Services,Adj,Dec,EPS,CY2025,20.994,21.271,+1.3%,21.283,+0.1%,21.283,+0.0%,347.9,16.3,+1.4%,+15.6%,-1.4%,+6.7%
CPAY,Extended,Payments,Financials,Financial Services,Adj,Dec,EPS,CY2026,24.489,24.901,+1.7%,26.011,+4.5%,26.778,+2.9%,347.9,13.0,+9.3%,+15.6%,-1.4%,+6.7%
CPAY,Extended,Payments,Financials,Financial Services,Adj,Dec,EPS,CY2027,28.508,28.968,+1.6%,29.801,+2.9%,30.664,+2.9%,347.9,11.3,+7.6%,+15.6%,-1.4%,+6.7%
CPAY,Extended,Payments,Financials,Financial Services,Adj,Dec,EPS,CY2028,32.61,33.98,+4.2%,34.55,+1.7%,35.67,+3.2%,347.9,9.8,+9.4%,+15.6%,-1.4%,+6.7%
SEIC,Extended,Payments,Financials,Financial Services,Adj,Dec,EPS,CY2025,4.66,4.963,+6.5%,4.963,+0.0%,4.963,+0.0%,90.53,18.2,+6.5%,+10.4%,+11.2%,+7.2%
SEIC,Extended,Payments,Financials,Financial Services,Adj,Dec,EPS,CY2026,5.054,5.512,+9.1%,5.641,+2.3%,5.883,+4.3%,90.53,15.4,+16.4%,+10.4%,+11.2%,+7.2%
SEIC,Extended,Payments,Financials,Financial Services,Adj,Dec,EPS,CY2027,5.628,6.103,+8.4%,6.347,+4.0%,6.616,+4.2%,90.53,13.7,+17.6%,+10.4%,+11.2%,+7.2%
SEIC,Extended,Payments,Financials,Financial Services,Adj,Dec,EPS,CY2028,6.237,7.03,+12.7%,7.163,+1.9%,7.563,+5.6%,90.53,12.0,+21.3%,+10.4%,+11.2%,+7.2%
DBD,Extended,Payments,Information Technology,Technology Hardware & Equipmen,Adj,Dec,EPS,CY2025,3.423,4.123,+20.4%,3.807,-7.7%,3.807,+0.0%,74.3,19.5,+11.2%,+9.4%,-8.5%,+56.7%
DBD,Extended,Payments,Information Technology,Technology Hardware & Equipmen,Adj,Dec,EPS,CY2026,4.637,5.017,+8.2%,5.487,+9.4%,5.49,+0.1%,74.3,13.5,+18.4%,+9.4%,-8.5%,+56.7%
DBD,Extended,Payments,Information Technology,Technology Hardware & Equipmen,Adj,Dec,EPS,CY2027,5.49,6.475,+17.9%,6.717,+3.7%,6.793,+1.1%,74.3,10.9,+23.7%,+9.4%,-8.5%,+56.7%
DBD,Extended,Payments,Information Technology,Technology Hardware & Equipmen,Adj,Dec,EPS,CY2028,6.45,7.76,+20.3%,7.84,+1.0%,7.58,-3.3%,74.3,9.8,+17.5%,+9.4%,-8.5%,+56.7%
JKHY,Extended,Payments,Financials,Financial Services,Adj,Jun,EPS,CY2025,5.954,5.978,+0.4%,5.978,+0.0%,5.978,+0.0%,140.19,23.5,+0.4%,-23.2%,-11.9%,-22.9%
JKHY,Extended,Payments,Financials,Financial Services,Adj,Jun,EPS,CY2026,6.354,6.417,+1.0%,6.465,+0.7%,6.689,+3.5%,140.19,21.0,+5.3%,-23.2%,-11.9%,-22.9%
JKHY,Extended,Payments,Financials,Financial Services,Adj,Jun,EPS,CY2027,6.907,6.923,+0.2%,7.124,+2.9%,7.152,+0.4%,140.19,19.6,+3.5%,-23.2%,-11.9%,-22.9%
JKHY,Extended,Payments,Financials,Financial Services,Adj,Jun,EPS,CY2028,7.65,7.493,-2.1%,7.684,+2.5%,7.774,+1.2%,140.19,18.0,+1.6%,-23.2%,-11.9%,-22.9%
WU,Extended,Payments,Financials,Financial Services,Adj,Dec,EPS,CY2025,1.765,1.732,-1.9%,1.732,+0.0%,1.732,+0.0%,8.37,4.8,-1.9%,-10.1%,-9.7%,-13.1%
WU,Extended,Payments,Financials,Financial Services,Adj,Dec,EPS,CY2026,1.845,1.778,-3.6%,1.782,+0.2%,1.739,-2.4%,8.37,4.8,-5.7%,-10.1%,-9.7%,-13.1%
WU,Extended,Payments,Financials,Financial Services,Adj,Dec,EPS,CY2027,1.967,1.898,-3.5%,1.911,+0.7%,1.903,-0.4%,8.37,4.4,-3.3%,-10.1%,-9.7%,-13.1%
WU,Extended,Payments,Financials,Financial Services,Adj,Dec,EPS,CY2028,1.87,1.99,+6.4%,2.112,+6.1%,2.041,-3.4%,8.37,4.1,+9.1%,-10.1%,-9.7%,-13.1%
FCFS,Extended,Payments,Financials,Financial Services,Adj,Dec,EPS,CY2025,7.886,8.659,+9.8%,8.644,-0.2%,8.644,+0.0%,227.59,26.3,+9.6%,+42.8%,+24.1%,+79.2%
FCFS,Extended,Payments,Financials,Financial Services,Adj,Dec,EPS,CY2026,9.364,10.075,+7.6%,10.343,+2.7%,10.784,+4.3%,227.59,21.1,+15.2%,+42.8%,+24.1%,+79.2%
FCFS,Extended,Payments,Financials,Financial Services,Adj,Dec,EPS,CY2027,10.98,11.67,+6.3%,12.272,+5.2%,12.409,+1.1%,227.59,18.3,+13.0%,+42.8%,+24.1%,+79.2%
FCFS,Extended,Payments,Financials,Financial Services,Adj,Dec,EPS,CY2028,11.36,13.025,+14.7%,14.483,+11.2%,14.873,+2.7%,227.59,15.3,+30.9%,+42.8%,+24.1%,+79.2%
EEFT,Extended,Payments,Financials,Financial Services,Adj,Dec,EPS,CY2025,9.823,9.754,-0.7%,9.742,-0.1%,9.742,+0.0%,66.2,6.8,-0.8%,-13.0%,-8.7%,-37.6%
EEFT,Extended,Payments,Financials,Financial Services,Adj,Dec,EPS,CY2026,11.238,11.092,-1.3%,10.86,-2.1%,10.949,+0.8%,66.2,6.0,-2.6%,-13.0%,-8.7%,-37.6%
EEFT,Extended,Payments,Financials,Financial Services,Adj,Dec,EPS,CY2027,12.472,12.324,-1.2%,12.155,-1.4%,12.268,+0.9%,66.2,5.4,-1.6%,-13.0%,-8.7%,-37.6%
EEFT,Extended,Payments,Financials,Financial Services,Adj,Dec,EPS,CY2028,13.695,13.32,-2.7%,12.845,-3.6%,13.37,+4.1%,66.2,5.0,-2.4%,-13.0%,-8.7%,-37.6%
WEX,Extended,Payments,Financials,Financial Services,Adj,Dec,EPS,CY2025,15.038,15.922,+5.9%,15.95,+0.2%,15.95,+0.0%,150.56,9.4,+6.1%,+1.1%,-4.3%,+9.7%
WEX,Extended,Payments,Financials,Financial Services,Adj,Dec,EPS,CY2026,16.776,17.673,+5.3%,17.534,-0.8%,19.327,+10.2%,150.56,7.8,+15.2%,+1.1%,-4.3%,+9.7%
WEX,Extended,Payments,Financials,Financial Services,Adj,Dec,EPS,CY2027,18.828,19.76,+5.0%,19.416,-1.7%,20.309,+4.6%,150.56,7.4,+7.9%,+1.1%,-4.3%,+9.7%
WEX,Extended,Payments,Financials,Financial Services,Adj,Dec,EPS,CY2028,21.19,21.51,+1.5%,21.317,-0.9%,21.921,+2.8%,150.56,6.9,+3.4%,+1.1%,-4.3%,+9.7%
EQT,Extended,Financials and related,Energy,Energy,Adj,Dec,EPS,CY2025,3.378,2.875,-14.9%,2.941,+2.3%,2.941,+0.0%,57.92,19.7,-12.9%,+8.1%,-4.3%,+4.0%
EQT,Extended,Financials and related,Energy,Energy,Adj,Dec,EPS,CY2026,5.033,4.583,-8.9%,4.599,+0.3%,4.726,+2.8%,57.92,12.3,-6.1%,+8.1%,-4.3%,+4.0%
EQT,Extended,Financials and related,Energy,Energy,Adj,Dec,EPS,CY2027,4.74,5.022,+5.9%,4.73,-5.8%,4.883,+3.2%,57.92,11.9,+3.0%,+8.1%,-4.3%,+4.0%
EQT,Extended,Financials and related,Energy,Energy,Adj,Dec,EPS,CY2028,5.281,5.377,+1.8%,5.226,-2.8%,5.622,+7.6%,57.92,10.3,+6.5%,+8.1%,-4.3%,+4.0%
HLNE,Extended,Financials and related,Financials,Financial Services,Adj,Mar,EPS,CY2025,4.77,5.535,+16.0%,5.768,+4.2%,5.738,-0.5%,90.32,15.7,+20.3%,-32.8%,-15.6%,-44.9%
HLNE,Extended,Financials and related,Financials,Financial Services,Adj,Mar,EPS,CY2026,5.844,6.148,+5.2%,6.363,+3.5%,6.101,-4.1%,90.32,14.8,+4.4%,-32.8%,-15.6%,-44.9%
HLNE,Extended,Financials and related,Financials,Financial Services,Adj,Mar,EPS,CY2027,,7.505,,7.73,+3.0%,7.133,-7.7%,90.32,12.7,,-32.8%,-15.6%,-44.9%
HLNE,Extended,Financials and related,Financials,Financial Services,Adj,Mar,EPS,CY2028,,8.51,,8.12,-4.6%,7.325,-9.8%,90.32,12.3,,-32.8%,-15.6%,-44.9%
STEP,Extended,Financials and related,Financials,Financial Services,Adj,Mar,EPS,CY2025,1.857,2.052,+10.5%,2.081,+1.4%,2.091,+0.5%,53.74,25.7,+12.6%,-16.3%,+7.3%,-4.6%
STEP,Extended,Financials and related,Financials,Financial Services,Adj,Mar,EPS,CY2026,2.266,2.521,+11.3%,2.516,-0.2%,2.528,+0.5%,53.74,21.3,+11.6%,-16.3%,+7.3%,-4.6%
STEP,Extended,Financials and related,Financials,Financial Services,Adj,Mar,EPS,CY2027,,3.018,,3.182,+5.4%,3.306,+3.9%,53.74,16.3,,-16.3%,+7.3%,-4.6%
STEP,Extended,Financials and related,Financials,Financial Services,Adj,Mar,EPS,CY2028,,3.89,,3.66,-5.9%,3.527,-3.6%,53.74,15.2,,-16.3%,+7.3%,-4.6%
TROW,Extended,Financials and related,Financials,Financial Services,Adj,Dec,EPS,CY2025,8.255,9.71,+17.6%,9.722,+0.1%,9.722,+0.0%,103.39,10.6,+17.8%,+1.0%,+8.4%,+9.5%
TROW,Extended,Financials and related,Financials,Financial Services,Adj,Dec,EPS,CY2026,8.407,10.177,+21.1%,10.089,-0.9%,9.468,-6.2%,103.39,10.9,+12.6%,+1.0%,+8.4%,+9.5%
TROW,Extended,Financials and related,Financials,Financial Services,Adj,Dec,EPS,CY2027,8.656,10.163,+17.4%,10.223,+0.6%,9.512,-7.0%,103.39,10.9,+9.9%,+1.0%,+8.4%,+9.5%
TROW,Extended,Financials and related,Financials,Financial Services,Adj,Dec,EPS,CY2028,10.23,10.69,+4.5%,10.34,-3.3%,9.113,-11.9%,103.39,11.3,-10.9%,+1.0%,+8.4%,+9.5%
SYF,Extended,Financials and related,Financials,Financial Services,Adj,Dec,EPS,CY2025,7.654,9.15,+19.5%,9.23,+0.9%,9.23,+0.0%,71.83,7.8,+20.6%,-13.9%,-2.1%,+25.0%
SYF,Extended,Financials and related,Financials,Financial Services,Adj,Dec,EPS,CY2026,8.597,9.136,+6.3%,9.256,+1.3%,9.28,+0.3%,71.83,7.7,+7.9%,-13.9%,-2.1%,+25.0%
SYF,Extended,Financials and related,Financials,Financial Services,Adj,Dec,EPS,CY2027,9.703,10.038,+3.5%,10.333,+2.9%,10.41,+0.7%,71.83,6.9,+7.3%,-13.9%,-2.1%,+25.0%
SYF,Extended,Financials and related,Financials,Financial Services,Adj,Dec,EPS,CY2028,6.67,8.835,+32.5%,11.487,+30.0%,11.524,+0.3%,71.83,6.2,+72.8%,-13.9%,-2.1%,+25.0%
BFH,Extended,Financials and related,Financials,Financial Services,Adj,Dec,EPS,CY2025,7.105,9.795,+37.9%,10.173,+3.9%,10.173,+0.0%,86.6,8.5,+43.2%,+17.0%,+14.4%,+68.8%
BFH,Extended,Financials and related,Financials,Financial Services,Adj,Dec,EPS,CY2026,9.002,9.221,+2.4%,10.011,+8.6%,10.784,+7.7%,86.6,8.0,+19.8%,+17.0%,+14.4%,+68.8%
BFH,Extended,Financials and related,Financials,Financial Services,Adj,Dec,EPS,CY2027,9.635,10.773,+11.8%,11.576,+7.5%,12.329,+6.5%,86.6,7.0,+28.0%,+17.0%,+14.4%,+68.8%
BFH,Extended,Financials and related,Financials,Financial Services,Adj,Dec,EPS,CY2028,6.65,9.54,+43.5%,12.87,+34.9%,13.5,+4.9%,86.6,6.4,+103.0%,+17.0%,+14.4%,+68.8%
ICE,Extended,Financials and related,Financials,Financial Services,Adj,Dec,EPS,CY2025,6.905,6.903,-0.0%,6.916,+0.2%,6.916,+0.0%,152.97,22.1,+0.2%,-5.6%,-0.7%,-12.1%
ICE,Extended,Financials and related,Financials,Financial Services,Adj,Dec,EPS,CY2026,7.651,7.49,-2.1%,7.636,+1.9%,8.126,+6.4%,152.97,18.8,+6.2%,-5.6%,-0.7%,-12.1%
ICE,Extended,Financials and related,Financials,Financial Services,Adj,Dec,EPS,CY2027,8.315,8.344,+0.3%,8.528,+2.2%,8.806,+3.3%,152.97,17.4,+5.9%,-5.6%,-0.7%,-12.1%
ICE,Extended,Financials and related,Financials,Financial Services,Adj,Dec,EPS,CY2028,9.503,9.183,-3.4%,9.385,+2.2%,9.74,+3.8%,152.97,15.7,+2.5%,-5.6%,-0.7%,-12.1%
CME,Extended,Financials and related,Financials,Financial Services,Adj,Dec,EPS,CY2025,11.161,11.106,-0.5%,11.164,+0.5%,11.164,+0.0%,291.23,26.1,+0.0%,+8.8%,-3.6%,+5.3%
CME,Extended,Financials and related,Financials,Financial Services,Adj,Dec,EPS,CY2026,11.626,11.563,-0.5%,11.795,+2.0%,12.251,+3.9%,291.23,23.8,+5.4%,+8.8%,-3.6%,+5.3%
CME,Extended,Financials and related,Financials,Financial Services,Adj,Dec,EPS,CY2027,12.364,12.238,-1.0%,12.498,+2.1%,12.829,+2.6%,291.23,22.7,+3.8%,+8.8%,-3.6%,+5.3%
CME,Extended,Financials and related,Financials,Financial Services,Adj,Dec,EPS,CY2028,13.207,12.643,-4.3%,13.478,+6.6%,13.625,+1.1%,291.23,21.4,+3.2%,+8.8%,-3.6%,+5.3%
SLM,Extended,Financials and related,Financials,Financial Services,Adj,Dec,EPS,CY2025,3.106,3.216,+3.5%,3.278,+1.9%,3.278,+0.0%,22.15,6.8,+5.5%,-18.1%,-2.0%,-34.2%
SLM,Extended,Financials and related,Financials,Financial Services,Adj,Dec,EPS,CY2026,3.464,3.426,-1.1%,2.739,-20.1%,3.15,+15.0%,22.15,7.0,-9.1%,-18.1%,-2.0%,-34.2%
SLM,Extended,Financials and related,Financials,Financial Services,Adj,Dec,EPS,CY2027,3.876,3.86,-0.4%,3.188,-17.4%,3.384,+6.1%,22.15,6.5,-12.7%,-18.1%,-2.0%,-34.2%
SLM,Extended,Financials and related,Financials,Financial Services,Adj,Dec,EPS,CY2028,,,,3.875,,3.886,+0.3%,22.15,5.7,,-18.1%,-2.0%,-34.2%
CBOE,Extended,Financials and related,Financials,Financial Services,Adj,Dec,EPS,CY2025,9.456,10.27,+8.6%,10.551,+2.7%,10.551,+0.0%,357.35,33.9,+11.6%,+42.4%,+23.8%,+56.4%
CBOE,Extended,Financials and related,Financials,Financial Services,Adj,Dec,EPS,CY2026,9.934,10.906,+9.8%,11.619,+6.5%,13.635,+17.4%,357.35,26.2,+37.3%,+42.4%,+23.8%,+56.4%
CBOE,Extended,Financials and related,Financials,Financial Services,Adj,Dec,EPS,CY2027,10.766,11.459,+6.4%,12.494,+9.0%,14.423,+15.4%,357.35,24.8,+34.0%,+42.4%,+23.8%,+56.4%
CBOE,Extended,Financials and related,Financials,Financial Services,Adj,Dec,EPS,CY2028,11.487,11.963,+4.1%,13.6,+13.7%,15.44,+13.5%,357.35,23.1,+34.4%,+42.4%,+23.8%,+56.4%
NDAQ,Extended,Financials and related,Financials,Financial Services,Adj,Dec,EPS,CY2025,3.194,3.423,+7.2%,3.431,+0.2%,3.431,+0.0%,91.01,26.5,+7.4%,-6.3%,+11.2%,+12.1%
NDAQ,Extended,Financials and related,Financials,Financial Services,Adj,Dec,EPS,CY2026,3.556,3.802,+6.9%,3.905,+2.7%,3.936,+0.8%,91.01,23.1,+10.7%,-6.3%,+11.2%,+12.1%
NDAQ,Extended,Financials and related,Financials,Financial Services,Adj,Dec,EPS,CY2027,3.979,4.251,+6.8%,4.392,+3.3%,4.434,+1.0%,91.01,20.5,+11.4%,-6.3%,+11.2%,+12.1%
NDAQ,Extended,Financials and related,Financials,Financial Services,Adj,Dec,EPS,CY2028,4.507,4.685,+3.9%,5.023,+7.2%,5.066,+0.9%,91.01,18.0,+12.4%,-6.3%,+11.2%,+12.1%
NAVI,Extended,Financials and related,Financials,Financial Services,Adj,Dec,EPS,CY2025,1.079,-0.069,-106.4%,-0.063,+8.7%,-0.063,+0.0%,8.44,-134.0,-105.8%,-35.1%,-9.9%,-36.2%
NAVI,Extended,Financials and related,Financials,Financial Services,Adj,Dec,EPS,CY2026,1.32,1.191,-9.8%,0.694,-41.7%,0.72,+3.7%,8.44,11.7,-45.5%,-35.1%,-9.9%,-36.2%
NAVI,Extended,Financials and related,Financials,Financial Services,Adj,Dec,EPS,CY2027,1.42,1.448,+2.0%,0.979,-32.4%,0.945,-3.5%,8.44,8.9,-33.5%,-35.1%,-9.9%,-36.2%
NAVI,Extended,Financials and related,Financials,Financial Services,Adj,Dec,EPS,CY2028,,,,1.27,,1.175,-7.5%,8.44,7.2,,-35.1%,-9.9%,-36.2%
FG,Extended,Financials and related,Financials,Insurance,Adj,Dec,EPS,CY2025,4.495,4.055,-9.8%,3.91,-3.6%,3.91,+0.0%,27.79,7.1,-13.0%,-9.9%,+9.1%,-12.4%
FG,Extended,Financials and related,Financials,Insurance,Adj,Dec,EPS,CY2026,5.837,5.7,-2.3%,5.51,-3.3%,3.94,-28.5%,27.79,7.1,-32.5%,-9.9%,+9.1%,-12.4%
FG,Extended,Financials and related,Financials,Insurance,Adj,Dec,EPS,CY2027,6.865,6.503,-5.3%,6.375,-2.0%,5.15,-19.2%,27.79,5.4,-25.0%,-9.9%,+9.1%,-12.4%
FG,Extended,Financials and related,Financials,Insurance,Adj,Dec,EPS,CY2028,,,,7.52,,5.765,-23.3%,27.79,4.8,,-9.9%,+9.1%,-12.4%
BEN,Extended,Financials and related,Financials,Financial Services,Adj,Sep,EPS,CY2025,2.047,2.12,+3.6%,2.12,+0.0%,2.12,+0.0%,31.02,14.6,+3.6%,+29.8%,+12.1%,+43.5%
BEN,Extended,Financials and related,Financials,Financial Services,Adj,Sep,EPS,CY2026,2.303,2.475,+7.5%,2.634,+6.4%,2.739,+4.0%,31.02,11.3,+18.9%,+29.8%,+12.1%,+43.5%
BEN,Extended,Financials and related,Financials,Financial Services,Adj,Sep,EPS,CY2027,2.679,2.779,+3.7%,2.923,+5.2%,2.944,+0.7%,31.02,10.5,+9.9%,+29.8%,+12.1%,+43.5%
BEN,Extended,Financials and related,Financials,Financial Services,Adj,Sep,EPS,CY2028,2.063,2.893,+40.2%,3.166,+9.4%,3.257,+2.9%,31.02,9.5,+57.9%,+29.8%,+12.1%,+43.5%
ALLY,Extended,Financials and related,Financials,Financial Services,Adj,Dec,EPS,CY2025,3.372,3.76,+11.5%,3.755,-0.1%,3.755,+0.0%,42.35,11.3,+11.4%,-6.5%,+0.5%,+24.8%
ALLY,Extended,Financials and related,Financials,Financial Services,Adj,Dec,EPS,CY2026,5.432,5.404,-0.5%,5.223,-3.3%,5.228,+0.1%,42.35,8.1,-3.8%,-6.5%,+0.5%,+24.8%
ALLY,Extended,Financials and related,Financials,Financial Services,Adj,Dec,EPS,CY2027,6.07,6.266,+3.2%,6.358,+1.5%,6.431,+1.1%,42.35,6.6,+5.9%,-6.5%,+0.5%,+24.8%
ALLY,Extended,Financials and related,Financials,Financial Services,Adj,Dec,EPS,CY2028,5.67,5.67,+0.0%,7.188,+26.8%,7.147,-0.6%,42.35,5.9,+26.0%,-6.5%,+0.5%,+24.8%
RM,Extended,Financials and related,Financials,Financial Services,Adj,Dec,EPS,CY2025,4.365,4.422,+1.3%,4.433,+0.2%,4.433,+0.0%,35.36,8.0,+1.6%,-8.7%,+2.2%,+33.7%
RM,Extended,Financials and related,Financials,Financial Services,Adj,Dec,EPS,CY2026,6.53,6.124,-6.2%,5.498,-10.2%,5.6,+1.9%,35.36,6.3,-14.2%,-8.7%,+2.2%,+33.7%
RM,Extended,Financials and related,Financials,Financial Services,Adj,Dec,EPS,CY2027,11.76,8.247,-29.9%,7.515,-8.9%,7.365,-2.0%,35.36,4.8,-37.4%,-8.7%,+2.2%,+33.7%
RM,Extended,Financials and related,Financials,Financial Services,Adj,Dec,EPS,CY2028,,,,8.1,,7.38,-8.9%,35.36,4.8,,-8.7%,+2.2%,+33.7%
OMF,Extended,Financials and related,Financials,Financial Services,Adj,Dec,EPS,CY2025,6.113,6.675,+9.2%,6.702,+0.4%,6.702,+0.0%,53.48,8.0,+9.6%,-20.8%,-6.5%,+6.2%
OMF,Extended,Financials and related,Financials,Financial Services,Adj,Dec,EPS,CY2026,7.999,8.12,+1.5%,7.497,-7.7%,7.299,-2.6%,53.48,7.3,-8.8%,-20.8%,-6.5%,+6.2%
OMF,Extended,Financials and related,Financials,Financial Services,Adj,Dec,EPS,CY2027,10.04,10.09,+0.5%,9.15,-9.3%,8.681,-5.1%,53.48,6.2,-13.5%,-20.8%,-6.5%,+6.2%
OMF,Extended,Financials and related,Financials,Financial Services,Adj,Dec,EPS,CY2028,11.3,12.58,+11.3%,11.033,-12.3%,10.586,-4.1%,53.48,5.1,-6.3%,-20.8%,-6.5%,+6.2%
OPRT,Extended,Financials and related,Financials,Financial Services,Adj,Dec,EPS,CY2025,1.226,1.139,-7.1%,1.349,+18.4%,1.349,+0.0%,5.45,4.0,+10.0%,+3.0%,+4.8%,-14.8%
OPRT,Extended,Financials and related,Financials,Financial Services,Adj,Dec,EPS,CY2026,1.673,1.471,-12.1%,1.541,+4.8%,1.565,+1.6%,5.45,3.5,-6.5%,+3.0%,+4.8%,-14.8%
OPRT,Extended,Financials and related,Financials,Financial Services,Adj,Dec,EPS,CY2027,1.87,1.75,-6.4%,1.765,+0.9%,1.847,+4.6%,5.45,3.0,-1.2%,+3.0%,+4.8%,-14.8%
OPRT,Extended,Financials and related,Financials,Financial Services,Adj,Dec,EPS,CY2028,,,,,,2.31,,5.45,2.4,,+3.0%,+4.8%,-14.8%
ENVA,Extended,Financials and related,Financials,Financial Services,Adj,Dec,EPS,CY2025,11.764,12.74,+8.3%,12.733,-0.1%,12.733,+0.0%,157.51,12.4,+8.2%,+0.2%,+8.4%,+72.6%
ENVA,Extended,Financials and related,Financials,Financial Services,Adj,Dec,EPS,CY2026,13.67,14.361,+5.1%,15.729,+9.5%,16.417,+4.4%,157.51,9.6,+20.1%,+0.2%,+8.4%,+72.6%
ENVA,Extended,Financials and related,Financials,Financial Services,Adj,Dec,EPS,CY2027,15.51,17.473,+12.7%,18.348,+5.0%,19.923,+8.6%,157.51,7.9,+28.5%,+0.2%,+8.4%,+72.6%
ENVA,Extended,Financials and related,Financials,Financial Services,Adj,Dec,EPS,CY2028,,,,24.63,,26.48,+7.5%,157.51,5.9,,+0.2%,+8.4%,+72.6%
ECPG,Extended,Financials and related,Financials,Financial Services,Adj,Dec,EPS,CY2025,5.985,9.756,+63.0%,9.68,-0.8%,9.68,+0.0%,80.2,8.3,+61.7%,+47.6%,+37.3%,+106.6%
ECPG,Extended,Financials and related,Financials,Financial Services,Adj,Dec,EPS,CY2026,7.318,9.278,+26.8%,8.993,-3.1%,12.953,+44.0%,80.2,6.2,+77.0%,+47.6%,+37.3%,+106.6%
ECPG,Extended,Financials and related,Financials,Financial Services,Adj,Dec,EPS,CY2027,5.125,10.28,+100.6%,7.83,-23.8%,13.565,+73.2%,80.2,5.9,+164.7%,+47.6%,+37.3%,+106.6%
ECPG,Extended,Financials and related,Financials,Financial Services,Adj,Dec,EPS,CY2028,7.54,10.88,+44.3%,10.88,+0.0%,14.29,+31.3%,80.2,5.6,+89.5%,+47.6%,+37.3%,+106.6%
EQR,Extended,Financials and related,Real Estate,Equity Real Estate Investment,Adj,Dec,EPS,CY2025,1.606,2.79,+73.7%,2.845,+2.0%,2.845,+0.0%,66.2,23.3,+77.1%,+5.0%,+5.8%,-3.1%
EQR,Extended,Financials and related,Real Estate,Equity Real Estate Investment,Adj,Dec,EPS,CY2026,1.394,2.053,+47.3%,1.415,-31.1%,1.353,-4.4%,66.2,48.9,-2.9%,+5.0%,+5.8%,-3.1%
EQR,Extended,Financials and related,Real Estate,Equity Real Estate Investment,Adj,Dec,EPS,CY2027,1.849,2.042,+10.4%,1.549,-24.1%,1.6,+3.3%,66.2,41.4,-13.5%,+5.0%,+5.8%,-3.1%
EQR,Extended,Financials and related,Real Estate,Equity Real Estate Investment,Adj,Dec,EPS,CY2028,2.553,3.115,+22.0%,1.655,-46.9%,1.78,+7.6%,66.2,37.2,-30.3%,+5.0%,+5.8%,-3.1%
MCD,Extended,Food / Restaurants,Consumer Discretionary,Consumer Services,GAAP,Dec,EPS,CY2025,12.244,11.985,-2.1%,12.006,+0.2%,12.006,+0.0%,282.27,23.5,-1.9%,-7.6%,-14.3%,-10.2%
MCD,Extended,Food / Restaurants,Consumer Discretionary,Consumer Services,GAAP,Dec,EPS,CY2026,13.29,13.215,-0.6%,13.197,-0.1%,12.946,-1.9%,282.27,21.8,-2.6%,-7.6%,-14.3%,-10.2%
MCD,Extended,Food / Restaurants,Consumer Discretionary,Consumer Services,GAAP,Dec,EPS,CY2027,14.61,14.447,-1.1%,14.33,-0.8%,14.133,-1.4%,282.27,20.0,-3.3%,-7.6%,-14.3%,-10.2%
MCD,Extended,Food / Restaurants,Consumer Discretionary,Consumer Services,GAAP,Dec,EPS,CY2028,15.919,15.781,-0.9%,15.438,-2.2%,15.305,-0.9%,282.27,18.4,-3.9%,-7.6%,-14.3%,-10.2%
YUM,Extended,Food / Restaurants,Consumer Discretionary,Consumer Services,Adj,Dec,EPS,CY2025,6.044,6.069,+0.4%,6.059,-0.2%,6.059,+0.0%,155.15,25.6,+0.2%,+2.6%,-5.0%,+6.6%
YUM,Extended,Food / Restaurants,Consumer Discretionary,Consumer Services,Adj,Dec,EPS,CY2026,6.7,6.663,-0.6%,6.64,-0.3%,6.762,+1.8%,155.15,22.9,+0.9%,+2.6%,-5.0%,+6.6%
YUM,Extended,Food / Restaurants,Consumer Discretionary,Consumer Services,Adj,Dec,EPS,CY2027,7.496,7.451,-0.6%,7.44,-0.1%,7.497,+0.8%,155.15,20.7,+0.0%,+2.6%,-5.0%,+6.6%
YUM,Extended,Food / Restaurants,Consumer Discretionary,Consumer Services,Adj,Dec,EPS,CY2028,8.529,8.452,-0.9%,8.362,-1.1%,8.395,+0.4%,155.15,18.5,-1.6%,+2.6%,-5.0%,+6.6%
WEN,Extended,Food / Restaurants,Consumer Discretionary,Consumer Services,Adj,Dec,EPS,CY2025,0.952,0.873,-8.3%,0.872,-0.1%,0.872,+0.0%,7.81,9.0,-8.4%,-6.2%,-3.5%,-32.1%
WEN,Extended,Food / Restaurants,Consumer Discretionary,Consumer Services,Adj,Dec,EPS,CY2026,1.054,0.885,-16.0%,0.589,-33.4%,0.576,-2.2%,7.81,13.6,-45.4%,-6.2%,-3.5%,-32.1%
WEN,Extended,Food / Restaurants,Consumer Discretionary,Consumer Services,Adj,Dec,EPS,CY2027,1.151,0.95,-17.5%,0.697,-26.6%,0.642,-7.9%,7.81,12.2,-44.2%,-6.2%,-3.5%,-32.1%
WEN,Extended,Food / Restaurants,Consumer Discretionary,Consumer Services,Adj,Dec,EPS,CY2028,1.301,1.088,-16.4%,0.793,-27.1%,0.726,-8.4%,7.81,10.8,-44.2%,-6.2%,-3.5%,-32.1%
YUMC,Extended,Food / Restaurants,Consumer Discretionary,Consumer Services,Adj,Dec,EPS,CY2025,2.535,2.508,-1.1%,2.494,-0.6%,2.494,+0.0%,44.56,17.9,-1.6%,-6.7%,-16.9%,+4.8%
YUMC,Extended,Food / Restaurants,Consumer Discretionary,Consumer Services,Adj,Dec,EPS,CY2026,2.861,2.865,+0.1%,2.9,+1.2%,2.907,+0.2%,44.56,15.3,+1.6%,-6.7%,-16.9%,+4.8%
YUMC,Extended,Food / Restaurants,Consumer Discretionary,Consumer Services,Adj,Dec,EPS,CY2027,3.211,3.173,-1.2%,3.226,+1.7%,3.247,+0.7%,44.56,13.7,+1.1%,-6.7%,-16.9%,+4.8%
YUMC,Extended,Food / Restaurants,Consumer Discretionary,Consumer Services,Adj,Dec,EPS,CY2028,3.767,3.636,-3.5%,3.606,-0.8%,3.577,-0.8%,44.56,12.5,-5.0%,-6.7%,-16.9%,+4.8%
SBUX,Extended,Food / Restaurants,Consumer Discretionary,Consumer Services,Adj,Sep,EPS,CY2025,2.456,2.147,-12.6%,2.147,+0.0%,2.147,+0.0%,103.11,48.0,-12.6%,+22.4%,+5.8%,+22.8%
SBUX,Extended,Food / Restaurants,Consumer Discretionary,Consumer Services,Adj,Sep,EPS,CY2026,3.009,2.427,-19.3%,2.297,-5.4%,2.386,+3.9%,103.11,43.2,-20.7%,+22.4%,+5.8%,+22.8%
SBUX,Extended,Food / Restaurants,Consumer Discretionary,Consumer Services,Adj,Sep,EPS,CY2027,3.626,3.04,-16.2%,2.955,-2.8%,3.044,+3.0%,103.11,33.9,-16.1%,+22.4%,+5.8%,+22.8%
SBUX,Extended,Food / Restaurants,Consumer Discretionary,Consumer Services,Adj,Sep,EPS,CY2028,4.282,3.625,-15.3%,3.635,+0.3%,3.688,+1.5%,103.11,28.0,-13.9%,+22.4%,+5.8%,+22.8%
WING,Extended,Food / Restaurants,Consumer Discretionary,Consumer Services,Adj,Dec,EPS,CY2025,3.868,3.927,+1.5%,3.919,-0.2%,3.919,+0.0%,140.41,35.8,+1.3%,-41.1%,-46.2%,-56.3%
WING,Extended,Food / Restaurants,Consumer Discretionary,Consumer Services,Adj,Dec,EPS,CY2026,4.919,4.816,-2.1%,4.683,-2.8%,4.574,-2.3%,140.41,30.7,-7.0%,-41.1%,-46.2%,-56.3%
WING,Extended,Food / Restaurants,Consumer Discretionary,Consumer Services,Adj,Dec,EPS,CY2027,6.294,6.162,-2.1%,5.945,-3.5%,5.575,-6.2%,140.41,25.2,-11.4%,-41.1%,-46.2%,-56.3%
WING,Extended,Food / Restaurants,Consumer Discretionary,Consumer Services,Adj,Dec,EPS,CY2028,7.656,7.74,+1.1%,7.461,-3.6%,6.93,-7.1%,140.41,20.3,-9.5%,-41.1%,-46.2%,-56.3%
CAVA,Extended,Food / Restaurants,Consumer Discretionary,Consumer Services,Adj,Dec,EPS,CY2025,0.585,0.529,-9.6%,0.528,-0.2%,0.528,+0.0%,80.42,152.3,-9.7%,+37.0%,+14.7%,-4.7%
CAVA,Extended,Food / Restaurants,Consumer Discretionary,Consumer Services,Adj,Dec,EPS,CY2026,0.731,0.588,-19.6%,0.581,-1.2%,0.553,-4.8%,80.42,145.4,-24.4%,+37.0%,+14.7%,-4.7%
CAVA,Extended,Food / Restaurants,Consumer Discretionary,Consumer Services,Adj,Dec,EPS,CY2027,1.025,0.733,-28.5%,0.751,+2.5%,0.748,-0.4%,80.42,107.5,-27.0%,+37.0%,+14.7%,-4.7%
CAVA,Extended,Food / Restaurants,Consumer Discretionary,Consumer Services,Adj,Dec,EPS,CY2028,1.393,0.968,-30.5%,1.022,+5.6%,1.041,+1.9%,80.42,77.3,-25.3%,+37.0%,+14.7%,-4.7%
BROS,Extended,Food / Restaurants,Consumer Discretionary,Consumer Services,Adj,Dec,EPS,CY2025,0.593,0.668,+12.6%,0.661,-1.0%,0.661,+0.0%,52.12,78.9,+11.5%,-14.9%,+6.8%,-23.9%
BROS,Extended,Food / Restaurants,Consumer Discretionary,Consumer Services,Adj,Dec,EPS,CY2026,0.819,0.888,+8.4%,0.879,-1.0%,0.932,+6.0%,52.12,55.9,+13.8%,-14.9%,+6.8%,-23.9%
BROS,Extended,Food / Restaurants,Consumer Discretionary,Consumer Services,Adj,Dec,EPS,CY2027,1.055,1.148,+8.8%,1.168,+1.7%,1.211,+3.7%,52.12,43.0,+14.8%,-14.9%,+6.8%,-23.9%
BROS,Extended,Food / Restaurants,Consumer Discretionary,Consumer Services,Adj,Dec,EPS,CY2028,1.473,1.568,+6.4%,1.545,-1.5%,1.553,+0.5%,52.12,33.6,+5.4%,-14.9%,+6.8%,-23.9%
SHAK,Extended,Food / Restaurants,Consumer Discretionary,Consumer Services,Adj,Dec,EPS,CY2025,1.312,1.328,+1.2%,1.281,-3.5%,1.281,+0.0%,62.72,49.0,-2.4%,-22.7%,-33.0%,-46.5%
SHAK,Extended,Food / Restaurants,Consumer Discretionary,Consumer Services,Adj,Dec,EPS,CY2026,1.67,1.624,-2.8%,1.396,-14.0%,1.229,-12.0%,62.72,51.0,-26.4%,-22.7%,-33.0%,-46.5%
SHAK,Extended,Food / Restaurants,Consumer Discretionary,Consumer Services,Adj,Dec,EPS,CY2027,2.165,2.051,-5.3%,1.78,-13.2%,1.596,-10.3%,62.72,39.3,-26.3%,-22.7%,-33.0%,-46.5%
SHAK,Extended,Food / Restaurants,Consumer Discretionary,Consumer Services,Adj,Dec,EPS,CY2028,2.731,2.8,+2.5%,2.491,-11.0%,2.183,-12.4%,62.72,28.7,-20.1%,-22.7%,-33.0%,-46.5%
ARCO,Extended,Food / Restaurants,Consumer Discretionary,Consumer Services,Adj,Dec,EPS,CY2025,0.652,0.61,-6.4%,0.807,+32.3%,0.807,+0.0%,8.75,10.8,+23.8%,+19.2%,-2.1%,+17.1%
ARCO,Extended,Food / Restaurants,Consumer Discretionary,Consumer Services,Adj,Dec,EPS,CY2026,0.808,0.679,-16.0%,0.683,+0.6%,0.734,+7.5%,8.75,11.9,-9.2%,+19.2%,-2.1%,+17.1%
ARCO,Extended,Food / Restaurants,Consumer Discretionary,Consumer Services,Adj,Dec,EPS,CY2027,1.007,0.769,-23.6%,0.807,+4.9%,0.851,+5.5%,8.75,10.3,-15.5%,+19.2%,-2.1%,+17.1%
ARCO,Extended,Food / Restaurants,Consumer Discretionary,Consumer Services,Adj,Dec,EPS,CY2028,1.07,0.857,-19.9%,0.943,+10.0%,1.0,+6.0%,8.75,8.8,-6.5%,+19.2%,-2.1%,+17.1%
EAT,Extended,Food / Restaurants,Consumer Discretionary,Consumer Services,Adj,Dec,EPS,CY2025,0.325,0.165,-49.2%,0.077,-53.3%,0.077,+0.0%,10.6,137.7,-76.3%,-20.9%,-18.3%,-33.8%
EAT,Extended,Food / Restaurants,Consumer Discretionary,Consumer Services,Adj,Dec,EPS,CY2026,0.405,0.285,-29.6%,0.183,-35.8%,0.177,-3.3%,10.6,59.9,-56.3%,-20.9%,-18.3%,-33.8%
EAT,Extended,Food / Restaurants,Consumer Discretionary,Consumer Services,Adj,Dec,EPS,CY2027,0.36,0.36,+0.0%,0.22,-38.9%,0.213,-3.2%,10.6,49.8,-40.8%,-20.9%,-18.3%,-33.8%
EAT,Extended,Food / Restaurants,Consumer Discretionary,Consumer Services,Adj,Dec,EPS,CY2028,,,,0.18,,0.205,+13.9%,10.6,51.7,,-20.9%,-18.3%,-33.8%
DMP,Extended,Food / Restaurants,Consumer Discretionary,Consumer Services,Adj,Jun,EPS,CY2025,1.304,1.266,-2.9%,1.266,+0.0%,1.266,+0.0%,17.04,13.5,-2.9%,-18.9%,-22.4%,-29.4%
DMP,Extended,Food / Restaurants,Consumer Discretionary,Consumer Services,Adj,Jun,EPS,CY2026,1.532,1.26,-17.8%,1.27,+0.8%,1.259,-0.9%,17.04,13.5,-17.8%,-18.9%,-22.4%,-29.4%
DMP,Extended,Food / Restaurants,Consumer Discretionary,Consumer Services,Adj,Jun,EPS,CY2027,1.799,1.425,-20.8%,1.436,+0.8%,1.393,-3.0%,17.04,12.2,-22.6%,-18.9%,-22.4%,-29.4%
DMP,Extended,Food / Restaurants,Consumer Discretionary,Consumer Services,Adj,Jun,EPS,CY2028,2.338,1.611,-31.1%,1.617,+0.4%,1.549,-4.2%,17.04,11.0,-33.7%,-18.9%,-22.4%,-29.4%
DOM,Extended,Food / Restaurants,Consumer Discretionary,Consumer Services,Adj,Dec,EPS,CY2025,0.207,0.176,-15.0%,0.175,-0.6%,0.176,+0.6%,189.5,10.8,-15.0%,+9.3%,-6.3%,-28.4%
DOM,Extended,Food / Restaurants,Consumer Discretionary,Consumer Services,Adj,Dec,EPS,CY2026,0.227,0.188,-17.2%,0.183,-2.7%,0.18,-1.6%,189.5,10.5,-20.7%,+9.3%,-6.3%,-28.4%
DOM,Extended,Food / Restaurants,Consumer Discretionary,Consumer Services,Adj,Dec,EPS,CY2027,0.251,0.205,-18.3%,0.196,-4.4%,0.192,-2.0%,189.5,9.9,-23.5%,+9.3%,-6.3%,-28.4%
DOM,Extended,Food / Restaurants,Consumer Discretionary,Consumer Services,Adj,Dec,EPS,CY2028,,0.227,,0.219,-3.5%,0.202,-7.8%,189.5,9.4,,+9.3%,-6.3%,-28.4%
LW,Extended,Food / Restaurants,Consumer Staples,"Food, Beverage & Tobacco",Adj,May,EPS,CY2025,3.13,3.116,-0.4%,3.116,+0.0%,3.116,+0.0%,43.76,14.0,-0.4%,+4.5%,-9.3%,-14.2%
LW,Extended,Food / Restaurants,Consumer Staples,"Food, Beverage & Tobacco",Adj,May,EPS,CY2026,3.5,3.101,-11.4%,2.728,-12.0%,2.807,+2.9%,43.76,15.6,-19.8%,+4.5%,-9.3%,-14.2%
LW,Extended,Food / Restaurants,Consumer Staples,"Food, Beverage & Tobacco",Adj,May,EPS,CY2027,3.908,3.548,-9.2%,3.022,-14.8%,2.989,-1.1%,43.76,14.6,-23.5%,+4.5%,-9.3%,-14.2%
LW,Extended,Food / Restaurants,Consumer Staples,"Food, Beverage & Tobacco",Adj,May,EPS,CY2028,4.96,4.06,-18.1%,3.51,-13.5%,3.435,-2.1%,43.76,12.7,-30.7%,+4.5%,-9.3%,-14.2%
SYY,Extended,Food / Restaurants,Consumer Staples,Consumer Staples Distribution,Adj,Jun,EPS,CY2025,4.377,4.376,-0.0%,4.376,+0.0%,4.376,+0.0%,76.29,17.4,-0.0%,+3.5%,-15.4%,+6.0%
SYY,Extended,Food / Restaurants,Consumer Staples,Consumer Staples Distribution,Adj,Jun,EPS,CY2026,4.675,4.577,-2.1%,4.593,+0.3%,4.586,-0.2%,76.29,16.6,-1.9%,+3.5%,-15.4%,+6.0%
SYY,Extended,Food / Restaurants,Consumer Staples,Consumer Staples Distribution,Adj,Jun,EPS,CY2027,5.144,5.054,-1.7%,5.076,+0.4%,4.944,-2.6%,76.29,15.4,-3.9%,+3.5%,-15.4%,+6.0%
SYY,Extended,Food / Restaurants,Consumer Staples,Consumer Staples Distribution,Adj,Jun,EPS,CY2028,5.551,5.485,-1.2%,5.501,+0.3%,5.303,-3.6%,76.29,14.4,-4.5%,+3.5%,-15.4%,+6.0%
USFD,Extended,Food / Restaurants,Consumer Staples,Consumer Staples Distribution,Adj,Dec,EPS,CY2025,3.816,3.941,+3.3%,3.941,+0.0%,3.941,+0.0%,80.47,20.4,+3.3%,+6.8%,-16.8%,+6.0%
USFD,Extended,Food / Restaurants,Consumer Staples,Consumer Staples Distribution,Adj,Dec,EPS,CY2026,4.546,4.677,+2.9%,4.773,+2.1%,4.727,-1.0%,80.47,17.0,+4.0%,+6.8%,-16.8%,+6.0%
USFD,Extended,Food / Restaurants,Consumer Staples,Consumer Staples Distribution,Adj,Dec,EPS,CY2027,5.288,5.513,+4.3%,5.631,+2.1%,5.549,-1.5%,80.47,14.5,+4.9%,+6.8%,-16.8%,+6.0%
USFD,Extended,Food / Restaurants,Consumer Staples,Consumer Staples Distribution,Adj,Dec,EPS,CY2028,6.057,6.673,+10.2%,6.612,-0.9%,6.478,-2.0%,80.47,12.4,+7.0%,+6.8%,-16.8%,+6.0%
PZZA,Extended,Food / Restaurants,Consumer Discretionary,Consumer Services,Adj,Dec,EPS,CY2025,1.656,1.41,-14.9%,1.406,-0.3%,1.406,+0.0%,33.4,23.8,-15.1%,-13.2%,+5.7%,-21.5%
PZZA,Extended,Food / Restaurants,Consumer Discretionary,Consumer Services,Adj,Dec,EPS,CY2026,2.304,1.845,-19.9%,1.851,+0.3%,1.476,-20.3%,33.4,22.6,-35.9%,-13.2%,+5.7%,-21.5%
PZZA,Extended,Food / Restaurants,Consumer Discretionary,Consumer Services,Adj,Dec,EPS,CY2027,2.827,2.26,-20.1%,2.239,-0.9%,1.74,-22.3%,33.4,19.2,-38.5%,-13.2%,+5.7%,-21.5%
PZZA,Extended,Food / Restaurants,Consumer Discretionary,Consumer Services,Adj,Dec,EPS,CY2028,3.74,2.475,-33.8%,2.475,+0.0%,1.94,-21.6%,33.4,17.2,-48.1%,-13.2%,+5.7%,-21.5%
CASY,Extended,Food / Restaurants,Consumer Staples,Consumer Staples Distribution,Adj,Apr,EPS,CY2025,14.063,13.951,-0.8%,13.951,+0.0%,13.951,+0.0%,825.02,59.1,-0.8%,+49.3%,+23.7%,+85.8%
CASY,Extended,Food / Restaurants,Consumer Staples,Consumer Staples Distribution,Adj,Apr,EPS,CY2026,15.811,16.351,+3.4%,17.565,+7.4%,18.133,+3.2%,825.02,45.5,+14.7%,+49.3%,+23.7%,+85.8%
CASY,Extended,Food / Restaurants,Consumer Staples,Consumer Staples Distribution,Adj,Apr,EPS,CY2027,17.84,18.269,+2.4%,19.353,+5.9%,20.252,+4.6%,825.02,40.7,+13.5%,+49.3%,+23.7%,+85.8%
CASY,Extended,Food / Restaurants,Consumer Staples,Consumer Staples Distribution,Adj,Apr,EPS,CY2028,,20.486,,21.32,+4.1%,22.338,+4.8%,825.02,36.9,,+49.3%,+23.7%,+85.8%
ACI,Extended,Food / Restaurants,Consumer Staples,Consumer Staples Distribution,Adj,Feb,EPS,CY2025,2.12,2.14,+0.9%,2.141,+0.0%,2.143,+0.1%,16.21,7.6,+1.1%,-5.6%,-9.4%,-25.7%
ACI,Extended,Food / Restaurants,Consumer Staples,Consumer Staples Distribution,Adj,Feb,EPS,CY2026,2.245,2.314,+3.1%,2.286,-1.2%,2.295,+0.4%,16.21,7.1,+2.2%,-5.6%,-9.4%,-25.7%
ACI,Extended,Food / Restaurants,Consumer Staples,Consumer Staples Distribution,Adj,Feb,EPS,CY2027,2.411,2.516,+4.4%,2.487,-1.2%,2.452,-1.4%,16.21,6.6,+1.7%,-5.6%,-9.4%,-25.7%
ACI,Extended,Food / Restaurants,Consumer Staples,Consumer Staples Distribution,Adj,Feb,EPS,CY2028,2.193,2.545,+16.1%,2.63,+3.3%,2.644,+0.5%,16.21,6.1,+20.6%,-5.6%,-9.4%,-25.7%
DIN,Extended,Food / Restaurants,Consumer Discretionary,Consumer Services,Adj,Dec,EPS,CY2025,4.888,4.019,-17.8%,3.984,-0.9%,3.984,+0.0%,30.37,7.6,-18.5%,-5.5%,-6.1%,+35.3%
DIN,Extended,Food / Restaurants,Consumer Discretionary,Consumer Services,Adj,Dec,EPS,CY2026,5.198,4.87,-6.3%,4.794,-1.6%,4.527,-5.6%,30.37,6.7,-12.9%,-5.5%,-6.1%,+35.3%
DIN,Extended,Food / Restaurants,Consumer Discretionary,Consumer Services,Adj,Dec,EPS,CY2027,6.17,5.093,-17.5%,5.185,+1.8%,5.162,-0.4%,30.37,5.9,-16.3%,-5.5%,-6.1%,+35.3%
DIN,Extended,Food / Restaurants,Consumer Discretionary,Consumer Services,Adj,Dec,EPS,CY2028,7.0,6.75,-3.6%,6.74,-0.1%,5.875,-12.8%,30.37,5.2,-16.1%,-5.5%,-6.1%,+35.3%
KR,Extended,Food / Restaurants,Consumer Staples,Consumer Staples Distribution,Adj,Jan,EPS,CY2025,4.751,4.793,+0.9%,4.803,+0.2%,4.805,+0.0%,67.25,14.0,+1.1%,+7.6%,+1.3%,-1.0%
KR,Extended,Food / Restaurants,Consumer Staples,Consumer Staples Distribution,Adj,Jan,EPS,CY2026,5.144,5.263,+2.3%,5.26,-0.1%,5.265,+0.1%,67.25,12.8,+2.4%,+7.6%,+1.3%,-1.0%
KR,Extended,Food / Restaurants,Consumer Staples,Consumer Staples Distribution,Adj,Jan,EPS,CY2027,5.439,5.594,+2.8%,5.572,-0.4%,5.666,+1.7%,67.25,11.9,+4.2%,+7.6%,+1.3%,-1.0%
KR,Extended,Food / Restaurants,Consumer Staples,Consumer Staples Distribution,Adj,Jan,EPS,CY2028,5.18,5.731,+10.6%,5.759,+0.5%,6.007,+4.3%,67.25,11.2,+16.0%,+7.6%,+1.3%,-1.0%
MRSH,Extended,Insurance Brokers / Consultants,Financials,Insurance,Adj,Dec,EPS,CY2025,9.537,9.604,+0.7%,9.602,-0.0%,9.602,+0.0%,164.11,17.1,+0.7%,-11.5%,-8.5%,-28.2%
MRSH,Extended,Insurance Brokers / Consultants,Financials,Insurance,Adj,Dec,EPS,CY2026,10.347,10.3,-0.5%,10.389,+0.9%,10.375,-0.1%,164.11,15.8,+0.3%,-11.5%,-8.5%,-28.2%
MRSH,Extended,Insurance Brokers / Consultants,Financials,Insurance,Adj,Dec,EPS,CY2027,11.333,11.225,-1.0%,11.326,+0.9%,11.292,-0.3%,164.11,14.5,-0.4%,-11.5%,-8.5%,-28.2%
MRSH,Extended,Insurance Brokers / Consultants,Financials,Insurance,Adj,Dec,EPS,CY2028,13.013,12.837,-1.4%,12.408,-3.3%,12.297,-0.9%,164.11,13.3,-5.5%,-11.5%,-8.5%,-28.2%
WTW,Extended,Insurance Brokers / Consultants,Financials,Insurance,Adj,Dec,EPS,CY2025,16.751,16.96,+1.2%,16.945,-0.1%,16.945,+0.0%,257.4,15.2,+1.2%,-21.7%,-14.7%,-16.4%
WTW,Extended,Insurance Brokers / Consultants,Financials,Insurance,Adj,Dec,EPS,CY2026,19.108,19.317,+1.1%,19.66,+1.8%,19.518,-0.7%,257.4,13.2,+2.1%,-21.7%,-14.7%,-16.4%
WTW,Extended,Insurance Brokers / Consultants,Financials,Insurance,Adj,Dec,EPS,CY2027,21.782,22.008,+1.0%,22.434,+1.9%,22.14,-1.3%,257.4,11.6,+1.6%,-21.7%,-14.7%,-16.4%
WTW,Extended,Insurance Brokers / Consultants,Financials,Insurance,Adj,Dec,EPS,CY2028,24.59,24.84,+1.0%,25.258,+1.7%,24.911,-1.4%,257.4,10.3,+1.3%,-21.7%,-14.7%,-16.4%
AJG,Extended,Insurance Brokers / Consultants,Financials,Insurance,Adj,Dec,EPS,CY2025,11.194,10.832,-3.2%,10.7,-1.2%,10.7,+0.0%,204.75,19.1,-4.4%,-20.9%,-5.4%,-39.0%
AJG,Extended,Insurance Brokers / Consultants,Financials,Insurance,Adj,Dec,EPS,CY2026,13.55,13.427,-0.9%,13.334,-0.7%,13.254,-0.6%,204.75,15.4,-2.2%,-20.9%,-5.4%,-39.0%
AJG,Extended,Insurance Brokers / Consultants,Financials,Insurance,Adj,Dec,EPS,CY2027,15.094,15.108,+0.1%,14.764,-2.3%,14.868,+0.7%,204.75,13.8,-1.5%,-20.9%,-5.4%,-39.0%
AJG,Extended,Insurance Brokers / Consultants,Financials,Insurance,Adj,Dec,EPS,CY2028,16.627,15.615,-6.1%,16.813,+7.7%,16.636,-1.1%,204.75,12.3,+0.1%,-20.9%,-5.4%,-39.0%
BRO,Extended,Insurance Brokers / Consultants,Financials,Insurance,Adj,Dec,EPS,CY2025,4.173,4.265,+2.2%,4.264,-0.0%,4.264,+0.0%,57.82,13.6,+2.2%,-27.5%,-16.9%,-47.6%
BRO,Extended,Insurance Brokers / Consultants,Financials,Insurance,Adj,Dec,EPS,CY2026,4.538,4.649,+2.4%,4.521,-2.8%,4.495,-0.6%,57.82,12.9,-0.9%,-27.5%,-16.9%,-47.6%
BRO,Extended,Insurance Brokers / Consultants,Financials,Insurance,Adj,Dec,EPS,CY2027,4.964,5.052,+1.8%,4.981,-1.4%,4.89,-1.8%,57.82,11.8,-1.5%,-27.5%,-16.9%,-47.6%
BRO,Extended,Insurance Brokers / Consultants,Financials,Insurance,Adj,Dec,EPS,CY2028,,,,5.331,,5.163,-3.2%,57.82,11.2,,-27.5%,-16.9%,-47.6%
ACN,Extended,Insurance Brokers / Consultants,Information Technology,Software & Services,Adj,Aug,EPS,CY2025,12.72,12.899,+1.4%,12.899,+0.0%,12.899,+0.0%,179.24,13.9,+1.4%,-33.2%,-16.8%,-43.4%
ACN,Extended,Insurance Brokers / Consultants,Information Technology,Software & Services,Adj,Aug,EPS,CY2026,13.637,13.809,+1.3%,13.828,+0.1%,13.887,+0.4%,179.24,12.9,+1.8%,-33.2%,-16.8%,-43.4%
ACN,Extended,Insurance Brokers / Consultants,Information Technology,Software & Services,Adj,Aug,EPS,CY2027,14.889,14.887,-0.0%,14.924,+0.2%,14.972,+0.3%,179.24,12.0,+0.6%,-33.2%,-16.8%,-43.4%
ACN,Extended,Insurance Brokers / Consultants,Information Technology,Software & Services,Adj,Aug,EPS,CY2028,17.014,16.081,-5.5%,16.261,+1.1%,16.317,+0.3%,179.24,11.0,-4.1%,-33.2%,-16.8%,-43.4%
CTSH,Extended,Insurance Brokers / Consultants,Information Technology,Software & Services,Adj,Dec,EPS,CY2025,5.103,5.248,+2.8%,5.248,+0.0%,5.248,+0.0%,52.75,10.1,+2.8%,-36.4%,-18.9%,-34.0%
CTSH,Extended,Insurance Brokers / Consultants,Information Technology,Software & Services,Adj,Dec,EPS,CY2026,5.463,5.632,+3.1%,5.657,+0.4%,5.709,+0.9%,52.75,9.2,+4.5%,-36.4%,-18.9%,-34.0%
CTSH,Extended,Insurance Brokers / Consultants,Information Technology,Software & Services,Adj,Dec,EPS,CY2027,5.913,6.118,+3.5%,6.142,+0.4%,6.182,+0.7%,52.75,8.5,+4.5%,-36.4%,-18.9%,-34.0%
CTSH,Extended,Insurance Brokers / Consultants,Information Technology,Software & Services,Adj,Dec,EPS,CY2028,6.13,6.445,+5.1%,6.693,+3.8%,6.739,+0.7%,52.75,7.8,+9.9%,-36.4%,-18.9%,-34.0%
CNDT,Extended,Insurance Brokers / Consultants,Industrials,Commercial & Professional Serv,Adj,Dec,EPS,CY2025,-0.29,-0.34,-17.2%,-0.42,-23.5%,-0.42,+0.0%,1.88,-4.5,-44.8%,-2.1%,+18.2%,-21.0%
CNDT,Extended,Insurance Brokers / Consultants,Industrials,Commercial & Professional Serv,Adj,Dec,EPS,CY2026,0.0,0.02,,-0.22,-1200.0%,-0.45,-104.5%,1.88,-4.2,,-2.1%,+18.2%,-21.0%
CNDT,Extended,Insurance Brokers / Consultants,Industrials,Commercial & Professional Serv,Adj,Dec,EPS,CY2027,,0.16,,0.0,-100.0%,-0.16,,1.88,-11.7,,-2.1%,+18.2%,-21.0%
CNDT,Extended,Insurance Brokers / Consultants,Industrials,Commercial & Professional Serv,Adj,Dec,EPS,CY2028,,,,,,,,1.88,,,-2.1%,+18.2%,-21.0%
TCS,Extended,Insurance Brokers / Consultants,Information Technology,Software & Services,GAAP,Mar,EPS,CY2025,143.433,141.77,-1.2%,139.423,-1.7%,140.162,+0.5%,2317.3,16.5,-2.3%,-26.7%,-13.4%,-33.1%
TCS,Extended,Insurance Brokers / Consultants,Information Technology,Software & Services,GAAP,Mar,EPS,CY2026,157.344,151.65,-3.6%,153.792,+1.4%,155.334,+1.0%,2317.3,14.9,-1.3%,-26.7%,-13.4%,-33.1%
TCS,Extended,Insurance Brokers / Consultants,Information Technology,Software & Services,GAAP,Mar,EPS,CY2027,168.626,163.261,-3.2%,166.228,+1.8%,165.102,-0.7%,2317.3,14.0,-2.1%,-26.7%,-13.4%,-33.1%
TCS,Extended,Insurance Brokers / Consultants,Information Technology,Software & Services,GAAP,Mar,EPS,CY2028,,170.148,,180.863,+6.3%,173.918,-3.8%,2317.3,13.3,,-26.7%,-13.4%,-33.1%
DXC,Extended,Insurance Brokers / Consultants,Information Technology,Software & Services,Adj,Mar,EPS,CY2025,3.005,3.098,+3.1%,3.178,+2.6%,3.178,+0.0%,9.5,3.0,+5.8%,-35.2%,-28.8%,-37.4%
DXC,Extended,Insurance Brokers / Consultants,Information Technology,Software & Services,Adj,Mar,EPS,CY2026,3.147,3.144,-0.1%,3.304,+5.1%,2.607,-21.1%,9.5,3.6,-17.2%,-35.2%,-28.8%,-37.4%
DXC,Extended,Insurance Brokers / Consultants,Information Technology,Software & Services,Adj,Mar,EPS,CY2027,3.19,3.36,+5.3%,3.56,+6.0%,3.027,-15.0%,9.5,3.1,-5.1%,-35.2%,-28.8%,-37.4%
DXC,Extended,Insurance Brokers / Consultants,Information Technology,Software & Services,Adj,Mar,EPS,CY2028,,2.84,,3.25,+14.4%,3.1,-4.6%,9.5,3.1,,-35.2%,-28.8%,-37.4%
RHI,Extended,Insurance Brokers / Consultants,Industrials,Commercial & Professional Serv,Adj,Dec,EPS,CY2025,1.728,1.335,-22.7%,1.327,-0.6%,1.327,+0.0%,27.31,20.6,-23.2%,+0.6%,+6.0%,-40.8%
RHI,Extended,Insurance Brokers / Consultants,Industrials,Commercial & Professional Serv,Adj,Dec,EPS,CY2026,2.678,1.82,-32.0%,1.487,-18.3%,1.32,-11.2%,27.31,20.7,-50.7%,+0.6%,+6.0%,-40.8%
RHI,Extended,Insurance Brokers / Consultants,Industrials,Commercial & Professional Serv,Adj,Dec,EPS,CY2027,3.813,2.686,-29.6%,2.331,-13.2%,2.073,-11.1%,27.31,13.2,-45.6%,+0.6%,+6.0%,-40.8%
RHI,Extended,Insurance Brokers / Consultants,Industrials,Commercial & Professional Serv,Adj,Dec,EPS,CY2028,3.09,3.355,+8.6%,2.97,-11.5%,2.595,-12.6%,27.31,10.5,-16.0%,+0.6%,+6.0%,-40.8%
MAN,Extended,Insurance Brokers / Consultants,Industrials,Commercial & Professional Serv,Adj,Dec,EPS,CY2025,2.835,2.904,+2.4%,2.87,-1.2%,2.87,+0.0%,29.37,10.2,+1.2%,-1.2%,+2.5%,-31.7%
MAN,Extended,Insurance Brokers / Consultants,Industrials,Commercial & Professional Serv,Adj,Dec,EPS,CY2026,4.31,3.863,-10.4%,3.723,-3.6%,3.676,-1.3%,29.37,8.0,-14.7%,-1.2%,+2.5%,-31.7%
MAN,Extended,Insurance Brokers / Consultants,Industrials,Commercial & Professional Serv,Adj,Dec,EPS,CY2027,5.555,5.534,-0.4%,5.034,-9.0%,4.79,-4.8%,29.37,6.1,-13.8%,-1.2%,+2.5%,-31.7%
MAN,Extended,Insurance Brokers / Consultants,Industrials,Commercial & Professional Serv,Adj,Dec,EPS,CY2028,5.7,6.38,+11.9%,6.22,-2.5%,6.384,+2.6%,29.37,4.6,+12.0%,-1.2%,+2.5%,-31.7%
FCN,Extended,Insurance Brokers / Consultants,Industrials,Commercial & Professional Serv,Adj,Dec,EPS,CY2025,8.067,8.507,+5.5%,8.513,+0.1%,8.513,+0.0%,154.09,18.1,+5.5%,-9.8%,-4.7%,-7.5%
FCN,Extended,Insurance Brokers / Consultants,Industrials,Commercial & Professional Serv,Adj,Dec,EPS,CY2026,8.997,9.467,+5.2%,9.48,+0.1%,9.187,-3.1%,154.09,16.8,+2.1%,-9.8%,-4.7%,-7.5%
FCN,Extended,Insurance Brokers / Consultants,Industrials,Commercial & Professional Serv,Adj,Dec,EPS,CY2027,10.51,11.08,+5.4%,11.115,+0.3%,11.097,-0.2%,154.09,13.9,+5.6%,-9.8%,-4.7%,-7.5%
FCN,Extended,Insurance Brokers / Consultants,Industrials,Commercial & Professional Serv,Adj,Dec,EPS,CY2028,,,,,,11.92,,154.09,12.9,,-9.8%,-4.7%,-7.5%
JLL,Extended,Insurance Brokers / Consultants,Real Estate,Real Estate Management & Devel,Adj,Dec,EPS,CY2025,16.458,17.384,+5.6%,17.431,+0.3%,17.431,+0.0%,291.69,16.7,+5.9%,-13.3%,-7.1%,+35.7%
JLL,Extended,Insurance Brokers / Consultants,Real Estate,Real Estate Management & Devel,Adj,Dec,EPS,CY2026,19.528,20.37,+4.3%,21.049,+3.3%,22.858,+8.6%,291.69,12.8,+17.1%,-13.3%,-7.1%,+35.7%
JLL,Extended,Insurance Brokers / Consultants,Real Estate,Real Estate Management & Devel,Adj,Dec,EPS,CY2027,21.61,23.151,+7.1%,23.849,+3.0%,25.955,+8.8%,291.69,11.2,+20.1%,-13.3%,-7.1%,+35.7%
JLL,Extended,Insurance Brokers / Consultants,Real Estate,Real Estate Management & Devel,Adj,Dec,EPS,CY2028,25.198,25.863,+2.6%,26.975,+4.3%,29.477,+9.3%,291.69,9.9,+17.0%,-13.3%,-7.1%,+35.7%
G,Extended,Insurance Brokers / Consultants,Industrials,Commercial & Professional Serv,Adj,Dec,EPS,CY2025,3.464,3.619,+4.5%,3.619,+0.0%,3.619,+0.0%,31.91,8.8,+4.5%,-31.8%,-18.0%,-26.7%
G,Extended,Insurance Brokers / Consultants,Industrials,Commercial & Professional Serv,Adj,Dec,EPS,CY2026,3.761,3.933,+4.6%,4.021,+2.2%,4.08,+1.5%,31.91,7.8,+8.5%,-31.8%,-18.0%,-26.7%
G,Extended,Insurance Brokers / Consultants,Industrials,Commercial & Professional Serv,Adj,Dec,EPS,CY2027,4.222,4.367,+3.4%,4.45,+1.9%,4.493,+1.0%,31.91,7.1,+6.4%,-31.8%,-18.0%,-26.7%
G,Extended,Insurance Brokers / Consultants,Industrials,Commercial & Professional Serv,Adj,Dec,EPS,CY2028,4.72,4.795,+1.6%,5.003,+4.3%,5.056,+1.1%,31.91,6.3,+7.1%,-31.8%,-18.0%,-26.7%
CBRE,Extended,Insurance Brokers / Consultants,Real Estate,Real Estate Management & Devel,Adj,Dec,EPS,CY2025,5.936,6.336,+6.7%,6.337,+0.0%,6.337,+0.0%,131.07,20.7,+6.8%,-18.5%,-10.8%,+8.8%
CBRE,Extended,Insurance Brokers / Consultants,Real Estate,Real Estate Management & Devel,Adj,Dec,EPS,CY2026,7.011,7.37,+5.1%,7.433,+0.9%,7.703,+3.6%,131.07,17.0,+9.9%,-18.5%,-10.8%,+8.8%
CBRE,Extended,Insurance Brokers / Consultants,Real Estate,Real Estate Management & Devel,Adj,Dec,EPS,CY2027,8.087,8.531,+5.5%,8.691,+1.9%,8.937,+2.8%,131.07,14.7,+10.5%,-18.5%,-10.8%,+8.8%
CBRE,Extended,Insurance Brokers / Consultants,Real Estate,Real Estate Management & Devel,Adj,Dec,EPS,CY2028,9.272,9.817,+5.9%,9.844,+0.3%,10.202,+3.6%,131.07,12.8,+10.0%,-18.5%,-10.8%,+8.8%
NSP,Extended,Insurance Brokers / Consultants,Industrials,Commercial & Professional Serv,Adj,Dec,EPS,CY2025,2.478,1.144,-53.8%,1.144,+0.0%,1.144,+0.0%,32.09,28.1,-53.8%,-17.1%,+37.7%,-52.0%
NSP,Extended,Insurance Brokers / Consultants,Industrials,Commercial & Professional Serv,Adj,Dec,EPS,CY2026,3.663,2.544,-30.5%,2.142,-15.8%,2.054,-4.1%,32.09,15.6,-43.9%,-17.1%,+37.7%,-52.0%
NSP,Extended,Insurance Brokers / Consultants,Industrials,Commercial & Professional Serv,Adj,Dec,EPS,CY2027,4.28,3.513,-17.9%,3.092,-12.0%,2.796,-9.6%,32.09,11.5,-34.7%,-17.1%,+37.7%,-52.0%
NSP,Extended,Insurance Brokers / Consultants,Industrials,Commercial & Professional Serv,Adj,Dec,EPS,CY2028,,4.38,,3.92,-10.5%,3.66,-6.6%,32.09,8.8,,-17.1%,+37.7%,-52.0%
BAC,Extended,Banks,Financials,Banks,GAAP,Dec,EPS,CY2025,3.633,3.838,+5.6%,3.818,-0.5%,3.818,+0.0%,51.8,13.6,+5.1%,-5.8%,-2.4%,+19.6%
BAC,Extended,Banks,Financials,Banks,GAAP,Dec,EPS,CY2026,4.198,4.351,+3.6%,4.337,-0.3%,4.478,+3.3%,51.8,11.6,+6.7%,-5.8%,-2.4%,+19.6%
BAC,Extended,Banks,Financials,Banks,GAAP,Dec,EPS,CY2027,4.631,4.968,+7.3%,4.947,-0.4%,5.056,+2.2%,51.8,10.2,+9.2%,-5.8%,-2.4%,+19.6%
BAC,Extended,Banks,Financials,Banks,GAAP,Dec,EPS,CY2028,4.15,5.37,+29.4%,5.613,+4.5%,5.778,+2.9%,51.8,9.0,+39.2%,-5.8%,-2.4%,+19.6%
WFC,Extended,Banks,Financials,Banks,GAAP,Dec,EPS,CY2025,5.814,6.327,+8.8%,6.332,+0.1%,6.332,+0.0%,76.4,12.1,+8.9%,-18.0%,-13.9%,+4.1%
WFC,Extended,Banks,Financials,Banks,GAAP,Dec,EPS,CY2026,6.542,6.986,+6.8%,6.947,-0.6%,6.961,+0.2%,76.4,11.0,+6.4%,-18.0%,-13.9%,+4.1%
WFC,Extended,Banks,Financials,Banks,GAAP,Dec,EPS,CY2027,7.488,7.954,+6.2%,7.9,-0.7%,7.836,-0.8%,76.4,9.7,+4.6%,-18.0%,-13.9%,+4.1%
WFC,Extended,Banks,Financials,Banks,GAAP,Dec,EPS,CY2028,8.26,9.14,+10.7%,8.893,-2.7%,8.774,-1.3%,76.4,8.7,+6.2%,-18.0%,-13.9%,+4.1%
USB,Extended,Banks,Financials,Banks,Adj,Dec,EPS,CY2025,4.312,4.535,+5.2%,4.573,+0.8%,4.573,+0.0%,54.83,12.0,+6.1%,+2.8%,-6.5%,+27.2%
USB,Extended,Banks,Financials,Banks,Adj,Dec,EPS,CY2026,4.755,4.886,+2.8%,5.044,+3.2%,5.113,+1.4%,54.83,10.7,+7.5%,+2.8%,-6.5%,+27.2%
USB,Extended,Banks,Financials,Banks,Adj,Dec,EPS,CY2027,4.947,5.369,+8.5%,5.581,+3.9%,5.699,+2.1%,54.83,9.6,+15.2%,+2.8%,-6.5%,+27.2%
USB,Extended,Banks,Financials,Banks,Adj,Dec,EPS,CY2028,4.77,5.16,+8.2%,6.0,+16.3%,6.221,+3.7%,54.83,8.8,+30.4%,+2.8%,-6.5%,+27.2%
PNC,Extended,Banks,Financials,Banks,Adj,Dec,EPS,CY2025,14.96,15.899,+6.3%,16.078,+1.1%,16.078,+0.0%,219.23,13.6,+7.5%,+5.0%,-5.9%,+26.7%
PNC,Extended,Banks,Financials,Banks,Adj,Dec,EPS,CY2026,17.138,17.749,+3.6%,18.576,+4.7%,18.738,+0.9%,219.23,11.7,+9.3%,+5.0%,-5.9%,+26.7%
PNC,Extended,Banks,Financials,Banks,Adj,Dec,EPS,CY2027,19.173,19.632,+2.4%,20.667,+5.3%,21.044,+1.8%,219.23,10.4,+9.8%,+5.0%,-5.9%,+26.7%
PNC,Extended,Banks,Financials,Banks,Adj,Dec,EPS,CY2028,16.81,16.53,-1.7%,22.64,+37.0%,22.723,+0.4%,219.23,9.6,+35.2%,+5.0%,-5.9%,+26.7%
GS,Extended,Banks,Financials,Financial Services,GAAP,Dec,EPS,CY2025,44.811,49.026,+9.4%,49.193,+0.3%,49.193,+0.0%,996.73,20.3,+9.8%,+13.4%,+8.1%,+66.6%
GS,Extended,Banks,Financials,Financial Services,GAAP,Dec,EPS,CY2026,49.982,55.193,+10.4%,58.385,+5.8%,59.369,+1.7%,996.73,16.8,+18.8%,+13.4%,+8.1%,+66.6%
GS,Extended,Banks,Financials,Financial Services,GAAP,Dec,EPS,CY2027,55.178,62.213,+12.7%,65.343,+5.0%,65.329,-0.0%,996.73,15.3,+18.4%,+13.4%,+8.1%,+66.6%
GS,Extended,Banks,Financials,Financial Services,GAAP,Dec,EPS,CY2028,56.067,67.523,+20.4%,68.629,+1.6%,70.523,+2.8%,996.73,14.1,+25.8%,+13.4%,+8.1%,+66.6%
MS,Extended,Banks,Financials,Financial Services,GAAP,Dec,EPS,CY2025,8.614,9.867,+14.5%,9.922,+0.6%,9.922,+0.0%,201.03,20.3,+15.2%,+13.2%,+14.6%,+59.2%
MS,Extended,Banks,Financials,Financial Services,GAAP,Dec,EPS,CY2026,9.215,10.486,+13.8%,11.315,+7.9%,11.87,+4.9%,201.03,16.9,+28.8%,+13.2%,+14.6%,+59.2%
MS,Extended,Banks,Financials,Financial Services,GAAP,Dec,EPS,CY2027,9.922,11.697,+17.9%,12.169,+4.0%,12.747,+4.7%,201.03,15.8,+28.5%,+13.2%,+14.6%,+59.2%
MS,Extended,Banks,Financials,Financial Services,GAAP,Dec,EPS,CY2028,,12.432,,12.675,+2.0%,13.767,+8.6%,201.03,14.6,,+13.2%,+14.6%,+59.2%
C,Extended,Banks,Financials,Banks,GAAP,Dec,EPS,CY2025,7.307,7.58,+3.7%,7.213,-4.8%,7.213,+0.0%,125.09,17.3,-1.3%,+7.2%,+7.8%,+70.4%
C,Extended,Banks,Financials,Banks,GAAP,Dec,EPS,CY2026,9.234,9.948,+7.7%,10.261,+3.1%,10.83,+5.5%,125.09,11.6,+17.3%,+7.2%,+7.8%,+70.4%
C,Extended,Banks,Financials,Banks,GAAP,Dec,EPS,CY2027,10.949,11.745,+7.3%,11.772,+0.2%,12.464,+5.9%,125.09,10.0,+13.8%,+7.2%,+7.8%,+70.4%
C,Extended,Banks,Financials,Banks,GAAP,Dec,EPS,CY2028,8.21,9.05,+10.2%,12.728,+40.6%,14.411,+13.2%,125.09,8.7,+75.5%,+7.2%,+7.8%,+70.4%
TFC,Extended,Banks,Financials,Banks,Adj,Dec,EPS,CY2025,3.909,3.926,+0.4%,3.966,+1.0%,3.966,+0.0%,48.38,12.2,+1.5%,-1.7%,-7.5%,+22.5%
TFC,Extended,Banks,Financials,Banks,Adj,Dec,EPS,CY2026,4.418,4.439,+0.5%,4.442,+0.1%,4.533,+2.0%,48.38,10.7,+2.6%,-1.7%,-7.5%,+22.5%
TFC,Extended,Banks,Financials,Banks,Adj,Dec,EPS,CY2027,4.833,5.027,+4.0%,5.081,+1.1%,5.125,+0.9%,48.38,9.4,+6.0%,-1.7%,-7.5%,+22.5%
TFC,Extended,Banks,Financials,Banks,Adj,Dec,EPS,CY2028,4.86,4.77,-1.9%,5.63,+18.0%,5.717,+1.5%,48.38,8.5,+17.6%,-1.7%,-7.5%,+22.5%
MTB,Extended,Banks,Financials,Banks,Adj,Dec,EPS,CY2025,15.929,16.712,+4.9%,16.715,+0.0%,16.715,+0.0%,213.18,12.8,+4.9%,+5.8%,-8.3%,+18.0%
MTB,Extended,Banks,Financials,Banks,Adj,Dec,EPS,CY2026,18.322,18.745,+2.3%,18.798,+0.3%,18.677,-0.6%,213.18,11.4,+1.9%,+5.8%,-8.3%,+18.0%
MTB,Extended,Banks,Financials,Banks,Adj,Dec,EPS,CY2027,20.105,20.959,+4.2%,21.197,+1.1%,20.823,-1.8%,213.18,10.2,+3.6%,+5.8%,-8.3%,+18.0%
MTB,Extended,Banks,Financials,Banks,Adj,Dec,EPS,CY2028,14.44,20.0,+38.5%,23.663,+18.3%,23.071,-2.5%,213.18,9.2,+59.8%,+5.8%,-8.3%,+18.0%
BK,Extended,Banks,Financials,Financial Services,Adj,Dec,EPS,CY2025,6.768,7.394,+9.2%,7.393,-0.0%,7.393,+0.0%,,,+9.2%,,,
BK,Extended,Banks,Financials,Financial Services,Adj,Dec,EPS,CY2026,7.571,8.157,+7.7%,8.382,+2.8%,8.784,+4.8%,,,+16.0%,,,
BK,Extended,Banks,Financials,Financial Services,Adj,Dec,EPS,CY2027,8.436,9.108,+8.0%,9.398,+3.2%,9.629,+2.5%,,,+14.1%,,,
BK,Extended,Banks,Financials,Financial Services,Adj,Dec,EPS,CY2028,,10.34,,10.468,+1.2%,10.631,+1.6%,,,,,,
STT,Extended,Banks,Financials,Financial Services,Adj,Dec,EPS,CY2025,9.437,10.095,+7.0%,10.201,+1.1%,10.201,+0.0%,153.95,15.1,+8.1%,+19.3%,+20.3%,+59.8%
STT,Extended,Banks,Financials,Financial Services,Adj,Dec,EPS,CY2026,10.375,11.353,+9.4%,11.644,+2.6%,12.387,+6.4%,153.95,12.4,+19.4%,+19.3%,+20.3%,+59.8%
STT,Extended,Banks,Financials,Financial Services,Adj,Dec,EPS,CY2027,11.74,12.757,+8.7%,13.01,+2.0%,13.789,+6.0%,153.95,11.2,+17.5%,+19.3%,+20.3%,+59.8%
STT,Extended,Banks,Financials,Financial Services,Adj,Dec,EPS,CY2028,12.0,13.92,+16.0%,14.68,+5.5%,15.714,+7.0%,153.95,9.8,+31.0%,+19.3%,+20.3%,+59.8%
CB,Extended,Insurance and reinsurance,Financials,Insurance,Adj,Dec,EPS,CY2025,21.386,23.66,+10.6%,24.264,+2.6%,24.264,+0.0%,327.89,13.5,+13.5%,+5.1%,-1.1%,+14.2%
CB,Extended,Insurance and reinsurance,Financials,Insurance,Adj,Dec,EPS,CY2026,25.5,26.251,+2.9%,26.861,+2.3%,27.089,+0.8%,327.89,12.1,+6.2%,+5.1%,-1.1%,+14.2%
CB,Extended,Insurance and reinsurance,Financials,Insurance,Adj,Dec,EPS,CY2027,27.655,28.517,+3.1%,28.896,+1.3%,29.23,+1.2%,327.89,11.2,+5.7%,+5.1%,-1.1%,+14.2%
CB,Extended,Insurance and reinsurance,Financials,Insurance,Adj,Dec,EPS,CY2028,27.01,28.618,+6.0%,30.835,+7.7%,31.641,+2.6%,327.89,10.4,+17.1%,+5.1%,-1.1%,+14.2%
CCC,Extended,Insurance and reinsurance,Information Technology,Software & Services,Adj,Dec,EPS,CY2025,0.357,0.358,+0.3%,0.355,-0.8%,0.355,+0.0%,4.56,12.8,-0.6%,-42.6%,-10.4%,-48.2%
CCC,Extended,Insurance and reinsurance,Information Technology,Software & Services,Adj,Dec,EPS,CY2026,0.405,0.418,+3.2%,0.419,+0.2%,0.44,+5.0%,4.56,10.4,+8.6%,-42.6%,-10.4%,-48.2%
CCC,Extended,Insurance and reinsurance,Information Technology,Software & Services,Adj,Dec,EPS,CY2027,0.47,0.467,-0.6%,0.469,+0.4%,0.505,+7.7%,4.56,9.0,+7.4%,-42.6%,-10.4%,-48.2%
CCC,Extended,Insurance and reinsurance,Information Technology,Software & Services,Adj,Dec,EPS,CY2028,0.53,0.55,+3.8%,0.55,+0.0%,0.59,+7.3%,4.56,7.7,+11.3%,-42.6%,-10.4%,-48.2%
ALL,Extended,Insurance and reinsurance,Financials,Insurance,Adj,Dec,EPS,CY2025,17.913,27.805,+55.2%,29.659,+6.7%,29.659,+0.0%,216.6,7.3,+65.6%,+4.1%,+5.0%,+7.0%
ALL,Extended,Insurance and reinsurance,Financials,Insurance,Adj,Dec,EPS,CY2026,21.703,24.24,+11.7%,25.17,+3.8%,29.383,+16.7%,216.6,7.4,+35.4%,+4.1%,+5.0%,+7.0%
ALL,Extended,Insurance and reinsurance,Financials,Insurance,Adj,Dec,EPS,CY2027,23.111,24.491,+6.0%,25.385,+3.7%,25.964,+2.3%,216.6,8.3,+12.3%,+4.1%,+5.0%,+7.0%
ALL,Extended,Insurance and reinsurance,Financials,Insurance,Adj,Dec,EPS,CY2028,19.713,21.945,+11.3%,23.362,+6.5%,25.202,+7.9%,216.6,8.6,+27.8%,+4.1%,+5.0%,+7.0%
TRV,Extended,Insurance and reinsurance,Financials,Insurance,Adj,Dec,EPS,CY2025,18.793,25.104,+33.6%,25.409,+1.2%,25.409,+0.0%,306.46,12.1,+35.2%,+5.7%,+0.5%,+13.1%
TRV,Extended,Insurance and reinsurance,Financials,Insurance,Adj,Dec,EPS,CY2026,24.772,26.8,+8.2%,27.241,+1.6%,28.152,+3.3%,306.46,10.9,+13.6%,+5.7%,+0.5%,+13.1%
TRV,Extended,Insurance and reinsurance,Financials,Insurance,Adj,Dec,EPS,CY2027,26.539,28.048,+5.7%,28.28,+0.8%,28.62,+1.2%,306.46,10.7,+7.8%,+5.7%,+0.5%,+13.1%
TRV,Extended,Insurance and reinsurance,Financials,Insurance,Adj,Dec,EPS,CY2028,25.447,28.825,+13.3%,27.941,-3.1%,28.799,+3.1%,306.46,10.6,+13.2%,+5.7%,+0.5%,+13.1%
AIG,Extended,Insurance and reinsurance,Financials,Insurance,Adj,Dec,EPS,CY2025,6.286,6.902,+9.8%,7.011,+1.6%,7.011,+0.0%,77.05,11.0,+11.5%,-9.9%,-4.2%,-6.1%
AIG,Extended,Insurance and reinsurance,Financials,Insurance,Adj,Dec,EPS,CY2026,7.764,7.848,+1.1%,7.856,+0.1%,8.025,+2.2%,77.05,9.6,+3.4%,-9.9%,-4.2%,-6.1%
AIG,Extended,Insurance and reinsurance,Financials,Insurance,Adj,Dec,EPS,CY2027,8.816,8.783,-0.4%,8.825,+0.5%,8.901,+0.9%,77.05,8.7,+1.0%,-9.9%,-4.2%,-6.1%
AIG,Extended,Insurance and reinsurance,Financials,Insurance,Adj,Dec,EPS,CY2028,8.113,8.077,-0.4%,9.224,+14.2%,9.564,+3.7%,77.05,8.1,+17.9%,-9.9%,-4.2%,-6.1%
ACGL,Extended,Insurance and reinsurance,Financials,Insurance,Adj,Dec,EPS,CY2025,7.755,9.18,+18.4%,9.436,+2.8%,9.436,+0.0%,96.3,10.2,+21.7%,+0.4%,-2.2%,+4.7%
ACGL,Extended,Insurance and reinsurance,Financials,Insurance,Adj,Dec,EPS,CY2026,9.251,9.272,+0.2%,9.373,+1.1%,9.279,-1.0%,96.3,10.4,+0.3%,+0.4%,-2.2%,+4.7%
ACGL,Extended,Insurance and reinsurance,Financials,Insurance,Adj,Dec,EPS,CY2027,9.82,9.997,+1.8%,10.108,+1.1%,9.94,-1.7%,96.3,9.7,+1.2%,+0.4%,-2.2%,+4.7%
ACGL,Extended,Insurance and reinsurance,Financials,Insurance,Adj,Dec,EPS,CY2028,10.13,11.1,+9.6%,10.783,-2.9%,10.616,-1.5%,96.3,9.1,+4.8%,+0.4%,-2.2%,+4.7%
HIG,Extended,Insurance and reinsurance,Financials,Insurance,Adj,Dec,EPS,CY2025,11.038,12.494,+13.2%,12.624,+1.0%,12.624,+0.0%,136.02,10.8,+14.4%,-1.3%,-4.3%,+5.4%
HIG,Extended,Insurance and reinsurance,Financials,Insurance,Adj,Dec,EPS,CY2026,12.965,13.189,+1.7%,13.411,+1.7%,13.107,-2.3%,136.02,10.4,+1.1%,-1.3%,-4.3%,+5.4%
HIG,Extended,Insurance and reinsurance,Financials,Insurance,Adj,Dec,EPS,CY2027,14.285,14.259,-0.2%,14.522,+1.8%,14.443,-0.5%,136.02,9.4,+1.1%,-1.3%,-4.3%,+5.4%
HIG,Extended,Insurance and reinsurance,Financials,Insurance,Adj,Dec,EPS,CY2028,14.95,16.11,+7.8%,15.683,-2.7%,15.629,-0.3%,136.02,8.7,+4.5%,-1.3%,-4.3%,+5.4%
WRB,Extended,Insurance and reinsurance,Financials,Insurance,Adj,Dec,EPS,CY2025,4.319,4.309,-0.2%,4.302,-0.2%,4.302,+0.0%,67.54,15.7,-0.4%,-3.7%,-5.0%,-4.4%
WRB,Extended,Insurance and reinsurance,Financials,Insurance,Adj,Dec,EPS,CY2026,4.803,4.648,-3.2%,4.559,-1.9%,4.676,+2.6%,67.54,14.4,-2.6%,-3.7%,-5.0%,-4.4%
WRB,Extended,Insurance and reinsurance,Financials,Insurance,Adj,Dec,EPS,CY2027,5.23,4.961,-5.1%,4.841,-2.4%,4.823,-0.4%,67.54,14.0,-7.8%,-3.7%,-5.0%,-4.4%
WRB,Extended,Insurance and reinsurance,Financials,Insurance,Adj,Dec,EPS,CY2028,5.31,5.095,-4.0%,5.086,-0.2%,5.159,+1.4%,67.54,13.1,-2.8%,-3.7%,-5.0%,-4.4%
MKL,Extended,Insurance and reinsurance,Financials,Insurance,Adj,Dec,EPS,CY2025,106.216,125.693,+18.3%,120.76,-3.9%,120.76,+0.0%,1857.89,15.4,+13.7%,-13.6%,-10.8%,-0.1%
MKL,Extended,Insurance and reinsurance,Financials,Insurance,Adj,Dec,EPS,CY2026,126.143,121.478,-3.7%,139.04,+14.5%,136.01,-2.2%,1857.89,13.7,+7.8%,-13.6%,-10.8%,-0.1%
MKL,Extended,Insurance and reinsurance,Financials,Insurance,Adj,Dec,EPS,CY2027,137.34,142.403,+3.7%,135.35,-5.0%,141.38,+4.5%,1857.89,13.1,+2.9%,-13.6%,-10.8%,-0.1%
MKL,Extended,Insurance and reinsurance,Financials,Insurance,Adj,Dec,EPS,CY2028,177.26,185.44,+4.6%,156.965,-15.4%,170.94,+8.9%,1857.89,10.9,-3.6%,-13.6%,-10.8%,-0.1%
MET,Extended,Insurance and reinsurance,Financials,Insurance,Adj,Dec,EPS,CY2025,9.185,8.702,-5.3%,8.693,-0.1%,8.693,+0.0%,84.06,9.7,-5.4%,+6.5%,+6.3%,+8.2%
MET,Extended,Insurance and reinsurance,Financials,Insurance,Adj,Dec,EPS,CY2026,10.349,10.019,-3.2%,9.838,-1.8%,9.896,+0.6%,84.06,8.5,-4.4%,+6.5%,+6.3%,+8.2%
MET,Extended,Insurance and reinsurance,Financials,Insurance,Adj,Dec,EPS,CY2027,11.365,11.212,-1.3%,10.987,-2.0%,11.01,+0.2%,84.06,7.6,-3.1%,+6.5%,+6.3%,+8.2%
MET,Extended,Insurance and reinsurance,Financials,Insurance,Adj,Dec,EPS,CY2028,12.7,12.65,-0.4%,12.335,-2.5%,12.352,+0.1%,84.06,6.8,-2.7%,+6.5%,+6.3%,+8.2%
PRU,Extended,Insurance and reinsurance,Financials,Insurance,Adj,Dec,EPS,CY2025,13.657,14.474,+6.0%,14.497,+0.2%,14.497,+0.0%,104.12,7.2,+6.2%,-7.8%,+0.7%,+1.8%
PRU,Extended,Insurance and reinsurance,Financials,Insurance,Adj,Dec,EPS,CY2026,14.771,14.909,+0.9%,14.511,-2.7%,13.674,-5.8%,104.12,7.6,-7.4%,-7.8%,+0.7%,+1.8%
PRU,Extended,Insurance and reinsurance,Financials,Insurance,Adj,Dec,EPS,CY2027,15.826,15.855,+0.2%,15.541,-2.0%,14.648,-5.7%,104.12,7.1,-7.4%,-7.8%,+0.7%,+1.8%
PRU,Extended,Insurance and reinsurance,Financials,Insurance,Adj,Dec,EPS,CY2028,,16.775,,16.673,-0.6%,15.784,-5.3%,104.12,6.6,,-7.8%,+0.7%,+1.8%
LNC,Extended,Insurance and reinsurance,Financials,Insurance,Adj,Dec,EPS,CY2025,7.272,7.884,+8.4%,7.909,+0.3%,7.909,+0.0%,36.03,4.6,+8.8%,-19.1%,-9.7%,+10.3%
LNC,Extended,Insurance and reinsurance,Financials,Insurance,Adj,Dec,EPS,CY2026,7.757,8.014,+3.3%,8.054,+0.5%,7.657,-4.9%,36.03,4.7,-1.3%,-19.1%,-9.7%,+10.3%
LNC,Extended,Insurance and reinsurance,Financials,Insurance,Adj,Dec,EPS,CY2027,8.636,8.715,+0.9%,8.691,-0.3%,8.333,-4.1%,36.03,4.3,-3.5%,-19.1%,-9.7%,+10.3%
LNC,Extended,Insurance and reinsurance,Financials,Insurance,Adj,Dec,EPS,CY2028,9.2,9.325,+1.4%,9.352,+0.3%,8.988,-3.9%,36.03,4.0,-2.3%,-19.1%,-9.7%,+10.3%
PRI,Extended,Insurance and reinsurance,Financials,Insurance,Adj,Dec,EPS,CY2025,20.917,22.201,+6.1%,22.301,+0.5%,22.301,+0.0%,279.75,12.5,+6.6%,+8.3%,+7.1%,+4.2%
PRI,Extended,Insurance and reinsurance,Financials,Insurance,Adj,Dec,EPS,CY2026,22.798,23.893,+4.8%,23.829,-0.3%,24.42,+2.5%,279.75,11.5,+7.1%,+8.3%,+7.1%,+4.2%
PRI,Extended,Insurance and reinsurance,Financials,Insurance,Adj,Dec,EPS,CY2027,24.733,26.086,+5.5%,26.006,-0.3%,26.499,+1.9%,279.75,10.6,+7.1%,+8.3%,+7.1%,+4.2%
PRI,Extended,Insurance and reinsurance,Financials,Insurance,Adj,Dec,EPS,CY2028,27.5,28.575,+3.9%,28.95,+1.3%,29.09,+0.5%,279.75,9.6,+5.8%,+8.3%,+7.1%,+4.2%
AFL,Extended,Insurance and reinsurance,Financials,Insurance,Adj,Dec,EPS,CY2025,6.733,7.514,+11.6%,7.614,+1.3%,7.614,+0.0%,117.86,15.5,+13.1%,+6.9%,+3.4%,+15.0%
AFL,Extended,Insurance and reinsurance,Financials,Insurance,Adj,Dec,EPS,CY2026,7.179,7.371,+2.7%,7.359,-0.2%,7.042,-4.3%,117.86,16.7,-1.9%,+6.9%,+3.4%,+15.0%
AFL,Extended,Insurance and reinsurance,Financials,Insurance,Adj,Dec,EPS,CY2027,7.546,7.796,+3.3%,7.763,-0.4%,7.586,-2.3%,117.86,15.5,+0.5%,+6.9%,+3.4%,+15.0%
AFL,Extended,Insurance and reinsurance,Financials,Insurance,Adj,Dec,EPS,CY2028,8.15,8.2,+0.6%,8.1,-1.2%,7.916,-2.3%,117.86,14.9,-2.9%,+6.9%,+3.4%,+15.0%
DIS,Extended,Media content,Communication Services,Media & Entertainment,Adj,Sep,EPS,CY2025,5.723,5.874,+2.6%,5.874,+0.0%,5.874,+0.0%,103.0,17.5,+2.6%,-9.5%,-2.4%,-7.3%
DIS,Extended,Media content,Communication Services,Media & Entertainment,Adj,Sep,EPS,CY2026,6.211,6.595,+6.2%,6.599,+0.1%,6.813,+3.2%,103.0,15.1,+9.7%,-9.5%,-2.4%,-7.3%
DIS,Extended,Media content,Communication Services,Media & Entertainment,Adj,Sep,EPS,CY2027,6.928,7.327,+5.8%,7.312,-0.2%,7.454,+1.9%,103.0,13.8,+7.6%,-9.5%,-2.4%,-7.3%
DIS,Extended,Media content,Communication Services,Media & Entertainment,Adj,Sep,EPS,CY2028,7.512,8.112,+8.0%,8.131,+0.2%,8.294,+2.0%,103.0,12.4,+10.4%,-9.5%,-2.4%,-7.3%
FOXA,Extended,Media content,Communication Services,Media & Entertainment,Adj,Jun,EPS,CY2025,4.475,4.488,+0.3%,4.488,+0.0%,4.488,+0.0%,63.98,14.3,+0.3%,-12.4%,+12.2%,+16.4%
FOXA,Extended,Media content,Communication Services,Media & Entertainment,Adj,Jun,EPS,CY2026,4.192,4.477,+6.8%,4.601,+2.8%,4.919,+6.9%,63.98,13.0,+17.3%,-12.4%,+12.2%,+16.4%
FOXA,Extended,Media content,Communication Services,Media & Entertainment,Adj,Jun,EPS,CY2027,4.723,5.03,+6.5%,5.173,+2.8%,5.658,+9.4%,63.98,11.3,+19.8%,-12.4%,+12.2%,+16.4%
FOXA,Extended,Media content,Communication Services,Media & Entertainment,Adj,Jun,EPS,CY2028,4.476,4.945,+10.5%,5.242,+6.0%,5.518,+5.3%,63.98,11.6,+23.3%,-12.4%,+12.2%,+16.4%
AMCX,Extended,Media content,Communication Services,Media & Entertainment,Adj,Dec,EPS,CY2025,2.354,1.896,-19.5%,2.017,+6.4%,2.017,+0.0%,9.24,4.6,-14.3%,-2.9%,+10.7%,+47.4%
AMCX,Extended,Media content,Communication Services,Media & Entertainment,Adj,Dec,EPS,CY2026,2.235,1.644,-26.4%,1.723,+4.8%,1.879,+9.1%,9.24,4.9,-15.9%,-2.9%,+10.7%,+47.4%
AMCX,Extended,Media content,Communication Services,Media & Entertainment,Adj,Dec,EPS,CY2027,2.109,1.149,-45.5%,1.424,+23.9%,1.484,+4.2%,9.24,6.2,-29.6%,-2.9%,+10.7%,+47.4%
AMCX,Extended,Media content,Communication Services,Media & Entertainment,Adj,Dec,EPS,CY2028,2.66,1.078,-59.5%,1.073,-0.5%,1.203,+12.1%,9.24,7.7,-54.8%,-2.9%,+10.7%,+47.4%
TTWO,Extended,Media content,Communication Services,Media & Entertainment,Adj,Mar,EPS,CY2025,2.683,3.282,+22.3%,3.831,+16.7%,3.906,+2.0%,227.55,58.3,+45.6%,-11.1%,+13.9%,+0.7%
TTWO,Extended,Media content,Communication Services,Media & Entertainment,Adj,Mar,EPS,CY2026,9.187,7.91,-13.9%,8.145,+3.0%,7.388,-9.3%,227.55,30.8,-19.6%,-11.1%,+13.9%,+0.7%
TTWO,Extended,Media content,Communication Services,Media & Entertainment,Adj,Mar,EPS,CY2027,10.137,10.625,+4.8%,10.771,+1.4%,10.182,-5.5%,227.55,22.3,+0.4%,-11.1%,+13.9%,+0.7%
TTWO,Extended,Media content,Communication Services,Media & Entertainment,Adj,Mar,EPS,CY2028,10.323,10.934,+5.9%,12.207,+11.6%,10.659,-12.7%,227.55,21.3,+3.3%,-11.1%,+13.9%,+0.7%
RBLX,Extended,Media content,Communication Services,Media & Entertainment,Adj,Dec,EPS,CY2025,-1.283,-1.42,-10.7%,-1.376,+3.1%,-1.376,+0.0%,48.16,-35.0,-7.2%,-40.6%,-22.3%,-41.1%
RBLX,Extended,Media content,Communication Services,Media & Entertainment,Adj,Dec,EPS,CY2026,-1.073,-1.451,-35.2%,-1.607,-10.8%,-1.476,+8.2%,48.16,-32.6,-37.6%,-40.6%,-22.3%,-41.1%
RBLX,Extended,Media content,Communication Services,Media & Entertainment,Adj,Dec,EPS,CY2027,-0.958,-1.229,-28.3%,-0.996,+19.0%,-1.118,-12.2%,48.16,-43.1,-16.7%,-40.6%,-22.3%,-41.1%
RBLX,Extended,Media content,Communication Services,Media & Entertainment,Adj,Dec,EPS,CY2028,-0.306,0.08,+126.1%,-0.477,-696.2%,-0.666,-39.6%,48.16,-72.3,-117.6%,-40.6%,-22.3%,-41.1%
EA,Extended,Media content,Communication Services,Media & Entertainment,Adj,Mar,EPS,CY2025,8.161,8.545,+4.7%,8.639,+1.1%,8.636,-0.0%,200.97,23.3,+5.8%,-1.6%,+0.3%,+37.1%
EA,Extended,Media content,Communication Services,Media & Entertainment,Adj,Mar,EPS,CY2026,9.005,9.209,+2.3%,9.216,+0.1%,8.973,-2.6%,200.97,22.4,-0.4%,-1.6%,+0.3%,+37.1%
EA,Extended,Media content,Communication Services,Media & Entertainment,Adj,Mar,EPS,CY2027,9.661,10.076,+4.3%,10.106,+0.3%,9.771,-3.3%,200.97,20.6,+1.1%,-1.6%,+0.3%,+37.1%
EA,Extended,Media content,Communication Services,Media & Entertainment,Adj,Mar,EPS,CY2028,10.899,11.257,+3.3%,11.752,+4.4%,10.313,-12.2%,200.97,19.5,-5.4%,-1.6%,+0.3%,+37.1%
SBGI,Extended,Media content,Communication Services,Media & Entertainment,Adj,Dec,EPS,CY2025,-2.627,-2.923,-11.3%,-3.196,-9.3%,-3.196,+0.0%,13.86,-4.3,-21.7%,-9.4%,-5.1%,-1.2%
SBGI,Extended,Media content,Communication Services,Media & Entertainment,Adj,Dec,EPS,CY2026,2.376,0.902,-62.0%,1.048,+16.2%,2.134,+103.6%,13.86,6.5,-10.2%,-9.4%,-5.1%,-1.2%
SBGI,Extended,Media content,Communication Services,Media & Entertainment,Adj,Dec,EPS,CY2027,-0.067,-1.644,-2353.7%,-1.522,+7.4%,-1.156,+24.0%,13.86,-12.0,-1625.4%,-9.4%,-5.1%,-1.2%
SBGI,Extended,Media content,Communication Services,Media & Entertainment,Adj,Dec,EPS,CY2028,3.72,2.413,-35.1%,2.723,+12.8%,2.667,-2.1%,13.86,5.2,-28.3%,-9.4%,-5.1%,-1.2%
TGNA,Extended,Media content,Communication Services,Media & Entertainment,Adj,Dec,EPS,CY2025,1.588,1.594,+0.4%,1.603,+0.6%,1.603,+0.0%,,,+0.9%,,,
TGNA,Extended,Media content,Communication Services,Media & Entertainment,Adj,Dec,EPS,CY2026,3.253,3.043,-6.5%,3.043,+0.0%,3.15,+3.5%,,,-3.2%,,,
TGNA,Extended,Media content,Communication Services,Media & Entertainment,Adj,Dec,EPS,CY2027,2.005,1.753,-12.6%,1.753,+0.0%,1.54,-12.2%,,,-23.2%,,,
TGNA,Extended,Media content,Communication Services,Media & Entertainment,Adj,Dec,EPS,CY2028,4.123,3.575,-13.3%,3.575,+0.0%,3.55,-0.7%,,,-13.9%,,,
NYT,Extended,Media content,Communication Services,Media & Entertainment,Adj,Dec,EPS,CY2025,2.18,2.41,+10.6%,2.428,+0.7%,2.428,+0.0%,74.96,30.9,+11.4%,+8.0%,-3.9%,+36.6%
NYT,Extended,Media content,Communication Services,Media & Entertainment,Adj,Dec,EPS,CY2026,2.395,2.608,+8.9%,2.728,+4.6%,2.838,+4.0%,74.96,26.4,+18.5%,+8.0%,-3.9%,+36.6%
NYT,Extended,Media content,Communication Services,Media & Entertainment,Adj,Dec,EPS,CY2027,2.652,2.962,+11.7%,3.064,+3.4%,3.176,+3.7%,74.96,23.6,+19.8%,+8.0%,-3.9%,+36.6%
NYT,Extended,Media content,Communication Services,Media & Entertainment,Adj,Dec,EPS,CY2028,2.89,3.15,+9.0%,3.433,+9.0%,3.565,+3.8%,74.96,21.0,+23.4%,+8.0%,-3.9%,+36.6%
NXST,Extended,Media content,Communication Services,Media & Entertainment,Adj,Dec,EPS,CY2025,13.914,12.554,-9.8%,12.144,-3.3%,12.144,+0.0%,188.67,15.5,-12.7%,-7.1%,-18.5%,+10.0%
NXST,Extended,Media content,Communication Services,Media & Entertainment,Adj,Dec,EPS,CY2026,26.253,24.587,-6.3%,24.901,+1.3%,33.218,+33.4%,188.67,5.7,+26.5%,-7.1%,-18.5%,+10.0%
NXST,Extended,Media content,Communication Services,Media & Entertainment,Adj,Dec,EPS,CY2027,18.892,17.665,-6.5%,17.75,+0.5%,21.205,+19.5%,188.67,8.9,+12.2%,-7.1%,-18.5%,+10.0%
NXST,Extended,Media content,Communication Services,Media & Entertainment,Adj,Dec,EPS,CY2028,35.982,31.794,-11.6%,30.307,-4.7%,40.521,+33.7%,188.67,4.7,+12.6%,-7.1%,-18.5%,+10.0%
FWONA,Extended,Media content,Communication Services,Media & Entertainment,Adj,Dec,EPS,CY2025,1.439,2.305,+60.2%,2.227,-3.4%,2.227,+0.0%,81.91,36.8,+54.8%,-8.4%,-0.1%,-8.2%
FWONA,Extended,Media content,Communication Services,Media & Entertainment,Adj,Dec,EPS,CY2026,1.802,1.919,+6.5%,1.737,-9.5%,1.785,+2.8%,81.91,45.9,-0.9%,-8.4%,-0.1%,-8.2%
FWONA,Extended,Media content,Communication Services,Media & Entertainment,Adj,Dec,EPS,CY2027,2.202,2.423,+10.0%,2.198,-9.3%,2.225,+1.2%,81.91,36.8,+1.0%,-8.4%,-0.1%,-8.2%
FWONA,Extended,Media content,Communication Services,Media & Entertainment,Adj,Dec,EPS,CY2028,2.913,3.273,+12.4%,3.026,-7.5%,2.788,-7.9%,81.91,29.4,-4.3%,-8.4%,-0.1%,-8.2%
FWONK,Extended,Media content,Communication Services,Media & Entertainment,Adj,Dec,EPS,CY2025,1.439,2.305,+60.2%,2.227,-3.4%,2.227,+0.0%,88.56,39.8,+54.8%,-10.1%,-1.9%,-8.9%
FWONK,Extended,Media content,Communication Services,Media & Entertainment,Adj,Dec,EPS,CY2026,1.802,1.919,+6.5%,1.737,-9.5%,1.785,+2.8%,88.56,49.6,-0.9%,-10.1%,-1.9%,-8.9%
FWONK,Extended,Media content,Communication Services,Media & Entertainment,Adj,Dec,EPS,CY2027,2.202,2.423,+10.0%,2.198,-9.3%,2.225,+1.2%,88.56,39.8,+1.0%,-10.1%,-1.9%,-8.9%
FWONK,Extended,Media content,Communication Services,Media & Entertainment,Adj,Dec,EPS,CY2028,2.913,3.273,+12.4%,3.026,-7.5%,2.788,-7.9%,88.56,31.8,-4.3%,-10.1%,-1.9%,-8.9%
LYV,Extended,Media content,Communication Services,Media & Entertainment,Adj,Dec,EPS,CY2025,2.167,-0.063,-102.9%,-0.213,-238.1%,-0.213,+0.0%,165.55,-777.2,-109.8%,+16.2%,+1.8%,+14.6%
LYV,Extended,Media content,Communication Services,Media & Entertainment,Adj,Dec,EPS,CY2026,2.708,2.248,-17.0%,1.846,-17.9%,-0.205,-111.1%,165.55,-807.6,-107.6%,+16.2%,+1.8%,+14.6%
LYV,Extended,Media content,Communication Services,Media & Entertainment,Adj,Dec,EPS,CY2027,3.437,2.894,-15.8%,2.63,-9.1%,2.311,-12.1%,165.55,71.6,-32.8%,+16.2%,+1.8%,+14.6%
LYV,Extended,Media content,Communication Services,Media & Entertainment,Adj,Dec,EPS,CY2028,4.026,3.364,-16.4%,3.487,+3.7%,3.139,-10.0%,165.55,52.7,-22.0%,+16.2%,+1.8%,+14.6%
SIRI,Extended,Media content,Communication Services,Media & Entertainment,Adj,Dec,EPS,CY2025,2.851,2.804,-1.6%,2.798,-0.2%,2.798,+0.0%,28.89,10.3,-1.9%,+44.5%,+37.2%,+31.1%
SIRI,Extended,Media content,Communication Services,Media & Entertainment,Adj,Dec,EPS,CY2026,3.003,3.108,+3.5%,3.139,+1.0%,3.136,-0.1%,28.89,9.2,+4.4%,+44.5%,+37.2%,+31.1%
SIRI,Extended,Media content,Communication Services,Media & Entertainment,Adj,Dec,EPS,CY2027,3.132,3.242,+3.5%,3.311,+2.1%,3.406,+2.9%,28.89,8.5,+8.7%,+44.5%,+37.2%,+31.1%
SIRI,Extended,Media content,Communication Services,Media & Entertainment,Adj,Dec,EPS,CY2028,3.503,3.693,+5.4%,3.581,-3.0%,3.655,+2.1%,28.89,7.9,+4.3%,+44.5%,+37.2%,+31.1%
LBTYA,Extended,Media content,Communication Services,Telecommunication Services,Adj,Dec,EPS,CY2025,-2.961,-7.873,-165.9%,-12.843,-63.1%,-12.843,+0.0%,12.18,-0.9,-333.7%,+9.3%,-2.9%,+26.3%
LBTYA,Extended,Media content,Communication Services,Telecommunication Services,Adj,Dec,EPS,CY2026,-1.638,-1.903,-16.2%,-1.526,+19.8%,-1.687,-10.6%,12.18,-7.2,-3.0%,+9.3%,-2.9%,+26.3%
LBTYA,Extended,Media content,Communication Services,Telecommunication Services,Adj,Dec,EPS,CY2027,-1.466,-1.866,-27.3%,-1.502,+19.5%,-1.558,-3.7%,12.18,-7.8,-6.3%,+9.3%,-2.9%,+26.3%
LBTYA,Extended,Media content,Communication Services,Telecommunication Services,Adj,Dec,EPS,CY2028,-1.165,-1.94,-66.5%,-1.283,+33.9%,-1.098,+14.4%,12.18,-11.1,+5.8%,+9.3%,-2.9%,+26.3%
BATRK,Extended,Media content,Communication Services,Media & Entertainment,Adj,Dec,EPS,CY2025,-0.54,-0.263,+51.3%,-0.263,+0.0%,-0.263,+0.0%,49.5,-188.2,+51.3%,+25.5%,+14.8%,+21.4%
BATRK,Extended,Media content,Communication Services,Media & Entertainment,Adj,Dec,EPS,CY2026,-0.44,-0.206,+53.2%,-0.206,+0.0%,-0.26,-26.2%,49.5,-190.4,+40.9%,+25.5%,+14.8%,+21.4%
BATRK,Extended,Media content,Communication Services,Media & Entertainment,Adj,Dec,EPS,CY2027,-0.14,-0.08,+42.9%,-0.08,+0.0%,-0.21,-162.5%,49.5,-235.7,-50.0%,+25.5%,+14.8%,+21.4%
BATRK,Extended,Media content,Communication Services,Media & Entertainment,Adj,Dec,EPS,CY2028,,,,,,-0.25,,49.5,-198.0,,+25.5%,+14.8%,+21.4%
LAMR,Extended,Media content,Real Estate,Equity Real Estate Investment,Adj,Dec,EPS,CY2025,5.71,5.857,+2.6%,5.857,+0.0%,5.857,+0.0%,153.1,26.1,+2.6%,+21.0%,+14.3%,+33.8%
LAMR,Extended,Media content,Real Estate,Equity Real Estate Investment,Adj,Dec,EPS,CY2026,5.625,5.805,+3.2%,5.73,-1.3%,5.916,+3.2%,153.1,25.9,+5.2%,+21.0%,+14.3%,+33.8%
LAMR,Extended,Media content,Real Estate,Equity Real Estate Investment,Adj,Dec,EPS,CY2027,5.973,6.304,+5.5%,6.138,-2.6%,6.292,+2.5%,153.1,24.3,+5.3%,+21.0%,+14.3%,+33.8%
LAMR,Extended,Media content,Real Estate,Equity Real Estate Investment,Adj,Dec,EPS,CY2028,6.845,6.74,-1.5%,6.91,+2.5%,6.96,+0.7%,153.1,22.0,+1.7%,+21.0%,+14.3%,+33.8%
OUT,Extended,Media content,Real Estate,Equity Real Estate Investment,Adj,Dec,EPS,CY2025,0.827,0.738,-10.8%,0.772,+4.6%,0.772,+0.0%,33.6,43.5,-6.7%,+39.4%,+28.4%,+113.6%
OUT,Extended,Media content,Real Estate,Equity Real Estate Investment,Adj,Dec,EPS,CY2026,0.933,1.112,+19.2%,1.133,+1.9%,1.326,+17.0%,33.6,25.3,+42.1%,+39.4%,+28.4%,+113.6%
OUT,Extended,Media content,Real Estate,Equity Real Estate Investment,Adj,Dec,EPS,CY2027,1.093,1.244,+13.8%,1.263,+1.5%,1.399,+10.8%,33.6,24.0,+28.0%,+39.4%,+28.4%,+113.6%
OUT,Extended,Media content,Real Estate,Equity Real Estate Investment,Adj,Dec,EPS,CY2028,1.135,1.383,+21.9%,1.457,+5.4%,1.568,+7.6%,33.6,21.4,+38.1%,+39.4%,+28.4%,+113.6%
TV,Extended,Media content,Communication Services,Telecommunication Services,Adj,Dec,EPS,CY2025,-0.734,-0.233,+68.3%,-0.75,-221.9%,-0.75,+0.0%,2.8,-3.7,-2.2%,-3.8%,-18.6%,+37.3%
TV,Extended,Media content,Communication Services,Telecommunication Services,Adj,Dec,EPS,CY2026,0.701,1.03,+46.9%,0.361,-65.0%,3.393,+839.9%,2.8,0.8,+384.0%,-3.8%,-18.6%,+37.3%
TV,Extended,Media content,Communication Services,Telecommunication Services,Adj,Dec,EPS,CY2027,2.54,3.179,+25.2%,2.179,-31.5%,3.676,+68.7%,2.8,0.8,+44.7%,-3.8%,-18.6%,+37.3%
TV,Extended,Media content,Communication Services,Telecommunication Services,Adj,Dec,EPS,CY2028,7.075,1.873,-73.5%,1.388,-25.9%,9.484,+583.3%,2.8,0.3,+34.0%,-3.8%,-18.6%,+37.3%
LUMN,Extended,Media content,Communication Services,Telecommunication Services,Adj,Dec,EPS,CY2025,-0.911,-0.793,+13.0%,-0.617,+22.2%,-0.617,+0.0%,9.41,-15.3,+32.3%,+21.1%,+20.2%,+145.1%
LUMN,Extended,Media content,Communication Services,Telecommunication Services,Adj,Dec,EPS,CY2026,-0.758,-0.459,+39.4%,-0.442,+3.7%,-0.637,-44.1%,9.41,-14.8,+16.0%,+21.1%,+20.2%,+145.1%
LUMN,Extended,Media content,Communication Services,Telecommunication Services,Adj,Dec,EPS,CY2027,-0.486,-0.345,+29.0%,-0.234,+32.2%,-0.286,-22.2%,9.41,-32.9,+41.2%,+21.1%,+20.2%,+145.1%
LUMN,Extended,Media content,Communication Services,Telecommunication Services,Adj,Dec,EPS,CY2028,-0.368,-0.282,+23.4%,-0.338,-19.9%,-0.254,+24.9%,9.41,-37.0,+31.0%,+21.1%,+20.2%,+145.1%
WPP,Extended,Media content,Communication Services,Media & Entertainment,Adj,Dec,EPS,CY2025,0.816,0.624,-23.5%,0.619,-0.8%,0.619,+0.0%,275.9,4.5,-24.1%,-18.3%,-0.6%,-53.4%
WPP,Extended,Media content,Communication Services,Media & Entertainment,Adj,Dec,EPS,CY2026,0.829,0.599,-27.7%,0.584,-2.5%,0.523,-10.4%,275.9,5.3,-36.9%,-18.3%,-0.6%,-53.4%
WPP,Extended,Media content,Communication Services,Media & Entertainment,Adj,Dec,EPS,CY2027,0.878,0.664,-24.4%,0.648,-2.4%,0.557,-14.0%,275.9,5.0,-36.6%,-18.3%,-0.6%,-53.4%
WPP,Extended,Media content,Communication Services,Media & Entertainment,Adj,Dec,EPS,CY2028,0.924,0.753,-18.5%,0.706,-6.2%,0.619,-12.3%,275.9,4.5,-33.0%,-18.3%,-0.6%,-53.4%
BCE,Extended,Media content,Communication Services,Telecommunication Services,Adj,Dec,EPS,CY2025,2.764,2.739,-0.9%,2.719,-0.7%,2.719,+0.0%,34.0,12.5,-1.6%,+3.8%,-3.7%,+14.3%
BCE,Extended,Media content,Communication Services,Telecommunication Services,Adj,Dec,EPS,CY2026,2.672,2.708,+1.3%,2.571,-5.1%,2.604,+1.3%,34.0,13.1,-2.5%,+3.8%,-3.7%,+14.3%
BCE,Extended,Media content,Communication Services,Telecommunication Services,Adj,Dec,EPS,CY2027,2.788,2.731,-2.0%,2.67,-2.2%,2.703,+1.2%,34.0,12.6,-3.0%,+3.8%,-3.7%,+14.3%
BCE,Extended,Media content,Communication Services,Telecommunication Services,Adj,Dec,EPS,CY2028,3.24,2.872,-11.4%,2.791,-2.8%,2.907,+4.2%,34.0,11.7,-10.3%,+3.8%,-3.7%,+14.3%
OMC,Extended,Media content,Communication Services,Media & Entertainment,Adj,Dec,EPS,CY2025,8.199,8.598,+4.9%,8.575,-0.3%,8.575,+0.0%,74.93,8.7,+4.6%,-7.2%,-10.0%,+2.5%
OMC,Extended,Media content,Communication Services,Media & Entertainment,Adj,Dec,EPS,CY2026,8.87,9.245,+4.2%,10.049,+8.7%,10.662,+6.1%,74.93,7.0,+20.2%,-7.2%,-10.0%,+2.5%
OMC,Extended,Media content,Communication Services,Media & Entertainment,Adj,Dec,EPS,CY2027,9.506,10.119,+6.4%,12.086,+19.4%,11.979,-0.9%,74.93,6.3,+26.0%,-7.2%,-10.0%,+2.5%
OMC,Extended,Media content,Communication Services,Media & Entertainment,Adj,Dec,EPS,CY2028,,10.588,,14.497,+36.9%,13.355,-7.9%,74.93,5.6,,-7.2%,-10.0%,+2.5%
AMT,Extended,Telco infrastructure,Real Estate,Equity Real Estate Investment,Adj,Dec,EPS,CY2025,6.178,5.287,-14.4%,5.292,+0.1%,5.292,+0.0%,183.85,34.7,-14.3%,+4.7%,-1.8%,-12.6%
AMT,Extended,Telco infrastructure,Real Estate,Equity Real Estate Investment,Adj,Dec,EPS,CY2026,7.104,6.939,-2.3%,6.873,-1.0%,6.601,-4.0%,183.85,27.9,-7.1%,+4.7%,-1.8%,-12.6%
AMT,Extended,Telco infrastructure,Real Estate,Equity Real Estate Investment,Adj,Dec,EPS,CY2027,7.722,7.395,-4.2%,7.316,-1.1%,6.903,-5.6%,183.85,26.6,-10.6%,+4.7%,-1.8%,-12.6%
AMT,Extended,Telco infrastructure,Real Estate,Equity Real Estate Investment,Adj,Dec,EPS,CY2028,8.688,8.296,-4.5%,8.28,-0.2%,7.66,-7.5%,183.85,24.0,-11.8%,+4.7%,-1.8%,-12.6%
SBAC,Extended,Telco infrastructure,Real Estate,Equity Real Estate Investment,Adj,Dec,EPS,CY2025,8.396,9.414,+12.1%,9.12,-3.1%,9.12,+0.0%,205.57,22.5,+8.6%,+6.3%,+3.0%,-9.9%
SBAC,Extended,Telco infrastructure,Real Estate,Equity Real Estate Investment,Adj,Dec,EPS,CY2026,9.275,8.859,-4.5%,8.679,-2.0%,7.849,-9.6%,205.57,26.2,-15.4%,+6.3%,+3.0%,-9.9%
SBAC,Extended,Telco infrastructure,Real Estate,Equity Real Estate Investment,Adj,Dec,EPS,CY2027,9.759,9.038,-7.4%,8.884,-1.7%,8.791,-1.0%,205.57,23.4,-9.9%,+6.3%,+3.0%,-9.9%
SBAC,Extended,Telco infrastructure,Real Estate,Equity Real Estate Investment,Adj,Dec,EPS,CY2028,11.237,10.085,-10.3%,9.686,-4.0%,9.52,-1.7%,205.57,21.6,-15.3%,+6.3%,+3.0%,-9.9%
CCI,Extended,Telco infrastructure,Real Estate,Equity Real Estate Investment,Adj,Dec,EPS,CY2025,0.593,1.058,+78.4%,0.984,-7.0%,0.984,+0.0%,91.46,92.9,+65.9%,+2.9%,+3.9%,-8.5%
CCI,Extended,Telco infrastructure,Real Estate,Equity Real Estate Investment,Adj,Dec,EPS,CY2026,3.032,3.264,+7.7%,2.877,-11.9%,2.411,-16.2%,91.46,37.9,-20.5%,+2.9%,+3.9%,-8.5%
CCI,Extended,Telco infrastructure,Real Estate,Equity Real Estate Investment,Adj,Dec,EPS,CY2027,3.508,3.838,+9.4%,3.424,-10.8%,3.071,-10.3%,91.46,29.8,-12.5%,+2.9%,+3.9%,-8.5%
CCI,Extended,Telco infrastructure,Real Estate,Equity Real Estate Investment,Adj,Dec,EPS,CY2028,4.545,4.95,+8.9%,3.865,-21.9%,3.362,-13.0%,91.46,27.2,-26.0%,+2.9%,+3.9%,-8.5%
EQIX,Extended,Telco infrastructure,Real Estate,Equity Real Estate Investment,Adj,Dec,EPS,CY2025,14.197,14.79,+4.2%,14.766,-0.2%,14.766,+0.0%,1079.79,73.1,+4.0%,+40.9%,+16.3%,+24.6%
EQIX,Extended,Telco infrastructure,Real Estate,Equity Real Estate Investment,Adj,Dec,EPS,CY2026,15.916,14.955,-6.0%,15.805,+5.7%,17.289,+9.4%,1079.79,62.5,+8.6%,+40.9%,+16.3%,+24.6%
EQIX,Extended,Telco infrastructure,Real Estate,Equity Real Estate Investment,Adj,Dec,EPS,CY2027,17.889,15.999,-10.6%,16.952,+6.0%,18.973,+11.9%,1079.79,56.9,+6.1%,+40.9%,+16.3%,+24.6%
EQIX,Extended,Telco infrastructure,Real Estate,Equity Real Estate Investment,Adj,Dec,EPS,CY2028,20.474,17.148,-16.2%,18.865,+10.0%,21.51,+14.0%,1079.79,50.2,+5.1%,+40.9%,+16.3%,+24.6%
ERICB,Extended,Telco infrastructure,Information Technology,Technology Hardware & Equipmen,GAAP,Dec,EPS,CY2025,5.889,7.623,+29.4%,7.606,-0.2%,7.606,+0.0%,125.85,16.5,+29.2%,+38.9%,+23.3%,+48.2%
ERICB,Extended,Telco infrastructure,Information Technology,Technology Hardware & Equipmen,GAAP,Dec,EPS,CY2026,5.938,6.027,+1.5%,6.281,+4.2%,5.512,-12.2%,125.85,22.8,-7.2%,+38.9%,+23.3%,+48.2%
ERICB,Extended,Telco infrastructure,Information Technology,Technology Hardware & Equipmen,GAAP,Dec,EPS,CY2027,6.469,6.497,+0.4%,7.05,+8.5%,6.777,-3.9%,125.85,18.6,+4.8%,+38.9%,+23.3%,+48.2%
ERICB,Extended,Telco infrastructure,Information Technology,Technology Hardware & Equipmen,GAAP,Dec,EPS,CY2028,6.725,6.678,-0.7%,7.412,+11.0%,7.371,-0.6%,125.85,17.1,+9.6%,+38.9%,+23.3%,+48.2%
GDS,Extended,Telco infrastructure,Information Technology,Software & Services,Adj,Dec,EPS,CY2025,0.462,-0.347,-175.1%,0.813,+334.3%,0.806,-0.9%,35.02,43.4,+74.5%,+0.3%,-22.3%,+24.4%
GDS,Extended,Telco infrastructure,Information Technology,Software & Services,Adj,Dec,EPS,CY2026,-0.252,0.115,+145.6%,0.021,-81.7%,1.416,+6642.9%,35.02,24.7,+661.9%,+0.3%,-22.3%,+24.4%
GDS,Extended,Telco infrastructure,Information Technology,Software & Services,Adj,Dec,EPS,CY2027,1.206,0.56,-53.6%,0.183,-67.3%,1.254,+585.2%,35.02,27.9,+4.0%,+0.3%,-22.3%,+24.4%
GDS,Extended,Telco infrastructure,Information Technology,Software & Services,Adj,Dec,EPS,CY2028,15.812,12.265,-22.4%,14.934,+21.8%,0.794,-94.7%,35.02,44.1,-95.0%,+0.3%,-22.3%,+24.4%
NOK,Extended,Telco infrastructure,Information Technology,Technology Hardware & Equipmen,Adj,Dec,EPS,CY2025,0.303,0.269,-11.2%,0.27,+0.4%,0.27,+0.0%,15.47,57.3,-10.9%,+139.1%,+99.1%,+188.6%
NOK,Extended,Telco infrastructure,Information Technology,Technology Hardware & Equipmen,Adj,Dec,EPS,CY2026,0.355,0.331,-6.8%,0.307,-7.3%,0.338,+10.1%,15.47,45.8,-4.8%,+139.1%,+99.1%,+188.6%
NOK,Extended,Telco infrastructure,Information Technology,Technology Hardware & Equipmen,Adj,Dec,EPS,CY2027,0.394,0.374,-5.1%,0.358,-4.3%,0.399,+11.5%,15.47,38.8,+1.3%,+139.1%,+99.1%,+188.6%
NOK,Extended,Telco infrastructure,Information Technology,Technology Hardware & Equipmen,Adj,Dec,EPS,CY2028,0.412,0.442,+7.3%,0.397,-10.2%,0.458,+15.4%,15.47,33.8,+11.2%,+139.1%,+99.1%,+188.6%
BDC,Extended,Telco infrastructure,Information Technology,Technology Hardware & Equipmen,Adj,Dec,EPS,CY2025,7.097,7.389,+4.1%,7.422,+0.4%,7.422,+0.0%,106.03,14.3,+4.6%,-9.0%,-27.3%,-2.1%
BDC,Extended,Telco infrastructure,Information Technology,Technology Hardware & Equipmen,Adj,Dec,EPS,CY2026,7.815,7.799,-0.2%,7.868,+0.9%,8.01,+1.8%,106.03,13.2,+2.5%,-9.0%,-27.3%,-2.1%
BDC,Extended,Telco infrastructure,Information Technology,Technology Hardware & Equipmen,Adj,Dec,EPS,CY2027,8.325,8.576,+3.0%,8.777,+2.3%,8.893,+1.3%,106.03,11.9,+6.8%,-9.0%,-27.3%,-2.1%
BDC,Extended,Telco infrastructure,Information Technology,Technology Hardware & Equipmen,Adj,Dec,EPS,CY2028,,10.08,,9.41,-6.6%,9.445,+0.4%,106.03,11.2,,-9.0%,-27.3%,-2.1%
HLIT,Extended,Telco infrastructure,Information Technology,Technology Hardware & Equipmen,Adj,Dec,EPS,CY2025,0.5,0.439,-12.2%,0.432,-1.6%,0.432,+0.0%,15.2,35.2,-13.6%,+53.7%,+39.4%,+67.2%
HLIT,Extended,Telco infrastructure,Information Technology,Technology Hardware & Equipmen,Adj,Dec,EPS,CY2026,0.953,0.729,-23.5%,0.631,-13.4%,0.639,+1.3%,15.2,23.8,-32.9%,+53.7%,+39.4%,+67.2%
HLIT,Extended,Telco infrastructure,Information Technology,Technology Hardware & Equipmen,Adj,Dec,EPS,CY2027,1.235,1.013,-18.0%,0.862,-14.9%,0.777,-9.9%,15.2,19.6,-37.1%,+53.7%,+39.4%,+67.2%
HLIT,Extended,Telco infrastructure,Information Technology,Technology Hardware & Equipmen,Adj,Dec,EPS,CY2028,1.82,1.81,-0.5%,1.34,-26.0%,0.91,-32.1%,15.2,16.7,-50.0%,+53.7%,+39.4%,+67.2%
VISN,Extended,Telco infrastructure,Information Technology,Technology Hardware & Equipmen,Adj,Dec,EPS,CY2025,0.87,1.548,+77.9%,1.53,-1.2%,1.53,+0.0%,12.3,8.0,+75.9%,+39.0%,+32.9%,+359.1%
VISN,Extended,Telco infrastructure,Information Technology,Technology Hardware & Equipmen,Adj,Dec,EPS,CY2026,1.153,1.698,+47.3%,1.318,-22.4%,1.093,-17.1%,12.3,11.3,-5.2%,+39.0%,+32.9%,+359.1%
VISN,Extended,Telco infrastructure,Information Technology,Technology Hardware & Equipmen,Adj,Dec,EPS,CY2027,1.1,2.77,+151.8%,2.36,-14.8%,1.175,-50.2%,12.3,10.5,+6.8%,+39.0%,+32.9%,+359.1%
VISN,Extended,Telco infrastructure,Information Technology,Technology Hardware & Equipmen,Adj,Dec,EPS,CY2028,1.28,1.28,+0.0%,1.28,+0.0%,1.28,+0.0%,12.3,9.6,+0.0%,+39.0%,+32.9%,+359.1%
ANET,Extended,Telco infrastructure,Information Technology,Technology Hardware & Equipmen,Adj,Dec,EPS,CY2025,2.558,2.866,+12.0%,2.873,+0.2%,2.873,+0.0%,154.03,53.6,+12.3%,+17.6%,+16.0%,+66.4%
ANET,Extended,Telco infrastructure,Information Technology,Technology Hardware & Equipmen,Adj,Dec,EPS,CY2026,2.969,3.336,+12.4%,3.53,+5.8%,3.631,+2.9%,154.03,42.4,+22.3%,+17.6%,+16.0%,+66.4%
ANET,Extended,Telco infrastructure,Information Technology,Technology Hardware & Equipmen,Adj,Dec,EPS,CY2027,3.552,4.025,+13.3%,4.263,+5.9%,4.419,+3.7%,154.03,34.9,+24.4%,+17.6%,+16.0%,+66.4%
ANET,Extended,Telco infrastructure,Information Technology,Technology Hardware & Equipmen,Adj,Dec,EPS,CY2028,4.03,4.862,+20.6%,4.945,+1.7%,5.226,+5.7%,154.03,29.5,+29.7%,+17.6%,+16.0%,+66.4%
VRT,Extended,Telco infrastructure,Industrials,Capital Goods,Adj,Dec,EPS,CY2025,3.57,4.115,+15.3%,4.116,+0.0%,4.116,+0.0%,327.46,79.6,+15.3%,+102.1%,+34.3%,+214.3%
VRT,Extended,Telco infrastructure,Industrials,Capital Goods,Adj,Dec,EPS,CY2026,4.35,5.233,+20.3%,5.909,+12.9%,6.465,+9.4%,327.46,50.7,+48.6%,+102.1%,+34.3%,+214.3%
VRT,Extended,Telco infrastructure,Industrials,Capital Goods,Adj,Dec,EPS,CY2027,5.279,6.443,+22.0%,7.952,+23.4%,8.662,+8.9%,327.46,37.8,+64.1%,+102.1%,+34.3%,+214.3%
VRT,Extended,Telco infrastructure,Industrials,Capital Goods,Adj,Dec,EPS,CY2028,6.004,7.665,+27.7%,9.691,+26.4%,11.172,+15.3%,327.46,29.3,+86.1%,+102.1%,+34.3%,+214.3%
MTZ,Extended,Telco infrastructure,Industrials,Capital Goods,Adj,Dec,EPS,CY2025,6.101,6.423,+5.3%,6.437,+0.2%,6.437,+0.0%,382.11,59.4,+5.5%,+75.8%,+34.6%,+153.4%
MTZ,Extended,Telco infrastructure,Industrials,Capital Goods,Adj,Dec,EPS,CY2026,7.245,8.078,+11.5%,8.109,+0.4%,8.893,+9.7%,382.11,43.0,+22.7%,+75.8%,+34.6%,+153.4%
MTZ,Extended,Telco infrastructure,Industrials,Capital Goods,Adj,Dec,EPS,CY2027,7.133,9.803,+37.4%,9.777,-0.3%,11.903,+21.7%,382.11,32.1,+66.9%,+75.8%,+34.6%,+153.4%
MTZ,Extended,Telco infrastructure,Industrials,Capital Goods,Adj,Dec,EPS,CY2028,7.338,10.93,+49.0%,11.14,+1.9%,14.791,+32.8%,382.11,25.8,+101.6%,+75.8%,+34.6%,+153.4%
DY,Extended,Telco infrastructure,Industrials,Capital Goods,Adj,Jan,EPS,CY2025,9.514,10.966,+15.3%,10.903,-0.6%,10.918,+0.1%,411.2,37.7,+14.8%,+21.7%,-4.3%,+83.4%
DY,Extended,Telco infrastructure,Industrials,Capital Goods,Adj,Jan,EPS,CY2026,10.873,13.452,+23.7%,13.565,+0.8%,13.955,+2.9%,411.2,29.5,+28.3%,+21.7%,-4.3%,+83.4%
DY,Extended,Telco infrastructure,Industrials,Capital Goods,Adj,Jan,EPS,CY2027,12.867,15.376,+19.5%,16.636,+8.2%,17.025,+2.3%,411.2,24.2,+32.3%,+21.7%,-4.3%,+83.4%
DY,Extended,Telco infrastructure,Industrials,Capital Goods,Adj,Jan,EPS,CY2028,15.97,18.095,+13.3%,18.335,+1.3%,20.402,+11.3%,411.2,20.2,+27.8%,+21.7%,-4.3%,+83.4%
GLW,Extended,Telco infrastructure,Information Technology,Technology Hardware & Equipmen,Adj,Dec,EPS,CY2025,2.363,2.521,+6.7%,2.521,+0.0%,2.521,+0.0%,194.05,77.0,+6.7%,+121.6%,+39.1%,+299.7%
GLW,Extended,Telco infrastructure,Information Technology,Technology Hardware & Equipmen,Adj,Dec,EPS,CY2026,2.709,3.063,+13.1%,3.095,+1.0%,3.185,+2.9%,194.05,60.9,+17.6%,+121.6%,+39.1%,+299.7%
GLW,Extended,Telco infrastructure,Information Technology,Technology Hardware & Equipmen,Adj,Dec,EPS,CY2027,2.972,3.64,+22.5%,3.836,+5.4%,4.227,+10.2%,194.05,45.9,+42.2%,+121.6%,+39.1%,+299.7%
GLW,Extended,Telco infrastructure,Information Technology,Technology Hardware & Equipmen,Adj,Dec,EPS,CY2028,3.278,3.898,+18.9%,4.601,+18.0%,5.641,+22.6%,194.05,34.4,+72.1%,+121.6%,+39.1%,+299.7%
APH,Extended,Telco infrastructure,Information Technology,Technology Hardware & Equipmen,Adj,Dec,EPS,CY2025,2.664,3.306,+24.1%,3.323,+0.5%,3.323,+0.0%,132.06,39.7,+24.7%,-2.3%,-12.6%,+54.9%
APH,Extended,Telco infrastructure,Information Technology,Technology Hardware & Equipmen,Adj,Dec,EPS,CY2026,2.919,4.099,+40.4%,4.385,+7.0%,4.771,+8.8%,132.06,27.7,+63.4%,-2.3%,-12.6%,+54.9%
APH,Extended,Telco infrastructure,Information Technology,Technology Hardware & Equipmen,Adj,Dec,EPS,CY2027,3.127,4.702,+50.4%,5.142,+9.4%,5.645,+9.8%,132.06,23.4,+80.5%,-2.3%,-12.6%,+54.9%
APH,Extended,Telco infrastructure,Information Technology,Technology Hardware & Equipmen,Adj,Dec,EPS,CY2028,3.44,5.33,+54.9%,5.692,+6.8%,6.23,+9.5%,132.06,21.2,+81.1%,-2.3%,-12.6%,+54.9%
UI,Extended,Telco infrastructure,Information Technology,Technology Hardware & Equipmen,Adj,Jun,EPS,CY2025,9.635,9.65,+0.2%,9.65,+0.0%,9.65,+0.0%,610.81,63.3,+0.2%,+10.4%,-18.6%,+55.7%
UI,Extended,Telco infrastructure,Information Technology,Technology Hardware & Equipmen,Adj,Jun,EPS,CY2026,9.89,13.237,+33.8%,15.075,+13.9%,15.25,+1.2%,610.81,40.1,+54.2%,+10.4%,-18.6%,+55.7%
UI,Extended,Telco infrastructure,Information Technology,Technology Hardware & Equipmen,Adj,Jun,EPS,CY2027,9.975,14.777,+48.1%,17.055,+15.4%,17.23,+1.0%,610.81,35.5,+72.7%,+10.4%,-18.6%,+55.7%
UI,Extended,Telco infrastructure,Information Technology,Technology Hardware & Equipmen,Adj,Jun,EPS,CY2028,10.26,14.545,+41.8%,19.075,+31.1%,19.2,+0.7%,610.81,31.8,+87.1%,+10.4%,-18.6%,+55.7%
CALX,Extended,Telco infrastructure,Information Technology,Technology Hardware & Equipmen,Adj,Dec,EPS,CY2025,0.875,1.343,+53.5%,1.343,+0.0%,1.343,+0.0%,39.23,29.2,+53.5%,-25.9%,-29.5%,-16.2%
CALX,Extended,Telco infrastructure,Information Technology,Technology Hardware & Equipmen,Adj,Dec,EPS,CY2026,1.427,1.769,+24.0%,1.757,-0.7%,1.777,+1.1%,39.23,22.1,+24.5%,-25.9%,-29.5%,-16.2%
CALX,Extended,Telco infrastructure,Information Technology,Technology Hardware & Equipmen,Adj,Dec,EPS,CY2027,,2.453,,2.43,-0.9%,2.503,+3.0%,39.23,15.7,,-25.9%,-29.5%,-16.2%
CALX,Extended,Telco infrastructure,Information Technology,Technology Hardware & Equipmen,Adj,Dec,EPS,CY2028,,,,1.72,,3.142,+82.7%,39.23,12.5,,-25.9%,-29.5%,-16.2%
PRY,Extended,Telco infrastructure,Industrials,Capital Goods,Adj,Dec,EPS,CY2025,3.605,3.993,+10.8%,4.191,+5.0%,4.191,+0.0%,149.8,35.7,+16.3%,+73.4%,+53.6%,+175.1%
PRY,Extended,Telco infrastructure,Industrials,Capital Goods,Adj,Dec,EPS,CY2026,4.198,4.614,+9.9%,4.601,-0.3%,4.71,+2.4%,149.8,31.8,+12.2%,+73.4%,+53.6%,+175.1%
PRY,Extended,Telco infrastructure,Industrials,Capital Goods,Adj,Dec,EPS,CY2027,4.7,5.163,+9.9%,5.186,+0.4%,5.706,+10.0%,149.8,26.3,+21.4%,+73.4%,+53.6%,+175.1%
PRY,Extended,Telco infrastructure,Industrials,Capital Goods,Adj,Dec,EPS,CY2028,5.15,5.675,+10.2%,5.637,-0.7%,6.362,+12.9%,149.8,23.5,+23.5%,+73.4%,+53.6%,+175.1%
NTCT,Extended,Telco infrastructure,Information Technology,Technology Hardware & Equipmen,Adj,Mar,EPS,CY2025,2.22,2.305,+3.8%,2.415,+4.8%,2.415,+0.0%,41.01,17.0,+8.8%,+51.6%,+38.1%,+76.2%
NTCT,Extended,Telco infrastructure,Information Technology,Technology Hardware & Equipmen,Adj,Mar,EPS,CY2026,2.29,2.48,+8.3%,2.515,+1.4%,2.605,+3.6%,41.01,15.7,+13.8%,+51.6%,+38.1%,+76.2%
NTCT,Extended,Telco infrastructure,Information Technology,Technology Hardware & Equipmen,Adj,Mar,EPS,CY2027,,2.605,,2.6,-0.2%,2.79,+7.3%,41.01,14.7,,+51.6%,+38.1%,+76.2%
NTCT,Extended,Telco infrastructure,Information Technology,Technology Hardware & Equipmen,Adj,Mar,EPS,CY2028,,,,,,,,41.01,,,+51.6%,+38.1%,+76.2%
DOX,Extended,Telco infrastructure,Information Technology,Software & Services,Adj,Sep,EPS,CY2025,6.958,7.002,+0.6%,7.002,+0.0%,7.002,+0.0%,62.66,8.9,+0.6%,-22.2%,-10.7%,-31.6%
DOX,Extended,Telco infrastructure,Information Technology,Software & Services,Adj,Sep,EPS,CY2026,7.592,7.446,-1.9%,7.448,+0.0%,7.41,-0.5%,62.66,8.5,-2.4%,-22.2%,-10.7%,-31.6%
DOX,Extended,Telco infrastructure,Information Technology,Software & Services,Adj,Sep,EPS,CY2027,8.17,8.066,-1.3%,8.092,+0.3%,8.098,+0.1%,62.66,7.7,-0.9%,-22.2%,-10.7%,-31.6%
DOX,Extended,Telco infrastructure,Information Technology,Software & Services,Adj,Sep,EPS,CY2028,9.06,8.763,-3.3%,8.853,+1.0%,8.973,+1.4%,62.66,7.0,-1.0%,-22.2%,-10.7%,-31.6%
MCK,Extended,Drug distributors / PBMs,Health Care,Health Care Equipment & Servic,Adj,Mar,EPS,CY2025,37.254,38.676,+3.8%,39.015,+0.9%,38.984,-0.1%,766.08,19.7,+4.6%,-6.6%,-19.1%,+7.8%
MCK,Extended,Drug distributors / PBMs,Health Care,Health Care Equipment & Servic,Adj,Mar,EPS,CY2026,41.757,43.848,+5.0%,44.252,+0.9%,44.279,+0.1%,766.08,17.3,+6.0%,-6.6%,-19.1%,+7.8%
MCK,Extended,Drug distributors / PBMs,Health Care,Health Care Equipment & Servic,Adj,Mar,EPS,CY2027,46.619,49.757,+6.7%,49.941,+0.4%,50.323,+0.8%,766.08,15.2,+7.9%,-6.6%,-19.1%,+7.8%
MCK,Extended,Drug distributors / PBMs,Health Care,Health Care Equipment & Servic,Adj,Mar,EPS,CY2028,51.263,55.862,+9.0%,56.04,+0.3%,57.285,+2.2%,766.08,13.4,+11.7%,-6.6%,-19.1%,+7.8%
CAH,Extended,Drug distributors / PBMs,Health Care,Health Care Equipment & Servic,Adj,Jun,EPS,CY2025,8.123,8.198,+0.9%,8.198,+0.0%,8.198,+0.0%,200.68,24.5,+0.9%,-2.3%,-10.6%,+31.6%
CAH,Extended,Drug distributors / PBMs,Health Care,Health Care Equipment & Servic,Adj,Jun,EPS,CY2026,9.074,9.829,+8.3%,10.281,+4.6%,10.769,+4.7%,200.68,18.6,+18.7%,-2.3%,-10.6%,+31.6%
CAH,Extended,Drug distributors / PBMs,Health Care,Health Care Equipment & Servic,Adj,Jun,EPS,CY2027,10.031,11.067,+10.3%,11.555,+4.4%,11.986,+3.7%,200.68,16.7,+19.5%,-2.3%,-10.6%,+31.6%
CAH,Extended,Drug distributors / PBMs,Health Care,Health Care Equipment & Servic,Adj,Jun,EPS,CY2028,11.043,12.455,+12.8%,13.034,+4.6%,13.525,+3.8%,200.68,14.8,+22.5%,-2.3%,-10.6%,+31.6%
COR,Extended,Drug distributors / PBMs,Health Care,Health Care Equipment & Servic,Adj,Sep,EPS,CY2025,15.759,15.945,+1.2%,15.945,+0.0%,15.945,+0.0%,274.91,17.2,+1.2%,-18.6%,-23.9%,-5.2%
COR,Extended,Drug distributors / PBMs,Health Care,Health Care Equipment & Servic,Adj,Sep,EPS,CY2026,17.289,17.676,+2.2%,17.627,-0.3%,17.771,+0.8%,274.91,15.5,+2.8%,-18.6%,-23.9%,-5.2%
COR,Extended,Drug distributors / PBMs,Health Care,Health Care Equipment & Servic,Adj,Sep,EPS,CY2027,19.008,19.546,+2.8%,19.832,+1.5%,19.812,-0.1%,274.91,13.9,+4.2%,-18.6%,-23.9%,-5.2%
COR,Extended,Drug distributors / PBMs,Health Care,Health Care Equipment & Servic,Adj,Sep,EPS,CY2028,20.91,21.677,+3.7%,21.855,+0.8%,21.98,+0.6%,274.91,12.5,+5.1%,-18.6%,-23.9%,-5.2%
AZO,Extended,Autos,Consumer Discretionary,Consumer Discretionary Distrib,Adj,Aug,EPS,CY2025,150.523,146.727,-2.5%,146.727,+0.0%,146.727,+0.0%,3406.5,23.2,-2.5%,+0.4%,-9.1%,-11.7%
AZO,Extended,Autos,Consumer Discretionary,Consumer Discretionary Distrib,Adj,Aug,EPS,CY2026,170.811,153.549,-10.1%,148.178,-3.5%,149.011,+0.6%,3406.5,22.9,-12.8%,+0.4%,-9.1%,-11.7%
AZO,Extended,Autos,Consumer Discretionary,Consumer Discretionary Distrib,Adj,Aug,EPS,CY2027,189.788,181.012,-4.6%,173.992,-3.9%,175.237,+0.7%,3406.5,19.4,-7.7%,+0.4%,-9.1%,-11.7%
AZO,Extended,Autos,Consumer Discretionary,Consumer Discretionary Distrib,Adj,Aug,EPS,CY2028,213.165,202.729,-4.9%,194.756,-3.9%,194.38,-0.2%,3406.5,17.5,-8.8%,+0.4%,-9.1%,-11.7%
AAP,Extended,Autos,Consumer Discretionary,Consumer Discretionary Distrib,Adj,Dec,EPS,CY2025,1.608,1.82,+13.2%,1.815,-0.3%,1.815,+0.0%,57.95,31.9,+12.9%,+47.5%,+3.7%,+17.9%
AAP,Extended,Autos,Consumer Discretionary,Consumer Discretionary Distrib,Adj,Dec,EPS,CY2026,2.837,2.674,-5.7%,2.692,+0.7%,2.896,+7.6%,57.95,20.0,+2.1%,+47.5%,+3.7%,+17.9%
AAP,Extended,Autos,Consumer Discretionary,Consumer Discretionary Distrib,Adj,Dec,EPS,CY2027,4.184,4.055,-3.1%,3.934,-3.0%,3.943,+0.2%,57.95,14.7,-5.8%,+47.5%,+3.7%,+17.9%
AAP,Extended,Autos,Consumer Discretionary,Consumer Discretionary Distrib,Adj,Dec,EPS,CY2028,5.24,4.451,-15.1%,4.744,+6.6%,4.747,+0.1%,57.95,12.2,-9.4%,+47.5%,+3.7%,+17.9%
ORLY,Extended,Autos,Consumer Discretionary,Consumer Discretionary Distrib,Adj,Dec,EPS,CY2025,2.924,2.974,+1.7%,2.976,+0.1%,2.976,+0.0%,91.74,30.8,+1.8%,+0.6%,-1.9%,+0.8%
ORLY,Extended,Autos,Consumer Discretionary,Consumer Discretionary Distrib,Adj,Dec,EPS,CY2026,3.278,3.32,+1.3%,3.223,-2.9%,3.258,+1.1%,91.74,28.2,-0.6%,+0.6%,-1.9%,+0.8%
ORLY,Extended,Autos,Consumer Discretionary,Consumer Discretionary Distrib,Adj,Dec,EPS,CY2027,3.637,3.657,+0.5%,3.569,-2.4%,3.614,+1.3%,91.74,25.4,-0.6%,+0.6%,-1.9%,+0.8%
ORLY,Extended,Autos,Consumer Discretionary,Consumer Discretionary Distrib,Adj,Dec,EPS,CY2028,3.953,3.922,-0.8%,3.925,+0.1%,3.989,+1.6%,91.74,23.0,+0.9%,+0.6%,-1.9%,+0.8%
KMX,Extended,Autos,Consumer Discretionary,Consumer Discretionary Distrib,Adj,Feb,EPS,CY2025,3.766,2.77,-26.4%,2.666,-3.8%,2.693,+1.0%,40.33,15.0,-28.5%,+4.4%,-9.4%,-36.2%
KMX,Extended,Autos,Consumer Discretionary,Consumer Discretionary Distrib,Adj,Feb,EPS,CY2026,4.311,3.006,-30.3%,2.537,-15.6%,2.331,-8.1%,40.33,17.3,-45.9%,+4.4%,-9.4%,-36.2%
KMX,Extended,Autos,Consumer Discretionary,Consumer Discretionary Distrib,Adj,Feb,EPS,CY2027,5.207,3.498,-32.8%,3.265,-6.7%,2.777,-14.9%,40.33,14.5,-46.7%,+4.4%,-9.4%,-36.2%
KMX,Extended,Autos,Consumer Discretionary,Consumer Discretionary Distrib,Adj,Feb,EPS,CY2028,,4.993,,4.88,-2.3%,3.424,-29.8%,40.33,11.8,,+4.4%,-9.4%,-36.2%
MNRO,Extended,Autos,Consumer Discretionary,Consumer Discretionary Distrib,Adj,Mar,EPS,CY2025,0.863,0.444,-48.6%,0.552,+24.3%,0.546,-1.1%,16.75,30.7,-36.7%,-16.4%,-26.5%,+30.9%
MNRO,Extended,Autos,Consumer Discretionary,Consumer Discretionary Distrib,Adj,Mar,EPS,CY2026,0.85,0.698,-17.9%,0.67,-4.0%,0.668,-0.3%,16.75,25.1,-21.4%,-16.4%,-26.5%,+30.9%
MNRO,Extended,Autos,Consumer Discretionary,Consumer Discretionary Distrib,Adj,Mar,EPS,CY2027,0.85,0.92,+8.2%,0.935,+1.6%,0.927,-0.9%,16.75,18.1,+9.1%,-16.4%,-26.5%,+30.9%
MNRO,Extended,Autos,Consumer Discretionary,Consumer Discretionary Distrib,Adj,Mar,EPS,CY2028,,,,1.21,,1.21,+0.0%,16.75,13.8,,-16.4%,-26.5%,+30.9%
AN,Extended,Autos,Consumer Discretionary,Consumer Discretionary Distrib,Adj,Dec,EPS,CY2025,18.524,20.058,+8.3%,19.989,-0.3%,19.989,+0.0%,189.98,9.5,+7.9%,-8.0%,-5.7%,+5.2%
AN,Extended,Autos,Consumer Discretionary,Consumer Discretionary Distrib,Adj,Dec,EPS,CY2026,19.952,21.076,+5.6%,21.464,+1.8%,21.559,+0.4%,189.98,8.8,+8.1%,-8.0%,-5.7%,+5.2%
AN,Extended,Autos,Consumer Discretionary,Consumer Discretionary Distrib,Adj,Dec,EPS,CY2027,22.294,23.029,+3.3%,23.71,+3.0%,24.175,+2.0%,189.98,7.9,+8.4%,-8.0%,-5.7%,+5.2%
AN,Extended,Autos,Consumer Discretionary,Consumer Discretionary Distrib,Adj,Dec,EPS,CY2028,24.97,25.755,+3.1%,25.936,+0.7%,25.23,-2.7%,189.98,7.5,+1.0%,-8.0%,-5.7%,+5.2%
GPI,Extended,Autos,Consumer Discretionary,Consumer Discretionary Distrib,Adj,Dec,EPS,CY2025,41.003,41.906,+2.2%,40.471,-3.4%,40.471,+0.0%,326.18,8.1,-1.3%,-17.1%,-4.7%,-23.5%
GPI,Extended,Autos,Consumer Discretionary,Consumer Discretionary Distrib,Adj,Dec,EPS,CY2026,43.096,44.119,+2.4%,42.765,-3.1%,42.214,-1.3%,326.18,7.7,-2.0%,-17.1%,-4.7%,-23.5%
GPI,Extended,Autos,Consumer Discretionary,Consumer Discretionary Distrib,Adj,Dec,EPS,CY2027,46.477,48.673,+4.7%,47.767,-1.9%,47.701,-0.1%,326.18,6.8,+2.6%,-17.1%,-4.7%,-23.5%
GPI,Extended,Autos,Consumer Discretionary,Consumer Discretionary Distrib,Adj,Dec,EPS,CY2028,56.48,55.73,-1.3%,56.147,+0.7%,52.562,-6.4%,326.18,6.2,-6.9%,-17.1%,-4.7%,-23.5%
SAH,Extended,Autos,Consumer Discretionary,Consumer Discretionary Distrib,Adj,Dec,EPS,CY2025,6.244,6.091,-2.5%,6.049,-0.7%,6.049,+0.0%,78.16,12.9,-3.1%,+26.3%,+17.3%,+16.3%
SAH,Extended,Autos,Consumer Discretionary,Consumer Discretionary Distrib,Adj,Dec,EPS,CY2026,7.044,7.1,+0.8%,6.585,-7.3%,6.875,+4.4%,78.16,11.4,-2.4%,+26.3%,+17.3%,+16.3%
SAH,Extended,Autos,Consumer Discretionary,Consumer Discretionary Distrib,Adj,Dec,EPS,CY2027,8.223,7.848,-4.6%,7.279,-7.3%,7.577,+4.1%,78.16,10.3,-7.9%,+26.3%,+17.3%,+16.3%
SAH,Extended,Autos,Consumer Discretionary,Consumer Discretionary Distrib,Adj,Dec,EPS,CY2028,9.735,8.95,-8.1%,8.187,-8.5%,7.383,-9.8%,78.16,10.6,-24.2%,+26.3%,+17.3%,+16.3%
CPRT,Extended,Autos,Industrials,Commercial & Professional Serv,Adj,Jul,EPS,CY2025,1.559,1.55,-0.6%,1.55,+0.0%,1.55,+0.0%,33.79,21.8,-0.6%,-13.7%,-7.4%,-44.3%
CPRT,Extended,Autos,Industrials,Commercial & Professional Serv,Adj,Jul,EPS,CY2026,1.771,1.678,-5.3%,1.598,-4.8%,1.583,-0.9%,33.79,21.3,-10.6%,-13.7%,-7.4%,-44.3%
CPRT,Extended,Autos,Industrials,Commercial & Professional Serv,Adj,Jul,EPS,CY2027,2.005,1.841,-8.2%,1.723,-6.4%,1.688,-2.0%,33.79,20.0,-15.8%,-13.7%,-7.4%,-44.3%
CPRT,Extended,Autos,Industrials,Commercial & Professional Serv,Adj,Jul,EPS,CY2028,,1.915,,1.837,-4.1%,1.85,+0.7%,33.79,18.3,,-13.7%,-7.4%,-44.3%
LKQ,Extended,Autos,Consumer Discretionary,Consumer Discretionary Distrib,Adj,Dec,EPS,CY2025,3.51,3.108,-11.5%,3.106,-0.1%,3.106,+0.0%,27.15,8.7,-11.5%,-10.1%,-20.4%,-33.0%
LKQ,Extended,Autos,Consumer Discretionary,Consumer Discretionary Distrib,Adj,Dec,EPS,CY2026,3.769,3.258,-13.6%,3.072,-5.7%,2.781,-9.5%,27.15,9.8,-26.2%,-10.1%,-20.4%,-33.0%
LKQ,Extended,Autos,Consumer Discretionary,Consumer Discretionary Distrib,Adj,Dec,EPS,CY2027,4.018,3.29,-18.1%,3.35,+1.8%,3.127,-6.7%,27.15,8.7,-22.2%,-10.1%,-20.4%,-33.0%
LKQ,Extended,Autos,Consumer Discretionary,Consumer Discretionary Distrib,Adj,Dec,EPS,CY2028,4.04,2.68,-33.7%,3.54,+32.1%,3.525,-0.4%,27.15,7.7,-12.7%,-10.1%,-20.4%,-33.0%
WAB,Extended,Auto / Truck Supply Chain,Industrials,Capital Goods,Adj,Dec,EPS,CY2025,8.723,8.969,+2.8%,8.968,-0.0%,8.968,+0.0%,256.41,28.6,+2.8%,+20.1%,-3.2%,+28.1%
WAB,Extended,Auto / Truck Supply Chain,Industrials,Capital Goods,Adj,Dec,EPS,CY2026,9.732,10.292,+5.8%,10.39,+1.0%,10.617,+2.2%,256.41,24.2,+9.1%,+20.1%,-3.2%,+28.1%
WAB,Extended,Auto / Truck Supply Chain,Industrials,Capital Goods,Adj,Dec,EPS,CY2027,10.804,11.245,+4.1%,11.836,+5.3%,12.129,+2.5%,256.41,21.1,+12.3%,+20.1%,-3.2%,+28.1%
WAB,Extended,Auto / Truck Supply Chain,Industrials,Capital Goods,Adj,Dec,EPS,CY2028,11.31,13.39,+18.4%,13.18,-1.6%,13.558,+2.9%,256.41,18.9,+19.9%,+20.1%,-3.2%,+28.1%
ALSN,Extended,Auto / Truck Supply Chain,Industrials,Capital Goods,Adj,Dec,EPS,CY2025,8.825,7.718,-12.5%,7.72,+0.0%,7.72,+0.0%,109.87,14.2,-12.5%,+12.2%,-7.6%,+6.1%
ALSN,Extended,Auto / Truck Supply Chain,Industrials,Capital Goods,Adj,Dec,EPS,CY2026,9.965,8.154,-18.2%,9.837,+20.6%,9.232,-6.2%,109.87,11.9,-7.4%,+12.2%,-7.6%,+6.1%
ALSN,Extended,Auto / Truck Supply Chain,Industrials,Capital Goods,Adj,Dec,EPS,CY2027,11.02,9.832,-10.8%,11.606,+18.0%,10.846,-6.5%,109.87,10.1,-1.6%,+12.2%,-7.6%,+6.1%
ALSN,Extended,Auto / Truck Supply Chain,Industrials,Capital Goods,Adj,Dec,EPS,CY2028,12.87,14.39,+11.8%,10.24,-28.8%,13.094,+27.9%,109.87,8.4,+1.7%,+12.2%,-7.6%,+6.1%
GNTX,Extended,Auto / Truck Supply Chain,Consumer Discretionary,Automobiles & Components,Adj,Dec,EPS,CY2025,1.701,1.783,+4.8%,1.791,+0.4%,1.791,+0.0%,23.85,13.3,+5.3%,+2.5%,-0.5%,+8.6%
GNTX,Extended,Auto / Truck Supply Chain,Consumer Discretionary,Automobiles & Components,Adj,Dec,EPS,CY2026,1.922,1.959,+1.9%,1.949,-0.5%,1.989,+2.1%,23.85,12.0,+3.5%,+2.5%,-0.5%,+8.6%
GNTX,Extended,Auto / Truck Supply Chain,Consumer Discretionary,Automobiles & Components,Adj,Dec,EPS,CY2027,2.124,2.24,+5.5%,2.173,-3.0%,2.218,+2.1%,23.85,10.8,+4.4%,+2.5%,-0.5%,+8.6%
GNTX,Extended,Auto / Truck Supply Chain,Consumer Discretionary,Automobiles & Components,Adj,Dec,EPS,CY2028,3.13,2.96,-5.4%,2.573,-13.1%,2.544,-1.1%,23.85,9.4,-18.7%,+2.5%,-0.5%,+8.6%
TEL,Extended,Auto / Truck Supply Chain,Information Technology,Technology Hardware & Equipmen,Adj,Sep,EPS,CY2025,8.225,8.609,+4.7%,8.609,+0.0%,8.609,+0.0%,202.78,23.6,+4.7%,-10.9%,-13.6%,+27.6%
TEL,Extended,Auto / Truck Supply Chain,Information Technology,Technology Hardware & Equipmen,Adj,Sep,EPS,CY2026,9.002,10.708,+19.0%,11.083,+3.5%,11.24,+1.4%,202.78,18.0,+24.9%,-10.9%,-13.6%,+27.6%
TEL,Extended,Auto / Truck Supply Chain,Information Technology,Technology Hardware & Equipmen,Adj,Sep,EPS,CY2027,9.932,11.987,+20.7%,12.364,+3.1%,12.624,+2.1%,202.78,16.1,+27.1%,-10.9%,-13.6%,+27.6%
TEL,Extended,Auto / Truck Supply Chain,Information Technology,Technology Hardware & Equipmen,Adj,Sep,EPS,CY2028,11.082,12.972,+17.1%,13.711,+5.7%,13.955,+1.8%,202.78,14.5,+25.9%,-10.9%,-13.6%,+27.6%
GT,Extended,Auto / Truck Supply Chain,Consumer Discretionary,Automobiles & Components,Adj,Dec,EPS,CY2025,1.279,0.615,-51.9%,0.624,+1.5%,0.624,+0.0%,5.89,9.4,-51.2%,-32.8%,-34.1%,-47.1%
GT,Extended,Auto / Truck Supply Chain,Consumer Discretionary,Automobiles & Components,Adj,Dec,EPS,CY2026,1.906,1.085,-43.1%,0.724,-33.3%,-0.073,-110.1%,5.89,-80.7,-103.8%,-32.8%,-34.1%,-47.1%
GT,Extended,Auto / Truck Supply Chain,Consumer Discretionary,Automobiles & Components,Adj,Dec,EPS,CY2027,2.122,1.47,-30.7%,1.175,-20.1%,0.824,-29.9%,5.89,7.1,-61.2%,-32.8%,-34.1%,-47.1%
GT,Extended,Auto / Truck Supply Chain,Consumer Discretionary,Automobiles & Components,Adj,Dec,EPS,CY2028,2.51,1.76,-29.9%,1.434,-18.5%,1.332,-7.1%,5.89,4.4,-46.9%,-32.8%,-34.1%,-47.1%
TEN,Extended,Auto / Truck Supply Chain,Energy,Energy,Adj,Dec,EPS,CY2025,2.925,3.215,+9.9%,3.42,+6.4%,3.517,+2.8%,42.61,12.1,+20.2%,+90.1%,+36.8%,+146.4%
TEN,Extended,Auto / Truck Supply Chain,Energy,Energy,Adj,Dec,EPS,CY2026,4.737,5.455,+15.2%,4.46,-18.2%,8.785,+97.0%,42.61,4.9,+85.5%,+90.1%,+36.8%,+146.4%
TEN,Extended,Auto / Truck Supply Chain,Energy,Energy,Adj,Dec,EPS,CY2027,8.43,7.33,-13.0%,3.13,-57.3%,5.12,+63.6%,42.61,8.3,-39.3%,+90.1%,+36.8%,+146.4%
TEN,Extended,Auto / Truck Supply Chain,Energy,Energy,Adj,Dec,EPS,CY2028,,9.67,,9.67,+0.0%,2.97,-69.3%,42.61,14.3,,+90.1%,+36.8%,+146.4%
LEA,Extended,Auto / Truck Supply Chain,Consumer Discretionary,Automobiles & Components,Adj,Dec,EPS,CY2025,11.527,12.13,+5.2%,12.247,+1.0%,12.247,+0.0%,139.8,11.4,+6.2%,+22.0%,+3.7%,+54.4%
LEA,Extended,Auto / Truck Supply Chain,Consumer Discretionary,Automobiles & Components,Adj,Dec,EPS,CY2026,13.596,14.13,+3.9%,14.432,+2.1%,14.713,+1.9%,139.8,9.5,+8.2%,+22.0%,+3.7%,+54.4%
LEA,Extended,Auto / Truck Supply Chain,Consumer Discretionary,Automobiles & Components,Adj,Dec,EPS,CY2027,16.744,16.301,-2.6%,16.965,+4.1%,17.26,+1.7%,139.8,8.1,+3.1%,+22.0%,+3.7%,+54.4%
LEA,Extended,Auto / Truck Supply Chain,Consumer Discretionary,Automobiles & Components,Adj,Dec,EPS,CY2028,21.683,19.32,-10.9%,19.094,-1.2%,19.314,+1.2%,139.8,7.2,-10.9%,+22.0%,+3.7%,+54.4%
ADNT,Extended,Auto / Truck Supply Chain,Consumer Discretionary,Automobiles & Components,Adj,Sep,EPS,CY2025,1.753,1.968,+12.3%,1.968,+0.0%,1.968,+0.0%,21.58,11.0,+12.3%,+12.6%,-13.2%,+43.9%
ADNT,Extended,Auto / Truck Supply Chain,Consumer Discretionary,Automobiles & Components,Adj,Sep,EPS,CY2026,2.143,1.967,-8.2%,2.124,+8.0%,2.125,+0.0%,21.58,10.2,-0.8%,+12.6%,-13.2%,+43.9%
ADNT,Extended,Auto / Truck Supply Chain,Consumer Discretionary,Automobiles & Components,Adj,Sep,EPS,CY2027,3.708,3.107,-16.2%,3.239,+4.2%,3.403,+5.1%,21.58,6.3,-8.2%,+12.6%,-13.2%,+43.9%
ADNT,Extended,Auto / Truck Supply Chain,Consumer Discretionary,Automobiles & Components,Adj,Sep,EPS,CY2028,6.567,4.314,-34.3%,4.571,+6.0%,4.627,+1.2%,21.58,4.7,-29.5%,+12.6%,-13.2%,+43.9%
JCI,Extended,Auto / Truck Supply Chain,Industrials,Capital Goods,Adj,Sep,EPS,CY2025,3.63,3.725,+2.6%,3.725,+0.0%,3.725,+0.0%,138.36,37.1,+2.6%,+15.5%,-3.8%,+41.3%
JCI,Extended,Auto / Truck Supply Chain,Industrials,Capital Goods,Adj,Sep,EPS,CY2026,4.238,4.592,+8.4%,4.747,+3.4%,4.878,+2.8%,138.36,28.4,+15.1%,+15.5%,-3.8%,+41.3%
JCI,Extended,Auto / Truck Supply Chain,Industrials,Capital Goods,Adj,Sep,EPS,CY2027,4.848,5.324,+9.8%,5.539,+4.0%,5.705,+3.0%,138.36,24.3,+17.7%,+15.5%,-3.8%,+41.3%
JCI,Extended,Auto / Truck Supply Chain,Industrials,Capital Goods,Adj,Sep,EPS,CY2028,5.603,6.027,+7.6%,6.322,+4.9%,6.498,+2.8%,138.36,21.3,+16.0%,+15.5%,-3.8%,+41.3%
LNR,Extended,Auto / Truck Supply Chain,Consumer Discretionary,Automobiles & Components,Adj,Dec,EPS,CY2025,10.126,10.054,-0.7%,10.072,+0.2%,10.072,+0.0%,98.82,9.8,-0.5%,+19.1%,+5.7%,+61.9%
LNR,Extended,Auto / Truck Supply Chain,Consumer Discretionary,Automobiles & Components,Adj,Dec,EPS,CY2026,10.656,11.398,+7.0%,11.24,-1.4%,11.916,+6.0%,98.82,8.3,+11.8%,+19.1%,+5.7%,+61.9%
LNR,Extended,Auto / Truck Supply Chain,Consumer Discretionary,Automobiles & Components,Adj,Dec,EPS,CY2027,,13.88,,13.043,-6.0%,13.27,+1.7%,98.82,7.4,,+19.1%,+5.7%,+61.9%
LNR,Extended,Auto / Truck Supply Chain,Consumer Discretionary,Automobiles & Components,Adj,Dec,EPS,CY2028,,,,,,,,98.82,,,+19.1%,+5.7%,+61.9%
CON,Extended,Auto / Truck Supply Chain,Consumer Discretionary,Automobiles & Components,Adj,Dec,EPS,CY2025,7.761,2.754,-64.5%,2.87,+4.2%,2.87,+0.0%,67.22,23.4,-63.0%,-1.1%,-8.4%,+16.9%
CON,Extended,Auto / Truck Supply Chain,Consumer Discretionary,Automobiles & Components,Adj,Dec,EPS,CY2026,9.685,6.738,-30.4%,6.532,-3.1%,6.403,-2.0%,67.22,10.5,-33.9%,-1.1%,-8.4%,+16.9%
CON,Extended,Auto / Truck Supply Chain,Consumer Discretionary,Automobiles & Components,Adj,Dec,EPS,CY2027,11.037,7.662,-30.6%,7.569,-1.2%,7.403,-2.2%,67.22,9.1,-32.9%,-1.1%,-8.4%,+16.9%
CON,Extended,Auto / Truck Supply Chain,Consumer Discretionary,Automobiles & Components,Adj,Dec,EPS,CY2028,12.143,8.767,-27.8%,7.873,-10.2%,8.06,+2.4%,67.22,8.3,-33.6%,-1.1%,-8.4%,+16.9%
PCAR,Extended,Auto / Truck Supply Chain,Industrials,Capital Goods,Adj,Dec,EPS,CY2025,5.689,5.012,-11.9%,4.977,-0.7%,4.977,+0.0%,109.35,22.0,-12.5%,-0.1%,-14.9%,+17.4%
PCAR,Extended,Auto / Truck Supply Chain,Industrials,Capital Goods,Adj,Dec,EPS,CY2026,6.974,5.85,-16.1%,5.781,-1.2%,5.703,-1.3%,109.35,19.2,-18.2%,-0.1%,-14.9%,+17.4%
PCAR,Extended,Auto / Truck Supply Chain,Industrials,Capital Goods,Adj,Dec,EPS,CY2027,7.076,6.856,-3.1%,6.883,+0.4%,6.746,-2.0%,109.35,16.2,-4.7%,-0.1%,-14.9%,+17.4%
PCAR,Extended,Auto / Truck Supply Chain,Industrials,Capital Goods,Adj,Dec,EPS,CY2028,7.766,7.402,-4.7%,7.682,+3.8%,7.852,+2.2%,109.35,13.9,+1.1%,-0.1%,-14.9%,+17.4%
HOG,Extended,Auto / Truck Supply Chain,Consumer Discretionary,Automobiles & Components,Adj,Dec,EPS,CY2025,2.564,4.045,+57.8%,4.041,-0.1%,4.041,+0.0%,23.73,5.9,+57.6%,+15.8%,+18.0%,-4.2%
HOG,Extended,Auto / Truck Supply Chain,Consumer Discretionary,Automobiles & Components,Adj,Dec,EPS,CY2026,3.335,2.184,-34.5%,0.565,-74.1%,0.401,-29.0%,23.73,59.2,-88.0%,+15.8%,+18.0%,-4.2%
HOG,Extended,Auto / Truck Supply Chain,Consumer Discretionary,Automobiles & Components,Adj,Dec,EPS,CY2027,3.998,2.945,-26.3%,1.737,-41.0%,1.89,+8.8%,23.73,12.6,-52.7%,+15.8%,+18.0%,-4.2%
HOG,Extended,Auto / Truck Supply Chain,Consumer Discretionary,Automobiles & Components,Adj,Dec,EPS,CY2028,4.14,5.03,+21.5%,2.035,-59.5%,2.357,+15.8%,23.73,10.1,-43.1%,+15.8%,+18.0%,-4.2%
GM,Extended,Auto / Truck Supply Chain,Consumer Discretionary,Automobiles & Components,Adj,Dec,EPS,CY2025,8.956,10.226,+14.2%,10.286,+0.6%,10.286,+0.0%,78.79,7.7,+14.9%,-3.1%,-3.3%,+59.9%
GM,Extended,Auto / Truck Supply Chain,Consumer Discretionary,Automobiles & Components,Adj,Dec,EPS,CY2026,9.214,11.417,+23.9%,12.251,+7.3%,12.655,+3.3%,78.79,6.2,+37.3%,-3.1%,-3.3%,+59.9%
GM,Extended,Auto / Truck Supply Chain,Consumer Discretionary,Automobiles & Components,Adj,Dec,EPS,CY2027,9.125,11.914,+30.6%,13.743,+15.4%,13.928,+1.3%,78.79,5.7,+52.6%,-3.1%,-3.3%,+59.9%
GM,Extended,Auto / Truck Supply Chain,Consumer Discretionary,Automobiles & Components,Adj,Dec,EPS,CY2028,10.261,11.212,+9.3%,12.877,+14.9%,13.272,+3.1%,78.79,5.9,+29.3%,-3.1%,-3.3%,+59.9%
BC,Extended,Auto / Truck Supply Chain,Consumer Discretionary,Consumer Durables & Apparel,Adj,Dec,EPS,CY2025,3.154,3.256,+3.2%,3.26,+0.1%,3.26,+0.0%,80.96,24.8,+3.4%,+9.1%,-9.2%,+57.9%
BC,Extended,Auto / Truck Supply Chain,Consumer Discretionary,Consumer Durables & Apparel,Adj,Dec,EPS,CY2026,4.179,4.125,-1.3%,4.228,+2.5%,4.323,+2.2%,80.96,18.7,+3.4%,+9.1%,-9.2%,+57.9%
BC,Extended,Auto / Truck Supply Chain,Consumer Discretionary,Consumer Durables & Apparel,Adj,Dec,EPS,CY2027,5.732,5.107,-10.9%,5.427,+6.3%,5.567,+2.6%,80.96,14.5,-2.9%,+9.1%,-9.2%,+57.9%
BC,Extended,Auto / Truck Supply Chain,Consumer Discretionary,Consumer Durables & Apparel,Adj,Dec,EPS,CY2028,10.21,7.34,-28.1%,6.603,-10.0%,6.765,+2.5%,80.96,12.0,-33.7%,+9.1%,-9.2%,+57.9%
F,Extended,Auto / Truck Supply Chain,Consumer Discretionary,Automobiles & Components,Adj,Dec,EPS,CY2025,1.038,1.057,+1.8%,1.141,+7.9%,1.141,+0.0%,14.93,13.1,+9.9%,+13.8%,+6.6%,+43.0%
F,Extended,Auto / Truck Supply Chain,Consumer Discretionary,Automobiles & Components,Adj,Dec,EPS,CY2026,1.32,1.435,+8.7%,1.538,+7.2%,1.636,+6.4%,14.93,9.1,+23.9%,+13.8%,+6.6%,+43.0%
F,Extended,Auto / Truck Supply Chain,Consumer Discretionary,Automobiles & Components,Adj,Dec,EPS,CY2027,1.518,1.563,+3.0%,1.795,+14.8%,1.83,+1.9%,14.93,8.2,+20.6%,+13.8%,+6.6%,+43.0%
F,Extended,Auto / Truck Supply Chain,Consumer Discretionary,Automobiles & Components,Adj,Dec,EPS,CY2028,1.749,1.796,+2.7%,1.889,+5.2%,1.971,+4.3%,14.93,7.6,+12.7%,+13.8%,+6.6%,+43.0%
STLA,Extended,Auto / Truck Supply Chain,Consumer Discretionary,Automobiles & Components,Adj,Dec,EPS,CY2025,1.624,0.457,-71.9%,-0.376,-182.3%,-0.673,-79.0%,7.61,-11.3,-141.4%,-30.1%,-1.6%,-26.5%
STLA,Extended,Auto / Truck Supply Chain,Consumer Discretionary,Automobiles & Components,Adj,Dec,EPS,CY2026,2.234,1.647,-26.3%,1.059,-35.7%,0.844,-20.3%,7.61,9.0,-62.2%,-30.1%,-1.6%,-26.5%
STLA,Extended,Auto / Truck Supply Chain,Consumer Discretionary,Automobiles & Components,Adj,Dec,EPS,CY2027,2.669,2.245,-15.9%,1.805,-19.6%,1.466,-18.8%,7.61,5.2,-45.1%,-30.1%,-1.6%,-26.5%
STLA,Extended,Auto / Truck Supply Chain,Consumer Discretionary,Automobiles & Components,Adj,Dec,EPS,CY2028,3.019,2.519,-16.6%,2.127,-15.6%,1.846,-13.2%,7.61,4.1,-38.9%,-30.1%,-1.6%,-26.5%
EXO,Extended,Auto / Truck Supply Chain,Financials,Financial Services,Adj,Dec,EPS,CY2025,-2.53,3.988,+257.6%,7.84,+96.6%,14.0,+78.6%,67.6,4.8,+653.4%,-6.7%,-7.7%,-21.8%
EXO,Extended,Auto / Truck Supply Chain,Financials,Financial Services,Adj,Dec,EPS,CY2026,1.235,2.447,+98.1%,-3.675,-250.2%,2.027,+155.2%,67.6,33.3,+64.1%,-6.7%,-7.7%,-21.8%
EXO,Extended,Auto / Truck Supply Chain,Financials,Financial Services,Adj,Dec,EPS,CY2027,3.3,3.19,-3.3%,2.65,-16.9%,2.433,-8.2%,67.6,27.8,-26.3%,-6.7%,-7.7%,-21.8%
EXO,Extended,Auto / Truck Supply Chain,Financials,Financial Services,Adj,Dec,EPS,CY2028,,3.18,,3.18,+0.0%,1.71,-46.2%,67.6,39.5,,-6.7%,-7.7%,-21.8%
VOW,Extended,Auto / Truck Supply Chain,Consumer Discretionary,Automobiles & Components,Adj,Dec,EPS,CY2025,20.967,10.826,-48.4%,11.172,+3.2%,11.133,-0.3%,91.45,8.2,-46.9%,-13.0%,-11.2%,-6.9%
VOW,Extended,Auto / Truck Supply Chain,Consumer Discretionary,Automobiles & Components,Adj,Dec,EPS,CY2026,25.805,21.627,-16.2%,21.939,+1.4%,18.983,-13.5%,91.45,4.8,-26.4%,-13.0%,-11.2%,-6.9%
VOW,Extended,Auto / Truck Supply Chain,Consumer Discretionary,Automobiles & Components,Adj,Dec,EPS,CY2027,30.422,26.154,-14.0%,26.923,+2.9%,23.202,-13.8%,91.45,3.9,-23.7%,-13.0%,-11.2%,-6.9%
VOW,Extended,Auto / Truck Supply Chain,Consumer Discretionary,Automobiles & Components,Adj,Dec,EPS,CY2028,34.266,26.874,-21.6%,31.087,+15.7%,27.409,-11.8%,91.45,3.3,-20.0%,-13.0%,-11.2%,-6.9%
BMW,Extended,Auto / Truck Supply Chain,Consumer Discretionary,Automobiles & Components,Adj,Dec,EPS,CY2025,10.635,10.568,-0.6%,10.647,+0.7%,10.683,+0.3%,74.48,7.0,+0.5%,-20.0%,-17.5%,-4.7%
BMW,Extended,Auto / Truck Supply Chain,Consumer Discretionary,Automobiles & Components,Adj,Dec,EPS,CY2026,11.885,11.346,-4.5%,11.09,-2.3%,10.428,-6.0%,74.48,7.1,-12.3%,-20.0%,-17.5%,-4.7%
BMW,Extended,Auto / Truck Supply Chain,Consumer Discretionary,Automobiles & Components,Adj,Dec,EPS,CY2027,13.234,12.868,-2.8%,12.786,-0.6%,12.109,-5.3%,74.48,6.2,-8.5%,-20.0%,-17.5%,-4.7%
BMW,Extended,Auto / Truck Supply Chain,Consumer Discretionary,Automobiles & Components,Adj,Dec,EPS,CY2028,14.076,14.455,+2.7%,14.388,-0.5%,13.579,-5.6%,74.48,5.5,-3.5%,-20.0%,-17.5%,-4.7%
005380,Extended,Auto / Truck Supply Chain,Consumer Discretionary,Automobiles & Components,GAAP,Dec,EPS,CY2025,49516.473,44403.629,-10.3%,45332.066,+2.1%,45332.066,+0.0%,655000.0,14.4,-8.5%,+120.5%,+24.5%,+264.1%
005380,Extended,Auto / Truck Supply Chain,Consumer Discretionary,Automobiles & Components,GAAP,Dec,EPS,CY2026,49897.819,46875.86,-6.1%,47579.956,+1.5%,45284.505,-4.8%,655000.0,14.5,-9.2%,+120.5%,+24.5%,+264.1%
005380,Extended,Auto / Truck Supply Chain,Consumer Discretionary,Automobiles & Components,GAAP,Dec,EPS,CY2027,50758.724,50046.141,-1.4%,51733.551,+3.4%,49623.623,-4.1%,655000.0,13.2,-2.2%,+120.5%,+24.5%,+264.1%
005380,Extended,Auto / Truck Supply Chain,Consumer Discretionary,Automobiles & Components,GAAP,Dec,EPS,CY2028,,75007.0,,57052.554,-23.9%,53152.452,-6.8%,655000.0,12.3,,+120.5%,+24.5%,+264.1%
ECL,Extended,Recurring services,Materials,Materials,Adj,Dec,EPS,CY2025,7.503,7.529,+0.3%,7.523,-0.1%,7.523,+0.0%,253.32,33.7,+0.3%,-3.5%,-16.7%,-2.4%
ECL,Extended,Recurring services,Materials,Materials,Adj,Dec,EPS,CY2026,8.445,8.485,+0.5%,8.52,+0.4%,8.299,-2.6%,253.32,30.5,-1.7%,-3.5%,-16.7%,-2.4%
ECL,Extended,Recurring services,Materials,Materials,Adj,Dec,EPS,CY2027,9.607,9.618,+0.1%,9.724,+1.1%,9.486,-2.4%,253.32,26.7,-1.3%,-3.5%,-16.7%,-2.4%
ECL,Extended,Recurring services,Materials,Materials,Adj,Dec,EPS,CY2028,10.197,10.432,+2.3%,10.785,+3.4%,10.695,-0.8%,253.32,23.7,+4.9%,-3.5%,-16.7%,-2.4%
CLH,Extended,Recurring services,Industrials,Commercial & Professional Serv,Adj,Dec,EPS,CY2025,7.59,7.266,-4.3%,7.251,-0.2%,7.251,+0.0%,286.92,39.6,-4.5%,+22.4%,+0.8%,+26.0%
CLH,Extended,Recurring services,Industrials,Commercial & Professional Serv,Adj,Dec,EPS,CY2026,9.055,8.019,-11.4%,8.222,+2.5%,8.615,+4.8%,286.92,33.3,-4.9%,+22.4%,+0.8%,+26.0%
CLH,Extended,Recurring services,Industrials,Commercial & Professional Serv,Adj,Dec,EPS,CY2027,11.251,9.174,-18.5%,9.302,+1.4%,9.481,+1.9%,286.92,30.3,-15.7%,+22.4%,+0.8%,+26.0%
CLH,Extended,Recurring services,Industrials,Commercial & Professional Serv,Adj,Dec,EPS,CY2028,12.01,11.16,-7.1%,10.202,-8.6%,10.943,+7.3%,286.92,26.2,-8.9%,+22.4%,+0.8%,+26.0%
PSA,Extended,Recurring services,Real Estate,Equity Real Estate Investment,Adj,Dec,EPS,CY2025,9.914,9.111,-8.1%,8.978,-1.5%,8.978,+0.0%,305.25,34.0,-9.4%,+17.6%,+0.1%,+3.2%
PSA,Extended,Recurring services,Real Estate,Equity Real Estate Investment,Adj,Dec,EPS,CY2026,10.721,10.421,-2.8%,10.136,-2.7%,9.988,-1.5%,305.25,30.6,-6.8%,+17.6%,+0.1%,+3.2%
PSA,Extended,Recurring services,Real Estate,Equity Real Estate Investment,Adj,Dec,EPS,CY2027,11.462,11.005,-4.0%,10.554,-4.1%,10.141,-3.9%,305.25,30.1,-11.5%,+17.6%,+0.1%,+3.2%
PSA,Extended,Recurring services,Real Estate,Equity Real Estate Investment,Adj,Dec,EPS,CY2028,12.332,11.815,-4.2%,11.239,-4.9%,10.703,-4.8%,305.25,28.5,-13.2%,+17.6%,+0.1%,+3.2%
EXR,Extended,Recurring services,Real Estate,Equity Real Estate Investment,Adj,Dec,EPS,CY2025,4.702,4.536,-3.5%,4.535,-0.0%,4.535,+0.0%,143.3,31.6,-3.6%,+10.0%,-6.2%,-1.0%
EXR,Extended,Recurring services,Real Estate,Equity Real Estate Investment,Adj,Dec,EPS,CY2026,4.862,4.933,+1.5%,4.903,-0.6%,4.653,-5.1%,143.3,30.8,-4.3%,+10.0%,-6.2%,-1.0%
EXR,Extended,Recurring services,Real Estate,Equity Real Estate Investment,Adj,Dec,EPS,CY2027,5.151,5.203,+1.0%,5.155,-0.9%,4.876,-5.4%,143.3,29.4,-5.3%,+10.0%,-6.2%,-1.0%
EXR,Extended,Recurring services,Real Estate,Equity Real Estate Investment,Adj,Dec,EPS,CY2028,5.684,5.63,-1.0%,5.58,-0.9%,5.157,-7.6%,143.3,27.8,-9.3%,+10.0%,-6.2%,-1.0%
SCI,Extended,Recurring services,Consumer Discretionary,Consumer Services,Adj,Dec,EPS,CY2025,3.784,3.854,+1.8%,3.852,-0.1%,3.852,+0.0%,77.39,20.1,+1.8%,-0.7%,-2.3%,+1.0%
SCI,Extended,Recurring services,Consumer Discretionary,Consumer Services,Adj,Dec,EPS,CY2026,4.174,4.244,+1.7%,4.207,-0.9%,4.127,-1.9%,77.39,18.8,-1.1%,-0.7%,-2.3%,+1.0%
SCI,Extended,Recurring services,Consumer Discretionary,Consumer Services,Adj,Dec,EPS,CY2027,4.78,4.675,-2.2%,4.64,-0.7%,4.555,-1.8%,77.39,17.0,-4.7%,-0.7%,-2.3%,+1.0%
SCI,Extended,Recurring services,Consumer Discretionary,Consumer Services,Adj,Dec,EPS,CY2028,,,,5.21,,5.07,-2.7%,77.39,15.3,,-0.7%,-2.3%,+1.0%
ADT,Extended,Recurring services,Consumer Discretionary,Consumer Services,Adj,Dec,EPS,CY2025,0.835,0.882,+5.6%,0.882,+0.0%,0.882,+0.0%,6.97,7.9,+5.6%,-13.6%,-11.9%,-14.5%
ADT,Extended,Recurring services,Consumer Discretionary,Consumer Services,Adj,Dec,EPS,CY2026,0.94,0.942,+0.2%,0.946,+0.4%,0.913,-3.5%,6.97,7.6,-2.9%,-13.6%,-11.9%,-14.5%
ADT,Extended,Recurring services,Consumer Discretionary,Consumer Services,Adj,Dec,EPS,CY2027,0.99,1.072,+8.3%,1.052,-1.9%,0.968,-8.0%,6.97,7.2,-2.2%,-13.6%,-11.9%,-14.5%
ADT,Extended,Recurring services,Consumer Discretionary,Consumer Services,Adj,Dec,EPS,CY2028,,1.33,,1.33,+0.0%,1.044,-21.5%,6.97,6.7,,-13.6%,-11.9%,-14.5%
IRM,Extended,Recurring services,Real Estate,Equity Real Estate Investment,Adj,Dec,EPS,CY2025,1.843,1.821,-1.2%,1.965,+7.9%,1.965,+0.0%,126.46,64.4,+6.6%,+52.5%,+14.7%,+32.0%
IRM,Extended,Recurring services,Real Estate,Equity Real Estate Investment,Adj,Dec,EPS,CY2026,2.317,2.367,+2.2%,2.36,-0.3%,2.349,-0.5%,126.46,53.8,+1.4%,+52.5%,+14.7%,+32.0%
IRM,Extended,Recurring services,Real Estate,Equity Real Estate Investment,Adj,Dec,EPS,CY2027,2.671,2.71,+1.5%,2.783,+2.7%,2.616,-6.0%,126.46,48.3,-2.1%,+52.5%,+14.7%,+32.0%
IRM,Extended,Recurring services,Real Estate,Equity Real Estate Investment,Adj,Dec,EPS,CY2028,3.495,3.15,-9.9%,3.165,+0.5%,3.241,+2.4%,126.46,39.0,-7.3%,+52.5%,+14.7%,+32.0%
SECUB,Extended,Recurring services,Industrials,Commercial & Professional Serv,Adj,Dec,EPS,CY2025,11.971,12.05,+0.7%,12.154,+0.9%,12.154,+0.0%,155.3,12.8,+1.5%,+5.5%,-1.4%,+9.0%
SECUB,Extended,Recurring services,Industrials,Commercial & Professional Serv,Adj,Dec,EPS,CY2026,13.128,12.922,-1.6%,12.916,-0.0%,13.034,+0.9%,155.3,11.9,-0.7%,+5.5%,-1.4%,+9.0%
SECUB,Extended,Recurring services,Industrials,Commercial & Professional Serv,Adj,Dec,EPS,CY2027,14.243,13.952,-2.0%,13.973,+0.2%,14.049,+0.5%,155.3,11.1,-1.4%,+5.5%,-1.4%,+9.0%
SECUB,Extended,Recurring services,Industrials,Commercial & Professional Serv,Adj,Dec,EPS,CY2028,15.598,15.725,+0.8%,14.947,-4.9%,15.066,+0.8%,155.3,10.3,-3.4%,+5.5%,-1.4%,+9.0%
CTAS,Extended,Recurring services,Industrials,Commercial & Professional Serv,Adj,May,EPS,CY2025,4.388,4.388,+0.0%,4.388,+0.0%,4.388,+0.0%,172.93,39.4,+0.0%,-8.1%,-13.5%,-22.0%
CTAS,Extended,Recurring services,Industrials,Commercial & Professional Serv,Adj,May,EPS,CY2026,4.846,4.869,+0.5%,4.899,+0.6%,4.895,-0.1%,172.93,35.3,+1.0%,-8.1%,-13.5%,-22.0%
CTAS,Extended,Recurring services,Industrials,Commercial & Professional Serv,Adj,May,EPS,CY2027,5.373,5.378,+0.1%,5.445,+1.2%,5.463,+0.3%,172.93,31.7,+1.7%,-8.1%,-13.5%,-22.0%
CTAS,Extended,Recurring services,Industrials,Commercial & Professional Serv,Adj,May,EPS,CY2028,6.085,5.986,-1.6%,5.977,-0.2%,6.033,+0.9%,172.93,28.7,-0.9%,-8.1%,-13.5%,-22.0%
ROL,Extended,Recurring services,Industrials,Commercial & Professional Serv,Adj,Dec,EPS,CY2025,1.098,1.136,+3.5%,1.139,+0.3%,1.139,+0.0%,53.46,46.9,+3.7%,-10.9%,-12.9%,-5.8%
ROL,Extended,Recurring services,Industrials,Commercial & Professional Serv,Adj,Dec,EPS,CY2026,1.245,1.269,+1.9%,1.244,-2.0%,1.235,-0.7%,53.46,43.3,-0.8%,-10.9%,-12.9%,-5.8%
ROL,Extended,Recurring services,Industrials,Commercial & Professional Serv,Adj,Dec,EPS,CY2027,1.383,1.405,+1.6%,1.393,-0.9%,1.387,-0.4%,53.46,38.5,+0.3%,-10.9%,-12.9%,-5.8%
ROL,Extended,Recurring services,Industrials,Commercial & Professional Serv,Adj,Dec,EPS,CY2028,1.498,1.553,+3.7%,1.549,-0.3%,1.791,+15.6%,53.46,29.8,+19.6%,-10.9%,-12.9%,-5.8%
TRUP,Extended,Recurring services,Financials,Insurance,Adj,Dec,EPS,CY2025,1.78,0.45,-74.7%,0.45,+0.0%,0.45,+0.0%,21.98,48.8,-74.7%,-41.2%,-24.4%,-50.2%
TRUP,Extended,Recurring services,Financials,Insurance,Adj,Dec,EPS,CY2026,2.3,0.29,-87.4%,0.455,+56.9%,0.445,-2.2%,21.98,49.4,-80.7%,-41.2%,-24.4%,-50.2%
TRUP,Extended,Recurring services,Financials,Insurance,Adj,Dec,EPS,CY2027,,,,0.86,,0.555,-35.5%,21.98,39.6,,-41.2%,-24.4%,-50.2%
TRUP,Extended,Recurring services,Financials,Insurance,Adj,Dec,EPS,CY2028,,,,,,,,21.98,,,-41.2%,-24.4%,-50.2%
WAT,Extended,Instruments,Health Care,"Pharmaceuticals, Biotechnology",Adj,Dec,EPS,CY2025,12.93,13.115,+1.4%,13.116,+0.0%,13.116,+0.0%,342.37,26.1,+1.4%,-9.9%,+2.7%,-1.7%
WAT,Extended,Instruments,Health Care,"Pharmaceuticals, Biotechnology",Adj,Dec,EPS,CY2026,14.21,14.119,-0.6%,14.387,+1.9%,14.511,+0.9%,342.37,23.6,+2.1%,-9.9%,+2.7%,-1.7%
WAT,Extended,Instruments,Health Care,"Pharmaceuticals, Biotechnology",Adj,Dec,EPS,CY2027,15.761,15.659,-0.6%,16.273,+3.9%,16.439,+1.0%,342.37,20.8,+4.3%,-9.9%,+2.7%,-1.7%
WAT,Extended,Instruments,Health Care,"Pharmaceuticals, Biotechnology",Adj,Dec,EPS,CY2028,17.675,17.16,-2.9%,18.081,+5.4%,18.321,+1.3%,342.37,18.7,+3.7%,-9.9%,+2.7%,-1.7%
QGEN,Extended,Instruments,Health Care,"Pharmaceuticals, Biotechnology",Adj,Dec,EPS,CY2025,2.432,2.49,+2.4%,2.434,-2.2%,2.434,+0.0%,35.17,14.4,+0.1%,-21.9%,-27.6%,-17.0%
QGEN,Extended,Instruments,Health Care,"Pharmaceuticals, Biotechnology",Adj,Dec,EPS,CY2026,2.632,2.66,+1.1%,2.535,-4.7%,2.438,-3.8%,35.17,14.4,-7.4%,-21.9%,-27.6%,-17.0%
QGEN,Extended,Instruments,Health Care,"Pharmaceuticals, Biotechnology",Adj,Dec,EPS,CY2027,2.897,2.928,+1.1%,2.781,-5.0%,2.689,-3.3%,35.17,13.1,-7.2%,-21.9%,-27.6%,-17.0%
QGEN,Extended,Instruments,Health Care,"Pharmaceuticals, Biotechnology",Adj,Dec,EPS,CY2028,3.128,3.201,+2.3%,3.052,-4.7%,2.947,-3.4%,35.17,11.9,-5.8%,-21.9%,-27.6%,-17.0%
BRKR,Extended,Instruments,Health Care,"Pharmaceuticals, Biotechnology",Adj,Dec,EPS,CY2025,2.432,1.901,-21.8%,1.884,-0.9%,1.884,+0.0%,45.69,24.3,-22.5%,-3.0%,+19.4%,+25.7%
BRKR,Extended,Instruments,Health Care,"Pharmaceuticals, Biotechnology",Adj,Dec,EPS,CY2026,2.736,2.149,-21.5%,2.121,-1.3%,2.133,+0.6%,45.69,21.4,-22.0%,-3.0%,+19.4%,+25.7%
BRKR,Extended,Instruments,Health Care,"Pharmaceuticals, Biotechnology",Adj,Dec,EPS,CY2027,3.112,2.46,-21.0%,2.428,-1.3%,2.429,+0.0%,45.69,18.8,-21.9%,-3.0%,+19.4%,+25.7%
BRKR,Extended,Instruments,Health Care,"Pharmaceuticals, Biotechnology",Adj,Dec,EPS,CY2028,3.477,2.759,-20.6%,2.755,-0.1%,2.781,+0.9%,45.69,16.4,-20.0%,-3.0%,+19.4%,+25.7%
MTD,Extended,Instruments,Health Care,"Pharmaceuticals, Biotechnology",Adj,Dec,EPS,CY2025,41.515,42.199,+1.6%,42.192,-0.0%,42.192,+0.0%,1103.09,26.1,+1.6%,-20.9%,-19.9%,-2.9%
MTD,Extended,Instruments,Health Care,"Pharmaceuticals, Biotechnology",Adj,Dec,EPS,CY2026,45.991,45.755,-0.5%,46.48,+1.6%,46.664,+0.4%,1103.09,23.6,+1.5%,-20.9%,-19.9%,-2.9%
MTD,Extended,Instruments,Health Care,"Pharmaceuticals, Biotechnology",Adj,Dec,EPS,CY2027,51.755,50.677,-2.1%,51.091,+0.8%,50.634,-0.9%,1103.09,21.8,-2.2%,-20.9%,-19.9%,-2.9%
MTD,Extended,Instruments,Health Care,"Pharmaceuticals, Biotechnology",Adj,Dec,EPS,CY2028,56.89,56.225,-1.2%,56.735,+0.9%,56.757,+0.0%,1103.09,19.4,-0.2%,-20.9%,-19.9%,-2.9%
KEYS,Extended,Instruments,Information Technology,Technology Hardware & Equipmen,Adj,Oct,EPS,CY2025,7.022,7.075,+0.8%,7.075,+0.0%,7.075,+0.0%,346.56,49.0,+0.8%,+70.6%,+42.3%,+114.3%
KEYS,Extended,Instruments,Information Technology,Technology Hardware & Equipmen,Adj,Oct,EPS,CY2026,7.92,7.801,-1.5%,8.113,+4.0%,10.195,+25.7%,346.56,34.0,+28.7%,+70.6%,+42.3%,+114.3%
KEYS,Extended,Instruments,Information Technology,Technology Hardware & Equipmen,Adj,Oct,EPS,CY2027,8.962,8.873,-1.0%,9.298,+4.8%,11.857,+27.5%,346.56,29.2,+32.3%,+70.6%,+42.3%,+114.3%
KEYS,Extended,Instruments,Information Technology,Technology Hardware & Equipmen,Adj,Oct,EPS,CY2028,10.333,9.743,-5.7%,10.253,+5.2%,13.215,+28.9%,346.56,26.2,+27.9%,+70.6%,+42.3%,+114.3%
A,Extended,Instruments,Health Care,"Pharmaceuticals, Biotechnology",Adj,Oct,EPS,CY2025,5.55,5.574,+0.4%,5.574,+0.0%,5.574,+0.0%,114.96,20.6,+0.4%,-15.5%,-6.5%,+4.8%
A,Extended,Instruments,Health Care,"Pharmaceuticals, Biotechnology",Adj,Oct,EPS,CY2026,6.055,6.023,-0.5%,5.937,-1.4%,5.969,+0.5%,114.96,19.3,-1.4%,-15.5%,-6.5%,+4.8%
A,Extended,Instruments,Health Care,"Pharmaceuticals, Biotechnology",Adj,Oct,EPS,CY2027,6.699,6.651,-0.7%,6.543,-1.6%,6.57,+0.4%,114.96,17.5,-1.9%,-15.5%,-6.5%,+4.8%
A,Extended,Instruments,Health Care,"Pharmaceuticals, Biotechnology",Adj,Oct,EPS,CY2028,,7.381,,7.295,-1.2%,7.344,+0.7%,114.96,15.7,,-15.5%,-6.5%,+4.8%
ILMN,Extended,Instruments,Health Care,"Pharmaceuticals, Biotechnology",Adj,Dec,EPS,CY2025,4.231,4.705,+11.2%,4.761,+1.2%,4.761,+0.0%,144.41,30.3,+12.5%,+10.1%,+22.7%,+79.3%
ILMN,Extended,Instruments,Health Care,"Pharmaceuticals, Biotechnology",Adj,Dec,EPS,CY2026,4.687,5.013,+7.0%,5.129,+2.3%,5.227,+1.9%,144.41,27.6,+11.5%,+10.1%,+22.7%,+79.3%
ILMN,Extended,Instruments,Health Care,"Pharmaceuticals, Biotechnology",Adj,Dec,EPS,CY2027,5.421,5.755,+6.2%,5.828,+1.3%,5.938,+1.9%,144.41,24.3,+9.5%,+10.1%,+22.7%,+79.3%
ILMN,Extended,Instruments,Health Care,"Pharmaceuticals, Biotechnology",Adj,Dec,EPS,CY2028,6.141,6.488,+5.7%,6.604,+1.8%,6.791,+2.8%,144.41,21.3,+10.6%,+10.1%,+22.7%,+79.3%
ABBV,Extended,Instruments,Health Care,"Pharmaceuticals, Biotechnology",GAAP,Dec,EPS,CY2025,8.116,5.182,-36.2%,4.258,-17.8%,4.258,+0.0%,215.7,50.7,-47.5%,-5.6%,-4.1%,+18.2%
ABBV,Extended,Instruments,Health Care,"Pharmaceuticals, Biotechnology",GAAP,Dec,EPS,CY2026,9.343,9.819,+5.1%,9.684,-1.4%,8.523,-12.0%,215.7,25.3,-8.8%,-5.6%,-4.1%,+18.2%
ABBV,Extended,Instruments,Health Care,"Pharmaceuticals, Biotechnology",GAAP,Dec,EPS,CY2027,11.006,11.568,+5.1%,11.431,-1.2%,11.319,-1.0%,215.7,19.1,+2.8%,-5.6%,-4.1%,+18.2%
ABBV,Extended,Instruments,Health Care,"Pharmaceuticals, Biotechnology",GAAP,Dec,EPS,CY2028,12.801,13.465,+5.2%,13.513,+0.4%,13.206,-2.3%,215.7,16.3,+3.2%,-5.6%,-4.1%,+18.2%
TGT,Extended,Retailers,Consumer Staples,Consumer Staples Distribution,Adj,Jan,EPS,CY2025,7.707,7.258,-5.8%,7.266,+0.1%,7.263,-0.0%,125.6,17.3,-5.8%,+28.5%,+7.6%,+32.1%
TGT,Extended,Retailers,Consumer Staples,Consumer Staples Distribution,Adj,Jan,EPS,CY2026,8.266,7.682,-7.1%,7.671,-0.1%,8.326,+8.5%,125.6,15.1,+0.7%,+28.5%,+7.6%,+32.1%
TGT,Extended,Retailers,Consumer Staples,Consumer Staples Distribution,Adj,Jan,EPS,CY2027,8.87,8.129,-8.4%,8.119,-0.1%,8.88,+9.4%,125.6,14.1,+0.1%,+28.5%,+7.6%,+32.1%
TGT,Extended,Retailers,Consumer Staples,Consumer Staples Distribution,Adj,Jan,EPS,CY2028,9.978,8.596,-13.9%,8.5,-1.1%,9.54,+12.2%,125.6,13.2,-4.4%,+28.5%,+7.6%,+32.1%
BJ,Extended,Retailers,Consumer Staples,Consumer Staples Distribution,Adj,Jan,EPS,CY2025,4.275,4.344,+1.6%,4.367,+0.5%,4.366,-0.0%,86.64,19.8,+2.1%,-3.8%,-10.1%,-25.3%
BJ,Extended,Retailers,Consumer Staples,Consumer Staples Distribution,Adj,Jan,EPS,CY2026,4.689,4.663,-0.6%,4.654,-0.2%,4.543,-2.4%,86.64,19.1,-3.1%,-3.8%,-10.1%,-25.3%
BJ,Extended,Retailers,Consumer Staples,Consumer Staples Distribution,Adj,Jan,EPS,CY2027,5.119,5.089,-0.6%,5.031,-1.1%,4.914,-2.3%,86.64,17.6,-4.0%,-3.8%,-10.1%,-25.3%
BJ,Extended,Retailers,Consumer Staples,Consumer Staples Distribution,Adj,Jan,EPS,CY2028,5.713,5.625,-1.5%,5.59,-0.6%,5.347,-4.3%,86.64,16.2,-6.4%,-3.8%,-10.1%,-25.3%
KSS,Extended,Retailers,Consumer Discretionary,Consumer Discretionary Distrib,Adj,Jan,EPS,CY2025,0.446,0.716,+60.5%,1.389,+94.0%,1.386,-0.2%,13.06,9.4,+210.8%,-36.0%,-30.5%,+61.0%
KSS,Extended,Retailers,Consumer Discretionary,Consumer Discretionary Distrib,Adj,Jan,EPS,CY2026,0.517,0.713,+37.9%,1.382,+93.8%,1.344,-2.7%,13.06,9.7,+160.0%,-36.0%,-30.5%,+61.0%
KSS,Extended,Retailers,Consumer Discretionary,Consumer Discretionary Distrib,Adj,Jan,EPS,CY2027,0.756,0.789,+4.4%,1.488,+88.6%,1.426,-4.2%,13.06,9.2,+88.6%,-36.0%,-30.5%,+61.0%
KSS,Extended,Retailers,Consumer Discretionary,Consumer Discretionary Distrib,Adj,Jan,EPS,CY2028,1.85,1.9,+2.7%,2.215,+16.6%,1.534,-30.7%,13.06,8.5,-17.1%,-36.0%,-30.5%,+61.0%
TJX,Extended,Retailers,Consumer Discretionary,Consumer Discretionary Distrib,Adj,Jan,EPS,CY2025,4.49,4.639,+3.3%,4.678,+0.8%,4.678,+0.0%,158.27,33.8,+4.2%,+3.0%,+0.0%,+22.1%
TJX,Extended,Retailers,Consumer Discretionary,Consumer Discretionary Distrib,Adj,Jan,EPS,CY2026,4.957,5.146,+3.8%,5.194,+0.9%,5.241,+0.9%,158.27,30.2,+5.7%,+3.0%,+0.0%,+22.1%
TJX,Extended,Retailers,Consumer Discretionary,Consumer Discretionary Distrib,Adj,Jan,EPS,CY2027,5.435,5.694,+4.8%,5.723,+0.5%,5.771,+0.8%,158.27,27.4,+6.2%,+3.0%,+0.0%,+22.1%
TJX,Extended,Retailers,Consumer Discretionary,Consumer Discretionary Distrib,Adj,Jan,EPS,CY2028,5.753,6.048,+5.1%,6.074,+0.4%,6.237,+2.7%,158.27,25.4,+8.4%,+3.0%,+0.0%,+22.1%
SIG,Extended,Retailers,Consumer Discretionary,Consumer Discretionary Distrib,Adj,Jan,EPS,CY2025,8.309,9.196,+10.7%,9.301,+1.1%,9.486,+2.0%,81.61,8.6,+14.2%,-1.5%,-16.7%,+27.1%
SIG,Extended,Retailers,Consumer Discretionary,Consumer Discretionary Distrib,Adj,Jan,EPS,CY2026,9.123,10.266,+12.5%,10.477,+2.1%,10.45,-0.3%,81.61,7.8,+14.5%,-1.5%,-16.7%,+27.1%
SIG,Extended,Retailers,Consumer Discretionary,Consumer Discretionary Distrib,Adj,Jan,EPS,CY2027,8.957,11.234,+25.4%,11.891,+5.8%,11.876,-0.1%,81.61,6.9,+32.6%,-1.5%,-16.7%,+27.1%
SIG,Extended,Retailers,Consumer Discretionary,Consumer Discretionary Distrib,Adj,Jan,EPS,CY2028,7.74,10.63,+37.3%,11.55,+8.7%,12.874,+11.5%,81.61,6.3,+66.3%,-1.5%,-16.7%,+27.1%
ROST,Extended,Retailers,Consumer Discretionary,Consumer Discretionary Distrib,Adj,Jan,EPS,CY2025,6.328,6.419,+1.4%,6.498,+1.2%,6.512,+0.2%,234.81,36.1,+2.9%,+30.3%,+16.6%,+54.2%
ROST,Extended,Retailers,Consumer Discretionary,Consumer Discretionary Distrib,Adj,Jan,EPS,CY2026,6.847,7.109,+3.8%,7.229,+1.7%,7.748,+7.2%,234.81,30.3,+13.2%,+30.3%,+16.6%,+54.2%
ROST,Extended,Retailers,Consumer Discretionary,Consumer Discretionary Distrib,Adj,Jan,EPS,CY2027,7.501,7.635,+1.8%,7.842,+2.7%,8.553,+9.1%,234.81,27.5,+14.0%,+30.3%,+16.6%,+54.2%
ROST,Extended,Retailers,Consumer Discretionary,Consumer Discretionary Distrib,Adj,Jan,EPS,CY2028,8.7,8.859,+1.8%,8.92,+0.7%,9.316,+4.4%,234.81,25.2,+7.1%,+30.3%,+16.6%,+54.2%
M,Extended,Retailers,Consumer Discretionary,Consumer Discretionary Distrib,Adj,Jan,EPS,CY2025,1.922,1.969,+2.4%,2.238,+13.7%,2.206,-1.4%,20.66,9.4,+14.8%,-6.3%,-7.8%,+73.3%
M,Extended,Retailers,Consumer Discretionary,Consumer Discretionary Distrib,Adj,Jan,EPS,CY2026,1.97,2.029,+3.0%,2.269,+11.8%,2.125,-6.3%,20.66,9.7,+7.9%,-6.3%,-7.8%,+73.3%
M,Extended,Retailers,Consumer Discretionary,Consumer Discretionary Distrib,Adj,Jan,EPS,CY2027,2.017,2.006,-0.5%,2.273,+13.3%,2.205,-3.0%,20.66,9.4,+9.3%,-6.3%,-7.8%,+73.3%
M,Extended,Retailers,Consumer Discretionary,Consumer Discretionary Distrib,Adj,Jan,EPS,CY2028,,2.6,,2.5,-3.8%,2.256,-9.8%,20.66,9.2,,-6.3%,-7.8%,+73.3%
DKS,Extended,Retailers,Consumer Discretionary,Consumer Discretionary Distrib,Adj,Jan,EPS,CY2025,14.362,14.48,+0.8%,13.447,-7.1%,13.291,-1.2%,231.24,17.4,-7.5%,+16.8%,+12.1%,+34.1%
DKS,Extended,Retailers,Consumer Discretionary,Consumer Discretionary Distrib,Adj,Jan,EPS,CY2026,15.172,15.392,+1.5%,14.817,-3.7%,14.346,-3.2%,231.24,16.1,-5.4%,+16.8%,+12.1%,+34.1%
DKS,Extended,Retailers,Consumer Discretionary,Consumer Discretionary Distrib,Adj,Jan,EPS,CY2027,16.133,16.469,+2.1%,16.541,+0.4%,16.122,-2.5%,231.24,14.3,-0.1%,+16.8%,+12.1%,+34.1%
DKS,Extended,Retailers,Consumer Discretionary,Consumer Discretionary Distrib,Adj,Jan,EPS,CY2028,16.98,18.224,+7.3%,17.548,-3.7%,17.19,-2.0%,231.24,13.5,+1.2%,+16.8%,+12.1%,+34.1%
ZAL,Extended,Retailers,Consumer Discretionary,Consumer Discretionary Distrib,Adj,Dec,EPS,CY2025,1.254,1.147,-8.5%,1.139,-0.7%,1.091,-4.2%,20.84,19.1,-13.0%,-17.8%,+0.7%,-31.9%
ZAL,Extended,Retailers,Consumer Discretionary,Consumer Discretionary Distrib,Adj,Dec,EPS,CY2026,1.568,1.518,-3.2%,1.436,-5.4%,1.288,-10.3%,20.84,16.2,-17.9%,-17.8%,+0.7%,-31.9%
ZAL,Extended,Retailers,Consumer Discretionary,Consumer Discretionary Distrib,Adj,Dec,EPS,CY2027,1.874,1.889,+0.8%,1.795,-5.0%,1.814,+1.1%,20.84,11.5,-3.2%,-17.8%,+0.7%,-31.9%
ZAL,Extended,Retailers,Consumer Discretionary,Consumer Discretionary Distrib,Adj,Dec,EPS,CY2028,2.241,2.349,+4.8%,2.17,-7.6%,2.247,+3.5%,20.84,9.3,+0.3%,-17.8%,+0.7%,-31.9%
CHWY,Extended,Retailers,Consumer Discretionary,Consumer Discretionary Distrib,Adj,Jan,EPS,CY2025,1.224,1.276,+4.2%,1.264,-0.9%,1.267,+0.2%,20.73,16.4,+3.5%,-37.3%,-21.6%,-52.8%
CHWY,Extended,Retailers,Consumer Discretionary,Consumer Discretionary Distrib,Adj,Jan,EPS,CY2026,1.505,1.54,+2.3%,1.52,-1.3%,1.536,+1.1%,20.73,13.5,+2.1%,-37.3%,-21.6%,-52.8%
CHWY,Extended,Retailers,Consumer Discretionary,Consumer Discretionary Distrib,Adj,Jan,EPS,CY2027,1.815,1.853,+2.1%,1.852,-0.1%,1.964,+6.0%,20.73,10.6,+8.2%,-37.3%,-21.6%,-52.8%
CHWY,Extended,Retailers,Consumer Discretionary,Consumer Discretionary Distrib,Adj,Jan,EPS,CY2028,,2.055,,2.231,+8.6%,2.343,+5.0%,20.73,8.8,,-37.3%,-21.6%,-52.8%
SFIX,Extended,Retailers,Consumer Discretionary,Consumer Discretionary Distrib,Adj,Jul,EPS,CY2025,-0.297,-0.254,+14.5%,-0.254,+0.0%,-0.254,+0.0%,3.33,-13.1,+14.5%,-36.6%,-4.3%,-22.4%
SFIX,Extended,Retailers,Consumer Discretionary,Consumer Discretionary Distrib,Adj,Jul,EPS,CY2026,-0.396,-0.243,+38.6%,-0.198,+18.5%,-0.178,+10.1%,3.33,-18.7,+55.1%,-36.6%,-4.3%,-22.4%
SFIX,Extended,Retailers,Consumer Discretionary,Consumer Discretionary Distrib,Adj,Jul,EPS,CY2027,-0.248,-0.063,+74.6%,-0.095,-50.8%,-0.094,+1.1%,3.33,-35.4,+62.1%,-36.6%,-4.3%,-22.4%
SFIX,Extended,Retailers,Consumer Discretionary,Consumer Discretionary Distrib,Adj,Jul,EPS,CY2028,,-0.033,,-0.065,-97.0%,-0.032,+50.8%,3.33,-104.1,,-36.6%,-4.3%,-22.4%
LEVI,Extended,Retailers,Consumer Discretionary,Consumer Durables & Apparel,Adj,Nov,EPS,CY2025,1.228,1.324,+7.8%,1.329,+0.4%,1.329,+0.0%,22.02,16.6,+8.2%,+6.2%,-3.8%,+22.8%
LEVI,Extended,Retailers,Consumer Discretionary,Consumer Durables & Apparel,Adj,Nov,EPS,CY2026,1.357,1.473,+8.5%,1.463,-0.7%,1.501,+2.6%,22.02,14.7,+10.6%,+6.2%,-3.8%,+22.8%
LEVI,Extended,Retailers,Consumer Discretionary,Consumer Durables & Apparel,Adj,Nov,EPS,CY2027,1.487,1.615,+8.6%,1.647,+2.0%,1.679,+1.9%,22.02,13.1,+12.9%,+6.2%,-3.8%,+22.8%
LEVI,Extended,Retailers,Consumer Discretionary,Consumer Durables & Apparel,Adj,Nov,EPS,CY2028,1.64,1.747,+6.5%,1.816,+3.9%,1.9,+4.6%,22.02,11.6,+15.9%,+6.2%,-3.8%,+22.8%
DG,Extended,Retailers,Consumer Staples,Consumer Staples Distribution,Adj,Jan,EPS,CY2025,5.587,6.179,+10.6%,6.565,+6.2%,6.543,-0.3%,105.65,16.1,+17.1%,-20.4%,-29.9%,+5.0%
DG,Extended,Retailers,Consumer Staples,Consumer Staples Distribution,Adj,Jan,EPS,CY2026,6.181,6.725,+8.8%,7.165,+6.5%,7.337,+2.4%,105.65,14.4,+18.7%,-20.4%,-29.9%,+5.0%
DG,Extended,Retailers,Consumer Staples,Consumer Staples Distribution,Adj,Jan,EPS,CY2027,6.924,7.374,+6.5%,7.78,+5.5%,7.93,+1.9%,105.65,13.3,+14.5%,-20.4%,-29.9%,+5.0%
DG,Extended,Retailers,Consumer Staples,Consumer Staples Distribution,Adj,Jan,EPS,CY2028,8.189,8.177,-0.1%,8.418,+2.9%,8.746,+3.9%,105.65,12.1,+6.8%,-20.4%,-29.9%,+5.0%
DLTR,Extended,Retailers,Consumer Staples,Consumer Staples Distribution,Adj,Jan,EPS,CY2025,5.326,5.564,+4.5%,5.828,+4.7%,5.794,-0.6%,94.98,16.4,+8.8%,-22.8%,-29.4%,+5.6%
DLTR,Extended,Retailers,Consumer Staples,Consumer Staples Distribution,Adj,Jan,EPS,CY2026,6.046,6.448,+6.6%,6.71,+4.1%,6.653,-0.8%,94.98,14.3,+10.0%,-22.8%,-29.4%,+5.6%
DLTR,Extended,Retailers,Consumer Staples,Consumer Staples Distribution,Adj,Jan,EPS,CY2027,6.719,7.217,+7.4%,7.462,+3.4%,7.35,-1.5%,94.98,12.9,+9.4%,-22.8%,-29.4%,+5.6%
DLTR,Extended,Retailers,Consumer Staples,Consumer Staples Distribution,Adj,Jan,EPS,CY2028,7.278,7.888,+8.4%,8.148,+3.3%,8.083,-0.8%,94.98,11.8,+11.1%,-22.8%,-29.4%,+5.6%
FIVE,Extended,Retailers,Consumer Discretionary,Consumer Discretionary Distrib,Adj,Jan,EPS,CY2025,4.629,5.147,+11.2%,6.321,+22.8%,6.32,-0.0%,219.5,34.7,+36.5%,+16.5%,-0.3%,+99.5%
FIVE,Extended,Retailers,Consumer Discretionary,Consumer Discretionary Distrib,Adj,Jan,EPS,CY2026,5.02,5.664,+12.8%,6.933,+22.4%,8.318,+20.0%,219.5,26.4,+65.7%,+16.5%,-0.3%,+99.5%
FIVE,Extended,Retailers,Consumer Discretionary,Consumer Discretionary Distrib,Adj,Jan,EPS,CY2027,5.497,6.384,+16.1%,7.721,+20.9%,9.112,+18.0%,219.5,24.1,+65.8%,+16.5%,-0.3%,+99.5%
FIVE,Extended,Retailers,Consumer Discretionary,Consumer Discretionary Distrib,Adj,Jan,EPS,CY2028,4.57,6.41,+40.3%,8.537,+33.2%,10.164,+19.1%,219.5,21.6,+122.4%,+16.5%,-0.3%,+99.5%
BURL,Extended,Retailers,Consumer Discretionary,Consumer Discretionary Distrib,Adj,Jan,EPS,CY2025,9.234,9.555,+3.5%,9.778,+2.3%,9.799,+0.2%,324.51,33.1,+6.1%,+12.3%,+2.9%,+25.2%
BURL,Extended,Retailers,Consumer Discretionary,Consumer Discretionary Distrib,Adj,Jan,EPS,CY2026,11.077,11.188,+1.0%,11.099,-0.8%,11.463,+3.3%,324.51,28.3,+3.5%,+12.3%,+2.9%,+25.2%
BURL,Extended,Retailers,Consumer Discretionary,Consumer Discretionary Distrib,Adj,Jan,EPS,CY2027,13.331,13.345,+0.1%,13.208,-1.0%,13.485,+2.1%,324.51,24.1,+1.2%,+12.3%,+2.9%,+25.2%
BURL,Extended,Retailers,Consumer Discretionary,Consumer Discretionary Distrib,Adj,Jan,EPS,CY2028,16.402,15.954,-2.7%,15.456,-3.1%,15.988,+3.4%,324.51,20.3,-2.5%,+12.3%,+2.9%,+25.2%
BBY,Extended,Retailers,Consumer Discretionary,Consumer Discretionary Distrib,Adj,Jan,EPS,CY2025,6.194,6.216,+0.4%,6.309,+1.5%,6.307,-0.0%,61.63,9.8,+1.8%,-7.9%,-4.4%,-12.9%
BBY,Extended,Retailers,Consumer Discretionary,Consumer Discretionary Distrib,Adj,Jan,EPS,CY2026,6.76,6.7,-0.9%,6.699,-0.0%,6.477,-3.3%,61.63,9.5,-4.2%,-7.9%,-4.4%,-12.9%
BBY,Extended,Retailers,Consumer Discretionary,Consumer Discretionary Distrib,Adj,Jan,EPS,CY2027,7.326,7.39,+0.9%,7.178,-2.9%,6.964,-3.0%,61.63,8.8,-4.9%,-7.9%,-4.4%,-12.9%
BBY,Extended,Retailers,Consumer Discretionary,Consumer Discretionary Distrib,Adj,Jan,EPS,CY2028,7.988,8.237,+3.1%,7.873,-4.4%,7.58,-3.7%,61.63,8.1,-5.1%,-7.9%,-4.4%,-12.9%
HD,Extended,Retailers,Consumer Discretionary,Consumer Discretionary Distrib,GAAP,Jan,EPS,CY2025,14.848,14.401,-3.0%,14.339,-0.4%,14.339,+0.0%,313.07,21.8,-3.4%,-9.0%,-18.1%,-14.5%
HD,Extended,Retailers,Consumer Discretionary,Consumer Discretionary Distrib,GAAP,Jan,EPS,CY2026,16.051,15.381,-4.2%,15.016,-2.4%,14.909,-0.7%,313.07,21.0,-7.1%,-9.0%,-18.1%,-14.5%
HD,Extended,Retailers,Consumer Discretionary,Consumer Discretionary Distrib,GAAP,Jan,EPS,CY2027,17.345,16.825,-3.0%,16.312,-3.0%,15.92,-2.4%,313.07,19.7,-8.2%,-9.0%,-18.1%,-14.5%
HD,Extended,Retailers,Consumer Discretionary,Consumer Discretionary Distrib,GAAP,Jan,EPS,CY2028,18.745,18.176,-3.0%,17.532,-3.5%,17.161,-2.1%,313.07,18.2,-8.5%,-9.0%,-18.1%,-14.5%
LOW,Extended,Retailers,Consumer Discretionary,Consumer Discretionary Distrib,Adj,Jan,EPS,CY2025,12.428,12.265,-1.3%,12.252,-0.1%,12.253,+0.0%,215.03,17.5,-1.4%,-10.8%,-23.3%,-3.9%
LOW,Extended,Retailers,Consumer Discretionary,Consumer Discretionary Distrib,Adj,Jan,EPS,CY2026,13.428,13.087,-2.5%,13.023,-0.5%,12.522,-3.8%,215.03,17.2,-6.7%,-10.8%,-23.3%,-3.9%
LOW,Extended,Retailers,Consumer Discretionary,Consumer Discretionary Distrib,Adj,Jan,EPS,CY2027,14.685,14.207,-3.3%,14.109,-0.7%,13.524,-4.1%,215.03,15.9,-7.9%,-10.8%,-23.3%,-3.9%
LOW,Extended,Retailers,Consumer Discretionary,Consumer Discretionary Distrib,Adj,Jan,EPS,CY2028,16.393,15.74,-4.0%,15.598,-0.9%,14.776,-5.3%,215.03,14.6,-9.9%,-10.8%,-23.3%,-3.9%
SBH,Extended,Retailers,Consumer Discretionary,Consumer Discretionary Distrib,Adj,Sep,EPS,CY2025,1.727,1.828,+5.8%,1.828,+0.0%,1.828,+0.0%,12.61,6.9,+5.8%,-11.6%,-20.6%,+43.0%
SBH,Extended,Retailers,Consumer Discretionary,Consumer Discretionary Distrib,Adj,Sep,EPS,CY2026,1.937,2.06,+6.4%,2.068,+0.4%,2.06,-0.4%,12.61,6.1,+6.4%,-11.6%,-20.6%,+43.0%
SBH,Extended,Retailers,Consumer Discretionary,Consumer Discretionary Distrib,Adj,Sep,EPS,CY2027,2.21,2.23,+0.9%,2.26,+1.3%,2.234,-1.2%,12.61,5.6,+1.1%,-11.6%,-20.6%,+43.0%
SBH,Extended,Retailers,Consumer Discretionary,Consumer Discretionary Distrib,Adj,Sep,EPS,CY2028,,2.69,,2.45,-8.9%,2.46,+0.4%,12.61,5.1,,-11.6%,-20.6%,+43.0%
ULTA,Extended,Retailers,Consumer Discretionary,Consumer Discretionary Distrib,Adj,Jan,EPS,CY2025,22.908,24.627,+7.5%,25.583,+3.9%,25.649,+0.3%,515.04,20.1,+12.0%,-14.9%,-24.6%,+25.5%
ULTA,Extended,Retailers,Consumer Discretionary,Consumer Discretionary Distrib,Adj,Jan,EPS,CY2026,25.412,27.384,+7.8%,28.563,+4.3%,28.538,-0.1%,515.04,18.0,+12.3%,-14.9%,-24.6%,+25.5%
ULTA,Extended,Retailers,Consumer Discretionary,Consumer Discretionary Distrib,Adj,Jan,EPS,CY2027,28.524,30.123,+5.6%,31.486,+4.5%,31.576,+0.3%,515.04,16.3,+10.7%,-14.9%,-24.6%,+25.5%
ULTA,Extended,Retailers,Consumer Discretionary,Consumer Discretionary Distrib,Adj,Jan,EPS,CY2028,31.936,31.673,-0.8%,33.386,+5.4%,34.554,+3.5%,515.04,14.9,+8.2%,-14.9%,-24.6%,+25.5%
TPR,Extended,Luxury / fashion,Consumer Discretionary,Consumer Durables & Apparel,Adj,Jun,EPS,CY2025,5.074,5.093,+0.4%,5.093,+0.0%,5.093,+0.0%,138.49,27.2,+0.4%,+8.4%,-11.8%,+75.3%
TPR,Extended,Luxury / fashion,Consumer Discretionary,Consumer Durables & Apparel,Adj,Jun,EPS,CY2026,5.383,5.561,+3.3%,6.503,+16.9%,6.972,+7.2%,138.49,19.9,+29.5%,+8.4%,-11.8%,+75.3%
TPR,Extended,Luxury / fashion,Consumer Discretionary,Consumer Durables & Apparel,Adj,Jun,EPS,CY2027,5.992,6.191,+3.3%,7.227,+16.7%,7.786,+7.7%,138.49,17.8,+29.9%,+8.4%,-11.8%,+75.3%
TPR,Extended,Luxury / fashion,Consumer Discretionary,Consumer Durables & Apparel,Adj,Jun,EPS,CY2028,6.72,6.983,+3.9%,8.01,+14.7%,8.624,+7.7%,138.49,16.1,+28.3%,+8.4%,-11.8%,+75.3%
CPRI,Extended,Luxury / fashion,Consumer Discretionary,Consumer Durables & Apparel,Adj,Mar,EPS,CY2025,1.061,1.351,+27.3%,1.395,+3.3%,1.399,+0.3%,18.48,13.2,+31.9%,-24.3%,-16.6%,+7.2%
CPRI,Extended,Luxury / fashion,Consumer Discretionary,Consumer Durables & Apparel,Adj,Mar,EPS,CY2026,1.77,1.824,+3.1%,1.86,+2.0%,1.841,-1.0%,18.48,10.0,+4.0%,-24.3%,-16.6%,+7.2%
CPRI,Extended,Luxury / fashion,Consumer Discretionary,Consumer Durables & Apparel,Adj,Mar,EPS,CY2027,2.973,2.28,-23.3%,2.417,+6.0%,2.397,-0.8%,18.48,7.7,-19.4%,-24.3%,-16.6%,+7.2%
CPRI,Extended,Luxury / fashion,Consumer Discretionary,Consumer Durables & Apparel,Adj,Mar,EPS,CY2028,,3.765,,3.16,-16.1%,2.85,-9.8%,18.48,6.5,,-24.3%,-16.6%,+7.2%
FOSL,Extended,Luxury / fashion,Consumer Discretionary,Consumer Durables & Apparel,Adj,Dec,EPS,CY2025,,-6.84,,-3.975,+41.9%,-3.975,+0.0%,4.16,-1.0,,+10.6%,-10.9%,+168.4%
FOSL,Extended,Luxury / fashion,Consumer Discretionary,Consumer Durables & Apparel,Adj,Dec,EPS,CY2026,,-0.3,,-0.085,+71.7%,-0.51,-500.0%,4.16,-8.2,,+10.6%,-10.9%,+168.4%
FOSL,Extended,Luxury / fashion,Consumer Discretionary,Consumer Durables & Apparel,Adj,Dec,EPS,CY2027,,0.25,,0.38,+52.0%,-0.23,-160.5%,4.16,-18.1,,+10.6%,-10.9%,+168.4%
FOSL,Extended,Luxury / fashion,Consumer Discretionary,Consumer Durables & Apparel,Adj,Dec,EPS,CY2028,,0.38,,0.38,+0.0%,0.99,+160.5%,4.16,4.2,,+10.6%,-10.9%,+168.4%
RMS,Extended,Luxury / fashion,Consumer Discretionary,Consumer Durables & Apparel,Adj,Dec,EPS,CY2025,45.321,42.579,-6.1%,42.481,-0.2%,42.481,+0.0%,1605.0,37.8,-6.3%,-24.4%,-24.0%,-34.1%
RMS,Extended,Luxury / fashion,Consumer Discretionary,Consumer Durables & Apparel,Adj,Dec,EPS,CY2026,52.763,48.532,-8.0%,47.155,-2.8%,44.954,-4.7%,1605.0,35.7,-14.8%,-24.4%,-24.0%,-34.1%
RMS,Extended,Luxury / fashion,Consumer Discretionary,Consumer Durables & Apparel,Adj,Dec,EPS,CY2027,59.285,54.124,-8.7%,53.878,-0.5%,51.646,-4.1%,1605.0,31.1,-12.9%,-24.4%,-24.0%,-34.1%
RMS,Extended,Luxury / fashion,Consumer Discretionary,Consumer Durables & Apparel,Adj,Dec,EPS,CY2028,65.062,59.749,-8.2%,59.538,-0.4%,56.731,-4.7%,1605.0,28.3,-12.8%,-24.4%,-24.0%,-34.1%
UHR,Extended,Luxury / fashion,Consumer Discretionary,Consumer Durables & Apparel,Adj,Dec,EPS,CY2025,5.753,2.12,-63.1%,1.93,-9.0%,1.93,+0.0%,199.7,103.5,-66.5%,+18.7%,+0.9%,+35.8%
UHR,Extended,Luxury / fashion,Consumer Discretionary,Consumer Durables & Apparel,Adj,Dec,EPS,CY2026,8.622,4.734,-45.1%,4.53,-4.3%,4.492,-0.8%,199.7,44.5,-47.9%,+18.7%,+0.9%,+35.8%
UHR,Extended,Luxury / fashion,Consumer Discretionary,Consumer Durables & Apparel,Adj,Dec,EPS,CY2027,11.046,7.658,-30.7%,7.565,-1.2%,7.139,-5.6%,199.7,28.0,-35.4%,+18.7%,+0.9%,+35.8%
UHR,Extended,Luxury / fashion,Consumer Discretionary,Consumer Durables & Apparel,Adj,Dec,EPS,CY2028,,10.333,,10.424,+0.9%,9.488,-9.0%,199.7,21.0,,+18.7%,+0.9%,+35.8%
KER,Extended,Luxury / fashion,Consumer Discretionary,Consumer Durables & Apparel,Adj,Dec,EPS,CY2025,7.414,6.26,-15.6%,5.965,-4.7%,5.965,+0.0%,242.0,40.6,-19.5%,-19.6%,-12.9%,+37.9%
KER,Extended,Luxury / fashion,Consumer Discretionary,Consumer Durables & Apparel,Adj,Dec,EPS,CY2026,9.662,8.76,-9.3%,7.397,-15.6%,6.73,-9.0%,242.0,36.0,-30.3%,-19.6%,-12.9%,+37.9%
KER,Extended,Luxury / fashion,Consumer Discretionary,Consumer Durables & Apparel,Adj,Dec,EPS,CY2027,12.166,11.993,-1.4%,10.67,-11.0%,9.946,-6.8%,242.0,24.3,-18.2%,-19.6%,-12.9%,+37.9%
KER,Extended,Luxury / fashion,Consumer Discretionary,Consumer Durables & Apparel,Adj,Dec,EPS,CY2028,16.345,15.21,-6.9%,13.828,-9.1%,13.063,-5.5%,242.0,18.5,-20.1%,-19.6%,-12.9%,+37.9%
CFR,Extended,Luxury / fashion,Consumer Discretionary,Consumer Durables & Apparel,Adj,Mar,EPS,CY2025,6.6,6.061,-8.2%,6.154,+1.5%,6.151,-0.0%,155.75,25.3,-6.8%,-9.5%,-4.0%,-2.8%
CFR,Extended,Luxury / fashion,Consumer Discretionary,Consumer Durables & Apparel,Adj,Mar,EPS,CY2026,7.493,6.908,-7.8%,7.027,+1.7%,6.958,-1.0%,155.75,22.4,-7.1%,-9.5%,-4.0%,-2.8%
CFR,Extended,Luxury / fashion,Consumer Discretionary,Consumer Durables & Apparel,Adj,Mar,EPS,CY2027,8.613,7.871,-8.6%,8.021,+1.9%,7.97,-0.6%,155.75,19.5,-7.5%,-9.5%,-4.0%,-2.8%
CFR,Extended,Luxury / fashion,Consumer Discretionary,Consumer Durables & Apparel,Adj,Mar,EPS,CY2028,9.188,9.146,-0.5%,9.008,-1.5%,8.925,-0.9%,155.75,17.5,-2.9%,-9.5%,-4.0%,-2.8%
DECK,Extended,Apparel,Consumer Discretionary,Consumer Durables & Apparel,Adj,Mar,EPS,CY2025,6.295,6.404,+1.7%,6.879,+7.4%,6.891,+0.2%,106.67,15.5,+9.5%,+2.9%,-10.1%,-15.4%
DECK,Extended,Apparel,Consumer Discretionary,Consumer Durables & Apparel,Adj,Mar,EPS,CY2026,7.033,6.842,-2.7%,7.324,+7.0%,7.457,+1.8%,106.67,14.3,+6.0%,+2.9%,-10.1%,-15.4%
DECK,Extended,Apparel,Consumer Discretionary,Consumer Durables & Apparel,Adj,Mar,EPS,CY2027,7.615,7.608,-0.1%,8.053,+5.8%,8.293,+3.0%,106.67,12.9,+8.9%,+2.9%,-10.1%,-15.4%
DECK,Extended,Apparel,Consumer Discretionary,Consumer Durables & Apparel,Adj,Mar,EPS,CY2028,7.968,8.063,+1.2%,8.616,+6.9%,9.316,+8.1%,106.67,11.5,+16.9%,+2.9%,-10.1%,-15.4%
PVH,Extended,Apparel,Consumer Discretionary,Consumer Durables & Apparel,Adj,Jan,EPS,CY2025,12.447,11.012,-11.5%,10.898,-1.0%,11.054,+1.4%,88.92,8.0,-11.2%,+32.7%,+23.2%,+6.7%
PVH,Extended,Apparel,Consumer Discretionary,Consumer Durables & Apparel,Adj,Jan,EPS,CY2026,14.211,11.966,-15.8%,12.012,+0.4%,12.236,+1.9%,88.92,7.3,-13.9%,+32.7%,+23.2%,+6.7%
PVH,Extended,Apparel,Consumer Discretionary,Consumer Durables & Apparel,Adj,Jan,EPS,CY2027,15.946,13.673,-14.3%,13.588,-0.6%,13.745,+1.2%,88.92,6.5,-13.8%,+32.7%,+23.2%,+6.7%
PVH,Extended,Apparel,Consumer Discretionary,Consumer Durables & Apparel,Adj,Jan,EPS,CY2028,18.02,18.457,+2.4%,17.123,-7.2%,16.373,-4.4%,88.92,5.4,-9.1%,+32.7%,+23.2%,+6.7%
VFC,Extended,Apparel,Consumer Discretionary,Consumer Durables & Apparel,Adj,Mar,EPS,CY2025,0.877,0.712,-18.8%,0.836,+17.4%,0.835,-0.1%,16.7,20.0,-4.8%,-7.6%,-21.3%,+37.3%
VFC,Extended,Apparel,Consumer Discretionary,Consumer Durables & Apparel,Adj,Mar,EPS,CY2026,1.111,1.002,-9.8%,1.043,+4.1%,1.091,+4.6%,16.7,15.3,-1.8%,-7.6%,-21.3%,+37.3%
VFC,Extended,Apparel,Consumer Discretionary,Consumer Durables & Apparel,Adj,Mar,EPS,CY2027,1.574,1.286,-18.3%,1.311,+1.9%,1.362,+3.9%,16.7,12.3,-13.5%,-7.6%,-21.3%,+37.3%
VFC,Extended,Apparel,Consumer Discretionary,Consumer Durables & Apparel,Adj,Mar,EPS,CY2028,1.87,1.625,-13.1%,1.588,-2.3%,1.598,+0.6%,16.7,10.5,-14.5%,-7.6%,-21.3%,+37.3%
KTB,Extended,Apparel,Consumer Discretionary,Consumer Durables & Apparel,Adj,Dec,EPS,CY2025,5.195,5.492,+5.7%,5.496,+0.1%,5.496,+0.0%,69.91,12.7,+5.8%,+14.4%,+0.3%,-1.6%
KTB,Extended,Apparel,Consumer Discretionary,Consumer Durables & Apparel,Adj,Dec,EPS,CY2026,5.57,6.023,+8.1%,5.957,-1.1%,5.369,-9.9%,69.91,13.0,-3.6%,+14.4%,+0.3%,-1.6%
KTB,Extended,Apparel,Consumer Discretionary,Consumer Durables & Apparel,Adj,Dec,EPS,CY2027,6.282,6.721,+7.0%,6.629,-1.4%,6.513,-1.7%,69.91,10.7,+3.7%,+14.4%,+0.3%,-1.6%
KTB,Extended,Apparel,Consumer Discretionary,Consumer Durables & Apparel,Adj,Dec,EPS,CY2028,7.24,7.28,+0.6%,7.235,-0.6%,7.336,+1.4%,69.91,9.5,+1.3%,+14.4%,+0.3%,-1.6%
ONON,Extended,Apparel,Consumer Discretionary,Consumer Durables & Apparel,Adj,Dec,EPS,CY2025,0.955,0.744,-22.1%,0.747,+0.4%,0.749,+0.3%,39.81,53.2,-21.6%,-14.4%,-19.4%,-32.3%
ONON,Extended,Apparel,Consumer Discretionary,Consumer Durables & Apparel,Adj,Dec,EPS,CY2026,1.253,1.291,+3.0%,1.302,+0.9%,1.364,+4.8%,39.81,29.2,+8.9%,-14.4%,-19.4%,-32.3%
ONON,Extended,Apparel,Consumer Discretionary,Consumer Durables & Apparel,Adj,Dec,EPS,CY2027,1.615,1.74,+7.7%,1.695,-2.6%,1.653,-2.5%,39.81,24.1,+2.4%,-14.4%,-19.4%,-32.3%
ONON,Extended,Apparel,Consumer Discretionary,Consumer Durables & Apparel,Adj,Dec,EPS,CY2028,2.183,2.175,-0.4%,2.113,-2.9%,2.031,-3.9%,39.81,19.6,-7.0%,-14.4%,-19.4%,-32.3%
GIL,Extended,Apparel,Consumer Discretionary,Consumer Durables & Apparel,Adj,Dec,EPS,CY2025,3.473,3.463,-0.3%,3.493,+0.9%,3.497,+0.1%,58.18,16.6,+0.7%,-6.9%,-18.7%,+18.9%
GIL,Extended,Apparel,Consumer Discretionary,Consumer Durables & Apparel,Adj,Dec,EPS,CY2026,3.859,4.499,+16.6%,4.523,+0.5%,4.298,-5.0%,58.18,13.5,+11.4%,-6.9%,-18.7%,+18.9%
GIL,Extended,Apparel,Consumer Discretionary,Consumer Durables & Apparel,Adj,Dec,EPS,CY2027,4.27,5.398,+26.4%,5.374,-0.4%,5.388,+0.3%,58.18,10.8,+26.2%,-6.9%,-18.7%,+18.9%
GIL,Extended,Apparel,Consumer Discretionary,Consumer Durables & Apparel,Adj,Dec,EPS,CY2028,4.783,6.308,+31.9%,6.315,+0.1%,6.399,+1.3%,58.18,9.1,+33.8%,-6.9%,-18.7%,+18.9%
CRI,Extended,Apparel,Consumer Discretionary,Consumer Durables & Apparel,Adj,Dec,EPS,CY2025,3.429,2.95,-14.0%,3.248,+10.1%,3.31,+1.9%,37.23,11.2,-3.5%,+14.8%,-16.1%,+15.0%
CRI,Extended,Apparel,Consumer Discretionary,Consumer Durables & Apparel,Adj,Dec,EPS,CY2026,2.803,2.398,-14.4%,2.905,+21.1%,3.207,+10.4%,37.23,11.6,+14.4%,+14.8%,-16.1%,+15.0%
CRI,Extended,Apparel,Consumer Discretionary,Consumer Durables & Apparel,Adj,Dec,EPS,CY2027,2.888,2.683,-7.1%,3.283,+22.4%,3.594,+9.5%,37.23,10.4,+24.4%,+14.8%,-16.1%,+15.0%
CRI,Extended,Apparel,Consumer Discretionary,Consumer Durables & Apparel,Adj,Dec,EPS,CY2028,4.41,2.93,-33.6%,2.95,+0.7%,3.766,+27.7%,37.23,9.9,-14.6%,+14.8%,-16.1%,+15.0%
LULU,Extended,Apparel,Consumer Discretionary,Consumer Durables & Apparel,Adj,Jan,EPS,CY2025,14.934,12.898,-13.6%,13.043,+1.1%,13.04,-0.0%,127.18,9.8,-12.7%,-38.8%,-32.1%,-60.3%
LULU,Extended,Apparel,Consumer Discretionary,Consumer Durables & Apparel,Adj,Jan,EPS,CY2026,16.16,12.842,-20.5%,12.657,-1.4%,12.335,-2.5%,127.18,10.3,-23.7%,-38.8%,-32.1%,-60.3%
LULU,Extended,Apparel,Consumer Discretionary,Consumer Durables & Apparel,Adj,Jan,EPS,CY2027,17.789,13.889,-21.9%,13.714,-1.3%,13.192,-3.8%,127.18,9.6,-25.8%,-38.8%,-32.1%,-60.3%
LULU,Extended,Apparel,Consumer Discretionary,Consumer Durables & Apparel,Adj,Jan,EPS,CY2028,20.58,15.724,-23.6%,15.627,-0.6%,14.491,-7.3%,127.18,8.8,-29.6%,-38.8%,-32.1%,-60.3%
LB,Extended,Apparel,Real Estate,Real Estate Management & Devel,Adj,Dec,EPS,CY2025,2.329,1.558,-33.1%,1.42,-8.9%,1.42,+0.0%,78.63,55.4,-39.0%,+60.5%,+14.8%,+0.7%
LB,Extended,Apparel,Real Estate,Real Estate Management & Devel,Adj,Dec,EPS,CY2026,2.969,2.62,-11.8%,2.489,-5.0%,1.72,-30.9%,78.63,45.7,-42.1%,+60.5%,+14.8%,+0.7%
LB,Extended,Apparel,Real Estate,Real Estate Management & Devel,Adj,Dec,EPS,CY2027,3.72,3.789,+1.9%,3.566,-5.9%,2.963,-16.9%,78.63,26.5,-20.3%,+60.5%,+14.8%,+0.7%
LB,Extended,Apparel,Real Estate,Real Estate Management & Devel,Adj,Dec,EPS,CY2028,8.06,5.665,-29.7%,5.66,-0.1%,4.032,-28.8%,78.63,19.5,-50.0%,+60.5%,+14.8%,+0.7%
RL,Extended,Apparel,Consumer Discretionary,Consumer Durables & Apparel,Adj,Mar,EPS,CY2025,13.712,15.398,+12.3%,16.259,+5.6%,16.323,+0.4%,377.78,23.1,+19.0%,+6.8%,-1.9%,+36.2%
RL,Extended,Apparel,Consumer Discretionary,Consumer Durables & Apparel,Adj,Mar,EPS,CY2026,15.172,16.705,+10.1%,17.924,+7.3%,18.278,+2.0%,377.78,20.7,+20.5%,+6.8%,-1.9%,+36.2%
RL,Extended,Apparel,Consumer Discretionary,Consumer Durables & Apparel,Adj,Mar,EPS,CY2027,16.673,18.731,+12.3%,19.729,+5.3%,20.239,+2.6%,377.78,18.7,+21.4%,+6.8%,-1.9%,+36.2%
RL,Extended,Apparel,Consumer Discretionary,Consumer Durables & Apparel,Adj,Mar,EPS,CY2028,17.626,20.5,+16.3%,21.002,+2.4%,21.656,+3.1%,377.78,17.4,+22.9%,+6.8%,-1.9%,+36.2%
NKE,Extended,Apparel,Consumer Discretionary,Consumer Durables & Apparel,Adj,May,EPS,CY2025,2.155,2.162,+0.3%,2.162,+0.0%,2.162,+0.0%,44.67,20.7,+0.3%,-29.9%,-31.7%,-27.2%
NKE,Extended,Apparel,Consumer Discretionary,Consumer Durables & Apparel,Adj,May,EPS,CY2026,1.951,1.679,-13.9%,1.562,-7.0%,1.498,-4.1%,44.67,29.8,-23.2%,-29.9%,-31.7%,-27.2%
NKE,Extended,Apparel,Consumer Discretionary,Consumer Durables & Apparel,Adj,May,EPS,CY2027,2.555,2.511,-1.7%,2.361,-6.0%,1.851,-21.6%,44.67,24.1,-27.6%,-29.9%,-31.7%,-27.2%
NKE,Extended,Apparel,Consumer Discretionary,Consumer Durables & Apparel,Adj,May,EPS,CY2028,3.327,3.05,-8.3%,2.853,-6.5%,2.428,-14.9%,44.67,18.4,-27.0%,-29.9%,-31.7%,-27.2%
AS,Extended,Apparel,Consumer Discretionary,Consumer Durables & Apparel,Adj,Dec,EPS,CY2025,0.731,0.91,+24.5%,0.932,+2.4%,0.931,-0.1%,35.26,37.9,+27.4%,-5.6%,-16.0%,-5.9%
AS,Extended,Apparel,Consumer Discretionary,Consumer Durables & Apparel,Adj,Dec,EPS,CY2026,0.965,1.166,+20.8%,1.179,+1.1%,1.219,+3.4%,35.26,28.9,+26.3%,-5.6%,-16.0%,-5.9%
AS,Extended,Apparel,Consumer Discretionary,Consumer Durables & Apparel,Adj,Dec,EPS,CY2027,1.21,1.473,+21.7%,1.495,+1.5%,1.534,+2.6%,35.26,23.0,+26.8%,-5.6%,-16.0%,-5.9%
AS,Extended,Apparel,Consumer Discretionary,Consumer Durables & Apparel,Adj,Dec,EPS,CY2028,1.493,1.817,+21.7%,1.772,-2.5%,1.898,+7.1%,35.26,18.6,+27.1%,-5.6%,-16.0%,-5.9%
GOOS,Extended,Apparel,Consumer Discretionary,Consumer Durables & Apparel,Adj,Mar,EPS,CY2025,1.058,0.964,-8.9%,0.797,-17.3%,0.8,+0.4%,9.81,12.3,-24.4%,-24.2%,-21.2%,-14.0%
GOOS,Extended,Apparel,Consumer Discretionary,Consumer Durables & Apparel,Adj,Mar,EPS,CY2026,1.214,1.143,-5.8%,1.002,-12.3%,1.002,+0.0%,9.81,9.8,-17.5%,-24.2%,-21.2%,-14.0%
GOOS,Extended,Apparel,Consumer Discretionary,Consumer Durables & Apparel,Adj,Mar,EPS,CY2027,1.288,1.296,+0.6%,1.193,-7.9%,1.162,-2.6%,9.81,8.4,-9.8%,-24.2%,-21.2%,-14.0%
GOOS,Extended,Apparel,Consumer Discretionary,Consumer Durables & Apparel,Adj,Mar,EPS,CY2028,1.49,2.17,+45.6%,2.11,-2.8%,1.07,-49.3%,9.81,9.2,-28.2%,-24.2%,-21.2%,-14.0%
GAP,Extended,Apparel,Consumer Discretionary,Consumer Discretionary Distrib,Adj,Jan,EPS,CY2025,2.355,2.135,-9.3%,2.151,+0.7%,2.155,+0.2%,23.39,10.9,-8.5%,-8.6%,-18.7%,-19.0%
GAP,Extended,Apparel,Consumer Discretionary,Consumer Discretionary Distrib,Adj,Jan,EPS,CY2026,2.508,2.286,-8.9%,2.316,+1.3%,2.333,+0.7%,23.39,10.0,-7.0%,-8.6%,-18.7%,-19.0%
GAP,Extended,Apparel,Consumer Discretionary,Consumer Discretionary Distrib,Adj,Jan,EPS,CY2027,2.599,2.532,-2.6%,2.559,+1.1%,2.606,+1.8%,23.39,9.0,+0.3%,-8.6%,-18.7%,-19.0%
GAP,Extended,Apparel,Consumer Discretionary,Consumer Discretionary Distrib,Adj,Jan,EPS,CY2028,2.78,2.895,+4.1%,2.865,-1.0%,2.907,+1.5%,23.39,8.0,+4.6%,-8.6%,-18.7%,-19.0%
CROX,Extended,Apparel,Consumer Discretionary,Consumer Durables & Apparel,Adj,Dec,EPS,CY2025,12.592,12.067,-4.2%,12.14,+0.6%,12.14,+0.0%,110.44,9.1,-3.6%,+29.1%,+10.4%,-0.8%
CROX,Extended,Apparel,Consumer Discretionary,Consumer Durables & Apparel,Adj,Dec,EPS,CY2026,13.109,11.975,-8.7%,13.304,+11.1%,13.648,+2.6%,110.44,8.1,+4.1%,+29.1%,+10.4%,-0.8%
CROX,Extended,Apparel,Consumer Discretionary,Consumer Durables & Apparel,Adj,Dec,EPS,CY2027,13.048,12.109,-7.2%,14.18,+17.1%,14.515,+2.4%,110.44,7.6,+11.2%,+29.1%,+10.4%,-0.8%
CROX,Extended,Apparel,Consumer Discretionary,Consumer Durables & Apparel,Adj,Dec,EPS,CY2028,15.193,12.895,-15.1%,14.537,+12.7%,14.468,-0.5%,110.44,7.6,-4.8%,+29.1%,+10.4%,-0.8%
SN,Extended,Apparel,Consumer Discretionary,Consumer Durables & Apparel,Adj,Dec,EPS,CY2025,4.9,5.125,+4.6%,5.157,+0.6%,5.157,+0.0%,112.03,21.7,+5.2%,+0.1%,-14.2%,+17.5%
SN,Extended,Apparel,Consumer Discretionary,Consumer Durables & Apparel,Adj,Dec,EPS,CY2026,5.617,5.878,+4.6%,6.056,+3.0%,6.133,+1.3%,112.03,18.3,+9.2%,+0.1%,-14.2%,+17.5%
SN,Extended,Apparel,Consumer Discretionary,Consumer Durables & Apparel,Adj,Dec,EPS,CY2027,6.552,6.787,+3.6%,6.929,+2.1%,7.003,+1.1%,112.03,16.0,+6.9%,+0.1%,-14.2%,+17.5%
SN,Extended,Apparel,Consumer Discretionary,Consumer Durables & Apparel,Adj,Dec,EPS,CY2028,7.95,7.69,-3.3%,7.854,+2.1%,7.926,+0.9%,112.03,14.1,-0.3%,+0.1%,-14.2%,+17.5%
ANF,Extended,Apparel,Consumer Discretionary,Consumer Discretionary Distrib,Adj,Jan,EPS,CY2025,10.66,9.695,-9.1%,9.787,+0.9%,9.785,-0.0%,77.26,7.9,-8.2%,-38.6%,-19.9%,+0.7%
ANF,Extended,Apparel,Consumer Discretionary,Consumer Discretionary Distrib,Adj,Jan,EPS,CY2026,10.75,9.961,-7.3%,10.372,+4.1%,10.663,+2.8%,77.26,7.2,-0.8%,-38.6%,-19.9%,+0.7%
ANF,Extended,Apparel,Consumer Discretionary,Consumer Discretionary Distrib,Adj,Jan,EPS,CY2027,10.796,10.111,-6.3%,10.97,+8.5%,11.685,+6.5%,77.26,6.6,+8.2%,-38.6%,-19.9%,+0.7%
ANF,Extended,Apparel,Consumer Discretionary,Consumer Discretionary Distrib,Adj,Jan,EPS,CY2028,,9.17,,10.09,+10.0%,13.16,+30.4%,77.26,5.9,,-38.6%,-19.9%,+0.7%
AEO,Extended,Apparel,Consumer Discretionary,Consumer Discretionary Distrib,Adj,Jan,EPS,CY2025,1.031,1.136,+10.2%,1.382,+21.7%,1.378,-0.3%,16.53,12.0,+33.7%,-37.3%,-34.6%,+52.4%
AEO,Extended,Apparel,Consumer Discretionary,Consumer Discretionary Distrib,Adj,Jan,EPS,CY2026,1.339,1.423,+6.3%,1.689,+18.7%,1.762,+4.3%,16.53,9.4,+31.6%,-37.3%,-34.6%,+52.4%
AEO,Extended,Apparel,Consumer Discretionary,Consumer Discretionary Distrib,Adj,Jan,EPS,CY2027,1.597,1.556,-2.6%,1.879,+20.8%,1.975,+5.1%,16.53,8.4,+23.7%,-37.3%,-34.6%,+52.4%
AEO,Extended,Apparel,Consumer Discretionary,Consumer Discretionary Distrib,Adj,Jan,EPS,CY2028,2.15,1.7,-20.9%,1.96,+15.3%,2.269,+15.8%,16.53,7.3,+5.5%,-37.3%,-34.6%,+52.4%
URBN,Extended,Apparel,Consumer Discretionary,Consumer Discretionary Distrib,Adj,Jan,EPS,CY2025,4.908,5.238,+6.7%,5.274,+0.7%,5.271,-0.1%,73.01,13.9,+7.4%,-3.0%,+6.8%,-0.3%
URBN,Extended,Apparel,Consumer Discretionary,Consumer Discretionary Distrib,Adj,Jan,EPS,CY2026,5.24,5.655,+7.9%,5.778,+2.2%,6.102,+5.6%,73.01,12.0,+16.5%,-3.0%,+6.8%,-0.3%
URBN,Extended,Apparel,Consumer Discretionary,Consumer Discretionary Distrib,Adj,Jan,EPS,CY2027,5.692,6.136,+7.8%,6.349,+3.5%,6.651,+4.8%,73.01,11.0,+16.8%,-3.0%,+6.8%,-0.3%
URBN,Extended,Apparel,Consumer Discretionary,Consumer Discretionary Distrib,Adj,Jan,EPS,CY2028,4.303,5.535,+28.6%,5.835,+5.4%,7.031,+20.5%,73.01,10.4,+63.4%,-3.0%,+6.8%,-0.3%
BALL,Extended,Packaging,Materials,Materials,Adj,Dec,EPS,CY2025,3.54,3.569,+0.8%,3.567,-0.1%,3.567,+0.0%,56.51,15.8,+0.8%,+6.7%,-15.1%,+6.0%
BALL,Extended,Packaging,Materials,Materials,Adj,Dec,EPS,CY2026,3.975,3.996,+0.5%,3.969,-0.7%,3.998,+0.7%,56.51,14.1,+0.6%,+6.7%,-15.1%,+6.0%
BALL,Extended,Packaging,Materials,Materials,Adj,Dec,EPS,CY2027,4.424,4.436,+0.3%,4.518,+1.8%,4.521,+0.1%,56.51,12.5,+2.2%,+6.7%,-15.1%,+6.0%
BALL,Extended,Packaging,Materials,Materials,Adj,Dec,EPS,CY2028,4.92,4.98,+1.2%,5.024,+0.9%,5.0,-0.5%,56.51,11.3,+1.6%,+6.7%,-15.1%,+6.0%
CCK,Extended,Packaging,Materials,Materials,Adj,Dec,EPS,CY2025,7.052,7.763,+10.1%,7.758,-0.1%,7.758,+0.0%,96.71,12.5,+10.0%,-6.1%,-15.8%,-1.4%
CCK,Extended,Packaging,Materials,Materials,Adj,Dec,EPS,CY2026,7.666,8.285,+8.1%,8.125,-1.9%,8.115,-0.1%,96.71,11.9,+5.9%,-6.1%,-15.8%,-1.4%
CCK,Extended,Packaging,Materials,Materials,Adj,Dec,EPS,CY2027,8.315,9.065,+9.0%,8.89,-1.9%,8.734,-1.8%,96.71,11.1,+5.0%,-6.1%,-15.8%,-1.4%
CCK,Extended,Packaging,Materials,Materials,Adj,Dec,EPS,CY2028,8.83,9.84,+11.4%,9.669,-1.7%,9.365,-3.1%,96.71,10.3,+6.1%,-6.1%,-15.8%,-1.4%
SLGN,Extended,Packaging,Materials,Materials,Adj,Dec,EPS,CY2025,4.106,3.746,-8.8%,3.691,-1.5%,3.691,+0.0%,37.91,10.3,-10.1%,-6.1%,-21.7%,-31.0%
SLGN,Extended,Packaging,Materials,Materials,Adj,Dec,EPS,CY2026,4.482,3.94,-12.1%,3.797,-3.6%,3.797,+0.0%,37.91,10.0,-15.3%,-6.1%,-21.7%,-31.0%
SLGN,Extended,Packaging,Materials,Materials,Adj,Dec,EPS,CY2027,4.772,4.294,-10.0%,4.09,-4.8%,4.069,-0.5%,37.91,9.3,-14.7%,-6.1%,-21.7%,-31.0%
SLGN,Extended,Packaging,Materials,Materials,Adj,Dec,EPS,CY2028,4.955,4.78,-3.5%,4.4,-7.9%,4.347,-1.2%,37.91,8.7,-12.3%,-6.1%,-21.7%,-31.0%
OI,Extended,Packaging,Materials,Materials,Adj,Dec,EPS,CY2025,1.376,1.601,+16.4%,1.604,+0.2%,1.604,+0.0%,8.83,5.5,+16.6%,-40.2%,-42.6%,-33.1%
OI,Extended,Packaging,Materials,Materials,Adj,Dec,EPS,CY2026,1.818,1.931,+6.2%,1.801,-6.7%,1.195,-33.6%,8.83,7.4,-34.3%,-40.2%,-42.6%,-33.1%
OI,Extended,Packaging,Materials,Materials,Adj,Dec,EPS,CY2027,2.254,2.366,+5.0%,2.249,-4.9%,1.884,-16.2%,8.83,4.7,-16.4%,-40.2%,-42.6%,-33.1%
OI,Extended,Packaging,Materials,Materials,Adj,Dec,EPS,CY2028,2.81,2.85,+1.4%,2.612,-8.4%,2.45,-6.2%,8.83,3.6,-12.8%,-40.2%,-42.6%,-33.1%
AA,Extended,Packaging,Materials,Materials,Adj,Dec,EPS,CY2025,3.654,3.888,+6.4%,3.992,+2.7%,3.992,+0.0%,71.38,17.9,+9.3%,+34.3%,+18.0%,+155.1%
AA,Extended,Packaging,Materials,Materials,Adj,Dec,EPS,CY2026,2.684,3.222,+20.0%,4.479,+39.0%,6.88,+53.6%,71.38,10.4,+156.3%,+34.3%,+18.0%,+155.1%
AA,Extended,Packaging,Materials,Materials,Adj,Dec,EPS,CY2027,3.733,3.793,+1.6%,5.173,+36.4%,6.655,+28.6%,71.38,10.7,+78.3%,+34.3%,+18.0%,+155.1%
AA,Extended,Packaging,Materials,Materials,Adj,Dec,EPS,CY2028,3.297,3.4,+3.1%,5.604,+64.8%,6.43,+14.7%,71.38,11.1,+95.0%,+34.3%,+18.0%,+155.1%
PKG,Extended,Packaging,Materials,Materials,Adj,Dec,EPS,CY2025,10.232,9.943,-2.8%,9.933,-0.1%,9.933,+0.0%,215.91,21.7,-2.9%,+4.7%,-9.0%,+12.1%
PKG,Extended,Packaging,Materials,Materials,Adj,Dec,EPS,CY2026,11.119,11.463,+3.1%,11.028,-3.8%,10.404,-5.7%,215.91,20.8,-6.4%,+4.7%,-9.0%,+12.1%
PKG,Extended,Packaging,Materials,Materials,Adj,Dec,EPS,CY2027,11.697,12.443,+6.4%,12.59,+1.2%,12.326,-2.1%,215.91,17.5,+5.4%,+4.7%,-9.0%,+12.1%
PKG,Extended,Packaging,Materials,Materials,Adj,Dec,EPS,CY2028,13.08,14.057,+7.5%,14.053,-0.0%,13.286,-5.5%,215.91,16.3,+1.6%,+4.7%,-9.0%,+12.1%
GPK,Extended,Packaging,Materials,Materials,Adj,Dec,EPS,CY2025,2.101,1.887,-10.2%,1.865,-1.2%,1.865,+0.0%,10.17,5.5,-11.2%,-32.5%,-18.8%,-55.0%
GPK,Extended,Packaging,Materials,Materials,Adj,Dec,EPS,CY2026,2.458,1.908,-22.4%,0.906,-52.5%,0.848,-6.4%,10.17,12.0,-65.5%,-32.5%,-18.8%,-55.0%
GPK,Extended,Packaging,Materials,Materials,Adj,Dec,EPS,CY2027,2.573,2.229,-13.4%,1.246,-44.1%,1.171,-6.0%,10.17,8.7,-54.5%,-32.5%,-18.8%,-55.0%
GPK,Extended,Packaging,Materials,Materials,Adj,Dec,EPS,CY2028,3.54,2.53,-28.5%,1.408,-44.3%,1.274,-9.5%,10.17,8.0,-64.0%,-32.5%,-18.8%,-55.0%
SEE,Extended,Packaging,Materials,Materials,Adj,Dec,EPS,CY2025,3.099,3.298,+6.4%,3.298,+0.0%,3.298,+0.0%,42.15,12.8,+6.4%,+1.7%,+0.5%,+30.7%
SEE,Extended,Packaging,Materials,Materials,Adj,Dec,EPS,CY2026,3.314,3.377,+1.9%,3.379,+0.1%,3.26,-3.5%,42.15,12.9,-1.6%,+1.7%,+0.5%,+30.7%
SEE,Extended,Packaging,Materials,Materials,Adj,Dec,EPS,CY2027,3.558,3.624,+1.9%,3.626,+0.1%,3.47,-4.3%,42.15,12.1,-2.5%,+1.7%,+0.5%,+30.7%
SEE,Extended,Packaging,Materials,Materials,Adj,Dec,EPS,CY2028,3.78,3.65,-3.4%,3.783,+3.6%,3.783,+0.0%,42.15,11.1,+0.1%,+1.7%,+0.5%,+30.7%
IP,Extended,Packaging,Materials,Materials,Adj,Dec,EPS,CY2025,2.219,0.31,-86.0%,0.165,-46.8%,0.165,+0.0%,31.29,189.6,-92.6%,-20.6%,-33.2%,-35.7%
IP,Extended,Packaging,Materials,Materials,Adj,Dec,EPS,CY2026,3.375,2.259,-33.1%,1.648,-27.0%,1.375,-16.6%,31.29,22.8,-59.3%,-20.6%,-33.2%,-35.7%
IP,Extended,Packaging,Materials,Materials,Adj,Dec,EPS,CY2027,4.303,3.099,-28.0%,2.937,-5.2%,2.621,-10.8%,31.29,11.9,-39.1%,-20.6%,-33.2%,-35.7%
IP,Extended,Packaging,Materials,Materials,Adj,Dec,EPS,CY2028,4.263,3.3,-22.6%,3.356,+1.7%,3.093,-7.8%,31.29,10.1,-27.4%,-20.6%,-33.2%,-35.7%
MHK,Extended,Housing,Consumer Discretionary,Consumer Durables & Apparel,Adj,Dec,EPS,CY2025,9.137,8.942,-2.1%,8.938,-0.0%,8.938,+0.0%,102.4,11.5,-2.2%,-6.3%,-19.4%,+0.1%
MHK,Extended,Housing,Consumer Discretionary,Consumer Durables & Apparel,Adj,Dec,EPS,CY2026,10.705,10.069,-5.9%,9.676,-3.9%,8.591,-11.2%,102.4,11.9,-19.7%,-6.3%,-19.4%,+0.1%
MHK,Extended,Housing,Consumer Discretionary,Consumer Durables & Apparel,Adj,Dec,EPS,CY2027,12.254,11.734,-4.2%,11.183,-4.7%,9.928,-11.2%,102.4,10.3,-19.0%,-6.3%,-19.4%,+0.1%
MHK,Extended,Housing,Consumer Discretionary,Consumer Durables & Apparel,Adj,Dec,EPS,CY2028,14.23,12.65,-11.1%,12.813,+1.3%,11.521,-10.1%,102.4,8.9,-19.0%,-6.3%,-19.4%,+0.1%
JELD,Extended,Housing,Industrials,Capital Goods,Adj,Dec,EPS,CY2025,-0.418,-0.694,-66.0%,-0.726,-4.6%,-0.726,+0.0%,1.74,-2.4,-73.7%,-29.3%,-19.8%,-49.1%
JELD,Extended,Housing,Industrials,Capital Goods,Adj,Dec,EPS,CY2026,0.243,-0.306,-225.9%,-0.438,-43.1%,-0.69,-57.5%,1.74,-2.5,-384.0%,-29.3%,-19.8%,-49.1%
JELD,Extended,Housing,Industrials,Capital Goods,Adj,Dec,EPS,CY2027,0.935,0.065,-93.0%,-0.088,-235.4%,-0.214,-143.2%,1.74,-8.1,-122.9%,-29.3%,-19.8%,-49.1%
JELD,Extended,Housing,Industrials,Capital Goods,Adj,Dec,EPS,CY2028,,,,0.161,,0.068,-57.8%,1.74,25.6,,-29.3%,-19.8%,-49.1%
AMWD,Extended,Housing,Industrials,Capital Goods,Adj,Apr,EPS,CY2025,6.474,6.474,+0.0%,6.474,+0.0%,6.474,+0.0%,38.9,6.0,+0.0%,-27.8%,-32.2%,-32.0%
AMWD,Extended,Housing,Industrials,Capital Goods,Adj,Apr,EPS,CY2026,6.182,4.78,-22.7%,3.29,-31.2%,2.335,-29.0%,38.9,16.7,-62.2%,-27.8%,-32.2%,-32.0%
AMWD,Extended,Housing,Industrials,Capital Goods,Adj,Apr,EPS,CY2027,7.603,5.69,-25.2%,3.486,-38.7%,1.863,-46.6%,38.9,20.9,-75.5%,-27.8%,-32.2%,-32.0%
AMWD,Extended,Housing,Industrials,Capital Goods,Adj,Apr,EPS,CY2028,,,,2.48,,2.3,-7.3%,38.9,16.9,,-27.8%,-32.2%,-32.0%
MAS,Extended,Housing,Industrials,Capital Goods,Adj,Dec,EPS,CY2025,3.502,3.938,+12.5%,3.933,-0.1%,3.933,+0.0%,67.26,17.1,+12.3%,+6.0%,-10.5%,+7.3%
MAS,Extended,Housing,Industrials,Capital Goods,Adj,Dec,EPS,CY2026,3.998,4.222,+5.6%,4.211,-0.3%,4.267,+1.3%,67.26,15.8,+6.7%,+6.0%,-10.5%,+7.3%
MAS,Extended,Housing,Industrials,Capital Goods,Adj,Dec,EPS,CY2027,4.702,4.7,-0.0%,4.638,-1.3%,4.7,+1.3%,67.26,14.3,-0.0%,+6.0%,-10.5%,+7.3%
MAS,Extended,Housing,Industrials,Capital Goods,Adj,Dec,EPS,CY2028,5.72,5.465,-4.5%,5.16,-5.6%,5.22,+1.2%,67.26,12.9,-8.7%,+6.0%,-10.5%,+7.3%
FBIN,Extended,Housing,Industrials,Capital Goods,Adj,Dec,EPS,CY2025,3.774,3.749,-0.7%,3.74,-0.2%,3.74,+0.0%,37.65,10.1,-0.9%,-24.7%,-30.7%,-25.8%
FBIN,Extended,Housing,Industrials,Capital Goods,Adj,Dec,EPS,CY2026,4.221,4.132,-2.1%,3.554,-14.0%,3.154,-11.3%,37.65,11.9,-25.3%,-24.7%,-30.7%,-25.8%
FBIN,Extended,Housing,Industrials,Capital Goods,Adj,Dec,EPS,CY2027,5.068,4.691,-7.4%,4.01,-14.5%,3.595,-10.3%,37.65,10.5,-29.1%,-24.7%,-30.7%,-25.8%
FBIN,Extended,Housing,Industrials,Capital Goods,Adj,Dec,EPS,CY2028,5.69,5.76,+1.2%,4.75,-17.5%,4.203,-11.5%,37.65,9.0,-26.1%,-24.7%,-30.7%,-25.8%
TOL,Extended,Housing,Consumer Discretionary,Consumer Durables & Apparel,Adj,Oct,EPS,CY2025,13.963,13.806,-1.1%,13.796,-0.1%,13.796,+0.0%,134.33,9.7,-1.2%,-0.7%,-17.1%,+29.0%
TOL,Extended,Housing,Consumer Discretionary,Consumer Durables & Apparel,Adj,Oct,EPS,CY2026,14.358,13.871,-3.4%,12.835,-7.5%,12.834,-0.0%,134.33,10.5,-10.6%,-0.7%,-17.1%,+29.0%
TOL,Extended,Housing,Consumer Discretionary,Consumer Durables & Apparel,Adj,Oct,EPS,CY2027,16.371,15.39,-6.0%,14.185,-7.8%,14.149,-0.3%,134.33,9.5,-13.6%,-0.7%,-17.1%,+29.0%
TOL,Extended,Housing,Consumer Discretionary,Consumer Durables & Apparel,Adj,Oct,EPS,CY2028,19.935,18.197,-8.7%,16.123,-11.4%,16.129,+0.0%,134.33,8.3,-19.1%,-0.7%,-17.1%,+29.0%
KBH,Extended,Housing,Consumer Discretionary,Consumer Durables & Apparel,Adj,Nov,EPS,CY2025,7.103,6.415,-9.7%,6.416,+0.0%,6.416,+0.0%,48.6,7.6,-9.7%,-13.8%,-25.6%,-5.1%
KBH,Extended,Housing,Consumer Discretionary,Consumer Durables & Apparel,Adj,Nov,EPS,CY2026,7.446,6.076,-18.4%,4.259,-29.9%,3.253,-23.6%,48.6,14.9,-56.3%,-13.8%,-25.6%,-5.1%
KBH,Extended,Housing,Consumer Discretionary,Consumer Durables & Apparel,Adj,Nov,EPS,CY2027,,7.201,,5.459,-24.2%,4.542,-16.8%,48.6,10.7,,-13.8%,-25.6%,-5.1%
KBH,Extended,Housing,Consumer Discretionary,Consumer Durables & Apparel,Adj,Nov,EPS,CY2028,,9.91,,7.062,-28.7%,5.878,-16.8%,48.6,8.3,,-13.8%,-25.6%,-5.1%
LEN,Extended,Housing,Consumer Discretionary,Consumer Durables & Apparel,Adj,Nov,EPS,CY2025,9.965,8.367,-16.0%,8.293,-0.9%,8.293,+0.0%,88.86,10.7,-16.8%,-13.6%,-23.7%,-15.6%
LEN,Extended,Housing,Consumer Discretionary,Consumer Durables & Apparel,Adj,Nov,EPS,CY2026,11.678,8.897,-23.8%,6.891,-22.5%,6.208,-9.9%,88.86,14.3,-46.8%,-13.6%,-23.7%,-15.6%
LEN,Extended,Housing,Consumer Discretionary,Consumer Durables & Apparel,Adj,Nov,EPS,CY2027,14.204,10.358,-27.1%,8.584,-17.1%,7.59,-11.6%,88.86,11.7,-46.6%,-13.6%,-23.7%,-15.6%
LEN,Extended,Housing,Consumer Discretionary,Consumer Durables & Apparel,Adj,Nov,EPS,CY2028,17.345,14.073,-18.9%,11.637,-17.3%,9.668,-16.9%,88.86,9.2,-44.3%,-13.6%,-23.7%,-15.6%
LGIH,Extended,Housing,Consumer Discretionary,Consumer Durables & Apparel,Adj,Dec,EPS,CY2025,6.216,3.635,-41.5%,3.333,-8.3%,3.333,+0.0%,46.11,13.8,-46.4%,+7.3%,-16.9%,-10.8%
LGIH,Extended,Housing,Consumer Discretionary,Consumer Durables & Apparel,Adj,Dec,EPS,CY2026,8.79,4.585,-47.8%,2.58,-43.7%,2.795,+8.3%,46.11,16.5,-68.2%,+7.3%,-16.9%,-10.8%
LGIH,Extended,Housing,Consumer Discretionary,Consumer Durables & Apparel,Adj,Dec,EPS,CY2027,,6.763,,3.343,-50.6%,3.738,+11.8%,46.11,12.3,,+7.3%,-16.9%,-10.8%
LGIH,Extended,Housing,Consumer Discretionary,Consumer Durables & Apparel,Adj,Dec,EPS,CY2028,,,,,,,,46.11,,,+7.3%,-16.9%,-10.8%
WMS,Extended,Housing,Industrials,Capital Goods,Adj,Mar,EPS,CY2025,5.622,5.952,+5.9%,6.132,+3.0%,6.142,+0.2%,133.0,21.7,+9.2%,-8.2%,-22.0%,+19.8%
WMS,Extended,Housing,Industrials,Capital Goods,Adj,Mar,EPS,CY2026,6.292,6.433,+2.2%,6.836,+6.3%,6.625,-3.1%,133.0,20.1,+5.3%,-8.2%,-22.0%,+19.8%
WMS,Extended,Housing,Industrials,Capital Goods,Adj,Mar,EPS,CY2027,7.26,7.324,+0.9%,7.66,+4.6%,7.462,-2.6%,133.0,17.8,+2.8%,-8.2%,-22.0%,+19.8%
WMS,Extended,Housing,Industrials,Capital Goods,Adj,Mar,EPS,CY2028,7.88,7.945,+0.8%,8.345,+5.0%,8.363,+0.2%,133.0,15.9,+6.1%,-8.2%,-22.0%,+19.8%
POOL,Extended,Housing,Consumer Discretionary,Consumer Discretionary Distrib,Adj,Dec,EPS,CY2025,11.008,10.886,-1.1%,10.887,+0.0%,10.887,+0.0%,184.64,17.0,-1.1%,-19.3%,-16.7%,-39.2%
POOL,Extended,Housing,Consumer Discretionary,Consumer Discretionary Distrib,Adj,Dec,EPS,CY2026,11.95,11.619,-2.8%,11.171,-3.9%,11.078,-0.8%,184.64,16.7,-7.3%,-19.3%,-16.7%,-39.2%
POOL,Extended,Housing,Consumer Discretionary,Consumer Discretionary Distrib,Adj,Dec,EPS,CY2027,13.232,12.74,-3.7%,12.136,-4.7%,12.017,-1.0%,184.64,15.4,-9.2%,-19.3%,-16.7%,-39.2%
POOL,Extended,Housing,Consumer Discretionary,Consumer Discretionary Distrib,Adj,Dec,EPS,CY2028,15.7,13.653,-13.0%,13.088,-4.1%,13.171,+0.6%,184.64,14.0,-16.1%,-19.3%,-16.7%,-39.2%
ALLE,Extended,Housing,Industrials,Capital Goods,Adj,Dec,EPS,CY2025,7.826,8.183,+4.6%,8.185,+0.0%,8.185,+0.0%,130.43,15.9,+4.6%,-18.1%,-19.6%,-7.9%
ALLE,Extended,Housing,Industrials,Capital Goods,Adj,Dec,EPS,CY2026,8.429,8.893,+5.5%,8.821,-0.8%,8.778,-0.5%,130.43,14.9,+4.1%,-18.1%,-19.6%,-7.9%
ALLE,Extended,Housing,Industrials,Capital Goods,Adj,Dec,EPS,CY2027,9.292,9.684,+4.2%,9.495,-2.0%,9.561,+0.7%,130.43,13.6,+2.9%,-18.1%,-19.6%,-7.9%
ALLE,Extended,Housing,Industrials,Capital Goods,Adj,Dec,EPS,CY2028,10.333,11.117,+7.6%,10.462,-5.9%,10.44,-0.2%,130.43,12.5,+1.0%,-18.1%,-19.6%,-7.9%
FDX,Extended,Transportation,Industrials,Transportation,Adj,May,EPS,CY2025,18.139,17.973,-0.9%,17.973,+0.0%,17.973,+0.0%,394.2,21.9,-0.9%,+36.5%,+1.5%,+80.2%
FDX,Extended,Transportation,Industrials,Transportation,Adj,May,EPS,CY2026,19.974,18.061,-9.6%,18.63,+3.2%,19.705,+5.8%,394.2,20.0,-1.3%,+36.5%,+1.5%,+80.2%
FDX,Extended,Transportation,Industrials,Transportation,Adj,May,EPS,CY2027,22.514,20.786,-7.7%,21.649,+4.2%,22.463,+3.8%,394.2,17.5,-0.2%,+36.5%,+1.5%,+80.2%
FDX,Extended,Transportation,Industrials,Transportation,Adj,May,EPS,CY2028,24.435,23.289,-4.7%,24.234,+4.1%,25.767,+6.3%,394.2,15.3,+5.5%,+36.5%,+1.5%,+80.2%
UPS,Extended,Transportation,Industrials,Transportation,Adj,Dec,EPS,CY2025,7.041,6.862,-2.5%,6.891,+0.4%,6.891,+0.0%,101.02,14.7,-2.1%,+1.8%,-13.5%,+4.2%
UPS,Extended,Transportation,Industrials,Transportation,Adj,Dec,EPS,CY2026,7.95,7.168,-9.8%,7.071,-1.4%,7.101,+0.4%,101.02,14.2,-10.7%,+1.8%,-13.5%,+4.2%
UPS,Extended,Transportation,Industrials,Transportation,Adj,Dec,EPS,CY2027,8.651,7.936,-8.3%,8.0,+0.8%,7.959,-0.5%,101.02,12.7,-8.0%,+1.8%,-13.5%,+4.2%
UPS,Extended,Transportation,Industrials,Transportation,Adj,Dec,EPS,CY2028,9.362,8.615,-8.0%,8.539,-0.9%,8.426,-1.3%,101.02,12.0,-10.0%,+1.8%,-13.5%,+4.2%
XPO,Extended,Transportation,Industrials,Transportation,Adj,Dec,EPS,CY2025,3.645,3.69,+1.2%,3.617,-2.0%,3.617,+0.0%,202.92,56.1,-0.8%,+49.3%,-3.3%,+70.8%
XPO,Extended,Transportation,Industrials,Transportation,Adj,Dec,EPS,CY2026,4.65,4.53,-2.6%,4.453,-1.7%,4.827,+8.4%,202.92,42.0,+3.8%,+49.3%,-3.3%,+70.8%
XPO,Extended,Transportation,Industrials,Transportation,Adj,Dec,EPS,CY2027,5.418,5.628,+3.9%,5.734,+1.9%,5.967,+4.1%,202.92,34.0,+10.1%,+49.3%,-3.3%,+70.8%
XPO,Extended,Transportation,Industrials,Transportation,Adj,Dec,EPS,CY2028,6.757,6.803,+0.7%,7.401,+8.8%,7.301,-1.4%,202.92,27.8,+8.1%,+49.3%,-3.3%,+70.8%
EXPD,Extended,Transportation,Industrials,Transportation,Adj,Dec,EPS,CY2025,5.339,5.876,+10.1%,5.912,+0.6%,5.912,+0.0%,158.48,26.8,+10.7%,+6.4%,+1.4%,+39.4%
EXPD,Extended,Transportation,Industrials,Transportation,Adj,Dec,EPS,CY2026,5.436,5.938,+9.2%,5.994,+0.9%,6.751,+12.6%,158.48,23.5,+24.2%,+6.4%,+1.4%,+39.4%
EXPD,Extended,Transportation,Industrials,Transportation,Adj,Dec,EPS,CY2027,5.841,6.408,+9.7%,6.383,-0.4%,6.841,+7.2%,158.48,23.2,+17.1%,+6.4%,+1.4%,+39.4%
EXPD,Extended,Transportation,Industrials,Transportation,Adj,Dec,EPS,CY2028,6.245,6.523,+4.5%,6.573,+0.8%,7.189,+9.4%,158.48,22.0,+15.1%,+6.4%,+1.4%,+39.4%
CHRW,Extended,Transportation,Industrials,Transportation,Adj,Dec,EPS,CY2025,4.727,4.982,+5.4%,4.981,-0.0%,4.981,+0.0%,174.23,35.0,+5.4%,+8.4%,-8.3%,+80.5%
CHRW,Extended,Transportation,Industrials,Transportation,Adj,Dec,EPS,CY2026,5.422,6.015,+10.9%,6.05,+0.6%,6.182,+2.2%,174.23,28.2,+14.0%,+8.4%,-8.3%,+80.5%
CHRW,Extended,Transportation,Industrials,Transportation,Adj,Dec,EPS,CY2027,5.664,6.839,+20.7%,7.184,+5.0%,7.301,+1.6%,174.23,23.9,+28.9%,+8.4%,-8.3%,+80.5%
CHRW,Extended,Transportation,Industrials,Transportation,Adj,Dec,EPS,CY2028,6.1,6.974,+14.3%,7.925,+13.6%,8.068,+1.8%,174.23,21.6,+32.3%,+8.4%,-8.3%,+80.5%
KNX,Extended,Transportation,Industrials,Transportation,Adj,Dec,EPS,CY2025,1.508,1.326,-12.1%,1.292,-2.6%,1.292,+0.0%,70.12,54.3,-14.3%,+34.1%,+13.6%,+61.2%
KNX,Extended,Transportation,Industrials,Transportation,Adj,Dec,EPS,CY2026,2.5,2.069,-17.2%,1.922,-7.1%,1.868,-2.8%,70.12,37.5,-25.3%,+34.1%,+13.6%,+61.2%
KNX,Extended,Transportation,Industrials,Transportation,Adj,Dec,EPS,CY2027,3.867,3.195,-17.4%,3.001,-6.1%,3.313,+10.4%,70.12,21.2,-14.3%,+34.1%,+13.6%,+61.2%
KNX,Extended,Transportation,Industrials,Transportation,Adj,Dec,EPS,CY2028,4.31,4.11,-4.6%,4.16,+1.2%,4.262,+2.5%,70.12,16.5,-1.1%,+34.1%,+13.6%,+61.2%
JBHT,Extended,Transportation,Industrials,Transportation,Adj,Dec,EPS,CY2025,5.646,5.976,+5.8%,6.03,+0.9%,6.03,+0.0%,258.77,42.9,+6.8%,+33.2%,+12.4%,+86.1%
JBHT,Extended,Transportation,Industrials,Transportation,Adj,Dec,EPS,CY2026,7.012,7.097,+1.2%,7.205,+1.5%,7.348,+2.0%,258.77,35.2,+4.8%,+33.2%,+12.4%,+86.1%
JBHT,Extended,Transportation,Industrials,Transportation,Adj,Dec,EPS,CY2027,8.387,8.339,-0.6%,8.727,+4.7%,9.075,+4.0%,258.77,28.5,+8.2%,+33.2%,+12.4%,+86.1%
JBHT,Extended,Transportation,Industrials,Transportation,Adj,Dec,EPS,CY2028,10.738,9.714,-9.5%,9.723,+0.1%,10.131,+4.2%,258.77,25.5,-5.7%,+33.2%,+12.4%,+86.1%
WERN,Extended,Transportation,Industrials,Transportation,Adj,Dec,EPS,CY2025,0.342,0.085,-75.1%,0.08,-5.9%,0.08,+0.0%,39.79,497.4,-76.6%,+32.6%,+12.3%,+52.1%
WERN,Extended,Transportation,Industrials,Transportation,Adj,Dec,EPS,CY2026,1.319,0.897,-32.0%,0.783,-12.7%,0.912,+16.5%,39.79,43.6,-30.9%,+32.6%,+12.3%,+52.1%
WERN,Extended,Transportation,Industrials,Transportation,Adj,Dec,EPS,CY2027,2.261,1.784,-21.1%,1.781,-0.2%,1.924,+8.0%,39.79,20.7,-14.9%,+32.6%,+12.3%,+52.1%
WERN,Extended,Transportation,Industrials,Transportation,Adj,Dec,EPS,CY2028,2.4,2.935,+22.3%,3.14,+7.0%,2.836,-9.7%,39.79,14.0,+18.2%,+32.6%,+12.3%,+52.1%
NOVOB,Extended,Pharma / Med Devices,Health Care,"Pharmaceuticals, Biotechnology",GAAP,Dec,EPS,CY2025,26.599,23.522,-11.6%,23.284,-1.0%,23.284,+0.0%,289.0,12.4,-12.5%,-11.1%,-4.0%,-35.2%
NOVOB,Extended,Pharma / Med Devices,Health Care,"Pharmaceuticals, Biotechnology",GAAP,Dec,EPS,CY2026,31.556,24.055,-23.8%,20.92,-13.0%,21.29,+1.8%,289.0,13.6,-32.5%,-11.1%,-4.0%,-35.2%
NOVOB,Extended,Pharma / Med Devices,Health Care,"Pharmaceuticals, Biotechnology",GAAP,Dec,EPS,CY2027,35.387,25.722,-27.3%,21.446,-16.6%,20.973,-2.2%,289.0,13.8,-40.7%,-11.1%,-4.0%,-35.2%
NOVOB,Extended,Pharma / Med Devices,Health Care,"Pharmaceuticals, Biotechnology",GAAP,Dec,EPS,CY2028,39.954,28.769,-28.0%,23.747,-17.5%,22.55,-5.0%,289.0,12.8,-43.6%,-11.1%,-4.0%,-35.2%
BIIB,Extended,Pharma / Med Devices,Health Care,"Pharmaceuticals, Biotechnology",Adj,Dec,EPS,CY2025,14.953,14.951,-0.0%,14.874,-0.5%,14.874,+0.0%,193.76,13.0,-0.5%,+10.1%,+0.9%,+53.4%
BIIB,Extended,Pharma / Med Devices,Health Care,"Pharmaceuticals, Biotechnology",Adj,Dec,EPS,CY2026,15.444,15.207,-1.5%,15.701,+3.2%,14.532,-7.4%,193.76,13.3,-5.9%,+10.1%,+0.9%,+53.4%
BIIB,Extended,Pharma / Med Devices,Health Care,"Pharmaceuticals, Biotechnology",Adj,Dec,EPS,CY2027,16.042,15.647,-2.5%,16.153,+3.2%,16.231,+0.5%,193.76,11.9,+1.2%,+10.1%,+0.9%,+53.4%
BIIB,Extended,Pharma / Med Devices,Health Care,"Pharmaceuticals, Biotechnology",Adj,Dec,EPS,CY2028,16.745,16.182,-3.4%,16.89,+4.4%,17.643,+4.5%,193.76,11.0,+5.4%,+10.1%,+0.9%,+53.4%
REGN,Extended,Pharma / Med Devices,Health Care,"Pharmaceuticals, Biotechnology",Adj,Dec,EPS,CY2025,35.057,43.453,+23.9%,43.529,+0.2%,43.529,+0.0%,638.88,14.7,+24.2%,-17.2%,-18.1%,+7.0%
REGN,Extended,Pharma / Med Devices,Health Care,"Pharmaceuticals, Biotechnology",Adj,Dec,EPS,CY2026,39.478,42.839,+8.5%,46.425,+8.4%,46.293,-0.3%,638.88,13.8,+17.3%,-17.2%,-18.1%,+7.0%
REGN,Extended,Pharma / Med Devices,Health Care,"Pharmaceuticals, Biotechnology",Adj,Dec,EPS,CY2027,48.394,50.097,+3.5%,52.15,+4.1%,53.371,+2.3%,638.88,12.0,+10.3%,-17.2%,-18.1%,+7.0%
REGN,Extended,Pharma / Med Devices,Health Care,"Pharmaceuticals, Biotechnology",Adj,Dec,EPS,CY2028,54.339,55.011,+1.2%,59.741,+8.6%,60.837,+1.8%,638.88,10.5,+12.0%,-17.2%,-18.1%,+7.0%
VRTX,Extended,Pharma / Med Devices,Health Care,"Pharmaceuticals, Biotechnology",Adj,Dec,EPS,CY2025,17.882,18.181,+1.7%,18.293,+0.6%,18.293,+0.0%,434.52,23.8,+2.3%,-4.2%,-8.9%,+0.1%
VRTX,Extended,Pharma / Med Devices,Health Care,"Pharmaceuticals, Biotechnology",Adj,Dec,EPS,CY2026,19.838,19.521,-1.6%,19.171,-1.8%,19.054,-0.6%,434.52,22.8,-4.0%,-4.2%,-8.9%,+0.1%
VRTX,Extended,Pharma / Med Devices,Health Care,"Pharmaceuticals, Biotechnology",Adj,Dec,EPS,CY2027,22.331,22.098,-1.0%,21.352,-3.4%,21.182,-0.8%,434.52,20.5,-5.1%,-4.2%,-8.9%,+0.1%
VRTX,Extended,Pharma / Med Devices,Health Care,"Pharmaceuticals, Biotechnology",Adj,Dec,EPS,CY2028,25.091,24.442,-2.6%,23.82,-2.5%,24.371,+2.3%,434.52,17.8,-2.9%,-4.2%,-8.9%,+0.1%
MRK,Extended,Pharma / Med Devices,Health Care,"Pharmaceuticals, Biotechnology",GAAP,Dec,EPS,CY2025,8.237,8.123,-1.4%,8.076,-0.6%,8.076,+0.0%,122.41,15.2,-2.0%,+16.3%,+0.1%,+57.3%
MRK,Extended,Pharma / Med Devices,Health Care,"Pharmaceuticals, Biotechnology",GAAP,Dec,EPS,CY2026,9.07,8.241,-9.1%,4.278,-48.1%,3.372,-21.2%,122.41,36.3,-62.8%,+16.3%,+0.1%,+57.3%
MRK,Extended,Pharma / Med Devices,Health Care,"Pharmaceuticals, Biotechnology",GAAP,Dec,EPS,CY2027,10.027,9.378,-6.5%,8.563,-8.7%,8.316,-2.9%,122.41,14.7,-17.1%,+16.3%,+0.1%,+57.3%
MRK,Extended,Pharma / Med Devices,Health Care,"Pharmaceuticals, Biotechnology",GAAP,Dec,EPS,CY2028,10.006,9.963,-0.4%,9.517,-4.5%,9.275,-2.5%,122.41,13.2,-7.3%,+16.3%,+0.1%,+57.3%
JNJ,Extended,Pharma / Med Devices,Health Care,"Pharmaceuticals, Biotechnology",GAAP,Dec,EPS,CY2025,10.648,10.791,+1.3%,10.726,-0.6%,10.726,+0.0%,234.34,21.8,+0.7%,+13.2%,-3.4%,+53.6%
JNJ,Extended,Pharma / Med Devices,Health Care,"Pharmaceuticals, Biotechnology",GAAP,Dec,EPS,CY2026,10.01,10.399,+3.9%,10.636,+2.3%,10.519,-1.1%,234.34,22.3,+5.1%,+13.2%,-3.4%,+53.6%
JNJ,Extended,Pharma / Med Devices,Health Care,"Pharmaceuticals, Biotechnology",GAAP,Dec,EPS,CY2027,10.58,10.986,+3.8%,11.393,+3.7%,11.426,+0.3%,234.34,20.5,+8.0%,+13.2%,-3.4%,+53.6%
JNJ,Extended,Pharma / Med Devices,Health Care,"Pharmaceuticals, Biotechnology",GAAP,Dec,EPS,CY2028,10.83,11.81,+9.0%,12.166,+3.0%,12.539,+3.1%,234.34,18.7,+15.8%,+13.2%,-3.4%,+53.6%
ABT,Extended,Pharma / Med Devices,Health Care,Health Care Equipment & Servic,Adj,Dec,EPS,CY2025,5.153,5.154,+0.0%,5.152,-0.0%,5.152,+0.0%,87.41,17.0,-0.0%,-30.2%,-22.1%,-33.5%
ABT,Extended,Pharma / Med Devices,Health Care,Health Care Equipment & Servic,Adj,Dec,EPS,CY2026,5.676,5.68,+0.1%,5.68,+0.0%,5.478,-3.6%,87.41,16.0,-3.5%,-30.2%,-22.1%,-33.5%
ABT,Extended,Pharma / Med Devices,Health Care,Health Care Equipment & Servic,Adj,Dec,EPS,CY2027,6.269,6.258,-0.2%,6.244,-0.2%,6.065,-2.9%,87.41,14.4,-3.3%,-30.2%,-22.1%,-33.5%
ABT,Extended,Pharma / Med Devices,Health Care,Health Care Equipment & Servic,Adj,Dec,EPS,CY2028,6.871,6.809,-0.9%,6.8,-0.1%,6.736,-0.9%,87.41,13.0,-2.0%,-30.2%,-22.1%,-33.5%
PFE,Extended,Pharma / Med Devices,Health Care,"Pharmaceuticals, Biotechnology",Adj,Dec,EPS,CY2025,2.995,3.14,+4.8%,3.128,-0.4%,3.128,+0.0%,25.9,8.3,+4.4%,+4.0%,-2.8%,+12.4%
PFE,Extended,Pharma / Med Devices,Health Care,"Pharmaceuticals, Biotechnology",Adj,Dec,EPS,CY2026,3.079,3.097,+0.6%,2.965,-4.3%,2.965,+0.0%,25.9,8.7,-3.7%,+4.0%,-2.8%,+12.4%
PFE,Extended,Pharma / Med Devices,Health Care,"Pharmaceuticals, Biotechnology",Adj,Dec,EPS,CY2027,3.088,3.004,-2.7%,2.841,-5.4%,2.856,+0.5%,25.9,9.1,-7.5%,+4.0%,-2.8%,+12.4%
PFE,Extended,Pharma / Med Devices,Health Care,"Pharmaceuticals, Biotechnology",Adj,Dec,EPS,CY2028,2.797,2.641,-5.6%,2.472,-6.4%,2.444,-1.1%,25.9,10.6,-12.6%,+4.0%,-2.8%,+12.4%
GSK,Extended,Pharma / Med Devices,Health Care,"Pharmaceuticals, Biotechnology",Adj,Dec,EPS,CY2025,3.31,3.351,+1.2%,3.401,+1.5%,3.401,+0.0%,51.38,15.1,+2.7%,+4.8%,-13.7%,+32.0%
GSK,Extended,Pharma / Med Devices,Health Care,"Pharmaceuticals, Biotechnology",Adj,Dec,EPS,CY2026,3.647,3.61,-1.0%,3.562,-1.3%,3.597,+1.0%,51.38,14.3,-1.4%,+4.8%,-13.7%,+32.0%
GSK,Extended,Pharma / Med Devices,Health Care,"Pharmaceuticals, Biotechnology",Adj,Dec,EPS,CY2027,3.938,3.907,-0.8%,3.896,-0.3%,3.871,-0.6%,51.38,13.3,-1.7%,+4.8%,-13.7%,+32.0%
GSK,Extended,Pharma / Med Devices,Health Care,"Pharmaceuticals, Biotechnology",Adj,Dec,EPS,CY2028,4.076,4.156,+2.0%,4.123,-0.8%,4.052,-1.7%,51.38,12.7,-0.6%,+4.8%,-13.7%,+32.0%
BHC,Extended,Pharma / Med Devices,Health Care,"Pharmaceuticals, Biotechnology",Adj,Dec,EPS,CY2025,3.982,3.83,-3.8%,3.843,+0.3%,3.843,+0.0%,5.47,1.4,-3.5%,-21.3%,-10.8%,+21.6%
BHC,Extended,Pharma / Med Devices,Health Care,"Pharmaceuticals, Biotechnology",Adj,Dec,EPS,CY2026,4.38,4.138,-5.5%,4.252,+2.8%,4.285,+0.8%,5.47,1.3,-2.2%,-21.3%,-10.8%,+21.6%
BHC,Extended,Pharma / Med Devices,Health Care,"Pharmaceuticals, Biotechnology",Adj,Dec,EPS,CY2027,4.68,3.738,-20.1%,3.915,+4.7%,4.123,+5.3%,5.47,1.3,-11.9%,-21.3%,-10.8%,+21.6%
BHC,Extended,Pharma / Med Devices,Health Care,"Pharmaceuticals, Biotechnology",Adj,Dec,EPS,CY2028,3.69,3.457,-6.3%,3.168,-8.4%,3.1,-2.1%,5.47,1.8,-16.0%,-21.3%,-10.8%,+21.6%
TEVA,Extended,Pharma / Med Devices,Health Care,"Pharmaceuticals, Biotechnology",Adj,Dec,EPS,CY2025,2.566,2.63,+2.5%,2.607,-0.9%,2.607,+0.0%,34.07,13.1,+1.6%,+9.2%,-0.4%,+101.1%
TEVA,Extended,Pharma / Med Devices,Health Care,"Pharmaceuticals, Biotechnology",Adj,Dec,EPS,CY2026,2.77,2.821,+1.8%,2.684,-4.9%,2.401,-10.5%,34.07,14.2,-13.3%,+9.2%,-0.4%,+101.1%
TEVA,Extended,Pharma / Med Devices,Health Care,"Pharmaceuticals, Biotechnology",Adj,Dec,EPS,CY2027,3.043,3.176,+4.4%,3.07,-3.3%,3.081,+0.4%,34.07,11.1,+1.2%,+9.2%,-0.4%,+101.1%
TEVA,Extended,Pharma / Med Devices,Health Care,"Pharmaceuticals, Biotechnology",Adj,Dec,EPS,CY2028,3.405,3.398,-0.2%,3.443,+1.3%,3.456,+0.4%,34.07,9.9,+1.5%,+9.2%,-0.4%,+101.1%
BMY,Extended,Pharma / Med Devices,Health Care,"Pharmaceuticals, Biotechnology",Adj,Dec,EPS,CY2025,6.852,6.568,-4.1%,6.016,-8.4%,6.016,+0.0%,59.46,9.9,-12.2%,+10.2%,-2.0%,+26.4%
BMY,Extended,Pharma / Med Devices,Health Care,"Pharmaceuticals, Biotechnology",Adj,Dec,EPS,CY2026,6.084,6.005,-1.3%,6.218,+3.5%,6.315,+1.6%,59.46,9.4,+3.8%,+10.2%,-2.0%,+26.4%
BMY,Extended,Pharma / Med Devices,Health Care,"Pharmaceuticals, Biotechnology",Adj,Dec,EPS,CY2027,5.942,5.861,-1.4%,6.087,+3.9%,6.161,+1.2%,59.46,9.7,+3.7%,+10.2%,-2.0%,+26.4%
BMY,Extended,Pharma / Med Devices,Health Care,"Pharmaceuticals, Biotechnology",Adj,Dec,EPS,CY2028,5.566,5.447,-2.1%,5.421,-0.5%,5.403,-0.3%,59.46,11.0,-2.9%,+10.2%,-2.0%,+26.4%
ALGN,Extended,Pharma / Med Devices,Health Care,Health Care Equipment & Servic,Adj,Dec,EPS,CY2025,10.296,10.192,-1.0%,10.185,-0.1%,10.185,+0.0%,163.61,16.1,-1.1%,+4.8%,-13.9%,-5.2%
ALGN,Extended,Pharma / Med Devices,Health Care,Health Care Equipment & Servic,Adj,Dec,EPS,CY2026,11.243,10.91,-3.0%,11.259,+3.2%,11.208,-0.5%,163.61,14.6,-0.3%,+4.8%,-13.9%,-5.2%
ALGN,Extended,Pharma / Med Devices,Health Care,Health Care Equipment & Servic,Adj,Dec,EPS,CY2027,12.448,11.86,-4.7%,12.21,+3.0%,12.19,-0.2%,163.61,13.4,-2.1%,+4.8%,-13.9%,-5.2%
ALGN,Extended,Pharma / Med Devices,Health Care,Health Care Equipment & Servic,Adj,Dec,EPS,CY2028,13.693,12.895,-5.8%,13.321,+3.3%,13.598,+2.1%,163.61,12.0,-0.7%,+4.8%,-13.9%,-5.2%
ZBH,Extended,Pharma / Med Devices,Health Care,Health Care Equipment & Servic,Adj,Dec,EPS,CY2025,7.974,8.171,+2.5%,8.173,+0.0%,8.173,+0.0%,85.5,10.5,+2.5%,-4.9%,-13.4%,-6.7%
ZBH,Extended,Pharma / Med Devices,Health Care,Health Care Equipment & Servic,Adj,Dec,EPS,CY2026,8.332,8.514,+2.2%,8.403,-1.3%,8.48,+0.9%,85.5,10.1,+1.8%,-4.9%,-13.4%,-6.7%
ZBH,Extended,Pharma / Med Devices,Health Care,Health Care Equipment & Servic,Adj,Dec,EPS,CY2027,9.036,9.121,+0.9%,9.001,-1.3%,8.995,-0.1%,85.5,9.5,-0.5%,-4.9%,-13.4%,-6.7%
ZBH,Extended,Pharma / Med Devices,Health Care,Health Care Equipment & Servic,Adj,Dec,EPS,CY2028,9.686,9.735,+0.5%,9.529,-2.1%,9.576,+0.5%,85.5,8.9,-1.1%,-4.9%,-13.4%,-6.7%
XRAY,Extended,Pharma / Med Devices,Health Care,Health Care Equipment & Servic,Adj,Dec,EPS,CY2025,1.893,1.605,-15.2%,1.601,-0.2%,1.601,+0.0%,10.21,6.4,-15.4%,-10.7%,-18.6%,-35.6%
XRAY,Extended,Pharma / Med Devices,Health Care,Health Care Equipment & Servic,Adj,Dec,EPS,CY2026,2.045,1.565,-23.5%,1.477,-5.6%,1.421,-3.8%,10.21,7.2,-30.5%,-10.7%,-18.6%,-35.6%
XRAY,Extended,Pharma / Med Devices,Health Care,Health Care Equipment & Servic,Adj,Dec,EPS,CY2027,2.255,1.771,-21.5%,1.678,-5.3%,1.543,-8.0%,10.21,6.6,-31.6%,-10.7%,-18.6%,-35.6%
XRAY,Extended,Pharma / Med Devices,Health Care,Health Care Equipment & Servic,Adj,Dec,EPS,CY2028,2.46,1.94,-21.1%,1.803,-7.1%,1.706,-5.4%,10.21,6.0,-30.7%,-10.7%,-18.6%,-35.6%
SYK,Extended,Pharma / Med Devices,Health Care,Health Care Equipment & Servic,Adj,Dec,EPS,CY2025,13.351,13.552,+1.5%,13.558,+0.0%,13.558,+0.0%,316.48,23.3,+1.6%,-10.0%,-16.8%,-16.3%
SYK,Extended,Pharma / Med Devices,Health Care,Health Care Equipment & Servic,Adj,Dec,EPS,CY2026,14.814,14.945,+0.9%,15.014,+0.5%,14.976,-0.3%,316.48,21.1,+1.1%,-10.0%,-16.8%,-16.3%
SYK,Extended,Pharma / Med Devices,Health Care,Health Care Equipment & Servic,Adj,Dec,EPS,CY2027,16.571,16.731,+1.0%,16.746,+0.1%,16.718,-0.2%,316.48,18.9,+0.9%,-10.0%,-16.8%,-16.3%
SYK,Extended,Pharma / Med Devices,Health Care,Health Care Equipment & Servic,Adj,Dec,EPS,CY2028,18.033,18.436,+2.2%,18.606,+0.9%,18.578,-0.2%,316.48,17.0,+3.0%,-10.0%,-16.8%,-16.3%
GILD,Extended,Pharma / Med Devices,Health Care,"Pharmaceuticals, Biotechnology",Adj,Dec,EPS,CY2025,7.993,8.177,+2.3%,8.089,-1.1%,8.089,+0.0%,134.36,16.6,+1.2%,+9.5%,-11.3%,+25.9%
GILD,Extended,Pharma / Med Devices,Health Care,"Pharmaceuticals, Biotechnology",Adj,Dec,EPS,CY2026,8.456,8.676,+2.6%,8.68,+0.0%,-0.823,-109.5%,134.36,-163.3,-109.7%,+9.5%,-11.3%,+25.9%
GILD,Extended,Pharma / Med Devices,Health Care,"Pharmaceuticals, Biotechnology",Adj,Dec,EPS,CY2027,9.072,9.317,+2.7%,9.615,+3.2%,9.571,-0.5%,134.36,14.0,+5.5%,+9.5%,-11.3%,+25.9%
GILD,Extended,Pharma / Med Devices,Health Care,"Pharmaceuticals, Biotechnology",Adj,Dec,EPS,CY2028,9.579,10.147,+5.9%,10.515,+3.6%,10.363,-1.4%,134.36,13.0,+8.2%,+9.5%,-11.3%,+25.9%
GRF,Extended,Pharma / Med Devices,Health Care,"Pharmaceuticals, Biotechnology",Adj,Dec,EPS,CY2025,0.834,0.758,-9.1%,0.736,-2.9%,0.736,+0.0%,9.468,12.9,-11.8%,-11.5%,-15.0%,+1.3%
GRF,Extended,Pharma / Med Devices,Health Care,"Pharmaceuticals, Biotechnology",Adj,Dec,EPS,CY2026,1.078,0.932,-13.5%,0.931,-0.1%,0.874,-6.1%,9.468,10.8,-18.9%,-11.5%,-15.0%,+1.3%
GRF,Extended,Pharma / Med Devices,Health Care,"Pharmaceuticals, Biotechnology",Adj,Dec,EPS,CY2027,1.254,1.203,-4.1%,1.188,-1.2%,1.131,-4.8%,9.468,8.4,-9.8%,-11.5%,-15.0%,+1.3%
GRF,Extended,Pharma / Med Devices,Health Care,"Pharmaceuticals, Biotechnology",Adj,Dec,EPS,CY2028,1.5,1.475,-1.7%,1.373,-6.9%,1.331,-3.1%,9.468,7.1,-11.3%,-11.5%,-15.0%,+1.3%
CSL,Extended,Pharma / Med Devices,Health Care,"Pharmaceuticals, Biotechnology",Adj,Jun,EPS,CY2025,6.497,6.534,+0.6%,6.534,+0.0%,6.534,+0.0%,99.76,15.3,+0.6%,-42.2%,-32.3%,-59.5%
CSL,Extended,Pharma / Med Devices,Health Care,"Pharmaceuticals, Biotechnology",Adj,Jun,EPS,CY2026,7.326,7.008,-4.3%,6.925,-1.2%,6.321,-8.7%,99.76,15.8,-13.7%,-42.2%,-32.3%,-59.5%
CSL,Extended,Pharma / Med Devices,Health Care,"Pharmaceuticals, Biotechnology",Adj,Jun,EPS,CY2027,8.445,7.618,-9.8%,7.45,-2.2%,6.509,-12.6%,99.76,15.3,-22.9%,-42.2%,-32.3%,-59.5%
CSL,Extended,Pharma / Med Devices,Health Care,"Pharmaceuticals, Biotechnology",Adj,Jun,EPS,CY2028,9.46,8.366,-11.6%,8.029,-4.0%,6.906,-14.0%,99.76,14.4,-27.0%,-42.2%,-32.3%,-59.5%
PRGO,Extended,Pharma / Med Devices,Health Care,"Pharmaceuticals, Biotechnology",Adj,Dec,EPS,CY2025,3.01,2.818,-6.4%,2.778,-1.4%,2.773,-0.2%,11.22,4.0,-7.9%,-19.4%,-25.1%,-57.5%
PRGO,Extended,Pharma / Med Devices,Health Care,"Pharmaceuticals, Biotechnology",Adj,Dec,EPS,CY2026,3.258,2.922,-10.3%,2.608,-10.7%,2.098,-19.6%,11.22,5.3,-35.6%,-19.4%,-25.1%,-57.5%
PRGO,Extended,Pharma / Med Devices,Health Care,"Pharmaceuticals, Biotechnology",Adj,Dec,EPS,CY2027,3.494,3.06,-12.4%,2.82,-7.8%,2.378,-15.7%,11.22,4.7,-31.9%,-19.4%,-25.1%,-57.5%
PRGO,Extended,Pharma / Med Devices,Health Care,"Pharmaceuticals, Biotechnology",Adj,Dec,EPS,CY2028,3.76,3.38,-10.1%,2.953,-12.6%,2.647,-10.4%,11.22,4.2,-29.6%,-19.4%,-25.1%,-57.5%
DXCM,Extended,Pharma / Med Devices,Health Care,Health Care Equipment & Servic,Adj,Dec,EPS,CY2025,2.036,2.068,+1.6%,2.07,+0.1%,2.07,+0.0%,72.1,34.8,+1.7%,+8.6%,-1.3%,-15.0%
DXCM,Extended,Pharma / Med Devices,Health Care,Health Care Equipment & Servic,Adj,Dec,EPS,CY2026,2.466,2.463,-0.1%,2.507,+1.8%,2.58,+2.9%,72.1,27.9,+4.6%,+8.6%,-1.3%,-15.0%
DXCM,Extended,Pharma / Med Devices,Health Care,Health Care Equipment & Servic,Adj,Dec,EPS,CY2027,2.992,2.948,-1.5%,3.003,+1.9%,3.051,+1.6%,72.1,23.6,+2.0%,+8.6%,-1.3%,-15.0%
DXCM,Extended,Pharma / Med Devices,Health Care,Health Care Equipment & Servic,Adj,Dec,EPS,CY2028,3.58,3.555,-0.7%,3.55,-0.1%,3.453,-2.7%,72.1,20.9,-3.5%,+8.6%,-1.3%,-15.0%
PODD,Extended,Pharma / Med Devices,Health Care,Health Care Equipment & Servic,Adj,Dec,EPS,CY2025,4.301,4.757,+10.6%,4.77,+0.3%,4.77,+0.0%,154.87,32.5,+10.9%,-45.5%,-36.0%,-51.8%
PODD,Extended,Pharma / Med Devices,Health Care,Health Care Equipment & Servic,Adj,Dec,EPS,CY2026,5.39,6.179,+14.6%,6.297,+1.9%,6.475,+2.8%,154.87,23.9,+20.1%,-45.5%,-36.0%,-51.8%
PODD,Extended,Pharma / Med Devices,Health Care,Health Care Equipment & Servic,Adj,Dec,EPS,CY2027,6.644,7.786,+17.2%,8.018,+3.0%,8.04,+0.3%,154.87,19.3,+21.0%,-45.5%,-36.0%,-51.8%
PODD,Extended,Pharma / Med Devices,Health Care,Health Care Equipment & Servic,Adj,Dec,EPS,CY2028,7.8,9.649,+23.7%,10.015,+3.8%,10.133,+1.2%,154.87,15.3,+29.9%,-45.5%,-36.0%,-51.8%
MASI,Extended,Pharma / Med Devices,Health Care,Health Care Equipment & Servic,Adj,Dec,EPS,CY2025,5.012,5.482,+9.4%,5.33,-2.8%,5.33,+0.0%,178.81,33.5,+6.3%,+37.5%,+2.1%,+19.3%
MASI,Extended,Pharma / Med Devices,Health Care,Health Care Equipment & Servic,Adj,Dec,EPS,CY2026,5.464,5.81,+6.3%,5.874,+1.1%,5.857,-0.3%,178.81,30.5,+7.2%,+37.5%,+2.1%,+19.3%
MASI,Extended,Pharma / Med Devices,Health Care,Health Care Equipment & Servic,Adj,Dec,EPS,CY2027,6.238,6.351,+1.8%,6.496,+2.3%,6.527,+0.5%,178.81,27.4,+4.6%,+37.5%,+2.1%,+19.3%
MASI,Extended,Pharma / Med Devices,Health Care,Health Care Equipment & Servic,Adj,Dec,EPS,CY2028,6.68,6.985,+4.6%,7.93,+13.5%,7.93,+0.0%,178.81,22.5,+18.7%,+37.5%,+2.1%,+19.3%
UTHR,Extended,Pharma / Med Devices,Health Care,"Pharmaceuticals, Biotechnology",Adj,Dec,EPS,CY2025,28.371,28.045,-1.1%,27.958,-0.3%,27.958,+0.0%,568.43,20.3,-1.5%,+16.7%,+20.1%,+84.1%
UTHR,Extended,Pharma / Med Devices,Health Care,"Pharmaceuticals, Biotechnology",Adj,Dec,EPS,CY2026,28.955,29.283,+1.1%,29.389,+0.4%,28.544,-2.9%,568.43,19.9,-1.4%,+16.7%,+20.1%,+84.1%
UTHR,Extended,Pharma / Med Devices,Health Care,"Pharmaceuticals, Biotechnology",Adj,Dec,EPS,CY2027,29.541,30.591,+3.6%,31.534,+3.1%,32.68,+3.6%,568.43,17.4,+10.6%,+16.7%,+20.1%,+84.1%
UTHR,Extended,Pharma / Med Devices,Health Care,"Pharmaceuticals, Biotechnology",Adj,Dec,EPS,CY2028,38.993,39.778,+2.0%,39.786,+0.0%,40.6,+2.0%,568.43,14.0,+4.1%,+16.7%,+20.1%,+84.1%
HOLX,Extended,Pharma / Med Devices,Health Care,Health Care Equipment & Servic,Adj,Sep,EPS,CY2025,4.192,4.239,+1.1%,4.239,+0.0%,4.239,+0.0%,,,+1.1%,,,
HOLX,Extended,Pharma / Med Devices,Health Care,Health Care Equipment & Servic,Adj,Sep,EPS,CY2026,4.518,4.521,+0.1%,4.417,-2.3%,4.473,+1.3%,,,-1.0%,,,
HOLX,Extended,Pharma / Med Devices,Health Care,Health Care Equipment & Servic,Adj,Sep,EPS,CY2027,4.959,4.999,+0.8%,4.825,-3.5%,4.86,+0.7%,,,-2.0%,,,
HOLX,Extended,Pharma / Med Devices,Health Care,Health Care Equipment & Servic,Adj,Sep,EPS,CY2028,5.437,5.402,-0.6%,5.261,-2.6%,5.323,+1.2%,,,-2.1%,,,
MDT,Extended,Pharma / Med Devices,Health Care,Health Care Equipment & Servic,Adj,Apr,EPS,CY2025,5.455,5.455,+0.0%,5.455,+0.0%,5.455,+0.0%,78.6,14.4,+0.0%,-18.2%,-18.9%,-2.9%
MDT,Extended,Pharma / Med Devices,Health Care,Health Care Equipment & Servic,Adj,Apr,EPS,CY2026,5.615,5.663,+0.9%,5.645,-0.3%,5.531,-2.0%,78.6,14.2,-1.5%,-18.2%,-18.9%,-2.9%
MDT,Extended,Pharma / Med Devices,Health Care,Health Care Equipment & Servic,Adj,Apr,EPS,CY2027,6.036,6.096,+1.0%,6.104,+0.1%,6.06,-0.7%,78.6,13.0,+0.4%,-18.2%,-18.9%,-2.9%
MDT,Extended,Pharma / Med Devices,Health Care,Health Care Equipment & Servic,Adj,Apr,EPS,CY2028,6.514,6.525,+0.2%,6.551,+0.4%,6.513,-0.6%,78.6,12.1,-0.0%,-18.2%,-18.9%,-2.9%
COO,Extended,Pharma / Med Devices,Health Care,Health Care Equipment & Servic,Adj,Oct,EPS,CY2025,3.986,4.095,+2.7%,4.095,+0.0%,4.095,+0.0%,62.55,15.3,+2.7%,-23.7%,-25.6%,-21.1%
COO,Extended,Pharma / Med Devices,Health Care,Health Care Equipment & Servic,Adj,Oct,EPS,CY2026,4.43,4.401,-0.7%,4.517,+2.6%,4.613,+2.1%,62.55,13.6,+4.1%,-23.7%,-25.6%,-21.1%
COO,Extended,Pharma / Med Devices,Health Care,Health Care Equipment & Servic,Adj,Oct,EPS,CY2027,,4.812,,4.946,+2.8%,5.019,+1.5%,62.55,12.5,,-23.7%,-25.6%,-21.1%
COO,Extended,Pharma / Med Devices,Health Care,Health Care Equipment & Servic,Adj,Oct,EPS,CY2028,,5.342,,5.42,+1.5%,5.463,+0.8%,62.55,11.4,,-23.7%,-25.6%,-21.1%
ELAN,Extended,Pharma / Med Devices,Health Care,"Pharmaceuticals, Biotechnology",Adj,Dec,EPS,CY2025,0.835,0.927,+11.0%,0.862,-7.0%,0.862,+0.0%,21.73,25.2,+3.2%,-4.0%,-13.0%,+71.5%
ELAN,Extended,Pharma / Med Devices,Health Care,"Pharmaceuticals, Biotechnology",Adj,Dec,EPS,CY2026,0.953,1.031,+8.2%,1.031,+0.0%,1.008,-2.2%,21.73,21.6,+5.8%,-4.0%,-13.0%,+71.5%
ELAN,Extended,Pharma / Med Devices,Health Care,"Pharmaceuticals, Biotechnology",Adj,Dec,EPS,CY2027,1.083,1.158,+6.9%,1.07,-7.6%,1.194,+11.6%,21.73,18.2,+10.2%,-4.0%,-13.0%,+71.5%
ELAN,Extended,Pharma / Med Devices,Health Care,"Pharmaceuticals, Biotechnology",Adj,Dec,EPS,CY2028,1.269,1.343,+5.8%,1.205,-10.3%,1.361,+12.9%,21.73,16.0,+7.2%,-4.0%,-13.0%,+71.5%
XOM,Extended,Energy,Energy,Energy,GAAP,Dec,EPS,CY2025,6.461,6.918,+7.1%,6.913,-0.1%,6.913,+0.0%,154.92,22.4,+7.0%,+28.7%,+5.2%,+50.5%
XOM,Extended,Energy,Energy,Energy,GAAP,Dec,EPS,CY2026,7.618,7.463,-2.0%,6.8,-8.9%,10.724,+57.7%,154.92,14.4,+40.8%,+28.7%,+5.2%,+50.5%
XOM,Extended,Energy,Energy,Energy,GAAP,Dec,EPS,CY2027,9.711,9.044,-6.9%,8.328,-7.9%,10.361,+24.4%,154.92,15.0,+6.7%,+28.7%,+5.2%,+50.5%
XOM,Extended,Energy,Energy,Energy,GAAP,Dec,EPS,CY2028,10.4,9.88,-5.0%,9.827,-0.5%,10.941,+11.3%,154.92,14.2,+5.2%,+28.7%,+5.2%,+50.5%
CVX,Extended,Energy,Energy,Energy,GAAP,Dec,EPS,CY2025,8.036,7.263,-9.6%,7.125,-1.9%,7.125,+0.0%,191.43,26.9,-11.3%,+25.6%,+4.1%,+41.5%
CVX,Extended,Energy,Energy,Energy,GAAP,Dec,EPS,CY2026,9.969,7.893,-20.8%,6.712,-15.0%,14.147,+110.8%,191.43,13.5,+41.9%,+25.6%,+4.1%,+41.5%
CVX,Extended,Energy,Energy,Energy,GAAP,Dec,EPS,CY2027,12.426,10.043,-19.2%,9.185,-8.5%,12.303,+33.9%,191.43,15.6,-1.0%,+25.6%,+4.1%,+41.5%
CVX,Extended,Energy,Energy,Energy,GAAP,Dec,EPS,CY2028,12.62,10.949,-13.2%,10.874,-0.7%,12.946,+19.1%,191.43,14.8,+2.6%,+25.6%,+4.1%,+41.5%
PSX,Extended,Energy,Energy,Energy,Adj,Dec,EPS,CY2025,4.913,6.411,+30.5%,6.149,-4.1%,6.149,+0.0%,177.69,28.9,+25.2%,+37.7%,+14.1%,+57.3%
PSX,Extended,Energy,Energy,Energy,Adj,Dec,EPS,CY2026,10.377,11.947,+15.1%,11.196,-6.3%,16.61,+48.4%,177.69,10.7,+60.1%,+37.7%,+14.1%,+57.3%
PSX,Extended,Energy,Energy,Energy,Adj,Dec,EPS,CY2027,11.775,12.613,+7.1%,12.408,-1.6%,16.394,+32.1%,177.69,10.8,+39.2%,+37.7%,+14.1%,+57.3%
PSX,Extended,Energy,Energy,Energy,Adj,Dec,EPS,CY2028,12.404,14.113,+13.8%,12.783,-9.4%,15.836,+23.9%,177.69,11.2,+27.7%,+37.7%,+14.1%,+57.3%
VLO,Extended,Energy,Energy,Energy,Adj,Dec,EPS,CY2025,6.702,9.614,+43.4%,10.083,+4.9%,10.083,+0.0%,246.96,24.5,+50.4%,+51.7%,+23.0%,+91.9%
VLO,Extended,Energy,Energy,Energy,Adj,Dec,EPS,CY2026,9.843,12.589,+27.9%,12.449,-1.1%,24.98,+100.7%,246.96,9.9,+153.8%,+51.7%,+23.0%,+91.9%
VLO,Extended,Energy,Energy,Energy,Adj,Dec,EPS,CY2027,11.918,13.111,+10.0%,12.635,-3.6%,19.644,+55.5%,246.96,12.6,+64.8%,+51.7%,+23.0%,+91.9%
VLO,Extended,Energy,Energy,Energy,Adj,Dec,EPS,CY2028,13.282,13.967,+5.2%,13.543,-3.0%,18.06,+33.4%,246.96,13.7,+36.0%,+51.7%,+23.0%,+91.9%
MPC,Extended,Energy,Energy,Energy,Adj,Dec,EPS,CY2025,7.951,10.402,+30.8%,9.713,-6.6%,9.713,+0.0%,254.65,26.2,+22.2%,+56.6%,+29.4%,+60.3%
MPC,Extended,Energy,Energy,Energy,Adj,Dec,EPS,CY2026,11.672,14.662,+25.6%,13.155,-10.3%,26.763,+103.4%,254.65,9.5,+129.3%,+56.6%,+29.4%,+60.3%
MPC,Extended,Energy,Energy,Energy,Adj,Dec,EPS,CY2027,13.16,14.342,+9.0%,13.526,-5.7%,21.72,+60.6%,254.65,11.7,+65.0%,+56.6%,+29.4%,+60.3%
MPC,Extended,Energy,Energy,Energy,Adj,Dec,EPS,CY2028,13.774,16.733,+21.5%,13.678,-18.3%,19.976,+46.0%,254.65,12.7,+45.0%,+56.6%,+29.4%,+60.3%
KMI,Extended,Energy,Energy,Energy,Adj,Dec,EPS,CY2025,1.272,1.278,+0.5%,1.276,-0.2%,1.276,+0.0%,33.79,26.5,+0.3%,+22.9%,+3.2%,+23.6%
KMI,Extended,Energy,Energy,Energy,Adj,Dec,EPS,CY2026,1.355,1.355,+0.0%,1.348,-0.5%,1.434,+6.4%,33.79,23.6,+5.8%,+22.9%,+3.2%,+23.6%
KMI,Extended,Energy,Energy,Energy,Adj,Dec,EPS,CY2027,1.447,1.455,+0.6%,1.433,-1.5%,1.484,+3.6%,33.79,22.8,+2.6%,+22.9%,+3.2%,+23.6%
KMI,Extended,Energy,Energy,Energy,Adj,Dec,EPS,CY2028,1.803,1.568,-13.0%,1.513,-3.5%,1.609,+6.3%,33.79,21.0,-10.8%,+22.9%,+3.2%,+23.6%
HAL,Extended,Energy,Energy,Energy,Adj,Dec,EPS,CY2025,2.37,2.265,-4.4%,2.265,+0.0%,2.265,+0.0%,41.47,18.3,-4.4%,+46.7%,+18.1%,+107.8%
HAL,Extended,Energy,Energy,Energy,Adj,Dec,EPS,CY2026,2.672,2.234,-16.4%,2.238,+0.2%,2.356,+5.3%,41.47,17.6,-11.8%,+46.7%,+18.1%,+107.8%
HAL,Extended,Energy,Energy,Energy,Adj,Dec,EPS,CY2027,2.984,2.633,-11.8%,2.696,+2.4%,2.889,+7.2%,41.47,14.4,-3.2%,+46.7%,+18.1%,+107.8%
HAL,Extended,Energy,Energy,Energy,Adj,Dec,EPS,CY2028,3.28,3.043,-7.2%,3.193,+4.9%,3.392,+6.2%,41.47,12.2,+3.4%,+46.7%,+18.1%,+107.8%
LNG,Extended,Energy,Energy,Energy,Adj,Dec,EPS,CY2025,11.561,16.621,+43.8%,17.381,+4.6%,17.54,+0.9%,240.85,13.7,+51.7%,+23.9%,+6.3%,+5.4%
LNG,Extended,Energy,Energy,Energy,Adj,Dec,EPS,CY2026,14.53,14.57,+0.3%,14.172,-2.7%,12.31,-13.1%,240.85,19.6,-15.3%,+23.9%,+6.3%,+5.4%
LNG,Extended,Energy,Energy,Energy,Adj,Dec,EPS,CY2027,14.09,14.411,+2.3%,13.734,-4.7%,16.4,+19.4%,240.85,14.7,+16.4%,+23.9%,+6.3%,+5.4%
LNG,Extended,Energy,Energy,Energy,Adj,Dec,EPS,CY2028,14.893,15.477,+3.9%,14.871,-3.9%,15.263,+2.6%,240.85,15.8,+2.5%,+23.9%,+6.3%,+5.4%
OII,Extended,Energy,Energy,Energy,Adj,Dec,EPS,CY2025,1.677,1.83,+9.1%,1.743,-4.8%,1.743,+0.0%,38.77,22.2,+3.9%,+61.3%,+11.4%,+104.2%
OII,Extended,Energy,Energy,Energy,Adj,Dec,EPS,CY2026,1.728,1.795,+3.9%,1.73,-3.6%,1.828,+5.7%,38.77,21.2,+5.8%,+61.3%,+11.4%,+104.2%
OII,Extended,Energy,Energy,Energy,Adj,Dec,EPS,CY2027,1.902,2.123,+11.6%,2.047,-3.6%,2.18,+6.5%,38.77,17.8,+14.6%,+61.3%,+11.4%,+104.2%
OII,Extended,Energy,Energy,Energy,Adj,Dec,EPS,CY2028,,2.56,,2.58,+0.8%,2.667,+3.4%,38.77,14.5,,+61.3%,+11.4%,+104.2%
NOV,Extended,Energy,Energy,Energy,Adj,Dec,EPS,CY2025,1.19,0.957,-19.6%,0.937,-2.1%,0.937,+0.0%,20.81,22.2,-21.3%,+33.1%,+2.1%,+74.0%
NOV,Extended,Energy,Energy,Energy,Adj,Dec,EPS,CY2026,1.371,1.119,-18.4%,1.062,-5.1%,0.839,-21.0%,20.81,24.8,-38.8%,+33.1%,+2.1%,+74.0%
NOV,Extended,Energy,Energy,Energy,Adj,Dec,EPS,CY2027,1.526,1.334,-12.6%,1.305,-2.2%,1.302,-0.2%,20.81,16.0,-14.7%,+33.1%,+2.1%,+74.0%
NOV,Extended,Energy,Energy,Energy,Adj,Dec,EPS,CY2028,1.61,1.493,-7.3%,1.593,+6.7%,1.544,-3.1%,20.81,13.5,-4.1%,+33.1%,+2.1%,+74.0%
AR,Extended,Energy,Energy,Energy,Adj,Dec,EPS,CY2025,3.115,1.801,-42.2%,1.809,+0.4%,1.809,+0.0%,36.75,20.3,-41.9%,+6.6%,+3.4%,-5.9%
AR,Extended,Energy,Energy,Energy,Adj,Dec,EPS,CY2026,4.018,3.01,-25.1%,3.255,+8.1%,4.466,+37.2%,36.75,8.2,+11.1%,+6.6%,+3.4%,-5.9%
AR,Extended,Energy,Energy,Energy,Adj,Dec,EPS,CY2027,3.641,3.503,-3.8%,3.854,+10.0%,4.729,+22.7%,36.75,7.8,+29.9%,+6.6%,+3.4%,-5.9%
AR,Extended,Energy,Energy,Energy,Adj,Dec,EPS,CY2028,3.498,3.293,-5.9%,4.427,+34.4%,5.05,+14.1%,36.75,7.3,+44.4%,+6.6%,+3.4%,-5.9%
SLB,Extended,Energy,Energy,Energy,Adj,Dec,EPS,CY2025,3.145,2.867,-8.8%,2.866,-0.0%,2.866,+0.0%,57.28,20.0,-8.9%,+49.2%,+12.6%,+69.7%
SLB,Extended,Energy,Energy,Energy,Adj,Dec,EPS,CY2026,3.396,2.966,-12.7%,2.913,-1.8%,2.6,-10.7%,57.28,22.0,-23.4%,+49.2%,+12.6%,+69.7%
SLB,Extended,Energy,Energy,Energy,Adj,Dec,EPS,CY2027,3.808,3.383,-11.2%,3.366,-0.5%,3.348,-0.5%,57.28,17.1,-12.1%,+49.2%,+12.6%,+69.7%
SLB,Extended,Energy,Energy,Energy,Adj,Dec,EPS,CY2028,4.124,3.742,-9.3%,3.771,+0.8%,3.913,+3.8%,57.28,14.6,-5.1%,+49.2%,+12.6%,+69.7%
CLB,Extended,Energy,Energy,Energy,Adj,Dec,EPS,CY2025,0.775,0.803,+3.6%,0.813,+1.2%,0.813,+0.0%,14.22,17.5,+4.9%,-11.3%,-22.8%,+30.2%
CLB,Extended,Energy,Energy,Energy,Adj,Dec,EPS,CY2026,0.891,0.837,-6.1%,0.77,-8.0%,0.634,-17.7%,14.22,22.4,-28.8%,-11.3%,-22.8%,+30.2%
CLB,Extended,Energy,Energy,Energy,Adj,Dec,EPS,CY2027,1.105,1.04,-5.9%,0.837,-19.5%,0.844,+0.8%,14.22,16.8,-23.6%,-11.3%,-22.8%,+30.2%
CLB,Extended,Energy,Energy,Energy,Adj,Dec,EPS,CY2028,,,,,,,,14.22,,,-11.3%,-22.8%,+30.2%
KO,Extended,Cons. staples,Consumer Staples,"Food, Beverage & Tobacco",GAAP,Dec,EPS,CY2025,2.967,2.989,+0.7%,2.99,+0.0%,2.99,+0.0%,81.48,27.3,+0.8%,+16.5%,+2.1%,+14.5%
KO,Extended,Cons. staples,Consumer Staples,"Food, Beverage & Tobacco",GAAP,Dec,EPS,CY2026,3.199,3.223,+0.8%,3.234,+0.3%,3.271,+1.1%,81.48,24.9,+2.3%,+16.5%,+2.1%,+14.5%
KO,Extended,Cons. staples,Consumer Staples,"Food, Beverage & Tobacco",GAAP,Dec,EPS,CY2027,3.447,3.453,+0.2%,3.451,-0.1%,3.481,+0.9%,81.48,23.4,+1.0%,+16.5%,+2.1%,+14.5%
KO,Extended,Cons. staples,Consumer Staples,"Food, Beverage & Tobacco",GAAP,Dec,EPS,CY2028,3.675,3.697,+0.6%,3.695,-0.1%,3.701,+0.2%,81.48,22.0,+0.7%,+16.5%,+2.1%,+14.5%
PEP,Extended,Cons. staples,Consumer Staples,"Food, Beverage & Tobacco",GAAP,Dec,EPS,CY2025,7.526,6.237,-17.1%,6.297,+1.0%,6.297,+0.0%,150.57,23.9,-16.3%,+4.9%,-8.7%,+15.7%
PEP,Extended,Cons. staples,Consumer Staples,"Food, Beverage & Tobacco",GAAP,Dec,EPS,CY2026,8.011,8.22,+2.6%,8.267,+0.6%,8.348,+1.0%,150.57,18.0,+4.2%,+4.9%,-8.7%,+15.7%
PEP,Extended,Cons. staples,Consumer Staples,"Food, Beverage & Tobacco",GAAP,Dec,EPS,CY2027,8.463,8.548,+1.0%,8.75,+2.4%,8.793,+0.5%,150.57,17.1,+3.9%,+4.9%,-8.7%,+15.7%
PEP,Extended,Cons. staples,Consumer Staples,"Food, Beverage & Tobacco",GAAP,Dec,EPS,CY2028,8.985,9.145,+1.8%,9.044,-1.1%,9.285,+2.7%,150.57,16.2,+3.3%,+4.9%,-8.7%,+15.7%
ABI,Extended,Cons. staples,Consumer Staples,"Food, Beverage & Tobacco",Adj,Dec,EPS,CY2025,3.632,3.704,+2.0%,3.672,-0.9%,3.672,+0.0%,71.9,19.6,+1.1%,+31.0%,+7.4%,+18.3%
ABI,Extended,Cons. staples,Consumer Staples,"Food, Beverage & Tobacco",Adj,Dec,EPS,CY2026,4.137,4.166,+0.7%,4.189,+0.6%,4.379,+4.5%,71.9,16.4,+5.8%,+31.0%,+7.4%,+18.3%
ABI,Extended,Cons. staples,Consumer Staples,"Food, Beverage & Tobacco",Adj,Dec,EPS,CY2027,4.664,4.71,+1.0%,4.81,+2.1%,4.818,+0.2%,71.9,14.9,+3.3%,+31.0%,+7.4%,+18.3%
ABI,Extended,Cons. staples,Consumer Staples,"Food, Beverage & Tobacco",Adj,Dec,EPS,CY2028,5.525,5.402,-2.2%,5.382,-0.4%,5.318,-1.2%,71.9,13.5,-3.7%,+31.0%,+7.4%,+18.3%
TAP,Extended,Cons. staples,Consumer Staples,"Food, Beverage & Tobacco",Adj,Dec,EPS,CY2025,6.019,5.39,-10.5%,5.36,-0.6%,5.36,+0.0%,42.55,7.9,-10.9%,-8.8%,-14.7%,-21.7%
TAP,Extended,Cons. staples,Consumer Staples,"Food, Beverage & Tobacco",Adj,Dec,EPS,CY2026,6.404,5.564,-13.1%,4.988,-10.4%,4.757,-4.6%,42.55,8.9,-25.7%,-8.8%,-14.7%,-21.7%
TAP,Extended,Cons. staples,Consumer Staples,"Food, Beverage & Tobacco",Adj,Dec,EPS,CY2027,6.783,5.787,-14.7%,5.278,-8.8%,5.014,-5.0%,42.55,8.5,-26.1%,-8.8%,-14.7%,-21.7%
TAP,Extended,Cons. staples,Consumer Staples,"Food, Beverage & Tobacco",Adj,Dec,EPS,CY2028,7.098,6.088,-14.2%,5.567,-8.6%,5.416,-2.7%,42.55,7.9,-23.7%,-8.8%,-14.7%,-21.7%
STZ,Extended,Cons. staples,Consumer Staples,"Food, Beverage & Tobacco",Adj,Feb,EPS,CY2025,12.736,11.523,-9.5%,11.607,+0.7%,11.638,+0.3%,149.5,12.8,-8.6%,+8.4%,-4.4%,-19.1%
STZ,Extended,Cons. staples,Consumer Staples,"Food, Beverage & Tobacco",Adj,Feb,EPS,CY2026,13.962,12.39,-11.3%,12.38,-0.1%,11.842,-4.3%,149.5,12.6,-15.2%,+8.4%,-4.4%,-19.1%
STZ,Extended,Cons. staples,Consumer Staples,"Food, Beverage & Tobacco",Adj,Feb,EPS,CY2027,14.879,13.025,-12.5%,13.019,-0.0%,12.458,-4.3%,149.5,12.0,-16.3%,+8.4%,-4.4%,-19.1%
STZ,Extended,Cons. staples,Consumer Staples,"Food, Beverage & Tobacco",Adj,Feb,EPS,CY2028,16.503,14.016,-15.1%,13.884,-0.9%,13.175,-5.1%,149.5,11.3,-20.2%,+8.4%,-4.4%,-19.1%
MNST,Extended,Cons. staples,Consumer Staples,"Food, Beverage & Tobacco",Adj,Dec,EPS,CY2025,1.85,1.98,+7.0%,1.998,+0.9%,1.998,+0.0%,86.79,43.4,+8.0%,+13.2%,+3.6%,+38.0%
MNST,Extended,Cons. staples,Consumer Staples,"Food, Beverage & Tobacco",Adj,Dec,EPS,CY2026,2.095,2.222,+6.1%,2.267,+2.0%,2.293,+1.1%,86.79,37.8,+9.5%,+13.2%,+3.6%,+38.0%
MNST,Extended,Cons. staples,Consumer Staples,"Food, Beverage & Tobacco",Adj,Dec,EPS,CY2027,2.274,2.479,+9.0%,2.547,+2.7%,2.587,+1.6%,86.79,33.5,+13.8%,+13.2%,+3.6%,+38.0%
MNST,Extended,Cons. staples,Consumer Staples,"Food, Beverage & Tobacco",Adj,Dec,EPS,CY2028,2.672,2.799,+4.8%,2.87,+2.5%,2.939,+2.4%,86.79,29.5,+10.0%,+13.2%,+3.6%,+38.0%
OR,Extended,Cons. staples,Consumer Staples,Household & Personal Products,Adj,Dec,EPS,CY2025,12.978,12.873,-0.8%,12.862,-0.1%,12.862,+0.0%,361.65,28.1,-0.9%,-1.4%,-9.8%,-4.8%
OR,Extended,Cons. staples,Consumer Staples,Household & Personal Products,Adj,Dec,EPS,CY2026,14.058,13.678,-2.7%,13.66,-0.1%,13.691,+0.2%,361.65,26.4,-2.6%,-1.4%,-9.8%,-4.8%
OR,Extended,Cons. staples,Consumer Staples,Household & Personal Products,Adj,Dec,EPS,CY2027,15.03,14.684,-2.3%,14.757,+0.5%,14.835,+0.5%,361.65,24.4,-1.3%,-1.4%,-9.8%,-4.8%
OR,Extended,Cons. staples,Consumer Staples,Household & Personal Products,Adj,Dec,EPS,CY2028,16.025,15.644,-2.4%,15.832,+1.2%,15.959,+0.8%,361.65,22.7,-0.4%,-1.4%,-9.8%,-4.8%
EL,Extended,Cons. staples,Consumer Staples,Household & Personal Products,Adj,Jun,EPS,CY2025,1.478,1.478,+0.0%,1.478,+0.0%,1.478,+0.0%,88.32,59.8,+0.0%,-15.7%,-22.7%,+37.1%
EL,Extended,Cons. staples,Consumer Staples,Household & Personal Products,Adj,Jun,EPS,CY2026,2.216,2.152,-2.9%,2.227,+3.5%,2.42,+8.7%,88.32,36.5,+9.2%,-15.7%,-22.7%,+37.1%
EL,Extended,Cons. staples,Consumer Staples,Household & Personal Products,Adj,Jun,EPS,CY2027,2.993,2.991,-0.1%,3.03,+1.3%,3.177,+4.9%,88.32,27.8,+6.1%,-15.7%,-22.7%,+37.1%
EL,Extended,Cons. staples,Consumer Staples,Household & Personal Products,Adj,Jun,EPS,CY2028,3.69,3.722,+0.9%,3.683,-1.0%,3.845,+4.4%,88.32,23.0,+4.2%,-15.7%,-22.7%,+37.1%
NESN,Extended,Cons. staples,Consumer Staples,"Food, Beverage & Tobacco",GAAP,Dec,EPS,CY2025,3.944,3.968,+0.6%,3.974,+0.2%,3.974,+0.0%,78.78,19.8,+0.8%,+0.1%,-2.6%,-10.6%
NESN,Extended,Cons. staples,Consumer Staples,"Food, Beverage & Tobacco",GAAP,Dec,EPS,CY2026,4.296,4.147,-3.5%,4.061,-2.1%,3.972,-2.2%,78.78,19.8,-7.5%,+0.1%,-2.6%,-10.6%
NESN,Extended,Cons. staples,Consumer Staples,"Food, Beverage & Tobacco",GAAP,Dec,EPS,CY2027,4.68,4.461,-4.7%,4.345,-2.6%,4.264,-1.9%,78.78,18.5,-8.9%,+0.1%,-2.6%,-10.6%
NESN,Extended,Cons. staples,Consumer Staples,"Food, Beverage & Tobacco",GAAP,Dec,EPS,CY2028,5.014,4.868,-2.9%,4.623,-5.0%,4.628,+0.1%,78.78,17.0,-7.7%,+0.1%,-2.6%,-10.6%
PG,Extended,Cons. staples,Consumer Staples,Household & Personal Products,GAAP,Jun,EPS,CY2025,6.519,6.431,-1.3%,6.431,+0.0%,6.431,+0.0%,144.44,22.5,-1.3%,+0.8%,-10.2%,-12.5%
PG,Extended,Cons. staples,Consumer Staples,Household & Personal Products,GAAP,Jun,EPS,CY2026,6.941,6.959,+0.3%,6.787,-2.5%,6.755,-0.5%,144.44,21.4,-2.7%,+0.8%,-10.2%,-12.5%
PG,Extended,Cons. staples,Consumer Staples,Household & Personal Products,GAAP,Jun,EPS,CY2027,7.399,7.286,-1.5%,7.198,-1.2%,7.028,-2.4%,144.44,20.6,-5.0%,+0.8%,-10.2%,-12.5%
PG,Extended,Cons. staples,Consumer Staples,Household & Personal Products,GAAP,Jun,EPS,CY2028,7.886,7.67,-2.7%,7.621,-0.6%,7.476,-1.9%,144.44,19.3,-5.2%,+0.8%,-10.2%,-12.5%
UNA,Extended,Cons. staples,Consumer Staples,Household & Personal Products,Adj,Dec,EPS,CY2025,3.4,3.391,-0.3%,3.009,-11.3%,3.009,+0.0%,49.325,16.4,-11.5%,-11.4%,-20.1%,-17.9%
UNA,Extended,Cons. staples,Consumer Staples,Household & Personal Products,Adj,Dec,EPS,CY2026,3.597,3.552,-1.3%,3.186,-10.3%,3.2,+0.4%,49.325,15.4,-11.0%,-11.4%,-20.1%,-17.9%
UNA,Extended,Cons. staples,Consumer Staples,Household & Personal Products,Adj,Dec,EPS,CY2027,3.798,3.766,-0.8%,3.383,-10.2%,3.363,-0.6%,49.325,14.7,-11.5%,-11.4%,-20.1%,-17.9%
UNA,Extended,Cons. staples,Consumer Staples,Household & Personal Products,Adj,Dec,EPS,CY2028,4.076,3.98,-2.4%,3.601,-9.5%,3.544,-1.6%,49.325,13.9,-13.1%,-11.4%,-20.1%,-17.9%
MDLZ,Extended,Cons. staples,Consumer Staples,"Food, Beverage & Tobacco",Adj,Dec,EPS,CY2025,3.016,2.897,-3.9%,2.892,-0.2%,2.892,+0.0%,61.76,21.4,-4.1%,+14.7%,+5.0%,-5.7%
MDLZ,Extended,Cons. staples,Consumer Staples,"Food, Beverage & Tobacco",Adj,Dec,EPS,CY2026,3.317,3.162,-4.7%,3.05,-3.5%,3.055,+0.2%,61.76,20.2,-7.9%,+14.7%,+5.0%,-5.7%
MDLZ,Extended,Cons. staples,Consumer Staples,"Food, Beverage & Tobacco",Adj,Dec,EPS,CY2027,3.639,3.454,-5.1%,3.39,-1.9%,3.395,+0.1%,61.76,18.2,-6.7%,+14.7%,+5.0%,-5.7%
MDLZ,Extended,Cons. staples,Consumer Staples,"Food, Beverage & Tobacco",Adj,Dec,EPS,CY2028,4.056,3.793,-6.5%,3.678,-3.0%,3.683,+0.1%,61.76,16.8,-9.2%,+14.7%,+5.0%,-5.7%
MKC,Extended,Cons. staples,Consumer Staples,"Food, Beverage & Tobacco",Adj,Nov,EPS,CY2025,3.041,3.019,-0.7%,3.018,-0.0%,3.018,+0.0%,47.8,15.8,-0.8%,-29.8%,-30.2%,-33.0%
MKC,Extended,Cons. staples,Consumer Staples,"Food, Beverage & Tobacco",Adj,Nov,EPS,CY2026,3.312,3.198,-3.4%,3.095,-3.2%,3.093,-0.1%,47.8,15.5,-6.6%,-29.8%,-30.2%,-33.0%
MKC,Extended,Cons. staples,Consumer Staples,"Food, Beverage & Tobacco",Adj,Nov,EPS,CY2027,3.6,3.476,-3.4%,3.361,-3.3%,3.353,-0.2%,47.8,14.3,-6.9%,-29.8%,-30.2%,-33.0%
MKC,Extended,Cons. staples,Consumer Staples,"Food, Beverage & Tobacco",Adj,Nov,EPS,CY2028,4.02,3.776,-6.1%,3.7,-2.0%,3.642,-1.6%,47.8,13.1,-9.4%,-29.8%,-30.2%,-33.0%
GIS,Extended,Cons. staples,Consumer Staples,"Food, Beverage & Tobacco",Adj,May,EPS,CY2025,4.191,4.187,-0.1%,4.187,+0.0%,4.187,+0.0%,33.69,8.0,-0.1%,-27.5%,-24.5%,-36.8%
GIS,Extended,Cons. staples,Consumer Staples,"Food, Beverage & Tobacco",Adj,May,EPS,CY2026,4.036,3.651,-9.5%,3.548,-2.8%,3.411,-3.9%,33.69,9.9,-15.5%,-27.5%,-24.5%,-36.8%
GIS,Extended,Cons. staples,Consumer Staples,"Food, Beverage & Tobacco",Adj,May,EPS,CY2027,4.217,3.787,-10.2%,3.548,-6.3%,3.263,-8.0%,33.69,10.3,-22.6%,-27.5%,-24.5%,-36.8%
GIS,Extended,Cons. staples,Consumer Staples,"Food, Beverage & Tobacco",Adj,May,EPS,CY2028,4.645,4.013,-13.6%,3.734,-7.0%,3.405,-8.8%,33.69,9.9,-26.7%,-27.5%,-24.5%,-36.8%
CPB,Extended,Cons. staples,Consumer Staples,"Food, Beverage & Tobacco",Adj,Jul,EPS,CY2025,2.979,2.929,-1.7%,2.929,+0.0%,2.929,+0.0%,20.58,7.0,-1.7%,-26.2%,-23.3%,-39.7%
CPB,Extended,Cons. staples,Consumer Staples,"Food, Beverage & Tobacco",Adj,Jul,EPS,CY2026,3.054,2.457,-19.5%,2.432,-1.0%,2.177,-10.5%,20.58,9.5,-28.7%,-26.2%,-23.3%,-39.7%
CPB,Extended,Cons. staples,Consumer Staples,"Food, Beverage & Tobacco",Adj,Jul,EPS,CY2027,3.267,2.645,-19.0%,2.585,-2.3%,2.148,-16.9%,20.58,9.6,-34.3%,-26.2%,-23.3%,-39.7%
CPB,Extended,Cons. staples,Consumer Staples,"Food, Beverage & Tobacco",Adj,Jul,EPS,CY2028,3.577,2.85,-20.3%,2.793,-2.0%,2.355,-15.7%,20.58,8.7,-34.2%,-26.2%,-23.3%,-39.7%
HSY,Extended,Cons. staples,Consumer Staples,"Food, Beverage & Tobacco",Adj,Dec,EPS,CY2025,5.986,5.98,-0.1%,6.0,+0.3%,6.0,+0.0%,194.78,32.5,+0.2%,+7.0%,-12.2%,+26.6%
HSY,Extended,Cons. staples,Consumer Staples,"Food, Beverage & Tobacco",Adj,Dec,EPS,CY2026,6.364,6.74,+5.9%,8.257,+22.5%,8.481,+2.7%,194.78,23.0,+33.3%,+7.0%,-12.2%,+26.6%
HSY,Extended,Cons. staples,Consumer Staples,"Food, Beverage & Tobacco",Adj,Dec,EPS,CY2027,7.37,7.901,+7.2%,9.722,+23.0%,9.954,+2.4%,194.78,19.6,+35.1%,+7.0%,-12.2%,+26.6%
HSY,Extended,Cons. staples,Consumer Staples,"Food, Beverage & Tobacco",Adj,Dec,EPS,CY2028,8.983,8.921,-0.7%,10.672,+19.6%,10.708,+0.3%,194.78,18.2,+19.2%,+7.0%,-12.2%,+26.6%
ENR,Extended,Cons. staples,Consumer Staples,Household & Personal Products,Adj,Sep,EPS,CY2025,3.375,3.593,+6.5%,3.593,+0.0%,3.593,+0.0%,18.18,5.1,+6.5%,-8.6%,-18.9%,-20.3%
ENR,Extended,Cons. staples,Consumer Staples,Household & Personal Products,Adj,Sep,EPS,CY2026,3.565,3.506,-1.7%,3.324,-5.2%,3.509,+5.6%,18.18,5.2,-1.6%,-8.6%,-18.9%,-20.3%
ENR,Extended,Cons. staples,Consumer Staples,Household & Personal Products,Adj,Sep,EPS,CY2027,3.789,3.93,+3.7%,3.754,-4.5%,3.601,-4.1%,18.18,5.0,-5.0%,-8.6%,-18.9%,-20.3%
ENR,Extended,Cons. staples,Consumer Staples,Household & Personal Products,Adj,Sep,EPS,CY2028,3.96,4.09,+3.3%,3.941,-3.6%,3.779,-4.1%,18.18,4.8,-4.6%,-8.6%,-18.9%,-20.3%
NWL,Extended,Cons. staples,Consumer Discretionary,Consumer Durables & Apparel,Adj,Dec,EPS,CY2025,0.686,0.575,-16.2%,0.576,+0.2%,0.576,+0.0%,3.64,6.3,-16.0%,-2.2%,-25.4%,-35.5%
NWL,Extended,Cons. staples,Consumer Discretionary,Consumer Durables & Apparel,Adj,Dec,EPS,CY2026,0.745,0.611,-18.0%,0.564,-7.7%,0.577,+2.3%,3.64,6.3,-22.6%,-2.2%,-25.4%,-35.5%
NWL,Extended,Cons. staples,Consumer Discretionary,Consumer Durables & Apparel,Adj,Dec,EPS,CY2027,0.84,0.709,-15.6%,0.676,-4.7%,0.64,-5.3%,3.64,5.7,-23.8%,-2.2%,-25.4%,-35.5%
NWL,Extended,Cons. staples,Consumer Discretionary,Consumer Durables & Apparel,Adj,Dec,EPS,CY2028,0.98,0.8,-18.4%,0.784,-2.0%,0.768,-2.0%,3.64,4.7,-21.6%,-2.2%,-25.4%,-35.5%
HRL,Extended,Cons. staples,Consumer Staples,"Food, Beverage & Tobacco",Adj,Oct,EPS,CY2025,1.604,1.372,-14.5%,1.364,-0.6%,1.364,+0.0%,21.24,15.6,-15.0%,-10.4%,-15.0%,-27.9%
HRL,Extended,Cons. staples,Consumer Staples,"Food, Beverage & Tobacco",Adj,Oct,EPS,CY2026,1.775,1.448,-18.4%,1.445,-0.2%,1.441,-0.3%,21.24,14.7,-18.8%,-10.4%,-15.0%,-27.9%
HRL,Extended,Cons. staples,Consumer Staples,"Food, Beverage & Tobacco",Adj,Oct,EPS,CY2027,1.897,1.558,-17.9%,1.557,-0.1%,1.544,-0.8%,21.24,13.8,-18.6%,-10.4%,-15.0%,-27.9%
HRL,Extended,Cons. staples,Consumer Staples,"Food, Beverage & Tobacco",Adj,Oct,EPS,CY2028,,1.765,,1.652,-6.4%,1.648,-0.2%,21.24,12.9,,-10.4%,-15.0%,-27.9%
HLF,Extended,Cons. staples,Consumer Staples,Household & Personal Products,Adj,Dec,EPS,CY2025,1.99,2.02,+1.5%,2.032,+0.6%,2.032,+0.0%,12.43,6.1,+2.1%,-3.6%,-37.7%,+78.6%
HLF,Extended,Cons. staples,Consumer Staples,Household & Personal Products,Adj,Dec,EPS,CY2026,2.458,2.53,+2.9%,2.536,+0.2%,2.563,+1.1%,12.43,4.8,+4.3%,-3.6%,-37.7%,+78.6%
HLF,Extended,Cons. staples,Consumer Staples,Household & Personal Products,Adj,Dec,EPS,CY2027,3.01,3.095,+2.8%,2.898,-6.4%,2.99,+3.2%,12.43,4.2,-0.7%,-3.6%,-37.7%,+78.6%
HLF,Extended,Cons. staples,Consumer Staples,Household & Personal Products,Adj,Dec,EPS,CY2028,2.75,2.97,+8.0%,3.39,+14.1%,3.585,+5.8%,12.43,3.5,+30.4%,-3.6%,-37.7%,+78.6%
IFF,Extended,Cons. staples,Materials,Materials,Adj,Dec,EPS,CY2025,4.237,4.252,+0.4%,4.245,-0.2%,4.245,+0.0%,75.28,17.7,+0.2%,+11.7%,-7.5%,-0.6%
IFF,Extended,Cons. staples,Materials,Materials,Adj,Dec,EPS,CY2026,4.544,4.467,-1.7%,4.447,-0.4%,4.49,+1.0%,75.28,16.8,-1.2%,+11.7%,-7.5%,-0.6%
IFF,Extended,Cons. staples,Materials,Materials,Adj,Dec,EPS,CY2027,4.857,4.846,-0.2%,4.821,-0.5%,4.814,-0.1%,75.28,15.6,-0.9%,+11.7%,-7.5%,-0.6%
IFF,Extended,Cons. staples,Materials,Materials,Adj,Dec,EPS,CY2028,5.187,5.216,+0.6%,5.203,-0.2%,5.192,-0.2%,75.28,14.5,+0.1%,+11.7%,-7.5%,-0.6%
KHC,Extended,Cons. staples,Consumer Staples,"Food, Beverage & Tobacco",Adj,Dec,EPS,CY2025,2.595,2.532,-2.4%,2.53,-0.1%,2.53,+0.0%,23.79,9.4,-2.5%,-1.9%,-2.5%,-10.2%
KHC,Extended,Cons. staples,Consumer Staples,"Food, Beverage & Tobacco",Adj,Dec,EPS,CY2026,2.671,2.525,-5.5%,2.075,-17.8%,2.063,-0.6%,23.79,11.5,-22.8%,-1.9%,-2.5%,-10.2%
KHC,Extended,Cons. staples,Consumer Staples,"Food, Beverage & Tobacco",Adj,Dec,EPS,CY2027,2.803,2.616,-6.7%,2.156,-17.6%,2.105,-2.4%,23.79,11.3,-24.9%,-1.9%,-2.5%,-10.2%
KHC,Extended,Cons. staples,Consumer Staples,"Food, Beverage & Tobacco",Adj,Dec,EPS,CY2028,3.088,2.873,-7.0%,2.287,-20.4%,2.233,-2.4%,23.79,10.7,-27.7%,-1.9%,-2.5%,-10.2%
BATS,Extended,Cons. staples,Consumer Staples,"Food, Beverage & Tobacco",Adj,Dec,EPS,CY2025,3.473,3.381,-2.6%,3.395,+0.4%,3.395,+0.0%,4875.0,14.4,-2.2%,+15.7%,+6.7%,+48.0%
BATS,Extended,Cons. staples,Consumer Staples,"Food, Beverage & Tobacco",Adj,Dec,EPS,CY2026,3.738,3.608,-3.5%,3.6,-0.2%,3.648,+1.3%,4875.0,13.4,-2.4%,+15.7%,+6.7%,+48.0%
BATS,Extended,Cons. staples,Consumer Staples,"Food, Beverage & Tobacco",Adj,Dec,EPS,CY2027,4.002,3.844,-3.9%,3.86,+0.4%,3.906,+1.2%,4875.0,12.5,-2.4%,+15.7%,+6.7%,+48.0%
BATS,Extended,Cons. staples,Consumer Staples,"Food, Beverage & Tobacco",Adj,Dec,EPS,CY2028,,4.237,,4.19,-1.1%,4.192,+0.0%,4875.0,11.6,,+15.7%,+6.7%,+48.0%
POST,Extended,Cons. staples,Consumer Staples,"Food, Beverage & Tobacco",Adj,Sep,EPS,CY2025,6.495,7.048,+8.5%,7.048,+0.0%,7.048,+0.0%,97.17,13.8,+8.5%,-1.9%,-9.0%,-10.0%
POST,Extended,Cons. staples,Consumer Staples,"Food, Beverage & Tobacco",Adj,Sep,EPS,CY2026,7.415,7.542,+1.7%,7.328,-2.8%,7.653,+4.4%,97.17,12.7,+3.2%,-1.9%,-9.0%,-10.0%
POST,Extended,Cons. staples,Consumer Staples,"Food, Beverage & Tobacco",Adj,Sep,EPS,CY2027,8.23,8.626,+4.8%,8.299,-3.8%,8.696,+4.8%,97.17,11.2,+5.7%,-1.9%,-9.0%,-10.0%
POST,Extended,Cons. staples,Consumer Staples,"Food, Beverage & Tobacco",Adj,Sep,EPS,CY2028,9.78,10.075,+3.0%,9.583,-4.9%,10.394,+8.5%,97.17,9.3,+6.3%,-1.9%,-9.0%,-10.0%
DGE,Extended,Cons. staples,Consumer Staples,"Food, Beverage & Tobacco",Adj,Jun,EPS,CY2025,1.616,1.609,-0.4%,1.609,+0.0%,1.609,+0.0%,1600.0,9.9,-0.4%,-0.2%,-13.6%,-22.4%
DGE,Extended,Cons. staples,Consumer Staples,"Food, Beverage & Tobacco",Adj,Jun,EPS,CY2026,1.711,1.636,-4.4%,1.605,-1.9%,1.657,+3.2%,1600.0,9.7,-3.2%,-0.2%,-13.6%,-22.4%
DGE,Extended,Cons. staples,Consumer Staples,"Food, Beverage & Tobacco",Adj,Jun,EPS,CY2027,1.831,1.74,-5.0%,1.679,-3.5%,1.697,+1.1%,1600.0,9.4,-7.3%,-0.2%,-13.6%,-22.4%
DGE,Extended,Cons. staples,Consumer Staples,"Food, Beverage & Tobacco",Adj,Jun,EPS,CY2028,1.983,1.847,-6.9%,1.796,-2.8%,1.812,+0.9%,1600.0,8.8,-8.6%,-0.2%,-13.6%,-22.4%
SGI,Extended,Bedding / furniture / household goods,Consumer Discretionary,Consumer Durables & Apparel,Adj,Dec,EPS,CY2025,2.473,2.69,+8.8%,2.693,+0.1%,2.693,+0.0%,66.89,24.8,+8.9%,-25.1%,-26.7%,+4.2%
SGI,Extended,Bedding / furniture / household goods,Consumer Discretionary,Consumer Durables & Apparel,Adj,Dec,EPS,CY2026,3.039,3.333,+9.7%,3.302,-0.9%,3.146,-4.7%,66.89,21.3,+3.5%,-25.1%,-26.7%,+4.2%
SGI,Extended,Bedding / furniture / household goods,Consumer Discretionary,Consumer Durables & Apparel,Adj,Dec,EPS,CY2027,3.618,4.034,+11.5%,4.092,+1.4%,3.862,-5.6%,66.89,17.3,+6.7%,-25.1%,-26.7%,+4.2%
SGI,Extended,Bedding / furniture / household goods,Consumer Discretionary,Consumer Durables & Apparel,Adj,Dec,EPS,CY2028,4.27,4.8,+12.4%,4.975,+3.6%,4.895,-1.6%,66.89,13.7,+14.6%,-25.1%,-26.7%,+4.2%
WSM,Extended,Bedding / furniture / household goods,Consumer Discretionary,Consumer Discretionary Distrib,Adj,Jan,EPS,CY2025,8.517,8.695,+2.1%,8.74,+0.5%,8.742,+0.0%,192.5,22.0,+2.6%,+7.8%,-10.4%,+20.0%
WSM,Extended,Bedding / furniture / household goods,Consumer Discretionary,Consumer Discretionary Distrib,Adj,Jan,EPS,CY2026,9.044,9.128,+0.9%,9.186,+0.6%,9.366,+2.0%,192.5,20.6,+3.6%,+7.8%,-10.4%,+20.0%
WSM,Extended,Bedding / furniture / household goods,Consumer Discretionary,Consumer Discretionary Distrib,Adj,Jan,EPS,CY2027,9.744,9.939,+2.0%,9.978,+0.4%,10.205,+2.3%,192.5,18.9,+4.7%,+7.8%,-10.4%,+20.0%
WSM,Extended,Bedding / furniture / household goods,Consumer Discretionary,Consumer Discretionary Distrib,Adj,Jan,EPS,CY2028,10.703,10.876,+1.6%,10.908,+0.3%,11.299,+3.6%,192.5,17.0,+5.6%,+7.8%,-10.4%,+20.0%
RH,Extended,Bedding / furniture / household goods,Consumer Discretionary,Consumer Discretionary Distrib,Adj,Jan,EPS,CY2025,9.564,9.055,-5.3%,7.081,-21.8%,7.069,-0.2%,136.42,19.3,-26.1%,-23.9%,-34.3%,-27.1%
RH,Extended,Bedding / furniture / household goods,Consumer Discretionary,Consumer Discretionary Distrib,Adj,Jan,EPS,CY2026,14.41,12.669,-12.1%,10.54,-16.8%,5.47,-48.1%,136.42,24.9,-62.0%,-23.9%,-34.3%,-27.1%
RH,Extended,Bedding / furniture / household goods,Consumer Discretionary,Consumer Discretionary Distrib,Adj,Jan,EPS,CY2027,17.918,17.306,-3.4%,14.016,-19.0%,9.565,-31.8%,136.42,14.3,-46.6%,-23.9%,-34.3%,-27.1%
RH,Extended,Bedding / furniture / household goods,Consumer Discretionary,Consumer Discretionary Distrib,Adj,Jan,EPS,CY2028,25.23,24.553,-2.7%,20.67,-15.8%,13.597,-34.2%,136.42,10.0,-46.1%,-23.9%,-34.3%,-27.1%
WHR,Extended,Bedding / furniture / household goods,Consumer Discretionary,Consumer Durables & Apparel,Adj,Dec,EPS,CY2025,8.883,6.71,-24.5%,6.664,-0.7%,6.664,+0.0%,42.67,6.4,-25.0%,-40.9%,-49.5%,-45.1%
WHR,Extended,Bedding / furniture / household goods,Consumer Discretionary,Consumer Durables & Apparel,Adj,Dec,EPS,CY2026,10.678,7.176,-32.8%,6.579,-8.3%,2.667,-59.5%,42.67,16.0,-75.0%,-40.9%,-49.5%,-45.1%
WHR,Extended,Bedding / furniture / household goods,Consumer Discretionary,Consumer Durables & Apparel,Adj,Dec,EPS,CY2027,12.858,9.22,-28.3%,8.209,-11.0%,4.813,-41.4%,42.67,8.9,-62.6%,-40.9%,-49.5%,-45.1%
WHR,Extended,Bedding / furniture / household goods,Consumer Discretionary,Consumer Durables & Apparel,Adj,Dec,EPS,CY2028,16.78,16.78,+0.0%,10.05,-40.1%,5.862,-41.7%,42.67,7.3,-65.1%,-40.9%,-49.5%,-45.1%
SNBR,Extended,Bedding / furniture / household goods,Consumer Discretionary,Consumer Discretionary Distrib,Adj,Dec,EPS,CY2025,0.039,-2.887,-7502.6%,-3.763,-30.3%,-3.763,+0.0%,1.71,-0.5,-9748.7%,-79.8%,-80.9%,-81.9%
SNBR,Extended,Bedding / furniture / household goods,Consumer Discretionary,Consumer Discretionary Distrib,Adj,Dec,EPS,CY2026,0.372,-1.05,-382.3%,-0.466,+55.6%,-1.11,-138.2%,1.71,-1.5,-398.4%,-79.8%,-80.9%,-81.9%
SNBR,Extended,Bedding / furniture / household goods,Consumer Discretionary,Consumer Discretionary Distrib,Adj,Dec,EPS,CY2027,0.943,-0.07,-107.4%,0.43,+714.3%,0.155,-64.0%,1.71,11.0,-83.6%,-79.8%,-80.9%,-81.9%
SNBR,Extended,Bedding / furniture / household goods,Consumer Discretionary,Consumer Discretionary Distrib,Adj,Dec,EPS,CY2028,1.28,0.07,-94.5%,0.07,+0.0%,0.7,+900.0%,1.71,2.4,-45.3%,-79.8%,-80.9%,-81.9%
HVT,Extended,Bedding / furniture / household goods,Consumer Discretionary,Consumer Discretionary Distrib,Adj,Dec,EPS,CY2025,1.3,1.165,-10.4%,1.155,-0.9%,1.155,+0.0%,22.35,19.4,-11.2%,-4.3%,-14.6%,+9.2%
HVT,Extended,Bedding / furniture / household goods,Consumer Discretionary,Consumer Discretionary Distrib,Adj,Dec,EPS,CY2026,2.445,2.14,-12.5%,2.06,-3.7%,1.615,-21.6%,22.35,13.8,-33.9%,-4.3%,-14.6%,+9.2%
HVT,Extended,Bedding / furniture / household goods,Consumer Discretionary,Consumer Discretionary Distrib,Adj,Dec,EPS,CY2027,,3.19,,3.19,+0.0%,2.585,-19.0%,22.35,8.6,,-4.3%,-14.6%,+9.2%
HVT,Extended,Bedding / furniture / household goods,Consumer Discretionary,Consumer Discretionary Distrib,Adj,Dec,EPS,CY2028,,,,,,,,22.35,,,-4.3%,-14.6%,+9.2%
LEG,Extended,Bedding / furniture / household goods,Consumer Discretionary,Consumer Durables & Apparel,Adj,Dec,EPS,CY2025,1.11,1.052,-5.2%,1.048,-0.4%,1.048,+0.0%,9.99,9.5,-5.6%,-9.2%,-16.2%,+12.5%
LEG,Extended,Bedding / furniture / household goods,Consumer Discretionary,Consumer Durables & Apparel,Adj,Dec,EPS,CY2026,1.226,1.084,-11.6%,1.09,+0.6%,0.903,-17.2%,9.99,11.1,-26.3%,-9.2%,-16.2%,+12.5%
LEG,Extended,Bedding / furniture / household goods,Consumer Discretionary,Consumer Durables & Apparel,Adj,Dec,EPS,CY2027,1.335,1.173,-12.1%,1.193,+1.7%,1.024,-14.2%,9.99,9.8,-23.3%,-9.2%,-16.2%,+12.5%
LEG,Extended,Bedding / furniture / household goods,Consumer Discretionary,Consumer Durables & Apparel,Adj,Dec,EPS,CY2028,1.49,1.37,-8.1%,1.335,-2.6%,1.167,-12.6%,9.99,8.6,-21.7%,-9.2%,-16.2%,+12.5%
CULP,Extended,Bedding / furniture / household goods,Consumer Discretionary,Consumer Durables & Apparel,Adj,Apr,EPS,CY2025,-0.98,-0.98,+0.0%,-0.98,+0.0%,-0.98,+0.0%,3.04,-3.1,+0.0%,-14.6%,-9.5%,-25.9%
CULP,Extended,Bedding / furniture / household goods,Consumer Discretionary,Consumer Durables & Apparel,Adj,Apr,EPS,CY2026,0.26,-0.52,-300.0%,-0.72,-38.5%,-0.94,-30.6%,3.04,-3.2,-461.5%,-14.6%,-9.5%,-25.9%
CULP,Extended,Bedding / furniture / household goods,Consumer Discretionary,Consumer Durables & Apparel,Adj,Apr,EPS,CY2027,0.6,-0.002,-100.3%,-0.002,+0.0%,-0.15,-7400.0%,3.04,-20.3,-125.0%,-14.6%,-9.5%,-25.9%
CULP,Extended,Bedding / furniture / household goods,Consumer Discretionary,Consumer Durables & Apparel,Adj,Apr,EPS,CY2028,,,,,,,,3.04,,,-14.6%,-9.5%,-25.9%
AWI,Extended,Bedding / furniture / household goods,Industrials,Capital Goods,Adj,Dec,EPS,CY2025,6.963,7.478,+7.4%,7.478,+0.0%,7.478,+0.0%,157.42,21.1,+7.4%,-17.6%,-20.9%,+1.4%
AWI,Extended,Bedding / furniture / household goods,Industrials,Capital Goods,Adj,Dec,EPS,CY2026,7.869,8.434,+7.2%,8.434,+0.0%,8.307,-1.5%,157.42,19.0,+5.6%,-17.6%,-20.9%,+1.4%
AWI,Extended,Bedding / furniture / household goods,Industrials,Capital Goods,Adj,Dec,EPS,CY2027,8.773,9.433,+7.5%,9.433,+0.0%,9.385,-0.5%,157.42,16.8,+7.0%,-17.6%,-20.9%,+1.4%
AWI,Extended,Bedding / furniture / household goods,Industrials,Capital Goods,Adj,Dec,EPS,CY2028,,,,,,10.417,,157.42,15.1,,-17.6%,-20.9%,+1.4%
REZI,Extended,Bedding / furniture / household goods,Industrials,Capital Goods,Adj,Dec,EPS,CY2025,2.39,2.65,+10.9%,2.65,+0.0%,2.65,+0.0%,28.76,10.9,+10.9%,-18.1%,-21.7%,+42.5%
REZI,Extended,Bedding / furniture / household goods,Industrials,Capital Goods,Adj,Dec,EPS,CY2026,2.508,2.925,+16.6%,2.925,+0.0%,3.085,+5.5%,28.76,9.3,+23.0%,-18.1%,-21.7%,+42.5%
REZI,Extended,Bedding / furniture / household goods,Industrials,Capital Goods,Adj,Dec,EPS,CY2027,2.645,3.14,+18.7%,3.14,+0.0%,3.325,+5.9%,28.76,8.6,+25.7%,-18.1%,-21.7%,+42.5%
REZI,Extended,Bedding / furniture / household goods,Industrials,Capital Goods,Adj,Dec,EPS,CY2028,,,,,,3.57,,28.76,8.1,,-18.1%,-21.7%,+42.5%
INVH,Extended,Bedding / furniture / household goods,Real Estate,Equity Real Estate Investment,Adj,Dec,EPS,CY2025,0.886,0.967,+9.1%,0.893,-7.7%,0.893,+0.0%,29.29,32.8,+0.8%,+5.4%,+15.8%,-11.5%
INVH,Extended,Bedding / furniture / household goods,Real Estate,Equity Real Estate Investment,Adj,Dec,EPS,CY2026,0.912,0.883,-3.2%,0.844,-4.4%,0.75,-11.1%,29.29,39.1,-17.8%,+5.4%,+15.8%,-11.5%
INVH,Extended,Bedding / furniture / household goods,Real Estate,Equity Real Estate Investment,Adj,Dec,EPS,CY2027,0.883,0.843,-4.5%,0.804,-4.6%,0.733,-8.8%,29.29,40.0,-17.0%,+5.4%,+15.8%,-11.5%
INVH,Extended,Bedding / furniture / household goods,Real Estate,Equity Real Estate Investment,Adj,Dec,EPS,CY2028,0.932,0.88,-5.6%,0.777,-11.7%,0.762,-1.9%,29.29,38.4,-18.2%,+5.4%,+15.8%,-11.5%
AMH,Extended,Bedding / furniture / household goods,Real Estate,Equity Real Estate Investment,Adj,Dec,EPS,CY2025,0.889,1.011,+13.7%,1.05,+3.9%,1.05,+0.0%,32.27,30.7,+18.1%,+0.5%,+9.3%,-14.2%
AMH,Extended,Bedding / furniture / household goods,Real Estate,Equity Real Estate Investment,Adj,Dec,EPS,CY2026,0.976,0.85,-12.9%,0.879,+3.4%,1.062,+20.8%,32.27,30.4,+8.8%,+0.5%,+9.3%,-14.2%
AMH,Extended,Bedding / furniture / household goods,Real Estate,Equity Real Estate Investment,Adj,Dec,EPS,CY2027,0.837,0.866,+3.5%,0.845,-2.4%,1.018,+20.5%,32.27,31.7,+21.6%,+0.5%,+9.3%,-14.2%
AMH,Extended,Bedding / furniture / household goods,Real Estate,Equity Real Estate Investment,Adj,Dec,EPS,CY2028,0.913,0.858,-6.0%,0.748,-12.8%,0.773,+3.3%,32.27,41.7,-15.3%,+0.5%,+9.3%,-14.2%
HON,Extended,Industrial / Cyclical,Industrials,Capital Goods,Adj,Dec,EPS,CY2025,10.383,10.657,+2.6%,9.994,-6.2%,9.994,+0.0%,227.92,22.8,-3.7%,+16.8%,-6.6%,+8.2%
HON,Extended,Industrial / Cyclical,Industrials,Capital Goods,Adj,Dec,EPS,CY2026,11.305,10.583,-6.4%,10.475,-1.0%,10.515,+0.4%,227.92,21.7,-7.0%,+16.8%,-6.6%,+8.2%
HON,Extended,Industrial / Cyclical,Industrials,Capital Goods,Adj,Dec,EPS,CY2027,12.393,11.597,-6.4%,11.37,-2.0%,11.447,+0.7%,227.92,19.9,-7.6%,+16.8%,-6.6%,+8.2%
HON,Extended,Industrial / Cyclical,Industrials,Capital Goods,Adj,Dec,EPS,CY2028,13.22,12.697,-4.0%,12.619,-0.6%,12.609,-0.1%,227.92,18.1,-4.6%,+16.8%,-6.6%,+8.2%
GEV,Extended,Industrial / Cyclical,Industrials,Capital Goods,GAAP,Dec,EPS,CY2025,7.34,7.536,+2.7%,7.637,+1.3%,7.637,+0.0%,1038.74,136.0,+4.0%,+58.9%,+25.1%,+126.4%
GEV,Extended,Industrial / Cyclical,Industrials,Capital Goods,GAAP,Dec,EPS,CY2026,11.509,13.366,+16.1%,14.294,+6.9%,25.082,+75.5%,1038.74,41.4,+117.9%,+58.9%,+25.1%,+126.4%
GEV,Extended,Industrial / Cyclical,Industrials,Capital Goods,GAAP,Dec,EPS,CY2027,16.086,19.465,+21.0%,21.615,+11.0%,23.699,+9.6%,1038.74,43.8,+47.3%,+58.9%,+25.1%,+126.4%
GEV,Extended,Industrial / Cyclical,Industrials,Capital Goods,GAAP,Dec,EPS,CY2028,19.92,24.82,+24.6%,29.36,+18.3%,32.343,+10.2%,1038.74,32.1,+62.4%,+58.9%,+25.1%,+126.4%
ETN,Extended,Industrial / Cyclical,Industrials,Capital Goods,Adj,Dec,EPS,CY2025,12.016,12.097,+0.7%,12.063,-0.3%,12.063,+0.0%,391.35,32.4,+0.4%,+22.9%,+4.8%,+21.9%
ETN,Extended,Industrial / Cyclical,Industrials,Capital Goods,Adj,Dec,EPS,CY2026,13.522,13.753,+1.7%,13.323,-3.1%,13.295,-0.2%,391.35,29.4,-1.7%,+22.9%,+4.8%,+21.9%
ETN,Extended,Industrial / Cyclical,Industrials,Capital Goods,Adj,Dec,EPS,CY2027,15.015,15.465,+3.0%,15.299,-1.1%,15.53,+1.5%,391.35,25.2,+3.4%,+22.9%,+4.8%,+21.9%
ETN,Extended,Industrial / Cyclical,Industrials,Capital Goods,Adj,Dec,EPS,CY2028,16.736,17.625,+5.3%,17.296,-1.9%,17.749,+2.6%,391.35,22.0,+6.1%,+22.9%,+4.8%,+21.9%
PH,Extended,Industrial / Cyclical,Industrials,Capital Goods,Adj,Jun,EPS,CY2025,26.668,26.732,+0.2%,26.732,+0.0%,26.732,+0.0%,866.96,32.4,+0.2%,-1.4%,-15.2%,+31.9%
PH,Extended,Industrial / Cyclical,Industrials,Capital Goods,Adj,Jun,EPS,CY2026,28.833,30.291,+5.1%,30.98,+2.3%,31.271,+0.9%,866.96,27.7,+8.5%,-1.4%,-15.2%,+31.9%
PH,Extended,Industrial / Cyclical,Industrials,Capital Goods,Adj,Jun,EPS,CY2027,31.373,33.096,+5.5%,33.904,+2.4%,33.757,-0.4%,866.96,25.7,+7.6%,-1.4%,-15.2%,+31.9%
PH,Extended,Industrial / Cyclical,Industrials,Capital Goods,Adj,Jun,EPS,CY2028,33.506,36.128,+7.8%,37.293,+3.2%,37.043,-0.7%,866.96,23.4,+10.6%,-1.4%,-15.2%,+31.9%
ROP,Extended,Industrial / Cyclical,Information Technology,Software & Services,Adj,Dec,EPS,CY2025,19.935,19.944,+0.0%,19.944,+0.0%,19.944,+0.0%,326.94,16.4,+0.0%,-26.6%,-2.6%,-42.5%
ROP,Extended,Industrial / Cyclical,Information Technology,Software & Services,Adj,Dec,EPS,CY2026,21.692,21.714,+0.1%,21.472,-1.1%,21.962,+2.3%,326.94,14.9,+1.2%,-26.6%,-2.6%,-42.5%
ROP,Extended,Industrial / Cyclical,Information Technology,Software & Services,Adj,Dec,EPS,CY2027,24.172,23.961,-0.9%,23.305,-2.7%,24.05,+3.2%,326.94,13.6,-0.5%,-26.6%,-2.6%,-42.5%
ROP,Extended,Industrial / Cyclical,Information Technology,Software & Services,Adj,Dec,EPS,CY2028,27.258,26.915,-1.3%,25.704,-4.5%,26.337,+2.5%,326.94,12.4,-3.4%,-26.6%,-2.6%,-42.5%
AME,Extended,Industrial / Cyclical,Industrials,Capital Goods,Adj,Dec,EPS,CY2025,7.074,7.359,+4.0%,7.36,+0.0%,7.36,+0.0%,224.52,30.5,+4.0%,+9.4%,-3.8%,+25.8%
AME,Extended,Industrial / Cyclical,Industrials,Capital Goods,Adj,Dec,EPS,CY2026,7.588,7.918,+4.3%,8.051,+1.7%,8.141,+1.1%,224.52,27.6,+7.3%,+9.4%,-3.8%,+25.8%
AME,Extended,Industrial / Cyclical,Industrials,Capital Goods,Adj,Dec,EPS,CY2027,8.181,8.611,+5.3%,8.714,+1.2%,8.77,+0.6%,224.52,25.6,+7.2%,+9.4%,-3.8%,+25.8%
AME,Extended,Industrial / Cyclical,Industrials,Capital Goods,Adj,Dec,EPS,CY2028,9.0,9.378,+4.2%,9.406,+0.3%,9.552,+1.6%,224.52,23.5,+6.1%,+9.4%,-3.8%,+25.8%
FTV,Extended,Industrial / Cyclical,Industrials,Capital Goods,Adj,Dec,EPS,CY2025,3.869,2.576,-33.4%,2.65,+2.9%,2.65,+0.0%,59.13,22.3,-31.5%,+7.1%,+1.5%,+11.9%
FTV,Extended,Industrial / Cyclical,Industrials,Capital Goods,Adj,Dec,EPS,CY2026,4.226,2.842,-32.7%,2.954,+3.9%,2.989,+1.2%,59.13,19.8,-29.3%,+7.1%,+1.5%,+11.9%
FTV,Extended,Industrial / Cyclical,Industrials,Capital Goods,Adj,Dec,EPS,CY2027,4.647,3.085,-33.6%,3.194,+3.5%,3.214,+0.6%,59.13,18.4,-30.8%,+7.1%,+1.5%,+11.9%
FTV,Extended,Industrial / Cyclical,Industrials,Capital Goods,Adj,Dec,EPS,CY2028,5.098,3.435,-32.6%,3.495,+1.7%,3.492,-0.1%,59.13,16.9,-31.5%,+7.1%,+1.5%,+11.9%
EMN,Extended,Industrial / Cyclical,Materials,Materials,Adj,Dec,EPS,CY2025,7.38,5.524,-25.1%,5.392,-2.4%,5.392,+0.0%,74.12,13.7,-26.9%,+16.1%,-6.4%,-8.9%
EMN,Extended,Industrial / Cyclical,Materials,Materials,Adj,Dec,EPS,CY2026,8.232,6.331,-23.1%,5.836,-7.8%,6.359,+9.0%,74.12,11.7,-22.8%,+16.1%,-6.4%,-8.9%
EMN,Extended,Industrial / Cyclical,Materials,Materials,Adj,Dec,EPS,CY2027,9.129,7.243,-20.7%,6.627,-8.5%,6.972,+5.2%,74.12,10.6,-23.6%,+16.1%,-6.4%,-8.9%
EMN,Extended,Industrial / Cyclical,Materials,Materials,Adj,Dec,EPS,CY2028,10.118,7.758,-23.3%,7.347,-5.3%,7.655,+4.2%,74.12,9.7,-24.3%,+16.1%,-6.4%,-8.9%
NDSN,Extended,Industrial / Cyclical,Industrials,Capital Goods,Adj,Oct,EPS,CY2025,9.885,10.135,+2.5%,10.134,-0.0%,10.134,+0.0%,289.9,28.6,+2.5%,+20.6%,-0.1%,+48.0%
NDSN,Extended,Industrial / Cyclical,Industrials,Capital Goods,Adj,Oct,EPS,CY2026,10.736,11.095,+3.3%,11.395,+2.7%,11.531,+1.2%,289.9,25.1,+7.4%,+20.6%,-0.1%,+48.0%
NDSN,Extended,Industrial / Cyclical,Industrials,Capital Goods,Adj,Oct,EPS,CY2027,,12.104,,12.272,+1.4%,12.481,+1.7%,289.9,23.2,,+20.6%,-0.1%,+48.0%
NDSN,Extended,Industrial / Cyclical,Industrials,Capital Goods,Adj,Oct,EPS,CY2028,,13.56,,13.262,-2.2%,13.448,+1.4%,289.9,21.6,,+20.6%,-0.1%,+48.0%
IEX,Extended,Industrial / Cyclical,Industrials,Capital Goods,Adj,Dec,EPS,CY2025,8.194,7.893,-3.7%,7.894,+0.0%,7.894,+0.0%,208.78,26.4,-3.7%,+17.3%,+0.6%,+15.3%
IEX,Extended,Industrial / Cyclical,Industrials,Capital Goods,Adj,Dec,EPS,CY2026,8.918,8.327,-6.6%,8.257,-0.8%,8.497,+2.9%,208.78,24.6,-4.7%,+17.3%,+0.6%,+15.3%
IEX,Extended,Industrial / Cyclical,Industrials,Capital Goods,Adj,Dec,EPS,CY2027,9.407,9.2,-2.2%,8.984,-2.3%,9.229,+2.7%,208.78,22.6,-1.9%,+17.3%,+0.6%,+15.3%
IEX,Extended,Industrial / Cyclical,Industrials,Capital Goods,Adj,Dec,EPS,CY2028,10.328,10.053,-2.7%,10.039,-0.1%,10.25,+2.1%,208.78,20.4,-0.8%,+17.3%,+0.6%,+15.3%
TDY,Extended,Industrial / Cyclical,Information Technology,Technology Hardware & Equipmen,Adj,Dec,EPS,CY2025,21.4,21.532,+0.6%,21.542,+0.0%,21.542,+0.0%,620.45,28.8,+0.7%,+21.5%,-7.2%,+27.1%
TDY,Extended,Industrial / Cyclical,Information Technology,Technology Hardware & Equipmen,Adj,Dec,EPS,CY2026,23.456,23.614,+0.7%,23.813,+0.8%,24.108,+1.2%,620.45,25.7,+2.8%,+21.5%,-7.2%,+27.1%
TDY,Extended,Industrial / Cyclical,Information Technology,Technology Hardware & Equipmen,Adj,Dec,EPS,CY2027,25.01,25.324,+1.3%,25.734,+1.6%,26.031,+1.2%,620.45,23.8,+4.1%,+21.5%,-7.2%,+27.1%
TDY,Extended,Industrial / Cyclical,Information Technology,Technology Hardware & Equipmen,Adj,Dec,EPS,CY2028,,,,28.178,,28.157,-0.1%,620.45,22.0,,+21.5%,-7.2%,+27.1%
SWK,Extended,Industrial / Cyclical,Industrials,Capital Goods,Adj,Dec,EPS,CY2025,4.251,4.551,+7.1%,4.552,+0.0%,4.552,+0.0%,76.46,16.8,+7.1%,+2.9%,-16.9%,+15.3%
SWK,Extended,Industrial / Cyclical,Industrials,Capital Goods,Adj,Dec,EPS,CY2026,5.659,5.763,+1.8%,5.339,-7.4%,5.379,+0.7%,76.46,14.2,-4.9%,+2.9%,-16.9%,+15.3%
SWK,Extended,Industrial / Cyclical,Industrials,Capital Goods,Adj,Dec,EPS,CY2027,6.85,6.777,-1.1%,6.369,-6.0%,6.264,-1.6%,76.46,12.2,-8.6%,+2.9%,-16.9%,+15.3%
SWK,Extended,Industrial / Cyclical,Industrials,Capital Goods,Adj,Dec,EPS,CY2028,7.26,7.203,-0.8%,7.076,-1.8%,6.979,-1.4%,76.46,11.0,-3.9%,+2.9%,-16.9%,+15.3%
CAT,Extended,Industrial / Cyclical,Industrials,Capital Goods,GAAP,Dec,EPS,CY2025,18.562,18.271,-1.6%,18.295,+0.1%,18.295,+0.0%,879.89,48.1,-1.4%,+53.6%,+15.8%,+154.9%
CAT,Extended,Industrial / Cyclical,Industrials,Capital Goods,GAAP,Dec,EPS,CY2026,21.044,22.412,+6.5%,22.886,+2.1%,24.349,+6.4%,879.89,36.1,+15.7%,+53.6%,+15.8%,+154.9%
CAT,Extended,Industrial / Cyclical,Industrials,Capital Goods,GAAP,Dec,EPS,CY2027,23.503,27.166,+15.6%,27.602,+1.6%,30.087,+9.0%,879.89,29.2,+28.0%,+53.6%,+15.8%,+154.9%
CAT,Extended,Industrial / Cyclical,Industrials,Capital Goods,GAAP,Dec,EPS,CY2028,26.224,31.229,+19.1%,32.497,+4.1%,36.293,+11.7%,879.89,24.2,+38.4%,+53.6%,+15.8%,+154.9%
MMM,Extended,Industrial / Cyclical,Industrials,Capital Goods,Adj,Dec,EPS,CY2025,7.645,8.038,+5.1%,8.032,-0.1%,8.032,+0.0%,152.44,19.0,+5.1%,-4.8%,-8.8%,+1.8%
MMM,Extended,Industrial / Cyclical,Industrials,Capital Goods,Adj,Dec,EPS,CY2026,8.322,8.646,+3.9%,8.669,+0.3%,8.705,+0.4%,152.44,17.5,+4.6%,-4.8%,-8.8%,+1.8%
MMM,Extended,Industrial / Cyclical,Industrials,Capital Goods,Adj,Dec,EPS,CY2027,9.079,9.38,+3.3%,9.424,+0.5%,9.481,+0.6%,152.44,16.1,+4.4%,-4.8%,-8.8%,+1.8%
MMM,Extended,Industrial / Cyclical,Industrials,Capital Goods,Adj,Dec,EPS,CY2028,9.662,10.13,+4.8%,10.084,-0.5%,10.156,+0.7%,152.44,15.0,+5.1%,-4.8%,-8.8%,+1.8%
PPG,Extended,Industrial / Cyclical,Materials,Materials,Adj,Dec,EPS,CY2025,7.837,7.675,-2.1%,7.645,-0.4%,7.645,+0.0%,107.78,14.1,-2.4%,+5.2%,-14.8%,-3.1%
PPG,Extended,Industrial / Cyclical,Materials,Materials,Adj,Dec,EPS,CY2026,8.535,8.175,-4.2%,7.969,-2.5%,7.858,-1.4%,107.78,13.7,-7.9%,+5.2%,-14.8%,-3.1%
PPG,Extended,Industrial / Cyclical,Materials,Materials,Adj,Dec,EPS,CY2027,9.303,8.901,-4.3%,8.725,-2.0%,8.613,-1.3%,107.78,12.5,-7.4%,+5.2%,-14.8%,-3.1%
PPG,Extended,Industrial / Cyclical,Materials,Materials,Adj,Dec,EPS,CY2028,9.914,9.565,-3.5%,9.529,-0.4%,9.472,-0.6%,107.78,11.4,-4.5%,+5.2%,-14.8%,-3.1%
AXTA,Extended,Industrial / Cyclical,Materials,Materials,Adj,Dec,EPS,CY2025,2.544,2.497,-1.8%,2.491,-0.2%,2.491,+0.0%,29.22,11.7,-2.1%,-9.6%,-15.3%,-7.4%
AXTA,Extended,Industrial / Cyclical,Materials,Materials,Adj,Dec,EPS,CY2026,2.783,2.746,-1.3%,2.626,-4.4%,2.586,-1.5%,29.22,11.3,-7.1%,-9.6%,-15.3%,-7.4%
AXTA,Extended,Industrial / Cyclical,Materials,Materials,Adj,Dec,EPS,CY2027,3.133,3.008,-4.0%,2.842,-5.5%,2.807,-1.2%,29.22,10.4,-10.4%,-9.6%,-15.3%,-7.4%
AXTA,Extended,Industrial / Cyclical,Materials,Materials,Adj,Dec,EPS,CY2028,3.157,3.208,+1.6%,3.071,-4.3%,3.037,-1.1%,29.22,9.6,-3.8%,-9.6%,-15.3%,-7.4%
SHW,Extended,Industrial / Cyclical,Materials,Materials,Adj,Dec,EPS,CY2025,11.886,11.379,-4.3%,11.376,-0.0%,11.376,+0.0%,309.08,27.2,-4.3%,-4.6%,-14.3%,-12.4%
SHW,Extended,Industrial / Cyclical,Materials,Materials,Adj,Dec,EPS,CY2026,13.278,12.596,-5.1%,12.01,-4.7%,11.722,-2.4%,309.08,26.4,-11.7%,-4.6%,-14.3%,-12.4%
SHW,Extended,Industrial / Cyclical,Materials,Materials,Adj,Dec,EPS,CY2027,14.924,14.142,-5.2%,13.555,-4.2%,13.226,-2.4%,309.08,23.4,-11.4%,-4.6%,-14.3%,-12.4%
SHW,Extended,Industrial / Cyclical,Materials,Materials,Adj,Dec,EPS,CY2028,16.208,15.567,-4.0%,15.234,-2.1%,15.031,-1.3%,309.08,20.6,-7.3%,-4.6%,-14.3%,-12.4%
AVY,Extended,Industrial / Cyclical,Materials,Materials,Adj,Dec,EPS,CY2025,9.636,9.498,-1.4%,9.493,-0.1%,9.493,+0.0%,159.66,16.8,-1.5%,-12.2%,-18.9%,-11.4%
AVY,Extended,Industrial / Cyclical,Materials,Materials,Adj,Dec,EPS,CY2026,10.719,10.489,-2.1%,10.183,-2.9%,10.021,-1.6%,159.66,15.9,-6.5%,-12.2%,-18.9%,-11.4%
AVY,Extended,Industrial / Cyclical,Materials,Materials,Adj,Dec,EPS,CY2027,11.914,11.592,-2.7%,11.305,-2.5%,11.085,-1.9%,159.66,14.4,-7.0%,-12.2%,-18.9%,-11.4%
AVY,Extended,Industrial / Cyclical,Materials,Materials,Adj,Dec,EPS,CY2028,12.557,12.62,+0.5%,12.527,-0.7%,12.343,-1.5%,159.66,12.9,-1.7%,-12.2%,-18.9%,-11.4%
SNA,Extended,Industrial / Cyclical,Industrials,Capital Goods,Adj,Dec,EPS,CY2025,18.675,19.221,+2.9%,19.186,-0.2%,19.186,+0.0%,366.65,19.1,+2.7%,+6.4%,-5.0%,+14.2%
SNA,Extended,Industrial / Cyclical,Industrials,Capital Goods,Adj,Dec,EPS,CY2026,20.047,20.433,+1.9%,19.943,-2.4%,19.805,-0.7%,366.65,18.5,-1.2%,+6.4%,-5.0%,+14.2%
SNA,Extended,Industrial / Cyclical,Industrials,Capital Goods,Adj,Dec,EPS,CY2027,21.917,22.11,+0.9%,21.301,-3.7%,21.163,-0.6%,366.65,17.3,-3.4%,+6.4%,-5.0%,+14.2%
SNA,Extended,Industrial / Cyclical,Industrials,Capital Goods,Adj,Dec,EPS,CY2028,22.71,26.36,+16.1%,24.42,-7.4%,24.42,+0.0%,366.65,15.0,+7.5%,+6.4%,-5.0%,+14.2%
ST,Extended,Industrial / Cyclical,Industrials,Capital Goods,Adj,Dec,EPS,CY2025,3.184,3.395,+6.6%,3.403,+0.2%,3.403,+0.0%,48.59,14.3,+6.9%,+46.0%,+26.7%,+90.3%
ST,Extended,Industrial / Cyclical,Industrials,Capital Goods,Adj,Dec,EPS,CY2026,3.441,3.642,+5.8%,3.626,-0.4%,3.697,+2.0%,48.59,13.1,+7.4%,+46.0%,+26.7%,+90.3%
ST,Extended,Industrial / Cyclical,Industrials,Capital Goods,Adj,Dec,EPS,CY2027,3.782,3.969,+4.9%,3.925,-1.1%,4.023,+2.5%,48.59,12.1,+6.4%,+46.0%,+26.7%,+90.3%
ST,Extended,Industrial / Cyclical,Industrials,Capital Goods,Adj,Dec,EPS,CY2028,4.2,4.243,+1.0%,4.26,+0.4%,4.367,+2.5%,48.59,11.1,+4.0%,+46.0%,+26.7%,+90.3%
ZBRA,Extended,Industrial / Cyclical,Information Technology,Technology Hardware & Equipmen,Adj,Dec,EPS,CY2025,14.555,15.831,+8.8%,15.841,+0.1%,15.841,+0.0%,255.55,16.1,+8.8%,+5.2%,+0.1%,-11.4%
ZBRA,Extended,Industrial / Cyclical,Information Technology,Technology Hardware & Equipmen,Adj,Dec,EPS,CY2026,16.462,17.73,+7.7%,17.908,+1.0%,18.558,+3.6%,255.55,13.8,+12.7%,+5.2%,+0.1%,-11.4%
ZBRA,Extended,Industrial / Cyclical,Information Technology,Technology Hardware & Equipmen,Adj,Dec,EPS,CY2027,18.881,19.861,+5.2%,20.002,+0.7%,20.605,+3.0%,255.55,12.4,+9.1%,+5.2%,+0.1%,-11.4%
ZBRA,Extended,Industrial / Cyclical,Information Technology,Technology Hardware & Equipmen,Adj,Dec,EPS,CY2028,22.76,23.258,+2.2%,22.281,-4.2%,22.631,+1.6%,255.55,11.3,-0.6%,+5.2%,+0.1%,-11.4%
LIN,Extended,Industrial / Cyclical,Materials,Materials,GAAP,Dec,EPS,CY2025,15.219,15.526,+2.0%,15.598,+0.5%,15.598,+0.0%,517.58,33.2,+2.5%,+21.4%,+4.2%,+12.8%
LIN,Extended,Industrial / Cyclical,Materials,Materials,GAAP,Dec,EPS,CY2026,16.83,17.001,+1.0%,16.708,-1.7%,16.932,+1.3%,517.58,30.6,+0.6%,+21.4%,+4.2%,+12.8%
LIN,Extended,Industrial / Cyclical,Materials,Materials,GAAP,Dec,EPS,CY2027,18.536,18.655,+0.6%,18.156,-2.7%,18.613,+2.5%,517.58,27.8,+0.4%,+21.4%,+4.2%,+12.8%
LIN,Extended,Industrial / Cyclical,Materials,Materials,GAAP,Dec,EPS,CY2028,20.775,20.952,+0.9%,20.198,-3.6%,20.207,+0.0%,517.58,25.6,-2.7%,+21.4%,+4.2%,+12.8%
APD,Extended,Industrial / Cyclical,Materials,Materials,Adj,Sep,EPS,CY2025,12.105,11.994,-0.9%,11.994,+0.0%,11.994,+0.0%,289.47,24.1,-0.9%,+17.2%,+2.9%,+7.5%
APD,Extended,Industrial / Cyclical,Materials,Materials,Adj,Sep,EPS,CY2026,13.126,12.982,-1.1%,13.054,+0.6%,13.228,+1.3%,289.47,21.9,+0.8%,+17.2%,+2.9%,+7.5%
APD,Extended,Industrial / Cyclical,Materials,Materials,Adj,Sep,EPS,CY2027,14.504,13.989,-3.6%,14.038,+0.4%,14.313,+2.0%,289.47,20.2,-1.3%,+17.2%,+2.9%,+7.5%
APD,Extended,Industrial / Cyclical,Materials,Materials,Adj,Sep,EPS,CY2028,16.342,15.857,-3.0%,15.39,-2.9%,15.583,+1.3%,289.47,18.6,-4.6%,+17.2%,+2.9%,+7.5%
URI,Extended,Industrial / Cyclical,Industrials,Capital Goods,Adj,Dec,EPS,CY2025,43.388,42.543,-1.9%,42.596,+0.1%,42.596,+0.0%,938.62,22.0,-1.8%,+16.0%,+3.2%,+33.4%
URI,Extended,Industrial / Cyclical,Industrials,Capital Goods,Adj,Dec,EPS,CY2026,47.698,47.184,-1.1%,46.647,-1.1%,46.715,+0.1%,938.62,20.1,-2.1%,+16.0%,+3.2%,+33.4%
URI,Extended,Industrial / Cyclical,Industrials,Capital Goods,Adj,Dec,EPS,CY2027,53.293,54.006,+1.3%,53.134,-1.6%,53.672,+1.0%,938.62,17.5,+0.7%,+16.0%,+3.2%,+33.4%
URI,Extended,Industrial / Cyclical,Industrials,Capital Goods,Adj,Dec,EPS,CY2028,61.135,64.12,+4.9%,61.042,-4.8%,61.374,+0.5%,938.62,15.3,+0.4%,+16.0%,+3.2%,+33.4%
WSC,Extended,Industrial / Cyclical,Industrials,Capital Goods,Adj,Dec,EPS,CY2025,1.57,1.101,-29.9%,1.114,+1.2%,1.114,+0.0%,24.78,22.2,-29.0%,+31.6%,+8.6%,-9.5%
WSC,Extended,Industrial / Cyclical,Industrials,Capital Goods,Adj,Dec,EPS,CY2026,1.906,1.122,-41.1%,1.007,-10.2%,1.072,+6.5%,24.78,23.1,-43.8%,+31.6%,+8.6%,-9.5%
WSC,Extended,Industrial / Cyclical,Industrials,Capital Goods,Adj,Dec,EPS,CY2027,2.352,1.497,-36.4%,1.299,-13.2%,1.322,+1.8%,24.78,18.7,-43.8%,+31.6%,+8.6%,-9.5%
WSC,Extended,Industrial / Cyclical,Industrials,Capital Goods,Adj,Dec,EPS,CY2028,2.73,2.038,-25.3%,1.746,-14.3%,1.692,-3.1%,24.78,14.6,-38.0%,+31.6%,+8.6%,-9.5%
FLR,Extended,Industrial / Cyclical,Industrials,Capital Goods,Adj,Dec,EPS,CY2025,2.514,2.209,-12.1%,2.192,-0.8%,2.192,+0.0%,44.87,20.5,-12.8%,+13.2%,-16.4%,+19.4%
FLR,Extended,Industrial / Cyclical,Industrials,Capital Goods,Adj,Dec,EPS,CY2026,2.798,2.397,-14.3%,2.701,+12.7%,2.599,-3.8%,44.87,17.3,-7.1%,+13.2%,-16.4%,+19.4%
FLR,Extended,Industrial / Cyclical,Industrials,Capital Goods,Adj,Dec,EPS,CY2027,3.206,2.786,-13.1%,3.26,+17.0%,3.233,-0.8%,44.87,13.9,+0.8%,+13.2%,-16.4%,+19.4%
FLR,Extended,Industrial / Cyclical,Industrials,Capital Goods,Adj,Dec,EPS,CY2028,3.675,3.348,-8.9%,3.795,+13.4%,3.815,+0.5%,44.87,11.8,+3.8%,+13.2%,-16.4%,+19.4%
J,Extended,Industrial / Cyclical,Industrials,Commercial & Professional Serv,Adj,Sep,EPS,CY2025,5.998,6.038,+0.7%,6.038,+0.0%,6.038,+0.0%,114.69,19.0,+0.7%,-13.4%,-16.8%,-9.6%
J,Extended,Industrial / Cyclical,Industrials,Commercial & Professional Serv,Adj,Sep,EPS,CY2026,6.872,7.035,+2.4%,7.119,+1.2%,7.232,+1.6%,114.69,15.9,+5.2%,-13.4%,-16.8%,-9.6%
J,Extended,Industrial / Cyclical,Industrials,Commercial & Professional Serv,Adj,Sep,EPS,CY2027,7.634,7.957,+4.2%,8.027,+0.9%,8.309,+3.5%,114.69,13.8,+8.8%,-13.4%,-16.8%,-9.6%
J,Extended,Industrial / Cyclical,Industrials,Commercial & Professional Serv,Adj,Sep,EPS,CY2028,8.804,8.928,+1.4%,8.977,+0.5%,9.461,+5.4%,114.69,12.1,+7.5%,-13.4%,-16.8%,-9.6%
ACM,Extended,Industrial / Cyclical,Industrials,Capital Goods,Adj,Sep,EPS,CY2025,5.164,5.239,+1.5%,5.239,+0.0%,5.239,+0.0%,72.04,13.8,+1.5%,-24.4%,-26.4%,-32.9%
ACM,Extended,Industrial / Cyclical,Industrials,Capital Goods,Adj,Sep,EPS,CY2026,5.684,5.505,-3.1%,5.965,+8.4%,5.995,+0.5%,72.04,12.0,+5.5%,-24.4%,-26.4%,-32.9%
ACM,Extended,Industrial / Cyclical,Industrials,Capital Goods,Adj,Sep,EPS,CY2027,6.376,6.241,-2.1%,6.625,+6.2%,6.72,+1.4%,72.04,10.7,+5.4%,-24.4%,-26.4%,-32.9%
ACM,Extended,Industrial / Cyclical,Industrials,Capital Goods,Adj,Sep,EPS,CY2028,7.79,7.167,-8.0%,7.626,+6.4%,7.736,+1.4%,72.04,9.3,-0.7%,-24.4%,-26.4%,-32.9%
DE,Extended,Industrial / Cyclical,Industrials,Capital Goods,Adj,Oct,EPS,CY2025,18.811,18.412,-2.1%,18.412,+0.0%,18.412,+0.0%,529.15,28.7,-2.1%,+13.7%,-20.1%,+2.6%
DE,Extended,Industrial / Cyclical,Industrials,Capital Goods,Adj,Oct,EPS,CY2026,22.418,19.979,-10.9%,17.498,-12.4%,17.954,+2.6%,529.15,29.5,-19.9%,+13.7%,-20.1%,+2.6%
DE,Extended,Industrial / Cyclical,Industrials,Capital Goods,Adj,Oct,EPS,CY2027,26.881,25.241,-6.1%,22.777,-9.8%,22.923,+0.6%,529.15,23.1,-14.7%,+13.7%,-20.1%,+2.6%
DE,Extended,Industrial / Cyclical,Industrials,Capital Goods,Adj,Oct,EPS,CY2028,36.85,31.376,-14.9%,28.325,-9.7%,28.715,+1.4%,529.15,18.4,-22.1%,+13.7%,-20.1%,+2.6%
DOW,Extended,Industrial / Cyclical,Materials,Materials,Adj,Dec,EPS,CY2025,0.423,-0.954,-325.5%,-1.022,-7.1%,-1.022,+0.0%,36.01,-35.2,-341.6%,+54.0%,+18.0%,+25.6%
DOW,Extended,Industrial / Cyclical,Materials,Materials,Adj,Dec,EPS,CY2026,1.391,-0.14,-110.1%,-0.29,-107.1%,3.105,+1170.7%,36.01,11.6,+123.2%,+54.0%,+18.0%,+25.6%
DOW,Extended,Industrial / Cyclical,Materials,Materials,Adj,Dec,EPS,CY2027,2.045,0.638,-68.8%,0.611,-4.2%,2.458,+302.3%,36.01,14.7,+20.2%,+54.0%,+18.0%,+25.6%
DOW,Extended,Industrial / Cyclical,Materials,Materials,Adj,Dec,EPS,CY2028,2.72,1.938,-28.8%,1.396,-28.0%,2.409,+72.6%,36.01,14.9,-11.4%,+54.0%,+18.0%,+25.6%
FMC,Extended,Industrial / Cyclical,Materials,Materials,Adj,Dec,EPS,CY2025,3.416,2.968,-13.1%,2.938,-1.0%,2.938,+0.0%,13.11,4.5,-14.0%,-5.5%,-10.3%,-65.5%
FMC,Extended,Industrial / Cyclical,Materials,Materials,Adj,Dec,EPS,CY2026,3.996,2.651,-33.7%,1.86,-29.8%,1.721,-7.5%,13.11,7.6,-56.9%,-5.5%,-10.3%,-65.5%
FMC,Extended,Industrial / Cyclical,Materials,Materials,Adj,Dec,EPS,CY2027,4.568,3.044,-33.4%,2.378,-21.9%,2.236,-6.0%,13.11,5.9,-51.1%,-5.5%,-10.3%,-65.5%
FMC,Extended,Industrial / Cyclical,Materials,Materials,Adj,Dec,EPS,CY2028,5.144,3.77,-26.7%,2.76,-26.8%,2.492,-9.7%,13.11,5.3,-51.6%,-5.5%,-10.3%,-65.5%
MWA,Extended,Industrial / Cyclical,Industrials,Capital Goods,Adj,Sep,EPS,CY2025,1.232,1.255,+1.9%,1.255,+0.0%,1.255,+0.0%,25.31,20.2,+1.9%,+6.3%,-15.5%,+3.6%
MWA,Extended,Industrial / Cyclical,Industrials,Capital Goods,Adj,Sep,EPS,CY2026,1.35,1.385,+2.6%,1.446,+4.4%,1.478,+2.2%,25.31,17.1,+9.5%,+6.3%,-15.5%,+3.6%
MWA,Extended,Industrial / Cyclical,Industrials,Capital Goods,Adj,Sep,EPS,CY2027,1.395,1.49,+6.8%,1.55,+4.0%,1.58,+1.9%,25.31,16.0,+13.3%,+6.3%,-15.5%,+3.6%
MWA,Extended,Industrial / Cyclical,Industrials,Capital Goods,Adj,Sep,EPS,CY2028,1.61,1.45,-9.9%,1.643,+13.3%,1.665,+1.3%,25.31,15.2,+3.4%,+6.3%,-15.5%,+3.6%
BNR,Extended,Industrial / Cyclical,Industrials,Capital Goods,Adj,Dec,EPS,CY2025,4.552,3.268,-28.2%,2.936,-10.2%,2.773,-5.6%,57.28,20.7,-39.1%,+15.6%,+6.0%,-3.2%
BNR,Extended,Industrial / Cyclical,Industrials,Capital Goods,Adj,Dec,EPS,CY2026,5.093,3.919,-23.1%,3.517,-10.3%,3.581,+1.8%,57.28,16.0,-29.7%,+15.6%,+6.0%,-3.2%
BNR,Extended,Industrial / Cyclical,Industrials,Capital Goods,Adj,Dec,EPS,CY2027,5.633,4.463,-20.8%,4.061,-9.0%,4.006,-1.4%,57.28,14.3,-28.9%,+15.6%,+6.0%,-3.2%
BNR,Extended,Industrial / Cyclical,Industrials,Capital Goods,Adj,Dec,EPS,CY2028,6.197,4.99,-19.5%,4.477,-10.3%,4.218,-5.8%,57.28,13.6,-31.9%,+15.6%,+6.0%,-3.2%
MIDD,Extended,Industrial / Cyclical,Industrials,Capital Goods,Adj,Dec,EPS,CY2025,9.538,9.065,-5.0%,9.051,-0.2%,9.05,-0.0%,148.09,16.4,-5.1%,-0.4%,-7.9%,+0.6%
MIDD,Extended,Industrial / Cyclical,Industrials,Capital Goods,Adj,Dec,EPS,CY2026,10.496,9.631,-8.2%,9.44,-2.0%,9.599,+1.7%,148.09,15.4,-8.5%,-0.4%,-7.9%,+0.6%
MIDD,Extended,Industrial / Cyclical,Industrials,Capital Goods,Adj,Dec,EPS,CY2027,11.873,10.5,-11.6%,8.616,-17.9%,10.933,+26.9%,148.09,13.5,-7.9%,-0.4%,-7.9%,+0.6%
MIDD,Extended,Industrial / Cyclical,Industrials,Capital Goods,Adj,Dec,EPS,CY2028,13.25,12.58,-5.1%,7.56,-39.9%,12.75,+68.7%,148.09,11.6,-3.8%,-0.4%,-7.9%,+0.6%
LECO,Extended,Industrial / Cyclical,Industrials,Capital Goods,Adj,Dec,EPS,CY2025,9.015,9.75,+8.2%,9.722,-0.3%,9.722,+0.0%,263.43,27.1,+7.8%,+9.9%,-7.9%,+35.5%
LECO,Extended,Industrial / Cyclical,Industrials,Capital Goods,Adj,Dec,EPS,CY2026,9.916,10.739,+8.3%,10.823,+0.8%,10.901,+0.7%,263.43,24.2,+9.9%,+9.9%,-7.9%,+35.5%
LECO,Extended,Industrial / Cyclical,Industrials,Capital Goods,Adj,Dec,EPS,CY2027,10.497,11.545,+10.0%,11.844,+2.6%,12.029,+1.6%,263.43,21.9,+14.6%,+9.9%,-7.9%,+35.5%
LECO,Extended,Industrial / Cyclical,Industrials,Capital Goods,Adj,Dec,EPS,CY2028,12.11,12.765,+5.4%,12.609,-1.2%,12.881,+2.2%,263.43,20.5,+6.4%,+9.9%,-7.9%,+35.5%
GWW,Extended,Distributors,Industrials,Capital Goods,Adj,Dec,EPS,CY2025,40.513,39.465,-2.6%,39.507,+0.1%,39.507,+0.0%,1247.79,31.6,-2.5%,+23.7%,+10.7%,+15.7%
GWW,Extended,Distributors,Industrials,Capital Goods,Adj,Dec,EPS,CY2026,44.62,43.675,-2.1%,43.574,-0.2%,45.459,+4.3%,1247.79,27.4,+1.9%,+23.7%,+10.7%,+15.7%
GWW,Extended,Distributors,Industrials,Capital Goods,Adj,Dec,EPS,CY2027,49.39,48.474,-1.9%,48.236,-0.5%,50.309,+4.3%,1247.79,24.8,+1.9%,+23.7%,+10.7%,+15.7%
GWW,Extended,Distributors,Industrials,Capital Goods,Adj,Dec,EPS,CY2028,54.628,53.143,-2.7%,52.631,-1.0%,54.728,+4.0%,1247.79,22.8,+0.2%,+23.7%,+10.7%,+15.7%
FAST,Extended,Distributors,Industrials,Capital Goods,Adj,Dec,EPS,CY2025,1.091,1.098,+0.6%,1.098,+0.0%,1.098,+0.0%,43.94,40.0,+0.6%,+9.5%,-4.9%,+7.9%
FAST,Extended,Distributors,Industrials,Capital Goods,Adj,Dec,EPS,CY2026,1.201,1.216,+1.2%,1.222,+0.5%,1.238,+1.3%,43.94,35.5,+3.1%,+9.5%,-4.9%,+7.9%
FAST,Extended,Distributors,Industrials,Capital Goods,Adj,Dec,EPS,CY2027,1.309,1.323,+1.1%,1.341,+1.4%,1.369,+2.1%,43.94,32.1,+4.6%,+9.5%,-4.9%,+7.9%
FAST,Extended,Distributors,Industrials,Capital Goods,Adj,Dec,EPS,CY2028,1.48,1.445,-2.4%,1.461,+1.1%,1.487,+1.8%,43.94,29.5,+0.5%,+9.5%,-4.9%,+7.9%
WSO,Extended,Distributors,Industrials,Capital Goods,Adj,Dec,EPS,CY2025,14.257,12.519,-12.2%,12.338,-1.4%,12.338,+0.0%,375.17,30.4,-13.5%,+11.3%,-8.5%,-17.7%
WSO,Extended,Distributors,Industrials,Capital Goods,Adj,Dec,EPS,CY2026,15.512,13.551,-12.6%,12.716,-6.2%,12.728,+0.1%,375.17,29.5,-17.9%,+11.3%,-8.5%,-17.7%
WSO,Extended,Distributors,Industrials,Capital Goods,Adj,Dec,EPS,CY2027,17.168,15.054,-12.3%,13.899,-7.7%,13.928,+0.2%,375.17,26.9,-18.9%,+11.3%,-8.5%,-17.7%
WSO,Extended,Distributors,Industrials,Capital Goods,Adj,Dec,EPS,CY2028,19.207,17.715,-7.8%,16.24,-8.3%,15.979,-1.6%,375.17,23.5,-16.8%,+11.3%,-8.5%,-17.7%
WCC,Extended,Distributors,Industrials,Capital Goods,Adj,Dec,EPS,CY2025,13.172,13.361,+1.4%,13.435,+0.6%,13.435,+0.0%,363.57,27.1,+2.0%,+48.6%,+22.4%,+119.2%
WCC,Extended,Distributors,Industrials,Capital Goods,Adj,Dec,EPS,CY2026,15.819,16.295,+3.0%,15.678,-3.8%,16.07,+2.5%,363.57,22.6,+1.6%,+48.6%,+22.4%,+119.2%
WCC,Extended,Distributors,Industrials,Capital Goods,Adj,Dec,EPS,CY2027,18.578,19.076,+2.7%,18.308,-4.0%,18.788,+2.6%,363.57,19.4,+1.1%,+48.6%,+22.4%,+119.2%
WCC,Extended,Distributors,Industrials,Capital Goods,Adj,Dec,EPS,CY2028,20.967,22.05,+5.2%,21.108,-4.3%,21.618,+2.4%,363.57,16.8,+3.1%,+48.6%,+22.4%,+119.2%
MSM,Extended,Distributors,Industrials,Capital Goods,Adj,Aug,EPS,CY2025,3.526,3.678,+4.3%,3.678,+0.0%,3.678,+0.0%,106.5,29.0,+4.3%,+26.6%,+13.5%,+34.7%
MSM,Extended,Distributors,Industrials,Capital Goods,Adj,Aug,EPS,CY2026,3.921,4.275,+9.0%,4.304,+0.7%,4.358,+1.3%,106.5,24.4,+11.1%,+26.6%,+13.5%,+34.7%
MSM,Extended,Distributors,Industrials,Capital Goods,Adj,Aug,EPS,CY2027,4.66,4.833,+3.7%,4.873,+0.8%,4.937,+1.3%,106.5,21.6,+5.9%,+26.6%,+13.5%,+34.7%
MSM,Extended,Distributors,Industrials,Capital Goods,Adj,Aug,EPS,CY2028,6.117,5.463,-10.7%,5.543,+1.5%,5.629,+1.6%,106.5,18.9,-8.0%,+26.6%,+13.5%,+34.7%
SITE,Extended,Distributors,Industrials,Capital Goods,Adj,Dec,EPS,CY2025,3.581,3.627,+1.3%,3.611,-0.4%,3.611,+0.0%,113.36,31.4,+0.8%,-9.0%,-25.1%,-2.1%
SITE,Extended,Distributors,Industrials,Capital Goods,Adj,Dec,EPS,CY2026,4.398,4.403,+0.1%,4.401,-0.0%,4.271,-3.0%,113.36,26.5,-2.9%,-9.0%,-25.1%,-2.1%
SITE,Extended,Distributors,Industrials,Capital Goods,Adj,Dec,EPS,CY2027,5.437,5.158,-5.1%,5.254,+1.9%,5.204,-1.0%,113.36,21.8,-4.3%,-9.0%,-25.1%,-2.1%
SITE,Extended,Distributors,Industrials,Capital Goods,Adj,Dec,EPS,CY2028,5.82,6.215,+6.8%,6.275,+1.0%,6.128,-2.3%,113.36,18.5,+5.3%,-9.0%,-25.1%,-2.1%
GPC,Extended,Distributors,Consumer Discretionary,Consumer Discretionary Distrib,Adj,Dec,EPS,CY2025,7.61,7.626,+0.2%,7.633,+0.1%,7.633,+0.0%,97.87,12.8,+0.3%,-20.4%,-17.1%,-22.9%
GPC,Extended,Distributors,Consumer Discretionary,Consumer Discretionary Distrib,Adj,Dec,EPS,CY2026,8.501,8.413,-1.0%,7.906,-6.0%,7.671,-3.0%,97.87,12.8,-9.8%,-20.4%,-17.1%,-22.9%
GPC,Extended,Distributors,Consumer Discretionary,Consumer Discretionary Distrib,Adj,Dec,EPS,CY2027,9.301,9.161,-1.5%,8.612,-6.0%,8.379,-2.7%,97.87,11.7,-9.9%,-20.4%,-17.1%,-22.9%
GPC,Extended,Distributors,Consumer Discretionary,Consumer Discretionary Distrib,Adj,Dec,EPS,CY2028,9.773,9.953,+1.8%,9.23,-7.3%,9.268,+0.4%,97.87,10.6,-5.2%,-20.4%,-17.1%,-22.9%
DNOW,Extended,Distributors,Industrials,Capital Goods,Adj,Dec,EPS,CY2025,0.883,0.885,+0.2%,0.855,-3.4%,0.855,+0.0%,13.07,15.3,-3.2%,-1.4%,-1.2%,-10.4%
DNOW,Extended,Distributors,Industrials,Capital Goods,Adj,Dec,EPS,CY2026,0.937,0.98,+4.6%,0.885,-9.7%,0.368,-58.4%,13.07,35.5,-60.7%,-1.4%,-1.2%,-10.4%
DNOW,Extended,Distributors,Industrials,Capital Goods,Adj,Dec,EPS,CY2027,1.04,1.197,+15.1%,1.137,-5.0%,0.948,-16.6%,13.07,13.8,-8.8%,-1.4%,-1.2%,-10.4%
DNOW,Extended,Distributors,Industrials,Capital Goods,Adj,Dec,EPS,CY2028,1.14,1.51,+32.5%,1.51,+0.0%,0.93,-38.4%,13.07,14.1,-18.4%,-1.4%,-1.2%,-10.4%
TCEHY,Extended,China equities,Communication Services,Media & Entertainment,GAAP,Dec,EPS,CY2025,22.221,24.281,+9.3%,24.208,-0.3%,24.188,-0.1%,56.07,2.3,+8.9%,-26.8%,-17.6%,-14.2%
TCEHY,Extended,China equities,Communication Services,Media & Entertainment,GAAP,Dec,EPS,CY2026,25.432,27.847,+9.5%,27.656,-0.7%,26.445,-4.4%,56.07,2.1,+4.0%,-26.8%,-17.6%,-14.2%
TCEHY,Extended,China equities,Communication Services,Media & Entertainment,GAAP,Dec,EPS,CY2027,28.882,31.436,+8.8%,31.421,-0.0%,29.662,-5.6%,56.07,1.9,+2.7%,-26.8%,-17.6%,-14.2%
TCEHY,Extended,China equities,Communication Services,Media & Entertainment,GAAP,Dec,EPS,CY2028,31.681,34.759,+9.7%,34.039,-2.1%,33.475,-1.7%,56.07,1.7,+5.7%,-26.8%,-17.6%,-14.2%
BIDU,Extended,China equities,Communication Services,Media & Entertainment,Adj,Dec,EPS,CY2025,70.529,53.116,-24.7%,53.253,+0.3%,51.981,-2.4%,127.79,2.5,-26.3%,-2.2%,-5.9%,+52.0%
BIDU,Extended,China equities,Communication Services,Media & Entertainment,Adj,Dec,EPS,CY2026,74.148,57.911,-21.9%,57.618,-0.5%,54.435,-5.5%,127.79,2.3,-26.6%,-2.2%,-5.9%,+52.0%
BIDU,Extended,China equities,Communication Services,Media & Entertainment,Adj,Dec,EPS,CY2027,85.821,67.116,-21.8%,70.107,+4.5%,61.778,-11.9%,127.79,2.1,-28.0%,-2.2%,-5.9%,+52.0%
BIDU,Extended,China equities,Communication Services,Media & Entertainment,Adj,Dec,EPS,CY2028,107.783,74.482,-30.9%,95.564,+28.3%,75.72,-20.8%,127.79,1.7,-29.7%,-2.2%,-5.9%,+52.0%
JD,Extended,China equities,Consumer Discretionary,Consumer Discretionary Distrib,Adj,Dec,EPS,CY2025,30.929,19.127,-38.2%,17.635,-7.8%,17.531,-0.6%,30.52,1.7,-43.3%,+6.3%,+11.3%,-9.4%
JD,Extended,China equities,Consumer Discretionary,Consumer Discretionary Distrib,Adj,Dec,EPS,CY2026,34.879,24.936,-28.5%,19.643,-21.2%,21.466,+9.3%,30.52,1.4,-38.5%,+6.3%,+11.3%,-9.4%
JD,Extended,China equities,Consumer Discretionary,Consumer Discretionary Distrib,Adj,Dec,EPS,CY2027,37.946,33.304,-12.2%,28.271,-15.1%,28.499,+0.8%,30.52,1.1,-24.9%,+6.3%,+11.3%,-9.4%
JD,Extended,China equities,Consumer Discretionary,Consumer Discretionary Distrib,Adj,Dec,EPS,CY2028,39.49,37.543,-4.9%,35.359,-5.8%,34.337,-2.9%,30.52,0.9,-13.0%,+6.3%,+11.3%,-9.4%
700,Extended,China equities,Communication Services,Media & Entertainment,GAAP,Dec,EPS,CY2025,22.221,24.281,+9.3%,24.208,-0.3%,24.188,-0.1%,441.4,18.2,+8.9%,-26.3%,-18.0%,-14.8%
700,Extended,China equities,Communication Services,Media & Entertainment,GAAP,Dec,EPS,CY2026,25.432,27.847,+9.5%,27.656,-0.7%,26.445,-4.4%,441.4,16.7,+4.0%,-26.3%,-18.0%,-14.8%
700,Extended,China equities,Communication Services,Media & Entertainment,GAAP,Dec,EPS,CY2027,28.882,31.436,+8.8%,31.421,-0.0%,29.662,-5.6%,441.4,14.9,+2.7%,-26.3%,-18.0%,-14.8%
700,Extended,China equities,Communication Services,Media & Entertainment,GAAP,Dec,EPS,CY2028,31.681,34.759,+9.7%,34.039,-2.1%,33.475,-1.7%,441.4,13.2,+5.7%,-26.3%,-18.0%,-14.8%
TCOM,Extended,China equities,Consumer Discretionary,Consumer Services,Adj,Dec,EPS,CY2025,25.604,45.51,+77.7%,45.404,-0.2%,45.003,-0.9%,46.37,1.0,+75.8%,-35.5%,-15.0%,-24.1%
TCOM,Extended,China equities,Consumer Discretionary,Consumer Services,Adj,Dec,EPS,CY2026,29.289,29.594,+1.0%,29.409,-0.6%,27.656,-6.0%,46.37,1.7,-5.6%,-35.5%,-15.0%,-24.1%
TCOM,Extended,China equities,Consumer Discretionary,Consumer Services,Adj,Dec,EPS,CY2027,33.622,33.43,-0.6%,33.237,-0.6%,31.542,-5.1%,46.37,1.5,-6.2%,-35.5%,-15.0%,-24.1%
TCOM,Extended,China equities,Consumer Discretionary,Consumer Services,Adj,Dec,EPS,CY2028,37.178,36.843,-0.9%,37.057,+0.6%,35.73,-3.6%,46.37,1.3,-3.9%,-35.5%,-15.0%,-24.1%
3988,Extended,China equities,Financials,Banks,GAAP,Dec,EPS,CY2025,0.753,0.726,-3.6%,0.726,+0.0%,0.727,+0.1%,5.23,7.2,-3.5%,+17.3%,+9.9%,+11.8%
3988,Extended,China equities,Financials,Banks,GAAP,Dec,EPS,CY2026,0.774,0.734,-5.2%,0.736,+0.3%,0.748,+1.6%,5.23,7.0,-3.4%,+17.3%,+9.9%,+11.8%
3988,Extended,China equities,Financials,Banks,GAAP,Dec,EPS,CY2027,0.808,0.763,-5.6%,0.761,-0.3%,0.781,+2.6%,5.23,6.7,-3.3%,+17.3%,+9.9%,+11.8%
3988,Extended,China equities,Financials,Banks,GAAP,Dec,EPS,CY2028,0.76,0.797,+4.9%,0.805,+1.0%,0.83,+3.1%,5.23,6.3,+9.2%,+17.3%,+9.9%,+11.8%
3690,Extended,China equities,Consumer Discretionary,Consumer Services,GAAP,Dec,EPS,CY2025,6.763,-2.208,-132.6%,-3.828,-73.4%,-3.845,-0.4%,81.35,-21.2,-156.9%,-21.2%,-4.3%,-40.6%
3690,Extended,China equities,Consumer Discretionary,Consumer Services,GAAP,Dec,EPS,CY2026,8.622,2.393,-72.2%,-0.726,-130.3%,-2.285,-214.7%,81.35,-35.6,-126.5%,-21.2%,-4.3%,-40.6%
3690,Extended,China equities,Consumer Discretionary,Consumer Services,GAAP,Dec,EPS,CY2027,10.603,6.343,-40.2%,4.497,-29.1%,2.904,-35.4%,81.35,28.0,-72.6%,-21.2%,-4.3%,-40.6%
3690,Extended,China equities,Consumer Discretionary,Consumer Services,GAAP,Dec,EPS,CY2028,11.823,8.343,-29.4%,7.662,-8.2%,5.634,-26.5%,81.35,14.4,-52.3%,-21.2%,-4.3%,-40.6%
1398,Extended,China equities,Financials,Banks,GAAP,Dec,EPS,CY2025,0.989,0.991,+0.2%,0.998,+0.7%,1.007,+0.9%,6.85,6.8,+1.8%,+8.9%,+4.4%,+20.4%
1398,Extended,China equities,Financials,Banks,GAAP,Dec,EPS,CY2026,1.0,1.001,+0.1%,1.004,+0.3%,1.034,+3.0%,6.85,6.6,+3.4%,+8.9%,+4.4%,+20.4%
1398,Extended,China equities,Financials,Banks,GAAP,Dec,EPS,CY2027,1.033,1.028,-0.5%,1.025,-0.3%,1.078,+5.2%,6.85,6.4,+4.4%,+8.9%,+4.4%,+20.4%
1398,Extended,China equities,Financials,Banks,GAAP,Dec,EPS,CY2028,,,,,,1.137,,6.85,6.0,,+8.9%,+4.4%,+20.4%
VIPS,Extended,China equities,Consumer Discretionary,Consumer Discretionary Distrib,Adj,Dec,EPS,CY2025,16.947,16.522,-2.5%,16.633,+0.7%,16.633,+0.0%,14.41,0.9,-1.9%,-18.5%,-18.6%,-1.0%
VIPS,Extended,China equities,Consumer Discretionary,Consumer Discretionary Distrib,Adj,Dec,EPS,CY2026,17.718,17.705,-0.1%,17.622,-0.5%,17.567,-0.3%,14.41,0.8,-0.9%,-18.5%,-18.6%,-1.0%
VIPS,Extended,China equities,Consumer Discretionary,Consumer Discretionary Distrib,Adj,Dec,EPS,CY2027,18.428,18.658,+1.2%,18.704,+0.2%,18.388,-1.7%,14.41,0.8,-0.2%,-18.5%,-18.6%,-1.0%
VIPS,Extended,China equities,Consumer Discretionary,Consumer Discretionary Distrib,Adj,Dec,EPS,CY2028,20.83,21.65,+3.9%,20.897,-3.5%,19.148,-8.4%,14.41,0.8,-8.1%,-18.5%,-18.6%,-1.0%
2199,Extended,China equities,Consumer Discretionary,Consumer Durables & Apparel,Adj,Mar,EPS,CY2025,,0.18,,0.36,+100.0%,0.36,+0.0%,1.78,4.9,,-27.6%,-23.3%,+10.0%
2199,Extended,China equities,Consumer Discretionary,Consumer Durables & Apparel,Adj,Mar,EPS,CY2026,,0.345,,0.47,+36.2%,0.47,+0.0%,1.78,3.8,,-27.6%,-23.3%,+10.0%
2199,Extended,China equities,Consumer Discretionary,Consumer Durables & Apparel,Adj,Mar,EPS,CY2027,,,,0.5,,0.5,+0.0%,1.78,3.6,,-27.6%,-23.3%,+10.0%
2199,Extended,China equities,Consumer Discretionary,Consumer Durables & Apparel,Adj,Mar,EPS,CY2028,,,,,,,,1.78,,,-27.6%,-23.3%,+10.0%
600104,Extended,China equities,Consumer Discretionary,Automobiles & Components,Adj,Dec,EPS,CY2025,0.903,1.015,+12.4%,0.961,-5.3%,0.956,-0.5%,12.48,13.1,+5.9%,-18.0%,-12.8%,-26.0%
600104,Extended,China equities,Consumer Discretionary,Automobiles & Components,Adj,Dec,EPS,CY2026,1.128,1.217,+7.9%,1.155,-5.1%,1.059,-8.3%,12.48,11.8,-6.1%,-18.0%,-12.8%,-26.0%
600104,Extended,China equities,Consumer Discretionary,Automobiles & Components,Adj,Dec,EPS,CY2027,1.271,1.459,+14.8%,1.398,-4.2%,1.204,-13.9%,12.48,10.4,-5.3%,-18.0%,-12.8%,-26.0%
600104,Extended,China equities,Consumer Discretionary,Automobiles & Components,Adj,Dec,EPS,CY2028,0.84,1.85,+120.2%,1.85,+0.0%,1.313,-29.0%,12.48,9.5,+56.3%,-18.0%,-12.8%,-26.0%
175,Extended,China equities,Consumer Discretionary,Automobiles & Components,GAAP,Dec,EPS,CY2025,1.465,1.628,+11.1%,1.614,-0.9%,1.601,-0.8%,19.45,12.1,+9.3%,+8.7%,+13.1%,-4.2%
175,Extended,China equities,Consumer Discretionary,Automobiles & Components,GAAP,Dec,EPS,CY2026,1.774,1.928,+8.7%,1.914,-0.7%,1.978,+3.3%,19.45,9.8,+11.5%,+8.7%,+13.1%,-4.2%
175,Extended,China equities,Consumer Discretionary,Automobiles & Components,GAAP,Dec,EPS,CY2027,2.169,2.349,+8.3%,2.527,+7.6%,2.392,-5.3%,19.45,8.1,+10.3%,+8.7%,+13.1%,-4.2%
175,Extended,China equities,Consumer Discretionary,Automobiles & Components,GAAP,Dec,EPS,CY2028,2.06,2.295,+11.4%,2.217,-3.4%,2.774,+25.1%,19.45,7.0,+34.7%,+8.7%,+13.1%,-4.2%
2333,Extended,China equities,Consumer Discretionary,Automobiles & Components,Adj,Dec,EPS,CY2025,1.533,1.525,-0.5%,1.387,-9.0%,1.354,-2.4%,10.94,8.1,-11.7%,-28.5%,-17.7%,-13.7%
2333,Extended,China equities,Consumer Discretionary,Automobiles & Components,Adj,Dec,EPS,CY2026,1.751,1.829,+4.5%,1.667,-8.9%,1.348,-19.1%,10.94,8.1,-23.0%,-28.5%,-17.7%,-13.7%
2333,Extended,China equities,Consumer Discretionary,Automobiles & Components,Adj,Dec,EPS,CY2027,1.941,2.083,+7.3%,1.935,-7.1%,1.606,-17.0%,10.94,6.8,-17.3%,-28.5%,-17.7%,-13.7%
2333,Extended,China equities,Consumer Discretionary,Automobiles & Components,Adj,Dec,EPS,CY2028,10.948,1.64,-85.0%,1.457,-11.2%,1.857,+27.5%,10.94,5.9,-83.0%,-28.5%,-17.7%,-13.7%
NRG,Extended,Utilities,Utilities,Utilities,Adj,Dec,EPS,CY2025,7.482,7.954,+6.3%,7.977,+0.3%,7.908,-0.9%,137.65,17.4,+5.7%,-13.6%,-23.2%,-11.4%
NRG,Extended,Utilities,Utilities,Utilities,Adj,Dec,EPS,CY2026,8.478,8.711,+2.7%,8.732,+0.2%,9.399,+7.6%,137.65,14.6,+10.9%,-13.6%,-23.2%,-11.4%
NRG,Extended,Utilities,Utilities,Utilities,Adj,Dec,EPS,CY2027,9.663,10.661,+10.3%,10.893,+2.2%,11.56,+6.1%,137.65,11.9,+19.6%,-13.6%,-23.2%,-11.4%
NRG,Extended,Utilities,Utilities,Utilities,Adj,Dec,EPS,CY2028,10.848,11.879,+9.5%,12.183,+2.6%,13.091,+7.5%,137.65,10.5,+20.7%,-13.6%,-23.2%,-11.4%
CEG,Extended,Utilities,Utilities,Utilities,Adj,Dec,EPS,CY2025,9.482,9.277,-2.2%,9.295,+0.2%,9.29,-0.1%,294.07,31.7,-2.0%,-16.8%,-0.3%,+0.9%
CEG,Extended,Utilities,Utilities,Utilities,Adj,Dec,EPS,CY2026,11.349,11.443,+0.8%,11.429,-0.1%,11.625,+1.7%,294.07,25.3,+2.4%,-16.8%,-0.3%,+0.9%
CEG,Extended,Utilities,Utilities,Utilities,Adj,Dec,EPS,CY2027,12.133,13.143,+8.3%,13.388,+1.9%,13.547,+1.2%,294.07,21.7,+11.7%,-16.8%,-0.3%,+0.9%
CEG,Extended,Utilities,Utilities,Utilities,Adj,Dec,EPS,CY2028,14.48,16.396,+13.2%,16.175,-1.3%,17.116,+5.8%,294.07,17.2,+18.2%,-16.8%,-0.3%,+0.9%
VST,Extended,Utilities,Utilities,Utilities,Adj,Dec,EPS,CY2025,6.299,5.479,-13.0%,4.278,-21.9%,4.74,+10.8%,156.27,33.0,-24.7%,-3.1%,-8.8%,+1.0%
VST,Extended,Utilities,Utilities,Utilities,Adj,Dec,EPS,CY2026,8.298,8.813,+6.2%,8.8,-0.1%,8.899,+1.1%,156.27,17.6,+7.2%,-3.1%,-8.8%,+1.0%
VST,Extended,Utilities,Utilities,Utilities,Adj,Dec,EPS,CY2027,9.061,10.533,+16.2%,11.114,+5.5%,11.021,-0.8%,156.27,14.2,+21.6%,-3.1%,-8.8%,+1.0%
VST,Extended,Utilities,Utilities,Utilities,Adj,Dec,EPS,CY2028,11.153,12.533,+12.4%,13.053,+4.1%,12.587,-3.6%,156.27,12.4,+12.9%,-3.1%,-8.8%,+1.0%
AI,Extended,Technology,Information Technology,Software & Services,Adj,Apr,EPS,CY2025,-0.441,-0.441,+0.0%,-0.441,+0.0%,-0.441,+0.0%,9.29,-21.1,+0.0%,-31.1%,-10.5%,-59.1%
AI,Extended,Technology,Information Technology,Software & Services,Adj,Apr,EPS,CY2026,-0.394,-1.252,-217.8%,-1.349,-7.7%,-1.384,-2.6%,9.29,-6.7,-251.3%,-31.1%,-10.5%,-59.1%
AI,Extended,Technology,Information Technology,Software & Services,Adj,Apr,EPS,CY2027,-0.253,-0.891,-252.2%,-1.051,-18.0%,-0.772,+26.5%,9.29,-12.0,-205.1%,-31.1%,-10.5%,-59.1%
AI,Extended,Technology,Information Technology,Software & Services,Adj,Apr,EPS,CY2028,,-0.641,,-0.725,-13.1%,-0.538,+25.8%,9.29,-17.3,,-31.1%,-10.5%,-59.1%
PATH,Extended,Software,Information Technology,Software & Services,Adj,Jan,EPS,CY2025,0.543,0.663,+22.1%,0.672,+1.4%,0.672,+0.0%,10.93,16.3,+23.8%,-33.3%,+1.2%,-11.4%
PATH,Extended,Software,Information Technology,Software & Services,Adj,Jan,EPS,CY2026,0.592,0.746,+26.0%,0.761,+2.0%,0.8,+5.1%,10.93,13.7,+35.1%,-33.3%,+1.2%,-11.4%
PATH,Extended,Software,Information Technology,Software & Services,Adj,Jan,EPS,CY2027,0.62,0.808,+30.3%,0.822,+1.7%,0.895,+8.9%,10.93,12.2,+44.4%,-33.3%,+1.2%,-11.4%
PATH,Extended,Software,Information Technology,Software & Services,Adj,Jan,EPS,CY2028,,0.885,,0.863,-2.5%,0.992,+14.9%,10.93,11.0,,-33.3%,+1.2%,-11.4%
ON,Extended,Technology,Information Technology,Semiconductors & Semiconductor,Adj,Dec,EPS,CY2025,2.296,2.315,+0.8%,2.343,+1.2%,2.343,+0.0%,116.2,49.6,+2.0%,+114.6%,+68.1%,+174.8%
ON,Extended,Technology,Information Technology,Semiconductors & Semiconductor,Adj,Dec,EPS,CY2026,3.105,2.924,-5.8%,2.933,+0.3%,3.09,+5.4%,116.2,37.6,-0.5%,+114.6%,+68.1%,+174.8%
ON,Extended,Technology,Information Technology,Semiconductors & Semiconductor,Adj,Dec,EPS,CY2027,4.461,4.015,-10.0%,4.046,+0.8%,4.252,+5.1%,116.2,27.3,-4.7%,+114.6%,+68.1%,+174.8%
ON,Extended,Technology,Information Technology,Semiconductors & Semiconductor,Adj,Dec,EPS,CY2028,38.29,5.315,-86.1%,5.289,-0.5%,5.63,+6.4%,116.2,20.6,-85.3%,+114.6%,+68.1%,+174.8%
MCHP,Extended,Technology,Information Technology,Semiconductors & Semiconductor,Adj,Mar,EPS,CY2025,1.38,1.431,+3.7%,1.567,+9.5%,1.567,+0.0%,93.43,59.6,+13.6%,+46.6%,+20.2%,+60.9%
MCHP,Extended,Technology,Information Technology,Semiconductors & Semiconductor,Adj,Mar,EPS,CY2026,2.532,2.446,-3.4%,2.659,+8.7%,3.143,+18.2%,93.43,29.7,+24.1%,+46.6%,+20.2%,+60.9%
MCHP,Extended,Technology,Information Technology,Semiconductors & Semiconductor,Adj,Mar,EPS,CY2027,3.175,3.515,+10.7%,3.628,+3.2%,4.11,+13.3%,93.43,22.7,+29.4%,+46.6%,+20.2%,+60.9%
MCHP,Extended,Technology,Information Technology,Semiconductors & Semiconductor,Adj,Mar,EPS,CY2028,4.11,3.77,-8.3%,4.125,+9.4%,4.665,+13.1%,93.43,20.0,+13.5%,+46.6%,+20.2%,+60.9%
NXPI,Extended,Technology,Information Technology,Semiconductors & Semiconductor,Adj,Dec,EPS,CY2025,11.533,11.77,+2.1%,11.774,+0.0%,11.774,+0.0%,316.47,26.9,+2.1%,+45.8%,+36.3%,+61.0%
NXPI,Extended,Technology,Information Technology,Semiconductors & Semiconductor,Adj,Dec,EPS,CY2026,13.756,13.763,+0.1%,13.866,+0.7%,14.677,+5.8%,316.47,21.6,+6.7%,+45.8%,+36.3%,+61.0%
NXPI,Extended,Technology,Information Technology,Semiconductors & Semiconductor,Adj,Dec,EPS,CY2027,16.123,16.431,+1.9%,16.629,+1.2%,17.566,+5.6%,316.47,18.0,+8.9%,+45.8%,+36.3%,+61.0%
NXPI,Extended,Technology,Information Technology,Semiconductors & Semiconductor,Adj,Dec,EPS,CY2028,19.77,19.48,-1.5%,18.959,-2.7%,20.682,+9.1%,316.47,15.3,+4.6%,+45.8%,+36.3%,+61.0%
HIMS,Extended,Healthcare providers,Health Care,Health Care Equipment & Servic,Adj,Dec,EPS,CY2025,1.048,0.834,-20.4%,0.799,-4.2%,0.799,+0.0%,23.75,29.7,-23.8%,-26.9%,+52.0%,-55.6%
HIMS,Extended,Healthcare providers,Health Care,Health Care Equipment & Servic,Adj,Dec,EPS,CY2026,1.026,0.718,-30.0%,0.89,+24.0%,0.404,-54.6%,23.75,58.8,-60.6%,-26.9%,+52.0%,-55.6%
HIMS,Extended,Healthcare providers,Health Care,Health Care Equipment & Servic,Adj,Dec,EPS,CY2027,1.269,0.95,-25.1%,1.066,+12.2%,1.02,-4.3%,23.75,23.3,-19.6%,-26.9%,+52.0%,-55.6%
HIMS,Extended,Healthcare providers,Health Care,Health Care Equipment & Servic,Adj,Dec,EPS,CY2028,2.05,1.47,-28.3%,1.356,-7.8%,1.363,+0.5%,23.75,17.4,-33.5%,-26.9%,+52.0%,-55.6%
DOCS,Extended,Healthcare providers,Health Care,Health Care Equipment & Servic,Adj,Mar,EPS,CY2025,1.441,1.572,+9.1%,1.543,-1.8%,1.543,+0.0%,19.94,12.9,+7.1%,-55.0%,-22.0%,-61.1%
DOCS,Extended,Healthcare providers,Health Care,Health Care Equipment & Servic,Adj,Mar,EPS,CY2026,1.597,1.709,+7.0%,1.609,-5.9%,1.429,-11.2%,19.94,14.0,-10.5%,-55.0%,-22.0%,-61.1%
DOCS,Extended,Healthcare providers,Health Care,Health Care Equipment & Servic,Adj,Mar,EPS,CY2027,1.804,1.884,+4.4%,1.782,-5.4%,1.585,-11.1%,19.94,12.6,-12.1%,-55.0%,-22.0%,-61.1%
DOCS,Extended,Healthcare providers,Health Care,Health Care Equipment & Servic,Adj,Mar,EPS,CY2028,2.32,2.157,-7.0%,2.103,-2.5%,1.837,-12.6%,19.94,10.9,-20.8%,-55.0%,-22.0%,-61.1%
COIN,Extended,Financials and related,Financials,Financial Services,Adj,Dec,EPS,CY2025,5.977,5.306,-11.2%,4.406,-17.0%,4.406,+0.0%,184.99,42.0,-26.3%,-18.2%,+8.0%,-32.0%
COIN,Extended,Financials and related,Financials,Financial Services,Adj,Dec,EPS,CY2026,7.439,6.921,-7.0%,3.793,-45.2%,1.598,-57.9%,184.99,115.8,-78.5%,-18.2%,+8.0%,-32.0%
COIN,Extended,Financials and related,Financials,Financial Services,Adj,Dec,EPS,CY2027,8.455,7.588,-10.3%,5.543,-27.0%,4.933,-11.0%,184.99,37.5,-41.7%,-18.2%,+8.0%,-32.0%
COIN,Extended,Financials and related,Financials,Financial Services,Adj,Dec,EPS,CY2028,8.941,8.86,-0.9%,5.752,-35.1%,5.983,+4.0%,184.99,30.9,-33.1%,-18.2%,+8.0%,-32.0%
SOFI,Extended,Financials and related,Financials,Financial Services,Adj,Dec,EPS,CY2025,0.276,0.387,+40.2%,0.366,-5.4%,0.366,+0.0%,15.62,42.7,+32.6%,-40.3%,-17.9%,+18.4%
SOFI,Extended,Financials and related,Financials,Financial Services,Adj,Dec,EPS,CY2026,0.492,0.591,+20.1%,0.587,-0.7%,0.6,+2.2%,15.62,26.0,+22.0%,-40.3%,-17.9%,+18.4%
SOFI,Extended,Financials and related,Financials,Financial Services,Adj,Dec,EPS,CY2027,0.706,0.824,+16.7%,0.818,-0.7%,0.812,-0.7%,15.62,19.2,+15.0%,-40.3%,-17.9%,+18.4%
SOFI,Extended,Financials and related,Financials,Financial Services,Adj,Dec,EPS,CY2028,1.015,0.92,-9.4%,0.998,+8.5%,1.016,+1.8%,15.62,15.4,+0.1%,-40.3%,-17.9%,+18.4%
CPNG,Extended,Retailers,Consumer Discretionary,Consumer Discretionary Distrib,Adj,Dec,EPS,CY2025,0.322,0.175,-45.7%,0.169,-3.4%,0.168,-0.6%,16.12,96.0,-47.8%,-31.7%,-14.0%,-40.9%
CPNG,Extended,Retailers,Consumer Discretionary,Consumer Discretionary Distrib,Adj,Dec,EPS,CY2026,0.691,0.562,-18.7%,0.299,-46.8%,-0.027,-109.0%,16.12,-597.0,-103.9%,-31.7%,-14.0%,-40.9%
CPNG,Extended,Retailers,Consumer Discretionary,Consumer Discretionary Distrib,Adj,Dec,EPS,CY2027,0.983,0.943,-4.1%,0.7,-25.8%,0.445,-36.4%,16.12,36.2,-54.7%,-31.7%,-14.0%,-40.9%
CPNG,Extended,Retailers,Consumer Discretionary,Consumer Discretionary Distrib,Adj,Dec,EPS,CY2028,1.13,1.485,+31.4%,0.9,-39.4%,0.766,-14.9%,16.12,21.0,-32.2%,-31.7%,-14.0%,-40.9%
MELI,Extended,Retailers,Consumer Discretionary,Consumer Discretionary Distrib,Adj,Dec,EPS,CY2025,49.495,42.181,-14.8%,40.854,-3.1%,40.854,+0.0%,1664.42,40.7,-17.5%,-17.4%,-16.6%,-36.1%
MELI,Extended,Retailers,Consumer Discretionary,Consumer Discretionary Distrib,Adj,Dec,EPS,CY2026,69.251,61.839,-10.7%,59.707,-3.4%,41.876,-29.9%,1664.42,39.7,-39.5%,-17.4%,-16.6%,-36.1%
MELI,Extended,Retailers,Consumer Discretionary,Consumer Discretionary Distrib,Adj,Dec,EPS,CY2027,91.922,84.387,-8.2%,83.157,-1.5%,58.83,-29.3%,1664.42,28.3,-36.0%,-17.4%,-16.6%,-36.1%
MELI,Extended,Retailers,Consumer Discretionary,Consumer Discretionary Distrib,Adj,Dec,EPS,CY2028,117.526,111.245,-5.3%,104.999,-5.6%,82.156,-21.8%,1664.42,20.3,-30.1%,-17.4%,-16.6%,-36.1%
SE,Extended,Internet,Consumer Discretionary,Consumer Discretionary Distrib,Adj,Dec,EPS,CY2025,3.921,3.696,-5.7%,3.587,-2.9%,3.587,+0.0%,87.27,24.3,-8.5%,-31.6%,-24.1%,-45.7%
SE,Extended,Internet,Consumer Discretionary,Consumer Discretionary Distrib,Adj,Dec,EPS,CY2026,5.452,5.066,-7.1%,4.66,-8.0%,3.618,-22.4%,87.27,24.1,-33.6%,-31.6%,-24.1%,-45.7%
SE,Extended,Internet,Consumer Discretionary,Consumer Discretionary Distrib,Adj,Dec,EPS,CY2027,6.808,6.829,+0.3%,6.4,-6.3%,4.939,-22.8%,87.27,17.7,-27.5%,-31.6%,-24.1%,-45.7%
SE,Extended,Internet,Consumer Discretionary,Consumer Discretionary Distrib,Adj,Dec,EPS,CY2028,9.775,9.8,+0.3%,8.89,-9.3%,6.214,-30.1%,87.27,14.0,-36.4%,-31.6%,-24.1%,-45.7%
GTLB,Extended,Software,Information Technology,Software & Services,Adj,Jan,EPS,CY2025,0.71,0.835,+17.6%,0.895,+7.2%,0.894,-0.1%,26.73,29.9,+25.9%,-28.8%,+1.3%,-44.0%
GTLB,Extended,Software,Information Technology,Software & Services,Adj,Jan,EPS,CY2026,0.942,1.028,+9.1%,1.058,+2.9%,0.788,-25.5%,26.73,33.9,-16.3%,-28.8%,+1.3%,-44.0%
GTLB,Extended,Software,Information Technology,Software & Services,Adj,Jan,EPS,CY2027,1.363,1.326,-2.7%,1.309,-1.3%,0.99,-24.4%,26.73,27.0,-27.4%,-28.8%,+1.3%,-44.0%
GTLB,Extended,Software,Information Technology,Software & Services,Adj,Jan,EPS,CY2028,,1.773,,1.737,-2.0%,1.141,-34.3%,26.73,23.4,,-28.8%,+1.3%,-44.0%
CFLT,Extended,Software,Information Technology,Software & Services,Adj,Dec,EPS,CY2025,0.369,0.4,+8.4%,0.4,+0.0%,0.4,+0.0%,,,+8.4%,,,
CFLT,Extended,Software,Information Technology,Software & Services,Adj,Dec,EPS,CY2026,0.476,0.486,+2.1%,0.503,+3.5%,0.533,+6.0%,,,+12.0%,,,
CFLT,Extended,Software,Information Technology,Software & Services,Adj,Dec,EPS,CY2027,0.659,0.639,-3.0%,0.657,+2.8%,0.73,+11.1%,,,+10.8%,,,
CFLT,Extended,Software,Information Technology,Software & Services,Adj,Dec,EPS,CY2028,0.875,0.805,-8.0%,0.8,-0.6%,0.81,+1.3%,,,-7.4%,,,
IONQ,Extended,Technology,Information Technology,Technology Hardware & Equipmen,Adj,Dec,EPS,CY2025,-0.657,-0.793,-20.7%,-0.833,-5.0%,-0.833,+0.0%,63.64,-76.4,-26.8%,+41.8%,+99.5%,+39.0%
IONQ,Extended,Technology,Information Technology,Technology Hardware & Equipmen,Adj,Dec,EPS,CY2026,-0.732,-1.175,-60.5%,-1.089,+7.3%,-1.085,+0.4%,63.64,-58.7,-48.2%,+41.8%,+99.5%,+39.0%
IONQ,Extended,Technology,Information Technology,Technology Hardware & Equipmen,Adj,Dec,EPS,CY2027,-0.45,-0.742,-64.9%,-0.727,+2.0%,-0.935,-28.6%,63.64,-68.1,-107.8%,+41.8%,+99.5%,+39.0%
IONQ,Extended,Technology,Information Technology,Technology Hardware & Equipmen,Adj,Dec,EPS,CY2028,-0.45,-0.867,-92.7%,-0.6,+30.8%,-0.79,-31.7%,63.64,-80.6,-75.6%,+41.8%,+99.5%,+39.0%
ZS,Extended,Software,Information Technology,Software & Services,Adj,Jul,EPS,CY2025,3.09,3.188,+3.2%,3.188,+0.0%,3.188,+0.0%,182.37,57.2,+3.2%,-18.9%,+14.2%,-27.9%
ZS,Extended,Software,Information Technology,Software & Services,Adj,Jul,EPS,CY2026,3.606,3.667,+1.7%,3.816,+4.1%,4.015,+5.2%,182.37,45.4,+11.3%,-18.9%,+14.2%,-27.9%
ZS,Extended,Software,Information Technology,Software & Services,Adj,Jul,EPS,CY2027,4.347,4.455,+2.5%,4.504,+1.1%,4.581,+1.7%,182.37,39.8,+5.4%,-18.9%,+14.2%,-27.9%
ZS,Extended,Software,Information Technology,Software & Services,Adj,Jul,EPS,CY2028,4.838,5.463,+12.9%,5.508,+0.8%,5.514,+0.1%,182.37,33.1,+14.0%,-18.9%,+14.2%,-27.9%
S,Extended,Software,Information Technology,Software & Services,Adj,Jan,EPS,CY2025,0.185,0.189,+2.2%,0.196,+3.7%,0.195,-0.5%,18.71,95.9,+5.4%,+24.7%,+44.3%,-5.5%
S,Extended,Software,Information Technology,Software & Services,Adj,Jan,EPS,CY2026,0.348,0.331,-4.9%,0.302,-8.8%,0.347,+14.9%,18.71,53.9,-0.3%,+24.7%,+44.3%,-5.5%
S,Extended,Software,Information Technology,Software & Services,Adj,Jan,EPS,CY2027,0.513,0.482,-6.0%,0.438,-9.1%,0.471,+7.5%,18.71,39.7,-8.2%,+24.7%,+44.3%,-5.5%
S,Extended,Software,Information Technology,Software & Services,Adj,Jan,EPS,CY2028,,0.75,,0.678,-9.6%,0.672,-0.9%,18.71,27.8,,+24.7%,+44.3%,-5.5%
AFRM,Extended,Payments,Financials,Financial Services,Adj,Jun,EPS,CY2025,0.109,0.065,-40.4%,0.065,+0.0%,0.065,+0.0%,65.22,1003.4,-40.4%,-12.4%,+27.7%,+33.2%
AFRM,Extended,Payments,Financials,Financial Services,Adj,Jun,EPS,CY2026,1.06,1.063,+0.3%,1.098,+3.3%,1.231,+12.1%,65.22,53.0,+16.1%,-12.4%,+27.7%,+33.2%
AFRM,Extended,Payments,Financials,Financial Services,Adj,Jun,EPS,CY2027,1.87,1.821,-2.6%,1.981,+8.8%,2.036,+2.8%,65.22,32.0,+8.9%,-12.4%,+27.7%,+33.2%
AFRM,Extended,Payments,Financials,Financial Services,Adj,Jun,EPS,CY2028,2.237,2.32,+3.7%,2.473,+6.6%,2.812,+13.7%,65.22,23.2,+25.7%,-12.4%,+27.7%,+33.2%
GRAB,Extended,Internet,Industrials,Transportation,Adj,Dec,EPS,CY2025,0.052,0.037,-28.8%,0.039,+5.4%,0.039,+0.0%,3.51,90.0,-25.0%,-29.7%,-19.9%,-29.2%
GRAB,Extended,Internet,Industrials,Transportation,Adj,Dec,EPS,CY2026,0.112,0.102,-8.9%,0.099,-2.9%,0.101,+2.0%,3.51,34.8,-9.8%,-29.7%,-19.9%,-29.2%
GRAB,Extended,Internet,Industrials,Transportation,Adj,Dec,EPS,CY2027,0.159,0.153,-3.8%,0.154,+0.7%,0.153,-0.6%,3.51,22.9,-3.8%,-29.7%,-19.9%,-29.2%
GRAB,Extended,Internet,Industrials,Transportation,Adj,Dec,EPS,CY2028,0.22,0.23,+4.5%,0.204,-11.3%,0.208,+2.0%,3.51,16.9,-5.5%,-29.7%,-19.9%,-29.2%
GLBE,Extended,Internet,Consumer Discretionary,Consumer Discretionary Distrib,Adj,Dec,EPS,CY2025,0.385,0.48,+24.7%,0.342,-28.7%,0.342,+0.0%,29.95,87.6,-11.2%,-23.8%,-17.0%,-6.7%
GLBE,Extended,Internet,Consumer Discretionary,Consumer Discretionary Distrib,Adj,Dec,EPS,CY2026,1.004,1.087,+8.3%,1.132,+4.1%,1.274,+12.5%,29.95,23.5,+26.9%,-23.8%,-17.0%,-6.7%
GLBE,Extended,Internet,Consumer Discretionary,Consumer Discretionary Distrib,Adj,Dec,EPS,CY2027,1.382,1.48,+7.1%,1.604,+8.4%,1.716,+7.0%,29.95,17.5,+24.2%,-23.8%,-17.0%,-6.7%
GLBE,Extended,Internet,Consumer Discretionary,Consumer Discretionary Distrib,Adj,Dec,EPS,CY2028,2.065,2.067,+0.1%,2.04,-1.3%,2.283,+11.9%,29.95,13.1,+10.6%,-23.8%,-17.0%,-6.7%
DUOL,Extended,Internet,Consumer Discretionary,Consumer Services,Adj,Dec,EPS,CY2025,2.854,8.452,+196.1%,8.448,-0.0%,8.448,+0.0%,106.61,12.6,+196.0%,-39.3%,-5.6%,-79.4%
DUOL,Extended,Internet,Consumer Discretionary,Consumer Services,Adj,Dec,EPS,CY2026,4.714,4.7,-0.3%,4.507,-4.1%,2.869,-36.3%,106.61,37.2,-39.1%,-39.3%,-5.6%,-79.4%
DUOL,Extended,Internet,Consumer Discretionary,Consumer Services,Adj,Dec,EPS,CY2027,6.478,5.547,-14.4%,5.454,-1.7%,3.55,-34.9%,106.61,30.0,-45.2%,-39.3%,-5.6%,-79.4%
DUOL,Extended,Internet,Consumer Discretionary,Consumer Services,Adj,Dec,EPS,CY2028,7.285,7.436,+2.1%,7.052,-5.2%,4.041,-42.7%,106.61,26.4,-44.5%,-39.3%,-5.6%,-79.4%
INSP,Extended,Pharma / Med Devices,Health Care,Health Care Equipment & Servic,Adj,Dec,EPS,CY2025,2.253,1.346,-40.3%,1.492,+10.8%,1.492,+0.0%,43.84,29.4,-33.8%,-52.5%,-26.4%,-70.0%
INSP,Extended,Pharma / Med Devices,Health Care,Health Care Equipment & Servic,Adj,Dec,EPS,CY2026,3.186,1.781,-44.1%,1.885,+5.8%,0.771,-59.1%,43.84,56.9,-75.8%,-52.5%,-26.4%,-70.0%
INSP,Extended,Pharma / Med Devices,Health Care,Health Care Equipment & Servic,Adj,Dec,EPS,CY2027,4.301,2.56,-40.5%,2.492,-2.7%,1.277,-48.8%,43.84,34.3,-70.3%,-52.5%,-26.4%,-70.0%
INSP,Extended,Pharma / Med Devices,Health Care,Health Care Equipment & Servic,Adj,Dec,EPS,CY2028,5.267,3.469,-34.1%,3.405,-1.8%,2.011,-40.9%,43.84,21.8,-61.8%,-52.5%,-26.4%,-70.0%
GDRX,Extended,Healthcare providers,Health Care,Health Care Equipment & Servic,Adj,Dec,EPS,CY2025,0.387,0.36,-7.0%,0.361,+0.3%,0.361,+0.0%,2.65,7.3,-6.7%,-2.2%,+7.3%,-30.6%
GDRX,Extended,Healthcare providers,Health Care,Health Care Equipment & Servic,Adj,Dec,EPS,CY2026,0.457,0.436,-4.6%,0.433,-0.7%,0.311,-28.2%,2.65,8.5,-31.9%,-2.2%,+7.3%,-30.6%
GDRX,Extended,Healthcare providers,Health Care,Health Care Equipment & Servic,Adj,Dec,EPS,CY2027,0.514,0.514,+0.0%,0.508,-1.2%,0.363,-28.5%,2.65,7.3,-29.4%,-2.2%,+7.3%,-30.6%
GDRX,Extended,Healthcare providers,Health Care,Health Care Equipment & Servic,Adj,Dec,EPS,CY2028,0.6,0.519,-13.5%,0.511,-1.5%,0.434,-15.1%,2.65,6.1,-27.7%,-2.2%,+7.3%,-30.6%
OSCR,Extended,Managed Care,Financials,Insurance,Adj,Dec,EPS,CY2025,0.743,-1.142,-253.7%,-1.214,-6.3%,-1.214,+0.0%,22.64,-18.6,-263.4%,+57.6%,+71.1%,+57.6%
OSCR,Extended,Managed Care,Financials,Insurance,Adj,Dec,EPS,CY2026,0.965,-0.152,-115.8%,0.826,+643.4%,0.838,+1.5%,22.64,27.0,-13.2%,+57.6%,+71.1%,+57.6%
OSCR,Extended,Managed Care,Financials,Insurance,Adj,Dec,EPS,CY2027,1.785,1.078,-39.6%,1.192,+10.6%,1.48,+24.2%,22.64,15.3,-17.1%,+57.6%,+71.1%,+57.6%
OSCR,Extended,Managed Care,Financials,Insurance,Adj,Dec,EPS,CY2028,,1.4,,2.01,+43.6%,2.332,+16.0%,22.64,9.7,,+57.6%,+71.1%,+57.6%
FSLR,Extended,Energy,Information Technology,Semiconductors & Semiconductor,Adj,Dec,EPS,CY2025,15.048,14.544,-3.3%,14.547,+0.0%,14.547,+0.0%,257.85,17.7,-3.3%,-1.3%,+6.6%,+64.9%
FSLR,Extended,Energy,Information Technology,Semiconductors & Semiconductor,Adj,Dec,EPS,CY2026,22.496,22.862,+1.6%,22.638,-1.0%,17.987,-20.5%,257.85,14.3,-20.0%,-1.3%,+6.6%,+64.9%
FSLR,Extended,Energy,Information Technology,Semiconductors & Semiconductor,Adj,Dec,EPS,CY2027,26.843,28.994,+8.0%,29.112,+0.4%,24.205,-16.9%,257.85,10.7,-9.8%,-1.3%,+6.6%,+64.9%
FSLR,Extended,Energy,Information Technology,Semiconductors & Semiconductor,Adj,Dec,EPS,CY2028,28.977,32.665,+12.7%,33.731,+3.3%,28.592,-15.2%,257.85,9.0,-1.3%,-1.3%,+6.6%,+64.9%
ENPH,Extended,Energy,Information Technology,Semiconductors & Semiconductor,Adj,Dec,EPS,CY2025,2.483,2.813,+13.3%,2.809,-0.1%,2.809,+0.0%,64.03,22.8,+13.1%,+99.8%,+37.5%,+68.5%
ENPH,Extended,Energy,Information Technology,Semiconductors & Semiconductor,Adj,Dec,EPS,CY2026,3.103,2.199,-29.1%,2.278,+3.6%,2.075,-8.9%,64.03,30.9,-33.1%,+99.8%,+37.5%,+68.5%
ENPH,Extended,Energy,Information Technology,Semiconductors & Semiconductor,Adj,Dec,EPS,CY2027,3.791,2.602,-31.4%,2.692,+3.5%,2.412,-10.4%,64.03,26.5,-36.4%,+99.8%,+37.5%,+68.5%
ENPH,Extended,Energy,Information Technology,Semiconductors & Semiconductor,Adj,Dec,EPS,CY2028,4.184,2.99,-28.5%,3.255,+8.9%,2.901,-10.9%,64.03,22.1,-30.7%,+99.8%,+37.5%,+68.5%
RUN,Extended,Energy,Industrials,Capital Goods,Adj,Dec,EPS,CY2025,-0.087,1.395,+1703.4%,1.489,+6.7%,1.489,+0.0%,14.62,9.8,+1811.5%,-20.5%,-27.9%,+117.9%
RUN,Extended,Energy,Industrials,Capital Goods,Adj,Dec,EPS,CY2026,-0.122,0.416,+441.0%,0.645,+55.0%,1.097,+70.1%,14.62,13.3,+999.2%,-20.5%,-27.9%,+117.9%
RUN,Extended,Energy,Industrials,Capital Goods,Adj,Dec,EPS,CY2027,-0.266,0.608,+328.6%,0.766,+26.0%,0.511,-33.3%,14.62,28.6,+292.1%,-20.5%,-27.9%,+117.9%
RUN,Extended,Energy,Industrials,Capital Goods,Adj,Dec,EPS,CY2028,-0.228,1.791,+885.5%,1.571,-12.3%,0.719,-54.2%,14.62,20.3,+415.4%,-20.5%,-27.9%,+117.9%
PLUG,Extended,Energy,Industrials,Capital Goods,Adj,Dec,EPS,CY2025,-0.583,-0.691,-18.5%,-0.733,-6.1%,-0.733,+0.0%,3.78,-5.2,-25.7%,+91.9%,+102.1%,+372.6%
PLUG,Extended,Energy,Industrials,Capital Goods,Adj,Dec,EPS,CY2026,-0.37,-0.306,+17.3%,-0.309,-1.0%,-0.327,-5.8%,3.78,-11.6,+11.6%,+91.9%,+102.1%,+372.6%
PLUG,Extended,Energy,Industrials,Capital Goods,Adj,Dec,EPS,CY2027,-0.262,-0.212,+19.1%,-0.212,+0.0%,-0.161,+24.1%,3.78,-23.5,+38.5%,+91.9%,+102.1%,+372.6%
PLUG,Extended,Energy,Industrials,Capital Goods,Adj,Dec,EPS,CY2028,-0.245,-0.122,+50.2%,-0.115,+5.7%,-0.1,+13.0%,3.78,-37.8,+59.2%,+91.9%,+102.1%,+372.6%
GFS,Extended,Technology,Information Technology,Semiconductors & Semiconductor,Adj,Dec,EPS,CY2025,1.587,1.635,+3.0%,1.636,+0.1%,1.636,+0.0%,85.64,52.3,+3.1%,+145.2%,+85.4%,+128.5%
GFS,Extended,Technology,Information Technology,Semiconductors & Semiconductor,Adj,Dec,EPS,CY2026,2.212,1.899,-14.2%,1.814,-4.5%,1.927,+6.2%,85.64,44.4,-12.9%,+145.2%,+85.4%,+128.5%
GFS,Extended,Technology,Information Technology,Semiconductors & Semiconductor,Adj,Dec,EPS,CY2027,2.744,2.302,-16.1%,2.348,+2.0%,2.544,+8.3%,85.64,33.7,-7.3%,+145.2%,+85.4%,+128.5%
GFS,Extended,Technology,Information Technology,Semiconductors & Semiconductor,Adj,Dec,EPS,CY2028,45.44,30.678,-32.5%,3.016,-90.2%,3.225,+6.9%,85.64,26.6,-92.9%,+145.2%,+85.4%,+128.5%
2454,Extended,Technology,Information Technology,Semiconductors & Semiconductor,GAAP,Dec,EPS,CY2025,73.313,66.459,-9.3%,66.537,+0.1%,66.537,+0.0%,3860.0,58.0,-9.2%,+169.9%,+115.0%,+193.5%
2454,Extended,Technology,Information Technology,Semiconductors & Semiconductor,GAAP,Dec,EPS,CY2026,86.156,73.022,-15.2%,65.432,-10.4%,65.668,+0.4%,3860.0,58.8,-23.8%,+169.9%,+115.0%,+193.5%
2454,Extended,Technology,Information Technology,Semiconductors & Semiconductor,GAAP,Dec,EPS,CY2027,100.438,88.668,-11.7%,95.896,+8.2%,118.346,+23.4%,3860.0,32.6,+17.8%,+169.9%,+115.0%,+193.5%
2454,Extended,Technology,Information Technology,Semiconductors & Semiconductor,GAAP,Dec,EPS,CY2028,109.895,98.185,-10.7%,110.837,+12.9%,180.465,+62.8%,3860.0,21.4,+64.2%,+169.9%,+115.0%,+193.5%
AMG,Extended,Financials and related,Financials,Financial Services,Adj,Dec,EPS,CY2025,22.854,25.164,+10.1%,25.53,+1.5%,25.53,+0.0%,301.96,11.8,+11.7%,+4.7%,+5.0%,+72.1%
AMG,Extended,Financials and related,Financials,Financial Services,Adj,Dec,EPS,CY2026,25.718,29.888,+16.2%,32.76,+9.6%,33.538,+2.4%,301.96,9.0,+30.4%,+4.7%,+5.0%,+72.1%
AMG,Extended,Financials and related,Financials,Financial Services,Adj,Dec,EPS,CY2027,29.378,34.555,+17.6%,37.868,+9.6%,39.046,+3.1%,301.96,7.7,+32.9%,+4.7%,+5.0%,+72.1%
AMG,Extended,Financials and related,Financials,Financial Services,Adj,Dec,EPS,CY2028,,32.96,,41.41,+25.6%,44.143,+6.6%,301.96,6.8,,+4.7%,+5.0%,+72.1%
AB,Extended,Financials and related,Financials,Financial Services,Adj,Dec,EPS,CY2025,3.13,3.324,+6.2%,3.32,-0.1%,3.32,+0.0%,37.93,11.4,+6.1%,-1.4%,-4.4%,-2.3%
AB,Extended,Financials and related,Financials,Financial Services,Adj,Dec,EPS,CY2026,3.504,3.779,+7.8%,3.634,-3.8%,3.479,-4.3%,37.93,10.9,-0.7%,-1.4%,-4.4%,-2.3%
AB,Extended,Financials and related,Financials,Financial Services,Adj,Dec,EPS,CY2027,4.02,4.098,+1.9%,4.035,-1.5%,3.833,-5.0%,37.93,9.9,-4.7%,-1.4%,-4.4%,-2.3%
AB,Extended,Financials and related,Financials,Financial Services,Adj,Dec,EPS,CY2028,4.08,4.28,+4.9%,4.237,-1.0%,4.217,-0.5%,37.93,9.0,+3.4%,-1.4%,-4.4%,-2.3%
BLK,Extended,Financials and related,Financials,Financial Services,Adj,Dec,EPS,CY2025,45.541,47.91,+5.2%,47.182,-1.5%,47.182,+0.0%,1073.0,22.7,+3.6%,+0.2%,-1.9%,+10.6%
BLK,Extended,Financials and related,Financials,Financial Services,Adj,Dec,EPS,CY2026,50.565,54.094,+7.0%,54.438,+0.6%,53.272,-2.1%,1073.0,20.1,+5.4%,+0.2%,-1.9%,+10.6%
BLK,Extended,Financials and related,Financials,Financial Services,Adj,Dec,EPS,CY2027,57.512,61.756,+7.4%,61.809,+0.1%,60.582,-2.0%,1073.0,17.7,+5.3%,+0.2%,-1.9%,+10.6%
BLK,Extended,Financials and related,Financials,Financial Services,Adj,Dec,EPS,CY2028,65.57,65.315,-0.4%,70.446,+7.9%,69.21,-1.8%,1073.0,15.5,+5.6%,+0.2%,-1.9%,+10.6%
FHI,Extended,Financials and related,Financials,Financial Services,Adj,Dec,EPS,CY2025,4.304,4.891,+13.6%,4.942,+1.0%,4.942,+0.0%,54.81,11.1,+14.8%,+5.3%,-1.9%,+28.8%
FHI,Extended,Financials and related,Financials,Financial Services,Adj,Dec,EPS,CY2026,4.404,5.076,+15.3%,5.203,+2.5%,5.048,-3.0%,54.81,10.9,+14.6%,+5.3%,-1.9%,+28.8%
FHI,Extended,Financials and related,Financials,Financial Services,Adj,Dec,EPS,CY2027,4.907,5.637,+14.9%,5.732,+1.7%,5.686,-0.8%,54.81,9.6,+15.9%,+5.3%,-1.9%,+28.8%
FHI,Extended,Financials and related,Financials,Financial Services,Adj,Dec,EPS,CY2028,5.29,5.61,+6.0%,6.277,+11.9%,6.47,+3.1%,54.81,8.5,+22.3%,+5.3%,-1.9%,+28.8%
JHG,Extended,Financials and related,Financials,Financial Services,Adj,Dec,EPS,CY2025,3.334,3.933,+18.0%,4.015,+2.1%,4.015,+0.0%,51.81,12.9,+20.4%,+8.9%,+3.2%,+41.8%
JHG,Extended,Financials and related,Financials,Financial Services,Adj,Dec,EPS,CY2026,3.634,4.322,+18.9%,4.403,+1.9%,4.25,-3.5%,51.81,12.2,+17.0%,+8.9%,+3.2%,+41.8%
JHG,Extended,Financials and related,Financials,Financial Services,Adj,Dec,EPS,CY2027,3.888,4.674,+20.2%,4.774,+2.1%,4.788,+0.3%,51.81,10.8,+23.1%,+8.9%,+3.2%,+41.8%
JHG,Extended,Financials and related,Financials,Financial Services,Adj,Dec,EPS,CY2028,,5.285,,5.117,-3.2%,4.797,-6.3%,51.81,10.8,,+8.9%,+3.2%,+41.8%
IVZ,Extended,Financials and related,Financials,Financial Services,Adj,Dec,EPS,CY2025,1.679,1.974,+17.6%,1.993,+1.0%,1.993,+0.0%,27.05,13.6,+18.7%,+3.0%,+2.2%,+85.5%
IVZ,Extended,Financials and related,Financials,Financial Services,Adj,Dec,EPS,CY2026,1.816,2.513,+38.4%,2.664,+6.0%,2.582,-3.1%,27.05,10.5,+42.2%,+3.0%,+2.2%,+85.5%
IVZ,Extended,Financials and related,Financials,Financial Services,Adj,Dec,EPS,CY2027,2.163,2.875,+32.9%,3.019,+5.0%,2.953,-2.2%,27.05,9.2,+36.5%,+3.0%,+2.2%,+85.5%
IVZ,Extended,Financials and related,Financials,Financial Services,Adj,Dec,EPS,CY2028,2.22,3.14,+41.4%,3.383,+7.7%,3.269,-3.4%,27.05,8.3,+47.3%,+3.0%,+2.2%,+85.5%
IR,Extended,Industrial / Cyclical,Industrials,Capital Goods,Adj,Dec,EPS,CY2025,3.339,3.285,-1.6%,3.28,-0.2%,3.28,+0.0%,70.91,21.6,-1.8%,-10.5%,-25.8%,-12.7%
IR,Extended,Industrial / Cyclical,Industrials,Capital Goods,Adj,Dec,EPS,CY2026,3.669,3.557,-3.1%,3.534,-0.6%,3.507,-0.8%,70.91,20.2,-4.4%,-10.5%,-25.8%,-12.7%
IR,Extended,Industrial / Cyclical,Industrials,Capital Goods,Adj,Dec,EPS,CY2027,4.013,3.93,-2.1%,3.873,-1.5%,3.851,-0.6%,70.91,18.4,-4.0%,-10.5%,-25.8%,-12.7%
IR,Extended,Industrial / Cyclical,Industrials,Capital Goods,Adj,Dec,EPS,CY2028,4.453,4.381,-1.6%,4.286,-2.2%,4.201,-2.0%,70.91,16.9,-5.7%,-10.5%,-25.8%,-12.7%
HCA,Portfolio,,Health Care,Health Care Equipment & Servic,,Dec,Revenue,CY2025,74698.56,75766.455,+1.4%,75765.818,-0.0%,75765.818,+0.0%,394.07,,+1.4%,-15.6%,-26.0%,+4.6%
HCA,Portfolio,,Health Care,Health Care Equipment & Servic,,Dec,Revenue,CY2026,78506.25,79138.5,+0.8%,78748.87,-0.5%,78572.167,-0.2%,394.07,,+0.1%,-15.6%,-26.0%,+4.6%
HCA,Portfolio,,Health Care,Health Care Equipment & Servic,,Dec,Revenue,CY2027,82601.933,83170.842,+0.7%,82529.591,-0.8%,82391.083,-0.2%,394.07,,-0.3%,-15.6%,-26.0%,+4.6%
HCA,Portfolio,,Health Care,Health Care Equipment & Servic,,Dec,Revenue,CY2028,88477.0,88409.25,-0.1%,87052.818,-1.5%,86927.071,-0.1%,394.07,,-1.8%,-15.6%,-26.0%,+4.6%
UNH,Portfolio,,Health Care,Health Care Equipment & Servic,,Dec,Revenue,CY2025,450136.952,447595.381,-0.6%,448006.833,+0.1%,448006.833,+0.0%,388.47,,-0.5%,+17.7%,+34.0%,+30.9%
UNH,Portfolio,,Health Care,Health Care Equipment & Servic,,Dec,Revenue,CY2026,480518.381,455611.0,-5.2%,442077.182,-3.0%,444074.348,+0.5%,388.47,,-7.6%,+17.7%,+34.0%,+30.9%
UNH,Portfolio,,Health Care,Health Care Equipment & Servic,,Dec,Revenue,CY2027,510565.417,479821.45,-6.0%,457151.591,-4.7%,456859.913,-0.1%,388.47,,-10.5%,+17.7%,+34.0%,+30.9%
UNH,Portfolio,,Health Care,Health Care Equipment & Servic,,Dec,Revenue,CY2028,541851.25,510111.0,-5.9%,485503.467,-4.8%,484636.125,-0.2%,388.47,,-10.6%,+17.7%,+34.0%,+30.9%
TSM,Portfolio,,Information Technology,Semiconductors & Semiconductor,,Dec,Revenue,CY2025,121782.689,120894.848,-0.7%,119941.697,-0.8%,119941.697,+0.0%,404.52,,-1.5%,+33.1%,+9.2%,+106.2%
TSM,Portfolio,,Information Technology,Semiconductors & Semiconductor,,Dec,Revenue,CY2026,141659.51,147435.706,+4.1%,160055.529,+8.6%,163997.281,+2.5%,404.52,,+15.8%,+33.1%,+9.2%,+106.2%
TSM,Portfolio,,Information Technology,Semiconductors & Semiconductor,,Dec,Revenue,CY2027,166305.036,177468.495,+6.7%,198400.36,+11.8%,207615.106,+4.6%,404.52,,+24.8%,+33.1%,+9.2%,+106.2%
TSM,Portfolio,,Information Technology,Semiconductors & Semiconductor,,Dec,Revenue,CY2028,190357.662,201632.421,+5.9%,234707.385,+16.4%,250853.752,+6.9%,404.52,,+31.8%,+33.1%,+9.2%,+106.2%
AVGO,Portfolio,,Information Technology,Semiconductors & Semiconductor,,Oct,Revenue,CY2025,62384.9,63361.5,+1.6%,63377.959,+0.0%,63377.959,+0.0%,414.14,,+1.6%,+19.7%,+24.5%,+79.6%
AVGO,Portfolio,,Information Technology,Semiconductors & Semiconductor,,Oct,Revenue,CY2026,72235.415,86573.633,+19.8%,98103.827,+13.3%,103866.667,+5.9%,414.14,,+43.8%,+19.7%,+24.5%,+79.6%
AVGO,Portfolio,,Information Technology,Semiconductors & Semiconductor,,Oct,Revenue,CY2027,81354.833,112235.722,+38.0%,135294.936,+20.5%,161461.042,+19.3%,414.14,,+98.5%,+19.7%,+24.5%,+79.6%
AVGO,Portfolio,,Information Technology,Semiconductors & Semiconductor,,Oct,Revenue,CY2028,,125144.0,,163070.8,+30.3%,198309.929,+21.6%,414.14,,,+19.7%,+24.5%,+79.6%
NVDA,Portfolio,,Information Technology,Semiconductors & Semiconductor,,Jan,Revenue,CY2025,197116.791,212105.647,+7.6%,213633.925,+0.7%,213762.537,+0.1%,215.33,,+8.4%,+15.5%,+13.4%,+62.1%
NVDA,Portfolio,,Information Technology,Semiconductors & Semiconductor,,Jan,Revenue,CY2026,240780.714,314948.086,+30.8%,332066.353,+5.4%,384682.471,+15.8%,215.33,,+59.8%,+15.5%,+13.4%,+62.1%
NVDA,Portfolio,,Information Technology,Semiconductors & Semiconductor,,Jan,Revenue,CY2027,267725.227,395980.673,+47.9%,424685.698,+7.2%,539034.536,+26.9%,215.33,,+101.3%,+15.5%,+13.4%,+62.1%
NVDA,Portfolio,,Information Technology,Semiconductors & Semiconductor,,Jan,Revenue,CY2028,291116.333,499600.625,+71.6%,536143.909,+7.3%,651882.162,+21.6%,215.33,,+123.9%,+15.5%,+13.4%,+62.1%
META,Portfolio,,Communication Services,Media & Entertainment,,Dec,Revenue,CY2025,187030.371,199369.742,+6.6%,199447.304,+0.0%,199447.304,+0.0%,610.26,,+6.6%,-7.5%,-6.9%,-4.1%
META,Portfolio,,Communication Services,Media & Entertainment,,Dec,Revenue,CY2026,211607.879,235442.984,+11.3%,249633.803,+6.0%,252920.676,+1.3%,610.26,,+19.5%,-7.5%,-6.9%,-4.1%
META,Portfolio,,Communication Services,Media & Entertainment,,Dec,Revenue,CY2027,239100.783,272164.837,+13.8%,295435.781,+8.6%,301326.333,+2.0%,610.26,,+26.0%,-7.5%,-6.9%,-4.1%
META,Portfolio,,Communication Services,Media & Entertainment,,Dec,Revenue,CY2028,267288.957,308464.304,+15.4%,344251.146,+11.6%,352282.523,+2.3%,610.26,,+31.8%,-7.5%,-6.9%,-4.1%
AMZN,Portfolio,,Consumer Discretionary,Consumer Discretionary Distrib,,Dec,Revenue,CY2025,694488.136,714494.677,+2.9%,714794.275,+0.0%,714794.275,+0.0%,266.32,,+2.9%,+15.4%,+26.8%,+31.1%
AMZN,Portfolio,,Consumer Discretionary,Consumer Discretionary Distrib,,Dec,Revenue,CY2026,762005.446,795156.5,+4.4%,804224.057,+1.1%,824665.017,+2.5%,266.32,,+8.2%,+15.4%,+26.8%,+31.1%
AMZN,Portfolio,,Consumer Discretionary,Consumer Discretionary Distrib,,Dec,Revenue,CY2027,838806.805,884095.319,+5.4%,897668.5,+1.5%,933087.544,+3.9%,266.32,,+11.2%,+15.4%,+26.8%,+31.1%
AMZN,Portfolio,,Consumer Discretionary,Consumer Discretionary Distrib,,Dec,Revenue,CY2028,911421.167,977270.55,+7.2%,1003393.579,+2.7%,1035074.421,+3.2%,266.32,,+13.6%,+15.4%,+26.8%,+31.1%
JPM,Portfolio,,Financials,Banks,,Dec,Revenue,CY2025,176866.583,184501.667,+4.3%,184149.563,-0.2%,184149.563,+0.0%,306.38,,+4.1%,-4.9%,-1.4%,+17.5%
JPM,Portfolio,,Financials,Banks,,Dec,Revenue,CY2026,180801.0,190899.5,+5.6%,194615.692,+1.9%,198128.667,+1.8%,306.38,,+9.6%,-4.9%,-1.4%,+17.5%
JPM,Portfolio,,Financials,Banks,,Dec,Revenue,CY2027,188250.6,198143.7,+5.3%,203548.667,+2.7%,205877.167,+1.1%,306.38,,+9.4%,-4.9%,-1.4%,+17.5%
JPM,Portfolio,,Financials,Banks,,Dec,Revenue,CY2028,,,,215351.25,,214604.667,-0.3%,306.38,,,-4.9%,-1.4%,+17.5%
APO,Portfolio,,Financials,Financial Services,,Dec,Revenue,CY2025,18834.167,19449.333,+3.3%,19560.714,+0.6%,19560.714,+0.0%,128.51,,+3.9%,-11.2%,+7.3%,-1.8%
APO,Portfolio,,Financials,Financial Services,,Dec,Revenue,CY2026,19178.286,18984.6,-1.0%,23090.143,+21.6%,23285.8,+0.8%,128.51,,+21.4%,-11.2%,+7.3%,-1.8%
APO,Portfolio,,Financials,Financial Services,,Dec,Revenue,CY2027,25416.25,25732.5,+1.2%,26664.143,+3.6%,26833.4,+0.6%,128.51,,+5.6%,-11.2%,+7.3%,-1.8%
APO,Portfolio,,Financials,Financial Services,,Dec,Revenue,CY2028,,,,29949.5,,30281.25,+1.1%,128.51,,,-11.2%,+7.3%,-1.8%
PGR,Portfolio,,Financials,Insurance,,Dec,Revenue,CY2025,87527.0,86944.056,-0.7%,86689.5,-0.3%,86689.5,+0.0%,199.51,,-1.0%,-6.9%,-2.2%,-23.5%
PGR,Portfolio,,Financials,Insurance,,Dec,Revenue,CY2026,97190.235,93613.333,-3.7%,92572.765,-1.1%,92483.474,-0.1%,199.51,,-4.8%,-6.9%,-2.2%,-23.5%
PGR,Portfolio,,Financials,Insurance,,Dec,Revenue,CY2027,105277.75,101139.647,-3.9%,99380.75,-1.7%,98345.579,-1.0%,199.51,,-6.6%,-6.9%,-2.2%,-23.5%
PGR,Portfolio,,Financials,Insurance,,Dec,Revenue,CY2028,111158.0,107193.5,-3.6%,103307.0,-3.6%,103486.231,+0.2%,199.51,,-6.9%,-6.9%,-2.2%,-23.5%
CVNA,Portfolio,,Consumer Discretionary,Consumer Discretionary Distrib,,Dec,Revenue,CY2025,17805.55,19890.5,+11.7%,19984.231,+0.5%,19984.231,+0.0%,68.28,,+12.2%,-19.1%,+1.4%,+13.0%
CVNA,Portfolio,,Consumer Discretionary,Consumer Discretionary Distrib,,Dec,Revenue,CY2026,21765.4,25300.708,+16.2%,26504.808,+4.8%,27684.13,+4.4%,68.28,,+27.2%,-19.1%,+1.4%,+13.0%
CVNA,Portfolio,,Consumer Discretionary,Consumer Discretionary Distrib,,Dec,Revenue,CY2027,26180.071,31229.667,+19.3%,32586.615,+4.3%,34730.304,+6.6%,68.28,,+32.7%,-19.1%,+1.4%,+13.0%
CVNA,Portfolio,,Consumer Discretionary,Consumer Discretionary Distrib,,Dec,Revenue,CY2028,31827.286,37977.6,+19.3%,39645.941,+4.4%,41714.438,+5.2%,68.28,,+31.1%,-19.1%,+1.4%,+13.0%
APP,Portfolio,,Information Technology,Software & Services,,Dec,Revenue,CY2025,5727.593,5704.594,-0.4%,5677.333,-0.5%,5677.333,+0.0%,481.68,,-0.9%,-28.5%,+15.0%,+37.0%
APP,Portfolio,,Information Technology,Software & Services,,Dec,Revenue,CY2026,6923.32,7852.0,+13.4%,7937.273,+1.1%,8156.182,+2.8%,481.68,,+17.8%,-28.5%,+15.0%,+37.0%
APP,Portfolio,,Information Technology,Software & Services,,Dec,Revenue,CY2027,8711.474,9820.0,+12.7%,10248.69,+4.4%,10640.548,+3.8%,481.68,,+22.1%,-28.5%,+15.0%,+37.0%
APP,Portfolio,,Information Technology,Software & Services,,Dec,Revenue,CY2028,10798.0,12255.364,+13.5%,12868.412,+5.0%,13280.143,+3.2%,481.68,,+23.0%,-28.5%,+15.0%,+37.0%
VEEV,Portfolio,,Health Care,Health Care Equipment & Servic,,Jan,Revenue,CY2025,3047.0,3166.621,+3.9%,3169.607,+0.1%,3169.607,+0.0%,160.17,,+4.0%,-28.2%,-11.2%,-32.0%
VEEV,Portfolio,,Health Care,Health Care Equipment & Servic,,Jan,Revenue,CY2026,3416.852,3554.5,+4.0%,3574.393,+0.6%,3595.0,+0.6%,160.17,,+5.2%,-28.2%,-11.2%,-32.0%
VEEV,Portfolio,,Health Care,Health Care Equipment & Servic,,Jan,Revenue,CY2027,3863.214,4004.68,+3.7%,4006.077,+0.0%,4035.815,+0.7%,160.17,,+4.5%,-28.2%,-11.2%,-32.0%
VEEV,Portfolio,,Health Care,Health Care Equipment & Servic,,Jan,Revenue,CY2028,,4621.375,,4618.875,-0.1%,4553.0,-1.4%,160.17,,,-28.2%,-11.2%,-32.0%
FICO,Portfolio,,Information Technology,Software & Services,,Sep,Revenue,CY2025,1981.294,1989.524,+0.4%,1989.524,+0.0%,1989.524,+0.0%,1239.91,,+0.4%,-26.7%,-8.2%,-27.1%
FICO,Portfolio,,Information Technology,Software & Services,,Sep,Revenue,CY2026,2291.647,2418.429,+5.5%,2482.211,+2.6%,2554.409,+2.9%,1239.91,,+11.5%,-26.7%,-8.2%,-27.1%
FICO,Portfolio,,Information Technology,Software & Services,,Sep,Revenue,CY2027,2673.929,2811.667,+5.2%,2921.947,+3.9%,2934.409,+0.4%,1239.91,,+9.7%,-26.7%,-8.2%,-27.1%
FICO,Portfolio,,Information Technology,Software & Services,,Sep,Revenue,CY2028,3101.0,3166.714,+2.1%,3263.2,+3.0%,3293.667,+0.9%,1239.91,,+6.2%,-26.7%,-8.2%,-27.1%
GOOG,Watchlist,,Communication Services,Media & Entertainment,,Dec,Revenue,CY2025,331103.485,340445.767,+2.8%,340854.848,+0.1%,340854.848,+0.0%,379.38,,+2.9%,+20.9%,+20.5%,+120.6%
GOOG,Watchlist,,Communication Services,Media & Entertainment,,Dec,Revenue,CY2026,370005.5,388566.75,+5.0%,404628.605,+4.1%,428865.474,+6.0%,379.38,,+15.9%,+20.9%,+20.5%,+120.6%
GOOG,Watchlist,,Communication Services,Media & Entertainment,,Dec,Revenue,CY2027,408369.684,439774.083,+7.7%,465514.724,+5.9%,513573.892,+10.3%,379.38,,+25.8%,+20.9%,+20.5%,+120.6%
GOOG,Watchlist,,Communication Services,Media & Entertainment,,Dec,Revenue,CY2028,451787.909,497881.625,+10.2%,538030.5,+8.1%,607589.81,+12.9%,379.38,,+34.5%,+20.9%,+20.5%,+120.6%
MU,Watchlist,,Information Technology,Semiconductors & Semiconductor,,Aug,Revenue,CY2025,35481.656,37177.154,+4.8%,37177.154,+0.0%,37177.154,+0.0%,751.0,,+4.8%,+163.1%,+75.4%,+691.9%
MU,Watchlist,,Information Technology,Semiconductors & Semiconductor,,Aug,Revenue,CY2026,44921.057,55002.132,+22.4%,76528.273,+39.1%,110164.581,+44.0%,751.0,,+145.2%,+163.1%,+75.4%,+691.9%
MU,Watchlist,,Information Technology,Semiconductors & Semiconductor,,Aug,Revenue,CY2027,47713.5,64080.321,+34.3%,97328.977,+51.9%,178992.049,+83.9%,751.0,,+275.1%,+163.1%,+75.4%,+691.9%
MU,Watchlist,,Information Technology,Semiconductors & Semiconductor,,Aug,Revenue,CY2028,,63089.5,,102455.409,+62.4%,173460.16,+69.3%,751.0,,,+163.1%,+75.4%,+691.9%
LRCX,Watchlist,,Information Technology,Semiconductors & Semiconductor,,Jun,Revenue,CY2025,18251.655,18262.032,+0.1%,18262.032,+0.0%,18262.032,+0.0%,305.35,,+0.1%,+78.4%,+24.7%,+269.9%
LRCX,Watchlist,,Information Technology,Semiconductors & Semiconductor,,Jun,Revenue,CY2026,18704.179,21246.0,+13.6%,22409.867,+5.5%,23174.333,+3.4%,305.35,,+23.9%,+78.4%,+24.7%,+269.9%
LRCX,Watchlist,,Information Technology,Semiconductors & Semiconductor,,Jun,Revenue,CY2027,20794.176,23749.32,+14.2%,27875.133,+17.4%,30344.97,+8.9%,305.35,,+45.9%,+78.4%,+24.7%,+269.9%
LRCX,Watchlist,,Information Technology,Semiconductors & Semiconductor,,Jun,Revenue,CY2028,23127.0,25615.733,+10.8%,30534.056,+19.2%,34700.273,+13.6%,305.35,,+50.0%,+78.4%,+24.7%,+269.9%
DASH,Watchlist,,Consumer Discretionary,Consumer Services,,Dec,Revenue,CY2025,12836.1,13758.5,+7.2%,13745.267,-0.1%,13745.267,+0.0%,160.25,,+7.1%,-29.2%,-9.1%,-20.2%
DASH,Watchlist,,Consumer Discretionary,Consumer Services,,Dec,Revenue,CY2026,15243.875,17784.953,+16.7%,17811.044,+0.1%,17621.044,-1.1%,160.25,,+15.6%,-29.2%,-9.1%,-20.2%
DASH,Watchlist,,Consumer Discretionary,Consumer Services,,Dec,Revenue,CY2027,17715.333,21074.576,+19.0%,21290.727,+1.0%,21203.114,-0.4%,160.25,,+19.7%,-29.2%,-9.1%,-20.2%
DASH,Watchlist,,Consumer Discretionary,Consumer Services,,Dec,Revenue,CY2028,20399.571,24502.222,+20.1%,25017.043,+2.1%,24909.828,-0.4%,160.25,,+22.1%,-29.2%,-9.1%,-20.2%
MSFT,Watchlist,,Information Technology,Software & Services,,Jun,Revenue,CY2025,278976.081,279004.862,+0.0%,279004.862,+0.0%,279004.862,+0.0%,418.57,,+0.0%,-13.5%,+5.4%,-8.0%
MSFT,Watchlist,,Information Technology,Software & Services,,Jun,Revenue,CY2026,316690.717,326328.949,+3.0%,327750.881,+0.4%,329216.094,+0.4%,418.57,,+4.0%,-13.5%,+5.4%,-8.0%
MSFT,Watchlist,,Information Technology,Software & Services,,Jun,Revenue,CY2027,362131.045,374948.879,+3.5%,378316.0,+0.9%,383422.462,+1.3%,418.57,,+5.9%,-13.5%,+5.4%,-8.0%
MSFT,Watchlist,,Information Technology,Software & Services,,Jun,Revenue,CY2028,423606.444,433268.818,+2.3%,440997.103,+1.8%,450123.136,+2.1%,418.57,,+6.3%,-13.5%,+5.4%,-8.0%
BX,Watchlist,,Financials,Financial Services,,Dec,Revenue,CY2025,12218.643,12763.4,+4.5%,12730.417,-0.3%,12730.417,+0.0%,118.51,,+4.2%,-23.1%,-2.3%,-13.5%
BX,Watchlist,,Financials,Financial Services,,Dec,Revenue,CY2026,15873.929,15873.417,-0.0%,15905.6,+0.2%,14831.25,-6.8%,118.51,,-6.6%,-23.1%,-2.3%,-13.5%
BX,Watchlist,,Financials,Financial Services,,Dec,Revenue,CY2027,19161.25,19502.375,+1.8%,19386.417,-0.6%,18561.417,-4.3%,118.51,,-3.1%,-23.1%,-2.3%,-13.5%
BX,Watchlist,,Financials,Financial Services,,Dec,Revenue,CY2028,20274.667,20299.75,+0.1%,20381.5,+0.4%,20030.167,-1.7%,118.51,,-1.2%,-23.1%,-2.3%,-13.5%
BKNG,Watchlist,,Consumer Discretionary,Consumer Services,,Dec,Revenue,CY2025,25792.485,26687.194,+3.5%,26703.583,+0.1%,26703.583,+0.0%,161.06,,+3.5%,-24.8%,-1.2%,-24.6%
BKNG,Watchlist,,Consumer Discretionary,Consumer Services,,Dec,Revenue,CY2026,27880.471,29101.139,+4.4%,29853.676,+2.6%,29368.941,-1.6%,161.06,,+5.3%,-24.8%,-1.2%,-24.6%
BKNG,Watchlist,,Consumer Discretionary,Consumer Services,,Dec,Revenue,CY2027,30245.5,31500.536,+4.1%,32388.784,+2.8%,32045.647,-1.1%,161.06,,+6.0%,-24.8%,-1.2%,-24.6%
BKNG,Watchlist,,Consumer Discretionary,Consumer Services,,Dec,Revenue,CY2028,32742.636,34013.2,+3.9%,34862.909,+2.5%,34593.857,-0.8%,161.06,,+5.7%,-24.8%,-1.2%,-24.6%
COST,Watchlist,,Consumer Staples,Consumer Staples Distribution,,Aug,Revenue,CY2025,274950.515,275078.688,+0.0%,275078.688,+0.0%,275078.688,+0.0%,1028.24,,+0.0%,+19.2%,+4.4%,+1.0%
COST,Watchlist,,Consumer Staples,Consumer Staples Distribution,,Aug,Revenue,CY2026,294386.03,296906.233,+0.9%,297489.75,+0.2%,299979.545,+0.8%,1028.24,,+1.9%,+19.2%,+4.4%,+1.0%
COST,Watchlist,,Consumer Staples,Consumer Staples Distribution,,Aug,Revenue,CY2027,314300.52,319179.852,+1.6%,319719.375,+0.2%,323598.848,+1.2%,1028.24,,+3.0%,+19.2%,+4.4%,+1.0%
COST,Watchlist,,Consumer Staples,Consumer Staples Distribution,,Aug,Revenue,CY2028,335143.875,342075.714,+2.1%,344398.722,+0.7%,350254.958,+1.7%,1028.24,,+4.5%,+19.2%,+4.4%,+1.0%
QCOM,Extended,Uncategorized,Information Technology,Semiconductors & Semiconductor,,Sep,Revenue,CY2025,43441.735,43685.212,+0.6%,43685.212,+0.0%,43685.212,+0.0%,238.16,,+0.6%,+39.2%,+66.7%,+61.6%
QCOM,Extended,Uncategorized,Information Technology,Semiconductors & Semiconductor,,Sep,Revenue,CY2026,44081.353,45618.516,+3.5%,43878.394,-3.8%,42514.5,-3.1%,238.16,,-3.6%,+39.2%,+66.7%,+61.6%
QCOM,Extended,Uncategorized,Information Technology,Semiconductors & Semiconductor,,Sep,Revenue,CY2027,45199.5,46373.097,+2.6%,44366.545,-4.3%,42616.342,-3.9%,238.16,,-5.7%,+39.2%,+66.7%,+61.6%
QCOM,Extended,Uncategorized,Information Technology,Semiconductors & Semiconductor,,Sep,Revenue,CY2028,47488.5,48718.929,+2.6%,47420.25,-2.7%,46224.25,-2.5%,238.16,,-2.7%,+39.2%,+66.7%,+61.6%
ASML,Extended,Uncategorized,Information Technology,Semiconductors & Semiconductor,,Dec,Revenue,CY2025,32257.0,32473.161,+0.7%,32503.385,+0.1%,32503.385,+0.0%,1409.0,,+0.8%,+52.9%,+12.2%,+114.5%
ASML,Extended,Uncategorized,Information Technology,Semiconductors & Semiconductor,,Dec,Revenue,CY2026,35321.324,34231.081,-3.1%,37599.81,+9.8%,39159.659,+4.1%,1409.0,,+10.9%,+52.9%,+12.2%,+114.5%
ASML,Extended,Uncategorized,Information Technology,Semiconductors & Semiconductor,,Dec,Revenue,CY2027,39696.154,39162.118,-1.3%,44251.829,+13.0%,47430.651,+7.2%,1409.0,,+19.5%,+52.9%,+12.2%,+114.5%
ASML,Extended,Uncategorized,Information Technology,Semiconductors & Semiconductor,,Dec,Revenue,CY2028,44485.444,42630.364,-4.2%,49140.76,+15.3%,52239.567,+6.3%,1409.0,,+17.4%,+52.9%,+12.2%,+114.5%
AMAT,Extended,Uncategorized,Information Technology,Semiconductors & Semiconductor,,Oct,Revenue,CY2025,28780.839,28239.903,-1.9%,28239.903,+0.0%,28239.903,+0.0%,432.16,,-1.9%,+68.2%,+15.1%,+169.2%
AMAT,Extended,Uncategorized,Information Technology,Semiconductors & Semiconductor,,Oct,Revenue,CY2026,30557.129,28831.818,-5.6%,31183.029,+8.2%,33196.211,+6.5%,432.16,,+8.6%,+68.2%,+15.1%,+169.2%
AMAT,Extended,Uncategorized,Information Technology,Semiconductors & Semiconductor,,Oct,Revenue,CY2027,32578.235,32334.393,-0.7%,37140.647,+14.9%,41596.816,+12.0%,432.16,,+27.7%,+68.2%,+15.1%,+169.2%
AMAT,Extended,Uncategorized,Information Technology,Semiconductors & Semiconductor,,Oct,Revenue,CY2028,33797.6,33709.214,-0.3%,40682.25,+20.7%,47512.238,+16.8%,432.16,,+40.6%,+68.2%,+15.1%,+169.2%
KKR,Extended,Uncategorized,Financials,Financial Services,,Dec,Revenue,CY2025,7701.417,8209.0,+6.6%,7829.8,-4.6%,7829.8,+0.0%,94.04,,+1.7%,-26.2%,-7.1%,-20.4%
KKR,Extended,Uncategorized,Financials,Financial Services,,Dec,Revenue,CY2026,9969.083,12968.0,+30.1%,11701.417,-9.8%,9243.071,-21.0%,94.04,,-7.3%,-26.2%,-7.1%,-20.4%
KKR,Extended,Uncategorized,Financials,Financial Services,,Dec,Revenue,CY2027,11668.0,15141.125,+29.8%,13319.273,-12.0%,10897.929,-18.2%,94.04,,-6.6%,-26.2%,-7.1%,-20.4%
KKR,Extended,Uncategorized,Financials,Financial Services,,Dec,Revenue,CY2028,14809.0,27869.5,+88.2%,18314.4,-34.3%,12723.4,-30.5%,94.04,,-14.1%,-26.2%,-7.1%,-20.4%
BAM,Extended,Uncategorized,Financials,Financial Services,,Dec,Revenue,CY2025,5287.077,5345.154,+1.1%,5392.286,+0.9%,5392.286,+0.0%,47.93,,+2.0%,-8.5%,-5.2%,-16.3%
BAM,Extended,Uncategorized,Financials,Financial Services,,Dec,Revenue,CY2026,6027.154,6084.154,+0.9%,6222.5,+2.3%,6062.0,-2.6%,47.93,,+0.6%,-8.5%,-5.2%,-16.3%
BAM,Extended,Uncategorized,Financials,Financial Services,,Dec,Revenue,CY2027,6857.778,6931.182,+1.1%,7183.846,+3.6%,7020.455,-2.3%,47.93,,+2.4%,-8.5%,-5.2%,-16.3%
BAM,Extended,Uncategorized,Financials,Financial Services,,Dec,Revenue,CY2028,7649.0,7640.0,-0.1%,8143.0,+6.6%,7844.0,-3.7%,47.93,,+2.5%,-8.5%,-5.2%,-16.3%
ARES,Extended,Uncategorized,Financials,Financial Services,,Dec,Revenue,CY2025,4612.875,4327.364,-6.2%,4433.4,+2.5%,4433.4,+0.0%,124.41,,-3.9%,-23.0%,+1.0%,-22.2%
ARES,Extended,Uncategorized,Financials,Financial Services,,Dec,Revenue,CY2026,5736.875,5346.75,-6.8%,5647.0,+5.6%,5014.875,-11.2%,124.41,,-12.6%,-23.0%,+1.0%,-22.2%
ARES,Extended,Uncategorized,Financials,Financial Services,,Dec,Revenue,CY2027,6727.667,6364.0,-5.4%,6607.909,+3.8%,6474.0,-2.0%,124.41,,-3.8%,-23.0%,+1.0%,-22.2%
ARES,Extended,Uncategorized,Financials,Financial Services,,Dec,Revenue,CY2028,,6904.0,,7581.5,+9.8%,7239.75,-4.5%,124.41,,,-23.0%,+1.0%,-22.2%
OWL,Extended,Uncategorized,Financials,Financial Services,,Dec,Revenue,CY2025,2700.929,2664.5,-1.3%,2657.0,-0.3%,2657.0,+0.0%,10.06,,-1.6%,-32.7%,-6.9%,-44.8%
OWL,Extended,Uncategorized,Financials,Financial Services,,Dec,Revenue,CY2026,3300.786,3171.813,-3.9%,3039.5,-4.2%,2874.867,-5.4%,10.06,,-12.9%,-32.7%,-6.9%,-44.8%
OWL,Extended,Uncategorized,Financials,Financial Services,,Dec,Revenue,CY2027,3824.429,3711.071,-3.0%,3554.188,-4.2%,3218.4,-9.4%,10.06,,-15.8%,-32.7%,-6.9%,-44.8%
OWL,Extended,Uncategorized,Financials,Financial Services,,Dec,Revenue,CY2028,,4078.0,,3993.4,-2.1%,3575.286,-10.5%,10.06,,,-32.7%,-6.9%,-44.8%
CG,Extended,Uncategorized,Financials,Financial Services,,Dec,Revenue,CY2025,3985.5,3862.5,-3.1%,3851.0,-0.3%,3851.0,+0.0%,45.43,,-3.4%,-23.1%,-14.7%,+2.3%
CG,Extended,Uncategorized,Financials,Financial Services,,Dec,Revenue,CY2026,4657.923,4517.6,-3.0%,4519.917,+0.1%,3768.25,-16.6%,45.43,,-19.1%,-23.1%,-14.7%,+2.3%
CG,Extended,Uncategorized,Financials,Financial Services,,Dec,Revenue,CY2027,4864.5,4849.222,-0.3%,5098.167,+5.1%,4864.308,-4.6%,45.43,,-0.0%,-23.1%,-14.7%,+2.3%
CG,Extended,Uncategorized,Financials,Financial Services,,Dec,Revenue,CY2028,5545.0,5727.0,+3.3%,5610.0,-2.0%,5982.5,+6.6%,45.43,,+7.9%,-23.1%,-14.7%,+2.3%
BN,Extended,Uncategorized,Financials,Financial Services,,Dec,Revenue,CY2025,10266.0,65025.5,+533.4%,65025.5,+0.0%,65025.5,+0.0%,45.37,,+533.4%,-1.1%,-1.3%,+19.0%
BN,Extended,Uncategorized,Financials,Financial Services,,Dec,Revenue,CY2026,44164.0,7480.0,-83.1%,7851.0,+5.0%,7132.0,-9.2%,45.37,,-83.9%,-1.1%,-1.3%,+19.0%
BN,Extended,Uncategorized,Financials,Financial Services,,Dec,Revenue,CY2027,8795.0,8669.0,-1.4%,8849.0,+2.1%,34496.333,+289.8%,45.37,,+292.2%,-1.1%,-1.3%,+19.0%
BN,Extended,Uncategorized,Financials,Financial Services,,Dec,Revenue,CY2028,,,,10604.0,,11418.0,+7.7%,45.37,,,-1.1%,-1.3%,+19.0%
CRM,Extended,Uncategorized,Information Technology,Software & Services,,Jan,Revenue,CY2025,40816.019,41257.098,+1.1%,41489.176,+0.6%,41490.314,+0.0%,180.07,,+1.7%,-32.0%,-2.7%,-36.5%
CRM,Extended,Uncategorized,Information Technology,Software & Services,,Jan,Revenue,CY2026,44492.157,45017.686,+1.2%,46064.588,+2.3%,46097.294,+0.1%,180.07,,+3.6%,-32.0%,-2.7%,-36.5%
CRM,Extended,Uncategorized,Information Technology,Software & Services,,Jan,Revenue,CY2027,49215.19,49215.241,+0.0%,50400.324,+2.4%,50620.417,+0.4%,180.07,,+2.9%,-32.0%,-2.7%,-36.5%
CRM,Extended,Uncategorized,Information Technology,Software & Services,,Jan,Revenue,CY2028,55114.857,54700.778,-0.8%,55240.091,+1.0%,55977.211,+1.3%,180.07,,+1.6%,-32.0%,-2.7%,-36.5%
WDAY,Extended,Uncategorized,Information Technology,Software & Services,,Jan,Revenue,CY2025,9503.563,9516.233,+0.1%,9543.895,+0.3%,9543.892,-0.0%,128.14,,+0.4%,-40.3%,-7.0%,-52.9%
WDAY,Extended,Uncategorized,Information Technology,Software & Services,,Jan,Revenue,CY2026,10758.821,10709.158,-0.5%,10710.657,+0.0%,10657.368,-0.5%,128.14,,-0.9%,-40.3%,-7.0%,-52.9%
WDAY,Extended,Uncategorized,Information Technology,Software & Services,,Jan,Revenue,CY2027,12163.353,12033.56,-1.1%,12007.0,-0.2%,11844.795,-1.4%,128.14,,-2.6%,-40.3%,-7.0%,-52.9%
WDAY,Extended,Uncategorized,Information Technology,Software & Services,,Jan,Revenue,CY2028,13748.5,13545.125,-1.5%,13445.875,-0.7%,13074.889,-2.8%,128.14,,-4.9%,-40.3%,-7.0%,-52.9%
SHOP,Extended,Uncategorized,Information Technology,Software & Services,,Dec,Revenue,CY2025,10896.0,11473.041,+5.3%,11475.0,+0.0%,11475.0,+0.0%,103.0,,+5.3%,-36.0%,-18.4%,-0.3%
SHOP,Extended,Uncategorized,Information Technology,Software & Services,,Dec,Revenue,CY2026,13095.149,14203.122,+8.5%,14634.865,+3.0%,14821.061,+1.3%,103.0,,+13.2%,-36.0%,-18.4%,-0.3%
SHOP,Extended,Uncategorized,Information Technology,Software & Services,,Dec,Revenue,CY2027,16420.852,17365.143,+5.8%,18130.625,+4.4%,18371.367,+1.3%,103.0,,+11.9%,-36.0%,-18.4%,-0.3%
SHOP,Extended,Uncategorized,Information Technology,Software & Services,,Dec,Revenue,CY2028,21439.091,20870.455,-2.7%,22373.52,+7.2%,22976.148,+2.7%,103.0,,+7.2%,-36.0%,-18.4%,-0.3%
GWRE,Extended,Uncategorized,Information Technology,Software & Services,,Jul,Revenue,CY2025,1171.067,1183.867,+1.1%,1183.867,+0.0%,1183.867,+0.0%,140.26,,+1.1%,-30.2%,+9.9%,-32.6%
GWRE,Extended,Uncategorized,Information Technology,Software & Services,,Jul,Revenue,CY2026,1336.333,1399.643,+4.7%,1415.143,+1.1%,1445.571,+2.2%,140.26,,+8.2%,-30.2%,+9.9%,-32.6%
GWRE,Extended,Uncategorized,Information Technology,Software & Services,,Jul,Revenue,CY2027,1536.167,1610.929,+4.9%,1633.786,+1.4%,1677.071,+2.6%,140.26,,+9.2%,-30.2%,+9.9%,-32.6%
GWRE,Extended,Uncategorized,Information Technology,Software & Services,,Jul,Revenue,CY2028,,1885.714,,1881.917,-0.2%,1932.462,+2.7%,140.26,,,-30.2%,+9.9%,-32.6%
NOW,Extended,Uncategorized,Information Technology,Software & Services,,Dec,Revenue,CY2025,13027.214,13241.439,+1.6%,13242.163,+0.0%,13242.163,+0.0%,102.13,,+1.6%,-33.3%,-2.1%,-49.7%
NOW,Extended,Uncategorized,Information Technology,Software & Services,,Dec,Revenue,CY2026,15472.452,15693.244,+1.4%,15978.951,+1.8%,16194.913,+1.4%,102.13,,+4.7%,-33.3%,-2.1%,-49.7%
NOW,Extended,Uncategorized,Information Technology,Software & Services,,Dec,Revenue,CY2027,18379.889,18558.0,+1.0%,18925.659,+2.0%,19193.864,+1.4%,102.13,,+4.4%,-33.3%,-2.1%,-49.7%
NOW,Extended,Uncategorized,Information Technology,Software & Services,,Dec,Revenue,CY2028,21801.3,21797.0,-0.0%,22498.7,+3.2%,22803.423,+1.4%,102.13,,+4.6%,-33.3%,-2.1%,-49.7%
ELV,Extended,Uncategorized,Health Care,Health Care Equipment & Servic,,Dec,Revenue,CY2025,194135.211,197741.667,+1.9%,197455.933,-0.1%,197455.933,+0.0%,394.69,,+1.7%,+12.6%,+15.1%,+2.6%
ELV,Extended,Uncategorized,Health Care,Health Care Equipment & Servic,,Dec,Revenue,CY2026,207838.722,205089.625,-1.3%,191612.0,-6.6%,195834.476,+2.2%,394.69,,-5.8%,+12.6%,+15.1%,+2.6%
ELV,Extended,Uncategorized,Health Care,Health Care Equipment & Servic,,Dec,Revenue,CY2027,224242.583,214962.563,-4.1%,197014.412,-8.3%,199288.35,+1.2%,394.69,,-11.1%,+12.6%,+15.1%,+2.6%
ELV,Extended,Uncategorized,Health Care,Health Care Equipment & Servic,,Dec,Revenue,CY2028,245954.4,224581.4,-8.7%,206658.909,-8.0%,210003.714,+1.6%,394.69,,-14.6%,+12.6%,+15.1%,+2.6%
WMT,Extended,Uncategorized,Consumer Staples,Consumer Staples Distribution,,Jan,Revenue,CY2025,705565.951,712099.15,+0.9%,712992.0,+0.1%,712992.0,+0.0%,120.27,,+1.1%,+8.0%,-2.2%,+25.4%
WMT,Extended,Uncategorized,Consumer Staples,Consumer Staples Distribution,,Jan,Revenue,CY2026,737409.205,747828.897,+1.4%,748418.773,+0.1%,751291.442,+0.4%,120.27,,+1.9%,+8.0%,-2.2%,+25.4%
WMT,Extended,Uncategorized,Consumer Staples,Consumer Staples Distribution,,Jan,Revenue,CY2027,771029.792,782722.607,+1.5%,783193.763,+0.1%,786417.619,+0.4%,120.27,,+2.0%,+8.0%,-2.2%,+25.4%
WMT,Extended,Uncategorized,Consumer Staples,Consumer Staples Distribution,,Jan,Revenue,CY2028,806734.0,827234.667,+2.5%,825915.409,-0.2%,826166.5,+0.0%,120.27,,+2.4%,+8.0%,-2.2%,+25.4%
LAD,Extended,Uncategorized,Consumer Discretionary,Consumer Discretionary Distrib,,Dec,Revenue,CY2025,37945.188,37858.0,-0.2%,37722.143,-0.4%,37722.143,+0.0%,276.58,,-0.6%,-16.8%,-5.8%,-10.1%
LAD,Extended,Uncategorized,Consumer Discretionary,Consumer Discretionary Distrib,,Dec,Revenue,CY2026,40159.313,39448.333,-1.8%,39474.923,+0.1%,38356.2,-2.8%,276.58,,-4.5%,-16.8%,-5.8%,-10.1%
LAD,Extended,Uncategorized,Consumer Discretionary,Consumer Discretionary Distrib,,Dec,Revenue,CY2027,43996.625,41626.778,-5.4%,41358.917,-0.6%,39989.533,-3.3%,276.58,,-9.1%,-16.8%,-5.8%,-10.1%
LAD,Extended,Uncategorized,Consumer Discretionary,Consumer Discretionary Distrib,,Dec,Revenue,CY2028,43744.0,42007.0,-4.0%,44121.143,+5.0%,42256.2,-4.2%,276.58,,-3.4%,-16.8%,-5.8%,-10.1%
CI,Extended,Uncategorized,Health Care,Health Care Equipment & Servic,,Dec,Revenue,CY2025,256734.048,270743.579,+5.5%,270646.75,-0.0%,270646.75,+0.0%,286.24,,+5.4%,+4.0%,+2.1%,-8.5%
CI,Extended,Uncategorized,Health Care,Health Care Equipment & Servic,,Dec,Revenue,CY2026,267716.429,284113.389,+6.1%,282458.611,-0.6%,285840.3,+1.2%,286.24,,+6.8%,+4.0%,+2.1%,-8.5%
CI,Extended,Uncategorized,Health Care,Health Care Equipment & Servic,,Dec,Revenue,CY2027,282606.462,301183.0,+6.6%,298945.556,-0.7%,298645.6,-0.1%,286.24,,+5.7%,+4.0%,+2.1%,-8.5%
CI,Extended,Uncategorized,Health Care,Health Care Equipment & Servic,,Dec,Revenue,CY2028,304913.167,322601.333,+5.8%,316458.0,-1.9%,315255.75,-0.4%,286.24,,+3.4%,+4.0%,+2.1%,-8.5%
THC,Extended,Healthcare providers,Health Care,Health Care Equipment & Servic,,Dec,Revenue,CY2025,20887.727,21243.095,+1.7%,21243.318,+0.0%,21243.318,+0.0%,173.78,,+1.7%,-12.6%,-24.4%,+7.7%
THC,Extended,Healthcare providers,Health Care,Health Care Equipment & Servic,,Dec,Revenue,CY2026,21935.636,22185.4,+1.1%,22018.737,-0.8%,21997.476,-0.1%,173.78,,+0.3%,-12.6%,-24.4%,+7.7%
THC,Extended,Healthcare providers,Health Care,Health Care Equipment & Servic,,Dec,Revenue,CY2027,23099.385,23279.176,+0.8%,22505.524,-3.3%,22341.952,-0.7%,173.78,,-3.3%,-12.6%,-24.4%,+7.7%
THC,Extended,Healthcare providers,Health Care,Health Care Equipment & Servic,,Dec,Revenue,CY2028,24078.75,24009.667,-0.3%,23494.0,-2.1%,23523.364,+0.1%,173.78,,-2.3%,-12.6%,-24.4%,+7.7%
UHS,Extended,Healthcare providers,Health Care,Health Care Equipment & Servic,,Dec,Revenue,CY2025,17133.0,17357.1,+1.3%,17386.333,+0.2%,17386.333,+0.0%,157.8,,+1.5%,-27.6%,-31.5%,-15.5%
UHS,Extended,Healthcare providers,Health Care,Health Care Equipment & Servic,,Dec,Revenue,CY2026,18084.158,18254.737,+0.9%,18255.611,+0.0%,18544.158,+1.6%,157.8,,+2.5%,-27.6%,-31.5%,-15.5%
UHS,Extended,Healthcare providers,Health Care,Health Care Equipment & Servic,,Dec,Revenue,CY2027,19014.833,19204.353,+1.0%,19208.063,+0.0%,19461.158,+1.3%,157.8,,+2.3%,-27.6%,-31.5%,-15.5%
UHS,Extended,Healthcare providers,Health Care,Health Care Equipment & Servic,,Dec,Revenue,CY2028,19848.0,20010.0,+0.8%,19948.667,-0.3%,20502.083,+2.8%,157.8,,+3.3%,-27.6%,-31.5%,-15.5%
CYH,Extended,Healthcare providers,Health Care,Health Care Equipment & Servic,,Dec,Revenue,CY2025,12362.2,12517.3,+1.3%,12517.3,+0.0%,12517.3,+0.0%,2.8,,+1.3%,-10.3%,-21.3%,-24.7%
CYH,Extended,Healthcare providers,Health Care,Health Care Equipment & Servic,,Dec,Revenue,CY2026,12827.889,12673.0,-1.2%,12115.545,-4.4%,11628.556,-4.0%,2.8,,-9.3%,-10.3%,-21.3%,-24.7%
CYH,Extended,Healthcare providers,Health Care,Health Care Equipment & Servic,,Dec,Revenue,CY2027,13361.0,13115.375,-1.8%,12268.0,-6.5%,11853.778,-3.4%,2.8,,-11.3%,-10.3%,-21.3%,-24.7%
CYH,Extended,Healthcare providers,Health Care,Health Care Equipment & Servic,,Dec,Revenue,CY2028,14143.0,13918.0,-1.6%,12590.0,-9.5%,12210.25,-3.0%,2.8,,-13.7%,-10.3%,-21.3%,-24.7%
DVA,Extended,Healthcare providers,Health Care,Health Care Equipment & Servic,,Dec,Revenue,CY2025,13460.286,13520.444,+0.4%,13516.375,-0.0%,13516.375,+0.0%,198.52,,+0.4%,+74.7%,+31.7%,+43.3%
DVA,Extended,Healthcare providers,Health Care,Health Care Equipment & Servic,,Dec,Revenue,CY2026,13943.429,13949.556,+0.0%,14006.5,+0.4%,14134.375,+0.9%,198.52,,+1.4%,+74.7%,+31.7%,+43.3%
DVA,Extended,Healthcare providers,Health Care,Health Care Equipment & Servic,,Dec,Revenue,CY2027,14529.8,14420.143,-0.8%,14433.375,+0.1%,14595.5,+1.1%,198.52,,+0.5%,+74.7%,+31.7%,+43.3%
DVA,Extended,Healthcare providers,Health Care,Health Care Equipment & Servic,,Dec,Revenue,CY2028,15433.0,15082.0,-2.3%,14989.0,-0.6%,15126.8,+0.9%,198.52,,-2.0%,+74.7%,+31.7%,+43.3%
DGX,Extended,Healthcare providers,Health Care,Health Care Equipment & Servic,,Dec,Revenue,CY2025,10791.889,10983.5,+1.8%,10984.556,+0.0%,10984.556,+0.0%,195.21,,+1.8%,+12.5%,-3.6%,+15.1%
DGX,Extended,Healthcare providers,Health Care,Health Care Equipment & Servic,,Dec,Revenue,CY2026,11221.5,11373.563,+1.4%,11763.813,+3.4%,11853.353,+0.8%,195.21,,+5.6%,+12.5%,-3.6%,+15.1%
DGX,Extended,Healthcare providers,Health Care,Health Care Equipment & Servic,,Dec,Revenue,CY2027,11649.214,11836.0,+1.6%,12195.353,+3.0%,12386.412,+1.6%,195.21,,+6.3%,+12.5%,-3.6%,+15.1%
DGX,Extended,Healthcare providers,Health Care,Health Care Equipment & Servic,,Dec,Revenue,CY2028,12029.6,12264.167,+1.9%,12750.833,+4.0%,12922.615,+1.3%,195.21,,+7.4%,+12.5%,-3.6%,+15.1%
HUM,Extended,Managed Care,Health Care,Health Care Equipment & Servic,,Dec,Revenue,CY2025,126580.611,129144.118,+2.0%,129144.714,+0.0%,129144.714,+0.0%,307.95,,+2.0%,+20.2%,+62.2%,+35.6%
HUM,Extended,Managed Care,Health Care,Health Care Equipment & Servic,,Dec,Revenue,CY2026,130238.389,144312.368,+10.8%,157527.7,+9.2%,161741.364,+2.7%,307.95,,+24.2%,+20.2%,+62.2%,+35.6%
HUM,Extended,Managed Care,Health Care,Health Care Equipment & Servic,,Dec,Revenue,CY2027,141928.182,155538.176,+9.6%,167853.95,+7.9%,169161.524,+0.8%,307.95,,+19.2%,+20.2%,+62.2%,+35.6%
HUM,Extended,Managed Care,Health Care,Health Care Equipment & Servic,,Dec,Revenue,CY2028,152334.4,167805.857,+10.2%,184909.455,+10.2%,180028.563,-2.6%,307.95,,+18.2%,+20.2%,+62.2%,+35.6%
CNC,Extended,Managed Care,Health Care,Health Care Equipment & Servic,,Dec,Revenue,CY2025,179954.188,192922.8,+7.2%,192953.625,+0.0%,192953.625,+0.0%,59.14,,+7.2%,+43.7%,+36.8%,+1.8%
CNC,Extended,Managed Care,Health Care,Health Care Equipment & Servic,,Dec,Revenue,CY2026,183187.125,193831.75,+5.8%,188160.833,-2.9%,189651.333,+0.8%,59.14,,+3.5%,+43.7%,+36.8%,+1.8%
CNC,Extended,Managed Care,Health Care,Health Care Equipment & Servic,,Dec,Revenue,CY2027,190333.917,197831.4,+3.9%,191618.722,-3.1%,192094.294,+0.2%,59.14,,+0.9%,+43.7%,+36.8%,+1.8%
CNC,Extended,Managed Care,Health Care,Health Care Equipment & Servic,,Dec,Revenue,CY2028,203984.167,198747.2,-2.6%,199083.455,+0.2%,200155.615,+0.5%,59.14,,-1.9%,+43.7%,+36.8%,+1.8%
MOH,Extended,Managed Care,Health Care,Health Care Equipment & Servic,,Dec,Revenue,CY2025,44092.0,44849.2,+1.7%,44926.294,+0.2%,44926.294,+0.0%,184.14,,+1.9%,+6.1%,+21.9%,-40.6%
MOH,Extended,Managed Care,Health Care,Health Care Equipment & Servic,,Dec,Revenue,CY2026,47682.0,46692.429,-2.1%,44531.286,-4.6%,44379.176,-0.3%,184.14,,-6.9%,+6.1%,+21.9%,-40.6%
MOH,Extended,Managed Care,Health Care,Health Care Equipment & Servic,,Dec,Revenue,CY2027,51210.4,50008.615,-2.3%,47153.667,-5.7%,47398.2,+0.5%,184.14,,-7.4%,+6.1%,+21.9%,-40.6%
MOH,Extended,Managed Care,Health Care,Health Care Equipment & Servic,,Dec,Revenue,CY2028,54430.25,52057.0,-4.4%,49691.625,-4.5%,49998.636,+0.6%,184.14,,-8.1%,+6.1%,+21.9%,-40.6%
PINS,Extended,Internet,Communication Services,Media & Entertainment,,Dec,Revenue,CY2025,4148.629,4233.278,+2.0%,4232.914,-0.0%,4232.914,+0.0%,19.29,,+2.0%,-25.5%,+8.6%,-39.2%
PINS,Extended,Internet,Communication Services,Media & Entertainment,,Dec,Revenue,CY2026,4801.765,4849.757,+1.0%,4765.59,-1.7%,4864.667,+2.1%,19.29,,+1.3%,-25.5%,+8.6%,-39.2%
PINS,Extended,Internet,Communication Services,Media & Entertainment,,Dec,Revenue,CY2027,5444.292,5510.097,+1.2%,5372.389,-2.5%,5471.657,+1.8%,19.29,,+0.5%,-25.5%,+8.6%,-39.2%
PINS,Extended,Internet,Communication Services,Media & Entertainment,,Dec,Revenue,CY2028,6232.214,6216.533,-0.3%,5992.364,-3.6%,6082.625,+1.5%,19.29,,-2.4%,-25.5%,+8.6%,-39.2%
SNAP,Extended,Internet,Communication Services,Media & Entertainment,,Dec,Revenue,CY2025,5849.098,5916.537,+1.2%,5916.818,+0.0%,5916.818,+0.0%,5.72,,+1.2%,-29.1%,+11.3%,-32.1%
SNAP,Extended,Internet,Communication Services,Media & Entertainment,,Dec,Revenue,CY2026,6473.854,6759.585,+4.4%,6704.422,-0.8%,6697.522,-0.1%,5.72,,+3.5%,-29.1%,+11.3%,-32.1%
SNAP,Extended,Internet,Communication Services,Media & Entertainment,,Dec,Revenue,CY2027,7205.897,7355.265,+2.1%,7358.721,+0.0%,7363.136,+0.1%,5.72,,+2.2%,-29.1%,+11.3%,-32.1%
SNAP,Extended,Internet,Communication Services,Media & Entertainment,,Dec,Revenue,CY2028,7947.474,7977.0,+0.4%,8000.0,+0.3%,7996.387,-0.0%,5.72,,+0.6%,-29.1%,+11.3%,-32.1%
RDDT,Extended,Internet,Communication Services,Media & Entertainment,,Dec,Revenue,CY2025,1849.308,2142.667,+15.9%,2142.813,+0.0%,2142.813,+0.0%,141.67,,+15.9%,-38.4%,-5.7%,+44.1%
RDDT,Extended,Internet,Communication Services,Media & Entertainment,,Dec,Revenue,CY2026,2366.28,2960.889,+25.1%,3117.844,+5.3%,3212.882,+3.0%,141.67,,+35.8%,-38.4%,-5.7%,+44.1%
RDDT,Extended,Internet,Communication Services,Media & Entertainment,,Dec,Revenue,CY2027,2933.6,3842.885,+31.0%,4070.531,+5.9%,4226.818,+3.8%,141.67,,+44.1%,-38.4%,-5.7%,+44.1%
RDDT,Extended,Internet,Communication Services,Media & Entertainment,,Dec,Revenue,CY2028,3467.273,4876.182,+40.6%,5209.0,+6.8%,5313.619,+2.0%,141.67,,+53.3%,-38.4%,-5.7%,+44.1%
EBAY,Extended,Internet,Consumer Discretionary,Consumer Discretionary Distrib,,Dec,Revenue,CY2025,10619.724,11007.742,+3.7%,11009.469,+0.0%,11009.469,+0.0%,115.75,,+3.7%,+32.9%,+31.4%,+60.4%
EBAY,Extended,Internet,Consumer Discretionary,Consumer Discretionary Distrib,,Dec,Revenue,CY2026,11019.7,11518.194,+4.5%,11924.667,+3.5%,12160.516,+2.0%,115.75,,+10.4%,+32.9%,+31.4%,+60.4%
EBAY,Extended,Internet,Consumer Discretionary,Consumer Discretionary Distrib,,Dec,Revenue,CY2027,11476.524,12078.308,+5.2%,12568.1,+4.1%,12805.563,+1.9%,115.75,,+11.6%,+32.9%,+31.4%,+60.4%
EBAY,Extended,Internet,Consumer Discretionary,Consumer Discretionary Distrib,,Dec,Revenue,CY2028,11804.545,12630.267,+7.0%,13101.895,+3.7%,13418.905,+2.4%,115.75,,+13.7%,+32.9%,+31.4%,+60.4%
TTD,Extended,Internet,Communication Services,Media & Entertainment,,Dec,Revenue,CY2025,2862.378,2891.043,+1.0%,2893.417,+0.1%,2892.519,-0.0%,22.38,,+1.1%,-41.0%,-10.8%,-69.9%
TTD,Extended,Internet,Communication Services,Media & Entertainment,,Dec,Revenue,CY2026,3399.278,3355.737,-1.3%,3352.308,-0.1%,3184.972,-5.0%,22.38,,-6.3%,-41.0%,-10.8%,-69.9%
TTD,Extended,Internet,Communication Services,Media & Entertainment,,Dec,Revenue,CY2027,4052.913,3885.821,-4.1%,3871.875,-0.4%,3516.5,-9.2%,22.38,,-13.2%,-41.0%,-10.8%,-69.9%
TTD,Extended,Internet,Communication Services,Media & Entertainment,,Dec,Revenue,CY2028,4771.733,4467.188,-6.4%,4446.882,-0.5%,3856.35,-13.3%,22.38,,-19.2%,-41.0%,-10.8%,-69.9%
U,Extended,Internet,Information Technology,Software & Services,,Dec,Revenue,CY2025,1770.269,1835.172,+3.7%,1840.655,+0.3%,1840.655,+0.0%,25.57,,+4.0%,-42.1%,+40.1%,+17.0%
U,Extended,Internet,Information Technology,Software & Services,,Dec,Revenue,CY2026,1915.56,2054.724,+7.3%,2092.821,+1.9%,2130.793,+1.8%,25.57,,+11.2%,-42.1%,+40.1%,+17.0%
U,Extended,Internet,Information Technology,Software & Services,,Dec,Revenue,CY2027,2142.267,2358.32,+10.1%,2360.885,+0.1%,2429.143,+2.9%,25.57,,+13.4%,-42.1%,+40.1%,+17.0%
U,Extended,Internet,Information Technology,Software & Services,,Dec,Revenue,CY2028,2369.8,2595.25,+9.5%,2655.733,+2.3%,2783.895,+4.8%,25.57,,+17.5%,-42.1%,+40.1%,+17.0%
ARM,Extended,Technology,Information Technology,Semiconductors & Semiconductor,,Mar,Revenue,CY2025,4783.725,4857.054,+1.5%,4901.342,+0.9%,4899.317,-0.0%,306.51,,+2.4%,+180.4%,+144.1%,+137.1%
ARM,Extended,Technology,Information Technology,Semiconductors & Semiconductor,,Mar,Revenue,CY2026,5811.27,5904.553,+1.6%,5908.075,+0.1%,6004.591,+1.6%,306.51,,+3.3%,+180.4%,+144.1%,+137.1%
ARM,Extended,Technology,Information Technology,Semiconductors & Semiconductor,,Mar,Revenue,CY2027,6788.824,7021.76,+3.4%,7098.467,+1.1%,7917.814,+11.5%,306.51,,+16.6%,+180.4%,+144.1%,+137.1%
ARM,Extended,Technology,Information Technology,Semiconductors & Semiconductor,,Mar,Revenue,CY2028,7969.286,8269.375,+3.8%,8312.167,+0.5%,10129.105,+21.9%,306.51,,+27.1%,+180.4%,+144.1%,+137.1%
MRVL,Extended,Technology,Information Technology,Semiconductors & Semiconductor,,Jan,Revenue,CY2025,8246.9,8154.921,-1.1%,8177.25,+0.3%,8178.444,+0.0%,196.33,,-0.8%,+131.0%,+147.0%,+217.4%
MRVL,Extended,Technology,Information Technology,Semiconductors & Semiconductor,,Jan,Revenue,CY2026,9822.0,9449.854,-3.8%,9982.63,+5.6%,10889.209,+9.1%,196.33,,+10.9%,+131.0%,+147.0%,+217.4%
MRVL,Extended,Technology,Information Technology,Semiconductors & Semiconductor,,Jan,Revenue,CY2027,11399.333,11062.864,-3.0%,12853.081,+16.2%,15015.409,+16.8%,196.33,,+31.7%,+131.0%,+147.0%,+217.4%
MRVL,Extended,Technology,Information Technology,Semiconductors & Semiconductor,,Jan,Revenue,CY2028,14563.0,13199.4,-9.4%,16925.667,+28.2%,19423.955,+14.8%,196.33,,+33.4%,+131.0%,+147.0%,+217.4%
AMD,Extended,Technology,Information Technology,Semiconductors & Semiconductor,,Dec,Revenue,CY2025,31768.4,34038.157,+7.1%,34078.737,+0.1%,34078.737,+0.0%,467.51,,+7.3%,+118.3%,+133.6%,+322.3%
AMD,Extended,Technology,Information Technology,Semiconductors & Semiconductor,,Dec,Revenue,CY2026,37319.577,44689.92,+19.7%,46492.034,+4.0%,49735.75,+7.0%,467.51,,+33.3%,+118.3%,+133.6%,+322.3%
AMD,Extended,Technology,Information Technology,Semiconductors & Semiconductor,,Dec,Revenue,CY2027,42559.385,62594.69,+47.1%,65106.927,+4.0%,76061.218,+16.8%,467.51,,+78.7%,+118.3%,+133.6%,+322.3%
AMD,Extended,Technology,Information Technology,Semiconductors & Semiconductor,,Dec,Revenue,CY2028,45270.333,82605.3,+82.5%,82977.68,+0.5%,100182.833,+20.7%,467.51,,+121.3%,+118.3%,+133.6%,+322.3%
INTC,Extended,Technology,Information Technology,Semiconductors & Semiconductor,,Dec,Revenue,CY2025,50516.833,52564.341,+4.1%,52601.63,+0.1%,52601.63,+0.0%,119.84,,+4.1%,+224.8%,+171.7%,+483.2%
INTC,Extended,Technology,Information Technology,Semiconductors & Semiconductor,,Dec,Revenue,CY2026,53351.548,53991.477,+1.2%,53934.979,-0.1%,58795.551,+9.0%,119.84,,+10.2%,+224.8%,+171.7%,+483.2%
INTC,Extended,Technology,Information Technology,Semiconductors & Semiconductor,,Dec,Revenue,CY2027,57009.857,56528.774,-0.8%,57965.089,+2.5%,65057.917,+12.2%,119.84,,+14.1%,+224.8%,+171.7%,+483.2%
INTC,Extended,Technology,Information Technology,Semiconductors & Semiconductor,,Dec,Revenue,CY2028,59036.5,64495.5,+9.2%,62131.063,-3.7%,72126.0,+16.1%,119.84,,+22.2%,+224.8%,+171.7%,+483.2%
TXN,Extended,Technology,Information Technology,Semiconductors & Semiconductor,,Dec,Revenue,CY2025,17274.2,17684.0,+2.4%,17687.114,+0.0%,17687.114,+0.0%,309.21,,+2.4%,+78.2%,+40.7%,+71.6%
TXN,Extended,Technology,Information Technology,Semiconductors & Semiconductor,,Dec,Revenue,CY2026,18948.056,19100.8,+0.8%,19507.657,+2.1%,20996.0,+7.6%,309.21,,+10.8%,+78.2%,+40.7%,+71.6%
TXN,Extended,Technology,Information Technology,Semiconductors & Semiconductor,,Dec,Revenue,CY2027,20903.111,22213.036,+6.3%,21508.882,-3.2%,23285.8,+8.3%,309.21,,+11.4%,+78.2%,+40.7%,+71.6%
TXN,Extended,Technology,Information Technology,Semiconductors & Semiconductor,,Dec,Revenue,CY2028,24266.0,24089.286,-0.7%,23998.5,-0.4%,25616.81,+6.7%,309.21,,+5.6%,+78.2%,+40.7%,+71.6%
ADI,Extended,Technology,Information Technology,Semiconductors & Semiconductor,,Oct,Revenue,CY2025,10561.964,10957.516,+3.7%,10957.516,+0.0%,10957.516,+0.0%,397.07,,+3.7%,+46.4%,+11.8%,+87.4%
ADI,Extended,Technology,Information Technology,Semiconductors & Semiconductor,,Oct,Revenue,CY2026,11765.964,12429.313,+5.6%,13875.031,+11.6%,14703.967,+6.0%,397.07,,+25.0%,+46.4%,+11.8%,+87.4%
ADI,Extended,Technology,Information Technology,Semiconductors & Semiconductor,,Oct,Revenue,CY2027,12854.75,13535.158,+5.3%,15257.656,+12.7%,17018.552,+11.5%,397.07,,+32.4%,+46.4%,+11.8%,+87.4%
ADI,Extended,Technology,Information Technology,Semiconductors & Semiconductor,,Oct,Revenue,CY2028,14326.25,14771.167,+3.1%,15849.6,+7.3%,17830.2,+12.5%,397.07,,+24.5%,+46.4%,+11.8%,+87.4%
005930,Extended,Technology,Information Technology,Technology Hardware & Equipmen,,Dec,Revenue,CY2025,323340608.526,325950613.692,+0.8%,331545634.105,+1.7%,331545634.105,+0.0%,293000.0,,+2.5%,+143.4%,+50.9%,+440.6%
005930,Extended,Technology,Information Technology,Technology Hardware & Equipmen,,Dec,Revenue,CY2026,340387281.158,381779326.487,+12.2%,479904510.342,+25.7%,667843912.0,+39.2%,293000.0,,+96.2%,+143.4%,+50.9%,+440.6%
005930,Extended,Technology,Information Technology,Technology Hardware & Equipmen,,Dec,Revenue,CY2027,355580216.821,414808822.03,+16.7%,544760676.444,+31.3%,820267268.821,+50.6%,293000.0,,+130.7%,+143.4%,+50.9%,+440.6%
005930,Extended,Technology,Information Technology,Technology Hardware & Equipmen,,Dec,Revenue,CY2028,344052971.0,421818965.75,+22.6%,611610575.25,+45.0%,873160841.29,+42.8%,293000.0,,+153.8%,+143.4%,+50.9%,+440.6%
000660,Extended,Technology,Information Technology,Semiconductors & Semiconductor,,Dec,Revenue,CY2025,86371382.256,92529197.625,+7.1%,95644767.921,+3.4%,95644767.921,+0.0%,1941000.0,,+10.7%,+197.7%,+103.0%,+870.5%
000660,Extended,Technology,Information Technology,Semiconductors & Semiconductor,,Dec,Revenue,CY2026,99436697.333,133185966.075,+33.9%,208226852.975,+56.3%,326485846.024,+56.8%,1941000.0,,+228.3%,+197.7%,+103.0%,+870.5%
000660,Extended,Technology,Information Technology,Semiconductors & Semiconductor,,Dec,Revenue,CY2027,112933424.154,157097526.588,+39.1%,260662560.289,+65.9%,456010866.786,+74.9%,1941000.0,,+303.8%,+197.7%,+103.0%,+870.5%
000660,Extended,Technology,Information Technology,Semiconductors & Semiconductor,,Dec,Revenue,CY2028,237074978.0,262507895.667,+10.7%,342796103.375,+30.6%,501856977.97,+46.4%,1941000.0,,+111.7%,+197.7%,+103.0%,+870.5%
INTU,Extended,Software,Information Technology,Software & Services,,Jul,Revenue,CY2025,18552.5,18749.655,+1.1%,18749.655,+0.0%,18749.655,+0.0%,319.94,,+1.1%,-51.7%,-15.9%,-52.0%
INTU,Extended,Software,Information Technology,Software & Services,,Jul,Revenue,CY2026,20754.111,21192.321,+2.1%,21249.0,+0.3%,21335.516,+0.4%,319.94,,+2.8%,-51.7%,-15.9%,-52.0%
INTU,Extended,Software,Information Technology,Software & Services,,Jul,Revenue,CY2027,23240.833,23830.286,+2.5%,23944.897,+0.5%,23894.419,-0.2%,319.94,,+2.8%,-51.7%,-15.9%,-52.0%
INTU,Extended,Software,Information Technology,Software & Services,,Jul,Revenue,CY2028,26248.667,26929.235,+2.6%,26890.222,-0.1%,26661.458,-0.9%,319.94,,+1.6%,-51.7%,-15.9%,-52.0%
DDOG,Extended,Software,Information Technology,Software & Services,,Dec,Revenue,CY2025,3234.579,3389.564,+4.8%,3390.395,+0.0%,3390.395,+0.0%,222.32,,+4.8%,+63.5%,+92.2%,+92.2%
DDOG,Extended,Software,Information Technology,Software & Services,,Dec,Revenue,CY2026,3860.674,4114.091,+6.6%,4089.921,-0.6%,4340.15,+6.1%,222.32,,+12.4%,+63.5%,+92.2%,+92.2%
DDOG,Extended,Software,Information Technology,Software & Services,,Dec,Revenue,CY2027,4705.19,4978.229,+5.8%,4919.068,-1.2%,5246.578,+6.7%,222.32,,+11.5%,+63.5%,+92.2%,+92.2%
DDOG,Extended,Software,Information Technology,Software & Services,,Dec,Revenue,CY2028,5554.857,5943.778,+7.0%,5913.412,-0.5%,6413.8,+8.5%,222.32,,+15.5%,+63.5%,+92.2%,+92.2%
BAC,Extended,Banks,Financials,Banks,,Dec,Revenue,CY2025,108261.353,109818.824,+1.4%,110692.65,+0.8%,110692.65,+0.0%,51.8,,+2.2%,-5.8%,-2.4%,+19.6%
BAC,Extended,Banks,Financials,Banks,,Dec,Revenue,CY2026,113995.75,116383.563,+2.1%,119844.421,+3.0%,121288.65,+1.2%,51.8,,+6.4%,-5.8%,-2.4%,+19.6%
BAC,Extended,Banks,Financials,Banks,,Dec,Revenue,CY2027,117726.0,122109.714,+3.7%,126218.222,+3.4%,127352.2,+0.9%,51.8,,+8.2%,-5.8%,-2.4%,+19.6%
BAC,Extended,Banks,Financials,Banks,,Dec,Revenue,CY2028,118171.0,125916.0,+6.6%,131267.857,+4.3%,133058.556,+1.4%,51.8,,+12.6%,-5.8%,-2.4%,+19.6%
WFC,Extended,Banks,Financials,Banks,,Dec,Revenue,CY2025,83318.095,83994.5,+0.8%,84048.739,+0.1%,84048.739,+0.0%,76.4,,+0.9%,-18.0%,-13.9%,+4.1%
WFC,Extended,Banks,Financials,Banks,,Dec,Revenue,CY2026,87219.619,88478.048,+1.4%,88213.667,-0.3%,87661.227,-0.6%,76.4,,+0.5%,-18.0%,-13.9%,+4.1%
WFC,Extended,Banks,Financials,Banks,,Dec,Revenue,CY2027,91091.4,92164.944,+1.2%,92341.619,+0.2%,92013.227,-0.4%,76.4,,+1.0%,-18.0%,-13.9%,+4.1%
WFC,Extended,Banks,Financials,Banks,,Dec,Revenue,CY2028,,97608.0,,97094.75,-0.5%,96199.0,-0.9%,76.4,,,-18.0%,-13.9%,+4.1%
GS,Extended,Banks,Financials,Financial Services,,Dec,Revenue,CY2025,55300.636,59056.818,+6.8%,58336.087,-1.2%,58336.087,+0.0%,996.73,,+5.5%,+13.4%,+8.1%,+66.6%
GS,Extended,Banks,Financials,Financial Services,,Dec,Revenue,CY2026,57680.952,61854.136,+7.2%,63874.696,+3.3%,63790.0,-0.1%,996.73,,+10.6%,+13.4%,+8.1%,+66.6%
GS,Extended,Banks,Financials,Financial Services,,Dec,Revenue,CY2027,59195.364,64574.875,+9.1%,66161.913,+2.5%,66411.417,+0.4%,996.73,,+12.2%,+13.4%,+8.1%,+66.6%
GS,Extended,Banks,Financials,Financial Services,,Dec,Revenue,CY2028,60672.5,66583.25,+9.7%,66736.667,+0.2%,67933.867,+1.8%,996.73,,+12.0%,+13.4%,+8.1%,+66.6%
MS,Extended,Banks,Financials,Financial Services,,Dec,Revenue,CY2025,65546.727,70246.947,+7.2%,70344.273,+0.1%,70344.273,+0.0%,201.03,,+7.3%,+13.2%,+14.6%,+59.2%
MS,Extended,Banks,Financials,Financial Services,,Dec,Revenue,CY2026,68162.773,74248.05,+8.9%,76255.364,+2.7%,77587.087,+1.7%,201.03,,+13.8%,+13.2%,+14.6%,+59.2%
MS,Extended,Banks,Financials,Financial Services,,Dec,Revenue,CY2027,70479.5,78496.125,+11.4%,80263.0,+2.3%,81682.348,+1.8%,201.03,,+15.9%,+13.2%,+14.6%,+59.2%
MS,Extended,Banks,Financials,Financial Services,,Dec,Revenue,CY2028,,81330.0,,83808.231,+3.0%,86090.643,+2.7%,201.03,,,+13.2%,+14.6%,+59.2%
C,Extended,Banks,Financials,Banks,,Dec,Revenue,CY2025,83625.167,86161.368,+3.0%,85704.947,-0.5%,85704.947,+0.0%,125.09,,+2.5%,+7.2%,+7.8%,+70.4%
C,Extended,Banks,Financials,Banks,,Dec,Revenue,CY2026,86077.278,88852.105,+3.2%,90798.2,+2.2%,93501.05,+3.0%,125.09,,+8.6%,+7.2%,+7.8%,+70.4%
C,Extended,Banks,Financials,Banks,,Dec,Revenue,CY2027,88191.5,91566.6,+3.8%,93867.55,+2.5%,96863.8,+3.2%,125.09,,+9.8%,+7.2%,+7.8%,+70.4%
C,Extended,Banks,Financials,Banks,,Dec,Revenue,CY2028,84343.0,87398.0,+3.6%,95000.5,+8.7%,101322.091,+6.7%,125.09,,+20.1%,+7.2%,+7.8%,+70.4%
CB,Extended,Insurance and reinsurance,Financials,Insurance,,Dec,Revenue,CY2025,59336.286,59650.75,+0.5%,59647.286,-0.0%,59647.286,+0.0%,327.89,,+0.5%,+5.1%,-1.1%,+14.2%
CB,Extended,Insurance and reinsurance,Financials,Insurance,,Dec,Revenue,CY2026,63557.714,63695.5,+0.2%,63704.714,+0.0%,64216.0,+0.8%,327.89,,+1.0%,+5.1%,-1.1%,+14.2%
CB,Extended,Insurance and reinsurance,Financials,Insurance,,Dec,Revenue,CY2027,67288.6,67546.571,+0.4%,67247.0,-0.4%,68151.714,+1.3%,327.89,,+1.3%,+5.1%,-1.1%,+14.2%
CB,Extended,Insurance and reinsurance,Financials,Insurance,,Dec,Revenue,CY2028,,,,70513.4,,71563.0,+1.5%,327.89,,,+5.1%,-1.1%,+14.2%
ALL,Extended,Insurance and reinsurance,Financials,Insurance,,Dec,Revenue,CY2025,66362.125,66872.667,+0.8%,67813.222,+1.4%,67813.222,+0.0%,216.6,,+2.2%,+4.1%,+5.0%,+7.0%
ALL,Extended,Insurance and reinsurance,Financials,Insurance,,Dec,Revenue,CY2026,71517.75,70826.222,-1.0%,71296.667,+0.7%,70036.889,-1.8%,216.6,,-2.1%,+4.1%,+5.0%,+7.0%
ALL,Extended,Insurance and reinsurance,Financials,Insurance,,Dec,Revenue,CY2027,75740.833,75439.222,-0.4%,74924.333,-0.7%,73247.0,-2.2%,216.6,,-3.3%,+4.1%,+5.0%,+7.0%
ALL,Extended,Insurance and reinsurance,Financials,Insurance,,Dec,Revenue,CY2028,76298.0,76298.0,+0.0%,77395.667,+1.4%,76138.571,-1.6%,216.6,,-0.2%,+4.1%,+5.0%,+7.0%
TRV,Extended,Insurance and reinsurance,Financials,Insurance,,Dec,Revenue,CY2025,49070.611,48776.75,-0.6%,48813.158,+0.1%,48813.158,+0.0%,306.46,,-0.5%,+5.7%,+0.5%,+13.1%
TRV,Extended,Insurance and reinsurance,Financials,Insurance,,Dec,Revenue,CY2026,52290.368,50326.75,-3.8%,50038.095,-0.6%,48791.0,-2.5%,306.46,,-6.7%,+5.7%,+0.5%,+13.1%
TRV,Extended,Insurance and reinsurance,Financials,Insurance,,Dec,Revenue,CY2027,55062.333,52097.294,-5.4%,51489.8,-1.2%,50267.75,-2.4%,306.46,,-8.7%,+5.7%,+0.5%,+13.1%
TRV,Extended,Insurance and reinsurance,Financials,Insurance,,Dec,Revenue,CY2028,56957.5,53691.333,-5.7%,52999.111,-1.3%,51789.727,-2.3%,306.46,,-9.1%,+5.7%,+0.5%,+13.1%
AIG,Extended,Insurance and reinsurance,Financials,Insurance,,Dec,Revenue,CY2025,27357.917,27467.3,+0.4%,27551.5,+0.3%,27551.5,+0.0%,77.05,,+0.7%,-9.9%,-4.2%,-6.1%
AIG,Extended,Insurance and reinsurance,Financials,Insurance,,Dec,Revenue,CY2026,28780.333,28343.636,-1.5%,29220.25,+3.1%,28857.0,-1.2%,77.05,,+0.3%,-9.9%,-4.2%,-6.1%
AIG,Extended,Insurance and reinsurance,Financials,Insurance,,Dec,Revenue,CY2027,30722.5,30122.583,-2.0%,30924.167,+2.7%,31174.643,+0.8%,77.05,,+1.5%,-9.9%,-4.2%,-6.1%
AIG,Extended,Insurance and reinsurance,Financials,Insurance,,Dec,Revenue,CY2028,32411.0,32411.0,+0.0%,32606.833,+0.6%,32724.25,+0.4%,77.05,,+1.0%,-9.9%,-4.2%,-6.1%
ACGL,Extended,Insurance and reinsurance,Financials,Insurance,,Dec,Revenue,CY2025,18658.0,19642.444,+5.3%,19606.538,-0.2%,19606.538,+0.0%,96.3,,+5.1%,+0.4%,-2.2%,+4.7%
ACGL,Extended,Insurance and reinsurance,Financials,Insurance,,Dec,Revenue,CY2026,19811.273,19352.273,-2.3%,19103.769,-1.3%,18225.571,-4.6%,96.3,,-8.0%,+0.4%,-2.2%,+4.7%
ACGL,Extended,Insurance and reinsurance,Financials,Insurance,,Dec,Revenue,CY2027,21321.143,20226.9,-5.1%,19356.786,-4.3%,18993.154,-1.9%,96.3,,-10.9%,+0.4%,-2.2%,+4.7%
ACGL,Extended,Insurance and reinsurance,Financials,Insurance,,Dec,Revenue,CY2028,,,,19882.857,,19520.2,-1.8%,96.3,,,+0.4%,-2.2%,+4.7%
KMX,Extended,Autos,Consumer Discretionary,Consumer Discretionary Distrib,,Feb,Revenue,CY2025,27526.933,25421.421,-7.6%,25599.588,+0.7%,25640.375,+0.2%,40.33,,-6.9%,+4.4%,-9.4%,-36.2%
KMX,Extended,Autos,Consumer Discretionary,Consumer Discretionary Distrib,,Feb,Revenue,CY2026,29013.667,25683.579,-11.5%,25719.529,+0.1%,25971.188,+1.0%,40.33,,-10.5%,+4.4%,-9.4%,-36.2%
KMX,Extended,Autos,Consumer Discretionary,Consumer Discretionary Distrib,,Feb,Revenue,CY2027,30517.167,26096.556,-14.5%,26175.182,+0.3%,26548.533,+1.4%,40.33,,-13.0%,+4.4%,-9.4%,-36.2%
KMX,Extended,Autos,Consumer Discretionary,Consumer Discretionary Distrib,,Feb,Revenue,CY2028,,27032.333,,26906.6,-0.5%,26805.4,-0.4%,40.33,,,+4.4%,-9.4%,-36.2%
AN,Extended,Autos,Consumer Discretionary,Consumer Discretionary Distrib,,Dec,Revenue,CY2025,27173.462,27833.364,+2.4%,27863.636,+0.1%,27863.636,+0.0%,189.98,,+2.5%,-8.0%,-5.7%,+5.2%
AN,Extended,Autos,Consumer Discretionary,Consumer Discretionary Distrib,,Dec,Revenue,CY2026,27854.154,28513.25,+2.4%,28252.0,-0.9%,27835.0,-1.5%,189.98,,-0.1%,-8.0%,-5.7%,+5.2%
AN,Extended,Autos,Consumer Discretionary,Consumer Discretionary Distrib,,Dec,Revenue,CY2027,28943.4,29420.571,+1.6%,29239.545,-0.6%,28665.231,-2.0%,189.98,,-1.0%,-8.0%,-5.7%,+5.2%
AN,Extended,Autos,Consumer Discretionary,Consumer Discretionary Distrib,,Dec,Revenue,CY2028,30560.0,30652.75,+0.3%,31431.0,+2.5%,29887.714,-4.9%,189.98,,-2.2%,-8.0%,-5.7%,+5.2%
GPI,Extended,Autos,Consumer Discretionary,Consumer Discretionary Distrib,,Dec,Revenue,CY2025,22226.8,22678.667,+2.0%,22609.5,-0.3%,22609.5,+0.0%,326.18,,+1.7%,-17.1%,-4.7%,-23.5%
GPI,Extended,Autos,Consumer Discretionary,Consumer Discretionary Distrib,,Dec,Revenue,CY2026,22961.5,23539.778,+2.5%,23330.111,-0.9%,22846.5,-2.1%,326.18,,-0.5%,-17.1%,-4.7%,-23.5%
GPI,Extended,Autos,Consumer Discretionary,Consumer Discretionary Distrib,,Dec,Revenue,CY2027,23924.667,24276.5,+1.5%,24118.889,-0.6%,23670.9,-1.9%,326.18,,-1.1%,-17.1%,-4.7%,-23.5%
GPI,Extended,Autos,Consumer Discretionary,Consumer Discretionary Distrib,,Dec,Revenue,CY2028,25635.0,25980.0,+1.3%,25657.333,-1.2%,24840.4,-3.2%,326.18,,-3.1%,-17.1%,-4.7%,-23.5%
SAH,Extended,Autos,Consumer Discretionary,Consumer Discretionary Distrib,,Dec,Revenue,CY2025,14688.8,15201.1,+3.5%,15179.6,-0.1%,15179.6,+0.0%,78.16,,+3.3%,+26.3%,+17.3%,+16.3%
SAH,Extended,Autos,Consumer Discretionary,Consumer Discretionary Distrib,,Dec,Revenue,CY2026,15230.3,15709.8,+3.1%,15698.7,-0.1%,15588.5,-0.7%,78.16,,+2.4%,+26.3%,+17.3%,+16.3%
SAH,Extended,Autos,Consumer Discretionary,Consumer Discretionary Distrib,,Dec,Revenue,CY2027,16576.667,16408.8,-1.0%,16455.25,+0.3%,16261.4,-1.2%,78.16,,-1.9%,+26.3%,+17.3%,+16.3%
SAH,Extended,Autos,Consumer Discretionary,Consumer Discretionary Distrib,,Dec,Revenue,CY2028,18475.5,17728.333,-4.0%,17817.667,+0.5%,17069.6,-4.2%,78.16,,-7.6%,+26.3%,+17.3%,+16.3%
CPRT,Extended,Autos,Industrials,Commercial & Professional Serv,,Jul,Revenue,CY2025,4698.8,4670.5,-0.6%,4670.5,+0.0%,4670.5,+0.0%,33.79,,-0.6%,-13.7%,-7.4%,-44.3%
CPRT,Extended,Autos,Industrials,Commercial & Professional Serv,,Jul,Revenue,CY2026,5156.667,4834.1,-6.3%,4641.7,-4.0%,4619.4,-0.5%,33.79,,-10.4%,-13.7%,-7.4%,-44.3%
CPRT,Extended,Autos,Industrials,Commercial & Professional Serv,,Jul,Revenue,CY2027,5714.0,5144.4,-10.0%,4891.1,-4.9%,4814.9,-1.6%,33.79,,-15.7%,-13.7%,-7.4%,-44.3%
CPRT,Extended,Autos,Industrials,Commercial & Professional Serv,,Jul,Revenue,CY2028,,5866.667,,5262.333,-10.3%,5275.0,+0.2%,33.79,,,-13.7%,-7.4%,-44.3%
GFS,Extended,Technology,Information Technology,Semiconductors & Semiconductor,,Dec,Revenue,CY2025,6900.444,6764.45,-2.0%,6764.45,+0.0%,6764.45,+0.0%,85.64,,-2.0%,+145.2%,+85.4%,+128.5%
GFS,Extended,Technology,Information Technology,Semiconductors & Semiconductor,,Dec,Revenue,CY2026,7552.556,7178.85,-4.9%,7234.1,+0.8%,7267.75,+0.5%,85.64,,-3.8%,+145.2%,+85.4%,+128.5%
GFS,Extended,Technology,Information Technology,Semiconductors & Semiconductor,,Dec,Revenue,CY2027,8184.455,7795.118,-4.8%,7945.579,+1.9%,8075.947,+1.6%,85.64,,-1.3%,+145.2%,+85.4%,+128.5%
GFS,Extended,Technology,Information Technology,Semiconductors & Semiconductor,,Dec,Revenue,CY2028,9209.0,8577.25,-6.9%,8750.5,+2.0%,9020.357,+3.1%,85.64,,-2.0%,+145.2%,+85.4%,+128.5%
2454,Extended,Technology,Information Technology,Semiconductors & Semiconductor,,Dec,Revenue,CY2025,614495.655,591226.5,-3.8%,593911.133,+0.5%,593911.133,+0.0%,3860.0,,-3.3%,+169.9%,+115.0%,+193.5%
2454,Extended,Technology,Information Technology,Semiconductors & Semiconductor,,Dec,Revenue,CY2026,712742.08,656468.308,-7.9%,640187.308,-2.5%,648965.821,+1.4%,3860.0,,-8.9%,+169.9%,+115.0%,+193.5%
2454,Extended,Technology,Information Technology,Semiconductors & Semiconductor,,Dec,Revenue,CY2027,830898.615,780306.556,-6.1%,857608.87,+9.9%,992340.143,+15.7%,3860.0,,+19.4%,+169.9%,+115.0%,+193.5%
2454,Extended,Technology,Information Technology,Semiconductors & Semiconductor,,Dec,Revenue,CY2028,889851.667,875136.5,-1.7%,931101.75,+6.4%,1483501.0,+59.3%,3860.0,,+66.7%,+169.9%,+115.0%,+193.5%
