Ticker,Group,Category,GICS Sector,GICS Industry,EPS Type,FYE,Metric,Year,Q2 2023,Q3 2023,Q3 2023 chg,Q4 2023,Q4 2023 chg,Q1 2024,Q1 2024 chg,Q2 2024,Q2 2024 chg,Q3 2024,Q3 2024 chg,Q4 2024,Q4 2024 chg,Q1 2025,Q1 2025 chg,Q2 2025,Q2 2025 chg,Q3 2025,Q3 2025 chg,Q4 2025,Q4 2025 chg,Q1 2026,Q1 2026 chg,Price,PE,12m Rev,Return_YTD,Return_3m,Return_12m
HCA,Portfolio,,Health Care,Health Care Equipment & Servic,Adj,Dec,EPS,CY2025,22.499,22.857,+1.6%,21.959,-3.9%,22.988,+4.7%,23.247,+1.1%,24.906,+7.1%,24.614,-1.2%,24.946,+1.3%,25.332,+1.5%,26.272,+3.7%,27.687,+5.4%,27.69,+0.0%,483.92,17.5,+11.0%,+3.7%,+0.1%,+45.9%
HCA,Portfolio,,Health Care,Health Care Equipment & Servic,Adj,Dec,EPS,CY2026,26.237,27.028,+3.0%,25.7,-4.9%,25.596,-0.4%,26.442,+3.3%,28.146,+6.4%,27.206,-3.3%,27.938,+2.7%,28.018,+0.3%,28.189,+0.6%,29.613,+5.1%,30.366,+2.5%,483.92,15.9,+8.7%,+3.7%,+0.1%,+45.9%
HCA,Portfolio,,Health Care,Health Care Equipment & Servic,Adj,Dec,EPS,CY2027,29.728,30.485,+2.5%,29.073,-4.6%,28.878,-0.7%,29.463,+2.0%,31.296,+6.2%,30.928,-1.2%,31.106,+0.6%,31.604,+1.6%,31.437,-0.5%,32.847,+4.5%,33.331,+1.5%,483.92,14.5,+7.2%,+3.7%,+0.1%,+45.9%
HCA,Portfolio,,Health Care,Health Care Equipment & Servic,Adj,Dec,EPS,CY2028,29.77,29.76,-0.0%,30.17,+1.4%,31.61,+4.8%,32.097,+1.5%,35.33,+10.1%,33.893,-4.1%,34.968,+3.2%,36.22,+3.6%,35.678,-1.5%,36.576,+2.5%,37.335,+2.1%,483.92,13.0,+6.8%,+3.7%,+0.1%,+45.9%
UNH,Portfolio,,Health Care,Health Care Equipment & Servic,GAAP,Dec,EPS,CY2025,30.243,30.098,-0.5%,30.096,-0.0%,30.019,-0.3%,29.53,-1.6%,29.684,+0.5%,28.376,-4.4%,28.322,-0.2%,20.797,-26.6%,14.827,-28.7%,14.944,+0.8%,14.947,+0.0%,281.36,18.8,-47.2%,-14.8%,-19.4%,-46.4%
UNH,Portfolio,,Health Care,Health Care Equipment & Servic,GAAP,Dec,EPS,CY2026,36.657,36.175,-1.3%,33.77,-6.6%,33.893,+0.4%,34.345,+1.3%,34.261,-0.2%,32.148,-6.2%,32.009,-0.4%,24.296,-24.1%,16.302,-32.9%,16.406,+0.6%,16.83,+2.6%,281.36,16.7,-47.4%,-14.8%,-19.4%,-46.4%
UNH,Portfolio,,Health Care,Health Care Equipment & Servic,GAAP,Dec,EPS,CY2027,38.837,38.643,-0.5%,40.623,+5.1%,40.8,+0.4%,37.72,-7.5%,38.436,+1.9%,36.723,-4.5%,36.122,-1.6%,28.052,-22.3%,19.178,-31.6%,19.375,+1.0%,18.582,-4.1%,281.36,15.1,-48.6%,-14.8%,-19.4%,-46.4%
UNH,Portfolio,,Health Care,Health Care Equipment & Servic,GAAP,Dec,EPS,CY2028,41.65,,,,,43.19,+3.7%,43.737,+1.3%,43.877,+0.3%,41.61,-5.2%,40.795,-2.0%,32.685,-19.9%,24.203,-26.0%,23.718,-2.0%,22.031,-7.1%,281.36,12.8,-46.0%,-14.8%,-19.4%,-46.4%
TSM,Portfolio,,Information Technology,Semiconductors & Semiconductor,GAAP,Dec,EPS,CY2025,7.373,6.986,-5.2%,7.324,+4.8%,7.42,+1.3%,7.64,+3.0%,8.461,+10.7%,8.886,+5.0%,9.03,+1.6%,10.17,+12.6%,9.814,-3.5%,10.238,+4.3%,10.239,+0.0%,341.76,33.4,+13.4%,+12.5%,+4.4%,+132.8%
TSM,Portfolio,,Information Technology,Semiconductors & Semiconductor,GAAP,Dec,EPS,CY2026,7.916,7.487,-5.4%,8.262,+10.4%,8.802,+6.5%,9.144,+3.9%,10.079,+10.2%,10.49,+4.1%,10.737,+2.4%,11.792,+9.8%,11.241,-4.7%,12.151,+8.1%,14.059,+15.7%,341.76,24.3,+30.9%,+12.5%,+4.4%,+132.8%
TSM,Portfolio,,Information Technology,Semiconductors & Semiconductor,GAAP,Dec,EPS,CY2027,8.802,8.286,-5.9%,8.981,+8.4%,9.254,+3.0%,9.989,+7.9%,11.376,+13.9%,11.984,+5.3%,12.399,+3.5%,13.66,+10.2%,13.36,-2.2%,14.395,+7.7%,17.239,+19.8%,341.76,19.8,+39.0%,+12.5%,+4.4%,+132.8%
TSM,Portfolio,,Information Technology,Semiconductors & Semiconductor,GAAP,Dec,EPS,CY2028,10.85,10.113,-6.8%,10.707,+5.9%,10.514,-1.8%,11.445,+8.9%,13.131,+14.7%,13.848,+5.5%,13.251,-4.3%,15.04,+13.5%,15.4,+2.4%,16.147,+4.9%,20.339,+26.0%,341.76,16.8,+53.5%,+12.5%,+4.4%,+132.8%
AVGO,Portfolio,,Information Technology,Semiconductors & Semiconductor,GAAP,Oct,EPS,CY2025,4.104,4.529,+10.4%,4.769,+5.3%,3.692,-22.6%,3.838,+4.0%,3.988,+3.9%,3.958,-0.8%,4.658,+17.7%,4.529,-2.8%,4.231,-6.6%,4.247,+0.4%,,,314.43,74.0,+7.3%,-9.2%,-8.5%,+114.9%
AVGO,Portfolio,,Information Technology,Semiconductors & Semiconductor,GAAP,Oct,EPS,CY2026,3.93,4.82,+22.6%,5.326,+10.5%,4.926,-7.5%,4.951,+0.5%,4.814,-2.8%,5.364,+11.4%,5.907,+10.1%,6.112,+3.5%,6.443,+5.4%,7.933,+23.1%,9.009,+13.6%,314.43,34.9,+52.5%,-9.2%,-8.5%,+114.9%
AVGO,Portfolio,,Information Technology,Semiconductors & Semiconductor,GAAP,Oct,EPS,CY2027,4.24,5.3,+25.0%,5.57,+5.1%,5.155,-7.5%,6.675,+29.5%,31.08,+365.6%,6.586,-78.8%,6.902,+4.8%,7.674,+11.2%,8.982,+17.0%,11.607,+29.2%,14.934,+28.7%,314.43,21.1,+116.4%,-9.2%,-8.5%,+114.9%
AVGO,Portfolio,,Information Technology,Semiconductors & Semiconductor,GAAP,Oct,EPS,CY2028,,,,6.215,,5.88,-5.4%,7.695,+30.9%,8.92,+15.9%,9.69,+8.6%,10.34,+6.7%,9.88,-4.4%,11.298,+14.4%,15.027,+33.0%,18.898,+25.8%,314.43,16.6,+82.8%,-9.2%,-8.5%,+114.9%
NVDA,Portfolio,,Information Technology,Semiconductors & Semiconductor,GAAP,Jan,EPS,CY2025,0.991,1.724,+74.0%,2.163,+25.5%,2.814,+30.1%,3.503,+24.5%,3.97,+13.3%,4.381,+10.4%,4.365,-0.4%,4.118,-5.7%,4.401,+6.9%,4.614,+4.8%,4.626,+0.3%,177.64,38.4,+6.0%,-4.8%,-5.1%,+88.4%
NVDA,Portfolio,,Information Technology,Semiconductors & Semiconductor,GAAP,Jan,EPS,CY2026,1.307,1.806,+38.2%,2.251,+24.6%,3.084,+37.0%,4.039,+31.0%,4.961,+22.8%,5.517,+11.2%,5.508,-0.2%,5.475,-0.6%,6.202,+13.3%,7.332,+18.2%,8.198,+11.8%,177.64,21.7,+48.8%,-4.8%,-5.1%,+88.4%
NVDA,Portfolio,,Information Technology,Semiconductors & Semiconductor,GAAP,Jan,EPS,CY2027,1.533,2.07,+35.0%,2.549,+23.1%,3.43,+34.6%,4.378,+27.6%,5.172,+18.1%,6.526,+26.2%,6.267,-4.0%,6.326,+0.9%,7.352,+16.2%,9.215,+25.3%,10.89,+18.2%,177.64,16.3,+73.8%,-4.8%,-5.1%,+88.4%
NVDA,Portfolio,,Information Technology,Semiconductors & Semiconductor,GAAP,Jan,EPS,CY2028,1.574,1.988,+26.3%,2.708,+36.2%,3.57,+31.8%,4.568,+28.0%,4.803,+5.1%,7.158,+49.0%,6.97,-2.6%,7.29,+4.6%,8.49,+16.5%,9.964,+17.4%,12.474,+25.2%,177.64,14.2,+79.0%,-4.8%,-5.1%,+88.4%
META,Portfolio,,Communication Services,Media & Entertainment,GAAP,Dec,EPS,CY2025,16.979,19.642,+15.7%,20.079,+2.2%,23.105,+15.1%,23.297,+0.8%,24.468,+5.0%,25.471,+4.1%,25.186,-1.1%,25.541,+1.4%,28.135,+10.2%,22.798,-19.0%,22.814,+0.1%,573.02,25.1,-9.4%,-13.2%,-13.3%,+13.5%
META,Portfolio,,Communication Services,Media & Entertainment,GAAP,Dec,EPS,CY2026,19.286,22.348,+15.9%,22.723,+1.7%,27.072,+19.1%,27.128,+0.2%,28.139,+3.7%,29.013,+3.1%,28.745,-0.9%,28.339,-1.4%,29.93,+5.6%,29.619,-1.0%,29.632,+0.0%,573.02,19.3,+3.1%,-13.2%,-13.3%,+13.5%
META,Portfolio,,Communication Services,Media & Entertainment,GAAP,Dec,EPS,CY2027,20.814,24.903,+19.6%,24.645,-1.0%,31.003,+25.8%,31.178,+0.6%,32.41,+4.0%,33.863,+4.5%,33.237,-1.8%,32.466,-2.3%,34.2,+5.3%,33.537,-1.9%,34.515,+2.9%,573.02,16.6,+3.8%,-13.2%,-13.3%,+13.5%
META,Portfolio,,Communication Services,Media & Entertainment,GAAP,Dec,EPS,CY2028,22.873,28.283,+23.7%,27.171,-3.9%,31.862,+17.3%,34.116,+7.1%,35.93,+5.3%,37.192,+3.5%,37.421,+0.6%,37.956,+1.4%,39.926,+5.2%,38.858,-2.7%,40.542,+4.3%,573.02,14.1,+8.3%,-13.2%,-13.3%,+13.5%
AMZN,Portfolio,,Consumer Discretionary,Consumer Discretionary Distrib,GAAP,Dec,EPS,CY2025,3.726,4.521,+21.3%,4.928,+9.0%,5.338,+8.3%,5.826,+9.1%,5.819,-0.1%,6.224,+7.0%,6.331,+1.7%,6.244,-1.4%,6.673,+6.9%,7.094,+6.3%,7.102,+0.1%,212.79,30.0,+12.2%,-7.8%,-11.7%,+24.4%
AMZN,Portfolio,,Consumer Discretionary,Consumer Discretionary Distrib,GAAP,Dec,EPS,CY2026,5.206,5.957,+14.4%,6.397,+7.4%,6.973,+9.0%,7.424,+6.5%,7.343,-1.1%,7.611,+3.6%,7.631,+0.3%,7.298,-4.4%,7.629,+4.5%,7.926,+3.9%,7.721,-2.6%,212.79,27.6,+1.2%,-7.8%,-11.7%,+24.4%
AMZN,Portfolio,,Consumer Discretionary,Consumer Discretionary Distrib,GAAP,Dec,EPS,CY2027,6.47,7.361,+13.8%,7.84,+6.5%,8.284,+5.7%,8.663,+4.6%,8.866,+2.3%,9.171,+3.4%,9.373,+2.2%,8.877,-5.3%,9.253,+4.2%,9.685,+4.7%,9.33,-3.7%,212.79,22.8,-0.5%,-7.8%,-11.7%,+24.4%
AMZN,Portfolio,,Consumer Discretionary,Consumer Discretionary Distrib,GAAP,Dec,EPS,CY2028,8.313,9.247,+11.2%,9.935,+7.4%,9.596,-3.4%,10.316,+7.5%,10.508,+1.9%,10.908,+3.8%,10.969,+0.6%,10.507,-4.2%,10.944,+4.2%,11.196,+2.3%,11.643,+4.0%,212.79,18.3,+6.1%,-7.8%,-11.7%,+24.4%
JPM,Portfolio,,Financials,Banks,GAAP,Dec,EPS,CY2025,14.729,15.079,+2.4%,15.617,+3.6%,16.099,+3.1%,16.41,+1.9%,17.004,+3.6%,16.969,-0.2%,18.386,+8.4%,18.647,+1.4%,19.901,+6.7%,20.274,+1.9%,19.774,-2.5%,295.45,14.9,+7.5%,-8.3%,-11.7%,+40.5%
JPM,Portfolio,,Financials,Banks,GAAP,Dec,EPS,CY2026,,14.797,,15.743,+6.4%,17.809,+13.1%,17.652,-0.9%,18.062,+2.3%,18.15,+0.5%,19.611,+8.0%,19.772,+0.8%,20.63,+4.3%,21.048,+2.0%,21.534,+2.3%,295.45,13.7,+9.8%,-8.3%,-11.7%,+40.5%
JPM,Portfolio,,Financials,Banks,GAAP,Dec,EPS,CY2027,,15.0,,15.23,+1.5%,17.325,+13.8%,17.235,-0.5%,17.47,+1.4%,19.135,+9.5%,21.381,+11.7%,21.017,-1.7%,21.844,+3.9%,22.752,+4.2%,23.183,+1.9%,295.45,12.7,+8.4%,-8.3%,-11.7%,+40.5%
JPM,Portfolio,,Financials,Banks,GAAP,Dec,EPS,CY2028,,,,14.94,,18.58,+24.4%,18.425,-0.8%,18.78,+1.9%,18.78,+0.0%,20.1,+7.0%,20.1,+0.0%,21.9,+9.0%,24.175,+10.4%,25.474,+5.4%,295.45,11.6,+26.7%,-8.3%,-11.7%,+40.5%
APO,Portfolio,,Financials,Financial Services,Adj,Dec,EPS,CY2025,8.977,9.572,+6.6%,9.29,-2.9%,9.103,-2.0%,9.042,-0.7%,8.533,-5.6%,8.541,+0.1%,8.283,-3.0%,7.735,-6.6%,7.783,+0.6%,7.991,+2.7%,7.955,-0.5%,106.11,13.3,-4.0%,-26.7%,-30.5%,-2.4%
APO,Portfolio,,Financials,Financial Services,Adj,Dec,EPS,CY2026,,10.65,,10.535,-1.1%,10.569,+0.3%,10.629,+0.6%,10.23,-3.8%,10.101,-1.3%,9.783,-3.1%,9.384,-4.1%,9.291,-1.0%,9.174,-1.3%,9.202,+0.3%,106.11,11.5,-5.9%,-26.7%,-30.5%,-2.4%
APO,Portfolio,,Financials,Financial Services,Adj,Dec,EPS,CY2027,,,,,,,,,,11.81,,11.955,+1.2%,11.453,-4.2%,11.088,-3.2%,11.108,+0.2%,10.989,-1.1%,10.805,-1.7%,106.11,9.8,-5.7%,-26.7%,-30.5%,-2.4%
APO,Portfolio,,Financials,Financial Services,Adj,Dec,EPS,CY2028,,,,,,,,,,,,14.09,,12.3,-12.7%,12.36,+0.5%,12.62,+2.1%,12.405,-1.7%,12.632,+1.8%,106.11,8.4,+2.7%,-26.7%,-30.5%,-2.4%
PGR,Portfolio,,Financials,Insurance,Adj,Dec,EPS,CY2025,9.509,9.269,-2.5%,9.759,+5.3%,11.226,+15.0%,12.224,+8.9%,13.408,+9.7%,14.276,+6.5%,15.48,+8.4%,16.38,+5.8%,18.291,+11.7%,17.88,-2.2%,17.902,+0.1%,196.38,11.0,+15.6%,-8.3%,-7.5%,-19.0%
PGR,Portfolio,,Financials,Insurance,Adj,Dec,EPS,CY2026,11.085,10.965,-1.1%,10.84,-1.1%,11.697,+7.9%,13.196,+12.8%,14.101,+6.9%,14.764,+4.7%,15.715,+6.4%,15.954,+1.5%,16.658,+4.4%,16.178,-2.9%,16.23,+0.3%,196.38,12.1,+3.3%,-8.3%,-7.5%,-19.0%
PGR,Portfolio,,Financials,Insurance,Adj,Dec,EPS,CY2027,11.81,11.93,+1.0%,12.1,+1.4%,12.735,+5.2%,14.33,+12.5%,14.71,+2.7%,15.303,+4.0%,16.889,+10.4%,16.855,-0.2%,16.831,-0.1%,16.29,-3.2%,16.219,-0.4%,196.38,12.1,-4.0%,-8.3%,-7.5%,-19.0%
PGR,Portfolio,,Financials,Insurance,Adj,Dec,EPS,CY2028,,,,,,15.74,,15.175,-3.6%,15.835,+4.3%,16.1,+1.7%,17.907,+11.2%,17.913,+0.0%,17.443,-2.6%,16.864,-3.3%,16.104,-4.5%,196.38,12.2,-10.1%,-8.3%,-7.5%,-19.0%
CVNA,Portfolio,,Consumer Discretionary,Consumer Discretionary Distrib,Adj,Dec,EPS,CY2025,-3.264,-0.938,+71.3%,-2.068,-120.5%,-2.248,-8.7%,0.247,+111.0%,1.487,+502.0%,2.546,+71.2%,3.364,+32.1%,4.873,+44.9%,5.246,+7.7%,5.12,-2.4%,5.14,+0.4%,316.85,61.6,+52.8%,-24.9%,-28.1%,+94.9%
CVNA,Portfolio,,Consumer Discretionary,Consumer Discretionary Distrib,Adj,Dec,EPS,CY2026,-2.191,0.265,+112.1%,-0.452,-270.6%,-0.767,-69.7%,1.693,+320.7%,3.053,+80.3%,4.756,+55.8%,4.934,+3.7%,6.156,+24.8%,7.046,+14.5%,7.238,+2.7%,7.41,+2.4%,316.85,42.8,+50.2%,-24.9%,-28.1%,+94.9%
CVNA,Portfolio,,Consumer Discretionary,Consumer Discretionary Distrib,Adj,Dec,EPS,CY2027,1.08,3.821,+253.8%,2.481,-35.1%,1.87,-24.6%,4.154,+122.1%,5.163,+24.3%,7.389,+43.1%,6.913,-6.4%,7.812,+13.0%,9.908,+26.8%,9.774,-1.4%,10.075,+3.1%,316.85,31.4,+45.7%,-24.9%,-28.1%,+94.9%
CVNA,Portfolio,,Consumer Discretionary,Consumer Discretionary Distrib,Adj,Dec,EPS,CY2028,0.807,3.512,+335.2%,4.36,+24.1%,1.738,-60.1%,5.43,+212.4%,6.36,+17.1%,8.947,+40.7%,8.168,-8.7%,12.165,+48.9%,13.424,+10.3%,12.681,-5.5%,12.915,+1.8%,316.85,24.5,+58.1%,-24.9%,-28.1%,+94.9%
APP,Portfolio,,Information Technology,Software & Services,Adj,Dec,EPS,CY2025,1.417,1.893,+33.6%,1.954,+3.2%,3.106,+59.0%,3.746,+20.6%,4.674,+24.8%,6.02,+28.8%,6.695,+11.2%,8.109,+21.1%,9.037,+11.4%,9.373,+3.7%,9.378,+0.1%,412.68,44.0,+40.1%,-38.8%,-33.1%,+88.1%
APP,Portfolio,,Information Technology,Software & Services,Adj,Dec,EPS,CY2026,1.617,2.112,+30.6%,2.89,+36.8%,3.98,+37.7%,4.54,+14.1%,6.059,+33.5%,8.025,+32.4%,9.801,+22.1%,11.95,+21.9%,14.027,+17.4%,14.658,+4.5%,15.457,+5.5%,412.68,26.7,+57.7%,-38.8%,-33.1%,+88.1%
APP,Portfolio,,Information Technology,Software & Services,Adj,Dec,EPS,CY2027,2.433,3.17,+30.3%,4.51,+42.3%,3.353,-25.7%,5.02,+49.7%,6.923,+37.9%,10.336,+49.3%,12.839,+24.2%,14.525,+13.1%,17.551,+20.8%,18.898,+7.7%,20.32,+7.5%,412.68,20.3,+58.3%,-38.8%,-33.1%,+88.1%
APP,Portfolio,,Information Technology,Software & Services,Adj,Dec,EPS,CY2028,2.753,4.81,+74.7%,6.28,+30.6%,4.585,-27.0%,5.6,+22.1%,7.905,+41.2%,11.706,+48.1%,16.971,+45.0%,17.506,+3.2%,22.691,+29.6%,23.806,+4.9%,25.415,+6.8%,412.68,16.2,+49.8%,-38.8%,-33.1%,+88.1%
VEEV,Portfolio,,Health Care,Health Care Equipment & Servic,Adj,Jan,EPS,CY2025,6.096,6.326,+3.8%,6.326,+0.0%,6.81,+7.7%,6.787,-0.3%,6.833,+0.7%,7.022,+2.8%,7.316,+4.2%,7.66,+4.7%,7.805,+1.9%,7.934,+1.7%,7.941,+0.1%,174.64,22.0,+8.5%,-21.8%,-26.6%,-18.3%
VEEV,Portfolio,,Health Care,Health Care Equipment & Servic,Adj,Jan,EPS,CY2026,7.01,7.543,+7.6%,7.415,-1.7%,7.681,+3.6%,7.602,-1.0%,7.659,+0.7%,7.812,+2.0%,8.076,+3.4%,8.331,+3.2%,8.444,+1.4%,8.574,+1.5%,8.864,+3.4%,174.64,19.7,+9.8%,-21.8%,-26.6%,-18.3%
VEEV,Portfolio,,Health Care,Health Care Equipment & Servic,Adj,Jan,EPS,CY2027,8.13,8.673,+6.7%,8.485,-2.2%,8.81,+3.8%,8.663,-1.7%,8.683,+0.2%,8.898,+2.5%,9.122,+2.5%,9.836,+7.8%,9.757,-0.8%,9.604,-1.6%,9.888,+3.0%,174.64,17.7,+8.4%,-21.8%,-26.6%,-18.3%
VEEV,Portfolio,,Health Care,Health Care Equipment & Servic,Adj,Jan,EPS,CY2028,10.343,10.13,-2.1%,10.047,-0.8%,10.045,-0.0%,9.803,-2.4%,9.793,-0.1%,10.183,+4.0%,10.413,+2.3%,11.037,+6.0%,11.243,+1.9%,11.24,-0.0%,11.155,-0.8%,174.64,15.7,+7.1%,-21.8%,-26.6%,-18.3%
FICO,Watchlist,,Information Technology,Software & Services,Adj,Sep,EPS,CY2025,27.79,28.401,+2.2%,28.733,+1.2%,29.378,+2.2%,29.448,+0.2%,29.66,+0.7%,29.891,+0.8%,29.059,-2.8%,29.264,+0.7%,29.522,+0.9%,29.52,-0.0%,,,1094.32,37.1,-1.2%,-35.3%,-31.6%,-34.6%
FICO,Watchlist,,Information Technology,Software & Services,Adj,Sep,EPS,CY2026,32.703,33.303,+1.8%,35.01,+5.1%,34.626,-1.1%,35.144,+1.5%,36.069,+2.6%,37.267,+3.3%,36.248,-2.7%,36.341,+0.3%,35.299,-2.9%,40.402,+14.5%,41.971,+3.9%,1094.32,26.1,+15.8%,-35.3%,-31.6%,-34.6%
FICO,Watchlist,,Information Technology,Software & Services,Adj,Sep,EPS,CY2027,37.9,38.57,+1.8%,41.505,+7.6%,45.935,+10.7%,45.098,-1.8%,45.944,+1.9%,46.036,+0.2%,45.342,-1.5%,45.121,-0.5%,43.263,-4.1%,51.129,+18.2%,53.094,+3.8%,1094.32,20.6,+17.1%,-35.3%,-31.6%,-34.6%
FICO,Watchlist,,Information Technology,Software & Services,Adj,Sep,EPS,CY2028,43.02,43.6,+1.3%,48.03,+10.2%,54.838,+14.2%,54.29,-1.0%,56.241,+3.6%,60.5,+7.6%,56.431,-6.7%,56.186,-0.4%,52.207,-7.1%,59.211,+13.4%,63.171,+6.7%,1094.32,17.3,+11.9%,-35.3%,-31.6%,-34.6%
GOOG,Watchlist,,Communication Services,Media & Entertainment,GAAP,Dec,EPS,CY2025,7.384,7.825,+6.0%,7.697,-1.6%,7.839,+1.8%,8.608,+9.8%,8.769,+1.9%,9.007,+2.7%,8.951,-0.6%,9.585,+7.1%,9.906,+3.3%,10.589,+6.9%,10.598,+0.1%,297.66,28.1,+18.4%,-5.1%,-5.4%,+101.5%
GOOG,Watchlist,,Communication Services,Media & Entertainment,GAAP,Dec,EPS,CY2026,8.636,8.79,+1.8%,8.722,-0.8%,8.981,+3.0%,9.803,+9.2%,10.001,+2.0%,10.215,+2.1%,10.232,+0.2%,10.192,-0.4%,10.706,+5.0%,11.208,+4.7%,11.621,+3.7%,297.66,25.6,+13.6%,-5.1%,-5.4%,+101.5%
GOOG,Watchlist,,Communication Services,Media & Entertainment,GAAP,Dec,EPS,CY2027,9.937,10.214,+2.8%,10.164,-0.5%,10.23,+0.6%,11.357,+11.0%,11.513,+1.4%,11.61,+0.8%,12.23,+5.3%,11.534,-5.7%,12.203,+5.8%,13.42,+10.0%,13.561,+1.1%,297.66,21.9,+10.9%,-5.1%,-5.4%,+101.5%
GOOG,Watchlist,,Communication Services,Media & Entertainment,GAAP,Dec,EPS,CY2028,11.854,11.995,+1.2%,12.205,+1.8%,11.054,-9.4%,12.969,+17.3%,13.086,+0.9%,13.278,+1.5%,13.175,-0.8%,13.316,+1.1%,14.039,+5.4%,14.628,+4.2%,15.684,+7.2%,297.66,19.0,+19.0%,-5.1%,-5.4%,+101.5%
MU,Watchlist,,Information Technology,Semiconductors & Semiconductor,GAAP,Aug,EPS,CY2025,5.141,5.139,-0.0%,6.269,+22.0%,7.427,+18.5%,9.25,+24.5%,8.394,-9.3%,6.738,-19.7%,6.568,-2.5%,7.2,+9.6%,7.42,+3.1%,,,,,377.76,50.9,-11.6%,+32.4%,+10.0%,+483.7%
MU,Watchlist,,Information Technology,Semiconductors & Semiconductor,GAAP,Aug,EPS,CY2026,9.59,7.947,-17.1%,7.906,-0.5%,9.529,+20.5%,11.728,+23.1%,12.291,+4.8%,10.773,-12.4%,10.97,+1.8%,11.783,+7.4%,14.79,+25.5%,29.113,+96.8%,53.42,+83.5%,377.76,7.1,+387.0%,+32.4%,+10.0%,+483.7%
MU,Watchlist,,Information Technology,Semiconductors & Semiconductor,GAAP,Aug,EPS,CY2027,10.75,11.215,+4.3%,12.37,+10.3%,12.495,+1.0%,14.32,+14.6%,13.976,-2.4%,11.613,-16.9%,11.841,+2.0%,15.84,+33.8%,17.317,+9.3%,37.046,+113.9%,90.594,+144.5%,377.76,4.2,+665.1%,+32.4%,+10.0%,+483.7%
MU,Watchlist,,Information Technology,Semiconductors & Semiconductor,GAAP,Aug,EPS,CY2028,16.31,13.21,-19.0%,14.485,+9.7%,14.615,+0.9%,16.29,+11.5%,13.605,-16.5%,12.6,-7.4%,13.91,+10.4%,18.597,+33.7%,18.251,-1.9%,36.88,+102.1%,81.149,+120.0%,377.76,4.7,+483.4%,+32.4%,+10.0%,+483.7%
HOOD,Watchlist,,Financials,Financial Services,Adj,Dec,EPS,CY2025,0.049,0.206,+320.4%,0.189,-8.3%,0.439,+132.3%,0.578,+31.7%,0.689,+19.2%,1.109,+61.0%,1.478,+33.3%,1.308,-11.5%,1.738,+32.9%,2.038,+17.3%,2.066,+1.4%,69.78,33.8,+39.8%,-38.3%,-42.7%,+102.2%
HOOD,Watchlist,,Financials,Financial Services,Adj,Dec,EPS,CY2026,-0.24,0.068,+128.3%,0.91,+1238.2%,0.137,-84.9%,0.675,+392.7%,0.8,+18.5%,1.187,+48.4%,1.736,+46.3%,1.565,-9.9%,2.13,+36.1%,2.513,+18.0%,2.342,-6.8%,69.78,29.8,+34.9%,-38.3%,-42.7%,+102.2%
HOOD,Watchlist,,Financials,Financial Services,Adj,Dec,EPS,CY2027,,0.12,,,,,,0.3,+150.0%,0.56,+86.7%,1.493,+166.6%,2.073,+38.8%,1.94,-6.4%,2.426,+25.1%,2.908,+19.9%,2.859,-1.7%,69.78,24.4,+37.9%,-38.3%,-42.7%,+102.2%
HOOD,Watchlist,,Financials,Financial Services,Adj,Dec,EPS,CY2028,,,,,,,,,,,,,,1.905,,1.805,-5.2%,1.99,+10.2%,3.445,+73.1%,3.462,+0.5%,69.78,20.2,+81.7%,-38.3%,-42.7%,+102.2%
TDG,Watchlist,,Industrials,Capital Goods,Adj,Sep,EPS,CY2025,32.851,35.038,+6.7%,37.649,+7.5%,37.205,-1.2%,39.1,+5.1%,40.271,+3.0%,37.45,-7.0%,37.382,-0.2%,37.489,+0.3%,36.855,-1.7%,36.616,-0.6%,,,1189.64,32.5,-2.2%,-10.5%,-14.1%,+2.7%
TDG,Watchlist,,Industrials,Capital Goods,Adj,Sep,EPS,CY2026,35.306,37.075,+5.0%,42.284,+14.0%,42.054,-0.5%,43.976,+4.6%,45.718,+4.0%,43.198,-5.5%,43.336,+0.3%,43.462,+0.3%,41.502,-4.5%,39.046,-5.9%,39.05,+0.0%,1189.64,30.5,-9.9%,-10.5%,-14.1%,+2.7%
TDG,Watchlist,,Industrials,Capital Goods,Adj,Sep,EPS,CY2027,29.0,29.36,+1.2%,41.175,+40.2%,44.436,+7.9%,47.08,+6.0%,49.228,+4.6%,48.556,-1.4%,49.422,+1.8%,49.688,+0.5%,47.99,-3.4%,45.829,-4.5%,45.798,-0.1%,1189.64,26.0,-7.3%,-10.5%,-14.1%,+2.7%
TDG,Watchlist,,Industrials,Capital Goods,Adj,Sep,EPS,CY2028,,,,36.08,,43.725,+21.2%,48.153,+10.1%,50.548,+5.0%,50.55,+0.0%,53.114,+5.1%,52.837,-0.5%,51.642,-2.3%,53.571,+3.7%,52.822,-1.4%,1189.64,22.5,-0.5%,-10.5%,-14.1%,+2.7%
GE,Watchlist,,Industrials,Capital Goods,GAAP,Dec,EPS,CY2025,6.01,6.073,+1.0%,6.298,+3.7%,6.11,-3.0%,5.293,-13.4%,5.273,-0.4%,5.187,-1.6%,5.456,+5.2%,5.783,+6.0%,6.111,+5.7%,6.862,+12.3%,6.907,+0.7%,288.69,41.8,+26.6%,-6.3%,-11.9%,+73.1%
GE,Watchlist,,Industrials,Capital Goods,GAAP,Dec,EPS,CY2026,9.06,8.445,-6.8%,7.9,-6.5%,7.77,-1.6%,5.852,-24.7%,6.233,+6.5%,6.65,+6.7%,6.479,-2.6%,6.554,+1.2%,7.045,+7.5%,7.751,+10.0%,7.789,+0.5%,288.69,37.1,+20.2%,-6.3%,-11.9%,+73.1%
GE,Watchlist,,Industrials,Capital Goods,GAAP,Dec,EPS,CY2027,7.26,7.68,+5.8%,8.555,+11.4%,9.625,+12.5%,6.59,-31.5%,7.35,+11.5%,7.562,+2.9%,7.375,-2.5%,7.618,+3.3%,8.084,+6.1%,8.819,+9.1%,8.964,+1.6%,288.69,32.2,+21.5%,-6.3%,-11.9%,+73.1%
GE,Watchlist,,Industrials,Capital Goods,GAAP,Dec,EPS,CY2028,,,,,,10.605,,7.443,-29.8%,8.128,+9.2%,8.426,+3.7%,8.263,-1.9%,8.523,+3.1%,9.202,+8.0%,9.997,+8.6%,10.17,+1.7%,288.69,28.4,+23.1%,-6.3%,-11.9%,+73.1%
LRCX,Watchlist,,Information Technology,Semiconductors & Semiconductor,GAAP,Jun,EPS,CY2025,3.382,3.606,+6.6%,3.52,-2.4%,3.559,+1.1%,3.587,+0.8%,3.567,-0.6%,3.519,-1.3%,3.753,+6.6%,4.011,+6.9%,4.012,+0.0%,,,,,220.65,55.0,+12.5%,+28.9%,+6.6%,+273.4%
LRCX,Watchlist,,Information Technology,Semiconductors & Semiconductor,GAAP,Jun,EPS,CY2026,4.005,4.184,+4.5%,4.189,+0.1%,4.49,+7.2%,4.588,+2.2%,4.552,-0.8%,4.132,-9.2%,3.887,-5.9%,3.976,+2.3%,4.44,+11.7%,4.797,+8.0%,5.293,+10.3%,220.65,41.7,+36.2%,+28.9%,+6.6%,+273.4%
LRCX,Watchlist,,Information Technology,Semiconductors & Semiconductor,GAAP,Jun,EPS,CY2027,5.12,4.42,-13.7%,5.015,+13.5%,4.95,-1.3%,4.98,+0.6%,4.956,-0.5%,4.877,-1.6%,4.715,-3.3%,4.698,-0.4%,5.006,+6.6%,5.662,+13.1%,6.981,+23.3%,220.65,31.6,+48.1%,+28.9%,+6.6%,+273.4%
LRCX,Watchlist,,Information Technology,Semiconductors & Semiconductor,GAAP,Jun,EPS,CY2028,,4.745,,5.48,+15.5%,5.33,-2.7%,5.26,-1.3%,5.18,-1.5%,5.78,+11.6%,5.495,-4.9%,5.24,-4.6%,5.772,+10.2%,6.286,+8.9%,7.792,+24.0%,220.65,28.3,+41.8%,+28.9%,+6.6%,+273.4%
DASH,Watchlist,,Consumer Discretionary,Consumer Services,Adj,Dec,EPS,CY2025,1.625,1.448,-10.9%,1.675,+15.7%,2.857,+70.6%,4.038,+41.3%,3.518,-12.9%,4.164,+18.4%,4.423,+6.2%,4.129,-6.6%,4.282,+3.7%,5.08,+18.6%,5.084,+0.1%,155.07,30.5,+14.9%,-31.5%,-32.4%,-5.0%
DASH,Watchlist,,Consumer Discretionary,Consumer Services,Adj,Dec,EPS,CY2026,2.367,1.985,-16.1%,2.436,+22.7%,3.196,+31.2%,5.878,+83.9%,5.189,-11.7%,5.64,+8.7%,5.815,+3.1%,5.561,-4.4%,5.913,+6.3%,5.771,-2.4%,5.499,-4.7%,155.07,28.2,-5.4%,-31.5%,-32.4%,-5.0%
DASH,Watchlist,,Consumer Discretionary,Consumer Services,Adj,Dec,EPS,CY2027,4.034,3.407,-15.5%,4.09,+20.0%,3.893,-4.8%,3.113,-20.0%,3.763,+20.9%,4.858,+29.1%,6.513,+34.1%,6.359,-2.4%,7.52,+18.3%,7.486,-0.5%,7.306,-2.4%,155.07,21.2,+12.2%,-31.5%,-32.4%,-5.0%
DASH,Watchlist,,Consumer Discretionary,Consumer Services,Adj,Dec,EPS,CY2028,5.08,4.118,-18.9%,5.515,+33.9%,3.86,-30.0%,3.715,-3.8%,3.715,+0.0%,4.69,+26.2%,6.56,+39.9%,7.96,+21.3%,8.913,+12.0%,9.48,+6.4%,8.323,-12.2%,155.07,18.6,+26.9%,-31.5%,-32.4%,-5.0%
UBER,Watchlist,,Industrials,Transportation,Adj,Dec,EPS,CY2025,2.209,2.237,+1.3%,2.339,+4.6%,2.437,+4.2%,2.485,+2.0%,2.62,+5.4%,2.919,+11.4%,2.761,-5.4%,3.627,+31.4%,3.582,-1.2%,6.51,+81.7%,2.49,-61.8%,72.17,29.0,-9.8%,-11.7%,-15.6%,+11.7%
UBER,Watchlist,,Industrials,Transportation,Adj,Dec,EPS,CY2026,2.936,2.753,-6.2%,2.993,+8.7%,3.277,+9.5%,3.589,+9.5%,3.476,-3.1%,3.889,+11.9%,3.842,-1.2%,4.079,+6.2%,4.226,+3.6%,4.077,-3.5%,3.399,-16.6%,72.17,21.2,-11.5%,-11.7%,-15.6%,+11.7%
UBER,Watchlist,,Industrials,Transportation,Adj,Dec,EPS,CY2027,3.733,3.348,-10.3%,3.721,+11.1%,3.94,+5.9%,4.657,+18.2%,4.439,-4.7%,4.419,-0.5%,4.869,+10.2%,4.931,+1.3%,4.922,-0.2%,4.902,-0.4%,4.395,-10.3%,72.17,16.4,-9.7%,-11.7%,-15.6%,+11.7%
UBER,Watchlist,,Industrials,Transportation,Adj,Dec,EPS,CY2028,4.56,4.202,-7.9%,4.452,+5.9%,4.62,+3.8%,5.021,+8.7%,5.118,+1.9%,5.24,+2.4%,5.729,+9.3%,5.563,-2.9%,5.7,+2.5%,6.03,+5.8%,5.561,-7.8%,72.17,13.0,-2.9%,-11.7%,-15.6%,+11.7%
LLY,Watchlist,,Health Care,"Pharmaceuticals, Biotechnology",GAAP,Dec,EPS,CY2025,16.42,16.228,-1.2%,17.311,+6.7%,18.304,+5.7%,18.78,+2.6%,22.731,+21.0%,22.775,+0.2%,22.932,+0.7%,21.368,-6.8%,22.345,+4.6%,23.039,+3.1%,22.806,-1.0%,927.06,40.6,-0.5%,-13.7%,-12.9%,+25.6%
LLY,Watchlist,,Health Care,"Pharmaceuticals, Biotechnology",GAAP,Dec,EPS,CY2026,21.166,20.534,-3.0%,23.414,+14.0%,23.956,+2.3%,24.69,+3.1%,29.924,+21.2%,28.326,-5.3%,28.814,+1.7%,29.158,+1.2%,29.763,+2.1%,32.347,+8.7%,34.112,+5.5%,927.06,27.2,+18.4%,-13.7%,-12.9%,+25.6%
LLY,Watchlist,,Health Care,"Pharmaceuticals, Biotechnology",GAAP,Dec,EPS,CY2027,25.203,25.136,-0.3%,29.779,+18.5%,30.779,+3.4%,31.751,+3.2%,36.376,+14.6%,34.059,-6.4%,34.548,+1.4%,35.248,+2.0%,35.819,+1.6%,39.669,+10.7%,40.622,+2.4%,927.06,22.8,+17.6%,-13.7%,-12.9%,+25.6%
LLY,Watchlist,,Health Care,"Pharmaceuticals, Biotechnology",GAAP,Dec,EPS,CY2028,27.942,28.921,+3.5%,35.383,+22.3%,36.21,+2.3%,37.888,+4.6%,42.95,+13.4%,39.941,-7.0%,40.589,+1.6%,42.167,+3.9%,41.769,-0.9%,46.88,+12.2%,47.507,+1.3%,927.06,19.5,+17.0%,-13.7%,-12.9%,+25.6%
MSFT,Watchlist,,Information Technology,Software & Services,GAAP,Jun,EPS,CY2025,12.687,12.602,-0.7%,12.982,+3.0%,13.369,+3.0%,13.318,-0.4%,13.201,-0.9%,13.071,-1.0%,13.135,+0.5%,13.393,+2.0%,13.403,+0.1%,,,,,372.88,27.8,+1.5%,-22.9%,-22.1%,+3.6%
MSFT,Watchlist,,Information Technology,Software & Services,GAAP,Jun,EPS,CY2026,14.78,14.737,-0.3%,15.403,+4.5%,15.676,+1.8%,15.676,+0.0%,15.309,-2.3%,15.157,-1.0%,15.023,-0.9%,15.186,+1.1%,15.621,+2.9%,15.961,+2.2%,16.913,+6.0%,372.88,22.0,+12.6%,-22.9%,-22.1%,+3.6%
MSFT,Watchlist,,Information Technology,Software & Services,GAAP,Jun,EPS,CY2027,17.652,17.155,-2.8%,17.598,+2.6%,18.086,+2.8%,18.292,+1.1%,18.1,-1.0%,17.698,-2.2%,17.422,-1.6%,17.747,+1.9%,18.297,+3.1%,18.74,+2.4%,19.006,+1.4%,372.88,19.6,+9.1%,-22.9%,-22.1%,+3.6%
MSFT,Watchlist,,Information Technology,Software & Services,GAAP,Jun,EPS,CY2028,20.208,19.385,-4.1%,19.496,+0.6%,20.526,+5.3%,20.523,-0.0%,20.235,-1.4%,20.126,-0.5%,19.939,-0.9%,21.158,+6.1%,21.321,+0.8%,22.12,+3.7%,22.372,+1.1%,372.88,16.7,+12.2%,-22.9%,-22.1%,+3.6%
V,Watchlist,,Financials,Financial Services,GAAP,Sep,EPS,CY2025,11.034,11.079,+0.4%,11.069,-0.1%,11.059,-0.1%,11.15,+0.8%,11.01,-1.3%,11.095,+0.8%,11.105,+0.1%,10.812,-2.6%,10.728,-0.8%,10.723,-0.0%,,,303.33,28.3,-3.4%,-13.5%,-15.2%,-3.1%
V,Watchlist,,Financials,Financial Services,GAAP,Sep,EPS,CY2026,8.51,8.9,+4.6%,12.717,+42.9%,12.676,-0.3%,12.642,-0.3%,12.471,-1.4%,12.54,+0.6%,12.689,+1.2%,12.674,-0.1%,12.747,+0.6%,12.691,-0.4%,12.651,-0.3%,303.33,24.0,-0.3%,-13.5%,-15.2%,-3.1%
V,Watchlist,,Financials,Financial Services,GAAP,Sep,EPS,CY2027,14.195,14.04,-1.1%,14.373,+2.4%,14.155,-1.5%,14.244,+0.6%,14.068,-1.2%,14.183,+0.8%,14.351,+1.2%,14.305,-0.3%,14.423,+0.8%,14.373,-0.3%,14.47,+0.7%,303.33,21.0,+0.8%,-13.5%,-15.2%,-3.1%
V,Watchlist,,Financials,Financial Services,GAAP,Sep,EPS,CY2028,,15.4,,16.265,+5.6%,16.4,+0.8%,16.29,-0.7%,16.033,-1.6%,15.59,-2.8%,16.126,+3.4%,16.023,-0.6%,16.282,+1.6%,16.224,-0.4%,16.342,+0.7%,303.33,18.6,+1.3%,-13.5%,-15.2%,-3.1%
BX,Watchlist,,Financials,Financial Services,Adj,Dec,EPS,CY2025,6.78,6.795,+0.2%,6.151,-9.5%,6.147,-0.1%,6.027,-2.0%,5.897,-2.2%,5.863,-0.6%,5.638,-3.8%,4.837,-14.2%,5.028,+3.9%,5.328,+6.0%,5.343,+0.3%,112.24,21.0,-5.2%,-27.2%,-31.0%,-10.2%
BX,Watchlist,,Financials,Financial Services,Adj,Dec,EPS,CY2026,,6.93,,6.358,-8.3%,6.94,+9.2%,6.949,+0.1%,6.951,+0.0%,7.097,+2.1%,6.926,-2.4%,6.397,-7.6%,6.511,+1.8%,6.428,-1.3%,6.336,-1.4%,112.24,17.7,-8.5%,-27.2%,-31.0%,-10.2%
BX,Watchlist,,Financials,Financial Services,Adj,Dec,EPS,CY2027,,7.38,,7.14,-3.3%,6.66,-6.7%,6.66,+0.0%,7.65,+14.9%,8.044,+5.2%,8.05,+0.1%,7.887,-2.0%,8.059,+2.2%,7.944,-1.4%,7.835,-1.4%,112.24,14.3,-2.7%,-27.2%,-31.0%,-10.2%
BX,Watchlist,,Financials,Financial Services,Adj,Dec,EPS,CY2028,,,,8.015,,7.51,-6.3%,7.51,+0.0%,7.51,+0.0%,9.435,+25.6%,8.277,-12.3%,7.773,-6.1%,8.533,+9.8%,8.817,+3.3%,8.394,-4.8%,112.24,13.4,+1.4%,-27.2%,-31.0%,-10.2%
BKNG,Watchlist,,Consumer Discretionary,Consumer Services,Adj,Dec,EPS,CY2025,7.699,8.059,+4.7%,8.38,+4.0%,8.175,-2.4%,8.311,+1.7%,8.054,-3.1%,8.381,+4.1%,8.422,+0.5%,8.585,+1.9%,8.881,+3.4%,9.099,+2.5%,9.107,+0.1%,176.19,19.3,+8.1%,-17.8%,-19.1%,+3.8%
BKNG,Watchlist,,Consumer Discretionary,Consumer Services,Adj,Dec,EPS,CY2026,8.905,9.416,+5.7%,10.109,+7.4%,9.533,-5.7%,9.722,+2.0%,9.496,-2.3%,9.806,+3.3%,9.78,-0.3%,9.928,+1.5%,10.305,+3.8%,10.623,+3.1%,10.723,+0.9%,176.19,16.4,+9.6%,-17.8%,-19.1%,+3.8%
BKNG,Watchlist,,Consumer Discretionary,Consumer Services,Adj,Dec,EPS,CY2027,10.505,11.09,+5.6%,12.081,+8.9%,10.822,-10.4%,11.536,+6.6%,11.053,-4.2%,11.522,+4.2%,11.445,-0.7%,11.608,+1.4%,11.882,+2.4%,12.321,+3.7%,12.538,+1.8%,176.19,14.1,+9.6%,-17.8%,-19.1%,+3.8%
BKNG,Watchlist,,Consumer Discretionary,Consumer Services,Adj,Dec,EPS,CY2028,10.905,11.15,+2.2%,14.132,+26.7%,12.277,-13.1%,13.693,+11.5%,13.12,-4.2%,13.759,+4.9%,13.154,-4.4%,13.36,+1.6%,13.449,+0.7%,14.121,+5.0%,14.484,+2.6%,176.19,12.2,+10.1%,-17.8%,-19.1%,+3.8%
HLT,Watchlist,,Consumer Discretionary,Consumer Services,Adj,Dec,EPS,CY2025,7.644,7.87,+3.0%,8.05,+2.3%,8.233,+2.3%,8.188,-0.5%,8.09,-1.2%,7.98,-1.4%,8.016,+0.5%,7.926,-1.1%,8.023,+1.2%,8.065,+0.5%,8.057,-0.1%,306.88,38.1,+0.5%,+6.8%,+4.6%,+46.9%
HLT,Watchlist,,Consumer Discretionary,Consumer Services,Adj,Dec,EPS,CY2026,9.163,9.563,+4.4%,9.713,+1.6%,9.375,-3.5%,9.498,+1.3%,9.329,-1.8%,9.248,-0.9%,9.283,+0.4%,9.058,-2.4%,9.024,-0.4%,9.126,+1.1%,9.037,-1.0%,306.88,34.0,-2.7%,+6.8%,+4.6%,+46.9%
HLT,Watchlist,,Consumer Discretionary,Consumer Services,Adj,Dec,EPS,CY2027,10.62,11.153,+5.0%,11.388,+2.1%,11.565,+1.6%,11.545,-0.2%,11.263,-2.4%,10.676,-5.2%,10.818,+1.3%,10.506,-2.9%,10.425,-0.8%,10.489,+0.6%,10.397,-0.9%,306.88,29.5,-3.9%,+6.8%,+4.6%,+46.9%
HLT,Watchlist,,Consumer Discretionary,Consumer Services,Adj,Dec,EPS,CY2028,12.855,13.37,+4.0%,13.415,+0.3%,13.588,+1.3%,13.548,-0.3%,13.19,-2.6%,12.586,-4.6%,12.682,+0.8%,12.614,-0.5%,12.19,-3.4%,12.293,+0.8%,12.073,-1.8%,306.88,25.4,-4.8%,+6.8%,+4.6%,+46.9%
IBKR,Watchlist,,Financials,Financial Services,Adj,Dec,EPS,CY2025,1.35,1.45,+7.4%,1.494,+3.0%,1.556,+4.1%,1.656,+6.4%,1.719,+3.8%,1.747,+1.6%,1.88,+7.6%,1.85,-1.6%,2.02,+9.2%,2.124,+5.1%,2.141,+0.8%,68.62,32.1,+13.9%,+6.7%,-5.8%,+87.9%
IBKR,Watchlist,,Financials,Financial Services,Adj,Dec,EPS,CY2026,1.17,1.24,+6.0%,1.56,+25.8%,1.698,+8.8%,1.742,+2.6%,1.804,+3.6%,1.846,+2.3%,1.969,+6.7%,1.99,+1.1%,2.183,+9.7%,2.318,+6.2%,2.471,+6.6%,68.62,27.8,+25.5%,+6.7%,-5.8%,+87.9%
IBKR,Watchlist,,Financials,Financial Services,Adj,Dec,EPS,CY2027,1.26,1.34,+6.3%,1.34,+0.0%,1.58,+17.9%,1.89,+19.6%,1.69,-10.6%,1.913,+13.2%,2.022,+5.7%,2.125,+5.1%,2.41,+13.4%,2.61,+8.3%,2.74,+5.0%,68.62,25.0,+35.5%,+6.7%,-5.8%,+87.9%
IBKR,Watchlist,,Financials,Financial Services,Adj,Dec,EPS,CY2028,,,,,,1.41,,,,1.57,+11.3%,1.57,+0.0%,2.045,+30.3%,2.44,+19.3%,2.8,+14.8%,2.98,+6.4%,3.13,+5.0%,68.62,21.9,+53.1%,+6.7%,-5.8%,+87.9%
NET,Watchlist,,Information Technology,Software & Services,Adj,Dec,EPS,CY2025,0.572,0.633,+10.7%,0.751,+18.6%,0.787,+4.8%,0.773,-1.8%,0.871,+12.7%,0.853,-2.1%,0.826,-3.2%,0.803,-2.8%,0.862,+7.3%,0.914,+6.0%,0.914,+0.0%,211.78,231.7,+10.7%,+7.4%,+7.0%,+118.2%
NET,Watchlist,,Information Technology,Software & Services,Adj,Dec,EPS,CY2026,0.833,0.95,+14.0%,1.353,+42.4%,1.162,-14.1%,1.07,-7.9%,1.146,+7.1%,1.07,-6.6%,1.056,-1.3%,1.053,-0.3%,1.124,+6.7%,1.177,+4.7%,1.137,-3.4%,211.78,186.3,+7.7%,+7.4%,+7.0%,+118.2%
NET,Watchlist,,Information Technology,Software & Services,Adj,Dec,EPS,CY2027,1.19,1.453,+22.1%,2.053,+41.3%,1.624,-20.9%,1.518,-6.5%,1.637,+7.8%,1.603,-2.1%,1.411,-12.0%,1.412,+0.1%,1.501,+6.3%,1.55,+3.3%,1.483,-4.3%,211.78,142.8,+5.1%,+7.4%,+7.0%,+118.2%
NET,Watchlist,,Information Technology,Software & Services,Adj,Dec,EPS,CY2028,1.765,1.81,+2.5%,1.85,+2.2%,1.767,-4.5%,1.703,-3.6%,1.848,+8.5%,2.033,+10.0%,1.678,-17.5%,1.822,+8.6%,1.945,+6.8%,2.147,+10.4%,2.089,-2.7%,211.78,101.4,+24.5%,+7.4%,+7.0%,+118.2%
COST,Watchlist,,Consumer Staples,Consumer Staples Distribution,GAAP,Aug,EPS,CY2025,16.946,17.051,+0.6%,17.037,-0.1%,17.456,+2.5%,17.683,+1.3%,17.833,+0.8%,18.12,+1.6%,18.138,+0.1%,18.145,+0.0%,18.099,-0.3%,,,,,1018.55,56.3,+1.5%,+18.1%,+14.6%,+11.1%
COST,Watchlist,,Consumer Staples,Consumer Staples Distribution,GAAP,Aug,EPS,CY2026,19.004,18.579,-2.2%,18.598,+0.1%,19.329,+3.9%,19.523,+1.0%,19.635,+0.6%,19.924,+1.5%,20.067,+0.7%,20.01,-0.3%,20.052,+0.2%,20.279,+1.1%,20.413,+0.7%,1018.55,49.9,+1.7%,+18.1%,+14.6%,+11.1%
COST,Watchlist,,Consumer Staples,Consumer Staples Distribution,GAAP,Aug,EPS,CY2027,20.838,20.064,-3.7%,20.615,+2.7%,21.85,+6.0%,22.214,+1.7%,21.785,-1.9%,22.321,+2.5%,22.341,+0.1%,22.087,-1.1%,22.128,+0.2%,22.216,+0.4%,22.724,+2.3%,1018.55,44.8,+1.7%,+18.1%,+14.6%,+11.1%
COST,Watchlist,,Consumer Staples,Consumer Staples Distribution,GAAP,Aug,EPS,CY2028,21.78,21.66,-0.6%,22.949,+6.0%,22.154,-3.5%,25.09,+13.3%,24.489,-2.4%,25.357,+3.5%,25.399,+0.2%,24.023,-5.4%,24.574,+2.3%,24.662,+0.4%,25.403,+3.0%,1018.55,40.1,+0.0%,+18.1%,+14.6%,+11.1%
TSLA,Watchlist,,Consumer Discretionary,Automobiles & Components,GAAP,Dec,EPS,CY2025,5.506,5.823,+5.8%,5.121,-12.1%,3.583,-30.0%,3.031,-15.4%,2.87,-5.3%,2.915,+1.6%,2.305,-20.9%,1.398,-39.3%,1.332,-4.7%,1.269,-4.7%,1.266,-0.2%,352.82,278.7,-45.1%,-21.5%,-18.5%,+47.4%
TSLA,Watchlist,,Consumer Discretionary,Automobiles & Components,GAAP,Dec,EPS,CY2026,6.762,7.244,+7.1%,7.128,-1.6%,4.663,-34.6%,4.297,-7.8%,4.142,-3.6%,3.723,-10.1%,3.343,-10.2%,2.337,-30.1%,2.001,-14.4%,1.816,-9.2%,1.458,-19.7%,352.82,242.0,-56.4%,-21.5%,-18.5%,+47.4%
TSLA,Watchlist,,Consumer Discretionary,Automobiles & Components,GAAP,Dec,EPS,CY2027,8.42,8.872,+5.4%,9.722,+9.6%,6.719,-30.9%,5.894,-12.3%,5.679,-3.6%,4.794,-15.6%,4.227,-11.8%,3.258,-22.9%,2.908,-10.7%,2.535,-12.8%,2.143,-15.5%,352.82,164.6,-49.3%,-21.5%,-18.5%,+47.4%
TSLA,Watchlist,,Consumer Discretionary,Automobiles & Components,GAAP,Dec,EPS,CY2028,10.765,11.5,+6.8%,12.793,+11.2%,8.877,-30.6%,7.637,-14.0%,7.261,-4.9%,6.2,-14.6%,5.613,-9.5%,4.651,-17.1%,4.171,-10.3%,3.919,-6.0%,3.06,-21.9%,352.82,115.3,-45.5%,-21.5%,-18.5%,+47.4%
TMO,Watchlist,,Health Care,"Pharmaceuticals, Biotechnology",Adj,Dec,EPS,CY2025,30.128,27.849,-7.6%,24.28,-12.8%,24.063,-0.9%,24.35,+1.2%,23.895,-1.9%,23.316,-2.4%,23.294,-0.1%,22.326,-4.2%,22.516,+0.9%,22.747,+1.0%,22.749,+0.0%,488.19,21.5,-2.3%,-15.7%,-21.4%,+11.5%
TMO,Watchlist,,Health Care,"Pharmaceuticals, Biotechnology",Adj,Dec,EPS,CY2026,33.468,31.474,-6.0%,27.807,-11.7%,26.794,-3.6%,27.072,+1.0%,26.694,-1.4%,25.91,-2.9%,25.792,-0.5%,24.618,-4.6%,24.427,-0.8%,24.62,+0.8%,24.559,-0.2%,488.19,19.9,-4.8%,-15.7%,-21.4%,+11.5%
TMO,Watchlist,,Health Care,"Pharmaceuticals, Biotechnology",Adj,Dec,EPS,CY2027,37.688,35.372,-6.1%,31.55,-10.8%,30.902,-2.1%,30.676,-0.7%,29.91,-2.5%,29.085,-2.8%,28.941,-0.5%,27.498,-5.0%,26.893,-2.2%,27.232,+1.3%,26.919,-1.1%,488.19,18.1,-7.0%,-15.7%,-21.4%,+11.5%
TMO,Watchlist,,Health Care,"Pharmaceuticals, Biotechnology",Adj,Dec,EPS,CY2028,41.58,39.005,-6.2%,34.87,-10.6%,34.238,-1.8%,34.584,+1.0%,33.662,-2.7%,32.784,-2.6%,32.365,-1.3%,30.774,-4.9%,29.926,-2.8%,30.265,+1.1%,29.707,-1.8%,488.19,16.4,-8.2%,-15.7%,-21.4%,+11.5%
COF,Watchlist,,Financials,Financial Services,Adj,Dec,EPS,CY2025,15.659,15.964,+1.9%,16.419,+2.9%,16.018,-2.4%,15.425,-3.7%,15.199,-1.5%,15.114,-0.6%,15.603,+3.2%,14.799,-5.2%,16.34,+10.4%,19.823,+21.3%,19.712,-0.6%,184.21,9.3,+26.3%,-24.0%,-28.6%,+22.3%
COF,Watchlist,,Financials,Financial Services,Adj,Dec,EPS,CY2026,,15.07,,,,17.549,+16.4%,17.55,+0.0%,18.574,+5.8%,18.179,-2.1%,18.734,+3.1%,18.907,+0.9%,19.874,+5.1%,20.877,+5.0%,19.99,-4.2%,184.21,9.2,+6.7%,-24.0%,-28.6%,+22.3%
COF,Watchlist,,Financials,Financial Services,Adj,Dec,EPS,CY2027,,16.21,,,,19.22,+18.6%,20.188,+5.0%,20.713,+2.6%,19.81,-4.4%,22.494,+13.5%,22.743,+1.1%,24.258,+6.7%,25.036,+3.2%,24.157,-3.5%,184.21,7.6,+7.4%,-24.0%,-28.6%,+22.3%
COF,Watchlist,,Financials,Financial Services,Adj,Dec,EPS,CY2028,,17.16,,,,17.575,+2.4%,15.71,-10.6%,16.09,+2.4%,17.73,+10.2%,18.295,+3.2%,20.845,+13.9%,25.707,+23.3%,30.045,+16.9%,27.014,-10.1%,184.21,6.8,+47.7%,-24.0%,-28.6%,+22.3%
AON,Watchlist,,Financials,Insurance,Adj,Dec,EPS,CY2025,17.811,17.769,-0.2%,18.008,+1.3%,17.545,-2.6%,17.371,-1.0%,17.415,+0.3%,17.426,+0.1%,17.148,-1.6%,16.851,-1.7%,16.912,+0.4%,16.963,+0.3%,16.964,+0.0%,326.17,19.2,-1.1%,-7.6%,-6.7%,-13.2%
AON,Watchlist,,Financials,Insurance,Adj,Dec,EPS,CY2026,19.827,19.44,-2.0%,19.717,+1.4%,19.514,-1.0%,19.492,-0.1%,19.618,+0.6%,19.651,+0.2%,19.279,-1.9%,19.066,-1.1%,19.117,+0.3%,19.04,-0.4%,19.065,+0.1%,326.17,17.1,-1.1%,-7.6%,-6.7%,-13.2%
AON,Watchlist,,Financials,Insurance,Adj,Dec,EPS,CY2027,21.993,21.52,-2.2%,22.023,+2.3%,22.195,+0.8%,22.495,+1.4%,21.65,-3.8%,21.823,+0.8%,21.441,-1.8%,21.071,-1.7%,21.31,+1.1%,21.396,+0.4%,21.464,+0.3%,326.17,15.2,+0.1%,-7.6%,-6.7%,-13.2%
AON,Watchlist,,Financials,Insurance,Adj,Dec,EPS,CY2028,,,,,,24.415,,25.11,+2.8%,23.01,-8.4%,23.01,+0.0%,23.445,+1.9%,23.045,-1.7%,23.685,+2.8%,23.547,-0.6%,23.767,+0.9%,326.17,13.7,+1.4%,-7.6%,-6.7%,-13.2%
MC,Watchlist,,Consumer Discretionary,Consumer Durables & Apparel,GAAP,Dec,EPS,CY2025,39.148,38.375,-2.0%,36.367,-5.2%,35.81,-1.5%,34.618,-3.3%,31.956,-7.7%,28.665,-10.3%,27.131,-5.4%,22.841,-15.8%,21.223,-7.1%,21.54,+1.5%,21.493,-0.2%,471.05,21.9,-20.8%,-27.0%,-25.1%,-7.2%
MC,Watchlist,,Consumer Discretionary,Consumer Durables & Apparel,GAAP,Dec,EPS,CY2026,41.937,40.929,-2.4%,39.044,-4.6%,39.038,-0.0%,37.86,-3.0%,35.047,-7.4%,31.682,-9.6%,30.445,-3.9%,25.981,-14.7%,23.899,-8.0%,24.081,+0.8%,22.941,-4.7%,471.05,20.5,-24.6%,-27.0%,-25.1%,-7.2%
MC,Watchlist,,Consumer Discretionary,Consumer Durables & Apparel,GAAP,Dec,EPS,CY2027,44.49,43.317,-2.6%,42.067,-2.9%,42.007,-0.1%,40.736,-3.0%,37.937,-6.9%,35.064,-7.6%,33.995,-3.0%,28.849,-15.1%,26.86,-6.9%,27.185,+1.2%,26.287,-3.3%,471.05,17.9,-22.7%,-27.0%,-25.1%,-7.2%
MC,Watchlist,,Consumer Discretionary,Consumer Durables & Apparel,GAAP,Dec,EPS,CY2028,46.393,45.853,-1.2%,45.883,+0.1%,45.164,-1.6%,44.502,-1.5%,41.94,-5.8%,38.607,-7.9%,37.467,-3.0%,32.932,-12.1%,30.644,-6.9%,31.52,+2.9%,29.1,-7.7%,471.05,16.2,-22.3%,-27.0%,-25.1%,-7.2%
SPX,Indices,Indices,,,Adj,Dec,EPS,CY2025,278.182,287.6404,+3.4%,294.1913,+2.3%,277.2857,-5.7%,287.8969,+3.8%,296.099,+2.8%,305.4465,+3.2%,277.2048,-9.2%,280.7324,+1.3%,294.017,+4.7%,310.7644,+5.7%,,,6611.83,21.3,+1.7%,-3.4%,-4.8%,+30.3%
SPX,Indices,Indices,,,Adj,Dec,EPS,CY2026,278.182,287.6404,+3.4%,317.7787,+10.5%,298.75,-6.0%,309.2152,+3.5%,317.1431,+2.6%,331.4283,+4.5%,310.5266,-6.3%,314.198,+1.2%,329.0345,+4.7%,354.3679,+7.7%,335.9245,-5.2%,6611.83,19.7,+8.2%,-3.4%,-4.8%,+30.3%
SPX,Indices,Indices,,,Adj,Dec,EPS,CY2027,,,,317.7787,,298.75,-6.0%,309.2152,+3.5%,317.1431,+2.6%,355.6437,+12.1%,340.5863,-4.2%,345.8753,+1.6%,363.9406,+5.2%,391.9231,+7.7%,385.4562,-1.7%,6611.83,17.2,+13.2%,-3.4%,-4.8%,+30.3%
SPX,Indices,Indices,,,Adj,Dec,EPS,CY2028,,,,,,,,,,,,355.6437,,340.5863,-4.2%,345.8753,+1.6%,363.9406,+5.2%,427.9429,+17.6%,426.0459,-0.4%,6611.83,15.5,+25.1%,-3.4%,-4.8%,+30.3%
QQQ,Indices,Indices,,,GAAP,Dec,EPS,CY2025,,,,,,,,,,,,,,,,,,,,,,,,588.5,,,-4.2%,-5.6%,+39.2%
QQQ,Indices,Indices,,,GAAP,Dec,EPS,CY2026,,,,,,,,,,,,,,,,,,,,,,,,588.5,,,-4.2%,-5.6%,+39.2%
QQQ,Indices,Indices,,,GAAP,Dec,EPS,CY2027,,,,,,,,,,,,,,,,,,,,,,,,588.5,,,-4.2%,-5.6%,+39.2%
QQQ,Indices,Indices,,,GAAP,Dec,EPS,CY2028,,,,,,,,,,,,,,,,,,,,,,,,588.5,,,-4.2%,-5.6%,+39.2%
IWM,Indices,Indices,,,Adj,Dec,EPS,CY2025,,,,,,,,,,,,,,,,,,,,,,,,252.36,,,+2.5%,-1.5%,+39.3%
IWM,Indices,Indices,,,Adj,Dec,EPS,CY2026,,,,,,,,,,,,,,,,,,,,,,,,252.36,,,+2.5%,-1.5%,+39.3%
IWM,Indices,Indices,,,Adj,Dec,EPS,CY2027,,,,,,,,,,,,,,,,,,,,,,,,252.36,,,+2.5%,-1.5%,+39.3%
IWM,Indices,Indices,,,Adj,Dec,EPS,CY2028,,,,,,,,,,,,,,,,,,,,,,,,252.36,,,+2.5%,-1.5%,+39.3%
SOX,Indices,Indices,,,Adj,Dec,EPS,CY2025,240.25,254.617,+6.0%,261.3143,+2.6%,235.6557,-9.8%,252.1783,+7.0%,268.3062,+6.4%,275.8319,+2.8%,216.2981,-21.6%,227.0464,+5.0%,239.5775,+5.5%,292.5883,+22.1%,,,7916.104,27.1,+6.1%,+11.8%,+3.5%,+120.0%
SOX,Indices,Indices,,,Adj,Dec,EPS,CY2026,240.25,254.617,+6.0%,308.5649,+21.2%,277.4289,-10.1%,294.6717,+6.2%,309.8257,+5.1%,321.6163,+3.8%,269.5688,-16.2%,285.2398,+5.8%,294.9278,+3.4%,361.3695,+22.5%,424.5178,+17.5%,7916.104,18.6,+57.5%,+11.8%,+3.5%,+120.0%
SOX,Indices,Indices,,,Adj,Dec,EPS,CY2027,,,,308.5649,,277.4289,-10.1%,294.6717,+6.2%,309.8257,+5.1%,382.1173,+23.3%,320.6043,-16.1%,345.0625,+7.6%,339.2701,-1.7%,415.2891,+22.4%,528.6844,+27.3%,7916.104,15.0,+64.9%,+11.8%,+3.5%,+120.0%
SOX,Indices,Indices,,,Adj,Dec,EPS,CY2028,,,,,,,,,,,,382.1173,,320.6043,-16.1%,345.0625,+7.6%,339.2701,-1.7%,510.972,+50.6%,591.799,+15.8%,7916.104,13.4,+84.6%,+11.8%,+3.5%,+120.0%
IGV,Indices,Indices,,,Adj,Dec,EPS,CY2025,,,,,,,,,,,,,,,,,,,,,,,,80.46,,,-23.9%,-23.3%,-1.0%
IGV,Indices,Indices,,,Adj,Dec,EPS,CY2026,,,,,,,,,,,,,,,,,,,,,,,,80.46,,,-23.9%,-23.3%,-1.0%
IGV,Indices,Indices,,,Adj,Dec,EPS,CY2027,,,,,,,,,,,,,,,,,,,,,,,,80.46,,,-23.9%,-23.3%,-1.0%
IGV,Indices,Indices,,,Adj,Dec,EPS,CY2028,,,,,,,,,,,,,,,,,,,,,,,,80.46,,,-23.9%,-23.3%,-1.0%
AER,Extended,Uncategorized,Industrials,Capital Goods,Adj,Dec,EPS,CY2025,,,,,,,,11.265,,12.118,+7.6%,12.13,+0.1%,11.638,-4.1%,12.561,+7.9%,13.094,+4.2%,14.821,+13.2%,14.926,+0.7%,141.5,9.5,+28.3%,-1.6%,-4.0%,+58.3%
AER,Extended,Uncategorized,Industrials,Capital Goods,Adj,Dec,EPS,CY2026,,,,,,,,12.187,,12.85,+5.4%,13.31,+3.6%,12.901,-3.1%,13.419,+4.0%,13.66,+1.8%,14.593,+6.8%,15.495,+6.2%,141.5,9.1,+20.1%,-1.6%,-4.0%,+58.3%
AER,Extended,Uncategorized,Industrials,Capital Goods,Adj,Dec,EPS,CY2027,,,,,,,,,,,,15.84,,14.325,-9.6%,14.49,+1.2%,14.593,+0.7%,15.302,+4.9%,16.436,+7.4%,141.5,8.6,+14.7%,-1.6%,-4.0%,+58.3%
AER,Extended,Uncategorized,Industrials,Capital Goods,Adj,Dec,EPS,CY2028,,,,,,,,,,,,,,,,,,,,,,17.23,,141.5,8.2,,-1.6%,-4.0%,+58.3%
MA,Extended,Uncategorized,Financials,Financial Services,GAAP,Dec,EPS,CY2025,,,,,,,,16.631,,16.66,+0.2%,16.291,-2.2%,15.835,-2.8%,15.78,-0.3%,16.217,+2.8%,16.326,+0.7%,16.333,+0.0%,501.5,30.7,+3.1%,-12.2%,-13.6%,+2.4%
MA,Extended,Uncategorized,Financials,Financial Services,GAAP,Dec,EPS,CY2026,,,,,,,,19.343,,19.386,+0.2%,18.994,-2.0%,18.7,-1.5%,18.596,-0.6%,18.929,+1.8%,19.0,+0.4%,19.285,+1.5%,501.5,26.0,+3.1%,-12.2%,-13.6%,+2.4%
MA,Extended,Uncategorized,Financials,Financial Services,GAAP,Dec,EPS,CY2027,,,,,,,,22.318,,22.39,+0.3%,21.829,-2.5%,21.915,+0.4%,21.763,-0.7%,22.083,+1.5%,22.179,+0.4%,22.418,+1.1%,501.5,22.4,+2.3%,-12.2%,-13.6%,+2.4%
MA,Extended,Uncategorized,Financials,Financial Services,GAAP,Dec,EPS,CY2028,,,,,,,,25.99,,25.855,-0.5%,25.32,-2.1%,25.32,+0.0%,25.065,-1.0%,25.316,+1.0%,25.396,+0.3%,26.148,+3.0%,501.5,19.2,+3.3%,-12.2%,-13.6%,+2.4%
BRK/A,Extended,Uncategorized,Financials,Financial Services,GAAP,Dec,EPS,CY2025,,,,,,,,32798.753,,32347.177,-1.4%,32771.597,+1.3%,32522.413,-0.8%,29612.585,-8.9%,29242.17,-1.3%,38150.775,+30.5%,44704.805,+17.2%,716500.0,16.0,+37.5%,-5.1%,-4.2%,-3.5%
BRK/A,Extended,Uncategorized,Financials,Financial Services,GAAP,Dec,EPS,CY2026,,,,,,,,31771.16,,31294.455,-1.5%,33290.78,+6.4%,33962.09,+2.0%,34805.077,+2.5%,34825.66,+0.1%,32702.62,-6.1%,31431.2,-3.9%,716500.0,22.8,-7.5%,-5.1%,-4.2%,-3.5%
BRK/A,Extended,Uncategorized,Financials,Financial Services,GAAP,Dec,EPS,CY2027,,,,,,,,,,,,33685.58,,33502.64,-0.5%,33575.04,+0.2%,34024.22,+1.3%,33636.497,-1.1%,34824.973,+3.5%,716500.0,20.6,+3.9%,-5.1%,-4.2%,-3.5%
BRK/A,Extended,Uncategorized,Financials,Financial Services,GAAP,Dec,EPS,CY2028,,,,,,,,,,,,35415.87,,35415.87,+0.0%,33858.54,-4.4%,,,37302.41,+10.2%,35952.825,-3.6%,716500.0,19.9,+1.5%,-5.1%,-4.2%,-3.5%
CSU,Extended,Uncategorized,Information Technology,Software & Services,Adj,Dec,EPS,CY2025,,,,,,,,89.177,,88.374,-0.9%,83.804,-5.2%,82.589,-1.4%,65.946,-20.2%,61.46,-6.8%,58.128,-5.4%,33.593,-42.2%,2430.56,72.4,-59.3%,-26.6%,-25.4%,-44.3%
CSU,Extended,Uncategorized,Information Technology,Software & Services,Adj,Dec,EPS,CY2026,,,,,,,,,,59.4,,92.565,+55.8%,98.098,+6.0%,93.171,-5.0%,91.502,-1.8%,89.543,-2.1%,84.379,-5.8%,2430.56,28.8,-14.0%,-26.6%,-25.4%,-44.3%
CSU,Extended,Uncategorized,Information Technology,Software & Services,Adj,Dec,EPS,CY2027,,,,,,,,,,,,,,75.0,,72.475,-3.4%,81.635,+12.6%,110.506,+35.4%,101.681,-8.0%,2430.56,23.9,+35.6%,-26.6%,-25.4%,-44.3%
CSU,Extended,Uncategorized,Information Technology,Software & Services,Adj,Dec,EPS,CY2028,,,,,,,,,,,,,,,,,,,,,,90.94,,2430.56,26.7,,-26.6%,-25.4%,-44.3%
DHR,Extended,Uncategorized,Health Care,"Pharmaceuticals, Biotechnology",Adj,Dec,EPS,CY2025,,,,,,,,8.687,,8.592,-1.1%,8.33,-3.0%,7.643,-8.2%,7.693,+0.7%,7.771,+1.0%,7.715,-0.7%,7.734,+0.2%,192.12,24.8,+1.2%,-16.1%,-18.8%,+5.7%
DHR,Extended,Uncategorized,Health Care,"Pharmaceuticals, Biotechnology",Adj,Dec,EPS,CY2026,,,,,,,,9.702,,9.578,-1.3%,9.318,-2.7%,8.586,-7.9%,8.576,-0.1%,8.593,+0.2%,8.423,-2.0%,8.408,-0.2%,192.12,22.8,-2.1%,-16.1%,-18.8%,+5.7%
DHR,Extended,Uncategorized,Health Care,"Pharmaceuticals, Biotechnology",Adj,Dec,EPS,CY2027,,,,,,,,11.173,,11.091,-0.7%,10.347,-6.7%,9.508,-8.1%,9.465,-0.5%,9.452,-0.1%,9.258,-2.1%,9.097,-1.7%,192.12,21.1,-4.3%,-16.1%,-18.8%,+5.7%
DHR,Extended,Uncategorized,Health Care,"Pharmaceuticals, Biotechnology",Adj,Dec,EPS,CY2028,,,,,,,,12.11,,12.2,+0.7%,11.368,-6.8%,10.508,-7.6%,10.502,-0.1%,10.421,-0.8%,10.115,-2.9%,10.0,-1.1%,192.12,19.2,-4.8%,-16.1%,-18.8%,+5.7%
AAPL,Extended,Uncategorized,Information Technology,Technology Hardware & Equipmen,GAAP,Sep,EPS,CY2025,,,,,,,,7.289,,7.45,+2.2%,7.361,-1.2%,7.32,-0.6%,7.175,-2.0%,7.379,+2.8%,7.387,+0.1%,,,258.86,35.0,+0.4%,-4.8%,-1.3%,+37.4%
AAPL,Extended,Uncategorized,Information Technology,Technology Hardware & Equipmen,GAAP,Sep,EPS,CY2026,,,,,,,,7.75,,7.931,+2.3%,8.128,+2.5%,8.198,+0.9%,7.658,-6.6%,7.961,+4.0%,8.247,+3.6%,8.51,+3.2%,258.86,30.4,+3.8%,-4.8%,-1.3%,+37.4%
AAPL,Extended,Uncategorized,Information Technology,Technology Hardware & Equipmen,GAAP,Sep,EPS,CY2027,,,,,,,,8.618,,9.253,+7.4%,8.989,-2.9%,8.944,-0.5%,8.441,-5.6%,8.781,+4.0%,9.158,+4.3%,9.375,+2.4%,258.86,27.6,+4.8%,-4.8%,-1.3%,+37.4%
AAPL,Extended,Uncategorized,Information Technology,Technology Hardware & Equipmen,GAAP,Sep,EPS,CY2028,,,,,,,,9.317,,9.877,+6.0%,9.89,+0.1%,9.944,+0.5%,9.404,-5.4%,9.672,+2.8%,9.977,+3.2%,10.275,+3.0%,258.86,25.2,+3.3%,-4.8%,-1.3%,+37.4%
NFLX,Extended,Uncategorized,Communication Services,Media & Entertainment,GAAP,Dec,EPS,CY2025,,,,,,,,2.218,,2.285,+3.0%,2.372,+3.8%,2.473,+4.3%,2.554,+3.3%,2.619,+2.5%,2.527,-3.5%,2.525,-0.1%,98.93,39.2,+2.1%,+5.5%,+9.1%,+15.6%
NFLX,Extended,Uncategorized,Communication Services,Media & Entertainment,GAAP,Dec,EPS,CY2026,,,,,,,,2.683,,2.761,+2.9%,2.843,+3.0%,3.026,+6.4%,3.1,+2.4%,3.224,+4.0%,3.24,+0.5%,3.156,-2.6%,98.93,31.3,+4.3%,+5.5%,+9.1%,+15.6%
NFLX,Extended,Uncategorized,Communication Services,Media & Entertainment,GAAP,Dec,EPS,CY2027,,,,,,,,3.152,,3.24,+2.8%,3.351,+3.4%,3.674,+9.6%,3.772,+2.7%,3.915,+3.8%,3.905,-0.3%,3.827,-2.0%,98.93,25.9,+4.2%,+5.5%,+9.1%,+15.6%
NFLX,Extended,Uncategorized,Communication Services,Media & Entertainment,GAAP,Dec,EPS,CY2028,,,,,,,,3.701,,3.843,+3.8%,3.832,-0.3%,4.293,+12.0%,4.358,+1.5%,4.593,+5.4%,4.505,-1.9%,4.541,+0.8%,98.93,21.8,+5.8%,+5.5%,+9.1%,+15.6%
QCOM,Extended,Uncategorized,Information Technology,Semiconductors & Semiconductor,Adj,Sep,EPS,CY2025,,,,,,,,11.385,,11.13,-2.2%,11.214,+0.8%,11.627,+3.7%,11.763,+1.2%,11.914,+1.3%,11.92,+0.1%,,,125.73,10.5,+6.3%,-26.5%,-31.1%,-1.4%
QCOM,Extended,Uncategorized,Information Technology,Semiconductors & Semiconductor,Adj,Sep,EPS,CY2026,,,,,,,,12.569,,12.216,-2.8%,12.181,-0.3%,12.123,-0.5%,11.921,-1.7%,12.1,+1.5%,12.265,+1.4%,11.172,-8.9%,125.73,11.3,-7.8%,-26.5%,-31.1%,-1.4%
QCOM,Extended,Uncategorized,Information Technology,Semiconductors & Semiconductor,Adj,Sep,EPS,CY2027,,,,,,,,12.765,,12.64,-1.0%,11.961,-5.4%,12.084,+1.0%,12.172,+0.7%,12.722,+4.5%,12.466,-2.0%,11.135,-10.7%,125.73,11.3,-7.9%,-26.5%,-31.1%,-1.4%
QCOM,Extended,Uncategorized,Information Technology,Semiconductors & Semiconductor,Adj,Sep,EPS,CY2028,,,,,,,,15.67,,15.19,-3.1%,13.01,-14.4%,13.45,+3.4%,13.028,-3.1%,13.458,+3.3%,13.106,-2.6%,12.381,-5.5%,125.73,10.2,-7.9%,-26.5%,-31.1%,-1.4%
UMG,Extended,Uncategorized,Communication Services,Media & Entertainment,Adj,Dec,EPS,CY2025,,,,,,,,1.083,,1.033,-4.6%,0.998,-3.4%,1.025,+2.7%,1.034,+0.9%,0.999,-3.4%,1.0,+0.1%,1.023,+2.3%,17.105,16.7,-0.2%,-23.1%,-20.8%,-25.8%
UMG,Extended,Uncategorized,Communication Services,Media & Entertainment,Adj,Dec,EPS,CY2026,,,,,,,,1.228,,1.163,-5.3%,1.116,-4.0%,1.185,+6.2%,1.184,-0.1%,1.113,-6.0%,1.132,+1.7%,1.093,-3.4%,17.105,15.6,-7.8%,-23.1%,-20.8%,-25.8%
UMG,Extended,Uncategorized,Communication Services,Media & Entertainment,Adj,Dec,EPS,CY2027,,,,,,,,1.344,,1.254,-6.7%,1.224,-2.4%,1.245,+1.7%,1.311,+5.3%,1.23,-6.2%,1.245,+1.2%,1.212,-2.7%,17.105,14.1,-2.7%,-23.1%,-20.8%,-25.8%
UMG,Extended,Uncategorized,Communication Services,Media & Entertainment,Adj,Dec,EPS,CY2028,,,,,,,,1.477,,1.373,-7.0%,1.344,-2.1%,1.334,-0.7%,1.388,+4.0%,1.352,-2.6%,1.328,-1.8%,1.326,-0.2%,17.105,12.9,-0.6%,-23.1%,-20.8%,-25.8%
ASML,Extended,Uncategorized,Information Technology,Semiconductors & Semiconductor,GAAP,Dec,EPS,CY2025,,,,,,,,30.1,,29.507,-2.0%,23.746,-19.5%,24.153,+1.7%,23.347,-3.3%,23.816,+2.0%,24.682,+3.6%,24.885,+0.8%,1161.0,46.7,+3.0%,+26.0%,+10.4%,+111.1%
ASML,Extended,Uncategorized,Information Technology,Semiconductors & Semiconductor,GAAP,Dec,EPS,CY2026,,,,,,,,34.466,,34.098,-1.1%,29.701,-12.9%,29.274,-1.4%,26.61,-9.1%,25.406,-4.5%,26.238,+3.3%,29.498,+12.4%,1161.0,39.4,+0.8%,+26.0%,+10.4%,+111.1%
ASML,Extended,Uncategorized,Information Technology,Semiconductors & Semiconductor,GAAP,Dec,EPS,CY2027,,,,,,,,38.132,,39.539,+3.7%,34.748,-12.1%,33.651,-3.2%,32.425,-3.6%,30.594,-5.6%,32.565,+6.4%,37.996,+16.7%,1161.0,30.6,+12.9%,+26.0%,+10.4%,+111.1%
ASML,Extended,Uncategorized,Information Technology,Semiconductors & Semiconductor,GAAP,Dec,EPS,CY2028,,,,,,,,45.827,,45.8,-0.1%,39.953,-12.8%,40.116,+0.4%,38.309,-4.5%,35.906,-6.3%,37.445,+4.3%,44.507,+18.9%,1161.0,26.1,+10.9%,+26.0%,+10.4%,+111.1%
AMAT,Extended,Uncategorized,Information Technology,Semiconductors & Semiconductor,GAAP,Oct,EPS,CY2025,,,,,,,,9.54,,9.642,+1.1%,9.256,-4.0%,8.262,-10.7%,8.726,+5.6%,8.38,-4.0%,8.321,-0.7%,,,352.62,42.4,-10.1%,+37.2%,+19.1%,+177.8%
AMAT,Extended,Uncategorized,Information Technology,Semiconductors & Semiconductor,GAAP,Oct,EPS,CY2026,,,,,,,,10.627,,10.326,-2.8%,9.919,-3.9%,9.821,-1.0%,10.04,+2.2%,9.347,-6.9%,9.387,+0.4%,11.131,+18.6%,352.62,31.7,+13.3%,+37.2%,+19.1%,+177.8%
AMAT,Extended,Uncategorized,Information Technology,Semiconductors & Semiconductor,GAAP,Oct,EPS,CY2027,,,,,,,,12.13,,11.538,-4.9%,11.197,-3.0%,10.642,-5.0%,11.006,+3.4%,10.501,-4.6%,11.432,+8.9%,14.063,+23.0%,352.62,25.1,+32.1%,+37.2%,+19.1%,+177.8%
AMAT,Extended,Uncategorized,Information Technology,Semiconductors & Semiconductor,GAAP,Oct,EPS,CY2028,,,,,,,,13.6,,12.965,-4.7%,12.0,-7.4%,11.213,-6.6%,11.435,+2.0%,10.915,-4.5%,12.014,+10.1%,15.224,+26.7%,352.62,23.2,+35.8%,+37.2%,+19.1%,+177.8%
KLAC,Extended,Uncategorized,Information Technology,Semiconductors & Semiconductor,GAAP,Jun,EPS,CY2025,,,,,,,,27.921,,29.116,+4.3%,29.544,+1.5%,28.947,-2.0%,29.776,+2.9%,29.776,+0.0%,,,,,1540.06,51.7,+2.3%,+26.7%,+10.4%,+167.1%
KLAC,Extended,Uncategorized,Information Technology,Semiconductors & Semiconductor,GAAP,Jun,EPS,CY2026,,,,,,,,32.772,,33.762,+3.0%,32.143,-4.8%,31.254,-2.8%,32.285,+3.3%,34.097,+5.6%,34.668,+1.7%,35.727,+3.1%,1540.06,43.1,+14.3%,+26.7%,+10.4%,+167.1%
KLAC,Extended,Uncategorized,Information Technology,Semiconductors & Semiconductor,GAAP,Jun,EPS,CY2027,,,,,,,,34.69,,34.77,+0.2%,36.606,+5.3%,36.421,-0.5%,36.581,+0.4%,37.998,+3.9%,40.773,+7.3%,47.386,+16.2%,1540.06,32.5,+30.1%,+26.7%,+10.4%,+167.1%
KLAC,Extended,Uncategorized,Information Technology,Semiconductors & Semiconductor,GAAP,Jun,EPS,CY2028,,,,,,,,40.93,,37.71,-7.9%,36.703,-2.7%,37.033,+0.9%,38.64,+4.3%,41.19,+6.6%,43.733,+6.2%,53.669,+22.7%,1540.06,28.7,+44.9%,+26.7%,+10.4%,+167.1%
KKR,Extended,Uncategorized,Financials,Financial Services,Adj,Dec,EPS,CY2025,,,,,,,,6.092,,5.982,-1.8%,5.987,+0.1%,5.715,-4.5%,5.095,-10.8%,5.147,+1.0%,5.139,-0.2%,4.947,-3.7%,91.05,18.4,-13.4%,-28.6%,-33.0%,-1.9%
KKR,Extended,Uncategorized,Financials,Financial Services,Adj,Dec,EPS,CY2026,,,,,,,,7.149,,7.229,+1.1%,7.231,+0.0%,7.183,-0.7%,6.694,-6.8%,6.776,+1.2%,6.805,+0.4%,6.45,-5.2%,91.05,14.1,-10.2%,-28.6%,-33.0%,-1.9%
KKR,Extended,Uncategorized,Financials,Financial Services,Adj,Dec,EPS,CY2027,,,,,,,,6.48,,7.47,+15.3%,7.37,-1.3%,8.482,+15.1%,8.045,-5.2%,8.181,+1.7%,8.155,-0.3%,7.853,-3.7%,91.05,11.6,-7.4%,-28.6%,-33.0%,-1.9%
KKR,Extended,Uncategorized,Financials,Financial Services,Adj,Dec,EPS,CY2028,,,,,,,,7.49,,10.01,+33.6%,16.05,+60.3%,9.9,-38.3%,9.328,-5.8%,9.403,+0.8%,9.456,+0.6%,8.945,-5.4%,91.05,10.2,-9.6%,-28.6%,-33.0%,-1.9%
BAM,Extended,Uncategorized,Financials,Financial Services,Adj,Dec,EPS,CY2025,,,,,,,,1.774,,1.673,-5.7%,1.698,+1.5%,1.677,-1.2%,1.649,-1.7%,1.598,-3.1%,1.6,+0.1%,1.62,+1.3%,44.22,27.3,-3.4%,-15.6%,-19.8%,-0.0%
BAM,Extended,Uncategorized,Financials,Financial Services,Adj,Dec,EPS,CY2026,,,,,,,,2.077,,1.946,-6.3%,1.942,-0.2%,1.973,+1.6%,1.899,-3.8%,1.873,-1.4%,1.851,-1.2%,1.869,+1.0%,44.22,23.7,-5.3%,-15.6%,-19.8%,-0.0%
BAM,Extended,Uncategorized,Financials,Financial Services,Adj,Dec,EPS,CY2027,,,,,,,,,,,,,,2.247,,2.148,-4.4%,2.199,+2.4%,2.157,-1.9%,2.217,+2.8%,44.22,19.9,-1.3%,-15.6%,-19.8%,-0.0%
BAM,Extended,Uncategorized,Financials,Financial Services,Adj,Dec,EPS,CY2028,,,,,,,,,,,,,,2.57,,2.48,-3.5%,2.44,-1.6%,2.533,+3.8%,2.56,+1.1%,44.22,17.3,-0.4%,-15.6%,-19.8%,-0.0%
ARES,Extended,Uncategorized,Financials,Financial Services,Adj,Dec,EPS,CY2025,,,,,,,,6.045,,5.713,-5.5%,5.591,-2.1%,5.196,-7.1%,5.156,-0.8%,5.027,-2.5%,5.063,+0.7%,5.022,-0.8%,102.83,20.5,-3.3%,-36.4%,-41.6%,-12.9%
ARES,Extended,Uncategorized,Financials,Financial Services,Adj,Dec,EPS,CY2026,,,,,,,,7.363,,7.009,-4.8%,6.859,-2.1%,6.618,-3.5%,6.506,-1.7%,6.394,-1.7%,6.524,+2.0%,6.337,-2.9%,102.83,16.2,-4.2%,-36.4%,-41.6%,-12.9%
ARES,Extended,Uncategorized,Financials,Financial Services,Adj,Dec,EPS,CY2027,,,,,,,,,,7.25,,8.24,+13.7%,7.731,-6.2%,7.699,-0.4%,7.556,-1.9%,7.819,+3.5%,7.569,-3.2%,102.83,13.6,-2.1%,-36.4%,-41.6%,-12.9%
ARES,Extended,Uncategorized,Financials,Financial Services,Adj,Dec,EPS,CY2028,,,,,,,,,,,,,,8.79,,9.15,+4.1%,9.08,-0.8%,8.82,-2.9%,8.371,-5.1%,102.83,12.3,-4.8%,-36.4%,-41.6%,-12.9%
OWL,Extended,Uncategorized,Financials,Financial Services,Adj,Dec,EPS,CY2025,,,,,,,,1.017,,0.968,-4.8%,0.936,-3.3%,0.916,-2.1%,0.848,-7.4%,0.835,-1.5%,0.829,-0.7%,0.821,-1.0%,8.45,10.3,-10.4%,-43.4%,-47.3%,-46.9%
OWL,Extended,Uncategorized,Financials,Financial Services,Adj,Dec,EPS,CY2026,,,,,,,,1.167,,1.151,-1.4%,1.102,-4.3%,1.106,+0.4%,1.054,-4.7%,1.03,-2.3%,0.986,-4.3%,0.915,-7.2%,8.45,9.2,-17.3%,-43.4%,-47.3%,-46.9%
OWL,Extended,Uncategorized,Financials,Financial Services,Adj,Dec,EPS,CY2027,,,,,,,,,,,,1.22,,1.238,+1.5%,1.231,-0.6%,1.213,-1.5%,1.159,-4.5%,1.054,-9.1%,8.45,8.0,-14.9%,-43.4%,-47.3%,-46.9%
OWL,Extended,Uncategorized,Financials,Financial Services,Adj,Dec,EPS,CY2028,,,,,,,,,,,,,,,,,,1.43,,1.373,-4.0%,1.182,-13.9%,8.45,7.1,,-43.4%,-47.3%,-46.9%
CG,Extended,Uncategorized,Financials,Financial Services,Adj,Dec,EPS,CY2025,,,,,,,,4.496,,4.356,-3.1%,4.456,+2.3%,4.225,-5.2%,4.006,-5.2%,4.108,+2.5%,4.04,-1.7%,3.991,-1.2%,46.87,11.7,-5.5%,-20.7%,-28.6%,+30.6%
CG,Extended,Uncategorized,Financials,Financial Services,Adj,Dec,EPS,CY2026,,,,,,,,4.807,,4.744,-1.3%,4.731,-0.3%,4.675,-1.2%,4.661,-0.3%,4.847,+4.0%,4.791,-1.2%,4.561,-4.8%,46.87,10.3,-2.4%,-20.7%,-28.6%,+30.6%
CG,Extended,Uncategorized,Financials,Financial Services,Adj,Dec,EPS,CY2027,,,,,,,,4.38,,4.84,+10.5%,4.93,+1.9%,4.996,+1.3%,5.099,+2.1%,5.345,+4.8%,5.332,-0.2%,5.362,+0.6%,46.87,8.7,+7.3%,-20.7%,-28.6%,+30.6%
CG,Extended,Uncategorized,Financials,Financial Services,Adj,Dec,EPS,CY2028,,,,,,,,4.79,,4.76,-0.6%,5.15,+8.2%,5.26,+2.1%,5.515,+4.8%,5.835,+5.8%,5.978,+2.5%,5.83,-2.5%,46.87,8.0,+10.8%,-20.7%,-28.6%,+30.6%
BN,Extended,Uncategorized,Financials,Financial Services,Adj,Dec,EPS,CY2025,,,,,,,,2.809,,2.792,-0.6%,2.623,-6.1%,2.586,-1.4%,2.483,-4.0%,2.436,-1.9%,2.494,+2.4%,2.462,-1.3%,40.76,16.6,-4.8%,-11.2%,-17.1%,+32.2%
BN,Extended,Uncategorized,Financials,Financial Services,Adj,Dec,EPS,CY2026,,,,,,,,2.995,,2.955,-1.3%,3.147,+6.5%,3.15,+0.1%,3.093,-1.8%,2.953,-4.5%,2.941,-0.4%,2.773,-5.7%,40.76,14.7,-12.0%,-11.2%,-17.1%,+32.2%
BN,Extended,Uncategorized,Financials,Financial Services,Adj,Dec,EPS,CY2027,,,,,,,,,,,,,,4.07,,3.543,-12.9%,3.283,-7.3%,3.553,+8.2%,3.423,-3.7%,40.76,11.9,-15.9%,-11.2%,-17.1%,+32.2%
BN,Extended,Uncategorized,Financials,Financial Services,Adj,Dec,EPS,CY2028,,,,,,,,,,,,,,,,,,,,,,3.585,,40.76,11.4,,-11.2%,-17.1%,+32.2%
TPG,Extended,Uncategorized,Financials,Financial Services,Adj,Dec,EPS,CY2025,,,,,,,,2.692,,2.68,-0.4%,2.457,-8.3%,2.407,-2.0%,2.03,-15.7%,2.441,+20.2%,2.376,-2.7%,2.335,-1.7%,37.93,16.2,-3.0%,-40.6%,-45.5%,-7.5%
TPG,Extended,Uncategorized,Financials,Financial Services,Adj,Dec,EPS,CY2026,,,,,,,,3.217,,3.231,+0.4%,3.167,-2.0%,3.152,-0.5%,2.885,-8.5%,3.069,+6.4%,3.014,-1.8%,2.956,-1.9%,37.93,12.8,-6.2%,-40.6%,-45.5%,-7.5%
TPG,Extended,Uncategorized,Financials,Financial Services,Adj,Dec,EPS,CY2027,,,,,,,,,,,,3.55,,3.67,+3.4%,3.468,-5.5%,3.733,+7.6%,3.713,-0.5%,3.715,+0.1%,37.93,10.2,+1.2%,-40.6%,-45.5%,-7.5%
TPG,Extended,Uncategorized,Financials,Financial Services,Adj,Dec,EPS,CY2028,,,,,,,,,,,,,,3.95,,4.39,+11.1%,4.34,-1.1%,4.257,-1.9%,4.25,-0.2%,37.93,8.9,+7.6%,-40.6%,-45.5%,-7.5%
BEP,Extended,Uncategorized,Utilities,Utilities,Adj,Dec,EPS,CY2025,,,,,,,,-0.299,,0.068,+122.7%,0.184,+170.6%,-0.743,-503.8%,-0.268,+63.9%,-0.503,-87.7%,-0.798,-58.6%,-0.824,-3.3%,33.42,-40.6,-10.9%,+23.9%,+19.3%,+62.5%
BEP,Extended,Uncategorized,Utilities,Utilities,Adj,Dec,EPS,CY2026,,,,,,,,-0.217,,0.174,+180.2%,0.094,-46.0%,-0.729,-875.5%,-0.074,+89.8%,-0.511,-590.5%,-0.879,-72.0%,-0.722,+17.9%,33.42,-46.3,+1.0%,+23.9%,+19.3%,+62.5%
BEP,Extended,Uncategorized,Utilities,Utilities,Adj,Dec,EPS,CY2027,,,,,,,,0.068,,0.248,+264.7%,0.57,+129.8%,0.047,-91.8%,0.183,+289.4%,-0.46,-351.4%,-0.853,-85.4%,-0.781,+8.4%,33.42,-42.8,-1761.7%,+23.9%,+19.3%,+62.5%
BEP,Extended,Uncategorized,Utilities,Utilities,Adj,Dec,EPS,CY2028,,,,,,,,0.061,,0.062,+1.6%,0.51,+722.6%,0.213,-58.2%,1.2,+463.4%,1.66,+38.3%,-0.12,-107.2%,-0.617,-414.2%,33.42,-54.2,-389.7%,+23.9%,+19.3%,+62.5%
BIP,Extended,Uncategorized,Utilities,Utilities,Adj,Dec,EPS,CY2025,,,,,,,,1.14,,1.023,-10.3%,1.028,+0.5%,1.035,+0.7%,0.685,-33.8%,0.344,-49.8%,0.467,+35.8%,0.703,+50.5%,36.22,51.5,-32.1%,+4.3%,+5.2%,+31.1%
BIP,Extended,Uncategorized,Utilities,Utilities,Adj,Dec,EPS,CY2026,,,,,,,,1.437,,1.413,-1.7%,1.728,+22.3%,0.952,-44.9%,1.27,+33.4%,0.913,-28.1%,0.918,+0.5%,0.797,-13.2%,36.22,45.4,-16.3%,+4.3%,+5.2%,+31.1%
BIP,Extended,Uncategorized,Utilities,Utilities,Adj,Dec,EPS,CY2027,,,,,,,,,,1.45,,0.785,-45.9%,1.78,+126.8%,1.35,-24.2%,1.378,+2.1%,1.163,-15.6%,1.055,-9.3%,36.22,34.3,-40.7%,+4.3%,+5.2%,+31.1%
BIP,Extended,Uncategorized,Utilities,Utilities,Adj,Dec,EPS,CY2028,,,,,,,,,,,,,,1.45,,1.3,-10.3%,1.31,+0.8%,2.255,+72.1%,1.77,-21.5%,36.22,20.5,+22.1%,+4.3%,+5.2%,+31.1%
MAR,Extended,Uncategorized,Consumer Discretionary,Consumer Services,Adj,Dec,EPS,CY2025,,,,,,,,10.813,,10.639,-1.6%,10.612,-0.3%,10.193,-3.9%,10.079,-1.1%,10.059,-0.2%,10.072,+0.1%,10.089,+0.2%,338.0,33.5,-1.0%,+8.9%,+5.0%,+57.5%
MAR,Extended,Uncategorized,Consumer Discretionary,Consumer Services,Adj,Dec,EPS,CY2026,,,,,,,,12.244,,11.947,-2.4%,11.94,-0.1%,11.538,-3.4%,11.418,-1.0%,11.293,-1.1%,11.323,+0.3%,11.553,+2.0%,338.0,29.3,+0.1%,+8.9%,+5.0%,+57.5%
MAR,Extended,Uncategorized,Consumer Discretionary,Consumer Services,Adj,Dec,EPS,CY2027,,,,,,,,13.584,,13.586,+0.0%,13.23,-2.6%,12.9,-2.5%,12.839,-0.5%,12.742,-0.8%,12.701,-0.3%,12.97,+2.1%,338.0,26.1,+0.5%,+8.9%,+5.0%,+57.5%
MAR,Extended,Uncategorized,Consumer Discretionary,Consumer Services,Adj,Dec,EPS,CY2028,,,,,,,,15.3,,15.185,-0.8%,14.913,-1.8%,14.686,-1.5%,14.7,+0.1%,14.56,-1.0%,14.738,+1.2%,14.304,-2.9%,338.0,23.6,-2.6%,+8.9%,+5.0%,+57.5%
DPZ,Extended,Uncategorized,Consumer Discretionary,Consumer Services,Adj,Dec,EPS,CY2025,,,,,,,,18.056,,17.729,-1.8%,17.659,-0.4%,17.494,-0.9%,17.703,+1.2%,17.63,-0.4%,17.584,-0.3%,17.592,+0.0%,380.77,21.6,+0.6%,-8.6%,-6.3%,-14.3%
DPZ,Extended,Uncategorized,Consumer Discretionary,Consumer Services,Adj,Dec,EPS,CY2026,,,,,,,,20.182,,19.738,-2.2%,19.547,-1.0%,19.325,-1.1%,19.324,-0.0%,19.503,+0.9%,19.579,+0.4%,19.84,+1.3%,380.77,19.2,+2.7%,-8.6%,-6.3%,-14.3%
DPZ,Extended,Uncategorized,Consumer Discretionary,Consumer Services,Adj,Dec,EPS,CY2027,,,,,,,,22.144,,21.79,-1.6%,21.557,-1.1%,21.47,-0.4%,21.188,-1.3%,21.382,+0.9%,21.28,-0.5%,21.565,+1.3%,380.77,17.7,+0.4%,-8.6%,-6.3%,-14.3%
DPZ,Extended,Uncategorized,Consumer Discretionary,Consumer Services,Adj,Dec,EPS,CY2028,,,,,,,,24.413,,23.964,-1.8%,23.73,-1.0%,24.14,+1.7%,23.301,-3.5%,23.551,+1.1%,23.481,-0.3%,23.472,-0.0%,380.77,16.2,-2.8%,-8.6%,-6.3%,-14.3%
CMG,Extended,Uncategorized,Consumer Discretionary,Consumer Services,Adj,Dec,EPS,CY2025,,,,,,,,1.339,,1.294,-3.4%,1.324,+2.3%,1.285,-2.9%,1.214,-5.5%,1.212,-0.2%,1.158,-4.5%,1.156,-0.2%,33.5,29.0,-10.0%,-9.5%,-13.3%,-29.2%
CMG,Extended,Uncategorized,Consumer Discretionary,Consumer Services,Adj,Dec,EPS,CY2026,,,,,,,,1.573,,1.533,-2.5%,1.57,+2.4%,1.538,-2.0%,1.44,-6.4%,1.417,-1.6%,1.216,-14.2%,1.14,-6.3%,33.5,29.4,-25.9%,-9.5%,-13.3%,-29.2%
CMG,Extended,Uncategorized,Consumer Discretionary,Consumer Services,Adj,Dec,EPS,CY2027,,,,,,,,1.873,,1.869,-0.2%,1.838,-1.7%,1.834,-0.2%,1.706,-7.0%,1.666,-2.3%,1.43,-14.2%,1.361,-4.8%,33.5,24.6,-25.8%,-9.5%,-13.3%,-29.2%
CMG,Extended,Uncategorized,Consumer Discretionary,Consumer Services,Adj,Dec,EPS,CY2028,,,,,,,,2.17,,2.18,+0.5%,2.114,-3.0%,2.173,+2.8%,2.091,-3.8%,2.034,-2.7%,1.708,-16.0%,1.604,-6.1%,33.5,20.9,-26.2%,-9.5%,-13.3%,-29.2%
MCO,Extended,Uncategorized,Financials,Financial Services,Adj,Dec,EPS,CY2025,,,,,,,,12.402,,12.755,+2.8%,13.358,+4.7%,14.089,+5.5%,13.608,-3.4%,13.919,+2.3%,14.668,+5.4%,14.772,+0.7%,444.1,30.1,+4.8%,-13.1%,-16.7%,+10.4%
MCO,Extended,Uncategorized,Financials,Financial Services,Adj,Dec,EPS,CY2026,,,,,,,,14.238,,14.604,+2.6%,15.167,+3.9%,15.855,+4.5%,15.41,-2.8%,15.629,+1.4%,16.339,+4.5%,16.74,+2.5%,444.1,26.5,+5.6%,-13.1%,-16.7%,+10.4%
MCO,Extended,Uncategorized,Financials,Financial Services,Adj,Dec,EPS,CY2027,,,,,,,,16.204,,16.671,+2.9%,17.026,+2.1%,17.683,+3.9%,17.303,-2.1%,17.552,+1.4%,18.306,+4.3%,18.762,+2.5%,444.1,23.7,+6.1%,-13.1%,-16.7%,+10.4%
MCO,Extended,Uncategorized,Financials,Financial Services,Adj,Dec,EPS,CY2028,,,,,,,,17.742,,18.56,+4.6%,18.601,+0.2%,19.577,+5.2%,19.09,-2.5%,19.408,+1.7%,20.179,+4.0%,20.856,+3.4%,444.1,21.3,+6.5%,-13.1%,-16.7%,+10.4%
SPGI,Extended,Uncategorized,Financials,Financial Services,Adj,Dec,EPS,CY2025,,,,,,,,16.023,,16.324,+1.9%,16.858,+3.3%,17.162,+1.8%,16.953,-1.2%,17.223,+1.6%,17.812,+3.4%,17.859,+0.3%,434.11,24.3,+4.1%,-16.9%,-19.6%,-3.9%
SPGI,Extended,Uncategorized,Financials,Financial Services,Adj,Dec,EPS,CY2026,,,,,,,,18.015,,18.391,+2.1%,18.884,+2.7%,19.262,+2.0%,18.92,-1.8%,19.261,+1.8%,19.837,+3.0%,19.613,-1.1%,434.11,22.1,+1.8%,-16.9%,-19.6%,-3.9%
SPGI,Extended,Uncategorized,Financials,Financial Services,Adj,Dec,EPS,CY2027,,,,,,,,19.88,,20.38,+2.5%,20.883,+2.5%,21.477,+2.8%,21.157,-1.5%,21.54,+1.8%,22.195,+3.0%,22.065,-0.6%,434.11,19.7,+2.7%,-16.9%,-19.6%,-3.9%
SPGI,Extended,Uncategorized,Financials,Financial Services,Adj,Dec,EPS,CY2028,,,,,,,,21.502,,21.803,+1.4%,22.561,+3.5%,23.349,+3.5%,23.217,-0.6%,23.619,+1.7%,24.17,+2.3%,24.647,+2.0%,434.11,17.6,+5.6%,-16.9%,-19.6%,-3.9%
MSCI,Extended,Uncategorized,Financials,Financial Services,Adj,Dec,EPS,CY2025,,,,,,,,16.664,,16.809,+0.9%,17.086,+1.6%,16.948,-0.8%,16.82,-0.8%,17.056,+1.4%,17.182,+0.7%,17.202,+0.1%,546.71,31.8,+1.5%,-4.7%,-6.9%,+7.7%
MSCI,Extended,Uncategorized,Financials,Financial Services,Adj,Dec,EPS,CY2026,,,,,,,,18.833,,19.097,+1.4%,19.367,+1.4%,19.147,-1.1%,18.813,-1.7%,19.148,+1.8%,19.36,+1.1%,19.402,+0.2%,546.71,28.2,+1.3%,-4.7%,-6.9%,+7.7%
MSCI,Extended,Uncategorized,Financials,Financial Services,Adj,Dec,EPS,CY2027,,,,,,,,20.802,,21.231,+2.1%,21.624,+1.9%,21.459,-0.8%,21.091,-1.7%,21.324,+1.1%,21.774,+2.1%,21.959,+0.8%,546.71,24.9,+2.3%,-4.7%,-6.9%,+7.7%
MSCI,Extended,Uncategorized,Financials,Financial Services,Adj,Dec,EPS,CY2028,,,,,,,,22.975,,23.828,+3.7%,24.152,+1.4%,23.854,-1.2%,23.434,-1.8%,23.423,-0.0%,24.456,+4.4%,24.959,+2.1%,546.71,21.9,+4.6%,-4.7%,-6.9%,+7.7%
CSGP,Extended,Uncategorized,Real Estate,Real Estate Management & Devel,Adj,Dec,EPS,CY2025,,,,,,,,1.294,,1.231,-4.9%,1.141,-7.3%,0.939,-17.7%,0.833,-11.3%,0.819,-1.7%,0.843,+2.9%,0.842,-0.1%,41.175,48.9,-10.3%,-38.8%,-38.7%,-43.3%
CSGP,Extended,Uncategorized,Real Estate,Real Estate Management & Devel,Adj,Dec,EPS,CY2026,,,,,,,,2.142,,1.973,-7.9%,1.815,-8.0%,1.523,-16.1%,1.381,-9.3%,1.353,-2.0%,1.355,+0.1%,1.305,-3.7%,41.175,31.6,-14.3%,-38.8%,-38.7%,-43.3%
CSGP,Extended,Uncategorized,Real Estate,Real Estate Management & Devel,Adj,Dec,EPS,CY2027,,,,,,,,2.973,,2.76,-7.2%,2.564,-7.1%,2.181,-14.9%,2.006,-8.0%,1.979,-1.3%,1.97,-0.5%,1.779,-9.7%,41.175,23.1,-18.4%,-38.8%,-38.7%,-43.3%
CSGP,Extended,Uncategorized,Real Estate,Real Estate Management & Devel,Adj,Dec,EPS,CY2028,,,,,,,,3.596,,3.406,-5.3%,3.118,-8.5%,2.789,-10.6%,2.661,-4.6%,2.567,-3.5%,2.621,+2.1%,2.187,-16.6%,41.175,18.8,-21.6%,-38.8%,-38.7%,-43.3%
LPLA,Extended,Uncategorized,Financials,Financial Services,Adj,Dec,EPS,CY2025,,,,,,,,19.892,,19.256,-3.2%,19.34,+0.4%,19.738,+2.1%,18.856,-4.5%,19.034,+0.9%,19.919,+4.6%,19.786,-0.7%,294.46,14.9,+0.2%,-17.6%,-21.8%,+3.9%
LPLA,Extended,Uncategorized,Financials,Financial Services,Adj,Dec,EPS,CY2026,,,,,,,,23.676,,22.178,-6.3%,22.723,+2.5%,23.488,+3.4%,22.158,-5.7%,22.405,+1.1%,23.596,+5.3%,23.863,+1.1%,294.46,12.3,+1.6%,-17.6%,-21.8%,+3.9%
LPLA,Extended,Uncategorized,Financials,Financial Services,Adj,Dec,EPS,CY2027,,,,,,,,23.655,,24.575,+3.9%,27.788,+13.1%,27.81,+0.1%,27.5,-1.1%,27.549,+0.2%,29.079,+5.6%,29.073,-0.0%,294.46,10.1,+4.5%,-17.6%,-21.8%,+3.9%
LPLA,Extended,Uncategorized,Financials,Financial Services,Adj,Dec,EPS,CY2028,,,,,,,,23.99,,24.3,+1.3%,28.06,+15.5%,31.915,+13.7%,31.815,-0.3%,31.637,-0.6%,33.175,+4.9%,34.053,+2.6%,294.46,8.6,+6.7%,-17.6%,-21.8%,+3.9%
SCHW,Extended,Uncategorized,Financials,Financial Services,Adj,Dec,EPS,CY2025,,,,,,,,4.361,,3.912,-10.3%,3.91,-0.1%,4.224,+8.0%,4.289,+1.5%,4.63,+8.0%,4.807,+3.8%,4.87,+1.3%,92.99,19.1,+15.3%,-6.9%,-10.2%,+34.7%
SCHW,Extended,Uncategorized,Financials,Financial Services,Adj,Dec,EPS,CY2026,,,,,,,,5.386,,4.917,-8.7%,4.901,-0.3%,5.181,+5.7%,5.075,-2.0%,5.434,+7.1%,5.635,+3.7%,5.856,+3.9%,92.99,15.9,+13.0%,-6.9%,-10.2%,+34.7%
SCHW,Extended,Uncategorized,Financials,Financial Services,Adj,Dec,EPS,CY2027,,,,,,,,5.285,,5.293,+0.2%,5.72,+8.1%,6.038,+5.6%,5.857,-3.0%,6.325,+8.0%,6.648,+5.1%,6.846,+3.0%,92.99,13.6,+13.4%,-6.9%,-10.2%,+34.7%
SCHW,Extended,Uncategorized,Financials,Financial Services,Adj,Dec,EPS,CY2028,,,,,,,,5.69,,5.795,+1.8%,6.754,+16.5%,6.57,-2.7%,6.518,-0.8%,7.378,+13.2%,7.607,+3.1%,7.908,+4.0%,92.99,11.8,+20.4%,-6.9%,-10.2%,+34.7%
CRM,Extended,Uncategorized,Information Technology,Software & Services,Adj,Jan,EPS,CY2025,,,,,,,,10.994,,11.143,+1.4%,11.222,+0.7%,11.159,-0.6%,11.317,+1.4%,11.378,+0.5%,11.781,+3.5%,11.785,+0.0%,185.03,15.7,+5.6%,-30.2%,-29.6%,-23.1%
CRM,Extended,Uncategorized,Information Technology,Software & Services,Adj,Jan,EPS,CY2026,,,,,,,,12.549,,12.661,+0.9%,12.761,+0.8%,12.522,-1.9%,12.635,+0.9%,12.718,+0.7%,13.149,+3.4%,13.196,+0.4%,185.03,14.0,+5.4%,-30.2%,-29.6%,-23.1%
CRM,Extended,Uncategorized,Information Technology,Software & Services,Adj,Jan,EPS,CY2027,,,,,,,,14.07,,13.823,-1.8%,14.422,+4.3%,14.355,-0.5%,14.434,+0.6%,14.417,-0.1%,15.079,+4.6%,14.863,-1.4%,185.03,12.4,+3.5%,-30.2%,-29.6%,-23.1%
CRM,Extended,Uncategorized,Information Technology,Software & Services,Adj,Jan,EPS,CY2028,,,,,,,,15.497,,14.967,-3.4%,15.883,+6.1%,16.105,+1.4%,16.734,+3.9%,16.858,+0.7%,17.728,+5.2%,17.521,-1.2%,185.03,10.6,+8.8%,-30.2%,-29.6%,-23.1%
WDAY,Extended,Uncategorized,Information Technology,Software & Services,Adj,Jan,EPS,CY2025,,,,,,,,7.821,,8.381,+7.2%,8.372,-0.1%,8.503,+1.6%,8.779,+3.2%,8.905,+1.4%,9.103,+2.2%,9.104,+0.0%,129.72,14.2,+7.1%,-39.6%,-38.3%,-40.3%
WDAY,Extended,Uncategorized,Information Technology,Software & Services,Adj,Jan,EPS,CY2026,,,,,,,,9.372,,10.332,+10.2%,10.127,-2.0%,10.053,-0.7%,10.177,+1.2%,10.589,+4.0%,10.743,+1.5%,10.474,-2.5%,129.72,12.4,+4.2%,-39.6%,-38.3%,-40.3%
WDAY,Extended,Uncategorized,Information Technology,Software & Services,Adj,Jan,EPS,CY2027,,,,,,,,10.993,,12.08,+9.9%,11.293,-6.5%,11.417,+1.1%,11.547,+1.1%,12.784,+10.7%,13.112,+2.6%,12.344,-5.9%,129.72,10.5,+8.1%,-39.6%,-38.3%,-40.3%
WDAY,Extended,Uncategorized,Information Technology,Software & Services,Adj,Jan,EPS,CY2028,,,,,,,,12.508,,14.11,+12.8%,12.923,-8.4%,12.868,-0.4%,12.894,+0.2%,14.527,+12.7%,15.208,+4.7%,14.239,-6.4%,129.72,9.1,+10.7%,-39.6%,-38.3%,-40.3%
ADBE,Extended,Uncategorized,Information Technology,Software & Services,Adj,Nov,EPS,CY2025,,,,,,,,20.571,,20.527,-0.2%,20.426,-0.5%,20.406,-0.1%,20.645,+1.2%,20.836,+0.9%,20.832,-0.0%,,,244.355,11.7,+2.0%,-30.2%,-27.3%,-30.0%
ADBE,Extended,Uncategorized,Information Technology,Software & Services,Adj,Nov,EPS,CY2026,,,,,,,,23.476,,23.338,-0.6%,23.063,-1.2%,22.925,-0.6%,23.221,+1.3%,23.433,+0.9%,23.522,+0.4%,23.513,-0.0%,244.355,10.4,+2.6%,-30.2%,-27.3%,-30.0%
ADBE,Extended,Uncategorized,Information Technology,Software & Services,Adj,Nov,EPS,CY2027,,,,,,,,25.59,,25.317,-1.1%,25.325,+0.0%,25.711,+1.5%,26.151,+1.7%,26.264,+0.4%,26.531,+1.0%,26.436,-0.4%,244.355,9.2,+2.8%,-30.2%,-27.3%,-30.0%
ADBE,Extended,Uncategorized,Information Technology,Software & Services,Adj,Nov,EPS,CY2028,,,,,,,,29.865,,29.115,-2.5%,28.335,-2.7%,28.435,+0.4%,28.115,-1.1%,28.463,+1.2%,29.355,+3.1%,29.57,+0.7%,244.355,8.3,+4.0%,-30.2%,-27.3%,-30.0%
SHOP,Extended,Uncategorized,Information Technology,Software & Services,Adj,Dec,EPS,CY2025,,,,,,,,1.245,,1.37,+10.0%,1.522,+11.1%,1.483,-2.6%,1.426,-3.8%,1.458,+2.2%,1.457,-0.1%,1.451,-0.4%,118.8,81.9,-2.2%,-26.2%,-29.5%,+54.5%
SHOP,Extended,Uncategorized,Information Technology,Software & Services,Adj,Dec,EPS,CY2026,,,,,,,,1.673,,1.797,+7.4%,1.915,+6.6%,1.898,-0.9%,1.745,-8.1%,1.85,+6.0%,1.876,+1.4%,1.845,-1.7%,118.8,64.4,-2.8%,-26.2%,-29.5%,+54.5%
SHOP,Extended,Uncategorized,Information Technology,Software & Services,Adj,Dec,EPS,CY2027,,,,,,,,2.063,,2.288,+10.9%,2.471,+8.0%,2.547,+3.1%,2.245,-11.9%,2.366,+5.4%,2.368,+0.1%,2.386,+0.8%,118.8,49.8,-6.3%,-26.2%,-29.5%,+54.5%
SHOP,Extended,Uncategorized,Information Technology,Software & Services,Adj,Dec,EPS,CY2028,,,,,,,,2.5,,2.475,-1.0%,3.097,+25.1%,3.15,+1.7%,2.702,-14.2%,2.859,+5.8%,3.137,+9.7%,3.303,+5.3%,118.8,36.0,+4.9%,-26.2%,-29.5%,+54.5%
GWRE,Extended,Uncategorized,Information Technology,Software & Services,Adj,Jul,EPS,CY2025,,,,,,,,1.846,,1.939,+5.0%,2.044,+5.4%,1.991,-2.6%,2.416,+21.3%,2.419,+0.1%,,,,,147.83,61.1,+24.8%,-26.5%,-21.4%,-15.2%
GWRE,Extended,Uncategorized,Information Technology,Software & Services,Adj,Jul,EPS,CY2026,,,,,,,,2.344,,2.456,+4.8%,2.587,+5.3%,2.675,+3.4%,2.801,+4.7%,2.972,+6.1%,2.96,-0.4%,3.537,+19.5%,147.83,41.8,+32.2%,-26.5%,-21.4%,-15.2%
GWRE,Extended,Uncategorized,Information Technology,Software & Services,Adj,Jul,EPS,CY2027,,,,,,,,3.25,,3.169,-2.5%,3.334,+5.2%,3.541,+6.2%,3.675,+3.8%,3.751,+2.1%,3.872,+3.2%,4.267,+10.2%,147.83,34.6,+20.5%,-26.5%,-21.4%,-15.2%
GWRE,Extended,Uncategorized,Information Technology,Software & Services,Adj,Jul,EPS,CY2028,,,,,,,,4.2,,4.51,+7.4%,4.44,-1.6%,4.673,+5.2%,5.053,+8.1%,5.088,+0.7%,4.901,-3.7%,5.395,+10.1%,147.83,27.4,+15.5%,-26.5%,-21.4%,-15.2%
NOW,Extended,Uncategorized,Information Technology,Software & Services,Adj,Dec,EPS,CY2025,,,,,,,,3.244,,3.303,+1.8%,3.323,+0.6%,3.253,-2.1%,3.314,+1.9%,3.379,+2.0%,3.414,+1.0%,3.481,+2.0%,102.42,29.4,+7.0%,-33.1%,-31.2%,-29.0%
NOW,Extended,Uncategorized,Information Technology,Software & Services,Adj,Dec,EPS,CY2026,,,,,,,,3.96,,4.007,+1.2%,4.034,+0.7%,3.993,-1.0%,3.967,-0.7%,3.982,+0.4%,4.468,+12.2%,4.172,-6.6%,102.42,24.5,+4.5%,-33.1%,-31.2%,-29.0%
NOW,Extended,Uncategorized,Information Technology,Software & Services,Adj,Dec,EPS,CY2027,,,,,,,,4.64,,4.625,-0.3%,4.609,-0.3%,4.837,+4.9%,4.766,-1.5%,4.79,+0.5%,5.401,+12.8%,5.017,-7.1%,102.42,20.4,+3.7%,-33.1%,-31.2%,-29.0%
NOW,Extended,Uncategorized,Information Technology,Software & Services,Adj,Dec,EPS,CY2028,,,,,,,,5.58,,5.522,-1.0%,5.433,-1.6%,5.493,+1.1%,5.686,+3.5%,5.714,+0.5%,5.668,-0.8%,6.03,+6.4%,102.42,17.0,+9.8%,-33.1%,-31.2%,-29.0%
ELV,Extended,Uncategorized,Health Care,Health Care Equipment & Servic,Adj,Dec,EPS,CY2025,,,,,,,,41.635,,41.662,+0.1%,34.6,-17.0%,34.418,-0.5%,34.397,-0.1%,29.958,-12.9%,29.987,+0.1%,29.975,-0.0%,302.61,10.1,-12.9%,-13.7%,-18.5%,-29.4%
ELV,Extended,Uncategorized,Health Care,Health Care Equipment & Servic,Adj,Dec,EPS,CY2026,,,,,,,,46.809,,46.925,+0.2%,40.146,-14.4%,39.292,-2.1%,39.193,-0.3%,31.197,-20.4%,27.036,-13.3%,25.734,-4.8%,302.61,11.8,-34.5%,-13.7%,-18.5%,-29.4%
ELV,Extended,Uncategorized,Health Care,Health Care Equipment & Servic,Adj,Dec,EPS,CY2027,,,,,,,,52.59,,52.802,+0.4%,49.453,-6.3%,46.159,-6.7%,45.088,-2.3%,35.951,-20.3%,31.204,-13.2%,28.984,-7.1%,302.61,10.4,-37.2%,-13.7%,-18.5%,-29.4%
ELV,Extended,Uncategorized,Health Care,Health Care Equipment & Servic,Adj,Dec,EPS,CY2028,,,,,,,,58.267,,58.277,+0.0%,55.25,-5.2%,53.002,-4.1%,52.273,-1.4%,43.648,-16.5%,39.437,-9.6%,34.194,-13.3%,302.61,8.8,-35.5%,-13.7%,-18.5%,-29.4%
ISRG,Extended,Uncategorized,Health Care,Health Care Equipment & Servic,Adj,Dec,EPS,CY2025,,,,,,,,7.32,,7.623,+4.1%,7.715,+1.2%,8.047,+4.3%,7.779,-3.3%,8.107,+4.2%,8.633,+6.5%,8.646,+0.2%,452.58,52.3,+7.4%,-20.1%,-23.7%,+0.2%
ISRG,Extended,Uncategorized,Health Care,Health Care Equipment & Servic,Adj,Dec,EPS,CY2026,,,,,,,,8.485,,8.868,+4.5%,9.155,+3.2%,9.346,+2.1%,9.012,-3.6%,9.178,+1.8%,9.718,+5.9%,9.941,+2.3%,452.58,45.5,+6.4%,-20.1%,-23.7%,+0.2%
ISRG,Extended,Uncategorized,Health Care,Health Care Equipment & Servic,Adj,Dec,EPS,CY2027,,,,,,,,9.741,,10.31,+5.8%,10.588,+2.7%,11.039,+4.3%,10.553,-4.4%,10.728,+1.7%,11.227,+4.7%,11.331,+0.9%,452.58,39.9,+2.6%,-20.1%,-23.7%,+0.2%
ISRG,Extended,Uncategorized,Health Care,Health Care Equipment & Servic,Adj,Dec,EPS,CY2028,,,,,,,,11.194,,11.933,+6.6%,12.139,+1.7%,12.56,+3.5%,12.231,-2.6%,12.496,+2.2%,13.038,+4.3%,13.011,-0.2%,452.58,34.8,+3.6%,-20.1%,-23.7%,+0.2%
BLDR,Extended,Uncategorized,Industrials,Capital Goods,Adj,Dec,EPS,CY2025,,,,,,,,13.921,,12.211,-12.3%,11.628,-4.8%,9.658,-16.9%,8.476,-12.2%,6.791,-19.9%,7.064,+4.0%,7.053,-0.2%,82.06,11.6,-27.0%,-20.2%,-26.2%,-33.8%
BLDR,Extended,Uncategorized,Industrials,Capital Goods,Adj,Dec,EPS,CY2026,,,,,,,,14.89,,15.617,+4.9%,14.123,-9.6%,11.471,-18.8%,9.901,-13.7%,7.554,-23.7%,6.538,-13.4%,5.933,-9.3%,82.06,13.8,-48.3%,-20.2%,-26.2%,-33.8%
BLDR,Extended,Uncategorized,Industrials,Capital Goods,Adj,Dec,EPS,CY2027,,,,,,,,,,,,14.79,,13.404,-9.4%,12.143,-9.4%,9.24,-23.9%,8.492,-8.1%,7.764,-8.6%,82.06,10.6,-42.1%,-20.2%,-26.2%,-33.8%
BLDR,Extended,Uncategorized,Industrials,Capital Goods,Adj,Dec,EPS,CY2028,,,,,,,,,,,,16.15,,14.07,-12.9%,10.71,-23.9%,9.2,-14.1%,10.155,+10.4%,9.355,-7.9%,82.06,8.8,-33.5%,-20.2%,-26.2%,-33.8%
FERG,Extended,Uncategorized,Industrials,Capital Goods,Adj,Jul,EPS,CY2025,,,,,,,,10.546,,9.84,-6.7%,9.495,-3.5%,8.908,-6.2%,9.396,+5.5%,9.41,+0.1%,,,,,239.1,25.4,-4.4%,+7.4%,+5.8%,+53.7%
FERG,Extended,Uncategorized,Industrials,Capital Goods,Adj,Jul,EPS,CY2026,,,,,,,,,,,,,,,,,,10.694,,10.968,+2.6%,11.013,+0.4%,239.1,21.7,,+7.4%,+5.8%,+53.7%
FERG,Extended,Uncategorized,Industrials,Capital Goods,Adj,Jul,EPS,CY2027,,,,,,,,,,,,,,,,,,11.674,,12.095,+3.6%,12.133,+0.3%,239.1,19.7,,+7.4%,+5.8%,+53.7%
FERG,Extended,Uncategorized,Industrials,Capital Goods,Adj,Jul,EPS,CY2028,,,,,,,,,,,,,,,,,,13.49,,13.254,-1.7%,13.407,+1.2%,239.1,17.8,,+7.4%,+5.8%,+53.7%
CRH,Extended,Uncategorized,Materials,Materials,Adj,Dec,EPS,CY2025,,,,,,,,5.841,,5.98,+2.4%,6.043,+1.1%,5.869,-2.9%,5.689,-3.1%,5.661,-0.5%,5.606,-1.0%,5.593,-0.2%,106.33,19.0,-4.7%,-14.8%,-17.5%,+31.5%
CRH,Extended,Uncategorized,Materials,Materials,Adj,Dec,EPS,CY2026,,,,,,,,6.391,,6.53,+2.2%,6.677,+2.3%,6.565,-1.7%,6.312,-3.9%,6.258,-0.9%,6.105,-2.4%,5.987,-1.9%,106.33,17.8,-8.8%,-14.8%,-17.5%,+31.5%
CRH,Extended,Uncategorized,Materials,Materials,Adj,Dec,EPS,CY2027,,,,,,,,6.95,,7.08,+1.9%,7.24,+2.3%,7.123,-1.6%,6.964,-2.2%,6.937,-0.4%,6.715,-3.2%,6.658,-0.8%,106.33,16.0,-6.5%,-14.8%,-17.5%,+31.5%
CRH,Extended,Uncategorized,Materials,Materials,Adj,Dec,EPS,CY2028,,,,,,,,8.24,,7.44,-9.7%,7.763,+4.3%,7.79,+0.3%,7.967,+2.3%,7.763,-2.6%,7.724,-0.5%,7.405,-4.1%,106.33,14.4,-4.9%,-14.8%,-17.5%,+31.5%
FND,Extended,Uncategorized,Consumer Discretionary,Consumer Discretionary Distrib,Adj,Dec,EPS,CY2025,,,,,,,,2.538,,2.065,-18.6%,1.989,-3.7%,1.963,-1.3%,1.798,-8.4%,1.805,+0.4%,1.902,+5.4%,1.905,+0.2%,49.38,25.9,-3.0%,-18.9%,-24.9%,-30.9%
FND,Extended,Uncategorized,Consumer Discretionary,Consumer Discretionary Distrib,Adj,Dec,EPS,CY2026,,,,,,,,3.346,,2.724,-18.6%,2.633,-3.3%,2.571,-2.4%,2.233,-13.1%,2.138,-4.3%,2.091,-2.2%,2.08,-0.5%,49.38,23.7,-19.1%,-18.9%,-24.9%,-30.9%
FND,Extended,Uncategorized,Consumer Discretionary,Consumer Discretionary Distrib,Adj,Dec,EPS,CY2027,,,,,,,,4.033,,3.178,-21.2%,3.21,+1.0%,3.228,+0.6%,2.716,-15.9%,2.583,-4.9%,2.533,-1.9%,2.443,-3.6%,49.38,20.2,-24.3%,-18.9%,-24.9%,-30.9%
FND,Extended,Uncategorized,Consumer Discretionary,Consumer Discretionary Distrib,Adj,Dec,EPS,CY2028,,,,,,,,4.365,,3.853,-11.7%,3.66,-5.0%,3.45,-5.7%,3.12,-9.6%,3.164,+1.4%,3.061,-3.3%,2.923,-4.5%,49.38,16.9,-15.3%,-18.9%,-24.9%,-30.9%
WMT,Extended,Uncategorized,Consumer Staples,Consumer Staples Distribution,GAAP,Jan,EPS,CY2025,,,,,,,,2.676,,2.709,+1.2%,2.784,+2.8%,2.626,-5.7%,2.546,-3.0%,2.737,+7.5%,2.885,+5.4%,2.879,-0.2%,126.79,44.0,+9.6%,+13.8%,+10.9%,+52.4%
WMT,Extended,Uncategorized,Consumer Staples,Consumer Staples Distribution,GAAP,Jan,EPS,CY2026,,,,,,,,2.975,,3.07,+3.2%,3.11,+1.3%,2.947,-5.2%,2.911,-1.2%,2.913,+0.1%,2.984,+2.4%,2.921,-2.1%,126.79,43.4,-0.9%,+13.8%,+10.9%,+52.4%
WMT,Extended,Uncategorized,Consumer Staples,Consumer Staples Distribution,GAAP,Jan,EPS,CY2027,,,,,,,,3.197,,3.483,+8.9%,3.6,+3.4%,3.321,-7.7%,3.276,-1.4%,3.243,-1.0%,3.325,+2.5%,3.279,-1.4%,126.79,38.7,-1.3%,+13.8%,+10.9%,+52.4%
WMT,Extended,Uncategorized,Consumer Staples,Consumer Staples Distribution,GAAP,Jan,EPS,CY2028,,,,,,,,3.46,,3.95,+14.2%,3.945,-0.1%,3.736,-5.3%,3.778,+1.1%,3.68,-2.6%,3.694,+0.4%,3.651,-1.2%,126.79,34.7,-2.3%,+13.8%,+10.9%,+52.4%
PM,Extended,Uncategorized,Consumer Staples,"Food, Beverage & Tobacco",GAAP,Dec,EPS,CY2025,,,,,,,,6.686,,6.87,+2.8%,7.006,+2.0%,6.797,-3.0%,7.312,+7.6%,7.43,+1.6%,7.432,+0.0%,7.412,-0.3%,160.34,21.6,+9.0%,-0.0%,+3.3%,+6.5%
PM,Extended,Uncategorized,Consumer Staples,"Food, Beverage & Tobacco",GAAP,Dec,EPS,CY2026,,,,,,,,7.299,,7.49,+2.6%,7.701,+2.8%,7.507,-2.5%,8.056,+7.3%,8.213,+1.9%,8.058,-1.9%,8.094,+0.4%,160.34,19.8,+7.8%,-0.0%,+3.3%,+6.5%
PM,Extended,Uncategorized,Consumer Staples,"Food, Beverage & Tobacco",GAAP,Dec,EPS,CY2027,,,,,,,,8.076,,8.31,+2.9%,8.644,+4.0%,8.23,-4.8%,8.823,+7.2%,9.022,+2.3%,8.77,-2.8%,8.797,+0.3%,160.34,18.2,+6.9%,-0.0%,+3.3%,+6.5%
PM,Extended,Uncategorized,Consumer Staples,"Food, Beverage & Tobacco",GAAP,Dec,EPS,CY2028,,,,,,,,8.843,,9.145,+3.4%,9.51,+4.0%,9.198,-3.3%,9.753,+6.0%,9.957,+2.1%,9.575,-3.8%,9.583,+0.1%,160.34,16.7,+4.2%,-0.0%,+3.3%,+6.5%
CP,Extended,Uncategorized,Industrials,Transportation,Adj,Dec,EPS,CY2025,,,,,,,,5.114,,5.09,-0.5%,4.946,-2.8%,4.862,-1.7%,4.744,-2.4%,4.699,-0.9%,4.659,-0.9%,4.618,-0.9%,79.5,17.2,-5.0%,+8.0%,+8.2%,+13.3%
CP,Extended,Uncategorized,Industrials,Transportation,Adj,Dec,EPS,CY2026,,,,,,,,5.802,,5.919,+2.0%,5.692,-3.8%,5.602,-1.6%,5.454,-2.6%,5.381,-1.3%,5.32,-1.1%,5.173,-2.8%,79.5,15.4,-7.7%,+8.0%,+8.2%,+13.3%
CP,Extended,Uncategorized,Industrials,Transportation,Adj,Dec,EPS,CY2027,,,,,,,,7.038,,6.934,-1.5%,6.455,-6.9%,6.419,-0.6%,6.122,-4.6%,6.055,-1.1%,6.001,-0.9%,5.899,-1.7%,79.5,13.5,-8.1%,+8.0%,+8.2%,+13.3%
CP,Extended,Uncategorized,Industrials,Transportation,Adj,Dec,EPS,CY2028,,,,,,,,7.96,,7.848,-1.4%,7.51,-4.3%,7.384,-1.7%,7.144,-3.3%,6.895,-3.5%,6.84,-0.8%,6.719,-1.8%,79.5,11.8,-9.0%,+8.0%,+8.2%,+13.3%
CNR,Extended,Uncategorized,Industrials,Transportation,Adj,Dec,EPS,CY2025,,,,,,,,9.02,,8.559,-5.1%,8.239,-3.7%,7.944,-3.6%,7.765,-2.3%,7.529,-3.0%,7.513,-0.2%,7.522,+0.1%,146.15,19.4,-5.3%,+7.7%,+5.1%,+6.4%
CNR,Extended,Uncategorized,Industrials,Transportation,Adj,Dec,EPS,CY2026,,,,,,,,9.983,,9.626,-3.6%,9.205,-4.4%,8.88,-3.5%,8.628,-2.8%,8.27,-4.1%,8.156,-1.4%,7.868,-3.5%,146.15,18.6,-11.4%,+7.7%,+5.1%,+6.4%
CNR,Extended,Uncategorized,Industrials,Transportation,Adj,Dec,EPS,CY2027,,,,,,,,10.948,,10.583,-3.3%,9.899,-6.5%,9.976,+0.8%,9.511,-4.7%,9.181,-3.5%,9.07,-1.2%,8.732,-3.7%,146.15,16.7,-12.5%,+7.7%,+5.1%,+6.4%
CNR,Extended,Uncategorized,Industrials,Transportation,Adj,Dec,EPS,CY2028,,,,,,,,11.924,,11.412,-4.3%,10.786,-5.5%,10.816,+0.3%,10.258,-5.2%,10.087,-1.7%,10.037,-0.5%,9.587,-4.5%,146.15,15.2,-11.4%,+7.7%,+5.1%,+6.4%
UNP,Extended,Uncategorized,Industrials,Transportation,Adj,Dec,EPS,CY2025,,,,,,,,12.7,,12.486,-1.7%,12.101,-3.1%,11.965,-1.1%,11.542,-3.5%,11.76,+1.9%,11.737,-0.2%,11.69,-0.4%,245.54,21.0,-2.3%,+6.1%,+5.1%,+15.1%
UNP,Extended,Uncategorized,Industrials,Transportation,Adj,Dec,EPS,CY2026,,,,,,,,13.796,,13.878,+0.6%,13.427,-3.2%,13.306,-0.9%,12.795,-3.8%,12.839,+0.3%,12.607,-1.8%,12.45,-1.2%,245.54,19.7,-6.4%,+6.1%,+5.1%,+15.1%
UNP,Extended,Uncategorized,Industrials,Transportation,Adj,Dec,EPS,CY2027,,,,,,,,16.422,,15.57,-5.2%,14.985,-3.8%,14.682,-2.0%,13.953,-5.0%,13.846,-0.8%,13.676,-1.2%,13.567,-0.8%,245.54,18.1,-7.6%,+6.1%,+5.1%,+15.1%
UNP,Extended,Uncategorized,Industrials,Transportation,Adj,Dec,EPS,CY2028,,,,,,,,18.023,,16.833,-6.6%,16.046,-4.7%,16.24,+1.2%,15.365,-5.4%,15.097,-1.7%,15.168,+0.5%,14.901,-1.8%,245.54,16.5,-8.2%,+6.1%,+5.1%,+15.1%
CSX,Extended,Uncategorized,Industrials,Transportation,Adj,Dec,EPS,CY2025,,,,,,,,2.179,,2.121,-2.7%,2.003,-5.6%,1.813,-9.5%,1.652,-8.9%,1.664,+0.7%,1.65,-0.8%,1.636,-0.8%,41.48,25.4,-9.8%,+14.4%,+15.0%,+52.4%
CSX,Extended,Uncategorized,Industrials,Transportation,Adj,Dec,EPS,CY2026,,,,,,,,2.349,,2.315,-1.4%,2.183,-5.7%,2.085,-4.5%,1.921,-7.9%,1.922,+0.1%,1.9,-1.1%,1.848,-2.7%,41.48,22.4,-11.4%,+14.4%,+15.0%,+52.4%
CSX,Extended,Uncategorized,Industrials,Transportation,Adj,Dec,EPS,CY2027,,,,,,,,2.624,,2.575,-1.9%,2.401,-6.8%,2.262,-5.8%,2.112,-6.6%,2.129,+0.8%,2.124,-0.2%,2.088,-1.7%,41.48,19.9,-7.7%,+14.4%,+15.0%,+52.4%
CSX,Extended,Uncategorized,Industrials,Transportation,Adj,Dec,EPS,CY2028,,,,,,,,2.848,,2.776,-2.5%,2.622,-5.5%,2.488,-5.1%,2.368,-4.8%,2.361,-0.3%,2.353,-0.3%,2.275,-3.3%,41.48,18.2,-8.6%,+14.4%,+15.0%,+52.4%
NVR,Extended,Uncategorized,Consumer Discretionary,Consumer Durables & Apparel,Adj,Dec,EPS,CY2025,,,,,,,,505.639,,522.284,+3.3%,526.38,+0.8%,503.385,-4.4%,413.28,-17.9%,423.388,+2.4%,423.183,-0.0%,422.926,-0.1%,6715.45,15.9,-16.0%,-7.9%,-7.2%,-9.4%
NVR,Extended,Uncategorized,Consumer Discretionary,Consumer Durables & Apparel,Adj,Dec,EPS,CY2026,,,,,,,,506.0,,533.0,+5.3%,582.498,+9.3%,542.27,-6.9%,434.54,-19.9%,440.1,+1.3%,410.587,-6.7%,395.095,-3.8%,6715.45,17.0,-27.1%,-7.9%,-7.2%,-9.4%
NVR,Extended,Uncategorized,Consumer Discretionary,Consumer Durables & Apparel,Adj,Dec,EPS,CY2027,,,,,,,,,,,,,,608.0,,575.57,-5.3%,531.5,-7.7%,474.513,-10.7%,457.477,-3.6%,6715.45,14.7,-24.8%,-7.9%,-7.2%,-9.4%
NVR,Extended,Uncategorized,Consumer Discretionary,Consumer Durables & Apparel,Adj,Dec,EPS,CY2028,,,,,,,,,,,,,,,,,,,,,,535.0,,6715.45,12.6,,-7.9%,-7.2%,-9.4%
PDD,Extended,Uncategorized,Consumer Discretionary,Consumer Discretionary Distrib,Adj,Dec,EPS,CY2025,,,,,,,,109.318,,101.74,-6.9%,94.154,-7.5%,88.509,-6.0%,61.988,-30.0%,69.527,+12.2%,75.331,+8.3%,75.449,+0.2%,100.91,1.3,-14.8%,-11.0%,-17.7%,-3.2%
PDD,Extended,Uncategorized,Consumer Discretionary,Consumer Discretionary Distrib,Adj,Dec,EPS,CY2026,,,,,,,,137.89,,122.516,-11.1%,114.05,-6.9%,106.879,-6.3%,81.8,-23.5%,84.248,+3.0%,86.836,+3.1%,83.886,-3.4%,100.91,1.2,-21.5%,-11.0%,-17.7%,-3.2%
PDD,Extended,Uncategorized,Consumer Discretionary,Consumer Discretionary Distrib,Adj,Dec,EPS,CY2027,,,,,,,,164.803,,141.876,-13.9%,125.817,-11.3%,122.79,-2.4%,97.659,-20.5%,100.742,+3.2%,101.478,+0.7%,97.08,-4.3%,100.91,1.0,-20.9%,-11.0%,-17.7%,-3.2%
PDD,Extended,Uncategorized,Consumer Discretionary,Consumer Discretionary Distrib,Adj,Dec,EPS,CY2028,,,,,,,,163.42,,137.73,-15.7%,134.286,-2.5%,124.046,-7.6%,98.539,-20.6%,102.559,+4.1%,100.072,-2.4%,106.571,+6.5%,100.91,0.9,-14.1%,-11.0%,-17.7%,-3.2%
MSI,Extended,Uncategorized,Information Technology,Technology Hardware & Equipmen,Adj,Dec,EPS,CY2025,,,,,,,,14.136,,14.501,+2.6%,14.643,+1.0%,14.696,+0.4%,14.713,+0.1%,14.938,+1.5%,15.157,+1.5%,15.155,-0.0%,441.39,29.1,+3.1%,+15.1%,+15.8%,+9.8%
MSI,Extended,Uncategorized,Information Technology,Technology Hardware & Equipmen,Adj,Dec,EPS,CY2026,,,,,,,,15.71,,16.043,+2.1%,16.088,+0.3%,15.96,-0.8%,15.916,-0.3%,16.138,+1.4%,16.294,+1.0%,16.791,+3.1%,441.39,26.3,+5.2%,+15.1%,+15.8%,+9.8%
MSI,Extended,Uncategorized,Information Technology,Technology Hardware & Equipmen,Adj,Dec,EPS,CY2027,,,,,,,,18.03,,18.38,+1.9%,17.947,-2.4%,17.54,-2.3%,17.514,-0.1%,18.066,+3.2%,17.714,-1.9%,18.213,+2.8%,441.39,24.2,+3.8%,+15.1%,+15.8%,+9.8%
MSI,Extended,Uncategorized,Information Technology,Technology Hardware & Equipmen,Adj,Dec,EPS,CY2028,,,,,,,,19.6,,19.98,+1.9%,19.785,-1.0%,19.505,-1.4%,19.363,-0.7%,20.03,+3.4%,20.325,+1.5%,20.102,-1.1%,441.39,22.0,+3.1%,+15.1%,+15.8%,+9.8%
TPL,Extended,Uncategorized,Energy,Energy,Adj,Dec,EPS,CY2025,,,,,,,,7.42,,6.71,-9.6%,,,8.53,+27.1%,,,,,7.02,-17.7%,6.92,-1.4%,448.86,64.9,-18.9%,+56.3%,+52.8%,+24.8%
TPL,Extended,Uncategorized,Energy,Energy,Adj,Dec,EPS,CY2026,,,,,,,,8.26,,,,,,10.1,+22.3%,,,,,8.185,-19.0%,8.98,+9.7%,448.86,50.0,-11.1%,+56.3%,+52.8%,+24.8%
TPL,Extended,Uncategorized,Energy,Energy,Adj,Dec,EPS,CY2027,,,,,,,,,,,,,,,,,,,,9.835,,10.195,+3.7%,448.86,44.0,,+56.3%,+52.8%,+24.8%
TPL,Extended,Uncategorized,Energy,Energy,Adj,Dec,EPS,CY2028,,,,,,,,,,,,,,,,,,,,11.71,,12.48,+6.6%,448.86,36.0,,+56.3%,+52.8%,+24.8%
APG,Extended,Uncategorized,Industrials,Capital Goods,Adj,Dec,EPS,CY2025,,,,,,,,1.449,,1.451,+0.1%,1.4,-3.5%,1.363,-2.6%,1.388,+1.8%,1.441,+3.8%,1.451,+0.7%,1.446,-0.3%,42.21,29.2,+6.1%,+10.3%,+2.5%,+95.6%
APG,Extended,Uncategorized,Industrials,Capital Goods,Adj,Dec,EPS,CY2026,,,,,,,,1.63,,1.622,-0.5%,1.521,-6.2%,1.552,+2.0%,1.598,+3.0%,1.682,+5.3%,1.668,-0.8%,1.668,+0.0%,42.21,25.3,+7.5%,+10.3%,+2.5%,+95.6%
APG,Extended,Uncategorized,Industrials,Capital Goods,Adj,Dec,EPS,CY2027,,,,,,,,1.745,,1.775,+1.7%,1.817,+2.4%,1.777,-2.2%,1.779,+0.1%,1.893,+6.4%,1.943,+2.6%,1.934,-0.5%,42.21,21.8,+8.8%,+10.3%,+2.5%,+95.6%
APG,Extended,Uncategorized,Industrials,Capital Goods,Adj,Dec,EPS,CY2028,,,,,,,,1.74,,1.81,+4.0%,2.065,+14.1%,2.01,-2.7%,2.01,+0.0%,2.42,+20.4%,2.49,+2.9%,2.232,-10.4%,42.21,18.9,+11.0%,+10.3%,+2.5%,+95.6%
CACC,Extended,Uncategorized,Financials,Financial Services,Adj,Dec,EPS,CY2025,,,,,,,,40.24,,41.213,+2.4%,36.715,-10.9%,38.243,+4.2%,40.033,+4.7%,39.403,-1.6%,39.568,+0.4%,39.568,+0.0%,441.09,11.1,+3.5%,-0.5%,-5.3%,-4.4%
CACC,Extended,Uncategorized,Financials,Financial Services,Adj,Dec,EPS,CY2026,,,,,,,,61.26,,61.07,-0.3%,55.88,-8.5%,44.253,-20.8%,46.29,+4.6%,45.883,-0.9%,43.928,-4.3%,47.818,+8.9%,441.09,9.2,+8.1%,-0.5%,-5.3%,-4.4%
CACC,Extended,Uncategorized,Financials,Financial Services,Adj,Dec,EPS,CY2027,,,,,,,,,,,,,,61.57,,61.4,-0.3%,62.46,+1.7%,51.77,-17.1%,56.165,+8.5%,441.09,7.9,-8.8%,-0.5%,-5.3%,-4.4%
CACC,Extended,Uncategorized,Financials,Financial Services,Adj,Dec,EPS,CY2028,,,,,,,,,,,,,,,,,,,,,,74.58,,441.09,5.9,,-0.5%,-5.3%,-4.4%
GL,Extended,Uncategorized,Financials,Insurance,Adj,Dec,EPS,CY2025,,,,,,,,12.876,,13.176,+2.3%,13.564,+2.9%,13.71,+1.1%,13.694,-0.1%,14.458,+5.6%,14.581,+0.9%,14.576,-0.0%,143.36,9.8,+6.3%,+2.5%,+2.7%,+22.3%
GL,Extended,Uncategorized,Financials,Insurance,Adj,Dec,EPS,CY2026,,,,,,,,14.122,,14.632,+3.6%,14.853,+1.5%,15.129,+1.9%,14.929,-1.3%,15.021,+0.6%,15.013,-0.1%,15.35,+2.2%,143.36,9.3,+1.5%,+2.5%,+2.7%,+22.3%
GL,Extended,Uncategorized,Financials,Insurance,Adj,Dec,EPS,CY2027,,,,,,,,15.3,,16.05,+4.9%,16.275,+1.4%,16.484,+1.3%,16.46,-0.1%,16.474,+0.1%,16.436,-0.2%,16.513,+0.5%,143.36,8.7,+0.2%,+2.5%,+2.7%,+22.3%
GL,Extended,Uncategorized,Financials,Insurance,Adj,Dec,EPS,CY2028,,,,,,,,,,,,,,,,18.7,,18.275,-2.3%,17.85,-2.3%,18.142,+1.6%,143.36,7.9,,+2.5%,+2.7%,+22.3%
LAD,Extended,Uncategorized,Consumer Discretionary,Consumer Discretionary Distrib,Adj,Dec,EPS,CY2025,,,,,,,,35.363,,34.012,-3.8%,35.048,+3.0%,34.999,-0.1%,33.123,-5.4%,35.164,+6.2%,35.524,+1.0%,35.255,-0.8%,257.57,7.3,+0.7%,-22.5%,-21.2%,-8.7%
LAD,Extended,Uncategorized,Consumer Discretionary,Consumer Discretionary Distrib,Adj,Dec,EPS,CY2026,,,,,,,,45.081,,42.207,-6.4%,41.391,-1.9%,41.143,-0.6%,36.761,-10.7%,37.439,+1.8%,37.92,+1.3%,35.251,-7.0%,257.57,7.3,-14.3%,-22.5%,-21.2%,-8.7%
LAD,Extended,Uncategorized,Consumer Discretionary,Consumer Discretionary Distrib,Adj,Dec,EPS,CY2027,,,,,,,,48.197,,49.72,+3.2%,46.253,-7.0%,48.325,+4.5%,42.721,-11.6%,43.748,+2.4%,42.793,-2.2%,41.023,-4.1%,257.57,6.3,-15.1%,-22.5%,-21.2%,-8.7%
LAD,Extended,Uncategorized,Consumer Discretionary,Consumer Discretionary Distrib,Adj,Dec,EPS,CY2028,,,,,,,,51.95,,54.273,+4.5%,51.93,-4.3%,50.287,-3.2%,47.613,-5.3%,48.363,+1.6%,45.853,-5.2%,47.749,+4.1%,257.57,5.4,-5.0%,-22.5%,-21.2%,-8.7%
CHTR,Extended,Uncategorized,Communication Services,Media & Entertainment,Adj,Dec,EPS,CY2025,,,,,,,,33.414,,35.168,+5.2%,36.462,+3.7%,37.471,+2.8%,37.491,+0.1%,37.057,-1.2%,35.997,-2.9%,36.229,+0.6%,219.98,6.1,-3.3%,+5.4%,+4.4%,-35.0%
CHTR,Extended,Uncategorized,Communication Services,Media & Entertainment,Adj,Dec,EPS,CY2026,,,,,,,,38.599,,40.348,+4.5%,42.511,+5.4%,43.047,+1.3%,43.959,+2.1%,43.188,-1.8%,42.513,-1.6%,43.238,+1.7%,219.98,5.1,+0.4%,+5.4%,+4.4%,-35.0%
CHTR,Extended,Uncategorized,Communication Services,Media & Entertainment,Adj,Dec,EPS,CY2027,,,,,,,,41.826,,44.809,+7.1%,48.839,+9.0%,49.864,+2.1%,50.716,+1.7%,49.72,-2.0%,48.761,-1.9%,48.364,-0.8%,219.98,4.5,-3.0%,+5.4%,+4.4%,-35.0%
CHTR,Extended,Uncategorized,Communication Services,Media & Entertainment,Adj,Dec,EPS,CY2028,,,,,,,,53.801,,52.252,-2.9%,58.377,+11.7%,54.77,-6.2%,58.114,+6.1%,59.376,+2.2%,55.173,-7.1%,60.94,+10.5%,219.98,3.6,+11.3%,+5.4%,+4.4%,-35.0%
ABG,Extended,Uncategorized,Consumer Discretionary,Consumer Discretionary Distrib,Adj,Dec,EPS,CY2025,,,,,,,,30.689,,29.018,-5.4%,27.313,-5.9%,26.716,-2.2%,26.88,+0.6%,27.75,+3.2%,28.217,+1.7%,28.123,-0.3%,195.4,6.9,+5.3%,-16.0%,-19.3%,-8.1%
ABG,Extended,Uncategorized,Consumer Discretionary,Consumer Discretionary Distrib,Adj,Dec,EPS,CY2026,,,,,,,,36.43,,32.043,-12.0%,31.488,-1.7%,27.993,-11.1%,26.477,-5.4%,27.738,+4.8%,28.033,+1.1%,26.659,-4.9%,195.4,7.3,-4.8%,-16.0%,-19.3%,-8.1%
ABG,Extended,Uncategorized,Consumer Discretionary,Consumer Discretionary Distrib,Adj,Dec,EPS,CY2027,,,,,,,,48.73,,46.6,-4.4%,46.7,+0.2%,40.32,-13.7%,33.507,-16.9%,31.888,-4.8%,32.226,+1.1%,29.546,-8.3%,195.4,6.6,-26.7%,-16.0%,-19.3%,-8.1%
ABG,Extended,Uncategorized,Consumer Discretionary,Consumer Discretionary Distrib,Adj,Dec,EPS,CY2028,,,,,,,,51.06,,48.69,-4.6%,48.8,+0.2%,51.82,+6.2%,43.46,-16.1%,42.86,-1.4%,38.735,-9.6%,34.043,-12.1%,195.4,5.7,-34.3%,-16.0%,-19.3%,-8.1%
ALRM,Extended,Uncategorized,Information Technology,Software & Services,Adj,Dec,EPS,CY2025,,,,,,,,2.316,,2.191,-5.4%,2.247,+2.6%,2.266,+0.8%,2.293,+1.2%,2.368,+3.3%,2.513,+6.1%,2.513,+0.0%,44.19,17.6,+10.9%,-13.4%,-13.9%,-13.2%
ALRM,Extended,Uncategorized,Information Technology,Software & Services,Adj,Dec,EPS,CY2026,,,,,,,,2.49,,2.31,-7.2%,2.51,+8.7%,2.405,-4.2%,2.421,+0.7%,2.501,+3.3%,2.687,+7.4%,2.79,+3.8%,44.19,15.8,+16.0%,-13.4%,-13.9%,-13.2%
ALRM,Extended,Uncategorized,Information Technology,Software & Services,Adj,Dec,EPS,CY2027,,,,,,,,2.64,,2.34,-11.4%,2.46,+5.1%,2.16,-12.2%,2.16,+0.0%,2.755,+27.5%,2.782,+1.0%,3.002,+7.9%,44.19,14.7,+39.0%,-13.4%,-13.9%,-13.2%
ALRM,Extended,Uncategorized,Information Technology,Software & Services,Adj,Dec,EPS,CY2028,,,,,,,,,,,,,,,,,,,,,,,,44.19,,,-13.4%,-13.9%,-13.2%
OPTU,Extended,Uncategorized,Communication Services,Media & Entertainment,Adj,Dec,EPS,CY2025,,,,,,,,0.311,,0.12,-61.4%,0.024,-80.0%,-0.248,-1133.3%,-0.111,+55.2%,-0.375,-237.8%,-3.741,-897.6%,-3.768,-0.7%,1.39,-0.4,-1419.4%,-15.8%,-18.7%,-40.3%
OPTU,Extended,Uncategorized,Communication Services,Media & Entertainment,Adj,Dec,EPS,CY2026,,,,,,,,0.382,,-0.142,-137.2%,0.084,+159.2%,-0.069,-182.1%,0.047,+168.1%,-0.143,-404.3%,-0.185,-29.4%,-0.432,-133.5%,1.39,-3.2,-526.1%,-15.8%,-18.7%,-40.3%
OPTU,Extended,Uncategorized,Communication Services,Media & Entertainment,Adj,Dec,EPS,CY2027,,,,,,,,0.177,,-0.646,-465.0%,-0.72,-11.5%,-0.332,+53.9%,-0.062,+81.3%,-0.216,-248.4%,-0.2,+7.4%,-0.414,-107.0%,1.39,-3.4,-24.7%,-15.8%,-18.7%,-40.3%
OPTU,Extended,Uncategorized,Communication Services,Media & Entertainment,Adj,Dec,EPS,CY2028,,,,,,,,0.364,,0.211,-42.0%,0.17,-19.4%,-0.432,-354.1%,-0.269,+37.7%,-0.427,-58.7%,-0.355,+16.9%,-0.418,-17.7%,1.39,-3.3,+3.2%,-15.8%,-18.7%,-40.3%
CMCSA,Extended,Uncategorized,Communication Services,Telecommunication Services,Adj,Dec,EPS,CY2025,,,,,,,,4.463,,4.417,-1.0%,4.387,-0.7%,4.294,-2.1%,4.263,-0.7%,4.284,+0.5%,4.217,-1.6%,4.212,-0.1%,27.66,6.6,-1.9%,-1.2%,+0.9%,-11.5%
CMCSA,Extended,Uncategorized,Communication Services,Telecommunication Services,Adj,Dec,EPS,CY2026,,,,,,,,4.989,,4.946,-0.9%,4.893,-1.1%,4.795,-2.0%,4.634,-3.4%,4.497,-3.0%,4.122,-8.3%,3.609,-12.4%,27.66,7.7,-24.7%,-1.2%,+0.9%,-11.5%
CMCSA,Extended,Uncategorized,Communication Services,Telecommunication Services,Adj,Dec,EPS,CY2027,,,,,,,,5.468,,5.324,-2.6%,5.101,-4.2%,5.108,+0.1%,5.051,-1.1%,4.859,-3.8%,4.396,-9.5%,3.882,-11.7%,27.66,7.1,-24.0%,-1.2%,+0.9%,-11.5%
CMCSA,Extended,Uncategorized,Communication Services,Telecommunication Services,Adj,Dec,EPS,CY2028,,,,,,,,6.311,,6.044,-4.2%,5.677,-6.1%,5.422,-4.5%,5.521,+1.8%,5.368,-2.8%,4.858,-9.5%,4.262,-12.3%,27.66,6.5,-21.4%,-1.2%,+0.9%,-11.5%
WRLD,Extended,Uncategorized,Financials,Financial Services,Adj,Mar,EPS,CY2025,,,,,,,,,,16.1,,12.24,-24.0%,14.73,+20.3%,13.79,-6.4%,11.655,-15.5%,8.55,-26.6%,,,143.43,16.8,-30.1%,+2.2%,-4.9%,+27.4%
WRLD,Extended,Uncategorized,Financials,Financial Services,Adj,Mar,EPS,CY2026,,,,,,,,,,,,,,16.79,,14.55,-13.3%,15.285,+5.1%,15.035,-1.6%,,,143.43,9.5,,+2.2%,-4.9%,+27.4%
WRLD,Extended,Uncategorized,Financials,Financial Services,Adj,Mar,EPS,CY2027,,,,,,,,,,,,,,,,,,,,16.5,,,,143.43,8.7,,+2.2%,-4.9%,+27.4%
WRLD,Extended,Uncategorized,Financials,Financial Services,Adj,Mar,EPS,CY2028,,,,,,,,,,,,,,,,,,,,,,,,143.43,,,+2.2%,-4.9%,+27.4%
CARG,Extended,Uncategorized,Communication Services,Media & Entertainment,Adj,Dec,EPS,CY2025,,,,,,,,1.702,,1.852,+8.8%,1.871,+1.0%,1.915,+2.4%,2.115,+10.4%,2.178,+3.0%,2.205,+1.2%,2.206,+0.0%,34.75,15.8,+15.2%,-9.4%,-9.6%,+32.2%
CARG,Extended,Uncategorized,Communication Services,Media & Entertainment,Adj,Dec,EPS,CY2026,,,,,,,,1.994,,2.258,+13.2%,2.217,-1.8%,2.206,-0.5%,2.449,+11.0%,2.463,+0.6%,2.535,+2.9%,2.507,-1.1%,34.75,13.9,+13.6%,-9.4%,-9.6%,+32.2%
CARG,Extended,Uncategorized,Communication Services,Media & Entertainment,Adj,Dec,EPS,CY2027,,,,,,,,2.46,,2.527,+2.7%,3.038,+20.2%,2.577,-15.2%,2.786,+8.1%,2.953,+6.0%,3.011,+2.0%,3.03,+0.6%,34.75,11.5,+17.6%,-9.4%,-9.6%,+32.2%
CARG,Extended,Uncategorized,Communication Services,Media & Entertainment,Adj,Dec,EPS,CY2028,,,,,,,,3.187,,3.027,-5.0%,3.885,+28.3%,3.725,-4.1%,3.745,+0.5%,3.35,-10.5%,3.432,+2.4%,3.513,+2.4%,34.75,9.9,-5.7%,-9.4%,-9.6%,+32.2%
ARMK,Extended,Uncategorized,Consumer Discretionary,Consumer Services,Adj,Sep,EPS,CY2025,,,,,,,,1.947,,1.931,-0.8%,1.933,+0.1%,1.915,-0.9%,1.937,+1.1%,1.925,-0.6%,1.895,-1.6%,,,42.5,22.4,-2.0%,+15.3%,+10.1%,+35.5%
ARMK,Extended,Uncategorized,Consumer Discretionary,Consumer Services,Adj,Sep,EPS,CY2026,,,,,,,,2.346,,2.304,-1.8%,2.29,-0.6%,2.272,-0.8%,2.281,+0.4%,2.284,+0.1%,2.219,-2.8%,2.224,+0.2%,42.5,19.1,-2.1%,+15.3%,+10.1%,+35.5%
ARMK,Extended,Uncategorized,Consumer Discretionary,Consumer Services,Adj,Sep,EPS,CY2027,,,,,,,,2.687,,2.7,+0.5%,2.663,-1.4%,2.638,-0.9%,2.632,-0.2%,2.681,+1.9%,2.589,-3.4%,2.601,+0.5%,42.5,16.3,-1.4%,+15.3%,+10.1%,+35.5%
ARMK,Extended,Uncategorized,Consumer Discretionary,Consumer Services,Adj,Sep,EPS,CY2028,,,,,,,,2.92,,3.013,+3.2%,3.06,+1.6%,3.054,-0.2%,3.05,-0.1%,3.09,+1.3%,2.981,-3.5%,2.958,-0.8%,42.5,14.4,-3.1%,+15.3%,+10.1%,+35.5%
QSR,Extended,Uncategorized,Consumer Discretionary,Consumer Services,Adj,Dec,EPS,CY2025,,,,,,,,3.877,,3.893,+0.4%,3.797,-2.5%,3.751,-1.2%,3.665,-2.3%,3.623,-1.1%,3.675,+1.4%,3.673,-0.1%,77.23,21.0,-2.1%,+13.2%,+14.1%,+21.5%
QSR,Extended,Uncategorized,Consumer Discretionary,Consumer Services,Adj,Dec,EPS,CY2026,,,,,,,,4.299,,4.301,+0.0%,4.157,-3.3%,4.087,-1.7%,4.013,-1.8%,4.003,-0.2%,4.012,+0.2%,4.048,+0.9%,77.23,19.1,-1.0%,+13.2%,+14.1%,+21.5%
QSR,Extended,Uncategorized,Consumer Discretionary,Consumer Services,Adj,Dec,EPS,CY2027,,,,,,,,4.776,,4.814,+0.8%,4.594,-4.6%,4.55,-1.0%,4.349,-4.4%,4.361,+0.3%,4.348,-0.3%,4.395,+1.1%,77.23,17.6,-3.4%,+13.2%,+14.1%,+21.5%
QSR,Extended,Uncategorized,Consumer Discretionary,Consumer Services,Adj,Dec,EPS,CY2028,,,,,,,,5.298,,5.233,-1.2%,4.991,-4.6%,4.989,-0.0%,4.768,-4.4%,4.779,+0.2%,4.759,-0.4%,4.825,+1.4%,77.23,16.0,-3.3%,+13.2%,+14.1%,+21.5%
W,Extended,Uncategorized,Consumer Discretionary,Consumer Discretionary Distrib,Adj,Dec,EPS,CY2025,,,,,,,,2.135,,1.478,-30.8%,0.766,-48.2%,0.595,-22.3%,0.656,+10.3%,1.843,+180.9%,2.296,+24.6%,2.313,+0.7%,71.95,31.1,+288.7%,-28.3%,-34.4%,+176.2%
W,Extended,Uncategorized,Consumer Discretionary,Consumer Discretionary Distrib,Adj,Dec,EPS,CY2026,,,,,,,,3.147,,2.056,-34.7%,1.632,-20.6%,1.502,-8.0%,1.181,-21.4%,2.174,+84.1%,2.855,+31.3%,2.934,+2.8%,71.95,24.5,+95.3%,-28.3%,-34.4%,+176.2%
W,Extended,Uncategorized,Consumer Discretionary,Consumer Discretionary Distrib,Adj,Dec,EPS,CY2027,,,,,,,,3.991,,3.381,-15.3%,2.657,-21.4%,2.328,-12.4%,1.947,-16.4%,3.17,+62.8%,3.761,+18.6%,3.726,-0.9%,71.95,19.3,+60.1%,-28.3%,-34.4%,+176.2%
W,Extended,Uncategorized,Consumer Discretionary,Consumer Discretionary Distrib,Adj,Dec,EPS,CY2028,,,,,,,,5.076,,4.473,-11.9%,3.869,-13.5%,3.803,-1.7%,2.804,-26.3%,3.894,+38.9%,4.673,+20.0%,4.494,-3.8%,71.95,16.0,+18.2%,-28.3%,-34.4%,+176.2%
MO,Extended,Uncategorized,Consumer Staples,"Food, Beverage & Tobacco",Adj,Dec,EPS,CY2025,,,,,,,,5.282,,5.3,+0.3%,5.352,+1.0%,5.321,-0.6%,5.382,+1.1%,5.429,+0.9%,5.436,+0.1%,5.434,-0.0%,66.55,12.2,+2.1%,+15.4%,+20.6%,+18.7%
MO,Extended,Uncategorized,Consumer Staples,"Food, Beverage & Tobacco",Adj,Dec,EPS,CY2026,,,,,,,,5.523,,5.488,-0.6%,5.546,+1.1%,5.509,-0.7%,5.523,+0.3%,5.599,+1.4%,5.591,-0.1%,5.618,+0.5%,66.55,11.8,+2.0%,+15.4%,+20.6%,+18.7%
MO,Extended,Uncategorized,Consumer Staples,"Food, Beverage & Tobacco",Adj,Dec,EPS,CY2027,,,,,,,,5.633,,5.684,+0.9%,5.753,+1.2%,5.678,-1.3%,5.68,+0.0%,5.795,+2.0%,5.763,-0.6%,5.809,+0.8%,66.55,11.5,+2.3%,+15.4%,+20.6%,+18.7%
MO,Extended,Uncategorized,Consumer Staples,"Food, Beverage & Tobacco",Adj,Dec,EPS,CY2028,,,,,,,,5.82,,5.886,+1.1%,5.933,+0.8%,5.683,-4.2%,5.812,+2.3%,5.92,+1.9%,5.882,-0.6%,5.991,+1.9%,66.55,11.1,+5.4%,+15.4%,+20.6%,+18.7%
CI,Extended,Uncategorized,Health Care,Health Care Equipment & Servic,Adj,Dec,EPS,CY2025,,,,,,,,32.069,,31.884,-0.6%,31.556,-1.0%,29.609,-6.2%,29.684,+0.3%,29.676,-0.0%,29.639,-0.1%,29.637,-0.0%,275.69,9.3,+0.1%,+0.2%,-3.2%,-14.5%
CI,Extended,Uncategorized,Health Care,Health Care Equipment & Servic,Adj,Dec,EPS,CY2026,,,,,,,,35.651,,35.599,-0.1%,35.126,-1.3%,33.027,-6.0%,33.075,+0.1%,32.988,-0.3%,30.327,-8.1%,30.326,-0.0%,275.69,9.1,-8.2%,+0.2%,-3.2%,-14.5%
CI,Extended,Uncategorized,Health Care,Health Care Equipment & Servic,Adj,Dec,EPS,CY2027,,,,,,,,39.61,,39.472,-0.3%,39.42,-0.1%,36.818,-6.6%,36.857,+0.1%,37.116,+0.7%,33.489,-9.8%,33.423,-0.2%,275.69,8.2,-9.2%,+0.2%,-3.2%,-14.5%
CI,Extended,Uncategorized,Health Care,Health Care Equipment & Servic,Adj,Dec,EPS,CY2028,,,,,,,,44.31,,44.38,+0.2%,43.965,-0.9%,41.533,-5.5%,41.621,+0.2%,41.864,+0.6%,37.372,-10.7%,37.024,-0.9%,275.69,7.4,-10.9%,+0.2%,-3.2%,-14.5%
CVS,Extended,Uncategorized,Health Care,Health Care Equipment & Servic,Adj,Dec,EPS,CY2025,,,,,,,,7.813,,7.312,-6.4%,6.101,-16.6%,5.905,-3.2%,6.14,+4.0%,6.366,+3.7%,6.659,+4.6%,6.663,+0.1%,73.28,11.0,+12.8%,-7.7%,-9.2%,+15.1%
CVS,Extended,Uncategorized,Health Care,Health Care Equipment & Servic,Adj,Dec,EPS,CY2026,,,,,,,,8.631,,8.097,-6.2%,7.038,-13.1%,6.84,-2.8%,7.057,+3.2%,7.154,+1.4%,7.169,+0.2%,7.163,-0.1%,73.28,10.2,+4.7%,-7.7%,-9.2%,+15.1%
CVS,Extended,Uncategorized,Health Care,Health Care Equipment & Servic,Adj,Dec,EPS,CY2027,,,,,,,,9.504,,9.032,-5.0%,8.511,-5.8%,7.929,-6.8%,8.079,+1.9%,8.088,+0.1%,8.178,+1.1%,8.174,-0.0%,73.28,9.0,+3.1%,-7.7%,-9.2%,+15.1%
CVS,Extended,Uncategorized,Health Care,Health Care Equipment & Servic,Adj,Dec,EPS,CY2028,,,,,,,,10.137,,10.13,-0.1%,10.008,-1.2%,9.357,-6.5%,9.173,-2.0%,9.18,+0.1%,9.419,+2.6%,9.373,-0.5%,73.28,7.8,+0.2%,-7.7%,-9.2%,+15.1%
SSNC,Extended,Uncategorized,Industrials,Commercial & Professional Serv,Adj,Dec,EPS,CY2025,,,,,,,,5.633,,5.762,+2.3%,5.755,-0.1%,5.845,+1.6%,5.848,+0.1%,5.946,+1.7%,6.062,+2.0%,6.066,+0.1%,68.66,11.3,+3.8%,-21.5%,-22.6%,-7.7%
SSNC,Extended,Uncategorized,Industrials,Commercial & Professional Serv,Adj,Dec,EPS,CY2026,,,,,,,,6.203,,6.353,+2.4%,6.357,+0.1%,6.476,+1.9%,6.443,-0.5%,6.51,+1.0%,6.628,+1.8%,6.841,+3.2%,68.66,10.0,+5.6%,-21.5%,-22.6%,-7.7%
SSNC,Extended,Uncategorized,Industrials,Commercial & Professional Serv,Adj,Dec,EPS,CY2027,,,,,,,,6.645,,7.015,+5.6%,6.78,-3.3%,6.973,+2.8%,6.947,-0.4%,7.048,+1.5%,7.179,+1.9%,7.438,+3.6%,68.66,9.2,+6.7%,-21.5%,-22.6%,-7.7%
SSNC,Extended,Uncategorized,Industrials,Commercial & Professional Serv,Adj,Dec,EPS,CY2028,,,,,,,,7.17,,7.58,+5.7%,7.3,-3.7%,7.65,+4.8%,7.625,-0.3%,7.75,+1.6%,7.87,+1.5%,7.88,+0.1%,68.66,8.7,+3.0%,-21.5%,-22.6%,-7.7%
SPOT,Extended,Uncategorized,Communication Services,Media & Entertainment,Adj,Dec,EPS,CY2025,,,,,,,,6.878,,8.141,+18.4%,9.189,+12.9%,10.033,+9.2%,8.42,-16.1%,5.397,-35.9%,7.203,+33.5%,7.15,-0.7%,484.48,67.8,-28.7%,-16.6%,-15.2%,-3.7%
SPOT,Extended,Uncategorized,Communication Services,Media & Entertainment,Adj,Dec,EPS,CY2026,,,,,,,,8.898,,10.424,+17.1%,11.618,+11.5%,13.094,+12.7%,12.55,-4.2%,11.271,-10.2%,12.25,+8.7%,13.135,+7.2%,484.48,36.9,+0.3%,-16.6%,-15.2%,-3.7%
SPOT,Extended,Uncategorized,Communication Services,Media & Entertainment,Adj,Dec,EPS,CY2027,,,,,,,,10.724,,12.654,+18.0%,14.311,+13.1%,16.22,+13.3%,15.668,-3.4%,15.297,-2.4%,15.572,+1.8%,16.154,+3.7%,484.48,30.0,-0.4%,-16.6%,-15.2%,-3.7%
SPOT,Extended,Uncategorized,Communication Services,Media & Entertainment,Adj,Dec,EPS,CY2028,,,,,,,,13.064,,15.448,+18.2%,17.684,+14.5%,18.822,+6.4%,18.53,-1.6%,17.922,-3.3%,18.447,+2.9%,19.353,+4.9%,484.48,25.0,+2.8%,-16.6%,-15.2%,-3.7%
BABA,Extended,Uncategorized,Consumer Discretionary,Consumer Discretionary Distrib,GAAP,Mar,EPS,CY2025,,,,,,,,50.188,,53.865,+7.3%,56.58,+5.0%,63.297,+11.9%,57.838,-8.6%,50.48,-12.7%,47.61,-5.7%,41.207,-13.4%,122.31,3.0,-34.9%,-16.6%,-18.9%,+5.8%
BABA,Extended,Uncategorized,Consumer Discretionary,Consumer Discretionary Distrib,GAAP,Mar,EPS,CY2026,,,,,,,,56.901,,62.826,+10.4%,66.5,+5.8%,70.48,+6.0%,66.187,-6.1%,64.434,-2.6%,59.303,-8.0%,48.669,-17.9%,122.31,2.5,-30.9%,-16.6%,-18.9%,+5.8%
BABA,Extended,Uncategorized,Consumer Discretionary,Consumer Discretionary Distrib,GAAP,Mar,EPS,CY2027,,,,,,,,64.052,,59.817,-6.6%,75.865,+26.8%,79.496,+4.8%,75.994,-4.4%,76.69,+0.9%,76.48,-0.3%,65.27,-14.7%,122.31,1.9,-17.9%,-16.6%,-18.9%,+5.8%
BABA,Extended,Uncategorized,Consumer Discretionary,Consumer Discretionary Distrib,GAAP,Mar,EPS,CY2028,,,,,,,,59.355,,58.09,-2.1%,82.087,+41.3%,84.112,+2.5%,73.818,-12.2%,86.537,+17.2%,87.861,+1.5%,91.074,+3.7%,122.31,1.3,+8.3%,-16.6%,-18.9%,+5.8%
IAC,Extended,Uncategorized,Communication Services,Media & Entertainment,Adj,Dec,EPS,CY2025,,,,,,,,0.94,,-0.36,-138.3%,0.416,+215.6%,0.345,-17.1%,-2.303,-767.5%,0.579,+125.1%,0.394,-32.0%,0.394,+0.0%,40.07,101.7,+14.2%,+2.5%,+1.3%,+13.0%
IAC,Extended,Uncategorized,Communication Services,Media & Entertainment,Adj,Dec,EPS,CY2026,,,,,,,,1.066,,0.944,-11.4%,0.738,-21.8%,1.695,+129.7%,-0.124,-107.3%,0.662,+633.9%,1.064,+60.7%,0.823,-22.7%,40.07,48.7,-51.4%,+2.5%,+1.3%,+13.0%
IAC,Extended,Uncategorized,Communication Services,Media & Entertainment,Adj,Dec,EPS,CY2027,,,,,,,,2.287,,2.17,-5.1%,1.625,-25.1%,2.384,+46.7%,1.819,-23.7%,2.355,+29.5%,1.449,-38.5%,1.5,+3.5%,40.07,26.7,-37.1%,+2.5%,+1.3%,+13.0%
IAC,Extended,Uncategorized,Communication Services,Media & Entertainment,Adj,Dec,EPS,CY2028,,,,,,,,3.053,,2.907,-4.8%,2.22,-23.6%,2.213,-0.3%,1.813,-18.1%,3.853,+112.5%,1.838,-52.3%,1.907,+3.8%,40.07,21.0,-13.8%,+2.5%,+1.3%,+13.0%
PYPL,Extended,Uncategorized,Financials,Financial Services,Adj,Dec,EPS,CY2025,,,,,,,,4.651,,4.839,+4.0%,4.866,+0.6%,5.041,+3.6%,5.085,+0.9%,5.235,+2.9%,5.36,+2.4%,5.351,-0.2%,45.48,8.5,+6.1%,-22.1%,-24.0%,-22.1%
PYPL,Extended,Uncategorized,Financials,Financial Services,Adj,Dec,EPS,CY2026,,,,,,,,5.1,,5.39,+5.7%,5.424,+0.6%,5.645,+4.1%,5.659,+0.2%,5.796,+2.4%,5.829,+0.6%,5.302,-9.0%,45.48,8.6,-6.1%,-22.1%,-24.0%,-22.1%
PYPL,Extended,Uncategorized,Financials,Financial Services,Adj,Dec,EPS,CY2027,,,,,,,,5.798,,5.973,+3.0%,6.116,+2.4%,6.64,+8.6%,6.448,-2.9%,6.603,+2.4%,6.546,-0.9%,5.777,-11.7%,45.48,7.9,-13.0%,-22.1%,-24.0%,-22.1%
PYPL,Extended,Uncategorized,Financials,Financial Services,Adj,Dec,EPS,CY2028,,,,,,,,6.77,,,,7.245,+7.0%,7.3,+0.8%,7.195,-1.4%,7.274,+1.1%,7.403,+1.8%,6.457,-12.8%,45.48,7.0,-11.5%,-22.1%,-24.0%,-22.1%
THC,Extended,Healthcare providers,Health Care,Health Care Equipment & Servic,Adj,Dec,EPS,CY2025,,,,,,,,9.204,,11.245,+22.2%,11.044,-1.8%,12.154,+10.1%,12.773,+5.1%,15.845,+24.1%,16.12,+1.7%,16.112,-0.0%,190.28,11.8,+32.6%,-4.2%,-8.6%,+58.1%
THC,Extended,Healthcare providers,Health Care,Health Care Equipment & Servic,Adj,Dec,EPS,CY2026,,,,,,,,10.756,,12.623,+17.4%,12.913,+2.3%,13.237,+2.5%,13.609,+2.8%,16.038,+17.8%,16.33,+1.8%,17.406,+6.6%,190.28,10.9,+31.5%,-4.2%,-8.6%,+58.1%
THC,Extended,Healthcare providers,Health Care,Health Care Equipment & Servic,Adj,Dec,EPS,CY2027,,,,,,,,12.208,,14.588,+19.5%,14.855,+1.8%,15.088,+1.6%,15.498,+2.7%,17.609,+13.6%,18.143,+3.0%,17.598,-3.0%,190.28,10.8,+16.6%,-4.2%,-8.6%,+58.1%
THC,Extended,Healthcare providers,Health Care,Health Care Equipment & Servic,Adj,Dec,EPS,CY2028,,,,,,,,12.547,,15.123,+20.5%,15.23,+0.7%,20.023,+31.5%,20.767,+3.7%,21.258,+2.4%,20.793,-2.2%,19.588,-5.8%,190.28,9.7,-2.2%,-4.2%,-8.6%,+58.1%
UHS,Extended,Healthcare providers,Health Care,Health Care Equipment & Servic,Adj,Dec,EPS,CY2025,,,,,,,,15.139,,17.716,+17.0%,17.927,+1.2%,19.212,+7.2%,19.516,+1.6%,20.461,+4.8%,21.822,+6.7%,21.838,+0.1%,181.33,8.3,+13.7%,-16.8%,-18.2%,+3.9%
UHS,Extended,Healthcare providers,Health Care,Health Care Equipment & Servic,Adj,Dec,EPS,CY2026,,,,,,,,17.303,,19.564,+13.1%,19.756,+1.0%,21.293,+7.8%,21.458,+0.8%,21.857,+1.9%,23.424,+7.2%,23.468,+0.2%,181.33,7.7,+10.2%,-16.8%,-18.2%,+3.9%
UHS,Extended,Healthcare providers,Health Care,Health Care Equipment & Servic,Adj,Dec,EPS,CY2027,,,,,,,,19.233,,21.35,+11.0%,21.203,-0.7%,23.14,+9.1%,23.759,+2.7%,24.104,+1.5%,25.966,+7.7%,25.517,-1.7%,181.33,7.1,+10.3%,-16.8%,-18.2%,+3.9%
UHS,Extended,Healthcare providers,Health Care,Health Care Equipment & Servic,Adj,Dec,EPS,CY2028,,,,,,,,21.765,,23.21,+6.6%,22.81,-1.7%,25.43,+11.5%,25.735,+1.2%,27.003,+4.9%,27.783,+2.9%,27.997,+0.8%,181.33,6.5,+10.1%,-16.8%,-18.2%,+3.9%
CYH,Extended,Healthcare providers,Health Care,Health Care Equipment & Servic,Adj,Dec,EPS,CY2025,,,,,,,,0.211,,0.219,+3.8%,0.119,-45.7%,-0.202,-269.7%,-0.327,-61.9%,-0.379,-15.9%,0.863,+327.7%,0.863,+0.0%,2.97,3.4,+527.2%,-4.8%,-11.1%,+21.2%
CYH,Extended,Healthcare providers,Health Care,Health Care Equipment & Servic,Adj,Dec,EPS,CY2026,,,,,,,,0.632,,0.606,-4.1%,0.327,-46.0%,0.188,-42.5%,0.019,-89.9%,-0.159,-936.8%,-0.376,-136.5%,-0.349,+7.2%,2.97,-8.5,-285.6%,-4.8%,-11.1%,+21.2%
CYH,Extended,Healthcare providers,Health Care,Health Care Equipment & Servic,Adj,Dec,EPS,CY2027,,,,,,,,0.6,,,,,,0.157,-73.8%,0.205,+30.6%,-0.019,-109.3%,-0.182,-857.9%,-0.008,+95.6%,2.97,-371.2,-105.1%,-4.8%,-11.1%,+21.2%
CYH,Extended,Healthcare providers,Health Care,Health Care Equipment & Servic,Adj,Dec,EPS,CY2028,,,,,,,,0.6,,,,,,,,,,,,,,0.076,-87.3%,2.97,39.1,,-4.8%,-11.1%,+21.2%
DVA,Extended,Healthcare providers,Health Care,Health Care Equipment & Servic,Adj,Dec,EPS,CY2025,,,,,,,,10.584,,11.416,+7.9%,11.29,-1.1%,10.977,-2.8%,10.728,-2.3%,10.815,+0.8%,10.614,-1.9%,10.613,-0.0%,150.12,14.1,-3.3%,+32.1%,+30.9%,+0.4%
DVA,Extended,Healthcare providers,Health Care,Health Care Equipment & Servic,Adj,Dec,EPS,CY2026,,,,,,,,12.054,,13.352,+10.8%,13.46,+0.8%,12.801,-4.9%,12.616,-1.4%,12.725,+0.9%,12.711,-0.1%,14.076,+10.7%,150.12,10.7,+10.0%,+32.1%,+30.9%,+0.4%
DVA,Extended,Healthcare providers,Health Care,Health Care Equipment & Servic,Adj,Dec,EPS,CY2027,,,,,,,,13.313,,13.98,+5.0%,14.593,+4.4%,14.393,-1.4%,14.5,+0.7%,14.39,-0.8%,14.84,+3.1%,16.321,+10.0%,150.12,9.2,+13.4%,+32.1%,+30.9%,+0.4%
DVA,Extended,Healthcare providers,Health Care,Health Care Equipment & Servic,Adj,Dec,EPS,CY2028,,,,,,,,15.127,,15.913,+5.2%,16.447,+3.4%,15.893,-3.4%,16.133,+1.5%,16.145,+0.1%,15.96,-1.1%,18.41,+15.4%,150.12,8.2,+15.8%,+32.1%,+30.9%,+0.4%
LH,Extended,Healthcare providers,Health Care,Health Care Equipment & Servic,Adj,Dec,EPS,CY2025,,,,,,,,15.932,,15.835,-0.6%,15.993,+1.0%,16.046,+0.3%,16.11,+0.4%,16.321,+1.3%,16.337,+0.1%,16.339,+0.0%,274.46,16.8,+1.8%,+9.4%,+5.4%,+22.0%
LH,Extended,Healthcare providers,Health Care,Health Care Equipment & Servic,Adj,Dec,EPS,CY2026,,,,,,,,17.463,,17.555,+0.5%,17.5,-0.3%,17.667,+1.0%,17.633,-0.2%,17.601,-0.2%,17.514,-0.5%,17.871,+2.0%,274.46,15.4,+1.2%,+9.4%,+5.4%,+22.0%
LH,Extended,Healthcare providers,Health Care,Health Care Equipment & Servic,Adj,Dec,EPS,CY2027,,,,,,,,19.413,,19.497,+0.4%,19.46,-0.2%,19.644,+0.9%,19.326,-1.6%,19.226,-0.5%,19.15,-0.4%,19.347,+1.0%,274.46,14.2,-1.5%,+9.4%,+5.4%,+22.0%
LH,Extended,Healthcare providers,Health Care,Health Care Equipment & Servic,Adj,Dec,EPS,CY2028,,,,,,,,20.663,,20.9,+1.1%,21.377,+2.3%,21.536,+0.7%,21.178,-1.7%,21.12,-0.3%,20.99,-0.6%,21.087,+0.5%,274.46,13.0,-2.1%,+9.4%,+5.4%,+22.0%
DGX,Extended,Healthcare providers,Health Care,Health Care Equipment & Servic,Adj,Dec,EPS,CY2025,,,,,,,,9.468,,9.638,+1.8%,9.761,+1.3%,9.684,-0.8%,9.702,+0.2%,9.747,+0.5%,9.808,+0.6%,9.809,+0.0%,198.96,20.3,+1.3%,+14.7%,+10.3%,+21.2%
DGX,Extended,Healthcare providers,Health Care,Health Care Equipment & Servic,Adj,Dec,EPS,CY2026,,,,,,,,10.242,,10.524,+2.8%,10.615,+0.9%,10.511,-1.0%,10.513,+0.0%,10.384,-1.2%,10.384,+0.0%,10.63,+2.4%,198.96,18.7,+1.1%,+14.7%,+10.3%,+21.2%
DGX,Extended,Healthcare providers,Health Care,Health Care Equipment & Servic,Adj,Dec,EPS,CY2027,,,,,,,,11.14,,11.45,+2.8%,11.62,+1.5%,11.375,-2.1%,11.378,+0.0%,11.248,-1.1%,11.307,+0.5%,11.486,+1.6%,198.96,17.3,+1.0%,+14.7%,+10.3%,+21.2%
DGX,Extended,Healthcare providers,Health Care,Health Care Equipment & Servic,Adj,Dec,EPS,CY2028,,,,,,,,12.04,,12.51,+3.9%,12.76,+2.0%,12.65,-0.9%,12.588,-0.5%,12.618,+0.2%,12.63,+0.1%,12.586,-0.3%,198.96,15.8,-0.5%,+14.7%,+10.3%,+21.2%
IDXX,Extended,Healthcare providers,Health Care,Health Care Equipment & Servic,Adj,Dec,EPS,CY2025,,,,,,,,12.547,,12.208,-2.7%,11.985,-1.8%,11.989,+0.0%,12.185,+1.6%,12.596,+3.4%,12.92,+2.6%,12.901,-0.1%,577.44,44.8,+7.6%,-14.6%,-18.3%,+46.7%
IDXX,Extended,Healthcare providers,Health Care,Health Care Equipment & Servic,Adj,Dec,EPS,CY2026,,,,,,,,14.288,,13.812,-3.3%,13.466,-2.5%,13.559,+0.7%,13.698,+1.0%,14.144,+3.3%,14.509,+2.6%,14.543,+0.2%,577.44,39.7,+7.3%,-14.6%,-18.3%,+46.7%
IDXX,Extended,Healthcare providers,Health Care,Health Care Equipment & Servic,Adj,Dec,EPS,CY2027,,,,,,,,16.07,,15.524,-3.4%,15.183,-2.2%,15.25,+0.4%,15.396,+1.0%,15.95,+3.6%,16.51,+3.5%,16.396,-0.7%,577.44,35.2,+7.5%,-14.6%,-18.3%,+46.7%
IDXX,Extended,Healthcare providers,Health Care,Health Care Equipment & Servic,Adj,Dec,EPS,CY2028,,,,,,,,17.765,,16.967,-4.5%,16.808,-0.9%,17.036,+1.4%,17.25,+1.3%,18.04,+4.6%,18.768,+4.0%,18.597,-0.9%,577.44,31.1,+9.2%,-14.6%,-18.3%,+46.7%
ENSG,Extended,Healthcare providers,Health Care,Health Care Equipment & Servic,Adj,Dec,EPS,CY2025,,,,,,,,5.942,,6.026,+1.4%,6.123,+1.6%,6.239,+1.9%,6.293,+0.9%,6.402,+1.7%,6.503,+1.6%,6.513,+0.2%,197.98,30.4,+4.4%,+13.7%,+10.2%,+53.1%
ENSG,Extended,Healthcare providers,Health Care,Health Care Equipment & Servic,Adj,Dec,EPS,CY2026,,,,,,,,6.595,,6.68,+1.3%,6.8,+1.8%,6.876,+1.1%,6.936,+0.9%,7.132,+2.8%,7.212,+1.1%,7.51,+4.1%,197.98,26.4,+9.2%,+13.7%,+10.2%,+53.1%
ENSG,Extended,Healthcare providers,Health Care,Health Care Equipment & Servic,Adj,Dec,EPS,CY2027,,,,,,,,,,,,,,7.578,,7.632,+0.7%,7.643,+0.1%,7.95,+4.0%,8.15,+2.5%,197.98,24.3,+7.5%,+13.7%,+10.2%,+53.1%
ENSG,Extended,Healthcare providers,Health Care,Health Care Equipment & Servic,Adj,Dec,EPS,CY2028,,,,,,,,,,,,,,,,,,,,8.4,,8.893,+5.9%,197.98,22.3,,+13.7%,+10.2%,+53.1%
MD,Extended,Healthcare providers,Health Care,Health Care Equipment & Servic,Adj,Dec,EPS,CY2025,,,,,,,,1.31,,1.436,+9.6%,1.495,+4.1%,1.538,+2.9%,1.65,+7.3%,1.783,+8.1%,2.075,+16.4%,2.05,-1.2%,21.69,10.6,+33.3%,+1.4%,-2.7%,+60.5%
MD,Extended,Healthcare providers,Health Care,Health Care Equipment & Servic,Adj,Dec,EPS,CY2026,,,,,,,,1.313,,1.516,+15.5%,1.572,+3.7%,1.627,+3.5%,1.719,+5.7%,1.799,+4.7%,2.077,+15.5%,2.209,+6.4%,21.69,9.8,+35.8%,+1.4%,-2.7%,+60.5%
MD,Extended,Healthcare providers,Health Care,Health Care Equipment & Servic,Adj,Dec,EPS,CY2027,,,,,,,,1.23,,1.665,+35.4%,1.39,-16.5%,1.593,+14.6%,1.715,+7.7%,1.813,+5.7%,2.14,+18.0%,2.274,+6.3%,21.69,9.5,+42.7%,+1.4%,-2.7%,+60.5%
MD,Extended,Healthcare providers,Health Care,Health Care Equipment & Servic,Adj,Dec,EPS,CY2028,,,,,,,,,,2.1,,,,1.35,-35.7%,1.59,+17.8%,1.77,+11.3%,2.13,+20.3%,2.17,+1.9%,21.69,10.0,+60.7%,+1.4%,-2.7%,+60.5%
AMN,Extended,Healthcare providers,Health Care,Health Care Equipment & Servic,Adj,Dec,EPS,CY2025,,,,,,,,3.846,,3.213,-16.5%,1.633,-49.2%,1.019,-37.6%,1.116,+9.5%,1.144,+2.5%,1.408,+23.1%,1.372,-2.6%,18.56,13.5,+34.6%,+17.8%,+18.2%,-8.9%
AMN,Extended,Healthcare providers,Health Care,Health Care Equipment & Servic,Adj,Dec,EPS,CY2026,,,,,,,,4.737,,3.633,-23.3%,2.438,-32.9%,1.656,-32.1%,1.394,-15.8%,1.054,-24.4%,0.746,-29.2%,2.044,+174.0%,18.56,9.1,+23.4%,+17.8%,+18.2%,-8.9%
AMN,Extended,Healthcare providers,Health Care,Health Care Equipment & Servic,Adj,Dec,EPS,CY2027,,,,,,,,5.465,,4.3,-21.3%,2.98,-30.7%,2.29,-23.2%,1.833,-20.0%,1.567,-14.5%,1.188,-24.2%,1.071,-9.8%,18.56,17.3,-53.2%,+17.8%,+18.2%,-8.9%
AMN,Extended,Healthcare providers,Health Care,Health Care Equipment & Servic,Adj,Dec,EPS,CY2028,,,,,,,,6.49,,5.25,-19.1%,3.88,-26.1%,3.19,-17.8%,3.19,+0.0%,2.06,-35.4%,1.67,-18.9%,1.275,-23.7%,18.56,14.6,-60.0%,+17.8%,+18.2%,-8.9%
CCRN,Extended,Healthcare providers,Health Care,Health Care Equipment & Servic,Adj,Dec,EPS,CY2025,,,,,,,,0.952,,0.704,-26.1%,0.553,-21.4%,0.395,-28.6%,0.306,-22.5%,0.157,-48.7%,0.091,-42.0%,0.091,+0.0%,9.52,104.6,-77.0%,+17.5%,+14.0%,-34.4%
CCRN,Extended,Healthcare providers,Health Care,Health Care Equipment & Servic,Adj,Dec,EPS,CY2026,,,,,,,,1.14,,0.85,-25.4%,0.678,-20.2%,0.59,-13.0%,0.424,-28.1%,0.256,-39.6%,0.082,-68.0%,0.109,+32.9%,9.52,87.3,-81.5%,+17.5%,+14.0%,-34.4%
CCRN,Extended,Healthcare providers,Health Care,Health Care Equipment & Servic,Adj,Dec,EPS,CY2027,,,,,,,,,,,,,,0.61,,0.6,-1.6%,0.26,-56.7%,0.088,-66.2%,0.267,+203.4%,9.52,35.7,-56.2%,+17.5%,+14.0%,-34.4%
CCRN,Extended,Healthcare providers,Health Care,Health Care Equipment & Servic,Adj,Dec,EPS,CY2028,,,,,,,,,,,,,,,,,,,,,,0.186,,9.52,51.2,,+17.5%,+14.0%,-34.4%
EVH,Extended,Healthcare providers,Health Care,Health Care Equipment & Servic,Adj,Dec,EPS,CY2025,,,,,,,,1.63,,1.637,+0.4%,1.011,-38.2%,0.42,-58.5%,0.299,-28.8%,0.213,-28.8%,0.082,-61.5%,0.073,-11.0%,2.31,31.6,-82.6%,-42.2%,-42.5%,-76.9%
EVH,Extended,Healthcare providers,Health Care,Health Care Equipment & Servic,Adj,Dec,EPS,CY2026,,,,,,,,1.889,,1.988,+5.2%,1.246,-37.3%,0.513,-58.8%,0.536,+4.5%,0.579,+8.0%,0.353,-39.0%,0.112,-68.3%,2.31,20.6,-78.2%,-42.2%,-42.5%,-76.9%
EVH,Extended,Healthcare providers,Health Care,Health Care Equipment & Servic,Adj,Dec,EPS,CY2027,,,,,,,,2.313,,2.16,-6.6%,1.785,-17.4%,0.87,-51.3%,0.768,-11.7%,0.816,+6.2%,0.543,-33.5%,0.398,-26.7%,2.31,5.8,-54.3%,-42.2%,-42.5%,-76.9%
EVH,Extended,Healthcare providers,Health Care,Health Care Equipment & Servic,Adj,Dec,EPS,CY2028,,,,,,,,2.93,,2.783,-5.0%,2.255,-19.0%,0.847,-62.4%,0.91,+7.4%,1.117,+22.7%,0.747,-33.1%,0.559,-25.2%,2.31,4.1,-34.0%,-42.2%,-42.5%,-76.9%
HUM,Extended,Managed Care,Health Care,Health Care Equipment & Servic,Adj,Dec,EPS,CY2025,,,,,,,,20.277,,19.92,-1.8%,16.987,-14.7%,16.362,-3.7%,16.36,-0.0%,17.054,+4.2%,17.043,-0.1%,17.064,+0.1%,182.65,10.7,+4.3%,-28.7%,-34.7%,-28.0%
HUM,Extended,Managed Care,Health Care,Health Care Equipment & Servic,Adj,Dec,EPS,CY2026,,,,,,,,25.819,,25.878,+0.2%,14.901,-42.4%,13.697,-8.1%,13.881,+1.3%,13.5,-2.7%,12.106,-10.3%,9.136,-24.5%,182.65,20.0,-33.3%,-28.7%,-34.7%,-28.0%
HUM,Extended,Managed Care,Health Care,Health Care Equipment & Servic,Adj,Dec,EPS,CY2027,,,,,,,,33.255,,33.78,+1.6%,22.735,-32.7%,21.216,-6.7%,21.492,+1.3%,21.385,-0.5%,19.261,-9.9%,15.095,-21.6%,182.65,12.1,-28.9%,-28.7%,-34.7%,-28.0%
HUM,Extended,Managed Care,Health Care,Health Care Equipment & Servic,Adj,Dec,EPS,CY2028,,,,,,,,40.903,,41.903,+2.4%,33.213,-20.7%,34.028,+2.5%,33.103,-2.7%,32.698,-1.2%,33.221,+1.6%,24.238,-27.0%,182.65,7.5,-28.8%,-28.7%,-34.7%,-28.0%
ALHC,Extended,Managed Care,Health Care,Health Care Equipment & Servic,Adj,Dec,EPS,CY2025,,,,,,,,-0.388,,-0.383,+1.3%,-0.367,+4.2%,-0.331,+9.8%,-0.245,+26.0%,-0.191,+22.0%,-0.05,+73.8%,-0.103,-106.0%,18.67,-181.3,+68.9%,-5.5%,-12.3%,+3.1%
ALHC,Extended,Managed Care,Health Care,Health Care Equipment & Servic,Adj,Dec,EPS,CY2026,,,,,,,,-0.238,,-0.222,+6.7%,-0.191,+14.0%,-0.138,+27.7%,0.001,+100.7%,0.126,+12500.0%,0.183,+45.2%,0.215,+17.5%,18.67,86.8,+255.8%,-5.5%,-12.3%,+3.1%
ALHC,Extended,Managed Care,Health Care,Health Care Equipment & Servic,Adj,Dec,EPS,CY2027,,,,,,,,0.157,,0.333,+112.1%,0.243,-27.0%,0.038,-84.4%,0.298,+684.2%,0.46,+54.4%,0.519,+12.8%,0.451,-13.1%,18.67,41.4,+1086.8%,-5.5%,-12.3%,+3.1%
ALHC,Extended,Managed Care,Health Care,Health Care Equipment & Servic,Adj,Dec,EPS,CY2028,,,,,,,,0.44,,0.7,+59.1%,0.81,+15.7%,0.685,-15.4%,1.085,+58.4%,0.97,-10.6%,0.703,-27.5%,0.723,+2.8%,18.67,25.8,+5.5%,-5.5%,-12.3%,+3.1%
CNC,Extended,Managed Care,Health Care,Health Care Equipment & Servic,Adj,Dec,EPS,CY2025,,,,,,,,7.6,,7.359,-3.2%,7.181,-2.4%,7.3,+1.7%,7.301,+0.0%,1.644,-77.5%,2.032,+23.6%,2.036,+0.2%,35.4,17.4,-72.1%,-14.0%,-22.6%,-42.8%
CNC,Extended,Managed Care,Health Care,Health Care Equipment & Servic,Adj,Dec,EPS,CY2026,,,,,,,,8.599,,8.142,-5.3%,7.904,-2.9%,7.892,-0.2%,7.912,+0.3%,3.177,-59.8%,2.837,-10.7%,2.995,+5.6%,35.4,11.8,-62.1%,-14.0%,-22.6%,-42.8%
CNC,Extended,Managed Care,Health Care,Health Care Equipment & Servic,Adj,Dec,EPS,CY2027,,,,,,,,10.316,,9.414,-8.7%,9.383,-0.3%,9.289,-1.0%,9.092,-2.1%,4.447,-51.1%,4.045,-9.0%,3.968,-1.9%,35.4,8.9,-57.3%,-14.0%,-22.6%,-42.8%
CNC,Extended,Managed Care,Health Care,Health Care Equipment & Servic,Adj,Dec,EPS,CY2028,,,,,,,,11.123,,10.727,-3.6%,10.543,-1.7%,11.247,+6.7%,10.827,-3.7%,5.715,-47.2%,5.732,+0.3%,5.555,-3.1%,35.4,6.4,-50.6%,-14.0%,-22.6%,-42.8%
MOH,Extended,Managed Care,Health Care,Health Care Equipment & Servic,Adj,Dec,EPS,CY2025,,,,,,,,26.805,,26.553,-0.9%,26.106,-1.7%,24.453,-6.3%,24.474,+0.1%,18.669,-23.7%,13.931,-25.4%,13.93,-0.0%,143.36,10.3,-43.0%,-17.4%,-22.4%,-58.7%
MOH,Extended,Managed Care,Health Care,Health Care Equipment & Servic,Adj,Dec,EPS,CY2026,,,,,,,,30.538,,30.153,-1.3%,29.23,-3.1%,28.126,-3.8%,28.327,+0.7%,19.473,-31.3%,13.751,-29.4%,5.042,-63.3%,143.36,28.4,-82.1%,-17.4%,-22.4%,-58.7%
MOH,Extended,Managed Care,Health Care,Health Care Equipment & Servic,Adj,Dec,EPS,CY2027,,,,,,,,34.677,,32.84,-5.3%,32.93,+0.3%,32.076,-2.6%,32.586,+1.6%,23.114,-29.1%,16.159,-30.1%,8.204,-49.2%,143.36,17.5,-74.4%,-17.4%,-22.4%,-58.7%
MOH,Extended,Managed Care,Health Care,Health Care Equipment & Servic,Adj,Dec,EPS,CY2028,,,,,,,,38.485,,36.965,-3.9%,36.72,-0.7%,37.35,+1.7%,37.978,+1.7%,29.52,-22.3%,23.424,-20.7%,12.665,-45.9%,143.36,11.3,-66.1%,-17.4%,-22.4%,-58.7%
IQV,Extended,Clinical Labs,Health Care,"Pharmaceuticals, Biotechnology",Adj,Dec,EPS,CY2025,,,,,,,,12.4,,12.454,+0.4%,11.913,-4.3%,11.876,-0.3%,11.832,-0.4%,11.864,+0.3%,11.89,+0.2%,11.895,+0.0%,170.72,14.4,+0.2%,-24.3%,-29.0%,+10.3%
IQV,Extended,Clinical Labs,Health Care,"Pharmaceuticals, Biotechnology",Adj,Dec,EPS,CY2026,,,,,,,,14.009,,13.994,-0.1%,13.257,-5.3%,13.24,-0.1%,12.995,-1.9%,12.896,-0.8%,12.952,+0.4%,12.706,-1.9%,170.72,13.4,-4.0%,-24.3%,-29.0%,+10.3%
IQV,Extended,Clinical Labs,Health Care,"Pharmaceuticals, Biotechnology",Adj,Dec,EPS,CY2027,,,,,,,,15.464,,15.65,+1.2%,14.794,-5.5%,14.765,-0.2%,14.486,-1.9%,14.34,-1.0%,14.387,+0.3%,14.072,-2.2%,170.72,12.1,-4.7%,-24.3%,-29.0%,+10.3%
IQV,Extended,Clinical Labs,Health Care,"Pharmaceuticals, Biotechnology",Adj,Dec,EPS,CY2028,,,,,,,,17.613,,17.708,+0.5%,16.517,-6.7%,17.067,+3.3%,16.869,-1.2%,16.295,-3.4%,16.183,-0.7%,15.75,-2.7%,170.72,10.8,-7.7%,-24.3%,-29.0%,+10.3%
ICLR,Extended,Clinical Labs,Health Care,"Pharmaceuticals, Biotechnology",Adj,Dec,EPS,CY2025,,,,,,,,17.369,,17.286,-0.5%,14.916,-13.7%,13.907,-6.8%,13.268,-4.6%,13.246,-0.2%,13.077,-1.3%,12.962,-0.9%,109.62,8.5,-6.8%,-39.8%,-45.6%,-28.7%
ICLR,Extended,Clinical Labs,Health Care,"Pharmaceuticals, Biotechnology",Adj,Dec,EPS,CY2026,,,,,,,,19.558,,19.384,-0.9%,16.736,-13.7%,15.634,-6.6%,14.253,-8.8%,14.085,-1.2%,13.333,-5.3%,12.289,-7.8%,109.62,8.9,-21.4%,-39.8%,-45.6%,-28.7%
ICLR,Extended,Clinical Labs,Health Care,"Pharmaceuticals, Biotechnology",Adj,Dec,EPS,CY2027,,,,,,,,21.636,,21.255,-1.8%,18.514,-12.9%,17.482,-5.6%,15.739,-10.0%,15.607,-0.8%,14.694,-5.8%,13.364,-9.1%,109.62,8.2,-23.6%,-39.8%,-45.6%,-28.7%
ICLR,Extended,Clinical Labs,Health Care,"Pharmaceuticals, Biotechnology",Adj,Dec,EPS,CY2028,,,,,,,,23.586,,22.673,-3.9%,20.316,-10.4%,19.551,-3.8%,17.127,-12.4%,17.448,+1.9%,16.421,-5.9%,15.124,-7.9%,109.62,7.2,-22.6%,-39.8%,-45.6%,-28.7%
MEDP,Extended,Clinical Labs,Health Care,"Pharmaceuticals, Biotechnology",Adj,Dec,EPS,CY2025,,,,,,,,13.151,,12.98,-1.3%,12.769,-1.6%,12.39,-3.0%,12.738,+2.8%,14.202,+11.5%,14.791,+4.1%,14.79,-0.0%,496.0,33.5,+19.4%,-11.7%,-18.5%,+72.8%
MEDP,Extended,Clinical Labs,Health Care,"Pharmaceuticals, Biotechnology",Adj,Dec,EPS,CY2026,,,,,,,,15.44,,14.977,-3.0%,14.616,-2.4%,13.758,-5.9%,13.368,-2.8%,15.539,+16.2%,16.418,+5.7%,17.055,+3.9%,496.0,29.1,+24.0%,-11.7%,-18.5%,+72.8%
MEDP,Extended,Clinical Labs,Health Care,"Pharmaceuticals, Biotechnology",Adj,Dec,EPS,CY2027,,,,,,,,17.593,,16.56,-5.9%,16.848,+1.7%,15.701,-6.8%,14.614,-6.9%,17.201,+17.7%,18.286,+6.3%,18.982,+3.8%,496.0,26.1,+20.9%,-11.7%,-18.5%,+72.8%
MEDP,Extended,Clinical Labs,Health Care,"Pharmaceuticals, Biotechnology",Adj,Dec,EPS,CY2028,,,,,,,,20.67,,18.87,-8.7%,18.35,-2.8%,17.04,-7.1%,16.928,-0.7%,18.936,+11.9%,20.403,+7.7%,21.118,+3.5%,496.0,23.5,+23.9%,-11.7%,-18.5%,+72.8%
CRL,Extended,Clinical Labs,Health Care,"Pharmaceuticals, Biotechnology",Adj,Dec,EPS,CY2025,,,,,,,,12.346,,10.72,-13.2%,10.239,-4.5%,9.372,-8.5%,9.648,+2.9%,10.19,+5.6%,10.239,+0.5%,10.245,+0.1%,168.22,16.4,+9.3%,-15.7%,-22.2%,+22.9%
CRL,Extended,Clinical Labs,Health Care,"Pharmaceuticals, Biotechnology",Adj,Dec,EPS,CY2026,,,,,,,,13.866,,12.204,-12.0%,11.508,-5.7%,10.279,-10.7%,10.325,+0.4%,10.449,+1.2%,10.981,+5.1%,11.062,+0.7%,168.22,15.2,+7.6%,-15.7%,-22.2%,+22.9%
CRL,Extended,Clinical Labs,Health Care,"Pharmaceuticals, Biotechnology",Adj,Dec,EPS,CY2027,,,,,,,,15.478,,13.745,-11.2%,12.981,-5.6%,11.453,-11.8%,11.154,-2.6%,11.273,+1.1%,11.566,+2.6%,12.133,+4.9%,168.22,13.9,+5.9%,-15.7%,-22.2%,+22.9%
CRL,Extended,Clinical Labs,Health Care,"Pharmaceuticals, Biotechnology",Adj,Dec,EPS,CY2028,,,,,,,,17.235,,15.465,-10.3%,14.786,-4.4%,13.096,-11.4%,12.313,-6.0%,12.028,-2.3%,12.503,+3.9%,13.255,+6.0%,168.22,12.7,+1.2%,-15.7%,-22.2%,+22.9%
EHTH,Extended,Clinical Labs,Financials,Insurance,Adj,Dec,EPS,CY2025,,,,,,,,0.003,,0.004,+33.3%,0.468,+11600.0%,0.643,+37.4%,0.535,-16.8%,0.958,+79.1%,1.173,+22.4%,,,1.34,1.1,+150.6%,-70.9%,-68.2%,-77.2%
EHTH,Extended,Clinical Labs,Financials,Insurance,Adj,Dec,EPS,CY2026,,,,,,,,0.38,,-0.8,-310.5%,1.207,+250.9%,0.865,-28.3%,0.695,-19.7%,0.818,+17.7%,0.778,-4.9%,0.136,-82.5%,1.34,9.9,-84.3%,-70.9%,-68.2%,-77.2%
EHTH,Extended,Clinical Labs,Financials,Insurance,Adj,Dec,EPS,CY2027,,,,,,,,,,,,,,0.43,,0.63,+46.5%,0.85,+34.9%,1.627,+91.4%,0.402,-75.3%,1.34,3.3,-6.5%,-70.9%,-68.2%,-77.2%
EHTH,Extended,Clinical Labs,Financials,Insurance,Adj,Dec,EPS,CY2028,,,,,,,,,,,,,,,,,,,,2.04,,0.485,-76.2%,1.34,2.8,,-70.9%,-68.2%,-77.2%
TMUS,Extended,Cable / Telco,Communication Services,Telecommunication Services,GAAP,Dec,EPS,CY2025,,,,,,,,11.094,,10.947,-1.3%,10.7,-2.3%,10.727,+0.3%,10.749,+0.2%,10.691,-0.5%,10.019,-6.3%,9.923,-1.0%,198.61,20.0,-7.5%,-2.2%,+0.0%,-20.0%
TMUS,Extended,Cable / Telco,Communication Services,Telecommunication Services,GAAP,Dec,EPS,CY2026,,,,,,,,13.121,,12.998,-0.9%,12.726,-2.1%,12.88,+1.2%,12.727,-1.2%,12.695,-0.3%,11.685,-8.0%,10.338,-11.5%,198.61,19.2,-19.7%,-2.2%,+0.0%,-20.0%
TMUS,Extended,Cable / Telco,Communication Services,Telecommunication Services,GAAP,Dec,EPS,CY2027,,,,,,,,15.366,,15.259,-0.7%,14.936,-2.1%,15.168,+1.6%,14.902,-1.8%,15.082,+1.2%,14.639,-2.9%,13.172,-10.0%,198.61,15.1,-13.2%,-2.2%,+0.0%,-20.0%
TMUS,Extended,Cable / Telco,Communication Services,Telecommunication Services,GAAP,Dec,EPS,CY2028,,,,,,,,17.808,,17.988,+1.0%,17.141,-4.7%,17.214,+0.4%,17.199,-0.1%,17.531,+1.9%,17.257,-1.6%,16.202,-6.1%,198.61,12.3,-5.9%,-2.2%,+0.0%,-20.0%
VZ,Extended,Cable / Telco,Communication Services,Telecommunication Services,GAAP,Dec,EPS,CY2025,,,,,,,,4.624,,4.622,-0.0%,4.652,+0.6%,4.605,-1.0%,4.61,+0.1%,4.627,+0.4%,4.533,-2.0%,4.462,-1.6%,49.15,11.0,-3.1%,+20.7%,+22.0%,+14.2%
VZ,Extended,Cable / Telco,Communication Services,Telecommunication Services,GAAP,Dec,EPS,CY2026,,,,,,,,4.77,,4.796,+0.5%,4.777,-0.4%,4.764,-0.3%,4.773,+0.2%,4.819,+1.0%,4.766,-1.1%,4.798,+0.7%,49.15,10.2,+0.7%,+20.7%,+22.0%,+14.2%
VZ,Extended,Cable / Telco,Communication Services,Telecommunication Services,GAAP,Dec,EPS,CY2027,,,,,,,,4.861,,4.939,+1.6%,4.922,-0.3%,4.964,+0.9%,4.967,+0.1%,4.989,+0.4%,4.952,-0.7%,5.14,+3.8%,49.15,9.6,+3.5%,+20.7%,+22.0%,+14.2%
VZ,Extended,Cable / Telco,Communication Services,Telecommunication Services,GAAP,Dec,EPS,CY2028,,,,,,,,4.97,,5.044,+1.5%,5.167,+2.4%,5.15,-0.3%,5.146,-0.1%,5.203,+1.1%,5.176,-0.5%,5.66,+9.4%,49.15,8.7,+9.9%,+20.7%,+22.0%,+14.2%
T,Extended,Cable / Telco,Communication Services,Telecommunication Services,Adj,Dec,EPS,CY2025,,,,,,,,2.262,,2.268,+0.3%,2.155,-5.0%,2.134,-1.0%,2.098,-1.7%,2.069,-1.4%,2.057,-0.6%,2.054,-0.1%,28.32,13.8,-3.7%,+14.0%,+16.4%,+6.3%
T,Extended,Cable / Telco,Communication Services,Telecommunication Services,Adj,Dec,EPS,CY2026,,,,,,,,2.335,,2.349,+0.6%,2.246,-4.4%,2.264,+0.8%,2.253,-0.5%,2.226,-1.2%,2.233,+0.3%,2.286,+2.4%,28.32,12.4,+1.0%,+14.0%,+16.4%,+6.3%
T,Extended,Cable / Telco,Communication Services,Telecommunication Services,Adj,Dec,EPS,CY2027,,,,,,,,2.403,,2.452,+2.0%,2.433,-0.8%,2.536,+4.2%,2.517,-0.7%,2.491,-1.0%,2.482,-0.4%,2.533,+2.1%,28.32,11.2,-0.1%,+14.0%,+16.4%,+6.3%
T,Extended,Cable / Telco,Communication Services,Telecommunication Services,Adj,Dec,EPS,CY2028,,,,,,,,2.374,,2.61,+9.9%,2.55,-2.3%,2.778,+8.9%,2.702,-2.7%,2.642,-2.2%,2.737,+3.6%,2.88,+5.2%,28.32,9.8,+3.7%,+14.0%,+16.4%,+6.3%
CABO,Extended,Cable / Telco,Communication Services,Media & Entertainment,Adj,Dec,EPS,CY2025,,,,,,,,39.569,,39.154,-1.0%,37.719,-3.7%,34.357,-8.9%,18.902,-45.0%,-24.617,-230.2%,-49.42,-100.8%,-23.302,+52.8%,96.37,-4.1,-167.8%,-14.6%,-7.3%,-62.2%
CABO,Extended,Cable / Telco,Communication Services,Media & Entertainment,Adj,Dec,EPS,CY2026,,,,,,,,39.22,,39.295,+0.2%,36.565,-6.9%,32.653,-10.7%,29.269,-10.4%,25.79,-11.9%,20.513,-20.5%,21.69,+5.7%,96.37,4.4,-33.6%,-14.6%,-7.3%,-62.2%
CABO,Extended,Cable / Telco,Communication Services,Media & Entertainment,Adj,Dec,EPS,CY2027,,,,,,,,42.528,,42.278,-0.6%,39.705,-6.1%,36.994,-6.8%,32.758,-11.5%,27.33,-16.6%,26.277,-3.9%,27.377,+4.2%,96.37,3.5,-26.0%,-14.6%,-7.3%,-62.2%
CABO,Extended,Cable / Telco,Communication Services,Media & Entertainment,Adj,Dec,EPS,CY2028,,,,,,,,45.573,,45.653,+0.2%,43.047,-5.7%,39.818,-7.5%,35.797,-10.1%,31.99,-10.6%,27.612,-13.7%,27.57,-0.2%,96.37,3.5,-30.8%,-14.6%,-7.3%,-62.2%
LBRDK,Extended,Cable / Telco,Communication Services,Media & Entertainment,Adj,Dec,EPS,CY2025,,,,,,,,6.988,,7.756,+11.0%,8.11,+4.6%,6.983,-13.9%,5.94,-14.9%,6.185,+4.1%,6.235,+0.8%,,,51.32,8.2,-23.1%,+5.6%,+4.6%,-28.9%
LBRDK,Extended,Cable / Telco,Communication Services,Media & Entertainment,Adj,Dec,EPS,CY2026,,,,,,,,7.985,,9.803,+22.8%,8.89,-9.3%,7.963,-10.4%,6.89,-13.5%,7.085,+2.8%,7.2,+1.6%,8.57,+19.0%,51.32,6.0,+7.6%,+5.6%,+4.6%,-28.9%
LBRDK,Extended,Cable / Telco,Communication Services,Media & Entertainment,Adj,Dec,EPS,CY2027,,,,,,,,6.105,,7.807,+27.9%,8.51,+9.0%,8.86,+4.1%,7.423,-16.2%,7.86,+5.9%,8.48,+7.9%,10.16,+19.8%,51.32,5.1,+14.7%,+5.6%,+4.6%,-28.9%
LBRDK,Extended,Cable / Telco,Communication Services,Media & Entertainment,Adj,Dec,EPS,CY2028,,,,,,,,6.51,,8.395,+29.0%,9.925,+18.2%,9.925,+0.0%,6.13,-38.2%,5.97,-2.6%,6.92,+15.9%,11.17,+61.4%,51.32,4.6,+12.5%,+5.6%,+4.6%,-28.9%
VOD,Extended,Cable / Telco,Communication Services,Telecommunication Services,Adj,Mar,EPS,CY2025,,,,,,,,0.975,,1.04,+6.7%,0.964,-7.3%,0.964,+0.0%,0.91,-5.6%,0.884,-2.9%,0.91,+2.9%,0.931,+2.3%,15.14,16.3,-3.4%,+14.6%,+11.9%,+78.1%
VOD,Extended,Cable / Telco,Communication Services,Telecommunication Services,Adj,Mar,EPS,CY2026,,,,,,,,1.1,,1.217,+10.6%,1.056,-13.2%,1.043,-1.2%,0.964,-7.6%,0.994,+3.1%,1.044,+5.0%,1.08,+3.4%,15.14,14.0,+3.5%,+14.6%,+11.9%,+78.1%
VOD,Extended,Cable / Telco,Communication Services,Telecommunication Services,Adj,Mar,EPS,CY2027,,,,,,,,1.3,,1.35,+3.8%,1.133,-16.1%,1.04,-8.2%,1.071,+3.0%,1.091,+1.9%,1.2,+10.0%,1.267,+5.6%,15.14,11.9,+21.8%,+14.6%,+11.9%,+78.1%
VOD,Extended,Cable / Telco,Communication Services,Telecommunication Services,Adj,Mar,EPS,CY2028,,,,,,,,1.35,,1.45,+7.4%,1.16,-20.0%,1.1,-5.2%,1.1,+0.0%,1.133,+3.0%,1.4,+23.6%,1.514,+8.1%,15.14,10.0,+37.6%,+14.6%,+11.9%,+78.1%
DTE,Extended,Cable / Telco,Communication Services,Telecommunication Services,Adj,Dec,EPS,CY2025,,,,,,,,2.023,,1.978,-2.2%,2.015,+1.9%,2.073,+2.9%,2.004,-3.3%,2.003,-0.0%,2.02,+0.8%,2.029,+0.4%,30.77,15.2,-2.1%,+11.2%,+12.7%,-1.8%
DTE,Extended,Cable / Telco,Communication Services,Telecommunication Services,Adj,Dec,EPS,CY2026,,,,,,,,2.288,,2.23,-2.5%,2.348,+5.3%,2.392,+1.9%,2.277,-4.8%,2.21,-2.9%,2.238,+1.3%,2.217,-0.9%,30.77,13.9,-7.3%,+11.2%,+12.7%,-1.8%
DTE,Extended,Cable / Telco,Communication Services,Telecommunication Services,Adj,Dec,EPS,CY2027,,,,,,,,2.394,,2.363,-1.3%,2.579,+9.1%,2.683,+4.0%,2.497,-6.9%,2.453,-1.8%,2.487,+1.4%,2.524,+1.5%,30.77,12.2,-5.9%,+11.2%,+12.7%,-1.8%
DTE,Extended,Cable / Telco,Communication Services,Telecommunication Services,Adj,Dec,EPS,CY2028,,,,,,,,2.722,,2.748,+1.0%,2.776,+1.0%,2.996,+7.9%,2.695,-10.0%,2.493,-7.5%,2.718,+9.0%,2.777,+2.2%,30.77,11.1,-7.3%,+11.2%,+12.7%,-1.8%
TEF,Extended,Cable / Telco,Communication Services,Telecommunication Services,Adj,Dec,EPS,CY2025,,,,,,,,0.357,,0.343,-3.9%,0.333,-2.9%,0.314,-5.7%,0.317,+1.0%,0.308,-2.8%,0.317,+2.9%,0.29,-8.5%,3.854,13.3,-7.6%,+10.3%,+10.6%,-6.0%
TEF,Extended,Cable / Telco,Communication Services,Telecommunication Services,Adj,Dec,EPS,CY2026,,,,,,,,0.37,,0.37,+0.0%,0.349,-5.7%,0.337,-3.4%,0.346,+2.7%,0.365,+5.5%,0.354,-3.0%,0.363,+2.5%,3.854,10.6,+7.7%,+10.3%,+10.6%,-6.0%
TEF,Extended,Cable / Telco,Communication Services,Telecommunication Services,Adj,Dec,EPS,CY2027,,,,,,,,0.265,,0.16,-39.6%,0.367,+129.4%,0.432,+17.7%,0.371,-14.1%,0.398,+7.3%,0.377,-5.3%,0.39,+3.4%,3.854,9.9,-9.7%,+10.3%,+10.6%,-6.0%
TEF,Extended,Cable / Telco,Communication Services,Telecommunication Services,Adj,Dec,EPS,CY2028,,,,,,,,2.82,,2.72,-3.5%,0.66,-75.7%,1.26,+90.9%,0.39,-69.0%,0.473,+21.3%,0.436,-7.8%,0.45,+3.2%,3.854,8.6,-64.3%,+10.3%,+10.6%,-6.0%
GOOGL,Extended,Internet,Communication Services,Media & Entertainment,GAAP,Dec,EPS,CY2025,,,,,,,,8.608,,8.769,+1.9%,9.007,+2.7%,8.951,-0.6%,9.585,+7.1%,9.906,+3.3%,10.589,+6.9%,10.598,+0.1%,299.99,28.3,+18.4%,-4.2%,-4.6%,+106.0%
GOOGL,Extended,Internet,Communication Services,Media & Entertainment,GAAP,Dec,EPS,CY2026,,,,,,,,9.803,,10.001,+2.0%,10.215,+2.1%,10.232,+0.2%,10.192,-0.4%,10.706,+5.0%,11.208,+4.7%,11.621,+3.7%,299.99,25.8,+13.6%,-4.2%,-4.6%,+106.0%
GOOGL,Extended,Internet,Communication Services,Media & Entertainment,GAAP,Dec,EPS,CY2027,,,,,,,,11.357,,11.513,+1.4%,11.61,+0.8%,12.23,+5.3%,11.534,-5.7%,12.203,+5.8%,13.42,+10.0%,13.561,+1.1%,299.99,22.1,+10.9%,-4.2%,-4.6%,+106.0%
GOOGL,Extended,Internet,Communication Services,Media & Entertainment,GAAP,Dec,EPS,CY2028,,,,,,,,12.969,,13.086,+0.9%,13.278,+1.5%,13.175,-0.8%,13.316,+1.1%,14.039,+5.4%,14.628,+4.2%,15.684,+7.2%,299.99,19.1,+19.0%,-4.2%,-4.6%,+106.0%
PINS,Extended,Internet,Communication Services,Media & Entertainment,Adj,Dec,EPS,CY2025,,,,,,,,1.685,,1.76,+4.5%,1.788,+1.6%,1.82,+1.8%,1.814,-0.3%,1.802,-0.7%,1.673,-7.2%,1.659,-0.8%,18.25,11.0,-8.8%,-29.5%,-32.6%,-29.2%
PINS,Extended,Internet,Communication Services,Media & Entertainment,Adj,Dec,EPS,CY2026,,,,,,,,2.246,,2.076,-7.6%,2.154,+3.8%,2.192,+1.8%,2.118,-3.4%,2.07,-2.3%,1.955,-5.6%,1.841,-5.8%,18.25,9.9,-16.0%,-29.5%,-32.6%,-29.2%
PINS,Extended,Internet,Communication Services,Media & Entertainment,Adj,Dec,EPS,CY2027,,,,,,,,2.543,,2.401,-5.6%,2.393,-0.3%,2.689,+12.4%,2.479,-7.8%,2.448,-1.3%,2.25,-8.1%,2.091,-7.1%,18.25,8.7,-22.2%,-29.5%,-32.6%,-29.2%
PINS,Extended,Internet,Communication Services,Media & Entertainment,Adj,Dec,EPS,CY2028,,,,,,,,2.953,,2.853,-3.4%,2.734,-4.2%,3.174,+16.1%,2.886,-9.1%,2.795,-3.2%,2.64,-5.5%,2.402,-9.0%,18.25,7.6,-24.3%,-29.5%,-32.6%,-29.2%
SNAP,Extended,Internet,Communication Services,Media & Entertainment,Adj,Dec,EPS,CY2025,,,,,,,,0.377,,0.376,-0.3%,0.375,-0.3%,0.354,-5.6%,0.278,-21.5%,0.266,-4.3%,0.328,+23.3%,0.329,+0.3%,4.71,14.3,-7.1%,-41.6%,-46.4%,-41.5%
SNAP,Extended,Internet,Communication Services,Media & Entertainment,Adj,Dec,EPS,CY2026,,,,,,,,0.577,,0.577,+0.0%,0.603,+4.5%,0.507,-15.9%,0.383,-24.5%,0.374,-2.3%,0.475,+27.0%,0.44,-7.4%,4.71,10.7,-13.2%,-41.6%,-46.4%,-41.5%
SNAP,Extended,Internet,Communication Services,Media & Entertainment,Adj,Dec,EPS,CY2027,,,,,,,,0.787,,0.813,+3.3%,0.835,+2.7%,0.684,-18.1%,0.548,-19.9%,0.485,-11.5%,0.558,+15.1%,0.613,+9.9%,4.71,7.7,-10.4%,-41.6%,-46.4%,-41.5%
SNAP,Extended,Internet,Communication Services,Media & Entertainment,Adj,Dec,EPS,CY2028,,,,,,,,1.034,,0.948,-8.3%,1.056,+11.4%,0.847,-19.8%,0.72,-15.0%,0.655,-9.0%,0.624,-4.7%,0.652,+4.5%,4.71,7.2,-23.0%,-41.6%,-46.4%,-41.5%
RDDT,Extended,Internet,Communication Services,Media & Entertainment,Adj,Dec,EPS,CY2025,,,,,,,,0.452,,0.997,+120.6%,1.692,+69.7%,2.483,+46.7%,3.15,+26.9%,3.844,+22.0%,4.369,+13.7%,4.37,+0.0%,138.34,31.7,+76.0%,-39.8%,-45.5%,+59.2%
RDDT,Extended,Internet,Communication Services,Media & Entertainment,Adj,Dec,EPS,CY2026,,,,,,,,1.451,,1.721,+18.6%,2.988,+73.6%,3.509,+17.4%,3.886,+10.7%,4.461,+14.8%,5.535,+24.1%,5.084,-8.1%,138.34,27.2,+44.9%,-39.8%,-45.5%,+59.2%
RDDT,Extended,Internet,Communication Services,Media & Entertainment,Adj,Dec,EPS,CY2027,,,,,,,,2.628,,3.223,+22.6%,4.754,+47.5%,4.994,+5.0%,5.028,+0.7%,6.031,+19.9%,7.307,+21.2%,6.721,-8.0%,138.34,20.6,+34.6%,-39.8%,-45.5%,+59.2%
RDDT,Extended,Internet,Communication Services,Media & Entertainment,Adj,Dec,EPS,CY2028,,,,,,,,3.683,,4.003,+8.7%,7.285,+82.0%,6.588,-9.6%,5.944,-9.8%,7.025,+18.2%,10.327,+47.0%,10.998,+6.5%,138.34,12.6,+66.9%,-39.8%,-45.5%,+59.2%
ABNB,Extended,Internet,Consumer Discretionary,Consumer Services,Adj,Dec,EPS,CY2025,,,,,,,,5.366,,4.971,-7.4%,4.401,-11.5%,4.379,-0.5%,4.269,-2.5%,4.246,-0.5%,4.124,-2.9%,4.122,-0.0%,126.81,30.8,-5.9%,-6.6%,-8.1%,+18.9%
ABNB,Extended,Internet,Consumer Discretionary,Consumer Services,Adj,Dec,EPS,CY2026,,,,,,,,6.074,,5.606,-7.7%,5.103,-9.0%,5.034,-1.4%,4.866,-3.3%,4.795,-1.5%,4.829,+0.7%,5.011,+3.8%,126.81,25.3,-0.5%,-6.6%,-8.1%,+18.9%
ABNB,Extended,Internet,Consumer Discretionary,Consumer Services,Adj,Dec,EPS,CY2027,,,,,,,,6.988,,6.432,-8.0%,6.143,-4.5%,5.992,-2.5%,5.681,-5.2%,5.606,-1.3%,5.723,+2.1%,5.82,+1.7%,126.81,21.8,-2.9%,-6.6%,-8.1%,+18.9%
ABNB,Extended,Internet,Consumer Discretionary,Consumer Services,Adj,Dec,EPS,CY2028,,,,,,,,8.307,,7.592,-8.6%,7.33,-3.5%,7.129,-2.7%,6.745,-5.4%,6.683,-0.9%,6.776,+1.4%,6.716,-0.9%,126.81,18.9,-5.8%,-6.6%,-8.1%,+18.9%
EBAY,Extended,Internet,Consumer Discretionary,Consumer Discretionary Distrib,Adj,Dec,EPS,CY2025,,,,,,,,5.026,,5.189,+3.2%,5.193,+0.1%,5.31,+2.3%,5.343,+0.6%,5.459,+2.2%,5.471,+0.2%,5.47,-0.0%,97.705,17.9,+3.0%,+12.2%,+6.8%,+56.6%
EBAY,Extended,Internet,Consumer Discretionary,Consumer Discretionary Distrib,Adj,Dec,EPS,CY2026,,,,,,,,5.473,,5.635,+3.0%,5.606,-0.5%,5.749,+2.6%,5.778,+0.5%,6.006,+3.9%,5.763,-4.0%,6.023,+4.5%,97.705,16.2,+4.8%,+12.2%,+6.8%,+56.6%
EBAY,Extended,Internet,Consumer Discretionary,Consumer Discretionary Distrib,Adj,Dec,EPS,CY2027,,,,,,,,5.836,,5.887,+0.9%,5.944,+1.0%,6.147,+3.4%,6.249,+1.7%,6.603,+5.7%,6.398,-3.1%,6.673,+4.3%,97.705,14.6,+8.6%,+12.2%,+6.8%,+56.6%
EBAY,Extended,Internet,Consumer Discretionary,Consumer Discretionary Distrib,Adj,Dec,EPS,CY2028,,,,,,,,6.45,,6.695,+3.8%,6.548,-2.2%,6.581,+0.5%,6.682,+1.5%,7.163,+7.2%,6.891,-3.8%,7.302,+6.0%,97.705,13.4,+11.0%,+12.2%,+6.8%,+56.6%
TTD,Extended,Internet,Communication Services,Media & Entertainment,Adj,Dec,EPS,CY2025,,,,,,,,1.742,,1.84,+5.6%,1.897,+3.1%,1.644,-13.3%,1.719,+4.6%,1.732,+0.8%,1.773,+2.4%,1.765,-0.5%,22.21,12.6,+7.4%,-41.5%,-44.1%,-52.0%
TTD,Extended,Internet,Communication Services,Media & Entertainment,Adj,Dec,EPS,CY2026,,,,,,,,2.208,,2.344,+6.2%,2.411,+2.9%,2.057,-14.7%,2.128,+3.5%,2.023,-4.9%,2.07,+2.3%,2.045,-1.2%,22.21,10.9,-0.6%,-41.5%,-44.1%,-52.0%
TTD,Extended,Internet,Communication Services,Media & Entertainment,Adj,Dec,EPS,CY2027,,,,,,,,2.885,,2.938,+1.8%,3.071,+4.5%,2.552,-16.9%,2.463,-3.5%,2.328,-5.5%,2.339,+0.5%,2.315,-1.0%,22.21,9.6,-9.3%,-41.5%,-44.1%,-52.0%
TTD,Extended,Internet,Communication Services,Media & Entertainment,Adj,Dec,EPS,CY2028,,,,,,,,3.548,,3.638,+2.5%,3.725,+2.4%,3.098,-16.8%,3.023,-2.4%,2.832,-6.3%,2.766,-2.3%,2.621,-5.2%,22.21,8.5,-15.4%,-41.5%,-44.1%,-52.0%
ROKU,Extended,Internet,Communication Services,Media & Entertainment,Adj,Dec,EPS,CY2025,,,,,,,,-1.118,,-0.891,+20.3%,-0.704,+21.0%,-0.251,+64.3%,-0.182,+27.5%,0.157,+186.3%,0.32,+103.8%,0.33,+3.1%,98.2,297.6,+231.5%,-9.5%,-13.3%,+77.6%
ROKU,Extended,Internet,Communication Services,Media & Entertainment,Adj,Dec,EPS,CY2026,,,,,,,,-0.011,,0.063,+672.7%,0.156,+147.6%,0.658,+321.8%,0.623,-5.3%,0.844,+35.5%,1.215,+44.0%,2.065,+70.0%,98.2,47.6,+213.8%,-9.5%,-13.3%,+77.6%
ROKU,Extended,Internet,Communication Services,Media & Entertainment,Adj,Dec,EPS,CY2027,,,,,,,,0.736,,1.059,+43.9%,1.039,-1.9%,1.789,+72.2%,1.734,-3.1%,1.925,+11.0%,2.271,+18.0%,3.255,+43.3%,98.2,30.2,+81.9%,-9.5%,-13.3%,+77.6%
ROKU,Extended,Internet,Communication Services,Media & Entertainment,Adj,Dec,EPS,CY2028,,,,,,,,2.31,,2.141,-7.3%,1.996,-6.8%,2.669,+33.7%,2.633,-1.3%,3.147,+19.5%,3.437,+9.2%,4.425,+28.7%,98.2,22.2,+65.8%,-9.5%,-13.3%,+77.6%
ETSY,Extended,Internet,Consumer Discretionary,Consumer Discretionary Distrib,Adj,Dec,EPS,CY2025,,,,,,,,4.591,,4.537,-1.2%,4.639,+2.2%,4.526,-2.4%,4.768,+5.3%,4.054,-15.0%,3.999,-1.4%,4.003,+0.1%,54.4,13.6,-11.6%,-1.9%,-11.4%,+22.5%
ETSY,Extended,Internet,Consumer Discretionary,Consumer Discretionary Distrib,Adj,Dec,EPS,CY2026,,,,,,,,4.908,,4.769,-2.8%,4.647,-2.6%,4.944,+6.4%,5.193,+5.0%,4.995,-3.8%,4.597,-8.0%,5.766,+25.4%,54.4,9.4,+16.6%,-1.9%,-11.4%,+22.5%
ETSY,Extended,Internet,Consumer Discretionary,Consumer Discretionary Distrib,Adj,Dec,EPS,CY2027,,,,,,,,5.61,,5.528,-1.5%,4.833,-12.6%,5.191,+7.4%,5.261,+1.3%,5.493,+4.4%,5.701,+3.8%,5.905,+3.6%,54.4,9.2,+13.8%,-1.9%,-11.4%,+22.5%
ETSY,Extended,Internet,Consumer Discretionary,Consumer Discretionary Distrib,Adj,Dec,EPS,CY2028,,,,,,,,6.24,,6.245,+0.1%,5.134,-17.8%,5.992,+16.7%,6.128,+2.3%,6.26,+2.2%,6.476,+3.5%,6.739,+4.1%,54.4,8.1,+12.5%,-1.9%,-11.4%,+22.5%
MTCH,Extended,Internet,Communication Services,Media & Entertainment,Adj,Dec,EPS,CY2025,,,,,,,,2.666,,2.542,-4.7%,2.223,-12.5%,2.203,-0.9%,2.217,+0.6%,2.413,+8.8%,2.239,-7.2%,2.233,-0.3%,32.14,14.4,+1.4%,-0.5%,-1.8%,+11.8%
MTCH,Extended,Internet,Communication Services,Media & Entertainment,Adj,Dec,EPS,CY2026,,,,,,,,2.856,,3.012,+5.5%,2.649,-12.1%,2.589,-2.3%,2.622,+1.3%,2.911,+11.0%,2.78,-4.5%,2.831,+1.8%,32.14,11.4,+9.3%,-0.5%,-1.8%,+11.8%
MTCH,Extended,Internet,Communication Services,Media & Entertainment,Adj,Dec,EPS,CY2027,,,,,,,,3.158,,3.445,+9.1%,3.358,-2.5%,3.101,-7.7%,3.163,+2.0%,3.404,+7.6%,3.311,-2.7%,3.192,-3.6%,32.14,10.1,+2.9%,-0.5%,-1.8%,+11.8%
MTCH,Extended,Internet,Communication Services,Media & Entertainment,Adj,Dec,EPS,CY2028,,,,,,,,3.607,,3.827,+6.1%,3.517,-8.1%,3.35,-4.7%,3.865,+15.4%,3.988,+3.2%,4.08,+2.3%,3.793,-7.0%,32.14,8.5,+13.2%,-0.5%,-1.8%,+11.8%
U,Extended,Internet,Information Technology,Software & Services,Adj,Dec,EPS,CY2025,,,,,,,,1.028,,0.761,-26.0%,0.608,-20.1%,0.423,-30.4%,0.808,+91.0%,0.807,-0.1%,0.822,+1.9%,0.847,+3.0%,21.99,26.0,+100.2%,-50.2%,-51.7%,+30.0%
U,Extended,Internet,Information Technology,Software & Services,Adj,Dec,EPS,CY2026,,,,,,,,1.081,,0.856,-20.8%,0.848,-0.9%,0.796,-6.1%,0.752,-5.5%,0.884,+17.6%,0.937,+6.0%,1.004,+7.2%,21.99,21.9,+26.1%,-50.2%,-51.7%,+30.0%
U,Extended,Internet,Information Technology,Software & Services,Adj,Dec,EPS,CY2027,,,,,,,,3.155,,2.99,-5.2%,1.65,-44.8%,1.538,-6.8%,0.948,-38.4%,1.022,+7.8%,1.205,+17.9%,1.239,+2.8%,21.99,17.7,-19.4%,-50.2%,-51.7%,+30.0%
U,Extended,Internet,Information Technology,Software & Services,Adj,Dec,EPS,CY2028,,,,,,,,4.185,,4.025,-3.8%,4.1,+1.9%,4.11,+0.2%,0.53,-87.1%,1.31,+147.2%,1.36,+3.8%,1.499,+10.2%,21.99,14.7,-63.5%,-50.2%,-51.7%,+30.0%
ZG,Extended,Internet,Real Estate,Real Estate Management & Devel,Adj,Dec,EPS,CY2025,,,,,,,,1.604,,1.774,+10.6%,1.809,+2.0%,1.717,-5.1%,1.622,-5.5%,1.61,-0.7%,1.66,+3.1%,1.662,+0.1%,41.81,25.2,-3.2%,-38.7%,-36.5%,-36.0%
ZG,Extended,Internet,Real Estate,Real Estate Management & Devel,Adj,Dec,EPS,CY2026,,,,,,,,2.197,,2.154,-2.0%,2.28,+5.8%,2.308,+1.2%,2.201,-4.6%,2.156,-2.0%,2.102,-2.5%,2.183,+3.9%,41.81,19.2,-5.4%,-38.7%,-36.5%,-36.0%
ZG,Extended,Internet,Real Estate,Real Estate Management & Devel,Adj,Dec,EPS,CY2027,,,,,,,,3.428,,3.398,-0.9%,3.594,+5.8%,2.966,-17.5%,2.904,-2.1%,2.923,+0.7%,2.75,-5.9%,2.86,+4.0%,41.81,14.6,-3.6%,-38.7%,-36.5%,-36.0%
ZG,Extended,Internet,Real Estate,Real Estate Management & Devel,Adj,Dec,EPS,CY2028,,,,,,,,4.19,,4.245,+1.3%,4.093,-3.6%,4.082,-0.3%,3.95,-3.2%,4.028,+2.0%,3.875,-3.8%,3.689,-4.8%,41.81,11.3,-9.6%,-38.7%,-36.5%,-36.0%
RMV,Extended,Internet,Communication Services,Media & Entertainment,Adj,Dec,EPS,CY2025,,,,,,,,0.292,,0.287,-1.7%,0.289,+0.7%,0.29,+0.3%,0.291,+0.3%,0.288,-1.0%,0.288,+0.0%,0.29,+0.7%,429.2,14.8,+0.0%,-17.4%,-15.3%,-35.0%
RMV,Extended,Internet,Communication Services,Media & Entertainment,Adj,Dec,EPS,CY2026,,,,,,,,0.329,,0.325,-1.2%,0.326,+0.3%,0.326,+0.0%,0.325,-0.3%,0.325,+0.0%,0.309,-4.9%,0.306,-1.0%,429.2,14.0,-6.1%,-17.4%,-15.3%,-35.0%
RMV,Extended,Internet,Communication Services,Media & Entertainment,Adj,Dec,EPS,CY2027,,,,,,,,0.361,,0.366,+1.4%,0.362,-1.1%,0.371,+2.5%,0.369,-0.5%,0.367,-0.5%,0.341,-7.1%,0.341,+0.0%,429.2,12.6,-8.1%,-17.4%,-15.3%,-35.0%
RMV,Extended,Internet,Communication Services,Media & Entertainment,Adj,Dec,EPS,CY2028,,,,,,,,0.41,,0.415,+1.2%,0.412,-0.7%,0.423,+2.7%,0.411,-2.8%,0.409,-0.5%,0.376,-8.1%,0.384,+2.1%,429.2,11.2,-9.2%,-17.4%,-15.3%,-35.0%
YELP,Extended,Internet,Communication Services,Media & Entertainment,Adj,Dec,EPS,CY2025,,,,,,,,2.986,,3.258,+9.1%,3.263,+0.2%,3.012,-7.7%,3.005,-0.2%,3.9,+29.8%,4.008,+2.8%,4.01,+0.0%,25.5,6.4,+33.1%,-16.1%,-16.6%,-28.5%
YELP,Extended,Internet,Communication Services,Media & Entertainment,Adj,Dec,EPS,CY2026,,,,,,,,3.42,,3.952,+15.6%,3.906,-1.2%,3.461,-11.4%,3.364,-2.8%,3.988,+18.5%,3.833,-3.9%,3.042,-20.6%,25.5,8.4,-12.1%,-16.1%,-16.6%,-28.5%
YELP,Extended,Internet,Communication Services,Media & Entertainment,Adj,Dec,EPS,CY2027,,,,,,,,,,,,4.245,,3.989,-6.0%,3.926,-1.6%,4.158,+5.9%,4.342,+4.4%,3.605,-17.0%,25.5,7.1,-9.6%,-16.1%,-16.6%,-28.5%
YELP,Extended,Internet,Communication Services,Media & Entertainment,Adj,Dec,EPS,CY2028,,,,,,,,,,,,,,,,,,,,4.87,,4.64,-4.7%,25.5,5.5,,-16.1%,-16.6%,-28.5%
ANGI,Extended,Internet,Communication Services,Media & Entertainment,Adj,Dec,EPS,CY2025,,,,,,,,0.59,,0.634,+7.5%,0.644,+1.6%,0.713,+10.7%,1.177,+65.1%,1.275,+8.3%,1.157,-9.3%,,,7.02,6.1,+79.7%,-45.7%,-44.5%,-42.5%
ANGI,Extended,Internet,Communication Services,Media & Entertainment,Adj,Dec,EPS,CY2026,,,,,,,,1.433,,1.293,-9.8%,0.995,-23.0%,1.022,+2.7%,1.376,+34.6%,1.646,+19.6%,1.51,-8.3%,,,7.02,4.6,+51.8%,-45.7%,-44.5%,-42.5%
ANGI,Extended,Internet,Communication Services,Media & Entertainment,Adj,Dec,EPS,CY2027,,,,,,,,1.68,,1.855,+10.4%,1.127,-39.2%,2.018,+79.1%,1.675,-17.0%,1.894,+13.1%,1.693,-10.6%,,,7.02,4.1,+50.2%,-45.7%,-44.5%,-42.5%
ANGI,Extended,Internet,Communication Services,Media & Entertainment,Adj,Dec,EPS,CY2028,,,,,,,,2.2,,2.2,+0.0%,1.285,-41.6%,1.475,+14.8%,1.345,-8.8%,2.375,+76.6%,1.54,-35.2%,,,7.02,4.6,+19.8%,-45.7%,-44.5%,-42.5%
TREE,Extended,Internet,Financials,Financial Services,Adj,Dec,EPS,CY2025,,,,,,,,3.506,,3.494,-0.3%,3.704,+6.0%,3.521,-4.9%,4.242,+20.5%,4.266,+0.6%,4.816,+12.9%,4.816,+0.0%,41.62,8.6,+36.8%,-21.6%,-23.2%,-9.4%
TREE,Extended,Internet,Financials,Financial Services,Adj,Dec,EPS,CY2026,,,,,,,,3.497,,4.555,+30.3%,5.556,+22.0%,4.339,-21.9%,4.452,+2.6%,4.783,+7.4%,5.025,+5.1%,5.55,+10.4%,41.62,7.5,+27.9%,-21.6%,-23.2%,-9.4%
TREE,Extended,Internet,Financials,Financial Services,Adj,Dec,EPS,CY2027,,,,,,,,4.085,,4.83,+18.2%,5.015,+3.8%,4.925,-1.8%,4.495,-8.7%,5.457,+21.4%,4.99,-8.6%,6.585,+32.0%,41.62,6.3,+33.7%,-21.6%,-23.2%,-9.4%
TREE,Extended,Internet,Financials,Financial Services,Adj,Dec,EPS,CY2028,,,,,,,,4.645,,5.48,+18.0%,5.82,+6.2%,5.735,-1.5%,5.145,-10.3%,5.03,-2.2%,4.33,-13.9%,5.16,+19.2%,41.62,8.1,-10.0%,-21.6%,-23.2%,-9.4%
XYZ,Extended,Internet,Financials,Financial Services,Adj,Dec,EPS,CY2025,,,,,,,,4.387,,4.467,+1.8%,4.496,+0.6%,3.978,-11.5%,2.69,-32.4%,2.596,-3.5%,2.417,-6.9%,2.412,-0.2%,60.68,25.2,-39.4%,-6.8%,-13.3%,+20.7%
XYZ,Extended,Internet,Financials,Financial Services,Adj,Dec,EPS,CY2026,,,,,,,,5.424,,5.561,+2.5%,5.575,+0.3%,5.022,-9.9%,3.65,-27.3%,3.722,+2.0%,3.339,-10.3%,3.668,+9.9%,60.68,16.5,-27.0%,-6.8%,-13.3%,+20.7%
XYZ,Extended,Internet,Financials,Financial Services,Adj,Dec,EPS,CY2027,,,,,,,,5.91,,6.005,+1.6%,6.33,+5.4%,5.93,-6.3%,4.493,-24.2%,4.612,+2.6%,4.457,-3.4%,4.815,+8.0%,60.68,12.6,-18.8%,-6.8%,-13.3%,+20.7%
XYZ,Extended,Internet,Financials,Financial Services,Adj,Dec,EPS,CY2028,,,,,,,,5.943,,6.077,+2.3%,7.216,+18.7%,7.621,+5.6%,4.951,-35.0%,5.172,+4.5%,5.126,-0.9%,5.918,+15.5%,60.68,10.3,-22.3%,-6.8%,-13.3%,+20.7%
CRTO,Extended,Internet,Communication Services,Media & Entertainment,Adj,Dec,EPS,CY2025,,,,,,,,3.466,,4.241,+22.4%,4.295,+1.3%,4.643,+8.1%,4.421,-4.8%,4.425,+0.1%,4.688,+5.9%,4.695,+0.1%,18.65,4.0,+1.1%,-9.5%,-11.1%,-38.0%
CRTO,Extended,Internet,Communication Services,Media & Entertainment,Adj,Dec,EPS,CY2026,,,,,,,,4.018,,4.64,+15.5%,4.458,-3.9%,4.726,+6.0%,4.466,-5.5%,4.308,-3.5%,4.539,+5.4%,4.288,-5.5%,18.65,4.3,-9.3%,-9.5%,-11.1%,-38.0%
CRTO,Extended,Internet,Communication Services,Media & Entertainment,Adj,Dec,EPS,CY2027,,,,,,,,4.17,,4.67,+12.0%,4.655,-0.3%,5.555,+19.3%,4.908,-11.6%,4.626,-5.7%,5.091,+10.1%,4.742,-6.9%,18.65,3.9,-14.6%,-9.5%,-11.1%,-38.0%
CRTO,Extended,Internet,Communication Services,Media & Entertainment,Adj,Dec,EPS,CY2028,,,,,,,,4.723,,5.19,+9.9%,5.523,+6.4%,6.525,+18.1%,5.435,-16.7%,5.223,-3.9%,5.073,-2.9%,5.746,+13.3%,18.65,3.2,-11.9%,-9.5%,-11.1%,-38.0%
CARS,Extended,Internet,Communication Services,Media & Entertainment,Adj,Dec,EPS,CY2025,,,,,,,,1.962,,1.952,-0.5%,2.012,+3.1%,2.04,+1.4%,1.72,-15.7%,1.785,+3.8%,1.786,+0.1%,1.792,+0.3%,8.92,5.0,-12.2%,-26.9%,-29.1%,-16.8%
CARS,Extended,Internet,Communication Services,Media & Entertainment,Adj,Dec,EPS,CY2026,,,,,,,,1.987,,2.23,+12.2%,2.397,+7.5%,2.465,+2.8%,2.13,-13.6%,1.912,-10.2%,2.252,+17.8%,1.925,-14.5%,8.92,4.6,-21.9%,-26.9%,-29.1%,-16.8%
CARS,Extended,Internet,Communication Services,Media & Entertainment,Adj,Dec,EPS,CY2027,,,,,,,,1.5,,1.57,+4.7%,,,2.505,+59.6%,2.21,-11.8%,2.245,+1.6%,2.507,+11.7%,2.065,-17.6%,8.92,4.3,-17.6%,-26.9%,-29.1%,-16.8%
CARS,Extended,Internet,Communication Services,Media & Entertainment,Adj,Dec,EPS,CY2028,,,,,,,,1.71,,1.79,+4.7%,,,,,,,,,,,2.12,+18.4%,8.92,4.2,,-26.9%,-29.1%,-16.8%
OCDO,Extended,Internet,Consumer Staples,Consumer Staples Distribution,Adj,Nov,EPS,CY2025,,,,,,,,-0.362,,-0.361,+0.3%,-0.344,+4.7%,-0.337,+2.0%,-0.331,+1.8%,-0.273,+17.5%,-0.345,-26.4%,-0.339,+1.7%,182.0,-5.4,-0.6%,-22.9%,-31.0%,-35.9%
OCDO,Extended,Internet,Consumer Staples,Consumer Staples Distribution,Adj,Nov,EPS,CY2026,,,,,,,,-0.291,,-0.244,+16.2%,-0.263,-7.8%,-0.232,+11.8%,-0.256,-10.3%,-0.274,-7.0%,-0.291,-6.2%,-0.192,+34.0%,182.0,-9.5,+17.2%,-22.9%,-31.0%,-35.9%
OCDO,Extended,Internet,Consumer Staples,Consumer Staples Distribution,Adj,Nov,EPS,CY2027,,,,,,,,-0.234,,-0.069,+70.5%,-0.195,-182.6%,-0.151,+22.6%,-0.162,-7.3%,-0.175,-8.0%,-0.198,-13.1%,-0.199,-0.5%,182.0,-9.1,-31.8%,-22.9%,-31.0%,-35.9%
OCDO,Extended,Internet,Consumer Staples,Consumer Staples Distribution,Adj,Nov,EPS,CY2028,,,,,,,,-0.013,,0.02,+253.8%,-0.104,-620.0%,-0.047,+54.8%,-0.056,-19.1%,-0.054,+3.6%,-0.084,-55.6%,-0.141,-67.9%,182.0,-12.9,-200.0%,-22.9%,-31.0%,-35.9%
VRSN,Extended,Internet,Information Technology,Software & Services,Adj,Dec,EPS,CY2025,,,,,,,,8.73,,8.75,+0.2%,8.663,-1.0%,8.703,+0.5%,8.803,+1.1%,8.82,+0.2%,9.05,+2.6%,8.868,-2.0%,274.51,31.0,+1.9%,+13.0%,+11.5%,+14.3%
VRSN,Extended,Internet,Information Technology,Software & Services,Adj,Dec,EPS,CY2026,,,,,,,,9.32,,9.38,+0.6%,9.153,-2.4%,9.193,+0.4%,9.383,+2.1%,9.48,+1.0%,9.663,+1.9%,9.495,-1.7%,274.51,28.9,+3.3%,+13.0%,+11.5%,+14.3%
VRSN,Extended,Internet,Information Technology,Software & Services,Adj,Dec,EPS,CY2027,,,,,,,,10.09,,10.09,+0.0%,10.09,+0.0%,10.54,+4.5%,10.77,+2.2%,10.925,+1.4%,10.245,-6.2%,10.355,+1.1%,274.51,26.5,-1.8%,+13.0%,+11.5%,+14.3%
VRSN,Extended,Internet,Information Technology,Software & Services,Adj,Dec,EPS,CY2028,,,,,,,,11.85,,11.85,+0.0%,11.85,+0.0%,12.29,+3.7%,12.56,+2.2%,13.08,+4.1%,11.23,-14.1%,11.545,+2.8%,274.51,23.8,-6.1%,+13.0%,+11.5%,+14.3%
CDLX,Extended,Internet,Communication Services,Media & Entertainment,Adj,Dec,EPS,CY2025,,,,,,,,0.025,,-0.301,-1304.0%,-0.379,-25.9%,-0.58,-53.0%,-0.452,+22.1%,-0.56,-23.9%,-0.473,+15.5%,-0.46,+2.7%,1.18,-2.6,+20.7%,+2.6%,-9.9%,-15.7%
CDLX,Extended,Internet,Communication Services,Media & Entertainment,Adj,Dec,EPS,CY2026,,,,,,,,,,,,-0.14,,-0.355,-153.6%,-0.332,+6.5%,-0.392,-18.1%,-0.26,+33.7%,-0.446,-71.5%,1.18,-2.6,-25.6%,+2.6%,-9.9%,-15.7%
CDLX,Extended,Internet,Communication Services,Media & Entertainment,Adj,Dec,EPS,CY2027,,,,,,,,,,,,0.05,,-0.32,-740.0%,-0.032,+90.0%,-0.063,-96.9%,-0.087,-38.1%,-0.267,-206.9%,1.18,-4.4,+16.6%,+2.6%,-9.9%,-15.7%
CDLX,Extended,Internet,Communication Services,Media & Entertainment,Adj,Dec,EPS,CY2028,,,,,,,,,,,,,,,,,,,,,,,,1.18,,,+2.6%,-9.9%,-15.7%
DHER,Extended,Internet,Consumer Discretionary,Consumer Services,Adj,Dec,EPS,CY2025,,,,,,,,0.58,,0.156,-73.1%,-0.117,-175.0%,-0.34,-190.6%,0.343,+200.9%,-0.324,-194.5%,-0.346,-6.8%,-0.285,+17.6%,16.57,-58.1,+16.2%,-27.1%,-28.2%,-21.3%
DHER,Extended,Internet,Consumer Discretionary,Consumer Services,Adj,Dec,EPS,CY2026,,,,,,,,2.05,,1.323,-35.5%,1.373,+3.8%,1.029,-25.1%,0.941,-8.6%,0.84,-10.7%,0.358,-57.4%,-0.311,-186.9%,16.57,-53.3,-130.2%,-27.1%,-28.2%,-21.3%
DHER,Extended,Internet,Consumer Discretionary,Consumer Services,Adj,Dec,EPS,CY2027,,,,,,,,1.775,,1.49,-16.1%,1.975,+32.6%,2.095,+6.1%,2.337,+11.6%,2.063,-11.7%,1.279,-38.0%,0.043,-96.6%,16.57,385.3,-97.9%,-27.1%,-28.2%,-21.3%
DHER,Extended,Internet,Consumer Discretionary,Consumer Services,Adj,Dec,EPS,CY2028,,,,,,,,3.94,,4.12,+4.6%,3.623,-12.1%,3.555,-1.9%,3.51,-1.3%,3.097,-11.8%,3.04,-1.8%,1.235,-59.4%,16.57,13.4,-65.3%,-27.1%,-28.2%,-21.3%
PTON,Extended,Internet,Consumer Discretionary,Consumer Durables & Apparel,Adj,Jun,EPS,CY2025,,,,,,,,-0.756,,-0.585,+22.6%,-0.382,+34.7%,-0.366,+4.2%,-0.408,-11.5%,-0.417,-2.2%,,,,,4.65,-11.2,+28.7%,-24.5%,-29.5%,-7.6%
PTON,Extended,Internet,Consumer Discretionary,Consumer Durables & Apparel,Adj,Jun,EPS,CY2026,,,,,,,,-0.667,,-0.388,+41.8%,-0.294,+24.2%,-0.153,+48.0%,-0.202,-32.0%,0.063,+131.2%,0.124,+96.8%,0.143,+15.3%,4.65,32.5,+193.5%,-24.5%,-29.5%,-7.6%
PTON,Extended,Internet,Consumer Discretionary,Consumer Durables & Apparel,Adj,Jun,EPS,CY2027,,,,,,,,-0.627,,-0.37,+41.0%,-0.254,+31.4%,-0.044,+82.7%,-0.078,-77.3%,0.128,+264.1%,0.277,+116.4%,0.304,+9.7%,4.65,15.3,+790.9%,-24.5%,-29.5%,-7.6%
PTON,Extended,Internet,Consumer Discretionary,Consumer Durables & Apparel,Adj,Jun,EPS,CY2028,,,,,,,,-0.505,,-0.411,+18.6%,-0.3,+27.0%,-0.197,+34.3%,-0.185,+6.1%,0.253,+236.8%,0.342,+35.2%,0.372,+8.8%,4.65,12.5,+288.8%,-24.5%,-29.5%,-7.6%
LYFT,Extended,Internet,Industrials,Transportation,Adj,Dec,EPS,CY2025,,,,,,,,0.912,,0.879,-3.6%,0.957,+8.9%,0.919,-4.0%,1.11,+20.8%,1.104,-0.5%,1.227,+11.1%,1.253,+2.1%,13.7,10.9,+36.3%,-29.3%,-31.0%,+26.4%
LYFT,Extended,Internet,Industrials,Transportation,Adj,Dec,EPS,CY2026,,,,,,,,1.068,,1.064,-0.4%,1.31,+23.1%,1.262,-3.7%,1.336,+5.9%,1.39,+4.0%,1.524,+9.6%,1.37,-10.1%,13.7,10.0,+8.6%,-29.3%,-31.0%,+26.4%
LYFT,Extended,Internet,Industrials,Transportation,Adj,Dec,EPS,CY2027,,,,,,,,1.252,,1.141,-8.9%,1.385,+21.4%,1.469,+6.1%,1.588,+8.1%,1.586,-0.1%,1.676,+5.7%,1.708,+1.9%,13.7,8.0,+16.3%,-29.3%,-31.0%,+26.4%
LYFT,Extended,Internet,Industrials,Transportation,Adj,Dec,EPS,CY2028,,,,,,,,1.487,,1.389,-6.6%,1.58,+13.8%,1.638,+3.7%,1.73,+5.6%,1.955,+13.0%,1.804,-7.7%,2.164,+20.0%,13.7,6.3,+32.1%,-29.3%,-31.0%,+26.4%
PRX,Extended,Internet,Consumer Discretionary,Consumer Discretionary Distrib,Adj,Mar,EPS,CY2025,,,,,,,,3.288,,3.215,-2.2%,3.412,+6.1%,3.58,+4.9%,3.785,+5.7%,3.72,-1.7%,4.007,+7.7%,4.014,+0.2%,40.02,10.0,+12.1%,-24.3%,-26.4%,+9.1%
PRX,Extended,Internet,Consumer Discretionary,Consumer Discretionary Distrib,Adj,Mar,EPS,CY2026,,,,,,,,4.215,,3.486,-17.3%,3.698,+6.1%,4.239,+14.6%,4.498,+6.1%,4.454,-1.0%,4.712,+5.8%,4.574,-2.9%,40.02,8.7,+7.9%,-24.3%,-26.4%,+9.1%
PRX,Extended,Internet,Consumer Discretionary,Consumer Discretionary Distrib,Adj,Mar,EPS,CY2027,,,,,,,,4.28,,4.29,+0.2%,3.5,-18.4%,3.765,+7.6%,4.82,+28.0%,5.062,+5.0%,5.483,+8.3%,5.302,-3.3%,40.02,7.5,+40.8%,-24.3%,-26.4%,+9.1%
PRX,Extended,Internet,Consumer Discretionary,Consumer Discretionary Distrib,Adj,Mar,EPS,CY2028,,,,,,,,4.98,,4.98,+0.0%,4.19,-15.9%,4.19,+0.0%,6.11,+45.8%,5.78,-5.4%,6.02,+4.2%,5.69,-5.5%,40.02,7.0,+35.8%,-24.3%,-26.4%,+9.1%
AUTO,Extended,Internet,Communication Services,Media & Entertainment,Adj,Mar,EPS,CY2025,,,,,,,,0.366,,0.371,+1.4%,0.366,-1.3%,0.341,-6.8%,0.356,+4.4%,0.351,-1.4%,0.355,+1.1%,0.356,+0.3%,474.9,13.3,+4.4%,-19.0%,-17.1%,-36.3%
AUTO,Extended,Internet,Communication Services,Media & Entertainment,Adj,Mar,EPS,CY2026,,,,,,,,0.404,,0.414,+2.5%,0.405,-2.2%,0.378,-6.7%,0.392,+3.7%,0.392,+0.0%,0.393,+0.3%,0.39,-0.8%,474.9,12.2,+3.2%,-19.0%,-17.1%,-36.3%
AUTO,Extended,Internet,Communication Services,Media & Entertainment,Adj,Mar,EPS,CY2027,,,,,,,,0.429,,0.431,+0.5%,0.426,-1.2%,0.434,+1.9%,0.43,-0.9%,0.432,+0.5%,0.428,-0.9%,0.43,+0.5%,474.9,11.0,-0.9%,-19.0%,-17.1%,-36.3%
AUTO,Extended,Internet,Communication Services,Media & Entertainment,Adj,Mar,EPS,CY2028,,,,,,,,0.518,,0.466,-10.0%,0.458,-1.7%,0.483,+5.5%,0.468,-3.1%,0.438,-6.4%,0.467,+6.6%,0.462,-1.1%,474.9,10.3,-4.3%,-19.0%,-17.1%,-36.3%
DKNG,Extended,Internet,Consumer Discretionary,Consumer Services,Adj,Dec,EPS,CY2025,,,,,,,,1.639,,1.39,-15.2%,1.495,+7.6%,1.375,-8.0%,1.119,-18.6%,1.177,+5.2%,0.668,-43.2%,0.814,+21.9%,22.9,28.1,-40.8%,-33.5%,-34.5%,-27.7%
DKNG,Extended,Internet,Consumer Discretionary,Consumer Services,Adj,Dec,EPS,CY2026,,,,,,,,2.311,,2.161,-6.5%,2.425,+12.2%,2.126,-12.3%,1.907,-10.3%,1.903,-0.2%,1.264,-33.6%,0.996,-21.2%,22.9,23.0,-53.2%,-33.5%,-34.5%,-27.7%
DKNG,Extended,Internet,Consumer Discretionary,Consumer Services,Adj,Dec,EPS,CY2027,,,,,,,,3.011,,3.0,-0.4%,2.99,-0.3%,2.763,-7.6%,2.568,-7.1%,2.646,+3.0%,2.026,-23.4%,1.716,-15.3%,22.9,13.3,-37.9%,-33.5%,-34.5%,-27.7%
DKNG,Extended,Internet,Consumer Discretionary,Consumer Services,Adj,Dec,EPS,CY2028,,,,,,,,3.717,,3.768,+1.4%,3.678,-2.4%,3.516,-4.4%,3.487,-0.8%,3.316,-4.9%,2.648,-20.1%,2.313,-12.7%,22.9,9.9,-34.2%,-33.5%,-34.5%,-27.7%
FLUT,Extended,Internet,Consumer Discretionary,Consumer Services,Adj,Dec,EPS,CY2025,,,,,,,,8.512,,7.394,-13.1%,9.34,+26.3%,8.678,-7.1%,8.23,-5.2%,8.624,+4.8%,7.685,-10.9%,7.695,+0.1%,104.67,13.6,-11.3%,-51.3%,-52.4%,-49.3%
FLUT,Extended,Internet,Consumer Discretionary,Consumer Services,Adj,Dec,EPS,CY2026,,,,,,,,10.962,,11.018,+0.5%,12.865,+16.8%,12.312,-4.3%,12.096,-1.8%,12.147,+0.4%,9.87,-18.7%,6.66,-32.5%,104.67,15.7,-45.9%,-51.3%,-52.4%,-49.3%
FLUT,Extended,Internet,Consumer Discretionary,Consumer Services,Adj,Dec,EPS,CY2027,,,,,,,,13.268,,12.82,-3.4%,16.913,+31.9%,15.953,-5.7%,15.658,-1.8%,16.047,+2.5%,13.928,-13.2%,10.037,-27.9%,104.67,10.4,-37.1%,-51.3%,-52.4%,-49.3%
FLUT,Extended,Internet,Consumer Discretionary,Consumer Services,Adj,Dec,EPS,CY2028,,,,,,,,15.92,,17.491,+9.9%,18.976,+8.5%,18.52,-2.4%,18.943,+2.3%,20.3,+7.2%,18.538,-8.7%,12.732,-31.3%,104.67,8.2,-31.3%,-51.3%,-52.4%,-49.3%
FLTR,Extended,Internet,Consumer Discretionary,Consumer Services,Adj,Dec,EPS,CY2025,,,,,,,,8.512,,7.394,-13.1%,9.34,+26.3%,8.678,-7.1%,8.23,-5.2%,8.624,+4.8%,7.685,-10.9%,7.695,+0.1%,7888.0,10.3,-11.3%,-51.1%,-52.5%,-51.0%
FLTR,Extended,Internet,Consumer Discretionary,Consumer Services,Adj,Dec,EPS,CY2026,,,,,,,,10.962,,11.018,+0.5%,12.865,+16.8%,12.312,-4.3%,12.096,-1.8%,12.147,+0.4%,9.87,-18.7%,6.66,-32.5%,7888.0,11.8,-45.9%,-51.1%,-52.5%,-51.0%
FLTR,Extended,Internet,Consumer Discretionary,Consumer Services,Adj,Dec,EPS,CY2027,,,,,,,,13.268,,12.82,-3.4%,16.913,+31.9%,15.953,-5.7%,15.658,-1.8%,16.047,+2.5%,13.928,-13.2%,10.037,-27.9%,7888.0,7.9,-37.1%,-51.1%,-52.5%,-51.0%
FLTR,Extended,Internet,Consumer Discretionary,Consumer Services,Adj,Dec,EPS,CY2028,,,,,,,,15.92,,17.491,+9.9%,18.976,+8.5%,18.52,-2.4%,18.943,+2.3%,20.3,+7.2%,18.538,-8.7%,12.732,-31.3%,7888.0,6.2,-31.3%,-51.1%,-52.5%,-51.0%
WMG,Extended,Internet,Communication Services,Media & Entertainment,Adj,Sep,EPS,CY2025,,,,,,,,1.46,,1.474,+1.0%,1.388,-5.8%,1.479,+6.6%,1.205,-18.5%,1.022,-15.2%,0.982,-3.9%,,,26.01,26.5,-29.3%,-15.2%,-13.2%,-11.8%
WMG,Extended,Internet,Communication Services,Media & Entertainment,Adj,Sep,EPS,CY2026,,,,,,,,1.705,,1.693,-0.7%,1.626,-4.0%,1.496,-8.0%,1.376,-8.0%,1.463,+6.3%,1.477,+1.0%,1.399,-5.3%,26.01,18.6,-6.5%,-15.2%,-13.2%,-11.8%
WMG,Extended,Internet,Communication Services,Media & Entertainment,Adj,Sep,EPS,CY2027,,,,,,,,1.923,,1.827,-5.0%,1.833,+0.3%,1.698,-7.4%,1.581,-6.9%,1.71,+8.2%,1.736,+1.5%,1.748,+0.7%,26.01,14.9,+2.9%,-15.2%,-13.2%,-11.8%
WMG,Extended,Internet,Communication Services,Media & Entertainment,Adj,Sep,EPS,CY2028,,,,,,,,2.28,,2.145,-5.9%,2.047,-4.6%,1.892,-7.6%,1.788,-5.5%,1.911,+6.9%,1.93,+1.0%,1.986,+2.9%,26.01,13.1,+5.0%,-15.2%,-13.2%,-11.8%
SCOR,Extended,Internet,Communication Services,Media & Entertainment,Adj,Dec,EPS,CY2025,,,,,,,,4.71,,5.46,+15.9%,4.71,-13.7%,1.53,-67.5%,4.01,+162.1%,2.615,-34.8%,2.22,-15.1%,,,7.2,3.2,-52.9%,+10.8%,+6.5%,+36.3%
SCOR,Extended,Internet,Communication Services,Media & Entertainment,Adj,Dec,EPS,CY2026,,,,,,,,,,10.02,,6.96,-30.5%,2.725,-60.8%,5.175,+89.9%,4.425,-14.5%,4.65,+5.1%,4.11,-11.6%,7.2,1.8,+50.8%,+10.8%,+6.5%,+36.3%
SCOR,Extended,Internet,Communication Services,Media & Entertainment,Adj,Dec,EPS,CY2027,,,,,,,,,,,,9.25,,1.05,-88.6%,6.64,+532.4%,5.08,-23.5%,,,,,7.2,1.4,,+10.8%,+6.5%,+36.3%
SCOR,Extended,Internet,Communication Services,Media & Entertainment,Adj,Dec,EPS,CY2028,,,,,,,,,,,,,,,,,,,,,,,,7.2,,,+10.8%,+6.5%,+36.3%
ASM,Extended,Technology,Information Technology,Semiconductors & Semiconductor,Adj,Dec,EPS,CY2025,,,,,,,,18.679,,18.611,-0.4%,17.631,-5.3%,17.489,-0.8%,15.648,-10.5%,14.397,-8.0%,13.931,-3.2%,14.695,+5.5%,672.8,45.8,-16.0%,+30.0%,+6.7%,+87.6%
ASM,Extended,Technology,Information Technology,Semiconductors & Semiconductor,Adj,Dec,EPS,CY2026,,,,,,,,22.388,,22.577,+0.8%,21.767,-3.6%,21.541,-1.0%,18.528,-14.0%,16.132,-12.9%,15.99,-0.9%,18.682,+16.8%,672.8,36.0,-13.3%,+30.0%,+6.7%,+87.6%
ASM,Extended,Technology,Information Technology,Semiconductors & Semiconductor,Adj,Dec,EPS,CY2027,,,,,,,,25.303,,25.525,+0.9%,25.635,+0.4%,25.553,-0.3%,23.103,-9.6%,20.46,-11.4%,20.303,-0.8%,23.302,+14.8%,672.8,28.9,-8.8%,+30.0%,+6.7%,+87.6%
ASM,Extended,Technology,Information Technology,Semiconductors & Semiconductor,Adj,Dec,EPS,CY2028,,,,,,,,28.097,,28.35,+0.9%,,,28.58,+0.8%,26.568,-7.0%,23.794,-10.4%,23.693,-0.4%,26.629,+12.4%,672.8,25.3,-6.8%,+30.0%,+6.7%,+87.6%
ARM,Extended,Technology,Information Technology,Semiconductors & Semiconductor,Adj,Mar,EPS,CY2025,,,,,,,,2.043,,2.039,-0.2%,2.058,+0.9%,2.017,-2.0%,1.782,-11.7%,1.68,-5.7%,1.726,+2.7%,1.76,+2.0%,148.77,84.5,-12.7%,+36.1%,+28.8%,+69.6%
ARM,Extended,Technology,Information Technology,Semiconductors & Semiconductor,Adj,Mar,EPS,CY2026,,,,,,,,2.556,,2.635,+3.1%,2.691,+2.1%,2.619,-2.7%,2.383,-9.0%,2.25,-5.6%,2.261,+0.5%,2.156,-4.6%,148.77,69.0,-17.7%,+36.1%,+28.8%,+69.6%
ARM,Extended,Technology,Information Technology,Semiconductors & Semiconductor,Adj,Mar,EPS,CY2027,,,,,,,,2.851,,2.648,-7.1%,3.046,+15.0%,3.084,+1.2%,2.734,-11.3%,2.828,+3.4%,2.874,+1.6%,2.919,+1.6%,148.77,51.0,-5.4%,+36.1%,+28.8%,+69.6%
ARM,Extended,Technology,Information Technology,Semiconductors & Semiconductor,Adj,Mar,EPS,CY2028,,,,,,,,3.458,,3.198,-7.5%,18.86,+489.7%,3.716,-80.3%,3.15,-15.2%,3.327,+5.6%,3.291,-1.1%,3.512,+6.7%,148.77,42.4,-5.5%,+36.1%,+28.8%,+69.6%
MRVL,Extended,Technology,Information Technology,Semiconductors & Semiconductor,Adj,Jan,EPS,CY2025,,,,,,,,2.395,,2.516,+5.1%,2.763,+9.8%,2.842,+2.9%,2.799,-1.5%,2.802,+0.1%,2.839,+1.3%,2.837,-0.1%,109.51,38.6,-0.2%,+28.9%,+24.1%,+121.5%
MRVL,Extended,Technology,Information Technology,Semiconductors & Semiconductor,Adj,Jan,EPS,CY2026,,,,,,,,3.313,,3.398,+2.6%,3.613,+6.3%,3.669,+1.5%,3.573,-2.6%,3.384,-5.3%,3.58,+5.8%,3.814,+6.5%,109.51,28.7,+4.0%,+28.9%,+24.1%,+121.5%
MRVL,Extended,Technology,Information Technology,Semiconductors & Semiconductor,Adj,Jan,EPS,CY2027,,,,,,,,4.35,,4.79,+10.1%,4.662,-2.7%,4.605,-1.2%,4.366,-5.2%,4.083,-6.5%,4.762,+16.6%,5.421,+13.8%,109.51,20.2,+17.7%,+28.9%,+24.1%,+121.5%
MRVL,Extended,Technology,Information Technology,Semiconductors & Semiconductor,Adj,Jan,EPS,CY2028,,,,,,,,5.3,,5.33,+0.6%,5.94,+11.4%,5.795,-2.4%,5.01,-13.5%,5.058,+1.0%,6.14,+21.4%,7.449,+21.3%,109.51,14.7,+28.5%,+28.9%,+24.1%,+121.5%
AMD,Extended,Technology,Information Technology,Semiconductors & Semiconductor,GAAP,Dec,EPS,CY2025,,,,,,,,3.805,,3.838,+0.9%,3.521,-8.3%,2.564,-27.2%,1.906,-25.7%,2.436,+27.8%,2.478,+1.7%,2.531,+2.1%,220.18,87.0,-1.3%,+2.8%,+2.7%,+156.7%
AMD,Extended,Technology,Information Technology,Semiconductors & Semiconductor,GAAP,Dec,EPS,CY2026,,,,,,,,5.493,,5.526,+0.6%,5.142,-6.9%,4.1,-20.3%,3.898,-4.9%,4.19,+7.5%,4.508,+7.6%,4.83,+7.1%,220.18,45.6,+17.8%,+2.8%,+2.7%,+156.7%
AMD,Extended,Technology,Information Technology,Semiconductors & Semiconductor,GAAP,Dec,EPS,CY2027,,,,,,,,6.463,,7.33,+13.4%,7.483,+2.1%,5.519,-26.2%,5.419,-1.8%,5.419,+0.0%,7.395,+36.5%,8.755,+18.4%,220.18,25.1,+58.6%,+2.8%,+2.7%,+156.7%
AMD,Extended,Technology,Information Technology,Semiconductors & Semiconductor,GAAP,Dec,EPS,CY2028,,,,,,,,8.553,,8.84,+3.4%,9.38,+6.1%,7.335,-21.8%,5.973,-18.6%,6.233,+4.4%,8.6,+38.0%,12.393,+44.1%,220.18,17.8,+69.0%,+2.8%,+2.7%,+156.7%
INTC,Extended,Technology,Information Technology,Semiconductors & Semiconductor,GAAP,Dec,EPS,CY2025,,,,,,,,1.353,,0.597,-55.9%,0.084,-85.9%,-0.518,-716.7%,-0.6,-15.8%,-1.074,-79.0%,-0.015,+98.6%,-0.037,-146.7%,50.78,-1372.4,+92.9%,+37.6%,+26.8%,+155.8%
INTC,Extended,Technology,Information Technology,Semiconductors & Semiconductor,GAAP,Dec,EPS,CY2026,,,,,,,,1.888,,1.1,-41.7%,0.494,-55.1%,0.391,-20.9%,0.094,-76.0%,-0.151,-260.6%,0.207,+237.1%,-0.176,-185.0%,50.78,-288.5,-145.0%,+37.6%,+26.8%,+155.8%
INTC,Extended,Technology,Information Technology,Semiconductors & Semiconductor,GAAP,Dec,EPS,CY2027,,,,,,,,2.095,,1.578,-24.7%,1.195,-24.3%,1.489,+24.6%,0.894,-40.0%,0.453,-49.3%,0.592,+30.7%,0.304,-48.6%,50.78,167.0,-79.6%,+37.6%,+26.8%,+155.8%
INTC,Extended,Technology,Information Technology,Semiconductors & Semiconductor,GAAP,Dec,EPS,CY2028,,,,,,,,3.455,,2.695,-22.0%,2.665,-1.1%,2.4,-9.9%,1.96,-18.3%,1.123,-42.7%,1.807,+60.9%,0.908,-49.8%,50.78,55.9,-62.2%,+37.6%,+26.8%,+155.8%
TXN,Extended,Technology,Information Technology,Semiconductors & Semiconductor,Adj,Dec,EPS,CY2025,,,,,,,,6.538,,6.473,-1.0%,6.023,-7.0%,5.604,-7.0%,5.774,+3.0%,5.82,+0.8%,5.696,-2.1%,5.668,-0.5%,199.42,35.2,+1.1%,+14.9%,+3.8%,+31.7%
TXN,Extended,Technology,Information Technology,Semiconductors & Semiconductor,Adj,Dec,EPS,CY2026,,,,,,,,7.463,,7.922,+6.2%,7.505,-5.3%,7.064,-5.9%,6.931,-1.9%,6.847,-1.2%,6.244,-8.8%,6.484,+3.8%,199.42,30.8,-8.2%,+14.9%,+3.8%,+31.7%
TXN,Extended,Technology,Information Technology,Semiconductors & Semiconductor,Adj,Dec,EPS,CY2027,,,,,,,,10.7,,9.52,-11.0%,9.77,+2.6%,8.319,-14.9%,8.137,-2.2%,8.292,+1.9%,7.697,-7.2%,7.822,+1.6%,199.42,25.5,-6.0%,+14.9%,+3.8%,+31.7%
TXN,Extended,Technology,Information Technology,Semiconductors & Semiconductor,Adj,Dec,EPS,CY2028,,,,,,,,,,10.17,,,,,,9.77,-3.9%,9.773,+0.0%,9.798,+0.3%,10.082,+2.9%,199.42,19.8,,+14.9%,+3.8%,+31.7%
ADI,Extended,Technology,Information Technology,Semiconductors & Semiconductor,Adj,Oct,EPS,CY2025,,,,,,,,8.016,,7.593,-5.3%,7.115,-6.3%,7.191,+1.1%,7.43,+3.3%,7.766,+4.5%,7.791,+0.3%,,,327.36,42.0,+9.5%,+20.7%,+11.7%,+98.9%
ADI,Extended,Technology,Information Technology,Semiconductors & Semiconductor,Adj,Oct,EPS,CY2026,,,,,,,,10.003,,9.454,-5.5%,8.997,-4.8%,8.817,-2.0%,8.827,+0.1%,9.402,+6.5%,9.906,+5.4%,11.491,+16.0%,327.36,28.5,+30.3%,+20.7%,+11.7%,+98.9%
ADI,Extended,Technology,Information Technology,Semiconductors & Semiconductor,Adj,Oct,EPS,CY2027,,,,,,,,11.27,,11.46,+1.7%,10.693,-6.7%,10.442,-2.3%,10.501,+0.6%,10.99,+4.7%,11.275,+2.6%,13.046,+15.7%,327.36,25.1,+24.9%,+20.7%,+11.7%,+98.9%
ADI,Extended,Technology,Information Technology,Semiconductors & Semiconductor,Adj,Oct,EPS,CY2028,,,,,,,,15.24,,14.72,-3.4%,12.71,-13.7%,12.587,-1.0%,12.603,+0.1%,12.574,-0.2%,13.208,+5.0%,15.002,+13.6%,327.36,21.8,+19.2%,+20.7%,+11.7%,+98.9%
005930,Extended,Technology,Information Technology,Technology Hardware & Equipmen,GAAP,Dec,EPS,CY2025,,,,,,,,7844.591,,7474.333,-4.7%,5528.926,-26.0%,4668.962,-15.6%,4751.091,+1.8%,4685.995,-1.4%,6036.361,+28.8%,6342.644,+5.1%,203500.0,32.1,+35.8%,+69.0%,+43.8%,+282.5%
005930,Extended,Technology,Information Technology,Technology Hardware & Equipmen,GAAP,Dec,EPS,CY2026,,,,,,,,8671.98,,8339.411,-3.8%,6901.225,-17.2%,6214.878,-9.9%,5899.291,-5.1%,6736.474,+14.2%,12577.766,+86.7%,25819.384,+105.3%,203500.0,7.9,+315.4%,+69.0%,+43.8%,+282.5%
005930,Extended,Technology,Information Technology,Technology Hardware & Equipmen,GAAP,Dec,EPS,CY2027,,,,,,,,8908.293,,7699.24,-13.6%,8262.33,+7.3%,6809.347,-17.6%,6743.827,-1.0%,7684.595,+14.0%,14365.964,+86.9%,33063.109,+130.1%,203500.0,6.2,+385.6%,+69.0%,+43.8%,+282.5%
005930,Extended,Technology,Information Technology,Technology Hardware & Equipmen,GAAP,Dec,EPS,CY2028,,,,,,,,8464.763,,7339.218,-13.3%,7819.227,+6.5%,5946.135,-24.0%,5709.38,-4.0%,9129.405,+59.9%,16174.308,+77.2%,32977.773,+103.9%,203500.0,6.2,+454.6%,+69.0%,+43.8%,+282.5%
000660,Extended,Technology,Information Technology,Semiconductors & Semiconductor,GAAP,Dec,EPS,CY2025,,,,,,,,31869.762,,36818.864,+15.5%,35891.915,-2.5%,36228.026,+0.9%,42590.673,+17.6%,45495.358,+6.8%,55188.608,+21.3%,57400.366,+4.0%,917000.0,16.0,+58.4%,+40.6%,+23.8%,+456.4%
000660,Extended,Technology,Information Technology,Semiconductors & Semiconductor,GAAP,Dec,EPS,CY2026,,,,,,,,32419.433,,37784.68,+16.5%,39191.721,+3.7%,43784.625,+11.7%,47111.792,+7.6%,56301.538,+19.5%,92050.568,+63.5%,186613.524,+102.7%,917000.0,4.9,+326.2%,+40.6%,+23.8%,+456.4%
000660,Extended,Technology,Information Technology,Semiconductors & Semiconductor,GAAP,Dec,EPS,CY2027,,,,,,,,,,20490.06,,19908.78,-2.8%,50039.243,+151.3%,55738.89,+11.4%,62328.975,+11.8%,106313.798,+70.6%,234608.915,+120.7%,917000.0,3.9,+368.8%,+40.6%,+23.8%,+456.4%
000660,Extended,Technology,Information Technology,Semiconductors & Semiconductor,GAAP,Dec,EPS,CY2028,,,,,,,,,,14241.32,,16711.75,+17.3%,36039.25,+115.7%,129387.665,+259.0%,122611.775,-5.2%,193005.345,+57.4%,249353.012,+29.2%,917000.0,3.7,+591.9%,+40.6%,+23.8%,+456.4%
STX,Extended,Technology,Information Technology,Technology Hardware & Equipmen,Adj,Jun,EPS,CY2025,,,,,,,,5.618,,6.792,+20.9%,7.381,+8.7%,7.407,+0.4%,7.929,+7.0%,7.948,+0.2%,,,,,453.3,57.0,+17.0%,+64.6%,+37.2%,+579.3%
STX,Extended,Technology,Information Technology,Technology Hardware & Equipmen,Adj,Jun,EPS,CY2026,,,,,,,,8.237,,8.98,+9.0%,9.333,+3.9%,9.501,+1.8%,9.75,+2.6%,10.506,+7.8%,11.479,+9.3%,12.871,+12.1%,453.3,35.2,+35.5%,+64.6%,+37.2%,+579.3%
STX,Extended,Technology,Information Technology,Technology Hardware & Equipmen,Adj,Jun,EPS,CY2027,,,,,,,,12.86,,10.653,-17.2%,10.618,-0.3%,10.913,+2.8%,10.963,+0.5%,12.804,+16.8%,15.034,+17.4%,19.768,+31.5%,453.3,22.9,+81.1%,+64.6%,+37.2%,+579.3%
STX,Extended,Technology,Information Technology,Technology Hardware & Equipmen,Adj,Jun,EPS,CY2028,,,,,,,,11.78,,12.0,+1.9%,10.775,-10.2%,11.38,+5.6%,12.013,+5.6%,14.514,+20.8%,16.898,+16.4%,23.653,+40.0%,453.3,19.2,+107.8%,+64.6%,+37.2%,+579.3%
WDC,Extended,Technology,Information Technology,Technology Hardware & Equipmen,Adj,Jun,EPS,CY2025,,,,,,,,7.842,,7.77,-0.9%,7.293,-6.1%,4.804,-34.1%,5.076,+5.7%,5.253,+3.5%,,,,,304.15,57.9,-32.4%,+76.6%,+38.6%,+895.9%
WDC,Extended,Technology,Information Technology,Technology Hardware & Equipmen,Adj,Jun,EPS,CY2026,,,,,,,,7.621,,8.798,+15.4%,8.891,+1.1%,5.154,-42.0%,5.47,+6.1%,6.553,+19.8%,7.705,+17.6%,8.926,+15.8%,304.15,34.1,+73.2%,+76.6%,+38.6%,+895.9%
WDC,Extended,Technology,Information Technology,Technology Hardware & Equipmen,Adj,Jun,EPS,CY2027,,,,,,,,6.7,,6.752,+0.8%,7.811,+15.7%,6.556,-16.1%,5.536,-15.6%,7.33,+32.4%,9.531,+30.0%,13.738,+44.1%,304.15,22.1,+109.5%,+76.6%,+38.6%,+895.9%
WDC,Extended,Technology,Information Technology,Technology Hardware & Equipmen,Adj,Jun,EPS,CY2028,,,,,,,,6.81,,5.4,-20.7%,6.34,+17.4%,5.99,-5.5%,5.78,-3.5%,8.22,+42.2%,11.038,+34.3%,17.972,+62.8%,304.15,16.9,+200.0%,+76.6%,+38.6%,+895.9%
SNDK,Extended,Technology,Information Technology,Technology Hardware & Equipmen,Adj,Jun,EPS,CY2025,,,,,,,,,,,,,,2.227,,2.647,+18.9%,2.699,+2.0%,,,,,724.63,268.5,,+205.3%,+107.3%,+2306.6%
SNDK,Extended,Technology,Information Technology,Technology Hardware & Equipmen,Adj,Jun,EPS,CY2026,,,,,,,,,,,,,,6.023,,5.105,-15.2%,5.907,+15.7%,12.633,+113.9%,38.534,+205.0%,724.63,18.8,+539.8%,+205.3%,+107.3%,+2306.6%
SNDK,Extended,Technology,Information Technology,Technology Hardware & Equipmen,Adj,Jun,EPS,CY2027,,,,,,,,,,,,,,8.925,,8.278,-7.2%,9.319,+12.6%,21.983,+135.9%,86.944,+295.5%,724.63,8.3,+874.2%,+205.3%,+107.3%,+2306.6%
SNDK,Extended,Technology,Information Technology,Technology Hardware & Equipmen,Adj,Jun,EPS,CY2028,,,,,,,,,,,,,,8.44,,6.99,-17.2%,9.043,+29.4%,18.283,+102.2%,81.649,+346.6%,724.63,8.9,+867.4%,+205.3%,+107.3%,+2306.6%
CLS,Extended,Technology,Information Technology,Technology Hardware & Equipmen,Adj,Dec,EPS,CY2025,,,,,,,,3.597,,4.029,+12.0%,4.458,+10.6%,4.848,+8.7%,5.091,+5.0%,5.558,+9.2%,5.923,+6.6%,5.919,-0.1%,292.3,49.4,+22.1%,-1.1%,-4.2%,+341.9%
CLS,Extended,Technology,Information Technology,Technology Hardware & Equipmen,Adj,Dec,EPS,CY2026,,,,,,,,4.44,,5.23,+17.8%,5.253,+0.4%,5.88,+11.9%,6.186,+5.2%,6.905,+11.6%,8.396,+21.6%,8.889,+5.9%,292.3,32.9,+51.2%,-1.1%,-4.2%,+341.9%
CLS,Extended,Technology,Information Technology,Technology Hardware & Equipmen,Adj,Dec,EPS,CY2027,,,,,,,,,,,,5.48,,7.053,+28.7%,7.373,+4.5%,8.167,+10.8%,11.457,+40.3%,12.594,+9.9%,292.3,23.2,+78.6%,-1.1%,-4.2%,+341.9%
CLS,Extended,Technology,Information Technology,Technology Hardware & Equipmen,Adj,Dec,EPS,CY2028,,,,,,,,,,,,,,9.3,,9.35,+0.5%,13.635,+45.8%,14.957,+9.7%,16.12,+7.8%,292.3,18.1,+73.3%,-1.1%,-4.2%,+341.9%
QRVO,Extended,Technology,Information Technology,Semiconductors & Semiconductor,Adj,Mar,EPS,CY2025,,,,,,,,8.037,,7.999,-0.5%,6.016,-24.8%,5.593,-7.0%,5.573,-0.4%,6.109,+9.6%,6.41,+4.9%,6.522,+1.7%,79.43,12.2,+16.6%,-6.0%,-9.9%,+41.0%
QRVO,Extended,Technology,Information Technology,Semiconductors & Semiconductor,Adj,Mar,EPS,CY2026,,,,,,,,9.747,,10.244,+5.1%,7.734,-24.5%,6.808,-12.0%,6.585,-3.3%,6.948,+5.5%,7.07,+1.8%,6.753,-4.5%,79.43,11.8,-0.8%,-6.0%,-9.9%,+41.0%
QRVO,Extended,Technology,Information Technology,Semiconductors & Semiconductor,Adj,Mar,EPS,CY2027,,,,,,,,11.14,,11.885,+6.7%,8.93,-24.9%,8.1,-9.3%,7.755,-4.3%,8.013,+3.3%,8.033,+0.2%,8.002,-0.4%,79.43,9.9,-1.2%,-6.0%,-9.9%,+41.0%
QRVO,Extended,Technology,Information Technology,Semiconductors & Semiconductor,Adj,Mar,EPS,CY2028,,,,,,,,12.15,,12.91,+6.3%,8.64,-33.1%,8.98,+3.9%,7.08,-21.2%,7.365,+4.0%,8.02,+8.9%,8.02,+0.0%,79.43,9.9,-10.7%,-6.0%,-9.9%,+41.0%
SWKS,Extended,Technology,Information Technology,Semiconductors & Semiconductor,Adj,Sep,EPS,CY2025,,,,,,,,6.569,,6.444,-1.9%,5.372,-16.6%,4.788,-10.9%,5.062,+5.7%,5.57,+10.0%,5.598,+0.5%,,,55.97,10.0,+4.2%,-11.7%,-15.5%,+6.0%
SWKS,Extended,Technology,Information Technology,Semiconductors & Semiconductor,Adj,Sep,EPS,CY2026,,,,,,,,8.016,,7.817,-2.5%,6.285,-19.6%,4.12,-34.4%,4.23,+2.7%,4.257,+0.6%,4.42,+3.8%,4.677,+5.8%,55.97,12.0,+13.5%,-11.7%,-15.5%,+6.0%
SWKS,Extended,Technology,Information Technology,Semiconductors & Semiconductor,Adj,Sep,EPS,CY2027,,,,,,,,10.11,,8.837,-12.6%,7.446,-15.7%,5.49,-26.3%,5.309,-3.3%,5.212,-1.8%,5.067,-2.8%,5.076,+0.2%,55.97,11.0,-7.5%,-11.7%,-15.5%,+6.0%
SWKS,Extended,Technology,Information Technology,Semiconductors & Semiconductor,Adj,Sep,EPS,CY2028,,,,,,,,11.23,,10.65,-5.2%,8.07,-24.2%,6.05,-25.0%,6.96,+15.0%,6.12,-12.1%,6.31,+3.1%,6.176,-2.1%,55.97,9.1,+2.1%,-11.7%,-15.5%,+6.0%
DELL,Extended,Technology,Information Technology,Technology Hardware & Equipmen,Adj,Jan,EPS,CY2025,,,,,,,,9.135,,9.371,+2.6%,9.307,-0.7%,9.366,+0.6%,9.385,+0.2%,9.536,+1.6%,9.955,+4.4%,9.954,-0.0%,173.18,17.4,+6.3%,+37.6%,+39.7%,+141.8%
DELL,Extended,Technology,Information Technology,Technology Hardware & Equipmen,Adj,Jan,EPS,CY2026,,,,,,,,10.865,,10.673,-1.8%,10.585,-0.8%,10.56,-0.2%,10.738,+1.7%,10.999,+2.4%,11.568,+5.2%,13.044,+12.8%,173.18,13.3,+23.5%,+37.6%,+39.7%,+141.8%
DELL,Extended,Technology,Information Technology,Technology Hardware & Equipmen,Adj,Jan,EPS,CY2027,,,,,,,,10.805,,11.835,+9.5%,12.115,+2.4%,11.645,-3.9%,11.547,-0.8%,12.238,+6.0%,13.13,+7.3%,14.769,+12.5%,173.18,11.7,+26.8%,+37.6%,+39.7%,+141.8%
DELL,Extended,Technology,Information Technology,Technology Hardware & Equipmen,Adj,Jan,EPS,CY2028,,,,,,,,11.99,,12.705,+6.0%,13.29,+4.6%,12.86,-3.2%,11.667,-9.3%,12.347,+5.8%,14.61,+18.3%,16.604,+13.6%,173.18,10.4,+29.1%,+37.6%,+39.7%,+141.8%
SMCI,Extended,Technology,Information Technology,Technology Hardware & Equipmen,Adj,Jun,EPS,CY2025,,,,,,,,3.429,,3.352,-2.2%,2.94,-12.3%,2.597,-11.7%,2.093,-19.4%,2.09,-0.1%,,,,,22.05,10.6,-37.6%,-24.7%,-27.8%,-26.1%
SMCI,Extended,Technology,Information Technology,Technology Hardware & Equipmen,Adj,Jun,EPS,CY2026,,,,,,,,4.508,,4.391,-2.6%,3.752,-14.6%,3.674,-2.1%,2.839,-22.7%,2.586,-8.9%,2.069,-20.0%,2.271,+9.8%,22.05,9.7,-38.2%,-24.7%,-27.8%,-26.1%
SMCI,Extended,Technology,Information Technology,Technology Hardware & Equipmen,Adj,Jun,EPS,CY2027,,,,,,,,5.968,,5.967,-0.0%,5.199,-12.9%,5.309,+2.1%,3.724,-29.9%,3.436,-7.7%,3.027,-11.9%,3.051,+0.8%,22.05,7.2,-42.5%,-24.7%,-27.8%,-26.1%
SMCI,Extended,Technology,Information Technology,Technology Hardware & Equipmen,Adj,Jun,EPS,CY2028,,,,,,,,6.66,,4.1,-38.4%,2.105,-48.7%,2.525,+20.0%,2.55,+1.0%,3.946,+54.7%,3.633,-7.9%,3.673,+1.1%,22.05,6.0,+45.5%,-24.7%,-27.8%,-26.1%
IBM,Extended,Technology,Information Technology,Software & Services,GAAP,Dec,EPS,CY2025,,,,,,,,8.992,,8.934,-0.6%,9.054,+1.3%,8.93,-1.4%,8.84,-1.0%,9.093,+2.9%,9.068,-0.3%,9.025,-0.5%,246.74,27.3,+1.1%,-16.7%,-18.4%,+8.5%
IBM,Extended,Technology,Information Technology,Software & Services,GAAP,Dec,EPS,CY2026,,,,,,,,9.428,,9.578,+1.6%,9.563,-0.2%,9.414,-1.6%,9.6,+2.0%,9.969,+3.8%,10.552,+5.8%,10.166,-3.7%,246.74,24.3,+8.0%,-16.7%,-18.4%,+8.5%
IBM,Extended,Technology,Information Technology,Software & Services,GAAP,Dec,EPS,CY2027,,,,,,,,9.155,,9.11,-0.5%,8.63,-5.3%,9.783,+13.4%,9.805,+0.2%,10.22,+4.2%,10.817,+5.8%,11.27,+4.2%,246.74,21.9,+15.2%,-16.7%,-18.4%,+8.5%
IBM,Extended,Technology,Information Technology,Software & Services,GAAP,Dec,EPS,CY2028,,,,,,,,9.65,,9.605,-0.5%,9.37,-2.4%,12.12,+29.3%,10.16,-16.2%,10.99,+8.2%,11.42,+3.9%,12.495,+9.4%,246.74,19.7,+3.1%,-16.7%,-18.4%,+8.5%
XRX,Extended,Technology,Information Technology,Technology Hardware & Equipmen,Adj,Dec,EPS,CY2025,,,,,,,,2.624,,1.786,-31.9%,1.224,-31.5%,1.068,-12.7%,0.74,-30.7%,-0.3,-140.5%,-0.39,-30.0%,,,1.23,-3.2,-131.9%,-48.1%,-52.1%,-69.2%
XRX,Extended,Technology,Information Technology,Technology Hardware & Equipmen,Adj,Dec,EPS,CY2026,,,,,,,,3.287,,1.987,-39.5%,1.527,-23.2%,1.595,+4.5%,1.6,+0.3%,1.553,-2.9%,0.875,-43.7%,,,1.23,1.4,-42.7%,-48.1%,-52.1%,-69.2%
XRX,Extended,Technology,Information Technology,Technology Hardware & Equipmen,Adj,Dec,EPS,CY2027,,,,,,,,4.45,,,,,,1.26,-71.7%,1.11,-11.9%,1.825,+64.4%,1.345,-26.3%,,,1.23,0.9,,-48.1%,-52.1%,-69.2%
XRX,Extended,Technology,Information Technology,Technology Hardware & Equipmen,Adj,Dec,EPS,CY2028,,,,,,,,4.46,,,,,,,,,,,,,,,,1.23,0.3,,-48.1%,-52.1%,-69.2%
HPE,Extended,Technology,Information Technology,Technology Hardware & Equipmen,Adj,Oct,EPS,CY2025,,,,,,,,2.088,,2.114,+1.2%,2.102,-0.6%,1.813,-13.7%,1.846,+1.8%,1.897,+2.8%,1.895,-0.1%,,,24.58,13.0,-9.8%,+2.3%,+3.3%,+92.2%
HPE,Extended,Technology,Information Technology,Technology Hardware & Equipmen,Adj,Oct,EPS,CY2026,,,,,,,,2.233,,2.226,-0.3%,2.279,+2.4%,2.063,-9.5%,2.105,+2.0%,2.402,+14.1%,2.362,-1.7%,2.423,+2.6%,24.58,10.1,+17.5%,+2.3%,+3.3%,+92.2%
HPE,Extended,Technology,Information Technology,Technology Hardware & Equipmen,Adj,Oct,EPS,CY2027,,,,,,,,2.61,,2.353,-9.8%,2.37,+0.7%,2.322,-2.0%,2.299,-1.0%,2.697,+17.3%,2.739,+1.6%,2.72,-0.7%,24.58,9.0,+17.1%,+2.3%,+3.3%,+92.2%
HPE,Extended,Technology,Information Technology,Technology Hardware & Equipmen,Adj,Oct,EPS,CY2028,,,,,,,,2.93,,2.295,-21.7%,2.38,+3.7%,2.335,-1.9%,2.34,+0.2%,2.948,+26.0%,3.105,+5.3%,3.055,-1.6%,24.58,8.0,+30.8%,+2.3%,+3.3%,+92.2%
HPQ,Extended,Technology,Information Technology,Technology Hardware & Equipmen,Adj,Oct,EPS,CY2025,,,,,,,,3.691,,3.603,-2.4%,3.579,-0.7%,3.568,-0.3%,3.115,-12.7%,3.113,-0.1%,3.115,+0.1%,,,18.94,6.1,-13.0%,-15.0%,-14.5%,-16.2%
HPQ,Extended,Technology,Information Technology,Technology Hardware & Equipmen,Adj,Oct,EPS,CY2026,,,,,,,,3.886,,3.834,-1.3%,3.738,-2.5%,3.736,-0.1%,3.367,-9.9%,3.355,-0.4%,3.077,-8.3%,2.876,-6.5%,18.94,6.6,-23.0%,-15.0%,-14.5%,-16.2%
HPQ,Extended,Technology,Information Technology,Technology Hardware & Equipmen,Adj,Oct,EPS,CY2027,,,,,,,,3.98,,3.73,-6.3%,4.03,+8.0%,3.613,-10.3%,3.574,-1.1%,3.545,-0.8%,3.219,-9.2%,2.961,-8.0%,18.94,6.4,-18.0%,-15.0%,-14.5%,-16.2%
HPQ,Extended,Technology,Information Technology,Technology Hardware & Equipmen,Adj,Oct,EPS,CY2028,,,,,,,,4.35,,3.97,-8.7%,3.97,+0.0%,4.245,+6.9%,3.65,-14.0%,3.697,+1.3%,3.489,-5.6%,3.322,-4.8%,18.94,5.7,-21.7%,-15.0%,-14.5%,-16.2%
FLEX,Extended,Technology,Information Technology,Technology Hardware & Equipmen,Adj,Mar,EPS,CY2025,,,,,,,,2.767,,2.792,+0.9%,2.786,-0.2%,2.878,+3.3%,2.935,+2.0%,3.03,+3.2%,3.15,+4.0%,3.245,+3.0%,67.7,20.9,+12.8%,+12.0%,+9.1%,+153.7%
FLEX,Extended,Technology,Information Technology,Technology Hardware & Equipmen,Adj,Mar,EPS,CY2026,,,,,,,,3.125,,3.225,+3.2%,3.22,-0.2%,3.293,+2.3%,3.281,-0.4%,3.331,+1.5%,3.557,+6.8%,3.642,+2.4%,67.7,18.6,+10.6%,+12.0%,+9.1%,+153.7%
FLEX,Extended,Technology,Information Technology,Technology Hardware & Equipmen,Adj,Mar,EPS,CY2027,,,,,,,,,,,,,,,,3.45,,3.61,+4.6%,3.975,+10.1%,4.03,+1.4%,67.7,16.8,,+12.0%,+9.1%,+153.7%
FLEX,Extended,Technology,Information Technology,Technology Hardware & Equipmen,Adj,Mar,EPS,CY2028,,,,,,,,,,,,,,,,,,,,,,,,67.7,,,+12.0%,+9.1%,+153.7%
CDW,Extended,Technology,Information Technology,Technology Hardware & Equipmen,Adj,Dec,EPS,CY2025,,,,,,,,11.161,,10.925,-2.1%,10.163,-7.0%,9.805,-3.5%,9.746,-0.6%,9.857,+1.1%,9.896,+0.4%,9.897,+0.0%,123.47,12.5,+0.9%,-9.3%,-8.1%,-14.5%
CDW,Extended,Technology,Information Technology,Technology Hardware & Equipmen,Adj,Dec,EPS,CY2026,,,,,,,,12.363,,11.96,-3.3%,10.898,-8.9%,10.499,-3.7%,10.302,-1.9%,10.512,+2.0%,10.603,+0.9%,10.555,-0.5%,123.47,11.7,+0.5%,-9.3%,-8.1%,-14.5%
CDW,Extended,Technology,Information Technology,Technology Hardware & Equipmen,Adj,Dec,EPS,CY2027,,,,,,,,,,,,12.86,,11.478,-10.7%,11.57,+0.8%,11.404,-1.4%,11.441,+0.3%,11.403,-0.3%,123.47,10.8,-0.7%,-9.3%,-8.1%,-14.5%
CDW,Extended,Technology,Information Technology,Technology Hardware & Equipmen,Adj,Dec,EPS,CY2028,,,,,,,,,,,,14.13,,12.46,-11.8%,11.4,-8.5%,12.4,+8.8%,12.82,+3.4%,12.665,-1.2%,123.47,9.7,+1.6%,-9.3%,-8.1%,-14.5%
SNX,Extended,Technology,Information Technology,Technology Hardware & Equipmen,Adj,Nov,EPS,CY2025,,,,,,,,13.002,,12.887,-0.9%,12.797,-0.7%,12.107,-5.4%,12.305,+1.6%,13.086,+6.3%,13.094,+0.1%,13.094,+0.0%,193.11,14.7,+8.2%,+28.5%,+26.9%,+101.6%
SNX,Extended,Technology,Information Technology,Technology Hardware & Equipmen,Adj,Nov,EPS,CY2026,,,,,,,,14.488,,14.548,+0.4%,14.422,-0.9%,13.766,-4.5%,13.842,+0.6%,14.573,+5.3%,14.555,-0.1%,15.523,+6.7%,193.11,12.4,+12.8%,+28.5%,+26.9%,+101.6%
SNX,Extended,Technology,Information Technology,Technology Hardware & Equipmen,Adj,Nov,EPS,CY2027,,,,,,,,15.96,,16.81,+5.3%,,,15.44,-8.1%,15.333,-0.7%,16.069,+4.8%,16.074,+0.0%,16.934,+5.4%,193.11,11.4,+9.7%,+28.5%,+26.9%,+101.6%
SNX,Extended,Technology,Information Technology,Technology Hardware & Equipmen,Adj,Nov,EPS,CY2028,,,,,,,,18.35,,18.37,+0.1%,,,17.31,-5.8%,17.13,-1.0%,17.4,+1.6%,17.755,+2.0%,18.99,+7.0%,193.11,10.2,+9.7%,+28.5%,+26.9%,+101.6%
AVT,Extended,Technology,Information Technology,Technology Hardware & Equipmen,Adj,Jun,EPS,CY2025,,,,,,,,4.981,,4.473,-10.2%,4.016,-10.2%,3.405,-15.2%,3.36,-1.3%,3.367,+0.2%,,,,,62.41,18.5,-24.7%,+29.8%,+26.7%,+47.7%
AVT,Extended,Technology,Information Technology,Technology Hardware & Equipmen,Adj,Jun,EPS,CY2026,,,,,,,,6.327,,6.223,-1.6%,5.759,-7.5%,5.582,-3.1%,5.07,-9.2%,4.465,-11.9%,4.39,-1.7%,4.543,+3.5%,62.41,13.7,-18.6%,+29.8%,+26.7%,+47.7%
AVT,Extended,Technology,Information Technology,Technology Hardware & Equipmen,Adj,Jun,EPS,CY2027,,,,,,,,6.59,,7.53,+14.3%,6.6,-12.4%,6.54,-0.9%,6.585,+0.7%,6.228,-5.4%,6.22,-0.1%,6.39,+2.7%,62.41,9.8,-2.3%,+29.8%,+26.7%,+47.7%
AVT,Extended,Technology,Information Technology,Technology Hardware & Equipmen,Adj,Jun,EPS,CY2028,,,,,,,,,,,,,,7.72,,7.56,-2.1%,7.205,-4.7%,7.3,+1.3%,7.27,-0.4%,62.41,8.6,-5.8%,+29.8%,+26.7%,+47.7%
ARW,Extended,Technology,Information Technology,Technology Hardware & Equipmen,Adj,Dec,EPS,CY2025,,,,,,,,14.684,,14.64,-0.3%,12.133,-17.1%,10.184,-16.1%,10.274,+0.9%,10.328,+0.5%,10.204,-1.2%,,,147.23,14.4,-15.9%,+33.6%,+29.7%,+59.4%
ARW,Extended,Technology,Information Technology,Technology Hardware & Equipmen,Adj,Dec,EPS,CY2026,,,,,,,,20.1,,20.09,-0.0%,18.07,-10.1%,15.526,-14.1%,14.894,-4.1%,14.264,-4.2%,11.876,-16.7%,,,147.23,12.4,-34.3%,+33.6%,+29.7%,+59.4%
ARW,Extended,Technology,Information Technology,Technology Hardware & Equipmen,Adj,Dec,EPS,CY2027,,,,,,,,,,,,,,19.02,,16.105,-15.3%,19.26,+19.6%,13.835,-28.2%,,,147.23,10.6,,+33.6%,+29.7%,+59.4%
ARW,Extended,Technology,Information Technology,Technology Hardware & Equipmen,Adj,Dec,EPS,CY2028,,,,,,,,,,,,,,,,,,,,15.41,,,,147.23,9.6,,+33.6%,+29.7%,+59.4%
BA,Extended,Aerospace / defense,Industrials,Capital Goods,Adj,Dec,EPS,CY2025,,,,,,,,5.385,,3.446,-36.0%,0.212,-93.8%,-1.606,-857.5%,-1.622,-1.0%,-2.958,-82.4%,-9.579,-223.8%,-9.499,+0.8%,212.3,-22.3,-491.5%,-2.2%,-7.6%,+55.4%
BA,Extended,Aerospace / defense,Industrials,Capital Goods,Adj,Dec,EPS,CY2026,,,,,,,,8.751,,7.277,-16.8%,4.482,-38.4%,3.829,-14.6%,3.494,-8.7%,3.066,-12.2%,1.942,-36.7%,0.107,-94.5%,212.3,1984.1,-97.2%,-2.2%,-7.6%,+55.4%
BA,Extended,Aerospace / defense,Industrials,Capital Goods,Adj,Dec,EPS,CY2027,,,,,,,,10.825,,10.115,-6.6%,6.778,-33.0%,6.983,+3.0%,6.349,-9.1%,6.131,-3.4%,5.872,-4.2%,4.798,-18.3%,212.3,44.2,-31.3%,-2.2%,-7.6%,+55.4%
BA,Extended,Aerospace / defense,Industrials,Capital Goods,Adj,Dec,EPS,CY2028,,,,,,,,12.792,,11.845,-7.4%,8.297,-30.0%,8.007,-3.5%,8.372,+4.6%,7.803,-6.8%,8.151,+4.5%,8.179,+0.3%,212.3,26.0,+2.1%,-2.2%,-7.6%,+55.4%
AIR,Extended,Aerospace / defense,Industrials,Capital Goods,Adj,Dec,EPS,CY2025,,,,,,,,7.657,,7.342,-4.1%,6.946,-5.4%,6.49,-6.6%,6.444,-0.7%,6.527,+1.3%,6.424,-1.6%,6.357,-1.0%,165.14,26.0,-2.0%,-16.8%,-22.7%,+21.6%
AIR,Extended,Aerospace / defense,Industrials,Capital Goods,Adj,Dec,EPS,CY2026,,,,,,,,9.347,,8.905,-4.7%,8.408,-5.6%,7.998,-4.9%,7.848,-1.9%,8.003,+2.0%,7.874,-1.6%,7.344,-6.7%,165.14,22.5,-8.2%,-16.8%,-22.7%,+21.6%
AIR,Extended,Aerospace / defense,Industrials,Capital Goods,Adj,Dec,EPS,CY2027,,,,,,,,10.771,,10.526,-2.3%,9.877,-6.2%,9.548,-3.3%,9.252,-3.1%,9.498,+2.7%,9.432,-0.7%,8.584,-9.0%,165.14,19.2,-10.1%,-16.8%,-22.7%,+21.6%
AIR,Extended,Aerospace / defense,Industrials,Capital Goods,Adj,Dec,EPS,CY2028,,,,,,,,12.666,,11.867,-6.3%,11.641,-1.9%,11.503,-1.2%,11.259,-2.1%,11.344,+0.8%,11.393,+0.4%,10.594,-7.0%,165.14,15.6,-7.9%,-16.8%,-22.7%,+21.6%
SAF,Extended,Aerospace / defense,Industrials,Capital Goods,Adj,Dec,EPS,CY2025,,,,,,,,8.576,,8.524,-0.6%,8.287,-2.8%,7.984,-3.7%,8.037,+0.7%,8.177,+1.7%,8.264,+1.1%,8.421,+1.9%,287.3,34.1,+5.5%,-3.4%,-10.9%,+42.7%
SAF,Extended,Aerospace / defense,Industrials,Capital Goods,Adj,Dec,EPS,CY2026,,,,,,,,9.878,,9.881,+0.0%,9.858,-0.2%,9.986,+1.3%,10.002,+0.2%,10.492,+4.9%,10.555,+0.6%,10.038,-4.9%,287.3,28.6,+0.5%,-3.4%,-10.9%,+42.7%
SAF,Extended,Aerospace / defense,Industrials,Capital Goods,Adj,Dec,EPS,CY2027,,,,,,,,10.745,,10.76,+0.1%,10.768,+0.1%,11.293,+4.9%,11.411,+1.0%,11.969,+4.9%,12.093,+1.0%,12.417,+2.7%,287.3,23.1,+10.0%,-3.4%,-10.9%,+42.7%
SAF,Extended,Aerospace / defense,Industrials,Capital Goods,Adj,Dec,EPS,CY2028,,,,,,,,11.903,,11.978,+0.6%,12.039,+0.5%,12.68,+5.3%,12.908,+1.8%,13.475,+4.4%,13.518,+0.3%,14.173,+4.8%,287.3,20.3,+11.8%,-3.4%,-10.9%,+42.7%
RTX,Extended,Aerospace / defense,Industrials,Capital Goods,GAAP,Dec,EPS,CY2025,,,,,,,,5.025,,5.056,+0.6%,4.947,-2.2%,4.968,+0.4%,4.954,-0.3%,4.879,-1.5%,4.927,+1.0%,4.874,-1.1%,198.41,40.7,-1.9%,+8.2%,+4.2%,+68.9%
RTX,Extended,Aerospace / defense,Industrials,Capital Goods,GAAP,Dec,EPS,CY2026,,,,,,,,5.764,,5.851,+1.5%,5.736,-2.0%,5.737,+0.0%,5.749,+0.2%,5.625,-2.2%,5.61,-0.3%,5.637,+0.5%,198.41,35.2,-1.7%,+8.2%,+4.2%,+68.9%
RTX,Extended,Aerospace / defense,Industrials,Capital Goods,GAAP,Dec,EPS,CY2027,,,,,,,,6.04,,6.439,+6.6%,6.341,-1.5%,6.6,+4.1%,6.397,-3.1%,6.491,+1.5%,6.504,+0.2%,6.463,-0.6%,198.41,30.7,-2.1%,+8.2%,+4.2%,+68.9%
RTX,Extended,Aerospace / defense,Industrials,Capital Goods,GAAP,Dec,EPS,CY2028,,,,,,,,6.45,,6.984,+8.3%,6.912,-1.0%,6.948,+0.5%,6.926,-0.3%,6.943,+0.2%,7.022,+1.1%,7.191,+2.4%,198.41,27.6,+3.5%,+8.2%,+4.2%,+68.9%
LMT,Extended,Aerospace / defense,Industrials,Capital Goods,Adj,Dec,EPS,CY2025,,,,,,,,27.594,,28.42,+3.0%,27.954,-1.6%,27.284,-2.4%,27.433,+0.5%,22.135,-19.3%,22.227,+0.4%,21.683,-2.4%,637.9,29.4,-20.5%,+31.9%,+22.2%,+47.6%
LMT,Extended,Aerospace / defense,Industrials,Capital Goods,Adj,Dec,EPS,CY2026,,,,,,,,29.266,,30.321,+3.6%,29.467,-2.8%,29.723,+0.9%,29.866,+0.5%,29.058,-2.7%,29.247,+0.7%,29.799,+1.9%,637.9,21.4,+0.3%,+31.9%,+22.2%,+47.6%
LMT,Extended,Aerospace / defense,Industrials,Capital Goods,Adj,Dec,EPS,CY2027,,,,,,,,31.422,,31.98,+1.8%,30.733,-3.9%,31.716,+3.2%,32.049,+1.0%,31.438,-1.9%,31.322,-0.4%,31.96,+2.0%,637.9,20.0,+0.8%,+31.9%,+22.2%,+47.6%
LMT,Extended,Aerospace / defense,Industrials,Capital Goods,Adj,Dec,EPS,CY2028,,,,,,,,32.343,,33.183,+2.6%,31.896,-3.9%,32.834,+2.9%,33.057,+0.7%,32.91,-0.4%,32.67,-0.7%,34.018,+4.1%,637.9,18.8,+3.6%,+31.9%,+22.2%,+47.6%
GD,Extended,Aerospace / defense,Industrials,Capital Goods,Adj,Dec,EPS,CY2025,,,,,,,,16.316,,16.433,+0.7%,15.951,-2.9%,14.838,-7.0%,14.948,+0.7%,15.244,+2.0%,15.376,+0.9%,15.379,+0.0%,351.39,22.8,+3.6%,+4.4%,-2.6%,+40.6%
GD,Extended,Aerospace / defense,Industrials,Capital Goods,Adj,Dec,EPS,CY2026,,,,,,,,17.608,,17.85,+1.4%,17.543,-1.7%,16.774,-4.4%,16.718,-0.3%,17.063,+2.1%,17.228,+1.0%,16.252,-5.7%,351.39,21.6,-3.1%,+4.4%,-2.6%,+40.6%
GD,Extended,Aerospace / defense,Industrials,Capital Goods,Adj,Dec,EPS,CY2027,,,,,,,,19.076,,19.44,+1.9%,19.114,-1.7%,18.21,-4.7%,18.148,-0.3%,18.61,+2.5%,18.911,+1.6%,17.934,-5.2%,351.39,19.6,-1.5%,+4.4%,-2.6%,+40.6%
GD,Extended,Aerospace / defense,Industrials,Capital Goods,Adj,Dec,EPS,CY2028,,,,,,,,20.356,,20.477,+0.6%,19.972,-2.5%,19.843,-0.6%,19.781,-0.3%,20.238,+2.3%,20.518,+1.4%,19.525,-4.8%,351.39,18.0,-1.6%,+4.4%,-2.6%,+40.6%
NOC,Extended,Aerospace / defense,Industrials,Capital Goods,Adj,Dec,EPS,CY2025,,,,,,,,27.482,,27.751,+1.0%,28.079,+1.2%,28.073,-0.0%,25.343,-9.7%,25.381,+0.1%,26.004,+2.5%,26.05,+0.2%,695.79,26.7,-7.2%,+22.0%,+13.9%,+43.3%
NOC,Extended,Aerospace / defense,Industrials,Capital Goods,Adj,Dec,EPS,CY2026,,,,,,,,29.123,,29.336,+0.7%,29.83,+1.7%,28.994,-2.8%,28.782,-0.7%,28.889,+0.4%,28.963,+0.3%,28.005,-3.3%,695.79,24.8,-3.4%,+22.0%,+13.9%,+43.3%
NOC,Extended,Aerospace / defense,Industrials,Capital Goods,Adj,Dec,EPS,CY2027,,,,,,,,31.286,,31.329,+0.1%,32.159,+2.6%,30.983,-3.7%,30.884,-0.3%,31.381,+1.6%,31.293,-0.3%,29.99,-4.2%,695.79,23.2,-3.2%,+22.0%,+13.9%,+43.3%
NOC,Extended,Aerospace / defense,Industrials,Capital Goods,Adj,Dec,EPS,CY2028,,,,,,,,33.436,,33.588,+0.5%,34.343,+2.2%,33.095,-3.6%,32.743,-1.1%,33.639,+2.7%,33.049,-1.8%,32.33,-2.2%,695.79,21.5,-2.3%,+22.0%,+13.9%,+43.3%
MOG/A,Extended,Aerospace / defense,Industrials,Capital Goods,Adj,Sep,EPS,CY2025,,,,,,,,8.265,,8.28,+0.2%,8.305,+0.3%,8.258,-0.6%,8.183,-0.9%,8.28,+1.2%,8.243,-0.4%,,,298.93,36.3,-0.7%,+22.7%,+16.0%,+94.9%
MOG/A,Extended,Aerospace / defense,Industrials,Capital Goods,Adj,Sep,EPS,CY2026,,,,,,,,8.89,,9.703,+9.1%,9.773,+0.7%,9.673,-1.0%,9.5,-1.8%,9.64,+1.5%,9.913,+2.8%,10.077,+1.7%,298.93,29.7,+4.2%,+22.7%,+16.0%,+94.9%
MOG/A,Extended,Aerospace / defense,Industrials,Capital Goods,Adj,Sep,EPS,CY2027,,,,,,,,,,,,11.08,,10.917,-1.5%,10.883,-0.3%,10.997,+1.0%,11.267,+2.5%,11.587,+2.8%,298.93,25.8,+6.1%,+22.7%,+16.0%,+94.9%
MOG/A,Extended,Aerospace / defense,Industrials,Capital Goods,Adj,Sep,EPS,CY2028,,,,,,,,,,,,,,,,15.01,,,,12.35,-17.7%,12.35,+0.0%,298.93,24.2,,+22.7%,+16.0%,+94.9%
HEI,Extended,Aerospace / defense,Industrials,Capital Goods,Adj,Oct,EPS,CY2025,,,,,,,,4.256,,4.312,+1.3%,4.293,-0.4%,4.509,+5.0%,4.603,+2.1%,4.766,+3.5%,4.782,+0.3%,,,276.77,57.9,+11.4%,-14.5%,-20.4%,+14.5%
HEI,Extended,Aerospace / defense,Industrials,Capital Goods,Adj,Oct,EPS,CY2026,,,,,,,,4.865,,4.994,+2.7%,4.914,-1.6%,5.039,+2.5%,5.197,+3.1%,5.36,+3.1%,5.464,+1.9%,5.63,+3.0%,276.77,49.2,+11.7%,-14.5%,-20.4%,+14.5%
HEI,Extended,Aerospace / defense,Industrials,Capital Goods,Adj,Oct,EPS,CY2027,,,,,,,,5.517,,5.566,+0.9%,5.534,-0.6%,5.657,+2.2%,5.858,+3.6%,5.978,+2.0%,6.183,+3.4%,6.323,+2.3%,276.77,43.8,+11.8%,-14.5%,-20.4%,+14.5%
HEI,Extended,Aerospace / defense,Industrials,Capital Goods,Adj,Oct,EPS,CY2028,,,,,,,,6.35,,6.183,-2.6%,6.098,-1.4%,6.315,+3.6%,6.598,+4.5%,6.557,-0.6%,7.041,+7.4%,7.11,+1.0%,276.77,38.9,+12.6%,-14.5%,-20.4%,+14.5%
RR/,Extended,Aerospace / defense,Industrials,Capital Goods,Adj,Dec,EPS,CY2025,,,,,,,,0.183,,0.207,+13.1%,0.209,+1.0%,0.229,+9.6%,0.239,+4.4%,0.289,+20.9%,0.282,-2.4%,0.295,+4.6%,1188.5,40.3,+28.8%,+3.3%,-4.5%,+80.3%
RR/,Extended,Aerospace / defense,Industrials,Capital Goods,Adj,Dec,EPS,CY2026,,,,,,,,0.211,,0.242,+14.7%,0.243,+0.4%,0.269,+10.7%,0.284,+5.6%,0.323,+13.7%,0.322,-0.3%,0.362,+12.4%,1188.5,32.8,+34.6%,+3.3%,-4.5%,+80.3%
RR/,Extended,Aerospace / defense,Industrials,Capital Goods,Adj,Dec,EPS,CY2027,,,,,,,,0.243,,0.273,+12.3%,0.28,+2.6%,0.308,+10.0%,0.328,+6.5%,0.367,+11.9%,0.366,-0.3%,0.427,+16.7%,1188.5,27.8,+38.6%,+3.3%,-4.5%,+80.3%
RR/,Extended,Aerospace / defense,Industrials,Capital Goods,Adj,Dec,EPS,CY2028,,,,,,,,0.271,,0.328,+21.0%,0.318,-3.0%,0.354,+11.3%,0.369,+4.2%,0.41,+11.1%,0.403,-1.7%,0.528,+31.0%,1188.5,22.5,+49.2%,+3.3%,-4.5%,+80.3%
CRS,Extended,Aerospace / defense,Industrials,Capital Goods,Adj,Jun,EPS,CY2025,,,,,,,,5.86,,6.574,+12.2%,6.962,+5.9%,7.13,+2.4%,7.318,+2.6%,7.263,-0.8%,,,,,394.82,54.4,+10.5%,+25.4%,+17.6%,+160.3%
CRS,Extended,Aerospace / defense,Industrials,Capital Goods,Adj,Jun,EPS,CY2026,,,,,,,,6.993,,7.808,+11.7%,8.105,+3.8%,8.719,+7.6%,9.262,+6.2%,9.758,+5.4%,10.133,+3.8%,10.254,+1.2%,394.82,38.5,+17.6%,+25.4%,+17.6%,+160.3%
CRS,Extended,Aerospace / defense,Industrials,Capital Goods,Adj,Jun,EPS,CY2027,,,,,,,,8.17,,9.04,+10.6%,10.0,+10.6%,10.8,+8.0%,11.613,+7.5%,11.082,-4.6%,12.028,+8.5%,12.146,+1.0%,394.82,32.5,+12.5%,+25.4%,+17.6%,+160.3%
CRS,Extended,Aerospace / defense,Industrials,Capital Goods,Adj,Jun,EPS,CY2028,,,,,,,,8.25,,5.795,-29.8%,10.2,+76.0%,12.83,+25.8%,9.58,-25.3%,11.697,+22.1%,13.485,+15.3%,14.27,+5.8%,394.82,27.7,+11.2%,+25.4%,+17.6%,+160.3%
HWM,Extended,Aerospace / defense,Industrials,Capital Goods,Adj,Dec,EPS,CY2025,,,,,,,,2.876,,3.127,+8.7%,3.183,+1.8%,3.276,+2.9%,3.513,+7.2%,3.625,+3.2%,3.695,+1.9%,3.697,+0.1%,236.57,64.0,+12.9%,+15.4%,+10.2%,+110.6%
HWM,Extended,Aerospace / defense,Industrials,Capital Goods,Adj,Dec,EPS,CY2026,,,,,,,,3.365,,3.722,+10.6%,3.837,+3.1%,3.929,+2.4%,4.164,+6.0%,4.33,+4.0%,4.454,+2.9%,4.612,+3.5%,236.57,51.3,+17.4%,+15.4%,+10.2%,+110.6%
HWM,Extended,Aerospace / defense,Industrials,Capital Goods,Adj,Dec,EPS,CY2027,,,,,,,,3.855,,4.171,+8.2%,4.426,+6.1%,4.552,+2.8%,4.86,+6.8%,5.053,+4.0%,5.243,+3.8%,5.508,+5.1%,236.57,43.0,+21.0%,+15.4%,+10.2%,+110.6%
HWM,Extended,Aerospace / defense,Industrials,Capital Goods,Adj,Dec,EPS,CY2028,,,,,,,,4.383,,4.7,+7.2%,4.894,+4.1%,5.179,+5.8%,5.501,+6.2%,5.782,+5.1%,6.021,+4.1%,6.379,+5.9%,236.57,37.1,+23.2%,+15.4%,+10.2%,+110.6%
WWD,Extended,Aerospace / defense,Industrials,Capital Goods,Adj,Sep,EPS,CY2025,,,,,,,,6.28,,5.994,-4.6%,6.074,+1.3%,6.162,+1.4%,6.345,+3.0%,6.657,+4.9%,6.685,+0.4%,,,378.88,56.7,+10.1%,+25.3%,+16.2%,+140.9%
WWD,Extended,Aerospace / defense,Industrials,Capital Goods,Adj,Sep,EPS,CY2026,,,,,,,,7.282,,7.097,-2.5%,7.242,+2.0%,7.283,+0.6%,7.567,+3.9%,7.858,+3.8%,8.017,+2.0%,8.757,+9.2%,378.88,43.3,+20.2%,+25.3%,+16.2%,+140.9%
WWD,Extended,Aerospace / defense,Industrials,Capital Goods,Adj,Sep,EPS,CY2027,,,,,,,,7.665,,7.447,-2.8%,8.38,+12.5%,8.428,+0.6%,8.874,+5.3%,9.046,+1.9%,9.38,+3.7%,10.207,+8.8%,378.88,37.1,+21.1%,+25.3%,+16.2%,+140.9%
WWD,Extended,Aerospace / defense,Industrials,Capital Goods,Adj,Sep,EPS,CY2028,,,,,,,,,,7.94,,7.79,-1.9%,7.96,+2.2%,8.6,+8.0%,9.317,+8.3%,10.688,+14.7%,11.991,+12.2%,378.88,31.6,+50.6%,+25.3%,+16.2%,+140.9%
HXL,Extended,Aerospace / defense,Industrials,Capital Goods,Adj,Dec,EPS,CY2025,,,,,,,,2.927,,2.765,-5.5%,2.328,-15.8%,2.154,-7.5%,1.876,-12.9%,1.868,-0.4%,1.706,-8.7%,1.696,-0.6%,79.52,46.9,-21.3%,+7.6%,+1.4%,+65.2%
HXL,Extended,Aerospace / defense,Industrials,Capital Goods,Adj,Dec,EPS,CY2026,,,,,,,,3.538,,3.381,-4.4%,3.029,-10.4%,2.787,-8.0%,2.563,-8.0%,2.533,-1.2%,2.343,-7.5%,2.228,-4.9%,79.52,35.7,-20.1%,+7.6%,+1.4%,+65.2%
HXL,Extended,Aerospace / defense,Industrials,Capital Goods,Adj,Dec,EPS,CY2027,,,,,,,,4.013,,3.866,-3.7%,3.612,-6.6%,3.387,-6.2%,3.204,-5.4%,3.263,+1.8%,3.394,+4.0%,3.197,-5.8%,79.52,24.9,-5.6%,+7.6%,+1.4%,+65.2%
HXL,Extended,Aerospace / defense,Industrials,Capital Goods,Adj,Dec,EPS,CY2028,,,,,,,,4.3,,4.553,+5.9%,4.44,-2.5%,4.277,-3.7%,3.928,-8.2%,4.038,+2.8%,4.007,-0.8%,3.846,-4.0%,79.52,20.7,-10.1%,+7.6%,+1.4%,+65.2%
AL,Extended,Aerospace / defense,Industrials,Capital Goods,Adj,Dec,EPS,CY2025,,,,,,,,6.776,,6.278,-7.3%,6.2,-1.2%,5.588,-9.9%,7.25,+29.7%,5.94,-18.1%,5.815,-2.1%,,,64.98,11.2,-6.2%,+1.2%,+1.2%,+54.5%
AL,Extended,Aerospace / defense,Industrials,Capital Goods,Adj,Dec,EPS,CY2026,,,,,,,,6.593,,6.355,-3.6%,6.76,+6.4%,7.458,+10.3%,6.795,-8.9%,7.11,+4.6%,7.1,-0.1%,,,64.98,9.2,+5.0%,+1.2%,+1.2%,+54.5%
AL,Extended,Aerospace / defense,Industrials,Capital Goods,Adj,Dec,EPS,CY2027,,,,,,,,,,,,,,9.2,,8.3,-9.8%,8.41,+1.3%,8.43,+0.2%,,,64.98,7.7,,+1.2%,+1.2%,+54.5%
AL,Extended,Aerospace / defense,Industrials,Capital Goods,Adj,Dec,EPS,CY2028,,,,,,,,,,,,,,,,,,,,,,,,64.98,,,+1.2%,+1.2%,+54.5%
2588,Extended,Aerospace / defense,Industrials,Capital Goods,Adj,Dec,EPS,CY2025,,,,,,,,1.097,,1.11,+1.2%,1.103,-0.6%,1.094,-0.8%,1.014,-7.3%,1.018,+0.4%,1.032,+1.4%,1.045,+1.3%,78.5,75.1,-4.5%,+7.8%,+0.8%,+40.4%
2588,Extended,Aerospace / defense,Industrials,Capital Goods,Adj,Dec,EPS,CY2026,,,,,,,,1.183,,1.254,+6.0%,1.242,-1.0%,1.194,-3.9%,1.128,-5.5%,1.155,+2.4%,1.169,+1.2%,1.214,+3.8%,78.5,64.7,+1.7%,+7.8%,+0.8%,+40.4%
2588,Extended,Aerospace / defense,Industrials,Capital Goods,Adj,Dec,EPS,CY2027,,,,,,,,1.205,,1.21,+0.4%,1.14,-5.8%,1.24,+8.8%,1.203,-3.0%,1.269,+5.5%,1.276,+0.6%,1.347,+5.6%,78.5,58.3,+8.6%,+7.8%,+0.8%,+40.4%
2588,Extended,Aerospace / defense,Industrials,Capital Goods,Adj,Dec,EPS,CY2028,,,,,,,,1.225,,1.225,+0.0%,1.16,-5.3%,1.28,+10.3%,,,,,,,1.498,+17.0%,78.5,52.4,+17.0%,+7.8%,+0.8%,+40.4%
FDS,Extended,Data / Information Svc,Financials,Financial Services,Adj,Aug,EPS,CY2025,,,,,,,,17.473,,17.272,-1.2%,17.188,-0.5%,17.088,-0.6%,17.066,-0.1%,17.095,+0.2%,,,,,230.94,13.5,-1.0%,-20.4%,-21.1%,-44.5%
FDS,Extended,Data / Information Svc,Financials,Financial Services,Adj,Aug,EPS,CY2026,,,,,,,,19.354,,18.806,-2.8%,18.591,-1.1%,18.378,-1.1%,18.433,+0.3%,17.326,-6.0%,17.475,+0.9%,17.631,+0.9%,230.94,13.1,-4.1%,-20.4%,-21.1%,-44.5%
FDS,Extended,Data / Information Svc,Financials,Financial Services,Adj,Aug,EPS,CY2027,,,,,,,,21.185,,20.463,-3.4%,20.288,-0.9%,20.048,-1.2%,19.979,-0.3%,18.778,-6.0%,18.976,+1.1%,19.352,+2.0%,230.94,11.9,-3.5%,-20.4%,-21.1%,-44.5%
FDS,Extended,Data / Information Svc,Financials,Financial Services,Adj,Aug,EPS,CY2028,,,,,,,,23.291,,22.653,-2.7%,22.016,-2.8%,21.995,-0.1%,21.744,-1.1%,20.231,-7.0%,20.751,+2.6%,21.339,+2.8%,230.94,10.8,-3.0%,-20.4%,-21.1%,-44.5%
EXPN,Extended,Data / Information Svc,Industrials,Commercial & Professional Serv,Adj,Mar,EPS,CY2025,,,,,,,,1.769,,1.768,-0.1%,1.774,+0.3%,1.754,-1.1%,1.743,-0.6%,1.753,+0.6%,1.776,+1.3%,1.781,+0.3%,2592.0,14.6,+1.5%,-22.9%,-23.4%,-20.1%
EXPN,Extended,Data / Information Svc,Industrials,Commercial & Professional Serv,Adj,Mar,EPS,CY2026,,,,,,,,1.966,,1.964,-0.1%,1.998,+1.7%,1.972,-1.3%,1.964,-0.4%,1.978,+0.7%,2.003,+1.3%,2.018,+0.7%,2592.0,12.8,+2.3%,-22.9%,-23.4%,-20.1%
EXPN,Extended,Data / Information Svc,Industrials,Commercial & Professional Serv,Adj,Mar,EPS,CY2027,,,,,,,,2.305,,2.283,-1.0%,2.308,+1.1%,2.278,-1.3%,2.203,-3.3%,2.226,+1.0%,2.264,+1.7%,2.296,+1.4%,2592.0,11.3,+0.8%,-22.9%,-23.4%,-20.1%
EXPN,Extended,Data / Information Svc,Industrials,Commercial & Professional Serv,Adj,Mar,EPS,CY2028,,,,,,,,2.65,,2.57,-3.0%,2.6,+1.2%,2.565,-1.3%,2.553,-0.5%,2.492,-2.4%,2.522,+1.2%,2.568,+1.8%,2592.0,10.1,+0.1%,-22.9%,-23.4%,-20.1%
EFX,Extended,Data / Information Svc,Industrials,Commercial & Professional Serv,Adj,Dec,EPS,CY2025,,,,,,,,9.552,,9.594,+0.4%,9.137,-4.8%,7.565,-17.2%,7.594,+0.4%,7.553,-0.5%,7.606,+0.7%,7.618,+0.2%,182.07,23.9,+0.7%,-16.1%,-14.2%,-13.3%
EFX,Extended,Data / Information Svc,Industrials,Commercial & Professional Serv,Adj,Dec,EPS,CY2026,,,,,,,,12.615,,11.424,-9.4%,11.903,+4.2%,9.346,-21.5%,9.296,-0.5%,9.071,-2.4%,8.828,-2.7%,8.59,-2.7%,182.07,21.2,-8.1%,-16.1%,-14.2%,-13.3%
EFX,Extended,Data / Information Svc,Industrials,Commercial & Professional Serv,Adj,Dec,EPS,CY2027,,,,,,,,13.785,,14.191,+2.9%,13.646,-3.8%,11.931,-12.6%,11.798,-1.1%,11.087,-6.0%,10.652,-3.9%,10.348,-2.9%,182.07,17.6,-13.3%,-16.1%,-14.2%,-13.3%
EFX,Extended,Data / Information Svc,Industrials,Commercial & Professional Serv,Adj,Dec,EPS,CY2028,,,,,,,,15.208,,16.007,+5.3%,16.372,+2.3%,14.208,-13.2%,13.875,-2.3%,13.138,-5.3%,12.634,-3.8%,12.427,-1.6%,182.07,14.7,-12.5%,-16.1%,-14.2%,-13.3%
TRU,Extended,Data / Information Svc,Industrials,Commercial & Professional Serv,Adj,Dec,EPS,CY2025,,,,,,,,4.502,,4.561,+1.3%,4.507,-1.2%,4.117,-8.7%,4.107,-0.2%,4.17,+1.5%,4.214,+1.1%,4.24,+0.6%,68.97,16.3,+3.0%,-19.6%,-16.6%,-3.0%
TRU,Extended,Data / Information Svc,Industrials,Commercial & Professional Serv,Adj,Dec,EPS,CY2026,,,,,,,,5.176,,5.199,+0.4%,5.325,+2.4%,4.889,-8.2%,4.798,-1.9%,4.867,+1.4%,4.823,-0.9%,4.766,-1.2%,68.97,14.5,-2.5%,-19.6%,-16.6%,-3.0%
TRU,Extended,Data / Information Svc,Industrials,Commercial & Professional Serv,Adj,Dec,EPS,CY2027,,,,,,,,6.044,,6.014,-0.5%,5.844,-2.8%,5.51,-5.7%,5.672,+2.9%,5.681,+0.2%,5.579,-1.8%,5.497,-1.5%,68.97,12.5,-0.2%,-19.6%,-16.6%,-3.0%
TRU,Extended,Data / Information Svc,Industrials,Commercial & Professional Serv,Adj,Dec,EPS,CY2028,,,,,,,,6.918,,6.645,-3.9%,6.458,-2.8%,6.008,-7.0%,6.448,+7.3%,6.484,+0.6%,6.379,-1.6%,6.404,+0.4%,68.97,10.8,+6.6%,-19.6%,-16.6%,-3.0%
ADP,Extended,Data / Information Svc,Industrials,Commercial & Professional Serv,Adj,Jun,EPS,CY2025,,,,,,,,9.985,,10.034,+0.5%,9.952,-0.8%,9.945,-0.1%,9.972,+0.3%,9.975,+0.0%,,,,,204.34,20.5,-0.6%,-20.6%,-21.7%,-28.6%
ADP,Extended,Data / Information Svc,Industrials,Commercial & Professional Serv,Adj,Jun,EPS,CY2026,,,,,,,,10.838,,10.9,+0.6%,10.864,-0.3%,10.87,+0.1%,10.909,+0.4%,10.916,+0.1%,10.907,-0.1%,10.964,+0.5%,204.34,18.6,+0.9%,-20.6%,-21.7%,-28.6%
ADP,Extended,Data / Information Svc,Industrials,Commercial & Professional Serv,Adj,Jun,EPS,CY2027,,,,,,,,11.697,,11.807,+0.9%,11.793,-0.1%,11.822,+0.2%,11.864,+0.4%,11.945,+0.7%,11.946,+0.0%,11.959,+0.1%,204.34,17.1,+1.2%,-20.6%,-21.7%,-28.6%
ADP,Extended,Data / Information Svc,Industrials,Commercial & Professional Serv,Adj,Jun,EPS,CY2028,,,,,,,,12.285,,12.655,+3.0%,12.605,-0.4%,12.77,+1.3%,12.873,+0.8%,13.054,+1.4%,13.021,-0.3%,12.955,-0.5%,204.34,15.8,+1.4%,-20.6%,-21.7%,-28.6%
PAYX,Extended,Data / Information Svc,Industrials,Commercial & Professional Serv,Adj,May,EPS,CY2025,,,,,,,,4.982,,4.972,-0.2%,4.991,+0.4%,4.993,+0.0%,4.996,+0.1%,,,,,,,91.85,18.4,+0.3%,-18.1%,-17.4%,-35.9%
PAYX,Extended,Data / Information Svc,Industrials,Commercial & Professional Serv,Adj,May,EPS,CY2026,,,,,,,,5.268,,5.281,+0.2%,5.306,+0.5%,5.293,-0.2%,5.436,+2.7%,5.455,+0.3%,5.483,+0.5%,5.5,+0.3%,91.85,16.7,+3.9%,-18.1%,-17.4%,-35.9%
PAYX,Extended,Data / Information Svc,Industrials,Commercial & Professional Serv,Adj,May,EPS,CY2027,,,,,,,,5.613,,5.602,-0.2%,5.647,+0.8%,5.663,+0.3%,5.908,+4.3%,5.85,-1.0%,5.91,+1.0%,5.872,-0.6%,91.85,15.6,+3.7%,-18.1%,-17.4%,-35.9%
PAYX,Extended,Data / Information Svc,Industrials,Commercial & Professional Serv,Adj,May,EPS,CY2028,,,,,,,,6.04,,6.04,+0.0%,6.14,+1.7%,5.75,-6.4%,6.248,+8.7%,6.237,-0.2%,6.242,+0.1%,6.258,+0.3%,91.85,14.7,+8.8%,-18.1%,-17.4%,-35.9%
PAYC,Extended,Data / Information Svc,Industrials,Commercial & Professional Serv,Adj,Dec,EPS,CY2025,,,,,,,,8.843,,8.818,-0.3%,8.74,-0.9%,8.692,-0.5%,8.983,+3.3%,9.289,+3.4%,9.253,-0.4%,9.269,+0.2%,122.97,13.3,+6.6%,-22.8%,-21.5%,-37.9%
PAYC,Extended,Data / Information Svc,Industrials,Commercial & Professional Serv,Adj,Dec,EPS,CY2026,,,,,,,,10.443,,9.956,-4.7%,9.776,-1.8%,9.697,-0.8%,9.951,+2.6%,10.127,+1.8%,10.07,-0.6%,10.387,+3.1%,122.97,11.8,+7.1%,-22.8%,-21.5%,-37.9%
PAYC,Extended,Data / Information Svc,Industrials,Commercial & Professional Serv,Adj,Dec,EPS,CY2027,,,,,,,,11.937,,12.23,+2.5%,11.543,-5.6%,11.076,-4.0%,11.417,+3.1%,11.246,-1.5%,11.256,+0.1%,11.514,+2.3%,122.97,10.7,+4.0%,-22.8%,-21.5%,-37.9%
PAYC,Extended,Data / Information Svc,Industrials,Commercial & Professional Serv,Adj,Dec,EPS,CY2028,,,,,,,,13.585,,13.955,+2.7%,13.305,-4.7%,12.02,-9.7%,12.855,+6.9%,13.02,+1.3%,12.918,-0.8%,12.755,-1.3%,122.97,9.6,+6.1%,-22.8%,-21.5%,-37.9%
MKTX,Extended,Data / Information Svc,Financials,Financial Services,Adj,Dec,EPS,CY2025,,,,,,,,7.935,,7.983,+0.6%,8.201,+2.7%,7.547,-8.0%,7.27,-3.7%,7.093,-2.4%,7.406,+4.4%,7.143,-3.6%,175.15,24.5,-5.4%,-3.4%,-3.4%,-17.7%
MKTX,Extended,Data / Information Svc,Financials,Financial Services,Adj,Dec,EPS,CY2026,,,,,,,,9.095,,9.111,+0.2%,9.341,+2.5%,8.545,-8.5%,8.485,-0.7%,8.216,-3.2%,8.158,-0.7%,8.125,-0.4%,175.15,21.6,-4.9%,-3.4%,-3.4%,-17.7%
MKTX,Extended,Data / Information Svc,Financials,Financial Services,Adj,Dec,EPS,CY2027,,,,,,,,10.42,,10.383,-0.4%,10.492,+1.0%,9.824,-6.4%,9.94,+1.2%,9.343,-6.0%,9.092,-2.7%,8.97,-1.3%,175.15,19.5,-8.7%,-3.4%,-3.4%,-17.7%
MKTX,Extended,Data / Information Svc,Financials,Financial Services,Adj,Dec,EPS,CY2028,,,,,,,,11.583,,11.777,+1.7%,11.843,+0.6%,11.117,-6.1%,11.153,+0.3%,10.397,-6.8%,10.238,-1.5%,10.062,-1.7%,175.15,17.4,-9.5%,-3.4%,-3.4%,-17.7%
VRSK,Extended,Data / Information Svc,Industrials,Commercial & Professional Serv,Adj,Dec,EPS,CY2025,,,,,,,,7.387,,7.286,-1.4%,7.337,+0.7%,7.022,-4.3%,7.052,+0.4%,7.002,-0.7%,6.941,-0.9%,6.948,+0.1%,184.71,26.6,-1.1%,-17.4%,-16.5%,-35.2%
VRSK,Extended,Data / Information Svc,Industrials,Commercial & Professional Serv,Adj,Dec,EPS,CY2026,,,,,,,,8.25,,8.127,-1.5%,8.159,+0.4%,7.882,-3.4%,7.904,+0.3%,7.837,-0.8%,7.651,-2.4%,7.631,-0.3%,184.71,24.2,-3.2%,-17.4%,-16.5%,-35.2%
VRSK,Extended,Data / Information Svc,Industrials,Commercial & Professional Serv,Adj,Dec,EPS,CY2027,,,,,,,,9.308,,9.234,-0.8%,9.216,-0.2%,8.773,-4.8%,8.793,+0.2%,8.802,+0.1%,8.581,-2.5%,8.632,+0.6%,184.71,21.4,-1.6%,-17.4%,-16.5%,-35.2%
VRSK,Extended,Data / Information Svc,Industrials,Commercial & Professional Serv,Adj,Dec,EPS,CY2028,,,,,,,,10.21,,10.073,-1.3%,10.265,+1.9%,9.914,-3.4%,9.92,+0.1%,9.923,+0.0%,10.808,+8.9%,9.698,-10.3%,184.71,19.0,-2.2%,-17.4%,-16.5%,-35.2%
EXPE,Extended,Travel / tourism,Consumer Discretionary,Consumer Services,Adj,Dec,EPS,CY2025,,,,,,,,14.708,,14.159,-3.7%,14.248,+0.6%,14.451,+1.4%,14.226,-1.6%,14.371,+1.0%,15.313,+6.6%,15.43,+0.8%,229.04,14.8,+6.8%,-19.2%,-23.5%,+61.5%
EXPE,Extended,Travel / tourism,Consumer Discretionary,Consumer Services,Adj,Dec,EPS,CY2026,,,,,,,,17.857,,16.529,-7.4%,17.241,+4.3%,17.044,-1.1%,16.76,-1.7%,16.947,+1.1%,18.345,+8.2%,19.515,+6.4%,229.04,11.7,+14.5%,-19.2%,-23.5%,+61.5%
EXPE,Extended,Travel / tourism,Consumer Discretionary,Consumer Services,Adj,Dec,EPS,CY2027,,,,,,,,21.965,,20.803,-5.3%,20.225,-2.8%,19.273,-4.7%,20.199,+4.8%,20.057,-0.7%,21.601,+7.7%,22.888,+6.0%,229.04,10.0,+18.8%,-19.2%,-23.5%,+61.5%
EXPE,Extended,Travel / tourism,Consumer Discretionary,Consumer Services,Adj,Dec,EPS,CY2028,,,,,,,,27.269,,25.257,-7.4%,23.926,-5.3%,23.85,-0.3%,23.555,-1.2%,23.542,-0.1%,25.676,+9.1%,27.1,+5.5%,229.04,8.5,+13.6%,-19.2%,-23.5%,+61.5%
TRIP,Extended,Travel / tourism,Communication Services,Media & Entertainment,Adj,Dec,EPS,CY2025,,,,,,,,1.554,,1.381,-11.1%,1.271,-8.0%,1.331,+4.7%,1.465,+10.1%,1.373,-6.3%,1.406,+2.4%,1.381,-1.8%,10.85,7.9,+3.8%,-25.5%,-26.2%,-7.2%
TRIP,Extended,Travel / tourism,Communication Services,Media & Entertainment,Adj,Dec,EPS,CY2026,,,,,,,,1.943,,1.656,-14.8%,1.557,-6.0%,1.537,-1.3%,1.721,+12.0%,1.825,+6.0%,1.836,+0.6%,1.446,-21.2%,10.85,7.5,-5.9%,-25.5%,-26.2%,-7.2%
TRIP,Extended,Travel / tourism,Communication Services,Media & Entertainment,Adj,Dec,EPS,CY2027,,,,,,,,3.114,,2.803,-10.0%,2.05,-26.9%,2.006,-2.1%,2.349,+17.1%,3.025,+28.8%,2.328,-23.0%,1.763,-24.3%,10.85,6.2,-12.1%,-25.5%,-26.2%,-7.2%
TRIP,Extended,Travel / tourism,Communication Services,Media & Entertainment,Adj,Dec,EPS,CY2028,,,,,,,,3.801,,3.416,-10.1%,2.553,-25.3%,2.832,+10.9%,3.092,+9.2%,5.102,+65.0%,3.273,-35.8%,2.583,-21.1%,10.85,4.2,-8.8%,-25.5%,-26.2%,-7.2%
UHAL,Extended,Travel / tourism,Industrials,Transportation,Adj,Mar,EPS,CY2025,,,,,,,,,,4.13,,2.35,-43.1%,2.33,-0.9%,2.32,-0.4%,0.7,-69.8%,0.55,-21.4%,0.448,-18.5%,48.64,108.6,-80.8%,-3.5%,-8.9%,-21.9%
UHAL,Extended,Travel / tourism,Industrials,Transportation,Adj,Mar,EPS,CY2026,,,,,,,,,,,,1.2,,1.3,+8.3%,1.47,+13.1%,0.72,-51.0%,1.215,+68.8%,1.03,-15.2%,48.64,47.2,-20.8%,-3.5%,-8.9%,-21.9%
UHAL,Extended,Travel / tourism,Industrials,Transportation,Adj,Mar,EPS,CY2027,,,,,,,,,,,,,,,,,,,,,,,,48.64,,,-3.5%,-8.9%,-21.9%
UHAL,Extended,Travel / tourism,Industrials,Transportation,Adj,Mar,EPS,CY2028,,,,,,,,,,,,,,,,,,,,,,,,48.64,,,-3.5%,-8.9%,-21.9%
MGM,Extended,Travel / tourism,Consumer Discretionary,Consumer Services,Adj,Dec,EPS,CY2025,,,,,,,,3.209,,2.99,-6.8%,2.451,-18.0%,2.32,-5.3%,2.238,-3.5%,2.375,+6.1%,1.942,-18.2%,2.219,+14.3%,37.6,16.9,-4.4%,+3.0%,+5.2%,+40.0%
MGM,Extended,Travel / tourism,Consumer Discretionary,Consumer Services,Adj,Dec,EPS,CY2026,,,,,,,,3.476,,3.388,-2.5%,2.938,-13.3%,2.838,-3.4%,2.564,-9.7%,2.68,+4.5%,1.972,-26.4%,1.922,-2.5%,37.6,19.6,-32.3%,+3.0%,+5.2%,+40.0%
MGM,Extended,Travel / tourism,Consumer Discretionary,Consumer Services,Adj,Dec,EPS,CY2027,,,,,,,,4.52,,,,3.98,-11.9%,3.263,-18.0%,3.014,-7.6%,3.225,+7.0%,2.61,-19.1%,2.455,-5.9%,37.6,15.3,-24.8%,+3.0%,+5.2%,+40.0%
MGM,Extended,Travel / tourism,Consumer Discretionary,Consumer Services,Adj,Dec,EPS,CY2028,,,,,,,,5.05,,,,4.49,-11.1%,3.6,-19.8%,3.865,+7.4%,3.44,-11.0%,3.323,-3.4%,2.945,-11.4%,37.6,12.8,-18.2%,+3.0%,+5.2%,+40.0%
WYNN,Extended,Travel / tourism,Consumer Discretionary,Consumer Services,Adj,Dec,EPS,CY2025,,,,,,,,6.017,,5.534,-8.0%,5.112,-7.6%,5.437,+6.4%,4.893,-10.0%,4.779,-2.3%,4.585,-4.1%,4.518,-1.5%,102.71,22.7,-16.9%,-14.6%,-14.8%,+46.5%
WYNN,Extended,Travel / tourism,Consumer Discretionary,Consumer Services,Adj,Dec,EPS,CY2026,,,,,,,,6.351,,5.43,-14.5%,5.372,-1.1%,5.639,+5.0%,5.477,-2.9%,5.879,+7.3%,5.943,+1.1%,5.203,-12.5%,102.71,19.7,-7.7%,-14.6%,-14.8%,+46.5%
WYNN,Extended,Travel / tourism,Consumer Discretionary,Consumer Services,Adj,Dec,EPS,CY2027,,,,,,,,8.34,,8.44,+1.2%,6.93,-17.9%,6.65,-4.0%,5.889,-11.4%,6.417,+9.0%,6.368,-0.8%,5.972,-6.2%,102.71,17.2,-10.2%,-14.6%,-14.8%,+46.5%
WYNN,Extended,Travel / tourism,Consumer Discretionary,Consumer Services,Adj,Dec,EPS,CY2028,,,,,,,,10.08,,9.63,-4.5%,9.99,+3.7%,7.92,-20.7%,8.23,+3.9%,8.765,+6.5%,7.883,-10.1%,6.914,-12.3%,102.71,14.9,-12.7%,-14.6%,-14.8%,+46.5%
H,Extended,Travel / tourism,Consumer Discretionary,Consumer Services,Adj,Dec,EPS,CY2025,,,,,,,,4.418,,4.084,-7.6%,3.839,-6.0%,3.054,-20.4%,2.298,-24.8%,2.711,+18.0%,1.433,-47.1%,1.329,-7.3%,145.99,109.8,-56.5%,-8.9%,-12.9%,+33.0%
H,Extended,Travel / tourism,Consumer Discretionary,Consumer Services,Adj,Dec,EPS,CY2026,,,,,,,,5.495,,5.113,-7.0%,4.919,-3.8%,4.201,-14.6%,3.391,-19.3%,3.681,+8.6%,3.698,+0.5%,3.332,-9.9%,145.99,43.8,-20.7%,-8.9%,-12.9%,+33.0%
H,Extended,Travel / tourism,Consumer Discretionary,Consumer Services,Adj,Dec,EPS,CY2027,,,,,,,,7.903,,7.72,-2.3%,6.964,-9.8%,5.597,-19.6%,4.485,-19.9%,4.915,+9.6%,4.685,-4.7%,4.582,-2.2%,145.99,31.9,-18.1%,-8.9%,-12.9%,+33.0%
H,Extended,Travel / tourism,Consumer Discretionary,Consumer Services,Adj,Dec,EPS,CY2028,,,,,,,,9.43,,9.583,+1.6%,9.17,-4.3%,8.055,-12.2%,7.013,-12.9%,7.083,+1.0%,6.93,-2.2%,5.625,-18.8%,145.99,26.0,-30.2%,-8.9%,-12.9%,+33.0%
IHG,Extended,Travel / tourism,Consumer Discretionary,Consumer Services,Adj,Dec,EPS,CY2025,,,,,,,,4.908,,4.882,-0.5%,5.003,+2.5%,4.998,-0.1%,4.906,-1.8%,5.122,+4.4%,4.99,-2.6%,4.984,-0.1%,134.25,0.3,-0.3%,-4.6%,-1.7%,+36.3%
IHG,Extended,Travel / tourism,Consumer Discretionary,Consumer Services,Adj,Dec,EPS,CY2026,,,,,,,,5.498,,5.536,+0.7%,5.657,+2.2%,5.662,+0.1%,5.556,-1.9%,5.724,+3.0%,5.601,-2.1%,5.684,+1.5%,134.25,0.2,+0.4%,-4.6%,-1.7%,+36.3%
IHG,Extended,Travel / tourism,Consumer Discretionary,Consumer Services,Adj,Dec,EPS,CY2027,,,,,,,,6.173,,6.229,+0.9%,6.385,+2.5%,6.347,-0.6%,6.238,-1.7%,6.454,+3.5%,6.287,-2.6%,6.433,+2.3%,134.25,0.2,+1.4%,-4.6%,-1.7%,+36.3%
IHG,Extended,Travel / tourism,Consumer Discretionary,Consumer Services,Adj,Dec,EPS,CY2028,,,,,,,,6.757,,6.848,+1.3%,6.857,+0.1%,6.943,+1.3%,7.08,+2.0%,7.757,+9.6%,7.083,-8.7%,7.325,+3.4%,134.25,0.2,+5.5%,-4.6%,-1.7%,+36.3%
AMS,Extended,Travel / tourism,Consumer Discretionary,Consumer Services,Adj,Dec,EPS,CY2025,,,,,,,,3.219,,3.23,+0.3%,3.226,-0.1%,3.279,+1.6%,3.155,-3.8%,3.156,+0.0%,3.119,-1.2%,3.123,+0.1%,49.54,15.9,-4.8%,-21.2%,-22.0%,-21.7%
AMS,Extended,Travel / tourism,Consumer Discretionary,Consumer Services,Adj,Dec,EPS,CY2026,,,,,,,,3.61,,3.634,+0.7%,3.615,-0.5%,3.704,+2.5%,3.57,-3.6%,3.505,-1.8%,3.483,-0.6%,3.451,-0.9%,49.54,14.4,-6.8%,-21.2%,-22.0%,-21.7%
AMS,Extended,Travel / tourism,Consumer Discretionary,Consumer Services,Adj,Dec,EPS,CY2027,,,,,,,,4.023,,4.04,+0.4%,4.019,-0.5%,4.188,+4.2%,3.992,-4.7%,3.903,-2.2%,3.865,-1.0%,3.834,-0.8%,49.54,12.9,-8.5%,-21.2%,-22.0%,-21.7%
AMS,Extended,Travel / tourism,Consumer Discretionary,Consumer Services,Adj,Dec,EPS,CY2028,,,,,,,,4.504,,4.368,-3.0%,4.353,-0.3%,4.603,+5.7%,4.521,-1.8%,4.393,-2.8%,4.208,-4.2%,4.253,+1.1%,49.54,11.6,-7.6%,-21.2%,-22.0%,-21.7%
SABR,Extended,Travel / tourism,Consumer Discretionary,Consumer Services,Adj,Dec,EPS,CY2025,,,,,,,,0.23,,0.141,-38.7%,0.16,+13.5%,0.162,+1.3%,0.124,-23.5%,0.025,-79.8%,-0.072,-388.0%,-0.065,+9.7%,1.43,-22.0,-140.1%,+5.1%,+4.4%,-33.5%
SABR,Extended,Travel / tourism,Consumer Discretionary,Consumer Services,Adj,Dec,EPS,CY2026,,,,,,,,0.366,,0.215,-41.3%,0.235,+9.3%,0.3,+27.7%,0.353,+17.7%,0.254,-28.0%,0.177,-30.3%,0.009,-94.9%,1.43,158.9,-97.0%,+5.1%,+4.4%,-33.5%
SABR,Extended,Travel / tourism,Consumer Discretionary,Consumer Services,Adj,Dec,EPS,CY2027,,,,,,,,0.545,,0.367,-32.7%,0.495,+34.9%,0.328,-33.7%,0.396,+20.7%,0.306,-22.7%,0.195,-36.3%,0.143,-26.7%,1.43,10.0,-56.4%,+5.1%,+4.4%,-33.5%
SABR,Extended,Travel / tourism,Consumer Discretionary,Consumer Services,Adj,Dec,EPS,CY2028,,,,,,,,0.683,,0.5,-26.8%,0.447,-10.6%,0.467,+4.5%,0.52,+11.3%,0.323,-37.9%,0.38,+17.6%,0.124,-67.4%,1.43,11.5,-73.4%,+5.1%,+4.4%,-33.5%
EFN,Extended,Travel / tourism,Industrials,Commercial & Professional Serv,Adj,Dec,EPS,CY2025,,,,,,,,1.124,,1.157,+2.9%,1.232,+6.5%,1.217,-1.2%,1.207,-0.8%,1.24,+2.7%,1.245,+0.4%,1.245,+0.0%,31.2,25.1,+2.3%,-13.5%,-12.5%,+9.6%
EFN,Extended,Travel / tourism,Industrials,Commercial & Professional Serv,Adj,Dec,EPS,CY2026,,,,,,,,1.655,,1.427,-13.8%,1.365,-4.3%,1.376,+0.8%,1.422,+3.3%,1.422,+0.0%,1.417,-0.4%,1.409,-0.6%,31.2,22.1,+2.4%,-13.5%,-12.5%,+9.6%
EFN,Extended,Travel / tourism,Industrials,Commercial & Professional Serv,Adj,Dec,EPS,CY2027,,,,,,,,,,,,,,,,1.51,,1.618,+7.2%,1.56,-3.6%,1.559,-0.1%,31.2,20.0,,-13.5%,-12.5%,+9.6%
EFN,Extended,Travel / tourism,Industrials,Commercial & Professional Serv,Adj,Dec,EPS,CY2028,,,,,,,,,,,,,,,,,,,,,,,,31.2,,,-13.5%,-12.5%,+9.6%
CAR,Extended,Travel / tourism,Industrials,Transportation,Adj,Dec,EPS,CY2025,,,,,,,,16.745,,13.936,-16.8%,10.629,-23.7%,8.769,-17.5%,7.442,-15.1%,4.34,-41.7%,0.389,-91.0%,0.259,-33.4%,212.6,820.8,-97.0%,+65.7%,+63.4%,+207.2%
CAR,Extended,Travel / tourism,Industrials,Transportation,Adj,Dec,EPS,CY2026,,,,,,,,13.205,,14.187,+7.4%,13.96,-1.6%,13.795,-1.2%,12.286,-10.9%,11.217,-8.7%,9.576,-14.6%,3.745,-60.9%,212.6,56.8,-72.9%,+65.7%,+63.4%,+207.2%
CAR,Extended,Travel / tourism,Industrials,Transportation,Adj,Dec,EPS,CY2027,,,,,,,,,,23.65,,25.21,+6.6%,10.5,-58.3%,11.185,+6.5%,11.427,+2.2%,10.512,-8.0%,7.731,-26.5%,212.6,27.5,-26.4%,+65.7%,+63.4%,+207.2%
CAR,Extended,Travel / tourism,Industrials,Transportation,Adj,Dec,EPS,CY2028,,,,,,,,,,31.89,,36.39,+14.1%,37.91,+4.2%,21.83,-42.4%,,,,,8.3,-62.0%,212.6,25.6,-78.1%,+65.7%,+63.4%,+207.2%
HTZ,Extended,Travel / tourism,Industrials,Transportation,Adj,Dec,EPS,CY2025,,,,,,,,0.102,,-0.719,-804.9%,-0.669,+7.0%,-1.32,-97.3%,-1.527,-15.7%,-1.951,-27.8%,-1.896,+2.8%,-1.896,+0.0%,5.31,-2.8,-43.6%,+3.3%,-5.9%,+43.5%
HTZ,Extended,Travel / tourism,Industrials,Transportation,Adj,Dec,EPS,CY2026,,,,,,,,0.26,,0.198,-23.8%,-0.002,-101.0%,-0.139,-6850.0%,-0.382,-174.8%,-0.507,-32.7%,-0.484,+4.5%,-0.722,-49.2%,5.31,-7.4,-419.4%,+3.3%,-5.9%,+43.5%
HTZ,Extended,Travel / tourism,Industrials,Transportation,Adj,Dec,EPS,CY2027,,,,,,,,,,0.33,,-0.095,-128.8%,-0.08,+15.8%,-0.087,-8.7%,0.185,+312.6%,0.173,-6.5%,0.137,-20.8%,5.31,38.8,+271.3%,+3.3%,-5.9%,+43.5%
HTZ,Extended,Travel / tourism,Industrials,Transportation,Adj,Dec,EPS,CY2028,,,,,,,,,,0.95,,0.63,-33.7%,0.32,-49.2%,0.17,-46.9%,0.37,+117.6%,0.19,-48.6%,0.257,+35.3%,5.31,20.7,-19.7%,+3.3%,-5.9%,+43.5%
DAL,Extended,Travel / tourism,Industrials,Transportation,Adj,Dec,EPS,CY2025,,,,,,,,7.349,,7.208,-1.9%,7.414,+2.9%,7.006,-5.5%,5.362,-23.5%,5.742,+7.1%,5.814,+1.3%,5.801,-0.2%,66.78,11.5,-17.2%,-3.8%,-7.5%,+79.3%
DAL,Extended,Travel / tourism,Industrials,Transportation,Adj,Dec,EPS,CY2026,,,,,,,,8.482,,7.867,-7.3%,8.31,+5.6%,8.197,-1.4%,6.666,-18.7%,6.972,+4.6%,7.112,+2.0%,6.177,-13.1%,66.78,10.8,-24.6%,-3.8%,-7.5%,+79.3%
DAL,Extended,Travel / tourism,Industrials,Transportation,Adj,Dec,EPS,CY2027,,,,,,,,10.02,,8.95,-10.7%,8.863,-1.0%,9.166,+3.4%,7.709,-15.9%,7.969,+3.4%,8.155,+2.3%,8.04,-1.4%,66.78,8.3,-12.3%,-3.8%,-7.5%,+79.3%
DAL,Extended,Travel / tourism,Industrials,Transportation,Adj,Dec,EPS,CY2028,,,,,,,,10.745,,9.89,-8.0%,9.85,-0.4%,10.483,+6.4%,8.603,-17.9%,8.583,-0.2%,8.958,+4.4%,9.196,+2.7%,66.78,7.3,-12.3%,-3.8%,-7.5%,+79.3%
UAL,Extended,Travel / tourism,Industrials,Transportation,Adj,Dec,EPS,CY2025,,,,,,,,12.025,,11.235,-6.6%,12.46,+10.9%,12.626,+1.3%,10.047,-20.4%,10.328,+2.8%,10.481,+1.5%,10.435,-0.4%,90.97,8.7,-17.4%,-18.6%,-22.6%,+57.7%
UAL,Extended,Travel / tourism,Industrials,Transportation,Adj,Dec,EPS,CY2026,,,,,,,,13.265,,13.002,-2.0%,14.275,+9.8%,14.374,+0.7%,12.32,-14.3%,12.902,+4.7%,12.871,-0.2%,11.6,-9.9%,90.97,7.8,-19.3%,-18.6%,-22.6%,+57.7%
UAL,Extended,Travel / tourism,Industrials,Transportation,Adj,Dec,EPS,CY2027,,,,,,,,14.857,,14.44,-2.8%,15.26,+5.7%,15.833,+3.8%,14.059,-11.2%,14.396,+2.4%,14.431,+0.2%,14.651,+1.5%,90.97,6.2,-7.5%,-18.6%,-22.6%,+57.7%
UAL,Extended,Travel / tourism,Industrials,Transportation,Adj,Dec,EPS,CY2028,,,,,,,,75.51,,15.955,-78.9%,17.625,+10.5%,17.773,+0.8%,13.68,-23.0%,14.482,+5.9%,14.717,+1.6%,16.376,+11.3%,90.97,5.6,-7.9%,-18.6%,-22.6%,+57.7%
AAL,Extended,Travel / tourism,Industrials,Transportation,Adj,Dec,EPS,CY2025,,,,,,,,2.775,,1.867,-32.7%,2.262,+21.2%,1.963,-13.2%,0.817,-58.4%,0.447,-45.3%,0.53,+18.6%,0.512,-3.4%,10.9,21.3,-73.9%,-28.9%,-30.4%,+15.2%
AAL,Extended,Travel / tourism,Industrials,Transportation,Adj,Dec,EPS,CY2026,,,,,,,,3.645,,2.535,-30.5%,2.818,+11.2%,2.813,-0.2%,1.908,-32.2%,1.724,-9.6%,1.906,+10.6%,0.901,-52.7%,10.9,12.1,-68.0%,-28.9%,-30.4%,+15.2%
AAL,Extended,Travel / tourism,Industrials,Transportation,Adj,Dec,EPS,CY2027,,,,,,,,4.548,,3.93,-13.6%,3.624,-7.8%,3.387,-6.5%,2.547,-24.8%,2.306,-9.5%,2.494,+8.2%,2.431,-2.5%,10.9,4.5,-28.2%,-28.9%,-30.4%,+15.2%
AAL,Extended,Travel / tourism,Industrials,Transportation,Adj,Dec,EPS,CY2028,,,,,,,,4.573,,4.25,-7.1%,4.543,+6.9%,4.193,-7.7%,3.39,-19.2%,3.233,-4.6%,3.01,-6.9%,3.109,+3.3%,10.9,3.5,-25.9%,-28.9%,-30.4%,+15.2%
LHA,Extended,Travel / tourism,Industrials,Transportation,Adj,Dec,EPS,CY2025,,,,,,,,1.522,,1.246,-18.1%,1.254,+0.6%,1.12,-10.7%,0.994,-11.3%,1.096,+10.3%,1.088,-0.7%,1.098,+0.9%,7.502,6.8,-2.0%,-10.8%,-18.2%,+27.9%
LHA,Extended,Travel / tourism,Industrials,Transportation,Adj,Dec,EPS,CY2026,,,,,,,,1.666,,1.432,-14.0%,1.465,+2.3%,1.375,-6.1%,1.297,-5.7%,1.269,-2.2%,1.24,-2.3%,1.139,-8.1%,7.502,6.6,-17.2%,-10.8%,-18.2%,+27.9%
LHA,Extended,Travel / tourism,Industrials,Transportation,Adj,Dec,EPS,CY2027,,,,,,,,1.745,,1.596,-8.5%,1.576,-1.3%,1.556,-1.3%,1.491,-4.2%,1.428,-4.2%,1.415,-0.9%,1.456,+2.9%,7.502,5.2,-6.4%,-10.8%,-18.2%,+27.9%
LHA,Extended,Travel / tourism,Industrials,Transportation,Adj,Dec,EPS,CY2028,,,,,,,,1.76,,1.686,-4.2%,1.652,-2.0%,1.653,+0.1%,1.78,+7.7%,1.56,-12.4%,1.662,+6.5%,1.619,-2.6%,7.502,4.6,-2.1%,-10.8%,-18.2%,+27.9%
RYAAY,Extended,Travel / tourism,Industrials,Transportation,Adj,Mar,EPS,CY2025,,,,,,,,4.465,,3.436,-23.0%,3.605,+4.9%,3.707,+2.8%,3.851,+3.9%,4.047,+5.1%,4.175,+3.2%,4.173,-0.0%,58.67,14.1,+12.6%,-18.7%,-18.0%,+46.3%
RYAAY,Extended,Travel / tourism,Industrials,Transportation,Adj,Mar,EPS,CY2026,,,,,,,,4.798,,3.825,-20.3%,4.119,+7.7%,4.018,-2.5%,4.434,+10.4%,4.609,+3.9%,4.788,+3.9%,4.742,-1.0%,58.67,12.4,+18.0%,-18.7%,-18.0%,+46.3%
RYAAY,Extended,Travel / tourism,Industrials,Transportation,Adj,Mar,EPS,CY2027,,,,,,,,6.03,,5.047,-16.3%,4.734,-6.2%,5.02,+6.0%,4.913,-2.1%,5.099,+3.8%,5.195,+1.9%,5.175,-0.4%,58.67,11.3,+3.1%,-18.7%,-18.0%,+46.3%
RYAAY,Extended,Travel / tourism,Industrials,Transportation,Adj,Mar,EPS,CY2028,,,,,,,,6.38,,5.36,-16.0%,5.265,-1.8%,5.55,+5.4%,5.043,-9.1%,5.08,+0.7%,5.603,+10.3%,5.755,+2.7%,58.67,10.2,+3.7%,-18.7%,-18.0%,+46.3%
LUV,Extended,Travel / tourism,Industrials,Transportation,Adj,Dec,EPS,CY2025,,,,,,,,1.806,,1.375,-23.9%,1.639,+19.2%,1.796,+9.6%,1.135,-36.8%,0.957,-15.7%,0.962,+0.5%,0.951,-1.1%,38.18,40.1,-47.0%,-7.6%,-10.1%,+47.6%
LUV,Extended,Travel / tourism,Industrials,Transportation,Adj,Dec,EPS,CY2026,,,,,,,,2.267,,2.223,-1.9%,2.351,+5.8%,2.842,+20.9%,2.583,-9.1%,2.355,-8.8%,2.864,+21.6%,3.807,+32.9%,38.18,10.0,+34.0%,-7.6%,-10.1%,+47.6%
LUV,Extended,Travel / tourism,Industrials,Transportation,Adj,Dec,EPS,CY2027,,,,,,,,2.553,,3.137,+22.9%,3.232,+3.0%,3.732,+15.5%,3.476,-6.9%,3.444,-0.9%,3.74,+8.6%,4.924,+31.7%,38.18,7.8,+31.9%,-7.6%,-10.1%,+47.6%
LUV,Extended,Travel / tourism,Industrials,Transportation,Adj,Dec,EPS,CY2028,,,,,,,,2.785,,3.47,+24.6%,2.57,-25.9%,3.193,+24.2%,3.457,+8.3%,4.218,+22.0%,4.53,+7.4%,5.264,+16.2%,38.18,7.3,+64.9%,-7.6%,-10.1%,+47.6%
ULCC,Extended,Travel / tourism,Industrials,Transportation,Adj,Dec,EPS,CY2025,,,,,,,,0.938,,0.481,-48.7%,0.526,+9.4%,0.792,+50.6%,-0.298,-137.6%,-0.71,-138.3%,-0.756,-6.5%,-0.709,+6.2%,3.57,-5.0,-189.5%,-24.2%,-25.3%,+3.3%
ULCC,Extended,Travel / tourism,Industrials,Transportation,Adj,Dec,EPS,CY2026,,,,,,,,1.463,,1.137,-22.3%,1.041,-8.4%,1.02,-2.0%,0.307,-69.9%,0.139,-54.7%,-0.022,-115.8%,-0.403,-1731.8%,3.57,-8.9,-139.5%,-24.2%,-25.3%,+3.3%
ULCC,Extended,Travel / tourism,Industrials,Transportation,Adj,Dec,EPS,CY2027,,,,,,,,1.69,,1.2,-29.0%,1.4,+16.7%,1.403,+0.2%,0.885,-36.9%,0.631,-28.7%,0.483,-23.5%,0.399,-17.4%,3.57,8.9,-71.6%,-24.2%,-25.3%,+3.3%
ULCC,Extended,Travel / tourism,Industrials,Transportation,Adj,Dec,EPS,CY2028,,,,,,,,1.67,,1.52,-9.0%,1.34,-11.8%,1.39,+3.7%,0.85,-38.8%,1.01,+18.8%,1.09,+7.9%,0.616,-43.5%,3.57,5.8,-55.7%,-24.2%,-25.3%,+3.3%
MTN,Extended,Travel / tourism,Consumer Discretionary,Consumer Services,Adj,Jul,EPS,CY2025,,,,,,,,8.513,,7.506,-11.8%,7.663,+2.1%,7.719,+0.7%,7.763,+0.6%,7.754,-0.1%,,,,,129.63,16.7,+3.3%,-2.4%,-5.1%,-10.8%
MTN,Extended,Travel / tourism,Consumer Discretionary,Consumer Services,Adj,Jul,EPS,CY2026,,,,,,,,9.059,,8.643,-4.6%,8.378,-3.1%,8.161,-2.6%,7.806,-4.3%,6.894,-11.7%,6.929,+0.5%,4.971,-28.3%,129.63,26.1,-39.1%,-2.4%,-5.1%,-10.8%
MTN,Extended,Travel / tourism,Consumer Discretionary,Consumer Services,Adj,Jul,EPS,CY2027,,,,,,,,,,9.023,,8.834,-2.1%,8.901,+0.8%,8.716,-2.1%,7.884,-9.5%,7.818,-0.8%,7.242,-7.4%,129.63,17.9,-18.6%,-2.4%,-5.1%,-10.8%
MTN,Extended,Travel / tourism,Consumer Discretionary,Consumer Services,Adj,Jul,EPS,CY2028,,,,,,,,,,,,,,,,,,9.13,,8.692,-4.8%,7.896,-9.2%,129.63,16.4,,-2.4%,-5.1%,-10.8%
RCL,Extended,Travel / tourism,Consumer Discretionary,Consumer Services,Adj,Dec,EPS,CY2025,,,,,,,,12.612,,13.226,+4.9%,14.349,+8.5%,14.815,+3.2%,15.342,+3.6%,15.661,+2.1%,15.647,-0.1%,15.651,+0.0%,275.7,17.6,+5.6%,-1.2%,-7.4%,+54.9%
RCL,Extended,Travel / tourism,Consumer Discretionary,Consumer Services,Adj,Dec,EPS,CY2026,,,,,,,,14.42,,15.173,+5.2%,16.738,+10.3%,17.649,+5.4%,17.734,+0.5%,18.243,+2.9%,17.759,-2.7%,17.952,+1.1%,275.7,15.4,+1.7%,-1.2%,-7.4%,+54.9%
RCL,Extended,Travel / tourism,Consumer Discretionary,Consumer Services,Adj,Dec,EPS,CY2027,,,,,,,,15.77,,16.89,+7.1%,19.265,+14.1%,20.432,+6.1%,20.357,-0.4%,21.004,+3.2%,20.418,-2.8%,20.637,+1.1%,275.7,13.4,+1.0%,-1.2%,-7.4%,+54.9%
RCL,Extended,Travel / tourism,Consumer Discretionary,Consumer Services,Adj,Dec,EPS,CY2028,,,,,,,,17.405,,18.31,+5.2%,21.563,+17.8%,22.884,+6.1%,23.383,+2.2%,23.758,+1.6%,23.343,-1.7%,23.63,+1.2%,275.7,11.7,+3.3%,-1.2%,-7.4%,+54.9%
CCL,Extended,Travel / tourism,Consumer Discretionary,Consumer Services,Adj,Nov,EPS,CY2025,,,,,,,,1.508,,1.637,+8.6%,1.736,+6.0%,1.829,+5.4%,1.97,+7.7%,2.116,+7.4%,2.135,+0.9%,,,25.97,12.2,+23.0%,-15.0%,-19.6%,+57.4%
CCL,Extended,Travel / tourism,Consumer Discretionary,Consumer Services,Adj,Nov,EPS,CY2026,,,,,,,,1.787,,1.915,+7.2%,2.042,+6.6%,2.135,+4.6%,2.269,+6.3%,2.382,+5.0%,2.511,+5.4%,2.258,-10.1%,25.97,11.5,+5.8%,-15.0%,-19.6%,+57.4%
CCL,Extended,Travel / tourism,Consumer Discretionary,Consumer Services,Adj,Nov,EPS,CY2027,,,,,,,,2.605,,2.463,-5.5%,2.432,-1.3%,2.471,+1.6%,2.593,+4.9%,2.724,+5.1%,2.829,+3.9%,2.623,-7.3%,25.97,9.9,+6.2%,-15.0%,-19.6%,+57.4%
CCL,Extended,Travel / tourism,Consumer Discretionary,Consumer Services,Adj,Nov,EPS,CY2028,,,,,,,,3.045,,3.02,-0.8%,2.963,-1.9%,2.875,-3.0%,2.858,-0.6%,3.118,+9.1%,3.29,+5.5%,3.033,-7.8%,25.97,8.6,+5.5%,-15.0%,-19.6%,+57.4%
PK,Extended,Travel / tourism,Real Estate,Equity Real Estate Investment,Adj,Dec,EPS,CY2025,,,,,,,,0.952,,0.927,-2.6%,0.894,-3.6%,0.742,-17.0%,0.167,-77.5%,-0.175,-204.8%,-0.172,+1.7%,-0.294,-70.9%,10.39,-35.3,-139.6%,-0.7%,-4.1%,+11.0%
PK,Extended,Travel / tourism,Real Estate,Equity Real Estate Investment,Adj,Dec,EPS,CY2026,,,,,,,,4.507,,0.984,-78.2%,0.91,-7.5%,0.747,-17.9%,0.523,-30.0%,0.288,-44.9%,0.331,+14.9%,0.555,+67.7%,10.39,18.7,-25.7%,-0.7%,-4.1%,+11.0%
PK,Extended,Travel / tourism,Real Estate,Equity Real Estate Investment,Adj,Dec,EPS,CY2027,,,,,,,,133.993,,10.36,-92.3%,10.593,+2.2%,0.923,-91.3%,0.817,-11.5%,0.301,-63.2%,0.245,-18.6%,0.577,+135.5%,10.39,18.0,-37.5%,-0.7%,-4.1%,+11.0%
PK,Extended,Travel / tourism,Real Estate,Equity Real Estate Investment,Adj,Dec,EPS,CY2028,,,,,,,,1.595,,1.565,-1.9%,1.435,-8.3%,1.1,-23.3%,1.085,-1.4%,0.33,-69.6%,0.335,+1.5%,1.023,+205.4%,10.39,10.2,-7.0%,-0.7%,-4.1%,+11.0%
ORCL,Extended,Software,Information Technology,Software & Services,GAAP,May,EPS,CY2025,,,,,,,,4.316,,4.641,+7.5%,4.562,-1.7%,4.351,-4.6%,4.347,-0.1%,,,,,,,145.54,33.5,+0.7%,-25.3%,-24.9%,+13.5%
ORCL,Extended,Software,Information Technology,Software & Services,GAAP,May,EPS,CY2026,,,,,,,,5.379,,5.462,+1.5%,5.299,-3.0%,4.873,-8.0%,4.963,+1.8%,4.98,+0.3%,5.76,+15.7%,5.839,+1.4%,145.54,24.9,+19.8%,-25.3%,-24.9%,+13.5%
ORCL,Extended,Software,Information Technology,Software & Services,GAAP,May,EPS,CY2027,,,,,,,,6.887,,6.701,-2.7%,6.555,-2.2%,6.262,-4.5%,6.338,+1.2%,6.066,-4.3%,6.349,+4.7%,6.252,-1.5%,145.54,23.3,-0.2%,-25.3%,-24.9%,+13.5%
ORCL,Extended,Software,Information Technology,Software & Services,GAAP,May,EPS,CY2028,,,,,,,,8.077,,8.553,+5.9%,7.874,-7.9%,7.629,-3.1%,7.975,+4.5%,9.0,+12.9%,8.949,-0.6%,8.804,-1.6%,145.54,16.5,+15.4%,-25.3%,-24.9%,+13.5%
INTU,Extended,Software,Information Technology,Software & Services,Adj,Jul,EPS,CY2025,,,,,,,,19.154,,19.339,+1.0%,19.284,-0.3%,19.337,+0.3%,20.096,+3.9%,20.096,+0.0%,,,,,417.36,20.8,+3.9%,-37.0%,-35.5%,-25.7%
INTU,Extended,Software,Information Technology,Software & Services,Adj,Jul,EPS,CY2026,,,,,,,,21.984,,22.208,+1.0%,22.079,-0.6%,22.227,+0.7%,22.948,+3.2%,23.102,+0.7%,23.162,+0.3%,23.202,+0.2%,417.36,18.0,+4.4%,-37.0%,-35.5%,-25.7%
INTU,Extended,Software,Information Technology,Software & Services,Adj,Jul,EPS,CY2027,,,,,,,,25.795,,25.775,-0.1%,25.192,-2.3%,25.398,+0.8%,26.358,+3.8%,26.375,+0.1%,26.355,-0.1%,26.366,+0.0%,417.36,15.8,+3.8%,-37.0%,-35.5%,-25.7%
INTU,Extended,Software,Information Technology,Software & Services,Adj,Jul,EPS,CY2028,,,,,,,,29.53,,28.64,-3.0%,29.667,+3.6%,28.297,-4.6%,30.056,+6.2%,30.197,+0.5%,29.958,-0.8%,29.862,-0.3%,417.36,14.0,+5.5%,-37.0%,-35.5%,-25.7%
SAP,Extended,Software,Information Technology,Software & Services,Adj,Dec,EPS,CY2025,,,,,,,,6.18,,6.305,+2.0%,6.202,-1.6%,6.291,+1.4%,6.205,-1.4%,6.052,-2.5%,6.061,+0.1%,6.036,-0.4%,148.9,24.7,-4.1%,-28.5%,-28.6%,-32.7%
SAP,Extended,Software,Information Technology,Software & Services,Adj,Dec,EPS,CY2026,,,,,,,,7.359,,7.438,+1.1%,7.446,+0.1%,7.585,+1.9%,7.347,-3.1%,7.224,-1.7%,7.131,-1.3%,7.191,+0.8%,148.9,20.7,-5.2%,-28.5%,-28.6%,-32.7%
SAP,Extended,Software,Information Technology,Software & Services,Adj,Dec,EPS,CY2027,,,,,,,,8.832,,8.717,-1.3%,8.79,+0.8%,9.154,+4.1%,8.663,-5.4%,8.679,+0.2%,8.534,-1.7%,8.407,-1.5%,148.9,17.7,-8.2%,-28.5%,-28.6%,-32.7%
SAP,Extended,Software,Information Technology,Software & Services,Adj,Dec,EPS,CY2028,,,,,,,,9.711,,9.664,-0.5%,10.0,+3.5%,11.328,+13.3%,10.308,-9.0%,10.237,-0.7%,10.351,+1.1%,9.777,-5.5%,148.9,15.2,-13.7%,-28.5%,-28.6%,-32.7%
CRWD,Extended,Software,Information Technology,Software & Services,Adj,Jan,EPS,CY2025,,,,,,,,4.924,,4.266,-13.4%,4.373,+2.5%,3.423,-21.7%,3.517,+2.7%,3.674,+4.5%,3.714,+1.1%,3.716,+0.1%,398.61,107.3,+8.6%,-15.0%,-13.0%,+23.9%
CRWD,Extended,Software,Information Technology,Software & Services,Adj,Jan,EPS,CY2026,,,,,,,,6.078,,5.362,-11.8%,5.445,+1.5%,4.572,-16.0%,4.672,+2.2%,4.771,+2.1%,4.793,+0.5%,4.867,+1.5%,398.61,81.9,+6.5%,-15.0%,-13.0%,+23.9%
CRWD,Extended,Software,Information Technology,Software & Services,Adj,Jan,EPS,CY2027,,,,,,,,7.565,,6.692,-11.5%,6.694,+0.0%,6.15,-8.1%,6.2,+0.8%,6.135,-1.0%,6.109,-0.4%,6.164,+0.9%,398.61,64.7,+0.2%,-15.0%,-13.0%,+23.9%
CRWD,Extended,Software,Information Technology,Software & Services,Adj,Jan,EPS,CY2028,,,,,,,,9.294,,8.127,-12.6%,8.273,+1.8%,8.592,+3.9%,8.27,-3.7%,7.857,-5.0%,7.851,-0.1%,8.076,+2.9%,398.61,49.4,-6.0%,-15.0%,-13.0%,+23.9%
PLTR,Extended,Software,Information Technology,Software & Services,GAAP,Dec,EPS,CY2025,,,,,,,,0.201,,0.249,+23.9%,0.314,+26.1%,0.315,+0.3%,0.322,+2.2%,0.426,+32.3%,0.569,+33.6%,0.566,-0.5%,147.93,261.4,+79.7%,-16.8%,-17.7%,+99.9%
PLTR,Extended,Software,Information Technology,Software & Services,GAAP,Dec,EPS,CY2026,,,,,,,,0.375,,0.324,-13.6%,0.379,+17.0%,0.412,+8.7%,0.422,+2.4%,0.561,+32.9%,0.764,+36.2%,1.111,+45.4%,147.93,133.2,+169.7%,-16.8%,-17.7%,+99.9%
PLTR,Extended,Software,Information Technology,Software & Services,GAAP,Dec,EPS,CY2027,,,,,,,,0.41,,0.47,+14.6%,0.52,+10.6%,0.67,+28.8%,0.677,+1.0%,0.815,+20.4%,1.07,+31.3%,1.593,+48.9%,147.93,92.9,+137.8%,-16.8%,-17.7%,+99.9%
PLTR,Extended,Software,Information Technology,Software & Services,GAAP,Dec,EPS,CY2028,,,,,,,,0.52,,0.61,+17.3%,0.66,+8.2%,0.99,+50.0%,1.07,+8.1%,1.423,+33.0%,1.633,+14.8%,2.238,+37.0%,147.93,66.1,+126.1%,-16.8%,-17.7%,+99.9%
PANW,Extended,Software,Information Technology,Software & Services,Adj,Jul,EPS,CY2025,,,,,,,,3.104,,3.141,+1.2%,3.176,+1.1%,3.229,+1.7%,3.274,+1.4%,3.275,+0.0%,,,,,161.95,49.5,+4.3%,-12.1%,-12.9%,+5.5%
PANW,Extended,Software,Information Technology,Software & Services,Adj,Jul,EPS,CY2026,,,,,,,,3.624,,3.584,-1.1%,3.753,+4.7%,3.68,-1.9%,3.697,+0.5%,3.814,+3.2%,3.861,+1.2%,3.694,-4.3%,161.95,43.8,+0.4%,-12.1%,-12.9%,+5.5%
PANW,Extended,Software,Information Technology,Software & Services,Adj,Jul,EPS,CY2027,,,,,,,,3.779,,4.185,+10.7%,4.429,+5.8%,4.276,-3.5%,4.208,-1.6%,4.306,+2.3%,4.333,+0.6%,3.976,-8.2%,161.95,40.7,-7.0%,-12.1%,-12.9%,+5.5%
PANW,Extended,Software,Information Technology,Software & Services,Adj,Jul,EPS,CY2028,,,,,,,,4.344,,5.067,+16.6%,4.592,-9.4%,4.393,-4.3%,4.534,+3.2%,4.892,+7.9%,4.896,+0.1%,4.635,-5.3%,161.95,34.9,+5.5%,-12.1%,-12.9%,+5.5%
FTNT,Extended,Software,Information Technology,Software & Services,Adj,Dec,EPS,CY2025,,,,,,,,1.971,,2.241,+13.7%,2.441,+8.9%,2.455,+0.6%,2.481,+1.1%,2.521,+1.6%,2.688,+6.6%,2.693,+0.2%,82.29,30.6,+9.7%,+3.6%,+4.9%,-2.9%
FTNT,Extended,Software,Information Technology,Software & Services,Adj,Dec,EPS,CY2026,,,,,,,,2.321,,2.568,+10.6%,2.773,+8.0%,2.813,+1.4%,2.823,+0.4%,2.79,-1.2%,2.925,+4.8%,2.981,+1.9%,82.29,27.6,+6.0%,+3.6%,+4.9%,-2.9%
FTNT,Extended,Software,Information Technology,Software & Services,Adj,Dec,EPS,CY2027,,,,,,,,2.61,,2.918,+11.8%,3.047,+4.4%,3.274,+7.4%,3.212,-1.9%,3.095,-3.6%,3.252,+5.1%,3.31,+1.8%,82.29,24.9,+1.1%,+3.6%,+4.9%,-2.9%
FTNT,Extended,Software,Information Technology,Software & Services,Adj,Dec,EPS,CY2028,,,,,,,,2.97,,3.24,+9.1%,3.362,+3.8%,3.61,+7.4%,3.616,+0.2%,3.346,-7.5%,3.472,+3.8%,3.723,+7.2%,82.29,22.1,+3.1%,+3.6%,+4.9%,-2.9%
TEAM,Extended,Software,Information Technology,Software & Services,Adj,Jun,EPS,CY2025,,,,,,,,3.237,,3.148,-2.7%,3.262,+3.6%,3.501,+7.3%,3.573,+2.1%,3.563,-0.3%,,,,,68.09,19.1,+13.2%,-58.0%,-57.0%,-63.7%
TEAM,Extended,Software,Information Technology,Software & Services,Adj,Jun,EPS,CY2026,,,,,,,,4.15,,4.039,-2.7%,4.066,+0.7%,4.242,+4.3%,4.24,-0.0%,4.299,+1.4%,4.88,+13.5%,4.749,-2.7%,68.09,14.3,+12.0%,-58.0%,-57.0%,-63.7%
TEAM,Extended,Software,Information Technology,Software & Services,Adj,Jun,EPS,CY2027,,,,,,,,5.478,,4.987,-9.0%,5.073,+1.7%,5.286,+4.2%,5.205,-1.5%,5.205,+0.0%,5.654,+8.6%,5.518,-2.4%,68.09,12.3,+4.4%,-58.0%,-57.0%,-63.7%
TEAM,Extended,Software,Information Technology,Software & Services,Adj,Jun,EPS,CY2028,,,,,,,,7.053,,6.095,-13.6%,6.346,+4.1%,6.482,+2.1%,6.338,-2.2%,6.55,+3.3%,6.892,+5.2%,6.608,-4.1%,68.09,10.3,+1.9%,-58.0%,-57.0%,-63.7%
TYL,Extended,Software,Information Technology,Software & Services,Adj,Dec,EPS,CY2025,,,,,,,,10.426,,10.586,+1.5%,10.754,+1.6%,11.009,+2.4%,11.175,+1.5%,11.369,+1.7%,11.41,+0.4%,11.413,+0.0%,337.2,29.5,+3.7%,-25.7%,-24.0%,-37.4%
TYL,Extended,Software,Information Technology,Software & Services,Adj,Dec,EPS,CY2026,,,,,,,,12.336,,12.336,+0.0%,12.359,+0.2%,12.344,-0.1%,12.377,+0.3%,12.611,+1.9%,12.532,-0.6%,12.539,+0.1%,337.2,26.9,+1.6%,-25.7%,-24.0%,-37.4%
TYL,Extended,Software,Information Technology,Software & Services,Adj,Dec,EPS,CY2027,,,,,,,,14.5,,15.06,+3.9%,13.63,-9.5%,13.565,-0.5%,14.177,+4.5%,14.393,+1.5%,14.263,-0.9%,14.186,-0.5%,337.2,23.8,+4.6%,-25.7%,-24.0%,-37.4%
TYL,Extended,Software,Information Technology,Software & Services,Adj,Dec,EPS,CY2028,,,,,,,,16.55,,17.38,+5.0%,16.505,-5.0%,15.365,-6.9%,15.763,+2.6%,15.773,+0.1%,15.892,+0.8%,16.006,+0.7%,337.2,21.1,+4.2%,-25.7%,-24.0%,-37.4%
BLKB,Extended,Software,Information Technology,Software & Services,Adj,Dec,EPS,CY2025,,,,,,,,4.808,,4.796,-0.2%,4.67,-2.6%,4.256,-8.9%,4.223,-0.8%,4.386,+3.9%,4.414,+0.6%,4.415,+0.0%,38.87,8.8,+3.7%,-38.6%,-35.5%,-37.5%
BLKB,Extended,Software,Information Technology,Software & Services,Adj,Dec,EPS,CY2026,,,,,,,,5.29,,5.23,-1.1%,5.118,-2.1%,4.256,-16.8%,4.565,+7.3%,4.72,+3.4%,4.933,+4.5%,5.193,+5.3%,38.87,7.5,+22.0%,-38.6%,-35.5%,-37.5%
BLKB,Extended,Software,Information Technology,Software & Services,Adj,Dec,EPS,CY2027,,,,,,,,6.19,,6.08,-1.8%,6.49,+6.7%,3.74,-42.4%,4.43,+18.4%,4.925,+11.2%,5.302,+7.7%,5.858,+10.5%,38.87,6.6,+56.6%,-38.6%,-35.5%,-37.5%
BLKB,Extended,Software,Information Technology,Software & Services,Adj,Dec,EPS,CY2028,,,,,,,,6.97,,6.97,+0.0%,7.35,+5.5%,4.53,-38.4%,5.16,+13.9%,5.19,+0.6%,5.21,+0.4%,6.04,+15.9%,38.87,6.4,+33.3%,-38.6%,-35.5%,-37.5%
TWLO,Extended,Software,Information Technology,Software & Services,Adj,Dec,EPS,CY2025,,,,,,,,3.426,,3.757,+9.7%,4.201,+11.8%,4.37,+4.0%,4.585,+4.9%,4.558,-0.6%,4.796,+5.2%,4.797,+0.0%,131.53,27.4,+9.8%,-7.5%,-5.6%,+57.4%
TWLO,Extended,Software,Information Technology,Software & Services,Adj,Dec,EPS,CY2026,,,,,,,,4.007,,4.298,+7.3%,4.738,+10.2%,5.129,+8.3%,5.248,+2.3%,5.2,-0.9%,5.437,+4.6%,5.421,-0.3%,131.53,24.3,+5.7%,-7.5%,-5.6%,+57.4%
TWLO,Extended,Software,Information Technology,Software & Services,Adj,Dec,EPS,CY2027,,,,,,,,4.62,,4.75,+2.8%,5.135,+8.1%,6.115,+19.1%,6.116,+0.0%,6.119,+0.0%,6.27,+2.5%,6.378,+1.7%,131.53,20.6,+4.3%,-7.5%,-5.6%,+57.4%
TWLO,Extended,Software,Information Technology,Software & Services,Adj,Dec,EPS,CY2028,,,,,,,,4.93,,5.097,+3.4%,5.707,+12.0%,7.163,+25.5%,6.778,-5.4%,6.768,-0.1%,6.958,+2.8%,7.265,+4.4%,131.53,18.1,+1.4%,-7.5%,-5.6%,+57.4%
DBX,Extended,Software,Information Technology,Software & Services,Adj,Dec,EPS,CY2025,,,,,,,,2.298,,2.385,+3.8%,2.557,+7.2%,2.557,+0.0%,2.629,+2.8%,2.708,+3.0%,2.798,+3.3%,2.793,-0.2%,23.75,8.5,+9.2%,-14.6%,-12.0%,-6.7%
DBX,Extended,Software,Information Technology,Software & Services,Adj,Dec,EPS,CY2026,,,,,,,,2.502,,2.546,+1.8%,2.687,+5.5%,2.828,+5.2%,2.855,+1.0%,2.931,+2.7%,3.001,+2.4%,2.975,-0.9%,23.75,8.0,+5.2%,-14.6%,-12.0%,-6.7%
DBX,Extended,Software,Information Technology,Software & Services,Adj,Dec,EPS,CY2027,,,,,,,,2.44,,2.48,+1.6%,2.46,-0.8%,3.093,+25.7%,2.95,-4.6%,3.135,+6.3%,3.138,+0.1%,3.369,+7.4%,23.75,7.0,+8.9%,-14.6%,-12.0%,-6.7%
DBX,Extended,Software,Information Technology,Software & Services,Adj,Dec,EPS,CY2028,,,,,,,,2.6,,2.6,+0.0%,2.56,-1.5%,3.78,+47.7%,2.85,-24.6%,2.8,-1.8%,2.66,-5.0%,3.28,+23.3%,23.75,7.2,-13.2%,-14.6%,-12.0%,-6.7%
BOX,Extended,Software,Information Technology,Software & Services,Adj,Jan,EPS,CY2025,,,,,,,,1.802,,1.863,+3.4%,1.884,+1.1%,1.193,-36.7%,1.274,+6.8%,1.287,+1.0%,1.323,+2.8%,1.323,+0.0%,24.17,18.3,+10.9%,-19.2%,-17.0%,-18.9%
BOX,Extended,Software,Information Technology,Software & Services,Adj,Jan,EPS,CY2026,,,,,,,,2.12,,2.058,-2.9%,2.118,+2.9%,1.506,-28.9%,1.516,+0.7%,1.461,-3.6%,1.528,+4.6%,1.63,+6.7%,24.17,14.8,+8.2%,-19.2%,-17.0%,-18.9%
BOX,Extended,Software,Information Technology,Software & Services,Adj,Jan,EPS,CY2027,,,,,,,,2.28,,2.27,-0.4%,2.6,+14.5%,2.11,-18.8%,2.14,+1.4%,1.948,-9.0%,1.65,-15.3%,1.866,+13.1%,24.17,13.0,-11.6%,-19.2%,-17.0%,-18.9%
BOX,Extended,Software,Information Technology,Software & Services,Adj,Jan,EPS,CY2028,,,,,,,,2.51,,2.51,+0.0%,2.88,+14.7%,2.91,+1.0%,3.31,+13.7%,3.36,+1.5%,3.41,+1.5%,2.65,-22.3%,24.17,9.1,-8.9%,-19.2%,-17.0%,-18.9%
ZM,Extended,Software,Information Technology,Software & Services,Adj,Jan,EPS,CY2025,,,,,,,,5.1,,5.295,+3.8%,5.366,+1.3%,5.38,+0.3%,5.597,+4.0%,5.873,+4.9%,6.049,+3.0%,6.052,+0.0%,82.68,13.7,+12.5%,-4.2%,-3.6%,+22.0%
ZM,Extended,Software,Information Technology,Software & Services,Adj,Jan,EPS,CY2026,,,,,,,,5.055,,5.435,+7.5%,5.457,+0.4%,5.481,+0.4%,5.684,+3.7%,5.937,+4.5%,6.046,+1.8%,5.819,-3.8%,82.68,14.2,+6.2%,-4.2%,-3.6%,+22.0%
ZM,Extended,Software,Information Technology,Software & Services,Adj,Jan,EPS,CY2027,,,,,,,,5.22,,5.532,+6.0%,5.613,+1.5%,5.669,+1.0%,5.909,+4.2%,6.217,+5.2%,6.226,+0.1%,6.148,-1.3%,82.68,13.4,+8.4%,-4.2%,-3.6%,+22.0%
ZM,Extended,Software,Information Technology,Software & Services,Adj,Jan,EPS,CY2028,,,,,,,,5.428,,5.78,+6.5%,5.892,+1.9%,5.698,-3.3%,5.888,+3.3%,6.203,+5.3%,6.302,+1.6%,6.445,+2.3%,82.68,12.8,+13.1%,-4.2%,-3.6%,+22.0%
AXON,Extended,Software,Industrials,Capital Goods,Adj,Dec,EPS,CY2025,,,,,,,,5.759,,5.951,+3.3%,6.29,+5.7%,6.147,-2.3%,6.251,+1.7%,6.777,+8.4%,6.304,-7.0%,,,413.07,65.5,+0.2%,-27.3%,-34.1%,-16.9%
AXON,Extended,Software,Industrials,Capital Goods,Adj,Dec,EPS,CY2026,,,,,,,,6.668,,7.27,+9.0%,7.773,+6.9%,7.503,-3.5%,7.736,+3.1%,7.986,+3.2%,7.624,-4.5%,,,413.07,54.2,-1.9%,-27.3%,-34.1%,-16.9%
AXON,Extended,Software,Industrials,Capital Goods,Adj,Dec,EPS,CY2027,,,,,,,,8.31,,8.66,+4.2%,8.88,+2.5%,8.833,-0.5%,9.123,+3.3%,9.936,+8.9%,9.66,-2.8%,,,413.07,42.8,+8.8%,-27.3%,-34.1%,-16.9%
AXON,Extended,Software,Industrials,Capital Goods,Adj,Dec,EPS,CY2028,,,,,,,,9.94,,10.46,+5.2%,11.14,+6.5%,10.83,-2.8%,11.66,+7.7%,12.16,+4.3%,11.98,-1.5%,,,413.07,34.5,+7.5%,-27.3%,-34.1%,-16.9%
UPLD,Extended,Software,Information Technology,Software & Services,Adj,Dec,EPS,CY2025,,,,,,,,0.617,,0.72,+16.7%,0.838,+16.4%,0.783,-6.6%,0.717,-8.4%,0.717,+0.0%,0.833,+16.2%,,,0.7122,0.9,-0.6%,-50.2%,-54.6%,-71.3%
UPLD,Extended,Software,Information Technology,Software & Services,Adj,Dec,EPS,CY2026,,,,,,,,,,,,0.55,,0.835,+51.8%,0.707,-15.3%,0.677,-4.2%,0.757,+11.8%,0.7,-7.5%,0.7122,1.0,-16.2%,-50.2%,-54.6%,-71.3%
UPLD,Extended,Software,Information Technology,Software & Services,Adj,Dec,EPS,CY2027,,,,,,,,,,,,,,,,,,,,0.81,,0.86,+6.2%,0.7122,0.8,,-50.2%,-54.6%,-71.3%
UPLD,Extended,Software,Information Technology,Software & Services,Adj,Dec,EPS,CY2028,,,,,,,,,,,,,,,,,,,,,,,,0.7122,,,-50.2%,-54.6%,-71.3%
SNOW,Extended,Software,Information Technology,Software & Services,Adj,Jan,EPS,CY2025,,,,,,,,1.031,,0.939,-8.9%,1.006,+7.1%,1.153,+14.6%,1.102,-4.4%,1.199,+8.8%,1.21,+0.9%,1.209,-0.1%,149.38,123.6,+4.9%,-31.9%,-36.3%,+14.4%
SNOW,Extended,Software,Information Technology,Software & Services,Adj,Jan,EPS,CY2026,,,,,,,,1.459,,1.455,-0.3%,1.474,+1.3%,1.592,+8.0%,1.566,-1.6%,1.644,+5.0%,1.647,+0.2%,1.819,+10.4%,149.38,82.1,+14.3%,-31.9%,-36.3%,+14.4%
SNOW,Extended,Software,Information Technology,Software & Services,Adj,Jan,EPS,CY2027,,,,,,,,1.526,,1.54,+0.9%,1.829,+18.8%,2.251,+23.1%,1.992,-11.5%,2.366,+18.8%,2.289,-3.3%,2.462,+7.6%,149.38,60.7,+9.4%,-31.9%,-36.3%,+14.4%
SNOW,Extended,Software,Information Technology,Software & Services,Adj,Jan,EPS,CY2028,,,,,,,,3.418,,3.285,-3.9%,3.416,+4.0%,3.484,+2.0%,3.372,-3.2%,3.575,+6.0%,3.488,-2.4%,3.359,-3.7%,149.38,44.5,-3.6%,-31.9%,-36.3%,+14.4%
BILL,Extended,Software,Information Technology,Software & Services,Adj,Jun,EPS,CY2025,,,,,,,,2.276,,1.546,-32.1%,1.834,+18.6%,1.947,+6.2%,2.089,+7.3%,2.118,+1.4%,,,,,38.49,18.2,+37.0%,-29.4%,-30.4%,-2.7%
BILL,Extended,Software,Information Technology,Software & Services,Adj,Jun,EPS,CY2026,,,,,,,,2.711,,2.061,-24.0%,2.121,+2.9%,2.137,+0.8%,2.2,+2.9%,2.15,-2.3%,2.233,+3.9%,2.39,+7.0%,38.49,16.1,+11.8%,-29.4%,-30.4%,-2.7%
BILL,Extended,Software,Information Technology,Software & Services,Adj,Jun,EPS,CY2027,,,,,,,,2.74,,2.637,-3.8%,2.787,+5.7%,2.673,-4.1%,2.609,-2.4%,2.444,-6.3%,2.503,+2.4%,2.702,+8.0%,38.49,14.2,+1.1%,-29.4%,-30.4%,-2.7%
BILL,Extended,Software,Information Technology,Software & Services,Adj,Jun,EPS,CY2028,,,,,,,,4.28,,4.053,-5.3%,4.366,+7.7%,3.593,-17.7%,3.212,-10.6%,3.0,-6.6%,2.998,-0.1%,3.195,+6.6%,38.49,12.0,-11.1%,-29.4%,-30.4%,-2.7%
WIX,Extended,Software,Information Technology,Software & Services,Adj,Dec,EPS,CY2025,,,,,,,,7.148,,7.25,+1.4%,7.336,+1.2%,7.438,+1.4%,7.092,-4.7%,6.922,-2.4%,6.981,+0.9%,6.952,-0.4%,84.25,12.1,-6.5%,-18.9%,-16.8%,-43.8%
WIX,Extended,Software,Information Technology,Software & Services,Adj,Dec,EPS,CY2026,,,,,,,,8.754,,8.908,+1.8%,9.042,+1.5%,9.078,+0.4%,8.667,-4.5%,7.76,-10.5%,6.709,-13.5%,6.576,-2.0%,84.25,12.8,-27.6%,-18.9%,-16.8%,-43.8%
WIX,Extended,Software,Information Technology,Software & Services,Adj,Dec,EPS,CY2027,,,,,,,,9.13,,10.78,+18.1%,11.828,+9.7%,11.488,-2.9%,10.818,-5.8%,9.651,-10.8%,7.738,-19.8%,8.229,+6.3%,84.25,10.2,-28.4%,-18.9%,-16.8%,-43.8%
WIX,Extended,Software,Information Technology,Software & Services,Adj,Dec,EPS,CY2028,,,,,,,,10.887,,12.636,+16.1%,14.56,+15.2%,13.555,-6.9%,14.015,+3.4%,13.216,-5.7%,9.83,-25.6%,9.419,-4.2%,84.25,8.9,-30.5%,-18.9%,-16.8%,-43.8%
DOCU,Extended,Software,Information Technology,Software & Services,Adj,Jan,EPS,CY2025,,,,,,,,3.5,,3.716,+6.2%,3.74,+0.6%,3.521,-5.9%,3.603,+2.3%,3.684,+2.2%,3.784,+2.7%,3.793,+0.2%,48.05,12.7,+7.7%,-29.8%,-26.3%,-33.5%
DOCU,Extended,Software,Information Technology,Software & Services,Adj,Jan,EPS,CY2026,,,,,,,,3.797,,3.952,+4.1%,4.042,+2.3%,3.859,-4.5%,3.874,+0.4%,4.038,+4.2%,4.125,+2.2%,4.451,+7.9%,48.05,10.8,+15.3%,-29.8%,-26.3%,-33.5%
DOCU,Extended,Software,Information Technology,Software & Services,Adj,Jan,EPS,CY2027,,,,,,,,4.015,,4.035,+0.5%,4.085,+1.2%,4.321,+5.8%,4.277,-1.0%,4.455,+4.2%,4.526,+1.6%,5.078,+12.2%,48.05,9.5,+17.5%,-29.8%,-26.3%,-33.5%
DOCU,Extended,Software,Information Technology,Software & Services,Adj,Jan,EPS,CY2028,,,,,,,,4.345,,4.345,+0.0%,4.45,+2.4%,4.503,+1.2%,4.503,+0.0%,4.527,+0.5%,4.59,+1.4%,5.413,+17.9%,48.05,8.9,+20.2%,-29.8%,-26.3%,-33.5%
DDOG,Extended,Software,Information Technology,Software & Services,Adj,Dec,EPS,CY2025,,,,,,,,1.874,,1.975,+5.4%,2.084,+5.5%,1.744,-16.3%,1.708,-2.1%,1.833,+7.3%,2.016,+10.0%,2.016,+0.0%,116.5,57.8,+15.6%,-14.3%,-15.0%,+32.5%
DDOG,Extended,Software,Information Technology,Software & Services,Adj,Dec,EPS,CY2026,,,,,,,,2.741,,2.647,-3.4%,2.561,-3.2%,2.216,-13.5%,2.146,-3.2%,2.257,+5.2%,2.375,+5.2%,2.188,-7.9%,116.5,53.2,-1.3%,-14.3%,-15.0%,+32.5%
DDOG,Extended,Software,Information Technology,Software & Services,Adj,Dec,EPS,CY2027,,,,,,,,3.568,,3.39,-5.0%,3.468,+2.3%,2.836,-18.2%,2.941,+3.7%,2.866,-2.6%,2.951,+3.0%,2.705,-8.3%,116.5,43.1,-4.6%,-14.3%,-15.0%,+32.5%
DDOG,Extended,Software,Information Technology,Software & Services,Adj,Dec,EPS,CY2028,,,,,,,,4.306,,4.215,-2.1%,4.194,-0.5%,3.643,-13.1%,3.378,-7.3%,3.648,+8.0%,3.898,+6.9%,3.211,-17.6%,116.5,36.3,-11.9%,-14.3%,-15.0%,+32.5%
MDB,Extended,Software,Information Technology,Software & Services,Adj,Jan,EPS,CY2025,,,,,,,,3.206,,3.079,-4.0%,3.348,+8.7%,2.597,-22.4%,3.192,+22.9%,3.712,+16.3%,4.801,+29.3%,4.805,+0.1%,255.01,53.1,+85.0%,-39.2%,-41.5%,+65.2%
MDB,Extended,Software,Information Technology,Software & Services,Adj,Jan,EPS,CY2026,,,,,,,,4.273,,4.043,-5.4%,4.299,+6.3%,3.448,-19.8%,3.801,+10.2%,4.382,+15.3%,5.689,+29.8%,5.863,+3.1%,255.01,43.5,+70.0%,-39.2%,-41.5%,+65.2%
MDB,Extended,Software,Information Technology,Software & Services,Adj,Jan,EPS,CY2027,,,,,,,,5.522,,4.838,-12.4%,4.983,+3.0%,4.62,-7.3%,4.924,+6.6%,5.379,+9.2%,6.897,+28.2%,7.065,+2.4%,255.01,36.1,+52.9%,-39.2%,-41.5%,+65.2%
MDB,Extended,Software,Information Technology,Software & Services,Adj,Jan,EPS,CY2028,,,,,,,,6.663,,6.358,-4.6%,6.854,+7.8%,5.4,-21.2%,4.917,-8.9%,6.218,+26.5%,8.088,+30.1%,8.553,+5.7%,255.01,29.8,+58.4%,-39.2%,-41.5%,+65.2%
ESTC,Extended,Software,Information Technology,Software & Services,Adj,Apr,EPS,CY2025,,,,,,,,1.423,,1.538,+8.1%,1.72,+11.8%,1.953,+13.5%,1.952,-0.1%,,,,,,,50.56,25.9,+37.2%,-33.0%,-33.1%,-33.6%
ESTC,Extended,Software,Information Technology,Software & Services,Adj,Apr,EPS,CY2026,,,,,,,,1.873,,1.901,+1.5%,1.971,+3.7%,2.159,+9.5%,2.292,+6.2%,2.339,+2.1%,2.45,+4.7%,2.521,+2.9%,50.56,20.1,+16.8%,-33.0%,-33.1%,-33.6%
ESTC,Extended,Software,Information Technology,Software & Services,Adj,Apr,EPS,CY2027,,,,,,,,2.41,,2.321,-3.7%,2.356,+1.5%,2.545,+8.0%,2.623,+3.1%,2.656,+1.3%,2.809,+5.8%,2.943,+4.8%,50.56,17.2,+15.6%,-33.0%,-33.1%,-33.6%
ESTC,Extended,Software,Information Technology,Software & Services,Adj,Apr,EPS,CY2028,,,,,,,,3.56,,3.525,-1.0%,3.147,-10.7%,3.53,+12.2%,3.07,-13.0%,3.091,+0.7%,3.18,+2.9%,3.465,+9.0%,50.56,14.6,-1.8%,-33.0%,-33.1%,-33.6%
DT,Extended,Software,Information Technology,Software & Services,Adj,Mar,EPS,CY2025,,,,,,,,1.494,,1.479,-1.0%,1.501,+1.5%,1.541,+2.7%,1.587,+3.0%,1.605,+1.1%,1.634,+1.8%,1.68,+2.8%,37.47,22.3,+9.0%,-13.5%,-12.3%,-10.8%
DT,Extended,Software,Information Technology,Software & Services,Adj,Mar,EPS,CY2026,,,,,,,,1.756,,1.714,-2.4%,1.74,+1.5%,1.778,+2.2%,1.796,+1.0%,1.809,+0.7%,1.838,+1.6%,1.908,+3.8%,37.47,19.6,+7.3%,-13.5%,-12.3%,-10.8%
DT,Extended,Software,Information Technology,Software & Services,Adj,Mar,EPS,CY2027,,,,,,,,2.04,,2.005,-1.7%,1.986,-0.9%,2.008,+1.1%,2.088,+4.0%,2.067,-1.0%,2.113,+2.2%,2.207,+4.4%,37.47,17.0,+9.9%,-13.5%,-12.3%,-10.8%
DT,Extended,Software,Information Technology,Software & Services,Adj,Mar,EPS,CY2028,,,,,,,,2.363,,2.335,-1.2%,2.33,-0.2%,2.38,+2.1%,2.418,+1.6%,2.425,+0.3%,2.453,+1.2%,2.55,+4.0%,37.47,14.7,+7.1%,-13.5%,-12.3%,-10.8%
GTM,Extended,Software,Communication Services,Media & Entertainment,Adj,Dec,EPS,CY2025,,,,,,,,1.079,,0.966,-10.5%,0.928,-3.9%,0.959,+3.3%,0.974,+1.6%,0.974,+0.0%,1.046,+7.4%,1.046,+0.0%,5.94,5.7,+9.1%,-41.6%,-43.4%,-21.1%
GTM,Extended,Software,Communication Services,Media & Entertainment,Adj,Dec,EPS,CY2026,,,,,,,,1.196,,1.067,-10.8%,0.99,-7.2%,0.992,+0.2%,1.017,+2.5%,1.019,+0.2%,1.109,+8.8%,1.111,+0.2%,5.94,5.3,+12.0%,-41.6%,-43.4%,-21.1%
GTM,Extended,Software,Communication Services,Media & Entertainment,Adj,Dec,EPS,CY2027,,,,,,,,1.315,,1.065,-19.0%,1.018,-4.4%,1.056,+3.7%,1.095,+3.7%,1.091,-0.4%,1.197,+9.7%,1.163,-2.8%,5.94,5.1,+10.1%,-41.6%,-43.4%,-21.1%
GTM,Extended,Software,Communication Services,Media & Entertainment,Adj,Dec,EPS,CY2028,,,,,,,,1.5,,1.19,-20.7%,1.095,-8.0%,1.1,+0.5%,1.09,-0.9%,1.14,+4.6%,1.27,+11.4%,1.257,-1.0%,5.94,4.7,+14.3%,-41.6%,-43.4%,-21.1%
RAMP,Extended,Software,Information Technology,Software & Services,Adj,Mar,EPS,CY2025,,,,,,,,1.837,,1.796,-2.2%,2.03,+13.0%,1.886,-7.1%,2.195,+16.4%,2.241,+2.1%,2.207,-1.5%,2.229,+1.0%,27.57,12.4,+18.2%,-6.1%,-2.8%,+13.6%
RAMP,Extended,Software,Information Technology,Software & Services,Adj,Mar,EPS,CY2026,,,,,,,,2.745,,2.64,-3.8%,2.845,+7.8%,2.583,-9.2%,2.386,-7.6%,2.571,+7.8%,2.622,+2.0%,2.839,+8.3%,27.57,9.7,+9.9%,-6.1%,-2.8%,+13.6%
RAMP,Extended,Software,Information Technology,Software & Services,Adj,Mar,EPS,CY2027,,,,,,,,,,2.96,,1.3,-56.1%,2.14,+64.6%,2.367,+10.6%,2.86,+20.8%,3.07,+7.3%,3.473,+13.1%,27.57,7.9,+62.3%,-6.1%,-2.8%,+13.6%
RAMP,Extended,Software,Information Technology,Software & Services,Adj,Mar,EPS,CY2028,,,,,,,,,,3.32,,,,2.785,-16.1%,,,2.895,+3.9%,2.97,+2.6%,3.17,+6.7%,27.57,8.7,+13.8%,-6.1%,-2.8%,+13.6%
PAR,Extended,Software,Information Technology,Software & Services,Adj,Dec,EPS,CY2025,,,,,,,,0.085,,0.034,-60.0%,-0.157,-561.8%,-0.289,-84.1%,-0.603,-108.7%,-0.486,+19.4%,-0.194,+60.1%,0.126,+164.9%,13.96,110.8,+143.6%,-61.5%,-60.6%,-73.4%
PAR,Extended,Software,Information Technology,Software & Services,Adj,Dec,EPS,CY2026,,,,,,,,-0.1,,-0.065,+35.0%,0.29,+546.2%,0.475,+63.8%,0.173,-63.6%,0.128,-26.0%,0.251,+96.1%,0.007,-97.2%,13.96,1994.3,-98.5%,-61.5%,-60.6%,-73.4%
PAR,Extended,Software,Information Technology,Software & Services,Adj,Dec,EPS,CY2027,,,,,,,,,,,,,,0.64,,0.12,-81.2%,0.813,+577.5%,0.238,-70.7%,0.563,+136.6%,13.96,24.8,-12.0%,-61.5%,-60.6%,-73.4%
PAR,Extended,Software,Information Technology,Software & Services,Adj,Dec,EPS,CY2028,,,,,,,,,,,,,,,,,,,,,,-0.24,,13.96,-58.2,,-61.5%,-60.6%,-73.4%
FSLY,Extended,Software,Information Technology,Software & Services,Adj,Dec,EPS,CY2025,,,,,,,,0.034,,0.043,+26.5%,0.028,-34.9%,-0.107,-482.1%,-0.088,+17.8%,-0.065,+26.1%,0.056,+186.2%,0.052,-7.1%,31.54,606.5,+148.6%,+209.8%,+213.2%,+511.2%
FSLY,Extended,Software,Information Technology,Software & Services,Adj,Dec,EPS,CY2026,,,,,,,,0.12,,0.145,+20.8%,0.166,+14.5%,-0.093,-156.0%,-0.089,+4.3%,0.046,+151.7%,0.034,-26.1%,0.276,+711.8%,31.54,114.3,+396.8%,+209.8%,+213.2%,+511.2%
FSLY,Extended,Software,Information Technology,Software & Services,Adj,Dec,EPS,CY2027,,,,,,,,0.46,,0.395,-14.1%,0.265,-32.9%,-0.2,-175.5%,-0.102,+49.0%,0.145,+242.2%,0.2,+37.9%,0.364,+82.0%,31.54,86.6,+282.0%,+209.8%,+213.2%,+511.2%
FSLY,Extended,Software,Information Technology,Software & Services,Adj,Dec,EPS,CY2028,,,,,,,,0.695,,0.56,-19.4%,0.61,+8.9%,-0.45,-173.8%,-0.155,+65.6%,0.15,+196.8%,0.2,+33.3%,0.44,+120.0%,31.54,71.7,+197.8%,+209.8%,+213.2%,+511.2%
ASAN,Extended,Software,Information Technology,Software & Services,Adj,Jan,EPS,CY2025,,,,,,,,-0.037,,-0.031,+16.2%,-0.011,+64.5%,0.194,+1863.6%,0.226,+16.5%,0.237,+4.9%,0.257,+8.4%,0.257,+0.0%,6.23,24.2,+32.5%,-54.6%,-52.4%,-56.0%
ASAN,Extended,Software,Information Technology,Software & Services,Adj,Jan,EPS,CY2026,,,,,,,,0.135,,0.106,-21.5%,0.135,+27.4%,0.348,+157.8%,0.344,-1.1%,0.336,-2.3%,0.361,+7.4%,0.366,+1.4%,6.23,17.0,+5.2%,-54.6%,-52.4%,-56.0%
ASAN,Extended,Software,Information Technology,Software & Services,Adj,Jan,EPS,CY2027,,,,,,,,0.385,,0.325,-15.6%,0.31,-4.6%,0.47,+51.6%,0.467,-0.6%,0.45,-3.6%,0.471,+4.7%,0.455,-3.4%,6.23,13.7,-3.2%,-54.6%,-52.4%,-56.0%
ASAN,Extended,Software,Information Technology,Software & Services,Adj,Jan,EPS,CY2028,,,,,,,,0.695,,0.585,-15.8%,0.34,-41.9%,0.625,+83.8%,0.44,-29.6%,0.49,+11.4%,0.54,+10.2%,0.597,+10.6%,6.23,10.4,-4.5%,-54.6%,-52.4%,-56.0%
APPN,Extended,Software,Information Technology,Software & Services,Adj,Dec,EPS,CY2025,,,,,,,,-0.113,,0.089,+178.8%,0.118,+32.6%,0.191,+61.9%,0.221,+15.7%,0.33,+49.3%,0.541,+63.9%,,,24.54,45.4,+358.5%,-30.7%,-26.2%,-7.0%
APPN,Extended,Software,Information Technology,Software & Services,Adj,Dec,EPS,CY2026,,,,,,,,0.623,,0.605,-2.9%,0.557,-7.9%,0.554,-0.5%,0.47,-15.2%,0.544,+15.7%,0.77,+41.5%,,,24.54,31.9,+38.2%,-30.7%,-26.2%,-7.0%
APPN,Extended,Software,Information Technology,Software & Services,Adj,Dec,EPS,CY2027,,,,,,,,0.985,,5.83,+491.9%,0.81,-86.1%,0.835,+3.1%,0.57,-31.7%,0.695,+21.9%,1.092,+57.1%,,,24.54,22.5,+34.8%,-30.7%,-26.2%,-7.0%
APPN,Extended,Software,Information Technology,Software & Services,Adj,Dec,EPS,CY2028,,,,,,,,1.66,,1.78,+7.2%,1.92,+7.9%,,,,,,,,,,,24.54,12.8,,-30.7%,-26.2%,-7.0%
BL,Extended,Software,Information Technology,Software & Services,Adj,Dec,EPS,CY2025,,,,,,,,2.234,,2.203,-1.4%,2.264,+2.8%,2.037,-10.0%,2.134,+4.8%,2.145,+0.5%,2.078,-3.1%,2.078,+0.0%,36.15,17.4,+2.0%,-34.6%,-35.0%,-18.0%
BL,Extended,Software,Information Technology,Software & Services,Adj,Dec,EPS,CY2026,,,,,,,,2.46,,2.482,+0.9%,2.539,+2.3%,2.253,-11.3%,2.289,+1.6%,2.338,+2.1%,2.349,+0.5%,2.404,+2.3%,36.15,15.0,+6.7%,-34.6%,-35.0%,-18.0%
BL,Extended,Software,Information Technology,Software & Services,Adj,Dec,EPS,CY2027,,,,,,,,,,,,,,2.695,,2.727,+1.2%,2.833,+3.9%,2.729,-3.7%,2.753,+0.9%,36.15,13.1,+2.2%,-34.6%,-35.0%,-18.0%
BL,Extended,Software,Information Technology,Software & Services,Adj,Dec,EPS,CY2028,,,,,,,,,,,,,,,,,,,,,,3.283,,36.15,11.0,,-34.6%,-35.0%,-18.0%
DSY,Extended,Software,Information Technology,Software & Services,Adj,Dec,EPS,CY2025,,,,,,,,1.431,,1.392,-2.7%,1.37,-1.6%,1.396,+1.9%,1.365,-2.2%,1.339,-1.9%,1.308,-2.3%,1.318,+0.8%,17.62,13.4,-5.6%,-26.1%,-27.0%,-44.6%
DSY,Extended,Software,Information Technology,Software & Services,Adj,Dec,EPS,CY2026,,,,,,,,1.588,,1.534,-3.4%,1.507,-1.8%,1.514,+0.5%,1.464,-3.3%,1.421,-2.9%,1.363,-4.1%,1.318,-3.3%,17.62,13.4,-12.9%,-26.1%,-27.0%,-44.6%
DSY,Extended,Software,Information Technology,Software & Services,Adj,Dec,EPS,CY2027,,,,,,,,1.782,,1.712,-3.9%,1.667,-2.6%,1.673,+0.4%,1.611,-3.7%,1.549,-3.8%,1.484,-4.2%,1.407,-5.2%,17.62,12.5,-15.9%,-26.1%,-27.0%,-44.6%
DSY,Extended,Software,Information Technology,Software & Services,Adj,Dec,EPS,CY2028,,,,,,,,2.021,,1.95,-3.5%,1.873,-3.9%,1.842,-1.7%,1.772,-3.8%,1.695,-4.3%,1.632,-3.7%,1.488,-8.8%,17.62,11.8,-19.2%,-26.1%,-27.0%,-44.6%
WK,Extended,Software,Information Technology,Software & Services,Adj,Dec,EPS,CY2025,,,,,,,,1.353,,1.307,-3.4%,1.225,-6.3%,1.065,-13.1%,1.051,-1.3%,1.353,+28.7%,1.639,+21.1%,1.635,-0.2%,59.77,36.6,+53.5%,-30.7%,-31.0%,-11.5%
WK,Extended,Software,Information Technology,Software & Services,Adj,Dec,EPS,CY2026,,,,,,,,2.405,,2.15,-10.6%,2.077,-3.4%,1.795,-13.6%,1.684,-6.2%,1.952,+15.9%,2.254,+15.5%,2.734,+21.3%,59.77,21.9,+52.3%,-30.7%,-31.0%,-11.5%
WK,Extended,Software,Information Technology,Software & Services,Adj,Dec,EPS,CY2027,,,,,,,,3.48,,3.47,-0.3%,3.59,+3.5%,3.53,-1.7%,3.083,-12.7%,3.148,+2.1%,3.158,+0.3%,3.367,+6.6%,59.77,17.8,-4.6%,-30.7%,-31.0%,-11.5%
WK,Extended,Software,Information Technology,Software & Services,Adj,Dec,EPS,CY2028,,,,,,,,4.95,,4.94,-0.2%,5.07,+2.6%,4.865,-4.0%,4.32,-11.2%,4.52,+4.6%,4.06,-10.2%,4.243,+4.5%,59.77,14.1,-12.8%,-30.7%,-31.0%,-11.5%
AXP,Extended,Payments,Financials,Financial Services,GAAP,Dec,EPS,CY2025,,,,,,,,14.884,,14.806,-0.5%,15.157,+2.4%,15.323,+1.1%,15.209,-0.7%,15.339,+0.9%,15.487,+1.0%,15.446,-0.3%,305.73,19.8,+0.8%,-17.4%,-20.3%,+30.8%
AXP,Extended,Payments,Financials,Financial Services,GAAP,Dec,EPS,CY2026,,,,,,,,16.939,,16.928,-0.1%,17.249,+1.9%,17.577,+1.9%,17.322,-1.5%,17.269,-0.3%,17.528,+1.5%,17.609,+0.5%,305.73,17.4,+0.2%,-17.4%,-20.3%,+30.8%
AXP,Extended,Payments,Financials,Financial Services,GAAP,Dec,EPS,CY2027,,,,,,,,17.66,,16.17,-8.4%,18.597,+15.0%,20.176,+8.5%,19.867,-1.5%,19.582,-1.4%,19.986,+2.1%,20.137,+0.8%,305.73,15.2,-0.2%,-17.4%,-20.3%,+30.8%
AXP,Extended,Payments,Financials,Financial Services,GAAP,Dec,EPS,CY2028,,,,,,,,16.25,,16.97,+4.4%,18.16,+7.0%,20.39,+12.3%,20.38,-0.0%,20.025,-1.7%,21.053,+5.1%,23.071,+9.6%,305.73,13.3,+13.1%,-17.4%,-20.3%,+30.8%
ADYEN,Extended,Payments,Financials,Financial Services,Adj,Dec,EPS,CY2025,,,,,,,,34.987,,35.354,+1.0%,35.354,+0.0%,36.642,+3.6%,35.666,-2.7%,33.92,-4.9%,33.804,-0.3%,33.737,-0.2%,845.2,25.1,-7.9%,-38.5%,-42.1%,-31.5%
ADYEN,Extended,Payments,Financials,Financial Services,Adj,Dec,EPS,CY2026,,,,,,,,44.242,,44.334,+0.2%,44.685,+0.8%,46.193,+3.4%,44.865,-2.9%,41.963,-6.5%,41.315,-1.5%,39.098,-5.4%,845.2,21.6,-15.4%,-38.5%,-42.1%,-31.5%
ADYEN,Extended,Payments,Financials,Financial Services,Adj,Dec,EPS,CY2027,,,,,,,,54.27,,55.315,+1.9%,54.889,-0.8%,58.649,+6.9%,56.497,-3.7%,52.922,-6.3%,51.371,-2.9%,47.866,-6.8%,845.2,17.7,-18.4%,-38.5%,-42.1%,-31.5%
ADYEN,Extended,Payments,Financials,Financial Services,Adj,Dec,EPS,CY2028,,,,,,,,60.86,,67.563,+11.0%,65.54,-3.0%,57.18,-12.8%,53.79,-5.9%,59.87,+11.3%,60.719,+1.4%,57.318,-5.6%,845.2,14.7,+0.2%,-38.5%,-42.1%,-31.5%
STNE,Extended,Payments,Financials,Financial Services,Adj,Dec,EPS,CY2025,,,,,,,,8.096,,8.056,-0.5%,7.469,-7.3%,7.636,+2.2%,7.427,-2.7%,9.22,+24.1%,9.384,+1.8%,9.25,-1.4%,14.27,1.5,+21.1%,-3.5%,-5.6%,+34.9%
STNE,Extended,Payments,Financials,Financial Services,Adj,Dec,EPS,CY2026,,,,,,,,9.502,,9.235,-2.8%,8.575,-7.1%,8.825,+2.9%,9.19,+4.1%,10.534,+14.6%,10.117,-4.0%,10.297,+1.8%,14.27,1.4,+16.7%,-3.5%,-5.6%,+34.9%
STNE,Extended,Payments,Financials,Financial Services,Adj,Dec,EPS,CY2027,,,,,,,,12.613,,12.54,-0.6%,12.06,-3.8%,11.388,-5.6%,11.49,+0.9%,11.971,+4.2%,11.104,-7.2%,11.682,+5.2%,14.27,1.2,+2.6%,-3.5%,-5.6%,+34.9%
STNE,Extended,Payments,Financials,Financial Services,Adj,Dec,EPS,CY2028,,,,,,,,11.84,,11.33,-4.3%,10.69,-5.6%,,,11.74,+9.8%,13.77,+17.3%,14.95,+8.6%,12.007,-19.7%,14.27,1.2,,-3.5%,-5.6%,+34.9%
NU,Extended,Payments,Financials,Banks,Adj,Dec,EPS,CY2025,,,,,,,,0.589,,0.604,+2.5%,0.595,-1.5%,0.554,-6.9%,0.554,+0.0%,0.585,+5.6%,0.608,+3.9%,0.609,+0.2%,14.26,23.4,+9.9%,-14.8%,-20.2%,+48.5%
NU,Extended,Payments,Financials,Banks,Adj,Dec,EPS,CY2026,,,,,,,,0.815,,0.855,+4.9%,0.806,-5.7%,0.779,-3.3%,0.761,-2.3%,0.821,+7.9%,0.871,+6.1%,0.866,-0.6%,14.26,16.5,+11.2%,-14.8%,-20.2%,+48.5%
NU,Extended,Payments,Financials,Banks,Adj,Dec,EPS,CY2027,,,,,,,,1.036,,1.045,+0.9%,1.058,+1.2%,1.014,-4.2%,0.998,-1.6%,1.048,+5.0%,1.115,+6.4%,1.138,+2.1%,14.26,12.5,+12.2%,-14.8%,-20.2%,+48.5%
NU,Extended,Payments,Financials,Banks,Adj,Dec,EPS,CY2028,,,,,,,,1.143,,1.02,-10.8%,1.08,+5.9%,1.103,+2.1%,1.138,+3.2%,1.222,+7.4%,1.306,+6.9%,1.447,+10.8%,14.26,9.9,+31.2%,-14.8%,-20.2%,+48.5%
FISV,Extended,Payments,Financials,Financial Services,Adj,Dec,EPS,CY2025,,,,,,,,10.088,,10.139,+0.5%,10.221,+0.8%,10.241,+0.2%,10.226,-0.1%,10.188,-0.4%,8.559,-16.0%,8.557,-0.0%,56.32,6.6,-16.4%,-16.2%,-18.1%,-71.6%
FISV,Extended,Payments,Financials,Financial Services,Adj,Dec,EPS,CY2026,,,,,,,,11.784,,11.783,-0.0%,11.971,+1.6%,12.008,+0.3%,11.932,-0.6%,11.844,-0.7%,8.343,-29.6%,8.113,-2.8%,56.32,6.9,-32.4%,-16.2%,-18.1%,-71.6%
FISV,Extended,Payments,Financials,Financial Services,Adj,Dec,EPS,CY2027,,,,,,,,13.475,,13.497,+0.2%,13.51,+0.1%,13.928,+3.1%,13.874,-0.4%,13.787,-0.6%,9.158,-33.6%,9.01,-1.6%,56.32,6.3,-35.3%,-16.2%,-18.1%,-71.6%
FISV,Extended,Payments,Financials,Financial Services,Adj,Dec,EPS,CY2028,,,,,,,,13.58,,13.71,+1.0%,14.78,+7.8%,15.875,+7.4%,15.883,+0.1%,15.132,-4.7%,10.015,-33.8%,9.93,-0.8%,56.32,5.7,-37.4%,-16.2%,-18.1%,-71.6%
FIS,Extended,Payments,Financials,Financial Services,Adj,Dec,EPS,CY2025,,,,,,,,5.511,,5.573,+1.1%,5.706,+2.4%,5.735,+0.5%,5.74,+0.1%,5.746,+0.1%,5.769,+0.4%,5.771,+0.0%,46.68,8.1,+0.6%,-29.8%,-30.4%,-33.2%
FIS,Extended,Payments,Financials,Financial Services,Adj,Dec,EPS,CY2026,,,,,,,,6.078,,6.105,+0.4%,6.31,+3.4%,6.254,-0.9%,6.243,-0.2%,6.272,+0.5%,6.331,+0.9%,6.267,-1.0%,46.68,7.4,+0.2%,-29.8%,-30.4%,-33.2%
FIS,Extended,Payments,Financials,Financial Services,Adj,Dec,EPS,CY2027,,,,,,,,6.468,,6.762,+4.5%,6.92,+2.3%,6.815,-1.5%,6.796,-0.3%,6.8,+0.1%,6.908,+1.6%,6.892,-0.2%,46.68,6.8,+1.1%,-29.8%,-30.4%,-33.2%
FIS,Extended,Payments,Financials,Financial Services,Adj,Dec,EPS,CY2028,,,,,,,,6.9,,7.62,+10.4%,8.0,+5.0%,7.353,-8.1%,7.197,-2.1%,7.013,-2.6%,7.393,+5.4%,7.599,+2.8%,46.68,6.1,+3.3%,-29.8%,-30.4%,-33.2%
GPN,Extended,Payments,Financials,Financial Services,Adj,Dec,EPS,CY2025,,,,,,,,13.101,,12.915,-1.4%,12.82,-0.7%,12.216,-4.7%,12.11,-0.9%,12.217,+0.9%,12.227,+0.1%,12.222,-0.0%,65.04,5.3,+0.0%,-16.0%,-15.6%,-23.4%
GPN,Extended,Payments,Financials,Financial Services,Adj,Dec,EPS,CY2026,,,,,,,,14.707,,14.555,-1.0%,14.603,+0.3%,13.837,-5.2%,13.632,-1.5%,13.798,+1.2%,13.686,-0.8%,13.853,+1.2%,65.04,4.7,+0.1%,-16.0%,-15.6%,-23.4%
GPN,Extended,Payments,Financials,Financial Services,Adj,Dec,EPS,CY2027,,,,,,,,15.872,,16.544,+4.2%,16.59,+0.3%,15.774,-4.9%,15.689,-0.5%,16.072,+2.4%,15.663,-2.5%,16.085,+2.7%,65.04,4.0,+2.0%,-16.0%,-15.6%,-23.4%
GPN,Extended,Payments,Financials,Financial Services,Adj,Dec,EPS,CY2028,,,,,,,,,,19.48,,18.595,-4.5%,17.323,-6.8%,17.513,+1.1%,18.583,+6.1%,17.37,-6.5%,18.587,+7.0%,65.04,3.5,+7.3%,-16.0%,-15.6%,-23.4%
TOST,Extended,Payments,Financials,Financial Services,Adj,Dec,EPS,CY2025,,,,,,,,0.402,,0.494,+22.9%,0.572,+15.8%,0.594,+3.8%,0.61,+2.7%,0.523,-14.3%,0.614,+17.4%,0.58,-5.5%,27.02,46.6,-2.4%,-23.9%,-25.1%,-11.5%
TOST,Extended,Payments,Financials,Financial Services,Adj,Dec,EPS,CY2026,,,,,,,,0.817,,0.838,+2.6%,0.887,+5.8%,0.88,-0.8%,0.94,+6.8%,0.888,-5.5%,0.898,+1.1%,0.887,-1.2%,27.02,30.5,+0.8%,-23.9%,-25.1%,-11.5%
TOST,Extended,Payments,Financials,Financial Services,Adj,Dec,EPS,CY2027,,,,,,,,0.98,,1.05,+7.1%,1.145,+9.0%,1.338,+16.9%,1.336,-0.1%,1.209,-9.5%,1.182,-2.2%,1.185,+0.3%,27.02,22.8,-11.4%,-23.9%,-25.1%,-11.5%
TOST,Extended,Payments,Financials,Financial Services,Adj,Dec,EPS,CY2028,,,,,,,,1.22,,1.103,-9.6%,1.445,+31.0%,1.378,-4.6%,1.38,+0.1%,1.354,-1.9%,1.32,-2.5%,1.627,+23.3%,27.02,16.6,+18.1%,-23.9%,-25.1%,-11.5%
FOUR,Extended,Payments,Financials,Financial Services,Adj,Dec,EPS,CY2025,,,,,,,,4.631,,4.781,+3.2%,4.507,-5.7%,4.39,-2.6%,5.037,+14.7%,5.096,+1.2%,4.945,-3.0%,5.109,+3.3%,42.24,8.3,+16.4%,-32.9%,-35.9%,-41.7%
FOUR,Extended,Payments,Financials,Financial Services,Adj,Dec,EPS,CY2026,,,,,,,,5.223,,5.665,+8.5%,5.483,-3.2%,5.582,+1.8%,6.11,+9.5%,6.548,+7.2%,6.241,-4.7%,5.34,-14.4%,42.24,7.9,-4.3%,-32.9%,-35.9%,-41.7%
FOUR,Extended,Payments,Financials,Financial Services,Adj,Dec,EPS,CY2027,,,,,,,,6.05,,6.297,+4.1%,6.575,+4.4%,6.624,+0.7%,6.555,-1.0%,7.601,+16.0%,7.889,+3.8%,6.358,-19.4%,42.24,6.6,-4.0%,-32.9%,-35.9%,-41.7%
FOUR,Extended,Payments,Financials,Financial Services,Adj,Dec,EPS,CY2028,,,,,,,,,,,,6.55,,8.59,+31.1%,8.15,-5.1%,,,11.0,+35.0%,7.808,-29.0%,42.24,5.4,-9.1%,-32.9%,-35.9%,-41.7%
CPAY,Extended,Payments,Financials,Financial Services,Adj,Dec,EPS,CY2025,,,,,,,,21.953,,22.176,+1.0%,22.093,-0.4%,21.066,-4.6%,20.994,-0.3%,21.034,+0.2%,21.267,+1.1%,21.283,+0.1%,298.23,14.0,+1.0%,-0.9%,-6.1%,+3.3%
CPAY,Extended,Payments,Financials,Financial Services,Adj,Dec,EPS,CY2026,,,,,,,,25.766,,26.163,+1.5%,25.991,-0.7%,24.636,-5.2%,24.489,-0.6%,24.346,-0.6%,24.822,+2.0%,26.032,+4.9%,298.23,11.5,+5.7%,-0.9%,-6.1%,+3.3%
CPAY,Extended,Payments,Financials,Financial Services,Adj,Dec,EPS,CY2027,,,,,,,,29.75,,29.775,+0.1%,29.987,+0.7%,28.991,-3.3%,28.508,-1.7%,27.907,-2.1%,28.812,+3.2%,29.844,+3.6%,298.23,10.0,+2.9%,-0.9%,-6.1%,+3.3%
CPAY,Extended,Payments,Financials,Financial Services,Adj,Dec,EPS,CY2028,,,,,,,,,,,,,,35.52,,32.61,-8.2%,33.93,+4.0%,33.98,+0.1%,34.648,+2.0%,298.23,8.6,-2.5%,-0.9%,-6.1%,+3.3%
SEIC,Extended,Payments,Financials,Financial Services,Adj,Dec,EPS,CY2025,,,,,,,,4.513,,4.601,+1.9%,4.937,+7.3%,4.863,-1.5%,4.701,-3.3%,5.061,+7.7%,4.965,-1.9%,4.963,-0.0%,75.97,15.3,+2.1%,-7.4%,-13.7%,+10.1%
SEIC,Extended,Payments,Financials,Financial Services,Adj,Dec,EPS,CY2026,,,,,,,,4.844,,5.02,+3.6%,5.347,+6.5%,5.351,+0.1%,5.107,-4.6%,5.407,+5.9%,5.54,+2.5%,5.674,+2.4%,75.97,13.4,+6.0%,-7.4%,-13.7%,+10.1%
SEIC,Extended,Payments,Financials,Financial Services,Adj,Dec,EPS,CY2027,,,,,,,,5.293,,5.523,+4.3%,6.008,+8.8%,6.022,+0.2%,5.726,-4.9%,5.946,+3.8%,6.165,+3.7%,6.389,+3.6%,75.97,11.9,+6.1%,-7.4%,-13.7%,+10.1%
SEIC,Extended,Payments,Financials,Financial Services,Adj,Dec,EPS,CY2028,,,,,,,,5.753,,6.06,+5.3%,6.373,+5.2%,6.503,+2.0%,6.263,-3.7%,6.613,+5.6%,7.03,+6.3%,7.27,+3.4%,75.97,10.4,+11.8%,-7.4%,-13.7%,+10.1%
DBD,Extended,Payments,Information Technology,Technology Hardware & Equipmen,Adj,Dec,EPS,CY2025,,,,,,,,5.61,,5.83,+3.9%,4.935,-15.4%,4.02,-18.5%,3.423,-14.9%,3.557,+3.9%,3.807,+7.0%,3.807,+0.0%,77.98,20.5,-5.3%,+14.9%,+16.8%,+104.5%
DBD,Extended,Payments,Information Technology,Technology Hardware & Equipmen,Adj,Dec,EPS,CY2026,,,,,,,,7.43,,6.64,-10.6%,5.675,-14.5%,4.945,-12.9%,4.637,-6.2%,4.957,+6.9%,5.017,+1.2%,5.487,+9.4%,77.98,14.2,+11.0%,+14.9%,+16.8%,+104.5%
DBD,Extended,Payments,Information Technology,Technology Hardware & Equipmen,Adj,Dec,EPS,CY2027,,,,,,,,7.65,,6.82,-10.8%,6.58,-3.5%,5.94,-9.7%,5.49,-7.6%,6.255,+13.9%,6.475,+3.5%,6.717,+3.7%,77.98,11.6,+13.1%,+14.9%,+16.8%,+104.5%
DBD,Extended,Payments,Information Technology,Technology Hardware & Equipmen,Adj,Dec,EPS,CY2028,,,,,,,,7.87,,7.01,-10.9%,6.78,-3.3%,6.44,-5.0%,6.45,+0.2%,7.84,+21.6%,7.76,-1.0%,7.84,+1.0%,77.98,9.9,+21.7%,+14.9%,+16.8%,+104.5%
JKHY,Extended,Payments,Financials,Financial Services,Adj,Jun,EPS,CY2025,,,,,,,,5.738,,5.792,+0.9%,5.812,+0.3%,5.804,-0.1%,5.954,+2.6%,5.978,+0.4%,,,,,158.1,26.4,+3.2%,-13.4%,-14.8%,-8.4%
JKHY,Extended,Payments,Financials,Financial Services,Adj,Jun,EPS,CY2026,,,,,,,,6.283,,6.291,+0.1%,6.291,+0.0%,6.272,-0.3%,6.354,+1.3%,6.392,+0.6%,6.454,+1.0%,6.544,+1.4%,158.1,24.2,+4.3%,-13.4%,-14.8%,-8.4%
JKHY,Extended,Payments,Financials,Financial Services,Adj,Jun,EPS,CY2027,,,,,,,,7.8,,6.976,-10.6%,6.827,-2.1%,6.799,-0.4%,6.907,+1.6%,6.903,-0.1%,6.923,+0.3%,7.145,+3.2%,158.1,22.1,+5.1%,-13.4%,-14.8%,-8.4%
JKHY,Extended,Payments,Financials,Financial Services,Adj,Jun,EPS,CY2028,,,,,,,,8.62,,8.62,+0.0%,8.35,-3.1%,7.695,-7.8%,7.65,-0.6%,7.58,-0.9%,7.488,-1.2%,7.704,+2.9%,158.1,20.5,+0.1%,-13.4%,-14.8%,-8.4%
WU,Extended,Payments,Financials,Financial Services,Adj,Dec,EPS,CY2025,,,,,,,,1.829,,1.829,+0.0%,1.806,-1.3%,1.773,-1.8%,1.765,-0.5%,1.702,-3.6%,1.731,+1.7%,1.732,+0.1%,8.78,5.1,-2.3%,-5.7%,-9.4%,-13.3%
WU,Extended,Payments,Financials,Financial Services,Adj,Dec,EPS,CY2026,,,,,,,,1.91,,1.923,+0.7%,1.916,-0.4%,1.87,-2.4%,1.846,-1.3%,1.774,-3.9%,1.788,+0.8%,1.794,+0.3%,8.78,4.9,-4.1%,-5.7%,-9.4%,-13.3%
WU,Extended,Payments,Financials,Financial Services,Adj,Dec,EPS,CY2027,,,,,,,,1.765,,1.927,+9.2%,1.92,-0.4%,1.987,+3.5%,1.969,-0.9%,1.884,-4.3%,1.894,+0.5%,1.925,+1.6%,8.78,4.6,-3.1%,-5.7%,-9.4%,-13.3%
WU,Extended,Payments,Financials,Financial Services,Adj,Dec,EPS,CY2028,,,,,,,,1.8,,1.895,+5.3%,1.895,+0.0%,1.81,-4.5%,1.87,+3.3%,1.95,+4.3%,1.983,+1.7%,2.071,+4.4%,8.78,4.2,+14.4%,-5.7%,-9.4%,-13.3%
FCFS,Extended,Payments,Financials,Financial Services,Adj,Dec,EPS,CY2025,,,,,,,,7.936,,7.932,-0.1%,7.9,-0.4%,7.633,-3.4%,7.974,+4.5%,8.253,+3.5%,8.659,+4.9%,8.644,-0.2%,190.39,22.0,+13.2%,+19.5%,+16.7%,+54.8%
FCFS,Extended,Payments,Financials,Financial Services,Adj,Dec,EPS,CY2026,,,,,,,,9.04,,9.41,+4.1%,9.295,-1.2%,8.933,-3.9%,9.586,+7.3%,9.883,+3.1%,10.075,+1.9%,10.354,+2.8%,190.39,18.4,+15.9%,+19.5%,+16.7%,+54.8%
FCFS,Extended,Payments,Financials,Financial Services,Adj,Dec,EPS,CY2027,,,,,,,,9.57,,9.58,+0.1%,9.54,-0.4%,9.665,+1.3%,11.745,+21.5%,11.403,-2.9%,11.67,+2.3%,12.285,+5.3%,190.39,15.5,+27.1%,+19.5%,+16.7%,+54.8%
FCFS,Extended,Payments,Financials,Financial Services,Adj,Dec,EPS,CY2028,,,,,,,,10.13,,10.14,+0.1%,10.11,-0.3%,10.59,+4.7%,11.36,+7.3%,11.595,+2.1%,13.025,+12.3%,14.943,+14.7%,190.39,12.7,+41.1%,+19.5%,+16.7%,+54.8%
EEFT,Extended,Payments,Financials,Financial Services,Adj,Dec,EPS,CY2025,,,,,,,,9.679,,9.645,-0.4%,9.705,+0.6%,9.793,+0.9%,9.825,+0.3%,9.831,+0.1%,9.753,-0.8%,9.742,-0.1%,66.28,6.8,-0.5%,-12.9%,-13.5%,-28.9%
EEFT,Extended,Payments,Financials,Financial Services,Adj,Dec,EPS,CY2026,,,,,,,,11.232,,11.173,-0.5%,11.265,+0.8%,11.57,+2.7%,11.238,-2.9%,11.261,+0.2%,11.091,-1.5%,10.862,-2.1%,66.28,6.1,-6.1%,-12.9%,-13.5%,-28.9%
EEFT,Extended,Payments,Financials,Financial Services,Adj,Dec,EPS,CY2027,,,,,,,,14.83,,13.685,-7.7%,14.035,+2.6%,13.905,-0.9%,12.472,-10.3%,12.275,-1.6%,12.318,+0.4%,12.19,-1.0%,66.28,5.4,-12.3%,-12.9%,-13.5%,-28.9%
EEFT,Extended,Payments,Financials,Financial Services,Adj,Dec,EPS,CY2028,,,,,,,,16.14,,16.44,+1.9%,17.61,+7.1%,16.87,-4.2%,13.695,-18.8%,13.42,-2.0%,13.32,-0.7%,12.98,-2.6%,66.28,5.1,-23.1%,-12.9%,-13.5%,-28.9%
WEX,Extended,Payments,Financials,Financial Services,Adj,Dec,EPS,CY2025,,,,,,,,18.533,,18.509,-0.1%,17.006,-8.1%,15.042,-11.5%,15.038,-0.0%,15.603,+3.8%,15.926,+2.1%,15.95,+0.2%,157.1,9.8,+6.0%,+5.5%,+3.5%,+23.8%
WEX,Extended,Payments,Financials,Financial Services,Adj,Dec,EPS,CY2026,,,,,,,,19.273,,21.009,+9.0%,19.399,-7.7%,16.766,-13.6%,16.776,+0.1%,17.525,+4.5%,17.629,+0.6%,17.612,-0.1%,157.1,8.9,+5.0%,+5.5%,+3.5%,+23.8%
WEX,Extended,Payments,Financials,Financial Services,Adj,Dec,EPS,CY2027,,,,,,,,23.4,,24.07,+2.9%,22.137,-8.0%,18.613,-15.9%,18.828,+1.2%,19.623,+4.2%,19.687,+0.3%,19.614,-0.4%,157.1,8.0,+5.4%,+5.5%,+3.5%,+23.8%
WEX,Extended,Payments,Financials,Financial Services,Adj,Dec,EPS,CY2028,,,,,,,,,,,,,,19.97,,21.19,+6.1%,21.34,+0.7%,21.51,+0.8%,21.568,+0.3%,157.1,7.3,+8.0%,+5.5%,+3.5%,+23.8%
EQT,Extended,Financials and related,Energy,Energy,Adj,Dec,EPS,CY2025,,,,,,,,3.757,,3.064,-18.4%,2.809,-8.3%,3.408,+21.3%,3.582,+5.1%,3.053,-14.8%,2.901,-5.0%,2.941,+1.4%,60.4,20.5,-13.7%,+12.7%,+13.1%,+31.0%
EQT,Extended,Financials and related,Energy,Energy,Adj,Dec,EPS,CY2026,,,,,,,,4.661,,4.148,-11.0%,3.957,-4.6%,4.684,+18.4%,5.18,+10.6%,4.941,-4.6%,4.551,-7.9%,4.601,+1.1%,60.4,13.1,-1.8%,+12.7%,+13.1%,+31.0%
EQT,Extended,Financials and related,Energy,Energy,Adj,Dec,EPS,CY2027,,,,,,,,4.686,,4.628,-1.2%,4.273,-7.7%,4.498,+5.3%,4.909,+9.1%,4.841,-1.4%,4.928,+1.8%,4.66,-5.4%,60.4,13.0,+3.6%,+12.7%,+13.1%,+31.0%
EQT,Extended,Financials and related,Energy,Energy,Adj,Dec,EPS,CY2028,,,,,,,,4.727,,5.22,+10.4%,4.886,-6.4%,5.327,+9.0%,5.373,+0.9%,5.341,-0.6%,5.287,-1.0%,5.149,-2.6%,60.4,11.7,-3.3%,+12.7%,+13.1%,+31.0%
HLNE,Extended,Financials and related,Financials,Financial Services,Adj,Mar,EPS,CY2025,,,,,,,,5.336,,5.547,+4.0%,5.223,-5.8%,5.137,-1.6%,4.548,-11.5%,5.098,+12.1%,5.67,+11.2%,5.802,+2.3%,95.36,16.4,+12.9%,-29.0%,-35.1%,-29.7%
HLNE,Extended,Financials and related,Financials,Financial Services,Adj,Mar,EPS,CY2026,,,,,,,,6.4,,6.523,+1.9%,6.14,-5.9%,5.978,-2.6%,5.712,-4.4%,5.973,+4.6%,6.268,+4.9%,6.285,+0.3%,95.36,15.2,+5.1%,-29.0%,-35.1%,-29.7%
HLNE,Extended,Financials and related,Financials,Financial Services,Adj,Mar,EPS,CY2027,,,,,,,,,,,,6.75,,6.65,-1.5%,6.53,-1.8%,7.36,+12.7%,7.635,+3.7%,7.554,-1.1%,95.36,12.6,+13.6%,-29.0%,-35.1%,-29.7%
HLNE,Extended,Financials and related,Financials,Financial Services,Adj,Mar,EPS,CY2028,,,,,,,,,,,,,,,,,,,,8.51,,6.36,-25.3%,95.36,15.0,,-29.0%,-35.1%,-29.7%
STEP,Extended,Financials and related,Financials,Financial Services,Adj,Mar,EPS,CY2025,,,,,,,,2.15,,2.23,+3.7%,2.147,-3.7%,2.057,-4.2%,1.88,-8.6%,1.896,+0.9%,2.042,+7.7%,2.088,+2.3%,46.9,22.5,+1.5%,-26.9%,-33.6%,+7.6%
STEP,Extended,Financials and related,Financials,Financial Services,Adj,Mar,EPS,CY2026,,,,,,,,2.7,,2.815,+4.3%,2.635,-6.4%,2.436,-7.6%,2.334,-4.2%,2.503,+7.2%,2.558,+2.2%,2.453,-4.1%,46.9,19.1,+0.7%,-26.9%,-33.6%,+7.6%
STEP,Extended,Financials and related,Financials,Financial Services,Adj,Mar,EPS,CY2027,,,,,,,,,,,,,,,,,,3.07,,3.025,-1.5%,3.206,+6.0%,46.9,14.6,,-26.9%,-33.6%,+7.6%
STEP,Extended,Financials and related,Financials,Financial Services,Adj,Mar,EPS,CY2028,,,,,,,,,,,,,,,,,,,,3.89,,2.94,-24.4%,46.9,16.0,,-26.9%,-33.6%,+7.6%
TROW,Extended,Financials and related,Financials,Financial Services,Adj,Dec,EPS,CY2025,,,,,,,,8.916,,9.061,+1.6%,9.45,+4.3%,9.18,-2.9%,8.295,-9.6%,9.218,+11.1%,9.715,+5.4%,9.722,+0.1%,89.33,9.2,+5.9%,-12.7%,-18.1%,+8.1%
TROW,Extended,Financials and related,Financials,Financial Services,Adj,Dec,EPS,CY2026,,,,,,,,9.284,,9.521,+2.6%,9.834,+3.3%,9.565,-2.7%,8.475,-11.4%,9.649,+13.9%,10.241,+6.1%,10.017,-2.2%,89.33,8.9,+4.7%,-12.7%,-18.1%,+8.1%
TROW,Extended,Financials and related,Financials,Financial Services,Adj,Dec,EPS,CY2027,,,,,,,,9.79,,9.01,-8.0%,9.993,+10.9%,9.719,-2.7%,8.744,-10.0%,9.793,+12.0%,10.225,+4.4%,10.123,-1.0%,89.33,8.8,+4.2%,-12.7%,-18.1%,+8.1%
TROW,Extended,Financials and related,Financials,Financial Services,Adj,Dec,EPS,CY2028,,,,,,,,10.56,,10.02,-5.1%,10.06,+0.4%,10.06,+0.0%,10.23,+1.7%,10.94,+6.9%,10.817,-1.1%,9.96,-7.9%,89.33,9.0,-1.0%,-12.7%,-18.1%,+8.1%
SYF,Extended,Financials and related,Financials,Financial Services,Adj,Dec,EPS,CY2025,,,,,,,,5.956,,5.923,-0.6%,6.691,+13.0%,7.642,+14.2%,7.757,+1.5%,8.551,+10.2%,9.211,+7.7%,9.23,+0.2%,69.26,7.5,+20.8%,-17.0%,-21.7%,+58.1%
SYF,Extended,Financials and related,Financials,Financial Services,Adj,Dec,EPS,CY2026,,,,,,,,7.147,,7.201,+0.8%,7.678,+6.6%,8.73,+13.7%,8.747,+0.2%,9.065,+3.6%,9.181,+1.3%,9.25,+0.8%,69.26,7.5,+6.0%,-17.0%,-21.7%,+58.1%
SYF,Extended,Financials and related,Financials,Financial Services,Adj,Dec,EPS,CY2027,,,,,,,,6.01,,6.43,+7.0%,8.39,+30.5%,9.86,+17.5%,10.051,+1.9%,10.082,+0.3%,10.108,+0.3%,10.329,+2.2%,69.26,6.7,+4.8%,-17.0%,-21.7%,+58.1%
SYF,Extended,Financials and related,Financials,Financial Services,Adj,Dec,EPS,CY2028,,,,,,,,6.39,,6.8,+6.4%,6.8,+0.0%,6.72,-1.2%,6.72,+0.0%,9.46,+40.8%,9.295,-1.7%,11.472,+23.4%,69.26,6.0,+70.7%,-17.0%,-21.7%,+58.1%
BFH,Extended,Financials and related,Financials,Financial Services,Adj,Dec,EPS,CY2025,,,,,,,,6.454,,6.386,-1.1%,6.216,-2.7%,6.781,+9.1%,7.171,+5.8%,8.196,+14.3%,10.213,+24.6%,10.173,-0.4%,75.17,7.4,+50.0%,+1.5%,-6.3%,+79.5%
BFH,Extended,Financials and related,Financials,Financial Services,Adj,Dec,EPS,CY2026,,,,,,,,8.627,,9.019,+4.5%,9.014,-0.1%,9.252,+2.6%,8.971,-3.0%,9.005,+0.4%,9.309,+3.4%,9.884,+6.2%,75.17,7.6,+6.8%,+1.5%,-6.3%,+79.5%
BFH,Extended,Financials and related,Financials,Financial Services,Adj,Dec,EPS,CY2027,,,,,,,,6.66,,6.84,+2.7%,10.16,+48.5%,11.383,+12.0%,9.56,-16.0%,10.019,+4.8%,10.962,+9.4%,11.411,+4.1%,75.17,6.6,+0.2%,+1.5%,-6.3%,+79.5%
BFH,Extended,Financials and related,Financials,Financial Services,Adj,Dec,EPS,CY2028,,,,,,,,6.67,,6.83,+2.4%,,,6.65,-2.6%,6.5,-2.3%,8.98,+38.2%,9.97,+11.0%,12.293,+23.3%,75.17,6.1,+84.9%,+1.5%,-6.3%,+79.5%
ICE,Extended,Financials and related,Financials,Financial Services,Adj,Dec,EPS,CY2025,,,,,,,,6.581,,6.711,+2.0%,6.713,+0.0%,6.717,+0.1%,6.895,+2.6%,6.922,+0.4%,6.92,-0.0%,6.916,-0.1%,166.39,24.1,+3.0%,+2.7%,+0.2%,+6.2%
ICE,Extended,Financials and related,Financials,Financial Services,Adj,Dec,EPS,CY2026,,,,,,,,7.085,,7.346,+3.7%,7.494,+2.0%,7.53,+0.5%,7.649,+1.6%,7.644,-0.1%,7.516,-1.7%,7.706,+2.5%,166.39,21.6,+2.3%,+2.7%,+0.2%,+6.2%
ICE,Extended,Financials and related,Financials,Financial Services,Adj,Dec,EPS,CY2027,,,,,,,,7.11,,8.113,+14.1%,8.188,+0.9%,8.204,+0.2%,8.302,+1.2%,8.475,+2.1%,8.334,-1.7%,8.577,+2.9%,166.39,19.4,+4.5%,+2.7%,+0.2%,+6.2%
ICE,Extended,Financials and related,Financials,Financial Services,Adj,Dec,EPS,CY2028,,,,,,,,8.35,,9.287,+11.2%,9.353,+0.7%,9.41,+0.6%,9.427,+0.2%,9.57,+1.5%,8.955,-6.4%,9.464,+5.7%,166.39,17.6,+0.6%,+2.7%,+0.2%,+6.2%
CME,Extended,Financials and related,Financials,Financial Services,Adj,Dec,EPS,CY2025,,,,,,,,9.942,,10.089,+1.5%,10.444,+3.5%,10.601,+1.5%,11.137,+5.1%,11.111,-0.2%,11.161,+0.5%,11.164,+0.0%,308.57,27.6,+5.3%,+15.2%,+16.9%,+23.7%
CME,Extended,Financials and related,Financials,Financial Services,Adj,Dec,EPS,CY2026,,,,,,,,10.399,,10.495,+0.9%,10.898,+3.8%,11.201,+2.8%,11.607,+3.6%,11.549,-0.5%,11.581,+0.3%,12.037,+3.9%,308.57,25.6,+7.5%,+15.2%,+16.9%,+23.7%
CME,Extended,Financials and related,Financials,Financial Services,Adj,Dec,EPS,CY2027,,,,,,,,11.02,,11.305,+2.6%,11.68,+3.3%,11.945,+2.3%,12.354,+3.4%,12.154,-1.6%,12.275,+1.0%,12.661,+3.1%,308.57,24.4,+6.0%,+15.2%,+16.9%,+23.7%
CME,Extended,Financials and related,Financials,Financial Services,Adj,Dec,EPS,CY2028,,,,,,,,9.327,,12.325,+32.1%,10.073,-18.3%,10.643,+5.7%,13.213,+24.1%,12.678,-4.0%,13.018,+2.7%,13.598,+4.5%,308.57,22.7,+27.8%,+15.2%,+16.9%,+23.7%
SLM,Extended,Financials and related,Financials,Financial Services,Adj,Dec,EPS,CY2025,,,,,,,,2.912,,2.961,+1.7%,3.023,+2.1%,3.059,+1.2%,3.106,+1.5%,3.089,-0.5%,3.275,+6.0%,3.278,+0.1%,22.16,6.8,+7.2%,-18.1%,-21.3%,-13.2%
SLM,Extended,Financials and related,Financials,Financial Services,Adj,Dec,EPS,CY2026,,,,,,,,3.21,,3.334,+3.9%,3.319,-0.4%,3.418,+3.0%,3.465,+1.4%,3.481,+0.5%,3.051,-12.4%,2.754,-9.7%,22.16,8.0,-19.4%,-18.1%,-21.3%,-13.2%
SLM,Extended,Financials and related,Financials,Financial Services,Adj,Dec,EPS,CY2027,,,,,,,,,,,,3.65,,3.734,+2.3%,3.876,+3.8%,4.103,+5.9%,3.251,-20.8%,3.208,-1.3%,22.16,6.9,-14.1%,-18.1%,-21.3%,-13.2%
SLM,Extended,Financials and related,Financials,Financial Services,Adj,Dec,EPS,CY2028,,,,,,,,,,,,,,,,,,,,3.85,,3.863,+0.3%,22.16,5.7,,-18.1%,-21.3%,-13.2%
CBOE,Extended,Financials and related,Financials,Financial Services,Adj,Dec,EPS,CY2025,,,,,,,,9.072,,9.141,+0.8%,9.162,+0.2%,9.015,-1.6%,9.543,+5.9%,9.708,+1.7%,10.37,+6.8%,10.551,+1.7%,296.06,28.1,+17.0%,+18.0%,+18.4%,+37.6%
CBOE,Extended,Financials and related,Financials,Financial Services,Adj,Dec,EPS,CY2026,,,,,,,,9.735,,9.755,+0.2%,9.78,+0.3%,9.674,-1.1%,10.033,+3.7%,10.245,+2.1%,11.028,+7.6%,11.916,+8.1%,296.06,24.8,+23.2%,+18.0%,+18.4%,+37.6%
CBOE,Extended,Financials and related,Financials,Financial Services,Adj,Dec,EPS,CY2027,,,,,,,,10.377,,10.35,-0.3%,10.608,+2.5%,10.481,-1.2%,10.813,+3.2%,10.992,+1.7%,11.661,+6.1%,12.842,+10.1%,296.06,23.1,+22.5%,+18.0%,+18.4%,+37.6%
CBOE,Extended,Financials and related,Financials,Financial Services,Adj,Dec,EPS,CY2028,,,,,,,,11.24,,11.22,-0.2%,11.825,+5.4%,11.45,-3.2%,11.613,+1.4%,11.825,+1.8%,12.63,+6.8%,13.675,+8.3%,296.06,21.6,+19.4%,+18.0%,+18.4%,+37.6%
NDAQ,Extended,Financials and related,Financials,Financial Services,Adj,Dec,EPS,CY2025,,,,,,,,2.958,,3.074,+3.9%,3.164,+2.9%,3.194,+0.9%,3.201,+0.2%,3.342,+4.4%,3.431,+2.7%,3.431,+0.0%,87.9,25.6,+7.4%,-9.5%,-12.7%,+28.8%
NDAQ,Extended,Financials and related,Financials,Financial Services,Adj,Dec,EPS,CY2026,,,,,,,,3.377,,3.468,+2.7%,3.588,+3.5%,3.626,+1.1%,3.561,-1.8%,3.726,+4.6%,3.822,+2.6%,3.918,+2.5%,87.9,22.4,+8.1%,-9.5%,-12.7%,+28.8%
NDAQ,Extended,Financials and related,Financials,Financial Services,Adj,Dec,EPS,CY2027,,,,,,,,3.598,,3.788,+5.3%,4.092,+8.0%,4.052,-1.0%,3.98,-1.8%,4.172,+4.8%,4.276,+2.5%,4.411,+3.2%,87.9,19.9,+8.9%,-9.5%,-12.7%,+28.8%
NDAQ,Extended,Financials and related,Financials,Financial Services,Adj,Dec,EPS,CY2028,,,,,,,,4.028,,4.22,+4.8%,4.583,+8.6%,4.55,-0.7%,4.5,-1.1%,4.67,+3.8%,4.756,+1.8%,5.037,+5.9%,87.9,17.5,+10.7%,-9.5%,-12.7%,+28.8%
NAVI,Extended,Financials and related,Financials,Financial Services,Adj,Dec,EPS,CY2025,,,,,,,,1.963,,1.815,-7.5%,1.445,-20.4%,1.066,-26.2%,1.081,+1.4%,0.976,-9.7%,-0.067,-106.9%,-0.063,+6.0%,8.35,-132.5,-105.9%,-35.8%,-35.0%,-25.0%
NAVI,Extended,Financials and related,Financials,Financial Services,Adj,Dec,EPS,CY2026,,,,,,,,2.05,,1.825,-11.0%,1.77,-3.0%,1.393,-21.3%,1.32,-5.2%,1.288,-2.4%,1.196,-7.1%,0.694,-42.0%,8.35,12.0,-50.2%,-35.8%,-35.0%,-25.0%
NAVI,Extended,Financials and related,Financials,Financial Services,Adj,Dec,EPS,CY2027,,,,,,,,,,,,,,1.5,,1.42,-5.3%,1.49,+4.9%,1.43,-4.0%,0.963,-32.7%,8.35,8.7,-35.8%,-35.8%,-35.0%,-25.0%
NAVI,Extended,Financials and related,Financials,Financial Services,Adj,Dec,EPS,CY2028,,,,,,,,,,,,,,,,,,,,,,1.27,,8.35,6.6,,-35.8%,-35.0%,-25.0%
FG,Extended,Financials and related,Financials,Insurance,Adj,Dec,EPS,CY2025,,,,,,,,5.305,,5.277,-0.5%,5.478,+3.8%,5.208,-4.9%,3.585,-31.2%,3.595,+0.3%,4.055,+12.8%,,,26.31,6.5,-26.0%,-14.7%,-8.9%,-23.0%
FG,Extended,Financials and related,Financials,Insurance,Adj,Dec,EPS,CY2026,,,,,,,,,,6.07,,6.22,+2.5%,6.228,+0.1%,5.703,-8.4%,5.693,-0.2%,5.65,-0.8%,,,26.31,4.7,-9.2%,-14.7%,-8.9%,-23.0%
FG,Extended,Financials and related,Financials,Insurance,Adj,Dec,EPS,CY2027,,,,,,,,,,,,,,7.49,,6.59,-12.0%,6.535,-0.8%,6.58,+0.7%,,,26.31,4.0,,-14.7%,-8.9%,-23.0%
FG,Extended,Financials and related,Financials,Insurance,Adj,Dec,EPS,CY2028,,,,,,,,,,,,,,,,,,,,,,,,26.31,,,-14.7%,-8.9%,-23.0%
BEN,Extended,Financials and related,Financials,Financial Services,Adj,Sep,EPS,CY2025,,,,,,,,2.77,,2.633,-4.9%,2.382,-9.5%,2.131,-10.5%,2.058,-3.4%,2.108,+2.4%,2.12,+0.6%,,,23.4,11.0,-11.0%,-2.1%,-6.8%,+33.6%
BEN,Extended,Financials and related,Financials,Financial Services,Adj,Sep,EPS,CY2026,,,,,,,,3.063,,2.883,-5.9%,2.617,-9.2%,2.416,-7.7%,2.335,-3.4%,2.458,+5.3%,2.48,+0.9%,2.62,+5.6%,23.4,8.9,+8.4%,-2.1%,-6.8%,+33.6%
BEN,Extended,Financials and related,Financials,Financial Services,Adj,Sep,EPS,CY2027,,,,,,,,2.56,,2.785,+8.8%,2.833,+1.7%,2.769,-2.3%,2.72,-1.8%,2.776,+2.1%,2.775,-0.0%,2.916,+5.1%,23.4,8.0,+5.3%,-2.1%,-6.8%,+33.6%
BEN,Extended,Financials and related,Financials,Financial Services,Adj,Sep,EPS,CY2028,,,,,,,,2.82,,2.74,-2.8%,2.715,-0.9%,2.097,-22.8%,2.063,-1.6%,3.01,+45.9%,2.945,-2.2%,3.159,+7.3%,23.4,7.4,+50.6%,-2.1%,-6.8%,+33.6%
ALLY,Extended,Financials and related,Financials,Financial Services,Adj,Dec,EPS,CY2025,,,,,,,,5.322,,4.895,-8.0%,4.048,-17.3%,3.49,-13.8%,3.377,-3.2%,3.619,+7.2%,3.756,+3.8%,3.755,-0.0%,40.32,10.7,+7.6%,-11.0%,-14.3%,+25.5%
ALLY,Extended,Financials and related,Financials,Financial Services,Adj,Dec,EPS,CY2026,,,,,,,,6.496,,6.174,-5.0%,5.907,-4.3%,5.499,-6.9%,5.404,-1.7%,5.409,+0.1%,5.383,-0.5%,5.144,-4.4%,40.32,7.8,-6.5%,-11.0%,-14.3%,+25.5%
ALLY,Extended,Financials and related,Financials,Financial Services,Adj,Dec,EPS,CY2027,,,,,,,,6.1,,6.1,+0.0%,6.1,+0.0%,6.341,+4.0%,6.054,-4.5%,6.171,+1.9%,6.302,+2.1%,6.297,-0.1%,40.32,6.4,-0.7%,-11.0%,-14.3%,+25.5%
ALLY,Extended,Financials and related,Financials,Financial Services,Adj,Dec,EPS,CY2028,,,,,,,,6.23,,6.23,+0.0%,6.23,+0.0%,5.85,-6.1%,5.67,-3.1%,,,,,7.12,+25.6%,40.32,5.7,+21.7%,-11.0%,-14.3%,+25.5%
RM,Extended,Financials and related,Financials,Financial Services,Adj,Dec,EPS,CY2025,,,,,,,,5.818,,5.686,-2.3%,5.613,-1.3%,4.99,-11.1%,4.365,-12.5%,4.594,+5.2%,4.422,-3.7%,,,34.23,7.7,-21.2%,-11.7%,-12.4%,+22.6%
RM,Extended,Financials and related,Financials,Financial Services,Adj,Dec,EPS,CY2026,,,,,,,,7.25,,7.52,+3.7%,7.275,-3.3%,6.903,-5.1%,6.53,-5.4%,6.704,+2.7%,6.124,-8.7%,,,34.23,5.6,-15.8%,-11.7%,-12.4%,+22.6%
RM,Extended,Financials and related,Financials,Financial Services,Adj,Dec,EPS,CY2027,,,,,,,,,,,,,,12.08,,11.76,-2.6%,13.78,+17.2%,8.247,-40.2%,,,34.23,4.2,,-11.7%,-12.4%,+22.6%
RM,Extended,Financials and related,Financials,Financial Services,Adj,Dec,EPS,CY2028,,,,,,,,,,,,,,,,,,,,,,,,34.23,,,-11.7%,-12.4%,+22.6%
OMF,Extended,Financials and related,Financials,Financial Services,Adj,Dec,EPS,CY2025,,,,,,,,7.531,,7.343,-2.5%,6.799,-7.4%,6.108,-10.2%,6.117,+0.1%,6.375,+4.2%,6.637,+4.1%,6.702,+1.0%,54.97,8.2,+9.7%,-18.6%,-23.0%,+34.0%
OMF,Extended,Financials and related,Financials,Financial Services,Adj,Dec,EPS,CY2026,,,,,,,,9.038,,9.238,+2.2%,8.636,-6.5%,8.213,-4.9%,8.0,-2.6%,8.021,+0.3%,8.01,-0.1%,7.468,-6.8%,54.97,7.4,-9.1%,-18.6%,-23.0%,+34.0%
OMF,Extended,Financials and related,Financials,Financial Services,Adj,Dec,EPS,CY2027,,,,,,,,10.29,,10.29,+0.0%,9.74,-5.3%,9.854,+1.2%,10.044,+1.9%,10.082,+0.4%,9.821,-2.6%,9.115,-7.2%,54.97,6.0,-7.5%,-18.6%,-23.0%,+34.0%
OMF,Extended,Financials and related,Financials,Financial Services,Adj,Dec,EPS,CY2028,,,,,,,,10.29,,10.29,+0.0%,10.29,+0.0%,10.29,+0.0%,11.3,+9.8%,11.3,+0.0%,12.58,+11.3%,11.033,-12.3%,54.97,5.0,+7.2%,-18.6%,-23.0%,+34.0%
OPRT,Extended,Financials and related,Financials,Financial Services,Adj,Dec,EPS,CY2025,,,,,,,,0.658,,0.663,+0.8%,0.942,+42.1%,1.183,+25.6%,1.179,-0.3%,1.296,+9.9%,1.113,-14.1%,1.349,+21.2%,4.72,3.5,+14.0%,-10.8%,-9.4%,+7.8%
OPRT,Extended,Financials and related,Financials,Financial Services,Adj,Dec,EPS,CY2026,,,,,,,,,,1.15,,1.32,+14.8%,1.663,+26.0%,1.636,-1.6%,1.613,-1.4%,1.445,-10.4%,1.546,+7.0%,4.72,3.1,-7.0%,-10.8%,-9.4%,+7.8%
OPRT,Extended,Financials and related,Financials,Financial Services,Adj,Dec,EPS,CY2027,,,,,,,,,,,,,,2.12,,1.775,-16.3%,1.707,-3.8%,1.75,+2.5%,1.911,+9.2%,4.72,2.5,-9.9%,-10.8%,-9.4%,+7.8%
OPRT,Extended,Financials and related,Financials,Financial Services,Adj,Dec,EPS,CY2028,,,,,,,,,,,,,,,,,,,,,,2.35,,4.72,2.0,,-10.8%,-9.4%,+7.8%
ENVA,Extended,Financials and related,Financials,Financial Services,Adj,Dec,EPS,CY2025,,,,,,,,9.655,,10.263,+6.3%,10.865,+5.9%,11.503,+5.9%,11.764,+2.3%,12.105,+2.9%,12.734,+5.2%,12.733,-0.0%,138.77,10.9,+10.7%,-11.7%,-14.2%,+61.5%
ENVA,Extended,Financials and related,Financials,Financial Services,Adj,Dec,EPS,CY2026,,,,,,,,10.47,,12.11,+15.7%,12.87,+6.3%,13.652,+6.1%,13.67,+0.1%,14.064,+2.9%,14.311,+1.8%,15.779,+10.3%,138.77,8.8,+15.6%,-11.7%,-14.2%,+61.5%
ENVA,Extended,Financials and related,Financials,Financial Services,Adj,Dec,EPS,CY2027,,,,,,,,,,,,,,15.66,,15.51,-1.0%,16.92,+9.1%,17.788,+5.1%,18.355,+3.2%,138.77,7.6,+17.2%,-11.7%,-14.2%,+61.5%
ENVA,Extended,Financials and related,Financials,Financial Services,Adj,Dec,EPS,CY2028,,,,,,,,,,,,,,,,,,,,,,24.63,,138.77,5.6,,-11.7%,-14.2%,+61.5%
ECPG,Extended,Financials and related,Financials,Financial Services,Adj,Dec,EPS,CY2025,,,,,,,,7.928,,8.004,+1.0%,6.63,-17.2%,5.204,-21.5%,5.985,+15.0%,8.212,+37.2%,9.756,+18.8%,,,72.53,7.4,+47.1%,+33.4%,+29.4%,+131.6%
ECPG,Extended,Financials and related,Financials,Financial Services,Adj,Dec,EPS,CY2026,,,,,,,,5.94,,7.66,+29.0%,5.16,-32.6%,7.214,+39.8%,7.318,+1.4%,8.256,+12.8%,8.148,-1.3%,,,72.53,8.9,+57.9%,+33.4%,+29.4%,+131.6%
ECPG,Extended,Financials and related,Financials,Financial Services,Adj,Dec,EPS,CY2027,,,,,,,,5.69,,6.27,+10.2%,6.33,+1.0%,6.9,+9.0%,5.125,-25.7%,10.25,+100.0%,6.42,-37.4%,,,72.53,11.3,+1.4%,+33.4%,+29.4%,+131.6%
ECPG,Extended,Financials and related,Financials,Financial Services,Adj,Dec,EPS,CY2028,,,,,,,,5.52,,5.9,+6.9%,5.94,+0.7%,6.47,+8.9%,7.54,+16.5%,10.86,+44.0%,10.88,+0.2%,,,72.53,6.7,+83.2%,+33.4%,+29.4%,+131.6%
EQR,Extended,Financials and related,Real Estate,Equity Real Estate Investment,Adj,Dec,EPS,CY2025,,,,,,,,2.05,,1.94,-5.4%,1.976,+1.9%,1.47,-25.6%,1.571,+6.9%,2.253,+43.4%,2.964,+31.6%,2.845,-4.0%,60.06,21.1,+93.5%,-4.7%,-3.8%,-5.8%
EQR,Extended,Financials and related,Real Estate,Equity Real Estate Investment,Adj,Dec,EPS,CY2026,,,,,,,,2.05,,2.166,+5.7%,2.139,-1.2%,1.339,-37.4%,1.379,+3.0%,2.241,+62.5%,1.771,-21.0%,1.292,-27.0%,60.06,46.5,-3.5%,-4.7%,-3.8%,-5.8%
EQR,Extended,Financials and related,Real Estate,Equity Real Estate Investment,Adj,Dec,EPS,CY2027,,,,,,,,2.22,,2.665,+20.0%,2.638,-1.0%,1.894,-28.2%,1.927,+1.7%,2.24,+16.2%,1.562,-30.3%,1.522,-2.6%,60.06,39.5,-19.6%,-4.7%,-3.8%,-5.8%
EQR,Extended,Financials and related,Real Estate,Equity Real Estate Investment,Adj,Dec,EPS,CY2028,,,,,,,,2.445,,3.113,+27.3%,3.103,-0.3%,2.563,-17.4%,2.553,-0.4%,3.15,+23.4%,1.66,-47.3%,1.667,+0.4%,60.06,36.0,-35.0%,-4.7%,-3.8%,-5.8%
MCD,Extended,Food / Restaurants,Consumer Discretionary,Consumer Services,GAAP,Dec,EPS,CY2025,,,,,,,,13.249,,12.675,-4.3%,12.565,-0.9%,12.302,-2.1%,12.185,-1.0%,12.245,+0.5%,11.978,-2.2%,12.006,+0.2%,309.76,25.8,-2.4%,+1.4%,+2.3%,+3.2%
MCD,Extended,Food / Restaurants,Consumer Discretionary,Consumer Services,GAAP,Dec,EPS,CY2026,,,,,,,,14.452,,13.744,-4.9%,13.646,-0.7%,13.364,-2.1%,13.227,-1.0%,13.377,+1.1%,13.186,-1.4%,13.202,+0.1%,309.76,23.5,-1.2%,+1.4%,+2.3%,+3.2%
MCD,Extended,Food / Restaurants,Consumer Discretionary,Consumer Services,GAAP,Dec,EPS,CY2027,,,,,,,,15.96,,15.091,-5.4%,14.945,-1.0%,14.742,-1.4%,14.478,-1.8%,14.54,+0.4%,14.358,-1.3%,14.354,-0.0%,309.76,21.6,-2.6%,+1.4%,+2.3%,+3.2%
MCD,Extended,Food / Restaurants,Consumer Discretionary,Consumer Services,GAAP,Dec,EPS,CY2028,,,,,,,,17.665,,16.566,-6.2%,16.408,-1.0%,16.097,-1.9%,15.541,-3.5%,15.619,+0.5%,15.495,-0.8%,15.541,+0.3%,309.76,19.9,-3.5%,+1.4%,+2.3%,+3.2%
YUM,Extended,Food / Restaurants,Consumer Discretionary,Consumer Services,Adj,Dec,EPS,CY2025,,,,,,,,6.363,,6.274,-1.4%,6.056,-3.5%,6.011,-0.7%,6.053,+0.7%,6.006,-0.8%,6.08,+1.2%,6.059,-0.3%,157.36,26.0,+0.8%,+4.0%,+3.9%,+6.4%
YUM,Extended,Food / Restaurants,Consumer Discretionary,Consumer Services,Adj,Dec,EPS,CY2026,,,,,,,,7.179,,7.036,-2.0%,6.72,-4.5%,6.718,-0.0%,6.72,+0.0%,6.652,-1.0%,6.659,+0.1%,6.665,+0.1%,157.36,23.6,-0.8%,+4.0%,+3.9%,+6.4%
YUM,Extended,Food / Restaurants,Consumer Discretionary,Consumer Services,Adj,Dec,EPS,CY2027,,,,,,,,8.124,,8.047,-0.9%,7.677,-4.6%,7.558,-1.6%,7.53,-0.4%,7.483,-0.6%,7.434,-0.7%,7.453,+0.3%,157.36,21.1,-1.4%,+4.0%,+3.9%,+6.4%
YUM,Extended,Food / Restaurants,Consumer Discretionary,Consumer Services,Adj,Dec,EPS,CY2028,,,,,,,,8.924,,8.943,+0.2%,8.46,-5.4%,8.468,+0.1%,8.66,+2.3%,8.506,-1.8%,8.43,-0.9%,8.395,-0.4%,157.36,18.7,-0.9%,+4.0%,+3.9%,+6.4%
WEN,Extended,Food / Restaurants,Consumer Discretionary,Consumer Services,Adj,Dec,EPS,CY2025,,,,,,,,1.09,,1.07,-1.8%,1.049,-2.0%,1.006,-4.1%,0.95,-5.6%,0.861,-9.4%,0.875,+1.6%,0.872,-0.3%,7.09,8.1,-13.3%,-14.9%,-16.0%,-46.7%
WEN,Extended,Food / Restaurants,Consumer Discretionary,Consumer Services,Adj,Dec,EPS,CY2026,,,,,,,,1.252,,1.212,-3.2%,1.186,-2.1%,1.131,-4.6%,1.048,-7.3%,0.936,-10.7%,0.871,-6.9%,0.583,-33.1%,7.09,12.2,-48.5%,-14.9%,-16.0%,-46.7%
WEN,Extended,Food / Restaurants,Consumer Discretionary,Consumer Services,Adj,Dec,EPS,CY2027,,,,,,,,1.423,,1.379,-3.1%,1.338,-3.0%,1.251,-6.5%,1.134,-9.4%,1.041,-8.2%,0.929,-10.8%,0.665,-28.4%,7.09,10.7,-46.8%,-14.9%,-16.0%,-46.7%
WEN,Extended,Food / Restaurants,Consumer Discretionary,Consumer Services,Adj,Dec,EPS,CY2028,,,,,,,,1.635,,1.568,-4.1%,1.628,+3.8%,1.45,-10.9%,1.27,-12.4%,1.232,-3.0%,1.041,-15.5%,0.751,-27.9%,7.09,9.4,-48.2%,-14.9%,-16.0%,-46.7%
YUMC,Extended,Food / Restaurants,Consumer Discretionary,Consumer Services,Adj,Dec,EPS,CY2025,,,,,,,,2.478,,2.473,-0.2%,2.582,+4.4%,2.571,-0.4%,2.53,-1.6%,2.52,-0.4%,2.503,-0.7%,2.494,-0.4%,48.36,19.4,-3.0%,+1.3%,+1.4%,+0.9%
YUMC,Extended,Food / Restaurants,Consumer Discretionary,Consumer Services,Adj,Dec,EPS,CY2026,,,,,,,,2.819,,2.814,-0.2%,2.944,+4.6%,2.919,-0.8%,2.879,-1.4%,2.865,-0.5%,2.851,-0.5%,2.897,+1.6%,48.36,16.7,-0.8%,+1.3%,+1.4%,+0.9%
YUMC,Extended,Food / Restaurants,Consumer Discretionary,Consumer Services,Adj,Dec,EPS,CY2027,,,,,,,,3.224,,3.264,+1.2%,3.484,+6.7%,3.279,-5.9%,3.246,-1.0%,3.206,-1.2%,3.169,-1.2%,3.235,+2.1%,48.36,14.9,-1.3%,+1.3%,+1.4%,+0.9%
YUMC,Extended,Food / Restaurants,Consumer Discretionary,Consumer Services,Adj,Dec,EPS,CY2028,,,,,,,,3.616,,3.674,+1.6%,4.024,+9.5%,3.805,-5.4%,3.767,-1.0%,3.737,-0.8%,3.602,-3.6%,3.579,-0.6%,48.36,13.5,-5.9%,+1.3%,+1.4%,+0.9%
SBUX,Extended,Food / Restaurants,Consumer Discretionary,Consumer Services,Adj,Sep,EPS,CY2025,,,,,,,,4.079,,3.906,-4.2%,3.121,-20.1%,2.942,-5.7%,2.464,-16.2%,2.159,-12.4%,2.147,-0.6%,,,94.78,44.1,-31.2%,+12.6%,+5.9%,+15.4%
SBUX,Extended,Food / Restaurants,Consumer Discretionary,Consumer Services,Adj,Sep,EPS,CY2026,,,,,,,,4.589,,4.416,-3.8%,3.713,-15.9%,3.643,-1.9%,2.983,-18.1%,2.663,-10.7%,2.365,-11.2%,2.285,-3.4%,94.78,41.5,-37.3%,+12.6%,+5.9%,+15.4%
SBUX,Extended,Food / Restaurants,Consumer Discretionary,Consumer Services,Adj,Sep,EPS,CY2027,,,,,,,,5.189,,5.066,-2.4%,4.409,-13.0%,4.34,-1.6%,3.571,-17.7%,3.31,-7.3%,2.985,-9.8%,2.951,-1.1%,94.78,32.1,-32.0%,+12.6%,+5.9%,+15.4%
SBUX,Extended,Food / Restaurants,Consumer Discretionary,Consumer Services,Adj,Sep,EPS,CY2028,,,,,,,,5.923,,5.881,-0.7%,5.18,-11.9%,5.1,-1.5%,4.193,-17.8%,3.923,-6.4%,3.538,-9.8%,3.628,+2.5%,94.78,26.1,-28.9%,+12.6%,+5.9%,+15.4%
WING,Extended,Food / Restaurants,Consumer Discretionary,Consumer Services,Adj,Dec,EPS,CY2025,,,,,,,,4.195,,4.622,+10.2%,4.523,-2.1%,3.755,-17.0%,3.883,+3.4%,3.985,+2.6%,3.928,-1.4%,3.919,-0.2%,164.83,42.1,+4.4%,-30.9%,-38.7%,-29.1%
WING,Extended,Food / Restaurants,Consumer Discretionary,Consumer Services,Adj,Dec,EPS,CY2026,,,,,,,,5.253,,5.775,+9.9%,5.656,-2.1%,4.859,-14.1%,4.947,+1.8%,5.121,+3.5%,4.795,-6.4%,4.681,-2.4%,164.83,35.2,-3.7%,-30.9%,-38.7%,-29.1%
WING,Extended,Food / Restaurants,Consumer Discretionary,Consumer Services,Adj,Dec,EPS,CY2027,,,,,,,,6.322,,7.043,+11.4%,6.918,-1.8%,6.282,-9.2%,6.343,+1.0%,6.64,+4.7%,6.113,-7.9%,5.933,-2.9%,164.83,27.8,-5.6%,-30.9%,-38.7%,-29.1%
WING,Extended,Food / Restaurants,Consumer Discretionary,Consumer Services,Adj,Dec,EPS,CY2028,,,,,,,,7.39,,8.303,+12.4%,8.38,+0.9%,7.607,-9.2%,7.705,+1.3%,8.256,+7.2%,7.75,-6.1%,7.449,-3.9%,164.83,22.1,-2.1%,-30.9%,-38.7%,-29.1%
CAVA,Extended,Food / Restaurants,Consumer Discretionary,Consumer Services,Adj,Dec,EPS,CY2025,,,,,,,,0.454,,0.514,+13.2%,0.632,+23.0%,0.54,-14.6%,0.581,+7.6%,0.553,-4.8%,0.53,-4.2%,0.528,-0.4%,82.13,155.5,-2.2%,+39.9%,+22.4%,+9.2%
CAVA,Extended,Food / Restaurants,Consumer Discretionary,Consumer Services,Adj,Dec,EPS,CY2026,,,,,,,,0.639,,0.698,+9.2%,0.816,+16.9%,0.695,-14.8%,0.728,+4.7%,0.669,-8.1%,0.587,-12.3%,0.518,-11.8%,82.13,158.6,-25.5%,+39.9%,+22.4%,+9.2%
CAVA,Extended,Food / Restaurants,Consumer Discretionary,Consumer Services,Adj,Dec,EPS,CY2027,,,,,,,,0.767,,0.913,+19.0%,1.175,+28.7%,0.965,-17.9%,1.01,+4.7%,0.889,-12.0%,0.739,-16.9%,0.714,-3.4%,82.13,115.0,-26.0%,+39.9%,+22.4%,+9.2%
CAVA,Extended,Food / Restaurants,Consumer Discretionary,Consumer Services,Adj,Dec,EPS,CY2028,,,,,,,,0.95,,1.067,+12.3%,1.443,+35.2%,1.278,-11.4%,1.353,+5.9%,1.275,-5.8%,0.998,-21.7%,0.995,-0.3%,82.13,82.5,-22.1%,+39.9%,+22.4%,+9.2%
BROS,Extended,Food / Restaurants,Consumer Discretionary,Consumer Services,Adj,Dec,EPS,CY2025,,,,,,,,0.458,,0.48,+4.8%,0.546,+13.8%,0.609,+11.5%,0.602,-1.1%,0.664,+10.3%,0.671,+1.1%,0.661,-1.5%,53.03,80.2,+8.5%,-13.4%,-16.2%,+3.2%
BROS,Extended,Food / Restaurants,Consumer Discretionary,Consumer Services,Adj,Dec,EPS,CY2026,,,,,,,,0.586,,0.558,-4.8%,0.714,+28.0%,0.83,+16.2%,0.817,-1.6%,0.898,+9.9%,0.898,+0.0%,0.889,-1.0%,53.03,59.7,+7.1%,-13.4%,-16.2%,+3.2%
BROS,Extended,Food / Restaurants,Consumer Discretionary,Consumer Services,Adj,Dec,EPS,CY2027,,,,,,,,0.847,,0.783,-7.6%,0.915,+16.9%,1.067,+16.6%,1.045,-2.1%,1.161,+11.1%,1.17,+0.8%,1.18,+0.9%,53.03,44.9,+10.6%,-13.4%,-16.2%,+3.2%
BROS,Extended,Food / Restaurants,Consumer Discretionary,Consumer Services,Adj,Dec,EPS,CY2028,,,,,,,,1.075,,1.1,+2.3%,1.175,+6.8%,1.425,+21.3%,1.473,+3.4%,1.538,+4.4%,1.58,+2.7%,1.503,-4.9%,53.03,35.3,+5.5%,-13.4%,-16.2%,+3.2%
SHAK,Extended,Food / Restaurants,Consumer Discretionary,Consumer Services,Adj,Dec,EPS,CY2025,,,,,,,,1.005,,1.022,+1.7%,1.137,+11.3%,1.283,+12.8%,1.326,+3.4%,1.378,+3.9%,1.319,-4.3%,1.281,-2.9%,92.37,72.1,-0.2%,+13.8%,+2.8%,+17.6%
SHAK,Extended,Food / Restaurants,Consumer Discretionary,Consumer Services,Adj,Dec,EPS,CY2026,,,,,,,,1.422,,1.447,+1.8%,1.57,+8.5%,1.573,+0.2%,1.682,+6.9%,1.74,+3.4%,1.624,-6.7%,1.383,-14.8%,92.37,66.8,-12.1%,+13.8%,+2.8%,+17.6%
SHAK,Extended,Food / Restaurants,Consumer Discretionary,Consumer Services,Adj,Dec,EPS,CY2027,,,,,,,,2.108,,2.126,+0.9%,2.22,+4.4%,1.937,-12.7%,2.227,+15.0%,2.231,+0.2%,2.051,-8.1%,1.761,-14.1%,92.37,52.5,-9.1%,+13.8%,+2.8%,+17.6%
SHAK,Extended,Food / Restaurants,Consumer Discretionary,Consumer Services,Adj,Dec,EPS,CY2028,,,,,,,,2.148,,2.16,+0.6%,2.278,+5.5%,2.607,+14.4%,2.759,+5.8%,2.845,+3.1%,2.816,-1.0%,2.289,-18.7%,92.37,40.4,-12.2%,+13.8%,+2.8%,+17.6%
ARCO,Extended,Food / Restaurants,Consumer Discretionary,Consumer Services,Adj,Dec,EPS,CY2025,,,,,,,,0.952,,0.804,-15.5%,0.75,-6.7%,0.739,-1.5%,0.625,-15.4%,0.56,-10.4%,0.953,+70.2%,0.807,-15.3%,8.35,10.3,+9.2%,+13.8%,+7.7%,+15.3%
ARCO,Extended,Food / Restaurants,Consumer Discretionary,Consumer Services,Adj,Dec,EPS,CY2026,,,,,,,,1.148,,0.927,-19.3%,0.885,-4.5%,0.85,-4.0%,0.78,-8.2%,0.704,-9.7%,0.67,-4.8%,0.683,+1.9%,8.35,12.2,-19.6%,+13.8%,+7.7%,+15.3%
ARCO,Extended,Food / Restaurants,Consumer Discretionary,Consumer Services,Adj,Dec,EPS,CY2027,,,,,,,,1.35,,1.0,-25.9%,0.69,-31.0%,0.84,+21.7%,0.93,+10.7%,0.765,-17.7%,0.813,+6.3%,0.807,-0.7%,8.35,10.3,-3.9%,+13.8%,+7.7%,+15.3%
ARCO,Extended,Food / Restaurants,Consumer Discretionary,Consumer Services,Adj,Dec,EPS,CY2028,,,,,,,,1.52,,1.165,-23.4%,1.303,+11.8%,1.015,-22.1%,0.96,-5.4%,0.92,-4.2%,0.857,-6.8%,0.943,+10.0%,8.35,8.9,-7.1%,+13.8%,+7.7%,+15.3%
EAT,Extended,Food / Restaurants,Consumer Discretionary,Consumer Services,Adj,Dec,EPS,CY2025,,,,,,,,0.403,,0.415,+3.0%,0.31,-25.3%,0.295,-4.8%,0.25,-15.3%,0.163,-34.8%,0.145,-11.0%,0.077,-46.9%,11.54,149.9,-73.9%,-13.9%,-15.6%,-26.3%
EAT,Extended,Food / Restaurants,Consumer Discretionary,Consumer Services,Adj,Dec,EPS,CY2026,,,,,,,,0.517,,0.53,+2.5%,0.417,-21.3%,0.397,-4.8%,0.33,-16.9%,0.265,-19.7%,0.33,+24.5%,0.17,-48.5%,11.54,67.9,-57.2%,-13.9%,-15.6%,-26.3%
EAT,Extended,Food / Restaurants,Consumer Discretionary,Consumer Services,Adj,Dec,EPS,CY2027,,,,,,,,0.67,,,,0.3,-55.2%,,,0.41,+36.7%,0.345,-15.9%,0.46,+33.3%,0.215,-53.3%,11.54,53.7,,-13.9%,-15.6%,-26.3%
EAT,Extended,Food / Restaurants,Consumer Discretionary,Consumer Services,Adj,Dec,EPS,CY2028,,,,,,,,,,,,,,,,,,,,,,0.18,,11.54,64.1,,-13.9%,-15.6%,-26.3%
DMP,Extended,Food / Restaurants,Consumer Discretionary,Consumer Services,Adj,Jun,EPS,CY2025,,,,,,,,1.673,,1.46,-12.7%,1.367,-6.4%,1.307,-4.4%,1.286,-1.6%,1.266,-1.6%,,,,,15.98,12.6,-13.3%,-23.9%,-28.2%,-34.0%
DMP,Extended,Food / Restaurants,Consumer Discretionary,Consumer Services,Adj,Jun,EPS,CY2026,,,,,,,,2.047,,1.718,-16.1%,1.622,-5.6%,1.538,-5.2%,1.5,-2.5%,1.253,-16.5%,1.259,+0.5%,1.263,+0.3%,15.98,12.7,-17.9%,-23.9%,-28.2%,-34.0%
DMP,Extended,Food / Restaurants,Consumer Discretionary,Consumer Services,Adj,Jun,EPS,CY2027,,,,,,,,2.692,,1.992,-26.0%,1.906,-4.3%,1.799,-5.6%,1.751,-2.7%,1.413,-19.3%,1.425,+0.8%,1.411,-1.0%,15.98,11.3,-21.6%,-23.9%,-28.2%,-34.0%
DMP,Extended,Food / Restaurants,Consumer Discretionary,Consumer Services,Adj,Jun,EPS,CY2028,,,,,,,,3.142,,2.665,-15.2%,2.503,-6.1%,2.356,-5.9%,2.257,-4.2%,1.626,-28.0%,1.61,-1.0%,1.577,-2.0%,15.98,10.1,-33.1%,-23.9%,-28.2%,-34.0%
DOM,Extended,Food / Restaurants,Consumer Discretionary,Consumer Services,Adj,Dec,EPS,CY2025,,,,,,,,0.235,,0.231,-1.7%,0.211,-8.7%,0.209,-0.9%,0.207,-1.0%,0.183,-11.6%,0.176,-3.8%,0.176,+0.0%,173.1,9.8,-15.8%,-0.2%,-0.6%,-36.0%
DOM,Extended,Food / Restaurants,Consumer Discretionary,Consumer Services,Adj,Dec,EPS,CY2026,,,,,,,,0.262,,0.258,-1.5%,0.234,-9.3%,0.23,-1.7%,0.227,-1.3%,0.199,-12.3%,0.184,-7.5%,0.181,-1.6%,173.1,9.6,-21.3%,-0.2%,-0.6%,-36.0%
DOM,Extended,Food / Restaurants,Consumer Discretionary,Consumer Services,Adj,Dec,EPS,CY2027,,,,,,,,0.249,,0.26,+4.4%,0.248,-4.6%,0.255,+2.8%,0.251,-1.6%,0.217,-13.5%,0.198,-8.8%,0.191,-3.5%,173.1,9.1,-25.1%,-0.2%,-0.6%,-36.0%
DOM,Extended,Food / Restaurants,Consumer Discretionary,Consumer Services,Adj,Dec,EPS,CY2028,,,,,,,,0.263,,0.287,+9.1%,0.255,-11.1%,0.256,+0.4%,0.252,-1.6%,0.23,-8.7%,0.219,-4.8%,0.203,-7.3%,173.1,8.5,-20.7%,-0.2%,-0.6%,-36.0%
LW,Extended,Food / Restaurants,Consumer Staples,"Food, Beverage & Tobacco",Adj,May,EPS,CY2025,,,,,,,,6.183,,4.422,-28.5%,3.281,-25.8%,3.083,-6.0%,3.124,+1.3%,3.116,-0.3%,,,,,40.17,12.9,-29.5%,-4.1%,-3.3%,-31.9%
LW,Extended,Food / Restaurants,Consumer Staples,"Food, Beverage & Tobacco",Adj,May,EPS,CY2026,,,,,,,,6.734,,5.002,-25.7%,3.824,-23.6%,3.609,-5.6%,3.462,-4.1%,2.748,-20.6%,2.72,-1.0%,2.704,-0.6%,40.17,14.9,-25.1%,-4.1%,-3.3%,-31.9%
LW,Extended,Food / Restaurants,Consumer Staples,"Food, Beverage & Tobacco",Adj,May,EPS,CY2027,,,,,,,,7.06,,5.453,-22.8%,4.46,-18.2%,4.02,-9.9%,3.924,-2.4%,3.455,-12.0%,3.123,-9.6%,2.985,-4.4%,40.17,13.5,-25.7%,-4.1%,-3.3%,-31.9%
LW,Extended,Food / Restaurants,Consumer Staples,"Food, Beverage & Tobacco",Adj,May,EPS,CY2028,,,,,,,,8.08,,6.31,-21.9%,5.505,-12.8%,4.893,-11.1%,4.96,+1.4%,3.947,-20.4%,3.561,-9.8%,3.503,-1.6%,40.17,11.5,-28.4%,-4.1%,-3.3%,-31.9%
SYY,Extended,Food / Restaurants,Consumer Staples,Consumer Staples Distribution,Adj,Jun,EPS,CY2025,,,,,,,,4.625,,4.602,-0.5%,4.562,-0.9%,4.567,+0.1%,4.378,-4.1%,4.376,-0.0%,,,,,73.24,16.7,-4.9%,-0.6%,+0.3%,+2.5%
SYY,Extended,Food / Restaurants,Consumer Staples,Consumer Staples Distribution,Adj,Jun,EPS,CY2026,,,,,,,,4.976,,4.978,+0.0%,4.929,-1.0%,4.951,+0.4%,4.679,-5.5%,4.563,-2.5%,4.595,+0.7%,4.59,-0.1%,73.24,16.0,-7.3%,-0.6%,+0.3%,+2.5%
SYY,Extended,Food / Restaurants,Consumer Staples,Consumer Staples Distribution,Adj,Jun,EPS,CY2027,,,,,,,,5.472,,5.481,+0.2%,5.407,-1.4%,5.379,-0.5%,5.144,-4.4%,5.053,-1.8%,5.054,+0.0%,5.026,-0.6%,73.24,14.6,-6.6%,-0.6%,+0.3%,+2.5%
SYY,Extended,Food / Restaurants,Consumer Staples,Consumer Staples Distribution,Adj,Jun,EPS,CY2028,,,,,,,,5.905,,5.93,+0.4%,5.875,-0.9%,5.948,+1.2%,5.551,-6.7%,5.471,-1.4%,5.473,+0.0%,5.423,-0.9%,73.24,13.5,-8.8%,-0.6%,+0.3%,+2.5%
USFD,Extended,Food / Restaurants,Consumer Staples,Consumer Staples Distribution,Adj,Dec,EPS,CY2025,,,,,,,,3.719,,3.714,-0.1%,3.815,+2.7%,3.823,+0.2%,3.818,-0.1%,3.881,+1.7%,3.945,+1.6%,3.941,-0.1%,90.91,23.1,+3.1%,+20.7%,+18.3%,+47.2%
USFD,Extended,Food / Restaurants,Consumer Staples,Consumer Staples Distribution,Adj,Dec,EPS,CY2026,,,,,,,,4.436,,4.454,+0.4%,4.54,+1.9%,4.588,+1.1%,4.555,-0.7%,4.621,+1.4%,4.678,+1.2%,4.778,+2.1%,90.91,19.0,+4.1%,+20.7%,+18.3%,+47.2%
USFD,Extended,Food / Restaurants,Consumer Staples,Consumer Staples Distribution,Adj,Dec,EPS,CY2027,,,,,,,,5.156,,5.358,+3.9%,5.173,-3.5%,5.346,+3.3%,5.289,-1.1%,5.429,+2.6%,5.503,+1.4%,5.631,+2.3%,90.91,16.1,+5.3%,+20.7%,+18.3%,+47.2%
USFD,Extended,Food / Restaurants,Consumer Staples,Consumer Staples Distribution,Adj,Dec,EPS,CY2028,,,,,,,,5.87,,5.995,+2.1%,6.41,+6.9%,6.713,+4.7%,6.057,-9.8%,6.334,+4.6%,6.586,+4.0%,6.575,-0.2%,90.91,13.8,-2.1%,+20.7%,+18.3%,+47.2%
PZZA,Extended,Food / Restaurants,Consumer Discretionary,Consumer Services,Adj,Dec,EPS,CY2025,,,,,,,,2.791,,2.609,-6.5%,2.41,-7.6%,1.931,-19.9%,1.646,-14.8%,1.776,+7.9%,1.426,-19.7%,1.406,-1.4%,35.23,25.1,-27.2%,-8.5%,-10.8%,-3.0%
PZZA,Extended,Food / Restaurants,Consumer Discretionary,Consumer Services,Adj,Dec,EPS,CY2026,,,,,,,,3.197,,3.118,-2.5%,2.807,-10.0%,2.463,-12.3%,2.299,-6.7%,2.262,-1.6%,1.845,-18.4%,1.528,-17.2%,35.23,23.1,-38.0%,-8.5%,-10.8%,-3.0%
PZZA,Extended,Food / Restaurants,Consumer Discretionary,Consumer Services,Adj,Dec,EPS,CY2027,,,,,,,,3.873,,3.993,+3.1%,3.44,-13.8%,2.866,-16.7%,2.862,-0.1%,2.424,-15.3%,2.247,-7.3%,1.826,-18.7%,35.23,19.3,-36.3%,-8.5%,-10.8%,-3.0%
PZZA,Extended,Food / Restaurants,Consumer Discretionary,Consumer Services,Adj,Dec,EPS,CY2028,,,,,,,,4.415,,4.88,+10.5%,4.095,-16.1%,3.785,-7.6%,3.74,-1.2%,3.765,+0.7%,2.475,-34.3%,1.984,-19.8%,35.23,17.8,-47.6%,-8.5%,-10.8%,-3.0%
CASY,Extended,Food / Restaurants,Consumer Staples,Consumer Staples Distribution,Adj,Apr,EPS,CY2025,,,,,,,,14.176,,14.325,+1.1%,14.179,-1.0%,14.027,-1.1%,13.951,-0.5%,,,,,,,747.77,53.6,-1.6%,+35.3%,+32.6%,+79.8%
CASY,Extended,Food / Restaurants,Consumer Staples,Consumer Staples Distribution,Adj,Apr,EPS,CY2026,,,,,,,,15.779,,15.991,+1.3%,16.146,+1.0%,15.778,-2.3%,15.804,+0.2%,16.393,+3.7%,17.22,+5.0%,18.181,+5.6%,747.77,41.1,+15.2%,+35.3%,+32.6%,+79.8%
CASY,Extended,Food / Restaurants,Consumer Staples,Consumer Staples Distribution,Adj,Apr,EPS,CY2027,,,,,,,,16.984,,17.56,+3.4%,18.013,+2.6%,17.912,-0.6%,17.758,-0.9%,18.229,+2.7%,18.922,+3.8%,20.008,+5.7%,747.77,37.4,+11.7%,+35.3%,+32.6%,+79.8%
CASY,Extended,Food / Restaurants,Consumer Staples,Consumer Staples Distribution,Adj,Apr,EPS,CY2028,,,,,,,,17.965,,19.165,+6.7%,19.49,+1.7%,19.695,+1.1%,19.649,-0.2%,20.316,+3.4%,20.958,+3.2%,22.162,+5.7%,747.77,33.7,+12.5%,+35.3%,+32.6%,+79.8%
ACI,Extended,Food / Restaurants,Consumer Staples,Consumer Staples Distribution,Adj,Feb,EPS,CY2025,,,,,,,,2.581,,2.386,-7.6%,2.256,-5.4%,2.287,+1.4%,2.122,-7.2%,2.112,-0.5%,2.139,+1.3%,2.143,+0.2%,17.99,8.4,-6.3%,+4.8%,+5.1%,-18.1%
ACI,Extended,Food / Restaurants,Consumer Staples,Consumer Staples Distribution,Adj,Feb,EPS,CY2026,,,,,,,,2.64,,2.483,-5.9%,2.348,-5.4%,2.396,+2.0%,2.237,-6.6%,2.252,+0.7%,2.311,+2.6%,2.299,-0.5%,17.99,7.8,-4.0%,+4.8%,+5.1%,-18.1%
ACI,Extended,Food / Restaurants,Consumer Staples,Consumer Staples Distribution,Adj,Feb,EPS,CY2027,,,,,,,,2.63,,2.378,-9.6%,2.187,-8.0%,2.41,+10.2%,2.398,-0.5%,2.425,+1.1%,2.498,+3.0%,2.488,-0.4%,17.99,7.2,+3.2%,+4.8%,+5.1%,-18.1%
ACI,Extended,Food / Restaurants,Consumer Staples,Consumer Staples Distribution,Adj,Feb,EPS,CY2028,,,,,,,,2.705,,2.445,-9.6%,2.055,-16.0%,2.317,+12.7%,2.248,-3.0%,2.273,+1.1%,2.516,+10.7%,2.63,+4.5%,17.99,6.8,+13.5%,+4.8%,+5.1%,-18.1%
DIN,Extended,Food / Restaurants,Consumer Discretionary,Consumer Services,Adj,Dec,EPS,CY2025,,,,,,,,6.596,,6.145,-6.8%,5.878,-4.3%,5.272,-10.3%,4.871,-7.6%,4.345,-10.8%,4.019,-7.5%,3.984,-0.9%,27.59,6.9,-24.4%,-14.2%,-23.9%,+30.8%
DIN,Extended,Food / Restaurants,Consumer Discretionary,Consumer Services,Adj,Dec,EPS,CY2026,,,,,,,,7.67,,6.8,-11.3%,6.403,-5.8%,5.389,-15.8%,5.176,-4.0%,4.623,-10.7%,4.87,+5.3%,4.66,-4.3%,27.59,5.9,-13.5%,-14.2%,-23.9%,+30.8%
DIN,Extended,Food / Restaurants,Consumer Discretionary,Consumer Services,Adj,Dec,EPS,CY2027,,,,,,,,8.0,,7.2,-10.0%,7.05,-2.1%,6.4,-9.2%,6.17,-3.6%,5.37,-13.0%,5.093,-5.2%,5.084,-0.2%,27.59,5.4,-20.6%,-14.2%,-23.9%,+30.8%
DIN,Extended,Food / Restaurants,Consumer Discretionary,Consumer Services,Adj,Dec,EPS,CY2028,,,,,,,,8.8,,7.95,-9.7%,7.85,-1.3%,7.0,-10.8%,7.0,+0.0%,6.9,-1.4%,6.75,-2.2%,5.925,-12.2%,27.59,4.7,-15.4%,-14.2%,-23.9%,+30.8%
KR,Extended,Food / Restaurants,Consumer Staples,Consumer Staples Distribution,Adj,Jan,EPS,CY2025,,,,,,,,4.575,,4.567,-0.2%,4.756,+4.1%,4.742,-0.3%,4.755,+0.3%,4.798,+0.9%,4.801,+0.1%,4.805,+0.1%,73.03,15.2,+1.3%,+16.9%,+18.3%,+8.7%
KR,Extended,Food / Restaurants,Consumer Staples,Consumer Staples Distribution,Adj,Jan,EPS,CY2026,,,,,,,,4.701,,4.712,+0.2%,5.044,+7.0%,5.131,+1.7%,5.217,+1.7%,5.265,+0.9%,5.319,+1.0%,5.222,-1.8%,73.03,14.0,+1.8%,+16.9%,+18.3%,+8.7%
KR,Extended,Food / Restaurants,Consumer Staples,Consumer Staples Distribution,Adj,Jan,EPS,CY2027,,,,,,,,4.924,,4.873,-1.0%,5.28,+8.4%,5.43,+2.8%,5.508,+1.4%,5.581,+1.3%,5.664,+1.5%,5.624,-0.7%,73.03,13.0,+3.6%,+16.9%,+18.3%,+8.7%
KR,Extended,Food / Restaurants,Consumer Staples,Consumer Staples Distribution,Adj,Jan,EPS,CY2028,,,,,,,,5.053,,4.897,-3.1%,5.333,+8.9%,5.32,-0.2%,5.253,-1.3%,5.423,+3.2%,5.954,+9.8%,5.961,+0.1%,73.03,12.3,+12.0%,+16.9%,+18.3%,+8.7%
MRSH,Extended,Insurance Brokers / Consultants,Financials,Insurance,Adj,Dec,EPS,CY2025,,,,,,,,9.494,,9.563,+0.7%,9.472,-1.0%,9.56,+0.9%,9.457,-1.1%,9.527,+0.7%,9.602,+0.8%,9.602,+0.0%,174.82,18.2,+0.4%,-5.8%,-5.8%,-24.1%
MRSH,Extended,Insurance Brokers / Consultants,Financials,Insurance,Adj,Dec,EPS,CY2026,,,,,,,,10.491,,10.433,-0.6%,10.414,-0.2%,10.491,+0.7%,10.262,-2.2%,10.26,-0.0%,10.303,+0.4%,10.348,+0.4%,174.82,16.9,-1.4%,-5.8%,-5.8%,-24.1%
MRSH,Extended,Insurance Brokers / Consultants,Financials,Insurance,Adj,Dec,EPS,CY2027,,,,,,,,11.837,,11.715,-1.0%,11.68,-0.3%,11.532,-1.3%,11.241,-2.5%,11.18,-0.5%,11.228,+0.4%,11.299,+0.6%,174.82,15.5,-2.0%,-5.8%,-5.8%,-24.1%
MRSH,Extended,Insurance Brokers / Consultants,Financials,Insurance,Adj,Dec,EPS,CY2028,,,,,,,,13.027,,12.805,-1.7%,13.045,+1.9%,13.243,+1.5%,12.967,-2.1%,13.02,+0.4%,12.628,-3.0%,12.34,-2.3%,174.82,14.2,-6.8%,-5.8%,-5.8%,-24.1%
WTW,Extended,Insurance Brokers / Consultants,Financials,Insurance,Adj,Dec,EPS,CY2025,,,,,,,,18.302,,18.354,+0.3%,18.129,-1.2%,16.978,-6.3%,16.641,-2.0%,16.979,+2.0%,16.855,-0.7%,16.945,+0.5%,291.03,17.2,-0.2%,-11.4%,-13.4%,-5.8%
WTW,Extended,Insurance Brokers / Consultants,Financials,Insurance,Adj,Dec,EPS,CY2026,,,,,,,,20.942,,20.79,-0.7%,20.657,-0.6%,19.276,-6.7%,18.999,-1.4%,19.309,+1.6%,19.212,-0.5%,19.666,+2.4%,291.03,14.8,+2.0%,-11.4%,-13.4%,-5.8%
WTW,Extended,Insurance Brokers / Consultants,Financials,Insurance,Adj,Dec,EPS,CY2027,,,,,,,,22.96,,22.95,-0.0%,23.79,+3.7%,22.305,-6.2%,21.634,-3.0%,22.109,+2.2%,22.079,-0.1%,22.411,+1.5%,291.03,13.0,+0.5%,-11.4%,-13.4%,-5.8%
WTW,Extended,Insurance Brokers / Consultants,Financials,Insurance,Adj,Dec,EPS,CY2028,,,,,,,,25.915,,25.905,-0.0%,26.49,+2.3%,25.585,-3.4%,23.595,-7.8%,24.515,+3.9%,24.945,+1.8%,25.186,+1.0%,291.03,11.6,-1.6%,-11.4%,-13.4%,-5.8%
AJG,Extended,Insurance Brokers / Consultants,Financials,Insurance,Adj,Dec,EPS,CY2025,,,,,,,,11.402,,11.375,-0.2%,11.585,+1.8%,11.266,-2.8%,11.079,-1.7%,11.093,+0.1%,10.751,-3.1%,10.7,-0.5%,219.27,20.5,-5.0%,-15.3%,-16.6%,-31.3%
AJG,Extended,Insurance Brokers / Consultants,Financials,Insurance,Adj,Dec,EPS,CY2026,,,,,,,,12.814,,12.614,-1.6%,13.091,+3.8%,13.341,+1.9%,13.519,+1.3%,13.401,-0.9%,13.373,-0.2%,13.305,-0.5%,219.27,16.5,-0.3%,-15.3%,-16.6%,-31.3%
AJG,Extended,Insurance Brokers / Consultants,Financials,Insurance,Adj,Dec,EPS,CY2027,,,,,,,,13.885,,13.77,-0.8%,14.723,+6.9%,14.959,+1.6%,15.021,+0.4%,14.963,-0.4%,15.024,+0.4%,14.425,-4.0%,219.27,15.2,-3.6%,-15.3%,-16.6%,-31.3%
AJG,Extended,Insurance Brokers / Consultants,Financials,Insurance,Adj,Dec,EPS,CY2028,,,,,,,,15.35,,15.06,-1.9%,16.63,+10.4%,16.76,+0.8%,16.58,-1.1%,15.64,-5.7%,16.46,+5.2%,16.331,-0.8%,219.27,13.4,-2.6%,-15.3%,-16.6%,-31.3%
BRO,Extended,Insurance Brokers / Consultants,Financials,Insurance,Adj,Dec,EPS,CY2025,,,,,,,,3.868,,3.962,+2.4%,4.068,+2.7%,4.157,+2.2%,4.157,+0.0%,4.128,-0.7%,4.249,+2.9%,4.264,+0.4%,66.52,15.6,+2.6%,-16.5%,-17.1%,-42.2%
BRO,Extended,Insurance Brokers / Consultants,Financials,Insurance,Adj,Dec,EPS,CY2026,,,,,,,,4.194,,4.25,+1.3%,4.382,+3.1%,4.537,+3.5%,4.67,+2.9%,4.7,+0.6%,4.644,-1.2%,4.548,-2.1%,66.52,14.6,+0.2%,-16.5%,-17.1%,-42.2%
BRO,Extended,Insurance Brokers / Consultants,Financials,Insurance,Adj,Dec,EPS,CY2027,,,,,,,,,,,,5.2,,4.821,-7.3%,5.131,+6.4%,5.188,+1.1%,5.053,-2.6%,4.928,-2.5%,66.52,13.5,+2.2%,-16.5%,-17.1%,-42.2%
BRO,Extended,Insurance Brokers / Consultants,Financials,Insurance,Adj,Dec,EPS,CY2028,,,,,,,,,,,,,,,,,,,,5.605,,5.268,-6.0%,66.52,12.6,,-16.5%,-17.1%,-42.2%
ACN,Extended,Insurance Brokers / Consultants,Information Technology,Software & Services,Adj,Aug,EPS,CY2025,,,,,,,,12.825,,12.878,+0.4%,12.776,-0.8%,12.725,-0.4%,12.904,+1.4%,12.899,-0.0%,,,,,198.95,15.4,+0.2%,-25.8%,-27.9%,-30.2%
ACN,Extended,Insurance Brokers / Consultants,Information Technology,Software & Services,Adj,Aug,EPS,CY2026,,,,,,,,14.122,,14.097,-0.2%,13.949,-1.0%,13.666,-2.0%,13.825,+1.2%,13.812,-0.1%,13.847,+0.3%,13.875,+0.2%,198.95,14.3,+1.5%,-25.8%,-27.9%,-30.2%
ACN,Extended,Insurance Brokers / Consultants,Information Technology,Software & Services,Adj,Aug,EPS,CY2027,,,,,,,,16.703,,15.659,-6.3%,15.467,-1.2%,14.847,-4.0%,14.918,+0.5%,14.889,-0.2%,14.931,+0.3%,14.95,+0.1%,198.95,13.3,+0.7%,-25.8%,-27.9%,-30.2%
ACN,Extended,Insurance Brokers / Consultants,Information Technology,Software & Services,Adj,Aug,EPS,CY2028,,,,,,,,18.66,,17.88,-4.2%,17.23,-3.6%,17.195,-0.2%,16.005,-6.9%,16.187,+1.1%,16.258,+0.4%,16.264,+0.0%,198.95,12.2,-5.4%,-25.8%,-27.9%,-30.2%
CTSH,Extended,Insurance Brokers / Consultants,Information Technology,Software & Services,Adj,Dec,EPS,CY2025,,,,,,,,4.958,,4.931,-0.5%,4.976,+0.9%,5.003,+0.5%,5.09,+1.7%,5.169,+1.6%,5.249,+1.5%,5.248,-0.0%,62.35,11.9,+4.9%,-24.9%,-26.3%,-9.3%
CTSH,Extended,Insurance Brokers / Consultants,Information Technology,Software & Services,Adj,Dec,EPS,CY2026,,,,,,,,5.471,,5.353,-2.2%,5.44,+1.6%,5.382,-1.1%,5.46,+1.4%,5.55,+1.6%,5.624,+1.3%,5.658,+0.6%,62.35,11.0,+5.1%,-24.9%,-26.3%,-9.3%
CTSH,Extended,Insurance Brokers / Consultants,Information Technology,Software & Services,Adj,Dec,EPS,CY2027,,,,,,,,6.99,,5.903,-15.6%,6.02,+2.0%,5.836,-3.1%,5.903,+1.1%,6.026,+2.1%,6.104,+1.3%,6.127,+0.4%,62.35,10.2,+5.0%,-24.9%,-26.3%,-9.3%
CTSH,Extended,Insurance Brokers / Consultants,Information Technology,Software & Services,Adj,Dec,EPS,CY2028,,,,,,,,7.145,,7.51,+5.1%,7.63,+1.6%,6.245,-18.2%,6.13,-1.8%,6.455,+5.3%,6.507,+0.8%,6.673,+2.6%,62.35,9.3,+6.9%,-24.9%,-26.3%,-9.3%
CNDT,Extended,Insurance Brokers / Consultants,Industrials,Commercial & Professional Serv,Adj,Dec,EPS,CY2025,,,,,,,,-0.34,,-0.24,+29.4%,-0.02,+91.7%,-0.34,-1600.0%,-0.29,+14.7%,-0.285,+1.7%,-0.42,-47.4%,-0.42,+0.0%,1.44,-3.4,-23.5%,-25.0%,-28.0%,-42.2%
CNDT,Extended,Insurance Brokers / Consultants,Industrials,Commercial & Professional Serv,Adj,Dec,EPS,CY2026,,,,,,,,,,,,0.32,,0.0,-100.0%,0.0,,0.02,,0.005,-75.0%,-0.46,-9300.0%,1.44,-3.1,,-25.0%,-28.0%,-42.2%
CNDT,Extended,Insurance Brokers / Consultants,Industrials,Commercial & Professional Serv,Adj,Dec,EPS,CY2027,,,,,,,,,,,,,,,,,,,,0.16,,-0.12,-175.0%,1.44,-12.0,,-25.0%,-28.0%,-42.2%
CNDT,Extended,Insurance Brokers / Consultants,Industrials,Commercial & Professional Serv,Adj,Dec,EPS,CY2028,,,,,,,,,,,,,,,,,,,,,,,,1.44,,,-25.0%,-28.0%,-42.2%
TCS,Extended,Insurance Brokers / Consultants,Information Technology,Software & Services,GAAP,Mar,EPS,CY2025,,,,,,,,157.824,,157.084,-0.5%,154.399,-1.7%,150.54,-2.5%,142.967,-5.0%,141.234,-1.2%,141.712,+0.3%,140.316,-1.0%,2473.9,17.6,-6.8%,-21.7%,-23.8%,-23.3%
TCS,Extended,Insurance Brokers / Consultants,Information Technology,Software & Services,GAAP,Mar,EPS,CY2026,,,,,,,,171.83,,173.229,+0.8%,172.08,-0.7%,167.089,-2.9%,156.687,-6.2%,151.666,-3.2%,152.378,+0.5%,154.191,+1.2%,2473.9,16.0,-7.7%,-21.7%,-23.8%,-23.3%
TCS,Extended,Insurance Brokers / Consultants,Information Technology,Software & Services,GAAP,Mar,EPS,CY2027,,,,,,,,191.277,,202.29,+5.8%,197.667,-2.3%,203.65,+3.0%,169.636,-16.7%,163.73,-3.5%,164.32,+0.4%,164.558,+0.1%,2473.9,15.0,-19.2%,-21.7%,-23.8%,-23.3%
TCS,Extended,Insurance Brokers / Consultants,Information Technology,Software & Services,GAAP,Mar,EPS,CY2028,,,,,,,,197.86,,223.865,+13.1%,217.755,-2.7%,220.16,+1.1%,207.487,-5.8%,172.897,-16.7%,170.148,-1.6%,174.242,+2.4%,2473.9,14.2,-20.9%,-21.7%,-23.8%,-23.3%
DXC,Extended,Insurance Brokers / Consultants,Information Technology,Software & Services,Adj,Mar,EPS,CY2025,,,,,,,,3.023,,3.111,+2.9%,3.282,+5.5%,3.413,+4.0%,3.005,-12.0%,3.096,+3.0%,3.098,+0.1%,3.178,+2.6%,12.76,4.0,-6.9%,-12.9%,-12.9%,-14.1%
DXC,Extended,Insurance Brokers / Consultants,Information Technology,Software & Services,Adj,Mar,EPS,CY2026,,,,,,,,3.707,,3.62,-2.3%,3.667,+1.3%,3.497,-4.6%,3.147,-10.0%,3.151,+0.1%,3.142,-0.3%,3.272,+4.1%,12.76,3.9,-6.4%,-12.9%,-12.9%,-14.1%
DXC,Extended,Insurance Brokers / Consultants,Information Technology,Software & Services,Adj,Mar,EPS,CY2027,,,,,,,,,,,,4.91,,3.52,-28.3%,3.19,-9.4%,3.374,+5.8%,3.36,-0.4%,3.56,+6.0%,12.76,3.6,+1.1%,-12.9%,-12.9%,-14.1%
DXC,Extended,Insurance Brokers / Consultants,Information Technology,Software & Services,Adj,Mar,EPS,CY2028,,,,,,,,,,,,,,,,,,,,2.84,,3.25,+14.4%,12.76,3.9,,-12.9%,-12.9%,-14.1%
RHI,Extended,Insurance Brokers / Consultants,Industrials,Commercial & Professional Serv,Adj,Dec,EPS,CY2025,,,,,,,,3.995,,3.37,-15.6%,2.917,-13.4%,2.583,-11.5%,1.728,-33.1%,1.479,-14.4%,1.327,-10.3%,1.327,+0.0%,24.88,18.7,-48.6%,-8.4%,-10.8%,-48.6%
RHI,Extended,Insurance Brokers / Consultants,Industrials,Commercial & Professional Serv,Adj,Dec,EPS,CY2026,,,,,,,,4.817,,4.391,-8.8%,3.979,-9.4%,3.633,-8.7%,2.678,-26.3%,2.194,-18.1%,1.692,-22.9%,1.469,-13.2%,24.88,16.9,-59.6%,-8.4%,-10.8%,-48.6%
RHI,Extended,Insurance Brokers / Consultants,Industrials,Commercial & Professional Serv,Adj,Dec,EPS,CY2027,,,,,,,,4.52,,4.385,-3.0%,4.663,+6.3%,5.046,+8.2%,3.813,-24.4%,3.255,-14.6%,2.463,-24.3%,2.312,-6.1%,24.88,10.8,-54.2%,-8.4%,-10.8%,-48.6%
RHI,Extended,Insurance Brokers / Consultants,Industrials,Commercial & Professional Serv,Adj,Dec,EPS,CY2028,,,,,,,,4.94,,3.79,-23.3%,4.65,+22.7%,4.81,+3.4%,3.09,-35.8%,4.33,+40.1%,2.82,-34.9%,2.934,+4.0%,24.88,8.5,-39.0%,-8.4%,-10.8%,-48.6%
MAN,Extended,Insurance Brokers / Consultants,Industrials,Commercial & Professional Serv,Adj,Dec,EPS,CY2025,,,,,,,,6.629,,6.15,-7.2%,5.144,-16.4%,3.907,-24.0%,2.832,-27.5%,2.873,+1.4%,2.872,-0.0%,2.87,-0.1%,28.6,10.0,-26.5%,-3.8%,-6.4%,-45.2%
MAN,Extended,Insurance Brokers / Consultants,Industrials,Commercial & Professional Serv,Adj,Dec,EPS,CY2026,,,,,,,,8.183,,7.534,-7.9%,6.566,-12.8%,5.184,-21.0%,4.29,-17.2%,4.348,+1.4%,3.819,-12.2%,3.645,-4.6%,28.6,7.8,-29.7%,-3.8%,-6.4%,-45.2%
MAN,Extended,Insurance Brokers / Consultants,Industrials,Commercial & Professional Serv,Adj,Dec,EPS,CY2027,,,,,,,,7.69,,7.34,-4.6%,7.287,-0.7%,6.232,-14.5%,5.578,-10.5%,5.976,+7.1%,5.304,-11.2%,4.824,-9.0%,28.6,5.9,-22.6%,-3.8%,-6.4%,-45.2%
MAN,Extended,Insurance Brokers / Consultants,Industrials,Commercial & Professional Serv,Adj,Dec,EPS,CY2028,,,,,,,,9.55,,9.01,-5.7%,7.33,-18.6%,7.23,-1.4%,5.7,-21.2%,7.54,+32.3%,5.885,-21.9%,5.575,-5.3%,28.6,5.1,-22.9%,-3.8%,-6.4%,-45.2%
FCN,Extended,Insurance Brokers / Consultants,Industrials,Commercial & Professional Serv,Adj,Dec,EPS,CY2025,,,,,,,,9.52,,9.433,-0.9%,8.737,-7.4%,8.148,-6.7%,8.067,-1.0%,8.14,+0.9%,8.507,+4.5%,8.513,+0.1%,184.03,21.6,+4.5%,+7.7%,+3.6%,+16.5%
FCN,Extended,Insurance Brokers / Consultants,Industrials,Commercial & Professional Serv,Adj,Dec,EPS,CY2026,,,,,,,,10.66,,10.625,-0.3%,10.06,-5.3%,8.978,-10.8%,8.997,+0.2%,9.277,+3.1%,9.467,+2.0%,9.28,-2.0%,184.03,19.8,+3.4%,+7.7%,+3.6%,+16.5%
FCN,Extended,Insurance Brokers / Consultants,Industrials,Commercial & Professional Serv,Adj,Dec,EPS,CY2027,,,,,,,,,,,,,,10.13,,10.51,+3.8%,10.52,+0.1%,11.08,+5.3%,11.067,-0.1%,184.03,16.6,+9.2%,+7.7%,+3.6%,+16.5%
FCN,Extended,Insurance Brokers / Consultants,Industrials,Commercial & Professional Serv,Adj,Dec,EPS,CY2028,,,,,,,,,,,,,,,,,,,,,,12.19,,184.03,15.1,,+7.7%,+3.6%,+16.5%
JLL,Extended,Insurance Brokers / Consultants,Real Estate,Real Estate Management & Devel,Adj,Dec,EPS,CY2025,,,,,,,,15.831,,15.926,+0.6%,16.411,+3.0%,16.912,+3.1%,16.634,-1.6%,16.76,+0.8%,17.37,+3.6%,17.431,+0.4%,306.78,17.6,+3.1%,-8.8%,-12.5%,+39.7%
JLL,Extended,Insurance Brokers / Consultants,Real Estate,Real Estate Management & Devel,Adj,Dec,EPS,CY2026,,,,,,,,18.875,,18.534,-1.8%,19.117,+3.1%,19.436,+1.7%,19.986,+2.8%,20.022,+0.2%,20.348,+1.6%,21.978,+8.0%,306.78,14.0,+13.1%,-8.8%,-12.5%,+39.7%
JLL,Extended,Insurance Brokers / Consultants,Real Estate,Real Estate Management & Devel,Adj,Dec,EPS,CY2027,,,,,,,,21.585,,21.214,-1.7%,22.096,+4.2%,22.016,-0.4%,21.908,-0.5%,22.73,+3.8%,23.098,+1.6%,24.897,+7.8%,306.78,12.3,+13.1%,-8.8%,-12.5%,+39.7%
JLL,Extended,Insurance Brokers / Consultants,Real Estate,Real Estate Management & Devel,Adj,Dec,EPS,CY2028,,,,,,,,24.813,,24.577,-1.0%,24.52,-0.2%,26.047,+6.2%,25.653,-1.5%,25.6,-0.2%,25.858,+1.0%,28.094,+8.6%,306.78,10.9,+7.9%,-8.8%,-12.5%,+39.7%
G,Extended,Insurance Brokers / Consultants,Industrials,Commercial & Professional Serv,Adj,Dec,EPS,CY2025,,,,,,,,3.292,,3.373,+2.5%,3.442,+2.0%,3.542,+2.9%,3.481,-1.7%,3.547,+1.9%,3.618,+2.0%,3.619,+0.0%,37.61,10.4,+2.2%,-19.6%,-20.6%,-20.1%
G,Extended,Insurance Brokers / Consultants,Industrials,Commercial & Professional Serv,Adj,Dec,EPS,CY2026,,,,,,,,3.588,,3.723,+3.8%,3.773,+1.3%,3.913,+3.7%,3.816,-2.5%,3.887,+1.9%,3.947,+1.5%,4.021,+1.9%,37.61,9.4,+2.8%,-19.6%,-20.6%,-20.1%
G,Extended,Insurance Brokers / Consultants,Industrials,Commercial & Professional Serv,Adj,Dec,EPS,CY2027,,,,,,,,3.82,,4.135,+8.2%,4.223,+2.1%,4.274,+1.2%,4.283,+0.2%,4.34,+1.3%,4.41,+1.6%,4.45,+0.9%,37.61,8.5,+4.1%,-19.6%,-20.6%,-20.1%
G,Extended,Insurance Brokers / Consultants,Industrials,Commercial & Professional Serv,Adj,Dec,EPS,CY2028,,,,,,,,4.21,,4.36,+3.6%,4.75,+8.9%,5.05,+6.3%,4.74,-6.1%,4.665,-1.6%,4.795,+2.8%,5.003,+4.3%,37.61,7.5,-0.9%,-19.6%,-20.6%,-20.1%
CBRE,Extended,Insurance Brokers / Consultants,Real Estate,Real Estate Management & Devel,Adj,Dec,EPS,CY2025,,,,,,,,5.62,,5.846,+4.0%,6.031,+3.2%,6.011,-0.3%,5.971,-0.7%,6.179,+3.5%,6.342,+2.6%,6.337,-0.1%,136.19,21.5,+5.4%,-15.3%,-18.4%,+15.3%
CBRE,Extended,Insurance Brokers / Consultants,Real Estate,Real Estate Management & Devel,Adj,Dec,EPS,CY2026,,,,,,,,6.785,,7.212,+6.3%,7.11,-1.4%,7.104,-0.1%,7.096,-0.1%,7.294,+2.8%,7.409,+1.6%,7.465,+0.8%,136.19,18.2,+5.1%,-15.3%,-18.4%,+15.3%
CBRE,Extended,Insurance Brokers / Consultants,Real Estate,Real Estate Management & Devel,Adj,Dec,EPS,CY2027,,,,,,,,7.768,,7.833,+0.8%,8.233,+5.1%,7.9,-4.0%,8.189,+3.7%,8.469,+3.4%,8.594,+1.5%,8.741,+1.7%,136.19,15.6,+10.6%,-15.3%,-18.4%,+15.3%
CBRE,Extended,Insurance Brokers / Consultants,Real Estate,Real Estate Management & Devel,Adj,Dec,EPS,CY2028,,,,,,,,8.98,,9.048,+0.8%,9.37,+3.6%,9.378,+0.1%,9.394,+0.2%,9.642,+2.6%,9.684,+0.4%,9.946,+2.7%,136.19,13.7,+6.1%,-15.3%,-18.4%,+15.3%
NSP,Extended,Insurance Brokers / Consultants,Industrials,Commercial & Professional Serv,Adj,Dec,EPS,CY2025,,,,,,,,3.998,,3.963,-0.9%,3.7,-6.6%,3.562,-3.7%,2.478,-30.4%,2.11,-14.9%,1.144,-45.8%,,,27.97,24.4,-69.1%,-27.8%,-34.8%,-67.0%
NSP,Extended,Insurance Brokers / Consultants,Industrials,Commercial & Professional Serv,Adj,Dec,EPS,CY2026,,,,,,,,,,,,4.46,,4.198,-5.9%,3.663,-12.7%,2.982,-18.6%,2.544,-14.7%,,,27.97,11.0,-43.0%,-27.8%,-34.8%,-67.0%
NSP,Extended,Insurance Brokers / Consultants,Industrials,Commercial & Professional Serv,Adj,Dec,EPS,CY2027,,,,,,,,,,,,4.98,,4.66,-6.4%,4.28,-8.2%,3.96,-7.5%,3.513,-11.3%,,,27.97,8.0,-29.5%,-27.8%,-34.8%,-67.0%
NSP,Extended,Insurance Brokers / Consultants,Industrials,Commercial & Professional Serv,Adj,Dec,EPS,CY2028,,,,,,,,,,,,,,,,,,4.61,,4.38,-5.0%,,,27.97,6.4,,-27.8%,-34.8%,-67.0%
BAC,Extended,Banks,Financials,Banks,GAAP,Dec,EPS,CY2025,,,,,,,,3.511,,3.618,+3.0%,3.674,+1.5%,3.668,-0.2%,3.614,-1.5%,3.671,+1.6%,3.825,+4.2%,3.818,-0.2%,50.06,13.1,+4.1%,-9.0%,-12.6%,+45.6%
BAC,Extended,Banks,Financials,Banks,GAAP,Dec,EPS,CY2026,,,,,,,,3.918,,4.168,+6.4%,4.208,+1.0%,4.336,+3.0%,4.216,-2.8%,4.271,+1.3%,4.357,+2.0%,4.345,-0.3%,50.06,11.5,+0.2%,-9.0%,-12.6%,+45.6%
BAC,Extended,Banks,Financials,Banks,GAAP,Dec,EPS,CY2027,,,,,,,,3.91,,3.94,+0.8%,4.145,+5.2%,4.765,+15.0%,4.64,-2.6%,4.789,+3.2%,4.972,+3.8%,4.966,-0.1%,50.06,10.1,+4.2%,-9.0%,-12.6%,+45.6%
BAC,Extended,Banks,Financials,Banks,GAAP,Dec,EPS,CY2028,,,,,,,,4.16,,4.14,-0.5%,4.14,+0.0%,4.15,+0.2%,4.15,+0.0%,4.71,+13.5%,5.573,+18.3%,5.703,+2.3%,50.06,8.8,+37.4%,-9.0%,-12.6%,+45.6%
WFC,Extended,Banks,Financials,Banks,GAAP,Dec,EPS,CY2025,,,,,,,,5.504,,5.427,-1.4%,5.537,+2.0%,5.906,+6.7%,5.821,-1.4%,6.036,+3.7%,6.341,+5.1%,6.332,-0.1%,81.85,12.9,+7.2%,-12.2%,-15.1%,+34.2%
WFC,Extended,Banks,Financials,Banks,GAAP,Dec,EPS,CY2026,,,,,,,,6.428,,6.257,-2.7%,6.289,+0.5%,6.811,+8.3%,6.582,-3.4%,6.658,+1.2%,7.012,+5.3%,6.993,-0.3%,81.85,11.7,+2.7%,-12.2%,-15.1%,+34.2%
WFC,Extended,Banks,Financials,Banks,GAAP,Dec,EPS,CY2027,,,,,,,,8.24,,6.55,-20.5%,6.625,+1.1%,7.591,+14.6%,7.512,-1.0%,7.716,+2.7%,7.963,+3.2%,7.882,-1.0%,81.85,10.4,+3.8%,-12.2%,-15.1%,+34.2%
WFC,Extended,Banks,Financials,Banks,GAAP,Dec,EPS,CY2028,,,,,,,,9.72,,5.84,-39.9%,5.84,+0.0%,8.19,+40.2%,8.45,+3.2%,8.435,-0.2%,8.985,+6.5%,8.826,-1.8%,81.85,9.3,+7.8%,-12.2%,-15.1%,+34.2%
USB,Extended,Banks,Financials,Banks,Adj,Dec,EPS,CY2025,,,,,,,,4.236,,4.224,-0.3%,4.35,+3.0%,4.363,+0.3%,4.305,-1.3%,4.373,+1.6%,4.541,+3.8%,4.573,+0.7%,53.44,11.7,+4.8%,+0.1%,-4.7%,+45.1%
USB,Extended,Banks,Financials,Banks,Adj,Dec,EPS,CY2026,,,,,,,,4.614,,4.637,+0.5%,4.815,+3.8%,4.833,+0.4%,4.762,-1.5%,4.726,-0.8%,4.915,+4.0%,5.064,+3.0%,53.44,10.6,+4.8%,+0.1%,-4.7%,+45.1%
USB,Extended,Banks,Financials,Banks,Adj,Dec,EPS,CY2027,,,,,,,,4.72,,4.72,+0.0%,2.705,-42.7%,5.095,+88.4%,4.965,-2.6%,5.146,+3.6%,5.392,+4.8%,5.577,+3.4%,53.44,9.6,+9.5%,+0.1%,-4.7%,+45.1%
USB,Extended,Banks,Financials,Banks,Adj,Dec,EPS,CY2028,,,,,,,,5.05,,5.05,+0.0%,5.15,+2.0%,5.15,+0.0%,4.77,-7.4%,4.76,-0.2%,5.713,+20.0%,6.021,+5.4%,53.44,8.9,+16.9%,+0.1%,-4.7%,+45.1%
PNC,Extended,Banks,Financials,Banks,Adj,Dec,EPS,CY2025,,,,,,,,14.281,,14.828,+3.8%,15.096,+1.8%,15.273,+1.2%,14.964,-2.0%,15.564,+4.0%,15.959,+2.5%,16.078,+0.7%,213.14,13.3,+5.3%,+2.1%,-2.2%,+39.2%
PNC,Extended,Banks,Financials,Banks,Adj,Dec,EPS,CY2026,,,,,,,,16.281,,16.947,+4.1%,17.125,+1.1%,17.208,+0.5%,17.205,-0.0%,17.524,+1.9%,17.839,+1.8%,18.53,+3.9%,213.14,11.5,+7.7%,+2.1%,-2.2%,+39.2%
PNC,Extended,Banks,Financials,Banks,Adj,Dec,EPS,CY2027,,,,,,,,14.02,,,,18.44,+31.5%,18.847,+2.2%,19.197,+1.9%,19.359,+0.8%,19.898,+2.8%,20.665,+3.9%,213.14,10.3,+9.6%,+2.1%,-2.2%,+39.2%
PNC,Extended,Banks,Financials,Banks,Adj,Dec,EPS,CY2028,,,,,,,,15.24,,,,17.82,+16.9%,17.82,+0.0%,16.81,-5.7%,16.47,-2.0%,21.52,+30.7%,22.223,+3.3%,213.14,9.6,+24.7%,+2.1%,-2.2%,+39.2%
GS,Extended,Banks,Financials,Financial Services,GAAP,Dec,EPS,CY2025,,,,,,,,40.393,,41.337,+2.3%,42.813,+3.6%,45.445,+6.1%,44.676,-1.7%,46.584,+4.3%,48.878,+4.9%,49.193,+0.6%,866.05,17.6,+8.2%,-1.5%,-9.4%,+83.9%
GS,Extended,Banks,Financials,Financial Services,GAAP,Dec,EPS,CY2026,,,,,,,,44.396,,46.069,+3.8%,48.25,+4.7%,50.943,+5.6%,49.564,-2.7%,52.487,+5.9%,55.218,+5.2%,58.57,+6.1%,866.05,14.8,+15.0%,-1.5%,-9.4%,+83.9%
GS,Extended,Banks,Financials,Financial Services,GAAP,Dec,EPS,CY2027,,,,,,,,42.42,,45.515,+7.3%,49.384,+8.5%,56.761,+14.9%,54.572,-3.9%,58.914,+8.0%,61.618,+4.6%,65.405,+6.1%,866.05,13.2,+15.2%,-1.5%,-9.4%,+83.9%
GS,Extended,Banks,Financials,Financial Services,GAAP,Dec,EPS,CY2028,,,,,,,,54.64,,49.28,-9.8%,52.025,+5.6%,56.687,+9.0%,51.535,-9.1%,54.745,+6.2%,69.263,+26.5%,71.008,+2.5%,866.05,12.2,+25.3%,-1.5%,-9.4%,+83.9%
MS,Extended,Banks,Financials,Financial Services,GAAP,Dec,EPS,CY2025,,,,,,,,7.55,,7.621,+0.9%,8.074,+5.9%,8.616,+6.7%,8.611,-0.1%,8.903,+3.4%,9.912,+11.3%,9.922,+0.1%,166.55,16.8,+15.2%,-6.2%,-11.3%,+66.8%
MS,Extended,Banks,Financials,Financial Services,GAAP,Dec,EPS,CY2026,,,,,,,,8.343,,8.353,+0.1%,8.948,+7.1%,9.48,+5.9%,9.233,-2.6%,9.638,+4.4%,10.626,+10.3%,11.359,+6.9%,166.55,14.7,+19.8%,-6.2%,-11.3%,+66.8%
MS,Extended,Banks,Financials,Financial Services,GAAP,Dec,EPS,CY2027,,,,,,,,8.583,,8.32,-3.1%,9.192,+10.5%,10.368,+12.8%,9.895,-4.6%,10.542,+6.5%,11.738,+11.3%,12.339,+5.1%,166.55,13.5,+19.0%,-6.2%,-11.3%,+66.8%
MS,Extended,Banks,Financials,Financial Services,GAAP,Dec,EPS,CY2028,,,,,,,,9.32,,8.69,-6.8%,8.94,+2.9%,10.613,+18.7%,9.885,-6.9%,11.455,+15.9%,12.286,+7.3%,13.147,+7.0%,166.55,12.7,+23.9%,-6.2%,-11.3%,+66.8%
C,Extended,Banks,Financials,Banks,GAAP,Dec,EPS,CY2025,,,,,,,,7.181,,7.149,-0.4%,7.26,+1.6%,7.354,+1.3%,7.262,-1.3%,7.562,+4.1%,7.518,-0.6%,7.213,-4.1%,117.36,16.3,-1.9%,+0.6%,-4.2%,+101.9%
C,Extended,Banks,Financials,Banks,GAAP,Dec,EPS,CY2026,,,,,,,,8.378,,8.32,-0.7%,8.748,+5.1%,9.325,+6.6%,9.295,-0.3%,9.784,+5.3%,10.003,+2.2%,10.239,+2.4%,117.36,11.5,+9.8%,+0.6%,-4.2%,+101.9%
C,Extended,Banks,Financials,Banks,GAAP,Dec,EPS,CY2027,,,,,,,,8.155,,7.0,-14.2%,9.375,+33.9%,10.805,+15.3%,10.914,+1.0%,11.667,+6.9%,11.822,+1.3%,12.031,+1.8%,117.36,9.8,+11.3%,+0.6%,-4.2%,+101.9%
C,Extended,Banks,Financials,Banks,GAAP,Dec,EPS,CY2028,,,,,,,,9.01,,7.33,-18.6%,7.33,+0.0%,8.21,+12.0%,8.21,+0.0%,9.43,+14.9%,11.3,+19.8%,13.946,+23.4%,117.36,8.4,+69.9%,+0.6%,-4.2%,+101.9%
TFC,Extended,Banks,Financials,Banks,Adj,Dec,EPS,CY2025,,,,,,,,3.936,,4.025,+2.3%,3.956,-1.7%,4.048,+2.3%,3.838,-5.2%,3.886,+1.3%,3.926,+1.0%,3.966,+1.0%,47.64,12.0,-2.0%,-3.2%,-6.9%,+36.9%
TFC,Extended,Banks,Financials,Banks,Adj,Dec,EPS,CY2026,,,,,,,,4.642,,4.687,+1.0%,4.537,-3.2%,4.604,+1.5%,4.377,-4.9%,4.372,-0.1%,4.448,+1.7%,4.449,+0.0%,47.64,10.7,-3.4%,-3.2%,-6.9%,+36.9%
TFC,Extended,Banks,Financials,Banks,Adj,Dec,EPS,CY2027,,,,,,,,5.4,,,,4.65,-13.9%,5.028,+8.1%,4.742,-5.7%,4.875,+2.8%,5.068,+4.0%,5.136,+1.3%,47.64,9.3,+2.1%,-3.2%,-6.9%,+36.9%
TFC,Extended,Banks,Financials,Banks,Adj,Dec,EPS,CY2028,,,,,,,,,,,,,,5.53,,4.86,-12.1%,4.86,+0.0%,5.44,+11.9%,5.855,+7.6%,47.64,8.1,+5.9%,-3.2%,-6.9%,+36.9%
MTB,Extended,Banks,Financials,Banks,Adj,Dec,EPS,CY2025,,,,,,,,16.119,,16.097,-0.1%,16.381,+1.8%,16.246,-0.8%,16.038,-1.3%,16.495,+2.8%,16.726,+1.4%,16.715,-0.1%,212.02,12.7,+2.9%,+5.2%,+0.3%,+35.0%
MTB,Extended,Banks,Financials,Banks,Adj,Dec,EPS,CY2026,,,,,,,,17.637,,17.945,+1.7%,18.575,+3.5%,18.576,+0.0%,18.358,-1.2%,18.612,+1.4%,18.726,+0.6%,18.708,-0.1%,212.02,11.3,+0.7%,+5.2%,+0.3%,+35.0%
MTB,Extended,Banks,Financials,Banks,Adj,Dec,EPS,CY2027,,,,,,,,14.63,,14.63,+0.0%,18.1,+23.7%,20.353,+12.4%,20.143,-1.0%,20.34,+1.0%,20.794,+2.2%,21.085,+1.4%,212.02,10.1,+3.6%,+5.2%,+0.3%,+35.0%
MTB,Extended,Banks,Financials,Banks,Adj,Dec,EPS,CY2028,,,,,,,,14.9,,14.9,+0.0%,15.16,+1.7%,14.44,-4.7%,14.44,+0.0%,14.38,-0.4%,21.95,+52.6%,23.447,+6.8%,212.02,9.0,+62.4%,+5.2%,+0.3%,+35.0%
BK,Extended,Banks,Financials,Financial Services,Adj,Dec,EPS,CY2025,,,,,,,,6.075,,6.295,+3.6%,6.569,+4.4%,6.918,+5.3%,6.776,-2.1%,7.109,+4.9%,7.401,+4.1%,7.393,-0.1%,123.63,16.7,+6.9%,+6.5%,+1.9%,+68.6%
BK,Extended,Banks,Financials,Financial Services,Adj,Dec,EPS,CY2026,,,,,,,,6.942,,7.066,+1.8%,7.373,+4.3%,7.722,+4.7%,7.596,-1.6%,7.89,+3.9%,8.204,+4.0%,8.381,+2.2%,123.63,14.8,+8.5%,+6.5%,+1.9%,+68.6%
BK,Extended,Banks,Financials,Financial Services,Adj,Dec,EPS,CY2027,,,,,,,,,,,,8.1,,8.477,+4.7%,8.466,-0.1%,8.846,+4.5%,9.156,+3.5%,9.385,+2.5%,123.63,13.2,+10.7%,+6.5%,+1.9%,+68.6%
BK,Extended,Banks,Financials,Financial Services,Adj,Dec,EPS,CY2028,,,,,,,,,,,,,,9.24,,,,,,10.245,+10.9%,10.438,+1.9%,123.63,11.8,+13.0%,+6.5%,+1.9%,+68.6%
STT,Extended,Banks,Financials,Financial Services,Adj,Dec,EPS,CY2025,,,,,,,,8.699,,9.071,+4.3%,9.459,+4.3%,9.628,+1.8%,9.478,-1.6%,9.923,+4.7%,10.095,+1.7%,10.201,+1.1%,130.2,12.8,+6.0%,+0.9%,-3.1%,+70.8%
STT,Extended,Banks,Financials,Financial Services,Adj,Dec,EPS,CY2026,,,,,,,,9.991,,10.194,+2.0%,10.582,+3.8%,10.691,+1.0%,10.442,-2.3%,11.04,+5.7%,11.365,+2.9%,11.773,+3.6%,130.2,11.1,+10.1%,+0.9%,-3.1%,+70.8%
STT,Extended,Banks,Financials,Financial Services,Adj,Dec,EPS,CY2027,,,,,,,,9.38,,10.16,+8.3%,11.595,+14.1%,11.813,+1.9%,11.88,+0.6%,12.45,+4.8%,12.774,+2.6%,13.102,+2.6%,130.2,9.9,+10.9%,+0.9%,-3.1%,+70.8%
STT,Extended,Banks,Financials,Financial Services,Adj,Dec,EPS,CY2028,,,,,,,,10.2,,11.12,+9.0%,11.81,+6.2%,12.0,+1.6%,12.0,+0.0%,12.37,+3.1%,14.213,+14.9%,14.934,+5.1%,130.2,8.7,+24.4%,+0.9%,-3.1%,+70.8%
CB,Extended,Insurance and reinsurance,Financials,Insurance,Adj,Dec,EPS,CY2025,,,,,,,,23.523,,23.488,-0.1%,23.697,+0.9%,21.047,-11.2%,21.385,+1.6%,21.706,+1.5%,23.698,+9.2%,24.264,+2.4%,326.9,13.5,+15.3%,+4.7%,+5.7%,+16.5%
CB,Extended,Insurance and reinsurance,Financials,Insurance,Adj,Dec,EPS,CY2026,,,,,,,,25.007,,25.07,+0.3%,25.47,+1.6%,25.564,+0.4%,25.498,-0.3%,25.629,+0.5%,26.295,+2.6%,26.888,+2.3%,326.9,12.2,+5.2%,+4.7%,+5.7%,+16.5%
CB,Extended,Insurance and reinsurance,Financials,Insurance,Adj,Dec,EPS,CY2027,,,,,,,,27.965,,25.75,-7.9%,25.343,-1.6%,27.959,+10.3%,27.646,-1.1%,27.752,+0.4%,28.457,+2.5%,29.19,+2.6%,326.9,11.2,+4.4%,+4.7%,+5.7%,+16.5%
CB,Extended,Insurance and reinsurance,Financials,Insurance,Adj,Dec,EPS,CY2028,,,,,,,,30.025,,27.617,-8.0%,26.355,-4.6%,27.447,+4.1%,27.01,-1.6%,26.797,-0.8%,30.087,+12.3%,31.718,+5.4%,326.9,10.3,+15.6%,+4.7%,+5.7%,+16.5%
CCC,Extended,Insurance and reinsurance,Information Technology,Software & Services,Adj,Dec,EPS,CY2025,,,,,,,,0.413,,0.408,-1.2%,0.398,-2.5%,0.368,-7.5%,0.357,-3.0%,0.353,-1.1%,0.356,+0.8%,0.355,-0.3%,6.11,17.2,-3.5%,-23.1%,-26.4%,-28.3%
CCC,Extended,Insurance and reinsurance,Information Technology,Software & Services,Adj,Dec,EPS,CY2026,,,,,,,,0.385,,0.455,+18.2%,0.434,-4.6%,0.433,-0.2%,0.403,-6.9%,0.405,+0.5%,0.418,+3.2%,0.422,+1.0%,6.11,14.5,-2.5%,-23.1%,-26.4%,-28.3%
CCC,Extended,Insurance and reinsurance,Information Technology,Software & Services,Adj,Dec,EPS,CY2027,,,,,,,,0.56,,0.54,-3.6%,0.51,-5.6%,0.467,-8.4%,0.472,+1.1%,0.474,+0.4%,0.467,-1.5%,0.478,+2.4%,6.11,12.8,+2.4%,-23.1%,-26.4%,-28.3%
CCC,Extended,Insurance and reinsurance,Information Technology,Software & Services,Adj,Dec,EPS,CY2028,,,,,,,,0.65,,0.63,-3.1%,0.58,-7.9%,0.51,-12.1%,0.53,+3.9%,0.54,+1.9%,0.55,+1.9%,0.54,-1.8%,6.11,11.3,+5.9%,-23.1%,-26.4%,-28.3%
ALL,Extended,Insurance and reinsurance,Financials,Insurance,Adj,Dec,EPS,CY2025,,,,,,,,17.211,,17.949,+4.3%,18.932,+5.5%,17.863,-5.6%,17.975,+0.6%,22.257,+23.8%,29.002,+30.3%,29.659,+2.3%,208.36,7.0,+66.0%,+0.1%,+0.2%,+11.7%
ALL,Extended,Insurance and reinsurance,Financials,Insurance,Adj,Dec,EPS,CY2026,,,,,,,,19.243,,19.951,+3.7%,20.69,+3.7%,21.29,+2.9%,21.66,+1.7%,22.935,+5.9%,24.436,+6.5%,25.715,+5.2%,208.36,8.1,+20.8%,+0.1%,+0.2%,+11.7%
ALL,Extended,Insurance and reinsurance,Financials,Insurance,Adj,Dec,EPS,CY2027,,,,,,,,15.78,,17.463,+10.7%,19.09,+9.3%,23.013,+20.6%,23.023,+0.0%,23.408,+1.7%,24.687,+5.5%,25.542,+3.5%,208.36,8.2,+11.0%,+0.1%,+0.2%,+11.7%
ALL,Extended,Insurance and reinsurance,Financials,Insurance,Adj,Dec,EPS,CY2028,,,,,,,,18.61,,19.59,+5.3%,14.15,-27.8%,19.967,+41.1%,19.713,-1.3%,20.187,+2.4%,22.785,+12.9%,24.382,+7.0%,208.36,8.5,+22.1%,+0.1%,+0.2%,+11.7%
TRV,Extended,Insurance and reinsurance,Financials,Insurance,Adj,Dec,EPS,CY2025,,,,,,,,20.93,,20.67,-1.2%,21.302,+3.1%,17.516,-17.8%,18.808,+7.4%,22.205,+18.1%,25.139,+13.2%,25.409,+1.1%,295.55,11.6,+45.1%,+1.9%,+3.6%,+22.0%
TRV,Extended,Insurance and reinsurance,Financials,Insurance,Adj,Dec,EPS,CY2026,,,,,,,,22.398,,22.162,-1.1%,22.88,+3.2%,24.131,+5.5%,24.764,+2.6%,25.595,+3.4%,26.807,+4.7%,27.223,+1.6%,295.55,10.9,+12.8%,+1.9%,+3.6%,+22.0%
TRV,Extended,Insurance and reinsurance,Financials,Insurance,Adj,Dec,EPS,CY2027,,,,,,,,24.25,,22.9,-5.6%,27.457,+19.9%,25.923,-5.6%,26.584,+2.5%,27.107,+2.0%,28.045,+3.5%,28.324,+1.0%,295.55,10.4,+9.3%,+1.9%,+3.6%,+22.0%
TRV,Extended,Insurance and reinsurance,Financials,Insurance,Adj,Dec,EPS,CY2028,,,,,,,,26.52,,25.23,-4.9%,25.08,-0.6%,24.973,-0.4%,25.447,+1.9%,28.525,+12.1%,28.803,+1.0%,28.412,-1.4%,295.55,10.4,+13.8%,+1.9%,+3.6%,+22.0%
AIG,Extended,Insurance and reinsurance,Financials,Insurance,Adj,Dec,EPS,CY2025,,,,,,,,7.703,,6.971,-9.5%,6.674,-4.3%,6.118,-8.3%,6.302,+3.0%,6.385,+1.3%,6.998,+9.6%,7.011,+0.2%,76.42,10.9,+14.6%,-10.7%,-2.1%,-3.2%
AIG,Extended,Insurance and reinsurance,Financials,Insurance,Adj,Dec,EPS,CY2026,,,,,,,,9.045,,8.283,-8.4%,7.82,-5.6%,7.712,-1.4%,7.797,+1.1%,7.74,-0.7%,7.884,+1.9%,7.864,-0.3%,76.42,9.7,+2.0%,-10.7%,-2.1%,-3.2%
AIG,Extended,Insurance and reinsurance,Financials,Insurance,Adj,Dec,EPS,CY2027,,,,,,,,8.037,,8.293,+3.2%,8.213,-1.0%,8.653,+5.4%,8.767,+1.3%,8.714,-0.6%,8.801,+1.0%,8.84,+0.4%,76.42,8.6,+2.2%,-10.7%,-2.1%,-3.2%
AIG,Extended,Insurance and reinsurance,Financials,Insurance,Adj,Dec,EPS,CY2028,,,,,,,,9.153,,8.665,-5.3%,8.0,-7.7%,8.09,+1.1%,8.113,+0.3%,8.05,-0.8%,8.692,+8.0%,9.473,+9.0%,76.42,8.1,+17.1%,-10.7%,-2.1%,-3.2%
ACGL,Extended,Insurance and reinsurance,Financials,Insurance,Adj,Dec,EPS,CY2025,,,,,,,,8.807,,9.036,+2.6%,8.935,-1.1%,7.752,-13.2%,7.776,+0.3%,8.067,+3.7%,9.229,+14.4%,9.436,+2.2%,96.79,10.3,+21.7%,+0.9%,+3.1%,+10.2%
ACGL,Extended,Insurance and reinsurance,Financials,Insurance,Adj,Dec,EPS,CY2026,,,,,,,,9.201,,9.488,+3.1%,9.551,+0.7%,9.411,-1.5%,9.258,-1.6%,9.187,-0.8%,9.313,+1.4%,9.376,+0.7%,96.79,10.3,-0.4%,+0.9%,+3.1%,+10.2%
ACGL,Extended,Insurance and reinsurance,Financials,Insurance,Adj,Dec,EPS,CY2027,,,,,,,,9.78,,10.165,+3.9%,10.203,+0.4%,9.927,-2.7%,9.85,-0.8%,9.815,-0.4%,10.053,+2.4%,10.111,+0.6%,96.79,9.6,+1.9%,+0.9%,+3.1%,+10.2%
ACGL,Extended,Insurance and reinsurance,Financials,Insurance,Adj,Dec,EPS,CY2028,,,,,,,,10.33,,10.39,+0.6%,10.6,+2.0%,10.2,-3.8%,10.13,-0.7%,10.22,+0.9%,11.173,+9.3%,10.835,-3.0%,96.79,8.9,+6.2%,+0.9%,+3.1%,+10.2%
HIG,Extended,Insurance and reinsurance,Financials,Insurance,Adj,Dec,EPS,CY2025,,,,,,,,11.459,,11.609,+1.3%,11.558,-0.4%,11.124,-3.8%,11.038,-0.8%,11.747,+6.4%,12.56,+6.9%,12.624,+0.5%,136.42,10.8,+13.5%,-1.0%,-0.4%,+20.1%
HIG,Extended,Insurance and reinsurance,Financials,Insurance,Adj,Dec,EPS,CY2026,,,,,,,,12.662,,12.816,+1.2%,12.756,-0.5%,12.766,+0.1%,12.965,+1.6%,13.157,+1.5%,13.273,+0.9%,13.445,+1.3%,136.42,10.1,+5.3%,-1.0%,-0.4%,+20.1%
HIG,Extended,Insurance and reinsurance,Financials,Insurance,Adj,Dec,EPS,CY2027,,,,,,,,13.69,,13.537,-1.1%,13.577,+0.3%,14.017,+3.2%,14.285,+1.9%,14.396,+0.8%,14.341,-0.4%,14.55,+1.5%,136.42,9.4,+3.8%,-1.0%,-0.4%,+20.1%
HIG,Extended,Insurance and reinsurance,Financials,Insurance,Adj,Dec,EPS,CY2028,,,,,,,,14.85,,14.9,+0.3%,14.7,-1.3%,14.9,+1.4%,14.95,+0.3%,15.02,+0.5%,15.608,+3.9%,15.722,+0.7%,136.42,8.7,+5.5%,-1.0%,-0.4%,+20.1%
WRB,Extended,Insurance and reinsurance,Financials,Insurance,Adj,Dec,EPS,CY2025,,,,,,,,4.302,,4.316,+0.3%,4.355,+0.9%,4.383,+0.6%,4.317,-1.5%,4.269,-1.1%,4.305,+0.8%,4.302,-0.1%,66.16,15.4,-1.8%,-5.6%,-5.5%,+3.3%
WRB,Extended,Insurance and reinsurance,Financials,Insurance,Adj,Dec,EPS,CY2026,,,,,,,,4.64,,4.663,+0.5%,4.659,-0.1%,4.789,+2.8%,4.8,+0.2%,4.728,-1.5%,4.638,-1.9%,4.545,-2.0%,66.16,14.6,-5.1%,-5.6%,-5.5%,+3.3%
WRB,Extended,Insurance and reinsurance,Financials,Insurance,Adj,Dec,EPS,CY2027,,,,,,,,4.66,,4.575,-1.8%,4.78,+4.5%,5.182,+8.4%,5.23,+0.9%,5.181,-0.9%,4.95,-4.5%,4.836,-2.3%,66.16,13.7,-6.7%,-5.6%,-5.5%,+3.3%
WRB,Extended,Insurance and reinsurance,Financials,Insurance,Adj,Dec,EPS,CY2028,,,,,,,,4.95,,4.87,-1.6%,4.96,+1.8%,5.29,+6.7%,5.31,+0.4%,5.235,-1.4%,5.178,-1.1%,5.112,-1.3%,66.16,12.9,-3.4%,-5.6%,-5.5%,+3.3%
MKL,Extended,Insurance and reinsurance,Financials,Insurance,Adj,Dec,EPS,CY2025,,,,,,,,111.563,,108.68,-2.6%,102.837,-5.4%,115.108,+11.9%,105.233,-8.6%,118.564,+12.7%,127.152,+7.2%,120.76,-5.0%,1907.31,15.8,+4.9%,-11.3%,-10.6%,+10.7%
MKL,Extended,Insurance and reinsurance,Financials,Insurance,Adj,Dec,EPS,CY2026,,,,,,,,107.69,,103.65,-3.8%,124.432,+20.1%,129.445,+4.0%,126.493,-2.3%,128.318,+1.4%,122.284,-4.7%,140.31,+14.7%,1907.31,13.6,+8.4%,-11.3%,-10.6%,+10.7%
MKL,Extended,Insurance and reinsurance,Financials,Insurance,Adj,Dec,EPS,CY2027,,,,,,,,155.37,,,,128.555,-17.3%,149.535,+16.3%,137.34,-8.2%,144.18,+5.0%,138.178,-4.2%,137.532,-0.5%,1907.31,13.9,-8.0%,-11.3%,-10.6%,+10.7%
MKL,Extended,Insurance and reinsurance,Financials,Insurance,Adj,Dec,EPS,CY2028,,,,,,,,161.98,,,,153.36,-5.3%,177.26,+15.6%,177.26,+0.0%,185.44,+4.6%,155.47,-16.2%,170.465,+9.6%,1907.31,11.2,-3.8%,-11.3%,-10.6%,+10.7%
MET,Extended,Insurance and reinsurance,Financials,Insurance,Adj,Dec,EPS,CY2025,,,,,,,,9.669,,9.725,+0.6%,9.717,-0.1%,9.337,-3.9%,9.071,-2.8%,8.769,-3.3%,8.706,-0.7%,8.693,-0.1%,71.04,8.2,-6.9%,-10.0%,-12.5%,+2.9%
MET,Extended,Insurance and reinsurance,Financials,Insurance,Adj,Dec,EPS,CY2026,,,,,,,,10.23,,10.572,+3.3%,10.731,+1.5%,10.434,-2.8%,10.321,-1.1%,10.093,-2.2%,9.96,-1.3%,9.634,-3.3%,71.04,7.4,-7.7%,-10.0%,-12.5%,+2.9%
MET,Extended,Insurance and reinsurance,Financials,Insurance,Adj,Dec,EPS,CY2027,,,,,,,,10.525,,10.477,-0.5%,10.96,+4.6%,11.504,+5.0%,11.414,-0.8%,11.283,-1.1%,11.167,-1.0%,10.668,-4.5%,71.04,6.7,-7.3%,-10.0%,-12.5%,+2.9%
MET,Extended,Insurance and reinsurance,Financials,Insurance,Adj,Dec,EPS,CY2028,,,,,,,,57.0,,7.6,-86.7%,7.6,+0.0%,,,12.7,+67.1%,12.65,-0.4%,12.513,-1.1%,12.224,-2.3%,71.04,5.8,,-10.0%,-12.5%,+2.9%
PRU,Extended,Insurance and reinsurance,Financials,Insurance,Adj,Dec,EPS,CY2025,,,,,,,,14.596,,14.68,+0.6%,14.706,+0.2%,14.232,-3.2%,13.629,-4.2%,13.781,+1.1%,14.519,+5.4%,14.497,-0.2%,97.82,6.7,+1.9%,-13.3%,-16.9%,+1.3%
PRU,Extended,Insurance and reinsurance,Financials,Insurance,Adj,Dec,EPS,CY2026,,,,,,,,15.871,,15.763,-0.7%,15.621,-0.9%,15.181,-2.8%,14.749,-2.8%,14.74,-0.1%,14.921,+1.2%,14.208,-4.8%,97.82,6.9,-6.4%,-13.3%,-16.9%,+1.3%
PRU,Extended,Insurance and reinsurance,Financials,Insurance,Adj,Dec,EPS,CY2027,,,,,,,,16.55,,16.815,+1.6%,16.72,-0.6%,16.547,-1.0%,15.797,-4.5%,15.789,-0.1%,15.888,+0.6%,15.346,-3.4%,97.82,6.4,-7.3%,-13.3%,-16.9%,+1.3%
PRU,Extended,Insurance and reinsurance,Financials,Insurance,Adj,Dec,EPS,CY2028,,,,,,,,,,12.13,,12.13,+0.0%,,,17.1,+41.0%,16.8,-1.8%,16.6,-1.2%,16.425,-1.1%,97.82,6.0,,-13.3%,-16.9%,+1.3%
LNC,Extended,Insurance and reinsurance,Financials,Insurance,Adj,Dec,EPS,CY2025,,,,,,,,7.58,,7.508,-0.9%,7.705,+2.6%,7.681,-0.3%,7.185,-6.5%,7.708,+7.3%,7.924,+2.8%,7.909,-0.2%,35.28,4.5,+3.0%,-20.8%,-24.1%,+17.7%
LNC,Extended,Insurance and reinsurance,Financials,Insurance,Adj,Dec,EPS,CY2026,,,,,,,,8.288,,8.338,+0.6%,8.496,+1.9%,8.402,-1.1%,7.605,-9.5%,7.824,+2.9%,8.101,+3.5%,8.024,-1.0%,35.28,4.4,-4.5%,-20.8%,-24.1%,+17.7%
LNC,Extended,Insurance and reinsurance,Financials,Insurance,Adj,Dec,EPS,CY2027,,,,,,,,9.9,,9.1,-8.1%,8.978,-1.3%,9.213,+2.6%,8.396,-8.9%,8.547,+1.8%,8.75,+2.4%,8.639,-1.3%,35.28,4.1,-6.2%,-20.8%,-24.1%,+17.7%
LNC,Extended,Insurance and reinsurance,Financials,Insurance,Adj,Dec,EPS,CY2028,,,,,,,,,,,,,,,,9.2,,9.35,+1.6%,9.13,-2.4%,9.347,+2.4%,35.28,3.8,,-20.8%,-24.1%,+17.7%
PRI,Extended,Insurance and reinsurance,Financials,Insurance,Adj,Dec,EPS,CY2025,,,,,,,,19.765,,20.088,+1.6%,20.77,+3.4%,21.034,+1.3%,20.956,-0.4%,21.577,+3.0%,22.284,+3.3%,22.301,+0.1%,253.76,11.4,+6.0%,-1.8%,-2.7%,+2.2%
PRI,Extended,Insurance and reinsurance,Financials,Insurance,Adj,Dec,EPS,CY2026,,,,,,,,21.647,,22.35,+3.2%,22.764,+1.9%,23.074,+1.4%,22.808,-1.2%,23.54,+3.2%,23.921,+1.6%,23.984,+0.3%,253.76,10.6,+3.9%,-1.8%,-2.7%,+2.2%
PRI,Extended,Insurance and reinsurance,Financials,Insurance,Adj,Dec,EPS,CY2027,,,,,,,,23.3,,24.0,+3.0%,25.4,+5.8%,24.975,-1.7%,24.79,-0.7%,25.423,+2.6%,26.124,+2.8%,26.162,+0.1%,253.76,9.7,+4.8%,-1.8%,-2.7%,+2.2%
PRI,Extended,Insurance and reinsurance,Financials,Insurance,Adj,Dec,EPS,CY2028,,,,,,,,,,,,,,,,27.5,,28.025,+1.9%,28.725,+2.5%,28.69,-0.1%,253.76,8.8,,-1.8%,-2.7%,+2.2%
AFL,Extended,Insurance and reinsurance,Financials,Insurance,Adj,Dec,EPS,CY2025,,,,,,,,6.893,,7.097,+3.0%,7.036,-0.9%,6.785,-3.6%,6.737,-0.7%,6.881,+2.1%,7.621,+10.8%,7.614,-0.1%,110.26,14.5,+12.2%,-0.0%,-1.5%,+8.1%
AFL,Extended,Insurance and reinsurance,Financials,Insurance,Adj,Dec,EPS,CY2026,,,,,,,,7.33,,7.449,+1.6%,7.308,-1.9%,7.163,-2.0%,7.184,+0.3%,7.31,+1.8%,7.374,+0.9%,7.354,-0.3%,110.26,15.0,+2.7%,-0.0%,-1.5%,+8.1%
AFL,Extended,Insurance and reinsurance,Financials,Insurance,Adj,Dec,EPS,CY2027,,,,,,,,7.35,,7.4,+0.7%,7.603,+2.7%,7.479,-1.6%,7.544,+0.9%,7.723,+2.4%,7.8,+1.0%,7.769,-0.4%,110.26,14.2,+3.9%,-0.0%,-1.5%,+8.1%
AFL,Extended,Insurance and reinsurance,Financials,Insurance,Adj,Dec,EPS,CY2028,,,,,,,,,,,,,,,,8.15,,8.075,-0.9%,8.25,+2.2%,8.154,-1.2%,110.26,13.5,,-0.0%,-1.5%,+8.1%
DIS,Extended,Media content,Communication Services,Media & Entertainment,Adj,Sep,EPS,CY2025,,,,,,,,5.423,,5.158,-4.9%,5.402,+4.7%,5.471,+1.3%,5.768,+5.4%,5.879,+1.9%,5.874,-0.1%,,,96.28,16.4,+8.7%,-15.4%,-16.0%,+15.3%
DIS,Extended,Media content,Communication Services,Media & Entertainment,Adj,Sep,EPS,CY2026,,,,,,,,6.124,,5.79,-5.5%,6.16,+6.4%,6.116,-0.7%,6.292,+2.9%,6.447,+2.5%,6.597,+2.3%,6.591,-0.1%,96.28,14.6,+7.8%,-15.4%,-16.0%,+15.3%
DIS,Extended,Media content,Communication Services,Media & Entertainment,Adj,Sep,EPS,CY2027,,,,,,,,6.717,,6.369,-5.2%,6.878,+8.0%,6.892,+0.2%,7.049,+2.3%,7.154,+1.5%,7.327,+2.4%,7.288,-0.5%,96.28,13.2,+5.7%,-15.4%,-16.0%,+15.3%
DIS,Extended,Media content,Communication Services,Media & Entertainment,Adj,Sep,EPS,CY2028,,,,,,,,7.445,,6.905,-7.3%,7.55,+9.3%,7.576,+0.3%,7.756,+2.4%,7.777,+0.3%,8.151,+4.8%,8.094,-0.7%,96.28,11.9,+6.8%,-15.4%,-16.0%,+15.3%
FOXA,Extended,Media content,Communication Services,Media & Entertainment,Adj,Jun,EPS,CY2025,,,,,,,,3.806,,3.682,-3.3%,4.116,+11.8%,4.324,+5.1%,4.495,+4.0%,4.488,-0.2%,,,,,59.3,13.2,+21.9%,-18.8%,-22.1%,+19.2%
FOXA,Extended,Media content,Communication Services,Media & Entertainment,Adj,Jun,EPS,CY2026,,,,,,,,3.663,,3.618,-1.2%,3.828,+5.8%,4.018,+5.0%,4.227,+5.2%,4.204,-0.5%,4.48,+6.6%,4.626,+3.3%,59.3,12.8,+15.1%,-18.8%,-22.1%,+19.2%
FOXA,Extended,Media content,Communication Services,Media & Entertainment,Adj,Jun,EPS,CY2027,,,,,,,,4.282,,4.069,-5.0%,4.303,+5.8%,4.62,+7.4%,4.727,+2.3%,4.814,+1.8%,5.035,+4.6%,5.125,+1.8%,59.3,11.6,+10.9%,-18.8%,-22.1%,+19.2%
FOXA,Extended,Media content,Communication Services,Media & Entertainment,Adj,Jun,EPS,CY2028,,,,,,,,4.092,,4.117,+0.6%,4.152,+0.9%,4.32,+4.0%,4.501,+4.2%,4.702,+4.5%,5.016,+6.7%,5.109,+1.9%,59.3,11.6,+18.3%,-18.8%,-22.1%,+19.2%
AMCX,Extended,Media content,Communication Services,Media & Entertainment,Adj,Dec,EPS,CY2025,,,,,,,,4.813,,4.958,+3.0%,3.836,-22.6%,2.82,-26.5%,2.354,-16.5%,2.251,-4.4%,2.053,-8.8%,2.017,-1.8%,7.38,3.7,-28.5%,-22.5%,-17.6%,+18.8%
AMCX,Extended,Media content,Communication Services,Media & Entertainment,Adj,Dec,EPS,CY2026,,,,,,,,4.519,,4.556,+0.8%,3.429,-24.7%,2.568,-25.1%,2.235,-13.0%,1.991,-10.9%,1.897,-4.7%,1.577,-16.9%,7.38,4.7,-38.6%,-22.5%,-17.6%,+18.8%
AMCX,Extended,Media content,Communication Services,Media & Entertainment,Adj,Dec,EPS,CY2027,,,,,,,,4.138,,4.815,+16.4%,3.337,-30.7%,2.532,-24.1%,2.109,-16.7%,1.851,-12.2%,1.42,-23.3%,1.381,-2.7%,7.38,5.3,-45.5%,-22.5%,-17.6%,+18.8%
AMCX,Extended,Media content,Communication Services,Media & Entertainment,Adj,Dec,EPS,CY2028,,,,,,,,4.253,,4.515,+6.2%,2.903,-35.7%,3.05,+5.1%,2.66,-12.8%,2.198,-17.4%,1.628,-25.9%,1.026,-37.0%,7.38,7.2,-66.4%,-22.5%,-17.6%,+18.8%
TTWO,Extended,Media content,Communication Services,Media & Entertainment,Adj,Mar,EPS,CY2025,,,,,,,,7.28,,7.835,+7.6%,8.032,+2.5%,7.412,-7.7%,2.686,-63.8%,2.865,+6.7%,3.327,+16.1%,3.892,+17.0%,196.69,50.5,-47.5%,-23.2%,-22.7%,+1.1%
TTWO,Extended,Media content,Communication Services,Media & Entertainment,Adj,Mar,EPS,CY2026,,,,,,,,9.123,,9.186,+0.7%,9.248,+0.7%,9.125,-1.3%,9.271,+1.6%,8.82,-4.9%,7.832,-11.2%,8.033,+2.6%,196.69,24.5,-12.0%,-23.2%,-22.7%,+1.1%
TTWO,Extended,Media content,Communication Services,Media & Entertainment,Adj,Mar,EPS,CY2027,,,,,,,,9.388,,9.427,+0.4%,10.038,+6.5%,9.178,-8.6%,10.125,+10.3%,10.206,+0.8%,10.662,+4.5%,10.521,-1.3%,196.69,18.7,+14.6%,-23.2%,-22.7%,+1.1%
TTWO,Extended,Media content,Communication Services,Media & Entertainment,Adj,Mar,EPS,CY2028,,,,,,,,11.533,,11.68,+1.3%,12.043,+3.1%,11.031,-8.4%,10.323,-6.4%,12.655,+22.6%,10.839,-14.4%,11.367,+4.9%,196.69,17.3,+3.0%,-23.2%,-22.7%,+1.1%
RBLX,Extended,Media content,Communication Services,Media & Entertainment,Adj,Dec,EPS,CY2025,,,,,,,,-1.248,,-1.061,+15.0%,-1.312,-23.7%,-1.463,-11.5%,-1.392,+4.9%,-1.643,-18.0%,-1.558,+5.2%,-1.376,+11.7%,57.2,-41.6,+5.9%,-29.4%,-24.6%,+8.0%
RBLX,Extended,Media content,Communication Services,Media & Entertainment,Adj,Dec,EPS,CY2026,,,,,,,,-0.941,,-0.769,+18.3%,-0.841,-9.4%,-0.805,+4.3%,-1.164,-44.6%,-1.182,-1.5%,-1.56,-32.0%,-1.616,-3.6%,57.2,-35.4,-100.7%,-29.4%,-24.6%,+8.0%
RBLX,Extended,Media content,Communication Services,Media & Entertainment,Adj,Dec,EPS,CY2027,,,,,,,,-0.872,,-0.267,+69.4%,-0.663,-148.3%,-0.787,-18.7%,-0.896,-13.9%,-0.603,+32.7%,-1.181,-95.9%,-0.957,+19.0%,57.2,-59.8,-21.6%,-29.4%,-24.6%,+8.0%
RBLX,Extended,Media content,Communication Services,Media & Entertainment,Adj,Dec,EPS,CY2028,,,,,,,,-0.364,,0.1,+127.5%,-0.104,-204.0%,-0.211,-102.9%,-0.109,+48.3%,0.671,+715.6%,-0.064,-109.5%,-0.514,-703.1%,57.2,-111.3,-143.6%,-29.4%,-24.6%,+8.0%
EA,Extended,Media content,Communication Services,Media & Entertainment,Adj,Mar,EPS,CY2025,,,,,,,,8.27,,8.364,+1.1%,8.518,+1.8%,7.54,-11.5%,8.165,+8.3%,8.304,+1.7%,8.601,+3.6%,8.636,+0.4%,204.16,23.6,+14.5%,-0.1%,-0.1%,+50.8%
EA,Extended,Media content,Communication Services,Media & Entertainment,Adj,Mar,EPS,CY2026,,,,,,,,8.988,,9.282,+3.3%,9.513,+2.5%,8.583,-9.8%,9.019,+5.1%,9.152,+1.5%,9.244,+1.0%,9.29,+0.5%,204.16,22.0,+8.2%,-0.1%,-0.1%,+50.8%
EA,Extended,Media content,Communication Services,Media & Entertainment,Adj,Mar,EPS,CY2027,,,,,,,,10.572,,10.181,-3.7%,10.497,+3.1%,9.741,-7.2%,9.909,+1.7%,10.064,+1.6%,9.984,-0.8%,10.046,+0.6%,204.16,20.3,+3.1%,-0.1%,-0.1%,+50.8%
EA,Extended,Media content,Communication Services,Media & Entertainment,Adj,Mar,EPS,CY2028,,,,,,,,11.075,,11.015,-0.5%,11.068,+0.5%,11.063,-0.0%,11.527,+4.2%,11.199,-2.8%,11.064,-1.2%,11.06,-0.0%,204.16,18.5,-0.0%,-0.1%,-0.1%,+50.8%
SBGI,Extended,Media content,Communication Services,Media & Entertainment,Adj,Dec,EPS,CY2025,,,,,,,,-0.192,,-0.46,-139.6%,-0.453,+1.5%,-0.793,-75.1%,-2.627,-231.3%,-2.882,-9.7%,-2.923,-1.4%,-3.196,-9.3%,13.28,-4.2,-303.0%,-13.2%,-12.0%,-3.6%
SBGI,Extended,Media content,Communication Services,Media & Entertainment,Adj,Dec,EPS,CY2026,,,,,,,,2.668,,3.153,+18.2%,2.89,-8.3%,3.03,+4.8%,2.376,-21.6%,1.343,-43.5%,0.902,-32.8%,1.17,+29.7%,13.28,11.4,-61.4%,-13.2%,-12.0%,-3.6%
SBGI,Extended,Media content,Communication Services,Media & Entertainment,Adj,Dec,EPS,CY2027,,,,,,,,-0.374,,0.67,+279.1%,-0.08,-111.9%,0.723,+1003.8%,-0.067,-109.3%,-1.037,-1447.8%,-1.522,-46.8%,-1.38,+9.3%,13.28,-9.6,-290.9%,-13.2%,-12.0%,-3.6%
SBGI,Extended,Media content,Communication Services,Media & Entertainment,Adj,Dec,EPS,CY2028,,,,,,,,3.26,,4.837,+48.4%,3.607,-25.4%,4.283,+18.7%,3.72,-13.1%,3.303,-11.2%,2.723,-17.6%,3.075,+12.9%,13.28,4.3,-28.2%,-13.2%,-12.0%,-3.6%
TGNA,Extended,Media content,Communication Services,Media & Entertainment,Adj,Dec,EPS,CY2025,,,,,,,,2.238,,2.147,-4.1%,1.917,-10.7%,1.711,-10.7%,1.588,-7.2%,1.598,+0.6%,1.594,-0.3%,1.603,+0.6%,20.03,12.5,-6.3%,+3.2%,+3.6%,+25.0%
TGNA,Extended,Media content,Communication Services,Media & Entertainment,Adj,Dec,EPS,CY2026,,,,,,,,4.08,,3.948,-3.2%,3.668,-7.1%,3.592,-2.1%,3.253,-9.4%,3.233,-0.6%,3.043,-5.9%,3.15,+3.5%,20.03,6.4,-12.3%,+3.2%,+3.6%,+25.0%
TGNA,Extended,Media content,Communication Services,Media & Entertainment,Adj,Dec,EPS,CY2027,,,,,,,,3.06,,2.653,-13.3%,2.397,-9.6%,2.203,-8.1%,2.005,-9.0%,1.973,-1.6%,1.753,-11.2%,1.54,-12.2%,20.03,13.0,-30.1%,+3.2%,+3.6%,+25.0%
TGNA,Extended,Media content,Communication Services,Media & Entertainment,Adj,Dec,EPS,CY2028,,,,,,,,5.015,,4.58,-8.7%,3.55,-22.5%,4.323,+21.8%,4.123,-4.6%,3.87,-6.1%,3.575,-7.6%,3.55,-0.7%,20.03,5.6,-17.9%,+3.2%,+3.6%,+25.0%
NYT,Extended,Media content,Communication Services,Media & Entertainment,Adj,Dec,EPS,CY2025,,,,,,,,1.983,,2.053,+3.5%,2.074,+1.0%,2.132,+2.8%,2.186,+2.5%,2.314,+5.9%,2.41,+4.1%,2.428,+0.7%,85.14,35.1,+13.9%,+22.6%,+22.7%,+79.5%
NYT,Extended,Media content,Communication Services,Media & Entertainment,Adj,Dec,EPS,CY2026,,,,,,,,2.197,,2.29,+4.2%,2.296,+0.3%,2.317,+0.9%,2.405,+3.8%,2.524,+4.9%,2.624,+4.0%,2.723,+3.8%,85.14,31.3,+17.5%,+22.6%,+22.7%,+79.5%
NYT,Extended,Media content,Communication Services,Media & Entertainment,Adj,Dec,EPS,CY2027,,,,,,,,2.477,,2.595,+4.8%,2.544,-2.0%,2.547,+0.1%,2.7,+6.0%,2.856,+5.8%,2.972,+4.1%,3.06,+3.0%,85.14,27.8,+20.1%,+22.6%,+22.7%,+79.5%
NYT,Extended,Media content,Communication Services,Media & Entertainment,Adj,Dec,EPS,CY2028,,,,,,,,,,,,2.99,,2.76,-7.7%,2.89,+4.7%,3.05,+5.5%,3.15,+3.3%,3.433,+9.0%,85.14,24.8,+24.4%,+22.6%,+22.7%,+79.5%
NXST,Extended,Media content,Communication Services,Media & Entertainment,Adj,Dec,EPS,CY2025,,,,,,,,16.462,,15.641,-5.0%,14.46,-7.6%,14.119,-2.4%,13.72,-2.8%,13.3,-3.1%,12.554,-5.6%,12.144,-3.3%,186.03,15.3,-14.0%,-8.4%,-10.0%,+21.3%
NXST,Extended,Media content,Communication Services,Media & Entertainment,Adj,Dec,EPS,CY2026,,,,,,,,31.9,,28.528,-10.6%,27.443,-3.8%,26.223,-4.4%,26.268,+0.2%,25.591,-2.6%,24.587,-3.9%,25.129,+2.2%,186.03,7.4,-4.2%,-8.4%,-10.0%,+21.3%
NXST,Extended,Media content,Communication Services,Media & Entertainment,Adj,Dec,EPS,CY2027,,,,,,,,26.48,,23.768,-10.2%,22.766,-4.2%,18.117,-20.4%,18.803,+3.8%,18.478,-1.7%,17.665,-4.4%,17.427,-1.3%,186.03,10.7,-3.8%,-8.4%,-10.0%,+21.3%
NXST,Extended,Media content,Communication Services,Media & Entertainment,Adj,Dec,EPS,CY2028,,,,,,,,41.61,,39.877,-4.2%,38.363,-3.8%,36.613,-4.6%,35.38,-3.4%,32.263,-8.8%,31.794,-1.5%,29.644,-6.8%,186.03,6.3,-19.0%,-8.4%,-10.0%,+21.3%
FWONA,Extended,Media content,Communication Services,Media & Entertainment,Adj,Dec,EPS,CY2025,,,,,,,,1.973,,1.795,-9.0%,1.392,-22.5%,1.258,-9.6%,1.581,+25.7%,2.504,+58.4%,2.258,-9.8%,2.227,-1.4%,79.56,35.7,+77.0%,-11.0%,-9.9%,+9.5%
FWONA,Extended,Media content,Communication Services,Media & Entertainment,Adj,Dec,EPS,CY2026,,,,,,,,2.546,,2.469,-3.0%,1.94,-21.4%,1.726,-11.0%,1.973,+14.3%,2.131,+8.0%,1.868,-12.3%,1.619,-13.3%,79.56,49.1,-6.2%,-11.0%,-9.9%,+9.5%
FWONA,Extended,Media content,Communication Services,Media & Entertainment,Adj,Dec,EPS,CY2027,,,,,,,,3.493,,3.415,-2.2%,2.577,-24.5%,2.153,-16.5%,2.467,+14.6%,2.602,+5.5%,2.353,-9.6%,2.162,-8.1%,79.56,36.8,+0.4%,-11.0%,-9.9%,+9.5%
FWONA,Extended,Media content,Communication Services,Media & Entertainment,Adj,Dec,EPS,CY2028,,,,,,,,5.287,,5.09,-3.7%,3.128,-38.5%,2.885,-7.8%,2.9,+0.5%,3.403,+17.3%,3.22,-5.4%,2.702,-16.1%,79.56,29.4,-6.3%,-11.0%,-9.9%,+9.5%
FWONK,Extended,Media content,Communication Services,Media & Entertainment,Adj,Dec,EPS,CY2025,,,,,,,,1.973,,1.795,-9.0%,1.392,-22.5%,1.258,-9.6%,1.581,+25.7%,2.504,+58.4%,2.258,-9.8%,2.227,-1.4%,86.2,38.7,+77.0%,-12.5%,-10.0%,+7.1%
FWONK,Extended,Media content,Communication Services,Media & Entertainment,Adj,Dec,EPS,CY2026,,,,,,,,2.546,,2.469,-3.0%,1.94,-21.4%,1.726,-11.0%,1.973,+14.3%,2.131,+8.0%,1.868,-12.3%,1.619,-13.3%,86.2,53.2,-6.2%,-12.5%,-10.0%,+7.1%
FWONK,Extended,Media content,Communication Services,Media & Entertainment,Adj,Dec,EPS,CY2027,,,,,,,,3.493,,3.415,-2.2%,2.577,-24.5%,2.153,-16.5%,2.467,+14.6%,2.602,+5.5%,2.353,-9.6%,2.162,-8.1%,86.2,39.9,+0.4%,-12.5%,-10.0%,+7.1%
FWONK,Extended,Media content,Communication Services,Media & Entertainment,Adj,Dec,EPS,CY2028,,,,,,,,5.287,,5.09,-3.7%,3.128,-38.5%,2.885,-7.8%,2.9,+0.5%,3.403,+17.3%,3.22,-5.4%,2.702,-16.1%,86.2,31.9,-6.3%,-12.5%,-10.0%,+7.1%
LYV,Extended,Media content,Communication Services,Media & Entertainment,Adj,Dec,EPS,CY2025,,,,,,,,2.411,,2.449,+1.6%,2.634,+7.6%,3.119,+18.4%,2.171,-30.4%,1.014,-53.3%,-0.142,-114.0%,-0.213,-50.0%,160.12,-751.7,-106.8%,+12.4%,+10.0%,+32.5%
LYV,Extended,Media content,Communication Services,Media & Entertainment,Adj,Dec,EPS,CY2026,,,,,,,,3.01,,2.978,-1.1%,3.14,+5.4%,3.292,+4.8%,2.678,-18.7%,2.775,+3.6%,2.189,-21.1%,1.511,-31.0%,160.12,106.0,-54.1%,+12.4%,+10.0%,+32.5%
LYV,Extended,Media content,Communication Services,Media & Entertainment,Adj,Dec,EPS,CY2027,,,,,,,,3.884,,3.779,-2.7%,3.604,-4.6%,3.788,+5.1%,3.527,-6.9%,3.429,-2.8%,2.93,-14.6%,2.388,-18.5%,160.12,67.1,-37.0%,+12.4%,+10.0%,+32.5%
LYV,Extended,Media content,Communication Services,Media & Entertainment,Adj,Dec,EPS,CY2028,,,,,,,,4.993,,4.583,-8.2%,3.852,-16.0%,5.272,+36.9%,3.763,-28.6%,3.506,-6.8%,3.184,-9.2%,3.408,+7.0%,160.12,47.0,-35.4%,+12.4%,+10.0%,+32.5%
SIRI,Extended,Media content,Communication Services,Media & Entertainment,Adj,Dec,EPS,CY2025,,,,,,,,3.246,,3.253,+0.2%,2.984,-8.3%,3.042,+1.9%,2.823,-7.2%,2.728,-3.4%,2.798,+2.6%,,,23.39,8.4,-6.2%,+17.0%,+8.2%,+19.9%
SIRI,Extended,Media content,Communication Services,Media & Entertainment,Adj,Dec,EPS,CY2026,,,,,,,,3.406,,3.386,-0.6%,3.329,-1.7%,3.074,-7.7%,2.981,-3.0%,3.064,+2.8%,3.098,+1.1%,,,23.39,7.6,-6.9%,+17.0%,+8.2%,+19.9%
SIRI,Extended,Media content,Communication Services,Media & Entertainment,Adj,Dec,EPS,CY2027,,,,,,,,3.779,,3.597,-4.8%,4.107,+14.2%,3.178,-22.6%,3.12,-1.8%,3.186,+2.1%,3.272,+2.7%,,,23.39,7.1,-20.3%,+17.0%,+8.2%,+19.9%
SIRI,Extended,Media content,Communication Services,Media & Entertainment,Adj,Dec,EPS,CY2028,,,,,,,,3.81,,3.503,-8.1%,4.727,+34.9%,3.556,-24.8%,3.495,-1.7%,3.518,+0.7%,3.74,+6.3%,,,23.39,6.3,-20.9%,+17.0%,+8.2%,+19.9%
LBTYA,Extended,Media content,Communication Services,Telecommunication Services,Adj,Dec,EPS,CY2025,,,,,,,,-2.739,,-2.71,+1.1%,-2.363,+12.8%,-2.466,-4.4%,-3.976,-61.2%,-7.127,-79.3%,-8.284,-16.2%,-12.843,-55.0%,12.5,-1.0,-420.8%,+12.2%,+13.5%,+21.4%
LBTYA,Extended,Media content,Communication Services,Telecommunication Services,Adj,Dec,EPS,CY2026,,,,,,,,-2.517,,-2.209,+12.2%,-1.813,+17.9%,-2.082,-14.8%,-1.689,+18.9%,-2.14,-26.7%,-1.706,+20.3%,-1.718,-0.7%,12.5,-7.3,+17.5%,+12.2%,+13.5%,+21.4%
LBTYA,Extended,Media content,Communication Services,Telecommunication Services,Adj,Dec,EPS,CY2027,,,,,,,,-2.463,,-1.085,+55.9%,-1.168,-7.6%,-1.934,-65.6%,-1.566,+19.0%,-2.217,-41.6%,-1.604,+27.6%,-1.63,-1.6%,12.5,-7.7,+15.7%,+12.2%,+13.5%,+21.4%
LBTYA,Extended,Media content,Communication Services,Telecommunication Services,Adj,Dec,EPS,CY2028,,,,,,,,-3.22,,-3.22,+0.0%,0.665,+120.7%,-1.323,-298.9%,-1.437,-8.6%,-4.13,-187.4%,-1.38,+66.6%,-1.5,-8.7%,12.5,-8.3,-13.4%,+12.2%,+13.5%,+21.4%
BATRK,Extended,Media content,Communication Services,Media & Entertainment,Adj,Dec,EPS,CY2025,,,,,,,,-0.267,,-0.3,-12.4%,-0.755,-151.7%,-0.54,+28.5%,-0.355,+34.3%,-0.303,+14.6%,-0.263,+13.2%,-0.263,+0.0%,43.91,-167.0,+51.3%,+11.3%,+11.4%,+17.9%
BATRK,Extended,Media content,Communication Services,Media & Entertainment,Adj,Dec,EPS,CY2026,,,,,,,,0.09,,0.09,+0.0%,-0.615,-783.3%,-0.4,+35.0%,-0.367,+8.3%,-0.292,+20.4%,-0.206,+29.5%,-0.017,+91.7%,43.91,-2582.9,+95.8%,+11.3%,+11.4%,+17.9%
BATRK,Extended,Media content,Communication Services,Media & Entertainment,Adj,Dec,EPS,CY2027,,,,,,,,,,,,,,-0.28,,-0.305,-8.9%,-0.091,+70.2%,-0.08,+12.1%,0.113,+241.2%,43.91,388.6,+140.4%,+11.3%,+11.4%,+17.9%
BATRK,Extended,Media content,Communication Services,Media & Entertainment,Adj,Dec,EPS,CY2028,,,,,,,,,,,,,,,,,,,,,,-0.155,,43.91,-283.3,,+11.3%,+11.4%,+17.9%
LAMR,Extended,Media content,Real Estate,Equity Real Estate Investment,Adj,Dec,EPS,CY2025,,,,,,,,5.73,,5.752,+0.4%,5.648,-1.8%,5.985,+6.0%,5.893,-1.5%,5.955,+1.1%,5.86,-1.6%,5.857,-0.1%,128.19,21.9,-2.1%,+1.3%,+0.7%,+22.3%
LAMR,Extended,Media content,Real Estate,Equity Real Estate Investment,Adj,Dec,EPS,CY2026,,,,,,,,6.253,,6.288,+0.6%,6.153,-2.1%,5.968,-3.0%,5.862,-1.8%,5.86,-0.0%,5.83,-0.5%,5.682,-2.5%,128.19,22.6,-4.8%,+1.3%,+0.7%,+22.3%
LAMR,Extended,Media content,Real Estate,Equity Real Estate Investment,Adj,Dec,EPS,CY2027,,,,,,,,7.3,,7.21,-1.2%,6.645,-7.8%,6.456,-2.8%,6.33,-2.0%,6.507,+2.8%,6.312,-3.0%,6.088,-3.5%,128.19,21.1,-5.7%,+1.3%,+0.7%,+22.3%
LAMR,Extended,Media content,Real Estate,Equity Real Estate Investment,Adj,Dec,EPS,CY2028,,,,,,,,8.1,,7.955,-1.8%,7.32,-8.0%,7.04,-3.8%,6.845,-2.8%,6.815,-0.4%,6.74,-1.1%,6.897,+2.3%,128.19,18.6,-2.0%,+1.3%,+0.7%,+22.3%
OUT,Extended,Media content,Real Estate,Equity Real Estate Investment,Adj,Dec,EPS,CY2025,,,,,,,,0.848,,0.877,+3.4%,0.881,+0.5%,0.853,-3.2%,0.821,-3.8%,0.702,-14.5%,0.77,+9.7%,0.772,+0.3%,27.32,35.4,-9.5%,+13.4%,+12.7%,+95.8%
OUT,Extended,Media content,Real Estate,Equity Real Estate Investment,Adj,Dec,EPS,CY2026,,,,,,,,0.91,,1.025,+12.6%,1.02,-0.5%,0.954,-6.5%,0.923,-3.2%,0.945,+2.4%,1.112,+17.7%,1.223,+10.0%,27.32,22.3,+28.2%,+13.4%,+12.7%,+95.8%
OUT,Extended,Media content,Real Estate,Equity Real Estate Investment,Adj,Dec,EPS,CY2027,,,,,,,,0.9,,1.195,+32.8%,1.177,-1.5%,1.03,-12.5%,1.093,+6.1%,1.127,+3.1%,1.244,+10.4%,1.329,+6.8%,27.32,20.6,+29.0%,+13.4%,+12.7%,+95.8%
OUT,Extended,Media content,Real Estate,Equity Real Estate Investment,Adj,Dec,EPS,CY2028,,,,,,,,0.89,,1.295,+45.5%,1.285,-0.8%,1.24,-3.5%,1.135,-8.5%,1.23,+8.4%,1.383,+12.4%,1.468,+6.1%,27.32,18.6,+18.4%,+13.4%,+12.7%,+95.8%
TV,Extended,Media content,Communication Services,Telecommunication Services,Adj,Dec,EPS,CY2025,,,,,,,,3.479,,1.338,-61.5%,1.319,-1.4%,-0.925,-170.1%,-0.891,+3.7%,0.125,+114.0%,-0.089,-171.2%,-0.75,-742.7%,2.92,-3.9,+18.9%,+0.3%,-2.3%,+75.9%
TV,Extended,Media content,Communication Services,Telecommunication Services,Adj,Dec,EPS,CY2026,,,,,,,,4.571,,3.393,-25.8%,4.27,+25.8%,5.943,+39.2%,1.371,-76.9%,0.279,-79.6%,1.208,+333.0%,3.695,+205.9%,2.92,0.8,-37.8%,+0.3%,-2.3%,+75.9%
TV,Extended,Media content,Communication Services,Telecommunication Services,Adj,Dec,EPS,CY2027,,,,,,,,7.447,,4.825,-35.2%,7.6,+57.5%,12.767,+68.0%,3.9,-69.5%,1.586,-59.3%,2.919,+84.0%,4.14,+41.8%,2.92,0.7,-67.6%,+0.3%,-2.3%,+75.9%
TV,Extended,Media content,Communication Services,Telecommunication Services,Adj,Dec,EPS,CY2028,,,,,,,,0.7,,7.775,+1010.7%,10.8,+38.9%,8.175,-24.3%,0.825,-89.9%,-0.083,-110.1%,1.873,+2356.6%,10.567,+464.2%,2.92,0.3,+29.3%,+0.3%,-2.3%,+75.9%
LUMN,Extended,Media content,Communication Services,Telecommunication Services,Adj,Dec,EPS,CY2025,,,,,,,,-0.138,,-0.507,-267.4%,-0.61,-20.3%,-0.993,-62.8%,-0.937,+5.6%,-0.805,+14.1%,-0.795,+1.2%,-0.617,+22.4%,6.63,-10.7,+37.9%,-14.7%,-20.1%,+102.8%
LUMN,Extended,Media content,Communication Services,Telecommunication Services,Adj,Dec,EPS,CY2026,,,,,,,,-0.024,,-0.122,-408.3%,-0.233,-91.0%,-0.783,-236.1%,-0.748,+4.5%,-0.485,+35.2%,-0.456,+6.0%,-0.366,+19.7%,6.63,-18.1,+53.3%,-14.7%,-20.1%,+102.8%
LUMN,Extended,Media content,Communication Services,Telecommunication Services,Adj,Dec,EPS,CY2027,,,,,,,,0.12,,0.167,+39.2%,0.127,-24.0%,-0.496,-490.6%,-0.509,-2.6%,-0.379,+25.5%,-0.322,+15.0%,-0.206,+36.0%,6.63,-32.2,+58.5%,-14.7%,-20.1%,+102.8%
LUMN,Extended,Media content,Communication Services,Telecommunication Services,Adj,Dec,EPS,CY2028,,,,,,,,0.253,,0.403,+59.3%,0.353,-12.4%,-0.037,-110.5%,-0.449,-1113.5%,-0.327,+27.2%,-0.282,+13.8%,-0.205,+27.3%,6.63,-32.3,-454.1%,-14.7%,-20.1%,+102.8%
WPP,Extended,Media content,Communication Services,Media & Entertainment,Adj,Dec,EPS,CY2025,,,,,,,,0.958,,0.903,-5.7%,0.863,-4.4%,0.855,-0.9%,0.811,-5.1%,0.668,-17.6%,0.624,-6.6%,0.619,-0.8%,239.8,3.9,-27.6%,-28.9%,-31.3%,-56.0%
WPP,Extended,Media content,Communication Services,Media & Entertainment,Adj,Dec,EPS,CY2026,,,,,,,,0.978,,0.963,-1.5%,0.95,-1.3%,0.879,-7.5%,0.816,-7.2%,0.692,-15.2%,0.599,-13.4%,0.54,-9.8%,239.8,4.4,-38.6%,-28.9%,-31.3%,-56.0%
WPP,Extended,Media content,Communication Services,Media & Entertainment,Adj,Dec,EPS,CY2027,,,,,,,,1.061,,0.973,-8.3%,0.96,-1.3%,0.921,-4.1%,0.866,-6.0%,0.745,-14.0%,0.664,-10.9%,0.58,-12.7%,239.8,4.1,-37.0%,-28.9%,-31.3%,-56.0%
WPP,Extended,Media content,Communication Services,Media & Entertainment,Adj,Dec,EPS,CY2028,,,,,,,,1.227,,1.043,-15.0%,1.024,-1.8%,0.961,-6.2%,0.907,-5.6%,0.797,-12.1%,0.751,-5.8%,0.644,-14.2%,239.8,3.7,-33.0%,-28.9%,-31.3%,-56.0%
BCE,Extended,Media content,Communication Services,Telecommunication Services,Adj,Dec,EPS,CY2025,,,,,,,,3.073,,3.036,-1.2%,2.911,-4.1%,2.765,-5.0%,2.746,-0.7%,2.696,-1.8%,2.73,+1.3%,2.719,-0.4%,33.77,12.4,-1.7%,+3.1%,+4.7%,+4.3%
BCE,Extended,Media content,Communication Services,Telecommunication Services,Adj,Dec,EPS,CY2026,,,,,,,,3.177,,3.194,+0.5%,2.917,-8.7%,2.723,-6.7%,2.645,-2.9%,2.719,+2.8%,2.691,-1.0%,2.564,-4.7%,33.77,13.2,-5.8%,+3.1%,+4.7%,+4.3%
BCE,Extended,Media content,Communication Services,Telecommunication Services,Adj,Dec,EPS,CY2027,,,,,,,,3.36,,3.367,+0.2%,3.1,-7.9%,2.814,-9.2%,2.793,-0.7%,2.69,-3.7%,2.727,+1.4%,2.705,-0.8%,33.77,12.5,-3.9%,+3.1%,+4.7%,+4.3%
BCE,Extended,Media content,Communication Services,Telecommunication Services,Adj,Dec,EPS,CY2028,,,,,,,,3.66,,3.61,-1.4%,3.885,+7.6%,3.285,-15.4%,3.24,-1.4%,2.818,-13.0%,2.87,+1.8%,2.89,+0.7%,33.77,11.7,-12.0%,+3.1%,+4.7%,+4.3%
OMC,Extended,Media content,Communication Services,Media & Entertainment,Adj,Dec,EPS,CY2025,,,,,,,,8.518,,8.587,+0.8%,8.644,+0.7%,8.393,-2.9%,8.135,-3.1%,8.439,+3.7%,8.611,+2.0%,8.575,-0.4%,75.96,8.9,+2.2%,-5.9%,-4.6%,+4.6%
OMC,Extended,Media content,Communication Services,Media & Entertainment,Adj,Dec,EPS,CY2026,,,,,,,,9.156,,9.291,+1.5%,9.345,+0.6%,9.115,-2.5%,8.877,-2.6%,9.163,+3.2%,9.541,+4.1%,10.619,+11.3%,75.96,7.2,+16.5%,-5.9%,-4.6%,+4.6%
OMC,Extended,Media content,Communication Services,Media & Entertainment,Adj,Dec,EPS,CY2027,,,,,,,,9.735,,9.75,+0.2%,9.718,-0.3%,9.97,+2.6%,9.49,-4.8%,10.05,+5.9%,10.622,+5.7%,12.318,+16.0%,75.96,6.2,+23.6%,-5.9%,-4.6%,+4.6%
OMC,Extended,Media content,Communication Services,Media & Entertainment,Adj,Dec,EPS,CY2028,,,,,,,,10.358,,10.337,-0.2%,10.313,-0.2%,10.61,+2.9%,10.386,-2.1%,10.962,+5.5%,10.77,-1.8%,12.747,+18.4%,75.96,6.0,+20.1%,-5.9%,-4.6%,+4.6%
AMT,Extended,Telco infrastructure,Real Estate,Equity Real Estate Investment,Adj,Dec,EPS,CY2025,,,,,,,,6.512,,6.759,+3.8%,6.673,-1.3%,6.425,-3.7%,6.146,-4.3%,5.296,-13.8%,5.288,-0.2%,5.292,+0.1%,176.14,33.3,-17.6%,+0.3%,+0.2%,-20.0%
AMT,Extended,Telco infrastructure,Real Estate,Equity Real Estate Investment,Adj,Dec,EPS,CY2026,,,,,,,,6.96,,7.133,+2.5%,7.207,+1.0%,7.166,-0.6%,7.113,-0.7%,7.347,+3.3%,6.919,-5.8%,6.6,-4.6%,176.14,26.7,-7.9%,+0.3%,+0.2%,-20.0%
AMT,Extended,Telco infrastructure,Real Estate,Equity Real Estate Investment,Adj,Dec,EPS,CY2027,,,,,,,,8.063,,7.52,-6.7%,7.498,-0.3%,7.693,+2.6%,7.717,+0.3%,7.568,-1.9%,7.382,-2.5%,6.904,-6.5%,176.14,25.5,-10.3%,+0.3%,+0.2%,-20.0%
AMT,Extended,Telco infrastructure,Real Estate,Equity Real Estate Investment,Adj,Dec,EPS,CY2028,,,,,,,,8.69,,8.265,-4.9%,8.543,+3.4%,8.602,+0.7%,8.688,+1.0%,8.448,-2.8%,8.357,-1.1%,7.894,-5.5%,176.14,22.3,-8.2%,+0.3%,+0.2%,-20.0%
SBAC,Extended,Telco infrastructure,Real Estate,Equity Real Estate Investment,Adj,Dec,EPS,CY2025,,,,,,,,8.545,,9.258,+8.3%,9.074,-2.0%,8.704,-4.1%,8.366,-3.9%,8.332,-0.4%,9.464,+13.6%,9.12,-3.6%,212.42,23.3,+4.8%,+9.8%,+12.9%,-3.4%
SBAC,Extended,Telco infrastructure,Real Estate,Equity Real Estate Investment,Adj,Dec,EPS,CY2026,,,,,,,,8.489,,9.695,+14.2%,9.987,+3.0%,9.199,-7.9%,9.259,+0.7%,9.04,-2.4%,8.821,-2.4%,8.024,-9.0%,212.42,26.5,-12.8%,+9.8%,+12.9%,-3.4%
SBAC,Extended,Telco infrastructure,Real Estate,Equity Real Estate Investment,Adj,Dec,EPS,CY2027,,,,,,,,10.37,,12.95,+24.9%,12.907,-0.3%,9.984,-22.6%,9.702,-2.8%,9.374,-3.4%,9.001,-4.0%,8.623,-4.2%,212.42,24.6,-13.6%,+9.8%,+12.9%,-3.4%
SBAC,Extended,Telco infrastructure,Real Estate,Equity Real Estate Investment,Adj,Dec,EPS,CY2028,,,,,,,,11.415,,14.17,+24.1%,14.06,-0.8%,12.496,-11.1%,10.72,-14.2%,10.547,-1.6%,10.105,-4.2%,9.701,-4.0%,212.42,21.9,-22.4%,+9.8%,+12.9%,-3.4%
CCI,Extended,Telco infrastructure,Real Estate,Equity Real Estate Investment,Adj,Dec,EPS,CY2025,,,,,,,,2.575,,2.79,+8.3%,2.706,-3.0%,0.882,-67.4%,0.639,-27.6%,0.59,-7.7%,1.042,+76.6%,0.984,-5.6%,86.57,88.0,+11.6%,-2.6%,-0.6%,-14.3%
CCI,Extended,Telco infrastructure,Real Estate,Equity Real Estate Investment,Adj,Dec,EPS,CY2026,,,,,,,,2.659,,3.045,+14.5%,2.891,-5.1%,2.282,-21.1%,2.86,+25.3%,2.533,-11.4%,3.263,+28.8%,2.754,-15.6%,86.57,31.4,+20.7%,-2.6%,-0.6%,-14.3%
CCI,Extended,Telco infrastructure,Real Estate,Equity Real Estate Investment,Adj,Dec,EPS,CY2027,,,,,,,,2.625,,3.648,+39.0%,3.457,-5.2%,3.265,-5.6%,3.654,+11.9%,3.05,-16.5%,3.838,+25.8%,3.433,-10.6%,86.57,25.2,+5.1%,-2.6%,-0.6%,-14.3%
CCI,Extended,Telco infrastructure,Real Estate,Equity Real Estate Investment,Adj,Dec,EPS,CY2028,,,,,,,,3.24,,5.005,+54.5%,4.345,-13.2%,4.138,-4.8%,4.545,+9.8%,4.515,-0.7%,4.95,+9.6%,3.77,-23.8%,86.57,23.0,-8.9%,-2.6%,-0.6%,-14.3%
EQIX,Extended,Telco infrastructure,Real Estate,Equity Real Estate Investment,Adj,Dec,EPS,CY2025,,,,,,,,12.535,,13.726,+9.5%,13.628,-0.7%,13.0,-4.6%,14.494,+11.5%,14.545,+0.4%,14.782,+1.6%,14.766,-0.1%,1016.08,68.8,+13.6%,+32.6%,+28.9%,+32.6%
EQIX,Extended,Telco infrastructure,Real Estate,Equity Real Estate Investment,Adj,Dec,EPS,CY2026,,,,,,,,14.12,,15.805,+11.9%,16.057,+1.6%,15.25,-5.0%,15.493,+1.6%,14.98,-3.3%,14.822,-1.1%,16.361,+10.4%,1016.08,62.1,+7.3%,+32.6%,+28.9%,+32.6%
EQIX,Extended,Telco infrastructure,Real Estate,Equity Real Estate Investment,Adj,Dec,EPS,CY2027,,,,,,,,17.556,,18.367,+4.6%,19.945,+8.6%,17.566,-11.9%,16.987,-3.3%,16.516,-2.8%,15.842,-4.1%,17.673,+11.6%,1016.08,57.5,+0.6%,+32.6%,+28.9%,+32.6%
EQIX,Extended,Telco infrastructure,Real Estate,Equity Real Estate Investment,Adj,Dec,EPS,CY2028,,,,,,,,19.896,,19.457,-2.2%,21.898,+12.5%,22.066,+0.8%,18.552,-15.9%,18.088,-2.5%,17.413,-3.7%,19.907,+14.3%,1016.08,51.0,-9.8%,+32.6%,+28.9%,+32.6%
ERICB,Extended,Telco infrastructure,Information Technology,Technology Hardware & Equipmen,GAAP,Dec,EPS,CY2025,,,,,,,,5.291,,5.773,+9.1%,6.09,+5.5%,5.624,-7.7%,5.834,+3.7%,6.359,+9.0%,7.693,+21.0%,7.606,-1.1%,107.8,14.2,+35.2%,+19.0%,+18.1%,+56.1%
ERICB,Extended,Telco infrastructure,Information Technology,Technology Hardware & Equipmen,GAAP,Dec,EPS,CY2026,,,,,,,,6.088,,5.98,-1.8%,6.129,+2.5%,5.905,-3.7%,5.848,-1.0%,5.607,-4.1%,6.065,+8.2%,6.242,+2.9%,107.8,17.3,+5.7%,+19.0%,+18.1%,+56.1%
ERICB,Extended,Telco infrastructure,Information Technology,Technology Hardware & Equipmen,GAAP,Dec,EPS,CY2027,,,,,,,,6.628,,6.113,-7.8%,6.675,+9.2%,6.475,-3.0%,6.387,-1.4%,6.021,-5.7%,6.382,+6.0%,7.114,+11.5%,107.8,15.2,+9.9%,+19.0%,+18.1%,+56.1%
ERICB,Extended,Telco infrastructure,Information Technology,Technology Hardware & Equipmen,GAAP,Dec,EPS,CY2028,,,,,,,,6.257,,6.343,+1.4%,6.213,-2.0%,6.46,+4.0%,6.548,+1.4%,6.148,-6.1%,6.205,+0.9%,7.584,+22.2%,107.8,14.2,+17.4%,+19.0%,+18.1%,+56.1%
GDS,Extended,Telco infrastructure,Information Technology,Software & Services,Adj,Dec,EPS,CY2025,,,,,,,,-2.685,,-2.21,+17.7%,-4.2,-90.0%,-1.908,+54.6%,0.444,+123.3%,-0.069,-115.5%,0.718,+1140.6%,0.806,+12.3%,39.23,48.7,+142.2%,+12.4%,+4.1%,+82.6%
GDS,Extended,Telco infrastructure,Information Technology,Software & Services,Adj,Dec,EPS,CY2026,,,,,,,,-0.35,,0.454,+229.7%,-0.945,-308.1%,0.186,+119.7%,-0.089,-147.8%,-0.024,+73.0%,-0.201,-737.5%,0.333,+265.7%,39.23,117.8,+79.0%,+12.4%,+4.1%,+82.6%
GDS,Extended,Telco infrastructure,Information Technology,Software & Services,Adj,Dec,EPS,CY2027,,,,,,,,0.089,,0.424,+376.4%,0.416,-1.9%,0.622,+49.5%,1.368,+119.9%,1.336,-2.3%,0.551,-58.8%,0.931,+69.0%,39.23,42.1,+49.7%,+12.4%,+4.1%,+82.6%
GDS,Extended,Telco infrastructure,Information Technology,Software & Services,Adj,Dec,EPS,CY2028,,,,,,,,1.01,,0.934,-7.5%,0.918,-1.7%,16.15,+1659.3%,15.87,-1.7%,0.363,-97.7%,12.548,+3356.7%,0.754,-94.0%,39.23,52.0,-95.3%,+12.4%,+4.1%,+82.6%
NOK,Extended,Telco infrastructure,Information Technology,Technology Hardware & Equipmen,Adj,Dec,EPS,CY2025,,,,,,,,0.339,,0.314,-7.4%,0.316,+0.6%,0.321,+1.6%,0.302,-5.9%,0.266,-11.9%,0.27,+1.5%,0.27,+0.0%,8.89,32.9,-15.9%,+37.4%,+37.4%,+86.0%
NOK,Extended,Telco infrastructure,Information Technology,Technology Hardware & Equipmen,Adj,Dec,EPS,CY2026,,,,,,,,0.361,,0.35,-3.0%,0.347,-0.9%,0.359,+3.5%,0.36,+0.3%,0.328,-8.9%,0.335,+2.1%,0.314,-6.3%,8.89,28.3,-12.5%,+37.4%,+37.4%,+86.0%
NOK,Extended,Telco infrastructure,Information Technology,Technology Hardware & Equipmen,Adj,Dec,EPS,CY2027,,,,,,,,0.39,,0.395,+1.3%,0.385,-2.5%,0.386,+0.3%,0.391,+1.3%,0.362,-7.4%,0.378,+4.4%,0.366,-3.2%,8.89,24.3,-5.2%,+37.4%,+37.4%,+86.0%
NOK,Extended,Telco infrastructure,Information Technology,Technology Hardware & Equipmen,Adj,Dec,EPS,CY2028,,,,,,,,0.38,,0.38,+0.0%,0.37,-2.6%,0.388,+4.9%,0.402,+3.6%,0.387,-3.7%,0.433,+11.9%,0.415,-4.2%,8.89,21.4,+7.0%,+37.4%,+37.4%,+86.0%
BDC,Extended,Telco infrastructure,Information Technology,Technology Hardware & Equipmen,Adj,Dec,EPS,CY2025,,,,,,,,7.328,,7.597,+3.7%,7.65,+0.7%,7.108,-7.1%,7.112,+0.1%,7.307,+2.7%,7.422,+1.6%,7.422,+0.0%,115.5,15.6,+4.4%,-0.9%,-0.9%,+29.7%
BDC,Extended,Telco infrastructure,Information Technology,Technology Hardware & Equipmen,Adj,Dec,EPS,CY2026,,,,,,,,8.45,,8.167,-3.3%,8.41,+3.0%,7.962,-5.3%,7.772,-2.4%,7.794,+0.3%,7.777,-0.2%,7.922,+1.9%,115.5,14.6,-0.5%,-0.9%,-0.9%,+29.7%
BDC,Extended,Telco infrastructure,Information Technology,Technology Hardware & Equipmen,Adj,Dec,EPS,CY2027,,,,,,,,,,,,,,8.605,,8.52,-1.0%,8.522,+0.0%,8.582,+0.7%,8.872,+3.4%,115.5,13.0,+3.1%,-0.9%,-0.9%,+29.7%
BDC,Extended,Telco infrastructure,Information Technology,Technology Hardware & Equipmen,Adj,Dec,EPS,CY2028,,,,,,,,,,,,,,,,10.08,,,,,,9.41,-6.6%,115.5,12.3,,-0.9%,-0.9%,+29.7%
HLIT,Extended,Telco infrastructure,Information Technology,Technology Hardware & Equipmen,Adj,Dec,EPS,CY2025,,,,,,,,1.002,,1.032,+3.0%,0.868,-15.9%,0.58,-33.2%,0.5,-13.8%,0.384,-23.2%,0.432,+12.5%,0.432,+0.0%,9.29,21.5,-25.5%,-6.1%,-7.7%,+11.5%
HLIT,Extended,Telco infrastructure,Information Technology,Technology Hardware & Equipmen,Adj,Dec,EPS,CY2026,,,,,,,,,,1.54,,1.334,-13.4%,0.983,-26.3%,0.902,-8.2%,0.739,-18.1%,0.73,-1.2%,0.61,-16.4%,9.29,15.2,-37.9%,-6.1%,-7.7%,+11.5%
HLIT,Extended,Telco infrastructure,Information Technology,Technology Hardware & Equipmen,Adj,Dec,EPS,CY2027,,,,,,,,,,,,1.76,,1.23,-30.1%,1.235,+0.4%,1.115,-9.7%,1.013,-9.1%,0.845,-16.6%,9.29,11.0,-31.3%,-6.1%,-7.7%,+11.5%
HLIT,Extended,Telco infrastructure,Information Technology,Technology Hardware & Equipmen,Adj,Dec,EPS,CY2028,,,,,,,,,,,,,,,,1.82,,1.79,-1.6%,1.81,+1.1%,1.34,-26.0%,9.29,6.9,,-6.1%,-7.7%,+11.5%
VISN,Extended,Telco infrastructure,Information Technology,Technology Hardware & Equipmen,Adj,Dec,EPS,CY2025,,,,,,,,0.501,,1.072,+114.0%,0.519,-51.6%,0.791,+52.4%,0.87,+10.0%,1.287,+47.9%,1.53,+18.9%,,,18.75,12.3,+194.8%,+3.4%,+1.7%,+418.0%
VISN,Extended,Telco infrastructure,Information Technology,Technology Hardware & Equipmen,Adj,Dec,EPS,CY2026,,,,,,,,0.525,,1.197,+128.0%,0.928,-22.5%,1.158,+24.8%,1.153,-0.4%,1.227,+6.4%,1.488,+21.3%,,,18.75,12.6,+60.3%,+3.4%,+1.7%,+418.0%
VISN,Extended,Telco infrastructure,Information Technology,Technology Hardware & Equipmen,Adj,Dec,EPS,CY2027,,,,,,,,0.79,,1.27,+60.8%,1.35,+6.3%,1.2,-11.1%,1.1,-8.3%,1.96,+78.2%,2.77,+41.3%,,,18.75,6.8,+105.2%,+3.4%,+1.7%,+418.0%
VISN,Extended,Telco infrastructure,Information Technology,Technology Hardware & Equipmen,Adj,Dec,EPS,CY2028,,,,,,,,0.91,,1.33,+46.2%,1.47,+10.5%,1.45,-1.4%,1.28,-11.7%,,,,,,,18.75,14.6,+40.7%,+3.4%,+1.7%,+418.0%
ANET,Extended,Telco infrastructure,Information Technology,Technology Hardware & Equipmen,Adj,Dec,EPS,CY2025,,,,,,,,2.251,,2.365,+5.1%,2.446,+3.4%,2.491,+1.8%,2.568,+3.1%,2.813,+9.5%,2.872,+2.1%,2.873,+0.0%,126.25,43.9,+15.3%,-3.6%,-4.8%,+96.1%
ANET,Extended,Telco infrastructure,Information Technology,Technology Hardware & Equipmen,Adj,Dec,EPS,CY2026,,,,,,,,2.627,,2.743,+4.4%,2.863,+4.4%,2.956,+3.2%,2.973,+0.6%,3.277,+10.2%,3.342,+2.0%,3.534,+5.7%,126.25,35.7,+19.6%,-3.6%,-4.8%,+96.1%
ANET,Extended,Telco infrastructure,Information Technology,Technology Hardware & Equipmen,Adj,Dec,EPS,CY2027,,,,,,,,3.328,,3.36,+1.0%,3.604,+7.3%,3.592,-0.3%,3.545,-1.3%,3.949,+11.4%,4.02,+1.8%,4.277,+6.4%,126.25,29.5,+19.1%,-3.6%,-4.8%,+96.1%
ANET,Extended,Telco infrastructure,Information Technology,Technology Hardware & Equipmen,Adj,Dec,EPS,CY2028,,,,,,,,3.535,,3.615,+2.3%,3.82,+5.7%,4.005,+4.8%,4.435,+10.7%,4.872,+9.9%,4.634,-4.9%,4.956,+6.9%,126.25,25.5,+23.7%,-3.6%,-4.8%,+96.1%
VRT,Extended,Telco infrastructure,Industrials,Capital Goods,Adj,Dec,EPS,CY2025,,,,,,,,3.049,,3.2,+5.0%,3.516,+9.9%,3.591,+2.1%,3.574,-0.5%,3.821,+6.9%,4.08,+6.8%,4.116,+0.9%,258.73,62.9,+14.6%,+59.7%,+47.9%,+335.5%
VRT,Extended,Telco infrastructure,Industrials,Capital Goods,Adj,Dec,EPS,CY2026,,,,,,,,3.871,,3.981,+2.8%,4.402,+10.6%,4.333,-1.6%,4.369,+0.8%,4.679,+7.1%,5.243,+12.1%,6.098,+16.3%,258.73,42.4,+40.7%,+59.7%,+47.9%,+335.5%
VRT,Extended,Telco infrastructure,Industrials,Capital Goods,Adj,Dec,EPS,CY2027,,,,,,,,4.786,,5.263,+10.0%,5.398,+2.6%,5.212,-3.4%,5.292,+1.5%,5.607,+6.0%,6.52,+16.3%,8.059,+23.6%,258.73,32.1,+54.6%,+59.7%,+47.9%,+335.5%
VRT,Extended,Telco infrastructure,Industrials,Capital Goods,Adj,Dec,EPS,CY2028,,,,,,,,5.883,,6.435,+9.4%,6.25,-2.9%,5.993,-4.1%,6.016,+0.4%,6.604,+9.8%,7.74,+17.2%,9.87,+27.5%,258.73,26.2,+64.7%,+59.7%,+47.9%,+335.5%
MTZ,Extended,Telco infrastructure,Industrials,Capital Goods,Adj,Dec,EPS,CY2025,,,,,,,,4.416,,4.3,-2.6%,5.247,+22.0%,5.604,+6.8%,6.063,+8.2%,6.327,+4.4%,6.423,+1.5%,6.437,+0.2%,337.27,52.4,+14.9%,+55.2%,+42.7%,+218.0%
MTZ,Extended,Telco infrastructure,Industrials,Capital Goods,Adj,Dec,EPS,CY2026,,,,,,,,5.543,,5.443,-1.8%,6.577,+20.8%,6.966,+5.9%,7.19,+3.2%,7.881,+9.6%,8.078,+2.5%,8.524,+5.5%,337.27,39.6,+22.4%,+55.2%,+42.7%,+218.0%
MTZ,Extended,Telco infrastructure,Industrials,Capital Goods,Adj,Dec,EPS,CY2027,,,,,,,,7.22,,7.365,+2.0%,8.72,+18.4%,7.969,-8.6%,8.468,+6.3%,9.436,+11.4%,9.803,+3.9%,10.763,+9.8%,337.27,31.3,+35.1%,+55.2%,+42.7%,+218.0%
MTZ,Extended,Telco infrastructure,Industrials,Capital Goods,Adj,Dec,EPS,CY2028,,,,,,,,8.285,,8.415,+1.6%,9.915,+17.8%,10.26,+3.5%,10.283,+0.2%,11.7,+13.8%,10.93,-6.6%,12.515,+14.5%,337.27,26.9,+22.0%,+55.2%,+42.7%,+218.0%
DY,Extended,Telco infrastructure,Industrials,Capital Goods,Adj,Jan,EPS,CY2025,,,,,,,,9.053,,9.389,+3.7%,9.206,-1.9%,9.301,+1.0%,9.601,+3.2%,10.252,+6.8%,10.92,+6.5%,10.918,-0.0%,348.63,31.9,+17.4%,+3.2%,-0.5%,+150.9%
DY,Extended,Telco infrastructure,Industrials,Capital Goods,Adj,Jan,EPS,CY2026,,,,,,,,11.003,,11.133,+1.2%,11.243,+1.0%,10.807,-3.9%,10.929,+1.1%,11.524,+5.4%,13.431,+16.5%,13.44,+0.1%,348.63,25.9,+24.4%,+3.2%,-0.5%,+150.9%
DY,Extended,Telco infrastructure,Industrials,Capital Goods,Adj,Jan,EPS,CY2027,,,,,,,,,,,,12.875,,12.825,-0.4%,12.967,+1.1%,13.29,+2.5%,16.358,+23.1%,16.447,+0.5%,348.63,21.2,+28.2%,+3.2%,-0.5%,+150.9%
DY,Extended,Telco infrastructure,Industrials,Capital Goods,Adj,Jan,EPS,CY2028,,,,,,,,,,,,,,,,15.97,,16.89,+5.8%,18.095,+7.1%,19.538,+8.0%,348.63,17.8,,+3.2%,-0.5%,+150.9%
GLW,Extended,Telco infrastructure,Information Technology,Technology Hardware & Equipmen,Adj,Dec,EPS,CY2025,,,,,,,,2.224,,2.275,+2.3%,2.307,+1.4%,2.345,+1.6%,2.372,+1.2%,2.486,+4.8%,2.521,+1.4%,2.521,+0.0%,146.5,58.1,+7.5%,+67.3%,+64.1%,+275.0%
GLW,Extended,Telco infrastructure,Information Technology,Technology Hardware & Equipmen,Adj,Dec,EPS,CY2026,,,,,,,,2.513,,2.576,+2.5%,2.642,+2.6%,2.727,+3.2%,2.71,-0.6%,2.901,+7.0%,3.063,+5.6%,3.109,+1.5%,146.5,47.1,+14.0%,+67.3%,+64.1%,+275.0%
GLW,Extended,Telco infrastructure,Information Technology,Technology Hardware & Equipmen,Adj,Dec,EPS,CY2027,,,,,,,,2.745,,3.027,+10.3%,2.928,-3.3%,2.991,+2.2%,3.007,+0.5%,3.323,+10.5%,3.64,+9.5%,3.874,+6.4%,146.5,37.8,+29.5%,+67.3%,+64.1%,+275.0%
GLW,Extended,Telco infrastructure,Information Technology,Technology Hardware & Equipmen,Adj,Dec,EPS,CY2028,,,,,,,,3.005,,3.285,+9.3%,3.36,+2.3%,3.353,-0.2%,3.278,-2.2%,3.45,+5.2%,3.898,+13.0%,4.579,+17.5%,146.5,32.0,+36.6%,+67.3%,+64.1%,+275.0%
APH,Extended,Telco infrastructure,Information Technology,Technology Hardware & Equipmen,Adj,Dec,EPS,CY2025,,,,,,,,1.971,,2.065,+4.8%,2.178,+5.5%,2.316,+6.3%,2.676,+15.5%,3.042,+13.7%,3.306,+8.7%,3.323,+0.5%,126.49,38.1,+43.5%,-6.4%,-10.5%,+114.1%
APH,Extended,Telco infrastructure,Information Technology,Technology Hardware & Equipmen,Adj,Dec,EPS,CY2026,,,,,,,,2.211,,2.354,+6.5%,2.441,+3.7%,2.603,+6.6%,2.96,+13.7%,3.455,+16.7%,4.112,+19.0%,4.392,+6.8%,126.49,28.8,+68.7%,-6.4%,-10.5%,+114.1%
APH,Extended,Telco infrastructure,Information Technology,Technology Hardware & Equipmen,Adj,Dec,EPS,CY2027,,,,,,,,2.367,,2.53,+6.9%,2.757,+9.0%,2.886,+4.7%,3.217,+11.5%,3.855,+19.8%,4.697,+21.8%,5.157,+9.8%,126.49,24.5,+78.7%,-6.4%,-10.5%,+114.1%
APH,Extended,Telco infrastructure,Information Technology,Technology Hardware & Equipmen,Adj,Dec,EPS,CY2028,,,,,,,,2.325,,2.575,+10.8%,2.86,+11.1%,3.173,+10.9%,3.44,+8.4%,4.15,+20.6%,5.33,+28.4%,5.738,+7.7%,126.49,22.0,+80.8%,-6.4%,-10.5%,+114.1%
UI,Extended,Telco infrastructure,Information Technology,Technology Hardware & Equipmen,Adj,Jun,EPS,CY2025,,,,,,,,8.72,,8.575,-1.7%,8.86,+3.3%,8.985,+1.4%,9.635,+7.2%,9.65,+0.2%,,,,,840.12,87.1,+12.5%,+51.8%,+47.5%,+207.2%
UI,Extended,Telco infrastructure,Information Technology,Technology Hardware & Equipmen,Adj,Jun,EPS,CY2026,,,,,,,,8.97,,8.63,-3.8%,9.43,+9.3%,9.573,+1.5%,9.89,+3.3%,11.915,+20.5%,13.27,+11.4%,15.125,+14.0%,840.12,55.5,+58.0%,+51.8%,+47.5%,+207.2%
UI,Extended,Telco infrastructure,Information Technology,Technology Hardware & Equipmen,Adj,Jun,EPS,CY2027,,,,,,,,9.21,,9.03,-2.0%,9.91,+9.7%,9.48,-4.3%,9.975,+5.2%,12.43,+24.6%,14.82,+19.2%,17.115,+15.5%,840.12,49.1,+80.5%,+51.8%,+47.5%,+207.2%
UI,Extended,Telco infrastructure,Information Technology,Technology Hardware & Equipmen,Adj,Jun,EPS,CY2028,,,,,,,,,,,,,,,,10.26,,13.47,+31.3%,14.73,+9.4%,19.135,+29.9%,840.12,43.9,,+51.8%,+47.5%,+207.2%
CALX,Extended,Telco infrastructure,Information Technology,Technology Hardware & Equipmen,Adj,Dec,EPS,CY2025,,,,,,,,1.109,,0.749,-32.5%,0.667,-10.9%,0.698,+4.6%,0.875,+25.4%,1.18,+34.9%,1.343,+13.8%,1.343,+0.0%,48.26,35.9,+92.4%,-8.8%,-12.2%,+53.3%
CALX,Extended,Telco infrastructure,Information Technology,Technology Hardware & Equipmen,Adj,Dec,EPS,CY2026,,,,,,,,0.8,,1.413,+76.6%,1.382,-2.2%,1.405,+1.7%,1.427,+1.6%,1.666,+16.7%,1.769,+6.2%,1.779,+0.6%,48.26,27.1,+26.6%,-8.8%,-12.2%,+53.3%
CALX,Extended,Telco infrastructure,Information Technology,Technology Hardware & Equipmen,Adj,Dec,EPS,CY2027,,,,,,,,,,,,,,,,,,2.393,,2.453,+2.5%,2.43,-0.9%,48.26,19.9,,-8.8%,-12.2%,+53.3%
CALX,Extended,Telco infrastructure,Information Technology,Technology Hardware & Equipmen,Adj,Dec,EPS,CY2028,,,,,,,,,,,,,,,,,,,,,,1.72,,48.26,28.1,,-8.8%,-12.2%,+53.3%
PRY,Extended,Telco infrastructure,Industrials,Capital Goods,Adj,Dec,EPS,CY2025,,,,,,,,3.406,,3.913,+14.9%,4.045,+3.4%,3.848,-4.9%,3.692,-4.1%,3.743,+1.4%,4.01,+7.1%,4.191,+4.5%,104.7,25.0,+8.9%,+21.2%,+14.5%,+154.6%
PRY,Extended,Telco infrastructure,Industrials,Capital Goods,Adj,Dec,EPS,CY2026,,,,,,,,3.751,,4.437,+18.3%,4.494,+1.3%,4.406,-2.0%,4.335,-1.6%,4.496,+3.7%,4.657,+3.6%,4.57,-1.9%,104.7,22.9,+3.7%,+21.2%,+14.5%,+154.6%
PRY,Extended,Telco infrastructure,Industrials,Capital Goods,Adj,Dec,EPS,CY2027,,,,,,,,4.263,,5.089,+19.4%,4.839,-4.9%,4.887,+1.0%,4.837,-1.0%,5.015,+3.7%,5.237,+4.4%,5.319,+1.6%,104.7,19.7,+8.8%,+21.2%,+14.5%,+154.6%
PRY,Extended,Telco infrastructure,Industrials,Capital Goods,Adj,Dec,EPS,CY2028,,,,,,,,4.32,,5.423,+25.5%,4.853,-10.5%,5.542,+14.2%,5.287,-4.6%,5.624,+6.4%,5.649,+0.4%,5.87,+3.9%,104.7,17.8,+5.9%,+21.2%,+14.5%,+154.6%
NTCT,Extended,Telco infrastructure,Information Technology,Technology Hardware & Equipmen,Adj,Mar,EPS,CY2025,,,,,,,,2.19,,2.19,+0.0%,2.22,+1.4%,2.2,-0.9%,2.22,+0.9%,2.325,+4.7%,2.415,+3.9%,2.415,+0.0%,32.38,13.4,+9.8%,+19.7%,+17.1%,+67.7%
NTCT,Extended,Telco infrastructure,Information Technology,Technology Hardware & Equipmen,Adj,Mar,EPS,CY2026,,,,,,,,,,,,2.22,,2.22,+0.0%,2.29,+3.2%,2.4,+4.8%,2.48,+3.3%,2.515,+1.4%,32.38,12.9,+13.3%,+19.7%,+17.1%,+67.7%
NTCT,Extended,Telco infrastructure,Information Technology,Technology Hardware & Equipmen,Adj,Mar,EPS,CY2027,,,,,,,,,,,,,,,,,,2.57,,2.605,+1.4%,2.6,-0.2%,32.38,12.5,,+19.7%,+17.1%,+67.7%
NTCT,Extended,Telco infrastructure,Information Technology,Technology Hardware & Equipmen,Adj,Mar,EPS,CY2028,,,,,,,,,,,,,,,,,,,,,,,,32.38,,,+19.7%,+17.1%,+67.7%
DOX,Extended,Telco infrastructure,Information Technology,Software & Services,Adj,Sep,EPS,CY2025,,,,,,,,7.065,,7.04,-0.4%,6.972,-1.0%,6.97,-0.0%,6.958,-0.2%,7.002,+0.6%,7.002,+0.0%,,,66.04,9.4,+0.4%,-18.0%,-19.4%,-21.1%
DOX,Extended,Telco infrastructure,Information Technology,Software & Services,Adj,Sep,EPS,CY2026,,,,,,,,7.618,,7.54,-1.0%,7.562,+0.3%,7.562,+0.0%,7.592,+0.4%,7.656,+0.8%,7.446,-2.7%,7.448,+0.0%,66.04,8.9,-1.5%,-18.0%,-19.4%,-21.1%
DOX,Extended,Telco infrastructure,Information Technology,Software & Services,Adj,Sep,EPS,CY2027,,,,,,,,7.73,,7.81,+1.0%,8.16,+4.5%,8.113,-0.6%,8.17,+0.7%,8.3,+1.6%,8.066,-2.8%,8.092,+0.3%,66.04,8.2,-0.3%,-18.0%,-19.4%,-21.1%
DOX,Extended,Telco infrastructure,Information Technology,Software & Services,Adj,Sep,EPS,CY2028,,,,,,,,,,,,9.07,,9.06,-0.1%,9.06,+0.0%,9.155,+1.0%,8.763,-4.3%,8.853,+1.0%,66.04,7.5,-2.3%,-18.0%,-19.4%,-21.1%
MCK,Extended,Drug distributors / PBMs,Health Care,Health Care Equipment & Servic,Adj,Mar,EPS,CY2025,,,,,,,,35.499,,35.72,+0.6%,36.713,+2.8%,36.839,+0.3%,37.352,+1.4%,38.244,+2.4%,38.681,+1.1%,39.007,+0.8%,856.77,22.0,+5.9%,+4.4%,+3.7%,+25.4%
MCK,Extended,Drug distributors / PBMs,Health Care,Health Care Equipment & Servic,Adj,Mar,EPS,CY2026,,,,,,,,40.501,,40.714,+0.5%,41.086,+0.9%,41.436,+0.9%,41.877,+1.1%,43.228,+3.2%,43.835,+1.4%,44.223,+0.9%,856.77,19.4,+6.7%,+4.4%,+3.7%,+25.4%
MCK,Extended,Drug distributors / PBMs,Health Care,Health Care Equipment & Servic,Adj,Mar,EPS,CY2027,,,,,,,,43.344,,44.044,+1.6%,45.433,+3.2%,45.782,+0.8%,46.623,+1.8%,49.405,+6.0%,49.732,+0.7%,49.901,+0.3%,856.77,17.2,+9.0%,+4.4%,+3.7%,+25.4%
MCK,Extended,Drug distributors / PBMs,Health Care,Health Care Equipment & Servic,Adj,Mar,EPS,CY2028,,,,,,,,50.36,,46.015,-8.6%,50.807,+10.4%,51.057,+0.5%,50.48,-1.1%,55.618,+10.2%,55.876,+0.5%,55.917,+0.1%,856.77,15.3,+9.5%,+4.4%,+3.7%,+25.4%
CAH,Extended,Drug distributors / PBMs,Health Care,Health Care Equipment & Servic,Adj,Jun,EPS,CY2025,,,,,,,,7.533,,7.631,+1.3%,7.844,+2.8%,7.96,+1.5%,8.192,+2.9%,8.198,+0.1%,,,,,212.62,25.9,+7.4%,+3.5%,+2.0%,+64.0%
CAH,Extended,Drug distributors / PBMs,Health Care,Health Care Equipment & Servic,Adj,Jun,EPS,CY2026,,,,,,,,8.339,,8.449,+1.3%,8.707,+3.1%,8.979,+3.1%,9.245,+3.0%,9.436,+2.1%,9.83,+4.2%,10.312,+4.9%,212.62,20.6,+14.8%,+3.5%,+2.0%,+64.0%
CAH,Extended,Drug distributors / PBMs,Health Care,Health Care Equipment & Servic,Adj,Jun,EPS,CY2027,,,,,,,,9.152,,9.338,+2.0%,9.555,+2.3%,9.918,+3.8%,10.442,+5.3%,10.624,+1.7%,11.081,+4.3%,11.585,+4.5%,212.62,18.4,+16.8%,+3.5%,+2.0%,+64.0%
CAH,Extended,Drug distributors / PBMs,Health Care,Health Care Equipment & Servic,Adj,Jun,EPS,CY2028,,,,,,,,9.953,,10.02,+0.7%,10.338,+3.2%,10.882,+5.3%,11.67,+7.2%,11.901,+2.0%,12.464,+4.7%,13.036,+4.6%,212.62,16.3,+19.8%,+3.5%,+2.0%,+64.0%
COR,Extended,Drug distributors / PBMs,Health Care,Health Care Equipment & Servic,Adj,Sep,EPS,CY2025,,,,,,,,14.732,,14.821,+0.6%,14.981,+1.1%,15.42,+2.9%,15.826,+2.6%,15.946,+0.8%,15.945,-0.0%,,,320.96,20.1,+6.4%,-5.0%,-7.3%,+15.3%
COR,Extended,Drug distributors / PBMs,Health Care,Health Care Equipment & Servic,Adj,Sep,EPS,CY2026,,,,,,,,16.046,,16.156,+0.7%,16.359,+1.3%,16.906,+3.3%,17.403,+2.9%,17.467,+0.4%,17.59,+0.7%,17.636,+0.3%,320.96,18.2,+4.3%,-5.0%,-7.3%,+15.3%
COR,Extended,Drug distributors / PBMs,Health Care,Health Care Equipment & Servic,Adj,Sep,EPS,CY2027,,,,,,,,17.635,,17.652,+0.1%,17.854,+1.1%,18.531,+3.8%,19.18,+3.5%,19.277,+0.5%,19.514,+1.2%,19.806,+1.5%,320.96,16.2,+6.9%,-5.0%,-7.3%,+15.3%
COR,Extended,Drug distributors / PBMs,Health Care,Health Care Equipment & Servic,Adj,Sep,EPS,CY2028,,,,,,,,19.11,,19.305,+1.0%,20.058,+3.9%,20.677,+3.1%,20.983,+1.5%,21.162,+0.9%,21.641,+2.3%,21.818,+0.8%,320.96,14.7,+5.5%,-5.0%,-7.3%,+15.3%
AZO,Extended,Autos,Consumer Discretionary,Consumer Discretionary Distrib,Adj,Aug,EPS,CY2025,,,,,,,,163.865,,156.527,-4.5%,152.404,-2.6%,149.955,-1.6%,147.042,-1.9%,146.727,-0.2%,,,,,3438.35,23.4,-6.3%,+1.4%,+6.0%,-5.9%
AZO,Extended,Autos,Consumer Discretionary,Consumer Discretionary Distrib,Adj,Aug,EPS,CY2026,,,,,,,,183.349,,175.498,-4.3%,171.713,-2.2%,169.154,-1.5%,166.398,-1.6%,157.126,-5.6%,149.326,-5.0%,148.661,-0.4%,3438.35,23.1,-12.1%,+1.4%,+6.0%,-5.9%
AZO,Extended,Autos,Consumer Discretionary,Consumer Discretionary Distrib,Adj,Aug,EPS,CY2027,,,,,,,,206.005,,196.495,-4.6%,191.461,-2.6%,187.476,-2.1%,185.521,-1.0%,182.576,-1.6%,175.66,-3.8%,174.659,-0.6%,3438.35,19.7,-6.8%,+1.4%,+6.0%,-5.9%
AZO,Extended,Autos,Consumer Discretionary,Consumer Discretionary Distrib,Adj,Aug,EPS,CY2028,,,,,,,,234.863,,228.185,-2.8%,216.38,-5.2%,212.843,-1.6%,208.295,-2.1%,203.799,-2.2%,195.988,-3.8%,193.781,-1.1%,3438.35,17.7,-9.0%,+1.4%,+6.0%,-5.9%
AAP,Extended,Autos,Consumer Discretionary,Consumer Discretionary Distrib,Adj,Dec,EPS,CY2025,,,,,,,,4.357,,2.788,-36.0%,1.588,-43.0%,1.531,-3.6%,1.801,+17.6%,1.722,-4.4%,1.82,+5.7%,1.815,-0.3%,53.0,29.2,+18.5%,+34.9%,+28.1%,+51.4%
AAP,Extended,Autos,Consumer Discretionary,Consumer Discretionary Distrib,Adj,Dec,EPS,CY2026,,,,,,,,4.981,,3.109,-37.6%,2.971,-4.4%,2.819,-5.1%,3.116,+10.5%,2.701,-13.3%,2.655,-1.7%,2.778,+4.6%,53.0,19.1,-1.5%,+34.9%,+28.1%,+51.4%
AAP,Extended,Autos,Consumer Discretionary,Consumer Discretionary Distrib,Adj,Dec,EPS,CY2027,,,,,,,,6.64,,4.633,-30.2%,4.388,-5.3%,4.345,-1.0%,4.506,+3.7%,3.843,-14.7%,4.035,+5.0%,3.918,-2.9%,53.0,13.5,-9.8%,+34.9%,+28.1%,+51.4%
AAP,Extended,Autos,Consumer Discretionary,Consumer Discretionary Distrib,Adj,Dec,EPS,CY2028,,,,,,,,7.483,,5.53,-26.1%,5.705,+3.2%,4.497,-21.2%,4.863,+8.1%,4.742,-2.5%,4.743,+0.0%,4.658,-1.8%,53.0,11.4,+3.6%,+34.9%,+28.1%,+51.4%
ORLY,Extended,Autos,Consumer Discretionary,Consumer Discretionary Distrib,Adj,Dec,EPS,CY2025,,,,,,,,3.119,,3.054,-2.1%,2.995,-1.9%,2.944,-1.7%,2.921,-0.8%,2.945,+0.8%,2.975,+1.0%,2.976,+0.0%,92.13,31.0,+1.1%,+1.0%,+1.9%,-0.6%
ORLY,Extended,Autos,Consumer Discretionary,Consumer Discretionary Distrib,Adj,Dec,EPS,CY2026,,,,,,,,3.499,,3.424,-2.1%,3.36,-1.9%,3.302,-1.7%,3.167,-4.1%,3.306,+4.4%,3.318,+0.4%,3.233,-2.6%,92.13,28.5,-2.1%,+1.0%,+1.9%,-0.6%
ORLY,Extended,Autos,Consumer Discretionary,Consumer Discretionary Distrib,Adj,Dec,EPS,CY2027,,,,,,,,3.92,,3.874,-1.2%,3.745,-3.3%,3.688,-1.5%,3.641,-1.3%,3.651,+0.3%,3.654,+0.1%,3.577,-2.1%,92.13,25.8,-3.0%,+1.0%,+1.9%,-0.6%
ORLY,Extended,Autos,Consumer Discretionary,Consumer Discretionary Distrib,Adj,Dec,EPS,CY2028,,,,,,,,4.347,,4.255,-2.1%,4.19,-1.5%,4.023,-4.0%,3.908,-2.9%,3.998,+2.3%,3.949,-1.2%,3.889,-1.5%,92.13,23.7,-3.3%,+1.0%,+1.9%,-0.6%
KMX,Extended,Autos,Consumer Discretionary,Consumer Discretionary Distrib,Adj,Feb,EPS,CY2025,,,,,,,,3.699,,3.714,+0.4%,3.872,+4.3%,3.893,+0.5%,3.848,-1.2%,3.437,-10.7%,2.652,-22.8%,2.669,+0.6%,42.61,16.0,-31.4%,+10.3%,+4.1%,-43.7%
KMX,Extended,Autos,Consumer Discretionary,Consumer Discretionary Distrib,Adj,Feb,EPS,CY2026,,,,,,,,4.872,,4.85,-0.5%,4.852,+0.0%,4.586,-5.5%,4.434,-3.3%,3.997,-9.9%,2.52,-37.0%,2.537,+0.7%,42.61,16.8,-44.7%,+10.3%,+4.1%,-43.7%
KMX,Extended,Autos,Consumer Discretionary,Consumer Discretionary Distrib,Adj,Feb,EPS,CY2027,,,,,,,,7.73,,7.45,-3.6%,8.01,+7.5%,8.21,+2.5%,5.546,-32.4%,4.848,-12.6%,3.326,-31.4%,3.265,-1.8%,42.61,13.1,-60.2%,+10.3%,+4.1%,-43.7%
KMX,Extended,Autos,Consumer Discretionary,Consumer Discretionary Distrib,Adj,Feb,EPS,CY2028,,,,,,,,8.88,,8.59,-3.3%,10.57,+23.1%,,,7.91,-25.2%,7.655,-3.2%,4.876,-36.3%,4.88,+0.1%,42.61,8.7,,+10.3%,+4.1%,-43.7%
MNRO,Extended,Autos,Consumer Discretionary,Consumer Discretionary Distrib,Adj,Mar,EPS,CY2025,,,,,,,,1.042,,1.176,+12.9%,1.068,-9.2%,0.798,-25.3%,0.666,-16.5%,0.52,-21.9%,0.565,+8.7%,0.478,-15.4%,15.52,32.5,-40.1%,-22.6%,-24.1%,+1.6%
MNRO,Extended,Autos,Consumer Discretionary,Consumer Discretionary Distrib,Adj,Mar,EPS,CY2026,,,,,,,,,,1.235,,1.235,+0.0%,0.803,-35.0%,0.893,+11.2%,0.838,-6.2%,0.698,-16.7%,0.664,-4.9%,15.52,23.4,-17.3%,-22.6%,-24.1%,+1.6%
MNRO,Extended,Autos,Consumer Discretionary,Consumer Discretionary Distrib,Adj,Mar,EPS,CY2027,,,,,,,,,,,,,,,,1.15,,0.95,-17.4%,0.92,-3.2%,0.933,+1.4%,15.52,16.6,,-22.6%,-24.1%,+1.6%
MNRO,Extended,Autos,Consumer Discretionary,Consumer Discretionary Distrib,Adj,Mar,EPS,CY2028,,,,,,,,,,,,,,,,,,,,,,1.21,,15.52,12.8,,-22.6%,-24.1%,+1.6%
AN,Extended,Autos,Consumer Discretionary,Consumer Discretionary Distrib,Adj,Dec,EPS,CY2025,,,,,,,,19.862,,19.56,-1.5%,18.432,-5.8%,18.332,-0.5%,18.588,+1.4%,19.862,+6.9%,20.047,+0.9%,19.989,-0.3%,196.82,9.8,+9.0%,-4.7%,-7.1%,+24.1%
AN,Extended,Autos,Consumer Discretionary,Consumer Discretionary Distrib,Adj,Dec,EPS,CY2026,,,,,,,,22.606,,20.93,-7.4%,20.667,-1.3%,20.557,-0.5%,19.938,-3.0%,20.978,+5.2%,21.081,+0.5%,21.681,+2.8%,196.82,9.1,+5.5%,-4.7%,-7.1%,+24.1%
AN,Extended,Autos,Consumer Discretionary,Consumer Discretionary Distrib,Adj,Dec,EPS,CY2027,,,,,,,,26.33,,25.713,-2.3%,23.86,-7.2%,23.225,-2.7%,22.294,-4.0%,23.235,+4.2%,23.32,+0.4%,23.936,+2.6%,196.82,8.2,+3.1%,-4.7%,-7.1%,+24.1%
AN,Extended,Autos,Consumer Discretionary,Consumer Discretionary Distrib,Adj,Dec,EPS,CY2028,,,,,,,,28.14,,27.613,-1.9%,25.53,-7.5%,25.903,+1.5%,24.977,-3.6%,25.73,+3.0%,26.503,+3.0%,25.31,-4.5%,196.82,7.8,-2.3%,-4.7%,-7.1%,+24.1%
GPI,Extended,Autos,Consumer Discretionary,Consumer Discretionary Distrib,Adj,Dec,EPS,CY2025,,,,,,,,40.289,,41.122,+2.1%,40.821,-0.7%,41.667,+2.1%,41.155,-1.2%,42.779,+3.9%,42.123,-1.5%,40.471,-3.9%,327.0,8.1,-2.9%,-16.9%,-18.0%,-14.4%
GPI,Extended,Autos,Consumer Discretionary,Consumer Discretionary Distrib,Adj,Dec,EPS,CY2026,,,,,,,,43.52,,43.612,+0.2%,44.602,+2.3%,45.56,+2.1%,43.32,-4.9%,45.165,+4.3%,45.021,-0.3%,42.373,-5.9%,327.0,7.7,-7.0%,-16.9%,-18.0%,-14.4%
GPI,Extended,Autos,Consumer Discretionary,Consumer Discretionary Distrib,Adj,Dec,EPS,CY2027,,,,,,,,44.73,,48.61,+8.7%,47.62,-2.0%,52.405,+10.0%,46.477,-11.3%,49.255,+6.0%,50.953,+3.4%,47.985,-5.8%,327.0,6.8,-8.4%,-16.9%,-18.0%,-14.4%
GPI,Extended,Autos,Consumer Discretionary,Consumer Discretionary Distrib,Adj,Dec,EPS,CY2028,,,,,,,,47.23,,48.41,+2.5%,50.08,+3.4%,54.29,+8.4%,56.48,+4.0%,55.32,-2.1%,55.73,+0.7%,53.24,-4.5%,327.0,6.1,-1.9%,-16.9%,-18.0%,-14.4%
SAH,Extended,Autos,Consumer Discretionary,Consumer Discretionary Distrib,Adj,Dec,EPS,CY2025,,,,,,,,6.283,,6.154,-2.1%,6.067,-1.4%,6.269,+3.3%,6.311,+0.7%,6.766,+7.2%,6.091,-10.0%,6.049,-0.7%,63.31,10.5,-3.5%,+2.3%,-0.2%,+12.7%
SAH,Extended,Autos,Consumer Discretionary,Consumer Discretionary Distrib,Adj,Dec,EPS,CY2026,,,,,,,,8.29,,7.518,-9.3%,7.198,-4.3%,7.375,+2.5%,7.03,-4.7%,7.418,+5.5%,7.1,-4.3%,6.428,-9.5%,63.31,9.8,-12.8%,+2.3%,-0.2%,+12.7%
SAH,Extended,Autos,Consumer Discretionary,Consumer Discretionary Distrib,Adj,Dec,EPS,CY2027,,,,,,,,9.66,,8.94,-7.5%,7.985,-10.7%,7.925,-0.8%,8.223,+3.8%,8.633,+5.0%,7.848,-9.1%,7.19,-8.4%,63.31,8.8,-9.3%,+2.3%,-0.2%,+12.7%
SAH,Extended,Autos,Consumer Discretionary,Consumer Discretionary Distrib,Adj,Dec,EPS,CY2028,,,,,,,,11.71,,10.63,-9.2%,9.45,-11.1%,9.24,-2.2%,9.735,+5.4%,10.58,+8.7%,8.95,-15.4%,7.653,-14.5%,63.31,8.3,-17.2%,+2.3%,-0.2%,+12.7%
CPRT,Extended,Autos,Industrials,Commercial & Professional Serv,Adj,Jul,EPS,CY2025,,,,,,,,1.633,,1.565,-4.2%,1.568,+0.2%,1.563,-0.3%,1.56,-0.2%,1.55,-0.6%,,,,,32.84,21.2,-1.0%,-16.1%,-15.7%,-39.8%
CPRT,Extended,Autos,Industrials,Commercial & Professional Serv,Adj,Jul,EPS,CY2026,,,,,,,,1.803,,1.748,-3.1%,1.772,+1.4%,1.785,+0.7%,1.732,-3.0%,1.758,+1.5%,1.664,-5.3%,1.576,-5.3%,32.84,20.8,-11.7%,-16.1%,-15.7%,-39.8%
CPRT,Extended,Autos,Industrials,Commercial & Professional Serv,Adj,Jul,EPS,CY2027,,,,,,,,1.9,,1.95,+2.6%,2.05,+5.1%,2.073,+1.1%,1.964,-5.3%,1.935,-1.5%,1.819,-6.0%,1.679,-7.7%,32.84,19.6,-19.0%,-16.1%,-15.7%,-39.8%
CPRT,Extended,Autos,Industrials,Commercial & Professional Serv,Adj,Jul,EPS,CY2028,,,,,,,,2.15,,2.15,+0.0%,2.22,+3.3%,2.22,+0.0%,2.22,+0.0%,,,1.915,-13.7%,1.837,-4.1%,32.84,17.9,-17.3%,-16.1%,-15.7%,-39.8%
LKQ,Extended,Autos,Consumer Discretionary,Consumer Discretionary Distrib,Adj,Dec,EPS,CY2025,,,,,,,,4.313,,3.907,-9.4%,3.653,-6.5%,3.541,-3.1%,3.51,-0.9%,3.12,-11.1%,3.106,-0.4%,3.106,+0.0%,28.98,9.3,-12.3%,-4.0%,-8.1%,-29.8%
LKQ,Extended,Autos,Consumer Discretionary,Consumer Discretionary Distrib,Adj,Dec,EPS,CY2026,,,,,,,,4.67,,4.178,-10.5%,3.996,-4.4%,3.853,-3.6%,3.769,-2.2%,3.418,-9.3%,3.299,-3.5%,3.039,-7.9%,28.98,9.5,-21.1%,-4.0%,-8.1%,-29.8%
LKQ,Extended,Autos,Consumer Discretionary,Consumer Discretionary Distrib,Adj,Dec,EPS,CY2027,,,,,,,,4.99,,4.38,-12.2%,4.137,-5.5%,4.067,-1.7%,4.018,-1.2%,3.685,-8.3%,3.478,-5.6%,3.324,-4.4%,28.98,8.7,-18.3%,-4.0%,-8.1%,-29.8%
LKQ,Extended,Autos,Consumer Discretionary,Consumer Discretionary Distrib,Adj,Dec,EPS,CY2028,,,,,,,,5.105,,4.5,-11.9%,4.17,-7.3%,4.31,+3.4%,4.04,-6.3%,,,3.39,-16.1%,3.54,+4.4%,28.98,8.2,-17.9%,-4.0%,-8.1%,-29.8%
WAB,Extended,Auto / Truck Supply Chain,Industrials,Capital Goods,Adj,Dec,EPS,CY2025,,,,,,,,8.213,,8.416,+2.5%,8.629,+2.5%,8.63,+0.0%,8.733,+1.2%,8.975,+2.8%,8.971,-0.0%,8.968,-0.0%,254.03,28.3,+3.9%,+19.0%,+15.0%,+57.8%
WAB,Extended,Auto / Truck Supply Chain,Industrials,Capital Goods,Adj,Dec,EPS,CY2026,,,,,,,,9.273,,9.413,+1.5%,9.685,+2.9%,9.793,+1.1%,9.739,-0.6%,10.074,+3.4%,10.195,+1.2%,10.424,+2.2%,254.03,24.4,+6.4%,+19.0%,+15.0%,+57.8%
WAB,Extended,Auto / Truck Supply Chain,Industrials,Capital Goods,Adj,Dec,EPS,CY2027,,,,,,,,10.85,,11.02,+1.6%,10.865,-1.4%,10.93,+0.6%,10.801,-1.2%,11.203,+3.7%,11.279,+0.7%,11.874,+5.3%,254.03,21.4,+8.6%,+19.0%,+15.0%,+57.8%
WAB,Extended,Auto / Truck Supply Chain,Industrials,Capital Goods,Adj,Dec,EPS,CY2028,,,,,,,,,,,,,,11.745,,11.31,-3.7%,12.087,+6.9%,13.39,+10.8%,13.258,-1.0%,254.03,19.2,+12.9%,+19.0%,+15.0%,+57.8%
ALSN,Extended,Auto / Truck Supply Chain,Industrials,Capital Goods,Adj,Dec,EPS,CY2025,,,,,,,,8.922,,9.097,+2.0%,9.315,+2.4%,8.907,-4.4%,8.826,-0.9%,8.052,-8.8%,7.72,-4.1%,7.72,+0.0%,117.46,15.2,-13.3%,+20.0%,+15.6%,+36.7%
ALSN,Extended,Auto / Truck Supply Chain,Industrials,Capital Goods,Adj,Dec,EPS,CY2026,,,,,,,,11.072,,10.707,-3.3%,10.874,+1.6%,10.467,-3.7%,9.971,-4.7%,9.444,-5.3%,8.176,-13.4%,8.78,+7.4%,117.46,13.4,-16.1%,+20.0%,+15.6%,+36.7%
ALSN,Extended,Auto / Truck Supply Chain,Industrials,Capital Goods,Adj,Dec,EPS,CY2027,,,,,,,,9.79,,9.66,-1.3%,10.16,+5.2%,10.028,-1.3%,11.02,+9.9%,11.638,+5.6%,9.815,-15.7%,10.89,+11.0%,117.46,10.8,+8.6%,+20.0%,+15.6%,+36.7%
ALSN,Extended,Auto / Truck Supply Chain,Industrials,Capital Goods,Adj,Dec,EPS,CY2028,,,,,,,,10.46,,10.31,-1.4%,10.85,+5.2%,12.97,+19.5%,12.87,-0.8%,14.93,+16.0%,14.39,-3.6%,12.963,-9.9%,117.46,9.1,-0.1%,+20.0%,+15.6%,+36.7%
GNTX,Extended,Auto / Truck Supply Chain,Consumer Discretionary,Automobiles & Components,Adj,Dec,EPS,CY2025,,,,,,,,2.442,,2.279,-6.7%,2.087,-8.4%,1.903,-8.8%,1.638,-13.9%,1.773,+8.2%,1.783,+0.6%,1.791,+0.4%,21.5,12.0,-5.9%,-7.6%,-12.2%,-2.9%
GNTX,Extended,Auto / Truck Supply Chain,Consumer Discretionary,Automobiles & Components,Adj,Dec,EPS,CY2026,,,,,,,,2.627,,2.452,-6.7%,2.292,-6.5%,2.165,-5.5%,1.857,-14.2%,1.993,+7.3%,1.959,-1.7%,1.946,-0.7%,21.5,11.0,-10.1%,-7.6%,-12.2%,-2.9%
GNTX,Extended,Auto / Truck Supply Chain,Consumer Discretionary,Automobiles & Components,Adj,Dec,EPS,CY2027,,,,,,,,2.66,,2.61,-1.9%,2.68,+2.7%,2.422,-9.6%,2.115,-12.7%,2.29,+8.3%,2.24,-2.2%,2.151,-4.0%,21.5,10.0,-11.2%,-7.6%,-12.2%,-2.9%
GNTX,Extended,Auto / Truck Supply Chain,Consumer Discretionary,Automobiles & Components,Adj,Dec,EPS,CY2028,,,,,,,,3.01,,2.95,-2.0%,3.07,+4.1%,3.19,+3.9%,3.13,-1.9%,3.04,-2.9%,2.96,-2.6%,2.492,-15.8%,21.5,8.6,-21.9%,-7.6%,-12.2%,-2.9%
TEL,Extended,Auto / Truck Supply Chain,Information Technology,Technology Hardware & Equipmen,Adj,Sep,EPS,CY2025,,,,,,,,8.319,,8.232,-1.0%,8.073,-1.9%,8.095,+0.3%,8.226,+1.6%,8.601,+4.6%,8.609,+0.1%,,,209.73,24.4,+6.6%,-7.8%,-9.3%,+71.9%
TEL,Extended,Auto / Truck Supply Chain,Information Technology,Technology Hardware & Equipmen,Adj,Sep,EPS,CY2026,,,,,,,,9.356,,9.228,-1.4%,8.971,-2.8%,8.967,-0.0%,9.007,+0.4%,9.603,+6.6%,10.693,+11.4%,11.055,+3.4%,209.73,19.0,+23.3%,-7.8%,-9.3%,+71.9%
TEL,Extended,Auto / Truck Supply Chain,Information Technology,Technology Hardware & Equipmen,Adj,Sep,EPS,CY2027,,,,,,,,9.827,,9.855,+0.3%,9.777,-0.8%,9.837,+0.6%,9.97,+1.4%,10.672,+7.0%,12.047,+12.9%,12.336,+2.4%,209.73,17.0,+25.4%,-7.8%,-9.3%,+71.9%
TEL,Extended,Auto / Truck Supply Chain,Information Technology,Technology Hardware & Equipmen,Adj,Sep,EPS,CY2028,,,,,,,,10.617,,10.675,+0.5%,10.738,+0.6%,10.928,+1.8%,11.122,+1.8%,12.1,+8.8%,13.426,+11.0%,13.686,+1.9%,209.73,15.3,+25.2%,-7.8%,-9.3%,+71.9%
GT,Extended,Auto / Truck Supply Chain,Consumer Discretionary,Automobiles & Components,Adj,Dec,EPS,CY2025,,,,,,,,1.719,,1.449,-15.7%,1.361,-6.1%,1.465,+7.6%,1.279,-12.7%,0.681,-46.8%,0.635,-6.8%,0.624,-1.7%,6.78,10.9,-57.4%,-22.6%,-26.8%,-30.1%
GT,Extended,Auto / Truck Supply Chain,Consumer Discretionary,Automobiles & Components,Adj,Dec,EPS,CY2026,,,,,,,,2.156,,1.688,-21.7%,1.813,+7.4%,1.981,+9.3%,1.927,-2.7%,1.279,-33.6%,1.104,-13.7%,0.631,-42.8%,6.78,10.7,-68.1%,-22.6%,-26.8%,-30.1%
GT,Extended,Auto / Truck Supply Chain,Consumer Discretionary,Automobiles & Components,Adj,Dec,EPS,CY2027,,,,,,,,1.78,,1.8,+1.1%,,,2.128,+18.2%,2.168,+1.9%,1.564,-27.9%,1.48,-5.4%,1.131,-23.6%,6.78,6.0,-46.9%,-22.6%,-26.8%,-30.1%
GT,Extended,Auto / Truck Supply Chain,Consumer Discretionary,Automobiles & Components,Adj,Dec,EPS,CY2028,,,,,,,,,,,,,,2.375,,2.51,+5.7%,1.9,-24.3%,1.76,-7.4%,1.434,-18.5%,6.78,4.7,-39.6%,-22.6%,-26.8%,-30.1%
TEN,Extended,Auto / Truck Supply Chain,Energy,Energy,Adj,Dec,EPS,CY2025,,,,,,,,8.925,,9.81,+9.9%,4.725,-51.8%,3.79,-19.8%,4.085,+7.8%,3.24,-20.7%,3.42,+5.6%,3.517,+2.8%,40.71,11.6,-7.2%,+81.6%,+82.7%,+194.8%
TEN,Extended,Auto / Truck Supply Chain,Energy,Energy,Adj,Dec,EPS,CY2026,,,,,,,,11.325,,13.56,+19.7%,7.995,-41.0%,5.19,-35.1%,6.985,+34.6%,6.14,-12.1%,4.85,-21.0%,5.39,+11.1%,40.71,7.6,+3.9%,+81.6%,+82.7%,+194.8%
TEN,Extended,Auto / Truck Supply Chain,Energy,Energy,Adj,Dec,EPS,CY2027,,,,,,,,,,,,,,,,8.2,,8.12,-1.0%,7.33,-9.7%,3.62,-50.6%,40.71,11.2,,+81.6%,+82.7%,+194.8%
TEN,Extended,Auto / Truck Supply Chain,Energy,Energy,Adj,Dec,EPS,CY2028,,,,,,,,,,,,,,,,9.67,,,,,,,,40.71,4.2,,+81.6%,+82.7%,+194.8%
LEA,Extended,Auto / Truck Supply Chain,Consumer Discretionary,Automobiles & Components,Adj,Dec,EPS,CY2025,,,,,,,,17.496,,15.31,-12.5%,13.357,-12.8%,12.581,-5.8%,11.773,-6.4%,12.307,+4.5%,12.131,-1.4%,12.247,+1.0%,118.31,9.7,-2.7%,+3.2%,-4.1%,+45.3%
LEA,Extended,Auto / Truck Supply Chain,Consumer Discretionary,Automobiles & Components,Adj,Dec,EPS,CY2026,,,,,,,,20.921,,17.881,-14.5%,15.885,-11.2%,15.163,-4.5%,13.816,-8.9%,14.018,+1.5%,14.08,+0.4%,14.405,+2.3%,118.31,8.2,-5.0%,+3.2%,-4.1%,+45.3%
LEA,Extended,Auto / Truck Supply Chain,Consumer Discretionary,Automobiles & Components,Adj,Dec,EPS,CY2027,,,,,,,,25.987,,21.917,-15.7%,19.77,-9.8%,18.231,-7.8%,16.931,-7.1%,16.567,-2.1%,16.255,-1.9%,16.934,+4.2%,118.31,7.0,-7.1%,+3.2%,-4.1%,+45.3%
LEA,Extended,Auto / Truck Supply Chain,Consumer Discretionary,Automobiles & Components,Adj,Dec,EPS,CY2028,,,,,,,,30.885,,27.47,-11.1%,24.02,-12.6%,22.327,-7.0%,22.183,-0.6%,19.673,-11.3%,19.32,-1.8%,19.126,-1.0%,118.31,6.2,-14.3%,+3.2%,-4.1%,+45.3%
ADNT,Extended,Auto / Truck Supply Chain,Consumer Discretionary,Automobiles & Components,Adj,Sep,EPS,CY2025,,,,,,,,3.472,,2.763,-20.4%,1.999,-27.7%,1.756,-12.2%,1.789,+1.9%,1.905,+6.5%,1.968,+3.3%,,,20.16,10.2,-1.6%,+5.2%,+3.2%,+73.6%
ADNT,Extended,Auto / Truck Supply Chain,Consumer Discretionary,Automobiles & Components,Adj,Sep,EPS,CY2026,,,,,,,,4.551,,3.773,-17.1%,3.227,-14.5%,2.615,-19.0%,2.207,-15.6%,2.308,+4.6%,1.933,-16.2%,2.113,+9.3%,20.16,9.5,-19.2%,+5.2%,+3.2%,+73.6%
ADNT,Extended,Auto / Truck Supply Chain,Consumer Discretionary,Automobiles & Components,Adj,Sep,EPS,CY2027,,,,,,,,6.82,,5.505,-19.3%,4.289,-22.1%,3.598,-16.1%,3.733,+3.8%,3.569,-4.4%,3.006,-15.8%,3.208,+6.7%,20.16,6.3,-10.8%,+5.2%,+3.2%,+73.6%
ADNT,Extended,Auto / Truck Supply Chain,Consumer Discretionary,Automobiles & Components,Adj,Sep,EPS,CY2028,,,,,,,,8.08,,7.1,-12.1%,6.41,-9.7%,6.723,+4.9%,6.667,-0.8%,6.0,-10.0%,4.163,-30.6%,4.526,+8.7%,20.16,4.5,-32.7%,+5.2%,+3.2%,+73.6%
JCI,Extended,Auto / Truck Supply Chain,Industrials,Capital Goods,Adj,Sep,EPS,CY2025,,,,,,,,4.088,,3.889,-4.9%,3.494,-10.2%,3.583,+2.5%,3.618,+1.0%,3.703,+2.3%,3.725,+0.6%,,,133.75,35.9,+6.6%,+11.7%,+17.4%,+86.5%
JCI,Extended,Auto / Truck Supply Chain,Industrials,Capital Goods,Adj,Sep,EPS,CY2026,,,,,,,,4.557,,4.427,-2.9%,4.109,-7.2%,4.187,+1.9%,4.268,+1.9%,4.407,+3.3%,4.599,+4.4%,4.748,+3.2%,133.75,28.2,+13.4%,+11.7%,+17.4%,+86.5%
JCI,Extended,Auto / Truck Supply Chain,Industrials,Capital Goods,Adj,Sep,EPS,CY2027,,,,,,,,5.113,,4.852,-5.1%,4.81,-0.9%,4.831,+0.4%,4.992,+3.3%,5.134,+2.8%,5.341,+4.0%,5.549,+3.9%,133.75,24.1,+14.9%,+11.7%,+17.4%,+86.5%
JCI,Extended,Auto / Truck Supply Chain,Industrials,Capital Goods,Adj,Sep,EPS,CY2028,,,,,,,,5.634,,5.382,-4.5%,5.562,+3.3%,5.643,+1.5%,5.792,+2.6%,5.84,+0.8%,6.063,+3.8%,6.319,+4.2%,133.75,21.2,+12.0%,+11.7%,+17.4%,+86.5%
LNR,Extended,Auto / Truck Supply Chain,Consumer Discretionary,Automobiles & Components,Adj,Dec,EPS,CY2025,,,,,,,,11.192,,10.714,-4.3%,9.928,-7.3%,9.922,-0.1%,10.126,+2.1%,10.072,-0.5%,10.054,-0.2%,10.188,+1.3%,85.7,8.4,+2.7%,+3.3%,-1.1%,+80.3%
LNR,Extended,Auto / Truck Supply Chain,Consumer Discretionary,Automobiles & Components,Adj,Dec,EPS,CY2026,,,,,,,,,,12.48,,12.64,+1.3%,11.33,-10.4%,10.656,-5.9%,10.82,+1.5%,11.398,+5.3%,11.262,-1.2%,85.7,7.6,-0.6%,+3.3%,-1.1%,+80.3%
LNR,Extended,Auto / Truck Supply Chain,Consumer Discretionary,Automobiles & Components,Adj,Dec,EPS,CY2027,,,,,,,,,,,,,,,,,,13.2,,13.88,+5.2%,13.04,-6.1%,85.7,6.6,,+3.3%,-1.1%,+80.3%
LNR,Extended,Auto / Truck Supply Chain,Consumer Discretionary,Automobiles & Components,Adj,Dec,EPS,CY2028,,,,,,,,,,,,,,,,,,,,,,,,85.7,,,+3.3%,-1.1%,+80.3%
CON,Extended,Auto / Truck Supply Chain,Consumer Discretionary,Automobiles & Components,Adj,Dec,EPS,CY2025,,,,,,,,9.999,,9.693,-3.1%,9.128,-5.8%,8.35,-8.5%,7.499,-10.2%,6.487,-13.5%,2.92,-55.0%,2.87,-1.7%,62.74,21.9,-65.6%,-7.7%,-7.9%,+42.7%
CON,Extended,Auto / Truck Supply Chain,Consumer Discretionary,Automobiles & Components,Adj,Dec,EPS,CY2026,,,,,,,,11.956,,11.599,-3.0%,10.875,-6.2%,10.302,-5.3%,9.075,-11.9%,7.858,-13.4%,6.679,-15.0%,6.413,-4.0%,62.74,9.8,-37.7%,-7.7%,-7.9%,+42.7%
CON,Extended,Auto / Truck Supply Chain,Consumer Discretionary,Automobiles & Components,Adj,Dec,EPS,CY2027,,,,,,,,13.195,,13.175,-0.2%,12.833,-2.6%,11.713,-8.7%,10.805,-7.8%,8.811,-18.5%,7.644,-13.2%,7.424,-2.9%,62.74,8.5,-36.6%,-7.7%,-7.9%,+42.7%
CON,Extended,Auto / Truck Supply Chain,Consumer Discretionary,Automobiles & Components,Adj,Dec,EPS,CY2028,,,,,,,,13.41,,12.845,-4.2%,12.485,-2.8%,12.195,-2.3%,12.143,-0.4%,8.45,-30.4%,8.42,-0.4%,7.84,-6.9%,62.74,8.0,-35.7%,-7.7%,-7.9%,+42.7%
PCAR,Extended,Auto / Truck Supply Chain,Industrials,Capital Goods,Adj,Dec,EPS,CY2025,,,,,,,,8.656,,8.14,-6.0%,7.689,-5.5%,7.347,-4.4%,5.655,-23.0%,5.332,-5.7%,4.972,-6.8%,4.977,+0.1%,118.32,23.8,-32.3%,+8.0%,+1.1%,+31.8%
PCAR,Extended,Auto / Truck Supply Chain,Industrials,Capital Goods,Adj,Dec,EPS,CY2026,,,,,,,,9.818,,9.302,-5.3%,9.152,-1.6%,8.518,-6.9%,6.969,-18.2%,6.546,-6.1%,5.707,-12.8%,5.701,-0.1%,118.32,20.8,-33.1%,+8.0%,+1.1%,+31.8%
PCAR,Extended,Auto / Truck Supply Chain,Industrials,Capital Goods,Adj,Dec,EPS,CY2027,,,,,,,,8.944,,8.384,-6.3%,8.287,-1.2%,7.841,-5.4%,7.099,-9.5%,7.173,+1.0%,6.943,-3.2%,6.825,-1.7%,118.32,17.3,-13.0%,+8.0%,+1.1%,+31.8%
PCAR,Extended,Auto / Truck Supply Chain,Industrials,Capital Goods,Adj,Dec,EPS,CY2028,,,,,,,,9.56,,8.77,-8.3%,8.34,-4.9%,8.435,+1.1%,7.96,-5.6%,8.318,+4.5%,7.708,-7.3%,7.58,-1.7%,118.32,15.6,-10.1%,+8.0%,+1.1%,+31.8%
HOG,Extended,Auto / Truck Supply Chain,Consumer Discretionary,Automobiles & Components,Adj,Dec,EPS,CY2025,,,,,,,,4.697,,4.642,-1.2%,4.102,-11.6%,3.2,-22.0%,2.545,-20.5%,4.102,+61.2%,4.048,-1.3%,4.041,-0.2%,21.0,5.2,+26.3%,+2.5%,-1.4%,-8.6%
HOG,Extended,Auto / Truck Supply Chain,Consumer Discretionary,Automobiles & Components,Adj,Dec,EPS,CY2026,,,,,,,,5.05,,5.115,+1.3%,4.923,-3.8%,4.131,-16.1%,3.305,-20.0%,2.655,-19.7%,2.105,-20.7%,0.281,-86.7%,21.0,74.7,-93.2%,+2.5%,-1.4%,-8.6%
HOG,Extended,Auto / Truck Supply Chain,Consumer Discretionary,Automobiles & Components,Adj,Dec,EPS,CY2027,,,,,,,,5.21,,5.54,+6.3%,5.28,-4.7%,4.528,-14.2%,3.965,-12.4%,3.683,-7.1%,2.945,-20.0%,1.589,-46.0%,21.0,13.2,-64.9%,+2.5%,-1.4%,-8.6%
HOG,Extended,Auto / Truck Supply Chain,Consumer Discretionary,Automobiles & Components,Adj,Dec,EPS,CY2028,,,,,,,,5.41,,5.77,+6.7%,5.49,-4.9%,4.51,-17.9%,4.14,-8.2%,4.88,+17.9%,5.04,+3.3%,2.18,-56.7%,21.0,9.6,-51.7%,+2.5%,-1.4%,-8.6%
GM,Extended,Auto / Truck Supply Chain,Consumer Discretionary,Automobiles & Components,Adj,Dec,EPS,CY2025,,,,,,,,9.581,,10.009,+4.5%,10.425,+4.2%,10.982,+5.3%,8.965,-18.4%,9.465,+5.6%,10.193,+7.7%,10.286,+0.9%,73.43,7.1,-6.3%,-9.7%,-10.6%,+66.2%
GM,Extended,Auto / Truck Supply Chain,Consumer Discretionary,Automobiles & Components,Adj,Dec,EPS,CY2026,,,,,,,,9.772,,9.712,-0.6%,10.32,+6.3%,11.598,+12.4%,9.106,-21.5%,9.868,+8.4%,11.533,+16.9%,12.266,+6.4%,73.43,6.0,+5.8%,-9.7%,-10.6%,+66.2%
GM,Extended,Auto / Truck Supply Chain,Consumer Discretionary,Automobiles & Components,Adj,Dec,EPS,CY2027,,,,,,,,9.867,,9.401,-4.7%,10.378,+10.4%,11.616,+11.9%,9.234,-20.5%,10.25,+11.0%,12.195,+19.0%,13.751,+12.8%,73.43,5.3,+18.4%,-9.7%,-10.6%,+66.2%
GM,Extended,Auto / Truck Supply Chain,Consumer Discretionary,Automobiles & Components,Adj,Dec,EPS,CY2028,,,,,,,,8.73,,8.815,+1.0%,9.687,+9.9%,11.897,+22.8%,10.237,-14.0%,11.207,+9.5%,11.901,+6.2%,12.907,+8.5%,73.43,5.7,+8.5%,-9.7%,-10.6%,+66.2%
BC,Extended,Auto / Truck Supply Chain,Consumer Discretionary,Consumer Durables & Apparel,Adj,Dec,EPS,CY2025,,,,,,,,8.519,,6.442,-24.4%,5.206,-19.2%,4.083,-21.6%,3.179,-22.1%,3.215,+1.1%,3.255,+1.2%,3.26,+0.2%,73.4,22.5,-20.2%,-1.1%,-12.3%,+57.2%
BC,Extended,Auto / Truck Supply Chain,Consumer Discretionary,Consumer Durables & Apparel,Adj,Dec,EPS,CY2026,,,,,,,,8.992,,7.302,-18.8%,6.361,-12.9%,5.359,-15.8%,4.199,-21.6%,4.201,+0.0%,4.143,-1.4%,4.254,+2.7%,73.4,17.3,-20.6%,-1.1%,-12.3%,+57.2%
BC,Extended,Auto / Truck Supply Chain,Consumer Discretionary,Consumer Durables & Apparel,Adj,Dec,EPS,CY2027,,,,,,,,12.09,,8.565,-29.2%,9.41,+9.9%,6.738,-28.4%,5.756,-14.6%,5.602,-2.7%,5.182,-7.5%,5.449,+5.2%,73.4,13.5,-19.1%,-1.1%,-12.3%,+57.2%
BC,Extended,Auto / Truck Supply Chain,Consumer Discretionary,Consumer Durables & Apparel,Adj,Dec,EPS,CY2028,,,,,,,,12.75,,10.78,-15.5%,10.38,-3.7%,10.63,+2.4%,10.21,-4.0%,9.49,-7.1%,7.34,-22.7%,6.603,-10.0%,73.4,11.1,-37.9%,-1.1%,-12.3%,+57.2%
F,Extended,Auto / Truck Supply Chain,Consumer Discretionary,Automobiles & Components,Adj,Dec,EPS,CY2025,,,,,,,,1.981,,1.855,-6.4%,1.658,-10.6%,1.332,-19.7%,1.074,-19.4%,1.148,+6.9%,1.065,-7.2%,1.141,+7.1%,11.61,10.2,-14.3%,-11.5%,-15.9%,+21.2%
F,Extended,Auto / Truck Supply Chain,Consumer Discretionary,Automobiles & Components,Adj,Dec,EPS,CY2026,,,,,,,,1.971,,1.85,-6.1%,1.748,-5.5%,1.585,-9.3%,1.32,-16.7%,1.349,+2.2%,1.487,+10.2%,1.524,+2.5%,11.61,7.6,-3.8%,-11.5%,-15.9%,+21.2%
F,Extended,Auto / Truck Supply Chain,Consumer Discretionary,Automobiles & Components,Adj,Dec,EPS,CY2027,,,,,,,,1.853,,1.744,-5.9%,1.984,+13.8%,1.707,-14.0%,1.488,-12.8%,1.511,+1.5%,1.651,+9.3%,1.846,+11.8%,11.61,6.3,+8.1%,-11.5%,-15.9%,+21.2%
F,Extended,Auto / Truck Supply Chain,Consumer Discretionary,Automobiles & Components,Adj,Dec,EPS,CY2028,,,,,,,,1.718,,1.772,+3.1%,2.2,+24.2%,1.674,-23.9%,1.747,+4.4%,1.727,-1.1%,1.805,+4.5%,1.965,+8.9%,11.61,5.9,+17.4%,-11.5%,-15.9%,+21.2%
STLA,Extended,Auto / Truck Supply Chain,Consumer Discretionary,Automobiles & Components,Adj,Dec,EPS,CY2025,,,,,,,,5.139,,4.075,-20.7%,2.733,-32.9%,2.19,-19.9%,1.431,-34.7%,0.581,-59.4%,0.6,+3.3%,-0.673,-212.2%,7.48,-11.1,-130.7%,-31.3%,-32.6%,-23.0%
STLA,Extended,Auto / Truck Supply Chain,Consumer Discretionary,Automobiles & Components,Adj,Dec,EPS,CY2026,,,,,,,,5.308,,4.36,-17.9%,3.172,-27.2%,2.724,-14.1%,2.147,-21.2%,1.708,-20.4%,1.648,-3.5%,0.833,-49.5%,7.48,9.0,-69.4%,-31.3%,-32.6%,-23.0%
STLA,Extended,Auto / Truck Supply Chain,Consumer Discretionary,Automobiles & Components,Adj,Dec,EPS,CY2027,,,,,,,,5.23,,4.256,-18.6%,3.459,-18.7%,3.152,-8.9%,2.785,-11.6%,2.295,-17.6%,2.218,-3.4%,1.506,-32.1%,7.48,5.0,-52.2%,-31.3%,-32.6%,-23.0%
STLA,Extended,Auto / Truck Supply Chain,Consumer Discretionary,Automobiles & Components,Adj,Dec,EPS,CY2028,,,,,,,,4.313,,4.135,-4.1%,3.73,-9.8%,3.236,-13.2%,3.238,+0.1%,2.543,-21.5%,2.517,-1.0%,1.861,-26.1%,7.48,4.0,-42.5%,-31.3%,-32.6%,-23.0%
EXO,Extended,Auto / Truck Supply Chain,Financials,Financial Services,Adj,Dec,EPS,CY2025,,,,,,,,14.443,,13.843,-4.2%,6.325,-54.3%,4.537,-28.3%,-1.04,-122.9%,8.28,+896.2%,3.988,-51.8%,14.0,+251.1%,67.35,4.8,+208.6%,-7.0%,-10.1%,-10.7%
EXO,Extended,Auto / Truck Supply Chain,Financials,Financial Services,Adj,Dec,EPS,CY2026,,,,,,,,15.22,,14.583,-4.2%,7.075,-51.5%,2.227,-68.5%,2.23,+0.1%,2.94,+31.8%,2.447,-16.8%,-3.675,-250.2%,67.35,-18.3,-265.0%,-7.0%,-10.1%,-10.7%
EXO,Extended,Auto / Truck Supply Chain,Financials,Financial Services,Adj,Dec,EPS,CY2027,,,,,,,,,,,,,,4.26,,4.16,-2.3%,3.405,-18.1%,3.19,-6.3%,2.65,-16.9%,67.35,25.4,-37.8%,-7.0%,-10.1%,-10.7%
EXO,Extended,Auto / Truck Supply Chain,Financials,Financial Services,Adj,Dec,EPS,CY2028,,,,,,,,,,,,,,,,,,4.34,,3.18,-26.7%,3.18,+0.0%,67.35,21.2,,-7.0%,-10.1%,-10.7%
VOW,Extended,Auto / Truck Supply Chain,Consumer Discretionary,Automobiles & Components,Adj,Dec,EPS,CY2025,,,,,,,,32.895,,28.764,-12.6%,25.372,-11.8%,24.048,-5.2%,18.794,-21.8%,13.387,-28.8%,10.838,-19.0%,11.133,+2.7%,89.4,8.0,-53.7%,-14.9%,-13.5%,+1.5%
VOW,Extended,Auto / Truck Supply Chain,Consumer Discretionary,Automobiles & Components,Adj,Dec,EPS,CY2026,,,,,,,,37.113,,33.024,-11.0%,29.321,-11.2%,27.502,-6.2%,25.137,-8.6%,24.454,-2.7%,22.355,-8.6%,20.46,-8.5%,89.4,4.4,-25.6%,-14.9%,-13.5%,+1.5%
VOW,Extended,Auto / Truck Supply Chain,Consumer Discretionary,Automobiles & Components,Adj,Dec,EPS,CY2027,,,,,,,,35.778,,34.44,-3.7%,32.128,-6.7%,31.174,-3.0%,30.059,-3.6%,29.277,-2.6%,27.779,-5.1%,24.122,-13.2%,89.4,3.7,-22.6%,-14.9%,-13.5%,+1.5%
VOW,Extended,Auto / Truck Supply Chain,Consumer Discretionary,Automobiles & Components,Adj,Dec,EPS,CY2028,,,,,,,,38.833,,36.592,-5.8%,34.034,-7.0%,35.716,+4.9%,34.266,-4.1%,32.982,-3.7%,36.36,+10.2%,28.77,-20.9%,89.4,3.1,-19.4%,-14.9%,-13.5%,+1.5%
BMW,Extended,Auto / Truck Supply Chain,Consumer Discretionary,Automobiles & Components,Adj,Dec,EPS,CY2025,,,,,,,,16.594,,14.323,-13.7%,12.91,-9.9%,11.748,-9.0%,10.369,-11.7%,10.961,+5.7%,10.659,-2.8%,10.683,+0.2%,79.24,7.4,-9.1%,-14.9%,-14.9%,+18.1%
BMW,Extended,Auto / Truck Supply Chain,Consumer Discretionary,Automobiles & Components,Adj,Dec,EPS,CY2026,,,,,,,,16.872,,15.392,-8.8%,13.789,-10.4%,13.005,-5.7%,11.595,-10.8%,11.845,+2.2%,11.394,-3.8%,10.684,-6.2%,79.24,7.4,-17.8%,-14.9%,-14.9%,+18.1%
BMW,Extended,Auto / Truck Supply Chain,Consumer Discretionary,Automobiles & Components,Adj,Dec,EPS,CY2027,,,,,,,,18.144,,17.03,-6.1%,15.618,-8.3%,14.508,-7.1%,13.068,-9.9%,13.573,+3.9%,13.067,-3.7%,12.244,-6.3%,79.24,6.5,-15.6%,-14.9%,-14.9%,+18.1%
BMW,Extended,Auto / Truck Supply Chain,Consumer Discretionary,Automobiles & Components,Adj,Dec,EPS,CY2028,,,,,,,,18.155,,18.503,+1.9%,16.923,-8.5%,15.81,-6.6%,13.186,-16.6%,14.73,+11.7%,14.87,+1.0%,14.019,-5.7%,79.24,5.7,-11.3%,-14.9%,-14.9%,+18.1%
005380,Extended,Auto / Truck Supply Chain,Consumer Discretionary,Automobiles & Components,GAAP,Dec,EPS,CY2025,,,,,,,,51209.098,,53447.646,+4.4%,53578.601,+0.2%,51970.804,-3.0%,48413.927,-6.8%,45487.838,-6.0%,44387.52,-2.4%,45332.066,+2.1%,478000.0,10.5,-12.8%,+60.9%,+33.9%,+166.9%
005380,Extended,Auto / Truck Supply Chain,Consumer Discretionary,Automobiles & Components,GAAP,Dec,EPS,CY2026,,,,,,,,53863.116,,55965.325,+3.9%,54964.82,-1.8%,53814.405,-2.1%,48383.779,-10.1%,45514.268,-5.9%,47239.334,+3.8%,46850.751,-0.8%,478000.0,10.2,-12.9%,+60.9%,+33.9%,+166.9%
005380,Extended,Auto / Truck Supply Chain,Consumer Discretionary,Automobiles & Components,GAAP,Dec,EPS,CY2027,,,,,,,,76152.0,,76370.0,+0.3%,69449.97,-9.1%,59215.563,-14.7%,48672.723,-17.8%,48282.24,-0.8%,50173.713,+3.9%,51276.893,+2.2%,478000.0,9.3,-13.4%,+60.9%,+33.9%,+166.9%
005380,Extended,Auto / Truck Supply Chain,Consumer Discretionary,Automobiles & Components,GAAP,Dec,EPS,CY2028,,,,,,,,,,,,,,,,79918.0,,69537.0,-13.0%,72667.0,+4.5%,52174.881,-28.2%,478000.0,9.2,,+60.9%,+33.9%,+166.9%
ECL,Extended,Recurring services,Materials,Materials,Adj,Dec,EPS,CY2025,,,,,,,,7.432,,7.493,+0.8%,7.483,-0.1%,7.524,+0.5%,7.503,-0.3%,7.531,+0.4%,7.527,-0.1%,7.523,-0.1%,267.03,35.5,-0.0%,+1.7%,-1.7%,+12.3%
ECL,Extended,Recurring services,Materials,Materials,Adj,Dec,EPS,CY2026,,,,,,,,8.407,,8.446,+0.5%,8.454,+0.1%,8.514,+0.7%,8.433,-1.0%,8.524,+1.1%,8.47,-0.6%,8.457,-0.2%,267.03,31.6,-0.7%,+1.7%,-1.7%,+12.3%
ECL,Extended,Recurring services,Materials,Materials,Adj,Dec,EPS,CY2027,,,,,,,,9.14,,9.625,+5.3%,9.559,-0.7%,9.695,+1.4%,9.575,-1.2%,9.672,+1.0%,9.623,-0.5%,9.668,+0.5%,267.03,27.6,-0.3%,+1.7%,-1.7%,+12.3%
ECL,Extended,Recurring services,Materials,Materials,Adj,Dec,EPS,CY2028,,,,,,,,9.897,,9.864,-0.3%,9.876,+0.1%,10.342,+4.7%,10.197,-1.4%,10.393,+1.9%,10.487,+0.9%,10.734,+2.4%,267.03,24.9,+3.8%,+1.7%,-1.7%,+12.3%
CLH,Extended,Recurring services,Industrials,Commercial & Professional Serv,Adj,Dec,EPS,CY2025,,,,,,,,8.838,,8.844,+0.1%,8.287,-6.3%,7.632,-7.9%,7.604,-0.4%,7.586,-0.2%,7.253,-4.4%,7.251,-0.0%,299.64,41.3,-5.0%,+27.8%,+22.3%,+58.3%
CLH,Extended,Recurring services,Industrials,Commercial & Professional Serv,Adj,Dec,EPS,CY2026,,,,,,,,10.322,,10.2,-1.2%,9.628,-5.6%,9.025,-6.3%,9.07,+0.5%,9.021,-0.5%,8.015,-11.2%,8.278,+3.3%,299.64,36.2,-8.3%,+27.8%,+22.3%,+58.3%
CLH,Extended,Recurring services,Industrials,Commercial & Professional Serv,Adj,Dec,EPS,CY2027,,,,,,,,11.24,,11.35,+1.0%,10.92,-3.8%,10.526,-3.6%,11.342,+7.8%,11.184,-1.4%,9.165,-18.1%,9.332,+1.8%,299.64,32.1,-11.3%,+27.8%,+22.3%,+58.3%
CLH,Extended,Recurring services,Industrials,Commercial & Professional Serv,Adj,Dec,EPS,CY2028,,,,,,,,12.33,,12.6,+2.2%,11.997,-4.8%,11.875,-1.0%,12.01,+1.1%,12.075,+0.5%,11.16,-7.6%,10.509,-5.8%,299.64,28.5,-11.5%,+27.8%,+22.3%,+58.3%
PSA,Extended,Recurring services,Real Estate,Equity Real Estate Investment,Adj,Dec,EPS,CY2025,,,,,,,,10.931,,10.668,-2.4%,10.553,-1.1%,10.131,-4.0%,9.825,-3.0%,9.105,-7.3%,9.078,-0.3%,8.978,-1.1%,280.89,31.3,-11.4%,+8.2%,+3.9%,-1.3%
PSA,Extended,Recurring services,Real Estate,Equity Real Estate Investment,Adj,Dec,EPS,CY2026,,,,,,,,11.584,,11.488,-0.8%,11.226,-2.3%,10.797,-3.8%,10.68,-1.1%,10.919,+2.2%,10.365,-5.1%,9.73,-6.1%,280.89,28.9,-9.9%,+8.2%,+3.9%,-1.3%
PSA,Extended,Recurring services,Real Estate,Equity Real Estate Investment,Adj,Dec,EPS,CY2027,,,,,,,,12.292,,12.466,+1.4%,12.238,-1.8%,11.392,-6.9%,11.328,-0.6%,11.653,+2.9%,10.858,-6.8%,10.097,-7.0%,280.89,27.8,-11.4%,+8.2%,+3.9%,-1.3%
PSA,Extended,Recurring services,Real Estate,Equity Real Estate Investment,Adj,Dec,EPS,CY2028,,,,,,,,13.265,,13.278,+0.1%,13.183,-0.7%,12.372,-6.2%,12.232,-1.1%,13.213,+8.0%,11.577,-12.4%,10.756,-7.1%,280.89,26.1,-13.1%,+8.2%,+3.9%,-1.3%
EXR,Extended,Recurring services,Real Estate,Equity Real Estate Investment,Adj,Dec,EPS,CY2025,,,,,,,,4.802,,4.745,-1.2%,4.698,-1.0%,4.749,+1.1%,4.795,+1.0%,4.773,-0.5%,4.457,-6.6%,4.535,+1.8%,134.06,29.6,-4.5%,+2.9%,-1.0%,-3.0%
EXR,Extended,Recurring services,Real Estate,Equity Real Estate Investment,Adj,Dec,EPS,CY2026,,,,,,,,5.196,,5.255,+1.1%,5.061,-3.7%,5.118,+1.1%,5.19,+1.4%,4.907,-5.5%,4.897,-0.2%,4.653,-5.0%,134.06,28.8,-9.1%,+2.9%,-1.0%,-3.0%
EXR,Extended,Recurring services,Real Estate,Equity Real Estate Investment,Adj,Dec,EPS,CY2027,,,,,,,,5.558,,5.94,+6.9%,5.813,-2.1%,5.229,-10.0%,5.236,+0.1%,5.192,-0.8%,5.158,-0.7%,4.869,-5.6%,134.06,27.5,-6.9%,+2.9%,-1.0%,-3.0%
EXR,Extended,Recurring services,Real Estate,Equity Real Estate Investment,Adj,Dec,EPS,CY2028,,,,,,,,6.093,,6.47,+6.2%,6.38,-1.4%,5.656,-11.3%,5.772,+2.1%,5.688,-1.5%,5.576,-2.0%,5.151,-7.6%,134.06,26.0,-8.9%,+2.9%,-1.0%,-3.0%
SCI,Extended,Recurring services,Consumer Discretionary,Consumer Services,Adj,Dec,EPS,CY2025,,,,,,,,4.032,,3.93,-2.5%,3.96,+0.8%,3.84,-3.0%,3.784,-1.5%,3.828,+1.2%,3.854,+0.7%,3.852,-0.1%,82.6,21.4,+0.3%,+5.9%,+3.9%,+7.2%
SCI,Extended,Recurring services,Consumer Discretionary,Consumer Services,Adj,Dec,EPS,CY2026,,,,,,,,4.445,,4.33,-2.6%,4.368,+0.9%,4.232,-3.1%,4.174,-1.4%,4.22,+1.1%,4.244,+0.6%,4.2,-1.0%,82.6,19.7,-0.8%,+5.9%,+3.9%,+7.2%
SCI,Extended,Recurring services,Consumer Discretionary,Consumer Services,Adj,Dec,EPS,CY2027,,,,,,,,,,,,,,4.83,,4.78,-1.0%,4.66,-2.5%,4.675,+0.3%,4.628,-1.0%,82.6,17.8,-4.2%,+5.9%,+3.9%,+7.2%
SCI,Extended,Recurring services,Consumer Discretionary,Consumer Services,Adj,Dec,EPS,CY2028,,,,,,,,,,,,,,,,,,,,,,5.21,,82.6,15.9,,+5.9%,+3.9%,+7.2%
ADT,Extended,Recurring services,Consumer Discretionary,Consumer Services,Adj,Dec,EPS,CY2025,,,,,,,,0.737,,0.765,+3.8%,0.805,+5.2%,0.845,+5.0%,0.827,-2.1%,0.877,+6.0%,0.882,+0.6%,0.882,+0.0%,6.66,7.6,+4.4%,-17.5%,-18.8%,-16.5%
ADT,Extended,Recurring services,Consumer Discretionary,Consumer Services,Adj,Dec,EPS,CY2026,,,,,,,,0.72,,0.86,+19.4%,0.88,+2.3%,0.95,+8.0%,0.92,-3.2%,0.96,+4.3%,0.946,-1.5%,0.895,-5.4%,6.66,7.4,-5.8%,-17.5%,-18.8%,-16.5%
ADT,Extended,Recurring services,Consumer Discretionary,Consumer Services,Adj,Dec,EPS,CY2027,,,,,,,,,,,,,,1.02,,0.99,-2.9%,1.115,+12.6%,1.052,-5.7%,0.968,-8.0%,6.66,6.9,-5.1%,-17.5%,-18.8%,-16.5%
ADT,Extended,Recurring services,Consumer Discretionary,Consumer Services,Adj,Dec,EPS,CY2028,,,,,,,,,,,,,,,,,,1.37,,1.33,-2.9%,1.056,-20.6%,6.66,6.3,,-17.5%,-18.8%,-16.5%
IRM,Extended,Recurring services,Real Estate,Equity Real Estate Investment,Adj,Dec,EPS,CY2025,,,,,,,,2.151,,2.287,+6.3%,1.964,-14.1%,1.864,-5.1%,1.732,-7.1%,1.521,-12.2%,1.965,+29.2%,1.965,+0.0%,104.36,53.1,+5.4%,+25.8%,+23.0%,+35.2%
IRM,Extended,Recurring services,Real Estate,Equity Real Estate Investment,Adj,Dec,EPS,CY2026,,,,,,,,2.538,,2.545,+0.3%,2.434,-4.4%,2.339,-3.9%,2.236,-4.4%,2.091,-6.5%,2.314,+10.7%,2.391,+3.3%,104.36,43.6,+2.2%,+25.8%,+23.0%,+35.2%
IRM,Extended,Recurring services,Real Estate,Equity Real Estate Investment,Adj,Dec,EPS,CY2027,,,,,,,,4.37,,3.42,-21.7%,3.2,-6.4%,2.682,-16.2%,2.69,+0.3%,2.52,-6.3%,2.676,+6.2%,2.701,+0.9%,104.36,38.6,+0.7%,+25.8%,+23.0%,+35.2%
IRM,Extended,Recurring services,Real Estate,Equity Real Estate Investment,Adj,Dec,EPS,CY2028,,,,,,,,,,2.94,,2.7,-8.2%,3.495,+29.4%,3.495,+0.0%,2.697,-22.8%,3.065,+13.6%,3.198,+4.3%,104.36,32.6,-8.5%,+25.8%,+23.0%,+35.2%
SECUB,Extended,Recurring services,Industrials,Commercial & Professional Serv,Adj,Dec,EPS,CY2025,,,,,,,,12.229,,12.361,+1.1%,12.627,+2.2%,12.782,+1.2%,11.936,-6.6%,12.158,+1.9%,12.033,-1.0%,12.154,+1.0%,163.0,13.4,-4.9%,+10.7%,+10.8%,+25.7%
SECUB,Extended,Recurring services,Industrials,Commercial & Professional Serv,Adj,Dec,EPS,CY2026,,,,,,,,13.426,,13.553,+0.9%,13.862,+2.3%,14.09,+1.6%,13.106,-7.0%,13.077,-0.2%,12.903,-1.3%,12.988,+0.7%,163.0,12.6,-7.8%,+10.7%,+10.8%,+25.7%
SECUB,Extended,Recurring services,Industrials,Commercial & Professional Serv,Adj,Dec,EPS,CY2027,,,,,,,,15.713,,14.733,-6.2%,15.846,+7.6%,15.292,-3.5%,14.226,-7.0%,14.154,-0.5%,13.974,-1.3%,14.061,+0.6%,163.0,11.6,-8.0%,+10.7%,+10.8%,+25.7%
SECUB,Extended,Recurring services,Industrials,Commercial & Professional Serv,Adj,Dec,EPS,CY2028,,,,,,,,16.83,,14.975,-11.0%,16.828,+12.4%,16.686,-0.8%,14.858,-11.0%,15.875,+6.8%,15.527,-2.2%,15.056,-3.0%,163.0,10.8,-9.8%,+10.7%,+10.8%,+25.7%
CTAS,Extended,Recurring services,Industrials,Commercial & Professional Serv,Adj,May,EPS,CY2025,,,,,,,,4.113,,4.214,+2.5%,4.323,+2.6%,4.379,+1.3%,4.388,+0.2%,4.388,+0.0%,,,,,171.69,39.1,+4.1%,-8.7%,-8.4%,-9.8%
CTAS,Extended,Recurring services,Industrials,Commercial & Professional Serv,Adj,May,EPS,CY2026,,,,,,,,4.528,,4.679,+3.3%,4.774,+2.0%,4.834,+1.3%,4.857,+0.5%,4.843,-0.3%,4.876,+0.7%,4.895,+0.4%,171.69,35.1,+1.3%,-8.7%,-8.4%,-9.8%
CTAS,Extended,Recurring services,Industrials,Commercial & Professional Serv,Adj,May,EPS,CY2027,,,,,,,,5.116,,5.206,+1.8%,5.312,+2.0%,5.362,+0.9%,5.373,+0.2%,5.359,-0.3%,5.412,+1.0%,5.438,+0.5%,171.69,31.6,+1.4%,-8.7%,-8.4%,-9.8%
CTAS,Extended,Recurring services,Industrials,Commercial & Professional Serv,Adj,May,EPS,CY2028,,,,,,,,5.527,,4.997,-9.6%,5.122,+2.5%,5.188,+1.3%,6.085,+17.3%,5.982,-1.7%,5.964,-0.3%,6.033,+1.2%,171.69,28.5,+16.3%,-8.7%,-8.4%,-9.8%
ROL,Extended,Recurring services,Industrials,Commercial & Professional Serv,Adj,Dec,EPS,CY2025,,,,,,,,1.118,,1.138,+1.8%,1.109,-2.5%,1.11,+0.1%,1.114,+0.4%,1.113,-0.1%,1.139,+2.3%,1.139,+0.0%,54.13,47.5,+2.6%,-9.8%,-9.0%,+3.7%
ROL,Extended,Recurring services,Industrials,Commercial & Professional Serv,Adj,Dec,EPS,CY2026,,,,,,,,1.243,,1.253,+0.8%,1.243,-0.8%,1.246,+0.2%,1.248,+0.2%,1.248,+0.0%,1.274,+2.1%,1.241,-2.6%,54.13,43.6,-0.4%,-9.8%,-9.0%,+3.7%
ROL,Extended,Recurring services,Industrials,Commercial & Professional Serv,Adj,Dec,EPS,CY2027,,,,,,,,1.365,,1.394,+2.1%,1.383,-0.8%,1.381,-0.1%,1.383,+0.1%,1.385,+0.1%,1.418,+2.4%,1.388,-2.1%,54.13,39.0,+0.5%,-9.8%,-9.0%,+3.7%
ROL,Extended,Recurring services,Industrials,Commercial & Professional Serv,Adj,Dec,EPS,CY2028,,,,,,,,1.503,,1.547,+2.9%,1.527,-1.3%,1.5,-1.8%,1.498,-0.1%,1.508,+0.7%,1.573,+4.3%,1.539,-2.2%,54.13,35.2,+2.6%,-9.8%,-9.0%,+3.7%
TRUP,Extended,Recurring services,Financials,Insurance,Adj,Dec,EPS,CY2025,,,,,,,,0.45,,0.737,+63.8%,0.715,-3.0%,1.805,+152.4%,1.78,-1.4%,0.36,-79.8%,0.45,+25.0%,,,25.79,57.3,-37.1%,-31.0%,-29.3%,-24.9%
TRUP,Extended,Recurring services,Financials,Insurance,Adj,Dec,EPS,CY2026,,,,,,,,,,1.24,,1.16,-6.5%,2.225,+91.8%,2.3,+3.4%,0.43,-81.3%,0.29,-32.6%,,,25.79,88.9,-75.0%,-31.0%,-29.3%,-24.9%
TRUP,Extended,Recurring services,Financials,Insurance,Adj,Dec,EPS,CY2027,,,,,,,,,,1.45,,1.34,-7.6%,,,,,,,,,,,25.79,19.2,,-31.0%,-29.3%,-24.9%
TRUP,Extended,Recurring services,Financials,Insurance,Adj,Dec,EPS,CY2028,,,,,,,,,,1.7,,1.55,-8.8%,,,,,,,,,,,25.79,16.6,,-31.0%,-29.3%,-24.9%
WAT,Extended,Instruments,Health Care,"Pharmaceuticals, Biotechnology",Adj,Dec,EPS,CY2025,,,,,,,,12.982,,12.715,-2.1%,12.893,+1.4%,12.874,-0.1%,12.949,+0.6%,12.992,+0.3%,13.119,+1.0%,13.117,-0.0%,304.09,23.2,+1.9%,-19.9%,-24.1%,-6.4%
WAT,Extended,Instruments,Health Care,"Pharmaceuticals, Biotechnology",Adj,Dec,EPS,CY2026,,,,,,,,14.255,,13.992,-1.8%,14.19,+1.4%,14.196,+0.0%,14.246,+0.4%,14.209,-0.3%,14.199,-0.1%,14.384,+1.3%,304.09,21.1,+1.3%,-19.9%,-24.1%,-6.4%
WAT,Extended,Instruments,Health Care,"Pharmaceuticals, Biotechnology",Adj,Dec,EPS,CY2027,,,,,,,,15.747,,15.508,-1.5%,15.798,+1.9%,15.775,-0.1%,15.798,+0.1%,15.65,-0.9%,15.662,+0.1%,16.343,+4.3%,304.09,18.6,+3.6%,-19.9%,-24.1%,-6.4%
WAT,Extended,Instruments,Health Care,"Pharmaceuticals, Biotechnology",Adj,Dec,EPS,CY2028,,,,,,,,17.39,,17.036,-2.0%,17.173,+0.8%,17.75,+3.4%,17.686,-0.4%,16.951,-4.2%,17.205,+1.5%,18.256,+6.1%,304.09,16.7,+2.9%,-19.9%,-24.1%,-6.4%
QGEN,Extended,Instruments,Health Care,"Pharmaceuticals, Biotechnology",Adj,Dec,EPS,CY2025,,,,,,,,2.469,,2.457,-0.5%,2.481,+1.0%,2.368,-4.6%,2.448,+3.4%,2.46,+0.5%,2.483,+0.9%,2.434,-2.0%,40.78,16.8,+2.8%,-9.5%,-13.4%,+6.4%
QGEN,Extended,Instruments,Health Care,"Pharmaceuticals, Biotechnology",Adj,Dec,EPS,CY2026,,,,,,,,2.72,,2.715,-0.2%,2.744,+1.1%,2.594,-5.5%,2.644,+1.9%,2.694,+1.9%,2.671,-0.9%,2.513,-5.9%,40.78,16.2,-3.1%,-9.5%,-13.4%,+6.4%
QGEN,Extended,Instruments,Health Care,"Pharmaceuticals, Biotechnology",Adj,Dec,EPS,CY2027,,,,,,,,2.981,,2.995,+0.5%,3.04,+1.5%,2.859,-6.0%,2.881,+0.8%,2.933,+1.8%,2.935,+0.1%,2.763,-5.9%,40.78,14.8,-3.4%,-9.5%,-13.4%,+6.4%
QGEN,Extended,Instruments,Health Care,"Pharmaceuticals, Biotechnology",Adj,Dec,EPS,CY2028,,,,,,,,3.254,,3.275,+0.6%,3.327,+1.6%,3.115,-6.4%,3.128,+0.4%,3.202,+2.4%,3.21,+0.2%,3.031,-5.6%,40.78,13.5,-2.7%,-9.5%,-13.4%,+6.4%
BRKR,Extended,Instruments,Health Care,"Pharmaceuticals, Biotechnology",Adj,Dec,EPS,CY2025,,,,,,,,3.123,,3.023,-3.2%,2.723,-9.9%,2.658,-2.4%,2.421,-8.9%,1.949,-19.5%,1.886,-3.2%,1.884,-0.1%,36.74,19.5,-29.1%,-22.0%,-30.2%,+0.8%
BRKR,Extended,Instruments,Health Care,"Pharmaceuticals, Biotechnology",Adj,Dec,EPS,CY2026,,,,,,,,3.613,,3.486,-3.5%,3.179,-8.8%,3.092,-2.7%,2.724,-11.9%,2.286,-16.1%,2.165,-5.3%,2.117,-2.2%,36.74,17.4,-31.5%,-22.0%,-30.2%,+0.8%
BRKR,Extended,Instruments,Health Care,"Pharmaceuticals, Biotechnology",Adj,Dec,EPS,CY2027,,,,,,,,4.03,,3.932,-2.4%,3.619,-8.0%,3.538,-2.2%,3.094,-12.5%,2.593,-16.2%,2.458,-5.2%,2.427,-1.3%,36.74,15.1,-31.4%,-22.0%,-30.2%,+0.8%
BRKR,Extended,Instruments,Health Care,"Pharmaceuticals, Biotechnology",Adj,Dec,EPS,CY2028,,,,,,,,4.53,,4.383,-3.2%,3.986,-9.1%,3.872,-2.9%,3.418,-11.7%,2.767,-19.0%,2.778,+0.4%,2.765,-0.5%,36.74,13.3,-28.6%,-22.0%,-30.2%,+0.8%
MTD,Extended,Instruments,Health Care,"Pharmaceuticals, Biotechnology",Adj,Dec,EPS,CY2025,,,,,,,,44.598,,44.234,-0.8%,42.319,-4.3%,42.72,+0.9%,41.536,-2.8%,42.005,+1.1%,42.19,+0.4%,42.192,+0.0%,1266.63,30.0,-1.2%,-9.1%,-14.7%,+23.9%
MTD,Extended,Instruments,Health Care,"Pharmaceuticals, Biotechnology",Adj,Dec,EPS,CY2026,,,,,,,,49.444,,48.971,-1.0%,47.357,-3.3%,47.157,-0.4%,45.956,-2.5%,46.099,+0.3%,45.745,-0.8%,46.505,+1.7%,1266.63,27.2,-1.4%,-9.1%,-14.7%,+23.9%
MTD,Extended,Instruments,Health Care,"Pharmaceuticals, Biotechnology",Adj,Dec,EPS,CY2027,,,,,,,,55.77,,54.994,-1.4%,53.583,-2.6%,53.242,-0.6%,51.804,-2.7%,51.656,-0.3%,50.584,-2.1%,51.146,+1.1%,1266.63,24.8,-3.9%,-9.1%,-14.7%,+23.9%
MTD,Extended,Instruments,Health Care,"Pharmaceuticals, Biotechnology",Adj,Dec,EPS,CY2028,,,,,,,,63.247,,61.173,-3.3%,59.798,-2.2%,58.222,-2.6%,56.938,-2.2%,56.863,-0.1%,56.197,-1.2%,56.72,+0.9%,1266.63,22.3,-2.6%,-9.1%,-14.7%,+23.9%
KEYS,Extended,Instruments,Information Technology,Technology Hardware & Equipmen,Adj,Oct,EPS,CY2025,,,,,,,,6.994,,6.974,-0.3%,6.933,-0.6%,7.028,+1.4%,7.022,-0.1%,7.071,+0.7%,7.075,+0.1%,,,292.92,41.4,+2.0%,+44.2%,+37.1%,+130.6%
KEYS,Extended,Instruments,Information Technology,Technology Hardware & Equipmen,Adj,Oct,EPS,CY2026,,,,,,,,8.377,,8.129,-3.0%,8.02,-1.3%,8.005,-0.2%,7.926,-1.0%,7.857,-0.9%,8.092,+3.0%,8.875,+9.7%,292.92,33.0,+10.9%,+44.2%,+37.1%,+130.6%
KEYS,Extended,Instruments,Information Technology,Technology Hardware & Equipmen,Adj,Oct,EPS,CY2027,,,,,,,,9.925,,8.983,-9.5%,9.098,+1.3%,9.058,-0.4%,8.962,-1.1%,8.82,-1.6%,9.268,+5.1%,10.265,+10.8%,292.92,28.5,+13.3%,+44.2%,+37.1%,+130.6%
KEYS,Extended,Instruments,Information Technology,Technology Hardware & Equipmen,Adj,Oct,EPS,CY2028,,,,,,,,11.135,,10.25,-7.9%,10.39,+1.4%,10.585,+1.9%,10.333,-2.4%,9.995,-3.3%,10.22,+2.3%,11.415,+11.7%,292.92,25.7,+7.8%,+44.2%,+37.1%,+130.6%
A,Extended,Instruments,Health Care,"Pharmaceuticals, Biotechnology",Adj,Oct,EPS,CY2025,,,,,,,,5.727,,5.651,-1.3%,5.567,-1.5%,5.567,+0.0%,5.577,+0.2%,5.574,-0.1%,5.574,+0.0%,,,114.84,20.6,+0.1%,-15.6%,-22.2%,+11.5%
A,Extended,Instruments,Health Care,"Pharmaceuticals, Biotechnology",Adj,Oct,EPS,CY2026,,,,,,,,6.331,,6.231,-1.6%,6.115,-1.9%,6.1,-0.2%,6.051,-0.8%,6.027,-0.4%,5.954,-1.2%,5.972,+0.3%,114.84,19.2,-2.1%,-15.6%,-22.2%,+11.5%
A,Extended,Instruments,Health Care,"Pharmaceuticals, Biotechnology",Adj,Oct,EPS,CY2027,,,,,,,,6.984,,6.91,-1.1%,6.753,-2.3%,6.742,-0.2%,6.7,-0.6%,6.665,-0.5%,6.551,-1.7%,6.566,+0.2%,114.84,17.5,-2.6%,-15.6%,-22.2%,+11.5%
A,Extended,Instruments,Health Care,"Pharmaceuticals, Biotechnology",Adj,Oct,EPS,CY2028,,,,,,,,7.93,,7.764,-2.1%,7.534,-3.0%,7.476,-0.8%,7.519,+0.6%,7.404,-1.5%,7.286,-1.6%,7.341,+0.8%,114.84,15.6,-1.8%,-15.6%,-22.2%,+11.5%
ILMN,Extended,Instruments,Health Care,"Pharmaceuticals, Biotechnology",Adj,Dec,EPS,CY2025,,,,,,,,3.166,,4.41,+39.3%,4.423,+0.3%,4.512,+2.0%,4.229,-6.3%,4.511,+6.7%,4.71,+4.4%,4.761,+1.1%,127.74,26.8,+5.5%,-2.6%,-13.2%,+72.2%
ILMN,Extended,Instruments,Health Care,"Pharmaceuticals, Biotechnology",Adj,Dec,EPS,CY2026,,,,,,,,4.091,,4.869,+19.0%,5.195,+6.7%,5.14,-1.1%,4.669,-9.2%,4.868,+4.3%,5.018,+3.1%,5.129,+2.2%,127.74,24.9,-0.2%,-2.6%,-13.2%,+72.2%
ILMN,Extended,Instruments,Health Care,"Pharmaceuticals, Biotechnology",Adj,Dec,EPS,CY2027,,,,,,,,6.106,,5.793,-5.1%,5.948,+2.7%,5.843,-1.8%,5.376,-8.0%,5.522,+2.7%,5.713,+3.5%,5.829,+2.0%,127.74,21.9,-0.2%,-2.6%,-13.2%,+72.2%
ILMN,Extended,Instruments,Health Care,"Pharmaceuticals, Biotechnology",Adj,Dec,EPS,CY2028,,,,,,,,7.568,,7.289,-3.7%,6.814,-6.5%,6.546,-3.9%,6.169,-5.8%,6.306,+2.2%,6.439,+2.1%,6.651,+3.3%,127.74,19.2,+1.6%,-2.6%,-13.2%,+72.2%
ABBV,Extended,Instruments,Health Care,"Pharmaceuticals, Biotechnology",GAAP,Dec,EPS,CY2025,,,,,,,,6.956,,7.226,+3.9%,7.865,+8.8%,7.36,-6.4%,8.069,+9.6%,6.274,-22.2%,5.067,-19.2%,4.258,-16.0%,206.69,48.5,-42.1%,-9.5%,-7.7%,+10.6%
ABBV,Extended,Instruments,Health Care,"Pharmaceuticals, Biotechnology",GAAP,Dec,EPS,CY2026,,,,,,,,8.718,,9.071,+4.0%,9.118,+0.5%,9.58,+5.1%,9.39,-2.0%,9.974,+6.2%,9.556,-4.2%,9.636,+0.8%,206.69,21.4,+0.6%,-9.5%,-7.7%,+10.6%
ABBV,Extended,Instruments,Health Care,"Pharmaceuticals, Biotechnology",GAAP,Dec,EPS,CY2027,,,,,,,,10.164,,10.692,+5.2%,10.8,+1.0%,10.963,+1.5%,11.065,+0.9%,11.628,+5.1%,11.797,+1.5%,11.379,-3.5%,206.69,18.2,+3.8%,-9.5%,-7.7%,+10.6%
ABBV,Extended,Instruments,Health Care,"Pharmaceuticals, Biotechnology",GAAP,Dec,EPS,CY2028,,,,,,,,11.704,,12.56,+7.3%,12.841,+2.2%,12.755,-0.7%,12.873,+0.9%,13.674,+6.2%,13.813,+1.0%,13.466,-2.5%,206.69,15.3,+5.6%,-9.5%,-7.7%,+10.6%
TGT,Extended,Retailers,Consumer Staples,Consumer Staples Distribution,Adj,Jan,EPS,CY2025,,,,,,,,10.435,,10.517,+0.8%,9.207,-12.5%,9.126,-0.9%,7.303,-20.0%,7.433,+1.8%,7.269,-2.2%,7.263,-0.1%,122.21,16.8,-20.4%,+25.0%,+17.2%,+27.7%
TGT,Extended,Retailers,Consumer Staples,Consumer Staples Distribution,Adj,Jan,EPS,CY2026,,,,,,,,10.994,,11.292,+2.7%,10.024,-11.2%,9.76,-2.6%,7.917,-18.9%,7.996,+1.0%,7.701,-3.7%,8.003,+3.9%,122.21,15.3,-18.0%,+25.0%,+17.2%,+27.7%
TGT,Extended,Retailers,Consumer Staples,Consumer Staples Distribution,Adj,Jan,EPS,CY2027,,,,,,,,11.847,,12.025,+1.5%,10.53,-12.4%,10.338,-1.8%,8.435,-18.4%,8.518,+1.0%,8.117,-4.7%,8.453,+4.1%,122.21,14.5,-18.2%,+25.0%,+17.2%,+27.7%
TGT,Extended,Retailers,Consumer Staples,Consumer Staples Distribution,Adj,Jan,EPS,CY2028,,,,,,,,13.074,,12.993,-0.6%,11.928,-8.2%,11.347,-4.9%,9.145,-19.4%,9.197,+0.6%,8.475,-7.9%,9.022,+6.5%,122.21,13.5,-20.5%,+25.0%,+17.2%,+27.7%
BJ,Extended,Retailers,Consumer Staples,Consumer Staples Distribution,Adj,Jan,EPS,CY2025,,,,,,,,4.366,,4.247,-2.7%,4.277,+0.7%,4.311,+0.8%,4.33,+0.4%,4.343,+0.3%,4.358,+0.3%,4.366,+0.2%,95.59,21.9,+1.3%,+6.2%,+5.2%,-17.2%
BJ,Extended,Retailers,Consumer Staples,Consumer Staples Distribution,Adj,Jan,EPS,CY2026,,,,,,,,4.769,,4.684,-1.8%,4.71,+0.6%,4.703,-0.1%,4.71,+0.1%,4.698,-0.3%,4.648,-1.1%,4.536,-2.4%,95.59,21.1,-3.6%,+6.2%,+5.2%,-17.2%
BJ,Extended,Retailers,Consumer Staples,Consumer Staples Distribution,Adj,Jan,EPS,CY2027,,,,,,,,5.363,,5.233,-2.4%,5.468,+4.5%,5.16,-5.6%,5.136,-0.5%,5.103,-0.6%,5.036,-1.3%,4.897,-2.8%,95.59,19.5,-5.1%,+6.2%,+5.2%,-17.2%
BJ,Extended,Retailers,Consumer Staples,Consumer Staples Distribution,Adj,Jan,EPS,CY2028,,,,,,,,5.81,,5.923,+1.9%,6.263,+5.7%,5.915,-5.6%,5.643,-4.6%,5.708,+1.2%,5.616,-1.6%,5.358,-4.6%,95.59,17.8,-9.4%,+6.2%,+5.2%,-17.2%
KSS,Extended,Retailers,Consumer Discretionary,Consumer Discretionary Distrib,Adj,Jan,EPS,CY2025,,,,,,,,2.068,,1.943,-6.0%,1.369,-29.5%,0.379,-72.3%,0.483,+27.4%,0.719,+48.9%,1.387,+92.9%,1.386,-0.1%,13.33,9.6,+265.7%,-34.7%,-39.7%,+85.9%
KSS,Extended,Retailers,Consumer Discretionary,Consumer Discretionary Distrib,Adj,Jan,EPS,CY2026,,,,,,,,2.257,,2.108,-6.6%,1.546,-26.7%,0.6,-61.2%,0.512,-14.7%,0.714,+39.5%,1.343,+88.1%,1.362,+1.4%,13.33,9.8,+127.0%,-34.7%,-39.7%,+85.9%
KSS,Extended,Retailers,Consumer Discretionary,Consumer Discretionary Distrib,Adj,Jan,EPS,CY2027,,,,,,,,4.11,,3.96,-3.6%,3.3,-16.7%,1.05,-68.2%,0.741,-29.4%,0.72,-2.8%,1.373,+90.7%,1.42,+3.4%,13.33,9.4,+35.2%,-34.7%,-39.7%,+85.9%
KSS,Extended,Retailers,Consumer Discretionary,Consumer Discretionary Distrib,Adj,Jan,EPS,CY2028,,,,,,,,4.3,,4.15,-3.5%,3.46,-16.6%,2.84,-17.9%,1.503,-47.1%,1.537,+2.3%,2.215,+44.1%,1.534,-30.7%,13.33,8.7,-46.0%,-34.7%,-39.7%,+85.9%
TJX,Extended,Retailers,Consumer Discretionary,Consumer Discretionary Distrib,Adj,Jan,EPS,CY2025,,,,,,,,4.547,,4.585,+0.8%,4.592,+0.2%,4.51,-1.8%,4.497,-0.3%,4.608,+2.5%,4.676,+1.5%,4.678,+0.0%,161.82,34.6,+3.7%,+5.3%,+5.1%,+32.5%
TJX,Extended,Retailers,Consumer Discretionary,Consumer Discretionary Distrib,Adj,Jan,EPS,CY2026,,,,,,,,5.009,,5.118,+2.2%,5.081,-0.7%,4.972,-2.1%,4.982,+0.2%,5.065,+1.7%,5.19,+2.5%,5.117,-1.4%,161.82,31.6,+2.9%,+5.3%,+5.1%,+32.5%
TJX,Extended,Retailers,Consumer Discretionary,Consumer Discretionary Distrib,Adj,Jan,EPS,CY2027,,,,,,,,5.328,,5.464,+2.6%,5.481,+0.3%,5.463,-0.3%,5.464,+0.0%,5.565,+1.8%,5.726,+2.9%,5.666,-1.0%,161.82,28.6,+3.7%,+5.3%,+5.1%,+32.5%
TJX,Extended,Retailers,Consumer Discretionary,Consumer Discretionary Distrib,Adj,Jan,EPS,CY2028,,,,,,,,5.792,,5.982,+3.3%,5.99,+0.1%,5.809,-3.0%,5.743,-1.1%,5.915,+3.0%,6.072,+2.7%,6.11,+0.6%,161.82,26.5,+5.2%,+5.3%,+5.1%,+32.5%
SIG,Extended,Retailers,Consumer Discretionary,Consumer Discretionary Distrib,Adj,Jan,EPS,CY2025,,,,,,,,11.76,,11.39,-3.1%,10.726,-5.8%,8.67,-19.2%,8.95,+3.2%,9.141,+2.1%,9.298,+1.7%,9.486,+2.0%,88.44,9.3,+9.4%,+6.7%,-4.6%,+61.1%
SIG,Extended,Retailers,Consumer Discretionary,Consumer Discretionary Distrib,Adj,Jan,EPS,CY2026,,,,,,,,14.085,,13.61,-3.4%,12.905,-5.2%,9.908,-23.2%,9.947,+0.4%,9.994,+0.5%,10.547,+5.5%,10.464,-0.8%,88.44,8.5,+5.6%,+6.7%,-4.6%,+61.1%
SIG,Extended,Retailers,Consumer Discretionary,Consumer Discretionary Distrib,Adj,Jan,EPS,CY2027,,,,,,,,,,,,,,10.2,,10.385,+1.8%,10.903,+5.0%,12.19,+11.8%,12.164,-0.2%,88.44,7.3,+19.3%,+6.7%,-4.6%,+61.1%
SIG,Extended,Retailers,Consumer Discretionary,Consumer Discretionary Distrib,Adj,Jan,EPS,CY2028,,,,,,,,,,,,,,10.33,,9.45,-8.5%,9.72,+2.9%,11.99,+23.4%,12.944,+8.0%,88.44,6.8,+25.3%,+6.7%,-4.6%,+61.1%
ROST,Extended,Retailers,Consumer Discretionary,Consumer Discretionary Distrib,Adj,Jan,EPS,CY2025,,,,,,,,6.593,,6.699,+1.6%,6.721,+0.3%,6.508,-3.2%,6.241,-4.1%,6.205,-0.6%,6.463,+4.2%,6.512,+0.8%,221.21,34.0,+0.1%,+22.8%,+18.0%,+69.8%
ROST,Extended,Retailers,Consumer Discretionary,Consumer Discretionary Distrib,Adj,Jan,EPS,CY2026,,,,,,,,7.209,,7.318,+1.5%,7.334,+0.2%,7.122,-2.9%,6.764,-5.0%,6.832,+1.0%,7.152,+4.7%,7.394,+3.4%,221.21,29.9,+3.8%,+22.8%,+18.0%,+69.8%
ROST,Extended,Retailers,Consumer Discretionary,Consumer Discretionary Distrib,Adj,Jan,EPS,CY2027,,,,,,,,8.304,,8.539,+2.8%,8.499,-0.5%,7.856,-7.6%,7.398,-5.8%,7.476,+1.1%,7.731,+3.4%,8.123,+5.1%,221.21,27.2,+3.4%,+22.8%,+18.0%,+69.8%
ROST,Extended,Retailers,Consumer Discretionary,Consumer Discretionary Distrib,Adj,Jan,EPS,CY2028,,,,,,,,9.297,,9.4,+1.1%,9.325,-0.8%,9.063,-2.8%,8.63,-4.8%,8.578,-0.6%,8.896,+3.7%,8.927,+0.3%,221.21,24.8,-1.5%,+22.8%,+18.0%,+69.8%
M,Extended,Retailers,Consumer Discretionary,Consumer Discretionary Distrib,Adj,Jan,EPS,CY2025,,,,,,,,2.757,,2.602,-5.6%,2.371,-8.9%,2.116,-10.8%,1.781,-15.8%,1.94,+8.9%,2.208,+13.8%,2.206,-0.1%,18.13,8.2,+4.3%,-17.8%,-21.9%,+59.3%
M,Extended,Retailers,Consumer Discretionary,Consumer Discretionary Distrib,Adj,Jan,EPS,CY2026,,,,,,,,2.864,,2.718,-5.1%,2.532,-6.8%,2.128,-16.0%,1.861,-12.5%,1.992,+7.0%,2.233,+12.1%,2.158,-3.4%,18.13,8.4,+1.4%,-17.8%,-21.9%,+59.3%
M,Extended,Retailers,Consumer Discretionary,Consumer Discretionary Distrib,Adj,Jan,EPS,CY2027,,,,,,,,3.35,,3.31,-1.2%,3.22,-2.7%,2.242,-30.4%,1.886,-15.9%,1.995,+5.8%,2.232,+11.9%,2.211,-0.9%,18.13,8.2,-1.4%,-17.8%,-21.9%,+59.3%
M,Extended,Retailers,Consumer Discretionary,Consumer Discretionary Distrib,Adj,Jan,EPS,CY2028,,,,,,,,3.54,,3.5,-1.1%,3.4,-2.9%,2.93,-13.8%,2.59,-11.6%,2.265,-12.5%,2.5,+10.4%,2.257,-9.7%,18.13,8.0,-23.0%,-17.8%,-21.9%,+59.3%
DKS,Extended,Retailers,Consumer Discretionary,Consumer Discretionary Distrib,Adj,Jan,EPS,CY2025,,,,,,,,14.743,,14.879,+0.9%,14.886,+0.0%,14.434,-3.0%,14.403,-0.2%,14.454,+0.4%,13.266,-8.2%,13.291,+0.2%,199.66,15.0,-7.9%,+0.9%,-8.0%,+9.2%
DKS,Extended,Retailers,Consumer Discretionary,Consumer Discretionary Distrib,Adj,Jan,EPS,CY2026,,,,,,,,15.833,,15.899,+0.4%,15.926,+0.2%,15.501,-2.7%,15.361,-0.9%,15.261,-0.7%,14.829,-2.8%,14.366,-3.1%,199.66,13.9,-7.3%,+0.9%,-8.0%,+9.2%
DKS,Extended,Retailers,Consumer Discretionary,Consumer Discretionary Distrib,Adj,Jan,EPS,CY2027,,,,,,,,16.856,,17.205,+2.1%,17.026,-1.0%,16.527,-2.9%,16.322,-1.2%,16.383,+0.4%,16.701,+1.9%,16.194,-3.0%,199.66,12.3,-2.0%,+0.9%,-8.0%,+9.2%
DKS,Extended,Retailers,Consumer Discretionary,Consumer Discretionary Distrib,Adj,Jan,EPS,CY2028,,,,,,,,18.264,,18.457,+1.1%,18.527,+0.4%,17.815,-3.8%,17.828,+0.1%,17.75,-0.4%,17.548,-1.1%,17.312,-1.3%,199.66,11.5,-2.8%,+0.9%,-8.0%,+9.2%
ZAL,Extended,Retailers,Consumer Discretionary,Consumer Discretionary Distrib,Adj,Dec,EPS,CY2025,,,,,,,,1.177,,1.174,-0.3%,1.154,-1.7%,1.224,+6.1%,1.25,+2.1%,1.31,+4.8%,1.2,-8.4%,1.091,-9.1%,21.0,19.2,-10.9%,-17.1%,-17.9%,-28.6%
ZAL,Extended,Retailers,Consumer Discretionary,Consumer Discretionary Distrib,Adj,Dec,EPS,CY2026,,,,,,,,1.495,,1.499,+0.3%,1.471,-1.9%,1.523,+3.5%,1.558,+2.3%,1.522,-2.3%,1.542,+1.3%,1.293,-16.1%,21.0,16.2,-15.1%,-17.1%,-17.9%,-28.6%
ZAL,Extended,Retailers,Consumer Discretionary,Consumer Discretionary Distrib,Adj,Dec,EPS,CY2027,,,,,,,,1.678,,2.012,+19.9%,1.76,-12.5%,1.853,+5.3%,1.866,+0.7%,1.897,+1.7%,1.915,+0.9%,1.836,-4.1%,21.0,11.4,-0.9%,-17.1%,-17.9%,-28.6%
ZAL,Extended,Retailers,Consumer Discretionary,Consumer Discretionary Distrib,Adj,Dec,EPS,CY2028,,,,,,,,1.983,,2.338,+17.9%,2.143,-8.3%,2.192,+2.3%,2.141,-2.3%,2.286,+6.8%,2.282,-0.2%,2.235,-2.1%,21.0,9.4,+2.0%,-17.1%,-17.9%,-28.6%
CHWY,Extended,Retailers,Consumer Discretionary,Consumer Discretionary Distrib,Adj,Jan,EPS,CY2025,,,,,,,,0.944,,1.069,+13.2%,1.094,+2.3%,1.163,+6.3%,1.236,+6.3%,1.271,+2.8%,1.262,-0.7%,1.267,+0.4%,26.54,20.9,+8.9%,-19.7%,-17.5%,-15.8%
CHWY,Extended,Retailers,Consumer Discretionary,Consumer Discretionary Distrib,Adj,Jan,EPS,CY2026,,,,,,,,1.119,,1.284,+14.7%,1.399,+9.0%,1.441,+3.0%,1.521,+5.6%,1.534,+0.9%,1.524,-0.7%,1.569,+3.0%,26.54,16.9,+8.9%,-19.7%,-17.5%,-15.8%
CHWY,Extended,Retailers,Consumer Discretionary,Consumer Discretionary Distrib,Adj,Jan,EPS,CY2027,,,,,,,,1.304,,1.432,+9.8%,1.558,+8.8%,1.748,+12.2%,1.854,+6.1%,1.866,+0.6%,1.827,-2.1%,1.912,+4.7%,26.54,13.9,+9.4%,-19.7%,-17.5%,-15.8%
CHWY,Extended,Retailers,Consumer Discretionary,Consumer Discretionary Distrib,Adj,Jan,EPS,CY2028,,,,,,,,1.378,,1.468,+6.5%,1.758,+19.8%,1.792,+1.9%,2.05,+14.4%,2.054,+0.2%,2.231,+8.6%,2.313,+3.7%,26.54,11.5,+29.1%,-19.7%,-17.5%,-15.8%
SFIX,Extended,Retailers,Consumer Discretionary,Consumer Discretionary Distrib,Adj,Jul,EPS,CY2025,,,,,,,,-0.588,,-0.572,+2.7%,-0.39,+31.8%,-0.314,+19.5%,-0.262,+16.6%,-0.254,+3.1%,,,,,3.19,-12.6,+55.6%,-39.2%,-38.4%,+12.1%
SFIX,Extended,Retailers,Consumer Discretionary,Consumer Discretionary Distrib,Adj,Jul,EPS,CY2026,,,,,,,,-0.48,,-0.459,+4.4%,-0.361,+21.4%,-0.281,+22.2%,-0.311,-10.7%,-0.267,+14.1%,-0.2,+25.1%,-0.178,+11.0%,3.19,-17.9,+36.7%,-39.2%,-38.4%,+12.1%
SFIX,Extended,Retailers,Consumer Discretionary,Consumer Discretionary Distrib,Adj,Jul,EPS,CY2027,,,,,,,,-0.336,,-0.327,+2.7%,-0.243,+25.7%,-0.15,+38.3%,-0.168,-12.0%,-0.14,+16.7%,-0.11,+21.4%,-0.094,+14.5%,3.19,-33.9,+37.3%,-39.2%,-38.4%,+12.1%
SFIX,Extended,Retailers,Consumer Discretionary,Consumer Discretionary Distrib,Adj,Jul,EPS,CY2028,,,,,,,,-0.222,,-0.222,+0.0%,-0.141,+36.5%,-0.014,+90.1%,-0.017,-21.4%,-0.081,-376.5%,-0.079,+2.5%,-0.032,+59.5%,3.19,-99.7,-128.6%,-39.2%,-38.4%,+12.1%
LEVI,Extended,Retailers,Consumer Discretionary,Consumer Durables & Apparel,Adj,Nov,EPS,CY2025,,,,,,,,1.44,,1.444,+0.3%,1.402,-2.9%,1.249,-10.9%,1.229,-1.6%,1.309,+6.5%,1.324,+1.1%,1.329,+0.4%,19.65,14.8,+6.4%,-5.3%,-8.6%,+41.5%
LEVI,Extended,Retailers,Consumer Discretionary,Consumer Durables & Apparel,Adj,Nov,EPS,CY2026,,,,,,,,1.617,,1.625,+0.5%,1.572,-3.3%,1.423,-9.5%,1.36,-4.4%,1.456,+7.1%,1.473,+1.2%,1.458,-1.0%,19.65,13.5,+2.5%,-5.3%,-8.6%,+41.5%
LEVI,Extended,Retailers,Consumer Discretionary,Consumer Durables & Apparel,Adj,Nov,EPS,CY2027,,,,,,,,1.875,,,,1.8,-4.0%,1.585,-11.9%,1.487,-6.2%,1.613,+8.5%,1.614,+0.1%,1.649,+2.2%,19.65,11.9,+4.0%,-5.3%,-8.6%,+41.5%
LEVI,Extended,Retailers,Consumer Discretionary,Consumer Durables & Apparel,Adj,Nov,EPS,CY2028,,,,,,,,2.25,,,,2.13,-5.3%,1.74,-18.3%,1.8,+3.4%,1.737,-3.5%,1.747,+0.6%,1.846,+5.7%,19.65,10.6,+6.1%,-5.3%,-8.6%,+41.5%
DG,Extended,Retailers,Consumer Staples,Consumer Staples Distribution,Adj,Jan,EPS,CY2025,,,,,,,,8.159,,6.283,-23.0%,5.945,-5.4%,5.586,-6.0%,5.741,+2.8%,6.202,+8.0%,6.524,+5.2%,6.543,+0.3%,125.01,19.1,+17.1%,-5.8%,-13.6%,+35.0%
DG,Extended,Retailers,Consumer Staples,Consumer Staples Distribution,Adj,Jan,EPS,CY2026,,,,,,,,9.174,,7.0,-23.7%,6.47,-7.6%,6.1,-5.7%,6.381,+4.6%,6.712,+5.2%,7.126,+6.2%,7.372,+3.5%,125.01,17.0,+20.9%,-5.8%,-13.6%,+35.0%
DG,Extended,Retailers,Consumer Staples,Consumer Staples Distribution,Adj,Jan,EPS,CY2027,,,,,,,,10.592,,8.392,-20.8%,7.507,-10.5%,6.879,-8.4%,7.014,+2.0%,7.433,+6.0%,7.73,+4.0%,7.991,+3.4%,125.01,15.6,+16.2%,-5.8%,-13.6%,+35.0%
DG,Extended,Retailers,Consumer Staples,Consumer Staples Distribution,Adj,Jan,EPS,CY2028,,,,,,,,11.378,,9.55,-16.1%,7.99,-16.3%,8.196,+2.6%,7.807,-4.7%,8.328,+6.7%,8.445,+1.4%,8.846,+4.7%,125.01,14.1,+7.9%,-5.8%,-13.6%,+35.0%
DLTR,Extended,Retailers,Consumer Staples,Consumer Staples Distribution,Adj,Jan,EPS,CY2025,,,,,,,,7.885,,6.108,-22.5%,6.15,+0.7%,5.59,-9.1%,5.482,-1.9%,5.564,+1.5%,5.788,+4.0%,5.794,+0.1%,111.09,19.2,+3.6%,-9.7%,-17.0%,+64.5%
DLTR,Extended,Retailers,Consumer Staples,Consumer Staples Distribution,Adj,Jan,EPS,CY2026,,,,,,,,8.948,,6.988,-21.9%,6.937,-0.7%,6.274,-9.6%,6.247,-0.4%,6.431,+2.9%,6.678,+3.8%,6.826,+2.2%,111.09,16.3,+8.8%,-9.7%,-17.0%,+64.5%
DLTR,Extended,Retailers,Consumer Staples,Consumer Staples Distribution,Adj,Jan,EPS,CY2027,,,,,,,,10.221,,8.23,-19.5%,7.67,-6.8%,7.003,-8.7%,6.953,-0.7%,7.234,+4.0%,7.482,+3.4%,7.399,-1.1%,111.09,15.0,+5.7%,-9.7%,-17.0%,+64.5%
DLTR,Extended,Retailers,Consumer Staples,Consumer Staples Distribution,Adj,Jan,EPS,CY2028,,,,,,,,11.52,,9.486,-17.7%,8.733,-7.9%,8.273,-5.3%,7.478,-9.6%,7.891,+5.5%,8.142,+3.2%,8.137,-0.1%,111.09,13.7,-1.6%,-9.7%,-17.0%,+64.5%
FIVE,Extended,Retailers,Consumer Discretionary,Consumer Discretionary Distrib,Adj,Jan,EPS,CY2025,,,,,,,,6.127,,4.883,-20.3%,5.19,+6.3%,4.66,-10.2%,4.687,+0.6%,5.127,+9.4%,5.916,+15.4%,6.32,+6.8%,233.72,37.0,+35.6%,+24.1%,+15.5%,+311.7%
FIVE,Extended,Retailers,Consumer Discretionary,Consumer Discretionary Distrib,Adj,Jan,EPS,CY2026,,,,,,,,7.231,,5.579,-22.8%,5.892,+5.6%,5.101,-13.4%,5.155,+1.1%,5.668,+10.0%,6.35,+12.0%,8.018,+26.3%,233.72,29.1,+57.2%,+24.1%,+15.5%,+311.7%
FIVE,Extended,Retailers,Consumer Discretionary,Consumer Discretionary Distrib,Adj,Jan,EPS,CY2027,,,,,,,,7.91,,7.055,-10.8%,6.597,-6.5%,5.698,-13.6%,5.683,-0.3%,6.411,+12.8%,7.155,+11.6%,8.874,+24.0%,233.72,26.3,+55.7%,+24.1%,+15.5%,+311.7%
FIVE,Extended,Retailers,Consumer Discretionary,Consumer Discretionary Distrib,Adj,Jan,EPS,CY2028,,,,,,,,8.355,,7.065,-15.4%,7.18,+1.6%,6.17,-14.1%,4.79,-22.4%,6.84,+42.8%,7.93,+15.9%,9.926,+25.2%,233.72,23.5,+60.9%,+24.1%,+15.5%,+311.7%
BURL,Extended,Retailers,Consumer Discretionary,Consumer Discretionary Distrib,Adj,Jan,EPS,CY2025,,,,,,,,9.404,,9.633,+2.4%,9.389,-2.5%,9.326,-0.7%,9.206,-1.3%,9.549,+3.7%,9.784,+2.5%,9.799,+0.2%,337.97,34.5,+5.1%,+17.0%,+8.5%,+46.0%
BURL,Extended,Retailers,Consumer Discretionary,Consumer Discretionary Distrib,Adj,Jan,EPS,CY2026,,,,,,,,11.455,,11.704,+2.2%,10.721,-8.4%,11.229,+4.7%,10.999,-2.0%,11.22,+2.0%,11.073,-1.3%,11.543,+4.2%,337.97,29.3,+2.8%,+17.0%,+8.5%,+46.0%
BURL,Extended,Retailers,Consumer Discretionary,Consumer Discretionary Distrib,Adj,Jan,EPS,CY2027,,,,,,,,13.767,,13.89,+0.9%,13.707,-1.3%,13.569,-1.0%,13.124,-3.3%,13.352,+1.7%,13.169,-1.4%,13.493,+2.5%,337.97,25.0,-0.6%,+17.0%,+8.5%,+46.0%
BURL,Extended,Retailers,Consumer Discretionary,Consumer Discretionary Distrib,Adj,Jan,EPS,CY2028,,,,,,,,16.188,,16.405,+1.3%,16.328,-0.5%,16.437,+0.7%,15.89,-3.3%,15.944,+0.3%,15.401,-3.4%,15.966,+3.7%,337.97,21.2,-2.9%,+17.0%,+8.5%,+46.0%
BBY,Extended,Retailers,Consumer Discretionary,Consumer Discretionary Distrib,Adj,Jan,EPS,CY2025,,,,,,,,6.72,,6.843,+1.8%,6.577,-3.9%,6.363,-3.3%,6.141,-3.5%,6.208,+1.1%,6.355,+2.4%,6.307,-0.8%,64.2,10.2,-0.9%,-4.1%,-11.0%,+6.2%
BBY,Extended,Retailers,Consumer Discretionary,Consumer Discretionary Distrib,Adj,Jan,EPS,CY2026,,,,,,,,7.522,,7.646,+1.6%,7.315,-4.3%,6.984,-4.5%,6.663,-4.6%,6.69,+0.4%,6.767,+1.2%,6.505,-3.9%,64.2,9.9,-6.9%,-4.1%,-11.0%,+6.2%
BBY,Extended,Retailers,Consumer Discretionary,Consumer Discretionary Distrib,Adj,Jan,EPS,CY2027,,,,,,,,7.98,,8.19,+2.6%,7.966,-2.7%,7.655,-3.9%,7.287,-4.8%,7.312,+0.3%,7.425,+1.5%,7.039,-5.2%,64.2,9.1,-8.0%,-4.1%,-11.0%,+6.2%
BBY,Extended,Retailers,Consumer Discretionary,Consumer Discretionary Distrib,Adj,Jan,EPS,CY2028,,,,,,,,8.828,,9.062,+2.7%,8.94,-1.3%,8.604,-3.8%,7.998,-7.0%,8.005,+0.1%,8.512,+6.3%,7.697,-9.6%,64.2,8.3,-10.5%,-4.1%,-11.0%,+6.2%
HD,Extended,Retailers,Consumer Discretionary,Consumer Discretionary Distrib,GAAP,Jan,EPS,CY2025,,,,,,,,16.183,,16.071,-0.7%,16.12,+0.3%,14.885,-7.7%,14.839,-0.3%,14.857,+0.1%,14.236,-4.2%,14.339,+0.7%,326.65,22.8,-3.7%,-5.1%,-6.5%,-7.7%
HD,Extended,Retailers,Consumer Discretionary,Consumer Discretionary Distrib,GAAP,Jan,EPS,CY2026,,,,,,,,17.318,,16.724,-3.4%,17.624,+5.4%,16.878,-4.2%,16.543,-2.0%,16.072,-2.8%,14.906,-7.3%,14.861,-0.3%,326.65,22.0,-12.0%,-5.1%,-6.5%,-7.7%
HD,Extended,Retailers,Consumer Discretionary,Consumer Discretionary Distrib,GAAP,Jan,EPS,CY2027,,,,,,,,19.148,,18.918,-1.2%,18.16,-4.0%,17.683,-2.6%,17.295,-2.2%,17.579,+1.6%,16.208,-7.8%,15.955,-1.6%,326.65,20.5,-9.8%,-5.1%,-6.5%,-7.7%
HD,Extended,Retailers,Consumer Discretionary,Consumer Discretionary Distrib,GAAP,Jan,EPS,CY2028,,,,,,,,20.652,,19.52,-5.5%,19.533,+0.1%,19.54,+0.0%,18.771,-3.9%,18.737,-0.2%,17.471,-6.8%,17.39,-0.5%,326.65,18.8,-11.0%,-5.1%,-6.5%,-7.7%
LOW,Extended,Retailers,Consumer Discretionary,Consumer Discretionary Distrib,Adj,Jan,EPS,CY2025,,,,,,,,13.361,,12.661,-5.2%,12.5,-1.3%,12.414,-0.7%,12.369,-0.4%,12.297,-0.6%,12.253,-0.4%,12.253,+0.0%,235.2,19.2,-1.3%,-2.5%,-4.6%,+5.3%
LOW,Extended,Retailers,Consumer Discretionary,Consumer Discretionary Distrib,Adj,Jan,EPS,CY2026,,,,,,,,14.536,,13.773,-5.2%,13.676,-0.7%,13.565,-0.8%,13.468,-0.7%,13.289,-1.3%,12.964,-2.4%,12.607,-2.8%,235.2,18.7,-7.1%,-2.5%,-4.6%,+5.3%
LOW,Extended,Retailers,Consumer Discretionary,Consumer Discretionary Distrib,Adj,Jan,EPS,CY2027,,,,,,,,16.106,,15.509,-3.7%,15.156,-2.3%,14.918,-1.6%,14.634,-1.9%,14.473,-1.1%,14.064,-2.8%,13.619,-3.2%,235.2,17.3,-8.7%,-2.5%,-4.6%,+5.3%
LOW,Extended,Retailers,Consumer Discretionary,Consumer Discretionary Distrib,Adj,Jan,EPS,CY2028,,,,,,,,17.822,,16.78,-5.8%,16.752,-0.2%,16.593,-0.9%,16.11,-2.9%,16.03,-0.5%,15.453,-3.6%,14.944,-3.3%,235.2,15.7,-9.9%,-2.5%,-4.6%,+5.3%
SBH,Extended,Retailers,Consumer Discretionary,Consumer Discretionary Distrib,Adj,Sep,EPS,CY2025,,,,,,,,1.858,,1.78,-4.2%,1.845,+3.7%,1.806,-2.1%,1.738,-3.8%,1.828,+5.2%,1.828,+0.0%,,,13.37,7.3,-0.9%,-6.2%,-12.1%,+55.6%
SBH,Extended,Retailers,Consumer Discretionary,Consumer Discretionary Distrib,Adj,Sep,EPS,CY2026,,,,,,,,2.035,,1.968,-3.3%,2.015,+2.4%,1.969,-2.3%,1.92,-2.5%,2.01,+4.7%,2.06,+2.5%,2.068,+0.4%,13.37,6.5,+5.0%,-6.2%,-12.1%,+55.6%
SBH,Extended,Retailers,Consumer Discretionary,Consumer Discretionary Distrib,Adj,Sep,EPS,CY2027,,,,,,,,,,,,2.1,,2.047,-2.5%,2.17,+6.0%,2.185,+0.7%,2.23,+2.1%,2.26,+1.3%,13.37,5.9,+10.4%,-6.2%,-12.1%,+55.6%
SBH,Extended,Retailers,Consumer Discretionary,Consumer Discretionary Distrib,Adj,Sep,EPS,CY2028,,,,,,,,,,,,,,,,,,,,2.69,,2.45,-8.9%,13.37,5.5,,-6.2%,-12.1%,+55.6%
ULTA,Extended,Retailers,Consumer Discretionary,Consumer Discretionary Distrib,Adj,Jan,EPS,CY2025,,,,,,,,28.205,,24.864,-11.8%,23.222,-6.6%,22.959,-1.1%,23.436,+2.1%,24.643,+5.2%,25.484,+3.4%,25.649,+0.6%,542.65,21.2,+11.7%,-10.3%,-16.5%,+51.0%
ULTA,Extended,Retailers,Consumer Discretionary,Consumer Discretionary Distrib,Adj,Jan,EPS,CY2026,,,,,,,,30.807,,27.18,-11.8%,26.159,-3.8%,25.615,-2.1%,25.897,+1.1%,27.332,+5.5%,28.36,+3.8%,28.488,+0.5%,542.65,19.0,+11.2%,-10.3%,-16.5%,+51.0%
ULTA,Extended,Retailers,Consumer Discretionary,Consumer Discretionary Distrib,Adj,Jan,EPS,CY2027,,,,,,,,34.011,,30.93,-9.1%,29.192,-5.6%,28.731,-1.6%,28.94,+0.7%,30.139,+4.1%,31.315,+3.9%,31.474,+0.5%,542.65,17.2,+9.5%,-10.3%,-16.5%,+51.0%
ULTA,Extended,Retailers,Consumer Discretionary,Consumer Discretionary Distrib,Adj,Jan,EPS,CY2028,,,,,,,,37.35,,34.408,-7.9%,32.408,-5.8%,32.224,-0.6%,31.708,-1.6%,31.673,-0.1%,33.207,+4.8%,34.435,+3.7%,542.65,15.8,+6.9%,-10.3%,-16.5%,+51.0%
TPR,Extended,Luxury / fashion,Consumer Discretionary,Consumer Durables & Apparel,Adj,Jun,EPS,CY2025,,,,,,,,4.551,,4.488,-1.4%,4.643,+3.5%,4.928,+6.1%,5.068,+2.8%,5.093,+0.5%,,,,,143.7,28.2,+13.5%,+12.5%,+7.9%,+128.3%
TPR,Extended,Luxury / fashion,Consumer Discretionary,Consumer Durables & Apparel,Adj,Jun,EPS,CY2026,,,,,,,,4.839,,4.676,-3.4%,4.969,+6.3%,5.389,+8.5%,5.398,+0.2%,5.456,+1.1%,5.597,+2.6%,6.489,+15.9%,143.7,22.1,+20.4%,+12.5%,+7.9%,+128.3%
TPR,Extended,Luxury / fashion,Consumer Discretionary,Consumer Durables & Apparel,Adj,Jun,EPS,CY2027,,,,,,,,5.14,,4.94,-3.9%,5.528,+11.9%,5.945,+7.5%,6.019,+1.2%,6.072,+0.9%,6.21,+2.3%,7.197,+15.9%,143.7,20.0,+21.1%,+12.5%,+7.9%,+128.3%
TPR,Extended,Luxury / fashion,Consumer Discretionary,Consumer Durables & Apparel,Adj,Jun,EPS,CY2028,,,,,,,,5.005,,5.087,+1.6%,5.74,+12.8%,6.925,+20.6%,6.74,-2.7%,6.817,+1.1%,7.01,+2.8%,8.01,+14.3%,143.7,17.9,+15.7%,+12.5%,+7.9%,+128.3%
CPRI,Extended,Luxury / fashion,Consumer Discretionary,Consumer Durables & Apparel,Adj,Mar,EPS,CY2025,,,,,,,,4.099,,2.919,-28.8%,1.961,-32.8%,1.144,-41.7%,1.293,+13.0%,1.339,+3.6%,1.363,+1.8%,,,18.75,13.8,-30.5%,-23.2%,-27.2%,+29.1%
CPRI,Extended,Luxury / fashion,Consumer Discretionary,Consumer Durables & Apparel,Adj,Mar,EPS,CY2026,,,,,,,,4.588,,3.287,-28.4%,2.29,-30.3%,1.906,-16.8%,1.841,-3.4%,1.78,-3.3%,1.831,+2.9%,,,18.75,10.2,-20.0%,-23.2%,-27.2%,+29.1%
CPRI,Extended,Luxury / fashion,Consumer Discretionary,Consumer Durables & Apparel,Adj,Mar,EPS,CY2027,,,,,,,,6.14,,5.255,-14.4%,4.325,-17.7%,3.115,-28.0%,2.444,-21.5%,2.333,-4.5%,2.323,-0.4%,,,18.75,8.1,-46.3%,-23.2%,-27.2%,+29.1%
CPRI,Extended,Luxury / fashion,Consumer Discretionary,Consumer Durables & Apparel,Adj,Mar,EPS,CY2028,,,,,,,,6.82,,5.835,-14.4%,5.03,-13.8%,3.593,-28.6%,3.373,-6.1%,3.685,+9.2%,3.725,+1.1%,,,18.75,5.0,-25.9%,-23.2%,-27.2%,+29.1%
FOSL,Extended,Luxury / fashion,Consumer Discretionary,Consumer Durables & Apparel,Adj,Dec,EPS,CY2025,,,,,,,,,,,,,,,,-2.43,,-3.83,-57.6%,-6.84,-78.6%,-3.975,+41.9%,4.85,-1.2,,+29.0%,+31.8%,+375.5%
FOSL,Extended,Luxury / fashion,Consumer Discretionary,Consumer Durables & Apparel,Adj,Dec,EPS,CY2026,,,,,,,,,,,,,,,,-0.23,,-0.2,+13.0%,-0.3,-50.0%,-0.25,+16.7%,4.85,-19.4,,+29.0%,+31.8%,+375.5%
FOSL,Extended,Luxury / fashion,Consumer Discretionary,Consumer Durables & Apparel,Adj,Dec,EPS,CY2027,,,,,,,,,,,,,,,,0.35,,0.34,-2.9%,0.25,-26.5%,0.155,-38.0%,4.85,31.3,,+29.0%,+31.8%,+375.5%
FOSL,Extended,Luxury / fashion,Consumer Discretionary,Consumer Durables & Apparel,Adj,Dec,EPS,CY2028,,,,,,,,,,,,,,,,0.38,,,,,,1.03,+171.1%,4.85,4.7,,+29.0%,+31.8%,+375.5%
RMS,Extended,Luxury / fashion,Consumer Discretionary,Consumer Durables & Apparel,Adj,Dec,EPS,CY2025,,,,,,,,49.912,,48.491,-2.8%,47.029,-3.0%,46.932,-0.2%,44.687,-4.8%,42.892,-4.0%,42.538,-0.8%,42.481,-0.1%,1667.5,39.3,-9.5%,-21.4%,-20.6%,-21.6%
RMS,Extended,Luxury / fashion,Consumer Discretionary,Consumer Durables & Apparel,Adj,Dec,EPS,CY2026,,,,,,,,55.927,,54.407,-2.7%,53.455,-1.7%,54.486,+1.9%,51.762,-5.0%,49.232,-4.9%,48.278,-1.9%,46.588,-3.5%,1667.5,35.8,-14.5%,-21.4%,-20.6%,-21.6%
RMS,Extended,Luxury / fashion,Consumer Discretionary,Consumer Durables & Apparel,Adj,Dec,EPS,CY2027,,,,,,,,60.115,,59.237,-1.5%,58.19,-1.8%,61.614,+5.9%,57.899,-6.0%,55.02,-5.0%,54.017,-1.8%,53.623,-0.7%,1667.5,31.1,-13.0%,-21.4%,-20.6%,-21.6%
RMS,Extended,Luxury / fashion,Consumer Discretionary,Consumer Durables & Apparel,Adj,Dec,EPS,CY2028,,,,,,,,67.209,,64.92,-3.4%,64.682,-0.4%,66.916,+3.5%,62.71,-6.3%,61.285,-2.3%,59.639,-2.7%,59.212,-0.7%,1667.5,28.2,-11.5%,-21.4%,-20.6%,-21.6%
UHR,Extended,Luxury / fashion,Consumer Discretionary,Consumer Durables & Apparel,Adj,Dec,EPS,CY2025,,,,,,,,17.324,,11.718,-32.4%,10.181,-13.1%,7.184,-29.4%,4.628,-35.6%,2.112,-54.4%,2.028,-4.0%,1.93,-4.8%,176.45,91.4,-73.1%,+4.9%,+1.1%,+39.0%
UHR,Extended,Luxury / fashion,Consumer Discretionary,Consumer Durables & Apparel,Adj,Dec,EPS,CY2026,,,,,,,,18.876,,14.01,-25.8%,12.436,-11.2%,9.907,-20.3%,7.798,-21.3%,4.693,-39.8%,5.063,+7.9%,4.617,-8.8%,176.45,38.2,-53.4%,+4.9%,+1.1%,+39.0%
UHR,Extended,Luxury / fashion,Consumer Discretionary,Consumer Durables & Apparel,Adj,Dec,EPS,CY2027,,,,,,,,21.745,,16.595,-23.7%,14.697,-11.4%,11.56,-21.3%,10.257,-11.3%,7.669,-25.2%,7.675,+0.1%,7.494,-2.4%,176.45,23.5,-35.2%,+4.9%,+1.1%,+39.0%
UHR,Extended,Luxury / fashion,Consumer Discretionary,Consumer Durables & Apparel,Adj,Dec,EPS,CY2028,,,,,,,,24.928,,17.963,-27.9%,15.268,-15.0%,13.155,-13.8%,15.005,+14.1%,10.333,-31.1%,10.635,+2.9%,9.687,-8.9%,176.45,18.2,-26.4%,+4.9%,+1.1%,+39.0%
KER,Extended,Luxury / fashion,Consumer Discretionary,Consumer Durables & Apparel,Adj,Dec,EPS,CY2025,,,,,,,,20.778,,15.474,-25.5%,12.19,-21.2%,10.608,-13.0%,6.767,-36.2%,6.15,-9.1%,6.168,+0.3%,5.965,-3.3%,265.25,44.5,-43.8%,-11.9%,-12.8%,+61.6%
KER,Extended,Luxury / fashion,Consumer Discretionary,Consumer Durables & Apparel,Adj,Dec,EPS,CY2026,,,,,,,,23.539,,18.258,-22.4%,15.114,-17.2%,12.961,-14.2%,8.903,-31.3%,8.407,-5.6%,8.905,+5.9%,7.115,-20.1%,265.25,37.3,-45.1%,-11.9%,-12.8%,+61.6%
KER,Extended,Luxury / fashion,Consumer Discretionary,Consumer Durables & Apparel,Adj,Dec,EPS,CY2027,,,,,,,,27.22,,21.73,-20.2%,17.643,-18.8%,14.795,-16.1%,11.514,-22.2%,11.085,-3.7%,12.208,+10.1%,10.244,-16.1%,265.25,25.9,-30.8%,-11.9%,-12.8%,+61.6%
KER,Extended,Luxury / fashion,Consumer Discretionary,Consumer Durables & Apparel,Adj,Dec,EPS,CY2028,,,,,,,,30.517,,25.602,-16.1%,19.642,-23.3%,18.472,-6.0%,15.208,-17.7%,14.529,-4.5%,14.54,+0.1%,13.583,-6.6%,265.25,19.5,-26.5%,-11.9%,-12.8%,+61.6%
CFR,Extended,Luxury / fashion,Consumer Discretionary,Consumer Durables & Apparel,Adj,Mar,EPS,CY2025,,,,,,,,7.776,,7.287,-6.3%,6.555,-10.0%,7.074,+7.9%,6.447,-8.9%,6.025,-6.5%,6.145,+2.0%,6.172,+0.4%,142.9,23.2,-12.8%,-16.9%,-14.9%,+10.8%
CFR,Extended,Luxury / fashion,Consumer Discretionary,Consumer Durables & Apparel,Adj,Mar,EPS,CY2026,,,,,,,,8.465,,8.058,-4.8%,7.469,-7.3%,7.952,+6.5%,7.401,-6.9%,6.865,-7.2%,6.927,+0.9%,7.01,+1.2%,142.9,20.4,-11.8%,-16.9%,-14.9%,+10.8%
CFR,Extended,Luxury / fashion,Consumer Discretionary,Consumer Durables & Apparel,Adj,Mar,EPS,CY2027,,,,,,,,9.671,,8.942,-7.5%,8.521,-4.7%,8.881,+4.2%,8.457,-4.8%,7.815,-7.6%,7.918,+1.3%,7.928,+0.1%,142.9,18.0,-10.7%,-16.9%,-14.9%,+10.8%
CFR,Extended,Luxury / fashion,Consumer Discretionary,Consumer Durables & Apparel,Adj,Mar,EPS,CY2028,,,,,,,,10.393,,9.874,-5.0%,7.438,-24.7%,9.648,+29.7%,9.08,-5.9%,9.002,-0.9%,9.019,+0.2%,9.003,-0.2%,142.9,15.9,-6.7%,-16.9%,-14.9%,+10.8%
DECK,Extended,Apparel,Consumer Discretionary,Consumer Durables & Apparel,Adj,Mar,EPS,CY2025,,,,,,,,5.922,,5.976,+0.9%,6.344,+6.2%,6.676,+5.2%,6.084,-8.9%,6.34,+4.2%,6.405,+1.0%,6.879,+7.4%,101.64,14.8,+3.0%,-2.0%,-5.4%,-4.1%
DECK,Extended,Apparel,Consumer Discretionary,Consumer Durables & Apparel,Adj,Mar,EPS,CY2026,,,,,,,,6.684,,6.692,+0.1%,7.162,+7.0%,7.57,+5.7%,6.77,-10.6%,6.963,+2.9%,6.845,-1.7%,7.324,+7.0%,101.64,13.9,-3.2%,-2.0%,-5.4%,-4.1%
DECK,Extended,Apparel,Consumer Discretionary,Consumer Durables & Apparel,Adj,Mar,EPS,CY2027,,,,,,,,7.213,,7.295,+1.1%,7.646,+4.8%,7.793,+1.9%,7.588,-2.6%,7.765,+2.3%,7.612,-2.0%,8.053,+5.8%,101.64,12.6,+3.3%,-2.0%,-5.4%,-4.1%
DECK,Extended,Apparel,Consumer Discretionary,Consumer Durables & Apparel,Adj,Mar,EPS,CY2028,,,,,,,,7.988,,8.11,+1.5%,8.38,+3.3%,8.446,+0.8%,7.926,-6.2%,8.137,+2.7%,8.063,-0.9%,8.616,+6.9%,101.64,11.8,+2.0%,-2.0%,-5.4%,-4.1%
PVH,Extended,Apparel,Consumer Discretionary,Consumer Durables & Apparel,Adj,Jan,EPS,CY2025,,,,,,,,13.071,,12.849,-1.7%,12.671,-1.4%,12.155,-4.1%,10.877,-10.5%,10.902,+0.2%,10.893,-0.1%,11.054,+1.5%,80.83,7.3,-9.1%,+20.6%,+15.5%,+19.4%
PVH,Extended,Apparel,Consumer Discretionary,Consumer Durables & Apparel,Adj,Jan,EPS,CY2026,,,,,,,,15.227,,15.131,-0.6%,14.977,-1.0%,13.791,-7.9%,12.26,-11.1%,12.038,-1.8%,12.001,-0.3%,12.018,+0.1%,80.83,6.7,-12.9%,+20.6%,+15.5%,+19.4%
PVH,Extended,Apparel,Consumer Discretionary,Consumer Durables & Apparel,Adj,Jan,EPS,CY2027,,,,,,,,16.524,,16.55,+0.2%,16.06,-3.0%,15.328,-4.6%,14.193,-7.4%,13.814,-2.7%,13.671,-1.0%,13.564,-0.8%,80.83,6.0,-11.5%,+20.6%,+15.5%,+19.4%
PVH,Extended,Apparel,Consumer Discretionary,Consumer Durables & Apparel,Adj,Jan,EPS,CY2028,,,,,,,,18.5,,18.61,+0.6%,17.543,-5.7%,17.305,-1.4%,16.976,-1.9%,17.678,+4.1%,17.123,-3.1%,15.845,-7.5%,80.83,5.1,-8.4%,+20.6%,+15.5%,+19.4%
VFC,Extended,Apparel,Consumer Discretionary,Consumer Durables & Apparel,Adj,Mar,EPS,CY2025,,,,,,,,1.056,,0.961,-9.0%,0.895,-6.9%,1.058,+18.2%,0.845,-20.1%,0.74,-12.4%,0.708,-4.3%,0.835,+17.9%,17.06,20.4,-21.1%,-5.6%,-12.4%,+47.6%
VFC,Extended,Apparel,Consumer Discretionary,Consumer Durables & Apparel,Adj,Mar,EPS,CY2026,,,,,,,,1.304,,1.189,-8.8%,1.274,+7.1%,1.421,+11.5%,1.097,-22.8%,1.041,-5.1%,1.002,-3.7%,1.042,+4.0%,17.06,16.4,-26.7%,-5.6%,-12.4%,+47.6%
VFC,Extended,Apparel,Consumer Discretionary,Consumer Durables & Apparel,Adj,Mar,EPS,CY2027,,,,,,,,1.62,,1.21,-25.3%,1.882,+55.5%,1.979,+5.2%,1.51,-23.7%,1.342,-11.1%,1.257,-6.3%,1.306,+3.9%,17.06,13.1,-34.0%,-5.6%,-12.4%,+47.6%
VFC,Extended,Apparel,Consumer Discretionary,Consumer Durables & Apparel,Adj,Mar,EPS,CY2028,,,,,,,,1.92,,1.44,-25.0%,2.16,+50.0%,2.385,+10.4%,1.78,-25.4%,1.645,-7.6%,1.645,+0.0%,1.588,-3.5%,17.06,10.7,-33.4%,-5.6%,-12.4%,+47.6%
KTB,Extended,Apparel,Consumer Discretionary,Consumer Durables & Apparel,Adj,Dec,EPS,CY2025,,,,,,,,5.233,,5.286,+1.0%,5.53,+4.6%,5.055,-8.6%,5.253,+3.9%,5.447,+3.7%,5.492,+0.8%,5.496,+0.1%,69.66,12.7,+8.7%,+14.0%,+12.5%,+20.3%
KTB,Extended,Apparel,Consumer Discretionary,Consumer Durables & Apparel,Adj,Dec,EPS,CY2026,,,,,,,,5.542,,5.645,+1.9%,5.867,+3.9%,5.422,-7.6%,5.768,+6.4%,5.883,+2.0%,5.986,+1.8%,6.371,+6.4%,69.66,10.9,+17.5%,+14.0%,+12.5%,+20.3%
KTB,Extended,Apparel,Consumer Discretionary,Consumer Durables & Apparel,Adj,Dec,EPS,CY2027,,,,,,,,6.205,,6.09,-1.9%,6.49,+6.6%,5.774,-11.0%,6.462,+11.9%,6.614,+2.4%,6.68,+1.0%,7.01,+4.9%,69.66,9.9,+21.4%,+14.0%,+12.5%,+20.3%
KTB,Extended,Apparel,Consumer Discretionary,Consumer Durables & Apparel,Adj,Dec,EPS,CY2028,,,,,,,,6.74,,6.505,-3.5%,7.08,+8.8%,6.63,-6.4%,7.24,+9.2%,7.175,-0.9%,7.28,+1.5%,7.49,+2.9%,69.66,9.3,+13.0%,+14.0%,+12.5%,+20.3%
ONON,Extended,Apparel,Consumer Discretionary,Consumer Durables & Apparel,Adj,Dec,EPS,CY2025,,,,,,,,0.951,,0.862,-9.4%,0.974,+13.0%,1.043,+7.1%,0.953,-8.6%,0.615,-35.5%,0.744,+21.0%,0.749,+0.7%,33.67,45.0,-28.2%,-27.6%,-31.3%,-15.0%
ONON,Extended,Apparel,Consumer Discretionary,Consumer Durables & Apparel,Adj,Dec,EPS,CY2026,,,,,,,,1.201,,1.105,-8.0%,1.261,+14.1%,1.349,+7.0%,1.251,-7.3%,1.205,-3.7%,1.307,+8.5%,1.271,-2.8%,33.67,26.5,-5.8%,-27.6%,-31.3%,-15.0%
ONON,Extended,Apparel,Consumer Discretionary,Consumer Durables & Apparel,Adj,Dec,EPS,CY2027,,,,,,,,1.41,,1.33,-5.7%,1.736,+30.5%,1.668,-3.9%,1.615,-3.2%,1.637,+1.4%,1.763,+7.7%,1.582,-10.3%,33.67,21.3,-5.2%,-27.6%,-31.3%,-15.0%
ONON,Extended,Apparel,Consumer Discretionary,Consumer Durables & Apparel,Adj,Dec,EPS,CY2028,,,,,,,,1.683,,1.594,-5.3%,2.13,+33.6%,2.162,+1.5%,2.183,+1.0%,2.147,-1.6%,2.175,+1.3%,1.979,-9.0%,33.67,17.0,-8.5%,-27.6%,-31.3%,-15.0%
GIL,Extended,Apparel,Consumer Discretionary,Consumer Durables & Apparel,Adj,Dec,EPS,CY2025,,,,,,,,3.277,,3.383,+3.2%,3.476,+2.7%,3.514,+1.1%,3.473,-1.2%,3.471,-0.1%,3.482,+0.3%,3.497,+0.4%,54.97,15.7,-0.5%,-12.0%,-14.4%,+38.2%
GIL,Extended,Apparel,Consumer Discretionary,Consumer Durables & Apparel,Adj,Dec,EPS,CY2026,,,,,,,,3.619,,3.829,+5.8%,3.924,+2.5%,3.994,+1.8%,3.863,-3.3%,4.001,+3.6%,4.517,+12.9%,4.312,-4.5%,54.97,12.7,+8.0%,-12.0%,-14.4%,+38.2%
GIL,Extended,Apparel,Consumer Discretionary,Consumer Durables & Apparel,Adj,Dec,EPS,CY2027,,,,,,,,3.785,,4.393,+16.1%,4.383,-0.2%,4.487,+2.4%,4.27,-4.8%,4.494,+5.2%,5.459,+21.5%,5.326,-2.4%,54.97,10.3,+18.7%,-12.0%,-14.4%,+38.2%
GIL,Extended,Apparel,Consumer Discretionary,Consumer Durables & Apparel,Adj,Dec,EPS,CY2028,,,,,,,,4.17,,5.0,+19.9%,5.03,+0.6%,4.915,-2.3%,4.783,-2.7%,4.64,-3.0%,6.31,+36.0%,6.289,-0.3%,54.97,8.7,+28.0%,-12.0%,-14.4%,+38.2%
CRI,Extended,Apparel,Consumer Discretionary,Consumer Durables & Apparel,Adj,Dec,EPS,CY2025,,,,,,,,6.437,,5.04,-21.7%,5.048,+0.2%,3.798,-24.8%,3.429,-9.7%,2.76,-19.5%,2.905,+5.3%,3.31,+13.9%,35.96,10.9,-12.8%,+10.9%,+2.6%,-3.3%
CRI,Extended,Apparel,Consumer Discretionary,Consumer Durables & Apparel,Adj,Dec,EPS,CY2026,,,,,,,,6.624,,5.412,-18.3%,5.32,-1.7%,3.776,-29.0%,2.803,-25.8%,2.293,-18.2%,2.335,+1.8%,3.056,+30.9%,35.96,11.8,-19.1%,+10.9%,+2.6%,-3.3%
CRI,Extended,Apparel,Consumer Discretionary,Consumer Durables & Apparel,Adj,Dec,EPS,CY2027,,,,,,,,7.675,,6.485,-15.5%,7.61,+17.3%,3.858,-49.3%,2.888,-25.1%,2.403,-16.8%,2.568,+6.9%,3.551,+38.3%,35.96,10.1,-8.0%,+10.9%,+2.6%,-3.3%
CRI,Extended,Apparel,Consumer Discretionary,Consumer Durables & Apparel,Adj,Dec,EPS,CY2028,,,,,,,,8.35,,6.99,-16.3%,8.22,+17.6%,6.68,-18.7%,4.41,-34.0%,2.33,-47.2%,2.93,+25.8%,3.746,+27.8%,35.96,9.6,-43.9%,+10.9%,+2.6%,-3.3%
LULU,Extended,Apparel,Consumer Discretionary,Consumer Durables & Apparel,Adj,Jan,EPS,CY2025,,,,,,,,15.844,,15.047,-5.0%,15.32,+1.8%,15.202,-0.8%,14.703,-3.3%,12.884,-12.4%,12.997,+0.9%,13.04,+0.3%,156.18,12.0,-14.2%,-24.8%,-27.7%,-40.8%
LULU,Extended,Apparel,Consumer Discretionary,Consumer Durables & Apparel,Adj,Jan,EPS,CY2026,,,,,,,,17.696,,16.721,-5.5%,16.666,-0.3%,16.598,-0.4%,15.658,-5.7%,12.944,-17.3%,12.621,-2.5%,12.389,-1.8%,156.18,12.6,-25.4%,-24.8%,-27.7%,-40.8%
LULU,Extended,Apparel,Consumer Discretionary,Consumer Durables & Apparel,Adj,Jan,EPS,CY2027,,,,,,,,19.444,,19.06,-2.0%,18.546,-2.7%,18.654,+0.6%,17.001,-8.9%,13.614,-19.9%,13.869,+1.9%,13.296,-4.1%,156.18,11.7,-28.7%,-24.8%,-27.7%,-40.8%
LULU,Extended,Apparel,Consumer Discretionary,Consumer Durables & Apparel,Adj,Jan,EPS,CY2028,,,,,,,,21.463,,21.317,-0.7%,20.663,-3.1%,21.72,+5.1%,19.292,-11.2%,15.724,-18.5%,15.213,-3.2%,14.493,-4.7%,156.18,10.8,-33.3%,-24.8%,-27.7%,-40.8%
LB,Extended,Apparel,Real Estate,Real Estate Management & Devel,Adj,Dec,EPS,CY2025,,,,,,,,,,1.526,,2.799,+83.4%,2.212,-21.0%,2.087,-5.7%,1.634,-21.7%,1.69,+3.4%,1.42,-16.0%,68.35,48.1,-35.8%,+39.5%,+50.1%,+14.6%
LB,Extended,Apparel,Real Estate,Real Estate Management & Devel,Adj,Dec,EPS,CY2026,,,,,,,,,,1.786,,2.805,+57.1%,2.55,-9.1%,2.941,+15.3%,2.714,-7.7%,2.9,+6.9%,2.176,-25.0%,68.35,31.4,-14.7%,+39.5%,+50.1%,+14.6%
LB,Extended,Apparel,Real Estate,Real Estate Management & Devel,Adj,Dec,EPS,CY2027,,,,,,,,,,1.94,,3.31,+70.6%,3.122,-5.7%,3.69,+18.2%,3.71,+0.5%,4.093,+10.3%,3.315,-19.0%,68.35,20.6,+6.2%,+39.5%,+50.1%,+14.6%
LB,Extended,Apparel,Real Estate,Real Estate Management & Devel,Adj,Dec,EPS,CY2028,,,,,,,,,,1.94,,3.35,+72.7%,8.62,+157.3%,8.06,-6.5%,7.41,-8.1%,5.66,-23.6%,4.972,-12.2%,68.35,13.7,-42.3%,+39.5%,+50.1%,+14.6%
RL,Extended,Apparel,Consumer Discretionary,Consumer Durables & Apparel,Adj,Mar,EPS,CY2025,,,,,,,,12.37,,12.588,+1.8%,13.233,+5.1%,13.705,+3.6%,13.796,+0.7%,14.889,+7.9%,15.366,+3.2%,16.274,+5.9%,358.59,22.0,+18.7%,+1.4%,-1.3%,+81.5%
RL,Extended,Apparel,Consumer Discretionary,Consumer Durables & Apparel,Adj,Mar,EPS,CY2026,,,,,,,,13.539,,13.97,+3.2%,14.837,+6.2%,15.359,+3.5%,15.229,-0.8%,16.134,+5.9%,16.685,+3.4%,18.001,+7.9%,358.59,19.9,+17.2%,+1.4%,-1.3%,+81.5%
RL,Extended,Apparel,Consumer Discretionary,Consumer Durables & Apparel,Adj,Mar,EPS,CY2027,,,,,,,,14.709,,14.82,+0.8%,15.267,+3.0%,16.29,+6.7%,16.803,+3.1%,18.137,+7.9%,18.713,+3.2%,19.859,+6.1%,358.59,18.1,+21.9%,+1.4%,-1.3%,+81.5%
RL,Extended,Apparel,Consumer Discretionary,Consumer Durables & Apparel,Adj,Mar,EPS,CY2028,,,,,,,,15.84,,15.972,+0.8%,16.668,+4.4%,17.68,+6.1%,18.216,+3.0%,19.65,+7.9%,20.167,+2.6%,20.878,+3.5%,358.59,17.2,+18.1%,+1.4%,-1.3%,+81.5%
NKE,Extended,Apparel,Consumer Discretionary,Consumer Durables & Apparel,Adj,May,EPS,CY2025,,,,,,,,3.386,,3.101,-8.4%,2.271,-26.8%,2.154,-5.2%,2.162,+0.4%,,,,,,,44.03,20.4,-36.1%,-30.9%,-32.6%,-23.1%
NKE,Extended,Apparel,Consumer Discretionary,Consumer Durables & Apparel,Adj,May,EPS,CY2026,,,,,,,,3.792,,3.539,-6.7%,2.581,-27.1%,2.094,-18.9%,1.783,-14.9%,1.672,-6.2%,1.588,-5.0%,1.544,-2.8%,44.03,28.5,-26.3%,-30.9%,-32.6%,-23.1%
NKE,Extended,Apparel,Consumer Discretionary,Consumer Durables & Apparel,Adj,May,EPS,CY2027,,,,,,,,4.24,,3.96,-6.6%,3.178,-19.7%,2.743,-13.7%,2.491,-9.2%,2.484,-0.3%,2.394,-3.6%,2.201,-8.1%,44.03,20.0,-19.8%,-30.9%,-32.6%,-23.1%
NKE,Extended,Apparel,Consumer Discretionary,Consumer Durables & Apparel,Adj,May,EPS,CY2028,,,,,,,,4.98,,4.729,-5.0%,3.92,-17.1%,3.489,-11.0%,3.056,-12.4%,3.017,-1.3%,2.931,-2.9%,2.641,-9.9%,44.03,16.7,-24.3%,-30.9%,-32.6%,-23.1%
AS,Extended,Apparel,Consumer Discretionary,Consumer Durables & Apparel,Adj,Dec,EPS,CY2025,,,,,,,,0.674,,0.702,+4.2%,0.688,-2.0%,0.698,+1.5%,0.749,+7.3%,0.846,+13.0%,0.929,+9.8%,0.931,+0.2%,33.9,36.4,+33.4%,-9.2%,-12.3%,+42.9%
AS,Extended,Apparel,Consumer Discretionary,Consumer Durables & Apparel,Adj,Dec,EPS,CY2026,,,,,,,,0.914,,0.933,+2.1%,0.946,+1.4%,0.938,-0.8%,0.983,+4.8%,1.119,+13.8%,1.174,+4.9%,1.167,-0.6%,33.9,29.0,+24.4%,-9.2%,-12.3%,+42.9%
AS,Extended,Apparel,Consumer Discretionary,Consumer Durables & Apparel,Adj,Dec,EPS,CY2027,,,,,,,,1.13,,1.232,+9.0%,1.173,-4.8%,1.178,+0.4%,1.224,+3.9%,1.394,+13.9%,1.467,+5.2%,1.492,+1.7%,33.9,22.7,+26.7%,-9.2%,-12.3%,+42.9%
AS,Extended,Apparel,Consumer Discretionary,Consumer Durables & Apparel,Adj,Dec,EPS,CY2028,,,,,,,,1.36,,1.54,+13.2%,1.377,-10.6%,1.44,+4.6%,1.493,+3.7%,1.808,+21.1%,1.756,-2.9%,1.844,+5.0%,33.9,18.4,+28.1%,-9.2%,-12.3%,+42.9%
GOOS,Extended,Apparel,Consumer Discretionary,Consumer Durables & Apparel,Adj,Mar,EPS,CY2025,,,,,,,,1.254,,1.236,-1.4%,1.072,-13.3%,1.097,+2.3%,1.02,-7.0%,1.032,+1.2%,0.964,-6.6%,0.797,-17.3%,10.78,13.5,-27.3%,-16.8%,-24.5%,+41.8%
GOOS,Extended,Apparel,Consumer Discretionary,Consumer Durables & Apparel,Adj,Mar,EPS,CY2026,,,,,,,,1.42,,1.469,+3.5%,1.183,-19.5%,1.036,-12.4%,1.107,+6.9%,1.149,+3.8%,1.143,-0.5%,1.002,-12.3%,10.78,10.8,-3.3%,-16.8%,-24.5%,+41.8%
GOOS,Extended,Apparel,Consumer Discretionary,Consumer Durables & Apparel,Adj,Mar,EPS,CY2027,,,,,,,,2.0,,2.077,+3.8%,1.825,-12.1%,1.49,-18.4%,0.998,-33.0%,1.073,+7.5%,1.296,+20.8%,1.193,-7.9%,10.78,9.0,-19.9%,-16.8%,-24.5%,+41.8%
GOOS,Extended,Apparel,Consumer Discretionary,Consumer Durables & Apparel,Adj,Mar,EPS,CY2028,,,,,,,,2.5,,2.615,+4.6%,2.09,-20.1%,1.87,-10.5%,1.49,-20.3%,1.98,+32.9%,2.17,+9.6%,2.11,-2.8%,10.78,5.1,+12.8%,-16.8%,-24.5%,+41.8%
GAP,Extended,Apparel,Consumer Discretionary,Consumer Discretionary Distrib,Adj,Jan,EPS,CY2025,,,,,,,,1.914,,2.038,+6.5%,2.137,+4.9%,2.399,+12.3%,2.205,-8.1%,2.088,-5.3%,2.149,+2.9%,2.155,+0.3%,25.35,11.8,-10.2%,-1.0%,-6.3%,+32.5%
GAP,Extended,Apparel,Consumer Discretionary,Consumer Discretionary Distrib,Adj,Jan,EPS,CY2026,,,,,,,,2.066,,2.219,+7.4%,2.329,+5.0%,2.577,+10.6%,2.354,-8.7%,2.174,-7.6%,2.296,+5.6%,2.339,+1.9%,25.35,10.8,-9.2%,-1.0%,-6.3%,+32.5%
GAP,Extended,Apparel,Consumer Discretionary,Consumer Discretionary Distrib,Adj,Jan,EPS,CY2027,,,,,,,,2.35,,2.44,+3.8%,2.55,+4.5%,2.727,+6.9%,2.567,-5.9%,2.404,-6.3%,2.51,+4.4%,2.609,+3.9%,25.35,9.7,-4.3%,-1.0%,-6.3%,+32.5%
GAP,Extended,Apparel,Consumer Discretionary,Consumer Discretionary Distrib,Adj,Jan,EPS,CY2028,,,,,,,,2.497,,2.597,+4.0%,2.753,+6.0%,2.897,+5.2%,2.91,+0.4%,2.72,-6.5%,2.865,+5.3%,2.907,+1.5%,25.35,8.7,+0.3%,-1.0%,-6.3%,+32.5%
CROX,Extended,Apparel,Consumer Discretionary,Consumer Durables & Apparel,Adj,Dec,EPS,CY2025,,,,,,,,13.725,,13.999,+2.0%,12.833,-8.3%,13.117,+2.2%,12.605,-3.9%,11.428,-9.3%,12.073,+5.6%,12.14,+0.6%,89.01,7.3,-7.4%,+4.1%,-0.1%,-11.6%
CROX,Extended,Apparel,Consumer Discretionary,Consumer Durables & Apparel,Adj,Dec,EPS,CY2026,,,,,,,,14.79,,14.92,+0.9%,13.658,-8.5%,14.085,+3.1%,13.144,-6.7%,11.226,-14.6%,11.941,+6.4%,13.288,+11.3%,89.01,6.7,-5.7%,+4.1%,-0.1%,-11.6%
CROX,Extended,Apparel,Consumer Discretionary,Consumer Durables & Apparel,Adj,Dec,EPS,CY2027,,,,,,,,16.817,,16.553,-1.6%,13.263,-19.9%,14.203,+7.1%,12.948,-8.8%,11.56,-10.7%,12.061,+4.3%,14.175,+17.5%,89.01,6.3,-0.2%,+4.1%,-0.1%,-11.6%
CROX,Extended,Apparel,Consumer Discretionary,Consumer Durables & Apparel,Adj,Dec,EPS,CY2028,,,,,,,,18.267,,17.923,-1.9%,13.84,-22.8%,15.2,+9.8%,15.67,+3.1%,13.605,-13.2%,13.84,+1.7%,14.537,+5.0%,89.01,6.1,-4.4%,+4.1%,-0.1%,-11.6%
SN,Extended,Apparel,Consumer Discretionary,Consumer Durables & Apparel,Adj,Dec,EPS,CY2025,,,,,,,,4.327,,4.908,+13.4%,4.865,-0.9%,4.955,+1.8%,5.037,+1.7%,5.124,+1.7%,5.148,+0.5%,5.157,+0.2%,108.48,21.0,+4.1%,-3.1%,-7.5%,+54.8%
SN,Extended,Apparel,Consumer Discretionary,Consumer Durables & Apparel,Adj,Dec,EPS,CY2026,,,,,,,,4.988,,5.696,+14.2%,5.605,-1.6%,5.709,+1.9%,5.772,+1.1%,5.934,+2.8%,5.956,+0.4%,6.053,+1.6%,108.48,17.9,+6.0%,-3.1%,-7.5%,+54.8%
SN,Extended,Apparel,Consumer Discretionary,Consumer Durables & Apparel,Adj,Dec,EPS,CY2027,,,,,,,,5.18,,6.545,+26.4%,6.5,-0.7%,6.558,+0.9%,6.596,+0.6%,6.852,+3.9%,6.734,-1.7%,6.927,+2.9%,108.48,15.7,+5.6%,-3.1%,-7.5%,+54.8%
SN,Extended,Apparel,Consumer Discretionary,Consumer Durables & Apparel,Adj,Dec,EPS,CY2028,,,,,,,,5.86,,7.49,+27.8%,7.76,+3.6%,8.02,+3.4%,8.2,+2.2%,7.89,-3.8%,7.73,-2.0%,7.854,+1.6%,108.48,13.8,-2.1%,-3.1%,-7.5%,+54.8%
ANF,Extended,Apparel,Consumer Discretionary,Consumer Discretionary Distrib,Adj,Jan,EPS,CY2025,,,,,,,,9.804,,10.604,+8.2%,11.356,+7.1%,11.129,-2.0%,10.19,-8.4%,9.985,-2.0%,9.798,-1.9%,9.726,-0.7%,97.41,10.0,-12.6%,-22.6%,-24.4%,+32.8%
ANF,Extended,Apparel,Consumer Discretionary,Consumer Discretionary Distrib,Adj,Jan,EPS,CY2026,,,,,,,,9.887,,11.14,+12.7%,11.938,+7.2%,11.93,-0.1%,10.678,-10.5%,10.317,-3.4%,10.168,-1.4%,10.728,+5.5%,97.41,9.1,-10.1%,-22.6%,-24.4%,+32.8%
ANF,Extended,Apparel,Consumer Discretionary,Consumer Discretionary Distrib,Adj,Jan,EPS,CY2027,,,,,,,,9.87,,10.46,+6.0%,9.93,-5.1%,13.164,+32.6%,10.976,-16.6%,10.658,-2.9%,10.513,-1.4%,11.835,+12.6%,97.41,8.2,-10.1%,-22.6%,-24.4%,+32.8%
ANF,Extended,Apparel,Consumer Discretionary,Consumer Discretionary Distrib,Adj,Jan,EPS,CY2028,,,,,,,,10.09,,10.7,+6.0%,10.15,-5.1%,10.97,+8.1%,11.06,+0.8%,9.17,-17.1%,9.36,+2.1%,13.083,+39.8%,97.41,7.4,+19.3%,-22.6%,-24.4%,+32.8%
AEO,Extended,Apparel,Consumer Discretionary,Consumer Discretionary Distrib,Adj,Jan,EPS,CY2025,,,,,,,,1.883,,1.892,+0.5%,1.834,-3.1%,1.513,-17.5%,0.793,-47.6%,1.162,+46.5%,1.342,+15.5%,1.378,+2.7%,17.48,12.7,-8.9%,-33.7%,-38.0%,+59.8%
AEO,Extended,Apparel,Consumer Discretionary,Consumer Discretionary Distrib,Adj,Jan,EPS,CY2026,,,,,,,,2.106,,2.119,+0.6%,2.04,-3.7%,1.62,-20.6%,1.183,-27.0%,1.378,+16.5%,1.629,+18.2%,1.757,+7.9%,17.48,9.9,+8.5%,-33.7%,-38.0%,+59.8%
AEO,Extended,Apparel,Consumer Discretionary,Consumer Discretionary Distrib,Adj,Jan,EPS,CY2027,,,,,,,,,,,,,,1.66,,1.42,-14.5%,1.478,+4.1%,1.807,+22.3%,1.972,+9.1%,17.48,8.9,+18.8%,-33.7%,-38.0%,+59.8%
AEO,Extended,Apparel,Consumer Discretionary,Consumer Discretionary Distrib,Adj,Jan,EPS,CY2028,,,,,,,,,,,,,,2.15,,1.93,-10.2%,1.7,-11.9%,1.89,+11.2%,2.249,+19.0%,17.48,7.8,+4.6%,-33.7%,-38.0%,+59.8%
URBN,Extended,Apparel,Consumer Discretionary,Consumer Discretionary Distrib,Adj,Jan,EPS,CY2025,,,,,,,,3.989,,3.847,-3.6%,4.215,+9.6%,4.689,+11.2%,5.027,+7.2%,5.226,+4.0%,5.294,+1.3%,5.271,-0.4%,66.53,12.6,+12.4%,-11.6%,-17.6%,+42.7%
URBN,Extended,Apparel,Consumer Discretionary,Consumer Discretionary Distrib,Adj,Jan,EPS,CY2026,,,,,,,,3.964,,3.438,-13.3%,4.327,+25.9%,5.117,+18.3%,5.425,+6.0%,5.64,+4.0%,5.816,+3.1%,5.887,+1.2%,66.53,11.3,+15.0%,-11.6%,-17.6%,+42.7%
URBN,Extended,Apparel,Consumer Discretionary,Consumer Discretionary Distrib,Adj,Jan,EPS,CY2027,,,,,,,,2.617,,2.647,+1.1%,2.64,-0.3%,4.809,+82.2%,5.885,+22.4%,6.174,+4.9%,6.387,+3.4%,6.432,+0.7%,66.53,10.3,+33.7%,-11.6%,-17.6%,+42.7%
URBN,Extended,Apparel,Consumer Discretionary,Consumer Discretionary Distrib,Adj,Jan,EPS,CY2028,,,,,,,,4.85,,2.575,-46.9%,2.575,+0.0%,4.087,+58.7%,4.383,+7.2%,5.535,+26.3%,5.895,+6.5%,6.7,+13.7%,66.53,9.9,+63.9%,-11.6%,-17.6%,+42.7%
BALL,Extended,Packaging,Materials,Materials,Adj,Dec,EPS,CY2025,,,,,,,,3.517,,3.553,+1.0%,3.532,-0.6%,3.491,-1.2%,3.537,+1.3%,3.591,+1.5%,3.569,-0.6%,3.567,-0.1%,59.73,16.7,+2.2%,+12.8%,+10.0%,+22.9%
BALL,Extended,Packaging,Materials,Materials,Adj,Dec,EPS,CY2026,,,,,,,,3.928,,3.972,+1.1%,3.947,-0.6%,3.904,-1.1%,3.999,+2.4%,4.028,+0.7%,3.996,-0.8%,3.968,-0.7%,59.73,15.1,+1.6%,+12.8%,+10.0%,+22.9%
BALL,Extended,Packaging,Materials,Materials,Adj,Dec,EPS,CY2027,,,,,,,,4.165,,4.407,+5.8%,4.37,-0.8%,4.259,-2.5%,4.477,+5.1%,4.457,-0.4%,4.439,-0.4%,4.505,+1.5%,59.73,13.3,+5.8%,+12.8%,+10.0%,+22.9%
BALL,Extended,Packaging,Materials,Materials,Adj,Dec,EPS,CY2028,,,,,,,,4.555,,4.73,+3.8%,4.735,+0.1%,4.81,+1.6%,4.92,+2.3%,4.85,-1.4%,4.98,+2.7%,5.041,+1.2%,59.73,11.8,+4.8%,+12.8%,+10.0%,+22.9%
CCK,Extended,Packaging,Materials,Materials,Adj,Dec,EPS,CY2025,,,,,,,,6.792,,6.915,+1.8%,6.858,-0.8%,6.845,-0.2%,7.066,+3.2%,7.402,+4.8%,7.763,+4.9%,7.758,-0.1%,103.22,13.3,+13.3%,+0.2%,-0.8%,+24.0%
CCK,Extended,Packaging,Materials,Materials,Adj,Dec,EPS,CY2026,,,,,,,,7.641,,7.718,+1.0%,7.55,-2.2%,7.534,-0.2%,7.675,+1.9%,7.948,+3.6%,8.258,+3.9%,8.113,-1.8%,103.22,12.7,+7.7%,+0.2%,-0.8%,+24.0%
CCK,Extended,Packaging,Materials,Materials,Adj,Dec,EPS,CY2027,,,,,,,,7.825,,8.05,+2.9%,8.215,+2.0%,8.148,-0.8%,8.314,+2.0%,8.64,+3.9%,9.029,+4.5%,8.865,-1.8%,103.22,11.6,+8.8%,+0.2%,-0.8%,+24.0%
CCK,Extended,Packaging,Materials,Materials,Adj,Dec,EPS,CY2028,,,,,,,,8.13,,8.425,+3.6%,8.615,+2.3%,8.605,-0.1%,8.83,+2.6%,8.97,+1.6%,9.84,+9.7%,9.573,-2.7%,103.22,10.8,+11.2%,+0.2%,-0.8%,+24.0%
SLGN,Extended,Packaging,Materials,Materials,Adj,Dec,EPS,CY2025,,,,,,,,3.971,,4.133,+4.1%,4.095,-0.9%,4.058,-0.9%,4.106,+1.2%,3.939,-4.1%,3.694,-6.2%,3.691,-0.1%,39.45,10.7,-9.0%,-2.3%,-5.9%,-17.5%
SLGN,Extended,Packaging,Materials,Materials,Adj,Dec,EPS,CY2026,,,,,,,,4.384,,4.53,+3.3%,4.469,-1.3%,4.42,-1.1%,4.482,+1.4%,4.327,-3.5%,3.856,-10.9%,3.793,-1.6%,39.45,10.4,-14.2%,-2.3%,-5.9%,-17.5%
SLGN,Extended,Packaging,Materials,Materials,Adj,Dec,EPS,CY2027,,,,,,,,4.44,,4.99,+12.4%,4.925,-1.3%,4.705,-4.5%,4.772,+1.4%,4.668,-2.2%,4.211,-9.8%,4.078,-3.2%,39.45,9.7,-13.3%,-2.3%,-5.9%,-17.5%
SLGN,Extended,Packaging,Materials,Materials,Adj,Dec,EPS,CY2028,,,,,,,,4.765,,5.31,+11.4%,5.275,-0.7%,4.915,-6.8%,4.955,+0.8%,4.835,-2.4%,4.78,-1.1%,4.419,-7.6%,39.45,8.9,-10.1%,-2.3%,-5.9%,-17.5%
OI,Extended,Packaging,Materials,Materials,Adj,Dec,EPS,CY2025,,,,,,,,2.283,,1.911,-16.3%,1.485,-22.3%,1.336,-10.0%,1.386,+3.7%,1.475,+6.4%,1.605,+8.8%,1.604,-0.1%,10.28,6.4,+20.1%,-30.4%,-35.2%,-2.4%
OI,Extended,Packaging,Materials,Materials,Adj,Dec,EPS,CY2026,,,,,,,,2.57,,2.261,-12.0%,1.913,-15.4%,1.805,-5.6%,1.833,+1.6%,1.881,+2.6%,1.94,+3.1%,1.721,-11.3%,10.28,6.0,-4.7%,-30.4%,-35.2%,-2.4%
OI,Extended,Packaging,Materials,Materials,Adj,Dec,EPS,CY2027,,,,,,,,2.6,,2.69,+3.5%,2.64,-1.9%,2.18,-17.4%,2.277,+4.4%,2.29,+0.6%,2.369,+3.4%,2.169,-8.4%,10.28,4.7,-0.5%,-30.4%,-35.2%,-2.4%
OI,Extended,Packaging,Materials,Materials,Adj,Dec,EPS,CY2028,,,,,,,,2.76,,2.8,+1.4%,2.93,+4.6%,2.69,-8.2%,2.705,+0.6%,2.81,+3.9%,2.85,+1.4%,2.578,-9.5%,10.28,4.0,-4.2%,-30.4%,-35.2%,-2.4%
AA,Extended,Packaging,Materials,Materials,Adj,Dec,EPS,CY2025,,,,,,,,2.495,,2.739,+9.8%,4.01,+46.4%,3.895,-2.9%,3.366,-13.6%,3.257,-3.2%,3.998,+22.8%,3.992,-0.2%,71.01,17.8,+2.5%,+33.6%,+11.7%,+186.2%
AA,Extended,Packaging,Materials,Materials,Adj,Dec,EPS,CY2026,,,,,,,,2.773,,2.911,+5.0%,3.318,+14.0%,3.312,-0.2%,2.812,-15.1%,2.791,-0.7%,4.122,+47.7%,5.522,+34.0%,71.01,12.9,+66.7%,+33.6%,+11.7%,+186.2%
AA,Extended,Packaging,Materials,Materials,Adj,Dec,EPS,CY2027,,,,,,,,,,,,3.43,,3.564,+3.9%,3.49,-2.1%,3.559,+2.0%,4.521,+27.0%,5.834,+29.0%,71.01,12.2,+63.7%,+33.6%,+11.7%,+186.2%
AA,Extended,Packaging,Materials,Materials,Adj,Dec,EPS,CY2028,,,,,,,,,,,,2.94,,3.113,+5.9%,3.313,+6.4%,3.09,-6.7%,3.957,+28.1%,5.3,+33.9%,71.01,13.4,+70.3%,+33.6%,+11.7%,+186.2%
PKG,Extended,Packaging,Materials,Materials,Adj,Dec,EPS,CY2025,,,,,,,,9.883,,10.598,+7.2%,11.285,+6.5%,10.803,-4.3%,10.238,-5.2%,10.297,+0.6%,9.945,-3.4%,9.933,-0.1%,205.4,20.7,-8.1%,-0.4%,-3.0%,+12.0%
PKG,Extended,Packaging,Materials,Materials,Adj,Dec,EPS,CY2026,,,,,,,,10.426,,11.51,+10.4%,12.347,+7.3%,11.958,-3.2%,11.169,-6.6%,11.649,+4.3%,11.495,-1.3%,10.988,-4.4%,205.4,18.7,-8.1%,-0.4%,-3.0%,+12.0%
PKG,Extended,Packaging,Materials,Materials,Adj,Dec,EPS,CY2027,,,,,,,,11.86,,12.06,+1.7%,12.485,+3.5%,12.547,+0.5%,11.659,-7.1%,12.431,+6.6%,12.499,+0.5%,12.475,-0.2%,205.4,16.5,-0.6%,-0.4%,-3.0%,+12.0%
PKG,Extended,Packaging,Materials,Materials,Adj,Dec,EPS,CY2028,,,,,,,,12.265,,12.655,+3.2%,13.095,+3.5%,13.755,+5.0%,13.055,-5.1%,14.657,+12.3%,14.043,-4.2%,13.841,-1.4%,205.4,14.8,+0.6%,-0.4%,-3.0%,+12.0%
GPK,Extended,Packaging,Materials,Materials,Adj,Dec,EPS,CY2025,,,,,,,,2.864,,2.878,+0.5%,2.685,-6.7%,2.537,-5.5%,2.037,-19.7%,2.056,+0.9%,1.911,-7.1%,1.865,-2.4%,9.6,5.1,-26.5%,-36.3%,-38.6%,-61.8%
GPK,Extended,Packaging,Materials,Materials,Adj,Dec,EPS,CY2026,,,,,,,,3.203,,3.152,-1.6%,2.922,-7.3%,2.774,-5.1%,2.418,-12.8%,2.248,-7.0%,1.897,-15.6%,0.889,-53.1%,9.6,10.8,-68.0%,-36.3%,-38.6%,-61.8%
GPK,Extended,Packaging,Materials,Materials,Adj,Dec,EPS,CY2027,,,,,,,,3.55,,3.51,-1.1%,3.32,-5.4%,2.972,-10.5%,2.578,-13.3%,2.553,-1.0%,2.191,-14.2%,1.233,-43.7%,9.6,7.8,-58.5%,-36.3%,-38.6%,-61.8%
GPK,Extended,Packaging,Materials,Materials,Adj,Dec,EPS,CY2028,,,,,,,,3.74,,3.71,-0.8%,3.53,-4.9%,3.39,-4.0%,3.3,-2.7%,3.25,-1.5%,2.48,-23.7%,1.35,-45.6%,9.6,7.1,-60.2%,-36.3%,-38.6%,-61.8%
SEE,Extended,Packaging,Materials,Materials,Adj,Dec,EPS,CY2025,,,,,,,,3.246,,3.171,-2.3%,3.149,-0.7%,3.105,-1.4%,3.104,-0.0%,3.174,+2.3%,3.298,+3.9%,3.298,+0.0%,42.1,12.8,+6.2%,+1.6%,+1.6%,+72.5%
SEE,Extended,Packaging,Materials,Materials,Adj,Dec,EPS,CY2026,,,,,,,,3.709,,3.558,-4.1%,3.432,-3.5%,3.335,-2.8%,3.32,-0.4%,3.338,+0.5%,3.353,+0.4%,3.397,+1.3%,42.1,12.4,+1.9%,+1.6%,+1.6%,+72.5%
SEE,Extended,Packaging,Materials,Materials,Adj,Dec,EPS,CY2027,,,,,,,,3.81,,3.59,-5.8%,3.57,-0.6%,3.652,+2.3%,3.574,-2.1%,3.595,+0.6%,3.629,+0.9%,3.723,+2.6%,42.1,11.3,+1.9%,+1.6%,+1.6%,+72.5%
SEE,Extended,Packaging,Materials,Materials,Adj,Dec,EPS,CY2028,,,,,,,,4.025,,3.81,-5.3%,3.785,-0.7%,3.815,+0.8%,3.78,-0.9%,3.8,+0.5%,3.95,+3.9%,4.12,+4.3%,42.1,10.2,+8.0%,+1.6%,+1.6%,+72.5%
IP,Extended,Packaging,Materials,Materials,Adj,Dec,EPS,CY2025,,,,,,,,2.898,,2.814,-2.9%,3.072,+9.2%,2.702,-12.0%,2.157,-20.2%,1.748,-19.0%,0.259,-85.2%,0.165,-36.3%,34.93,211.7,-93.9%,-11.3%,-14.8%,-27.2%
IP,Extended,Packaging,Materials,Materials,Adj,Dec,EPS,CY2026,,,,,,,,3.307,,3.483,+5.3%,3.82,+9.7%,3.592,-6.0%,3.348,-6.8%,3.061,-8.6%,2.209,-27.8%,1.677,-24.1%,34.93,20.8,-53.3%,-11.3%,-14.8%,-27.2%
IP,Extended,Packaging,Materials,Materials,Adj,Dec,EPS,CY2027,,,,,,,,3.355,,3.735,+11.3%,3.795,+1.6%,4.043,+6.5%,4.094,+1.3%,3.789,-7.4%,3.084,-18.6%,2.939,-4.7%,34.93,11.9,-27.3%,-11.3%,-14.8%,-27.2%
IP,Extended,Packaging,Materials,Materials,Adj,Dec,EPS,CY2028,,,,,,,,3.58,,3.92,+9.5%,4.357,+11.1%,4.65,+6.7%,4.29,-7.7%,4.51,+5.1%,3.42,-24.2%,3.389,-0.9%,34.93,10.3,-27.1%,-11.3%,-14.8%,-27.2%
MHK,Extended,Housing,Consumer Discretionary,Consumer Durables & Apparel,Adj,Dec,EPS,CY2025,,,,,,,,11.233,,11.695,+4.1%,10.959,-6.3%,9.602,-12.4%,9.129,-4.9%,9.068,-0.7%,8.94,-1.4%,8.938,-0.0%,96.94,10.8,-6.9%,-11.3%,-13.5%,-8.2%
MHK,Extended,Housing,Consumer Discretionary,Consumer Durables & Apparel,Adj,Dec,EPS,CY2026,,,,,,,,13.202,,13.414,+1.6%,12.945,-3.5%,11.53,-10.9%,10.693,-7.3%,10.64,-0.5%,9.967,-6.3%,9.636,-3.3%,96.94,10.1,-16.4%,-11.3%,-13.5%,-8.2%
MHK,Extended,Housing,Consumer Discretionary,Consumer Durables & Apparel,Adj,Dec,EPS,CY2027,,,,,,,,16.095,,14.88,-7.5%,13.24,-11.0%,12.66,-4.4%,12.204,-3.6%,12.207,+0.0%,11.618,-4.8%,11.118,-4.3%,96.94,8.7,-12.2%,-11.3%,-13.5%,-8.2%
MHK,Extended,Housing,Consumer Discretionary,Consumer Durables & Apparel,Adj,Dec,EPS,CY2028,,,,,,,,18.595,,16.77,-9.8%,15.27,-8.9%,14.73,-3.5%,14.23,-3.4%,,,12.575,-11.6%,12.719,+1.1%,96.94,7.6,-13.7%,-11.3%,-13.5%,-8.2%
JELD,Extended,Housing,Industrials,Capital Goods,Adj,Dec,EPS,CY2025,,,,,,,,1.71,,1.678,-1.9%,0.992,-40.9%,0.475,-52.1%,-0.418,-188.0%,0.039,+109.3%,-0.7,-1894.9%,-0.726,-3.7%,1.09,-1.5,-252.8%,-55.7%,-57.6%,-81.1%
JELD,Extended,Housing,Industrials,Capital Goods,Adj,Dec,EPS,CY2026,,,,,,,,2.45,,2.143,-12.5%,1.403,-34.5%,0.875,-37.6%,0.243,-72.2%,0.356,+46.5%,-0.309,-186.8%,-0.522,-68.9%,1.09,-2.1,-159.7%,-55.7%,-57.6%,-81.1%
JELD,Extended,Housing,Industrials,Capital Goods,Adj,Dec,EPS,CY2027,,,,,,,,,,,,,,1.47,,0.935,-36.4%,0.68,-27.3%,0.064,-90.6%,-0.45,-803.1%,1.09,-2.4,-130.6%,-55.7%,-57.6%,-81.1%
JELD,Extended,Housing,Industrials,Capital Goods,Adj,Dec,EPS,CY2028,,,,,,,,,,,,,,,,,,,,,,0.161,,1.09,6.8,,-55.7%,-57.6%,-81.1%
AMWD,Extended,Housing,Industrials,Capital Goods,Adj,Apr,EPS,CY2025,,,,,,,,9.008,,8.234,-8.6%,7.74,-6.0%,6.554,-15.3%,6.474,-1.2%,,,,,,,39.48,6.1,-28.1%,-26.8%,-29.1%,-31.2%
AMWD,Extended,Housing,Industrials,Capital Goods,Adj,Apr,EPS,CY2026,,,,,,,,10.408,,9.906,-4.8%,8.94,-9.8%,6.778,-24.2%,5.054,-25.4%,4.282,-15.3%,3.148,-26.5%,2.387,-24.2%,39.48,16.5,-64.8%,-26.8%,-29.1%,-31.2%
AMWD,Extended,Housing,Industrials,Capital Goods,Adj,Apr,EPS,CY2027,,,,,,,,,,,,10.585,,8.247,-22.1%,6.41,-22.3%,5.69,-11.2%,3.85,-32.3%,1.94,-49.6%,39.48,20.4,-76.5%,-26.8%,-29.1%,-31.2%
AMWD,Extended,Housing,Industrials,Capital Goods,Adj,Apr,EPS,CY2028,,,,,,,,,,,,,,,,,,,,2.48,,2.375,-4.2%,39.48,16.6,,-26.8%,-29.1%,-31.2%
MAS,Extended,Housing,Industrials,Capital Goods,Adj,Dec,EPS,CY2025,,,,,,,,4.568,,4.513,-1.2%,4.422,-2.0%,4.314,-2.4%,3.525,-18.3%,4.042,+14.7%,3.934,-2.7%,3.933,-0.0%,59.69,15.2,-8.8%,-5.9%,-9.6%,-5.1%
MAS,Extended,Housing,Industrials,Capital Goods,Adj,Dec,EPS,CY2026,,,,,,,,5.025,,4.939,-1.7%,4.876,-1.3%,4.759,-2.4%,4.013,-15.7%,4.374,+9.0%,4.208,-3.8%,4.199,-0.2%,59.69,14.2,-11.8%,-5.9%,-9.6%,-5.1%
MAS,Extended,Housing,Industrials,Capital Goods,Adj,Dec,EPS,CY2027,,,,,,,,5.79,,5.665,-2.2%,5.49,-3.1%,5.238,-4.6%,4.716,-10.0%,4.838,+2.6%,4.686,-3.1%,4.622,-1.4%,59.69,12.9,-11.8%,-5.9%,-9.6%,-5.1%
MAS,Extended,Housing,Industrials,Capital Goods,Adj,Dec,EPS,CY2028,,,,,,,,6.17,,6.02,-2.4%,6.03,+0.2%,6.02,-0.2%,5.72,-5.0%,5.74,+0.3%,5.44,-5.2%,5.117,-5.9%,59.69,11.7,-15.0%,-5.9%,-9.6%,-5.1%
FBIN,Extended,Housing,Industrials,Capital Goods,Adj,Dec,EPS,CY2025,,,,,,,,4.821,,4.755,-1.4%,4.542,-4.5%,4.24,-6.6%,3.774,-11.0%,3.825,+1.4%,3.748,-2.0%,3.74,-0.2%,37.74,10.1,-11.8%,-24.6%,-29.2%,-28.8%
FBIN,Extended,Housing,Industrials,Capital Goods,Adj,Dec,EPS,CY2026,,,,,,,,5.533,,5.395,-2.5%,5.116,-5.2%,4.759,-7.0%,4.221,-11.3%,4.235,+0.3%,4.123,-2.6%,3.471,-15.8%,37.74,10.9,-27.1%,-24.6%,-29.2%,-28.8%
FBIN,Extended,Housing,Industrials,Capital Goods,Adj,Dec,EPS,CY2027,,,,,,,,6.03,,5.95,-1.3%,5.63,-5.4%,5.342,-5.1%,5.068,-5.1%,4.803,-5.2%,4.649,-3.2%,3.914,-15.8%,37.74,9.6,-26.7%,-24.6%,-29.2%,-28.8%
FBIN,Extended,Housing,Industrials,Capital Goods,Adj,Dec,EPS,CY2028,,,,,,,,6.59,,6.67,+1.2%,6.43,-3.6%,6.19,-3.7%,5.69,-8.1%,5.76,+1.2%,,,4.535,-21.3%,37.74,8.3,-26.7%,-24.6%,-29.2%,-28.8%
TOL,Extended,Housing,Consumer Discretionary,Consumer Durables & Apparel,Adj,Oct,EPS,CY2025,,,,,,,,14.128,,14.6,+3.3%,14.298,-2.1%,13.903,-2.8%,13.985,+0.6%,13.829,-1.1%,13.796,-0.2%,,,137.81,10.0,-3.5%,+1.9%,+1.3%,+36.6%
TOL,Extended,Housing,Consumer Discretionary,Consumer Durables & Apparel,Adj,Oct,EPS,CY2026,,,,,,,,15.643,,15.969,+2.1%,15.75,-1.4%,15.197,-3.5%,14.283,-6.0%,13.902,-2.7%,12.993,-6.5%,12.835,-1.2%,137.81,10.7,-15.5%,+1.9%,+1.3%,+36.6%
TOL,Extended,Housing,Consumer Discretionary,Consumer Durables & Apparel,Adj,Oct,EPS,CY2027,,,,,,,,19.83,,19.51,-1.6%,17.863,-8.4%,17.122,-4.1%,16.199,-5.4%,15.368,-5.1%,14.457,-5.9%,14.268,-1.3%,137.81,9.7,-16.7%,+1.9%,+1.3%,+36.6%
TOL,Extended,Housing,Consumer Discretionary,Consumer Durables & Apparel,Adj,Oct,EPS,CY2028,,,,,,,,22.045,,21.475,-2.6%,21.37,-0.5%,20.485,-4.1%,19.97,-2.5%,19.13,-4.2%,16.858,-11.9%,16.16,-4.1%,137.81,8.5,-21.1%,+1.9%,+1.3%,+36.6%
KBH,Extended,Housing,Consumer Discretionary,Consumer Durables & Apparel,Adj,Nov,EPS,CY2025,,,,,,,,8.842,,9.116,+3.1%,8.936,-2.0%,7.189,-19.6%,6.643,-7.6%,6.429,-3.2%,6.416,-0.2%,,,51.34,8.0,-28.2%,-9.0%,-10.2%,-10.8%
KBH,Extended,Housing,Consumer Discretionary,Consumer Durables & Apparel,Adj,Nov,EPS,CY2026,,,,,,,,9.81,,10.076,+2.7%,9.982,-0.9%,7.59,-24.0%,6.669,-12.1%,6.14,-7.9%,4.258,-30.7%,3.485,-18.2%,51.34,14.7,-54.1%,-9.0%,-10.2%,-10.8%
KBH,Extended,Housing,Consumer Discretionary,Consumer Durables & Apparel,Adj,Nov,EPS,CY2027,,,,,,,,12.16,,12.49,+2.7%,12.08,-3.3%,8.953,-25.9%,7.913,-11.6%,7.267,-8.2%,5.627,-22.6%,4.806,-14.6%,51.34,10.7,-46.3%,-9.0%,-10.2%,-10.8%
KBH,Extended,Housing,Consumer Discretionary,Consumer Durables & Apparel,Adj,Nov,EPS,CY2028,,,,,,,,13.74,,13.66,-0.6%,13.44,-1.6%,11.18,-16.8%,10.33,-7.6%,10.02,-3.0%,6.653,-33.6%,6.22,-6.5%,51.34,8.3,-44.4%,-9.0%,-10.2%,-10.8%
LEN,Extended,Housing,Consumer Discretionary,Consumer Durables & Apparel,Adj,Nov,EPS,CY2025,,,,,,,,16.07,,16.057,-0.1%,13.204,-17.8%,10.252,-22.4%,8.789,-14.3%,8.31,-5.4%,8.293,-0.2%,,,88.57,10.7,-37.2%,-13.8%,-16.7%,-20.2%
LEN,Extended,Housing,Consumer Discretionary,Consumer Durables & Apparel,Adj,Nov,EPS,CY2026,,,,,,,,17.902,,17.935,+0.2%,16.048,-10.5%,12.039,-25.0%,9.918,-17.6%,8.952,-9.7%,7.274,-18.7%,6.161,-15.3%,88.57,14.4,-48.8%,-13.8%,-16.7%,-20.2%
LEN,Extended,Housing,Consumer Discretionary,Consumer Durables & Apparel,Adj,Nov,EPS,CY2027,,,,,,,,21.37,,21.18,-0.9%,18.543,-12.5%,14.648,-21.0%,12.448,-15.0%,10.866,-12.7%,8.966,-17.5%,7.62,-15.0%,88.57,11.6,-48.0%,-13.8%,-16.7%,-20.2%
LEN,Extended,Housing,Consumer Discretionary,Consumer Durables & Apparel,Adj,Nov,EPS,CY2028,,,,,,,,23.525,,23.235,-1.2%,20.35,-12.4%,18.085,-11.1%,16.63,-8.0%,14.17,-14.8%,11.905,-16.0%,10.882,-8.6%,88.57,8.1,-39.8%,-13.8%,-16.7%,-20.2%
LGIH,Extended,Housing,Consumer Discretionary,Consumer Durables & Apparel,Adj,Dec,EPS,CY2025,,,,,,,,11.798,,11.653,-1.2%,10.597,-9.1%,8.107,-23.5%,5.912,-27.1%,3.872,-34.5%,3.428,-11.5%,3.333,-2.8%,38.85,11.7,-58.9%,-9.6%,-11.4%,-39.9%
LGIH,Extended,Housing,Consumer Discretionary,Consumer Durables & Apparel,Adj,Dec,EPS,CY2026,,,,,,,,,,13.11,,12.706,-3.1%,9.976,-21.5%,8.55,-14.3%,5.295,-38.1%,4.428,-16.4%,2.58,-41.7%,38.85,15.1,-74.1%,-9.6%,-11.4%,-39.9%
LGIH,Extended,Housing,Consumer Discretionary,Consumer Durables & Apparel,Adj,Dec,EPS,CY2027,,,,,,,,,,,,,,,,,,8.72,,7.187,-17.6%,3.343,-53.5%,38.85,11.6,,-9.6%,-11.4%,-39.9%
LGIH,Extended,Housing,Consumer Discretionary,Consumer Durables & Apparel,Adj,Dec,EPS,CY2028,,,,,,,,,,,,,,,,,,,,,,,,38.85,,,-9.6%,-11.4%,-39.9%
WMS,Extended,Housing,Industrials,Capital Goods,Adj,Mar,EPS,CY2025,,,,,,,,7.596,,7.476,-1.6%,6.721,-10.1%,6.427,-4.4%,5.614,-12.6%,5.702,+1.6%,5.952,+4.4%,6.154,+3.4%,140.72,22.9,-4.2%,-2.8%,-5.9%,+39.2%
WMS,Extended,Housing,Industrials,Capital Goods,Adj,Mar,EPS,CY2026,,,,,,,,8.527,,8.158,-4.3%,7.478,-8.3%,7.13,-4.7%,6.283,-11.9%,6.385,+1.6%,6.433,+0.8%,6.887,+7.1%,140.72,20.4,-3.4%,-2.8%,-5.9%,+39.2%
WMS,Extended,Housing,Industrials,Capital Goods,Adj,Mar,EPS,CY2027,,,,,,,,8.36,,8.48,+1.4%,8.47,-0.1%,7.983,-5.7%,7.263,-9.0%,7.264,+0.0%,7.326,+0.9%,7.68,+4.8%,140.72,18.3,-3.8%,-2.8%,-5.9%,+39.2%
WMS,Extended,Housing,Industrials,Capital Goods,Adj,Mar,EPS,CY2028,,,,,,,,,,,,8.99,,8.94,-0.6%,7.89,-11.7%,7.88,-0.1%,7.945,+0.8%,8.345,+5.0%,140.72,16.9,-6.7%,-2.8%,-5.9%,+39.2%
POOL,Extended,Housing,Consumer Discretionary,Consumer Discretionary Distrib,Adj,Dec,EPS,CY2025,,,,,,,,12.549,,12.084,-3.7%,12.058,-0.2%,11.308,-6.2%,10.993,-2.8%,10.885,-1.0%,10.885,+0.0%,10.887,+0.0%,204.69,18.8,-3.7%,-10.5%,-14.5%,-35.0%
POOL,Extended,Housing,Consumer Discretionary,Consumer Discretionary Distrib,Adj,Dec,EPS,CY2026,,,,,,,,13.525,,13.09,-3.2%,13.529,+3.4%,12.529,-7.4%,11.979,-4.4%,11.758,-1.8%,11.622,-1.2%,11.01,-5.3%,204.69,18.6,-12.1%,-10.5%,-14.5%,-35.0%
POOL,Extended,Housing,Consumer Discretionary,Consumer Discretionary Distrib,Adj,Dec,EPS,CY2027,,,,,,,,,,,,15.13,,13.831,-8.6%,13.168,-4.8%,12.868,-2.3%,12.748,-0.9%,11.91,-6.6%,204.69,17.2,-13.9%,-10.5%,-14.5%,-35.0%
POOL,Extended,Housing,Consumer Discretionary,Consumer Discretionary Distrib,Adj,Dec,EPS,CY2028,,,,,,,,,,,,17.66,,16.71,-5.4%,15.7,-6.0%,15.08,-3.9%,13.653,-9.5%,13.134,-3.8%,204.69,15.6,-21.4%,-10.5%,-14.5%,-35.0%
ALLE,Extended,Housing,Industrials,Capital Goods,Adj,Dec,EPS,CY2025,,,,,,,,7.6,,7.685,+1.1%,7.792,+1.4%,7.773,-0.2%,7.842,+0.9%,8.125,+3.6%,8.183,+0.7%,8.185,+0.0%,140.18,17.1,+5.3%,-12.0%,-13.4%,+13.4%
ALLE,Extended,Housing,Industrials,Capital Goods,Adj,Dec,EPS,CY2026,,,,,,,,8.448,,8.339,-1.3%,8.495,+1.9%,8.402,-1.1%,8.473,+0.8%,8.792,+3.8%,8.893,+1.1%,8.807,-1.0%,140.18,15.9,+4.8%,-12.0%,-13.4%,+13.4%
ALLE,Extended,Housing,Industrials,Capital Goods,Adj,Dec,EPS,CY2027,,,,,,,,9.667,,9.593,-0.8%,9.77,+1.8%,9.2,-5.8%,9.297,+1.1%,9.441,+1.5%,9.686,+2.6%,9.485,-2.1%,140.18,14.8,+3.1%,-12.0%,-13.4%,+13.4%
ALLE,Extended,Housing,Industrials,Capital Goods,Adj,Dec,EPS,CY2028,,,,,,,,9.99,,9.86,-1.3%,10.09,+2.3%,10.02,-0.7%,10.333,+3.1%,10.933,+5.8%,11.117,+1.7%,10.258,-7.7%,140.18,13.7,+2.4%,-12.0%,-13.4%,+13.4%
FDX,Extended,Transportation,Industrials,Transportation,Adj,May,EPS,CY2025,,,,,,,,21.092,,19.7,-6.6%,19.177,-2.7%,18.201,-5.1%,17.973,-1.3%,,,,,,,358.84,20.0,-14.8%,+24.2%,+16.5%,+70.8%
FDX,Extended,Transportation,Industrials,Transportation,Adj,May,EPS,CY2026,,,,,,,,24.291,,23.141,-4.7%,22.743,-1.7%,20.505,-9.8%,18.399,-10.3%,18.02,-2.1%,18.568,+3.0%,19.593,+5.5%,358.84,18.3,-4.4%,+24.2%,+16.5%,+70.8%
FDX,Extended,Transportation,Industrials,Transportation,Adj,May,EPS,CY2027,,,,,,,,25.894,,25.795,-0.4%,25.818,+0.1%,23.366,-9.5%,20.844,-10.8%,20.77,-0.4%,21.166,+1.9%,22.423,+5.9%,358.84,16.0,-4.0%,+24.2%,+16.5%,+70.8%
FDX,Extended,Transportation,Industrials,Transportation,Adj,May,EPS,CY2028,,,,,,,,30.13,,29.632,-1.7%,29.059,-1.9%,25.854,-11.0%,23.276,-10.0%,23.158,-0.5%,23.464,+1.3%,25.658,+9.4%,358.84,14.0,-0.8%,+24.2%,+16.5%,+70.8%
UPS,Extended,Transportation,Industrials,Transportation,Adj,Dec,EPS,CY2025,,,,,,,,9.772,,8.85,-9.4%,8.708,-1.6%,7.77,-10.8%,6.992,-10.0%,6.496,-7.1%,6.881,+5.9%,6.891,+0.1%,97.16,14.1,-11.3%,-2.0%,-7.7%,-0.6%
UPS,Extended,Transportation,Industrials,Transportation,Adj,Dec,EPS,CY2026,,,,,,,,11.153,,10.185,-8.7%,9.952,-2.3%,8.686,-12.7%,7.865,-9.5%,7.215,-8.3%,7.143,-1.0%,7.046,-1.4%,97.16,13.8,-18.9%,-2.0%,-7.7%,-0.6%
UPS,Extended,Transportation,Industrials,Transportation,Adj,Dec,EPS,CY2027,,,,,,,,12.757,,11.482,-10.0%,11.247,-2.0%,9.179,-18.4%,8.634,-5.9%,8.112,-6.0%,7.941,-2.1%,7.956,+0.2%,97.16,12.2,-13.3%,-2.0%,-7.7%,-0.6%
UPS,Extended,Transportation,Industrials,Transportation,Adj,Dec,EPS,CY2028,,,,,,,,13.507,,12.847,-4.9%,12.063,-6.1%,9.09,-24.6%,9.332,+2.7%,8.422,-9.8%,8.615,+2.3%,8.437,-2.1%,97.16,11.5,-7.2%,-2.0%,-7.7%,-0.6%
XPO,Extended,Transportation,Industrials,Transportation,Adj,Dec,EPS,CY2025,,,,,,,,4.769,,4.511,-5.4%,4.37,-3.1%,4.069,-6.9%,3.621,-11.0%,3.677,+1.5%,3.655,-0.6%,3.617,-1.0%,205.12,56.7,-11.1%,+50.9%,+36.3%,+124.1%
XPO,Extended,Transportation,Industrials,Transportation,Adj,Dec,EPS,CY2026,,,,,,,,5.611,,5.516,-1.7%,5.549,+0.6%,5.311,-4.3%,4.624,-12.9%,4.591,-0.7%,4.453,-3.0%,4.485,+0.7%,205.12,45.7,-15.6%,+50.9%,+36.3%,+124.1%
XPO,Extended,Transportation,Industrials,Transportation,Adj,Dec,EPS,CY2027,,,,,,,,6.818,,6.608,-3.1%,6.514,-1.4%,6.382,-2.0%,5.384,-15.6%,5.517,+2.5%,5.61,+1.7%,5.726,+2.1%,205.12,35.8,-10.3%,+50.9%,+36.3%,+124.1%
XPO,Extended,Transportation,Industrials,Transportation,Adj,Dec,EPS,CY2028,,,,,,,,8.053,,7.777,-3.4%,7.673,-1.3%,7.51,-2.1%,6.697,-10.8%,6.82,+1.8%,7.138,+4.7%,7.291,+2.1%,205.12,28.1,-2.9%,+50.9%,+36.3%,+124.1%
EXPD,Extended,Transportation,Industrials,Transportation,Adj,Dec,EPS,CY2025,,,,,,,,5.167,,5.308,+2.7%,5.406,+1.8%,5.511,+1.9%,5.371,-2.5%,5.509,+2.6%,5.848,+6.2%,5.912,+1.1%,145.47,24.6,+7.3%,-2.4%,-7.6%,+33.5%
EXPD,Extended,Transportation,Industrials,Transportation,Adj,Dec,EPS,CY2026,,,,,,,,5.555,,5.728,+3.1%,5.751,+0.4%,5.772,+0.4%,5.502,-4.7%,5.612,+2.0%,5.904,+5.2%,6.038,+2.3%,145.47,24.1,+4.6%,-2.4%,-7.6%,+33.5%
EXPD,Extended,Transportation,Industrials,Transportation,Adj,Dec,EPS,CY2027,,,,,,,,5.995,,6.133,+2.3%,6.237,+1.7%,5.923,-5.0%,5.891,-0.5%,6.038,+2.5%,6.394,+5.9%,6.531,+2.1%,145.47,22.3,+10.3%,-2.4%,-7.6%,+33.5%
EXPD,Extended,Transportation,Industrials,Transportation,Adj,Dec,EPS,CY2028,,,,,,,,6.34,,6.46,+1.9%,6.58,+1.9%,6.68,+1.5%,6.34,-5.1%,6.543,+3.2%,6.523,-0.3%,7.046,+8.0%,145.47,20.6,+5.5%,-2.4%,-7.6%,+33.5%
CHRW,Extended,Transportation,Industrials,Transportation,Adj,Dec,EPS,CY2025,,,,,,,,4.19,,4.661,+11.2%,4.911,+5.4%,4.86,-1.0%,4.748,-2.3%,4.941,+4.1%,4.983,+0.9%,4.981,-0.0%,169.01,33.9,+2.5%,+5.1%,+0.8%,+85.8%
CHRW,Extended,Transportation,Industrials,Transportation,Adj,Dec,EPS,CY2026,,,,,,,,4.532,,4.988,+10.1%,5.619,+12.7%,5.674,+1.0%,5.456,-3.8%,5.589,+2.4%,5.99,+7.2%,6.045,+0.9%,169.01,28.0,+6.5%,+5.1%,+0.8%,+85.8%
CHRW,Extended,Transportation,Industrials,Transportation,Adj,Dec,EPS,CY2027,,,,,,,,5.14,,5.278,+2.7%,5.952,+12.8%,5.888,-1.1%,5.663,-3.8%,6.089,+7.5%,6.837,+12.3%,7.127,+4.2%,169.01,23.7,+21.0%,+5.1%,+0.8%,+85.8%
CHRW,Extended,Transportation,Industrials,Transportation,Adj,Dec,EPS,CY2028,,,,,,,,5.48,,5.62,+2.6%,6.118,+8.9%,6.26,+2.3%,6.088,-2.7%,7.17,+17.8%,7.422,+3.5%,7.972,+7.4%,169.01,21.2,+27.3%,+5.1%,+0.8%,+85.8%
KNX,Extended,Transportation,Industrials,Transportation,Adj,Dec,EPS,CY2025,,,,,,,,2.729,,2.404,-11.9%,2.098,-12.7%,1.966,-6.3%,1.509,-23.2%,1.436,-4.8%,1.33,-7.4%,1.292,-2.9%,59.75,46.2,-34.3%,+14.3%,+8.6%,+53.3%
KNX,Extended,Transportation,Industrials,Transportation,Adj,Dec,EPS,CY2026,,,,,,,,4.111,,3.669,-10.8%,3.482,-5.1%,3.273,-6.0%,2.528,-22.8%,2.316,-8.4%,2.029,-12.4%,1.916,-5.6%,59.75,31.2,-41.5%,+14.3%,+8.6%,+53.3%
KNX,Extended,Transportation,Industrials,Transportation,Adj,Dec,EPS,CY2027,,,,,,,,4.96,,4.583,-7.6%,4.485,-2.1%,4.728,+5.4%,3.815,-19.3%,3.513,-7.9%,3.079,-12.4%,3.018,-2.0%,59.75,19.8,-36.2%,+14.3%,+8.6%,+53.3%
KNX,Extended,Transportation,Industrials,Transportation,Adj,Dec,EPS,CY2028,,,,,,,,5.295,,4.877,-7.9%,4.757,-2.5%,4.777,+0.4%,4.22,-11.7%,4.093,-3.0%,4.203,+2.7%,4.231,+0.7%,59.75,14.1,-11.4%,+14.3%,+8.6%,+53.3%
JBHT,Extended,Transportation,Industrials,Transportation,Adj,Dec,EPS,CY2025,,,,,,,,8.398,,7.391,-12.0%,7.138,-3.4%,6.291,-11.9%,5.635,-10.4%,5.56,-1.3%,5.998,+7.9%,6.03,+0.5%,217.37,36.0,-4.1%,+11.9%,+5.8%,+61.4%
JBHT,Extended,Transportation,Industrials,Transportation,Adj,Dec,EPS,CY2026,,,,,,,,9.505,,8.834,-7.1%,8.689,-1.6%,7.966,-8.3%,6.983,-12.3%,6.827,-2.2%,7.054,+3.3%,7.199,+2.1%,217.37,30.2,-9.6%,+11.9%,+5.8%,+61.4%
JBHT,Extended,Transportation,Industrials,Transportation,Adj,Dec,EPS,CY2027,,,,,,,,11.44,,10.14,-11.4%,10.108,-0.3%,9.248,-8.5%,8.285,-10.4%,7.985,-3.6%,8.482,+6.2%,8.824,+4.0%,217.37,24.6,-4.6%,+11.9%,+5.8%,+61.4%
JBHT,Extended,Transportation,Industrials,Transportation,Adj,Dec,EPS,CY2028,,,,,,,,12.548,,11.048,-12.0%,10.908,-1.3%,10.678,-2.1%,10.168,-4.8%,10.025,-1.4%,9.714,-3.1%,9.757,+0.4%,217.37,22.3,-8.6%,+11.9%,+5.8%,+61.4%
WERN,Extended,Transportation,Industrials,Transportation,Adj,Dec,EPS,CY2025,,,,,,,,2.143,,1.697,-20.8%,1.359,-19.9%,1.181,-13.1%,0.368,-68.8%,0.364,-1.1%,0.06,-83.5%,0.08,+33.3%,30.99,387.4,-93.2%,+3.3%,-5.5%,+11.1%
WERN,Extended,Transportation,Industrials,Transportation,Adj,Dec,EPS,CY2026,,,,,,,,3.097,,2.689,-13.2%,2.353,-12.5%,2.047,-13.0%,1.329,-35.1%,1.209,-9.0%,0.783,-35.2%,0.766,-2.2%,30.99,40.5,-62.6%,+3.3%,-5.5%,+11.1%
WERN,Extended,Transportation,Industrials,Transportation,Adj,Dec,EPS,CY2027,,,,,,,,3.4,,3.135,-7.8%,2.833,-9.6%,3.003,+6.0%,2.378,-20.8%,2.176,-8.5%,1.617,-25.7%,1.781,+10.1%,30.99,17.4,-40.7%,+3.3%,-5.5%,+11.1%
WERN,Extended,Transportation,Industrials,Transportation,Adj,Dec,EPS,CY2028,,,,,,,,3.72,,3.455,-7.1%,3.29,-4.8%,3.275,-0.5%,3.005,-8.2%,3.315,+10.3%,2.935,-11.5%,2.5,-14.8%,30.99,12.4,-23.7%,+3.3%,-5.5%,+11.1%
NOVOB,Extended,Pharma / Med Devices,Health Care,"Pharmaceuticals, Biotechnology",GAAP,Dec,EPS,CY2025,,,,,,,,28.97,,28.877,-0.3%,28.078,-2.8%,27.243,-3.0%,26.223,-3.7%,24.192,-7.7%,23.374,-3.4%,23.284,-0.4%,236.9,10.2,-14.5%,-27.2%,-35.3%,-45.4%
NOVOB,Extended,Pharma / Med Devices,Health Care,"Pharmaceuticals, Biotechnology",GAAP,Dec,EPS,CY2026,,,,,,,,34.721,,34.616,-0.3%,33.953,-1.9%,33.524,-1.3%,30.558,-8.8%,26.324,-13.9%,22.436,-14.8%,21.104,-5.9%,236.9,11.2,-37.0%,-27.2%,-35.3%,-45.4%
NOVOB,Extended,Pharma / Med Devices,Health Care,"Pharmaceuticals, Biotechnology",GAAP,Dec,EPS,CY2027,,,,,,,,38.421,,39.374,+2.5%,38.301,-2.7%,38.331,+0.1%,34.499,-10.0%,28.623,-17.0%,23.724,-17.1%,21.904,-7.7%,236.9,10.8,-42.9%,-27.2%,-35.3%,-45.4%
NOVOB,Extended,Pharma / Med Devices,Health Care,"Pharmaceuticals, Biotechnology",GAAP,Dec,EPS,CY2028,,,,,,,,43.248,,44.596,+3.1%,43.877,-1.6%,43.045,-1.9%,39.056,-9.3%,31.897,-18.3%,26.279,-17.6%,23.988,-8.7%,236.9,9.9,-44.3%,-27.2%,-35.3%,-45.4%
BIIB,Extended,Pharma / Med Devices,Health Care,"Pharmaceuticals, Biotechnology",Adj,Dec,EPS,CY2025,,,,,,,,17.337,,16.944,-2.3%,16.463,-2.8%,15.682,-4.7%,14.915,-4.9%,15.708,+5.3%,14.888,-5.2%,14.874,-0.1%,172.34,11.6,-5.2%,-2.1%,-5.6%,+40.1%
BIIB,Extended,Pharma / Med Devices,Health Care,"Pharmaceuticals, Biotechnology",Adj,Dec,EPS,CY2026,,,,,,,,18.985,,18.115,-4.6%,17.56,-3.1%,15.699,-10.6%,15.444,-1.6%,15.759,+2.0%,15.325,-2.8%,15.578,+1.7%,172.34,11.1,-0.8%,-2.1%,-5.6%,+40.1%
BIIB,Extended,Pharma / Med Devices,Health Care,"Pharmaceuticals, Biotechnology",Adj,Dec,EPS,CY2027,,,,,,,,20.823,,19.862,-4.6%,18.985,-4.4%,16.335,-14.0%,16.039,-1.8%,16.294,+1.6%,15.682,-3.8%,16.217,+3.4%,172.34,10.6,-0.7%,-2.1%,-5.6%,+40.1%
BIIB,Extended,Pharma / Med Devices,Health Care,"Pharmaceuticals, Biotechnology",Adj,Dec,EPS,CY2028,,,,,,,,22.538,,21.666,-3.9%,20.296,-6.3%,17.377,-14.4%,16.739,-3.7%,16.743,+0.0%,16.26,-2.9%,17.117,+5.3%,172.34,10.1,-1.5%,-2.1%,-5.6%,+40.1%
REGN,Extended,Pharma / Med Devices,Health Care,"Pharmaceuticals, Biotechnology",Adj,Dec,EPS,CY2025,,,,,,,,47.294,,48.612,+2.8%,44.661,-8.1%,42.241,-5.4%,35.182,-16.7%,39.91,+13.4%,43.428,+8.8%,43.529,+0.2%,763.04,17.5,+3.0%,-1.1%,-1.7%,+33.1%
REGN,Extended,Pharma / Med Devices,Health Care,"Pharmaceuticals, Biotechnology",Adj,Dec,EPS,CY2026,,,,,,,,52.715,,54.887,+4.1%,50.435,-8.1%,46.466,-7.9%,39.246,-15.5%,41.142,+4.8%,44.028,+7.0%,45.295,+2.9%,763.04,16.8,-2.5%,-1.1%,-1.7%,+33.1%
REGN,Extended,Pharma / Med Devices,Health Care,"Pharmaceuticals, Biotechnology",Adj,Dec,EPS,CY2027,,,,,,,,61.297,,63.457,+3.5%,58.18,-8.3%,54.839,-5.7%,47.606,-13.2%,48.584,+2.1%,51.792,+6.6%,52.488,+1.3%,763.04,14.5,-4.3%,-1.1%,-1.7%,+33.1%
REGN,Extended,Pharma / Med Devices,Health Care,"Pharmaceuticals, Biotechnology",Adj,Dec,EPS,CY2028,,,,,,,,66.699,,69.523,+4.2%,63.872,-8.1%,60.602,-5.1%,52.141,-14.0%,53.348,+2.3%,56.971,+6.8%,60.327,+5.9%,763.04,12.6,-0.5%,-1.1%,-1.7%,+33.1%
VRTX,Extended,Pharma / Med Devices,Health Care,"Pharmaceuticals, Biotechnology",Adj,Dec,EPS,CY2025,,,,,,,,18.325,,18.171,-0.8%,18.498,+1.8%,18.014,-2.6%,17.885,-0.7%,18.033,+0.8%,18.189,+0.9%,18.293,+0.6%,434.3,23.7,+1.5%,-4.2%,-7.3%,-8.5%
VRTX,Extended,Pharma / Med Devices,Health Care,"Pharmaceuticals, Biotechnology",Adj,Dec,EPS,CY2026,,,,,,,,20.692,,19.906,-3.8%,20.732,+4.1%,19.717,-4.9%,19.833,+0.6%,19.689,-0.7%,19.602,-0.4%,19.126,-2.4%,434.3,22.7,-3.0%,-4.2%,-7.3%,-8.5%
VRTX,Extended,Pharma / Med Devices,Health Care,"Pharmaceuticals, Biotechnology",Adj,Dec,EPS,CY2027,,,,,,,,22.8,,22.445,-1.6%,23.001,+2.5%,22.38,-2.7%,22.336,-0.2%,22.329,-0.0%,22.126,-0.9%,21.712,-1.9%,434.3,20.0,-3.0%,-4.2%,-7.3%,-8.5%
VRTX,Extended,Pharma / Med Devices,Health Care,"Pharmaceuticals, Biotechnology",Adj,Dec,EPS,CY2028,,,,,,,,25.899,,26.122,+0.9%,26.601,+1.8%,25.525,-4.0%,25.166,-1.4%,24.718,-1.8%,24.508,-0.8%,24.646,+0.6%,434.3,17.6,-3.4%,-4.2%,-7.3%,-8.5%
MRK,Extended,Pharma / Med Devices,Health Care,"Pharmaceuticals, Biotechnology",GAAP,Dec,EPS,CY2025,,,,,,,,9.361,,9.263,-1.0%,8.852,-4.4%,8.376,-5.4%,8.306,-0.8%,8.014,-3.5%,8.044,+0.4%,8.076,+0.4%,120.85,15.0,-3.6%,+14.8%,+11.0%,+48.3%
MRK,Extended,Pharma / Med Devices,Health Care,"Pharmaceuticals, Biotechnology",GAAP,Dec,EPS,CY2026,,,,,,,,10.147,,10.194,+0.5%,9.73,-4.6%,9.314,-4.3%,9.25,-0.7%,8.808,-4.8%,7.489,-15.0%,4.241,-43.4%,120.85,28.5,-54.5%,+14.8%,+11.0%,+48.3%
MRK,Extended,Pharma / Med Devices,Health Care,"Pharmaceuticals, Biotechnology",GAAP,Dec,EPS,CY2027,,,,,,,,11.155,,11.167,+0.1%,10.527,-5.7%,10.255,-2.6%,10.201,-0.5%,9.659,-5.3%,9.252,-4.2%,8.81,-4.8%,120.85,13.7,-14.1%,+14.8%,+11.0%,+48.3%
MRK,Extended,Pharma / Med Devices,Health Care,"Pharmaceuticals, Biotechnology",GAAP,Dec,EPS,CY2028,,,,,,,,11.892,,11.381,-4.3%,10.522,-7.5%,10.033,-4.6%,10.173,+1.4%,9.741,-4.2%,9.95,+2.1%,9.625,-3.3%,120.85,12.6,-4.1%,+14.8%,+11.0%,+48.3%
JNJ,Extended,Pharma / Med Devices,Health Care,"Pharmaceuticals, Biotechnology",GAAP,Dec,EPS,CY2025,,,,,,,,9.18,,8.99,-2.1%,9.309,+3.5%,9.356,+0.5%,10.648,+13.8%,10.886,+2.2%,10.781,-1.0%,10.726,-0.5%,240.97,22.5,+14.6%,+16.4%,+17.7%,+57.3%
JNJ,Extended,Pharma / Med Devices,Health Care,"Pharmaceuticals, Biotechnology",GAAP,Dec,EPS,CY2026,,,,,,,,10.268,,10.183,-0.8%,9.856,-3.2%,9.654,-2.0%,10.01,+3.7%,10.221,+2.1%,10.675,+4.4%,10.703,+0.3%,240.97,22.5,+10.9%,+16.4%,+17.7%,+57.3%
JNJ,Extended,Pharma / Med Devices,Health Care,"Pharmaceuticals, Biotechnology",GAAP,Dec,EPS,CY2027,,,,,,,,9.993,,10.167,+1.7%,9.463,-6.9%,9.562,+1.0%,10.58,+10.6%,11.153,+5.4%,11.197,+0.4%,11.511,+2.8%,240.97,20.9,+20.4%,+16.4%,+17.7%,+57.3%
JNJ,Extended,Pharma / Med Devices,Health Care,"Pharmaceuticals, Biotechnology",GAAP,Dec,EPS,CY2028,,,,,,,,10.42,,10.757,+3.2%,10.06,-6.5%,10.67,+6.1%,10.83,+1.5%,11.618,+7.3%,12.213,+5.1%,12.486,+2.2%,240.97,19.3,+17.0%,+16.4%,+17.7%,+57.3%
ABT,Extended,Pharma / Med Devices,Health Care,Health Care Equipment & Servic,Adj,Dec,EPS,CY2025,,,,,,,,5.147,,5.142,-0.1%,5.157,+0.3%,5.146,-0.2%,5.154,+0.2%,5.147,-0.1%,5.152,+0.1%,5.152,+0.0%,102.3,19.9,+0.1%,-18.3%,-19.9%,-17.8%
ABT,Extended,Pharma / Med Devices,Health Care,Health Care Equipment & Servic,Adj,Dec,EPS,CY2026,,,,,,,,5.648,,5.637,-0.2%,5.708,+1.3%,5.699,-0.2%,5.68,-0.3%,5.676,-0.1%,5.683,+0.1%,5.641,-0.7%,102.3,18.1,-1.0%,-18.3%,-19.9%,-17.8%
ABT,Extended,Pharma / Med Devices,Health Care,Health Care Equipment & Servic,Adj,Dec,EPS,CY2027,,,,,,,,6.1,,6.113,+0.2%,6.292,+2.9%,6.319,+0.4%,6.272,-0.7%,6.273,+0.0%,6.263,-0.2%,6.217,-0.7%,102.3,16.5,-1.6%,-18.3%,-19.9%,-17.8%
ABT,Extended,Pharma / Med Devices,Health Care,Health Care Equipment & Servic,Adj,Dec,EPS,CY2028,,,,,,,,6.635,,6.649,+0.2%,6.861,+3.2%,6.904,+0.6%,6.887,-0.2%,6.921,+0.5%,6.824,-1.4%,6.817,-0.1%,102.3,15.0,-1.3%,-18.3%,-19.9%,-17.8%
PFE,Extended,Pharma / Med Devices,Health Care,"Pharmaceuticals, Biotechnology",Adj,Dec,EPS,CY2025,,,,,,,,2.743,,2.821,+2.8%,2.912,+3.2%,2.962,+1.7%,2.994,+1.1%,3.071,+2.6%,3.119,+1.6%,3.128,+0.3%,27.83,8.9,+5.6%,+11.8%,+9.4%,+21.2%
PFE,Extended,Pharma / Med Devices,Health Care,"Pharmaceuticals, Biotechnology",Adj,Dec,EPS,CY2026,,,,,,,,2.902,,3.019,+4.0%,3.026,+0.2%,3.058,+1.1%,3.08,+0.7%,3.146,+2.1%,2.985,-5.1%,2.96,-0.8%,27.83,9.4,-3.2%,+11.8%,+9.4%,+21.2%
PFE,Extended,Pharma / Med Devices,Health Care,"Pharmaceuticals, Biotechnology",Adj,Dec,EPS,CY2027,,,,,,,,2.961,,3.076,+3.9%,3.026,-1.6%,3.041,+0.5%,3.091,+1.6%,3.112,+0.7%,2.87,-7.8%,2.825,-1.6%,27.83,9.9,-7.1%,+11.8%,+9.4%,+21.2%
PFE,Extended,Pharma / Med Devices,Health Care,"Pharmaceuticals, Biotechnology",Adj,Dec,EPS,CY2028,,,,,,,,2.741,,2.863,+4.5%,2.82,-1.5%,2.844,+0.9%,2.813,-1.1%,2.766,-1.7%,2.522,-8.8%,2.45,-2.9%,27.83,11.4,-13.9%,+11.8%,+9.4%,+21.2%
GSK,Extended,Pharma / Med Devices,Health Care,"Pharmaceuticals, Biotechnology",Adj,Dec,EPS,CY2025,,,,,,,,3.549,,3.477,-2.0%,3.337,-4.0%,3.287,-1.5%,3.279,-0.2%,3.216,-1.9%,3.376,+5.0%,3.401,+0.7%,56.37,16.6,+3.5%,+14.9%,+11.5%,+54.3%
GSK,Extended,Pharma / Med Devices,Health Care,"Pharmaceuticals, Biotechnology",Adj,Dec,EPS,CY2026,,,,,,,,3.934,,3.845,-2.3%,3.651,-5.0%,3.644,-0.2%,3.599,-1.2%,3.554,-1.3%,3.648,+2.6%,3.575,-2.0%,56.37,15.8,-1.9%,+14.9%,+11.5%,+54.3%
GSK,Extended,Pharma / Med Devices,Health Care,"Pharmaceuticals, Biotechnology",Adj,Dec,EPS,CY2027,,,,,,,,4.301,,4.186,-2.7%,3.877,-7.4%,3.8,-2.0%,3.897,+2.6%,3.866,-0.8%,3.938,+1.9%,3.863,-1.9%,56.37,14.6,+1.7%,+14.9%,+11.5%,+54.3%
GSK,Extended,Pharma / Med Devices,Health Care,"Pharmaceuticals, Biotechnology",Adj,Dec,EPS,CY2028,,,,,,,,4.318,,4.239,-1.8%,3.923,-7.5%,3.739,-4.7%,4.07,+8.9%,4.085,+0.4%,4.217,+3.2%,4.082,-3.2%,56.37,13.8,+9.2%,+14.9%,+11.5%,+54.3%
BHC,Extended,Pharma / Med Devices,Health Care,"Pharmaceuticals, Biotechnology",Adj,Dec,EPS,CY2025,,,,,,,,3.902,,3.95,+1.2%,4.223,+6.9%,4.498,+6.5%,3.982,-11.5%,3.807,-4.4%,3.857,+1.3%,3.843,-0.4%,5.41,1.4,-14.6%,-22.2%,-29.1%,+1.5%
BHC,Extended,Pharma / Med Devices,Health Care,"Pharmaceuticals, Biotechnology",Adj,Dec,EPS,CY2026,,,,,,,,4.863,,4.77,-1.9%,4.886,+2.4%,4.653,-4.8%,4.38,-5.9%,4.263,-2.7%,4.18,-1.9%,4.377,+4.7%,5.41,1.2,-5.9%,-22.2%,-29.1%,+1.5%
BHC,Extended,Pharma / Med Devices,Health Care,"Pharmaceuticals, Biotechnology",Adj,Dec,EPS,CY2027,,,,,,,,4.66,,4.87,+4.5%,4.93,+1.2%,5.257,+6.6%,4.68,-11.0%,4.585,-2.0%,3.78,-17.6%,4.118,+8.9%,5.41,1.3,-21.7%,-22.2%,-29.1%,+1.5%
BHC,Extended,Pharma / Med Devices,Health Care,"Pharmaceuticals, Biotechnology",Adj,Dec,EPS,CY2028,,,,,,,,3.555,,3.807,+7.1%,3.813,+0.2%,3.92,+2.8%,3.69,-5.9%,3.627,-1.7%,3.305,-8.9%,3.28,-0.8%,5.41,1.6,-16.3%,-22.2%,-29.1%,+1.5%
TEVA,Extended,Pharma / Med Devices,Health Care,"Pharmaceuticals, Biotechnology",Adj,Dec,EPS,CY2025,,,,,,,,2.737,,2.798,+2.2%,2.847,+1.8%,2.567,-9.8%,2.56,-0.3%,2.576,+0.6%,2.616,+1.6%,2.607,-0.3%,29.82,11.4,+1.6%,-4.5%,-7.1%,+116.1%
TEVA,Extended,Pharma / Med Devices,Health Care,"Pharmaceuticals, Biotechnology",Adj,Dec,EPS,CY2026,,,,,,,,2.919,,3.003,+2.9%,2.992,-0.4%,2.718,-9.2%,2.769,+1.9%,2.773,+0.1%,2.756,-0.6%,2.706,-1.8%,29.82,11.0,-0.4%,-4.5%,-7.1%,+116.1%
TEVA,Extended,Pharma / Med Devices,Health Care,"Pharmaceuticals, Biotechnology",Adj,Dec,EPS,CY2027,,,,,,,,3.063,,3.128,+2.1%,3.115,-0.4%,3.003,-3.6%,3.08,+2.6%,3.219,+4.5%,3.124,-3.0%,3.081,-1.4%,29.82,9.7,+2.6%,-4.5%,-7.1%,+116.1%
TEVA,Extended,Pharma / Med Devices,Health Care,"Pharmaceuticals, Biotechnology",Adj,Dec,EPS,CY2028,,,,,,,,3.415,,3.47,+1.6%,3.63,+4.6%,3.373,-7.1%,3.24,-3.9%,3.465,+6.9%,3.352,-3.3%,3.432,+2.4%,29.82,8.7,+1.7%,-4.5%,-7.1%,+116.1%
BMY,Extended,Pharma / Med Devices,Health Care,"Pharmaceuticals, Biotechnology",Adj,Dec,EPS,CY2025,,,,,,,,6.888,,6.986,+1.4%,7.073,+1.2%,6.758,-4.5%,6.617,-2.1%,6.485,-2.0%,6.53,+0.7%,6.016,-7.9%,59.33,9.9,-11.0%,+10.0%,+9.0%,+7.3%
BMY,Extended,Pharma / Med Devices,Health Care,"Pharmaceuticals, Biotechnology",Adj,Dec,EPS,CY2026,,,,,,,,6.261,,6.381,+1.9%,6.319,-1.0%,6.123,-3.1%,5.986,-2.2%,6.013,+0.5%,6.031,+0.3%,6.257,+3.7%,59.33,9.5,+2.2%,+10.0%,+9.0%,+7.3%
BMY,Extended,Pharma / Med Devices,Health Care,"Pharmaceuticals, Biotechnology",Adj,Dec,EPS,CY2027,,,,,,,,6.404,,6.443,+0.6%,6.367,-1.2%,6.102,-4.2%,5.937,-2.7%,5.831,-1.8%,5.82,-0.2%,6.115,+5.1%,59.33,9.7,+0.2%,+10.0%,+9.0%,+7.3%
BMY,Extended,Pharma / Med Devices,Health Care,"Pharmaceuticals, Biotechnology",Adj,Dec,EPS,CY2028,,,,,,,,6.023,,5.934,-1.5%,5.955,+0.4%,5.778,-3.0%,5.479,-5.2%,5.493,+0.3%,5.388,-1.9%,5.404,+0.3%,59.33,11.0,-6.5%,+10.0%,+9.0%,+7.3%
ALGN,Extended,Pharma / Med Devices,Health Care,Health Care Equipment & Servic,Adj,Dec,EPS,CY2025,,,,,,,,10.919,,10.322,-5.5%,10.29,-0.3%,10.021,-2.6%,10.296,+2.7%,10.079,-2.1%,10.182,+1.0%,10.185,+0.0%,171.87,16.9,+1.6%,+10.1%,+2.5%,+12.0%
ALGN,Extended,Pharma / Med Devices,Health Care,Health Care Equipment & Servic,Adj,Dec,EPS,CY2026,,,,,,,,12.707,,11.963,-5.9%,11.807,-1.3%,11.098,-6.0%,11.243,+1.3%,10.828,-3.7%,10.917,+0.8%,11.307,+3.6%,171.87,15.2,+1.9%,+10.1%,+2.5%,+12.0%
ALGN,Extended,Pharma / Med Devices,Health Care,Health Care Equipment & Servic,Adj,Dec,EPS,CY2027,,,,,,,,14.617,,14.13,-3.3%,13.823,-2.2%,12.55,-9.2%,12.448,-0.8%,11.732,-5.8%,11.873,+1.2%,12.295,+3.6%,171.87,14.0,-2.0%,+10.1%,+2.5%,+12.0%
ALGN,Extended,Pharma / Med Devices,Health Care,Health Care Equipment & Servic,Adj,Dec,EPS,CY2028,,,,,,,,16.96,,16.175,-4.6%,16.065,-0.7%,14.323,-10.8%,13.693,-4.4%,12.65,-7.6%,12.946,+2.3%,13.538,+4.6%,171.87,12.7,-5.5%,+10.1%,+2.5%,+12.0%
ZBH,Extended,Pharma / Med Devices,Health Care,Health Care Equipment & Servic,Adj,Dec,EPS,CY2025,,,,,,,,8.686,,8.607,-0.9%,8.565,-0.5%,8.213,-4.1%,7.98,-2.8%,8.159,+2.2%,8.17,+0.1%,8.173,+0.0%,91.0,11.1,-0.5%,+1.2%,-4.0%,-15.2%
ZBH,Extended,Pharma / Med Devices,Health Care,Health Care Equipment & Servic,Adj,Dec,EPS,CY2026,,,,,,,,9.321,,9.254,-0.7%,9.13,-1.3%,8.874,-2.8%,8.347,-5.9%,8.591,+2.9%,8.509,-1.0%,8.394,-1.4%,91.0,10.8,-5.4%,+1.2%,-4.0%,-15.2%
ZBH,Extended,Pharma / Med Devices,Health Care,Health Care Equipment & Servic,Adj,Dec,EPS,CY2027,,,,,,,,10.0,,9.996,-0.0%,9.689,-3.1%,9.511,-1.8%,9.054,-4.8%,9.285,+2.6%,9.01,-3.0%,8.993,-0.2%,91.0,10.1,-5.4%,+1.2%,-4.0%,-15.2%
ZBH,Extended,Pharma / Med Devices,Health Care,Health Care Equipment & Servic,Adj,Dec,EPS,CY2028,,,,,,,,9.972,,9.81,-1.6%,10.717,+9.2%,10.181,-5.0%,9.686,-4.9%,9.951,+2.7%,9.735,-2.2%,9.524,-2.2%,91.0,9.6,-6.5%,+1.2%,-4.0%,-15.2%
XRAY,Extended,Pharma / Med Devices,Health Care,Health Care Equipment & Servic,Adj,Dec,EPS,CY2025,,,,,,,,2.37,,2.309,-2.6%,1.917,-17.0%,1.824,-4.9%,1.893,+3.8%,1.883,-0.5%,1.603,-14.9%,1.601,-0.1%,11.64,7.3,-12.2%,+1.8%,-5.9%,-14.3%
XRAY,Extended,Pharma / Med Devices,Health Care,Health Care Equipment & Servic,Adj,Dec,EPS,CY2026,,,,,,,,2.738,,2.648,-3.3%,2.222,-16.1%,2.026,-8.8%,2.045,+0.9%,2.029,-0.8%,1.549,-23.7%,1.433,-7.5%,11.64,8.1,-29.3%,+1.8%,-5.9%,-14.3%
XRAY,Extended,Pharma / Med Devices,Health Care,Health Care Equipment & Servic,Adj,Dec,EPS,CY2027,,,,,,,,3.117,,2.957,-5.1%,2.618,-11.5%,2.303,-12.0%,2.253,-2.2%,2.209,-2.0%,1.747,-20.9%,1.558,-10.8%,11.64,7.5,-32.3%,+1.8%,-5.9%,-14.3%
XRAY,Extended,Pharma / Med Devices,Health Care,Health Care Equipment & Servic,Adj,Dec,EPS,CY2028,,,,,,,,3.4,,3.235,-4.9%,3.035,-6.2%,2.618,-13.7%,2.46,-6.0%,2.495,+1.4%,1.863,-25.3%,1.713,-8.1%,11.64,6.8,-34.6%,+1.8%,-5.9%,-14.3%
SYK,Extended,Pharma / Med Devices,Health Care,Health Care Equipment & Servic,Adj,Dec,EPS,CY2025,,,,,,,,13.294,,13.487,+1.5%,13.439,-0.4%,13.464,+0.2%,13.355,-0.8%,13.495,+1.0%,13.552,+0.4%,13.558,+0.0%,332.3,24.5,+0.7%,-5.5%,-9.3%,-3.9%
SYK,Extended,Pharma / Med Devices,Health Care,Health Care Equipment & Servic,Adj,Dec,EPS,CY2026,,,,,,,,14.684,,14.862,+1.2%,14.847,-0.1%,14.872,+0.2%,14.823,-0.3%,14.942,+0.8%,14.944,+0.0%,15.013,+0.5%,332.3,22.1,+0.9%,-5.5%,-9.3%,-3.9%
SYK,Extended,Pharma / Med Devices,Health Care,Health Care Equipment & Servic,Adj,Dec,EPS,CY2027,,,,,,,,16.199,,16.51,+1.9%,16.336,-1.1%,16.514,+1.1%,16.586,+0.4%,16.715,+0.8%,16.734,+0.1%,16.788,+0.3%,332.3,19.8,+1.7%,-5.5%,-9.3%,-3.9%
SYK,Extended,Pharma / Med Devices,Health Care,Health Care Equipment & Servic,Adj,Dec,EPS,CY2028,,,,,,,,17.173,,17.858,+4.0%,17.778,-0.4%,17.984,+1.2%,18.033,+0.3%,18.396,+2.0%,18.413,+0.1%,18.664,+1.4%,332.3,17.8,+3.8%,-5.5%,-9.3%,-3.9%
GILD,Extended,Pharma / Med Devices,Health Care,"Pharmaceuticals, Biotechnology",Adj,Dec,EPS,CY2025,,,,,,,,7.159,,7.19,+0.4%,7.497,+4.3%,7.937,+5.9%,8.012,+0.9%,8.107,+1.2%,8.165,+0.7%,8.089,-0.9%,140.13,17.3,+1.9%,+14.2%,+15.5%,+30.7%
GILD,Extended,Pharma / Med Devices,Health Care,"Pharmaceuticals, Biotechnology",Adj,Dec,EPS,CY2026,,,,,,,,7.582,,7.61,+0.4%,7.855,+3.2%,8.329,+6.0%,8.5,+2.1%,8.596,+1.1%,8.723,+1.5%,8.669,-0.6%,140.13,16.2,+4.1%,+14.2%,+15.5%,+30.7%
GILD,Extended,Pharma / Med Devices,Health Care,"Pharmaceuticals, Biotechnology",Adj,Dec,EPS,CY2027,,,,,,,,8.028,,8.067,+0.5%,8.374,+3.8%,8.914,+6.4%,9.127,+2.4%,9.363,+2.6%,9.352,-0.1%,9.637,+3.0%,140.13,14.5,+8.1%,+14.2%,+15.5%,+30.7%
GILD,Extended,Pharma / Med Devices,Health Care,"Pharmaceuticals, Biotechnology",Adj,Dec,EPS,CY2028,,,,,,,,8.547,,8.611,+0.7%,8.976,+4.2%,9.433,+5.1%,9.733,+3.2%,10.211,+4.9%,10.077,-1.3%,10.453,+3.7%,140.13,13.4,+10.8%,+14.2%,+15.5%,+30.7%
GRF,Extended,Pharma / Med Devices,Health Care,"Pharmaceuticals, Biotechnology",Adj,Dec,EPS,CY2025,,,,,,,,0.994,,0.929,-6.5%,0.878,-5.5%,0.787,-10.4%,0.832,+5.7%,0.803,-3.5%,0.743,-7.5%,0.736,-0.9%,9.204,12.5,-6.5%,-14.0%,-20.6%,+17.8%
GRF,Extended,Pharma / Med Devices,Health Care,"Pharmaceuticals, Biotechnology",Adj,Dec,EPS,CY2026,,,,,,,,1.201,,1.154,-3.9%,1.114,-3.5%,1.043,-6.4%,1.086,+4.1%,1.026,-5.5%,0.936,-8.8%,0.924,-1.3%,9.204,10.0,-11.4%,-14.0%,-20.6%,+17.8%
GRF,Extended,Pharma / Med Devices,Health Care,"Pharmaceuticals, Biotechnology",Adj,Dec,EPS,CY2027,,,,,,,,1.275,,1.311,+2.8%,1.25,-4.7%,1.237,-1.0%,1.274,+3.0%,1.281,+0.5%,1.214,-5.2%,1.173,-3.4%,9.204,7.8,-5.2%,-14.0%,-20.6%,+17.8%
GRF,Extended,Pharma / Med Devices,Health Care,"Pharmaceuticals, Biotechnology",Adj,Dec,EPS,CY2028,,,,,,,,1.447,,1.457,+0.7%,1.39,-4.6%,1.502,+8.1%,1.513,+0.7%,1.543,+2.0%,1.414,-8.4%,1.348,-4.7%,9.204,6.8,-10.3%,-14.0%,-20.6%,+17.8%
CSL,Extended,Pharma / Med Devices,Health Care,"Pharmaceuticals, Biotechnology",Adj,Jun,EPS,CY2025,,,,,,,,7.046,,6.7,-4.9%,6.691,-0.1%,6.512,-2.7%,6.547,+0.5%,6.534,-0.2%,,,,,138.93,21.3,-2.5%,-19.5%,-18.3%,-42.6%
CSL,Extended,Pharma / Med Devices,Health Care,"Pharmaceuticals, Biotechnology",Adj,Jun,EPS,CY2026,,,,,,,,8.256,,7.815,-5.3%,7.773,-0.5%,7.385,-5.0%,7.372,-0.2%,7.125,-3.4%,6.982,-2.0%,6.939,-0.6%,138.93,20.0,-6.0%,-19.5%,-18.3%,-42.6%
CSL,Extended,Pharma / Med Devices,Health Care,"Pharmaceuticals, Biotechnology",Adj,Jun,EPS,CY2027,,,,,,,,9.053,,8.941,-1.2%,8.917,-0.3%,8.515,-4.5%,8.493,-0.3%,8.129,-4.3%,7.58,-6.8%,7.434,-1.9%,138.93,18.7,-12.7%,-19.5%,-18.3%,-42.6%
CSL,Extended,Pharma / Med Devices,Health Care,"Pharmaceuticals, Biotechnology",Adj,Jun,EPS,CY2028,,,,,,,,9.973,,9.828,-1.5%,9.934,+1.1%,9.528,-4.1%,9.362,-1.7%,9.183,-1.9%,8.328,-9.3%,7.991,-4.0%,138.93,17.4,-16.1%,-19.5%,-18.3%,-42.6%
PRGO,Extended,Pharma / Med Devices,Health Care,"Pharmaceuticals, Biotechnology",Adj,Dec,EPS,CY2025,,,,,,,,3.145,,3.112,-1.0%,3.1,-0.4%,2.98,-3.9%,3.017,+1.2%,2.99,-0.9%,2.774,-7.2%,2.773,-0.0%,10.59,3.8,-6.9%,-23.9%,-28.2%,-59.7%
PRGO,Extended,Pharma / Med Devices,Health Care,"Pharmaceuticals, Biotechnology",Adj,Dec,EPS,CY2026,,,,,,,,3.483,,3.424,-1.7%,3.403,-0.6%,3.205,-5.8%,3.253,+1.5%,3.134,-3.7%,2.785,-11.1%,2.118,-23.9%,10.59,5.0,-33.9%,-23.9%,-28.2%,-59.7%
PRGO,Extended,Pharma / Med Devices,Health Care,"Pharmaceuticals, Biotechnology",Adj,Dec,EPS,CY2027,,,,,,,,3.76,,3.58,-4.8%,3.648,+1.9%,3.581,-1.8%,3.496,-2.4%,3.383,-3.2%,2.888,-14.6%,2.398,-17.0%,10.59,4.4,-33.0%,-23.9%,-28.2%,-59.7%
PRGO,Extended,Pharma / Med Devices,Health Care,"Pharmaceuticals, Biotechnology",Adj,Dec,EPS,CY2028,,,,,,,,3.98,,3.77,-5.3%,3.903,+3.5%,3.753,-3.8%,3.76,+0.2%,3.69,-1.9%,2.953,-20.0%,2.775,-6.0%,10.59,3.8,-26.1%,-23.9%,-28.2%,-59.7%
DXCM,Extended,Pharma / Med Devices,Health Care,Health Care Equipment & Servic,Adj,Dec,EPS,CY2025,,,,,,,,2.233,,1.985,-11.1%,2.029,+2.2%,2.019,-0.5%,2.037,+0.9%,2.042,+0.2%,2.067,+1.2%,2.07,+0.1%,63.21,30.5,+2.5%,-4.8%,-9.6%,+5.6%
DXCM,Extended,Pharma / Med Devices,Health Care,Health Care Equipment & Servic,Adj,Dec,EPS,CY2026,,,,,,,,2.752,,2.378,-13.6%,2.441,+2.6%,2.482,+1.7%,2.501,+0.8%,2.522,+0.8%,2.46,-2.5%,2.486,+1.1%,63.21,25.4,+0.2%,-4.8%,-9.6%,+5.6%
DXCM,Extended,Pharma / Med Devices,Health Care,Health Care Equipment & Servic,Adj,Dec,EPS,CY2027,,,,,,,,3.396,,2.913,-14.2%,3.106,+6.6%,3.031,-2.4%,3.057,+0.9%,3.043,-0.5%,2.968,-2.5%,2.98,+0.4%,63.21,21.2,-1.7%,-4.8%,-9.6%,+5.6%
DXCM,Extended,Pharma / Med Devices,Health Care,Health Care Equipment & Servic,Adj,Dec,EPS,CY2028,,,,,,,,3.989,,3.409,-14.5%,3.68,+7.9%,3.664,-0.4%,3.69,+0.7%,3.699,+0.2%,3.587,-3.0%,3.553,-0.9%,63.21,17.8,-3.0%,-4.8%,-9.6%,+5.6%
PODD,Extended,Pharma / Med Devices,Health Care,Health Care Equipment & Servic,Adj,Dec,EPS,CY2025,,,,,,,,3.721,,3.827,+2.8%,3.881,+1.4%,4.175,+7.6%,4.291,+2.8%,4.652,+8.4%,4.714,+1.3%,4.77,+1.2%,203.5,42.7,+14.3%,-28.4%,-30.9%,-17.0%
PODD,Extended,Pharma / Med Devices,Health Care,Health Care Equipment & Servic,Adj,Dec,EPS,CY2026,,,,,,,,4.66,,4.821,+3.5%,4.864,+0.9%,5.229,+7.5%,5.392,+3.1%,5.782,+7.2%,6.196,+7.2%,6.306,+1.8%,203.5,32.3,+20.6%,-28.4%,-30.9%,-17.0%
PODD,Extended,Pharma / Med Devices,Health Care,Health Care Equipment & Servic,Adj,Dec,EPS,CY2027,,,,,,,,5.809,,5.916,+1.8%,6.005,+1.5%,6.266,+4.3%,6.681,+6.6%,7.223,+8.1%,7.831,+8.4%,8.028,+2.5%,203.5,25.3,+28.1%,-28.4%,-30.9%,-17.0%
PODD,Extended,Pharma / Med Devices,Health Care,Health Care Equipment & Servic,Adj,Dec,EPS,CY2028,,,,,,,,7.209,,7.098,-1.5%,7.364,+3.7%,7.434,+1.0%,7.858,+5.7%,8.516,+8.4%,9.727,+14.2%,10.26,+5.5%,203.5,19.8,+38.0%,-28.4%,-30.9%,-17.0%
MASI,Extended,Pharma / Med Devices,Health Care,Health Care Equipment & Servic,Adj,Dec,EPS,CY2025,,,,,,,,4.033,,4.329,+7.3%,4.604,+6.4%,5.253,+14.1%,4.975,-5.3%,5.143,+3.4%,5.484,+6.6%,5.33,-2.8%,178.49,33.5,+1.5%,+37.2%,+30.7%,+23.6%
MASI,Extended,Pharma / Med Devices,Health Care,Health Care Equipment & Servic,Adj,Dec,EPS,CY2026,,,,,,,,4.569,,4.803,+5.1%,5.23,+8.9%,5.886,+12.5%,5.41,-8.1%,5.67,+4.8%,5.682,+0.2%,5.765,+1.5%,178.49,31.0,-2.1%,+37.2%,+30.7%,+23.6%
MASI,Extended,Pharma / Med Devices,Health Care,Health Care Equipment & Servic,Adj,Dec,EPS,CY2027,,,,,,,,5.62,,5.337,-5.0%,5.883,+10.2%,6.577,+11.8%,6.184,-6.0%,6.483,+4.8%,6.53,+0.7%,6.445,-1.3%,178.49,27.7,-2.0%,+37.2%,+30.7%,+23.6%
MASI,Extended,Pharma / Med Devices,Health Care,Health Care Equipment & Servic,Adj,Dec,EPS,CY2028,,,,,,,,6.485,,6.003,-7.4%,6.253,+4.2%,7.167,+14.6%,6.68,-6.8%,6.94,+3.9%,7.395,+6.6%,7.93,+7.2%,178.49,22.5,+10.6%,+37.2%,+30.7%,+23.6%
UTHR,Extended,Pharma / Med Devices,Health Care,"Pharmaceuticals, Biotechnology",Adj,Dec,EPS,CY2025,,,,,,,,26.481,,26.474,-0.0%,28.847,+9.0%,28.063,-2.7%,28.404,+1.2%,27.736,-2.4%,27.501,-0.8%,27.958,+1.7%,559.65,20.0,-0.4%,+14.9%,+11.3%,+91.4%
UTHR,Extended,Pharma / Med Devices,Health Care,"Pharmaceuticals, Biotechnology",Adj,Dec,EPS,CY2026,,,,,,,,26.808,,26.943,+0.5%,29.252,+8.6%,28.642,-2.1%,28.936,+1.0%,29.226,+1.0%,28.866,-1.2%,29.765,+3.1%,559.65,18.8,+3.9%,+14.9%,+11.3%,+91.4%
UTHR,Extended,Pharma / Med Devices,Health Care,"Pharmaceuticals, Biotechnology",Adj,Dec,EPS,CY2027,,,,,,,,28.828,,28.933,+0.4%,35.758,+23.6%,30.18,-15.6%,29.517,-2.2%,30.81,+4.4%,30.949,+0.5%,33.259,+7.5%,559.65,16.8,+10.2%,+14.9%,+11.3%,+91.4%
UTHR,Extended,Pharma / Med Devices,Health Care,"Pharmaceuticals, Biotechnology",Adj,Dec,EPS,CY2028,,,,,,,,30.41,,28.366,-6.7%,36.793,+29.7%,39.113,+6.3%,36.77,-6.0%,38.674,+5.2%,37.468,-3.1%,40.036,+6.9%,559.65,14.0,+2.4%,+14.9%,+11.3%,+91.4%
HOLX,Extended,Pharma / Med Devices,Health Care,Health Care Equipment & Servic,Adj,Sep,EPS,CY2025,,,,,,,,4.429,,4.392,-0.8%,4.241,-3.4%,4.259,+0.4%,4.182,-1.8%,4.242,+1.4%,4.239,-0.1%,,,76.01,17.9,-0.0%,+2.0%,+1.5%,+24.9%
HOLX,Extended,Pharma / Med Devices,Health Care,Health Care Equipment & Servic,Adj,Sep,EPS,CY2026,,,,,,,,4.842,,4.869,+0.6%,4.645,-4.6%,4.617,-0.6%,4.504,-2.4%,4.509,+0.1%,4.551,+0.9%,4.425,-2.8%,76.01,17.2,-4.2%,+2.0%,+1.5%,+24.9%
HOLX,Extended,Pharma / Med Devices,Health Care,Health Care Equipment & Servic,Adj,Sep,EPS,CY2027,,,,,,,,5.292,,5.467,+3.3%,5.13,-6.2%,5.03,-1.9%,4.974,-1.1%,4.974,+0.0%,5.015,+0.8%,4.835,-3.6%,76.01,15.7,-3.9%,+2.0%,+1.5%,+24.9%
HOLX,Extended,Pharma / Med Devices,Health Care,Health Care Equipment & Servic,Adj,Sep,EPS,CY2028,,,,,,,,5.355,,5.57,+4.0%,5.49,-1.4%,5.454,-0.7%,5.403,-0.9%,5.395,-0.1%,5.479,+1.6%,5.258,-4.0%,76.01,14.5,-3.6%,+2.0%,+1.5%,+24.9%
MDT,Extended,Pharma / Med Devices,Health Care,Health Care Equipment & Servic,Adj,Apr,EPS,CY2025,,,,,,,,5.441,,5.452,+0.2%,5.451,-0.0%,5.453,+0.0%,5.455,+0.0%,,,,,,,86.28,15.8,+0.3%,-10.2%,-14.0%,+4.1%
MDT,Extended,Pharma / Med Devices,Health Care,Health Care Equipment & Servic,Adj,Apr,EPS,CY2026,,,,,,,,5.82,,5.851,+0.5%,5.841,-0.2%,5.84,-0.0%,5.549,-5.0%,5.627,+1.4%,5.642,+0.3%,5.616,-0.5%,86.28,15.4,-3.8%,-10.2%,-14.0%,+4.1%
MDT,Extended,Pharma / Med Devices,Health Care,Health Care Equipment & Servic,Adj,Apr,EPS,CY2027,,,,,,,,6.244,,6.312,+1.1%,6.298,-0.2%,6.284,-0.2%,5.985,-4.8%,6.075,+1.5%,6.103,+0.5%,6.08,-0.4%,86.28,14.2,-3.2%,-10.2%,-14.0%,+4.1%
MDT,Extended,Pharma / Med Devices,Health Care,Health Care Equipment & Servic,Adj,Apr,EPS,CY2028,,,,,,,,6.735,,6.846,+1.6%,6.856,+0.1%,6.742,-1.7%,6.447,-4.4%,6.512,+1.0%,6.534,+0.3%,6.546,+0.2%,86.28,13.2,-2.9%,-10.2%,-14.0%,+4.1%
COO,Extended,Pharma / Med Devices,Health Care,Health Care Equipment & Servic,Adj,Oct,EPS,CY2025,,,,,,,,3.962,,4.077,+2.9%,3.989,-2.2%,3.99,+0.0%,4.073,+2.1%,4.096,+0.6%,4.095,-0.0%,,,70.29,17.2,+2.7%,-14.2%,-16.6%,-4.7%
COO,Extended,Pharma / Med Devices,Health Care,Health Care Equipment & Servic,Adj,Oct,EPS,CY2026,,,,,,,,4.455,,4.504,+1.1%,4.452,-1.2%,4.434,-0.4%,4.419,-0.3%,4.402,-0.4%,4.524,+2.8%,4.612,+1.9%,70.29,15.2,+4.0%,-14.2%,-16.6%,-4.7%
COO,Extended,Pharma / Med Devices,Health Care,Health Care Equipment & Servic,Adj,Oct,EPS,CY2027,,,,,,,,5.032,,5.114,+1.6%,4.951,-3.2%,4.914,-0.7%,4.858,-1.1%,4.817,-0.8%,4.942,+2.6%,5.017,+1.5%,70.29,14.0,+2.1%,-14.2%,-16.6%,-4.7%
COO,Extended,Pharma / Med Devices,Health Care,Health Care Equipment & Servic,Adj,Oct,EPS,CY2028,,,,,,,,5.713,,5.5,-3.7%,5.465,-0.6%,5.417,-0.9%,5.327,-1.7%,5.341,+0.3%,5.403,+1.2%,5.457,+1.0%,70.29,12.9,+0.7%,-14.2%,-16.6%,-4.7%
ELAN,Extended,Pharma / Med Devices,Health Care,"Pharmaceuticals, Biotechnology",Adj,Dec,EPS,CY2025,,,,,,,,1.075,,0.992,-7.7%,0.91,-8.3%,0.825,-9.3%,0.841,+1.9%,0.892,+6.1%,0.93,+4.3%,0.862,-7.3%,22.82,26.5,+4.5%,+0.8%,-4.1%,+149.4%
ELAN,Extended,Pharma / Med Devices,Health Care,"Pharmaceuticals, Biotechnology",Adj,Dec,EPS,CY2026,,,,,,,,1.186,,1.115,-6.0%,1.059,-5.0%,0.965,-8.9%,0.955,-1.0%,1.0,+4.7%,1.035,+3.5%,1.037,+0.2%,22.82,22.0,+7.5%,+0.8%,-4.1%,+149.4%
ELAN,Extended,Pharma / Med Devices,Health Care,"Pharmaceuticals, Biotechnology",Adj,Dec,EPS,CY2027,,,,,,,,1.313,,1.25,-4.8%,1.228,-1.8%,1.107,-9.9%,1.09,-1.5%,1.135,+4.1%,1.156,+1.9%,1.177,+1.8%,22.82,19.4,+6.3%,+0.8%,-4.1%,+149.4%
ELAN,Extended,Pharma / Med Devices,Health Care,"Pharmaceuticals, Biotechnology",Adj,Dec,EPS,CY2028,,,,,,,,1.588,,1.507,-5.1%,1.428,-5.2%,1.294,-9.4%,1.272,-1.7%,1.296,+1.9%,1.345,+3.8%,1.332,-1.0%,22.82,17.1,+2.9%,+0.8%,-4.1%,+149.4%
XOM,Extended,Energy,Energy,Energy,GAAP,Dec,EPS,CY2025,,,,,,,,10.091,,8.79,-12.9%,8.075,-8.1%,7.486,-7.3%,6.588,-12.0%,6.712,+1.9%,6.916,+3.0%,6.913,-0.0%,163.37,23.6,-7.7%,+35.8%,+35.0%,+56.6%
XOM,Extended,Energy,Energy,Energy,GAAP,Dec,EPS,CY2026,,,,,,,,10.434,,9.887,-5.2%,9.446,-4.5%,8.827,-6.6%,7.68,-13.0%,7.457,-2.9%,7.195,-3.5%,8.692,+20.8%,163.37,18.8,-1.5%,+35.8%,+35.0%,+56.6%
XOM,Extended,Energy,Energy,Energy,GAAP,Dec,EPS,CY2027,,,,,,,,10.979,,10.646,-3.0%,10.505,-1.3%,10.067,-4.2%,9.618,-4.5%,9.225,-4.1%,8.736,-5.3%,9.19,+5.2%,163.37,17.8,-8.7%,+35.8%,+35.0%,+56.6%
XOM,Extended,Energy,Energy,Energy,GAAP,Dec,EPS,CY2028,,,,,,,,11.987,,11.497,-4.1%,11.521,+0.2%,10.492,-8.9%,10.587,+0.9%,9.926,-6.2%,9.78,-1.5%,10.172,+4.0%,163.37,16.1,-3.0%,+35.8%,+35.0%,+56.6%
CVX,Extended,Energy,Energy,Energy,GAAP,Dec,EPS,CY2025,,,,,,,,14.538,,12.478,-14.2%,11.412,-8.5%,10.175,-10.8%,7.887,-22.5%,7.671,-2.7%,7.24,-5.6%,7.125,-1.6%,198.86,27.9,-30.0%,+30.5%,+27.0%,+38.8%
CVX,Extended,Energy,Energy,Energy,GAAP,Dec,EPS,CY2026,,,,,,,,14.98,,13.872,-7.4%,13.485,-2.8%,12.16,-9.8%,9.578,-21.2%,9.039,-5.6%,7.322,-19.0%,9.068,+23.8%,198.86,21.9,-25.4%,+30.5%,+27.0%,+38.8%
CVX,Extended,Energy,Energy,Energy,GAAP,Dec,EPS,CY2027,,,,,,,,15.7,,15.018,-4.3%,13.944,-7.2%,13.518,-3.1%,11.534,-14.7%,11.161,-3.2%,9.749,-12.7%,9.987,+2.4%,198.86,19.9,-26.1%,+30.5%,+27.0%,+38.8%
CVX,Extended,Energy,Energy,Energy,GAAP,Dec,EPS,CY2028,,,,,,,,16.418,,15.344,-6.5%,14.833,-3.3%,14.124,-4.8%,12.154,-13.9%,11.962,-1.6%,10.831,-9.5%,11.195,+3.4%,198.86,17.8,-20.7%,+30.5%,+27.0%,+38.8%
PSX,Extended,Energy,Energy,Energy,Adj,Dec,EPS,CY2025,,,,,,,,13.682,,11.912,-12.9%,9.144,-23.2%,6.856,-25.0%,4.932,-28.1%,5.669,+14.9%,6.469,+14.1%,6.149,-4.9%,177.33,28.8,-10.3%,+37.4%,+29.8%,+79.5%
PSX,Extended,Energy,Energy,Energy,Adj,Dec,EPS,CY2026,,,,,,,,14.228,,12.582,-11.6%,12.65,+0.5%,12.295,-2.8%,10.206,-17.0%,10.823,+6.0%,11.57,+6.9%,13.891,+20.1%,177.33,12.8,+13.0%,+37.4%,+29.8%,+79.5%
PSX,Extended,Energy,Energy,Energy,Adj,Dec,EPS,CY2027,,,,,,,,15.415,,12.767,-17.2%,12.606,-1.3%,12.928,+2.6%,11.686,-9.6%,12.187,+4.3%,12.042,-1.2%,14.206,+18.0%,177.33,12.5,+9.9%,+37.4%,+29.8%,+79.5%
PSX,Extended,Energy,Energy,Energy,Adj,Dec,EPS,CY2028,,,,,,,,15.752,,13.865,-12.0%,12.965,-6.5%,14.392,+11.0%,12.308,-14.5%,13.755,+11.8%,12.894,-6.3%,14.464,+12.2%,177.33,12.3,+0.5%,+37.4%,+29.8%,+79.5%
VLO,Extended,Energy,Energy,Energy,Adj,Dec,EPS,CY2025,,,,,,,,13.614,,12.172,-10.6%,8.627,-29.1%,7.503,-13.0%,6.701,-10.7%,8.486,+26.6%,9.916,+16.9%,10.083,+1.7%,245.58,24.4,+34.4%,+50.9%,+37.8%,+134.6%
VLO,Extended,Energy,Energy,Energy,Adj,Dec,EPS,CY2026,,,,,,,,13.102,,12.324,-5.9%,11.708,-5.0%,11.223,-4.1%,9.665,-13.9%,11.106,+14.9%,12.281,+10.6%,18.403,+49.8%,245.58,13.3,+64.0%,+50.9%,+37.8%,+134.6%
VLO,Extended,Energy,Energy,Energy,Adj,Dec,EPS,CY2027,,,,,,,,14.23,,12.623,-11.3%,10.996,-12.9%,12.966,+17.9%,11.527,-11.1%,12.141,+5.3%,12.15,+0.1%,16.493,+35.7%,245.58,14.9,+27.2%,+50.9%,+37.8%,+134.6%
VLO,Extended,Energy,Energy,Energy,Adj,Dec,EPS,CY2028,,,,,,,,15.914,,13.422,-15.7%,11.205,-16.5%,13.45,+20.0%,12.856,-4.4%,12.96,+0.8%,11.683,-9.9%,16.205,+38.7%,245.58,15.2,+20.5%,+50.9%,+37.8%,+134.6%
MPC,Extended,Energy,Energy,Energy,Adj,Dec,EPS,CY2025,,,,,,,,16.199,,12.74,-21.4%,9.019,-29.2%,7.964,-11.7%,8.011,+0.6%,9.416,+17.5%,10.227,+8.6%,9.713,-5.0%,241.4,24.9,+22.0%,+48.4%,+41.7%,+99.4%
MPC,Extended,Energy,Energy,Energy,Adj,Dec,EPS,CY2026,,,,,,,,16.782,,14.602,-13.0%,12.855,-12.0%,12.34,-4.0%,11.658,-5.5%,12.686,+8.8%,14.336,+13.0%,20.151,+40.6%,241.4,12.0,+63.3%,+48.4%,+41.7%,+99.4%
MPC,Extended,Energy,Energy,Energy,Adj,Dec,EPS,CY2027,,,,,,,,18.987,,15.733,-17.1%,11.665,-25.9%,14.198,+21.7%,13.427,-5.4%,13.403,-0.2%,13.512,+0.8%,17.981,+33.1%,241.4,13.4,+26.6%,+48.4%,+41.7%,+99.4%
MPC,Extended,Energy,Energy,Energy,Adj,Dec,EPS,CY2028,,,,,,,,19.258,,19.233,-0.1%,10.276,-46.6%,14.206,+38.2%,13.913,-2.1%,15.443,+11.0%,14.426,-6.6%,19.113,+32.5%,241.4,12.6,+34.5%,+48.4%,+41.7%,+99.4%
KMI,Extended,Energy,Energy,Energy,Adj,Dec,EPS,CY2025,,,,,,,,1.25,,1.257,+0.6%,1.272,+1.2%,1.275,+0.2%,1.262,-1.0%,1.281,+1.5%,1.285,+0.3%,1.276,-0.7%,33.19,26.0,+0.1%,+20.7%,+23.8%,+31.2%
KMI,Extended,Energy,Energy,Energy,Adj,Dec,EPS,CY2026,,,,,,,,1.325,,1.328,+0.2%,1.339,+0.8%,1.336,-0.2%,1.353,+1.3%,1.35,-0.2%,1.362,+0.9%,1.377,+1.1%,33.19,24.1,+3.1%,+20.7%,+23.8%,+31.2%
KMI,Extended,Energy,Energy,Energy,Adj,Dec,EPS,CY2027,,,,,,,,1.448,,1.458,+0.7%,1.454,-0.3%,1.449,-0.3%,1.451,+0.1%,1.463,+0.8%,1.461,-0.1%,1.453,-0.5%,33.19,22.8,+0.3%,+20.7%,+23.8%,+31.2%
KMI,Extended,Energy,Energy,Energy,Adj,Dec,EPS,CY2028,,,,,,,,1.518,,1.533,+1.0%,1.545,+0.8%,1.533,-0.8%,1.591,+3.8%,1.618,+1.7%,1.507,-6.9%,1.549,+2.8%,33.19,21.4,+1.0%,+20.7%,+23.8%,+31.2%
HAL,Extended,Energy,Energy,Energy,Adj,Dec,EPS,CY2025,,,,,,,,3.917,,3.539,-9.7%,3.074,-13.1%,2.667,-13.2%,2.344,-12.1%,2.087,-11.0%,2.268,+8.7%,2.265,-0.1%,37.82,16.7,-15.1%,+33.8%,+22.7%,+89.3%
HAL,Extended,Energy,Energy,Energy,Adj,Dec,EPS,CY2026,,,,,,,,4.33,,3.944,-8.9%,3.403,-13.7%,3.059,-10.1%,2.619,-14.4%,2.143,-18.2%,2.211,+3.2%,2.231,+0.9%,37.82,17.0,-27.1%,+33.8%,+22.7%,+89.3%
HAL,Extended,Energy,Energy,Energy,Adj,Dec,EPS,CY2027,,,,,,,,4.56,,4.175,-8.4%,3.693,-11.5%,3.375,-8.6%,2.957,-12.4%,2.507,-15.2%,2.631,+4.9%,2.714,+3.2%,37.82,13.9,-19.6%,+33.8%,+22.7%,+89.3%
HAL,Extended,Energy,Energy,Energy,Adj,Dec,EPS,CY2028,,,,,,,,4.813,,4.398,-8.6%,3.838,-12.7%,3.758,-2.1%,3.28,-12.7%,2.765,-15.7%,3.076,+11.2%,3.195,+3.9%,37.82,11.8,-15.0%,+33.8%,+22.7%,+89.3%
LNG,Extended,Energy,Energy,Energy,Adj,Dec,EPS,CY2025,,,,,,,,9.912,,10.782,+8.8%,11.474,+6.4%,12.426,+8.3%,11.36,-8.6%,14.76,+29.9%,17.15,+16.2%,17.54,+2.3%,284.05,16.2,+41.2%,+46.1%,+46.0%,+44.0%
LNG,Extended,Energy,Energy,Energy,Adj,Dec,EPS,CY2026,,,,,,,,11.888,,12.682,+6.7%,12.891,+1.6%,14.487,+12.4%,14.258,-1.6%,14.549,+2.0%,14.399,-1.0%,14.966,+3.9%,284.05,19.0,+3.3%,+46.1%,+46.0%,+44.0%
LNG,Extended,Energy,Energy,Energy,Adj,Dec,EPS,CY2027,,,,,,,,13.306,,12.094,-9.1%,12.521,+3.5%,14.221,+13.6%,13.95,-1.9%,14.033,+0.6%,14.376,+2.4%,15.499,+7.8%,284.05,18.3,+9.0%,+46.1%,+46.0%,+44.0%
LNG,Extended,Energy,Energy,Energy,Adj,Dec,EPS,CY2028,,,,,,,,14.13,,12.744,-9.8%,12.906,+1.3%,13.704,+6.2%,14.161,+3.3%,14.586,+3.0%,15.121,+3.7%,14.778,-2.3%,284.05,19.2,+7.8%,+46.1%,+46.0%,+44.0%
OII,Extended,Energy,Energy,Energy,Adj,Dec,EPS,CY2025,,,,,,,,1.754,,1.805,+2.9%,1.87,+3.6%,1.535,-17.9%,1.635,+6.5%,1.737,+6.2%,1.83,+5.4%,1.743,-4.8%,36.59,21.0,+13.6%,+52.3%,+37.7%,+113.5%
OII,Extended,Energy,Energy,Energy,Adj,Dec,EPS,CY2026,,,,,,,,2.345,,2.193,-6.5%,2.17,-1.0%,1.743,-19.7%,1.698,-2.6%,1.72,+1.3%,1.795,+4.4%,1.824,+1.6%,36.59,20.1,+4.6%,+52.3%,+37.7%,+113.5%
OII,Extended,Energy,Energy,Energy,Adj,Dec,EPS,CY2027,,,,,,,,,,,,2.6,,2.23,-14.2%,1.903,-14.7%,1.955,+2.7%,2.123,+8.6%,2.1,-1.1%,36.59,17.4,-5.8%,+52.3%,+37.7%,+113.5%
OII,Extended,Energy,Energy,Energy,Adj,Dec,EPS,CY2028,,,,,,,,,,,,2.89,,2.78,-3.8%,2.41,-13.3%,2.34,-2.9%,2.56,+9.4%,2.43,-5.1%,36.59,15.1,-12.6%,+52.3%,+37.7%,+113.5%
NOV,Extended,Energy,Energy,Energy,Adj,Dec,EPS,CY2025,,,,,,,,1.85,,1.754,-5.2%,1.486,-15.3%,1.387,-6.7%,1.152,-16.9%,1.05,-8.9%,0.948,-9.7%,0.937,-1.2%,18.83,20.1,-32.4%,+20.5%,+11.4%,+60.1%
NOV,Extended,Energy,Energy,Energy,Adj,Dec,EPS,CY2026,,,,,,,,2.164,,1.994,-7.9%,1.659,-16.8%,1.623,-2.2%,1.336,-17.7%,1.136,-15.0%,1.118,-1.6%,1.021,-8.7%,18.83,18.4,-37.1%,+20.5%,+11.4%,+60.1%
NOV,Extended,Energy,Energy,Energy,Adj,Dec,EPS,CY2027,,,,,,,,2.088,,2.108,+1.0%,1.867,-11.4%,1.816,-2.7%,1.479,-18.6%,1.317,-11.0%,1.348,+2.4%,1.271,-5.7%,18.83,14.8,-30.0%,+20.5%,+11.4%,+60.1%
NOV,Extended,Energy,Energy,Energy,Adj,Dec,EPS,CY2028,,,,,,,,2.278,,2.323,+2.0%,2.074,-10.7%,1.98,-4.5%,1.61,-18.7%,1.45,-9.9%,1.522,+5.0%,1.584,+4.1%,18.83,11.9,-20.0%,+20.5%,+11.4%,+60.1%
AR,Extended,Energy,Energy,Energy,Adj,Dec,EPS,CY2025,,,,,,,,3.013,,2.443,-18.9%,2.45,+0.3%,3.287,+34.2%,3.068,-6.7%,2.338,-23.8%,1.868,-20.1%,1.809,-3.2%,40.36,22.3,-45.0%,+17.1%,+25.0%,+20.6%
AR,Extended,Energy,Energy,Energy,Adj,Dec,EPS,CY2026,,,,,,,,3.501,,3.279,-6.3%,3.338,+1.8%,3.878,+16.2%,4.048,+4.4%,3.645,-10.0%,3.717,+2.0%,4.139,+11.4%,40.36,9.8,+6.7%,+17.1%,+25.0%,+20.6%
AR,Extended,Energy,Energy,Energy,Adj,Dec,EPS,CY2027,,,,,,,,3.25,,3.365,+3.5%,2.986,-11.3%,3.383,+13.3%,3.633,+7.4%,3.722,+2.4%,4.42,+18.8%,4.46,+0.9%,40.36,9.0,+31.8%,+17.1%,+25.0%,+20.6%
AR,Extended,Energy,Energy,Energy,Adj,Dec,EPS,CY2028,,,,,,,,3.404,,3.516,+3.3%,2.784,-20.8%,2.769,-0.5%,3.498,+26.3%,3.28,-6.2%,4.366,+33.1%,5.091,+16.6%,40.36,7.9,+83.9%,+17.1%,+25.0%,+20.6%
SLB,Extended,Energy,Energy,Energy,Adj,Dec,EPS,CY2025,,,,,,,,4.188,,4.115,-1.7%,3.569,-13.3%,3.431,-3.9%,3.113,-9.3%,2.869,-7.8%,2.869,+0.0%,2.866,-0.1%,49.78,17.4,-16.5%,+29.7%,+14.1%,+43.1%
SLB,Extended,Energy,Energy,Energy,Adj,Dec,EPS,CY2026,,,,,,,,4.681,,4.666,-0.3%,3.95,-15.3%,3.783,-4.2%,3.34,-11.7%,3.068,-8.1%,2.929,-4.5%,2.831,-3.3%,49.78,17.6,-25.2%,+29.7%,+14.1%,+43.1%
SLB,Extended,Energy,Energy,Energy,Adj,Dec,EPS,CY2027,,,,,,,,5.128,,4.963,-3.2%,4.299,-13.4%,4.169,-3.0%,3.789,-9.1%,3.448,-9.0%,3.333,-3.3%,3.34,+0.2%,49.78,14.9,-19.9%,+29.7%,+14.1%,+43.1%
SLB,Extended,Energy,Energy,Energy,Adj,Dec,EPS,CY2028,,,,,,,,5.703,,5.568,-2.4%,4.73,-15.1%,4.607,-2.6%,4.124,-10.5%,3.863,-6.3%,3.718,-3.8%,3.784,+1.8%,49.78,13.2,-17.9%,+29.7%,+14.1%,+43.1%
CLB,Extended,Energy,Energy,Energy,Adj,Dec,EPS,CY2025,,,,,,,,1.241,,1.197,-3.5%,1.06,-11.4%,0.847,-20.1%,0.738,-12.9%,0.753,+2.0%,0.813,+8.0%,0.813,+0.0%,16.61,20.4,-4.0%,+3.6%,-8.5%,+38.2%
CLB,Extended,Energy,Energy,Energy,Adj,Dec,EPS,CY2026,,,,,,,,1.16,,1.226,+5.7%,1.197,-2.4%,1.06,-11.4%,0.823,-22.4%,0.788,-4.3%,0.83,+5.3%,0.723,-12.9%,16.61,23.0,-31.8%,+3.6%,-8.5%,+38.2%
CLB,Extended,Energy,Energy,Energy,Adj,Dec,EPS,CY2027,,,,,,,,1.18,,1.12,-5.1%,1.13,+0.9%,1.215,+7.5%,0.99,-18.5%,0.967,-2.3%,0.99,+2.4%,0.81,-18.2%,16.61,20.5,-33.3%,+3.6%,-8.5%,+38.2%
CLB,Extended,Energy,Energy,Energy,Adj,Dec,EPS,CY2028,,,,,,,,1.41,,1.35,-4.3%,1.35,+0.0%,,,,,,,,,,,16.61,12.3,,+3.6%,-8.5%,+38.2%
KO,Extended,Cons. staples,Consumer Staples,"Food, Beverage & Tobacco",GAAP,Dec,EPS,CY2025,,,,,,,,3.013,,3.036,+0.8%,2.973,-2.1%,2.958,-0.5%,2.968,+0.3%,2.978,+0.3%,2.989,+0.4%,2.99,+0.0%,77.22,25.8,+1.1%,+10.5%,+13.8%,+10.4%
KO,Extended,Cons. staples,Consumer Staples,"Food, Beverage & Tobacco",GAAP,Dec,EPS,CY2026,,,,,,,,3.239,,3.247,+0.2%,3.181,-2.0%,3.187,+0.2%,3.2,+0.4%,3.188,-0.4%,3.223,+1.1%,3.231,+0.2%,77.22,23.9,+1.4%,+10.5%,+13.8%,+10.4%
KO,Extended,Cons. staples,Consumer Staples,"Food, Beverage & Tobacco",GAAP,Dec,EPS,CY2027,,,,,,,,3.457,,3.413,-1.3%,3.385,-0.8%,3.434,+1.4%,3.448,+0.4%,3.414,-1.0%,3.439,+0.7%,3.457,+0.5%,77.22,22.3,+0.7%,+10.5%,+13.8%,+10.4%
KO,Extended,Cons. staples,Consumer Staples,"Food, Beverage & Tobacco",GAAP,Dec,EPS,CY2028,,,,,,,,3.748,,3.66,-2.3%,3.628,-0.9%,3.695,+1.8%,3.678,-0.5%,3.688,+0.3%,3.701,+0.4%,3.689,-0.3%,77.22,20.9,-0.2%,+10.5%,+13.8%,+10.4%
PEP,Extended,Cons. staples,Consumer Staples,"Food, Beverage & Tobacco",GAAP,Dec,EPS,CY2025,,,,,,,,8.699,,8.594,-1.2%,8.471,-1.4%,7.997,-5.6%,7.518,-6.0%,6.381,-15.1%,6.297,-1.3%,6.297,+0.0%,156.73,24.9,-21.3%,+9.2%,+12.8%,+6.9%
PEP,Extended,Cons. staples,Consumer Staples,"Food, Beverage & Tobacco",GAAP,Dec,EPS,CY2026,,,,,,,,9.306,,9.177,-1.4%,9.03,-1.6%,8.581,-5.0%,7.993,-6.9%,8.15,+2.0%,8.189,+0.5%,8.183,-0.1%,156.73,19.2,-4.6%,+9.2%,+12.8%,+6.9%
PEP,Extended,Cons. staples,Consumer Staples,"Food, Beverage & Tobacco",GAAP,Dec,EPS,CY2027,,,,,,,,9.91,,9.593,-3.2%,9.62,+0.3%,9.002,-6.4%,8.376,-7.0%,8.472,+1.1%,8.528,+0.7%,8.776,+2.9%,156.73,17.9,-2.5%,+9.2%,+12.8%,+6.9%
PEP,Extended,Cons. staples,Consumer Staples,"Food, Beverage & Tobacco",GAAP,Dec,EPS,CY2028,,,,,,,,10.63,,10.27,-3.4%,10.123,-1.4%,9.31,-8.0%,8.793,-5.6%,9.1,+3.5%,9.115,+0.2%,9.085,-0.3%,156.73,17.3,-2.4%,+9.2%,+12.8%,+6.9%
ABI,Extended,Cons. staples,Consumer Staples,"Food, Beverage & Tobacco",Adj,Dec,EPS,CY2025,,,,,,,,3.871,,3.758,-2.9%,3.65,-2.9%,3.684,+0.9%,3.689,+0.1%,3.718,+0.8%,3.699,-0.5%,3.672,-0.7%,61.5,16.7,-0.3%,+12.0%,+13.0%,+14.3%
ABI,Extended,Cons. staples,Consumer Staples,"Food, Beverage & Tobacco",Adj,Dec,EPS,CY2026,,,,,,,,4.401,,4.296,-2.4%,4.099,-4.6%,4.143,+1.1%,4.155,+0.3%,4.169,+0.3%,4.157,-0.3%,4.242,+2.0%,61.5,14.5,+2.4%,+12.0%,+13.0%,+14.3%
ABI,Extended,Cons. staples,Consumer Staples,"Food, Beverage & Tobacco",Adj,Dec,EPS,CY2027,,,,,,,,5.003,,4.99,-0.3%,4.796,-3.9%,4.653,-3.0%,4.684,+0.7%,4.65,-0.7%,4.704,+1.2%,4.799,+2.0%,61.5,12.8,+3.1%,+12.0%,+13.0%,+14.3%
ABI,Extended,Cons. staples,Consumer Staples,"Food, Beverage & Tobacco",Adj,Dec,EPS,CY2028,,,,,,,,5.592,,5.775,+3.3%,5.479,-5.1%,5.473,-0.1%,5.415,-1.1%,5.323,-1.7%,5.312,-0.2%,5.368,+1.1%,61.5,11.5,-1.9%,+12.0%,+13.0%,+14.3%
TAP,Extended,Cons. staples,Consumer Staples,"Food, Beverage & Tobacco",Adj,Dec,EPS,CY2025,,,,,,,,5.879,,5.869,-0.2%,5.971,+1.7%,6.33,+6.0%,5.961,-5.8%,5.424,-9.0%,5.392,-0.6%,5.36,-0.6%,44.46,8.3,-15.3%,-4.8%,-3.7%,-27.3%
TAP,Extended,Cons. staples,Consumer Staples,"Food, Beverage & Tobacco",Adj,Dec,EPS,CY2026,,,,,,,,6.181,,6.156,-0.4%,6.213,+0.9%,6.698,+7.8%,6.286,-6.2%,5.707,-9.2%,5.557,-2.6%,4.754,-14.5%,44.46,9.4,-29.0%,-4.8%,-3.7%,-27.3%
TAP,Extended,Cons. staples,Consumer Staples,"Food, Beverage & Tobacco",Adj,Dec,EPS,CY2027,,,,,,,,6.576,,6.4,-2.7%,6.356,-0.7%,7.021,+10.5%,6.605,-5.9%,5.951,-9.9%,5.785,-2.8%,5.055,-12.6%,44.46,8.8,-28.0%,-4.8%,-3.7%,-27.3%
TAP,Extended,Cons. staples,Consumer Staples,"Food, Beverage & Tobacco",Adj,Dec,EPS,CY2028,,,,,,,,6.974,,6.747,-3.3%,6.63,-1.7%,7.31,+10.3%,6.866,-6.1%,6.163,-10.2%,6.081,-1.3%,5.389,-11.4%,44.46,8.3,-26.3%,-4.8%,-3.7%,-27.3%
STZ,Extended,Cons. staples,Consumer Staples,"Food, Beverage & Tobacco",Adj,Feb,EPS,CY2025,,,,,,,,15.14,,15.16,+0.1%,15.144,-0.1%,14.113,-6.8%,12.676,-10.2%,11.502,-9.3%,11.482,-0.2%,11.62,+1.2%,155.25,13.4,-17.7%,+12.5%,+8.1%,-10.7%
STZ,Extended,Cons. staples,Consumer Staples,"Food, Beverage & Tobacco",Adj,Feb,EPS,CY2026,,,,,,,,16.786,,16.774,-0.1%,16.616,-0.9%,15.137,-8.9%,13.775,-9.0%,12.541,-9.0%,12.328,-1.7%,12.35,+0.2%,155.25,12.6,-18.4%,+12.5%,+8.1%,-10.7%
STZ,Extended,Cons. staples,Consumer Staples,"Food, Beverage & Tobacco",Adj,Feb,EPS,CY2027,,,,,,,,18.516,,18.428,-0.5%,18.649,+1.2%,16.422,-11.9%,14.61,-11.0%,13.307,-8.9%,12.981,-2.4%,13.029,+0.4%,155.25,11.9,-20.7%,+12.5%,+8.1%,-10.7%
STZ,Extended,Cons. staples,Consumer Staples,"Food, Beverage & Tobacco",Adj,Feb,EPS,CY2028,,,,,,,,20.35,,20.173,-0.9%,20.073,-0.5%,17.573,-12.5%,16.13,-8.2%,14.376,-10.9%,13.96,-2.9%,13.919,-0.3%,155.25,11.2,-20.8%,+12.5%,+8.1%,-10.7%
MNST,Extended,Cons. staples,Consumer Staples,"Food, Beverage & Tobacco",Adj,Dec,EPS,CY2025,,,,,,,,2.034,,1.915,-5.9%,1.872,-2.2%,1.832,-2.1%,1.856,+1.3%,1.907,+2.7%,1.984,+4.0%,1.998,+0.7%,74.16,37.1,+9.1%,-3.3%,-2.1%,+29.9%
MNST,Extended,Cons. staples,Consumer Staples,"Food, Beverage & Tobacco",Adj,Dec,EPS,CY2026,,,,,,,,2.289,,2.135,-6.7%,2.077,-2.7%,2.042,-1.7%,2.096,+2.6%,2.136,+1.9%,2.233,+4.5%,2.263,+1.3%,74.16,32.8,+10.8%,-3.3%,-2.1%,+29.9%
MNST,Extended,Cons. staples,Consumer Staples,"Food, Beverage & Tobacco",Adj,Dec,EPS,CY2027,,,,,,,,2.613,,2.413,-7.7%,2.344,-2.9%,2.271,-3.1%,2.273,+0.1%,2.363,+4.0%,2.484,+5.1%,2.549,+2.6%,74.16,29.1,+12.2%,-3.3%,-2.1%,+29.9%
MNST,Extended,Cons. staples,Consumer Staples,"Food, Beverage & Tobacco",Adj,Dec,EPS,CY2028,,,,,,,,2.904,,2.754,-5.2%,2.592,-5.9%,2.542,-1.9%,2.613,+2.8%,2.688,+2.9%,2.807,+4.4%,2.878,+2.5%,74.16,25.8,+13.2%,-3.3%,-2.1%,+29.9%
OR,Extended,Cons. staples,Consumer Staples,Household & Personal Products,Adj,Dec,EPS,CY2025,,,,,,,,14.15,,13.963,-1.3%,13.245,-5.1%,13.24,-0.0%,12.967,-2.1%,12.832,-1.0%,12.828,-0.0%,12.862,+0.3%,358.2,27.8,-2.9%,-2.3%,+0.6%,+6.7%
OR,Extended,Cons. staples,Consumer Staples,Household & Personal Products,Adj,Dec,EPS,CY2026,,,,,,,,15.372,,15.0,-2.4%,14.538,-3.1%,14.406,-0.9%,14.033,-2.6%,13.886,-1.0%,13.689,-1.4%,13.614,-0.5%,358.2,26.3,-5.5%,-2.3%,+0.6%,+6.7%
OR,Extended,Cons. staples,Consumer Staples,Household & Personal Products,Adj,Dec,EPS,CY2027,,,,,,,,16.778,,16.411,-2.2%,15.835,-3.5%,15.49,-2.2%,15.001,-3.2%,14.798,-1.4%,14.698,-0.7%,14.72,+0.1%,358.2,24.3,-5.0%,-2.3%,+0.6%,+6.7%
OR,Extended,Cons. staples,Consumer Staples,Household & Personal Products,Adj,Dec,EPS,CY2028,,,,,,,,18.028,,17.942,-0.5%,16.964,-5.5%,16.556,-2.4%,16.002,-3.3%,15.776,-1.4%,15.704,-0.5%,15.906,+1.3%,358.2,22.5,-3.9%,-2.3%,+0.6%,+6.7%
EL,Extended,Cons. staples,Consumer Staples,Household & Personal Products,Adj,Jun,EPS,CY2025,,,,,,,,4.122,,2.916,-29.3%,1.566,-46.3%,1.4,-10.6%,1.47,+5.0%,1.478,+0.5%,,,,,70.91,48.0,-49.3%,-32.3%,-34.7%,+34.0%
EL,Extended,Cons. staples,Consumer Staples,Household & Personal Products,Adj,Jun,EPS,CY2026,,,,,,,,5.547,,3.936,-29.0%,2.69,-31.7%,2.296,-14.6%,2.218,-3.4%,2.048,-7.7%,2.161,+5.5%,2.228,+3.1%,70.91,31.8,-3.0%,-32.3%,-34.7%,+34.0%
EL,Extended,Cons. staples,Consumer Staples,Household & Personal Products,Adj,Jun,EPS,CY2027,,,,,,,,6.591,,4.629,-29.8%,3.468,-25.1%,3.041,-12.3%,2.963,-2.6%,2.918,-1.5%,2.994,+2.6%,3.028,+1.1%,70.91,23.4,-0.4%,-32.3%,-34.7%,+34.0%
EL,Extended,Cons. staples,Consumer Staples,Household & Personal Products,Adj,Jun,EPS,CY2028,,,,,,,,7.466,,5.254,-29.6%,4.45,-15.3%,3.876,-12.9%,3.822,-1.4%,3.748,-1.9%,3.719,-0.8%,3.677,-1.1%,70.91,19.3,-5.1%,-32.3%,-34.7%,+34.0%
NESN,Extended,Cons. staples,Consumer Staples,"Food, Beverage & Tobacco",GAAP,Dec,EPS,CY2025,,,,,,,,5.02,,4.648,-7.4%,4.203,-9.6%,4.163,-1.0%,3.982,-4.3%,3.92,-1.6%,3.986,+1.7%,3.974,-0.3%,78.37,19.7,-4.5%,-0.5%,+5.2%,-6.3%
NESN,Extended,Cons. staples,Consumer Staples,"Food, Beverage & Tobacco",GAAP,Dec,EPS,CY2026,,,,,,,,5.333,,4.972,-6.8%,4.519,-9.1%,4.534,+0.3%,4.321,-4.7%,4.218,-2.4%,4.164,-1.3%,3.939,-5.4%,78.37,19.9,-13.1%,-0.5%,+5.2%,-6.3%
NESN,Extended,Cons. staples,Consumer Staples,"Food, Beverage & Tobacco",GAAP,Dec,EPS,CY2027,,,,,,,,5.691,,5.343,-6.1%,4.945,-7.4%,4.903,-0.8%,4.676,-4.6%,4.525,-3.2%,4.48,-1.0%,4.226,-5.7%,78.37,18.5,-13.8%,-0.5%,+5.2%,-6.3%
NESN,Extended,Cons. staples,Consumer Staples,"Food, Beverage & Tobacco",GAAP,Dec,EPS,CY2028,,,,,,,,6.032,,5.652,-6.3%,5.301,-6.2%,5.319,+0.3%,5.007,-5.9%,4.841,-3.3%,4.797,-0.9%,4.595,-4.2%,78.37,17.1,-13.6%,-0.5%,+5.2%,-6.3%
PG,Extended,Cons. staples,Consumer Staples,Household & Personal Products,GAAP,Jun,EPS,CY2025,,,,,,,,6.955,,6.872,-1.2%,6.647,-3.3%,6.671,+0.4%,6.539,-2.0%,6.431,-1.7%,,,,,142.77,22.2,-6.4%,-0.4%,+2.0%,-12.8%
PG,Extended,Cons. staples,Consumer Staples,Household & Personal Products,GAAP,Jun,EPS,CY2026,,,,,,,,7.456,,7.409,-0.6%,7.421,+0.2%,7.37,-0.7%,6.937,-5.9%,6.908,-0.4%,6.94,+0.5%,6.801,-2.0%,142.77,21.0,-7.7%,-0.4%,+2.0%,-12.8%
PG,Extended,Cons. staples,Consumer Staples,Household & Personal Products,GAAP,Jun,EPS,CY2027,,,,,,,,7.907,,7.92,+0.2%,7.922,+0.0%,7.865,-0.7%,7.371,-6.3%,7.266,-1.4%,7.273,+0.1%,7.185,-1.2%,142.77,19.9,-8.6%,-0.4%,+2.0%,-12.8%
PG,Extended,Cons. staples,Consumer Staples,Household & Personal Products,GAAP,Jun,EPS,CY2028,,,,,,,,8.434,,8.31,-1.5%,8.287,-0.3%,8.348,+0.7%,7.823,-6.3%,7.669,-2.0%,7.638,-0.4%,7.611,-0.4%,142.77,18.8,-8.8%,-0.4%,+2.0%,-12.8%
UNA,Extended,Cons. staples,Consumer Staples,Household & Personal Products,Adj,Dec,EPS,CY2025,,,,,,,,3.312,,3.535,+6.7%,3.511,-0.7%,3.517,+0.2%,3.347,-4.8%,3.348,+0.0%,3.055,-8.8%,3.009,-1.5%,48.04,16.0,-14.4%,-13.8%,-10.2%,-14.3%
UNA,Extended,Cons. staples,Consumer Staples,Household & Personal Products,Adj,Dec,EPS,CY2026,,,,,,,,3.538,,3.744,+5.8%,3.721,-0.6%,3.733,+0.3%,3.572,-4.3%,3.527,-1.3%,3.181,-9.8%,3.204,+0.7%,48.04,15.0,-14.2%,-13.8%,-10.2%,-14.3%
UNA,Extended,Cons. staples,Consumer Staples,Household & Personal Products,Adj,Dec,EPS,CY2027,,,,,,,,3.79,,3.903,+3.0%,3.899,-0.1%,3.943,+1.1%,3.797,-3.7%,3.757,-1.1%,3.361,-10.5%,3.416,+1.6%,48.04,14.1,-13.4%,-13.8%,-10.2%,-14.3%
UNA,Extended,Cons. staples,Consumer Staples,Household & Personal Products,Adj,Dec,EPS,CY2028,,,,,,,,4.093,,4.095,+0.0%,4.263,+4.1%,4.39,+3.0%,4.139,-5.7%,3.988,-3.6%,3.526,-11.6%,3.642,+3.3%,48.04,13.2,-17.0%,-13.8%,-10.2%,-14.3%
MDLZ,Extended,Cons. staples,Consumer Staples,"Food, Beverage & Tobacco",Adj,Dec,EPS,CY2025,,,,,,,,3.716,,3.588,-3.4%,3.382,-5.7%,2.908,-14.0%,3.015,+3.7%,3.023,+0.3%,2.895,-4.2%,2.892,-0.1%,58.38,20.2,-0.6%,+8.5%,+10.7%,-12.0%
MDLZ,Extended,Cons. staples,Consumer Staples,"Food, Beverage & Tobacco",Adj,Dec,EPS,CY2026,,,,,,,,4.03,,3.93,-2.5%,3.801,-3.3%,3.232,-15.0%,3.318,+2.7%,3.32,+0.1%,3.148,-5.2%,3.03,-3.7%,58.38,19.3,-6.3%,+8.5%,+10.7%,-12.0%
MDLZ,Extended,Cons. staples,Consumer Staples,"Food, Beverage & Tobacco",Adj,Dec,EPS,CY2027,,,,,,,,4.388,,4.234,-3.5%,4.159,-1.8%,3.557,-14.5%,3.649,+2.6%,3.654,+0.1%,3.451,-5.6%,3.369,-2.4%,58.38,17.3,-5.3%,+8.5%,+10.7%,-12.0%
MDLZ,Extended,Cons. staples,Consumer Staples,"Food, Beverage & Tobacco",Adj,Dec,EPS,CY2028,,,,,,,,4.668,,4.56,-2.3%,4.472,-1.9%,4.019,-10.1%,4.026,+0.2%,4.019,-0.2%,3.793,-5.6%,3.642,-4.0%,58.38,16.0,-9.4%,+8.5%,+10.7%,-12.0%
MKC,Extended,Cons. staples,Consumer Staples,"Food, Beverage & Tobacco",Adj,Nov,EPS,CY2025,,,,,,,,3.072,,3.081,+0.3%,3.123,+1.4%,3.045,-2.5%,3.039,-0.2%,3.038,-0.0%,3.019,-0.6%,3.018,-0.0%,50.8,16.8,-0.9%,-25.4%,-23.4%,-33.6%
MKC,Extended,Cons. staples,Consumer Staples,"Food, Beverage & Tobacco",Adj,Nov,EPS,CY2026,,,,,,,,3.304,,3.31,+0.2%,3.373,+1.9%,3.309,-1.9%,3.3,-0.3%,3.304,+0.1%,3.216,-2.7%,3.086,-4.0%,50.8,16.5,-6.7%,-25.4%,-23.4%,-33.6%
MKC,Extended,Cons. staples,Consumer Staples,"Food, Beverage & Tobacco",Adj,Nov,EPS,CY2027,,,,,,,,3.56,,3.567,+0.2%,3.595,+0.8%,3.6,+0.1%,3.588,-0.3%,3.61,+0.6%,3.516,-2.6%,3.358,-4.5%,50.8,15.1,-6.7%,-25.4%,-23.4%,-33.6%
MKC,Extended,Cons. staples,Consumer Staples,"Food, Beverage & Tobacco",Adj,Nov,EPS,CY2028,,,,,,,,3.815,,3.825,+0.3%,3.865,+1.0%,4.02,+4.0%,3.97,-1.2%,3.94,-0.8%,3.954,+0.4%,3.652,-7.6%,50.8,13.9,-9.2%,-25.4%,-23.4%,-33.6%
GIS,Extended,Cons. staples,Consumer Staples,"Food, Beverage & Tobacco",Adj,May,EPS,CY2025,,,,,,,,4.538,,4.515,-0.5%,4.427,-1.9%,4.174,-5.7%,4.187,+0.3%,,,,,,,37.67,9.0,-7.7%,-19.0%,-14.1%,-36.8%
GIS,Extended,Cons. staples,Consumer Staples,"Food, Beverage & Tobacco",Adj,May,EPS,CY2026,,,,,,,,4.777,,4.713,-1.3%,4.577,-2.9%,4.069,-11.1%,3.759,-7.6%,3.648,-3.0%,3.649,+0.0%,3.426,-6.1%,37.67,11.0,-15.8%,-19.0%,-14.1%,-36.8%
GIS,Extended,Cons. staples,Consumer Staples,"Food, Beverage & Tobacco",Adj,May,EPS,CY2027,,,,,,,,5.055,,4.981,-1.5%,4.841,-2.8%,4.301,-11.2%,3.908,-9.1%,3.865,-1.1%,3.729,-3.5%,3.295,-11.6%,37.67,11.4,-23.4%,-19.0%,-14.1%,-36.8%
GIS,Extended,Cons. staples,Consumer Staples,"Food, Beverage & Tobacco",Adj,May,EPS,CY2028,,,,,,,,5.56,,5.46,-1.8%,5.25,-3.8%,4.695,-10.6%,4.201,-10.5%,4.015,-4.4%,3.942,-1.8%,3.442,-12.7%,37.67,10.9,-26.7%,-19.0%,-14.1%,-36.8%
CPB,Extended,Cons. staples,Consumer Staples,"Food, Beverage & Tobacco",Adj,Jul,EPS,CY2025,,,,,,,,3.241,,3.182,-1.8%,3.139,-1.4%,2.988,-4.8%,2.932,-1.9%,2.929,-0.1%,,,,,22.02,7.5,-8.0%,-21.0%,-18.5%,-43.2%
CPB,Extended,Cons. staples,Consumer Staples,"Food, Beverage & Tobacco",Adj,Jul,EPS,CY2026,,,,,,,,3.454,,3.394,-1.7%,3.329,-1.9%,3.103,-6.8%,2.855,-8.0%,2.476,-13.3%,2.444,-1.3%,2.195,-10.2%,22.02,10.0,-29.3%,-21.0%,-18.5%,-43.2%
CPB,Extended,Cons. staples,Consumer Staples,"Food, Beverage & Tobacco",Adj,Jul,EPS,CY2027,,,,,,,,3.691,,3.634,-1.5%,3.562,-2.0%,3.334,-6.4%,2.987,-10.4%,2.705,-9.4%,2.606,-3.7%,2.252,-13.6%,22.02,9.8,-32.5%,-21.0%,-18.5%,-43.2%
CPB,Extended,Cons. staples,Consumer Staples,"Food, Beverage & Tobacco",Adj,Jul,EPS,CY2028,,,,,,,,3.963,,3.885,-2.0%,3.808,-2.0%,3.653,-4.1%,3.379,-7.5%,2.935,-13.1%,2.798,-4.7%,2.45,-12.4%,22.02,9.0,-32.9%,-21.0%,-18.5%,-43.2%
HSY,Extended,Cons. staples,Consumer Staples,"Food, Beverage & Tobacco",Adj,Dec,EPS,CY2025,,,,,,,,9.776,,9.36,-4.3%,8.095,-13.5%,6.112,-24.5%,5.932,-2.9%,5.94,+0.1%,5.987,+0.8%,6.0,+0.2%,207.97,34.7,-1.8%,+14.3%,+16.0%,+28.2%
HSY,Extended,Cons. staples,Consumer Staples,"Food, Beverage & Tobacco",Adj,Dec,EPS,CY2026,,,,,,,,10.46,,10.045,-4.0%,8.902,-11.4%,6.659,-25.2%,6.28,-5.7%,6.852,+9.1%,6.84,-0.2%,8.428,+23.2%,207.97,24.7,+26.6%,+14.3%,+16.0%,+28.2%
HSY,Extended,Cons. staples,Consumer Staples,"Food, Beverage & Tobacco",Adj,Dec,EPS,CY2027,,,,,,,,11.227,,10.736,-4.4%,9.51,-11.4%,7.574,-20.4%,7.095,-6.3%,7.972,+12.4%,8.01,+0.5%,9.881,+23.4%,207.97,21.0,+30.5%,+14.3%,+16.0%,+28.2%
HSY,Extended,Cons. staples,Consumer Staples,"Food, Beverage & Tobacco",Adj,Dec,EPS,CY2028,,,,,,,,11.45,,11.183,-2.3%,9.998,-10.6%,8.7,-13.0%,8.84,+1.6%,8.939,+1.1%,8.961,+0.2%,10.801,+20.5%,207.97,19.3,+24.1%,+14.3%,+16.0%,+28.2%
ENR,Extended,Cons. staples,Consumer Staples,Household & Personal Products,Adj,Sep,EPS,CY2025,,,,,,,,3.459,,3.547,+2.5%,3.544,-0.1%,3.548,+0.1%,3.375,-4.9%,3.603,+6.8%,3.593,-0.3%,,,16.86,4.7,+1.4%,-15.2%,-16.5%,-40.7%
ENR,Extended,Cons. staples,Consumer Staples,Household & Personal Products,Adj,Sep,EPS,CY2026,,,,,,,,3.565,,3.711,+4.1%,3.742,+0.8%,3.774,+0.9%,3.546,-6.0%,3.77,+6.3%,3.429,-9.0%,3.324,-3.1%,16.86,5.1,-11.9%,-15.2%,-16.5%,-40.7%
ENR,Extended,Cons. staples,Consumer Staples,Household & Personal Products,Adj,Sep,EPS,CY2027,,,,,,,,3.54,,3.763,+6.3%,3.962,+5.3%,3.957,-0.1%,3.769,-4.8%,4.029,+6.9%,3.791,-5.9%,3.754,-1.0%,16.86,4.5,-5.1%,-15.2%,-16.5%,-40.7%
ENR,Extended,Cons. staples,Consumer Staples,Household & Personal Products,Adj,Sep,EPS,CY2028,,,,,,,,3.67,,4.12,+12.3%,4.21,+2.2%,4.16,-1.2%,3.87,-7.0%,4.237,+9.5%,4.007,-5.4%,3.941,-1.6%,16.86,4.3,-5.3%,-15.2%,-16.5%,-40.7%
NWL,Extended,Cons. staples,Consumer Discretionary,Consumer Durables & Apparel,Adj,Dec,EPS,CY2025,,,,,,,,0.764,,0.755,-1.2%,0.767,+1.6%,0.723,-5.7%,0.686,-5.1%,0.677,-1.3%,0.569,-16.0%,0.576,+1.2%,3.49,6.1,-20.3%,-6.2%,-10.7%,-31.8%
NWL,Extended,Cons. staples,Consumer Discretionary,Consumer Durables & Apparel,Adj,Dec,EPS,CY2026,,,,,,,,0.924,,0.924,+0.0%,0.947,+2.5%,0.841,-11.2%,0.751,-10.7%,0.737,-1.9%,0.589,-20.1%,0.564,-4.2%,3.49,6.2,-32.9%,-6.2%,-10.7%,-31.8%
NWL,Extended,Cons. staples,Consumer Discretionary,Consumer Durables & Apparel,Adj,Dec,EPS,CY2027,,,,,,,,1.12,,1.155,+3.1%,1.265,+9.5%,0.956,-24.4%,0.84,-12.1%,0.854,+1.7%,0.678,-20.6%,0.673,-0.7%,3.49,5.2,-29.6%,-6.2%,-10.7%,-31.8%
NWL,Extended,Cons. staples,Consumer Discretionary,Consumer Durables & Apparel,Adj,Dec,EPS,CY2028,,,,,,,,1.265,,1.3,+2.8%,1.42,+9.2%,0.95,-33.1%,0.98,+3.2%,0.935,-4.6%,0.81,-13.4%,0.78,-3.7%,3.49,4.5,-17.9%,-6.2%,-10.7%,-31.8%
HRL,Extended,Cons. staples,Consumer Staples,"Food, Beverage & Tobacco",Adj,Oct,EPS,CY2025,,,,,,,,1.701,,1.694,-0.4%,1.647,-2.8%,1.597,-3.0%,1.6,+0.2%,1.441,-9.9%,1.364,-5.3%,,,21.86,16.0,-17.2%,-7.8%,-4.3%,-28.9%
HRL,Extended,Cons. staples,Consumer Staples,"Food, Beverage & Tobacco",Adj,Oct,EPS,CY2026,,,,,,,,1.841,,1.839,-0.1%,1.814,-1.4%,1.791,-1.3%,1.792,+0.1%,1.548,-13.6%,1.453,-6.1%,1.455,+0.1%,21.86,15.0,-18.8%,-7.8%,-4.3%,-28.9%
HRL,Extended,Cons. staples,Consumer Staples,"Food, Beverage & Tobacco",Adj,Oct,EPS,CY2027,,,,,,,,2.16,,2.03,-6.0%,1.96,-3.4%,1.899,-3.1%,1.952,+2.8%,1.699,-13.0%,1.565,-7.9%,1.565,+0.0%,21.86,14.0,-17.6%,-7.8%,-4.3%,-28.9%
HRL,Extended,Cons. staples,Consumer Staples,"Food, Beverage & Tobacco",Adj,Oct,EPS,CY2028,,,,,,,,2.26,,2.22,-1.8%,1.97,-11.3%,1.93,-2.0%,2.135,+10.6%,1.86,-12.9%,1.653,-11.1%,1.667,+0.8%,21.86,13.1,-13.6%,-7.8%,-4.3%,-28.9%
HLF,Extended,Cons. staples,Consumer Staples,Household & Personal Products,Adj,Dec,EPS,CY2025,,,,,,,,2.182,,1.916,-12.2%,1.943,+1.4%,1.955,+0.6%,1.99,+1.8%,2.088,+4.9%,2.065,-1.1%,2.032,-1.6%,14.27,7.0,+3.9%,+10.7%,+1.2%,+72.6%
HLF,Extended,Cons. staples,Consumer Staples,Household & Personal Products,Adj,Dec,EPS,CY2026,,,,,,,,2.925,,2.845,-2.7%,2.43,-14.6%,2.39,-1.6%,2.458,+2.8%,2.5,+1.7%,2.65,+6.0%,2.462,-7.1%,14.27,5.8,+3.0%,+10.7%,+1.2%,+72.6%
HLF,Extended,Cons. staples,Consumer Staples,Household & Personal Products,Adj,Dec,EPS,CY2027,,,,,,,,2.91,,,,2.65,-8.9%,2.97,+12.1%,3.01,+1.3%,3.105,+3.2%,3.32,+6.9%,2.98,-10.2%,14.27,4.8,+0.3%,+10.7%,+1.2%,+72.6%
HLF,Extended,Cons. staples,Consumer Staples,Household & Personal Products,Adj,Dec,EPS,CY2028,,,,,,,,3.27,,,,2.95,-9.8%,2.73,-7.5%,2.75,+0.7%,2.96,+7.6%,3.39,+14.5%,3.08,-9.1%,14.27,4.6,+12.8%,+10.7%,+1.2%,+72.6%
IFF,Extended,Cons. staples,Materials,Materials,Adj,Dec,EPS,CY2025,,,,,,,,4.416,,4.625,+4.7%,4.571,-1.2%,4.217,-7.7%,4.235,+0.4%,4.237,+0.0%,4.254,+0.4%,4.245,-0.2%,71.83,16.9,+0.7%,+6.6%,+4.3%,-1.8%
IFF,Extended,Cons. staples,Materials,Materials,Adj,Dec,EPS,CY2026,,,,,,,,4.868,,5.055,+3.8%,4.959,-1.9%,4.491,-9.4%,4.549,+1.3%,4.406,-3.1%,4.443,+0.8%,4.451,+0.2%,71.83,16.1,-0.9%,+6.6%,+4.3%,-1.8%
IFF,Extended,Cons. staples,Materials,Materials,Adj,Dec,EPS,CY2027,,,,,,,,5.147,,5.36,+4.1%,5.435,+1.4%,4.953,-8.9%,4.862,-1.8%,4.831,-0.6%,4.81,-0.4%,4.818,+0.2%,71.83,14.9,-2.7%,+6.6%,+4.3%,-1.8%
IFF,Extended,Cons. staples,Materials,Materials,Adj,Dec,EPS,CY2028,,,,,,,,5.572,,5.832,+4.7%,5.915,+1.4%,5.324,-10.0%,5.2,-2.3%,5.138,-1.2%,5.173,+0.7%,5.193,+0.4%,71.83,13.8,-2.5%,+6.6%,+4.3%,-1.8%
KHC,Extended,Cons. staples,Consumer Staples,"Food, Beverage & Tobacco",Adj,Dec,EPS,CY2025,,,,,,,,3.19,,3.164,-0.8%,3.076,-2.8%,2.684,-12.7%,2.589,-3.5%,2.594,+0.2%,2.532,-2.4%,2.53,-0.1%,23.57,9.3,-5.7%,-2.8%,+0.3%,-20.6%
KHC,Extended,Cons. staples,Consumer Staples,"Food, Beverage & Tobacco",Adj,Dec,EPS,CY2026,,,,,,,,3.354,,3.333,-0.6%,3.229,-3.1%,2.809,-13.0%,2.67,-4.9%,2.663,-0.3%,2.512,-5.7%,2.063,-17.9%,23.57,11.4,-26.6%,-2.8%,+0.3%,-20.6%
KHC,Extended,Cons. staples,Consumer Staples,"Food, Beverage & Tobacco",Adj,Dec,EPS,CY2027,,,,,,,,3.613,,3.556,-1.6%,3.44,-3.3%,2.943,-14.4%,2.799,-4.9%,2.795,-0.1%,2.598,-7.0%,2.143,-17.5%,23.57,11.0,-27.2%,-2.8%,+0.3%,-20.6%
KHC,Extended,Cons. staples,Consumer Staples,"Food, Beverage & Tobacco",Adj,Dec,EPS,CY2028,,,,,,,,3.8,,3.75,-1.3%,3.665,-2.3%,3.265,-10.9%,3.068,-6.0%,2.998,-2.3%,2.873,-4.2%,2.276,-20.8%,23.57,10.4,-30.3%,-2.8%,+0.3%,-20.6%
BATS,Extended,Cons. staples,Consumer Staples,"Food, Beverage & Tobacco",Adj,Dec,EPS,CY2025,,,,,,,,3.813,,3.745,-1.8%,3.742,-0.1%,3.528,-5.7%,3.436,-2.6%,3.387,-1.4%,3.399,+0.4%,3.395,-0.1%,4407.0,13.0,-3.8%,+4.6%,+9.2%,+42.1%
BATS,Extended,Cons. staples,Consumer Staples,"Food, Beverage & Tobacco",Adj,Dec,EPS,CY2026,,,,,,,,4.058,,3.97,-2.2%,3.946,-0.6%,3.755,-4.8%,3.647,-2.9%,3.611,-1.0%,3.607,-0.1%,3.634,+0.7%,4407.0,12.1,-3.2%,+4.6%,+9.2%,+42.1%
BATS,Extended,Cons. staples,Consumer Staples,"Food, Beverage & Tobacco",Adj,Dec,EPS,CY2027,,,,,,,,4.274,,4.219,-1.3%,4.167,-1.2%,4.018,-3.6%,3.883,-3.4%,3.858,-0.6%,3.86,+0.1%,3.896,+0.9%,4407.0,11.3,-3.0%,+4.6%,+9.2%,+42.1%
BATS,Extended,Cons. staples,Consumer Staples,"Food, Beverage & Tobacco",Adj,Dec,EPS,CY2028,,,,,,,,4.541,,4.492,-1.1%,4.516,+0.5%,4.35,-3.7%,4.178,-4.0%,4.243,+1.6%,4.227,-0.4%,4.183,-1.0%,4407.0,10.5,-3.8%,+4.6%,+9.2%,+42.1%
POST,Extended,Cons. staples,Consumer Staples,"Food, Beverage & Tobacco",Adj,Sep,EPS,CY2025,,,,,,,,6.382,,6.262,-1.9%,6.276,+0.2%,6.323,+0.7%,6.577,+4.0%,6.996,+6.4%,7.048,+0.7%,,,100.47,14.3,+12.3%,+1.4%,+1.9%,-14.5%
POST,Extended,Cons. staples,Consumer Staples,"Food, Beverage & Tobacco",Adj,Sep,EPS,CY2026,,,,,,,,7.194,,7.139,-0.8%,7.148,+0.1%,7.256,+1.5%,7.67,+5.7%,7.781,+1.4%,6.944,-10.8%,7.393,+6.5%,100.47,13.6,+1.9%,+1.4%,+1.9%,-14.5%
POST,Extended,Cons. staples,Consumer Staples,"Food, Beverage & Tobacco",Adj,Sep,EPS,CY2027,,,,,,,,8.26,,8.063,-2.4%,8.058,-0.1%,7.983,-0.9%,8.53,+6.9%,8.921,+4.6%,8.264,-7.4%,8.319,+0.7%,100.47,12.1,+4.2%,+1.4%,+1.9%,-14.5%
POST,Extended,Cons. staples,Consumer Staples,"Food, Beverage & Tobacco",Adj,Sep,EPS,CY2028,,,,,,,,,,,,15.24,,9.525,-37.5%,10.385,+9.0%,10.885,+4.8%,9.656,-11.3%,9.57,-0.9%,100.47,10.5,+0.5%,+1.4%,+1.9%,-14.5%
DGE,Extended,Cons. staples,Consumer Staples,"Food, Beverage & Tobacco",Adj,Jun,EPS,CY2025,,,,,,,,1.939,,1.717,-11.4%,1.712,-0.3%,1.619,-5.4%,1.612,-0.4%,1.609,-0.2%,,,,,1391.5,8.6,-6.3%,-13.2%,-15.4%,-30.8%
DGE,Extended,Cons. staples,Consumer Staples,"Food, Beverage & Tobacco",Adj,Jun,EPS,CY2026,,,,,,,,2.11,,1.858,-11.9%,1.815,-2.3%,1.716,-5.5%,1.698,-1.0%,1.702,+0.2%,1.624,-4.6%,1.599,-1.5%,1391.5,8.7,-6.8%,-13.2%,-15.4%,-30.8%
DGE,Extended,Cons. staples,Consumer Staples,"Food, Beverage & Tobacco",Adj,Jun,EPS,CY2027,,,,,,,,2.257,,2.017,-10.6%,1.952,-3.2%,1.839,-5.8%,1.81,-1.6%,1.829,+1.0%,1.707,-6.7%,1.613,-5.5%,1391.5,8.6,-12.3%,-13.2%,-15.4%,-30.8%
DGE,Extended,Cons. staples,Consumer Staples,"Food, Beverage & Tobacco",Adj,Jun,EPS,CY2028,,,,,,,,2.521,,2.204,-12.6%,2.094,-5.0%,2.014,-3.8%,1.977,-1.8%,1.962,-0.8%,1.822,-7.1%,1.729,-5.1%,1391.5,8.0,-14.2%,-13.2%,-15.4%,-30.8%
SGI,Extended,Bedding / furniture / household goods,Consumer Discretionary,Consumer Durables & Apparel,Adj,Dec,EPS,CY2025,,,,,,,,3.173,,2.916,-8.1%,2.848,-2.3%,2.79,-2.0%,2.48,-11.1%,2.549,+2.8%,2.69,+5.5%,2.693,+0.1%,74.37,27.6,-3.5%,-16.7%,-18.1%,+31.1%
SGI,Extended,Bedding / furniture / household goods,Consumer Discretionary,Consumer Durables & Apparel,Adj,Dec,EPS,CY2026,,,,,,,,3.43,,3.178,-7.3%,3.193,+0.5%,3.376,+5.7%,3.051,-9.6%,3.15,+3.2%,3.333,+5.8%,3.286,-1.4%,74.37,22.6,-2.7%,-16.7%,-18.1%,+31.1%
SGI,Extended,Bedding / furniture / household goods,Consumer Discretionary,Consumer Durables & Apparel,Adj,Dec,EPS,CY2027,,,,,,,,3.667,,3.403,-7.2%,3.593,+5.6%,3.617,+0.7%,3.593,-0.7%,3.794,+5.6%,4.034,+6.3%,4.092,+1.4%,74.37,18.2,+13.1%,-16.7%,-18.1%,+31.1%
SGI,Extended,Bedding / furniture / household goods,Consumer Discretionary,Consumer Durables & Apparel,Adj,Dec,EPS,CY2028,,,,,,,,4.007,,3.677,-8.2%,3.67,-0.2%,4.623,+26.0%,4.44,-4.0%,4.6,+3.6%,4.8,+4.3%,5.004,+4.2%,74.37,14.9,+8.2%,-16.7%,-18.1%,+31.1%
WSM,Extended,Bedding / furniture / household goods,Consumer Discretionary,Consumer Discretionary Distrib,Adj,Jan,EPS,CY2025,,,,,,,,8.27,,8.172,-1.2%,8.474,+3.7%,8.502,+0.3%,8.588,+1.0%,8.613,+0.3%,8.701,+1.0%,8.742,+0.5%,182.62,20.9,+2.8%,+2.3%,-7.3%,+28.9%
WSM,Extended,Bedding / furniture / household goods,Consumer Discretionary,Consumer Discretionary Distrib,Adj,Jan,EPS,CY2026,,,,,,,,8.829,,8.779,-0.6%,9.169,+4.4%,9.194,+0.3%,9.045,-1.6%,9.14,+1.1%,9.145,+0.1%,9.345,+2.2%,182.62,19.5,+1.6%,+2.3%,-7.3%,+28.9%
WSM,Extended,Bedding / furniture / household goods,Consumer Discretionary,Consumer Discretionary Distrib,Adj,Jan,EPS,CY2027,,,,,,,,9.69,,9.633,-0.6%,9.89,+2.7%,9.842,-0.5%,9.708,-1.4%,9.953,+2.5%,9.964,+0.1%,10.1,+1.4%,182.62,18.1,+2.6%,+2.3%,-7.3%,+28.9%
WSM,Extended,Bedding / furniture / household goods,Consumer Discretionary,Consumer Discretionary Distrib,Adj,Jan,EPS,CY2028,,,,,,,,11.05,,10.383,-6.0%,10.717,+3.2%,10.66,-0.5%,10.683,+0.2%,10.908,+2.1%,10.876,-0.3%,11.115,+2.2%,182.62,16.4,+4.3%,+2.3%,-7.3%,+28.9%
RH,Extended,Bedding / furniture / household goods,Consumer Discretionary,Consumer Discretionary Distrib,Adj,Jan,EPS,CY2025,,,,,,,,14.408,,12.358,-14.2%,12.469,+0.9%,12.762,+2.3%,10.493,-17.8%,8.963,-14.6%,7.08,-21.0%,7.069,-0.2%,118.65,16.8,-44.6%,-33.8%,-43.6%,-18.5%
RH,Extended,Bedding / furniture / household goods,Consumer Discretionary,Consumer Discretionary Distrib,Adj,Jan,EPS,CY2026,,,,,,,,19.336,,17.297,-10.5%,18.131,+4.8%,18.394,+1.5%,14.161,-23.0%,12.704,-10.3%,10.191,-19.8%,8.952,-12.2%,118.65,13.3,-51.3%,-33.8%,-43.6%,-18.5%
RH,Extended,Bedding / furniture / household goods,Consumer Discretionary,Consumer Discretionary Distrib,Adj,Jan,EPS,CY2027,,,,,,,,31.927,,25.56,-19.9%,23.003,-10.0%,22.148,-3.7%,18.355,-17.1%,17.306,-5.7%,14.115,-18.4%,12.475,-11.6%,118.65,9.5,-43.7%,-33.8%,-43.6%,-18.5%
RH,Extended,Bedding / furniture / household goods,Consumer Discretionary,Consumer Discretionary Distrib,Adj,Jan,EPS,CY2028,,,,,,,,38.59,,35.797,-7.2%,31.93,-10.8%,,,28.46,-10.9%,24.553,-13.7%,20.423,-16.8%,17.943,-12.1%,118.65,6.6,,-33.8%,-43.6%,-18.5%
WHR,Extended,Bedding / furniture / household goods,Consumer Discretionary,Consumer Durables & Apparel,Adj,Dec,EPS,CY2025,,,,,,,,13.579,,12.434,-8.4%,11.636,-6.4%,9.621,-17.3%,8.929,-7.2%,6.45,-27.8%,6.67,+3.4%,6.664,-0.1%,56.29,8.4,-30.7%,-22.0%,-28.8%,-34.3%
WHR,Extended,Bedding / furniture / household goods,Consumer Discretionary,Consumer Durables & Apparel,Adj,Dec,EPS,CY2026,,,,,,,,15.908,,14.198,-10.7%,13.913,-2.0%,11.265,-19.0%,10.713,-4.9%,8.254,-23.0%,7.156,-13.3%,5.71,-20.2%,56.29,9.9,-49.3%,-22.0%,-28.8%,-34.3%
WHR,Extended,Bedding / furniture / household goods,Consumer Discretionary,Consumer Durables & Apparel,Adj,Dec,EPS,CY2027,,,,,,,,20.63,,16.63,-19.4%,16.01,-3.7%,13.5,-15.7%,12.925,-4.3%,10.6,-18.0%,9.188,-13.3%,6.911,-24.8%,56.29,8.1,-48.8%,-22.0%,-28.8%,-34.3%
WHR,Extended,Bedding / furniture / household goods,Consumer Discretionary,Consumer Durables & Apparel,Adj,Dec,EPS,CY2028,,,,,,,,22.47,,19.2,-14.6%,19.13,-0.4%,16.47,-13.9%,16.78,+1.9%,,,,,8.748,-47.9%,56.29,6.4,-46.9%,-22.0%,-28.8%,-34.3%
SNBR,Extended,Bedding / furniture / household goods,Consumer Discretionary,Consumer Discretionary Distrib,Adj,Dec,EPS,CY2025,,,,,,,,0.82,,0.622,-24.1%,0.343,-44.9%,-0.52,-251.6%,0.039,+107.5%,-0.9,-2407.7%,-2.887,-220.8%,-3.763,-30.3%,1.18,-0.3,-623.7%,-86.1%,-84.2%,-77.4%
SNBR,Extended,Bedding / furniture / household goods,Consumer Discretionary,Consumer Discretionary Distrib,Adj,Dec,EPS,CY2026,,,,,,,,1.48,,1.16,-21.6%,0.93,-19.8%,0.158,-83.0%,0.372,+135.4%,0.46,+23.7%,-1.05,-328.3%,-0.482,+54.1%,1.18,-2.4,-405.1%,-86.1%,-84.2%,-77.4%
SNBR,Extended,Bedding / furniture / household goods,Consumer Discretionary,Consumer Discretionary Distrib,Adj,Dec,EPS,CY2027,,,,,,,,3.85,,1.73,-55.1%,1.41,-18.5%,0.59,-58.2%,0.943,+59.8%,1.017,+7.8%,-0.07,-106.9%,0.341,+587.1%,1.18,3.5,-42.2%,-86.1%,-84.2%,-77.4%
SNBR,Extended,Bedding / furniture / household goods,Consumer Discretionary,Consumer Discretionary Distrib,Adj,Dec,EPS,CY2028,,,,,,,,4.64,,2.19,-52.8%,1.67,-23.7%,1.33,-20.4%,1.28,-3.8%,1.16,-9.4%,0.07,-94.0%,0.59,+742.9%,1.18,2.0,-55.6%,-86.1%,-84.2%,-77.4%
HVT,Extended,Bedding / furniture / household goods,Consumer Discretionary,Consumer Discretionary Distrib,Adj,Dec,EPS,CY2025,,,,,,,,2.843,,2.75,-3.3%,2.217,-19.4%,1.435,-35.3%,1.3,-9.4%,1.125,-13.5%,1.165,+3.6%,,,21.03,18.1,-47.5%,-10.0%,-14.7%,+12.2%
HVT,Extended,Bedding / furniture / household goods,Consumer Discretionary,Consumer Discretionary Distrib,Adj,Dec,EPS,CY2026,,,,,,,,3.35,,2.95,-11.9%,2.61,-11.5%,2.545,-2.5%,2.445,-3.9%,2.445,+0.0%,2.14,-12.5%,,,21.03,9.8,-18.0%,-10.0%,-14.7%,+12.2%
HVT,Extended,Bedding / furniture / household goods,Consumer Discretionary,Consumer Discretionary Distrib,Adj,Dec,EPS,CY2027,,,,,,,,,,,,,,,,,,,,3.19,,,,21.03,6.6,,-10.0%,-14.7%,+12.2%
HVT,Extended,Bedding / furniture / household goods,Consumer Discretionary,Consumer Discretionary Distrib,Adj,Dec,EPS,CY2028,,,,,,,,,,,,,,,,,,,,,,,,21.03,,,-10.0%,-14.7%,+12.2%
LEG,Extended,Bedding / furniture / household goods,Consumer Discretionary,Consumer Durables & Apparel,Adj,Dec,EPS,CY2025,,,,,,,,1.282,,1.272,-0.8%,1.184,-6.9%,1.122,-5.2%,1.11,-1.1%,1.058,-4.7%,1.05,-0.8%,1.048,-0.2%,9.76,9.3,-6.6%,-11.3%,-16.2%,+35.7%
LEG,Extended,Bedding / furniture / household goods,Consumer Discretionary,Consumer Durables & Apparel,Adj,Dec,EPS,CY2026,,,,,,,,1.373,,1.413,+2.9%,1.29,-8.7%,1.208,-6.4%,1.226,+1.5%,1.128,-8.0%,1.082,-4.1%,1.086,+0.4%,9.76,9.0,-10.1%,-11.3%,-16.2%,+35.7%
LEG,Extended,Bedding / furniture / household goods,Consumer Discretionary,Consumer Durables & Apparel,Adj,Dec,EPS,CY2027,,,,,,,,1.43,,1.57,+9.8%,1.5,-4.5%,1.33,-11.3%,1.335,+0.4%,1.24,-7.1%,1.168,-5.8%,1.19,+1.9%,9.76,8.2,-10.5%,-11.3%,-16.2%,+35.7%
LEG,Extended,Bedding / furniture / household goods,Consumer Discretionary,Consumer Durables & Apparel,Adj,Dec,EPS,CY2028,,,,,,,,1.54,,1.68,+9.1%,1.62,-3.6%,1.46,-9.9%,1.49,+2.1%,1.45,-2.7%,1.37,-5.5%,1.32,-3.6%,9.76,7.4,-9.6%,-11.3%,-16.2%,+35.7%
CULP,Extended,Bedding / furniture / household goods,Consumer Discretionary,Consumer Durables & Apparel,Adj,Apr,EPS,CY2025,,,,,,,,-0.205,,-0.5,-143.9%,-1.25,-150.0%,-1.5,-20.0%,-0.98,+34.7%,,,,,,,2.81,-2.9,-378.0%,-21.1%,-19.7%,-33.7%
CULP,Extended,Bedding / furniture / household goods,Consumer Discretionary,Consumer Durables & Apparel,Adj,Apr,EPS,CY2026,,,,,,,,0.21,,0.31,+47.6%,0.3,-3.2%,0.14,-53.3%,0.26,+85.7%,-0.52,-300.0%,,,-0.94,-80.8%,2.81,-3.0,-771.4%,-21.1%,-19.7%,-33.7%
CULP,Extended,Bedding / furniture / household goods,Consumer Discretionary,Consumer Durables & Apparel,Adj,Apr,EPS,CY2027,,,,,,,,,,0.42,,0.6,+42.9%,0.36,-40.0%,0.6,+66.7%,-0.002,-100.3%,,,-0.15,-7400.0%,2.81,-18.7,-141.7%,-21.1%,-19.7%,-33.7%
CULP,Extended,Bedding / furniture / household goods,Consumer Discretionary,Consumer Durables & Apparel,Adj,Apr,EPS,CY2028,,,,,,,,,,0.54,,0.72,+33.3%,0.62,-13.9%,,,,,,,,,2.81,4.5,,-21.1%,-19.7%,-33.7%
AWI,Extended,Bedding / furniture / household goods,Industrials,Capital Goods,Adj,Dec,EPS,CY2025,,,,,,,,6.594,,6.779,+2.8%,6.883,+1.5%,6.896,+0.2%,6.968,+1.0%,7.268,+4.3%,7.478,+2.9%,7.478,+0.0%,166.1,22.2,+8.4%,-13.1%,-15.0%,+27.2%
AWI,Extended,Bedding / furniture / household goods,Industrials,Capital Goods,Adj,Dec,EPS,CY2026,,,,,,,,7.8,,7.993,+2.5%,7.753,-3.0%,7.816,+0.8%,7.828,+0.2%,8.252,+5.4%,8.434,+2.2%,8.3,-1.6%,166.1,20.0,+6.2%,-13.1%,-15.0%,+27.2%
AWI,Extended,Bedding / furniture / household goods,Industrials,Capital Goods,Adj,Dec,EPS,CY2027,,,,,,,,,,,,,,9.4,,8.738,-7.0%,9.188,+5.1%,9.433,+2.7%,9.272,-1.7%,166.1,17.9,-1.4%,-13.1%,-15.0%,+27.2%
AWI,Extended,Bedding / furniture / household goods,Industrials,Capital Goods,Adj,Dec,EPS,CY2028,,,,,,,,,,,,,,,,,,,,,,10.44,,166.1,15.9,,-13.1%,-15.0%,+27.2%
REZI,Extended,Bedding / furniture / household goods,Industrials,Capital Goods,Adj,Dec,EPS,CY2025,,,,,,,,2.175,,2.413,+10.9%,2.403,-0.4%,2.323,-3.3%,2.39,+2.9%,-0.81,-133.9%,2.65,+427.2%,2.65,+0.0%,34.86,13.2,+14.1%,-0.7%,-1.8%,+123.2%
REZI,Extended,Bedding / furniture / household goods,Industrials,Capital Goods,Adj,Dec,EPS,CY2026,,,,,,,,2.505,,2.775,+10.8%,2.64,-4.9%,2.545,-3.6%,2.508,-1.5%,2.575,+2.7%,2.925,+13.6%,3.08,+5.3%,34.86,11.3,+21.0%,-0.7%,-1.8%,+123.2%
REZI,Extended,Bedding / furniture / household goods,Industrials,Capital Goods,Adj,Dec,EPS,CY2027,,,,,,,,2.65,,3.33,+25.7%,2.78,-16.5%,2.68,-3.6%,2.645,-1.3%,3.19,+20.6%,3.14,-1.6%,3.325,+5.9%,34.86,10.5,+24.1%,-0.7%,-1.8%,+123.2%
REZI,Extended,Bedding / furniture / household goods,Industrials,Capital Goods,Adj,Dec,EPS,CY2028,,,,,,,,,,,,,,,,,,,,,,3.57,,34.86,9.8,,-0.7%,-1.8%,+123.2%
INVH,Extended,Bedding / furniture / household goods,Real Estate,Equity Real Estate Investment,Adj,Dec,EPS,CY2025,,,,,,,,0.944,,0.789,-16.4%,0.738,-6.5%,0.71,-3.8%,0.91,+28.2%,0.848,-6.8%,0.916,+8.0%,0.893,-2.5%,25.47,28.5,+25.8%,-8.3%,-9.4%,-21.7%
INVH,Extended,Bedding / furniture / household goods,Real Estate,Equity Real Estate Investment,Adj,Dec,EPS,CY2026,,,,,,,,0.845,,0.828,-2.0%,0.821,-0.8%,0.775,-5.6%,0.908,+17.2%,0.824,-9.3%,0.874,+6.1%,0.791,-9.5%,25.47,32.2,+2.1%,-8.3%,-9.4%,-21.7%
INVH,Extended,Bedding / furniture / household goods,Real Estate,Equity Real Estate Investment,Adj,Dec,EPS,CY2027,,,,,,,,0.905,,0.818,-9.6%,0.77,-5.9%,0.83,+7.8%,0.887,+6.9%,0.862,-2.8%,0.83,-3.7%,0.748,-9.9%,25.47,34.1,-9.9%,-8.3%,-9.4%,-21.7%
INVH,Extended,Bedding / furniture / household goods,Real Estate,Equity Real Estate Investment,Adj,Dec,EPS,CY2028,,,,,,,,0.99,,0.887,-10.4%,0.81,-8.7%,0.85,+4.9%,0.936,+10.1%,0.868,-7.3%,0.824,-5.1%,0.779,-5.5%,25.47,32.7,-8.4%,-8.3%,-9.4%,-21.7%
AMH,Extended,Bedding / furniture / household goods,Real Estate,Equity Real Estate Investment,Adj,Dec,EPS,CY2025,,,,,,,,0.718,,0.822,+14.5%,0.721,-12.3%,0.781,+8.3%,0.913,+16.9%,0.965,+5.7%,1.023,+6.0%,1.05,+2.6%,29.1,27.7,+34.4%,-9.3%,-10.2%,-18.0%
AMH,Extended,Bedding / furniture / household goods,Real Estate,Equity Real Estate Investment,Adj,Dec,EPS,CY2026,,,,,,,,0.689,,0.855,+24.1%,0.798,-6.7%,0.819,+2.6%,0.984,+20.1%,0.869,-11.7%,0.817,-6.0%,0.913,+11.8%,29.1,31.9,+11.5%,-9.3%,-10.2%,-18.0%
AMH,Extended,Bedding / furniture / household goods,Real Estate,Equity Real Estate Investment,Adj,Dec,EPS,CY2027,,,,,,,,1.085,,1.06,-2.3%,0.866,-18.3%,0.777,-10.3%,0.838,+7.9%,0.828,-1.2%,0.788,-4.8%,0.928,+17.8%,29.1,31.4,+19.4%,-9.3%,-10.2%,-18.0%
AMH,Extended,Bedding / furniture / household goods,Real Estate,Equity Real Estate Investment,Adj,Dec,EPS,CY2028,,,,,,,,0.705,,0.61,-13.5%,0.977,+60.2%,0.883,-9.6%,0.913,+3.4%,0.875,-4.2%,0.625,-28.6%,0.747,+19.5%,29.1,39.0,-15.4%,-9.3%,-10.2%,-18.0%
HON,Extended,Industrial / Cyclical,Industrials,Capital Goods,Adj,Dec,EPS,CY2025,,,,,,,,11.15,,11.148,-0.0%,11.034,-1.0%,10.428,-5.5%,10.36,-0.7%,10.554,+1.9%,10.654,+0.9%,9.994,-6.2%,228.21,22.8,-4.2%,+17.0%,+11.4%,+26.8%
HON,Extended,Industrial / Cyclical,Industrials,Capital Goods,Adj,Dec,EPS,CY2026,,,,,,,,12.038,,12.126,+0.7%,12.096,-0.2%,11.458,-5.3%,11.288,-1.5%,11.378,+0.8%,10.584,-7.0%,10.504,-0.8%,228.21,21.7,-8.3%,+17.0%,+11.4%,+26.8%
HON,Extended,Industrial / Cyclical,Industrials,Capital Goods,Adj,Dec,EPS,CY2027,,,,,,,,13.318,,13.395,+0.6%,13.426,+0.2%,12.604,-6.1%,12.41,-1.5%,12.437,+0.2%,11.594,-6.8%,11.452,-1.2%,228.21,19.9,-9.1%,+17.0%,+11.4%,+26.8%
HON,Extended,Industrial / Cyclical,Industrials,Capital Goods,Adj,Dec,EPS,CY2028,,,,,,,,14.0,,14.13,+0.9%,13.95,-1.3%,13.38,-4.1%,13.258,-0.9%,13.313,+0.4%,12.818,-3.7%,12.597,-1.7%,228.21,18.1,-5.9%,+17.0%,+11.4%,+26.8%
GEV,Extended,Industrial / Cyclical,Industrials,Capital Goods,GAAP,Dec,EPS,CY2025,,,,,,,,5.51,,7.163,+30.0%,7.177,+0.2%,7.243,+0.9%,7.42,+2.4%,8.006,+7.9%,7.604,-5.0%,7.637,+0.4%,897.36,117.5,+5.4%,+37.3%,+30.7%,+230.5%
GEV,Extended,Industrial / Cyclical,Industrials,Capital Goods,GAAP,Dec,EPS,CY2026,,,,,,,,8.502,,10.34,+21.6%,10.958,+6.0%,11.512,+5.1%,11.702,+1.7%,12.595,+7.6%,13.601,+8.0%,14.399,+5.9%,897.36,62.3,+25.1%,+37.3%,+30.7%,+230.5%
GEV,Extended,Industrial / Cyclical,Industrials,Capital Goods,GAAP,Dec,EPS,CY2027,,,,,,,,9.13,,14.176,+55.3%,15.092,+6.5%,15.821,+4.8%,16.406,+3.7%,17.8,+8.5%,20.88,+17.3%,21.889,+4.8%,897.36,41.0,+38.4%,+37.3%,+30.7%,+230.5%
GEV,Extended,Industrial / Cyclical,Industrials,Capital Goods,GAAP,Dec,EPS,CY2028,,,,,,,,10.49,,15.658,+49.3%,17.852,+14.0%,19.636,+10.0%,20.519,+4.5%,23.201,+13.1%,28.108,+21.1%,30.167,+7.3%,897.36,29.7,+53.6%,+37.3%,+30.7%,+230.5%
ETN,Extended,Industrial / Cyclical,Industrials,Capital Goods,Adj,Dec,EPS,CY2025,,,,,,,,11.704,,11.957,+2.2%,12.016,+0.5%,12.05,+0.3%,12.023,-0.2%,12.09,+0.6%,12.091,+0.0%,12.063,-0.2%,363.89,30.2,+0.1%,+14.2%,+9.3%,+47.6%
ETN,Extended,Industrial / Cyclical,Industrials,Capital Goods,Adj,Dec,EPS,CY2026,,,,,,,,13.095,,13.218,+0.9%,13.448,+1.7%,13.468,+0.1%,13.574,+0.8%,13.768,+1.4%,13.7,-0.5%,13.297,-2.9%,363.89,27.4,-1.3%,+14.2%,+9.3%,+47.6%
ETN,Extended,Industrial / Cyclical,Industrials,Capital Goods,Adj,Dec,EPS,CY2027,,,,,,,,14.944,,14.914,-0.2%,14.904,-0.1%,14.896,-0.1%,15.088,+1.3%,15.445,+2.4%,15.474,+0.2%,15.323,-1.0%,363.89,23.7,+2.9%,+14.2%,+9.3%,+47.6%
ETN,Extended,Industrial / Cyclical,Industrials,Capital Goods,Adj,Dec,EPS,CY2028,,,,,,,,16.293,,15.94,-2.2%,16.33,+2.4%,16.616,+1.8%,16.794,+1.1%,17.704,+5.4%,17.696,-0.0%,17.458,-1.3%,363.89,20.8,+5.1%,+14.2%,+9.3%,+47.6%
PH,Extended,Industrial / Cyclical,Industrials,Capital Goods,Adj,Jun,EPS,CY2025,,,,,,,,26.104,,26.752,+2.5%,26.822,+0.3%,26.765,-0.2%,26.711,-0.2%,26.732,+0.1%,,,,,912.1,34.1,-0.1%,+3.8%,-1.8%,+76.3%
PH,Extended,Industrial / Cyclical,Industrials,Capital Goods,Adj,Jun,EPS,CY2026,,,,,,,,28.454,,29.214,+2.7%,29.147,-0.2%,29.358,+0.7%,28.809,-1.9%,28.992,+0.6%,30.296,+4.5%,30.986,+2.3%,912.1,29.4,+5.5%,+3.8%,-1.8%,+76.3%
PH,Extended,Industrial / Cyclical,Industrials,Capital Goods,Adj,Jun,EPS,CY2027,,,,,,,,31.859,,32.017,+0.5%,31.555,-1.4%,31.834,+0.9%,31.178,-2.1%,31.733,+1.8%,33.148,+4.5%,33.849,+2.1%,912.1,26.9,+6.3%,+3.8%,-1.8%,+76.3%
PH,Extended,Industrial / Cyclical,Industrials,Capital Goods,Adj,Jun,EPS,CY2028,,,,,,,,34.675,,34.518,-0.5%,33.813,-2.0%,34.229,+1.2%,33.516,-2.1%,34.515,+3.0%,36.215,+4.9%,37.212,+2.8%,912.1,24.5,+8.7%,+3.8%,-1.8%,+76.3%
ROP,Extended,Industrial / Cyclical,Information Technology,Software & Services,Adj,Dec,EPS,CY2025,,,,,,,,19.894,,19.999,+0.5%,20.08,+0.4%,19.973,-0.5%,19.935,-0.2%,19.999,+0.3%,19.934,-0.3%,19.944,+0.1%,360.19,18.1,-0.1%,-19.1%,-17.5%,-33.5%
ROP,Extended,Industrial / Cyclical,Information Technology,Software & Services,Adj,Dec,EPS,CY2026,,,,,,,,22.392,,22.387,-0.0%,22.121,-1.2%,21.65,-2.1%,21.689,+0.2%,21.898,+1.0%,21.693,-0.9%,21.472,-1.0%,360.19,16.8,-0.8%,-19.1%,-17.5%,-33.5%
ROP,Extended,Industrial / Cyclical,Information Technology,Software & Services,Adj,Dec,EPS,CY2027,,,,,,,,25.094,,25.046,-0.2%,25.45,+1.6%,24.673,-3.1%,24.063,-2.5%,24.034,-0.1%,23.869,-0.7%,23.305,-2.4%,360.19,15.5,-5.5%,-19.1%,-17.5%,-33.5%
ROP,Extended,Industrial / Cyclical,Information Technology,Software & Services,Adj,Dec,EPS,CY2028,,,,,,,,24.853,,26.795,+7.8%,27.228,+1.6%,28.02,+2.9%,26.945,-3.8%,27.46,+1.9%,26.915,-2.0%,25.704,-4.5%,360.19,14.0,-8.3%,-19.1%,-17.5%,-33.5%
AME,Extended,Industrial / Cyclical,Industrials,Capital Goods,Adj,Dec,EPS,CY2025,,,,,,,,7.407,,7.24,-2.3%,7.277,+0.5%,7.134,-2.0%,7.066,-1.0%,7.172,+1.5%,7.359,+2.6%,7.36,+0.0%,218.42,29.7,+3.2%,+6.4%,+2.0%,+43.1%
AME,Extended,Industrial / Cyclical,Industrials,Capital Goods,Adj,Dec,EPS,CY2026,,,,,,,,8.096,,7.901,-2.4%,7.894,-0.1%,7.714,-2.3%,7.581,-1.7%,7.745,+2.2%,7.936,+2.5%,8.057,+1.5%,218.42,27.1,+4.4%,+6.4%,+2.0%,+43.1%
AME,Extended,Industrial / Cyclical,Industrials,Capital Goods,Adj,Dec,EPS,CY2027,,,,,,,,8.643,,8.855,+2.5%,8.648,-2.3%,8.454,-2.2%,8.208,-2.9%,8.44,+2.8%,8.647,+2.5%,8.707,+0.7%,218.42,25.1,+3.0%,+6.4%,+2.0%,+43.1%
AME,Extended,Industrial / Cyclical,Industrials,Capital Goods,Adj,Dec,EPS,CY2028,,,,,,,,9.075,,9.14,+0.7%,9.087,-0.6%,9.23,+1.6%,8.994,-2.6%,9.205,+2.3%,9.46,+2.8%,9.402,-0.6%,218.42,23.2,+1.9%,+6.4%,+2.0%,+43.1%
FTV,Extended,Industrial / Cyclical,Industrials,Capital Goods,Adj,Dec,EPS,CY2025,,,,,,,,4.159,,4.09,-1.7%,4.147,+1.4%,4.064,-2.0%,3.765,-7.4%,2.517,-33.1%,2.648,+5.2%,2.65,+0.1%,56.71,21.4,-34.8%,+2.7%,+2.3%,+17.4%
FTV,Extended,Industrial / Cyclical,Industrials,Capital Goods,Adj,Dec,EPS,CY2026,,,,,,,,4.703,,4.494,-4.4%,4.548,+1.2%,4.414,-2.9%,4.023,-8.9%,2.758,-31.4%,2.856,+3.6%,2.968,+3.9%,56.71,19.1,-32.8%,+2.7%,+2.3%,+17.4%
FTV,Extended,Industrial / Cyclical,Industrials,Capital Goods,Adj,Dec,EPS,CY2027,,,,,,,,5.502,,4.915,-10.7%,4.993,+1.6%,4.809,-3.7%,4.457,-7.3%,3.035,-31.9%,3.098,+2.1%,3.193,+3.1%,56.71,17.8,-33.6%,+2.7%,+2.3%,+17.4%
FTV,Extended,Industrial / Cyclical,Industrials,Capital Goods,Adj,Dec,EPS,CY2028,,,,,,,,5.7,,5.206,-8.7%,5.306,+1.9%,5.22,-1.6%,4.994,-4.3%,3.385,-32.2%,3.482,+2.9%,3.505,+0.7%,56.71,16.2,-32.9%,+2.7%,+2.3%,+17.4%
EMN,Extended,Industrial / Cyclical,Materials,Materials,Adj,Dec,EPS,CY2025,,,,,,,,8.987,,8.894,-1.0%,8.618,-3.1%,8.467,-1.8%,7.321,-13.5%,5.875,-19.8%,5.438,-7.4%,5.392,-0.8%,73.29,13.6,-36.3%,+14.8%,+7.3%,-3.0%
EMN,Extended,Industrial / Cyclical,Materials,Materials,Adj,Dec,EPS,CY2026,,,,,,,,10.024,,9.951,-0.7%,9.588,-3.6%,9.378,-2.2%,8.21,-12.5%,6.946,-15.4%,6.171,-11.2%,5.924,-4.0%,73.29,12.4,-36.8%,+14.8%,+7.3%,-3.0%
EMN,Extended,Industrial / Cyclical,Materials,Materials,Adj,Dec,EPS,CY2027,,,,,,,,10.85,,10.867,+0.2%,10.654,-2.0%,10.238,-3.9%,9.106,-11.1%,7.897,-13.3%,7.08,-10.3%,6.798,-4.0%,73.29,10.8,-33.6%,+14.8%,+7.3%,-3.0%
EMN,Extended,Industrial / Cyclical,Materials,Materials,Adj,Dec,EPS,CY2028,,,,,,,,10.675,,10.7,+0.2%,9.93,-7.2%,10.848,+9.2%,10.118,-6.7%,8.398,-17.0%,8.0,-4.7%,7.586,-5.2%,73.29,9.7,-30.1%,+14.8%,+7.3%,-3.0%
NDSN,Extended,Industrial / Cyclical,Industrials,Capital Goods,Adj,Oct,EPS,CY2025,,,,,,,,10.146,,10.196,+0.5%,9.869,-3.2%,9.903,+0.3%,10.023,+1.2%,10.138,+1.1%,10.134,-0.0%,,,263.23,26.0,+2.7%,+9.5%,+4.5%,+48.9%
NDSN,Extended,Industrial / Cyclical,Industrials,Capital Goods,Adj,Oct,EPS,CY2026,,,,,,,,10.937,,10.962,+0.2%,10.78,-1.7%,10.746,-0.3%,10.94,+1.8%,11.07,+1.2%,11.261,+1.7%,11.45,+1.7%,263.23,23.0,+6.6%,+9.5%,+4.5%,+48.9%
NDSN,Extended,Industrial / Cyclical,Industrials,Capital Goods,Adj,Oct,EPS,CY2027,,,,,,,,13.29,,12.665,-4.7%,11.84,-6.5%,11.867,+0.2%,11.958,+0.8%,12.039,+0.7%,12.152,+0.9%,12.339,+1.5%,263.23,21.3,+4.0%,+9.5%,+4.5%,+48.9%
NDSN,Extended,Industrial / Cyclical,Industrials,Capital Goods,Adj,Oct,EPS,CY2028,,,,,,,,14.38,,15.1,+5.0%,11.74,-22.3%,11.56,-1.5%,12.18,+5.4%,13.52,+11.0%,13.18,-2.5%,13.34,+1.2%,263.23,19.7,+15.4%,+9.5%,+4.5%,+48.9%
IEX,Extended,Industrial / Cyclical,Industrials,Capital Goods,Adj,Dec,EPS,CY2025,,,,,,,,9.092,,8.567,-5.8%,8.568,+0.0%,8.253,-3.7%,8.194,-0.7%,7.885,-3.8%,7.896,+0.1%,7.894,-0.0%,190.76,24.2,-4.3%,+7.2%,+3.7%,+17.4%
IEX,Extended,Industrial / Cyclical,Industrials,Capital Goods,Adj,Dec,EPS,CY2026,,,,,,,,9.764,,9.19,-5.9%,9.263,+0.8%,9.069,-2.1%,8.918,-1.7%,8.595,-3.6%,8.345,-2.9%,8.265,-1.0%,190.76,23.1,-8.9%,+7.2%,+3.7%,+17.4%
IEX,Extended,Industrial / Cyclical,Industrials,Capital Goods,Adj,Dec,EPS,CY2027,,,,,,,,10.415,,9.613,-7.7%,9.828,+2.2%,9.518,-3.2%,9.407,-1.2%,9.121,-3.0%,9.199,+0.9%,9.006,-2.1%,190.76,21.2,-5.4%,+7.2%,+3.7%,+17.4%
IEX,Extended,Industrial / Cyclical,Industrials,Capital Goods,Adj,Dec,EPS,CY2028,,,,,,,,11.57,,10.68,-7.7%,10.807,+1.2%,10.365,-4.1%,10.328,-0.4%,9.85,-4.6%,10.048,+2.0%,10.004,-0.4%,190.76,19.1,-3.5%,+7.2%,+3.7%,+17.4%
TDY,Extended,Industrial / Cyclical,Information Technology,Technology Hardware & Equipmen,Adj,Dec,EPS,CY2025,,,,,,,,21.435,,21.519,+0.4%,21.57,+0.2%,21.525,-0.2%,21.439,-0.4%,21.474,+0.2%,21.542,+0.3%,21.542,+0.0%,632.01,29.3,+0.1%,+23.7%,+18.6%,+44.8%
TDY,Extended,Industrial / Cyclical,Information Technology,Technology Hardware & Equipmen,Adj,Dec,EPS,CY2026,,,,,,,,23.246,,23.483,+1.0%,23.583,+0.4%,23.635,+0.2%,23.754,+0.5%,23.94,+0.8%,23.617,-1.3%,23.803,+0.8%,632.01,26.6,+0.7%,+23.7%,+18.6%,+44.8%
TDY,Extended,Industrial / Cyclical,Information Technology,Technology Hardware & Equipmen,Adj,Dec,EPS,CY2027,,,,,,,,,,,,,,25.27,,25.812,+2.1%,26.215,+1.6%,25.378,-3.2%,25.7,+1.3%,632.01,24.6,+1.7%,+23.7%,+18.6%,+44.8%
TDY,Extended,Industrial / Cyclical,Information Technology,Technology Hardware & Equipmen,Adj,Dec,EPS,CY2028,,,,,,,,,,,,,,,,,,,,,,28.015,,632.01,22.6,,+23.7%,+18.6%,+44.8%
SWK,Extended,Industrial / Cyclical,Industrials,Capital Goods,Adj,Dec,EPS,CY2025,,,,,,,,5.537,,5.728,+3.4%,5.466,-4.6%,5.163,-5.5%,4.362,-15.5%,4.622,+6.0%,4.553,-1.5%,4.552,-0.0%,67.98,14.9,-11.8%,-8.5%,-15.8%,+8.1%
SWK,Extended,Industrial / Cyclical,Industrials,Capital Goods,Adj,Dec,EPS,CY2026,,,,,,,,6.588,,6.828,+3.6%,6.659,-2.5%,6.364,-4.4%,5.756,-9.6%,5.778,+0.4%,5.707,-1.2%,5.32,-6.8%,67.98,12.8,-16.4%,-8.5%,-15.8%,+8.1%
SWK,Extended,Industrial / Cyclical,Industrials,Capital Goods,Adj,Dec,EPS,CY2027,,,,,,,,6.86,,7.853,+14.5%,7.832,-0.3%,7.256,-7.4%,6.941,-4.3%,6.818,-1.8%,6.731,-1.3%,6.303,-6.4%,67.98,10.8,-13.1%,-8.5%,-15.8%,+8.1%
SWK,Extended,Industrial / Cyclical,Industrials,Capital Goods,Adj,Dec,EPS,CY2028,,,,,,,,7.08,,8.76,+23.7%,8.66,-1.1%,8.16,-5.8%,7.505,-8.0%,6.933,-7.6%,7.354,+6.1%,7.026,-4.5%,67.98,9.7,-13.9%,-8.5%,-15.8%,+8.1%
CAT,Extended,Industrial / Cyclical,Industrials,Capital Goods,GAAP,Dec,EPS,CY2025,,,,,,,,22.584,,22.436,-0.7%,21.744,-3.1%,20.059,-7.7%,18.441,-8.1%,17.842,-3.2%,18.276,+2.4%,18.295,+0.1%,721.24,39.4,-8.8%,+25.9%,+15.8%,+150.4%
CAT,Extended,Industrial / Cyclical,Industrials,Capital Goods,GAAP,Dec,EPS,CY2026,,,,,,,,24.487,,24.229,-1.1%,23.958,-1.1%,22.596,-5.7%,20.934,-7.4%,21.536,+2.9%,22.513,+4.5%,23.084,+2.5%,721.24,31.2,+2.2%,+25.9%,+15.8%,+150.4%
CAT,Extended,Industrial / Cyclical,Industrials,Capital Goods,GAAP,Dec,EPS,CY2027,,,,,,,,24.802,,24.398,-1.6%,24.19,-0.9%,24.324,+0.6%,23.787,-2.2%,25.333,+6.5%,27.369,+8.0%,27.992,+2.3%,721.24,25.8,+15.1%,+25.9%,+15.8%,+150.4%
CAT,Extended,Industrial / Cyclical,Industrials,Capital Goods,GAAP,Dec,EPS,CY2028,,,,,,,,26.813,,26.977,+0.6%,25.07,-7.1%,27.412,+9.3%,26.508,-3.3%,30.615,+15.5%,31.593,+3.2%,33.619,+6.4%,721.24,21.5,+22.6%,+25.9%,+15.8%,+150.4%
MMM,Extended,Industrial / Cyclical,Industrials,Capital Goods,Adj,Dec,EPS,CY2025,,,,,,,,7.818,,7.903,+1.1%,7.885,-0.2%,7.798,-1.1%,7.662,-1.7%,7.927,+3.5%,8.038,+1.4%,8.032,-0.1%,144.5,18.0,+3.0%,-9.7%,-13.1%,+13.9%
MMM,Extended,Industrial / Cyclical,Industrials,Capital Goods,Adj,Dec,EPS,CY2026,,,,,,,,8.31,,8.405,+1.1%,8.584,+2.1%,8.469,-1.3%,8.358,-1.3%,8.515,+1.9%,8.645,+1.5%,8.664,+0.2%,144.5,16.7,+2.3%,-9.7%,-13.1%,+13.9%
MMM,Extended,Industrial / Cyclical,Industrials,Capital Goods,Adj,Dec,EPS,CY2027,,,,,,,,8.872,,9.015,+1.6%,9.137,+1.4%,9.229,+1.0%,9.14,-1.0%,9.233,+1.0%,9.376,+1.5%,9.412,+0.4%,144.5,15.4,+2.0%,-9.7%,-13.1%,+13.9%
MMM,Extended,Industrial / Cyclical,Industrials,Capital Goods,Adj,Dec,EPS,CY2028,,,,,,,,9.53,,9.82,+3.0%,9.847,+0.3%,9.783,-0.6%,9.793,+0.1%,9.995,+2.1%,10.13,+1.4%,10.075,-0.5%,144.5,14.3,+3.0%,-9.7%,-13.1%,+13.9%
PPG,Extended,Industrial / Cyclical,Materials,Materials,Adj,Dec,EPS,CY2025,,,,,,,,9.317,,9.022,-3.2%,8.796,-2.5%,7.921,-9.9%,7.844,-1.0%,7.847,+0.0%,7.649,-2.5%,7.645,-0.1%,103.86,13.6,-3.5%,+1.4%,-1.7%,+4.8%
PPG,Extended,Industrial / Cyclical,Materials,Materials,Adj,Dec,EPS,CY2026,,,,,,,,10.143,,9.886,-2.5%,9.589,-3.0%,8.678,-9.5%,8.556,-1.4%,8.544,-0.1%,8.106,-5.1%,7.969,-1.7%,103.86,13.0,-8.2%,+1.4%,-1.7%,+4.8%
PPG,Extended,Industrial / Cyclical,Materials,Materials,Adj,Dec,EPS,CY2027,,,,,,,,10.315,,10.144,-1.7%,10.366,+2.2%,9.508,-8.3%,9.3,-2.2%,9.309,+0.1%,8.816,-5.3%,8.668,-1.7%,103.86,12.0,-8.8%,+1.4%,-1.7%,+4.8%
PPG,Extended,Industrial / Cyclical,Materials,Materials,Adj,Dec,EPS,CY2028,,,,,,,,10.83,,10.828,-0.0%,10.54,-2.7%,9.83,-6.7%,9.874,+0.4%,9.91,+0.4%,9.661,-2.5%,9.426,-2.4%,103.86,11.0,-4.1%,+1.4%,-1.7%,+4.8%
AXTA,Extended,Industrial / Cyclical,Materials,Materials,Adj,Dec,EPS,CY2025,,,,,,,,2.252,,2.351,+4.4%,2.381,+1.3%,2.55,+7.1%,2.516,-1.3%,2.506,-0.4%,2.495,-0.4%,2.491,-0.2%,26.39,10.6,-2.3%,-18.3%,-19.9%,-11.2%
AXTA,Extended,Industrial / Cyclical,Materials,Materials,Adj,Dec,EPS,CY2026,,,,,,,,2.551,,2.649,+3.8%,2.694,+1.7%,2.838,+5.3%,2.767,-2.5%,2.729,-1.4%,2.736,+0.3%,2.625,-4.1%,26.39,10.1,-7.5%,-18.3%,-19.9%,-11.2%
AXTA,Extended,Industrial / Cyclical,Materials,Materials,Adj,Dec,EPS,CY2027,,,,,,,,2.663,,2.873,+7.9%,2.972,+3.4%,3.157,+6.2%,3.102,-1.7%,2.979,-4.0%,2.993,+0.5%,2.862,-4.4%,26.39,9.2,-9.3%,-18.3%,-19.9%,-11.2%
AXTA,Extended,Industrial / Cyclical,Materials,Materials,Adj,Dec,EPS,CY2028,,,,,,,,2.77,,2.91,+5.1%,3.045,+4.6%,3.317,+8.9%,3.157,-4.8%,3.177,+0.6%,3.18,+0.1%,3.071,-3.4%,26.39,8.6,-7.4%,-18.3%,-19.9%,-11.2%
SHW,Extended,Industrial / Cyclical,Materials,Materials,Adj,Dec,EPS,CY2025,,,,,,,,12.731,,12.871,+1.1%,12.714,-1.2%,12.029,-5.4%,11.89,-1.2%,11.316,-4.8%,11.381,+0.6%,11.376,-0.0%,316.39,27.8,-5.4%,-2.4%,-7.0%,-4.7%
SHW,Extended,Industrial / Cyclical,Materials,Materials,Adj,Dec,EPS,CY2026,,,,,,,,14.221,,14.369,+1.0%,14.226,-1.0%,13.634,-4.2%,13.275,-2.6%,12.677,-4.5%,12.504,-1.4%,11.907,-4.8%,316.39,26.6,-12.7%,-2.4%,-7.0%,-4.7%
SHW,Extended,Industrial / Cyclical,Materials,Materials,Adj,Dec,EPS,CY2027,,,,,,,,15.186,,15.198,+0.1%,15.373,+1.2%,15.397,+0.2%,14.925,-3.1%,14.333,-4.0%,13.977,-2.5%,13.447,-3.8%,316.39,23.5,-12.7%,-2.4%,-7.0%,-4.7%
SHW,Extended,Industrial / Cyclical,Materials,Materials,Adj,Dec,EPS,CY2028,,,,,,,,16.506,,16.558,+0.3%,16.416,-0.9%,16.297,-0.7%,16.208,-0.5%,15.482,-4.5%,15.736,+1.6%,15.132,-3.8%,316.39,20.9,-7.1%,-2.4%,-7.0%,-4.7%
AVY,Extended,Industrial / Cyclical,Materials,Materials,Adj,Dec,EPS,CY2025,,,,,,,,10.51,,10.554,+0.4%,10.49,-0.6%,10.012,-4.6%,9.636,-3.8%,9.53,-1.1%,9.496,-0.4%,9.493,-0.0%,169.35,17.8,-5.2%,-6.9%,-7.0%,-0.5%
AVY,Extended,Industrial / Cyclical,Materials,Materials,Adj,Dec,EPS,CY2026,,,,,,,,11.906,,11.844,-0.5%,11.58,-2.2%,11.118,-4.0%,10.721,-3.6%,10.518,-1.9%,10.468,-0.5%,10.192,-2.6%,169.35,16.6,-8.3%,-6.9%,-7.0%,-0.5%
AVY,Extended,Industrial / Cyclical,Materials,Materials,Adj,Dec,EPS,CY2027,,,,,,,,12.55,,12.87,+2.5%,12.746,-1.0%,12.324,-3.3%,11.901,-3.4%,11.672,-1.9%,11.571,-0.9%,11.301,-2.3%,169.35,15.0,-8.3%,-6.9%,-7.0%,-0.5%
AVY,Extended,Industrial / Cyclical,Materials,Materials,Adj,Dec,EPS,CY2028,,,,,,,,12.965,,13.165,+1.5%,13.1,-0.5%,12.92,-1.4%,12.557,-2.8%,12.657,+0.8%,12.99,+2.6%,12.436,-4.3%,169.35,13.6,-3.7%,-6.9%,-7.0%,-0.5%
SNA,Extended,Industrial / Cyclical,Industrials,Capital Goods,Adj,Dec,EPS,CY2025,,,,,,,,20.209,,19.961,-1.2%,20.141,+0.9%,19.782,-1.8%,18.632,-5.8%,18.903,+1.5%,19.221,+1.7%,,,366.27,19.1,-4.6%,+6.3%,+2.4%,+16.3%
SNA,Extended,Industrial / Cyclical,Industrials,Capital Goods,Adj,Dec,EPS,CY2026,,,,,,,,21.405,,20.98,-2.0%,21.554,+2.7%,21.214,-1.6%,20.029,-5.6%,20.461,+2.2%,20.433,-0.1%,,,366.27,17.9,-5.2%,+6.3%,+2.4%,+16.3%
SNA,Extended,Industrial / Cyclical,Industrials,Capital Goods,Adj,Dec,EPS,CY2027,,,,,,,,22.2,,22.09,-0.5%,21.98,-0.5%,22.49,+2.3%,21.845,-2.9%,23.04,+5.5%,22.11,-4.0%,,,366.27,16.6,+0.6%,+6.3%,+2.4%,+16.3%
SNA,Extended,Industrial / Cyclical,Industrials,Capital Goods,Adj,Dec,EPS,CY2028,,,,,,,,23.55,,23.44,-0.5%,23.32,-0.5%,23.06,-1.1%,22.71,-1.5%,26.36,+16.1%,26.36,+0.0%,,,366.27,13.9,+13.0%,+6.3%,+2.4%,+16.3%
ST,Extended,Industrial / Cyclical,Industrials,Capital Goods,Adj,Dec,EPS,CY2025,,,,,,,,4.205,,3.848,-8.5%,3.351,-12.9%,3.185,-5.0%,3.196,+0.3%,3.339,+4.5%,3.396,+1.7%,3.403,+0.2%,34.83,10.2,+6.8%,+4.6%,-3.2%,+86.1%
ST,Extended,Industrial / Cyclical,Industrials,Capital Goods,Adj,Dec,EPS,CY2026,,,,,,,,4.747,,4.423,-6.8%,3.724,-15.8%,3.504,-5.9%,3.447,-1.6%,3.584,+4.0%,3.644,+1.7%,3.633,-0.3%,34.83,9.6,+3.7%,+4.6%,-3.2%,+86.1%
ST,Extended,Industrial / Cyclical,Industrials,Capital Goods,Adj,Dec,EPS,CY2027,,,,,,,,5.597,,5.367,-4.1%,4.36,-18.8%,3.838,-12.0%,3.798,-1.0%,3.89,+2.4%,3.968,+2.0%,3.918,-1.3%,34.83,8.9,+2.1%,+4.6%,-3.2%,+86.1%
ST,Extended,Industrial / Cyclical,Industrials,Capital Goods,Adj,Dec,EPS,CY2028,,,,,,,,5.41,,5.35,-1.1%,4.56,-14.8%,4.19,-8.1%,4.225,+0.8%,4.13,-2.2%,4.243,+2.7%,4.278,+0.8%,34.83,8.1,+2.1%,+4.6%,-3.2%,+86.1%
ZBRA,Extended,Industrial / Cyclical,Information Technology,Technology Hardware & Equipmen,Adj,Dec,EPS,CY2025,,,,,,,,14.804,,15.508,+4.8%,16.046,+3.5%,15.288,-4.7%,14.532,-4.9%,15.592,+7.3%,15.831,+1.5%,15.841,+0.1%,211.12,13.3,+3.6%,-13.1%,-18.0%,-5.5%
ZBRA,Extended,Industrial / Cyclical,Information Technology,Technology Hardware & Equipmen,Adj,Dec,EPS,CY2026,,,,,,,,17.103,,17.693,+3.4%,18.198,+2.9%,17.201,-5.5%,16.502,-4.1%,17.514,+6.1%,17.73,+1.2%,17.898,+0.9%,211.12,11.8,+4.1%,-13.1%,-18.0%,-5.5%
ZBRA,Extended,Industrial / Cyclical,Information Technology,Technology Hardware & Equipmen,Adj,Dec,EPS,CY2027,,,,,,,,19.325,,20.587,+6.5%,20.82,+1.1%,19.276,-7.4%,18.898,-2.0%,19.875,+5.2%,19.861,-0.1%,20.032,+0.9%,211.12,10.5,+3.9%,-13.1%,-18.0%,-5.5%
ZBRA,Extended,Industrial / Cyclical,Information Technology,Technology Hardware & Equipmen,Adj,Dec,EPS,CY2028,,,,,,,,21.51,,22.765,+5.8%,23.33,+2.5%,21.917,-6.1%,22.76,+3.8%,23.55,+3.5%,23.258,-1.2%,22.393,-3.7%,211.12,9.4,+2.2%,-13.1%,-18.0%,-5.5%
LIN,Extended,Industrial / Cyclical,Materials,Materials,GAAP,Dec,EPS,CY2025,,,,,,,,15.952,,15.982,+0.2%,15.795,-1.2%,15.359,-2.8%,15.259,-0.7%,15.382,+0.8%,15.598,+1.4%,15.598,+0.0%,499.47,32.0,+1.6%,+17.1%,+14.3%,+14.0%
LIN,Extended,Industrial / Cyclical,Materials,Materials,GAAP,Dec,EPS,CY2026,,,,,,,,17.738,,17.967,+1.3%,17.465,-2.8%,16.674,-4.5%,16.602,-0.4%,16.599,-0.0%,16.982,+2.3%,16.573,-2.4%,499.47,30.1,-0.6%,+17.1%,+14.3%,+14.0%
LIN,Extended,Industrial / Cyclical,Materials,Materials,GAAP,Dec,EPS,CY2027,,,,,,,,19.028,,19.146,+0.6%,19.24,+0.5%,18.927,-1.6%,18.613,-1.7%,18.469,-0.8%,18.614,+0.8%,18.369,-1.3%,499.47,27.2,-2.9%,+17.1%,+14.3%,+14.0%
LIN,Extended,Industrial / Cyclical,Materials,Materials,GAAP,Dec,EPS,CY2028,,,,,,,,20.785,,21.018,+1.1%,20.908,-0.5%,20.94,+0.2%,20.484,-2.2%,20.408,-0.4%,20.898,+2.4%,20.128,-3.7%,499.47,24.8,-3.9%,+17.1%,+14.3%,+14.0%
APD,Extended,Industrial / Cyclical,Materials,Materials,Adj,Sep,EPS,CY2025,,,,,,,,13.42,,13.343,-0.6%,12.876,-3.5%,12.653,-1.7%,12.042,-4.8%,12.002,-0.3%,11.994,-0.1%,,,294.12,24.5,-6.8%,+19.1%,+13.8%,+11.6%
APD,Extended,Industrial / Cyclical,Materials,Materials,Adj,Sep,EPS,CY2026,,,,,,,,14.648,,14.578,-0.5%,14.044,-3.7%,13.93,-0.8%,13.083,-6.1%,13.017,-0.5%,12.985,-0.2%,13.069,+0.6%,294.12,22.5,-6.2%,+19.1%,+13.8%,+11.6%
APD,Extended,Industrial / Cyclical,Materials,Materials,Adj,Sep,EPS,CY2027,,,,,,,,17.577,,16.114,-8.3%,15.827,-1.8%,15.43,-2.5%,14.18,-8.1%,14.038,-1.0%,13.924,-0.8%,14.055,+0.9%,294.12,20.9,-8.9%,+19.1%,+13.8%,+11.6%
APD,Extended,Industrial / Cyclical,Materials,Materials,Adj,Sep,EPS,CY2028,,,,,,,,19.49,,19.153,-1.7%,17.98,-6.1%,17.597,-2.1%,15.448,-12.2%,15.418,-0.2%,15.422,+0.0%,15.309,-0.7%,294.12,19.2,-13.0%,+19.1%,+13.8%,+11.6%
URI,Extended,Industrial / Cyclical,Industrials,Capital Goods,Adj,Dec,EPS,CY2025,,,,,,,,47.557,,47.441,-0.2%,46.814,-1.3%,44.49,-5.0%,43.38,-2.5%,43.582,+0.5%,42.569,-2.3%,42.596,+0.1%,736.5,17.3,-4.3%,-9.0%,-17.4%,+30.5%
URI,Extended,Industrial / Cyclical,Industrials,Capital Goods,Adj,Dec,EPS,CY2026,,,,,,,,52.518,,52.754,+0.4%,51.591,-2.2%,49.16,-4.7%,47.716,-2.9%,48.139,+0.9%,47.28,-1.8%,45.995,-2.7%,736.5,16.0,-6.4%,-9.0%,-17.4%,+30.5%
URI,Extended,Industrial / Cyclical,Industrials,Capital Goods,Adj,Dec,EPS,CY2027,,,,,,,,56.358,,61.03,+8.3%,57.862,-5.2%,55.373,-4.3%,53.293,-3.8%,55.538,+4.2%,53.859,-3.0%,52.574,-2.4%,736.5,14.0,-5.1%,-9.0%,-17.4%,+30.5%
URI,Extended,Industrial / Cyclical,Industrials,Capital Goods,Adj,Dec,EPS,CY2028,,,,,,,,62.103,,66.398,+6.9%,62.95,-5.2%,61.46,-2.4%,61.135,-0.5%,69.06,+13.0%,64.12,-7.2%,61.046,-4.8%,736.5,12.1,-0.7%,-9.0%,-17.4%,+30.5%
WSC,Extended,Industrial / Cyclical,Industrials,Capital Goods,Adj,Dec,EPS,CY2025,,,,,,,,2.501,,2.201,-12.0%,1.822,-17.2%,1.598,-12.3%,1.568,-1.9%,1.216,-22.4%,1.107,-9.0%,1.114,+0.6%,18.07,16.2,-30.3%,-4.0%,-16.1%,-23.5%
WSC,Extended,Industrial / Cyclical,Industrials,Capital Goods,Adj,Dec,EPS,CY2026,,,,,,,,3.142,,2.942,-6.4%,2.201,-25.2%,1.968,-10.6%,1.902,-3.4%,1.46,-23.2%,1.048,-28.2%,1.039,-0.9%,18.07,17.4,-47.2%,-4.0%,-16.1%,-23.5%
WSC,Extended,Industrial / Cyclical,Industrials,Capital Goods,Adj,Dec,EPS,CY2027,,,,,,,,3.917,,3.657,-6.6%,2.815,-23.0%,2.425,-13.9%,2.345,-3.3%,1.85,-21.1%,1.43,-22.7%,1.253,-12.4%,18.07,14.4,-48.3%,-4.0%,-16.1%,-23.5%
WSC,Extended,Industrial / Cyclical,Industrials,Capital Goods,Adj,Dec,EPS,CY2028,,,,,,,,3.67,,3.77,+2.7%,2.995,-20.6%,3.21,+7.2%,2.715,-15.4%,2.253,-17.0%,1.968,-12.6%,1.671,-15.1%,18.07,10.8,-47.9%,-4.0%,-16.1%,-23.5%
FLR,Extended,Industrial / Cyclical,Industrials,Capital Goods,Adj,Dec,EPS,CY2025,,,,,,,,3.204,,3.264,+1.9%,2.972,-8.9%,2.526,-15.0%,2.52,-0.2%,2.053,-18.5%,2.209,+7.6%,2.192,-0.8%,46.98,21.4,-13.2%,+18.5%,+4.7%,+51.5%
FLR,Extended,Industrial / Cyclical,Industrials,Capital Goods,Adj,Dec,EPS,CY2026,,,,,,,,3.514,,3.6,+2.4%,3.283,-8.8%,2.951,-10.1%,2.812,-4.7%,2.344,-16.6%,2.39,+2.0%,2.735,+14.4%,46.98,17.2,-7.3%,+18.5%,+4.7%,+51.5%
FLR,Extended,Industrial / Cyclical,Industrials,Capital Goods,Adj,Dec,EPS,CY2027,,,,,,,,3.59,,3.85,+7.2%,3.82,-0.8%,3.512,-8.1%,3.206,-8.7%,2.68,-16.4%,2.793,+4.2%,3.214,+15.1%,46.98,14.6,-8.5%,+18.5%,+4.7%,+51.5%
FLR,Extended,Industrial / Cyclical,Industrials,Capital Goods,Adj,Dec,EPS,CY2028,,,,,,,,3.45,,3.71,+7.5%,3.68,-0.8%,4.22,+14.7%,3.675,-12.9%,3.24,-11.8%,3.365,+3.9%,3.783,+12.4%,46.98,12.4,-10.4%,+18.5%,+4.7%,+51.5%
J,Extended,Industrial / Cyclical,Industrials,Commercial & Professional Serv,Adj,Sep,EPS,CY2025,,,,,,,,9.011,,8.76,-2.8%,6.022,-31.3%,6.021,-0.0%,5.991,-0.5%,6.041,+0.8%,6.038,-0.0%,,,128.04,21.2,+0.3%,-3.3%,-7.0%,+16.1%
J,Extended,Industrial / Cyclical,Industrials,Commercial & Professional Serv,Adj,Sep,EPS,CY2026,,,,,,,,9.934,,9.899,-0.4%,6.783,-31.5%,6.886,+1.5%,6.876,-0.1%,7.01,+1.9%,7.063,+0.8%,7.122,+0.8%,128.04,18.0,+3.4%,-3.3%,-7.0%,+16.1%
J,Extended,Industrial / Cyclical,Industrials,Commercial & Professional Serv,Adj,Sep,EPS,CY2027,,,,,,,,12.22,,11.03,-9.7%,7.458,-32.4%,7.754,+4.0%,7.634,-1.5%,7.94,+4.0%,8.029,+1.1%,8.029,+0.0%,128.04,15.9,+3.5%,-3.3%,-7.0%,+16.1%
J,Extended,Industrial / Cyclical,Industrials,Commercial & Professional Serv,Adj,Sep,EPS,CY2028,,,,,,,,13.74,,12.875,-6.3%,8.21,-36.2%,8.578,+4.5%,8.804,+2.6%,9.147,+3.9%,8.984,-1.8%,8.969,-0.2%,128.04,14.3,+4.6%,-3.3%,-7.0%,+16.1%
ACM,Extended,Industrial / Cyclical,Industrials,Capital Goods,Adj,Sep,EPS,CY2025,,,,,,,,5.052,,5.008,-0.9%,5.095,+1.7%,5.132,+0.7%,5.163,+0.6%,5.248,+1.6%,5.239,-0.2%,,,84.98,16.2,+2.8%,-10.9%,-15.0%,-4.8%
ACM,Extended,Industrial / Cyclical,Industrials,Capital Goods,Adj,Sep,EPS,CY2026,,,,,,,,5.66,,5.524,-2.4%,5.67,+2.6%,5.653,-0.3%,5.683,+0.5%,5.763,+1.4%,5.458,-5.3%,5.977,+9.5%,84.98,14.2,+5.7%,-10.9%,-15.0%,-4.8%
ACM,Extended,Industrial / Cyclical,Industrials,Capital Goods,Adj,Sep,EPS,CY2027,,,,,,,,7.4,,6.43,-13.1%,6.294,-2.1%,6.378,+1.3%,6.377,-0.0%,6.41,+0.5%,6.204,-3.2%,6.656,+7.3%,84.98,12.8,+4.4%,-10.9%,-15.0%,-4.8%
ACM,Extended,Industrial / Cyclical,Industrials,Capital Goods,Adj,Sep,EPS,CY2028,,,,,,,,8.25,,7.29,-11.6%,7.25,-0.5%,7.795,+7.5%,7.785,-0.1%,7.785,+0.0%,7.151,-8.1%,7.554,+5.6%,84.98,11.2,-3.1%,-10.9%,-15.0%,-4.8%
DE,Extended,Industrial / Cyclical,Industrials,Capital Goods,Adj,Oct,EPS,CY2025,,,,,,,,24.872,,22.81,-8.3%,19.421,-14.9%,19.105,-1.6%,18.778,-1.7%,18.513,-1.4%,18.412,-0.5%,,,575.09,31.2,-5.2%,+23.5%,+18.3%,+33.8%
DE,Extended,Industrial / Cyclical,Industrials,Capital Goods,Adj,Oct,EPS,CY2026,,,,,,,,28.152,,25.578,-9.1%,22.389,-12.5%,22.354,-0.2%,22.428,+0.3%,20.91,-6.8%,16.524,-21.0%,17.876,+8.2%,575.09,32.2,-20.0%,+23.5%,+18.3%,+33.8%
DE,Extended,Industrial / Cyclical,Industrials,Capital Goods,Adj,Oct,EPS,CY2027,,,,,,,,31.153,,28.623,-8.1%,25.368,-11.4%,26.286,+3.6%,26.943,+2.5%,26.043,-3.3%,21.97,-15.6%,22.971,+4.6%,575.09,25.0,-12.6%,+23.5%,+18.3%,+33.8%
DE,Extended,Industrial / Cyclical,Industrials,Capital Goods,Adj,Oct,EPS,CY2028,,,,,,,,36.357,,33.377,-8.2%,32.71,-2.0%,35.595,+8.8%,37.238,+4.6%,34.376,-7.7%,27.002,-21.5%,28.771,+6.6%,575.09,20.0,-19.2%,+23.5%,+18.3%,+33.8%
DOW,Extended,Industrial / Cyclical,Materials,Materials,Adj,Dec,EPS,CY2025,,,,,,,,4.175,,3.555,-14.9%,2.883,-18.9%,1.748,-39.4%,0.266,-84.8%,-1.011,-480.1%,-1.0,+1.1%,-1.022,-2.2%,40.56,-39.7,-158.5%,+73.5%,+58.9%,+43.8%
DOW,Extended,Industrial / Cyclical,Materials,Materials,Adj,Dec,EPS,CY2026,,,,,,,,4.861,,4.41,-9.3%,3.72,-15.6%,2.551,-31.4%,1.188,-53.4%,0.064,-94.6%,-0.212,-431.2%,0.255,+220.3%,40.56,159.1,-90.0%,+73.5%,+58.9%,+43.8%
DOW,Extended,Industrial / Cyclical,Materials,Materials,Adj,Dec,EPS,CY2027,,,,,,,,5.563,,4.9,-11.9%,4.14,-15.5%,3.175,-23.3%,1.955,-38.4%,1.109,-43.3%,0.515,-53.6%,1.041,+102.1%,40.56,39.0,-67.2%,+73.5%,+58.9%,+43.8%
DOW,Extended,Industrial / Cyclical,Materials,Materials,Adj,Dec,EPS,CY2028,,,,,,,,6.16,,5.557,-9.8%,4.733,-14.8%,4.205,-11.2%,2.875,-31.6%,2.268,-21.1%,1.749,-22.9%,1.616,-7.6%,40.56,25.1,-61.6%,+73.5%,+58.9%,+43.8%
FMC,Extended,Industrial / Cyclical,Materials,Materials,Adj,Dec,EPS,CY2025,,,,,,,,4.998,,4.713,-5.7%,4.509,-4.3%,3.417,-24.2%,3.412,-0.1%,3.506,+2.8%,2.945,-16.0%,2.938,-0.2%,17.21,5.9,-14.0%,+24.1%,+15.9%,-51.4%
FMC,Extended,Industrial / Cyclical,Materials,Materials,Adj,Dec,EPS,CY2026,,,,,,,,5.928,,5.653,-4.6%,5.384,-4.8%,4.116,-23.6%,3.984,-3.2%,3.947,-0.9%,2.472,-37.4%,1.748,-29.3%,17.21,9.8,-57.5%,+24.1%,+15.9%,-51.4%
FMC,Extended,Industrial / Cyclical,Materials,Materials,Adj,Dec,EPS,CY2027,,,,,,,,6.532,,5.894,-9.8%,5.82,-1.3%,4.664,-19.9%,4.556,-2.3%,4.524,-0.7%,2.887,-36.2%,2.279,-21.1%,17.21,7.6,-51.1%,+24.1%,+15.9%,-51.4%
FMC,Extended,Industrial / Cyclical,Materials,Materials,Adj,Dec,EPS,CY2028,,,,,,,,6.805,,6.237,-8.3%,6.36,+2.0%,5.354,-15.8%,5.078,-5.2%,5.004,-1.5%,3.058,-38.9%,2.622,-14.3%,17.21,6.6,-51.0%,+24.1%,+15.9%,-51.4%
MWA,Extended,Industrial / Cyclical,Industrials,Capital Goods,Adj,Sep,EPS,CY2025,,,,,,,,0.904,,1.047,+15.8%,1.153,+10.1%,1.22,+5.8%,1.235,+1.2%,1.255,+1.6%,1.255,+0.0%,,,27.75,22.1,+8.8%,+16.5%,+12.3%,+19.3%
MWA,Extended,Industrial / Cyclical,Industrials,Capital Goods,Adj,Sep,EPS,CY2026,,,,,,,,1.085,,1.156,+6.5%,1.285,+11.2%,1.348,+4.9%,1.352,+0.3%,1.39,+2.8%,1.388,-0.1%,1.446,+4.2%,27.75,19.2,+7.3%,+16.5%,+12.3%,+19.3%
MWA,Extended,Industrial / Cyclical,Industrials,Capital Goods,Adj,Sep,EPS,CY2027,,,,,,,,1.24,,1.295,+4.4%,1.327,+2.5%,1.423,+7.2%,1.395,-2.0%,1.4,+0.4%,1.49,+6.4%,1.55,+4.0%,27.75,17.9,+8.9%,+16.5%,+12.3%,+19.3%
MWA,Extended,Industrial / Cyclical,Industrials,Capital Goods,Adj,Sep,EPS,CY2028,,,,,,,,,,,,,,1.59,,1.61,+1.3%,,,1.45,-9.9%,1.643,+13.3%,27.75,16.9,+3.3%,+16.5%,+12.3%,+19.3%
BNR,Extended,Industrial / Cyclical,Industrials,Capital Goods,Adj,Dec,EPS,CY2025,,,,,,,,5.615,,5.311,-5.4%,5.049,-4.9%,4.874,-3.5%,4.493,-7.8%,3.446,-23.3%,3.096,-10.2%,2.773,-10.4%,56.96,20.5,-43.1%,+14.9%,+15.8%,+3.7%
BNR,Extended,Industrial / Cyclical,Industrials,Capital Goods,Adj,Dec,EPS,CY2026,,,,,,,,6.229,,5.907,-5.2%,5.565,-5.8%,5.369,-3.5%,4.994,-7.0%,4.111,-17.7%,3.638,-11.5%,3.41,-6.3%,56.96,16.7,-36.5%,+14.9%,+15.8%,+3.7%
BNR,Extended,Industrial / Cyclical,Industrials,Capital Goods,Adj,Dec,EPS,CY2027,,,,,,,,6.448,,8.144,+26.3%,6.335,-22.2%,5.797,-8.5%,5.488,-5.3%,4.649,-15.3%,4.235,-8.9%,3.891,-8.1%,56.96,14.6,-32.9%,+14.9%,+15.8%,+3.7%
BNR,Extended,Industrial / Cyclical,Industrials,Capital Goods,Adj,Dec,EPS,CY2028,,,,,,,,6.73,,6.476,-3.8%,6.418,-0.9%,6.384,-0.5%,6.17,-3.4%,5.028,-18.5%,4.677,-7.0%,4.301,-8.0%,56.96,13.2,-32.6%,+14.9%,+15.8%,+3.7%
MIDD,Extended,Industrial / Cyclical,Industrials,Capital Goods,Adj,Dec,EPS,CY2025,,,,,,,,10.783,,10.467,-2.9%,10.033,-4.1%,9.97,-0.6%,9.476,-5.0%,8.913,-5.9%,9.072,+1.8%,9.05,-0.2%,135.0,14.9,-9.2%,-9.2%,-13.7%,-0.3%
MIDD,Extended,Industrial / Cyclical,Industrials,Capital Goods,Adj,Dec,EPS,CY2026,,,,,,,,11.405,,11.396,-0.1%,10.866,-4.7%,10.853,-0.1%,10.436,-3.8%,9.653,-7.5%,9.627,-0.3%,9.364,-2.7%,135.0,14.4,-13.7%,-9.2%,-13.7%,-0.3%
MIDD,Extended,Industrial / Cyclical,Industrials,Capital Goods,Adj,Dec,EPS,CY2027,,,,,,,,12.96,,12.66,-2.3%,12.035,-4.9%,11.907,-1.1%,11.838,-0.6%,10.877,-8.1%,10.483,-3.6%,10.478,-0.0%,135.0,12.9,-12.0%,-9.2%,-13.7%,-0.3%
MIDD,Extended,Industrial / Cyclical,Industrials,Capital Goods,Adj,Dec,EPS,CY2028,,,,,,,,14.17,,13.82,-2.5%,13.28,-3.9%,12.53,-5.6%,13.0,+3.8%,11.69,-10.1%,12.53,+7.2%,11.857,-5.4%,135.0,11.4,-5.4%,-9.2%,-13.7%,-0.3%
LECO,Extended,Industrial / Cyclical,Industrials,Capital Goods,Adj,Dec,EPS,CY2025,,,,,,,,9.835,,9.548,-2.9%,9.248,-3.1%,9.377,+1.4%,9.01,-3.9%,9.676,+7.4%,9.734,+0.6%,9.722,-0.1%,238.05,24.5,+3.7%,-0.7%,-5.4%,+38.4%
LECO,Extended,Industrial / Cyclical,Industrials,Capital Goods,Adj,Dec,EPS,CY2026,,,,,,,,10.197,,10.174,-0.2%,10.15,-0.2%,10.226,+0.7%,9.893,-3.3%,10.63,+7.4%,10.721,+0.9%,10.813,+0.9%,238.05,22.0,+5.7%,-0.7%,-5.4%,+38.4%
LECO,Extended,Industrial / Cyclical,Industrials,Capital Goods,Adj,Dec,EPS,CY2027,,,,,,,,11.183,,9.8,-12.4%,10.97,+11.9%,10.701,-2.5%,10.5,-1.9%,11.221,+6.9%,11.529,+2.7%,11.816,+2.5%,238.05,20.1,+10.4%,-0.7%,-5.4%,+38.4%
LECO,Extended,Industrial / Cyclical,Industrials,Capital Goods,Adj,Dec,EPS,CY2028,,,,,,,,13.64,,12.07,-11.5%,12.28,+1.7%,12.61,+2.7%,12.11,-4.0%,12.83,+5.9%,12.883,+0.4%,12.542,-2.6%,238.05,19.0,-0.5%,-0.7%,-5.4%,+38.4%
GWW,Extended,Distributors,Industrials,Capital Goods,Adj,Dec,EPS,CY2025,,,,,,,,42.989,,42.026,-2.2%,42.161,+0.3%,40.356,-4.3%,40.476,+0.3%,39.499,-2.4%,39.492,-0.0%,39.507,+0.0%,1117.24,28.3,-2.1%,+10.7%,+8.6%,+18.5%
GWW,Extended,Distributors,Industrials,Capital Goods,Adj,Dec,EPS,CY2026,,,,,,,,46.404,,45.864,-1.2%,46.178,+0.7%,44.713,-3.2%,44.586,-0.3%,43.924,-1.5%,43.728,-0.4%,43.601,-0.3%,1117.24,25.6,-2.5%,+10.7%,+8.6%,+18.5%
GWW,Extended,Distributors,Industrials,Capital Goods,Adj,Dec,EPS,CY2027,,,,,,,,50.49,,49.915,-1.1%,51.193,+2.6%,49.385,-3.5%,49.222,-0.3%,48.436,-1.6%,48.492,+0.1%,48.538,+0.1%,1117.24,23.0,-1.7%,+10.7%,+8.6%,+18.5%
GWW,Extended,Distributors,Industrials,Capital Goods,Adj,Dec,EPS,CY2028,,,,,,,,53.81,,53.2,-1.1%,54.873,+3.1%,55.725,+1.6%,54.628,-2.0%,54.136,-0.9%,53.13,-1.9%,53.184,+0.1%,1117.24,21.0,-4.6%,+10.7%,+8.6%,+18.5%
FAST,Extended,Distributors,Industrials,Capital Goods,Adj,Dec,EPS,CY2025,,,,,,,,1.125,,1.093,-2.8%,1.096,+0.3%,1.083,-1.2%,1.095,+1.1%,1.106,+1.0%,1.099,-0.6%,1.098,-0.1%,45.87,41.8,+1.4%,+14.3%,+10.4%,+23.3%
FAST,Extended,Distributors,Industrials,Capital Goods,Adj,Dec,EPS,CY2026,,,,,,,,1.234,,1.193,-3.3%,1.192,-0.1%,1.18,-1.0%,1.201,+1.8%,1.227,+2.2%,1.217,-0.8%,1.233,+1.3%,45.87,37.2,+4.5%,+14.3%,+10.4%,+23.3%
FAST,Extended,Distributors,Industrials,Capital Goods,Adj,Dec,EPS,CY2027,,,,,,,,1.358,,1.335,-1.7%,1.343,+0.6%,1.296,-3.5%,1.303,+0.5%,1.337,+2.6%,1.329,-0.6%,1.357,+2.1%,45.87,33.8,+4.7%,+14.3%,+10.4%,+23.3%
FAST,Extended,Distributors,Industrials,Capital Goods,Adj,Dec,EPS,CY2028,,,,,,,,1.47,,1.445,-1.7%,1.458,+0.9%,1.483,+1.7%,1.46,-1.6%,1.498,+2.6%,1.439,-3.9%,1.48,+2.8%,45.87,31.0,-0.2%,+14.3%,+10.4%,+23.3%
WSO,Extended,Distributors,Industrials,Capital Goods,Adj,Dec,EPS,CY2025,,,,,,,,15.783,,15.574,-1.3%,14.667,-5.8%,14.675,+0.1%,14.241,-3.0%,13.369,-6.1%,12.318,-7.9%,12.338,+0.2%,378.52,30.7,-15.9%,+12.3%,+6.0%,-20.8%
WSO,Extended,Distributors,Industrials,Capital Goods,Adj,Dec,EPS,CY2026,,,,,,,,17.286,,17.094,-1.1%,16.275,-4.8%,16.241,-0.2%,15.493,-4.6%,14.486,-6.5%,13.034,-10.0%,12.553,-3.7%,378.52,30.2,-22.7%,+12.3%,+6.0%,-20.8%
WSO,Extended,Distributors,Industrials,Capital Goods,Adj,Dec,EPS,CY2027,,,,,,,,18.67,,18.995,+1.7%,17.93,-5.6%,17.76,-0.9%,17.248,-2.9%,16.062,-6.9%,14.153,-11.9%,13.752,-2.8%,378.52,27.5,-22.6%,+12.3%,+6.0%,-20.8%
WSO,Extended,Distributors,Industrials,Capital Goods,Adj,Dec,EPS,CY2028,,,,,,,,18.355,,18.87,+2.8%,19.3,+2.3%,19.79,+2.5%,19.277,-2.6%,18.063,-6.3%,15.54,-14.0%,16.078,+3.5%,378.52,23.5,-18.8%,+12.3%,+6.0%,-20.8%
WCC,Extended,Distributors,Industrials,Capital Goods,Adj,Dec,EPS,CY2025,,,,,,,,16.694,,14.517,-13.0%,14.573,+0.4%,13.495,-7.4%,13.103,-2.9%,13.199,+0.7%,13.365,+1.3%,13.435,+0.5%,279.12,20.8,-0.4%,+14.1%,+2.5%,+105.1%
WCC,Extended,Distributors,Industrials,Capital Goods,Adj,Dec,EPS,CY2026,,,,,,,,18.18,,16.399,-9.8%,16.852,+2.8%,16.078,-4.6%,15.734,-2.1%,16.025,+1.8%,16.302,+1.7%,15.673,-3.9%,279.12,17.8,-2.5%,+14.1%,+2.5%,+105.1%
WCC,Extended,Distributors,Industrials,Capital Goods,Adj,Dec,EPS,CY2027,,,,,,,,19.54,,18.727,-4.2%,18.643,-0.4%,18.61,-0.2%,18.544,-0.4%,18.787,+1.3%,19.076,+1.5%,18.293,-4.1%,279.12,15.3,-1.7%,+14.1%,+2.5%,+105.1%
WCC,Extended,Distributors,Industrials,Capital Goods,Adj,Dec,EPS,CY2028,,,,,,,,21.24,,21.047,-0.9%,21.173,+0.6%,20.95,-1.1%,20.967,+0.1%,21.083,+0.6%,22.05,+4.6%,21.183,-3.9%,279.12,13.2,+1.1%,+14.1%,+2.5%,+105.1%
MSM,Extended,Distributors,Industrials,Capital Goods,Adj,Aug,EPS,CY2025,,,,,,,,5.414,,4.908,-9.3%,3.593,-26.8%,3.554,-1.1%,3.536,-0.5%,3.68,+4.1%,3.678,-0.1%,,,90.69,24.7,+2.4%,+7.8%,+6.8%,+27.3%
MSM,Extended,Distributors,Industrials,Capital Goods,Adj,Aug,EPS,CY2026,,,,,,,,5.943,,5.517,-7.2%,4.2,-23.9%,4.093,-2.5%,3.938,-3.8%,4.145,+5.3%,4.241,+2.3%,4.288,+1.1%,90.69,21.1,+4.8%,+7.8%,+6.8%,+27.3%
MSM,Extended,Distributors,Industrials,Capital Goods,Adj,Aug,EPS,CY2027,,,,,,,,8.14,,7.94,-2.5%,5.132,-35.4%,4.823,-6.0%,4.656,-3.5%,4.719,+1.4%,4.812,+2.0%,4.853,+0.9%,90.69,18.7,+0.6%,+7.8%,+6.8%,+27.3%
MSM,Extended,Distributors,Industrials,Capital Goods,Adj,Aug,EPS,CY2028,,,,,,,,8.99,,8.76,-2.6%,7.115,-18.8%,6.257,-12.1%,6.133,-2.0%,5.708,-6.9%,5.458,-4.4%,5.522,+1.2%,90.69,16.4,-11.7%,+7.8%,+6.8%,+27.3%
SITE,Extended,Distributors,Industrials,Capital Goods,Adj,Dec,EPS,CY2025,,,,,,,,4.856,,4.202,-13.5%,3.959,-5.8%,3.738,-5.6%,3.581,-4.2%,3.641,+1.7%,3.613,-0.8%,3.611,-0.1%,130.37,36.1,-3.4%,+4.7%,+0.4%,+17.0%
SITE,Extended,Distributors,Industrials,Capital Goods,Adj,Dec,EPS,CY2026,,,,,,,,5.43,,4.73,-12.9%,4.887,+3.3%,4.758,-2.6%,4.4,-7.5%,4.448,+1.1%,4.418,-0.7%,4.399,-0.4%,130.37,29.6,-7.5%,+4.7%,+0.4%,+17.0%
SITE,Extended,Distributors,Industrials,Capital Goods,Adj,Dec,EPS,CY2027,,,,,,,,,,,,5.893,,5.977,+1.4%,5.44,-9.0%,5.239,-3.7%,5.165,-1.4%,5.252,+1.7%,130.37,24.8,-12.1%,+4.7%,+0.4%,+17.0%
SITE,Extended,Distributors,Industrials,Capital Goods,Adj,Dec,EPS,CY2028,,,,,,,,,,,,6.75,,6.58,-2.5%,5.82,-11.6%,5.97,+2.6%,6.215,+4.1%,6.275,+1.0%,130.37,20.8,-4.6%,+4.7%,+0.4%,+17.0%
GPC,Extended,Distributors,Consumer Discretionary,Consumer Discretionary Distrib,Adj,Dec,EPS,CY2025,,,,,,,,10.75,,10.206,-5.1%,8.473,-17.0%,7.896,-6.8%,7.749,-1.9%,7.692,-0.7%,7.626,-0.9%,7.633,+0.1%,105.15,13.8,-3.3%,-14.5%,-15.5%,-10.0%
GPC,Extended,Distributors,Consumer Discretionary,Consumer Discretionary Distrib,Adj,Dec,EPS,CY2026,,,,,,,,11.493,,10.814,-5.9%,9.143,-15.5%,8.755,-4.2%,8.545,-2.4%,8.468,-0.9%,8.413,-0.6%,7.833,-6.9%,105.15,13.4,-10.5%,-14.5%,-15.5%,-10.0%
GPC,Extended,Distributors,Consumer Discretionary,Consumer Discretionary Distrib,Adj,Dec,EPS,CY2027,,,,,,,,11.53,,11.3,-2.0%,9.93,-12.1%,9.648,-2.8%,9.226,-4.4%,9.163,-0.7%,9.161,-0.0%,8.449,-7.8%,105.15,12.4,-12.4%,-14.5%,-15.5%,-10.0%
GPC,Extended,Distributors,Consumer Discretionary,Consumer Discretionary Distrib,Adj,Dec,EPS,CY2028,,,,,,,,12.37,,12.13,-1.9%,10.8,-11.0%,10.16,-5.9%,9.61,-5.4%,9.54,-0.7%,9.953,+4.3%,9.43,-5.3%,105.15,11.2,-7.2%,-14.5%,-15.5%,-10.0%
DNOW,Extended,Distributors,Industrials,Capital Goods,Adj,Dec,EPS,CY2025,,,,,,,,1.11,,0.893,-19.5%,0.793,-11.2%,0.878,+10.7%,0.883,+0.6%,0.923,+4.5%,0.86,-6.8%,0.855,-0.6%,12.18,14.2,-2.6%,-8.1%,-10.2%,-17.6%
DNOW,Extended,Distributors,Industrials,Capital Goods,Adj,Dec,EPS,CY2026,,,,,,,,1.24,,0.91,-26.6%,0.845,-7.1%,0.963,+14.0%,0.937,-2.7%,0.95,+1.4%,1.067,+12.3%,0.74,-30.6%,12.18,16.5,-23.2%,-8.1%,-10.2%,-17.6%
DNOW,Extended,Distributors,Industrials,Capital Goods,Adj,Dec,EPS,CY2027,,,,,,,,1.36,,1.02,-25.0%,0.95,-6.9%,1.12,+17.9%,1.04,-7.1%,1.06,+1.9%,1.28,+20.8%,1.085,-15.2%,12.18,11.2,-3.1%,-8.1%,-10.2%,-17.6%
DNOW,Extended,Distributors,Industrials,Capital Goods,Adj,Dec,EPS,CY2028,,,,,,,,,,1.11,,1.05,-5.4%,1.21,+15.2%,1.14,-5.8%,1.16,+1.8%,1.51,+30.2%,1.22,-19.2%,12.18,10.0,+0.8%,-8.1%,-10.2%,-17.6%
TCEHY,Extended,China equities,Communication Services,Media & Entertainment,GAAP,Dec,EPS,CY2025,,,,,,,,20.734,,22.467,+8.4%,22.145,-1.4%,22.742,+2.7%,22.47,-1.2%,23.379,+4.0%,24.344,+4.1%,24.188,-0.6%,62.4,2.6,+6.4%,-18.5%,-23.0%,+4.2%
TCEHY,Extended,China equities,Communication Services,Media & Entertainment,GAAP,Dec,EPS,CY2026,,,,,,,,23.567,,24.832,+5.4%,24.539,-1.2%,25.69,+4.7%,25.643,-0.2%,26.977,+5.2%,27.867,+3.3%,26.884,-3.5%,62.4,2.3,+4.6%,-18.5%,-23.0%,+4.2%
TCEHY,Extended,China equities,Communication Services,Media & Entertainment,GAAP,Dec,EPS,CY2027,,,,,,,,27.222,,27.773,+2.0%,27.816,+0.2%,28.796,+3.5%,29.025,+0.8%,30.72,+5.8%,31.403,+2.2%,30.719,-2.2%,62.4,2.0,+6.7%,-18.5%,-23.0%,+4.2%
TCEHY,Extended,China equities,Communication Services,Media & Entertainment,GAAP,Dec,EPS,CY2028,,,,,,,,29.926,,31.092,+3.9%,31.2,+0.3%,31.346,+0.5%,31.681,+1.1%,33.727,+6.5%,33.633,-0.3%,34.295,+2.0%,62.4,1.8,+9.4%,-18.5%,-23.0%,+4.2%
BIDU,Extended,China equities,Communication Services,Media & Entertainment,Adj,Dec,EPS,CY2025,,,,,,,,83.723,,79.34,-5.2%,74.236,-6.4%,73.558,-0.9%,67.834,-7.8%,55.075,-18.8%,53.337,-3.2%,51.981,-2.5%,111.28,2.1,-29.3%,-14.8%,-24.0%,+35.0%
BIDU,Extended,China equities,Communication Services,Media & Entertainment,Adj,Dec,EPS,CY2026,,,,,,,,92.495,,86.958,-6.0%,78.464,-9.8%,79.326,+1.1%,74.004,-6.7%,61.359,-17.1%,57.924,-5.6%,56.313,-2.8%,111.28,2.0,-29.0%,-14.8%,-24.0%,+35.0%
BIDU,Extended,China equities,Communication Services,Media & Entertainment,Adj,Dec,EPS,CY2027,,,,,,,,104.608,,100.514,-3.9%,93.915,-6.6%,89.997,-4.2%,84.656,-5.9%,73.714,-12.9%,68.075,-7.6%,64.774,-4.8%,111.28,1.7,-28.0%,-14.8%,-24.0%,+35.0%
BIDU,Extended,China equities,Communication Services,Media & Entertainment,Adj,Dec,EPS,CY2028,,,,,,,,114.513,,110.626,-3.4%,104.927,-5.2%,91.264,-13.0%,102.601,+12.4%,93.063,-9.3%,76.286,-18.0%,76.728,+0.6%,111.28,1.5,-15.9%,-14.8%,-24.0%,+35.0%
JD,Extended,China equities,Consumer Discretionary,Consumer Discretionary Distrib,Adj,Dec,EPS,CY2025,,,,,,,,24.335,,28.73,+18.1%,31.506,+9.7%,33.169,+5.3%,30.352,-8.5%,18.607,-38.7%,18.584,-0.1%,17.531,-5.7%,28.51,1.6,-47.1%,-0.7%,-3.7%,-22.5%
JD,Extended,China equities,Consumer Discretionary,Consumer Discretionary Distrib,Adj,Dec,EPS,CY2026,,,,,,,,26.863,,31.488,+17.2%,35.599,+13.1%,36.348,+2.1%,33.961,-6.6%,25.699,-24.3%,23.74,-7.6%,20.442,-13.9%,28.51,1.4,-43.8%,-0.7%,-3.7%,-22.5%
JD,Extended,China equities,Consumer Discretionary,Consumer Discretionary Distrib,Adj,Dec,EPS,CY2027,,,,,,,,30.291,,38.063,+25.7%,35.864,-5.8%,39.254,+9.5%,37.127,-5.4%,33.603,-9.5%,32.386,-3.6%,27.787,-14.2%,28.51,1.0,-29.2%,-0.7%,-3.7%,-22.5%
JD,Extended,China equities,Consumer Discretionary,Consumer Discretionary Distrib,Adj,Dec,EPS,CY2028,,,,,,,,32.733,,43.728,+33.6%,37.918,-13.3%,40.667,+7.2%,37.531,-7.7%,38.47,+2.5%,37.011,-3.8%,32.655,-11.8%,28.51,0.9,-19.7%,-0.7%,-3.7%,-22.5%
700,Extended,China equities,Communication Services,Media & Entertainment,GAAP,Dec,EPS,CY2025,,,,,,,,20.734,,22.467,+8.4%,22.145,-1.4%,22.742,+2.7%,22.47,-1.2%,23.379,+4.0%,24.344,+4.1%,24.188,-0.6%,489.2,20.2,+6.4%,-18.3%,-21.7%,+12.4%
700,Extended,China equities,Communication Services,Media & Entertainment,GAAP,Dec,EPS,CY2026,,,,,,,,23.567,,24.832,+5.4%,24.539,-1.2%,25.69,+4.7%,25.643,-0.2%,26.977,+5.2%,27.867,+3.3%,26.884,-3.5%,489.2,18.2,+4.6%,-18.3%,-21.7%,+12.4%
700,Extended,China equities,Communication Services,Media & Entertainment,GAAP,Dec,EPS,CY2027,,,,,,,,27.222,,27.773,+2.0%,27.816,+0.2%,28.796,+3.5%,29.025,+0.8%,30.72,+5.8%,31.403,+2.2%,30.719,-2.2%,489.2,15.9,+6.7%,-18.3%,-21.7%,+12.4%
700,Extended,China equities,Communication Services,Media & Entertainment,GAAP,Dec,EPS,CY2028,,,,,,,,29.926,,31.092,+3.9%,31.2,+0.3%,31.346,+0.5%,31.681,+1.1%,33.727,+6.5%,33.633,-0.3%,34.295,+2.0%,489.2,14.3,+9.4%,-18.3%,-21.7%,+12.4%
TCOM,Extended,China equities,Consumer Discretionary,Consumer Services,Adj,Dec,EPS,CY2025,,,,,,,,24.925,,26.205,+5.1%,27.878,+6.4%,26.023,-6.7%,25.48,-2.1%,26.64,+4.6%,45.557,+71.0%,45.003,-1.2%,50.09,1.1,+72.9%,-30.3%,-34.2%,-10.4%
TCOM,Extended,China equities,Consumer Discretionary,Consumer Services,Adj,Dec,EPS,CY2026,,,,,,,,28.609,,29.392,+2.7%,32.238,+9.7%,29.235,-9.3%,29.287,+0.2%,29.591,+1.0%,29.479,-0.4%,27.484,-6.8%,50.09,1.8,-6.0%,-30.3%,-34.2%,-10.4%
TCOM,Extended,China equities,Consumer Discretionary,Consumer Services,Adj,Dec,EPS,CY2027,,,,,,,,30.846,,33.042,+7.1%,38.408,+16.2%,33.81,-12.0%,33.609,-0.6%,34.38,+2.3%,33.379,-2.9%,31.418,-5.9%,50.09,1.6,-7.1%,-30.3%,-34.2%,-10.4%
TCOM,Extended,China equities,Consumer Discretionary,Consumer Services,Adj,Dec,EPS,CY2028,,,,,,,,33.983,,36.014,+6.0%,41.722,+15.8%,37.796,-9.4%,37.182,-1.6%,36.704,-1.3%,38.083,+3.8%,35.502,-6.8%,50.09,1.4,-6.1%,-30.3%,-34.2%,-10.4%
3988,Extended,China equities,Financials,Banks,GAAP,Dec,EPS,CY2025,,,,,,,,0.759,,0.763,+0.5%,0.763,+0.0%,0.771,+1.0%,0.741,-3.9%,0.734,-0.9%,0.724,-1.4%,0.727,+0.4%,5.06,7.0,-5.7%,+13.5%,+13.7%,+22.5%
3988,Extended,China equities,Financials,Banks,GAAP,Dec,EPS,CY2026,,,,,,,,0.799,,0.802,+0.4%,0.794,-1.0%,0.798,+0.5%,0.762,-4.5%,0.74,-2.9%,0.734,-0.8%,0.741,+1.0%,5.06,6.8,-7.1%,+13.5%,+13.7%,+22.5%
3988,Extended,China equities,Financials,Banks,GAAP,Dec,EPS,CY2027,,,,,,,,0.815,,0.825,+1.2%,0.825,+0.0%,0.844,+2.3%,0.797,-5.6%,0.761,-4.5%,0.76,-0.1%,0.765,+0.7%,5.06,6.6,-9.4%,+13.5%,+13.7%,+22.5%
3988,Extended,China equities,Financials,Banks,GAAP,Dec,EPS,CY2028,,,,,,,,0.85,,0.865,+1.8%,0.865,+0.0%,0.82,-5.2%,0.76,-7.3%,0.79,+3.9%,0.805,+1.9%,0.808,+0.4%,5.06,6.3,-1.5%,+13.5%,+13.7%,+22.5%
3690,Extended,China equities,Consumer Discretionary,Consumer Services,GAAP,Dec,EPS,CY2025,,,,,,,,6.337,,6.909,+9.0%,7.435,+7.6%,6.859,-7.7%,5.725,-16.5%,-1.735,-130.3%,-3.799,-119.0%,-3.845,-1.2%,80.25,-20.9,-156.1%,-22.3%,-23.2%,-40.2%
3690,Extended,China equities,Consumer Discretionary,Consumer Services,GAAP,Dec,EPS,CY2026,,,,,,,,8.19,,8.833,+7.9%,9.323,+5.5%,8.885,-4.7%,7.757,-12.7%,3.07,-60.4%,-0.324,-110.6%,-1.691,-421.9%,80.25,-47.5,-119.0%,-22.3%,-23.2%,-40.2%
3690,Extended,China equities,Consumer Discretionary,Consumer Services,GAAP,Dec,EPS,CY2027,,,,,,,,9.295,,9.667,+4.0%,9.905,+2.5%,10.998,+11.0%,9.507,-13.6%,6.323,-33.5%,4.557,-27.9%,3.431,-24.7%,80.25,23.4,-68.8%,-22.3%,-23.2%,-40.2%
3690,Extended,China equities,Consumer Discretionary,Consumer Services,GAAP,Dec,EPS,CY2028,,,,,,,,10.1,,9.318,-7.7%,9.652,+3.6%,12.16,+26.0%,10.839,-10.9%,8.398,-22.5%,7.474,-11.0%,6.224,-16.7%,80.25,12.9,-48.8%,-22.3%,-23.2%,-40.2%
1398,Extended,China equities,Financials,Banks,GAAP,Dec,EPS,CY2025,,,,,,,,0.987,,0.997,+1.0%,0.993,-0.4%,1.002,+0.9%,0.99,-1.2%,0.992,+0.2%,0.993,+0.1%,1.007,+1.4%,6.96,6.9,+0.5%,+10.7%,+13.4%,+38.1%
1398,Extended,China equities,Financials,Banks,GAAP,Dec,EPS,CY2026,,,,,,,,1.044,,1.047,+0.3%,1.021,-2.5%,1.026,+0.5%,1.007,-1.9%,1.011,+0.4%,1.004,-0.7%,1.014,+1.0%,6.96,6.9,-1.2%,+10.7%,+13.4%,+38.1%
1398,Extended,China equities,Financials,Banks,GAAP,Dec,EPS,CY2027,,,,,,,,,,,,,,1.06,,1.034,-2.5%,1.04,+0.6%,1.025,-1.4%,1.057,+3.1%,6.96,6.6,-0.3%,+10.7%,+13.4%,+38.1%
1398,Extended,China equities,Financials,Banks,GAAP,Dec,EPS,CY2028,,,,,,,,,,,,,,,,,,,,,,1.09,,6.96,6.4,,+10.7%,+13.4%,+38.1%
VIPS,Extended,China equities,Consumer Discretionary,Consumer Discretionary Distrib,Adj,Dec,EPS,CY2025,,,,,,,,18.568,,16.626,-10.5%,16.532,-0.6%,17.242,+4.3%,16.798,-2.6%,17.018,+1.3%,16.574,-2.6%,16.633,+0.4%,15.02,0.9,-3.5%,-15.1%,-16.2%,+6.5%
VIPS,Extended,China equities,Consumer Discretionary,Consumer Discretionary Distrib,Adj,Dec,EPS,CY2026,,,,,,,,19.682,,17.294,-12.1%,17.481,+1.1%,18.195,+4.1%,17.595,-3.3%,18.051,+2.6%,17.513,-3.0%,17.345,-1.0%,15.02,0.9,-4.7%,-15.1%,-16.2%,+6.5%
VIPS,Extended,China equities,Consumer Discretionary,Consumer Discretionary Distrib,Adj,Dec,EPS,CY2027,,,,,,,,20.003,,16.594,-17.0%,15.75,-5.1%,18.907,+20.0%,18.269,-3.4%,18.808,+3.0%,18.52,-1.5%,18.251,-1.5%,15.02,0.8,-3.5%,-15.1%,-16.2%,+6.5%
VIPS,Extended,China equities,Consumer Discretionary,Consumer Discretionary Distrib,Adj,Dec,EPS,CY2028,,,,,,,,20.885,,16.964,-18.8%,15.927,-6.1%,15.54,-2.4%,20.83,+34.0%,21.38,+2.6%,21.515,+0.6%,19.478,-9.5%,15.02,0.8,+25.3%,-15.1%,-16.2%,+6.5%
2199,Extended,China equities,Consumer Discretionary,Consumer Durables & Apparel,Adj,Mar,EPS,CY2025,,,,,,,,0.25,,,,0.235,-6.0%,0.22,-6.4%,0.18,-18.2%,,,0.27,+50.0%,,,2.05,7.6,+14.9%,-18.7%,-14.6%,+28.1%
2199,Extended,China equities,Consumer Discretionary,Consumer Durables & Apparel,Adj,Mar,EPS,CY2026,,,,,,,,0.44,,,,0.415,-5.7%,0.38,-8.4%,0.345,-9.2%,,,0.385,+11.6%,,,2.05,5.3,-7.2%,-18.7%,-14.6%,+28.1%
2199,Extended,China equities,Consumer Discretionary,Consumer Durables & Apparel,Adj,Mar,EPS,CY2027,,,,,,,,0.51,,,,,,,,,,,,0.5,-2.0%,,,2.05,4.1,,-18.7%,-14.6%,+28.1%
2199,Extended,China equities,Consumer Discretionary,Consumer Durables & Apparel,Adj,Mar,EPS,CY2028,,,,,,,,0.55,,,,,,,,,,,,,,,,2.05,3.7,,-18.7%,-14.6%,+28.1%
600104,Extended,China equities,Consumer Discretionary,Automobiles & Components,Adj,Dec,EPS,CY2025,,,,,,,,1.339,,1.208,-9.8%,1.082,-10.4%,0.95,-12.2%,0.908,-4.4%,1.068,+17.6%,1.015,-5.0%,0.956,-5.8%,14.08,14.7,+0.6%,-7.5%,-8.0%,+1.1%
600104,Extended,China equities,Consumer Discretionary,Automobiles & Components,Adj,Dec,EPS,CY2026,,,,,,,,1.419,,1.298,-8.5%,1.145,-11.8%,1.154,+0.8%,1.133,-1.8%,1.292,+14.0%,1.216,-5.9%,1.154,-5.1%,14.08,12.2,+0.0%,-7.5%,-8.0%,+1.1%
600104,Extended,China equities,Consumer Discretionary,Automobiles & Components,Adj,Dec,EPS,CY2027,,,,,,,,1.56,,0.56,-64.1%,0.56,+0.0%,0.915,+63.4%,1.316,+43.8%,1.497,+13.8%,1.459,-2.5%,1.391,-4.7%,14.08,10.1,+52.0%,-7.5%,-8.0%,+1.1%
600104,Extended,China equities,Consumer Discretionary,Automobiles & Components,Adj,Dec,EPS,CY2028,,,,,,,,1.365,,0.55,-59.7%,0.55,+0.0%,0.62,+12.7%,0.84,+35.5%,0.71,-15.5%,1.85,+160.6%,1.85,+0.0%,14.08,7.6,+198.4%,-7.5%,-8.0%,+1.1%
175,Extended,China equities,Consumer Discretionary,Automobiles & Components,GAAP,Dec,EPS,CY2025,,,,,,,,0.915,,0.984,+7.5%,1.21,+23.0%,1.385,+14.5%,1.47,+6.1%,1.576,+7.2%,1.644,+4.3%,1.601,-2.6%,23.82,14.9,+15.6%,+33.1%,+36.0%,+77.5%
175,Extended,China equities,Consumer Discretionary,Automobiles & Components,GAAP,Dec,EPS,CY2026,,,,,,,,1.122,,1.202,+7.1%,1.522,+26.6%,1.722,+13.1%,1.769,+2.7%,1.9,+7.4%,1.933,+1.7%,1.875,-3.0%,23.82,12.7,+8.9%,+33.1%,+36.0%,+77.5%
175,Extended,China equities,Consumer Discretionary,Automobiles & Components,GAAP,Dec,EPS,CY2027,,,,,,,,1.373,,1.56,+13.6%,1.645,+5.4%,2.087,+26.9%,2.197,+5.3%,2.292,+4.3%,2.347,+2.4%,2.281,-2.8%,23.82,10.4,+9.3%,+33.1%,+36.0%,+77.5%
175,Extended,China equities,Consumer Discretionary,Automobiles & Components,GAAP,Dec,EPS,CY2028,,,,,,,,1.47,,1.435,-2.4%,1.6,+11.5%,2.055,+28.4%,2.06,+0.2%,2.28,+10.7%,2.325,+2.0%,2.673,+15.0%,23.82,8.9,+30.1%,+33.1%,+36.0%,+77.5%
2333,Extended,China equities,Consumer Discretionary,Automobiles & Components,Adj,Dec,EPS,CY2025,,,,,,,,1.37,,1.635,+19.3%,1.675,+2.4%,1.673,-0.1%,1.512,-9.6%,1.594,+5.4%,1.496,-6.1%,1.354,-9.5%,13.45,9.9,-19.1%,-12.1%,-8.2%,+19.7%
2333,Extended,China equities,Consumer Discretionary,Automobiles & Components,Adj,Dec,EPS,CY2026,,,,,,,,1.582,,1.845,+16.6%,1.871,+1.4%,1.891,+1.1%,1.72,-9.0%,1.894,+10.1%,1.787,-5.6%,1.565,-12.4%,13.45,8.6,-17.2%,-12.1%,-8.2%,+19.7%
2333,Extended,China equities,Consumer Discretionary,Automobiles & Components,Adj,Dec,EPS,CY2027,,,,,,,,1.516,,1.5,-1.1%,1.224,-18.4%,1.827,+49.3%,1.872,+2.5%,2.091,+11.7%,2.027,-3.1%,1.83,-9.7%,13.45,7.3,+0.2%,-12.1%,-8.2%,+19.7%
2333,Extended,China equities,Consumer Discretionary,Automobiles & Components,Adj,Dec,EPS,CY2028,,,,,,,,1.64,,1.61,-1.8%,1.693,+5.2%,10.908,+544.3%,1.215,-88.9%,1.28,+5.3%,1.325,+3.5%,1.818,+37.2%,13.45,7.4,-83.3%,-12.1%,-8.2%,+19.7%
NRG,Extended,Utilities,Utilities,Utilities,Adj,Dec,EPS,CY2025,,,,,,,,6.783,,7.112,+4.9%,7.289,+2.5%,7.342,+0.7%,7.678,+4.6%,7.822,+1.9%,7.963,+1.8%,7.908,-0.7%,149.8,18.9,+7.7%,-5.9%,-6.2%,+79.2%
NRG,Extended,Utilities,Utilities,Utilities,Adj,Dec,EPS,CY2026,,,,,,,,7.741,,8.154,+5.3%,7.994,-2.0%,8.05,+0.7%,8.879,+10.3%,8.87,-0.1%,8.496,-4.2%,9.281,+9.2%,149.8,16.1,+15.3%,-5.9%,-6.2%,+79.2%
NRG,Extended,Utilities,Utilities,Utilities,Adj,Dec,EPS,CY2027,,,,,,,,8.593,,8.255,-3.9%,8.64,+4.7%,8.493,-1.7%,10.106,+19.0%,10.368,+2.6%,10.534,+1.6%,11.279,+7.1%,149.8,13.3,+32.8%,-5.9%,-6.2%,+79.2%
NRG,Extended,Utilities,Utilities,Utilities,Adj,Dec,EPS,CY2028,,,,,,,,10.148,,9.555,-5.8%,9.65,+1.0%,9.263,-4.0%,11.27,+21.7%,11.596,+2.9%,11.275,-2.8%,12.929,+14.7%,149.8,11.6,+39.6%,-5.9%,-6.2%,+79.2%
CEG,Extended,Utilities,Utilities,Utilities,Adj,Dec,EPS,CY2025,,,,,,,,8.475,,8.902,+5.0%,8.983,+0.9%,9.489,+5.6%,9.415,-0.8%,9.478,+0.7%,9.419,-0.6%,9.29,-1.4%,275.16,29.6,-2.1%,-22.1%,-22.4%,+60.9%
CEG,Extended,Utilities,Utilities,Utilities,Adj,Dec,EPS,CY2026,,,,,,,,8.929,,9.585,+7.3%,9.652,+0.7%,11.178,+15.8%,11.405,+2.0%,11.679,+2.4%,11.307,-3.2%,11.429,+1.1%,275.16,24.1,+2.2%,-22.1%,-22.4%,+60.9%
CEG,Extended,Utilities,Utilities,Utilities,Adj,Dec,EPS,CY2027,,,,,,,,9.93,,10.477,+5.5%,10.682,+2.0%,12.848,+20.3%,12.406,-3.4%,13.265,+6.9%,13.159,-0.8%,13.533,+2.8%,275.16,20.3,+5.3%,-22.1%,-22.4%,+60.9%
CEG,Extended,Utilities,Utilities,Utilities,Adj,Dec,EPS,CY2028,,,,,,,,12.503,,12.898,+3.2%,12.418,-3.7%,15.18,+22.2%,15.216,+0.2%,16.81,+10.5%,15.699,-6.6%,16.731,+6.6%,275.16,16.4,+10.2%,-22.1%,-22.4%,+60.9%
VST,Extended,Utilities,Utilities,Utilities,Adj,Dec,EPS,CY2025,,,,,,,,5.914,,6.257,+5.8%,7.078,+13.1%,6.224,-12.1%,5.776,-7.2%,5.586,-3.3%,5.194,-7.0%,4.74,-8.7%,151.59,32.0,-23.8%,-6.0%,-10.6%,+54.6%
VST,Extended,Utilities,Utilities,Utilities,Adj,Dec,EPS,CY2026,,,,,,,,7.816,,8.228,+5.3%,8.525,+3.6%,7.883,-7.5%,8.162,+3.5%,8.565,+4.9%,8.806,+2.8%,8.709,-1.1%,151.59,17.4,+10.5%,-6.0%,-10.6%,+54.6%
VST,Extended,Utilities,Utilities,Utilities,Adj,Dec,EPS,CY2027,,,,,,,,8.688,,10.683,+23.0%,10.3,-3.6%,9.137,-11.3%,8.794,-3.8%,9.99,+13.6%,10.569,+5.8%,10.925,+3.4%,151.59,13.9,+19.6%,-6.0%,-10.6%,+54.6%
VST,Extended,Utilities,Utilities,Utilities,Adj,Dec,EPS,CY2028,,,,,,,,12.933,,11.95,-7.6%,11.595,-3.0%,11.099,-4.3%,11.908,+7.3%,12.471,+4.7%,12.974,+4.0%,12.611,-2.8%,151.59,12.0,+13.6%,-6.0%,-10.6%,+54.6%
AI,Extended,Technology,Information Technology,Software & Services,Adj,Apr,EPS,CY2025,,,,,,,,-0.537,,-0.525,+2.2%,-0.625,-19.0%,-0.442,+29.3%,-0.441,+0.2%,,,,,,,8.77,-19.9,+17.9%,-34.9%,-38.0%,-53.8%
AI,Extended,Technology,Information Technology,Software & Services,Adj,Apr,EPS,CY2026,,,,,,,,-0.3,,-0.331,-10.3%,-0.53,-60.1%,-0.419,+20.9%,-0.365,+12.9%,-1.252,-243.0%,-1.337,-6.8%,-1.389,-3.9%,8.77,-6.3,-231.5%,-34.9%,-38.0%,-53.8%
AI,Extended,Technology,Information Technology,Software & Services,Adj,Apr,EPS,CY2027,,,,,,,,0.021,,-0.02,-195.2%,-0.387,-1835.0%,-0.276,+28.7%,-0.146,+47.1%,-0.891,-510.3%,-1.062,-19.2%,-0.781,+26.5%,8.77,-11.2,-183.0%,-34.9%,-38.0%,-53.8%
AI,Extended,Technology,Information Technology,Software & Services,Adj,Apr,EPS,CY2028,,,,,,,,,,,,,,0.39,,0.076,-80.5%,-0.641,-943.4%,-0.727,-13.4%,-0.511,+29.7%,8.77,-17.2,-231.0%,-34.9%,-38.0%,-53.8%
PATH,Extended,Software,Information Technology,Software & Services,Adj,Jan,EPS,CY2025,,,,,,,,0.427,,0.451,+5.6%,0.516,+14.4%,0.545,+5.6%,0.548,+0.6%,0.662,+20.8%,0.671,+1.4%,0.672,+0.1%,11.15,16.6,+23.3%,-32.0%,-35.7%,+11.1%
PATH,Extended,Software,Information Technology,Software & Services,Adj,Jan,EPS,CY2026,,,,,,,,0.54,,0.536,-0.7%,0.582,+8.6%,0.596,+2.4%,0.618,+3.7%,0.743,+20.2%,0.76,+2.3%,0.799,+5.1%,11.15,14.0,+34.1%,-32.0%,-35.7%,+11.1%
PATH,Extended,Software,Information Technology,Software & Services,Adj,Jan,EPS,CY2027,,,,,,,,0.733,,0.61,-16.8%,0.65,+6.6%,0.62,-4.6%,0.674,+8.7%,0.81,+20.2%,0.822,+1.5%,0.895,+8.9%,11.15,12.5,+44.4%,-32.0%,-35.7%,+11.1%
PATH,Extended,Software,Information Technology,Software & Services,Adj,Jan,EPS,CY2028,,,,,,,,0.885,,0.655,-26.0%,0.65,-0.8%,0.74,+13.8%,0.73,-1.4%,0.885,+21.2%,0.895,+1.1%,0.992,+10.8%,11.15,11.2,+34.1%,-32.0%,-35.7%,+11.1%
ON,Extended,Technology,Information Technology,Semiconductors & Semiconductor,Adj,Dec,EPS,CY2025,,,,,,,,4.775,,4.805,+0.6%,4.308,-10.3%,2.505,-41.9%,2.306,-7.9%,2.292,-0.6%,2.315,+1.0%,2.343,+1.2%,63.49,27.1,-6.5%,+17.2%,+2.8%,+88.4%
ON,Extended,Technology,Information Technology,Semiconductors & Semiconductor,Adj,Dec,EPS,CY2026,,,,,,,,5.872,,5.916,+0.7%,5.481,-7.4%,3.715,-32.2%,3.131,-15.7%,2.934,-6.3%,2.926,-0.3%,2.924,-0.1%,63.49,21.7,-21.3%,+17.2%,+2.8%,+88.4%
ON,Extended,Technology,Information Technology,Semiconductors & Semiconductor,Adj,Dec,EPS,CY2027,,,,,,,,6.877,,7.338,+6.7%,7.013,-4.4%,5.268,-24.9%,4.453,-15.5%,4.131,-7.2%,4.03,-2.4%,4.051,+0.5%,63.49,15.7,-23.1%,+17.2%,+2.8%,+88.4%
ON,Extended,Technology,Information Technology,Semiconductors & Semiconductor,Adj,Dec,EPS,CY2028,,,,,,,,7.89,,9.205,+16.7%,9.06,-1.6%,6.96,-23.2%,48.213,+592.7%,5.46,-88.7%,5.315,-2.7%,5.289,-0.5%,63.49,12.0,-24.0%,+17.2%,+2.8%,+88.4%
MCHP,Extended,Technology,Information Technology,Semiconductors & Semiconductor,Adj,Mar,EPS,CY2025,,,,,,,,4.2,,3.34,-20.5%,2.42,-27.5%,1.228,-49.3%,1.4,+14.0%,1.457,+4.1%,1.452,-0.3%,1.57,+8.1%,67.22,42.8,+27.9%,+5.5%,-10.2%,+85.6%
MCHP,Extended,Technology,Information Technology,Semiconductors & Semiconductor,Adj,Mar,EPS,CY2026,,,,,,,,5.022,,4.323,-13.9%,3.728,-13.8%,2.493,-33.1%,2.529,+1.4%,2.584,+2.2%,2.47,-4.4%,2.661,+7.7%,67.22,25.3,+6.7%,+5.5%,-10.2%,+85.6%
MCHP,Extended,Technology,Information Technology,Semiconductors & Semiconductor,Adj,Mar,EPS,CY2027,,,,,,,,6.03,,5.27,-12.6%,4.215,-20.0%,3.24,-23.1%,3.19,-1.5%,3.379,+5.9%,3.544,+4.9%,3.635,+2.6%,67.22,18.5,+12.2%,+5.5%,-10.2%,+85.6%
MCHP,Extended,Technology,Information Technology,Semiconductors & Semiconductor,Adj,Mar,EPS,CY2028,,,,,,,,6.68,,5.95,-10.9%,5.65,-5.0%,4.31,-23.7%,4.11,-4.6%,3.94,-4.1%,3.77,-4.3%,4.125,+9.4%,67.22,16.3,-4.3%,+5.5%,-10.2%,+85.6%
NXPI,Extended,Technology,Information Technology,Semiconductors & Semiconductor,Adj,Dec,EPS,CY2025,,,,,,,,15.861,,15.29,-3.6%,12.831,-16.1%,11.938,-7.0%,11.533,-3.4%,11.809,+2.4%,11.771,-0.3%,11.774,+0.0%,197.08,16.7,-1.4%,-9.2%,-19.9%,+22.6%
NXPI,Extended,Technology,Information Technology,Semiconductors & Semiconductor,Adj,Dec,EPS,CY2026,,,,,,,,16.904,,16.989,+0.5%,15.364,-9.6%,14.152,-7.9%,13.756,-2.8%,14.141,+2.8%,13.782,-2.5%,13.956,+1.3%,197.08,14.1,-1.4%,-9.2%,-19.9%,+22.6%
NXPI,Extended,Technology,Information Technology,Semiconductors & Semiconductor,Adj,Dec,EPS,CY2027,,,,,,,,20.33,,-41.027,-301.8%,18.539,+145.2%,16.221,-12.5%,16.123,-0.6%,16.789,+4.1%,16.427,-2.2%,16.741,+1.9%,197.08,11.8,+3.2%,-9.2%,-19.9%,+22.6%
NXPI,Extended,Technology,Information Technology,Semiconductors & Semiconductor,Adj,Dec,EPS,CY2028,,,,,,,,22.97,,-100.165,-536.1%,25.68,+125.6%,21.565,-16.0%,19.77,-8.3%,21.66,+9.6%,19.48,-10.1%,19.382,-0.5%,197.08,10.2,-10.1%,-9.2%,-19.9%,+22.6%
HIMS,Extended,Healthcare providers,Health Care,Health Care Equipment & Servic,Adj,Dec,EPS,CY2025,,,,,,,,0.575,,0.723,+25.7%,1.047,+44.8%,1.025,-2.1%,1.07,+4.4%,0.961,-10.2%,0.834,-13.2%,0.799,-4.2%,20.33,25.4,-22.0%,-37.4%,-42.7%,-21.8%
HIMS,Extended,Healthcare providers,Health Care,Health Care Equipment & Servic,Adj,Dec,EPS,CY2026,,,,,,,,0.56,,0.643,+14.8%,1.226,+90.7%,1.186,-3.3%,0.69,-41.8%,0.909,+31.7%,0.906,-0.3%,0.773,-14.7%,20.33,26.3,-34.8%,-37.4%,-42.7%,-21.8%
HIMS,Extended,Healthcare providers,Health Care,Health Care Equipment & Servic,Adj,Dec,EPS,CY2027,,,,,,,,1.165,,0.987,-15.3%,1.343,+36.1%,1.499,+11.6%,1.269,-15.3%,0.964,-24.0%,1.182,+22.6%,1.103,-6.7%,20.33,18.4,-26.4%,-37.4%,-42.7%,-21.8%
HIMS,Extended,Healthcare providers,Health Care,Health Care Equipment & Servic,Adj,Dec,EPS,CY2028,,,,,,,,1.06,,1.125,+6.1%,1.6,+42.2%,2.03,+26.9%,2.05,+1.0%,1.645,-19.8%,1.487,-9.6%,1.418,-4.6%,20.33,14.3,-30.1%,-37.4%,-42.7%,-21.8%
DOCS,Extended,Healthcare providers,Health Care,Health Care Equipment & Servic,Adj,Mar,EPS,CY2025,,,,,,,,1.061,,1.101,+3.8%,1.253,+13.8%,1.418,+13.2%,1.432,+1.0%,1.502,+4.9%,1.575,+4.9%,1.543,-2.0%,23.06,14.9,+8.8%,-47.9%,-49.5%,-55.0%
DOCS,Extended,Healthcare providers,Health Care,Health Care Equipment & Servic,Adj,Mar,EPS,CY2026,,,,,,,,1.231,,1.23,-0.1%,1.397,+13.6%,1.611,+15.3%,1.589,-1.4%,1.644,+3.5%,1.718,+4.5%,1.609,-6.3%,23.06,14.3,-0.1%,-47.9%,-49.5%,-55.0%
DOCS,Extended,Healthcare providers,Health Care,Health Care Equipment & Servic,Adj,Mar,EPS,CY2027,,,,,,,,1.396,,1.354,-3.0%,1.628,+20.2%,1.848,+13.5%,1.788,-3.2%,1.839,+2.9%,1.901,+3.4%,1.782,-6.3%,23.06,12.9,-3.6%,-47.9%,-49.5%,-55.0%
DOCS,Extended,Healthcare providers,Health Care,Health Care Equipment & Servic,Adj,Mar,EPS,CY2028,,,,,,,,1.58,,1.31,-17.1%,1.76,+34.4%,2.38,+35.2%,2.32,-2.5%,2.12,-8.6%,2.157,+1.7%,2.103,-2.5%,23.06,11.0,-11.6%,-47.9%,-49.5%,-55.0%
COIN,Extended,Financials and related,Financials,Financial Services,Adj,Dec,EPS,CY2025,,,,,,,,5.566,,3.915,-29.7%,5.553,+41.8%,8.3,+49.5%,5.431,-34.6%,5.586,+2.9%,5.604,+0.3%,4.406,-21.4%,174.79,39.7,-46.9%,-22.7%,-30.2%,+8.9%
COIN,Extended,Financials and related,Financials,Financial Services,Adj,Dec,EPS,CY2026,,,,,,,,6.991,,3.916,-44.0%,4.458,+13.8%,8.272,+85.6%,7.629,-7.8%,6.424,-15.8%,6.955,+8.3%,3.351,-51.8%,174.79,52.2,-59.5%,-22.7%,-30.2%,+8.9%
COIN,Extended,Financials and related,Financials,Financial Services,Adj,Dec,EPS,CY2027,,,,,,,,6.384,,3.928,-38.5%,5.426,+38.1%,8.436,+55.5%,8.809,+4.4%,7.795,-11.5%,7.357,-5.6%,5.284,-28.2%,174.79,33.1,-37.4%,-22.7%,-30.2%,+8.9%
COIN,Extended,Financials and related,Financials,Financial Services,Adj,Dec,EPS,CY2028,,,,,,,,12.65,,6.395,-49.4%,7.06,+10.4%,9.12,+29.2%,8.623,-5.4%,9.48,+9.9%,8.728,-7.9%,6.596,-24.4%,174.79,26.5,-27.7%,-22.7%,-30.2%,+8.9%
SOFI,Extended,Financials and related,Financials,Financial Services,Adj,Dec,EPS,CY2025,,,,,,,,0.262,,0.255,-2.7%,0.281,+10.2%,0.266,-5.3%,0.278,+4.5%,0.314,+12.9%,0.383,+22.0%,0.366,-4.4%,16.27,44.5,+37.6%,-37.9%,-39.7%,+70.0%
SOFI,Extended,Financials and related,Financials,Financial Services,Adj,Dec,EPS,CY2026,,,,,,,,0.481,,0.505,+5.0%,0.495,-2.0%,0.514,+3.8%,0.495,-3.7%,0.552,+11.5%,0.583,+5.6%,0.606,+3.9%,16.27,26.8,+17.9%,-37.9%,-39.7%,+70.0%
SOFI,Extended,Financials and related,Financials,Financial Services,Adj,Dec,EPS,CY2027,,,,,,,,0.62,,0.64,+3.2%,0.62,-3.1%,0.732,+18.1%,0.677,-7.5%,0.761,+12.4%,0.82,+7.8%,0.825,+0.6%,16.27,19.7,+12.7%,-37.9%,-39.7%,+70.0%
SOFI,Extended,Financials and related,Financials,Financial Services,Adj,Dec,EPS,CY2028,,,,,,,,0.83,,0.82,-1.2%,0.79,-3.7%,1.015,+28.5%,1.015,+0.0%,0.87,-14.3%,0.907,+4.3%,1.022,+12.7%,16.27,15.9,+0.7%,-37.9%,-39.7%,+70.0%
CPNG,Extended,Retailers,Consumer Discretionary,Consumer Discretionary Distrib,Adj,Dec,EPS,CY2025,,,,,,,,0.569,,0.576,+1.2%,0.532,-7.6%,0.359,-32.5%,0.32,-10.9%,0.181,-43.4%,0.171,-5.5%,0.168,-1.8%,19.51,116.1,-53.2%,-17.3%,-17.1%,-2.7%
CPNG,Extended,Retailers,Consumer Discretionary,Consumer Discretionary Distrib,Adj,Dec,EPS,CY2026,,,,,,,,0.879,,0.871,-0.9%,0.838,-3.8%,0.773,-7.8%,0.714,-7.6%,0.584,-18.2%,0.534,-8.6%,0.089,-83.3%,19.51,219.2,-88.5%,-17.3%,-17.1%,-2.7%
CPNG,Extended,Retailers,Consumer Discretionary,Consumer Discretionary Distrib,Adj,Dec,EPS,CY2027,,,,,,,,0.83,,0.96,+15.7%,0.95,-1.0%,1.022,+7.6%,0.99,-3.1%,1.013,+2.3%,0.895,-11.6%,0.548,-38.8%,19.51,35.6,-46.4%,-17.3%,-17.1%,-2.7%
CPNG,Extended,Retailers,Consumer Discretionary,Consumer Discretionary Distrib,Adj,Dec,EPS,CY2028,,,,,,,,1.03,,1.18,+14.6%,1.178,-0.2%,1.395,+18.4%,1.29,-7.5%,1.47,+14.0%,1.24,-15.6%,0.857,-30.9%,19.51,22.8,-38.6%,-17.3%,-17.1%,-2.7%
MELI,Extended,Retailers,Consumer Discretionary,Consumer Discretionary Distrib,Adj,Dec,EPS,CY2025,,,,,,,,46.554,,49.955,+7.3%,45.339,-9.2%,48.017,+5.9%,49.794,+3.7%,45.937,-7.7%,41.09,-10.6%,40.854,-0.6%,1710.37,41.9,-14.9%,-15.1%,-21.8%,-7.1%
MELI,Extended,Retailers,Consumer Discretionary,Consumer Discretionary Distrib,Adj,Dec,EPS,CY2026,,,,,,,,63.332,,66.755,+5.4%,62.28,-6.7%,67.215,+7.9%,68.984,+2.6%,66.001,-4.3%,59.964,-9.1%,52.663,-12.2%,1710.37,32.5,-21.6%,-15.1%,-21.8%,-7.1%
MELI,Extended,Retailers,Consumer Discretionary,Consumer Discretionary Distrib,Adj,Dec,EPS,CY2027,,,,,,,,75.872,,76.073,+0.3%,82.183,+8.0%,85.24,+3.7%,91.812,+7.7%,88.557,-3.5%,82.968,-6.3%,73.704,-11.2%,1710.37,23.2,-13.5%,-15.1%,-21.8%,-7.1%
MELI,Extended,Retailers,Consumer Discretionary,Consumer Discretionary Distrib,Adj,Dec,EPS,CY2028,,,,,,,,94.585,,97.377,+3.0%,107.347,+10.2%,110.323,+2.8%,117.226,+6.3%,112.794,-3.8%,108.929,-3.4%,99.302,-8.8%,1710.37,17.2,-10.0%,-15.1%,-21.8%,-7.1%
SE,Extended,Internet,Consumer Discretionary,Consumer Discretionary Distrib,Adj,Dec,EPS,CY2025,,,,,,,,2.506,,2.622,+4.6%,3.231,+23.2%,3.584,+10.9%,4.045,+12.9%,3.919,-3.1%,3.641,-7.1%,3.587,-1.5%,82.29,22.9,+0.1%,-35.5%,-42.4%,-22.8%
SE,Extended,Internet,Consumer Discretionary,Consumer Discretionary Distrib,Adj,Dec,EPS,CY2026,,,,,,,,3.513,,3.814,+8.6%,4.555,+19.4%,5.187,+13.9%,5.725,+10.4%,5.694,-0.5%,4.969,-12.7%,3.68,-25.9%,82.29,22.4,-29.1%,-35.5%,-42.4%,-22.8%
SE,Extended,Internet,Consumer Discretionary,Consumer Discretionary Distrib,Adj,Dec,EPS,CY2027,,,,,,,,3.63,,3.83,+5.5%,6.0,+56.7%,6.465,+7.7%,7.033,+8.8%,7.518,+6.9%,6.684,-11.1%,4.888,-26.9%,82.29,16.8,-24.4%,-35.5%,-42.4%,-22.8%
SE,Extended,Internet,Consumer Discretionary,Consumer Discretionary Distrib,Adj,Dec,EPS,CY2028,,,,,,,,4.206,,4.52,+7.5%,7.21,+59.5%,9.645,+33.8%,10.945,+13.5%,11.835,+8.1%,8.93,-24.5%,6.026,-32.5%,82.29,13.7,-37.5%,-35.5%,-42.4%,-22.8%
GTLB,Extended,Software,Information Technology,Software & Services,Adj,Jan,EPS,CY2025,,,,,,,,0.556,,0.655,+17.8%,0.793,+21.1%,0.717,-9.6%,0.75,+4.6%,0.835,+11.3%,0.895,+7.2%,0.894,-0.1%,22.76,25.5,+24.7%,-39.4%,-38.1%,-44.6%
GTLB,Extended,Software,Information Technology,Software & Services,Adj,Jan,EPS,CY2026,,,,,,,,0.878,,0.927,+5.6%,1.029,+11.0%,0.969,-5.8%,0.964,-0.5%,1.024,+6.2%,1.065,+4.0%,0.798,-25.1%,22.76,28.5,-17.6%,-39.4%,-38.1%,-44.6%
GTLB,Extended,Software,Information Technology,Software & Services,Adj,Jan,EPS,CY2027,,,,,,,,0.975,,1.005,+3.1%,1.245,+23.9%,1.377,+10.6%,1.34,-2.7%,1.285,-4.1%,1.324,+3.0%,1.03,-22.2%,22.76,22.1,-25.2%,-39.4%,-38.1%,-44.6%
GTLB,Extended,Software,Information Technology,Software & Services,Adj,Jan,EPS,CY2028,,,,,,,,,,1.3,,1.51,+16.2%,1.55,+2.6%,1.46,-5.8%,1.405,-3.8%,1.807,+28.6%,1.361,-24.7%,22.76,16.7,-12.2%,-39.4%,-38.1%,-44.6%
CFLT,Extended,Software,Information Technology,Software & Services,Adj,Dec,EPS,CY2025,,,,,,,,0.345,,0.31,-10.1%,0.355,+14.5%,0.357,+0.6%,0.37,+3.6%,0.364,-1.6%,0.399,+9.6%,0.4,+0.3%,30.99,77.5,+12.0%,+2.5%,+2.7%,+53.6%
CFLT,Extended,Software,Information Technology,Software & Services,Adj,Dec,EPS,CY2026,,,,,,,,0.532,,0.473,-11.1%,0.504,+6.6%,0.504,+0.0%,0.478,-5.2%,0.466,-2.5%,0.484,+3.9%,0.533,+10.1%,30.99,58.1,+5.8%,+2.5%,+2.7%,+53.6%
CFLT,Extended,Software,Information Technology,Software & Services,Adj,Dec,EPS,CY2027,,,,,,,,0.635,,0.6,-5.5%,0.6,+0.0%,0.724,+20.7%,0.659,-9.0%,0.626,-5.0%,0.637,+1.8%,0.73,+14.6%,30.99,42.5,+0.8%,+2.5%,+2.7%,+53.6%
CFLT,Extended,Software,Information Technology,Software & Services,Adj,Dec,EPS,CY2028,,,,,,,,1.13,,0.868,-23.2%,0.84,-3.2%,0.925,+10.1%,0.875,-5.4%,0.755,-13.7%,0.776,+2.8%,0.81,+4.4%,30.99,38.3,-12.4%,+2.5%,+2.7%,+53.6%
IONQ,Extended,Technology,Information Technology,Technology Hardware & Equipmen,Adj,Dec,EPS,CY2025,,,,,,,,-0.618,,-0.643,-4.0%,-0.743,-15.6%,-0.495,+33.4%,-0.65,-31.3%,-0.964,-48.3%,-0.839,+13.0%,-0.833,+0.7%,29.24,-35.1,-68.3%,-34.8%,-42.4%,+41.4%
IONQ,Extended,Technology,Information Technology,Technology Hardware & Equipmen,Adj,Dec,EPS,CY2026,,,,,,,,-0.567,,-0.592,-4.4%,-0.528,+10.8%,-0.415,+21.4%,-0.718,-73.0%,-1.392,-93.9%,-1.102,+20.8%,-1.127,-2.3%,29.24,-25.9,-171.6%,-34.8%,-42.4%,+41.4%
IONQ,Extended,Technology,Information Technology,Technology Hardware & Equipmen,Adj,Dec,EPS,CY2027,,,,,,,,0.05,,0.05,+0.0%,0.135,+170.0%,-0.25,-285.2%,-0.435,-74.0%,-0.814,-87.1%,-0.74,+9.1%,-0.767,-3.6%,29.24,-38.1,-206.8%,-34.8%,-42.4%,+41.4%
IONQ,Extended,Technology,Information Technology,Technology Hardware & Equipmen,Adj,Dec,EPS,CY2028,,,,,,,,,,,,,,-0.04,,-0.45,-1025.0%,-0.883,-96.2%,-0.623,+29.4%,-0.47,+24.6%,29.24,-62.2,-1075.0%,-34.8%,-42.4%,+41.4%
ZS,Extended,Software,Information Technology,Software & Services,Adj,Jul,EPS,CY2025,,,,,,,,3.335,,2.853,-14.5%,2.984,+4.6%,3.088,+3.5%,3.189,+3.3%,3.188,-0.0%,,,,,139.52,43.8,+11.7%,-38.0%,-37.2%,-20.1%
ZS,Extended,Software,Information Technology,Software & Services,Adj,Jul,EPS,CY2026,,,,,,,,4.082,,3.512,-14.0%,3.574,+1.8%,3.628,+1.5%,3.666,+1.0%,3.666,+0.0%,3.815,+4.1%,4.012,+5.2%,139.52,34.8,+10.6%,-38.0%,-37.2%,-20.1%
ZS,Extended,Software,Information Technology,Software & Services,Adj,Jul,EPS,CY2027,,,,,,,,4.929,,4.476,-9.2%,4.409,-1.5%,4.382,-0.6%,4.428,+1.0%,4.452,+0.5%,4.485,+0.7%,4.589,+2.3%,139.52,30.4,+4.7%,-38.0%,-37.2%,-20.1%
ZS,Extended,Software,Information Technology,Software & Services,Adj,Jul,EPS,CY2028,,,,,,,,6.158,,5.364,-12.9%,5.468,+1.9%,5.007,-8.4%,5.499,+9.8%,5.464,-0.6%,5.44,-0.4%,5.542,+1.9%,139.52,25.2,+10.7%,-38.0%,-37.2%,-20.1%
S,Extended,Software,Information Technology,Software & Services,Adj,Jan,EPS,CY2025,,,,,,,,0.234,,0.205,-12.4%,0.197,-3.9%,0.185,-6.1%,0.201,+8.6%,0.189,-6.0%,0.193,+2.1%,0.195,+1.0%,13.51,69.3,+5.4%,-9.9%,-11.0%,-20.1%
S,Extended,Software,Information Technology,Software & Services,Adj,Jan,EPS,CY2026,,,,,,,,0.422,,0.415,-1.7%,0.384,-7.5%,0.351,-8.6%,0.349,-0.6%,0.331,-5.2%,0.307,-7.3%,0.348,+13.4%,13.51,38.8,-0.9%,-9.9%,-11.0%,-20.1%
S,Extended,Software,Information Technology,Software & Services,Adj,Jan,EPS,CY2027,,,,,,,,0.82,,0.803,-2.1%,0.713,-11.2%,0.507,-28.9%,0.522,+3.0%,0.484,-7.3%,0.446,-7.9%,0.474,+6.3%,13.51,28.5,-6.5%,-9.9%,-11.0%,-20.1%
S,Extended,Software,Information Technology,Software & Services,Adj,Jan,EPS,CY2028,,,,,,,,1.057,,1.043,-1.3%,0.953,-8.6%,0.74,-22.4%,0.81,+9.5%,0.778,-4.0%,0.716,-8.0%,0.672,-6.1%,13.51,20.1,-9.2%,-9.9%,-11.0%,-20.1%
AFRM,Extended,Payments,Financials,Financial Services,Adj,Jun,EPS,CY2025,,,,,,,,-0.449,,-0.035,+92.2%,-0.173,-394.3%,0.112,+164.7%,0.095,-15.2%,0.065,-31.6%,,,,,48.45,745.4,+285.7%,-34.9%,-41.2%,+35.5%
AFRM,Extended,Payments,Financials,Financial Services,Adj,Jun,EPS,CY2026,,,,,,,,0.171,,0.802,+369.0%,0.971,+21.1%,1.136,+17.0%,1.168,+2.8%,1.033,-11.6%,1.064,+3.0%,1.082,+1.7%,48.45,44.8,-4.8%,-34.9%,-41.2%,+35.5%
AFRM,Extended,Payments,Financials,Financial Services,Adj,Jun,EPS,CY2027,,,,,,,,0.423,,1.119,+164.5%,1.516,+35.5%,2.061,+35.9%,1.854,-10.0%,1.675,-9.7%,1.843,+10.0%,1.927,+4.6%,48.45,25.1,-6.5%,-34.9%,-41.2%,+35.5%
AFRM,Extended,Payments,Financials,Financial Services,Adj,Jun,EPS,CY2028,,,,,,,,-0.42,,1.91,+554.8%,2.395,+25.4%,2.243,-6.3%,2.2,-1.9%,2.487,+13.0%,2.407,-3.2%,2.523,+4.8%,48.45,19.2,+12.5%,-34.9%,-41.2%,+35.5%
GRAB,Extended,Internet,Industrials,Transportation,Adj,Dec,EPS,CY2025,,,,,,,,0.048,,0.056,+16.7%,0.059,+5.4%,0.052,-11.9%,0.051,-1.9%,0.041,-19.6%,0.039,-4.9%,0.039,+0.0%,3.56,91.3,-25.0%,-28.7%,-32.4%,-4.6%
GRAB,Extended,Internet,Industrials,Transportation,Adj,Dec,EPS,CY2026,,,,,,,,0.107,,0.106,-0.9%,0.111,+4.7%,0.109,-1.8%,0.11,+0.9%,0.101,-8.2%,0.1,-1.0%,0.096,-4.0%,3.56,37.1,-11.9%,-28.7%,-32.4%,-4.6%
GRAB,Extended,Internet,Industrials,Transportation,Adj,Dec,EPS,CY2027,,,,,,,,0.2,,0.22,+10.0%,0.187,-15.0%,0.161,-13.9%,0.157,-2.5%,0.157,+0.0%,0.153,-2.5%,0.152,-0.7%,3.56,23.4,-5.6%,-28.7%,-32.4%,-4.6%
GRAB,Extended,Internet,Industrials,Transportation,Adj,Dec,EPS,CY2028,,,,,,,,0.26,,0.31,+19.2%,0.263,-15.2%,0.233,-11.4%,0.22,-5.6%,0.223,+1.4%,0.23,+3.1%,0.209,-9.1%,3.56,17.0,-10.3%,-28.7%,-32.4%,-4.6%
GLBE,Extended,Internet,Consumer Discretionary,Consumer Discretionary Distrib,Adj,Dec,EPS,CY2025,,,,,,,,0.144,,0.063,-56.2%,0.378,+500.0%,0.373,-1.3%,0.382,+2.4%,0.339,-11.3%,0.341,+0.6%,0.342,+0.3%,31.36,91.7,-8.3%,-20.2%,-17.9%,+7.5%
GLBE,Extended,Internet,Consumer Discretionary,Consumer Discretionary Distrib,Adj,Dec,EPS,CY2026,,,,,,,,0.888,,0.718,-19.1%,0.95,+32.3%,0.922,-2.9%,1.006,+9.1%,1.0,-0.6%,1.045,+4.5%,1.261,+20.7%,31.36,24.9,+36.8%,-20.2%,-17.9%,+7.5%
GLBE,Extended,Internet,Consumer Discretionary,Consumer Discretionary Distrib,Adj,Dec,EPS,CY2027,,,,,,,,1.24,,1.44,+16.1%,1.88,+30.6%,1.377,-26.8%,1.382,+0.4%,1.35,-2.3%,1.435,+6.3%,1.652,+15.1%,31.36,19.0,+20.0%,-20.2%,-17.9%,+7.5%
GLBE,Extended,Internet,Consumer Discretionary,Consumer Discretionary Distrib,Adj,Dec,EPS,CY2028,,,,,,,,,,2.16,,2.53,+17.1%,2.105,-16.8%,2.065,-1.9%,1.985,-3.9%,2.025,+2.0%,2.137,+5.5%,31.36,14.7,+1.5%,-20.2%,-17.9%,+7.5%
DUOL,Extended,Internet,Consumer Discretionary,Consumer Services,Adj,Dec,EPS,CY2025,,,,,,,,3.039,,2.922,-3.8%,2.928,+0.2%,2.584,-11.7%,2.891,+11.9%,3.164,+9.4%,8.437,+166.7%,8.448,+0.1%,99.38,11.8,+226.9%,-43.4%,-44.5%,-66.1%
DUOL,Extended,Internet,Consumer Discretionary,Consumer Services,Adj,Dec,EPS,CY2026,,,,,,,,4.085,,4.166,+2.0%,4.387,+5.3%,3.981,-9.3%,4.925,+23.7%,5.104,+3.6%,4.671,-8.5%,3.362,-28.0%,99.38,29.6,-15.5%,-43.4%,-44.5%,-66.1%
DUOL,Extended,Internet,Consumer Discretionary,Consumer Services,Adj,Dec,EPS,CY2027,,,,,,,,4.785,,5.04,+5.3%,6.418,+27.3%,5.852,-8.8%,6.501,+11.1%,6.741,+3.7%,5.486,-18.6%,3.834,-30.1%,99.38,25.9,-34.5%,-43.4%,-44.5%,-66.1%
DUOL,Extended,Internet,Consumer Discretionary,Consumer Services,Adj,Dec,EPS,CY2028,,,,,,,,6.235,,6.43,+3.1%,8.54,+32.8%,8.367,-2.0%,7.285,-12.9%,7.44,+2.1%,7.084,-4.8%,3.935,-44.5%,99.38,25.3,-53.0%,-43.4%,-44.5%,-66.1%
INSP,Extended,Pharma / Med Devices,Health Care,Health Care Equipment & Servic,Adj,Dec,EPS,CY2025,,,,,,,,0.892,,1.289,+44.5%,1.981,+53.7%,2.154,+8.7%,2.251,+4.5%,0.755,-66.5%,1.434,+89.9%,1.492,+4.0%,54.14,36.3,-30.7%,-41.3%,-44.3%,-61.9%
INSP,Extended,Pharma / Med Devices,Health Care,Health Care Equipment & Servic,Adj,Dec,EPS,CY2026,,,,,,,,2.249,,2.424,+7.8%,3.037,+25.3%,3.161,+4.1%,3.184,+0.7%,1.613,-49.3%,1.751,+8.6%,1.889,+7.9%,54.14,28.7,-40.2%,-41.3%,-44.3%,-61.9%
INSP,Extended,Pharma / Med Devices,Health Care,Health Care Equipment & Servic,Adj,Dec,EPS,CY2027,,,,,,,,2.989,,3.343,+11.8%,3.937,+17.8%,4.309,+9.4%,4.243,-1.5%,2.697,-36.4%,2.525,-6.4%,2.481,-1.7%,54.14,21.8,-42.4%,-41.3%,-44.3%,-61.9%
INSP,Extended,Pharma / Med Devices,Health Care,Health Care Equipment & Servic,Adj,Dec,EPS,CY2028,,,,,,,,3.833,,4.34,+13.2%,5.23,+20.5%,5.329,+1.9%,5.131,-3.7%,3.77,-26.5%,3.348,-11.2%,3.384,+1.1%,54.14,16.0,-36.5%,-41.3%,-44.3%,-61.9%
GDRX,Extended,Healthcare providers,Health Care,Health Care Equipment & Servic,Adj,Dec,EPS,CY2025,,,,,,,,0.423,,0.402,-5.0%,0.384,-4.5%,0.399,+3.9%,0.387,-3.0%,0.373,-3.6%,0.361,-3.2%,0.361,+0.0%,2.07,5.7,-9.5%,-23.6%,-28.6%,-49.8%
GDRX,Extended,Healthcare providers,Health Care,Health Care Equipment & Servic,Adj,Dec,EPS,CY2026,,,,,,,,0.553,,0.523,-5.4%,0.476,-9.0%,0.473,-0.6%,0.457,-3.4%,0.451,-1.3%,0.433,-4.0%,0.315,-27.3%,2.07,6.6,-33.4%,-23.6%,-28.6%,-49.8%
GDRX,Extended,Healthcare providers,Health Care,Health Care Equipment & Servic,Adj,Dec,EPS,CY2027,,,,,,,,0.683,,0.648,-5.1%,0.544,-16.0%,0.533,-2.0%,0.514,-3.6%,0.516,+0.4%,0.511,-1.0%,0.366,-28.4%,2.07,5.7,-31.3%,-23.6%,-28.6%,-49.8%
GDRX,Extended,Healthcare providers,Health Care,Health Care Equipment & Servic,Adj,Dec,EPS,CY2028,,,,,,,,1.015,,0.935,-7.9%,0.667,-28.7%,0.65,-2.5%,0.6,-7.7%,0.63,+5.0%,0.531,-15.7%,0.44,-17.1%,2.07,4.7,-32.3%,-23.6%,-28.6%,-49.8%
OSCR,Extended,Managed Care,Financials,Insurance,Adj,Dec,EPS,CY2025,,,,,,,,0.546,,0.604,+10.6%,0.753,+24.7%,0.728,-3.3%,0.714,-1.9%,-1.338,-287.4%,-1.136,+15.1%,-1.214,-6.9%,12.76,-10.5,-266.8%,-11.2%,-22.8%,-1.8%
OSCR,Extended,Managed Care,Financials,Insurance,Adj,Dec,EPS,CY2026,,,,,,,,1.252,,1.31,+4.6%,1.123,-14.3%,1.004,-10.6%,0.883,-12.1%,-0.345,-139.1%,-0.094,+72.8%,0.526,+659.6%,12.76,24.3,-47.6%,-11.2%,-22.8%,-1.8%
OSCR,Extended,Managed Care,Financials,Insurance,Adj,Dec,EPS,CY2027,,,,,,,,2.4,,2.115,-11.9%,1.652,-21.9%,1.783,+7.9%,1.667,-6.5%,1.013,-39.2%,0.99,-2.3%,1.192,+20.4%,12.76,10.7,-33.1%,-11.2%,-22.8%,-1.8%
OSCR,Extended,Managed Care,Financials,Insurance,Adj,Dec,EPS,CY2028,,,,,,,,,,,,,,,,,,1.68,,1.29,-23.2%,2.01,+55.8%,12.76,6.3,,-11.2%,-22.8%,-1.8%
FSLR,Extended,Energy,Information Technology,Semiconductors & Semiconductor,Adj,Dec,EPS,CY2025,,,,,,,,21.454,,21.527,+0.3%,20.654,-4.1%,18.328,-11.3%,14.996,-18.2%,15.283,+1.9%,14.546,-4.8%,14.547,+0.0%,195.57,13.4,-20.6%,-25.1%,-27.2%,+52.0%
FSLR,Extended,Energy,Information Technology,Semiconductors & Semiconductor,Adj,Dec,EPS,CY2026,,,,,,,,29.587,,29.411,-0.6%,28.926,-1.6%,26.326,-9.0%,22.552,-14.3%,23.008,+2.0%,22.857,-0.7%,18.011,-21.2%,195.57,10.9,-31.6%,-25.1%,-27.2%,+52.0%
FSLR,Extended,Energy,Information Technology,Semiconductors & Semiconductor,Adj,Dec,EPS,CY2027,,,,,,,,29.896,,32.308,+8.1%,31.996,-1.0%,29.644,-7.4%,26.571,-10.4%,27.773,+4.5%,28.994,+4.4%,24.144,-16.7%,195.57,8.1,-18.6%,-25.1%,-27.2%,+52.0%
FSLR,Extended,Energy,Information Technology,Semiconductors & Semiconductor,Adj,Dec,EPS,CY2028,,,,,,,,31.58,,32.733,+3.7%,32.617,-0.4%,30.973,-5.0%,29.236,-5.6%,30.0,+2.6%,32.663,+8.9%,29.264,-10.4%,195.57,6.7,-5.5%,-25.1%,-27.2%,+52.0%
ENPH,Extended,Energy,Information Technology,Semiconductors & Semiconductor,Adj,Dec,EPS,CY2025,,,,,,,,4.73,,4.66,-1.5%,3.697,-20.7%,3.29,-11.0%,2.472,-24.9%,2.678,+8.3%,2.814,+5.1%,2.809,-0.2%,33.64,12.0,-14.6%,+5.0%,-3.2%,-41.3%
ENPH,Extended,Energy,Information Technology,Semiconductors & Semiconductor,Adj,Dec,EPS,CY2026,,,,,,,,6.107,,5.742,-6.0%,4.682,-18.5%,4.084,-12.8%,2.956,-27.6%,2.553,-13.6%,2.09,-18.1%,2.243,+7.3%,33.64,15.0,-45.1%,+5.0%,-3.2%,-41.3%
ENPH,Extended,Energy,Information Technology,Semiconductors & Semiconductor,Adj,Dec,EPS,CY2027,,,,,,,,7.607,,7.454,-2.0%,5.879,-21.1%,4.682,-20.4%,3.312,-29.3%,2.846,-14.1%,2.5,-12.2%,2.737,+9.5%,33.64,12.3,-41.5%,+5.0%,-3.2%,-41.3%
ENPH,Extended,Energy,Information Technology,Semiconductors & Semiconductor,Adj,Dec,EPS,CY2028,,,,,,,,9.576,,8.407,-12.2%,6.635,-21.1%,5.158,-22.3%,3.507,-32.0%,3.227,-8.0%,2.981,-7.6%,3.263,+9.5%,33.64,10.3,-36.7%,+5.0%,-3.2%,-41.3%
RUN,Extended,Energy,Industrials,Capital Goods,Adj,Dec,EPS,CY2025,,,,,,,,-1.355,,-0.559,+58.7%,-0.649,-16.1%,-0.506,+22.0%,-0.076,+85.0%,1.499,+2072.4%,1.436,-4.2%,1.489,+3.7%,13.23,8.9,+394.3%,-28.1%,-27.7%,+89.3%
RUN,Extended,Energy,Industrials,Capital Goods,Adj,Dec,EPS,CY2026,,,,,,,,-0.914,,-0.151,+83.5%,-0.491,-225.2%,-0.376,+23.4%,0.088,+123.4%,1.007,+1044.3%,0.398,-60.5%,0.599,+50.5%,13.23,22.1,+259.3%,-28.1%,-27.7%,+89.3%
RUN,Extended,Energy,Industrials,Capital Goods,Adj,Dec,EPS,CY2027,,,,,,,,-0.919,,-0.862,+6.2%,-0.886,-2.8%,-0.719,+18.8%,0.2,+127.8%,1.176,+488.0%,0.443,-62.3%,0.789,+78.1%,13.23,16.8,+209.7%,-28.1%,-27.7%,+89.3%
RUN,Extended,Energy,Industrials,Capital Goods,Adj,Dec,EPS,CY2028,,,,,,,,-0.412,,-0.565,-37.1%,-0.702,-24.2%,-0.209,+70.2%,1.104,+628.2%,1.382,+25.2%,1.231,-10.9%,0.92,-25.3%,13.23,14.4,+540.2%,-28.1%,-27.7%,+89.3%
PLUG,Extended,Energy,Industrials,Capital Goods,Adj,Dec,EPS,CY2025,,,,,,,,-0.577,,-0.548,+5.0%,-0.605,-10.4%,-0.611,-1.0%,-0.583,+4.6%,-0.591,-1.4%,-0.735,-24.4%,-0.733,+0.3%,2.69,-3.7,-20.0%,+36.5%,+12.6%,+120.5%
PLUG,Extended,Energy,Industrials,Capital Goods,Adj,Dec,EPS,CY2026,,,,,,,,-0.319,,-0.351,-10.0%,-0.412,-17.4%,-0.416,-1.0%,-0.368,+11.5%,-0.327,+11.1%,-0.307,+6.1%,-0.31,-1.0%,2.69,-8.7,+25.5%,+36.5%,+12.6%,+120.5%
PLUG,Extended,Energy,Industrials,Capital Goods,Adj,Dec,EPS,CY2027,,,,,,,,0.059,,-0.033,-155.9%,-0.224,-578.8%,-0.273,-21.9%,-0.267,+2.2%,-0.246,+7.9%,-0.211,+14.2%,-0.205,+2.8%,2.69,-13.1,+24.9%,+36.5%,+12.6%,+120.5%
PLUG,Extended,Energy,Industrials,Capital Goods,Adj,Dec,EPS,CY2028,,,,,,,,0.175,,0.111,-36.6%,-0.082,-173.9%,-0.173,-111.0%,-0.252,-45.7%,-0.189,+25.0%,-0.113,+40.2%,-0.121,-7.1%,2.69,-22.2,+30.1%,+36.5%,+12.6%,+120.5%
GFS,Extended,Technology,Information Technology,Semiconductors & Semiconductor,Adj,Dec,EPS,CY2025,,,,,,,,2.08,,1.805,-13.2%,1.785,-1.1%,1.674,-6.2%,1.601,-4.4%,1.599,-0.1%,1.638,+2.4%,1.636,-0.1%,43.61,26.7,-2.3%,+24.9%,+10.7%,+38.3%
GFS,Extended,Technology,Information Technology,Semiconductors & Semiconductor,Adj,Dec,EPS,CY2026,,,,,,,,2.897,,2.702,-6.7%,2.446,-9.5%,2.396,-2.0%,2.206,-7.9%,2.005,-9.1%,1.898,-5.3%,1.814,-4.4%,43.61,24.0,-24.3%,+24.9%,+10.7%,+38.3%
GFS,Extended,Technology,Information Technology,Semiconductors & Semiconductor,Adj,Dec,EPS,CY2027,,,,,,,,3.343,,19.134,+472.4%,3.11,-83.7%,3.105,-0.2%,2.739,-11.8%,2.587,-5.5%,2.32,-10.3%,2.348,+1.2%,43.61,18.6,-24.4%,+24.9%,+10.7%,+38.3%
GFS,Extended,Technology,Information Technology,Semiconductors & Semiconductor,Adj,Dec,EPS,CY2028,,,,,,,,4.29,,25.403,+492.1%,3.833,-84.9%,3.74,-2.4%,45.438,+1114.9%,45.413,-0.1%,30.678,-32.4%,3.016,-90.2%,43.61,14.5,-19.4%,+24.9%,+10.7%,+38.3%
2454,Extended,Technology,Information Technology,Semiconductors & Semiconductor,GAAP,Dec,EPS,CY2025,,,,,,,,70.703,,71.2,+0.7%,71.494,+0.4%,72.571,+1.5%,71.973,-0.8%,66.978,-6.9%,66.56,-0.6%,66.537,-0.0%,1465.0,22.0,-8.3%,+2.4%,-1.7%,+13.1%
2454,Extended,Technology,Information Technology,Semiconductors & Semiconductor,GAAP,Dec,EPS,CY2026,,,,,,,,85.085,,81.167,-4.6%,84.621,+4.3%,86.419,+2.1%,83.097,-3.8%,77.052,-7.3%,71.936,-6.6%,64.547,-10.3%,1465.0,22.7,-25.3%,+2.4%,-1.7%,+13.1%
2454,Extended,Technology,Information Technology,Semiconductors & Semiconductor,GAAP,Dec,EPS,CY2027,,,,,,,,85.16,,85.04,-0.1%,92.575,+8.9%,106.259,+14.8%,99.062,-6.8%,91.574,-7.6%,90.395,-1.3%,97.94,+8.3%,1465.0,15.0,-7.8%,+2.4%,-1.7%,+13.1%
2454,Extended,Technology,Information Technology,Semiconductors & Semiconductor,GAAP,Dec,EPS,CY2028,,,,,,,,94.27,,94.23,-0.0%,106.93,+13.5%,109.965,+2.8%,109.895,-0.1%,109.29,-0.6%,98.185,-10.2%,131.864,+34.3%,1465.0,11.1,+19.9%,+2.4%,-1.7%,+13.1%
AMG,Extended,Financials and related,Financials,Financial Services,Adj,Dec,EPS,CY2025,,,,,,,,24.65,,25.214,+2.3%,23.831,-5.5%,22.666,-4.9%,23.146,+2.1%,24.188,+4.5%,25.48,+5.3%,25.53,+0.2%,267.31,10.5,+12.6%,-7.3%,-13.9%,+79.6%
AMG,Extended,Financials and related,Financials,Financial Services,Adj,Dec,EPS,CY2026,,,,,,,,26.693,,28.68,+7.4%,26.908,-6.2%,25.396,-5.6%,26.141,+2.9%,28.135,+7.6%,30.014,+6.7%,33.649,+12.1%,267.31,7.9,+32.5%,-7.3%,-13.9%,+79.6%
AMG,Extended,Financials and related,Financials,Financial Services,Adj,Dec,EPS,CY2027,,,,,,,,24.34,,24.97,+2.6%,24.34,-2.5%,28.948,+18.9%,30.158,+4.2%,32.8,+8.8%,35.742,+9.0%,38.292,+7.1%,267.31,7.0,+32.3%,-7.3%,-13.9%,+79.6%
AMG,Extended,Financials and related,Financials,Financial Services,Adj,Dec,EPS,CY2028,,,,,,,,26.18,,27.5,+5.0%,26.18,-4.8%,,,33.07,+26.3%,32.96,-0.3%,39.095,+18.6%,43.25,+10.6%,267.31,6.2,,-7.3%,-13.9%,+79.6%
AB,Extended,Financials and related,Financials,Financial Services,Adj,Dec,EPS,CY2025,,,,,,,,3.434,,3.525,+2.6%,3.564,+1.1%,3.548,-0.4%,3.144,-11.4%,3.275,+4.2%,3.321,+1.4%,3.32,-0.0%,38.14,11.5,-6.4%,-0.9%,-3.7%,+5.4%
AB,Extended,Financials and related,Financials,Financial Services,Adj,Dec,EPS,CY2026,,,,,,,,3.57,,3.92,+9.8%,4.008,+2.2%,4.032,+0.6%,3.489,-13.5%,3.683,+5.6%,3.78,+2.6%,3.625,-4.1%,38.14,10.5,-10.1%,-0.9%,-3.7%,+5.4%
AB,Extended,Financials and related,Financials,Financial Services,Adj,Dec,EPS,CY2027,,,,,,,,3.68,,3.49,-5.2%,3.49,+0.0%,4.355,+24.8%,3.835,-11.9%,4.095,+6.8%,4.1,+0.1%,4.028,-1.8%,38.14,9.5,-7.5%,-0.9%,-3.7%,+5.4%
AB,Extended,Financials and related,Financials,Financial Services,Adj,Dec,EPS,CY2028,,,,,,,,3.93,,4.05,+3.1%,4.05,+0.0%,,,4.08,+0.7%,4.28,+4.9%,4.28,+0.0%,4.133,-3.4%,38.14,9.2,,-0.9%,-3.7%,+5.4%
BLK,Extended,Financials and related,Financials,Financial Services,Adj,Dec,EPS,CY2025,,,,,,,,46.591,,46.429,-0.3%,48.453,+4.4%,47.368,-2.2%,46.059,-2.8%,47.788,+3.8%,47.746,-0.1%,47.182,-1.2%,959.41,20.3,-0.4%,-10.4%,-13.7%,+16.6%
BLK,Extended,Financials and related,Financials,Financial Services,Adj,Dec,EPS,CY2026,,,,,,,,52.252,,52.322,+0.1%,54.712,+4.6%,53.856,-1.6%,51.541,-4.3%,52.241,+1.4%,53.759,+2.9%,54.188,+0.8%,959.41,17.7,+0.6%,-10.4%,-13.7%,+16.6%
BLK,Extended,Financials and related,Financials,Financial Services,Adj,Dec,EPS,CY2027,,,,,,,,54.19,,49.17,-9.3%,59.85,+21.7%,61.67,+3.0%,58.686,-4.8%,59.294,+1.0%,61.069,+3.0%,61.643,+0.9%,959.41,15.6,-0.0%,-10.4%,-13.7%,+16.6%
BLK,Extended,Financials and related,Financials,Financial Services,Adj,Dec,EPS,CY2028,,,,,,,,59.105,,54.92,-7.1%,65.06,+18.5%,,,66.07,+1.6%,62.97,-4.7%,67.357,+7.0%,70.048,+4.0%,959.41,13.7,,-10.4%,-13.7%,+16.6%
FHI,Extended,Financials and related,Financials,Financial Services,Adj,Dec,EPS,CY2025,,,,,,,,4.051,,4.058,+0.2%,4.17,+2.8%,4.118,-1.2%,4.336,+5.3%,4.607,+6.2%,4.93,+7.0%,4.942,+0.2%,57.54,11.6,+20.0%,+10.5%,+8.3%,+56.0%
FHI,Extended,Financials and related,Financials,Financial Services,Adj,Dec,EPS,CY2026,,,,,,,,4.423,,4.377,-1.0%,4.62,+5.6%,4.492,-2.8%,4.409,-1.8%,4.728,+7.2%,5.122,+8.3%,5.118,-0.1%,57.54,11.2,+13.9%,+10.5%,+8.3%,+56.0%
FHI,Extended,Financials and related,Financials,Financial Services,Adj,Dec,EPS,CY2027,,,,,,,,3.88,,3.68,-5.2%,5.01,+36.1%,4.91,-2.0%,4.907,-0.1%,5.32,+8.4%,5.698,+7.1%,5.747,+0.9%,57.54,10.0,+17.0%,+10.5%,+8.3%,+56.0%
FHI,Extended,Financials and related,Financials,Financial Services,Adj,Dec,EPS,CY2028,,,,,,,,4.1,,4.1,+0.0%,4.45,+8.5%,4.45,+0.0%,5.29,+18.9%,5.61,+6.0%,5.885,+4.9%,6.487,+10.2%,57.54,8.9,+45.8%,+10.5%,+8.3%,+56.0%
JHG,Extended,Financials and related,Financials,Financial Services,Adj,Dec,EPS,CY2025,,,,,,,,3.034,,3.354,+10.5%,3.649,+8.8%,3.675,+0.7%,3.342,-9.1%,3.668,+9.8%,3.973,+8.3%,4.015,+1.1%,51.46,12.8,+9.3%,+8.2%,+7.1%,+70.4%
JHG,Extended,Financials and related,Financials,Financial Services,Adj,Dec,EPS,CY2026,,,,,,,,3.115,,3.544,+13.8%,3.925,+10.8%,4.068,+3.6%,3.651,-10.3%,4.192,+14.8%,4.339,+3.5%,4.364,+0.6%,51.46,11.8,+7.3%,+8.2%,+7.1%,+70.4%
JHG,Extended,Financials and related,Financials,Financial Services,Adj,Dec,EPS,CY2027,,,,,,,,2.97,,3.22,+8.4%,3.76,+16.8%,4.366,+16.1%,3.903,-10.6%,4.378,+12.2%,4.673,+6.7%,4.72,+1.0%,51.46,10.9,+8.1%,+8.2%,+7.1%,+70.4%
JHG,Extended,Financials and related,Financials,Financial Services,Adj,Dec,EPS,CY2028,,,,,,,,3.13,,3.64,+16.3%,3.64,+0.0%,,,4.41,+21.2%,4.73,+7.3%,5.237,+10.7%,4.773,-8.9%,51.46,10.8,,+8.2%,+7.1%,+70.4%
IVZ,Extended,Financials and related,Financials,Financial Services,Adj,Dec,EPS,CY2025,,,,,,,,1.853,,1.809,-2.4%,1.893,+4.6%,1.851,-2.2%,1.684,-9.0%,1.792,+6.4%,1.971,+10.0%,1.993,+1.1%,22.88,11.5,+7.7%,-12.9%,-19.0%,+78.6%
IVZ,Extended,Financials and related,Financials,Financial Services,Adj,Dec,EPS,CY2026,,,,,,,,1.973,,2.005,+1.6%,2.109,+5.2%,2.054,-2.6%,1.825,-11.1%,2.261,+23.9%,2.536,+12.2%,2.65,+4.5%,22.88,8.6,+29.0%,-12.9%,-19.0%,+78.6%
IVZ,Extended,Financials and related,Financials,Financial Services,Adj,Dec,EPS,CY2027,,,,,,,,1.83,,1.79,-2.2%,2.307,+28.9%,2.406,+4.3%,2.174,-9.6%,2.562,+17.8%,2.92,+14.0%,3.009,+3.0%,22.88,7.6,+25.1%,-12.9%,-19.0%,+78.6%
IVZ,Extended,Financials and related,Financials,Financial Services,Adj,Dec,EPS,CY2028,,,,,,,,1.98,,2.02,+2.0%,2.01,-0.5%,,,2.22,+10.4%,2.38,+7.2%,3.297,+38.5%,3.325,+0.8%,22.88,6.9,,-12.9%,-19.0%,+78.6%
IR,Extended,Industrial / Cyclical,Industrials,Capital Goods,Adj,Dec,EPS,CY2025,,,,,,,,3.585,,3.602,+0.5%,3.539,-1.7%,3.432,-3.0%,3.341,-2.7%,3.381,+1.2%,3.284,-2.9%,3.28,-0.1%,78.7,24.0,-4.4%,-0.7%,-5.7%,+12.9%
IR,Extended,Industrial / Cyclical,Industrials,Capital Goods,Adj,Dec,EPS,CY2026,,,,,,,,3.935,,3.942,+0.2%,3.894,-1.2%,3.769,-3.2%,3.665,-2.8%,3.703,+1.0%,3.548,-4.2%,3.529,-0.5%,78.7,22.3,-6.4%,-0.7%,-5.7%,+12.9%
IR,Extended,Industrial / Cyclical,Industrials,Capital Goods,Adj,Dec,EPS,CY2027,,,,,,,,4.328,,4.377,+1.1%,4.313,-1.5%,4.12,-4.5%,4.008,-2.7%,4.04,+0.8%,3.923,-2.9%,3.891,-0.8%,78.7,20.2,-5.6%,-0.7%,-5.7%,+12.9%
IR,Extended,Industrial / Cyclical,Industrials,Capital Goods,Adj,Dec,EPS,CY2028,,,,,,,,4.803,,4.768,-0.7%,4.81,+0.9%,4.609,-4.2%,4.447,-3.5%,4.474,+0.6%,4.377,-2.2%,4.286,-2.1%,78.7,18.4,-7.0%,-0.7%,-5.7%,+12.9%
HCA,Portfolio,,Health Care,Health Care Equipment & Servic,,Dec,Revenue,CY2025,70811.5,71365.111,+0.8%,71301.556,-0.1%,72666.474,+1.9%,73451.857,+1.1%,74624.1,+1.6%,74769.619,+0.2%,74627.261,-0.2%,74701.375,+0.1%,75043.565,+0.5%,75753.348,+0.9%,75765.818,+0.0%,483.92,,+1.5%,+3.7%,+0.1%,+45.9%
HCA,Portfolio,,Health Care,Health Care Equipment & Servic,,Dec,Revenue,CY2026,76096.6,77116.6,+1.3%,76208.5,-1.2%,76273.917,+0.1%,77098.067,+1.1%,78370.4,+1.7%,78659.167,+0.4%,78480.952,-0.2%,78479.0,-0.0%,78267.458,-0.3%,79114.696,+1.1%,78663.125,-0.6%,483.92,,+0.2%,+3.7%,+0.1%,+45.9%
HCA,Portfolio,,Health Care,Health Care Equipment & Servic,,Dec,Revenue,CY2027,80687.0,82235.0,+1.9%,80743.5,-1.8%,81320.25,+0.7%,80866.333,-0.6%,84913.5,+5.0%,84310.0,-0.7%,82660.077,-2.0%,82542.0,-0.1%,82405.389,-0.2%,83128.05,+0.9%,82444.522,-0.8%,483.92,,-0.3%,+3.7%,+0.1%,+45.9%
HCA,Portfolio,,Health Care,Health Care Equipment & Servic,,Dec,Revenue,CY2028,,83441.0,,83463.0,+0.0%,85372.0,+2.3%,85958.5,+0.7%,89866.5,+4.5%,89003.5,-1.0%,89529.667,+0.6%,88487.667,-1.2%,88332.25,-0.2%,88114.5,-0.2%,87063.5,-1.2%,483.92,,-2.8%,+3.7%,+0.1%,+45.9%
UNH,Portfolio,,Health Care,Health Care Equipment & Servic,,Dec,Revenue,CY2025,422025.267,423610.353,+0.4%,430483.556,+1.6%,432930.333,+0.6%,429759.545,-0.7%,432049.95,+0.5%,438346.524,+1.5%,452598.13,+3.3%,449120.286,-0.8%,447895.318,-0.3%,447636.261,-0.1%,448006.833,+0.1%,281.36,,-1.0%,-14.8%,-19.4%,-46.4%
UNH,Portfolio,,Health Care,Health Care Equipment & Servic,,Dec,Revenue,CY2026,460430.143,456344.429,-0.9%,464323.667,+1.7%,467704.4,+0.7%,463061.889,-1.0%,466169.611,+0.7%,474001.737,+1.7%,489841.0,+3.3%,476990.952,-2.6%,466338.318,-2.2%,455041.304,-2.4%,440609.0,-3.2%,281.36,,-10.1%,-14.8%,-19.4%,-46.4%
UNH,Portfolio,,Health Care,Health Care Equipment & Servic,,Dec,Revenue,CY2027,493213.0,498525.0,+1.1%,499549.667,+0.2%,509621.2,+2.0%,502041.5,-1.5%,507492.667,+1.1%,516920.6,+1.9%,529299.154,+2.4%,508006.429,-4.0%,491380.526,-3.3%,478909.045,-2.5%,455302.565,-4.9%,281.36,,-14.0%,-14.8%,-19.4%,-46.4%
UNH,Portfolio,,Health Care,Health Care Equipment & Servic,,Dec,Revenue,CY2028,,,,524113.0,,539278.5,+2.9%,549128.5,+1.8%,553034.25,+0.7%,570090.0,+3.1%,582517.167,+2.2%,541851.25,-7.0%,516545.0,-4.7%,508370.3,-1.6%,482166.563,-5.2%,281.36,,-17.2%,-14.8%,-19.4%,-46.4%
TSM,Portfolio,,Information Technology,Semiconductors & Semiconductor,,Dec,Revenue,CY2025,98986.192,94217.857,-4.8%,98783.182,+4.8%,100032.716,+1.3%,102655.787,+2.6%,110058.783,+7.2%,110424.101,+0.3%,111101.196,+0.6%,126144.929,+13.5%,121007.154,-4.1%,120398.026,-0.5%,119941.697,-0.4%,341.76,,+8.0%,+12.5%,+4.4%,+132.8%
TSM,Portfolio,,Information Technology,Semiconductors & Semiconductor,,Dec,Revenue,CY2026,107271.335,102455.177,-4.5%,110357.048,+7.7%,113940.636,+3.2%,118442.087,+4.0%,128151.857,+8.2%,129953.346,+1.4%,132267.864,+1.8%,146997.957,+11.1%,141299.405,-3.9%,147693.373,+4.5%,156901.506,+6.2%,341.76,,+18.6%,+12.5%,+4.4%,+132.8%
TSM,Portfolio,,Information Technology,Semiconductors & Semiconductor,,Dec,Revenue,CY2027,116810.606,111906.106,-4.2%,120170.371,+7.4%,122482.548,+1.9%,127428.684,+4.0%,136517.929,+7.1%,139334.399,+2.1%,153670.706,+10.3%,171960.843,+11.9%,169669.89,-1.3%,177760.708,+4.8%,194776.071,+9.6%,341.76,,+26.7%,+12.5%,+4.4%,+132.8%
TSM,Portfolio,,Information Technology,Semiconductors & Semiconductor,,Dec,Revenue,CY2028,131356.836,127373.037,-3.0%,138060.519,+8.4%,137888.903,-0.1%,146753.055,+6.4%,158958.976,+8.3%,163127.671,+2.6%,168412.917,+3.2%,190902.592,+13.4%,193462.475,+1.3%,197070.124,+1.9%,231526.202,+17.5%,341.76,,+37.5%,+12.5%,+4.4%,+132.8%
AVGO,Portfolio,,Information Technology,Semiconductors & Semiconductor,,Oct,Revenue,CY2025,40188.231,42763.05,+6.4%,55153.04,+29.0%,56827.367,+3.0%,59991.629,+5.6%,60720.61,+1.2%,61074.333,+0.6%,62469.897,+2.3%,62754.977,+0.5%,63353.415,+1.0%,63377.959,+0.0%,,,314.43,,+3.8%,-9.2%,-8.5%,+114.9%
AVGO,Portfolio,,Information Technology,Semiconductors & Semiconductor,,Oct,Revenue,CY2026,,44279.333,,59210.909,+33.7%,63053.167,+6.5%,65755.056,+4.3%,67990.593,+3.4%,70833.139,+4.2%,72908.946,+2.9%,76230.205,+4.6%,85876.884,+12.7%,95423.208,+11.1%,103779.756,+8.8%,314.43,,+42.3%,-9.2%,-8.5%,+114.9%
AVGO,Portfolio,,Information Technology,Semiconductors & Semiconductor,,Oct,Revenue,CY2027,,44989.0,,64858.5,+44.2%,60602.333,-6.6%,68170.0,+12.5%,74478.429,+9.3%,80708.235,+8.4%,82202.294,+1.9%,85701.5,+4.3%,106941.1,+24.8%,131942.116,+23.4%,157222.311,+19.2%,314.43,,+91.3%,-9.2%,-8.5%,+114.9%
AVGO,Portfolio,,Information Technology,Semiconductors & Semiconductor,,Oct,Revenue,CY2028,,,,68836.5,,73917.0,+7.4%,84838.0,+14.8%,82267.5,-3.0%,106864.0,+29.9%,110972.0,+3.8%,112023.0,+0.9%,108688.833,-3.0%,154852.889,+42.5%,191523.96,+23.7%,314.43,,+72.6%,-9.2%,-8.5%,+114.9%
NVDA,Portfolio,,Information Technology,Semiconductors & Semiconductor,,Jan,Revenue,CY2025,63566.455,92597.462,+45.7%,108457.05,+17.1%,133152.673,+22.8%,163420.368,+22.7%,181442.207,+11.0%,198171.879,+9.2%,203724.098,+2.8%,200644.4,-1.5%,206586.646,+3.0%,213440.766,+3.3%,213762.537,+0.2%,177.64,,+4.9%,-4.8%,-5.1%,+88.4%
NVDA,Portfolio,,Information Technology,Semiconductors & Semiconductor,,Jan,Revenue,CY2026,81449.4,105605.455,+29.7%,118043.8,+11.8%,150966.857,+27.9%,187678.513,+24.3%,216286.636,+15.2%,239830.261,+10.9%,247973.35,+3.4%,250896.098,+1.2%,276523.508,+10.2%,327048.015,+18.3%,365619.646,+11.8%,177.64,,+47.4%,-4.8%,-5.1%,+88.4%
NVDA,Portfolio,,Information Technology,Semiconductors & Semiconductor,,Jan,Revenue,CY2027,99130.75,123803.2,+24.9%,132369.889,+6.9%,184191.667,+39.1%,223534.636,+21.4%,260985.143,+16.8%,281686.667,+7.9%,278012.294,-1.3%,283881.676,+2.1%,321840.171,+13.4%,418487.96,+30.0%,478727.905,+14.4%,177.64,,+72.2%,-4.8%,-5.1%,+88.4%
NVDA,Portfolio,,Information Technology,Semiconductors & Semiconductor,,Jan,Revenue,CY2028,93173.6,121138.2,+30.0%,140133.6,+15.7%,194981.143,+39.1%,248480.5,+27.4%,307255.667,+23.7%,328692.143,+7.0%,295322.333,-10.2%,312229.8,+5.7%,354899.0,+13.7%,531606.714,+49.8%,572555.0,+7.7%,177.64,,+93.9%,-4.8%,-5.1%,+88.4%
META,Portfolio,,Communication Services,Media & Entertainment,,Dec,Revenue,CY2025,155483.585,166399.667,+7.0%,169072.653,+1.6%,177792.414,+5.2%,179417.667,+0.9%,183936.794,+2.5%,186919.565,+1.6%,188583.265,+0.9%,187633.338,-0.5%,195997.014,+4.5%,199362.971,+1.7%,199441.536,+0.0%,573.02,,+5.8%,-13.2%,-13.3%,+13.5%
META,Portfolio,,Communication Services,Media & Entertainment,,Dec,Revenue,CY2026,169040.211,180321.55,+6.7%,183173.55,+1.6%,199824.583,+9.1%,200635.683,+0.4%,207704.091,+3.5%,210976.138,+1.6%,214447.954,+1.6%,212829.8,-0.8%,227665.074,+7.0%,235418.697,+3.4%,250401.03,+6.4%,573.02,,+16.8%,-13.2%,-13.3%,+13.5%
META,Portfolio,,Communication Services,Media & Entertainment,,Dec,Revenue,CY2027,183545.0,196602.563,+7.1%,197489.867,+0.5%,218916.222,+10.8%,221753.056,+1.3%,230708.1,+4.0%,235455.52,+2.1%,241740.191,+2.7%,239767.596,-0.8%,261997.167,+9.3%,272486.83,+4.0%,296844.0,+8.9%,573.02,,+22.8%,-13.2%,-13.3%,+13.5%
META,Portfolio,,Communication Services,Media & Entertainment,,Dec,Revenue,CY2028,197508.455,211889.462,+7.3%,213070.692,+0.6%,234342.5,+10.0%,235870.538,+0.7%,251444.214,+6.6%,257372.5,+2.4%,265416.913,+3.1%,268444.542,+1.1%,298087.6,+11.0%,309361.92,+3.8%,345201.4,+11.6%,573.02,,+30.1%,-13.2%,-13.3%,+13.5%
AMZN,Portfolio,,Consumer Discretionary,Consumer Discretionary Distrib,,Dec,Revenue,CY2025,706247.634,718710.838,+1.8%,713257.067,-0.8%,717573.719,+0.6%,711355.381,-0.9%,704511.692,-1.0%,707006.743,+0.4%,699465.87,-1.1%,694760.725,-0.7%,708719.0,+2.0%,714553.716,+0.8%,714794.275,+0.0%,212.79,,+2.2%,-7.8%,-11.7%,+24.4%
AMZN,Portfolio,,Consumer Discretionary,Consumer Discretionary Distrib,,Dec,Revenue,CY2026,812081.714,809694.15,-0.3%,798950.13,-1.3%,802977.853,+0.5%,790092.977,-1.6%,781812.372,-1.0%,782381.948,+0.1%,771872.382,-1.3%,762409.941,-1.2%,782248.446,+2.6%,795312.708,+1.7%,806344.523,+1.4%,212.79,,+4.5%,-7.8%,-11.7%,+24.4%
AMZN,Portfolio,,Consumer Discretionary,Consumer Discretionary Distrib,,Dec,Revenue,CY2027,914778.412,911978.125,-0.3%,895236.789,-1.8%,883628.81,-1.3%,870746.231,-1.5%,861466.92,-1.1%,856507.0,-0.6%,848924.556,-0.9%,839284.405,-1.1%,865898.61,+3.2%,884927.563,+2.2%,901652.714,+1.9%,212.79,,+6.2%,-7.8%,-11.7%,+24.4%
AMZN,Portfolio,,Consumer Discretionary,Consumer Discretionary Distrib,,Dec,Revenue,CY2028,1034575.214,1018186.846,-1.6%,1000503.125,-1.7%,985796.941,-1.5%,959880.556,-2.6%,948759.053,-1.2%,938410.222,-1.1%,925469.905,-1.4%,912453.55,-1.4%,950273.9,+4.1%,977551.286,+2.9%,1009716.27,+3.3%,212.79,,+9.1%,-7.8%,-11.7%,+24.4%
JPM,Portfolio,,Financials,Banks,,Dec,Revenue,CY2025,151698.25,155315.667,+2.4%,160342.4,+3.2%,164096.2,+2.3%,169518.091,+3.3%,170626.917,+0.7%,171622.1,+0.6%,177042.667,+3.2%,177342.0,+0.2%,181817.364,+2.5%,184325.786,+1.4%,184149.563,-0.1%,295.45,,+4.0%,-8.3%,-11.7%,+40.5%
JPM,Portfolio,,Financials,Banks,,Dec,Revenue,CY2026,152560.0,152034.0,-0.3%,160803.5,+5.8%,172354.333,+7.2%,173021.0,+0.4%,178064.875,+2.9%,179332.444,+0.7%,182666.636,+1.9%,181907.455,-0.4%,187328.636,+3.0%,191995.571,+2.5%,195876.0,+2.0%,295.45,,+7.2%,-8.3%,-11.7%,+40.5%
JPM,Portfolio,,Financials,Banks,,Dec,Revenue,CY2027,155566.5,155970.0,+0.3%,165020.5,+5.8%,178414.0,+8.1%,170313.0,-4.5%,164726.0,-3.3%,185992.0,+12.9%,190548.75,+2.4%,188287.6,-1.2%,194476.333,+3.3%,200152.917,+2.9%,204986.0,+2.4%,295.45,,+7.6%,-8.3%,-11.7%,+40.5%
JPM,Portfolio,,Financials,Banks,,Dec,Revenue,CY2028,161791.0,,,163116.0,+0.8%,184764.0,+13.3%,186007.0,+0.7%,170401.0,-8.4%,,,,,,,,,211951.0,+24.4%,214246.0,+1.1%,295.45,,,-8.3%,-11.7%,+40.5%
APO,Portfolio,,Financials,Financial Services,,Dec,Revenue,CY2025,16007.667,13865.75,-13.4%,17645.333,+27.3%,16090.833,-8.8%,18223.333,+13.3%,18252.6,+0.2%,18930.0,+3.7%,17551.6,-7.3%,18843.333,+7.4%,15809.25,-16.1%,19476.143,+23.2%,19560.714,+0.4%,106.11,,+11.4%,-26.7%,-30.5%,-2.4%
APO,Portfolio,,Financials,Financial Services,,Dec,Revenue,CY2026,,,,,,21812.0,,21357.667,-2.1%,20823.75,-2.5%,21972.25,+5.5%,17117.167,-22.1%,21520.833,+25.7%,20309.833,-5.6%,20308.5,-0.0%,23139.667,+13.9%,106.11,,+35.2%,-26.7%,-30.5%,-2.4%
APO,Portfolio,,Financials,Financial Services,,Dec,Revenue,CY2027,,,,,,,,,,,,29205.0,,24464.333,-16.2%,25447.5,+4.0%,29068.667,+14.2%,25862.143,-11.0%,26689.667,+3.2%,106.11,,+9.1%,-26.7%,-30.5%,-2.4%
APO,Portfolio,,Financials,Financial Services,,Dec,Revenue,CY2028,,,,,,,,,,,,,,,,,,,,28846.0,,30565.5,+6.0%,106.11,,,-26.7%,-30.5%,-2.4%
PGR,Portfolio,,Financials,Insurance,,Dec,Revenue,CY2025,74630.8,75191.167,+0.8%,78202.071,+4.0%,80684.813,+3.2%,84058.75,+4.2%,86751.706,+3.2%,88123.765,+1.6%,87618.263,-0.6%,87261.133,-0.4%,87256.778,-0.0%,86845.55,-0.5%,86689.5,-0.2%,196.38,,-1.1%,-8.3%,-7.5%,-19.0%
PGR,Portfolio,,Financials,Insurance,,Dec,Revenue,CY2026,80863.0,80860.5,-0.0%,81218.667,+0.4%,86725.0,+6.8%,91747.333,+5.8%,96009.583,+4.6%,97622.125,+1.7%,97158.278,-0.5%,96582.857,-0.6%,94853.45,-1.8%,93295.158,-1.6%,91715.556,-1.7%,196.38,,-5.6%,-8.3%,-7.5%,-19.0%
PGR,Portfolio,,Financials,Insurance,,Dec,Revenue,CY2027,88171.0,88170.5,-0.0%,88724.0,+0.6%,91185.0,+2.8%,97084.0,+6.5%,99036.5,+2.0%,100929.667,+1.9%,105857.727,+4.9%,105070.1,-0.7%,102250.313,-2.7%,100495.111,-1.7%,97705.278,-2.8%,196.38,,-7.7%,-8.3%,-7.5%,-19.0%
PGR,Portfolio,,Financials,Insurance,,Dec,Revenue,CY2028,,,,,,111264.0,,105653.5,-5.0%,108011.0,+2.2%,109733.5,+1.6%,112676.0,+2.7%,110134.333,-2.3%,108406.667,-1.6%,102859.25,-5.1%,101774.9,-1.1%,196.38,,-9.7%,-8.3%,-7.5%,-19.0%
CVNA,Portfolio,,Consumer Discretionary,Consumer Discretionary Distrib,,Dec,Revenue,CY2025,14615.762,16239.909,+11.1%,14014.947,-13.7%,12763.857,-8.9%,14165.364,+11.0%,15169.682,+7.1%,15749.429,+3.8%,16669.476,+5.8%,17798.4,+6.8%,18990.478,+6.7%,19920.962,+4.9%,19984.231,+0.3%,316.85,,+19.9%,-24.9%,-28.1%,+94.9%
CVNA,Portfolio,,Consumer Discretionary,Consumer Discretionary Distrib,,Dec,Revenue,CY2026,18342.545,20158.0,+9.9%,15976.8,-20.7%,15236.0,-4.6%,16733.875,+9.8%,17988.0,+7.5%,19116.133,+6.3%,19742.952,+3.3%,21761.0,+10.2%,23723.955,+9.0%,25346.6,+6.8%,26802.2,+5.7%,316.85,,+35.8%,-24.9%,-28.1%,+94.9%
CVNA,Portfolio,,Consumer Discretionary,Consumer Discretionary Distrib,,Dec,Revenue,CY2027,22718.7,25009.833,+10.1%,20709.625,-17.2%,18297.667,-11.6%,20279.75,+10.8%,22215.375,+9.5%,24822.875,+11.7%,23717.5,-4.5%,26312.643,+10.9%,29942.063,+13.8%,31213.6,+4.2%,33017.957,+5.8%,316.85,,+39.2%,-24.9%,-28.1%,+94.9%
CVNA,Portfolio,,Consumer Discretionary,Consumer Discretionary Distrib,,Dec,Revenue,CY2028,26645.333,28660.091,+7.6%,24500.8,-14.5%,21711.625,-11.4%,23433.571,+7.9%,25808.714,+10.1%,29046.833,+12.5%,27384.0,-5.7%,32489.143,+18.6%,37349.111,+15.0%,38003.385,+1.8%,40898.0,+7.6%,316.85,,+49.3%,-24.9%,-28.1%,+94.9%
APP,Portfolio,,Information Technology,Software & Services,,Dec,Revenue,CY2025,3523.067,3767.5,+6.9%,4254.25,+12.9%,4501.222,+5.8%,4921.833,+9.3%,5106.727,+3.8%,5631.077,+10.3%,5713.5,+1.5%,5602.538,-1.9%,5641.0,+0.7%,5683.219,+0.7%,5677.333,-0.1%,412.68,,-0.6%,-38.8%,-33.1%,+88.1%
APP,Portfolio,,Information Technology,Software & Services,,Dec,Revenue,CY2026,3626.4,3786.5,+4.4%,5524.0,+45.9%,4879.1,-11.7%,5562.364,+14.0%,5852.929,+5.2%,6771.571,+15.7%,6966.56,+2.9%,6813.458,-2.2%,7708.783,+13.1%,7792.677,+1.1%,8005.032,+2.7%,412.68,,+14.9%,-38.8%,-33.1%,+88.1%
APP,Portfolio,,Information Technology,Software & Services,,Dec,Revenue,CY2027,3940.0,3620.5,-8.1%,6232.0,+72.1%,4896.25,-21.4%,5998.667,+22.5%,6449.75,+7.5%,8020.714,+24.4%,8406.294,+4.8%,8519.176,+1.3%,9470.789,+11.2%,9921.708,+4.8%,10354.517,+4.4%,412.68,,+23.2%,-38.8%,-33.1%,+88.1%
APP,Portfolio,,Information Technology,Software & Services,,Dec,Revenue,CY2028,4110.0,3710.5,-9.7%,6796.0,+83.2%,5135.333,-24.4%,6463.667,+25.9%,6958.25,+7.7%,8842.6,+27.1%,10667.714,+20.6%,10473.125,-1.8%,12176.111,+16.3%,12641.091,+3.8%,12931.611,+2.3%,412.68,,+21.2%,-38.8%,-33.1%,+88.1%
VEEV,Portfolio,,Health Care,Health Care Equipment & Servic,,Jan,Revenue,CY2025,3236.5,3235.643,-0.0%,3134.737,-3.1%,3105.476,-0.9%,3043.957,-2.0%,3032.96,-0.4%,3057.0,+0.8%,3049.714,-0.2%,3098.929,+1.6%,3140.963,+1.4%,3169.536,+0.9%,3169.607,+0.0%,174.64,,+3.9%,-21.8%,-26.6%,-18.3%
VEEV,Portfolio,,Health Care,Health Care Equipment & Servic,,Jan,Revenue,CY2026,3717.333,3615.75,-2.7%,3497.75,-3.3%,3483.111,-0.4%,3412.909,-2.0%,3401.5,-0.3%,3446.917,+1.3%,3422.192,-0.7%,3462.929,+1.2%,3512.821,+1.4%,3573.069,+1.7%,3595.741,+0.6%,174.64,,+5.1%,-21.8%,-26.6%,-18.3%
VEEV,Portfolio,,Health Care,Health Care Equipment & Servic,,Jan,Revenue,CY2027,4250.333,4081.5,-4.0%,3945.25,-3.3%,3915.0,-0.8%,3829.75,-2.2%,3779.75,-1.3%,3957.0,+4.7%,3867.154,-2.3%,3922.538,+1.4%,3968.333,+1.2%,4005.32,+0.9%,4036.296,+0.8%,174.64,,+4.4%,-21.8%,-26.6%,-18.3%
VEEV,Portfolio,,Health Care,Health Care Equipment & Servic,,Jan,Revenue,CY2028,4990.333,4559.0,-8.6%,4384.333,-3.8%,4415.75,+0.7%,4290.25,-2.8%,4216.5,-1.7%,4510.5,+7.0%,4428.5,-1.8%,4474.4,+1.0%,4557.0,+1.8%,4621.375,+1.4%,4553.0,-1.5%,174.64,,+2.8%,-21.8%,-26.6%,-18.3%
GOOG,Watchlist,,Communication Services,Media & Entertainment,,Dec,Revenue,CY2025,310055.35,329135.0,+6.2%,323351.353,-1.8%,331159.633,+2.4%,333138.083,+0.6%,330921.111,-0.7%,339511.735,+2.6%,332770.852,-2.0%,331056.03,-0.5%,337473.452,+1.9%,340649.344,+0.9%,340854.848,+0.1%,297.66,,+2.4%,-5.1%,-5.4%,+101.5%
GOOG,Watchlist,,Communication Services,Media & Entertainment,,Dec,Revenue,CY2026,335311.636,366774.846,+9.4%,356946.125,-2.7%,373076.722,+4.5%,367444.923,-1.5%,369604.526,+0.6%,374946.4,+1.4%,368737.44,-1.7%,368092.97,-0.2%,377500.857,+2.6%,389645.679,+3.2%,405352.969,+4.0%,297.66,,+9.9%,-5.1%,-5.4%,+101.5%
GOOG,Watchlist,,Communication Services,Media & Entertainment,,Dec,Revenue,CY2027,362041.0,399474.0,+10.3%,393835.429,-1.4%,391300.0,-0.6%,423053.4,+8.1%,415241.667,-1.8%,409819.5,-1.3%,413113.846,+0.8%,408258.947,-1.2%,423366.5,+3.7%,442153.583,+4.4%,469197.625,+6.1%,297.66,,+13.6%,-5.1%,-5.4%,+101.5%
GOOG,Watchlist,,Communication Services,Media & Entertainment,,Dec,Revenue,CY2028,385053.167,433490.429,+12.6%,420455.333,-3.0%,421853.571,+0.3%,444238.4,+5.3%,453987.714,+2.2%,454488.556,+0.1%,454210.714,-0.1%,452075.417,-0.5%,471772.125,+4.4%,504223.875,+6.9%,537683.273,+6.6%,297.66,,+18.4%,-5.1%,-5.4%,+101.5%
MU,Watchlist,,Information Technology,Semiconductors & Semiconductor,,Aug,Revenue,CY2025,28769.238,30203.517,+5.0%,31592.667,+4.6%,34753.0,+10.0%,38176.429,+9.9%,38300.667,+0.3%,35618.278,-7.0%,35431.636,-0.5%,36791.156,+3.8%,37177.154,+1.0%,,,,,377.76,,-2.9%,+32.4%,+10.0%,+483.7%
MU,Watchlist,,Information Technology,Semiconductors & Semiconductor,,Aug,Revenue,CY2026,36226.0,34307.375,-5.3%,35021.091,+2.1%,38600.375,+10.2%,43032.333,+11.5%,45756.08,+6.3%,44651.389,-2.4%,45505.152,+1.9%,47643.8,+4.7%,52279.048,+9.7%,71339.22,+36.5%,105701.2,+48.2%,377.76,,+132.3%,+32.4%,+10.0%,+483.7%
MU,Watchlist,,Information Technology,Semiconductors & Semiconductor,,Aug,Revenue,CY2027,40951.0,41437.5,+1.2%,44754.5,+8.0%,46920.5,+4.8%,50930.667,+8.5%,48970.4,-3.8%,43583.688,-11.0%,48417.545,+11.1%,50505.313,+4.3%,57928.5,+14.7%,88688.263,+53.1%,162702.614,+83.5%,377.76,,+236.0%,+32.4%,+10.0%,+483.7%
MU,Watchlist,,Information Technology,Semiconductors & Semiconductor,,Aug,Revenue,CY2028,51102.0,45019.5,-11.9%,48648.0,+8.1%,50889.0,+4.6%,55863.0,+9.8%,54711.5,-2.1%,53072.0,-3.0%,56386.5,+6.2%,63804.0,+13.2%,55253.9,-13.4%,86326.0,+56.2%,160106.84,+85.5%,377.76,,+183.9%,+32.4%,+10.0%,+483.7%
LRCX,Watchlist,,Information Technology,Semiconductors & Semiconductor,,Jun,Revenue,CY2025,16830.55,17414.6,+3.5%,17310.654,-0.6%,17619.92,+1.8%,17719.154,+0.6%,17374.308,-1.9%,17318.88,-0.3%,17787.375,+2.7%,18253.7,+2.6%,18262.032,+0.0%,,,,,220.65,,+5.1%,+28.9%,+6.6%,+273.4%
LRCX,Watchlist,,Information Technology,Semiconductors & Semiconductor,,Jun,Revenue,CY2026,18677.667,19870.667,+6.4%,19643.333,-1.1%,20485.533,+4.3%,20768.111,+1.4%,20306.167,-2.2%,19401.818,-4.5%,18164.48,-6.4%,18713.379,+3.0%,20047.069,+7.1%,21267.536,+6.1%,22413.4,+5.4%,220.65,,+23.4%,+28.9%,+6.6%,+273.4%
LRCX,Watchlist,,Information Technology,Semiconductors & Semiconductor,,Jun,Revenue,CY2027,23858.0,17145.667,-28.1%,22000.0,+28.3%,22852.5,+3.9%,23113.0,+1.1%,21963.8,-5.0%,21236.643,-3.3%,20320.647,-4.3%,20847.333,+2.6%,22028.261,+5.7%,23921.0,+8.6%,27927.533,+16.7%,220.65,,+37.4%,+28.9%,+6.6%,+273.4%
LRCX,Watchlist,,Information Technology,Semiconductors & Semiconductor,,Jun,Revenue,CY2028,,22215.0,,22635.0,+1.9%,22724.0,+0.4%,22919.0,+0.9%,22522.5,-1.7%,24698.5,+9.7%,22591.667,-8.5%,22766.5,+0.8%,24187.143,+6.2%,25873.8,+7.0%,30780.235,+19.0%,220.65,,+36.2%,+28.9%,+6.6%,+273.4%
DASH,Watchlist,,Consumer Discretionary,Consumer Services,,Dec,Revenue,CY2025,11051.185,11474.857,+3.8%,11755.571,+2.4%,11807.0,+0.4%,12062.472,+2.2%,12390.902,+2.7%,12697.119,+2.5%,13005.548,+2.4%,12842.488,-1.3%,13229.929,+3.0%,13756.977,+4.0%,13745.267,-0.1%,155.07,,+5.7%,-31.5%,-32.4%,-5.0%
DASH,Watchlist,,Consumer Discretionary,Consumer Services,,Dec,Revenue,CY2026,12738.917,13117.692,+3.0%,13410.625,+2.2%,13563.818,+1.1%,13870.5,+2.3%,14406.3,+3.9%,14777.529,+2.6%,15362.625,+4.0%,15270.756,-0.6%,16084.098,+5.3%,17819.886,+10.8%,17825.933,+0.0%,155.07,,+16.0%,-31.5%,-32.4%,-5.0%
DASH,Watchlist,,Consumer Discretionary,Consumer Services,,Dec,Revenue,CY2027,14514.778,14941.9,+2.9%,15067.818,+0.8%,14931.909,-0.9%,15198.417,+1.8%,16051.143,+5.6%,16529.471,+3.0%,17848.667,+8.0%,17796.167,-0.3%,19058.852,+7.1%,21112.971,+10.8%,21337.159,+1.1%,155.07,,+19.5%,-31.5%,-32.4%,-5.0%
DASH,Watchlist,,Consumer Discretionary,Consumer Services,,Dec,Revenue,CY2028,16215.5,16581.143,+2.3%,16612.5,+0.2%,16729.222,+0.7%,16784.273,+0.3%,17676.818,+5.3%,18510.615,+4.7%,20338.143,+9.9%,20494.571,+0.8%,22217.938,+8.4%,24580.526,+10.6%,24987.76,+1.7%,155.07,,+22.9%,-31.5%,-32.4%,-5.0%
MSFT,Watchlist,,Information Technology,Software & Services,,Jun,Revenue,CY2025,264629.909,267643.893,+1.1%,276827.925,+3.4%,279564.698,+1.0%,280032.962,+0.2%,280689.232,+0.2%,278751.431,-0.7%,277141.055,-0.6%,278964.231,+0.7%,279004.862,+0.0%,,,,,372.88,,-0.6%,-22.9%,-22.1%,+3.6%
MSFT,Watchlist,,Information Technology,Software & Services,,Jun,Revenue,CY2026,302605.6,307308.577,+1.6%,316288.5,+2.9%,320657.425,+1.4%,321137.512,+0.1%,324241.089,+1.0%,318582.039,-1.7%,314424.75,-1.3%,316772.862,+0.7%,323048.161,+2.0%,326334.533,+1.0%,327639.5,+0.4%,372.88,,+4.2%,-22.9%,-22.1%,+3.6%
MSFT,Watchlist,,Information Technology,Software & Services,,Jun,Revenue,CY2027,350971.714,351910.625,+0.3%,358061.714,+1.7%,368927.9,+3.0%,371172.636,+0.6%,375011.484,+1.0%,365386.31,-2.6%,351842.333,-3.7%,362604.761,+3.1%,369917.434,+2.0%,375195.881,+1.4%,378442.0,+0.9%,372.88,,+7.6%,-22.9%,-22.1%,+3.6%
MSFT,Watchlist,,Information Technology,Software & Services,,Jun,Revenue,CY2028,402703.5,393038.25,-2.4%,401141.833,+2.1%,416341.625,+3.8%,416931.429,+0.1%,447360.889,+7.3%,417551.833,-6.7%,410341.222,-1.7%,424419.8,+3.4%,425257.259,+0.2%,434034.088,+2.1%,441155.943,+1.6%,372.88,,+7.5%,-22.9%,-22.1%,+3.6%
BX,Watchlist,,Financials,Financial Services,,Dec,Revenue,CY2025,15128.9,15486.375,+2.4%,15429.818,-0.4%,14609.0,-5.3%,14269.545,-2.3%,14280.083,+0.1%,14372.571,+0.6%,13560.091,-5.7%,12127.615,-10.6%,12530.727,+3.3%,12746.222,+1.7%,12722.909,-0.2%,112.24,,-6.2%,-27.2%,-31.0%,-10.2%
BX,Watchlist,,Financials,Financial Services,,Dec,Revenue,CY2026,,15259.0,,15912.0,+4.3%,16412.667,+3.1%,16012.0,-2.4%,16339.111,+2.0%,16497.615,+1.0%,16499.727,+0.0%,15657.615,-5.1%,15939.636,+1.8%,15805.091,-0.8%,15620.818,-1.2%,112.24,,-5.3%,-27.2%,-31.0%,-10.2%
BX,Watchlist,,Financials,Financial Services,,Dec,Revenue,CY2027,,17127.0,,16990.0,-0.8%,,,,,19061.0,+12.2%,19746.667,+3.6%,19538.5,-1.1%,19190.75,-1.8%,19553.286,+1.9%,19339.875,-1.1%,19054.692,-1.5%,112.24,,-2.5%,-27.2%,-31.0%,-10.2%
BX,Watchlist,,Financials,Financial Services,,Dec,Revenue,CY2028,,,,19363.0,,,,,,,,22913.0,+18.3%,21097.667,-7.9%,20369.667,-3.5%,21742.667,+6.7%,19996.333,-8.0%,19723.429,-1.4%,112.24,,-6.5%,-27.2%,-31.0%,-10.2%
BKNG,Watchlist,,Consumer Discretionary,Consumer Services,,Dec,Revenue,CY2025,24991.13,25917.957,+3.7%,25945.667,+0.1%,25199.5,-2.9%,25172.6,-0.1%,24760.939,-1.6%,25441.086,+2.7%,25287.914,-0.6%,25798.273,+2.0%,26345.314,+2.1%,26687.889,+1.3%,26703.583,+0.1%,176.19,,+5.6%,-17.8%,-19.1%,+3.8%
BKNG,Watchlist,,Consumer Discretionary,Consumer Services,,Dec,Revenue,CY2026,27035.9,28054.2,+3.8%,28123.909,+0.2%,27491.389,-2.2%,27417.85,-0.3%,26866.083,-2.0%,27689.276,+3.1%,27492.694,-0.7%,27889.441,+1.4%,28600.171,+2.5%,29106.75,+1.8%,29946.694,+2.9%,176.19,,+8.9%,-17.8%,-19.1%,+3.8%
BKNG,Watchlist,,Consumer Discretionary,Consumer Services,,Dec,Revenue,CY2027,29252.7,30514.1,+4.3%,30621.875,+0.4%,29586.111,-3.4%,29756.5,+0.6%,28958.333,-2.7%,29881.533,+3.2%,29849.81,-0.1%,30249.0,+1.3%,30986.75,+2.4%,31514.643,+1.7%,32508.278,+3.2%,176.19,,+8.9%,-17.8%,-19.1%,+3.8%
BKNG,Watchlist,,Consumer Discretionary,Consumer Services,,Dec,Revenue,CY2028,31350.0,32807.2,+4.6%,33597.667,+2.4%,31885.375,-5.1%,31801.444,-0.3%,31018.8,-2.5%,32289.545,+4.1%,32157.909,-0.4%,32742.636,+1.8%,33556.455,+2.5%,34065.688,+1.5%,35055.591,+2.9%,176.19,,+9.0%,-17.8%,-19.1%,+3.8%
COST,Watchlist,,Consumer Staples,Consumer Staples Distribution,,Aug,Revenue,CY2025,270911.44,270599.806,-0.1%,270400.206,-0.1%,272475.871,+0.8%,273393.267,+0.3%,273073.061,-0.1%,272511.879,-0.2%,274555.323,+0.7%,274954.655,+0.1%,275078.688,+0.0%,,,,,1018.55,,+0.7%,+18.1%,+14.6%,+11.1%
COST,Watchlist,,Consumer Staples,Consumer Staples Distribution,,Aug,Revenue,CY2026,294181.222,288559.438,-1.9%,288247.526,-0.1%,292516.059,+1.5%,290941.333,-0.5%,291275.786,+0.1%,291122.414,-0.1%,293843.448,+0.9%,295386.444,+0.5%,296917.233,+0.5%,296941.464,+0.0%,298620.107,+0.6%,1018.55,,+1.6%,+18.1%,+14.6%,+11.1%
COST,Watchlist,,Consumer Staples,Consumer Staples Distribution,,Aug,Revenue,CY2027,314144.556,308101.8,-1.9%,310677.2,+0.8%,310843.143,+0.1%,312949.143,+0.7%,310240.235,-0.9%,309683.0,-0.2%,312872.545,+1.0%,316205.95,+1.1%,319278.714,+1.0%,319032.714,-0.1%,321381.821,+0.7%,1018.55,,+2.7%,+18.1%,+14.6%,+11.1%
COST,Watchlist,,Consumer Staples,Consumer Staples Distribution,,Aug,Revenue,CY2028,333336.429,330271.222,-0.9%,331085.889,+0.2%,332558.5,+0.4%,335298.833,+0.8%,330260.714,-1.5%,332961.444,+0.8%,336853.667,+1.2%,334134.714,-0.8%,342308.333,+2.4%,343390.267,+0.3%,346941.438,+1.0%,1018.55,,+3.0%,+18.1%,+14.6%,+11.1%
QCOM,Extended,Uncategorized,Information Technology,Semiconductors & Semiconductor,,Sep,Revenue,CY2025,,,,,,,,42314.848,,42172.857,-0.3%,42234.273,+0.1%,43374.176,+2.7%,43443.6,+0.2%,43672.273,+0.5%,43685.212,+0.0%,,,125.73,,+3.4%,-26.5%,-31.1%,-1.4%
QCOM,Extended,Uncategorized,Information Technology,Semiconductors & Semiconductor,,Sep,Revenue,CY2026,,,,,,,,45159.85,,45355.083,+0.4%,45024.833,-0.7%,45121.353,+0.2%,44065.286,-2.3%,44577.0,+1.2%,45618.516,+2.3%,43815.029,-4.0%,125.73,,-2.9%,-26.5%,-31.1%,-1.4%
QCOM,Extended,Uncategorized,Information Technology,Semiconductors & Semiconductor,,Sep,Revenue,CY2027,,,,,,,,45148.5,,46752.8,+3.6%,45964.231,-1.7%,45798.875,-0.4%,45199.45,-1.3%,46158.333,+2.1%,46373.097,+0.5%,44140.794,-4.8%,125.73,,-3.6%,-26.5%,-31.1%,-1.4%
QCOM,Extended,Uncategorized,Information Technology,Semiconductors & Semiconductor,,Sep,Revenue,CY2028,,,,,,,,51019.0,,53935.0,+5.7%,50670.0,-6.1%,49825.333,-1.7%,47488.5,-4.7%,47413.667,-0.2%,48845.077,+3.0%,47347.529,-3.1%,125.73,,-5.0%,-26.5%,-31.1%,-1.4%
ASML,Extended,Uncategorized,Information Technology,Semiconductors & Semiconductor,,Dec,Revenue,CY2025,,,,,,,,36422.947,,36215.316,-0.6%,32155.316,-11.2%,32736.879,+1.8%,32288.333,-1.4%,32362.05,+0.2%,32481.844,+0.4%,32503.385,+0.1%,1161.0,,-0.7%,+26.0%,+10.4%,+111.1%
ASML,Extended,Uncategorized,Information Technology,Semiconductors & Semiconductor,,Dec,Revenue,CY2026,,,,,,,,39827.593,,39800.9,-0.1%,36949.229,-7.2%,36867.556,-0.2%,35045.756,-4.9%,33648.5,-4.0%,34327.947,+2.0%,37680.605,+9.8%,1161.0,,+2.2%,+26.0%,+10.4%,+111.1%
ASML,Extended,Uncategorized,Information Technology,Semiconductors & Semiconductor,,Dec,Revenue,CY2027,,,,,,,,43888.4,,44176.556,+0.7%,40564.0,-8.2%,40728.905,+0.4%,39486.286,-3.1%,37745.5,-4.4%,39372.429,+4.3%,44355.119,+12.7%,1161.0,,+8.9%,+26.0%,+10.4%,+111.1%
ASML,Extended,Uncategorized,Information Technology,Semiconductors & Semiconductor,,Dec,Revenue,CY2028,,,,,,,,48434.444,,48758.556,+0.7%,44665.714,-8.4%,44915.625,+0.6%,43345.909,-3.5%,41615.0,-4.0%,42913.0,+3.1%,49214.889,+14.7%,1161.0,,+9.6%,+26.0%,+10.4%,+111.1%
AMAT,Extended,Uncategorized,Information Technology,Semiconductors & Semiconductor,,Oct,Revenue,CY2025,,,,,,,,30047.0,,30280.818,+0.8%,29226.968,-3.5%,28775.129,-1.5%,28776.129,+0.0%,28268.276,-1.8%,28239.903,-0.1%,,,352.62,,-3.4%,+37.2%,+19.1%,+177.8%
AMAT,Extended,Uncategorized,Information Technology,Semiconductors & Semiconductor,,Oct,Revenue,CY2026,,,,,,,,32585.095,,31636.87,-2.9%,30784.286,-2.7%,30564.233,-0.7%,30527.188,-0.1%,29034.433,-4.9%,28861.667,-0.6%,31478.909,+9.1%,352.62,,+3.0%,+37.2%,+19.1%,+177.8%
AMAT,Extended,Uncategorized,Information Technology,Semiconductors & Semiconductor,,Oct,Revenue,CY2027,,,,,,,,33906.0,,34203.0,+0.9%,33391.0,-2.4%,32710.75,-2.0%,32556.118,-0.5%,31519.737,-3.2%,32596.655,+3.4%,37575.212,+15.3%,352.62,,+14.9%,+37.2%,+19.1%,+177.8%
AMAT,Extended,Uncategorized,Information Technology,Semiconductors & Semiconductor,,Oct,Revenue,CY2028,,,,,,,,37356.0,,37026.5,-0.9%,36238.0,-2.1%,34409.25,-5.0%,33797.6,-1.8%,32844.75,-2.8%,34065.571,+3.7%,40905.6,+20.1%,352.62,,+18.9%,+37.2%,+19.1%,+177.8%
KKR,Extended,Uncategorized,Financials,Financial Services,,Dec,Revenue,CY2025,,,,,,,,8671.692,,10583.143,+22.0%,9392.923,-11.2%,9204.923,-2.0%,7726.714,-16.1%,8164.364,+5.7%,8207.875,+0.5%,7829.8,-4.6%,91.05,,-14.9%,-28.6%,-33.0%,-1.9%
KKR,Extended,Uncategorized,Financials,Financial Services,,Dec,Revenue,CY2026,,,,,,,,9976.667,,11434.444,+14.6%,12072.333,+5.6%,9947.769,-17.6%,11597.2,+16.6%,10659.909,-8.1%,13213.4,+24.0%,11102.857,-16.0%,91.05,,+11.6%,-28.6%,-33.0%,-1.9%
KKR,Extended,Uncategorized,Financials,Financial Services,,Dec,Revenue,CY2027,,,,,,,,11542.0,,11542.0,+0.0%,12874.0,+11.5%,12971.5,+0.8%,14358.444,+10.7%,12805.333,-10.8%,14993.0,+17.1%,13616.333,-9.2%,91.05,,+5.0%,-28.6%,-33.0%,-1.9%
KKR,Extended,Uncategorized,Financials,Financial Services,,Dec,Revenue,CY2028,,,,,,,,12456.0,,12456.0,+0.0%,,,16658.0,+33.7%,22480.333,+35.0%,22984.333,+2.2%,27869.5,+21.3%,14232.0,-48.9%,91.05,,-14.6%,-28.6%,-33.0%,-1.9%
BAM,Extended,Uncategorized,Financials,Financial Services,,Dec,Revenue,CY2025,,,,,,,,5794.5,,5463.7,-5.7%,5506.333,+0.8%,5316.462,-3.4%,5278.571,-0.7%,5293.364,+0.3%,5355.615,+1.2%,5392.286,+0.7%,44.22,,+1.4%,-15.6%,-19.8%,-0.0%
BAM,Extended,Uncategorized,Financials,Financial Services,,Dec,Revenue,CY2026,,,,,,,,4265.0,,6382.833,+49.7%,6389.0,+0.1%,6170.308,-3.4%,5979.143,-3.1%,6035.1,+0.9%,6068.167,+0.5%,6215.308,+2.4%,44.22,,+0.7%,-15.6%,-19.8%,-0.0%
BAM,Extended,Uncategorized,Financials,Financial Services,,Dec,Revenue,CY2027,,,,,,,,,,,,,,6924.286,,6807.5,-1.7%,6945.167,+2.0%,6914.091,-0.4%,7201.833,+4.2%,44.22,,+4.0%,-15.6%,-19.8%,-0.0%
BAM,Extended,Uncategorized,Financials,Financial Services,,Dec,Revenue,CY2028,,,,,,,,,,,,,,7794.5,,7649.0,-1.9%,7433.0,-2.8%,7882.0,+6.0%,8115.0,+3.0%,44.22,,+4.1%,-15.6%,-19.8%,-0.0%
ARES,Extended,Uncategorized,Financials,Financial Services,,Dec,Revenue,CY2025,,,,,,,,4654.25,,4627.182,-0.6%,4870.429,+5.3%,4713.571,-3.2%,4612.75,-2.1%,4372.857,-5.2%,4384.714,+0.3%,4433.4,+1.1%,102.83,,-5.9%,-36.4%,-41.6%,-12.9%
ARES,Extended,Uncategorized,Financials,Financial Services,,Dec,Revenue,CY2026,,,,,,,,5804.8,,5634.375,-2.9%,5817.429,+3.2%,5891.571,+1.3%,5744.375,-2.5%,5293.143,-7.9%,5455.75,+3.1%,5517.25,+1.1%,102.83,,-6.4%,-36.4%,-41.6%,-12.9%
ARES,Extended,Uncategorized,Financials,Financial Services,,Dec,Revenue,CY2027,,,,,,,,,,,,8033.0,,6830.0,-15.0%,6727.667,-1.5%,6458.5,-4.0%,6517.143,+0.9%,6458.0,-0.9%,102.83,,-5.4%,-36.4%,-41.6%,-12.9%
ARES,Extended,Uncategorized,Financials,Financial Services,,Dec,Revenue,CY2028,,,,,,,,,,,,,,,,,,,,6904.0,,7287.5,+5.6%,102.83,,,-36.4%,-41.6%,-12.9%
OWL,Extended,Uncategorized,Financials,Financial Services,,Dec,Revenue,CY2025,,,,,,,,2744.231,,2823.071,+2.9%,2859.769,+1.3%,2818.533,-1.4%,2704.429,-4.0%,2675.786,-1.1%,2668.313,-0.3%,2657.0,-0.4%,8.45,,-5.7%,-43.4%,-47.3%,-46.9%
OWL,Extended,Uncategorized,Financials,Financial Services,,Dec,Revenue,CY2026,,,,,,,,3171.667,,3289.875,+3.7%,3377.583,+2.7%,3393.667,+0.5%,3309.714,-2.5%,3254.214,-1.7%,3155.938,-3.0%,2961.385,-6.2%,8.45,,-12.7%,-43.4%,-47.3%,-46.9%
OWL,Extended,Uncategorized,Financials,Financial Services,,Dec,Revenue,CY2027,,,,,,,,,,,,3823.0,,3876.143,+1.4%,3840.429,-0.9%,3819.286,-0.6%,3657.071,-4.2%,3402.923,-6.9%,8.45,,-12.2%,-43.4%,-47.3%,-46.9%
OWL,Extended,Uncategorized,Financials,Financial Services,,Dec,Revenue,CY2028,,,,,,,,,,,,,,,,,,4588.0,,4168.667,-9.1%,3650.5,-12.4%,8.45,,,-43.4%,-47.3%,-46.9%
CG,Extended,Uncategorized,Financials,Financial Services,,Dec,Revenue,CY2025,,,,,,,,4801.545,,4499.667,-6.3%,4470.667,-0.6%,4451.417,-0.4%,3915.923,-12.0%,4155.545,+6.1%,3889.111,-6.4%,3851.0,-1.0%,46.87,,-13.5%,-20.7%,-28.6%,+30.6%
CG,Extended,Uncategorized,Financials,Financial Services,,Dec,Revenue,CY2026,,,,,,,,5073.0,,4949.538,-2.4%,4819.857,-2.6%,4982.5,+3.4%,4587.083,-7.9%,4738.833,+3.3%,4583.727,-3.3%,4651.125,+1.5%,46.87,,-6.7%,-20.7%,-28.6%,+30.6%
CG,Extended,Uncategorized,Financials,Financial Services,,Dec,Revenue,CY2027,,,,,,,,6199.0,,5430.0,-12.4%,5253.75,-3.2%,5488.571,+4.5%,4792.333,-12.7%,5045.125,+5.3%,4938.1,-2.1%,5366.625,+8.7%,46.87,,-2.2%,-20.7%,-28.6%,+30.6%
CG,Extended,Uncategorized,Financials,Financial Services,,Dec,Revenue,CY2028,,,,,,,,7062.0,,6320.0,-10.5%,6547.0,+3.6%,5525.0,-15.6%,5545.0,+0.4%,5727.0,+3.3%,5537.0,-3.3%,5884.667,+6.3%,46.87,,+6.5%,-20.7%,-28.6%,+30.6%
BN,Extended,Uncategorized,Financials,Financial Services,,Dec,Revenue,CY2025,,,,,,,,124765.0,,105073.0,-15.8%,105073.0,+0.0%,6800.0,-93.5%,10266.0,+51.0%,54489.5,+430.8%,65025.5,+19.3%,65025.5,+0.0%,40.76,,+856.3%,-11.2%,-17.1%,+32.2%
BN,Extended,Uncategorized,Financials,Financial Services,,Dec,Revenue,CY2026,,,,,,,,,,,,,,48483.0,,31670.0,-34.7%,71265.0,+125.0%,7480.0,-89.5%,46822.0,+526.0%,40.76,,-3.4%,-11.2%,-17.1%,+32.2%
BN,Extended,Uncategorized,Financials,Financial Services,,Dec,Revenue,CY2027,,,,,,,,,,,,,,8793.0,,8795.0,+0.0%,8957.0,+1.8%,8669.0,-3.2%,8849.0,+2.1%,40.76,,+0.6%,-11.2%,-17.1%,+32.2%
BN,Extended,Uncategorized,Financials,Financial Services,,Dec,Revenue,CY2028,,,,,,,,,,,,,,,,,,,,,,10604.0,,40.76,,,-11.2%,-17.1%,+32.2%
CRM,Extended,Uncategorized,Information Technology,Software & Services,,Jan,Revenue,CY2025,,,,,,,,41322.622,,41254.556,-0.2%,41407.255,+0.4%,40839.86,-1.4%,41200.907,+0.9%,41249.063,+0.1%,41492.096,+0.6%,41490.314,-0.0%,185.03,,+1.6%,-30.2%,-29.6%,-23.1%
CRM,Extended,Uncategorized,Information Technology,Software & Services,,Jan,Revenue,CY2026,,,,,,,,45355.091,,45026.846,-0.7%,45457.029,+1.0%,44671.54,-1.7%,44943.037,+0.6%,44973.229,+0.1%,46052.4,+2.4%,46121.82,+0.2%,185.03,,+3.2%,-30.2%,-29.6%,-23.1%
CRM,Extended,Uncategorized,Information Technology,Software & Services,,Jan,Revenue,CY2027,,,,,,,,50168.0,,50151.2,-0.0%,50270.833,+0.2%,49287.05,-2.0%,49396.84,+0.2%,49212.385,-0.4%,50475.914,+2.6%,50514.333,+0.1%,185.03,,+2.5%,-30.2%,-29.6%,-23.1%
CRM,Extended,Uncategorized,Information Technology,Software & Services,,Jan,Revenue,CY2028,,,,,,,,54856.333,,54408.75,-0.8%,54675.5,+0.5%,53700.8,-1.8%,55092.125,+2.6%,55611.333,+0.9%,55092.667,-0.9%,55666.722,+1.0%,185.03,,+3.7%,-30.2%,-29.6%,-23.1%
WDAY,Extended,Uncategorized,Information Technology,Software & Services,,Jan,Revenue,CY2025,,,,,,,,9677.788,,9587.882,-0.9%,9522.121,-0.7%,9504.645,-0.2%,9502.071,-0.0%,9515.536,+0.1%,9543.9,+0.3%,9543.892,-0.0%,129.72,,+0.4%,-39.6%,-38.3%,-40.3%
WDAY,Extended,Uncategorized,Information Technology,Software & Services,,Jan,Revenue,CY2026,,,,,,,,11268.467,,10953.8,-2.8%,10837.296,-1.1%,10798.686,-0.4%,10755.289,-0.4%,10714.553,-0.4%,10710.639,-0.0%,10652.541,-0.5%,129.72,,-1.4%,-39.6%,-38.3%,-40.3%
WDAY,Extended,Uncategorized,Information Technology,Software & Services,,Jan,Revenue,CY2027,,,,,,,,12983.5,,12450.5,-4.1%,12270.857,-1.4%,12202.133,-0.6%,12138.563,-0.5%,12044.0,-0.8%,12013.167,-0.3%,11859.568,-1.3%,129.72,,-2.8%,-39.6%,-38.3%,-40.3%
WDAY,Extended,Uncategorized,Information Technology,Software & Services,,Jan,Revenue,CY2028,,,,,,,,14655.8,,12375.0,-15.6%,13843.0,+11.9%,13774.167,-0.5%,13533.167,-1.7%,13508.125,-0.2%,13485.571,-0.2%,13073.133,-3.1%,129.72,,-5.1%,-39.6%,-38.3%,-40.3%
SHOP,Extended,Uncategorized,Information Technology,Software & Services,,Dec,Revenue,CY2025,,,,,,,,10295.841,,10441.283,+1.4%,10837.771,+3.8%,10956.604,+1.1%,10900.766,-0.5%,11279.98,+3.5%,11473.12,+1.7%,11475.0,+0.0%,118.8,,+4.7%,-26.2%,-29.5%,+54.5%
SHOP,Extended,Uncategorized,Information Technology,Software & Services,,Dec,Revenue,CY2026,,,,,,,,12425.6,,12629.269,+1.6%,13104.333,+3.8%,13394.125,+2.2%,13106.149,-2.2%,13826.68,+5.5%,14223.163,+2.9%,14661.098,+3.1%,118.8,,+9.5%,-26.2%,-29.5%,+54.5%
SHOP,Extended,Uncategorized,Information Technology,Software & Services,,Dec,Revenue,CY2027,,,,,,,,14949.167,,15065.0,+0.8%,16387.5,+8.8%,16772.565,+2.3%,15970.783,-4.8%,17015.69,+6.5%,17454.029,+2.6%,18131.458,+3.9%,118.8,,+8.1%,-26.2%,-29.5%,+54.5%
SHOP,Extended,Uncategorized,Information Technology,Software & Services,,Dec,Revenue,CY2028,,,,,,,,17961.125,,17751.143,-1.2%,19620.5,+10.5%,21533.727,+9.8%,19306.778,-10.3%,20946.909,+8.5%,21533.273,+2.8%,22613.375,+5.0%,118.8,,+5.0%,-26.2%,-29.5%,+54.5%
GWRE,Extended,Uncategorized,Information Technology,Software & Services,,Jul,Revenue,CY2025,,,,,,,,1093.938,,1146.813,+4.8%,1162.357,+1.4%,1170.933,+0.7%,1183.8,+1.1%,1183.867,+0.0%,,,,,147.83,,+3.2%,-26.5%,-21.4%,-15.2%
GWRE,Extended,Uncategorized,Information Technology,Software & Services,,Jul,Revenue,CY2026,,,,,,,,1244.231,,1303.875,+4.8%,1329.786,+2.0%,1336.438,+0.5%,1355.4,+1.4%,1399.857,+3.3%,1413.933,+1.0%,1445.643,+2.2%,147.83,,+8.2%,-26.5%,-21.4%,-15.2%
GWRE,Extended,Uncategorized,Information Technology,Software & Services,,Jul,Revenue,CY2027,,,,,,,,1423.0,,1498.857,+5.3%,1532.375,+2.2%,1536.167,+0.2%,1559.667,+1.5%,1608.077,+3.1%,1632.8,+1.5%,1677.0,+2.7%,147.83,,+9.2%,-26.5%,-21.4%,-15.2%
GWRE,Extended,Uncategorized,Information Technology,Software & Services,,Jul,Revenue,CY2028,,,,,,,,1594.0,,1742.0,+9.3%,1748.333,+0.4%,1763.0,+0.8%,1810.5,+2.7%,1875.167,+3.6%,1882.333,+0.4%,1932.462,+2.7%,147.83,,+9.6%,-26.5%,-21.4%,-15.2%
NOW,Extended,Uncategorized,Information Technology,Software & Services,,Dec,Revenue,CY2025,,,,,,,,13154.611,,13163.171,+0.1%,13254.45,+0.7%,13040.3,-1.6%,13020.024,-0.2%,13180.205,+1.2%,13242.767,+0.5%,13242.163,-0.0%,102.42,,+1.5%,-33.1%,-31.2%,-29.0%
NOW,Extended,Uncategorized,Information Technology,Software & Services,,Dec,Revenue,CY2026,,,,,,,,15407.0,,15797.552,+2.5%,15931.189,+0.8%,15603.2,-2.1%,15464.357,-0.9%,15626.786,+1.1%,15704.744,+0.5%,15981.442,+1.8%,102.42,,+2.4%,-33.1%,-31.2%,-29.0%
NOW,Extended,Uncategorized,Information Technology,Software & Services,,Dec,Revenue,CY2027,,,,,,,,18332.5,,18499.0,+0.9%,18748.556,+1.3%,18739.714,-0.0%,18375.615,-1.9%,18575.032,+1.1%,18590.816,+0.1%,18934.628,+1.8%,102.42,,+1.0%,-33.1%,-31.2%,-29.0%
NOW,Extended,Uncategorized,Information Technology,Software & Services,,Dec,Revenue,CY2028,,,,,,,,21595.333,,21738.429,+0.7%,22053.75,+1.5%,22050.444,-0.0%,21734.7,-1.4%,21950.909,+1.0%,21757.556,-0.9%,22515.727,+3.5%,102.42,,+2.1%,-33.1%,-31.2%,-29.0%
ELV,Extended,Uncategorized,Health Care,Health Care Equipment & Servic,,Dec,Revenue,CY2025,,,,,,,,183889.8,,185612.111,+0.9%,189200.471,+1.9%,192987.667,+2.0%,194412.526,+0.7%,196668.067,+1.2%,197446.438,+0.4%,197455.933,+0.0%,302.61,,+2.3%,-13.7%,-18.5%,-29.4%
ELV,Extended,Uncategorized,Health Care,Health Care Equipment & Servic,,Dec,Revenue,CY2026,,,,,,,,197703.357,,200307.929,+1.3%,204708.375,+2.2%,207576.529,+1.4%,208084.167,+0.2%,197549.059,-5.1%,204428.333,+3.5%,192548.842,-5.8%,302.61,,-7.2%,-13.7%,-18.5%,-29.4%
ELV,Extended,Uncategorized,Health Care,Health Care Equipment & Servic,,Dec,Revenue,CY2027,,,,,,,,219428.5,,222949.0,+1.6%,232019.0,+4.1%,226297.667,-2.5%,224414.75,-0.8%,219829.333,-2.0%,213875.444,-2.7%,197359.737,-7.7%,302.61,,-12.8%,-13.7%,-18.5%,-29.4%
ELV,Extended,Uncategorized,Health Care,Health Care Equipment & Servic,,Dec,Revenue,CY2028,,,,,,,,229439.667,,231812.667,+1.0%,238326.0,+2.8%,246106.25,+3.3%,246232.6,+0.1%,229789.0,-6.7%,222568.333,-3.1%,207070.0,-7.0%,302.61,,-15.9%,-13.7%,-18.5%,-29.4%
WMT,Extended,Uncategorized,Consumer Staples,Consumer Staples Distribution,,Jan,Revenue,CY2025,,,,,,,,703211.97,,706506.694,+0.5%,709156.111,+0.4%,705668.541,-0.5%,705290.622,-0.1%,709739.588,+0.6%,713003.953,+0.5%,712992.0,-0.0%,126.79,,+1.0%,+13.8%,+10.9%,+52.4%
WMT,Extended,Uncategorized,Consumer Staples,Consumer Staples Distribution,,Jan,Revenue,CY2026,,,,,,,,733127.4,,735911.35,+0.4%,741277.0,+0.7%,737432.0,-0.5%,737499.083,+0.0%,743502.588,+0.8%,748284.976,+0.6%,748261.351,-0.0%,126.79,,+1.5%,+13.8%,+10.9%,+52.4%
WMT,Extended,Uncategorized,Consumer Staples,Consumer Staples Distribution,,Jan,Revenue,CY2027,,,,,,,,772359.0,,775611.4,+0.4%,780995.375,+0.7%,772261.6,-1.1%,773971.227,+0.2%,776618.87,+0.3%,783796.156,+0.9%,784021.857,+0.0%,126.79,,+1.5%,+13.8%,+10.9%,+52.4%
WMT,Extended,Uncategorized,Consumer Staples,Consumer Staples Distribution,,Jan,Revenue,CY2028,,,,,,,,800642.75,,808601.25,+1.0%,818361.4,+1.2%,806636.429,-1.4%,813260.143,+0.8%,815469.0,+0.3%,828191.154,+1.6%,822701.15,-0.7%,126.79,,+2.0%,+13.8%,+10.9%,+52.4%
LAD,Extended,Uncategorized,Consumer Discretionary,Consumer Discretionary Distrib,,Dec,Revenue,CY2025,,,,,,,,40100.6,,39712.938,-1.0%,38934.75,-2.0%,38683.538,-0.6%,37637.4,-2.7%,37542.6,-0.3%,37870.0,+0.9%,37722.143,-0.4%,257.57,,-2.5%,-22.5%,-21.2%,-8.7%
LAD,Extended,Uncategorized,Consumer Discretionary,Consumer Discretionary Distrib,,Dec,Revenue,CY2026,,,,,,,,45213.333,,43210.545,-4.4%,42163.545,-2.4%,41697.0,-1.1%,39714.2,-4.8%,39270.667,-1.1%,39454.467,+0.5%,38772.563,-1.7%,257.57,,-7.0%,-22.5%,-21.2%,-8.7%
LAD,Extended,Uncategorized,Consumer Discretionary,Consumer Discretionary Distrib,,Dec,Revenue,CY2027,,,,,,,,41866.5,,45373.333,+8.4%,44717.667,-1.4%,46338.167,+3.6%,43014.286,-7.2%,42238.375,-1.8%,41651.222,-1.4%,40257.5,-3.3%,257.57,,-13.1%,-22.5%,-21.2%,-8.7%
LAD,Extended,Uncategorized,Consumer Discretionary,Consumer Discretionary Distrib,,Dec,Revenue,CY2028,,,,,,,,43020.0,,47139.667,+9.6%,46770.333,-0.8%,45396.667,-2.9%,43744.0,-3.6%,42680.333,-2.4%,42021.5,-1.5%,42968.556,+2.3%,257.57,,-5.3%,-22.5%,-21.2%,-8.7%
CI,Extended,Uncategorized,Health Care,Health Care Equipment & Servic,,Dec,Revenue,CY2025,,,,,,,,247408.318,,248595.2,+0.5%,250881.368,+0.9%,252540.15,+0.7%,256733.591,+1.7%,266218.684,+3.7%,270806.619,+1.7%,270646.75,-0.1%,275.69,,+7.2%,+0.2%,-3.2%,-14.5%
CI,Extended,Uncategorized,Health Care,Health Care Equipment & Servic,,Dec,Revenue,CY2026,,,,,,,,262366.765,,263480.0,+0.4%,265390.647,+0.7%,264565.273,-0.3%,267627.091,+1.2%,278413.263,+4.0%,284342.1,+2.1%,283023.263,-0.5%,275.69,,+7.0%,+0.2%,-3.2%,-14.5%
CI,Extended,Uncategorized,Health Care,Health Care Equipment & Servic,,Dec,Revenue,CY2027,,,,,,,,274791.2,,278192.0,+1.2%,278783.2,+0.2%,278970.0,+0.1%,282296.143,+1.2%,295954.333,+4.8%,301737.6,+2.0%,299430.842,-0.8%,275.69,,+7.3%,+0.2%,-3.2%,-14.5%
CI,Extended,Uncategorized,Health Care,Health Care Equipment & Servic,,Dec,Revenue,CY2028,,,,,,,,294067.0,,300093.0,+2.0%,301783.75,+0.6%,298347.857,-1.1%,303137.571,+1.6%,316381.333,+4.4%,321810.25,+1.7%,317104.25,-1.5%,275.69,,+6.3%,+0.2%,-3.2%,-14.5%
THC,Extended,Healthcare providers,Health Care,Health Care Equipment & Servic,,Dec,Revenue,CY2025,,,,,,,,21286.056,,21593.444,+1.4%,21186.824,-1.9%,20865.632,-1.5%,20894.9,+0.1%,21114.0,+1.0%,21240.227,+0.6%,21243.318,+0.0%,190.28,,+1.8%,-4.2%,-8.6%,+58.1%
THC,Extended,Healthcare providers,Health Care,Health Care Equipment & Servic,,Dec,Revenue,CY2026,,,,,,,,22445.929,,22602.4,+0.7%,22248.6,-1.6%,21916.579,-1.5%,21915.25,-0.0%,22023.409,+0.5%,22168.619,+0.7%,22026.636,-0.6%,190.28,,+0.5%,-4.2%,-8.6%,+58.1%
THC,Extended,Healthcare providers,Health Care,Health Care Equipment & Servic,,Dec,Revenue,CY2027,,,,,,,,24036.25,,23883.25,-0.6%,23638.5,-1.0%,22937.222,-3.0%,23041.182,+0.5%,23121.188,+0.3%,23240.0,+0.5%,22403.143,-3.6%,190.28,,-2.3%,-4.2%,-8.6%,+58.1%
THC,Extended,Healthcare providers,Health Care,Health Care Equipment & Servic,,Dec,Revenue,CY2028,,,,,,,,25502.0,,25101.667,-1.6%,24782.0,-1.3%,23691.0,-4.4%,23246.0,-1.9%,24141.25,+3.9%,24062.25,-0.3%,23558.7,-2.1%,190.28,,-0.6%,-4.2%,-8.6%,+58.1%
UHS,Extended,Healthcare providers,Health Care,Health Care Equipment & Servic,,Dec,Revenue,CY2025,,,,,,,,16444.353,,16587.765,+0.9%,16705.933,+0.7%,17137.294,+2.6%,17132.053,-0.0%,17184.35,+0.3%,17387.056,+1.2%,17386.333,-0.0%,181.33,,+1.5%,-16.8%,-18.2%,+3.9%
UHS,Extended,Healthcare providers,Health Care,Health Care Equipment & Servic,,Dec,Revenue,CY2026,,,,,,,,17376.0,,17514.857,+0.8%,17656.857,+0.8%,18089.625,+2.5%,18078.222,-0.1%,18035.632,-0.2%,18264.833,+1.3%,18496.05,+1.3%,181.33,,+2.2%,-16.8%,-18.2%,+3.9%
UHS,Extended,Healthcare providers,Health Care,Health Care Equipment & Servic,,Dec,Revenue,CY2027,,,,,,,,18113.333,,18376.0,+1.5%,18431.333,+0.3%,18952.875,+2.8%,18994.364,+0.2%,18989.667,-0.0%,19215.563,+1.2%,19445.526,+1.2%,181.33,,+2.6%,-16.8%,-18.2%,+3.9%
UHS,Extended,Healthcare providers,Health Care,Health Care Equipment & Servic,,Dec,Revenue,CY2028,,,,,,,,19494.0,,19599.5,+0.5%,19677.0,+0.4%,19594.333,-0.4%,19674.5,+0.4%,19816.333,+0.7%,19973.667,+0.8%,20476.6,+2.5%,181.33,,+4.5%,-16.8%,-18.2%,+3.9%
CYH,Extended,Healthcare providers,Health Care,Health Care Equipment & Servic,,Dec,Revenue,CY2025,,,,,,,,12997.444,,13126.5,+1.0%,12620.75,-3.9%,12440.0,-1.4%,12356.3,-0.7%,12417.0,+0.5%,12517.3,+0.8%,12517.3,+0.0%,2.97,,+0.6%,-4.8%,-11.1%,+21.2%
CYH,Extended,Healthcare providers,Health Care,Health Care Equipment & Servic,,Dec,Revenue,CY2026,,,,,,,,13670.0,,13795.4,+0.9%,13161.143,-4.6%,12938.875,-1.7%,12786.444,-1.2%,12728.0,-0.5%,12669.4,-0.5%,11829.636,-6.6%,2.97,,-8.6%,-4.8%,-11.1%,+21.2%
CYH,Extended,Healthcare providers,Health Care,Health Care Equipment & Servic,,Dec,Revenue,CY2027,,,,,,,,14537.0,,14388.0,-1.0%,14029.0,-2.5%,13526.25,-3.6%,13282.8,-1.8%,13243.4,-0.3%,13110.75,-1.0%,12001.444,-8.5%,2.97,,-11.3%,-4.8%,-11.1%,+21.2%
CYH,Extended,Healthcare providers,Health Care,Health Care Equipment & Servic,,Dec,Revenue,CY2028,,,,,,,,15159.0,,15042.0,-0.8%,14667.0,-2.5%,14510.0,-1.1%,14143.0,-2.5%,14135.0,-0.1%,13973.5,-1.1%,12510.75,-10.5%,2.97,,-13.8%,-4.8%,-11.1%,+21.2%
DVA,Extended,Healthcare providers,Health Care,Health Care Equipment & Servic,,Dec,Revenue,CY2025,,,,,,,,13231.125,,13266.875,+0.3%,13215.429,-0.4%,13442.625,+1.7%,13483.111,+0.3%,13444.5,-0.3%,13516.375,+0.5%,13516.375,+0.0%,150.12,,+0.5%,+32.1%,+30.9%,+0.4%
DVA,Extended,Healthcare providers,Health Care,Health Care Equipment & Servic,,Dec,Revenue,CY2026,,,,,,,,13722.4,,13675.5,-0.3%,13682.667,+0.1%,13971.875,+2.1%,14018.667,+0.3%,13929.625,-0.6%,13919.875,-0.1%,14026.125,+0.8%,150.12,,+0.4%,+32.1%,+30.9%,+0.4%
DVA,Extended,Healthcare providers,Health Care,Health Care Equipment & Servic,,Dec,Revenue,CY2027,,,,,,,,14441.0,,14172.25,-1.9%,14223.75,+0.4%,14623.2,+2.8%,14658.429,+0.2%,14597.429,-0.4%,14420.143,-1.2%,14456.0,+0.2%,150.12,,-1.1%,+32.1%,+30.9%,+0.4%
DVA,Extended,Healthcare providers,Health Care,Health Care Equipment & Servic,,Dec,Revenue,CY2028,,,,,,,,15055.667,,14780.333,-1.8%,14753.667,-0.2%,15504.667,+5.1%,15562.75,+0.4%,15516.5,-0.3%,15043.0,-3.1%,15016.25,-0.2%,150.12,,-3.2%,+32.1%,+30.9%,+0.4%
DGX,Extended,Healthcare providers,Health Care,Health Care Equipment & Servic,,Dec,Revenue,CY2025,,,,,,,,9766.471,,10194.706,+4.4%,10682.353,+4.8%,10776.353,+0.9%,10789.722,+0.1%,10861.333,+0.7%,10983.5,+1.1%,10984.556,+0.0%,198.96,,+1.9%,+14.7%,+10.3%,+21.2%
DGX,Extended,Healthcare providers,Health Care,Health Care Equipment & Servic,,Dec,Revenue,CY2026,,,,,,,,10117.615,,10602.615,+4.8%,11083.067,+4.5%,11202.294,+1.1%,11216.222,+0.1%,11229.444,+0.1%,11373.733,+1.3%,11761.588,+3.4%,198.96,,+5.0%,+14.7%,+10.3%,+21.2%
DGX,Extended,Healthcare providers,Health Care,Health Care Equipment & Servic,,Dec,Revenue,CY2027,,,,,,,,10415.6,,11014.0,+5.7%,11294.8,+2.5%,11640.857,+3.1%,11646.214,+0.0%,11647.308,+0.0%,11838.733,+1.6%,12221.176,+3.2%,198.96,,+5.0%,+14.7%,+10.3%,+21.2%
DGX,Extended,Healthcare providers,Health Care,Health Care Equipment & Servic,,Dec,Revenue,CY2028,,,,,,,,10580.667,,11305.333,+6.8%,11665.75,+3.2%,12030.5,+3.1%,12029.6,-0.0%,12036.75,+0.1%,12271.333,+1.9%,12788.667,+4.2%,198.96,,+6.3%,+14.7%,+10.3%,+21.2%
HUM,Extended,Managed Care,Health Care,Health Care Equipment & Servic,,Dec,Revenue,CY2025,,,,,,,,115295.2,,117670.278,+2.1%,118755.278,+0.9%,126254.353,+6.3%,126523.389,+0.2%,128299.053,+1.4%,129164.857,+0.7%,129144.714,-0.0%,182.65,,+2.3%,-28.7%,-34.7%,-28.0%
HUM,Extended,Managed Care,Health Care,Health Care Equipment & Servic,,Dec,Revenue,CY2026,,,,,,,,120572.938,,125107.533,+3.8%,119965.588,-4.1%,130096.313,+8.4%,130712.667,+0.5%,134691.667,+3.0%,144275.381,+7.1%,162087.0,+12.3%,182.65,,+24.6%,-28.7%,-34.7%,-28.0%
HUM,Extended,Managed Care,Health Care,Health Care Equipment & Servic,,Dec,Revenue,CY2027,,,,,,,,130762.5,,136306.333,+4.2%,127454.5,-6.5%,140526.0,+10.3%,142625.417,+1.5%,143707.929,+0.8%,155562.053,+8.2%,171247.789,+10.1%,182.65,,+21.9%,-28.7%,-34.7%,-28.0%
HUM,Extended,Managed Care,Health Care,Health Care Equipment & Servic,,Dec,Revenue,CY2028,,,,,,,,136628.0,,147497.0,+8.0%,131510.0,-10.8%,151495.667,+15.2%,153189.833,+1.1%,157607.857,+2.9%,168753.286,+7.1%,183023.615,+8.5%,182.65,,+20.8%,-28.7%,-34.7%,-28.0%
CNC,Extended,Managed Care,Health Care,Health Care Equipment & Servic,,Dec,Revenue,CY2025,,,,,,,,155680.75,,162162.786,+4.2%,168609.571,+4.0%,171786.643,+1.9%,180877.938,+5.3%,189814.267,+4.9%,193029.353,+1.7%,192953.625,-0.0%,35.4,,+12.3%,-14.0%,-22.6%,-42.8%
CNC,Extended,Managed Care,Health Care,Health Care Equipment & Servic,,Dec,Revenue,CY2026,,,,,,,,162109.385,,168480.583,+3.9%,174006.286,+3.3%,176696.357,+1.5%,183914.375,+4.1%,189807.0,+3.2%,194128.333,+2.3%,188911.647,-2.7%,35.4,,+6.9%,-14.0%,-22.6%,-42.8%
CNC,Extended,Managed Care,Health Care,Health Care Equipment & Servic,,Dec,Revenue,CY2027,,,,,,,,173110.0,,177604.0,+2.6%,184698.0,+4.0%,185132.455,+0.2%,191246.917,+3.3%,194201.923,+1.5%,197869.353,+1.9%,192046.941,-2.9%,35.4,,+3.7%,-14.0%,-22.6%,-42.8%
CNC,Extended,Managed Care,Health Care,Health Care Equipment & Servic,,Dec,Revenue,CY2028,,,,,,,,187672.333,,195896.667,+4.4%,198779.667,+1.5%,194867.0,-2.0%,204172.833,+4.8%,201106.2,-1.5%,199989.286,-0.6%,200089.231,+0.0%,35.4,,+2.7%,-14.0%,-22.6%,-42.8%
MOH,Extended,Managed Care,Health Care,Health Care Equipment & Servic,,Dec,Revenue,CY2025,,,,,,,,42378.933,,42790.077,+1.0%,43527.615,+1.7%,43948.8,+1.0%,44262.467,+0.7%,44379.933,+0.3%,44898.111,+1.2%,44926.294,+0.1%,143.36,,+2.2%,-17.4%,-22.4%,-58.7%
MOH,Extended,Managed Care,Health Care,Health Care Equipment & Servic,,Dec,Revenue,CY2026,,,,,,,,45787.7,,46256.0,+1.0%,47272.167,+2.2%,47399.071,+0.3%,47748.667,+0.7%,47269.071,-1.0%,46570.176,-1.5%,44358.25,-4.7%,143.36,,-6.4%,-17.4%,-22.4%,-58.7%
MOH,Extended,Managed Care,Health Care,Health Care Equipment & Servic,,Dec,Revenue,CY2027,,,,,,,,50570.333,,49992.333,-1.1%,52057.333,+4.1%,50965.889,-2.1%,51058.667,+0.2%,50096.0,-1.9%,49866.875,-0.5%,46873.133,-6.0%,143.36,,-8.0%,-17.4%,-22.4%,-58.7%
MOH,Extended,Managed Care,Health Care,Health Care Equipment & Servic,,Dec,Revenue,CY2028,,,,,,,,54015.0,,53588.5,-0.8%,55440.0,+3.5%,53576.667,-3.4%,54677.25,+2.1%,53126.0,-2.8%,52334.8,-1.5%,49270.091,-5.9%,143.36,,-8.0%,-17.4%,-22.4%,-58.7%
PINS,Extended,Internet,Communication Services,Media & Entertainment,,Dec,Revenue,CY2025,,,,,,,,4293.179,,4235.97,-1.3%,4193.147,-1.0%,4228.086,+0.8%,4148.946,-1.9%,4237.053,+2.1%,4232.194,-0.1%,4232.914,+0.0%,18.25,,+0.1%,-29.5%,-32.6%,-29.2%
PINS,Extended,Internet,Communication Services,Media & Entertainment,,Dec,Revenue,CY2026,,,,,,,,5008.278,,4977.0,-0.6%,4794.296,-3.7%,4866.412,+1.5%,4793.257,-1.5%,4862.378,+1.4%,4832.316,-0.6%,4764.694,-1.4%,18.25,,-2.1%,-29.5%,-32.6%,-29.2%
PINS,Extended,Internet,Communication Services,Media & Entertainment,,Dec,Revenue,CY2027,,,,,,,,5800.3,,5468.917,-5.7%,5403.231,-1.2%,5558.591,+2.9%,5391.476,-3.0%,5549.16,+2.9%,5515.933,-0.6%,5345.059,-3.1%,18.25,,-3.8%,-29.5%,-32.6%,-29.2%
PINS,Extended,Internet,Communication Services,Media & Entertainment,,Dec,Revenue,CY2028,,,,,,,,6528.625,,6349.875,-2.7%,5942.75,-6.4%,6287.5,+5.8%,6136.667,-2.4%,6235.5,+1.6%,6223.067,-0.2%,5935.739,-4.6%,18.25,,-5.6%,-29.5%,-32.6%,-29.2%
SNAP,Extended,Internet,Communication Services,Media & Entertainment,,Dec,Revenue,CY2025,,,,,,,,6164.5,,6107.684,-0.9%,6077.075,-0.5%,6100.525,+0.4%,5853.0,-4.1%,5887.5,+0.6%,5916.558,+0.5%,5916.818,+0.0%,4.71,,-3.0%,-41.6%,-46.4%,-41.5%
SNAP,Extended,Internet,Communication Services,Media & Entertainment,,Dec,Revenue,CY2026,,,,,,,,7006.731,,6918.138,-1.3%,6884.909,-0.5%,6876.073,-0.1%,6481.854,-5.7%,6517.366,+0.5%,6758.837,+3.7%,6704.091,-0.8%,4.71,,-2.5%,-41.6%,-46.4%,-41.5%
SNAP,Extended,Internet,Communication Services,Media & Entertainment,,Dec,Revenue,CY2027,,,,,,,,7920.529,,7742.333,-2.2%,7731.737,-0.1%,7678.759,-0.7%,7218.0,-6.0%,7219.563,+0.0%,7354.257,+1.9%,7363.881,+0.1%,4.71,,-4.1%,-41.6%,-46.4%,-41.5%
SNAP,Extended,Internet,Communication Services,Media & Entertainment,,Dec,Revenue,CY2028,,,,,,,,8783.357,,8508.8,-3.1%,8574.714,+0.8%,8472.222,-1.2%,7950.0,-6.2%,7864.944,-1.1%,7969.684,+1.3%,7980.679,+0.1%,4.71,,-5.8%,-41.6%,-46.4%,-41.5%
RDDT,Extended,Internet,Communication Services,Media & Entertainment,,Dec,Revenue,CY2025,,,,,,,,1330.688,,1452.056,+9.1%,1706.05,+17.5%,1808.375,+6.0%,1851.667,+2.4%,2077.679,+12.2%,2142.69,+3.1%,2142.813,+0.0%,138.34,,+18.5%,-39.8%,-45.5%,+59.2%
RDDT,Extended,Internet,Communication Services,Media & Entertainment,,Dec,Revenue,CY2026,,,,,,,,1609.333,,1750.643,+8.8%,2158.632,+23.3%,2342.87,+8.5%,2373.731,+1.3%,2790.862,+17.6%,2968.759,+6.4%,3150.633,+6.1%,138.34,,+34.5%,-39.8%,-45.5%,+59.2%
RDDT,Extended,Internet,Communication Services,Media & Entertainment,,Dec,Revenue,CY2027,,,,,,,,2023.571,,2155.5,+6.5%,2680.4,+24.4%,2942.063,+9.8%,2951.048,+0.3%,3558.375,+20.6%,3867.577,+8.7%,4101.067,+6.0%,138.34,,+39.4%,-39.8%,-45.5%,+59.2%
RDDT,Extended,Internet,Communication Services,Media & Entertainment,,Dec,Revenue,CY2028,,,,,,,,2371.4,,2564.2,+8.1%,3349.5,+30.6%,3526.143,+5.3%,3495.091,-0.9%,4261.2,+21.9%,4913.833,+15.3%,5215.611,+6.1%,138.34,,+47.9%,-39.8%,-45.5%,+59.2%
EBAY,Extended,Internet,Consumer Discretionary,Consumer Discretionary Distrib,,Dec,Revenue,CY2025,,,,,,,,10635.038,,10665.345,+0.3%,10608.344,-0.5%,10508.813,-0.9%,10623.759,+1.1%,10847.839,+2.1%,11007.031,+1.5%,11009.469,+0.0%,97.705,,+4.8%,+12.2%,+6.8%,+56.6%
EBAY,Extended,Internet,Consumer Discretionary,Consumer Discretionary Distrib,,Dec,Revenue,CY2026,,,,,,,,11078.25,,11081.182,+0.0%,11027.964,-0.5%,10921.879,-1.0%,11024.8,+0.9%,11422.871,+3.6%,11520.469,+0.9%,12037.688,+4.5%,97.705,,+10.2%,+12.2%,+6.8%,+56.6%
EBAY,Extended,Internet,Consumer Discretionary,Consumer Discretionary Distrib,,Dec,Revenue,CY2027,,,,,,,,11367.125,,11364.4,-0.0%,11325.933,-0.3%,11385.783,+0.5%,11484.333,+0.9%,12010.304,+4.6%,12094.417,+0.7%,12648.387,+4.6%,97.705,,+11.1%,+12.2%,+6.8%,+56.6%
EBAY,Extended,Internet,Consumer Discretionary,Consumer Discretionary Distrib,,Dec,Revenue,CY2028,,,,,,,,11904.286,,11824.222,-0.7%,11798.455,-0.2%,11718.667,-0.7%,11808.167,+0.8%,12552.923,+6.3%,12601.357,+0.4%,13230.474,+5.0%,97.705,,+12.9%,+12.2%,+6.8%,+56.6%
TTD,Extended,Internet,Communication Services,Media & Entertainment,,Dec,Revenue,CY2025,,,,,,,,2897.367,,2937.486,+1.4%,2970.917,+1.1%,2886.947,-2.8%,2857.892,-1.0%,2862.529,+0.2%,2891.304,+1.0%,2892.519,+0.0%,22.21,,+0.2%,-41.5%,-44.1%,-52.0%
TTD,Extended,Internet,Communication Services,Media & Entertainment,,Dec,Revenue,CY2026,,,,,,,,3531.222,,3558.957,+0.8%,3608.935,+1.4%,3460.027,-4.1%,3392.167,-2.0%,3256.211,-4.0%,3355.211,+3.0%,3266.795,-2.6%,22.21,,-5.6%,-41.5%,-44.1%,-52.0%
TTD,Extended,Internet,Communication Services,Media & Entertainment,,Dec,Revenue,CY2027,,,,,,,,4190.714,,4145.2,-1.1%,4329.0,+4.4%,4096.0,-5.4%,4030.087,-1.6%,3874.417,-3.9%,3885.552,+0.3%,3673.0,-5.5%,22.21,,-10.3%,-41.5%,-44.1%,-52.0%
TTD,Extended,Internet,Communication Services,Media & Entertainment,,Dec,Revenue,CY2028,,,,,,,,4950.286,,4866.2,-1.7%,5105.4,+4.9%,4820.462,-5.6%,4769.0,-1.1%,4464.235,-6.4%,4467.188,+0.1%,4056.565,-9.2%,22.21,,-15.8%,-41.5%,-44.1%,-52.0%
U,Extended,Internet,Information Technology,Software & Services,,Dec,Revenue,CY2025,,,,,,,,2005.625,,1812.538,-9.6%,1800.72,-0.7%,1768.607,-1.8%,1773.37,+0.3%,1805.821,+1.8%,1838.607,+1.8%,1840.655,+0.1%,21.99,,+4.1%,-50.2%,-51.7%,+30.0%
U,Extended,Internet,Information Technology,Software & Services,,Dec,Revenue,CY2026,,,,,,,,2266.813,,1977.294,-12.8%,1934.048,-2.2%,1944.385,+0.5%,1927.038,-0.9%,2008.815,+4.2%,2060.148,+2.6%,2106.222,+2.2%,21.99,,+8.3%,-50.2%,-51.7%,+30.0%
U,Extended,Internet,Information Technology,Software & Services,,Dec,Revenue,CY2027,,,,,,,,2458.25,,2267.25,-7.8%,2176.2,-4.0%,2397.438,+10.2%,2157.412,-10.0%,2257.05,+4.6%,2370.478,+5.0%,2380.192,+0.4%,21.99,,-0.7%,-50.2%,-51.7%,+30.0%
U,Extended,Internet,Information Technology,Software & Services,,Dec,Revenue,CY2028,,,,,,,,2684.25,,2439.25,-9.1%,2374.5,-2.7%,3210.333,+35.2%,2353.167,-26.7%,2433.4,+3.4%,2669.875,+9.7%,2716.563,+1.7%,21.99,,-15.4%,-50.2%,-51.7%,+30.0%
ARM,Extended,Technology,Information Technology,Semiconductors & Semiconductor,,Mar,Revenue,CY2025,,,,,,,,4908.438,,4939.368,+0.6%,4935.711,-0.1%,4925.757,-0.2%,4765.139,-3.3%,4766.541,+0.0%,4855.974,+1.9%,4898.854,+0.9%,148.77,,-0.5%,+36.1%,+28.8%,+69.6%
ARM,Extended,Technology,Information Technology,Semiconductors & Semiconductor,,Mar,Revenue,CY2026,,,,,,,,5882.789,,6067.16,+3.1%,6040.481,-0.4%,6008.767,-0.5%,5809.559,-3.3%,5844.474,+0.6%,5903.641,+1.0%,5947.837,+0.7%,148.77,,-1.0%,+36.1%,+28.8%,+69.6%
ARM,Extended,Technology,Information Technology,Semiconductors & Semiconductor,,Mar,Revenue,CY2027,,,,,,,,6680.125,,6881.0,+3.0%,6834.875,-0.7%,6921.2,+1.3%,6789.733,-1.9%,6875.571,+1.3%,7020.36,+2.1%,7443.912,+6.0%,148.77,,+7.6%,+36.1%,+28.8%,+69.6%
ARM,Extended,Technology,Information Technology,Semiconductors & Semiconductor,,Mar,Revenue,CY2028,,,,,,,,7860.429,,8166.0,+3.9%,8144.429,-0.3%,8063.0,-1.0%,8020.6,-0.5%,8290.143,+3.4%,8269.375,-0.3%,9489.385,+14.8%,148.77,,+17.7%,+36.1%,+28.8%,+69.6%
MRVL,Extended,Technology,Information Technology,Semiconductors & Semiconductor,,Jan,Revenue,CY2025,,,,,,,,7131.813,,7363.941,+3.3%,8060.919,+9.5%,8313.897,+3.1%,8237.842,-0.9%,8135.784,-1.2%,8179.083,+0.5%,8178.444,-0.0%,109.51,,-1.6%,+28.9%,+24.1%,+121.5%
MRVL,Extended,Technology,Information Technology,Semiconductors & Semiconductor,,Jan,Revenue,CY2026,,,,,,,,8689.0,,8896.647,+2.4%,9727.074,+9.3%,9989.395,+2.7%,9822.725,-1.7%,9426.395,-4.0%,9991.111,+6.0%,10861.683,+8.7%,109.51,,+8.7%,+28.9%,+24.1%,+121.5%
MRVL,Extended,Technology,Information Technology,Semiconductors & Semiconductor,,Jan,Revenue,CY2027,,,,,,,,10640.75,,11361.0,+6.8%,11779.143,+3.7%,11716.067,-0.5%,11379.059,-2.9%,10986.333,-3.5%,12745.412,+16.0%,14906.69,+17.0%,109.51,,+27.2%,+28.9%,+24.1%,+121.5%
MRVL,Extended,Technology,Information Technology,Semiconductors & Semiconductor,,Jan,Revenue,CY2028,,,,,,,,12335.5,,12414.5,+0.6%,14689.0,+18.3%,13351.0,-9.1%,12960.0,-2.9%,12981.5,+0.2%,16253.0,+25.2%,19132.75,+17.7%,109.51,,+43.3%,+28.9%,+24.1%,+121.5%
AMD,Extended,Technology,Information Technology,Semiconductors & Semiconductor,,Dec,Revenue,CY2025,,,,,,,,32710.106,,32875.531,+0.5%,32543.388,-1.0%,31831.063,-2.2%,31840.941,+0.0%,33134.694,+4.1%,34041.792,+2.7%,34078.737,+0.1%,220.18,,+7.1%,+2.8%,+2.7%,+156.7%
AMD,Extended,Technology,Information Technology,Semiconductors & Semiconductor,,Dec,Revenue,CY2026,,,,,,,,39096.043,,39492.4,+1.0%,39618.583,+0.3%,38297.854,-3.3%,37680.679,-1.6%,40116.786,+6.5%,44785.135,+11.6%,46920.824,+4.8%,220.18,,+22.5%,+2.8%,+2.7%,+156.7%
AMD,Extended,Technology,Information Technology,Semiconductors & Semiconductor,,Dec,Revenue,CY2027,,,,,,,,45904.667,,47874.9,+4.3%,48886.778,+2.1%,44529.0,-8.9%,42923.889,-3.6%,47368.281,+10.4%,62754.295,+32.5%,67324.2,+7.3%,220.18,,+51.2%,+2.8%,+2.7%,+156.7%
AMD,Extended,Technology,Information Technology,Semiconductors & Semiconductor,,Dec,Revenue,CY2028,,,,,,,,50707.667,,57084.667,+12.6%,58709.333,+2.8%,49152.0,-16.3%,45270.333,-7.9%,53330.8,+17.8%,82892.182,+55.4%,85395.333,+3.0%,220.18,,+73.7%,+2.8%,+2.7%,+156.7%
INTC,Extended,Technology,Information Technology,Semiconductors & Semiconductor,,Dec,Revenue,CY2025,,,,,,,,62732.051,,56411.45,-10.1%,55868.775,-1.0%,53471.821,-4.3%,50516.833,-5.5%,52069.854,+3.1%,52571.068,+1.0%,52601.63,+0.1%,50.78,,-1.6%,+37.6%,+26.8%,+155.8%
INTC,Extended,Technology,Information Technology,Semiconductors & Semiconductor,,Dec,Revenue,CY2026,,,,,,,,70844.5,,60686.607,-14.3%,59867.656,-1.3%,57625.25,-3.7%,53351.548,-7.4%,53803.636,+0.8%,53995.227,+0.4%,53974.0,-0.0%,50.78,,-6.3%,+37.6%,+26.8%,+155.8%
INTC,Extended,Technology,Information Technology,Semiconductors & Semiconductor,,Dec,Revenue,CY2027,,,,,,,,73402.0,,63452.0,-13.6%,62323.111,-1.8%,60100.471,-3.6%,57009.857,-5.1%,56249.0,-1.3%,56769.394,+0.9%,58001.348,+2.2%,50.78,,-3.5%,+37.6%,+26.8%,+155.8%
INTC,Extended,Technology,Information Technology,Semiconductors & Semiconductor,,Dec,Revenue,CY2028,,,,,,,,87252.0,,72770.0,-16.6%,70232.5,-3.5%,58458.0,-16.8%,59036.5,+1.0%,63293.0,+7.2%,64495.5,+1.9%,62105.118,-3.7%,50.78,,+6.2%,+37.6%,+26.8%,+155.8%
TXN,Extended,Technology,Information Technology,Semiconductors & Semiconductor,,Dec,Revenue,CY2025,,,,,,,,17945.25,,17992.882,+0.3%,17160.212,-4.6%,17127.091,-0.2%,17302.472,+1.0%,17615.75,+1.8%,17680.455,+0.4%,17687.114,+0.0%,199.42,,+3.3%,+14.9%,+3.8%,+31.7%
TXN,Extended,Technology,Information Technology,Semiconductors & Semiconductor,,Dec,Revenue,CY2026,,,,,,,,19974.158,,20239.792,+1.3%,18925.0,-6.5%,18935.938,+0.1%,19006.154,+0.4%,19520.459,+2.7%,19089.571,-2.2%,19529.892,+2.3%,199.42,,+3.1%,+14.9%,+3.8%,+31.7%
TXN,Extended,Technology,Information Technology,Semiconductors & Semiconductor,,Dec,Revenue,CY2027,,,,,,,,22711.75,,22731.0,+0.1%,22212.0,-2.3%,21432.053,-3.5%,20870.0,-2.6%,21365.19,+2.4%,21088.828,-1.3%,21596.694,+2.4%,199.42,,+0.8%,+14.9%,+3.8%,+31.7%
TXN,Extended,Technology,Information Technology,Semiconductors & Semiconductor,,Dec,Revenue,CY2028,,,,,,,,23886.4,,24445.667,+2.3%,24225.167,-0.9%,24350.667,+0.5%,23954.167,-1.6%,23705.0,-1.0%,24089.286,+1.6%,24375.765,+1.2%,199.42,,+0.1%,+14.9%,+3.8%,+31.7%
ADI,Extended,Technology,Information Technology,Semiconductors & Semiconductor,,Oct,Revenue,CY2025,,,,,,,,10637.808,,10360.231,-2.6%,10097.815,-2.5%,10331.179,+2.3%,10622.577,+2.8%,10955.733,+3.1%,10957.516,+0.0%,,,327.36,,+8.5%,+20.7%,+11.7%,+98.9%
ADI,Extended,Technology,Information Technology,Semiconductors & Semiconductor,,Oct,Revenue,CY2026,,,,,,,,12045.455,,11601.5,-3.7%,11481.696,-1.0%,11662.037,+1.6%,11756.759,+0.8%,12405.4,+5.5%,13016.903,+4.9%,14013.793,+7.7%,327.36,,+20.2%,+20.7%,+11.7%,+98.9%
ADI,Extended,Technology,Information Technology,Semiconductors & Semiconductor,,Oct,Revenue,CY2027,,,,,,,,12692.0,,12680.5,-0.1%,12615.091,-0.5%,12661.455,+0.4%,12909.455,+2.0%,13522.0,+4.7%,14127.115,+4.5%,15423.483,+9.2%,327.36,,+21.8%,+20.7%,+11.7%,+98.9%
ADI,Extended,Technology,Information Technology,Semiconductors & Semiconductor,,Oct,Revenue,CY2028,,,,,,,,15106.0,,14812.0,-1.9%,14222.0,-4.0%,14275.667,+0.4%,14326.25,+0.4%,14560.4,+1.6%,15641.167,+7.4%,15870.846,+1.5%,327.36,,+11.2%,+20.7%,+11.7%,+98.9%
005930,Extended,Technology,Information Technology,Technology Hardware & Equipmen,,Dec,Revenue,CY2025,,,,,,,,351148002.902,,345678636.5,-1.6%,326212597.775,-5.6%,320254956.744,-1.8%,321289641.615,+0.3%,318730993.8,-0.8%,329031280.462,+3.2%,331545634.105,+0.8%,203500.0,,+3.5%,+69.0%,+43.8%,+282.5%
005930,Extended,Technology,Information Technology,Technology Hardware & Equipmen,,Dec,Revenue,CY2026,,,,,,,,372272257.968,,352844646.771,-5.2%,345563078.788,-2.1%,341165045.513,-1.3%,340312046.051,-0.3%,348543322.425,+2.4%,403523818.154,+15.8%,523925346.25,+29.8%,203500.0,,+53.6%,+69.0%,+43.8%,+282.5%
005930,Extended,Technology,Information Technology,Technology Hardware & Equipmen,,Dec,Revenue,CY2027,,,,,,,,333458339.0,,335048708.6,+0.5%,356769281.2,+6.5%,353654251.933,-0.9%,359280853.207,+1.6%,370769701.941,+3.2%,436043965.485,+17.6%,610032573.568,+39.9%,203500.0,,+72.5%,+69.0%,+43.8%,+282.5%
005930,Extended,Technology,Information Technology,Technology Hardware & Equipmen,,Dec,Revenue,CY2028,,,,,,,,331436135.667,,319277335.75,-3.7%,325192290.75,+1.9%,353507369.0,+8.7%,344052971.0,-2.7%,366837947.8,+6.6%,436842476.4,+19.1%,653200875.188,+49.5%,203500.0,,+84.8%,+69.0%,+43.8%,+282.5%
000660,Extended,Technology,Information Technology,Semiconductors & Semiconductor,,Dec,Revenue,CY2025,,,,,,,,87669775.463,,88738890.927,+1.2%,84986289.0,-4.2%,84181408.289,-0.9%,86194110.35,+2.4%,88969881.071,+3.2%,93721341.35,+5.3%,95644767.921,+2.1%,917000.0,,+13.6%,+40.6%,+23.8%,+456.4%
000660,Extended,Technology,Information Technology,Semiconductors & Semiconductor,,Dec,Revenue,CY2026,,,,,,,,95540924.767,,96318240.613,+0.8%,94620180.235,-1.8%,99339931.132,+5.0%,100373008.95,+1.0%,108381360.585,+8.0%,145315232.4,+34.1%,239253969.488,+64.6%,917000.0,,+140.8%,+40.6%,+23.8%,+456.4%
000660,Extended,Technology,Information Technology,Semiconductors & Semiconductor,,Dec,Revenue,CY2027,,,,,,,,77494176.5,,76994176.5,-0.6%,76309479.333,-0.9%,105451460.0,+38.2%,115256177.233,+9.3%,121719507.364,+5.6%,171661258.059,+41.0%,302173401.275,+76.0%,917000.0,,+186.6%,+40.6%,+23.8%,+456.4%
000660,Extended,Technology,Information Technology,Semiconductors & Semiconductor,,Dec,Revenue,CY2028,,,,,,,,67364908.0,,66414908.0,-1.4%,73531741.0,+10.7%,80888267.75,+10.0%,237074978.0,+193.1%,231794478.0,-2.2%,220569971.0,-4.8%,347651549.786,+57.6%,917000.0,,+329.8%,+40.6%,+23.8%,+456.4%
INTU,Extended,Software,Information Technology,Software & Services,,Jul,Revenue,CY2025,,,,,,,,18164.28,,18264.76,+0.6%,18279.259,+0.1%,18354.13,+0.4%,18749.607,+2.2%,18749.655,+0.0%,,,,,417.36,,+2.7%,-37.0%,-35.5%,-25.7%
INTU,Extended,Software,Information Technology,Software & Services,,Jul,Revenue,CY2026,,,,,,,,20438.588,,20499.308,+0.3%,20525.481,+0.1%,20621.519,+0.5%,21117.222,+2.4%,21120.37,+0.0%,21203.357,+0.4%,21243.621,+0.2%,417.36,,+3.0%,-37.0%,-35.5%,-25.7%
INTU,Extended,Software,Information Technology,Software & Services,,Jul,Revenue,CY2027,,,,,,,,23072.5,,23024.0,-0.2%,23060.071,+0.2%,23141.667,+0.4%,23782.0,+2.8%,23789.556,+0.0%,23839.607,+0.2%,23866.931,+0.1%,417.36,,+3.1%,-37.0%,-35.5%,-25.7%
INTU,Extended,Software,Information Technology,Software & Services,,Jul,Revenue,CY2028,,,,,,,,25840.5,,25035.5,-3.1%,26211.0,+4.7%,26109.5,-0.4%,27245.571,+4.4%,26948.0,-1.1%,26924.824,-0.1%,26683.048,-0.9%,417.36,,+2.2%,-37.0%,-35.5%,-25.7%
DDOG,Extended,Software,Information Technology,Software & Services,,Dec,Revenue,CY2025,,,,,,,,3216.051,,3224.341,+0.3%,3243.558,+0.6%,3192.415,-1.6%,3234.579,+1.3%,3320.543,+2.7%,3389.7,+2.1%,3390.395,+0.0%,116.5,,+6.2%,-14.3%,-15.0%,+32.5%
DDOG,Extended,Software,Information Technology,Software & Services,,Dec,Revenue,CY2026,,,,,,,,4092.944,,4003.962,-2.2%,3985.559,-0.5%,3848.727,-3.4%,3862.659,+0.4%,3985.25,+3.2%,4102.545,+2.9%,4089.667,-0.3%,116.5,,+6.3%,-14.3%,-15.0%,+32.5%
DDOG,Extended,Software,Information Technology,Software & Services,,Dec,Revenue,CY2027,,,,,,,,4993.571,,4990.429,-0.1%,4892.75,-2.0%,4712.857,-3.7%,4715.636,+0.1%,4826.815,+2.4%,4976.167,+3.1%,4927.13,-1.0%,116.5,,+4.5%,-14.3%,-15.0%,+32.5%
DDOG,Extended,Software,Information Technology,Software & Services,,Dec,Revenue,CY2028,,,,,,,,5964.5,,6013.333,+0.8%,5869.571,-2.4%,5539.0,-5.6%,5554.857,+0.3%,5771.286,+3.9%,5943.778,+3.0%,5907.111,-0.6%,116.5,,+6.6%,-14.3%,-15.0%,+32.5%
BAC,Extended,Banks,Financials,Banks,,Dec,Revenue,CY2025,,,,,,,,105529.938,,106629.667,+1.0%,107396.583,+0.7%,108738.467,+1.2%,108378.167,-0.3%,108683.737,+0.3%,109692.158,+0.9%,110692.65,+0.9%,50.06,,+1.8%,-9.0%,-12.6%,+45.6%
BAC,Extended,Banks,Financials,Banks,,Dec,Revenue,CY2026,,,,,,,,109620.889,,112022.857,+2.2%,113182.636,+1.0%,115199.214,+1.8%,114328.882,-0.8%,115046.842,+0.6%,116623.5,+1.4%,120106.4,+3.0%,50.06,,+4.3%,-9.0%,-12.6%,+45.6%
BAC,Extended,Banks,Financials,Banks,,Dec,Revenue,CY2027,,,,,,,,108334.5,,104000.0,-4.0%,116107.0,+11.6%,119117.0,+2.6%,118705.0,-0.3%,120696.364,+1.7%,122496.278,+1.5%,126551.4,+3.3%,50.06,,+6.2%,-9.0%,-12.6%,+45.6%
BAC,Extended,Banks,Financials,Banks,,Dec,Revenue,CY2028,,,,,,,,111900.5,,106881.0,-4.5%,,,,,118171.0,+10.6%,123832.0,+4.8%,127271.5,+2.8%,132624.222,+4.2%,50.06,,,-9.0%,-12.6%,+45.6%
WFC,Extended,Banks,Financials,Banks,,Dec,Revenue,CY2025,,,,,,,,82621.25,,82922.429,+0.4%,83509.048,+0.7%,84812.955,+1.6%,83291.217,-1.8%,83264.739,-0.0%,84056.864,+1.0%,84048.739,-0.0%,81.85,,-0.9%,-12.2%,-15.1%,+34.2%
WFC,Extended,Banks,Financials,Banks,,Dec,Revenue,CY2026,,,,,,,,85479.083,,85479.846,+0.0%,86632.316,+1.3%,88706.476,+2.4%,87200.261,-1.7%,87089.478,-0.1%,88516.727,+1.6%,88127.435,-0.4%,81.85,,-0.7%,-12.2%,-15.1%,+34.2%
WFC,Extended,Banks,Financials,Banks,,Dec,Revenue,CY2027,,,,,,,,94358.0,,87110.667,-7.7%,86643.667,-0.5%,92253.444,+6.5%,91014.182,-1.3%,91192.0,+0.2%,92391.053,+1.3%,92253.087,-0.1%,81.85,,-0.0%,-12.2%,-15.1%,+34.2%
WFC,Extended,Banks,Financials,Banks,,Dec,Revenue,CY2028,,,,,,,,89151.5,,85984.0,-3.6%,84496.0,-1.7%,93173.0,+10.3%,95133.0,+2.1%,95236.0,+0.1%,97655.0,+2.5%,97096.625,-0.6%,81.85,,+4.2%,-12.2%,-15.1%,+34.2%
GS,Extended,Banks,Financials,Financial Services,,Dec,Revenue,CY2025,,,,,,,,52512.773,,53536.476,+1.9%,55063.5,+2.9%,56549.957,+2.7%,55220.682,-2.4%,57059.773,+3.3%,59053.043,+3.5%,58336.087,-1.2%,866.05,,+3.2%,-1.5%,-9.4%,+83.9%
GS,Extended,Banks,Financials,Financial Services,,Dec,Revenue,CY2026,,,,,,,,54505.692,,55425.143,+1.7%,57660.9,+4.0%,59233.348,+2.7%,57059.682,-3.7%,59793.364,+4.8%,61990.13,+3.7%,63698.087,+2.8%,866.05,,+7.5%,-1.5%,-9.4%,+83.9%
GS,Extended,Banks,Financials,Financial Services,,Dec,Revenue,CY2027,,,,,,,,54358.0,,55814.0,+2.7%,57438.0,+2.9%,61115.833,+6.4%,58184.083,-4.8%,61627.417,+5.9%,64520.1,+4.7%,66377.304,+2.9%,866.05,,+8.6%,-1.5%,-9.4%,+83.9%
GS,Extended,Banks,Financials,Financial Services,,Dec,Revenue,CY2028,,,,,,,,62013.0,,58400.5,-5.8%,55645.0,-4.7%,62630.5,+12.6%,59028.0,-5.8%,62276.5,+5.5%,65782.429,+5.6%,67623.333,+2.8%,866.05,,+8.0%,-1.5%,-9.4%,+83.9%
MS,Extended,Banks,Financials,Financial Services,,Dec,Revenue,CY2025,,,,,,,,60753.636,,61572.6,+1.3%,63942.739,+3.8%,65640.565,+2.7%,65579.273,-0.1%,67285.273,+2.6%,70289.5,+4.5%,70344.273,+0.1%,166.55,,+7.2%,-6.2%,-11.3%,+66.8%
MS,Extended,Banks,Financials,Financial Services,,Dec,Revenue,CY2026,,,,,,,,63722.615,,64241.231,+0.8%,67711.4,+5.4%,69324.304,+2.4%,68327.591,-1.4%,70685.318,+3.5%,74467.455,+5.4%,76345.455,+2.5%,166.55,,+10.1%,-6.2%,-11.3%,+66.8%
MS,Extended,Banks,Financials,Financial Services,,Dec,Revenue,CY2027,,,,,,,,63678.667,,64469.0,+1.2%,68733.6,+6.6%,71662.083,+4.3%,70620.583,-1.5%,74158.333,+5.0%,78403.65,+5.7%,80519.136,+2.7%,166.55,,+12.4%,-6.2%,-11.3%,+66.8%
MS,Extended,Banks,Financials,Financial Services,,Dec,Revenue,CY2028,,,,,,,,67107.0,,65650.0,-2.2%,68522.0,+4.4%,73092.5,+6.7%,73125.0,+0.0%,78158.5,+6.9%,81888.857,+4.8%,84587.769,+3.3%,166.55,,+15.7%,-6.2%,-11.3%,+66.8%
C,Extended,Banks,Financials,Banks,,Dec,Revenue,CY2025,,,,,,,,82312.941,,82356.071,+0.1%,82993.667,+0.8%,83787.167,+1.0%,83744.412,-0.1%,84728.0,+1.2%,86095.684,+1.6%,85704.947,-0.5%,117.36,,+2.3%,+0.6%,-4.2%,+101.9%
C,Extended,Banks,Financials,Banks,,Dec,Revenue,CY2026,,,,,,,,84943.0,,84617.0,-0.4%,85779.571,+1.4%,87029.875,+1.5%,86219.235,-0.9%,87172.368,+1.1%,89004.579,+2.1%,91151.048,+2.4%,117.36,,+4.7%,+0.6%,-4.2%,+101.9%
C,Extended,Banks,Financials,Banks,,Dec,Revenue,CY2027,,,,,,,,83426.0,,81661.0,-2.1%,85158.5,+4.3%,88480.167,+3.9%,88194.625,-0.3%,89991.0,+2.0%,91968.353,+2.2%,94606.238,+2.9%,117.36,,+6.9%,+0.6%,-4.2%,+101.9%
C,Extended,Banks,Financials,Banks,,Dec,Revenue,CY2028,,,,,,,,85467.5,,83727.0,-2.0%,83727.0,+0.0%,84343.0,+0.7%,84343.0,+0.0%,88022.0,+4.4%,92713.5,+5.3%,97926.0,+5.6%,117.36,,+16.1%,+0.6%,-4.2%,+101.9%
CB,Extended,Insurance and reinsurance,Financials,Insurance,,Dec,Revenue,CY2025,,,,,,,,59485.889,,60475.125,+1.7%,59610.556,-1.4%,60327.75,+1.2%,59325.714,-1.7%,59216.714,-0.2%,59688.167,+0.8%,59647.286,-0.1%,326.9,,-1.1%,+4.7%,+5.7%,+16.5%
CB,Extended,Insurance and reinsurance,Financials,Insurance,,Dec,Revenue,CY2026,,,,,,,,61688.286,,62967.167,+2.1%,62682.875,-0.5%,63897.625,+1.9%,63528.857,-0.6%,63423.143,-0.2%,64243.0,+1.3%,63967.0,-0.4%,326.9,,+0.1%,+4.7%,+5.7%,+16.5%
CB,Extended,Insurance and reinsurance,Financials,Insurance,,Dec,Revenue,CY2027,,,,,,,,63145.0,,63145.0,+0.0%,63145.0,+0.0%,67446.6,+6.8%,67225.0,-0.3%,67309.5,+0.1%,68154.167,+1.3%,67629.5,-0.8%,326.9,,+0.3%,+4.7%,+5.7%,+16.5%
CB,Extended,Insurance and reinsurance,Financials,Insurance,,Dec,Revenue,CY2028,,,,,,,,65551.0,,65551.0,+0.0%,65551.0,+0.0%,68906.0,+5.1%,,,,,,,71109.4,+3.2%,326.9,,+3.2%,+4.7%,+5.7%,+16.5%
ALL,Extended,Insurance and reinsurance,Financials,Insurance,,Dec,Revenue,CY2025,,,,,,,,67197.0,,67628.625,+0.6%,67132.25,-0.7%,66474.25,-1.0%,66633.444,+0.2%,66021.2,-0.9%,67777.125,+2.7%,67813.222,+0.1%,208.36,,+2.0%,+0.1%,+0.2%,+11.7%
ALL,Extended,Insurance and reinsurance,Financials,Insurance,,Dec,Revenue,CY2026,,,,,,,,70227.6,,72441.857,+3.2%,71971.0,-0.6%,71106.25,-1.2%,71953.0,+1.2%,70417.7,-2.1%,71377.0,+1.4%,71067.875,-0.4%,208.36,,-0.1%,+0.1%,+0.2%,+11.7%
ALL,Extended,Insurance and reinsurance,Financials,Insurance,,Dec,Revenue,CY2027,,,,,,,,66630.0,,66759.0,+0.2%,66759.0,+0.0%,77314.8,+15.8%,76409.143,-1.2%,75456.0,-1.2%,75326.25,-0.2%,74751.375,-0.8%,208.36,,-3.3%,+0.1%,+0.2%,+11.7%
ALL,Extended,Insurance and reinsurance,Financials,Insurance,,Dec,Revenue,CY2028,,,,,,,,67584.0,,67797.0,+0.3%,67797.0,+0.0%,76298.0,+12.5%,76298.0,+0.0%,76298.0,+0.0%,77245.5,+1.2%,78198.0,+1.2%,208.36,,+2.5%,+0.1%,+0.2%,+11.7%
TRV,Extended,Insurance and reinsurance,Financials,Insurance,,Dec,Revenue,CY2025,,,,,,,,49584.105,,49507.85,-0.2%,49589.842,+0.2%,49685.875,+0.2%,49071.059,-1.2%,48836.762,-0.5%,48776.5,-0.1%,48813.158,+0.1%,295.55,,-1.8%,+1.9%,+3.6%,+22.0%
TRV,Extended,Insurance and reinsurance,Financials,Insurance,,Dec,Revenue,CY2026,,,,,,,,51540.556,,51831.538,+0.6%,52576.389,+1.4%,52974.0,+0.8%,52261.444,-1.3%,51271.381,-1.9%,50316.3,-1.9%,49954.619,-0.7%,295.55,,-5.7%,+1.9%,+3.6%,+22.0%
TRV,Extended,Insurance and reinsurance,Financials,Insurance,,Dec,Revenue,CY2027,,,,,,,,52643.333,,52674.5,+0.1%,52853.5,+0.3%,55411.125,+4.8%,55062.333,-0.6%,53382.357,-3.1%,52054.353,-2.5%,51347.25,-1.4%,295.55,,-7.3%,+1.9%,+3.6%,+22.0%
TRV,Extended,Insurance and reinsurance,Financials,Insurance,,Dec,Revenue,CY2028,,,,,,,,54737.333,,52306.0,-4.4%,55185.5,+5.5%,56741.333,+2.8%,56957.5,+0.4%,55400.333,-2.7%,52791.333,-4.7%,52866.0,+0.1%,295.55,,-6.8%,+1.9%,+3.6%,+22.0%
AIG,Extended,Insurance and reinsurance,Financials,Insurance,,Dec,Revenue,CY2025,,,,,,,,39590.5,,28126.833,-29.0%,27442.444,-2.4%,27797.8,+1.3%,27295.091,-1.8%,27180.364,-0.4%,27480.909,+1.1%,27551.5,+0.3%,76.42,,-0.9%,-10.7%,-2.1%,-3.2%
AIG,Extended,Insurance and reinsurance,Financials,Insurance,,Dec,Revenue,CY2026,,,,,,,,44437.833,,34513.8,-22.3%,28609.375,-17.1%,28797.091,+0.7%,28754.636,-0.1%,28091.917,-2.3%,28669.818,+2.1%,28803.923,+0.5%,76.42,,+0.0%,-10.7%,-2.1%,-3.2%
AIG,Extended,Insurance and reinsurance,Financials,Insurance,,Dec,Revenue,CY2027,,,,,,,,43645.0,,56501.0,+29.5%,56501.0,+0.0%,30217.111,-46.5%,30722.5,+1.7%,29379.0,-4.4%,30573.545,+4.1%,30837.917,+0.9%,76.42,,+2.1%,-10.7%,-2.1%,-3.2%
AIG,Extended,Insurance and reinsurance,Financials,Insurance,,Dec,Revenue,CY2028,,,,,,,,44156.0,,56700.0,+28.4%,56700.0,+0.0%,32411.0,-42.8%,32411.0,+0.0%,32411.0,+0.0%,32411.0,+0.0%,32307.833,-0.3%,76.42,,-0.3%,-10.7%,-2.1%,-3.2%
ACGL,Extended,Insurance and reinsurance,Financials,Insurance,,Dec,Revenue,CY2025,,,,,,,,18158.2,,18182.909,+0.1%,18735.231,+3.0%,18782.167,+0.3%,18622.909,-0.8%,19099.417,+2.6%,19670.818,+3.0%,19606.538,-0.3%,96.79,,+4.4%,+0.9%,+3.1%,+10.2%
ACGL,Extended,Insurance and reinsurance,Financials,Insurance,,Dec,Revenue,CY2026,,,,,,,,19376.2,,19795.0,+2.2%,20198.909,+2.0%,20052.5,-0.7%,19793.636,-1.3%,19965.25,+0.9%,19403.769,-2.8%,19107.0,-1.5%,96.79,,-4.7%,+0.9%,+3.1%,+10.2%
ACGL,Extended,Insurance and reinsurance,Financials,Insurance,,Dec,Revenue,CY2027,,,,,,,,,,,,,,21474.0,,21293.571,-0.8%,21225.273,-0.3%,20283.25,-4.4%,19368.077,-4.5%,96.79,,-9.8%,+0.9%,+3.1%,+10.2%
ACGL,Extended,Insurance and reinsurance,Financials,Insurance,,Dec,Revenue,CY2028,,,,,,,,,,,,,,,,,,,,21235.0,,20055.375,-5.6%,96.79,,,+0.9%,+3.1%,+10.2%
KMX,Extended,Autos,Consumer Discretionary,Consumer Discretionary Distrib,,Feb,Revenue,CY2025,,,,,,,,26900.056,,26840.389,-0.2%,27120.412,+1.0%,27436.5,+1.2%,27225.588,-0.8%,26305.778,-3.4%,25565.267,-2.8%,25600.25,+0.1%,42.61,,-6.7%,+10.3%,+4.1%,-43.7%
KMX,Extended,Autos,Consumer Discretionary,Consumer Discretionary Distrib,,Feb,Revenue,CY2026,,,,,,,,29008.7,,28559.167,-1.5%,28652.286,+0.3%,29019.727,+1.3%,28480.471,-1.9%,27167.722,-4.6%,25680.071,-5.5%,25761.375,+0.3%,42.61,,-11.2%,+10.3%,+4.1%,-43.7%
KMX,Extended,Autos,Consumer Discretionary,Consumer Discretionary Distrib,,Feb,Revenue,CY2027,,,,,,,,31173.0,,30591.5,-1.9%,31571.5,+3.2%,31540.5,-0.1%,29632.875,-6.0%,28553.875,-3.6%,26002.25,-8.9%,26175.182,+0.7%,42.61,,-17.0%,+10.3%,+4.1%,-43.7%
KMX,Extended,Autos,Consumer Discretionary,Consumer Discretionary Distrib,,Feb,Revenue,CY2028,,,,,,,,32711.5,,32109.5,-1.8%,31789.0,-1.0%,,,30623.0,-3.7%,30815.0,+0.6%,26817.6,-13.0%,26906.6,+0.3%,42.61,,,+10.3%,+4.1%,-43.7%
AN,Extended,Autos,Consumer Discretionary,Consumer Discretionary Distrib,,Dec,Revenue,CY2025,,,,,,,,27743.75,,27411.769,-1.2%,26775.462,-2.3%,27076.083,+1.1%,27147.769,+0.3%,27471.667,+1.2%,27833.364,+1.3%,27863.636,+0.1%,196.82,,+2.9%,-4.7%,-7.1%,+24.1%
AN,Extended,Autos,Consumer Discretionary,Consumer Discretionary Distrib,,Dec,Revenue,CY2026,,,,,,,,29030.6,,28411.143,-2.1%,27623.143,-2.8%,27818.833,+0.7%,27823.385,+0.0%,28118.333,+1.1%,28513.25,+1.4%,28030.538,-1.7%,196.82,,+0.8%,-4.7%,-7.1%,+24.1%
AN,Extended,Autos,Consumer Discretionary,Consumer Discretionary Distrib,,Dec,Revenue,CY2027,,,,,,,,31555.0,,29450.5,-6.7%,30613.0,+3.9%,29337.25,-4.2%,28921.2,-1.4%,28982.167,+0.2%,29420.571,+1.5%,28822.75,-2.0%,196.82,,-1.8%,-4.7%,-7.1%,+24.1%
AN,Extended,Autos,Consumer Discretionary,Consumer Discretionary Distrib,,Dec,Revenue,CY2028,,,,,,,,32869.667,,29846.5,-9.2%,31934.0,+7.0%,31199.0,-2.3%,30523.0,-2.2%,30731.667,+0.7%,30652.75,-0.3%,30549.833,-0.3%,196.82,,-2.1%,-4.7%,-7.1%,+24.1%
GPI,Extended,Autos,Consumer Discretionary,Consumer Discretionary Distrib,,Dec,Revenue,CY2025,,,,,,,,21268.875,,21580.0,+1.5%,21804.9,+1.0%,22082.667,+1.3%,22265.273,+0.8%,22519.7,+1.1%,22678.667,+0.7%,22609.5,-0.3%,327.0,,+2.4%,-16.9%,-18.0%,-14.4%
GPI,Extended,Autos,Consumer Discretionary,Consumer Discretionary Distrib,,Dec,Revenue,CY2026,,,,,,,,22942.667,,22501.8,-1.9%,22718.833,+1.0%,22822.778,+0.5%,23037.818,+0.9%,23344.7,+1.3%,23539.778,+0.8%,23093.0,-1.9%,327.0,,+1.2%,-16.9%,-18.0%,-14.4%
GPI,Extended,Autos,Consumer Discretionary,Consumer Discretionary Distrib,,Dec,Revenue,CY2027,,,,,,,,20803.5,,23648.0,+13.7%,23690.0,+0.2%,23506.5,-0.8%,23924.667,+1.8%,24064.25,+0.6%,24276.5,+0.9%,23861.636,-1.7%,327.0,,+1.5%,-16.9%,-18.0%,-14.4%
GPI,Extended,Autos,Consumer Discretionary,Consumer Discretionary Distrib,,Dec,Revenue,CY2028,,,,,,,,23915.0,,24250.0,+1.4%,24356.0,+0.4%,25358.0,+4.1%,25635.0,+1.1%,25635.0,+0.0%,25980.0,+1.3%,25008.25,-3.7%,327.0,,-1.4%,-16.9%,-18.0%,-14.4%
SAH,Extended,Autos,Consumer Discretionary,Consumer Discretionary Distrib,,Dec,Revenue,CY2025,,,,,,,,14898.286,,14614.0,-1.9%,14432.778,-1.2%,14572.0,+1.0%,14723.6,+1.0%,14766.0,+0.3%,15201.1,+2.9%,15179.6,-0.1%,63.31,,+4.2%,+2.3%,-0.2%,+12.7%
SAH,Extended,Autos,Consumer Discretionary,Consumer Discretionary Distrib,,Dec,Revenue,CY2026,,,,,,,,16238.0,,15558.0,-4.2%,15242.2,-2.0%,15203.667,-0.3%,15231.1,+0.2%,15298.222,+0.4%,15709.8,+2.7%,15715.909,+0.0%,63.31,,+3.4%,+2.3%,-0.2%,+12.7%
SAH,Extended,Autos,Consumer Discretionary,Consumer Discretionary Distrib,,Dec,Revenue,CY2027,,,,,,,,19044.0,,18235.0,-4.2%,17338.5,-4.9%,16804.0,-3.1%,16576.667,-1.4%,16303.25,-1.6%,16408.8,+0.6%,16366.273,-0.3%,63.31,,-2.6%,+2.3%,-0.2%,+12.7%
SAH,Extended,Autos,Consumer Discretionary,Consumer Discretionary Distrib,,Dec,Revenue,CY2028,,,,,,,,20379.0,,19811.5,-2.8%,18521.0,-6.5%,18450.5,-0.4%,18475.5,+0.1%,18480.5,+0.0%,17728.333,-4.1%,17371.0,-2.0%,63.31,,-5.9%,+2.3%,-0.2%,+12.7%
CPRT,Extended,Autos,Industrials,Commercial & Professional Serv,,Jul,Revenue,CY2025,,,,,,,,4674.444,,4590.333,-1.8%,4710.125,+2.6%,4700.1,-0.2%,4681.889,-0.4%,4670.5,-0.2%,,,,,32.84,,+1.7%,-16.1%,-15.7%,-39.8%
CPRT,Extended,Autos,Industrials,Commercial & Professional Serv,,Jul,Revenue,CY2026,,,,,,,,5143.5,,4998.889,-2.8%,5150.625,+3.0%,5153.444,+0.1%,5084.444,-1.3%,4941.0,-2.8%,4775.111,-3.4%,4607.3,-3.5%,32.84,,-10.6%,-16.1%,-15.7%,-39.8%
CPRT,Extended,Autos,Industrials,Commercial & Professional Serv,,Jul,Revenue,CY2027,,,,,,,,5969.0,,5693.5,-4.6%,5838.333,+2.5%,5834.667,-0.1%,5614.4,-3.8%,5332.1,-5.0%,5096.444,-4.4%,4823.7,-5.4%,32.84,,-17.3%,-16.1%,-15.7%,-39.8%
CPRT,Extended,Autos,Industrials,Commercial & Professional Serv,,Jul,Revenue,CY2028,,,,,,,,6469.0,,6469.0,+0.0%,6989.0,+8.0%,6786.0,-2.9%,6786.0,+0.0%,6387.333,-5.9%,5866.667,-8.2%,5262.333,-10.3%,32.84,,-22.5%,-16.1%,-15.7%,-39.8%
GFS,Extended,Technology,Information Technology,Semiconductors & Semiconductor,,Dec,Revenue,CY2025,,,,,,,,7611.667,,7623.059,+0.1%,7326.842,-3.9%,6996.056,-4.5%,6900.444,-1.4%,6751.0,-2.2%,6763.95,+0.2%,6764.45,+0.0%,43.61,,-3.3%,+24.9%,+10.7%,+38.3%
GFS,Extended,Technology,Information Technology,Semiconductors & Semiconductor,,Dec,Revenue,CY2026,,,,,,,,8613.222,,8595.6,-0.2%,8131.867,-5.4%,7871.438,-3.2%,7552.556,-4.1%,7294.1,-3.4%,7167.35,-1.7%,7234.1,+0.9%,43.61,,-8.1%,+24.9%,+10.7%,+38.3%
GFS,Extended,Technology,Information Technology,Semiconductors & Semiconductor,,Dec,Revenue,CY2027,,,,,,,,9585.333,,9677.5,+1.0%,9191.75,-5.0%,8551.375,-7.0%,8206.727,-4.0%,7988.455,-2.7%,7795.118,-2.4%,7945.579,+1.9%,43.61,,-7.1%,+24.9%,+10.7%,+38.3%
GFS,Extended,Technology,Information Technology,Semiconductors & Semiconductor,,Dec,Revenue,CY2028,,,,,,,,10304.0,,10498.333,+1.9%,9974.0,-5.0%,9484.333,-4.9%,9364.333,-1.3%,8936.0,-4.6%,8577.25,-4.0%,8750.5,+2.0%,43.61,,-7.7%,+24.9%,+10.7%,+38.3%
2454,Extended,Technology,Information Technology,Semiconductors & Semiconductor,,Dec,Revenue,CY2025,,,,,,,,597687.0,,591935.923,-1.0%,597287.643,+0.9%,610771.643,+2.3%,606442.069,-0.7%,582165.276,-4.0%,591894.643,+1.7%,593911.133,+0.3%,1465.0,,-2.8%,+2.4%,-1.7%,+13.1%
2454,Extended,Technology,Information Technology,Semiconductors & Semiconductor,,Dec,Revenue,CY2026,,,,,,,,701355.182,,694374.857,-1.0%,693272.789,-0.2%,716154.696,+3.3%,695120.32,-2.9%,654842.724,-5.8%,653421.107,-0.2%,637832.172,-2.4%,1465.0,,-10.9%,+2.4%,-1.7%,+13.1%
2454,Extended,Technology,Information Technology,Semiconductors & Semiconductor,,Dec,Revenue,CY2027,,,,,,,,707038.0,,682872.5,-3.4%,725877.333,+6.3%,782694.111,+7.8%,813106.643,+3.9%,785786.286,-3.4%,795128.571,+1.2%,868515.808,+9.2%,1465.0,,+11.0%,+2.4%,-1.7%,+13.1%
2454,Extended,Technology,Information Technology,Semiconductors & Semiconductor,,Dec,Revenue,CY2028,,,,,,,,808927.0,,808927.0,+0.0%,876175.0,+8.3%,892442.5,+1.9%,889851.667,-0.3%,882531.0,-0.8%,875136.5,-0.8%,986377.429,+12.7%,1465.0,,+10.5%,+2.4%,-1.7%,+13.1%
